t_mono,position1,position2,position3,position4,position5,position6,position7,speed1,speed2,speed3,speed4,speed5,speed6,speed7,current1,current2,current3,current4,current5,current6,current7,voltage1,voltage2,voltage3,voltage4,voltage5,voltage6,voltage7,temperature1,temperature2,temperature3,temperature4,temperature5,temperature6,temperature7,en1,en2,en3,en4,en5,en6,en7,err1,err2,err3,err4,err5,err6,err7,lift_height,lift_pos,lift_current,lift_err,lift_en,tcp_x,tcp_y,tcp_z,tcp_rx,tcp_ry,tcp_rz,arm_status
0.273055,5.758000,-74.445999,-34.098000,110.836998,3.414000,52.508999,145.181000,0.000000,0.000000,0.000000,0.000000,0.000000,0.000000,0.000000,243.000000,-1021.000000,-124.000000,-1467.000000,246.000000,-45.000000,-26.000000,22.000000,22.000000,22.000000,22.000000,22.000000,22.000000,22.000000,37.000000,38.000000,39.000000,40.000000,40.000000,40.000000,43.000000,1,1,1,1,1,1,1,0,0,0,0,0,0,0,75,5400.359863,1218,0,1,0.425000,-0.129998,-0.221999,3.120000,0.001000,0.000000,0
0.282875,5.758000,-74.445999,-34.098000,110.836998,3.414000,52.508999,145.181000,0.000000,0.000000,0.000000,0.000000,0.000000,0.000000,0.000000,236.000000,-1024.000000,-144.000000,-1462.000000,240.000000,-42.000000,-23.000000,22.000000,22.000000,22.000000,22.000000,22.000000,22.000000,22.000000,37.000000,38.000000,39.000000,40.000000,40.000000,40.000000,43.000000,1,1,1,1,1,1,1,0,0,0,0,0,0,0,75,5400.359863,1218,0,1,0.425000,-0.129998,-0.221999,3.120000,0.001000,0.000000,0
0.293006,5.758000,-74.445999,-34.098000,110.836998,3.414000,52.508999,145.181000,0.000000,0.000000,0.000000,0.000000,0.000000,0.000000,0.120000,243.000000,-1026.000000,-126.000000,-1452.000000,245.000000,-44.000000,-18.000000,22.000000,22.000000,22.000000,22.000000,22.000000,22.000000,22.000000,37.000000,38.000000,39.000000,40.000000,40.000000,40.000000,43.000000,1,1,1,1,1,1,1,0,0,0,0,0,0,0,75,5400.357910,1217,0,1,0.425000,-0.129998,-0.221999,3.120000,0.001000,0.000000,0
0.302765,5.758000,-74.445999,-34.098000,110.836998,3.414000,52.508999,145.181000,0.000000,0.000000,0.000000,0.000000,0.000000,0.000000,0.000000,242.000000,-1025.000000,-128.000000,-1450.000000,240.000000,-37.000000,-30.000000,22.000000,22.000000,22.000000,22.000000,22.000000,22.000000,22.000000,37.000000,38.000000,39.000000,40.000000,40.000000,40.000000,43.000000,1,1,1,1,1,1,1,0,0,0,0,0,0,0,75,5400.357910,1218,0,1,0.425000,-0.129998,-0.221999,3.120000,0.001000,0.000000,0
0.312826,5.758000,-74.445999,-34.098000,110.836998,3.414000,52.508999,145.181000,0.000000,0.000000,0.000000,0.000000,0.000000,0.000000,0.000000,247.000000,-1022.000000,-128.000000,-1446.000000,245.000000,-41.000000,-24.000000,22.000000,22.000000,22.000000,22.000000,22.000000,22.000000,22.000000,37.000000,38.000000,39.000000,40.000000,40.000000,40.000000,43.000000,1,1,1,1,1,1,1,0,0,0,0,0,0,0,75,5400.359863,1217,0,1,0.425000,-0.129998,-0.221999,3.120000,0.001000,0.000000,0
0.322840,5.758000,-74.445999,-34.098000,110.836998,3.414000,52.508999,145.181000,0.000000,0.000000,0.000000,0.000000,0.000000,0.000000,0.000000,245.000000,-1025.000000,-107.000000,-1444.000000,243.000000,-42.000000,-29.000000,22.000000,22.000000,22.000000,22.000000,22.000000,22.000000,22.000000,37.000000,38.000000,39.000000,40.000000,40.000000,40.000000,43.000000,1,1,1,1,1,1,1,0,0,0,0,0,0,0,75,5400.357910,1218,0,1,0.425000,-0.129998,-0.221999,3.120000,0.001000,0.000000,0
0.332827,5.758000,-74.445999,-34.098000,110.836998,3.414000,52.508999,145.181000,0.000000,0.000000,0.000000,0.000000,0.000000,0.000000,0.000000,244.000000,-1017.000000,-136.000000,-1442.000000,245.000000,-41.000000,-20.000000,22.000000,22.000000,22.000000,22.000000,22.000000,22.000000,22.000000,37.000000,38.000000,39.000000,40.000000,40.000000,40.000000,43.000000,1,1,1,1,1,1,1,0,0,0,0,0,0,0,75,5400.359863,1218,0,1,0.425000,-0.129998,-0.221999,3.120000,0.001000,0.000000,0
0.343139,5.758000,-74.445999,-34.098000,110.836998,3.414000,52.508999,145.181000,0.000000,0.000000,0.000000,0.000000,0.000000,0.000000,0.000000,248.000000,-1022.000000,-124.000000,-1439.000000,244.000000,-38.000000,-37.000000,22.000000,22.000000,22.000000,22.000000,22.000000,22.000000,22.000000,37.000000,38.000000,39.000000,40.000000,40.000000,40.000000,43.000000,1,1,1,1,1,1,1,0,0,0,0,0,0,0,75,5400.356934,1218,0,1,0.425000,-0.129998,-0.221999,3.120000,0.001000,0.000000,0
0.353852,5.758000,-74.445999,-34.098000,110.836998,3.414000,52.508999,145.181000,0.000000,0.000000,0.000000,0.000000,0.000000,0.000000,-0.240000,247.000000,-1019.000000,-119.000000,-1438.000000,242.000000,-40.000000,-31.000000,22.000000,22.000000,22.000000,22.000000,22.000000,22.000000,22.000000,37.000000,38.000000,39.000000,40.000000,40.000000,40.000000,43.000000,1,1,1,1,1,1,1,0,0,0,0,0,0,0,75,5400.359863,1217,0,1,0.425000,-0.129998,-0.221999,3.120000,0.001000,0.000000,0
0.363808,5.758000,-74.445999,-34.098000,110.836998,3.414000,52.508999,145.181000,0.000000,0.000000,0.000000,0.000000,0.000000,0.000000,0.000000,243.000000,-1022.000000,-108.000000,-1433.000000,244.000000,-43.000000,-27.000000,22.000000,22.000000,22.000000,22.000000,22.000000,22.000000,22.000000,37.000000,38.000000,39.000000,40.000000,40.000000,40.000000,43.000000,1,1,1,1,1,1,1,0,0,0,0,0,0,0,75,5400.357910,1217,0,1,0.425000,-0.129998,-0.221999,3.120000,0.001000,0.000000,0
0.373795,5.758000,-74.445999,-34.098000,110.836998,3.414000,52.508999,145.181000,0.000000,0.000000,0.000000,0.000000,0.000000,0.000000,0.000000,241.000000,-1022.000000,-150.000000,-1442.000000,242.000000,-42.000000,-26.000000,22.000000,22.000000,22.000000,22.000000,22.000000,22.000000,22.000000,37.000000,38.000000,39.000000,40.000000,40.000000,40.000000,43.000000,1,1,1,1,1,1,1,0,0,0,0,0,0,0,75,5400.359863,1217,0,1,0.425000,-0.129998,-0.221999,3.120000,0.001000,0.000000,0
0.384137,5.758000,-74.445999,-34.098000,110.836998,3.414000,52.508999,145.181000,0.000000,0.000000,0.000000,0.000000,0.000000,0.000000,0.000000,245.000000,-1023.000000,-121.000000,-1436.000000,244.000000,-41.000000,-21.000000,22.000000,22.000000,22.000000,22.000000,22.000000,22.000000,22.000000,37.000000,38.000000,39.000000,40.000000,40.000000,40.000000,43.000000,1,1,1,1,1,1,1,0,0,0,0,0,0,0,75,5400.357910,1217,0,1,0.425000,-0.129998,-0.221999,3.120000,0.001000,0.000000,0
0.394996,5.758000,-74.445999,-34.098000,110.836998,3.414000,52.508999,145.181000,0.000000,0.000000,0.000000,0.000000,0.000000,0.000000,0.000000,250.000000,-1016.000000,-151.000000,-1429.000000,247.000000,-48.000000,-24.000000,22.000000,22.000000,22.000000,22.000000,22.000000,22.000000,22.000000,37.000000,38.000000,39.000000,40.000000,40.000000,40.000000,43.000000,1,1,1,1,1,1,1,0,0,0,0,0,0,0,75,5400.357910,1218,0,1,0.425000,-0.129998,-0.221999,3.120000,0.001000,0.000000,0
0.404844,5.758000,-74.445999,-34.098000,110.836998,3.414000,52.508999,145.181000,0.000000,0.000000,0.000000,0.000000,0.000000,0.000000,0.000000,245.000000,-1016.000000,-136.000000,-1435.000000,240.000000,-50.000000,-23.000000,22.000000,22.000000,22.000000,22.000000,22.000000,22.000000,22.000000,37.000000,38.000000,39.000000,40.000000,40.000000,40.000000,43.000000,1,1,1,1,1,1,1,0,0,0,0,0,0,0,75,5400.357910,1217,0,1,0.425000,-0.129998,-0.221999,3.120000,0.001000,0.000000,0
0.414838,5.758000,-74.445999,-34.098000,110.836998,3.414000,52.508999,145.181000,0.000000,0.000000,0.000000,0.000000,0.000000,0.000000,0.120000,241.000000,-1019.000000,-109.000000,-1440.000000,239.000000,-47.000000,-27.000000,22.000000,22.000000,22.000000,22.000000,22.000000,22.000000,22.000000,37.000000,38.000000,39.000000,40.000000,40.000000,40.000000,43.000000,1,1,1,1,1,1,1,0,0,0,0,0,0,0,75,5400.359863,1218,0,1,0.425000,-0.129998,-0.221999,3.120000,0.001000,0.000000,0
0.424950,5.758000,-74.445999,-34.098000,110.836998,3.414000,52.508999,145.181000,0.000000,0.000000,0.000000,0.000000,0.000000,0.000000,0.120000,250.000000,-1020.000000,-132.000000,-1429.000000,240.000000,-42.000000,-18.000000,22.000000,22.000000,22.000000,22.000000,22.000000,22.000000,22.000000,37.000000,38.000000,39.000000,40.000000,40.000000,40.000000,43.000000,1,1,1,1,1,1,1,0,0,0,0,0,0,0,75,5400.357910,1218,0,1,0.425000,-0.129998,-0.221999,3.120000,0.001000,0.000000,0
0.434814,5.758000,-74.445999,-34.098000,110.836998,3.414000,52.508999,145.181000,0.000000,0.000000,0.000000,0.000000,0.000000,0.000000,0.000000,243.000000,-1015.000000,-156.000000,-1467.000000,244.000000,-45.000000,-17.000000,22.000000,22.000000,22.000000,22.000000,22.000000,22.000000,22.000000,37.000000,38.000000,39.000000,40.000000,40.000000,40.000000,43.000000,1,1,1,1,1,1,1,0,0,0,0,0,0,0,75,5400.356934,1217,0,1,0.425000,-0.129998,-0.221999,3.120000,0.001000,0.000000,0
0.444854,5.758000,-74.445999,-34.098000,110.836998,3.414000,52.508999,145.181000,0.000000,0.000000,0.000000,0.000000,0.000000,0.000000,0.000000,252.000000,-1012.000000,-126.000000,-1447.000000,245.000000,-42.000000,-10.000000,22.000000,22.000000,22.000000,22.000000,22.000000,22.000000,22.000000,37.000000,38.000000,39.000000,40.000000,40.000000,40.000000,43.000000,1,1,1,1,1,1,1,0,0,0,0,0,0,0,75,5400.359863,1217,0,1,0.425000,-0.129998,-0.221999,3.120000,0.001000,0.000000,0
0.454996,5.758000,-74.445999,-34.098000,110.836998,3.414000,52.508999,145.181000,0.000000,0.000000,0.000000,0.000000,0.000000,0.000000,0.000000,256.000000,-1009.000000,-134.000000,-1444.000000,242.000000,-43.000000,-19.000000,22.000000,22.000000,22.000000,22.000000,22.000000,22.000000,22.000000,37.000000,38.000000,39.000000,40.000000,40.000000,40.000000,43.000000,1,1,1,1,1,1,1,0,0,0,0,0,0,0,75,5400.359863,1217,0,1,0.425000,-0.129998,-0.221999,3.120000,0.001000,0.000000,0
0.464880,5.758000,-74.445999,-34.098000,110.836998,3.414000,52.508999,145.181000,0.000000,0.000000,0.000000,0.000000,0.000000,0.000000,0.000000,253.000000,-1012.000000,-132.000000,-1451.000000,241.000000,-44.000000,-27.000000,22.000000,22.000000,22.000000,22.000000,22.000000,22.000000,22.000000,37.000000,38.000000,39.000000,40.000000,40.000000,40.000000,43.000000,1,1,1,1,1,1,1,0,0,0,0,0,0,0,75,5400.357910,1218,0,1,0.425000,-0.129998,-0.221999,3.120000,0.001000,0.000000,0
0.474862,5.758000,-74.445999,-34.098000,110.836998,3.414000,52.508999,145.181000,0.000000,0.000000,0.000000,0.000000,0.000000,0.000000,0.000000,249.000000,-1016.000000,-131.000000,-1440.000000,235.000000,-45.000000,-26.000000,22.000000,22.000000,22.000000,22.000000,22.000000,22.000000,22.000000,37.000000,38.000000,39.000000,40.000000,40.000000,40.000000,43.000000,1,1,1,1,1,1,1,0,0,0,0,0,0,0,75,5400.357910,1218,0,1,0.425000,-0.129998,-0.221999,3.120000,0.001000,0.000000,0
0.484943,5.758000,-74.445999,-34.098000,110.836998,3.414000,52.508999,145.181000,0.000000,0.000000,0.000000,0.000000,0.000000,0.000000,0.000000,251.000000,-1011.000000,-120.000000,-1449.000000,241.000000,-46.000000,-32.000000,22.000000,22.000000,22.000000,22.000000,22.000000,22.000000,22.000000,37.000000,38.000000,39.000000,40.000000,40.000000,40.000000,43.000000,1,1,1,1,1,1,1,0,0,0,0,0,0,0,75,5400.359863,1218,0,1,0.425000,-0.129998,-0.221999,3.120000,0.001000,0.000000,0
0.494857,5.758000,-74.445999,-34.098000,110.836998,3.414000,52.508999,145.181000,0.000000,0.000000,0.000000,0.000000,0.000000,0.000000,-0.120000,247.000000,-1007.000000,-147.000000,-1449.000000,235.000000,-51.000000,-25.000000,22.000000,22.000000,22.000000,22.000000,22.000000,22.000000,22.000000,37.000000,38.000000,39.000000,40.000000,40.000000,40.000000,43.000000,1,1,1,1,1,1,1,0,0,0,0,0,0,0,75,5400.359863,1218,0,1,0.425000,-0.129998,-0.221999,3.120000,0.001000,0.000000,0
0.504821,5.758000,-74.445999,-34.098000,110.836998,3.414000,52.508999,145.181000,0.000000,0.000000,0.000000,0.000000,0.000000,0.000000,0.000000,249.000000,-1005.000000,-152.000000,-1430.000000,241.000000,-44.000000,-29.000000,22.000000,22.000000,22.000000,22.000000,22.000000,22.000000,22.000000,37.000000,38.000000,39.000000,40.000000,40.000000,40.000000,43.000000,1,1,1,1,1,1,1,0,0,0,0,0,0,0,75,5400.359863,1217,0,1,0.425000,-0.129998,-0.221999,3.120000,0.001000,0.000000,0
0.514838,5.692000,-74.347000,-34.173000,110.880997,3.583000,52.426998,145.014999,0.000000,0.000000,0.000000,0.000000,0.000000,0.000000,0.120000,250.000000,-1010.000000,-153.000000,-1448.000000,240.000000,-43.000000,-21.000000,22.000000,22.000000,22.000000,22.000000,22.000000,22.000000,22.000000,37.000000,38.000000,39.000000,40.000000,40.000000,40.000000,43.000000,1,1,1,1,1,1,1,0,0,0,0,0,0,0,75,5400.357910,1218,0,1,0.425000,-0.129998,-0.222321,3.120000,0.001000,0.000000,1
0.524825,5.695000,-74.289001,-34.195999,110.927002,3.632000,52.334000,144.968002,0.000000,0.000000,0.000000,0.000000,0.000000,0.000000,0.120000,250.000000,-1010.000000,-153.000000,-1448.000000,240.000000,-43.000000,-21.000000,22.000000,22.000000,22.000000,22.000000,22.000000,22.000000,22.000000,37.000000,38.000000,39.000000,40.000000,40.000000,40.000000,43.000000,1,1,1,1,1,1,1,0,0,0,0,0,0,0,75,5400.357910,1218,0,1,0.424999,-0.129998,-0.222662,3.120000,0.001000,0.000000,1
0.534867,5.711000,-74.210999,-34.217999,110.997002,3.684000,52.192001,144.921005,0.000000,0.000000,0.000000,0.000000,0.000000,0.000000,0.120000,250.000000,-1010.000000,-153.000000,-1448.000000,240.000000,-43.000000,-21.000000,22.000000,22.000000,22.000000,22.000000,22.000000,22.000000,22.000000,37.000000,38.000000,39.000000,40.000000,40.000000,40.000000,43.000000,1,1,1,1,1,1,1,0,0,0,0,0,0,0,75,5400.359863,1218,0,1,0.425000,-0.129998,-0.223175,3.120000,0.001000,0.000000,1
0.544842,5.745000,-74.107002,-34.242001,111.093002,3.737000,51.994999,144.873993,0.000000,0.000000,0.000000,0.000000,0.000000,0.000000,0.120000,250.000000,-1010.000000,-153.000000,-1448.000000,240.000000,-43.000000,-21.000000,22.000000,22.000000,22.000000,22.000000,22.000000,22.000000,22.000000,37.000000,38.000000,39.000000,40.000000,40.000000,40.000000,43.000000,1,1,1,1,1,1,1,0,0,0,0,0,0,0,75,5400.359863,1217,0,1,0.425000,-0.129998,-0.223888,3.119000,0.001000,0.000000,1
0.554827,5.810000,-73.946999,-34.271000,111.246002,3.804000,51.675999,144.815002,0.000000,0.000000,0.000000,0.000000,0.000000,0.000000,0.120000,250.000000,-1010.000000,-153.000000,-1448.000000,240.000000,-43.000000,-21.000000,22.000000,22.000000,22.000000,22.000000,22.000000,22.000000,22.000000,37.000000,38.000000,39.000000,40.000000,40.000000,40.000000,43.000000,1,1,1,1,1,1,1,0,0,0,0,0,0,0,75,5400.359863,1218,0,1,0.425000,-0.129998,-0.225034,3.120000,0.001000,0.000000,1
0.564827,5.887000,-73.780998,-34.297001,111.405998,3.864000,51.339001,144.766006,0.000000,0.000000,0.000000,0.000000,0.000000,0.000000,0.120000,250.000000,-1010.000000,-153.000000,-1448.000000,240.000000,-43.000000,-21.000000,22.000000,22.000000,22.000000,22.000000,22.000000,22.000000,22.000000,37.000000,38.000000,39.000000,40.000000,40.000000,40.000000,43.000000,1,1,1,1,1,1,1,0,0,0,0,0,0,0,75,5400.359863,1217,0,1,0.425000,-0.129998,-0.226247,3.120000,0.001000,0.000000,1
0.574852,5.944000,-73.667000,-34.313000,111.516998,3.901000,51.104000,144.735992,0.000000,0.000000,0.000000,0.000000,0.000000,0.000000,0.120000,250.000000,-1010.000000,-153.000000,-1448.000000,240.000000,-43.000000,-21.000000,22.000000,22.000000,22.000000,22.000000,22.000000,22.000000,22.000000,37.000000,38.000000,39.000000,40.000000,40.000000,40.000000,43.000000,1,1,1,1,1,1,1,0,0,0,0,0,0,0,75,5400.357910,1218,0,1,0.425000,-0.129998,-0.227091,3.120000,0.001000,0.000000,1
0.584840,6.056000,-73.449997,-34.341000,111.724998,3.965000,50.658001,144.686005,0.000000,0.000000,0.000000,0.000000,0.000000,0.000000,0.120000,250.000000,-1010.000000,-153.000000,-1448.000000,240.000000,-43.000000,-21.000000,22.000000,22.000000,22.000000,22.000000,22.000000,22.000000,22.000000,37.000000,38.000000,39.000000,40.000000,40.000000,40.000000,43.000000,1,1,1,1,1,1,1,0,0,0,0,0,0,0,75,5400.359863,1217,0,1,0.425000,-0.129998,-0.228688,3.120000,0.001000,0.000000,1
0.594747,6.191000,-73.203003,-34.370998,111.959999,4.031000,50.146999,144.634003,0.000000,0.000000,0.000000,0.000000,0.000000,0.000000,0.120000,250.000000,-1010.000000,-153.000000,-1448.000000,240.000000,-43.000000,-21.000000,22.000000,22.000000,22.000000,22.000000,22.000000,22.000000,22.000000,37.000000,38.000000,39.000000,40.000000,40.000000,40.000000,43.000000,1,1,1,1,1,1,1,0,0,0,0,0,0,0,75,5400.357910,1218,0,1,0.425000,-0.129998,-0.230518,3.120000,0.001000,0.000000,1
0.604823,6.382000,-72.864998,-34.409000,112.273003,4.115000,49.452999,144.570999,0.000000,0.000000,0.000000,0.000000,0.000000,0.000000,0.120000,250.000000,-1010.000000,-153.000000,-1448.000000,240.000000,-43.000000,-21.000000,22.000000,22.000000,22.000000,22.000000,22.000000,22.000000,22.000000,37.000000,38.000000,39.000000,40.000000,40.000000,40.000000,43.000000,1,1,1,1,1,1,1,0,0,0,0,0,0,0,75,5400.359863,1218,0,1,0.425000,-0.129998,-0.233002,3.120000,0.001000,0.000000,1
0.614809,6.566000,-72.551003,-34.443001,112.556000,4.188000,48.813999,144.518005,0.000000,0.000000,0.000000,0.000000,0.000000,0.000000,0.120000,250.000000,-1010.000000,-153.000000,-1448.000000,240.000000,-43.000000,-21.000000,22.000000,22.000000,22.000000,22.000000,22.000000,22.000000,22.000000,37.000000,38.000000,39.000000,40.000000,40.000000,40.000000,43.000000,1,1,1,1,1,1,1,0,0,0,0,0,0,0,75,5400.359863,1218,0,1,0.425000,-0.129998,-0.235288,3.119000,0.001000,0.000000,1
0.624815,6.685000,-72.349998,-34.465000,112.733002,4.233000,48.408001,144.485992,0.000000,0.000000,0.000000,0.000000,0.000000,0.000000,0.120000,250.000000,-1010.000000,-153.000000,-1448.000000,240.000000,-43.000000,-21.000000,22.000000,22.000000,22.000000,22.000000,22.000000,22.000000,22.000000,37.000000,38.000000,39.000000,40.000000,40.000000,40.000000,43.000000,1,1,1,1,1,1,1,0,0,0,0,0,0,0,75,5400.357910,1217,0,1,0.425000,-0.129998,-0.236742,3.120000,0.001000,0.000000,1
0.634911,6.900000,-71.997002,-34.504002,113.036003,4.310000,47.699001,144.431000,0.000000,0.000000,0.000000,0.000000,0.000000,0.000000,0.120000,250.000000,-1010.000000,-153.000000,-1448.000000,240.000000,-43.000000,-21.000000,22.000000,22.000000,22.000000,22.000000,22.000000,22.000000,22.000000,37.000000,38.000000,39.000000,40.000000,40.000000,40.000000,43.000000,1,1,1,1,1,1,1,0,0,0,0,0,0,0,75,5400.357910,1218,0,1,0.425000,-0.129998,-0.239280,3.120000,0.001000,0.000000,1
0.644983,7.275000,-71.390999,-34.570999,113.531998,4.436000,46.502998,144.343002,0.000000,0.000000,0.000000,0.000000,0.000000,0.000000,0.120000,250.000000,-1010.000000,-153.000000,-1448.000000,240.000000,-43.000000,-21.000000,22.000000,22.000000,22.000000,22.000000,22.000000,22.000000,22.000000,37.000000,38.000000,39.000000,40.000000,40.000000,40.000000,43.000000,1,1,1,1,1,1,1,0,0,0,0,0,0,0,75,5400.359863,1218,0,1,0.425000,-0.129998,-0.243559,3.120000,0.001000,0.000000,1
0.654987,7.525000,-70.995003,-34.617001,113.841003,4.516000,45.734001,144.287003,0.000000,0.000000,0.000000,0.000000,0.000000,0.000000,0.120000,250.000000,-1010.000000,-153.000000,-1448.000000,240.000000,-43.000000,-21.000000,22.000000,22.000000,22.000000,22.000000,22.000000,22.000000,22.000000,37.000000,38.000000,39.000000,40.000000,40.000000,40.000000,43.000000,1,1,1,1,1,1,1,0,0,0,0,0,0,0,75,5400.357910,1217,0,1,0.425000,-0.129998,-0.246309,3.120000,0.001000,0.000000,1
0.666067,7.782000,-70.592003,-34.665001,114.142998,4.597000,44.964001,144.231995,0.000000,0.000000,0.000000,0.000000,0.000000,0.000000,0.120000,250.000000,-1010.000000,-153.000000,-1448.000000,240.000000,-43.000000,-21.000000,22.000000,22.000000,22.000000,22.000000,22.000000,22.000000,22.000000,37.000000,38.000000,39.000000,40.000000,40.000000,40.000000,43.000000,1,1,1,1,1,1,1,0,0,0,0,0,0,0,75,5400.359863,1218,0,1,0.425000,-0.129998,-0.249068,3.120000,0.001000,0.000000,1
0.676123,8.043000,-70.188004,-34.715000,114.431999,4.677000,44.202999,144.175995,0.000000,0.000000,0.000000,0.000000,0.000000,0.000000,0.120000,250.000000,-1010.000000,-153.000000,-1448.000000,240.000000,-43.000000,-21.000000,22.000000,22.000000,22.000000,22.000000,22.000000,22.000000,22.000000,37.000000,38.000000,39.000000,40.000000,40.000000,40.000000,43.000000,1,1,1,1,1,1,1,0,0,0,0,0,0,0,75,5400.356934,1218,0,1,0.424999,-0.129998,-0.251793,3.120000,0.001000,0.000000,1
0.686094,8.302000,-69.790001,-34.765999,114.707001,4.757000,43.464001,144.119995,0.000000,0.000000,0.000000,0.000000,0.000000,0.000000,0.120000,250.000000,-1010.000000,-153.000000,-1448.000000,240.000000,-43.000000,-21.000000,22.000000,22.000000,22.000000,22.000000,22.000000,22.000000,22.000000,37.000000,38.000000,39.000000,40.000000,40.000000,40.000000,43.000000,1,1,1,1,1,1,1,0,0,0,0,0,0,0,75,5400.357910,1217,0,1,0.425000,-0.129998,-0.254446,3.120000,0.001000,0.000000,1
0.696222,8.455000,-69.556000,-34.798000,114.862999,4.805000,43.034000,144.087006,0.000000,0.000000,0.000000,0.000000,0.000000,0.000000,0.120000,250.000000,-1010.000000,-153.000000,-1448.000000,240.000000,-43.000000,-21.000000,22.000000,22.000000,22.000000,22.000000,22.000000,22.000000,22.000000,37.000000,38.000000,39.000000,40.000000,40.000000,40.000000,43.000000,1,1,1,1,1,1,1,0,0,0,0,0,0,0,75,5400.359863,1217,0,1,0.425000,-0.129998,-0.255987,3.120000,0.001000,0.000000,1
0.706084,8.702000,-69.179001,-34.851002,115.106003,4.882000,42.349998,144.031998,0.000000,0.000000,0.000000,0.000000,0.000000,0.000000,0.120000,250.000000,-1010.000000,-153.000000,-1448.000000,240.000000,-43.000000,-21.000000,22.000000,22.000000,22.000000,22.000000,22.000000,22.000000,22.000000,37.000000,38.000000,39.000000,40.000000,40.000000,40.000000,43.000000,1,1,1,1,1,1,1,0,0,0,0,0,0,0,75,5400.359863,1218,0,1,0.425000,-0.129998,-0.258447,3.120000,0.001000,0.000000,1
0.716155,8.937000,-68.822998,-34.903000,115.327003,4.958000,41.712002,143.977997,0.000000,0.000000,0.000000,0.000000,0.000000,0.000000,0.120000,250.000000,-1010.000000,-153.000000,-1448.000000,240.000000,-43.000000,-21.000000,22.000000,22.000000,22.000000,22.000000,22.000000,22.000000,22.000000,37.000000,38.000000,39.000000,40.000000,40.000000,40.000000,43.000000,1,1,1,1,1,1,1,0,0,0,0,0,0,0,75,5400.359863,1217,0,1,0.425000,-0.129998,-0.260743,3.120000,0.001000,0.000000,1
0.726000,9.195000,-68.429001,-34.963001,115.561996,5.046000,41.018002,143.912994,0.000000,0.000000,0.000000,0.000000,0.000000,0.000000,0.120000,250.000000,-1010.000000,-153.000000,-1448.000000,240.000000,-43.000000,-21.000000,22.000000,22.000000,22.000000,22.000000,22.000000,22.000000,22.000000,37.000000,38.000000,39.000000,40.000000,40.000000,40.000000,43.000000,1,1,1,1,1,1,1,0,0,0,0,0,0,0,75,5400.357910,1218,0,1,0.425000,-0.129999,-0.263244,3.120000,0.001000,0.000000,1
0.735950,9.387000,-68.134003,-35.011002,115.730003,5.117000,40.507000,143.860992,0.000000,0.000000,0.000000,0.000000,0.000000,0.000000,0.120000,250.000000,-1010.000000,-153.000000,-1448.000000,240.000000,-43.000000,-21.000000,22.000000,22.000000,22.000000,22.000000,22.000000,22.000000,22.000000,37.000000,38.000000,39.000000,40.000000,40.000000,40.000000,43.000000,1,1,1,1,1,1,1,0,0,0,0,0,0,0,75,5400.357910,1218,0,1,0.424999,-0.129998,-0.265091,3.120000,0.001000,0.000000,1
0.746123,9.556000,-67.873001,-35.056000,115.875000,5.184000,40.058998,143.809006,0.000000,0.000000,0.000000,0.000000,0.000000,0.000000,0.120000,250.000000,-1010.000000,-153.000000,-1448.000000,240.000000,-43.000000,-21.000000,22.000000,22.000000,22.000000,22.000000,22.000000,22.000000,22.000000,37.000000,38.000000,39.000000,40.000000,40.000000,40.000000,43.000000,1,1,1,1,1,1,1,0,0,0,0,0,0,0,75,5400.359863,1218,0,1,0.425000,-0.129998,-0.266710,3.120000,0.001000,0.000000,1
0.756054,9.699000,-67.646004,-35.096001,115.996002,5.248000,39.678001,143.759003,0.000000,0.000000,0.000000,0.000000,0.000000,0.000000,0.120000,250.000000,-1010.000000,-153.000000,-1448.000000,240.000000,-43.000000,-21.000000,22.000000,22.000000,22.000000,22.000000,22.000000,22.000000,22.000000,37.000000,38.000000,39.000000,40.000000,40.000000,40.000000,43.000000,1,1,1,1,1,1,1,0,0,0,0,0,0,0,75,5400.357910,1217,0,1,0.425000,-0.129999,-0.268091,3.120000,0.001000,0.000000,1
0.765985,9.815000,-67.456001,-35.132999,116.095001,5.309000,39.362999,143.710007,0.000000,0.000000,0.000000,0.000000,0.000000,0.000000,0.120000,250.000000,-1010.000000,-153.000000,-1448.000000,240.000000,-43.000000,-21.000000,22.000000,22.000000,22.000000,22.000000,22.000000,22.000000,22.000000,37.000000,38.000000,39.000000,40.000000,40.000000,40.000000,43.000000,1,1,1,1,1,1,1,0,0,0,0,0,0,0,75,5400.359863,1218,0,1,0.425000,-0.129998,-0.269235,3.120000,0.001000,0.000000,1
0.776119,9.920000,-67.273003,-35.169998,116.185997,5.378000,39.069000,143.653000,0.000000,0.000000,0.000000,0.000000,0.000000,0.000000,0.120000,250.000000,-1010.000000,-153.000000,-1448.000000,240.000000,-43.000000,-21.000000,22.000000,22.000000,22.000000,22.000000,22.000000,22.000000,22.000000,37.000000,38.000000,39.000000,40.000000,40.000000,40.000000,43.000000,1,1,1,1,1,1,1,0,0,0,0,0,0,0,75,5400.357910,1217,0,1,0.425000,-0.129999,-0.270306,3.120000,0.001000,0.000000,1
0.786005,9.980000,-67.157997,-35.195999,116.240997,5.432000,38.889999,143.606003,0.000000,0.000000,0.000000,0.000000,0.000000,0.000000,0.120000,250.000000,-1010.000000,-153.000000,-1448.000000,240.000000,-43.000000,-21.000000,22.000000,22.000000,22.000000,22.000000,22.000000,22.000000,22.000000,37.000000,38.000000,39.000000,40.000000,40.000000,40.000000,43.000000,1,1,1,1,1,1,1,0,0,0,0,0,0,0,75,5400.359863,1217,0,1,0.425000,-0.129998,-0.270964,3.120000,0.001000,0.000000,1
0.796025,10.017000,-67.071999,-35.217999,116.279999,5.484000,38.763000,143.559998,0.000000,0.000000,0.000000,0.000000,0.000000,0.000000,0.120000,250.000000,-1010.000000,-153.000000,-1448.000000,240.000000,-43.000000,-21.000000,22.000000,22.000000,22.000000,22.000000,22.000000,22.000000,22.000000,37.000000,38.000000,39.000000,40.000000,40.000000,40.000000,43.000000,1,1,1,1,1,1,1,0,0,0,0,0,0,0,75,5400.357910,1217,0,1,0.425000,-0.129999,-0.271430,3.120000,0.001000,0.000000,1
0.806048,10.029000,-67.032997,-35.230000,116.296997,5.514000,38.709000,143.533997,0.000000,0.000000,0.000000,0.000000,0.000000,0.000000,0.120000,250.000000,-1010.000000,-153.000000,-1448.000000,240.000000,-43.000000,-21.000000,22.000000,22.000000,22.000000,22.000000,22.000000,22.000000,22.000000,37.000000,38.000000,39.000000,40.000000,40.000000,40.000000,43.000000,1,1,1,1,1,1,1,0,0,0,0,0,0,0,75,5400.359863,1217,0,1,0.424999,-0.129999,-0.271630,3.120000,0.001000,0.000000,1
0.816076,10.037000,-66.985001,-35.245998,116.315002,5.562000,38.651001,143.488998,0.000000,0.000000,0.000000,0.000000,0.000000,0.000000,0.120000,250.000000,-1010.000000,-153.000000,-1448.000000,240.000000,-43.000000,-21.000000,22.000000,22.000000,22.000000,22.000000,22.000000,22.000000,22.000000,37.000000,38.000000,39.000000,40.000000,40.000000,40.000000,43.000000,1,1,1,1,1,1,1,0,0,0,0,0,0,0,75,5400.357910,1218,0,1,0.425000,-0.129998,-0.271850,3.120000,0.001000,0.000000,1
0.826036,10.030000,-66.955002,-35.259998,116.323997,5.608000,38.623001,143.445999,0.000000,0.000000,0.000000,0.000000,0.000000,0.000000,0.120000,250.000000,-1010.000000,-153.000000,-1448.000000,240.000000,-43.000000,-21.000000,22.000000,22.000000,22.000000,22.000000,22.000000,22.000000,22.000000,37.000000,38.000000,39.000000,40.000000,40.000000,40.000000,43.000000,1,1,1,1,1,1,1,0,0,0,0,0,0,0,75,5400.357910,1217,0,1,0.425000,-0.129999,-0.271959,3.120000,0.001000,0.000000,1
0.836034,10.015000,-66.936996,-35.271999,116.327003,5.654000,38.616001,143.403000,0.000000,0.000000,0.000000,0.000000,0.000000,0.000000,0.120000,250.000000,-1010.000000,-153.000000,-1448.000000,240.000000,-43.000000,-21.000000,22.000000,22.000000,22.000000,22.000000,22.000000,22.000000,22.000000,37.000000,38.000000,39.000000,40.000000,40.000000,40.000000,43.000000,1,1,1,1,1,1,1,0,0,0,0,0,0,0,75,5400.357910,1217,0,1,0.425000,-0.129999,-0.271996,3.120000,0.001000,0.000000,1
0.846145,9.992000,-66.919998,-35.285000,116.324997,5.708000,38.618999,143.352005,0.000000,0.000000,0.000000,0.000000,0.000000,0.000000,0.120000,250.000000,-1010.000000,-153.000000,-1448.000000,240.000000,-43.000000,-21.000000,22.000000,22.000000,22.000000,22.000000,22.000000,22.000000,22.000000,37.000000,38.000000,39.000000,40.000000,40.000000,40.000000,43.000000,1,1,1,1,1,1,1,0,0,0,0,0,0,0,75,5400.357910,1218,0,1,0.425009,-0.129999,-0.272000,3.119000,0.001000,0.000000,1
0.855998,9.973000,-66.902000,-35.292999,116.317001,5.755000,38.624001,143.311996,0.000000,0.000000,0.000000,0.000000,0.000000,0.000000,0.120000,250.000000,-1010.000000,-153.000000,-1448.000000,240.000000,-43.000000,-21.000000,22.000000,22.000000,22.000000,22.000000,22.000000,22.000000,22.000000,37.000000,38.000000,39.000000,40.000000,40.000000,40.000000,43.000000,1,1,1,1,1,1,1,0,0,0,0,0,0,0,75,5400.357910,1217,0,1,0.425053,-0.129998,-0.272000,3.119000,0.001000,0.000000,1
0.865974,9.953000,-66.882004,-35.294998,116.303001,5.805000,38.625999,143.276001,0.000000,0.000000,0.000000,0.000000,0.000000,0.000000,0.120000,250.000000,-1010.000000,-153.000000,-1448.000000,240.000000,-43.000000,-21.000000,22.000000,22.000000,22.000000,22.000000,22.000000,22.000000,22.000000,37.000000,38.000000,39.000000,40.000000,40.000000,40.000000,43.000000,1,1,1,1,1,1,1,0,0,0,0,0,0,0,75,5400.359863,1218,0,1,0.425162,-0.129998,-0.272000,3.119000,0.001000,0.000000,1
0.876043,9.933000,-66.856003,-35.290001,116.278999,5.860000,38.625000,143.244995,0.000000,0.000000,0.000000,0.000000,0.000000,0.000000,0.120000,250.000000,-1010.000000,-153.000000,-1448.000000,240.000000,-43.000000,-21.000000,22.000000,22.000000,22.000000,22.000000,22.000000,22.000000,22.000000,37.000000,38.000000,39.000000,40.000000,40.000000,40.000000,43.000000,1,1,1,1,1,1,1,0,0,0,0,0,0,0,75,5400.359863,1218,0,1,0.425379,-0.129998,-0.271999,3.119000,0.001000,0.000000,1
0.885926,9.912000,-66.821999,-35.271999,116.239998,5.923000,38.618999,143.220993,0.000000,0.000000,0.000000,0.000000,0.000000,0.000000,0.120000,250.000000,-1010.000000,-153.000000,-1448.000000,240.000000,-43.000000,-21.000000,22.000000,22.000000,22.000000,22.000000,22.000000,22.000000,22.000000,37.000000,38.000000,39.000000,40.000000,40.000000,40.000000,43.000000,1,1,1,1,1,1,1,0,0,0,0,0,0,0,75,5400.359863,1218,0,1,0.425746,-0.129998,-0.272000,3.119000,0.000000,0.000000,1
0.896080,9.885000,-66.767998,-35.233002,116.168999,6.011000,38.604000,143.205002,0.000000,0.000000,0.000000,0.000000,0.000000,0.000000,0.120000,250.000000,-1010.000000,-153.000000,-1448.000000,240.000000,-43.000000,-21.000000,22.000000,22.000000,22.000000,22.000000,22.000000,22.000000,22.000000,37.000000,38.000000,39.000000,40.000000,40.000000,40.000000,43.000000,1,1,1,1,1,1,1,0,0,0,0,0,0,0,75,5400.357910,1218,0,1,0.426430,-0.129998,-0.271999,3.119000,0.000000,0.000000,1
0.906009,9.871000,-66.736000,-35.203999,116.123001,6.061000,38.591999,143.201996,0.000000,0.000000,0.000000,0.000000,0.000000,0.000000,0.120000,250.000000,-1010.000000,-153.000000,-1448.000000,240.000000,-43.000000,-21.000000,22.000000,22.000000,22.000000,22.000000,22.000000,22.000000,22.000000,37.000000,38.000000,39.000000,40.000000,40.000000,40.000000,43.000000,1,1,1,1,1,1,1,0,0,0,0,0,0,0,75,5400.359863,1217,0,1,0.426885,-0.129998,-0.272000,3.119000,0.000000,0.000000,1
0.915995,9.843000,-66.656998,-35.127998,116.005997,6.172000,38.561001,143.209000,0.000000,0.000000,0.000000,0.000000,0.000000,0.000000,0.120000,250.000000,-1010.000000,-153.000000,-1448.000000,240.000000,-43.000000,-21.000000,22.000000,22.000000,22.000000,22.000000,22.000000,22.000000,22.000000,37.000000,38.000000,39.000000,40.000000,40.000000,40.000000,43.000000,1,1,1,1,1,1,1,0,0,0,0,0,0,0,75,5400.357910,1217,0,1,0.428042,-0.129999,-0.272000,3.118000,-0.002000,0.000000,1
0.925971,9.818000,-66.578003,-35.044998,115.883003,6.278000,38.526001,143.227005,0.000000,0.000000,0.000000,0.000000,0.000000,0.000000,0.120000,250.000000,-1010.000000,-153.000000,-1448.000000,240.000000,-43.000000,-21.000000,22.000000,22.000000,22.000000,22.000000,22.000000,22.000000,22.000000,37.000000,38.000000,39.000000,40.000000,40.000000,40.000000,43.000000,1,1,1,1,1,1,1,0,0,0,0,0,0,0,75,5400.359863,1217,0,1,0.429268,-0.129998,-0.271999,3.118000,-0.004000,0.000000,1
0.936036,9.792000,-66.486000,-34.944000,115.736000,6.395000,38.483002,143.257004,0.000000,0.000000,0.000000,0.000000,0.000000,0.000000,0.120000,250.000000,-1010.000000,-153.000000,-1448.000000,240.000000,-43.000000,-21.000000,22.000000,22.000000,22.000000,22.000000,22.000000,22.000000,22.000000,37.000000,38.000000,39.000000,40.000000,40.000000,40.000000,43.000000,1,1,1,1,1,1,1,0,0,0,0,0,0,0,75,5400.359863,1218,0,1,0.430733,-0.129999,-0.271999,3.118000,-0.006000,0.000000,1
0.946105,9.760000,-66.359001,-34.799999,115.529999,6.551000,38.419998,143.309006,0.000000,0.000000,0.000000,0.000000,0.000000,0.000000,0.120000,250.000000,-1010.000000,-153.000000,-1448.000000,240.000000,-43.000000,-21.000000,22.000000,22.000000,22.000000,22.000000,22.000000,22.000000,22.000000,37.000000,38.000000,39.000000,40.000000,40.000000,40.000000,43.000000,1,1,1,1,1,1,1,0,0,0,0,0,0,0,75,5400.359863,1217,0,1,0.432795,-0.129998,-0.272000,3.117000,-0.009000,0.000000,1
0.956040,9.733000,-66.239998,-34.664001,115.334999,6.690000,38.358002,143.363007,0.000000,0.000000,0.000000,0.000000,0.000000,0.000000,0.120000,250.000000,-1010.000000,-153.000000,-1448.000000,240.000000,-43.000000,-21.000000,22.000000,22.000000,22.000000,22.000000,22.000000,22.000000,22.000000,37.000000,38.000000,39.000000,40.000000,40.000000,40.000000,43.000000,1,1,1,1,1,1,1,0,0,0,0,0,0,0,75,5400.357910,1218,0,1,0.434746,-0.129998,-0.272000,3.116000,-0.012000,0.000000,1
0.965999,9.716000,-66.163002,-34.576000,115.209000,6.778000,38.318001,143.399002,0.000000,0.000000,0.000000,0.000000,0.000000,0.000000,0.120000,250.000000,-1010.000000,-153.000000,-1448.000000,240.000000,-43.000000,-21.000000,22.000000,22.000000,22.000000,22.000000,22.000000,22.000000,22.000000,37.000000,38.000000,39.000000,40.000000,40.000000,40.000000,43.000000,1,1,1,1,1,1,1,0,0,0,0,0,0,0,75,5400.359863,1217,0,1,0.436006,-0.129999,-0.271999,3.116000,-0.014000,0.000000,1
0.976060,9.688000,-66.028000,-34.419998,114.986000,6.930000,38.245998,143.466995,0.000000,0.000000,0.000000,0.000000,0.000000,0.000000,0.120000,250.000000,-1010.000000,-153.000000,-1448.000000,240.000000,-43.000000,-21.000000,22.000000,22.000000,22.000000,22.000000,22.000000,22.000000,22.000000,37.000000,38.000000,39.000000,40.000000,40.000000,40.000000,43.000000,1,1,1,1,1,1,1,0,0,0,0,0,0,0,75,5400.357910,1218,0,1,0.438233,-0.129999,-0.271999,3.115000,-0.018000,0.000000,1
0.985982,9.661000,-65.885002,-34.257000,114.750000,7.087000,38.167999,143.539993,0.000000,0.000000,0.000000,0.000000,0.000000,0.000000,0.120000,250.000000,-1010.000000,-153.000000,-1448.000000,240.000000,-43.000000,-21.000000,22.000000,22.000000,22.000000,22.000000,22.000000,22.000000,22.000000,37.000000,38.000000,39.000000,40.000000,40.000000,40.000000,43.000000,1,1,1,1,1,1,1,0,0,0,0,0,0,0,75,5400.359863,1218,0,1,0.440586,-0.129999,-0.271999,3.114000,-0.022000,0.000000,1
0.995984,9.627000,-65.706001,-34.055000,114.456001,7.278000,38.068001,143.632996,0.000000,0.000000,0.000000,0.000000,0.000000,0.000000,0.120000,250.000000,-1010.000000,-153.000000,-1448.000000,240.000000,-43.000000,-21.000000,22.000000,22.000000,22.000000,22.000000,22.000000,22.000000,22.000000,37.000000,38.000000,39.000000,40.000000,40.000000,40.000000,43.000000,1,1,1,1,1,1,1,0,0,0,0,0,0,0,75,5400.360840,1217,0,1,0.443515,-0.129998,-0.272000,3.113000,-0.026000,0.000000,1
1.006027,9.604000,-65.555000,-33.890999,114.205002,7.439000,37.985001,143.712997,0.000000,0.000000,0.000000,0.000000,0.000000,0.000000,0.120000,250.000000,-1010.000000,-153.000000,-1448.000000,240.000000,-43.000000,-21.000000,22.000000,22.000000,22.000000,22.000000,22.000000,22.000000,22.000000,37.000000,38.000000,39.000000,40.000000,40.000000,40.000000,43.000000,1,1,1,1,1,1,1,0,0,0,0,0,0,0,75,5400.357910,1218,0,1,0.445985,-0.129999,-0.271999,3.112000,-0.030000,0.000000,1
1.015993,9.585000,-65.403999,-33.733002,113.952003,7.601000,37.902000,143.794006,0.000000,0.000000,0.000000,0.000000,0.000000,0.000000,0.120000,250.000000,-1010.000000,-153.000000,-1448.000000,240.000000,-43.000000,-21.000000,22.000000,22.000000,22.000000,22.000000,22.000000,22.000000,22.000000,37.000000,38.000000,39.000000,40.000000,40.000000,40.000000,43.000000,1,1,1,1,1,1,1,0,0,0,0,0,0,0,75,5400.357910,1218,0,1,0.448459,-0.129998,-0.272000,3.111000,-0.034000,0.000000,1
1.026053,9.567000,-65.250999,-33.574001,113.696999,7.763000,37.814999,143.876999,0.000000,0.000000,0.000000,0.000000,0.000000,0.000000,0.120000,250.000000,-1010.000000,-153.000000,-1448.000000,240.000000,-43.000000,-21.000000,22.000000,22.000000,22.000000,22.000000,22.000000,22.000000,22.000000,37.000000,38.000000,39.000000,40.000000,40.000000,40.000000,43.000000,1,1,1,1,1,1,1,0,0,0,0,0,0,0,75,5400.357910,1217,0,1,0.450963,-0.129998,-0.272000,3.111000,-0.038000,0.000000,1
1.036060,9.550000,-65.096001,-33.414001,113.438004,7.926000,37.722000,143.960999,0.000000,0.000000,0.000000,0.000000,0.000000,0.000000,0.120000,250.000000,-1010.000000,-153.000000,-1448.000000,240.000000,-43.000000,-21.000000,22.000000,22.000000,22.000000,22.000000,22.000000,22.000000,22.000000,37.000000,38.000000,39.000000,40.000000,40.000000,40.000000,43.000000,1,1,1,1,1,1,1,0,0,0,0,0,0,0,75,5400.357910,1217,0,1,0.453518,-0.129999,-0.271999,3.110000,-0.042000,0.000000,1
1.046042,9.533000,-64.936996,-33.250999,113.176003,8.092000,37.620998,144.048996,0.000000,0.000000,0.000000,0.000000,0.000000,0.000000,0.120000,250.000000,-1010.000000,-153.000000,-1448.000000,240.000000,-43.000000,-21.000000,22.000000,22.000000,22.000000,22.000000,22.000000,22.000000,22.000000,37.000000,38.000000,39.000000,40.000000,40.000000,40.000000,43.000000,1,1,1,1,1,1,1,0,0,0,0,0,0,0,75,5400.359863,1218,0,1,0.456145,-0.129998,-0.272000,3.109000,-0.046000,-0.001000,1
1.056046,9.513000,-64.741997,-33.049000,112.852997,8.295000,37.487000,144.158005,0.000000,0.000000,0.000000,0.000000,0.000000,0.000000,0.120000,250.000000,-1010.000000,-153.000000,-1448.000000,240.000000,-43.000000,-21.000000,22.000000,22.000000,22.000000,22.000000,22.000000,22.000000,22.000000,37.000000,38.000000,39.000000,40.000000,40.000000,40.000000,43.000000,1,1,1,1,1,1,1,0,0,0,0,0,0,0,75,5400.357910,1218,0,1,0.459420,-0.129998,-0.272000,3.108000,-0.052000,-0.001000,1
1.066073,9.498000,-64.573997,-32.875000,112.577003,8.469000,37.362000,144.253006,0.000000,0.000000,0.000000,0.000000,0.000000,0.000000,0.120000,250.000000,-1010.000000,-153.000000,-1448.000000,240.000000,-43.000000,-21.000000,22.000000,22.000000,22.000000,22.000000,22.000000,22.000000,22.000000,37.000000,38.000000,39.000000,40.000000,40.000000,40.000000,43.000000,1,1,1,1,1,1,1,0,0,0,0,0,0,0,75,5400.357910,1217,0,1,0.462276,-0.129998,-0.272000,3.107000,-0.056000,-0.001000,1
1.076042,9.483000,-64.400002,-32.694000,112.292999,8.647000,37.223000,144.352997,0.000000,0.000000,0.000000,0.000000,0.000000,0.000000,0.120000,250.000000,-1010.000000,-153.000000,-1448.000000,240.000000,-43.000000,-21.000000,22.000000,22.000000,22.000000,22.000000,22.000000,22.000000,22.000000,37.000000,38.000000,39.000000,40.000000,40.000000,40.000000,43.000000,1,1,1,1,1,1,1,0,0,0,0,0,0,0,75,5400.357910,1217,0,1,0.465265,-0.129999,-0.272000,3.106000,-0.061000,-0.001000,1
1.086024,9.469000,-64.220001,-32.505001,112.000000,8.831000,37.068001,144.459000,0.000000,0.000000,0.000000,0.000000,0.000000,0.000000,0.120000,250.000000,-1010.000000,-153.000000,-1448.000000,240.000000,-43.000000,-21.000000,22.000000,22.000000,22.000000,22.000000,22.000000,22.000000,22.000000,37.000000,38.000000,39.000000,40.000000,40.000000,40.000000,43.000000,1,1,1,1,1,1,1,0,0,0,0,0,0,0,75,5400.359863,1218,0,1,0.468405,-0.129998,-0.272000,3.105000,-0.067000,-0.002000,1
1.096101,9.461000,-64.109001,-32.388000,111.820000,8.945000,36.966000,144.524002,0.000000,0.000000,0.000000,0.000000,0.000000,0.000000,0.120000,250.000000,-1010.000000,-153.000000,-1448.000000,240.000000,-43.000000,-21.000000,22.000000,22.000000,22.000000,22.000000,22.000000,22.000000,22.000000,37.000000,38.000000,39.000000,40.000000,40.000000,40.000000,43.000000,1,1,1,1,1,1,1,0,0,0,0,0,0,0,75,5400.357910,1218,0,1,0.470369,-0.129998,-0.272000,3.105000,-0.070000,-0.002000,1
1.106046,9.449000,-63.917000,-32.186001,111.511002,9.139000,36.782001,144.639008,0.000000,0.000000,0.000000,0.000000,0.000000,0.000000,0.120000,250.000000,-1010.000000,-153.000000,-1448.000000,240.000000,-43.000000,-21.000000,22.000000,22.000000,22.000000,22.000000,22.000000,22.000000,22.000000,37.000000,38.000000,39.000000,40.000000,40.000000,40.000000,43.000000,1,1,1,1,1,1,1,0,0,0,0,0,0,0,75,5400.357910,1218,0,1,0.473784,-0.129999,-0.272000,3.103000,-0.076000,-0.002000,1
1.116087,9.438000,-63.716000,-31.974001,111.191002,9.340000,36.576000,144.761002,0.000000,0.000000,0.000000,0.000000,0.000000,0.000000,0.120000,250.000000,-1010.000000,-153.000000,-1448.000000,240.000000,-43.000000,-21.000000,22.000000,22.000000,22.000000,22.000000,22.000000,22.000000,22.000000,37.000000,38.000000,39.000000,40.000000,40.000000,40.000000,43.000000,1,1,1,1,1,1,1,0,0,0,0,0,0,0,75,5400.357910,1218,0,1,0.477389,-0.129999,-0.271999,3.102000,-0.082000,-0.003000,1
1.126057,9.428000,-63.505001,-31.752001,110.858002,9.549000,36.348000,144.889008,0.000000,0.000000,0.000000,0.000000,0.000000,0.000000,0.120000,250.000000,-1010.000000,-153.000000,-1448.000000,240.000000,-43.000000,-21.000000,22.000000,22.000000,22.000000,22.000000,22.000000,22.000000,22.000000,37.000000,38.000000,39.000000,40.000000,40.000000,40.000000,43.000000,1,1,1,1,1,1,1,0,0,0,0,0,0,0,75,5400.357910,1217,0,1,0.481197,-0.129999,-0.272000,3.101000,-0.089000,-0.003000,1
1.136062,9.419000,-63.236000,-31.473000,110.442001,9.809000,36.042999,145.052002,0.000000,0.000000,0.000000,0.000000,0.000000,0.000000,0.120000,250.000000,-1010.000000,-153.000000,-1448.000000,240.000000,-43.000000,-21.000000,22.000000,22.000000,22.000000,22.000000,22.000000,22.000000,22.000000,37.000000,38.000000,39.000000,40.000000,40.000000,40.000000,43.000000,1,1,1,1,1,1,1,0,0,0,0,0,0,0,75,5400.359863,1217,0,1,0.486048,-0.129998,-0.272000,3.099000,-0.098000,-0.003000,1
1.146075,9.414000,-62.999001,-31.229000,110.080002,10.035000,35.761002,145.195999,0.000000,0.000000,0.000000,0.000000,0.000000,0.000000,0.120000,250.000000,-1010.000000,-153.000000,-1448.000000,240.000000,-43.000000,-21.000000,22.000000,22.000000,22.000000,22.000000,22.000000,22.000000,22.000000,37.000000,38.000000,39.000000,40.000000,40.000000,40.000000,43.000000,1,1,1,1,1,1,1,0,0,0,0,0,0,0,75,5400.359863,1217,0,1,0.490337,-0.129999,-0.272000,3.098000,-0.105000,-0.004000,1
1.156010,9.410000,-62.748001,-30.974001,109.702003,10.268000,35.452000,145.347000,0.000000,0.000000,0.000000,0.000000,0.000000,0.000000,0.120000,250.000000,-1010.000000,-153.000000,-1448.000000,240.000000,-43.000000,-21.000000,22.000000,22.000000,22.000000,22.000000,22.000000,22.000000,22.000000,37.000000,38.000000,39.000000,40.000000,40.000000,40.000000,43.000000,1,1,1,1,1,1,1,0,0,0,0,0,0,0,75,5400.357910,1217,0,1,0.494858,-0.129999,-0.271999,3.096000,-0.113000,-0.004000,1
1.165982,9.409000,-62.483002,-30.709000,109.308998,10.509000,35.116001,145.505997,0.000000,0.000000,0.000000,0.000000,0.000000,0.000000,0.120000,250.000000,-1010.000000,-153.000000,-1448.000000,240.000000,-43.000000,-21.000000,22.000000,22.000000,22.000000,22.000000,22.000000,22.000000,22.000000,37.000000,38.000000,39.000000,40.000000,40.000000,40.000000,43.000000,1,1,1,1,1,1,1,0,0,0,0,0,0,0,75,5400.359863,1217,0,1,0.499614,-0.129999,-0.271999,3.095000,-0.122000,-0.004000,1
1.175997,9.411000,-62.201000,-30.434000,108.900002,10.757000,34.750000,145.671997,0.000000,0.000000,0.000000,0.000000,0.000000,0.000000,0.120000,250.000000,-1010.000000,-153.000000,-1448.000000,240.000000,-43.000000,-21.000000,22.000000,22.000000,22.000000,22.000000,22.000000,22.000000,22.000000,37.000000,38.000000,39.000000,40.000000,40.000000,40.000000,43.000000,1,1,1,1,1,1,1,0,0,0,0,0,0,0,75,5400.359863,1218,0,1,0.504610,-0.129999,-0.271999,3.093000,-0.131000,-0.005000,1
1.186051,9.417000,-61.840000,-30.091000,108.385002,11.065000,34.272999,145.880997,0.000000,0.000000,0.000000,0.000000,0.000000,0.000000,0.120000,250.000000,-1010.000000,-153.000000,-1448.000000,240.000000,-43.000000,-21.000000,22.000000,22.000000,22.000000,22.000000,22.000000,22.000000,22.000000,37.000000,38.000000,39.000000,40.000000,40.000000,40.000000,43.000000,1,1,1,1,1,1,1,0,0,0,0,0,0,0,75,5400.357910,1217,0,1,0.510923,-0.129998,-0.272000,3.091000,-0.143000,-0.005000,1
1.196032,9.425000,-61.518002,-29.795000,107.936996,11.328000,33.842999,146.063004,0.000000,0.000000,0.000000,0.000000,0.000000,0.000000,0.120000,250.000000,-1010.000000,-153.000000,-1448.000000,240.000000,-43.000000,-21.000000,22.000000,22.000000,22.000000,22.000000,22.000000,22.000000,22.000000,37.000000,38.000000,39.000000,40.000000,40.000000,40.000000,43.000000,1,1,1,1,1,1,1,0,0,0,0,0,0,0,75,5400.359863,1217,0,1,0.516448,-0.129998,-0.272000,3.089000,-0.153000,-0.006000,1
1.206047,9.436000,-61.176998,-29.490999,107.470001,11.598000,33.383999,146.251007,0.000000,0.000000,0.000000,0.000000,0.000000,0.000000,0.120000,250.000000,-1010.000000,-153.000000,-1448.000000,240.000000,-43.000000,-21.000000,22.000000,22.000000,22.000000,22.000000,22.000000,22.000000,22.000000,37.000000,38.000000,39.000000,40.000000,40.000000,40.000000,43.000000,1,1,1,1,1,1,1,0,0,0,0,0,0,0,75,5400.357910,1217,0,1,0.522210,-0.129999,-0.271999,3.087000,-0.164000,-0.006000,1
1.216045,9.451000,-60.813999,-29.179001,106.983002,11.872000,32.895000,146.445999,0.000000,0.000000,0.000000,0.000000,0.000000,0.000000,0.120000,250.000000,-1010.000000,-153.000000,-1448.000000,240.000000,-43.000000,-21.000000,22.000000,22.000000,22.000000,22.000000,22.000000,22.000000,22.000000,37.000000,38.000000,39.000000,40.000000,40.000000,40.000000,43.000000,1,1,1,1,1,1,1,0,0,0,0,0,0,0,75,5400.357910,1217,0,1,0.528203,-0.129999,-0.271999,3.085000,-0.175000,-0.007000,1
1.225979,9.469000,-60.429001,-28.861000,106.475998,12.152000,32.376999,146.647003,0.000000,0.000000,0.000000,0.000000,0.000000,0.000000,0.120000,250.000000,-1010.000000,-153.000000,-1448.000000,240.000000,-43.000000,-21.000000,22.000000,22.000000,22.000000,22.000000,22.000000,22.000000,22.000000,37.000000,38.000000,39.000000,40.000000,40.000000,40.000000,43.000000,1,1,1,1,1,1,1,0,0,0,0,0,0,0,75,5400.359863,1217,0,1,0.534423,-0.129999,-0.272000,3.082000,-0.187000,-0.007000,1
1.236050,9.481000,-60.188000,-28.667000,106.161003,12.322000,32.053001,146.770004,0.000000,0.000000,0.000000,0.000000,0.000000,0.000000,0.120000,250.000000,-1010.000000,-153.000000,-1448.000000,240.000000,-43.000000,-21.000000,22.000000,22.000000,22.000000,22.000000,22.000000,22.000000,22.000000,37.000000,38.000000,39.000000,40.000000,40.000000,40.000000,43.000000,1,1,1,1,1,1,1,0,0,0,0,0,0,0,75,5400.356934,1218,0,1,0.538260,-0.129999,-0.271999,3.081000,-0.194000,-0.007000,1
1.246008,9.505000,-59.765999,-28.340000,105.620003,12.607000,31.490999,146.979004,0.000000,0.000000,0.000000,0.000000,0.000000,0.000000,0.120000,250.000000,-1010.000000,-153.000000,-1448.000000,240.000000,-43.000000,-21.000000,22.000000,22.000000,22.000000,22.000000,22.000000,22.000000,22.000000,37.000000,38.000000,39.000000,40.000000,40.000000,40.000000,43.000000,1,1,1,1,1,1,1,0,0,0,0,0,0,0,75,5400.356934,1217,0,1,0.544822,-0.129999,-0.272000,3.079000,-0.206000,-0.008000,1
1.255971,9.533000,-59.320000,-28.009001,105.056999,12.896000,30.903999,147.192993,0.000000,0.000000,0.000000,0.000000,0.000000,0.000000,0.120000,250.000000,-1010.000000,-153.000000,-1448.000000,240.000000,-43.000000,-21.000000,22.000000,22.000000,22.000000,22.000000,22.000000,22.000000,22.000000,37.000000,38.000000,39.000000,40.000000,40.000000,40.000000,43.000000,1,1,1,1,1,1,1,0,0,0,0,0,0,0,75,5400.357910,1217,0,1,0.551585,-0.129998,-0.272000,3.076000,-0.218000,-0.008000,1
1.266008,9.570000,-58.751999,-27.608999,104.351997,13.244000,30.169001,147.455002,0.000000,0.000000,0.000000,0.000000,0.000000,0.000000,0.120000,250.000000,-1010.000000,-153.000000,-1448.000000,240.000000,-43.000000,-21.000000,22.000000,22.000000,22.000000,22.000000,22.000000,22.000000,22.000000,37.000000,38.000000,39.000000,40.000000,40.000000,40.000000,43.000000,1,1,1,1,1,1,1,0,0,0,0,0,0,0,75,5400.359863,1218,0,1,0.559947,-0.129999,-0.272000,3.074000,-0.234000,-0.008000,1
1.276029,9.606000,-58.250999,-27.274000,103.737999,13.535000,29.532000,147.677994,0.000000,0.000000,0.000000,0.000000,0.000000,0.000000,0.120000,250.000000,-1010.000000,-153.000000,-1448.000000,240.000000,-43.000000,-21.000000,22.000000,22.000000,22.000000,22.000000,22.000000,22.000000,22.000000,37.000000,38.000000,39.000000,40.000000,40.000000,40.000000,43.000000,1,1,1,1,1,1,1,0,0,0,0,0,0,0,75,5400.357910,1217,0,1,0.567103,-0.129999,-0.272000,3.071000,-0.247000,-0.009000,1
1.286008,9.644000,-57.723999,-26.940001,103.098999,13.826000,28.878000,147.903000,0.000000,0.000000,0.000000,0.000000,0.000000,0.000000,0.120000,250.000000,-1010.000000,-153.000000,-1448.000000,240.000000,-43.000000,-21.000000,22.000000,22.000000,22.000000,22.000000,22.000000,22.000000,22.000000,37.000000,38.000000,39.000000,40.000000,40.000000,40.000000,43.000000,1,1,1,1,1,1,1,0,0,0,0,0,0,0,75,5400.357910,1217,0,1,0.574414,-0.129998,-0.272000,3.068000,-0.261000,-0.009000,1
1.295990,9.685000,-57.172001,-26.608000,102.435997,14.115000,28.208000,148.130997,0.000000,0.000000,0.000000,0.000000,0.000000,0.000000,0.120000,250.000000,-1010.000000,-153.000000,-1448.000000,240.000000,-43.000000,-21.000000,22.000000,22.000000,22.000000,22.000000,22.000000,22.000000,22.000000,37.000000,38.000000,39.000000,40.000000,40.000000,40.000000,43.000000,1,1,1,1,1,1,1,0,0,0,0,0,0,0,75,5400.357910,1218,0,1,0.581862,-0.129998,-0.272000,3.066000,-0.275000,-0.009000,1
1.306008,9.729000,-56.595001,-26.278000,101.748001,14.403000,27.525000,148.362000,0.000000,0.000000,0.000000,0.000000,0.000000,0.000000,0.120000,250.000000,-1010.000000,-153.000000,-1448.000000,240.000000,-43.000000,-21.000000,22.000000,22.000000,22.000000,22.000000,22.000000,22.000000,22.000000,37.000000,38.000000,39.000000,40.000000,40.000000,40.000000,43.000000,1,1,1,1,1,1,1,0,0,0,0,0,0,0,75,5400.357910,1217,0,1,0.589430,-0.129999,-0.271999,3.063000,-0.289000,-0.009000,1
1.316066,9.785000,-55.869999,-25.889999,100.889000,14.744000,26.695999,148.639999,0.000000,0.000000,0.000000,0.000000,0.000000,0.000000,0.120000,250.000000,-1010.000000,-153.000000,-1448.000000,240.000000,-43.000000,-21.000000,22.000000,22.000000,22.000000,22.000000,22.000000,22.000000,22.000000,37.000000,38.000000,39.000000,40.000000,40.000000,40.000000,43.000000,1,1,1,1,1,1,1,0,0,0,0,0,0,0,75,5400.357910,1217,0,1,0.598641,-0.129998,-0.271999,3.060000,-0.306000,-0.010000,1
1.326054,9.833000,-55.238998,-25.573000,100.143997,15.025000,26.000000,148.873001,0.000000,0.000000,0.000000,0.000000,0.000000,0.000000,0.120000,250.000000,-1010.000000,-153.000000,-1448.000000,240.000000,-43.000000,-21.000000,22.000000,22.000000,22.000000,22.000000,22.000000,22.000000,22.000000,37.000000,38.000000,39.000000,40.000000,40.000000,40.000000,43.000000,1,1,1,1,1,1,1,0,0,0,0,0,0,0,75,5400.359863,1217,0,1,0.606402,-0.129998,-0.272000,3.057000,-0.320000,-0.010000,1
1.336013,9.883000,-54.585999,-25.264000,99.373001,15.300000,25.304001,149.106003,0.000000,0.000000,0.000000,0.000000,0.000000,0.000000,0.120000,250.000000,-1010.000000,-153.000000,-1448.000000,240.000000,-43.000000,-21.000000,22.000000,22.000000,22.000000,22.000000,22.000000,22.000000,22.000000,37.000000,38.000000,39.000000,40.000000,40.000000,40.000000,43.000000,1,1,1,1,1,1,1,0,0,0,0,0,0,0,75,5400.357910,1218,0,1,0.614219,-0.129999,-0.271999,3.054000,-0.334000,-0.010000,1
1.346126,9.913000,-54.182999,-25.083000,98.898003,15.463000,24.886999,149.246994,0.000000,0.000000,0.000000,0.000000,0.000000,0.000000,0.120000,250.000000,-1010.000000,-153.000000,-1448.000000,240.000000,-43.000000,-21.000000,22.000000,22.000000,22.000000,22.000000,22.000000,22.000000,22.000000,37.000000,38.000000,39.000000,40.000000,40.000000,40.000000,43.000000,1,1,1,1,1,1,1,0,0,0,0,0,0,0,75,5400.357910,1217,0,1,0.618926,-0.129998,-0.272000,3.053000,-0.342000,-0.010000,1
1.356024,9.963000,-53.495998,-24.789000,98.086998,15.731000,24.197001,149.479996,0.000000,0.000000,0.000000,0.000000,0.000000,0.000000,0.120000,250.000000,-1010.000000,-153.000000,-1448.000000,240.000000,-43.000000,-21.000000,22.000000,22.000000,22.000000,22.000000,22.000000,22.000000,22.000000,37.000000,38.000000,39.000000,40.000000,40.000000,40.000000,43.000000,1,1,1,1,1,1,1,0,0,0,0,0,0,0,75,5400.359863,1218,0,1,0.626788,-0.129998,-0.272000,3.050000,-0.357000,-0.010000,1
1.366029,10.014000,-52.791000,-24.507000,97.253998,15.992000,23.514999,149.712006,0.000000,0.000000,0.000000,0.000000,0.000000,0.000000,0.120000,250.000000,-1010.000000,-153.000000,-1448.000000,240.000000,-43.000000,-21.000000,22.000000,22.000000,22.000000,22.000000,22.000000,22.000000,22.000000,37.000000,38.000000,39.000000,40.000000,40.000000,40.000000,43.000000,1,1,1,1,1,1,1,0,0,0,0,0,0,0,75,5400.357910,1217,0,1,0.634649,-0.129999,-0.272000,3.047000,-0.371000,-0.010000,1
1.376017,10.065000,-52.069000,-24.236000,96.397003,16.247000,22.843000,149.944000,0.000000,0.000000,0.000000,0.000000,0.000000,0.000000,0.120000,250.000000,-1010.000000,-153.000000,-1448.000000,240.000000,-43.000000,-21.000000,22.000000,22.000000,22.000000,22.000000,22.000000,22.000000,22.000000,37.000000,38.000000,39.000000,40.000000,40.000000,40.000000,43.000000,1,1,1,1,1,1,1,0,0,0,0,0,0,0,75,5400.359863,1217,0,1,0.642493,-0.129998,-0.272000,3.045000,-0.385000,-0.010000,1
1.386036,10.124000,-51.182999,-23.927000,95.341003,16.545000,22.056000,150.220001,0.000000,0.000000,0.000000,0.000000,0.000000,0.000000,0.120000,250.000000,-1010.000000,-153.000000,-1448.000000,240.000000,-43.000000,-21.000000,22.000000,22.000000,22.000000,22.000000,22.000000,22.000000,22.000000,37.000000,38.000000,39.000000,40.000000,40.000000,40.000000,43.000000,1,1,1,1,1,1,1,0,0,0,0,0,0,0,75,5400.357910,1217,0,1,0.651857,-0.129998,-0.272000,3.041000,-0.402000,-0.010000,1
1.396016,10.173000,-50.430000,-23.686001,94.438004,16.785000,21.419001,150.447998,0.000000,0.000000,0.000000,0.000000,0.000000,0.000000,0.120000,250.000000,-1010.000000,-153.000000,-1448.000000,240.000000,-43.000000,-21.000000,22.000000,22.000000,22.000000,22.000000,22.000000,22.000000,22.000000,37.000000,38.000000,39.000000,40.000000,40.000000,40.000000,43.000000,1,1,1,1,1,1,1,0,0,0,0,0,0,0,75,5400.359863,1218,0,1,0.659598,-0.129999,-0.271999,3.039000,-0.415000,-0.009000,1
1.406007,10.219000,-49.666000,-23.458000,93.514999,17.018000,20.804001,150.675003,0.000000,0.000000,0.000000,0.000000,0.000000,0.000000,0.120000,250.000000,-1010.000000,-153.000000,-1448.000000,240.000000,-43.000000,-21.000000,22.000000,22.000000,22.000000,22.000000,22.000000,22.000000,22.000000,37.000000,38.000000,39.000000,40.000000,40.000000,40.000000,43.000000,1,1,1,1,1,1,1,0,0,0,0,0,0,0,75,5400.359863,1218,0,1,0.667265,-0.129998,-0.272000,3.036000,-0.429000,-0.009000,1
1.416106,10.271000,-48.737000,-23.205999,92.383003,17.289000,20.097000,150.945007,0.000000,0.000000,0.000000,0.000000,0.000000,0.000000,0.120000,250.000000,-1010.000000,-153.000000,-1448.000000,240.000000,-43.000000,-21.000000,22.000000,22.000000,22.000000,22.000000,22.000000,22.000000,22.000000,37.000000,38.000000,39.000000,40.000000,40.000000,40.000000,43.000000,1,1,1,1,1,1,1,0,0,0,0,0,0,0,75,5400.357910,1217,0,1,0.676344,-0.129999,-0.271999,3.033000,-0.445000,-0.009000,1
1.426032,10.312000,-47.956001,-23.011999,91.420998,17.507000,19.539000,151.167999,0.000000,0.000000,0.000000,0.000000,0.000000,0.000000,0.120000,250.000000,-1010.000000,-153.000000,-1448.000000,240.000000,-43.000000,-21.000000,22.000000,22.000000,22.000000,22.000000,22.000000,22.000000,22.000000,37.000000,38.000000,39.000000,40.000000,40.000000,40.000000,43.000000,1,1,1,1,1,1,1,0,0,0,0,0,0,0,75,5400.359863,1217,0,1,0.683789,-0.129998,-0.272000,3.030000,-0.458000,-0.009000,1
1.436030,10.349000,-47.169998,-22.834999,90.444000,17.716999,19.010000,151.389008,0.000000,0.000000,0.000000,0.000000,0.000000,0.000000,0.120000,250.000000,-1010.000000,-153.000000,-1448.000000,240.000000,-43.000000,-21.000000,22.000000,22.000000,22.000000,22.000000,22.000000,22.000000,22.000000,37.000000,38.000000,39.000000,40.000000,40.000000,40.000000,43.000000,1,1,1,1,1,1,1,0,0,0,0,0,0,0,75,5400.359863,1218,0,1,0.691107,-0.129998,-0.272000,3.027000,-0.470000,-0.008000,1
1.446061,10.382000,-46.382000,-22.673000,89.453003,17.921000,18.513000,151.608994,0.000000,0.000000,0.000000,0.000000,0.000000,0.000000,0.120000,250.000000,-1010.000000,-153.000000,-1448.000000,240.000000,-43.000000,-21.000000,22.000000,22.000000,22.000000,22.000000,22.000000,22.000000,22.000000,37.000000,38.000000,39.000000,40.000000,40.000000,40.000000,43.000000,1,1,1,1,1,1,1,0,0,0,0,0,0,0,75,5400.357910,1217,0,1,0.698284,-0.129999,-0.271999,3.025000,-0.483000,-0.008000,1
1.456095,10.411000,-45.592999,-22.528000,88.449997,18.118000,18.051001,151.826996,0.000000,0.000000,0.000000,0.000000,0.000000,0.000000,0.120000,250.000000,-1010.000000,-153.000000,-1448.000000,240.000000,-43.000000,-21.000000,22.000000,22.000000,22.000000,22.000000,22.000000,22.000000,22.000000,37.000000,38.000000,39.000000,40.000000,40.000000,40.000000,43.000000,1,1,1,1,1,1,1,0,0,0,0,0,0,0,75,5400.359863,1218,0,1,0.705305,-0.129999,-0.271999,3.022000,-0.495000,-0.008000,1
1.466139,10.426000,-45.120998,-22.448999,87.844002,18.233999,17.791000,151.957001,0.000000,0.000000,0.000000,0.000000,0.000000,0.000000,0.120000,250.000000,-1010.000000,-153.000000,-1448.000000,240.000000,-43.000000,-21.000000,22.000000,22.000000,22.000000,22.000000,22.000000,22.000000,22.000000,37.000000,38.000000,39.000000,40.000000,40.000000,40.000000,43.000000,1,1,1,1,1,1,1,0,0,0,0,0,0,0,75,5400.359863,1217,0,1,0.709438,-0.129998,-0.271999,3.021000,-0.502000,-0.007000,1
1.476013,10.448000,-44.337002,-22.330999,86.827003,18.420000,17.386999,152.171997,0.000000,0.000000,0.000000,0.000000,0.000000,0.000000,0.120000,250.000000,-1010.000000,-153.000000,-1448.000000,240.000000,-43.000000,-21.000000,22.000000,22.000000,22.000000,22.000000,22.000000,22.000000,22.000000,37.000000,38.000000,39.000000,40.000000,40.000000,40.000000,43.000000,1,1,1,1,1,1,1,0,0,0,0,0,0,0,75,5400.357910,1217,0,1,0.716182,-0.129999,-0.271999,3.018000,-0.513000,-0.007000,1
1.486001,10.464000,-43.558998,-22.229000,85.804001,18.600000,17.021000,152.386002,0.000000,0.000000,0.000000,0.000000,0.000000,0.000000,0.120000,250.000000,-1010.000000,-153.000000,-1448.000000,240.000000,-43.000000,-21.000000,22.000000,22.000000,22.000000,22.000000,22.000000,22.000000,22.000000,37.000000,38.000000,39.000000,40.000000,40.000000,40.000000,43.000000,1,1,1,1,1,1,1,0,0,0,0,0,0,0,75,5400.357910,1218,0,1,0.722739,-0.129999,-0.271999,3.016000,-0.524000,-0.007000,1
1.496107,10.478000,-42.634998,-22.127001,84.572998,18.808001,16.632999,152.639999,0.000000,0.000000,0.000000,0.000000,0.000000,0.000000,0.120000,250.000000,-1010.000000,-153.000000,-1448.000000,240.000000,-43.000000,-21.000000,22.000000,22.000000,22.000000,22.000000,22.000000,22.000000,22.000000,37.000000,38.000000,39.000000,40.000000,40.000000,40.000000,43.000000,1,1,1,1,1,1,1,0,0,0,0,0,0,0,75,5400.359863,1218,0,1,0.730343,-0.129998,-0.272000,3.013000,-0.536000,-0.006000,1
1.506114,10.483000,-41.876999,-22.059999,83.544998,18.974001,16.354000,152.850006,0.000000,0.000000,0.000000,0.000000,0.000000,0.000000,0.120000,250.000000,-1010.000000,-153.000000,-1448.000000,240.000000,-43.000000,-21.000000,22.000000,22.000000,22.000000,22.000000,22.000000,22.000000,22.000000,37.000000,38.000000,39.000000,40.000000,40.000000,40.000000,43.000000,1,1,1,1,1,1,1,0,0,0,0,0,0,0,75,5400.359863,1217,0,1,0.736449,-0.129999,-0.271999,3.011000,-0.546000,-0.006000,1
1.516159,10.484000,-41.130001,-22.009001,82.519997,19.134001,16.115000,153.059006,0.000000,0.000000,0.000000,0.000000,0.000000,0.000000,0.120000,250.000000,-1010.000000,-153.000000,-1448.000000,240.000000,-43.000000,-21.000000,22.000000,22.000000,22.000000,22.000000,22.000000,22.000000,22.000000,37.000000,38.000000,39.000000,40.000000,40.000000,40.000000,43.000000,1,1,1,1,1,1,1,0,0,0,0,0,0,0,75,5400.359863,1217,0,1,0.742336,-0.129998,-0.271999,3.009000,-0.556000,-0.005000,1
1.526028,10.479000,-40.397999,-21.972000,81.499001,19.289000,15.915000,153.266006,0.000000,0.000000,0.000000,0.000000,0.000000,0.000000,0.120000,250.000000,-1010.000000,-153.000000,-1448.000000,240.000000,-43.000000,-21.000000,22.000000,22.000000,22.000000,22.000000,22.000000,22.000000,22.000000,37.000000,38.000000,39.000000,40.000000,40.000000,40.000000,43.000000,1,1,1,1,1,1,1,0,0,0,0,0,0,0,75,5400.357910,1218,0,1,0.747997,-0.129999,-0.271999,3.007000,-0.564000,-0.005000,1
1.536107,10.467000,-39.540001,-21.948000,80.282997,19.466999,15.729000,153.511002,0.000000,0.000000,0.000000,0.000000,0.000000,0.000000,0.120000,250.000000,-1010.000000,-153.000000,-1448.000000,240.000000,-43.000000,-21.000000,22.000000,22.000000,22.000000,22.000000,22.000000,22.000000,22.000000,37.000000,38.000000,39.000000,40.000000,40.000000,40.000000,43.000000,1,1,1,1,1,1,1,0,0,0,0,0,0,0,75,5400.360840,1218,0,1,0.754484,-0.129999,-0.272000,3.005000,-0.575000,-0.004000,1
1.546061,10.451000,-38.845001,-21.941999,79.279999,19.608999,15.617000,153.714005,0.000000,0.000000,0.000000,0.000000,0.000000,0.000000,0.120000,250.000000,-1010.000000,-153.000000,-1448.000000,240.000000,-43.000000,-21.000000,22.000000,22.000000,22.000000,22.000000,22.000000,22.000000,22.000000,37.000000,38.000000,39.000000,40.000000,40.000000,40.000000,43.000000,1,1,1,1,1,1,1,0,0,0,0,0,0,0,75,5400.357910,1217,0,1,0.759630,-0.129999,-0.271999,3.003000,-0.582000,-0.004000,1
1.556046,10.431000,-38.167999,-21.950001,78.289001,19.745001,15.543000,153.916000,0.000000,0.000000,0.000000,0.000000,0.000000,0.000000,0.120000,250.000000,-1010.000000,-153.000000,-1448.000000,240.000000,-43.000000,-21.000000,22.000000,22.000000,22.000000,22.000000,22.000000,22.000000,22.000000,37.000000,38.000000,39.000000,40.000000,40.000000,40.000000,43.000000,1,1,1,1,1,1,1,0,0,0,0,0,0,0,75,5400.357910,1218,0,1,0.764536,-0.129998,-0.272000,3.002000,-0.590000,-0.003000,1
1.566049,10.417000,-37.771999,-21.959999,77.700996,19.825001,15.517000,154.035004,0.000000,0.000000,0.000000,0.000000,0.000000,0.000000,0.120000,250.000000,-1010.000000,-153.000000,-1448.000000,240.000000,-43.000000,-21.000000,22.000000,22.000000,22.000000,22.000000,22.000000,22.000000,22.000000,37.000000,38.000000,39.000000,40.000000,40.000000,40.000000,43.000000,1,1,1,1,1,1,1,0,0,0,0,0,0,0,75,5400.357910,1218,0,1,0.767364,-0.129998,-0.272000,3.001000,-0.594000,-0.003000,1
1.576249,10.391000,-37.129002,-21.988001,76.733002,19.952000,15.503000,154.233002,0.000000,0.000000,0.000000,0.000000,0.000000,0.000000,0.120000,250.000000,-1010.000000,-153.000000,-1448.000000,240.000000,-43.000000,-21.000000,22.000000,22.000000,22.000000,22.000000,22.000000,22.000000,22.000000,37.000000,38.000000,39.000000,40.000000,40.000000,40.000000,43.000000,1,1,1,1,1,1,1,0,0,0,0,0,0,0,75,5400.359863,1218,0,1,0.771884,-0.129998,-0.272000,2.999000,-0.600000,-0.003000,1
1.586945,10.341000,-36.145000,-22.054001,75.221001,20.145000,15.553000,154.546005,0.000000,0.000000,0.000000,0.000000,0.000000,0.000000,0.120000,250.000000,-1010.000000,-153.000000,-1448.000000,240.000000,-43.000000,-21.000000,22.000000,22.000000,22.000000,22.000000,22.000000,22.000000,22.000000,37.000000,38.000000,39.000000,40.000000,40.000000,40.000000,43.000000,1,1,1,1,1,1,1,0,0,0,0,0,0,0,75,5400.357910,1217,0,1,0.778615,-0.129999,-0.271999,2.997000,-0.610000,-0.002000,1
1.596896,10.305000,-35.560001,-22.110001,74.301003,20.259001,15.629000,154.737000,0.000000,0.000000,0.000000,0.000000,0.000000,0.000000,0.120000,250.000000,-1010.000000,-153.000000,-1448.000000,240.000000,-43.000000,-21.000000,22.000000,22.000000,22.000000,22.000000,22.000000,22.000000,22.000000,37.000000,38.000000,39.000000,40.000000,40.000000,40.000000,43.000000,1,1,1,1,1,1,1,0,0,0,0,0,0,0,75,5400.359863,1217,0,1,0.782512,-0.129998,-0.272000,2.996000,-0.615000,-0.002000,1
1.606920,10.268000,-34.999001,-22.174000,73.402000,20.367001,15.735000,154.927002,0.000000,0.000000,0.000000,0.000000,0.000000,0.000000,0.120000,250.000000,-1010.000000,-153.000000,-1448.000000,240.000000,-43.000000,-21.000000,22.000000,22.000000,22.000000,22.000000,22.000000,22.000000,22.000000,37.000000,38.000000,39.000000,40.000000,40.000000,40.000000,43.000000,1,1,1,1,1,1,1,0,0,0,0,0,0,0,75,5400.359863,1218,0,1,0.786175,-0.129999,-0.271999,2.995000,-0.620000,-0.001000,1
1.616955,10.244000,-34.673000,-22.216999,72.873001,20.430000,15.813000,155.039001,0.000000,0.000000,0.000000,0.000000,0.000000,0.000000,0.120000,250.000000,-1010.000000,-153.000000,-1448.000000,240.000000,-43.000000,-21.000000,22.000000,22.000000,22.000000,22.000000,22.000000,22.000000,22.000000,37.000000,38.000000,39.000000,40.000000,40.000000,40.000000,43.000000,1,1,1,1,1,1,1,0,0,0,0,0,0,0,75,5400.357910,1218,0,1,0.788264,-0.129999,-0.271999,2.994000,-0.622000,-0.001000,1
1.626913,10.195000,-34.048000,-22.312000,71.838997,20.549000,16.000999,155.261002,0.000000,0.000000,0.000000,0.000000,0.000000,0.000000,0.120000,250.000000,-1010.000000,-153.000000,-1448.000000,240.000000,-43.000000,-21.000000,22.000000,22.000000,22.000000,22.000000,22.000000,22.000000,22.000000,37.000000,38.000000,39.000000,40.000000,40.000000,40.000000,43.000000,1,1,1,1,1,1,1,0,0,0,0,0,0,0,75,5400.357910,1218,0,1,0.792199,-0.129999,-0.271999,2.993000,-0.627000,-0.001000,1
1.636955,10.153000,-33.551998,-22.399000,71.002998,20.643000,16.187000,155.442001,0.000000,0.000000,0.000000,0.000000,0.000000,0.000000,0.120000,250.000000,-1010.000000,-153.000000,-1448.000000,240.000000,-43.000000,-21.000000,22.000000,22.000000,22.000000,22.000000,22.000000,22.000000,22.000000,37.000000,38.000000,39.000000,40.000000,40.000000,40.000000,43.000000,1,1,1,1,1,1,1,0,0,0,0,0,0,0,75,5400.357910,1219,0,1,0.795241,-0.129998,-0.272000,2.992000,-0.630000,-0.001000,1
1.647000,10.102000,-32.987999,-22.513000,70.028999,20.749001,16.443001,155.656006,0.000000,0.000000,0.000000,0.000000,0.000000,0.000000,0.120000,250.000000,-1010.000000,-153.000000,-1448.000000,240.000000,-43.000000,-21.000000,22.000000,22.000000,22.000000,22.000000,22.000000,22.000000,22.000000,37.000000,38.000000,39.000000,40.000000,40.000000,40.000000,43.000000,1,1,1,1,1,1,1,0,0,0,0,0,0,0,75,5400.357910,1218,0,1,0.798618,-0.129999,-0.271999,2.991000,-0.634000,0.000000,1
1.656903,10.060000,-32.541000,-22.615000,69.241997,20.830999,16.681000,155.830994,0.000000,0.000000,0.000000,0.000000,0.000000,0.000000,0.120000,250.000000,-1010.000000,-153.000000,-1448.000000,240.000000,-43.000000,-21.000000,22.000000,22.000000,22.000000,22.000000,22.000000,22.000000,22.000000,37.000000,38.000000,39.000000,40.000000,40.000000,40.000000,43.000000,1,1,1,1,1,1,1,0,0,0,0,0,0,0,75,5400.359863,1218,0,1,0.801218,-0.129998,-0.272000,2.991000,-0.636000,0.000000,1
1.666897,10.018000,-32.116001,-22.723000,68.476997,20.909000,16.940001,156.003006,0.000000,0.000000,0.000000,0.000000,0.000000,0.000000,0.120000,250.000000,-1010.000000,-153.000000,-1448.000000,240.000000,-43.000000,-21.000000,22.000000,22.000000,22.000000,22.000000,22.000000,22.000000,22.000000,37.000000,38.000000,39.000000,40.000000,40.000000,40.000000,43.000000,1,1,1,1,1,1,1,0,0,0,0,0,0,0,75,5400.357910,1218,0,1,0.803634,-0.129999,-0.271999,2.990000,-0.638000,0.000000,1
1.676847,9.993000,-31.871000,-22.790001,68.028000,20.954000,17.105000,156.104996,0.000000,0.000000,0.000000,0.000000,0.000000,0.000000,0.120000,250.000000,-1010.000000,-153.000000,-1448.000000,240.000000,-43.000000,-21.000000,22.000000,22.000000,22.000000,22.000000,22.000000,22.000000,22.000000,37.000000,38.000000,39.000000,40.000000,40.000000,40.000000,43.000000,1,1,1,1,1,1,1,0,0,0,0,0,0,0,75,5400.359863,1217,0,1,0.805000,-0.129999,-0.271999,2.990000,-0.640000,0.000000,1
1.686884,9.952000,-31.476999,-22.906000,67.294998,21.025000,17.393999,156.272995,0.000000,0.000000,0.000000,0.000000,0.000000,0.000000,0.120000,250.000000,-1010.000000,-153.000000,-1448.000000,240.000000,-43.000000,-21.000000,22.000000,22.000000,22.000000,22.000000,22.000000,22.000000,22.000000,37.000000,38.000000,39.000000,40.000000,40.000000,40.000000,43.000000,1,1,1,1,1,1,1,0,0,0,0,0,0,0,75,5400.357910,1218,0,1,0.807148,-0.129998,-0.272000,2.990000,-0.641000,0.000000,1
1.696858,9.914000,-31.100000,-23.025999,66.581001,21.091000,17.698999,156.436996,0.000000,0.000000,0.000000,0.000000,0.000000,0.000000,0.120000,250.000000,-1010.000000,-153.000000,-1448.000000,240.000000,-43.000000,-21.000000,22.000000,22.000000,22.000000,22.000000,22.000000,22.000000,22.000000,37.000000,38.000000,39.000000,40.000000,40.000000,40.000000,43.000000,1,1,1,1,1,1,1,0,0,0,0,0,0,0,75,5400.357910,1217,0,1,0.809146,-0.129999,-0.271999,2.989000,-0.642000,0.000000,1
1.706853,9.870000,-30.669001,-23.177000,65.746002,21.166000,18.084000,156.632004,0.000000,0.000000,0.000000,0.000000,0.000000,0.000000,0.120000,250.000000,-1010.000000,-153.000000,-1448.000000,240.000000,-43.000000,-21.000000,22.000000,22.000000,22.000000,22.000000,22.000000,22.000000,22.000000,37.000000,38.000000,39.000000,40.000000,40.000000,40.000000,43.000000,1,1,1,1,1,1,1,0,0,0,0,0,0,0,75,5400.359863,1217,0,1,0.811365,-0.129998,-0.272000,2.989000,-0.644000,0.000000,1
1.716850,9.836000,-30.325001,-23.308001,65.066002,21.225000,18.417999,156.792007,0.000000,0.000000,0.000000,0.000000,0.000000,0.000000,0.120000,250.000000,-1010.000000,-153.000000,-1448.000000,240.000000,-43.000000,-21.000000,22.000000,22.000000,22.000000,22.000000,22.000000,22.000000,22.000000,37.000000,38.000000,39.000000,40.000000,40.000000,40.000000,43.000000,1,1,1,1,1,1,1,0,0,0,0,0,0,0,75,5400.357910,1218,0,1,0.813085,-0.129999,-0.271999,2.989000,-0.644000,0.000000,1
1.726935,9.804000,-29.993000,-23.443001,64.398003,21.281000,18.764000,156.949997,0.000000,0.000000,0.000000,0.000000,0.000000,0.000000,0.120000,250.000000,-1010.000000,-153.000000,-1448.000000,240.000000,-43.000000,-21.000000,22.000000,22.000000,22.000000,22.000000,22.000000,22.000000,22.000000,37.000000,38.000000,39.000000,40.000000,40.000000,40.000000,43.000000,1,1,1,1,1,1,1,0,0,0,0,0,0,0,75,5400.356934,1218,0,1,0.814703,-0.129998,-0.271999,2.989000,-0.645000,0.000000,1
1.736893,9.776000,-29.670000,-23.582001,63.738998,21.334000,19.120001,157.108002,0.000000,0.000000,0.000000,0.000000,0.000000,0.000000,0.120000,250.000000,-1010.000000,-153.000000,-1448.000000,240.000000,-43.000000,-21.000000,22.000000,22.000000,22.000000,22.000000,22.000000,22.000000,22.000000,37.000000,38.000000,39.000000,40.000000,40.000000,40.000000,43.000000,1,1,1,1,1,1,1,0,0,0,0,0,0,0,75,5400.357910,1217,0,1,0.816237,-0.129999,-0.271999,2.989000,-0.645000,0.000000,1
1.746908,9.747000,-29.291000,-23.756001,62.956001,21.395000,19.556000,157.296005,0.000000,0.000000,0.000000,0.000000,0.000000,0.000000,0.120000,250.000000,-1010.000000,-153.000000,-1448.000000,240.000000,-43.000000,-21.000000,22.000000,22.000000,22.000000,22.000000,22.000000,22.000000,22.000000,37.000000,38.000000,39.000000,40.000000,40.000000,40.000000,43.000000,1,1,1,1,1,1,1,0,0,0,0,0,0,0,75,5400.359863,1217,0,1,0.817990,-0.129999,-0.271999,2.989000,-0.645000,0.000000,1
1.756883,9.739000,-29.167000,-23.815001,62.695999,21.415001,19.704000,157.358002,0.000000,0.000000,0.000000,0.000000,0.000000,0.000000,0.120000,250.000000,-1010.000000,-153.000000,-1448.000000,240.000000,-43.000000,-21.000000,22.000000,22.000000,22.000000,22.000000,22.000000,22.000000,22.000000,37.000000,38.000000,39.000000,40.000000,40.000000,40.000000,43.000000,1,1,1,1,1,1,1,0,0,0,0,0,0,0,75,5400.357910,1217,0,1,0.818558,-0.129999,-0.271999,2.989000,-0.645000,0.000000,1
1.766906,9.717000,-28.795000,-23.999001,61.916000,21.474001,20.152000,157.546997,0.000000,0.000000,0.000000,0.000000,0.000000,0.000000,0.120000,250.000000,-1010.000000,-153.000000,-1448.000000,240.000000,-43.000000,-21.000000,22.000000,22.000000,22.000000,22.000000,22.000000,22.000000,22.000000,37.000000,38.000000,39.000000,40.000000,40.000000,40.000000,43.000000,1,1,1,1,1,1,1,0,0,0,0,0,0,0,75,5400.359863,1217,0,1,0.820229,-0.129999,-0.271999,2.989000,-0.645000,0.000000,1
1.776895,9.705000,-28.486000,-24.158001,61.264000,21.521999,20.531000,157.705994,0.000000,0.000000,0.000000,0.000000,0.000000,0.000000,0.120000,250.000000,-1010.000000,-153.000000,-1448.000000,240.000000,-43.000000,-21.000000,22.000000,22.000000,22.000000,22.000000,22.000000,22.000000,22.000000,37.000000,38.000000,39.000000,40.000000,40.000000,40.000000,43.000000,1,1,1,1,1,1,1,0,0,0,0,0,0,0,75,5400.357910,1217,0,1,0.821600,-0.129999,-0.271999,2.988000,-0.646000,0.000000,1
1.786902,9.700000,-28.177000,-24.326000,60.608002,21.570000,20.910999,157.865005,0.000000,0.000000,0.000000,0.000000,0.000000,0.000000,0.120000,250.000000,-1010.000000,-153.000000,-1448.000000,240.000000,-43.000000,-21.000000,22.000000,22.000000,22.000000,22.000000,22.000000,22.000000,22.000000,37.000000,38.000000,39.000000,40.000000,40.000000,40.000000,43.000000,1,1,1,1,1,1,1,0,0,0,0,0,0,0,75,5400.359863,1217,0,1,0.822960,-0.130007,-0.272000,2.989000,-0.646000,0.000000,0
1.796886,9.699000,-27.864000,-24.499001,59.946999,21.617001,21.294001,158.026993,0.000000,0.000000,0.000000,0.000000,0.000000,0.000000,0.120000,250.000000,-1010.000000,-153.000000,-1448.000000,240.000000,-43.000000,-21.000000,22.000000,22.000000,22.000000,22.000000,22.000000,22.000000,22.000000,37.000000,38.000000,39.000000,40.000000,40.000000,40.000000,43.000000,1,1,1,1,1,1,1,0,0,0,0,0,0,0,75,5400.357910,1217,0,1,0.824321,-0.130012,-0.272000,2.989000,-0.646000,0.000000,0
1.806856,9.692000,-27.549999,-24.669001,59.282001,21.665001,21.677999,158.195999,0.000000,0.000000,0.000000,0.000000,0.000000,0.000000,0.120000,250.000000,-1010.000000,-153.000000,-1448.000000,240.000000,-43.000000,-21.000000,22.000000,22.000000,22.000000,22.000000,22.000000,22.000000,22.000000,37.000000,38.000000,39.000000,40.000000,40.000000,40.000000,43.000000,1,1,1,1,1,1,1,0,0,0,0,0,0,0,75,5400.357910,1218,0,1,0.825682,-0.129984,-0.271999,2.989000,-0.645000,0.000000,0
1.816863,9.660000,-27.170000,-24.854000,58.485001,21.719000,22.138000,158.416000,0.000000,0.000000,0.000000,0.000000,0.000000,0.000000,0.120000,250.000000,-1010.000000,-153.000000,-1448.000000,240.000000,-43.000000,-21.000000,22.000000,22.000000,22.000000,22.000000,22.000000,22.000000,22.000000,37.000000,38.000000,39.000000,40.000000,40.000000,40.000000,43.000000,1,1,1,1,1,1,1,0,0,0,0,0,0,0,75,5400.359863,1218,0,1,0.827310,-0.129866,-0.272000,2.988000,-0.646000,0.000000,0
1.826863,9.600000,-26.853001,-24.981001,57.828999,21.761000,22.517000,158.617004,0.000000,0.000000,0.000000,0.000000,0.000000,0.000000,0.120000,250.000000,-1010.000000,-153.000000,-1448.000000,240.000000,-43.000000,-21.000000,22.000000,22.000000,22.000000,22.000000,22.000000,22.000000,22.000000,37.000000,38.000000,39.000000,40.000000,40.000000,40.000000,43.000000,1,1,1,1,1,1,1,0,0,0,0,0,0,0,75,5400.357910,1217,0,1,0.828656,-0.129662,-0.271999,2.989000,-0.646000,0.000000,3
1.836906,9.550000,-26.660000,-25.045000,57.431999,21.785000,22.746000,158.748001,0.000000,0.000000,0.000000,0.000000,0.000000,0.000000,0.120000,250.000000,-1010.000000,-153.000000,-1448.000000,240.000000,-43.000000,-21.000000,22.000000,22.000000,22.000000,22.000000,22.000000,22.000000,22.000000,37.000000,38.000000,39.000000,40.000000,40.000000,40.000000,43.000000,1,1,1,1,1,1,1,0,0,0,0,0,0,0,75,5400.359863,1218,0,1,0.829472,-0.129492,-0.271999,2.989000,-0.646000,0.000000,3
1.847000,9.331000,-26.082001,-25.179001,56.259998,21.847000,23.422001,159.179993,0.000000,0.000000,0.000000,0.000000,0.000000,0.000000,0.120000,250.000000,-1010.000000,-153.000000,-1448.000000,240.000000,-43.000000,-21.000000,22.000000,22.000000,22.000000,22.000000,22.000000,22.000000,22.000000,37.000000,38.000000,39.000000,40.000000,40.000000,40.000000,43.000000,1,1,1,1,1,1,1,0,0,0,0,0,0,0,75,5400.357910,1217,0,1,0.831895,-0.128772,-0.272000,2.989000,-0.646000,0.000000,3
1.856802,9.106000,-25.669001,-25.212999,55.436001,21.881001,23.896999,159.528000,0.000000,0.000000,0.000000,0.000000,0.000000,0.000000,0.120000,250.000000,-1010.000000,-153.000000,-1448.000000,240.000000,-43.000000,-21.000000,22.000000,22.000000,22.000000,22.000000,22.000000,22.000000,22.000000,37.000000,38.000000,39.000000,40.000000,40.000000,40.000000,43.000000,1,1,1,1,1,1,1,0,0,0,0,0,0,0,75,5400.357910,1217,0,1,0.833612,-0.128049,-0.272000,2.989000,-0.646000,0.000000,3
1.866855,8.808000,-25.250000,-25.186001,54.611000,21.903000,24.372000,159.919006,0.000000,0.000000,0.000000,0.000000,0.000000,0.000000,0.120000,250.000000,-1010.000000,-153.000000,-1448.000000,240.000000,-43.000000,-21.000000,22.000000,22.000000,22.000000,22.000000,22.000000,22.000000,22.000000,37.000000,38.000000,39.000000,40.000000,40.000000,40.000000,43.000000,1,1,1,1,1,1,1,0,0,0,0,0,0,0,75,5400.359863,1218,0,1,0.835345,-0.127115,-0.272000,2.989000,-0.646000,0.000000,3
1.876825,8.672000,-25.087999,-25.156000,54.294998,21.909000,24.552999,160.080994,0.000000,0.000000,0.000000,0.000000,0.000000,0.000000,0.120000,250.000000,-1010.000000,-153.000000,-1448.000000,240.000000,-43.000000,-21.000000,22.000000,22.000000,22.000000,22.000000,22.000000,22.000000,22.000000,37.000000,38.000000,39.000000,40.000000,40.000000,40.000000,43.000000,1,1,1,1,1,1,1,0,0,0,0,0,0,0,75,5400.357910,1217,0,1,0.836013,-0.126693,-0.272000,2.989000,-0.646000,0.000000,3
1.886878,8.204000,-24.627001,-24.996000,53.409000,21.909000,25.063000,160.585999,0.000000,0.000000,0.000000,0.000000,0.000000,0.000000,0.120000,250.000000,-1010.000000,-153.000000,-1448.000000,240.000000,-43.000000,-21.000000,22.000000,22.000000,22.000000,22.000000,22.000000,22.000000,22.000000,37.000000,38.000000,39.000000,40.000000,40.000000,40.000000,43.000000,1,1,1,1,1,1,1,0,0,0,0,0,0,0,75,5400.359863,1218,0,1,0.837911,-0.125273,-0.271999,2.989000,-0.646000,0.000000,3
1.896852,7.748000,-24.277000,-24.783001,52.748001,21.891001,25.444000,161.020996,0.000000,0.000000,0.000000,0.000000,0.000000,0.000000,0.120000,250.000000,-1010.000000,-153.000000,-1448.000000,240.000000,-43.000000,-21.000000,22.000000,22.000000,22.000000,22.000000,22.000000,22.000000,22.000000,37.000000,38.000000,39.000000,40.000000,40.000000,40.000000,43.000000,1,1,1,1,1,1,1,0,0,0,0,0,0,0,75,5400.359863,1218,0,1,0.839355,-0.123924,-0.271999,2.989000,-0.646000,0.000000,3
1.906844,7.235000,-23.962999,-24.493999,52.167999,21.854000,25.778000,161.464996,0.000000,0.000000,0.000000,0.000000,0.000000,0.000000,0.120000,250.000000,-1010.000000,-153.000000,-1448.000000,240.000000,-43.000000,-21.000000,22.000000,22.000000,22.000000,22.000000,22.000000,22.000000,22.000000,37.000000,38.000000,39.000000,40.000000,40.000000,40.000000,43.000000,1,1,1,1,1,1,1,0,0,0,0,0,0,0,75,5400.359863,1217,0,1,0.840659,-0.122440,-0.272000,2.989000,-0.645000,0.000000,3
1.916851,6.900000,-23.794001,-24.284000,51.861000,21.823999,25.955999,161.735001,0.000000,0.000000,0.000000,0.000000,0.000000,0.000000,0.120000,250.000000,-1010.000000,-153.000000,-1448.000000,240.000000,-43.000000,-21.000000,22.000000,22.000000,22.000000,22.000000,22.000000,22.000000,22.000000,37.000000,38.000000,39.000000,40.000000,40.000000,40.000000,43.000000,1,1,1,1,1,1,1,0,0,0,0,0,0,0,75,5400.357910,1218,0,1,0.841369,-0.121490,-0.272000,2.989000,-0.646000,0.000000,3
1.926859,6.049000,-23.459999,-23.691999,51.276001,21.726000,26.296000,162.363998,0.000000,0.000000,0.000000,0.000000,0.000000,0.000000,0.120000,250.000000,-1010.000000,-153.000000,-1448.000000,240.000000,-43.000000,-21.000000,22.000000,22.000000,22.000000,22.000000,22.000000,22.000000,22.000000,37.000000,38.000000,39.000000,40.000000,40.000000,40.000000,43.000000,1,1,1,1,1,1,1,0,0,0,0,0,0,0,75,5400.357910,1217,0,1,0.842797,-0.119123,-0.272000,2.989000,-0.646000,0.000000,3
1.936908,5.248000,-23.247000,-23.073000,50.930000,21.614000,26.500000,162.897995,0.000000,0.000000,0.000000,0.000000,0.000000,0.000000,0.120000,250.000000,-1010.000000,-153.000000,-1448.000000,240.000000,-43.000000,-21.000000,22.000000,22.000000,22.000000,22.000000,22.000000,22.000000,22.000000,37.000000,38.000000,39.000000,40.000000,40.000000,40.000000,43.000000,1,1,1,1,1,1,1,0,0,0,0,0,0,0,75,5400.359863,1218,0,1,0.843752,-0.116953,-0.271999,2.989000,-0.646000,0.000000,3
1.946960,4.827000,-23.167999,-22.729000,50.813000,21.549000,26.570999,163.160004,0.000000,0.000000,0.000000,0.000000,0.000000,0.000000,0.120000,250.000000,-1010.000000,-153.000000,-1448.000000,240.000000,-43.000000,-21.000000,22.000000,22.000000,22.000000,22.000000,22.000000,22.000000,22.000000,37.000000,38.000000,39.000000,40.000000,40.000000,40.000000,43.000000,1,1,1,1,1,1,1,0,0,0,0,0,0,0,75,5400.359863,1217,0,1,0.844131,-0.115829,-0.272000,2.989000,-0.646000,0.000000,3
1.956980,3.803000,-23.056000,-21.844999,50.688000,21.375999,26.653000,163.753006,0.000000,0.000000,0.000000,0.000000,0.000000,0.000000,0.120000,250.000000,-1010.000000,-153.000000,-1448.000000,240.000000,-43.000000,-21.000000,22.000000,22.000000,22.000000,22.000000,22.000000,22.000000,22.000000,37.000000,38.000000,39.000000,40.000000,40.000000,40.000000,43.000000,1,1,1,1,1,1,1,0,0,0,0,0,0,0,75,5400.359863,1217,0,1,0.844752,-0.113135,-0.272000,2.989000,-0.646000,0.000000,3
1.966948,3.046000,-23.040001,-21.153999,50.729000,21.237000,26.639000,164.156006,0.000000,0.000000,0.000000,0.000000,0.000000,0.000000,0.120000,250.000000,-1010.000000,-153.000000,-1448.000000,240.000000,-43.000000,-21.000000,22.000000,22.000000,22.000000,22.000000,22.000000,22.000000,22.000000,37.000000,38.000000,39.000000,40.000000,40.000000,40.000000,43.000000,1,1,1,1,1,1,1,0,0,0,0,0,0,0,75,5400.359863,1218,0,1,0.844965,-0.111171,-0.271999,2.989000,-0.646000,0.000000,3
1.976910,2.586000,-23.056000,-20.722000,50.805000,21.150000,26.601999,164.388000,0.000000,0.000000,0.000000,0.000000,0.000000,0.000000,0.120000,250.000000,-1010.000000,-153.000000,-1448.000000,240.000000,-43.000000,-21.000000,22.000000,22.000000,22.000000,22.000000,22.000000,22.000000,22.000000,37.000000,38.000000,39.000000,40.000000,40.000000,40.000000,43.000000,1,1,1,1,1,1,1,0,0,0,0,0,0,0,75,5400.357910,1217,0,1,0.845000,-0.109986,-0.272000,2.988000,-0.646000,0.000000,3
1.986952,1.818000,-23.124001,-19.978001,51.015999,20.999001,26.493000,164.755005,0.000000,0.000000,0.000000,0.000000,0.000000,0.000000,0.120000,250.000000,-1010.000000,-153.000000,-1448.000000,240.000000,-43.000000,-21.000000,22.000000,22.000000,22.000000,22.000000,22.000000,22.000000,22.000000,37.000000,38.000000,39.000000,40.000000,40.000000,40.000000,43.000000,1,1,1,1,1,1,1,0,0,0,0,0,0,0,75,5400.359863,1217,0,1,0.844901,-0.108013,-0.272000,2.989000,-0.646000,0.000000,3
1.996874,0.906000,-23.274000,-19.062000,51.405998,20.813000,26.287001,165.158997,0.000000,0.000000,0.000000,0.000000,0.000000,0.000000,0.120000,250.000000,-1010.000000,-153.000000,-1448.000000,240.000000,-43.000000,-21.000000,22.000000,22.000000,22.000000,22.000000,22.000000,22.000000,22.000000,37.000000,38.000000,39.000000,40.000000,40.000000,40.000000,43.000000,1,1,1,1,1,1,1,0,0,0,0,0,0,0,75,5400.359863,1217,0,1,0.844526,-0.105672,-0.272000,2.988000,-0.646000,0.000000,3
2.006944,0.166000,-23.452999,-18.294001,51.838001,20.660000,26.056000,165.460999,0.000000,0.000000,0.000000,0.000000,0.000000,0.000000,0.120000,250.000000,-1010.000000,-153.000000,-1448.000000,240.000000,-43.000000,-21.000000,22.000000,22.000000,22.000000,22.000000,22.000000,22.000000,22.000000,37.000000,38.000000,39.000000,40.000000,40.000000,40.000000,43.000000,1,1,1,1,1,1,1,0,0,0,0,0,0,0,75,5400.357910,1218,0,1,0.844004,-0.103767,-0.272000,2.989000,-0.646000,0.000000,3
2.016893,-0.681000,-23.726999,-17.384001,52.478001,20.481001,25.711000,165.779007,0.000000,0.000000,0.000000,0.000000,0.000000,0.000000,0.120000,250.000000,-1010.000000,-153.000000,-1448.000000,240.000000,-43.000000,-21.000000,22.000000,22.000000,22.000000,22.000000,22.000000,22.000000,22.000000,37.000000,38.000000,39.000000,40.000000,40.000000,40.000000,43.000000,1,1,1,1,1,1,1,0,0,0,0,0,0,0,75,5400.359863,1217,0,1,0.843133,-0.101562,-0.271999,2.989000,-0.646000,0.000000,3
2.026944,-1.345000,-24.002001,-16.649000,53.103001,20.341000,25.371000,166.003998,0.000000,0.000000,0.000000,0.000000,0.000000,0.000000,0.120000,250.000000,-1010.000000,-153.000000,-1448.000000,240.000000,-43.000000,-21.000000,22.000000,22.000000,22.000000,22.000000,22.000000,22.000000,22.000000,37.000000,38.000000,39.000000,40.000000,40.000000,40.000000,43.000000,1,1,1,1,1,1,1,0,0,0,0,0,0,0,75,5400.359863,1218,0,1,0.842212,-0.099814,-0.271999,2.989000,-0.646000,0.000000,3
2.036955,-1.959000,-24.313999,-15.945000,53.804001,20.212000,24.990000,166.190002,0.000000,0.000000,0.000000,0.000000,0.000000,0.000000,0.120000,250.000000,-1010.000000,-153.000000,-1448.000000,240.000000,-43.000000,-21.000000,22.000000,22.000000,22.000000,22.000000,22.000000,22.000000,22.000000,37.000000,38.000000,39.000000,40.000000,40.000000,40.000000,43.000000,1,1,1,1,1,1,1,0,0,0,0,0,0,0,75,5400.359863,1217,0,1,0.841123,-0.098166,-0.271999,2.989000,-0.646000,0.000000,3
2.047023,-2.622000,-24.731001,-15.154000,54.733002,20.072001,24.482000,166.358994,0.000000,0.000000,0.000000,0.000000,0.000000,0.000000,0.120000,250.000000,-1010.000000,-153.000000,-1448.000000,240.000000,-43.000000,-21.000000,22.000000,22.000000,22.000000,22.000000,22.000000,22.000000,22.000000,37.000000,38.000000,39.000000,40.000000,40.000000,40.000000,43.000000,1,1,1,1,1,1,1,0,0,0,0,0,0,0,75,5400.359863,1218,0,1,0.839610,-0.096341,-0.271999,2.989000,-0.646000,0.000000,3
2.056971,-2.823000,-24.879999,-14.906000,55.061001,20.030001,24.301001,166.403000,0.000000,0.000000,0.000000,0.000000,0.000000,0.000000,0.120000,250.000000,-1010.000000,-153.000000,-1448.000000,240.000000,-43.000000,-21.000000,22.000000,22.000000,22.000000,22.000000,22.000000,22.000000,22.000000,37.000000,38.000000,39.000000,40.000000,40.000000,40.000000,43.000000,1,1,1,1,1,1,1,0,0,0,0,0,0,0,75,5400.359863,1218,0,1,0.839059,-0.095774,-0.271999,2.989000,-0.646000,0.000000,3
2.066955,-3.279000,-25.267000,-14.322000,55.916000,19.934000,23.830000,166.481995,0.000000,0.000000,0.000000,0.000000,0.000000,0.000000,0.120000,250.000000,-1010.000000,-153.000000,-1448.000000,240.000000,-43.000000,-21.000000,22.000000,22.000000,22.000000,22.000000,22.000000,22.000000,22.000000,37.000000,38.000000,39.000000,40.000000,40.000000,40.000000,43.000000,1,1,1,1,1,1,1,0,0,0,0,0,0,0,75,5400.357910,1217,0,1,0.837587,-0.094457,-0.271999,2.988000,-0.646000,0.000000,3
2.077004,-3.664000,-25.674999,-13.795000,56.813999,19.851000,23.334000,166.520004,0.000000,0.000000,0.000000,0.000000,0.000000,0.000000,0.120000,250.000000,-1010.000000,-153.000000,-1448.000000,240.000000,-43.000000,-21.000000,22.000000,22.000000,22.000000,22.000000,22.000000,22.000000,22.000000,37.000000,38.000000,39.000000,40.000000,40.000000,40.000000,43.000000,1,1,1,1,1,1,1,0,0,0,0,0,0,0,75,5400.357910,1217,0,1,0.835992,-0.093291,-0.272000,2.989000,-0.646000,0.000000,3
2.086930,-4.029000,-26.184000,-13.244000,57.932999,19.770000,22.711000,166.511002,0.000000,0.000000,0.000000,0.000000,0.000000,0.000000,0.120000,250.000000,-1010.000000,-153.000000,-1448.000000,240.000000,-43.000000,-21.000000,22.000000,22.000000,22.000000,22.000000,22.000000,22.000000,22.000000,37.000000,38.000000,39.000000,40.000000,40.000000,40.000000,43.000000,1,1,1,1,1,1,1,0,0,0,0,0,0,0,75,5400.357910,1218,0,1,0.833939,-0.092108,-0.271999,2.989000,-0.646000,0.000000,3
2.096944,-4.241000,-26.601000,-12.870000,58.849998,19.716999,22.198000,166.460999,0.000000,0.000000,0.000000,0.000000,0.000000,0.000000,0.120000,250.000000,-1010.000000,-153.000000,-1448.000000,240.000000,-43.000000,-21.000000,22.000000,22.000000,22.000000,22.000000,22.000000,22.000000,22.000000,37.000000,38.000000,39.000000,40.000000,40.000000,40.000000,43.000000,1,1,1,1,1,1,1,0,0,0,0,0,0,0,75,5400.357910,1218,0,1,0.832206,-0.091343,-0.271999,2.989000,-0.646000,0.000000,3
2.106891,-4.369000,-26.978001,-12.588000,59.678001,19.679001,21.732000,166.384995,0.000000,0.000000,0.000000,0.000000,0.000000,0.000000,0.120000,250.000000,-1010.000000,-153.000000,-1448.000000,240.000000,-43.000000,-21.000000,22.000000,22.000000,22.000000,22.000000,22.000000,22.000000,22.000000,37.000000,38.000000,39.000000,40.000000,40.000000,40.000000,43.000000,1,1,1,1,1,1,1,0,0,0,0,0,0,0,75,5400.359863,1217,0,1,0.830605,-0.090801,-0.271999,2.989000,-0.646000,0.000000,3
2.116959,-4.435000,-27.306000,-12.383000,60.400002,19.652000,21.323999,166.296005,0.000000,0.000000,0.000000,0.000000,0.000000,0.000000,0.120000,250.000000,-1010.000000,-153.000000,-1448.000000,240.000000,-43.000000,-21.000000,22.000000,22.000000,22.000000,22.000000,22.000000,22.000000,22.000000,37.000000,38.000000,39.000000,40.000000,40.000000,40.000000,43.000000,1,1,1,1,1,1,1,0,0,0,0,0,0,0,75,5400.359863,1218,0,1,0.829179,-0.090441,-0.272000,2.989000,-0.646000,0.000000,3
2.126901,-4.454000,-27.669001,-12.201000,61.201000,19.628000,20.868999,166.171005,0.000000,0.000000,0.000000,0.000000,0.000000,0.000000,0.120000,250.000000,-1010.000000,-153.000000,-1448.000000,240.000000,-43.000000,-21.000000,22.000000,22.000000,22.000000,22.000000,22.000000,22.000000,22.000000,37.000000,38.000000,39.000000,40.000000,40.000000,40.000000,43.000000,1,1,1,1,1,1,1,0,0,0,0,0,0,0,75,5400.357910,1217,0,1,0.827568,-0.090174,-0.271999,2.988000,-0.646000,0.000000,0
2.136902,-4.428000,-27.968000,-12.086000,61.859001,19.612000,20.493000,166.048004,0.000000,0.000000,0.000000,0.000000,0.000000,0.000000,0.120000,250.000000,-1010.000000,-153.000000,-1448.000000,240.000000,-43.000000,-21.000000,22.000000,22.000000,22.000000,22.000000,22.000000,22.000000,22.000000,37.000000,38.000000,39.000000,40.000000,40.000000,40.000000,43.000000,1,1,1,1,1,1,1,0,0,0,0,0,0,0,75,5400.359863,1217,0,1,0.826218,-0.090058,-0.272000,2.989000,-0.646000,0.000000,0
2.146975,-4.376000,-28.263000,-11.994000,62.511002,19.598000,20.118999,165.914001,0.000000,0.000000,0.000000,0.000000,0.000000,0.000000,0.120000,250.000000,-1010.000000,-153.000000,-1448.000000,240.000000,-43.000000,-21.000000,22.000000,22.000000,22.000000,22.000000,22.000000,22.000000,22.000000,37.000000,38.000000,39.000000,40.000000,40.000000,40.000000,43.000000,1,1,1,1,1,1,1,0,0,0,0,0,0,0,75,5400.359863,1217,0,1,0.824865,-0.090006,-0.271999,2.989000,-0.646000,0.000000,0
2.156919,-4.307000,-28.555000,-11.918000,63.154999,19.584999,19.747999,165.774002,0.000000,0.000000,0.000000,0.000000,0.000000,0.000000,0.120000,250.000000,-1010.000000,-153.000000,-1448.000000,240.000000,-43.000000,-21.000000,22.000000,22.000000,22.000000,22.000000,22.000000,22.000000,22.000000,37.000000,38.000000,39.000000,40.000000,40.000000,40.000000,43.000000,1,1,1,1,1,1,1,0,0,0,0,0,0,0,75,5400.356934,1218,0,1,0.823511,-0.089994,-0.271999,2.988000,-0.646000,0.000000,0
2.166934,-4.261000,-28.728001,-11.877000,63.537998,19.577999,19.527000,165.688995,0.000000,0.000000,0.000000,0.000000,0.000000,0.000000,0.120000,250.000000,-1010.000000,-153.000000,-1448.000000,240.000000,-43.000000,-21.000000,22.000000,22.000000,22.000000,22.000000,22.000000,22.000000,22.000000,37.000000,38.000000,39.000000,40.000000,40.000000,40.000000,43.000000,1,1,1,1,1,1,1,0,0,0,0,0,0,0,75,5400.357910,1217,0,1,0.822698,-0.089996,-0.272000,2.989000,-0.646000,0.000000,0
2.176813,-4.184000,-29.016001,-11.810000,64.171997,19.565001,19.160999,165.548996,0.000000,0.000000,0.000000,0.000000,0.000000,0.000000,0.120000,250.000000,-1010.000000,-153.000000,-1448.000000,240.000000,-43.000000,-21.000000,22.000000,22.000000,22.000000,22.000000,22.000000,22.000000,22.000000,37.000000,38.000000,39.000000,40.000000,40.000000,40.000000,43.000000,1,1,1,1,1,1,1,0,0,0,0,0,0,0,75,5400.357910,1218,0,1,0.821343,-0.090000,-0.271999,2.988000,-0.646000,0.000000,1
2.186956,-4.106000,-29.301001,-11.745000,64.802002,19.552999,18.798000,165.410004,0.000000,0.000000,0.000000,0.000000,0.000000,0.000000,0.120000,250.000000,-1010.000000,-153.000000,-1448.000000,240.000000,-43.000000,-21.000000,22.000000,22.000000,22.000000,22.000000,22.000000,22.000000,22.000000,37.000000,38.000000,39.000000,40.000000,40.000000,40.000000,43.000000,1,1,1,1,1,1,1,0,0,0,0,0,0,0,75,5400.357910,1218,0,1,0.819981,-0.089999,-0.271999,2.989000,-0.645000,0.000000,1
2.196877,-4.008000,-29.645000,-11.671000,65.555000,19.537001,18.368999,165.242996,0.000000,0.000000,0.000000,0.000000,0.000000,0.000000,0.120000,250.000000,-1010.000000,-153.000000,-1448.000000,240.000000,-43.000000,-21.000000,22.000000,22.000000,22.000000,22.000000,22.000000,22.000000,22.000000,37.000000,38.000000,39.000000,40.000000,40.000000,40.000000,43.000000,1,1,1,1,1,1,1,0,0,0,0,0,0,0,75,5400.357910,1218,0,1,0.818317,-0.089999,-0.271999,2.989000,-0.645000,0.000000,1
2.206964,-3.922000,-29.934999,-11.614000,66.183998,19.523001,18.020000,165.104004,0.000000,0.000000,0.000000,0.000000,0.000000,0.000000,0.120000,250.000000,-1010.000000,-153.000000,-1448.000000,240.000000,-43.000000,-21.000000,22.000000,22.000000,22.000000,22.000000,22.000000,22.000000,22.000000,37.000000,38.000000,39.000000,40.000000,40.000000,40.000000,43.000000,1,1,1,1,1,1,1,0,0,0,0,0,0,0,75,5400.357910,1217,0,1,0.816883,-0.090000,-0.272000,2.989000,-0.645000,0.000000,1
2.216917,-3.831000,-30.230000,-11.563000,66.816002,19.507999,17.681999,164.962997,0.000000,0.000000,0.000000,0.000000,0.000000,0.000000,0.120000,250.000000,-1010.000000,-153.000000,-1448.000000,240.000000,-43.000000,-21.000000,22.000000,22.000000,22.000000,22.000000,22.000000,22.000000,22.000000,37.000000,38.000000,39.000000,40.000000,40.000000,40.000000,43.000000,1,1,1,1,1,1,1,0,0,0,0,0,0,0,75,5400.359863,1218,0,1,0.815387,-0.090000,-0.271999,2.989000,-0.645000,0.000000,1
2.226948,-3.715000,-30.594999,-11.508000,67.582001,19.488001,17.292000,164.789993,0.000000,0.000000,0.000000,0.000000,0.000000,0.000000,0.120000,250.000000,-1010.000000,-153.000000,-1448.000000,240.000000,-43.000000,-21.000000,22.000000,22.000000,22.000000,22.000000,22.000000,22.000000,22.000000,37.000000,38.000000,39.000000,40.000000,40.000000,40.000000,43.000000,1,1,1,1,1,1,1,0,0,0,0,0,0,0,75,5400.357910,1217,0,1,0.813486,-0.089999,-0.272000,2.989000,-0.644000,0.000000,1
2.236975,-3.611000,-30.910999,-11.470000,68.230003,19.469000,16.985001,164.643005,0.000000,0.000000,0.000000,0.000000,0.000000,0.000000,0.120000,250.000000,-1010.000000,-153.000000,-1448.000000,240.000000,-43.000000,-21.000000,22.000000,22.000000,22.000000,22.000000,22.000000,22.000000,22.000000,37.000000,38.000000,39.000000,40.000000,40.000000,40.000000,43.000000,1,1,1,1,1,1,1,0,0,0,0,0,0,0,75,5400.357910,1218,0,1,0.811793,-0.090000,-0.272000,2.989000,-0.643000,0.000000,1
2.246996,-3.500000,-31.239000,-11.438000,68.888000,19.447001,16.695000,164.492996,0.000000,0.000000,0.000000,0.000000,0.000000,0.000000,0.120000,250.000000,-1010.000000,-153.000000,-1448.000000,240.000000,-43.000000,-21.000000,22.000000,22.000000,22.000000,22.000000,22.000000,22.000000,22.000000,37.000000,38.000000,39.000000,40.000000,40.000000,40.000000,43.000000,1,1,1,1,1,1,1,0,0,0,0,0,0,0,75,5400.356934,1218,0,1,0.809984,-0.090000,-0.272000,2.989000,-0.642000,0.000000,1
2.256916,-3.381000,-31.580999,-11.415000,69.556999,19.422001,16.424999,164.337997,0.000000,0.000000,0.000000,0.000000,0.000000,0.000000,0.120000,250.000000,-1010.000000,-153.000000,-1448.000000,240.000000,-43.000000,-21.000000,22.000000,22.000000,22.000000,22.000000,22.000000,22.000000,22.000000,37.000000,38.000000,39.000000,40.000000,40.000000,40.000000,43.000000,1,1,1,1,1,1,1,0,0,0,0,0,0,0,75,5400.357910,1217,0,1,0.808043,-0.090000,-0.272000,2.990000,-0.641000,0.000000,1
2.266873,-3.306000,-31.794001,-11.404000,69.966003,19.405001,16.274000,164.244003,0.000000,0.000000,0.000000,0.000000,0.000000,0.000000,0.120000,250.000000,-1010.000000,-153.000000,-1448.000000,240.000000,-43.000000,-21.000000,22.000000,22.000000,22.000000,22.000000,22.000000,22.000000,22.000000,37.000000,38.000000,39.000000,40.000000,40.000000,40.000000,43.000000,1,1,1,1,1,1,1,0,0,0,0,0,0,0,75,5400.357910,1217,0,1,0.806809,-0.089999,-0.271999,2.990000,-0.640000,0.000000,1
2.276924,-3.176000,-32.162998,-11.394000,70.657997,19.375000,16.042000,164.082001,0.000000,0.000000,0.000000,0.000000,0.000000,0.000000,0.120000,250.000000,-1010.000000,-153.000000,-1448.000000,240.000000,-43.000000,-21.000000,22.000000,22.000000,22.000000,22.000000,22.000000,22.000000,22.000000,37.000000,38.000000,39.000000,40.000000,40.000000,40.000000,43.000000,1,1,1,1,1,1,1,0,0,0,0,0,0,0,75,5400.356934,1217,0,1,0.804626,-0.089999,-0.272000,2.990000,-0.638000,0.000000,1
2.286894,-3.009000,-32.631001,-11.393000,71.509003,19.333000,15.797000,163.882004,0.000000,0.000000,0.000000,0.000000,0.000000,0.000000,0.120000,250.000000,-1010.000000,-153.000000,-1448.000000,240.000000,-43.000000,-21.000000,22.000000,22.000000,22.000000,22.000000,22.000000,22.000000,22.000000,37.000000,38.000000,39.000000,40.000000,40.000000,40.000000,43.000000,1,1,1,1,1,1,1,0,0,0,0,0,0,0,75,5400.357910,1218,0,1,0.801783,-0.090000,-0.271999,2.991000,-0.635000,0.000000,1
2.296874,-2.862000,-33.042000,-11.403000,72.236000,19.292999,15.625000,163.710007,0.000000,0.000000,0.000000,0.000000,0.000000,0.000000,0.120000,250.000000,-1010.000000,-153.000000,-1448.000000,240.000000,-43.000000,-21.000000,22.000000,22.000000,22.000000,22.000000,22.000000,22.000000,22.000000,37.000000,38.000000,39.000000,40.000000,40.000000,40.000000,43.000000,1,1,1,1,1,1,1,0,0,0,0,0,0,0,75,5400.359863,1217,0,1,0.799212,-0.090000,-0.271999,2.992000,-0.632000,0.000000,1
2.306937,-2.708000,-33.474998,-11.422000,72.980003,19.249001,15.483000,163.533005,0.000000,0.000000,0.000000,0.000000,0.000000,0.000000,0.120000,250.000000,-1010.000000,-153.000000,-1448.000000,240.000000,-43.000000,-21.000000,22.000000,22.000000,22.000000,22.000000,22.000000,22.000000,22.000000,37.000000,38.000000,39.000000,40.000000,40.000000,40.000000,43.000000,1,1,1,1,1,1,1,0,0,0,0,0,0,0,75,5400.359863,1218,0,1,0.796445,-0.090000,-0.271999,2.992000,-0.629000,-0.001000,1
2.316945,-2.548000,-33.929001,-11.452000,73.740997,19.200001,15.375000,163.350998,0.000000,0.000000,0.000000,0.000000,0.000000,0.000000,0.120000,250.000000,-1010.000000,-153.000000,-1448.000000,240.000000,-43.000000,-21.000000,22.000000,22.000000,22.000000,22.000000,22.000000,22.000000,22.000000,37.000000,38.000000,39.000000,40.000000,40.000000,40.000000,43.000000,1,1,1,1,1,1,1,0,0,0,0,0,0,0,75,5400.359863,1218,0,1,0.793473,-0.090000,-0.272000,2.993000,-0.625000,-0.001000,1
2.327012,-2.348000,-34.502998,-11.501000,74.677002,19.134001,15.291000,163.126007,0.000000,0.000000,0.000000,0.000000,0.000000,0.000000,0.120000,250.000000,-1010.000000,-153.000000,-1448.000000,240.000000,-43.000000,-21.000000,22.000000,22.000000,22.000000,22.000000,22.000000,22.000000,22.000000,37.000000,38.000000,39.000000,40.000000,40.000000,40.000000,43.000000,1,1,1,1,1,1,1,0,0,0,0,0,0,0,75,5400.359863,1218,0,1,0.789623,-0.089999,-0.272000,2.995000,-0.620000,-0.001000,1
2.336948,-2.175000,-35.007000,-11.554000,75.474998,19.073000,15.261000,162.934006,0.000000,0.000000,0.000000,0.000000,0.000000,0.000000,0.120000,250.000000,-1010.000000,-153.000000,-1448.000000,240.000000,-43.000000,-21.000000,22.000000,22.000000,22.000000,22.000000,22.000000,22.000000,22.000000,37.000000,38.000000,39.000000,40.000000,40.000000,40.000000,43.000000,1,1,1,1,1,1,1,0,0,0,0,0,0,0,75,5400.356934,1217,0,1,0.786170,-0.090000,-0.271999,2.996000,-0.615000,-0.002000,1
2.346986,-1.999000,-35.534000,-11.617000,76.289001,19.007000,15.271000,162.737000,0.000000,0.000000,0.000000,0.000000,0.000000,0.000000,0.120000,250.000000,-1010.000000,-153.000000,-1448.000000,240.000000,-43.000000,-21.000000,22.000000,22.000000,22.000000,22.000000,22.000000,22.000000,22.000000,37.000000,38.000000,39.000000,40.000000,40.000000,40.000000,43.000000,1,1,1,1,1,1,1,0,0,0,0,0,0,0,75,5400.357910,1217,0,1,0.782486,-0.089999,-0.272000,2.997000,-0.609000,-0.002000,1
2.356886,-1.819000,-36.083000,-11.691000,77.119003,18.934999,15.320000,162.537003,0.000000,0.000000,0.000000,0.000000,0.000000,0.000000,0.120000,250.000000,-1010.000000,-153.000000,-1448.000000,240.000000,-43.000000,-21.000000,22.000000,22.000000,22.000000,22.000000,22.000000,22.000000,22.000000,37.000000,38.000000,39.000000,40.000000,40.000000,40.000000,43.000000,1,1,1,1,1,1,1,0,0,0,0,0,0,0,75,5400.359863,1218,0,1,0.778568,-0.090000,-0.271999,2.998000,-0.603000,-0.002000,1
2.366926,-1.710000,-36.423000,-11.740000,77.623001,18.889000,15.370000,162.414001,0.000000,0.000000,0.000000,0.000000,0.000000,0.000000,0.120000,250.000000,-1010.000000,-153.000000,-1448.000000,240.000000,-43.000000,-21.000000,22.000000,22.000000,22.000000,22.000000,22.000000,22.000000,22.000000,37.000000,38.000000,39.000000,40.000000,40.000000,40.000000,43.000000,1,1,1,1,1,1,1,0,0,0,0,0,0,0,75,5400.357910,1218,0,1,0.776103,-0.090000,-0.272000,2.999000,-0.599000,-0.003000,1
2.376917,-1.527000,-37.007000,-11.832000,78.473999,18.808001,15.486000,162.207001,0.000000,0.000000,0.000000,0.000000,0.000000,0.000000,0.120000,250.000000,-1010.000000,-153.000000,-1448.000000,240.000000,-43.000000,-21.000000,22.000000,22.000000,22.000000,22.000000,22.000000,22.000000,22.000000,37.000000,38.000000,39.000000,40.000000,40.000000,40.000000,43.000000,1,1,1,1,1,1,1,0,0,0,0,0,0,0,75,5400.359863,1217,0,1,0.771803,-0.090000,-0.271999,3.001000,-0.592000,-0.003000,1
2.386909,-1.307000,-37.735001,-11.956000,79.511002,18.704000,15.683000,161.953995,0.000000,0.000000,0.000000,0.000000,0.000000,0.000000,0.120000,250.000000,-1010.000000,-153.000000,-1448.000000,240.000000,-43.000000,-21.000000,22.000000,22.000000,22.000000,22.000000,22.000000,22.000000,22.000000,37.000000,38.000000,39.000000,40.000000,40.000000,40.000000,43.000000,1,1,1,1,1,1,1,0,0,0,0,0,0,0,75,5400.357910,1217,0,1,0.766325,-0.090000,-0.271999,3.003000,-0.583000,-0.004000,1
2.396982,-1.124000,-38.363998,-12.072000,80.386002,18.610001,15.895000,161.740005,0.000000,0.000000,0.000000,0.000000,0.000000,0.000000,0.120000,250.000000,-1010.000000,-153.000000,-1448.000000,240.000000,-43.000000,-21.000000,22.000000,22.000000,22.000000,22.000000,22.000000,22.000000,22.000000,37.000000,38.000000,39.000000,40.000000,40.000000,40.000000,43.000000,1,1,1,1,1,1,1,0,0,0,0,0,0,0,75,5400.357910,1217,0,1,0.761495,-0.089999,-0.272000,3.005000,-0.575000,-0.004000,1
2.406938,-0.942000,-39.011002,-12.198000,81.267998,18.511000,16.150999,161.522003,0.000000,0.000000,0.000000,0.000000,0.000000,0.000000,0.120000,250.000000,-1010.000000,-153.000000,-1448.000000,240.000000,-43.000000,-21.000000,22.000000,22.000000,22.000000,22.000000,22.000000,22.000000,22.000000,37.000000,38.000000,39.000000,40.000000,40.000000,40.000000,43.000000,1,1,1,1,1,1,1,0,0,0,0,0,0,0,75,5400.357910,1217,0,1,0.756427,-0.089999,-0.272000,3.007000,-0.566000,-0.005000,1
2.417007,-0.727000,-39.808998,-12.365000,82.335999,18.385000,16.517000,161.257004,0.000000,0.000000,0.000000,0.000000,0.000000,0.000000,0.120000,250.000000,-1010.000000,-153.000000,-1448.000000,240.000000,-43.000000,-21.000000,22.000000,22.000000,22.000000,22.000000,22.000000,22.000000,22.000000,37.000000,38.000000,39.000000,40.000000,40.000000,40.000000,43.000000,1,1,1,1,1,1,1,0,0,0,0,0,0,0,75,5400.357910,1217,0,1,0.750035,-0.090000,-0.271999,3.009000,-0.555000,-0.005000,1
2.426941,-0.551000,-40.491001,-12.515000,83.228996,18.273001,16.871000,161.033997,0.000000,0.000000,0.000000,0.000000,0.000000,0.000000,0.120000,250.000000,-1010.000000,-153.000000,-1448.000000,240.000000,-43.000000,-21.000000,22.000000,22.000000,22.000000,22.000000,22.000000,22.000000,22.000000,37.000000,38.000000,39.000000,40.000000,40.000000,40.000000,43.000000,1,1,1,1,1,1,1,0,0,0,0,0,0,0,75,5400.359863,1217,0,1,0.744455,-0.090000,-0.272000,3.012000,-0.545000,-0.006000,1
2.436991,-0.379000,-41.186001,-12.676000,84.125000,18.155001,17.267000,160.807007,0.000000,0.000000,0.000000,0.000000,0.000000,0.000000,0.120000,250.000000,-1010.000000,-153.000000,-1448.000000,240.000000,-43.000000,-21.000000,22.000000,22.000000,22.000000,22.000000,22.000000,22.000000,22.000000,37.000000,38.000000,39.000000,40.000000,40.000000,40.000000,43.000000,1,1,1,1,1,1,1,0,0,0,0,0,0,0,75,5400.359863,1218,0,1,0.738651,-0.090000,-0.271999,3.014000,-0.534000,-0.006000,1
2.447100,-0.211000,-41.890999,-12.848000,85.019997,18.031000,17.705999,160.578995,0.000000,0.000000,0.000000,0.000000,0.000000,0.000000,0.120000,250.000000,-1010.000000,-153.000000,-1448.000000,240.000000,-43.000000,-21.000000,22.000000,22.000000,22.000000,22.000000,22.000000,22.000000,22.000000,37.000000,38.000000,39.000000,40.000000,40.000000,40.000000,43.000000,1,1,1,1,1,1,1,0,0,0,0,0,0,0,75,5400.357910,1218,0,1,0.732631,-0.090000,-0.271999,3.016000,-0.523000,-0.007000,1
2.456983,-0.048000,-42.606998,-13.030000,85.914001,17.902000,18.184999,160.348999,0.000000,0.000000,0.000000,0.000000,0.000000,0.000000,0.120000,250.000000,-1010.000000,-153.000000,-1448.000000,240.000000,-43.000000,-21.000000,22.000000,22.000000,22.000000,22.000000,22.000000,22.000000,22.000000,37.000000,38.000000,39.000000,40.000000,40.000000,40.000000,43.000000,1,1,1,1,1,1,1,0,0,0,0,0,0,0,75,5400.359863,1217,0,1,0.726404,-0.090000,-0.272000,3.019000,-0.512000,-0.007000,1
2.467014,0.046000,-43.039001,-13.145000,86.448997,17.822001,18.492001,160.209000,0.000000,0.000000,0.000000,0.000000,0.000000,0.000000,0.120000,250.000000,-1010.000000,-153.000000,-1448.000000,240.000000,-43.000000,-21.000000,22.000000,22.000000,22.000000,22.000000,22.000000,22.000000,22.000000,37.000000,38.000000,39.000000,40.000000,40.000000,40.000000,43.000000,1,1,1,1,1,1,1,0,0,0,0,0,0,0,75,5400.357910,1218,0,1,0.722573,-0.090000,-0.271999,3.020000,-0.504000,-0.007000,1
2.476988,0.200000,-43.764000,-13.343000,87.335999,17.683001,19.033001,159.975998,0.000000,0.000000,0.000000,0.000000,0.000000,0.000000,0.120000,250.000000,-1010.000000,-153.000000,-1448.000000,240.000000,-43.000000,-21.000000,22.000000,22.000000,22.000000,22.000000,22.000000,22.000000,22.000000,37.000000,38.000000,39.000000,40.000000,40.000000,40.000000,43.000000,1,1,1,1,1,1,1,0,0,0,0,0,0,0,75,5400.356934,1217,0,1,0.716035,-0.089999,-0.272000,3.023000,-0.492000,-0.008000,1
2.486881,0.348000,-44.493000,-13.552000,88.217003,17.539000,19.608999,159.740005,0.000000,0.000000,0.000000,0.000000,0.000000,0.000000,0.120000,250.000000,-1010.000000,-153.000000,-1448.000000,240.000000,-43.000000,-21.000000,22.000000,22.000000,22.000000,22.000000,22.000000,22.000000,22.000000,37.000000,38.000000,39.000000,40.000000,40.000000,40.000000,43.000000,1,1,1,1,1,1,1,0,0,0,0,0,0,0,75,5400.357910,1218,0,1,0.709318,-0.090000,-0.272000,3.025000,-0.479000,-0.008000,1
2.496952,0.519000,-45.368999,-13.814000,89.264000,17.358000,20.344000,159.455002,0.000000,0.000000,0.000000,0.000000,0.000000,0.000000,0.120000,250.000000,-1010.000000,-153.000000,-1448.000000,240.000000,-43.000000,-21.000000,22.000000,22.000000,22.000000,22.000000,22.000000,22.000000,22.000000,37.000000,38.000000,39.000000,40.000000,40.000000,40.000000,43.000000,1,1,1,1,1,1,1,0,0,0,0,0,0,0,75,5400.359863,1218,0,1,0.701040,-0.089999,-0.271999,3.029000,-0.464000,-0.008000,1
2.506914,0.654000,-46.098000,-14.043000,90.125999,17.201000,20.989000,159.216003,0.000000,0.000000,0.000000,0.000000,0.000000,0.000000,0.120000,250.000000,-1010.000000,-153.000000,-1448.000000,240.000000,-43.000000,-21.000000,22.000000,22.000000,22.000000,22.000000,22.000000,22.000000,22.000000,37.000000,38.000000,39.000000,40.000000,40.000000,40.000000,43.000000,1,1,1,1,1,1,1,0,0,0,0,0,0,0,75,5400.357910,1218,0,1,0.693975,-0.090000,-0.271999,3.031000,-0.450000,-0.009000,1
2.517012,0.783000,-46.824001,-14.280000,90.978996,17.039000,21.660999,158.975006,0.000000,0.000000,0.000000,0.000000,0.000000,0.000000,0.120000,250.000000,-1010.000000,-153.000000,-1448.000000,240.000000,-43.000000,-21.000000,22.000000,22.000000,22.000000,22.000000,22.000000,22.000000,22.000000,37.000000,38.000000,39.000000,40.000000,40.000000,40.000000,43.000000,1,1,1,1,1,1,1,0,0,0,0,0,0,0,75,5400.359863,1218,0,1,0.686775,-0.090000,-0.272000,3.034000,-0.436000,-0.009000,1
2.526916,0.907000,-47.543999,-14.526000,91.820000,16.872000,22.355000,158.731995,0.000000,0.000000,0.000000,0.000000,0.000000,0.000000,0.120000,250.000000,-1010.000000,-153.000000,-1448.000000,240.000000,-43.000000,-21.000000,22.000000,22.000000,22.000000,22.000000,22.000000,22.000000,22.000000,37.000000,38.000000,39.000000,40.000000,40.000000,40.000000,43.000000,1,1,1,1,1,1,1,0,0,0,0,0,0,0,75,5400.357910,1218,0,1,0.679456,-0.090000,-0.271999,3.037000,-0.422000,-0.009000,1
2.537024,1.024000,-48.257000,-14.779000,92.649002,16.698999,23.068001,158.488007,0.000000,0.000000,0.000000,0.000000,0.000000,0.000000,0.120000,250.000000,-1010.000000,-153.000000,-1448.000000,240.000000,-43.000000,-21.000000,22.000000,22.000000,22.000000,22.000000,22.000000,22.000000,22.000000,37.000000,38.000000,39.000000,40.000000,40.000000,40.000000,43.000000,1,1,1,1,1,1,1,0,0,0,0,0,0,0,75,5400.357910,1217,0,1,0.672034,-0.090000,-0.272000,3.040000,-0.408000,-0.009000,1
2.547059,1.158000,-49.101002,-15.092000,93.628998,16.485001,23.943001,158.192993,0.000000,0.000000,0.000000,0.000000,0.000000,0.000000,0.120000,250.000000,-1010.000000,-153.000000,-1448.000000,240.000000,-43.000000,-21.000000,22.000000,22.000000,22.000000,22.000000,22.000000,22.000000,22.000000,37.000000,38.000000,39.000000,40.000000,40.000000,40.000000,43.000000,1,1,1,1,1,1,1,0,0,0,0,0,0,0,75,5400.359863,1218,0,1,0.663015,-0.090000,-0.272000,3.043000,-0.390000,-0.010000,1
2.556960,1.264000,-49.791000,-15.361000,94.431000,16.302000,24.684999,157.945999,0.000000,0.000000,0.000000,0.000000,0.000000,0.000000,0.120000,250.000000,-1010.000000,-153.000000,-1448.000000,240.000000,-43.000000,-21.000000,22.000000,22.000000,22.000000,22.000000,22.000000,22.000000,22.000000,37.000000,38.000000,39.000000,40.000000,40.000000,40.000000,43.000000,1,1,1,1,1,1,1,0,0,0,0,0,0,0,75,5400.359863,1218,0,1,0.655426,-0.090000,-0.271999,3.046000,-0.376000,-0.010000,1
2.566920,1.364000,-50.469002,-15.634000,95.220001,16.115000,25.433001,157.697998,0.000000,0.000000,0.000000,0.000000,0.000000,0.000000,0.120000,250.000000,-1010.000000,-153.000000,-1448.000000,240.000000,-43.000000,-21.000000,22.000000,22.000000,22.000000,22.000000,22.000000,22.000000,22.000000,37.000000,38.000000,39.000000,40.000000,40.000000,40.000000,43.000000,1,1,1,1,1,1,1,0,0,0,0,0,0,0,75,5400.359863,1217,0,1,0.647790,-0.090000,-0.271999,3.049000,-0.361000,-0.010000,1
2.576961,1.460000,-51.132999,-15.913000,95.996002,15.924000,26.184000,157.447998,0.000000,0.000000,0.000000,0.000000,0.000000,0.000000,0.120000,250.000000,-1010.000000,-153.000000,-1448.000000,240.000000,-43.000000,-21.000000,22.000000,22.000000,22.000000,22.000000,22.000000,22.000000,22.000000,37.000000,38.000000,39.000000,40.000000,40.000000,40.000000,43.000000,1,1,1,1,1,1,1,0,0,0,0,0,0,0,75,5400.357910,1218,0,1,0.640125,-0.090000,-0.272000,3.052000,-0.346000,-0.010000,1
2.586968,1.550000,-51.780998,-16.195999,96.759003,15.729000,26.933001,157.197998,0.000000,0.000000,0.000000,0.000000,0.000000,0.000000,0.120000,250.000000,-1010.000000,-153.000000,-1448.000000,240.000000,-43.000000,-21.000000,22.000000,22.000000,22.000000,22.000000,22.000000,22.000000,22.000000,37.000000,38.000000,39.000000,40.000000,40.000000,40.000000,43.000000,1,1,1,1,1,1,1,0,0,0,0,0,0,0,75,5400.357910,1218,0,1,0.632448,-0.089999,-0.272000,3.055000,-0.331000,-0.010000,1
2.596944,1.603000,-52.161999,-16.368000,97.209999,15.611000,27.381001,157.046997,0.000000,0.000000,0.000000,0.000000,0.000000,0.000000,0.120000,250.000000,-1010.000000,-153.000000,-1448.000000,240.000000,-43.000000,-21.000000,22.000000,22.000000,22.000000,22.000000,22.000000,22.000000,22.000000,37.000000,38.000000,39.000000,40.000000,40.000000,40.000000,43.000000,1,1,1,1,1,1,1,0,0,0,0,0,0,0,75,5400.359863,1218,0,1,0.627844,-0.090000,-0.272000,3.057000,-0.322000,-0.010000,1
2.606892,1.686000,-52.783001,-16.657000,97.952003,15.412000,28.122000,156.796005,0.000000,0.000000,0.000000,0.000000,0.000000,0.000000,0.120000,250.000000,-1010.000000,-153.000000,-1448.000000,240.000000,-43.000000,-21.000000,22.000000,22.000000,22.000000,22.000000,22.000000,22.000000,22.000000,37.000000,38.000000,39.000000,40.000000,40.000000,40.000000,43.000000,1,1,1,1,1,1,1,0,0,0,0,0,0,0,75,5400.357910,1218,0,1,0.620188,-0.090000,-0.271999,3.060000,-0.307000,-0.010000,1
2.617094,1.781000,-53.504002,-17.006001,98.822998,15.171000,28.997000,156.492996,0.000000,0.000000,0.000000,0.000000,0.000000,0.000000,0.120000,250.000000,-1010.000000,-153.000000,-1448.000000,240.000000,-43.000000,-21.000000,22.000000,22.000000,22.000000,22.000000,22.000000,22.000000,22.000000,37.000000,38.000000,39.000000,40.000000,40.000000,40.000000,43.000000,1,1,1,1,1,1,1,0,0,0,0,0,0,0,75,5400.357910,1217,0,1,0.611050,-0.089999,-0.271999,3.063000,-0.289000,-0.009000,1
2.626916,1.856000,-54.084000,-17.299999,99.535004,14.968000,29.712000,156.240997,0.000000,0.000000,0.000000,0.000000,0.000000,0.000000,0.120000,250.000000,-1010.000000,-153.000000,-1448.000000,240.000000,-43.000000,-21.000000,22.000000,22.000000,22.000000,22.000000,22.000000,22.000000,22.000000,37.000000,38.000000,39.000000,40.000000,40.000000,40.000000,43.000000,1,1,1,1,1,1,1,0,0,0,0,0,0,0,75,5400.357910,1217,0,1,0.603497,-0.089999,-0.271999,3.066000,-0.275000,-0.009000,1
2.636923,1.927000,-54.644001,-17.594000,100.234001,14.765000,30.409000,155.990005,0.000000,0.000000,0.000000,0.000000,0.000000,0.000000,0.120000,250.000000,-1010.000000,-153.000000,-1448.000000,240.000000,-43.000000,-21.000000,22.000000,22.000000,22.000000,22.000000,22.000000,22.000000,22.000000,37.000000,38.000000,39.000000,40.000000,40.000000,40.000000,43.000000,1,1,1,1,1,1,1,0,0,0,0,0,0,0,75,5400.356934,1217,0,1,0.596019,-0.090000,-0.271999,3.069000,-0.260000,-0.009000,1
2.647034,1.995000,-55.183998,-17.888000,100.919998,14.561000,31.084999,155.738007,0.000000,0.000000,0.000000,0.000000,0.000000,0.000000,0.120000,250.000000,-1010.000000,-153.000000,-1448.000000,240.000000,-43.000000,-21.000000,22.000000,22.000000,22.000000,22.000000,22.000000,22.000000,22.000000,37.000000,38.000000,39.000000,40.000000,40.000000,40.000000,43.000000,1,1,1,1,1,1,1,0,0,0,0,0,0,0,75,5400.357910,1217,0,1,0.588633,-0.089999,-0.272000,3.071000,-0.246000,-0.009000,1
2.656995,2.059000,-55.705002,-18.181000,101.594002,14.358000,31.739000,155.487000,0.000000,0.000000,0.000000,0.000000,0.000000,0.000000,0.120000,250.000000,-1010.000000,-153.000000,-1448.000000,240.000000,-43.000000,-21.000000,22.000000,22.000000,22.000000,22.000000,22.000000,22.000000,22.000000,37.000000,38.000000,39.000000,40.000000,40.000000,40.000000,43.000000,1,1,1,1,1,1,1,0,0,0,0,0,0,0,75,5400.357910,1217,0,1,0.581356,-0.089999,-0.272000,3.074000,-0.232000,-0.008000,1
2.666953,2.132000,-56.303001,-18.531000,102.386002,14.116000,32.490002,155.188004,0.000000,0.000000,0.000000,0.000000,0.000000,0.000000,0.120000,250.000000,-1010.000000,-153.000000,-1448.000000,240.000000,-43.000000,-21.000000,22.000000,22.000000,22.000000,22.000000,22.000000,22.000000,22.000000,37.000000,38.000000,39.000000,40.000000,40.000000,40.000000,43.000000,1,1,1,1,1,1,1,0,0,0,0,0,0,0,75,5400.359863,1218,0,1,0.572788,-0.090000,-0.272000,3.077000,-0.216000,-0.008000,1
2.676927,2.167000,-56.591999,-18.705000,102.776001,13.996000,32.849998,155.039001,0.000000,0.000000,0.000000,0.000000,0.000000,0.000000,0.120000,250.000000,-1010.000000,-153.000000,-1448.000000,240.000000,-43.000000,-21.000000,22.000000,22.000000,22.000000,22.000000,22.000000,22.000000,22.000000,37.000000,38.000000,39.000000,40.000000,40.000000,40.000000,43.000000,1,1,1,1,1,1,1,0,0,0,0,0,0,0,75,5400.357910,1218,0,1,0.568580,-0.089999,-0.271999,3.078000,-0.208000,-0.008000,1
2.686916,2.222000,-57.056999,-18.993000,103.417000,13.798000,33.426998,154.792007,0.000000,0.000000,0.000000,0.000000,0.000000,0.000000,0.120000,250.000000,-1010.000000,-153.000000,-1448.000000,240.000000,-43.000000,-21.000000,22.000000,22.000000,22.000000,22.000000,22.000000,22.000000,22.000000,37.000000,38.000000,39.000000,40.000000,40.000000,40.000000,43.000000,1,1,1,1,1,1,1,0,0,0,0,0,0,0,75,5400.357910,1217,0,1,0.561689,-0.090000,-0.272000,3.081000,-0.195000,-0.007000,1
2.696962,2.285000,-57.590000,-19.333000,104.169998,13.564000,34.077999,154.498993,0.000000,0.000000,0.000000,0.000000,0.000000,0.000000,0.120000,250.000000,-1010.000000,-153.000000,-1448.000000,240.000000,-43.000000,-21.000000,22.000000,22.000000,22.000000,22.000000,22.000000,22.000000,22.000000,37.000000,38.000000,39.000000,40.000000,40.000000,40.000000,43.000000,1,1,1,1,1,1,1,0,0,0,0,0,0,0,75,5400.357910,1217,0,1,0.553638,-0.089999,-0.272000,3.084000,-0.180000,-0.007000,1
2.706949,2.334000,-58.013000,-19.612000,104.786003,13.374000,34.585999,154.257004,0.000000,0.000000,0.000000,0.000000,0.000000,0.000000,0.120000,250.000000,-1010.000000,-153.000000,-1448.000000,240.000000,-43.000000,-21.000000,22.000000,22.000000,22.000000,22.000000,22.000000,22.000000,22.000000,37.000000,38.000000,39.000000,40.000000,40.000000,40.000000,43.000000,1,1,1,1,1,1,1,0,0,0,0,0,0,0,75,5400.357910,1217,0,1,0.547126,-0.090000,-0.271999,3.086000,-0.168000,-0.006000,1
2.716970,2.380000,-58.418999,-19.886000,105.389000,13.188000,35.060001,154.018005,0.000000,0.000000,0.000000,0.000000,0.000000,0.000000,0.120000,250.000000,-1010.000000,-153.000000,-1448.000000,240.000000,-43.000000,-21.000000,22.000000,22.000000,22.000000,22.000000,22.000000,22.000000,22.000000,37.000000,38.000000,39.000000,40.000000,40.000000,40.000000,43.000000,1,1,1,1,1,1,1,0,0,0,0,0,0,0,75,5400.359863,1217,0,1,0.540805,-0.090000,-0.272000,3.088000,-0.156000,-0.006000,1
2.726946,2.423000,-58.806999,-20.153999,105.982002,13.007000,35.500000,153.783005,0.000000,0.000000,0.000000,0.000000,0.000000,0.000000,0.120000,250.000000,-1010.000000,-153.000000,-1448.000000,240.000000,-43.000000,-21.000000,22.000000,22.000000,22.000000,22.000000,22.000000,22.000000,22.000000,37.000000,38.000000,39.000000,40.000000,40.000000,40.000000,43.000000,1,1,1,1,1,1,1,0,0,0,0,0,0,0,75,5400.359863,1218,0,1,0.534686,-0.090000,-0.272000,3.090000,-0.145000,-0.005000,1
2.736922,2.472000,-59.251999,-20.468000,106.678001,12.797000,35.981998,153.505005,0.000000,0.000000,0.000000,0.000000,0.000000,0.000000,0.120000,250.000000,-1010.000000,-153.000000,-1448.000000,240.000000,-43.000000,-21.000000,22.000000,22.000000,22.000000,22.000000,22.000000,22.000000,22.000000,37.000000,38.000000,39.000000,40.000000,40.000000,40.000000,43.000000,1,1,1,1,1,1,1,0,0,0,0,0,0,0,75,5400.359863,1218,0,1,0.527622,-0.089999,-0.272000,3.093000,-0.132000,-0.005000,1
2.747060,2.509000,-59.605000,-20.722000,107.246002,12.628000,36.346001,153.278000,0.000000,0.000000,0.000000,0.000000,0.000000,0.000000,0.120000,250.000000,-1010.000000,-153.000000,-1448.000000,240.000000,-43.000000,-21.000000,22.000000,22.000000,22.000000,22.000000,22.000000,22.000000,22.000000,37.000000,38.000000,39.000000,40.000000,40.000000,40.000000,43.000000,1,1,1,1,1,1,1,0,0,0,0,0,0,0,75,5400.359863,1217,0,1,0.521977,-0.090000,-0.271999,3.095000,-0.122000,-0.004000,1
2.756972,2.523000,-59.742001,-20.822001,107.470001,12.563000,36.480999,153.188995,0.000000,0.000000,0.000000,0.000000,0.000000,0.000000,0.120000,250.000000,-1010.000000,-153.000000,-1448.000000,240.000000,-43.000000,-21.000000,22.000000,22.000000,22.000000,22.000000,22.000000,22.000000,22.000000,37.000000,38.000000,39.000000,40.000000,40.000000,40.000000,43.000000,1,1,1,1,1,1,1,0,0,0,0,0,0,0,75,5400.357910,1217,0,1,0.519783,-0.089999,-0.272000,3.095000,-0.118000,-0.004000,1
2.766986,2.563000,-60.139000,-21.114000,108.130997,12.373000,36.855000,152.923996,0.000000,0.000000,0.000000,0.000000,0.000000,0.000000,0.120000,250.000000,-1010.000000,-153.000000,-1448.000000,240.000000,-43.000000,-21.000000,22.000000,22.000000,22.000000,22.000000,22.000000,22.000000,22.000000,37.000000,38.000000,39.000000,40.000000,40.000000,40.000000,43.000000,1,1,1,1,1,1,1,0,0,0,0,0,0,0,75,5400.357910,1217,0,1,0.513420,-0.090000,-0.272000,3.098000,-0.107000,-0.004000,1
2.776924,2.593000,-60.456001,-21.348000,108.668999,12.223000,37.129002,152.709000,0.000000,0.000000,0.000000,0.000000,0.000000,0.000000,0.120000,250.000000,-1010.000000,-153.000000,-1448.000000,240.000000,-43.000000,-21.000000,22.000000,22.000000,22.000000,22.000000,22.000000,22.000000,22.000000,37.000000,38.000000,39.000000,40.000000,40.000000,40.000000,43.000000,1,1,1,1,1,1,1,0,0,0,0,0,0,0,75,5400.357910,1217,0,1,0.508376,-0.089999,-0.272000,3.099000,-0.098000,-0.003000,1
2.787004,2.620000,-60.759998,-21.573999,109.195000,12.080000,37.368999,152.500000,0.000000,0.000000,0.000000,0.000000,0.000000,0.000000,0.120000,250.000000,-1010.000000,-153.000000,-1448.000000,240.000000,-43.000000,-21.000000,22.000000,22.000000,22.000000,22.000000,22.000000,22.000000,22.000000,37.000000,38.000000,39.000000,40.000000,40.000000,40.000000,43.000000,1,1,1,1,1,1,1,0,0,0,0,0,0,0,75,5400.359863,1218,0,1,0.503569,-0.090000,-0.272000,3.101000,-0.090000,-0.003000,1
2.796964,2.650000,-61.110001,-21.834999,109.813004,11.920000,37.613998,152.255005,0.000000,0.000000,0.000000,0.000000,0.000000,0.000000,0.120000,250.000000,-1010.000000,-153.000000,-1448.000000,240.000000,-43.000000,-21.000000,22.000000,22.000000,22.000000,22.000000,22.000000,22.000000,22.000000,37.000000,38.000000,39.000000,40.000000,40.000000,40.000000,43.000000,1,1,1,1,1,1,1,0,0,0,0,0,0,0,75,5400.359863,1218,0,1,0.498116,-0.090000,-0.271999,3.102000,-0.081000,-0.002000,1
2.806842,2.672000,-61.389999,-22.042000,110.314003,11.795000,37.783001,152.057007,0.000000,0.000000,0.000000,0.000000,0.000000,0.000000,0.120000,250.000000,-1010.000000,-153.000000,-1448.000000,240.000000,-43.000000,-21.000000,22.000000,22.000000,22.000000,22.000000,22.000000,22.000000,22.000000,37.000000,38.000000,39.000000,40.000000,40.000000,40.000000,43.000000,1,1,1,1,1,1,1,0,0,0,0,0,0,0,75,5400.356934,1218,0,1,0.493835,-0.089999,-0.272000,3.104000,-0.074000,-0.002000,1
2.816919,2.691000,-61.660999,-22.240000,110.805000,11.679000,37.922001,151.865005,0.000000,0.000000,0.000000,0.000000,0.000000,0.000000,0.120000,250.000000,-1010.000000,-153.000000,-1448.000000,240.000000,-43.000000,-21.000000,22.000000,22.000000,22.000000,22.000000,22.000000,22.000000,22.000000,37.000000,38.000000,39.000000,40.000000,40.000000,40.000000,43.000000,1,1,1,1,1,1,1,0,0,0,0,0,0,0,75,5400.357910,1218,0,1,0.489793,-0.089999,-0.272000,3.105000,-0.068000,-0.002000,1
2.826922,2.708000,-61.923000,-22.427999,111.285004,11.571000,38.029999,151.677994,0.000000,0.000000,0.000000,0.000000,0.000000,0.000000,0.120000,250.000000,-1010.000000,-153.000000,-1448.000000,240.000000,-43.000000,-21.000000,22.000000,22.000000,22.000000,22.000000,22.000000,22.000000,22.000000,37.000000,38.000000,39.000000,40.000000,40.000000,40.000000,43.000000,1,1,1,1,1,1,1,0,0,0,0,0,0,0,75,5400.359863,1217,0,1,0.485985,-0.090000,-0.272000,3.106000,-0.062000,-0.001000,1
2.836961,2.722000,-62.176998,-22.608000,111.753998,11.471000,38.110001,151.496994,0.000000,0.000000,0.000000,0.000000,0.000000,0.000000,0.120000,250.000000,-1010.000000,-153.000000,-1448.000000,240.000000,-43.000000,-21.000000,22.000000,22.000000,22.000000,22.000000,22.000000,22.000000,22.000000,37.000000,38.000000,39.000000,40.000000,40.000000,40.000000,43.000000,1,1,1,1,1,1,1,0,0,0,0,0,0,0,75,5400.357910,1217,0,1,0.482409,-0.090000,-0.272000,3.107000,-0.057000,-0.001000,1
2.847015,2.736000,-62.472000,-22.812000,112.302002,11.362000,38.169998,151.287003,0.000000,0.000000,0.000000,0.000000,0.000000,0.000000,0.120000,250.000000,-1010.000000,-153.000000,-1448.000000,240.000000,-43.000000,-21.000000,22.000000,22.000000,22.000000,22.000000,22.000000,22.000000,22.000000,37.000000,38.000000,39.000000,40.000000,40.000000,40.000000,43.000000,1,1,1,1,1,1,1,0,0,0,0,0,0,0,75,5400.359863,1218,0,1,0.478415,-0.090000,-0.271999,3.108000,-0.051000,-0.001000,1
2.856917,2.746000,-62.710999,-22.972000,112.748001,11.281000,38.192001,151.119003,0.000000,0.000000,0.000000,0.000000,0.000000,0.000000,0.120000,250.000000,-1010.000000,-153.000000,-1448.000000,240.000000,-43.000000,-21.000000,22.000000,22.000000,22.000000,22.000000,22.000000,22.000000,22.000000,37.000000,38.000000,39.000000,40.000000,40.000000,40.000000,43.000000,1,1,1,1,1,1,1,0,0,0,0,0,0,0,75,5400.357910,1218,0,1,0.475326,-0.089999,-0.272000,3.109000,-0.047000,-0.001000,1
2.866953,2.753000,-62.944000,-23.122999,113.183998,11.208000,38.189999,150.955002,0.000000,0.000000,0.000000,0.000000,0.000000,0.000000,0.120000,250.000000,-1010.000000,-153.000000,-1448.000000,240.000000,-43.000000,-21.000000,22.000000,22.000000,22.000000,22.000000,22.000000,22.000000,22.000000,37.000000,38.000000,39.000000,40.000000,40.000000,40.000000,43.000000,1,1,1,1,1,1,1,0,0,0,0,0,0,0,75,5400.357910,1217,0,1,0.472446,-0.090000,-0.272000,3.110000,-0.043000,0.000000,1
2.876900,2.757000,-63.082001,-23.209999,113.441002,11.168000,38.178001,150.860001,0.000000,0.000000,0.000000,0.000000,0.000000,0.000000,0.120000,250.000000,-1010.000000,-153.000000,-1448.000000,240.000000,-43.000000,-21.000000,22.000000,22.000000,22.000000,22.000000,22.000000,22.000000,22.000000,37.000000,38.000000,39.000000,40.000000,40.000000,40.000000,43.000000,1,1,1,1,1,1,1,0,0,0,0,0,0,0,75,5400.357910,1218,0,1,0.470815,-0.090000,-0.272000,3.110000,-0.042000,0.000000,1
2.887048,2.761000,-63.306999,-23.348000,113.862000,11.107000,38.139999,150.705002,0.000000,0.000000,0.000000,0.000000,0.000000,0.000000,0.120000,250.000000,-1010.000000,-153.000000,-1448.000000,240.000000,-43.000000,-21.000000,22.000000,22.000000,22.000000,22.000000,22.000000,22.000000,22.000000,37.000000,38.000000,39.000000,40.000000,40.000000,40.000000,43.000000,1,1,1,1,1,1,1,0,0,0,0,0,0,0,75,5400.357910,1216,0,1,0.468250,-0.089999,-0.271999,3.111000,-0.039000,0.000000,1
2.896941,2.764000,-63.528999,-23.478001,114.274002,11.053000,38.083000,150.554993,0.000000,0.000000,0.000000,0.000000,0.000000,0.000000,0.120000,250.000000,-1010.000000,-153.000000,-1448.000000,240.000000,-43.000000,-21.000000,22.000000,22.000000,22.000000,22.000000,22.000000,22.000000,22.000000,37.000000,38.000000,39.000000,40.000000,40.000000,40.000000,43.000000,1,1,1,1,1,1,1,0,0,0,0,0,0,0,75,5400.357910,1218,0,1,0.465867,-0.090000,-0.271999,3.111000,-0.036000,0.000000,1
2.907071,2.765000,-63.745998,-23.600000,114.678001,11.006000,38.006001,150.408997,0.000000,0.000000,0.000000,0.000000,0.000000,0.000000,0.120000,250.000000,-1010.000000,-153.000000,-1448.000000,240.000000,-43.000000,-21.000000,22.000000,22.000000,22.000000,22.000000,22.000000,22.000000,22.000000,37.000000,38.000000,39.000000,40.000000,40.000000,40.000000,43.000000,1,1,1,1,1,1,1,0,0,0,0,0,0,0,75,5400.359863,1218,0,1,0.463654,-0.090000,-0.271999,3.111000,-0.034000,0.000000,1
2.917010,2.765000,-64.003998,-23.738001,115.153000,10.958000,37.893002,150.238998,0.000000,0.000000,0.000000,0.000000,0.000000,0.000000,0.120000,250.000000,-1010.000000,-153.000000,-1448.000000,240.000000,-43.000000,-21.000000,22.000000,22.000000,22.000000,22.000000,22.000000,22.000000,22.000000,37.000000,38.000000,39.000000,40.000000,40.000000,40.000000,43.000000,1,1,1,1,1,1,1,0,0,0,0,0,0,0,75,5400.357910,1217,0,1,0.461205,-0.089999,-0.272000,3.112000,-0.032000,0.000000,1
2.926943,2.763000,-64.214996,-23.847000,115.542000,10.925000,37.782001,150.102005,0.000000,0.000000,0.000000,0.000000,0.000000,0.000000,0.120000,250.000000,-1010.000000,-153.000000,-1448.000000,240.000000,-43.000000,-21.000000,22.000000,22.000000,22.000000,22.000000,22.000000,22.000000,22.000000,37.000000,38.000000,39.000000,40.000000,40.000000,40.000000,43.000000,1,1,1,1,1,1,1,0,0,0,0,0,0,0,75,5400.357910,1218,0,1,0.459318,-0.090000,-0.271999,3.112000,-0.031000,0.000000,1
2.936946,2.761000,-64.424004,-23.950001,115.924004,10.896000,37.658001,149.968002,0.000000,0.000000,0.000000,0.000000,0.000000,0.000000,0.120000,250.000000,-1010.000000,-153.000000,-1448.000000,240.000000,-43.000000,-21.000000,22.000000,22.000000,22.000000,22.000000,22.000000,22.000000,22.000000,37.000000,38.000000,39.000000,40.000000,40.000000,40.000000,43.000000,1,1,1,1,1,1,1,0,0,0,0,0,0,0,75,5400.357910,1217,0,1,0.457556,-0.090000,-0.272000,3.112000,-0.030000,0.000000,1
2.946912,2.757000,-64.630997,-24.049000,116.300003,10.872000,37.522999,149.837006,0.000000,0.000000,0.000000,0.000000,0.000000,0.000000,0.120000,250.000000,-1010.000000,-153.000000,-1448.000000,240.000000,-43.000000,-21.000000,22.000000,22.000000,22.000000,22.000000,22.000000,22.000000,22.000000,37.000000,38.000000,39.000000,40.000000,40.000000,40.000000,43.000000,1,1,1,1,1,1,1,0,0,0,0,0,0,0,75,5400.357910,1217,0,1,0.455902,-0.089999,-0.272000,3.112000,-0.029000,0.000000,1
2.956848,2.754000,-64.835999,-24.143999,116.671997,10.851000,37.379002,149.709000,0.000000,0.000000,0.000000,0.000000,0.000000,0.000000,0.120000,250.000000,-1010.000000,-153.000000,-1448.000000,240.000000,-43.000000,-21.000000,22.000000,22.000000,22.000000,22.000000,22.000000,22.000000,22.000000,37.000000,38.000000,39.000000,40.000000,40.000000,40.000000,43.000000,1,1,1,1,1,1,1,0,0,0,0,0,0,0,75,5400.359863,1218,0,1,0.454340,-0.089999,-0.272000,3.112000,-0.029000,0.000000,1
2.967061,2.748000,-65.081001,-24.254000,117.112999,10.830000,37.195999,149.557007,0.000000,0.000000,0.000000,0.000000,0.000000,0.000000,0.120000,250.000000,-1010.000000,-153.000000,-1448.000000,240.000000,-43.000000,-21.000000,22.000000,22.000000,22.000000,22.000000,22.000000,22.000000,22.000000,37.000000,38.000000,39.000000,40.000000,40.000000,40.000000,43.000000,1,1,1,1,1,1,1,0,0,0,0,0,0,0,75,5400.359863,1217,0,1,0.452564,-0.089999,-0.272000,3.112000,-0.029000,0.000000,1
2.976852,2.744000,-65.283997,-24.343000,117.476997,10.815000,37.037998,149.431000,0.000000,0.000000,0.000000,0.000000,0.000000,0.000000,0.120000,250.000000,-1010.000000,-153.000000,-1448.000000,240.000000,-43.000000,-21.000000,22.000000,22.000000,22.000000,22.000000,22.000000,22.000000,22.000000,37.000000,38.000000,39.000000,40.000000,40.000000,40.000000,43.000000,1,1,1,1,1,1,1,0,0,0,0,0,0,0,75,5400.357910,1217,0,1,0.451144,-0.090000,-0.272000,3.112000,-0.029000,0.000000,1
2.986862,2.739000,-65.487000,-24.431999,117.838997,10.801000,36.876999,149.307007,0.000000,0.000000,0.000000,0.000000,0.000000,0.000000,0.120000,250.000000,-1010.000000,-153.000000,-1448.000000,240.000000,-43.000000,-21.000000,22.000000,22.000000,22.000000,22.000000,22.000000,22.000000,22.000000,37.000000,38.000000,39.000000,40.000000,40.000000,40.000000,43.000000,1,1,1,1,1,1,1,0,0,0,0,0,0,0,75,5400.357910,1216,0,1,0.449761,-0.090000,-0.272000,3.112000,-0.029000,0.000000,1
2.996855,2.737000,-65.608002,-24.486000,118.055000,10.793000,36.778999,149.231995,0.000000,0.000000,0.000000,0.000000,0.000000,0.000000,0.120000,250.000000,-1010.000000,-153.000000,-1448.000000,240.000000,-43.000000,-21.000000,22.000000,22.000000,22.000000,22.000000,22.000000,22.000000,22.000000,37.000000,38.000000,39.000000,40.000000,40.000000,40.000000,43.000000,1,1,1,1,1,1,1,0,0,0,0,0,0,0,75,5400.356934,1218,0,1,0.448940,-0.089999,-0.271999,3.113000,-0.029000,0.000000,1
3.007901,2.731000,-65.930000,-24.632999,118.625999,10.769000,36.521000,149.031006,0.000000,0.000000,0.000000,0.000000,0.000000,0.000000,0.120000,250.000000,-1010.000000,-153.000000,-1448.000000,240.000000,-43.000000,-21.000000,22.000000,22.000000,22.000000,22.000000,22.000000,22.000000,22.000000,37.000000,38.000000,39.000000,40.000000,40.000000,40.000000,43.000000,1,1,1,1,1,1,1,0,0,0,0,0,0,0,75,5400.357910,1217,0,1,0.446767,-0.090010,-0.272000,3.113000,-0.029000,0.000000,0
3.017853,2.730000,-66.011002,-24.670000,118.768997,10.763000,36.456001,148.981003,0.000000,0.000000,0.000000,0.000000,0.000000,0.000000,0.120000,250.000000,-1010.000000,-153.000000,-1448.000000,240.000000,-43.000000,-21.000000,22.000000,22.000000,22.000000,22.000000,22.000000,22.000000,22.000000,37.000000,38.000000,39.000000,40.000000,40.000000,40.000000,43.000000,1,1,1,1,1,1,1,0,0,0,0,0,0,0,75,5400.356934,1217,0,1,0.446222,-0.090013,-0.272000,3.113000,-0.028000,0.000000,0
3.027958,2.722000,-66.252998,-24.777000,119.197998,10.747000,36.263000,148.832001,0.000000,0.000000,0.000000,0.000000,0.000000,0.000000,0.120000,250.000000,-1010.000000,-153.000000,-1448.000000,240.000000,-43.000000,-21.000000,22.000000,22.000000,22.000000,22.000000,22.000000,22.000000,22.000000,37.000000,38.000000,39.000000,40.000000,40.000000,40.000000,43.000000,1,1,1,1,1,1,1,0,0,0,0,0,0,0,75,5400.357910,1217,0,1,0.444589,-0.089995,-0.272000,3.113000,-0.028000,0.000000,0
3.037930,2.705000,-66.456001,-24.853001,119.559998,10.738000,36.101002,148.716003,0.000000,0.000000,0.000000,0.000000,0.000000,0.000000,0.120000,250.000000,-1010.000000,-153.000000,-1448.000000,240.000000,-43.000000,-21.000000,22.000000,22.000000,22.000000,22.000000,22.000000,22.000000,22.000000,37.000000,38.000000,39.000000,40.000000,40.000000,40.000000,43.000000,1,1,1,1,1,1,1,0,0,0,0,0,0,0,75,5400.357910,1217,0,1,0.443231,-0.089919,-0.272000,3.113000,-0.028000,0.000000,0
3.047906,2.673000,-66.658997,-24.908001,119.928001,10.738000,35.938999,148.610992,0.000000,0.000000,0.000000,0.000000,0.000000,0.000000,0.120000,250.000000,-1010.000000,-153.000000,-1448.000000,240.000000,-43.000000,-21.000000,22.000000,22.000000,22.000000,22.000000,22.000000,22.000000,22.000000,37.000000,38.000000,39.000000,40.000000,40.000000,40.000000,43.000000,1,1,1,1,1,1,1,0,0,0,0,0,0,0,75,5400.359863,1218,0,1,0.441880,-0.089756,-0.272000,3.113000,-0.028000,0.000000,0
3.057799,2.623000,-66.863998,-24.940001,120.305000,10.748000,35.773998,148.518005,0.000000,0.000000,0.000000,0.000000,0.000000,0.000000,0.120000,250.000000,-1010.000000,-153.000000,-1448.000000,240.000000,-43.000000,-21.000000,22.000000,22.000000,22.000000,22.000000,22.000000,22.000000,22.000000,37.000000,38.000000,39.000000,40.000000,40.000000,40.000000,43.000000,1,1,1,1,1,1,1,0,0,0,0,0,0,0,75,5400.359863,1217,0,1,0.440527,-0.089493,-0.272000,3.113000,-0.028000,0.000000,3
3.067803,2.551000,-67.087997,-24.948999,120.723000,10.767000,35.594002,148.434998,0.000000,0.000000,0.000000,0.000000,0.000000,0.000000,0.120000,250.000000,-1010.000000,-153.000000,-1448.000000,240.000000,-43.000000,-21.000000,22.000000,22.000000,22.000000,22.000000,22.000000,22.000000,22.000000,37.000000,38.000000,39.000000,40.000000,40.000000,40.000000,43.000000,1,1,1,1,1,1,1,0,0,0,0,0,0,0,75,5400.357910,1217,0,1,0.439067,-0.089099,-0.272000,3.113000,-0.028000,0.000000,3
3.077833,2.448000,-67.343002,-24.924000,121.203003,10.799000,35.389000,148.363998,0.000000,0.000000,0.000000,0.000000,0.000000,0.000000,0.120000,250.000000,-1010.000000,-153.000000,-1448.000000,240.000000,-43.000000,-21.000000,22.000000,22.000000,22.000000,22.000000,22.000000,22.000000,22.000000,37.000000,38.000000,39.000000,40.000000,40.000000,40.000000,43.000000,1,1,1,1,1,1,1,0,0,0,0,0,0,0,75,5400.357910,1218,0,1,0.437430,-0.088512,-0.272000,3.113000,-0.028000,0.000000,3
3.087869,2.273000,-67.674004,-24.830999,121.839996,10.864000,35.122002,148.309006,0.000000,0.000000,0.000000,0.000000,0.000000,0.000000,0.120000,250.000000,-1010.000000,-153.000000,-1448.000000,240.000000,-43.000000,-21.000000,22.000000,22.000000,22.000000,22.000000,22.000000,22.000000,22.000000,37.000000,38.000000,39.000000,40.000000,40.000000,40.000000,43.000000,1,1,1,1,1,1,1,0,0,0,0,0,0,0,75,5400.357910,1217,0,1,0.435338,-0.087511,-0.272000,3.113000,-0.029000,0.000000,3
3.097877,2.092000,-67.945000,-24.698000,122.372002,10.943000,34.903000,148.294998,0.000000,0.000000,0.000000,0.000000,0.000000,0.000000,0.120000,250.000000,-1010.000000,-153.000000,-1448.000000,240.000000,-43.000000,-21.000000,22.000000,22.000000,22.000000,22.000000,22.000000,22.000000,22.000000,37.000000,38.000000,39.000000,40.000000,40.000000,40.000000,43.000000,1,1,1,1,1,1,1,0,0,0,0,0,0,0,75,5400.359863,1218,0,1,0.433658,-0.086473,-0.272000,3.113000,-0.029000,0.000000,3
3.107862,1.882000,-68.203003,-24.517000,122.889999,11.043000,34.695000,148.311005,0.000000,0.000000,0.000000,0.000000,0.000000,0.000000,0.120000,250.000000,-1010.000000,-153.000000,-1448.000000,240.000000,-43.000000,-21.000000,22.000000,22.000000,22.000000,22.000000,22.000000,22.000000,22.000000,37.000000,38.000000,39.000000,40.000000,40.000000,40.000000,43.000000,1,1,1,1,1,1,1,0,0,0,0,0,0,0,75,5400.359863,1218,0,1,0.432088,-0.085273,-0.272000,3.113000,-0.028000,0.000000,3
3.117901,1.645000,-68.445000,-24.289000,123.388000,11.166000,34.500000,148.356995,0.000000,0.000000,0.000000,0.000000,0.000000,0.000000,0.120000,250.000000,-1010.000000,-153.000000,-1448.000000,240.000000,-43.000000,-21.000000,22.000000,22.000000,22.000000,22.000000,22.000000,22.000000,22.000000,37.000000,38.000000,39.000000,40.000000,40.000000,40.000000,43.000000,1,1,1,1,1,1,1,0,0,0,0,0,0,0,75,5400.359863,1217,0,1,0.430644,-0.083925,-0.272000,3.113000,-0.028000,0.000000,3
3.127883,1.384000,-68.668999,-24.014999,123.860001,11.311000,34.320000,148.432999,0.000000,0.000000,0.000000,0.000000,0.000000,0.000000,0.120000,250.000000,-1010.000000,-153.000000,-1448.000000,240.000000,-43.000000,-21.000000,22.000000,22.000000,22.000000,22.000000,22.000000,22.000000,22.000000,37.000000,38.000000,39.000000,40.000000,40.000000,40.000000,43.000000,1,1,1,1,1,1,1,0,0,0,0,0,0,0,75,5400.356934,1217,0,1,0.429340,-0.082440,-0.272000,3.113000,-0.028000,0.000000,3
3.137852,1.041000,-68.913002,-23.627001,124.387001,11.513000,34.126999,148.561996,0.000000,0.000000,0.000000,0.000000,0.000000,0.000000,0.120000,250.000000,-1010.000000,-153.000000,-1448.000000,240.000000,-43.000000,-21.000000,22.000000,22.000000,22.000000,22.000000,22.000000,22.000000,22.000000,37.000000,38.000000,39.000000,40.000000,40.000000,40.000000,43.000000,1,1,1,1,1,1,1,0,0,0,0,0,0,0,75,5400.357910,1218,0,1,0.427978,-0.080500,-0.272000,3.113000,-0.028000,0.000000,3
3.147949,0.921000,-68.987000,-23.485001,124.551003,11.587000,34.069000,148.613998,0.000000,0.000000,0.000000,0.000000,0.000000,0.000000,0.120000,250.000000,-1010.000000,-153.000000,-1448.000000,240.000000,-43.000000,-21.000000,22.000000,22.000000,22.000000,22.000000,22.000000,22.000000,22.000000,37.000000,38.000000,39.000000,40.000000,40.000000,40.000000,43.000000,1,1,1,1,1,1,1,0,0,0,0,0,0,0,75,5400.356934,1218,0,1,0.427576,-0.079820,-0.272000,3.113000,-0.029000,0.000000,3
3.157864,0.411000,-69.248001,-22.851999,125.146004,11.911000,33.868000,148.865005,0.000000,0.000000,0.000000,0.000000,0.000000,0.000000,0.120000,250.000000,-1010.000000,-153.000000,-1448.000000,240.000000,-43.000000,-21.000000,22.000000,22.000000,22.000000,22.000000,22.000000,22.000000,22.000000,37.000000,38.000000,39.000000,40.000000,40.000000,40.000000,43.000000,1,1,1,1,1,1,1,0,0,0,0,0,0,0,75,5400.359863,1218,0,1,0.426247,-0.076954,-0.272000,3.113000,-0.028000,0.000000,3
3.167860,0.210000,-69.329002,-22.591999,125.339996,12.044000,33.806999,148.975006,0.000000,0.000000,0.000000,0.000000,0.000000,0.000000,0.120000,250.000000,-1010.000000,-153.000000,-1448.000000,240.000000,-43.000000,-21.000000,22.000000,22.000000,22.000000,22.000000,22.000000,22.000000,22.000000,37.000000,38.000000,39.000000,40.000000,40.000000,40.000000,43.000000,1,1,1,1,1,1,1,0,0,0,0,0,0,0,75,5400.357910,1217,0,1,0.425868,-0.075830,-0.272000,3.113000,-0.028000,0.000000,3
3.177846,-0.132000,-69.445000,-22.134001,125.626999,12.278000,33.723999,149.177994,0.000000,0.000000,0.000000,0.000000,0.000000,0.000000,0.120000,250.000000,-1010.000000,-153.000000,-1448.000000,240.000000,-43.000000,-21.000000,22.000000,22.000000,22.000000,22.000000,22.000000,22.000000,22.000000,37.000000,38.000000,39.000000,40.000000,40.000000,40.000000,43.000000,1,1,1,1,1,1,1,0,0,0,0,0,0,0,75,5400.357910,1218,0,1,0.425386,-0.073914,-0.272000,3.113000,-0.028000,0.000000,3
3.187867,-0.485000,-69.533997,-21.649000,125.862999,12.525000,33.665001,149.401993,0.000000,0.000000,0.000000,0.000000,0.000000,0.000000,0.120000,250.000000,-1010.000000,-153.000000,-1448.000000,240.000000,-43.000000,-21.000000,22.000000,22.000000,22.000000,22.000000,22.000000,22.000000,22.000000,37.000000,38.000000,39.000000,40.000000,40.000000,40.000000,43.000000,1,1,1,1,1,1,1,0,0,0,0,0,0,0,75,5400.359863,1217,0,1,0.425096,-0.071960,-0.272000,3.113000,-0.028000,0.000000,3
3.197870,-0.842000,-69.595001,-21.143000,126.046997,12.782000,33.631001,149.643997,0.000000,0.000000,0.000000,0.000000,0.000000,0.000000,0.120000,250.000000,-1010.000000,-153.000000,-1448.000000,240.000000,-43.000000,-21.000000,22.000000,22.000000,22.000000,22.000000,22.000000,22.000000,22.000000,37.000000,38.000000,39.000000,40.000000,40.000000,40.000000,43.000000,1,1,1,1,1,1,1,0,0,0,0,0,0,0,75,5400.359863,1217,0,1,0.424999,-0.069986,-0.272000,3.113000,-0.028000,0.000000,3
3.207811,-1.202000,-69.628998,-20.622000,126.176003,13.045000,33.622002,149.901001,0.000000,0.000000,0.000000,0.000000,0.000000,0.000000,0.120000,250.000000,-1010.000000,-153.000000,-1448.000000,240.000000,-43.000000,-21.000000,22.000000,22.000000,22.000000,22.000000,22.000000,22.000000,22.000000,37.000000,38.000000,39.000000,40.000000,40.000000,40.000000,43.000000,1,1,1,1,1,1,1,0,0,0,0,0,0,0,75,5400.357910,1218,0,1,0.425098,-0.068013,-0.272000,3.113000,-0.028000,0.000000,3
3.217900,-1.632000,-69.630997,-19.985001,126.255997,13.367000,33.644001,150.225998,0.000000,0.000000,0.000000,0.000000,0.000000,0.000000,0.120000,250.000000,-1010.000000,-153.000000,-1448.000000,240.000000,-43.000000,-21.000000,22.000000,22.000000,22.000000,22.000000,22.000000,22.000000,22.000000,37.000000,38.000000,39.000000,40.000000,40.000000,40.000000,43.000000,1,1,1,1,1,1,1,0,0,0,0,0,0,0,75,5400.357910,1217,0,1,0.425473,-0.065673,-0.272000,3.113000,-0.028000,0.000000,3
3.227903,-1.774000,-69.623001,-19.771000,126.264000,13.475000,33.659000,150.337006,0.000000,0.000000,0.000000,0.000000,0.000000,0.000000,0.120000,250.000000,-1010.000000,-153.000000,-1448.000000,240.000000,-43.000000,-21.000000,22.000000,22.000000,22.000000,22.000000,22.000000,22.000000,22.000000,37.000000,38.000000,39.000000,40.000000,40.000000,40.000000,43.000000,1,1,1,1,1,1,1,0,0,0,0,0,0,0,75,5400.359863,1217,0,1,0.425659,-0.064904,-0.272000,3.113000,-0.029000,0.000000,3
3.237872,-2.331000,-69.543999,-18.924000,126.206001,13.901000,33.758999,150.791000,0.000000,0.000000,0.000000,0.000000,0.000000,0.000000,0.120000,250.000000,-1010.000000,-153.000000,-1448.000000,240.000000,-43.000000,-21.000000,22.000000,22.000000,22.000000,22.000000,22.000000,22.000000,22.000000,37.000000,38.000000,39.000000,40.000000,40.000000,40.000000,43.000000,1,1,1,1,1,1,1,0,0,0,0,0,0,0,75,5400.357910,1216,0,1,0.426703,-0.061923,-0.272000,3.113000,-0.028000,0.000000,3
3.247987,-2.664000,-69.458000,-18.408001,126.095001,14.161000,33.853001,151.076996,0.000000,0.000000,0.000000,0.000000,0.000000,0.000000,0.120000,250.000000,-1010.000000,-153.000000,-1448.000000,240.000000,-43.000000,-21.000000,22.000000,22.000000,22.000000,22.000000,22.000000,22.000000,22.000000,37.000000,38.000000,39.000000,40.000000,40.000000,40.000000,43.000000,1,1,1,1,1,1,1,0,0,0,0,0,0,0,75,5400.359863,1217,0,1,0.427589,-0.060157,-0.272000,3.113000,-0.029000,0.000000,3
3.257856,-3.045000,-69.319000,-17.812000,125.889000,14.459000,33.993999,151.417007,0.000000,0.000000,0.000000,0.000000,0.000000,0.000000,0.120000,250.000000,-1010.000000,-153.000000,-1448.000000,240.000000,-43.000000,-21.000000,22.000000,22.000000,22.000000,22.000000,22.000000,22.000000,22.000000,37.000000,38.000000,39.000000,40.000000,40.000000,40.000000,43.000000,1,1,1,1,1,1,1,0,0,0,0,0,0,0,75,5400.359863,1217,0,1,0.428876,-0.058166,-0.272000,3.113000,-0.029000,0.000000,3
3.267838,-3.343000,-69.172997,-17.341999,125.658997,14.694000,34.134998,151.694000,0.000000,0.000000,0.000000,0.000000,0.000000,0.000000,0.120000,250.000000,-1010.000000,-153.000000,-1448.000000,240.000000,-43.000000,-21.000000,22.000000,22.000000,22.000000,22.000000,22.000000,22.000000,22.000000,37.000000,38.000000,39.000000,40.000000,40.000000,40.000000,43.000000,1,1,1,1,1,1,1,0,0,0,0,0,0,0,75,5400.357910,1217,0,1,0.430122,-0.056633,-0.272000,3.113000,-0.028000,0.000000,3
3.277822,-3.456000,-69.108002,-17.163000,125.553001,14.784000,34.196999,151.802002,0.000000,0.000000,0.000000,0.000000,0.000000,0.000000,0.120000,250.000000,-1010.000000,-153.000000,-1448.000000,240.000000,-43.000000,-21.000000,22.000000,22.000000,22.000000,22.000000,22.000000,22.000000,22.000000,37.000000,38.000000,39.000000,40.000000,40.000000,40.000000,43.000000,1,1,1,1,1,1,1,0,0,0,0,0,0,0,75,5400.359863,1218,0,1,0.430662,-0.056055,-0.272000,3.113000,-0.028000,0.000000,3
3.287914,-3.775000,-68.888000,-16.656000,125.188004,15.037000,34.400002,152.115005,0.000000,0.000000,0.000000,0.000000,0.000000,0.000000,0.120000,250.000000,-1010.000000,-153.000000,-1448.000000,240.000000,-43.000000,-21.000000,22.000000,22.000000,22.000000,22.000000,22.000000,22.000000,22.000000,37.000000,38.000000,39.000000,40.000000,40.000000,40.000000,43.000000,1,1,1,1,1,1,1,0,0,0,0,0,0,0,75,5400.357910,1217,0,1,0.432412,-0.054457,-0.272000,3.113000,-0.028000,0.000000,3
3.297838,-4.014000,-68.680000,-16.275000,124.834000,15.227000,34.587002,152.358994,0.000000,0.000000,0.000000,0.000000,0.000000,0.000000,0.120000,250.000000,-1010.000000,-153.000000,-1448.000000,240.000000,-43.000000,-21.000000,22.000000,22.000000,22.000000,22.000000,22.000000,22.000000,22.000000,37.000000,38.000000,39.000000,40.000000,40.000000,40.000000,43.000000,1,1,1,1,1,1,1,0,0,0,0,0,0,0,75,5400.359863,1218,0,1,0.434007,-0.053291,-0.272000,3.113000,-0.028000,0.000000,3
3.307886,-4.225000,-68.448997,-15.936000,124.439003,15.397000,34.789001,152.587006,0.000000,0.000000,0.000000,0.000000,0.000000,0.000000,0.120000,250.000000,-1010.000000,-153.000000,-1448.000000,240.000000,-43.000000,-21.000000,22.000000,22.000000,22.000000,22.000000,22.000000,22.000000,22.000000,37.000000,38.000000,39.000000,40.000000,40.000000,40.000000,43.000000,1,1,1,1,1,1,1,0,0,0,0,0,0,0,75,5400.359863,1217,0,1,0.435709,-0.052288,-0.272000,3.113000,-0.028000,0.000000,3
3.317957,-4.404000,-68.207001,-15.649000,124.019997,15.543000,34.997002,152.787994,0.000000,0.000000,0.000000,0.000000,0.000000,0.000000,0.120000,250.000000,-1010.000000,-153.000000,-1448.000000,240.000000,-43.000000,-21.000000,22.000000,22.000000,22.000000,22.000000,22.000000,22.000000,22.000000,37.000000,38.000000,39.000000,40.000000,40.000000,40.000000,43.000000,1,1,1,1,1,1,1,0,0,0,0,0,0,0,75,5400.359863,1217,0,1,0.437454,-0.051478,-0.272000,3.113000,-0.028000,0.000000,3
3.327897,-4.564000,-67.929001,-15.393000,123.538002,15.677000,35.230000,152.977997,0.000000,0.000000,0.000000,0.000000,0.000000,0.000000,0.120000,250.000000,-1010.000000,-153.000000,-1448.000000,240.000000,-43.000000,-21.000000,22.000000,22.000000,22.000000,22.000000,22.000000,22.000000,22.000000,37.000000,38.000000,39.000000,40.000000,40.000000,40.000000,43.000000,1,1,1,1,1,1,1,0,0,0,0,0,0,0,75,5400.357910,1218,0,1,0.439394,-0.050801,-0.272000,3.113000,-0.028000,0.000000,3
3.337921,-4.658000,-67.721001,-15.243000,123.175003,15.760000,35.402000,153.095993,0.000000,0.000000,0.000000,0.000000,0.000000,0.000000,0.120000,250.000000,-1010.000000,-153.000000,-1448.000000,240.000000,-43.000000,-21.000000,22.000000,22.000000,22.000000,22.000000,22.000000,22.000000,22.000000,37.000000,38.000000,39.000000,40.000000,40.000000,40.000000,43.000000,1,1,1,1,1,1,1,0,0,0,0,0,0,0,75,5400.359863,1217,0,1,0.440820,-0.050441,-0.272000,3.113000,-0.028000,0.000000,3
3.348027,-4.729000,-67.519997,-15.131000,122.827003,15.827000,35.566002,153.190994,0.000000,0.000000,0.000000,0.000000,0.000000,0.000000,0.120000,250.000000,-1010.000000,-153.000000,-1448.000000,240.000000,-43.000000,-21.000000,22.000000,22.000000,22.000000,22.000000,22.000000,22.000000,22.000000,37.000000,38.000000,39.000000,40.000000,40.000000,40.000000,43.000000,1,1,1,1,1,1,1,0,0,0,0,0,0,0,75,5400.359863,1218,0,1,0.442162,-0.050208,-0.272000,3.113000,-0.029000,0.000000,0
3.357987,-4.782000,-67.316002,-15.045000,122.471001,15.881000,35.730000,153.270996,0.000000,0.000000,0.000000,0.000000,0.000000,0.000000,0.120000,250.000000,-1010.000000,-153.000000,-1448.000000,240.000000,-43.000000,-21.000000,22.000000,22.000000,22.000000,22.000000,22.000000,22.000000,22.000000,37.000000,38.000000,39.000000,40.000000,40.000000,40.000000,43.000000,1,1,1,1,1,1,1,0,0,0,0,0,0,0,75,5400.359863,1217,0,1,0.443510,-0.050075,-0.272000,3.113000,-0.028000,0.000000,0
3.367879,-4.823000,-67.108002,-14.979000,122.110001,15.927000,35.896000,153.341995,0.000000,0.000000,0.000000,0.000000,0.000000,0.000000,0.120000,250.000000,-1010.000000,-153.000000,-1448.000000,240.000000,-43.000000,-21.000000,22.000000,22.000000,22.000000,22.000000,22.000000,22.000000,22.000000,37.000000,38.000000,39.000000,40.000000,40.000000,40.000000,43.000000,1,1,1,1,1,1,1,0,0,0,0,0,0,0,75,5400.359863,1218,0,1,0.444863,-0.050012,-0.272000,3.113000,-0.028000,0.000000,0
3.377845,-4.862000,-66.857002,-14.915000,121.671997,15.974000,36.096001,153.419998,0.000000,0.000000,0.000000,0.000000,0.000000,0.000000,0.120000,250.000000,-1010.000000,-153.000000,-1448.000000,240.000000,-43.000000,-21.000000,22.000000,22.000000,22.000000,22.000000,22.000000,22.000000,22.000000,37.000000,38.000000,39.000000,40.000000,40.000000,40.000000,43.000000,1,1,1,1,1,1,1,0,0,0,0,0,0,0,75,5400.359863,1218,0,1,0.446488,-0.049994,-0.271999,3.113000,-0.028000,0.000000,0
3.387840,-4.874000,-66.773003,-14.896000,121.525002,15.989000,36.161999,153.444000,0.000000,0.000000,0.000000,0.000000,0.000000,0.000000,0.120000,250.000000,-1010.000000,-153.000000,-1448.000000,240.000000,-43.000000,-21.000000,22.000000,22.000000,22.000000,22.000000,22.000000,22.000000,22.000000,37.000000,38.000000,39.000000,40.000000,40.000000,40.000000,43.000000,1,1,1,1,1,1,1,0,0,0,0,0,0,0,75,5400.357910,1217,0,1,0.447030,-0.049995,-0.272000,3.113000,-0.028000,0.000000,0
3.397846,-4.903000,-66.563004,-14.849000,121.156998,16.025999,36.330002,153.505997,0.000000,0.000000,0.000000,0.000000,0.000000,0.000000,0.120000,250.000000,-1010.000000,-153.000000,-1448.000000,240.000000,-43.000000,-21.000000,22.000000,22.000000,22.000000,22.000000,22.000000,22.000000,22.000000,37.000000,38.000000,39.000000,40.000000,40.000000,40.000000,43.000000,1,1,1,1,1,1,1,0,0,0,0,0,0,0,75,5400.357910,1218,0,1,0.448385,-0.050000,-0.272000,3.113000,-0.028000,0.000000,0
3.407810,-4.938000,-66.310997,-14.792000,120.714996,16.069000,36.532001,153.582001,0.000000,0.000000,0.000000,0.000000,0.000000,0.000000,0.120000,250.000000,-1010.000000,-153.000000,-1448.000000,240.000000,-43.000000,-21.000000,22.000000,22.000000,22.000000,22.000000,22.000000,22.000000,22.000000,37.000000,38.000000,39.000000,40.000000,40.000000,40.000000,43.000000,1,1,1,1,1,1,1,0,0,0,0,0,0,0,75,5400.357910,1217,0,1,0.450018,-0.050000,-0.272000,3.112000,-0.029000,0.000000,1
3.417885,-4.968000,-66.099998,-14.744000,120.344002,16.106001,36.698002,153.645996,0.000000,0.000000,0.000000,0.000000,0.000000,0.000000,0.120000,250.000000,-1010.000000,-153.000000,-1448.000000,240.000000,-43.000000,-21.000000,22.000000,22.000000,22.000000,22.000000,22.000000,22.000000,22.000000,37.000000,38.000000,39.000000,40.000000,40.000000,40.000000,43.000000,1,1,1,1,1,1,1,0,0,0,0,0,0,0,75,5400.357910,1218,0,1,0.451402,-0.050000,-0.272000,3.112000,-0.029000,0.000000,1
3.427879,-4.998000,-65.889000,-14.695000,119.970001,16.143000,36.861000,153.712006,0.000000,0.000000,0.000000,0.000000,0.000000,0.000000,0.120000,250.000000,-1010.000000,-153.000000,-1448.000000,240.000000,-43.000000,-21.000000,22.000000,22.000000,22.000000,22.000000,22.000000,22.000000,22.000000,37.000000,38.000000,39.000000,40.000000,40.000000,40.000000,43.000000,1,1,1,1,1,1,1,0,0,0,0,0,0,0,75,5400.357910,1218,0,1,0.452825,-0.050000,-0.271999,3.112000,-0.029000,0.000000,1
3.437882,-5.029000,-65.677002,-14.644000,119.593002,16.183001,37.018002,153.779007,0.000000,0.000000,0.000000,0.000000,0.000000,0.000000,0.120000,250.000000,-1010.000000,-153.000000,-1448.000000,240.000000,-43.000000,-21.000000,22.000000,22.000000,22.000000,22.000000,22.000000,22.000000,22.000000,37.000000,38.000000,39.000000,40.000000,40.000000,40.000000,43.000000,1,1,1,1,1,1,1,0,0,0,0,0,0,0,75,5400.359863,1218,0,1,0.454307,-0.050000,-0.272000,3.112000,-0.029000,0.000000,1
3.447929,-5.061000,-65.462997,-14.590000,119.210999,16.225000,37.167999,153.848999,0.000000,0.000000,0.000000,0.000000,0.000000,0.000000,0.120000,250.000000,-1010.000000,-153.000000,-1448.000000,240.000000,-43.000000,-21.000000,22.000000,22.000000,22.000000,22.000000,22.000000,22.000000,22.000000,37.000000,38.000000,39.000000,40.000000,40.000000,40.000000,43.000000,1,1,1,1,1,1,1,0,0,0,0,0,0,0,75,5400.359863,1217,0,1,0.455865,-0.050000,-0.272000,3.112000,-0.030000,0.000000,1
3.457852,-5.102000,-65.205002,-14.520000,118.746002,16.280001,37.334999,153.936996,0.000000,0.000000,0.000000,0.000000,0.000000,0.000000,0.120000,250.000000,-1010.000000,-153.000000,-1448.000000,240.000000,-43.000000,-21.000000,22.000000,22.000000,22.000000,22.000000,22.000000,22.000000,22.000000,37.000000,38.000000,39.000000,40.000000,40.000000,40.000000,43.000000,1,1,1,1,1,1,1,0,0,0,0,0,0,0,75,5400.359863,1218,0,1,0.457859,-0.050000,-0.272000,3.112000,-0.030000,0.000000,1
3.467845,-5.137000,-64.987999,-14.457000,118.351997,16.330999,37.460999,154.014008,0.000000,0.000000,0.000000,0.000000,0.000000,0.000000,0.120000,250.000000,-1010.000000,-153.000000,-1448.000000,240.000000,-43.000000,-21.000000,22.000000,22.000000,22.000000,22.000000,22.000000,22.000000,22.000000,37.000000,38.000000,39.000000,40.000000,40.000000,40.000000,43.000000,1,1,1,1,1,1,1,0,0,0,0,0,0,0,75,5400.359863,1218,0,1,0.459643,-0.049999,-0.272000,3.112000,-0.031000,0.000000,1
3.477927,-5.174000,-64.767998,-14.388000,117.950996,16.386000,37.574001,154.093994,0.000000,0.000000,0.000000,0.000000,0.000000,0.000000,0.120000,250.000000,-1010.000000,-153.000000,-1448.000000,240.000000,-43.000000,-21.000000,22.000000,22.000000,22.000000,22.000000,22.000000,22.000000,22.000000,37.000000,38.000000,39.000000,40.000000,40.000000,40.000000,43.000000,1,1,1,1,1,1,1,0,0,0,0,0,0,0,75,5400.357910,1217,0,1,0.461557,-0.050000,-0.272000,3.112000,-0.033000,0.000000,1
3.487867,-5.213000,-64.545998,-14.313000,117.542000,16.447001,37.671001,154.179001,0.000000,0.000000,0.000000,0.000000,0.000000,0.000000,0.120000,250.000000,-1010.000000,-153.000000,-1448.000000,240.000000,-43.000000,-21.000000,22.000000,22.000000,22.000000,22.000000,22.000000,22.000000,22.000000,37.000000,38.000000,39.000000,40.000000,40.000000,40.000000,43.000000,1,1,1,1,1,1,1,0,0,0,0,0,0,0,75,5400.359863,1218,0,1,0.463614,-0.050000,-0.272000,3.111000,-0.034000,0.000000,1
3.497868,-5.255000,-64.320000,-14.232000,117.125000,16.514000,37.751999,154.268997,0.000000,0.000000,0.000000,0.000000,0.000000,0.000000,0.120000,250.000000,-1010.000000,-153.000000,-1448.000000,240.000000,-43.000000,-21.000000,22.000000,22.000000,22.000000,22.000000,22.000000,22.000000,22.000000,37.000000,38.000000,39.000000,40.000000,40.000000,40.000000,43.000000,1,1,1,1,1,1,1,0,0,0,0,0,0,0,75,5400.357910,1217,0,1,0.465829,-0.049999,-0.271999,3.111000,-0.036000,0.000000,1
3.507857,-5.282000,-64.182999,-14.179000,116.870003,16.558001,37.791000,154.324997,0.000000,0.000000,0.000000,0.000000,0.000000,0.000000,0.120000,250.000000,-1010.000000,-153.000000,-1448.000000,240.000000,-43.000000,-21.000000,22.000000,22.000000,22.000000,22.000000,22.000000,22.000000,22.000000,37.000000,38.000000,39.000000,40.000000,40.000000,40.000000,43.000000,1,1,1,1,1,1,1,0,0,0,0,0,0,0,75,5400.357910,1217,0,1,0.467240,-0.050000,-0.272000,3.111000,-0.038000,0.000000,1
3.518006,-5.358000,-63.810001,-14.027000,116.174004,16.684999,37.861000,154.483994,0.000000,0.000000,0.000000,0.000000,0.000000,0.000000,0.120000,250.000000,-1010.000000,-153.000000,-1448.000000,240.000000,-43.000000,-21.000000,22.000000,22.000000,22.000000,22.000000,22.000000,22.000000,22.000000,37.000000,38.000000,39.000000,40.000000,40.000000,40.000000,43.000000,1,1,1,1,1,1,1,0,0,0,0,0,0,0,75,5400.359863,1218,0,1,0.471325,-0.049999,-0.271999,3.110000,-0.042000,0.000000,1
3.527867,-5.388000,-63.667000,-13.964000,115.905998,16.738001,37.872002,154.548004,0.000000,0.000000,0.000000,0.000000,0.000000,0.000000,0.120000,250.000000,-1010.000000,-153.000000,-1448.000000,240.000000,-43.000000,-21.000000,22.000000,22.000000,22.000000,22.000000,22.000000,22.000000,22.000000,37.000000,38.000000,39.000000,40.000000,40.000000,40.000000,43.000000,1,1,1,1,1,1,1,0,0,0,0,0,0,0,75,5400.359863,1218,0,1,0.472985,-0.050000,-0.272000,3.109000,-0.044000,0.000000,1
3.537874,-5.442000,-63.424999,-13.853000,115.450996,16.830999,37.873001,154.658005,0.000000,0.000000,0.000000,0.000000,0.000000,0.000000,0.120000,250.000000,-1010.000000,-153.000000,-1448.000000,240.000000,-43.000000,-21.000000,22.000000,22.000000,22.000000,22.000000,22.000000,22.000000,22.000000,37.000000,38.000000,39.000000,40.000000,40.000000,40.000000,43.000000,1,1,1,1,1,1,1,0,0,0,0,0,0,0,75,5400.357910,1217,0,1,0.475915,-0.050000,-0.272000,3.109000,-0.048000,-0.001000,1
3.547880,-5.499000,-63.176998,-13.734000,114.985001,16.933001,37.849998,154.774002,0.000000,0.000000,0.000000,0.000000,0.000000,0.000000,0.120000,250.000000,-1010.000000,-153.000000,-1448.000000,240.000000,-43.000000,-21.000000,22.000000,22.000000,22.000000,22.000000,22.000000,22.000000,22.000000,37.000000,38.000000,39.000000,40.000000,40.000000,40.000000,43.000000,1,1,1,1,1,1,1,0,0,0,0,0,0,0,75,5400.357910,1218,0,1,0.479057,-0.050000,-0.272000,3.108000,-0.052000,-0.001000,1
3.557965,-5.561000,-62.923000,-13.605000,114.508003,17.042999,37.800999,154.895996,0.000000,0.000000,0.000000,0.000000,0.000000,0.000000,0.120000,250.000000,-1010.000000,-153.000000,-1448.000000,240.000000,-43.000000,-21.000000,22.000000,22.000000,22.000000,22.000000,22.000000,22.000000,22.000000,37.000000,38.000000,39.000000,40.000000,40.000000,40.000000,43.000000,1,1,1,1,1,1,1,0,0,0,0,0,0,0,75,5400.357910,1217,0,1,0.482421,-0.050000,-0.271999,3.107000,-0.057000,-0.001000,1
3.567863,-5.640000,-62.608002,-13.439000,113.918999,17.184999,37.705002,155.050995,0.000000,0.000000,0.000000,0.000000,0.000000,0.000000,0.120000,250.000000,-1010.000000,-153.000000,-1448.000000,240.000000,-43.000000,-21.000000,22.000000,22.000000,22.000000,22.000000,22.000000,22.000000,22.000000,37.000000,38.000000,39.000000,40.000000,40.000000,40.000000,43.000000,1,1,1,1,1,1,1,0,0,0,0,0,0,0,75,5400.357910,1218,0,1,0.486758,-0.049999,-0.272000,3.106000,-0.064000,-0.002000,1
3.577928,-5.710000,-62.337002,-13.290000,113.415001,17.312000,37.594002,155.186996,0.000000,0.000000,0.000000,0.000000,0.000000,0.000000,0.120000,250.000000,-1010.000000,-153.000000,-1448.000000,240.000000,-43.000000,-21.000000,22.000000,22.000000,22.000000,22.000000,22.000000,22.000000,22.000000,37.000000,38.000000,39.000000,40.000000,40.000000,40.000000,43.000000,1,1,1,1,1,1,1,0,0,0,0,0,0,0,75,5400.357910,1218,0,1,0.490629,-0.050000,-0.271999,3.105000,-0.070000,-0.002000,1
3.587858,-5.755000,-62.169998,-13.196000,113.107002,17.393000,37.513000,155.272003,0.000000,0.000000,0.000000,0.000000,0.000000,0.000000,0.120000,250.000000,-1010.000000,-153.000000,-1448.000000,240.000000,-43.000000,-21.000000,22.000000,22.000000,22.000000,22.000000,22.000000,22.000000,22.000000,37.000000,38.000000,39.000000,40.000000,40.000000,40.000000,43.000000,1,1,1,1,1,1,1,0,0,0,0,0,0,0,75,5400.359863,1218,0,1,0.493065,-0.050000,-0.272000,3.104000,-0.073000,-0.002000,1
3.597899,-5.849000,-61.826000,-12.998000,112.476997,17.563000,37.317001,155.447006,0.000000,0.000000,0.000000,0.000000,0.000000,0.000000,0.120000,250.000000,-1010.000000,-153.000000,-1448.000000,240.000000,-43.000000,-21.000000,22.000000,22.000000,22.000000,22.000000,22.000000,22.000000,22.000000,37.000000,38.000000,39.000000,40.000000,40.000000,40.000000,43.000000,1,1,1,1,1,1,1,0,0,0,0,0,0,0,75,5400.359863,1218,0,1,0.498197,-0.050000,-0.271999,3.102000,-0.082000,-0.003000,1
3.607872,-5.882000,-61.708000,-12.929000,112.263000,17.622000,37.242001,155.507996,0.000000,0.000000,0.000000,0.000000,0.000000,0.000000,0.120000,250.000000,-1010.000000,-153.000000,-1448.000000,240.000000,-43.000000,-21.000000,22.000000,22.000000,22.000000,22.000000,22.000000,22.000000,22.000000,37.000000,38.000000,39.000000,40.000000,40.000000,40.000000,43.000000,1,1,1,1,1,1,1,0,0,0,0,0,0,0,75,5400.359863,1218,0,1,0.499984,-0.050000,-0.272000,3.102000,-0.085000,-0.003000,1
3.617953,-5.915000,-61.589001,-12.858000,112.046997,17.681999,37.160999,155.570007,0.000000,0.000000,0.000000,0.000000,0.000000,0.000000,0.120000,250.000000,-1010.000000,-153.000000,-1448.000000,240.000000,-43.000000,-21.000000,22.000000,22.000000,22.000000,22.000000,22.000000,22.000000,22.000000,37.000000,38.000000,39.000000,40.000000,40.000000,40.000000,43.000000,1,1,1,1,1,1,1,0,0,0,0,0,0,0,75,5400.359863,1217,0,1,0.501810,-0.049999,-0.272000,3.101000,-0.088000,-0.003000,1
3.627890,-6.021000,-61.219002,-12.637000,111.386002,17.871000,36.889000,155.759995,0.000000,0.000000,0.000000,0.000000,0.000000,0.000000,0.120000,250.000000,-1010.000000,-153.000000,-1448.000000,240.000000,-43.000000,-21.000000,22.000000,22.000000,22.000000,22.000000,22.000000,22.000000,22.000000,37.000000,38.000000,39.000000,40.000000,40.000000,40.000000,43.000000,1,1,1,1,1,1,1,0,0,0,0,0,0,0,75,5400.357910,1218,0,1,0.507519,-0.049999,-0.272000,3.099000,-0.097000,-0.003000,1
3.637916,-6.115000,-60.897999,-12.443000,110.821999,18.037001,36.625000,155.925003,0.000000,0.000000,0.000000,0.000000,0.000000,0.000000,0.120000,250.000000,-1010.000000,-153.000000,-1448.000000,240.000000,-43.000000,-21.000000,22.000000,22.000000,22.000000,22.000000,22.000000,22.000000,22.000000,37.000000,38.000000,39.000000,40.000000,40.000000,40.000000,43.000000,1,1,1,1,1,1,1,0,0,0,0,0,0,0,75,5400.357910,1217,0,1,0.512540,-0.050000,-0.272000,3.098000,-0.106000,-0.004000,1
3.647859,-6.213000,-60.563999,-12.239000,110.245003,18.209999,36.327000,156.095993,0.000000,0.000000,0.000000,0.000000,0.000000,0.000000,0.120000,250.000000,-1010.000000,-153.000000,-1448.000000,240.000000,-43.000000,-21.000000,22.000000,22.000000,22.000000,22.000000,22.000000,22.000000,22.000000,37.000000,38.000000,39.000000,40.000000,40.000000,40.000000,43.000000,1,1,1,1,1,1,1,0,0,0,0,0,0,0,75,5400.359863,1218,0,1,0.517797,-0.050000,-0.271999,3.096000,-0.115000,-0.004000,1
3.657972,-6.275000,-60.356998,-12.112000,109.892998,18.318001,36.131001,156.201004,0.000000,0.000000,0.000000,0.000000,0.000000,0.000000,0.120000,250.000000,-1010.000000,-153.000000,-1448.000000,240.000000,-43.000000,-21.000000,22.000000,22.000000,22.000000,22.000000,22.000000,22.000000,22.000000,37.000000,38.000000,39.000000,40.000000,40.000000,40.000000,43.000000,1,1,1,1,1,1,1,0,0,0,0,0,0,0,75,5400.357910,1217,0,1,0.521063,-0.050000,-0.272000,3.095000,-0.121000,-0.004000,1
3.667913,-6.339000,-60.144001,-11.982000,109.537003,18.427999,35.924000,156.309006,0.000000,0.000000,0.000000,0.000000,0.000000,0.000000,0.120000,250.000000,-1010.000000,-153.000000,-1448.000000,240.000000,-43.000000,-21.000000,22.000000,22.000000,22.000000,22.000000,22.000000,22.000000,22.000000,37.000000,38.000000,39.000000,40.000000,40.000000,40.000000,43.000000,1,1,1,1,1,1,1,0,0,0,0,0,0,0,75,5400.356934,1217,0,1,0.524411,-0.049999,-0.272000,3.094000,-0.127000,-0.005000,1
3.677909,-6.473000,-59.702999,-11.713000,108.809998,18.653999,35.472000,156.528000,0.000000,0.000000,0.000000,0.000000,0.000000,0.000000,0.120000,250.000000,-1010.000000,-153.000000,-1448.000000,240.000000,-43.000000,-21.000000,22.000000,22.000000,22.000000,22.000000,22.000000,22.000000,22.000000,37.000000,38.000000,39.000000,40.000000,40.000000,40.000000,43.000000,1,1,1,1,1,1,1,0,0,0,0,0,0,0,75,5400.359863,1218,0,1,0.531348,-0.049999,-0.272000,3.091000,-0.140000,-0.005000,1
3.687902,-6.591000,-59.318001,-11.479000,108.190002,18.849001,35.056999,156.716995,0.000000,0.000000,0.000000,0.000000,0.000000,0.000000,0.120000,250.000000,-1010.000000,-153.000000,-1448.000000,240.000000,-43.000000,-21.000000,22.000000,22.000000,22.000000,22.000000,22.000000,22.000000,22.000000,37.000000,38.000000,39.000000,40.000000,40.000000,40.000000,43.000000,1,1,1,1,1,1,1,0,0,0,0,0,0,0,75,5400.357910,1218,0,1,0.537368,-0.049999,-0.272000,3.089000,-0.151000,-0.006000,1
3.697905,-6.740000,-58.834000,-11.187000,107.430000,19.091000,34.514999,156.949005,0.000000,0.000000,0.000000,0.000000,0.000000,0.000000,0.120000,250.000000,-1010.000000,-153.000000,-1448.000000,240.000000,-43.000000,-21.000000,22.000000,22.000000,22.000000,22.000000,22.000000,22.000000,22.000000,37.000000,38.000000,39.000000,40.000000,40.000000,40.000000,43.000000,1,1,1,1,1,1,1,0,0,0,0,0,0,0,75,5400.357910,1218,0,1,0.544865,-0.050000,-0.271999,3.087000,-0.165000,-0.006000,1
3.707896,-6.792000,-58.667999,-11.087000,107.171997,19.173000,34.323002,157.028000,0.000000,0.000000,0.000000,0.000000,0.000000,0.000000,0.120000,250.000000,-1010.000000,-153.000000,-1448.000000,240.000000,-43.000000,-21.000000,22.000000,22.000000,22.000000,22.000000,22.000000,22.000000,22.000000,37.000000,38.000000,39.000000,40.000000,40.000000,40.000000,43.000000,1,1,1,1,1,1,1,0,0,0,0,0,0,0,75,5400.359863,1217,0,1,0.547427,-0.050000,-0.272000,3.086000,-0.170000,-0.006000,1
3.717980,-6.925000,-58.237999,-10.832000,106.519997,19.381001,33.821999,157.227997,0.000000,0.000000,0.000000,0.000000,0.000000,0.000000,0.120000,250.000000,-1010.000000,-153.000000,-1448.000000,240.000000,-43.000000,-21.000000,22.000000,22.000000,22.000000,22.000000,22.000000,22.000000,22.000000,37.000000,38.000000,39.000000,40.000000,40.000000,40.000000,43.000000,1,1,1,1,1,1,1,0,0,0,0,0,0,0,75,5400.359863,1217,0,1,0.553964,-0.049999,-0.271999,3.083000,-0.182000,-0.007000,1
3.727878,-7.065000,-57.790001,-10.569000,105.855003,19.591999,33.289001,157.432007,0.000000,0.000000,0.000000,0.000000,0.000000,0.000000,0.120000,250.000000,-1010.000000,-153.000000,-1448.000000,240.000000,-43.000000,-21.000000,22.000000,22.000000,22.000000,22.000000,22.000000,22.000000,22.000000,37.000000,38.000000,39.000000,40.000000,40.000000,40.000000,43.000000,1,1,1,1,1,1,1,0,0,0,0,0,0,0,75,5400.357910,1217,0,1,0.560681,-0.050000,-0.271999,3.081000,-0.195000,-0.007000,1
3.737868,-7.212000,-57.323002,-10.300000,105.178001,19.806999,32.726002,157.639008,0.000000,0.000000,0.000000,0.000000,0.000000,0.000000,0.120000,250.000000,-1010.000000,-153.000000,-1448.000000,240.000000,-43.000000,-21.000000,22.000000,22.000000,22.000000,22.000000,22.000000,22.000000,22.000000,37.000000,38.000000,39.000000,40.000000,40.000000,40.000000,43.000000,1,1,1,1,1,1,1,0,0,0,0,0,0,0,75,5400.357910,1217,0,1,0.567565,-0.050000,-0.272000,3.079000,-0.208000,-0.008000,1
3.747866,-7.365000,-56.837002,-10.024000,104.487999,20.024000,32.134998,157.850006,0.000000,0.000000,0.000000,0.000000,0.000000,0.000000,0.120000,250.000000,-1010.000000,-153.000000,-1448.000000,240.000000,-43.000000,-21.000000,22.000000,22.000000,22.000000,22.000000,22.000000,22.000000,22.000000,37.000000,38.000000,39.000000,40.000000,40.000000,40.000000,43.000000,1,1,1,1,1,1,1,0,0,0,0,0,0,0,75,5400.357910,1218,0,1,0.574601,-0.049999,-0.272000,3.076000,-0.221000,-0.008000,1
3.757909,-7.461000,-56.536999,-9.856000,104.067001,20.156000,31.767000,157.977997,0.000000,0.000000,0.000000,0.000000,0.000000,0.000000,0.120000,250.000000,-1010.000000,-153.000000,-1448.000000,240.000000,-43.000000,-21.000000,22.000000,22.000000,22.000000,22.000000,22.000000,22.000000,22.000000,37.000000,38.000000,39.000000,40.000000,40.000000,40.000000,43.000000,1,1,1,1,1,1,1,0,0,0,0,0,0,0,75,5400.357910,1218,0,1,0.578889,-0.050000,-0.272000,3.074000,-0.229000,-0.008000,1
3.768010,-7.526000,-56.332001,-9.742000,103.783997,20.243000,31.517000,158.063004,0.000000,0.000000,0.000000,0.000000,0.000000,0.000000,0.120000,250.000000,-1010.000000,-153.000000,-1448.000000,240.000000,-43.000000,-21.000000,22.000000,22.000000,22.000000,22.000000,22.000000,22.000000,22.000000,37.000000,38.000000,39.000000,40.000000,40.000000,40.000000,43.000000,1,1,1,1,1,1,1,0,0,0,0,0,0,0,75,5400.357910,1218,0,1,0.581774,-0.050000,-0.272000,3.073000,-0.235000,-0.008000,1
3.777950,-7.728000,-55.701000,-9.397000,102.922997,20.507000,30.743999,158.324005,0.000000,0.000000,0.000000,0.000000,0.000000,0.000000,0.120000,250.000000,-1010.000000,-153.000000,-1448.000000,240.000000,-43.000000,-21.000000,22.000000,22.000000,22.000000,22.000000,22.000000,22.000000,22.000000,37.000000,38.000000,39.000000,40.000000,40.000000,40.000000,43.000000,1,1,1,1,1,1,1,0,0,0,0,0,0,0,75,5400.359863,1217,0,1,0.590543,-0.050000,-0.271999,3.070000,-0.252000,-0.009000,1
3.788017,-7.905000,-55.153000,-9.103000,102.190002,20.726999,30.077000,158.542999,0.000000,0.000000,0.000000,0.000000,0.000000,0.000000,0.120000,250.000000,-1010.000000,-153.000000,-1448.000000,240.000000,-43.000000,-21.000000,22.000000,22.000000,22.000000,22.000000,22.000000,22.000000,22.000000,37.000000,38.000000,39.000000,40.000000,40.000000,40.000000,43.000000,1,1,1,1,1,1,1,0,0,0,0,0,0,0,75,5400.359863,1217,0,1,0.597966,-0.050000,-0.272000,3.067000,-0.266000,-0.009000,1
3.797978,-8.089000,-54.585999,-8.806000,101.444000,20.945999,29.392000,158.764999,0.000000,0.000000,0.000000,0.000000,0.000000,0.000000,0.120000,250.000000,-1010.000000,-153.000000,-1448.000000,240.000000,-43.000000,-21.000000,22.000000,22.000000,22.000000,22.000000,22.000000,22.000000,22.000000,37.000000,38.000000,39.000000,40.000000,40.000000,40.000000,43.000000,1,1,1,1,1,1,1,0,0,0,0,0,0,0,75,5400.357910,1218,0,1,0.605474,-0.050000,-0.271999,3.065000,-0.281000,-0.009000,1
3.807883,-8.322000,-53.881001,-8.444000,100.530998,21.208000,28.549999,159.035004,0.000000,0.000000,0.000000,0.000000,0.000000,0.000000,0.120000,250.000000,-1010.000000,-153.000000,-1448.000000,240.000000,-43.000000,-21.000000,22.000000,22.000000,22.000000,22.000000,22.000000,22.000000,22.000000,37.000000,38.000000,39.000000,40.000000,40.000000,40.000000,43.000000,1,1,1,1,1,1,1,0,0,0,0,0,0,0,75,5400.359863,1217,0,1,0.614573,-0.050000,-0.272000,3.061000,-0.298000,-0.009000,1
3.818077,-8.402000,-53.639999,-8.323000,100.222000,21.294001,28.266001,159.125000,0.000000,0.000000,0.000000,0.000000,0.000000,0.000000,0.120000,250.000000,-1010.000000,-153.000000,-1448.000000,240.000000,-43.000000,-21.000000,22.000000,22.000000,22.000000,22.000000,22.000000,22.000000,22.000000,37.000000,38.000000,39.000000,40.000000,40.000000,40.000000,43.000000,1,1,1,1,1,1,1,0,0,0,0,0,0,0,75,5400.357910,1217,0,1,0.617623,-0.050000,-0.271999,3.060000,-0.304000,-0.009000,1
3.827908,-8.567000,-53.151001,-8.079000,99.597000,21.465000,27.693001,159.307007,0.000000,0.000000,0.000000,0.000000,0.000000,0.000000,0.120000,250.000000,-1010.000000,-153.000000,-1448.000000,240.000000,-43.000000,-21.000000,22.000000,22.000000,22.000000,22.000000,22.000000,22.000000,22.000000,37.000000,38.000000,39.000000,40.000000,40.000000,40.000000,43.000000,1,1,1,1,1,1,1,0,0,0,0,0,0,0,75,5400.357910,1218,0,1,0.623741,-0.049999,-0.272000,3.058000,-0.316000,-0.010000,1
3.837871,-8.825000,-52.396000,-7.710000,98.641998,21.721001,26.827000,159.580994,0.000000,0.000000,0.000000,0.000000,0.000000,0.000000,0.120000,250.000000,-1010.000000,-153.000000,-1448.000000,240.000000,-43.000000,-21.000000,22.000000,22.000000,22.000000,22.000000,22.000000,22.000000,22.000000,37.000000,38.000000,39.000000,40.000000,40.000000,40.000000,43.000000,1,1,1,1,1,1,1,0,0,0,0,0,0,0,75,5400.357910,1218,0,1,0.632945,-0.049998,-0.272000,3.054000,-0.334000,-0.010000,1
3.847933,-9.052000,-51.749001,-7.402000,97.832001,21.930000,26.103001,159.809998,0.000000,0.000000,0.000000,0.000000,0.000000,0.000000,0.120000,250.000000,-1010.000000,-153.000000,-1448.000000,240.000000,-43.000000,-21.000000,22.000000,22.000000,22.000000,22.000000,22.000000,22.000000,22.000000,37.000000,38.000000,39.000000,40.000000,40.000000,40.000000,43.000000,1,1,1,1,1,1,1,0,0,0,0,0,0,0,75,5400.357910,1217,0,1,0.640621,-0.049998,-0.272000,3.052000,-0.349000,-0.010000,1
3.857886,-9.287000,-51.089001,-7.093000,97.007004,22.136000,25.379000,160.039993,0.000000,0.000000,0.000000,0.000000,0.000000,0.000000,0.120000,250.000000,-1010.000000,-153.000000,-1448.000000,240.000000,-43.000000,-21.000000,22.000000,22.000000,22.000000,22.000000,22.000000,22.000000,22.000000,37.000000,38.000000,39.000000,40.000000,40.000000,40.000000,43.000000,1,1,1,1,1,1,1,0,0,0,0,0,0,0,75,5400.359863,1217,0,1,0.648282,-0.049998,-0.272000,3.049000,-0.364000,-0.010000,1
3.867872,-9.583000,-50.278999,-6.723000,96.000999,22.375999,24.518000,160.319000,0.000000,0.000000,0.000000,0.000000,0.000000,0.000000,0.120000,250.000000,-1010.000000,-153.000000,-1448.000000,240.000000,-43.000000,-21.000000,22.000000,22.000000,22.000000,22.000000,22.000000,22.000000,22.000000,37.000000,38.000000,39.000000,40.000000,40.000000,40.000000,43.000000,1,1,1,1,1,1,1,0,0,0,0,0,0,0,75,5400.357910,1218,0,1,0.657431,-0.049998,-0.272000,3.045000,-0.382000,-0.010000,1
3.877853,-9.841000,-49.591999,-6.415000,95.148003,22.570999,23.809999,160.552994,0.000000,0.000000,0.000000,0.000000,0.000000,0.000000,0.120000,250.000000,-1010.000000,-153.000000,-1448.000000,240.000000,-43.000000,-21.000000,22.000000,22.000000,22.000000,22.000000,22.000000,22.000000,22.000000,37.000000,38.000000,39.000000,40.000000,40.000000,40.000000,43.000000,1,1,1,1,1,1,1,0,0,0,0,0,0,0,75,5400.359863,1217,0,1,0.664997,-0.049998,-0.272000,3.042000,-0.396000,-0.010000,1
3.887913,-10.109000,-48.896000,-6.109000,94.282997,22.760000,23.115999,160.787994,0.000000,0.000000,0.000000,0.000000,0.000000,0.000000,0.120000,250.000000,-1010.000000,-153.000000,-1448.000000,240.000000,-43.000000,-21.000000,22.000000,22.000000,22.000000,22.000000,22.000000,22.000000,22.000000,37.000000,38.000000,39.000000,40.000000,40.000000,40.000000,43.000000,1,1,1,1,1,1,1,0,0,0,0,0,0,0,75,5400.359863,1217,0,1,0.672491,-0.049998,-0.272000,3.039000,-0.411000,-0.009000,1
3.897839,-10.219000,-48.615002,-5.987000,93.932999,22.834000,22.843000,160.882004,0.000000,0.000000,0.000000,0.000000,0.000000,0.000000,0.120000,250.000000,-1010.000000,-153.000000,-1448.000000,240.000000,-43.000000,-21.000000,22.000000,22.000000,22.000000,22.000000,22.000000,22.000000,22.000000,37.000000,38.000000,39.000000,40.000000,40.000000,40.000000,43.000000,1,1,1,1,1,1,1,0,0,0,0,0,0,0,75,5400.359863,1218,0,1,0.675465,-0.049998,-0.272000,3.038000,-0.416000,-0.009000,1
3.907982,-10.560000,-47.765999,-5.623000,92.873001,23.049999,22.042000,161.167007,0.000000,0.000000,0.000000,0.000000,0.000000,0.000000,0.120000,250.000000,-1010.000000,-153.000000,-1448.000000,240.000000,-43.000000,-21.000000,22.000000,22.000000,22.000000,22.000000,22.000000,22.000000,22.000000,37.000000,38.000000,39.000000,40.000000,40.000000,40.000000,43.000000,1,1,1,1,1,1,1,0,0,0,0,0,0,0,75,5400.359863,1217,0,1,0.684291,-0.049999,-0.272000,3.035000,-0.433000,-0.009000,1
3.917876,-10.855000,-47.054001,-5.324000,91.978996,23.223000,21.399000,161.406006,0.000000,0.000000,0.000000,0.000000,0.000000,0.000000,0.120000,250.000000,-1010.000000,-153.000000,-1448.000000,240.000000,-43.000000,-21.000000,22.000000,22.000000,22.000000,22.000000,22.000000,22.000000,22.000000,37.000000,38.000000,39.000000,40.000000,40.000000,40.000000,43.000000,1,1,1,1,1,1,1,0,0,0,0,0,0,0,75,5400.359863,1218,0,1,0.691520,-0.049999,-0.272000,3.032000,-0.447000,-0.009000,1
3.927949,-11.161000,-46.339001,-5.028000,91.073997,23.389999,20.782000,161.645996,0.000000,0.000000,0.000000,0.000000,0.000000,0.000000,0.120000,250.000000,-1010.000000,-153.000000,-1448.000000,240.000000,-43.000000,-21.000000,22.000000,22.000000,22.000000,22.000000,22.000000,22.000000,22.000000,37.000000,38.000000,39.000000,40.000000,40.000000,40.000000,43.000000,1,1,1,1,1,1,1,0,0,0,0,0,0,0,75,5400.357910,1218,0,1,0.698619,-0.049999,-0.272000,3.029000,-0.461000,-0.009000,1
3.937982,-11.477000,-45.624001,-4.737000,90.161003,23.549999,20.195000,161.886993,0.000000,0.000000,0.000000,0.000000,0.000000,0.000000,0.120000,250.000000,-1010.000000,-153.000000,-1448.000000,240.000000,-43.000000,-21.000000,22.000000,22.000000,22.000000,22.000000,22.000000,22.000000,22.000000,37.000000,38.000000,39.000000,40.000000,40.000000,40.000000,43.000000,1,1,1,1,1,1,1,0,0,0,0,0,0,0,75,5400.359863,1218,0,1,0.705573,-0.049999,-0.272000,3.027000,-0.474000,-0.008000,1
3.947925,-11.868000,-44.768002,-4.395000,89.056000,23.732000,19.533001,162.177002,0.000000,0.000000,0.000000,0.000000,0.000000,0.000000,0.120000,250.000000,-1010.000000,-153.000000,-1448.000000,240.000000,-43.000000,-21.000000,22.000000,22.000000,22.000000,22.000000,22.000000,22.000000,22.000000,37.000000,38.000000,39.000000,40.000000,40.000000,40.000000,43.000000,1,1,1,1,1,1,1,0,0,0,0,0,0,0,75,5400.359863,1218,0,1,0.713705,-0.049999,-0.272000,3.023000,-0.489000,-0.008000,1
3.957910,-12.205000,-44.060001,-4.116000,88.128998,23.877001,19.020000,162.419998,0.000000,0.000000,0.000000,0.000000,0.000000,0.000000,0.120000,250.000000,-1010.000000,-153.000000,-1448.000000,240.000000,-43.000000,-21.000000,22.000000,22.000000,22.000000,22.000000,22.000000,22.000000,22.000000,37.000000,38.000000,39.000000,40.000000,40.000000,40.000000,43.000000,1,1,1,1,1,1,1,0,0,0,0,0,0,0,75,5400.359863,1217,0,1,0.720290,-0.049999,-0.272000,3.021000,-0.502000,-0.007000,1
3.967860,-12.273000,-43.918999,-4.061000,87.944000,23.905001,18.921000,162.468994,0.000000,0.000000,0.000000,0.000000,0.000000,0.000000,0.120000,250.000000,-1010.000000,-153.000000,-1448.000000,240.000000,-43.000000,-21.000000,22.000000,22.000000,22.000000,22.000000,22.000000,22.000000,22.000000,37.000000,38.000000,39.000000,40.000000,40.000000,40.000000,43.000000,1,1,1,1,1,1,1,0,0,0,0,0,0,0,75,5400.357910,1217,0,1,0.721585,-0.049999,-0.272000,3.020000,-0.504000,-0.007000,1
3.977950,-12.690000,-43.077999,-3.736000,86.825996,24.068001,18.364000,162.761993,0.000000,0.000000,0.000000,0.000000,0.000000,0.000000,0.120000,250.000000,-1010.000000,-153.000000,-1448.000000,240.000000,-43.000000,-21.000000,22.000000,22.000000,22.000000,22.000000,22.000000,22.000000,22.000000,37.000000,38.000000,39.000000,40.000000,40.000000,40.000000,43.000000,1,1,1,1,1,1,1,0,0,0,0,0,0,0,75,5400.359863,1217,0,1,0.729193,-0.049999,-0.272000,3.017000,-0.518000,-0.007000,1
3.987870,-13.046000,-42.388000,-3.474000,85.892998,24.197001,17.943001,163.005997,0.000000,0.000000,0.000000,0.000000,0.000000,0.000000,0.120000,250.000000,-1010.000000,-153.000000,-1448.000000,240.000000,-43.000000,-21.000000,22.000000,22.000000,22.000000,22.000000,22.000000,22.000000,22.000000,37.000000,38.000000,39.000000,40.000000,40.000000,40.000000,43.000000,1,1,1,1,1,1,1,0,0,0,0,0,0,0,75,5400.359863,1218,0,1,0.735312,-0.049999,-0.272000,3.015000,-0.529000,-0.006000,1
3.997863,-13.481000,-41.575001,-3.169000,84.775002,24.341000,17.493000,163.298996,0.000000,0.000000,0.000000,0.000000,0.000000,0.000000,0.120000,250.000000,-1010.000000,-153.000000,-1448.000000,240.000000,-43.000000,-21.000000,22.000000,22.000000,22.000000,22.000000,22.000000,22.000000,22.000000,37.000000,38.000000,39.000000,40.000000,40.000000,40.000000,43.000000,1,1,1,1,1,1,1,0,0,0,0,0,0,0,75,5400.357910,1218,0,1,0.742375,-0.049999,-0.272000,3.012000,-0.542000,-0.006000,1
4.007866,-13.848000,-40.910999,-2.925000,83.846001,24.454000,17.163000,163.542999,0.000000,0.000000,0.000000,0.000000,0.000000,0.000000,0.120000,250.000000,-1010.000000,-153.000000,-1448.000000,240.000000,-43.000000,-21.000000,22.000000,22.000000,22.000000,22.000000,22.000000,22.000000,22.000000,37.000000,38.000000,39.000000,40.000000,40.000000,40.000000,43.000000,1,1,1,1,1,1,1,0,0,0,0,0,0,0,75,5400.357910,1217,0,1,0.748020,-0.049999,-0.272000,3.010000,-0.552000,-0.005000,1
4.017962,-14.220000,-40.262001,-2.690000,82.921997,24.561001,16.877001,163.787003,0.000000,0.000000,0.000000,0.000000,0.000000,0.000000,0.120000,250.000000,-1010.000000,-153.000000,-1448.000000,240.000000,-43.000000,-21.000000,22.000000,22.000000,22.000000,22.000000,22.000000,22.000000,22.000000,37.000000,38.000000,39.000000,40.000000,40.000000,40.000000,43.000000,1,1,1,1,1,1,1,0,0,0,0,0,0,0,75,5400.359863,1217,0,1,0.753437,-0.049999,-0.272000,3.008000,-0.562000,-0.005000,1
4.027929,-14.668000,-39.506001,-2.421000,81.822998,24.679001,16.591000,164.076996,0.000000,0.000000,0.000000,0.000000,0.000000,0.000000,0.120000,250.000000,-1010.000000,-153.000000,-1448.000000,240.000000,-43.000000,-21.000000,22.000000,22.000000,22.000000,22.000000,22.000000,22.000000,22.000000,37.000000,38.000000,39.000000,40.000000,40.000000,40.000000,43.000000,1,1,1,1,1,1,1,0,0,0,0,0,0,0,75,5400.359863,1218,0,1,0.759632,-0.049999,-0.272000,3.005000,-0.573000,-0.004000,1
4.037887,-14.817000,-39.259998,-2.334000,81.459000,24.716999,16.509001,164.173996,0.000000,0.000000,0.000000,0.000000,0.000000,0.000000,0.120000,250.000000,-1010.000000,-153.000000,-1448.000000,240.000000,-43.000000,-21.000000,22.000000,22.000000,22.000000,22.000000,22.000000,22.000000,22.000000,37.000000,38.000000,39.000000,40.000000,40.000000,40.000000,43.000000,1,1,1,1,1,1,1,0,0,0,0,0,0,0,75,5400.359863,1217,0,1,0.761621,-0.049999,-0.272000,3.005000,-0.576000,-0.004000,1
4.047889,-14.966000,-39.015999,-2.249000,81.097000,24.753000,16.434000,164.270004,0.000000,0.000000,0.000000,0.000000,0.000000,0.000000,0.120000,250.000000,-1010.000000,-153.000000,-1448.000000,240.000000,-43.000000,-21.000000,22.000000,22.000000,22.000000,22.000000,22.000000,22.000000,22.000000,37.000000,38.000000,39.000000,40.000000,40.000000,40.000000,43.000000,1,1,1,1,1,1,1,0,0,0,0,0,0,0,75,5400.359863,1218,0,1,0.763572,-0.049999,-0.272000,3.004000,-0.579000,-0.004000,1
4.058145,-15.413000,-38.304001,-2.006000,80.022003,24.855000,16.250000,164.557007,0.000000,0.000000,0.000000,0.000000,0.000000,0.000000,0.120000,250.000000,-1010.000000,-153.000000,-1448.000000,240.000000,-43.000000,-21.000000,22.000000,22.000000,22.000000,22.000000,22.000000,22.000000,22.000000,37.000000,38.000000,39.000000,40.000000,40.000000,40.000000,43.000000,1,1,1,1,1,1,1,0,0,0,0,0,0,0,75,5400.357910,1217,0,1,0.769197,-0.049999,-0.272000,3.002000,-0.589000,-0.003000,1
4.067859,-15.781000,-37.733002,-1.815000,79.139999,24.933001,16.143000,164.792999,0.000000,0.000000,0.000000,0.000000,0.000000,0.000000,0.120000,250.000000,-1010.000000,-153.000000,-1448.000000,240.000000,-43.000000,-21.000000,22.000000,22.000000,22.000000,22.000000,22.000000,22.000000,22.000000,37.000000,38.000000,39.000000,40.000000,40.000000,40.000000,43.000000,1,1,1,1,1,1,1,0,0,0,0,0,0,0,75,5400.357910,1217,0,1,0.773621,-0.049999,-0.272000,3.000000,-0.596000,-0.003000,1
4.077879,-16.145000,-37.182999,-1.637000,78.272003,25.004000,16.077000,165.026001,0.000000,0.000000,0.000000,0.000000,0.000000,0.000000,0.120000,250.000000,-1010.000000,-153.000000,-1448.000000,240.000000,-43.000000,-21.000000,22.000000,22.000000,22.000000,22.000000,22.000000,22.000000,22.000000,37.000000,38.000000,39.000000,40.000000,40.000000,40.000000,43.000000,1,1,1,1,1,1,1,0,0,0,0,0,0,0,75,5400.359863,1218,0,1,0.777806,-0.049999,-0.272000,2.999000,-0.603000,-0.003000,1
4.087851,-16.572001,-36.551998,-1.439000,77.250999,25.080999,16.049000,165.302002,0.000000,0.000000,0.000000,0.000000,0.000000,0.000000,0.120000,250.000000,-1010.000000,-153.000000,-1448.000000,240.000000,-43.000000,-21.000000,22.000000,22.000000,22.000000,22.000000,22.000000,22.000000,22.000000,37.000000,38.000000,39.000000,40.000000,40.000000,40.000000,43.000000,1,1,1,1,1,1,1,0,0,0,0,0,0,0,75,5400.357910,1218,0,1,0.782515,-0.049999,-0.272000,2.997000,-0.610000,-0.002000,1
4.097911,-16.919001,-36.049999,-1.288000,76.419998,25.138000,16.069000,165.526993,0.000000,0.000000,0.000000,0.000000,0.000000,0.000000,0.120000,250.000000,-1010.000000,-153.000000,-1448.000000,240.000000,-43.000000,-21.000000,22.000000,22.000000,22.000000,22.000000,22.000000,22.000000,22.000000,37.000000,38.000000,39.000000,40.000000,40.000000,40.000000,43.000000,1,1,1,1,1,1,1,0,0,0,0,0,0,0,75,5400.357910,1216,0,1,0.786183,-0.049999,-0.272000,2.996000,-0.615000,-0.002000,1
4.107874,-17.122000,-35.758999,-1.204000,75.929001,25.169001,16.098000,165.660004,0.000000,0.000000,0.000000,0.000000,0.000000,0.000000,0.120000,250.000000,-1010.000000,-153.000000,-1448.000000,240.000000,-43.000000,-21.000000,22.000000,22.000000,22.000000,22.000000,22.000000,22.000000,22.000000,37.000000,38.000000,39.000000,40.000000,40.000000,40.000000,43.000000,1,1,1,1,1,1,1,0,0,0,0,0,0,0,75,5400.359863,1217,0,1,0.788274,-0.049999,-0.272000,2.995000,-0.618000,-0.001000,1
4.117981,-17.188999,-35.664001,-1.177000,75.766998,25.177999,16.111000,165.703995,0.000000,0.000000,0.000000,0.000000,0.000000,0.000000,0.120000,250.000000,-1010.000000,-153.000000,-1448.000000,240.000000,-43.000000,-21.000000,22.000000,22.000000,22.000000,22.000000,22.000000,22.000000,22.000000,37.000000,38.000000,39.000000,40.000000,40.000000,40.000000,43.000000,1,1,1,1,1,1,1,0,0,0,0,0,0,0,75,5400.359863,1217,0,1,0.788953,-0.050000,-0.272000,2.995000,-0.619000,-0.001000,1
4.127994,-17.580999,-35.111000,-1.027000,74.809998,25.232000,16.215000,165.964005,0.000000,0.000000,0.000000,0.000000,0.000000,0.000000,0.120000,250.000000,-1010.000000,-153.000000,-1448.000000,240.000000,-43.000000,-21.000000,22.000000,22.000000,22.000000,22.000000,22.000000,22.000000,22.000000,37.000000,38.000000,39.000000,40.000000,40.000000,40.000000,43.000000,1,1,1,1,1,1,1,0,0,0,0,0,0,0,75,5400.359863,1218,0,1,0.792841,-0.050000,-0.272000,2.993000,-0.625000,-0.001000,1
4.137893,-17.893999,-34.674000,-0.916000,74.032997,25.270000,16.339001,166.175995,0.000000,0.000000,0.000000,0.000000,0.000000,0.000000,0.120000,250.000000,-1010.000000,-153.000000,-1448.000000,240.000000,-43.000000,-21.000000,22.000000,22.000000,22.000000,22.000000,22.000000,22.000000,22.000000,37.000000,38.000000,39.000000,40.000000,40.000000,40.000000,43.000000,1,1,1,1,1,1,1,0,0,0,0,0,0,0,75,5400.359863,1217,0,1,0.795845,-0.049999,-0.272000,2.993000,-0.628000,-0.001000,1
4.147890,-18.193001,-34.257999,-0.818000,73.276001,25.302000,16.493999,166.382004,0.000000,0.000000,0.000000,0.000000,0.000000,0.000000,0.120000,250.000000,-1010.000000,-153.000000,-1448.000000,240.000000,-43.000000,-21.000000,22.000000,22.000000,22.000000,22.000000,22.000000,22.000000,22.000000,37.000000,38.000000,39.000000,40.000000,40.000000,40.000000,43.000000,1,1,1,1,1,1,1,0,0,0,0,0,0,0,75,5400.357910,1217,0,1,0.798643,-0.050000,-0.272000,2.992000,-0.632000,-0.001000,1
4.157964,-18.534000,-33.785999,-0.719000,72.390999,25.334000,16.716999,166.623001,0.000000,0.000000,0.000000,0.000000,0.000000,0.000000,0.120000,250.000000,-1010.000000,-153.000000,-1448.000000,240.000000,-43.000000,-21.000000,22.000000,22.000000,22.000000,22.000000,22.000000,22.000000,22.000000,37.000000,38.000000,39.000000,40.000000,40.000000,40.000000,43.000000,1,1,1,1,1,1,1,0,0,0,0,0,0,0,75,5400.357910,1218,0,1,0.801744,-0.050000,-0.272000,2.991000,-0.635000,0.000000,1
4.167959,-18.802999,-33.411999,-0.649000,71.672997,25.354000,16.933001,166.817993,0.000000,0.000000,0.000000,0.000000,0.000000,0.000000,0.120000,250.000000,-1010.000000,-153.000000,-1448.000000,240.000000,-43.000000,-21.000000,22.000000,22.000000,22.000000,22.000000,22.000000,22.000000,22.000000,37.000000,38.000000,39.000000,40.000000,40.000000,40.000000,43.000000,1,1,1,1,1,1,1,0,0,0,0,0,0,0,75,5400.359863,1218,0,1,0.804126,-0.050000,-0.272000,2.990000,-0.638000,0.000000,1
4.177940,-19.056999,-33.056000,-0.593000,70.972000,25.370001,17.173000,167.007004,0.000000,0.000000,0.000000,0.000000,0.000000,0.000000,0.120000,250.000000,-1010.000000,-153.000000,-1448.000000,240.000000,-43.000000,-21.000000,22.000000,22.000000,22.000000,22.000000,22.000000,22.000000,22.000000,37.000000,38.000000,39.000000,40.000000,40.000000,40.000000,43.000000,1,1,1,1,1,1,1,0,0,0,0,0,0,0,75,5400.359863,1217,0,1,0.806339,-0.050000,-0.272000,2.990000,-0.640000,0.000000,1
4.187940,-19.202999,-32.851002,-0.564000,70.558998,25.377001,17.327999,167.119003,0.000000,0.000000,0.000000,0.000000,0.000000,0.000000,0.120000,250.000000,-1010.000000,-153.000000,-1448.000000,240.000000,-43.000000,-21.000000,22.000000,22.000000,22.000000,22.000000,22.000000,22.000000,22.000000,37.000000,38.000000,39.000000,40.000000,40.000000,40.000000,43.000000,1,1,1,1,1,1,1,0,0,0,0,0,0,0,75,5400.357910,1219,0,1,0.807590,-0.050000,-0.272000,2.990000,-0.641000,0.000000,1
4.197864,-19.297001,-32.716999,-0.547000,70.287003,25.381001,17.434999,167.192001,0.000000,0.000000,0.000000,0.000000,0.000000,0.000000,0.120000,250.000000,-1010.000000,-153.000000,-1448.000000,240.000000,-43.000000,-21.000000,22.000000,22.000000,22.000000,22.000000,22.000000,22.000000,22.000000,37.000000,38.000000,39.000000,40.000000,40.000000,40.000000,43.000000,1,1,1,1,1,1,1,0,0,0,0,0,0,0,75,5400.357910,1217,0,1,0.808395,-0.050000,-0.272000,2.990000,-0.641000,0.000000,1
4.207819,-19.568001,-32.328999,-0.507000,69.484001,25.388000,17.775999,167.406998,0.000000,0.000000,0.000000,0.000000,0.000000,0.000000,0.120000,250.000000,-1010.000000,-153.000000,-1448.000000,240.000000,-43.000000,-21.000000,22.000000,22.000000,22.000000,22.000000,22.000000,22.000000,22.000000,37.000000,38.000000,39.000000,40.000000,40.000000,40.000000,43.000000,1,1,1,1,1,1,1,0,0,0,0,0,0,0,75,5400.357910,1218,0,1,0.810675,-0.050000,-0.272000,2.989000,-0.643000,0.000000,1
4.217966,-19.778999,-32.019001,-0.484000,68.829002,25.389999,18.079000,167.582993,0.000000,0.000000,0.000000,0.000000,0.000000,0.000000,0.120000,250.000000,-1010.000000,-153.000000,-1448.000000,240.000000,-43.000000,-21.000000,22.000000,22.000000,22.000000,22.000000,22.000000,22.000000,22.000000,37.000000,38.000000,39.000000,40.000000,40.000000,40.000000,43.000000,1,1,1,1,1,1,1,0,0,0,0,0,0,0,75,5400.359863,1218,0,1,0.812437,-0.050000,-0.271999,2.989000,-0.644000,0.000000,1
4.227860,-19.979000,-31.719999,-0.470000,68.183998,25.388000,18.398001,167.753998,0.000000,0.000000,0.000000,0.000000,0.000000,0.000000,0.120000,250.000000,-1010.000000,-153.000000,-1448.000000,240.000000,-43.000000,-21.000000,22.000000,22.000000,22.000000,22.000000,22.000000,22.000000,22.000000,37.000000,38.000000,39.000000,40.000000,40.000000,40.000000,43.000000,1,1,1,1,1,1,1,0,0,0,0,0,0,0,75,5400.359863,1217,0,1,0.814090,-0.050000,-0.272000,2.989000,-0.645000,0.000000,1
4.237913,-20.205999,-31.372999,-0.464000,67.420998,25.382999,18.797001,167.955994,0.000000,0.000000,0.000000,0.000000,0.000000,0.000000,0.120000,250.000000,-1010.000000,-153.000000,-1448.000000,240.000000,-43.000000,-21.000000,22.000000,22.000000,22.000000,22.000000,22.000000,22.000000,22.000000,37.000000,38.000000,39.000000,40.000000,40.000000,40.000000,43.000000,1,1,1,1,1,1,1,0,0,0,0,0,0,0,75,5400.357910,1218,0,1,0.815954,-0.050000,-0.272000,2.989000,-0.645000,0.000000,1
4.247899,-20.386000,-31.090000,-0.464000,66.791000,25.375000,19.142000,168.123001,0.000000,0.000000,0.000000,0.000000,0.000000,0.000000,0.120000,250.000000,-1010.000000,-153.000000,-1448.000000,240.000000,-43.000000,-21.000000,22.000000,22.000000,22.000000,22.000000,22.000000,22.000000,22.000000,37.000000,38.000000,39.000000,40.000000,40.000000,40.000000,43.000000,1,1,1,1,1,1,1,0,0,0,0,0,0,0,75,5400.359863,1218,0,1,0.817428,-0.050000,-0.272000,2.989000,-0.645000,0.000000,1
4.257907,-20.455999,-30.978001,-0.466000,66.540001,25.371000,19.282000,168.188995,0.000000,0.000000,0.000000,0.000000,0.000000,0.000000,0.120000,250.000000,-1010.000000,-153.000000,-1448.000000,240.000000,-43.000000,-21.000000,22.000000,22.000000,22.000000,22.000000,22.000000,22.000000,22.000000,37.000000,38.000000,39.000000,40.000000,40.000000,40.000000,43.000000,1,1,1,1,1,1,1,0,0,0,0,0,0,0,75,5400.357910,1218,0,1,0.818001,-0.050000,-0.272000,2.989000,-0.645000,0.000000,1
4.267960,-20.559999,-30.812000,-0.470000,66.164001,25.364000,19.493999,168.289001,0.000000,0.000000,0.000000,0.000000,0.000000,0.000000,0.120000,250.000000,-1010.000000,-153.000000,-1448.000000,240.000000,-43.000000,-21.000000,22.000000,22.000000,22.000000,22.000000,22.000000,22.000000,22.000000,37.000000,38.000000,39.000000,40.000000,40.000000,40.000000,43.000000,1,1,1,1,1,1,1,0,0,0,0,0,0,0,75,5400.357910,1216,0,1,0.818847,-0.050000,-0.271999,2.989000,-0.645000,0.000000,1
4.277904,-20.761999,-30.480000,-0.481000,65.412003,25.349001,19.926001,168.488998,0.000000,0.000000,0.000000,0.000000,0.000000,0.000000,0.120000,250.000000,-1010.000000,-153.000000,-1448.000000,240.000000,-43.000000,-21.000000,22.000000,22.000000,22.000000,22.000000,22.000000,22.000000,22.000000,37.000000,38.000000,39.000000,40.000000,40.000000,40.000000,43.000000,1,1,1,1,1,1,1,0,0,0,0,0,0,0,75,5400.359863,1217,0,1,0.820504,-0.050000,-0.272000,2.989000,-0.645000,0.000000,1
4.287932,-20.929001,-30.202000,-0.492000,64.779999,25.334000,20.290001,168.656998,0.000000,0.000000,0.000000,0.000000,0.000000,0.000000,0.120000,250.000000,-1010.000000,-153.000000,-1448.000000,240.000000,-43.000000,-21.000000,22.000000,22.000000,22.000000,22.000000,22.000000,22.000000,22.000000,37.000000,38.000000,39.000000,40.000000,40.000000,40.000000,43.000000,1,1,1,1,1,1,1,0,0,0,0,0,0,0,75,5400.357910,1218,0,1,0.821871,-0.050000,-0.272000,2.988000,-0.645000,0.000000,0
4.297850,-21.091000,-29.923000,-0.505000,64.146004,25.318001,20.656000,168.826004,0.000000,0.000000,0.000000,0.000000,0.000000,0.000000,0.120000,250.000000,-1010.000000,-153.000000,-1448.000000,240.000000,-43.000000,-21.000000,22.000000,22.000000,22.000000,22.000000,22.000000,22.000000,22.000000,37.000000,38.000000,39.000000,40.000000,40.000000,40.000000,43.000000,1,1,1,1,1,1,1,0,0,0,0,0,0,0,75,5400.359863,1217,0,1,0.823232,-0.050010,-0.272000,2.988000,-0.645000,0.000000,0
4.307844,-21.256001,-29.641001,-0.517000,63.506001,25.299000,21.024000,169.000000,0.000000,0.000000,0.000000,0.000000,0.000000,0.000000,0.120000,250.000000,-1010.000000,-153.000000,-1448.000000,240.000000,-43.000000,-21.000000,22.000000,22.000000,22.000000,22.000000,22.000000,22.000000,22.000000,37.000000,38.000000,39.000000,40.000000,40.000000,40.000000,43.000000,1,1,1,1,1,1,1,0,0,0,0,0,0,0,75,5400.359863,1217,0,1,0.824593,-0.050011,-0.272000,2.988000,-0.645000,0.000000,0
4.317941,-21.471001,-29.302000,-0.517000,62.730000,25.274000,21.469000,169.222000,0.000000,0.000000,0.000000,0.000000,0.000000,0.000000,0.120000,250.000000,-1010.000000,-153.000000,-1448.000000,240.000000,-43.000000,-21.000000,22.000000,22.000000,22.000000,22.000000,22.000000,22.000000,22.000000,37.000000,38.000000,39.000000,40.000000,40.000000,40.000000,43.000000,1,1,1,1,1,1,1,0,0,0,0,0,0,0,75,5400.357910,1217,0,1,0.826225,-0.049958,-0.272000,2.988000,-0.645000,0.000000,0
4.327859,-21.677000,-29.021000,-0.495000,62.078999,25.249001,21.844000,169.425003,0.000000,0.000000,0.000000,0.000000,0.000000,0.000000,0.120000,250.000000,-1010.000000,-153.000000,-1448.000000,240.000000,-43.000000,-21.000000,22.000000,22.000000,22.000000,22.000000,22.000000,22.000000,22.000000,37.000000,38.000000,39.000000,40.000000,40.000000,40.000000,43.000000,1,1,1,1,1,1,1,0,0,0,0,0,0,0,75,5400.357910,1218,0,1,0.827580,-0.049834,-0.272000,2.988000,-0.645000,0.000000,0
4.337831,-21.768000,-28.910000,-0.478000,61.819000,25.238001,21.995001,169.511993,0.000000,0.000000,0.000000,0.000000,0.000000,0.000000,0.120000,250.000000,-1010.000000,-153.000000,-1448.000000,240.000000,-43.000000,-21.000000,22.000000,22.000000,22.000000,22.000000,22.000000,22.000000,22.000000,37.000000,38.000000,39.000000,40.000000,40.000000,40.000000,43.000000,1,1,1,1,1,1,1,0,0,0,0,0,0,0,75,5400.357910,1218,0,1,0.828119,-0.049757,-0.272000,2.988000,-0.645000,0.000000,0
4.347877,-22.076000,-28.576000,-0.403000,61.022999,25.200001,22.455999,169.798004,0.000000,0.000000,0.000000,0.000000,0.000000,0.000000,0.120000,250.000000,-1010.000000,-153.000000,-1448.000000,240.000000,-43.000000,-21.000000,22.000000,22.000000,22.000000,22.000000,22.000000,22.000000,22.000000,37.000000,38.000000,39.000000,40.000000,40.000000,40.000000,43.000000,1,1,1,1,1,1,1,0,0,0,0,0,0,0,75,5400.356934,1218,0,1,0.829751,-0.049427,-0.272000,2.988000,-0.645000,0.000000,3
4.357862,-22.400999,-28.273001,-0.299000,60.285999,25.159000,22.885000,170.085999,0.000000,0.000000,0.000000,0.000000,0.000000,0.000000,0.120000,250.000000,-1010.000000,-153.000000,-1448.000000,240.000000,-43.000000,-21.000000,22.000000,22.000000,22.000000,22.000000,22.000000,22.000000,22.000000,37.000000,38.000000,39.000000,40.000000,40.000000,40.000000,43.000000,1,1,1,1,1,1,1,0,0,0,0,0,0,0,75,5400.359863,1218,0,1,0.831245,-0.048999,-0.272000,2.988000,-0.645000,0.000000,3
4.367824,-22.816000,-27.938999,-0.140000,59.452000,25.106001,23.372000,170.442001,0.000000,0.000000,0.000000,0.000000,0.000000,0.000000,0.120000,250.000000,-1010.000000,-153.000000,-1448.000000,240.000000,-43.000000,-21.000000,22.000000,22.000000,22.000000,22.000000,22.000000,22.000000,22.000000,37.000000,38.000000,39.000000,40.000000,40.000000,40.000000,43.000000,1,1,1,1,1,1,1,0,0,0,0,0,0,0,75,5400.359863,1218,0,1,0.832913,-0.048367,-0.272000,2.988000,-0.645000,0.000000,3
4.377903,-23.424000,-27.528000,0.132000,58.389999,25.024000,23.996000,170.945007,0.000000,0.000000,0.000000,0.000000,0.000000,0.000000,0.120000,250.000000,-1010.000000,-153.000000,-1448.000000,240.000000,-43.000000,-21.000000,22.000000,22.000000,22.000000,22.000000,22.000000,22.000000,22.000000,37.000000,38.000000,39.000000,40.000000,40.000000,40.000000,43.000000,1,1,1,1,1,1,1,0,0,0,0,0,0,0,75,5400.357910,1217,0,1,0.835004,-0.047318,-0.272000,2.988000,-0.645000,0.000000,3
4.387924,-23.985001,-27.209000,0.416000,57.530998,24.943001,24.503000,171.397995,0.000000,0.000000,0.000000,0.000000,0.000000,0.000000,0.120000,250.000000,-1010.000000,-153.000000,-1448.000000,240.000000,-43.000000,-21.000000,22.000000,22.000000,22.000000,22.000000,22.000000,22.000000,22.000000,37.000000,38.000000,39.000000,40.000000,40.000000,40.000000,43.000000,1,1,1,1,1,1,1,0,0,0,0,0,0,0,75,5400.359863,1217,0,1,0.836664,-0.046246,-0.272000,2.988000,-0.645000,0.000000,3
4.397880,-24.584999,-26.920000,0.747000,56.717999,24.850000,24.986000,171.871002,0.000000,0.000000,0.000000,0.000000,0.000000,0.000000,0.120000,250.000000,-1010.000000,-153.000000,-1448.000000,240.000000,-43.000000,-21.000000,22.000000,22.000000,22.000000,22.000000,22.000000,22.000000,22.000000,37.000000,38.000000,39.000000,40.000000,40.000000,40.000000,43.000000,1,1,1,1,1,1,1,0,0,0,0,0,0,0,75,5400.359863,1217,0,1,0.838210,-0.045016,-0.272000,2.988000,-0.645000,0.000000,3
4.407869,-24.961000,-26.763000,0.967000,56.255001,24.789000,25.263000,172.162003,0.000000,0.000000,0.000000,0.000000,0.000000,0.000000,0.120000,250.000000,-1010.000000,-153.000000,-1448.000000,240.000000,-43.000000,-21.000000,22.000000,22.000000,22.000000,22.000000,22.000000,22.000000,22.000000,37.000000,38.000000,39.000000,40.000000,40.000000,40.000000,43.000000,1,1,1,1,1,1,1,0,0,0,0,0,0,0,75,5400.359863,1217,0,1,0.839077,-0.044206,-0.272000,2.988000,-0.645000,0.000000,3
4.417931,-25.347000,-26.618999,1.202000,55.813000,24.725000,25.528999,172.457993,0.000000,0.000000,0.000000,0.000000,0.000000,0.000000,0.120000,250.000000,-1010.000000,-153.000000,-1448.000000,240.000000,-43.000000,-21.000000,22.000000,22.000000,22.000000,22.000000,22.000000,22.000000,22.000000,37.000000,38.000000,39.000000,40.000000,40.000000,40.000000,43.000000,1,1,1,1,1,1,1,0,0,0,0,0,0,0,75,5400.359863,1218,0,1,0.839894,-0.043347,-0.272000,2.989000,-0.645000,0.000000,3
4.427913,-25.740999,-26.489000,1.450000,55.395000,24.658001,25.782000,172.757004,0.000000,0.000000,0.000000,0.000000,0.000000,0.000000,0.120000,250.000000,-1010.000000,-153.000000,-1448.000000,240.000000,-43.000000,-21.000000,22.000000,22.000000,22.000000,22.000000,22.000000,22.000000,22.000000,37.000000,38.000000,39.000000,40.000000,40.000000,40.000000,43.000000,1,1,1,1,1,1,1,0,0,0,0,0,0,0,75,5400.359863,1218,0,1,0.840658,-0.042441,-0.272000,2.988000,-0.645000,0.000000,3
4.437897,-26.549999,-26.273001,1.985000,54.636002,24.514999,26.247000,173.358994,0.000000,0.000000,0.000000,0.000000,0.000000,0.000000,0.120000,250.000000,-1010.000000,-153.000000,-1448.000000,240.000000,-43.000000,-21.000000,22.000000,22.000000,22.000000,22.000000,22.000000,22.000000,22.000000,37.000000,38.000000,39.000000,40.000000,40.000000,40.000000,43.000000,1,1,1,1,1,1,1,0,0,0,0,0,0,0,75,5400.357910,1218,0,1,0.842020,-0.040501,-0.272000,2.988000,-0.645000,0.000000,3
4.447895,-27.235001,-26.141001,2.462000,54.090000,24.389000,26.587999,173.858994,0.000000,0.000000,0.000000,0.000000,0.000000,0.000000,0.120000,250.000000,-1010.000000,-153.000000,-1448.000000,240.000000,-43.000000,-21.000000,22.000000,22.000000,22.000000,22.000000,22.000000,22.000000,22.000000,37.000000,38.000000,39.000000,40.000000,40.000000,40.000000,43.000000,1,1,1,1,1,1,1,0,0,0,0,0,0,0,75,5400.359863,1218,0,1,0.842973,-0.038770,-0.272000,2.988000,-0.645000,0.000000,3
4.457872,-27.924000,-26.056000,2.961000,53.630001,24.260000,26.884001,174.352005,0.000000,0.000000,0.000000,0.000000,0.000000,0.000000,0.120000,250.000000,-1010.000000,-153.000000,-1448.000000,240.000000,-43.000000,-21.000000,22.000000,22.000000,22.000000,22.000000,22.000000,22.000000,22.000000,37.000000,38.000000,39.000000,40.000000,40.000000,40.000000,43.000000,1,1,1,1,1,1,1,0,0,0,0,0,0,0,75,5400.357910,1217,0,1,0.843751,-0.036954,-0.272000,2.988000,-0.645000,0.000000,3
4.467876,-28.743000,-26.018000,3.581000,53.199001,24.105000,27.174000,174.925995,0.000000,0.000000,0.000000,0.000000,0.000000,0.000000,0.120000,250.000000,-1010.000000,-153.000000,-1448.000000,240.000000,-43.000000,-21.000000,22.000000,22.000000,22.000000,22.000000,22.000000,22.000000,22.000000,37.000000,38.000000,39.000000,40.000000,40.000000,40.000000,43.000000,1,1,1,1,1,1,1,0,0,0,0,0,0,0,75,5400.356934,1217,0,1,0.844442,-0.034686,-0.272000,2.988000,-0.645000,0.000000,3
4.477832,-29.410000,-26.040001,4.105000,52.948002,23.978001,27.358999,175.384003,0.000000,0.000000,0.000000,0.000000,0.000000,0.000000,0.120000,250.000000,-1010.000000,-153.000000,-1448.000000,240.000000,-43.000000,-21.000000,22.000000,22.000000,22.000000,22.000000,22.000000,22.000000,22.000000,37.000000,38.000000,39.000000,40.000000,40.000000,40.000000,43.000000,1,1,1,1,1,1,1,0,0,0,0,0,0,0,75,5400.359863,1217,0,1,0.844810,-0.032745,-0.272000,2.988000,-0.645000,0.000000,3
4.487905,-30.055000,-26.112000,4.630000,52.798000,23.855000,27.489000,175.817993,0.000000,0.000000,0.000000,0.000000,0.000000,0.000000,0.120000,250.000000,-1010.000000,-153.000000,-1448.000000,240.000000,-43.000000,-21.000000,22.000000,22.000000,22.000000,22.000000,22.000000,22.000000,22.000000,37.000000,38.000000,39.000000,40.000000,40.000000,40.000000,43.000000,1,1,1,1,1,1,1,0,0,0,0,0,0,0,75,5400.357910,1218,0,1,0.844984,-0.030777,-0.272000,2.988000,-0.645000,0.000000,3
4.497869,-30.429001,-26.179001,4.941000,52.757000,23.784000,27.541000,176.065994,0.000000,0.000000,0.000000,0.000000,0.000000,0.000000,0.120000,250.000000,-1010.000000,-153.000000,-1448.000000,240.000000,-43.000000,-21.000000,22.000000,22.000000,22.000000,22.000000,22.000000,22.000000,22.000000,37.000000,38.000000,39.000000,40.000000,40.000000,40.000000,43.000000,1,1,1,1,1,1,1,0,0,0,0,0,0,0,75,5400.359863,1217,0,1,0.844995,-0.029591,-0.272000,2.989000,-0.645000,0.000000,3
4.507901,-31.024000,-26.329000,5.451000,52.772999,23.674000,27.582001,176.455002,0.000000,0.000000,0.000000,0.000000,0.000000,0.000000,0.120000,250.000000,-1010.000000,-153.000000,-1448.000000,240.000000,-43.000000,-21.000000,22.000000,22.000000,22.000000,22.000000,22.000000,22.000000,22.000000,37.000000,38.000000,39.000000,40.000000,40.000000,40.000000,43.000000,1,1,1,1,1,1,1,0,0,0,0,0,0,0,75,5400.359863,1217,0,1,0.844857,-0.027620,-0.272000,2.988000,-0.645000,0.000000,3
4.518025,-31.579000,-26.527000,5.944000,52.891998,23.573000,27.568001,176.809998,0.000000,0.000000,0.000000,0.000000,0.000000,0.000000,0.120000,250.000000,-1010.000000,-153.000000,-1448.000000,240.000000,-43.000000,-21.000000,22.000000,22.000000,22.000000,22.000000,22.000000,22.000000,22.000000,37.000000,38.000000,39.000000,40.000000,40.000000,40.000000,43.000000,1,1,1,1,1,1,1,0,0,0,0,0,0,0,75,5400.357910,1217,0,1,0.844525,-0.025672,-0.272000,2.988000,-0.645000,0.000000,3
4.527910,-32.185001,-26.822001,6.504000,53.168999,23.466000,27.476999,177.190002,0.000000,0.000000,0.000000,0.000000,0.000000,0.000000,0.120000,250.000000,-1010.000000,-153.000000,-1448.000000,240.000000,-43.000000,-21.000000,22.000000,22.000000,22.000000,22.000000,22.000000,22.000000,22.000000,37.000000,38.000000,39.000000,40.000000,40.000000,40.000000,43.000000,1,1,1,1,1,1,1,0,0,0,0,0,0,0,75,5400.357910,1217,0,1,0.843876,-0.023393,-0.272000,2.988000,-0.645000,0.000000,3
4.537954,-32.632999,-27.113001,6.940000,53.508999,23.389999,27.341000,177.464005,0.000000,0.000000,0.000000,0.000000,0.000000,0.000000,0.120000,250.000000,-1010.000000,-153.000000,-1448.000000,240.000000,-43.000000,-21.000000,22.000000,22.000000,22.000000,22.000000,22.000000,22.000000,22.000000,37.000000,38.000000,39.000000,40.000000,40.000000,40.000000,43.000000,1,1,1,1,1,1,1,0,0,0,0,0,0,0,75,5400.357910,1218,0,1,0.843132,-0.021562,-0.272000,2.988000,-0.645000,0.000000,3
4.547847,-33.025002,-27.441000,7.343000,53.942001,23.326000,27.153000,177.699005,0.000000,0.000000,0.000000,0.000000,0.000000,0.000000,0.120000,250.000000,-1010.000000,-153.000000,-1448.000000,240.000000,-43.000000,-21.000000,22.000000,22.000000,22.000000,22.000000,22.000000,22.000000,22.000000,37.000000,38.000000,39.000000,40.000000,40.000000,40.000000,43.000000,1,1,1,1,1,1,1,0,0,0,0,0,0,0,75,5400.357910,1218,0,1,0.842211,-0.019814,-0.272000,2.988000,-0.645000,0.000000,3
4.557855,-33.359001,-27.801001,7.710000,54.463001,23.275000,26.915001,177.893005,0.000000,0.000000,0.000000,0.000000,0.000000,0.000000,0.120000,250.000000,-1010.000000,-153.000000,-1448.000000,240.000000,-43.000000,-21.000000,22.000000,22.000000,22.000000,22.000000,22.000000,22.000000,22.000000,37.000000,38.000000,39.000000,40.000000,40.000000,40.000000,43.000000,1,1,1,1,1,1,1,0,0,0,0,0,0,0,75,5400.357910,1217,0,1,0.841123,-0.018166,-0.272000,2.988000,-0.645000,0.000000,3
4.567824,-33.679001,-28.270000,8.100000,55.194000,23.228001,26.566999,178.070999,0.000000,0.000000,0.000000,0.000000,0.000000,0.000000,0.120000,250.000000,-1010.000000,-153.000000,-1448.000000,240.000000,-43.000000,-21.000000,22.000000,22.000000,22.000000,22.000000,22.000000,22.000000,22.000000,37.000000,38.000000,39.000000,40.000000,40.000000,40.000000,43.000000,1,1,1,1,1,1,1,0,0,0,0,0,0,0,75,5400.359863,1217,0,1,0.839610,-0.016341,-0.271999,2.989000,-0.646000,0.000000,3
4.577865,-33.875999,-28.686001,8.381000,55.883999,23.201000,26.230000,178.173996,0.000000,0.000000,0.000000,0.000000,0.000000,0.000000,0.120000,250.000000,-1010.000000,-153.000000,-1448.000000,240.000000,-43.000000,-21.000000,22.000000,22.000000,22.000000,22.000000,22.000000,22.000000,22.000000,37.000000,38.000000,39.000000,40.000000,40.000000,40.000000,43.000000,1,1,1,1,1,1,1,0,0,0,0,0,0,0,75,5400.359863,1217,0,1,0.838191,-0.014967,-0.271999,2.989000,-0.646000,0.000000,3
4.587947,-34.009998,-29.118000,8.621000,56.637001,23.183001,25.853001,178.235992,0.000000,0.000000,0.000000,0.000000,0.000000,0.000000,0.120000,250.000000,-1010.000000,-153.000000,-1448.000000,240.000000,-43.000000,-21.000000,22.000000,22.000000,22.000000,22.000000,22.000000,22.000000,22.000000,37.000000,38.000000,39.000000,40.000000,40.000000,40.000000,43.000000,1,1,1,1,1,1,1,0,0,0,0,0,0,0,75,5400.359863,1217,0,1,0.836644,-0.013738,-0.271999,2.989000,-0.646000,0.000000,3
4.597870,-34.080002,-29.561001,8.820000,57.445999,23.173000,25.441000,178.257996,0.000000,0.000000,0.000000,0.000000,0.000000,0.000000,0.120000,250.000000,-1010.000000,-153.000000,-1448.000000,240.000000,-43.000000,-21.000000,22.000000,22.000000,22.000000,22.000000,22.000000,22.000000,22.000000,37.000000,38.000000,39.000000,40.000000,40.000000,40.000000,43.000000,1,1,1,1,1,1,1,0,0,0,0,0,0,0,75,5400.357910,1218,0,1,0.834982,-0.012669,-0.272000,2.988000,-0.646000,0.000000,3
4.607914,-34.087002,-30.007000,8.977000,58.292999,23.169001,25.000000,178.240997,0.000000,0.000000,0.000000,0.000000,0.000000,0.000000,0.120000,250.000000,-1010.000000,-153.000000,-1448.000000,240.000000,-43.000000,-21.000000,22.000000,22.000000,22.000000,22.000000,22.000000,22.000000,22.000000,37.000000,38.000000,39.000000,40.000000,40.000000,40.000000,43.000000,1,1,1,1,1,1,1,0,0,0,0,0,0,0,75,5400.356934,1217,0,1,0.833238,-0.011775,-0.271999,2.989000,-0.646000,0.000000,3
4.618009,-34.036999,-30.422001,9.087000,59.113998,23.167999,24.566999,178.192001,0.000000,0.000000,0.000000,0.000000,0.000000,0.000000,0.120000,250.000000,-1010.000000,-153.000000,-1448.000000,240.000000,-43.000000,-21.000000,22.000000,22.000000,22.000000,22.000000,22.000000,22.000000,22.000000,37.000000,38.000000,39.000000,40.000000,40.000000,40.000000,43.000000,1,1,1,1,1,1,1,0,0,0,0,0,0,0,75,5400.357910,1218,0,1,0.831544,-0.011100,-0.271999,2.989000,-0.646000,0.000000,3
4.627952,-33.949001,-30.783001,9.155000,59.853001,23.167999,24.171000,178.125000,0.000000,0.000000,0.000000,0.000000,0.000000,0.000000,0.120000,250.000000,-1010.000000,-153.000000,-1448.000000,240.000000,-43.000000,-21.000000,22.000000,22.000000,22.000000,22.000000,22.000000,22.000000,22.000000,37.000000,38.000000,39.000000,40.000000,40.000000,40.000000,43.000000,1,1,1,1,1,1,1,0,0,0,0,0,0,0,75,5400.359863,1217,0,1,0.830016,-0.010639,-0.272000,2.989000,-0.646000,0.000000,3
4.637936,-33.884998,-30.976000,9.181000,60.256001,23.167000,23.952000,178.080002,0.000000,0.000000,0.000000,0.000000,0.000000,0.000000,0.120000,250.000000,-1010.000000,-153.000000,-1448.000000,240.000000,-43.000000,-21.000000,22.000000,22.000000,22.000000,22.000000,22.000000,22.000000,22.000000,37.000000,38.000000,39.000000,40.000000,40.000000,40.000000,43.000000,1,1,1,1,1,1,1,0,0,0,0,0,0,0,75,5400.360840,1217,0,1,0.829179,-0.010441,-0.271999,2.988000,-0.646000,0.000000,3
4.647912,-33.758999,-31.277000,9.206000,60.903000,23.166000,23.598000,177.994003,0.000000,0.000000,0.000000,0.000000,0.000000,0.000000,0.120000,250.000000,-1010.000000,-153.000000,-1448.000000,240.000000,-43.000000,-21.000000,22.000000,22.000000,22.000000,22.000000,22.000000,22.000000,22.000000,37.000000,38.000000,39.000000,40.000000,40.000000,40.000000,43.000000,1,1,1,1,1,1,1,0,0,0,0,0,0,0,75,5400.357910,1217,0,1,0.827837,-0.010208,-0.271999,2.989000,-0.646000,0.000000,0
4.657942,-33.603001,-31.569000,9.209000,61.550999,23.165001,23.239000,177.891006,0.000000,0.000000,0.000000,0.000000,0.000000,0.000000,0.120000,250.000000,-1010.000000,-153.000000,-1448.000000,240.000000,-43.000000,-21.000000,22.000000,22.000000,22.000000,22.000000,22.000000,22.000000,22.000000,37.000000,38.000000,39.000000,40.000000,40.000000,40.000000,43.000000,1,1,1,1,1,1,1,0,0,0,0,0,0,0,75,5400.359863,1217,0,1,0.826489,-0.010075,-0.272000,2.989000,-0.645000,0.000000,0
4.667894,-33.390999,-31.912001,9.196000,62.327999,23.165001,22.805000,177.753998,0.000000,0.000000,0.000000,0.000000,0.000000,0.000000,0.120000,250.000000,-1010.000000,-153.000000,-1448.000000,240.000000,-43.000000,-21.000000,22.000000,22.000000,22.000000,22.000000,22.000000,22.000000,22.000000,37.000000,38.000000,39.000000,40.000000,40.000000,40.000000,43.000000,1,1,1,1,1,1,1,0,0,0,0,0,0,0,75,5400.359863,1217,0,1,0.824865,-0.010006,-0.272000,2.989000,-0.645000,0.000000,0
4.678035,-33.202999,-32.192001,9.177000,62.971001,23.164000,22.441999,177.632996,0.000000,0.000000,0.000000,0.000000,0.000000,0.000000,0.120000,250.000000,-1010.000000,-153.000000,-1448.000000,240.000000,-43.000000,-21.000000,22.000000,22.000000,22.000000,22.000000,22.000000,22.000000,22.000000,37.000000,38.000000,39.000000,40.000000,40.000000,40.000000,43.000000,1,1,1,1,1,1,1,0,0,0,0,0,0,0,75,5400.359863,1217,0,1,0.823510,-0.009994,-0.271999,2.989000,-0.646000,0.000000,0
4.687915,-33.089001,-32.358002,9.164000,63.355000,23.163000,22.225000,177.559998,0.000000,0.000000,0.000000,0.000000,0.000000,0.000000,0.120000,250.000000,-1010.000000,-153.000000,-1448.000000,240.000000,-43.000000,-21.000000,22.000000,22.000000,22.000000,22.000000,22.000000,22.000000,22.000000,37.000000,38.000000,39.000000,40.000000,40.000000,40.000000,43.000000,1,1,1,1,1,1,1,0,0,0,0,0,0,0,75,5400.357910,1217,0,1,0.822698,-0.009996,-0.271999,2.989000,-0.646000,0.000000,0
4.697867,-32.824001,-32.742001,9.137000,64.244003,23.160999,21.723000,177.391998,0.000000,0.000000,0.000000,0.000000,0.000000,0.000000,0.120000,250.000000,-1010.000000,-153.000000,-1448.000000,240.000000,-43.000000,-21.000000,22.000000,22.000000,22.000000,22.000000,22.000000,22.000000,22.000000,37.000000,38.000000,39.000000,40.000000,40.000000,40.000000,43.000000,1,1,1,1,1,1,1,0,0,0,0,0,0,0,75,5400.357910,1218,0,1,0.820800,-0.009999,-0.272000,2.989000,-0.645000,0.000000,1
4.707838,-32.598999,-33.069000,9.114000,65.000000,23.159000,21.298000,177.251007,0.000000,0.000000,0.000000,0.000000,0.000000,0.000000,0.120000,250.000000,-1010.000000,-153.000000,-1448.000000,240.000000,-43.000000,-21.000000,22.000000,22.000000,22.000000,22.000000,22.000000,22.000000,22.000000,37.000000,38.000000,39.000000,40.000000,40.000000,40.000000,43.000000,1,1,1,1,1,1,1,0,0,0,0,0,0,0,75,5400.359863,1218,0,1,0.819155,-0.009999,-0.271999,2.989000,-0.645000,0.000000,1
4.717934,-32.522999,-33.179001,9.106000,65.250999,23.158001,21.158001,177.203995,0.000000,0.000000,0.000000,0.000000,0.000000,0.000000,0.120000,250.000000,-1010.000000,-153.000000,-1448.000000,240.000000,-43.000000,-21.000000,22.000000,22.000000,22.000000,22.000000,22.000000,22.000000,22.000000,37.000000,38.000000,39.000000,40.000000,40.000000,40.000000,43.000000,1,1,1,1,1,1,1,0,0,0,0,0,0,0,75,5400.359863,1218,0,1,0.818598,-0.010000,-0.272000,2.989000,-0.645000,0.000000,1
4.727914,-32.209000,-33.619999,9.068000,66.261002,23.153000,20.610001,177.011993,0.000000,0.000000,0.000000,0.000000,0.000000,0.000000,0.120000,250.000000,-1010.000000,-153.000000,-1448.000000,240.000000,-43.000000,-21.000000,22.000000,22.000000,22.000000,22.000000,22.000000,22.000000,22.000000,37.000000,38.000000,39.000000,40.000000,40.000000,40.000000,43.000000,1,1,1,1,1,1,1,0,0,0,0,0,0,0,75,5400.359863,1217,0,1,0.816293,-0.010000,-0.272000,2.989000,-0.645000,0.000000,1
4.737923,-32.085999,-33.789001,9.051000,66.642998,23.150000,20.410000,176.938004,0.000000,0.000000,0.000000,0.000000,0.000000,0.000000,0.120000,250.000000,-1010.000000,-153.000000,-1448.000000,240.000000,-43.000000,-21.000000,22.000000,22.000000,22.000000,22.000000,22.000000,22.000000,22.000000,37.000000,38.000000,39.000000,40.000000,40.000000,40.000000,43.000000,1,1,1,1,1,1,1,0,0,0,0,0,0,0,75,5400.359863,1217,0,1,0.815387,-0.009999,-0.271999,2.989000,-0.645000,0.000000,1
4.747977,-31.872000,-34.075001,9.016000,67.285004,23.143999,20.086000,176.811996,0.000000,0.000000,0.000000,0.000000,0.000000,0.000000,0.120000,250.000000,-1010.000000,-153.000000,-1448.000000,240.000000,-43.000000,-21.000000,22.000000,22.000000,22.000000,22.000000,22.000000,22.000000,22.000000,37.000000,38.000000,39.000000,40.000000,40.000000,40.000000,43.000000,1,1,1,1,1,1,1,0,0,0,0,0,0,0,75,5400.357910,1217,0,1,0.813812,-0.009999,-0.271999,2.989000,-0.644000,0.000000,1
4.757929,-31.645000,-34.368999,8.974000,67.935997,23.136999,19.775000,176.679993,0.000000,0.000000,0.000000,0.000000,0.000000,0.000000,0.120000,250.000000,-1010.000000,-153.000000,-1448.000000,240.000000,-43.000000,-21.000000,22.000000,22.000000,22.000000,22.000000,22.000000,22.000000,22.000000,37.000000,38.000000,39.000000,40.000000,40.000000,40.000000,43.000000,1,1,1,1,1,1,1,0,0,0,0,0,0,0,75,5400.357910,1217,0,1,0.812140,-0.009999,-0.271999,2.989000,-0.644000,0.000000,1
4.767895,-31.351000,-34.735001,8.911000,68.732002,23.125000,19.422001,176.514008,0.000000,0.000000,0.000000,0.000000,0.000000,0.000000,0.120000,250.000000,-1010.000000,-153.000000,-1448.000000,240.000000,-43.000000,-21.000000,22.000000,22.000000,22.000000,22.000000,22.000000,22.000000,22.000000,37.000000,38.000000,39.000000,40.000000,40.000000,40.000000,43.000000,1,1,1,1,1,1,1,0,0,0,0,0,0,0,75,5400.357910,1217,0,1,0.809984,-0.009999,-0.272000,2.989000,-0.642000,0.000000,1
4.777864,-31.087000,-35.053001,8.846000,69.411003,23.112000,19.146999,176.367004,0.000000,0.000000,0.000000,0.000000,0.000000,0.000000,0.120000,250.000000,-1010.000000,-153.000000,-1448.000000,240.000000,-43.000000,-21.000000,22.000000,22.000000,22.000000,22.000000,22.000000,22.000000,22.000000,37.000000,38.000000,39.000000,40.000000,40.000000,40.000000,43.000000,1,1,1,1,1,1,1,0,0,0,0,0,0,0,75,5400.359863,1217,0,1,0.808043,-0.009999,-0.271999,2.990000,-0.641000,0.000000,1
4.787963,-30.802999,-35.384998,8.770000,70.106003,23.096001,18.891001,176.212006,0.000000,0.000000,0.000000,0.000000,0.000000,0.000000,0.120000,250.000000,-1010.000000,-153.000000,-1448.000000,240.000000,-43.000000,-21.000000,22.000000,22.000000,22.000000,22.000000,22.000000,22.000000,22.000000,37.000000,38.000000,39.000000,40.000000,40.000000,40.000000,43.000000,1,1,1,1,1,1,1,0,0,0,0,0,0,0,75,5400.359863,1217,0,1,0.805955,-0.010000,-0.272000,2.990000,-0.639000,0.000000,1
4.797892,-30.499001,-35.730999,8.681000,70.817001,23.076000,18.656000,176.050003,0.000000,0.000000,0.000000,0.000000,0.000000,0.000000,0.120000,250.000000,-1010.000000,-153.000000,-1448.000000,240.000000,-43.000000,-21.000000,22.000000,22.000000,22.000000,22.000000,22.000000,22.000000,22.000000,37.000000,38.000000,39.000000,40.000000,40.000000,40.000000,43.000000,1,1,1,1,1,1,1,0,0,0,0,0,0,0,75,5400.357910,1217,0,1,0.803707,-0.009999,-0.271999,2.991000,-0.637000,0.000000,1
4.807978,-30.173000,-36.094002,8.579000,71.546997,23.052000,18.444000,175.878006,0.000000,0.000000,0.000000,0.000000,0.000000,0.000000,0.120000,250.000000,-1010.000000,-153.000000,-1448.000000,240.000000,-43.000000,-21.000000,22.000000,22.000000,22.000000,22.000000,22.000000,22.000000,22.000000,37.000000,38.000000,39.000000,40.000000,40.000000,40.000000,43.000000,1,1,1,1,1,1,1,0,0,0,0,0,0,0,75,5400.359863,1218,0,1,0.801283,-0.009999,-0.271999,2.991000,-0.635000,0.000000,1
4.818115,-29.825001,-36.473999,8.463000,72.295998,23.024000,18.257999,175.697006,0.000000,0.000000,0.000000,0.000000,0.000000,0.000000,0.120000,250.000000,-1010.000000,-153.000000,-1448.000000,240.000000,-43.000000,-21.000000,22.000000,22.000000,22.000000,22.000000,22.000000,22.000000,22.000000,37.000000,38.000000,39.000000,40.000000,40.000000,40.000000,43.000000,1,1,1,1,1,1,1,0,0,0,0,0,0,0,75,5400.357910,1218,0,1,0.798674,-0.009999,-0.271999,2.992000,-0.632000,-0.001000,1
4.827982,-29.455000,-36.872002,8.333000,73.064003,22.992001,18.098000,175.507996,0.000000,0.000000,0.000000,0.000000,0.000000,0.000000,0.120000,250.000000,-1010.000000,-153.000000,-1448.000000,240.000000,-43.000000,-21.000000,22.000000,22.000000,22.000000,22.000000,22.000000,22.000000,22.000000,37.000000,38.000000,39.000000,40.000000,40.000000,40.000000,43.000000,1,1,1,1,1,1,1,0,0,0,0,0,0,0,75,5400.357910,1217,0,1,0.795867,-0.010000,-0.271999,2.993000,-0.628000,-0.001000,1
4.837976,-28.981001,-37.375000,8.157000,74.013000,22.945999,17.945999,175.268997,0.000000,0.000000,0.000000,0.000000,0.000000,0.000000,0.120000,250.000000,-1010.000000,-153.000000,-1448.000000,240.000000,-43.000000,-21.000000,22.000000,22.000000,22.000000,22.000000,22.000000,22.000000,22.000000,37.000000,38.000000,39.000000,40.000000,40.000000,40.000000,43.000000,1,1,1,1,1,1,1,0,0,0,0,0,0,0,75,5400.357910,1217,0,1,0.792225,-0.009999,-0.272000,2.994000,-0.623000,-0.001000,1
4.848002,-28.563999,-37.814999,7.996000,74.824997,22.902000,17.853001,175.059998,0.000000,0.000000,0.000000,0.000000,0.000000,0.000000,0.120000,250.000000,-1010.000000,-153.000000,-1448.000000,240.000000,-43.000000,-21.000000,22.000000,22.000000,22.000000,22.000000,22.000000,22.000000,22.000000,37.000000,38.000000,39.000000,40.000000,40.000000,40.000000,43.000000,1,1,1,1,1,1,1,0,0,0,0,0,0,0,75,5400.357910,1217,0,1,0.788951,-0.010000,-0.272000,2.995000,-0.619000,-0.001000,1
4.857961,-28.125999,-38.277000,7.819000,75.656998,22.855000,17.792999,174.841003,0.000000,0.000000,0.000000,0.000000,0.000000,0.000000,0.120000,250.000000,-1010.000000,-153.000000,-1448.000000,240.000000,-43.000000,-21.000000,22.000000,22.000000,22.000000,22.000000,22.000000,22.000000,22.000000,37.000000,38.000000,39.000000,40.000000,40.000000,40.000000,43.000000,1,1,1,1,1,1,1,0,0,0,0,0,0,0,75,5400.359863,1217,0,1,0.785451,-0.010000,-0.272000,2.996000,-0.614000,-0.002000,1
4.867922,-27.670000,-38.757999,7.629000,76.508003,22.802999,17.768000,174.613998,0.000000,0.000000,0.000000,0.000000,0.000000,0.000000,0.120000,250.000000,-1010.000000,-153.000000,-1448.000000,240.000000,-43.000000,-21.000000,22.000000,22.000000,22.000000,22.000000,22.000000,22.000000,22.000000,37.000000,38.000000,39.000000,40.000000,40.000000,40.000000,43.000000,1,1,1,1,1,1,1,0,0,0,0,0,0,0,75,5400.357910,1218,0,1,0.781721,-0.010000,-0.272000,2.997000,-0.608000,-0.002000,1
4.877912,-27.388000,-39.056999,7.509000,77.027000,22.768999,17.770000,174.473999,0.000000,0.000000,0.000000,0.000000,0.000000,0.000000,0.120000,250.000000,-1010.000000,-153.000000,-1448.000000,240.000000,-43.000000,-21.000000,22.000000,22.000000,22.000000,22.000000,22.000000,22.000000,22.000000,37.000000,38.000000,39.000000,40.000000,40.000000,40.000000,43.000000,1,1,1,1,1,1,1,0,0,0,0,0,0,0,75,5400.359863,1217,0,1,0.779370,-0.010000,-0.272000,2.998000,-0.604000,-0.002000,1
4.887959,-26.608999,-39.889000,7.166000,78.442001,22.669001,17.841000,174.089996,0.000000,0.000000,0.000000,0.000000,0.000000,0.000000,0.120000,250.000000,-1010.000000,-153.000000,-1448.000000,240.000000,-43.000000,-21.000000,22.000000,22.000000,22.000000,22.000000,22.000000,22.000000,22.000000,37.000000,38.000000,39.000000,40.000000,40.000000,40.000000,43.000000,1,1,1,1,1,1,1,0,0,0,0,0,0,0,75,5400.357910,1217,0,1,0.772681,-0.010000,-0.272000,3.001000,-0.594000,-0.003000,1
4.897883,-26.408001,-40.105000,7.075000,78.801003,22.642000,17.875000,173.990997,0.000000,0.000000,0.000000,0.000000,0.000000,0.000000,0.120000,250.000000,-1010.000000,-153.000000,-1448.000000,240.000000,-43.000000,-21.000000,22.000000,22.000000,22.000000,22.000000,22.000000,22.000000,22.000000,37.000000,38.000000,39.000000,40.000000,40.000000,40.000000,43.000000,1,1,1,1,1,1,1,0,0,0,0,0,0,0,75,5400.357910,1217,0,1,0.770913,-0.010000,-0.272000,3.001000,-0.591000,-0.003000,1
4.907900,-25.899000,-40.659000,6.840000,79.710999,22.569000,17.985001,173.740997,0.000000,0.000000,0.000000,0.000000,0.000000,0.000000,0.120000,250.000000,-1010.000000,-153.000000,-1448.000000,240.000000,-43.000000,-21.000000,22.000000,22.000000,22.000000,22.000000,22.000000,22.000000,22.000000,37.000000,38.000000,39.000000,40.000000,40.000000,40.000000,43.000000,1,1,1,1,1,1,1,0,0,0,0,0,0,0,75,5400.357910,1219,0,1,0.766324,-0.010000,-0.272000,3.003000,-0.583000,-0.004000,1
4.917915,-25.274000,-41.348999,6.545000,80.820000,22.474001,18.170000,173.434006,0.000000,0.000000,0.000000,0.000000,0.000000,0.000000,0.120000,250.000000,-1010.000000,-153.000000,-1448.000000,240.000000,-43.000000,-21.000000,22.000000,22.000000,22.000000,22.000000,22.000000,22.000000,22.000000,37.000000,38.000000,39.000000,40.000000,40.000000,40.000000,43.000000,1,1,1,1,1,1,1,0,0,0,0,0,0,0,75,5400.357910,1218,0,1,0.760499,-0.010000,-0.272000,3.005000,-0.573000,-0.004000,1
4.927929,-24.745001,-41.943001,6.289000,81.755997,22.389000,18.368999,173.173996,0.000000,0.000000,0.000000,0.000000,0.000000,0.000000,0.120000,250.000000,-1010.000000,-153.000000,-1448.000000,240.000000,-43.000000,-21.000000,22.000000,22.000000,22.000000,22.000000,22.000000,22.000000,22.000000,37.000000,38.000000,39.000000,40.000000,40.000000,40.000000,43.000000,1,1,1,1,1,1,1,0,0,0,0,0,0,0,75,5400.359863,1217,0,1,0.755384,-0.010000,-0.272000,3.007000,-0.564000,-0.005000,1
4.937951,-24.209999,-42.555000,6.023000,82.700996,22.298000,18.608999,172.910995,0.000000,0.000000,0.000000,0.000000,0.000000,0.000000,0.120000,250.000000,-1010.000000,-153.000000,-1448.000000,240.000000,-43.000000,-21.000000,22.000000,22.000000,22.000000,22.000000,22.000000,22.000000,22.000000,37.000000,38.000000,39.000000,40.000000,40.000000,40.000000,43.000000,1,1,1,1,1,1,1,0,0,0,0,0,0,0,75,5400.359863,1218,0,1,0.750034,-0.010000,-0.272000,3.009000,-0.555000,-0.005000,1
4.947989,-23.673000,-43.181000,5.751000,83.652000,22.201000,18.889999,172.645004,0.000000,0.000000,0.000000,0.000000,0.000000,0.000000,0.120000,250.000000,-1010.000000,-153.000000,-1448.000000,240.000000,-43.000000,-21.000000,22.000000,22.000000,22.000000,22.000000,22.000000,22.000000,22.000000,37.000000,38.000000,39.000000,40.000000,40.000000,40.000000,43.000000,1,1,1,1,1,1,1,0,0,0,0,0,0,0,75,5400.359863,1217,0,1,0.744454,-0.010000,-0.272000,3.012000,-0.545000,-0.006000,1
4.958027,-23.028000,-43.952000,5.415000,84.801003,22.077000,19.280001,172.324005,0.000000,0.000000,0.000000,0.000000,0.000000,0.000000,0.120000,250.000000,-1010.000000,-153.000000,-1448.000000,240.000000,-43.000000,-21.000000,22.000000,22.000000,22.000000,22.000000,22.000000,22.000000,22.000000,37.000000,38.000000,39.000000,40.000000,40.000000,40.000000,43.000000,1,1,1,1,1,1,1,0,0,0,0,0,0,0,75,5400.359863,1218,0,1,0.737463,-0.010000,-0.272000,3.014000,-0.532000,-0.006000,1
4.967964,-22.490999,-44.608002,5.129000,85.761002,21.968000,19.648001,172.056000,0.000000,0.000000,0.000000,0.000000,0.000000,0.000000,0.120000,250.000000,-1010.000000,-153.000000,-1448.000000,240.000000,-43.000000,-21.000000,22.000000,22.000000,22.000000,22.000000,22.000000,22.000000,22.000000,37.000000,38.000000,39.000000,40.000000,40.000000,40.000000,43.000000,1,1,1,1,1,1,1,0,0,0,0,0,0,0,75,5400.359863,1218,0,1,0.731401,-0.009999,-0.272000,3.017000,-0.521000,-0.007000,1
4.977953,-21.959000,-45.273998,4.839000,86.722000,21.854000,20.054001,171.787994,0.000000,0.000000,0.000000,0.000000,0.000000,0.000000,0.120000,250.000000,-1010.000000,-153.000000,-1448.000000,240.000000,-43.000000,-21.000000,22.000000,22.000000,22.000000,22.000000,22.000000,22.000000,22.000000,37.000000,38.000000,39.000000,40.000000,40.000000,40.000000,43.000000,1,1,1,1,1,1,1,0,0,0,0,0,0,0,75,5400.359863,1217,0,1,0.725134,-0.009999,-0.272000,3.019000,-0.509000,-0.007000,1
4.987857,-21.642000,-45.678001,4.663000,87.297997,21.783001,20.316000,171.626999,0.000000,0.000000,0.000000,0.000000,0.000000,0.000000,0.120000,250.000000,-1010.000000,-153.000000,-1448.000000,240.000000,-43.000000,-21.000000,22.000000,22.000000,22.000000,22.000000,22.000000,22.000000,22.000000,37.000000,38.000000,39.000000,40.000000,40.000000,40.000000,43.000000,1,1,1,1,1,1,1,0,0,0,0,0,0,0,75,5400.359863,1218,0,1,0.721279,-0.009999,-0.272000,3.021000,-0.502000,-0.007000,1
4.997948,-21.118000,-46.358002,4.368000,88.257004,21.660000,20.781000,171.360001,0.000000,0.000000,0.000000,0.000000,0.000000,0.000000,0.120000,250.000000,-1010.000000,-153.000000,-1448.000000,240.000000,-43.000000,-21.000000,22.000000,22.000000,22.000000,22.000000,22.000000,22.000000,22.000000,37.000000,38.000000,39.000000,40.000000,40.000000,40.000000,43.000000,1,1,1,1,1,1,1,0,0,0,0,0,0,0,75,5400.356934,1217,0,1,0.714704,-0.009999,-0.272000,3.023000,-0.490000,-0.008000,1
5.007903,-20.500999,-47.180000,4.011000,89.401001,21.506001,21.382999,171.041000,0.000000,0.000000,0.000000,0.000000,0.000000,0.000000,0.120000,250.000000,-1010.000000,-153.000000,-1448.000000,240.000000,-43.000000,-21.000000,22.000000,22.000000,22.000000,22.000000,22.000000,22.000000,22.000000,37.000000,38.000000,39.000000,40.000000,40.000000,40.000000,43.000000,1,1,1,1,1,1,1,0,0,0,0,0,0,0,75,5400.357910,1217,0,1,0.706583,-0.009999,-0.272000,3.027000,-0.474000,-0.008000,1
5.018046,-19.996000,-47.869999,3.712000,90.348999,21.372000,21.919001,170.776993,0.000000,0.000000,0.000000,0.000000,0.000000,0.000000,0.120000,250.000000,-1010.000000,-153.000000,-1448.000000,240.000000,-43.000000,-21.000000,22.000000,22.000000,22.000000,22.000000,22.000000,22.000000,22.000000,37.000000,38.000000,39.000000,40.000000,40.000000,40.000000,43.000000,1,1,1,1,1,1,1,0,0,0,0,0,0,0,75,5400.357910,1217,0,1,0.699637,-0.009999,-0.272000,3.029000,-0.461000,-0.009000,1
5.027955,-19.503000,-48.561001,3.413000,91.290001,21.233999,22.483000,170.514999,0.000000,0.000000,0.000000,0.000000,0.000000,0.000000,0.120000,250.000000,-1010.000000,-153.000000,-1448.000000,240.000000,-43.000000,-21.000000,22.000000,22.000000,22.000000,22.000000,22.000000,22.000000,22.000000,37.000000,38.000000,39.000000,40.000000,40.000000,40.000000,43.000000,1,1,1,1,1,1,1,0,0,0,0,0,0,0,75,5400.359863,1218,0,1,0.692544,-0.009999,-0.272000,3.032000,-0.447000,-0.009000,1
5.038007,-19.020000,-49.251999,3.114000,92.223000,21.091000,23.072001,170.255997,0.000000,0.000000,0.000000,0.000000,0.000000,0.000000,0.120000,250.000000,-1010.000000,-153.000000,-1448.000000,240.000000,-43.000000,-21.000000,22.000000,22.000000,22.000000,22.000000,22.000000,22.000000,22.000000,37.000000,38.000000,39.000000,40.000000,40.000000,40.000000,43.000000,1,1,1,1,1,1,1,0,0,0,0,0,0,0,75,5400.357910,1218,0,1,0.685319,-0.009999,-0.272000,3.035000,-0.434000,-0.009000,1
5.047943,-18.549999,-49.939999,2.817000,93.146004,20.944000,23.684000,170.000000,0.000000,0.000000,0.000000,0.000000,0.000000,0.000000,0.120000,250.000000,-1010.000000,-153.000000,-1448.000000,240.000000,-43.000000,-21.000000,22.000000,22.000000,22.000000,22.000000,22.000000,22.000000,22.000000,37.000000,38.000000,39.000000,40.000000,40.000000,40.000000,43.000000,1,1,1,1,1,1,1,0,0,0,0,0,0,0,75,5400.359863,1217,0,1,0.677978,-0.009999,-0.272000,3.038000,-0.419000,-0.009000,1
5.057991,-18.003000,-50.758999,2.464000,94.240997,20.763000,24.443001,169.697006,0.000000,0.000000,0.000000,0.000000,0.000000,0.000000,0.120000,250.000000,-1010.000000,-153.000000,-1448.000000,240.000000,-43.000000,-21.000000,22.000000,22.000000,22.000000,22.000000,22.000000,22.000000,22.000000,37.000000,38.000000,39.000000,40.000000,40.000000,40.000000,43.000000,1,1,1,1,1,1,1,0,0,0,0,0,0,0,75,5400.359863,1217,0,1,0.669039,-0.009999,-0.272000,3.041000,-0.402000,-0.010000,1
5.067954,-17.562000,-51.436001,2.172000,95.140999,20.608000,25.091000,169.449005,0.000000,0.000000,0.000000,0.000000,0.000000,0.000000,0.120000,250.000000,-1010.000000,-153.000000,-1448.000000,240.000000,-43.000000,-21.000000,22.000000,22.000000,22.000000,22.000000,22.000000,22.000000,22.000000,37.000000,38.000000,39.000000,40.000000,40.000000,40.000000,43.000000,1,1,1,1,1,1,1,0,0,0,0,0,0,0,75,5400.357910,1218,0,1,0.661501,-0.009999,-0.272000,3.044000,-0.387000,-0.010000,1
5.077923,-17.305000,-51.838001,1.998000,95.676003,20.514000,25.486000,169.300995,0.000000,0.000000,0.000000,0.000000,0.000000,0.000000,0.120000,250.000000,-1010.000000,-153.000000,-1448.000000,240.000000,-43.000000,-21.000000,22.000000,22.000000,22.000000,22.000000,22.000000,22.000000,22.000000,37.000000,38.000000,39.000000,40.000000,40.000000,40.000000,43.000000,1,1,1,1,1,1,1,0,0,0,0,0,0,0,75,5400.357910,1218,0,1,0.656947,-0.009999,-0.272000,3.046000,-0.379000,-0.010000,1
5.088116,-16.886000,-52.500000,1.713000,96.557999,20.355000,26.150000,169.057999,0.000000,0.000000,0.000000,0.000000,0.000000,0.000000,0.120000,250.000000,-1010.000000,-153.000000,-1448.000000,240.000000,-43.000000,-21.000000,22.000000,22.000000,22.000000,22.000000,22.000000,22.000000,22.000000,37.000000,38.000000,39.000000,40.000000,40.000000,40.000000,43.000000,1,1,1,1,1,1,1,0,0,0,0,0,0,0,75,5400.359863,1218,0,1,0.649319,-0.009999,-0.272000,3.049000,-0.364000,-0.010000,1
5.098000,-16.482000,-53.153000,1.431000,97.428001,20.193001,26.819000,168.819000,0.000000,0.000000,0.000000,0.000000,0.000000,0.000000,0.120000,250.000000,-1010.000000,-153.000000,-1448.000000,240.000000,-43.000000,-21.000000,22.000000,22.000000,22.000000,22.000000,22.000000,22.000000,22.000000,37.000000,38.000000,39.000000,40.000000,40.000000,40.000000,43.000000,1,1,1,1,1,1,1,0,0,0,0,0,0,0,75,5400.359863,1217,0,1,0.641658,-0.009999,-0.272000,3.052000,-0.349000,-0.010000,1
5.107970,-16.091999,-53.792999,1.154000,98.285004,20.030001,27.490000,168.584000,0.000000,0.000000,0.000000,0.000000,0.000000,0.000000,0.120000,250.000000,-1010.000000,-153.000000,-1448.000000,240.000000,-43.000000,-21.000000,22.000000,22.000000,22.000000,22.000000,22.000000,22.000000,22.000000,37.000000,38.000000,39.000000,40.000000,40.000000,40.000000,43.000000,1,1,1,1,1,1,1,0,0,0,0,0,0,0,75,5400.356934,1218,0,1,0.633982,-0.009999,-0.272000,3.054000,-0.334000,-0.010000,1
5.118023,-15.643000,-54.542999,0.829000,99.296997,19.832001,28.292000,168.307007,0.000000,0.000000,0.000000,0.000000,0.000000,0.000000,0.120000,250.000000,-1010.000000,-153.000000,-1448.000000,240.000000,-43.000000,-21.000000,22.000000,22.000000,22.000000,22.000000,22.000000,22.000000,22.000000,37.000000,38.000000,39.000000,40.000000,40.000000,40.000000,43.000000,1,1,1,1,1,1,1,0,0,0,0,0,0,0,75,5400.359863,1218,0,1,0.624777,-0.009999,-0.272000,3.058000,-0.316000,-0.010000,1
5.127964,-15.284000,-55.152000,0.565000,100.125000,19.666000,28.954000,168.080994,0.000000,0.000000,0.000000,0.000000,0.000000,0.000000,0.120000,250.000000,-1010.000000,-153.000000,-1448.000000,240.000000,-43.000000,-21.000000,22.000000,22.000000,22.000000,22.000000,22.000000,22.000000,22.000000,37.000000,38.000000,39.000000,40.000000,40.000000,40.000000,43.000000,1,1,1,1,1,1,1,0,0,0,0,0,0,0,75,5400.357910,1218,0,1,0.617133,-0.009999,-0.271999,3.061000,-0.301000,-0.009000,1
5.137949,-14.940000,-55.745998,0.306000,100.940002,19.500000,29.608000,167.858994,0.000000,0.000000,0.000000,0.000000,0.000000,0.000000,0.120000,250.000000,-1010.000000,-153.000000,-1448.000000,240.000000,-43.000000,-21.000000,22.000000,22.000000,22.000000,22.000000,22.000000,22.000000,22.000000,37.000000,38.000000,39.000000,40.000000,40.000000,40.000000,43.000000,1,1,1,1,1,1,1,0,0,0,0,0,0,0,75,5400.357910,1217,0,1,0.609533,-0.009999,-0.271999,3.064000,-0.287000,-0.009000,1
5.148039,-14.610000,-56.323002,0.054000,101.741997,19.334000,30.249001,167.641006,0.000000,0.000000,0.000000,0.000000,0.000000,0.000000,0.120000,250.000000,-1010.000000,-153.000000,-1448.000000,240.000000,-43.000000,-21.000000,22.000000,22.000000,22.000000,22.000000,22.000000,22.000000,22.000000,37.000000,38.000000,39.000000,40.000000,40.000000,40.000000,43.000000,1,1,1,1,1,1,1,0,0,0,0,0,0,0,75,5400.359863,1217,0,1,0.601993,-0.009999,-0.272000,3.066000,-0.272000,-0.009000,1
5.157863,-14.293000,-56.882999,-0.190000,102.529999,19.169001,30.875999,167.427994,0.000000,0.000000,0.000000,0.000000,0.000000,0.000000,0.120000,250.000000,-1010.000000,-153.000000,-1448.000000,240.000000,-43.000000,-21.000000,22.000000,22.000000,22.000000,22.000000,22.000000,22.000000,22.000000,37.000000,38.000000,39.000000,40.000000,40.000000,40.000000,43.000000,1,1,1,1,1,1,1,0,0,0,0,0,0,0,75,5400.357910,1217,0,1,0.594532,-0.009999,-0.271999,3.069000,-0.258000,-0.009000,1
5.167951,-13.932000,-57.533001,-0.475000,103.458000,18.973000,31.603001,167.177994,0.000000,0.000000,0.000000,0.000000,0.000000,0.000000,0.120000,250.000000,-1010.000000,-153.000000,-1448.000000,240.000000,-43.000000,-21.000000,22.000000,22.000000,22.000000,22.000000,22.000000,22.000000,22.000000,37.000000,38.000000,39.000000,40.000000,40.000000,40.000000,43.000000,1,1,1,1,1,1,1,0,0,0,0,0,0,0,75,5400.359863,1217,0,1,0.585707,-0.009999,-0.271999,3.072000,-0.241000,-0.008000,1
5.177963,-13.646000,-58.054001,-0.704000,104.216003,18.812000,32.186001,166.975006,0.000000,0.000000,0.000000,0.000000,0.000000,0.000000,0.120000,250.000000,-1010.000000,-153.000000,-1448.000000,240.000000,-43.000000,-21.000000,22.000000,22.000000,22.000000,22.000000,22.000000,22.000000,22.000000,37.000000,38.000000,39.000000,40.000000,40.000000,40.000000,43.000000,1,1,1,1,1,1,1,0,0,0,0,0,0,0,75,5400.359863,1218,0,1,0.578477,-0.009999,-0.271999,3.075000,-0.227000,-0.008000,1
5.187992,-13.373000,-58.556999,-0.925000,104.961998,18.653999,32.745998,166.776001,0.000000,0.000000,0.000000,0.000000,0.000000,0.000000,0.120000,250.000000,-1010.000000,-153.000000,-1448.000000,240.000000,-43.000000,-21.000000,22.000000,22.000000,22.000000,22.000000,22.000000,22.000000,22.000000,37.000000,38.000000,39.000000,40.000000,40.000000,40.000000,43.000000,1,1,1,1,1,1,1,0,0,0,0,0,0,0,75,5400.359863,1217,0,1,0.571378,-0.009999,-0.271999,3.077000,-0.213000,-0.008000,1
5.198054,-13.112000,-59.042999,-1.139000,105.694000,18.497999,33.279999,166.582001,0.000000,0.000000,0.000000,0.000000,0.000000,0.000000,0.120000,250.000000,-1010.000000,-153.000000,-1448.000000,240.000000,-43.000000,-21.000000,22.000000,22.000000,22.000000,22.000000,22.000000,22.000000,22.000000,37.000000,38.000000,39.000000,40.000000,40.000000,40.000000,43.000000,1,1,1,1,1,1,1,0,0,0,0,0,0,0,75,5400.359863,1218,0,1,0.564425,-0.009999,-0.271999,3.080000,-0.200000,-0.007000,1
5.207959,-12.865000,-59.511002,-1.344000,106.413002,18.347000,33.786999,166.393005,0.000000,0.000000,0.000000,0.000000,0.000000,0.000000,0.120000,250.000000,-1010.000000,-153.000000,-1448.000000,240.000000,-43.000000,-21.000000,22.000000,22.000000,22.000000,22.000000,22.000000,22.000000,22.000000,37.000000,38.000000,39.000000,40.000000,40.000000,40.000000,43.000000,1,1,1,1,1,1,1,0,0,0,0,0,0,0,75,5400.356934,1218,0,1,0.557631,-0.009999,-0.271999,3.082000,-0.187000,-0.007000,1
5.218008,-12.723000,-59.783001,-1.464000,106.836998,18.257999,34.077000,166.281998,0.000000,0.000000,0.000000,0.000000,0.000000,0.000000,0.120000,250.000000,-1010.000000,-153.000000,-1448.000000,240.000000,-43.000000,-21.000000,22.000000,22.000000,22.000000,22.000000,22.000000,22.000000,22.000000,37.000000,38.000000,39.000000,40.000000,40.000000,40.000000,43.000000,1,1,1,1,1,1,1,0,0,0,0,0,0,0,75,5400.357910,1218,0,1,0.553637,-0.009999,-0.271999,3.084000,-0.180000,-0.007000,1
5.228005,-12.495000,-60.223000,-1.656000,107.535004,18.114000,34.537998,166.100998,0.000000,0.000000,0.000000,0.000000,0.000000,0.000000,0.120000,250.000000,-1010.000000,-153.000000,-1448.000000,240.000000,-43.000000,-21.000000,22.000000,22.000000,22.000000,22.000000,22.000000,22.000000,22.000000,37.000000,38.000000,39.000000,40.000000,40.000000,40.000000,43.000000,1,1,1,1,1,1,1,0,0,0,0,0,0,0,75,5400.357910,1217,0,1,0.547125,-0.009999,-0.271999,3.086000,-0.168000,-0.006000,1
5.237995,-12.280000,-60.646000,-1.839000,108.218002,17.974001,34.967999,165.925995,0.000000,0.000000,0.000000,0.000000,0.000000,0.000000,0.120000,250.000000,-1010.000000,-153.000000,-1448.000000,240.000000,-43.000000,-21.000000,22.000000,22.000000,22.000000,22.000000,22.000000,22.000000,22.000000,37.000000,38.000000,39.000000,40.000000,40.000000,40.000000,43.000000,1,1,1,1,1,1,1,0,0,0,0,0,0,0,75,5400.359863,1217,0,1,0.540804,-0.009999,-0.271999,3.088000,-0.156000,-0.006000,1
5.247983,-12.077000,-61.053001,-2.015000,108.888000,17.840000,35.367001,165.755005,0.000000,0.000000,0.000000,0.000000,0.000000,0.000000,0.120000,250.000000,-1010.000000,-153.000000,-1448.000000,240.000000,-43.000000,-21.000000,22.000000,22.000000,22.000000,22.000000,22.000000,22.000000,22.000000,37.000000,38.000000,39.000000,40.000000,40.000000,40.000000,43.000000,1,1,1,1,1,1,1,0,0,0,0,0,0,0,75,5400.357910,1217,0,1,0.534685,-0.009999,-0.271999,3.090000,-0.145000,-0.005000,1
5.257984,-11.848000,-61.520000,-2.214000,109.674004,17.687000,35.804001,165.557999,0.000000,0.000000,0.000000,0.000000,0.000000,0.000000,0.120000,250.000000,-1010.000000,-153.000000,-1448.000000,240.000000,-43.000000,-21.000000,22.000000,22.000000,22.000000,22.000000,22.000000,22.000000,22.000000,37.000000,38.000000,39.000000,40.000000,40.000000,40.000000,43.000000,1,1,1,1,1,1,1,0,0,0,0,0,0,0,75,5400.357910,1217,0,1,0.527621,-0.009999,-0.271999,3.093000,-0.132000,-0.005000,1
5.267962,-11.670000,-61.893002,-2.370000,110.314003,17.565001,36.132999,165.399002,0.000000,0.000000,0.000000,0.000000,0.000000,0.000000,0.120000,250.000000,-1010.000000,-153.000000,-1448.000000,240.000000,-43.000000,-21.000000,22.000000,22.000000,22.000000,22.000000,22.000000,22.000000,22.000000,37.000000,38.000000,39.000000,40.000000,40.000000,40.000000,43.000000,1,1,1,1,1,1,1,0,0,0,0,0,0,0,75,5400.359863,1218,0,1,0.521977,-0.009999,-0.271999,3.095000,-0.122000,-0.004000,1
5.278033,-11.502000,-62.250999,-2.518000,110.939003,17.451000,36.430000,165.246002,0.000000,0.000000,0.000000,0.000000,0.000000,0.000000,0.120000,250.000000,-1010.000000,-153.000000,-1448.000000,240.000000,-43.000000,-21.000000,22.000000,22.000000,22.000000,22.000000,22.000000,22.000000,22.000000,37.000000,38.000000,39.000000,40.000000,40.000000,40.000000,43.000000,1,1,1,1,1,1,1,0,0,0,0,0,0,0,75,5400.359863,1218,0,1,0.516559,-0.009999,-0.271999,3.097000,-0.112000,-0.004000,1
5.288114,-11.345000,-62.596001,-2.657000,111.550003,17.343000,36.695999,165.098999,0.000000,0.000000,0.000000,0.000000,0.000000,0.000000,0.120000,250.000000,-1010.000000,-153.000000,-1448.000000,240.000000,-43.000000,-21.000000,22.000000,22.000000,22.000000,22.000000,22.000000,22.000000,22.000000,37.000000,38.000000,39.000000,40.000000,40.000000,40.000000,43.000000,1,1,1,1,1,1,1,0,0,0,0,0,0,0,75,5400.356934,1217,0,1,0.511374,-0.009999,-0.271999,3.098000,-0.103000,-0.004000,1
5.298055,-11.171000,-62.993000,-2.813000,112.264000,17.222000,36.972000,164.931000,0.000000,0.000000,0.000000,0.000000,0.000000,0.000000,0.120000,250.000000,-1010.000000,-153.000000,-1448.000000,240.000000,-43.000000,-21.000000,22.000000,22.000000,22.000000,22.000000,22.000000,22.000000,22.000000,37.000000,38.000000,39.000000,40.000000,40.000000,40.000000,43.000000,1,1,1,1,1,1,1,0,0,0,0,0,0,0,75,5400.359863,1218,0,1,0.505463,-0.009999,-0.272000,3.100000,-0.093000,-0.003000,1
5.307954,-11.037000,-63.310001,-2.933000,112.844002,17.129000,37.168999,164.796997,0.000000,0.000000,0.000000,0.000000,0.000000,0.000000,0.120000,250.000000,-1010.000000,-153.000000,-1448.000000,240.000000,-43.000000,-21.000000,22.000000,22.000000,22.000000,22.000000,22.000000,22.000000,22.000000,37.000000,38.000000,39.000000,40.000000,40.000000,40.000000,43.000000,1,1,1,1,1,1,1,0,0,0,0,0,0,0,75,5400.357910,1217,0,1,0.500799,-0.009999,-0.272000,3.102000,-0.085000,-0.003000,1
5.317956,-10.912000,-63.617001,-3.045000,113.408997,17.042999,37.335999,164.667999,0.000000,0.000000,0.000000,0.000000,0.000000,0.000000,0.120000,250.000000,-1010.000000,-153.000000,-1448.000000,240.000000,-43.000000,-21.000000,22.000000,22.000000,22.000000,22.000000,22.000000,22.000000,22.000000,37.000000,38.000000,39.000000,40.000000,40.000000,40.000000,43.000000,1,1,1,1,1,1,1,0,0,0,0,0,0,0,75,5400.357910,1218,0,1,0.496375,-0.009999,-0.271999,3.103000,-0.078000,-0.002000,1
5.327967,-10.842000,-63.796001,-3.109000,113.740997,16.995001,37.422001,164.593994,0.000000,0.000000,0.000000,0.000000,0.000000,0.000000,0.120000,250.000000,-1010.000000,-153.000000,-1448.000000,240.000000,-43.000000,-21.000000,22.000000,22.000000,22.000000,22.000000,22.000000,22.000000,22.000000,37.000000,38.000000,39.000000,40.000000,40.000000,40.000000,43.000000,1,1,1,1,1,1,1,0,0,0,0,0,0,0,75,5400.359863,1217,0,1,0.493836,-0.009999,-0.272000,3.104000,-0.074000,-0.002000,1
5.337944,-10.690000,-64.199997,-3.245000,114.495003,16.893000,37.583000,164.429993,0.000000,0.000000,0.000000,0.000000,0.000000,0.000000,0.120000,250.000000,-1010.000000,-153.000000,-1448.000000,240.000000,-43.000000,-21.000000,22.000000,22.000000,22.000000,22.000000,22.000000,22.000000,22.000000,37.000000,38.000000,39.000000,40.000000,40.000000,40.000000,43.000000,1,1,1,1,1,1,1,0,0,0,0,0,0,0,75,5400.359863,1218,0,1,0.488242,-0.009999,-0.272000,3.105000,-0.065000,-0.002000,1
5.347912,-10.630000,-64.366997,-3.299000,114.809998,16.853001,37.634998,164.363007,0.000000,0.000000,0.000000,0.000000,0.000000,0.000000,0.120000,250.000000,-1010.000000,-153.000000,-1448.000000,240.000000,-43.000000,-21.000000,22.000000,22.000000,22.000000,22.000000,22.000000,22.000000,22.000000,37.000000,38.000000,39.000000,40.000000,40.000000,40.000000,43.000000,1,1,1,1,1,1,1,0,0,0,0,0,0,0,75,5400.359863,1218,0,1,0.485986,-0.009999,-0.272000,3.106000,-0.062000,-0.001000,1
5.357984,-10.537000,-64.639999,-3.382000,115.323997,16.792999,37.701000,164.255997,0.000000,0.000000,0.000000,0.000000,0.000000,0.000000,0.120000,250.000000,-1010.000000,-153.000000,-1448.000000,240.000000,-43.000000,-21.000000,22.000000,22.000000,22.000000,22.000000,22.000000,22.000000,22.000000,37.000000,38.000000,39.000000,40.000000,40.000000,40.000000,43.000000,1,1,1,1,1,1,1,0,0,0,0,0,0,0,75,5400.357910,1217,0,1,0.482410,-0.009999,-0.272000,3.107000,-0.057000,-0.001000,1
5.368047,-10.453000,-64.904999,-3.457000,115.823997,16.740000,37.742001,164.154007,0.000000,0.000000,0.000000,0.000000,0.000000,0.000000,0.120000,250.000000,-1010.000000,-153.000000,-1448.000000,240.000000,-43.000000,-21.000000,22.000000,22.000000,22.000000,22.000000,22.000000,22.000000,22.000000,37.000000,38.000000,39.000000,40.000000,40.000000,40.000000,43.000000,1,1,1,1,1,1,1,0,0,0,0,0,0,0,75,5400.357910,1217,0,1,0.479059,-0.009999,-0.272000,3.108000,-0.052000,-0.001000,1
5.378022,-10.375000,-65.163002,-3.526000,116.310997,16.693001,37.758999,164.057999,0.000000,0.000000,0.000000,0.000000,0.000000,0.000000,0.120000,250.000000,-1010.000000,-153.000000,-1448.000000,240.000000,-43.000000,-21.000000,22.000000,22.000000,22.000000,22.000000,22.000000,22.000000,22.000000,37.000000,38.000000,39.000000,40.000000,40.000000,40.000000,43.000000,1,1,1,1,1,1,1,0,0,0,0,0,0,0,75,5400.359863,1218,0,1,0.475928,-0.009999,-0.272000,3.109000,-0.048000,-0.001000,1
5.388157,-10.292000,-65.464996,-3.598000,116.877998,16.646000,37.749001,163.949997,0.000000,0.000000,0.000000,0.000000,0.000000,0.000000,0.120000,250.000000,-1010.000000,-153.000000,-1448.000000,240.000000,-43.000000,-21.000000,22.000000,22.000000,22.000000,22.000000,22.000000,22.000000,22.000000,37.000000,38.000000,39.000000,40.000000,40.000000,40.000000,43.000000,1,1,1,1,1,1,1,0,0,0,0,0,0,0,75,5400.359863,1218,0,1,0.472448,-0.009999,-0.272000,3.110000,-0.043000,0.000000,1
5.398061,-10.230000,-65.709000,-3.651000,117.336998,16.614000,37.717999,163.865997,0.000000,0.000000,0.000000,0.000000,0.000000,0.000000,0.120000,250.000000,-1010.000000,-153.000000,-1448.000000,240.000000,-43.000000,-21.000000,22.000000,22.000000,22.000000,22.000000,22.000000,22.000000,22.000000,37.000000,38.000000,39.000000,40.000000,40.000000,40.000000,43.000000,1,1,1,1,1,1,1,0,0,0,0,0,0,0,75,5400.359863,1218,0,1,0.469768,-0.009999,-0.272000,3.110000,-0.040000,0.000000,1
5.407932,-10.174000,-65.948997,-3.697000,117.785004,16.587999,37.667000,163.785995,0.000000,0.000000,0.000000,0.000000,0.000000,0.000000,0.120000,250.000000,-1010.000000,-153.000000,-1448.000000,240.000000,-43.000000,-21.000000,22.000000,22.000000,22.000000,22.000000,22.000000,22.000000,22.000000,37.000000,38.000000,39.000000,40.000000,40.000000,40.000000,43.000000,1,1,1,1,1,1,1,0,0,0,0,0,0,0,75,5400.357910,1217,0,1,0.467277,-0.009999,-0.272000,3.111000,-0.038000,0.000000,1
5.417972,-10.124000,-66.183998,-3.738000,118.221001,16.568001,37.597000,163.710999,0.000000,0.000000,0.000000,0.000000,0.000000,0.000000,0.120000,250.000000,-1010.000000,-153.000000,-1448.000000,240.000000,-43.000000,-21.000000,22.000000,22.000000,22.000000,22.000000,22.000000,22.000000,22.000000,37.000000,38.000000,39.000000,40.000000,40.000000,40.000000,43.000000,1,1,1,1,1,1,1,0,0,0,0,0,0,0,75,5400.357910,1217,0,1,0.464964,-0.009999,-0.272000,3.111000,-0.035000,0.000000,1
5.427960,-10.071000,-66.460999,-3.779000,118.732002,16.549999,37.492001,163.626999,0.000000,0.000000,0.000000,0.000000,0.000000,0.000000,0.120000,250.000000,-1010.000000,-153.000000,-1448.000000,240.000000,-43.000000,-21.000000,22.000000,22.000000,22.000000,22.000000,22.000000,22.000000,22.000000,37.000000,38.000000,39.000000,40.000000,40.000000,40.000000,43.000000,1,1,1,1,1,1,1,0,0,0,0,0,0,0,75,5400.357910,1218,0,1,0.462405,-0.009999,-0.272000,3.112000,-0.033000,0.000000,1
5.437977,-10.031000,-66.688004,-3.808000,119.147003,16.541000,37.388000,163.561005,0.000000,0.000000,0.000000,0.000000,0.000000,0.000000,0.120000,250.000000,-1010.000000,-153.000000,-1448.000000,240.000000,-43.000000,-21.000000,22.000000,22.000000,22.000000,22.000000,22.000000,22.000000,22.000000,37.000000,38.000000,39.000000,40.000000,40.000000,40.000000,43.000000,1,1,1,1,1,1,1,0,0,0,0,0,0,0,75,5400.359863,1217,0,1,0.460436,-0.009999,-0.272000,3.112000,-0.032000,0.000000,1
5.447971,-9.996000,-66.912003,-3.832000,119.553001,16.535999,37.271000,163.498001,0.000000,0.000000,0.000000,0.000000,0.000000,0.000000,0.120000,250.000000,-1010.000000,-153.000000,-1448.000000,240.000000,-43.000000,-21.000000,22.000000,22.000000,22.000000,22.000000,22.000000,22.000000,22.000000,37.000000,38.000000,39.000000,40.000000,40.000000,40.000000,43.000000,1,1,1,1,1,1,1,0,0,0,0,0,0,0,75,5400.357910,1217,0,1,0.458601,-0.009999,-0.272000,3.112000,-0.031000,0.000000,1
5.457989,-9.977000,-67.044998,-3.845000,119.793999,16.535999,37.195000,163.462006,0.000000,0.000000,0.000000,0.000000,0.000000,0.000000,0.120000,250.000000,-1010.000000,-153.000000,-1448.000000,240.000000,-43.000000,-21.000000,22.000000,22.000000,22.000000,22.000000,22.000000,22.000000,22.000000,37.000000,38.000000,39.000000,40.000000,40.000000,40.000000,43.000000,1,1,1,1,1,1,1,0,0,0,0,0,0,0,75,5400.357910,1218,0,1,0.457558,-0.009999,-0.272000,3.112000,-0.030000,0.000000,1
5.468025,-9.948000,-67.264999,-3.862000,120.189003,16.537001,37.061001,163.404999,0.000000,0.000000,0.000000,0.000000,0.000000,0.000000,0.120000,250.000000,-1010.000000,-153.000000,-1448.000000,240.000000,-43.000000,-21.000000,22.000000,22.000000,22.000000,22.000000,22.000000,22.000000,22.000000,37.000000,38.000000,39.000000,40.000000,40.000000,40.000000,43.000000,1,1,1,1,1,1,1,0,0,0,0,0,0,0,75,5400.357910,1218,0,1,0.455904,-0.009999,-0.272000,3.112000,-0.029000,0.000000,1
5.477990,-9.916000,-67.526001,-3.880000,120.654999,16.542999,36.888000,163.337997,0.000000,0.000000,0.000000,0.000000,0.000000,0.000000,0.120000,250.000000,-1010.000000,-153.000000,-1448.000000,240.000000,-43.000000,-21.000000,22.000000,22.000000,22.000000,22.000000,22.000000,22.000000,22.000000,37.000000,38.000000,39.000000,40.000000,40.000000,40.000000,43.000000,1,1,1,1,1,1,1,0,0,0,0,0,0,0,75,5400.357910,1217,0,1,0.454040,-0.009999,-0.272000,3.112000,-0.029000,0.000000,1
5.488053,-9.892000,-67.742996,-3.891000,121.037003,16.549999,36.737000,163.285004,0.000000,0.000000,0.000000,0.000000,0.000000,0.000000,0.120000,250.000000,-1010.000000,-153.000000,-1448.000000,240.000000,-43.000000,-21.000000,22.000000,22.000000,22.000000,22.000000,22.000000,22.000000,22.000000,37.000000,38.000000,39.000000,40.000000,40.000000,40.000000,43.000000,1,1,1,1,1,1,1,0,0,0,0,0,0,0,75,5400.359863,1217,0,1,0.452566,-0.009999,-0.272000,3.112000,-0.029000,0.000000,1
5.497954,-9.870000,-67.958000,-3.901000,121.417000,16.559999,36.581001,163.233994,0.000000,0.000000,0.000000,0.000000,0.000000,0.000000,0.120000,250.000000,-1010.000000,-153.000000,-1448.000000,240.000000,-43.000000,-21.000000,22.000000,22.000000,22.000000,22.000000,22.000000,22.000000,22.000000,37.000000,38.000000,39.000000,40.000000,40.000000,40.000000,43.000000,1,1,1,1,1,1,1,0,0,0,0,0,0,0,75,5400.359863,1218,0,1,0.451147,-0.009999,-0.272000,3.112000,-0.029000,0.000000,1
5.507940,-9.849000,-68.171997,-3.910000,121.792999,16.570999,36.422001,163.182999,0.000000,0.000000,0.000000,0.000000,0.000000,0.000000,0.120000,250.000000,-1010.000000,-153.000000,-1448.000000,240.000000,-43.000000,-21.000000,22.000000,22.000000,22.000000,22.000000,22.000000,22.000000,22.000000,37.000000,38.000000,39.000000,40.000000,40.000000,40.000000,43.000000,1,1,1,1,1,1,1,0,0,0,0,0,0,0,75,5400.359863,1218,0,1,0.449764,-0.009999,-0.272000,3.112000,-0.029000,0.000000,1
5.517950,-9.836000,-68.300003,-3.915000,122.017998,16.577000,36.326000,163.153000,0.000000,0.000000,0.000000,0.000000,0.000000,0.000000,0.120000,250.000000,-1010.000000,-153.000000,-1448.000000,240.000000,-43.000000,-21.000000,22.000000,22.000000,22.000000,22.000000,22.000000,22.000000,22.000000,37.000000,38.000000,39.000000,40.000000,40.000000,40.000000,43.000000,1,1,1,1,1,1,1,0,0,0,0,0,0,0,75,5400.359863,1218,0,1,0.448944,-0.009999,-0.272000,3.113000,-0.029000,0.000000,1
5.528090,-9.802000,-68.641998,-3.931000,122.614998,16.594000,36.070000,163.072006,0.000000,0.000000,0.000000,0.000000,0.000000,0.000000,0.120000,250.000000,-1010.000000,-153.000000,-1448.000000,240.000000,-43.000000,-21.000000,22.000000,22.000000,22.000000,22.000000,22.000000,22.000000,22.000000,37.000000,38.000000,39.000000,40.000000,40.000000,40.000000,43.000000,1,1,1,1,1,1,1,0,0,0,0,0,0,0,75,5400.357910,1218,0,1,0.446767,-0.010010,-0.272000,3.113000,-0.029000,0.000000,0
5.538007,-9.781000,-68.856003,-3.939000,122.987000,16.606001,35.911999,163.022003,0.000000,0.000000,0.000000,0.000000,0.000000,0.000000,0.120000,250.000000,-1010.000000,-153.000000,-1448.000000,240.000000,-43.000000,-21.000000,22.000000,22.000000,22.000000,22.000000,22.000000,22.000000,22.000000,37.000000,38.000000,39.000000,40.000000,40.000000,40.000000,43.000000,1,1,1,1,1,1,1,0,0,0,0,0,0,0,75,5400.357910,1217,0,1,0.445406,-0.010011,-0.272000,3.113000,-0.028000,0.000000,0
5.547982,-9.768000,-69.070999,-3.938000,123.358002,16.621000,35.756001,162.977997,0.000000,0.000000,0.000000,0.000000,0.000000,0.000000,0.120000,250.000000,-1010.000000,-153.000000,-1448.000000,240.000000,-43.000000,-21.000000,22.000000,22.000000,22.000000,22.000000,22.000000,22.000000,22.000000,37.000000,38.000000,39.000000,40.000000,40.000000,40.000000,43.000000,1,1,1,1,1,1,1,0,0,0,0,0,0,0,75,5400.359863,1218,0,1,0.444045,-0.009973,-0.272000,3.113000,-0.028000,0.000000,0
5.558051,-9.765000,-69.200996,-3.930000,123.580002,16.634001,35.662998,162.957001,0.000000,0.000000,0.000000,0.000000,0.000000,0.000000,0.120000,250.000000,-1010.000000,-153.000000,-1448.000000,240.000000,-43.000000,-21.000000,22.000000,22.000000,22.000000,22.000000,22.000000,22.000000,22.000000,37.000000,38.000000,39.000000,40.000000,40.000000,40.000000,43.000000,1,1,1,1,1,1,1,0,0,0,0,0,0,0,75,5400.359863,1217,0,1,0.443231,-0.009919,-0.272000,3.113000,-0.029000,0.000000,0
5.568004,-9.772000,-69.420998,-3.897000,123.946999,16.664000,35.513000,162.932999,0.000000,0.000000,0.000000,0.000000,0.000000,0.000000,0.120000,250.000000,-1010.000000,-153.000000,-1448.000000,240.000000,-43.000000,-21.000000,22.000000,22.000000,22.000000,22.000000,22.000000,22.000000,22.000000,37.000000,38.000000,39.000000,40.000000,40.000000,40.000000,43.000000,1,1,1,1,1,1,1,0,0,0,0,0,0,0,75,5400.357910,1217,0,1,0.441880,-0.009757,-0.272000,3.112000,-0.028000,0.000000,0
5.577967,-9.804000,-69.691002,-3.822000,124.389999,16.716000,35.335999,162.925003,0.000000,0.000000,0.000000,0.000000,0.000000,0.000000,0.120000,250.000000,-1010.000000,-153.000000,-1448.000000,240.000000,-43.000000,-21.000000,22.000000,22.000000,22.000000,22.000000,22.000000,22.000000,22.000000,37.000000,38.000000,39.000000,40.000000,40.000000,40.000000,43.000000,1,1,1,1,1,1,1,0,0,0,0,0,0,0,75,5400.357910,1217,0,1,0.440248,-0.009427,-0.272000,3.112000,-0.028000,0.000000,3
5.588048,-9.853000,-69.945000,-3.721000,124.793999,16.777000,35.179001,162.938004,0.000000,0.000000,0.000000,0.000000,0.000000,0.000000,0.120000,250.000000,-1010.000000,-153.000000,-1448.000000,240.000000,-43.000000,-21.000000,22.000000,22.000000,22.000000,22.000000,22.000000,22.000000,22.000000,37.000000,38.000000,39.000000,40.000000,40.000000,40.000000,43.000000,1,1,1,1,1,1,1,0,0,0,0,0,0,0,75,5400.357910,1218,0,1,0.438753,-0.008999,-0.272000,3.112000,-0.028000,0.000000,3
5.597989,-9.934000,-70.235001,-3.566000,125.244003,16.864000,35.009998,162.979004,0.000000,0.000000,0.000000,0.000000,0.000000,0.000000,0.120000,250.000000,-1010.000000,-153.000000,-1448.000000,240.000000,-43.000000,-21.000000,22.000000,22.000000,22.000000,22.000000,22.000000,22.000000,22.000000,37.000000,38.000000,39.000000,40.000000,40.000000,40.000000,43.000000,1,1,1,1,1,1,1,0,0,0,0,0,0,0,75,5400.357910,1218,0,1,0.437085,-0.008367,-0.272000,3.112000,-0.028000,0.000000,3
5.607958,-10.052000,-70.547997,-3.350000,125.711998,16.980000,34.840000,163.052994,0.000000,0.000000,0.000000,0.000000,0.000000,0.000000,0.120000,250.000000,-1010.000000,-153.000000,-1448.000000,240.000000,-43.000000,-21.000000,22.000000,22.000000,22.000000,22.000000,22.000000,22.000000,22.000000,37.000000,38.000000,39.000000,40.000000,40.000000,40.000000,43.000000,1,1,1,1,1,1,1,0,0,0,0,0,0,0,75,5400.357910,1217,0,1,0.435338,-0.007512,-0.272000,3.112000,-0.028000,0.000000,3
5.618011,-10.138000,-70.736000,-3.196000,125.985001,17.059999,34.745998,163.113998,0.000000,0.000000,0.000000,0.000000,0.000000,0.000000,0.120000,250.000000,-1010.000000,-153.000000,-1448.000000,240.000000,-43.000000,-21.000000,22.000000,22.000000,22.000000,22.000000,22.000000,22.000000,22.000000,37.000000,38.000000,39.000000,40.000000,40.000000,40.000000,43.000000,1,1,1,1,1,1,1,0,0,0,0,0,0,0,75,5400.359863,1217,0,1,0.434317,-0.006909,-0.272000,3.112000,-0.028000,0.000000,3
5.628015,-10.417000,-71.220001,-2.705000,126.653000,17.313000,34.528999,163.328995,0.000000,0.000000,0.000000,0.000000,0.000000,0.000000,0.120000,250.000000,-1010.000000,-153.000000,-1448.000000,240.000000,-43.000000,-21.000000,22.000000,22.000000,22.000000,22.000000,22.000000,22.000000,22.000000,37.000000,38.000000,39.000000,40.000000,40.000000,40.000000,43.000000,1,1,1,1,1,1,1,0,0,0,0,0,0,0,75,5400.359863,1218,0,1,0.431788,-0.005016,-0.272000,3.112000,-0.028000,0.000000,3
5.637903,-10.627000,-71.507004,-2.342000,127.022003,17.497000,34.422001,163.501007,0.000000,0.000000,0.000000,0.000000,0.000000,0.000000,0.120000,250.000000,-1010.000000,-153.000000,-1448.000000,240.000000,-43.000000,-21.000000,22.000000,22.000000,22.000000,22.000000,22.000000,22.000000,22.000000,37.000000,38.000000,39.000000,40.000000,40.000000,40.000000,43.000000,1,1,1,1,1,1,1,0,0,0,0,0,0,0,75,5400.357910,1217,0,1,0.430371,-0.003639,-0.272000,3.112000,-0.028000,0.000000,3
5.647963,-10.861000,-71.778999,-1.941000,127.348000,17.698999,34.338001,163.701004,0.000000,0.000000,0.000000,0.000000,0.000000,0.000000,0.120000,250.000000,-1010.000000,-153.000000,-1448.000000,240.000000,-43.000000,-21.000000,22.000000,22.000000,22.000000,22.000000,22.000000,22.000000,22.000000,37.000000,38.000000,39.000000,40.000000,40.000000,40.000000,43.000000,1,1,1,1,1,1,1,0,0,0,0,0,0,0,75,5400.357910,1217,0,1,0.429097,-0.002129,-0.272000,3.112000,-0.028000,0.000000,3
5.657955,-11.117000,-72.032997,-1.505000,127.626999,17.917000,34.278000,163.925995,0.000000,0.000000,0.000000,0.000000,0.000000,0.000000,0.120000,250.000000,-1010.000000,-153.000000,-1448.000000,240.000000,-43.000000,-21.000000,22.000000,22.000000,22.000000,22.000000,22.000000,22.000000,22.000000,37.000000,38.000000,39.000000,40.000000,40.000000,40.000000,43.000000,1,1,1,1,1,1,1,0,0,0,0,0,0,0,75,5400.359863,1218,0,1,0.427977,-0.000501,-0.272000,3.112000,-0.028000,0.000000,3
5.667983,-11.281000,-72.176003,-1.230000,127.771004,18.055000,34.254002,164.072006,0.000000,0.000000,0.000000,0.000000,0.000000,0.000000,0.120000,250.000000,-1010.000000,-153.000000,-1448.000000,240.000000,-43.000000,-21.000000,22.000000,22.000000,22.000000,22.000000,22.000000,22.000000,22.000000,37.000000,38.000000,39.000000,40.000000,40.000000,40.000000,43.000000,1,1,1,1,1,1,1,0,0,0,0,0,0,0,75,5400.357910,1217,0,1,0.427385,0.000525,-0.272000,3.112000,-0.028000,0.000000,3
5.677995,-11.567000,-72.397003,-0.750000,127.969002,18.292999,34.235001,164.332001,0.000000,0.000000,0.000000,0.000000,0.000000,0.000000,0.120000,250.000000,-1010.000000,-153.000000,-1448.000000,240.000000,-43.000000,-21.000000,22.000000,22.000000,22.000000,22.000000,22.000000,22.000000,22.000000,37.000000,38.000000,39.000000,40.000000,40.000000,40.000000,43.000000,1,1,1,1,1,1,1,0,0,0,0,0,0,0,75,5400.359863,1218,0,1,0.426536,0.002309,-0.272000,3.112000,-0.028000,0.000000,3
5.687953,-11.930000,-72.629997,-0.147000,128.136002,18.590000,34.244999,164.667999,0.000000,0.000000,0.000000,0.000000,0.000000,0.000000,0.120000,250.000000,-1010.000000,-153.000000,-1448.000000,240.000000,-43.000000,-21.000000,22.000000,22.000000,22.000000,22.000000,22.000000,22.000000,22.000000,37.000000,38.000000,39.000000,40.000000,40.000000,40.000000,43.000000,1,1,1,1,1,1,1,0,0,0,0,0,0,0,75,5400.356934,1217,0,1,0.425756,0.004548,-0.272000,3.112000,-0.028000,0.000000,3
5.697905,-12.245000,-72.795998,0.369000,128.214005,18.844000,34.280998,164.964996,0.000000,0.000000,0.000000,0.000000,0.000000,0.000000,0.120000,250.000000,-1010.000000,-153.000000,-1448.000000,240.000000,-43.000000,-21.000000,22.000000,22.000000,22.000000,22.000000,22.000000,22.000000,22.000000,37.000000,38.000000,39.000000,40.000000,40.000000,40.000000,43.000000,1,1,1,1,1,1,1,0,0,0,0,0,0,0,75,5400.357910,1217,0,1,0.425312,0.006473,-0.272000,3.112000,-0.028000,0.000000,3
5.707866,-12.569000,-72.933998,0.893000,128.235001,19.099001,34.341999,165.272003,0.000000,0.000000,0.000000,0.000000,0.000000,0.000000,0.120000,250.000000,-1010.000000,-153.000000,-1448.000000,240.000000,-43.000000,-21.000000,22.000000,22.000000,22.000000,22.000000,22.000000,22.000000,22.000000,37.000000,38.000000,39.000000,40.000000,40.000000,40.000000,43.000000,1,1,1,1,1,1,1,0,0,0,0,0,0,0,75,5400.357910,1218,0,1,0.425060,0.008433,-0.272000,3.112000,-0.028000,0.000000,3
5.717936,-12.964000,-73.060997,1.521000,128.184006,19.403000,34.445999,165.651001,0.000000,0.000000,0.000000,0.000000,0.000000,0.000000,0.120000,250.000000,-1010.000000,-153.000000,-1448.000000,240.000000,-43.000000,-21.000000,22.000000,22.000000,22.000000,22.000000,22.000000,22.000000,22.000000,37.000000,38.000000,39.000000,40.000000,40.000000,40.000000,43.000000,1,1,1,1,1,1,1,0,0,0,0,0,0,0,75,5400.359863,1218,0,1,0.425015,0.010803,-0.272000,3.113000,-0.028000,0.000000,3
5.727889,-13.296000,-73.133003,2.037000,128.080002,19.650000,34.558998,165.970993,0.000000,0.000000,0.000000,0.000000,0.000000,0.000000,0.120000,250.000000,-1010.000000,-153.000000,-1448.000000,240.000000,-43.000000,-21.000000,22.000000,22.000000,22.000000,22.000000,22.000000,22.000000,22.000000,37.000000,38.000000,39.000000,40.000000,40.000000,40.000000,43.000000,1,1,1,1,1,1,1,0,0,0,0,0,0,0,75,5400.357910,1218,0,1,0.425192,0.012771,-0.272000,3.113000,-0.028000,0.000000,3
5.737884,-13.626000,-73.172997,2.540000,127.920998,19.888000,34.692001,166.289993,0.000000,0.000000,0.000000,0.000000,0.000000,0.000000,0.120000,250.000000,-1010.000000,-153.000000,-1448.000000,240.000000,-43.000000,-21.000000,22.000000,22.000000,22.000000,22.000000,22.000000,22.000000,22.000000,37.000000,38.000000,39.000000,40.000000,40.000000,40.000000,43.000000,1,1,1,1,1,1,1,0,0,0,0,0,0,0,75,5400.356934,1217,0,1,0.425562,0.014712,-0.272000,3.113000,-0.028000,0.000000,3
5.747893,-13.951000,-73.181000,3.023000,127.708000,20.114000,34.845001,166.604996,0.000000,0.000000,0.000000,0.000000,0.000000,0.000000,0.120000,250.000000,-1010.000000,-153.000000,-1448.000000,240.000000,-43.000000,-21.000000,22.000000,22.000000,22.000000,22.000000,22.000000,22.000000,22.000000,37.000000,38.000000,39.000000,40.000000,40.000000,40.000000,43.000000,1,1,1,1,1,1,1,0,0,0,0,0,0,0,75,5400.357910,1218,0,1,0.426122,0.016607,-0.272000,3.113000,-0.028000,0.000000,3
5.757924,-14.143000,-73.169998,3.302000,127.556000,20.242001,34.945000,166.791000,0.000000,0.000000,0.000000,0.000000,0.000000,0.000000,0.120000,250.000000,-1010.000000,-153.000000,-1448.000000,240.000000,-43.000000,-21.000000,22.000000,22.000000,22.000000,22.000000,22.000000,22.000000,22.000000,37.000000,38.000000,39.000000,40.000000,40.000000,40.000000,43.000000,1,1,1,1,1,1,1,0,0,0,0,0,0,0,75,5400.357910,1217,0,1,0.426546,0.017714,-0.272000,3.113000,-0.028000,0.000000,3
5.767908,-14.454000,-73.125999,3.743000,127.264000,20.443001,35.125999,167.091995,0.000000,0.000000,0.000000,0.000000,0.000000,0.000000,0.120000,250.000000,-1010.000000,-153.000000,-1448.000000,240.000000,-43.000000,-21.000000,22.000000,22.000000,22.000000,22.000000,22.000000,22.000000,22.000000,37.000000,38.000000,39.000000,40.000000,40.000000,40.000000,43.000000,1,1,1,1,1,1,1,0,0,0,0,0,0,0,75,5400.356934,1218,0,1,0.427397,0.019497,-0.272000,3.113000,-0.028000,0.000000,3
5.777936,-14.753000,-73.047997,4.152000,126.926003,20.624001,35.320999,167.380997,0.000000,0.000000,0.000000,0.000000,0.000000,0.000000,0.120000,250.000000,-1010.000000,-153.000000,-1448.000000,240.000000,-43.000000,-21.000000,22.000000,22.000000,22.000000,22.000000,22.000000,22.000000,22.000000,37.000000,38.000000,39.000000,40.000000,40.000000,40.000000,43.000000,1,1,1,1,1,1,1,0,0,0,0,0,0,0,75,5400.359863,1217,0,1,0.428420,0.021187,-0.272000,3.113000,-0.028000,0.000000,3
5.788091,-15.037000,-72.939003,4.524000,126.545998,20.785000,35.528999,167.654007,0.000000,0.000000,0.000000,0.000000,0.000000,0.000000,0.120000,250.000000,-1010.000000,-153.000000,-1448.000000,240.000000,-43.000000,-21.000000,22.000000,22.000000,22.000000,22.000000,22.000000,22.000000,22.000000,37.000000,38.000000,39.000000,40.000000,40.000000,40.000000,43.000000,1,1,1,1,1,1,1,0,0,0,0,0,0,0,75,5400.359863,1217,0,1,0.429605,0.022768,-0.272000,3.113000,-0.028000,0.000000,3
5.798192,-15.303000,-72.799004,4.856000,126.128998,20.923000,35.747002,167.908997,0.000000,0.000000,0.000000,0.000000,0.000000,0.000000,0.120000,250.000000,-1010.000000,-153.000000,-1448.000000,240.000000,-43.000000,-21.000000,22.000000,22.000000,22.000000,22.000000,22.000000,22.000000,22.000000,37.000000,38.000000,39.000000,40.000000,40.000000,40.000000,43.000000,1,1,1,1,1,1,1,0,0,0,0,0,0,0,75,5400.359863,1218,0,1,0.430940,0.024225,-0.272000,3.113000,-0.028000,0.000000,3
5.807982,-15.596000,-72.592003,5.199000,125.585999,21.058001,36.019001,168.188004,0.000000,0.000000,0.000000,0.000000,0.000000,0.000000,0.120000,250.000000,-1010.000000,-153.000000,-1448.000000,240.000000,-43.000000,-21.000000,22.000000,22.000000,22.000000,22.000000,22.000000,22.000000,22.000000,37.000000,38.000000,39.000000,40.000000,40.000000,40.000000,43.000000,1,1,1,1,1,1,1,0,0,0,0,0,0,0,75,5400.357910,1217,0,1,0.432722,0.025788,-0.272000,3.113000,-0.028000,0.000000,3
5.817891,-15.814000,-72.388000,5.435000,125.102997,21.143999,36.250999,168.393997,0.000000,0.000000,0.000000,0.000000,0.000000,0.000000,0.120000,250.000000,-1010.000000,-153.000000,-1448.000000,240.000000,-43.000000,-21.000000,22.000000,22.000000,22.000000,22.000000,22.000000,22.000000,22.000000,37.000000,38.000000,39.000000,40.000000,40.000000,40.000000,43.000000,1,1,1,1,1,1,1,0,0,0,0,0,0,0,75,5400.357910,1218,0,1,0.434339,0.026922,-0.272000,3.113000,-0.028000,0.000000,3
5.827870,-16.007999,-72.158997,5.625000,124.598999,21.205000,36.486000,168.574997,0.000000,0.000000,0.000000,0.000000,0.000000,0.000000,0.120000,250.000000,-1010.000000,-153.000000,-1448.000000,240.000000,-43.000000,-21.000000,22.000000,22.000000,22.000000,22.000000,22.000000,22.000000,22.000000,37.000000,38.000000,39.000000,40.000000,40.000000,40.000000,43.000000,1,1,1,1,1,1,1,0,0,0,0,0,0,0,75,5400.357910,1217,0,1,0.436059,0.027891,-0.272000,3.113000,-0.028000,0.000000,3
5.837950,-16.167999,-71.916000,5.763000,124.098999,21.240999,36.713001,168.725006,0.000000,0.000000,0.000000,0.000000,0.000000,0.000000,0.120000,250.000000,-1010.000000,-153.000000,-1448.000000,240.000000,-43.000000,-21.000000,22.000000,22.000000,22.000000,22.000000,22.000000,22.000000,22.000000,37.000000,38.000000,39.000000,40.000000,40.000000,40.000000,43.000000,1,1,1,1,1,1,1,0,0,0,0,0,0,0,75,5400.357910,1218,0,1,0.437793,0.028656,-0.272000,3.113000,-0.028000,0.000000,3
5.847909,-16.309000,-71.639000,5.862000,123.559998,21.253000,36.950001,168.856003,0.000000,0.000000,0.000000,0.000000,0.000000,0.000000,0.120000,250.000000,-1010.000000,-153.000000,-1448.000000,240.000000,-43.000000,-21.000000,22.000000,22.000000,22.000000,22.000000,22.000000,22.000000,22.000000,37.000000,38.000000,39.000000,40.000000,40.000000,40.000000,43.000000,1,1,1,1,1,1,1,0,0,0,0,0,0,0,75,5400.359863,1217,0,1,0.439692,0.029282,-0.272000,3.113000,-0.028000,0.000000,3
5.858038,-16.389999,-71.428001,5.903000,123.168999,21.246000,37.118000,168.934006,0.000000,0.000000,0.000000,0.000000,0.000000,0.000000,0.120000,250.000000,-1010.000000,-153.000000,-1448.000000,240.000000,-43.000000,-21.000000,22.000000,22.000000,22.000000,22.000000,22.000000,22.000000,22.000000,37.000000,38.000000,39.000000,40.000000,40.000000,40.000000,43.000000,1,1,1,1,1,1,1,0,0,0,0,0,0,0,75,5400.357910,1217,0,1,0.441090,0.029614,-0.272000,3.113000,-0.028000,0.000000,3
5.868035,-16.429001,-71.305000,5.915000,122.945999,21.236000,37.212002,168.970993,0.000000,0.000000,0.000000,0.000000,0.000000,0.000000,0.120000,250.000000,-1010.000000,-153.000000,-1448.000000,240.000000,-43.000000,-21.000000,22.000000,22.000000,22.000000,22.000000,22.000000,22.000000,22.000000,37.000000,38.000000,39.000000,40.000000,40.000000,40.000000,43.000000,1,1,1,1,1,1,1,0,0,0,0,0,0,0,75,5400.359863,1218,0,1,0.441894,0.029754,-0.272000,3.113000,-0.028000,0.000000,0
5.878019,-16.496000,-71.007004,5.910000,122.429001,21.197001,37.425999,169.035995,0.000000,0.000000,0.000000,0.000000,0.000000,0.000000,0.120000,250.000000,-1010.000000,-153.000000,-1448.000000,240.000000,-43.000000,-21.000000,22.000000,22.000000,22.000000,22.000000,22.000000,22.000000,22.000000,37.000000,38.000000,39.000000,40.000000,40.000000,40.000000,43.000000,1,1,1,1,1,1,1,0,0,0,0,0,0,0,75,5400.357910,1219,0,1,0.443780,0.029941,-0.272000,3.112000,-0.028000,0.000000,0
5.888131,-16.518000,-70.875999,5.897000,122.209000,21.174999,37.516998,169.057007,0.000000,0.000000,0.000000,0.000000,0.000000,0.000000,0.120000,250.000000,-1010.000000,-153.000000,-1448.000000,240.000000,-43.000000,-21.000000,22.000000,22.000000,22.000000,22.000000,22.000000,22.000000,22.000000,37.000000,38.000000,39.000000,40.000000,40.000000,40.000000,43.000000,1,1,1,1,1,1,1,0,0,0,0,0,0,0,75,5400.357910,1217,0,1,0.444592,0.029979,-0.272000,3.112000,-0.029000,0.000000,0
5.898198,-16.548000,-70.655998,5.868000,121.841003,21.135000,37.666000,169.087997,0.000000,0.000000,0.000000,0.000000,0.000000,0.000000,0.120000,250.000000,-1010.000000,-153.000000,-1448.000000,240.000000,-43.000000,-21.000000,22.000000,22.000000,22.000000,22.000000,22.000000,22.000000,22.000000,37.000000,38.000000,39.000000,40.000000,40.000000,40.000000,43.000000,1,1,1,1,1,1,1,0,0,0,0,0,0,0,75,5400.359863,1218,0,1,0.445947,0.030004,-0.272000,3.112000,-0.028000,0.000000,0
5.907961,-16.580000,-70.390999,5.826000,121.401001,21.084999,37.844002,169.119995,0.000000,0.000000,0.000000,0.000000,0.000000,0.000000,0.120000,250.000000,-1010.000000,-153.000000,-1448.000000,240.000000,-43.000000,-21.000000,22.000000,22.000000,22.000000,22.000000,22.000000,22.000000,22.000000,37.000000,38.000000,39.000000,40.000000,40.000000,40.000000,43.000000,1,1,1,1,1,1,1,0,0,0,0,0,0,0,75,5400.357910,1217,0,1,0.447572,0.030002,-0.272000,3.112000,-0.029000,0.000000,0
5.917935,-16.606001,-70.170998,5.791000,121.032997,21.042000,37.993999,169.147003,0.000000,0.000000,0.000000,0.000000,0.000000,0.000000,0.120000,250.000000,-1010.000000,-153.000000,-1448.000000,240.000000,-43.000000,-21.000000,22.000000,22.000000,22.000000,22.000000,22.000000,22.000000,22.000000,37.000000,38.000000,39.000000,40.000000,40.000000,40.000000,43.000000,1,1,1,1,1,1,1,0,0,0,0,0,0,0,75,5400.357910,1217,0,1,0.448928,0.029999,-0.272000,3.112000,-0.029000,0.000000,1
5.927929,-16.632000,-69.949997,5.757000,120.664001,21.000999,38.144001,169.175003,0.000000,0.000000,0.000000,0.000000,0.000000,0.000000,0.120000,250.000000,-1010.000000,-153.000000,-1448.000000,240.000000,-43.000000,-21.000000,22.000000,22.000000,22.000000,22.000000,22.000000,22.000000,22.000000,37.000000,38.000000,39.000000,40.000000,40.000000,40.000000,43.000000,1,1,1,1,1,1,1,0,0,0,0,0,0,0,75,5400.357910,1218,0,1,0.450295,0.029999,-0.272000,3.112000,-0.029000,0.000000,1
5.937891,-16.666000,-69.684998,5.719000,120.218002,20.952000,38.320000,169.210999,0.000000,0.000000,0.000000,0.000000,0.000000,0.000000,0.120000,250.000000,-1010.000000,-153.000000,-1448.000000,240.000000,-43.000000,-21.000000,22.000000,22.000000,22.000000,22.000000,22.000000,22.000000,22.000000,37.000000,38.000000,39.000000,40.000000,40.000000,40.000000,43.000000,1,1,1,1,1,1,1,0,0,0,0,0,0,0,75,5400.357910,1217,0,1,0.451970,0.029999,-0.272000,3.112000,-0.029000,0.000000,1
5.947869,-16.695999,-69.464996,5.689000,119.845001,20.914000,38.459999,169.242004,0.000000,0.000000,0.000000,0.000000,0.000000,0.000000,0.120000,250.000000,-1010.000000,-153.000000,-1448.000000,240.000000,-43.000000,-21.000000,22.000000,22.000000,22.000000,22.000000,22.000000,22.000000,22.000000,37.000000,38.000000,39.000000,40.000000,40.000000,40.000000,43.000000,1,1,1,1,1,1,1,0,0,0,0,0,0,0,75,5400.357910,1218,0,1,0.453417,0.029999,-0.272000,3.112000,-0.029000,0.000000,1
5.958144,-16.716000,-69.334000,5.672000,119.620003,20.892000,38.541000,169.261993,0.000000,0.000000,0.000000,0.000000,0.000000,0.000000,0.120000,250.000000,-1010.000000,-153.000000,-1448.000000,240.000000,-43.000000,-21.000000,22.000000,22.000000,22.000000,22.000000,22.000000,22.000000,22.000000,37.000000,38.000000,39.000000,40.000000,40.000000,40.000000,43.000000,1,1,1,1,1,1,1,0,0,0,0,0,0,0,75,5400.359863,1217,0,1,0.454315,0.029999,-0.272000,3.112000,-0.029000,0.000000,1
5.967910,-16.750999,-69.114998,5.647000,119.242996,20.858000,38.667000,169.296005,0.000000,0.000000,0.000000,0.000000,0.000000,0.000000,0.120000,250.000000,-1010.000000,-153.000000,-1448.000000,240.000000,-43.000000,-21.000000,22.000000,22.000000,22.000000,22.000000,22.000000,22.000000,22.000000,37.000000,38.000000,39.000000,40.000000,40.000000,40.000000,43.000000,1,1,1,1,1,1,1,0,0,0,0,0,0,0,75,5400.359863,1218,0,1,0.455875,0.029999,-0.272000,3.112000,-0.030000,0.000000,1
5.977880,-16.790001,-68.897003,5.625000,118.862999,20.827999,38.782001,169.334000,0.000000,0.000000,0.000000,0.000000,0.000000,0.000000,0.120000,250.000000,-1010.000000,-153.000000,-1448.000000,240.000000,-43.000000,-21.000000,22.000000,22.000000,22.000000,22.000000,22.000000,22.000000,22.000000,37.000000,38.000000,39.000000,40.000000,40.000000,40.000000,43.000000,1,1,1,1,1,1,1,0,0,0,0,0,0,0,75,5400.359863,1218,0,1,0.457529,0.029999,-0.272000,3.112000,-0.031000,0.000000,1
5.987925,-16.844000,-68.636002,5.604000,118.402000,20.797001,38.898998,169.382996,0.000000,0.000000,0.000000,0.000000,0.000000,0.000000,0.120000,250.000000,-1010.000000,-153.000000,-1448.000000,240.000000,-43.000000,-21.000000,22.000000,22.000000,22.000000,22.000000,22.000000,22.000000,22.000000,37.000000,38.000000,39.000000,40.000000,40.000000,40.000000,43.000000,1,1,1,1,1,1,1,0,0,0,0,0,0,0,75,5400.359863,1218,0,1,0.459661,0.029999,-0.272000,3.112000,-0.032000,0.000000,1
5.997891,-16.895000,-68.419998,5.592000,118.014999,20.777000,38.979000,169.427002,0.000000,0.000000,0.000000,0.000000,0.000000,0.000000,0.120000,250.000000,-1010.000000,-153.000000,-1448.000000,240.000000,-43.000000,-21.000000,22.000000,22.000000,22.000000,22.000000,22.000000,22.000000,22.000000,37.000000,38.000000,39.000000,40.000000,40.000000,40.000000,43.000000,1,1,1,1,1,1,1,0,0,0,0,0,0,0,75,5400.359863,1218,0,1,0.461578,0.029999,-0.272000,3.112000,-0.034000,0.000000,1
6.007875,-16.952999,-68.205002,5.584000,117.623001,20.761999,39.039001,169.475998,0.000000,0.000000,0.000000,0.000000,0.000000,0.000000,0.120000,250.000000,-1010.000000,-153.000000,-1448.000000,240.000000,-43.000000,-21.000000,22.000000,22.000000,22.000000,22.000000,22.000000,22.000000,22.000000,37.000000,38.000000,39.000000,40.000000,40.000000,40.000000,43.000000,1,1,1,1,1,1,1,0,0,0,0,0,0,0,75,5400.359863,1218,0,1,0.463640,0.029999,-0.272000,3.111000,-0.036000,0.000000,1
6.017941,-17.031000,-67.946999,5.583000,117.147003,20.750999,39.082001,169.539001,0.000000,0.000000,0.000000,0.000000,0.000000,0.000000,0.120000,250.000000,-1010.000000,-153.000000,-1448.000000,240.000000,-43.000000,-21.000000,22.000000,22.000000,22.000000,22.000000,22.000000,22.000000,22.000000,37.000000,38.000000,39.000000,40.000000,40.000000,40.000000,43.000000,1,1,1,1,1,1,1,0,0,0,0,0,0,0,75,5400.357910,1217,0,1,0.466326,0.029999,-0.272000,3.111000,-0.038000,0.000000,1
6.027936,-17.106001,-67.732002,5.588000,116.745003,20.750000,39.091999,169.597000,0.000000,0.000000,0.000000,0.000000,0.000000,0.000000,0.120000,250.000000,-1010.000000,-153.000000,-1448.000000,240.000000,-43.000000,-21.000000,22.000000,22.000000,22.000000,22.000000,22.000000,22.000000,22.000000,37.000000,38.000000,39.000000,40.000000,40.000000,40.000000,43.000000,1,1,1,1,1,1,1,0,0,0,0,0,0,0,75,5400.356934,1217,0,1,0.468755,0.030000,-0.272000,3.110000,-0.041000,0.000000,1
6.037918,-17.188999,-67.517998,5.600000,116.336998,20.754000,39.076000,169.660004,0.000000,0.000000,0.000000,0.000000,0.000000,0.000000,0.120000,250.000000,-1010.000000,-153.000000,-1448.000000,240.000000,-43.000000,-21.000000,22.000000,22.000000,22.000000,22.000000,22.000000,22.000000,22.000000,37.000000,38.000000,39.000000,40.000000,40.000000,40.000000,43.000000,1,1,1,1,1,1,1,0,0,0,0,0,0,0,75,5400.359863,1218,0,1,0.471371,0.030000,-0.271999,3.109000,-0.045000,0.000000,1
6.047878,-17.243000,-67.389000,5.610000,116.089996,20.761000,39.053001,169.699997,0.000000,0.000000,0.000000,0.000000,0.000000,0.000000,0.120000,250.000000,-1010.000000,-153.000000,-1448.000000,240.000000,-43.000000,-21.000000,22.000000,22.000000,22.000000,22.000000,22.000000,22.000000,22.000000,37.000000,38.000000,39.000000,40.000000,40.000000,40.000000,43.000000,1,1,1,1,1,1,1,0,0,0,0,0,0,0,75,5400.359863,1217,0,1,0.473035,0.030000,-0.272000,3.109000,-0.047000,-0.001000,1
6.057886,-17.341999,-67.172997,5.633000,115.674004,20.777000,38.992001,169.770996,0.000000,0.000000,0.000000,0.000000,0.000000,0.000000,0.120000,250.000000,-1010.000000,-153.000000,-1448.000000,240.000000,-43.000000,-21.000000,22.000000,22.000000,22.000000,22.000000,22.000000,22.000000,22.000000,37.000000,38.000000,39.000000,40.000000,40.000000,40.000000,43.000000,1,1,1,1,1,1,1,0,0,0,0,0,0,0,75,5400.359863,1217,0,1,0.475973,0.030000,-0.272000,3.108000,-0.052000,-0.001000,1
6.067951,-17.451000,-66.956001,5.663000,115.250999,20.801001,38.901001,169.845993,0.000000,0.000000,0.000000,0.000000,0.000000,0.000000,0.120000,250.000000,-1010.000000,-153.000000,-1448.000000,240.000000,-43.000000,-21.000000,22.000000,22.000000,22.000000,22.000000,22.000000,22.000000,22.000000,37.000000,38.000000,39.000000,40.000000,40.000000,40.000000,43.000000,1,1,1,1,1,1,1,0,0,0,0,0,0,0,75,5400.359863,1218,0,1,0.479124,0.030000,-0.271999,3.107000,-0.057000,-0.001000,1
6.077927,-17.596001,-66.692001,5.710000,114.736000,20.840000,38.748001,169.945007,0.000000,0.000000,0.000000,0.000000,0.000000,0.000000,0.120000,250.000000,-1010.000000,-153.000000,-1448.000000,240.000000,-43.000000,-21.000000,22.000000,22.000000,22.000000,22.000000,22.000000,22.000000,22.000000,37.000000,38.000000,39.000000,40.000000,40.000000,40.000000,43.000000,1,1,1,1,1,1,1,0,0,0,0,0,0,0,75,5400.359863,1217,0,1,0.483198,0.030000,-0.271999,3.106000,-0.064000,-0.002000,1
6.087942,-17.729000,-66.469002,5.758000,114.299004,20.882000,38.584000,170.033005,0.000000,0.000000,0.000000,0.000000,0.000000,0.000000,0.120000,250.000000,-1010.000000,-153.000000,-1448.000000,240.000000,-43.000000,-21.000000,22.000000,22.000000,22.000000,22.000000,22.000000,22.000000,22.000000,37.000000,38.000000,39.000000,40.000000,40.000000,40.000000,43.000000,1,1,1,1,1,1,1,0,0,0,0,0,0,0,75,5400.357910,1218,0,1,0.486845,0.030000,-0.271999,3.105000,-0.070000,-0.002000,1
6.097952,-17.875000,-66.240997,5.814000,113.853996,20.931000,38.384998,170.126007,0.000000,0.000000,0.000000,0.000000,0.000000,0.000000,0.120000,250.000000,-1010.000000,-153.000000,-1448.000000,240.000000,-43.000000,-21.000000,22.000000,22.000000,22.000000,22.000000,22.000000,22.000000,22.000000,37.000000,38.000000,39.000000,40.000000,40.000000,40.000000,43.000000,1,1,1,1,1,1,1,0,0,0,0,0,0,0,75,5400.357910,1217,0,1,0.490726,0.030000,-0.271999,3.103000,-0.077000,-0.002000,1
6.107920,-18.033001,-66.009003,5.880000,113.403000,20.989000,38.150002,170.225998,0.000000,0.000000,0.000000,0.000000,0.000000,0.000000,0.120000,250.000000,-1010.000000,-153.000000,-1448.000000,240.000000,-43.000000,-21.000000,22.000000,22.000000,22.000000,22.000000,22.000000,22.000000,22.000000,37.000000,38.000000,39.000000,40.000000,40.000000,40.000000,43.000000,1,1,1,1,1,1,1,0,0,0,0,0,0,0,75,5400.357910,1217,0,1,0.494844,0.030000,-0.271999,3.102000,-0.085000,-0.003000,1
6.117966,-18.240999,-65.721001,5.970000,112.850998,21.070000,37.818001,170.352997,0.000000,0.000000,0.000000,0.000000,0.000000,0.000000,0.120000,250.000000,-1010.000000,-153.000000,-1448.000000,240.000000,-43.000000,-21.000000,22.000000,22.000000,22.000000,22.000000,22.000000,22.000000,22.000000,37.000000,38.000000,39.000000,40.000000,40.000000,40.000000,43.000000,1,1,1,1,1,1,1,0,0,0,0,0,0,0,75,5400.357910,1217,0,1,0.500103,0.030000,-0.271999,3.100000,-0.095000,-0.003000,1
6.127974,-18.427999,-65.473000,6.056000,112.380997,21.146000,37.500000,170.464996,0.000000,0.000000,0.000000,0.000000,0.000000,0.000000,0.120000,250.000000,-1010.000000,-153.000000,-1448.000000,240.000000,-43.000000,-21.000000,22.000000,22.000000,22.000000,22.000000,22.000000,22.000000,22.000000,37.000000,38.000000,39.000000,40.000000,40.000000,40.000000,43.000000,1,1,1,1,1,1,1,0,0,0,0,0,0,0,75,5400.357910,1218,0,1,0.504751,0.030000,-0.271999,3.098000,-0.104000,-0.004000,1
6.137969,-18.629999,-65.216003,6.152000,111.903999,21.231001,37.144001,170.582993,0.000000,0.000000,0.000000,0.000000,0.000000,0.000000,0.120000,250.000000,-1010.000000,-153.000000,-1448.000000,240.000000,-43.000000,-21.000000,22.000000,22.000000,22.000000,22.000000,22.000000,22.000000,22.000000,37.000000,38.000000,39.000000,40.000000,40.000000,40.000000,43.000000,1,1,1,1,1,1,1,0,0,0,0,0,0,0,75,5400.357910,1218,0,1,0.509639,0.030000,-0.271999,3.096000,-0.113000,-0.004000,1
6.147922,-18.846001,-64.948997,6.258000,111.417000,21.323999,36.749001,170.705994,0.000000,0.000000,0.000000,0.000000,0.000000,0.000000,0.120000,250.000000,-1010.000000,-153.000000,-1448.000000,240.000000,-43.000000,-21.000000,22.000000,22.000000,22.000000,22.000000,22.000000,22.000000,22.000000,37.000000,38.000000,39.000000,40.000000,40.000000,40.000000,43.000000,1,1,1,1,1,1,1,0,0,0,0,0,0,0,75,5400.359863,1217,0,1,0.514764,0.030000,-0.271999,3.094000,-0.124000,-0.005000,1
6.157894,-19.077000,-64.669998,6.374000,110.920998,21.424999,36.314999,170.835007,0.000000,0.000000,0.000000,0.000000,0.000000,0.000000,0.120000,250.000000,-1010.000000,-153.000000,-1448.000000,240.000000,-43.000000,-21.000000,22.000000,22.000000,22.000000,22.000000,22.000000,22.000000,22.000000,37.000000,38.000000,39.000000,40.000000,40.000000,40.000000,43.000000,1,1,1,1,1,1,1,0,0,0,0,0,0,0,75,5400.357910,1218,0,1,0.520124,0.030000,-0.271999,3.092000,-0.134000,-0.005000,1
6.167925,-19.223000,-64.496002,6.449000,110.617996,21.489000,36.036999,170.916000,0.000000,0.000000,0.000000,0.000000,0.000000,0.000000,0.120000,250.000000,-1010.000000,-153.000000,-1448.000000,240.000000,-43.000000,-21.000000,22.000000,22.000000,22.000000,22.000000,22.000000,22.000000,22.000000,37.000000,38.000000,39.000000,40.000000,40.000000,40.000000,43.000000,1,1,1,1,1,1,1,0,0,0,0,0,0,0,75,5400.359863,1218,0,1,0.523450,0.030000,-0.271999,3.091000,-0.141000,-0.005000,1
6.177910,-19.479000,-64.195999,6.581000,110.106003,21.603001,35.542000,171.054001,0.000000,0.000000,0.000000,0.000000,0.000000,0.000000,0.120000,250.000000,-1010.000000,-153.000000,-1448.000000,240.000000,-43.000000,-21.000000,22.000000,22.000000,22.000000,22.000000,22.000000,22.000000,22.000000,37.000000,38.000000,39.000000,40.000000,40.000000,40.000000,43.000000,1,1,1,1,1,1,1,0,0,0,0,0,0,0,75,5400.357910,1218,0,1,0.529173,0.030000,-0.271999,3.089000,-0.153000,-0.006000,1
6.187933,-19.750000,-63.880001,6.725000,109.582001,21.724001,35.009998,171.197998,0.000000,0.000000,0.000000,0.000000,0.000000,0.000000,0.120000,250.000000,-1010.000000,-153.000000,-1448.000000,240.000000,-43.000000,-21.000000,22.000000,22.000000,22.000000,22.000000,22.000000,22.000000,22.000000,37.000000,38.000000,39.000000,40.000000,40.000000,40.000000,43.000000,1,1,1,1,1,1,1,0,0,0,0,0,0,0,75,5400.359863,1218,0,1,0.535114,0.030000,-0.271999,3.086000,-0.165000,-0.006000,1
6.197974,-20.097000,-63.480000,6.911000,108.938004,21.878000,34.324001,171.378006,0.000000,0.000000,0.000000,0.000000,0.000000,0.000000,0.120000,250.000000,-1010.000000,-153.000000,-1448.000000,240.000000,-43.000000,-21.000000,22.000000,22.000000,22.000000,22.000000,22.000000,22.000000,22.000000,37.000000,38.000000,39.000000,40.000000,40.000000,40.000000,43.000000,1,1,1,1,1,1,1,0,0,0,0,0,0,0,75,5400.359863,1218,0,1,0.542520,0.030000,-0.271999,3.084000,-0.181000,-0.007000,1
6.207925,-20.403999,-63.126999,7.078000,108.387001,22.014000,33.715000,171.533997,0.000000,0.000000,0.000000,0.000000,0.000000,0.000000,0.120000,250.000000,-1010.000000,-153.000000,-1448.000000,240.000000,-43.000000,-21.000000,22.000000,22.000000,22.000000,22.000000,22.000000,22.000000,22.000000,37.000000,38.000000,39.000000,40.000000,40.000000,40.000000,43.000000,1,1,1,1,1,1,1,0,0,0,0,0,0,0,75,5400.357910,1217,0,1,0.548910,0.030000,-0.271999,3.081000,-0.194000,-0.007000,1
6.217924,-20.728001,-62.755001,7.256000,107.821999,22.156000,33.074001,171.695999,0.000000,0.000000,0.000000,0.000000,0.000000,0.000000,0.120000,250.000000,-1010.000000,-153.000000,-1448.000000,240.000000,-43.000000,-21.000000,22.000000,22.000000,22.000000,22.000000,22.000000,22.000000,22.000000,37.000000,38.000000,39.000000,40.000000,40.000000,40.000000,43.000000,1,1,1,1,1,1,1,0,0,0,0,0,0,0,75,5400.359863,1217,0,1,0.555487,0.030000,-0.271999,3.078000,-0.208000,-0.008000,1
6.227961,-20.930000,-62.522999,7.368000,107.475998,22.243999,32.674000,171.796005,0.000000,0.000000,0.000000,0.000000,0.000000,0.000000,0.120000,250.000000,-1010.000000,-153.000000,-1448.000000,240.000000,-43.000000,-21.000000,22.000000,22.000000,22.000000,22.000000,22.000000,22.000000,22.000000,37.000000,38.000000,39.000000,40.000000,40.000000,40.000000,43.000000,1,1,1,1,1,1,1,0,0,0,0,0,0,0,75,5400.357910,1218,0,1,0.559518,0.030000,-0.271999,3.077000,-0.217000,-0.008000,1
6.237919,-21.500000,-61.868000,7.684000,106.526001,22.486000,31.562000,172.070999,0.000000,0.000000,0.000000,0.000000,0.000000,0.000000,0.120000,250.000000,-1010.000000,-153.000000,-1448.000000,240.000000,-43.000000,-21.000000,22.000000,22.000000,22.000000,22.000000,22.000000,22.000000,22.000000,37.000000,38.000000,39.000000,40.000000,40.000000,40.000000,43.000000,1,1,1,1,1,1,1,0,0,0,0,0,0,0,75,5400.359863,1217,0,1,0.570554,0.030000,-0.271999,3.072000,-0.240000,-0.008000,1
6.247973,-21.879000,-61.431000,7.895000,105.908997,22.642000,30.837000,172.251007,0.000000,0.000000,0.000000,0.000000,0.000000,0.000000,0.120000,250.000000,-1010.000000,-153.000000,-1448.000000,240.000000,-43.000000,-21.000000,22.000000,22.000000,22.000000,22.000000,22.000000,22.000000,22.000000,37.000000,38.000000,39.000000,40.000000,40.000000,40.000000,43.000000,1,1,1,1,1,1,1,0,0,0,0,0,0,0,75,5400.357910,1217,0,1,0.577643,0.030000,-0.271999,3.070000,-0.255000,-0.009000,1
6.257934,-22.114000,-61.158001,8.026000,105.529999,22.738001,30.391001,172.360992,0.000000,0.000000,0.000000,0.000000,0.000000,0.000000,0.120000,250.000000,-1010.000000,-153.000000,-1448.000000,240.000000,-43.000000,-21.000000,22.000000,22.000000,22.000000,22.000000,22.000000,22.000000,22.000000,37.000000,38.000000,39.000000,40.000000,40.000000,40.000000,43.000000,1,1,1,1,1,1,1,0,0,0,0,0,0,0,75,5400.357910,1218,0,1,0.581959,0.030000,-0.271999,3.068000,-0.264000,-0.009000,1
6.267911,-22.520000,-60.687000,8.253000,104.883003,22.896999,29.636000,172.550995,0.000000,0.000000,0.000000,0.000000,0.000000,0.000000,0.120000,250.000000,-1010.000000,-153.000000,-1448.000000,240.000000,-43.000000,-21.000000,22.000000,22.000000,22.000000,22.000000,22.000000,22.000000,22.000000,37.000000,38.000000,39.000000,40.000000,40.000000,40.000000,43.000000,1,1,1,1,1,1,1,0,0,0,0,0,0,0,75,5400.357910,1217,0,1,0.589248,0.030000,-0.271999,3.065000,-0.280000,-0.009000,1
6.277922,-22.943001,-60.194000,8.488000,104.216003,23.058001,28.868000,172.746002,0.000000,0.000000,0.000000,0.000000,0.000000,0.000000,0.120000,250.000000,-1010.000000,-153.000000,-1448.000000,240.000000,-43.000000,-21.000000,22.000000,22.000000,22.000000,22.000000,22.000000,22.000000,22.000000,37.000000,38.000000,39.000000,40.000000,40.000000,40.000000,43.000000,1,1,1,1,1,1,1,0,0,0,0,0,0,0,75,5400.356934,1218,0,1,0.596640,0.030000,-0.272000,3.062000,-0.295000,-0.009000,1
6.287967,-23.384001,-59.679001,8.732000,103.526001,23.219999,28.091000,172.947998,0.000000,0.000000,0.000000,0.000000,0.000000,0.000000,0.120000,250.000000,-1010.000000,-153.000000,-1448.000000,240.000000,-43.000000,-21.000000,22.000000,22.000000,22.000000,22.000000,22.000000,22.000000,22.000000,37.000000,38.000000,39.000000,40.000000,40.000000,40.000000,43.000000,1,1,1,1,1,1,1,0,0,0,0,0,0,0,75,5400.359863,1217,0,1,0.604118,0.029999,-0.272000,3.059000,-0.311000,-0.010000,1
6.297951,-23.843000,-59.144001,8.983000,102.813004,23.382999,27.309999,173.154999,0.000000,0.000000,0.000000,0.000000,0.000000,0.000000,0.120000,250.000000,-1010.000000,-153.000000,-1448.000000,240.000000,-43.000000,-21.000000,22.000000,22.000000,22.000000,22.000000,22.000000,22.000000,22.000000,37.000000,38.000000,39.000000,40.000000,40.000000,40.000000,43.000000,1,1,1,1,1,1,1,0,0,0,0,0,0,0,75,5400.359863,1217,0,1,0.611666,0.029999,-0.272000,3.056000,-0.327000,-0.010000,1
6.307879,-24.417000,-58.474998,9.294000,101.926003,23.577000,26.375999,173.410995,0.000000,0.000000,0.000000,0.000000,0.000000,0.000000,0.120000,250.000000,-1010.000000,-153.000000,-1448.000000,240.000000,-43.000000,-21.000000,22.000000,22.000000,22.000000,22.000000,22.000000,22.000000,22.000000,37.000000,38.000000,39.000000,40.000000,40.000000,40.000000,43.000000,1,1,1,1,1,1,1,0,0,0,0,0,0,0,75,5400.359863,1218,0,1,0.620789,0.029999,-0.272000,3.052000,-0.346000,-0.010000,1
6.317873,-24.914000,-57.896000,9.560000,101.158997,23.737000,25.603001,173.630997,0.000000,0.000000,0.000000,0.000000,0.000000,0.000000,0.120000,250.000000,-1010.000000,-153.000000,-1448.000000,240.000000,-43.000000,-21.000000,22.000000,22.000000,22.000000,22.000000,22.000000,22.000000,22.000000,37.000000,38.000000,39.000000,40.000000,40.000000,40.000000,43.000000,1,1,1,1,1,1,1,0,0,0,0,0,0,0,75,5400.359863,1217,0,1,0.628425,0.030000,-0.272000,3.049000,-0.361000,-0.010000,1
6.327915,-25.429001,-57.299999,9.831000,100.367996,23.895000,24.841000,173.856995,0.000000,0.000000,0.000000,0.000000,0.000000,0.000000,0.120000,250.000000,-1010.000000,-153.000000,-1448.000000,240.000000,-43.000000,-21.000000,22.000000,22.000000,22.000000,22.000000,22.000000,22.000000,22.000000,37.000000,38.000000,39.000000,40.000000,40.000000,40.000000,43.000000,1,1,1,1,1,1,1,0,0,0,0,0,0,0,75,5400.359863,1217,0,1,0.636073,0.029999,-0.271999,3.046000,-0.377000,-0.010000,1
6.337883,-25.959999,-56.688000,10.107000,99.551003,24.051001,24.094000,174.087997,0.000000,0.000000,0.000000,0.000000,0.000000,0.000000,0.120000,250.000000,-1010.000000,-153.000000,-1448.000000,240.000000,-43.000000,-21.000000,22.000000,22.000000,22.000000,22.000000,22.000000,22.000000,22.000000,37.000000,38.000000,39.000000,40.000000,40.000000,40.000000,43.000000,1,1,1,1,1,1,1,0,0,0,0,0,0,0,75,5400.357910,1218,0,1,0.643712,0.029999,-0.272000,3.043000,-0.393000,-0.010000,1
6.348110,-26.507999,-56.062000,10.386000,98.709999,24.202999,23.368000,174.324997,0.000000,0.000000,0.000000,0.000000,0.000000,0.000000,0.120000,250.000000,-1010.000000,-153.000000,-1448.000000,240.000000,-43.000000,-21.000000,22.000000,22.000000,22.000000,22.000000,22.000000,22.000000,22.000000,37.000000,38.000000,39.000000,40.000000,40.000000,40.000000,43.000000,1,1,1,1,1,1,1,0,0,0,0,0,0,0,75,5400.359863,1218,0,1,0.651323,0.029999,-0.271999,3.040000,-0.408000,-0.009000,1
6.357966,-27.187000,-55.294998,10.725000,97.667000,24.382000,22.530001,174.615997,0.000000,0.000000,0.000000,0.000000,0.000000,0.000000,0.120000,250.000000,-1010.000000,-153.000000,-1448.000000,240.000000,-43.000000,-21.000000,22.000000,22.000000,22.000000,22.000000,22.000000,22.000000,22.000000,37.000000,38.000000,39.000000,40.000000,40.000000,40.000000,43.000000,1,1,1,1,1,1,1,0,0,0,0,0,0,0,75,5400.359863,1218,0,1,0.660390,0.030000,-0.272000,3.036000,-0.426000,-0.009000,1
6.368160,-27.768000,-54.646000,11.008000,96.773003,24.525999,21.864000,174.865005,0.000000,0.000000,0.000000,0.000000,0.000000,0.000000,0.120000,250.000000,-1010.000000,-153.000000,-1448.000000,240.000000,-43.000000,-21.000000,22.000000,22.000000,22.000000,22.000000,22.000000,22.000000,22.000000,37.000000,38.000000,39.000000,40.000000,40.000000,40.000000,43.000000,1,1,1,1,1,1,1,0,0,0,0,0,0,0,75,5400.359863,1218,0,1,0.667869,0.029999,-0.272000,3.033000,-0.441000,-0.009000,1
6.377913,-28.363001,-53.987999,11.293000,95.856003,24.665001,21.232000,175.117996,0.000000,0.000000,0.000000,0.000000,0.000000,0.000000,0.120000,250.000000,-1010.000000,-153.000000,-1448.000000,240.000000,-43.000000,-21.000000,22.000000,22.000000,22.000000,22.000000,22.000000,22.000000,22.000000,37.000000,38.000000,39.000000,40.000000,40.000000,40.000000,43.000000,1,1,1,1,1,1,1,0,0,0,0,0,0,0,75,5400.357910,1218,0,1,0.675256,0.029999,-0.271999,3.030000,-0.455000,-0.009000,1
6.387976,-28.726000,-53.591999,11.463000,95.294998,24.747000,20.870001,175.272003,0.000000,0.000000,0.000000,0.000000,0.000000,0.000000,0.120000,250.000000,-1010.000000,-153.000000,-1448.000000,240.000000,-43.000000,-21.000000,22.000000,22.000000,22.000000,22.000000,22.000000,22.000000,22.000000,37.000000,38.000000,39.000000,40.000000,40.000000,40.000000,43.000000,1,1,1,1,1,1,1,0,0,0,0,0,0,0,75,5400.359863,1218,0,1,0.679637,0.030000,-0.272000,3.029000,-0.464000,-0.008000,1
6.397951,-29.339001,-52.928001,11.745000,94.345001,24.879000,20.299000,175.531998,0.000000,0.000000,0.000000,0.000000,0.000000,0.000000,0.120000,250.000000,-1010.000000,-153.000000,-1448.000000,240.000000,-43.000000,-21.000000,22.000000,22.000000,22.000000,22.000000,22.000000,22.000000,22.000000,37.000000,38.000000,39.000000,40.000000,40.000000,40.000000,43.000000,1,1,1,1,1,1,1,0,0,0,0,0,0,0,75,5400.356934,1218,0,1,0.686840,0.029999,-0.272000,3.026000,-0.478000,-0.008000,1
6.407895,-29.962999,-52.262001,12.026000,93.375999,25.006001,19.771000,175.796005,0.000000,0.000000,0.000000,0.000000,0.000000,0.000000,0.120000,250.000000,-1010.000000,-153.000000,-1448.000000,240.000000,-43.000000,-21.000000,22.000000,22.000000,22.000000,22.000000,22.000000,22.000000,22.000000,37.000000,38.000000,39.000000,40.000000,40.000000,40.000000,43.000000,1,1,1,1,1,1,1,0,0,0,0,0,0,0,75,5400.357910,1218,0,1,0.693906,0.029999,-0.271999,3.023000,-0.491000,-0.008000,1
6.417906,-30.594000,-51.598000,12.302000,92.389999,25.127001,19.288000,176.063004,0.000000,0.000000,0.000000,0.000000,0.000000,0.000000,0.120000,250.000000,-1010.000000,-153.000000,-1448.000000,240.000000,-43.000000,-21.000000,22.000000,22.000000,22.000000,22.000000,22.000000,22.000000,22.000000,37.000000,38.000000,39.000000,40.000000,40.000000,40.000000,43.000000,1,1,1,1,1,1,1,0,0,0,0,0,0,0,75,5400.359863,1218,0,1,0.700818,0.030000,-0.272000,3.020000,-0.504000,-0.007000,1
6.427911,-31.232000,-50.937000,12.574000,91.389000,25.242001,18.851999,176.332001,0.000000,0.000000,0.000000,0.000000,0.000000,0.000000,0.120000,250.000000,-1010.000000,-153.000000,-1448.000000,240.000000,-43.000000,-21.000000,22.000000,22.000000,22.000000,22.000000,22.000000,22.000000,22.000000,37.000000,38.000000,39.000000,40.000000,40.000000,40.000000,43.000000,1,1,1,1,1,1,1,0,0,0,0,0,0,0,75,5400.357910,1218,0,1,0.707562,0.029999,-0.271999,3.018000,-0.517000,-0.007000,1
6.437906,-31.872999,-50.280998,12.841000,90.375999,25.351000,18.466000,176.604004,0.000000,0.000000,0.000000,0.000000,0.000000,0.000000,0.120000,250.000000,-1010.000000,-153.000000,-1448.000000,240.000000,-43.000000,-21.000000,22.000000,22.000000,22.000000,22.000000,22.000000,22.000000,22.000000,37.000000,38.000000,39.000000,40.000000,40.000000,40.000000,43.000000,1,1,1,1,1,1,1,0,0,0,0,0,0,0,75,5400.357910,1217,0,1,0.714123,0.029999,-0.271999,3.015000,-0.529000,-0.006000,1
6.447878,-32.644001,-49.504002,13.151000,89.147003,25.475000,18.068001,176.929993,0.000000,0.000000,0.000000,0.000000,0.000000,0.000000,0.120000,250.000000,-1010.000000,-153.000000,-1448.000000,240.000000,-43.000000,-21.000000,22.000000,22.000000,22.000000,22.000000,22.000000,22.000000,22.000000,37.000000,38.000000,39.000000,40.000000,40.000000,40.000000,43.000000,1,1,1,1,1,1,1,0,0,0,0,0,0,0,75,5400.359863,1217,0,1,0.721738,0.030000,-0.271999,3.012000,-0.542000,-0.006000,1
6.457877,-33.285000,-48.866001,13.401000,88.114998,25.570999,17.794001,177.203003,0.000000,0.000000,0.000000,0.000000,0.000000,0.000000,0.120000,250.000000,-1010.000000,-153.000000,-1448.000000,240.000000,-43.000000,-21.000000,22.000000,22.000000,22.000000,22.000000,22.000000,22.000000,22.000000,37.000000,38.000000,39.000000,40.000000,40.000000,40.000000,43.000000,1,1,1,1,1,1,1,0,0,0,0,0,0,0,75,5400.359863,1217,0,1,0.727856,0.029999,-0.272000,3.010000,-0.553000,-0.005000,1
6.467979,-33.922001,-48.238998,13.642000,87.078003,25.660000,17.570999,177.475998,0.000000,0.000000,0.000000,0.000000,0.000000,0.000000,0.120000,250.000000,-1010.000000,-153.000000,-1448.000000,240.000000,-43.000000,-21.000000,22.000000,22.000000,22.000000,22.000000,22.000000,22.000000,22.000000,37.000000,38.000000,39.000000,40.000000,40.000000,40.000000,43.000000,1,1,1,1,1,1,1,0,0,0,0,0,0,0,75,5400.357910,1217,0,1,0.733757,0.029999,-0.271999,3.008000,-0.563000,-0.005000,1
6.477946,-34.553001,-47.624001,13.872000,86.039001,25.743000,17.400000,177.746994,0.000000,0.000000,0.000000,0.000000,0.000000,0.000000,0.120000,250.000000,-1010.000000,-153.000000,-1448.000000,240.000000,-43.000000,-21.000000,22.000000,22.000000,22.000000,22.000000,22.000000,22.000000,22.000000,37.000000,38.000000,39.000000,40.000000,40.000000,40.000000,43.000000,1,1,1,1,1,1,1,0,0,0,0,0,0,0,75,5400.359863,1218,0,1,0.739433,0.029999,-0.271999,3.005000,-0.572000,-0.004000,1
6.488035,-35.174000,-47.022999,14.092000,85.000999,25.818001,17.280001,178.016006,0.000000,0.000000,0.000000,0.000000,0.000000,0.000000,0.120000,250.000000,-1010.000000,-153.000000,-1448.000000,240.000000,-43.000000,-21.000000,22.000000,22.000000,22.000000,22.000000,22.000000,22.000000,22.000000,37.000000,38.000000,39.000000,40.000000,40.000000,40.000000,43.000000,1,1,1,1,1,1,1,0,0,0,0,0,0,0,75,5400.359863,1218,0,1,0.744877,0.030000,-0.271999,3.004000,-0.581000,-0.004000,1
6.498084,-35.903000,-46.320000,14.340000,83.758003,25.900000,17.202000,178.334000,0.000000,0.000000,0.000000,0.000000,0.000000,0.000000,0.120000,250.000000,-1010.000000,-153.000000,-1448.000000,240.000000,-43.000000,-21.000000,22.000000,22.000000,22.000000,22.000000,22.000000,22.000000,22.000000,37.000000,38.000000,39.000000,40.000000,40.000000,40.000000,43.000000,1,1,1,1,1,1,1,0,0,0,0,0,0,0,75,5400.357910,1218,0,1,0.751099,0.030000,-0.272000,3.001000,-0.591000,-0.003000,1
6.507934,-36.493999,-45.750999,14.533000,82.727997,25.959999,17.191000,178.595993,0.000000,0.000000,0.000000,0.000000,0.000000,0.000000,0.120000,250.000000,-1010.000000,-153.000000,-1448.000000,240.000000,-43.000000,-21.000000,22.000000,22.000000,22.000000,22.000000,22.000000,22.000000,22.000000,37.000000,38.000000,39.000000,40.000000,40.000000,40.000000,43.000000,1,1,1,1,1,1,1,0,0,0,0,0,0,0,75,5400.359863,1217,0,1,0.756021,0.030000,-0.272000,3.000000,-0.598000,-0.003000,1
6.517906,-37.068001,-45.198002,14.713000,81.705002,26.013000,17.226999,178.852997,0.000000,0.000000,0.000000,0.000000,0.000000,0.000000,0.120000,250.000000,-1010.000000,-153.000000,-1448.000000,240.000000,-43.000000,-21.000000,22.000000,22.000000,22.000000,22.000000,22.000000,22.000000,22.000000,37.000000,38.000000,39.000000,40.000000,40.000000,40.000000,43.000000,1,1,1,1,1,1,1,0,0,0,0,0,0,0,75,5400.359863,1217,0,1,0.760704,0.030000,-0.271999,2.998000,-0.605000,-0.002000,1
6.527892,-37.623001,-44.660999,14.879000,80.691002,26.058001,17.308001,179.104996,0.000000,0.000000,0.000000,0.000000,0.000000,0.000000,0.120000,250.000000,-1010.000000,-153.000000,-1448.000000,240.000000,-43.000000,-21.000000,22.000000,22.000000,22.000000,22.000000,22.000000,22.000000,22.000000,37.000000,38.000000,39.000000,40.000000,40.000000,40.000000,43.000000,1,1,1,1,1,1,1,0,0,0,0,0,0,0,75,5400.356934,1218,0,1,0.765149,0.029999,-0.271999,2.997000,-0.611000,-0.002000,1
6.537887,-37.945999,-44.347000,14.972000,80.087997,26.080999,17.378000,179.253006,0.000000,0.000000,0.000000,0.000000,0.000000,0.000000,0.120000,250.000000,-1010.000000,-153.000000,-1448.000000,240.000000,-43.000000,-21.000000,22.000000,22.000000,22.000000,22.000000,22.000000,22.000000,22.000000,37.000000,38.000000,39.000000,40.000000,40.000000,40.000000,43.000000,1,1,1,1,1,1,1,0,0,0,0,0,0,0,75,5400.360840,1217,0,1,0.767702,0.029999,-0.272000,2.996000,-0.615000,-0.002000,1
6.547884,-38.466000,-43.834999,15.117000,79.091003,26.114000,17.528000,179.494995,0.000000,0.000000,0.000000,0.000000,0.000000,0.000000,0.120000,250.000000,-1010.000000,-153.000000,-1448.000000,240.000000,-43.000000,-21.000000,22.000000,22.000000,22.000000,22.000000,22.000000,22.000000,22.000000,37.000000,38.000000,39.000000,40.000000,40.000000,40.000000,43.000000,1,1,1,1,1,1,1,0,0,0,0,0,0,0,75,5400.359863,1218,0,1,0.771772,0.030000,-0.271999,2.995000,-0.620000,-0.001000,1
6.557884,-39.060001,-43.242001,15.271000,77.912003,26.143999,17.760000,179.776993,0.000000,0.000000,0.000000,0.000000,0.000000,0.000000,0.120000,250.000000,-1010.000000,-153.000000,-1448.000000,240.000000,-43.000000,-21.000000,22.000000,22.000000,22.000000,22.000000,22.000000,22.000000,22.000000,37.000000,38.000000,39.000000,40.000000,40.000000,40.000000,43.000000,1,1,1,1,1,1,1,0,0,0,0,0,0,0,75,5400.357910,1218,0,1,0.776356,0.029999,-0.271999,2.993000,-0.626000,-0.001000,1
6.567866,-39.527000,-42.764000,15.385000,76.943001,26.160000,17.995001,180.005005,0.000000,0.000000,0.000000,0.000000,0.000000,0.000000,0.120000,250.000000,-1010.000000,-153.000000,-1448.000000,240.000000,-43.000000,-21.000000,22.000000,22.000000,22.000000,22.000000,22.000000,22.000000,22.000000,37.000000,38.000000,39.000000,40.000000,40.000000,40.000000,43.000000,1,1,1,1,1,1,1,0,0,0,0,0,0,0,75,5400.357910,1218,0,1,0.779934,0.030000,-0.271999,2.992000,-0.629000,-0.001000,1
6.577906,-39.708000,-42.577000,15.426000,76.558998,26.165001,18.099001,180.093994,0.000000,0.000000,0.000000,0.000000,0.000000,0.000000,0.120000,250.000000,-1010.000000,-153.000000,-1448.000000,240.000000,-43.000000,-21.000000,22.000000,22.000000,22.000000,22.000000,22.000000,22.000000,22.000000,37.000000,38.000000,39.000000,40.000000,40.000000,40.000000,43.000000,1,1,1,1,1,1,1,0,0,0,0,0,0,0,75,5400.357910,1217,0,1,0.781306,0.029999,-0.272000,2.992000,-0.631000,-0.001000,1
6.587992,-40.389000,-41.851002,15.572000,75.044998,26.172001,18.566000,180.438995,0.000000,0.000000,0.000000,0.000000,0.000000,0.000000,0.120000,250.000000,-1010.000000,-153.000000,-1448.000000,240.000000,-43.000000,-21.000000,22.000000,22.000000,22.000000,22.000000,22.000000,22.000000,22.000000,37.000000,38.000000,39.000000,40.000000,40.000000,40.000000,43.000000,1,1,1,1,1,1,1,0,0,0,0,0,0,0,75,5400.357910,1217,0,1,0.786470,0.030000,-0.272000,2.991000,-0.636000,0.000000,1
6.597955,-40.860001,-41.327000,15.661000,73.931000,26.165001,18.966999,180.686005,0.000000,0.000000,0.000000,0.000000,0.000000,0.000000,0.120000,250.000000,-1010.000000,-153.000000,-1448.000000,240.000000,-43.000000,-21.000000,22.000000,22.000000,22.000000,22.000000,22.000000,22.000000,22.000000,37.000000,38.000000,39.000000,40.000000,40.000000,40.000000,43.000000,1,1,1,1,1,1,1,0,0,0,0,0,0,0,75,5400.359863,1217,0,1,0.790026,0.029999,-0.272000,2.990000,-0.639000,0.000000,1
6.607956,-41.226002,-40.903999,15.722000,73.014999,26.153000,19.330000,180.884995,0.000000,0.000000,0.000000,0.000000,0.000000,0.000000,0.120000,250.000000,-1010.000000,-153.000000,-1448.000000,240.000000,-43.000000,-21.000000,22.000000,22.000000,22.000000,22.000000,22.000000,22.000000,22.000000,37.000000,38.000000,39.000000,40.000000,40.000000,40.000000,43.000000,1,1,1,1,1,1,1,0,0,0,0,0,0,0,75,5400.357910,1217,0,1,0.792800,0.029999,-0.272000,2.990000,-0.641000,0.000000,1
6.617918,-41.570999,-40.490002,15.774000,72.110001,26.135000,19.718000,181.078003,0.000000,0.000000,0.000000,0.000000,0.000000,0.000000,0.120000,250.000000,-1010.000000,-153.000000,-1448.000000,240.000000,-43.000000,-21.000000,22.000000,22.000000,22.000000,22.000000,22.000000,22.000000,22.000000,37.000000,38.000000,39.000000,40.000000,40.000000,40.000000,43.000000,1,1,1,1,1,1,1,0,0,0,0,0,0,0,75,5400.359863,1217,0,1,0.795417,0.030000,-0.271999,2.989000,-0.642000,0.000000,1
6.627968,-41.769001,-40.244999,15.800000,71.570999,26.121000,19.961000,181.190994,0.000000,0.000000,0.000000,0.000000,0.000000,0.000000,0.120000,250.000000,-1010.000000,-153.000000,-1448.000000,240.000000,-43.000000,-21.000000,22.000000,22.000000,22.000000,22.000000,22.000000,22.000000,22.000000,37.000000,38.000000,39.000000,40.000000,40.000000,40.000000,43.000000,1,1,1,1,1,1,1,0,0,0,0,0,0,0,75,5400.357910,1217,0,1,0.796918,0.030000,-0.272000,2.989000,-0.643000,0.000000,1
6.637905,-42.084000,-39.844002,15.838000,70.679001,26.094000,20.382000,181.376999,0.000000,0.000000,0.000000,0.000000,0.000000,0.000000,0.120000,250.000000,-1010.000000,-153.000000,-1448.000000,240.000000,-43.000000,-21.000000,22.000000,22.000000,22.000000,22.000000,22.000000,22.000000,22.000000,37.000000,38.000000,39.000000,40.000000,40.000000,40.000000,43.000000,1,1,1,1,1,1,1,0,0,0,0,0,0,0,75,5400.359863,1217,0,1,0.799318,0.030000,-0.271999,2.989000,-0.644000,0.000000,1
6.647898,-42.382000,-39.448002,15.869000,69.792999,26.063000,20.820999,181.557999,0.000000,0.000000,0.000000,0.000000,0.000000,0.000000,0.120000,250.000000,-1010.000000,-153.000000,-1448.000000,240.000000,-43.000000,-21.000000,22.000000,22.000000,22.000000,22.000000,22.000000,22.000000,22.000000,37.000000,38.000000,39.000000,40.000000,40.000000,40.000000,43.000000,1,1,1,1,1,1,1,0,0,0,0,0,0,0,75,5400.357910,1218,0,1,0.801605,0.030000,-0.272000,2.989000,-0.645000,0.000000,1
6.658039,-42.723000,-38.979000,15.900000,68.733002,26.018999,21.367001,181.772995,0.000000,0.000000,0.000000,0.000000,0.000000,0.000000,0.120000,250.000000,-1010.000000,-153.000000,-1448.000000,240.000000,-43.000000,-21.000000,22.000000,22.000000,22.000000,22.000000,22.000000,22.000000,22.000000,37.000000,38.000000,39.000000,40.000000,40.000000,40.000000,43.000000,1,1,1,1,1,1,1,0,0,0,0,0,0,0,75,5400.357910,1218,0,1,0.804225,0.030000,-0.271999,2.989000,-0.645000,0.000000,1
6.667953,-42.997002,-38.589001,15.922000,67.850998,25.979000,21.836000,181.949997,0.000000,0.000000,0.000000,0.000000,0.000000,0.000000,0.120000,250.000000,-1010.000000,-153.000000,-1448.000000,240.000000,-43.000000,-21.000000,22.000000,22.000000,22.000000,22.000000,22.000000,22.000000,22.000000,37.000000,38.000000,39.000000,40.000000,40.000000,40.000000,43.000000,1,1,1,1,1,1,1,0,0,0,0,0,0,0,75,5400.359863,1217,0,1,0.806328,0.029999,-0.271999,2.989000,-0.645000,0.000000,1
6.678004,-43.264999,-38.200001,15.943000,66.964996,25.934999,22.316000,182.128998,0.000000,0.000000,0.000000,0.000000,0.000000,0.000000,0.120000,250.000000,-1010.000000,-153.000000,-1448.000000,240.000000,-43.000000,-21.000000,22.000000,22.000000,22.000000,22.000000,22.000000,22.000000,22.000000,37.000000,38.000000,39.000000,40.000000,40.000000,40.000000,43.000000,1,1,1,1,1,1,1,0,0,0,0,0,0,0,75,5400.359863,1218,0,1,0.808379,0.030000,-0.272000,2.989000,-0.645000,0.000000,1
6.688037,-43.583000,-37.730999,15.970000,65.894997,25.878000,22.902000,182.345993,0.000000,0.000000,0.000000,0.000000,0.000000,0.000000,0.120000,250.000000,-1010.000000,-153.000000,-1448.000000,240.000000,-43.000000,-21.000000,22.000000,22.000000,22.000000,22.000000,22.000000,22.000000,22.000000,37.000000,38.000000,39.000000,40.000000,40.000000,40.000000,43.000000,1,1,1,1,1,1,1,0,0,0,0,0,0,0,75,5400.359863,1218,0,1,0.810798,0.030000,-0.271999,2.989000,-0.645000,0.000000,1
6.697997,-43.841000,-37.331001,15.990000,64.994003,25.827999,23.393000,182.524994,0.000000,0.000000,0.000000,0.000000,0.000000,0.000000,0.120000,250.000000,-1010.000000,-153.000000,-1448.000000,240.000000,-43.000000,-21.000000,22.000000,22.000000,22.000000,22.000000,22.000000,22.000000,22.000000,37.000000,38.000000,39.000000,40.000000,40.000000,40.000000,43.000000,1,1,1,1,1,1,1,0,0,0,0,0,0,0,75,5400.359863,1218,0,1,0.812808,0.029960,-0.272000,2.989000,-0.646000,0.000000,0
6.707990,-43.973999,-37.082001,15.990000,64.458000,25.795000,23.680000,182.619003,0.000000,0.000000,0.000000,0.000000,0.000000,0.000000,0.120000,250.000000,-1010.000000,-153.000000,-1448.000000,240.000000,-43.000000,-21.000000,22.000000,22.000000,22.000000,22.000000,22.000000,22.000000,22.000000,37.000000,38.000000,39.000000,40.000000,40.000000,40.000000,43.000000,1,1,1,1,1,1,1,0,0,0,0,0,0,0,75,5400.357910,1218,0,1,0.814012,0.029846,-0.272000,2.988000,-0.646000,0.000000,0
6.718036,-44.155998,-36.655998,15.972000,63.580002,25.736000,24.142000,182.748993,0.000000,0.000000,0.000000,0.000000,0.000000,0.000000,0.120000,250.000000,-1010.000000,-153.000000,-1448.000000,240.000000,-43.000000,-21.000000,22.000000,22.000000,22.000000,22.000000,22.000000,22.000000,22.000000,37.000000,38.000000,39.000000,40.000000,40.000000,40.000000,43.000000,1,1,1,1,1,1,1,0,0,0,0,0,0,0,75,5400.357910,1218,0,1,0.815998,0.029504,-0.271999,2.989000,-0.646000,0.000000,0
6.728021,-44.291000,-36.219002,15.931000,62.723000,25.673000,24.582001,182.850998,0.000000,0.000000,0.000000,0.000000,0.000000,0.000000,0.120000,250.000000,-1010.000000,-153.000000,-1448.000000,240.000000,-43.000000,-21.000000,22.000000,22.000000,22.000000,22.000000,22.000000,22.000000,22.000000,37.000000,38.000000,39.000000,40.000000,40.000000,40.000000,43.000000,1,1,1,1,1,1,1,0,0,0,0,0,0,0,75,5400.357910,1218,0,1,0.817946,0.028990,-0.271999,2.989000,-0.646000,0.000000,0
6.737921,-44.382000,-35.776001,15.869000,61.894001,25.607000,24.997999,182.923996,0.000000,0.000000,0.000000,0.000000,0.000000,0.000000,0.120000,250.000000,-1010.000000,-153.000000,-1448.000000,240.000000,-43.000000,-21.000000,22.000000,22.000000,22.000000,22.000000,22.000000,22.000000,22.000000,37.000000,38.000000,39.000000,40.000000,40.000000,40.000000,43.000000,1,1,1,1,1,1,1,0,0,0,0,0,0,0,75,5400.359863,1217,0,1,0.819847,0.028320,-0.272000,2.989000,-0.646000,0.000000,0
6.748013,-44.435001,-35.240002,15.768000,60.938999,25.527000,25.466000,182.975998,0.000000,0.000000,0.000000,0.000000,0.000000,0.000000,0.120000,250.000000,-1010.000000,-153.000000,-1448.000000,240.000000,-43.000000,-21.000000,22.000000,22.000000,22.000000,22.000000,22.000000,22.000000,22.000000,37.000000,38.000000,39.000000,40.000000,40.000000,40.000000,43.000000,1,1,1,1,1,1,1,0,0,0,0,0,0,0,75,5400.357910,1217,0,1,0.822050,0.027323,-0.271999,2.988000,-0.646000,0.000000,0
6.758113,-44.429001,-34.794998,15.661000,60.182999,25.459000,25.826000,182.988007,0.000000,0.000000,0.000000,0.000000,0.000000,0.000000,0.120000,250.000000,-1010.000000,-153.000000,-1448.000000,240.000000,-43.000000,-21.000000,22.000000,22.000000,22.000000,22.000000,22.000000,22.000000,22.000000,37.000000,38.000000,39.000000,40.000000,40.000000,40.000000,43.000000,1,1,1,1,1,1,1,0,0,0,0,0,0,0,75,5400.357910,1217,0,1,0.823808,0.026338,-0.272000,2.989000,-0.645000,0.000000,0
6.767967,-44.377998,-34.353001,15.532000,59.472000,25.391001,26.156000,182.970001,0.000000,0.000000,0.000000,0.000000,0.000000,0.000000,0.120000,250.000000,-1010.000000,-153.000000,-1448.000000,240.000000,-43.000000,-21.000000,22.000000,22.000000,22.000000,22.000000,22.000000,22.000000,22.000000,37.000000,38.000000,39.000000,40.000000,40.000000,40.000000,43.000000,1,1,1,1,1,1,1,0,0,0,0,0,0,0,75,5400.357910,1218,0,1,0.825482,0.025216,-0.271999,2.989000,-0.646000,0.000000,0
6.777904,-44.276001,-33.921001,15.379000,58.813000,25.326000,26.450001,182.919998,0.000000,0.000000,0.000000,0.000000,0.000000,0.000000,0.120000,250.000000,-1010.000000,-153.000000,-1448.000000,240.000000,-43.000000,-21.000000,22.000000,22.000000,22.000000,22.000000,22.000000,22.000000,22.000000,37.000000,38.000000,39.000000,40.000000,40.000000,40.000000,43.000000,1,1,1,1,1,1,1,0,0,0,0,0,0,0,75,5400.359863,1218,0,1,0.827055,0.023957,-0.271999,2.989000,-0.646000,0.000000,0
6.788083,-44.118999,-33.501999,15.200000,58.217999,25.261999,26.704000,182.834000,0.000000,0.000000,0.000000,0.000000,0.000000,0.000000,0.120000,250.000000,-1010.000000,-153.000000,-1448.000000,240.000000,-43.000000,-21.000000,22.000000,22.000000,22.000000,22.000000,22.000000,22.000000,22.000000,37.000000,38.000000,39.000000,40.000000,40.000000,40.000000,43.000000,1,1,1,1,1,1,1,0,0,0,0,0,0,0,75,5400.357910,1218,0,1,0.828506,0.022559,-0.271999,2.989000,-0.645000,0.000000,0
6.797973,-43.851002,-33.027000,14.946000,57.611000,25.191000,26.944000,182.679001,0.000000,0.000000,0.000000,0.000000,0.000000,0.000000,0.120000,250.000000,-1010.000000,-153.000000,-1448.000000,240.000000,-43.000000,-21.000000,22.000000,22.000000,22.000000,22.000000,22.000000,22.000000,22.000000,37.000000,38.000000,39.000000,40.000000,40.000000,40.000000,43.000000,1,1,1,1,1,1,1,0,0,0,0,0,0,0,75,5400.357910,1218,0,1,0.830049,0.020698,-0.271999,2.989000,-0.646000,0.000000,0
6.807980,-43.740002,-32.877998,14.852000,57.439999,25.169001,27.006001,182.613007,0.000000,0.000000,0.000000,0.000000,0.000000,0.000000,0.120000,250.000000,-1010.000000,-153.000000,-1448.000000,240.000000,-43.000000,-21.000000,22.000000,22.000000,22.000000,22.000000,22.000000,22.000000,22.000000,37.000000,38.000000,39.000000,40.000000,40.000000,40.000000,43.000000,1,1,1,1,1,1,1,0,0,0,0,0,0,0,75,5400.359863,1218,0,1,0.830505,0.020033,-0.272000,2.988000,-0.645000,0.000000,0
6.817940,-43.194000,-32.338001,14.426000,56.918999,25.091000,27.156000,182.283005,0.000000,0.000000,0.000000,0.000000,0.000000,0.000000,0.120000,250.000000,-1010.000000,-153.000000,-1448.000000,240.000000,-43.000000,-21.000000,22.000000,22.000000,22.000000,22.000000,22.000000,22.000000,22.000000,37.000000,38.000000,39.000000,40.000000,40.000000,40.000000,43.000000,1,1,1,1,1,1,1,0,0,0,0,0,0,0,75,5400.359863,1218,0,1,0.832019,0.017196,-0.271999,2.989000,-0.646000,0.000000,3
6.827983,-42.973000,-32.145000,14.257000,56.749001,25.063999,27.198999,182.149002,0.000000,0.000000,0.000000,0.000000,0.000000,0.000000,0.120000,250.000000,-1010.000000,-153.000000,-1448.000000,240.000000,-43.000000,-21.000000,22.000000,22.000000,22.000000,22.000000,22.000000,22.000000,22.000000,37.000000,38.000000,39.000000,40.000000,40.000000,40.000000,43.000000,1,1,1,1,1,1,1,0,0,0,0,0,0,0,75,5400.359863,1217,0,1,0.832533,0.016110,-0.271999,2.988000,-0.646000,0.000000,3
6.837977,-42.596001,-31.827999,13.969000,56.473999,25.021999,27.266001,181.921997,0.000000,0.000000,0.000000,0.000000,0.000000,0.000000,0.120000,250.000000,-1010.000000,-153.000000,-1448.000000,240.000000,-43.000000,-21.000000,22.000000,22.000000,22.000000,22.000000,22.000000,22.000000,22.000000,37.000000,38.000000,39.000000,40.000000,40.000000,40.000000,43.000000,1,1,1,1,1,1,1,0,0,0,0,0,0,0,75,5400.357910,1217,0,1,0.833367,0.014288,-0.271999,2.989000,-0.646000,0.000000,3
6.847917,-42.208000,-31.517000,13.672000,56.207001,24.983000,27.329000,181.690002,0.000000,0.000000,0.000000,0.000000,0.000000,0.000000,0.120000,250.000000,-1010.000000,-153.000000,-1448.000000,240.000000,-43.000000,-21.000000,22.000000,22.000000,22.000000,22.000000,22.000000,22.000000,22.000000,37.000000,38.000000,39.000000,40.000000,40.000000,40.000000,43.000000,1,1,1,1,1,1,1,0,0,0,0,0,0,0,75,5400.359863,1217,0,1,0.834175,0.012453,-0.272000,2.989000,-0.646000,0.000000,3
6.858086,-41.808998,-31.209999,13.366000,55.950001,24.947001,27.388000,181.453003,0.000000,0.000000,0.000000,0.000000,0.000000,0.000000,0.120000,250.000000,-1010.000000,-153.000000,-1448.000000,240.000000,-43.000000,-21.000000,22.000000,22.000000,22.000000,22.000000,22.000000,22.000000,22.000000,37.000000,38.000000,39.000000,40.000000,40.000000,40.000000,43.000000,1,1,1,1,1,1,1,0,0,0,0,0,0,0,75,5400.356934,1217,0,1,0.834954,0.010607,-0.272000,2.988000,-0.646000,0.000000,3
6.867957,-41.316002,-30.850000,12.987000,55.654999,24.909000,27.452999,181.160995,0.000000,0.000000,0.000000,0.000000,0.000000,0.000000,0.120000,250.000000,-1010.000000,-153.000000,-1448.000000,240.000000,-43.000000,-21.000000,22.000000,22.000000,22.000000,22.000000,22.000000,22.000000,22.000000,37.000000,38.000000,39.000000,40.000000,40.000000,40.000000,43.000000,1,1,1,1,1,1,1,0,0,0,0,0,0,0,75,5400.359863,1217,0,1,0.835852,0.008377,-0.271999,2.988000,-0.646000,0.000000,3
6.877931,-40.893002,-30.555000,12.661000,55.419998,24.881001,27.502001,180.912994,0.000000,0.000000,0.000000,0.000000,0.000000,0.000000,0.120000,250.000000,-1010.000000,-153.000000,-1448.000000,240.000000,-43.000000,-21.000000,22.000000,22.000000,22.000000,22.000000,22.000000,22.000000,22.000000,37.000000,38.000000,39.000000,40.000000,40.000000,40.000000,43.000000,1,1,1,1,1,1,1,0,0,0,0,0,0,0,75,5400.357910,1218,0,1,0.836570,0.006505,-0.271999,2.989000,-0.646000,0.000000,3
6.887930,-40.633999,-30.381001,12.461000,55.283001,24.865999,27.530001,180.761002,0.000000,0.000000,0.000000,0.000000,0.000000,0.000000,0.120000,250.000000,-1010.000000,-153.000000,-1448.000000,240.000000,-43.000000,-21.000000,22.000000,22.000000,22.000000,22.000000,22.000000,22.000000,22.000000,37.000000,38.000000,39.000000,40.000000,40.000000,40.000000,43.000000,1,1,1,1,1,1,1,0,0,0,0,0,0,0,75,5400.359863,1218,0,1,0.836987,0.005378,-0.272000,2.989000,-0.646000,0.000000,3
6.897971,-39.923000,-29.927999,11.911000,54.937000,24.832001,27.594999,180.345993,0.000000,0.000000,0.000000,0.000000,0.000000,0.000000,0.120000,250.000000,-1010.000000,-153.000000,-1448.000000,240.000000,-43.000000,-21.000000,22.000000,22.000000,22.000000,22.000000,22.000000,22.000000,22.000000,37.000000,38.000000,39.000000,40.000000,40.000000,40.000000,43.000000,1,1,1,1,1,1,1,0,0,0,0,0,0,0,75,5400.359863,1218,0,1,0.838048,0.002352,-0.271999,2.989000,-0.646000,0.000000,3
6.907978,-39.464001,-29.653000,11.554000,54.734001,24.816000,27.629999,180.078995,0.000000,0.000000,0.000000,0.000000,0.000000,0.000000,0.120000,250.000000,-1010.000000,-153.000000,-1448.000000,240.000000,-43.000000,-21.000000,22.000000,22.000000,22.000000,22.000000,22.000000,22.000000,22.000000,37.000000,38.000000,39.000000,40.000000,40.000000,40.000000,43.000000,1,1,1,1,1,1,1,0,0,0,0,0,0,0,75,5400.357910,1218,0,1,0.838675,0.000448,-0.271999,2.988000,-0.646000,0.000000,3
6.918026,-38.993999,-29.384001,11.188000,54.542000,24.804001,27.660000,179.807007,0.000000,0.000000,0.000000,0.000000,0.000000,0.000000,0.120000,250.000000,-1010.000000,-153.000000,-1448.000000,240.000000,-43.000000,-21.000000,22.000000,22.000000,22.000000,22.000000,22.000000,22.000000,22.000000,37.000000,38.000000,39.000000,40.000000,40.000000,40.000000,43.000000,1,1,1,1,1,1,1,0,0,0,0,0,0,0,75,5400.359863,1217,0,1,0.839272,-0.001463,-0.271999,2.989000,-0.646000,0.000000,3
6.927944,-38.513000,-29.122000,10.812000,54.360001,24.797001,27.686001,179.529007,0.000000,0.000000,0.000000,0.000000,0.000000,0.000000,0.120000,250.000000,-1010.000000,-153.000000,-1448.000000,240.000000,-43.000000,-21.000000,22.000000,22.000000,22.000000,22.000000,22.000000,22.000000,22.000000,37.000000,38.000000,39.000000,40.000000,40.000000,40.000000,43.000000,1,1,1,1,1,1,1,0,0,0,0,0,0,0,75,5400.359863,1217,0,1,0.839840,-0.003385,-0.271999,2.988000,-0.646000,0.000000,3
6.937963,-38.021000,-28.865999,10.425000,54.188000,24.794001,27.707001,179.244995,0.000000,0.000000,0.000000,0.000000,0.000000,0.000000,0.120000,250.000000,-1010.000000,-153.000000,-1448.000000,240.000000,-43.000000,-21.000000,22.000000,22.000000,22.000000,22.000000,22.000000,22.000000,22.000000,37.000000,38.000000,39.000000,40.000000,40.000000,40.000000,43.000000,1,1,1,1,1,1,1,0,0,0,0,0,0,0,75,5400.357910,1218,0,1,0.840379,-0.005315,-0.272000,2.989000,-0.645000,0.000000,3
6.948017,-37.516998,-28.615999,10.029000,54.028000,24.795000,27.723000,178.955002,0.000000,0.000000,0.000000,0.000000,0.000000,0.000000,0.120000,250.000000,-1010.000000,-153.000000,-1448.000000,240.000000,-43.000000,-21.000000,22.000000,22.000000,22.000000,22.000000,22.000000,22.000000,22.000000,37.000000,38.000000,39.000000,40.000000,40.000000,40.000000,43.000000,1,1,1,1,1,1,1,0,0,0,0,0,0,0,75,5400.357910,1217,0,1,0.840889,-0.007253,-0.272000,2.988000,-0.646000,0.000000,3
6.958202,-37.002998,-28.374001,9.622000,53.877998,24.801001,27.735001,178.658997,0.000000,0.000000,0.000000,0.000000,0.000000,0.000000,0.120000,250.000000,-1010.000000,-153.000000,-1448.000000,240.000000,-43.000000,-21.000000,22.000000,22.000000,22.000000,22.000000,22.000000,22.000000,22.000000,37.000000,38.000000,39.000000,40.000000,40.000000,40.000000,43.000000,1,1,1,1,1,1,1,0,0,0,0,0,0,0,75,5400.359863,1218,0,1,0.841370,-0.009199,-0.271999,2.989000,-0.646000,0.000000,3
6.968002,-36.688999,-28.232000,9.373000,53.792999,24.806999,27.740000,178.479004,0.000000,0.000000,0.000000,0.000000,0.000000,0.000000,0.120000,250.000000,-1010.000000,-153.000000,-1448.000000,240.000000,-43.000000,-21.000000,22.000000,22.000000,22.000000,22.000000,22.000000,22.000000,22.000000,37.000000,38.000000,39.000000,40.000000,40.000000,40.000000,43.000000,1,1,1,1,1,1,1,0,0,0,0,0,0,0,75,5400.357910,1218,0,1,0.841644,-0.010370,-0.272000,2.988000,-0.646000,0.000000,3
6.977986,-36.155998,-28.000999,8.950000,53.660999,24.820000,27.743999,178.173004,0.000000,0.000000,0.000000,0.000000,0.000000,0.000000,0.120000,250.000000,-1010.000000,-153.000000,-1448.000000,240.000000,-43.000000,-21.000000,22.000000,22.000000,22.000000,22.000000,22.000000,22.000000,22.000000,37.000000,38.000000,39.000000,40.000000,40.000000,40.000000,43.000000,1,1,1,1,1,1,1,0,0,0,0,0,0,0,75,5400.357910,1218,0,1,0.842077,-0.012326,-0.272000,2.989000,-0.646000,0.000000,3
6.987970,-35.612999,-27.777000,8.517000,53.539001,24.837999,27.743000,177.862000,0.000000,0.000000,0.000000,0.000000,0.000000,0.000000,0.120000,250.000000,-1010.000000,-153.000000,-1448.000000,240.000000,-43.000000,-21.000000,22.000000,22.000000,22.000000,22.000000,22.000000,22.000000,22.000000,37.000000,38.000000,39.000000,40.000000,40.000000,40.000000,43.000000,1,1,1,1,1,1,1,0,0,0,0,0,0,0,75,5400.357910,1218,0,1,0.842481,-0.014289,-0.271999,2.989000,-0.646000,0.000000,3
6.997966,-35.060001,-27.559999,8.074000,53.429001,24.862000,27.738001,177.544006,0.000000,0.000000,0.000000,0.000000,0.000000,0.000000,0.120000,250.000000,-1010.000000,-153.000000,-1448.000000,240.000000,-43.000000,-21.000000,22.000000,22.000000,22.000000,22.000000,22.000000,22.000000,22.000000,37.000000,38.000000,39.000000,40.000000,40.000000,40.000000,43.000000,1,1,1,1,1,1,1,0,0,0,0,0,0,0,75,5400.359863,1218,0,1,0.842855,-0.016258,-0.272000,2.989000,-0.646000,0.000000,3
7.007954,-34.494999,-27.351000,7.622000,53.331001,24.889000,27.726999,177.220993,0.000000,0.000000,0.000000,0.000000,0.000000,0.000000,0.120000,250.000000,-1010.000000,-153.000000,-1448.000000,240.000000,-43.000000,-21.000000,22.000000,22.000000,22.000000,22.000000,22.000000,22.000000,22.000000,37.000000,38.000000,39.000000,40.000000,40.000000,40.000000,43.000000,1,1,1,1,1,1,1,0,0,0,0,0,0,0,75,5400.357910,1217,0,1,0.843199,-0.018232,-0.272000,2.988000,-0.645000,0.000000,3
7.017993,-33.803001,-27.110001,7.065000,53.227001,24.927999,27.708000,176.824997,0.000000,0.000000,0.000000,0.000000,0.000000,0.000000,0.120000,250.000000,-1010.000000,-153.000000,-1448.000000,240.000000,-43.000000,-21.000000,22.000000,22.000000,22.000000,22.000000,22.000000,22.000000,22.000000,37.000000,38.000000,39.000000,40.000000,40.000000,40.000000,43.000000,1,1,1,1,1,1,1,0,0,0,0,0,0,0,75,5400.357910,1218,0,1,0.843572,-0.020608,-0.272000,2.988000,-0.645000,0.000000,3
7.028013,-33.215000,-26.917999,6.591000,53.153000,24.966000,27.687000,176.488998,0.000000,0.000000,0.000000,0.000000,0.000000,0.000000,0.120000,250.000000,-1010.000000,-153.000000,-1448.000000,240.000000,-43.000000,-21.000000,22.000000,22.000000,22.000000,22.000000,22.000000,22.000000,22.000000,37.000000,38.000000,39.000000,40.000000,40.000000,40.000000,43.000000,1,1,1,1,1,1,1,0,0,0,0,0,0,0,75,5400.359863,1218,0,1,0.843851,-0.022592,-0.272000,2.988000,-0.645000,0.000000,3
7.038002,-32.617001,-26.733000,6.107000,53.090000,25.009001,27.660999,176.145996,0.000000,0.000000,0.000000,0.000000,0.000000,0.000000,0.120000,250.000000,-1010.000000,-153.000000,-1448.000000,240.000000,-43.000000,-21.000000,22.000000,22.000000,22.000000,22.000000,22.000000,22.000000,22.000000,37.000000,38.000000,39.000000,40.000000,40.000000,40.000000,43.000000,1,1,1,1,1,1,1,0,0,0,0,0,0,0,75,5400.356934,1218,0,1,0.844099,-0.024581,-0.272000,2.988000,-0.645000,0.000000,3
7.047917,-32.009998,-26.556999,5.614000,53.039001,25.056999,27.631001,175.796005,0.000000,0.000000,0.000000,0.000000,0.000000,0.000000,0.120000,250.000000,-1010.000000,-153.000000,-1448.000000,240.000000,-43.000000,-21.000000,22.000000,22.000000,22.000000,22.000000,22.000000,22.000000,22.000000,37.000000,38.000000,39.000000,40.000000,40.000000,40.000000,43.000000,1,1,1,1,1,1,1,0,0,0,0,0,0,0,75,5400.357910,1218,0,1,0.844317,-0.026573,-0.272000,2.988000,-0.645000,0.000000,3
7.057965,-31.268000,-26.356001,5.010000,52.993000,25.121000,27.587000,175.369003,0.000000,0.000000,0.000000,0.000000,0.000000,0.000000,0.120000,250.000000,-1010.000000,-153.000000,-1448.000000,240.000000,-43.000000,-21.000000,22.000000,22.000000,22.000000,22.000000,22.000000,22.000000,22.000000,37.000000,38.000000,39.000000,40.000000,40.000000,40.000000,43.000000,1,1,1,1,1,1,1,0,0,0,0,0,0,0,75,5400.357910,1217,0,1,0.844539,-0.028967,-0.272000,2.988000,-0.645000,0.000000,3
7.067938,-30.639000,-26.197001,4.498000,52.966999,25.180000,27.545000,175.007004,0.000000,0.000000,0.000000,0.000000,0.000000,0.000000,0.120000,250.000000,-1010.000000,-153.000000,-1448.000000,240.000000,-43.000000,-21.000000,22.000000,22.000000,22.000000,22.000000,22.000000,22.000000,22.000000,37.000000,38.000000,39.000000,40.000000,40.000000,40.000000,43.000000,1,1,1,1,1,1,1,0,0,0,0,0,0,0,75,5400.357910,1217,0,1,0.844691,-0.030966,-0.272000,2.988000,-0.645000,0.000000,3
7.077951,-30.257999,-26.106001,4.186000,52.957001,25.218000,27.518000,174.785995,0.000000,0.000000,0.000000,0.000000,0.000000,0.000000,0.120000,250.000000,-1010.000000,-153.000000,-1448.000000,240.000000,-43.000000,-21.000000,22.000000,22.000000,22.000000,22.000000,22.000000,22.000000,22.000000,37.000000,38.000000,39.000000,40.000000,40.000000,40.000000,43.000000,1,1,1,1,1,1,1,0,0,0,0,0,0,0,75,5400.357910,1218,0,1,0.844767,-0.032166,-0.272000,2.988000,-0.645000,0.000000,3
7.087932,-29.615000,-25.961000,3.660000,52.949001,25.285000,27.469000,174.414001,0.000000,0.000000,0.000000,0.000000,0.000000,0.000000,0.120000,250.000000,-1010.000000,-153.000000,-1448.000000,240.000000,-43.000000,-21.000000,22.000000,22.000000,22.000000,22.000000,22.000000,22.000000,22.000000,37.000000,38.000000,39.000000,40.000000,40.000000,40.000000,43.000000,1,1,1,1,1,1,1,0,0,0,0,0,0,0,75,5400.359863,1217,0,1,0.844871,-0.034167,-0.272000,2.988000,-0.645000,0.000000,3
7.098031,-28.964001,-25.823999,3.126000,52.952999,25.356001,27.414000,174.035004,0.000000,0.000000,0.000000,0.000000,0.000000,0.000000,0.120000,250.000000,-1010.000000,-153.000000,-1448.000000,240.000000,-43.000000,-21.000000,22.000000,22.000000,22.000000,22.000000,22.000000,22.000000,22.000000,37.000000,38.000000,39.000000,40.000000,40.000000,40.000000,43.000000,1,1,1,1,1,1,1,0,0,0,0,0,0,0,75,5400.359863,1217,0,1,0.844944,-0.036170,-0.272000,2.988000,-0.645000,0.000000,3
7.107962,-28.304001,-25.695999,2.584000,52.969002,25.431999,27.355000,173.651001,0.000000,0.000000,0.000000,0.000000,0.000000,0.000000,0.120000,250.000000,-1010.000000,-153.000000,-1448.000000,240.000000,-43.000000,-21.000000,22.000000,22.000000,22.000000,22.000000,22.000000,22.000000,22.000000,37.000000,38.000000,39.000000,40.000000,40.000000,40.000000,43.000000,1,1,1,1,1,1,1,0,0,0,0,0,0,0,75,5400.359863,1217,0,1,0.844987,-0.038173,-0.272000,2.988000,-0.645000,0.000000,3
7.117928,-27.636000,-25.576000,2.036000,52.995998,25.513000,27.291000,173.259995,0.000000,0.000000,0.000000,0.000000,0.000000,0.000000,0.120000,250.000000,-1010.000000,-153.000000,-1448.000000,240.000000,-43.000000,-21.000000,22.000000,22.000000,22.000000,22.000000,22.000000,22.000000,22.000000,37.000000,38.000000,39.000000,40.000000,40.000000,40.000000,43.000000,1,1,1,1,1,1,1,0,0,0,0,0,0,0,75,5400.357910,1218,0,1,0.844999,-0.040177,-0.272000,2.988000,-0.645000,0.000000,3
7.127989,-26.961000,-25.465000,1.480000,53.034000,25.597000,27.221001,172.863998,0.000000,0.000000,0.000000,0.000000,0.000000,0.000000,0.120000,250.000000,-1010.000000,-153.000000,-1448.000000,240.000000,-43.000000,-21.000000,22.000000,22.000000,22.000000,22.000000,22.000000,22.000000,22.000000,37.000000,38.000000,39.000000,40.000000,40.000000,40.000000,43.000000,1,1,1,1,1,1,1,0,0,0,0,0,0,0,75,5400.357910,1218,0,1,0.844981,-0.042181,-0.272000,2.988000,-0.645000,0.000000,3
7.137986,-26.278000,-25.363001,0.919000,53.084999,25.686001,27.146999,172.462006,0.000000,0.000000,0.000000,0.000000,0.000000,0.000000,0.120000,250.000000,-1010.000000,-153.000000,-1448.000000,240.000000,-43.000000,-21.000000,22.000000,22.000000,22.000000,22.000000,22.000000,22.000000,22.000000,37.000000,38.000000,39.000000,40.000000,40.000000,40.000000,43.000000,1,1,1,1,1,1,1,0,0,0,0,0,0,0,75,5400.357910,1217,0,1,0.844933,-0.044184,-0.272000,2.988000,-0.645000,0.000000,3
7.147926,-25.450001,-25.250999,0.237000,53.160000,25.798000,27.052000,171.972000,0.000000,0.000000,0.000000,0.000000,0.000000,0.000000,0.120000,250.000000,-1010.000000,-153.000000,-1448.000000,240.000000,-43.000000,-21.000000,22.000000,22.000000,22.000000,22.000000,22.000000,22.000000,22.000000,37.000000,38.000000,39.000000,40.000000,40.000000,40.000000,43.000000,1,1,1,1,1,1,1,0,0,0,0,0,0,0,75,5400.360840,1218,0,1,0.844835,-0.046587,-0.272000,2.989000,-0.645000,0.000000,3
7.158051,-24.753000,-25.167999,-0.336000,53.235001,25.895000,26.966999,171.557999,0.000000,0.000000,0.000000,0.000000,0.000000,0.000000,0.120000,250.000000,-1010.000000,-153.000000,-1448.000000,240.000000,-43.000000,-21.000000,22.000000,22.000000,22.000000,22.000000,22.000000,22.000000,22.000000,37.000000,38.000000,39.000000,40.000000,40.000000,40.000000,43.000000,1,1,1,1,1,1,1,0,0,0,0,0,0,0,75,5400.357910,1218,0,1,0.844720,-0.048588,-0.272000,2.988000,-0.645000,0.000000,3
7.167955,-24.049000,-25.094000,-0.914000,53.321999,25.995001,26.875999,171.139008,0.000000,0.000000,0.000000,0.000000,0.000000,0.000000,0.120000,250.000000,-1010.000000,-153.000000,-1448.000000,240.000000,-43.000000,-21.000000,22.000000,22.000000,22.000000,22.000000,22.000000,22.000000,22.000000,37.000000,38.000000,39.000000,40.000000,40.000000,40.000000,43.000000,1,1,1,1,1,1,1,0,0,0,0,0,0,0,75,5400.357910,1217,0,1,0.844575,-0.050587,-0.272000,2.988000,-0.645000,0.000000,3
7.177985,-23.340000,-25.028999,-1.497000,53.418999,26.098000,26.781000,170.714005,0.000000,0.000000,0.000000,0.000000,0.000000,0.000000,0.120000,250.000000,-1010.000000,-153.000000,-1448.000000,240.000000,-43.000000,-21.000000,22.000000,22.000000,22.000000,22.000000,22.000000,22.000000,22.000000,37.000000,38.000000,39.000000,40.000000,40.000000,40.000000,43.000000,1,1,1,1,1,1,1,0,0,0,0,0,0,0,75,5400.359863,1218,0,1,0.844400,-0.052583,-0.272000,2.988000,-0.645000,0.000000,3
7.187984,-22.482000,-24.962000,-2.201000,53.551998,26.226000,26.660999,170.197998,0.000000,0.000000,0.000000,0.000000,0.000000,0.000000,0.120000,250.000000,-1010.000000,-153.000000,-1448.000000,240.000000,-43.000000,-21.000000,22.000000,22.000000,22.000000,22.000000,22.000000,22.000000,22.000000,37.000000,38.000000,39.000000,40.000000,40.000000,40.000000,43.000000,1,1,1,1,1,1,1,0,0,0,0,0,0,0,75,5400.359863,1218,0,1,0.844150,-0.054975,-0.272000,2.988000,-0.645000,0.000000,3
7.197992,-21.761999,-24.916000,-2.791000,53.674000,26.334999,26.555000,169.763000,0.000000,0.000000,0.000000,0.000000,0.000000,0.000000,0.120000,250.000000,-1010.000000,-153.000000,-1448.000000,240.000000,-43.000000,-21.000000,22.000000,22.000000,22.000000,22.000000,22.000000,22.000000,22.000000,37.000000,38.000000,39.000000,40.000000,40.000000,40.000000,43.000000,1,1,1,1,1,1,1,0,0,0,0,0,0,0,75,5400.359863,1217,0,1,0.843908,-0.056964,-0.272000,2.988000,-0.645000,0.000000,3
7.207963,-21.037001,-24.879999,-3.383000,53.807999,26.445999,26.444000,169.322998,0.000000,0.000000,0.000000,0.000000,0.000000,0.000000,0.120000,250.000000,-1010.000000,-153.000000,-1448.000000,240.000000,-43.000000,-21.000000,22.000000,22.000000,22.000000,22.000000,22.000000,22.000000,22.000000,37.000000,38.000000,39.000000,40.000000,40.000000,40.000000,43.000000,1,1,1,1,1,1,1,0,0,0,0,0,0,0,75,5400.359863,1218,0,1,0.843637,-0.058950,-0.272000,2.989000,-0.645000,0.000000,3
7.218000,-20.308001,-24.851999,-3.978000,53.952000,26.558001,26.327999,168.878998,0.000000,0.000000,0.000000,0.000000,0.000000,0.000000,0.120000,250.000000,-1010.000000,-153.000000,-1448.000000,240.000000,-43.000000,-21.000000,22.000000,22.000000,22.000000,22.000000,22.000000,22.000000,22.000000,37.000000,38.000000,39.000000,40.000000,40.000000,40.000000,43.000000,1,1,1,1,1,1,1,0,0,0,0,0,0,0,75,5400.357910,1218,0,1,0.843335,-0.060931,-0.272000,2.988000,-0.645000,0.000000,3
7.227997,-19.868000,-24.840000,-4.335000,54.043999,26.627001,26.256001,168.610001,0.000000,0.000000,0.000000,0.000000,0.000000,0.000000,0.120000,250.000000,-1010.000000,-153.000000,-1448.000000,240.000000,-43.000000,-21.000000,22.000000,22.000000,22.000000,22.000000,22.000000,22.000000,22.000000,37.000000,38.000000,39.000000,40.000000,40.000000,40.000000,43.000000,1,1,1,1,1,1,1,0,0,0,0,0,0,0,75,5400.357910,1217,0,1,0.843140,-0.062117,-0.272000,2.988000,-0.645000,0.000000,3
7.238042,-19.134001,-24.826000,-4.931000,54.206001,26.742001,26.132999,168.158997,0.000000,0.000000,0.000000,0.000000,0.000000,0.000000,0.120000,250.000000,-1010.000000,-153.000000,-1448.000000,240.000000,-43.000000,-21.000000,22.000000,22.000000,22.000000,22.000000,22.000000,22.000000,22.000000,37.000000,38.000000,39.000000,40.000000,40.000000,40.000000,43.000000,1,1,1,1,1,1,1,0,0,0,0,0,0,0,75,5400.359863,1217,0,1,0.842791,-0.064091,-0.272000,2.989000,-0.645000,0.000000,3
7.247928,-18.396000,-24.822001,-5.527000,54.377998,26.857000,26.004000,167.705002,0.000000,0.000000,0.000000,0.000000,0.000000,0.000000,0.120000,250.000000,-1010.000000,-153.000000,-1448.000000,240.000000,-43.000000,-21.000000,22.000000,22.000000,22.000000,22.000000,22.000000,22.000000,22.000000,37.000000,38.000000,39.000000,40.000000,40.000000,40.000000,43.000000,1,1,1,1,1,1,1,0,0,0,0,0,0,0,75,5400.357910,1218,0,1,0.842411,-0.066059,-0.272000,2.988000,-0.645000,0.000000,3
7.258012,-17.507000,-24.829000,-6.243000,54.598999,26.997000,25.843000,167.154007,0.000000,0.000000,0.000000,0.000000,0.000000,0.000000,0.120000,250.000000,-1010.000000,-153.000000,-1448.000000,240.000000,-43.000000,-21.000000,22.000000,22.000000,22.000000,22.000000,22.000000,22.000000,22.000000,37.000000,38.000000,39.000000,40.000000,40.000000,40.000000,43.000000,1,1,1,1,1,1,1,0,0,0,0,0,0,0,75,5400.357910,1217,0,1,0.841917,-0.068412,-0.272000,2.988000,-0.645000,0.000000,3
7.268008,-16.764000,-24.844999,-6.838000,54.794998,27.113001,25.704000,166.692001,0.000000,0.000000,0.000000,0.000000,0.000000,0.000000,0.120000,250.000000,-1010.000000,-153.000000,-1448.000000,240.000000,-43.000000,-21.000000,22.000000,22.000000,22.000000,22.000000,22.000000,22.000000,22.000000,37.000000,38.000000,39.000000,40.000000,40.000000,40.000000,43.000000,1,1,1,1,1,1,1,0,0,0,0,0,0,0,75,5400.359863,1217,0,1,0.841472,-0.070366,-0.272000,2.989000,-0.645000,0.000000,3
7.277978,-16.018999,-24.868999,-7.431000,55.000999,27.229000,25.559000,166.225998,0.000000,0.000000,0.000000,0.000000,0.000000,0.000000,0.120000,250.000000,-1010.000000,-153.000000,-1448.000000,240.000000,-43.000000,-21.000000,22.000000,22.000000,22.000000,22.000000,22.000000,22.000000,22.000000,37.000000,38.000000,39.000000,40.000000,40.000000,40.000000,43.000000,1,1,1,1,1,1,1,0,0,0,0,0,0,0,75,5400.359863,1218,0,1,0.840998,-0.072313,-0.272000,2.989000,-0.645000,0.000000,3
7.288054,-15.273000,-24.903000,-8.023000,55.216999,27.344000,25.410000,165.757996,0.000000,0.000000,0.000000,0.000000,0.000000,0.000000,0.120000,250.000000,-1010.000000,-153.000000,-1448.000000,240.000000,-43.000000,-21.000000,22.000000,22.000000,22.000000,22.000000,22.000000,22.000000,22.000000,37.000000,38.000000,39.000000,40.000000,40.000000,40.000000,43.000000,1,1,1,1,1,1,1,0,0,0,0,0,0,0,75,5400.359863,1217,0,1,0.840495,-0.074253,-0.272000,2.989000,-0.645000,0.000000,3
7.298025,-14.825000,-24.927000,-8.376000,55.352001,27.412001,25.318001,165.475998,0.000000,0.000000,0.000000,0.000000,0.000000,0.000000,0.120000,250.000000,-1010.000000,-153.000000,-1448.000000,240.000000,-43.000000,-21.000000,22.000000,22.000000,22.000000,22.000000,22.000000,22.000000,22.000000,37.000000,38.000000,39.000000,40.000000,40.000000,40.000000,43.000000,1,1,1,1,1,1,1,0,0,0,0,0,0,0,75,5400.359863,1217,0,1,0.840180,-0.075413,-0.272000,2.989000,-0.646000,0.000000,3
7.308013,-14.078000,-24.976000,-8.963000,55.584000,27.525000,25.160999,165.003006,0.000000,0.000000,0.000000,0.000000,0.000000,0.000000,0.120000,250.000000,-1010.000000,-153.000000,-1448.000000,240.000000,-43.000000,-21.000000,22.000000,22.000000,22.000000,22.000000,22.000000,22.000000,22.000000,37.000000,38.000000,39.000000,40.000000,40.000000,40.000000,43.000000,1,1,1,1,1,1,1,0,0,0,0,0,0,0,75,5400.356934,1217,0,1,0.839629,-0.077340,-0.271999,2.989000,-0.646000,0.000000,3
7.317989,-13.331000,-25.033001,-9.547000,55.826000,27.636999,24.997999,164.529007,0.000000,0.000000,0.000000,0.000000,0.000000,0.000000,0.120000,250.000000,-1010.000000,-153.000000,-1448.000000,240.000000,-43.000000,-21.000000,22.000000,22.000000,22.000000,22.000000,22.000000,22.000000,22.000000,37.000000,38.000000,39.000000,40.000000,40.000000,40.000000,43.000000,1,1,1,1,1,1,1,0,0,0,0,0,0,0,75,5400.357910,1218,0,1,0.839050,-0.079258,-0.271999,2.988000,-0.646000,0.000000,3
7.328039,-12.434000,-25.113001,-10.242000,56.130001,27.768000,24.797001,163.957001,0.000000,0.000000,0.000000,0.000000,0.000000,0.000000,0.120000,250.000000,-1010.000000,-153.000000,-1448.000000,240.000000,-43.000000,-21.000000,22.000000,22.000000,22.000000,22.000000,22.000000,22.000000,22.000000,37.000000,38.000000,39.000000,40.000000,40.000000,40.000000,43.000000,1,1,1,1,1,1,1,0,0,0,0,0,0,0,75,5400.359863,1218,0,1,0.838317,-0.081549,-0.272000,2.989000,-0.646000,0.000000,3
7.338046,-11.687000,-25.188999,-10.816000,56.394001,27.875000,24.625000,163.479004,0.000000,0.000000,0.000000,0.000000,0.000000,0.000000,0.120000,250.000000,-1010.000000,-153.000000,-1448.000000,240.000000,-43.000000,-21.000000,22.000000,22.000000,22.000000,22.000000,22.000000,22.000000,22.000000,37.000000,38.000000,39.000000,40.000000,40.000000,40.000000,43.000000,1,1,1,1,1,1,1,0,0,0,0,0,0,0,75,5400.359863,1218,0,1,0.837674,-0.083447,-0.271999,2.989000,-0.646000,0.000000,3
7.347997,-10.941000,-25.275000,-11.384000,56.667000,27.979000,24.447001,162.998993,0.000000,0.000000,0.000000,0.000000,0.000000,0.000000,0.120000,250.000000,-1010.000000,-153.000000,-1448.000000,240.000000,-43.000000,-21.000000,22.000000,22.000000,22.000000,22.000000,22.000000,22.000000,22.000000,37.000000,38.000000,39.000000,40.000000,40.000000,40.000000,43.000000,1,1,1,1,1,1,1,0,0,0,0,0,0,0,75,5400.359863,1217,0,1,0.837002,-0.085335,-0.272000,2.989000,-0.646000,0.000000,3
7.358062,-10.196000,-25.368999,-11.947000,56.949001,28.079000,24.264000,162.518005,0.000000,0.000000,0.000000,0.000000,0.000000,0.000000,0.120000,250.000000,-1010.000000,-153.000000,-1448.000000,240.000000,-43.000000,-21.000000,22.000000,22.000000,22.000000,22.000000,22.000000,22.000000,22.000000,37.000000,38.000000,39.000000,40.000000,40.000000,40.000000,43.000000,1,1,1,1,1,1,1,0,0,0,0,0,0,0,75,5400.357910,1217,0,1,0.836303,-0.087213,-0.271999,2.988000,-0.646000,0.000000,3
7.367971,-9.454000,-25.472000,-12.504000,57.240002,28.176001,24.077000,162.037003,0.000000,0.000000,0.000000,0.000000,0.000000,0.000000,0.120000,250.000000,-1010.000000,-153.000000,-1448.000000,240.000000,-43.000000,-21.000000,22.000000,22.000000,22.000000,22.000000,22.000000,22.000000,22.000000,37.000000,38.000000,39.000000,40.000000,40.000000,40.000000,43.000000,1,1,1,1,1,1,1,0,0,0,0,0,0,0,75,5400.359863,1217,0,1,0.835574,-0.089080,-0.272000,2.989000,-0.646000,0.000000,3
7.378049,-8.565000,-25.608000,-13.164000,57.602001,28.288000,23.846001,161.459000,0.000000,0.000000,0.000000,0.000000,0.000000,0.000000,0.120000,250.000000,-1010.000000,-153.000000,-1448.000000,240.000000,-43.000000,-21.000000,22.000000,22.000000,22.000000,22.000000,22.000000,22.000000,22.000000,37.000000,38.000000,39.000000,40.000000,40.000000,40.000000,43.000000,1,1,1,1,1,1,1,0,0,0,0,0,0,0,75,5400.359863,1218,0,1,0.834663,-0.091305,-0.271999,2.989000,-0.646000,0.000000,3
7.388010,-7.827000,-25.730000,-13.705000,57.912998,28.377001,23.648001,160.977005,0.000000,0.000000,0.000000,0.000000,0.000000,0.000000,0.120000,250.000000,-1010.000000,-153.000000,-1448.000000,240.000000,-43.000000,-21.000000,22.000000,22.000000,22.000000,22.000000,22.000000,22.000000,22.000000,37.000000,38.000000,39.000000,40.000000,40.000000,40.000000,43.000000,1,1,1,1,1,1,1,0,0,0,0,0,0,0,75,5400.360840,1217,0,1,0.833873,-0.093147,-0.271999,2.988000,-0.646000,0.000000,3
7.398081,-7.093000,-25.861000,-14.240000,58.233002,28.461000,23.445000,160.494995,0.000000,0.000000,0.000000,0.000000,0.000000,0.000000,0.120000,250.000000,-1010.000000,-153.000000,-1448.000000,240.000000,-43.000000,-21.000000,22.000000,22.000000,22.000000,22.000000,22.000000,22.000000,22.000000,37.000000,38.000000,39.000000,40.000000,40.000000,40.000000,43.000000,1,1,1,1,1,1,1,0,0,0,0,0,0,0,75,5400.357910,1218,0,1,0.833056,-0.094977,-0.272000,2.988000,-0.646000,0.000000,3
7.408022,-6.361000,-26.000999,-14.766000,58.561001,28.541000,23.238001,160.014008,0.000000,0.000000,0.000000,0.000000,0.000000,0.000000,0.120000,250.000000,-1010.000000,-153.000000,-1448.000000,240.000000,-43.000000,-21.000000,22.000000,22.000000,22.000000,22.000000,22.000000,22.000000,22.000000,37.000000,38.000000,39.000000,40.000000,40.000000,40.000000,43.000000,1,1,1,1,1,1,1,0,0,0,0,0,0,0,75,5400.359863,1217,0,1,0.832210,-0.096794,-0.272000,2.989000,-0.646000,0.000000,3
7.418023,-5.924000,-26.087999,-15.078000,58.762001,28.587000,23.111000,159.725006,0.000000,0.000000,0.000000,0.000000,0.000000,0.000000,0.120000,250.000000,-1010.000000,-153.000000,-1448.000000,240.000000,-43.000000,-21.000000,22.000000,22.000000,22.000000,22.000000,22.000000,22.000000,22.000000,37.000000,38.000000,39.000000,40.000000,40.000000,40.000000,43.000000,1,1,1,1,1,1,1,0,0,0,0,0,0,0,75,5400.357910,1218,0,1,0.831690,-0.097878,-0.271999,2.989000,-0.646000,0.000000,3
7.428159,-4.758000,-26.363001,-15.885000,59.367001,28.698000,22.733999,158.938995,0.000000,0.000000,0.000000,0.000000,0.000000,0.000000,0.120000,250.000000,-1010.000000,-153.000000,-1448.000000,240.000000,-43.000000,-21.000000,22.000000,22.000000,22.000000,22.000000,22.000000,22.000000,22.000000,37.000000,38.000000,39.000000,40.000000,40.000000,40.000000,43.000000,1,1,1,1,1,1,1,0,0,0,0,0,0,0,75,5400.357910,1218,0,1,0.830147,-0.100742,-0.272000,2.989000,-0.646000,0.000000,0
7.438002,-4.313000,-26.509001,-16.166000,59.681000,28.733999,22.541000,158.619003,0.000000,0.000000,0.000000,0.000000,0.000000,0.000000,0.120000,250.000000,-1010.000000,-153.000000,-1448.000000,240.000000,-43.000000,-21.000000,22.000000,22.000000,22.000000,22.000000,22.000000,22.000000,22.000000,37.000000,38.000000,39.000000,40.000000,40.000000,40.000000,43.000000,1,1,1,1,1,1,1,0,0,0,0,0,0,0,75,5400.357910,1217,0,1,0.829384,-0.101803,-0.272000,2.989000,-0.646000,0.000000,0
7.447981,-3.530000,-26.834000,-16.615000,60.366001,28.785999,22.125000,158.026993,0.000000,0.000000,0.000000,0.000000,0.000000,0.000000,0.120000,250.000000,-1010.000000,-153.000000,-1448.000000,240.000000,-43.000000,-21.000000,22.000000,22.000000,22.000000,22.000000,22.000000,22.000000,22.000000,37.000000,38.000000,39.000000,40.000000,40.000000,40.000000,43.000000,1,1,1,1,1,1,1,0,0,0,0,0,0,0,75,5400.359863,1217,0,1,0.827765,-0.103612,-0.272000,2.989000,-0.646000,0.000000,0
7.457992,-2.687000,-27.284000,-17.031000,61.305000,28.823999,21.559000,157.343002,0.000000,0.000000,0.000000,0.000000,0.000000,0.000000,0.120000,250.000000,-1010.000000,-153.000000,-1448.000000,240.000000,-43.000000,-21.000000,22.000000,22.000000,22.000000,22.000000,22.000000,22.000000,22.000000,37.000000,38.000000,39.000000,40.000000,40.000000,40.000000,43.000000,1,1,1,1,1,1,1,0,0,0,0,0,0,0,75,5400.359863,1217,0,1,0.825593,-0.105472,-0.271999,2.989000,-0.646000,0.000000,0
7.468043,-1.640000,-28.016001,-17.429001,62.820000,28.837999,20.646000,156.417007,0.000000,0.000000,0.000000,0.000000,0.000000,0.000000,0.120000,250.000000,-1010.000000,-153.000000,-1448.000000,240.000000,-43.000000,-21.000000,22.000000,22.000000,22.000000,22.000000,22.000000,22.000000,22.000000,37.000000,38.000000,39.000000,40.000000,40.000000,40.000000,43.000000,1,1,1,1,1,1,1,0,0,0,0,0,0,0,75,5400.357910,1218,0,1,0.822126,-0.107614,-0.271999,2.989000,-0.646000,0.000000,0
7.478042,-0.822000,-28.782000,-17.608999,64.400002,28.813000,19.695000,155.613998,0.000000,0.000000,0.000000,0.000000,0.000000,0.000000,0.120000,250.000000,-1010.000000,-153.000000,-1448.000000,240.000000,-43.000000,-21.000000,22.000000,22.000000,22.000000,22.000000,22.000000,22.000000,22.000000,37.000000,38.000000,39.000000,40.000000,40.000000,40.000000,43.000000,1,1,1,1,1,1,1,0,0,0,0,0,0,0,75,5400.356934,1218,0,1,0.818534,-0.109072,-0.271999,2.989000,-0.646000,0.000000,0
7.487976,-0.170000,-29.652000,-17.579000,66.203003,28.754000,18.608999,154.867004,0.000000,0.000000,0.000000,0.000000,0.000000,0.000000,0.120000,250.000000,-1010.000000,-153.000000,-1448.000000,240.000000,-43.000000,-21.000000,22.000000,22.000000,22.000000,22.000000,22.000000,22.000000,22.000000,37.000000,38.000000,39.000000,40.000000,40.000000,40.000000,43.000000,1,1,1,1,1,1,1,0,0,0,0,0,0,0,75,5400.357910,1218,0,1,0.814457,-0.109914,-0.271999,2.989000,-0.646000,0.000000,0
7.497937,0.327000,-30.726000,-17.285000,68.450996,28.658001,17.256001,154.130997,0.000000,0.000000,0.000000,0.000000,0.000000,0.000000,0.120000,250.000000,-1010.000000,-153.000000,-1448.000000,240.000000,-43.000000,-21.000000,22.000000,22.000000,22.000000,22.000000,22.000000,22.000000,22.000000,37.000000,38.000000,39.000000,40.000000,40.000000,40.000000,43.000000,1,1,1,1,1,1,1,0,0,0,0,0,0,0,75,5400.359863,1217,0,1,0.809373,-0.110000,-0.272000,2.989000,-0.645000,0.000000,1
7.507967,0.738000,-31.603001,-17.052000,70.277000,28.569000,16.153000,153.556000,0.000000,0.000000,0.000000,0.000000,0.000000,0.000000,0.120000,250.000000,-1010.000000,-153.000000,-1448.000000,240.000000,-43.000000,-21.000000,22.000000,22.000000,22.000000,22.000000,22.000000,22.000000,22.000000,37.000000,38.000000,39.000000,40.000000,40.000000,40.000000,43.000000,1,1,1,1,1,1,1,0,0,0,0,0,0,0,75,5400.359863,1218,0,1,0.805122,-0.110000,-0.271999,2.989000,-0.645000,0.000000,1
7.517894,1.166000,-32.467999,-16.846001,72.069000,28.471001,15.074000,153.003006,0.000000,0.000000,0.000000,0.000000,0.000000,0.000000,0.120000,250.000000,-1010.000000,-153.000000,-1448.000000,240.000000,-43.000000,-21.000000,22.000000,22.000000,22.000000,22.000000,22.000000,22.000000,22.000000,37.000000,38.000000,39.000000,40.000000,40.000000,40.000000,43.000000,1,1,1,1,1,1,1,0,0,0,0,0,0,0,75,5400.357910,1218,0,1,0.800821,-0.110000,-0.271999,2.989000,-0.645000,0.000000,1
7.528009,1.430000,-32.983002,-16.735001,73.129997,28.408001,14.440000,152.682007,0.000000,0.000000,0.000000,0.000000,0.000000,0.000000,0.120000,250.000000,-1010.000000,-153.000000,-1448.000000,240.000000,-43.000000,-21.000000,22.000000,22.000000,22.000000,22.000000,22.000000,22.000000,22.000000,37.000000,38.000000,39.000000,40.000000,40.000000,40.000000,43.000000,1,1,1,1,1,1,1,0,0,0,0,0,0,0,75,5400.357910,1217,0,1,0.798205,-0.109999,-0.271999,2.989000,-0.645000,0.000000,1
7.537997,1.879000,-33.839001,-16.569000,74.876999,28.294001,13.409000,152.162994,0.000000,0.000000,0.000000,0.000000,0.000000,0.000000,0.120000,250.000000,-1010.000000,-153.000000,-1448.000000,240.000000,-43.000000,-21.000000,22.000000,22.000000,22.000000,22.000000,22.000000,22.000000,22.000000,37.000000,38.000000,39.000000,40.000000,40.000000,40.000000,43.000000,1,1,1,1,1,1,1,0,0,0,0,0,0,0,75,5400.357910,1218,0,1,0.793766,-0.110000,-0.271999,2.989000,-0.644000,0.000000,1
7.547938,2.336000,-34.694000,-16.426001,76.600998,28.167999,12.413000,151.666000,0.000000,0.000000,0.000000,0.000000,0.000000,0.000000,0.120000,250.000000,-1010.000000,-153.000000,-1448.000000,240.000000,-43.000000,-21.000000,22.000000,22.000000,22.000000,22.000000,22.000000,22.000000,22.000000,37.000000,38.000000,39.000000,40.000000,40.000000,40.000000,43.000000,1,1,1,1,1,1,1,0,0,0,0,0,0,0,75,5400.357910,1218,0,1,0.789209,-0.109999,-0.272000,2.989000,-0.644000,0.000000,1
7.557982,2.797000,-35.550999,-16.305000,78.306000,28.031000,11.459000,151.190002,0.000000,0.000000,0.000000,0.000000,0.000000,0.000000,0.120000,250.000000,-1010.000000,-153.000000,-1448.000000,240.000000,-43.000000,-21.000000,22.000000,22.000000,22.000000,22.000000,22.000000,22.000000,22.000000,37.000000,38.000000,39.000000,40.000000,40.000000,40.000000,43.000000,1,1,1,1,1,1,1,0,0,0,0,0,0,0,75,5400.357910,1217,0,1,0.784510,-0.110000,-0.272000,2.989000,-0.642000,0.000000,1
7.567924,3.256000,-36.411999,-16.207001,79.994003,27.882999,10.550000,150.735992,0.000000,0.000000,0.000000,0.000000,0.000000,0.000000,0.120000,250.000000,-1010.000000,-153.000000,-1448.000000,240.000000,-43.000000,-21.000000,22.000000,22.000000,22.000000,22.000000,22.000000,22.000000,22.000000,37.000000,38.000000,39.000000,40.000000,40.000000,40.000000,43.000000,1,1,1,1,1,1,1,0,0,0,0,0,0,0,75,5400.357910,1217,0,1,0.779649,-0.110000,-0.271999,2.990000,-0.641000,0.000000,1
7.578025,3.800000,-37.456001,-16.117001,81.999001,27.690001,9.530000,150.220993,0.000000,0.000000,0.000000,0.000000,0.000000,0.000000,0.120000,250.000000,-1010.000000,-153.000000,-1448.000000,240.000000,-43.000000,-21.000000,22.000000,22.000000,22.000000,22.000000,22.000000,22.000000,22.000000,37.000000,38.000000,39.000000,40.000000,40.000000,40.000000,43.000000,1,1,1,1,1,1,1,0,0,0,0,0,0,0,75,5400.359863,1217,0,1,0.773574,-0.109999,-0.272000,2.990000,-0.638000,0.000000,1
7.588001,4.241000,-38.334999,-16.065001,83.652000,27.517000,8.745000,149.815002,0.000000,0.000000,0.000000,0.000000,0.000000,0.000000,0.120000,250.000000,-1010.000000,-153.000000,-1448.000000,240.000000,-43.000000,-21.000000,22.000000,22.000000,22.000000,22.000000,22.000000,22.000000,22.000000,37.000000,38.000000,39.000000,40.000000,40.000000,40.000000,43.000000,1,1,1,1,1,1,1,0,0,0,0,0,0,0,75,5400.357910,1218,0,1,0.768294,-0.110000,-0.271999,2.991000,-0.635000,0.000000,1
7.598000,4.667000,-39.224998,-16.035000,85.290001,27.336000,8.027000,149.431000,0.000000,0.000000,0.000000,0.000000,0.000000,0.000000,0.120000,250.000000,-1010.000000,-153.000000,-1448.000000,240.000000,-43.000000,-21.000000,22.000000,22.000000,22.000000,22.000000,22.000000,22.000000,22.000000,37.000000,38.000000,39.000000,40.000000,40.000000,40.000000,43.000000,1,1,1,1,1,1,1,0,0,0,0,0,0,0,75,5400.357910,1217,0,1,0.762802,-0.109999,-0.272000,2.992000,-0.632000,-0.001000,1
7.607993,5.071000,-40.125999,-16.025999,86.911003,27.146000,7.381000,149.069000,0.000000,0.000000,0.000000,0.000000,0.000000,0.000000,0.120000,250.000000,-1010.000000,-153.000000,-1448.000000,240.000000,-43.000000,-21.000000,22.000000,22.000000,22.000000,22.000000,22.000000,22.000000,22.000000,37.000000,38.000000,39.000000,40.000000,40.000000,40.000000,43.000000,1,1,1,1,1,1,1,0,0,0,0,0,0,0,75,5400.357910,1218,0,1,0.757091,-0.110000,-0.271999,2.993000,-0.628000,-0.001000,1
7.618009,5.451000,-41.036999,-16.038000,88.512001,26.950001,6.814000,148.725998,0.000000,0.000000,0.000000,0.000000,0.000000,0.000000,0.120000,250.000000,-1010.000000,-153.000000,-1448.000000,240.000000,-43.000000,-21.000000,22.000000,22.000000,22.000000,22.000000,22.000000,22.000000,22.000000,37.000000,38.000000,39.000000,40.000000,40.000000,40.000000,43.000000,1,1,1,1,1,1,1,0,0,0,0,0,0,0,75,5400.357910,1217,0,1,0.751155,-0.110000,-0.271999,2.994000,-0.623000,-0.001000,1
7.627998,5.665000,-41.589001,-16.056000,89.461998,26.830999,6.514000,148.529999,0.000000,0.000000,0.000000,0.000000,0.000000,0.000000,0.120000,250.000000,-1010.000000,-153.000000,-1448.000000,240.000000,-43.000000,-21.000000,22.000000,22.000000,22.000000,22.000000,22.000000,22.000000,22.000000,37.000000,38.000000,39.000000,40.000000,40.000000,40.000000,43.000000,1,1,1,1,1,1,1,0,0,0,0,0,0,0,75,5400.359863,1217,0,1,0.747485,-0.110000,-0.271999,2.995000,-0.620000,-0.001000,1
7.637969,6.180000,-43.078999,-16.141001,91.949997,26.504999,5.876000,148.039993,0.000000,0.000000,0.000000,0.000000,0.000000,0.000000,0.120000,250.000000,-1010.000000,-153.000000,-1448.000000,240.000000,-43.000000,-21.000000,22.000000,22.000000,22.000000,22.000000,22.000000,22.000000,22.000000,37.000000,38.000000,39.000000,40.000000,40.000000,40.000000,43.000000,1,1,1,1,1,1,1,0,0,0,0,0,0,0,75,5400.359863,1217,0,1,0.737304,-0.110000,-0.271999,2.997000,-0.610000,-0.002000,1
7.647983,6.455000,-44.020000,-16.223000,93.463997,26.298000,5.604000,147.755005,0.000000,0.000000,0.000000,0.000000,0.000000,0.000000,0.120000,250.000000,-1010.000000,-153.000000,-1448.000000,240.000000,-43.000000,-21.000000,22.000000,22.000000,22.000000,22.000000,22.000000,22.000000,22.000000,37.000000,38.000000,39.000000,40.000000,40.000000,40.000000,43.000000,1,1,1,1,1,1,1,0,0,0,0,0,0,0,75,5400.359863,1218,0,1,0.730658,-0.110000,-0.271999,2.998000,-0.603000,-0.002000,1
7.658065,6.601000,-44.587002,-16.284000,94.355003,26.174000,5.490000,147.591995,0.000000,0.000000,0.000000,0.000000,0.000000,0.000000,0.120000,250.000000,-1010.000000,-153.000000,-1448.000000,240.000000,-43.000000,-21.000000,22.000000,22.000000,22.000000,22.000000,22.000000,22.000000,22.000000,37.000000,38.000000,39.000000,40.000000,40.000000,40.000000,43.000000,1,1,1,1,1,1,1,0,0,0,0,0,0,0,75,5400.357910,1218,0,1,0.726569,-0.109999,-0.272000,3.000000,-0.599000,-0.003000,1
7.668025,6.813000,-45.535999,-16.403000,95.806999,25.968000,5.385000,147.330002,0.000000,0.000000,0.000000,0.000000,0.000000,0.000000,0.120000,250.000000,-1010.000000,-153.000000,-1448.000000,240.000000,-43.000000,-21.000000,22.000000,22.000000,22.000000,22.000000,22.000000,22.000000,22.000000,37.000000,38.000000,39.000000,40.000000,40.000000,40.000000,43.000000,1,1,1,1,1,1,1,0,0,0,0,0,0,0,75,5400.359863,1217,0,1,0.719598,-0.110000,-0.271999,3.001000,-0.590000,-0.003000,1
7.678106,6.984000,-46.486000,-16.546000,97.212997,25.764000,5.389000,147.082001,0.000000,0.000000,0.000000,0.000000,0.000000,0.000000,0.120000,250.000000,-1010.000000,-153.000000,-1448.000000,240.000000,-43.000000,-21.000000,22.000000,22.000000,22.000000,22.000000,22.000000,22.000000,22.000000,37.000000,38.000000,39.000000,40.000000,40.000000,40.000000,43.000000,1,1,1,1,1,1,1,0,0,0,0,0,0,0,75,5400.357910,1218,0,1,0.712442,-0.110000,-0.271999,3.003000,-0.581000,-0.004000,1
7.688096,7.132000,-47.620998,-16.749001,98.831001,25.521000,5.545000,146.796997,0.000000,0.000000,0.000000,0.000000,0.000000,0.000000,0.120000,250.000000,-1010.000000,-153.000000,-1448.000000,240.000000,-43.000000,-21.000000,22.000000,22.000000,22.000000,22.000000,22.000000,22.000000,22.000000,37.000000,38.000000,39.000000,40.000000,40.000000,40.000000,43.000000,1,1,1,1,1,1,1,0,0,0,0,0,0,0,75,5400.356934,1217,0,1,0.703636,-0.110000,-0.271999,3.006000,-0.569000,-0.004000,1
7.698132,7.208000,-48.560001,-16.945000,100.114998,25.320000,5.801000,146.572006,0.000000,0.000000,0.000000,0.000000,0.000000,0.000000,0.120000,250.000000,-1010.000000,-153.000000,-1448.000000,240.000000,-43.000000,-21.000000,22.000000,22.000000,22.000000,22.000000,22.000000,22.000000,22.000000,37.000000,38.000000,39.000000,40.000000,40.000000,40.000000,43.000000,1,1,1,1,1,1,1,0,0,0,0,0,0,0,75,5400.359863,1217,0,1,0.696141,-0.110000,-0.271999,3.009000,-0.559000,-0.005000,1
7.708136,7.242000,-49.487000,-17.166000,101.333000,25.122000,6.174000,146.354996,0.000000,0.000000,0.000000,0.000000,0.000000,0.000000,0.120000,250.000000,-1010.000000,-153.000000,-1448.000000,240.000000,-43.000000,-21.000000,22.000000,22.000000,22.000000,22.000000,22.000000,22.000000,22.000000,37.000000,38.000000,39.000000,40.000000,40.000000,40.000000,43.000000,1,1,1,1,1,1,1,0,0,0,0,0,0,0,75,5400.357910,1218,0,1,0.688526,-0.110000,-0.271999,3.011000,-0.547000,-0.006000,1
7.718109,7.233000,-50.396999,-17.412001,102.480003,24.924000,6.664000,146.147003,0.000000,0.000000,0.000000,0.000000,0.000000,0.000000,0.120000,250.000000,-1010.000000,-153.000000,-1448.000000,240.000000,-43.000000,-21.000000,22.000000,22.000000,22.000000,22.000000,22.000000,22.000000,22.000000,37.000000,38.000000,39.000000,40.000000,40.000000,40.000000,43.000000,1,1,1,1,1,1,1,0,0,0,0,0,0,0,75,5400.359863,1217,0,1,0.680819,-0.110000,-0.271999,3.014000,-0.535000,-0.006000,1
7.728038,7.209000,-50.932999,-17.570999,103.132004,24.805000,7.012000,146.026001,0.000000,0.000000,0.000000,0.000000,0.000000,0.000000,0.120000,250.000000,-1010.000000,-153.000000,-1448.000000,240.000000,-43.000000,-21.000000,22.000000,22.000000,22.000000,22.000000,22.000000,22.000000,22.000000,37.000000,38.000000,39.000000,40.000000,40.000000,40.000000,43.000000,1,1,1,1,1,1,1,0,0,0,0,0,0,0,75,5400.359863,1218,0,1,0.676159,-0.109999,-0.272000,3.015000,-0.527000,-0.006000,1
7.738052,7.077000,-52.316002,-18.038000,104.727997,24.485001,8.139000,145.720001,0.000000,0.000000,0.000000,0.000000,0.000000,0.000000,0.120000,250.000000,-1010.000000,-153.000000,-1448.000000,240.000000,-43.000000,-21.000000,22.000000,22.000000,22.000000,22.000000,22.000000,22.000000,22.000000,37.000000,38.000000,39.000000,40.000000,40.000000,40.000000,43.000000,1,1,1,1,1,1,1,0,0,0,0,0,0,0,75,5400.359863,1217,0,1,0.663663,-0.109999,-0.272000,3.020000,-0.505000,-0.007000,1
7.748109,7.030000,-52.648998,-18.164000,105.093002,24.403000,8.464000,145.647003,0.000000,0.000000,0.000000,0.000000,0.000000,0.000000,0.120000,250.000000,-1010.000000,-153.000000,-1448.000000,240.000000,-43.000000,-21.000000,22.000000,22.000000,22.000000,22.000000,22.000000,22.000000,22.000000,37.000000,38.000000,39.000000,40.000000,40.000000,40.000000,43.000000,1,1,1,1,1,1,1,0,0,0,0,0,0,0,75,5400.357910,1218,0,1,0.660533,-0.110000,-0.271999,3.021000,-0.500000,-0.007000,1
7.758172,6.857000,-53.615002,-18.563000,106.108002,24.153999,9.535000,145.436996,0.000000,0.000000,0.000000,0.000000,0.000000,0.000000,0.120000,250.000000,-1010.000000,-153.000000,-1448.000000,240.000000,-43.000000,-21.000000,22.000000,22.000000,22.000000,22.000000,22.000000,22.000000,22.000000,37.000000,38.000000,39.000000,40.000000,40.000000,40.000000,43.000000,1,1,1,1,1,1,1,0,0,0,0,0,0,0,75,5400.359863,1217,0,1,0.651140,-0.110000,-0.271999,3.025000,-0.482000,-0.008000,1
7.768084,6.685000,-54.381001,-18.919001,106.864998,23.938999,10.528000,145.270996,0.000000,0.000000,0.000000,0.000000,0.000000,0.000000,0.120000,250.000000,-1010.000000,-153.000000,-1448.000000,240.000000,-43.000000,-21.000000,22.000000,22.000000,22.000000,22.000000,22.000000,22.000000,22.000000,37.000000,38.000000,39.000000,40.000000,40.000000,40.000000,43.000000,1,1,1,1,1,1,1,0,0,0,0,0,0,0,75,5400.357910,1218,0,1,0.643314,-0.110000,-0.271999,3.028000,-0.467000,-0.008000,1
7.778076,6.490000,-55.109001,-19.294001,107.545998,23.715000,11.600000,145.113007,0.000000,0.000000,0.000000,0.000000,0.000000,0.000000,0.120000,250.000000,-1010.000000,-153.000000,-1448.000000,240.000000,-43.000000,-21.000000,22.000000,22.000000,22.000000,22.000000,22.000000,22.000000,22.000000,37.000000,38.000000,39.000000,40.000000,40.000000,40.000000,43.000000,1,1,1,1,1,1,1,0,0,0,0,0,0,0,75,5400.357910,1217,0,1,0.635501,-0.109999,-0.272000,3.031000,-0.451000,-0.009000,1
7.788124,6.279000,-55.796001,-19.686001,108.152000,23.480000,12.741000,144.962006,0.000000,0.000000,0.000000,0.000000,0.000000,0.000000,0.120000,250.000000,-1010.000000,-153.000000,-1448.000000,240.000000,-43.000000,-21.000000,22.000000,22.000000,22.000000,22.000000,22.000000,22.000000,22.000000,37.000000,38.000000,39.000000,40.000000,40.000000,40.000000,43.000000,1,1,1,1,1,1,1,0,0,0,0,0,0,0,75,5400.357910,1218,0,1,0.627719,-0.110000,-0.271999,3.035000,-0.435000,-0.009000,1
7.798019,6.011000,-56.563999,-20.177000,108.783997,23.183001,14.188000,144.789993,0.000000,0.000000,0.000000,0.000000,0.000000,0.000000,0.120000,250.000000,-1010.000000,-153.000000,-1448.000000,240.000000,-43.000000,-21.000000,22.000000,22.000000,22.000000,22.000000,22.000000,22.000000,22.000000,37.000000,38.000000,39.000000,40.000000,40.000000,40.000000,43.000000,1,1,1,1,1,1,1,0,0,0,0,0,0,0,75,5400.357910,1218,0,1,0.618442,-0.110000,-0.271999,3.039000,-0.415000,-0.009000,1
7.807990,5.779000,-57.154999,-20.599001,109.236000,22.924000,15.444000,144.654999,0.000000,0.000000,0.000000,0.000000,0.000000,0.000000,0.120000,250.000000,-1010.000000,-153.000000,-1448.000000,240.000000,-43.000000,-21.000000,22.000000,22.000000,22.000000,22.000000,22.000000,22.000000,22.000000,37.000000,38.000000,39.000000,40.000000,40.000000,40.000000,43.000000,1,1,1,1,1,1,1,0,0,0,0,0,0,0,75,5400.359863,1218,0,1,0.610782,-0.109999,-0.272000,3.042000,-0.398000,-0.010000,1
7.818052,5.545000,-57.700001,-21.030001,109.624001,22.653000,16.736000,144.526993,0.000000,0.000000,0.000000,0.000000,0.000000,0.000000,0.120000,250.000000,-1010.000000,-153.000000,-1448.000000,240.000000,-43.000000,-21.000000,22.000000,22.000000,22.000000,22.000000,22.000000,22.000000,22.000000,37.000000,38.000000,39.000000,40.000000,40.000000,40.000000,43.000000,1,1,1,1,1,1,1,0,0,0,0,0,0,0,75,5400.359863,1218,0,1,0.603204,-0.110000,-0.272000,3.045000,-0.381000,-0.010000,1
7.828095,5.312000,-58.198002,-21.468000,109.952003,22.371000,18.049999,144.404999,0.000000,0.000000,0.000000,0.000000,0.000000,0.000000,0.120000,250.000000,-1010.000000,-153.000000,-1448.000000,240.000000,-43.000000,-21.000000,22.000000,22.000000,22.000000,22.000000,22.000000,22.000000,22.000000,37.000000,38.000000,39.000000,40.000000,40.000000,40.000000,43.000000,1,1,1,1,1,1,1,0,0,0,0,0,0,0,75,5400.357910,1217,0,1,0.595722,-0.109999,-0.272000,3.049000,-0.363000,-0.010000,1
7.838159,5.174000,-58.473999,-21.733000,110.122002,22.197001,18.846001,144.335007,0.000000,0.000000,0.000000,0.000000,0.000000,0.000000,0.120000,250.000000,-1010.000000,-153.000000,-1448.000000,240.000000,-43.000000,-21.000000,22.000000,22.000000,22.000000,22.000000,22.000000,22.000000,22.000000,37.000000,38.000000,39.000000,40.000000,40.000000,40.000000,43.000000,1,1,1,1,1,1,1,0,0,0,0,0,0,0,75,5400.359863,1218,0,1,0.591286,-0.109999,-0.272000,3.051000,-0.353000,-0.010000,1
7.847985,4.951000,-58.897999,-22.174999,110.363998,21.900999,20.176001,144.220993,0.000000,0.000000,0.000000,0.000000,0.000000,0.000000,0.120000,250.000000,-1010.000000,-153.000000,-1448.000000,240.000000,-43.000000,-21.000000,22.000000,22.000000,22.000000,22.000000,22.000000,22.000000,22.000000,37.000000,38.000000,39.000000,40.000000,40.000000,40.000000,43.000000,1,1,1,1,1,1,1,0,0,0,0,0,0,0,75,5400.359863,1217,0,1,0.583990,-0.109999,-0.271999,3.054000,-0.335000,-0.010000,1
7.858035,4.736000,-59.277000,-22.615999,110.559998,21.597000,21.503000,144.113007,0.000000,0.000000,0.000000,0.000000,0.000000,0.000000,0.120000,250.000000,-1010.000000,-153.000000,-1448.000000,240.000000,-43.000000,-21.000000,22.000000,22.000000,22.000000,22.000000,22.000000,22.000000,22.000000,37.000000,38.000000,39.000000,40.000000,40.000000,40.000000,43.000000,1,1,1,1,1,1,1,0,0,0,0,0,0,0,75,5400.357910,1218,0,1,0.576829,-0.110000,-0.271999,3.058000,-0.318000,-0.010000,1
7.868127,4.494000,-59.674000,-23.139999,110.740997,21.226000,23.077000,143.988007,0.000000,0.000000,0.000000,0.000000,0.000000,0.000000,0.120000,250.000000,-1010.000000,-153.000000,-1448.000000,240.000000,-43.000000,-21.000000,22.000000,22.000000,22.000000,22.000000,22.000000,22.000000,22.000000,37.000000,38.000000,39.000000,40.000000,40.000000,40.000000,43.000000,1,1,1,1,1,1,1,0,0,0,0,0,0,0,75,5400.357910,1217,0,1,0.568430,-0.110000,-0.272000,3.062000,-0.297000,-0.009000,1
7.878048,4.308000,-59.958000,-23.570000,110.852997,20.913000,24.365000,143.886993,0.000000,0.000000,0.000000,0.000000,0.000000,0.000000,0.120000,250.000000,-1010.000000,-153.000000,-1448.000000,240.000000,-43.000000,-21.000000,22.000000,22.000000,22.000000,22.000000,22.000000,22.000000,22.000000,37.000000,38.000000,39.000000,40.000000,40.000000,40.000000,43.000000,1,1,1,1,1,1,1,0,0,0,0,0,0,0,75,5400.359863,1217,0,1,0.561608,-0.110000,-0.272000,3.065000,-0.280000,-0.009000,1
7.888058,4.135000,-60.203999,-23.992001,110.935997,20.599001,25.621000,143.789001,0.000000,0.000000,0.000000,0.000000,0.000000,0.000000,0.120000,250.000000,-1010.000000,-153.000000,-1448.000000,240.000000,-43.000000,-21.000000,22.000000,22.000000,22.000000,22.000000,22.000000,22.000000,22.000000,37.000000,38.000000,39.000000,40.000000,40.000000,40.000000,43.000000,1,1,1,1,1,1,1,0,0,0,0,0,0,0,75,5400.359863,1217,0,1,0.554960,-0.110000,-0.271999,3.068000,-0.263000,-0.009000,1
7.898137,3.978000,-60.414001,-24.403000,110.995003,20.285999,26.841000,143.692993,0.000000,0.000000,0.000000,0.000000,0.000000,0.000000,0.120000,250.000000,-1010.000000,-153.000000,-1448.000000,240.000000,-43.000000,-21.000000,22.000000,22.000000,22.000000,22.000000,22.000000,22.000000,22.000000,37.000000,38.000000,39.000000,40.000000,40.000000,40.000000,43.000000,1,1,1,1,1,1,1,0,0,0,0,0,0,0,75,5400.359863,1218,0,1,0.548497,-0.110000,-0.271999,3.071000,-0.246000,-0.009000,1
7.908080,3.809000,-60.623001,-24.881001,111.041000,19.914000,28.247000,143.580002,0.000000,0.000000,0.000000,0.000000,0.000000,0.000000,0.120000,250.000000,-1010.000000,-153.000000,-1448.000000,240.000000,-43.000000,-21.000000,22.000000,22.000000,22.000000,22.000000,22.000000,22.000000,22.000000,37.000000,38.000000,39.000000,40.000000,40.000000,40.000000,43.000000,1,1,1,1,1,1,1,0,0,0,0,0,0,0,75,5400.357910,1217,0,1,0.540997,-0.109999,-0.272000,3.075000,-0.226000,-0.008000,1
7.918032,3.685000,-60.764000,-25.264999,111.065002,19.610001,29.365000,143.485001,0.000000,0.000000,0.000000,0.000000,0.000000,0.000000,0.120000,250.000000,-1010.000000,-153.000000,-1448.000000,240.000000,-43.000000,-21.000000,22.000000,22.000000,22.000000,22.000000,22.000000,22.000000,22.000000,37.000000,38.000000,39.000000,40.000000,40.000000,40.000000,43.000000,1,1,1,1,1,1,1,0,0,0,0,0,0,0,75,5400.359863,1217,0,1,0.534971,-0.110000,-0.271999,3.078000,-0.211000,-0.008000,1
7.928121,3.618000,-60.837002,-25.488001,111.074997,19.430000,30.010000,143.429001,0.000000,0.000000,0.000000,0.000000,0.000000,0.000000,0.120000,250.000000,-1010.000000,-153.000000,-1448.000000,240.000000,-43.000000,-21.000000,22.000000,22.000000,22.000000,22.000000,22.000000,22.000000,22.000000,37.000000,38.000000,39.000000,40.000000,40.000000,40.000000,43.000000,1,1,1,1,1,1,1,0,0,0,0,0,0,0,75,5400.359863,1217,0,1,0.531457,-0.110000,-0.271999,3.080000,-0.201000,-0.007000,1
7.938007,3.517000,-60.939999,-25.848000,111.086998,19.138000,31.041000,143.335007,0.000000,0.000000,0.000000,0.000000,0.000000,0.000000,0.120000,250.000000,-1010.000000,-153.000000,-1448.000000,240.000000,-43.000000,-21.000000,22.000000,22.000000,22.000000,22.000000,22.000000,22.000000,22.000000,37.000000,38.000000,39.000000,40.000000,40.000000,40.000000,43.000000,1,1,1,1,1,1,1,0,0,0,0,0,0,0,75,5400.359863,1218,0,1,0.525772,-0.109999,-0.272000,3.083000,-0.186000,-0.007000,1
7.948112,3.430000,-61.022999,-26.193001,111.098000,18.855000,32.013000,143.240005,0.000000,0.000000,0.000000,0.000000,0.000000,0.000000,0.120000,250.000000,-1010.000000,-153.000000,-1448.000000,240.000000,-43.000000,-21.000000,22.000000,22.000000,22.000000,22.000000,22.000000,22.000000,22.000000,37.000000,38.000000,39.000000,40.000000,40.000000,40.000000,43.000000,1,1,1,1,1,1,1,0,0,0,0,0,0,0,75,5400.359863,1218,0,1,0.520309,-0.110000,-0.271999,3.085000,-0.172000,-0.006000,1
7.958229,3.342000,-61.102001,-26.586000,111.113998,18.528999,33.098000,143.125000,0.000000,0.000000,0.000000,0.000000,0.000000,0.000000,0.120000,250.000000,-1010.000000,-153.000000,-1448.000000,240.000000,-43.000000,-21.000000,22.000000,22.000000,22.000000,22.000000,22.000000,22.000000,22.000000,37.000000,38.000000,39.000000,40.000000,40.000000,40.000000,43.000000,1,1,1,1,1,1,1,0,0,0,0,0,0,0,75,5400.357910,1218,0,1,0.514050,-0.109999,-0.272000,3.088000,-0.155000,-0.006000,1
7.967992,3.280000,-61.153999,-26.896999,111.134003,18.271000,33.933998,143.028000,0.000000,0.000000,0.000000,0.000000,0.000000,0.000000,0.120000,250.000000,-1010.000000,-153.000000,-1448.000000,240.000000,-43.000000,-21.000000,22.000000,22.000000,22.000000,22.000000,22.000000,22.000000,22.000000,37.000000,38.000000,39.000000,40.000000,40.000000,40.000000,43.000000,1,1,1,1,1,1,1,0,0,0,0,0,0,0,75,5400.359863,1218,0,1,0.509087,-0.110000,-0.271999,3.091000,-0.142000,-0.005000,1
7.978125,3.229000,-61.199001,-27.191000,111.163002,18.025000,34.705002,142.929001,0.000000,0.000000,0.000000,0.000000,0.000000,0.000000,0.120000,250.000000,-1010.000000,-153.000000,-1448.000000,240.000000,-43.000000,-21.000000,22.000000,22.000000,22.000000,22.000000,22.000000,22.000000,22.000000,37.000000,38.000000,39.000000,40.000000,40.000000,40.000000,43.000000,1,1,1,1,1,1,1,0,0,0,0,0,0,0,75,5400.359863,1217,0,1,0.504355,-0.110000,-0.271999,3.093000,-0.130000,-0.005000,1
7.988096,3.186000,-61.237999,-27.469000,111.204002,17.792999,35.410999,142.828003,0.000000,0.000000,0.000000,0.000000,0.000000,0.000000,0.120000,250.000000,-1010.000000,-153.000000,-1448.000000,240.000000,-43.000000,-21.000000,22.000000,22.000000,22.000000,22.000000,22.000000,22.000000,22.000000,37.000000,38.000000,39.000000,40.000000,40.000000,40.000000,43.000000,1,1,1,1,1,1,1,0,0,0,0,0,0,0,75,5400.357910,1218,0,1,0.499854,-0.110000,-0.272000,3.095000,-0.118000,-0.004000,1
7.998044,3.152000,-61.275002,-27.732000,111.260002,17.575001,36.054001,142.725006,0.000000,0.000000,0.000000,0.000000,0.000000,0.000000,0.120000,250.000000,-1010.000000,-153.000000,-1448.000000,240.000000,-43.000000,-21.000000,22.000000,22.000000,22.000000,22.000000,22.000000,22.000000,22.000000,37.000000,38.000000,39.000000,40.000000,40.000000,40.000000,43.000000,1,1,1,1,1,1,1,0,0,0,0,0,0,0,75,5400.356934,1217,0,1,0.495585,-0.110000,-0.272000,3.097000,-0.107000,-0.004000,1
8.008111,3.119000,-61.320000,-28.028000,111.347000,17.332001,36.738998,142.598999,0.000000,0.000000,0.000000,0.000000,0.000000,0.000000,0.120000,250.000000,-1010.000000,-153.000000,-1448.000000,240.000000,-43.000000,-21.000000,22.000000,22.000000,22.000000,22.000000,22.000000,22.000000,22.000000,37.000000,38.000000,39.000000,40.000000,40.000000,40.000000,43.000000,1,1,1,1,1,1,1,0,0,0,0,0,0,0,75,5400.359863,1217,0,1,0.490766,-0.109999,-0.271999,3.100000,-0.095000,-0.003000,1
8.018010,3.098000,-61.362000,-28.257999,111.440002,17.145000,37.241001,142.492004,0.000000,0.000000,0.000000,0.000000,0.000000,0.000000,0.120000,250.000000,-1010.000000,-153.000000,-1448.000000,240.000000,-43.000000,-21.000000,22.000000,22.000000,22.000000,22.000000,22.000000,22.000000,22.000000,37.000000,38.000000,39.000000,40.000000,40.000000,40.000000,43.000000,1,1,1,1,1,1,1,0,0,0,0,0,0,0,75,5400.359863,1217,0,1,0.486998,-0.110000,-0.271999,3.102000,-0.086000,-0.003000,1
8.028204,3.081000,-61.410000,-28.474001,111.552002,16.973000,37.681000,142.382004,0.000000,0.000000,0.000000,0.000000,0.000000,0.000000,0.120000,250.000000,-1010.000000,-153.000000,-1448.000000,240.000000,-43.000000,-21.000000,22.000000,22.000000,22.000000,22.000000,22.000000,22.000000,22.000000,37.000000,38.000000,39.000000,40.000000,40.000000,40.000000,43.000000,1,1,1,1,1,1,1,0,0,0,0,0,0,0,75,5400.359863,1217,0,1,0.483453,-0.110000,-0.271999,3.103000,-0.077000,-0.002000,1
8.038006,3.066000,-61.477001,-28.716000,111.711998,16.785000,38.130001,142.246002,0.000000,0.000000,0.000000,0.000000,0.000000,0.000000,0.120000,250.000000,-1010.000000,-153.000000,-1448.000000,240.000000,-43.000000,-21.000000,22.000000,22.000000,22.000000,22.000000,22.000000,22.000000,22.000000,37.000000,38.000000,39.000000,40.000000,40.000000,40.000000,43.000000,1,1,1,1,1,1,1,0,0,0,0,0,0,0,75,5400.359863,1217,0,1,0.479484,-0.110000,-0.272000,3.105000,-0.068000,-0.002000,1
8.048049,3.062000,-61.501999,-28.792999,111.772003,16.726999,38.261002,142.201004,0.000000,0.000000,0.000000,0.000000,0.000000,0.000000,0.120000,250.000000,-1010.000000,-153.000000,-1448.000000,240.000000,-43.000000,-21.000000,22.000000,22.000000,22.000000,22.000000,22.000000,22.000000,22.000000,37.000000,38.000000,39.000000,40.000000,40.000000,40.000000,43.000000,1,1,1,1,1,1,1,0,0,0,0,0,0,0,75,5400.359863,1220,0,1,0.478228,-0.110000,-0.272000,3.105000,-0.066000,-0.002000,1
8.057953,3.052000,-61.588001,-29.010000,111.972000,16.566000,38.598999,142.061005,0.000000,0.000000,0.000000,0.000000,0.000000,0.000000,0.120000,250.000000,-1010.000000,-153.000000,-1448.000000,240.000000,-43.000000,-21.000000,22.000000,22.000000,22.000000,22.000000,22.000000,22.000000,22.000000,37.000000,38.000000,39.000000,40.000000,40.000000,40.000000,43.000000,1,1,1,1,1,1,1,0,0,0,0,0,0,0,75,5400.356934,1217,0,1,0.474656,-0.109999,-0.272000,3.107000,-0.058000,-0.001000,1
8.068110,3.046000,-61.671001,-29.179001,112.160004,16.447001,38.820999,141.940994,0.000000,0.000000,0.000000,0.000000,0.000000,0.000000,0.120000,250.000000,-1010.000000,-153.000000,-1448.000000,240.000000,-43.000000,-21.000000,22.000000,22.000000,22.000000,22.000000,22.000000,22.000000,22.000000,37.000000,38.000000,39.000000,40.000000,40.000000,40.000000,43.000000,1,1,1,1,1,1,1,0,0,0,0,0,0,0,75,5400.359863,1217,0,1,0.471895,-0.110000,-0.272000,3.108000,-0.052000,-0.001000,1
8.078124,3.042000,-61.766998,-29.336000,112.370003,16.340000,38.991001,141.819000,0.000000,0.000000,0.000000,0.000000,0.000000,0.000000,0.120000,250.000000,-1010.000000,-153.000000,-1448.000000,240.000000,-43.000000,-21.000000,22.000000,22.000000,22.000000,22.000000,22.000000,22.000000,22.000000,37.000000,38.000000,39.000000,40.000000,40.000000,40.000000,43.000000,1,1,1,1,1,1,1,0,0,0,0,0,0,0,75,5400.357910,1217,0,1,0.469321,-0.110000,-0.271999,3.109000,-0.047000,-0.001000,1
8.088035,3.039000,-61.874001,-29.483999,112.598000,16.246000,39.112999,141.695007,0.000000,0.000000,0.000000,0.000000,0.000000,0.000000,0.120000,250.000000,-1010.000000,-153.000000,-1448.000000,240.000000,-43.000000,-21.000000,22.000000,22.000000,22.000000,22.000000,22.000000,22.000000,22.000000,37.000000,38.000000,39.000000,40.000000,40.000000,40.000000,43.000000,1,1,1,1,1,1,1,0,0,0,0,0,0,0,75,5400.359863,1217,0,1,0.466923,-0.110000,-0.272000,3.110000,-0.043000,0.000000,1
8.098039,3.038000,-61.993999,-29.622999,112.846001,16.163000,39.188999,141.567993,0.000000,0.000000,0.000000,0.000000,0.000000,0.000000,0.120000,250.000000,-1010.000000,-153.000000,-1448.000000,240.000000,-43.000000,-21.000000,22.000000,22.000000,22.000000,22.000000,22.000000,22.000000,22.000000,37.000000,38.000000,39.000000,40.000000,40.000000,40.000000,43.000000,1,1,1,1,1,1,1,0,0,0,0,0,0,0,75,5400.359863,1218,0,1,0.464688,-0.110000,-0.272000,3.110000,-0.040000,0.000000,1
8.107992,3.037000,-62.153999,-29.778999,113.166000,16.077000,39.226002,141.412994,0.000000,0.000000,0.000000,0.000000,0.000000,0.000000,0.120000,250.000000,-1010.000000,-153.000000,-1448.000000,240.000000,-43.000000,-21.000000,22.000000,22.000000,22.000000,22.000000,22.000000,22.000000,22.000000,37.000000,38.000000,39.000000,40.000000,40.000000,40.000000,43.000000,1,1,1,1,1,1,1,0,0,0,0,0,0,0,75,5400.359863,1217,0,1,0.462208,-0.110000,-0.271999,3.111000,-0.036000,0.000000,1
8.118001,3.037000,-62.299000,-29.900999,113.450996,16.016001,39.214001,141.281006,0.000000,0.000000,0.000000,0.000000,0.000000,0.000000,0.120000,250.000000,-1010.000000,-153.000000,-1448.000000,240.000000,-43.000000,-21.000000,22.000000,22.000000,22.000000,22.000000,22.000000,22.000000,22.000000,37.000000,38.000000,39.000000,40.000000,40.000000,40.000000,43.000000,1,1,1,1,1,1,1,0,0,0,0,0,0,0,75,5400.357910,1216,0,1,0.460292,-0.110000,-0.271999,3.111000,-0.034000,0.000000,1
8.128139,3.038000,-62.456001,-30.016001,113.750999,15.964000,39.168999,141.147003,0.000000,0.000000,0.000000,0.000000,0.000000,0.000000,0.120000,250.000000,-1010.000000,-153.000000,-1448.000000,240.000000,-43.000000,-21.000000,22.000000,22.000000,22.000000,22.000000,22.000000,22.000000,22.000000,37.000000,38.000000,39.000000,40.000000,40.000000,40.000000,43.000000,1,1,1,1,1,1,1,0,0,0,0,0,0,0,75,5400.359863,1217,0,1,0.458499,-0.109999,-0.271999,3.112000,-0.032000,0.000000,1
8.137963,3.039000,-62.622002,-30.127001,114.064003,15.919000,39.092999,141.011002,0.000000,0.000000,0.000000,0.000000,0.000000,0.000000,0.120000,250.000000,-1010.000000,-153.000000,-1448.000000,240.000000,-43.000000,-21.000000,22.000000,22.000000,22.000000,22.000000,22.000000,22.000000,22.000000,37.000000,38.000000,39.000000,40.000000,40.000000,40.000000,43.000000,1,1,1,1,1,1,1,0,0,0,0,0,0,0,75,5400.357910,1217,0,1,0.456815,-0.109999,-0.272000,3.112000,-0.031000,0.000000,1
8.147986,3.042000,-62.833000,-30.253000,114.454002,15.874000,38.970001,140.845001,0.000000,0.000000,0.000000,0.000000,0.000000,0.000000,0.120000,250.000000,-1010.000000,-153.000000,-1448.000000,240.000000,-43.000000,-21.000000,22.000000,22.000000,22.000000,22.000000,22.000000,22.000000,22.000000,37.000000,38.000000,39.000000,40.000000,40.000000,40.000000,43.000000,1,1,1,1,1,1,1,0,0,0,0,0,0,0,75,5400.359863,1218,0,1,0.454917,-0.110000,-0.271999,3.112000,-0.030000,0.000000,1
8.158124,3.043000,-62.905998,-30.294001,114.586998,15.861000,38.921001,140.789001,0.000000,0.000000,0.000000,0.000000,0.000000,0.000000,0.120000,250.000000,-1010.000000,-153.000000,-1448.000000,240.000000,-43.000000,-21.000000,22.000000,22.000000,22.000000,22.000000,22.000000,22.000000,22.000000,37.000000,38.000000,39.000000,40.000000,40.000000,40.000000,43.000000,1,1,1,1,1,1,1,0,0,0,0,0,0,0,75,5400.356934,1217,0,1,0.454309,-0.110000,-0.272000,3.112000,-0.029000,0.000000,1
8.168001,3.046000,-63.130001,-30.416000,114.994003,15.824000,38.759998,140.619995,0.000000,0.000000,0.000000,0.000000,0.000000,0.000000,0.120000,250.000000,-1010.000000,-153.000000,-1448.000000,240.000000,-43.000000,-21.000000,22.000000,22.000000,22.000000,22.000000,22.000000,22.000000,22.000000,37.000000,38.000000,39.000000,40.000000,40.000000,40.000000,43.000000,1,1,1,1,1,1,1,0,0,0,0,0,0,0,75,5400.359863,1217,0,1,0.452549,-0.110000,-0.271999,3.112000,-0.029000,0.000000,1
8.178019,3.050000,-63.323002,-30.514999,115.338997,15.798000,38.610001,140.477997,0.000000,0.000000,0.000000,0.000000,0.000000,0.000000,0.120000,250.000000,-1010.000000,-153.000000,-1448.000000,240.000000,-43.000000,-21.000000,22.000000,22.000000,22.000000,22.000000,22.000000,22.000000,22.000000,37.000000,38.000000,39.000000,40.000000,40.000000,40.000000,43.000000,1,1,1,1,1,1,1,0,0,0,0,0,0,0,75,5400.357910,1218,0,1,0.451137,-0.110000,-0.272000,3.112000,-0.029000,0.000000,1
8.187982,3.054000,-63.518002,-30.613001,115.688004,15.773000,38.452000,140.335007,0.000000,0.000000,0.000000,0.000000,0.000000,0.000000,0.120000,250.000000,-1010.000000,-153.000000,-1448.000000,240.000000,-43.000000,-21.000000,22.000000,22.000000,22.000000,22.000000,22.000000,22.000000,22.000000,37.000000,38.000000,39.000000,40.000000,40.000000,40.000000,43.000000,1,1,1,1,1,1,1,0,0,0,0,0,0,0,75,5400.357910,1217,0,1,0.449759,-0.109999,-0.272000,3.112000,-0.029000,0.000000,1
8.198032,3.059000,-63.715000,-30.712000,116.037003,15.749000,38.290001,140.190994,0.000000,0.000000,0.000000,0.000000,0.000000,0.000000,0.120000,250.000000,-1010.000000,-153.000000,-1448.000000,240.000000,-43.000000,-21.000000,22.000000,22.000000,22.000000,22.000000,22.000000,22.000000,22.000000,37.000000,38.000000,39.000000,40.000000,40.000000,40.000000,43.000000,1,1,1,1,1,1,1,0,0,0,0,0,0,0,75,5400.357910,1218,0,1,0.448397,-0.109999,-0.272000,3.113000,-0.028000,0.000000,1
8.208028,3.065000,-63.914001,-30.815001,116.387001,15.724000,38.125999,140.046005,0.000000,0.000000,0.000000,0.000000,0.000000,0.000000,0.120000,250.000000,-1010.000000,-153.000000,-1448.000000,240.000000,-43.000000,-21.000000,22.000000,22.000000,22.000000,22.000000,22.000000,22.000000,22.000000,37.000000,38.000000,39.000000,40.000000,40.000000,40.000000,43.000000,1,1,1,1,1,1,1,0,0,0,0,0,0,0,75,5400.357910,1217,0,1,0.447039,-0.110008,-0.272000,3.113000,-0.028000,0.000000,0
8.217945,3.072000,-64.152000,-30.938000,116.806000,15.694000,37.930000,139.871002,0.000000,0.000000,0.000000,0.000000,0.000000,0.000000,0.120000,250.000000,-1010.000000,-153.000000,-1448.000000,240.000000,-43.000000,-21.000000,22.000000,22.000000,22.000000,22.000000,22.000000,22.000000,22.000000,37.000000,38.000000,39.000000,40.000000,40.000000,40.000000,43.000000,1,1,1,1,1,1,1,0,0,0,0,0,0,0,75,5400.357910,1218,0,1,0.445406,-0.110011,-0.272000,3.113000,-0.029000,0.000000,0
8.228128,3.070000,-64.351997,-31.034000,117.160004,15.672000,37.765999,139.729004,0.000000,0.000000,0.000000,0.000000,0.000000,0.000000,0.120000,250.000000,-1010.000000,-153.000000,-1448.000000,240.000000,-43.000000,-21.000000,22.000000,22.000000,22.000000,22.000000,22.000000,22.000000,22.000000,37.000000,38.000000,39.000000,40.000000,40.000000,40.000000,43.000000,1,1,1,1,1,1,1,0,0,0,0,0,0,0,75,5400.359863,1218,0,1,0.444045,-0.109973,-0.272000,3.113000,-0.028000,0.000000,0
8.237994,3.057000,-64.552002,-31.114000,117.518997,15.655000,37.601002,139.595993,0.000000,0.000000,0.000000,0.000000,0.000000,0.000000,0.120000,250.000000,-1010.000000,-153.000000,-1448.000000,240.000000,-43.000000,-21.000000,22.000000,22.000000,22.000000,22.000000,22.000000,22.000000,22.000000,37.000000,38.000000,39.000000,40.000000,40.000000,40.000000,43.000000,1,1,1,1,1,1,1,0,0,0,0,0,0,0,75,5400.357910,1217,0,1,0.442689,-0.109866,-0.272000,3.113000,-0.028000,0.000000,0
8.247981,3.025000,-64.753998,-31.172001,117.886002,15.648000,37.433998,139.473999,0.000000,0.000000,0.000000,0.000000,0.000000,0.000000,0.120000,250.000000,-1010.000000,-153.000000,-1448.000000,240.000000,-43.000000,-21.000000,22.000000,22.000000,22.000000,22.000000,22.000000,22.000000,22.000000,37.000000,38.000000,39.000000,40.000000,40.000000,40.000000,43.000000,1,1,1,1,1,1,1,0,0,0,0,0,0,0,75,5400.357910,1218,0,1,0.441343,-0.109662,-0.272000,3.113000,-0.028000,0.000000,3
8.258116,2.963000,-65.007004,-31.214001,118.357002,15.649000,37.223000,139.339996,0.000000,0.000000,0.000000,0.000000,0.000000,0.000000,0.120000,250.000000,-1010.000000,-153.000000,-1448.000000,240.000000,-43.000000,-21.000000,22.000000,22.000000,22.000000,22.000000,22.000000,22.000000,22.000000,37.000000,38.000000,39.000000,40.000000,40.000000,40.000000,43.000000,1,1,1,1,1,1,1,0,0,0,0,0,0,0,75,5400.357910,1218,0,1,0.439671,-0.109277,-0.272000,3.113000,-0.028000,0.000000,3
8.268073,2.934000,-65.099998,-31.221001,118.531998,15.652000,37.145000,139.296997,0.000000,0.000000,0.000000,0.000000,0.000000,0.000000,0.120000,250.000000,-1010.000000,-153.000000,-1448.000000,240.000000,-43.000000,-21.000000,22.000000,22.000000,22.000000,22.000000,22.000000,22.000000,22.000000,37.000000,38.000000,39.000000,40.000000,40.000000,40.000000,43.000000,1,1,1,1,1,1,1,0,0,0,0,0,0,0,75,5400.357910,1218,0,1,0.439067,-0.109099,-0.272000,3.113000,-0.028000,0.000000,3
8.277986,2.814000,-65.407997,-31.208000,119.121002,15.672000,36.887001,139.175003,0.000000,0.000000,0.000000,0.000000,0.000000,0.000000,0.120000,250.000000,-1010.000000,-153.000000,-1448.000000,240.000000,-43.000000,-21.000000,22.000000,22.000000,22.000000,22.000000,22.000000,22.000000,22.000000,37.000000,38.000000,39.000000,40.000000,40.000000,40.000000,43.000000,1,1,1,1,1,1,1,0,0,0,0,0,0,0,75,5400.357910,1218,0,1,0.437085,-0.108367,-0.272000,3.113000,-0.029000,0.000000,3
8.288062,2.672000,-65.684998,-31.148001,119.663002,15.709000,36.653000,139.095001,0.000000,0.000000,0.000000,0.000000,0.000000,0.000000,0.120000,250.000000,-1010.000000,-153.000000,-1448.000000,240.000000,-43.000000,-21.000000,22.000000,22.000000,22.000000,22.000000,22.000000,22.000000,22.000000,37.000000,38.000000,39.000000,40.000000,40.000000,40.000000,43.000000,1,1,1,1,1,1,1,0,0,0,0,0,0,0,75,5400.359863,1218,0,1,0.435338,-0.107511,-0.272000,3.113000,-0.028000,0.000000,3
8.298027,2.496000,-65.957001,-31.040001,120.209000,15.766000,36.422001,139.042999,0.000000,0.000000,0.000000,0.000000,0.000000,0.000000,0.120000,250.000000,-1010.000000,-153.000000,-1448.000000,240.000000,-43.000000,-21.000000,22.000000,22.000000,22.000000,22.000000,22.000000,22.000000,22.000000,37.000000,38.000000,39.000000,40.000000,40.000000,40.000000,43.000000,1,1,1,1,1,1,1,0,0,0,0,0,0,0,75,5400.359863,1217,0,1,0.433658,-0.106473,-0.272000,3.113000,-0.028000,0.000000,3
8.308068,2.290000,-66.217003,-30.884001,120.745003,15.844000,36.202000,139.020996,0.000000,0.000000,0.000000,0.000000,0.000000,0.000000,0.120000,250.000000,-1010.000000,-153.000000,-1448.000000,240.000000,-43.000000,-21.000000,22.000000,22.000000,22.000000,22.000000,22.000000,22.000000,22.000000,37.000000,38.000000,39.000000,40.000000,40.000000,40.000000,43.000000,1,1,1,1,1,1,1,0,0,0,0,0,0,0,75,5400.357910,1218,0,1,0.432088,-0.105273,-0.272000,3.113000,-0.028000,0.000000,3
8.318062,2.005000,-66.509003,-30.636000,121.365997,15.966000,35.952999,139.035995,0.000000,0.000000,0.000000,0.000000,0.000000,0.000000,0.120000,250.000000,-1010.000000,-153.000000,-1448.000000,240.000000,-43.000000,-21.000000,22.000000,22.000000,22.000000,22.000000,22.000000,22.000000,22.000000,37.000000,38.000000,39.000000,40.000000,40.000000,40.000000,43.000000,1,1,1,1,1,1,1,0,0,0,0,0,0,0,75,5400.357910,1218,0,1,0.430371,-0.103638,-0.272000,3.113000,-0.028000,0.000000,3
8.328135,1.740000,-66.734001,-30.379999,121.860001,16.089001,35.761002,139.080994,0.000000,0.000000,0.000000,0.000000,0.000000,0.000000,0.120000,250.000000,-1010.000000,-153.000000,-1448.000000,240.000000,-43.000000,-21.000000,22.000000,22.000000,22.000000,22.000000,22.000000,22.000000,22.000000,37.000000,38.000000,39.000000,40.000000,40.000000,40.000000,43.000000,1,1,1,1,1,1,1,0,0,0,0,0,0,0,75,5400.359863,1218,0,1,0.429097,-0.102129,-0.271999,3.113000,-0.029000,0.000000,3
8.337896,1.451000,-66.939003,-30.080000,122.325996,16.233000,35.587002,139.156998,0.000000,0.000000,0.000000,0.000000,0.000000,0.000000,0.120000,250.000000,-1010.000000,-153.000000,-1448.000000,240.000000,-43.000000,-21.000000,22.000000,22.000000,22.000000,22.000000,22.000000,22.000000,22.000000,37.000000,38.000000,39.000000,40.000000,40.000000,40.000000,43.000000,1,1,1,1,1,1,1,0,0,0,0,0,0,0,75,5400.359863,1217,0,1,0.427978,-0.100500,-0.272000,3.113000,-0.028000,0.000000,3
8.347999,1.141000,-67.124001,-29.738001,122.761002,16.396999,35.431000,139.264008,0.000000,0.000000,0.000000,0.000000,0.000000,0.000000,0.120000,250.000000,-1010.000000,-153.000000,-1448.000000,240.000000,-43.000000,-21.000000,22.000000,22.000000,22.000000,22.000000,22.000000,22.000000,22.000000,37.000000,38.000000,39.000000,40.000000,40.000000,40.000000,43.000000,1,1,1,1,1,1,1,0,0,0,0,0,0,0,75,5400.359863,1217,0,1,0.427025,-0.098770,-0.272000,3.113000,-0.028000,0.000000,3
8.358092,0.814000,-67.286003,-29.357000,123.157997,16.577999,35.296001,139.397995,0.000000,0.000000,0.000000,0.000000,0.000000,0.000000,0.120000,250.000000,-1010.000000,-153.000000,-1448.000000,240.000000,-43.000000,-21.000000,22.000000,22.000000,22.000000,22.000000,22.000000,22.000000,22.000000,37.000000,38.000000,39.000000,40.000000,40.000000,40.000000,43.000000,1,1,1,1,1,1,1,0,0,0,0,0,0,0,75,5400.357910,1218,0,1,0.426247,-0.096954,-0.272000,3.113000,-0.028000,0.000000,3
8.368037,0.401000,-67.447998,-28.855000,123.579002,16.818001,35.164001,139.595993,0.000000,0.000000,0.000000,0.000000,0.000000,0.000000,0.120000,250.000000,-1010.000000,-153.000000,-1448.000000,240.000000,-43.000000,-21.000000,22.000000,22.000000,22.000000,22.000000,22.000000,22.000000,22.000000,37.000000,38.000000,39.000000,40.000000,40.000000,40.000000,43.000000,1,1,1,1,1,1,1,0,0,0,0,0,0,0,75,5400.359863,1218,0,1,0.425556,-0.094686,-0.272000,3.113000,-0.028000,0.000000,3
8.378000,0.188000,-67.515999,-28.586000,123.764999,16.945000,35.110001,139.709000,0.000000,0.000000,0.000000,0.000000,0.000000,0.000000,0.120000,250.000000,-1010.000000,-153.000000,-1448.000000,240.000000,-43.000000,-21.000000,22.000000,22.000000,22.000000,22.000000,22.000000,22.000000,22.000000,37.000000,38.000000,39.000000,40.000000,40.000000,40.000000,43.000000,1,1,1,1,1,1,1,0,0,0,0,0,0,0,75,5400.357910,1218,0,1,0.425313,-0.093526,-0.272000,3.113000,-0.028000,0.000000,3
8.388015,-0.173000,-67.607002,-28.117001,124.037003,17.167999,35.041000,139.917007,0.000000,0.000000,0.000000,0.000000,0.000000,0.000000,0.120000,250.000000,-1010.000000,-153.000000,-1448.000000,240.000000,-43.000000,-21.000000,22.000000,22.000000,22.000000,22.000000,22.000000,22.000000,22.000000,37.000000,38.000000,39.000000,40.000000,40.000000,40.000000,43.000000,1,1,1,1,1,1,1,0,0,0,0,0,0,0,75,5400.357910,1217,0,1,0.425061,-0.091566,-0.272000,3.113000,-0.028000,0.000000,3
8.397999,-0.541000,-67.671997,-27.625999,124.255997,17.402000,34.995998,140.145996,0.000000,0.000000,0.000000,0.000000,0.000000,0.000000,0.120000,250.000000,-1010.000000,-153.000000,-1448.000000,240.000000,-43.000000,-21.000000,22.000000,22.000000,22.000000,22.000000,22.000000,22.000000,22.000000,37.000000,38.000000,39.000000,40.000000,40.000000,40.000000,43.000000,1,1,1,1,1,1,1,0,0,0,0,0,0,0,75,5400.357910,1218,0,1,0.425004,-0.089591,-0.272000,3.113000,-0.028000,0.000000,3
8.408002,-0.912000,-67.709000,-27.117001,124.421997,17.643000,34.977001,140.395004,0.000000,0.000000,0.000000,0.000000,0.000000,0.000000,0.120000,250.000000,-1010.000000,-153.000000,-1448.000000,240.000000,-43.000000,-21.000000,22.000000,22.000000,22.000000,22.000000,22.000000,22.000000,22.000000,37.000000,38.000000,39.000000,40.000000,40.000000,40.000000,43.000000,1,1,1,1,1,1,1,0,0,0,0,0,0,0,75,5400.359863,1217,0,1,0.425141,-0.087620,-0.272000,3.113000,-0.028000,0.000000,3
8.418077,-1.283000,-67.719002,-26.597000,124.531998,17.889999,34.984001,140.658997,0.000000,0.000000,0.000000,0.000000,0.000000,0.000000,0.120000,250.000000,-1010.000000,-153.000000,-1448.000000,240.000000,-43.000000,-21.000000,22.000000,22.000000,22.000000,22.000000,22.000000,22.000000,22.000000,37.000000,38.000000,39.000000,40.000000,40.000000,40.000000,43.000000,1,1,1,1,1,1,1,0,0,0,0,0,0,0,75,5400.357910,1218,0,1,0.425473,-0.085673,-0.272000,3.113000,-0.028000,0.000000,3
8.428077,-1.503000,-67.710999,-26.282000,124.570999,18.039000,35.000999,140.824997,0.000000,0.000000,0.000000,0.000000,0.000000,0.000000,0.120000,250.000000,-1010.000000,-153.000000,-1448.000000,240.000000,-43.000000,-21.000000,22.000000,22.000000,22.000000,22.000000,22.000000,22.000000,22.000000,37.000000,38.000000,39.000000,40.000000,40.000000,40.000000,43.000000,1,1,1,1,1,1,1,0,0,0,0,0,0,0,75,5400.357910,1218,0,1,0.425764,-0.084523,-0.272000,3.113000,-0.029000,0.000000,3
8.438089,-2.078000,-67.639999,-25.441999,124.571999,18.436001,35.090000,141.283997,0.000000,0.000000,0.000000,0.000000,0.000000,0.000000,0.120000,250.000000,-1010.000000,-153.000000,-1448.000000,240.000000,-43.000000,-21.000000,22.000000,22.000000,22.000000,22.000000,22.000000,22.000000,22.000000,37.000000,38.000000,39.000000,40.000000,40.000000,40.000000,43.000000,1,1,1,1,1,1,1,0,0,0,0,0,0,0,75,5400.357910,1218,0,1,0.426866,-0.081563,-0.272000,3.113000,-0.028000,0.000000,3
8.447976,-2.424000,-67.558998,-24.926001,124.498001,18.677999,35.178001,141.578995,0.000000,0.000000,0.000000,0.000000,0.000000,0.000000,0.120000,250.000000,-1010.000000,-153.000000,-1448.000000,240.000000,-43.000000,-21.000000,22.000000,22.000000,22.000000,22.000000,22.000000,22.000000,22.000000,37.000000,38.000000,39.000000,40.000000,40.000000,40.000000,43.000000,1,1,1,1,1,1,1,0,0,0,0,0,0,0,75,5400.357910,1218,0,1,0.427787,-0.079815,-0.272000,3.113000,-0.028000,0.000000,3
8.458004,-2.754000,-67.452003,-24.424999,124.366997,18.913000,35.289001,141.876007,0.000000,0.000000,0.000000,0.000000,0.000000,0.000000,0.120000,250.000000,-1010.000000,-153.000000,-1448.000000,240.000000,-43.000000,-21.000000,22.000000,22.000000,22.000000,22.000000,22.000000,22.000000,22.000000,37.000000,38.000000,39.000000,40.000000,40.000000,40.000000,43.000000,1,1,1,1,1,1,1,0,0,0,0,0,0,0,75,5400.357910,1218,0,1,0.428876,-0.078166,-0.272000,3.113000,-0.028000,0.000000,3
8.467986,-3.067000,-67.317001,-23.945000,124.181000,19.138000,35.423000,142.171997,0.000000,0.000000,0.000000,0.000000,0.000000,0.000000,0.120000,250.000000,-1010.000000,-153.000000,-1448.000000,240.000000,-43.000000,-21.000000,22.000000,22.000000,22.000000,22.000000,22.000000,22.000000,22.000000,37.000000,38.000000,39.000000,40.000000,40.000000,40.000000,43.000000,1,1,1,1,1,1,1,0,0,0,0,0,0,0,75,5400.357910,1217,0,1,0.430122,-0.076633,-0.272000,3.113000,-0.028000,0.000000,3
8.477998,-3.414000,-67.122002,-23.403999,123.887001,19.389999,35.610001,142.520004,0.000000,0.000000,0.000000,0.000000,0.000000,0.000000,0.120000,250.000000,-1010.000000,-153.000000,-1448.000000,240.000000,-43.000000,-21.000000,22.000000,22.000000,22.000000,22.000000,22.000000,22.000000,22.000000,37.000000,38.000000,39.000000,40.000000,40.000000,40.000000,43.000000,1,1,1,1,1,1,1,0,0,0,0,0,0,0,75,5400.359863,1218,0,1,0.431808,-0.074967,-0.272000,3.113000,-0.028000,0.000000,3
8.488107,-3.678000,-66.933998,-22.988001,123.587997,19.584000,35.786999,142.800003,0.000000,0.000000,0.000000,0.000000,0.000000,0.000000,0.120000,250.000000,-1010.000000,-153.000000,-1448.000000,240.000000,-43.000000,-21.000000,22.000000,22.000000,22.000000,22.000000,22.000000,22.000000,22.000000,37.000000,38.000000,39.000000,40.000000,40.000000,40.000000,43.000000,1,1,1,1,1,1,1,0,0,0,0,0,0,0,75,5400.357910,1218,0,1,0.433356,-0.073738,-0.272000,3.113000,-0.028000,0.000000,3
8.497937,-3.775000,-66.851997,-22.832001,123.455002,19.656000,35.862000,142.908997,0.000000,0.000000,0.000000,0.000000,0.000000,0.000000,0.120000,250.000000,-1010.000000,-153.000000,-1448.000000,240.000000,-43.000000,-21.000000,22.000000,22.000000,22.000000,22.000000,22.000000,22.000000,22.000000,37.000000,38.000000,39.000000,40.000000,40.000000,40.000000,43.000000,1,1,1,1,1,1,1,0,0,0,0,0,0,0,75,5400.359863,1217,0,1,0.434007,-0.073291,-0.272000,3.113000,-0.029000,0.000000,3
8.508077,-4.042000,-66.584999,-22.403000,123.014999,19.856001,36.103001,143.220993,0.000000,0.000000,0.000000,0.000000,0.000000,0.000000,0.120000,250.000000,-1010.000000,-153.000000,-1448.000000,240.000000,-43.000000,-21.000000,22.000000,22.000000,22.000000,22.000000,22.000000,22.000000,22.000000,37.000000,38.000000,39.000000,40.000000,40.000000,40.000000,43.000000,1,1,1,1,1,1,1,0,0,0,0,0,0,0,75,5400.357910,1217,0,1,0.436060,-0.072109,-0.272000,3.113000,-0.028000,0.000000,3
8.518006,-4.224000,-66.351997,-22.103001,122.621002,19.995001,36.310001,143.453003,0.000000,0.000000,0.000000,0.000000,0.000000,0.000000,0.120000,250.000000,-1010.000000,-153.000000,-1448.000000,240.000000,-43.000000,-21.000000,22.000000,22.000000,22.000000,22.000000,22.000000,22.000000,22.000000,37.000000,38.000000,39.000000,40.000000,40.000000,40.000000,43.000000,1,1,1,1,1,1,1,0,0,0,0,0,0,0,75,5400.359863,1217,0,1,0.437794,-0.071343,-0.272000,3.113000,-0.028000,0.000000,3
8.528098,-4.363000,-66.129997,-21.872999,122.241997,20.105000,36.502998,143.643997,0.000000,0.000000,0.000000,0.000000,0.000000,0.000000,0.120000,250.000000,-1010.000000,-153.000000,-1448.000000,240.000000,-43.000000,-21.000000,22.000000,22.000000,22.000000,22.000000,22.000000,22.000000,22.000000,37.000000,38.000000,39.000000,40.000000,40.000000,40.000000,43.000000,1,1,1,1,1,1,1,0,0,0,0,0,0,0,75,5400.359863,1218,0,1,0.439394,-0.070801,-0.272000,3.113000,-0.029000,0.000000,3
8.537976,-4.482000,-65.888000,-21.672001,121.827003,20.204000,36.710999,143.822006,0.000000,0.000000,0.000000,0.000000,0.000000,0.000000,0.120000,250.000000,-1010.000000,-153.000000,-1448.000000,240.000000,-43.000000,-21.000000,22.000000,22.000000,22.000000,22.000000,22.000000,22.000000,22.000000,37.000000,38.000000,39.000000,40.000000,40.000000,40.000000,43.000000,1,1,1,1,1,1,1,0,0,0,0,0,0,0,75,5400.359863,1217,0,1,0.441090,-0.070385,-0.272000,3.113000,-0.028000,0.000000,3
8.548051,-4.554000,-65.692001,-21.545000,121.487999,20.270000,36.875999,143.947006,0.000000,0.000000,0.000000,0.000000,0.000000,0.000000,0.120000,250.000000,-1010.000000,-153.000000,-1448.000000,240.000000,-43.000000,-21.000000,22.000000,22.000000,22.000000,22.000000,22.000000,22.000000,22.000000,37.000000,38.000000,39.000000,40.000000,40.000000,40.000000,43.000000,1,1,1,1,1,1,1,0,0,0,0,0,0,0,75,5400.357910,1218,0,1,0.442431,-0.070174,-0.272000,3.113000,-0.028000,0.000000,0
8.558039,-4.610000,-65.490997,-21.443001,121.138000,20.323999,37.043999,144.059006,0.000000,0.000000,0.000000,0.000000,0.000000,0.000000,0.120000,250.000000,-1010.000000,-153.000000,-1448.000000,240.000000,-43.000000,-21.000000,22.000000,22.000000,22.000000,22.000000,22.000000,22.000000,22.000000,37.000000,38.000000,39.000000,40.000000,40.000000,40.000000,43.000000,1,1,1,1,1,1,1,0,0,0,0,0,0,0,75,5400.357910,1218,0,1,0.443780,-0.070058,-0.272000,3.113000,-0.028000,0.000000,0
8.568021,-4.653000,-65.287003,-21.358000,120.781998,20.371000,37.213001,144.162003,0.000000,0.000000,0.000000,0.000000,0.000000,0.000000,0.120000,250.000000,-1010.000000,-153.000000,-1448.000000,240.000000,-43.000000,-21.000000,22.000000,22.000000,22.000000,22.000000,22.000000,22.000000,22.000000,37.000000,38.000000,39.000000,40.000000,40.000000,40.000000,43.000000,1,1,1,1,1,1,1,0,0,0,0,0,0,0,75,5400.359863,1217,0,1,0.445134,-0.070006,-0.272000,3.113000,-0.028000,0.000000,0
8.577995,-4.696000,-65.040001,-21.271000,120.348999,20.421000,37.417999,144.279999,0.000000,0.000000,0.000000,0.000000,0.000000,0.000000,0.120000,250.000000,-1010.000000,-153.000000,-1448.000000,240.000000,-43.000000,-21.000000,22.000000,22.000000,22.000000,22.000000,22.000000,22.000000,22.000000,37.000000,38.000000,39.000000,40.000000,40.000000,40.000000,43.000000,1,1,1,1,1,1,1,0,0,0,0,0,0,0,75,5400.359863,1218,0,1,0.446759,-0.069994,-0.272000,3.113000,-0.028000,0.000000,0
8.588045,-4.728000,-64.833000,-21.202999,119.987000,20.459999,37.589001,144.376999,0.000000,0.000000,0.000000,0.000000,0.000000,0.000000,0.120000,250.000000,-1010.000000,-153.000000,-1448.000000,240.000000,-43.000000,-21.000000,22.000000,22.000000,22.000000,22.000000,22.000000,22.000000,22.000000,37.000000,38.000000,39.000000,40.000000,40.000000,40.000000,43.000000,1,1,1,1,1,1,1,0,0,0,0,0,0,0,75,5400.359863,1218,0,1,0.448114,-0.069999,-0.272000,3.113000,-0.028000,0.000000,0
8.598109,-4.748000,-64.709999,-21.162001,119.768997,20.483999,37.692001,144.434998,0.000000,0.000000,0.000000,0.000000,0.000000,0.000000,0.120000,250.000000,-1010.000000,-153.000000,-1448.000000,240.000000,-43.000000,-21.000000,22.000000,22.000000,22.000000,22.000000,22.000000,22.000000,22.000000,37.000000,38.000000,39.000000,40.000000,40.000000,40.000000,43.000000,1,1,1,1,1,1,1,0,0,0,0,0,0,0,75,5400.357910,1218,0,1,0.448928,-0.070000,-0.272000,3.112000,-0.029000,0.000000,1
8.607978,-4.782000,-64.502998,-21.094000,119.403999,20.521999,37.863998,144.533005,0.000000,0.000000,0.000000,0.000000,0.000000,0.000000,0.120000,250.000000,-1010.000000,-153.000000,-1448.000000,240.000000,-43.000000,-21.000000,22.000000,22.000000,22.000000,22.000000,22.000000,22.000000,22.000000,37.000000,38.000000,39.000000,40.000000,40.000000,40.000000,43.000000,1,1,1,1,1,1,1,0,0,0,0,0,0,0,75,5400.357910,1218,0,1,0.450292,-0.069999,-0.272000,3.112000,-0.029000,0.000000,1
8.618098,-4.815000,-64.295998,-21.025999,119.037003,20.561001,38.033001,144.632004,0.000000,0.000000,0.000000,0.000000,0.000000,0.000000,0.120000,250.000000,-1010.000000,-153.000000,-1448.000000,240.000000,-43.000000,-21.000000,22.000000,22.000000,22.000000,22.000000,22.000000,22.000000,22.000000,37.000000,38.000000,39.000000,40.000000,40.000000,40.000000,43.000000,1,1,1,1,1,1,1,0,0,0,0,0,0,0,75,5400.359863,1217,0,1,0.451682,-0.070000,-0.272000,3.112000,-0.029000,0.000000,1
8.628138,-4.848000,-64.088997,-20.955999,118.667999,20.601999,38.198002,144.731995,0.000000,0.000000,0.000000,0.000000,0.000000,0.000000,0.120000,250.000000,-1010.000000,-153.000000,-1448.000000,240.000000,-43.000000,-21.000000,22.000000,22.000000,22.000000,22.000000,22.000000,22.000000,22.000000,37.000000,38.000000,39.000000,40.000000,40.000000,40.000000,43.000000,1,1,1,1,1,1,1,0,0,0,0,0,0,0,75,5400.359863,1217,0,1,0.453117,-0.070000,-0.272000,3.112000,-0.029000,0.000000,1
8.638038,-4.888000,-63.839001,-20.868999,118.220001,20.653999,38.388000,144.854996,0.000000,0.000000,0.000000,0.000000,0.000000,0.000000,0.120000,250.000000,-1010.000000,-153.000000,-1448.000000,240.000000,-43.000000,-21.000000,22.000000,22.000000,22.000000,22.000000,22.000000,22.000000,22.000000,37.000000,38.000000,39.000000,40.000000,40.000000,40.000000,43.000000,1,1,1,1,1,1,1,0,0,0,0,0,0,0,75,5400.357910,1218,0,1,0.454920,-0.070000,-0.272000,3.112000,-0.029000,0.000000,1
8.648046,-4.921000,-63.630001,-20.792999,117.841003,20.701000,38.536999,144.960007,0.000000,0.000000,0.000000,0.000000,0.000000,0.000000,0.120000,250.000000,-1010.000000,-153.000000,-1448.000000,240.000000,-43.000000,-21.000000,22.000000,22.000000,22.000000,22.000000,22.000000,22.000000,22.000000,37.000000,38.000000,39.000000,40.000000,40.000000,40.000000,43.000000,1,1,1,1,1,1,1,0,0,0,0,0,0,0,75,5400.356934,1217,0,1,0.456513,-0.069999,-0.271999,3.112000,-0.030000,0.000000,1
8.657952,-4.955000,-63.419998,-20.712999,117.458000,20.753000,38.675999,145.069000,0.000000,0.000000,0.000000,0.000000,0.000000,0.000000,0.120000,250.000000,-1010.000000,-153.000000,-1448.000000,240.000000,-43.000000,-21.000000,22.000000,22.000000,22.000000,22.000000,22.000000,22.000000,22.000000,37.000000,38.000000,39.000000,40.000000,40.000000,40.000000,43.000000,1,1,1,1,1,1,1,0,0,0,0,0,0,0,75,5400.357910,1217,0,1,0.458206,-0.069999,-0.272000,3.112000,-0.031000,0.000000,1
8.668039,-4.976000,-63.293999,-20.662001,117.224998,20.787001,38.754002,145.134995,0.000000,0.000000,0.000000,0.000000,0.000000,0.000000,0.120000,250.000000,-1010.000000,-153.000000,-1448.000000,240.000000,-43.000000,-21.000000,22.000000,22.000000,22.000000,22.000000,22.000000,22.000000,22.000000,37.000000,38.000000,39.000000,40.000000,40.000000,40.000000,43.000000,1,1,1,1,1,1,1,0,0,0,0,0,0,0,75,5400.357910,1217,0,1,0.459277,-0.069999,-0.272000,3.112000,-0.031000,0.000000,1
8.677963,-5.010000,-63.081001,-20.573000,116.832001,20.848000,38.872002,145.248993,0.000000,0.000000,0.000000,0.000000,0.000000,0.000000,0.120000,250.000000,-1010.000000,-153.000000,-1448.000000,240.000000,-43.000000,-21.000000,22.000000,22.000000,22.000000,22.000000,22.000000,22.000000,22.000000,37.000000,38.000000,39.000000,40.000000,40.000000,40.000000,43.000000,1,1,1,1,1,1,1,0,0,0,0,0,0,0,75,5400.359863,1217,0,1,0.461163,-0.070000,-0.272000,3.112000,-0.032000,0.000000,1
8.687903,-5.068000,-62.737999,-20.416000,116.186996,20.959000,39.029999,145.438995,0.000000,0.000000,0.000000,0.000000,0.000000,0.000000,0.120000,250.000000,-1010.000000,-153.000000,-1448.000000,240.000000,-43.000000,-21.000000,22.000000,22.000000,22.000000,22.000000,22.000000,22.000000,22.000000,37.000000,38.000000,39.000000,40.000000,40.000000,40.000000,43.000000,1,1,1,1,1,1,1,0,0,0,0,0,0,0,75,5400.359863,1217,0,1,0.464480,-0.069999,-0.272000,3.111000,-0.035000,0.000000,1
8.697960,-5.105000,-62.520000,-20.309000,115.774002,21.039000,39.105999,145.563995,0.000000,0.000000,0.000000,0.000000,0.000000,0.000000,0.120000,250.000000,-1010.000000,-153.000000,-1448.000000,240.000000,-43.000000,-21.000000,22.000000,22.000000,22.000000,22.000000,22.000000,22.000000,22.000000,37.000000,38.000000,39.000000,40.000000,40.000000,40.000000,43.000000,1,1,1,1,1,1,1,0,0,0,0,0,0,0,75,5400.357910,1217,0,1,0.466763,-0.070000,-0.271999,3.111000,-0.037000,0.000000,1
8.707903,-5.120000,-62.431999,-20.264000,115.606003,21.073000,39.131001,145.615005,0.000000,0.000000,0.000000,0.000000,0.000000,0.000000,0.120000,250.000000,-1010.000000,-153.000000,-1448.000000,240.000000,-43.000000,-21.000000,22.000000,22.000000,22.000000,22.000000,22.000000,22.000000,22.000000,37.000000,38.000000,39.000000,40.000000,40.000000,40.000000,43.000000,1,1,1,1,1,1,1,0,0,0,0,0,0,0,75,5400.357910,1217,0,1,0.467725,-0.069999,-0.272000,3.111000,-0.038000,0.000000,1
8.718026,-5.159000,-62.209999,-20.145000,115.181000,21.164000,39.179001,145.746994,0.000000,0.000000,0.000000,0.000000,0.000000,0.000000,0.120000,250.000000,-1010.000000,-153.000000,-1448.000000,240.000000,-43.000000,-21.000000,22.000000,22.000000,22.000000,22.000000,22.000000,22.000000,22.000000,37.000000,38.000000,39.000000,40.000000,40.000000,40.000000,43.000000,1,1,1,1,1,1,1,0,0,0,0,0,0,0,75,5400.359863,1217,0,1,0.470258,-0.070000,-0.271999,3.110000,-0.041000,0.000000,1
8.728023,-5.207000,-61.938999,-19.990999,114.657997,21.285999,39.208000,145.912003,0.000000,0.000000,0.000000,0.000000,0.000000,0.000000,0.120000,250.000000,-1010.000000,-153.000000,-1448.000000,240.000000,-43.000000,-21.000000,22.000000,22.000000,22.000000,22.000000,22.000000,22.000000,22.000000,37.000000,38.000000,39.000000,40.000000,40.000000,40.000000,43.000000,1,1,1,1,1,1,1,0,0,0,0,0,0,0,75,5400.357910,1217,0,1,0.473554,-0.070000,-0.272000,3.109000,-0.045000,-0.001000,1
8.737934,-5.249000,-61.709000,-19.851999,114.210999,21.396999,39.206001,146.054993,0.000000,0.000000,0.000000,0.000000,0.000000,0.000000,0.120000,250.000000,-1010.000000,-153.000000,-1448.000000,240.000000,-43.000000,-21.000000,22.000000,22.000000,22.000000,22.000000,22.000000,22.000000,22.000000,37.000000,38.000000,39.000000,40.000000,40.000000,40.000000,43.000000,1,1,1,1,1,1,1,0,0,0,0,0,0,0,75,5400.359863,1217,0,1,0.476526,-0.070000,-0.272000,3.109000,-0.049000,-0.001000,1
8.747930,-5.292000,-61.473999,-19.704000,113.752998,21.518999,39.179001,146.203995,0.000000,0.000000,0.000000,0.000000,0.000000,0.000000,0.120000,250.000000,-1010.000000,-153.000000,-1448.000000,240.000000,-43.000000,-21.000000,22.000000,22.000000,22.000000,22.000000,22.000000,22.000000,22.000000,37.000000,38.000000,39.000000,40.000000,40.000000,40.000000,43.000000,1,1,1,1,1,1,1,0,0,0,0,0,0,0,75,5400.357910,1217,0,1,0.479712,-0.070000,-0.272000,3.108000,-0.053000,-0.001000,1
8.757917,-5.337000,-61.234001,-19.546000,113.285004,21.650000,39.125000,146.358994,0.000000,0.000000,0.000000,0.000000,0.000000,0.000000,0.120000,250.000000,-1010.000000,-153.000000,-1448.000000,240.000000,-43.000000,-21.000000,22.000000,22.000000,22.000000,22.000000,22.000000,22.000000,22.000000,37.000000,38.000000,39.000000,40.000000,40.000000,40.000000,43.000000,1,1,1,1,1,1,1,0,0,0,0,0,0,0,75,5400.359863,1217,0,1,0.483121,-0.069999,-0.272000,3.107000,-0.058000,-0.001000,1
8.767959,-5.393000,-60.937000,-19.343000,112.709000,21.822001,39.023998,146.552002,0.000000,0.000000,0.000000,0.000000,0.000000,0.000000,0.120000,250.000000,-1010.000000,-153.000000,-1448.000000,240.000000,-43.000000,-21.000000,22.000000,22.000000,22.000000,22.000000,22.000000,22.000000,22.000000,37.000000,38.000000,39.000000,40.000000,40.000000,40.000000,43.000000,1,1,1,1,1,1,1,0,0,0,0,0,0,0,75,5400.357910,1217,0,1,0.487513,-0.069999,-0.271999,3.106000,-0.065000,-0.002000,1
8.777925,-5.442000,-60.681999,-19.163000,112.216003,21.976000,38.907001,146.718002,0.000000,0.000000,0.000000,0.000000,0.000000,0.000000,0.120000,250.000000,-1010.000000,-153.000000,-1448.000000,240.000000,-43.000000,-21.000000,22.000000,22.000000,22.000000,22.000000,22.000000,22.000000,22.000000,37.000000,38.000000,39.000000,40.000000,40.000000,40.000000,43.000000,1,1,1,1,1,1,1,0,0,0,0,0,0,0,75,5400.359863,1217,0,1,0.491431,-0.070000,-0.272000,3.104000,-0.071000,-0.002000,1
8.787950,-5.493000,-60.419998,-18.972000,111.710999,22.139999,38.759998,146.891006,0.000000,0.000000,0.000000,0.000000,0.000000,0.000000,0.120000,250.000000,-1010.000000,-153.000000,-1448.000000,240.000000,-43.000000,-21.000000,22.000000,22.000000,22.000000,22.000000,22.000000,22.000000,22.000000,37.000000,38.000000,39.000000,40.000000,40.000000,40.000000,43.000000,1,1,1,1,1,1,1,0,0,0,0,0,0,0,75,5400.357910,1217,0,1,0.495588,-0.069999,-0.272000,3.103000,-0.077000,-0.002000,1
8.797897,-5.545000,-60.147999,-18.771000,111.195000,22.315001,38.581001,147.067993,0.000000,0.000000,0.000000,0.000000,0.000000,0.000000,0.120000,250.000000,-1010.000000,-153.000000,-1448.000000,240.000000,-43.000000,-21.000000,22.000000,22.000000,22.000000,22.000000,22.000000,22.000000,22.000000,37.000000,38.000000,39.000000,40.000000,40.000000,40.000000,43.000000,1,1,1,1,1,1,1,0,0,0,0,0,0,0,75,5400.357910,1218,0,1,0.499984,-0.070000,-0.271999,3.102000,-0.085000,-0.003000,1
8.807878,-5.600000,-59.867001,-18.559000,110.667000,22.500000,38.368000,147.251007,0.000000,0.000000,0.000000,0.000000,0.000000,0.000000,0.120000,250.000000,-1010.000000,-153.000000,-1448.000000,240.000000,-43.000000,-21.000000,22.000000,22.000000,22.000000,22.000000,22.000000,22.000000,22.000000,37.000000,38.000000,39.000000,40.000000,40.000000,40.000000,43.000000,1,1,1,1,1,1,1,0,0,0,0,0,0,0,75,5400.359863,1217,0,1,0.504621,-0.069999,-0.272000,3.100000,-0.092000,-0.003000,1
8.817973,-5.656000,-59.576000,-18.337000,110.126999,22.694000,38.122002,147.438995,0.000000,0.000000,0.000000,0.000000,0.000000,0.000000,0.120000,250.000000,-1010.000000,-153.000000,-1448.000000,240.000000,-43.000000,-21.000000,22.000000,22.000000,22.000000,22.000000,22.000000,22.000000,22.000000,37.000000,38.000000,39.000000,40.000000,40.000000,40.000000,43.000000,1,1,1,1,1,1,1,0,0,0,0,0,0,0,75,5400.357910,1218,0,1,0.509499,-0.070000,-0.271999,3.099000,-0.101000,-0.003000,1
8.827962,-5.691000,-59.396000,-18.198999,109.796997,22.816000,37.958000,147.554001,0.000000,0.000000,0.000000,0.000000,0.000000,0.000000,0.120000,250.000000,-1010.000000,-153.000000,-1448.000000,240.000000,-43.000000,-21.000000,22.000000,22.000000,22.000000,22.000000,22.000000,22.000000,22.000000,37.000000,38.000000,39.000000,40.000000,40.000000,40.000000,43.000000,1,1,1,1,1,1,1,0,0,0,0,0,0,0,75,5400.357910,1218,0,1,0.512540,-0.070000,-0.271999,3.098000,-0.106000,-0.004000,1
8.837944,-5.750000,-59.084999,-17.959999,109.237999,23.025000,37.657001,147.750000,0.000000,0.000000,0.000000,0.000000,0.000000,0.000000,0.120000,250.000000,-1010.000000,-153.000000,-1448.000000,240.000000,-43.000000,-21.000000,22.000000,22.000000,22.000000,22.000000,22.000000,22.000000,22.000000,37.000000,38.000000,39.000000,40.000000,40.000000,40.000000,43.000000,1,1,1,1,1,1,1,0,0,0,0,0,0,0,75,5400.359863,1218,0,1,0.517797,-0.070000,-0.272000,3.096000,-0.115000,-0.004000,1
8.847961,-5.812000,-58.762001,-17.712000,108.667000,23.243999,37.320000,147.949005,0.000000,0.000000,0.000000,0.000000,0.000000,0.000000,0.120000,250.000000,-1010.000000,-153.000000,-1448.000000,240.000000,-43.000000,-21.000000,22.000000,22.000000,22.000000,22.000000,22.000000,22.000000,22.000000,37.000000,38.000000,39.000000,40.000000,40.000000,40.000000,43.000000,1,1,1,1,1,1,1,0,0,0,0,0,0,0,75,5400.357910,1217,0,1,0.523286,-0.069999,-0.272000,3.094000,-0.125000,-0.005000,1
8.857915,-5.889000,-58.355999,-17.400999,107.966003,23.517000,36.868999,148.194000,0.000000,0.000000,0.000000,0.000000,0.000000,0.000000,0.120000,250.000000,-1010.000000,-153.000000,-1448.000000,240.000000,-43.000000,-21.000000,22.000000,22.000000,22.000000,22.000000,22.000000,22.000000,22.000000,37.000000,38.000000,39.000000,40.000000,40.000000,40.000000,43.000000,1,1,1,1,1,1,1,0,0,0,0,0,0,0,75,5400.357910,1217,0,1,0.530170,-0.069999,-0.271999,3.092000,-0.138000,-0.005000,1
8.867913,-5.955000,-58.000999,-17.132000,107.369003,23.753000,36.453999,148.401993,0.000000,0.000000,0.000000,0.000000,0.000000,0.000000,0.120000,250.000000,-1010.000000,-153.000000,-1448.000000,240.000000,-43.000000,-21.000000,22.000000,22.000000,22.000000,22.000000,22.000000,22.000000,22.000000,37.000000,38.000000,39.000000,40.000000,40.000000,40.000000,43.000000,1,1,1,1,1,1,1,0,0,0,0,0,0,0,75,5400.357910,1217,0,1,0.536147,-0.070000,-0.272000,3.090000,-0.149000,-0.006000,1
8.877934,-6.023000,-57.630001,-16.854000,106.760002,23.996000,36.004002,148.612000,0.000000,0.000000,0.000000,0.000000,0.000000,0.000000,0.120000,250.000000,-1010.000000,-153.000000,-1448.000000,240.000000,-43.000000,-21.000000,22.000000,22.000000,22.000000,22.000000,22.000000,22.000000,22.000000,37.000000,38.000000,39.000000,40.000000,40.000000,40.000000,43.000000,1,1,1,1,1,1,1,0,0,0,0,0,0,0,75,5400.360840,1218,0,1,0.542334,-0.070000,-0.272000,3.087000,-0.160000,-0.006000,1
8.887963,-6.094000,-57.242001,-16.568001,106.139000,24.245001,35.519001,148.826004,0.000000,0.000000,0.000000,0.000000,0.000000,0.000000,0.120000,250.000000,-1010.000000,-153.000000,-1448.000000,240.000000,-43.000000,-21.000000,22.000000,22.000000,22.000000,22.000000,22.000000,22.000000,22.000000,37.000000,38.000000,39.000000,40.000000,40.000000,40.000000,43.000000,1,1,1,1,1,1,1,0,0,0,0,0,0,0,75,5400.359863,1218,0,1,0.548720,-0.070000,-0.271999,3.085000,-0.172000,-0.006000,1
8.898011,-6.182000,-56.754002,-16.212999,105.376999,24.551001,34.891998,149.085007,0.000000,0.000000,0.000000,0.000000,0.000000,0.000000,0.120000,250.000000,-1010.000000,-153.000000,-1448.000000,240.000000,-43.000000,-21.000000,22.000000,22.000000,22.000000,22.000000,22.000000,22.000000,22.000000,37.000000,38.000000,39.000000,40.000000,40.000000,40.000000,43.000000,1,1,1,1,1,1,1,0,0,0,0,0,0,0,75,5400.359863,1217,0,1,0.556630,-0.069999,-0.272000,3.082000,-0.187000,-0.007000,1
8.907980,-6.258000,-56.327999,-15.909000,104.730003,24.811001,34.334000,149.302994,0.000000,0.000000,0.000000,0.000000,0.000000,0.000000,0.120000,250.000000,-1010.000000,-153.000000,-1448.000000,240.000000,-43.000000,-21.000000,22.000000,22.000000,22.000000,22.000000,22.000000,22.000000,22.000000,37.000000,38.000000,39.000000,40.000000,40.000000,40.000000,43.000000,1,1,1,1,1,1,1,0,0,0,0,0,0,0,75,5400.359863,1217,0,1,0.563415,-0.070000,-0.271999,3.080000,-0.200000,-0.007000,1
8.917969,-6.336000,-55.882000,-15.599000,104.070000,25.073999,33.743999,149.522003,0.000000,0.000000,0.000000,0.000000,0.000000,0.000000,0.120000,250.000000,-1010.000000,-153.000000,-1448.000000,240.000000,-43.000000,-21.000000,22.000000,22.000000,22.000000,22.000000,22.000000,22.000000,22.000000,37.000000,38.000000,39.000000,40.000000,40.000000,40.000000,43.000000,1,1,1,1,1,1,1,0,0,0,0,0,0,0,75,5400.357910,1218,0,1,0.570362,-0.070000,-0.272000,3.077000,-0.213000,-0.008000,1
8.928033,-6.385000,-55.605999,-15.410000,103.667999,25.233999,33.375999,149.654007,0.000000,0.000000,0.000000,0.000000,0.000000,0.000000,0.120000,250.000000,-1010.000000,-153.000000,-1448.000000,240.000000,-43.000000,-21.000000,22.000000,22.000000,22.000000,22.000000,22.000000,22.000000,22.000000,37.000000,38.000000,39.000000,40.000000,40.000000,40.000000,43.000000,1,1,1,1,1,1,1,0,0,0,0,0,0,0,75,5400.357910,1218,0,1,0.574601,-0.069999,-0.272000,3.076000,-0.221000,-0.008000,1
8.937994,-6.468000,-55.129002,-15.090000,102.987999,25.500999,32.741001,149.875000,0.000000,0.000000,0.000000,0.000000,0.000000,0.000000,0.120000,250.000000,-1010.000000,-153.000000,-1448.000000,240.000000,-43.000000,-21.000000,22.000000,22.000000,22.000000,22.000000,22.000000,22.000000,22.000000,37.000000,38.000000,39.000000,40.000000,40.000000,40.000000,43.000000,1,1,1,1,1,1,1,0,0,0,0,0,0,0,75,5400.359863,1217,0,1,0.581774,-0.070000,-0.272000,3.073000,-0.235000,-0.008000,1
8.948039,-6.572000,-54.532001,-14.699000,102.153999,25.823000,31.944000,150.141998,0.000000,0.000000,0.000000,0.000000,0.000000,0.000000,0.120000,250.000000,-1010.000000,-153.000000,-1448.000000,240.000000,-43.000000,-21.000000,22.000000,22.000000,22.000000,22.000000,22.000000,22.000000,22.000000,37.000000,38.000000,39.000000,40.000000,40.000000,40.000000,43.000000,1,1,1,1,1,1,1,0,0,0,0,0,0,0,75,5400.357910,1218,0,1,0.590543,-0.070000,-0.272000,3.070000,-0.252000,-0.009000,1
8.957953,-6.662000,-54.013000,-14.369000,101.445000,26.090000,31.254999,150.363998,0.000000,0.000000,0.000000,0.000000,0.000000,0.000000,0.120000,250.000000,-1010.000000,-153.000000,-1448.000000,240.000000,-43.000000,-21.000000,22.000000,22.000000,22.000000,22.000000,22.000000,22.000000,22.000000,37.000000,38.000000,39.000000,40.000000,40.000000,40.000000,43.000000,1,1,1,1,1,1,1,0,0,0,0,0,0,0,75,5400.359863,1217,0,1,0.597966,-0.069999,-0.272000,3.067000,-0.266000,-0.009000,1
8.968147,-6.756000,-53.473999,-14.035000,100.723000,26.357000,30.546000,150.587006,0.000000,0.000000,0.000000,0.000000,0.000000,0.000000,0.120000,250.000000,-1010.000000,-153.000000,-1448.000000,240.000000,-43.000000,-21.000000,22.000000,22.000000,22.000000,22.000000,22.000000,22.000000,22.000000,37.000000,38.000000,39.000000,40.000000,40.000000,40.000000,43.000000,1,1,1,1,1,1,1,0,0,0,0,0,0,0,75,5400.356934,1218,0,1,0.605474,-0.070000,-0.272000,3.065000,-0.281000,-0.009000,1
8.977961,-6.854000,-52.915001,-13.699000,99.987000,26.622000,29.820000,150.809998,0.000000,0.000000,0.000000,0.000000,0.000000,0.000000,0.120000,250.000000,-1010.000000,-153.000000,-1448.000000,240.000000,-43.000000,-21.000000,22.000000,22.000000,22.000000,22.000000,22.000000,22.000000,22.000000,37.000000,38.000000,39.000000,40.000000,40.000000,40.000000,43.000000,1,1,1,1,1,1,1,0,0,0,0,0,0,0,75,5400.359863,1217,0,1,0.613051,-0.070000,-0.272000,3.062000,-0.295000,-0.009000,1
8.987900,-6.957000,-52.338001,-13.362000,99.237000,26.882999,29.080999,151.033005,0.000000,0.000000,0.000000,0.000000,0.000000,0.000000,0.120000,250.000000,-1010.000000,-153.000000,-1448.000000,240.000000,-43.000000,-21.000000,22.000000,22.000000,22.000000,22.000000,22.000000,22.000000,22.000000,37.000000,38.000000,39.000000,40.000000,40.000000,40.000000,43.000000,1,1,1,1,1,1,1,0,0,0,0,0,0,0,75,5400.357910,1218,0,1,0.620679,-0.070000,-0.272000,3.059000,-0.310000,-0.010000,1
8.998026,-7.065000,-51.743000,-13.023000,98.472000,27.139999,28.332001,151.255997,0.000000,0.000000,0.000000,0.000000,0.000000,0.000000,0.120000,250.000000,-1010.000000,-153.000000,-1448.000000,240.000000,-43.000000,-21.000000,22.000000,22.000000,22.000000,22.000000,22.000000,22.000000,22.000000,37.000000,38.000000,39.000000,40.000000,40.000000,40.000000,43.000000,1,1,1,1,1,1,1,0,0,0,0,0,0,0,75,5400.357910,1217,0,1,0.628340,-0.069999,-0.272000,3.056000,-0.325000,-0.010000,1
9.007920,-7.202000,-51.006001,-12.618000,97.536003,27.441999,27.427000,151.524002,0.000000,0.000000,0.000000,0.000000,0.000000,0.000000,0.120000,250.000000,-1010.000000,-153.000000,-1448.000000,240.000000,-43.000000,-21.000000,22.000000,22.000000,22.000000,22.000000,22.000000,22.000000,22.000000,37.000000,38.000000,39.000000,40.000000,40.000000,40.000000,43.000000,1,1,1,1,1,1,1,0,0,0,0,0,0,0,75,5400.356934,1218,0,1,0.637552,-0.069999,-0.272000,3.053000,-0.343000,-0.010000,1
9.017987,-7.323000,-50.374001,-12.281000,96.739998,27.687000,26.670000,151.746994,0.000000,0.000000,0.000000,0.000000,0.000000,0.000000,0.120000,250.000000,-1010.000000,-153.000000,-1448.000000,240.000000,-43.000000,-21.000000,22.000000,22.000000,22.000000,22.000000,22.000000,22.000000,22.000000,37.000000,38.000000,39.000000,40.000000,40.000000,40.000000,43.000000,1,1,1,1,1,1,1,0,0,0,0,0,0,0,75,5400.359863,1217,0,1,0.645221,-0.069999,-0.272000,3.050000,-0.358000,-0.010000,1
9.028053,-7.450000,-49.727001,-11.946000,95.931000,27.926001,25.914000,151.970001,0.000000,0.000000,0.000000,0.000000,0.000000,0.000000,0.120000,250.000000,-1010.000000,-153.000000,-1448.000000,240.000000,-43.000000,-21.000000,22.000000,22.000000,22.000000,22.000000,22.000000,22.000000,22.000000,37.000000,38.000000,39.000000,40.000000,40.000000,40.000000,43.000000,1,1,1,1,1,1,1,0,0,0,0,0,0,0,75,5400.357910,1219,0,1,0.652865,-0.069999,-0.271999,3.047000,-0.373000,-0.010000,1
9.037989,-7.584000,-49.067001,-11.614000,95.109001,28.157000,25.165001,152.192993,0.000000,0.000000,0.000000,0.000000,0.000000,0.000000,0.120000,250.000000,-1010.000000,-153.000000,-1448.000000,240.000000,-43.000000,-21.000000,22.000000,22.000000,22.000000,22.000000,22.000000,22.000000,22.000000,37.000000,38.000000,39.000000,40.000000,40.000000,40.000000,43.000000,1,1,1,1,1,1,1,0,0,0,0,0,0,0,75,5400.359863,1218,0,1,0.660466,-0.070000,-0.271999,3.044000,-0.387000,-0.010000,1
9.047990,-7.726000,-48.395000,-11.286000,94.273003,28.381001,24.424999,152.417007,0.000000,0.000000,0.000000,0.000000,0.000000,0.000000,0.120000,250.000000,-1010.000000,-153.000000,-1448.000000,240.000000,-43.000000,-21.000000,22.000000,22.000000,22.000000,22.000000,22.000000,22.000000,22.000000,37.000000,38.000000,39.000000,40.000000,40.000000,40.000000,43.000000,1,1,1,1,1,1,1,0,0,0,0,0,0,0,75,5400.359863,1218,0,1,0.668005,-0.070000,-0.272000,3.041000,-0.402000,-0.010000,1
9.057953,-7.906000,-47.575001,-10.898000,93.253998,28.638000,23.556000,152.686005,0.000000,0.000000,0.000000,0.000000,0.000000,0.000000,0.120000,250.000000,-1010.000000,-153.000000,-1448.000000,240.000000,-43.000000,-21.000000,22.000000,22.000000,22.000000,22.000000,22.000000,22.000000,22.000000,37.000000,38.000000,39.000000,40.000000,40.000000,40.000000,43.000000,1,1,1,1,1,1,1,0,0,0,0,0,0,0,75,5400.360840,1217,0,1,0.676947,-0.069999,-0.272000,3.038000,-0.419000,-0.009000,1
9.068013,-7.969000,-47.299000,-10.771000,92.910004,28.721001,23.271999,152.776001,0.000000,0.000000,0.000000,0.000000,0.000000,0.000000,0.120000,250.000000,-1010.000000,-153.000000,-1448.000000,240.000000,-43.000000,-21.000000,22.000000,22.000000,22.000000,22.000000,22.000000,22.000000,22.000000,37.000000,38.000000,39.000000,40.000000,40.000000,40.000000,43.000000,1,1,1,1,1,1,1,0,0,0,0,0,0,0,75,5400.359863,1218,0,1,0.679898,-0.070000,-0.272000,3.037000,-0.425000,-0.009000,1
9.077977,-8.167000,-46.464001,-10.395000,91.867996,28.962000,22.441000,153.046997,0.000000,0.000000,0.000000,0.000000,0.000000,0.000000,0.120000,250.000000,-1010.000000,-153.000000,-1448.000000,240.000000,-43.000000,-21.000000,22.000000,22.000000,22.000000,22.000000,22.000000,22.000000,22.000000,37.000000,38.000000,39.000000,40.000000,40.000000,40.000000,43.000000,1,1,1,1,1,1,1,0,0,0,0,0,0,0,75,5400.359863,1217,0,1,0.688644,-0.069999,-0.272000,3.033000,-0.442000,-0.009000,1
9.087943,-8.342000,-45.762001,-10.088000,90.987000,29.152000,21.775000,153.274002,0.000000,0.000000,0.000000,0.000000,0.000000,0.000000,0.120000,250.000000,-1010.000000,-153.000000,-1448.000000,240.000000,-43.000000,-21.000000,22.000000,22.000000,22.000000,22.000000,22.000000,22.000000,22.000000,37.000000,38.000000,39.000000,40.000000,40.000000,40.000000,43.000000,1,1,1,1,1,1,1,0,0,0,0,0,0,0,75,5400.356934,1217,0,1,0.695797,-0.070000,-0.272000,3.030000,-0.455000,-0.009000,1
9.097982,-8.527000,-45.056999,-9.789000,90.097000,29.333000,21.136999,153.501999,0.000000,0.000000,0.000000,0.000000,0.000000,0.000000,0.120000,250.000000,-1010.000000,-153.000000,-1448.000000,240.000000,-43.000000,-21.000000,22.000000,22.000000,22.000000,22.000000,22.000000,22.000000,22.000000,37.000000,38.000000,39.000000,40.000000,40.000000,40.000000,43.000000,1,1,1,1,1,1,1,0,0,0,0,0,0,0,75,5400.356934,1218,0,1,0.702811,-0.070000,-0.271999,3.028000,-0.469000,-0.008000,1
9.108013,-8.723000,-44.351002,-9.499000,89.198997,29.504999,20.530001,153.731995,0.000000,0.000000,0.000000,0.000000,0.000000,0.000000,0.120000,250.000000,-1010.000000,-153.000000,-1448.000000,240.000000,-43.000000,-21.000000,22.000000,22.000000,22.000000,22.000000,22.000000,22.000000,22.000000,37.000000,38.000000,39.000000,40.000000,40.000000,40.000000,43.000000,1,1,1,1,1,1,1,0,0,0,0,0,0,0,75,5400.357910,1218,0,1,0.709670,-0.070000,-0.272000,3.025000,-0.482000,-0.008000,1
9.117937,-8.971000,-43.506001,-9.162000,88.112000,29.698999,19.847000,154.009995,0.000000,0.000000,0.000000,0.000000,0.000000,0.000000,0.120000,250.000000,-1010.000000,-153.000000,-1448.000000,240.000000,-43.000000,-21.000000,22.000000,22.000000,22.000000,22.000000,22.000000,22.000000,22.000000,37.000000,38.000000,39.000000,40.000000,40.000000,40.000000,43.000000,1,1,1,1,1,1,1,0,0,0,0,0,0,0,75,5400.360840,1218,0,1,0.717679,-0.070000,-0.271999,3.022000,-0.497000,-0.008000,1
9.128099,-9.189000,-42.806000,-8.891000,87.199997,29.850000,19.320000,154.244003,0.000000,0.000000,0.000000,0.000000,0.000000,0.000000,0.120000,250.000000,-1010.000000,-153.000000,-1448.000000,240.000000,-43.000000,-21.000000,22.000000,22.000000,22.000000,22.000000,22.000000,22.000000,22.000000,37.000000,38.000000,39.000000,40.000000,40.000000,40.000000,43.000000,1,1,1,1,1,1,1,0,0,0,0,0,0,0,75,5400.359863,1217,0,1,0.724154,-0.069999,-0.271999,3.019000,-0.509000,-0.007000,1
9.138021,-9.418000,-42.111000,-8.630000,86.285004,29.993000,18.830999,154.479996,0.000000,0.000000,0.000000,0.000000,0.000000,0.000000,0.120000,250.000000,-1010.000000,-153.000000,-1448.000000,240.000000,-43.000000,-21.000000,22.000000,22.000000,22.000000,22.000000,22.000000,22.000000,22.000000,37.000000,38.000000,39.000000,40.000000,40.000000,40.000000,43.000000,1,1,1,1,1,1,1,0,0,0,0,0,0,0,75,5400.357910,1218,0,1,0.730434,-0.070000,-0.272000,3.017000,-0.520000,-0.007000,1
9.148041,-9.560000,-41.698002,-8.479000,85.735001,30.073999,18.558001,154.621994,0.000000,0.000000,0.000000,0.000000,0.000000,0.000000,0.120000,250.000000,-1010.000000,-153.000000,-1448.000000,240.000000,-43.000000,-21.000000,22.000000,22.000000,22.000000,22.000000,22.000000,22.000000,22.000000,37.000000,38.000000,39.000000,40.000000,40.000000,40.000000,43.000000,1,1,1,1,1,1,1,0,0,0,0,0,0,0,75,5400.357910,1217,0,1,0.734106,-0.070000,-0.271999,3.015000,-0.527000,-0.006000,1
9.157989,-9.905000,-40.747002,-8.140000,84.450996,30.250999,17.981001,154.957001,0.000000,0.000000,0.000000,0.000000,0.000000,0.000000,0.120000,250.000000,-1010.000000,-153.000000,-1448.000000,240.000000,-43.000000,-21.000000,22.000000,22.000000,22.000000,22.000000,22.000000,22.000000,22.000000,37.000000,38.000000,39.000000,40.000000,40.000000,40.000000,43.000000,1,1,1,1,1,1,1,0,0,0,0,0,0,0,75,5400.357910,1217,0,1,0.742376,-0.070000,-0.271999,3.012000,-0.542000,-0.006000,1
9.167972,-10.215000,-39.950001,-7.868000,83.353996,30.392000,17.554001,155.246002,0.000000,0.000000,0.000000,0.000000,0.000000,0.000000,0.120000,250.000000,-1010.000000,-153.000000,-1448.000000,240.000000,-43.000000,-21.000000,22.000000,22.000000,22.000000,22.000000,22.000000,22.000000,22.000000,37.000000,38.000000,39.000000,40.000000,40.000000,40.000000,43.000000,1,1,1,1,1,1,1,0,0,0,0,0,0,0,75,5400.359863,1217,0,1,0.749122,-0.069999,-0.272000,3.010000,-0.554000,-0.005000,1
9.177999,-10.322000,-39.688999,-7.780000,82.989998,30.437000,17.427000,155.341995,0.000000,0.000000,0.000000,0.000000,0.000000,0.000000,0.120000,250.000000,-1010.000000,-153.000000,-1448.000000,240.000000,-43.000000,-21.000000,22.000000,22.000000,22.000000,22.000000,22.000000,22.000000,22.000000,37.000000,38.000000,39.000000,40.000000,40.000000,40.000000,43.000000,1,1,1,1,1,1,1,0,0,0,0,0,0,0,75,5400.359863,1218,0,1,0.751298,-0.069999,-0.272000,3.009000,-0.558000,-0.005000,1
9.187967,-10.594000,-39.046001,-7.570000,82.083000,30.545000,17.139000,155.582001,0.000000,0.000000,0.000000,0.000000,0.000000,0.000000,0.120000,250.000000,-1010.000000,-153.000000,-1448.000000,240.000000,-43.000000,-21.000000,22.000000,22.000000,22.000000,22.000000,22.000000,22.000000,22.000000,37.000000,38.000000,39.000000,40.000000,40.000000,40.000000,43.000000,1,1,1,1,1,1,1,0,0,0,0,0,0,0,75,5400.359863,1217,0,1,0.756577,-0.069999,-0.272000,3.007000,-0.567000,-0.005000,1
9.198016,-10.929000,-38.296001,-7.334000,81.004997,30.664000,16.854000,155.873001,0.000000,0.000000,0.000000,0.000000,0.000000,0.000000,0.120000,250.000000,-1010.000000,-153.000000,-1448.000000,240.000000,-43.000000,-21.000000,22.000000,22.000000,22.000000,22.000000,22.000000,22.000000,22.000000,37.000000,38.000000,39.000000,40.000000,40.000000,40.000000,43.000000,1,1,1,1,1,1,1,0,0,0,0,0,0,0,75,5400.357910,1217,0,1,0.762601,-0.069999,-0.272000,3.004000,-0.578000,-0.004000,1
9.207929,-11.214000,-37.689999,-7.151000,80.115997,30.754000,16.666000,156.117004,0.000000,0.000000,0.000000,0.000000,0.000000,0.000000,0.120000,250.000000,-1010.000000,-153.000000,-1448.000000,240.000000,-43.000000,-21.000000,22.000000,22.000000,22.000000,22.000000,22.000000,22.000000,22.000000,37.000000,38.000000,39.000000,40.000000,40.000000,40.000000,43.000000,1,1,1,1,1,1,1,0,0,0,0,0,0,0,75,5400.357910,1218,0,1,0.767360,-0.069999,-0.272000,3.002000,-0.586000,-0.004000,1
9.217957,-11.504000,-37.104000,-6.980000,79.238998,30.837000,16.523001,156.362000,0.000000,0.000000,0.000000,0.000000,0.000000,0.000000,0.120000,250.000000,-1010.000000,-153.000000,-1448.000000,240.000000,-43.000000,-21.000000,22.000000,22.000000,22.000000,22.000000,22.000000,22.000000,22.000000,37.000000,38.000000,39.000000,40.000000,40.000000,40.000000,43.000000,1,1,1,1,1,1,1,0,0,0,0,0,0,0,75,5400.357910,1217,0,1,0.771880,-0.069999,-0.272000,3.001000,-0.593000,-0.003000,1
9.228088,-11.855000,-36.426998,-6.791000,78.203003,30.927000,16.408001,156.656006,0.000000,0.000000,0.000000,0.000000,0.000000,0.000000,0.120000,250.000000,-1010.000000,-153.000000,-1448.000000,240.000000,-43.000000,-21.000000,22.000000,22.000000,22.000000,22.000000,22.000000,22.000000,22.000000,37.000000,38.000000,39.000000,40.000000,40.000000,40.000000,43.000000,1,1,1,1,1,1,1,0,0,0,0,0,0,0,75,5400.357910,1218,0,1,0.776988,-0.069999,-0.272000,2.999000,-0.601000,-0.003000,1
9.238101,-12.149000,-35.886002,-6.649000,77.357002,30.993999,16.358999,156.901993,0.000000,0.000000,0.000000,0.000000,0.000000,0.000000,0.120000,250.000000,-1010.000000,-153.000000,-1448.000000,240.000000,-43.000000,-21.000000,22.000000,22.000000,22.000000,22.000000,22.000000,22.000000,22.000000,37.000000,38.000000,39.000000,40.000000,40.000000,40.000000,43.000000,1,1,1,1,1,1,1,0,0,0,0,0,0,0,75,5400.357910,1218,0,1,0.780983,-0.069999,-0.272000,2.997000,-0.608000,-0.002000,1
9.247991,-12.442000,-35.366001,-6.519000,76.525002,31.054001,16.351000,157.147003,0.000000,0.000000,0.000000,0.000000,0.000000,0.000000,0.120000,250.000000,-1010.000000,-153.000000,-1448.000000,240.000000,-43.000000,-21.000000,22.000000,22.000000,22.000000,22.000000,22.000000,22.000000,22.000000,37.000000,38.000000,39.000000,40.000000,40.000000,40.000000,43.000000,1,1,1,1,1,1,1,0,0,0,0,0,0,0,75,5400.357910,1217,0,1,0.784743,-0.069999,-0.272000,2.996000,-0.613000,-0.002000,1
9.257959,-12.733000,-34.868000,-6.402000,75.710999,31.107000,16.382999,157.391998,0.000000,0.000000,0.000000,0.000000,0.000000,0.000000,0.120000,250.000000,-1010.000000,-153.000000,-1448.000000,240.000000,-43.000000,-21.000000,22.000000,22.000000,22.000000,22.000000,22.000000,22.000000,22.000000,37.000000,38.000000,39.000000,40.000000,40.000000,40.000000,43.000000,1,1,1,1,1,1,1,0,0,0,0,0,0,0,75,5400.359863,1218,0,1,0.788274,-0.069999,-0.272000,2.995000,-0.618000,-0.001000,1
9.267952,-13.078000,-34.298000,-6.279000,74.757004,31.160999,16.469999,157.684006,0.000000,0.000000,0.000000,0.000000,0.000000,0.000000,0.120000,250.000000,-1010.000000,-153.000000,-1448.000000,240.000000,-43.000000,-21.000000,22.000000,22.000000,22.000000,22.000000,22.000000,22.000000,22.000000,37.000000,38.000000,39.000000,40.000000,40.000000,40.000000,43.000000,1,1,1,1,1,1,1,0,0,0,0,0,0,0,75,5400.357910,1218,0,1,0.792215,-0.069999,-0.272000,2.994000,-0.624000,-0.001000,1
9.278027,-13.191000,-34.116001,-6.243000,74.445000,31.177000,16.511000,157.781006,0.000000,0.000000,0.000000,0.000000,0.000000,0.000000,0.120000,250.000000,-1010.000000,-153.000000,-1448.000000,240.000000,-43.000000,-21.000000,22.000000,22.000000,22.000000,22.000000,22.000000,22.000000,22.000000,37.000000,38.000000,39.000000,40.000000,40.000000,40.000000,43.000000,1,1,1,1,1,1,1,0,0,0,0,0,0,0,75,5400.357910,1217,0,1,0.793459,-0.069999,-0.272000,2.993000,-0.625000,-0.001000,1
9.288014,-13.526000,-33.587002,-6.145000,73.525002,31.219000,16.665001,158.070007,0.000000,0.000000,0.000000,0.000000,0.000000,0.000000,0.120000,250.000000,-1010.000000,-153.000000,-1448.000000,240.000000,-43.000000,-21.000000,22.000000,22.000000,22.000000,22.000000,22.000000,22.000000,22.000000,37.000000,38.000000,39.000000,40.000000,40.000000,40.000000,43.000000,1,1,1,1,1,1,1,0,0,0,0,0,0,0,75,5400.357910,1217,0,1,0.796988,-0.069999,-0.272000,2.992000,-0.630000,-0.001000,1
9.297958,-13.798000,-33.169998,-6.077000,72.778999,31.247000,16.829000,158.309006,0.000000,0.000000,0.000000,0.000000,0.000000,0.000000,0.120000,250.000000,-1010.000000,-153.000000,-1448.000000,240.000000,-43.000000,-21.000000,22.000000,22.000000,22.000000,22.000000,22.000000,22.000000,22.000000,37.000000,38.000000,39.000000,40.000000,40.000000,40.000000,43.000000,1,1,1,1,1,1,1,0,0,0,0,0,0,0,75,5400.359863,1217,0,1,0.799707,-0.069999,-0.272000,2.991000,-0.633000,0.000000,1
9.307916,-14.062000,-32.771999,-6.022000,72.050003,31.268999,17.023001,158.546005,0.000000,0.000000,0.000000,0.000000,0.000000,0.000000,0.120000,250.000000,-1010.000000,-153.000000,-1448.000000,240.000000,-43.000000,-21.000000,22.000000,22.000000,22.000000,22.000000,22.000000,22.000000,22.000000,37.000000,38.000000,39.000000,40.000000,40.000000,40.000000,43.000000,1,1,1,1,1,1,1,0,0,0,0,0,0,0,75,5400.359863,1218,0,1,0.802235,-0.069999,-0.272000,2.991000,-0.636000,0.000000,1
9.317929,-14.318000,-32.394001,-5.980000,71.337997,31.285000,17.245001,158.781006,0.000000,0.000000,0.000000,0.000000,0.000000,0.000000,0.120000,250.000000,-1010.000000,-153.000000,-1448.000000,240.000000,-43.000000,-21.000000,22.000000,22.000000,22.000000,22.000000,22.000000,22.000000,22.000000,37.000000,38.000000,39.000000,40.000000,40.000000,40.000000,43.000000,1,1,1,1,1,1,1,0,0,0,0,0,0,0,75,5400.359863,1218,0,1,0.804582,-0.069999,-0.272000,2.990000,-0.638000,0.000000,1
9.328044,-14.564000,-32.032001,-5.948000,70.642998,31.296000,17.492001,159.013000,0.000000,0.000000,0.000000,0.000000,0.000000,0.000000,0.120000,250.000000,-1010.000000,-153.000000,-1448.000000,240.000000,-43.000000,-21.000000,22.000000,22.000000,22.000000,22.000000,22.000000,22.000000,22.000000,37.000000,38.000000,39.000000,40.000000,40.000000,40.000000,43.000000,1,1,1,1,1,1,1,0,0,0,0,0,0,0,75,5400.357910,1217,0,1,0.806762,-0.069999,-0.272000,2.990000,-0.640000,0.000000,1
9.337951,-14.802000,-31.687000,-5.928000,69.962997,31.302000,17.761999,159.242004,0.000000,0.000000,0.000000,0.000000,0.000000,0.000000,0.120000,250.000000,-1010.000000,-153.000000,-1448.000000,240.000000,-43.000000,-21.000000,22.000000,22.000000,22.000000,22.000000,22.000000,22.000000,22.000000,37.000000,38.000000,39.000000,40.000000,40.000000,40.000000,43.000000,1,1,1,1,1,1,1,0,0,0,0,0,0,0,75,5400.357910,1218,0,1,0.808788,-0.069999,-0.272000,2.989000,-0.642000,0.000000,1
9.347956,-15.076000,-31.292000,-5.917000,69.164001,31.304001,18.112000,159.514999,0.000000,0.000000,0.000000,0.000000,0.000000,0.000000,0.120000,250.000000,-1010.000000,-153.000000,-1448.000000,240.000000,-43.000000,-21.000000,22.000000,22.000000,22.000000,22.000000,22.000000,22.000000,22.000000,37.000000,38.000000,39.000000,40.000000,40.000000,40.000000,43.000000,1,1,1,1,1,1,1,0,0,0,0,0,0,0,75,5400.359863,1217,0,1,0.811037,-0.069999,-0.272000,2.989000,-0.643000,0.000000,1
9.357933,-15.294000,-30.976000,-5.918000,68.512001,31.299999,18.424999,159.740005,0.000000,0.000000,0.000000,0.000000,0.000000,0.000000,0.120000,250.000000,-1010.000000,-153.000000,-1448.000000,240.000000,-43.000000,-21.000000,22.000000,22.000000,22.000000,22.000000,22.000000,22.000000,22.000000,37.000000,38.000000,39.000000,40.000000,40.000000,40.000000,43.000000,1,1,1,1,1,1,1,0,0,0,0,0,0,0,75,5400.359863,1218,0,1,0.812775,-0.069999,-0.272000,2.989000,-0.644000,0.000000,1
9.367926,-15.503000,-30.671000,-5.928000,67.869003,31.292000,18.752001,159.962997,0.000000,0.000000,0.000000,0.000000,0.000000,0.000000,0.120000,250.000000,-1010.000000,-153.000000,-1448.000000,240.000000,-43.000000,-21.000000,22.000000,22.000000,22.000000,22.000000,22.000000,22.000000,22.000000,37.000000,38.000000,39.000000,40.000000,40.000000,40.000000,43.000000,1,1,1,1,1,1,1,0,0,0,0,0,0,0,75,5400.359863,1218,0,1,0.814409,-0.069999,-0.271999,2.989000,-0.645000,0.000000,1
9.377918,-15.705000,-30.375000,-5.945000,67.233002,31.281000,19.093000,160.184998,0.000000,0.000000,0.000000,0.000000,0.000000,0.000000,0.120000,250.000000,-1010.000000,-153.000000,-1448.000000,240.000000,-43.000000,-21.000000,22.000000,22.000000,22.000000,22.000000,22.000000,22.000000,22.000000,37.000000,38.000000,39.000000,40.000000,40.000000,40.000000,43.000000,1,1,1,1,1,1,1,0,0,0,0,0,0,0,75,5400.356934,1217,0,1,0.815954,-0.070000,-0.272000,2.989000,-0.645000,0.000000,1
9.387917,-15.939000,-30.028000,-5.973000,66.476997,31.264000,19.516001,160.451004,0.000000,0.000000,0.000000,0.000000,0.000000,0.000000,0.120000,250.000000,-1010.000000,-153.000000,-1448.000000,240.000000,-43.000000,-21.000000,22.000000,22.000000,22.000000,22.000000,22.000000,22.000000,22.000000,37.000000,38.000000,39.000000,40.000000,40.000000,40.000000,43.000000,1,1,1,1,1,1,1,0,0,0,0,0,0,0,75,5400.359863,1217,0,1,0.817715,-0.070000,-0.272000,2.989000,-0.645000,0.000000,1
9.398019,-16.014999,-29.913000,-5.984000,66.225998,31.257000,19.659000,160.539001,0.000000,0.000000,0.000000,0.000000,0.000000,0.000000,0.120000,250.000000,-1010.000000,-153.000000,-1448.000000,240.000000,-43.000000,-21.000000,22.000000,22.000000,22.000000,22.000000,22.000000,22.000000,22.000000,37.000000,38.000000,39.000000,40.000000,40.000000,40.000000,43.000000,1,1,1,1,1,1,1,0,0,0,0,0,0,0,75,5400.359863,1217,0,1,0.818285,-0.069999,-0.272000,2.989000,-0.645000,0.000000,1
9.407966,-16.201000,-29.629000,-6.015000,65.598999,31.238001,20.023001,160.761993,0.000000,0.000000,0.000000,0.000000,0.000000,0.000000,0.120000,250.000000,-1010.000000,-153.000000,-1448.000000,240.000000,-43.000000,-21.000000,22.000000,22.000000,22.000000,22.000000,22.000000,22.000000,22.000000,37.000000,38.000000,39.000000,40.000000,40.000000,40.000000,43.000000,1,1,1,1,1,1,1,0,0,0,0,0,0,0,75,5400.357910,1218,0,1,0.819680,-0.070000,-0.272000,2.989000,-0.645000,0.000000,1
9.417977,-16.384001,-29.346001,-6.049000,64.971001,31.218000,20.392000,160.985001,0.000000,0.000000,0.000000,0.000000,0.000000,0.000000,0.120000,250.000000,-1010.000000,-153.000000,-1448.000000,240.000000,-43.000000,-21.000000,22.000000,22.000000,22.000000,22.000000,22.000000,22.000000,22.000000,37.000000,38.000000,39.000000,40.000000,40.000000,40.000000,43.000000,1,1,1,1,1,1,1,0,0,0,0,0,0,0,75,5400.357910,1217,0,1,0.821050,-0.069999,-0.272000,2.988000,-0.645000,0.000000,1
9.428106,-16.599001,-29.003000,-6.094000,64.209000,31.190001,20.839001,161.257004,0.000000,0.000000,0.000000,0.000000,0.000000,0.000000,0.120000,250.000000,-1010.000000,-153.000000,-1448.000000,240.000000,-43.000000,-21.000000,22.000000,22.000000,22.000000,22.000000,22.000000,22.000000,22.000000,37.000000,38.000000,39.000000,40.000000,40.000000,40.000000,43.000000,1,1,1,1,1,1,1,0,0,0,0,0,0,0,75,5400.359863,1217,0,1,0.822688,-0.070005,-0.272000,2.988000,-0.645000,0.000000,0
9.437985,-16.775000,-28.715000,-6.133000,63.570000,31.166000,21.212000,161.485001,0.000000,0.000000,0.000000,0.000000,0.000000,0.000000,0.120000,250.000000,-1010.000000,-153.000000,-1448.000000,240.000000,-43.000000,-21.000000,22.000000,22.000000,22.000000,22.000000,22.000000,22.000000,22.000000,37.000000,38.000000,39.000000,40.000000,40.000000,40.000000,43.000000,1,1,1,1,1,1,1,0,0,0,0,0,0,0,75,5400.359863,1218,0,1,0.824049,-0.070013,-0.272000,2.988000,-0.645000,0.000000,0
9.447951,-16.959000,-28.424999,-6.167000,62.924999,31.139000,21.587000,161.720993,0.000000,0.000000,0.000000,0.000000,0.000000,0.000000,0.120000,250.000000,-1010.000000,-153.000000,-1448.000000,240.000000,-43.000000,-21.000000,22.000000,22.000000,22.000000,22.000000,22.000000,22.000000,22.000000,37.000000,38.000000,39.000000,40.000000,40.000000,40.000000,43.000000,1,1,1,1,1,1,1,0,0,0,0,0,0,0,75,5400.357910,1217,0,1,0.825409,-0.069994,-0.272000,2.988000,-0.645000,0.000000,0
9.457942,-17.159000,-28.136000,-6.185000,62.277000,31.108000,21.964001,161.972000,0.000000,0.000000,0.000000,0.000000,0.000000,0.000000,0.120000,250.000000,-1010.000000,-153.000000,-1448.000000,240.000000,-43.000000,-21.000000,22.000000,22.000000,22.000000,22.000000,22.000000,22.000000,22.000000,37.000000,38.000000,39.000000,40.000000,40.000000,40.000000,43.000000,1,1,1,1,1,1,1,0,0,0,0,0,0,0,75,5400.359863,1217,0,1,0.826768,-0.069919,-0.272000,2.988000,-0.645000,0.000000,0
9.467949,-17.438000,-27.794001,-6.174000,61.500000,31.063000,22.417000,162.298004,0.000000,0.000000,0.000000,0.000000,0.000000,0.000000,0.120000,250.000000,-1010.000000,-153.000000,-1448.000000,240.000000,-43.000000,-21.000000,22.000000,22.000000,22.000000,22.000000,22.000000,22.000000,22.000000,37.000000,38.000000,39.000000,40.000000,40.000000,40.000000,43.000000,1,1,1,1,1,1,1,0,0,0,0,0,0,0,75,5400.357910,1217,0,1,0.828387,-0.069711,-0.272000,2.988000,-0.645000,0.000000,0
9.477957,-17.707001,-27.507000,-6.134000,60.840000,31.018999,22.802000,162.597000,0.000000,0.000000,0.000000,0.000000,0.000000,0.000000,0.120000,250.000000,-1010.000000,-153.000000,-1448.000000,240.000000,-43.000000,-21.000000,22.000000,22.000000,22.000000,22.000000,22.000000,22.000000,22.000000,37.000000,38.000000,39.000000,40.000000,40.000000,40.000000,43.000000,1,1,1,1,1,1,1,0,0,0,0,0,0,0,75,5400.357910,1218,0,1,0.829751,-0.069427,-0.272000,2.988000,-0.645000,0.000000,3
9.487945,-18.042999,-27.195999,-6.056000,60.111000,30.964001,23.226000,162.951004,0.000000,0.000000,0.000000,0.000000,0.000000,0.000000,0.120000,250.000000,-1010.000000,-153.000000,-1448.000000,240.000000,-43.000000,-21.000000,22.000000,22.000000,22.000000,22.000000,22.000000,22.000000,22.000000,37.000000,38.000000,39.000000,40.000000,40.000000,40.000000,43.000000,1,1,1,1,1,1,1,0,0,0,0,0,0,0,75,5400.359863,1218,0,1,0.831246,-0.068999,-0.272000,2.988000,-0.645000,0.000000,3
9.498031,-18.469000,-26.853001,-5.925000,59.292000,30.893000,23.704000,163.380005,0.000000,0.000000,0.000000,0.000000,0.000000,0.000000,0.120000,250.000000,-1010.000000,-153.000000,-1448.000000,240.000000,-43.000000,-21.000000,22.000000,22.000000,22.000000,22.000000,22.000000,22.000000,22.000000,37.000000,38.000000,39.000000,40.000000,40.000000,40.000000,43.000000,1,1,1,1,1,1,1,0,0,0,0,0,0,0,75,5400.357910,1218,0,1,0.832913,-0.068367,-0.272000,2.988000,-0.645000,0.000000,3
9.507996,-18.768000,-26.639000,-5.815000,58.772999,30.841999,24.007000,163.669998,0.000000,0.000000,0.000000,0.000000,0.000000,0.000000,0.120000,250.000000,-1010.000000,-153.000000,-1448.000000,240.000000,-43.000000,-21.000000,22.000000,22.000000,22.000000,22.000000,22.000000,22.000000,22.000000,37.000000,38.000000,39.000000,40.000000,40.000000,40.000000,43.000000,1,1,1,1,1,1,1,0,0,0,0,0,0,0,75,5400.357910,1217,0,1,0.833962,-0.067879,-0.272000,2.988000,-0.645000,0.000000,3
9.517966,-19.090000,-26.429001,-5.684000,58.254002,30.785000,24.309999,163.975998,0.000000,0.000000,0.000000,0.000000,0.000000,0.000000,0.120000,250.000000,-1010.000000,-153.000000,-1448.000000,240.000000,-43.000000,-21.000000,22.000000,22.000000,22.000000,22.000000,22.000000,22.000000,22.000000,37.000000,38.000000,39.000000,40.000000,40.000000,40.000000,43.000000,1,1,1,1,1,1,1,0,0,0,0,0,0,0,75,5400.357910,1217,0,1,0.835004,-0.067317,-0.272000,2.988000,-0.645000,0.000000,3
9.528027,-19.781000,-26.039000,-5.361000,57.261002,30.655001,24.891001,164.610992,0.000000,0.000000,0.000000,0.000000,0.000000,0.000000,0.120000,250.000000,-1010.000000,-153.000000,-1448.000000,240.000000,-43.000000,-21.000000,22.000000,22.000000,22.000000,22.000000,22.000000,22.000000,22.000000,37.000000,38.000000,39.000000,40.000000,40.000000,40.000000,43.000000,1,1,1,1,1,1,1,0,0,0,0,0,0,0,75,5400.359863,1217,0,1,0.836983,-0.066012,-0.272000,2.988000,-0.645000,0.000000,3
9.537988,-20.396999,-25.747999,-5.035000,56.487999,30.531000,25.343000,165.158005,0.000000,0.000000,0.000000,0.000000,0.000000,0.000000,0.120000,250.000000,-1010.000000,-153.000000,-1448.000000,240.000000,-43.000000,-21.000000,22.000000,22.000000,22.000000,22.000000,22.000000,22.000000,22.000000,37.000000,38.000000,39.000000,40.000000,40.000000,40.000000,43.000000,1,1,1,1,1,1,1,0,0,0,0,0,0,0,75,5400.357910,1217,0,1,0.838504,-0.064752,-0.272000,2.988000,-0.645000,0.000000,3
9.547958,-21.044001,-25.493999,-4.660000,55.776001,30.393000,25.761999,165.714996,0.000000,0.000000,0.000000,0.000000,0.000000,0.000000,0.120000,250.000000,-1010.000000,-153.000000,-1448.000000,240.000000,-43.000000,-21.000000,22.000000,22.000000,22.000000,22.000000,22.000000,22.000000,22.000000,37.000000,38.000000,39.000000,40.000000,40.000000,40.000000,43.000000,1,1,1,1,1,1,1,0,0,0,0,0,0,0,75,5400.357910,1217,0,1,0.839894,-0.063347,-0.272000,2.988000,-0.645000,0.000000,3
9.557970,-21.850000,-25.242001,-4.150000,55.013000,30.212999,26.212999,166.386993,0.000000,0.000000,0.000000,0.000000,0.000000,0.000000,0.120000,250.000000,-1010.000000,-153.000000,-1448.000000,240.000000,-43.000000,-21.000000,22.000000,22.000000,22.000000,22.000000,22.000000,22.000000,22.000000,37.000000,38.000000,39.000000,40.000000,40.000000,40.000000,43.000000,1,1,1,1,1,1,1,0,0,0,0,0,0,0,75,5400.357910,1217,0,1,0.841368,-0.061491,-0.272000,2.988000,-0.645000,0.000000,3
9.567980,-22.125000,-25.171000,-3.967000,54.783001,30.149000,26.350000,166.610992,0.000000,0.000000,0.000000,0.000000,0.000000,0.000000,0.120000,250.000000,-1010.000000,-153.000000,-1448.000000,240.000000,-43.000000,-21.000000,22.000000,22.000000,22.000000,22.000000,22.000000,22.000000,22.000000,37.000000,38.000000,39.000000,40.000000,40.000000,40.000000,43.000000,1,1,1,1,1,1,1,0,0,0,0,0,0,0,75,5400.360840,1217,0,1,0.841810,-0.060835,-0.272000,2.988000,-0.645000,0.000000,3
9.577967,-22.958000,-25.004000,-3.382000,54.173000,29.952000,26.716999,167.272995,0.000000,0.000000,0.000000,0.000000,0.000000,0.000000,0.120000,250.000000,-1010.000000,-153.000000,-1448.000000,240.000000,-43.000000,-21.000000,22.000000,22.000000,22.000000,22.000000,22.000000,22.000000,22.000000,37.000000,38.000000,39.000000,40.000000,40.000000,40.000000,43.000000,1,1,1,1,1,1,1,0,0,0,0,0,0,0,75,5400.357910,1219,0,1,0.842973,-0.058770,-0.272000,2.988000,-0.645000,0.000000,3
9.587892,-23.658001,-24.916000,-2.862000,53.761002,29.781000,26.969999,167.809998,0.000000,0.000000,0.000000,0.000000,0.000000,0.000000,0.120000,250.000000,-1010.000000,-153.000000,-1448.000000,240.000000,-43.000000,-21.000000,22.000000,22.000000,22.000000,22.000000,22.000000,22.000000,22.000000,37.000000,38.000000,39.000000,40.000000,40.000000,40.000000,43.000000,1,1,1,1,1,1,1,0,0,0,0,0,0,0,75,5400.357910,1218,0,1,0.843751,-0.056954,-0.272000,2.989000,-0.645000,0.000000,3
9.598071,-24.353001,-24.877001,-2.317000,53.443001,29.608000,27.172001,168.328995,0.000000,0.000000,0.000000,0.000000,0.000000,0.000000,0.120000,250.000000,-1010.000000,-153.000000,-1448.000000,240.000000,-43.000000,-21.000000,22.000000,22.000000,22.000000,22.000000,22.000000,22.000000,22.000000,37.000000,38.000000,39.000000,40.000000,40.000000,40.000000,43.000000,1,1,1,1,1,1,1,0,0,0,0,0,0,0,75,5400.359863,1217,0,1,0.844346,-0.055070,-0.272000,2.988000,-0.645000,0.000000,3
9.607995,-25.172001,-24.896999,-1.643000,53.192001,29.400999,27.344000,168.917999,0.000000,0.000000,0.000000,0.000000,0.000000,0.000000,0.120000,250.000000,-1010.000000,-153.000000,-1448.000000,240.000000,-43.000000,-21.000000,22.000000,22.000000,22.000000,22.000000,22.000000,22.000000,22.000000,37.000000,38.000000,39.000000,40.000000,40.000000,40.000000,43.000000,1,1,1,1,1,1,1,0,0,0,0,0,0,0,75,5400.357910,1217,0,1,0.844810,-0.052745,-0.272000,2.988000,-0.645000,0.000000,3
9.617943,-25.833000,-24.969000,-1.073000,53.095001,29.233000,27.427000,169.375000,0.000000,0.000000,0.000000,0.000000,0.000000,0.000000,0.120000,250.000000,-1010.000000,-153.000000,-1448.000000,240.000000,-43.000000,-21.000000,22.000000,22.000000,22.000000,22.000000,22.000000,22.000000,22.000000,37.000000,38.000000,39.000000,40.000000,40.000000,40.000000,43.000000,1,1,1,1,1,1,1,0,0,0,0,0,0,0,75,5400.357910,1218,0,1,0.844984,-0.050777,-0.272000,2.988000,-0.645000,0.000000,3
9.628009,-26.465000,-25.090000,-0.504000,53.101002,29.072001,27.455000,169.798996,0.000000,0.000000,0.000000,0.000000,0.000000,0.000000,0.120000,250.000000,-1010.000000,-153.000000,-1448.000000,240.000000,-43.000000,-21.000000,22.000000,22.000000,22.000000,22.000000,22.000000,22.000000,22.000000,37.000000,38.000000,39.000000,40.000000,40.000000,40.000000,43.000000,1,1,1,1,1,1,1,0,0,0,0,0,0,0,75,5400.359863,1218,0,1,0.844963,-0.048801,-0.272000,2.988000,-0.645000,0.000000,3
9.638035,-27.177000,-25.299999,0.167000,53.243999,28.892000,27.415001,170.255997,0.000000,0.000000,0.000000,0.000000,0.000000,0.000000,0.120000,250.000000,-1010.000000,-153.000000,-1448.000000,240.000000,-43.000000,-21.000000,22.000000,22.000000,22.000000,22.000000,22.000000,22.000000,22.000000,37.000000,38.000000,39.000000,40.000000,40.000000,40.000000,43.000000,1,1,1,1,1,1,1,0,0,0,0,0,0,0,75,5400.357910,1217,0,1,0.844681,-0.046447,-0.272000,2.988000,-0.645000,0.000000,3
9.647962,-27.400999,-25.385000,0.386000,53.325001,28.834999,27.384001,170.395004,0.000000,0.000000,0.000000,0.000000,0.000000,0.000000,0.120000,250.000000,-1010.000000,-153.000000,-1448.000000,240.000000,-43.000000,-21.000000,22.000000,22.000000,22.000000,22.000000,22.000000,22.000000,22.000000,37.000000,38.000000,39.000000,40.000000,40.000000,40.000000,43.000000,1,1,1,1,1,1,1,0,0,0,0,0,0,0,75,5400.359863,1218,0,1,0.844525,-0.045672,-0.272000,2.988000,-0.645000,0.000000,3
9.658011,-27.617001,-25.476000,0.603000,53.421001,28.781000,27.344000,170.526993,0.000000,0.000000,0.000000,0.000000,0.000000,0.000000,0.120000,250.000000,-1010.000000,-153.000000,-1448.000000,240.000000,-43.000000,-21.000000,22.000000,22.000000,22.000000,22.000000,22.000000,22.000000,22.000000,37.000000,38.000000,39.000000,40.000000,40.000000,40.000000,43.000000,1,1,1,1,1,1,1,0,0,0,0,0,0,0,75,5400.359863,1217,0,1,0.844339,-0.044904,-0.272000,2.988000,-0.645000,0.000000,3
9.667960,-28.219999,-25.792000,1.229000,53.804001,28.629999,27.174000,170.882004,0.000000,0.000000,0.000000,0.000000,0.000000,0.000000,0.120000,250.000000,-1010.000000,-153.000000,-1448.000000,240.000000,-43.000000,-21.000000,22.000000,22.000000,22.000000,22.000000,22.000000,22.000000,22.000000,37.000000,38.000000,39.000000,40.000000,40.000000,40.000000,43.000000,1,1,1,1,1,1,1,0,0,0,0,0,0,0,75,5400.357910,1218,0,1,0.843600,-0.042652,-0.272000,2.988000,-0.645000,0.000000,3
9.677945,-28.664000,-26.099001,1.720000,54.226002,28.521000,26.975000,171.128006,0.000000,0.000000,0.000000,0.000000,0.000000,0.000000,0.120000,250.000000,-1010.000000,-153.000000,-1448.000000,240.000000,-43.000000,-21.000000,22.000000,22.000000,22.000000,22.000000,22.000000,22.000000,22.000000,37.000000,38.000000,39.000000,40.000000,40.000000,40.000000,43.000000,1,1,1,1,1,1,1,0,0,0,0,0,0,0,75,5400.359863,1218,0,1,0.842785,-0.040852,-0.272000,2.988000,-0.645000,0.000000,3
9.687966,-29.049999,-26.440001,2.178000,54.736000,28.426001,26.728001,171.326996,0.000000,0.000000,0.000000,0.000000,0.000000,0.000000,0.120000,250.000000,-1010.000000,-153.000000,-1448.000000,240.000000,-43.000000,-21.000000,22.000000,22.000000,22.000000,22.000000,22.000000,22.000000,22.000000,37.000000,38.000000,39.000000,40.000000,40.000000,40.000000,43.000000,1,1,1,1,1,1,1,0,0,0,0,0,0,0,75,5400.359863,1217,0,1,0.841795,-0.039142,-0.272000,2.988000,-0.645000,0.000000,3
9.698052,-29.431000,-26.889999,2.679000,55.456001,28.332001,26.368999,171.503998,0.000000,0.000000,0.000000,0.000000,0.000000,0.000000,0.120000,250.000000,-1010.000000,-153.000000,-1448.000000,240.000000,-43.000000,-21.000000,22.000000,22.000000,22.000000,22.000000,22.000000,22.000000,22.000000,37.000000,38.000000,39.000000,40.000000,40.000000,40.000000,43.000000,1,1,1,1,1,1,1,0,0,0,0,0,0,0,75,5400.357910,1218,0,1,0.840393,-0.037231,-0.272000,2.988000,-0.645000,0.000000,3
9.707967,-29.677000,-27.292000,3.052000,56.136002,28.268999,26.024000,171.600006,0.000000,0.000000,0.000000,0.000000,0.000000,0.000000,0.120000,250.000000,-1010.000000,-153.000000,-1448.000000,240.000000,-43.000000,-21.000000,22.000000,22.000000,22.000000,22.000000,22.000000,22.000000,22.000000,37.000000,38.000000,39.000000,40.000000,40.000000,40.000000,43.000000,1,1,1,1,1,1,1,0,0,0,0,0,0,0,75,5400.357910,1218,0,1,0.839058,-0.035774,-0.272000,2.988000,-0.645000,0.000000,3
9.717953,-29.858000,-27.712999,3.382000,56.880001,28.219000,25.639999,171.649994,0.000000,0.000000,0.000000,0.000000,0.000000,0.000000,0.120000,250.000000,-1010.000000,-153.000000,-1448.000000,240.000000,-43.000000,-21.000000,22.000000,22.000000,22.000000,22.000000,22.000000,22.000000,22.000000,37.000000,38.000000,39.000000,40.000000,40.000000,40.000000,43.000000,1,1,1,1,1,1,1,0,0,0,0,0,0,0,75,5400.357910,1217,0,1,0.837586,-0.034457,-0.272000,2.988000,-0.645000,0.000000,3
9.728014,-29.933001,-27.973000,3.558000,57.354000,28.195999,25.392000,171.658005,0.000000,0.000000,0.000000,0.000000,0.000000,0.000000,0.120000,250.000000,-1010.000000,-153.000000,-1448.000000,240.000000,-43.000000,-21.000000,22.000000,22.000000,22.000000,22.000000,22.000000,22.000000,22.000000,37.000000,38.000000,39.000000,40.000000,40.000000,40.000000,43.000000,1,1,1,1,1,1,1,0,0,0,0,0,0,0,75,5400.357910,1217,0,1,0.836643,-0.033738,-0.272000,2.988000,-0.645000,0.000000,3
9.737987,-30.004999,-28.414000,3.817000,58.182999,28.165001,24.954000,171.634995,0.000000,0.000000,0.000000,0.000000,0.000000,0.000000,0.120000,250.000000,-1010.000000,-153.000000,-1448.000000,240.000000,-43.000000,-21.000000,22.000000,22.000000,22.000000,22.000000,22.000000,22.000000,22.000000,37.000000,38.000000,39.000000,40.000000,40.000000,40.000000,43.000000,1,1,1,1,1,1,1,0,0,0,0,0,0,0,75,5400.357910,1217,0,1,0.834982,-0.032669,-0.272000,2.988000,-0.645000,0.000000,3
9.748010,-30.014999,-28.591999,3.908000,58.526001,28.155001,24.770000,171.613007,0.000000,0.000000,0.000000,0.000000,0.000000,0.000000,0.120000,250.000000,-1010.000000,-153.000000,-1448.000000,240.000000,-43.000000,-21.000000,22.000000,22.000000,22.000000,22.000000,22.000000,22.000000,22.000000,37.000000,38.000000,39.000000,40.000000,40.000000,40.000000,43.000000,1,1,1,1,1,1,1,0,0,0,0,0,0,0,75,5400.357910,1218,0,1,0.834289,-0.032288,-0.272000,2.988000,-0.645000,0.000000,3
9.758062,-29.982000,-29.111000,4.129000,59.553001,28.134001,24.216000,171.514008,0.000000,0.000000,0.000000,0.000000,0.000000,0.000000,0.120000,250.000000,-1010.000000,-153.000000,-1448.000000,240.000000,-43.000000,-21.000000,22.000000,22.000000,22.000000,22.000000,22.000000,22.000000,22.000000,37.000000,38.000000,39.000000,40.000000,40.000000,40.000000,43.000000,1,1,1,1,1,1,1,0,0,0,0,0,0,0,75,5400.357910,1218,0,1,0.832205,-0.031343,-0.272000,2.988000,-0.645000,0.000000,3
9.767910,-29.898001,-29.492001,4.253000,60.334999,28.122000,23.788000,171.408005,0.000000,0.000000,0.000000,0.000000,0.000000,0.000000,0.120000,250.000000,-1010.000000,-153.000000,-1448.000000,240.000000,-43.000000,-21.000000,22.000000,22.000000,22.000000,22.000000,22.000000,22.000000,22.000000,37.000000,38.000000,39.000000,40.000000,40.000000,40.000000,43.000000,1,1,1,1,1,1,1,0,0,0,0,0,0,0,75,5400.357910,1217,0,1,0.830604,-0.030801,-0.272000,2.988000,-0.645000,0.000000,3
9.777962,-29.785000,-29.820999,4.333000,61.026001,28.111000,23.403999,171.294006,0.000000,0.000000,0.000000,0.000000,0.000000,0.000000,0.120000,250.000000,-1010.000000,-153.000000,-1448.000000,240.000000,-43.000000,-21.000000,22.000000,22.000000,22.000000,22.000000,22.000000,22.000000,22.000000,37.000000,38.000000,39.000000,40.000000,40.000000,40.000000,43.000000,1,1,1,1,1,1,1,0,0,0,0,0,0,0,75,5400.359863,1218,0,1,0.829179,-0.030441,-0.272000,2.988000,-0.645000,0.000000,3
9.787975,-29.613001,-30.179001,4.391000,61.803001,28.101000,22.966999,171.143005,0.000000,0.000000,0.000000,0.000000,0.000000,0.000000,0.120000,250.000000,-1010.000000,-153.000000,-1448.000000,240.000000,-43.000000,-21.000000,22.000000,22.000000,22.000000,22.000000,22.000000,22.000000,22.000000,37.000000,38.000000,39.000000,40.000000,40.000000,40.000000,43.000000,1,1,1,1,1,1,1,0,0,0,0,0,0,0,75,5400.359863,1218,0,1,0.827568,-0.030174,-0.272000,2.988000,-0.645000,0.000000,0
9.797998,-29.438000,-30.468000,4.414000,62.449001,28.093000,22.600000,170.998001,0.000000,0.000000,0.000000,0.000000,0.000000,0.000000,0.120000,250.000000,-1010.000000,-153.000000,-1448.000000,240.000000,-43.000000,-21.000000,22.000000,22.000000,22.000000,22.000000,22.000000,22.000000,22.000000,37.000000,38.000000,39.000000,40.000000,40.000000,40.000000,43.000000,1,1,1,1,1,1,1,0,0,0,0,0,0,0,75,5400.357910,1217,0,1,0.826218,-0.030058,-0.272000,2.988000,-0.645000,0.000000,0
9.808006,-29.242001,-30.752001,4.422000,63.092999,28.087000,22.231001,170.843002,0.000000,0.000000,0.000000,0.000000,0.000000,0.000000,0.120000,250.000000,-1010.000000,-153.000000,-1448.000000,240.000000,-43.000000,-21.000000,22.000000,22.000000,22.000000,22.000000,22.000000,22.000000,22.000000,37.000000,38.000000,39.000000,40.000000,40.000000,40.000000,43.000000,1,1,1,1,1,1,1,0,0,0,0,0,0,0,75,5400.359863,1218,0,1,0.824865,-0.030006,-0.272000,2.988000,-0.645000,0.000000,0
9.817990,-29.118000,-30.920000,4.423000,63.477001,28.083000,22.009001,170.748001,0.000000,0.000000,0.000000,0.000000,0.000000,0.000000,0.120000,250.000000,-1010.000000,-153.000000,-1448.000000,240.000000,-43.000000,-21.000000,22.000000,22.000000,22.000000,22.000000,22.000000,22.000000,22.000000,37.000000,38.000000,39.000000,40.000000,40.000000,40.000000,43.000000,1,1,1,1,1,1,1,0,0,0,0,0,0,0,75,5400.359863,1218,0,1,0.824052,-0.029995,-0.272000,2.988000,-0.645000,0.000000,0
9.827930,-29.077000,-30.975000,4.422000,63.605000,28.080999,21.936001,170.714996,0.000000,0.000000,0.000000,0.000000,0.000000,0.000000,0.120000,250.000000,-1010.000000,-153.000000,-1448.000000,240.000000,-43.000000,-21.000000,22.000000,22.000000,22.000000,22.000000,22.000000,22.000000,22.000000,37.000000,38.000000,39.000000,40.000000,40.000000,40.000000,43.000000,1,1,1,1,1,1,1,0,0,0,0,0,0,0,75,5400.359863,1217,0,1,0.823781,-0.029994,-0.271999,2.988000,-0.645000,0.000000,0
9.837946,-28.823999,-31.306000,4.418000,64.366997,28.073000,21.495001,170.522995,0.000000,0.000000,0.000000,0.000000,0.000000,0.000000,0.120000,250.000000,-1010.000000,-153.000000,-1448.000000,240.000000,-43.000000,-21.000000,22.000000,22.000000,22.000000,22.000000,22.000000,22.000000,22.000000,37.000000,38.000000,39.000000,40.000000,40.000000,40.000000,43.000000,1,1,1,1,1,1,1,0,0,0,0,0,0,0,75,5400.357910,1218,0,1,0.822155,-0.029998,-0.272000,2.988000,-0.645000,0.000000,0
9.847948,-28.615000,-31.577999,4.416000,64.997002,28.066000,21.129000,170.365005,0.000000,0.000000,0.000000,0.000000,0.000000,0.000000,0.120000,250.000000,-1010.000000,-153.000000,-1448.000000,240.000000,-43.000000,-21.000000,22.000000,22.000000,22.000000,22.000000,22.000000,22.000000,22.000000,37.000000,38.000000,39.000000,40.000000,40.000000,40.000000,43.000000,1,1,1,1,1,1,1,0,0,0,0,0,0,0,75,5400.359863,1217,0,1,0.820799,-0.030000,-0.272000,2.988000,-0.645000,0.000000,1
9.857965,-28.406000,-31.850000,4.413000,65.623001,28.058001,20.768000,170.209000,0.000000,0.000000,0.000000,0.000000,0.000000,0.000000,0.120000,250.000000,-1010.000000,-153.000000,-1448.000000,240.000000,-43.000000,-21.000000,22.000000,22.000000,22.000000,22.000000,22.000000,22.000000,22.000000,37.000000,38.000000,39.000000,40.000000,40.000000,40.000000,43.000000,1,1,1,1,1,1,1,0,0,0,0,0,0,0,75,5400.356934,1218,0,1,0.819431,-0.030000,-0.272000,2.989000,-0.645000,0.000000,1
9.868011,-28.150999,-32.176998,4.406000,66.373001,28.047001,20.341000,170.022003,0.000000,0.000000,0.000000,0.000000,0.000000,0.000000,0.120000,250.000000,-1010.000000,-153.000000,-1448.000000,240.000000,-43.000000,-21.000000,22.000000,22.000000,22.000000,22.000000,22.000000,22.000000,22.000000,37.000000,38.000000,39.000000,40.000000,40.000000,40.000000,43.000000,1,1,1,1,1,1,1,0,0,0,0,0,0,0,75,5400.356934,1217,0,1,0.817749,-0.030000,-0.272000,2.989000,-0.645000,0.000000,1
9.878018,-27.933001,-32.452999,4.396000,67.000999,28.035999,19.993999,169.865005,0.000000,0.000000,0.000000,0.000000,0.000000,0.000000,0.120000,250.000000,-1010.000000,-153.000000,-1448.000000,240.000000,-43.000000,-21.000000,22.000000,22.000000,22.000000,22.000000,22.000000,22.000000,22.000000,37.000000,38.000000,39.000000,40.000000,40.000000,40.000000,43.000000,1,1,1,1,1,1,1,0,0,0,0,0,0,0,75,5400.359863,1218,0,1,0.816292,-0.030000,-0.271999,2.989000,-0.645000,0.000000,1
9.887985,-27.705999,-32.735001,4.379000,67.635002,28.025000,19.657000,169.705994,0.000000,0.000000,0.000000,0.000000,0.000000,0.000000,0.120000,250.000000,-1010.000000,-153.000000,-1448.000000,240.000000,-43.000000,-21.000000,22.000000,22.000000,22.000000,22.000000,22.000000,22.000000,22.000000,37.000000,38.000000,39.000000,40.000000,40.000000,40.000000,43.000000,1,1,1,1,1,1,1,0,0,0,0,0,0,0,75,5400.359863,1218,0,1,0.814767,-0.030000,-0.272000,2.989000,-0.645000,0.000000,1
9.898009,-27.565001,-32.908001,4.366000,68.017998,28.017000,19.459999,169.608994,0.000000,0.000000,0.000000,0.000000,0.000000,0.000000,0.120000,250.000000,-1010.000000,-153.000000,-1448.000000,240.000000,-43.000000,-21.000000,22.000000,22.000000,22.000000,22.000000,22.000000,22.000000,22.000000,37.000000,38.000000,39.000000,40.000000,40.000000,40.000000,43.000000,1,1,1,1,1,1,1,0,0,0,0,0,0,0,75,5400.359863,1217,0,1,0.813811,-0.030000,-0.272000,2.989000,-0.644000,0.000000,1
9.907976,-27.517000,-32.966000,4.361000,68.147003,28.014000,19.396000,169.576004,0.000000,0.000000,0.000000,0.000000,0.000000,0.000000,0.120000,250.000000,-1010.000000,-153.000000,-1448.000000,240.000000,-43.000000,-21.000000,22.000000,22.000000,22.000000,22.000000,22.000000,22.000000,22.000000,37.000000,38.000000,39.000000,40.000000,40.000000,40.000000,43.000000,1,1,1,1,1,1,1,0,0,0,0,0,0,0,75,5400.359863,1217,0,1,0.813485,-0.030000,-0.271999,2.989000,-0.644000,0.000000,1
9.917924,-27.219999,-33.323002,4.323000,68.927002,27.996000,19.021999,169.376007,0.000000,0.000000,0.000000,0.000000,0.000000,0.000000,0.120000,250.000000,-1010.000000,-153.000000,-1448.000000,240.000000,-43.000000,-21.000000,22.000000,22.000000,22.000000,22.000000,22.000000,22.000000,22.000000,37.000000,38.000000,39.000000,40.000000,40.000000,40.000000,43.000000,1,1,1,1,1,1,1,0,0,0,0,0,0,0,75,5400.360840,1217,0,1,0.811440,-0.030000,-0.272000,2.989000,-0.643000,0.000000,1
9.927904,-26.957001,-33.632999,4.280000,69.588997,27.976999,18.728001,169.203995,0.000000,0.000000,0.000000,0.000000,0.000000,0.000000,0.120000,250.000000,-1010.000000,-153.000000,-1448.000000,240.000000,-43.000000,-21.000000,22.000000,22.000000,22.000000,22.000000,22.000000,22.000000,22.000000,37.000000,38.000000,39.000000,40.000000,40.000000,40.000000,43.000000,1,1,1,1,1,1,1,0,0,0,0,0,0,0,75,5400.359863,1218,0,1,0.809606,-0.030000,-0.272000,2.989000,-0.642000,0.000000,1
9.937945,-26.679001,-33.956001,4.225000,70.265999,27.955999,18.452999,169.026001,0.000000,0.000000,0.000000,0.000000,0.000000,0.000000,0.120000,250.000000,-1010.000000,-153.000000,-1448.000000,240.000000,-43.000000,-21.000000,22.000000,22.000000,22.000000,22.000000,22.000000,22.000000,22.000000,37.000000,38.000000,39.000000,40.000000,40.000000,40.000000,43.000000,1,1,1,1,1,1,1,0,0,0,0,0,0,0,75,5400.357910,1217,0,1,0.807637,-0.030000,-0.272000,2.990000,-0.641000,0.000000,1
9.947919,-26.504999,-34.155998,4.187000,70.679001,27.941999,18.298000,168.916000,0.000000,0.000000,0.000000,0.000000,0.000000,0.000000,0.120000,250.000000,-1010.000000,-153.000000,-1448.000000,240.000000,-43.000000,-21.000000,22.000000,22.000000,22.000000,22.000000,22.000000,22.000000,22.000000,37.000000,38.000000,39.000000,40.000000,40.000000,40.000000,43.000000,1,1,1,1,1,1,1,0,0,0,0,0,0,0,75,5400.359863,1217,0,1,0.806385,-0.030000,-0.271999,2.990000,-0.640000,0.000000,1
9.957938,-26.139000,-34.574001,4.095000,71.523003,27.910000,18.011999,168.688995,0.000000,0.000000,0.000000,0.000000,0.000000,0.000000,0.120000,250.000000,-1010.000000,-153.000000,-1448.000000,240.000000,-43.000000,-21.000000,22.000000,22.000000,22.000000,22.000000,22.000000,22.000000,22.000000,37.000000,38.000000,39.000000,40.000000,40.000000,40.000000,43.000000,1,1,1,1,1,1,1,0,0,0,0,0,0,0,75,5400.356934,1220,0,1,0.803706,-0.030000,-0.272000,2.991000,-0.637000,0.000000,1
9.968013,-25.815001,-34.941002,4.004000,72.246002,27.879000,17.801001,168.492996,0.000000,0.000000,0.000000,0.000000,0.000000,0.000000,0.120000,250.000000,-1010.000000,-153.000000,-1448.000000,240.000000,-43.000000,-21.000000,22.000000,22.000000,22.000000,22.000000,22.000000,22.000000,22.000000,37.000000,38.000000,39.000000,40.000000,40.000000,40.000000,43.000000,1,1,1,1,1,1,1,0,0,0,0,0,0,0,75,5400.357910,1217,0,1,0.801283,-0.030000,-0.272000,2.991000,-0.635000,0.000000,1
9.977994,-25.403000,-35.405998,3.876000,73.138000,27.836000,17.583000,168.248001,0.000000,0.000000,0.000000,0.000000,0.000000,0.000000,0.120000,250.000000,-1010.000000,-153.000000,-1448.000000,240.000000,-43.000000,-21.000000,22.000000,22.000000,22.000000,22.000000,22.000000,22.000000,22.000000,37.000000,38.000000,39.000000,40.000000,40.000000,40.000000,43.000000,1,1,1,1,1,1,1,0,0,0,0,0,0,0,75,5400.356934,1217,0,1,0.798129,-0.030000,-0.272000,2.992000,-0.631000,-0.001000,1
9.988003,-25.042000,-35.813999,3.754000,73.903000,27.795000,17.434000,168.037003,0.000000,0.000000,0.000000,0.000000,0.000000,0.000000,0.120000,250.000000,-1010.000000,-153.000000,-1448.000000,240.000000,-43.000000,-21.000000,22.000000,22.000000,22.000000,22.000000,22.000000,22.000000,22.000000,37.000000,38.000000,39.000000,40.000000,40.000000,40.000000,43.000000,1,1,1,1,1,1,1,0,0,0,0,0,0,0,75,5400.357910,1217,0,1,0.795281,-0.030000,-0.272000,2.993000,-0.627000,-0.001000,1
9.998075,-24.893000,-35.983002,3.700000,74.213997,27.777000,17.382999,167.951004,0.000000,0.000000,0.000000,0.000000,0.000000,0.000000,0.120000,250.000000,-1010.000000,-153.000000,-1448.000000,240.000000,-43.000000,-21.000000,22.000000,22.000000,22.000000,22.000000,22.000000,22.000000,22.000000,37.000000,38.000000,39.000000,40.000000,40.000000,40.000000,43.000000,1,1,1,1,1,1,1,0,0,0,0,0,0,0,75,5400.357910,1217,0,1,0.794084,-0.030000,-0.272000,2.993000,-0.626000,-0.001000,1
10.007950,-24.587000,-36.331001,3.587000,74.846001,27.739000,17.297001,167.776001,0.000000,0.000000,0.000000,0.000000,0.000000,0.000000,0.120000,250.000000,-1010.000000,-153.000000,-1448.000000,240.000000,-43.000000,-21.000000,22.000000,22.000000,22.000000,22.000000,22.000000,22.000000,22.000000,37.000000,38.000000,39.000000,40.000000,40.000000,40.000000,43.000000,1,1,1,1,1,1,1,0,0,0,0,0,0,0,75,5400.357910,1217,0,1,0.791587,-0.030000,-0.272000,2.994000,-0.622000,-0.001000,1
10.017928,-24.110001,-36.877998,3.399000,75.816002,27.674999,17.207001,167.505005,0.000000,0.000000,0.000000,0.000000,0.000000,0.000000,0.120000,250.000000,-1010.000000,-153.000000,-1448.000000,240.000000,-43.000000,-21.000000,22.000000,22.000000,22.000000,22.000000,22.000000,22.000000,22.000000,37.000000,38.000000,39.000000,40.000000,40.000000,40.000000,43.000000,1,1,1,1,1,1,1,0,0,0,0,0,0,0,75,5400.359863,1218,0,1,0.787578,-0.030000,-0.272000,2.995000,-0.617000,-0.002000,1
10.027914,-23.697001,-37.356998,3.226000,76.644997,27.615999,17.172001,167.274002,0.000000,0.000000,0.000000,0.000000,0.000000,0.000000,0.120000,250.000000,-1010.000000,-153.000000,-1448.000000,240.000000,-43.000000,-21.000000,22.000000,22.000000,22.000000,22.000000,22.000000,22.000000,22.000000,37.000000,38.000000,39.000000,40.000000,40.000000,40.000000,43.000000,1,1,1,1,1,1,1,0,0,0,0,0,0,0,75,5400.357910,1217,0,1,0.783987,-0.030000,-0.272000,2.997000,-0.612000,-0.002000,1
10.038008,-23.273001,-37.856998,3.039000,77.491997,27.551001,17.174000,167.037994,0.000000,0.000000,0.000000,0.000000,0.000000,0.000000,0.120000,250.000000,-1010.000000,-153.000000,-1448.000000,240.000000,-43.000000,-21.000000,22.000000,22.000000,22.000000,22.000000,22.000000,22.000000,22.000000,37.000000,38.000000,39.000000,40.000000,40.000000,40.000000,43.000000,1,1,1,1,1,1,1,0,0,0,0,0,0,0,75,5400.359863,1217,0,1,0.780163,-0.030000,-0.272000,2.998000,-0.606000,-0.002000,1
10.047955,-22.750000,-38.486000,2.797000,78.530998,27.464001,17.228001,166.748001,0.000000,0.000000,0.000000,0.000000,0.000000,0.000000,0.120000,250.000000,-1010.000000,-153.000000,-1448.000000,240.000000,-43.000000,-21.000000,22.000000,22.000000,22.000000,22.000000,22.000000,22.000000,22.000000,37.000000,38.000000,39.000000,40.000000,40.000000,40.000000,43.000000,1,1,1,1,1,1,1,0,0,0,0,0,0,0,75,5400.359863,1218,0,1,0.775261,-0.030000,-0.272000,3.000000,-0.598000,-0.003000,1
10.057936,-22.305000,-39.033001,2.581000,79.414001,27.386000,17.316999,166.503006,0.000000,0.000000,0.000000,0.000000,0.000000,0.000000,0.120000,250.000000,-1010.000000,-153.000000,-1448.000000,240.000000,-43.000000,-21.000000,22.000000,22.000000,22.000000,22.000000,22.000000,22.000000,22.000000,37.000000,38.000000,39.000000,40.000000,40.000000,40.000000,43.000000,1,1,1,1,1,1,1,0,0,0,0,0,0,0,75,5400.359863,1218,0,1,0.770913,-0.030000,-0.272000,3.001000,-0.591000,-0.003000,1
10.068009,-22.035000,-39.369999,2.446000,79.949997,27.334999,17.389999,166.354004,0.000000,0.000000,0.000000,0.000000,0.000000,0.000000,0.120000,250.000000,-1010.000000,-153.000000,-1448.000000,240.000000,-43.000000,-21.000000,22.000000,22.000000,22.000000,22.000000,22.000000,22.000000,22.000000,37.000000,38.000000,39.000000,40.000000,40.000000,40.000000,43.000000,1,1,1,1,1,1,1,0,0,0,0,0,0,0,75,5400.359863,1217,0,1,0.768188,-0.030000,-0.272000,3.002000,-0.586000,-0.004000,1
10.077950,-21.944000,-39.484001,2.399000,80.129997,27.318001,17.417999,166.304001,0.000000,0.000000,0.000000,0.000000,0.000000,0.000000,0.120000,250.000000,-1010.000000,-153.000000,-1448.000000,240.000000,-43.000000,-21.000000,22.000000,22.000000,22.000000,22.000000,22.000000,22.000000,22.000000,37.000000,38.000000,39.000000,40.000000,40.000000,40.000000,43.000000,1,1,1,1,1,1,1,0,0,0,0,0,0,0,75,5400.359863,1217,0,1,0.767261,-0.030000,-0.272000,3.003000,-0.585000,-0.004000,1
10.087942,-21.398001,-40.186001,2.113000,81.220001,27.209000,17.620001,166.003006,0.000000,0.000000,0.000000,0.000000,0.000000,0.000000,0.120000,250.000000,-1010.000000,-153.000000,-1448.000000,240.000000,-43.000000,-21.000000,22.000000,22.000000,22.000000,22.000000,22.000000,22.000000,22.000000,37.000000,38.000000,39.000000,40.000000,40.000000,40.000000,43.000000,1,1,1,1,1,1,1,0,0,0,0,0,0,0,75,5400.359863,1217,0,1,0.761494,-0.029999,-0.272000,3.005000,-0.575000,-0.004000,1
10.098239,-20.941000,-40.790001,1.862000,82.139000,27.110001,17.834999,165.751007,0.000000,0.000000,0.000000,0.000000,0.000000,0.000000,0.120000,250.000000,-1010.000000,-153.000000,-1448.000000,240.000000,-43.000000,-21.000000,22.000000,22.000000,22.000000,22.000000,22.000000,22.000000,22.000000,37.000000,38.000000,39.000000,40.000000,40.000000,40.000000,43.000000,1,1,1,1,1,1,1,0,0,0,0,0,0,0,75,5400.357910,1217,0,1,0.756426,-0.029999,-0.272000,3.007000,-0.566000,-0.005000,1
10.108018,-20.483000,-41.411999,1.601000,83.067001,27.004999,18.091999,165.496994,0.000000,0.000000,0.000000,0.000000,0.000000,0.000000,0.120000,250.000000,-1010.000000,-153.000000,-1448.000000,240.000000,-43.000000,-21.000000,22.000000,22.000000,22.000000,22.000000,22.000000,22.000000,22.000000,37.000000,38.000000,39.000000,40.000000,40.000000,40.000000,43.000000,1,1,1,1,1,1,1,0,0,0,0,0,0,0,75,5400.359863,1218,0,1,0.751122,-0.029999,-0.272000,3.009000,-0.557000,-0.005000,1
10.118021,-19.936001,-42.179001,1.276000,84.190002,26.870001,18.458000,165.190994,0.000000,0.000000,0.000000,0.000000,0.000000,0.000000,0.120000,250.000000,-1010.000000,-153.000000,-1448.000000,240.000000,-43.000000,-21.000000,22.000000,22.000000,22.000000,22.000000,22.000000,22.000000,22.000000,37.000000,38.000000,39.000000,40.000000,40.000000,40.000000,43.000000,1,1,1,1,1,1,1,0,0,0,0,0,0,0,75,5400.357910,1217,0,1,0.744453,-0.029999,-0.272000,3.012000,-0.545000,-0.006000,1
10.127978,-19.483000,-42.833000,0.996000,85.129997,26.750000,18.809000,164.936996,0.000000,0.000000,0.000000,0.000000,0.000000,0.000000,0.120000,250.000000,-1010.000000,-153.000000,-1448.000000,240.000000,-43.000000,-21.000000,22.000000,22.000000,22.000000,22.000000,22.000000,22.000000,22.000000,37.000000,38.000000,39.000000,40.000000,40.000000,40.000000,43.000000,1,1,1,1,1,1,1,0,0,0,0,0,0,0,75,5400.359863,1217,0,1,0.738650,-0.029999,-0.272000,3.014000,-0.534000,-0.006000,1
10.137998,-19.215000,-43.231998,0.824000,85.695999,26.674999,19.039000,164.783997,0.000000,0.000000,0.000000,0.000000,0.000000,0.000000,0.120000,250.000000,-1010.000000,-153.000000,-1448.000000,240.000000,-43.000000,-21.000000,22.000000,22.000000,22.000000,22.000000,22.000000,22.000000,22.000000,37.000000,38.000000,39.000000,40.000000,40.000000,40.000000,43.000000,1,1,1,1,1,1,1,0,0,0,0,0,0,0,75,5400.356934,1218,0,1,0.735063,-0.029999,-0.272000,3.015000,-0.528000,-0.006000,1
10.148067,-18.860001,-43.769001,0.592000,86.450996,26.570000,19.368000,164.580994,0.000000,0.000000,0.000000,0.000000,0.000000,0.000000,0.120000,250.000000,-1010.000000,-153.000000,-1448.000000,240.000000,-43.000000,-21.000000,22.000000,22.000000,22.000000,22.000000,22.000000,22.000000,22.000000,37.000000,38.000000,39.000000,40.000000,40.000000,40.000000,43.000000,1,1,1,1,1,1,1,0,0,0,0,0,0,0,75,5400.357910,1217,0,1,0.730164,-0.029999,-0.272000,3.017000,-0.519000,-0.007000,1
10.157969,-18.336000,-44.587002,0.235000,87.582001,26.405001,19.910000,164.278000,0.000000,0.000000,0.000000,0.000000,0.000000,0.000000,0.120000,250.000000,-1010.000000,-153.000000,-1448.000000,240.000000,-43.000000,-21.000000,22.000000,22.000000,22.000000,22.000000,22.000000,22.000000,22.000000,37.000000,38.000000,39.000000,40.000000,40.000000,40.000000,43.000000,1,1,1,1,1,1,1,0,0,0,0,0,0,0,75,5400.359863,1217,0,1,0.722571,-0.029999,-0.272000,3.020000,-0.504000,-0.007000,1
10.168241,-17.909000,-45.277000,-0.066000,88.523003,26.261000,20.402000,164.026993,0.000000,0.000000,0.000000,0.000000,0.000000,0.000000,0.120000,250.000000,-1010.000000,-153.000000,-1448.000000,240.000000,-43.000000,-21.000000,22.000000,22.000000,22.000000,22.000000,22.000000,22.000000,22.000000,37.000000,38.000000,39.000000,40.000000,40.000000,40.000000,43.000000,1,1,1,1,1,1,1,0,0,0,0,0,0,0,75,5400.357910,1217,0,1,0.716034,-0.029999,-0.272000,3.023000,-0.492000,-0.008000,1
10.178068,-17.492001,-45.972000,-0.373000,89.459000,26.108999,20.930000,163.778000,0.000000,0.000000,0.000000,0.000000,0.000000,0.000000,0.120000,250.000000,-1010.000000,-153.000000,-1448.000000,240.000000,-43.000000,-21.000000,22.000000,22.000000,22.000000,22.000000,22.000000,22.000000,22.000000,37.000000,38.000000,39.000000,40.000000,40.000000,40.000000,43.000000,1,1,1,1,1,1,1,0,0,0,0,0,0,0,75,5400.357910,1219,0,1,0.709317,-0.029999,-0.272000,3.025000,-0.479000,-0.008000,1
10.188084,-17.006001,-46.811001,-0.747000,90.575996,25.917999,21.606001,163.481003,0.000000,0.000000,0.000000,0.000000,0.000000,0.000000,0.120000,250.000000,-1010.000000,-153.000000,-1448.000000,240.000000,-43.000000,-21.000000,22.000000,22.000000,22.000000,22.000000,22.000000,22.000000,22.000000,37.000000,38.000000,39.000000,40.000000,40.000000,40.000000,43.000000,1,1,1,1,1,1,1,0,0,0,0,0,0,0,75,5400.357910,1217,0,1,0.701038,-0.029999,-0.272000,3.029000,-0.464000,-0.008000,1
10.198106,-16.613001,-47.509998,-1.061000,91.498001,25.750999,22.201000,163.235992,0.000000,0.000000,0.000000,0.000000,0.000000,0.000000,0.120000,250.000000,-1010.000000,-153.000000,-1448.000000,240.000000,-43.000000,-21.000000,22.000000,22.000000,22.000000,22.000000,22.000000,22.000000,22.000000,37.000000,38.000000,39.000000,40.000000,40.000000,40.000000,43.000000,1,1,1,1,1,1,1,0,0,0,0,0,0,0,75,5400.359863,1218,0,1,0.693973,-0.029999,-0.272000,3.031000,-0.450000,-0.009000,1
10.208057,-16.382000,-47.930000,-1.250000,92.047997,25.648001,22.570999,163.091003,0.000000,0.000000,0.000000,0.000000,0.000000,0.000000,0.120000,250.000000,-1010.000000,-153.000000,-1448.000000,240.000000,-43.000000,-21.000000,22.000000,22.000000,22.000000,22.000000,22.000000,22.000000,22.000000,37.000000,38.000000,39.000000,40.000000,40.000000,40.000000,43.000000,1,1,1,1,1,1,1,0,0,0,0,0,0,0,75,5400.357910,1217,0,1,0.689669,-0.029999,-0.272000,3.033000,-0.442000,-0.009000,1
10.217957,-16.007999,-48.626999,-1.567000,92.956001,25.471001,23.207001,162.850006,0.000000,0.000000,0.000000,0.000000,0.000000,0.000000,0.120000,250.000000,-1010.000000,-153.000000,-1448.000000,240.000000,-43.000000,-21.000000,22.000000,22.000000,22.000000,22.000000,22.000000,22.000000,22.000000,37.000000,38.000000,39.000000,40.000000,40.000000,40.000000,43.000000,1,1,1,1,1,1,1,0,0,0,0,0,0,0,75,5400.359863,1217,0,1,0.682396,-0.029999,-0.272000,3.036000,-0.428000,-0.009000,1
10.227991,-15.935000,-48.765999,-1.630000,93.137001,25.434999,23.337000,162.802002,0.000000,0.000000,0.000000,0.000000,0.000000,0.000000,0.120000,250.000000,-1010.000000,-153.000000,-1448.000000,240.000000,-43.000000,-21.000000,22.000000,22.000000,22.000000,22.000000,22.000000,22.000000,22.000000,37.000000,38.000000,39.000000,40.000000,40.000000,40.000000,43.000000,1,1,1,1,1,1,1,0,0,0,0,0,0,0,75,5400.359863,1217,0,1,0.680927,-0.029999,-0.272000,3.037000,-0.425000,-0.009000,1
10.237954,-15.505000,-49.595001,-2.011000,94.211998,25.214001,24.132000,162.516006,0.000000,0.000000,0.000000,0.000000,0.000000,0.000000,0.120000,250.000000,-1010.000000,-153.000000,-1448.000000,240.000000,-43.000000,-21.000000,22.000000,22.000000,22.000000,22.000000,22.000000,22.000000,22.000000,37.000000,38.000000,39.000000,40.000000,40.000000,40.000000,43.000000,1,1,1,1,1,1,1,0,0,0,0,0,0,0,75,5400.359863,1218,0,1,0.672033,-0.029999,-0.272000,3.040000,-0.408000,-0.009000,1
10.247975,-15.161000,-50.278000,-2.328000,95.095001,25.023001,24.811001,162.281006,0.000000,0.000000,0.000000,0.000000,0.000000,0.000000,0.120000,250.000000,-1010.000000,-153.000000,-1448.000000,240.000000,-43.000000,-21.000000,22.000000,22.000000,22.000000,22.000000,22.000000,22.000000,22.000000,37.000000,38.000000,39.000000,40.000000,40.000000,40.000000,43.000000,1,1,1,1,1,1,1,0,0,0,0,0,0,0,75,5400.359863,1217,0,1,0.664524,-0.029999,-0.272000,3.043000,-0.393000,-0.010000,1
10.258038,-14.828000,-50.952999,-2.644000,95.967003,24.827999,25.503000,162.048004,0.000000,0.000000,0.000000,0.000000,0.000000,0.000000,0.120000,250.000000,-1010.000000,-153.000000,-1448.000000,240.000000,-43.000000,-21.000000,22.000000,22.000000,22.000000,22.000000,22.000000,22.000000,22.000000,37.000000,38.000000,39.000000,40.000000,40.000000,40.000000,43.000000,1,1,1,1,1,1,1,0,0,0,0,0,0,0,75,5400.359863,1217,0,1,0.656947,-0.029999,-0.272000,3.046000,-0.379000,-0.010000,1
10.268036,-14.509000,-51.617001,-2.958000,96.828003,24.628000,26.202000,161.817001,0.000000,0.000000,0.000000,0.000000,0.000000,0.000000,0.120000,250.000000,-1010.000000,-153.000000,-1448.000000,240.000000,-43.000000,-21.000000,22.000000,22.000000,22.000000,22.000000,22.000000,22.000000,22.000000,37.000000,38.000000,39.000000,40.000000,40.000000,40.000000,43.000000,1,1,1,1,1,1,1,0,0,0,0,0,0,0,75,5400.359863,1218,0,1,0.649319,-0.029999,-0.272000,3.049000,-0.364000,-0.010000,1
10.277964,-14.141000,-52.398998,-3.331000,97.844002,24.382000,27.047001,161.544006,0.000000,0.000000,0.000000,0.000000,0.000000,0.000000,0.120000,250.000000,-1010.000000,-153.000000,-1448.000000,240.000000,-43.000000,-21.000000,22.000000,22.000000,22.000000,22.000000,22.000000,22.000000,22.000000,37.000000,38.000000,39.000000,40.000000,40.000000,40.000000,43.000000,1,1,1,1,1,1,1,0,0,0,0,0,0,0,75,5400.357910,1217,0,1,0.640123,-0.029998,-0.272000,3.052000,-0.346000,-0.010000,1
10.287955,-14.022000,-52.654999,-3.455000,98.179001,24.299000,27.327999,161.453003,0.000000,0.000000,0.000000,0.000000,0.000000,0.000000,0.120000,250.000000,-1010.000000,-153.000000,-1448.000000,240.000000,-43.000000,-21.000000,22.000000,22.000000,22.000000,22.000000,22.000000,22.000000,22.000000,37.000000,38.000000,39.000000,40.000000,40.000000,40.000000,43.000000,1,1,1,1,1,1,1,0,0,0,0,0,0,0,75,5400.357910,1217,0,1,0.637053,-0.029998,-0.272000,3.053000,-0.340000,-0.010000,1
10.298042,-13.848000,-53.035999,-3.639000,98.677002,24.174000,27.750000,161.319000,0.000000,0.000000,0.000000,0.000000,0.000000,0.000000,0.120000,250.000000,-1010.000000,-153.000000,-1448.000000,240.000000,-43.000000,-21.000000,22.000000,22.000000,22.000000,22.000000,22.000000,22.000000,22.000000,37.000000,38.000000,39.000000,40.000000,40.000000,40.000000,43.000000,1,1,1,1,1,1,1,0,0,0,0,0,0,0,75,5400.356934,1218,0,1,0.632447,-0.029998,-0.272000,3.055000,-0.331000,-0.010000,1
10.307953,-13.511000,-53.779999,-4.003000,99.658997,23.920000,28.589001,161.052002,0.000000,0.000000,0.000000,0.000000,0.000000,0.000000,0.120000,250.000000,-1010.000000,-153.000000,-1448.000000,240.000000,-43.000000,-21.000000,22.000000,22.000000,22.000000,22.000000,22.000000,22.000000,22.000000,37.000000,38.000000,39.000000,40.000000,40.000000,40.000000,43.000000,1,1,1,1,1,1,1,0,0,0,0,0,0,0,75,5400.357910,1217,0,1,0.623246,-0.029998,-0.272000,3.058000,-0.313000,-0.010000,1
10.317945,-13.244000,-54.382999,-4.302000,100.462997,23.705999,29.281000,160.832001,0.000000,0.000000,0.000000,0.000000,0.000000,0.000000,0.120000,250.000000,-1010.000000,-153.000000,-1448.000000,240.000000,-43.000000,-21.000000,22.000000,22.000000,22.000000,22.000000,22.000000,22.000000,22.000000,37.000000,38.000000,39.000000,40.000000,40.000000,40.000000,43.000000,1,1,1,1,1,1,1,0,0,0,0,0,0,0,75,5400.359863,1218,0,1,0.615609,-0.029998,-0.272000,3.061000,-0.298000,-0.009000,1
10.328022,-12.988000,-54.970001,-4.596000,101.253998,23.492001,29.962000,160.615005,0.000000,0.000000,0.000000,0.000000,0.000000,0.000000,0.120000,250.000000,-1010.000000,-153.000000,-1448.000000,240.000000,-43.000000,-21.000000,22.000000,22.000000,22.000000,22.000000,22.000000,22.000000,22.000000,37.000000,38.000000,39.000000,40.000000,40.000000,40.000000,43.000000,1,1,1,1,1,1,1,0,0,0,0,0,0,0,75,5400.360840,1217,0,1,0.608019,-0.029998,-0.271999,3.064000,-0.284000,-0.009000,1
10.338013,-12.742000,-55.537998,-4.884000,102.030998,23.275999,30.628000,160.399994,0.000000,0.000000,0.000000,0.000000,0.000000,0.000000,0.120000,250.000000,-1010.000000,-153.000000,-1448.000000,240.000000,-43.000000,-21.000000,22.000000,22.000000,22.000000,22.000000,22.000000,22.000000,22.000000,37.000000,38.000000,39.000000,40.000000,40.000000,40.000000,43.000000,1,1,1,1,1,1,1,0,0,0,0,0,0,0,75,5400.357910,1217,0,1,0.600494,-0.029998,-0.271999,3.067000,-0.269000,-0.009000,1
10.347996,-12.462000,-56.196999,-5.222000,102.945999,23.018999,31.403999,160.145996,0.000000,0.000000,0.000000,0.000000,0.000000,0.000000,0.120000,250.000000,-1010.000000,-153.000000,-1448.000000,240.000000,-43.000000,-21.000000,22.000000,22.000000,22.000000,22.000000,22.000000,22.000000,22.000000,37.000000,38.000000,39.000000,40.000000,40.000000,40.000000,43.000000,1,1,1,1,1,1,1,0,0,0,0,0,0,0,75,5400.356934,1218,0,1,0.591574,-0.029998,-0.272000,3.070000,-0.252000,-0.009000,1
10.357970,-12.240000,-56.726002,-5.496000,103.695000,22.805000,32.028999,159.936996,0.000000,0.000000,0.000000,0.000000,0.000000,0.000000,0.120000,250.000000,-1010.000000,-153.000000,-1448.000000,240.000000,-43.000000,-21.000000,22.000000,22.000000,22.000000,22.000000,22.000000,22.000000,22.000000,37.000000,38.000000,39.000000,40.000000,40.000000,40.000000,43.000000,1,1,1,1,1,1,1,0,0,0,0,0,0,0,75,5400.357910,1218,0,1,0.584251,-0.029998,-0.272000,3.073000,-0.238000,-0.008000,1
10.368030,-12.111000,-57.035000,-5.657000,104.138000,22.677999,32.393002,159.813004,0.000000,0.000000,0.000000,0.000000,0.000000,0.000000,0.120000,250.000000,-1010.000000,-153.000000,-1448.000000,240.000000,-43.000000,-21.000000,22.000000,22.000000,22.000000,22.000000,22.000000,22.000000,22.000000,37.000000,38.000000,39.000000,40.000000,40.000000,40.000000,43.000000,1,1,1,1,1,1,1,0,0,0,0,0,0,0,75,5400.356934,1217,0,1,0.579913,-0.029998,-0.271999,3.074000,-0.229000,-0.008000,1
10.378019,-11.945000,-57.436001,-5.868000,104.721001,22.510000,32.863998,159.649002,0.000000,0.000000,0.000000,0.000000,0.000000,0.000000,0.120000,250.000000,-1010.000000,-153.000000,-1448.000000,240.000000,-43.000000,-21.000000,22.000000,22.000000,22.000000,22.000000,22.000000,22.000000,22.000000,37.000000,38.000000,39.000000,40.000000,40.000000,40.000000,43.000000,1,1,1,1,1,1,1,0,0,0,0,0,0,0,75,5400.356934,1217,0,1,0.574201,-0.029998,-0.271999,3.076000,-0.219000,-0.008000,1
10.387985,-11.747000,-57.919998,-6.125000,105.438004,22.302999,33.429001,159.447006,0.000000,0.000000,0.000000,0.000000,0.000000,0.000000,0.120000,250.000000,-1010.000000,-153.000000,-1448.000000,240.000000,-43.000000,-21.000000,22.000000,22.000000,22.000000,22.000000,22.000000,22.000000,22.000000,37.000000,38.000000,39.000000,40.000000,40.000000,40.000000,43.000000,1,1,1,1,1,1,1,0,0,0,0,0,0,0,75,5400.357910,1218,0,1,0.567188,-0.029998,-0.271999,3.079000,-0.205000,-0.008000,1
10.397983,-11.558000,-58.386002,-6.374000,106.142998,22.099001,33.966999,159.248001,0.000000,0.000000,0.000000,0.000000,0.000000,0.000000,0.120000,250.000000,-1010.000000,-153.000000,-1448.000000,240.000000,-43.000000,-21.000000,22.000000,22.000000,22.000000,22.000000,22.000000,22.000000,22.000000,37.000000,38.000000,39.000000,40.000000,40.000000,40.000000,43.000000,1,1,1,1,1,1,1,0,0,0,0,0,0,0,75,5400.359863,1217,0,1,0.560329,-0.029998,-0.271999,3.081000,-0.192000,-0.007000,1
10.407947,-11.343000,-58.922001,-6.662000,106.971001,21.861000,34.571999,159.014008,0.000000,0.000000,0.000000,0.000000,0.000000,0.000000,0.120000,250.000000,-1010.000000,-153.000000,-1448.000000,240.000000,-43.000000,-21.000000,22.000000,22.000000,22.000000,22.000000,22.000000,22.000000,22.000000,37.000000,38.000000,39.000000,40.000000,40.000000,40.000000,43.000000,1,1,1,1,1,1,1,0,0,0,0,0,0,0,75,5400.357910,1218,0,1,0.552319,-0.029998,-0.271999,3.084000,-0.177000,-0.007000,1
10.418007,-11.174000,-59.348999,-6.893000,107.647003,21.667999,35.042999,158.822998,0.000000,0.000000,0.000000,0.000000,0.000000,0.000000,0.120000,250.000000,-1010.000000,-153.000000,-1448.000000,240.000000,-43.000000,-21.000000,22.000000,22.000000,22.000000,22.000000,22.000000,22.000000,22.000000,37.000000,38.000000,39.000000,40.000000,40.000000,40.000000,43.000000,1,1,1,1,1,1,1,0,0,0,0,0,0,0,75,5400.356934,1218,0,1,0.545845,-0.029998,-0.271999,3.087000,-0.165000,-0.006000,1
10.427955,-11.014000,-59.758999,-7.115000,108.310997,21.481001,35.481998,158.636002,0.000000,0.000000,0.000000,0.000000,0.000000,0.000000,0.120000,250.000000,-1010.000000,-153.000000,-1448.000000,240.000000,-43.000000,-21.000000,22.000000,22.000000,22.000000,22.000000,22.000000,22.000000,22.000000,37.000000,38.000000,39.000000,40.000000,40.000000,40.000000,43.000000,1,1,1,1,1,1,1,0,0,0,0,0,0,0,75,5400.359863,1217,0,1,0.539564,-0.029999,-0.271999,3.089000,-0.154000,-0.006000,1
10.437945,-10.862000,-60.153000,-7.328000,108.960999,21.301001,35.888000,158.451996,0.000000,0.000000,0.000000,0.000000,0.000000,0.000000,0.120000,250.000000,-1010.000000,-153.000000,-1448.000000,240.000000,-43.000000,-21.000000,22.000000,22.000000,22.000000,22.000000,22.000000,22.000000,22.000000,37.000000,38.000000,39.000000,40.000000,40.000000,40.000000,43.000000,1,1,1,1,1,1,1,0,0,0,0,0,0,0,75,5400.360840,1218,0,1,0.533486,-0.029999,-0.271999,3.091000,-0.142000,-0.005000,1
10.448000,-10.775000,-60.382000,-7.452000,109.345001,21.195999,36.116001,158.343994,0.000000,0.000000,0.000000,0.000000,0.000000,0.000000,0.120000,250.000000,-1010.000000,-153.000000,-1448.000000,240.000000,-43.000000,-21.000000,22.000000,22.000000,22.000000,22.000000,22.000000,22.000000,22.000000,37.000000,38.000000,39.000000,40.000000,40.000000,40.000000,43.000000,1,1,1,1,1,1,1,0,0,0,0,0,0,0,75,5400.357910,1218,0,1,0.529941,-0.029999,-0.271999,3.092000,-0.136000,-0.005000,1
10.457966,-10.637000,-60.750000,-7.651000,109.973999,21.027000,36.469002,158.167999,0.000000,0.000000,0.000000,0.000000,0.000000,0.000000,0.120000,250.000000,-1010.000000,-153.000000,-1448.000000,240.000000,-43.000000,-21.000000,22.000000,22.000000,22.000000,22.000000,22.000000,22.000000,22.000000,37.000000,38.000000,39.000000,40.000000,40.000000,40.000000,43.000000,1,1,1,1,1,1,1,0,0,0,0,0,0,0,75,5400.359863,1217,0,1,0.524208,-0.029999,-0.271999,3.094000,-0.126000,-0.005000,1
10.468029,-10.431000,-61.311001,-7.950000,110.952003,20.771999,36.965000,157.895004,0.000000,0.000000,0.000000,0.000000,0.000000,0.000000,0.120000,250.000000,-1010.000000,-153.000000,-1448.000000,240.000000,-43.000000,-21.000000,22.000000,22.000000,22.000000,22.000000,22.000000,22.000000,22.000000,37.000000,38.000000,39.000000,40.000000,40.000000,40.000000,43.000000,1,1,1,1,1,1,1,0,0,0,0,0,0,0,75,5400.357910,1217,0,1,0.515504,-0.029999,-0.271999,3.097000,-0.110000,-0.004000,1
10.477962,-10.312000,-61.643002,-8.125000,111.545998,20.622999,37.231998,157.729996,0.000000,0.000000,0.000000,0.000000,0.000000,0.000000,0.120000,250.000000,-1010.000000,-153.000000,-1448.000000,240.000000,-43.000000,-21.000000,22.000000,22.000000,22.000000,22.000000,22.000000,22.000000,22.000000,37.000000,38.000000,39.000000,40.000000,40.000000,40.000000,43.000000,1,1,1,1,1,1,1,0,0,0,0,0,0,0,75,5400.357910,1217,0,1,0.510365,-0.029999,-0.272000,3.099000,-0.101000,-0.004000,1
10.487998,-10.267000,-61.772999,-8.192000,111.779999,20.566000,37.330002,157.666000,0.000000,0.000000,0.000000,0.000000,0.000000,0.000000,0.120000,250.000000,-1010.000000,-153.000000,-1448.000000,240.000000,-43.000000,-21.000000,22.000000,22.000000,22.000000,22.000000,22.000000,22.000000,22.000000,37.000000,38.000000,39.000000,40.000000,40.000000,40.000000,43.000000,1,1,1,1,1,1,1,0,0,0,0,0,0,0,75,5400.359863,1218,0,1,0.508376,-0.029999,-0.272000,3.099000,-0.098000,-0.003000,1
10.498077,-10.158000,-62.088001,-8.354000,112.355003,20.429001,37.551998,157.509003,0.000000,0.000000,0.000000,0.000000,0.000000,0.000000,0.120000,250.000000,-1010.000000,-153.000000,-1448.000000,240.000000,-43.000000,-21.000000,22.000000,22.000000,22.000000,22.000000,22.000000,22.000000,22.000000,37.000000,38.000000,39.000000,40.000000,40.000000,40.000000,43.000000,1,1,1,1,1,1,1,0,0,0,0,0,0,0,75,5400.357910,1218,0,1,0.503569,-0.030000,-0.272000,3.101000,-0.090000,-0.003000,1
10.508027,-10.037000,-62.451000,-8.536000,113.027000,20.275999,37.776001,157.328003,0.000000,0.000000,0.000000,0.000000,0.000000,0.000000,0.120000,250.000000,-1010.000000,-153.000000,-1448.000000,240.000000,-43.000000,-21.000000,22.000000,22.000000,22.000000,22.000000,22.000000,22.000000,22.000000,37.000000,38.000000,39.000000,40.000000,40.000000,40.000000,43.000000,1,1,1,1,1,1,1,0,0,0,0,0,0,0,75,5400.357910,1217,0,1,0.498116,-0.030000,-0.271999,3.102000,-0.081000,-0.002000,1
10.517963,-9.944000,-62.743000,-8.678000,113.571999,20.159000,37.930000,157.182007,0.000000,0.000000,0.000000,0.000000,0.000000,0.000000,0.120000,250.000000,-1010.000000,-153.000000,-1448.000000,240.000000,-43.000000,-21.000000,22.000000,22.000000,22.000000,22.000000,22.000000,22.000000,22.000000,37.000000,38.000000,39.000000,40.000000,40.000000,40.000000,43.000000,1,1,1,1,1,1,1,0,0,0,0,0,0,0,75,5400.357910,1217,0,1,0.493836,-0.029999,-0.272000,3.104000,-0.074000,-0.002000,1
10.528175,-9.857000,-63.023998,-8.810000,114.102997,20.049999,38.054001,157.042007,0.000000,0.000000,0.000000,0.000000,0.000000,0.000000,0.120000,250.000000,-1010.000000,-153.000000,-1448.000000,240.000000,-43.000000,-21.000000,22.000000,22.000000,22.000000,22.000000,22.000000,22.000000,22.000000,37.000000,38.000000,39.000000,40.000000,40.000000,40.000000,43.000000,1,1,1,1,1,1,1,0,0,0,0,0,0,0,75,5400.357910,1218,0,1,0.489793,-0.029999,-0.272000,3.105000,-0.068000,-0.002000,1
10.537999,-9.776000,-63.298000,-8.934000,114.622002,19.951000,38.150002,156.906998,0.000000,0.000000,0.000000,0.000000,0.000000,0.000000,0.120000,250.000000,-1010.000000,-153.000000,-1448.000000,240.000000,-43.000000,-21.000000,22.000000,22.000000,22.000000,22.000000,22.000000,22.000000,22.000000,37.000000,38.000000,39.000000,40.000000,40.000000,40.000000,43.000000,1,1,1,1,1,1,1,0,0,0,0,0,0,0,75,5400.357910,1217,0,1,0.485986,-0.029999,-0.271999,3.106000,-0.062000,-0.001000,1
10.547980,-9.687000,-63.615002,-9.071000,115.225998,19.843000,38.229000,156.751999,0.000000,0.000000,0.000000,0.000000,0.000000,0.000000,0.120000,250.000000,-1010.000000,-153.000000,-1448.000000,240.000000,-43.000000,-21.000000,22.000000,22.000000,22.000000,22.000000,22.000000,22.000000,22.000000,37.000000,38.000000,39.000000,40.000000,40.000000,40.000000,43.000000,1,1,1,1,1,1,1,0,0,0,0,0,0,0,75,5400.357910,1218,0,1,0.481722,-0.029999,-0.272000,3.107000,-0.056000,-0.001000,1
10.557967,-9.620000,-63.870998,-9.176000,115.714996,19.763000,38.266998,156.628998,0.000000,0.000000,0.000000,0.000000,0.000000,0.000000,0.120000,250.000000,-1010.000000,-153.000000,-1448.000000,240.000000,-43.000000,-21.000000,22.000000,22.000000,22.000000,22.000000,22.000000,22.000000,22.000000,37.000000,38.000000,39.000000,40.000000,40.000000,40.000000,43.000000,1,1,1,1,1,1,1,0,0,0,0,0,0,0,75,5400.359863,1217,0,1,0.478416,-0.029999,-0.271999,3.108000,-0.051000,-0.001000,1
10.568068,-9.557000,-64.121002,-9.272000,116.192001,19.691000,38.279999,156.511002,0.000000,0.000000,0.000000,0.000000,0.000000,0.000000,0.120000,250.000000,-1010.000000,-153.000000,-1448.000000,240.000000,-43.000000,-21.000000,22.000000,22.000000,22.000000,22.000000,22.000000,22.000000,22.000000,37.000000,38.000000,39.000000,40.000000,40.000000,40.000000,43.000000,1,1,1,1,1,1,1,0,0,0,0,0,0,0,75,5400.359863,1218,0,1,0.475327,-0.029999,-0.272000,3.109000,-0.047000,-0.001000,1
10.577948,-9.500000,-64.364998,-9.361000,116.656998,19.628000,38.270000,156.397995,0.000000,0.000000,0.000000,0.000000,0.000000,0.000000,0.120000,250.000000,-1010.000000,-153.000000,-1448.000000,240.000000,-43.000000,-21.000000,22.000000,22.000000,22.000000,22.000000,22.000000,22.000000,22.000000,37.000000,38.000000,39.000000,40.000000,40.000000,40.000000,43.000000,1,1,1,1,1,1,1,0,0,0,0,0,0,0,75,5400.357910,1218,0,1,0.472448,-0.029999,-0.272000,3.110000,-0.043000,0.000000,1
10.587968,-9.447000,-64.602997,-9.442000,117.111000,19.573000,38.237999,156.289993,0.000000,0.000000,0.000000,0.000000,0.000000,0.000000,0.120000,250.000000,-1010.000000,-153.000000,-1448.000000,240.000000,-43.000000,-21.000000,22.000000,22.000000,22.000000,22.000000,22.000000,22.000000,22.000000,37.000000,38.000000,39.000000,40.000000,40.000000,40.000000,43.000000,1,1,1,1,1,1,1,0,0,0,0,0,0,0,75,5400.357910,1218,0,1,0.469768,-0.029999,-0.272000,3.110000,-0.040000,0.000000,1
10.598048,-9.417000,-64.744003,-9.487000,117.376999,19.544001,38.209000,156.227005,0.000000,0.000000,0.000000,0.000000,0.000000,0.000000,0.120000,250.000000,-1010.000000,-153.000000,-1448.000000,240.000000,-43.000000,-21.000000,22.000000,22.000000,22.000000,22.000000,22.000000,22.000000,22.000000,37.000000,38.000000,39.000000,40.000000,40.000000,40.000000,43.000000,1,1,1,1,1,1,1,0,0,0,0,0,0,0,75,5400.359863,1218,0,1,0.468252,-0.030000,-0.272000,3.111000,-0.039000,0.000000,1
10.607940,-9.345000,-65.112999,-9.595000,118.070000,19.478001,38.098999,156.067993,0.000000,0.000000,0.000000,0.000000,0.000000,0.000000,0.120000,250.000000,-1010.000000,-153.000000,-1448.000000,240.000000,-43.000000,-21.000000,22.000000,22.000000,22.000000,22.000000,22.000000,22.000000,22.000000,37.000000,38.000000,39.000000,40.000000,40.000000,40.000000,43.000000,1,1,1,1,1,1,1,0,0,0,0,0,0,0,75,5400.357910,1217,0,1,0.464522,-0.030000,-0.271999,3.111000,-0.035000,0.000000,1
10.617956,-9.321000,-65.248001,-9.632000,118.323997,19.458000,38.047001,156.011002,0.000000,0.000000,0.000000,0.000000,0.000000,0.000000,0.120000,250.000000,-1010.000000,-153.000000,-1448.000000,240.000000,-43.000000,-21.000000,22.000000,22.000000,22.000000,22.000000,22.000000,22.000000,22.000000,37.000000,38.000000,39.000000,40.000000,40.000000,40.000000,43.000000,1,1,1,1,1,1,1,0,0,0,0,0,0,0,75,5400.357910,1218,0,1,0.463233,-0.030000,-0.272000,3.111000,-0.034000,0.000000,1
10.627961,-9.283000,-65.472000,-9.688000,118.738998,19.429001,37.946999,155.919006,0.000000,0.000000,0.000000,0.000000,0.000000,0.000000,0.120000,250.000000,-1010.000000,-153.000000,-1448.000000,240.000000,-43.000000,-21.000000,22.000000,22.000000,22.000000,22.000000,22.000000,22.000000,22.000000,37.000000,38.000000,39.000000,40.000000,40.000000,40.000000,43.000000,1,1,1,1,1,1,1,0,0,0,0,0,0,0,75,5400.359863,1218,0,1,0.461207,-0.029999,-0.272000,3.112000,-0.032000,0.000000,1
10.638002,-9.248000,-65.692001,-9.738000,119.146004,19.406000,37.832001,155.830002,0.000000,0.000000,0.000000,0.000000,0.000000,0.000000,0.120000,250.000000,-1010.000000,-153.000000,-1448.000000,240.000000,-43.000000,-21.000000,22.000000,22.000000,22.000000,22.000000,22.000000,22.000000,22.000000,37.000000,38.000000,39.000000,40.000000,40.000000,40.000000,43.000000,1,1,1,1,1,1,1,0,0,0,0,0,0,0,75,5400.357910,1217,0,1,0.459320,-0.030000,-0.272000,3.112000,-0.031000,0.000000,1
10.647934,-9.215000,-65.910004,-9.784000,119.544998,19.389000,37.706001,155.744995,0.000000,0.000000,0.000000,0.000000,0.000000,0.000000,0.120000,250.000000,-1010.000000,-153.000000,-1448.000000,240.000000,-43.000000,-21.000000,22.000000,22.000000,22.000000,22.000000,22.000000,22.000000,22.000000,37.000000,38.000000,39.000000,40.000000,40.000000,40.000000,43.000000,1,1,1,1,1,1,1,0,0,0,0,0,0,0,75,5400.359863,1217,0,1,0.457558,-0.030000,-0.272000,3.112000,-0.030000,0.000000,1
10.657965,-9.180000,-66.168999,-9.834000,120.015999,19.372999,37.540001,155.645996,0.000000,0.000000,0.000000,0.000000,0.000000,0.000000,0.120000,250.000000,-1010.000000,-153.000000,-1448.000000,240.000000,-43.000000,-21.000000,22.000000,22.000000,22.000000,22.000000,22.000000,22.000000,22.000000,37.000000,38.000000,39.000000,40.000000,40.000000,40.000000,43.000000,1,1,1,1,1,1,1,0,0,0,0,0,0,0,75,5400.357910,1218,0,1,0.455585,-0.030000,-0.272000,3.112000,-0.029000,0.000000,1
10.668104,-9.152000,-66.383003,-9.871000,120.402000,19.365000,37.391998,155.565994,0.000000,0.000000,0.000000,0.000000,0.000000,0.000000,0.120000,250.000000,-1010.000000,-153.000000,-1448.000000,240.000000,-43.000000,-21.000000,22.000000,22.000000,22.000000,22.000000,22.000000,22.000000,22.000000,37.000000,38.000000,39.000000,40.000000,40.000000,40.000000,43.000000,1,1,1,1,1,1,1,0,0,0,0,0,0,0,75,5400.359863,1218,0,1,0.454040,-0.030000,-0.272000,3.112000,-0.029000,0.000000,1
10.678007,-9.125000,-66.595001,-9.906000,120.782997,19.358999,37.237000,155.488007,0.000000,0.000000,0.000000,0.000000,0.000000,0.000000,0.120000,250.000000,-1010.000000,-153.000000,-1448.000000,240.000000,-43.000000,-21.000000,22.000000,22.000000,22.000000,22.000000,22.000000,22.000000,22.000000,37.000000,38.000000,39.000000,40.000000,40.000000,40.000000,43.000000,1,1,1,1,1,1,1,0,0,0,0,0,0,0,75,5400.357910,1217,0,1,0.452566,-0.029999,-0.272000,3.112000,-0.029000,0.000000,1
10.688136,-9.110000,-66.722000,-9.926000,121.011002,19.357000,37.141998,155.442001,0.000000,0.000000,0.000000,0.000000,0.000000,0.000000,0.120000,250.000000,-1010.000000,-153.000000,-1448.000000,240.000000,-43.000000,-21.000000,22.000000,22.000000,22.000000,22.000000,22.000000,22.000000,22.000000,37.000000,38.000000,39.000000,40.000000,40.000000,40.000000,43.000000,1,1,1,1,1,1,1,0,0,0,0,0,0,0,75,5400.357910,1217,0,1,0.451710,-0.030000,-0.272000,3.112000,-0.029000,0.000000,1
10.698237,-9.071000,-67.058998,-9.978000,121.611000,19.354000,36.882000,155.320007,0.000000,0.000000,0.000000,0.000000,0.000000,0.000000,0.120000,250.000000,-1010.000000,-153.000000,-1448.000000,240.000000,-43.000000,-21.000000,22.000000,22.000000,22.000000,22.000000,22.000000,22.000000,22.000000,37.000000,38.000000,39.000000,40.000000,40.000000,40.000000,43.000000,1,1,1,1,1,1,1,0,0,0,0,0,0,0,75,5400.359863,1217,0,1,0.449490,-0.030000,-0.271999,3.112000,-0.029000,0.000000,1
10.708088,-9.061000,-67.143997,-9.990000,121.761002,19.354000,36.816002,155.289993,0.000000,0.000000,0.000000,0.000000,0.000000,0.000000,0.120000,250.000000,-1010.000000,-153.000000,-1448.000000,240.000000,-43.000000,-21.000000,22.000000,22.000000,22.000000,22.000000,22.000000,22.000000,22.000000,37.000000,38.000000,39.000000,40.000000,40.000000,40.000000,43.000000,1,1,1,1,1,1,1,0,0,0,0,0,0,0,75,5400.357910,1218,0,1,0.448944,-0.029999,-0.272000,3.113000,-0.029000,0.000000,1
10.718016,-9.031000,-67.394997,-10.030000,122.207001,19.351999,36.619999,155.199005,0.000000,0.000000,0.000000,0.000000,0.000000,0.000000,0.120000,250.000000,-1010.000000,-153.000000,-1448.000000,240.000000,-43.000000,-21.000000,22.000000,22.000000,22.000000,22.000000,22.000000,22.000000,22.000000,37.000000,38.000000,39.000000,40.000000,40.000000,40.000000,43.000000,1,1,1,1,1,1,1,0,0,0,0,0,0,0,75,5400.357910,1217,0,1,0.447311,-0.030005,-0.272000,3.113000,-0.028000,0.000000,0
10.728109,-9.006000,-67.605003,-10.065000,122.578003,19.349001,36.457001,155.121994,0.000000,0.000000,0.000000,0.000000,0.000000,0.000000,0.120000,250.000000,-1010.000000,-153.000000,-1448.000000,240.000000,-43.000000,-21.000000,22.000000,22.000000,22.000000,22.000000,22.000000,22.000000,22.000000,37.000000,38.000000,39.000000,40.000000,40.000000,40.000000,43.000000,1,1,1,1,1,1,1,0,0,0,0,0,0,0,75,5400.359863,1218,0,1,0.445950,-0.030013,-0.272000,3.113000,-0.028000,0.000000,0
10.738007,-8.985000,-67.816002,-10.093000,122.948997,19.350000,36.296001,155.050003,0.000000,0.000000,0.000000,0.000000,0.000000,0.000000,0.120000,250.000000,-1010.000000,-153.000000,-1448.000000,240.000000,-43.000000,-21.000000,22.000000,22.000000,22.000000,22.000000,22.000000,22.000000,22.000000,37.000000,38.000000,39.000000,40.000000,40.000000,40.000000,43.000000,1,1,1,1,1,1,1,0,0,0,0,0,0,0,75,5400.357910,1218,0,1,0.444589,-0.029994,-0.272000,3.113000,-0.028000,0.000000,0
10.748057,-8.974000,-68.029999,-10.108000,123.320000,19.356001,36.137001,154.985992,0.000000,0.000000,0.000000,0.000000,0.000000,0.000000,0.120000,250.000000,-1010.000000,-153.000000,-1448.000000,240.000000,-43.000000,-21.000000,22.000000,22.000000,22.000000,22.000000,22.000000,22.000000,22.000000,37.000000,38.000000,39.000000,40.000000,40.000000,40.000000,43.000000,1,1,1,1,1,1,1,0,0,0,0,0,0,0,75,5400.360840,1218,0,1,0.443231,-0.029919,-0.272000,3.113000,-0.028000,0.000000,0
10.758108,-8.982000,-68.289001,-10.095000,123.764999,19.377001,35.950001,154.927994,0.000000,0.000000,0.000000,0.000000,0.000000,0.000000,0.120000,250.000000,-1010.000000,-153.000000,-1448.000000,240.000000,-43.000000,-21.000000,22.000000,22.000000,22.000000,22.000000,22.000000,22.000000,22.000000,37.000000,38.000000,39.000000,40.000000,40.000000,40.000000,43.000000,1,1,1,1,1,1,1,0,0,0,0,0,0,0,75,5400.357910,1217,0,1,0.441612,-0.029711,-0.272000,3.113000,-0.029000,0.000000,0
10.768049,-9.008000,-68.513000,-10.056000,124.140999,19.406000,35.796001,154.895004,0.000000,0.000000,0.000000,0.000000,0.000000,0.000000,0.120000,250.000000,-1010.000000,-153.000000,-1448.000000,240.000000,-43.000000,-21.000000,22.000000,22.000000,22.000000,22.000000,22.000000,22.000000,22.000000,37.000000,38.000000,39.000000,40.000000,40.000000,40.000000,43.000000,1,1,1,1,1,1,1,0,0,0,0,0,0,0,75,5400.357910,1217,0,1,0.440248,-0.029427,-0.272000,3.113000,-0.028000,0.000000,3
10.778105,-9.055000,-68.764000,-9.983000,124.555000,19.451000,35.631001,154.878998,0.000000,0.000000,0.000000,0.000000,0.000000,0.000000,0.120000,250.000000,-1010.000000,-153.000000,-1448.000000,240.000000,-43.000000,-21.000000,22.000000,22.000000,22.000000,22.000000,22.000000,22.000000,22.000000,37.000000,38.000000,39.000000,40.000000,40.000000,40.000000,43.000000,1,1,1,1,1,1,1,0,0,0,0,0,0,0,75,5400.357910,1218,0,1,0.438753,-0.028999,-0.272000,3.113000,-0.028000,0.000000,3
10.788026,-9.099000,-68.932999,-9.916000,124.829002,19.489000,35.523998,154.880005,0.000000,0.000000,0.000000,0.000000,0.000000,0.000000,0.120000,250.000000,-1010.000000,-153.000000,-1448.000000,240.000000,-43.000000,-21.000000,22.000000,22.000000,22.000000,22.000000,22.000000,22.000000,22.000000,37.000000,38.000000,39.000000,40.000000,40.000000,40.000000,43.000000,1,1,1,1,1,1,1,0,0,0,0,0,0,0,75,5400.357910,1218,0,1,0.437770,-0.028647,-0.272000,3.113000,-0.028000,0.000000,3
10.798155,-9.201000,-69.237999,-9.758000,125.313004,19.573000,35.340000,154.904999,0.000000,0.000000,0.000000,0.000000,0.000000,0.000000,0.120000,250.000000,-1010.000000,-153.000000,-1448.000000,240.000000,-43.000000,-21.000000,22.000000,22.000000,22.000000,22.000000,22.000000,22.000000,22.000000,37.000000,38.000000,39.000000,40.000000,40.000000,40.000000,43.000000,1,1,1,1,1,1,1,0,0,0,0,0,0,0,75,5400.359863,1217,0,1,0.436036,-0.027879,-0.272000,3.113000,-0.029000,0.000000,3
10.808046,-9.339000,-69.550003,-9.545000,125.796997,19.681000,35.165001,154.962997,0.000000,0.000000,0.000000,0.000000,0.000000,0.000000,0.120000,250.000000,-1010.000000,-153.000000,-1448.000000,240.000000,-43.000000,-21.000000,22.000000,22.000000,22.000000,22.000000,22.000000,22.000000,22.000000,37.000000,38.000000,39.000000,40.000000,40.000000,40.000000,43.000000,1,1,1,1,1,1,1,0,0,0,0,0,0,0,75,5400.356934,1218,0,1,0.434318,-0.026908,-0.272000,3.113000,-0.028000,0.000000,3
10.818022,-9.544000,-69.916000,-9.225000,126.342003,19.840000,34.979000,155.076996,0.000000,0.000000,0.000000,0.000000,0.000000,0.000000,0.120000,250.000000,-1010.000000,-153.000000,-1448.000000,240.000000,-43.000000,-21.000000,22.000000,22.000000,22.000000,22.000000,22.000000,22.000000,22.000000,37.000000,38.000000,39.000000,40.000000,40.000000,40.000000,43.000000,1,1,1,1,1,1,1,0,0,0,0,0,0,0,75,5400.357910,1217,0,1,0.432392,-0.025525,-0.272000,3.113000,-0.028000,0.000000,3
10.828055,-9.747000,-70.209000,-8.907000,126.761002,19.996000,34.846001,155.205994,0.000000,0.000000,0.000000,0.000000,0.000000,0.000000,0.120000,250.000000,-1010.000000,-153.000000,-1448.000000,240.000000,-43.000000,-21.000000,22.000000,22.000000,22.000000,22.000000,22.000000,22.000000,22.000000,37.000000,38.000000,39.000000,40.000000,40.000000,40.000000,43.000000,1,1,1,1,1,1,1,0,0,0,0,0,0,0,75,5400.359863,1218,0,1,0.430922,-0.024206,-0.272000,3.113000,-0.028000,0.000000,3
10.838000,-9.976000,-70.487999,-8.547000,127.142998,20.172001,34.735001,155.365997,0.000000,0.000000,0.000000,0.000000,0.000000,0.000000,0.120000,250.000000,-1010.000000,-153.000000,-1448.000000,240.000000,-43.000000,-21.000000,22.000000,22.000000,22.000000,22.000000,22.000000,22.000000,22.000000,37.000000,38.000000,39.000000,40.000000,40.000000,40.000000,43.000000,1,1,1,1,1,1,1,0,0,0,0,0,0,0,75,5400.359863,1217,0,1,0.429589,-0.022748,-0.272000,3.113000,-0.028000,0.000000,3
10.848005,-10.229000,-70.751999,-8.147000,127.484001,20.365000,34.647999,155.554993,0.000000,0.000000,0.000000,0.000000,0.000000,0.000000,0.120000,250.000000,-1010.000000,-153.000000,-1448.000000,240.000000,-43.000000,-21.000000,22.000000,22.000000,22.000000,22.000000,22.000000,22.000000,22.000000,37.000000,38.000000,39.000000,40.000000,40.000000,40.000000,43.000000,1,1,1,1,1,1,1,0,0,0,0,0,0,0,75,5400.357910,1217,0,1,0.428406,-0.021165,-0.272000,3.113000,-0.029000,0.000000,3
10.858071,-10.504000,-70.998001,-7.711000,127.778999,20.575001,34.584000,155.770996,0.000000,0.000000,0.000000,0.000000,0.000000,0.000000,0.120000,250.000000,-1010.000000,-153.000000,-1448.000000,240.000000,-43.000000,-21.000000,22.000000,22.000000,22.000000,22.000000,22.000000,22.000000,22.000000,37.000000,38.000000,39.000000,40.000000,40.000000,40.000000,43.000000,1,1,1,1,1,1,1,0,0,0,0,0,0,0,75,5400.357910,1218,0,1,0.427385,-0.019474,-0.272000,3.112000,-0.028000,0.000000,3
10.868097,-10.859000,-71.264999,-7.148000,128.069000,20.844999,34.542000,156.063995,0.000000,0.000000,0.000000,0.000000,0.000000,0.000000,0.120000,250.000000,-1010.000000,-153.000000,-1448.000000,240.000000,-43.000000,-21.000000,22.000000,22.000000,22.000000,22.000000,22.000000,22.000000,22.000000,37.000000,38.000000,39.000000,40.000000,40.000000,40.000000,43.000000,1,1,1,1,1,1,1,0,0,0,0,0,0,0,75,5400.357910,1217,0,1,0.426388,-0.017323,-0.272000,3.112000,-0.028000,0.000000,3
10.878079,-11.172000,-71.462997,-6.652000,128.253006,21.082001,34.535000,156.332001,0.000000,0.000000,0.000000,0.000000,0.000000,0.000000,0.120000,250.000000,-1010.000000,-153.000000,-1448.000000,240.000000,-43.000000,-21.000000,22.000000,22.000000,22.000000,22.000000,22.000000,22.000000,22.000000,37.000000,38.000000,39.000000,40.000000,40.000000,40.000000,43.000000,1,1,1,1,1,1,1,0,0,0,0,0,0,0,75,5400.357910,1218,0,1,0.425756,-0.015451,-0.272000,3.112000,-0.028000,0.000000,3
10.888059,-11.497000,-71.636002,-6.137000,128.382996,21.326000,34.553001,156.619003,0.000000,0.000000,0.000000,0.000000,0.000000,0.000000,0.120000,250.000000,-1010.000000,-153.000000,-1448.000000,240.000000,-43.000000,-21.000000,22.000000,22.000000,22.000000,22.000000,22.000000,22.000000,22.000000,37.000000,38.000000,39.000000,40.000000,40.000000,40.000000,43.000000,1,1,1,1,1,1,1,0,0,0,0,0,0,0,75,5400.359863,1218,0,1,0.425312,-0.013526,-0.272000,3.112000,-0.028000,0.000000,3
10.898100,-11.696000,-71.726997,-5.822000,128.434006,21.475000,34.576000,156.798996,0.000000,0.000000,0.000000,0.000000,0.000000,0.000000,0.120000,250.000000,-1010.000000,-153.000000,-1448.000000,240.000000,-43.000000,-21.000000,22.000000,22.000000,22.000000,22.000000,22.000000,22.000000,22.000000,37.000000,38.000000,39.000000,40.000000,40.000000,40.000000,43.000000,1,1,1,1,1,1,1,0,0,0,0,0,0,0,75,5400.357910,1217,0,1,0.425138,-0.012353,-0.272000,3.112000,-0.028000,0.000000,3
10.908064,-12.035000,-71.856003,-5.290000,128.475006,21.725000,34.634998,157.110001,0.000000,0.000000,0.000000,0.000000,0.000000,0.000000,0.120000,250.000000,-1010.000000,-153.000000,-1448.000000,240.000000,-43.000000,-21.000000,22.000000,22.000000,22.000000,22.000000,22.000000,22.000000,22.000000,37.000000,38.000000,39.000000,40.000000,40.000000,40.000000,43.000000,1,1,1,1,1,1,1,0,0,0,0,0,0,0,75,5400.359863,1217,0,1,0.425002,-0.010382,-0.272000,3.112000,-0.028000,0.000000,3
10.918042,-12.377000,-71.956001,-4.756000,128.457993,21.974001,34.717999,157.429993,0.000000,0.000000,0.000000,0.000000,0.000000,0.000000,0.120000,250.000000,-1010.000000,-153.000000,-1448.000000,240.000000,-43.000000,-21.000000,22.000000,22.000000,22.000000,22.000000,22.000000,22.000000,22.000000,37.000000,38.000000,39.000000,40.000000,40.000000,40.000000,43.000000,1,1,1,1,1,1,1,0,0,0,0,0,0,0,75,5400.359863,1218,0,1,0.425062,-0.008407,-0.272000,3.113000,-0.028000,0.000000,3
10.928105,-12.720000,-72.025002,-4.227000,128.384003,22.219000,34.824001,157.757004,0.000000,0.000000,0.000000,0.000000,0.000000,0.000000,0.120000,250.000000,-1010.000000,-153.000000,-1448.000000,240.000000,-43.000000,-21.000000,22.000000,22.000000,22.000000,22.000000,22.000000,22.000000,22.000000,37.000000,38.000000,39.000000,40.000000,40.000000,40.000000,43.000000,1,1,1,1,1,1,1,0,0,0,0,0,0,0,75,5400.359863,1217,0,1,0.425317,-0.006448,-0.272000,3.113000,-0.028000,0.000000,3
10.938109,-13.128000,-72.067001,-3.607000,128.222000,22.503000,34.979000,158.153000,0.000000,0.000000,0.000000,0.000000,0.000000,0.000000,0.120000,250.000000,-1010.000000,-153.000000,-1448.000000,240.000000,-43.000000,-21.000000,22.000000,22.000000,22.000000,22.000000,22.000000,22.000000,22.000000,37.000000,38.000000,39.000000,40.000000,40.000000,40.000000,43.000000,1,1,1,1,1,1,1,0,0,0,0,0,0,0,75,5400.357910,1217,0,1,0.425875,-0.004144,-0.272000,3.113000,-0.028000,0.000000,3
10.948061,-13.460000,-72.066002,-3.110000,128.028000,22.726999,35.131001,158.479996,0.000000,0.000000,0.000000,0.000000,0.000000,0.000000,0.120000,250.000000,-1010.000000,-153.000000,-1448.000000,240.000000,-43.000000,-21.000000,22.000000,22.000000,22.000000,22.000000,22.000000,22.000000,22.000000,37.000000,38.000000,39.000000,40.000000,40.000000,40.000000,43.000000,1,1,1,1,1,1,1,0,0,0,0,0,0,0,75,5400.356934,1217,0,1,0.426546,-0.002285,-0.272000,3.113000,-0.028000,0.000000,3
10.958096,-13.783000,-72.033997,-2.637000,127.780998,22.936001,35.300999,158.802994,0.000000,0.000000,0.000000,0.000000,0.000000,0.000000,0.120000,250.000000,-1010.000000,-153.000000,-1448.000000,240.000000,-43.000000,-21.000000,22.000000,22.000000,22.000000,22.000000,22.000000,22.000000,22.000000,37.000000,38.000000,39.000000,40.000000,40.000000,40.000000,43.000000,1,1,1,1,1,1,1,0,0,0,0,0,0,0,75,5400.359863,1216,0,1,0.427397,-0.000502,-0.272000,3.113000,-0.028000,0.000000,3
10.968102,-14.154000,-71.952003,-2.107000,127.421997,23.166000,35.527000,159.177994,0.000000,0.000000,0.000000,0.000000,0.000000,0.000000,0.120000,250.000000,-1010.000000,-153.000000,-1448.000000,240.000000,-43.000000,-21.000000,22.000000,22.000000,22.000000,22.000000,22.000000,22.000000,22.000000,37.000000,38.000000,39.000000,40.000000,40.000000,40.000000,43.000000,1,1,1,1,1,1,1,0,0,0,0,0,0,0,75,5400.359863,1218,0,1,0.428645,0.001513,-0.272000,3.113000,-0.028000,0.000000,3
10.978186,-14.445000,-71.848999,-1.704000,127.072998,23.334999,35.729000,159.475998,0.000000,0.000000,0.000000,0.000000,0.000000,0.000000,0.120000,250.000000,-1010.000000,-153.000000,-1448.000000,240.000000,-43.000000,-21.000000,22.000000,22.000000,22.000000,22.000000,22.000000,22.000000,22.000000,37.000000,38.000000,39.000000,40.000000,40.000000,40.000000,43.000000,1,1,1,1,1,1,1,0,0,0,0,0,0,0,75,5400.359863,1217,0,1,0.429860,0.003070,-0.272000,3.113000,-0.028000,0.000000,3
10.988062,-14.611000,-71.772003,-1.480000,126.844002,23.427000,35.855999,159.647003,0.000000,0.000000,0.000000,0.000000,0.000000,0.000000,0.120000,250.000000,-1010.000000,-153.000000,-1448.000000,240.000000,-43.000000,-21.000000,22.000000,22.000000,22.000000,22.000000,22.000000,22.000000,22.000000,37.000000,38.000000,39.000000,40.000000,40.000000,40.000000,43.000000,1,1,1,1,1,1,1,0,0,0,0,0,0,0,75,5400.357910,1218,0,1,0.430662,0.003944,-0.272000,3.113000,-0.028000,0.000000,3
10.998154,-14.870000,-71.619003,-1.140000,126.432999,23.562000,36.076000,159.919006,0.000000,0.000000,0.000000,0.000000,0.000000,0.000000,0.120000,250.000000,-1010.000000,-153.000000,-1448.000000,240.000000,-43.000000,-21.000000,22.000000,22.000000,22.000000,22.000000,22.000000,22.000000,22.000000,37.000000,38.000000,39.000000,40.000000,40.000000,40.000000,43.000000,1,1,1,1,1,1,1,0,0,0,0,0,0,0,75,5400.357910,1218,0,1,0.432107,0.005291,-0.272000,3.113000,-0.028000,0.000000,3
11.008035,-15.107000,-71.438004,-0.843000,125.987000,23.674000,36.303001,160.169998,0.000000,0.000000,0.000000,0.000000,0.000000,0.000000,0.120000,250.000000,-1010.000000,-153.000000,-1448.000000,240.000000,-43.000000,-21.000000,22.000000,22.000000,22.000000,22.000000,22.000000,22.000000,22.000000,37.000000,38.000000,39.000000,40.000000,40.000000,40.000000,43.000000,1,1,1,1,1,1,1,0,0,0,0,0,0,0,75,5400.357910,1218,0,1,0.433679,0.006488,-0.272000,3.113000,-0.028000,0.000000,3
11.018025,-15.357000,-71.184998,-0.547000,125.416000,23.777000,36.583000,160.440994,0.000000,0.000000,0.000000,0.000000,0.000000,0.000000,0.120000,250.000000,-1010.000000,-153.000000,-1448.000000,240.000000,-43.000000,-21.000000,22.000000,22.000000,22.000000,22.000000,22.000000,22.000000,22.000000,37.000000,38.000000,39.000000,40.000000,40.000000,40.000000,43.000000,1,1,1,1,1,1,1,0,0,0,0,0,0,0,75,5400.357910,1217,0,1,0.435709,0.007711,-0.272000,3.113000,-0.028000,0.000000,3
11.027996,-15.532000,-70.953003,-0.356000,124.928001,23.834999,36.813000,160.634995,0.000000,0.000000,0.000000,0.000000,0.000000,0.000000,0.120000,250.000000,-1010.000000,-153.000000,-1448.000000,240.000000,-43.000000,-21.000000,22.000000,22.000000,22.000000,22.000000,22.000000,22.000000,22.000000,37.000000,38.000000,39.000000,40.000000,40.000000,40.000000,43.000000,1,1,1,1,1,1,1,0,0,0,0,0,0,0,75,5400.359863,1218,0,1,0.437453,0.008522,-0.272000,3.113000,-0.028000,0.000000,3
11.038039,-15.665000,-70.724998,-0.224000,124.473999,23.867001,37.020000,160.789001,0.000000,0.000000,0.000000,0.000000,0.000000,0.000000,0.120000,250.000000,-1010.000000,-153.000000,-1448.000000,240.000000,-43.000000,-21.000000,22.000000,22.000000,22.000000,22.000000,22.000000,22.000000,22.000000,37.000000,38.000000,39.000000,40.000000,40.000000,40.000000,43.000000,1,1,1,1,1,1,1,0,0,0,0,0,0,0,75,5400.359863,1218,0,1,0.439089,0.009106,-0.272000,3.113000,-0.029000,0.000000,3
11.048013,-15.761000,-70.514000,-0.139000,124.070000,23.879000,37.200001,160.906998,0.000000,0.000000,0.000000,0.000000,0.000000,0.000000,0.120000,250.000000,-1010.000000,-153.000000,-1448.000000,240.000000,-43.000000,-21.000000,22.000000,22.000000,22.000000,22.000000,22.000000,22.000000,22.000000,37.000000,38.000000,39.000000,40.000000,40.000000,40.000000,43.000000,1,1,1,1,1,1,1,0,0,0,0,0,0,0,75,5400.357910,1218,0,1,0.440546,0.009497,-0.272000,3.113000,-0.028000,0.000000,3
11.058111,-15.806000,-70.392998,-0.104000,123.846001,23.879000,37.297001,160.964996,0.000000,0.000000,0.000000,0.000000,0.000000,0.000000,0.120000,250.000000,-1010.000000,-153.000000,-1448.000000,240.000000,-43.000000,-21.000000,22.000000,22.000000,22.000000,22.000000,22.000000,22.000000,22.000000,37.000000,38.000000,39.000000,40.000000,40.000000,40.000000,43.000000,1,1,1,1,1,1,1,0,0,0,0,0,0,0,75,5400.359863,1217,0,1,0.441358,0.009665,-0.272000,3.113000,-0.028000,0.000000,3
11.068110,-15.893000,-70.063004,-0.058000,123.257004,23.857000,37.548000,161.089996,0.000000,0.000000,0.000000,0.000000,0.000000,0.000000,0.120000,250.000000,-1010.000000,-153.000000,-1448.000000,240.000000,-43.000000,-21.000000,22.000000,22.000000,22.000000,22.000000,22.000000,22.000000,22.000000,37.000000,38.000000,39.000000,40.000000,40.000000,40.000000,43.000000,1,1,1,1,1,1,1,0,0,0,0,0,0,0,75,5400.357910,1217,0,1,0.443510,0.009924,-0.272000,3.113000,-0.028000,0.000000,0
11.078067,-15.931000,-69.849998,-0.054000,122.887001,23.833000,37.702000,161.153000,0.000000,0.000000,0.000000,0.000000,0.000000,0.000000,0.120000,250.000000,-1010.000000,-153.000000,-1448.000000,240.000000,-43.000000,-21.000000,22.000000,22.000000,22.000000,22.000000,22.000000,22.000000,22.000000,37.000000,38.000000,39.000000,40.000000,40.000000,40.000000,43.000000,1,1,1,1,1,1,1,0,0,0,0,0,0,0,75,5400.357910,1218,0,1,0.444863,0.009987,-0.272000,3.113000,-0.029000,0.000000,0
11.088086,-15.950000,-69.721001,-0.057000,122.665001,23.816000,37.793999,161.186996,0.000000,0.000000,0.000000,0.000000,0.000000,0.000000,0.120000,250.000000,-1010.000000,-153.000000,-1448.000000,240.000000,-43.000000,-21.000000,22.000000,22.000000,22.000000,22.000000,22.000000,22.000000,22.000000,37.000000,38.000000,39.000000,40.000000,40.000000,40.000000,43.000000,1,1,1,1,1,1,1,0,0,0,0,0,0,0,75,5400.359863,1218,0,1,0.445676,0.010001,-0.272000,3.113000,-0.029000,0.000000,0
11.098164,-15.978000,-69.503998,-0.067000,122.295998,23.784000,37.945999,161.242004,0.000000,0.000000,0.000000,0.000000,0.000000,0.000000,0.120000,250.000000,-1010.000000,-153.000000,-1448.000000,240.000000,-43.000000,-21.000000,22.000000,22.000000,22.000000,22.000000,22.000000,22.000000,22.000000,37.000000,38.000000,39.000000,40.000000,40.000000,40.000000,43.000000,1,1,1,1,1,1,1,0,0,0,0,0,0,0,75,5400.359863,1218,0,1,0.447030,0.010004,-0.272000,3.113000,-0.028000,0.000000,0
11.108097,-16.004999,-69.287003,-0.079000,121.925003,23.752001,38.098999,161.294998,0.000000,0.000000,0.000000,0.000000,0.000000,0.000000,0.120000,250.000000,-1010.000000,-153.000000,-1448.000000,240.000000,-43.000000,-21.000000,22.000000,22.000000,22.000000,22.000000,22.000000,22.000000,22.000000,37.000000,38.000000,39.000000,40.000000,40.000000,40.000000,43.000000,1,1,1,1,1,1,1,0,0,0,0,0,0,0,75,5400.359863,1217,0,1,0.448385,0.009999,-0.272000,3.113000,-0.028000,0.000000,0
11.118069,-16.038000,-69.026001,-0.092000,121.478996,23.714001,38.283001,161.360992,0.000000,0.000000,0.000000,0.000000,0.000000,0.000000,0.120000,250.000000,-1010.000000,-153.000000,-1448.000000,240.000000,-43.000000,-21.000000,22.000000,22.000000,22.000000,22.000000,22.000000,22.000000,22.000000,37.000000,38.000000,39.000000,40.000000,40.000000,40.000000,43.000000,1,1,1,1,1,1,1,0,0,0,0,0,0,0,75,5400.357910,1218,0,1,0.450018,0.009999,-0.272000,3.112000,-0.029000,0.000000,1
11.128112,-16.066000,-68.808998,-0.102000,121.105003,23.683001,38.436001,161.417007,0.000000,0.000000,0.000000,0.000000,0.000000,0.000000,0.120000,250.000000,-1010.000000,-153.000000,-1448.000000,240.000000,-43.000000,-21.000000,22.000000,22.000000,22.000000,22.000000,22.000000,22.000000,22.000000,37.000000,38.000000,39.000000,40.000000,40.000000,40.000000,43.000000,1,1,1,1,1,1,1,0,0,0,0,0,0,0,75,5400.357910,1217,0,1,0.451401,0.009999,-0.272000,3.112000,-0.029000,0.000000,1
11.138082,-16.094999,-68.591003,-0.110000,120.726997,23.653999,38.584999,161.473999,0.000000,0.000000,0.000000,0.000000,0.000000,0.000000,0.120000,250.000000,-1010.000000,-153.000000,-1448.000000,240.000000,-43.000000,-21.000000,22.000000,22.000000,22.000000,22.000000,22.000000,22.000000,22.000000,37.000000,38.000000,39.000000,40.000000,40.000000,40.000000,43.000000,1,1,1,1,1,1,1,0,0,0,0,0,0,0,75,5400.357910,1217,0,1,0.452825,0.009999,-0.272000,3.112000,-0.029000,0.000000,1
11.147989,-16.125999,-68.372002,-0.116000,120.346001,23.627001,38.728001,161.533005,0.000000,0.000000,0.000000,0.000000,0.000000,0.000000,0.120000,250.000000,-1010.000000,-153.000000,-1448.000000,240.000000,-43.000000,-21.000000,22.000000,22.000000,22.000000,22.000000,22.000000,22.000000,22.000000,37.000000,38.000000,39.000000,40.000000,40.000000,40.000000,43.000000,1,1,1,1,1,1,1,0,0,0,0,0,0,0,75,5400.357910,1217,0,1,0.454307,0.009999,-0.272000,3.112000,-0.029000,0.000000,1
11.158001,-16.166000,-68.107002,-0.120000,119.880997,23.598000,38.890999,161.606995,0.000000,0.000000,0.000000,0.000000,0.000000,0.000000,0.120000,250.000000,-1010.000000,-153.000000,-1448.000000,240.000000,-43.000000,-21.000000,22.000000,22.000000,22.000000,22.000000,22.000000,22.000000,22.000000,37.000000,38.000000,39.000000,40.000000,40.000000,40.000000,43.000000,1,1,1,1,1,1,1,0,0,0,0,0,0,0,75,5400.357910,1218,0,1,0.456187,0.009999,-0.272000,3.112000,-0.030000,0.000000,1
11.168055,-16.202999,-67.885002,-0.120000,119.487000,23.577000,39.018002,161.671005,0.000000,0.000000,0.000000,0.000000,0.000000,0.000000,0.120000,250.000000,-1010.000000,-153.000000,-1448.000000,240.000000,-43.000000,-21.000000,22.000000,22.000000,22.000000,22.000000,22.000000,22.000000,22.000000,37.000000,38.000000,39.000000,40.000000,40.000000,40.000000,43.000000,1,1,1,1,1,1,1,0,0,0,0,0,0,0,75,5400.359863,1217,0,1,0.457859,0.009999,-0.272000,3.112000,-0.030000,0.000000,1
11.178005,-16.243000,-67.661003,-0.116000,119.084999,23.561001,39.132999,161.738998,0.000000,0.000000,0.000000,0.000000,0.000000,0.000000,0.120000,250.000000,-1010.000000,-153.000000,-1448.000000,240.000000,-43.000000,-21.000000,22.000000,22.000000,22.000000,22.000000,22.000000,22.000000,22.000000,37.000000,38.000000,39.000000,40.000000,40.000000,40.000000,43.000000,1,1,1,1,1,1,1,0,0,0,0,0,0,0,75,5400.359863,1218,0,1,0.459643,0.009999,-0.272000,3.112000,-0.031000,0.000000,1
11.188028,-16.288000,-67.433998,-0.108000,118.675003,23.549999,39.236000,161.809998,0.000000,0.000000,0.000000,0.000000,0.000000,0.000000,0.120000,250.000000,-1010.000000,-153.000000,-1448.000000,240.000000,-43.000000,-21.000000,22.000000,22.000000,22.000000,22.000000,22.000000,22.000000,22.000000,37.000000,38.000000,39.000000,40.000000,40.000000,40.000000,43.000000,1,1,1,1,1,1,1,0,0,0,0,0,0,0,75,5400.357910,1217,0,1,0.461557,0.010000,-0.272000,3.112000,-0.033000,0.000000,1
11.198119,-16.316999,-67.295998,-0.101000,118.424004,23.545000,39.291000,161.854004,0.000000,0.000000,0.000000,0.000000,0.000000,0.000000,0.120000,250.000000,-1010.000000,-153.000000,-1448.000000,240.000000,-43.000000,-21.000000,22.000000,22.000000,22.000000,22.000000,22.000000,22.000000,22.000000,37.000000,38.000000,39.000000,40.000000,40.000000,40.000000,43.000000,1,1,1,1,1,1,1,0,0,0,0,0,0,0,75,5400.357910,1217,0,1,0.462773,0.010000,-0.272000,3.112000,-0.034000,0.000000,1
11.208030,-16.368000,-67.065002,-0.086000,117.998001,23.542000,39.369999,161.931000,0.000000,0.000000,0.000000,0.000000,0.000000,0.000000,0.120000,250.000000,-1010.000000,-153.000000,-1448.000000,240.000000,-43.000000,-21.000000,22.000000,22.000000,22.000000,22.000000,22.000000,22.000000,22.000000,37.000000,38.000000,39.000000,40.000000,40.000000,40.000000,43.000000,1,1,1,1,1,1,1,0,0,0,0,0,0,0,75,5400.357910,1218,0,1,0.464923,0.010000,-0.272000,3.111000,-0.036000,0.000000,1
11.217970,-16.426001,-66.829002,-0.065000,117.561996,23.545000,39.432999,162.011993,0.000000,0.000000,0.000000,0.000000,0.000000,0.000000,0.120000,250.000000,-1010.000000,-153.000000,-1448.000000,240.000000,-43.000000,-21.000000,22.000000,22.000000,22.000000,22.000000,22.000000,22.000000,22.000000,37.000000,38.000000,39.000000,40.000000,40.000000,40.000000,43.000000,1,1,1,1,1,1,1,0,0,0,0,0,0,0,75,5400.359863,1218,0,1,0.467240,0.010000,-0.272000,3.111000,-0.038000,0.000000,1
11.228096,-16.502001,-66.542000,-0.032000,117.024002,23.558001,39.484001,162.115005,0.000000,0.000000,0.000000,0.000000,0.000000,0.000000,0.120000,250.000000,-1010.000000,-153.000000,-1448.000000,240.000000,-43.000000,-21.000000,22.000000,22.000000,22.000000,22.000000,22.000000,22.000000,22.000000,37.000000,38.000000,39.000000,40.000000,40.000000,40.000000,43.000000,1,1,1,1,1,1,1,0,0,0,0,0,0,0,75,5400.357910,1217,0,1,0.470258,0.010000,-0.272000,3.110000,-0.041000,0.000000,1
11.238166,-16.573999,-66.296997,0.001000,116.561996,23.575001,39.504002,162.205994,0.000000,0.000000,0.000000,0.000000,0.000000,0.000000,0.120000,250.000000,-1010.000000,-153.000000,-1448.000000,240.000000,-43.000000,-21.000000,22.000000,22.000000,22.000000,22.000000,22.000000,22.000000,22.000000,37.000000,38.000000,39.000000,40.000000,40.000000,40.000000,43.000000,1,1,1,1,1,1,1,0,0,0,0,0,0,0,75,5400.359863,1217,0,1,0.472985,0.010000,-0.272000,3.109000,-0.044000,0.000000,1
11.248057,-16.652000,-66.046997,0.042000,116.086998,23.600000,39.504002,162.302994,0.000000,0.000000,0.000000,0.000000,0.000000,0.000000,0.120000,250.000000,-1010.000000,-153.000000,-1448.000000,240.000000,-43.000000,-21.000000,22.000000,22.000000,22.000000,22.000000,22.000000,22.000000,22.000000,37.000000,38.000000,39.000000,40.000000,40.000000,40.000000,43.000000,1,1,1,1,1,1,1,0,0,0,0,0,0,0,75,5400.356934,1218,0,1,0.475915,0.010000,-0.272000,3.109000,-0.048000,-0.001000,1
11.258073,-16.737000,-65.791000,0.089000,115.598000,23.632000,39.480000,162.404007,0.000000,0.000000,0.000000,0.000000,0.000000,0.000000,0.120000,250.000000,-1010.000000,-153.000000,-1448.000000,240.000000,-43.000000,-21.000000,22.000000,22.000000,22.000000,22.000000,22.000000,22.000000,22.000000,37.000000,38.000000,39.000000,40.000000,40.000000,40.000000,43.000000,1,1,1,1,1,1,1,0,0,0,0,0,0,0,75,5400.359863,1218,0,1,0.479057,0.010000,-0.271999,3.108000,-0.052000,-0.001000,1
11.268150,-16.830999,-65.528999,0.144000,115.096001,23.672001,39.432999,162.511002,0.000000,0.000000,0.000000,0.000000,0.000000,0.000000,0.120000,250.000000,-1010.000000,-153.000000,-1448.000000,240.000000,-43.000000,-21.000000,22.000000,22.000000,22.000000,22.000000,22.000000,22.000000,22.000000,37.000000,38.000000,39.000000,40.000000,40.000000,40.000000,43.000000,1,1,1,1,1,1,1,0,0,0,0,0,0,0,75,5400.360840,1218,0,1,0.482421,0.010000,-0.271999,3.107000,-0.057000,-0.001000,1
11.278108,-16.954000,-65.205002,0.220000,114.474998,23.731001,39.341999,162.645996,0.000000,0.000000,0.000000,0.000000,0.000000,0.000000,0.120000,250.000000,-1010.000000,-153.000000,-1448.000000,240.000000,-43.000000,-21.000000,22.000000,22.000000,22.000000,22.000000,22.000000,22.000000,22.000000,37.000000,38.000000,39.000000,40.000000,40.000000,40.000000,43.000000,1,1,1,1,1,1,1,0,0,0,0,0,0,0,75,5400.359863,1218,0,1,0.486758,0.010000,-0.272000,3.106000,-0.064000,-0.002000,1
11.288082,-17.066000,-64.926003,0.291000,113.941002,23.788000,39.237000,162.764999,0.000000,0.000000,0.000000,0.000000,0.000000,0.000000,0.120000,250.000000,-1010.000000,-153.000000,-1448.000000,240.000000,-43.000000,-21.000000,22.000000,22.000000,22.000000,22.000000,22.000000,22.000000,22.000000,37.000000,38.000000,39.000000,40.000000,40.000000,40.000000,43.000000,1,1,1,1,1,1,1,0,0,0,0,0,0,0,75,5400.357910,1218,0,1,0.490629,0.010000,-0.271999,3.105000,-0.070000,-0.002000,1
11.298118,-17.188000,-64.639000,0.371000,113.392998,23.854000,39.104000,162.889999,0.000000,0.000000,0.000000,0.000000,0.000000,0.000000,0.120000,250.000000,-1010.000000,-153.000000,-1448.000000,240.000000,-43.000000,-21.000000,22.000000,22.000000,22.000000,22.000000,22.000000,22.000000,22.000000,37.000000,38.000000,39.000000,40.000000,40.000000,40.000000,43.000000,1,1,1,1,1,1,1,0,0,0,0,0,0,0,75,5400.357910,1217,0,1,0.494737,0.010000,-0.271999,3.103000,-0.076000,-0.002000,1
11.308074,-17.319000,-64.342003,0.459000,112.829002,23.927999,38.943001,163.020996,0.000000,0.000000,0.000000,0.000000,0.000000,0.000000,0.120000,250.000000,-1010.000000,-153.000000,-1448.000000,240.000000,-43.000000,-21.000000,22.000000,22.000000,22.000000,22.000000,22.000000,22.000000,22.000000,37.000000,38.000000,39.000000,40.000000,40.000000,40.000000,43.000000,1,1,1,1,1,1,1,0,0,0,0,0,0,0,75,5400.359863,1218,0,1,0.499086,0.010000,-0.271999,3.102000,-0.083000,-0.003000,1
11.318068,-17.459999,-64.035004,0.556000,112.250999,24.010000,38.751999,163.156998,0.000000,0.000000,0.000000,0.000000,0.000000,0.000000,0.120000,250.000000,-1010.000000,-153.000000,-1448.000000,240.000000,-43.000000,-21.000000,22.000000,22.000000,22.000000,22.000000,22.000000,22.000000,22.000000,37.000000,38.000000,39.000000,40.000000,40.000000,40.000000,43.000000,1,1,1,1,1,1,1,0,0,0,0,0,0,0,75,5400.359863,1217,0,1,0.503675,0.010000,-0.271999,3.101000,-0.091000,-0.003000,1
11.328095,-17.549999,-63.846001,0.618000,111.897003,24.063000,38.622002,163.240997,0.000000,0.000000,0.000000,0.000000,0.000000,0.000000,0.120000,250.000000,-1010.000000,-153.000000,-1448.000000,240.000000,-43.000000,-21.000000,22.000000,22.000000,22.000000,22.000000,22.000000,22.000000,22.000000,37.000000,38.000000,39.000000,40.000000,40.000000,40.000000,43.000000,1,1,1,1,1,1,1,0,0,0,0,0,0,0,75,5400.359863,1218,0,1,0.506544,0.010000,-0.271999,3.100000,-0.096000,-0.003000,1
11.338095,-17.708000,-63.521000,0.729000,111.293999,24.158001,38.382000,163.386002,0.000000,0.000000,0.000000,0.000000,0.000000,0.000000,0.120000,250.000000,-1010.000000,-153.000000,-1448.000000,240.000000,-43.000000,-21.000000,22.000000,22.000000,22.000000,22.000000,22.000000,22.000000,22.000000,37.000000,38.000000,39.000000,40.000000,40.000000,40.000000,43.000000,1,1,1,1,1,1,1,0,0,0,0,0,0,0,75,5400.359863,1218,0,1,0.511517,0.010000,-0.271999,3.098000,-0.104000,-0.004000,1
11.348050,-17.877001,-63.183998,0.849000,110.677002,24.261000,38.111000,163.537003,0.000000,0.000000,0.000000,0.000000,0.000000,0.000000,0.120000,250.000000,-1010.000000,-153.000000,-1448.000000,240.000000,-43.000000,-21.000000,22.000000,22.000000,22.000000,22.000000,22.000000,22.000000,22.000000,37.000000,38.000000,39.000000,40.000000,40.000000,40.000000,43.000000,1,1,1,1,1,1,1,0,0,0,0,0,0,0,75,5400.359863,1218,0,1,0.516727,0.010000,-0.271999,3.096000,-0.113000,-0.004000,1
11.358017,-18.058001,-62.834000,0.979000,110.043999,24.372000,37.806999,163.692993,0.000000,0.000000,0.000000,0.000000,0.000000,0.000000,0.120000,250.000000,-1010.000000,-153.000000,-1448.000000,240.000000,-43.000000,-21.000000,22.000000,22.000000,22.000000,22.000000,22.000000,22.000000,22.000000,37.000000,38.000000,39.000000,40.000000,40.000000,40.000000,43.000000,1,1,1,1,1,1,1,0,0,0,0,0,0,0,75,5400.357910,1217,0,1,0.522169,0.010000,-0.271999,3.094000,-0.123000,-0.005000,1
11.368095,-18.290001,-62.395000,1.147000,109.265999,24.514999,37.402000,163.888000,0.000000,0.000000,0.000000,0.000000,0.000000,0.000000,0.120000,250.000000,-1010.000000,-153.000000,-1448.000000,240.000000,-43.000000,-21.000000,22.000000,22.000000,22.000000,22.000000,22.000000,22.000000,22.000000,37.000000,38.000000,39.000000,40.000000,40.000000,40.000000,43.000000,1,1,1,1,1,1,1,0,0,0,0,0,0,0,75,5400.356934,1218,0,1,0.529000,0.010000,-0.271999,3.092000,-0.136000,-0.005000,1
11.378070,-18.496000,-62.013000,1.297000,108.600998,24.642000,37.028999,164.056000,0.000000,0.000000,0.000000,0.000000,0.000000,0.000000,0.120000,250.000000,-1010.000000,-153.000000,-1448.000000,240.000000,-43.000000,-21.000000,22.000000,22.000000,22.000000,22.000000,22.000000,22.000000,22.000000,37.000000,38.000000,39.000000,40.000000,40.000000,40.000000,43.000000,1,1,1,1,1,1,1,0,0,0,0,0,0,0,75,5400.356934,1217,0,1,0.534934,0.010000,-0.271999,3.090000,-0.146000,-0.006000,1
11.388054,-18.715000,-61.617001,1.457000,107.921997,24.775000,36.625000,164.229996,0.000000,0.000000,0.000000,0.000000,0.000000,0.000000,0.120000,250.000000,-1010.000000,-153.000000,-1448.000000,240.000000,-43.000000,-21.000000,22.000000,22.000000,22.000000,22.000000,22.000000,22.000000,22.000000,37.000000,38.000000,39.000000,40.000000,40.000000,40.000000,43.000000,1,1,1,1,1,1,1,0,0,0,0,0,0,0,75,5400.359863,1218,0,1,0.541080,0.010000,-0.271999,3.088000,-0.158000,-0.006000,1
11.398028,-18.995001,-61.118999,1.662000,107.086998,24.943001,36.098999,164.444000,0.000000,0.000000,0.000000,0.000000,0.000000,0.000000,0.120000,250.000000,-1010.000000,-153.000000,-1448.000000,240.000000,-43.000000,-21.000000,22.000000,22.000000,22.000000,22.000000,22.000000,22.000000,22.000000,37.000000,38.000000,39.000000,40.000000,40.000000,40.000000,43.000000,1,1,1,1,1,1,1,0,0,0,0,0,0,0,75,5400.359863,1218,0,1,0.548719,0.010000,-0.271999,3.085000,-0.172000,-0.006000,1
11.408070,-19.242001,-60.687000,1.844000,106.375999,25.090000,35.627998,164.628998,0.000000,0.000000,0.000000,0.000000,0.000000,0.000000,0.120000,250.000000,-1010.000000,-153.000000,-1448.000000,240.000000,-43.000000,-21.000000,22.000000,22.000000,22.000000,22.000000,22.000000,22.000000,22.000000,37.000000,38.000000,39.000000,40.000000,40.000000,40.000000,43.000000,1,1,1,1,1,1,1,0,0,0,0,0,0,0,75,5400.357910,1218,0,1,0.555294,0.010000,-0.271999,3.083000,-0.184000,-0.007000,1
11.418073,-19.503000,-60.237999,2.035000,105.651001,25.242001,35.129002,164.819000,0.000000,0.000000,0.000000,0.000000,0.000000,0.000000,0.120000,250.000000,-1010.000000,-153.000000,-1448.000000,240.000000,-43.000000,-21.000000,22.000000,22.000000,22.000000,22.000000,22.000000,22.000000,22.000000,37.000000,38.000000,39.000000,40.000000,40.000000,40.000000,43.000000,1,1,1,1,1,1,1,0,0,0,0,0,0,0,75,5400.359863,1218,0,1,0.562045,0.010000,-0.271999,3.080000,-0.197000,-0.007000,1
11.428094,-19.666000,-59.959999,2.155000,105.209000,25.334999,34.816002,164.934998,0.000000,0.000000,0.000000,0.000000,0.000000,0.000000,0.120000,250.000000,-1010.000000,-153.000000,-1448.000000,240.000000,-43.000000,-21.000000,22.000000,22.000000,22.000000,22.000000,22.000000,22.000000,22.000000,37.000000,38.000000,39.000000,40.000000,40.000000,40.000000,43.000000,1,1,1,1,1,1,1,0,0,0,0,0,0,0,75,5400.357910,1218,0,1,0.566175,0.010000,-0.271999,3.079000,-0.205000,-0.008000,1
11.438087,-19.948000,-59.483002,2.362000,104.460999,25.493999,34.273998,165.132004,0.000000,0.000000,0.000000,0.000000,0.000000,0.000000,0.120000,250.000000,-1010.000000,-153.000000,-1448.000000,240.000000,-43.000000,-21.000000,22.000000,22.000000,22.000000,22.000000,22.000000,22.000000,22.000000,37.000000,38.000000,39.000000,40.000000,40.000000,40.000000,43.000000,1,1,1,1,1,1,1,0,0,0,0,0,0,0,75,5400.357910,1218,0,1,0.573181,0.010000,-0.271999,3.076000,-0.218000,-0.008000,1
11.448078,-20.245001,-58.987999,2.578000,103.698997,25.656000,33.708000,165.335007,0.000000,0.000000,0.000000,0.000000,0.000000,0.000000,0.120000,250.000000,-1010.000000,-153.000000,-1448.000000,240.000000,-43.000000,-21.000000,22.000000,22.000000,22.000000,22.000000,22.000000,22.000000,22.000000,37.000000,38.000000,39.000000,40.000000,40.000000,40.000000,43.000000,1,1,1,1,1,1,1,0,0,0,0,0,0,0,75,5400.357910,1217,0,1,0.580329,0.010000,-0.271999,3.074000,-0.232000,-0.008000,1
11.458037,-20.556999,-58.477001,2.804000,102.922997,25.822001,33.119999,165.542007,0.000000,0.000000,0.000000,0.000000,0.000000,0.000000,0.120000,250.000000,-1010.000000,-153.000000,-1448.000000,240.000000,-43.000000,-21.000000,22.000000,22.000000,22.000000,22.000000,22.000000,22.000000,22.000000,37.000000,38.000000,39.000000,40.000000,40.000000,40.000000,43.000000,1,1,1,1,1,1,1,0,0,0,0,0,0,0,75,5400.357910,1217,0,1,0.587602,0.010000,-0.271999,3.071000,-0.246000,-0.009000,1
11.468095,-20.950001,-57.840000,3.087000,101.972000,26.023001,32.389000,165.796997,0.000000,0.000000,0.000000,0.000000,0.000000,0.000000,0.120000,250.000000,-1010.000000,-153.000000,-1448.000000,240.000000,-43.000000,-21.000000,22.000000,22.000000,22.000000,22.000000,22.000000,22.000000,22.000000,37.000000,38.000000,39.000000,40.000000,40.000000,40.000000,43.000000,1,1,1,1,1,1,1,0,0,0,0,0,0,0,75,5400.359863,1218,0,1,0.596473,0.010000,-0.271999,3.068000,-0.263000,-0.009000,1
11.478086,-21.292999,-57.290001,3.332000,101.165001,26.191999,31.761000,166.014008,0.000000,0.000000,0.000000,0.000000,0.000000,0.000000,0.120000,250.000000,-1010.000000,-153.000000,-1448.000000,240.000000,-43.000000,-21.000000,22.000000,22.000000,22.000000,22.000000,22.000000,22.000000,22.000000,37.000000,38.000000,39.000000,40.000000,40.000000,40.000000,43.000000,1,1,1,1,1,1,1,0,0,0,0,0,0,0,75,5400.359863,1217,0,1,0.603966,0.010000,-0.271999,3.065000,-0.278000,-0.009000,1
11.488012,-21.507000,-56.952999,3.483000,100.672997,26.292999,31.378000,166.147003,0.000000,0.000000,0.000000,0.000000,0.000000,0.000000,0.120000,250.000000,-1010.000000,-153.000000,-1448.000000,240.000000,-43.000000,-21.000000,22.000000,22.000000,22.000000,22.000000,22.000000,22.000000,22.000000,37.000000,38.000000,39.000000,40.000000,40.000000,40.000000,43.000000,1,1,1,1,1,1,1,0,0,0,0,0,0,0,75,5400.359863,1218,0,1,0.608497,0.010000,-0.271999,3.064000,-0.287000,-0.009000,1
11.498004,-22.104000,-56.025002,3.900000,99.336998,26.563999,30.339001,166.511002,0.000000,0.000000,0.000000,0.000000,0.000000,0.000000,0.120000,250.000000,-1010.000000,-153.000000,-1448.000000,240.000000,-43.000000,-21.000000,22.000000,22.000000,22.000000,22.000000,22.000000,22.000000,22.000000,37.000000,38.000000,39.000000,40.000000,40.000000,40.000000,43.000000,1,1,1,1,1,1,1,0,0,0,0,0,0,0,75,5400.357910,1217,0,1,0.620679,0.010000,-0.271999,3.059000,-0.310000,-0.010000,1
11.508013,-22.497000,-55.425999,4.170000,98.483002,26.733000,29.680000,166.744003,0.000000,0.000000,0.000000,0.000000,0.000000,0.000000,0.120000,250.000000,-1010.000000,-153.000000,-1448.000000,240.000000,-43.000000,-21.000000,22.000000,22.000000,22.000000,22.000000,22.000000,22.000000,22.000000,37.000000,38.000000,39.000000,40.000000,40.000000,40.000000,43.000000,1,1,1,1,1,1,1,0,0,0,0,0,0,0,75,5400.359863,1217,0,1,0.628340,0.010000,-0.271999,3.056000,-0.325000,-0.010000,1
11.518018,-22.906000,-54.813000,4.447000,97.614998,26.899000,29.018999,166.983002,0.000000,0.000000,0.000000,0.000000,0.000000,0.000000,0.120000,250.000000,-1010.000000,-153.000000,-1448.000000,240.000000,-43.000000,-21.000000,22.000000,22.000000,22.000000,22.000000,22.000000,22.000000,22.000000,37.000000,38.000000,39.000000,40.000000,40.000000,40.000000,43.000000,1,1,1,1,1,1,1,0,0,0,0,0,0,0,75,5400.357910,1216,0,1,0.636016,0.010000,-0.271999,3.053000,-0.340000,-0.010000,1
11.528009,-23.330999,-54.187000,4.731000,96.734001,27.063000,28.358999,167.227005,0.000000,0.000000,0.000000,0.000000,0.000000,0.000000,0.120000,250.000000,-1010.000000,-153.000000,-1448.000000,240.000000,-43.000000,-21.000000,22.000000,22.000000,22.000000,22.000000,22.000000,22.000000,22.000000,37.000000,38.000000,39.000000,40.000000,40.000000,40.000000,43.000000,1,1,1,1,1,1,1,0,0,0,0,0,0,0,75,5400.357910,1217,0,1,0.643688,0.010000,-0.271999,3.050000,-0.355000,-0.010000,1
11.538011,-23.771000,-53.550999,5.020000,95.838997,27.225000,27.702000,167.475006,0.000000,0.000000,0.000000,0.000000,0.000000,0.000000,0.120000,250.000000,-1010.000000,-153.000000,-1448.000000,240.000000,-43.000000,-21.000000,22.000000,22.000000,22.000000,22.000000,22.000000,22.000000,22.000000,37.000000,38.000000,39.000000,40.000000,40.000000,40.000000,43.000000,1,1,1,1,1,1,1,0,0,0,0,0,0,0,75,5400.359863,1217,0,1,0.651338,0.010000,-0.272000,3.048000,-0.370000,-0.010000,1
11.547948,-24.042999,-53.165001,5.196000,95.296997,27.320000,27.312000,167.626999,0.000000,0.000000,0.000000,0.000000,0.000000,0.000000,0.120000,250.000000,-1010.000000,-153.000000,-1448.000000,240.000000,-43.000000,-21.000000,22.000000,22.000000,22.000000,22.000000,22.000000,22.000000,22.000000,37.000000,38.000000,39.000000,40.000000,40.000000,40.000000,43.000000,1,1,1,1,1,1,1,0,0,0,0,0,0,0,75,5400.359863,1217,0,1,0.655911,0.010000,-0.272000,3.046000,-0.379000,-0.010000,1
11.557909,-24.507999,-52.514000,5.494000,94.382004,27.476000,26.669001,167.884003,0.000000,0.000000,0.000000,0.000000,0.000000,0.000000,0.120000,250.000000,-1010.000000,-153.000000,-1448.000000,240.000000,-43.000000,-21.000000,22.000000,22.000000,22.000000,22.000000,22.000000,22.000000,22.000000,37.000000,38.000000,39.000000,40.000000,40.000000,40.000000,43.000000,1,1,1,1,1,1,1,0,0,0,0,0,0,0,75,5400.357910,1217,0,1,0.663489,0.010000,-0.272000,3.043000,-0.393000,-0.010000,1
11.568023,-24.988001,-51.855000,5.795000,93.456001,27.627001,26.039000,168.145996,0.000000,0.000000,0.000000,0.000000,0.000000,0.000000,0.120000,250.000000,-1010.000000,-153.000000,-1448.000000,240.000000,-43.000000,-21.000000,22.000000,22.000000,22.000000,22.000000,22.000000,22.000000,22.000000,37.000000,38.000000,39.000000,40.000000,40.000000,40.000000,43.000000,1,1,1,1,1,1,1,0,0,0,0,0,0,0,75,5400.357910,1217,0,1,0.670999,0.010000,-0.272000,3.040000,-0.408000,-0.009000,1
11.577989,-25.584000,-51.057999,6.160000,92.329002,27.802999,25.306000,168.466995,0.000000,0.000000,0.000000,0.000000,0.000000,0.000000,0.120000,250.000000,-1010.000000,-153.000000,-1448.000000,240.000000,-43.000000,-21.000000,22.000000,22.000000,22.000000,22.000000,22.000000,22.000000,22.000000,37.000000,38.000000,39.000000,40.000000,40.000000,40.000000,43.000000,1,1,1,1,1,1,1,0,0,0,0,0,0,0,75,5400.359863,1218,0,1,0.679897,0.010000,-0.272000,3.037000,-0.425000,-0.009000,1
11.588030,-26.096001,-50.390999,6.467000,91.378998,27.943001,24.719000,168.740005,0.000000,0.000000,0.000000,0.000000,0.000000,0.000000,0.120000,250.000000,-1010.000000,-153.000000,-1448.000000,240.000000,-43.000000,-21.000000,22.000000,22.000000,22.000000,22.000000,22.000000,22.000000,22.000000,37.000000,38.000000,39.000000,40.000000,40.000000,40.000000,43.000000,1,1,1,1,1,1,1,0,0,0,0,0,0,0,75,5400.359863,1217,0,1,0.687198,0.010000,-0.272000,3.034000,-0.439000,-0.009000,1
11.598035,-26.622000,-49.721001,6.776000,90.419998,28.077999,24.155001,169.016998,0.000000,0.000000,0.000000,0.000000,0.000000,0.000000,0.120000,250.000000,-1010.000000,-153.000000,-1448.000000,240.000000,-43.000000,-21.000000,22.000000,22.000000,22.000000,22.000000,22.000000,22.000000,22.000000,37.000000,38.000000,39.000000,40.000000,40.000000,40.000000,43.000000,1,1,1,1,1,1,1,0,0,0,0,0,0,0,75,5400.356934,1217,0,1,0.694377,0.010000,-0.272000,3.031000,-0.453000,-0.009000,1
11.608020,-27.160000,-49.051998,7.084000,89.453003,28.208000,23.618000,169.298996,0.000000,0.000000,0.000000,0.000000,0.000000,0.000000,0.120000,250.000000,-1010.000000,-153.000000,-1448.000000,240.000000,-43.000000,-21.000000,22.000000,22.000000,22.000000,22.000000,22.000000,22.000000,22.000000,37.000000,38.000000,39.000000,40.000000,40.000000,40.000000,43.000000,1,1,1,1,1,1,1,0,0,0,0,0,0,0,75,5400.357910,1217,0,1,0.701419,0.010000,-0.272000,3.028000,-0.466000,-0.008000,1
11.617974,-27.820000,-48.251999,7.454000,88.282997,28.355000,23.014000,169.643005,0.000000,0.000000,0.000000,0.000000,0.000000,0.000000,0.120000,250.000000,-1010.000000,-153.000000,-1448.000000,240.000000,-43.000000,-21.000000,22.000000,22.000000,22.000000,22.000000,22.000000,22.000000,22.000000,37.000000,38.000000,39.000000,40.000000,40.000000,40.000000,43.000000,1,1,1,1,1,1,1,0,0,0,0,0,0,0,75,5400.357910,1218,0,1,0.709669,0.010000,-0.272000,3.025000,-0.482000,-0.008000,1
11.627974,-28.381001,-47.591000,7.760000,87.303001,28.469999,22.546000,169.934006,0.000000,0.000000,0.000000,0.000000,0.000000,0.000000,0.120000,250.000000,-1010.000000,-153.000000,-1448.000000,240.000000,-43.000000,-21.000000,22.000000,22.000000,22.000000,22.000000,22.000000,22.000000,22.000000,37.000000,38.000000,39.000000,40.000000,40.000000,40.000000,43.000000,1,1,1,1,1,1,1,0,0,0,0,0,0,0,75,5400.359863,1219,0,1,0.716361,0.010000,-0.272000,3.022000,-0.494000,-0.008000,1
11.638009,-28.608000,-47.327999,7.882000,86.910004,28.514999,22.368999,170.052002,0.000000,0.000000,0.000000,0.000000,0.000000,0.000000,0.120000,250.000000,-1010.000000,-153.000000,-1448.000000,240.000000,-43.000000,-21.000000,22.000000,22.000000,22.000000,22.000000,22.000000,22.000000,22.000000,37.000000,38.000000,39.000000,40.000000,40.000000,40.000000,43.000000,1,1,1,1,1,1,1,0,0,0,0,0,0,0,75,5400.360840,1217,0,1,0.718988,0.010000,-0.272000,3.021000,-0.499000,-0.007000,1
11.647955,-29.525999,-46.287998,8.365000,85.334999,28.674999,21.716000,170.531998,0.000000,0.000000,0.000000,0.000000,0.000000,0.000000,0.120000,250.000000,-1010.000000,-153.000000,-1448.000000,240.000000,-43.000000,-21.000000,22.000000,22.000000,22.000000,22.000000,22.000000,22.000000,22.000000,37.000000,38.000000,39.000000,40.000000,40.000000,40.000000,43.000000,1,1,1,1,1,1,1,0,0,0,0,0,0,0,75,5400.357910,1217,0,1,0.729194,0.010000,-0.271999,3.017000,-0.518000,-0.007000,1
11.657969,-30.105000,-45.650002,8.660000,84.350998,28.764000,21.357000,170.835999,0.000000,0.000000,0.000000,0.000000,0.000000,0.000000,0.120000,250.000000,-1010.000000,-153.000000,-1448.000000,240.000000,-43.000000,-21.000000,22.000000,22.000000,22.000000,22.000000,22.000000,22.000000,22.000000,37.000000,38.000000,39.000000,40.000000,40.000000,40.000000,43.000000,1,1,1,1,1,1,1,0,0,0,0,0,0,0,75,5400.359863,1217,0,1,0.735313,0.009999,-0.272000,3.015000,-0.529000,-0.006000,1
11.668082,-30.454000,-45.272999,8.835000,83.761002,28.815001,21.160000,171.018997,0.000000,0.000000,0.000000,0.000000,0.000000,0.000000,0.120000,250.000000,-1010.000000,-153.000000,-1448.000000,240.000000,-43.000000,-21.000000,22.000000,22.000000,22.000000,22.000000,22.000000,22.000000,22.000000,37.000000,38.000000,39.000000,40.000000,40.000000,40.000000,43.000000,1,1,1,1,1,1,1,0,0,0,0,0,0,0,75,5400.359863,1218,0,1,0.738884,0.010000,-0.271999,3.014000,-0.536000,-0.006000,1
11.677963,-31.035999,-44.654999,9.121000,82.781998,28.893999,20.864000,171.326004,0.000000,0.000000,0.000000,0.000000,0.000000,0.000000,0.120000,250.000000,-1010.000000,-153.000000,-1448.000000,240.000000,-43.000000,-21.000000,22.000000,22.000000,22.000000,22.000000,22.000000,22.000000,22.000000,37.000000,38.000000,39.000000,40.000000,40.000000,40.000000,43.000000,1,1,1,1,1,1,1,0,0,0,0,0,0,0,75,5400.359863,1218,0,1,0.744661,0.009999,-0.271999,3.011000,-0.546000,-0.006000,1
11.687997,-31.733999,-43.931000,9.453000,81.613998,28.980000,20.562000,171.694000,0.000000,0.000000,0.000000,0.000000,0.000000,0.000000,0.120000,250.000000,-1010.000000,-153.000000,-1448.000000,240.000000,-43.000000,-21.000000,22.000000,22.000000,22.000000,22.000000,22.000000,22.000000,22.000000,37.000000,38.000000,39.000000,40.000000,40.000000,40.000000,43.000000,1,1,1,1,1,1,1,0,0,0,0,0,0,0,75,5400.357910,1217,0,1,0.751299,0.009999,-0.271999,3.009000,-0.558000,-0.005000,1
11.698007,-32.312000,-43.344002,9.721000,80.649002,29.042999,20.354000,172.000000,0.000000,0.000000,0.000000,0.000000,0.000000,0.000000,0.120000,250.000000,-1010.000000,-153.000000,-1448.000000,240.000000,-43.000000,-21.000000,22.000000,22.000000,22.000000,22.000000,22.000000,22.000000,22.000000,37.000000,38.000000,39.000000,40.000000,40.000000,40.000000,43.000000,1,1,1,1,1,1,1,0,0,0,0,0,0,0,75,5400.359863,1217,0,1,0.756577,0.010000,-0.271999,3.007000,-0.567000,-0.005000,1
11.707985,-32.883999,-42.772999,9.979000,79.695000,29.100000,20.187000,172.304993,0.000000,0.000000,0.000000,0.000000,0.000000,0.000000,0.120000,250.000000,-1010.000000,-153.000000,-1448.000000,240.000000,-43.000000,-21.000000,22.000000,22.000000,22.000000,22.000000,22.000000,22.000000,22.000000,37.000000,38.000000,39.000000,40.000000,40.000000,40.000000,43.000000,1,1,1,1,1,1,1,0,0,0,0,0,0,0,75,5400.357910,1218,0,1,0.761622,0.010000,-0.272000,3.005000,-0.576000,-0.004000,1
11.717951,-33.448002,-42.220001,10.227000,78.751999,29.150000,20.059000,172.606995,0.000000,0.000000,0.000000,0.000000,0.000000,0.000000,0.120000,250.000000,-1010.000000,-153.000000,-1448.000000,240.000000,-43.000000,-21.000000,22.000000,22.000000,22.000000,22.000000,22.000000,22.000000,22.000000,37.000000,38.000000,39.000000,40.000000,40.000000,40.000000,43.000000,1,1,1,1,1,1,1,0,0,0,0,0,0,0,75,5400.360840,1217,0,1,0.766428,0.010000,-0.272000,3.003000,-0.584000,-0.004000,1
11.727967,-34.109001,-41.580002,10.508000,77.639000,29.201000,19.958000,172.964996,0.000000,0.000000,0.000000,0.000000,0.000000,0.000000,0.120000,250.000000,-1010.000000,-153.000000,-1448.000000,240.000000,-43.000000,-21.000000,22.000000,22.000000,22.000000,22.000000,22.000000,22.000000,22.000000,37.000000,38.000000,39.000000,40.000000,40.000000,40.000000,43.000000,1,1,1,1,1,1,1,0,0,0,0,0,0,0,75,5400.359863,1218,0,1,0.771881,0.009999,-0.271999,3.001000,-0.593000,-0.003000,1
11.737982,-34.645000,-41.067001,10.729000,76.728996,29.236000,19.915001,173.259003,0.000000,0.000000,0.000000,0.000000,0.000000,0.000000,0.120000,250.000000,-1010.000000,-153.000000,-1448.000000,240.000000,-43.000000,-21.000000,22.000000,22.000000,22.000000,22.000000,22.000000,22.000000,22.000000,37.000000,38.000000,39.000000,40.000000,40.000000,40.000000,43.000000,1,1,1,1,1,1,1,0,0,0,0,0,0,0,75,5400.356934,1217,0,1,0.776161,0.010000,-0.272000,2.999000,-0.600000,-0.003000,1
11.747968,-35.166000,-40.573002,10.937000,75.835999,29.264000,19.908001,173.548004,0.000000,0.000000,0.000000,0.000000,0.000000,0.000000,0.120000,250.000000,-1010.000000,-153.000000,-1448.000000,240.000000,-43.000000,-21.000000,22.000000,22.000000,22.000000,22.000000,22.000000,22.000000,22.000000,37.000000,38.000000,39.000000,40.000000,40.000000,40.000000,43.000000,1,1,1,1,1,1,1,0,0,0,0,0,0,0,75,5400.359863,1218,0,1,0.780203,0.009999,-0.272000,2.998000,-0.606000,-0.002000,1
11.757986,-35.470001,-40.285999,11.055000,75.308998,29.278000,19.921000,173.718002,0.000000,0.000000,0.000000,0.000000,0.000000,0.000000,0.120000,250.000000,-1010.000000,-153.000000,-1448.000000,240.000000,-43.000000,-21.000000,22.000000,22.000000,22.000000,22.000000,22.000000,22.000000,22.000000,37.000000,38.000000,39.000000,40.000000,40.000000,40.000000,43.000000,1,1,1,1,1,1,1,0,0,0,0,0,0,0,75,5400.360840,1218,0,1,0.782516,0.009999,-0.272000,2.997000,-0.610000,-0.002000,1
11.768082,-35.959999,-39.821999,11.240000,74.445000,29.296000,19.971001,173.996994,0.000000,0.000000,0.000000,0.000000,0.000000,0.000000,0.120000,250.000000,-1010.000000,-153.000000,-1448.000000,240.000000,-43.000000,-21.000000,22.000000,22.000000,22.000000,22.000000,22.000000,22.000000,22.000000,37.000000,38.000000,39.000000,40.000000,40.000000,40.000000,43.000000,1,1,1,1,1,1,1,0,0,0,0,0,0,0,75,5400.359863,1217,0,1,0.786184,0.010000,-0.271999,2.996000,-0.615000,-0.002000,1
11.778024,-36.430000,-39.376999,11.411000,73.601997,29.306999,20.052999,174.268005,0.000000,0.000000,0.000000,0.000000,0.000000,0.000000,0.120000,250.000000,-1010.000000,-153.000000,-1448.000000,240.000000,-43.000000,-21.000000,22.000000,22.000000,22.000000,22.000000,22.000000,22.000000,22.000000,37.000000,38.000000,39.000000,40.000000,40.000000,40.000000,43.000000,1,1,1,1,1,1,1,0,0,0,0,0,0,0,75,5400.357910,1218,0,1,0.789624,0.009999,-0.271999,2.995000,-0.620000,-0.001000,1
11.788016,-36.965000,-38.868000,11.597000,72.615997,29.312000,20.191999,174.584000,0.000000,0.000000,0.000000,0.000000,0.000000,0.000000,0.120000,250.000000,-1010.000000,-153.000000,-1448.000000,240.000000,-43.000000,-21.000000,22.000000,22.000000,22.000000,22.000000,22.000000,22.000000,22.000000,37.000000,38.000000,39.000000,40.000000,40.000000,40.000000,43.000000,1,1,1,1,1,1,1,0,0,0,0,0,0,0,75,5400.360840,1218,0,1,0.793459,0.009999,-0.272000,2.993000,-0.625000,-0.001000,1
11.797954,-37.386002,-38.464001,11.736000,71.818001,29.309000,20.340000,174.837006,0.000000,0.000000,0.000000,0.000000,0.000000,0.000000,0.120000,250.000000,-1010.000000,-153.000000,-1448.000000,240.000000,-43.000000,-21.000000,22.000000,22.000000,22.000000,22.000000,22.000000,22.000000,22.000000,37.000000,38.000000,39.000000,40.000000,40.000000,40.000000,43.000000,1,1,1,1,1,1,1,0,0,0,0,0,0,0,75,5400.359863,1217,0,1,0.796421,0.009999,-0.272000,2.992000,-0.629000,-0.001000,1
11.808013,-37.783001,-38.077000,11.861000,71.040001,29.301001,20.514999,175.082993,0.000000,0.000000,0.000000,0.000000,0.000000,0.000000,0.120000,250.000000,-1010.000000,-153.000000,-1448.000000,240.000000,-43.000000,-21.000000,22.000000,22.000000,22.000000,22.000000,22.000000,22.000000,22.000000,37.000000,38.000000,39.000000,40.000000,40.000000,40.000000,43.000000,1,1,1,1,1,1,1,0,0,0,0,0,0,0,75,5400.359863,1218,0,1,0.799180,0.010000,-0.271999,2.992000,-0.632000,0.000000,1
11.818025,-38.154999,-37.707001,11.971000,70.282997,29.287001,20.715000,175.319000,0.000000,0.000000,0.000000,0.000000,0.000000,0.000000,0.120000,250.000000,-1010.000000,-153.000000,-1448.000000,240.000000,-43.000000,-21.000000,22.000000,22.000000,22.000000,22.000000,22.000000,22.000000,22.000000,37.000000,38.000000,39.000000,40.000000,40.000000,40.000000,43.000000,1,1,1,1,1,1,1,0,0,0,0,0,0,0,75,5400.360840,1217,0,1,0.801744,0.009999,-0.271999,2.991000,-0.635000,0.000000,1
11.828024,-38.571999,-37.283001,12.085000,69.400002,29.264000,20.986000,175.591995,0.000000,0.000000,0.000000,0.000000,0.000000,0.000000,0.120000,250.000000,-1010.000000,-153.000000,-1448.000000,240.000000,-43.000000,-21.000000,22.000000,22.000000,22.000000,22.000000,22.000000,22.000000,22.000000,37.000000,38.000000,39.000000,40.000000,40.000000,40.000000,43.000000,1,1,1,1,1,1,1,0,0,0,0,0,0,0,75,5400.359863,1217,0,1,0.804582,0.010000,-0.272000,2.990000,-0.638000,0.000000,1
11.837991,-38.893002,-36.945000,12.166000,68.683998,29.239000,21.235001,175.809998,0.000000,0.000000,0.000000,0.000000,0.000000,0.000000,0.120000,250.000000,-1010.000000,-153.000000,-1448.000000,240.000000,-43.000000,-21.000000,22.000000,22.000000,22.000000,22.000000,22.000000,22.000000,22.000000,37.000000,38.000000,39.000000,40.000000,40.000000,40.000000,43.000000,1,1,1,1,1,1,1,0,0,0,0,0,0,0,75,5400.357910,1217,0,1,0.806763,0.009999,-0.272000,2.990000,-0.640000,0.000000,1
11.848036,-39.193001,-36.619999,12.235000,67.985001,29.209999,21.503000,176.018997,0.000000,0.000000,0.000000,0.000000,0.000000,0.000000,0.120000,250.000000,-1010.000000,-153.000000,-1448.000000,240.000000,-43.000000,-21.000000,22.000000,22.000000,22.000000,22.000000,22.000000,22.000000,22.000000,37.000000,38.000000,39.000000,40.000000,40.000000,40.000000,43.000000,1,1,1,1,1,1,1,0,0,0,0,0,0,0,75,5400.356934,1217,0,1,0.808788,0.010000,-0.271999,2.989000,-0.642000,0.000000,1
11.858008,-39.362999,-36.431000,12.270000,67.572998,29.190001,21.672001,176.141998,0.000000,0.000000,0.000000,0.000000,0.000000,0.000000,0.120000,250.000000,-1010.000000,-153.000000,-1448.000000,240.000000,-43.000000,-21.000000,22.000000,22.000000,22.000000,22.000000,22.000000,22.000000,22.000000,37.000000,38.000000,39.000000,40.000000,40.000000,40.000000,43.000000,1,1,1,1,1,1,1,0,0,0,0,0,0,0,75,5400.357910,1217,0,1,0.809936,0.010000,-0.271999,2.989000,-0.642000,0.000000,1
11.868053,-39.631001,-36.124001,12.322000,66.898003,29.155001,21.966000,176.339996,0.000000,0.000000,0.000000,0.000000,0.000000,0.000000,0.120000,250.000000,-1010.000000,-153.000000,-1448.000000,240.000000,-43.000000,-21.000000,22.000000,22.000000,22.000000,22.000000,22.000000,22.000000,22.000000,37.000000,38.000000,39.000000,40.000000,40.000000,40.000000,43.000000,1,1,1,1,1,1,1,0,0,0,0,0,0,0,75,5400.357910,1217,0,1,0.811746,0.010000,-0.272000,2.989000,-0.643000,0.000000,1
11.877988,-39.881001,-35.826000,12.365000,66.235001,29.115000,22.274000,176.531998,0.000000,0.000000,0.000000,0.000000,0.000000,0.000000,0.120000,250.000000,-1010.000000,-153.000000,-1448.000000,240.000000,-43.000000,-21.000000,22.000000,22.000000,22.000000,22.000000,22.000000,22.000000,22.000000,37.000000,38.000000,39.000000,40.000000,40.000000,40.000000,43.000000,1,1,1,1,1,1,1,0,0,0,0,0,0,0,75,5400.359863,1217,0,1,0.813441,0.009999,-0.272000,2.989000,-0.644000,0.000000,1
11.888013,-40.116001,-35.535999,12.399000,65.582001,29.073000,22.594000,176.718994,0.000000,0.000000,0.000000,0.000000,0.000000,0.000000,0.120000,250.000000,-1010.000000,-153.000000,-1448.000000,240.000000,-43.000000,-21.000000,22.000000,22.000000,22.000000,22.000000,22.000000,22.000000,22.000000,37.000000,38.000000,39.000000,40.000000,40.000000,40.000000,43.000000,1,1,1,1,1,1,1,0,0,0,0,0,0,0,75,5400.357910,1217,0,1,0.815037,0.010000,-0.272000,2.989000,-0.645000,0.000000,1
11.898017,-40.339001,-35.250999,12.428000,64.936996,29.027000,22.924000,176.901001,0.000000,0.000000,0.000000,0.000000,0.000000,0.000000,0.120000,250.000000,-1010.000000,-153.000000,-1448.000000,240.000000,-43.000000,-21.000000,22.000000,22.000000,22.000000,22.000000,22.000000,22.000000,22.000000,37.000000,38.000000,39.000000,40.000000,40.000000,40.000000,43.000000,1,1,1,1,1,1,1,0,0,0,0,0,0,0,75,5400.357910,1218,0,1,0.816552,0.009999,-0.271999,2.989000,-0.645000,0.000000,1
11.908014,-40.592999,-34.915001,12.457000,64.168999,28.969999,23.332001,177.117004,0.000000,0.000000,0.000000,0.000000,0.000000,0.000000,0.120000,250.000000,-1010.000000,-153.000000,-1448.000000,240.000000,-43.000000,-21.000000,22.000000,22.000000,22.000000,22.000000,22.000000,22.000000,22.000000,37.000000,38.000000,39.000000,40.000000,40.000000,40.000000,43.000000,1,1,1,1,1,1,1,0,0,0,0,0,0,0,75,5400.359863,1217,0,1,0.818285,0.009999,-0.271999,2.989000,-0.645000,0.000000,1
11.918026,-40.797001,-34.637001,12.477000,63.530998,28.919001,23.679001,177.296005,0.000000,0.000000,0.000000,0.000000,0.000000,0.000000,0.120000,250.000000,-1010.000000,-153.000000,-1448.000000,240.000000,-43.000000,-21.000000,22.000000,22.000000,22.000000,22.000000,22.000000,22.000000,22.000000,37.000000,38.000000,39.000000,40.000000,40.000000,40.000000,43.000000,1,1,1,1,1,1,1,0,0,0,0,0,0,0,75,5400.357910,1217,0,1,0.819680,0.009999,-0.272000,2.989000,-0.645000,0.000000,1
11.928021,-40.998001,-34.358002,12.498000,62.890999,28.865999,24.030001,177.475006,0.000000,0.000000,0.000000,0.000000,0.000000,0.000000,0.120000,250.000000,-1010.000000,-153.000000,-1448.000000,240.000000,-43.000000,-21.000000,22.000000,22.000000,22.000000,22.000000,22.000000,22.000000,22.000000,37.000000,38.000000,39.000000,40.000000,40.000000,40.000000,43.000000,1,1,1,1,1,1,1,0,0,0,0,0,0,0,75,5400.357910,1218,0,1,0.821051,0.009999,-0.272000,2.989000,-0.645000,0.000000,1
11.939020,-41.238998,-34.020000,12.522000,62.116001,28.801001,24.455999,177.692001,0.000000,0.000000,0.000000,0.000000,0.000000,0.000000,0.120000,250.000000,-1010.000000,-153.000000,-1448.000000,240.000000,-43.000000,-21.000000,22.000000,22.000000,22.000000,22.000000,22.000000,22.000000,22.000000,37.000000,38.000000,39.000000,40.000000,40.000000,40.000000,43.000000,1,1,1,1,1,1,1,0,0,0,0,0,0,0,75,5400.359863,1218,0,1,0.822688,0.009994,-0.272000,2.989000,-0.646000,0.000000,0
11.949013,-41.438999,-33.736000,12.545000,61.465000,28.743999,24.812000,177.875000,0.000000,0.000000,0.000000,0.000000,0.000000,0.000000,0.120000,250.000000,-1010.000000,-153.000000,-1448.000000,240.000000,-43.000000,-21.000000,22.000000,22.000000,22.000000,22.000000,22.000000,22.000000,22.000000,37.000000,38.000000,39.000000,40.000000,40.000000,40.000000,43.000000,1,1,1,1,1,1,1,0,0,0,0,0,0,0,75,5400.356934,1217,0,1,0.824049,0.009986,-0.271999,2.989000,-0.646000,0.000000,0
11.958954,-41.647999,-33.451000,12.574000,60.806000,28.686001,25.173000,178.065994,0.000000,0.000000,0.000000,0.000000,0.000000,0.000000,0.120000,250.000000,-1010.000000,-153.000000,-1448.000000,240.000000,-43.000000,-21.000000,22.000000,22.000000,22.000000,22.000000,22.000000,22.000000,22.000000,37.000000,38.000000,39.000000,40.000000,40.000000,40.000000,43.000000,1,1,1,1,1,1,1,0,0,0,0,0,0,0,75,5400.357910,1218,0,1,0.825410,0.010004,-0.272000,2.989000,-0.646000,0.000000,0
11.969020,-41.875000,-33.167000,12.615000,60.138000,28.625999,25.540001,178.270996,0.000000,0.000000,0.000000,0.000000,0.000000,0.000000,0.120000,250.000000,-1010.000000,-153.000000,-1448.000000,240.000000,-43.000000,-21.000000,22.000000,22.000000,22.000000,22.000000,22.000000,22.000000,22.000000,37.000000,38.000000,39.000000,40.000000,40.000000,40.000000,43.000000,1,1,1,1,1,1,1,0,0,0,0,0,0,0,75,5400.357910,1218,0,1,0.826768,0.010080,-0.271999,2.989000,-0.646000,0.000000,0
11.979009,-42.021999,-32.999001,12.648000,59.731998,28.589001,25.764999,178.401993,0.000000,0.000000,0.000000,0.000000,0.000000,0.000000,0.120000,250.000000,-1010.000000,-153.000000,-1448.000000,240.000000,-43.000000,-21.000000,22.000000,22.000000,22.000000,22.000000,22.000000,22.000000,22.000000,37.000000,38.000000,39.000000,40.000000,40.000000,40.000000,43.000000,1,1,1,1,1,1,1,0,0,0,0,0,0,0,75,5400.359863,1217,0,1,0.827580,0.010165,-0.272000,2.988000,-0.646000,0.000000,0
11.988958,-42.290001,-32.723999,12.719000,59.048000,28.525999,26.146000,178.638000,0.000000,0.000000,0.000000,0.000000,0.000000,0.000000,0.120000,250.000000,-1010.000000,-153.000000,-1448.000000,240.000000,-43.000000,-21.000000,22.000000,22.000000,22.000000,22.000000,22.000000,22.000000,22.000000,37.000000,38.000000,39.000000,40.000000,40.000000,40.000000,43.000000,1,1,1,1,1,1,1,0,0,0,0,0,0,0,75,5400.359863,1218,0,1,0.828925,0.010388,-0.272000,2.989000,-0.646000,0.000000,3
11.998919,-42.601002,-32.441002,12.813000,58.318001,28.459000,26.555000,178.904999,0.000000,0.000000,0.000000,0.000000,0.000000,0.000000,0.120000,250.000000,-1010.000000,-153.000000,-1448.000000,240.000000,-43.000000,-21.000000,22.000000,22.000000,22.000000,22.000000,22.000000,22.000000,22.000000,37.000000,38.000000,39.000000,40.000000,40.000000,40.000000,43.000000,1,1,1,1,1,1,1,0,0,0,0,0,0,0,75,5400.359863,1218,0,1,0.830328,0.010722,-0.271999,2.989000,-0.646000,0.000000,3
12.008998,-43.076000,-32.063999,12.975000,57.301998,28.368999,27.131001,179.304001,0.000000,0.000000,0.000000,0.000000,0.000000,0.000000,0.120000,250.000000,-1010.000000,-153.000000,-1448.000000,240.000000,-43.000000,-21.000000,22.000000,22.000000,22.000000,22.000000,22.000000,22.000000,22.000000,37.000000,38.000000,39.000000,40.000000,40.000000,40.000000,43.000000,1,1,1,1,1,1,1,0,0,0,0,0,0,0,75,5400.357910,1217,0,1,0.832229,0.011352,-0.271999,2.989000,-0.645000,0.000000,3
12.018995,-43.567001,-31.726999,13.162000,56.345001,28.284000,27.679001,179.707993,0.000000,0.000000,0.000000,0.000000,0.000000,0.000000,0.120000,250.000000,-1010.000000,-153.000000,-1448.000000,240.000000,-43.000000,-21.000000,22.000000,22.000000,22.000000,22.000000,22.000000,22.000000,22.000000,37.000000,38.000000,39.000000,40.000000,40.000000,40.000000,43.000000,1,1,1,1,1,1,1,0,0,0,0,0,0,0,75,5400.357910,1218,0,1,0.833963,0.012120,-0.272000,2.989000,-0.646000,0.000000,3
12.029009,-44.116001,-31.402000,13.389000,55.362999,28.194000,28.246000,180.154999,0.000000,0.000000,0.000000,0.000000,0.000000,0.000000,0.120000,250.000000,-1010.000000,-153.000000,-1448.000000,240.000000,-43.000000,-21.000000,22.000000,22.000000,22.000000,22.000000,22.000000,22.000000,22.000000,37.000000,38.000000,39.000000,40.000000,40.000000,40.000000,43.000000,1,1,1,1,1,1,1,0,0,0,0,0,0,0,75,5400.357910,1217,0,1,0.835681,0.013091,-0.272000,2.988000,-0.646000,0.000000,3
12.039055,-44.695000,-31.104000,13.647000,54.404999,28.100000,28.805000,180.623993,0.000000,0.000000,0.000000,0.000000,0.000000,0.000000,0.120000,250.000000,-1010.000000,-153.000000,-1448.000000,240.000000,-43.000000,-21.000000,22.000000,22.000000,22.000000,22.000000,22.000000,22.000000,22.000000,37.000000,38.000000,39.000000,40.000000,40.000000,40.000000,43.000000,1,1,1,1,1,1,1,0,0,0,0,0,0,0,75,5400.357910,1218,0,1,0.837298,0.014227,-0.271999,2.988000,-0.646000,0.000000,3
12.049067,-45.297001,-30.839001,13.931000,53.483002,28.004000,29.349001,181.110001,0.000000,0.000000,0.000000,0.000000,0.000000,0.000000,0.120000,250.000000,-1010.000000,-153.000000,-1448.000000,240.000000,-43.000000,-21.000000,22.000000,22.000000,22.000000,22.000000,22.000000,22.000000,22.000000,37.000000,38.000000,39.000000,40.000000,40.000000,40.000000,43.000000,1,1,1,1,1,1,1,0,0,0,0,0,0,0,75,5400.359863,1217,0,1,0.838794,0.015518,-0.272000,2.988000,-0.646000,0.000000,3
12.058998,-46.041000,-30.568001,14.303000,52.435001,27.886999,29.975000,181.707993,0.000000,0.000000,0.000000,0.000000,0.000000,0.000000,0.120000,250.000000,-1010.000000,-153.000000,-1448.000000,240.000000,-43.000000,-21.000000,22.000000,22.000000,22.000000,22.000000,22.000000,22.000000,22.000000,37.000000,38.000000,39.000000,40.000000,40.000000,40.000000,43.000000,1,1,1,1,1,1,1,0,0,0,0,0,0,0,75,5400.359863,1217,0,1,0.840410,0.017251,-0.271999,2.989000,-0.646000,0.000000,3
12.069071,-46.669998,-30.385000,14.632000,51.625000,27.790001,30.466999,182.212006,0.000000,0.000000,0.000000,0.000000,0.000000,0.000000,0.120000,250.000000,-1010.000000,-153.000000,-1448.000000,240.000000,-43.000000,-21.000000,22.000000,22.000000,22.000000,22.000000,22.000000,22.000000,22.000000,37.000000,38.000000,39.000000,40.000000,40.000000,40.000000,43.000000,1,1,1,1,1,1,1,0,0,0,0,0,0,0,75,5400.357910,1218,0,1,0.841593,0.018834,-0.271999,2.989000,-0.646000,0.000000,3
12.078996,-46.921001,-30.323999,14.768000,51.319000,27.750999,30.655001,182.414001,0.000000,0.000000,0.000000,0.000000,0.000000,0.000000,0.120000,250.000000,-1010.000000,-153.000000,-1448.000000,240.000000,-43.000000,-21.000000,22.000000,22.000000,22.000000,22.000000,22.000000,22.000000,22.000000,37.000000,38.000000,39.000000,40.000000,40.000000,40.000000,43.000000,1,1,1,1,1,1,1,0,0,0,0,0,0,0,75,5400.357910,1218,0,1,0.842021,0.019498,-0.271999,2.988000,-0.646000,0.000000,3
12.088956,-47.917000,-30.149000,15.323000,50.215000,27.601000,31.349001,183.210999,0.000000,0.000000,0.000000,0.000000,0.000000,0.000000,0.120000,250.000000,-1010.000000,-153.000000,-1448.000000,240.000000,-43.000000,-21.000000,22.000000,22.000000,22.000000,22.000000,22.000000,22.000000,22.000000,37.000000,38.000000,39.000000,40.000000,40.000000,40.000000,43.000000,1,1,1,1,1,1,1,0,0,0,0,0,0,0,75,5400.357910,1218,0,1,0.843462,0.022310,-0.272000,2.989000,-0.646000,0.000000,3
12.099026,-48.521000,-30.101000,15.674000,49.632000,27.511999,31.730000,183.695007,0.000000,0.000000,0.000000,0.000000,0.000000,0.000000,0.120000,250.000000,-1010.000000,-153.000000,-1448.000000,240.000000,-43.000000,-21.000000,22.000000,22.000000,22.000000,22.000000,22.000000,22.000000,22.000000,37.000000,38.000000,39.000000,40.000000,40.000000,40.000000,43.000000,1,1,1,1,1,1,1,0,0,0,0,0,0,0,75,5400.356934,1217,0,1,0.844131,0.024169,-0.272000,2.989000,-0.646000,0.000000,3
12.108977,-48.872002,-30.094999,15.883000,49.327000,27.461000,31.936001,183.977997,0.000000,0.000000,0.000000,0.000000,0.000000,0.000000,0.120000,250.000000,-1010.000000,-153.000000,-1448.000000,240.000000,-43.000000,-21.000000,22.000000,22.000000,22.000000,22.000000,22.000000,22.000000,22.000000,37.000000,38.000000,39.000000,40.000000,40.000000,40.000000,43.000000,1,1,1,1,1,1,1,0,0,0,0,0,0,0,75,5400.357910,1218,0,1,0.844443,0.025313,-0.272000,2.989000,-0.646000,0.000000,3
12.118985,-49.435001,-30.124001,16.226000,48.896999,27.381001,32.238998,184.432007,0.000000,0.000000,0.000000,0.000000,0.000000,0.000000,0.120000,250.000000,-1010.000000,-153.000000,-1448.000000,240.000000,-43.000000,-21.000000,22.000000,22.000000,22.000000,22.000000,22.000000,22.000000,22.000000,37.000000,38.000000,39.000000,40.000000,40.000000,40.000000,43.000000,1,1,1,1,1,1,1,0,0,0,0,0,0,0,75,5400.357910,1218,0,1,0.844810,0.027254,-0.272000,2.989000,-0.646000,0.000000,3
12.129012,-50.258999,-30.275999,16.749001,48.425999,27.268000,32.613998,185.106003,0.000000,0.000000,0.000000,0.000000,0.000000,0.000000,0.120000,250.000000,-1010.000000,-153.000000,-1448.000000,240.000000,-43.000000,-21.000000,22.000000,22.000000,22.000000,22.000000,22.000000,22.000000,22.000000,37.000000,38.000000,39.000000,40.000000,40.000000,40.000000,43.000000,1,1,1,1,1,1,1,0,0,0,0,0,0,0,75,5400.357910,1217,0,1,0.844996,0.030408,-0.271999,2.989000,-0.646000,0.000000,3
12.139001,-50.540001,-30.365999,16.934000,48.321999,27.231001,32.716999,185.339005,0.000000,0.000000,0.000000,0.000000,0.000000,0.000000,0.120000,250.000000,-1010.000000,-153.000000,-1448.000000,240.000000,-43.000000,-21.000000,22.000000,22.000000,22.000000,22.000000,22.000000,22.000000,22.000000,37.000000,38.000000,39.000000,40.000000,40.000000,40.000000,43.000000,1,1,1,1,1,1,1,0,0,0,0,0,0,0,75,5400.357910,1217,0,1,0.844936,0.031592,-0.272000,2.989000,-0.646000,0.000000,3
12.148973,-50.970001,-30.554001,17.226999,48.237000,27.176001,32.842999,185.701004,0.000000,0.000000,0.000000,0.000000,0.000000,0.000000,0.120000,250.000000,-1010.000000,-153.000000,-1448.000000,240.000000,-43.000000,-21.000000,22.000000,22.000000,22.000000,22.000000,22.000000,22.000000,22.000000,37.000000,38.000000,39.000000,40.000000,40.000000,40.000000,43.000000,1,1,1,1,1,1,1,0,0,0,0,0,0,0,75,5400.359863,1217,0,1,0.844682,0.033551,-0.272000,2.989000,-0.646000,0.000000,3
12.158942,-51.348000,-30.790001,17.496000,48.264999,27.129000,32.908001,186.026993,0.000000,0.000000,0.000000,0.000000,0.000000,0.000000,0.120000,250.000000,-1010.000000,-153.000000,-1448.000000,240.000000,-43.000000,-21.000000,22.000000,22.000000,22.000000,22.000000,22.000000,22.000000,22.000000,37.000000,38.000000,39.000000,40.000000,40.000000,40.000000,43.000000,1,1,1,1,1,1,1,0,0,0,0,0,0,0,75,5400.357910,1217,0,1,0.844235,0.035476,-0.271999,2.988000,-0.645000,0.000000,3
12.169111,-51.671001,-31.070000,17.740000,48.405998,27.090000,32.914001,186.315994,0.000000,0.000000,0.000000,0.000000,0.000000,0.000000,0.120000,250.000000,-1010.000000,-153.000000,-1448.000000,240.000000,-43.000000,-21.000000,22.000000,22.000000,22.000000,22.000000,22.000000,22.000000,22.000000,37.000000,38.000000,39.000000,40.000000,40.000000,40.000000,43.000000,1,1,1,1,1,1,1,0,0,0,0,0,0,0,75,5400.357910,1218,0,1,0.843601,0.037347,-0.272000,2.988000,-0.646000,0.000000,3
12.178993,-51.936001,-31.392000,17.958000,48.657001,27.058001,32.859001,186.565002,0.000000,0.000000,0.000000,0.000000,0.000000,0.000000,0.120000,250.000000,-1010.000000,-153.000000,-1448.000000,240.000000,-43.000000,-21.000000,22.000000,22.000000,22.000000,22.000000,22.000000,22.000000,22.000000,37.000000,38.000000,39.000000,40.000000,40.000000,40.000000,43.000000,1,1,1,1,1,1,1,0,0,0,0,0,0,0,75,5400.359863,1217,0,1,0.842785,0.039146,-0.272000,2.988000,-0.646000,0.000000,3
12.188971,-52.176998,-31.827999,18.184999,49.098999,27.028999,32.716000,186.811005,0.000000,0.000000,0.000000,0.000000,0.000000,0.000000,0.120000,250.000000,-1010.000000,-153.000000,-1448.000000,240.000000,-43.000000,-21.000000,22.000000,22.000000,22.000000,22.000000,22.000000,22.000000,22.000000,37.000000,38.000000,39.000000,40.000000,40.000000,40.000000,43.000000,1,1,1,1,1,1,1,0,0,0,0,0,0,0,75,5400.359863,1218,0,1,0.841578,0.041187,-0.271999,2.988000,-0.646000,0.000000,3
12.198991,-52.312000,-32.227001,18.344000,49.577999,27.013000,32.534000,186.970993,0.000000,0.000000,0.000000,0.000000,0.000000,0.000000,0.120000,250.000000,-1010.000000,-153.000000,-1448.000000,240.000000,-43.000000,-21.000000,22.000000,22.000000,22.000000,22.000000,22.000000,22.000000,22.000000,37.000000,38.000000,39.000000,40.000000,40.000000,40.000000,43.000000,1,1,1,1,1,1,1,0,0,0,0,0,0,0,75,5400.357910,1217,0,1,0.840394,0.042768,-0.271999,2.989000,-0.646000,0.000000,3
12.209034,-52.389000,-32.653999,18.476000,50.151001,27.002001,32.298000,187.089996,0.000000,0.000000,0.000000,0.000000,0.000000,0.000000,0.120000,250.000000,-1010.000000,-153.000000,-1448.000000,240.000000,-43.000000,-21.000000,22.000000,22.000000,22.000000,22.000000,22.000000,22.000000,22.000000,37.000000,38.000000,39.000000,40.000000,40.000000,40.000000,43.000000,1,1,1,1,1,1,1,0,0,0,0,0,0,0,75,5400.357910,1218,0,1,0.839059,0.044224,-0.271999,2.989000,-0.646000,0.000000,3
12.218959,-52.409000,-33.103001,18.584000,50.810001,26.995001,32.011002,187.167999,0.000000,0.000000,0.000000,0.000000,0.000000,0.000000,0.120000,250.000000,-1010.000000,-153.000000,-1448.000000,240.000000,-43.000000,-21.000000,22.000000,22.000000,22.000000,22.000000,22.000000,22.000000,22.000000,37.000000,38.000000,39.000000,40.000000,40.000000,40.000000,43.000000,1,1,1,1,1,1,1,0,0,0,0,0,0,0,75,5400.356934,1217,0,1,0.837587,0.045542,-0.271999,2.988000,-0.646000,0.000000,3
12.229030,-52.358002,-33.661999,18.681000,51.702000,26.993000,31.605000,187.209000,0.000000,0.000000,0.000000,0.000000,0.000000,0.000000,0.120000,250.000000,-1010.000000,-153.000000,-1448.000000,240.000000,-43.000000,-21.000000,22.000000,22.000000,22.000000,22.000000,22.000000,22.000000,22.000000,37.000000,38.000000,39.000000,40.000000,40.000000,40.000000,43.000000,1,1,1,1,1,1,1,0,0,0,0,0,0,0,75,5400.359863,1218,0,1,0.835659,0.046922,-0.271999,2.988000,-0.646000,0.000000,3
12.238949,-52.257999,-34.139000,18.736000,52.518002,26.993000,31.219000,187.199997,0.000000,0.000000,0.000000,0.000000,0.000000,0.000000,0.120000,250.000000,-1010.000000,-153.000000,-1448.000000,240.000000,-43.000000,-21.000000,22.000000,22.000000,22.000000,22.000000,22.000000,22.000000,22.000000,37.000000,38.000000,39.000000,40.000000,40.000000,40.000000,43.000000,1,1,1,1,1,1,1,0,0,0,0,0,0,0,75,5400.357910,1217,0,1,0.833939,0.047890,-0.272000,2.989000,-0.646000,0.000000,3
12.249228,-52.203999,-34.327999,18.752001,52.854000,26.993999,31.056000,187.186996,0.000000,0.000000,0.000000,0.000000,0.000000,0.000000,0.120000,250.000000,-1010.000000,-153.000000,-1448.000000,240.000000,-43.000000,-21.000000,22.000000,22.000000,22.000000,22.000000,22.000000,22.000000,22.000000,37.000000,38.000000,39.000000,40.000000,40.000000,40.000000,43.000000,1,1,1,1,1,1,1,0,0,0,0,0,0,0,75,5400.357910,1217,0,1,0.833238,0.048224,-0.272000,2.988000,-0.646000,0.000000,3
12.258983,-52.012001,-34.855000,18.780001,53.833000,26.993000,30.573999,187.119995,0.000000,0.000000,0.000000,0.000000,0.000000,0.000000,0.120000,250.000000,-1010.000000,-153.000000,-1448.000000,240.000000,-43.000000,-21.000000,22.000000,22.000000,22.000000,22.000000,22.000000,22.000000,22.000000,37.000000,38.000000,39.000000,40.000000,40.000000,40.000000,43.000000,1,1,1,1,1,1,1,0,0,0,0,0,0,0,75,5400.357910,1218,0,1,0.831223,0.049007,-0.271999,2.989000,-0.645000,0.000000,3
12.269022,-51.837002,-35.229000,18.785999,54.564999,26.988001,30.204000,187.048996,0.000000,0.000000,0.000000,0.000000,0.000000,0.000000,0.120000,250.000000,-1010.000000,-153.000000,-1448.000000,240.000000,-43.000000,-21.000000,22.000000,22.000000,22.000000,22.000000,22.000000,22.000000,22.000000,37.000000,38.000000,39.000000,40.000000,40.000000,40.000000,43.000000,1,1,1,1,1,1,1,0,0,0,0,0,0,0,75,5400.359863,1217,0,1,0.829732,0.049431,-0.272000,2.989000,-0.646000,0.000000,3
12.279092,-51.654999,-35.558998,18.782000,55.238998,26.979000,29.858000,186.970001,0.000000,0.000000,0.000000,0.000000,0.000000,0.000000,0.120000,250.000000,-1010.000000,-153.000000,-1448.000000,240.000000,-43.000000,-21.000000,22.000000,22.000000,22.000000,22.000000,22.000000,22.000000,22.000000,37.000000,38.000000,39.000000,40.000000,40.000000,40.000000,43.000000,1,1,1,1,1,1,1,0,0,0,0,0,0,0,75,5400.357910,1218,0,1,0.828373,0.049713,-0.272000,2.989000,-0.646000,0.000000,3
12.289100,-51.452999,-35.875000,18.767000,55.910999,26.969000,29.504999,186.875000,0.000000,0.000000,0.000000,0.000000,0.000000,0.000000,0.120000,250.000000,-1010.000000,-153.000000,-1448.000000,240.000000,-43.000000,-21.000000,22.000000,22.000000,22.000000,22.000000,22.000000,22.000000,22.000000,37.000000,38.000000,39.000000,40.000000,40.000000,40.000000,43.000000,1,1,1,1,1,1,1,0,0,0,0,0,0,0,75,5400.357910,1217,0,1,0.827029,0.049881,-0.272000,2.988000,-0.646000,0.000000,0
12.299090,-51.188999,-36.244999,18.740000,56.726002,26.955999,29.072001,186.744003,0.000000,0.000000,0.000000,0.000000,0.000000,0.000000,0.120000,250.000000,-1010.000000,-153.000000,-1448.000000,240.000000,-43.000000,-21.000000,22.000000,22.000000,22.000000,22.000000,22.000000,22.000000,22.000000,37.000000,38.000000,39.000000,40.000000,40.000000,40.000000,43.000000,1,1,1,1,1,1,1,0,0,0,0,0,0,0,75,5400.357910,1218,0,1,0.825407,0.049979,-0.271999,2.989000,-0.646000,0.000000,0
12.309057,-50.959999,-36.546001,18.714001,57.405998,26.945000,28.707001,186.626999,0.000000,0.000000,0.000000,0.000000,0.000000,0.000000,0.120000,250.000000,-1010.000000,-153.000000,-1448.000000,240.000000,-43.000000,-21.000000,22.000000,22.000000,22.000000,22.000000,22.000000,22.000000,22.000000,37.000000,38.000000,39.000000,40.000000,40.000000,40.000000,43.000000,1,1,1,1,1,1,1,0,0,0,0,0,0,0,75,5400.359863,1217,0,1,0.824052,0.050004,-0.272000,2.988000,-0.646000,0.000000,0
12.319066,-50.728001,-36.841999,18.686001,58.081001,26.934000,28.343000,186.509003,0.000000,0.000000,0.000000,0.000000,0.000000,0.000000,0.120000,250.000000,-1010.000000,-153.000000,-1448.000000,240.000000,-43.000000,-21.000000,22.000000,22.000000,22.000000,22.000000,22.000000,22.000000,22.000000,37.000000,38.000000,39.000000,40.000000,40.000000,40.000000,43.000000,1,1,1,1,1,1,1,0,0,0,0,0,0,0,75,5400.360840,1218,0,1,0.822698,0.050003,-0.271999,2.989000,-0.645000,0.000000,0
12.329067,-50.499001,-37.134998,18.660999,58.750000,26.923000,27.981001,186.393005,0.000000,0.000000,0.000000,0.000000,0.000000,0.000000,0.120000,250.000000,-1010.000000,-153.000000,-1448.000000,240.000000,-43.000000,-21.000000,22.000000,22.000000,22.000000,22.000000,22.000000,22.000000,22.000000,37.000000,38.000000,39.000000,40.000000,40.000000,40.000000,43.000000,1,1,1,1,1,1,1,0,0,0,0,0,0,0,75,5400.359863,1218,0,1,0.821343,0.050000,-0.271999,2.989000,-0.646000,0.000000,1
12.339070,-50.363998,-37.310001,18.646999,59.148998,26.916000,27.766001,186.324997,0.000000,0.000000,0.000000,0.000000,0.000000,0.000000,0.120000,250.000000,-1010.000000,-153.000000,-1448.000000,240.000000,-43.000000,-21.000000,22.000000,22.000000,22.000000,22.000000,22.000000,22.000000,22.000000,37.000000,38.000000,39.000000,40.000000,40.000000,40.000000,43.000000,1,1,1,1,1,1,1,0,0,0,0,0,0,0,75,5400.357910,1218,0,1,0.820527,0.049999,-0.272000,2.989000,-0.645000,0.000000,1
12.348983,-50.139000,-37.601002,18.624001,59.811001,26.905001,27.409000,186.212006,0.000000,0.000000,0.000000,0.000000,0.000000,0.000000,0.120000,250.000000,-1010.000000,-153.000000,-1448.000000,240.000000,-43.000000,-21.000000,22.000000,22.000000,22.000000,22.000000,22.000000,22.000000,22.000000,37.000000,38.000000,39.000000,40.000000,40.000000,40.000000,43.000000,1,1,1,1,1,1,1,0,0,0,0,0,0,0,75,5400.359863,1218,0,1,0.819154,0.050000,-0.271999,2.989000,-0.645000,0.000000,1
12.358944,-49.910999,-37.894001,18.601999,60.474998,26.893999,27.056000,186.098007,0.000000,0.000000,0.000000,0.000000,0.000000,0.000000,0.120000,250.000000,-1010.000000,-153.000000,-1448.000000,240.000000,-43.000000,-21.000000,22.000000,22.000000,22.000000,22.000000,22.000000,22.000000,22.000000,37.000000,38.000000,39.000000,40.000000,40.000000,40.000000,43.000000,1,1,1,1,1,1,1,0,0,0,0,0,0,0,75,5400.356934,1217,0,1,0.817748,0.049999,-0.271999,2.989000,-0.645000,0.000000,1
12.368994,-49.629002,-38.249001,18.573000,61.280998,26.879999,26.635000,185.959000,0.000000,0.000000,0.000000,0.000000,0.000000,0.000000,0.120000,250.000000,-1010.000000,-153.000000,-1448.000000,240.000000,-43.000000,-21.000000,22.000000,22.000000,22.000000,22.000000,22.000000,22.000000,22.000000,37.000000,38.000000,39.000000,40.000000,40.000000,40.000000,43.000000,1,1,1,1,1,1,1,0,0,0,0,0,0,0,75,5400.357910,1218,0,1,0.815991,0.050000,-0.271999,2.989000,-0.645000,0.000000,1
12.378964,-49.382999,-38.551998,18.545000,61.964001,26.868000,26.288000,185.839005,0.000000,0.000000,0.000000,0.000000,0.000000,0.000000,0.120000,250.000000,-1010.000000,-153.000000,-1448.000000,240.000000,-43.000000,-21.000000,22.000000,22.000000,22.000000,22.000000,22.000000,22.000000,22.000000,37.000000,38.000000,39.000000,40.000000,40.000000,40.000000,43.000000,1,1,1,1,1,1,1,0,0,0,0,0,0,0,75,5400.357910,1218,0,1,0.814449,0.049999,-0.272000,2.989000,-0.645000,0.000000,1
12.388957,-49.124001,-38.862999,18.514000,62.662998,26.855000,25.944000,185.712997,0.000000,0.000000,0.000000,0.000000,0.000000,0.000000,0.120000,250.000000,-1010.000000,-153.000000,-1448.000000,240.000000,-43.000000,-21.000000,22.000000,22.000000,22.000000,22.000000,22.000000,22.000000,22.000000,37.000000,38.000000,39.000000,40.000000,40.000000,40.000000,43.000000,1,1,1,1,1,1,1,0,0,0,0,0,0,0,75,5400.357910,1218,0,1,0.812816,0.049999,-0.272000,2.989000,-0.644000,0.000000,1
12.398979,-48.849998,-39.182999,18.479000,63.380001,26.840000,25.603001,185.580002,0.000000,0.000000,0.000000,0.000000,0.000000,0.000000,0.120000,250.000000,-1010.000000,-153.000000,-1448.000000,240.000000,-43.000000,-21.000000,22.000000,22.000000,22.000000,22.000000,22.000000,22.000000,22.000000,37.000000,38.000000,39.000000,40.000000,40.000000,40.000000,43.000000,1,1,1,1,1,1,1,0,0,0,0,0,0,0,75,5400.359863,1217,0,1,0.811077,0.050000,-0.272000,2.989000,-0.644000,0.000000,1
12.408972,-48.557999,-39.514999,18.438000,64.120003,26.823999,25.266001,185.438995,0.000000,0.000000,0.000000,0.000000,0.000000,0.000000,0.120000,250.000000,-1010.000000,-153.000000,-1448.000000,240.000000,-43.000000,-21.000000,22.000000,22.000000,22.000000,22.000000,22.000000,22.000000,22.000000,37.000000,38.000000,39.000000,40.000000,40.000000,40.000000,43.000000,1,1,1,1,1,1,1,0,0,0,0,0,0,0,75,5400.359863,1217,0,1,0.809214,0.050000,-0.271999,2.989000,-0.643000,0.000000,1
12.419048,-48.181000,-39.931000,18.379999,65.040001,26.802999,24.867001,185.259003,0.000000,0.000000,0.000000,0.000000,0.000000,0.000000,0.120000,250.000000,-1010.000000,-153.000000,-1448.000000,240.000000,-43.000000,-21.000000,22.000000,22.000000,22.000000,22.000000,22.000000,22.000000,22.000000,37.000000,38.000000,39.000000,40.000000,40.000000,40.000000,43.000000,1,1,1,1,1,1,1,0,0,0,0,0,0,0,75,5400.359863,1217,0,1,0.806795,0.050000,-0.272000,2.989000,-0.641000,0.000000,1
12.428983,-47.841999,-40.293999,18.325001,65.836998,26.783001,24.541000,185.098007,0.000000,0.000000,0.000000,0.000000,0.000000,0.000000,0.120000,250.000000,-1010.000000,-153.000000,-1448.000000,240.000000,-43.000000,-21.000000,22.000000,22.000000,22.000000,22.000000,22.000000,22.000000,22.000000,37.000000,38.000000,39.000000,40.000000,40.000000,40.000000,43.000000,1,1,1,1,1,1,1,0,0,0,0,0,0,0,75,5400.357910,1218,0,1,0.804608,0.049999,-0.272000,2.990000,-0.640000,0.000000,1
12.439021,-47.479000,-40.673000,18.261999,66.664001,26.761000,24.221001,184.927002,0.000000,0.000000,0.000000,0.000000,0.000000,0.000000,0.120000,250.000000,-1010.000000,-153.000000,-1448.000000,240.000000,-43.000000,-21.000000,22.000000,22.000000,22.000000,22.000000,22.000000,22.000000,22.000000,37.000000,38.000000,39.000000,40.000000,40.000000,40.000000,43.000000,1,1,1,1,1,1,1,0,0,0,0,0,0,0,75,5400.357910,1217,0,1,0.802252,0.050000,-0.271999,2.990000,-0.638000,0.000000,1
12.448946,-47.091999,-41.069000,18.191999,67.522003,26.736000,23.908001,184.746002,0.000000,0.000000,0.000000,0.000000,0.000000,0.000000,0.120000,250.000000,-1010.000000,-153.000000,-1448.000000,240.000000,-43.000000,-21.000000,22.000000,22.000000,22.000000,22.000000,22.000000,22.000000,22.000000,37.000000,38.000000,39.000000,40.000000,40.000000,40.000000,43.000000,1,1,1,1,1,1,1,0,0,0,0,0,0,0,75,5400.359863,1218,0,1,0.799713,0.050000,-0.271999,2.991000,-0.636000,0.000000,1
12.459008,-46.847000,-41.314999,18.146000,68.052002,26.719000,23.724001,184.632004,0.000000,0.000000,0.000000,0.000000,0.000000,0.000000,0.120000,250.000000,-1010.000000,-153.000000,-1448.000000,240.000000,-43.000000,-21.000000,22.000000,22.000000,22.000000,22.000000,22.000000,22.000000,22.000000,37.000000,38.000000,39.000000,40.000000,40.000000,40.000000,43.000000,1,1,1,1,1,1,1,0,0,0,0,0,0,0,75,5400.357910,1217,0,1,0.798097,0.049999,-0.272000,2.991000,-0.635000,0.000000,1
12.469009,-46.417999,-41.741001,18.062000,68.961998,26.688999,23.424999,184.434006,0.000000,0.000000,0.000000,0.000000,0.000000,0.000000,0.120000,250.000000,-1010.000000,-153.000000,-1448.000000,240.000000,-43.000000,-21.000000,22.000000,22.000000,22.000000,22.000000,22.000000,22.000000,22.000000,37.000000,38.000000,39.000000,40.000000,40.000000,40.000000,43.000000,1,1,1,1,1,1,1,0,0,0,0,0,0,0,75,5400.359863,1218,0,1,0.795243,0.050000,-0.271999,2.992000,-0.632000,-0.001000,1
12.479027,-45.868999,-42.276001,17.952000,70.098000,26.648001,23.079000,184.182999,0.000000,0.000000,0.000000,0.000000,0.000000,0.000000,0.120000,250.000000,-1010.000000,-153.000000,-1448.000000,240.000000,-43.000000,-21.000000,22.000000,22.000000,22.000000,22.000000,22.000000,22.000000,22.000000,37.000000,38.000000,39.000000,40.000000,40.000000,40.000000,43.000000,1,1,1,1,1,1,1,0,0,0,0,0,0,0,75,5400.357910,1217,0,1,0.791541,0.050000,-0.271999,2.993000,-0.628000,-0.001000,1
12.489017,-45.382999,-42.744999,17.851000,71.081001,26.610001,22.805000,183.964005,0.000000,0.000000,0.000000,0.000000,0.000000,0.000000,0.120000,250.000000,-1010.000000,-153.000000,-1448.000000,240.000000,-43.000000,-21.000000,22.000000,22.000000,22.000000,22.000000,22.000000,22.000000,22.000000,37.000000,38.000000,39.000000,40.000000,40.000000,40.000000,43.000000,1,1,1,1,1,1,1,0,0,0,0,0,0,0,75,5400.357910,1217,0,1,0.788215,0.050000,-0.271999,2.993000,-0.625000,-0.001000,1
12.498979,-44.870998,-43.233002,17.742001,72.097000,26.566999,22.545000,183.735001,0.000000,0.000000,0.000000,0.000000,0.000000,0.000000,0.120000,250.000000,-1010.000000,-153.000000,-1448.000000,240.000000,-43.000000,-21.000000,22.000000,22.000000,22.000000,22.000000,22.000000,22.000000,22.000000,37.000000,38.000000,39.000000,40.000000,40.000000,40.000000,43.000000,1,1,1,1,1,1,1,0,0,0,0,0,0,0,75,5400.356934,1218,0,1,0.784662,0.050000,-0.271999,2.994000,-0.621000,-0.001000,1
12.508992,-44.334999,-43.742001,17.625000,73.143997,26.520000,22.299999,183.498001,0.000000,0.000000,0.000000,0.000000,0.000000,0.000000,0.120000,250.000000,-1010.000000,-153.000000,-1448.000000,240.000000,-43.000000,-21.000000,22.000000,22.000000,22.000000,22.000000,22.000000,22.000000,22.000000,37.000000,38.000000,39.000000,40.000000,40.000000,40.000000,43.000000,1,1,1,1,1,1,1,0,0,0,0,0,0,0,75,5400.357910,1218,0,1,0.780876,0.049999,-0.272000,2.995000,-0.616000,-0.002000,1
12.519005,-43.660999,-44.377998,17.475000,74.441002,26.458000,22.028999,183.203995,0.000000,0.000000,0.000000,0.000000,0.000000,0.000000,0.120000,250.000000,-1010.000000,-153.000000,-1448.000000,240.000000,-43.000000,-21.000000,22.000000,22.000000,22.000000,22.000000,22.000000,22.000000,22.000000,37.000000,38.000000,39.000000,40.000000,40.000000,40.000000,43.000000,1,1,1,1,1,1,1,0,0,0,0,0,0,0,75,5400.359863,1217,0,1,0.776021,0.050000,-0.271999,2.997000,-0.610000,-0.002000,1
12.529045,-43.076000,-44.931000,17.343000,75.553001,26.402000,21.823999,182.951996,0.000000,0.000000,0.000000,0.000000,0.000000,0.000000,0.120000,250.000000,-1010.000000,-153.000000,-1448.000000,240.000000,-43.000000,-21.000000,22.000000,22.000000,22.000000,22.000000,22.000000,22.000000,22.000000,37.000000,38.000000,39.000000,40.000000,40.000000,40.000000,43.000000,1,1,1,1,1,1,1,0,0,0,0,0,0,0,75,5400.357910,1218,0,1,0.771712,0.049999,-0.272000,2.998000,-0.605000,-0.002000,1
12.539044,-42.470001,-45.502998,17.204000,76.691002,26.340000,21.641001,182.695007,0.000000,0.000000,0.000000,0.000000,0.000000,0.000000,0.120000,250.000000,-1010.000000,-153.000000,-1448.000000,240.000000,-43.000000,-21.000000,22.000000,22.000000,22.000000,22.000000,22.000000,22.000000,22.000000,37.000000,38.000000,39.000000,40.000000,40.000000,40.000000,43.000000,1,1,1,1,1,1,1,0,0,0,0,0,0,0,75,5400.356934,1217,0,1,0.767162,0.050000,-0.272000,2.999000,-0.599000,-0.003000,1
12.548968,-42.098000,-45.855999,17.117001,77.386002,26.301001,21.542000,182.539001,0.000000,0.000000,0.000000,0.000000,0.000000,0.000000,0.120000,250.000000,-1010.000000,-153.000000,-1448.000000,240.000000,-43.000000,-21.000000,22.000000,22.000000,22.000000,22.000000,22.000000,22.000000,22.000000,37.000000,38.000000,39.000000,40.000000,40.000000,40.000000,43.000000,1,1,1,1,1,1,1,0,0,0,0,0,0,0,75,5400.359863,1218,0,1,0.764316,0.049999,-0.271999,3.000000,-0.595000,-0.003000,1
12.558968,-41.465000,-46.458000,16.969000,78.560997,26.232000,21.396999,182.274994,0.000000,0.000000,0.000000,0.000000,0.000000,0.000000,0.120000,250.000000,-1010.000000,-153.000000,-1448.000000,240.000000,-43.000000,-21.000000,22.000000,22.000000,22.000000,22.000000,22.000000,22.000000,22.000000,37.000000,38.000000,39.000000,40.000000,40.000000,40.000000,43.000000,1,1,1,1,1,1,1,0,0,0,0,0,0,0,75,5400.357910,1217,0,1,0.759382,0.049999,-0.272000,3.002000,-0.589000,-0.003000,1
12.568976,-40.686001,-47.203999,16.783001,79.998001,26.143000,21.256001,181.957001,0.000000,0.000000,0.000000,0.000000,0.000000,0.000000,0.120000,250.000000,-1010.000000,-153.000000,-1448.000000,240.000000,-43.000000,-21.000000,22.000000,22.000000,22.000000,22.000000,22.000000,22.000000,22.000000,37.000000,38.000000,39.000000,40.000000,40.000000,40.000000,43.000000,1,1,1,1,1,1,1,0,0,0,0,0,0,0,75,5400.357910,1218,0,1,0.753148,0.050000,-0.271999,3.004000,-0.580000,-0.004000,1
12.578979,-40.023998,-47.845001,16.624001,81.213997,26.063999,21.170000,181.688995,0.000000,0.000000,0.000000,0.000000,0.000000,0.000000,0.120000,250.000000,-1010.000000,-153.000000,-1448.000000,240.000000,-43.000000,-21.000000,22.000000,22.000000,22.000000,22.000000,22.000000,22.000000,22.000000,37.000000,38.000000,39.000000,40.000000,40.000000,40.000000,43.000000,1,1,1,1,1,1,1,0,0,0,0,0,0,0,75,5400.356934,1218,0,1,0.747697,0.049999,-0.272000,3.005000,-0.573000,-0.004000,1
12.588977,-39.352001,-48.500999,16.459999,82.444000,25.981001,21.114000,181.421997,0.000000,0.000000,0.000000,0.000000,0.000000,0.000000,0.120000,250.000000,-1010.000000,-153.000000,-1448.000000,240.000000,-43.000000,-21.000000,22.000000,22.000000,22.000000,22.000000,22.000000,22.000000,22.000000,37.000000,38.000000,39.000000,40.000000,40.000000,40.000000,43.000000,1,1,1,1,1,1,1,0,0,0,0,0,0,0,75,5400.357910,1217,0,1,0.742020,0.049999,-0.271999,3.007000,-0.564000,-0.005000,1
12.598971,-38.673000,-49.172001,16.292999,83.683998,25.893000,21.087999,181.156006,0.000000,0.000000,0.000000,0.000000,0.000000,0.000000,0.120000,250.000000,-1010.000000,-153.000000,-1448.000000,240.000000,-43.000000,-21.000000,22.000000,22.000000,22.000000,22.000000,22.000000,22.000000,22.000000,37.000000,38.000000,39.000000,40.000000,40.000000,40.000000,43.000000,1,1,1,1,1,1,1,0,0,0,0,0,0,0,75,5400.359863,1217,0,1,0.736123,0.049999,-0.271999,3.009000,-0.556000,-0.005000,1
12.608972,-37.990002,-49.855999,16.124001,84.931000,25.802000,21.094000,180.891998,0.000000,0.000000,0.000000,0.000000,0.000000,0.000000,0.120000,250.000000,-1010.000000,-153.000000,-1448.000000,240.000000,-43.000000,-21.000000,22.000000,22.000000,22.000000,22.000000,22.000000,22.000000,22.000000,37.000000,38.000000,39.000000,40.000000,40.000000,40.000000,43.000000,1,1,1,1,1,1,1,0,0,0,0,0,0,0,75,5400.359863,1218,0,1,0.730014,0.049999,-0.272000,3.011000,-0.547000,-0.006000,1
12.618973,-37.303001,-50.551998,15.951000,86.182999,25.705999,21.132999,180.630005,0.000000,0.000000,0.000000,0.000000,0.000000,0.000000,0.120000,250.000000,-1010.000000,-153.000000,-1448.000000,240.000000,-43.000000,-21.000000,22.000000,22.000000,22.000000,22.000000,22.000000,22.000000,22.000000,37.000000,38.000000,39.000000,40.000000,40.000000,40.000000,43.000000,1,1,1,1,1,1,1,0,0,0,0,0,0,0,75,5400.357910,1218,0,1,0.723703,0.049999,-0.271999,3.013000,-0.537000,-0.006000,1
12.628979,-36.479000,-51.401001,15.743000,87.684998,25.587000,21.225000,180.320999,0.000000,0.000000,0.000000,0.000000,0.000000,0.000000,0.120000,250.000000,-1010.000000,-153.000000,-1448.000000,240.000000,-43.000000,-21.000000,22.000000,22.000000,22.000000,22.000000,22.000000,22.000000,22.000000,37.000000,38.000000,39.000000,40.000000,40.000000,40.000000,43.000000,1,1,1,1,1,1,1,0,0,0,0,0,0,0,75,5400.359863,1217,0,1,0.715878,0.050000,-0.271999,3.016000,-0.526000,-0.006000,1
12.639041,-35.794998,-52.118000,15.568000,88.933998,25.483999,21.339001,180.067993,0.000000,0.000000,0.000000,0.000000,0.000000,0.000000,0.120000,250.000000,-1010.000000,-153.000000,-1448.000000,240.000000,-43.000000,-21.000000,22.000000,22.000000,22.000000,22.000000,22.000000,22.000000,22.000000,37.000000,38.000000,39.000000,40.000000,40.000000,40.000000,43.000000,1,1,1,1,1,1,1,0,0,0,0,0,0,0,75,5400.357910,1218,0,1,0.709161,0.050000,-0.271999,3.018000,-0.515000,-0.007000,1
12.649023,-35.115002,-52.841000,15.392000,90.177002,25.377001,21.488001,179.820007,0.000000,0.000000,0.000000,0.000000,0.000000,0.000000,0.120000,250.000000,-1010.000000,-153.000000,-1448.000000,240.000000,-43.000000,-21.000000,22.000000,22.000000,22.000000,22.000000,22.000000,22.000000,22.000000,37.000000,38.000000,39.000000,40.000000,40.000000,40.000000,43.000000,1,1,1,1,1,1,1,0,0,0,0,0,0,0,75,5400.357910,1218,0,1,0.702280,0.050000,-0.271999,3.020000,-0.504000,-0.007000,1
12.658973,-34.709000,-53.278000,15.287000,90.918999,25.312000,21.594000,179.673996,0.000000,0.000000,0.000000,0.000000,0.000000,0.000000,0.120000,250.000000,-1010.000000,-153.000000,-1448.000000,240.000000,-43.000000,-21.000000,22.000000,22.000000,22.000000,22.000000,22.000000,22.000000,22.000000,37.000000,38.000000,39.000000,40.000000,40.000000,40.000000,43.000000,1,1,1,1,1,1,1,0,0,0,0,0,0,0,75,5400.360840,1217,0,1,0.698078,0.049999,-0.272000,3.022000,-0.498000,-0.007000,1
12.669040,-34.039001,-54.007999,15.111000,92.144997,25.201000,21.799000,179.436005,0.000000,0.000000,0.000000,0.000000,0.000000,0.000000,0.120000,250.000000,-1010.000000,-153.000000,-1448.000000,240.000000,-43.000000,-21.000000,22.000000,22.000000,22.000000,22.000000,22.000000,22.000000,22.000000,37.000000,38.000000,39.000000,40.000000,40.000000,40.000000,43.000000,1,1,1,1,1,1,1,0,0,0,0,0,0,0,75,5400.359863,1217,0,1,0.690963,0.050000,-0.272000,3.024000,-0.487000,-0.008000,1
12.679009,-33.377998,-54.740002,14.937000,93.359001,25.087999,22.037001,179.203003,0.000000,0.000000,0.000000,0.000000,0.000000,0.000000,0.120000,250.000000,-1010.000000,-153.000000,-1448.000000,240.000000,-43.000000,-21.000000,22.000000,22.000000,22.000000,22.000000,22.000000,22.000000,22.000000,37.000000,38.000000,39.000000,40.000000,40.000000,40.000000,43.000000,1,1,1,1,1,1,1,0,0,0,0,0,0,0,75,5400.359863,1218,0,1,0.683722,0.050000,-0.271999,3.026000,-0.475000,-0.008000,1
12.688968,-32.727001,-55.471001,14.763000,94.555000,24.972000,22.309000,178.975998,0.000000,0.000000,0.000000,0.000000,0.000000,0.000000,0.120000,250.000000,-1010.000000,-153.000000,-1448.000000,240.000000,-43.000000,-21.000000,22.000000,22.000000,22.000000,22.000000,22.000000,22.000000,22.000000,37.000000,38.000000,39.000000,40.000000,40.000000,40.000000,43.000000,1,1,1,1,1,1,1,0,0,0,0,0,0,0,75,5400.359863,1218,0,1,0.676371,0.049999,-0.272000,3.029000,-0.463000,-0.008000,1
12.698984,-32.085999,-56.200001,14.591000,95.733002,24.853001,22.614000,178.757004,0.000000,0.000000,0.000000,0.000000,0.000000,0.000000,0.120000,250.000000,-1010.000000,-153.000000,-1448.000000,240.000000,-43.000000,-21.000000,22.000000,22.000000,22.000000,22.000000,22.000000,22.000000,22.000000,37.000000,38.000000,39.000000,40.000000,40.000000,40.000000,43.000000,1,1,1,1,1,1,1,0,0,0,0,0,0,0,75,5400.357910,1218,0,1,0.668927,0.050000,-0.271999,3.031000,-0.451000,-0.009000,1
12.708985,-31.334999,-57.069000,14.388000,97.116997,24.708000,23.020000,178.501999,0.000000,0.000000,0.000000,0.000000,0.000000,0.000000,0.120000,250.000000,-1010.000000,-153.000000,-1448.000000,240.000000,-43.000000,-21.000000,22.000000,22.000000,22.000000,22.000000,22.000000,22.000000,22.000000,37.000000,38.000000,39.000000,40.000000,40.000000,40.000000,43.000000,1,1,1,1,1,1,1,0,0,0,0,0,0,0,75,5400.357910,1218,0,1,0.659894,0.050000,-0.271999,3.034000,-0.436000,-0.009000,1
12.718972,-30.723000,-57.785999,14.221000,98.245003,24.586000,23.389999,178.298004,0.000000,0.000000,0.000000,0.000000,0.000000,0.000000,0.120000,250.000000,-1010.000000,-153.000000,-1448.000000,240.000000,-43.000000,-21.000000,22.000000,22.000000,22.000000,22.000000,22.000000,22.000000,22.000000,37.000000,38.000000,39.000000,40.000000,40.000000,40.000000,43.000000,1,1,1,1,1,1,1,0,0,0,0,0,0,0,75,5400.357910,1218,0,1,0.652305,0.050000,-0.271999,3.037000,-0.423000,-0.009000,1
12.729019,-30.125999,-58.493999,14.056000,99.346001,24.461000,23.789000,178.100006,0.000000,0.000000,0.000000,0.000000,0.000000,0.000000,0.120000,250.000000,-1010.000000,-153.000000,-1448.000000,240.000000,-43.000000,-21.000000,22.000000,22.000000,22.000000,22.000000,22.000000,22.000000,22.000000,37.000000,38.000000,39.000000,40.000000,40.000000,40.000000,43.000000,1,1,1,1,1,1,1,0,0,0,0,0,0,0,75,5400.359863,1217,0,1,0.644680,0.050000,-0.271999,3.040000,-0.410000,-0.009000,1
12.739006,-29.544001,-59.189999,13.895000,100.418999,24.334999,24.212000,177.910004,0.000000,0.000000,0.000000,0.000000,0.000000,0.000000,0.120000,250.000000,-1010.000000,-153.000000,-1448.000000,240.000000,-43.000000,-21.000000,22.000000,22.000000,22.000000,22.000000,22.000000,22.000000,22.000000,37.000000,38.000000,39.000000,40.000000,40.000000,40.000000,43.000000,1,1,1,1,1,1,1,0,0,0,0,0,0,0,75,5400.359863,1217,0,1,0.637035,0.049999,-0.272000,3.042000,-0.397000,-0.010000,1
12.748984,-28.976999,-59.874001,13.736000,101.462997,24.208000,24.659000,177.727005,0.000000,0.000000,0.000000,0.000000,0.000000,0.000000,0.120000,250.000000,-1010.000000,-153.000000,-1448.000000,240.000000,-43.000000,-21.000000,22.000000,22.000000,22.000000,22.000000,22.000000,22.000000,22.000000,37.000000,38.000000,39.000000,40.000000,40.000000,40.000000,43.000000,1,1,1,1,1,1,1,0,0,0,0,0,0,0,75,5400.357910,1217,0,1,0.629391,0.049999,-0.272000,3.045000,-0.383000,-0.010000,1
12.759099,-28.426001,-60.542999,13.582000,102.476997,24.079000,25.125999,177.550003,0.000000,0.000000,0.000000,0.000000,0.000000,0.000000,0.120000,250.000000,-1010.000000,-153.000000,-1448.000000,240.000000,-43.000000,-21.000000,22.000000,22.000000,22.000000,22.000000,22.000000,22.000000,22.000000,37.000000,38.000000,39.000000,40.000000,40.000000,40.000000,43.000000,1,1,1,1,1,1,1,0,0,0,0,0,0,0,75,5400.357910,1218,0,1,0.621761,0.049999,-0.271999,3.047000,-0.370000,-0.010000,1
12.769229,-27.787001,-61.326000,13.401000,103.653999,23.924000,25.709000,177.348007,0.000000,0.000000,0.000000,0.000000,0.000000,0.000000,0.120000,250.000000,-1010.000000,-153.000000,-1448.000000,240.000000,-43.000000,-21.000000,22.000000,22.000000,22.000000,22.000000,22.000000,22.000000,22.000000,37.000000,38.000000,39.000000,40.000000,40.000000,40.000000,43.000000,1,1,1,1,1,1,1,0,0,0,0,0,0,0,75,5400.357910,1218,0,1,0.612646,0.050000,-0.271999,3.051000,-0.354000,-0.010000,1
12.779105,-27.271999,-61.959000,13.256000,104.600998,23.794001,26.211000,177.186005,0.000000,0.000000,0.000000,0.000000,0.000000,0.000000,0.120000,250.000000,-1010.000000,-153.000000,-1448.000000,240.000000,-43.000000,-21.000000,22.000000,22.000000,22.000000,22.000000,22.000000,22.000000,22.000000,37.000000,38.000000,39.000000,40.000000,40.000000,40.000000,43.000000,1,1,1,1,1,1,1,0,0,0,0,0,0,0,75,5400.357910,1217,0,1,0.605102,0.050000,-0.272000,3.053000,-0.340000,-0.010000,1
12.789270,-26.774000,-62.574001,13.115000,105.517998,23.664000,26.723000,177.031006,0.000000,0.000000,0.000000,0.000000,0.000000,0.000000,0.120000,250.000000,-1010.000000,-153.000000,-1448.000000,240.000000,-43.000000,-21.000000,22.000000,22.000000,22.000000,22.000000,22.000000,22.000000,22.000000,37.000000,38.000000,39.000000,40.000000,40.000000,40.000000,43.000000,1,1,1,1,1,1,1,0,0,0,0,0,0,0,75,5400.357910,1218,0,1,0.597619,0.050000,-0.271999,3.056000,-0.327000,-0.010000,1
12.799156,-26.197001,-63.285999,12.952000,106.578003,23.509001,27.349001,176.852997,0.000000,0.000000,0.000000,0.000000,0.000000,0.000000,0.120000,250.000000,-1010.000000,-153.000000,-1448.000000,240.000000,-43.000000,-21.000000,22.000000,22.000000,22.000000,22.000000,22.000000,22.000000,22.000000,37.000000,38.000000,39.000000,40.000000,40.000000,40.000000,43.000000,1,1,1,1,1,1,1,0,0,0,0,0,0,0,75,5400.357910,1218,0,1,0.588742,0.050000,-0.272000,3.059000,-0.311000,-0.010000,1
12.809130,-26.010000,-63.515999,12.899000,106.920998,23.457001,27.559999,176.796005,0.000000,0.000000,0.000000,0.000000,0.000000,0.000000,0.120000,250.000000,-1010.000000,-153.000000,-1448.000000,240.000000,-43.000000,-21.000000,22.000000,22.000000,22.000000,22.000000,22.000000,22.000000,22.000000,37.000000,38.000000,39.000000,40.000000,40.000000,40.000000,43.000000,1,1,1,1,1,1,1,0,0,0,0,0,0,0,75,5400.357910,1217,0,1,0.585812,0.049999,-0.272000,3.060000,-0.305000,-0.010000,1
12.819228,-25.465000,-64.188004,12.746000,107.921997,23.302000,28.194000,176.628998,0.000000,0.000000,0.000000,0.000000,0.000000,0.000000,0.120000,250.000000,-1010.000000,-153.000000,-1448.000000,240.000000,-43.000000,-21.000000,22.000000,22.000000,22.000000,22.000000,22.000000,22.000000,22.000000,37.000000,38.000000,39.000000,40.000000,40.000000,40.000000,43.000000,1,1,1,1,1,1,1,0,0,0,0,0,0,0,75,5400.357910,1217,0,1,0.577120,0.050000,-0.271999,3.063000,-0.289000,-0.009000,1
12.829175,-25.028000,-64.723999,12.624000,108.722000,23.174999,28.724001,176.496994,0.000000,0.000000,0.000000,0.000000,0.000000,0.000000,0.120000,250.000000,-1010.000000,-153.000000,-1448.000000,240.000000,-43.000000,-21.000000,22.000000,22.000000,22.000000,22.000000,22.000000,22.000000,22.000000,37.000000,38.000000,39.000000,40.000000,40.000000,40.000000,43.000000,1,1,1,1,1,1,1,0,0,0,0,0,0,0,75,5400.357910,1217,0,1,0.570001,0.049999,-0.272000,3.066000,-0.276000,-0.009000,1
12.839116,-24.608000,-65.237999,12.507000,109.492996,23.048000,29.252001,176.369995,0.000000,0.000000,0.000000,0.000000,0.000000,0.000000,0.120000,250.000000,-1010.000000,-153.000000,-1448.000000,240.000000,-43.000000,-21.000000,22.000000,22.000000,22.000000,22.000000,22.000000,22.000000,22.000000,37.000000,38.000000,39.000000,40.000000,40.000000,40.000000,43.000000,1,1,1,1,1,1,1,0,0,0,0,0,0,0,75,5400.357910,1220,0,1,0.563010,0.050000,-0.272000,3.068000,-0.263000,-0.009000,1
12.849056,-24.202999,-65.727997,12.396000,110.233002,22.924000,29.775000,176.248993,0.000000,0.000000,0.000000,0.000000,0.000000,0.000000,0.120000,250.000000,-1010.000000,-153.000000,-1448.000000,240.000000,-43.000000,-21.000000,22.000000,22.000000,22.000000,22.000000,22.000000,22.000000,22.000000,37.000000,38.000000,39.000000,40.000000,40.000000,40.000000,43.000000,1,1,1,1,1,1,1,0,0,0,0,0,0,0,75,5400.357910,1218,0,1,0.556159,0.049999,-0.271999,3.070000,-0.250000,-0.009000,1
12.859129,-23.815001,-66.195999,12.290000,110.945000,22.801001,30.291000,176.132996,0.000000,0.000000,0.000000,0.000000,0.000000,0.000000,0.120000,250.000000,-1010.000000,-153.000000,-1448.000000,240.000000,-43.000000,-21.000000,22.000000,22.000000,22.000000,22.000000,22.000000,22.000000,22.000000,37.000000,38.000000,39.000000,40.000000,40.000000,40.000000,43.000000,1,1,1,1,1,1,1,0,0,0,0,0,0,0,75,5400.357910,1217,0,1,0.549460,0.050000,-0.272000,3.073000,-0.237000,-0.008000,1
12.869279,-23.589001,-66.464996,12.229000,111.358002,22.729000,30.597000,176.065994,0.000000,0.000000,0.000000,0.000000,0.000000,0.000000,0.120000,250.000000,-1010.000000,-153.000000,-1448.000000,240.000000,-43.000000,-21.000000,22.000000,22.000000,22.000000,22.000000,22.000000,22.000000,22.000000,37.000000,38.000000,39.000000,40.000000,40.000000,40.000000,43.000000,1,1,1,1,1,1,1,0,0,0,0,0,0,0,75,5400.357910,1218,0,1,0.545518,0.049999,-0.272000,3.074000,-0.230000,-0.008000,1
12.879054,-23.014999,-67.141998,12.077000,112.407997,22.540001,31.392000,175.895996,0.000000,0.000000,0.000000,0.000000,0.000000,0.000000,0.120000,250.000000,-1010.000000,-153.000000,-1448.000000,240.000000,-43.000000,-21.000000,22.000000,22.000000,22.000000,22.000000,22.000000,22.000000,22.000000,37.000000,38.000000,39.000000,40.000000,40.000000,40.000000,43.000000,1,1,1,1,1,1,1,0,0,0,0,0,0,0,75,5400.359863,1218,0,1,0.535312,0.050000,-0.271999,3.078000,-0.210000,-0.008000,1
12.889139,-22.677000,-67.535004,11.989000,113.028999,22.426001,31.872999,175.796005,0.000000,0.000000,0.000000,0.000000,0.000000,0.000000,0.120000,250.000000,-1010.000000,-153.000000,-1448.000000,240.000000,-43.000000,-21.000000,22.000000,22.000000,22.000000,22.000000,22.000000,22.000000,22.000000,37.000000,38.000000,39.000000,40.000000,40.000000,40.000000,43.000000,1,1,1,1,1,1,1,0,0,0,0,0,0,0,75,5400.359863,1217,0,1,0.529171,0.049999,-0.271999,3.080000,-0.198000,-0.007000,1
12.899133,-22.353001,-67.904999,11.906000,113.621002,22.315001,32.339001,175.701004,0.000000,0.000000,0.000000,0.000000,0.000000,0.000000,0.120000,250.000000,-1010.000000,-153.000000,-1448.000000,240.000000,-43.000000,-21.000000,22.000000,22.000000,22.000000,22.000000,22.000000,22.000000,22.000000,37.000000,38.000000,39.000000,40.000000,40.000000,40.000000,43.000000,1,1,1,1,1,1,1,0,0,0,0,0,0,0,75,5400.359863,1218,0,1,0.523225,0.049999,-0.272000,3.082000,-0.187000,-0.007000,1
12.909175,-22.045000,-68.251999,11.829000,114.185997,22.208000,32.789001,175.610992,0.000000,0.000000,0.000000,0.000000,0.000000,0.000000,0.120000,250.000000,-1010.000000,-153.000000,-1448.000000,240.000000,-43.000000,-21.000000,22.000000,22.000000,22.000000,22.000000,22.000000,22.000000,22.000000,37.000000,38.000000,39.000000,40.000000,40.000000,40.000000,43.000000,1,1,1,1,1,1,1,0,0,0,0,0,0,0,75,5400.357910,1217,0,1,0.517483,0.049999,-0.272000,3.085000,-0.175000,-0.007000,1
12.919131,-21.694000,-68.639000,11.743000,114.828003,22.084000,33.306000,175.507996,0.000000,0.000000,0.000000,0.000000,0.000000,0.000000,0.120000,250.000000,-1010.000000,-153.000000,-1448.000000,240.000000,-43.000000,-21.000000,22.000000,22.000000,22.000000,22.000000,22.000000,22.000000,22.000000,37.000000,38.000000,39.000000,40.000000,40.000000,40.000000,43.000000,1,1,1,1,1,1,1,0,0,0,0,0,0,0,75,5400.357910,1218,0,1,0.510869,0.049999,-0.272000,3.087000,-0.162000,-0.006000,1
12.929109,-21.582001,-68.761002,11.716000,115.033997,22.044001,33.472000,175.475998,0.000000,0.000000,0.000000,0.000000,0.000000,0.000000,0.120000,250.000000,-1010.000000,-153.000000,-1448.000000,240.000000,-43.000000,-21.000000,22.000000,22.000000,22.000000,22.000000,22.000000,22.000000,22.000000,37.000000,38.000000,39.000000,40.000000,40.000000,40.000000,43.000000,1,1,1,1,1,1,1,0,0,0,0,0,0,0,75,5400.359863,1218,0,1,0.508734,0.049999,-0.272000,3.088000,-0.158000,-0.006000,1
12.939217,-21.260000,-69.106003,11.639000,115.625000,21.927999,33.953999,175.382004,0.000000,0.000000,0.000000,0.000000,0.000000,0.000000,0.120000,250.000000,-1010.000000,-153.000000,-1448.000000,240.000000,-43.000000,-21.000000,22.000000,22.000000,22.000000,22.000000,22.000000,22.000000,22.000000,37.000000,38.000000,39.000000,40.000000,40.000000,40.000000,43.000000,1,1,1,1,1,1,1,0,0,0,0,0,0,0,75,5400.357910,1218,0,1,0.502543,0.050000,-0.271999,3.090000,-0.146000,-0.005000,1
12.949114,-21.007000,-69.371002,11.581000,116.089996,21.834999,34.334000,175.307999,0.000000,0.000000,0.000000,0.000000,0.000000,0.000000,0.120000,250.000000,-1010.000000,-153.000000,-1448.000000,240.000000,-43.000000,-21.000000,22.000000,22.000000,22.000000,22.000000,22.000000,22.000000,22.000000,37.000000,38.000000,39.000000,40.000000,40.000000,40.000000,43.000000,1,1,1,1,1,1,1,0,0,0,0,0,0,0,75,5400.359863,1217,0,1,0.497632,0.049999,-0.271999,3.092000,-0.136000,-0.005000,1
12.959127,-20.768000,-69.615997,11.527000,116.528999,21.747000,34.695000,175.238998,0.000000,0.000000,0.000000,0.000000,0.000000,0.000000,0.120000,250.000000,-1010.000000,-153.000000,-1448.000000,240.000000,-43.000000,-21.000000,22.000000,22.000000,22.000000,22.000000,22.000000,22.000000,22.000000,37.000000,38.000000,39.000000,40.000000,40.000000,40.000000,43.000000,1,1,1,1,1,1,1,0,0,0,0,0,0,0,75,5400.357910,1218,0,1,0.492953,0.050000,-0.271999,3.094000,-0.127000,-0.005000,1
12.969194,-20.542000,-69.841003,11.477000,116.942001,21.662001,35.035000,175.173996,0.000000,0.000000,0.000000,0.000000,0.000000,0.000000,0.120000,250.000000,-1010.000000,-153.000000,-1448.000000,240.000000,-43.000000,-21.000000,22.000000,22.000000,22.000000,22.000000,22.000000,22.000000,22.000000,37.000000,38.000000,39.000000,40.000000,40.000000,40.000000,43.000000,1,1,1,1,1,1,1,0,0,0,0,0,0,0,75,5400.357910,1217,0,1,0.488509,0.050000,-0.271999,3.095000,-0.118000,-0.004000,1
12.979205,-20.330000,-70.049004,11.432000,117.331001,21.582001,35.355000,175.113998,0.000000,0.000000,0.000000,0.000000,0.000000,0.000000,0.120000,250.000000,-1010.000000,-153.000000,-1448.000000,240.000000,-43.000000,-21.000000,22.000000,22.000000,22.000000,22.000000,22.000000,22.000000,22.000000,37.000000,38.000000,39.000000,40.000000,40.000000,40.000000,43.000000,1,1,1,1,1,1,1,0,0,0,0,0,0,0,75,5400.359863,1218,0,1,0.484302,0.050000,-0.272000,3.097000,-0.109000,-0.004000,1
12.989033,-20.132000,-70.237999,11.391000,117.695999,21.506001,35.654999,175.057999,0.000000,0.000000,0.000000,0.000000,0.000000,0.000000,0.120000,250.000000,-1010.000000,-153.000000,-1448.000000,240.000000,-43.000000,-21.000000,22.000000,22.000000,22.000000,22.000000,22.000000,22.000000,22.000000,37.000000,38.000000,39.000000,40.000000,40.000000,40.000000,43.000000,1,1,1,1,1,1,1,0,0,0,0,0,0,0,75,5400.359863,1218,0,1,0.480333,0.050000,-0.272000,3.099000,-0.101000,-0.004000,1
12.999108,-19.910999,-70.444000,11.346000,118.101997,21.420000,35.988998,174.994995,0.000000,0.000000,0.000000,0.000000,0.000000,0.000000,0.120000,250.000000,-1010.000000,-153.000000,-1448.000000,240.000000,-43.000000,-21.000000,22.000000,22.000000,22.000000,22.000000,22.000000,22.000000,22.000000,37.000000,38.000000,39.000000,40.000000,40.000000,40.000000,43.000000,1,1,1,1,1,1,1,0,0,0,0,0,0,0,75,5400.359863,1218,0,1,0.475885,0.050000,-0.272000,3.100000,-0.092000,-0.003000,1
13.009101,-19.740000,-70.598000,11.313000,118.414001,21.353001,36.244999,174.947998,0.000000,0.000000,0.000000,0.000000,0.000000,0.000000,0.120000,250.000000,-1010.000000,-153.000000,-1448.000000,240.000000,-43.000000,-21.000000,22.000000,22.000000,22.000000,22.000000,22.000000,22.000000,22.000000,37.000000,38.000000,39.000000,40.000000,40.000000,40.000000,43.000000,1,1,1,1,1,1,1,0,0,0,0,0,0,0,75,5400.357910,1218,0,1,0.472442,0.050000,-0.271999,3.102000,-0.085000,-0.003000,1
13.019221,-19.643999,-70.682999,11.295000,118.589996,21.315001,36.389999,174.921997,0.000000,0.000000,0.000000,0.000000,0.000000,0.000000,0.120000,250.000000,-1010.000000,-153.000000,-1448.000000,240.000000,-43.000000,-21.000000,22.000000,22.000000,22.000000,22.000000,22.000000,22.000000,22.000000,37.000000,38.000000,39.000000,40.000000,40.000000,40.000000,43.000000,1,1,1,1,1,1,1,0,0,0,0,0,0,0,75,5400.357910,1218,0,1,0.470490,0.049999,-0.272000,3.102000,-0.081000,-0.003000,1
13.029210,-19.492001,-70.814003,11.267000,118.866997,21.254000,36.615002,174.880997,0.000000,0.000000,0.000000,0.000000,0.000000,0.000000,0.120000,250.000000,-1010.000000,-153.000000,-1448.000000,240.000000,-43.000000,-21.000000,22.000000,22.000000,22.000000,22.000000,22.000000,22.000000,22.000000,37.000000,38.000000,39.000000,40.000000,40.000000,40.000000,43.000000,1,1,1,1,1,1,1,0,0,0,0,0,0,0,75,5400.359863,1218,0,1,0.467424,0.050000,-0.271999,3.104000,-0.075000,-0.002000,1
13.039017,-19.326000,-70.954002,11.237000,119.168999,21.186001,36.861000,174.837006,0.000000,0.000000,0.000000,0.000000,0.000000,0.000000,0.120000,250.000000,-1010.000000,-153.000000,-1448.000000,240.000000,-43.000000,-21.000000,22.000000,22.000000,22.000000,22.000000,22.000000,22.000000,22.000000,37.000000,38.000000,39.000000,40.000000,40.000000,40.000000,43.000000,1,1,1,1,1,1,1,0,0,0,0,0,0,0,75,5400.359863,1217,0,1,0.464053,0.049999,-0.272000,3.105000,-0.068000,-0.002000,1
13.049058,-19.200001,-71.056999,11.215000,119.397003,21.134001,37.046001,174.804993,0.000000,0.000000,0.000000,0.000000,0.000000,0.000000,0.120000,250.000000,-1010.000000,-153.000000,-1448.000000,240.000000,-43.000000,-21.000000,22.000000,22.000000,22.000000,22.000000,22.000000,22.000000,22.000000,37.000000,38.000000,39.000000,40.000000,40.000000,40.000000,43.000000,1,1,1,1,1,1,1,0,0,0,0,0,0,0,75,5400.357910,1218,0,1,0.461494,0.050000,-0.272000,3.106000,-0.063000,-0.002000,1
13.059137,-19.084999,-71.149002,11.196000,119.605003,21.084999,37.214001,174.776993,0.000000,0.000000,0.000000,0.000000,0.000000,0.000000,0.120000,250.000000,-1010.000000,-153.000000,-1448.000000,240.000000,-43.000000,-21.000000,22.000000,22.000000,22.000000,22.000000,22.000000,22.000000,22.000000,37.000000,38.000000,39.000000,40.000000,40.000000,40.000000,43.000000,1,1,1,1,1,1,1,0,0,0,0,0,0,0,75,5400.359863,1218,0,1,0.459159,0.050000,-0.272000,3.107000,-0.058000,-0.001000,1
13.069184,-18.961000,-71.245003,11.177000,119.828003,21.032000,37.394001,174.748001,0.000000,0.000000,0.000000,0.000000,0.000000,0.000000,0.120000,250.000000,-1010.000000,-153.000000,-1448.000000,240.000000,-43.000000,-21.000000,22.000000,22.000000,22.000000,22.000000,22.000000,22.000000,22.000000,37.000000,38.000000,39.000000,40.000000,40.000000,40.000000,43.000000,1,1,1,1,1,1,1,0,0,0,0,0,0,0,75,5400.357910,1217,0,1,0.456642,0.049999,-0.272000,3.108000,-0.053000,-0.001000,1
13.079056,-18.868000,-71.314003,11.163000,119.992996,20.990000,37.526001,174.727997,0.000000,0.000000,0.000000,0.000000,0.000000,0.000000,0.120000,250.000000,-1010.000000,-153.000000,-1448.000000,240.000000,-43.000000,-21.000000,22.000000,22.000000,22.000000,22.000000,22.000000,22.000000,22.000000,37.000000,38.000000,39.000000,40.000000,40.000000,40.000000,43.000000,1,1,1,1,1,1,1,0,0,0,0,0,0,0,75,5400.357910,1217,0,1,0.454775,0.050000,-0.272000,3.109000,-0.049000,-0.001000,1
13.089056,-18.785000,-71.374001,11.151000,120.139999,20.952000,37.643002,174.710999,0.000000,0.000000,0.000000,0.000000,0.000000,0.000000,0.120000,250.000000,-1010.000000,-153.000000,-1448.000000,240.000000,-43.000000,-21.000000,22.000000,22.000000,22.000000,22.000000,22.000000,22.000000,22.000000,37.000000,38.000000,39.000000,40.000000,40.000000,40.000000,43.000000,1,1,1,1,1,1,1,0,0,0,0,0,0,0,75,5400.357910,1218,0,1,0.453110,0.050000,-0.272000,3.109000,-0.045000,-0.001000,1
13.099057,-18.739000,-71.406998,11.145000,120.220001,20.931000,37.706001,174.701996,0.000000,0.000000,0.000000,0.000000,0.000000,0.000000,0.120000,250.000000,-1010.000000,-153.000000,-1448.000000,240.000000,-43.000000,-21.000000,22.000000,22.000000,22.000000,22.000000,22.000000,22.000000,22.000000,37.000000,38.000000,39.000000,40.000000,40.000000,40.000000,43.000000,1,1,1,1,1,1,1,0,0,0,0,0,0,0,75,5400.357910,1218,0,1,0.452204,0.050000,-0.272000,3.110000,-0.044000,0.000000,1
13.109079,-18.670000,-71.454002,11.136000,120.338997,20.898001,37.800999,174.690994,0.000000,0.000000,0.000000,0.000000,0.000000,0.000000,0.120000,250.000000,-1010.000000,-153.000000,-1448.000000,240.000000,-43.000000,-21.000000,22.000000,22.000000,22.000000,22.000000,22.000000,22.000000,22.000000,37.000000,38.000000,39.000000,40.000000,40.000000,40.000000,43.000000,1,1,1,1,1,1,1,0,0,0,0,0,0,0,75,5400.357910,1218,0,1,0.450842,0.049999,-0.272000,3.110000,-0.041000,0.000000,1
13.119079,-18.608999,-71.495003,11.129000,120.443001,20.867001,37.882000,174.682999,0.000000,0.000000,0.000000,0.000000,0.000000,0.000000,0.120000,250.000000,-1010.000000,-153.000000,-1448.000000,240.000000,-43.000000,-21.000000,22.000000,22.000000,22.000000,22.000000,22.000000,22.000000,22.000000,37.000000,38.000000,39.000000,40.000000,40.000000,40.000000,43.000000,1,1,1,1,1,1,1,0,0,0,0,0,0,0,75,5400.357910,1218,0,1,0.449659,0.049999,-0.272000,3.111000,-0.038000,0.000000,1
13.129072,-18.546000,-71.535004,11.123000,120.547997,20.833000,37.964001,174.677002,0.000000,0.000000,0.000000,0.000000,0.000000,0.000000,0.120000,250.000000,-1010.000000,-153.000000,-1448.000000,240.000000,-43.000000,-21.000000,22.000000,22.000000,22.000000,22.000000,22.000000,22.000000,22.000000,37.000000,38.000000,39.000000,40.000000,40.000000,40.000000,43.000000,1,1,1,1,1,1,1,0,0,0,0,0,0,0,75,5400.359863,1217,0,1,0.448459,0.050000,-0.272000,3.111000,-0.036000,0.000000,1
13.139125,-18.502001,-71.563004,11.119000,120.621002,20.808001,38.020000,174.675003,0.000000,0.000000,0.000000,0.000000,0.000000,0.000000,0.120000,250.000000,-1010.000000,-153.000000,-1448.000000,240.000000,-43.000000,-21.000000,22.000000,22.000000,22.000000,22.000000,22.000000,22.000000,22.000000,37.000000,38.000000,39.000000,40.000000,40.000000,40.000000,43.000000,1,1,1,1,1,1,1,0,0,0,0,0,0,0,75,5400.359863,1217,0,1,0.447630,0.050000,-0.272000,3.111000,-0.034000,0.000000,1
13.149056,-18.462999,-71.584999,11.116000,120.681000,20.785000,38.064999,174.675003,0.000000,0.000000,0.000000,0.000000,0.000000,0.000000,0.120000,250.000000,-1010.000000,-153.000000,-1448.000000,240.000000,-43.000000,-21.000000,22.000000,22.000000,22.000000,22.000000,22.000000,22.000000,22.000000,37.000000,38.000000,39.000000,40.000000,40.000000,40.000000,43.000000,1,1,1,1,1,1,1,0,0,0,0,0,0,0,75,5400.360840,1217,0,1,0.446943,0.050000,-0.271999,3.112000,-0.033000,0.000000,1
13.159035,-18.431000,-71.602997,11.115000,120.728996,20.764000,38.101002,174.677994,0.000000,0.000000,0.000000,0.000000,0.000000,0.000000,0.120000,250.000000,-1010.000000,-153.000000,-1448.000000,240.000000,-43.000000,-21.000000,22.000000,22.000000,22.000000,22.000000,22.000000,22.000000,22.000000,37.000000,38.000000,39.000000,40.000000,40.000000,40.000000,43.000000,1,1,1,1,1,1,1,0,0,0,0,0,0,0,75,5400.359863,1218,0,1,0.446386,0.050000,-0.272000,3.112000,-0.031000,0.000000,1
13.169187,-18.403999,-71.615997,11.115000,120.767998,20.745001,38.129002,174.682999,0.000000,0.000000,0.000000,0.000000,0.000000,0.000000,0.120000,250.000000,-1010.000000,-153.000000,-1448.000000,240.000000,-43.000000,-21.000000,22.000000,22.000000,22.000000,22.000000,22.000000,22.000000,22.000000,37.000000,38.000000,39.000000,40.000000,40.000000,40.000000,43.000000,1,1,1,1,1,1,1,0,0,0,0,0,0,0,75,5400.359863,1218,0,1,0.445946,0.050000,-0.272000,3.112000,-0.030000,0.000000,1
13.179066,-18.378000,-71.627998,11.115000,120.802002,20.723000,38.153000,174.690994,0.000000,0.000000,0.000000,0.000000,0.000000,0.000000,0.120000,250.000000,-1010.000000,-153.000000,-1448.000000,240.000000,-43.000000,-21.000000,22.000000,22.000000,22.000000,22.000000,22.000000,22.000000,22.000000,37.000000,38.000000,39.000000,40.000000,40.000000,40.000000,43.000000,1,1,1,1,1,1,1,0,0,0,0,0,0,0,75,5400.357910,1217,0,1,0.445555,0.050000,-0.272000,3.112000,-0.030000,0.000000,1
13.189061,-18.361000,-71.635002,11.117000,120.822998,20.707001,38.166000,174.699005,0.000000,0.000000,0.000000,0.000000,0.000000,0.000000,0.120000,250.000000,-1010.000000,-153.000000,-1448.000000,240.000000,-43.000000,-21.000000,22.000000,22.000000,22.000000,22.000000,22.000000,22.000000,22.000000,37.000000,38.000000,39.000000,40.000000,40.000000,40.000000,43.000000,1,1,1,1,1,1,1,0,0,0,0,0,0,0,75,5400.357910,1217,0,1,0.445326,0.049999,-0.272000,3.112000,-0.029000,0.000000,1
13.199041,-18.347000,-71.639000,11.119000,120.836998,20.691999,38.173000,174.709000,0.000000,0.000000,0.000000,0.000000,0.000000,0.000000,0.120000,250.000000,-1010.000000,-153.000000,-1448.000000,240.000000,-43.000000,-21.000000,22.000000,22.000000,22.000000,22.000000,22.000000,22.000000,22.000000,37.000000,38.000000,39.000000,40.000000,40.000000,40.000000,43.000000,1,1,1,1,1,1,1,0,0,0,0,0,0,0,75,5400.357910,1217,0,1,0.445172,0.049999,-0.272000,3.112000,-0.029000,0.000000,1
13.209070,-18.334999,-71.640999,11.122000,120.846001,20.677999,38.175999,174.720001,0.000000,0.000000,0.000000,0.000000,0.000000,0.000000,0.120000,250.000000,-1010.000000,-153.000000,-1448.000000,240.000000,-43.000000,-21.000000,22.000000,22.000000,22.000000,22.000000,22.000000,22.000000,22.000000,37.000000,38.000000,39.000000,40.000000,40.000000,40.000000,43.000000,1,1,1,1,1,1,1,0,0,0,0,0,0,0,75,5400.357910,1218,0,1,0.445076,0.049999,-0.272000,3.112000,-0.029000,0.000000,1
13.219063,-18.326000,-71.641998,11.125000,120.850998,20.665001,38.175999,174.731995,0.000000,0.000000,0.000000,0.000000,0.000000,0.000000,0.120000,250.000000,-1010.000000,-153.000000,-1448.000000,240.000000,-43.000000,-21.000000,22.000000,22.000000,22.000000,22.000000,22.000000,22.000000,22.000000,37.000000,38.000000,39.000000,40.000000,40.000000,40.000000,43.000000,1,1,1,1,1,1,1,0,0,0,0,0,0,0,75,5400.357910,1217,0,1,0.445025,0.050000,-0.272000,3.112000,-0.029000,0.000000,1
13.229028,-18.320999,-71.641998,11.127000,120.851997,20.657000,38.174999,174.738998,0.000000,0.000000,0.000000,0.000000,0.000000,0.000000,0.120000,250.000000,-1010.000000,-153.000000,-1448.000000,240.000000,-43.000000,-21.000000,22.000000,22.000000,22.000000,22.000000,22.000000,22.000000,22.000000,37.000000,38.000000,39.000000,40.000000,40.000000,40.000000,43.000000,1,1,1,1,1,1,1,0,0,0,0,0,0,0,75,5400.357910,1218,0,1,0.445010,0.050000,-0.272000,3.112000,-0.029000,0.000000,1
13.239055,-18.313999,-71.640999,11.131000,120.853996,20.643999,38.173000,174.751999,0.000000,0.000000,0.000000,0.000000,0.000000,0.000000,0.120000,250.000000,-1010.000000,-153.000000,-1448.000000,240.000000,-43.000000,-21.000000,22.000000,22.000000,22.000000,22.000000,22.000000,22.000000,22.000000,37.000000,38.000000,39.000000,40.000000,40.000000,40.000000,43.000000,1,1,1,1,1,1,1,0,0,0,0,0,0,0,75,5400.360840,1217,0,1,0.444999,0.050000,-0.272000,3.113000,-0.029000,0.000000,1
13.249254,-18.311001,-71.640999,11.132000,120.853996,20.639000,38.171001,174.757004,0.000000,0.000000,0.000000,0.000000,0.000000,0.000000,0.000000,369.000000,-1209.000000,78.000000,-1435.000000,220.000000,-101.000000,-66.000000,22.000000,22.000000,22.000000,22.000000,22.000000,22.000000,22.000000,37.000000,38.000000,39.000000,40.000000,40.000000,40.000000,43.000000,1,1,1,1,1,1,1,0,0,0,0,0,0,0,75,5400.359863,1218,0,1,0.444999,0.049999,-0.272000,3.113000,-0.028000,0.000000,0
13.260187,-18.311001,-71.640999,11.132000,120.853996,20.639000,38.171001,174.757004,0.000000,0.000000,0.000000,0.000000,0.000000,0.000000,0.120000,369.000000,-1207.000000,86.000000,-1427.000000,226.000000,-99.000000,-68.000000,22.000000,22.000000,22.000000,22.000000,22.000000,22.000000,22.000000,37.000000,38.000000,39.000000,40.000000,40.000000,40.000000,43.000000,1,1,1,1,1,1,1,0,0,0,0,0,0,0,75,5400.357910,1217,0,1,0.444999,0.049999,-0.272000,3.113000,-0.028000,0.000000,0
13.270103,-18.311001,-71.640999,11.132000,120.853996,20.639000,38.171001,174.757004,0.000000,0.000000,0.000000,0.000000,0.000000,0.000000,0.120000,368.000000,-1203.000000,72.000000,-1410.000000,222.000000,-104.000000,-58.000000,22.000000,22.000000,22.000000,22.000000,22.000000,22.000000,22.000000,37.000000,38.000000,39.000000,40.000000,40.000000,40.000000,43.000000,1,1,1,1,1,1,1,0,0,0,0,0,0,0,75,5400.357910,1217,0,1,0.444999,0.049999,-0.272000,3.113000,-0.028000,0.000000,0
13.280210,-18.311001,-71.640999,11.132000,120.853996,20.639000,38.171001,174.757004,0.000000,0.000000,0.000000,0.000000,0.000000,0.000000,-0.240000,368.000000,-1215.000000,63.000000,-1406.000000,219.000000,-105.000000,-64.000000,22.000000,22.000000,22.000000,22.000000,22.000000,22.000000,22.000000,37.000000,38.000000,39.000000,40.000000,40.000000,40.000000,43.000000,1,1,1,1,1,1,1,0,0,0,0,0,0,0,75,5400.359863,1218,0,1,0.444999,0.049999,-0.272000,3.113000,-0.028000,0.000000,0
13.290098,-18.311001,-71.640999,11.132000,120.853996,20.639000,38.171001,174.757004,0.000000,0.000000,0.000000,0.000000,0.000000,0.000000,0.000000,366.000000,-1205.000000,43.000000,-1420.000000,221.000000,-105.000000,-66.000000,22.000000,22.000000,22.000000,22.000000,22.000000,22.000000,22.000000,37.000000,38.000000,39.000000,40.000000,40.000000,40.000000,43.000000,1,1,1,1,1,1,1,0,0,0,0,0,0,0,75,5400.357910,1218,0,1,0.444999,0.049999,-0.272000,3.113000,-0.028000,0.000000,0
13.300087,-18.311001,-71.640999,11.132000,120.853996,20.639000,38.171001,174.757004,0.000000,0.000000,0.000000,0.000000,0.000000,0.000000,0.000000,367.000000,-1212.000000,84.000000,-1408.000000,221.000000,-104.000000,-65.000000,22.000000,22.000000,22.000000,22.000000,22.000000,22.000000,22.000000,37.000000,38.000000,39.000000,40.000000,40.000000,40.000000,43.000000,1,1,1,1,1,1,1,0,0,0,0,0,0,0,75,5400.359863,1217,0,1,0.444999,0.049999,-0.272000,3.113000,-0.028000,0.000000,0
13.310114,-18.311001,-71.640999,11.132000,120.853996,20.639000,38.171001,174.757004,0.000000,0.000000,0.000000,0.000000,0.000000,0.000000,-0.120000,378.000000,-1205.000000,47.000000,-1401.000000,224.000000,-107.000000,-65.000000,22.000000,22.000000,22.000000,22.000000,22.000000,22.000000,22.000000,37.000000,38.000000,39.000000,40.000000,40.000000,40.000000,43.000000,1,1,1,1,1,1,1,0,0,0,0,0,0,0,75,5400.359863,1218,0,1,0.444999,0.049999,-0.272000,3.113000,-0.028000,0.000000,0
13.320036,-18.311001,-71.640999,11.132000,120.853996,20.639000,38.171001,174.757004,0.000000,0.000000,0.000000,0.000000,0.000000,0.000000,0.000000,373.000000,-1205.000000,52.000000,-1417.000000,228.000000,-100.000000,-67.000000,22.000000,22.000000,22.000000,22.000000,22.000000,22.000000,22.000000,37.000000,38.000000,39.000000,40.000000,40.000000,40.000000,43.000000,1,1,1,1,1,1,1,0,0,0,0,0,0,0,75,5400.357910,1217,0,1,0.444999,0.049999,-0.272000,3.113000,-0.028000,0.000000,0
13.330111,-18.311001,-71.640999,11.132000,120.853996,20.639000,38.171001,174.757004,0.000000,0.000000,0.000000,0.000000,0.000000,0.000000,0.000000,371.000000,-1203.000000,54.000000,-1411.000000,231.000000,-103.000000,-73.000000,22.000000,22.000000,22.000000,22.000000,22.000000,22.000000,22.000000,37.000000,38.000000,39.000000,40.000000,40.000000,40.000000,43.000000,1,1,1,1,1,1,1,0,0,0,0,0,0,0,75,5400.359863,1218,0,1,0.444999,0.049999,-0.272000,3.113000,-0.028000,0.000000,0
13.340099,-18.311001,-71.640999,11.132000,120.853996,20.639000,38.171001,174.757004,0.000000,0.000000,0.000000,0.000000,0.000000,0.000000,0.000000,371.000000,-1209.000000,47.000000,-1419.000000,219.000000,-103.000000,-65.000000,22.000000,22.000000,22.000000,22.000000,22.000000,22.000000,22.000000,37.000000,38.000000,39.000000,40.000000,40.000000,40.000000,43.000000,1,1,1,1,1,1,1,0,0,0,0,0,0,0,75,5400.359863,1217,0,1,0.444999,0.049999,-0.272000,3.113000,-0.028000,0.000000,0
13.350036,-18.311001,-71.640999,11.132000,120.853996,20.639000,38.171001,174.757004,0.000000,0.000000,0.000000,0.000000,0.000000,0.000000,0.120000,370.000000,-1210.000000,52.000000,-1423.000000,229.000000,-101.000000,-67.000000,22.000000,22.000000,22.000000,22.000000,22.000000,22.000000,22.000000,37.000000,38.000000,39.000000,40.000000,40.000000,40.000000,43.000000,1,1,1,1,1,1,1,0,0,0,0,0,0,0,75,5400.357910,1218,0,1,0.444999,0.049999,-0.272000,3.113000,-0.028000,0.000000,0
13.360106,-18.311001,-71.640999,11.132000,120.853996,20.639000,38.171001,174.757004,0.000000,0.000000,0.000000,0.000000,0.000000,0.000000,0.000000,375.000000,-1217.000000,73.000000,-1417.000000,222.000000,-92.000000,-71.000000,22.000000,22.000000,22.000000,22.000000,22.000000,22.000000,22.000000,37.000000,38.000000,39.000000,40.000000,40.000000,40.000000,43.000000,1,1,1,1,1,1,1,0,0,0,0,0,0,0,75,5400.359863,1217,0,1,0.444999,0.049999,-0.272000,3.113000,-0.028000,0.000000,0
13.370177,-18.311001,-71.640999,11.132000,120.853996,20.639000,38.171001,174.757004,0.000000,0.000000,0.000000,0.000000,0.000000,0.000000,0.000000,374.000000,-1214.000000,73.000000,-1429.000000,234.000000,-107.000000,-68.000000,22.000000,22.000000,22.000000,22.000000,22.000000,22.000000,22.000000,37.000000,38.000000,39.000000,40.000000,40.000000,40.000000,43.000000,1,1,1,1,1,1,1,0,0,0,0,0,0,0,75,5400.357910,1218,0,1,0.444999,0.049999,-0.272000,3.113000,-0.028000,0.000000,0
13.380051,-18.311001,-71.640999,11.132000,120.853996,20.639000,38.171001,174.757004,0.000000,0.000000,0.000000,0.000000,0.000000,0.000000,0.120000,378.000000,-1223.000000,89.000000,-1427.000000,221.000000,-108.000000,-68.000000,22.000000,22.000000,22.000000,22.000000,22.000000,22.000000,22.000000,37.000000,38.000000,39.000000,40.000000,40.000000,40.000000,43.000000,1,1,1,1,1,1,1,0,0,0,0,0,0,0,75,5400.359863,1218,0,1,0.444999,0.049999,-0.272000,3.113000,-0.028000,0.000000,0
13.390071,-18.311001,-71.640999,11.132000,120.853996,20.639000,38.171001,174.757004,0.000000,0.000000,0.000000,0.000000,0.000000,0.000000,0.000000,379.000000,-1219.000000,51.000000,-1434.000000,225.000000,-107.000000,-78.000000,22.000000,22.000000,22.000000,22.000000,22.000000,22.000000,22.000000,37.000000,38.000000,39.000000,40.000000,40.000000,40.000000,43.000000,1,1,1,1,1,1,1,0,0,0,0,0,0,0,75,5400.357910,1217,0,1,0.444999,0.049999,-0.272000,3.113000,-0.028000,0.000000,0
13.400147,-18.311001,-71.640999,11.132000,120.853996,20.639000,38.171001,174.757004,0.000000,0.000000,0.000000,0.000000,0.000000,0.000000,0.240000,377.000000,-1213.000000,95.000000,-1431.000000,226.000000,-108.000000,-63.000000,22.000000,22.000000,22.000000,22.000000,22.000000,22.000000,22.000000,37.000000,38.000000,39.000000,40.000000,40.000000,40.000000,43.000000,1,1,1,1,1,1,1,0,0,0,0,0,0,0,75,5400.357910,1218,0,1,0.444999,0.049999,-0.272000,3.113000,-0.028000,0.000000,0
13.410104,-18.311001,-71.640999,11.132000,120.853996,20.639000,38.171001,174.757004,0.000000,0.000000,0.000000,0.000000,0.000000,0.000000,-0.240000,376.000000,-1217.000000,69.000000,-1422.000000,224.000000,-102.000000,-70.000000,22.000000,22.000000,22.000000,22.000000,22.000000,22.000000,22.000000,37.000000,38.000000,39.000000,40.000000,40.000000,40.000000,43.000000,1,1,1,1,1,1,1,0,0,0,0,0,0,0,75,5400.357910,1217,0,1,0.444999,0.049999,-0.272000,3.113000,-0.028000,0.000000,0
13.420046,-18.311001,-71.640999,11.132000,120.853996,20.639000,38.171001,174.757004,0.000000,0.000000,0.000000,0.000000,0.000000,0.000000,0.240000,376.000000,-1220.000000,75.000000,-1430.000000,226.000000,-101.000000,-60.000000,22.000000,22.000000,22.000000,22.000000,22.000000,22.000000,22.000000,37.000000,38.000000,39.000000,40.000000,40.000000,40.000000,43.000000,1,1,1,1,1,1,1,0,0,0,0,0,0,0,75,5400.359863,1218,0,1,0.444999,0.049999,-0.272000,3.113000,-0.028000,0.000000,0
13.430093,-18.311001,-71.640999,11.132000,120.853996,20.639000,38.171001,174.757004,0.000000,0.000000,0.000000,0.000000,0.000000,0.000000,0.000000,374.000000,-1216.000000,98.000000,-1428.000000,221.000000,-105.000000,-54.000000,22.000000,22.000000,22.000000,22.000000,22.000000,22.000000,22.000000,37.000000,38.000000,39.000000,40.000000,40.000000,40.000000,43.000000,1,1,1,1,1,1,1,0,0,0,0,0,0,0,75,5400.359863,1217,0,1,0.444999,0.049999,-0.272000,3.113000,-0.028000,0.000000,0
13.440113,-18.311001,-71.640999,11.132000,120.853996,20.639000,38.171001,174.757004,0.000000,0.000000,0.000000,0.000000,0.000000,0.000000,-0.120000,372.000000,-1220.000000,96.000000,-1424.000000,227.000000,-105.000000,-61.000000,22.000000,22.000000,22.000000,22.000000,22.000000,22.000000,22.000000,37.000000,38.000000,39.000000,40.000000,40.000000,40.000000,43.000000,1,1,1,1,1,1,1,0,0,0,0,0,0,0,75,5400.357910,1218,0,1,0.444999,0.049999,-0.272000,3.113000,-0.028000,0.000000,0
13.450103,-18.311001,-71.640999,11.132000,120.853996,20.639000,38.171001,174.757004,0.000000,0.000000,0.000000,0.000000,0.000000,0.000000,0.000000,368.000000,-1217.000000,93.000000,-1426.000000,229.000000,-104.000000,-67.000000,22.000000,22.000000,22.000000,22.000000,22.000000,22.000000,22.000000,37.000000,38.000000,39.000000,40.000000,40.000000,40.000000,43.000000,1,1,1,1,1,1,1,0,0,0,0,0,0,0,75,5400.359863,1217,0,1,0.444999,0.049999,-0.272000,3.113000,-0.028000,0.000000,0
13.460020,-18.311001,-71.640999,11.132000,120.853996,20.639000,38.171001,174.757004,0.000000,0.000000,0.000000,0.000000,0.000000,0.000000,0.120000,369.000000,-1209.000000,82.000000,-1444.000000,223.000000,-103.000000,-54.000000,22.000000,22.000000,22.000000,22.000000,22.000000,22.000000,22.000000,37.000000,38.000000,39.000000,40.000000,40.000000,40.000000,43.000000,1,1,1,1,1,1,1,0,0,0,0,0,0,0,75,5400.359863,1217,0,1,0.444999,0.049999,-0.272000,3.113000,-0.028000,0.000000,0
13.470084,-18.311001,-71.640999,11.132000,120.853996,20.639000,38.171001,174.757004,0.000000,0.000000,0.000000,0.000000,0.000000,0.000000,0.000000,368.000000,-1214.000000,76.000000,-1434.000000,223.000000,-99.000000,-51.000000,22.000000,22.000000,22.000000,22.000000,22.000000,22.000000,22.000000,37.000000,38.000000,39.000000,40.000000,40.000000,40.000000,43.000000,1,1,1,1,1,1,1,0,0,0,0,0,0,0,75,5400.357910,1217,0,1,0.444999,0.049999,-0.272000,3.113000,-0.028000,0.000000,0
13.480085,-18.311001,-71.640999,11.132000,120.853996,20.639000,38.171001,174.757004,0.000000,0.000000,0.000000,0.000000,0.000000,0.000000,0.240000,365.000000,-1216.000000,80.000000,-1425.000000,222.000000,-110.000000,-61.000000,22.000000,22.000000,22.000000,22.000000,22.000000,22.000000,22.000000,37.000000,38.000000,39.000000,40.000000,40.000000,40.000000,43.000000,1,1,1,1,1,1,1,0,0,0,0,0,0,0,75,5400.359863,1217,0,1,0.444999,0.049999,-0.272000,3.113000,-0.028000,0.000000,0
13.490034,-18.311001,-71.640999,11.132000,120.853996,20.639000,38.171001,174.757004,0.000000,0.000000,0.000000,0.000000,0.000000,0.000000,0.000000,365.000000,-1212.000000,89.000000,-1426.000000,223.000000,-109.000000,-65.000000,22.000000,22.000000,22.000000,22.000000,22.000000,22.000000,22.000000,37.000000,38.000000,39.000000,40.000000,40.000000,40.000000,43.000000,1,1,1,1,1,1,1,0,0,0,0,0,0,0,75,5400.359863,1218,0,1,0.444999,0.049999,-0.272000,3.113000,-0.028000,0.000000,0
13.500023,-18.311001,-71.640999,11.132000,120.853996,20.639000,38.171001,174.757004,0.000000,0.000000,0.000000,0.000000,0.000000,0.000000,-0.240000,354.000000,-1225.000000,75.000000,-1415.000000,228.000000,-104.000000,-73.000000,22.000000,22.000000,22.000000,22.000000,22.000000,22.000000,22.000000,37.000000,38.000000,39.000000,40.000000,40.000000,40.000000,43.000000,1,1,1,1,1,1,1,0,0,0,0,0,0,0,75,5400.359863,1217,0,1,0.444999,0.049999,-0.272000,3.113000,-0.028000,0.000000,0
13.510095,-18.311001,-71.640999,11.132000,120.853996,20.639000,38.171001,174.757004,0.000000,0.000000,0.000000,0.000000,0.000000,0.000000,-0.120000,350.000000,-1220.000000,77.000000,-1413.000000,223.000000,-100.000000,-51.000000,22.000000,22.000000,22.000000,22.000000,22.000000,22.000000,22.000000,37.000000,38.000000,39.000000,40.000000,40.000000,40.000000,43.000000,1,1,1,1,1,1,1,0,0,0,0,0,0,0,75,5400.359863,1217,0,1,0.444999,0.049999,-0.272000,3.113000,-0.028000,0.000000,0
