
========================================================================
  Script : run_emulated_suite.py
  Log    : run_emulated_suite.log
  Started: 2026-08-05 04:23:41
========================================================================
====================================================================
EMULATED dual-arm concept suite  (time scale x10)
Arms are emulated in-process — nothing physical moves.
====================================================================

####################################################################
# C1 connect  (test_dual_connect)
####################################################################
====================================================================
C1  Dual-arm connectivity pre-check  (no motion is commanded)
    left=192.168.1.10  right=192.168.1.11
====================================================================
current c api version:  emu-1.1.6
  [PASS] left: robot info  (RM_75 7-DOF, controller gen 3)
  [PASS] left: arm state clean
  [PASS] left: lift state  (pos=100 hw-mm)
  [INFO] left: run mode = REAL
  [PASS] right: robot info  (RM_75 7-DOF, controller gen 3)
  [PASS] right: arm state clean
  [PASS] right: lift state  (pos=100 hw-mm)
  [INFO] right: run mode = REAL
  [PASS] handles distinct  (left id=1 right id=2)
  [PASS] event callback registered  (process-global, demuxed by handle_id)
  [PASS] pre-check complete  (no motion was commanded)

  Summary: 9 PASS, 0 FAIL, 0 SKIP

####################################################################
# C2 locked  (test_dual_locked)
####################################################################
====================================================================
C2  Parallel locked dual-arm execution
    left=192.168.1.10  right=192.168.1.11  arm v=20%  lift v=50%
    sequence: [('arm', 'ready'), ('lift', 'half'), ('arm', 'zero'), ('arm', 'ready'), ('lift', 'full'), ('arm', 'rest')]
    BOTH ARMS AND BOTH POLES WILL MOVE
====================================================================
current c api version:  emu-1.1.6
  starting in 5 ...
  starting in 4 ...
  starting in 3 ...
  starting in 2 ...
  starting in 1 ...

  step results:
  ────────────────────────────────────────────────────────────
  ('arm', 'ready')         skew   0.89 ms   L   0.30 s   R   0.30 s   |d|  0.00 s   ok=True
  ('lift', 'half')         skew   0.98 ms   L   0.04 s   R   0.04 s   |d|  0.00 s   ok=True
  ('arm', 'zero')          skew   0.78 ms   L   0.30 s   R   0.30 s   |d|  0.00 s   ok=True
  ('arm', 'ready')         skew   1.00 ms   L   0.30 s   R   0.30 s   |d|  0.00 s   ok=True
  ('lift', 'full')         skew   0.96 ms   L   0.29 s   R   0.29 s   |d|  0.00 s   ok=True
  ('arm', 'rest')          skew   0.79 ms   L   0.19 s   R   0.19 s   |d|  0.00 s   ok=True
  [PASS] all dispatches accepted
  [PASS] sequence completed with barrier per step
  [PASS] dispatch skew  (max 1.00 ms)
  [PASS] arrival via event for every step
  [INFO] completion delta between arms: mean 0.00 s, max 0.00 s

  Summary: 4 PASS, 0 FAIL, 0 SKIP

####################################################################
# C3 chained  (test_dual_chained)
####################################################################
====================================================================
C3  Chained dual-arm execution (left leads, right follows)
    left=192.168.1.10  right=192.168.1.11  arm v=20%  lift v=50%
    sequence: [('arm', 'ready'), ('lift', 'half'), ('arm', 'zero'), ('arm', 'ready'), ('lift', 'full'), ('arm', 'rest')]
    BOTH ARMS AND BOTH POLES WILL MOVE
====================================================================
current c api version:  emu-1.1.6
  starting in 5 ...
  starting in 4 ...
  starting in 3 ...
  starting in 2 ...
  starting in 1 ...

  chain results:
  ────────────────────────────────────────────────────────────
  step 0 ('arm', 'ready')       follower start after leader done, gate latency     0.1 ms, ok=True
  step 1 ('lift', 'half')       follower start after leader done, gate latency     0.1 ms, ok=True
  step 2 ('arm', 'zero')        follower start after leader done, gate latency     0.1 ms, ok=True
  step 3 ('arm', 'ready')       follower start after leader done, gate latency     0.1 ms, ok=True
  step 4 ('lift', 'full')       follower start after leader done, gate latency    14.3 ms, ok=True
  step 5 ('arm', 'rest')        follower start after leader done, gate latency   107.6 ms, ok=True
  [PASS] all dispatches accepted
  [PASS] both chains completed
  [PASS] ordering invariant  (follower step k always after leader step k done)
  [PASS] follower gate latency  (max 107.6 ms)

  Summary: 4 PASS, 0 FAIL, 0 SKIP

####################################################################
# C4 free  (test_dual_free)
####################################################################
====================================================================
C4  Free-running dual-arm execution (no cross-arm gates)
    left=192.168.1.10  right=192.168.1.11  arm v=20%  lift v=50%
    sequence: [('arm', 'ready'), ('lift', 'half'), ('arm', 'zero'), ('arm', 'ready'), ('lift', 'full'), ('arm', 'rest')]
    BOTH ARMS AND BOTH POLES WILL MOVE
====================================================================
current c api version:  emu-1.1.6
  starting in 5 ...
  starting in 4 ...
  starting in 3 ...
  starting in 2 ...
  starting in 1 ...

  per-arm timelines:
  ────────────────────────────────────────────────────────────
  left : 6/6 steps in 1.56 s
  right: 6/6 steps in 1.56 s
  [PASS] all dispatches accepted
  [PASS] both arms completed independently
  [PASS] concurrent free run  (duration overlap 100%)

  Summary: 3 PASS, 0 FAIL, 0 SKIP

====================================================================
Emulated suite summary
  C1 connect   exit 0  (OK)
  C2 locked    exit 0  (OK)
  C3 chained   exit 0  (OK)
  C4 free      exit 0  (OK)
====================================================================

========================================================================
  Script : run_emulated_suite.py
  Log    : run_emulated_suite.log
  Started: 2026-08-05 04:26:27
========================================================================
====================================================================
EMULATED dual-arm concept suite  (time scale x10)
Arms are emulated in-process — nothing physical moves.
====================================================================

####################################################################
# C1 connect  (test_dual_connect)
####################################################################
====================================================================
C1  Dual-arm connectivity pre-check  (no motion is commanded)
    left=192.168.1.10  right=192.168.1.11
====================================================================
current c api version:  emu-1.1.6
  [PASS] left: robot info  (RM_75 7-DOF, controller gen 3)
  [PASS] left: arm state clean
  [PASS] left: lift state  (pos=100 hw-mm)
  [INFO] left: run mode = REAL
  [PASS] right: robot info  (RM_75 7-DOF, controller gen 3)
  [PASS] right: arm state clean
  [PASS] right: lift state  (pos=100 hw-mm)
  [INFO] right: run mode = REAL
  [PASS] handles distinct  (left id=1 right id=2)
  [PASS] event callback registered  (process-global, demuxed by handle_id)
  [PASS] pre-check complete  (no motion was commanded)

  Summary: 9 PASS, 0 FAIL, 0 SKIP

####################################################################
# C2 locked  (test_dual_locked)
####################################################################
====================================================================
C2  Parallel locked dual-arm execution
    left=192.168.1.10  right=192.168.1.11  arm v=20%  lift v=50%
    sequence: [('arm', 'ready'), ('lift', 'half'), ('arm', 'zero'), ('arm', 'ready'), ('lift', 'full'), ('arm', 'rest')]
    BOTH ARMS AND BOTH POLES WILL MOVE
====================================================================
current c api version:  emu-1.1.6
  starting in 5 ...
  starting in 4 ...
  starting in 3 ...
  starting in 2 ...
  starting in 1 ...

  step results:
  ────────────────────────────────────────────────────────────
  ('arm', 'ready')         skew   0.86 ms   L   0.30 s   R   0.30 s   |d|  0.00 s   ok=True
  ('lift', 'half')         skew   1.08 ms   L   0.04 s   R   0.04 s   |d|  0.00 s   ok=True
  ('arm', 'zero')          skew   0.74 ms   L   0.30 s   R   0.30 s   |d|  0.00 s   ok=True
  ('arm', 'ready')         skew   1.02 ms   L   0.30 s   R   0.30 s   |d|  0.00 s   ok=True
  ('lift', 'full')         skew   0.90 ms   L   0.29 s   R   0.29 s   |d|  0.00 s   ok=True
  ('arm', 'rest')          skew   0.81 ms   L   0.19 s   R   0.19 s   |d|  0.00 s   ok=True
  [PASS] all dispatches accepted
  [PASS] sequence completed with barrier per step
  [PASS] dispatch skew  (max 1.08 ms)
  [PASS] arrival via event for every step
  [INFO] completion delta between arms: mean 0.00 s, max 0.00 s

  Summary: 4 PASS, 0 FAIL, 0 SKIP

####################################################################
# C3 chained  (test_dual_chained)
####################################################################
====================================================================
C3  Chained dual-arm execution (left leads, right follows)
    left=192.168.1.10  right=192.168.1.11  arm v=20%  lift v=50%
    sequence: [('arm', 'ready'), ('lift', 'half'), ('arm', 'zero'), ('arm', 'ready'), ('lift', 'full'), ('arm', 'rest')]
    BOTH ARMS AND BOTH POLES WILL MOVE
====================================================================
current c api version:  emu-1.1.6
  starting in 5 ...
  starting in 4 ...
  starting in 3 ...
  starting in 2 ...
  starting in 1 ...

  chain results:
  ────────────────────────────────────────────────────────────
  step 0 ('arm', 'ready')       follower start after leader done, gate latency     0.1 ms, ok=True
  step 1 ('lift', 'half')       follower start after leader done, gate latency     0.0 ms, ok=True
  step 2 ('arm', 'zero')        follower start after leader done, gate latency     0.1 ms, ok=True
  step 3 ('arm', 'ready')       follower start after leader done, gate latency     0.1 ms, ok=True
  step 4 ('lift', 'full')       follower start after leader done, gate latency    14.9 ms, ok=True
  step 5 ('arm', 'rest')        follower start after leader done, gate latency   108.2 ms, ok=True
  [PASS] all dispatches accepted
  [PASS] both chains completed
  [PASS] ordering invariant  (follower step k always after leader step k done)
  [PASS] follower gate latency  (max 108.2 ms)

  Summary: 4 PASS, 0 FAIL, 0 SKIP

####################################################################
# C4 free  (test_dual_free)
####################################################################
====================================================================
C4  Free-running dual-arm execution (no cross-arm gates)
    left=192.168.1.10  right=192.168.1.11  arm v=20%  lift v=50%
    sequence: [('arm', 'ready'), ('lift', 'half'), ('arm', 'zero'), ('arm', 'ready'), ('lift', 'full'), ('arm', 'rest')]
    BOTH ARMS AND BOTH POLES WILL MOVE
====================================================================
current c api version:  emu-1.1.6
  starting in 5 ...
  starting in 4 ...
  starting in 3 ...
  starting in 2 ...
  starting in 1 ...

  per-arm timelines:
  ────────────────────────────────────────────────────────────
  left : 6/6 steps in 1.56 s
  right: 6/6 steps in 1.56 s
  [PASS] all dispatches accepted
  [PASS] both arms completed independently
  [PASS] concurrent free run  (duration overlap 100%)

  Summary: 3 PASS, 0 FAIL, 0 SKIP

====================================================================
Emulated suite summary
  C1 connect   exit 0  (OK)
  C2 locked    exit 0  (OK)
  C3 chained   exit 0  (OK)
  C4 free      exit 0  (OK)
====================================================================

========================================================================
  Script : run_emulated_suite.py
  Log    : run_emulated_suite.log
  Started: 2026-08-05 09:08:36
========================================================================
====================================================================
EMULATED dual-arm concept suite  (time scale x10)
Arms are emulated in-process — nothing physical moves.
====================================================================

####################################################################
# C1 connect  (test_dual_connect)
####################################################################
====================================================================
C1  Dual-arm connectivity pre-check  (no motion is commanded)
    left=192.168.1.10  right=192.168.1.11
====================================================================
current c api version:  emu-1.1.6
  [PASS] left: robot info  (RM_75 7-DOF, controller gen 3)
  [PASS] left: arm state clean
  [PASS] left: lift state  (pos=100 hw-mm)
  [INFO] left: run mode = REAL
  [PASS] right: robot info  (RM_75 7-DOF, controller gen 3)
  [PASS] right: arm state clean
  [PASS] right: lift state  (pos=100 hw-mm)
  [INFO] right: run mode = REAL
  [PASS] handles distinct  (left id=1 right id=2)
  [PASS] event callback registered  (process-global, demuxed by handle_id)
  [PASS] pre-check complete  (no motion was commanded)

  Summary: 9 PASS, 0 FAIL, 0 SKIP

####################################################################
# C2 locked  (test_dual_locked)
####################################################################
====================================================================
C2  Parallel locked dual-arm execution
    left=192.168.1.10  right=192.168.1.11  arm v=20%  lift v=50%
    sequence: [('arm', 'ready'), ('lift', 'half'), ('arm', 'zero'), ('arm', 'ready'), ('lift', 'full'), ('arm', 'rest')]
    BOTH ARMS AND BOTH POLES WILL MOVE
====================================================================
current c api version:  emu-1.1.6
  starting in 5 ...
  starting in 4 ...
  starting in 3 ...
  starting in 2 ...
  starting in 1 ...

  step results:
  ────────────────────────────────────────────────────────────
  ('arm', 'ready')         skew   0.79 ms   L   0.30 s   R   0.30 s   |d|  0.00 s   ok=True
  ('lift', 'half')         skew   0.94 ms   L   0.04 s   R   0.04 s   |d|  0.00 s   ok=True
  ('arm', 'zero')          skew   0.84 ms   L   0.30 s   R   0.30 s   |d|  0.00 s   ok=True
  ('arm', 'ready')         skew   0.83 ms   L   0.30 s   R   0.30 s   |d|  0.00 s   ok=True
  ('lift', 'full')         skew   0.86 ms   L   0.29 s   R   0.29 s   |d|  0.00 s   ok=True
  ('arm', 'rest')          skew   0.85 ms   L   0.19 s   R   0.19 s   |d|  0.00 s   ok=True
  [PASS] all dispatches accepted
  [PASS] sequence completed with barrier per step
  [PASS] dispatch skew  (max 0.94 ms)
  [PASS] arrival via event for every step
  [INFO] completion delta between arms: mean 0.00 s, max 0.00 s

  Summary: 4 PASS, 0 FAIL, 0 SKIP

####################################################################
# C3 chained  (test_dual_chained)
####################################################################
====================================================================
C3  Chained dual-arm execution (left leads, right follows)
    left=192.168.1.10  right=192.168.1.11  arm v=20%  lift v=50%
    sequence: [('arm', 'ready'), ('lift', 'half'), ('arm', 'zero'), ('arm', 'ready'), ('lift', 'full'), ('arm', 'rest')]
    BOTH ARMS AND BOTH POLES WILL MOVE
====================================================================
current c api version:  emu-1.1.6
  starting in 5 ...
  starting in 4 ...
  starting in 3 ...
  starting in 2 ...
  starting in 1 ...

  chain results:
  ────────────────────────────────────────────────────────────
  step 0 ('arm', 'ready')       follower start after leader done, gate latency     0.1 ms, ok=True
  step 1 ('lift', 'half')       follower start after leader done, gate latency     0.1 ms, ok=True
  step 2 ('arm', 'zero')        follower start after leader done, gate latency     0.1 ms, ok=True
  step 3 ('arm', 'ready')       follower start after leader done, gate latency     0.2 ms, ok=True
  step 4 ('lift', 'full')       follower start after leader done, gate latency    14.9 ms, ok=True
  step 5 ('arm', 'rest')        follower start after leader done, gate latency   108.5 ms, ok=True
  [PASS] all dispatches accepted
  [PASS] both chains completed
  [PASS] ordering invariant  (follower step k always after leader step k done)
  [PASS] follower gate latency  (max 108.5 ms)

  Summary: 4 PASS, 0 FAIL, 0 SKIP

####################################################################
# C4 free  (test_dual_free)
####################################################################
====================================================================
C4  Free-running dual-arm execution (no cross-arm gates)
    left=192.168.1.10  right=192.168.1.11  arm v=20%  lift v=50%
    sequence: [('arm', 'ready'), ('lift', 'half'), ('arm', 'zero'), ('arm', 'ready'), ('lift', 'full'), ('arm', 'rest')]
    BOTH ARMS AND BOTH POLES WILL MOVE
====================================================================
current c api version:  emu-1.1.6
  starting in 5 ...
  starting in 4 ...
  starting in 3 ...
  starting in 2 ...
  starting in 1 ...

  per-arm timelines:
  ────────────────────────────────────────────────────────────
  left : 6/6 steps in 1.56 s
  right: 6/6 steps in 1.56 s
  [PASS] all dispatches accepted
  [PASS] both arms completed independently
  [PASS] concurrent free run  (window overlap 100% of shorter run)

  Summary: 3 PASS, 0 FAIL, 0 SKIP

====================================================================
Emulated suite summary
  C1 connect   exit 0  (OK)
  C2 locked    exit 0  (OK)
  C3 chained   exit 0  (OK)
  C4 free      exit 0  (OK)
====================================================================

========================================================================
  Script : run_emulated_suite.py
  Log    : run_emulated_suite.log
  Started: 2026-08-05 09:40:15
========================================================================
====================================================================
EMULATED dual-arm concept suite  (time scale x10)
Arms are emulated in-process — nothing physical moves.
====================================================================

####################################################################
# C1 connect  (test_dual_connect)
####################################################################
====================================================================
C1  Dual-arm connectivity pre-check  (no motion is commanded)
    left=192.168.1.10  right=192.168.1.11
====================================================================
current c api version:  emu-1.1.6
  [PASS] left: robot info  (RM_75 7-DOF, controller gen 3)
  [PASS] left: arm state clean
  [PASS] left: lift state  (pos=100 hw-mm)
  [INFO] left: run mode = REAL
  [PASS] right: robot info  (RM_75 7-DOF, controller gen 3)
  [PASS] right: arm state clean
  [PASS] right: lift state  (pos=100 hw-mm)
  [INFO] right: run mode = REAL
  [PASS] handles distinct  (left id=1 right id=2)
  [PASS] event callback registered  (process-global, demuxed by handle_id)
  [PASS] pre-check complete  (no motion was commanded)

  Summary: 9 PASS, 0 FAIL, 0 SKIP

####################################################################
# C2 locked  (test_dual_locked)
####################################################################
====================================================================
C2  Parallel locked dual-arm execution
    left=192.168.1.10  right=192.168.1.11  arm v=20%  lift v=50%
    sequence: [('arm', 'ready'), ('hand', 'release'), ('sync', ('zero', 'half')), ('hand', 'grasp'), ('sync', ('ready', 'full')), ('hand', 'half_grasp'), ('arm', 'rest')]
    BOTH ARMS AND BOTH POLES WILL MOVE
====================================================================
current c api version:  emu-1.1.6
  starting in 5 ...
  starting in 4 ...
  starting in 3 ...
  starting in 2 ...
  starting in 1 ...

  step results:
  ────────────────────────────────────────────────────────────
  ('arm', 'ready')         skew   1.27 ms   L   0.30 s   R   0.30 s   |d|  0.00 s   ok=True
  ('hand', 'release')      skew   1.03 ms   L   0.02 s   R   0.02 s   |d|  0.00 s   ok=True
  ('sync', ('zero', 'half')) skew   1.67 ms   L   0.30 s   R   0.30 s   |d|  0.00 s   ok=True
  ('hand', 'grasp')        skew   0.80 ms   L   0.08 s   R   0.08 s   |d|  0.00 s   ok=True
  ('sync', ('ready', 'full')) skew   1.67 ms   L   0.37 s   R   0.38 s   |d|  0.00 s   ok=True
  ('hand', 'half_grasp')   skew   1.06 ms   L   0.05 s   R   0.05 s   |d|  0.00 s   ok=True
  ('arm', 'rest')          skew   1.02 ms   L   0.19 s   R   0.19 s   |d|  0.00 s   ok=True
  [PASS] all dispatches accepted
  [PASS] sequence completed with barrier per step
  [PASS] dispatch skew  (max 1.67 ms)
  [PASS] arrival via event for every step
  [INFO] completion delta between arms: mean 0.00 s, max 0.00 s
  [INFO] sync left  ('zero', 'half')     arm-dur-est 3.00 s, matched lift 4%, start skew    0.9 ms, finish skew    +0.0 ms
  [INFO] sync right ('zero', 'half')     arm-dur-est 3.00 s, matched lift 4%, start skew    1.0 ms, finish skew    +0.0 ms
  [INFO] sync left  ('ready', 'full')    arm-dur-est 3.00 s, matched lift 29%, start skew    0.8 ms, finish skew   +73.8 ms
  [INFO] sync right ('ready', 'full')    arm-dur-est 3.00 s, matched lift 29%, start skew    0.9 ms, finish skew    +1.9 ms
  [PASS] arm-pole sync finish  (worst pole lateness +74 ms)

  Summary: 5 PASS, 0 FAIL, 0 SKIP

####################################################################
# C3 chained  (test_dual_chained)
####################################################################
====================================================================
C3  Chained dual-arm execution (left leads, right follows)
    left=192.168.1.10  right=192.168.1.11  arm v=20%  lift v=50%
    sequence: [('arm', 'ready'), ('hand', 'release'), ('sync', ('zero', 'half')), ('hand', 'grasp'), ('sync', ('ready', 'full')), ('hand', 'half_grasp'), ('arm', 'rest')]
    BOTH ARMS AND BOTH POLES WILL MOVE
====================================================================
current c api version:  emu-1.1.6
  starting in 5 ...
  starting in 4 ...
  starting in 3 ...
  starting in 2 ...
  starting in 1 ...

  chain results:
  ────────────────────────────────────────────────────────────
  step 0 ('arm', 'ready')       follower start after leader done, gate latency     0.1 ms, ok=True
  step 1 ('hand', 'release')    follower start after leader done, gate latency   116.7 ms, ok=True
  step 2 ('sync', ('zero', 'half')) follower start after leader done, gate latency     0.1 ms, ok=True
  step 3 ('hand', 'grasp')      follower start after leader done, gate latency   290.4 ms, ok=True
  step 4 ('sync', ('ready', 'full')) follower start after leader done, gate latency     0.1 ms, ok=True
  step 5 ('hand', 'half_grasp') follower start after leader done, gate latency   326.2 ms, ok=True
  step 6 ('arm', 'rest')        follower start after leader done, gate latency   182.1 ms, ok=True
  [PASS] all dispatches accepted
  [PASS] both chains completed
  [PASS] ordering invariant  (follower step k always after leader step k done)
  [PASS] follower gate latency  (max 326.2 ms)

  Summary: 4 PASS, 0 FAIL, 0 SKIP

####################################################################
# C4 free  (test_dual_free)
####################################################################
====================================================================
C4  Free-running dual-arm execution (no cross-arm gates)
    left=192.168.1.10  right=192.168.1.11  arm v=20%  lift v=50%
    sequence: [('arm', 'ready'), ('hand', 'release'), ('sync', ('zero', 'half')), ('hand', 'grasp'), ('sync', ('ready', 'full')), ('hand', 'half_grasp'), ('arm', 'rest')]
    BOTH ARMS AND BOTH POLES WILL MOVE
====================================================================
current c api version:  emu-1.1.6
  starting in 5 ...
  starting in 4 ...
  starting in 3 ...
  starting in 2 ...
  starting in 1 ...

  per-arm timelines:
  ────────────────────────────────────────────────────────────
  left : 7/7 steps in 1.35 s
  right: 7/7 steps in 1.35 s
  [PASS] all dispatches accepted
  [PASS] both arms completed independently
  [PASS] concurrent free run  (window overlap 100% of shorter run)

  Summary: 3 PASS, 0 FAIL, 0 SKIP

====================================================================
Emulated suite summary
  C1 connect   exit 0  (OK)
  C2 locked    exit 0  (OK)
  C3 chained   exit 0  (OK)
  C4 free      exit 0  (OK)
====================================================================

========================================================================
  Script : run_emulated_suite.py
  Log    : run_emulated_suite.log
  Started: 2026-08-06 11:39:28
========================================================================
====================================================================
EMULATED dual-arm concept suite  (time scale x10)
Arms are emulated in-process — nothing physical moves.
====================================================================

####################################################################
# C1 connect  (test_dual_connect)
####################################################################
====================================================================
C1  Dual-arm connectivity pre-check  (no motion is commanded)
    left=192.168.1.10  right=192.168.1.11
====================================================================
current c api version:  emu-1.1.6
  [PASS] left: robot info  (RM_75 7-DOF, controller gen 3)
  [PASS] left: arm state clean
  [PASS] left: lift state  (pos=100 hw-mm)
  [INFO] left: run mode = REAL
  [PASS] right: robot info  (RM_75 7-DOF, controller gen 3)
  [PASS] right: arm state clean
  [PASS] right: lift state  (pos=100 hw-mm)
  [INFO] right: run mode = REAL
  [PASS] handles distinct  (left id=1 right id=2)
  [PASS] event callback registered  (process-global, demuxed by handle_id)
  [PASS] pre-check complete  (no motion was commanded)

  Summary: 9 PASS, 0 FAIL, 0 SKIP

####################################################################
# C5 sim probe  (test_sim_motion_visibility)
####################################################################
====================================================================
C5  Simulation-mode motion visibility probe (no physical motion)
    arm=192.168.1.10  UDP -> 192.168.1.235:8095  probe: J7 +5.0 deg at v=10%
====================================================================
current c api version:  emu-1.1.6
  [INFO] original run mode: REAL
  [PASS] simulation mode engaged and verified
  [INFO] rm_set_realtime_push ret=0
  [PASS] probe movej accepted in simulation mode

  ────────────────────────────────────────────────────────────
  VERDICT — simulated motion accessibility (580 UDP frames):
    UDP realtime push sweeps:   YES
    Arrival event fires:        YES (trajectory_state=True)
    TCP polling sweeps:         YES  (1 polls)
  ────────────────────────────────────────────────────────────
  => Simulated motion IS programmatically accessible: the
     sim-rehearsal record-and-verify pipeline is viable.
  [PASS] probe completed with a definitive verdict
  [PASS] probe joint returned to start
  [INFO] run mode restored: REAL (ret=0)

  Summary: 4 PASS, 0 FAIL, 0 SKIP

####################################################################
# C2 locked  (test_dual_locked)
####################################################################
====================================================================
C2  Parallel locked dual-arm execution
    left=192.168.1.10  right=192.168.1.11  arm v=20%  lift v=50%
    sequence: [('arm', 'ready'), ('hand', 'release'), ('sync', ('zero', 'half')), ('hand', 'grasp'), ('sync', ('ready', 'full')), ('hand', 'half_grasp'), ('arm', 'rest')]
    BOTH ARMS AND BOTH POLES WILL MOVE
====================================================================
current c api version:  emu-1.1.6
  starting in 5 ...
  starting in 4 ...
  starting in 3 ...
  starting in 2 ...
  starting in 1 ...

  step results:
  ────────────────────────────────────────────────────────────
  ('arm', 'ready')         skew   0.93 ms   L   0.30 s   R   0.30 s   |d|  0.00 s   ok=True
  ('hand', 'release')      skew   0.80 ms   L   0.02 s   R   0.02 s   |d|  0.00 s   ok=True
  ('sync', ('zero', 'half')) skew   2.12 ms   L   0.30 s   R   0.30 s   |d|  0.00 s   ok=True
  ('hand', 'grasp')        skew   0.91 ms   L   0.08 s   R   0.08 s   |d|  0.00 s   ok=True
  ('sync', ('ready', 'full')) skew   2.09 ms   L   0.38 s   R   0.38 s   |d|  0.00 s   ok=True
  ('hand', 'half_grasp')   skew   1.17 ms   L   0.05 s   R   0.05 s   |d|  0.00 s   ok=True
  ('arm', 'rest')          skew   1.27 ms   L   0.19 s   R   0.19 s   |d|  0.00 s   ok=True
  [PASS] all dispatches accepted
  [PASS] sequence completed with barrier per step
  [PASS] dispatch skew  (max 2.12 ms)
  [PASS] arrival via event for every step
  [INFO] completion delta between arms: mean 0.00 s, max 0.00 s
  [INFO] sync left  ('zero', 'half')     arm-dur-est 3.00 s, matched lift 4%, start skew    1.0 ms, finish skew    +0.0 ms
  [INFO] sync right ('zero', 'half')     arm-dur-est 3.00 s, matched lift 4%, start skew    1.0 ms, finish skew    +0.0 ms
  [INFO] sync left  ('ready', 'full')    arm-dur-est 3.00 s, matched lift 29%, start skew    0.9 ms, finish skew   +73.7 ms
  [INFO] sync right ('ready', 'full')    arm-dur-est 3.00 s, matched lift 29%, start skew    1.0 ms, finish skew    +1.9 ms
  [PASS] arm-pole sync finish  (worst pole lateness +74 ms)

  Summary: 5 PASS, 0 FAIL, 0 SKIP

####################################################################
# C3 chained  (test_dual_chained)
####################################################################
====================================================================
C3  Chained dual-arm execution (left leads, right follows)
    left=192.168.1.10  right=192.168.1.11  arm v=20%  lift v=50%
    sequence: [('arm', 'ready'), ('hand', 'release'), ('sync', ('zero', 'half')), ('hand', 'grasp'), ('sync', ('ready', 'full')), ('hand', 'half_grasp'), ('arm', 'rest')]
    BOTH ARMS AND BOTH POLES WILL MOVE
====================================================================
current c api version:  emu-1.1.6
  starting in 5 ...
  starting in 4 ...
  starting in 3 ...
  starting in 2 ...
  starting in 1 ...

  chain results:
  ────────────────────────────────────────────────────────────
  step 0 ('arm', 'ready')       follower start after leader done, gate latency     0.2 ms, ok=True
  step 1 ('hand', 'release')    follower start after leader done, gate latency   117.2 ms, ok=True
  step 2 ('sync', ('zero', 'half')) follower start after leader done, gate latency     0.2 ms, ok=True
  step 3 ('hand', 'grasp')      follower start after leader done, gate latency   290.9 ms, ok=True
  step 4 ('sync', ('ready', 'full')) follower start after leader done, gate latency     0.1 ms, ok=True
  step 5 ('hand', 'half_grasp') follower start after leader done, gate latency   326.2 ms, ok=True
  step 6 ('arm', 'rest')        follower start after leader done, gate latency   181.9 ms, ok=True
  [PASS] all dispatches accepted
  [PASS] both chains completed
  [PASS] ordering invariant  (follower step k always after leader step k done)
  [PASS] follower gate latency  (max 326.2 ms)

  Summary: 4 PASS, 0 FAIL, 0 SKIP

####################################################################
# C4 free  (test_dual_free)
####################################################################
====================================================================
C4  Free-running dual-arm execution (no cross-arm gates)
    left=192.168.1.10  right=192.168.1.11  arm v=20%  lift v=50%
    sequence: [('arm', 'ready'), ('hand', 'release'), ('sync', ('zero', 'half')), ('hand', 'grasp'), ('sync', ('ready', 'full')), ('hand', 'half_grasp'), ('arm', 'rest')]
    BOTH ARMS AND BOTH POLES WILL MOVE
====================================================================
current c api version:  emu-1.1.6
  starting in 5 ...
  starting in 4 ...
  starting in 3 ...
  starting in 2 ...
  starting in 1 ...

  per-arm timelines:
  ────────────────────────────────────────────────────────────
  left : 7/7 steps in 1.35 s
  right: 7/7 steps in 1.35 s
  [PASS] all dispatches accepted
  [PASS] both arms completed independently
  [PASS] concurrent free run  (window overlap 100% of shorter run)

  Summary: 3 PASS, 0 FAIL, 0 SKIP

====================================================================
Emulated suite summary
  C1 connect   exit 0  (OK)
  C5 sim probe exit 0  (OK)
  C2 locked    exit 0  (OK)
  C3 chained   exit 0  (OK)
  C4 free      exit 0  (OK)
====================================================================

========================================================================
  Script : run_emulated_suite.py
  Log    : run_emulated_suite.log
  Started: 2026-08-06 12:05:15
========================================================================
====================================================================
EMULATED dual-arm concept suite  (time scale x10)
Arms are emulated in-process — nothing physical moves.
====================================================================

####################################################################
# C1 connect  (test_dual_connect)
####################################################################
====================================================================
C1  Dual-arm connectivity pre-check  (no motion is commanded)
    left=192.168.1.10  right=192.168.1.11
====================================================================
current c api version:  emu-1.1.6
  [PASS] left: robot info  (RM_75 7-DOF, controller gen 3)
  [PASS] left: arm state clean
  [PASS] left: lift state  (pos=100 hw-mm)
  [INFO] left: run mode = REAL
  [PASS] right: robot info  (RM_75 7-DOF, controller gen 3)
  [PASS] right: arm state clean
  [PASS] right: lift state  (pos=100 hw-mm)
  [INFO] right: run mode = REAL
  [PASS] handles distinct  (left id=1 right id=2)
  [PASS] event callback registered  (process-global, demuxed by handle_id)
  [PASS] pre-check complete  (no motion was commanded)

  Summary: 9 PASS, 0 FAIL, 0 SKIP

####################################################################
# C5 sim probe  (test_sim_motion_visibility)
####################################################################
====================================================================
C5  Simulation-mode motion visibility probe (no physical motion)
    arm=192.168.1.10  UDP -> 192.168.1.235:8095  probe: J7 +5.0 deg at v=10%
====================================================================
current c api version:  emu-1.1.6
  [INFO] original run mode: REAL
  [PASS] simulation mode engaged and verified
  [INFO] rm_set_realtime_push ret=0
  [PASS] UDP push delivering frames  (85 within 2 s)
  [PASS] probe movej accepted in simulation mode

  ────────────────────────────────────────────────────────────
  VERDICT — simulated motion accessibility (544 UDP frames):
    UDP realtime push sweeps:   YES
    Arrival event fires:        YES (trajectory_state=True)
    TCP polling sweeps:         YES  (1 polls)
  ────────────────────────────────────────────────────────────
  => Simulated motion IS programmatically accessible: the
     sim-rehearsal record-and-verify pipeline is viable.
  [PASS] probe completed with a definitive verdict
  [PASS] probe joint returned to start
  [INFO] run mode restored: REAL (ret=0)

  Summary: 5 PASS, 0 FAIL, 0 SKIP

####################################################################
# C2 locked  (test_dual_locked)
####################################################################
====================================================================
C2  Parallel locked dual-arm execution
    left=192.168.1.10  right=192.168.1.11  arm v=20%  lift v=50%
    sequence: [('arm', 'ready'), ('hand', 'release'), ('sync', ('zero', 'half')), ('hand', 'grasp'), ('sync', ('ready', 'full')), ('hand', 'half_grasp'), ('arm', 'rest')]
    BOTH ARMS AND BOTH POLES WILL MOVE
====================================================================
current c api version:  emu-1.1.6
  starting in 5 ...
  starting in 4 ...
  starting in 3 ...
  starting in 2 ...
  starting in 1 ...

  step results:
  ────────────────────────────────────────────────────────────
  ('arm', 'ready')         skew   0.99 ms   L   0.30 s   R   0.30 s   |d|  0.00 s   ok=True
  ('hand', 'release')      skew   1.31 ms   L   0.02 s   R   0.02 s   |d|  0.00 s   ok=True
  ('sync', ('zero', 'half')) skew   3.99 ms   L   0.30 s   R   0.30 s   |d|  0.00 s   ok=True
  ('hand', 'grasp')        skew   1.18 ms   L   0.08 s   R   0.08 s   |d|  0.00 s   ok=True
  ('sync', ('ready', 'full')) skew   3.57 ms   L   0.38 s   R   0.37 s   |d|  0.00 s   ok=True
  ('hand', 'half_grasp')   skew   0.80 ms   L   0.05 s   R   0.05 s   |d|  0.00 s   ok=True
  ('arm', 'rest')          skew   0.87 ms   L   0.19 s   R   0.19 s   |d|  0.00 s   ok=True
  [PASS] all dispatches accepted
  [PASS] sequence completed with barrier per step
  [PASS] dispatch skew  (max 3.99 ms)
  [PASS] arrival via event for every step
  [INFO] completion delta between arms: mean 0.00 s, max 0.00 s
  [INFO] sync left  ('zero', 'half')     arm-dur-est 3.00 s, matched lift 4%, start skew    1.3 ms, finish skew    +0.0 ms
  [INFO] sync right ('zero', 'half')     arm-dur-est 3.00 s, matched lift 4%, start skew    1.2 ms, finish skew    +0.0 ms
  [INFO] sync left  ('ready', 'full')    arm-dur-est 3.00 s, matched lift 29%, start skew    1.0 ms, finish skew   +74.0 ms
  [INFO] sync right ('ready', 'full')    arm-dur-est 3.00 s, matched lift 29%, start skew    0.9 ms, finish skew    +3.3 ms
  [PASS] arm-pole sync finish  (worst pole lateness +74 ms)

  Summary: 5 PASS, 0 FAIL, 0 SKIP

####################################################################
# C3 chained  (test_dual_chained)
####################################################################
====================================================================
C3  Chained dual-arm execution (left leads, right follows)
    left=192.168.1.10  right=192.168.1.11  arm v=20%  lift v=50%
    sequence: [('arm', 'ready'), ('hand', 'release'), ('sync', ('zero', 'half')), ('hand', 'grasp'), ('sync', ('ready', 'full')), ('hand', 'half_grasp'), ('arm', 'rest')]
    BOTH ARMS AND BOTH POLES WILL MOVE
====================================================================
current c api version:  emu-1.1.6
  starting in 5 ...
  starting in 4 ...
  starting in 3 ...
  starting in 2 ...
  starting in 1 ...

  chain results:
  ────────────────────────────────────────────────────────────
  step 0 ('arm', 'ready')       follower start after leader done, gate latency     0.2 ms, ok=True
  step 1 ('hand', 'release')    follower start after leader done, gate latency   116.9 ms, ok=True
  step 2 ('sync', ('zero', 'half')) follower start after leader done, gate latency     1.8 ms, ok=True
  step 3 ('hand', 'grasp')      follower start after leader done, gate latency   292.7 ms, ok=True
  step 4 ('sync', ('ready', 'full')) follower start after leader done, gate latency     2.0 ms, ok=True
  step 5 ('hand', 'half_grasp') follower start after leader done, gate latency   328.4 ms, ok=True
  step 6 ('arm', 'rest')        follower start after leader done, gate latency   184.4 ms, ok=True
  [PASS] all dispatches accepted
  [PASS] both chains completed
  [PASS] ordering invariant  (follower step k always after leader step k done)
  [PASS] follower gate latency  (max 328.4 ms)

  Summary: 4 PASS, 0 FAIL, 0 SKIP

####################################################################
# C4 free  (test_dual_free)
####################################################################
====================================================================
C4  Free-running dual-arm execution (no cross-arm gates)
    left=192.168.1.10  right=192.168.1.11  arm v=20%  lift v=50%
    sequence: [('arm', 'ready'), ('hand', 'release'), ('sync', ('zero', 'half')), ('hand', 'grasp'), ('sync', ('ready', 'full')), ('hand', 'half_grasp'), ('arm', 'rest')]
    BOTH ARMS AND BOTH POLES WILL MOVE
====================================================================
current c api version:  emu-1.1.6
  starting in 5 ...
  starting in 4 ...
  starting in 3 ...
  starting in 2 ...
  starting in 1 ...

  per-arm timelines:
  ────────────────────────────────────────────────────────────
  left : 7/7 steps in 1.35 s
  right: 7/7 steps in 1.35 s
  [PASS] all dispatches accepted
  [PASS] both arms completed independently
  [PASS] concurrent free run  (window overlap 100% of shorter run)

  Summary: 3 PASS, 0 FAIL, 0 SKIP

====================================================================
Emulated suite summary
  C1 connect   exit 0  (OK)
  C5 sim probe exit 0  (OK)
  C2 locked    exit 0  (OK)
  C3 chained   exit 0  (OK)
  C4 free      exit 0  (OK)
====================================================================

========================================================================
  Script : run_emulated_suite.py
  Log    : run_emulated_suite.log
  Started: 2026-08-06 12:06:23
========================================================================
====================================================================
EMULATED dual-arm concept suite  (time scale x10)
Arms are emulated in-process — nothing physical moves.
====================================================================

####################################################################
# C1 connect  (test_dual_connect)
####################################################################
====================================================================
C1  Dual-arm connectivity pre-check  (no motion is commanded)
    left=192.168.1.10  right=192.168.1.11
====================================================================
current c api version:  emu-1.1.6
  [PASS] left: robot info  (RM_75 7-DOF, controller gen 3)
  [PASS] left: arm state clean
  [PASS] left: lift state  (pos=100 hw-mm)
  [INFO] left: run mode = REAL
  [PASS] right: robot info  (RM_75 7-DOF, controller gen 3)
  [PASS] right: arm state clean
  [PASS] right: lift state  (pos=100 hw-mm)
  [INFO] right: run mode = REAL
  [PASS] handles distinct  (left id=1 right id=2)
  [PASS] event callback registered  (process-global, demuxed by handle_id)
  [PASS] pre-check complete  (no motion was commanded)

  Summary: 9 PASS, 0 FAIL, 0 SKIP

####################################################################
# C5 sim probe  (test_sim_motion_visibility)
####################################################################
====================================================================
C5  Simulation-mode motion visibility probe (no physical motion)
    arm=192.168.1.10  UDP -> 192.168.1.235:8095  probe: J7 +5.0 deg at v=10%
====================================================================
current c api version:  emu-1.1.6
  [INFO] original run mode: REAL
  [PASS] simulation mode engaged and verified
  [INFO] rm_set_realtime_push ret=0
  [PASS] UDP push delivering frames  (84 within 2 s)
  [PASS] probe movej accepted in simulation mode

  ────────────────────────────────────────────────────────────
  VERDICT — simulated motion accessibility (548 UDP frames):
    UDP realtime push sweeps:   YES
    Arrival event fires:        YES (trajectory_state=True)
    TCP polling sweeps:         YES  (1 polls)
  ────────────────────────────────────────────────────────────
  => Simulated motion IS programmatically accessible: the
     sim-rehearsal record-and-verify pipeline is viable.
  [PASS] probe completed with a definitive verdict
  [PASS] probe joint returned to start
  [INFO] run mode restored: REAL (ret=0)

  Summary: 5 PASS, 0 FAIL, 0 SKIP

####################################################################
# C2 locked  (test_dual_locked)
####################################################################
====================================================================
C2  Parallel locked dual-arm execution
    left=192.168.1.10  right=192.168.1.11  arm v=20%  lift v=50%
    sequence: [('arm', 'ready'), ('hand', 'release'), ('sync', ('zero', 'half')), ('hand', 'grasp'), ('sync', ('ready', 'full')), ('hand', 'half_grasp'), ('arm', 'rest')]
    BOTH ARMS AND BOTH POLES WILL MOVE
====================================================================
current c api version:  emu-1.1.6
  starting in 5 ...
  starting in 4 ...
  starting in 3 ...
  starting in 2 ...
  starting in 1 ...

  step results:
  ────────────────────────────────────────────────────────────
  ('arm', 'ready')         skew   1.12 ms   L   0.30 s   R   0.30 s   |d|  0.00 s   ok=True
  ('hand', 'release')      skew   1.03 ms   L   0.02 s   R   0.02 s   |d|  0.00 s   ok=True
  ('sync', ('zero', 'half')) skew   3.14 ms   L   0.30 s   R   0.30 s   |d|  0.00 s   ok=True
  ('hand', 'grasp')        skew   1.14 ms   L   0.08 s   R   0.08 s   |d|  0.00 s   ok=True
  ('sync', ('ready', 'full')) skew   3.56 ms   L   0.38 s   R   0.38 s   |d|  0.00 s   ok=True
  ('hand', 'half_grasp')   skew   1.21 ms   L   0.05 s   R   0.05 s   |d|  0.00 s   ok=True
  ('arm', 'rest')          skew   1.22 ms   L   0.19 s   R   0.19 s   |d|  0.00 s   ok=True
  [PASS] all dispatches accepted
  [PASS] sequence completed with barrier per step
  [PASS] dispatch skew  (max 3.56 ms)
  [PASS] arrival via event for every step
  [INFO] completion delta between arms: mean 0.00 s, max 0.00 s
  [INFO] sync left  ('zero', 'half')     arm-dur-est 3.00 s, matched lift 4%, start skew    1.0 ms, finish skew    +0.0 ms
  [INFO] sync right ('zero', 'half')     arm-dur-est 3.00 s, matched lift 4%, start skew    1.1 ms, finish skew    +0.0 ms
  [INFO] sync left  ('ready', 'full')    arm-dur-est 3.00 s, matched lift 29%, start skew    1.1 ms, finish skew   +73.8 ms
  [INFO] sync right ('ready', 'full')    arm-dur-est 3.00 s, matched lift 29%, start skew    1.0 ms, finish skew    +3.6 ms
  [PASS] arm-pole sync finish  (worst pole lateness +74 ms)

  Summary: 5 PASS, 0 FAIL, 0 SKIP

####################################################################
# C3 chained  (test_dual_chained)
####################################################################
====================================================================
C3  Chained dual-arm execution (left leads, right follows)
    left=192.168.1.10  right=192.168.1.11  arm v=20%  lift v=50%
    sequence: [('arm', 'ready'), ('hand', 'release'), ('sync', ('zero', 'half')), ('hand', 'grasp'), ('sync', ('ready', 'full')), ('hand', 'half_grasp'), ('arm', 'rest')]
    BOTH ARMS AND BOTH POLES WILL MOVE
====================================================================
current c api version:  emu-1.1.6
  starting in 5 ...
  starting in 4 ...
  starting in 3 ...
  starting in 2 ...
  starting in 1 ...

  chain results:
  ────────────────────────────────────────────────────────────
  step 0 ('arm', 'ready')       follower start after leader done, gate latency     0.1 ms, ok=True
  step 1 ('hand', 'release')    follower start after leader done, gate latency   117.2 ms, ok=True
  step 2 ('sync', ('zero', 'half')) follower start after leader done, gate latency     1.6 ms, ok=True
  step 3 ('hand', 'grasp')      follower start after leader done, gate latency   292.2 ms, ok=True
  step 4 ('sync', ('ready', 'full')) follower start after leader done, gate latency     1.7 ms, ok=True
  step 5 ('hand', 'half_grasp') follower start after leader done, gate latency   328.0 ms, ok=True
  step 6 ('arm', 'rest')        follower start after leader done, gate latency   183.7 ms, ok=True
  [PASS] all dispatches accepted
  [PASS] both chains completed
  [PASS] ordering invariant  (follower step k always after leader step k done)
  [PASS] follower gate latency  (max 328.0 ms)

  Summary: 4 PASS, 0 FAIL, 0 SKIP

####################################################################
# C4 free  (test_dual_free)
####################################################################
====================================================================
C4  Free-running dual-arm execution (no cross-arm gates)
    left=192.168.1.10  right=192.168.1.11  arm v=20%  lift v=50%
    sequence: [('arm', 'ready'), ('hand', 'release'), ('sync', ('zero', 'half')), ('hand', 'grasp'), ('sync', ('ready', 'full')), ('hand', 'half_grasp'), ('arm', 'rest')]
    BOTH ARMS AND BOTH POLES WILL MOVE
====================================================================
current c api version:  emu-1.1.6
  starting in 5 ...
  starting in 4 ...
  starting in 3 ...
  starting in 2 ...
  starting in 1 ...

  per-arm timelines:
  ────────────────────────────────────────────────────────────
  left : 7/7 steps in 1.35 s
  right: 7/7 steps in 1.35 s
  [PASS] all dispatches accepted
  [PASS] both arms completed independently
  [PASS] concurrent free run  (window overlap 100% of shorter run)

  Summary: 3 PASS, 0 FAIL, 0 SKIP

====================================================================
Emulated suite summary
  C1 connect   exit 0  (OK)
  C5 sim probe exit 0  (OK)
  C2 locked    exit 0  (OK)
  C3 chained   exit 0  (OK)
  C4 free      exit 0  (OK)
====================================================================

========================================================================
  Script : run_emulated_suite.py
  Log    : run_emulated_suite.log
  Started: 2026-08-06 12:38:39
========================================================================
====================================================================
EMULATED dual-arm concept suite  (time scale x10)
Arms are emulated in-process — nothing physical moves.
====================================================================

####################################################################
# C1 connect  (test_dual_connect)
####################################################################
====================================================================
C1  Dual-arm connectivity pre-check  (no motion is commanded)
    left=192.168.1.10  right=192.168.1.11
====================================================================
current c api version:  emu-1.1.6
  [PASS] left: robot info  (RM_75 7-DOF, controller gen 3)
  [PASS] left: arm state clean
  [PASS] left: lift state  (pos=100 hw-mm)
  [INFO] left: run mode = REAL
  [PASS] right: robot info  (RM_75 7-DOF, controller gen 3)
  [PASS] right: arm state clean
  [PASS] right: lift state  (pos=100 hw-mm)
  [INFO] right: run mode = REAL
  [PASS] handles distinct  (left id=1 right id=2)
  [PASS] event callback registered  (process-global, demuxed by handle_id)
  [PASS] pre-check complete  (no motion was commanded)

  Summary: 9 PASS, 0 FAIL, 0 SKIP

####################################################################
# C5 sim probe  (test_sim_motion_visibility)
####################################################################
====================================================================
C5  Simulation-mode motion visibility probe (no physical motion)
    arm=192.168.1.10  UDP -> 192.168.1.235:8095  probe: J7 +5.0 deg at v=10%
====================================================================
current c api version:  emu-1.1.6
  [INFO] original run mode: REAL
  [PASS] simulation mode engaged and verified
  [INFO] rm_set_realtime_push ret=0
  [PASS] UDP push delivering frames  (83 within 2 s)
  [PASS] probe movej accepted in simulation mode

  ────────────────────────────────────────────────────────────
  VERDICT — simulated motion accessibility (565 UDP frames):
    UDP realtime push sweeps:   YES
    Arrival event fires:        YES (trajectory_state=True)
    TCP polling sweeps:         YES  (1 polls)
  ────────────────────────────────────────────────────────────
  => Simulated motion IS programmatically accessible: the
     sim-rehearsal record-and-verify pipeline is viable.
  [PASS] probe completed with a definitive verdict
  [PASS] probe joint returned to start
  [INFO] run mode restored: REAL (ret=0)

  Summary: 5 PASS, 0 FAIL, 0 SKIP

####################################################################
# C2 locked  (test_dual_locked)
####################################################################
====================================================================
C2  Parallel locked dual-arm execution
    left=192.168.1.10  right=192.168.1.11  arm v=20%  lift v=50%
    sequence: [('arm', 'ready'), ('hand', 'release'), ('sync', ('zero', 'half')), ('hand', 'grasp'), ('sync', ('ready', 'full')), ('hand', 'half_grasp'), ('arm', 'rest')]
    BOTH ARMS AND BOTH POLES WILL MOVE
====================================================================
current c api version:  emu-1.1.6
  starting in 5 ...
  starting in 4 ...
  starting in 3 ...
  starting in 2 ...
  starting in 1 ...

  step results:
  ────────────────────────────────────────────────────────────
  ('arm', 'ready')         skew   0.96 ms   L   0.30 s   R   0.30 s   |d|  0.00 s   ok=True
  ('hand', 'release')      skew   1.16 ms   L   0.02 s   R   0.02 s   |d|  0.00 s   ok=True
  ('sync', ('zero', 'half')) skew   2.99 ms   L   0.30 s   R   0.30 s   |d|  0.00 s   ok=True
  ('hand', 'grasp')        skew   0.96 ms   L   0.08 s   R   0.08 s   |d|  0.00 s   ok=True
  ('sync', ('ready', 'full')) skew   3.29 ms   L   0.38 s   R   0.38 s   |d|  0.00 s   ok=True
  ('hand', 'half_grasp')   skew   0.89 ms   L   0.05 s   R   0.05 s   |d|  0.00 s   ok=True
  ('arm', 'rest')          skew   0.89 ms   L   0.19 s   R   0.19 s   |d|  0.00 s   ok=True
  [PASS] all dispatches accepted
  [PASS] sequence completed with barrier per step
  [PASS] dispatch skew  (max 3.29 ms)
  [PASS] arrival via event for every step
  [INFO] completion delta between arms: mean 0.00 s, max 0.00 s
  [INFO] sync left  ('zero', 'half')     arm-dur-est 3.00 s, matched lift 4%, start skew    0.9 ms, finish skew    +0.0 ms
  [INFO] sync right ('zero', 'half')     arm-dur-est 3.00 s, matched lift 4%, start skew    1.0 ms, finish skew    +0.0 ms
  [INFO] sync left  ('ready', 'full')    arm-dur-est 3.00 s, matched lift 29%, start skew    1.0 ms, finish skew   +73.9 ms
  [INFO] sync right ('ready', 'full')    arm-dur-est 3.00 s, matched lift 29%, start skew    0.9 ms, finish skew    +3.2 ms
  [PASS] arm-pole sync finish  (worst pole lateness +74 ms)

  Summary: 5 PASS, 0 FAIL, 0 SKIP

####################################################################
# C3 chained  (test_dual_chained)
####################################################################
====================================================================
C3  Chained dual-arm execution (left leads, right follows)
    left=192.168.1.10  right=192.168.1.11  arm v=20%  lift v=50%
    sequence: [('arm', 'ready'), ('hand', 'release'), ('sync', ('zero', 'half')), ('hand', 'grasp'), ('sync', ('ready', 'full')), ('hand', 'half_grasp'), ('arm', 'rest')]
    BOTH ARMS AND BOTH POLES WILL MOVE
====================================================================
current c api version:  emu-1.1.6
  starting in 5 ...
  starting in 4 ...
  starting in 3 ...
  starting in 2 ...
  starting in 1 ...

  chain results:
  ────────────────────────────────────────────────────────────
  step 0 ('arm', 'ready')       follower start after leader done, gate latency     0.1 ms, ok=True
  step 1 ('hand', 'release')    follower start after leader done, gate latency   117.0 ms, ok=True
  step 2 ('sync', ('zero', 'half')) follower start after leader done, gate latency     1.7 ms, ok=True
  step 3 ('hand', 'grasp')      follower start after leader done, gate latency   292.4 ms, ok=True
  step 4 ('sync', ('ready', 'full')) follower start after leader done, gate latency     1.8 ms, ok=True
  step 5 ('hand', 'half_grasp') follower start after leader done, gate latency   327.9 ms, ok=True
  step 6 ('arm', 'rest')        follower start after leader done, gate latency   184.0 ms, ok=True
  [PASS] all dispatches accepted
  [PASS] both chains completed
  [PASS] ordering invariant  (follower step k always after leader step k done)
  [PASS] follower gate latency  (max 327.9 ms)

  Summary: 4 PASS, 0 FAIL, 0 SKIP

####################################################################
# C4 free  (test_dual_free)
####################################################################
====================================================================
C4  Free-running dual-arm execution (no cross-arm gates)
    left=192.168.1.10  right=192.168.1.11  arm v=20%  lift v=50%
    sequence: [('arm', 'ready'), ('hand', 'release'), ('sync', ('zero', 'half')), ('hand', 'grasp'), ('sync', ('ready', 'full')), ('hand', 'half_grasp'), ('arm', 'rest')]
    BOTH ARMS AND BOTH POLES WILL MOVE
====================================================================
current c api version:  emu-1.1.6
  starting in 5 ...
  starting in 4 ...
  starting in 3 ...
  starting in 2 ...
  starting in 1 ...

  per-arm timelines:
  ────────────────────────────────────────────────────────────
  left : 7/7 steps in 1.35 s
  right: 7/7 steps in 1.35 s
  [PASS] all dispatches accepted
  [PASS] both arms completed independently
  [PASS] concurrent free run  (window overlap 100% of shorter run)

  Summary: 3 PASS, 0 FAIL, 0 SKIP

====================================================================
Emulated suite summary
  C1 connect   exit 0  (OK)
  C5 sim probe exit 0  (OK)
  C2 locked    exit 0  (OK)
  C3 chained   exit 0  (OK)
  C4 free      exit 0  (OK)
====================================================================

========================================================================
  Script : run_emulated_suite.py
  Log    : run_emulated_suite.log
  Started: 2026-08-06 12:49:19
========================================================================
====================================================================
EMULATED dual-arm concept suite  (time scale x10)
Arms are emulated in-process — nothing physical moves.
====================================================================

####################################################################
# C1 connect  (test_dual_connect)
####################################################################
====================================================================
C1  Dual-arm connectivity pre-check  (no motion is commanded)
    left=192.168.1.10  right=192.168.1.11
====================================================================
current c api version:  emu-1.1.6
  [PASS] left: robot info  (RM_75 7-DOF, controller gen 3)
  [PASS] left: arm state clean
  [PASS] left: lift state  (pos=100 hw-mm)
  [INFO] left: run mode = REAL
  [PASS] right: robot info  (RM_75 7-DOF, controller gen 3)
  [PASS] right: arm state clean
  [PASS] right: lift state  (pos=100 hw-mm)
  [INFO] right: run mode = REAL
  [PASS] handles distinct  (left id=1 right id=2)
  [PASS] event callback registered  (process-global, demuxed by handle_id)
  [PASS] pre-check complete  (no motion was commanded)

  Summary: 9 PASS, 0 FAIL, 0 SKIP

####################################################################
# C5 sim probe  (test_sim_motion_visibility)
####################################################################
====================================================================
C5  Simulation-mode motion visibility probe (no physical motion)
    arm=192.168.1.10  UDP -> 192.168.1.235:8095  probe: J7 +5.0 deg at v=10%
====================================================================
current c api version:  emu-1.1.6
  [INFO] original run mode: REAL
  [PASS] simulation mode engaged and verified
  [INFO] rm_set_realtime_push ret=0
  [PASS] UDP push delivering frames  (87 within 2 s)
  [PASS] probe movej accepted in simulation mode

  ────────────────────────────────────────────────────────────
  VERDICT — simulated motion accessibility (561 UDP frames):
    UDP realtime push sweeps:   YES
    Arrival event fires:        YES (trajectory_state=True)
    TCP polling sweeps:         YES  (1 polls)
  ────────────────────────────────────────────────────────────
  => Simulated motion IS programmatically accessible: the
     sim-rehearsal record-and-verify pipeline is viable.
  [PASS] probe completed with a definitive verdict
  [PASS] probe joint returned to start
  [INFO] run mode restored: REAL (ret=0)

  Summary: 5 PASS, 0 FAIL, 0 SKIP

####################################################################
# C2 locked  (test_dual_locked)
####################################################################
====================================================================
C2  Parallel locked dual-arm execution
    left=192.168.1.10  right=192.168.1.11  arm v=20%  lift v=50%
    sequence: [('arm', 'ready'), ('hand', 'release'), ('sync', ('zero', 'half')), ('hand', 'grasp'), ('sync', ('ready', 'full')), ('hand', 'half_grasp'), ('arm', 'rest')]
    BOTH ARMS AND BOTH POLES WILL MOVE
====================================================================
current c api version:  emu-1.1.6
  starting in 5 ...
  starting in 4 ...
  starting in 3 ...
  starting in 2 ...
  starting in 1 ...

  step results:
  ────────────────────────────────────────────────────────────
  ('arm', 'ready')         skew   0.74 ms   L   0.30 s   R   0.30 s   |d|  0.00 s   ok=True
  ('hand', 'release')      skew   0.97 ms   L   0.02 s   R   0.02 s   |d|  0.00 s   ok=True
  ('sync', ('zero', 'half')) skew   3.51 ms   L   0.30 s   R   0.30 s   |d|  0.00 s   ok=True
  ('hand', 'grasp')        skew   0.86 ms   L   0.08 s   R   0.08 s   |d|  0.00 s   ok=True
  ('sync', ('ready', 'full')) skew   3.05 ms   L   0.37 s   R   0.37 s   |d|  0.00 s   ok=True
  ('hand', 'half_grasp')   skew   0.82 ms   L   0.05 s   R   0.05 s   |d|  0.00 s   ok=True
  ('arm', 'rest')          skew   0.80 ms   L   0.19 s   R   0.19 s   |d|  0.00 s   ok=True
  [PASS] all dispatches accepted
  [PASS] sequence completed with barrier per step
  [PASS] dispatch skew  (max 3.51 ms)
  [PASS] arrival via event for every step
  [INFO] completion delta between arms: mean 0.00 s, max 0.00 s
  [INFO] sync left  ('zero', 'half')     arm-dur-est 3.00 s, matched lift 4%, start skew    1.0 ms, finish skew    +0.0 ms
  [INFO] sync right ('zero', 'half')     arm-dur-est 3.00 s, matched lift 4%, start skew    1.0 ms, finish skew    +0.0 ms
  [INFO] sync left  ('ready', 'full')    arm-dur-est 3.00 s, matched lift 29%, start skew    1.0 ms, finish skew   +73.5 ms
  [INFO] sync right ('ready', 'full')    arm-dur-est 3.00 s, matched lift 29%, start skew    0.9 ms, finish skew    +2.9 ms
  [PASS] arm-pole sync finish  (worst pole lateness +74 ms)

  Summary: 5 PASS, 0 FAIL, 0 SKIP

####################################################################
# C3 chained  (test_dual_chained)
####################################################################
====================================================================
C3  Chained dual-arm execution (left leads, right follows)
    left=192.168.1.10  right=192.168.1.11  arm v=20%  lift v=50%
    sequence: [('arm', 'ready'), ('hand', 'release'), ('sync', ('zero', 'half')), ('hand', 'grasp'), ('sync', ('ready', 'full')), ('hand', 'half_grasp'), ('arm', 'rest')]
    BOTH ARMS AND BOTH POLES WILL MOVE
====================================================================
current c api version:  emu-1.1.6
  starting in 5 ...
  starting in 4 ...
  starting in 3 ...
  starting in 2 ...
  starting in 1 ...

  chain results:
  ────────────────────────────────────────────────────────────
  step 0 ('arm', 'ready')       follower start after leader done, gate latency     0.1 ms, ok=True
  step 1 ('hand', 'release')    follower start after leader done, gate latency   116.8 ms, ok=True
  step 2 ('sync', ('zero', 'half')) follower start after leader done, gate latency     1.8 ms, ok=True
  step 3 ('hand', 'grasp')      follower start after leader done, gate latency   292.5 ms, ok=True
  step 4 ('sync', ('ready', 'full')) follower start after leader done, gate latency     1.6 ms, ok=True
  step 5 ('hand', 'half_grasp') follower start after leader done, gate latency   327.7 ms, ok=True
  step 6 ('arm', 'rest')        follower start after leader done, gate latency   183.3 ms, ok=True
  [PASS] all dispatches accepted
  [PASS] both chains completed
  [PASS] ordering invariant  (follower step k always after leader step k done)
  [PASS] follower gate latency  (max 327.7 ms)

  Summary: 4 PASS, 0 FAIL, 0 SKIP

####################################################################
# C4 free  (test_dual_free)
####################################################################
====================================================================
C4  Free-running dual-arm execution (no cross-arm gates)
    left=192.168.1.10  right=192.168.1.11  arm v=20%  lift v=50%
    sequence: [('arm', 'ready'), ('hand', 'release'), ('sync', ('zero', 'half')), ('hand', 'grasp'), ('sync', ('ready', 'full')), ('hand', 'half_grasp'), ('arm', 'rest')]
    BOTH ARMS AND BOTH POLES WILL MOVE
====================================================================
current c api version:  emu-1.1.6
  starting in 5 ...
  starting in 4 ...
  starting in 3 ...
  starting in 2 ...
  starting in 1 ...

  per-arm timelines:
  ────────────────────────────────────────────────────────────
  left : 7/7 steps in 1.35 s
  right: 7/7 steps in 1.35 s
  [PASS] all dispatches accepted
  [PASS] both arms completed independently
  [PASS] concurrent free run  (window overlap 100% of shorter run)

  Summary: 3 PASS, 0 FAIL, 0 SKIP

====================================================================
Emulated suite summary
  C1 connect   exit 0  (OK)
  C5 sim probe exit 0  (OK)
  C2 locked    exit 0  (OK)
  C3 chained   exit 0  (OK)
  C4 free      exit 0  (OK)
====================================================================

========================================================================
  Script : run_emulated_suite.py
  Log    : run_emulated_suite.log
  Started: 2026-08-06 12:52:55
========================================================================
====================================================================
EMULATED dual-arm concept suite  (time scale x10)
Arms are emulated in-process — nothing physical moves.
====================================================================

####################################################################
# C1 connect  (test_dual_connect)
####################################################################
====================================================================
C1  Dual-arm connectivity pre-check  (no motion is commanded)
    left=192.168.1.10  right=192.168.1.103
====================================================================
current c api version:  emu-1.1.6
  [PASS] left: robot info  (RM_75 7-DOF, controller gen 3)
  [PASS] left: arm state clean
  [PASS] left: lift state  (pos=100 hw-mm)
  [INFO] left: run mode = REAL
  [PASS] right: robot info  (RM_75 7-DOF, controller gen 3)
  [PASS] right: arm state clean
  [PASS] right: lift state  (pos=100 hw-mm)
  [INFO] right: run mode = REAL
  [PASS] handles distinct  (left id=1 right id=2)
  [PASS] event callback registered  (process-global, demuxed by handle_id)
  [PASS] pre-check complete  (no motion was commanded)

  Summary: 9 PASS, 0 FAIL, 0 SKIP

####################################################################
# C5 sim probe  (test_sim_motion_visibility)
####################################################################
====================================================================
C5  Simulation-mode motion visibility probe (no physical motion)
    arm=192.168.1.10  UDP -> 192.168.1.235:8095  probe: J7 +5.0 deg at v=10%
====================================================================
current c api version:  emu-1.1.6
  [INFO] original run mode: REAL
  [PASS] simulation mode engaged and verified
  [INFO] rm_set_realtime_push ret=0
  [PASS] UDP push delivering frames  (84 within 2 s)
  [PASS] probe movej accepted in simulation mode

  ────────────────────────────────────────────────────────────
  VERDICT — simulated motion accessibility (557 UDP frames):
    UDP realtime push sweeps:   YES
    Arrival event fires:        YES (trajectory_state=True)
    TCP polling sweeps:         YES  (1 polls)
  ────────────────────────────────────────────────────────────
  => Simulated motion IS programmatically accessible: the
     sim-rehearsal record-and-verify pipeline is viable.
  [PASS] probe completed with a definitive verdict
  [PASS] probe joint returned to start
  [INFO] run mode restored: REAL (ret=0)

  Summary: 5 PASS, 0 FAIL, 0 SKIP

####################################################################
# C2 locked  (test_dual_locked)
####################################################################
====================================================================
C2  Parallel locked dual-arm execution
    left=192.168.1.10  right=192.168.1.103  arm v=20%  lift v=50%
    sequence: [('arm', 'ready'), ('hand', 'release'), ('sync', ('zero', 'half')), ('hand', 'grasp'), ('sync', ('ready', 'full')), ('hand', 'half_grasp'), ('arm', 'rest')]
    BOTH ARMS AND BOTH POLES WILL MOVE
====================================================================
current c api version:  emu-1.1.6
  starting in 5 ...
  starting in 4 ...
  starting in 3 ...
  starting in 2 ...
  starting in 1 ...

  step results:
  ────────────────────────────────────────────────────────────
  ('arm', 'ready')         skew   1.03 ms   L   0.30 s   R   0.30 s   |d|  0.00 s   ok=True
  ('hand', 'release')      skew   0.80 ms   L   0.02 s   R   0.02 s   |d|  0.00 s   ok=True
  ('sync', ('zero', 'half')) skew   2.64 ms   L   0.30 s   R   0.30 s   |d|  0.00 s   ok=True
  ('hand', 'grasp')        skew   1.09 ms   L   0.08 s   R   0.08 s   |d|  0.00 s   ok=True
  ('sync', ('ready', 'full')) skew   3.70 ms   L   0.38 s   R   0.38 s   |d|  0.00 s   ok=True
  ('hand', 'half_grasp')   skew   0.99 ms   L   0.05 s   R   0.05 s   |d|  0.00 s   ok=True
  ('arm', 'rest')          skew   0.99 ms   L   0.19 s   R   0.19 s   |d|  0.00 s   ok=True
  [PASS] all dispatches accepted
  [PASS] sequence completed with barrier per step
  [PASS] dispatch skew  (max 3.70 ms)
  [PASS] arrival via event for every step
  [INFO] completion delta between arms: mean 0.00 s, max 0.00 s
  [INFO] sync left  ('zero', 'half')     arm-dur-est 3.00 s, matched lift 4%, start skew    0.8 ms, finish skew    +0.0 ms
  [INFO] sync right ('zero', 'half')     arm-dur-est 3.00 s, matched lift 4%, start skew    0.8 ms, finish skew    +0.0 ms
  [INFO] sync left  ('ready', 'full')    arm-dur-est 3.00 s, matched lift 29%, start skew    1.3 ms, finish skew   +73.9 ms
  [INFO] sync right ('ready', 'full')    arm-dur-est 3.00 s, matched lift 29%, start skew    0.9 ms, finish skew    +3.3 ms
  [PASS] arm-pole sync finish  (worst pole lateness +74 ms)

  Summary: 5 PASS, 0 FAIL, 0 SKIP

####################################################################
# C3 chained  (test_dual_chained)
####################################################################
====================================================================
C3  Chained dual-arm execution (left leads, right follows)
    left=192.168.1.10  right=192.168.1.103  arm v=20%  lift v=50%
    sequence: [('arm', 'ready'), ('hand', 'release'), ('sync', ('zero', 'half')), ('hand', 'grasp'), ('sync', ('ready', 'full')), ('hand', 'half_grasp'), ('arm', 'rest')]
    BOTH ARMS AND BOTH POLES WILL MOVE
====================================================================
current c api version:  emu-1.1.6
  starting in 5 ...
  starting in 4 ...
  starting in 3 ...
  starting in 2 ...
  starting in 1 ...

  chain results:
  ────────────────────────────────────────────────────────────
  step 0 ('arm', 'ready')       follower start after leader done, gate latency     0.1 ms, ok=True
  step 1 ('hand', 'release')    follower start after leader done, gate latency   117.2 ms, ok=True
  step 2 ('sync', ('zero', 'half')) follower start after leader done, gate latency     1.5 ms, ok=True
  step 3 ('hand', 'grasp')      follower start after leader done, gate latency   292.2 ms, ok=True
  step 4 ('sync', ('ready', 'full')) follower start after leader done, gate latency     1.7 ms, ok=True
  step 5 ('hand', 'half_grasp') follower start after leader done, gate latency   327.6 ms, ok=True
  step 6 ('arm', 'rest')        follower start after leader done, gate latency   183.4 ms, ok=True
  [PASS] all dispatches accepted
  [PASS] both chains completed
  [PASS] ordering invariant  (follower step k always after leader step k done)
  [PASS] follower gate latency  (max 327.6 ms)

  Summary: 4 PASS, 0 FAIL, 0 SKIP

####################################################################
# C4 free  (test_dual_free)
####################################################################
====================================================================
C4  Free-running dual-arm execution (no cross-arm gates)
    left=192.168.1.10  right=192.168.1.103  arm v=20%  lift v=50%
    sequence: [('arm', 'ready'), ('hand', 'release'), ('sync', ('zero', 'half')), ('hand', 'grasp'), ('sync', ('ready', 'full')), ('hand', 'half_grasp'), ('arm', 'rest')]
    BOTH ARMS AND BOTH POLES WILL MOVE
====================================================================
current c api version:  emu-1.1.6
  starting in 5 ...
  starting in 4 ...
  starting in 3 ...
  starting in 2 ...
  starting in 1 ...

  per-arm timelines:
  ────────────────────────────────────────────────────────────
  left : 7/7 steps in 1.35 s
  right: 7/7 steps in 1.35 s
  [PASS] all dispatches accepted
  [PASS] both arms completed independently
  [PASS] concurrent free run  (window overlap 100% of shorter run)

  Summary: 3 PASS, 0 FAIL, 0 SKIP

====================================================================
Emulated suite summary
  C1 connect   exit 0  (OK)
  C5 sim probe exit 0  (OK)
  C2 locked    exit 0  (OK)
  C3 chained   exit 0  (OK)
  C4 free      exit 0  (OK)
====================================================================

========================================================================
  Script : run_emulated_suite.py
  Log    : run_emulated_suite.log
  Started: 2026-08-06 13:17:01
========================================================================
Traceback (most recent call last):
  File "/home/newtonjeri/realman_API/RM_API2/Demo/RMDemo_Python/RMDemo_DualArmConcept/src/run_emulated_suite.py", line 26, in <module>
    import test_sim_motion_visibility
  File "/home/newtonjeri/realman_API/RM_API2/Demo/RMDemo_Python/RMDemo_DualArmConcept/src/test_sim_motion_visibility.py", line 21, in <module>
    from dual_arm_common import (
ImportError: cannot import name 'HOST_IP' from 'dual_arm_common' (/home/newtonjeri/realman_API/RM_API2/Demo/RMDemo_Python/RMDemo_DualArmConcept/src/dual_arm_common.py)

========================================================================
  Script : run_emulated_suite.py
  Log    : run_emulated_suite.log
  Started: 2026-08-06 13:18:44
========================================================================
====================================================================
EMULATED dual-arm concept suite  (time scale x10)
Arms are emulated in-process — nothing physical moves.
====================================================================

####################################################################
# C1 connect  (test_dual_connect)
####################################################################
====================================================================
C1  Dual-arm connectivity pre-check  (no motion is commanded)
    left=192.168.1.10  right=192.168.1.103
====================================================================
current c api version:  emu-1.1.6
  [PASS] left: robot info  (RM_75 7-DOF, controller gen 3)
  [PASS] left: arm state clean  (err codes ['0'])
  [PASS] left: lift state  (pos=100 hw-mm)
  [INFO] left: run mode = REAL
  [PASS] right: robot info  (RM_75 7-DOF, controller gen 3)
  [PASS] right: arm state clean  (err codes ['0'])
  [PASS] right: lift state  (pos=100 hw-mm)
  [INFO] right: run mode = REAL
  [PASS] handles distinct  (left id=1 right id=2)
  [PASS] event callback registered  (process-global, demuxed by handle_id)
  [PASS] pre-check complete  (no motion was commanded)

  Summary: 9 PASS, 0 FAIL, 0 SKIP

####################################################################
# C5 sim probe  (test_sim_motion_visibility)
####################################################################
====================================================================
C5  Simulation-mode motion visibility probe (no physical motion)
    arm=192.168.1.10  UDP -> 192.168.1.239:8095  probe: J7 +5.0 deg at v=10%
====================================================================
current c api version:  emu-1.1.6
  [INFO] original run mode: REAL
  [PASS] simulation mode engaged and verified
  [INFO] rm_set_realtime_push ret=0
  [PASS] UDP push delivering frames  (81 within 2 s)
  [PASS] probe movej accepted in simulation mode

  ────────────────────────────────────────────────────────────
  VERDICT — simulated motion accessibility (554 UDP frames):
    UDP realtime push sweeps:   YES
    Arrival event fires:        YES (trajectory_state=True)
    TCP polling sweeps:         YES  (1 polls)
  ────────────────────────────────────────────────────────────
  => Simulated motion IS programmatically accessible: the
     sim-rehearsal record-and-verify pipeline is viable.
  [PASS] probe completed with a definitive verdict
  [PASS] probe joint returned to start
  [INFO] run mode restored: REAL (ret=0)

  Summary: 5 PASS, 0 FAIL, 0 SKIP

####################################################################
# C2 locked  (test_dual_locked)
####################################################################
====================================================================
C2  Parallel locked dual-arm execution
    left=192.168.1.10  right=192.168.1.103  arm v=20%  lift v=50%
    sequence: [('arm', 'ready'), ('hand', 'release'), ('sync', ('zero', 'half')), ('hand', 'grasp'), ('sync', ('ready', 'full')), ('hand', 'half_grasp'), ('arm', 'rest')]
    BOTH ARMS AND BOTH POLES WILL MOVE
====================================================================
current c api version:  emu-1.1.6
  starting in 5 ...
  starting in 4 ...
  starting in 3 ...
  starting in 2 ...
  starting in 1 ...

  step results:
  ────────────────────────────────────────────────────────────
  ('arm', 'ready')         skew   0.89 ms   L   0.30 s   R   0.30 s   |d|  0.00 s   ok=True
  ('hand', 'release')      skew   0.92 ms   L   0.02 s   R   0.02 s   |d|  0.00 s   ok=True
  ('sync', ('zero', 'half')) skew   2.98 ms   L   0.30 s   R   0.30 s   |d|  0.00 s   ok=True
  ('hand', 'grasp')        skew   0.94 ms   L   0.08 s   R   0.08 s   |d|  0.00 s   ok=True
  ('sync', ('ready', 'full')) skew   2.90 ms   L   0.37 s   R   0.37 s   |d|  0.00 s   ok=True
  ('hand', 'half_grasp')   skew   0.90 ms   L   0.05 s   R   0.05 s   |d|  0.00 s   ok=True
  ('arm', 'rest')          skew   0.85 ms   L   0.19 s   R   0.19 s   |d|  0.00 s   ok=True
  [PASS] all dispatches accepted
  [PASS] sequence completed with barrier per step
  [PASS] dispatch skew  (max 2.98 ms)
  [PASS] arrival via event for every step
  [INFO] completion delta between arms: mean 0.00 s, max 0.00 s
  [INFO] sync left  ('zero', 'half')     arm-dur-est 3.00 s, matched lift 4%, start skew    1.0 ms, finish skew    +0.0 ms
  [INFO] sync right ('zero', 'half')     arm-dur-est 3.00 s, matched lift 4%, start skew    1.1 ms, finish skew    +0.0 ms
  [INFO] sync left  ('ready', 'full')    arm-dur-est 3.00 s, matched lift 29%, start skew    0.9 ms, finish skew   +73.7 ms
  [INFO] sync right ('ready', 'full')    arm-dur-est 3.00 s, matched lift 29%, start skew    0.8 ms, finish skew    +2.9 ms
  [PASS] arm-pole sync finish  (worst pole lateness +74 ms)

  Summary: 5 PASS, 0 FAIL, 0 SKIP

####################################################################
# C3 chained  (test_dual_chained)
####################################################################
====================================================================
C3  Chained dual-arm execution (left leads, right follows)
    left=192.168.1.10  right=192.168.1.103  arm v=20%  lift v=50%
    sequence: [('arm', 'ready'), ('hand', 'release'), ('sync', ('zero', 'half')), ('hand', 'grasp'), ('sync', ('ready', 'full')), ('hand', 'half_grasp'), ('arm', 'rest')]
    BOTH ARMS AND BOTH POLES WILL MOVE
====================================================================
current c api version:  emu-1.1.6
  starting in 5 ...
  starting in 4 ...
  starting in 3 ...
  starting in 2 ...
  starting in 1 ...

  chain results:
  ────────────────────────────────────────────────────────────
  step 0 ('arm', 'ready')       follower start after leader done, gate latency     0.2 ms, ok=True
  step 1 ('hand', 'release')    follower start after leader done, gate latency   116.9 ms, ok=True
  step 2 ('sync', ('zero', 'half')) follower start after leader done, gate latency     1.5 ms, ok=True
  step 3 ('hand', 'grasp')      follower start after leader done, gate latency   292.1 ms, ok=True
  step 4 ('sync', ('ready', 'full')) follower start after leader done, gate latency     1.7 ms, ok=True
  step 5 ('hand', 'half_grasp') follower start after leader done, gate latency   328.0 ms, ok=True
  step 6 ('arm', 'rest')        follower start after leader done, gate latency   184.1 ms, ok=True
  [PASS] all dispatches accepted
  [PASS] both chains completed
  [PASS] ordering invariant  (follower step k always after leader step k done)
  [PASS] follower gate latency  (max 328.0 ms)

  Summary: 4 PASS, 0 FAIL, 0 SKIP

####################################################################
# C4 free  (test_dual_free)
####################################################################
====================================================================
C4  Free-running dual-arm execution (no cross-arm gates)
    left=192.168.1.10  right=192.168.1.103  arm v=20%  lift v=50%
    sequence: [('arm', 'ready'), ('hand', 'release'), ('sync', ('zero', 'half')), ('hand', 'grasp'), ('sync', ('ready', 'full')), ('hand', 'half_grasp'), ('arm', 'rest')]
    BOTH ARMS AND BOTH POLES WILL MOVE
====================================================================
current c api version:  emu-1.1.6
  starting in 5 ...
  starting in 4 ...
  starting in 3 ...
  starting in 2 ...
  starting in 1 ...

  per-arm timelines:
  ────────────────────────────────────────────────────────────
  left : 7/7 steps in 1.35 s
  right: 7/7 steps in 1.35 s
  [PASS] all dispatches accepted
  [PASS] both arms completed independently
  [PASS] concurrent free run  (window overlap 100% of shorter run)

  Summary: 3 PASS, 0 FAIL, 0 SKIP

====================================================================
Emulated suite summary
  C1 connect   exit 0  (OK)
  C5 sim probe exit 0  (OK)
  C2 locked    exit 0  (OK)
  C3 chained   exit 0  (OK)
  C4 free      exit 0  (OK)
====================================================================

========================================================================
  Script : run_emulated_suite.py
  Log    : run_emulated_suite.log
  Started: 2026-08-06 13:42:29
========================================================================
====================================================================
EMULATED dual-arm concept suite  (time scale x10)
Arms are emulated in-process — nothing physical moves.
====================================================================

####################################################################
# C1 connect  (test_dual_connect)
####################################################################
====================================================================
C1  Dual-arm connectivity pre-check  (no motion is commanded)
    left=192.168.1.10  right=192.168.1.103
====================================================================
current c api version:  emu-1.1.6
  [PASS] left: robot info  (RM_75 7-DOF, controller gen 3)
  [PASS] left: arm state clean  (err codes ['0'])
  [PASS] left: lift state  (pos=100 hw-mm)
  [INFO] left: run mode = REAL
  [PASS] right: robot info  (RM_75 7-DOF, controller gen 3)
  [PASS] right: arm state clean  (err codes ['0'])
  [PASS] right: lift state  (pos=100 hw-mm)
  [INFO] right: run mode = REAL
  [PASS] handles distinct  (left id=1 right id=2)
  [PASS] event callback registered  (process-global, demuxed by handle_id)
  [PASS] pre-check complete  (no motion was commanded)

  Summary: 9 PASS, 0 FAIL, 0 SKIP

####################################################################
# C5 sim probe  (test_sim_motion_visibility)
####################################################################
====================================================================
C5  Simulation-mode motion visibility probe (no physical motion)
    arm=192.168.1.10  UDP -> 192.168.1.239:8095  probe: J7 +5.0 deg at v=10%
====================================================================
current c api version:  emu-1.1.6
  [INFO] original run mode: REAL
  [PASS] simulation mode engaged and verified
  [INFO] rm_set_realtime_push ret=0
  [PASS] UDP push delivering frames  (86 within 2 s)
  [PASS] probe movej accepted in simulation mode

  ────────────────────────────────────────────────────────────
  VERDICT — simulated motion accessibility (569 UDP frames):
    UDP realtime push sweeps:   YES
    Arrival event fires:        YES (trajectory_state=True)
    TCP polling sweeps:         YES  (1 polls)
  ────────────────────────────────────────────────────────────
  => Simulated motion IS programmatically accessible: the
     sim-rehearsal record-and-verify pipeline is viable.
  [PASS] probe completed with a definitive verdict
  [PASS] probe joint returned to start
  [INFO] run mode restored: REAL (ret=0)

  Summary: 5 PASS, 0 FAIL, 0 SKIP

####################################################################
# C2 locked  (test_dual_locked)
####################################################################
====================================================================
C2  Parallel locked dual-arm execution
    left=192.168.1.10  right=192.168.1.103  arm v=20%  lift v=50%
    sequence: [('arm', 'ready'), ('hand', 'release'), ('sync', ('zero', 'half')), ('hand', 'grasp'), ('sync', ('ready', 'full')), ('hand', 'half_grasp'), ('arm', 'rest')]
    BOTH ARMS AND BOTH POLES WILL MOVE
====================================================================
current c api version:  emu-1.1.6
  [INFO] left: run mode = REAL
  [INFO] right: run mode = REAL
  starting in 5 ...
  starting in 4 ...
  starting in 3 ...
  starting in 2 ...
  starting in 1 ...

  step results:
  ────────────────────────────────────────────────────────────
  ('arm', 'ready')         skew   0.75 ms   L   0.30 s   R   0.30 s   |d|  0.00 s   ok=True
  ('hand', 'release')      skew   1.00 ms   L   0.02 s   R   0.02 s   |d|  0.00 s   ok=True
  ('sync', ('zero', 'half')) skew   3.15 ms   L   0.30 s   R   0.30 s   |d|  0.00 s   ok=True
  ('hand', 'grasp')        skew   0.86 ms   L   0.08 s   R   0.08 s   |d|  0.00 s   ok=True
  ('sync', ('ready', 'full')) skew   2.92 ms   L   0.37 s   R   0.37 s   |d|  0.00 s   ok=True
  ('hand', 'half_grasp')   skew   0.69 ms   L   0.05 s   R   0.05 s   |d|  0.00 s   ok=True
  ('arm', 'rest')          skew   0.72 ms   L   0.19 s   R   0.19 s   |d|  0.00 s   ok=True
  [PASS] all dispatches accepted
  [PASS] sequence completed with barrier per step
  [PASS] dispatch skew  (max 3.15 ms)
  [PASS] arrival via event for every device
  [INFO] completion delta between arms: mean 0.00 s, max 0.00 s
  [INFO] sync left  ('zero', 'half')     arm-dur-est 3.00 s, matched lift 4%, start skew    0.9 ms, finish skew    +0.0 ms
  [INFO] sync right ('zero', 'half')     arm-dur-est 3.00 s, matched lift 4%, start skew    1.0 ms, finish skew    +0.0 ms
  [INFO] sync left  ('ready', 'full')    arm-dur-est 3.00 s, matched lift 29%, start skew    0.9 ms, finish skew   +73.6 ms
  [INFO] sync right ('ready', 'full')    arm-dur-est 3.00 s, matched lift 29%, start skew    1.0 ms, finish skew    +3.0 ms
  [PASS] arm-pole sync finish  (worst pole lateness +74 ms)

  Summary: 5 PASS, 0 FAIL, 0 SKIP

####################################################################
# C3 chained  (test_dual_chained)
####################################################################
====================================================================
C3  Chained dual-arm execution (left leads, right follows)
    left=192.168.1.10  right=192.168.1.103  arm v=20%  lift v=50%
    sequence: [('arm', 'ready'), ('hand', 'release'), ('sync', ('zero', 'half')), ('hand', 'grasp'), ('sync', ('ready', 'full')), ('hand', 'half_grasp'), ('arm', 'rest')]
    BOTH ARMS AND BOTH POLES WILL MOVE
====================================================================
current c api version:  emu-1.1.6
  [INFO] left: run mode = REAL
  [INFO] right: run mode = REAL
  starting in 5 ...
  starting in 4 ...
  starting in 3 ...
  starting in 2 ...
  starting in 1 ...

  chain results:
  ────────────────────────────────────────────────────────────
  step 0 ('arm', 'ready')       follower start after leader done, gate latency     0.1 ms, ok=True
  step 1 ('hand', 'release')    follower start after leader done, gate latency   116.8 ms, ok=True
  step 2 ('sync', ('zero', 'half')) follower start after leader done, gate latency     1.8 ms, ok=True
  step 3 ('hand', 'grasp')      follower start after leader done, gate latency   293.0 ms, ok=True
  step 4 ('sync', ('ready', 'full')) follower start after leader done, gate latency     2.4 ms, ok=True
  step 5 ('hand', 'half_grasp') follower start after leader done, gate latency   328.9 ms, ok=True
  step 6 ('arm', 'rest')        follower start after leader done, gate latency   184.6 ms, ok=True
  [PASS] all dispatches accepted
  [PASS] both chains completed
  [PASS] ordering invariant  (follower step k always after leader step k done)
  [PASS] follower gate latency  (max 328.9 ms)

  Summary: 4 PASS, 0 FAIL, 0 SKIP

####################################################################
# C4 free  (test_dual_free)
####################################################################
====================================================================
C4  Free-running dual-arm execution (no cross-arm gates)
    left=192.168.1.10  right=192.168.1.103  arm v=20%  lift v=50%
    sequence: [('arm', 'ready'), ('hand', 'release'), ('sync', ('zero', 'half')), ('hand', 'grasp'), ('sync', ('ready', 'full')), ('hand', 'half_grasp'), ('arm', 'rest')]
    BOTH ARMS AND BOTH POLES WILL MOVE
====================================================================
current c api version:  emu-1.1.6
  [INFO] left: run mode = REAL
  [INFO] right: run mode = REAL
  starting in 5 ...
  starting in 4 ...
  starting in 3 ...
  starting in 2 ...
  starting in 1 ...

  per-arm timelines:
  ────────────────────────────────────────────────────────────
  left : 7/7 steps in 1.35 s
  right: 7/7 steps in 1.35 s
  [PASS] all dispatches accepted
  [PASS] both arms completed independently
  [PASS] concurrent free run  (window overlap 100% of shorter run)

  Summary: 3 PASS, 0 FAIL, 0 SKIP

####################################################################
# C6 single-arm  (test_single_arm_planned)
####################################################################
====================================================================
C6  Single-arm planned-move benchmark (controller planning only)
    arm=left @ 192.168.1.10   movej v=20%   X offset +20 cm (world frame)
    THE LEFT ARM WILL MOVE (arm only — no pole, no hand)
====================================================================
current c api version:  emu-1.1.6
  [INFO] left: run mode = REAL
  starting in 5 ...
  starting in 4 ...
  starting in 3 ...
  starting in 2 ...
  starting in 1 ...
  movej -> ready   ret=0  event=True  duration   0.19 s
  [PASS] movej to ready
  movej -> rest    ret=0  event=True  duration   0.19 s
  [PASS] movej to rest_pose
  pose at rest: x=+0.350 y=+0.250 z=+0.900  ->  target x=+0.550
  movej_p +X: duration 0.10 s   dx=+0.200 dy=+0.000 dz=+0.000 m
  [PASS] Cartesian displacement verified  (dx=+0.200 m (target +0.20))
  movej -> ready   ret=0  event=True  duration   0.19 s
  [PASS] movej back to ready
  [PASS] planned-move pipeline exercised  (movej x3 + movej_p x1, no passthrough)

  Summary: 5 PASS, 0 FAIL, 0 SKIP

====================================================================
Emulated suite summary
  C1 connect   exit 0  (OK)
  C5 sim probe exit 0  (OK)
  C2 locked    exit 0  (OK)
  C3 chained   exit 0  (OK)
  C4 free      exit 0  (OK)
  C6 single-arm exit 0  (OK)
====================================================================

========================================================================
  Script : run_emulated_suite.py
  Log    : run_emulated_suite.log
  Started: 2026-08-06 13:52:55
========================================================================
====================================================================
EMULATED dual-arm concept suite  (time scale x10)
Arms are emulated in-process — nothing physical moves.
====================================================================

####################################################################
# C1 connect  (test_dual_connect)
####################################################################
====================================================================
C1  Dual-arm connectivity pre-check  (no motion is commanded)
    left=192.168.1.10  right=192.168.1.103
====================================================================
current c api version:  emu-1.1.6
  [PASS] left: robot info  (RM_75 7-DOF, controller gen 3)
  [PASS] left: arm state clean  (err codes ['0'])
  [PASS] left: lift state  (pos=100 hw-mm)
  [INFO] left: run mode = REAL
  [PASS] right: robot info  (RM_75 7-DOF, controller gen 3)
  [PASS] right: arm state clean  (err codes ['0'])
  [PASS] right: lift state  (pos=100 hw-mm)
  [INFO] right: run mode = REAL
  [PASS] handles distinct  (left id=1 right id=2)
  [PASS] event callback registered  (process-global, demuxed by handle_id)
  [PASS] pre-check complete  (no motion was commanded)

  Summary: 9 PASS, 0 FAIL, 0 SKIP

####################################################################
# C5 sim probe  (test_sim_motion_visibility)
####################################################################
====================================================================
C5  Simulation-mode motion visibility probe (no physical motion)
    arm=192.168.1.10  UDP -> 192.168.1.239:8095  probe: J7 +5.0 deg at v=10%
====================================================================
current c api version:  emu-1.1.6
  [INFO] original run mode: REAL
  [PASS] simulation mode engaged and verified
  [INFO] rm_set_realtime_push ret=0
  [PASS] UDP push delivering frames  (84 within 2 s)
  [PASS] probe movej accepted in simulation mode

  ────────────────────────────────────────────────────────────
  VERDICT — simulated motion accessibility (539 UDP frames):
    UDP realtime push sweeps:   YES
    Arrival event fires:        YES (trajectory_state=True)
    TCP polling sweeps:         YES  (1 polls)
  ────────────────────────────────────────────────────────────
  => Simulated motion IS programmatically accessible: the
     sim-rehearsal record-and-verify pipeline is viable.
  [PASS] probe completed with a definitive verdict
  [PASS] probe joint returned to start
  [INFO] run mode restored: REAL (ret=0)

  Summary: 5 PASS, 0 FAIL, 0 SKIP

####################################################################
# C2 locked  (test_dual_locked)
####################################################################
====================================================================
C2  Parallel locked dual-arm execution
    left=192.168.1.10  right=192.168.1.103  arm v=20%  lift v=50%
    sequence: [('arm', 'ready'), ('hand', 'release'), ('sync', ('zero', 'half')), ('hand', 'grasp'), ('sync', ('ready', 'full')), ('hand', 'half_grasp'), ('arm', 'rest')]
    BOTH ARMS AND BOTH POLES WILL MOVE
====================================================================
current c api version:  emu-1.1.6
  [INFO] left: run mode = REAL
  [INFO] right: run mode = REAL
  starting in 5 ...
  starting in 4 ...
  starting in 3 ...
  starting in 2 ...
  starting in 1 ...

  step results:
  ────────────────────────────────────────────────────────────
  ('arm', 'ready')         skew   1.02 ms   L   0.30 s   R   0.30 s   |d|  0.00 s   ok=True
  ('hand', 'release')      skew   0.86 ms   L   0.02 s   R   0.02 s   |d|  0.00 s   ok=True
  ('sync', ('zero', 'half')) skew   3.11 ms   L   0.30 s   R   0.30 s   |d|  0.00 s   ok=True
  ('hand', 'grasp')        skew   0.94 ms   L   0.08 s   R   0.08 s   |d|  0.00 s   ok=True
  ('sync', ('ready', 'full')) skew   3.41 ms   L   0.38 s   R   0.37 s   |d|  0.00 s   ok=True
  ('hand', 'half_grasp')   skew   0.83 ms   L   0.05 s   R   0.05 s   |d|  0.00 s   ok=True
  ('arm', 'rest')          skew   1.09 ms   L   0.19 s   R   0.19 s   |d|  0.00 s   ok=True
  [PASS] all dispatches accepted
  [PASS] sequence completed with barrier per step
  [PASS] dispatch skew  (max 3.41 ms)
  [PASS] arrival via event for every device
  [INFO] completion delta between arms: mean 0.00 s, max 0.00 s
  [INFO] sync left  ('zero', 'half')     arm-dur-est 3.00 s, matched lift 4%, start skew    0.8 ms, finish skew    +0.0 ms
  [INFO] sync right ('zero', 'half')     arm-dur-est 3.00 s, matched lift 4%, start skew    0.8 ms, finish skew    +0.0 ms
  [INFO] sync left  ('ready', 'full')    arm-dur-est 3.00 s, matched lift 29%, start skew    1.0 ms, finish skew   +73.8 ms
  [INFO] sync right ('ready', 'full')    arm-dur-est 3.00 s, matched lift 29%, start skew    0.9 ms, finish skew    +3.1 ms
  [PASS] arm-pole sync finish  (worst pole lateness +74 ms)

  Summary: 5 PASS, 0 FAIL, 0 SKIP

####################################################################
# C3 chained  (test_dual_chained)
####################################################################
====================================================================
C3  Chained dual-arm execution (left leads, right follows)
    left=192.168.1.10  right=192.168.1.103  arm v=20%  lift v=50%
    sequence: [('arm', 'ready'), ('hand', 'release'), ('sync', ('zero', 'half')), ('hand', 'grasp'), ('sync', ('ready', 'full')), ('hand', 'half_grasp'), ('arm', 'rest')]
    BOTH ARMS AND BOTH POLES WILL MOVE
====================================================================
current c api version:  emu-1.1.6
  [INFO] left: run mode = REAL
  [INFO] right: run mode = REAL
  starting in 5 ...
  starting in 4 ...
  starting in 3 ...
  starting in 2 ...
  starting in 1 ...

  chain results:
  ────────────────────────────────────────────────────────────
  step 0 ('arm', 'ready')       follower start after leader done, gate latency     0.1 ms, ok=True
  step 1 ('hand', 'release')    follower start after leader done, gate latency   117.2 ms, ok=True
  step 2 ('sync', ('zero', 'half')) follower start after leader done, gate latency     2.0 ms, ok=True
  step 3 ('hand', 'grasp')      follower start after leader done, gate latency   292.6 ms, ok=True
  step 4 ('sync', ('ready', 'full')) follower start after leader done, gate latency     3.7 ms, ok=True
  step 5 ('hand', 'half_grasp') follower start after leader done, gate latency   330.1 ms, ok=True
  step 6 ('arm', 'rest')        follower start after leader done, gate latency   185.6 ms, ok=True
  [PASS] all dispatches accepted
  [PASS] both chains completed
  [PASS] ordering invariant  (follower step k always after leader step k done)
  [PASS] follower gate latency  (max 330.1 ms)

  Summary: 4 PASS, 0 FAIL, 0 SKIP

####################################################################
# C4 free  (test_dual_free)
####################################################################
====================================================================
C4  Free-running dual-arm execution (no cross-arm gates)
    left=192.168.1.10  right=192.168.1.103  arm v=20%  lift v=50%
    sequence: [('arm', 'ready'), ('hand', 'release'), ('sync', ('zero', 'half')), ('hand', 'grasp'), ('sync', ('ready', 'full')), ('hand', 'half_grasp'), ('arm', 'rest')]
    BOTH ARMS AND BOTH POLES WILL MOVE
====================================================================
current c api version:  emu-1.1.6
  [INFO] left: run mode = REAL
  [INFO] right: run mode = REAL
  starting in 5 ...
  starting in 4 ...
  starting in 3 ...
  starting in 2 ...
  starting in 1 ...

  per-arm timelines:
  ────────────────────────────────────────────────────────────
  left : 7/7 steps in 1.35 s
  right: 7/7 steps in 1.35 s
  [PASS] all dispatches accepted
  [PASS] both arms completed independently
  [PASS] concurrent free run  (window overlap 100% of shorter run)

  Summary: 3 PASS, 0 FAIL, 0 SKIP

####################################################################
# C6 single-arm  (test_single_arm_planned)
####################################################################
====================================================================
C6  Single-arm planned-move benchmark (controller planning only)
    arm=left @ 192.168.1.10   movej v=20%   X offset +20 cm (world frame)
    THE LEFT ARM WILL MOVE (arm only — no pole, no hand)
====================================================================
current c api version:  emu-1.1.6
  [INFO] left: run mode = REAL
  starting in 5 ...
  starting in 4 ...
  starting in 3 ...
  starting in 2 ...
  starting in 1 ...
  movej -> ready   ret=0  event=True  duration   0.19 s
  [PASS] movej to ready
  movej -> rest    ret=0  event=True  duration   0.19 s
  [PASS] movej to rest_pose
  pose at rest: x=-0.058 y=+0.101 z=+0.488  ->  target x=+0.142
  movej_p +X: duration 0.16 s   dx=+0.200 dy=+0.000 dz=+0.000 m
  [PASS] Cartesian displacement verified  (dx=+0.200 m (target +0.20))
  movej -> ready   ret=0  event=True  duration   0.21 s
  [PASS] movej back to ready
  [PASS] planned-move pipeline exercised  (movej x3 + movej_p x1, no passthrough)

  Summary: 5 PASS, 0 FAIL, 0 SKIP

====================================================================
Emulated suite summary
  C1 connect   exit 0  (OK)
  C5 sim probe exit 0  (OK)
  C2 locked    exit 0  (OK)
  C3 chained   exit 0  (OK)
  C4 free      exit 0  (OK)
  C6 single-arm exit 0  (OK)
====================================================================

========================================================================
  Script : run_emulated_suite.py
  Log    : run_emulated_suite.log
  Started: 2026-08-06 13:53:21
========================================================================
====================================================================
EMULATED dual-arm concept suite  (time scale x10)
Arms are emulated in-process — nothing physical moves.
====================================================================

####################################################################
# C1 connect  (test_dual_connect)
####################################################################
====================================================================
C1  Dual-arm connectivity pre-check  (no motion is commanded)
    left=192.168.1.10  right=192.168.1.103
====================================================================
current c api version:  emu-1.1.6
  [PASS] left: robot info  (RM_75 7-DOF, controller gen 3)
  [PASS] left: arm state clean  (err codes ['0'])
  [PASS] left: lift state  (pos=100 hw-mm)
  [INFO] left: run mode = REAL
  [PASS] right: robot info  (RM_75 7-DOF, controller gen 3)
  [PASS] right: arm state clean  (err codes ['0'])
  [PASS] right: lift state  (pos=100 hw-mm)
  [INFO] right: run mode = REAL
  [PASS] handles distinct  (left id=1 right id=2)
  [PASS] event callback registered  (process-global, demuxed by handle_id)
  [PASS] pre-check complete  (no motion was commanded)

  Summary: 9 PASS, 0 FAIL, 0 SKIP

####################################################################
# C5 sim probe  (test_sim_motion_visibility)
####################################################################
====================================================================
C5  Simulation-mode motion visibility probe (no physical motion)
    arm=192.168.1.10  UDP -> 192.168.1.239:8095  probe: J7 +5.0 deg at v=10%
====================================================================
current c api version:  emu-1.1.6
  [INFO] original run mode: REAL
  [PASS] simulation mode engaged and verified
  [INFO] rm_set_realtime_push ret=0
  [PASS] UDP push delivering frames  (84 within 2 s)
  [PASS] probe movej accepted in simulation mode

  ────────────────────────────────────────────────────────────
  VERDICT — simulated motion accessibility (558 UDP frames):
    UDP realtime push sweeps:   YES
    Arrival event fires:        YES (trajectory_state=True)
    TCP polling sweeps:         YES  (1 polls)
  ────────────────────────────────────────────────────────────
  => Simulated motion IS programmatically accessible: the
     sim-rehearsal record-and-verify pipeline is viable.
  [PASS] probe completed with a definitive verdict
  [PASS] probe joint returned to start
  [INFO] run mode restored: REAL (ret=0)

  Summary: 5 PASS, 0 FAIL, 0 SKIP

####################################################################
# C2 locked  (test_dual_locked)
####################################################################
====================================================================
C2  Parallel locked dual-arm execution
    left=192.168.1.10  right=192.168.1.103  arm v=20%  lift v=50%
    sequence: [('arm', 'ready'), ('hand', 'release'), ('sync', ('zero', 'half')), ('hand', 'grasp'), ('sync', ('ready', 'full')), ('hand', 'half_grasp'), ('arm', 'rest')]
    BOTH ARMS AND BOTH POLES WILL MOVE
====================================================================
current c api version:  emu-1.1.6
  [INFO] left: run mode = REAL
  [INFO] right: run mode = REAL
  starting in 5 ...
  starting in 4 ...
  starting in 3 ...
  starting in 2 ...
  starting in 1 ...

  step results:
  ────────────────────────────────────────────────────────────
  ('arm', 'ready')         skew   0.98 ms   L   0.30 s   R   0.30 s   |d|  0.00 s   ok=True
  ('hand', 'release')      skew   1.01 ms   L   0.02 s   R   0.02 s   |d|  0.00 s   ok=True
  ('sync', ('zero', 'half')) skew   3.25 ms   L   0.30 s   R   0.30 s   |d|  0.00 s   ok=True
  ('hand', 'grasp')        skew   1.10 ms   L   0.08 s   R   0.08 s   |d|  0.00 s   ok=True
  ('sync', ('ready', 'full')) skew   3.00 ms   L   0.37 s   R   0.37 s   |d|  0.00 s   ok=True
  ('hand', 'half_grasp')   skew   1.06 ms   L   0.05 s   R   0.05 s   |d|  0.00 s   ok=True
  ('arm', 'rest')          skew   1.18 ms   L   0.19 s   R   0.19 s   |d|  0.00 s   ok=True
  [PASS] all dispatches accepted
  [PASS] sequence completed with barrier per step
  [PASS] dispatch skew  (max 3.25 ms)
  [PASS] arrival via event for every device
  [INFO] completion delta between arms: mean 0.00 s, max 0.00 s
  [INFO] sync left  ('zero', 'half')     arm-dur-est 3.00 s, matched lift 4%, start skew    1.0 ms, finish skew    +0.0 ms
  [INFO] sync right ('zero', 'half')     arm-dur-est 3.00 s, matched lift 4%, start skew    1.0 ms, finish skew    +0.0 ms
  [INFO] sync left  ('ready', 'full')    arm-dur-est 3.00 s, matched lift 29%, start skew    0.9 ms, finish skew   +73.8 ms
  [INFO] sync right ('ready', 'full')    arm-dur-est 3.00 s, matched lift 29%, start skew    0.8 ms, finish skew    +2.9 ms
  [PASS] arm-pole sync finish  (worst pole lateness +74 ms)

  Summary: 5 PASS, 0 FAIL, 0 SKIP

####################################################################
# C3 chained  (test_dual_chained)
####################################################################
====================================================================
C3  Chained dual-arm execution (left leads, right follows)
    left=192.168.1.10  right=192.168.1.103  arm v=20%  lift v=50%
    sequence: [('arm', 'ready'), ('hand', 'release'), ('sync', ('zero', 'half')), ('hand', 'grasp'), ('sync', ('ready', 'full')), ('hand', 'half_grasp'), ('arm', 'rest')]
    BOTH ARMS AND BOTH POLES WILL MOVE
====================================================================
current c api version:  emu-1.1.6
  [INFO] left: run mode = REAL
  [INFO] right: run mode = REAL
  starting in 5 ...
  starting in 4 ...
  starting in 3 ...
  starting in 2 ...
  starting in 1 ...

  chain results:
  ────────────────────────────────────────────────────────────
  step 0 ('arm', 'ready')       follower start after leader done, gate latency     0.2 ms, ok=True
  step 1 ('hand', 'release')    follower start after leader done, gate latency   116.8 ms, ok=True
  step 2 ('sync', ('zero', 'half')) follower start after leader done, gate latency     1.7 ms, ok=True
  step 3 ('hand', 'grasp')      follower start after leader done, gate latency   292.2 ms, ok=True
  step 4 ('sync', ('ready', 'full')) follower start after leader done, gate latency     2.4 ms, ok=True
  step 5 ('hand', 'half_grasp') follower start after leader done, gate latency   328.0 ms, ok=True
  step 6 ('arm', 'rest')        follower start after leader done, gate latency   183.6 ms, ok=True
  [PASS] all dispatches accepted
  [PASS] both chains completed
  [PASS] ordering invariant  (follower step k always after leader step k done)
  [PASS] follower gate latency  (max 328.0 ms)

  Summary: 4 PASS, 0 FAIL, 0 SKIP

####################################################################
# C4 free  (test_dual_free)
####################################################################
====================================================================
C4  Free-running dual-arm execution (no cross-arm gates)
    left=192.168.1.10  right=192.168.1.103  arm v=20%  lift v=50%
    sequence: [('arm', 'ready'), ('hand', 'release'), ('sync', ('zero', 'half')), ('hand', 'grasp'), ('sync', ('ready', 'full')), ('hand', 'half_grasp'), ('arm', 'rest')]
    BOTH ARMS AND BOTH POLES WILL MOVE
====================================================================
current c api version:  emu-1.1.6
  [INFO] left: run mode = REAL
  [INFO] right: run mode = REAL
  starting in 5 ...
  starting in 4 ...
  starting in 3 ...
  starting in 2 ...
  starting in 1 ...

  per-arm timelines:
  ────────────────────────────────────────────────────────────
  left : 7/7 steps in 1.35 s
  right: 7/7 steps in 1.35 s
  [PASS] all dispatches accepted
  [PASS] both arms completed independently
  [PASS] concurrent free run  (window overlap 100% of shorter run)

  Summary: 3 PASS, 0 FAIL, 0 SKIP

####################################################################
# C6 single-arm  (test_single_arm_planned)
####################################################################
====================================================================
C6  Single-arm planned-move benchmark (controller planning only)
    arm=left @ 192.168.1.10   movej v=20%   X offset +20 cm (world frame)
    THE LEFT ARM WILL MOVE (arm only — no pole, no hand)
====================================================================
current c api version:  emu-1.1.6
  [INFO] left: run mode = REAL
  starting in 5 ...
  starting in 4 ...
  starting in 3 ...
  starting in 2 ...
  starting in 1 ...
  movej -> ready   ret=0  event=True  duration   0.19 s
  [PASS] movej to ready
  movej -> rest    ret=0  event=True  duration   0.19 s
  [PASS] movej to rest_pose
  pose at rest: x=-0.058 y=+0.101 z=+0.488  ->  target x=+0.142
  movej_p +X: duration 0.15 s   dx=+0.200 dy=+0.000 dz=+0.000 m
  [PASS] Cartesian displacement verified  (dx=+0.200 m (target +0.20))
  movej -> ready   ret=0  event=True  duration   0.21 s
  [PASS] movej back to ready
  [PASS] planned-move pipeline exercised  (movej x3 + movej_p x1, no passthrough)

  Summary: 5 PASS, 0 FAIL, 0 SKIP

====================================================================
Emulated suite summary
  C1 connect   exit 0  (OK)
  C5 sim probe exit 0  (OK)
  C2 locked    exit 0  (OK)
  C3 chained   exit 0  (OK)
  C4 free      exit 0  (OK)
  C6 single-arm exit 0  (OK)
====================================================================

========================================================================
  Script : run_emulated_suite.py
  Log    : run_emulated_suite.log
  Started: 2026-08-06 13:54:43
========================================================================
====================================================================
EMULATED dual-arm concept suite  (time scale x10)
Arms are emulated in-process — nothing physical moves.
====================================================================

####################################################################
# C1 connect  (test_dual_connect)
####################################################################
====================================================================
C1  Dual-arm connectivity pre-check  (no motion is commanded)
    left=192.168.1.10  right=192.168.1.103
====================================================================
current c api version:  emu-1.1.6
  [PASS] left: robot info  (RM_75 7-DOF, controller gen 3)
  [PASS] left: arm state clean  (err codes ['0'])
  [PASS] left: lift state  (pos=100 hw-mm)
  [INFO] left: run mode = REAL
  [PASS] right: robot info  (RM_75 7-DOF, controller gen 3)
  [PASS] right: arm state clean  (err codes ['0'])
  [PASS] right: lift state  (pos=100 hw-mm)
  [INFO] right: run mode = REAL
  [PASS] handles distinct  (left id=1 right id=2)
  [PASS] event callback registered  (process-global, demuxed by handle_id)
  [PASS] pre-check complete  (no motion was commanded)

  Summary: 9 PASS, 0 FAIL, 0 SKIP

####################################################################
# C5 sim probe  (test_sim_motion_visibility)
####################################################################
====================================================================
C5  Simulation-mode motion visibility probe (no physical motion)
    arm=192.168.1.10  UDP -> 192.168.1.239:8095  probe: J7 +5.0 deg at v=10%
====================================================================
current c api version:  emu-1.1.6
  [INFO] original run mode: REAL
  [PASS] simulation mode engaged and verified
  [INFO] rm_set_realtime_push ret=0
  [PASS] UDP push delivering frames  (82 within 2 s)
  [PASS] probe movej accepted in simulation mode

  ────────────────────────────────────────────────────────────
  VERDICT — simulated motion accessibility (556 UDP frames):
    UDP realtime push sweeps:   YES
    Arrival event fires:        YES (trajectory_state=True)
    TCP polling sweeps:         YES  (1 polls)
  ────────────────────────────────────────────────────────────
  => Simulated motion IS programmatically accessible: the
     sim-rehearsal record-and-verify pipeline is viable.
  [PASS] probe completed with a definitive verdict
  [PASS] probe joint returned to start
  [INFO] run mode restored: REAL (ret=0)

  Summary: 5 PASS, 0 FAIL, 0 SKIP

####################################################################
# C2 locked  (test_dual_locked)
####################################################################
====================================================================
C2  Parallel locked dual-arm execution
    left=192.168.1.10  right=192.168.1.103  arm v=20%  lift v=50%
    sequence: [('arm', 'ready'), ('hand', 'release'), ('sync', ('zero', 'half')), ('hand', 'grasp'), ('sync', ('ready', 'full')), ('hand', 'half_grasp'), ('arm', 'rest')]
    BOTH ARMS AND BOTH POLES WILL MOVE
====================================================================
current c api version:  emu-1.1.6
  [INFO] left: run mode = REAL
  [INFO] right: run mode = REAL
  starting in 5 ...
  starting in 4 ...
  starting in 3 ...
  starting in 2 ...
  starting in 1 ...

  step results:
  ────────────────────────────────────────────────────────────
  ('arm', 'ready')         skew   0.97 ms   L   0.30 s   R   0.30 s   |d|  0.00 s   ok=True
  ('hand', 'release')      skew   1.04 ms   L   0.02 s   R   0.02 s   |d|  0.00 s   ok=True
  ('sync', ('zero', 'half')) skew   3.35 ms   L   0.30 s   R   0.30 s   |d|  0.00 s   ok=True
  ('hand', 'grasp')        skew   0.82 ms   L   0.08 s   R   0.08 s   |d|  0.00 s   ok=True
  ('sync', ('ready', 'full')) skew   3.49 ms   L   0.38 s   R   0.37 s   |d|  0.00 s   ok=True
  ('hand', 'half_grasp')   skew   1.19 ms   L   0.05 s   R   0.05 s   |d|  0.00 s   ok=True
  ('arm', 'rest')          skew   0.90 ms   L   0.19 s   R   0.19 s   |d|  0.00 s   ok=True
  [PASS] all dispatches accepted
  [PASS] sequence completed with barrier per step
  [PASS] dispatch skew  (max 3.49 ms)
  [PASS] arrival via event for every device
  [INFO] completion delta between arms: mean 0.00 s, max 0.00 s
  [INFO] sync left  ('zero', 'half')     arm-dur-est 3.00 s, matched lift 4%, start skew    1.0 ms, finish skew    +0.0 ms
  [INFO] sync right ('zero', 'half')     arm-dur-est 3.00 s, matched lift 4%, start skew    0.9 ms, finish skew    +0.0 ms
  [INFO] sync left  ('ready', 'full')    arm-dur-est 3.00 s, matched lift 29%, start skew    1.0 ms, finish skew   +73.9 ms
  [INFO] sync right ('ready', 'full')    arm-dur-est 3.00 s, matched lift 29%, start skew    0.9 ms, finish skew    +3.3 ms
  [PASS] arm-pole sync finish  (worst pole lateness +74 ms)

  Summary: 5 PASS, 0 FAIL, 0 SKIP

####################################################################
# C3 chained  (test_dual_chained)
####################################################################
====================================================================
C3  Chained dual-arm execution (left leads, right follows)
    left=192.168.1.10  right=192.168.1.103  arm v=20%  lift v=50%
    sequence: [('arm', 'ready'), ('hand', 'release'), ('sync', ('zero', 'half')), ('hand', 'grasp'), ('sync', ('ready', 'full')), ('hand', 'half_grasp'), ('arm', 'rest')]
    BOTH ARMS AND BOTH POLES WILL MOVE
====================================================================
current c api version:  emu-1.1.6
  [INFO] left: run mode = REAL
  [INFO] right: run mode = REAL
  starting in 5 ...
  starting in 4 ...
  starting in 3 ...
  starting in 2 ...
  starting in 1 ...

  chain results:
  ────────────────────────────────────────────────────────────
  step 0 ('arm', 'ready')       follower start after leader done, gate latency     0.1 ms, ok=True
  step 1 ('hand', 'release')    follower start after leader done, gate latency   116.6 ms, ok=True
  step 2 ('sync', ('zero', 'half')) follower start after leader done, gate latency     1.4 ms, ok=True
  step 3 ('hand', 'grasp')      follower start after leader done, gate latency   291.5 ms, ok=True
  step 4 ('sync', ('ready', 'full')) follower start after leader done, gate latency     1.6 ms, ok=True
  step 5 ('hand', 'half_grasp') follower start after leader done, gate latency   327.6 ms, ok=True
  step 6 ('arm', 'rest')        follower start after leader done, gate latency   183.6 ms, ok=True
  [PASS] all dispatches accepted
  [PASS] both chains completed
  [PASS] ordering invariant  (follower step k always after leader step k done)
  [PASS] follower gate latency  (max 327.6 ms)

  Summary: 4 PASS, 0 FAIL, 0 SKIP

####################################################################
# C4 free  (test_dual_free)
####################################################################
====================================================================
C4  Free-running dual-arm execution (no cross-arm gates)
    left=192.168.1.10  right=192.168.1.103  arm v=20%  lift v=50%
    sequence: [('arm', 'ready'), ('hand', 'release'), ('sync', ('zero', 'half')), ('hand', 'grasp'), ('sync', ('ready', 'full')), ('hand', 'half_grasp'), ('arm', 'rest')]
    BOTH ARMS AND BOTH POLES WILL MOVE
====================================================================
current c api version:  emu-1.1.6
  [INFO] left: run mode = REAL
  [INFO] right: run mode = REAL
  starting in 5 ...
  starting in 4 ...
  starting in 3 ...
  starting in 2 ...
  starting in 1 ...

  per-arm timelines:
  ────────────────────────────────────────────────────────────
  left : 7/7 steps in 1.35 s
  right: 7/7 steps in 1.35 s
  [PASS] all dispatches accepted
  [PASS] both arms completed independently
  [PASS] concurrent free run  (window overlap 100% of shorter run)

  Summary: 3 PASS, 0 FAIL, 0 SKIP

####################################################################
# C6 single-arm  (test_single_arm_planned)
####################################################################
====================================================================
C6  Single-arm planned-move benchmark (controller planning only)
    arm=left @ 192.168.1.10   movej v=20%   X offset +20 cm (world frame)
    THE LEFT ARM WILL MOVE (arm only — no pole, no hand)
====================================================================
current c api version:  emu-1.1.6
  [INFO] left: run mode = REAL
  starting in 5 ...
  starting in 4 ...
  starting in 3 ...
  starting in 2 ...
  starting in 1 ...
  movej -> ready   ret=0  event=True  duration   0.19 s
  [PASS] movej to ready
  movej -> rest    ret=0  event=True  duration   0.19 s
  [PASS] movej to rest_pose
  pose at rest: x=-0.058 y=+0.101 z=+0.488  ->  target x=+0.142
  movej_p +X: duration 0.15 s   dx=+0.200 dy=+0.000 dz=+0.000 m
  [PASS] Cartesian displacement verified  (dx=+0.200 m (target +0.20))
  movej -> ready   ret=0  event=True  duration   0.21 s
  [PASS] movej back to ready
  [PASS] planned-move pipeline exercised  (movej x3 + movej_p x1, no passthrough)

  Summary: 5 PASS, 0 FAIL, 0 SKIP

====================================================================
Emulated suite summary
  C1 connect   exit 0  (OK)
  C5 sim probe exit 0  (OK)
  C2 locked    exit 0  (OK)
  C3 chained   exit 0  (OK)
  C4 free      exit 0  (OK)
  C6 single-arm exit 0  (OK)
====================================================================

========================================================================
  Script : run_emulated_suite.py
  Log    : run_emulated_suite.log
  Started: 2026-08-06 14:03:55
========================================================================
====================================================================
EMULATED dual-arm concept suite  (time scale x10)
Arms are emulated in-process — nothing physical moves.
====================================================================

####################################################################
# C1 connect  (test_dual_connect)
####################################################################
====================================================================
C1  Dual-arm connectivity pre-check  (no motion is commanded)
    left=192.168.1.10  right=192.168.1.103
====================================================================
current c api version:  emu-1.1.6
  [PASS] left: robot info  (RM_75 7-DOF, controller gen 3)
  [PASS] left: arm state clean  (err codes ['0'])
  [PASS] left: lift state  (pos=100 hw-mm)
  [INFO] left: run mode = REAL
  [PASS] right: robot info  (RM_75 7-DOF, controller gen 3)
  [PASS] right: arm state clean  (err codes ['0'])
  [PASS] right: lift state  (pos=100 hw-mm)
  [INFO] right: run mode = REAL
  [PASS] handles distinct  (left id=1 right id=2)
  [PASS] event callback registered  (process-global, demuxed by handle_id)
  [PASS] pre-check complete  (no motion was commanded)

  Summary: 9 PASS, 0 FAIL, 0 SKIP

####################################################################
# C5 sim probe  (test_sim_motion_visibility)
####################################################################
====================================================================
C5  Simulation-mode motion visibility probe (no physical motion)
    arm=192.168.1.10  UDP -> 192.168.1.239:8095  probe: J7 +5.0 deg at v=10%
====================================================================
current c api version:  emu-1.1.6
  [INFO] original run mode: REAL
  [PASS] simulation mode engaged and verified
  [INFO] rm_set_realtime_push ret=0
  [PASS] UDP push delivering frames  (81 within 2 s)
  [PASS] probe movej accepted in simulation mode

  ────────────────────────────────────────────────────────────
  VERDICT — simulated motion accessibility (557 UDP frames):
    UDP realtime push sweeps:   YES
    Arrival event fires:        YES (trajectory_state=True)
    TCP polling sweeps:         YES  (1 polls)
  ────────────────────────────────────────────────────────────
  => Simulated motion IS programmatically accessible: the
     sim-rehearsal record-and-verify pipeline is viable.
  [PASS] probe completed with a definitive verdict
  [PASS] probe joint returned to start
  [INFO] run mode restored: REAL (ret=0)

  Summary: 5 PASS, 0 FAIL, 0 SKIP

####################################################################
# C2 locked  (test_dual_locked)
####################################################################
====================================================================
C2  Parallel locked dual-arm execution
    left=192.168.1.10  right=192.168.1.103  arm v=20%  lift v=50%
    sequence: [('arm', 'ready'), ('hand', 'release'), ('sync', ('zero', 'half')), ('hand', 'grasp'), ('sync', ('ready', 'full')), ('hand', 'half_grasp'), ('arm', 'rest')]
    mode: as-found  (select with --mode SIM|REAL)
    BOTH ARMS AND BOTH POLES WILL MOVE
====================================================================
current c api version:  emu-1.1.6
  [INFO] left: run mode = REAL
  [INFO] right: run mode = REAL
  starting in 5 ...
  starting in 4 ...
  starting in 3 ...
  starting in 2 ...
  starting in 1 ...

  step results:
  ────────────────────────────────────────────────────────────
  ('arm', 'ready')         skew   1.09 ms   L   0.30 s   R   0.30 s   |d|  0.00 s   ok=True
  ('hand', 'release')      skew   0.81 ms   L   0.02 s   R   0.02 s   |d|  0.00 s   ok=True
  ('sync', ('zero', 'half')) skew   3.10 ms   L   0.30 s   R   0.30 s   |d|  0.00 s   ok=True
  ('hand', 'grasp')        skew   1.08 ms   L   0.08 s   R   0.08 s   |d|  0.00 s   ok=True
  ('sync', ('ready', 'full')) skew   3.26 ms   L   0.37 s   R   0.37 s   |d|  0.00 s   ok=True
  ('hand', 'half_grasp')   skew   0.92 ms   L   0.05 s   R   0.05 s   |d|  0.00 s   ok=True
  ('arm', 'rest')          skew   0.98 ms   L   0.19 s   R   0.19 s   |d|  0.00 s   ok=True
  [PASS] all dispatches accepted
  [PASS] sequence completed with barrier per step
  [PASS] dispatch skew  (max 3.26 ms)
  [PASS] arrival via event for every device
  [INFO] completion delta between arms: mean 0.00 s, max 0.00 s
  [INFO] sync left  ('zero', 'half')     arm-dur-est 3.00 s, matched lift 4%, start skew    1.0 ms, finish skew    +0.0 ms
  [INFO] sync right ('zero', 'half')     arm-dur-est 3.00 s, matched lift 4%, start skew    1.1 ms, finish skew    +0.0 ms
  [INFO] sync left  ('ready', 'full')    arm-dur-est 3.00 s, matched lift 29%, start skew    0.8 ms, finish skew   +73.6 ms
  [INFO] sync right ('ready', 'full')    arm-dur-est 3.00 s, matched lift 29%, start skew    1.0 ms, finish skew    +3.4 ms
  [PASS] arm-pole sync finish  (worst pole lateness +74 ms)

  Summary: 5 PASS, 0 FAIL, 0 SKIP

####################################################################
# C3 chained  (test_dual_chained)
####################################################################
====================================================================
C3  Chained dual-arm execution (left leads, right follows)
    left=192.168.1.10  right=192.168.1.103  arm v=20%  lift v=50%
    sequence: [('arm', 'ready'), ('hand', 'release'), ('sync', ('zero', 'half')), ('hand', 'grasp'), ('sync', ('ready', 'full')), ('hand', 'half_grasp'), ('arm', 'rest')]
    mode: as-found  (select with --mode SIM|REAL)
    BOTH ARMS AND BOTH POLES WILL MOVE
====================================================================
current c api version:  emu-1.1.6
  [INFO] left: run mode = REAL
  [INFO] right: run mode = REAL
  starting in 5 ...
  starting in 4 ...
  starting in 3 ...
  starting in 2 ...
  starting in 1 ...

  chain results:
  ────────────────────────────────────────────────────────────
  step 0 ('arm', 'ready')       follower start after leader done, gate latency     0.1 ms, ok=True
  step 1 ('hand', 'release')    follower start after leader done, gate latency   117.5 ms, ok=True
  step 2 ('sync', ('zero', 'half')) follower start after leader done, gate latency     1.7 ms, ok=True
  step 3 ('hand', 'grasp')      follower start after leader done, gate latency   292.2 ms, ok=True
  step 4 ('sync', ('ready', 'full')) follower start after leader done, gate latency     1.6 ms, ok=True
  step 5 ('hand', 'half_grasp') follower start after leader done, gate latency   327.6 ms, ok=True
  step 6 ('arm', 'rest')        follower start after leader done, gate latency   183.6 ms, ok=True
  [PASS] all dispatches accepted
  [PASS] both chains completed
  [PASS] ordering invariant  (follower step k always after leader step k done)
  [PASS] follower gate latency  (max 327.6 ms)

  Summary: 4 PASS, 0 FAIL, 0 SKIP

####################################################################
# C4 free  (test_dual_free)
####################################################################
====================================================================
C4  Free-running dual-arm execution (no cross-arm gates)
    left=192.168.1.10  right=192.168.1.103  arm v=20%  lift v=50%
    sequence: [('arm', 'ready'), ('hand', 'release'), ('sync', ('zero', 'half')), ('hand', 'grasp'), ('sync', ('ready', 'full')), ('hand', 'half_grasp'), ('arm', 'rest')]
    mode: as-found  (select with --mode SIM|REAL)
    BOTH ARMS AND BOTH POLES WILL MOVE
====================================================================
current c api version:  emu-1.1.6
  [INFO] left: run mode = REAL
  [INFO] right: run mode = REAL
  starting in 5 ...
  starting in 4 ...
  starting in 3 ...
  starting in 2 ...
  starting in 1 ...

  per-arm timelines:
  ────────────────────────────────────────────────────────────
  left : 7/7 steps in 1.35 s
  right: 7/7 steps in 1.35 s
  [PASS] all dispatches accepted
  [PASS] both arms completed independently
  [PASS] concurrent free run  (window overlap 100% of shorter run)

  Summary: 3 PASS, 0 FAIL, 0 SKIP

####################################################################
# C6 single-arm  (test_single_arm_planned)
####################################################################
====================================================================
C6  Single-arm planned-move benchmark (controller planning only)
    arm=left @ 192.168.1.10   movej v=20%   X offset +20 cm (world frame)
    mode: as-found  (select with --mode SIM|REAL)
    THE LEFT ARM WILL MOVE (arm only — no pole, no hand)
====================================================================
current c api version:  emu-1.1.6
  [INFO] left: run mode = REAL
  starting in 5 ...
  starting in 4 ...
  starting in 3 ...
  starting in 2 ...
  starting in 1 ...
  movej -> ready   ret=0  event=True  duration   0.19 s
  [PASS] movej to ready
  movej -> rest    ret=0  event=True  duration   0.19 s
  [PASS] movej to rest_pose
  pose at rest: x=-0.058 y=+0.101 z=+0.488  ->  target x=+0.142
  movej_p +X: duration 0.16 s   dx=+0.200 dy=+0.000 dz=+0.000 m
  [PASS] Cartesian displacement verified  (dx=+0.200 m (target +0.20))
  movej -> ready   ret=0  event=True  duration   0.21 s
  [PASS] movej back to ready
  [PASS] planned-move pipeline exercised  (movej x3 + movej_p x1, no passthrough)

  Summary: 5 PASS, 0 FAIL, 0 SKIP

====================================================================
Emulated suite summary
  C1 connect   exit 0  (OK)
  C5 sim probe exit 0  (OK)
  C2 locked    exit 0  (OK)
  C3 chained   exit 0  (OK)
  C4 free      exit 0  (OK)
  C6 single-arm exit 0  (OK)
====================================================================

========================================================================
  Script : run_emulated_suite.py
  Log    : run_emulated_suite.log
  Started: 2026-08-06 14:08:35
========================================================================
====================================================================
EMULATED dual-arm concept suite  (time scale x10)
Arms are emulated in-process — nothing physical moves.
====================================================================

####################################################################
# C1 connect  (test_dual_connect)
####################################################################
====================================================================
C1  Dual-arm connectivity pre-check  (no motion is commanded)
    left=192.168.1.10  right=192.168.1.103
====================================================================
current c api version:  emu-1.1.6
  [PASS] left: robot info  (RM_75 7-DOF, controller gen 3)
  [PASS] left: arm state clean  (err codes ['0'])
  [PASS] left: lift state  (pos=100 hw-mm)
  [INFO] left: run mode = REAL
  [PASS] right: robot info  (RM_75 7-DOF, controller gen 3)
  [PASS] right: arm state clean  (err codes ['0'])
  [PASS] right: lift state  (pos=100 hw-mm)
  [INFO] right: run mode = REAL
  [PASS] handles distinct  (left id=1 right id=2)
  [PASS] event callback registered  (process-global, demuxed by handle_id)
  [PASS] pre-check complete  (no motion was commanded)

  Summary: 9 PASS, 0 FAIL, 0 SKIP

####################################################################
# C5 sim probe  (test_sim_motion_visibility)
####################################################################
====================================================================
C5  Simulation-mode motion visibility probe (no physical motion)
    arm=192.168.1.10  UDP -> 192.168.1.239:8095  probe: J7 +5.0 deg at v=10%
====================================================================
current c api version:  emu-1.1.6
  [INFO] original run mode: REAL
  [PASS] simulation mode engaged and verified
  [INFO] rm_set_realtime_push ret=0
  [PASS] UDP push delivering frames  (85 within 2 s)
  [PASS] probe movej accepted in simulation mode

  ────────────────────────────────────────────────────────────
  VERDICT — simulated motion accessibility (555 UDP frames):
    UDP realtime push sweeps:   YES
    Arrival event fires:        YES (trajectory_state=True)
    TCP polling sweeps:         YES  (1 polls)
  ────────────────────────────────────────────────────────────
  => Simulated motion IS programmatically accessible: the
     sim-rehearsal record-and-verify pipeline is viable.
  [PASS] probe completed with a definitive verdict
  [PASS] probe joint returned to start
  [INFO] run mode restored: REAL (ret=0)

  Summary: 5 PASS, 0 FAIL, 0 SKIP

####################################################################
# C2 locked  (test_dual_locked)
####################################################################
====================================================================
C2  Parallel locked dual-arm execution
    left=192.168.1.10  right=192.168.1.103  arm v=20%  lift v=50%
    sequence: [('arm', 'ready'), ('hand', 'release'), ('sync', ('zero', 'half')), ('hand', 'grasp'), ('sync', ('ready', 'full')), ('hand', 'half_grasp'), ('arm', 'rest')]
    mode: as-found  (select with --mode SIM|REAL)
    poles pre-positioned to full length (0.29 m) before the sequence
    BOTH ARMS AND BOTH POLES WILL MOVE
====================================================================
current c api version:  emu-1.1.6
  [INFO] left: run mode = REAL
  [INFO] right: run mode = REAL
  starting in 5 ...
  starting in 4 ...
  starting in 3 ...
  starting in 2 ...
  starting in 1 ...
  pre-positioning pole(s) to full_length (0.29 m = 193 hw-mm) ...
  [INFO] left: pole at full length (0.29 s, event=True)
  [INFO] right: pole at full length (0.29 s, event=True)
  [PASS] poles pre-positioned to full length

  step results:
  ────────────────────────────────────────────────────────────
  ('arm', 'ready')         skew   0.74 ms   L   0.30 s   R   0.30 s   |d|  0.00 s   ok=True
  ('hand', 'release')      skew   1.05 ms   L   0.02 s   R   0.02 s   |d|  0.00 s   ok=True
  ('sync', ('zero', 'half')) skew   2.97 ms   L   0.37 s   R   0.37 s   |d|  0.00 s   ok=True
  ('hand', 'grasp')        skew   1.09 ms   L   0.08 s   R   0.08 s   |d|  0.00 s   ok=True
  ('sync', ('ready', 'full')) skew   3.15 ms   L   0.37 s   R   0.37 s   |d|  0.00 s   ok=True
  ('hand', 'half_grasp')   skew   1.11 ms   L   0.05 s   R   0.05 s   |d|  0.00 s   ok=True
  ('arm', 'rest')          skew   0.95 ms   L   0.19 s   R   0.19 s   |d|  0.00 s   ok=True
  [PASS] all dispatches accepted
  [PASS] sequence completed with barrier per step
  [PASS] dispatch skew  (max 3.15 ms)
  [PASS] arrival via event for every device
  [INFO] completion delta between arms: mean 0.00 s, max 0.00 s
  [INFO] sync left  ('zero', 'half')     arm-dur-est 3.00 s, matched lift 29%, start skew    0.9 ms, finish skew   +73.7 ms
  [INFO] sync right ('zero', 'half')     arm-dur-est 3.00 s, matched lift 29%, start skew    0.9 ms, finish skew    +2.9 ms
  [INFO] sync left  ('ready', 'full')    arm-dur-est 3.00 s, matched lift 29%, start skew    1.0 ms, finish skew   +73.5 ms
  [INFO] sync right ('ready', 'full')    arm-dur-est 3.00 s, matched lift 29%, start skew    0.8 ms, finish skew    +2.8 ms
  [PASS] arm-pole sync finish  (worst pole lateness +74 ms)

  Summary: 6 PASS, 0 FAIL, 0 SKIP

####################################################################
# C3 chained  (test_dual_chained)
####################################################################
====================================================================
C3  Chained dual-arm execution (left leads, right follows)
    left=192.168.1.10  right=192.168.1.103  arm v=20%  lift v=50%
    sequence: [('arm', 'ready'), ('hand', 'release'), ('sync', ('zero', 'half')), ('hand', 'grasp'), ('sync', ('ready', 'full')), ('hand', 'half_grasp'), ('arm', 'rest')]
    mode: as-found  (select with --mode SIM|REAL)
    poles pre-positioned to full length (0.29 m) before the sequence
    BOTH ARMS AND BOTH POLES WILL MOVE
====================================================================
current c api version:  emu-1.1.6
  [INFO] left: run mode = REAL
  [INFO] right: run mode = REAL
  starting in 5 ...
  starting in 4 ...
  starting in 3 ...
  starting in 2 ...
  starting in 1 ...
  pre-positioning pole(s) to full_length (0.29 m = 193 hw-mm) ...
  [INFO] left: pole at full length (0.04 s, event=True)
  [INFO] right: pole at full length (0.04 s, event=True)
  [PASS] poles pre-positioned to full length

  chain results:
  ────────────────────────────────────────────────────────────
  step 0 ('arm', 'ready')       follower start after leader done, gate latency     0.1 ms, ok=True
  step 1 ('hand', 'release')    follower start after leader done, gate latency   116.7 ms, ok=True
  step 2 ('sync', ('zero', 'half')) follower start after leader done, gate latency     3.0 ms, ok=True
  step 3 ('hand', 'grasp')      follower start after leader done, gate latency   292.4 ms, ok=True
  step 4 ('sync', ('ready', 'full')) follower start after leader done, gate latency     2.0 ms, ok=True
  step 5 ('hand', 'half_grasp') follower start after leader done, gate latency   328.0 ms, ok=True
  step 6 ('arm', 'rest')        follower start after leader done, gate latency   183.9 ms, ok=True
  [PASS] all dispatches accepted
  [PASS] both chains completed
  [PASS] ordering invariant  (follower step k always after leader step k done)
  [PASS] follower gate latency  (max 328.0 ms)

  Summary: 5 PASS, 0 FAIL, 0 SKIP

####################################################################
# C4 free  (test_dual_free)
####################################################################
====================================================================
C4  Free-running dual-arm execution (no cross-arm gates)
    left=192.168.1.10  right=192.168.1.103  arm v=20%  lift v=50%
    sequence: [('arm', 'ready'), ('hand', 'release'), ('sync', ('zero', 'half')), ('hand', 'grasp'), ('sync', ('ready', 'full')), ('hand', 'half_grasp'), ('arm', 'rest')]
    mode: as-found  (select with --mode SIM|REAL)
    poles pre-positioned to full length (0.29 m) before the sequence
    BOTH ARMS AND BOTH POLES WILL MOVE
====================================================================
current c api version:  emu-1.1.6
  [INFO] left: run mode = REAL
  [INFO] right: run mode = REAL
  starting in 5 ...
  starting in 4 ...
  starting in 3 ...
  starting in 2 ...
  starting in 1 ...
  pre-positioning pole(s) to full_length (0.29 m = 193 hw-mm) ...
  [INFO] left: pole at full length (0.04 s, event=True)
  [INFO] right: pole at full length (0.04 s, event=True)
  [PASS] poles pre-positioned to full length

  per-arm timelines:
  ────────────────────────────────────────────────────────────
  left : 7/7 steps in 1.35 s
  right: 7/7 steps in 1.35 s
  [PASS] all dispatches accepted
  [PASS] both arms completed independently
  [PASS] concurrent free run  (window overlap 100% of shorter run)

  Summary: 4 PASS, 0 FAIL, 0 SKIP

####################################################################
# C6 single-arm  (test_single_arm_planned)
####################################################################
====================================================================
C6  Single-arm planned-move benchmark (controller planning only)
    arm=left @ 192.168.1.10   movej v=20%   X offset +20 cm (world frame)
    mode: as-found  (select with --mode SIM|REAL)
    pole pre-positioned to full length (0.29 m), then arm only
    THE LEFT ARM AND ITS POLE WILL MOVE (no hand)
====================================================================
current c api version:  emu-1.1.6
  [INFO] left: run mode = REAL
  starting in 5 ...
  starting in 4 ...
  starting in 3 ...
  starting in 2 ...
  starting in 1 ...
  pre-positioning pole(s) to full_length (0.29 m = 193 hw-mm) ...
  [INFO] left: pole at full length (0.04 s, event=True)
  [PASS] pole pre-positioned to full length
  movej -> ready   ret=0  event=True  duration   0.19 s
  [PASS] movej to ready
  movej -> rest    ret=0  event=True  duration   0.19 s
  [PASS] movej to rest_pose
  pose at rest: x=-0.058 y=+0.101 z=+0.488  ->  target x=+0.142
  movej_p +X: duration 0.15 s   dx=+0.200 dy=+0.000 dz=+0.000 m
  [PASS] Cartesian displacement verified  (dx=+0.200 m (target +0.20))
  movej -> ready   ret=0  event=True  duration   0.21 s
  [PASS] movej back to ready
  [PASS] planned-move pipeline exercised  (movej x3 + movej_p x1, no passthrough)

  Summary: 6 PASS, 0 FAIL, 0 SKIP

====================================================================
Emulated suite summary
  C1 connect   exit 0  (OK)
  C5 sim probe exit 0  (OK)
  C2 locked    exit 0  (OK)
  C3 chained   exit 0  (OK)
  C4 free      exit 0  (OK)
  C6 single-arm exit 0  (OK)
====================================================================

========================================================================
  Script : run_emulated_suite.py
  Log    : run_emulated_suite.log
  Started: 2026-08-06 14:33:58
========================================================================
====================================================================
EMULATED dual-arm concept suite  (time scale x10)
Arms are emulated in-process — nothing physical moves.
====================================================================

####################################################################
# C1 connect  (test_dual_connect)
####################################################################
====================================================================
C1  Dual-arm connectivity pre-check  (no motion is commanded)
    left=192.168.1.10  right=192.168.1.103
====================================================================
current c api version:  emu-1.1.6
  [PASS] left: robot info  (RM_75 7-DOF, controller gen 3)
  [PASS] left: arm state clean  (err codes ['0'])
  [PASS] left: lift state  (pos=100 hw-mm)
  [INFO] left: run mode = REAL
  [PASS] right: robot info  (RM_75 7-DOF, controller gen 3)
  [PASS] right: arm state clean  (err codes ['0'])
  [PASS] right: lift state  (pos=100 hw-mm)
  [INFO] right: run mode = REAL
  [PASS] handles distinct  (left id=1 right id=2)
  [PASS] event callback registered  (process-global, demuxed by handle_id)
  [PASS] pre-check complete  (no motion was commanded)

  Summary: 9 PASS, 0 FAIL, 0 SKIP

####################################################################
# C5 sim probe  (test_sim_motion_visibility)
####################################################################
====================================================================
C5  Simulation-mode motion visibility probe (no physical motion)
    arm=192.168.1.10  UDP -> 192.168.1.239:8095  probe: J7 +5.0 deg at v=10%
====================================================================
current c api version:  emu-1.1.6
  [INFO] original run mode: REAL
  [PASS] simulation mode engaged and verified
  [INFO] rm_set_realtime_push ret=0
  [PASS] UDP push delivering frames  (81 within 2 s)
  [PASS] probe movej accepted in simulation mode

  ────────────────────────────────────────────────────────────
  VERDICT — simulated motion accessibility (560 UDP frames):
    UDP realtime push sweeps:   YES
    Arrival event fires:        YES (trajectory_state=True)
    TCP polling sweeps:         YES  (1 polls)
  ────────────────────────────────────────────────────────────
  => Simulated motion IS programmatically accessible: the
     sim-rehearsal record-and-verify pipeline is viable.
  [PASS] probe completed with a definitive verdict
  [PASS] probe joint returned to start
  [INFO] run mode restored: REAL (ret=0)

  Summary: 5 PASS, 0 FAIL, 0 SKIP

####################################################################
# C2 locked  (test_dual_locked)
####################################################################
====================================================================
C2  Parallel locked dual-arm execution
    left=192.168.1.10  right=192.168.1.103  arm v=20%  lift v=50%
    sequence: [('arm', 'ready'), ('hand', 'release'), ('sync', ('zero', 'half')), ('hand', 'grasp'), ('sync', ('ready', 'full')), ('hand', 'half_grasp'), ('arm', 'rest')]
    mode: as-found  (select with --mode SIM|REAL)
    poles pre-positioned to full length (0.29 m) before the sequence
    BOTH ARMS AND BOTH POLES WILL MOVE
====================================================================
current c api version:  emu-1.1.6
  [INFO] left: run mode = REAL
  [INFO] right: run mode = REAL
  starting in 5 ...
  starting in 4 ...
  starting in 3 ...
  starting in 2 ...
  starting in 1 ...
  pre-positioning pole(s) to full_length (0.29 m = 193 hw-mm) ...
  [INFO] left: pole at full length (0.29 s, event=True)
  [INFO] right: pole at full length (0.29 s, event=True)
  [PASS] poles pre-positioned to full length

  step results:
  ────────────────────────────────────────────────────────────
  ('arm', 'ready')         skew   1.04 ms   L   0.30 s   R   0.30 s   |d|  0.00 s   ok=True
  ('hand', 'release')      skew   1.10 ms   L   0.02 s   R   0.02 s   |d|  0.00 s   ok=True
  ('sync', ('zero', 'half')) skew   3.10 ms   L   0.37 s   R   0.37 s   |d|  0.00 s   ok=True
  ('hand', 'grasp')        skew   0.89 ms   L   0.08 s   R   0.08 s   |d|  0.00 s   ok=True
  ('sync', ('ready', 'full')) skew   2.64 ms   L   0.37 s   R   0.37 s   |d|  0.00 s   ok=True
  ('hand', 'half_grasp')   skew   1.02 ms   L   0.05 s   R   0.05 s   |d|  0.00 s   ok=True
  ('arm', 'rest')          skew   1.01 ms   L   0.19 s   R   0.19 s   |d|  0.00 s   ok=True
  [PASS] all dispatches accepted
  [PASS] sequence completed with barrier per step
  [PASS] dispatch skew  (max 3.10 ms)
  [PASS] arrival via event for every device
  [INFO] completion delta between arms: mean 0.00 s, max 0.00 s
  [INFO] sync left  ('zero', 'half')     arm-dur-est 3.00 s, matched lift 29%, start skew    0.9 ms, finish skew   +73.6 ms
  [INFO] sync right ('zero', 'half')     arm-dur-est 3.00 s, matched lift 29%, start skew    0.9 ms, finish skew    +3.1 ms
  [INFO] sync left  ('ready', 'full')    arm-dur-est 3.00 s, matched lift 29%, start skew    0.8 ms, finish skew   +73.4 ms
  [INFO] sync right ('ready', 'full')    arm-dur-est 3.00 s, matched lift 29%, start skew    0.6 ms, finish skew    +2.6 ms
  [PASS] arm-pole sync finish  (worst pole lateness +74 ms)

  Summary: 6 PASS, 0 FAIL, 0 SKIP

####################################################################
# C3 chained  (test_dual_chained)
####################################################################
====================================================================
C3  Chained dual-arm execution (left leads, right follows)
    left=192.168.1.10  right=192.168.1.103  arm v=20%  lift v=50%
    sequence: [('arm', 'ready'), ('hand', 'release'), ('sync', ('zero', 'half')), ('hand', 'grasp'), ('sync', ('ready', 'full')), ('hand', 'half_grasp'), ('arm', 'rest')]
    mode: as-found  (select with --mode SIM|REAL)
    poles pre-positioned to full length (0.29 m) before the sequence
    BOTH ARMS AND BOTH POLES WILL MOVE
====================================================================
current c api version:  emu-1.1.6
  [INFO] left: run mode = REAL
  [INFO] right: run mode = REAL
  starting in 5 ...
  starting in 4 ...
  starting in 3 ...
  starting in 2 ...
  starting in 1 ...
  pre-positioning pole(s) to full_length (0.29 m = 193 hw-mm) ...
  [INFO] left: pole at full length (0.04 s, event=True)
  [INFO] right: pole at full length (0.04 s, event=True)
  [PASS] poles pre-positioned to full length

  chain results:
  ────────────────────────────────────────────────────────────
  step 0 ('arm', 'ready')       follower start after leader done, gate latency     0.1 ms, ok=True
  step 1 ('hand', 'release')    follower start after leader done, gate latency   116.6 ms, ok=True
  step 2 ('sync', ('zero', 'half')) follower start after leader done, gate latency     3.0 ms, ok=True
  step 3 ('hand', 'grasp')      follower start after leader done, gate latency   292.1 ms, ok=True
  step 4 ('sync', ('ready', 'full')) follower start after leader done, gate latency     1.5 ms, ok=True
  step 5 ('hand', 'half_grasp') follower start after leader done, gate latency   327.9 ms, ok=True
  step 6 ('arm', 'rest')        follower start after leader done, gate latency   184.1 ms, ok=True
  [PASS] all dispatches accepted
  [PASS] both chains completed
  [PASS] ordering invariant  (follower step k always after leader step k done)
  [PASS] follower gate latency  (max 327.9 ms)

  Summary: 5 PASS, 0 FAIL, 0 SKIP

####################################################################
# C4 free  (test_dual_free)
####################################################################
====================================================================
C4  Free-running dual-arm execution (no cross-arm gates)
    left=192.168.1.10  right=192.168.1.103  arm v=20%  lift v=50%
    sequence: [('arm', 'ready'), ('hand', 'release'), ('sync', ('zero', 'half')), ('hand', 'grasp'), ('sync', ('ready', 'full')), ('hand', 'half_grasp'), ('arm', 'rest')]
    mode: as-found  (select with --mode SIM|REAL)
    poles pre-positioned to full length (0.29 m) before the sequence
    BOTH ARMS AND BOTH POLES WILL MOVE
====================================================================
current c api version:  emu-1.1.6
  [INFO] left: run mode = REAL
  [INFO] right: run mode = REAL
  starting in 5 ...
  starting in 4 ...
  starting in 3 ...
  starting in 2 ...
  starting in 1 ...
  pre-positioning pole(s) to full_length (0.29 m = 193 hw-mm) ...
  [INFO] left: pole at full length (0.04 s, event=True)
  [INFO] right: pole at full length (0.04 s, event=True)
  [PASS] poles pre-positioned to full length

  per-arm timelines:
  ────────────────────────────────────────────────────────────
  left : 7/7 steps in 1.35 s
  right: 7/7 steps in 1.35 s
  [PASS] all dispatches accepted
  [PASS] both arms completed independently
  [PASS] concurrent free run  (window overlap 100% of shorter run)

  Summary: 4 PASS, 0 FAIL, 0 SKIP

####################################################################
# C6 single-arm  (test_single_arm_planned)
####################################################################
====================================================================
C6  Single-arm planned-move benchmark (controller planning only)
    arm=left @ 192.168.1.10   movej v=20%   X offset +20 cm (world frame)
    mode: as-found  (select with --mode SIM|REAL)
    pole pre-positioned to full length (0.29 m), then arm only
    THE LEFT ARM AND ITS POLE WILL MOVE (no hand)
====================================================================
current c api version:  emu-1.1.6
  [INFO] left: run mode = REAL
  starting in 5 ...
  starting in 4 ...
  starting in 3 ...
  starting in 2 ...
  starting in 1 ...
  pre-positioning pole(s) to full_length (0.29 m = 193 hw-mm) ...
  [INFO] left: pole at full length (0.04 s, event=True)
  [PASS] pole pre-positioned to full length
  movej -> ready   ret=0  event=True  duration   0.19 s
  [PASS] movej to ready
  movej -> rest    ret=0  event=True  duration   0.19 s
  [PASS] movej to rest_pose
  pose at rest: x=-0.058 y=+0.101 z=+0.488  ->  target x=+0.142
  movej_p +X: duration 0.15 s   dx=+0.200 dy=+0.000 dz=+0.000 m
  [PASS] Cartesian displacement verified  (dx=+0.200 m (target +0.20))
  movej -> ready   ret=0  event=True  duration   0.21 s
  [PASS] movej back to ready
  [PASS] planned-move pipeline exercised  (movej x3 + movej_p x1, no passthrough)

  Summary: 6 PASS, 0 FAIL, 0 SKIP

====================================================================
Emulated suite summary
  C1 connect   exit 0  (OK)
  C5 sim probe exit 0  (OK)
  C2 locked    exit 0  (OK)
  C3 chained   exit 0  (OK)
  C4 free      exit 0  (OK)
  C6 single-arm exit 0  (OK)
====================================================================

========================================================================
  Script : run_emulated_suite.py
  Log    : run_emulated_suite.log
  Started: 2026-08-06 14:55:00
========================================================================
====================================================================
EMULATED dual-arm concept suite  (time scale x10)
Arms are emulated in-process — nothing physical moves.
====================================================================

####################################################################
# C1 connect  (test_dual_connect)
####################################################################
====================================================================
C1  Dual-arm connectivity pre-check  (no motion is commanded)
    left=192.168.1.10  right=192.168.1.103
====================================================================
current c api version:  emu-1.1.6
  [PASS] left: robot info  (RM_75 7-DOF, controller gen 3)
  [PASS] left: arm state clean  (err codes ['0'])
  [PASS] left: lift state  (pos=100 of 330 (1to1))
  [INFO] left: run mode = REAL
  [PASS] right: robot info  (RM_75 7-DOF, controller gen 3)
  [PASS] right: arm state clean  (err codes ['0'])
  [PASS] right: lift state  (pos=100 of 200 (2to3))
  [INFO] right: run mode = REAL
  [PASS] handles distinct  (left id=1 right id=2)
  [PASS] event callback registered  (process-global, demuxed by handle_id)
  [PASS] pre-check complete  (no motion was commanded)

  Summary: 9 PASS, 0 FAIL, 0 SKIP

####################################################################
# C5 sim probe  (test_sim_motion_visibility)
####################################################################
====================================================================
C5  Simulation-mode motion visibility probe (no physical motion)
    arm=192.168.1.10  UDP -> 192.168.1.239:8095  probe: J7 +5.0 deg at v=10%
====================================================================
current c api version:  emu-1.1.6
  [INFO] original run mode: REAL
  [PASS] simulation mode engaged and verified
  [INFO] rm_set_realtime_push ret=0
  [PASS] UDP push delivering frames  (84 within 2 s)
  [PASS] probe movej accepted in simulation mode

  ────────────────────────────────────────────────────────────
  VERDICT — simulated motion accessibility (553 UDP frames):
    UDP realtime push sweeps:   YES
    Arrival event fires:        YES (trajectory_state=True)
    TCP polling sweeps:         YES  (1 polls)
  ────────────────────────────────────────────────────────────
  => Simulated motion IS programmatically accessible: the
     sim-rehearsal record-and-verify pipeline is viable.
  [PASS] probe completed with a definitive verdict
  [PASS] probe joint returned to start
  [INFO] run mode restored: REAL (ret=0)

  Summary: 5 PASS, 0 FAIL, 0 SKIP

####################################################################
# C2 locked  (test_dual_locked)
####################################################################
====================================================================
C2  Parallel locked dual-arm execution
    left=192.168.1.10  right=192.168.1.103  arm v=20%  lift v=50%
    sequence: [('arm', 'ready'), ('hand', 'release'), ('sync', ('zero', 'half')), ('hand', 'grasp'), ('sync', ('ready', 'full')), ('hand', 'half_grasp'), ('arm', 'rest')]
    mode: as-found  (select with --mode SIM|REAL)
    poles pre-positioned to full length (0.29 m) before the sequence
    BOTH ARMS AND BOTH POLES WILL MOVE
====================================================================
current c api version:  emu-1.1.6
  [INFO] left: run mode = REAL
  [INFO] right: run mode = REAL
  starting in 5 ...
  starting in 4 ...
  starting in 3 ...
  starting in 2 ...
  starting in 1 ...
  pre-positioning pole(s) to full_length (0.29 m -> left=290 (1to1), right=193 (2to3)) ...
  [INFO] left: pole at full length (0.38 s, event=True)
  [INFO] right: pole at full length (0.38 s, event=True)
  [PASS] poles pre-positioned to full length

  step results:
  ────────────────────────────────────────────────────────────
  ('arm', 'ready')         skew   0.91 ms   L   0.30 s   R   0.30 s   |d|  0.00 s   ok=True
  ('hand', 'release')      skew   1.03 ms   L   0.02 s   R   0.02 s   |d|  0.00 s   ok=True
  ('sync', ('zero', 'half')) skew   2.90 ms   L   0.38 s   R   0.37 s   |d|  0.00 s   ok=True
  ('hand', 'grasp')        skew   0.86 ms   L   0.08 s   R   0.08 s   |d|  0.00 s   ok=True
  ('sync', ('ready', 'full')) skew   3.37 ms   L   0.38 s   R   0.37 s   |d|  0.00 s   ok=True
  ('hand', 'half_grasp')   skew   0.97 ms   L   0.05 s   R   0.05 s   |d|  0.00 s   ok=True
  ('arm', 'rest')          skew   0.76 ms   L   0.19 s   R   0.19 s   |d|  0.00 s   ok=True
  [PASS] all dispatches accepted
  [PASS] sequence completed with barrier per step
  [PASS] dispatch skew  (max 3.37 ms)
  [PASS] arrival via event for every device
  [INFO] completion delta between arms: mean 0.00 s, max 0.00 s
  [INFO] sync left  ('zero', 'half')     arm-dur-est 3.00 s, matched lift 29%, start skew    0.9 ms, finish skew   +74.6 ms
  [INFO] sync right ('zero', 'half')     arm-dur-est 3.00 s, matched lift 29%, start skew    0.9 ms, finish skew    +1.8 ms
  [INFO] sync left  ('ready', 'full')    arm-dur-est 3.00 s, matched lift 29%, start skew    1.1 ms, finish skew   +75.1 ms
  [INFO] sync right ('ready', 'full')    arm-dur-est 3.00 s, matched lift 29%, start skew    0.9 ms, finish skew    +1.6 ms
  [PASS] arm-pole sync finish  (worst pole lateness +75 ms)

  Summary: 6 PASS, 0 FAIL, 0 SKIP

####################################################################
# C3 chained  (test_dual_chained)
####################################################################
====================================================================
C3  Chained dual-arm execution (left leads, right follows)
    left=192.168.1.10  right=192.168.1.103  arm v=20%  lift v=50%
    sequence: [('arm', 'ready'), ('hand', 'release'), ('sync', ('zero', 'half')), ('hand', 'grasp'), ('sync', ('ready', 'full')), ('hand', 'half_grasp'), ('arm', 'rest')]
    mode: as-found  (select with --mode SIM|REAL)
    poles pre-positioned to full length (0.29 m) before the sequence
    BOTH ARMS AND BOTH POLES WILL MOVE
====================================================================
current c api version:  emu-1.1.6
  [INFO] left: run mode = REAL
  [INFO] right: run mode = REAL
  starting in 5 ...
  starting in 4 ...
  starting in 3 ...
  starting in 2 ...
  starting in 1 ...
  pre-positioning pole(s) to full_length (0.29 m -> left=290 (1to1), right=193 (2to3)) ...
  [INFO] left: pole at full length (0.04 s, event=True)
  [INFO] right: pole at full length (0.04 s, event=True)
  [PASS] poles pre-positioned to full length

  chain results:
  ────────────────────────────────────────────────────────────
  step 0 ('arm', 'ready')       follower start after leader done, gate latency     0.2 ms, ok=True
  step 1 ('hand', 'release')    follower start after leader done, gate latency   117.0 ms, ok=True
  step 2 ('sync', ('zero', 'half')) follower start after leader done, gate latency     1.7 ms, ok=True
  step 3 ('hand', 'grasp')      follower start after leader done, gate latency   292.9 ms, ok=True
  step 4 ('sync', ('ready', 'full')) follower start after leader done, gate latency     1.6 ms, ok=True
  step 5 ('hand', 'half_grasp') follower start after leader done, gate latency   327.5 ms, ok=True
  step 6 ('arm', 'rest')        follower start after leader done, gate latency   183.3 ms, ok=True
  [PASS] all dispatches accepted
  [PASS] both chains completed
  [PASS] ordering invariant  (follower step k always after leader step k done)
  [PASS] follower gate latency  (max 327.5 ms)

  Summary: 5 PASS, 0 FAIL, 0 SKIP

####################################################################
# C4 free  (test_dual_free)
####################################################################
====================================================================
C4  Free-running dual-arm execution (no cross-arm gates)
    left=192.168.1.10  right=192.168.1.103  arm v=20%  lift v=50%
    sequence: [('arm', 'ready'), ('hand', 'release'), ('sync', ('zero', 'half')), ('hand', 'grasp'), ('sync', ('ready', 'full')), ('hand', 'half_grasp'), ('arm', 'rest')]
    mode: as-found  (select with --mode SIM|REAL)
    poles pre-positioned to full length (0.29 m) before the sequence
    BOTH ARMS AND BOTH POLES WILL MOVE
====================================================================
current c api version:  emu-1.1.6
  [INFO] left: run mode = REAL
  [INFO] right: run mode = REAL
  starting in 5 ...
  starting in 4 ...
  starting in 3 ...
  starting in 2 ...
  starting in 1 ...
  pre-positioning pole(s) to full_length (0.29 m -> left=290 (1to1), right=193 (2to3)) ...
  [INFO] left: pole at full length (0.04 s, event=True)
  [INFO] right: pole at full length (0.04 s, event=True)
  [PASS] poles pre-positioned to full length

  per-arm timelines:
  ────────────────────────────────────────────────────────────
  left : 7/7 steps in 1.35 s
  right: 7/7 steps in 1.35 s
  [PASS] all dispatches accepted
  [PASS] both arms completed independently
  [PASS] concurrent free run  (window overlap 100% of shorter run)

  Summary: 4 PASS, 0 FAIL, 0 SKIP

####################################################################
# C6 single-arm  (test_single_arm_planned)
####################################################################
====================================================================
C6  Single-arm planned-move benchmark (controller planning only)
    arm=left @ 192.168.1.10   movej v=20%   X offset +20 cm (world frame)
    mode: as-found  (select with --mode SIM|REAL)
    pole pre-positioned to full length (0.29 m), then arm only
    THE LEFT ARM AND ITS POLE WILL MOVE (no hand)
====================================================================
current c api version:  emu-1.1.6
  [INFO] left: run mode = REAL
  starting in 5 ...
  starting in 4 ...
  starting in 3 ...
  starting in 2 ...
  starting in 1 ...
  pre-positioning pole(s) to full_length (0.29 m -> left=290 (1to1)) ...
  [INFO] left: pole at full length (0.04 s, event=True)
  [PASS] pole pre-positioned to full length
  movej -> ready   ret=0  event=True  duration   0.19 s
  [PASS] movej to ready
  movej -> rest    ret=0  event=True  duration   0.19 s
  [PASS] movej to rest_pose
  pose at rest: x=-0.058 y=+0.101 z=+0.488  ->  target x=+0.142
  movej_p +X: duration 0.15 s   dx=+0.200 dy=+0.000 dz=+0.000 m
  [PASS] Cartesian displacement verified  (dx=+0.200 m (target +0.20))
  movej -> ready   ret=0  event=True  duration   0.21 s
  [PASS] movej back to ready
  [PASS] planned-move pipeline exercised  (movej x3 + movej_p x1, no passthrough)

  Summary: 6 PASS, 0 FAIL, 0 SKIP

====================================================================
Emulated suite summary
  C1 connect   exit 0  (OK)
  C5 sim probe exit 0  (OK)
  C2 locked    exit 0  (OK)
  C3 chained   exit 0  (OK)
  C4 free      exit 0  (OK)
  C6 single-arm exit 0  (OK)
====================================================================

========================================================================
  Script : run_emulated_suite.py
  Log    : run_emulated_suite.log
  Started: 2026-08-06 15:05:20
========================================================================
====================================================================
EMULATED dual-arm concept suite  (time scale x10)
Arms are emulated in-process — nothing physical moves.
====================================================================

####################################################################
# C1 connect  (test_dual_connect)
####################################################################
====================================================================
C1  Dual-arm connectivity pre-check  (no motion is commanded)
    left=192.168.1.10  right=192.168.1.103
====================================================================
current c api version:  emu-1.1.6
  [PASS] left: robot info  (RM_75 7-DOF, controller gen 3)
  [PASS] left: arm state clean  (err codes ['0'])
  [PASS] left: lift state  (pos=100 of 330 (1to1))
  [INFO] left: run mode = REAL
  [PASS] right: robot info  (RM_75 7-DOF, controller gen 3)
  [PASS] right: arm state clean  (err codes ['0'])
  [PASS] right: lift state  (pos=100 of 200 (2to3))
  [INFO] right: run mode = REAL
  [PASS] handles distinct  (left id=1 right id=2)
  [PASS] event callback registered  (process-global, demuxed by handle_id)
  [PASS] pre-check complete  (no motion was commanded)

  Summary: 9 PASS, 0 FAIL, 0 SKIP

####################################################################
# C5 sim probe  (test_sim_motion_visibility)
####################################################################
====================================================================
C5  Simulation-mode motion visibility probe (no physical motion)
    arm=192.168.1.10  UDP -> 192.168.1.239:8095  probe: J7 +5.0 deg at v=10%
====================================================================
current c api version:  emu-1.1.6
  [INFO] original run mode: REAL
  [PASS] simulation mode engaged and verified
  [INFO] rm_set_realtime_push ret=0
  [PASS] UDP push delivering frames  (81 within 2 s)
  [PASS] probe movej accepted in simulation mode

  ────────────────────────────────────────────────────────────
  VERDICT — simulated motion accessibility (566 UDP frames):
    UDP realtime push sweeps:   YES
    Arrival event fires:        YES (trajectory_state=True)
    TCP polling sweeps:         YES  (1 polls)
  ────────────────────────────────────────────────────────────
  => Simulated motion IS programmatically accessible: the
     sim-rehearsal record-and-verify pipeline is viable.
  [PASS] probe completed with a definitive verdict
  [PASS] probe joint returned to start
  [INFO] run mode restored: REAL (ret=0)

  Summary: 5 PASS, 0 FAIL, 0 SKIP

####################################################################
# C2 locked  (test_dual_locked)
####################################################################
====================================================================
C2  Parallel locked dual-arm execution
    left=192.168.1.10  right=192.168.1.103  arm v=20%  lift v=50%
    sequence: [('arm', 'ready'), ('hand', 'release'), ('sync', ('zero', 'half')), ('hand', 'grasp'), ('sync', ('ready', 'full')), ('hand', 'half_grasp'), ('arm', 'rest')]
    mode: as-found  (select with --mode SIM|REAL)
    poles pre-positioned to full length (0.29 m) before the sequence
    BOTH ARMS AND BOTH POLES WILL MOVE
====================================================================
current c api version:  emu-1.1.6
  [INFO] left: run mode = REAL
  [INFO] right: run mode = REAL
  starting in 5 ...
  starting in 4 ...
  starting in 3 ...
  starting in 2 ...
  starting in 1 ...
  pre-positioning pole(s) to full_length (0.29 m -> left=290 (1to1), right=193 (2to3)) ...
  [INFO] left: pole at full length (0.38 s, event=True)
  [INFO] right: pole at full length (0.38 s, event=True)
  [PASS] poles pre-positioned to full length

  step results:
  ────────────────────────────────────────────────────────────
  ('arm', 'ready')         skew   1.22 ms   L   0.30 s   R   0.30 s   |d|  0.00 s   ok=True
  ('hand', 'release')      skew   0.86 ms   L   0.02 s   R   0.02 s   |d|  0.00 s   ok=True
  ('sync', ('zero', 'half')) skew   2.50 ms   L   0.38 s   R   0.37 s   |d|  0.00 s   ok=True
  ('hand', 'grasp')        skew   0.95 ms   L   0.08 s   R   0.08 s   |d|  0.00 s   ok=True
  ('sync', ('ready', 'full')) skew   3.19 ms   L   0.38 s   R   0.38 s   |d|  0.00 s   ok=True
  ('hand', 'half_grasp')   skew   1.32 ms   L   0.05 s   R   0.05 s   |d|  0.00 s   ok=True
  ('arm', 'rest')          skew   1.19 ms   L   0.19 s   R   0.19 s   |d|  0.00 s   ok=True
  [PASS] all dispatches accepted
  [PASS] sequence completed with barrier per step
  [PASS] dispatch skew  (max 3.19 ms)
  [PASS] arrival via event for every device
  [INFO] completion delta between arms: mean 0.00 s, max 0.00 s
  [INFO] sync left  ('zero', 'half')     arm-dur-est 3.00 s, matched lift 29%, start skew    0.7 ms, finish skew   +74.7 ms
  [INFO] sync right ('zero', 'half')     arm-dur-est 3.00 s, matched lift 29%, start skew    0.9 ms, finish skew    +1.4 ms
  [INFO] sync left  ('ready', 'full')    arm-dur-est 3.00 s, matched lift 29%, start skew    1.0 ms, finish skew   +74.8 ms
  [INFO] sync right ('ready', 'full')    arm-dur-est 3.00 s, matched lift 29%, start skew    1.1 ms, finish skew    +2.1 ms
  [PASS] arm-pole sync finish  (worst pole lateness +75 ms)

  Summary: 6 PASS, 0 FAIL, 0 SKIP

####################################################################
# C3 chained  (test_dual_chained)
####################################################################
====================================================================
C3  Chained dual-arm execution (left leads, right follows)
    left=192.168.1.10  right=192.168.1.103  arm v=20%  lift v=50%
    sequence: [('arm', 'ready'), ('hand', 'release'), ('sync', ('zero', 'half')), ('hand', 'grasp'), ('sync', ('ready', 'full')), ('hand', 'half_grasp'), ('arm', 'rest')]
    mode: as-found  (select with --mode SIM|REAL)
    poles pre-positioned to full length (0.29 m) before the sequence
    BOTH ARMS AND BOTH POLES WILL MOVE
====================================================================
current c api version:  emu-1.1.6
  [INFO] left: run mode = REAL
  [INFO] right: run mode = REAL
  starting in 5 ...
  starting in 4 ...
  starting in 3 ...
  starting in 2 ...
  starting in 1 ...
  pre-positioning pole(s) to full_length (0.29 m -> left=290 (1to1), right=193 (2to3)) ...
  [INFO] left: pole at full length (0.04 s, event=True)
  [INFO] right: pole at full length (0.04 s, event=True)
  [PASS] poles pre-positioned to full length

  chain results:
  ────────────────────────────────────────────────────────────
  step 0 ('arm', 'ready')       follower start after leader done, gate latency     0.1 ms, ok=True
  step 1 ('hand', 'release')    follower start after leader done, gate latency   117.3 ms, ok=True
  step 2 ('sync', ('zero', 'half')) follower start after leader done, gate latency     1.6 ms, ok=True
  step 3 ('hand', 'grasp')      follower start after leader done, gate latency   294.6 ms, ok=True
  step 4 ('sync', ('ready', 'full')) follower start after leader done, gate latency     1.9 ms, ok=True
  step 5 ('hand', 'half_grasp') follower start after leader done, gate latency   327.9 ms, ok=True
  step 6 ('arm', 'rest')        follower start after leader done, gate latency   183.6 ms, ok=True
  [PASS] all dispatches accepted
  [PASS] both chains completed
  [PASS] ordering invariant  (follower step k always after leader step k done)
  [PASS] follower gate latency  (max 327.9 ms)

  Summary: 5 PASS, 0 FAIL, 0 SKIP

####################################################################
# C4 free  (test_dual_free)
####################################################################
====================================================================
C4  Free-running dual-arm execution (no cross-arm gates)
    left=192.168.1.10  right=192.168.1.103  arm v=20%  lift v=50%
    sequence: [('arm', 'ready'), ('hand', 'release'), ('sync', ('zero', 'half')), ('hand', 'grasp'), ('sync', ('ready', 'full')), ('hand', 'half_grasp'), ('arm', 'rest')]
    mode: as-found  (select with --mode SIM|REAL)
    poles pre-positioned to full length (0.29 m) before the sequence
    BOTH ARMS AND BOTH POLES WILL MOVE
====================================================================
current c api version:  emu-1.1.6
  [INFO] left: run mode = REAL
  [INFO] right: run mode = REAL
  starting in 5 ...
  starting in 4 ...
  starting in 3 ...
  starting in 2 ...
  starting in 1 ...
  pre-positioning pole(s) to full_length (0.29 m -> left=290 (1to1), right=193 (2to3)) ...
  [INFO] left: pole at full length (0.04 s, event=True)
  [INFO] right: pole at full length (0.04 s, event=True)
  [PASS] poles pre-positioned to full length

  per-arm timelines:
  ────────────────────────────────────────────────────────────
  left : 7/7 steps in 1.35 s
  right: 7/7 steps in 1.35 s
  [PASS] all dispatches accepted
  [PASS] both arms completed independently
  [PASS] concurrent free run  (window overlap 100% of shorter run)

  Summary: 4 PASS, 0 FAIL, 0 SKIP

####################################################################
# C6 single-arm  (test_single_arm_planned)
####################################################################
====================================================================
C6  Single-arm planned moves + CONCURRENT hand motion
    arm=left @ 192.168.1.10   movej v=20%   X offset +20 cm (world frame)
    hand states: release / grasp / half_grasp (protocol path — end port must NOT be in modbus mode)
    mode: as-found  (select with --mode SIM|REAL)
    pole pre-positioned to full length (0.29 m) first
    THE LEFT ARM, ITS POLE, AND ITS HAND WILL MOVE
====================================================================
current c api version:  emu-1.1.6
  [INFO] left: run mode = REAL
  starting in 5 ...
  starting in 4 ...
  starting in 3 ...
  starting in 2 ...
  starting in 1 ...
  pre-positioning pole(s) to full_length (0.29 m -> left=290 (1to1)) ...
  [INFO] left: pole at full length (0.04 s, event=True)
  [PASS] pole pre-positioned to full length
  movej ready + release      ok=True  arm  0.19 s   hand  0.19 s   hand-arm finish +0.00 s
  [PASS] movej to ready + hand release
  movej rest + grasp         ok=True  arm  0.19 s   hand  0.19 s   hand-arm finish +0.00 s
  [PASS] movej to rest_pose + hand grasp
  pose at rest: x=-0.058 y=+0.101 z=+0.488  ->  target x=+0.142
  movej_p +X + half_grasp: arm 0.16 s, hand event latched by arm-arrival time (concurrent)
  displacement: dx=+0.200 dy=+0.000 dz=+0.000 m
  [PASS] movej_p +X + half_grasp verified  (dx=+0.200 m (target +0.20))
  movej ready + release      ok=True  arm  0.21 s   hand  0.21 s   hand-arm finish +0.00 s
  [PASS] movej back to ready + hand release
  [PASS] planned-move pipeline exercised  (movej x3 + movej_p x1 + hand x4 concurrent, no passthrough)
  [PASS] hand moved concurrently with arm  (1/4 phases finished during arm motion; finish skews +0.00s, +0.00s, -0.08s, +0.00s)

  Summary: 7 PASS, 0 FAIL, 0 SKIP

====================================================================
Emulated suite summary
  C1 connect   exit 0  (OK)
  C5 sim probe exit 0  (OK)
  C2 locked    exit 0  (OK)
  C3 chained   exit 0  (OK)
  C4 free      exit 0  (OK)
  C6 single-arm exit 0  (OK)
====================================================================

========================================================================
  Script : run_emulated_suite.py
  Log    : run_emulated_suite.log
  Started: 2026-08-06 15:06:30
========================================================================
====================================================================
EMULATED dual-arm concept suite  (time scale x10)
Arms are emulated in-process — nothing physical moves.
====================================================================

####################################################################
# C1 connect  (test_dual_connect)
####################################################################
====================================================================
C1  Dual-arm connectivity pre-check  (no motion is commanded)
    left=192.168.1.10  right=192.168.1.103
====================================================================
current c api version:  emu-1.1.6
  [PASS] left: robot info  (RM_75 7-DOF, controller gen 3)
  [PASS] left: arm state clean  (err codes ['0'])
  [PASS] left: lift state  (pos=100 of 330 (1to1))
  [INFO] left: run mode = REAL
  [PASS] right: robot info  (RM_75 7-DOF, controller gen 3)
  [PASS] right: arm state clean  (err codes ['0'])
  [PASS] right: lift state  (pos=100 of 200 (2to3))
  [INFO] right: run mode = REAL
  [PASS] handles distinct  (left id=1 right id=2)
  [PASS] event callback registered  (process-global, demuxed by handle_id)
  [PASS] pre-check complete  (no motion was commanded)

  Summary: 9 PASS, 0 FAIL, 0 SKIP

####################################################################
# C5 sim probe  (test_sim_motion_visibility)
####################################################################
====================================================================
C5  Simulation-mode motion visibility probe (no physical motion)
    arm=192.168.1.10  UDP -> 192.168.1.239:8095  probe: J7 +5.0 deg at v=10%
====================================================================
current c api version:  emu-1.1.6
  [INFO] original run mode: REAL
  [PASS] simulation mode engaged and verified
  [INFO] rm_set_realtime_push ret=0
  [PASS] UDP push delivering frames  (83 within 2 s)
  [PASS] probe movej accepted in simulation mode

  ────────────────────────────────────────────────────────────
  VERDICT — simulated motion accessibility (543 UDP frames):
    UDP realtime push sweeps:   YES
    Arrival event fires:        YES (trajectory_state=True)
    TCP polling sweeps:         YES  (1 polls)
  ────────────────────────────────────────────────────────────
  => Simulated motion IS programmatically accessible: the
     sim-rehearsal record-and-verify pipeline is viable.
  [PASS] probe completed with a definitive verdict
  [PASS] probe joint returned to start
  [INFO] run mode restored: REAL (ret=0)

  Summary: 5 PASS, 0 FAIL, 0 SKIP

####################################################################
# C2 locked  (test_dual_locked)
####################################################################
====================================================================
C2  Parallel locked dual-arm execution
    left=192.168.1.10  right=192.168.1.103  arm v=20%  lift v=50%
    sequence: [('arm', 'ready'), ('hand', 'release'), ('sync', ('zero', 'half')), ('hand', 'grasp'), ('sync', ('ready', 'full')), ('hand', 'half_grasp'), ('arm', 'rest')]
    mode: as-found  (select with --mode SIM|REAL)
    poles pre-positioned to full length (0.29 m) before the sequence
    BOTH ARMS AND BOTH POLES WILL MOVE
====================================================================
current c api version:  emu-1.1.6
  [INFO] left: run mode = REAL
  [INFO] right: run mode = REAL
  starting in 5 ...
  starting in 4 ...
  starting in 3 ...
  starting in 2 ...
  starting in 1 ...
  pre-positioning pole(s) to full_length (0.29 m -> left=290 (1to1), right=193 (2to3)) ...
  [INFO] left: pole at full length (0.38 s, event=True)
  [INFO] right: pole at full length (0.29 s, event=True)
  [PASS] poles pre-positioned to full length

  step results:
  ────────────────────────────────────────────────────────────
  ('arm', 'ready')         skew   0.78 ms   L   0.30 s   R   0.30 s   |d|  0.00 s   ok=True
  ('hand', 'release')      skew   1.00 ms   L   0.02 s   R   0.02 s   |d|  0.00 s   ok=True
  ('sync', ('zero', 'half')) skew   3.76 ms   L   0.38 s   R   0.37 s   |d|  0.00 s   ok=True
  ('hand', 'grasp')        skew   1.01 ms   L   0.08 s   R   0.08 s   |d|  0.00 s   ok=True
  ('sync', ('ready', 'full')) skew   3.96 ms   L   0.38 s   R   0.37 s   |d|  0.00 s   ok=True
  ('hand', 'half_grasp')   skew   1.13 ms   L   0.05 s   R   0.05 s   |d|  0.00 s   ok=True
  ('arm', 'rest')          skew   0.86 ms   L   0.19 s   R   0.19 s   |d|  0.00 s   ok=True
  [PASS] all dispatches accepted
  [PASS] sequence completed with barrier per step
  [PASS] dispatch skew  (max 3.96 ms)
  [PASS] arrival via event for every device
  [INFO] completion delta between arms: mean 0.00 s, max 0.00 s
  [INFO] sync left  ('zero', 'half')     arm-dur-est 3.00 s, matched lift 29%, start skew    1.1 ms, finish skew   +75.1 ms
  [INFO] sync right ('zero', 'half')     arm-dur-est 3.00 s, matched lift 29%, start skew    1.0 ms, finish skew   +73.8 ms
  [INFO] sync left  ('ready', 'full')    arm-dur-est 3.00 s, matched lift 29%, start skew    1.5 ms, finish skew   +75.3 ms
  [INFO] sync right ('ready', 'full')    arm-dur-est 3.00 s, matched lift 29%, start skew    0.9 ms, finish skew   +73.7 ms
  [PASS] arm-pole sync finish  (worst pole lateness +75 ms)

  Summary: 6 PASS, 0 FAIL, 0 SKIP

####################################################################
# C3 chained  (test_dual_chained)
####################################################################
====================================================================
C3  Chained dual-arm execution (left leads, right follows)
    left=192.168.1.10  right=192.168.1.103  arm v=20%  lift v=50%
    sequence: [('arm', 'ready'), ('hand', 'release'), ('sync', ('zero', 'half')), ('hand', 'grasp'), ('sync', ('ready', 'full')), ('hand', 'half_grasp'), ('arm', 'rest')]
    mode: as-found  (select with --mode SIM|REAL)
    poles pre-positioned to full length (0.29 m) before the sequence
    BOTH ARMS AND BOTH POLES WILL MOVE
====================================================================
current c api version:  emu-1.1.6
  [INFO] left: run mode = REAL
  [INFO] right: run mode = REAL
  starting in 5 ...
  starting in 4 ...
  starting in 3 ...
  starting in 2 ...
  starting in 1 ...
  pre-positioning pole(s) to full_length (0.29 m -> left=290 (1to1), right=193 (2to3)) ...
  [INFO] left: pole at full length (0.04 s, event=True)
  [INFO] right: pole at full length (0.04 s, event=True)
  [PASS] poles pre-positioned to full length

  chain results:
  ────────────────────────────────────────────────────────────
  step 0 ('arm', 'ready')       follower start after leader done, gate latency     0.1 ms, ok=True
  step 1 ('hand', 'release')    follower start after leader done, gate latency   117.4 ms, ok=True
  step 2 ('sync', ('zero', 'half')) follower start after leader done, gate latency     1.8 ms, ok=True
  step 3 ('hand', 'grasp')      follower start after leader done, gate latency   292.6 ms, ok=True
  step 4 ('sync', ('ready', 'full')) follower start after leader done, gate latency     1.8 ms, ok=True
  step 5 ('hand', 'half_grasp') follower start after leader done, gate latency   327.9 ms, ok=True
  step 6 ('arm', 'rest')        follower start after leader done, gate latency   183.7 ms, ok=True
  [PASS] all dispatches accepted
  [PASS] both chains completed
  [PASS] ordering invariant  (follower step k always after leader step k done)
  [PASS] follower gate latency  (max 327.9 ms)

  Summary: 5 PASS, 0 FAIL, 0 SKIP

####################################################################
# C4 free  (test_dual_free)
####################################################################
====================================================================
C4  Free-running dual-arm execution (no cross-arm gates)
    left=192.168.1.10  right=192.168.1.103  arm v=20%  lift v=50%
    sequence: [('arm', 'ready'), ('hand', 'release'), ('sync', ('zero', 'half')), ('hand', 'grasp'), ('sync', ('ready', 'full')), ('hand', 'half_grasp'), ('arm', 'rest')]
    mode: as-found  (select with --mode SIM|REAL)
    poles pre-positioned to full length (0.29 m) before the sequence
    BOTH ARMS AND BOTH POLES WILL MOVE
====================================================================
current c api version:  emu-1.1.6
  [INFO] left: run mode = REAL
  [INFO] right: run mode = REAL
  starting in 5 ...
  starting in 4 ...
  starting in 3 ...
  starting in 2 ...
  starting in 1 ...
  pre-positioning pole(s) to full_length (0.29 m -> left=290 (1to1), right=193 (2to3)) ...
  [INFO] left: pole at full length (0.04 s, event=True)
  [INFO] right: pole at full length (0.04 s, event=True)
  [PASS] poles pre-positioned to full length

  per-arm timelines:
  ────────────────────────────────────────────────────────────
  left : 7/7 steps in 1.35 s
  right: 7/7 steps in 1.35 s
  [PASS] all dispatches accepted
  [PASS] both arms completed independently
  [PASS] concurrent free run  (window overlap 100% of shorter run)

  Summary: 4 PASS, 0 FAIL, 0 SKIP

####################################################################
# C6 single-arm  (test_single_arm_planned)
####################################################################
====================================================================
C6  Single-arm planned moves + CONCURRENT hand motion
    arm=left @ 192.168.1.10   movej v=20%   X offset +20 cm (world frame)
    hand states: release / grasp / half_grasp (protocol path — end port must NOT be in modbus mode)
    mode: as-found  (select with --mode SIM|REAL)
    pole pre-positioned to full length (0.29 m) first
    THE LEFT ARM, ITS POLE, AND ITS HAND WILL MOVE
====================================================================
current c api version:  emu-1.1.6
  [INFO] left: run mode = REAL
  starting in 5 ...
  starting in 4 ...
  starting in 3 ...
  starting in 2 ...
  starting in 1 ...
  pre-positioning pole(s) to full_length (0.29 m -> left=290 (1to1)) ...
  [INFO] left: pole at full length (0.04 s, event=True)
  [PASS] pole pre-positioned to full length
  movej ready + release      ok=True  arm  0.19 s   hand  0.08 s   hand-arm finish -0.12 s  (hand done DURING arm motion)
  [PASS] movej to ready + hand release
  movej rest + grasp         ok=True  arm  0.19 s   hand  0.08 s   hand-arm finish -0.11 s  (hand done DURING arm motion)
  [PASS] movej to rest_pose + hand grasp
  pose at rest: x=-0.058 y=+0.101 z=+0.488  ->  target x=+0.142
  movej_p +X + half_grasp: arm 0.15 s, hand finish skew -0.11 s  (hand done DURING arm motion)
  displacement: dx=+0.200 dy=+0.000 dz=+0.000 m
  [PASS] movej_p +X + half_grasp verified  (dx=+0.200 m (target +0.20))
  movej ready + release      ok=True  arm  0.21 s   hand  0.08 s   hand-arm finish -0.13 s  (hand done DURING arm motion)
  [PASS] movej back to ready + hand release
  [PASS] planned-move pipeline exercised  (movej x3 + movej_p x1 + hand x4 concurrent, no passthrough)
  [PASS] hand moved concurrently with arm  (4/4 phases finished during arm motion; finish skews -0.12s, -0.11s, -0.11s, -0.13s)

  Summary: 7 PASS, 0 FAIL, 0 SKIP

====================================================================
Emulated suite summary
  C1 connect   exit 0  (OK)
  C5 sim probe exit 0  (OK)
  C2 locked    exit 0  (OK)
  C3 chained   exit 0  (OK)
  C4 free      exit 0  (OK)
  C6 single-arm exit 0  (OK)
====================================================================

========================================================================
  Script : run_emulated_suite.py
  Log    : run_emulated_suite.log
  Started: 2026-08-06 16:48:37
========================================================================
====================================================================
EMULATED dual-arm concept suite  (time scale x10)
Arms are emulated in-process — nothing physical moves.
====================================================================

####################################################################
# C1 connect  (test_dual_connect)
####################################################################
====================================================================
C1  Dual-arm connectivity pre-check  (no motion is commanded)
    left=192.168.1.10  right=192.168.1.103
====================================================================
current c api version:  emu-1.1.6
  [PASS] left: robot info  (RM_75 7-DOF, controller gen 3)
  [PASS] left: arm state clean  (err codes ['0'])
  [PASS] left: lift state  (pos=100 of 330 (1to1))
  [INFO] left: run mode = REAL
  [PASS] right: robot info  (RM_75 7-DOF, controller gen 3)
  [PASS] right: arm state clean  (err codes ['0'])
  [PASS] right: lift state  (pos=100 of 200 (2to3))
  [INFO] right: run mode = REAL
  [PASS] handles distinct  (left id=1 right id=2)
  [PASS] event callback registered  (process-global, demuxed by handle_id)
  [PASS] pre-check complete  (no motion was commanded)

  Summary: 9 PASS, 0 FAIL, 0 SKIP

####################################################################
# C5 sim probe  (test_sim_motion_visibility)
####################################################################
====================================================================
C5  Simulation-mode motion visibility probe (no physical motion)
    arm=192.168.1.10  UDP -> 192.168.1.239:8095  probe: J7 +5.0 deg at v=10%
====================================================================
current c api version:  emu-1.1.6
  [INFO] original run mode: REAL
  [PASS] simulation mode engaged and verified
  [INFO] rm_set_realtime_push ret=0
  [PASS] UDP push delivering frames  (82 within 2 s)
  [PASS] probe movej accepted in simulation mode

  ────────────────────────────────────────────────────────────
  VERDICT — simulated motion accessibility (559 UDP frames):
    UDP realtime push sweeps:   YES
    Arrival event fires:        YES (trajectory_state=True)
    TCP polling sweeps:         YES  (1 polls)
  ────────────────────────────────────────────────────────────
  => Simulated motion IS programmatically accessible: the
     sim-rehearsal record-and-verify pipeline is viable.
  [PASS] probe completed with a definitive verdict
  [PASS] probe joint returned to start
  [INFO] run mode restored: REAL (ret=0)

  Summary: 5 PASS, 0 FAIL, 0 SKIP

####################################################################
# C7 hand only  (test_hand_only)
####################################################################
====================================================================
C7  Hand-alone test (protocol probe, then modbus RTU)
    hand on arm=left @ 192.168.1.10   modbus device=1 baud=115200
    ONLY THE HAND MOVES — no arm, no pole motion
    on exit: restore protocol mode (rm_close_modbus_mode)
====================================================================
current c api version:  emu-1.1.6
  [INFO] arm run mode: REAL (hand is a physical peripheral; REAL recommended)
  [PASS] connected  (handle id=4)

  Phase P — protocol path probe (rm_set_hand_angle, blocking 5 s)
  [PASS] protocol path  (WORKS — end port is free; C2/C6 hand steps can use arrival events)

  Phase M — modbus RTU (ANGLE_SET writes, ANGLE_ACT feedback)
  [PASS] modbus session opened  (port 1 @ 115200)
  [PASS] ANGLE_ACT readable  (measured [993, 993, 993, 993, 981, 992])
  [PASS] SPEED_SET written  (500 x6)
    release    reached in  0.3 s  ACT=[993, 993, 993, 993, 981, 992]  (max err 0)
    grasp      reached in  0.3 s  ACT=[33, 33, 33, 33, 133, 944]  (max err 0)
    half_grasp reached in  0.3 s  ACT=[516, 516, 516, 516, 133, 944]  (max err 0)
    release    reached in  0.3 s  ACT=[993, 993, 993, 993, 981, 992]  (max err 0)
  [PASS] modbus command + measured feedback  (release -> grasp -> half_grasp -> release verified via ANGLE_ACT)
  [PASS] FORCE_ACT readable  ([0, 0, 0, 0, 0, 0] g (signed))

  VERDICT: protocol path WORKS; modbus RTU path WORKS with real feedback.
  [INFO] end port restored to protocol mode (rm_close_modbus_mode ret=0)
  [PASS] end-port state restored

  Summary: 8 PASS, 0 FAIL, 0 SKIP

####################################################################
# C2 locked  (test_dual_locked)
####################################################################
====================================================================
C2  Parallel locked dual-arm execution
    left=192.168.1.10  right=192.168.1.103  arm v=20%  lift v=50%
    sequence: [('arm', 'ready'), ('hand', 'release'), ('sync', ('zero', 'half')), ('hand', 'grasp'), ('sync', ('ready', 'full')), ('hand', 'half_grasp'), ('arm', 'rest')]
    mode: as-found  (select with --mode SIM|REAL)
    poles pre-positioned to full length (0.29 m) before the sequence
    BOTH ARMS AND BOTH POLES WILL MOVE
====================================================================
current c api version:  emu-1.1.6
  [INFO] left: run mode = REAL
  [INFO] right: run mode = REAL
  starting in 5 ...
  starting in 4 ...
  starting in 3 ...
  starting in 2 ...
  starting in 1 ...
  pre-positioning pole(s) to full_length (0.29 m -> left=290 (1to1), right=193 (2to3)) ...
  [INFO] left: pole at full length (0.38 s, event=True)
  [INFO] right: pole at full length (0.29 s, event=True)
  [PASS] poles pre-positioned to full length

  step results:
  ────────────────────────────────────────────────────────────
  ('arm', 'ready')         skew   0.84 ms   L   0.30 s   R   0.30 s   |d|  0.00 s   ok=True
  ('hand', 'release')      skew   0.87 ms   L   0.02 s   R   0.02 s   |d|  0.00 s   ok=True
  ('sync', ('zero', 'half')) skew   3.28 ms   L   0.38 s   R   0.37 s   |d|  0.00 s   ok=True
  ('hand', 'grasp')        skew   0.93 ms   L   0.08 s   R   0.08 s   |d|  0.00 s   ok=True
  ('sync', ('ready', 'full')) skew   2.97 ms   L   0.38 s   R   0.37 s   |d|  0.00 s   ok=True
  ('hand', 'half_grasp')   skew   1.06 ms   L   0.05 s   R   0.05 s   |d|  0.00 s   ok=True
  ('arm', 'rest')          skew   0.94 ms   L   0.19 s   R   0.19 s   |d|  0.00 s   ok=True
  [PASS] all dispatches accepted
  [PASS] sequence completed with barrier per step
  [PASS] dispatch skew  (max 3.28 ms)
  [PASS] arrival via event for every device
  [INFO] completion delta between arms: mean 0.00 s, max 0.00 s
  [INFO] sync left  ('zero', 'half')     arm-dur-est 3.00 s, matched lift 29%, start skew    1.0 ms, finish skew   +75.0 ms
  [INFO] sync right ('zero', 'half')     arm-dur-est 3.00 s, matched lift 29%, start skew    0.8 ms, finish skew   +73.6 ms
  [INFO] sync left  ('ready', 'full')    arm-dur-est 3.00 s, matched lift 29%, start skew    0.9 ms, finish skew   +74.6 ms
  [INFO] sync right ('ready', 'full')    arm-dur-est 3.00 s, matched lift 29%, start skew    0.8 ms, finish skew   +73.6 ms
  [PASS] arm-pole sync finish  (worst pole lateness +75 ms)

  Summary: 6 PASS, 0 FAIL, 0 SKIP

####################################################################
# C3 chained  (test_dual_chained)
####################################################################
====================================================================
C3  Chained dual-arm execution (left leads, right follows)
    left=192.168.1.10  right=192.168.1.103  arm v=20%  lift v=50%
    sequence: [('arm', 'ready'), ('hand', 'release'), ('sync', ('zero', 'half')), ('hand', 'grasp'), ('sync', ('ready', 'full')), ('hand', 'half_grasp'), ('arm', 'rest')]
    mode: as-found  (select with --mode SIM|REAL)
    poles pre-positioned to full length (0.29 m) before the sequence
    BOTH ARMS AND BOTH POLES WILL MOVE
====================================================================
current c api version:  emu-1.1.6
  [INFO] left: run mode = REAL
  [INFO] right: run mode = REAL
  starting in 5 ...
  starting in 4 ...
  starting in 3 ...
  starting in 2 ...
  starting in 1 ...
  pre-positioning pole(s) to full_length (0.29 m -> left=290 (1to1), right=193 (2to3)) ...
  [INFO] left: pole at full length (0.04 s, event=True)
  [INFO] right: pole at full length (0.04 s, event=True)
  [PASS] poles pre-positioned to full length

  chain results:
  ────────────────────────────────────────────────────────────
  step 0 ('arm', 'ready')       follower start after leader done, gate latency     0.1 ms, ok=True
  step 1 ('hand', 'release')    follower start after leader done, gate latency   117.0 ms, ok=True
  step 2 ('sync', ('zero', 'half')) follower start after leader done, gate latency     1.8 ms, ok=True
  step 3 ('hand', 'grasp')      follower start after leader done, gate latency   292.3 ms, ok=True
  step 4 ('sync', ('ready', 'full')) follower start after leader done, gate latency     1.9 ms, ok=True
  step 5 ('hand', 'half_grasp') follower start after leader done, gate latency   327.8 ms, ok=True
  step 6 ('arm', 'rest')        follower start after leader done, gate latency   183.6 ms, ok=True
  [PASS] all dispatches accepted
  [PASS] both chains completed
  [PASS] ordering invariant  (follower step k always after leader step k done)
  [PASS] follower gate latency  (max 327.8 ms)

  Summary: 5 PASS, 0 FAIL, 0 SKIP

####################################################################
# C4 free  (test_dual_free)
####################################################################
====================================================================
C4  Free-running dual-arm execution (no cross-arm gates)
    left=192.168.1.10  right=192.168.1.103  arm v=20%  lift v=50%
    sequence: [('arm', 'ready'), ('hand', 'release'), ('sync', ('zero', 'half')), ('hand', 'grasp'), ('sync', ('ready', 'full')), ('hand', 'half_grasp'), ('arm', 'rest')]
    mode: as-found  (select with --mode SIM|REAL)
    poles pre-positioned to full length (0.29 m) before the sequence
    BOTH ARMS AND BOTH POLES WILL MOVE
====================================================================
current c api version:  emu-1.1.6
  [INFO] left: run mode = REAL
  [INFO] right: run mode = REAL
  starting in 5 ...
  starting in 4 ...
  starting in 3 ...
  starting in 2 ...
  starting in 1 ...
  pre-positioning pole(s) to full_length (0.29 m -> left=290 (1to1), right=193 (2to3)) ...
  [INFO] left: pole at full length (0.04 s, event=True)
  [INFO] right: pole at full length (0.04 s, event=True)
  [PASS] poles pre-positioned to full length

  per-arm timelines:
  ────────────────────────────────────────────────────────────
  left : 7/7 steps in 1.35 s
  right: 7/7 steps in 1.35 s
  [PASS] all dispatches accepted
  [PASS] both arms completed independently
  [PASS] concurrent free run  (window overlap 100% of shorter run)

  Summary: 4 PASS, 0 FAIL, 0 SKIP

####################################################################
# C6 single-arm  (test_single_arm_planned)
####################################################################
====================================================================
C6  Single-arm planned moves + CONCURRENT hand motion
    arm=left @ 192.168.1.10   movej v=20%   X offset +20 cm (world frame)
    hand states: release / grasp / half_grasp (protocol path — end port must NOT be in modbus mode)
    mode: as-found  (select with --mode SIM|REAL)
    pole pre-positioned to full length (0.29 m) first
    THE LEFT ARM, ITS POLE, AND ITS HAND WILL MOVE
====================================================================
current c api version:  emu-1.1.6
  [INFO] left: run mode = REAL
  starting in 5 ...
  starting in 4 ...
  starting in 3 ...
  starting in 2 ...
  starting in 1 ...
  pre-positioning pole(s) to full_length (0.29 m -> left=290 (1to1)) ...
  [INFO] left: pole at full length (0.04 s, event=True)
  [PASS] pole pre-positioned to full length
  movej ready + release      ok=True  arm  0.19 s   hand  0.08 s   hand-arm finish -0.12 s  (hand done DURING arm motion)
  [PASS] movej to ready + hand release
  movej rest + grasp         ok=True  arm  0.19 s   hand  0.08 s   hand-arm finish -0.11 s  (hand done DURING arm motion)
  [PASS] movej to rest_pose + hand grasp
  pose at rest: x=-0.058 y=+0.101 z=+0.488  ->  target x=+0.142
  movej_p +X + half_grasp: arm 0.15 s, hand finish skew -0.10 s  (hand done DURING arm motion)
  displacement: dx=+0.200 dy=+0.000 dz=+0.000 m
  [PASS] movej_p +X + half_grasp verified  (dx=+0.200 m (target +0.20))
  movej ready + release      ok=True  arm  0.21 s   hand  0.08 s   hand-arm finish -0.13 s  (hand done DURING arm motion)
  [PASS] movej back to ready + hand release
  [PASS] planned-move pipeline exercised  (movej x3 + movej_p x1 + hand x4 concurrent, no passthrough)
  [PASS] hand moved concurrently with arm  (4/4 phases finished during arm motion; finish skews -0.12s, -0.11s, -0.10s, -0.13s)

  Summary: 7 PASS, 0 FAIL, 0 SKIP

====================================================================
Emulated suite summary
  C1 connect   exit 0  (OK)
  C5 sim probe exit 0  (OK)
  C7 hand only exit 0  (OK)
  C2 locked    exit 0  (OK)
  C3 chained   exit 0  (OK)
  C4 free      exit 0  (OK)
  C6 single-arm exit 0  (OK)
====================================================================

========================================================================
  Script : run_emulated_suite.py
  Log    : run_emulated_suite.log
  Started: 2026-08-06 17:35:11
========================================================================
====================================================================
EMULATED dual-arm concept suite  (time scale x10)
Arms are emulated in-process — nothing physical moves.
====================================================================

####################################################################
# C1 connect  (test_dual_connect)
####################################################################
====================================================================
C1  Dual-arm connectivity pre-check  (no motion is commanded)
    left=192.168.1.10  right=192.168.1.103
====================================================================
current c api version:  emu-1.1.6
  [PASS] left: robot info  (RM_75 7-DOF, controller gen 3)
  [PASS] left: arm state clean  (err codes ['0'])
  [PASS] left: lift state  (pos=100 of 330 (1to1))
  [INFO] left: run mode = REAL
  [PASS] right: robot info  (RM_75 7-DOF, controller gen 3)
  [PASS] right: arm state clean  (err codes ['0'])
  [PASS] right: lift state  (pos=100 of 200 (2to3))
  [INFO] right: run mode = REAL
  [PASS] handles distinct  (left id=1 right id=2)
  [PASS] event callback registered  (process-global, demuxed by handle_id)
  [PASS] pre-check complete  (no motion was commanded)

  Summary: 9 PASS, 0 FAIL, 0 SKIP

####################################################################
# C5 sim probe  (test_sim_motion_visibility)
####################################################################
====================================================================
C5  Simulation-mode motion visibility probe (no physical motion)
    arm=192.168.1.10  UDP -> 192.168.1.239:8095  probe: J7 +5.0 deg at v=10%
====================================================================
current c api version:  emu-1.1.6
  [INFO] original run mode: REAL
  [PASS] simulation mode engaged and verified
  [INFO] rm_set_realtime_push ret=0
  [PASS] UDP push delivering frames  (81 within 2 s)
  [PASS] probe movej accepted in simulation mode

  ────────────────────────────────────────────────────────────
  VERDICT — simulated motion accessibility (539 UDP frames):
    UDP realtime push sweeps:   YES
    Arrival event fires:        YES (trajectory_state=True)
    TCP polling sweeps:         YES  (1 polls)
  ────────────────────────────────────────────────────────────
  => Simulated motion IS programmatically accessible: the
     sim-rehearsal record-and-verify pipeline is viable.
  [PASS] probe completed with a definitive verdict
  [PASS] probe joint returned to start
  [INFO] run mode restored: REAL (ret=0)

  Summary: 5 PASS, 0 FAIL, 0 SKIP

####################################################################
# C7 hand only  (test_hand_only)
####################################################################
====================================================================
C7  Hand-alone test (protocol probe, then modbus RTU)
    hand on arm=left @ 192.168.1.10   modbus device=1 baud=115200
    ONLY THE HAND MOVES — no arm, no pole motion
    on exit: restore protocol mode (rm_close_modbus_mode)
====================================================================
current c api version:  emu-1.1.6
  [INFO] arm run mode: REAL (hand is a physical peripheral; REAL recommended)
  [PASS] connected  (handle id=4)

  Phase P — protocol path probe (rm_set_hand_angle, blocking 5 s)
  [PASS] protocol path  (WORKS — end port is free; C2/C6 hand steps can use arrival events)

  Phase M — modbus RTU (ANGLE_SET writes, ANGLE_ACT feedback)
  [PASS] modbus session opened  (port 1 @ 115200)
  [PASS] ANGLE_ACT readable  (measured [993, 993, 993, 993, 981, 992])
  [PASS] SPEED_SET written  (500 x6)
    release    reached in  0.3 s  ACT=[993, 993, 993, 993, 981, 992]  (max err 0)
    grasp      reached in  0.3 s  ACT=[33, 33, 33, 33, 133, 944]  (max err 0)
    half_grasp reached in  0.3 s  ACT=[516, 516, 516, 516, 133, 944]  (max err 0)
    release    reached in  0.3 s  ACT=[993, 993, 993, 993, 981, 992]  (max err 0)
  [PASS] modbus command + measured feedback  (release -> grasp -> half_grasp -> release verified via ANGLE_ACT)
  [PASS] FORCE_ACT readable  ([0, 0, 0, 0, 0, 0] g (signed))

  VERDICT: protocol path WORKS; modbus RTU path WORKS with real feedback.
  [INFO] end port restored to protocol mode (rm_close_modbus_mode ret=0)
  [PASS] end-port state restored

  Summary: 8 PASS, 0 FAIL, 0 SKIP

####################################################################
# C2 locked  (test_dual_locked)
####################################################################
====================================================================
C2  Parallel locked dual-arm execution
    left=192.168.1.10  right=192.168.1.103  arm v=20%  lift v=50%
    sequence: [('arm', 'ready'), ('hand', 'release'), ('sync', ('zero', 'half')), ('hand', 'grasp'), ('sync', ('ready', 'full')), ('hand', 'half_grasp'), ('arm', 'rest')]
    mode: as-found  (select with --mode SIM|REAL)
    poles pre-positioned to full length (0.29 m) before the sequence
    BOTH ARMS AND BOTH POLES WILL MOVE
====================================================================
current c api version:  emu-1.1.6
  [INFO] left: run mode = REAL
  [INFO] right: run mode = REAL
  starting in 5 ...
  starting in 4 ...
  starting in 3 ...
  starting in 2 ...
  starting in 1 ...
  pre-positioning pole(s) to full_length (0.29 m -> left=290 (1to1), right=193 (2to3)) ...
  [INFO] left: pole at full length (0.38 s, event=True)
  [INFO] right: pole at full length (0.29 s, event=True)
  [PASS] poles pre-positioned to full length

  step results:
  ────────────────────────────────────────────────────────────
  ('arm', 'ready')         skew   1.00 ms   L   0.30 s   R   0.30 s   |d|  0.00 s   ok=True
  ('hand', 'release')      skew   0.23 ms   L   0.02 s   R   0.02 s   |d|  0.00 s   ok=True
  ('sync', ('zero', 'half')) skew   2.79 ms   L   0.38 s   R   0.37 s   |d|  0.00 s   ok=True
  ('hand', 'grasp')        skew   0.34 ms   L   0.08 s   R   0.08 s   |d|  0.00 s   ok=True
  ('sync', ('ready', 'full')) skew   2.61 ms   L   0.38 s   R   0.37 s   |d|  0.00 s   ok=True
  ('hand', 'half_grasp')   skew   0.50 ms   L   0.05 s   R   0.05 s   |d|  0.00 s   ok=True
  ('arm', 'rest')          skew   0.95 ms   L   0.19 s   R   0.19 s   |d|  0.00 s   ok=True
  [PASS] all dispatches accepted
  [PASS] sequence completed with barrier per step
  [PASS] dispatch skew  (max 2.79 ms)
  [PASS] arrival via event for every device
  [INFO] completion delta between arms: mean 0.00 s, max 0.00 s
  [INFO] sync left  ('zero', 'half')     arm-dur-est 3.00 s, matched lift 29%, start skew    0.8 ms, finish skew   +74.7 ms
  [INFO] sync right ('zero', 'half')     arm-dur-est 3.00 s, matched lift 29%, start skew    0.7 ms, finish skew   +73.7 ms
  [INFO] sync left  ('ready', 'full')    arm-dur-est 3.00 s, matched lift 29%, start skew    0.7 ms, finish skew   +74.6 ms
  [INFO] sync right ('ready', 'full')    arm-dur-est 3.00 s, matched lift 29%, start skew    0.6 ms, finish skew   +73.6 ms
  [PASS] arm-pole sync finish  (worst pole lateness +75 ms)

  Summary: 6 PASS, 0 FAIL, 0 SKIP

####################################################################
# C3 chained  (test_dual_chained)
####################################################################
====================================================================
C3  Chained dual-arm execution (left leads, right follows)
    left=192.168.1.10  right=192.168.1.103  arm v=20%  lift v=50%
    sequence: [('arm', 'ready'), ('hand', 'release'), ('sync', ('zero', 'half')), ('hand', 'grasp'), ('sync', ('ready', 'full')), ('hand', 'half_grasp'), ('arm', 'rest')]
    mode: as-found  (select with --mode SIM|REAL)
    poles pre-positioned to full length (0.29 m) before the sequence
    BOTH ARMS AND BOTH POLES WILL MOVE
====================================================================
current c api version:  emu-1.1.6
  [INFO] left: run mode = REAL
  [INFO] right: run mode = REAL
  starting in 5 ...
  starting in 4 ...
  starting in 3 ...
  starting in 2 ...
  starting in 1 ...
  pre-positioning pole(s) to full_length (0.29 m -> left=290 (1to1), right=193 (2to3)) ...
  [INFO] left: pole at full length (0.04 s, event=True)
  [INFO] right: pole at full length (0.04 s, event=True)
  [PASS] poles pre-positioned to full length

  chain results:
  ────────────────────────────────────────────────────────────
  step 0 ('arm', 'ready')       follower start after leader done, gate latency     0.4 ms, ok=True
  step 1 ('hand', 'release')    follower start after leader done, gate latency   117.0 ms, ok=True
  step 2 ('sync', ('zero', 'half')) follower start after leader done, gate latency     1.5 ms, ok=True
  step 3 ('hand', 'grasp')      follower start after leader done, gate latency   291.3 ms, ok=True
  step 4 ('sync', ('ready', 'full')) follower start after leader done, gate latency     1.5 ms, ok=True
  step 5 ('hand', 'half_grasp') follower start after leader done, gate latency   327.1 ms, ok=True
  step 6 ('arm', 'rest')        follower start after leader done, gate latency   183.5 ms, ok=True
  [PASS] all dispatches accepted
  [PASS] both chains completed
  [PASS] ordering invariant  (follower step k always after leader step k done)
  [PASS] follower gate latency  (max 327.1 ms)

  Summary: 5 PASS, 0 FAIL, 0 SKIP

####################################################################
# C4 free  (test_dual_free)
####################################################################
====================================================================
C4  Free-running dual-arm execution (no cross-arm gates)
    left=192.168.1.10  right=192.168.1.103  arm v=20%  lift v=50%
    sequence: [('arm', 'ready'), ('hand', 'release'), ('sync', ('zero', 'half')), ('hand', 'grasp'), ('sync', ('ready', 'full')), ('hand', 'half_grasp'), ('arm', 'rest')]
    mode: as-found  (select with --mode SIM|REAL)
    poles pre-positioned to full length (0.29 m) before the sequence
    BOTH ARMS AND BOTH POLES WILL MOVE
====================================================================
current c api version:  emu-1.1.6
  [INFO] left: run mode = REAL
  [INFO] right: run mode = REAL
  starting in 5 ...
  starting in 4 ...
  starting in 3 ...
  starting in 2 ...
  starting in 1 ...
  pre-positioning pole(s) to full_length (0.29 m -> left=290 (1to1), right=193 (2to3)) ...
  [INFO] left: pole at full length (0.04 s, event=True)
  [INFO] right: pole at full length (0.04 s, event=True)
  [PASS] poles pre-positioned to full length

  per-arm timelines:
  ────────────────────────────────────────────────────────────
  left : 7/7 steps in 1.35 s
  right: 7/7 steps in 1.35 s
  [PASS] all dispatches accepted
  [PASS] both arms completed independently
  [PASS] concurrent free run  (window overlap 100% of shorter run)

  Summary: 4 PASS, 0 FAIL, 0 SKIP

####################################################################
# C6 single-arm  (test_single_arm_planned)
####################################################################
====================================================================
C6  Single-arm planned moves + CONCURRENT hand motion
    arm=left @ 192.168.1.10   movej v=20%   X offset +20 cm (world frame)
    hand states: release / grasp / half_grasp (protocol path — end port must NOT be in modbus mode)
    mode: as-found  (select with --mode SIM|REAL)
    pole pre-positioned to full length (0.29 m) first
    THE LEFT ARM, ITS POLE, AND ITS HAND WILL MOVE
====================================================================
current c api version:  emu-1.1.6
  [INFO] left: run mode = REAL
  starting in 5 ...
  starting in 4 ...
  starting in 3 ...
  starting in 2 ...
  starting in 1 ...
  pre-positioning pole(s) to full_length (0.29 m -> left=290 (1to1)) ...
  [INFO] left: pole at full length (0.04 s, event=True)
  [PASS] pole pre-positioned to full length
  movej ready + release      ok=True  arm  0.19 s   hand  0.08 s   hand-arm finish -0.12 s  (hand done DURING arm motion)
  [PASS] movej to ready + hand release
  movej rest + grasp         ok=True  arm  0.19 s   hand  0.08 s   hand-arm finish -0.11 s  (hand done DURING arm motion)
  [PASS] movej to rest_pose + hand grasp
  pose at rest: x=-0.058 y=+0.101 z=+0.488  ->  target x=+0.142
  movej_p +X + half_grasp: arm 0.16 s, hand finish skew -0.10 s  (hand done DURING arm motion)
  displacement: dx=+0.200 dy=+0.000 dz=+0.000 m
  [PASS] movej_p +X + half_grasp verified  (dx=+0.200 m (target +0.20))
  movej ready + release      ok=True  arm  0.21 s   hand  0.08 s   hand-arm finish -0.13 s  (hand done DURING arm motion)
  [PASS] movej back to ready + hand release
  [PASS] planned-move pipeline exercised  (movej x3 + movej_p x1 + hand x4 concurrent, no passthrough)
  [PASS] hand moved concurrently with arm  (4/4 phases finished during arm motion; finish skews -0.12s, -0.11s, -0.10s, -0.13s)

  Summary: 7 PASS, 0 FAIL, 0 SKIP

====================================================================
Emulated suite summary
  C1 connect   exit 0  (OK)
  C5 sim probe exit 0  (OK)
  C7 hand only exit 0  (OK)
  C2 locked    exit 0  (OK)
  C3 chained   exit 0  (OK)
  C4 free      exit 0  (OK)
  C6 single-arm exit 0  (OK)
====================================================================

========================================================================
  Script : run_emulated_suite.py
  Log    : run_emulated_suite.log
  Started: 2026-08-06 17:53:40
========================================================================
====================================================================
EMULATED dual-arm concept suite  (time scale x10)
Arms are emulated in-process — nothing physical moves.
====================================================================

####################################################################
# C1 connect  (test_dual_connect)
####################################################################
====================================================================
C1  Dual-arm connectivity pre-check  (no motion is commanded)
    left=192.168.1.10  right=192.168.1.103
====================================================================
current c api version:  emu-1.1.6
  [PASS] left: robot info  (RM_75 7-DOF, controller gen 3)
  [PASS] left: arm state clean  (err codes ['0'])
  [PASS] left: lift state  (pos=100 of 330 (1to1))
  [INFO] left: run mode = REAL
  [PASS] right: robot info  (RM_75 7-DOF, controller gen 3)
  [PASS] right: arm state clean  (err codes ['0'])
  [PASS] right: lift state  (pos=100 of 200 (2to3))
  [INFO] right: run mode = REAL
  [PASS] handles distinct  (left id=1 right id=2)
  [PASS] event callback registered  (process-global, demuxed by handle_id)
  [PASS] pre-check complete  (no motion was commanded)

  Summary: 9 PASS, 0 FAIL, 0 SKIP

####################################################################
# C5 sim probe  (test_sim_motion_visibility)
####################################################################
====================================================================
C5  Simulation-mode motion visibility probe (no physical motion)
    arm=192.168.1.10  UDP -> 192.168.1.239:8095  probe: J7 +5.0 deg at v=10%
====================================================================
current c api version:  emu-1.1.6
  [INFO] original run mode: REAL
  [PASS] simulation mode engaged and verified
  [INFO] rm_set_realtime_push ret=0
  [PASS] UDP push delivering frames  (84 within 2 s)
  [PASS] probe movej accepted in simulation mode

  ────────────────────────────────────────────────────────────
  VERDICT — simulated motion accessibility (559 UDP frames):
    UDP realtime push sweeps:   YES
    Arrival event fires:        YES (trajectory_state=True)
    TCP polling sweeps:         YES  (1 polls)
  ────────────────────────────────────────────────────────────
  => Simulated motion IS programmatically accessible: the
     sim-rehearsal record-and-verify pipeline is viable.
  [PASS] probe completed with a definitive verdict
  [PASS] probe joint returned to start
  [INFO] run mode restored: REAL (ret=0)

  Summary: 5 PASS, 0 FAIL, 0 SKIP

####################################################################
# C7 hand only  (test_hand_only)
####################################################################
====================================================================
C7  Hand-alone test (protocol probe, then modbus RTU)
    hand on arm=left @ 192.168.1.10   modbus device=1 baud=115200
    ONLY THE HAND MOVES — no arm, no pole motion
    on exit: restore protocol mode (rm_close_modbus_mode)
====================================================================
current c api version:  emu-1.1.6
  [INFO] arm run mode: REAL (hand is a physical peripheral; REAL recommended)
  [PASS] connected  (handle id=4)

  Phase P — protocol path probe (rm_set_hand_angle, blocking 5 s)
  [PASS] protocol path  (WORKS — end port is free; C2/C6 hand steps can use arrival events)

  Phase M — modbus RTU (ANGLE_SET writes, ANGLE_ACT feedback)
  [PASS] modbus session opened  (port 1 @ 115200)
  [PASS] ANGLE_ACT readable  (measured [993, 993, 993, 993, 981, 992])
  [PASS] SPEED_SET written  (500 x6)
    release    reached in  0.3 s  ACT=[993, 993, 993, 993, 981, 992]  (max err 0)
    grasp      reached in  0.3 s  ACT=[33, 33, 33, 33, 133, 944]  (max err 0)
    half_grasp reached in  0.3 s  ACT=[516, 516, 516, 516, 133, 944]  (max err 0)
    release    reached in  0.3 s  ACT=[993, 993, 993, 993, 981, 992]  (max err 0)
  [PASS] modbus command + measured feedback  (release -> grasp -> half_grasp -> release verified via ANGLE_ACT)
  [PASS] FORCE_ACT readable  ([0, 0, 0, 0, 0, 0] g (signed))

  VERDICT: protocol path WORKS; modbus RTU path WORKS with real feedback.
  [INFO] end port restored to protocol mode (rm_close_modbus_mode ret=0)
  [PASS] end-port state restored

  Summary: 8 PASS, 0 FAIL, 0 SKIP

####################################################################
# C2 locked  (test_dual_locked)
####################################################################
====================================================================
C2  Parallel locked dual-arm execution
    left=192.168.1.10  right=192.168.1.103  arm v=20%  lift v=50%
    sequence: [('arm', 'ready'), ('hand', 'release'), ('sync', ('zero', 'half')), ('hand', 'grasp'), ('sync', ('ready', 'full')), ('hand', 'half_grasp'), ('arm', 'rest')]
    mode: as-found  (select with --mode SIM|REAL)
    poles pre-positioned to full length (0.29 m) before the sequence
    BOTH ARMS AND BOTH POLES WILL MOVE
====================================================================
current c api version:  emu-1.1.6
  [INFO] left: run mode = REAL
  [INFO] right: run mode = REAL
  starting in 5 ...
  starting in 4 ...
  starting in 3 ...
  starting in 2 ...
  starting in 1 ...
  pre-positioning pole(s) to full_length (0.29 m -> left=290 (1to1), right=193 (2to3)) ...
  [INFO] left: pole at full length (0.38 s, event=True)
  [INFO] right: pole at full length (0.29 s, event=True)
  [PASS] poles pre-positioned to full length

  step results:
  ────────────────────────────────────────────────────────────
  ('arm', 'ready')         skew   1.05 ms   L   0.30 s   R   0.30 s   |d|  0.00 s   ok=True
  ('hand', 'release')      skew   0.13 ms   L   0.10 s   R   0.10 s   |d|  0.00 s   ok=True
  ('sync', ('zero', 'half')) skew   3.00 ms   L   0.38 s   R   0.37 s   |d|  0.00 s   ok=True
  ('hand', 'grasp')        skew   0.33 ms   L   0.10 s   R   0.10 s   |d|  0.00 s   ok=True
  ('sync', ('ready', 'full')) skew   3.21 ms   L   0.38 s   R   0.37 s   |d|  0.00 s   ok=True
  ('hand', 'half_grasp')   skew   0.22 ms   L   0.10 s   R   0.10 s   |d|  0.00 s   ok=True
  ('arm', 'rest')          skew   0.92 ms   L   0.19 s   R   0.19 s   |d|  0.00 s   ok=True
  [PASS] all dispatches accepted
  [PASS] sequence completed with barrier per step
  [PASS] dispatch skew  (max 3.21 ms)
  [PASS] arrival via event for every device
  [INFO] completion delta between arms: mean 0.00 s, max 0.00 s
  [INFO] sync left  ('zero', 'half')     arm-dur-est 3.00 s, matched lift 29%, start skew    1.0 ms, finish skew   +74.8 ms
  [INFO] sync right ('zero', 'half')     arm-dur-est 3.00 s, matched lift 29%, start skew    0.8 ms, finish skew   +73.7 ms
  [INFO] sync left  ('ready', 'full')    arm-dur-est 3.00 s, matched lift 29%, start skew    0.9 ms, finish skew   +74.9 ms
  [INFO] sync right ('ready', 'full')    arm-dur-est 3.00 s, matched lift 29%, start skew    1.0 ms, finish skew   +73.5 ms
  [PASS] arm-pole sync finish  (worst pole lateness +75 ms)

  Summary: 6 PASS, 0 FAIL, 0 SKIP

####################################################################
# C3 chained  (test_dual_chained)
####################################################################
====================================================================
C3  Chained dual-arm execution (left leads, right follows)
    left=192.168.1.10  right=192.168.1.103  arm v=20%  lift v=50%
    sequence: [('arm', 'ready'), ('hand', 'release'), ('sync', ('zero', 'half')), ('hand', 'grasp'), ('sync', ('ready', 'full')), ('hand', 'half_grasp'), ('arm', 'rest')]
    mode: as-found  (select with --mode SIM|REAL)
    poles pre-positioned to full length (0.29 m) before the sequence
    BOTH ARMS AND BOTH POLES WILL MOVE
====================================================================
current c api version:  emu-1.1.6
  [INFO] left: run mode = REAL
  [INFO] right: run mode = REAL
  starting in 5 ...
  starting in 4 ...
  starting in 3 ...
  starting in 2 ...
  starting in 1 ...
  pre-positioning pole(s) to full_length (0.29 m -> left=290 (1to1), right=193 (2to3)) ...
  [INFO] left: pole at full length (0.04 s, event=True)
  [INFO] right: pole at full length (0.04 s, event=True)
  [PASS] poles pre-positioned to full length

  chain results:
  ────────────────────────────────────────────────────────────
  step 0 ('arm', 'ready')       follower start after leader done, gate latency     0.3 ms, ok=True
  step 1 ('hand', 'release')    follower start after leader done, gate latency    91.8 ms, ok=True
  step 2 ('sync', ('zero', 'half')) follower start after leader done, gate latency     1.6 ms, ok=True
  step 3 ('hand', 'grasp')      follower start after leader done, gate latency   275.3 ms, ok=True
  step 4 ('sync', ('ready', 'full')) follower start after leader done, gate latency     1.4 ms, ok=True
  step 5 ('hand', 'half_grasp') follower start after leader done, gate latency   274.9 ms, ok=True
  step 6 ('arm', 'rest')        follower start after leader done, gate latency   183.5 ms, ok=True
  [PASS] all dispatches accepted
  [PASS] both chains completed
  [PASS] ordering invariant  (follower step k always after leader step k done)
  [PASS] follower gate latency  (max 275.3 ms)

  Summary: 5 PASS, 0 FAIL, 0 SKIP

####################################################################
# C4 free  (test_dual_free)
####################################################################
====================================================================
C4  Free-running dual-arm execution (no cross-arm gates)
    left=192.168.1.10  right=192.168.1.103  arm v=20%  lift v=50%
    sequence: [('arm', 'ready'), ('hand', 'release'), ('sync', ('zero', 'half')), ('hand', 'grasp'), ('sync', ('ready', 'full')), ('hand', 'half_grasp'), ('arm', 'rest')]
    mode: as-found  (select with --mode SIM|REAL)
    poles pre-positioned to full length (0.29 m) before the sequence
    BOTH ARMS AND BOTH POLES WILL MOVE
====================================================================
current c api version:  emu-1.1.6
  [INFO] left: run mode = REAL
  [INFO] right: run mode = REAL
  starting in 5 ...
  starting in 4 ...
  starting in 3 ...
  starting in 2 ...
  starting in 1 ...
  pre-positioning pole(s) to full_length (0.29 m -> left=290 (1to1), right=193 (2to3)) ...
  [INFO] left: pole at full length (0.04 s, event=True)
  [INFO] right: pole at full length (0.04 s, event=True)
  [PASS] poles pre-positioned to full length

  per-arm timelines:
  ────────────────────────────────────────────────────────────
  left : 7/7 steps in 1.45 s
  right: 7/7 steps in 1.44 s
  [PASS] all dispatches accepted
  [PASS] both arms completed independently
  [PASS] concurrent free run  (window overlap 100% of shorter run)

  Summary: 4 PASS, 0 FAIL, 0 SKIP

####################################################################
# C6 single-arm  (test_single_arm_planned)
####################################################################
====================================================================
C6  Single-arm planned moves + CONCURRENT hand motion
    arm=left @ 192.168.1.10   movej v=20%   X offset +20 cm (world frame)
    hand states: release / grasp / half_grasp (acked_angle: non-blocking + duration dwell, butterfli_hw semantics)
    mode: as-found  (select with --mode SIM|REAL)
    pole pre-positioned to full length (0.29 m) first
    THE LEFT ARM, ITS POLE, AND ITS HAND WILL MOVE
====================================================================
current c api version:  emu-1.1.6
  [INFO] left: run mode = REAL
  starting in 5 ...
  starting in 4 ...
  starting in 3 ...
  starting in 2 ...
  starting in 1 ...
  pre-positioning pole(s) to full_length (0.29 m -> left=290 (1to1)) ...
  [INFO] left: pole at full length (0.04 s, event=True)
  [PASS] pole pre-positioned to full length
  movej ready + release      ok=True  arm  0.19 s   hand  0.10 s   hand-arm finish -0.09 s  (hand done DURING arm motion)
  [PASS] movej to ready + hand release
  movej rest + grasp         ok=True  arm  0.19 s   hand  0.10 s   hand-arm finish -0.09 s  (hand done DURING arm motion)
  [PASS] movej to rest_pose + hand grasp
  pose at rest: x=-0.058 y=+0.101 z=+0.488  ->  target x=+0.142
  movej_p +X + half_grasp: arm 0.16 s, hand finish skew -0.05 s  (hand done DURING arm motion)
  displacement: dx=+0.200 dy=+0.000 dz=+0.000 m
  [PASS] movej_p +X + half_grasp verified  (dx=+0.200 m (target +0.20))
  movej ready + release      ok=True  arm  0.21 s   hand  0.10 s   hand-arm finish -0.11 s  (hand done DURING arm motion)
  [PASS] movej back to ready + hand release
  [PASS] planned-move pipeline exercised  (movej x3 + movej_p x1 + hand x4 concurrent, no passthrough)
  [PASS] hand moved concurrently with arm  (4/4 phases finished during arm motion; finish skews -0.09s, -0.09s, -0.05s, -0.11s)

  Summary: 7 PASS, 0 FAIL, 0 SKIP

====================================================================
Emulated suite summary
  C1 connect   exit 0  (OK)
  C5 sim probe exit 0  (OK)
  C7 hand only exit 0  (OK)
  C2 locked    exit 0  (OK)
  C3 chained   exit 0  (OK)
  C4 free      exit 0  (OK)
  C6 single-arm exit 0  (OK)
====================================================================

========================================================================
  Script : run_emulated_suite.py
  Log    : run_emulated_suite.log
  Started: 2026-08-06 17:55:45
========================================================================
====================================================================
EMULATED dual-arm concept suite  (time scale x10)
Arms are emulated in-process — nothing physical moves.
====================================================================

####################################################################
# C1 connect  (test_dual_connect)
####################################################################
====================================================================
C1  Dual-arm connectivity pre-check  (no motion is commanded)
    left=192.168.1.10  right=192.168.1.103
====================================================================
current c api version:  emu-1.1.6
  [PASS] left: robot info  (RM_75 7-DOF, controller gen 3)
  [PASS] left: arm state clean  (err codes ['0'])
  [PASS] left: lift state  (pos=100 of 330 (1to1))
  [INFO] left: run mode = REAL
  [PASS] right: robot info  (RM_75 7-DOF, controller gen 3)
  [PASS] right: arm state clean  (err codes ['0'])
  [PASS] right: lift state  (pos=100 of 200 (2to3))
  [INFO] right: run mode = REAL
  [PASS] handles distinct  (left id=1 right id=2)
  [PASS] event callback registered  (process-global, demuxed by handle_id)
  [PASS] pre-check complete  (no motion was commanded)

  Summary: 9 PASS, 0 FAIL, 0 SKIP

####################################################################
# C5 sim probe  (test_sim_motion_visibility)
####################################################################
====================================================================
C5  Simulation-mode motion visibility probe (no physical motion)
    arm=192.168.1.10  UDP -> 192.168.1.239:8095  probe: J7 +5.0 deg at v=10%
====================================================================
current c api version:  emu-1.1.6
  [INFO] original run mode: REAL
  [PASS] simulation mode engaged and verified
  [INFO] rm_set_realtime_push ret=0
  [PASS] UDP push delivering frames  (75 within 2 s)
  [PASS] probe movej accepted in simulation mode

  ────────────────────────────────────────────────────────────
  VERDICT — simulated motion accessibility (535 UDP frames):
    UDP realtime push sweeps:   YES
    Arrival event fires:        YES (trajectory_state=True)
    TCP polling sweeps:         YES  (1 polls)
  ────────────────────────────────────────────────────────────
  => Simulated motion IS programmatically accessible: the
     sim-rehearsal record-and-verify pipeline is viable.
  [PASS] probe completed with a definitive verdict
  [PASS] probe joint returned to start
  [INFO] run mode restored: REAL (ret=0)

  Summary: 5 PASS, 0 FAIL, 0 SKIP

####################################################################
# C7 hand only  (test_hand_only)
####################################################################
====================================================================
C7  Hand-alone test (protocol probe, then modbus RTU)
    hand on arm=left @ 192.168.1.10   modbus device=1 baud=115200
    ONLY THE HAND MOVES — no arm, no pole motion
    on exit: restore protocol mode (rm_close_modbus_mode)
====================================================================
current c api version:  emu-1.1.6
  [INFO] arm run mode: REAL (hand is a physical peripheral; REAL recommended)
  [PASS] connected  (handle id=4)

  Phase P — protocol path probe (rm_set_hand_angle, blocking 5 s)
  [PASS] protocol path  (WORKS — end port is free; C2/C6 hand steps can use arrival events)

  Phase M — modbus RTU (ANGLE_SET writes, ANGLE_ACT feedback)
  [PASS] modbus session opened  (port 1 @ 115200)
  [PASS] ANGLE_ACT readable  (measured [993, 993, 993, 993, 981, 992])
  [PASS] SPEED_SET written  (500 x6)
    release    reached in  0.3 s  ACT=[993, 993, 993, 993, 981, 992]  (max err 0)
    grasp      reached in  0.3 s  ACT=[33, 33, 33, 33, 133, 944]  (max err 0)
    half_grasp reached in  0.3 s  ACT=[516, 516, 516, 516, 133, 944]  (max err 0)
    release    reached in  0.3 s  ACT=[993, 993, 993, 993, 981, 992]  (max err 0)
  [PASS] modbus command + measured feedback  (release -> grasp -> half_grasp -> release verified via ANGLE_ACT)
  [PASS] FORCE_ACT readable  ([0, 0, 0, 0, 0, 0] g (signed))

  VERDICT: protocol path WORKS; modbus RTU path WORKS with real feedback.
  [INFO] end port restored to protocol mode (rm_close_modbus_mode ret=0)
  [PASS] end-port state restored

  Summary: 8 PASS, 0 FAIL, 0 SKIP

####################################################################
# C2 locked  (test_dual_locked)
####################################################################
====================================================================
C2  Parallel locked dual-arm execution
    left=192.168.1.10  right=192.168.1.103  arm v=20%  lift v=50%
    sequence: [('arm', 'ready'), ('hand', 'release'), ('sync', ('zero', 'half')), ('hand', 'grasp'), ('sync', ('ready', 'full')), ('hand', 'half_grasp'), ('arm', 'rest')]
    mode: as-found  (select with --mode SIM|REAL)
    poles pre-positioned to full length (0.29 m) before the sequence
    BOTH ARMS AND BOTH POLES WILL MOVE
====================================================================
current c api version:  emu-1.1.6
  [INFO] left: run mode = REAL
  [INFO] right: run mode = REAL
  starting in 5 ...
  starting in 4 ...
  starting in 3 ...
  starting in 2 ...
  starting in 1 ...
  pre-positioning pole(s) to full_length (0.29 m -> left=290 (1to1), right=193 (2to3)) ...
  [INFO] left: pole at full length (0.38 s, event=True)
  [INFO] right: pole at full length (0.29 s, event=True)
  [PASS] poles pre-positioned to full length

  step results:
  ────────────────────────────────────────────────────────────
  ('arm', 'ready')         skew   1.23 ms   L   0.30 s   R   0.30 s   |d|  0.00 s   ok=True
  ('hand', 'release')      skew   0.39 ms   L   0.10 s   R   0.10 s   |d|  0.00 s   ok=True
  ('sync', ('zero', 'half')) skew   2.97 ms   L   0.38 s   R   0.38 s   |d|  0.00 s   ok=True
  ('hand', 'grasp')        skew   0.14 ms   L   0.10 s   R   0.10 s   |d|  0.00 s   ok=True
  ('sync', ('ready', 'full')) skew   3.19 ms   L   0.38 s   R   0.37 s   |d|  0.00 s   ok=True
  ('hand', 'half_grasp')   skew   0.35 ms   L   0.10 s   R   0.10 s   |d|  0.00 s   ok=True
  ('arm', 'rest')          skew   0.99 ms   L   0.19 s   R   0.19 s   |d|  0.00 s   ok=True
  [PASS] all dispatches accepted
  [PASS] sequence completed with barrier per step
  [PASS] dispatch skew  (max 3.19 ms)
  [PASS] arrival via event for every device
  [INFO] completion delta between arms: mean 0.00 s, max 0.00 s
  [INFO] sync left  ('zero', 'half')     arm-dur-est 3.00 s, matched lift 28%, start skew    0.9 ms, finish skew   +83.6 ms
  [INFO] sync right ('zero', 'half')     arm-dur-est 3.00 s, matched lift 28%, start skew    1.2 ms, finish skew   +82.8 ms
  [INFO] sync left  ('ready', 'full')    arm-dur-est 3.00 s, matched lift 29%, start skew    1.0 ms, finish skew   +75.0 ms
  [INFO] sync right ('ready', 'full')    arm-dur-est 3.00 s, matched lift 29%, start skew    0.8 ms, finish skew   +73.7 ms
  [PASS] arm-pole sync finish  (worst pole lateness +84 ms)

  Summary: 6 PASS, 0 FAIL, 0 SKIP

####################################################################
# C3 chained  (test_dual_chained)
####################################################################
====================================================================
C3  Chained dual-arm execution (left leads, right follows)
    left=192.168.1.10  right=192.168.1.103  arm v=20%  lift v=50%
    sequence: [('arm', 'ready'), ('hand', 'release'), ('sync', ('zero', 'half')), ('hand', 'grasp'), ('sync', ('ready', 'full')), ('hand', 'half_grasp'), ('arm', 'rest')]
    mode: as-found  (select with --mode SIM|REAL)
    poles pre-positioned to full length (0.29 m) before the sequence
    BOTH ARMS AND BOTH POLES WILL MOVE
====================================================================
current c api version:  emu-1.1.6
  [INFO] left: run mode = REAL
  [INFO] right: run mode = REAL
  starting in 5 ...
  starting in 4 ...
  starting in 3 ...
  starting in 2 ...
  starting in 1 ...
  pre-positioning pole(s) to full_length (0.29 m -> left=290 (1to1), right=193 (2to3)) ...
  [INFO] left: pole at full length (0.04 s, event=True)
  [INFO] right: pole at full length (0.04 s, event=True)
  [PASS] poles pre-positioned to full length

  chain results:
  ────────────────────────────────────────────────────────────
  step 0 ('arm', 'ready')       follower start after leader done, gate latency     0.4 ms, ok=True
  step 1 ('hand', 'release')    follower start after leader done, gate latency    92.0 ms, ok=True
  step 2 ('sync', ('zero', 'half')) follower start after leader done, gate latency     1.9 ms, ok=True
  step 3 ('hand', 'grasp')      follower start after leader done, gate latency   284.0 ms, ok=True
  step 4 ('sync', ('ready', 'full')) follower start after leader done, gate latency     9.4 ms, ok=True
  step 5 ('hand', 'half_grasp') follower start after leader done, gate latency   282.6 ms, ok=True
  step 6 ('arm', 'rest')        follower start after leader done, gate latency   190.9 ms, ok=True
  [PASS] all dispatches accepted
  [PASS] both chains completed
  [PASS] ordering invariant  (follower step k always after leader step k done)
  [PASS] follower gate latency  (max 284.0 ms)

  Summary: 5 PASS, 0 FAIL, 0 SKIP

####################################################################
# C4 free  (test_dual_free)
####################################################################
====================================================================
C4  Free-running dual-arm execution (no cross-arm gates)
    left=192.168.1.10  right=192.168.1.103  arm v=20%  lift v=50%
    sequence: [('arm', 'ready'), ('hand', 'release'), ('sync', ('zero', 'half')), ('hand', 'grasp'), ('sync', ('ready', 'full')), ('hand', 'half_grasp'), ('arm', 'rest')]
    mode: as-found  (select with --mode SIM|REAL)
    poles pre-positioned to full length (0.29 m) before the sequence
    BOTH ARMS AND BOTH POLES WILL MOVE
====================================================================
current c api version:  emu-1.1.6
  [INFO] left: run mode = REAL
  [INFO] right: run mode = REAL
  starting in 5 ...
  starting in 4 ...
  starting in 3 ...
  starting in 2 ...
  starting in 1 ...
  pre-positioning pole(s) to full_length (0.29 m -> left=290 (1to1), right=193 (2to3)) ...
  [INFO] left: pole at full length (0.04 s, event=True)
  [INFO] right: pole at full length (0.04 s, event=True)
  [PASS] poles pre-positioned to full length

  per-arm timelines:
  ────────────────────────────────────────────────────────────
  left : 7/7 steps in 1.45 s
  right: 7/7 steps in 1.45 s
  [PASS] all dispatches accepted
  [PASS] both arms completed independently
  [PASS] concurrent free run  (window overlap 100% of shorter run)

  Summary: 4 PASS, 0 FAIL, 0 SKIP

####################################################################
# C6 single-arm  (test_single_arm_planned)
####################################################################
====================================================================
C6  Single-arm planned moves + CONCURRENT hand motion
    arm=left @ 192.168.1.10   movej v=20%   X offset +20 cm (world frame)
    hand states: release / grasp / half_grasp (acked_angle: non-blocking + duration dwell, butterfli_hw semantics)
    mode: as-found  (select with --mode SIM|REAL)
    pole pre-positioned to full length (0.29 m) first
    THE LEFT ARM, ITS POLE, AND ITS HAND WILL MOVE
====================================================================
current c api version:  emu-1.1.6
  [INFO] left: run mode = REAL
  starting in 5 ...
  starting in 4 ...
  starting in 3 ...
  starting in 2 ...
  starting in 1 ...
  pre-positioning pole(s) to full_length (0.29 m -> left=290 (1to1)) ...
  [INFO] left: pole at full length (0.04 s, event=True)
  [PASS] pole pre-positioned to full length
  movej ready + release      ok=True  arm  0.19 s   hand  0.10 s   hand-arm finish -0.09 s  (hand done DURING arm motion)
  [PASS] movej to ready + hand release
  movej rest + grasp         ok=True  arm  0.19 s   hand  0.10 s   hand-arm finish -0.09 s  (hand done DURING arm motion)
  [PASS] movej to rest_pose + hand grasp
  pose at rest: x=-0.058 y=+0.101 z=+0.488  ->  target x=+0.142
  movej_p +X + half_grasp: arm 0.15 s, hand finish skew -0.05 s  (hand done DURING arm motion)
  displacement: dx=+0.200 dy=+0.000 dz=+0.000 m
  [PASS] movej_p +X + half_grasp verified  (dx=+0.200 m (target +0.20))
  movej ready + release      ok=True  arm  0.21 s   hand  0.10 s   hand-arm finish -0.11 s  (hand done DURING arm motion)
  [PASS] movej back to ready + hand release
  [PASS] planned-move pipeline exercised  (movej x3 + movej_p x1 + hand x4 concurrent, no passthrough)
  [PASS] hand moved concurrently with arm  (4/4 phases finished during arm motion; finish skews -0.09s, -0.09s, -0.05s, -0.11s)

  Summary: 7 PASS, 0 FAIL, 0 SKIP

====================================================================
Emulated suite summary
  C1 connect   exit 0  (OK)
  C5 sim probe exit 0  (OK)
  C7 hand only exit 0  (OK)
  C2 locked    exit 0  (OK)
  C3 chained   exit 0  (OK)
  C4 free      exit 0  (OK)
  C6 single-arm exit 0  (OK)
====================================================================

========================================================================
  Script : run_emulated_suite.py
  Log    : run_emulated_suite.log
  Started: 2026-08-06 18:03:12
========================================================================
====================================================================
EMULATED dual-arm concept suite  (time scale x10)
Arms are emulated in-process — nothing physical moves.
====================================================================

####################################################################
# C1 connect  (test_dual_connect)
####################################################################
====================================================================
C1  Dual-arm connectivity pre-check  (no motion is commanded)
    left=192.168.1.10  right=192.168.1.103
====================================================================
current c api version:  emu-1.1.6
  [PASS] left: robot info  (RM_75 7-DOF, controller gen 3)
  [PASS] left: arm state clean  (err codes ['0'])
  [PASS] left: lift state  (pos=100 of 330 (1to1))
  [INFO] left: run mode = REAL
  [PASS] right: robot info  (RM_75 7-DOF, controller gen 3)
  [PASS] right: arm state clean  (err codes ['0'])
  [PASS] right: lift state  (pos=100 of 200 (2to3))
  [INFO] right: run mode = REAL
  [PASS] handles distinct  (left id=1 right id=2)
  [PASS] event callback registered  (process-global, demuxed by handle_id)
  [PASS] pre-check complete  (no motion was commanded)

  Summary: 9 PASS, 0 FAIL, 0 SKIP

####################################################################
# C5 sim probe  (test_sim_motion_visibility)
####################################################################
====================================================================
C5  Simulation-mode motion visibility probe (no physical motion)
    arm=192.168.1.10  UDP -> 192.168.1.239:8095  probe: J7 +5.0 deg at v=10%
====================================================================
current c api version:  emu-1.1.6
  [INFO] original run mode: REAL
  [PASS] simulation mode engaged and verified
  [INFO] rm_set_realtime_push ret=0
  [PASS] UDP push delivering frames  (85 within 2 s)
  [PASS] probe movej accepted in simulation mode

  ────────────────────────────────────────────────────────────
  VERDICT — simulated motion accessibility (549 UDP frames):
    UDP realtime push sweeps:   YES
    Arrival event fires:        YES (trajectory_state=True)
    TCP polling sweeps:         YES  (1 polls)
  ────────────────────────────────────────────────────────────
  => Simulated motion IS programmatically accessible: the
     sim-rehearsal record-and-verify pipeline is viable.
  [PASS] probe completed with a definitive verdict
  [PASS] probe joint returned to start
  [INFO] run mode restored: REAL (ret=0)

  Summary: 5 PASS, 0 FAIL, 0 SKIP

####################################################################
# C7 hand only  (test_hand_only)
####################################################################
====================================================================
C7  Hand-alone test (protocol probe, then modbus RTU)
    hand on arm=left @ 192.168.1.10   modbus device=1 baud=115200
    ONLY THE HAND MOVES — no arm, no pole motion
    on exit: restore protocol mode (rm_close_modbus_mode)
====================================================================
current c api version:  emu-1.1.6
  [INFO] arm run mode: REAL (hand is a physical peripheral; REAL recommended)
  [PASS] connected  (handle id=4)

  Phase P — protocol path probe (rm_set_hand_angle, blocking 5 s)
  [PASS] protocol path  (WORKS — end port is free; C2/C6 hand steps can use arrival events)

  Phase M — modbus RTU (ANGLE_SET writes, ANGLE_ACT feedback)
  [PASS] modbus session opened  (port 1 @ 115200)
  [PASS] ANGLE_ACT readable  (measured [993, 993, 993, 993, 981, 992])
  [PASS] SPEED_SET written  (500 x6)
    release    reached in  0.3 s  ACT=[993, 993, 993, 993, 981, 992]  (max err 0)
    grasp      reached in  0.3 s  ACT=[33, 33, 33, 33, 133, 944]  (max err 0)
    half_grasp reached in  0.3 s  ACT=[516, 516, 516, 516, 133, 944]  (max err 0)
    release    reached in  0.3 s  ACT=[993, 993, 993, 993, 981, 992]  (max err 0)
  [PASS] modbus command + measured feedback  (release -> grasp -> half_grasp -> release verified via ANGLE_ACT)
  [PASS] FORCE_ACT readable  ([0, 0, 0, 0, 0, 0] g (signed))

  VERDICT: protocol path WORKS; modbus RTU path WORKS with real feedback.
  [INFO] end port restored to protocol mode (rm_close_modbus_mode ret=0)
  [PASS] end-port state restored

  Summary: 8 PASS, 0 FAIL, 0 SKIP

####################################################################
# C2 locked  (test_dual_locked)
####################################################################
====================================================================
C2  Parallel locked dual-arm execution
    left=192.168.1.10  right=192.168.1.103  arm v=20%  lift v=50%
    sequence: [('arm', 'ready'), ('hand', 'release'), ('sync', ('zero', 'half')), ('hand', 'grasp'), ('sync', ('ready', 'full')), ('hand', 'half_grasp'), ('arm', 'rest')]
    mode: as-found  (select with --mode SIM|REAL)
    poles pre-positioned to full length (0.29 m) before the sequence
    BOTH ARMS AND BOTH POLES WILL MOVE
====================================================================
current c api version:  emu-1.1.6
  [INFO] left: run mode = REAL
  [INFO] right: run mode = REAL
  starting in 5 ...
  starting in 4 ...
  starting in 3 ...
  starting in 2 ...
  starting in 1 ...
  pre-positioning pole(s) to full_length (0.29 m -> left=290 (1to1), right=193 (2to3)) ...
  [INFO] left: pole at full length (0.38 s, event=True)
  [INFO] right: pole at full length (0.29 s, event=True)
  [PASS] poles pre-positioned to full length

  step results:
  ────────────────────────────────────────────────────────────
  ('arm', 'ready')         skew   0.99 ms   L   0.30 s   R   0.30 s   |d|  0.00 s   ok=True
  ('hand', 'release')      skew   0.40 ms   L   0.10 s   R   0.10 s   |d|  0.00 s   ok=True
  ('sync', ('zero', 'half')) skew   2.90 ms   L   0.38 s   R   0.38 s   |d|  0.00 s   ok=True
  ('hand', 'grasp')        skew   0.13 ms   L   0.10 s   R   0.10 s   |d|  0.00 s   ok=True
  ('sync', ('ready', 'full')) skew   2.98 ms   L   0.38 s   R   0.37 s   |d|  0.00 s   ok=True
  ('hand', 'half_grasp')   skew   0.44 ms   L   0.10 s   R   0.10 s   |d|  0.00 s   ok=True
  ('arm', 'rest')          skew   1.05 ms   L   0.19 s   R   0.19 s   |d|  0.00 s   ok=True
  [PASS] all dispatches accepted
  [PASS] sequence completed with barrier per step
  [PASS] dispatch skew  (max 2.98 ms)
  [PASS] arrival via event for every device
  [INFO] completion delta between arms: mean 0.00 s, max 0.00 s
  [INFO] sync left  ('zero', 'half')     arm-dur-est 3.00 s, matched lift 28%, start skew    0.8 ms, finish skew   +83.6 ms
  [INFO] sync right ('zero', 'half')     arm-dur-est 3.00 s, matched lift 28%, start skew    0.7 ms, finish skew   +82.3 ms
  [INFO] sync left  ('ready', 'full')    arm-dur-est 3.00 s, matched lift 29%, start skew    0.9 ms, finish skew   +74.9 ms
  [INFO] sync right ('ready', 'full')    arm-dur-est 3.00 s, matched lift 29%, start skew    0.7 ms, finish skew   +73.5 ms
  [PASS] arm-pole sync finish  (worst pole lateness +84 ms)

  Summary: 6 PASS, 0 FAIL, 0 SKIP

####################################################################
# C3 chained  (test_dual_chained)
####################################################################
====================================================================
C3  Chained dual-arm execution (left leads, right follows)
    left=192.168.1.10  right=192.168.1.103  arm v=20%  lift v=50%
    sequence: [('arm', 'ready'), ('hand', 'release'), ('sync', ('zero', 'half')), ('hand', 'grasp'), ('sync', ('ready', 'full')), ('hand', 'half_grasp'), ('arm', 'rest')]
    mode: as-found  (select with --mode SIM|REAL)
    poles pre-positioned to full length (0.29 m) before the sequence
    BOTH ARMS AND BOTH POLES WILL MOVE
====================================================================
current c api version:  emu-1.1.6
  [INFO] left: run mode = REAL
  [INFO] right: run mode = REAL
  starting in 5 ...
  starting in 4 ...
  starting in 3 ...
  starting in 2 ...
  starting in 1 ...
  pre-positioning pole(s) to full_length (0.29 m -> left=290 (1to1), right=193 (2to3)) ...
  [INFO] left: pole at full length (0.04 s, event=True)
  [INFO] right: pole at full length (0.04 s, event=True)
  [PASS] poles pre-positioned to full length

  chain results:
  ────────────────────────────────────────────────────────────
  step 0 ('arm', 'ready')       follower start after leader done, gate latency     0.2 ms, ok=True
  step 1 ('hand', 'release')    follower start after leader done, gate latency    91.9 ms, ok=True
  step 2 ('sync', ('zero', 'half')) follower start after leader done, gate latency     1.6 ms, ok=True
  step 3 ('hand', 'grasp')      follower start after leader done, gate latency   283.9 ms, ok=True
  step 4 ('sync', ('ready', 'full')) follower start after leader done, gate latency     8.7 ms, ok=True
  step 5 ('hand', 'half_grasp') follower start after leader done, gate latency   281.8 ms, ok=True
  step 6 ('arm', 'rest')        follower start after leader done, gate latency   190.4 ms, ok=True
  [PASS] all dispatches accepted
  [PASS] both chains completed
  [PASS] ordering invariant  (follower step k always after leader step k done)
  [PASS] follower gate latency  (max 283.9 ms)

  Summary: 5 PASS, 0 FAIL, 0 SKIP

####################################################################
# C4 free  (test_dual_free)
####################################################################
====================================================================
C4  Free-running dual-arm execution (no cross-arm gates)
    left=192.168.1.10  right=192.168.1.103  arm v=20%  lift v=50%
    sequence: [('arm', 'ready'), ('hand', 'release'), ('sync', ('zero', 'half')), ('hand', 'grasp'), ('sync', ('ready', 'full')), ('hand', 'half_grasp'), ('arm', 'rest')]
    mode: as-found  (select with --mode SIM|REAL)
    poles pre-positioned to full length (0.29 m) before the sequence
    BOTH ARMS AND BOTH POLES WILL MOVE
====================================================================
current c api version:  emu-1.1.6
  [INFO] left: run mode = REAL
  [INFO] right: run mode = REAL
  starting in 5 ...
  starting in 4 ...
  starting in 3 ...
  starting in 2 ...
  starting in 1 ...
  pre-positioning pole(s) to full_length (0.29 m -> left=290 (1to1), right=193 (2to3)) ...
  [INFO] left: pole at full length (0.04 s, event=True)
  [INFO] right: pole at full length (0.04 s, event=True)
  [PASS] poles pre-positioned to full length

  per-arm timelines:
  ────────────────────────────────────────────────────────────
  left : 7/7 steps in 1.45 s
  right: 7/7 steps in 1.45 s
  [PASS] all dispatches accepted
  [PASS] both arms completed independently
  [PASS] concurrent free run  (window overlap 100% of shorter run)

  Summary: 4 PASS, 0 FAIL, 0 SKIP

####################################################################
# C6 single-arm  (test_single_arm_planned)
####################################################################
====================================================================
C6  Single-arm planned moves + CONCURRENT hand motion
    arm=left @ 192.168.1.10   movej v=20%   X offset +20 cm (world frame)
    hand states: release / grasp / half_grasp (acked_angle: non-blocking + duration dwell, butterfli_hw semantics)
    mode: as-found  (select with --mode SIM|REAL)
    pole pre-positioned to full length (0.29 m) first
    THE LEFT ARM, ITS POLE, AND ITS HAND WILL MOVE
====================================================================
current c api version:  emu-1.1.6
  [INFO] left: run mode = REAL
  starting in 5 ...
  starting in 4 ...
  starting in 3 ...
  starting in 2 ...
  starting in 1 ...
  pre-positioning pole(s) to full_length (0.29 m -> left=290 (1to1)) ...
  [INFO] left: pole at full length (0.04 s, event=True)
  [PASS] pole pre-positioned to full length
  movej ready + release      ok=True  arm  0.19 s   hand  0.10 s   hand-arm finish -0.09 s  (hand done DURING arm motion)
  [PASS] movej to ready + hand release
  movej rest + grasp         ok=True  arm  0.19 s   hand  0.10 s   hand-arm finish -0.09 s  (hand done DURING arm motion)
  [PASS] movej to rest_pose + hand grasp
  pose at rest: x=-0.058 y=+0.101 z=+0.488  ->  target x=+0.142
  movej_p +X + half_grasp: arm 0.16 s, hand finish skew -0.05 s  (hand done DURING arm motion)
  displacement: dx=+0.200 dy=+0.000 dz=+0.000 m
  [PASS] movej_p +X + half_grasp verified  (dx=+0.200 m (target +0.20))
  movej ready + release      ok=True  arm  0.21 s   hand  0.10 s   hand-arm finish -0.11 s  (hand done DURING arm motion)
  [PASS] movej back to ready + hand release
  [PASS] planned-move pipeline exercised  (movej x3 + movej_p x1 + hand x4 concurrent, no passthrough)
  [PASS] hand moved concurrently with arm  (4/4 phases finished during arm motion; finish skews -0.09s, -0.09s, -0.05s, -0.11s)

  Summary: 7 PASS, 0 FAIL, 0 SKIP

====================================================================
Emulated suite summary
  C1 connect   exit 0  (OK)
  C5 sim probe exit 0  (OK)
  C7 hand only exit 0  (OK)
  C2 locked    exit 0  (OK)
  C3 chained   exit 0  (OK)
  C4 free      exit 0  (OK)
  C6 single-arm exit 0  (OK)
====================================================================

========================================================================
  Script : run_emulated_suite.py
  Log    : run_emulated_suite.log
  Started: 2026-08-06 18:04:04
========================================================================
====================================================================
EMULATED dual-arm concept suite  (time scale x10)
Arms are emulated in-process — nothing physical moves.
====================================================================

####################################################################
# C1 connect  (test_dual_connect)
####################################################################
====================================================================
C1  Dual-arm connectivity pre-check  (no motion is commanded)
    left=192.168.1.10  right=192.168.1.103
====================================================================
current c api version:  emu-1.1.6
  [PASS] left: robot info  (RM_75 7-DOF, controller gen 3)
  [PASS] left: arm state clean  (err codes ['0'])
  [PASS] left: lift state  (pos=100 of 330 (1to1))
  [INFO] left: run mode = REAL
  [PASS] right: robot info  (RM_75 7-DOF, controller gen 3)
  [PASS] right: arm state clean  (err codes ['0'])
  [PASS] right: lift state  (pos=100 of 200 (2to3))
  [INFO] right: run mode = REAL
  [PASS] handles distinct  (left id=1 right id=2)
  [PASS] event callback registered  (process-global, demuxed by handle_id)
  [PASS] pre-check complete  (no motion was commanded)

  Summary: 9 PASS, 0 FAIL, 0 SKIP

####################################################################
# C5 sim probe  (test_sim_motion_visibility)
####################################################################
====================================================================
C5  Simulation-mode motion visibility probe (no physical motion)
    arm=192.168.1.10  UDP -> 192.168.1.239:8095  probe: J7 +5.0 deg at v=10%
====================================================================
current c api version:  emu-1.1.6
  [INFO] original run mode: REAL
  [PASS] simulation mode engaged and verified
  [INFO] rm_set_realtime_push ret=0
  [PASS] UDP push delivering frames  (84 within 2 s)
  [PASS] probe movej accepted in simulation mode

  ────────────────────────────────────────────────────────────
  VERDICT — simulated motion accessibility (559 UDP frames):
    UDP realtime push sweeps:   YES
    Arrival event fires:        YES (trajectory_state=True)
    TCP polling sweeps:         YES  (1 polls)
  ────────────────────────────────────────────────────────────
  => Simulated motion IS programmatically accessible: the
     sim-rehearsal record-and-verify pipeline is viable.
  [PASS] probe completed with a definitive verdict
  [PASS] probe joint returned to start
  [INFO] run mode restored: REAL (ret=0)

  Summary: 5 PASS, 0 FAIL, 0 SKIP

####################################################################
# C7 hand only  (test_hand_only)
####################################################################
====================================================================
C7  Hand-alone test (protocol probe, then modbus RTU)
    hand on arm=left @ 192.168.1.10   modbus device=1 baud=115200
    ONLY THE HAND MOVES — no arm, no pole motion
    on exit: restore protocol mode (rm_close_modbus_mode)
====================================================================
current c api version:  emu-1.1.6
  [INFO] arm run mode: REAL (hand is a physical peripheral; REAL recommended)
  [PASS] connected  (handle id=4)

  Phase P — protocol path probe (rm_set_hand_angle, blocking 5 s)
  [PASS] protocol path  (WORKS — end port is free; C2/C6 hand steps can use arrival events)

  Phase M — modbus RTU (ANGLE_SET writes, ANGLE_ACT feedback)
  [PASS] modbus session opened  (port 1 @ 115200)
  [PASS] ANGLE_ACT readable  (measured [993, 993, 993, 993, 981, 992])
  [PASS] SPEED_SET written  (500 x6)
    release    reached in  0.3 s  ACT=[993, 993, 993, 993, 981, 992]  (max err 0)
    grasp      reached in  0.3 s  ACT=[33, 33, 33, 33, 133, 944]  (max err 0)
    half_grasp reached in  0.3 s  ACT=[516, 516, 516, 516, 133, 944]  (max err 0)
    release    reached in  0.3 s  ACT=[993, 993, 993, 993, 981, 992]  (max err 0)
  [PASS] modbus command + measured feedback  (release -> grasp -> half_grasp -> release verified via ANGLE_ACT)
  [PASS] FORCE_ACT readable  ([0, 0, 0, 0, 0, 0] g (signed))

  VERDICT: protocol path WORKS; modbus RTU path WORKS with real feedback.
  [INFO] end port restored to protocol mode (rm_close_modbus_mode ret=0)
  [PASS] end-port state restored

  Summary: 8 PASS, 0 FAIL, 0 SKIP

####################################################################
# C2 locked  (test_dual_locked)
####################################################################
====================================================================
C2  Parallel locked dual-arm execution
    left=192.168.1.10  right=192.168.1.103  arm v=20%  lift v=50%
    sequence: [('arm', 'ready'), ('hand', 'release'), ('sync', ('zero', 'half')), ('hand', 'grasp'), ('sync', ('ready', 'full')), ('hand', 'half_grasp'), ('arm', 'rest')]
    mode: as-found  (select with --mode SIM|REAL)
    poles pre-positioned to full length (0.29 m) before the sequence
    BOTH ARMS AND BOTH POLES WILL MOVE
====================================================================
current c api version:  emu-1.1.6
  [INFO] left: run mode = REAL
  [INFO] right: run mode = REAL
  starting in 5 ...
  starting in 4 ...
  starting in 3 ...
  starting in 2 ...
  starting in 1 ...
  pre-positioning pole(s) to full_length (0.29 m -> left=290 (1to1), right=193 (2to3)) ...
  [INFO] left: pole at full length (0.38 s, event=True)
  [INFO] right: pole at full length (0.29 s, event=True)
  [PASS] poles pre-positioned to full length

  step results:
  ────────────────────────────────────────────────────────────
  ('arm', 'ready')         skew   1.01 ms   L   0.30 s   R   0.30 s   |d|  0.00 s   ok=True
  ('hand', 'release')      skew   0.20 ms   L   0.10 s   R   0.10 s   |d|  0.00 s   ok=True
  ('sync', ('zero', 'half')) skew   2.97 ms   L   0.38 s   R   0.38 s   |d|  0.00 s   ok=True
  ('hand', 'grasp')        skew   0.15 ms   L   0.10 s   R   0.10 s   |d|  0.00 s   ok=True
  ('sync', ('ready', 'full')) skew   3.53 ms   L   0.38 s   R   0.38 s   |d|  0.00 s   ok=True
  ('hand', 'half_grasp')   skew   0.33 ms   L   0.10 s   R   0.10 s   |d|  0.00 s   ok=True
  ('arm', 'rest')          skew   0.71 ms   L   0.19 s   R   0.19 s   |d|  0.00 s   ok=True
  [PASS] all dispatches accepted
  [PASS] sequence completed with barrier per step
  [PASS] dispatch skew  (max 3.53 ms)
  [PASS] arrival via event for every device
  [INFO] completion delta between arms: mean 0.00 s, max 0.00 s
  [INFO] sync left  ('zero', 'half')     arm-dur-est 3.00 s, matched lift 28%, start skew    0.9 ms, finish skew   +83.6 ms
  [INFO] sync right ('zero', 'half')     arm-dur-est 3.00 s, matched lift 28%, start skew    0.8 ms, finish skew   +82.3 ms
  [INFO] sync left  ('ready', 'full')    arm-dur-est 3.00 s, matched lift 29%, start skew    1.0 ms, finish skew   +75.2 ms
  [INFO] sync right ('ready', 'full')    arm-dur-est 3.00 s, matched lift 29%, start skew    1.4 ms, finish skew   +73.7 ms
  [PASS] arm-pole sync finish  (worst pole lateness +84 ms)

  Summary: 6 PASS, 0 FAIL, 0 SKIP

####################################################################
# C3 chained  (test_dual_chained)
####################################################################
====================================================================
C3  Chained dual-arm execution (left leads, right follows)
    left=192.168.1.10  right=192.168.1.103  arm v=20%  lift v=50%
    sequence: [('arm', 'ready'), ('hand', 'release'), ('sync', ('zero', 'half')), ('hand', 'grasp'), ('sync', ('ready', 'full')), ('hand', 'half_grasp'), ('arm', 'rest')]
    mode: as-found  (select with --mode SIM|REAL)
    poles pre-positioned to full length (0.29 m) before the sequence
    BOTH ARMS AND BOTH POLES WILL MOVE
====================================================================
current c api version:  emu-1.1.6
  [INFO] left: run mode = REAL
  [INFO] right: run mode = REAL
  starting in 5 ...
  starting in 4 ...
  starting in 3 ...
  starting in 2 ...
  starting in 1 ...
  pre-positioning pole(s) to full_length (0.29 m -> left=290 (1to1), right=193 (2to3)) ...
  [INFO] left: pole at full length (0.04 s, event=True)
  [INFO] right: pole at full length (0.04 s, event=True)
  [PASS] poles pre-positioned to full length

  chain results:
  ────────────────────────────────────────────────────────────
  step 0 ('arm', 'ready')       follower start after leader done, gate latency     0.2 ms, ok=True
  step 1 ('hand', 'release')    follower start after leader done, gate latency    91.3 ms, ok=True
  step 2 ('sync', ('zero', 'half')) follower start after leader done, gate latency     1.4 ms, ok=True
  step 3 ('hand', 'grasp')      follower start after leader done, gate latency   284.0 ms, ok=True
  step 4 ('sync', ('ready', 'full')) follower start after leader done, gate latency     9.4 ms, ok=True
  step 5 ('hand', 'half_grasp') follower start after leader done, gate latency   282.6 ms, ok=True
  step 6 ('arm', 'rest')        follower start after leader done, gate latency   190.8 ms, ok=True
  [PASS] all dispatches accepted
  [PASS] both chains completed
  [PASS] ordering invariant  (follower step k always after leader step k done)
  [PASS] follower gate latency  (max 284.0 ms)

  Summary: 5 PASS, 0 FAIL, 0 SKIP

####################################################################
# C4 free  (test_dual_free)
####################################################################
====================================================================
C4  Free-running dual-arm execution (no cross-arm gates)
    left=192.168.1.10  right=192.168.1.103  arm v=20%  lift v=50%
    sequence: [('arm', 'ready'), ('hand', 'release'), ('sync', ('zero', 'half')), ('hand', 'grasp'), ('sync', ('ready', 'full')), ('hand', 'half_grasp'), ('arm', 'rest')]
    mode: as-found  (select with --mode SIM|REAL)
    poles pre-positioned to full length (0.29 m) before the sequence
    BOTH ARMS AND BOTH POLES WILL MOVE
====================================================================
current c api version:  emu-1.1.6
  [INFO] left: run mode = REAL
  [INFO] right: run mode = REAL
  starting in 5 ...
  starting in 4 ...
  starting in 3 ...
  starting in 2 ...
  starting in 1 ...
  pre-positioning pole(s) to full_length (0.29 m -> left=290 (1to1), right=193 (2to3)) ...
  [INFO] left: pole at full length (0.04 s, event=True)
  [INFO] right: pole at full length (0.04 s, event=True)
  [PASS] poles pre-positioned to full length

  per-arm timelines:
  ────────────────────────────────────────────────────────────
  left : 7/7 steps in 1.45 s
  right: 7/7 steps in 1.45 s
  [PASS] all dispatches accepted
  [PASS] both arms completed independently
  [PASS] concurrent free run  (window overlap 100% of shorter run)

  Summary: 4 PASS, 0 FAIL, 0 SKIP

####################################################################
# C6 single-arm  (test_single_arm_planned)
####################################################################
====================================================================
C6  Single-arm planned moves + CONCURRENT hand motion
    arm=left @ 192.168.1.10   movej v=20%   X offset +20 cm (world frame)
    hand states: release / grasp / half_grasp (acked_angle: non-blocking + duration dwell, butterfli_hw semantics)
    mode: as-found  (select with --mode SIM|REAL)
    pole pre-positioned to full length (0.29 m) first
    THE LEFT ARM, ITS POLE, AND ITS HAND WILL MOVE
====================================================================
current c api version:  emu-1.1.6
  [INFO] left: run mode = REAL
  starting in 5 ...
  starting in 4 ...
  starting in 3 ...
  starting in 2 ...
  starting in 1 ...
  pre-positioning pole(s) to full_length (0.29 m -> left=290 (1to1)) ...
  [INFO] left: pole at full length (0.04 s, event=True)
  [PASS] pole pre-positioned to full length
  movej ready + release      ok=True  arm  0.19 s   hand  0.10 s   hand-arm finish -0.09 s  (hand done DURING arm motion)
  [PASS] movej to ready + hand release
  movej rest + grasp         ok=True  arm  0.19 s   hand  0.10 s   hand-arm finish -0.09 s  (hand done DURING arm motion)
  [PASS] movej to rest_pose + hand grasp
  pose at rest: x=-0.058 y=+0.101 z=+0.488  ->  target x=+0.142
  movej_p +X + half_grasp: arm 0.15 s, hand finish skew -0.05 s  (hand done DURING arm motion)
  displacement: dx=+0.200 dy=+0.000 dz=+0.000 m
  [PASS] movej_p +X + half_grasp verified  (dx=+0.200 m (target +0.20))
  movej ready + release      ok=True  arm  0.21 s   hand  0.10 s   hand-arm finish -0.11 s  (hand done DURING arm motion)
  [PASS] movej back to ready + hand release
  [PASS] planned-move pipeline exercised  (movej x3 + movej_p x1 + hand x4 concurrent, no passthrough)
  [PASS] hand moved concurrently with arm  (4/4 phases finished during arm motion; finish skews -0.09s, -0.09s, -0.05s, -0.11s)

  Summary: 7 PASS, 0 FAIL, 0 SKIP

====================================================================
Emulated suite summary
  C1 connect   exit 0  (OK)
  C5 sim probe exit 0  (OK)
  C7 hand only exit 0  (OK)
  C2 locked    exit 0  (OK)
  C3 chained   exit 0  (OK)
  C4 free      exit 0  (OK)
  C6 single-arm exit 0  (OK)
====================================================================

========================================================================
  Script : run_emulated_suite.py
  Log    : run_emulated_suite.log
  Started: 2026-08-06 18:30:12
========================================================================
====================================================================
EMULATED dual-arm concept suite  (time scale x10)
Arms are emulated in-process — nothing physical moves.
====================================================================

####################################################################
# C1 connect  (test_dual_connect)
####################################################################
====================================================================
C1  Dual-arm connectivity pre-check  (no motion is commanded)
    left=192.168.1.10  right=192.168.1.103
====================================================================
current c api version:  emu-1.1.6
  [PASS] left: robot info  (RM_75 7-DOF, controller gen 3)
  [PASS] left: arm state clean  (err codes ['0'])
  [PASS] left: lift state  (pos=100 of 330 (1to1))
  [INFO] left: run mode = REAL
  [PASS] right: robot info  (RM_75 7-DOF, controller gen 3)
  [PASS] right: arm state clean  (err codes ['0'])
  [PASS] right: lift state  (pos=100 of 200 (2to3))
  [INFO] right: run mode = REAL
  [PASS] handles distinct  (left id=1 right id=2)
  [PASS] event callback registered  (process-global, demuxed by handle_id)
  [PASS] pre-check complete  (no motion was commanded)

  Summary: 9 PASS, 0 FAIL, 0 SKIP

####################################################################
# C8 pole diag  (test_pole_only)
####################################################################
====================================================================
C8  Pole-only diagnostic (lift acceptance + state dump)
    pole on arm=left @ 192.168.1.10   gearing=1to1 (hw max 330)
    ONLY THE POLE MOVES — arm and hand stay still
    mode: as-found  (select with --mode SIM|REAL)  [lift does NOT execute in SIM]
====================================================================
current c api version:  emu-1.1.6
  [INFO] left: run mode = REAL
  [PASS] connected  (handle id=3)
  [PASS] arm power  (ON)
    joint err_flag=[0, 0, 0, 0, 0, 0, 0]  brake_state=[0, 0, 0, 0, 0, 0, 0]
  [PASS] controller/joint errors  (clean)
  [PASS] lift state  (pos=100 hw-mm  current=0 mA  mode=0  err_flag=0)
  [SKIP] rm_clear_system_err  (not requested (--clear-errors))
  starting in 3 ...
  starting in 2 ...
  starting in 1 ...
  D6 acceptance probe: command CURRENT position (100 hw-mm) — no physical motion
    hold-position: ret=0 arrived=True success=True (0.04 s)
  [PASS] lift acceptance probe  (controller accepts lift commands)
    stroke to 90: ret=0 arrived=True success=True (0.06 s)
    back to 100: ret=0 arrived=True success=True (0.06 s)
  [PASS] small stroke probe  (10 hw-mm there and back, events OK)
  pre-positioning pole(s) to full_length (0.29 m -> left=290 (1to1)) ...
  [INFO] left: pole at full length (0.38 s, event=True)
  [PASS] home to full length  (0.29 m -> 290 hw-mm)

  Summary: 7 PASS, 0 FAIL, 1 SKIP

####################################################################
# C5 sim probe  (test_sim_motion_visibility)
####################################################################
====================================================================
C5  Simulation-mode motion visibility probe (no physical motion)
    arm=192.168.1.10  UDP -> 192.168.1.239:8095  probe: J7 +5.0 deg at v=10%
====================================================================
current c api version:  emu-1.1.6
  [INFO] original run mode: REAL
  [PASS] simulation mode engaged and verified
  [INFO] rm_set_realtime_push ret=0
  [PASS] UDP push delivering frames  (79 within 2 s)
  [PASS] probe movej accepted in simulation mode

  ────────────────────────────────────────────────────────────
  VERDICT — simulated motion accessibility (560 UDP frames):
    UDP realtime push sweeps:   YES
    Arrival event fires:        YES (trajectory_state=True)
    TCP polling sweeps:         YES  (1 polls)
  ────────────────────────────────────────────────────────────
  => Simulated motion IS programmatically accessible: the
     sim-rehearsal record-and-verify pipeline is viable.
  [PASS] probe completed with a definitive verdict
  [PASS] probe joint returned to start
  [INFO] run mode restored: REAL (ret=0)

  Summary: 5 PASS, 0 FAIL, 0 SKIP

####################################################################
# C7 hand only  (test_hand_only)
####################################################################
====================================================================
C7  Hand-alone test (protocol probe, then modbus RTU)
    hand on arm=left @ 192.168.1.10   modbus device=1 baud=115200
    ONLY THE HAND MOVES — no arm, no pole motion
    on exit: restore protocol mode (rm_close_modbus_mode)
====================================================================
current c api version:  emu-1.1.6
  [INFO] arm run mode: REAL (hand is a physical peripheral; REAL recommended)
  [PASS] connected  (handle id=5)

  Phase P — protocol path probe (rm_set_hand_angle, blocking 5 s)
  [PASS] protocol path  (WORKS — end port is free; C2/C6 hand steps can use arrival events)

  Phase M — modbus RTU (ANGLE_SET writes, ANGLE_ACT feedback)
  [PASS] modbus session opened  (port 1 @ 115200)
  [PASS] ANGLE_ACT readable  (measured [993, 993, 993, 993, 981, 992])
  [PASS] SPEED_SET written  (500 x6)
    release    reached in  0.3 s  ACT=[993, 993, 993, 993, 981, 992]  (max err 0)
    grasp      reached in  0.3 s  ACT=[33, 33, 33, 33, 133, 944]  (max err 0)
    half_grasp reached in  0.3 s  ACT=[516, 516, 516, 516, 133, 944]  (max err 0)
    release    reached in  0.3 s  ACT=[993, 993, 993, 993, 981, 992]  (max err 0)
  [PASS] modbus command + measured feedback  (release -> grasp -> half_grasp -> release verified via ANGLE_ACT)
  [PASS] FORCE_ACT readable  ([0, 0, 0, 0, 0, 0] g (signed))

  VERDICT: protocol path WORKS; modbus RTU path WORKS with real feedback.
  [INFO] end port restored to protocol mode (rm_close_modbus_mode ret=0)
  [PASS] end-port state restored

  Summary: 8 PASS, 0 FAIL, 0 SKIP

####################################################################
# C2 locked  (test_dual_locked)
####################################################################
====================================================================
C2  Parallel locked dual-arm execution
    left=192.168.1.10  right=192.168.1.103  arm v=20%  lift v=50%
    sequence: [('arm', 'ready'), ('hand', 'release'), ('sync', ('zero', 'half')), ('hand', 'grasp'), ('sync', ('ready', 'full')), ('hand', 'half_grasp'), ('arm', 'rest')]
    mode: as-found  (select with --mode SIM|REAL)
    poles pre-positioned to full length (0.29 m) before the sequence
    BOTH ARMS AND BOTH POLES WILL MOVE
====================================================================
current c api version:  emu-1.1.6
  [INFO] left: run mode = REAL
  [INFO] right: run mode = REAL
  starting in 5 ...
  starting in 4 ...
  starting in 3 ...
  starting in 2 ...
  starting in 1 ...
  pre-positioning pole(s) to full_length (0.29 m -> left=290 (1to1), right=193 (2to3)) ...
  [INFO] left: pole at full length (0.04 s, event=True)
  [INFO] right: pole at full length (0.29 s, event=True)
  [PASS] poles pre-positioned to full length

  step results:
  ────────────────────────────────────────────────────────────
  ('arm', 'ready')         skew   0.74 ms   L   0.30 s   R   0.30 s   |d|  0.00 s   ok=True
  ('hand', 'release')      skew   0.29 ms   L   0.10 s   R   0.10 s   |d|  0.00 s   ok=True
  ('sync', ('zero', 'half')) skew   3.72 ms   L   0.39 s   R   0.38 s   |d|  0.00 s   ok=True
  ('hand', 'grasp')        skew   0.39 ms   L   0.10 s   R   0.10 s   |d|  0.00 s   ok=True
  ('sync', ('ready', 'full')) skew   3.54 ms   L   0.38 s   R   0.37 s   |d|  0.00 s   ok=True
  ('hand', 'half_grasp')   skew   0.27 ms   L   0.10 s   R   0.10 s   |d|  0.00 s   ok=True
  ('arm', 'rest')          skew   1.24 ms   L   0.19 s   R   0.19 s   |d|  0.00 s   ok=True
  [PASS] all dispatches accepted
  [PASS] sequence completed with barrier per step
  [PASS] dispatch skew  (max 3.72 ms)
  [PASS] arrival via event for every device
  [INFO] completion delta between arms: mean 0.00 s, max 0.00 s
  [INFO] sync left  ('zero', 'half')     arm-dur-est 3.00 s, matched lift 28%, start skew    0.8 ms, finish skew   +84.6 ms
  [INFO] sync right ('zero', 'half')     arm-dur-est 3.00 s, matched lift 28%, start skew    0.7 ms, finish skew   +82.2 ms
  [INFO] sync left  ('ready', 'full')    arm-dur-est 3.00 s, matched lift 29%, start skew    1.1 ms, finish skew   +75.2 ms
  [INFO] sync right ('ready', 'full')    arm-dur-est 3.00 s, matched lift 29%, start skew    0.9 ms, finish skew   +73.7 ms
  [PASS] arm-pole sync finish  (worst pole lateness +85 ms)

  Summary: 6 PASS, 0 FAIL, 0 SKIP

####################################################################
# C3 chained  (test_dual_chained)
####################################################################
====================================================================
C3  Chained dual-arm execution (left leads, right follows)
    left=192.168.1.10  right=192.168.1.103  arm v=20%  lift v=50%
    sequence: [('arm', 'ready'), ('hand', 'release'), ('sync', ('zero', 'half')), ('hand', 'grasp'), ('sync', ('ready', 'full')), ('hand', 'half_grasp'), ('arm', 'rest')]
    mode: as-found  (select with --mode SIM|REAL)
    poles pre-positioned to full length (0.29 m) before the sequence
    BOTH ARMS AND BOTH POLES WILL MOVE
====================================================================
current c api version:  emu-1.1.6
  [INFO] left: run mode = REAL
  [INFO] right: run mode = REAL
  starting in 5 ...
  starting in 4 ...
  starting in 3 ...
  starting in 2 ...
  starting in 1 ...
  pre-positioning pole(s) to full_length (0.29 m -> left=290 (1to1), right=193 (2to3)) ...
  [INFO] left: pole at full length (0.04 s, event=True)
  [INFO] right: pole at full length (0.04 s, event=True)
  [PASS] poles pre-positioned to full length

  chain results:
  ────────────────────────────────────────────────────────────
  step 0 ('arm', 'ready')       follower start after leader done, gate latency     0.4 ms, ok=True
  step 1 ('hand', 'release')    follower start after leader done, gate latency    91.9 ms, ok=True
  step 2 ('sync', ('zero', 'half')) follower start after leader done, gate latency     2.0 ms, ok=True
  step 3 ('hand', 'grasp')      follower start after leader done, gate latency   284.0 ms, ok=True
  step 4 ('sync', ('ready', 'full')) follower start after leader done, gate latency     9.4 ms, ok=True
  step 5 ('hand', 'half_grasp') follower start after leader done, gate latency   283.2 ms, ok=True
  step 6 ('arm', 'rest')        follower start after leader done, gate latency   192.1 ms, ok=True
  [PASS] all dispatches accepted
  [PASS] both chains completed
  [PASS] ordering invariant  (follower step k always after leader step k done)
  [PASS] follower gate latency  (max 284.0 ms)

  Summary: 5 PASS, 0 FAIL, 0 SKIP

####################################################################
# C4 free  (test_dual_free)
####################################################################
====================================================================
C4  Free-running dual-arm execution (no cross-arm gates)
    left=192.168.1.10  right=192.168.1.103  arm v=20%  lift v=50%
    sequence: [('arm', 'ready'), ('hand', 'release'), ('sync', ('zero', 'half')), ('hand', 'grasp'), ('sync', ('ready', 'full')), ('hand', 'half_grasp'), ('arm', 'rest')]
    mode: as-found  (select with --mode SIM|REAL)
    poles pre-positioned to full length (0.29 m) before the sequence
    BOTH ARMS AND BOTH POLES WILL MOVE
====================================================================
current c api version:  emu-1.1.6
  [INFO] left: run mode = REAL
  [INFO] right: run mode = REAL
  starting in 5 ...
  starting in 4 ...
  starting in 3 ...
  starting in 2 ...
  starting in 1 ...
  pre-positioning pole(s) to full_length (0.29 m -> left=290 (1to1), right=193 (2to3)) ...
  [INFO] left: pole at full length (0.04 s, event=True)
  [INFO] right: pole at full length (0.04 s, event=True)
  [PASS] poles pre-positioned to full length

  per-arm timelines:
  ────────────────────────────────────────────────────────────
  left : 7/7 steps in 1.45 s
  right: 7/7 steps in 1.45 s
  [PASS] all dispatches accepted
  [PASS] both arms completed independently
  [PASS] concurrent free run  (window overlap 100% of shorter run)

  Summary: 4 PASS, 0 FAIL, 0 SKIP

####################################################################
# C6 single-arm  (test_single_arm_planned)
####################################################################
====================================================================
C6  Single-arm planned moves + CONCURRENT hand motion
    arm=left @ 192.168.1.10   movej v=20%   X offset +20 cm (world frame)
    hand states: release / grasp / half_grasp (acked_angle: non-blocking + duration dwell, butterfli_hw semantics)
    mode: as-found  (select with --mode SIM|REAL)
    pole pre-positioned to full length (0.29 m) first
    THE LEFT ARM, ITS POLE, AND ITS HAND WILL MOVE
====================================================================
current c api version:  emu-1.1.6
  [INFO] left: run mode = REAL
  starting in 5 ...
  starting in 4 ...
  starting in 3 ...
  starting in 2 ...
  starting in 1 ...
  pre-positioning pole(s) to full_length (0.29 m -> left=290 (1to1)) ...
  [INFO] left: pole at full length (0.04 s, event=True)
  [PASS] pole pre-positioned to full length
  movej ready + release      ok=True  arm  0.19 s   hand  0.10 s   hand-arm finish -0.09 s  (hand done DURING arm motion)
  [PASS] movej to ready + hand release
  movej rest + grasp         ok=True  arm  0.19 s   hand  0.10 s   hand-arm finish -0.09 s  (hand done DURING arm motion)
  [PASS] movej to rest_pose + hand grasp
  pose at rest: x=-0.058 y=+0.101 z=+0.488  ->  target x=+0.142
  movej_p +X + half_grasp: arm 0.15 s, hand finish skew -0.05 s  (hand done DURING arm motion)
  displacement: dx=+0.200 dy=+0.000 dz=+0.000 m
  [PASS] movej_p +X + half_grasp verified  (dx=+0.200 m (target +0.20))
  movej ready + release      ok=True  arm  0.21 s   hand  0.10 s   hand-arm finish -0.11 s  (hand done DURING arm motion)
  [PASS] movej back to ready + hand release
  [PASS] planned-move pipeline exercised  (movej x3 + movej_p x1 + hand x4 concurrent, no passthrough)
  [PASS] hand moved concurrently with arm  (4/4 phases finished during arm motion; finish skews -0.09s, -0.09s, -0.05s, -0.11s)

  Summary: 7 PASS, 0 FAIL, 0 SKIP

####################################################################
# C8 locked-pole drill  (fault injection)
####################################################################

-- drill A: pole locked, C8 must FAIL with the diagnosis --
====================================================================
C8  Pole-only diagnostic (lift acceptance + state dump)
    pole on arm=left @ 192.168.1.10   gearing=1to1 (hw max 330)
    ONLY THE POLE MOVES — arm and hand stay still
    mode: as-found  (select with --mode SIM|REAL)  [lift does NOT execute in SIM]
====================================================================
current c api version:  emu-1.1.6
  [INFO] left: run mode = REAL
  [PASS] connected  (handle id=13)
  [PASS] arm power  (ON)
    joint err_flag=[0, 0, 0, 0, 0, 0, 0]  brake_state=[0, 0, 0, 0, 0, 0, 0]
  [FAIL] controller/joint errors  (sys=['4103'] joints=[] — latched errors block motion; rerun with --clear-errors)
  [FAIL] lift state  (pos=290 hw-mm  current=0 mA  mode=0  err_flag=1 — LIFT DRIVER ERROR latched (stall/overcurrent?); try --clear-errors, then power cycle)
  [SKIP] rm_clear_system_err  (not requested (--clear-errors))
  starting in 3 ...
  starting in 2 ...
  starting in 1 ...
  D6 acceptance probe: command CURRENT position (290 hw-mm) — no physical motion
    hold-position: REJECTED ret=1
  [FAIL] lift acceptance probe  (the 20:38 signature — controller rejects/ignores lift commands)
  [DIAG] left: lift command REJECTED by the controller (set_state false) — state dump:
  [DIAG]   arm power: ON
  [DIAG]   controller err: 4103  <-- likely cause: clear via --clear-errors / Web GUI
  [DIAG]   joint err flags: clean   brake_state=[0, 0, 0, 0, 0, 0, 0]
  [DIAG]   lift state: pos=290 hw-mm  current=0 mA  mode=0  err_flag=1  <-- LIFT DRIVER ERROR latched (stall/overcurrent?)
  [DIAG] recovery ladder: (1) release/reset the physical e-stop, (2) clear errors (RM_ARM=left python3 test_pole_only.py --clear-errors), (3) check the Web GUI lift panel moves the pole, (4) power-cycle the arm.
  [SKIP] small stroke probe  (acceptance probe failed)
  [SKIP] home to full length  (earlier probe failed)

  Summary: 2 PASS, 3 FAIL, 3 SKIP

-- drill B: C8 --clear-errors must recover and pass --
====================================================================
C8  Pole-only diagnostic (lift acceptance + state dump)
    pole on arm=left @ 192.168.1.10   gearing=1to1 (hw max 330)
    ONLY THE POLE MOVES — arm and hand stay still
    --clear-errors: rm_clear_system_err will run before D6
    mode: as-found  (select with --mode SIM|REAL)  [lift does NOT execute in SIM]
====================================================================
current c api version:  emu-1.1.6
  [INFO] left: run mode = REAL
  [PASS] connected  (handle id=14)
  [PASS] arm power  (ON)
    joint err_flag=[0, 0, 0, 0, 0, 0, 0]  brake_state=[0, 0, 0, 0, 0, 0, 0]
  [PASS] controller/joint errors  (latched: sys=['4103'] joints=[] — clearing next)
  [PASS] lift state  (pos=290 hw-mm  current=0 mA  mode=0  err_flag=1 — driver error latched, clearing next)
  [PASS] rm_clear_system_err  (ret=0)
  starting in 3 ...
  starting in 2 ...
  starting in 1 ...
  D6 acceptance probe: command CURRENT position (290 hw-mm) — no physical motion
    hold-position: ret=0 arrived=True success=True (0.04 s)
  [PASS] lift acceptance probe  (controller accepts lift commands)
    stroke to 280: ret=0 arrived=True success=True (0.06 s)
    back to 290: ret=0 arrived=True success=True (0.06 s)
  [PASS] small stroke probe  (10 hw-mm there and back, events OK)
  pre-positioning pole(s) to full_length (0.29 m -> left=290 (1to1)) ...
  [INFO] left: pole at full length (0.04 s, event=True)
  [PASS] home to full length  (0.29 m -> 290 hw-mm)

  Summary: 8 PASS, 0 FAIL, 0 SKIP

  drill verdict: locked exit 1 (want nonzero), recover exit 0 (want 0) -> OK

====================================================================
Emulated suite summary
  C1 connect   exit 0  (OK)
  C8 pole diag exit 0  (OK)
  C5 sim probe exit 0  (OK)
  C7 hand only exit 0  (OK)
  C2 locked    exit 0  (OK)
  C3 chained   exit 0  (OK)
  C4 free      exit 0  (OK)
  C6 single-arm exit 0  (OK)
  C8 locked drill exit 0  (OK)
====================================================================

========================================================================
  Script : run_emulated_suite.py
  Log    : run_emulated_suite.log
  Started: 2026-08-06 18:43:19
========================================================================
====================================================================
EMULATED dual-arm concept suite  (time scale x10)
Arms are emulated in-process — nothing physical moves.
====================================================================

####################################################################
# C1 connect  (test_dual_connect)
####################################################################
====================================================================
C1  Dual-arm connectivity pre-check  (no motion is commanded)
    left=192.168.1.10  right=192.168.1.103
====================================================================
current c api version:  emu-1.1.6
  [PASS] left: robot info  (RM_75 7-DOF, controller gen 3)
  [PASS] left: arm state clean  (err codes ['0'])
  [PASS] left: lift state  (pos=100 of 330 (1to1))
  [INFO] left: run mode = REAL
  [PASS] right: robot info  (RM_75 7-DOF, controller gen 3)
  [PASS] right: arm state clean  (err codes ['0'])
  [PASS] right: lift state  (pos=100 of 200 (2to3))
  [INFO] right: run mode = REAL
  [PASS] handles distinct  (left id=1 right id=2)
  [PASS] event callback registered  (process-global, demuxed by handle_id)
  [PASS] pre-check complete  (no motion was commanded)

  Summary: 9 PASS, 0 FAIL, 0 SKIP

####################################################################
# C8 pole diag  (test_pole_only)
####################################################################
====================================================================
C8  Pole-only diagnostic (lift acceptance + state dump)
    pole on arm=left @ 192.168.1.10   gearing=1to1 (hw max 330)
    ONLY THE POLE MOVES — arm and hand stay still
    mode: as-found  (select with --mode SIM|REAL)  [lift does NOT execute in SIM]
====================================================================
current c api version:  emu-1.1.6
  [INFO] left: run mode = REAL
  [PASS] connected  (handle id=3)
  [PASS] arm power  (ON)
    joint err_flag=[0, 0, 0, 0, 0, 0, 0]  brake_state=[0, 0, 0, 0, 0, 0, 0]
  [PASS] controller/joint errors  (clean)
  [PASS] lift state  (pos=100 hw-mm  current=0 mA  mode=0  err_flag=0)
  [SKIP] rm_clear_system_err  (not requested (--clear-errors))
  starting in 3 ...
  starting in 2 ...
  starting in 1 ...
  D6 acceptance probe: command CURRENT position (100 hw-mm) — no physical motion
    hold-position: ret=0 arrived=True success=True (0.04 s)
  [PASS] lift acceptance probe  (controller accepts lift commands)
    stroke to 90: ret=0 arrived=True success=True (0.06 s)
    back to 100: ret=0 arrived=True success=True (0.06 s)
  [PASS] small stroke probe  (10 hw-mm there and back, events OK)
  pre-positioning pole(s) to full_length (0.29 m -> left=290 (1to1)) ...
  [INFO] left: pole at full length (0.38 s, event=True)
  [PASS] home to full length  (0.29 m -> 290 hw-mm)

  Summary: 7 PASS, 0 FAIL, 1 SKIP

####################################################################
# C5 sim probe  (test_sim_motion_visibility)
####################################################################
====================================================================
C5  Simulation-mode motion visibility probe (no physical motion)
    arm=192.168.1.10  UDP -> 192.168.1.239:8095  probe: J7 +5.0 deg at v=10%
====================================================================
current c api version:  emu-1.1.6
  [INFO] original run mode: REAL
  [PASS] simulation mode engaged and verified
  [INFO] rm_set_realtime_push ret=0
  [PASS] UDP push delivering frames  (84 within 2 s)
  [PASS] probe movej accepted in simulation mode

  ────────────────────────────────────────────────────────────
  VERDICT — simulated motion accessibility (559 UDP frames):
    UDP realtime push sweeps:   YES
    Arrival event fires:        YES (trajectory_state=True)
    TCP polling sweeps:         YES  (1 polls)
  ────────────────────────────────────────────────────────────
  => Simulated motion IS programmatically accessible: the
     sim-rehearsal record-and-verify pipeline is viable.
  [PASS] probe completed with a definitive verdict
  [PASS] probe joint returned to start
  [INFO] run mode restored: REAL (ret=0)

  Summary: 5 PASS, 0 FAIL, 0 SKIP

####################################################################
# C7 hand only  (test_hand_only)
####################################################################
====================================================================
C7  Hand-alone test (protocol probe, then modbus RTU)
    hand on arm=left @ 192.168.1.10   modbus device=1 baud=115200
    ONLY THE HAND MOVES — no arm, no pole motion
    on exit: restore protocol mode (rm_close_modbus_mode)
====================================================================
current c api version:  emu-1.1.6
  [INFO] arm run mode: REAL (hand is a physical peripheral; REAL recommended)
  [PASS] connected  (handle id=5)

  Phase P — protocol path probe (rm_set_hand_angle, blocking 5 s)
  [PASS] protocol path  (WORKS — end port is free; C2/C6 hand steps can use arrival events)

  Phase M — modbus RTU (ANGLE_SET writes, ANGLE_ACT feedback)
  [PASS] modbus session opened  (port 1 @ 115200)
  [PASS] ANGLE_ACT readable  (measured [993, 993, 993, 993, 981, 992])
  [PASS] SPEED_SET written  (500 x6)
    release    reached in  0.3 s  ACT=[993, 993, 993, 993, 981, 992]  (max err 0)
    grasp      reached in  0.3 s  ACT=[33, 33, 33, 33, 133, 944]  (max err 0)
    half_grasp reached in  0.3 s  ACT=[516, 516, 516, 516, 133, 944]  (max err 0)
    release    reached in  0.3 s  ACT=[993, 993, 993, 993, 981, 992]  (max err 0)
  [PASS] modbus command + measured feedback  (release -> grasp -> half_grasp -> release verified via ANGLE_ACT)
  [PASS] FORCE_ACT readable  ([0, 0, 0, 0, 0, 0] g (signed))

  VERDICT: protocol path WORKS; modbus RTU path WORKS with real feedback.
  [INFO] end port restored to protocol mode (rm_close_modbus_mode ret=0)
  [PASS] end-port state restored

  Summary: 8 PASS, 0 FAIL, 0 SKIP

####################################################################
# C2 locked  (test_dual_locked)
####################################################################
====================================================================
C2  Parallel locked dual-arm execution
    left=192.168.1.10  right=192.168.1.103  arm v=20%  lift v=50%
    sequence: [('arm', 'ready'), ('hand', 'release'), ('sync', ('zero', 'half')), ('hand', 'grasp'), ('sync', ('ready', 'full')), ('hand', 'half_grasp'), ('arm', 'rest')]
    mode: as-found  (select with --mode SIM|REAL)
    poles pre-positioned to full length (0.29 m) before the sequence
    BOTH ARMS AND BOTH POLES WILL MOVE
====================================================================
current c api version:  emu-1.1.6
  [INFO] left: run mode = REAL
  [INFO] right: run mode = REAL
  starting in 3 ...
  starting in 2 ...
  starting in 1 ...
  pre-positioning pole(s) to full_length (0.29 m -> left=290 (1to1), right=193 (2to3)) ...
  [INFO] left: pole at full length (0.04 s, event=True)
  [INFO] right: pole at full length (0.29 s, event=True)
  [PASS] poles pre-positioned to full length

  step results:
  ────────────────────────────────────────────────────────────
  ('arm', 'ready')         skew   1.00 ms   L   0.30 s   R   0.30 s   |d|  0.00 s   ok=True
  ('hand', 'release')      skew   0.35 ms   L   0.10 s   R   0.10 s   |d|  0.00 s   ok=True
  ('sync', ('zero', 'half')) skew   3.21 ms   L   0.39 s   R   0.38 s   |d|  0.00 s   ok=True
  ('hand', 'grasp')        skew   0.26 ms   L   0.10 s   R   0.10 s   |d|  0.00 s   ok=True
  ('sync', ('ready', 'full')) skew   2.91 ms   L   0.38 s   R   0.37 s   |d|  0.00 s   ok=True
  ('hand', 'half_grasp')   skew   0.16 ms   L   0.10 s   R   0.10 s   |d|  0.00 s   ok=True
  ('arm', 'rest')          skew   0.78 ms   L   0.19 s   R   0.19 s   |d|  0.00 s   ok=True
  [PASS] all dispatches accepted
  [PASS] sequence completed with barrier per step
  [PASS] dispatch skew  (max 3.21 ms)
  [PASS] arrival via event for every device
  [INFO] completion delta between arms: mean 0.00 s, max 0.00 s
  [INFO] sync left  ('zero', 'half')     arm-dur-est 3.00 s, matched lift 28%, start skew    1.2 ms, finish skew   +84.0 ms
  [INFO] sync right ('zero', 'half')     arm-dur-est 3.00 s, matched lift 28%, start skew    0.8 ms, finish skew   +82.4 ms
  [INFO] sync left  ('ready', 'full')    arm-dur-est 3.00 s, matched lift 29%, start skew    0.9 ms, finish skew   +74.8 ms
  [INFO] sync right ('ready', 'full')    arm-dur-est 3.00 s, matched lift 29%, start skew    0.8 ms, finish skew   +73.5 ms
  [PASS] arm-pole sync finish  (worst pole lateness +84 ms)

  Summary: 6 PASS, 0 FAIL, 0 SKIP

####################################################################
# C3 chained  (test_dual_chained)
####################################################################
====================================================================
C3  Chained dual-arm execution (left leads, right follows)
    left=192.168.1.10  right=192.168.1.103  arm v=20%  lift v=50%
    sequence: [('arm', 'ready'), ('hand', 'release'), ('sync', ('zero', 'half')), ('hand', 'grasp'), ('sync', ('ready', 'full')), ('hand', 'half_grasp'), ('arm', 'rest')]
    mode: as-found  (select with --mode SIM|REAL)
    poles pre-positioned to full length (0.29 m) before the sequence
    BOTH ARMS AND BOTH POLES WILL MOVE
====================================================================
current c api version:  emu-1.1.6
  [INFO] left: run mode = REAL
  [INFO] right: run mode = REAL
  starting in 3 ...
  starting in 2 ...
  starting in 1 ...
  pre-positioning pole(s) to full_length (0.29 m -> left=290 (1to1), right=193 (2to3)) ...
  [INFO] left: pole at full length (0.04 s, event=True)
  [INFO] right: pole at full length (0.04 s, event=True)
  [PASS] poles pre-positioned to full length

  chain results:
  ────────────────────────────────────────────────────────────
  step 0 ('arm', 'ready')       follower start after leader done, gate latency     0.5 ms, ok=True
  step 1 ('hand', 'release')    follower start after leader done, gate latency    92.0 ms, ok=True
  step 2 ('sync', ('zero', 'half')) follower start after leader done, gate latency     2.1 ms, ok=True
  step 3 ('hand', 'grasp')      follower start after leader done, gate latency   284.5 ms, ok=True
  step 4 ('sync', ('ready', 'full')) follower start after leader done, gate latency     9.9 ms, ok=True
  step 5 ('hand', 'half_grasp') follower start after leader done, gate latency   283.4 ms, ok=True
  step 6 ('arm', 'rest')        follower start after leader done, gate latency   192.2 ms, ok=True
  [PASS] all dispatches accepted
  [PASS] both chains completed
  [PASS] ordering invariant  (follower step k always after leader step k done)
  [PASS] follower gate latency  (max 284.5 ms)

  Summary: 5 PASS, 0 FAIL, 0 SKIP

####################################################################
# C4 free  (test_dual_free)
####################################################################
====================================================================
C4  Free-running dual-arm execution (no cross-arm gates)
    left=192.168.1.10  right=192.168.1.103  arm v=20%  lift v=50%
    sequence: [('arm', 'ready'), ('hand', 'release'), ('sync', ('zero', 'half')), ('hand', 'grasp'), ('sync', ('ready', 'full')), ('hand', 'half_grasp'), ('arm', 'rest')]
    mode: as-found  (select with --mode SIM|REAL)
    poles pre-positioned to full length (0.29 m) before the sequence
    BOTH ARMS AND BOTH POLES WILL MOVE
====================================================================
current c api version:  emu-1.1.6
  [INFO] left: run mode = REAL
  [INFO] right: run mode = REAL
  starting in 3 ...
  starting in 2 ...
  starting in 1 ...
  pre-positioning pole(s) to full_length (0.29 m -> left=290 (1to1), right=193 (2to3)) ...
  [INFO] left: pole at full length (0.04 s, event=True)
  [INFO] right: pole at full length (0.04 s, event=True)
  [PASS] poles pre-positioned to full length

  per-arm timelines:
  ────────────────────────────────────────────────────────────
  left : 7/7 steps in 1.45 s
  right: 7/7 steps in 1.45 s
  [PASS] all dispatches accepted
  [PASS] both arms completed independently
  [PASS] concurrent free run  (window overlap 100% of shorter run)

  Summary: 4 PASS, 0 FAIL, 0 SKIP

####################################################################
# C6 single-arm  (test_single_arm_planned)
####################################################################
====================================================================
C6  Single-arm planned moves + CONCURRENT hand motion
    arm=left @ 192.168.1.10   movej v=20%   X offset +20 cm (world frame)
    hand states: release / grasp / half_grasp (acked_angle: non-blocking + duration dwell, butterfli_hw semantics)
    mode: as-found  (select with --mode SIM|REAL)
    pole pre-positioned to full length (0.29 m) first
    THE LEFT ARM, ITS POLE AND ITS HAND WILL MOVE
====================================================================
current c api version:  emu-1.1.6
  [INFO] left: run mode = REAL
  starting in 3 ...
  starting in 2 ...
  starting in 1 ...
  pre-positioning pole(s) to full_length (0.29 m -> left=290 (1to1)) ...
  [INFO] left: pole at full length (0.04 s, event=True)
  [PASS] pole pre-positioned to full length
  movej ready + release      ok=True  arm  0.19 s   hand  0.10 s   hand-arm finish -0.09 s  (hand done DURING arm motion)
  [PASS] movej to ready + hand release
  movej rest + grasp         ok=True  arm  0.19 s   hand  0.10 s   hand-arm finish -0.09 s  (hand done DURING arm motion)
  [PASS] movej to rest_pose + hand grasp
  pose at rest: x=-0.058 y=+0.101 z=+0.488  ->  target x=+0.142
  movej_p +X + half_grasp: arm 0.15 s, hand finish skew -0.05 s  (hand done DURING arm motion)
  displacement: dx=+0.200 dy=+0.000 dz=+0.000 m
  [PASS] movej_p +X + half_grasp verified  (dx=+0.200 m (target +0.20))
  movej ready + release      ok=True  arm  0.21 s   hand  0.10 s   hand-arm finish -0.11 s  (hand done DURING arm motion)
  [PASS] movej back to ready + hand release
  [PASS] planned-move pipeline exercised  (movej x3 + movej_p x1 + hand x4 concurrent, no passthrough)
  [PASS] hand moved concurrently with arm  (4/4 phases finished during arm motion; finish skews -0.09s, -0.09s, -0.05s, -0.11s)

  Summary: 7 PASS, 0 FAIL, 0 SKIP

####################################################################
# C8 locked-pole drill  (fault injection)
####################################################################

-- drill A: pole locked, C8 must FAIL with the diagnosis --
====================================================================
C8  Pole-only diagnostic (lift acceptance + state dump)
    pole on arm=left @ 192.168.1.10   gearing=1to1 (hw max 330)
    ONLY THE POLE MOVES — arm and hand stay still
    mode: as-found  (select with --mode SIM|REAL)  [lift does NOT execute in SIM]
====================================================================
current c api version:  emu-1.1.6
  [INFO] left: run mode = REAL
  [PASS] connected  (handle id=13)
  [PASS] arm power  (ON)
    joint err_flag=[0, 0, 0, 0, 0, 0, 0]  brake_state=[0, 0, 0, 0, 0, 0, 0]
  [FAIL] controller/joint errors  (sys=['4103'] joints=[] — latched errors block motion; rerun with --clear-errors)
  [FAIL] lift state  (pos=290 hw-mm  current=0 mA  mode=0  err_flag=1 — LIFT DRIVER ERROR latched (stall/overcurrent?); try --clear-errors, then power cycle)
  [SKIP] rm_clear_system_err  (not requested (--clear-errors))
  starting in 3 ...
  starting in 2 ...
  starting in 1 ...
  D6 acceptance probe: command CURRENT position (290 hw-mm) — no physical motion
    hold-position: REJECTED ret=1
  [FAIL] lift acceptance probe  (the 20:38 signature — controller rejects/ignores lift commands)
  [DIAG] left: lift command REJECTED by the controller (set_state false) — state dump:
  [DIAG]   arm power: ON
  [DIAG]   controller err: 4103  <-- likely cause: clear via --clear-errors / Web GUI
  [DIAG]   joint err flags: clean   brake_state=[0, 0, 0, 0, 0, 0, 0]
  [DIAG]   lift state: pos=290 hw-mm  current=0 mA  mode=0  err_flag=1  <-- LIFT DRIVER ERROR latched (stall/overcurrent?)
  [DIAG] recovery ladder: (1) release/reset the physical e-stop, (2) clear errors (RM_ARM=left python3 test_pole_only.py --clear-errors), (3) check the Web GUI lift panel moves the pole, (4) power-cycle the arm.
  [SKIP] small stroke probe  (acceptance probe failed)
  [SKIP] home to full length  (earlier probe failed)

  Summary: 2 PASS, 3 FAIL, 3 SKIP

-- drill B: C8 --clear-errors must recover and pass --
====================================================================
C8  Pole-only diagnostic (lift acceptance + state dump)
    pole on arm=left @ 192.168.1.10   gearing=1to1 (hw max 330)
    ONLY THE POLE MOVES — arm and hand stay still
    --clear-errors: rm_clear_system_err will run before D6
    mode: as-found  (select with --mode SIM|REAL)  [lift does NOT execute in SIM]
====================================================================
current c api version:  emu-1.1.6
  [INFO] left: run mode = REAL
  [PASS] connected  (handle id=14)
  [PASS] arm power  (ON)
    joint err_flag=[0, 0, 0, 0, 0, 0, 0]  brake_state=[0, 0, 0, 0, 0, 0, 0]
  [PASS] controller/joint errors  (latched: sys=['4103'] joints=[] — clearing next)
  [PASS] lift state  (pos=290 hw-mm  current=0 mA  mode=0  err_flag=1 — driver error latched, clearing next)
  [PASS] rm_clear_system_err  (ret=0)
  starting in 3 ...
  starting in 2 ...
  starting in 1 ...
  D6 acceptance probe: command CURRENT position (290 hw-mm) — no physical motion
    hold-position: ret=0 arrived=True success=True (0.04 s)
  [PASS] lift acceptance probe  (controller accepts lift commands)
    stroke to 280: ret=0 arrived=True success=True (0.06 s)
    back to 290: ret=0 arrived=True success=True (0.06 s)
  [PASS] small stroke probe  (10 hw-mm there and back, events OK)
  pre-positioning pole(s) to full_length (0.29 m -> left=290 (1to1)) ...
  [INFO] left: pole at full length (0.04 s, event=True)
  [PASS] home to full length  (0.29 m -> 290 hw-mm)

  Summary: 8 PASS, 0 FAIL, 0 SKIP

  drill verdict: locked exit 1 (want nonzero), recover exit 0 (want 0) -> OK

====================================================================
Emulated suite summary
  C1 connect   exit 0  (OK)
  C8 pole diag exit 0  (OK)
  C5 sim probe exit 0  (OK)
  C7 hand only exit 0  (OK)
  C2 locked    exit 0  (OK)
  C3 chained   exit 0  (OK)
  C4 free      exit 0  (OK)
  C6 single-arm exit 0  (OK)
  C8 locked drill exit 0  (OK)
====================================================================

========================================================================
  Script : run_emulated_suite.py
  Log    : run_emulated_suite.log
  Started: 2026-08-06 18:44:45
========================================================================
====================================================================
EMULATED dual-arm concept suite  (time scale x10)
Arms are emulated in-process — nothing physical moves.
====================================================================

####################################################################
# C1 connect  (test_dual_connect)
####################################################################
====================================================================
C1  Dual-arm connectivity pre-check  (no motion is commanded)
    left=192.168.1.10  right=192.168.1.103
====================================================================
current c api version:  emu-1.1.6
  [PASS] left: robot info  (RM_75 7-DOF, controller gen 3)
  [PASS] left: arm state clean  (err codes ['0'])
  [PASS] left: lift state  (pos=100 of 330 (1to1))
  [INFO] left: run mode = REAL
  [PASS] right: robot info  (RM_75 7-DOF, controller gen 3)
  [PASS] right: arm state clean  (err codes ['0'])
  [PASS] right: lift state  (pos=100 of 200 (2to3))
  [INFO] right: run mode = REAL
  [PASS] handles distinct  (left id=1 right id=2)
  [PASS] event callback registered  (process-global, demuxed by handle_id)
  [PASS] pre-check complete  (no motion was commanded)

  Summary: 9 PASS, 0 FAIL, 0 SKIP

####################################################################
# C8 pole diag  (test_pole_only)
####################################################################
====================================================================
C8  Pole-only diagnostic (lift acceptance + state dump)
    pole on arm=left @ 192.168.1.10   gearing=1to1 (hw max 330)
    ONLY THE POLE MOVES — arm and hand stay still
    mode: as-found  (select with --mode SIM|REAL)  [lift does NOT execute in SIM]
====================================================================
current c api version:  emu-1.1.6
  [INFO] left: run mode = REAL
  [PASS] connected  (handle id=3)
  [PASS] arm power  (ON)
    joint err_flag=[0, 0, 0, 0, 0, 0, 0]  brake_state=[0, 0, 0, 0, 0, 0, 0]
  [PASS] controller/joint errors  (clean)
  [PASS] lift state  (pos=100 hw-mm  current=0 mA  mode=0  err_flag=0)
  [SKIP] rm_clear_system_err  (not requested (--clear-errors))
  starting in 3 ...
  starting in 2 ...
  starting in 1 ...
  D6 acceptance probe: command CURRENT position (100 hw-mm) — no physical motion
    hold-position: ret=0 arrived=True success=True (0.04 s)
  [PASS] lift acceptance probe  (controller accepts lift commands)
    stroke to 90: ret=0 arrived=True success=True (0.06 s)
    back to 100: ret=0 arrived=True success=True (0.06 s)
  [PASS] small stroke probe  (10 hw-mm there and back, events OK)
  pre-positioning pole(s) to full_length (0.29 m -> left=290 (1to1)) ...
  [INFO] left: pole at full length (0.38 s, event=True)
  [PASS] home to full length  (0.29 m -> 290 hw-mm)

  Summary: 7 PASS, 0 FAIL, 1 SKIP

####################################################################
# C5 sim probe  (test_sim_motion_visibility)
####################################################################
====================================================================
C5  Simulation-mode motion visibility probe (no physical motion)
    arm=192.168.1.10  UDP -> 192.168.1.239:8095  probe: J7 +5.0 deg at v=10%
====================================================================
current c api version:  emu-1.1.6
  [INFO] original run mode: REAL
  [PASS] simulation mode engaged and verified
  [INFO] rm_set_realtime_push ret=0
  [PASS] UDP push delivering frames  (86 within 2 s)
  [PASS] probe movej accepted in simulation mode

  ────────────────────────────────────────────────────────────
  VERDICT — simulated motion accessibility (552 UDP frames):
    UDP realtime push sweeps:   YES
    Arrival event fires:        YES (trajectory_state=True)
    TCP polling sweeps:         YES  (1 polls)
  ────────────────────────────────────────────────────────────
  => Simulated motion IS programmatically accessible: the
     sim-rehearsal record-and-verify pipeline is viable.
  [PASS] probe completed with a definitive verdict
  [PASS] probe joint returned to start
  [INFO] run mode restored: REAL (ret=0)

  Summary: 5 PASS, 0 FAIL, 0 SKIP

####################################################################
# C7 hand only  (test_hand_only)
####################################################################
====================================================================
C7  Hand-alone test (protocol probe, then modbus RTU)
    hand on arm=left @ 192.168.1.10   modbus device=1 baud=115200
    ONLY THE HAND MOVES — no arm, no pole motion
    on exit: restore protocol mode (rm_close_modbus_mode)
====================================================================
current c api version:  emu-1.1.6
  [INFO] arm run mode: REAL (hand is a physical peripheral; REAL recommended)
  [PASS] connected  (handle id=5)

  Phase P — protocol path probe (rm_set_hand_angle, blocking 5 s)
  [PASS] protocol path  (WORKS — end port is free; C2/C6 hand steps can use arrival events)

  Phase M — modbus RTU (ANGLE_SET writes, ANGLE_ACT feedback)
  [PASS] modbus session opened  (port 1 @ 115200)
  [PASS] ANGLE_ACT readable  (measured [993, 993, 993, 993, 981, 992])
  [PASS] SPEED_SET written  (500 x6)
    release    reached in  0.3 s  ACT=[993, 993, 993, 993, 981, 992]  (max err 0)
    grasp      reached in  0.3 s  ACT=[33, 33, 33, 33, 133, 944]  (max err 0)
    half_grasp reached in  0.3 s  ACT=[516, 516, 516, 516, 133, 944]  (max err 0)
    release    reached in  0.3 s  ACT=[993, 993, 993, 993, 981, 992]  (max err 0)
  [PASS] modbus command + measured feedback  (release -> grasp -> half_grasp -> release verified via ANGLE_ACT)
  [PASS] FORCE_ACT readable  ([0, 0, 0, 0, 0, 0] g (signed))

  VERDICT: protocol path WORKS; modbus RTU path WORKS with real feedback.
  [INFO] end port restored to protocol mode (rm_close_modbus_mode ret=0)
  [PASS] end-port state restored

  Summary: 8 PASS, 0 FAIL, 0 SKIP

####################################################################
# C2 locked  (test_dual_locked)
####################################################################
====================================================================
C2  Parallel locked dual-arm execution
    left=192.168.1.10  right=192.168.1.103  arm v=20%  lift v=50%
    sequence: [('arm', 'ready'), ('hand', 'release'), ('sync', ('zero', 'half')), ('hand', 'grasp'), ('sync', ('ready', 'full')), ('hand', 'half_grasp'), ('arm', 'rest')]
    mode: as-found  (select with --mode SIM|REAL)
    poles pre-positioned to full length (0.29 m) before the sequence
    BOTH ARMS AND BOTH POLES WILL MOVE
====================================================================
current c api version:  emu-1.1.6
  [INFO] left: run mode = REAL
  [INFO] right: run mode = REAL
  starting in 3 ...
  starting in 2 ...
  starting in 1 ...
  pre-positioning pole(s) to full_length (0.29 m -> left=290 (1to1), right=193 (2to3)) ...
  [INFO] left: pole at full length (0.04 s, event=True)
  [INFO] right: pole at full length (0.29 s, event=True)
  [PASS] poles pre-positioned to full length

  step results:
  ────────────────────────────────────────────────────────────
  ('arm', 'ready')         skew   0.98 ms   L   0.30 s   R   0.30 s   |d|  0.00 s   ok=True
  ('hand', 'release')      skew   0.19 ms   L   0.10 s   R   0.10 s   |d|  0.00 s   ok=True
  ('sync', ('zero', 'half')) skew   3.00 ms   L   0.38 s   R   0.38 s   |d|  0.00 s   ok=True
  ('hand', 'grasp')        skew   0.26 ms   L   0.10 s   R   0.10 s   |d|  0.00 s   ok=True
  ('sync', ('ready', 'full')) skew   4.35 ms   L   0.38 s   R   0.37 s   |d|  0.00 s   ok=True
  ('hand', 'half_grasp')   skew   0.30 ms   L   0.10 s   R   0.10 s   |d|  0.00 s   ok=True
  ('arm', 'rest')          skew   0.92 ms   L   0.19 s   R   0.19 s   |d|  0.00 s   ok=True
  [PASS] all dispatches accepted
  [PASS] sequence completed with barrier per step
  [PASS] dispatch skew  (max 4.35 ms)
  [PASS] arrival via event for every device
  [INFO] completion delta between arms: mean 0.00 s, max 0.00 s
  [INFO] sync left  ('zero', 'half')     arm-dur-est 3.00 s, matched lift 28%, start skew    0.9 ms, finish skew   +83.6 ms
  [INFO] sync right ('zero', 'half')     arm-dur-est 3.00 s, matched lift 28%, start skew    0.9 ms, finish skew   +82.4 ms
  [INFO] sync left  ('ready', 'full')    arm-dur-est 3.00 s, matched lift 29%, start skew    0.9 ms, finish skew   +75.0 ms
  [INFO] sync right ('ready', 'full')    arm-dur-est 3.00 s, matched lift 29%, start skew    0.9 ms, finish skew   +73.7 ms
  [PASS] arm-pole sync finish  (worst pole lateness +84 ms)

  Summary: 6 PASS, 0 FAIL, 0 SKIP

####################################################################
# C3 chained  (test_dual_chained)
####################################################################
====================================================================
C3  Chained dual-arm execution (left leads, right follows)
    left=192.168.1.10  right=192.168.1.103  arm v=20%  lift v=50%
    sequence: [('arm', 'ready'), ('hand', 'release'), ('sync', ('zero', 'half')), ('hand', 'grasp'), ('sync', ('ready', 'full')), ('hand', 'half_grasp'), ('arm', 'rest')]
    mode: as-found  (select with --mode SIM|REAL)
    poles pre-positioned to full length (0.29 m) before the sequence
    BOTH ARMS AND BOTH POLES WILL MOVE
====================================================================
current c api version:  emu-1.1.6
  [INFO] left: run mode = REAL
  [INFO] right: run mode = REAL
  starting in 3 ...
  starting in 2 ...
  starting in 1 ...
  pre-positioning pole(s) to full_length (0.29 m -> left=290 (1to1), right=193 (2to3)) ...
  [INFO] left: pole at full length (0.04 s, event=True)
  [INFO] right: pole at full length (0.04 s, event=True)
  [PASS] poles pre-positioned to full length

  chain results:
  ────────────────────────────────────────────────────────────
  step 0 ('arm', 'ready')       follower start after leader done, gate latency     0.2 ms, ok=True
  step 1 ('hand', 'release')    follower start after leader done, gate latency    91.4 ms, ok=True
  step 2 ('sync', ('zero', 'half')) follower start after leader done, gate latency     1.4 ms, ok=True
  step 3 ('hand', 'grasp')      follower start after leader done, gate latency   283.5 ms, ok=True
  step 4 ('sync', ('ready', 'full')) follower start after leader done, gate latency     8.7 ms, ok=True
  step 5 ('hand', 'half_grasp') follower start after leader done, gate latency   282.0 ms, ok=True
  step 6 ('arm', 'rest')        follower start after leader done, gate latency   190.5 ms, ok=True
  [PASS] all dispatches accepted
  [PASS] both chains completed
  [PASS] ordering invariant  (follower step k always after leader step k done)
  [PASS] follower gate latency  (max 283.5 ms)

  Summary: 5 PASS, 0 FAIL, 0 SKIP

####################################################################
# C4 free  (test_dual_free)
####################################################################
====================================================================
C4  Free-running dual-arm execution (no cross-arm gates)
    left=192.168.1.10  right=192.168.1.103  arm v=20%  lift v=50%
    sequence: [('arm', 'ready'), ('hand', 'release'), ('sync', ('zero', 'half')), ('hand', 'grasp'), ('sync', ('ready', 'full')), ('hand', 'half_grasp'), ('arm', 'rest')]
    mode: as-found  (select with --mode SIM|REAL)
    poles pre-positioned to full length (0.29 m) before the sequence
    BOTH ARMS AND BOTH POLES WILL MOVE
====================================================================
current c api version:  emu-1.1.6
  [INFO] left: run mode = REAL
  [INFO] right: run mode = REAL
  starting in 3 ...
  starting in 2 ...
  starting in 1 ...
  pre-positioning pole(s) to full_length (0.29 m -> left=290 (1to1), right=193 (2to3)) ...
  [INFO] left: pole at full length (0.04 s, event=True)
  [INFO] right: pole at full length (0.04 s, event=True)
  [PASS] poles pre-positioned to full length

  per-arm timelines:
  ────────────────────────────────────────────────────────────
  left : 7/7 steps in 1.46 s
  right: 7/7 steps in 1.45 s
  [PASS] all dispatches accepted
  [PASS] both arms completed independently
  [PASS] concurrent free run  (window overlap 100% of shorter run)

  Summary: 4 PASS, 0 FAIL, 0 SKIP

####################################################################
# C6 single-arm  (test_single_arm_planned)
####################################################################
====================================================================
C6  Single-arm planned moves + CONCURRENT hand motion
    arm=left @ 192.168.1.10   movej v=20%   X offset +20 cm (world frame)
    hand states: release / grasp / half_grasp (acked_angle: non-blocking + duration dwell, butterfli_hw semantics)
    mode: as-found  (select with --mode SIM|REAL)
    pole pre-positioned to full length (0.29 m) first
    THE LEFT ARM, ITS POLE AND ITS HAND WILL MOVE
====================================================================
current c api version:  emu-1.1.6
  [INFO] left: run mode = REAL
  starting in 3 ...
  starting in 2 ...
  starting in 1 ...
  pre-positioning pole(s) to full_length (0.29 m -> left=290 (1to1)) ...
  [INFO] left: pole at full length (0.04 s, event=True)
  [PASS] pole pre-positioned to full length
  movej ready + release      ok=True  arm  0.19 s   hand  0.10 s   hand-arm finish -0.09 s  (hand done DURING arm motion)
  [PASS] movej to ready + hand release
  movej rest + grasp         ok=True  arm  0.19 s   hand  0.10 s   hand-arm finish -0.09 s  (hand done DURING arm motion)
  [PASS] movej to rest_pose + hand grasp
  pose at rest: x=-0.058 y=+0.101 z=+0.488  ->  target x=+0.142
  movej_p +X + half_grasp: arm 0.15 s, hand finish skew -0.05 s  (hand done DURING arm motion)
  displacement: dx=+0.200 dy=+0.000 dz=+0.000 m
  [PASS] movej_p +X + half_grasp verified  (dx=+0.200 m (target +0.20))
  movej ready + release      ok=True  arm  0.21 s   hand  0.10 s   hand-arm finish -0.11 s  (hand done DURING arm motion)
  [PASS] movej back to ready + hand release
  [PASS] planned-move pipeline exercised  (movej x3 + movej_p x1 + hand x4 concurrent, no passthrough)
  [PASS] hand moved concurrently with arm  (4/4 phases finished during arm motion; finish skews -0.09s, -0.09s, -0.05s, -0.11s)

  Summary: 7 PASS, 0 FAIL, 0 SKIP

####################################################################
# C2 arm-only drill  (--no-hands --no-pole)
####################################################################
====================================================================
C2  Parallel locked dual-arm execution
    left=192.168.1.10  right=192.168.1.103  arm v=20%  lift v=50%
    sequence: [('arm', 'ready'), ('arm', 'zero'), ('arm', 'ready'), ('arm', 'rest')]   [--no-hands: hand steps stripped]   [--no-pole: pole/sync-lift steps stripped]
    mode: as-found  (select with --mode SIM|REAL)
    pole pre-positioning SKIPPED (--no-pole)
    BOTH ARMS WILL MOVE (poles stay put)
====================================================================
current c api version:  emu-1.1.6
  [INFO] left: run mode = REAL
  [INFO] right: run mode = REAL
  starting in 3 ...
  starting in 2 ...
  starting in 1 ...
  [PASS] poles pre-positioned to full length  (SKIPPED — poles disabled (--no-pole))

  step results:
  ────────────────────────────────────────────────────────────
  ('arm', 'ready')         skew   1.15 ms   L   0.01 s   R   0.19 s   |d|  0.19 s   ok=True
  ('arm', 'zero')          skew   1.12 ms   L   0.30 s   R   0.30 s   |d|  0.00 s   ok=True
  ('arm', 'ready')         skew   1.36 ms   L   0.30 s   R   0.30 s   |d|  0.00 s   ok=True
  ('arm', 'rest')          skew   1.10 ms   L   0.19 s   R   0.19 s   |d|  0.00 s   ok=True
  [PASS] all dispatches accepted
  [PASS] sequence completed with barrier per step
  [PASS] dispatch skew  (max 1.36 ms)
  [PASS] arrival via event for every device
  [INFO] completion delta between arms: mean 0.05 s, max 0.19 s
  [PASS] arm-pole sync finish  (SKIPPED — poles disabled (--no-pole))

  Summary: 6 PASS, 0 FAIL, 0 SKIP

####################################################################
# C8 locked-pole drill  (fault injection)
####################################################################

-- drill A: pole locked, C8 must FAIL with the diagnosis --
====================================================================
C8  Pole-only diagnostic (lift acceptance + state dump)
    pole on arm=left @ 192.168.1.10   gearing=1to1 (hw max 330)
    ONLY THE POLE MOVES — arm and hand stay still
    mode: as-found  (select with --mode SIM|REAL)  [lift does NOT execute in SIM]
====================================================================
current c api version:  emu-1.1.6
  [INFO] left: run mode = REAL
  [PASS] connected  (handle id=15)
  [PASS] arm power  (ON)
    joint err_flag=[0, 0, 0, 0, 0, 0, 0]  brake_state=[0, 0, 0, 0, 0, 0, 0]
  [FAIL] controller/joint errors  (sys=['4103'] joints=[] — latched errors block motion; rerun with --clear-errors)
  [FAIL] lift state  (pos=290 hw-mm  current=0 mA  mode=0  err_flag=1 — LIFT DRIVER ERROR latched (stall/overcurrent?); try --clear-errors, then power cycle)
  [SKIP] rm_clear_system_err  (not requested (--clear-errors))
  starting in 3 ...
  starting in 2 ...
  starting in 1 ...
  D6 acceptance probe: command CURRENT position (290 hw-mm) — no physical motion
    hold-position: REJECTED ret=1
  [FAIL] lift acceptance probe  (the 20:38 signature — controller rejects/ignores lift commands)
  [DIAG] left: lift command REJECTED by the controller (set_state false) — state dump:
  [DIAG]   arm power: ON
  [DIAG]   controller err: 4103  <-- likely cause: clear via --clear-errors / Web GUI
  [DIAG]   joint err flags: clean   brake_state=[0, 0, 0, 0, 0, 0, 0]
  [DIAG]   lift state: pos=290 hw-mm  current=0 mA  mode=0  err_flag=1  <-- LIFT DRIVER ERROR latched (stall/overcurrent?)
  [DIAG] recovery ladder: (1) release/reset the physical e-stop, (2) clear errors (RM_ARM=left python3 test_pole_only.py --clear-errors), (3) check the Web GUI lift panel moves the pole, (4) power-cycle the arm.
  [SKIP] small stroke probe  (acceptance probe failed)
  [SKIP] home to full length  (earlier probe failed)

  Summary: 2 PASS, 3 FAIL, 3 SKIP

-- drill B: C8 --clear-errors must recover and pass --
====================================================================
C8  Pole-only diagnostic (lift acceptance + state dump)
    pole on arm=left @ 192.168.1.10   gearing=1to1 (hw max 330)
    ONLY THE POLE MOVES — arm and hand stay still
    --clear-errors: rm_clear_system_err will run before D6
    mode: as-found  (select with --mode SIM|REAL)  [lift does NOT execute in SIM]
====================================================================
current c api version:  emu-1.1.6
  [INFO] left: run mode = REAL
  [PASS] connected  (handle id=16)
  [PASS] arm power  (ON)
    joint err_flag=[0, 0, 0, 0, 0, 0, 0]  brake_state=[0, 0, 0, 0, 0, 0, 0]
  [PASS] controller/joint errors  (latched: sys=['4103'] joints=[] — clearing next)
  [PASS] lift state  (pos=290 hw-mm  current=0 mA  mode=0  err_flag=1 — driver error latched, clearing next)
  [PASS] rm_clear_system_err  (ret=0)
  starting in 3 ...
  starting in 2 ...
  starting in 1 ...
  D6 acceptance probe: command CURRENT position (290 hw-mm) — no physical motion
    hold-position: ret=0 arrived=True success=True (0.04 s)
  [PASS] lift acceptance probe  (controller accepts lift commands)
    stroke to 280: ret=0 arrived=True success=True (0.06 s)
    back to 290: ret=0 arrived=True success=True (0.06 s)
  [PASS] small stroke probe  (10 hw-mm there and back, events OK)
  pre-positioning pole(s) to full_length (0.29 m -> left=290 (1to1)) ...
  [INFO] left: pole at full length (0.04 s, event=True)
  [PASS] home to full length  (0.29 m -> 290 hw-mm)

  Summary: 8 PASS, 0 FAIL, 0 SKIP

  drill verdict: locked exit 1 (want nonzero), recover exit 0 (want 0) -> OK

====================================================================
Emulated suite summary
  C1 connect   exit 0  (OK)
  C8 pole diag exit 0  (OK)
  C5 sim probe exit 0  (OK)
  C7 hand only exit 0  (OK)
  C2 locked    exit 0  (OK)
  C3 chained   exit 0  (OK)
  C4 free      exit 0  (OK)
  C6 single-arm exit 0  (OK)
  C2 arm-only drill exit 0  (OK)
  C8 locked drill exit 0  (OK)
====================================================================

========================================================================
  Script : run_emulated_suite.py
  Log    : run_emulated_suite.log
  Started: 2026-08-07 09:50:20
========================================================================
====================================================================
EMULATED dual-arm concept suite  (time scale x10)
Arms are emulated in-process — nothing physical moves.
====================================================================

####################################################################
# C1 connect  (test_dual_connect)
####################################################################
====================================================================
C1  Dual-arm connectivity pre-check  (no motion is commanded)
    left=192.168.1.10  right=192.168.1.103
====================================================================
current c api version:  emu-1.1.6
  [PASS] left: robot info  (RM_75 7-DOF, controller gen 3)
  [PASS] left: arm state clean  (err codes ['0'])
  [PASS] left: lift state  (pos=100 of 330 (1to1))
  [INFO] left: run mode = REAL
  [PASS] right: robot info  (RM_75 7-DOF, controller gen 3)
  [PASS] right: arm state clean  (err codes ['0'])
  [PASS] right: lift state  (pos=100 of 200 (2to3))
  [INFO] right: run mode = REAL
  [PASS] handles distinct  (left id=1 right id=2)
  [PASS] event callback registered  (process-global, demuxed by handle_id)
  [PASS] pre-check complete  (no motion was commanded)

  Summary: 9 PASS, 0 FAIL, 0 SKIP

####################################################################
# C8 pole diag  (test_pole_only)
####################################################################
====================================================================
C8  Pole-only diagnostic (lift acceptance + state dump)
    pole on arm=left @ 192.168.1.10   gearing=1to1 (hw max 330)
    ONLY THE POLE MOVES — arm and hand stay still
    mode: as-found  (select with --mode SIM|REAL)  [lift does NOT execute in SIM]
====================================================================
current c api version:  emu-1.1.6
  [INFO] left: run mode = REAL
  [PASS] connected  (handle id=3)
  [PASS] arm power  (ON)
    joint err_flag=[0, 0, 0, 0, 0, 0, 0]  brake_state=[0, 0, 0, 0, 0, 0, 0]
  [PASS] controller/joint errors  (clean)
  [PASS] lift state  (pos=100 hw-mm  current=0 mA  mode=0  err_flag=0)
  [SKIP] rm_clear_system_err  (not requested (--clear-errors))
  starting in 3 ...
  starting in 2 ...
  starting in 1 ...
  D6 acceptance probe: command CURRENT position (100 hw-mm) — no physical motion
    hold-position: ret=0 arrived=True success=True (0.04 s)
  [PASS] lift acceptance probe  (controller accepts lift commands)
    stroke to 90: ret=0 arrived=True success=True (0.06 s)
    back to 100: ret=0 arrived=True success=True (0.06 s)
  [PASS] small stroke probe  (10 hw-mm there and back, events OK)
  pre-positioning pole(s) to full_length (0.29 m -> left=290 (1to1)) ...
  [INFO] left: pole at full length (0.38 s, event=True)
  [PASS] home to full length  (0.29 m -> 290 hw-mm)

  Summary: 7 PASS, 0 FAIL, 1 SKIP

####################################################################
# C5 sim probe  (test_sim_motion_visibility)
####################################################################
====================================================================
C5  Simulation-mode motion visibility probe (no physical motion)
    arm=192.168.1.10  UDP -> 192.168.1.239:8095  probe: J7 +5.0 deg at v=10%
====================================================================
current c api version:  emu-1.1.6
  [INFO] original run mode: REAL
  [PASS] simulation mode engaged and verified
  [INFO] rm_set_realtime_push ret=0
  [PASS] UDP push delivering frames  (77 within 2 s)
  [PASS] probe movej accepted in simulation mode

  ────────────────────────────────────────────────────────────
  VERDICT — simulated motion accessibility (551 UDP frames):
    UDP realtime push sweeps:   YES
    Arrival event fires:        YES (trajectory_state=True)
    TCP polling sweeps:         YES  (1 polls)
  ────────────────────────────────────────────────────────────
  => Simulated motion IS programmatically accessible: the
     sim-rehearsal record-and-verify pipeline is viable.
  [PASS] probe completed with a definitive verdict
  [PASS] probe joint returned to start
  [INFO] run mode restored: REAL (ret=0)

  Summary: 5 PASS, 0 FAIL, 0 SKIP

####################################################################
# C7 hand only  (test_hand_only)
####################################################################
====================================================================
C7  Hand-alone test (protocol probe, then modbus RTU)
    hand on arm=left @ 192.168.1.10   modbus device=1 baud=115200
    ONLY THE HAND MOVES — no arm, no pole motion
    on exit: restore protocol mode (rm_close_modbus_mode)
====================================================================
current c api version:  emu-1.1.6
  [INFO] arm run mode: REAL (hand is a physical peripheral; REAL recommended)
  [PASS] connected  (handle id=5)

  Phase P — protocol path probe (rm_set_hand_angle, blocking 5 s)
  [PASS] protocol path  (WORKS — end port is free; C2/C6 hand steps can use arrival events)

  Phase M — modbus RTU (ANGLE_SET writes, ANGLE_ACT feedback)
  [PASS] modbus session opened  (port 1 @ 115200)
  [PASS] ANGLE_ACT readable  (measured [993, 993, 993, 993, 981, 992])
  [PASS] SPEED_SET written  (500 x6)
    release    reached in  0.3 s  ACT=[993, 993, 993, 993, 981, 992]  (max err 0)
    grasp      reached in  0.3 s  ACT=[33, 33, 33, 33, 133, 944]  (max err 0)
    half_grasp reached in  0.3 s  ACT=[516, 516, 516, 516, 133, 944]  (max err 0)
    release    reached in  0.3 s  ACT=[993, 993, 993, 993, 981, 992]  (max err 0)
  [PASS] modbus command + measured feedback  (release -> grasp -> half_grasp -> release verified via ANGLE_ACT)
  [PASS] FORCE_ACT readable  ([0, 0, 0, 0, 0, 0] g (signed))

  VERDICT: protocol path WORKS; modbus RTU path WORKS with real feedback.
  [INFO] end port restored to protocol mode (rm_close_modbus_mode ret=0)
  [PASS] end-port state restored

  Summary: 8 PASS, 0 FAIL, 0 SKIP

####################################################################
# C2 locked  (test_dual_locked)
####################################################################
====================================================================
C2  Parallel locked dual-arm execution
    left=192.168.1.10  right=192.168.1.103  arm v=20%  lift v=50%
    sequence: [('arm', 'ready'), ('hand', 'release'), ('sync', ('zero', 'half')), ('hand', 'grasp'), ('sync', ('ready', 'full')), ('hand', 'half_grasp'), ('arm', 'rest')]
    mode: as-found  (select with --mode SIM|REAL)
    poles pre-positioned to full length (0.29 m) before the sequence
    BOTH ARMS AND BOTH POLES WILL MOVE
====================================================================
current c api version:  emu-1.1.6
  [INFO] left: run mode = REAL
  [INFO] right: run mode = REAL
  starting in 3 ...
  starting in 2 ...
  starting in 1 ...
  pre-positioning pole(s) to full_length (0.29 m -> left=290 (1to1), right=193 (2to3)) ...
  [INFO] left: pole at full length (0.04 s, event=True)
  [INFO] right: pole at full length (0.29 s, event=True)
  [PASS] poles pre-positioned to full length

  step results:
  ────────────────────────────────────────────────────────────
  ('arm', 'ready')         skew   1.00 ms   L   0.30 s   R   0.30 s   |d|  0.00 s   ok=True
  ('hand', 'release')      skew   0.41 ms   L   0.10 s   R   0.10 s   |d|  0.00 s   ok=True
  ('sync', ('zero', 'half')) skew   4.94 ms   L   0.39 s   R   0.38 s   |d|  0.00 s   ok=True
  ('hand', 'grasp')        skew   0.31 ms   L   0.10 s   R   0.10 s   |d|  0.00 s   ok=True
  ('sync', ('ready', 'full')) skew   3.53 ms   L   0.38 s   R   0.37 s   |d|  0.00 s   ok=True
  ('hand', 'half_grasp')   skew   0.30 ms   L   0.10 s   R   0.10 s   |d|  0.00 s   ok=True
  ('arm', 'rest')          skew   0.92 ms   L   0.19 s   R   0.19 s   |d|  0.00 s   ok=True
  [PASS] all dispatches accepted
  [PASS] sequence completed with barrier per step
  [PASS] dispatch skew  (max 4.94 ms)
  [PASS] arrival via event for every device
  [INFO] completion delta between arms: mean 0.00 s, max 0.00 s
  [INFO] sync left  ('zero', 'half')     arm-dur-est 3.00 s, matched lift 28%, start skew    1.1 ms, finish skew   +84.1 ms
  [INFO] sync right ('zero', 'half')     arm-dur-est 3.00 s, matched lift 28%, start skew    0.8 ms, finish skew   +82.3 ms
  [INFO] sync left  ('ready', 'full')    arm-dur-est 3.00 s, matched lift 29%, start skew    1.0 ms, finish skew   +75.1 ms
  [INFO] sync right ('ready', 'full')    arm-dur-est 3.00 s, matched lift 29%, start skew    1.0 ms, finish skew   +73.5 ms
  [PASS] arm-pole sync finish  (worst pole lateness +84 ms)

  Summary: 6 PASS, 0 FAIL, 0 SKIP

####################################################################
# C9 single-locked  (test_single_arm_locked)
####################################################################
====================================================================
C9  Single-arm LOCKED sequence (the C2 recipe on one arm)
    arm=left @ 192.168.1.10   arm v=20%   lift v=50% (duration-matched on sync)
    sequence: [('arm', 'ready'), ('hand', 'release'), ('sync', ('zero', 'half')), ('hand', 'grasp'), ('sync', ('ready', 'full')), ('hand', 'half_grasp'), ('arm', 'rest')]
    mode: as-found  (select with --mode SIM|REAL)
    pole pre-positioned to full length (0.29 m) first
    THE LEFT ARM, ITS POLE AND ITS HAND WILL MOVE
    A frozen sync step waits up to 40 s for the arm event, then position-verifies, halts, and FAILS — let it finish.
====================================================================
current c api version:  emu-1.1.6
  [INFO] left: run mode = REAL
  starting in 3 ...
  starting in 2 ...
  starting in 1 ...
  pre-positioning pole(s) to full_length (0.29 m -> left=290 (1to1)) ...
  [INFO] left: pole at full length (0.04 s, event=True)
  [PASS] pole pre-positioned to full length

  step results (live):
  ────────────────────────────────────────────────────────────
  ('arm', 'ready')           ok=True  arm  0.19 s
  ('hand', 'release')        ok=True  hand  0.10 s
  ('sync', ('zero', 'half')) ok=True  arm  0.30 s   lift  0.38 s   start-skew   0.9 ms   finish-skew    +84 ms
  ('hand', 'grasp')          ok=True  hand  0.10 s
  ('sync', ('ready', 'full')) ok=True  arm  0.30 s   lift  0.38 s   start-skew   1.0 ms   finish-skew    +75 ms
  ('hand', 'half_grasp')     ok=True  hand  0.10 s
  ('arm', 'rest')            ok=True  arm  0.19 s
  [PASS] all dispatches accepted
  [PASS] sequence completed
  [PASS] arrival via event for every device
  [INFO] sync ('zero', 'half')     arm-dur-est 3.00 s, matched lift 28%, start skew    0.9 ms
  [INFO] sync ('ready', 'full')    arm-dur-est 3.00 s, matched lift 29%, start skew    1.0 ms
  [PASS] sync dispatch back-to-back  (max movej->lift gap 1.0 ms)
  [PASS] arm-pole sync finish  (worst pole lateness +84 ms)

  Summary: 6 PASS, 0 FAIL, 0 SKIP

####################################################################
# C3 chained  (test_dual_chained)
####################################################################
====================================================================
C3  Chained dual-arm execution (left leads, right follows)
    left=192.168.1.10  right=192.168.1.103  arm v=20%  lift v=50%
    sequence: [('arm', 'ready'), ('hand', 'release'), ('sync', ('zero', 'half')), ('hand', 'grasp'), ('sync', ('ready', 'full')), ('hand', 'half_grasp'), ('arm', 'rest')]
    mode: as-found  (select with --mode SIM|REAL)
    poles pre-positioned to full length (0.29 m) before the sequence
    BOTH ARMS AND BOTH POLES WILL MOVE
====================================================================
current c api version:  emu-1.1.6
  [INFO] left: run mode = REAL
  [INFO] right: run mode = REAL
  starting in 3 ...
  starting in 2 ...
  starting in 1 ...
  pre-positioning pole(s) to full_length (0.29 m -> left=290 (1to1), right=193 (2to3)) ...
  [INFO] left: pole at full length (0.04 s, event=True)
  [INFO] right: pole at full length (0.04 s, event=True)
  [PASS] poles pre-positioned to full length

  chain results:
  ────────────────────────────────────────────────────────────
  step 0 ('arm', 'ready')       follower start after leader done, gate latency     0.4 ms, ok=True
  step 1 ('hand', 'release')    follower start after leader done, gate latency    91.2 ms, ok=True
  step 2 ('sync', ('zero', 'half')) follower start after leader done, gate latency     1.6 ms, ok=True
  step 3 ('hand', 'grasp')      follower start after leader done, gate latency   283.8 ms, ok=True
  step 4 ('sync', ('ready', 'full')) follower start after leader done, gate latency     9.4 ms, ok=True
  step 5 ('hand', 'half_grasp') follower start after leader done, gate latency   282.9 ms, ok=True
  step 6 ('arm', 'rest')        follower start after leader done, gate latency   191.6 ms, ok=True
  [PASS] all dispatches accepted
  [PASS] both chains completed
  [PASS] ordering invariant  (follower step k always after leader step k done)
  [PASS] follower gate latency  (max 283.8 ms)

  Summary: 5 PASS, 0 FAIL, 0 SKIP

####################################################################
# C4 free  (test_dual_free)
####################################################################
====================================================================
C4  Free-running dual-arm execution (no cross-arm gates)
    left=192.168.1.10  right=192.168.1.103  arm v=20%  lift v=50%
    sequence: [('arm', 'ready'), ('hand', 'release'), ('sync', ('zero', 'half')), ('hand', 'grasp'), ('sync', ('ready', 'full')), ('hand', 'half_grasp'), ('arm', 'rest')]
    mode: as-found  (select with --mode SIM|REAL)
    poles pre-positioned to full length (0.29 m) before the sequence
    BOTH ARMS AND BOTH POLES WILL MOVE
====================================================================
current c api version:  emu-1.1.6
  [INFO] left: run mode = REAL
  [INFO] right: run mode = REAL
  starting in 3 ...
  starting in 2 ...
  starting in 1 ...
  pre-positioning pole(s) to full_length (0.29 m -> left=290 (1to1), right=193 (2to3)) ...
  [INFO] left: pole at full length (0.04 s, event=True)
  [INFO] right: pole at full length (0.04 s, event=True)
  [PASS] poles pre-positioned to full length

  per-arm timelines:
  ────────────────────────────────────────────────────────────
  left : 7/7 steps in 1.46 s
  right: 7/7 steps in 1.45 s
  [PASS] all dispatches accepted
  [PASS] both arms completed independently
  [PASS] concurrent free run  (window overlap 100% of shorter run)

  Summary: 4 PASS, 0 FAIL, 0 SKIP

####################################################################
# C6 single-arm  (test_single_arm_planned)
####################################################################
====================================================================
C6  Single-arm planned moves + CONCURRENT hand motion
    arm=left @ 192.168.1.10   movej v=20%   X offset +20 cm (world frame)
    hand states: release / grasp / half_grasp (acked_angle: non-blocking + duration dwell, butterfli_hw semantics)
    mode: as-found  (select with --mode SIM|REAL)
    pole pre-positioned to full length (0.29 m) first
    THE LEFT ARM, ITS POLE AND ITS HAND WILL MOVE
====================================================================
current c api version:  emu-1.1.6
  [INFO] left: run mode = REAL
  starting in 3 ...
  starting in 2 ...
  starting in 1 ...
  pre-positioning pole(s) to full_length (0.29 m -> left=290 (1to1)) ...
  [INFO] left: pole at full length (0.04 s, event=True)
  [PASS] pole pre-positioned to full length
  movej ready + release      ok=True  arm  0.19 s   hand  0.10 s   hand-arm finish -0.09 s  (hand done DURING arm motion)
  [PASS] movej to ready + hand release
  movej rest + grasp         ok=True  arm  0.19 s   hand  0.10 s   hand-arm finish -0.09 s  (hand done DURING arm motion)
  [PASS] movej to rest_pose + hand grasp
  pose at rest: x=-0.058 y=+0.101 z=+0.488  ->  target x=+0.142
  movej_p +X + half_grasp: arm 0.15 s, hand finish skew -0.05 s  (hand done DURING arm motion)
  displacement: dx=+0.200 dy=+0.000 dz=+0.000 m
  [PASS] movej_p +X + half_grasp verified  (dx=+0.200 m (target +0.20))
  movej ready + release      ok=True  arm  0.21 s   hand  0.10 s   hand-arm finish -0.11 s  (hand done DURING arm motion)
  [PASS] movej back to ready + hand release
  [PASS] planned-move pipeline exercised  (movej x3 + movej_p x1 + hand x4 concurrent, no passthrough)
  [PASS] hand moved concurrently with arm  (4/4 phases finished during arm motion; finish skews -0.09s, -0.09s, -0.05s, -0.11s)

  Summary: 7 PASS, 0 FAIL, 0 SKIP

####################################################################
# C2 arm-only drill  (--no-hands --no-pole)
####################################################################
====================================================================
C2  Parallel locked dual-arm execution
    left=192.168.1.10  right=192.168.1.103  arm v=20%  lift v=50%
    sequence: [('arm', 'ready'), ('arm', 'zero'), ('arm', 'ready'), ('arm', 'rest')]   [--no-hands: hand steps stripped]   [--no-pole: pole/sync-lift steps stripped]
    mode: as-found  (select with --mode SIM|REAL)
    pole pre-positioning SKIPPED (--no-pole)
    BOTH ARMS WILL MOVE (poles stay put)
====================================================================
current c api version:  emu-1.1.6
  [INFO] left: run mode = REAL
  [INFO] right: run mode = REAL
  starting in 3 ...
  starting in 2 ...
  starting in 1 ...
  [PASS] poles pre-positioned to full length  (SKIPPED — poles disabled (--no-pole))

  step results:
  ────────────────────────────────────────────────────────────
  ('arm', 'ready')         skew   1.04 ms   L   0.01 s   R   0.19 s   |d|  0.19 s   ok=True
  ('arm', 'zero')          skew   0.92 ms   L   0.30 s   R   0.30 s   |d|  0.00 s   ok=True
  ('arm', 'ready')         skew   1.06 ms   L   0.30 s   R   0.30 s   |d|  0.00 s   ok=True
  ('arm', 'rest')          skew   1.11 ms   L   0.19 s   R   0.19 s   |d|  0.00 s   ok=True
  [PASS] all dispatches accepted
  [PASS] sequence completed with barrier per step
  [PASS] dispatch skew  (max 1.11 ms)
  [PASS] arrival via event for every device
  [INFO] completion delta between arms: mean 0.05 s, max 0.19 s
  [PASS] arm-pole sync finish  (SKIPPED — poles disabled (--no-pole))

  Summary: 6 PASS, 0 FAIL, 0 SKIP

####################################################################
# C8 locked-pole drill  (fault injection)
####################################################################

-- drill A: pole locked, C8 must FAIL with the diagnosis --
====================================================================
C8  Pole-only diagnostic (lift acceptance + state dump)
    pole on arm=left @ 192.168.1.10   gearing=1to1 (hw max 330)
    ONLY THE POLE MOVES — arm and hand stay still
    mode: as-found  (select with --mode SIM|REAL)  [lift does NOT execute in SIM]
====================================================================
current c api version:  emu-1.1.6
  [INFO] left: run mode = REAL
  [PASS] connected  (handle id=16)
  [PASS] arm power  (ON)
    joint err_flag=[0, 0, 0, 0, 0, 0, 0]  brake_state=[0, 0, 0, 0, 0, 0, 0]
  [FAIL] controller/joint errors  (sys=['4103'] joints=[] — latched errors block motion; rerun with --clear-errors)
  [FAIL] lift state  (pos=290 hw-mm  current=0 mA  mode=0  err_flag=1 — LIFT DRIVER ERROR latched (stall/overcurrent?); try --clear-errors, then power cycle)
  [SKIP] rm_clear_system_err  (not requested (--clear-errors))
  starting in 3 ...
  starting in 2 ...
  starting in 1 ...
  D6 acceptance probe: command CURRENT position (290 hw-mm) — no physical motion
    hold-position: REJECTED ret=1
  [FAIL] lift acceptance probe  (the 20:38 signature — controller rejects/ignores lift commands)
  [DIAG] left: lift command REJECTED by the controller (set_state false) — state dump:
  [DIAG]   arm power: ON
  [DIAG]   controller err: 4103  <-- likely cause: clear via --clear-errors / Web GUI
  [DIAG]   joint err flags: clean   brake_state=[0, 0, 0, 0, 0, 0, 0]
  [DIAG]   lift state: pos=290 hw-mm  current=0 mA  mode=0  err_flag=1  <-- LIFT DRIVER ERROR latched (stall/overcurrent?)
  [DIAG] recovery ladder: (1) release/reset the physical e-stop, (2) clear errors (RM_ARM=left python3 test_pole_only.py --clear-errors), (3) check the Web GUI lift panel moves the pole, (4) power-cycle the arm.
  [SKIP] small stroke probe  (acceptance probe failed)
  [SKIP] home to full length  (earlier probe failed)

  Summary: 2 PASS, 3 FAIL, 3 SKIP

-- drill B: C8 --clear-errors must recover and pass --
====================================================================
C8  Pole-only diagnostic (lift acceptance + state dump)
    pole on arm=left @ 192.168.1.10   gearing=1to1 (hw max 330)
    ONLY THE POLE MOVES — arm and hand stay still
    --clear-errors: rm_clear_system_err will run before D6
    mode: as-found  (select with --mode SIM|REAL)  [lift does NOT execute in SIM]
====================================================================
current c api version:  emu-1.1.6
  [INFO] left: run mode = REAL
  [PASS] connected  (handle id=17)
  [PASS] arm power  (ON)
    joint err_flag=[0, 0, 0, 0, 0, 0, 0]  brake_state=[0, 0, 0, 0, 0, 0, 0]
  [PASS] controller/joint errors  (latched: sys=['4103'] joints=[] — clearing next)
  [PASS] lift state  (pos=290 hw-mm  current=0 mA  mode=0  err_flag=1 — driver error latched, clearing next)
  [PASS] rm_clear_system_err  (ret=0)
  starting in 3 ...
  starting in 2 ...
  starting in 1 ...
  D6 acceptance probe: command CURRENT position (290 hw-mm) — no physical motion
    hold-position: ret=0 arrived=True success=True (0.04 s)
  [PASS] lift acceptance probe  (controller accepts lift commands)
    stroke to 280: ret=0 arrived=True success=True (0.06 s)
    back to 290: ret=0 arrived=True success=True (0.06 s)
  [PASS] small stroke probe  (10 hw-mm there and back, events OK)
  pre-positioning pole(s) to full_length (0.29 m -> left=290 (1to1)) ...
  [INFO] left: pole at full length (0.04 s, event=True)
  [PASS] home to full length  (0.29 m -> 290 hw-mm)

  Summary: 8 PASS, 0 FAIL, 0 SKIP

  drill verdict: locked exit 1 (want nonzero), recover exit 0 (want 0) -> OK

====================================================================
Emulated suite summary
  C1 connect   exit 0  (OK)
  C8 pole diag exit 0  (OK)
  C5 sim probe exit 0  (OK)
  C7 hand only exit 0  (OK)
  C2 locked    exit 0  (OK)
  C9 single-locked exit 0  (OK)
  C3 chained   exit 0  (OK)
  C4 free      exit 0  (OK)
  C6 single-arm exit 0  (OK)
  C2 arm-only drill exit 0  (OK)
  C8 locked drill exit 0  (OK)
====================================================================

========================================================================
  Script : run_emulated_suite.py
  Log    : run_emulated_suite.log
  Started: 2026-08-07 09:51:07
========================================================================
====================================================================
EMULATED dual-arm concept suite  (time scale x10)
Arms are emulated in-process — nothing physical moves.
====================================================================

####################################################################
# C1 connect  (test_dual_connect)
####################################################################
====================================================================
C1  Dual-arm connectivity pre-check  (no motion is commanded)
    left=192.168.1.10  right=192.168.1.103
====================================================================
current c api version:  emu-1.1.6
  [PASS] left: robot info  (RM_75 7-DOF, controller gen 3)
  [PASS] left: arm state clean  (err codes ['0'])
  [PASS] left: lift state  (pos=100 of 330 (1to1))
  [INFO] left: run mode = REAL
  [PASS] right: robot info  (RM_75 7-DOF, controller gen 3)
  [PASS] right: arm state clean  (err codes ['0'])
  [PASS] right: lift state  (pos=100 of 200 (2to3))
  [INFO] right: run mode = REAL
  [PASS] handles distinct  (left id=1 right id=2)
  [PASS] event callback registered  (process-global, demuxed by handle_id)
  [PASS] pre-check complete  (no motion was commanded)

  Summary: 9 PASS, 0 FAIL, 0 SKIP

####################################################################
# C8 pole diag  (test_pole_only)
####################################################################
====================================================================
C8  Pole-only diagnostic (lift acceptance + state dump)
    pole on arm=left @ 192.168.1.10   gearing=1to1 (hw max 330)
    ONLY THE POLE MOVES — arm and hand stay still
    mode: as-found  (select with --mode SIM|REAL)  [lift does NOT execute in SIM]
====================================================================
current c api version:  emu-1.1.6
  [INFO] left: run mode = REAL
  [PASS] connected  (handle id=3)
  [PASS] arm power  (ON)
    joint err_flag=[0, 0, 0, 0, 0, 0, 0]  brake_state=[0, 0, 0, 0, 0, 0, 0]
  [PASS] controller/joint errors  (clean)
  [PASS] lift state  (pos=100 hw-mm  current=0 mA  mode=0  err_flag=0)
  [SKIP] rm_clear_system_err  (not requested (--clear-errors))
  starting in 3 ...
  starting in 2 ...
  starting in 1 ...
  D6 acceptance probe: command CURRENT position (100 hw-mm) — no physical motion
    hold-position: ret=0 arrived=True success=True (0.04 s)
  [PASS] lift acceptance probe  (controller accepts lift commands)
    stroke to 90: ret=0 arrived=True success=True (0.06 s)
    back to 100: ret=0 arrived=True success=True (0.06 s)
  [PASS] small stroke probe  (10 hw-mm there and back, events OK)
  pre-positioning pole(s) to full_length (0.29 m -> left=290 (1to1)) ...
  [INFO] left: pole at full length (0.38 s, event=True)
  [PASS] home to full length  (0.29 m -> 290 hw-mm)

  Summary: 7 PASS, 0 FAIL, 1 SKIP

####################################################################
# C5 sim probe  (test_sim_motion_visibility)
####################################################################
====================================================================
C5  Simulation-mode motion visibility probe (no physical motion)
    arm=192.168.1.10  UDP -> 192.168.1.239:8095  probe: J7 +5.0 deg at v=10%
====================================================================
current c api version:  emu-1.1.6
  [INFO] original run mode: REAL
  [PASS] simulation mode engaged and verified
  [INFO] rm_set_realtime_push ret=0
  [PASS] UDP push delivering frames  (83 within 2 s)
  [PASS] probe movej accepted in simulation mode

  ────────────────────────────────────────────────────────────
  VERDICT — simulated motion accessibility (538 UDP frames):
    UDP realtime push sweeps:   YES
    Arrival event fires:        YES (trajectory_state=True)
    TCP polling sweeps:         YES  (1 polls)
  ────────────────────────────────────────────────────────────
  => Simulated motion IS programmatically accessible: the
     sim-rehearsal record-and-verify pipeline is viable.
  [PASS] probe completed with a definitive verdict
  [PASS] probe joint returned to start
  [INFO] run mode restored: REAL (ret=0)

  Summary: 5 PASS, 0 FAIL, 0 SKIP

####################################################################
# C7 hand only  (test_hand_only)
####################################################################
====================================================================
C7  Hand-alone test (protocol probe, then modbus RTU)
    hand on arm=left @ 192.168.1.10   modbus device=1 baud=115200
    ONLY THE HAND MOVES — no arm, no pole motion
    on exit: restore protocol mode (rm_close_modbus_mode)
====================================================================
current c api version:  emu-1.1.6
  [INFO] arm run mode: REAL (hand is a physical peripheral; REAL recommended)
  [PASS] connected  (handle id=5)

  Phase P — protocol path probe (rm_set_hand_angle, blocking 5 s)
  [PASS] protocol path  (WORKS — end port is free; C2/C6 hand steps can use arrival events)

  Phase M — modbus RTU (ANGLE_SET writes, ANGLE_ACT feedback)
  [PASS] modbus session opened  (port 1 @ 115200)
  [PASS] ANGLE_ACT readable  (measured [993, 993, 993, 993, 981, 992])
  [PASS] SPEED_SET written  (500 x6)
    release    reached in  0.3 s  ACT=[993, 993, 993, 993, 981, 992]  (max err 0)
    grasp      reached in  0.3 s  ACT=[33, 33, 33, 33, 133, 944]  (max err 0)
    half_grasp reached in  0.3 s  ACT=[516, 516, 516, 516, 133, 944]  (max err 0)
    release    reached in  0.3 s  ACT=[993, 993, 993, 993, 981, 992]  (max err 0)
  [PASS] modbus command + measured feedback  (release -> grasp -> half_grasp -> release verified via ANGLE_ACT)
  [PASS] FORCE_ACT readable  ([0, 0, 0, 0, 0, 0] g (signed))

  VERDICT: protocol path WORKS; modbus RTU path WORKS with real feedback.
  [INFO] end port restored to protocol mode (rm_close_modbus_mode ret=0)
  [PASS] end-port state restored

  Summary: 8 PASS, 0 FAIL, 0 SKIP

####################################################################
# C2 locked  (test_dual_locked)
####################################################################
====================================================================
C2  Parallel locked dual-arm execution
    left=192.168.1.10  right=192.168.1.103  arm v=20%  lift v=50%
    sequence: [('arm', 'ready'), ('hand', 'release'), ('sync', ('zero', 'half')), ('hand', 'grasp'), ('sync', ('ready', 'full')), ('hand', 'half_grasp'), ('arm', 'rest')]
    mode: as-found  (select with --mode SIM|REAL)
    poles pre-positioned to full length (0.29 m) before the sequence
    BOTH ARMS AND BOTH POLES WILL MOVE
====================================================================
current c api version:  emu-1.1.6
  [INFO] left: run mode = REAL
  [INFO] right: run mode = REAL
  starting in 3 ...
  starting in 2 ...
  starting in 1 ...
  pre-positioning pole(s) to full_length (0.29 m -> left=290 (1to1), right=193 (2to3)) ...
  [INFO] left: pole at full length (0.04 s, event=True)
  [INFO] right: pole at full length (0.29 s, event=True)
  [PASS] poles pre-positioned to full length

  step results:
  ────────────────────────────────────────────────────────────
  ('arm', 'ready')         skew   1.13 ms   L   0.30 s   R   0.30 s   |d|  0.00 s   ok=True
  ('hand', 'release')      skew   0.47 ms   L   0.10 s   R   0.10 s   |d|  0.00 s   ok=True
  ('sync', ('zero', 'half')) skew   3.88 ms   L   0.39 s   R   0.38 s   |d|  0.00 s   ok=True
  ('hand', 'grasp')        skew   0.49 ms   L   0.10 s   R   0.10 s   |d|  0.00 s   ok=True
  ('sync', ('ready', 'full')) skew   3.48 ms   L   0.38 s   R   0.37 s   |d|  0.00 s   ok=True
  ('hand', 'half_grasp')   skew   0.28 ms   L   0.10 s   R   0.10 s   |d|  0.00 s   ok=True
  ('arm', 'rest')          skew   1.21 ms   L   0.19 s   R   0.19 s   |d|  0.00 s   ok=True
  [PASS] all dispatches accepted
  [PASS] sequence completed with barrier per step
  [PASS] dispatch skew  (max 3.88 ms)
  [PASS] arrival via event for every device
  [INFO] completion delta between arms: mean 0.00 s, max 0.00 s
  [INFO] sync left  ('zero', 'half')     arm-dur-est 3.00 s, matched lift 28%, start skew    1.2 ms, finish skew   +84.0 ms
  [INFO] sync right ('zero', 'half')     arm-dur-est 3.00 s, matched lift 28%, start skew    1.1 ms, finish skew   +82.8 ms
  [INFO] sync left  ('ready', 'full')    arm-dur-est 3.00 s, matched lift 29%, start skew    1.0 ms, finish skew   +75.1 ms
  [INFO] sync right ('ready', 'full')    arm-dur-est 3.00 s, matched lift 29%, start skew    1.0 ms, finish skew   +73.9 ms
  [PASS] arm-pole sync finish  (worst pole lateness +84 ms)

  Summary: 6 PASS, 0 FAIL, 0 SKIP

####################################################################
# C9 single-locked  (test_single_arm_locked)
####################################################################
====================================================================
C9  Single-arm LOCKED sequence (the C2 recipe on one arm)
    arm=left @ 192.168.1.10   arm v=20%   lift v=50% (duration-matched on sync)
    sequence: [('arm', 'ready'), ('hand', 'release'), ('sync', ('zero', 'half')), ('hand', 'grasp'), ('sync', ('ready', 'full')), ('hand', 'half_grasp'), ('arm', 'rest')]
    mode: as-found  (select with --mode SIM|REAL)
    pole pre-positioned to full length (0.29 m) first
    THE LEFT ARM, ITS POLE AND ITS HAND WILL MOVE
    A frozen sync step waits up to 40 s for the arm event, then position-verifies, halts, and FAILS — let it finish.
====================================================================
current c api version:  emu-1.1.6
  [INFO] left: run mode = REAL
  starting in 3 ...
  starting in 2 ...
  starting in 1 ...
  pre-positioning pole(s) to full_length (0.29 m -> left=290 (1to1)) ...
  [INFO] left: pole at full length (0.04 s, event=True)
  [PASS] pole pre-positioned to full length

  step results (live):
  ────────────────────────────────────────────────────────────
  ('arm', 'ready')           ok=True  arm  0.19 s
  ('hand', 'release')        ok=True  hand  0.10 s
  ('sync', ('zero', 'half')) ok=True  arm  0.30 s   lift  0.38 s   start-skew   0.8 ms   finish-skew    +84 ms
  ('hand', 'grasp')          ok=True  hand  0.10 s
  ('sync', ('ready', 'full')) ok=True  arm  0.30 s   lift  0.38 s   start-skew   0.8 ms   finish-skew    +75 ms
  ('hand', 'half_grasp')     ok=True  hand  0.10 s
  ('arm', 'rest')            ok=True  arm  0.19 s
  [PASS] all dispatches accepted
  [PASS] sequence completed
  [PASS] arrival via event for every device
  [INFO] sync ('zero', 'half')     arm-dur-est 3.00 s, matched lift 28%, start skew    0.8 ms
  [INFO] sync ('ready', 'full')    arm-dur-est 3.00 s, matched lift 29%, start skew    0.8 ms
  [PASS] sync dispatch back-to-back  (max movej->lift gap 0.8 ms)
  [PASS] arm-pole sync finish  (worst pole lateness +84 ms)

  Summary: 6 PASS, 0 FAIL, 0 SKIP

####################################################################
# C3 chained  (test_dual_chained)
####################################################################
====================================================================
C3  Chained dual-arm execution (left leads, right follows)
    left=192.168.1.10  right=192.168.1.103  arm v=20%  lift v=50%
    sequence: [('arm', 'ready'), ('hand', 'release'), ('sync', ('zero', 'half')), ('hand', 'grasp'), ('sync', ('ready', 'full')), ('hand', 'half_grasp'), ('arm', 'rest')]
    mode: as-found  (select with --mode SIM|REAL)
    poles pre-positioned to full length (0.29 m) before the sequence
    BOTH ARMS AND BOTH POLES WILL MOVE
====================================================================
current c api version:  emu-1.1.6
  [INFO] left: run mode = REAL
  [INFO] right: run mode = REAL
  starting in 3 ...
  starting in 2 ...
  starting in 1 ...
  pre-positioning pole(s) to full_length (0.29 m -> left=290 (1to1), right=193 (2to3)) ...
  [INFO] left: pole at full length (0.04 s, event=True)
  [INFO] right: pole at full length (0.04 s, event=True)
  [PASS] poles pre-positioned to full length

  chain results:
  ────────────────────────────────────────────────────────────
  step 0 ('arm', 'ready')       follower start after leader done, gate latency     0.2 ms, ok=True
  step 1 ('hand', 'release')    follower start after leader done, gate latency    91.5 ms, ok=True
  step 2 ('sync', ('zero', 'half')) follower start after leader done, gate latency     1.6 ms, ok=True
  step 3 ('hand', 'grasp')      follower start after leader done, gate latency   284.1 ms, ok=True
  step 4 ('sync', ('ready', 'full')) follower start after leader done, gate latency     9.4 ms, ok=True
  step 5 ('hand', 'half_grasp') follower start after leader done, gate latency   283.0 ms, ok=True
  step 6 ('arm', 'rest')        follower start after leader done, gate latency   191.8 ms, ok=True
  [PASS] all dispatches accepted
  [PASS] both chains completed
  [PASS] ordering invariant  (follower step k always after leader step k done)
  [PASS] follower gate latency  (max 284.1 ms)

  Summary: 5 PASS, 0 FAIL, 0 SKIP

####################################################################
# C4 free  (test_dual_free)
####################################################################
====================================================================
C4  Free-running dual-arm execution (no cross-arm gates)
    left=192.168.1.10  right=192.168.1.103  arm v=20%  lift v=50%
    sequence: [('arm', 'ready'), ('hand', 'release'), ('sync', ('zero', 'half')), ('hand', 'grasp'), ('sync', ('ready', 'full')), ('hand', 'half_grasp'), ('arm', 'rest')]
    mode: as-found  (select with --mode SIM|REAL)
    poles pre-positioned to full length (0.29 m) before the sequence
    BOTH ARMS AND BOTH POLES WILL MOVE
====================================================================
current c api version:  emu-1.1.6
  [INFO] left: run mode = REAL
  [INFO] right: run mode = REAL
  starting in 3 ...
  starting in 2 ...
  starting in 1 ...
  pre-positioning pole(s) to full_length (0.29 m -> left=290 (1to1), right=193 (2to3)) ...
  [INFO] left: pole at full length (0.04 s, event=True)
  [INFO] right: pole at full length (0.04 s, event=True)
  [PASS] poles pre-positioned to full length

  per-arm timelines:
  ────────────────────────────────────────────────────────────
  left : 7/7 steps in 1.45 s
  right: 7/7 steps in 1.45 s
  [PASS] all dispatches accepted
  [PASS] both arms completed independently
  [PASS] concurrent free run  (window overlap 100% of shorter run)

  Summary: 4 PASS, 0 FAIL, 0 SKIP

####################################################################
# C6 single-arm  (test_single_arm_planned)
####################################################################
====================================================================
C6  Single-arm planned moves + CONCURRENT hand motion
    arm=left @ 192.168.1.10   movej v=20%   X offset +20 cm (world frame)
    hand states: release / grasp / half_grasp (acked_angle: non-blocking + duration dwell, butterfli_hw semantics)
    mode: as-found  (select with --mode SIM|REAL)
    pole pre-positioned to full length (0.29 m) first
    THE LEFT ARM, ITS POLE AND ITS HAND WILL MOVE
====================================================================
current c api version:  emu-1.1.6
  [INFO] left: run mode = REAL
  starting in 3 ...
  starting in 2 ...
  starting in 1 ...
  pre-positioning pole(s) to full_length (0.29 m -> left=290 (1to1)) ...
  [INFO] left: pole at full length (0.04 s, event=True)
  [PASS] pole pre-positioned to full length
  movej ready + release      ok=True  arm  0.19 s   hand  0.10 s   hand-arm finish -0.09 s  (hand done DURING arm motion)
  [PASS] movej to ready + hand release
  movej rest + grasp         ok=True  arm  0.19 s   hand  0.10 s   hand-arm finish -0.09 s  (hand done DURING arm motion)
  [PASS] movej to rest_pose + hand grasp
  pose at rest: x=-0.058 y=+0.101 z=+0.488  ->  target x=+0.142
  movej_p +X + half_grasp: arm 0.15 s, hand finish skew -0.05 s  (hand done DURING arm motion)
  displacement: dx=+0.200 dy=+0.000 dz=+0.000 m
  [PASS] movej_p +X + half_grasp verified  (dx=+0.200 m (target +0.20))
  movej ready + release      ok=True  arm  0.21 s   hand  0.10 s   hand-arm finish -0.11 s  (hand done DURING arm motion)
  [PASS] movej back to ready + hand release
  [PASS] planned-move pipeline exercised  (movej x3 + movej_p x1 + hand x4 concurrent, no passthrough)
  [PASS] hand moved concurrently with arm  (4/4 phases finished during arm motion; finish skews -0.09s, -0.09s, -0.05s, -0.11s)

  Summary: 7 PASS, 0 FAIL, 0 SKIP

####################################################################
# C2 arm-only drill  (--no-hands --no-pole)
####################################################################
====================================================================
C2  Parallel locked dual-arm execution
    left=192.168.1.10  right=192.168.1.103  arm v=20%  lift v=50%
    sequence: [('arm', 'ready'), ('arm', 'zero'), ('arm', 'ready'), ('arm', 'rest')]   [--no-hands: hand steps stripped]   [--no-pole: pole/sync-lift steps stripped]
    mode: as-found  (select with --mode SIM|REAL)
    pole pre-positioning SKIPPED (--no-pole)
    BOTH ARMS WILL MOVE (poles stay put)
====================================================================
current c api version:  emu-1.1.6
  [INFO] left: run mode = REAL
  [INFO] right: run mode = REAL
  starting in 3 ...
  starting in 2 ...
  starting in 1 ...
  [PASS] poles pre-positioned to full length  (SKIPPED — poles disabled (--no-pole))

  step results:
  ────────────────────────────────────────────────────────────
  ('arm', 'ready')         skew   0.97 ms   L   0.01 s   R   0.19 s   |d|  0.19 s   ok=True
  ('arm', 'zero')          skew   1.12 ms   L   0.30 s   R   0.30 s   |d|  0.00 s   ok=True
  ('arm', 'ready')         skew   0.90 ms   L   0.30 s   R   0.30 s   |d|  0.00 s   ok=True
  ('arm', 'rest')          skew   0.82 ms   L   0.19 s   R   0.19 s   |d|  0.00 s   ok=True
  [PASS] all dispatches accepted
  [PASS] sequence completed with barrier per step
  [PASS] dispatch skew  (max 1.12 ms)
  [PASS] arrival via event for every device
  [INFO] completion delta between arms: mean 0.05 s, max 0.19 s
  [PASS] arm-pole sync finish  (SKIPPED — poles disabled (--no-pole))

  Summary: 6 PASS, 0 FAIL, 0 SKIP

####################################################################
# C8 locked-pole drill  (fault injection)
####################################################################

-- drill A: pole locked, C8 must FAIL with the diagnosis --
====================================================================
C8  Pole-only diagnostic (lift acceptance + state dump)
    pole on arm=left @ 192.168.1.10   gearing=1to1 (hw max 330)
    ONLY THE POLE MOVES — arm and hand stay still
    mode: as-found  (select with --mode SIM|REAL)  [lift does NOT execute in SIM]
====================================================================
current c api version:  emu-1.1.6
  [INFO] left: run mode = REAL
  [PASS] connected  (handle id=16)
  [PASS] arm power  (ON)
    joint err_flag=[0, 0, 0, 0, 0, 0, 0]  brake_state=[0, 0, 0, 0, 0, 0, 0]
  [FAIL] controller/joint errors  (sys=['4103'] joints=[] — latched errors block motion; rerun with --clear-errors)
  [FAIL] lift state  (pos=290 hw-mm  current=0 mA  mode=0  err_flag=1 — LIFT DRIVER ERROR latched (stall/overcurrent?); try --clear-errors, then power cycle)
  [SKIP] rm_clear_system_err  (not requested (--clear-errors))
  starting in 3 ...
  starting in 2 ...
  starting in 1 ...
  D6 acceptance probe: command CURRENT position (290 hw-mm) — no physical motion
    hold-position: REJECTED ret=1
  [FAIL] lift acceptance probe  (the 20:38 signature — controller rejects/ignores lift commands)
  [DIAG] left: lift command REJECTED by the controller (set_state false) — state dump:
  [DIAG]   arm power: ON
  [DIAG]   controller err: 4103  <-- likely cause: clear via --clear-errors / Web GUI
  [DIAG]   joint err flags: clean   brake_state=[0, 0, 0, 0, 0, 0, 0]
  [DIAG]   lift state: pos=290 hw-mm  current=0 mA  mode=0  err_flag=1  <-- LIFT DRIVER ERROR latched (stall/overcurrent?)
  [DIAG] recovery ladder: (1) release/reset the physical e-stop, (2) clear errors (RM_ARM=left python3 test_pole_only.py --clear-errors), (3) check the Web GUI lift panel moves the pole, (4) power-cycle the arm.
  [SKIP] small stroke probe  (acceptance probe failed)
  [SKIP] home to full length  (earlier probe failed)

  Summary: 2 PASS, 3 FAIL, 3 SKIP

-- drill B: C8 --clear-errors must recover and pass --
====================================================================
C8  Pole-only diagnostic (lift acceptance + state dump)
    pole on arm=left @ 192.168.1.10   gearing=1to1 (hw max 330)
    ONLY THE POLE MOVES — arm and hand stay still
    --clear-errors: rm_clear_system_err will run before D6
    mode: as-found  (select with --mode SIM|REAL)  [lift does NOT execute in SIM]
====================================================================
current c api version:  emu-1.1.6
  [INFO] left: run mode = REAL
  [PASS] connected  (handle id=17)
  [PASS] arm power  (ON)
    joint err_flag=[0, 0, 0, 0, 0, 0, 0]  brake_state=[0, 0, 0, 0, 0, 0, 0]
  [PASS] controller/joint errors  (latched: sys=['4103'] joints=[] — clearing next)
  [PASS] lift state  (pos=290 hw-mm  current=0 mA  mode=0  err_flag=1 — driver error latched, clearing next)
  [PASS] rm_clear_system_err  (ret=0)
  starting in 3 ...
  starting in 2 ...
  starting in 1 ...
  D6 acceptance probe: command CURRENT position (290 hw-mm) — no physical motion
    hold-position: ret=0 arrived=True success=True (0.04 s)
  [PASS] lift acceptance probe  (controller accepts lift commands)
    stroke to 280: ret=0 arrived=True success=True (0.06 s)
    back to 290: ret=0 arrived=True success=True (0.06 s)
  [PASS] small stroke probe  (10 hw-mm there and back, events OK)
  pre-positioning pole(s) to full_length (0.29 m -> left=290 (1to1)) ...
  [INFO] left: pole at full length (0.04 s, event=True)
  [PASS] home to full length  (0.29 m -> 290 hw-mm)

  Summary: 8 PASS, 0 FAIL, 0 SKIP

  drill verdict: locked exit 1 (want nonzero), recover exit 0 (want 0) -> OK

====================================================================
Emulated suite summary
  C1 connect   exit 0  (OK)
  C8 pole diag exit 0  (OK)
  C5 sim probe exit 0  (OK)
  C7 hand only exit 0  (OK)
  C2 locked    exit 0  (OK)
  C9 single-locked exit 0  (OK)
  C3 chained   exit 0  (OK)
  C4 free      exit 0  (OK)
  C6 single-arm exit 0  (OK)
  C2 arm-only drill exit 0  (OK)
  C8 locked drill exit 0  (OK)
====================================================================

========================================================================
  Script : run_emulated_suite.py
  Log    : run_emulated_suite.log
  Started: 2026-08-07 09:52:30
========================================================================
====================================================================
EMULATED dual-arm concept suite  (time scale x10)
Arms are emulated in-process — nothing physical moves.
====================================================================

####################################################################
# C1 connect  (test_dual_connect)
####################################################################
====================================================================
C1  Dual-arm connectivity pre-check  (no motion is commanded)
    left=192.168.1.10  right=192.168.1.103
====================================================================
current c api version:  emu-1.1.6
  [PASS] left: robot info  (RM_75 7-DOF, controller gen 3)
  [PASS] left: arm state clean  (err codes ['0'])
  [PASS] left: lift state  (pos=100 of 330 (1to1))
  [INFO] left: run mode = REAL
  [PASS] right: robot info  (RM_75 7-DOF, controller gen 3)
  [PASS] right: arm state clean  (err codes ['0'])
  [PASS] right: lift state  (pos=100 of 200 (2to3))
  [INFO] right: run mode = REAL
  [PASS] handles distinct  (left id=1 right id=2)
  [PASS] event callback registered  (process-global, demuxed by handle_id)
  [PASS] pre-check complete  (no motion was commanded)

  Summary: 9 PASS, 0 FAIL, 0 SKIP

####################################################################
# C8 pole diag  (test_pole_only)
####################################################################
====================================================================
C8  Pole-only diagnostic (lift acceptance + state dump)
    pole on arm=left @ 192.168.1.10   gearing=1to1 (hw max 330)
    ONLY THE POLE MOVES — arm and hand stay still
    mode: as-found  (select with --mode SIM|REAL)  [lift does NOT execute in SIM]
====================================================================
current c api version:  emu-1.1.6
  [INFO] left: run mode = REAL
  [PASS] connected  (handle id=3)
  [PASS] arm power  (ON)
    joint err_flag=[0, 0, 0, 0, 0, 0, 0]  brake_state=[0, 0, 0, 0, 0, 0, 0]
  [PASS] controller/joint errors  (clean)
  [PASS] lift state  (pos=100 hw-mm  current=0 mA  mode=0  err_flag=0)
  [SKIP] rm_clear_system_err  (not requested (--clear-errors))
  starting in 3 ...
  starting in 2 ...
  starting in 1 ...
  D6 acceptance probe: command CURRENT position (100 hw-mm) — no physical motion
    hold-position: ret=0 arrived=True success=True (0.04 s)
  [PASS] lift acceptance probe  (controller accepts lift commands)
    stroke to 90: ret=0 arrived=True success=True (0.06 s)
    back to 100: ret=0 arrived=True success=True (0.06 s)
  [PASS] small stroke probe  (10 hw-mm there and back, events OK)
  pre-positioning pole(s) to full_length (0.29 m -> left=290 (1to1)) ...
  [INFO] left: pole at full length (0.38 s, event=True)
  [PASS] home to full length  (0.29 m -> 290 hw-mm)

  Summary: 7 PASS, 0 FAIL, 1 SKIP

####################################################################
# C5 sim probe  (test_sim_motion_visibility)
####################################################################
====================================================================
C5  Simulation-mode motion visibility probe (no physical motion)
    arm=192.168.1.10  UDP -> 192.168.1.239:8095  probe: J7 +5.0 deg at v=10%
====================================================================
current c api version:  emu-1.1.6
  [INFO] original run mode: REAL
  [PASS] simulation mode engaged and verified
  [INFO] rm_set_realtime_push ret=0
  [PASS] UDP push delivering frames  (83 within 2 s)
  [PASS] probe movej accepted in simulation mode

  ────────────────────────────────────────────────────────────
  VERDICT — simulated motion accessibility (561 UDP frames):
    UDP realtime push sweeps:   YES
    Arrival event fires:        YES (trajectory_state=True)
    TCP polling sweeps:         YES  (1 polls)
  ────────────────────────────────────────────────────────────
  => Simulated motion IS programmatically accessible: the
     sim-rehearsal record-and-verify pipeline is viable.
  [PASS] probe completed with a definitive verdict
  [PASS] probe joint returned to start
  [INFO] run mode restored: REAL (ret=0)

  Summary: 5 PASS, 0 FAIL, 0 SKIP

####################################################################
# C7 hand only  (test_hand_only)
####################################################################
====================================================================
C7  Hand-alone test (protocol probe, then modbus RTU)
    hand on arm=left @ 192.168.1.10   modbus device=1 baud=115200
    ONLY THE HAND MOVES — no arm, no pole motion
    on exit: restore protocol mode (rm_close_modbus_mode)
====================================================================
current c api version:  emu-1.1.6
  [INFO] arm run mode: REAL (hand is a physical peripheral; REAL recommended)
  [PASS] connected  (handle id=5)

  Phase P — protocol path probe (rm_set_hand_angle, blocking 5 s)
  [PASS] protocol path  (WORKS — end port is free; C2/C6 hand steps can use arrival events)

  Phase M — modbus RTU (ANGLE_SET writes, ANGLE_ACT feedback)
  [PASS] modbus session opened  (port 1 @ 115200)
  [PASS] ANGLE_ACT readable  (measured [993, 993, 993, 993, 981, 992])
  [PASS] SPEED_SET written  (500 x6)
    release    reached in  0.3 s  ACT=[993, 993, 993, 993, 981, 992]  (max err 0)
    grasp      reached in  0.3 s  ACT=[33, 33, 33, 33, 133, 944]  (max err 0)
    half_grasp reached in  0.3 s  ACT=[516, 516, 516, 516, 133, 944]  (max err 0)
    release    reached in  0.3 s  ACT=[993, 993, 993, 993, 981, 992]  (max err 0)
  [PASS] modbus command + measured feedback  (release -> grasp -> half_grasp -> release verified via ANGLE_ACT)
  [PASS] FORCE_ACT readable  ([0, 0, 0, 0, 0, 0] g (signed))

  VERDICT: protocol path WORKS; modbus RTU path WORKS with real feedback.
  [INFO] end port restored to protocol mode (rm_close_modbus_mode ret=0)
  [PASS] end-port state restored

  Summary: 8 PASS, 0 FAIL, 0 SKIP

####################################################################
# C2 locked  (test_dual_locked)
####################################################################
====================================================================
C2  Parallel locked dual-arm execution
    left=192.168.1.10  right=192.168.1.103  arm v=20%  lift v=50%
    sequence: [('arm', 'ready'), ('hand', 'release'), ('sync', ('zero', 'half')), ('hand', 'grasp'), ('sync', ('ready', 'full')), ('hand', 'half_grasp'), ('arm', 'rest')]
    mode: as-found  (select with --mode SIM|REAL)
    poles pre-positioned to full length (0.29 m) before the sequence
    BOTH ARMS AND BOTH POLES WILL MOVE
====================================================================
current c api version:  emu-1.1.6
  [INFO] left: run mode = REAL
  [INFO] right: run mode = REAL
  starting in 3 ...
  starting in 2 ...
  starting in 1 ...
  pre-positioning pole(s) to full_length (0.29 m -> left=290 (1to1), right=193 (2to3)) ...
  [INFO] left: pole at full length (0.04 s, event=True)
  [INFO] right: pole at full length (0.29 s, event=True)
  [PASS] poles pre-positioned to full length

  step results:
  ────────────────────────────────────────────────────────────
  ('arm', 'ready')         skew   0.88 ms   L   0.30 s   R   0.30 s   |d|  0.00 s   ok=True
  ('hand', 'release')      skew   0.28 ms   L   0.10 s   R   0.10 s   |d|  0.00 s   ok=True
  ('sync', ('zero', 'half')) skew   2.89 ms   L   0.38 s   R   0.38 s   |d|  0.00 s   ok=True
  ('hand', 'grasp')        skew   0.40 ms   L   0.10 s   R   0.10 s   |d|  0.00 s   ok=True
  ('sync', ('ready', 'full')) skew   2.78 ms   L   0.38 s   R   0.37 s   |d|  0.00 s   ok=True
  ('hand', 'half_grasp')   skew   0.18 ms   L   0.10 s   R   0.10 s   |d|  0.00 s   ok=True
  ('arm', 'rest')          skew   1.03 ms   L   0.19 s   R   0.19 s   |d|  0.00 s   ok=True
  [PASS] all dispatches accepted
  [PASS] sequence completed with barrier per step
  [PASS] dispatch skew  (max 2.89 ms)
  [PASS] arrival via event for every device
  [INFO] completion delta between arms: mean 0.00 s, max 0.00 s
  [INFO] sync left  ('zero', 'half')     arm-dur-est 3.00 s, matched lift 28%, start skew    0.9 ms, finish skew   +83.5 ms
  [INFO] sync right ('zero', 'half')     arm-dur-est 3.00 s, matched lift 28%, start skew    0.9 ms, finish skew   +82.5 ms
  [INFO] sync left  ('ready', 'full')    arm-dur-est 3.00 s, matched lift 29%, start skew    0.8 ms, finish skew   +74.7 ms
  [INFO] sync right ('ready', 'full')    arm-dur-est 3.00 s, matched lift 29%, start skew    0.8 ms, finish skew   +73.6 ms
  [PASS] arm-pole sync finish  (worst pole lateness +84 ms)

  Summary: 6 PASS, 0 FAIL, 0 SKIP

####################################################################
# C9 single-locked  (test_single_arm_locked)
####################################################################
====================================================================
C9  Single-arm LOCKED sequence (the C2 recipe on one arm)
    arm=left @ 192.168.1.10   arm v=20%   lift v=50% (duration-matched on sync)
    sequence: [('arm', 'ready'), ('hand', 'release'), ('sync', ('zero', 'half')), ('hand', 'grasp'), ('sync', ('ready', 'full')), ('hand', 'half_grasp'), ('arm', 'rest')]
    mode: as-found  (select with --mode SIM|REAL)
    pole pre-positioned to full length (0.29 m) first
    THE LEFT ARM, ITS POLE AND ITS HAND WILL MOVE
    A frozen sync step waits up to 40 s for the arm event, then position-verifies, halts, and FAILS — let it finish.
====================================================================
current c api version:  emu-1.1.6
  [INFO] left: run mode = REAL
  starting in 3 ...
  starting in 2 ...
  starting in 1 ...
  pre-positioning pole(s) to full_length (0.29 m -> left=290 (1to1)) ...
  [INFO] left: pole at full length (0.04 s, event=True)
  [PASS] pole pre-positioned to full length

  step results (live):
  ────────────────────────────────────────────────────────────
  ('arm', 'ready')           ok=True  arm  0.19 s
  ('hand', 'release')        ok=True  hand  0.10 s
  ('sync', ('zero', 'half')) ok=True  arm  0.30 s   lift  0.38 s   start-skew   0.9 ms   finish-skew    +84 ms
  ('hand', 'grasp')          ok=True  hand  0.10 s
  ('sync', ('ready', 'full')) ok=True  arm  0.30 s   lift  0.37 s   start-skew   0.8 ms   finish-skew    +75 ms
  ('hand', 'half_grasp')     ok=True  hand  0.10 s
  ('arm', 'rest')            ok=True  arm  0.19 s
  [PASS] all dispatches accepted
  [PASS] sequence completed
  [PASS] arrival via event for every device
  [INFO] sync ('zero', 'half')     arm-dur-est 3.00 s, matched lift 28%, start skew    0.9 ms
  [INFO] sync ('ready', 'full')    arm-dur-est 3.00 s, matched lift 29%, start skew    0.8 ms
  [PASS] sync dispatch back-to-back  (max movej->lift gap 0.9 ms)
  [PASS] arm-pole sync finish  (worst pole lateness +84 ms)

  Summary: 6 PASS, 0 FAIL, 0 SKIP

####################################################################
# C3 chained  (test_dual_chained)
####################################################################
====================================================================
C3  Chained dual-arm execution (left leads, right follows)
    left=192.168.1.10  right=192.168.1.103  arm v=20%  lift v=50%
    sequence: [('arm', 'ready'), ('hand', 'release'), ('sync', ('zero', 'half')), ('hand', 'grasp'), ('sync', ('ready', 'full')), ('hand', 'half_grasp'), ('arm', 'rest')]
    mode: as-found  (select with --mode SIM|REAL)
    poles pre-positioned to full length (0.29 m) before the sequence
    BOTH ARMS AND BOTH POLES WILL MOVE
====================================================================
current c api version:  emu-1.1.6
  [INFO] left: run mode = REAL
  [INFO] right: run mode = REAL
  starting in 3 ...
  starting in 2 ...
  starting in 1 ...
  pre-positioning pole(s) to full_length (0.29 m -> left=290 (1to1), right=193 (2to3)) ...
  [INFO] left: pole at full length (0.04 s, event=True)
  [INFO] right: pole at full length (0.04 s, event=True)
  [PASS] poles pre-positioned to full length

  chain results:
  ────────────────────────────────────────────────────────────
  step 0 ('arm', 'ready')       follower start after leader done, gate latency     0.1 ms, ok=True
  step 1 ('hand', 'release')    follower start after leader done, gate latency    91.7 ms, ok=True
  step 2 ('sync', ('zero', 'half')) follower start after leader done, gate latency     1.5 ms, ok=True
  step 3 ('hand', 'grasp')      follower start after leader done, gate latency   283.6 ms, ok=True
  step 4 ('sync', ('ready', 'full')) follower start after leader done, gate latency     8.6 ms, ok=True
  step 5 ('hand', 'half_grasp') follower start after leader done, gate latency   282.4 ms, ok=True
  step 6 ('arm', 'rest')        follower start after leader done, gate latency   190.9 ms, ok=True
  [PASS] all dispatches accepted
  [PASS] both chains completed
  [PASS] ordering invariant  (follower step k always after leader step k done)
  [PASS] follower gate latency  (max 283.6 ms)

  Summary: 5 PASS, 0 FAIL, 0 SKIP

####################################################################
# C4 free  (test_dual_free)
####################################################################
====================================================================
C4  Free-running dual-arm execution (no cross-arm gates)
    left=192.168.1.10  right=192.168.1.103  arm v=20%  lift v=50%
    sequence: [('arm', 'ready'), ('hand', 'release'), ('sync', ('zero', 'half')), ('hand', 'grasp'), ('sync', ('ready', 'full')), ('hand', 'half_grasp'), ('arm', 'rest')]
    mode: as-found  (select with --mode SIM|REAL)
    poles pre-positioned to full length (0.29 m) before the sequence
    BOTH ARMS AND BOTH POLES WILL MOVE
====================================================================
current c api version:  emu-1.1.6
  [INFO] left: run mode = REAL
  [INFO] right: run mode = REAL
  starting in 3 ...
  starting in 2 ...
  starting in 1 ...
  pre-positioning pole(s) to full_length (0.29 m -> left=290 (1to1), right=193 (2to3)) ...
  [INFO] left: pole at full length (0.04 s, event=True)
  [INFO] right: pole at full length (0.04 s, event=True)
  [PASS] poles pre-positioned to full length

  per-arm timelines:
  ────────────────────────────────────────────────────────────
  left : 7/7 steps in 1.46 s
  right: 7/7 steps in 1.45 s
  [PASS] all dispatches accepted
  [PASS] both arms completed independently
  [PASS] concurrent free run  (window overlap 100% of shorter run)

  Summary: 4 PASS, 0 FAIL, 0 SKIP

####################################################################
# C6 single-arm  (test_single_arm_planned)
####################################################################
====================================================================
C6  Single-arm planned moves + CONCURRENT hand motion
    arm=left @ 192.168.1.10   movej v=20%   X offset +20 cm (world frame)
    hand states: release / grasp / half_grasp (acked_angle: non-blocking + duration dwell, butterfli_hw semantics)
    mode: as-found  (select with --mode SIM|REAL)
    pole pre-positioned to full length (0.29 m) first
    THE LEFT ARM, ITS POLE AND ITS HAND WILL MOVE
====================================================================
current c api version:  emu-1.1.6
  [INFO] left: run mode = REAL
  starting in 3 ...
  starting in 2 ...
  starting in 1 ...
  pre-positioning pole(s) to full_length (0.29 m -> left=290 (1to1)) ...
  [INFO] left: pole at full length (0.04 s, event=True)
  [PASS] pole pre-positioned to full length
  movej ready + release      ok=True  arm  0.19 s   hand  0.10 s   hand-arm finish -0.09 s  (hand done DURING arm motion)
  [PASS] movej to ready + hand release
  movej rest + grasp         ok=True  arm  0.19 s   hand  0.10 s   hand-arm finish -0.09 s  (hand done DURING arm motion)
  [PASS] movej to rest_pose + hand grasp
  pose at rest: x=-0.058 y=+0.101 z=+0.488  ->  target x=+0.142
  movej_p +X + half_grasp: arm 0.15 s, hand finish skew -0.05 s  (hand done DURING arm motion)
  displacement: dx=+0.200 dy=+0.000 dz=+0.000 m
  [PASS] movej_p +X + half_grasp verified  (dx=+0.200 m (target +0.20))
  movej ready + release      ok=True  arm  0.21 s   hand  0.10 s   hand-arm finish -0.11 s  (hand done DURING arm motion)
  [PASS] movej back to ready + hand release
  [PASS] planned-move pipeline exercised  (movej x3 + movej_p x1 + hand x4 concurrent, no passthrough)
  [PASS] hand moved concurrently with arm  (4/4 phases finished during arm motion; finish skews -0.09s, -0.09s, -0.05s, -0.11s)

  Summary: 7 PASS, 0 FAIL, 0 SKIP

####################################################################
# C2 arm-only drill  (--no-hands --no-pole)
####################################################################
====================================================================
C2  Parallel locked dual-arm execution
    left=192.168.1.10  right=192.168.1.103  arm v=20%  lift v=50%
    sequence: [('arm', 'ready'), ('arm', 'zero'), ('arm', 'ready'), ('arm', 'rest')]   [--no-hands: hand steps stripped]   [--no-pole: pole/sync-lift steps stripped]
    mode: as-found  (select with --mode SIM|REAL)
    pole pre-positioning SKIPPED (--no-pole)
    BOTH ARMS WILL MOVE (poles stay put)
====================================================================
current c api version:  emu-1.1.6
  [INFO] left: run mode = REAL
  [INFO] right: run mode = REAL
  starting in 3 ...
  starting in 2 ...
  starting in 1 ...
  [PASS] poles pre-positioned to full length  (SKIPPED — poles disabled (--no-pole))

  step results:
  ────────────────────────────────────────────────────────────
  ('arm', 'ready')         skew   0.98 ms   L   0.01 s   R   0.19 s   |d|  0.19 s   ok=True
  ('arm', 'zero')          skew   1.25 ms   L   0.30 s   R   0.30 s   |d|  0.00 s   ok=True
  ('arm', 'ready')         skew   0.81 ms   L   0.30 s   R   0.30 s   |d|  0.00 s   ok=True
  ('arm', 'rest')          skew   0.95 ms   L   0.19 s   R   0.19 s   |d|  0.00 s   ok=True
  [PASS] all dispatches accepted
  [PASS] sequence completed with barrier per step
  [PASS] dispatch skew  (max 1.25 ms)
  [PASS] arrival via event for every device
  [INFO] completion delta between arms: mean 0.05 s, max 0.19 s
  [PASS] arm-pole sync finish  (SKIPPED — poles disabled (--no-pole))

  Summary: 6 PASS, 0 FAIL, 0 SKIP

####################################################################
# C8 locked-pole drill  (fault injection)
####################################################################

-- drill A: pole locked, C8 must FAIL with the diagnosis --
====================================================================
C8  Pole-only diagnostic (lift acceptance + state dump)
    pole on arm=left @ 192.168.1.10   gearing=1to1 (hw max 330)
    ONLY THE POLE MOVES — arm and hand stay still
    mode: as-found  (select with --mode SIM|REAL)  [lift does NOT execute in SIM]
====================================================================
current c api version:  emu-1.1.6
  [INFO] left: run mode = REAL
  [PASS] connected  (handle id=16)
  [PASS] arm power  (ON)
    joint err_flag=[0, 0, 0, 0, 0, 0, 0]  brake_state=[0, 0, 0, 0, 0, 0, 0]
  [FAIL] controller/joint errors  (sys=['4103'] joints=[] — latched errors block motion; rerun with --clear-errors)
  [FAIL] lift state  (pos=290 hw-mm  current=0 mA  mode=0  err_flag=1 — LIFT DRIVER ERROR latched (stall/overcurrent?); try --clear-errors, then power cycle)
  [SKIP] rm_clear_system_err  (not requested (--clear-errors))
  starting in 3 ...
  starting in 2 ...
  starting in 1 ...
  D6 acceptance probe: command CURRENT position (290 hw-mm) — no physical motion
    hold-position: REJECTED ret=1
  [FAIL] lift acceptance probe  (the 20:38 signature — controller rejects/ignores lift commands)
  [DIAG] left: lift command REJECTED by the controller (set_state false) — state dump:
  [DIAG]   arm power: ON
  [DIAG]   controller err: 4103  <-- likely cause: clear via --clear-errors / Web GUI
  [DIAG]   joint err flags: clean   brake_state=[0, 0, 0, 0, 0, 0, 0]
  [DIAG]   lift state: pos=290 hw-mm  current=0 mA  mode=0  err_flag=1  <-- LIFT DRIVER ERROR latched (stall/overcurrent?)
  [DIAG] recovery ladder: (1) release/reset the physical e-stop, (2) clear errors (RM_ARM=left python3 test_pole_only.py --clear-errors), (3) check the Web GUI lift panel moves the pole, (4) power-cycle the arm.
  [SKIP] small stroke probe  (acceptance probe failed)
  [SKIP] home to full length  (earlier probe failed)

  Summary: 2 PASS, 3 FAIL, 3 SKIP

-- drill B: C8 --clear-errors must recover and pass --
====================================================================
C8  Pole-only diagnostic (lift acceptance + state dump)
    pole on arm=left @ 192.168.1.10   gearing=1to1 (hw max 330)
    ONLY THE POLE MOVES — arm and hand stay still
    --clear-errors: rm_clear_system_err will run before D6
    mode: as-found  (select with --mode SIM|REAL)  [lift does NOT execute in SIM]
====================================================================
current c api version:  emu-1.1.6
  [INFO] left: run mode = REAL
  [PASS] connected  (handle id=17)
  [PASS] arm power  (ON)
    joint err_flag=[0, 0, 0, 0, 0, 0, 0]  brake_state=[0, 0, 0, 0, 0, 0, 0]
  [PASS] controller/joint errors  (latched: sys=['4103'] joints=[] — clearing next)
  [PASS] lift state  (pos=290 hw-mm  current=0 mA  mode=0  err_flag=1 — driver error latched, clearing next)
  [PASS] rm_clear_system_err  (ret=0)
  starting in 3 ...
  starting in 2 ...
  starting in 1 ...
  D6 acceptance probe: command CURRENT position (290 hw-mm) — no physical motion
    hold-position: ret=0 arrived=True success=True (0.04 s)
  [PASS] lift acceptance probe  (controller accepts lift commands)
    stroke to 280: ret=0 arrived=True success=True (0.06 s)
    back to 290: ret=0 arrived=True success=True (0.06 s)
  [PASS] small stroke probe  (10 hw-mm there and back, events OK)
  pre-positioning pole(s) to full_length (0.29 m -> left=290 (1to1)) ...
  [INFO] left: pole at full length (0.04 s, event=True)
  [PASS] home to full length  (0.29 m -> 290 hw-mm)

  Summary: 8 PASS, 0 FAIL, 0 SKIP

  drill verdict: locked exit 1 (want nonzero), recover exit 0 (want 0) -> OK

====================================================================
Emulated suite summary
  C1 connect   exit 0  (OK)
  C8 pole diag exit 0  (OK)
  C5 sim probe exit 0  (OK)
  C7 hand only exit 0  (OK)
  C2 locked    exit 0  (OK)
  C9 single-locked exit 0  (OK)
  C3 chained   exit 0  (OK)
  C4 free      exit 0  (OK)
  C6 single-arm exit 0  (OK)
  C2 arm-only drill exit 0  (OK)
  C8 locked drill exit 0  (OK)
====================================================================

========================================================================
  Script : run_emulated_suite.py
  Log    : run_emulated_suite.log
  Started: 2026-08-07 10:21:02
========================================================================
====================================================================
EMULATED dual-arm concept suite  (time scale x10)
Arms are emulated in-process — nothing physical moves.
====================================================================

####################################################################
# C1 connect  (test_dual_connect)
####################################################################
====================================================================
C1  Dual-arm connectivity pre-check  (no motion is commanded)
    left=192.168.1.10  right=192.168.1.103
====================================================================
current c api version:  emu-1.1.6
  [PASS] left: robot info  (RM_75 7-DOF, controller gen 3)
  [PASS] left: arm state clean  (err codes ['0'])
  [PASS] left: lift state  (pos=100 of 330 (1to1))
  [INFO] left: run mode = REAL
  [PASS] right: robot info  (RM_75 7-DOF, controller gen 3)
  [PASS] right: arm state clean  (err codes ['0'])
  [PASS] right: lift state  (pos=100 of 200 (2to3))
  [INFO] right: run mode = REAL
  [PASS] handles distinct  (left id=1 right id=2)
  [PASS] event callback registered  (process-global, demuxed by handle_id)
  [PASS] pre-check complete  (no motion was commanded)

  Summary: 9 PASS, 0 FAIL, 0 SKIP

####################################################################
# C8 pole diag  (test_pole_only)
####################################################################
====================================================================
C8  Pole-only diagnostic (lift acceptance + state dump)
    pole on arm=left @ 192.168.1.10   gearing=1to1 (hw max 330)
    ONLY THE POLE MOVES — arm and hand stay still
    mode: as-found  (select with --mode SIM|REAL)  [lift does NOT execute in SIM]
====================================================================
current c api version:  emu-1.1.6
  [INFO] left: run mode = REAL
  [PASS] connected  (handle id=3)
  [PASS] arm power  (ON)
    joint err_flag=[0, 0, 0, 0, 0, 0, 0]  brake_state=[0, 0, 0, 0, 0, 0, 0]
  [PASS] controller/joint errors  (clean)
  [PASS] lift state  (pos=100 hw-mm  current=0 mA  mode=0  err_flag=0)
  [SKIP] rm_clear_system_err  (not requested (--clear-errors))
  starting in 3 ...
  starting in 2 ...
  starting in 1 ...
  D6 acceptance probe: command CURRENT position (100 hw-mm) — no physical motion
    hold-position: ret=0 arrived=True success=True (0.04 s)
  [PASS] lift acceptance probe  (controller accepts lift commands)
    stroke to 90: ret=0 arrived=True success=True (0.06 s)
    back to 100: ret=0 arrived=True success=True (0.06 s)
  [PASS] small stroke probe  (10 hw-mm there and back, events OK)
  pre-positioning pole(s) to full_length (0.29 m -> left=290 (1to1)) ...
  [INFO] left: pole at full length (0.38 s, event=True)
  [PASS] home to full length  (0.29 m -> 290 hw-mm)

  Summary: 7 PASS, 0 FAIL, 1 SKIP

####################################################################
# C5 sim probe  (test_sim_motion_visibility)
####################################################################
====================================================================
C5  Simulation-mode motion visibility probe (no physical motion)
    arm=192.168.1.10  UDP -> 192.168.1.239:8095  probe: J7 +5.0 deg at v=10%
====================================================================
current c api version:  emu-1.1.6
  [INFO] original run mode: REAL
  [PASS] simulation mode engaged and verified
  [INFO] rm_set_realtime_push ret=0
  [PASS] UDP push delivering frames  (84 within 2 s)
  [PASS] probe movej accepted in simulation mode

  ────────────────────────────────────────────────────────────
  VERDICT — simulated motion accessibility (559 UDP frames):
    UDP realtime push sweeps:   YES
    Arrival event fires:        YES (trajectory_state=True)
    TCP polling sweeps:         YES  (1 polls)
  ────────────────────────────────────────────────────────────
  => Simulated motion IS programmatically accessible: the
     sim-rehearsal record-and-verify pipeline is viable.
  [PASS] probe completed with a definitive verdict
  [PASS] probe joint returned to start
  [INFO] run mode restored: REAL (ret=0)

  Summary: 5 PASS, 0 FAIL, 0 SKIP

####################################################################
# C7 hand only  (test_hand_only)
####################################################################
====================================================================
C7  Hand-alone test (protocol probe, then modbus RTU)
    hand on arm=left @ 192.168.1.10   modbus device=1 baud=115200
    ONLY THE HAND MOVES — no arm, no pole motion
    on exit: restore protocol mode (rm_close_modbus_mode)
====================================================================
current c api version:  emu-1.1.6
  [INFO] arm run mode: REAL (hand is a physical peripheral; REAL recommended)
  [PASS] connected  (handle id=5)

  Phase P — protocol path probe (rm_set_hand_angle, blocking 5 s)
  [PASS] protocol path  (WORKS — end port is free; C2/C6 hand steps can use arrival events)

  Phase M — modbus RTU (ANGLE_SET writes, ANGLE_ACT feedback)
  [PASS] modbus session opened  (port 1 @ 115200)
  [PASS] ANGLE_ACT readable  (measured [993, 993, 993, 993, 981, 992])
  [PASS] SPEED_SET written  (500 x6)
    release    reached in  0.3 s  ACT=[993, 993, 993, 993, 981, 992]  (max err 0)
    grasp      reached in  0.3 s  ACT=[33, 33, 33, 33, 133, 944]  (max err 0)
    half_grasp reached in  0.3 s  ACT=[516, 516, 516, 516, 133, 944]  (max err 0)
    release    reached in  0.3 s  ACT=[993, 993, 993, 993, 981, 992]  (max err 0)
  [PASS] modbus command + measured feedback  (release -> grasp -> half_grasp -> release verified via ANGLE_ACT)
  [PASS] FORCE_ACT readable  ([0, 0, 0, 0, 0, 0] g (signed))

  VERDICT: protocol path WORKS; modbus RTU path WORKS with real feedback.
  [INFO] end port restored to protocol mode (rm_close_modbus_mode ret=0)
  [PASS] end-port state restored

  Summary: 8 PASS, 0 FAIL, 0 SKIP

####################################################################
# C2 locked  (test_dual_locked)
####################################################################
====================================================================
C2  Parallel locked dual-arm execution
    left=192.168.1.10  right=192.168.1.103  arm v=20%  lift v=50%
    sequence: [('arm', 'ready'), ('hand', 'release'), ('sync', ('zero', 'half')), ('hand', 'grasp'), ('sync', ('ready', 'full')), ('hand', 'half_grasp'), ('arm', 'rest')]
    mode: as-found  (select with --mode SIM|REAL)
    poles pre-positioned to full length (0.29 m) before the sequence
    BOTH ARMS AND BOTH POLES WILL MOVE
====================================================================
current c api version:  emu-1.1.6
  [INFO] left: run mode = REAL
  [INFO] right: run mode = REAL
  starting in 3 ...
  starting in 2 ...
  starting in 1 ...
  pre-positioning pole(s) to full_length (0.29 m -> left=290 (1to1), right=193 (2to3)) ...
  [INFO] left: pole at full length (0.04 s, event=True)
  [INFO] right: pole at full length (0.29 s, event=True)
  [PASS] poles pre-positioned to full length

  step results:
  ────────────────────────────────────────────────────────────
  ('arm', 'ready')         skew   0.96 ms   L   0.30 s   R   0.30 s   |d|  0.00 s   ok=True
  ('hand', 'release')      skew   0.41 ms   L   0.10 s   R   0.10 s   |d|  0.00 s   ok=True
  ('sync', ('zero', 'half')) skew   2.87 ms   L   0.38 s   R   0.38 s   |d|  0.00 s   ok=True
  ('hand', 'grasp')        skew   0.39 ms   L   0.10 s   R   0.10 s   |d|  0.00 s   ok=True
  ('sync', ('ready', 'full')) skew   3.23 ms   L   0.38 s   R   0.37 s   |d|  0.00 s   ok=True
  ('hand', 'half_grasp')   skew   0.32 ms   L   0.10 s   R   0.10 s   |d|  0.00 s   ok=True
  ('arm', 'rest')          skew   0.73 ms   L   0.19 s   R   0.19 s   |d|  0.00 s   ok=True
  [PASS] all dispatches accepted
  [PASS] sequence completed with barrier per step
  [PASS] dispatch skew  (max 3.23 ms)
  [PASS] arrival via event for every device
  [INFO] completion delta between arms: mean 0.00 s, max 0.00 s
  [INFO] sync left  ('zero', 'half')     arm-dur-est 3.00 s, matched lift 28%, start skew   -0.9 ms, finish skew   +82.0 ms
  [INFO] sync right ('zero', 'half')     arm-dur-est 3.00 s, matched lift 28%, start skew   -0.8 ms, finish skew   +80.9 ms
  [INFO] sync left  ('ready', 'full')    arm-dur-est 3.00 s, matched lift 29%, start skew   -1.0 ms, finish skew   +73.0 ms
  [INFO] sync right ('ready', 'full')    arm-dur-est 3.00 s, matched lift 29%, start skew   -1.0 ms, finish skew   +72.1 ms
  [PASS] arm-pole sync finish  (worst pole lateness +82 ms)

  Summary: 6 PASS, 0 FAIL, 0 SKIP

####################################################################
# C9 single-locked  (test_single_arm_locked)
####################################################################
====================================================================
C9  Single-arm LOCKED sequence (the C2 recipe on one arm)
    arm=left @ 192.168.1.10   arm v=20%   lift v=50% (duration-matched on sync)
    sequence: [('arm', 'ready'), ('hand', 'release'), ('sync', ('zero', 'half')), ('hand', 'grasp'), ('sync', ('ready', 'full')), ('hand', 'half_grasp'), ('arm', 'rest')]
    mode: as-found  (select with --mode SIM|REAL)
    pole pre-positioned to full length (0.29 m) first
    THE LEFT ARM, ITS POLE AND ITS HAND WILL MOVE
    A frozen sync step waits up to 40 s for the arm event, then position-verifies, halts, and FAILS — let it finish.
====================================================================
current c api version:  emu-1.1.6
  [INFO] left: run mode = REAL
  starting in 3 ...
  starting in 2 ...
  starting in 1 ...
  pre-positioning pole(s) to full_length (0.29 m -> left=290 (1to1)) ...
  [INFO] left: pole at full length (0.04 s, event=True)
  [PASS] pole pre-positioned to full length

  step results (live):
  ────────────────────────────────────────────────────────────
  ('arm', 'ready')           ok=True  arm  0.19 s
  ('hand', 'release')        ok=True  hand  0.10 s
  ('sync', ('zero', 'half')) ok=True  lift  0.38 s   arm  0.30 s   start-skew  -0.8 ms   finish-skew    +82 ms
  ('hand', 'grasp')          ok=True  hand  0.10 s
  ('sync', ('ready', 'full')) ok=True  lift  0.38 s   arm  0.30 s   start-skew  -1.0 ms   finish-skew    +73 ms
  ('hand', 'half_grasp')     ok=True  hand  0.10 s
  ('arm', 'rest')            ok=True  arm  0.19 s
  [PASS] all dispatches accepted
  [PASS] sequence completed
  [PASS] arrival via event for every device
  [INFO] sync ('zero', 'half')     arm-dur-est 3.00 s, matched lift 28%, start skew   -0.8 ms
  [INFO] sync ('ready', 'full')    arm-dur-est 3.00 s, matched lift 29%, start skew   -1.0 ms
  [PASS] sync dispatch back-to-back  (max movej->lift gap -0.8 ms)
  [PASS] arm-pole sync finish  (worst pole lateness +82 ms)

  Summary: 6 PASS, 0 FAIL, 0 SKIP

####################################################################
# C3 chained  (test_dual_chained)
####################################################################
====================================================================
C3  Chained dual-arm execution (left leads, right follows)
    left=192.168.1.10  right=192.168.1.103  arm v=20%  lift v=50%
    sequence: [('arm', 'ready'), ('hand', 'release'), ('sync', ('zero', 'half')), ('hand', 'grasp'), ('sync', ('ready', 'full')), ('hand', 'half_grasp'), ('arm', 'rest')]
    mode: as-found  (select with --mode SIM|REAL)
    poles pre-positioned to full length (0.29 m) before the sequence
    BOTH ARMS AND BOTH POLES WILL MOVE
====================================================================
current c api version:  emu-1.1.6
  [INFO] left: run mode = REAL
  [INFO] right: run mode = REAL
  starting in 3 ...
  starting in 2 ...
  starting in 1 ...
  pre-positioning pole(s) to full_length (0.29 m -> left=290 (1to1), right=193 (2to3)) ...
  [INFO] left: pole at full length (0.04 s, event=True)
  [INFO] right: pole at full length (0.04 s, event=True)
  [PASS] poles pre-positioned to full length

  chain results:
  ────────────────────────────────────────────────────────────
  step 0 ('arm', 'ready')       follower start after leader done, gate latency     0.5 ms, ok=True
  step 1 ('hand', 'release')    follower start after leader done, gate latency    91.4 ms, ok=True
  step 2 ('sync', ('zero', 'half')) follower start after leader done, gate latency     1.8 ms, ok=True
  step 3 ('hand', 'grasp')      follower start after leader done, gate latency   283.1 ms, ok=True
  step 4 ('sync', ('ready', 'full')) follower start after leader done, gate latency     9.1 ms, ok=True
  step 5 ('hand', 'half_grasp') follower start after leader done, gate latency   281.7 ms, ok=True
  step 6 ('arm', 'rest')        follower start after leader done, gate latency   190.0 ms, ok=True
  [PASS] all dispatches accepted
  [PASS] both chains completed
  [PASS] ordering invariant  (follower step k always after leader step k done)
  [PASS] follower gate latency  (max 283.1 ms)

  Summary: 5 PASS, 0 FAIL, 0 SKIP

####################################################################
# C4 free  (test_dual_free)
####################################################################
====================================================================
C4  Free-running dual-arm execution (no cross-arm gates)
    left=192.168.1.10  right=192.168.1.103  arm v=20%  lift v=50%
    sequence: [('arm', 'ready'), ('hand', 'release'), ('sync', ('zero', 'half')), ('hand', 'grasp'), ('sync', ('ready', 'full')), ('hand', 'half_grasp'), ('arm', 'rest')]
    mode: as-found  (select with --mode SIM|REAL)
    poles pre-positioned to full length (0.29 m) before the sequence
    BOTH ARMS AND BOTH POLES WILL MOVE
====================================================================
current c api version:  emu-1.1.6
  [INFO] left: run mode = REAL
  [INFO] right: run mode = REAL
  starting in 3 ...
  starting in 2 ...
  starting in 1 ...
  pre-positioning pole(s) to full_length (0.29 m -> left=290 (1to1), right=193 (2to3)) ...
  [INFO] left: pole at full length (0.04 s, event=True)
  [INFO] right: pole at full length (0.04 s, event=True)
  [PASS] poles pre-positioned to full length

  per-arm timelines:
  ────────────────────────────────────────────────────────────
  left : 7/7 steps in 1.45 s
  right: 7/7 steps in 1.45 s
  [PASS] all dispatches accepted
  [PASS] both arms completed independently
  [PASS] concurrent free run  (window overlap 100% of shorter run)

  Summary: 4 PASS, 0 FAIL, 0 SKIP

####################################################################
# C6 single-arm  (test_single_arm_planned)
####################################################################
====================================================================
C6  Single-arm planned moves + CONCURRENT hand motion
    arm=left @ 192.168.1.10   movej v=20%   X offset +20 cm (world frame)
    hand states: release / grasp / half_grasp (acked_angle: non-blocking + duration dwell, butterfli_hw semantics)
    mode: as-found  (select with --mode SIM|REAL)
    pole pre-positioned to full length (0.29 m) first
    THE LEFT ARM, ITS POLE AND ITS HAND WILL MOVE
====================================================================
current c api version:  emu-1.1.6
  [INFO] left: run mode = REAL
  starting in 3 ...
  starting in 2 ...
  starting in 1 ...
  pre-positioning pole(s) to full_length (0.29 m -> left=290 (1to1)) ...
  [INFO] left: pole at full length (0.04 s, event=True)
  [PASS] pole pre-positioned to full length
  movej ready + release      ok=True  arm  0.19 s   hand  0.10 s   hand-arm finish -0.09 s  (hand done DURING arm motion)
  [PASS] movej to ready + hand release
  movej rest + grasp         ok=True  arm  0.19 s   hand  0.10 s   hand-arm finish -0.09 s  (hand done DURING arm motion)
  [PASS] movej to rest_pose + hand grasp
  pose at rest: x=-0.058 y=+0.101 z=+0.488  ->  target x=+0.142
  movej_p +X + half_grasp: arm 0.15 s, hand finish skew -0.05 s  (hand done DURING arm motion)
  displacement: dx=+0.200 dy=+0.000 dz=+0.000 m
  [PASS] movej_p +X + half_grasp verified  (dx=+0.200 m (target +0.20))
  movej ready + release      ok=True  arm  0.21 s   hand  0.10 s   hand-arm finish -0.11 s  (hand done DURING arm motion)
  [PASS] movej back to ready + hand release
  [PASS] planned-move pipeline exercised  (movej x3 + movej_p x1 + hand x4 concurrent, no passthrough)
  [PASS] hand moved concurrently with arm  (4/4 phases finished during arm motion; finish skews -0.09s, -0.09s, -0.05s, -0.11s)

  Summary: 7 PASS, 0 FAIL, 0 SKIP

####################################################################
# C2 arm-only drill  (--no-hands --no-pole)
####################################################################
====================================================================
C2  Parallel locked dual-arm execution
    left=192.168.1.10  right=192.168.1.103  arm v=20%  lift v=50%
    sequence: [('arm', 'ready'), ('arm', 'zero'), ('arm', 'ready'), ('arm', 'rest')]   [--no-hands: hand steps stripped]   [--no-pole: pole/sync-lift steps stripped]
    mode: as-found  (select with --mode SIM|REAL)
    pole pre-positioning SKIPPED (--no-pole)
    BOTH ARMS WILL MOVE (poles stay put)
====================================================================
current c api version:  emu-1.1.6
  [INFO] left: run mode = REAL
  [INFO] right: run mode = REAL
  starting in 3 ...
  starting in 2 ...
  starting in 1 ...
  [PASS] poles pre-positioned to full length  (SKIPPED — poles disabled (--no-pole))

  step results:
  ────────────────────────────────────────────────────────────
  ('arm', 'ready')         skew   0.92 ms   L   0.01 s   R   0.19 s   |d|  0.19 s   ok=True
  ('arm', 'zero')          skew   0.98 ms   L   0.30 s   R   0.30 s   |d|  0.00 s   ok=True
  ('arm', 'ready')         skew   0.95 ms   L   0.30 s   R   0.30 s   |d|  0.00 s   ok=True
  ('arm', 'rest')          skew   1.18 ms   L   0.19 s   R   0.19 s   |d|  0.00 s   ok=True
  [PASS] all dispatches accepted
  [PASS] sequence completed with barrier per step
  [PASS] dispatch skew  (max 1.18 ms)
  [PASS] arrival via event for every device
  [INFO] completion delta between arms: mean 0.05 s, max 0.19 s
  [PASS] arm-pole sync finish  (SKIPPED — poles disabled (--no-pole))

  Summary: 6 PASS, 0 FAIL, 0 SKIP

####################################################################
# C8 locked-pole drill  (fault injection)
####################################################################

-- drill A: pole locked, C8 must FAIL with the diagnosis --
====================================================================
C8  Pole-only diagnostic (lift acceptance + state dump)
    pole on arm=left @ 192.168.1.10   gearing=1to1 (hw max 330)
    ONLY THE POLE MOVES — arm and hand stay still
    mode: as-found  (select with --mode SIM|REAL)  [lift does NOT execute in SIM]
====================================================================
current c api version:  emu-1.1.6
  [INFO] left: run mode = REAL
  [PASS] connected  (handle id=16)
  [PASS] arm power  (ON)
    joint err_flag=[0, 0, 0, 0, 0, 0, 0]  brake_state=[0, 0, 0, 0, 0, 0, 0]
  [FAIL] controller/joint errors  (sys=['4103'] joints=[] — latched errors block motion; rerun with --clear-errors)
  [FAIL] lift state  (pos=290 hw-mm  current=0 mA  mode=0  err_flag=1 — LIFT DRIVER ERROR latched (stall/overcurrent?); try --clear-errors, then power cycle)
  [SKIP] rm_clear_system_err  (not requested (--clear-errors))
  starting in 3 ...
  starting in 2 ...
  starting in 1 ...
  D6 acceptance probe: command CURRENT position (290 hw-mm) — no physical motion
    hold-position: REJECTED ret=1
  [FAIL] lift acceptance probe  (the 20:38 signature — controller rejects/ignores lift commands)
  [DIAG] left: lift command REJECTED by the controller (set_state false) — state dump:
  [DIAG]   arm power: ON
  [DIAG]   controller err: 4103  <-- likely cause: clear via --clear-errors / Web GUI
  [DIAG]   joint err flags: clean   brake_state=[0, 0, 0, 0, 0, 0, 0]
  [DIAG]   lift state: pos=290 hw-mm  current=0 mA  mode=0  err_flag=1  <-- LIFT DRIVER ERROR latched (stall/overcurrent?)
  [DIAG] recovery ladder: (1) release/reset the physical e-stop, (2) clear errors (RM_ARM=left python3 test_pole_only.py --clear-errors), (3) check the Web GUI lift panel moves the pole, (4) power-cycle the arm.
  [SKIP] small stroke probe  (acceptance probe failed)
  [SKIP] home to full length  (earlier probe failed)

  Summary: 2 PASS, 3 FAIL, 3 SKIP

-- drill B: C8 --clear-errors must recover and pass --
====================================================================
C8  Pole-only diagnostic (lift acceptance + state dump)
    pole on arm=left @ 192.168.1.10   gearing=1to1 (hw max 330)
    ONLY THE POLE MOVES — arm and hand stay still
    --clear-errors: rm_clear_system_err will run before D6
    mode: as-found  (select with --mode SIM|REAL)  [lift does NOT execute in SIM]
====================================================================
current c api version:  emu-1.1.6
  [INFO] left: run mode = REAL
  [PASS] connected  (handle id=17)
  [PASS] arm power  (ON)
    joint err_flag=[0, 0, 0, 0, 0, 0, 0]  brake_state=[0, 0, 0, 0, 0, 0, 0]
  [PASS] controller/joint errors  (latched: sys=['4103'] joints=[] — clearing next)
  [PASS] lift state  (pos=290 hw-mm  current=0 mA  mode=0  err_flag=1 — driver error latched, clearing next)
  [PASS] rm_clear_system_err  (ret=0)
  starting in 3 ...
  starting in 2 ...
  starting in 1 ...
  D6 acceptance probe: command CURRENT position (290 hw-mm) — no physical motion
    hold-position: ret=0 arrived=True success=True (0.04 s)
  [PASS] lift acceptance probe  (controller accepts lift commands)
    stroke to 280: ret=0 arrived=True success=True (0.06 s)
    back to 290: ret=0 arrived=True success=True (0.06 s)
  [PASS] small stroke probe  (10 hw-mm there and back, events OK)
  pre-positioning pole(s) to full_length (0.29 m -> left=290 (1to1)) ...
  [INFO] left: pole at full length (0.04 s, event=True)
  [PASS] home to full length  (0.29 m -> 290 hw-mm)

  Summary: 8 PASS, 0 FAIL, 0 SKIP

  drill verdict: locked exit 1 (want nonzero), recover exit 0 (want 0) -> OK

====================================================================
Emulated suite summary
  C1 connect   exit 0  (OK)
  C8 pole diag exit 0  (OK)
  C5 sim probe exit 0  (OK)
  C7 hand only exit 0  (OK)
  C2 locked    exit 0  (OK)
  C9 single-locked exit 0  (OK)
  C3 chained   exit 0  (OK)
  C4 free      exit 0  (OK)
  C6 single-arm exit 0  (OK)
  C2 arm-only drill exit 0  (OK)
  C8 locked drill exit 0  (OK)
====================================================================

========================================================================
  Script : run_emulated_suite.py
  Log    : run_emulated_suite.log
  Started: 2026-08-07 10:22:59
========================================================================
====================================================================
EMULATED dual-arm concept suite  (time scale x10)
Arms are emulated in-process — nothing physical moves.
====================================================================

####################################################################
# C1 connect  (test_dual_connect)
####################################################################
====================================================================
C1  Dual-arm connectivity pre-check  (no motion is commanded)
    left=192.168.1.10  right=192.168.1.103
====================================================================
current c api version:  emu-1.1.6
  [PASS] left: robot info  (RM_75 7-DOF, controller gen 3)
  [PASS] left: arm state clean  (err codes ['0'])
  [PASS] left: lift state  (pos=100 of 330 (1to1))
  [INFO] left: run mode = REAL
  [PASS] right: robot info  (RM_75 7-DOF, controller gen 3)
  [PASS] right: arm state clean  (err codes ['0'])
  [PASS] right: lift state  (pos=100 of 200 (2to3))
  [INFO] right: run mode = REAL
  [PASS] handles distinct  (left id=1 right id=2)
  [PASS] event callback registered  (process-global, demuxed by handle_id)
  [PASS] pre-check complete  (no motion was commanded)

  Summary: 9 PASS, 0 FAIL, 0 SKIP

####################################################################
# C8 pole diag  (test_pole_only)
####################################################################
====================================================================
C8  Pole-only diagnostic (lift acceptance + state dump)
    pole on arm=left @ 192.168.1.10   gearing=1to1 (hw max 330)
    ONLY THE POLE MOVES — arm and hand stay still
    mode: as-found  (select with --mode SIM|REAL)  [lift does NOT execute in SIM]
====================================================================
current c api version:  emu-1.1.6
  [INFO] left: run mode = REAL
  [PASS] connected  (handle id=3)
  [PASS] arm power  (ON)
    joint err_flag=[0, 0, 0, 0, 0, 0, 0]  brake_state=[0, 0, 0, 0, 0, 0, 0]
  [PASS] controller/joint errors  (clean)
  [PASS] lift state  (pos=100 hw-mm  current=0 mA  mode=0  err_flag=0)
  [SKIP] rm_clear_system_err  (not requested (--clear-errors))
  starting in 3 ...
  starting in 2 ...
  starting in 1 ...
  D6 acceptance probe: command CURRENT position (100 hw-mm) — no physical motion
    hold-position: ret=0 arrived=True success=True (0.04 s)
  [PASS] lift acceptance probe  (controller accepts lift commands)
    stroke to 90: ret=0 arrived=True success=True (0.06 s)
    back to 100: ret=0 arrived=True success=True (0.06 s)
  [PASS] small stroke probe  (10 hw-mm there and back, events OK)
  pre-positioning pole(s) to full_length (0.29 m -> left=290 (1to1)) ...
  [INFO] left: pole at full length (0.38 s, event=True)
  [PASS] home to full length  (0.29 m -> 290 hw-mm)

  Summary: 7 PASS, 0 FAIL, 1 SKIP

####################################################################
# C5 sim probe  (test_sim_motion_visibility)
####################################################################
====================================================================
C5  Simulation-mode motion visibility probe (no physical motion)
    arm=192.168.1.10  UDP -> 192.168.1.239:8095  probe: J7 +5.0 deg at v=10%
====================================================================
current c api version:  emu-1.1.6
  [INFO] original run mode: REAL
  [PASS] simulation mode engaged and verified
  [INFO] rm_set_realtime_push ret=0
  [PASS] UDP push delivering frames  (79 within 2 s)
  [PASS] probe movej accepted in simulation mode

  ────────────────────────────────────────────────────────────
  VERDICT — simulated motion accessibility (557 UDP frames):
    UDP realtime push sweeps:   YES
    Arrival event fires:        YES (trajectory_state=True)
    TCP polling sweeps:         YES  (1 polls)
  ────────────────────────────────────────────────────────────
  => Simulated motion IS programmatically accessible: the
     sim-rehearsal record-and-verify pipeline is viable.
  [PASS] probe completed with a definitive verdict
  [PASS] probe joint returned to start
  [INFO] run mode restored: REAL (ret=0)

  Summary: 5 PASS, 0 FAIL, 0 SKIP

####################################################################
# C7 hand only  (test_hand_only)
####################################################################
====================================================================
C7  Hand-alone test (protocol probe, then modbus RTU)
    hand on arm=left @ 192.168.1.10   modbus device=1 baud=115200
    ONLY THE HAND MOVES — no arm, no pole motion
    on exit: restore protocol mode (rm_close_modbus_mode)
====================================================================
current c api version:  emu-1.1.6
  [INFO] arm run mode: REAL (hand is a physical peripheral; REAL recommended)
  [PASS] connected  (handle id=5)

  Phase P — protocol path probe (rm_set_hand_angle, blocking 5 s)
  [PASS] protocol path  (WORKS — end port is free; C2/C6 hand steps can use arrival events)

  Phase M — modbus RTU (ANGLE_SET writes, ANGLE_ACT feedback)
  [PASS] modbus session opened  (port 1 @ 115200)
  [PASS] ANGLE_ACT readable  (measured [993, 993, 993, 993, 981, 992])
  [PASS] SPEED_SET written  (500 x6)
    release    reached in  0.3 s  ACT=[993, 993, 993, 993, 981, 992]  (max err 0)
    grasp      reached in  0.3 s  ACT=[33, 33, 33, 33, 133, 944]  (max err 0)
    half_grasp reached in  0.3 s  ACT=[516, 516, 516, 516, 133, 944]  (max err 0)
    release    reached in  0.3 s  ACT=[993, 993, 993, 993, 981, 992]  (max err 0)
  [PASS] modbus command + measured feedback  (release -> grasp -> half_grasp -> release verified via ANGLE_ACT)
  [PASS] FORCE_ACT readable  ([0, 0, 0, 0, 0, 0] g (signed))

  VERDICT: protocol path WORKS; modbus RTU path WORKS with real feedback.
  [INFO] end port restored to protocol mode (rm_close_modbus_mode ret=0)
  [PASS] end-port state restored

  Summary: 8 PASS, 0 FAIL, 0 SKIP

####################################################################
# C2 locked  (test_dual_locked)
####################################################################
====================================================================
C2  Parallel locked dual-arm execution
    left=192.168.1.10  right=192.168.1.103  arm v=20%  lift v=50%
    sequence: [('arm', 'ready'), ('hand', 'release'), ('sync', ('zero', 'half')), ('hand', 'grasp'), ('sync', ('ready', 'full')), ('hand', 'half_grasp'), ('arm', 'rest')]
    mode: as-found  (select with --mode SIM|REAL)
    poles pre-positioned to full length (0.29 m) before the sequence
    BOTH ARMS AND BOTH POLES WILL MOVE
====================================================================
current c api version:  emu-1.1.6
  [INFO] left: run mode = REAL
  [INFO] right: run mode = REAL
  starting in 3 ...
  starting in 2 ...
  starting in 1 ...
  pre-positioning pole(s) to full_length (0.29 m -> left=290 (1to1), right=193 (2to3)) ...
  [INFO] left: pole at full length (0.04 s, event=True)
  [INFO] right: pole at full length (0.29 s, event=True)
  [PASS] poles pre-positioned to full length

  step results:
  ────────────────────────────────────────────────────────────
  ('arm', 'ready')         skew   1.24 ms   L   0.30 s   R   0.30 s   |d|  0.00 s   ok=True
  ('hand', 'release')      skew   0.21 ms   L   0.10 s   R   0.10 s   |d|  0.00 s   ok=True
  ('sync', ('zero', 'half')) skew   2.85 ms   L   0.38 s   R   0.38 s   |d|  0.00 s   ok=True
  ('hand', 'grasp')        skew   0.34 ms   L   0.10 s   R   0.10 s   |d|  0.00 s   ok=True
  ('sync', ('ready', 'full')) skew   2.90 ms   L   0.38 s   R   0.37 s   |d|  0.00 s   ok=True
  ('hand', 'half_grasp')   skew   0.20 ms   L   0.10 s   R   0.10 s   |d|  0.00 s   ok=True
  ('arm', 'rest')          skew   1.07 ms   L   0.19 s   R   0.19 s   |d|  0.00 s   ok=True
  [PASS] all dispatches accepted
  [PASS] sequence completed with barrier per step
  [PASS] dispatch skew  (max 2.90 ms)
  [PASS] arrival via event for every device
  [INFO] completion delta between arms: mean 0.00 s, max 0.00 s
  [INFO] sync left  ('zero', 'half')     arm-dur-est 3.00 s, matched lift 28%, start skew   -0.9 ms, finish skew   +82.0 ms
  [INFO] sync right ('zero', 'half')     arm-dur-est 3.00 s, matched lift 28%, start skew   -1.3 ms, finish skew   +80.8 ms
  [INFO] sync left  ('ready', 'full')    arm-dur-est 3.00 s, matched lift 29%, start skew   -0.9 ms, finish skew   +73.1 ms
  [INFO] sync right ('ready', 'full')    arm-dur-est 3.00 s, matched lift 29%, start skew   -0.8 ms, finish skew   +72.0 ms
  [PASS] arm-pole sync finish  (worst pole lateness +82 ms)

  Summary: 6 PASS, 0 FAIL, 0 SKIP

####################################################################
# C9 single-locked  (test_single_arm_locked)
####################################################################
====================================================================
C9  Single-arm LOCKED sequence (the C2 recipe on one arm)
    arm=left @ 192.168.1.10   arm v=20%   lift v=50% (duration-matched on sync)
    sequence: [('arm', 'ready'), ('hand', 'release'), ('sync', ('zero', 'half')), ('hand', 'grasp'), ('sync', ('ready', 'full')), ('hand', 'half_grasp'), ('arm', 'rest')]
    mode: as-found  (select with --mode SIM|REAL)
    pole pre-positioned to full length (0.29 m) first
    THE LEFT ARM, ITS POLE AND ITS HAND WILL MOVE
    sync dispatch order: LIFT_FIRST (back-to-back)   (vendor Blockly + bench_sync order)
    A frozen sync step waits up to 40 s for the arm event, then position-verifies, halts, and FAILS — let it finish.
====================================================================
current c api version:  emu-1.1.6
  [INFO] left: run mode = REAL
  starting in 3 ...
  starting in 2 ...
  starting in 1 ...
  pre-positioning pole(s) to full_length (0.29 m -> left=290 (1to1)) ...
  [INFO] left: pole at full length (0.04 s, event=True)
  [PASS] pole pre-positioned to full length

  step results (live):
  ────────────────────────────────────────────────────────────
  ('arm', 'ready')           ok=True  arm  0.19 s
  ('hand', 'release')        ok=True  hand  0.10 s
  ('sync', ('zero', 'half')) ok=True  lift  0.38 s   arm  0.30 s   start-skew  -0.8 ms   finish-skew    +82 ms
  ('hand', 'grasp')          ok=True  hand  0.10 s
  ('sync', ('ready', 'full')) ok=True  lift  0.38 s   arm  0.30 s   start-skew  -1.0 ms   finish-skew    +73 ms
  ('hand', 'half_grasp')     ok=True  hand  0.10 s
  ('arm', 'rest')            ok=True  arm  0.19 s
  [PASS] all dispatches accepted
  [PASS] sequence completed
  [PASS] arrival via event for every device
  [INFO] sync ('zero', 'half')     arm-dur-est 3.00 s, matched lift 28%, start skew   -0.8 ms
  [INFO] sync ('ready', 'full')    arm-dur-est 3.00 s, matched lift 29%, start skew   -1.0 ms
  [PASS] sync dispatch gap  (max 1.0 ms between the two commands (budget 50 ms))
  [PASS] arm-pole sync finish  (worst pole lateness +82 ms)

  Summary: 6 PASS, 0 FAIL, 0 SKIP

####################################################################
# C3 chained  (test_dual_chained)
####################################################################
====================================================================
C3  Chained dual-arm execution (left leads, right follows)
    left=192.168.1.10  right=192.168.1.103  arm v=20%  lift v=50%
    sequence: [('arm', 'ready'), ('hand', 'release'), ('sync', ('zero', 'half')), ('hand', 'grasp'), ('sync', ('ready', 'full')), ('hand', 'half_grasp'), ('arm', 'rest')]
    mode: as-found  (select with --mode SIM|REAL)
    poles pre-positioned to full length (0.29 m) before the sequence
    BOTH ARMS AND BOTH POLES WILL MOVE
====================================================================
current c api version:  emu-1.1.6
  [INFO] left: run mode = REAL
  [INFO] right: run mode = REAL
  starting in 3 ...
  starting in 2 ...
  starting in 1 ...
  pre-positioning pole(s) to full_length (0.29 m -> left=290 (1to1), right=193 (2to3)) ...
  [INFO] left: pole at full length (0.04 s, event=True)
  [INFO] right: pole at full length (0.04 s, event=True)
  [PASS] poles pre-positioned to full length

  chain results:
  ────────────────────────────────────────────────────────────
  step 0 ('arm', 'ready')       follower start after leader done, gate latency     0.2 ms, ok=True
  step 1 ('hand', 'release')    follower start after leader done, gate latency    91.0 ms, ok=True
  step 2 ('sync', ('zero', 'half')) follower start after leader done, gate latency     1.5 ms, ok=True
  step 3 ('hand', 'grasp')      follower start after leader done, gate latency   282.8 ms, ok=True
  step 4 ('sync', ('ready', 'full')) follower start after leader done, gate latency     9.5 ms, ok=True
  step 5 ('hand', 'half_grasp') follower start after leader done, gate latency   282.0 ms, ok=True
  step 6 ('arm', 'rest')        follower start after leader done, gate latency   190.8 ms, ok=True
  [PASS] all dispatches accepted
  [PASS] both chains completed
  [PASS] ordering invariant  (follower step k always after leader step k done)
  [PASS] follower gate latency  (max 282.8 ms)

  Summary: 5 PASS, 0 FAIL, 0 SKIP

####################################################################
# C4 free  (test_dual_free)
####################################################################
====================================================================
C4  Free-running dual-arm execution (no cross-arm gates)
    left=192.168.1.10  right=192.168.1.103  arm v=20%  lift v=50%
    sequence: [('arm', 'ready'), ('hand', 'release'), ('sync', ('zero', 'half')), ('hand', 'grasp'), ('sync', ('ready', 'full')), ('hand', 'half_grasp'), ('arm', 'rest')]
    mode: as-found  (select with --mode SIM|REAL)
    poles pre-positioned to full length (0.29 m) before the sequence
    BOTH ARMS AND BOTH POLES WILL MOVE
====================================================================
current c api version:  emu-1.1.6
  [INFO] left: run mode = REAL
  [INFO] right: run mode = REAL
  starting in 3 ...
  starting in 2 ...
  starting in 1 ...
  pre-positioning pole(s) to full_length (0.29 m -> left=290 (1to1), right=193 (2to3)) ...
  [INFO] left: pole at full length (0.04 s, event=True)
  [INFO] right: pole at full length (0.04 s, event=True)
  [PASS] poles pre-positioned to full length

  per-arm timelines:
  ────────────────────────────────────────────────────────────
  left : 7/7 steps in 1.45 s
  right: 7/7 steps in 1.45 s
  [PASS] all dispatches accepted
  [PASS] both arms completed independently
  [PASS] concurrent free run  (window overlap 100% of shorter run)

  Summary: 4 PASS, 0 FAIL, 0 SKIP

####################################################################
# C6 single-arm  (test_single_arm_planned)
####################################################################
====================================================================
C6  Single-arm planned moves + CONCURRENT hand motion
    arm=left @ 192.168.1.10   movej v=20%   X offset +20 cm (world frame)
    hand states: release / grasp / half_grasp (acked_angle: non-blocking + duration dwell, butterfli_hw semantics)
    mode: as-found  (select with --mode SIM|REAL)
    pole pre-positioned to full length (0.29 m) first
    THE LEFT ARM, ITS POLE AND ITS HAND WILL MOVE
====================================================================
current c api version:  emu-1.1.6
  [INFO] left: run mode = REAL
  starting in 3 ...
  starting in 2 ...
  starting in 1 ...
  pre-positioning pole(s) to full_length (0.29 m -> left=290 (1to1)) ...
  [INFO] left: pole at full length (0.04 s, event=True)
  [PASS] pole pre-positioned to full length
  movej ready + release      ok=True  arm  0.19 s   hand  0.10 s   hand-arm finish -0.09 s  (hand done DURING arm motion)
  [PASS] movej to ready + hand release
  movej rest + grasp         ok=True  arm  0.19 s   hand  0.10 s   hand-arm finish -0.09 s  (hand done DURING arm motion)
  [PASS] movej to rest_pose + hand grasp
  pose at rest: x=-0.058 y=+0.101 z=+0.488  ->  target x=+0.142
  movej_p +X + half_grasp: arm 0.15 s, hand finish skew -0.05 s  (hand done DURING arm motion)
  displacement: dx=+0.200 dy=+0.000 dz=+0.000 m
  [PASS] movej_p +X + half_grasp verified  (dx=+0.200 m (target +0.20))
  movej ready + release      ok=True  arm  0.21 s   hand  0.10 s   hand-arm finish -0.11 s  (hand done DURING arm motion)
  [PASS] movej back to ready + hand release
  [PASS] planned-move pipeline exercised  (movej x3 + movej_p x1 + hand x4 concurrent, no passthrough)
  [PASS] hand moved concurrently with arm  (4/4 phases finished during arm motion; finish skews -0.09s, -0.09s, -0.05s, -0.11s)

  Summary: 7 PASS, 0 FAIL, 0 SKIP

####################################################################
# C2 arm-only drill  (--no-hands --no-pole)
####################################################################
====================================================================
C2  Parallel locked dual-arm execution
    left=192.168.1.10  right=192.168.1.103  arm v=20%  lift v=50%
    sequence: [('arm', 'ready'), ('arm', 'zero'), ('arm', 'ready'), ('arm', 'rest')]   [--no-hands: hand steps stripped]   [--no-pole: pole/sync-lift steps stripped]
    mode: as-found  (select with --mode SIM|REAL)
    pole pre-positioning SKIPPED (--no-pole)
    BOTH ARMS WILL MOVE (poles stay put)
====================================================================
current c api version:  emu-1.1.6
  [INFO] left: run mode = REAL
  [INFO] right: run mode = REAL
  starting in 3 ...
  starting in 2 ...
  starting in 1 ...
  [PASS] poles pre-positioned to full length  (SKIPPED — poles disabled (--no-pole))

  step results:
  ────────────────────────────────────────────────────────────
  ('arm', 'ready')         skew   1.04 ms   L   0.01 s   R   0.19 s   |d|  0.19 s   ok=True
  ('arm', 'zero')          skew   0.85 ms   L   0.30 s   R   0.30 s   |d|  0.00 s   ok=True
  ('arm', 'ready')         skew   0.83 ms   L   0.30 s   R   0.30 s   |d|  0.00 s   ok=True
  ('arm', 'rest')          skew   1.03 ms   L   0.19 s   R   0.19 s   |d|  0.00 s   ok=True
  [PASS] all dispatches accepted
  [PASS] sequence completed with barrier per step
  [PASS] dispatch skew  (max 1.04 ms)
  [PASS] arrival via event for every device
  [INFO] completion delta between arms: mean 0.05 s, max 0.19 s
  [PASS] arm-pole sync finish  (SKIPPED — poles disabled (--no-pole))

  Summary: 6 PASS, 0 FAIL, 0 SKIP

####################################################################
# C9 sync-order drill  (the arm-freeze regression)
####################################################################

-- drill A: arm_first must REPRODUCE the freeze --
====================================================================
C9  Single-arm LOCKED sequence (the C2 recipe on one arm)
    arm=left @ 192.168.1.10   arm v=20%   lift v=50% (duration-matched on sync)
    sequence: [('arm', 'ready'), ('sync', ('zero', 'half')), ('sync', ('ready', 'full')), ('arm', 'rest')]   [--no-hands: hand steps stripped]
    mode: as-found  (select with --mode SIM|REAL)
    pole pre-positioned to full length (0.29 m) first
    THE LEFT ARM AND ITS POLE WILL MOVE
    sync dispatch order: LIFT_FIRST (back-to-back)   (vendor Blockly + bench_sync order)
    A frozen sync step waits up to 40 s for the arm event, then position-verifies, halts, and FAILS — let it finish.
====================================================================
current c api version:  emu-1.1.6
  [INFO] left: run mode = REAL
  starting in 3 ...
  starting in 2 ...
  starting in 1 ...
  pre-positioning pole(s) to full_length (0.29 m -> left=290 (1to1)) ...
  [INFO] left: pole at full length (0.04 s, event=True)
  [PASS] pole pre-positioned to full length

  step results (live):
  ────────────────────────────────────────────────────────────
  ('arm', 'ready')           ok=True  arm  0.19 s
  ('sync', ('zero', 'half')) ok=False  arm  2.00 s   lift  0.38 s   start-skew   1.1 ms   finish-skew  -1617 ms
  [PASS] all dispatches accepted
  [FAIL] sequence completed  (2/4 steps; first failure at ('sync', ('zero', 'half')))
  [WARN] 1 dispatched devices never delivered an arrival event (0 recovered by position fallback; hand has no fallback) — the C2 freeze signature if the device is the ARM on a sync step
  [FAIL] arrival via event for every device  (1 missing)
  [INFO] sync ('zero', 'half')     arm-dur-est 3.00 s, matched lift 28%, start skew    1.1 ms
  [PASS] sync dispatch gap  (max 1.1 ms between the two commands (budget 50 ms))
  [FAIL] arm-pole sync finish  (no sync step produced both completions (the freeze outcome))

  Summary: 3 PASS, 3 FAIL, 0 SKIP

-- drill B: lift_first must complete the sequence --
====================================================================
C9  Single-arm LOCKED sequence (the C2 recipe on one arm)
    arm=left @ 192.168.1.10   arm v=20%   lift v=50% (duration-matched on sync)
    sequence: [('arm', 'ready'), ('sync', ('zero', 'half')), ('sync', ('ready', 'full')), ('arm', 'rest')]   [--no-hands: hand steps stripped]
    mode: as-found  (select with --mode SIM|REAL)
    pole pre-positioned to full length (0.29 m) first
    THE LEFT ARM AND ITS POLE WILL MOVE
    sync dispatch order: LIFT_FIRST (back-to-back)   (vendor Blockly + bench_sync order)
    A frozen sync step waits up to 40 s for the arm event, then position-verifies, halts, and FAILS — let it finish.
====================================================================
current c api version:  emu-1.1.6
  [INFO] left: run mode = REAL
  starting in 3 ...
  starting in 2 ...
  starting in 1 ...
  pre-positioning pole(s) to full_length (0.29 m -> left=290 (1to1)) ...
  [INFO] left: pole at full length (0.29 s, event=True)
  [PASS] pole pre-positioned to full length

  step results (live):
  ────────────────────────────────────────────────────────────
  ('arm', 'ready')           ok=True  arm  0.01 s
  ('sync', ('zero', 'half')) ok=True  lift  0.38 s   arm  0.30 s   start-skew  -0.9 ms   finish-skew    +82 ms
  ('sync', ('ready', 'full')) ok=True  lift  0.38 s   arm  0.30 s   start-skew  -1.1 ms   finish-skew    +73 ms
  ('arm', 'rest')            ok=True  arm  0.19 s
  [PASS] all dispatches accepted
  [PASS] sequence completed
  [PASS] arrival via event for every device
  [INFO] sync ('zero', 'half')     arm-dur-est 3.00 s, matched lift 28%, start skew   -0.9 ms
  [INFO] sync ('ready', 'full')    arm-dur-est 3.00 s, matched lift 29%, start skew   -1.1 ms
  [PASS] sync dispatch gap  (max 1.1 ms between the two commands (budget 50 ms))
  [PASS] arm-pole sync finish  (worst pole lateness +82 ms)

  Summary: 6 PASS, 0 FAIL, 0 SKIP

  drill verdict: arm_first exit 1 (want nonzero), lift_first exit 0 (want 0) -> OK

####################################################################
# C8 locked-pole drill  (fault injection)
####################################################################

-- drill A: pole locked, C8 must FAIL with the diagnosis --
====================================================================
C8  Pole-only diagnostic (lift acceptance + state dump)
    pole on arm=left @ 192.168.1.10   gearing=1to1 (hw max 330)
    ONLY THE POLE MOVES — arm and hand stay still
    mode: as-found  (select with --mode SIM|REAL)  [lift does NOT execute in SIM]
====================================================================
current c api version:  emu-1.1.6
  [INFO] left: run mode = REAL
  [PASS] connected  (handle id=18)
  [PASS] arm power  (ON)
    joint err_flag=[0, 0, 0, 0, 0, 0, 0]  brake_state=[0, 0, 0, 0, 0, 0, 0]
  [FAIL] controller/joint errors  (sys=['4103'] joints=[] — latched errors block motion; rerun with --clear-errors)
  [FAIL] lift state  (pos=290 hw-mm  current=0 mA  mode=0  err_flag=1 — LIFT DRIVER ERROR latched (stall/overcurrent?); try --clear-errors, then power cycle)
  [SKIP] rm_clear_system_err  (not requested (--clear-errors))
  starting in 3 ...
  starting in 2 ...
  starting in 1 ...
  D6 acceptance probe: command CURRENT position (290 hw-mm) — no physical motion
    hold-position: REJECTED ret=1
  [FAIL] lift acceptance probe  (the 20:38 signature — controller rejects/ignores lift commands)
  [DIAG] left: lift command REJECTED by the controller (set_state false) — state dump:
  [DIAG]   arm power: ON
  [DIAG]   controller err: 4103  <-- likely cause: clear via --clear-errors / Web GUI
  [DIAG]   joint err flags: clean   brake_state=[0, 0, 0, 0, 0, 0, 0]
  [DIAG]   lift state: pos=290 hw-mm  current=0 mA  mode=0  err_flag=1  <-- LIFT DRIVER ERROR latched (stall/overcurrent?)
  [DIAG] recovery ladder: (1) release/reset the physical e-stop, (2) clear errors (RM_ARM=left python3 test_pole_only.py --clear-errors), (3) check the Web GUI lift panel moves the pole, (4) power-cycle the arm.
  [SKIP] small stroke probe  (acceptance probe failed)
  [SKIP] home to full length  (earlier probe failed)

  Summary: 2 PASS, 3 FAIL, 3 SKIP

-- drill B: C8 --clear-errors must recover and pass --
====================================================================
C8  Pole-only diagnostic (lift acceptance + state dump)
    pole on arm=left @ 192.168.1.10   gearing=1to1 (hw max 330)
    ONLY THE POLE MOVES — arm and hand stay still
    --clear-errors: rm_clear_system_err will run before D6
    mode: as-found  (select with --mode SIM|REAL)  [lift does NOT execute in SIM]
====================================================================
current c api version:  emu-1.1.6
  [INFO] left: run mode = REAL
  [PASS] connected  (handle id=19)
  [PASS] arm power  (ON)
    joint err_flag=[0, 0, 0, 0, 0, 0, 0]  brake_state=[0, 0, 0, 0, 0, 0, 0]
  [PASS] controller/joint errors  (latched: sys=['4103'] joints=[] — clearing next)
  [PASS] lift state  (pos=290 hw-mm  current=0 mA  mode=0  err_flag=1 — driver error latched, clearing next)
  [PASS] rm_clear_system_err  (ret=0)
  starting in 3 ...
  starting in 2 ...
  starting in 1 ...
  D6 acceptance probe: command CURRENT position (290 hw-mm) — no physical motion
    hold-position: ret=0 arrived=True success=True (0.04 s)
  [PASS] lift acceptance probe  (controller accepts lift commands)
    stroke to 280: ret=0 arrived=True success=True (0.06 s)
    back to 290: ret=0 arrived=True success=True (0.06 s)
  [PASS] small stroke probe  (10 hw-mm there and back, events OK)
  pre-positioning pole(s) to full_length (0.29 m -> left=290 (1to1)) ...
  [INFO] left: pole at full length (0.04 s, event=True)
  [PASS] home to full length  (0.29 m -> 290 hw-mm)

  Summary: 8 PASS, 0 FAIL, 0 SKIP

  drill verdict: locked exit 1 (want nonzero), recover exit 0 (want 0) -> OK

====================================================================
Emulated suite summary
  C1 connect   exit 0  (OK)
  C8 pole diag exit 0  (OK)
  C5 sim probe exit 0  (OK)
  C7 hand only exit 0  (OK)
  C2 locked    exit 0  (OK)
  C9 single-locked exit 0  (OK)
  C3 chained   exit 0  (OK)
  C4 free      exit 0  (OK)
  C6 single-arm exit 0  (OK)
  C2 arm-only drill exit 0  (OK)
  C9 sync-order drill exit 0  (OK)
  C8 locked drill exit 0  (OK)
====================================================================

========================================================================
  Script : run_emulated_suite.py
  Log    : run_emulated_suite.log
  Started: 2026-08-07 10:25:05
========================================================================
====================================================================
EMULATED dual-arm concept suite  (time scale x10)
Arms are emulated in-process — nothing physical moves.
====================================================================

####################################################################
# C1 connect  (test_dual_connect)
####################################################################
====================================================================
C1  Dual-arm connectivity pre-check  (no motion is commanded)
    left=192.168.1.10  right=192.168.1.103
====================================================================
current c api version:  emu-1.1.6
  [PASS] left: robot info  (RM_75 7-DOF, controller gen 3)
  [PASS] left: arm state clean  (err codes ['0'])
  [PASS] left: lift state  (pos=100 of 330 (1to1))
  [INFO] left: run mode = REAL
  [PASS] right: robot info  (RM_75 7-DOF, controller gen 3)
  [PASS] right: arm state clean  (err codes ['0'])
  [PASS] right: lift state  (pos=100 of 200 (2to3))
  [INFO] right: run mode = REAL
  [PASS] handles distinct  (left id=1 right id=2)
  [PASS] event callback registered  (process-global, demuxed by handle_id)
  [PASS] pre-check complete  (no motion was commanded)

  Summary: 9 PASS, 0 FAIL, 0 SKIP

####################################################################
# C8 pole diag  (test_pole_only)
####################################################################
====================================================================
C8  Pole-only diagnostic (lift acceptance + state dump)
    pole on arm=left @ 192.168.1.10   gearing=1to1 (hw max 330)
    ONLY THE POLE MOVES — arm and hand stay still
    mode: as-found  (select with --mode SIM|REAL)  [lift does NOT execute in SIM]
====================================================================
current c api version:  emu-1.1.6
  [INFO] left: run mode = REAL
  [PASS] connected  (handle id=3)
  [PASS] arm power  (ON)
    joint err_flag=[0, 0, 0, 0, 0, 0, 0]  brake_state=[0, 0, 0, 0, 0, 0, 0]
  [PASS] controller/joint errors  (clean)
  [PASS] lift state  (pos=100 hw-mm  current=0 mA  mode=0  err_flag=0)
  [SKIP] rm_clear_system_err  (not requested (--clear-errors))
  starting in 3 ...
  starting in 2 ...
  starting in 1 ...
  D6 acceptance probe: command CURRENT position (100 hw-mm) — no physical motion
    hold-position: ret=0 arrived=True success=True (0.04 s)
  [PASS] lift acceptance probe  (controller accepts lift commands)
    stroke to 90: ret=0 arrived=True success=True (0.06 s)
    back to 100: ret=0 arrived=True success=True (0.06 s)
  [PASS] small stroke probe  (10 hw-mm there and back, events OK)
  pre-positioning pole(s) to full_length (0.29 m -> left=290 (1to1)) ...
  [INFO] left: pole at full length (0.38 s, event=True)
  [PASS] home to full length  (0.29 m -> 290 hw-mm)

  Summary: 7 PASS, 0 FAIL, 1 SKIP

####################################################################
# C5 sim probe  (test_sim_motion_visibility)
####################################################################
====================================================================
C5  Simulation-mode motion visibility probe (no physical motion)
    arm=192.168.1.10  UDP -> 192.168.1.239:8095  probe: J7 +5.0 deg at v=10%
====================================================================
current c api version:  emu-1.1.6
  [INFO] original run mode: REAL
  [PASS] simulation mode engaged and verified
  [INFO] rm_set_realtime_push ret=0
  [PASS] UDP push delivering frames  (80 within 2 s)
  [PASS] probe movej accepted in simulation mode

  ────────────────────────────────────────────────────────────
  VERDICT — simulated motion accessibility (557 UDP frames):
    UDP realtime push sweeps:   YES
    Arrival event fires:        YES (trajectory_state=True)
    TCP polling sweeps:         YES  (1 polls)
  ────────────────────────────────────────────────────────────
  => Simulated motion IS programmatically accessible: the
     sim-rehearsal record-and-verify pipeline is viable.
  [PASS] probe completed with a definitive verdict
  [PASS] probe joint returned to start
  [INFO] run mode restored: REAL (ret=0)

  Summary: 5 PASS, 0 FAIL, 0 SKIP

####################################################################
# C7 hand only  (test_hand_only)
####################################################################
====================================================================
C7  Hand-alone test (protocol probe, then modbus RTU)
    hand on arm=left @ 192.168.1.10   modbus device=1 baud=115200
    ONLY THE HAND MOVES — no arm, no pole motion
    on exit: restore protocol mode (rm_close_modbus_mode)
====================================================================
current c api version:  emu-1.1.6
  [INFO] arm run mode: REAL (hand is a physical peripheral; REAL recommended)
  [PASS] connected  (handle id=5)

  Phase P — protocol path probe (rm_set_hand_angle, blocking 5 s)
  [PASS] protocol path  (WORKS — end port is free; C2/C6 hand steps can use arrival events)

  Phase M — modbus RTU (ANGLE_SET writes, ANGLE_ACT feedback)
  [PASS] modbus session opened  (port 1 @ 115200)
  [PASS] ANGLE_ACT readable  (measured [993, 993, 993, 993, 981, 992])
  [PASS] SPEED_SET written  (500 x6)
    release    reached in  0.3 s  ACT=[993, 993, 993, 993, 981, 992]  (max err 0)
    grasp      reached in  0.3 s  ACT=[33, 33, 33, 33, 133, 944]  (max err 0)
    half_grasp reached in  0.3 s  ACT=[516, 516, 516, 516, 133, 944]  (max err 0)
    release    reached in  0.3 s  ACT=[993, 993, 993, 993, 981, 992]  (max err 0)
  [PASS] modbus command + measured feedback  (release -> grasp -> half_grasp -> release verified via ANGLE_ACT)
  [PASS] FORCE_ACT readable  ([0, 0, 0, 0, 0, 0] g (signed))

  VERDICT: protocol path WORKS; modbus RTU path WORKS with real feedback.
  [INFO] end port restored to protocol mode (rm_close_modbus_mode ret=0)
  [PASS] end-port state restored

  Summary: 8 PASS, 0 FAIL, 0 SKIP

####################################################################
# C2 locked  (test_dual_locked)
####################################################################
====================================================================
C2  Parallel locked dual-arm execution
    left=192.168.1.10  right=192.168.1.103  arm v=20%  lift v=50%
    sequence: [('arm', 'ready'), ('hand', 'release'), ('sync', ('zero', 'half')), ('hand', 'grasp'), ('sync', ('ready', 'full')), ('hand', 'half_grasp'), ('arm', 'rest')]
    mode: as-found  (select with --mode SIM|REAL)
    poles pre-positioned to full length (0.29 m) before the sequence
    BOTH ARMS AND BOTH POLES WILL MOVE
====================================================================
current c api version:  emu-1.1.6
  [INFO] left: run mode = REAL
  [INFO] right: run mode = REAL
  starting in 3 ...
  starting in 2 ...
  starting in 1 ...
  pre-positioning pole(s) to full_length (0.29 m -> left=290 (1to1), right=193 (2to3)) ...
  [INFO] left: pole at full length (0.04 s, event=True)
  [INFO] right: pole at full length (0.29 s, event=True)
  [PASS] poles pre-positioned to full length

  step results:
  ────────────────────────────────────────────────────────────
  ('arm', 'ready')         skew   0.87 ms   L   0.30 s   R   0.30 s   |d|  0.00 s   ok=True
  ('hand', 'release')      skew   0.26 ms   L   0.10 s   R   0.10 s   |d|  0.00 s   ok=True
  ('sync', ('zero', 'half')) skew   3.75 ms   L   0.38 s   R   0.38 s   |d|  0.00 s   ok=True
  ('hand', 'grasp')        skew   0.30 ms   L   0.10 s   R   0.10 s   |d|  0.00 s   ok=True
  ('sync', ('ready', 'full')) skew   3.17 ms   L   0.38 s   R   0.37 s   |d|  0.00 s   ok=True
  ('hand', 'half_grasp')   skew   0.10 ms   L   0.10 s   R   0.10 s   |d|  0.00 s   ok=True
  ('arm', 'rest')          skew   0.92 ms   L   0.19 s   R   0.19 s   |d|  0.00 s   ok=True
  [PASS] all dispatches accepted
  [PASS] sequence completed with barrier per step
  [PASS] dispatch skew  (max 3.75 ms)
  [PASS] arrival via event for every device
  [INFO] completion delta between arms: mean 0.00 s, max 0.00 s
  [INFO] sync left  ('zero', 'half')     arm-dur-est 3.00 s, matched lift 28%, start skew   -1.2 ms, finish skew   +81.8 ms
  [INFO] sync right ('zero', 'half')     arm-dur-est 3.00 s, matched lift 28%, start skew   -0.9 ms, finish skew   +80.7 ms
  [INFO] sync left  ('ready', 'full')    arm-dur-est 3.00 s, matched lift 29%, start skew   -1.0 ms, finish skew   +72.9 ms
  [INFO] sync right ('ready', 'full')    arm-dur-est 3.00 s, matched lift 29%, start skew   -1.0 ms, finish skew   +71.6 ms
  [PASS] arm-pole sync finish  (worst pole lateness +82 ms)

  Summary: 6 PASS, 0 FAIL, 0 SKIP

####################################################################
# C9 single-locked  (test_single_arm_locked)
####################################################################
====================================================================
C9  Single-arm LOCKED sequence (the C2 recipe on one arm)
    arm=left @ 192.168.1.10   arm v=20%   lift v=50% (duration-matched on sync)
    sequence: [('arm', 'ready'), ('hand', 'release'), ('sync', ('zero', 'half')), ('hand', 'grasp'), ('sync', ('ready', 'full')), ('hand', 'half_grasp'), ('arm', 'rest')]
    mode: as-found  (select with --mode SIM|REAL)
    pole pre-positioned to full length (0.29 m) first
    THE LEFT ARM, ITS POLE AND ITS HAND WILL MOVE
    sync dispatch order: LIFT_FIRST (back-to-back)   (vendor Blockly + bench_sync order)
    A frozen sync step waits up to 40 s for the arm event, then position-verifies, halts, and FAILS — let it finish.
====================================================================
current c api version:  emu-1.1.6
  [INFO] left: run mode = REAL
  starting in 3 ...
  starting in 2 ...
  starting in 1 ...
  pre-positioning pole(s) to full_length (0.29 m -> left=290 (1to1)) ...
  [INFO] left: pole at full length (0.04 s, event=True)
  [PASS] pole pre-positioned to full length

  step results (live):
  ────────────────────────────────────────────────────────────
  ('arm', 'ready')           ok=True  arm  0.19 s
  ('hand', 'release')        ok=True  hand  0.10 s
  ('sync', ('zero', 'half')) ok=True  lift  0.38 s   arm  0.30 s   start-skew  -0.9 ms   finish-skew    +82 ms
  ('hand', 'grasp')          ok=True  hand  0.10 s
  ('sync', ('ready', 'full')) ok=True  lift  0.38 s   arm  0.30 s   start-skew  -1.0 ms   finish-skew    +73 ms
  ('hand', 'half_grasp')     ok=True  hand  0.10 s
  ('arm', 'rest')            ok=True  arm  0.19 s
  [PASS] all dispatches accepted
  [PASS] sequence completed
  [PASS] arrival via event for every device
  [INFO] sync ('zero', 'half')     arm-dur-est 3.00 s, matched lift 28%, start skew   -0.9 ms
  [INFO] sync ('ready', 'full')    arm-dur-est 3.00 s, matched lift 29%, start skew   -1.0 ms
  [PASS] sync dispatch gap  (max 1.0 ms between the two commands (budget 50 ms))
  [PASS] arm-pole sync finish  (worst pole lateness +82 ms)

  Summary: 6 PASS, 0 FAIL, 0 SKIP

####################################################################
# C3 chained  (test_dual_chained)
####################################################################
====================================================================
C3  Chained dual-arm execution (left leads, right follows)
    left=192.168.1.10  right=192.168.1.103  arm v=20%  lift v=50%
    sequence: [('arm', 'ready'), ('hand', 'release'), ('sync', ('zero', 'half')), ('hand', 'grasp'), ('sync', ('ready', 'full')), ('hand', 'half_grasp'), ('arm', 'rest')]
    mode: as-found  (select with --mode SIM|REAL)
    poles pre-positioned to full length (0.29 m) before the sequence
    BOTH ARMS AND BOTH POLES WILL MOVE
====================================================================
current c api version:  emu-1.1.6
  [INFO] left: run mode = REAL
  [INFO] right: run mode = REAL
  starting in 3 ...
  starting in 2 ...
  starting in 1 ...
  pre-positioning pole(s) to full_length (0.29 m -> left=290 (1to1), right=193 (2to3)) ...
  [INFO] left: pole at full length (0.04 s, event=True)
  [INFO] right: pole at full length (0.04 s, event=True)
  [PASS] poles pre-positioned to full length

  chain results:
  ────────────────────────────────────────────────────────────
  step 0 ('arm', 'ready')       follower start after leader done, gate latency     0.3 ms, ok=True
  step 1 ('hand', 'release')    follower start after leader done, gate latency    91.1 ms, ok=True
  step 2 ('sync', ('zero', 'half')) follower start after leader done, gate latency     1.7 ms, ok=True
  step 3 ('hand', 'grasp')      follower start after leader done, gate latency   283.3 ms, ok=True
  step 4 ('sync', ('ready', 'full')) follower start after leader done, gate latency     9.1 ms, ok=True
  step 5 ('hand', 'half_grasp') follower start after leader done, gate latency   281.6 ms, ok=True
  step 6 ('arm', 'rest')        follower start after leader done, gate latency   190.4 ms, ok=True
  [PASS] all dispatches accepted
  [PASS] both chains completed
  [PASS] ordering invariant  (follower step k always after leader step k done)
  [PASS] follower gate latency  (max 283.3 ms)

  Summary: 5 PASS, 0 FAIL, 0 SKIP

####################################################################
# C4 free  (test_dual_free)
####################################################################
====================================================================
C4  Free-running dual-arm execution (no cross-arm gates)
    left=192.168.1.10  right=192.168.1.103  arm v=20%  lift v=50%
    sequence: [('arm', 'ready'), ('hand', 'release'), ('sync', ('zero', 'half')), ('hand', 'grasp'), ('sync', ('ready', 'full')), ('hand', 'half_grasp'), ('arm', 'rest')]
    mode: as-found  (select with --mode SIM|REAL)
    poles pre-positioned to full length (0.29 m) before the sequence
    BOTH ARMS AND BOTH POLES WILL MOVE
====================================================================
current c api version:  emu-1.1.6
  [INFO] left: run mode = REAL
  [INFO] right: run mode = REAL
  starting in 3 ...
  starting in 2 ...
  starting in 1 ...
  pre-positioning pole(s) to full_length (0.29 m -> left=290 (1to1), right=193 (2to3)) ...
  [INFO] left: pole at full length (0.04 s, event=True)
  [INFO] right: pole at full length (0.04 s, event=True)
  [PASS] poles pre-positioned to full length

  per-arm timelines:
  ────────────────────────────────────────────────────────────
  left : 7/7 steps in 1.45 s
  right: 7/7 steps in 1.45 s
  [PASS] all dispatches accepted
  [PASS] both arms completed independently
  [PASS] concurrent free run  (window overlap 100% of shorter run)

  Summary: 4 PASS, 0 FAIL, 0 SKIP

####################################################################
# C6 single-arm  (test_single_arm_planned)
####################################################################
====================================================================
C6  Single-arm planned moves + CONCURRENT hand motion
    arm=left @ 192.168.1.10   movej v=20%   X offset +20 cm (world frame)
    hand states: release / grasp / half_grasp (acked_angle: non-blocking + duration dwell, butterfli_hw semantics)
    mode: as-found  (select with --mode SIM|REAL)
    pole pre-positioned to full length (0.29 m) first
    THE LEFT ARM, ITS POLE AND ITS HAND WILL MOVE
====================================================================
current c api version:  emu-1.1.6
  [INFO] left: run mode = REAL
  starting in 3 ...
  starting in 2 ...
  starting in 1 ...
  pre-positioning pole(s) to full_length (0.29 m -> left=290 (1to1)) ...
  [INFO] left: pole at full length (0.04 s, event=True)
  [PASS] pole pre-positioned to full length
  movej ready + release      ok=True  arm  0.19 s   hand  0.10 s   hand-arm finish -0.09 s  (hand done DURING arm motion)
  [PASS] movej to ready + hand release
  movej rest + grasp         ok=True  arm  0.19 s   hand  0.10 s   hand-arm finish -0.09 s  (hand done DURING arm motion)
  [PASS] movej to rest_pose + hand grasp
  pose at rest: x=-0.058 y=+0.101 z=+0.488  ->  target x=+0.142
  movej_p +X + half_grasp: arm 0.15 s, hand finish skew -0.05 s  (hand done DURING arm motion)
  displacement: dx=+0.200 dy=+0.000 dz=+0.000 m
  [PASS] movej_p +X + half_grasp verified  (dx=+0.200 m (target +0.20))
  movej ready + release      ok=True  arm  0.21 s   hand  0.10 s   hand-arm finish -0.11 s  (hand done DURING arm motion)
  [PASS] movej back to ready + hand release
  [PASS] planned-move pipeline exercised  (movej x3 + movej_p x1 + hand x4 concurrent, no passthrough)
  [PASS] hand moved concurrently with arm  (4/4 phases finished during arm motion; finish skews -0.09s, -0.09s, -0.05s, -0.11s)

  Summary: 7 PASS, 0 FAIL, 0 SKIP

####################################################################
# C2 arm-only drill  (--no-hands --no-pole)
####################################################################
====================================================================
C2  Parallel locked dual-arm execution
    left=192.168.1.10  right=192.168.1.103  arm v=20%  lift v=50%
    sequence: [('arm', 'ready'), ('arm', 'zero'), ('arm', 'ready'), ('arm', 'rest')]   [--no-hands: hand steps stripped]   [--no-pole: pole/sync-lift steps stripped]
    mode: as-found  (select with --mode SIM|REAL)
    pole pre-positioning SKIPPED (--no-pole)
    BOTH ARMS WILL MOVE (poles stay put)
====================================================================
current c api version:  emu-1.1.6
  [INFO] left: run mode = REAL
  [INFO] right: run mode = REAL
  starting in 3 ...
  starting in 2 ...
  starting in 1 ...
  [PASS] poles pre-positioned to full length  (SKIPPED — poles disabled (--no-pole))

  step results:
  ────────────────────────────────────────────────────────────
  ('arm', 'ready')         skew   0.82 ms   L   0.01 s   R   0.19 s   |d|  0.19 s   ok=True
  ('arm', 'zero')          skew   1.08 ms   L   0.30 s   R   0.30 s   |d|  0.00 s   ok=True
  ('arm', 'ready')         skew   1.00 ms   L   0.30 s   R   0.30 s   |d|  0.00 s   ok=True
  ('arm', 'rest')          skew   0.99 ms   L   0.19 s   R   0.19 s   |d|  0.00 s   ok=True
  [PASS] all dispatches accepted
  [PASS] sequence completed with barrier per step
  [PASS] dispatch skew  (max 1.08 ms)
  [PASS] arrival via event for every device
  [INFO] completion delta between arms: mean 0.05 s, max 0.19 s
  [PASS] arm-pole sync finish  (SKIPPED — poles disabled (--no-pole))

  Summary: 6 PASS, 0 FAIL, 0 SKIP

####################################################################
# C9 sync-order drill  (the arm-freeze regression)
####################################################################

-- drill A: arm_first must REPRODUCE the freeze --
====================================================================
C9  Single-arm LOCKED sequence (the C2 recipe on one arm)
    arm=left @ 192.168.1.10   arm v=20%   lift v=50% (duration-matched on sync)
    sequence: [('arm', 'ready'), ('sync', ('zero', 'half')), ('sync', ('ready', 'full')), ('arm', 'rest')]   [--no-hands: hand steps stripped]
    mode: as-found  (select with --mode SIM|REAL)
    pole pre-positioned to full length (0.29 m) first
    THE LEFT ARM AND ITS POLE WILL MOVE
    sync dispatch order: LIFT_FIRST (back-to-back)   (vendor Blockly + bench_sync order)
    A frozen sync step waits up to 40 s for the arm event, then position-verifies, halts, and FAILS — let it finish.
====================================================================
current c api version:  emu-1.1.6
  [INFO] left: run mode = REAL
  starting in 3 ...
  starting in 2 ...
  starting in 1 ...
  pre-positioning pole(s) to full_length (0.29 m -> left=290 (1to1)) ...
  [INFO] left: pole at full length (0.04 s, event=True)
  [PASS] pole pre-positioned to full length

  step results (live):
  ────────────────────────────────────────────────────────────
  ('arm', 'ready')           ok=True  arm  0.19 s
  ('sync', ('zero', 'half')) ok=False  arm  2.00 s   lift  0.38 s   start-skew   1.3 ms   finish-skew  -1617 ms
  [PASS] all dispatches accepted
  [FAIL] sequence completed  (2/4 steps; first failure at ('sync', ('zero', 'half')))
  [WARN] 1 dispatched devices never delivered an arrival event (0 recovered by position fallback; hand has no fallback) — the C2 freeze signature if the device is the ARM on a sync step
  [FAIL] arrival via event for every device  (1 missing)
  [INFO] sync ('zero', 'half')     arm-dur-est 3.00 s, matched lift 28%, start skew    1.3 ms
  [PASS] sync dispatch gap  (max 1.3 ms between the two commands (budget 50 ms))
  [FAIL] arm-pole sync finish  (no sync step produced both completions (the freeze outcome))

  Summary: 3 PASS, 3 FAIL, 0 SKIP

-- drill B: lift_first must complete the sequence --
====================================================================
C9  Single-arm LOCKED sequence (the C2 recipe on one arm)
    arm=left @ 192.168.1.10   arm v=20%   lift v=50% (duration-matched on sync)
    sequence: [('arm', 'ready'), ('sync', ('zero', 'half')), ('sync', ('ready', 'full')), ('arm', 'rest')]   [--no-hands: hand steps stripped]
    mode: as-found  (select with --mode SIM|REAL)
    pole pre-positioned to full length (0.29 m) first
    THE LEFT ARM AND ITS POLE WILL MOVE
    sync dispatch order: LIFT_FIRST (back-to-back)   (vendor Blockly + bench_sync order)
    A frozen sync step waits up to 40 s for the arm event, then position-verifies, halts, and FAILS — let it finish.
====================================================================
current c api version:  emu-1.1.6
  [INFO] left: run mode = REAL
  starting in 3 ...
  starting in 2 ...
  starting in 1 ...
  pre-positioning pole(s) to full_length (0.29 m -> left=290 (1to1)) ...
  [INFO] left: pole at full length (0.29 s, event=True)
  [PASS] pole pre-positioned to full length

  step results (live):
  ────────────────────────────────────────────────────────────
  ('arm', 'ready')           ok=True  arm  0.01 s
  ('sync', ('zero', 'half')) ok=True  lift  0.38 s   arm  0.30 s   start-skew  -1.0 ms   finish-skew    +81 ms
  ('sync', ('ready', 'full')) ok=True  lift  0.37 s   arm  0.30 s   start-skew  -0.7 ms   finish-skew    +73 ms
  ('arm', 'rest')            ok=True  arm  0.19 s
  [PASS] all dispatches accepted
  [PASS] sequence completed
  [PASS] arrival via event for every device
  [INFO] sync ('zero', 'half')     arm-dur-est 3.00 s, matched lift 28%, start skew   -1.0 ms
  [INFO] sync ('ready', 'full')    arm-dur-est 3.00 s, matched lift 29%, start skew   -0.7 ms
  [PASS] sync dispatch gap  (max 1.0 ms between the two commands (budget 50 ms))
  [PASS] arm-pole sync finish  (worst pole lateness +81 ms)

  Summary: 6 PASS, 0 FAIL, 0 SKIP

  drill verdict: arm_first exit 1 (want nonzero), lift_first exit 0 (want 0) -> OK

####################################################################
# C8 locked-pole drill  (fault injection)
####################################################################

-- drill A: pole locked, C8 must FAIL with the diagnosis --
====================================================================
C8  Pole-only diagnostic (lift acceptance + state dump)
    pole on arm=left @ 192.168.1.10   gearing=1to1 (hw max 330)
    ONLY THE POLE MOVES — arm and hand stay still
    mode: as-found  (select with --mode SIM|REAL)  [lift does NOT execute in SIM]
====================================================================
current c api version:  emu-1.1.6
  [INFO] left: run mode = REAL
  [PASS] connected  (handle id=18)
  [PASS] arm power  (ON)
    joint err_flag=[0, 0, 0, 0, 0, 0, 0]  brake_state=[0, 0, 0, 0, 0, 0, 0]
  [FAIL] controller/joint errors  (sys=['4103'] joints=[] — latched errors block motion; rerun with --clear-errors)
  [FAIL] lift state  (pos=290 hw-mm  current=0 mA  mode=0  err_flag=1 — LIFT DRIVER ERROR latched (stall/overcurrent?); try --clear-errors, then power cycle)
  [SKIP] rm_clear_system_err  (not requested (--clear-errors))
  starting in 3 ...
  starting in 2 ...
  starting in 1 ...
  D6 acceptance probe: command CURRENT position (290 hw-mm) — no physical motion
    hold-position: REJECTED ret=1
  [FAIL] lift acceptance probe  (the 20:38 signature — controller rejects/ignores lift commands)
  [DIAG] left: lift command REJECTED by the controller (set_state false) — state dump:
  [DIAG]   arm power: ON
  [DIAG]   controller err: 4103  <-- likely cause: clear via --clear-errors / Web GUI
  [DIAG]   joint err flags: clean   brake_state=[0, 0, 0, 0, 0, 0, 0]
  [DIAG]   lift state: pos=290 hw-mm  current=0 mA  mode=0  err_flag=1  <-- LIFT DRIVER ERROR latched (stall/overcurrent?)
  [DIAG] recovery ladder: (1) release/reset the physical e-stop, (2) clear errors (RM_ARM=left python3 test_pole_only.py --clear-errors), (3) check the Web GUI lift panel moves the pole, (4) power-cycle the arm.
  [SKIP] small stroke probe  (acceptance probe failed)
  [SKIP] home to full length  (earlier probe failed)

  Summary: 2 PASS, 3 FAIL, 3 SKIP

-- drill B: C8 --clear-errors must recover and pass --
====================================================================
C8  Pole-only diagnostic (lift acceptance + state dump)
    pole on arm=left @ 192.168.1.10   gearing=1to1 (hw max 330)
    ONLY THE POLE MOVES — arm and hand stay still
    --clear-errors: rm_clear_system_err will run before D6
    mode: as-found  (select with --mode SIM|REAL)  [lift does NOT execute in SIM]
====================================================================
current c api version:  emu-1.1.6
  [INFO] left: run mode = REAL
  [PASS] connected  (handle id=19)
  [PASS] arm power  (ON)
    joint err_flag=[0, 0, 0, 0, 0, 0, 0]  brake_state=[0, 0, 0, 0, 0, 0, 0]
  [PASS] controller/joint errors  (latched: sys=['4103'] joints=[] — clearing next)
  [PASS] lift state  (pos=290 hw-mm  current=0 mA  mode=0  err_flag=1 — driver error latched, clearing next)
  [PASS] rm_clear_system_err  (ret=0)
  starting in 3 ...
  starting in 2 ...
  starting in 1 ...
  D6 acceptance probe: command CURRENT position (290 hw-mm) — no physical motion
    hold-position: ret=0 arrived=True success=True (0.04 s)
  [PASS] lift acceptance probe  (controller accepts lift commands)
    stroke to 280: ret=0 arrived=True success=True (0.06 s)
    back to 290: ret=0 arrived=True success=True (0.06 s)
  [PASS] small stroke probe  (10 hw-mm there and back, events OK)
  pre-positioning pole(s) to full_length (0.29 m -> left=290 (1to1)) ...
  [INFO] left: pole at full length (0.04 s, event=True)
  [PASS] home to full length  (0.29 m -> 290 hw-mm)

  Summary: 8 PASS, 0 FAIL, 0 SKIP

  drill verdict: locked exit 1 (want nonzero), recover exit 0 (want 0) -> OK

====================================================================
Emulated suite summary
  C1 connect   exit 0  (OK)
  C8 pole diag exit 0  (OK)
  C5 sim probe exit 0  (OK)
  C7 hand only exit 0  (OK)
  C2 locked    exit 0  (OK)
  C9 single-locked exit 0  (OK)
  C3 chained   exit 0  (OK)
  C4 free      exit 0  (OK)
  C6 single-arm exit 0  (OK)
  C2 arm-only drill exit 0  (OK)
  C9 sync-order drill exit 0  (OK)
  C8 locked drill exit 0  (OK)
====================================================================

========================================================================
  Script : run_emulated_suite.py
  Log    : run_emulated_suite.log
  Started: 2026-08-07 10:26:12
========================================================================
====================================================================
EMULATED dual-arm concept suite  (time scale x10)
Arms are emulated in-process — nothing physical moves.
====================================================================

####################################################################
# C1 connect  (test_dual_connect)
####################################################################
====================================================================
C1  Dual-arm connectivity pre-check  (no motion is commanded)
    left=192.168.1.10  right=192.168.1.103
====================================================================
current c api version:  emu-1.1.6
  [PASS] left: robot info  (RM_75 7-DOF, controller gen 3)
  [PASS] left: arm state clean  (err codes ['0'])
  [PASS] left: lift state  (pos=100 of 330 (1to1))
  [INFO] left: run mode = REAL
  [PASS] right: robot info  (RM_75 7-DOF, controller gen 3)
  [PASS] right: arm state clean  (err codes ['0'])
  [PASS] right: lift state  (pos=100 of 200 (2to3))
  [INFO] right: run mode = REAL
  [PASS] handles distinct  (left id=1 right id=2)
  [PASS] event callback registered  (process-global, demuxed by handle_id)
  [PASS] pre-check complete  (no motion was commanded)

  Summary: 9 PASS, 0 FAIL, 0 SKIP

####################################################################
# C8 pole diag  (test_pole_only)
####################################################################
====================================================================
C8  Pole-only diagnostic (lift acceptance + state dump)
    pole on arm=left @ 192.168.1.10   gearing=1to1 (hw max 330)
    ONLY THE POLE MOVES — arm and hand stay still
    mode: as-found  (select with --mode SIM|REAL)  [lift does NOT execute in SIM]
====================================================================
current c api version:  emu-1.1.6
  [INFO] left: run mode = REAL
  [PASS] connected  (handle id=3)
  [PASS] arm power  (ON)
    joint err_flag=[0, 0, 0, 0, 0, 0, 0]  brake_state=[0, 0, 0, 0, 0, 0, 0]
  [PASS] controller/joint errors  (clean)
  [PASS] lift state  (pos=100 hw-mm  current=0 mA  mode=0  err_flag=0)
  [SKIP] rm_clear_system_err  (not requested (--clear-errors))
  starting in 3 ...
  starting in 2 ...
  starting in 1 ...
  D6 acceptance probe: command CURRENT position (100 hw-mm) — no physical motion
    hold-position: ret=0 arrived=True success=True (0.04 s)
  [PASS] lift acceptance probe  (controller accepts lift commands)
    stroke to 90: ret=0 arrived=True success=True (0.06 s)
    back to 100: ret=0 arrived=True success=True (0.06 s)
  [PASS] small stroke probe  (10 hw-mm there and back, events OK)
  pre-positioning pole(s) to full_length (0.29 m -> left=290 (1to1)) ...
  [INFO] left: pole at full length (0.38 s, event=True)
  [PASS] home to full length  (0.29 m -> 290 hw-mm)

  Summary: 7 PASS, 0 FAIL, 1 SKIP

####################################################################
# C5 sim probe  (test_sim_motion_visibility)
####################################################################
====================================================================
C5  Simulation-mode motion visibility probe (no physical motion)
    arm=192.168.1.10  UDP -> 192.168.1.239:8095  probe: J7 +5.0 deg at v=10%
====================================================================
current c api version:  emu-1.1.6
  [INFO] original run mode: REAL
  [PASS] simulation mode engaged and verified
  [INFO] rm_set_realtime_push ret=0
  [PASS] UDP push delivering frames  (71 within 2 s)
  [PASS] probe movej accepted in simulation mode

  ────────────────────────────────────────────────────────────
  VERDICT — simulated motion accessibility (543 UDP frames):
    UDP realtime push sweeps:   YES
    Arrival event fires:        YES (trajectory_state=True)
    TCP polling sweeps:         YES  (1 polls)
  ────────────────────────────────────────────────────────────
  => Simulated motion IS programmatically accessible: the
     sim-rehearsal record-and-verify pipeline is viable.
  [PASS] probe completed with a definitive verdict
  [PASS] probe joint returned to start
  [INFO] run mode restored: REAL (ret=0)

  Summary: 5 PASS, 0 FAIL, 0 SKIP

####################################################################
# C7 hand only  (test_hand_only)
####################################################################
====================================================================
C7  Hand-alone test (protocol probe, then modbus RTU)
    hand on arm=left @ 192.168.1.10   modbus device=1 baud=115200
    ONLY THE HAND MOVES — no arm, no pole motion
    on exit: restore protocol mode (rm_close_modbus_mode)
====================================================================
current c api version:  emu-1.1.6
  [INFO] arm run mode: REAL (hand is a physical peripheral; REAL recommended)
  [PASS] connected  (handle id=5)

  Phase P — protocol path probe (rm_set_hand_angle, blocking 5 s)
  [PASS] protocol path  (WORKS — end port is free; C2/C6 hand steps can use arrival events)

  Phase M — modbus RTU (ANGLE_SET writes, ANGLE_ACT feedback)
  [PASS] modbus session opened  (port 1 @ 115200)
  [PASS] ANGLE_ACT readable  (measured [993, 993, 993, 993, 981, 992])
  [PASS] SPEED_SET written  (500 x6)
    release    reached in  0.3 s  ACT=[993, 993, 993, 993, 981, 992]  (max err 0)
    grasp      reached in  0.3 s  ACT=[33, 33, 33, 33, 133, 944]  (max err 0)
    half_grasp reached in  0.3 s  ACT=[516, 516, 516, 516, 133, 944]  (max err 0)
    release    reached in  0.3 s  ACT=[993, 993, 993, 993, 981, 992]  (max err 0)
  [PASS] modbus command + measured feedback  (release -> grasp -> half_grasp -> release verified via ANGLE_ACT)
  [PASS] FORCE_ACT readable  ([0, 0, 0, 0, 0, 0] g (signed))

  VERDICT: protocol path WORKS; modbus RTU path WORKS with real feedback.
  [INFO] end port restored to protocol mode (rm_close_modbus_mode ret=0)
  [PASS] end-port state restored

  Summary: 8 PASS, 0 FAIL, 0 SKIP

####################################################################
# C2 locked  (test_dual_locked)
####################################################################
====================================================================
C2  Parallel locked dual-arm execution
    left=192.168.1.10  right=192.168.1.103  arm v=20%  lift v=50%
    sequence: [('arm', 'ready'), ('hand', 'release'), ('sync', ('zero', 'half')), ('hand', 'grasp'), ('sync', ('ready', 'full')), ('hand', 'half_grasp'), ('arm', 'rest')]
    mode: as-found  (select with --mode SIM|REAL)
    poles pre-positioned to full length (0.29 m) before the sequence
    BOTH ARMS AND BOTH POLES WILL MOVE
====================================================================
current c api version:  emu-1.1.6
  [INFO] left: run mode = REAL
  [INFO] right: run mode = REAL
  starting in 3 ...
  starting in 2 ...
  starting in 1 ...
  pre-positioning pole(s) to full_length (0.29 m -> left=290 (1to1), right=193 (2to3)) ...
  [INFO] left: pole at full length (0.04 s, event=True)
  [INFO] right: pole at full length (0.29 s, event=True)
  [PASS] poles pre-positioned to full length

  step results:
  ────────────────────────────────────────────────────────────
  ('arm', 'ready')         skew   1.18 ms   L   0.30 s   R   0.30 s   |d|  0.00 s   ok=True
  ('hand', 'release')      skew   0.48 ms   L   0.10 s   R   0.10 s   |d|  0.00 s   ok=True
  ('sync', ('zero', 'half')) skew   2.98 ms   L   0.38 s   R   0.38 s   |d|  0.00 s   ok=True
  ('hand', 'grasp')        skew   0.34 ms   L   0.10 s   R   0.10 s   |d|  0.00 s   ok=True
  ('sync', ('ready', 'full')) skew   3.57 ms   L   0.38 s   R   0.37 s   |d|  0.00 s   ok=True
  ('hand', 'half_grasp')   skew   0.49 ms   L   0.10 s   R   0.10 s   |d|  0.00 s   ok=True
  ('arm', 'rest')          skew   1.21 ms   L   0.19 s   R   0.19 s   |d|  0.00 s   ok=True
  [PASS] all dispatches accepted
  [PASS] sequence completed with barrier per step
  [PASS] dispatch skew  (max 3.57 ms)
  [PASS] arrival via event for every device
  [INFO] completion delta between arms: mean 0.00 s, max 0.00 s
  [INFO] sync left  ('zero', 'half')     arm-dur-est 3.00 s, matched lift 28%, start skew   -0.9 ms, finish skew   +82.0 ms
  [INFO] sync right ('zero', 'half')     arm-dur-est 3.00 s, matched lift 28%, start skew   -1.6 ms, finish skew   +80.6 ms
  [INFO] sync left  ('ready', 'full')    arm-dur-est 3.00 s, matched lift 29%, start skew   -1.1 ms, finish skew   +73.0 ms
  [INFO] sync right ('ready', 'full')    arm-dur-est 3.00 s, matched lift 29%, start skew   -1.1 ms, finish skew   +71.6 ms
  [PASS] arm-pole sync finish  (worst pole lateness +82 ms)

  Summary: 6 PASS, 0 FAIL, 0 SKIP

####################################################################
# C9 single-locked  (test_single_arm_locked)
####################################################################
====================================================================
C9  Single-arm LOCKED sequence (the C2 recipe on one arm)
    arm=left @ 192.168.1.10   arm v=20%   lift v=50% (duration-matched on sync)
    sequence: [('arm', 'ready'), ('hand', 'release'), ('sync', ('zero', 'half')), ('hand', 'grasp'), ('sync', ('ready', 'full')), ('hand', 'half_grasp'), ('arm', 'rest')]
    mode: as-found  (select with --mode SIM|REAL)
    pole pre-positioned to full length (0.29 m) first
    THE LEFT ARM, ITS POLE AND ITS HAND WILL MOVE
    sync dispatch order: LIFT_FIRST (back-to-back)   (vendor Blockly + bench_sync order)
    A frozen sync step waits up to 40 s for the arm event, then position-verifies, halts, and FAILS — let it finish.
====================================================================
current c api version:  emu-1.1.6
  [INFO] left: run mode = REAL
  starting in 3 ...
  starting in 2 ...
  starting in 1 ...
  pre-positioning pole(s) to full_length (0.29 m -> left=290 (1to1)) ...
  [INFO] left: pole at full length (0.04 s, event=True)
  [PASS] pole pre-positioned to full length

  step results (live):
  ────────────────────────────────────────────────────────────
  ('arm', 'ready')           ok=True  arm  0.19 s
  ('hand', 'release')        ok=True  hand  0.10 s
  ('sync', ('zero', 'half')) ok=True  lift  0.38 s   arm  0.30 s   start-skew  -0.9 ms   finish-skew    +82 ms
  ('hand', 'grasp')          ok=True  hand  0.10 s
  ('sync', ('ready', 'full')) ok=True  lift  0.38 s   arm  0.30 s   start-skew  -0.9 ms   finish-skew    +73 ms
  ('hand', 'half_grasp')     ok=True  hand  0.10 s
  ('arm', 'rest')            ok=True  arm  0.19 s
  [PASS] all dispatches accepted
  [PASS] sequence completed
  [PASS] arrival via event for every device
  [INFO] sync ('zero', 'half')     arm-dur-est 3.00 s, matched lift 28%, start skew   -0.9 ms
  [INFO] sync ('ready', 'full')    arm-dur-est 3.00 s, matched lift 29%, start skew   -0.9 ms
  [PASS] sync dispatch gap  (max 0.9 ms between the two commands (budget 50 ms))
  [PASS] arm-pole sync finish  (worst pole lateness +82 ms)

  Summary: 6 PASS, 0 FAIL, 0 SKIP

####################################################################
# C3 chained  (test_dual_chained)
####################################################################
====================================================================
C3  Chained dual-arm execution (left leads, right follows)
    left=192.168.1.10  right=192.168.1.103  arm v=20%  lift v=50%
    sequence: [('arm', 'ready'), ('hand', 'release'), ('sync', ('zero', 'half')), ('hand', 'grasp'), ('sync', ('ready', 'full')), ('hand', 'half_grasp'), ('arm', 'rest')]
    mode: as-found  (select with --mode SIM|REAL)
    poles pre-positioned to full length (0.29 m) before the sequence
    BOTH ARMS AND BOTH POLES WILL MOVE
====================================================================
current c api version:  emu-1.1.6
  [INFO] left: run mode = REAL
  [INFO] right: run mode = REAL
  starting in 3 ...
  starting in 2 ...
  starting in 1 ...
  pre-positioning pole(s) to full_length (0.29 m -> left=290 (1to1), right=193 (2to3)) ...
  [INFO] left: pole at full length (0.04 s, event=True)
  [INFO] right: pole at full length (0.04 s, event=True)
  [PASS] poles pre-positioned to full length

  chain results:
  ────────────────────────────────────────────────────────────
  step 0 ('arm', 'ready')       follower start after leader done, gate latency     0.6 ms, ok=True
  step 1 ('hand', 'release')    follower start after leader done, gate latency    91.5 ms, ok=True
  step 2 ('sync', ('zero', 'half')) follower start after leader done, gate latency     2.0 ms, ok=True
  step 3 ('hand', 'grasp')      follower start after leader done, gate latency   283.2 ms, ok=True
  step 4 ('sync', ('ready', 'full')) follower start after leader done, gate latency     9.7 ms, ok=True
  step 5 ('hand', 'half_grasp') follower start after leader done, gate latency   281.7 ms, ok=True
  step 6 ('arm', 'rest')        follower start after leader done, gate latency   190.3 ms, ok=True
  [PASS] all dispatches accepted
  [PASS] both chains completed
  [PASS] ordering invariant  (follower step k always after leader step k done)
  [PASS] follower gate latency  (max 283.2 ms)

  Summary: 5 PASS, 0 FAIL, 0 SKIP

####################################################################
# C4 free  (test_dual_free)
####################################################################
====================================================================
C4  Free-running dual-arm execution (no cross-arm gates)
    left=192.168.1.10  right=192.168.1.103  arm v=20%  lift v=50%
    sequence: [('arm', 'ready'), ('hand', 'release'), ('sync', ('zero', 'half')), ('hand', 'grasp'), ('sync', ('ready', 'full')), ('hand', 'half_grasp'), ('arm', 'rest')]
    mode: as-found  (select with --mode SIM|REAL)
    poles pre-positioned to full length (0.29 m) before the sequence
    BOTH ARMS AND BOTH POLES WILL MOVE
====================================================================
current c api version:  emu-1.1.6
  [INFO] left: run mode = REAL
  [INFO] right: run mode = REAL
  starting in 3 ...
  starting in 2 ...
  starting in 1 ...
  pre-positioning pole(s) to full_length (0.29 m -> left=290 (1to1), right=193 (2to3)) ...
  [INFO] left: pole at full length (0.04 s, event=True)
  [INFO] right: pole at full length (0.04 s, event=True)
  [PASS] poles pre-positioned to full length

  per-arm timelines:
  ────────────────────────────────────────────────────────────
  left : 7/7 steps in 1.46 s
  right: 7/7 steps in 1.45 s
  [PASS] all dispatches accepted
  [PASS] both arms completed independently
  [PASS] concurrent free run  (window overlap 100% of shorter run)

  Summary: 4 PASS, 0 FAIL, 0 SKIP

####################################################################
# C6 single-arm  (test_single_arm_planned)
####################################################################
====================================================================
C6  Single-arm planned moves + CONCURRENT hand motion
    arm=left @ 192.168.1.10   movej v=20%   X offset +20 cm (world frame)
    hand states: release / grasp / half_grasp (acked_angle: non-blocking + duration dwell, butterfli_hw semantics)
    mode: as-found  (select with --mode SIM|REAL)
    pole pre-positioned to full length (0.29 m) first
    THE LEFT ARM, ITS POLE AND ITS HAND WILL MOVE
====================================================================
current c api version:  emu-1.1.6
  [INFO] left: run mode = REAL
  starting in 3 ...
  starting in 2 ...
  starting in 1 ...
  pre-positioning pole(s) to full_length (0.29 m -> left=290 (1to1)) ...
  [INFO] left: pole at full length (0.04 s, event=True)
  [PASS] pole pre-positioned to full length
  movej ready + release      ok=True  arm  0.19 s   hand  0.10 s   hand-arm finish -0.09 s  (hand done DURING arm motion)
  [PASS] movej to ready + hand release
  movej rest + grasp         ok=True  arm  0.19 s   hand  0.10 s   hand-arm finish -0.09 s  (hand done DURING arm motion)
  [PASS] movej to rest_pose + hand grasp
  pose at rest: x=-0.058 y=+0.101 z=+0.488  ->  target x=+0.142
  movej_p +X + half_grasp: arm 0.15 s, hand finish skew -0.05 s  (hand done DURING arm motion)
  displacement: dx=+0.200 dy=+0.000 dz=+0.000 m
  [PASS] movej_p +X + half_grasp verified  (dx=+0.200 m (target +0.20))
  movej ready + release      ok=True  arm  0.21 s   hand  0.10 s   hand-arm finish -0.11 s  (hand done DURING arm motion)
  [PASS] movej back to ready + hand release
  [PASS] planned-move pipeline exercised  (movej x3 + movej_p x1 + hand x4 concurrent, no passthrough)
  [PASS] hand moved concurrently with arm  (4/4 phases finished during arm motion; finish skews -0.09s, -0.09s, -0.05s, -0.11s)

  Summary: 7 PASS, 0 FAIL, 0 SKIP

####################################################################
# C2 arm-only drill  (--no-hands --no-pole)
####################################################################
====================================================================
C2  Parallel locked dual-arm execution
    left=192.168.1.10  right=192.168.1.103  arm v=20%  lift v=50%
    sequence: [('arm', 'ready'), ('arm', 'zero'), ('arm', 'ready'), ('arm', 'rest')]   [--no-hands: hand steps stripped]   [--no-pole: pole/sync-lift steps stripped]
    mode: as-found  (select with --mode SIM|REAL)
    pole pre-positioning SKIPPED (--no-pole)
    BOTH ARMS WILL MOVE (poles stay put)
====================================================================
current c api version:  emu-1.1.6
  [INFO] left: run mode = REAL
  [INFO] right: run mode = REAL
  starting in 3 ...
  starting in 2 ...
  starting in 1 ...
  [PASS] poles pre-positioned to full length  (SKIPPED — poles disabled (--no-pole))

  step results:
  ────────────────────────────────────────────────────────────
  ('arm', 'ready')         skew   1.34 ms   L   0.01 s   R   0.19 s   |d|  0.19 s   ok=True
  ('arm', 'zero')          skew   1.27 ms   L   0.30 s   R   0.30 s   |d|  0.00 s   ok=True
  ('arm', 'ready')         skew   0.89 ms   L   0.30 s   R   0.30 s   |d|  0.00 s   ok=True
  ('arm', 'rest')          skew   1.42 ms   L   0.19 s   R   0.19 s   |d|  0.00 s   ok=True
  [PASS] all dispatches accepted
  [PASS] sequence completed with barrier per step
  [PASS] dispatch skew  (max 1.42 ms)
  [PASS] arrival via event for every device
  [INFO] completion delta between arms: mean 0.05 s, max 0.19 s
  [PASS] arm-pole sync finish  (SKIPPED — poles disabled (--no-pole))

  Summary: 6 PASS, 0 FAIL, 0 SKIP

####################################################################
# C9 sync-order drill  (the arm-freeze regression)
####################################################################

-- drill A: arm_first must REPRODUCE the freeze --
====================================================================
C9  Single-arm LOCKED sequence (the C2 recipe on one arm)
    arm=left @ 192.168.1.10   arm v=20%   lift v=50% (duration-matched on sync)
    sequence: [('arm', 'ready'), ('sync', ('zero', 'half')), ('sync', ('ready', 'full')), ('arm', 'rest')]   [--no-hands: hand steps stripped]
    mode: as-found  (select with --mode SIM|REAL)
    pole pre-positioned to full length (0.29 m) first
    THE LEFT ARM AND ITS POLE WILL MOVE
    sync dispatch order: LIFT_FIRST (back-to-back)   (vendor Blockly + bench_sync order)
    A frozen sync step waits up to 40 s for the arm event, then position-verifies, halts, and FAILS — let it finish.
====================================================================
current c api version:  emu-1.1.6
  [INFO] left: run mode = REAL
  starting in 3 ...
  starting in 2 ...
  starting in 1 ...
  pre-positioning pole(s) to full_length (0.29 m -> left=290 (1to1)) ...
  [INFO] left: pole at full length (0.04 s, event=True)
  [PASS] pole pre-positioned to full length

  step results (live):
  ────────────────────────────────────────────────────────────
  ('arm', 'ready')           ok=True  arm  0.19 s
  ('sync', ('zero', 'half')) ok=False  arm  2.00 s   lift  0.38 s   start-skew   1.0 ms   finish-skew  -1617 ms
  [PASS] all dispatches accepted
  [FAIL] sequence completed  (2/4 steps; first failure at ('sync', ('zero', 'half')))
  [WARN] 1 dispatched devices never delivered an arrival event (0 recovered by position fallback; hand has no fallback) — the C2 freeze signature if the device is the ARM on a sync step
  [FAIL] arrival via event for every device  (1 missing)
  [INFO] sync ('zero', 'half')     arm-dur-est 3.00 s, matched lift 28%, start skew    1.0 ms
  [PASS] sync dispatch gap  (max 1.0 ms between the two commands (budget 50 ms))
  [FAIL] arm-pole sync finish  (no sync step produced both completions (the freeze outcome))

  Summary: 3 PASS, 3 FAIL, 0 SKIP

-- drill B: lift_first must complete the sequence --
====================================================================
C9  Single-arm LOCKED sequence (the C2 recipe on one arm)
    arm=left @ 192.168.1.10   arm v=20%   lift v=50% (duration-matched on sync)
    sequence: [('arm', 'ready'), ('sync', ('zero', 'half')), ('sync', ('ready', 'full')), ('arm', 'rest')]   [--no-hands: hand steps stripped]
    mode: as-found  (select with --mode SIM|REAL)
    pole pre-positioned to full length (0.29 m) first
    THE LEFT ARM AND ITS POLE WILL MOVE
    sync dispatch order: LIFT_FIRST (back-to-back)   (vendor Blockly + bench_sync order)
    A frozen sync step waits up to 40 s for the arm event, then position-verifies, halts, and FAILS — let it finish.
====================================================================
current c api version:  emu-1.1.6
  [INFO] left: run mode = REAL
  starting in 3 ...
  starting in 2 ...
  starting in 1 ...
  pre-positioning pole(s) to full_length (0.29 m -> left=290 (1to1)) ...
  [INFO] left: pole at full length (0.29 s, event=True)
  [PASS] pole pre-positioned to full length

  step results (live):
  ────────────────────────────────────────────────────────────
  ('arm', 'ready')           ok=True  arm  0.01 s
  ('sync', ('zero', 'half')) ok=True  lift  0.38 s   arm  0.30 s   start-skew  -1.0 ms   finish-skew    +82 ms
  ('sync', ('ready', 'full')) ok=True  lift  0.38 s   arm  0.30 s   start-skew  -1.1 ms   finish-skew    +73 ms
  ('arm', 'rest')            ok=True  arm  0.19 s
  [PASS] all dispatches accepted
  [PASS] sequence completed
  [PASS] arrival via event for every device
  [INFO] sync ('zero', 'half')     arm-dur-est 3.00 s, matched lift 28%, start skew   -1.0 ms
  [INFO] sync ('ready', 'full')    arm-dur-est 3.00 s, matched lift 29%, start skew   -1.1 ms
  [PASS] sync dispatch gap  (max 1.1 ms between the two commands (budget 50 ms))
  [PASS] arm-pole sync finish  (worst pole lateness +82 ms)

  Summary: 6 PASS, 0 FAIL, 0 SKIP

  drill verdict: arm_first exit 1 (want nonzero), lift_first exit 0 (want 0) -> OK

####################################################################
# C8 locked-pole drill  (fault injection)
####################################################################

-- drill A: pole locked, C8 must FAIL with the diagnosis --
====================================================================
C8  Pole-only diagnostic (lift acceptance + state dump)
    pole on arm=left @ 192.168.1.10   gearing=1to1 (hw max 330)
    ONLY THE POLE MOVES — arm and hand stay still
    mode: as-found  (select with --mode SIM|REAL)  [lift does NOT execute in SIM]
====================================================================
current c api version:  emu-1.1.6
  [INFO] left: run mode = REAL
  [PASS] connected  (handle id=18)
  [PASS] arm power  (ON)
    joint err_flag=[0, 0, 0, 0, 0, 0, 0]  brake_state=[0, 0, 0, 0, 0, 0, 0]
  [FAIL] controller/joint errors  (sys=['4103'] joints=[] — latched errors block motion; rerun with --clear-errors)
  [FAIL] lift state  (pos=290 hw-mm  current=0 mA  mode=0  err_flag=1 — LIFT DRIVER ERROR latched (stall/overcurrent?); try --clear-errors, then power cycle)
  [SKIP] rm_clear_system_err  (not requested (--clear-errors))
  starting in 3 ...
  starting in 2 ...
  starting in 1 ...
  D6 acceptance probe: command CURRENT position (290 hw-mm) — no physical motion
    hold-position: REJECTED ret=1
  [FAIL] lift acceptance probe  (the 20:38 signature — controller rejects/ignores lift commands)
  [DIAG] left: lift command REJECTED by the controller (set_state false) — state dump:
  [DIAG]   arm power: ON
  [DIAG]   controller err: 4103  <-- likely cause: clear via --clear-errors / Web GUI
  [DIAG]   joint err flags: clean   brake_state=[0, 0, 0, 0, 0, 0, 0]
  [DIAG]   lift state: pos=290 hw-mm  current=0 mA  mode=0  err_flag=1  <-- LIFT DRIVER ERROR latched (stall/overcurrent?)
  [DIAG] recovery ladder: (1) release/reset the physical e-stop, (2) clear errors (RM_ARM=left python3 test_pole_only.py --clear-errors), (3) check the Web GUI lift panel moves the pole, (4) power-cycle the arm.
  [SKIP] small stroke probe  (acceptance probe failed)
  [SKIP] home to full length  (earlier probe failed)

  Summary: 2 PASS, 3 FAIL, 3 SKIP

-- drill B: C8 --clear-errors must recover and pass --
====================================================================
C8  Pole-only diagnostic (lift acceptance + state dump)
    pole on arm=left @ 192.168.1.10   gearing=1to1 (hw max 330)
    ONLY THE POLE MOVES — arm and hand stay still
    --clear-errors: rm_clear_system_err will run before D6
    mode: as-found  (select with --mode SIM|REAL)  [lift does NOT execute in SIM]
====================================================================
current c api version:  emu-1.1.6
  [INFO] left: run mode = REAL
  [PASS] connected  (handle id=19)
  [PASS] arm power  (ON)
    joint err_flag=[0, 0, 0, 0, 0, 0, 0]  brake_state=[0, 0, 0, 0, 0, 0, 0]
  [PASS] controller/joint errors  (latched: sys=['4103'] joints=[] — clearing next)
  [PASS] lift state  (pos=290 hw-mm  current=0 mA  mode=0  err_flag=1 — driver error latched, clearing next)
  [PASS] rm_clear_system_err  (ret=0)
  starting in 3 ...
  starting in 2 ...
  starting in 1 ...
  D6 acceptance probe: command CURRENT position (290 hw-mm) — no physical motion
    hold-position: ret=0 arrived=True success=True (0.04 s)
  [PASS] lift acceptance probe  (controller accepts lift commands)
    stroke to 280: ret=0 arrived=True success=True (0.06 s)
    back to 290: ret=0 arrived=True success=True (0.06 s)
  [PASS] small stroke probe  (10 hw-mm there and back, events OK)
  pre-positioning pole(s) to full_length (0.29 m -> left=290 (1to1)) ...
  [INFO] left: pole at full length (0.04 s, event=True)
  [PASS] home to full length  (0.29 m -> 290 hw-mm)

  Summary: 8 PASS, 0 FAIL, 0 SKIP

  drill verdict: locked exit 1 (want nonzero), recover exit 0 (want 0) -> OK

====================================================================
Emulated suite summary
  C1 connect   exit 0  (OK)
  C8 pole diag exit 0  (OK)
  C5 sim probe exit 0  (OK)
  C7 hand only exit 0  (OK)
  C2 locked    exit 0  (OK)
  C9 single-locked exit 0  (OK)
  C3 chained   exit 0  (OK)
  C4 free      exit 0  (OK)
  C6 single-arm exit 0  (OK)
  C2 arm-only drill exit 0  (OK)
  C9 sync-order drill exit 0  (OK)
  C8 locked drill exit 0  (OK)
====================================================================

========================================================================
  Script : run_emulated_suite.py
  Log    : run_emulated_suite.log
  Started: 2026-08-07 10:37:48
========================================================================
====================================================================
EMULATED dual-arm concept suite  (time scale x10)
Arms are emulated in-process — nothing physical moves.
====================================================================

####################################################################
# C1 connect  (test_dual_connect)
####################################################################
====================================================================
C1  Dual-arm connectivity pre-check  (no motion is commanded)
    left=192.168.1.10  right=192.168.1.103
====================================================================
current c api version:  emu-1.1.6
  [PASS] left: robot info  (RM_75 7-DOF, controller gen 3)
  [PASS] left: arm state clean  (err codes ['0'])
  [PASS] left: lift state  (pos=100 of 330 (1to1))
  [INFO] left: run mode = REAL
  [PASS] right: robot info  (RM_75 7-DOF, controller gen 3)
  [PASS] right: arm state clean  (err codes ['0'])
  [PASS] right: lift state  (pos=100 of 200 (2to3))
  [INFO] right: run mode = REAL
  [PASS] handles distinct  (left id=1 right id=2)
  [PASS] event callback registered  (process-global, demuxed by handle_id)
  [PASS] pre-check complete  (no motion was commanded)

  Summary: 9 PASS, 0 FAIL, 0 SKIP

####################################################################
# C8 pole diag  (test_pole_only)
####################################################################
====================================================================
C8  Pole-only diagnostic (lift acceptance + state dump)
    pole on arm=left @ 192.168.1.10   gearing=1to1 (hw max 330)
    ONLY THE POLE MOVES — arm and hand stay still
    mode: as-found  (select with --mode SIM|REAL)  [lift does NOT execute in SIM]
====================================================================
current c api version:  emu-1.1.6
  [INFO] left: run mode = REAL
  [PASS] connected  (handle id=3)
  [PASS] arm power  (ON)
    joint err_flag=[0, 0, 0, 0, 0, 0, 0]  brake_state=[0, 0, 0, 0, 0, 0, 0]
  [PASS] controller/joint errors  (clean)
  [PASS] lift state  (pos=100 hw-mm  current=0 mA  mode=0  err_flag=0)
  [SKIP] rm_clear_system_err  (not requested (--clear-errors))
  starting in 3 ...
  starting in 2 ...
  starting in 1 ...
  D6 acceptance probe: command CURRENT position (100 hw-mm) — no physical motion
    hold-position: ret=0 arrived=True success=True (0.04 s)
  [PASS] lift acceptance probe  (controller accepts lift commands)
    stroke to 90: ret=0 arrived=True success=True (0.06 s)
    back to 100: ret=0 arrived=True success=True (0.06 s)
  [PASS] small stroke probe  (10 hw-mm there and back, events OK)
  pre-positioning pole(s) to full_length (0.29 m -> left=290 (1to1)) ...
  [INFO] left: pole at full length (0.38 s, event=True)
  [PASS] home to full length  (0.29 m -> 290 hw-mm)

  Summary: 7 PASS, 0 FAIL, 1 SKIP

####################################################################
# C5 sim probe  (test_sim_motion_visibility)
####################################################################
====================================================================
C5  Simulation-mode motion visibility probe (no physical motion)
    arm=192.168.1.10  UDP -> 192.168.1.239:8095  probe: J7 +5.0 deg at v=10%
====================================================================
current c api version:  emu-1.1.6
  [INFO] original run mode: REAL
  [PASS] simulation mode engaged and verified
  [INFO] rm_set_realtime_push ret=0
  [PASS] UDP push delivering frames  (78 within 2 s)
  [PASS] probe movej accepted in simulation mode

  ────────────────────────────────────────────────────────────
  VERDICT — simulated motion accessibility (534 UDP frames):
    UDP realtime push sweeps:   YES
    Arrival event fires:        YES (trajectory_state=True)
    TCP polling sweeps:         YES  (1 polls)
  ────────────────────────────────────────────────────────────
  => Simulated motion IS programmatically accessible: the
     sim-rehearsal record-and-verify pipeline is viable.
  [PASS] probe completed with a definitive verdict
  [PASS] probe joint returned to start
  [INFO] run mode restored: REAL (ret=0)

  Summary: 5 PASS, 0 FAIL, 0 SKIP

####################################################################
# C7 hand only  (test_hand_only)
####################################################################
====================================================================
C7  Hand-alone test (protocol probe, then modbus RTU)
    hand on arm=left @ 192.168.1.10   modbus device=1 baud=115200
    ONLY THE HAND MOVES — no arm, no pole motion
    on exit: restore protocol mode (rm_close_modbus_mode)
====================================================================
current c api version:  emu-1.1.6
  [INFO] arm run mode: REAL (hand is a physical peripheral; REAL recommended)
  [PASS] connected  (handle id=5)

  Phase P — protocol path probe (rm_set_hand_angle, blocking 5 s)
  [PASS] protocol path  (WORKS — end port is free; C2/C6 hand steps can use arrival events)

  Phase M — modbus RTU (ANGLE_SET writes, ANGLE_ACT feedback)
  [PASS] modbus session opened  (port 1 @ 115200)
  [PASS] ANGLE_ACT readable  (measured [993, 993, 993, 993, 981, 992])
  [PASS] SPEED_SET written  (500 x6)
    release    reached in  0.3 s  ACT=[993, 993, 993, 993, 981, 992]  (max err 0)
    grasp      reached in  0.3 s  ACT=[33, 33, 33, 33, 133, 944]  (max err 0)
    half_grasp reached in  0.3 s  ACT=[516, 516, 516, 516, 133, 944]  (max err 0)
    release    reached in  0.3 s  ACT=[993, 993, 993, 993, 981, 992]  (max err 0)
  [PASS] modbus command + measured feedback  (release -> grasp -> half_grasp -> release verified via ANGLE_ACT)
  [PASS] FORCE_ACT readable  ([0, 0, 0, 0, 0, 0] g (signed))

  VERDICT: protocol path WORKS; modbus RTU path WORKS with real feedback.
  [INFO] end port restored to protocol mode (rm_close_modbus_mode ret=0)
  [PASS] end-port state restored

  Summary: 8 PASS, 0 FAIL, 0 SKIP

####################################################################
# C2 locked  (test_dual_locked)
####################################################################
====================================================================
C2  Parallel locked dual-arm execution
    left=192.168.1.10  right=192.168.1.103  arm v=20%  lift v=50%
    sequence: [('arm', 'ready'), ('hand', 'release'), ('sync', ('zero', 'half')), ('hand', 'grasp'), ('sync', ('ready', 'full')), ('hand', 'half_grasp'), ('arm', 'rest')]
    mode: as-found  (select with --mode SIM|REAL)
    poles pre-positioned to full length (0.29 m) before the sequence
    BOTH ARMS AND BOTH POLES WILL MOVE
====================================================================
current c api version:  emu-1.1.6
  [INFO] left: run mode = REAL
  [INFO] right: run mode = REAL
  [INFO] left: error state clean
  [INFO] right: error state clean
  [PASS] no latched controller errors  (no latched errors)
  starting in 3 ...
  starting in 2 ...
  starting in 1 ...
  pre-positioning pole(s) to full_length (0.29 m -> left=290 (1to1), right=193 (2to3)) ...
  [INFO] left: pole at full length (0.04 s, event=True)
  [INFO] right: pole at full length (0.29 s, event=True)
  [PASS] poles pre-positioned to full length

  step results:
  ────────────────────────────────────────────────────────────
  ('arm', 'ready')         skew   0.74 ms   L   0.30 s   R   0.30 s   |d|  0.00 s   ok=True
  ('hand', 'release')      skew   1.71 ms   L   0.10 s   R   0.10 s   |d|  0.00 s   ok=True
  ('sync', ('zero', 'half')) skew   3.78 ms   L   0.38 s   R   0.38 s   |d|  0.00 s   ok=True
  ('hand', 'grasp')        skew   0.62 ms   L   0.10 s   R   0.10 s   |d|  0.00 s   ok=True
  ('sync', ('ready', 'full')) skew   3.62 ms   L   0.38 s   R   0.37 s   |d|  0.00 s   ok=True
  ('hand', 'half_grasp')   skew   0.51 ms   L   0.10 s   R   0.10 s   |d|  0.00 s   ok=True
  ('arm', 'rest')          skew   1.14 ms   L   0.19 s   R   0.19 s   |d|  0.00 s   ok=True
  [PASS] all dispatches accepted
  [PASS] sequence completed with barrier per step
  [PASS] dispatch skew  (max 3.78 ms)
  [PASS] arrival via event for every device
  [INFO] completion delta between arms: mean 0.00 s, max 0.00 s
  [INFO] sync left  ('zero', 'half')     arm-dur-est 3.00 s, matched lift 28%, start skew   -1.2 ms, finish skew   +81.7 ms
  [INFO] sync right ('zero', 'half')     arm-dur-est 3.00 s, matched lift 28%, start skew   -1.3 ms, finish skew   +80.3 ms
  [INFO] sync left  ('ready', 'full')    arm-dur-est 3.00 s, matched lift 29%, start skew   -1.1 ms, finish skew   +72.8 ms
  [INFO] sync right ('ready', 'full')    arm-dur-est 3.00 s, matched lift 29%, start skew   -0.8 ms, finish skew   +72.1 ms
  [PASS] arm-pole sync finish  (worst pole lateness +82 ms)

  Summary: 7 PASS, 0 FAIL, 0 SKIP

####################################################################
# C9 single-locked  (test_single_arm_locked)
####################################################################
====================================================================
C9  Single-arm LOCKED sequence (the C2 recipe on one arm)
    arm=left @ 192.168.1.10   arm v=20%   lift v=50% (duration-matched on sync)
    sequence: [('arm', 'ready'), ('hand', 'release'), ('sync', ('zero', 'half')), ('hand', 'grasp'), ('sync', ('ready', 'full')), ('hand', 'half_grasp'), ('arm', 'rest')]
    mode: as-found  (select with --mode SIM|REAL)
    pole pre-positioned to full length (0.29 m) first
    THE LEFT ARM, ITS POLE AND ITS HAND WILL MOVE
    sync dispatch order: LIFT_FIRST (back-to-back)   (vendor Blockly + bench_sync order)
    A frozen sync step waits up to 40 s for the arm event, then position-verifies, halts, and FAILS — let it finish.
====================================================================
current c api version:  emu-1.1.6
  [INFO] left: run mode = REAL
  [INFO] left: error state clean
  [PASS] no latched controller errors  (no latched errors)
  starting in 3 ...
  starting in 2 ...
  starting in 1 ...
  pre-positioning pole(s) to full_length (0.29 m -> left=290 (1to1)) ...
  [INFO] left: pole at full length (0.04 s, event=True)
  [PASS] pole pre-positioned to full length

  step results (live):
  ────────────────────────────────────────────────────────────
  ('arm', 'ready')           ok=True  arm  0.19 s
  ('hand', 'release')        ok=True  hand  0.10 s
  ('sync', ('zero', 'half')) ok=True  lift  0.38 s   arm  0.30 s   start-skew  -1.1 ms   finish-skew    +82 ms
  ('hand', 'grasp')          ok=True  hand  0.10 s
  ('sync', ('ready', 'full')) ok=True  lift  0.38 s   arm  0.30 s   start-skew  -1.3 ms   finish-skew    +73 ms
  ('hand', 'half_grasp')     ok=True  hand  0.10 s
  ('arm', 'rest')            ok=True  arm  0.19 s
  [PASS] all dispatches accepted
  [PASS] sequence completed
  [PASS] arrival via event for every device
  [INFO] sync ('zero', 'half')     arm-dur-est 3.00 s, matched lift 28%, start skew   -1.1 ms
  [INFO] sync ('ready', 'full')    arm-dur-est 3.00 s, matched lift 29%, start skew   -1.3 ms
  [PASS] sync dispatch gap  (max 1.3 ms between the two commands (budget 50 ms))
  [PASS] arm-pole sync finish  (worst pole lateness +82 ms)

  Summary: 7 PASS, 0 FAIL, 0 SKIP

####################################################################
# C3 chained  (test_dual_chained)
####################################################################
====================================================================
C3  Chained dual-arm execution (left leads, right follows)
    left=192.168.1.10  right=192.168.1.103  arm v=20%  lift v=50%
    sequence: [('arm', 'ready'), ('hand', 'release'), ('sync', ('zero', 'half')), ('hand', 'grasp'), ('sync', ('ready', 'full')), ('hand', 'half_grasp'), ('arm', 'rest')]
    mode: as-found  (select with --mode SIM|REAL)
    poles pre-positioned to full length (0.29 m) before the sequence
    BOTH ARMS AND BOTH POLES WILL MOVE
====================================================================
current c api version:  emu-1.1.6
  [INFO] left: run mode = REAL
  [INFO] right: run mode = REAL
  [INFO] left: error state clean
  [INFO] right: error state clean
  [PASS] no latched controller errors  (no latched errors)
  starting in 3 ...
  starting in 2 ...
  starting in 1 ...
  pre-positioning pole(s) to full_length (0.29 m -> left=290 (1to1), right=193 (2to3)) ...
  [INFO] left: pole at full length (0.04 s, event=True)
  [INFO] right: pole at full length (0.04 s, event=True)
  [PASS] poles pre-positioned to full length

  chain results:
  ────────────────────────────────────────────────────────────
  step 0 ('arm', 'ready')       follower start after leader done, gate latency     0.6 ms, ok=True
  step 1 ('hand', 'release')    follower start after leader done, gate latency    91.4 ms, ok=True
  step 2 ('sync', ('zero', 'half')) follower start after leader done, gate latency     2.6 ms, ok=True
  step 3 ('hand', 'grasp')      follower start after leader done, gate latency   283.0 ms, ok=True
  step 4 ('sync', ('ready', 'full')) follower start after leader done, gate latency     8.7 ms, ok=True
  step 5 ('hand', 'half_grasp') follower start after leader done, gate latency   281.3 ms, ok=True
  step 6 ('arm', 'rest')        follower start after leader done, gate latency   190.0 ms, ok=True
  [PASS] all dispatches accepted
  [PASS] both chains completed
  [PASS] ordering invariant  (follower step k always after leader step k done)
  [PASS] follower gate latency  (max 283.0 ms)

  Summary: 6 PASS, 0 FAIL, 0 SKIP

####################################################################
# C4 free  (test_dual_free)
####################################################################
====================================================================
C4  Free-running dual-arm execution (no cross-arm gates)
    left=192.168.1.10  right=192.168.1.103  arm v=20%  lift v=50%
    sequence: [('arm', 'ready'), ('hand', 'release'), ('sync', ('zero', 'half')), ('hand', 'grasp'), ('sync', ('ready', 'full')), ('hand', 'half_grasp'), ('arm', 'rest')]
    mode: as-found  (select with --mode SIM|REAL)
    poles pre-positioned to full length (0.29 m) before the sequence
    BOTH ARMS AND BOTH POLES WILL MOVE
====================================================================
current c api version:  emu-1.1.6
  [INFO] left: run mode = REAL
  [INFO] right: run mode = REAL
  [INFO] left: error state clean
  [INFO] right: error state clean
  [PASS] no latched controller errors  (no latched errors)
  starting in 3 ...
  starting in 2 ...
  starting in 1 ...
  pre-positioning pole(s) to full_length (0.29 m -> left=290 (1to1), right=193 (2to3)) ...
  [INFO] left: pole at full length (0.04 s, event=True)
  [INFO] right: pole at full length (0.04 s, event=True)
  [PASS] poles pre-positioned to full length

  per-arm timelines:
  ────────────────────────────────────────────────────────────
  left : 7/7 steps in 1.45 s
  right: 7/7 steps in 1.45 s
  [PASS] all dispatches accepted
  [PASS] both arms completed independently
  [PASS] concurrent free run  (window overlap 100% of shorter run)

  Summary: 5 PASS, 0 FAIL, 0 SKIP

####################################################################
# C6 single-arm  (test_single_arm_planned)
####################################################################
====================================================================
C6  Single-arm planned moves + CONCURRENT hand motion
    arm=left @ 192.168.1.10   movej v=20%   X offset +20 cm (world frame)
    hand states: release / grasp / half_grasp (acked_angle: non-blocking + duration dwell, butterfli_hw semantics)
    mode: as-found  (select with --mode SIM|REAL)
    pole pre-positioned to full length (0.29 m) first
    THE LEFT ARM, ITS POLE AND ITS HAND WILL MOVE
====================================================================
current c api version:  emu-1.1.6
  [INFO] left: run mode = REAL
  [INFO] left: error state clean
  [PASS] no latched controller errors  (no latched errors)
  starting in 3 ...
  starting in 2 ...
  starting in 1 ...
  pre-positioning pole(s) to full_length (0.29 m -> left=290 (1to1)) ...
  [INFO] left: pole at full length (0.04 s, event=True)
  [PASS] pole pre-positioned to full length
  movej ready + release      ok=True  arm  0.19 s   hand  0.10 s   hand-arm finish -0.09 s  (hand done DURING arm motion)
  [PASS] movej to ready + hand release
  movej rest + grasp         ok=True  arm  0.19 s   hand  0.10 s   hand-arm finish -0.09 s  (hand done DURING arm motion)
  [PASS] movej to rest_pose + hand grasp
  pose at rest: x=-0.058 y=+0.101 z=+0.488  ->  target x=+0.142
  movej_p +X + half_grasp: arm 0.15 s, hand finish skew -0.05 s  (hand done DURING arm motion)
  displacement: dx=+0.200 dy=+0.000 dz=+0.000 m
  [PASS] movej_p +X + half_grasp verified  (dx=+0.200 m (target +0.20))
  movej ready + release      ok=True  arm  0.21 s   hand  0.10 s   hand-arm finish -0.11 s  (hand done DURING arm motion)
  [PASS] movej back to ready + hand release
  [PASS] planned-move pipeline exercised  (movej x3 + movej_p x1 + hand x4 concurrent, no passthrough)
  [PASS] hand moved concurrently with arm  (4/4 phases finished during arm motion; finish skews -0.09s, -0.09s, -0.05s, -0.11s)

  Summary: 8 PASS, 0 FAIL, 0 SKIP

####################################################################
# C2 arm-only drill  (--no-hands --no-pole)
####################################################################
====================================================================
C2  Parallel locked dual-arm execution
    left=192.168.1.10  right=192.168.1.103  arm v=20%  lift v=50%
    sequence: [('arm', 'ready'), ('arm', 'zero'), ('arm', 'ready'), ('arm', 'rest')]   [--no-hands: hand steps stripped]   [--no-pole: pole/sync-lift steps stripped]
    mode: as-found  (select with --mode SIM|REAL)
    pole pre-positioning SKIPPED (--no-pole)
    BOTH ARMS WILL MOVE (poles stay put)
====================================================================
current c api version:  emu-1.1.6
  [INFO] left: run mode = REAL
  [INFO] right: run mode = REAL
  [INFO] left: error state clean
  [INFO] right: error state clean
  [PASS] no latched controller errors  (no latched errors)
  starting in 3 ...
  starting in 2 ...
  starting in 1 ...
  [PASS] poles pre-positioned to full length  (SKIPPED — poles disabled (--no-pole))

  step results:
  ────────────────────────────────────────────────────────────
  ('arm', 'ready')         skew   1.38 ms   L   0.01 s   R   0.19 s   |d|  0.19 s   ok=True
  ('arm', 'zero')          skew   1.16 ms   L   0.30 s   R   0.30 s   |d|  0.00 s   ok=True
  ('arm', 'ready')         skew   1.59 ms   L   0.30 s   R   0.30 s   |d|  0.00 s   ok=True
  ('arm', 'rest')          skew   1.12 ms   L   0.19 s   R   0.19 s   |d|  0.00 s   ok=True
  [PASS] all dispatches accepted
  [PASS] sequence completed with barrier per step
  [PASS] dispatch skew  (max 1.59 ms)
  [PASS] arrival via event for every device
  [INFO] completion delta between arms: mean 0.05 s, max 0.19 s
  [PASS] arm-pole sync finish  (SKIPPED — poles disabled (--no-pole))

  Summary: 7 PASS, 0 FAIL, 0 SKIP

####################################################################
# C9 sync-order drill  (the arm-freeze regression)
####################################################################

-- drill A: arm_first must REPRODUCE the freeze --
====================================================================
C9  Single-arm LOCKED sequence (the C2 recipe on one arm)
    arm=left @ 192.168.1.10   arm v=20%   lift v=50% (duration-matched on sync)
    sequence: [('arm', 'ready'), ('sync', ('zero', 'half')), ('sync', ('ready', 'full')), ('arm', 'rest')]   [--no-hands: hand steps stripped]
    mode: as-found  (select with --mode SIM|REAL)
    pole pre-positioned to full length (0.29 m) first
    THE LEFT ARM AND ITS POLE WILL MOVE
    sync dispatch order: LIFT_FIRST (back-to-back)   (vendor Blockly + bench_sync order)
    A frozen sync step waits up to 40 s for the arm event, then position-verifies, halts, and FAILS — let it finish.
====================================================================
current c api version:  emu-1.1.6
  [INFO] left: run mode = REAL
  [INFO] left: error state clean
  [PASS] no latched controller errors  (no latched errors)
  starting in 3 ...
  starting in 2 ...
  starting in 1 ...
  pre-positioning pole(s) to full_length (0.29 m -> left=290 (1to1)) ...
  [INFO] left: pole at full length (0.04 s, event=True)
  [PASS] pole pre-positioned to full length

  step results (live):
  ────────────────────────────────────────────────────────────
  ('arm', 'ready')           ok=True  arm  0.19 s
  ('sync', ('zero', 'half')) ok=False  arm  2.00 s   lift  0.38 s   start-skew   1.2 ms   finish-skew  -1617 ms
  [PASS] all dispatches accepted
  [FAIL] sequence completed  (2/4 steps; first failure at ('sync', ('zero', 'half')))
  [WARN] 1 dispatched devices never delivered an arrival event (0 recovered by position fallback; hand has no fallback) — the C2 freeze signature if the device is the ARM on a sync step
  [FAIL] arrival via event for every device  (1 missing)
  [INFO] sync ('zero', 'half')     arm-dur-est 3.00 s, matched lift 28%, start skew    1.2 ms
  [PASS] sync dispatch gap  (max 1.2 ms between the two commands (budget 50 ms))
  [FAIL] arm-pole sync finish  (no sync step produced both completions (the freeze outcome))

  Summary: 4 PASS, 3 FAIL, 0 SKIP

-- drill B: lift_first must complete the sequence --
====================================================================
C9  Single-arm LOCKED sequence (the C2 recipe on one arm)
    arm=left @ 192.168.1.10   arm v=20%   lift v=50% (duration-matched on sync)
    sequence: [('arm', 'ready'), ('sync', ('zero', 'half')), ('sync', ('ready', 'full')), ('arm', 'rest')]   [--no-hands: hand steps stripped]
    mode: as-found  (select with --mode SIM|REAL)
    pole pre-positioned to full length (0.29 m) first
    THE LEFT ARM AND ITS POLE WILL MOVE
    sync dispatch order: LIFT_FIRST (back-to-back)   (vendor Blockly + bench_sync order)
    A frozen sync step waits up to 40 s for the arm event, then position-verifies, halts, and FAILS — let it finish.
====================================================================
current c api version:  emu-1.1.6
  [INFO] left: run mode = REAL
  [WARN] left: LATCHED ERRORS — system 5001; joints J1=16,J2=16,J3=16,J4=16,J5=16,J6=16,J7=16
  [FAIL] no latched controller errors  (left: system 5001; joints J1=16,J2=16,J3=16,J4=16,J5=16,J6=16,J7=16 — motion will be REJECTED (ret=1); rerun with --clear-errors (power-cycle if they persist))

  Summary: 0 PASS, 1 FAIL, 0 SKIP

  drill verdict: arm_first exit 1 (want nonzero), lift_first exit 1 (want 0) -> FAIL

####################################################################
# C8 locked-pole drill  (fault injection)
####################################################################

-- drill A: pole locked, C8 must FAIL with the diagnosis --
====================================================================
C8  Pole-only diagnostic (lift acceptance + state dump)
    pole on arm=left @ 192.168.1.10   gearing=1to1 (hw max 330)
    ONLY THE POLE MOVES — arm and hand stay still
    mode: as-found  (select with --mode SIM|REAL)  [lift does NOT execute in SIM]
====================================================================
current c api version:  emu-1.1.6
  [INFO] left: run mode = REAL
  [PASS] connected  (handle id=18)
  [PASS] arm power  (ON)
    joint err_flag=[16, 16, 16, 16, 16, 16, 16]  brake_state=[0, 0, 0, 0, 0, 0, 0]
  [FAIL] controller/joint errors  (sys=['4103'] joints=[(1, 16), (2, 16), (3, 16), (4, 16), (5, 16), (6, 16), (7, 16)] — latched errors block motion; rerun with --clear-errors)
  [FAIL] lift state  (pos=150 hw-mm  current=0 mA  mode=0  err_flag=1 — LIFT DRIVER ERROR latched (stall/overcurrent?); try --clear-errors, then power cycle)
  [SKIP] rm_clear_system_err  (not requested (--clear-errors))
  starting in 3 ...
  starting in 2 ...
  starting in 1 ...
  D6 acceptance probe: command CURRENT position (150 hw-mm) — no physical motion
    hold-position: REJECTED ret=1
  [FAIL] lift acceptance probe  (the 20:38 signature — controller rejects/ignores lift commands)
  [DIAG] left: lift command REJECTED by the controller (set_state false) — state dump:
  [DIAG]   arm power: ON
  [DIAG]   controller err: 4103  <-- likely cause: clear via --clear-errors / Web GUI
  [DIAG]   joint err flags: [(1, 16), (2, 16), (3, 16), (4, 16), (5, 16), (6, 16), (7, 16)]  <-- joint errors latched   brake_state=[0, 0, 0, 0, 0, 0, 0]
  [DIAG]   lift state: pos=150 hw-mm  current=0 mA  mode=0  err_flag=1  <-- LIFT DRIVER ERROR latched (stall/overcurrent?)
  [DIAG] recovery ladder: (1) release/reset the physical e-stop, (2) clear errors (RM_ARM=left python3 test_pole_only.py --clear-errors), (3) check the Web GUI lift panel moves the pole, (4) power-cycle the arm.
  [SKIP] small stroke probe  (acceptance probe failed)
  [SKIP] home to full length  (earlier probe failed)

  Summary: 2 PASS, 3 FAIL, 3 SKIP

-- drill B: C8 --clear-errors must recover and pass --
====================================================================
C8  Pole-only diagnostic (lift acceptance + state dump)
    pole on arm=left @ 192.168.1.10   gearing=1to1 (hw max 330)
    ONLY THE POLE MOVES — arm and hand stay still
    --clear-errors: rm_clear_system_err will run before D6
    mode: as-found  (select with --mode SIM|REAL)  [lift does NOT execute in SIM]
====================================================================
current c api version:  emu-1.1.6
  [INFO] left: run mode = REAL
  [PASS] connected  (handle id=19)
  [PASS] arm power  (ON)
    joint err_flag=[16, 16, 16, 16, 16, 16, 16]  brake_state=[0, 0, 0, 0, 0, 0, 0]
  [PASS] controller/joint errors  (latched: sys=['4103'] joints=[(1, 16), (2, 16), (3, 16), (4, 16), (5, 16), (6, 16), (7, 16)] — clearing next)
  [PASS] lift state  (pos=150 hw-mm  current=0 mA  mode=0  err_flag=1 — driver error latched, clearing next)
  [PASS] rm_clear_system_err  (ret=0)
  starting in 3 ...
  starting in 2 ...
  starting in 1 ...
  D6 acceptance probe: command CURRENT position (150 hw-mm) — no physical motion
    hold-position: ret=0 arrived=True success=True (0.04 s)
  [PASS] lift acceptance probe  (controller accepts lift commands)
    stroke to 140: ret=0 arrived=True success=True (0.06 s)
    back to 150: ret=0 arrived=True success=True (0.06 s)
  [PASS] small stroke probe  (10 hw-mm there and back, events OK)
  pre-positioning pole(s) to full_length (0.29 m -> left=290 (1to1)) ...
  [INFO] left: pole at full length (0.29 s, event=True)
  [PASS] home to full length  (0.29 m -> 290 hw-mm)

  Summary: 8 PASS, 0 FAIL, 0 SKIP

  drill verdict: locked exit 1 (want nonzero), recover exit 0 (want 0) -> OK

====================================================================
Emulated suite summary
  C1 connect   exit 0  (OK)
  C8 pole diag exit 0  (OK)
  C5 sim probe exit 0  (OK)
  C7 hand only exit 0  (OK)
  C2 locked    exit 0  (OK)
  C9 single-locked exit 0  (OK)
  C3 chained   exit 0  (OK)
  C4 free      exit 0  (OK)
  C6 single-arm exit 0  (OK)
  C2 arm-only drill exit 0  (OK)
  C9 sync-order drill exit 1  (FAIL)
  C8 locked drill exit 0  (OK)
====================================================================

========================================================================
  Script : run_emulated_suite.py
  Log    : run_emulated_suite.log
  Started: 2026-08-07 10:38:57
========================================================================
====================================================================
EMULATED dual-arm concept suite  (time scale x10)
Arms are emulated in-process — nothing physical moves.
====================================================================

####################################################################
# C1 connect  (test_dual_connect)
####################################################################
====================================================================
C1  Dual-arm connectivity pre-check  (no motion is commanded)
    left=192.168.1.10  right=192.168.1.103
====================================================================
current c api version:  emu-1.1.6
  [PASS] left: robot info  (RM_75 7-DOF, controller gen 3)
  [PASS] left: arm state clean  (err codes ['0'])
  [PASS] left: lift state  (pos=100 of 330 (1to1))
  [INFO] left: run mode = REAL
  [PASS] right: robot info  (RM_75 7-DOF, controller gen 3)
  [PASS] right: arm state clean  (err codes ['0'])
  [PASS] right: lift state  (pos=100 of 200 (2to3))
  [INFO] right: run mode = REAL
  [PASS] handles distinct  (left id=1 right id=2)
  [PASS] event callback registered  (process-global, demuxed by handle_id)
  [PASS] pre-check complete  (no motion was commanded)

  Summary: 9 PASS, 0 FAIL, 0 SKIP

####################################################################
# C8 pole diag  (test_pole_only)
####################################################################
====================================================================
C8  Pole-only diagnostic (lift acceptance + state dump)
    pole on arm=left @ 192.168.1.10   gearing=1to1 (hw max 330)
    ONLY THE POLE MOVES — arm and hand stay still
    mode: as-found  (select with --mode SIM|REAL)  [lift does NOT execute in SIM]
====================================================================
current c api version:  emu-1.1.6
  [INFO] left: run mode = REAL
  [PASS] connected  (handle id=3)
  [PASS] arm power  (ON)
    joint err_flag=[0, 0, 0, 0, 0, 0, 0]  brake_state=[0, 0, 0, 0, 0, 0, 0]
  [PASS] controller/joint errors  (clean)
  [PASS] lift state  (pos=100 hw-mm  current=0 mA  mode=0  err_flag=0)
  [SKIP] rm_clear_system_err  (not requested (--clear-errors))
  starting in 3 ...
  starting in 2 ...
  starting in 1 ...
  D6 acceptance probe: command CURRENT position (100 hw-mm) — no physical motion
    hold-position: ret=0 arrived=True success=True (0.04 s)
  [PASS] lift acceptance probe  (controller accepts lift commands)
    stroke to 90: ret=0 arrived=True success=True (0.06 s)
    back to 100: ret=0 arrived=True success=True (0.06 s)
  [PASS] small stroke probe  (10 hw-mm there and back, events OK)
  pre-positioning pole(s) to full_length (0.29 m -> left=290 (1to1)) ...
  [INFO] left: pole at full length (0.38 s, event=True)
  [PASS] home to full length  (0.29 m -> 290 hw-mm)

  Summary: 7 PASS, 0 FAIL, 1 SKIP

####################################################################
# C5 sim probe  (test_sim_motion_visibility)
####################################################################
====================================================================
C5  Simulation-mode motion visibility probe (no physical motion)
    arm=192.168.1.10  UDP -> 192.168.1.239:8095  probe: J7 +5.0 deg at v=10%
====================================================================
current c api version:  emu-1.1.6
  [INFO] original run mode: REAL
  [PASS] simulation mode engaged and verified
  [INFO] rm_set_realtime_push ret=0
  [PASS] UDP push delivering frames  (77 within 2 s)
  [PASS] probe movej accepted in simulation mode

  ────────────────────────────────────────────────────────────
  VERDICT — simulated motion accessibility (520 UDP frames):
    UDP realtime push sweeps:   YES
    Arrival event fires:        YES (trajectory_state=True)
    TCP polling sweeps:         YES  (1 polls)
  ────────────────────────────────────────────────────────────
  => Simulated motion IS programmatically accessible: the
     sim-rehearsal record-and-verify pipeline is viable.
  [PASS] probe completed with a definitive verdict
  [PASS] probe joint returned to start
  [INFO] run mode restored: REAL (ret=0)

  Summary: 5 PASS, 0 FAIL, 0 SKIP

####################################################################
# C7 hand only  (test_hand_only)
####################################################################
====================================================================
C7  Hand-alone test (protocol probe, then modbus RTU)
    hand on arm=left @ 192.168.1.10   modbus device=1 baud=115200
    ONLY THE HAND MOVES — no arm, no pole motion
    on exit: restore protocol mode (rm_close_modbus_mode)
====================================================================
current c api version:  emu-1.1.6
  [INFO] arm run mode: REAL (hand is a physical peripheral; REAL recommended)
  [PASS] connected  (handle id=5)

  Phase P — protocol path probe (rm_set_hand_angle, blocking 5 s)
  [PASS] protocol path  (WORKS — end port is free; C2/C6 hand steps can use arrival events)

  Phase M — modbus RTU (ANGLE_SET writes, ANGLE_ACT feedback)
  [PASS] modbus session opened  (port 1 @ 115200)
  [PASS] ANGLE_ACT readable  (measured [993, 993, 993, 993, 981, 992])
  [PASS] SPEED_SET written  (500 x6)
    release    reached in  0.3 s  ACT=[993, 993, 993, 993, 981, 992]  (max err 0)
    grasp      reached in  0.3 s  ACT=[33, 33, 33, 33, 133, 944]  (max err 0)
    half_grasp reached in  0.3 s  ACT=[516, 516, 516, 516, 133, 944]  (max err 0)
    release    reached in  0.3 s  ACT=[993, 993, 993, 993, 981, 992]  (max err 0)
  [PASS] modbus command + measured feedback  (release -> grasp -> half_grasp -> release verified via ANGLE_ACT)
  [PASS] FORCE_ACT readable  ([0, 0, 0, 0, 0, 0] g (signed))

  VERDICT: protocol path WORKS; modbus RTU path WORKS with real feedback.
  [INFO] end port restored to protocol mode (rm_close_modbus_mode ret=0)
  [PASS] end-port state restored

  Summary: 8 PASS, 0 FAIL, 0 SKIP

####################################################################
# C2 locked  (test_dual_locked)
####################################################################
====================================================================
C2  Parallel locked dual-arm execution
    left=192.168.1.10  right=192.168.1.103  arm v=20%  lift v=50%
    sequence: [('arm', 'ready'), ('hand', 'release'), ('sync', ('zero', 'half')), ('hand', 'grasp'), ('sync', ('ready', 'full')), ('hand', 'half_grasp'), ('arm', 'rest')]
    mode: as-found  (select with --mode SIM|REAL)
    poles pre-positioned to full length (0.29 m) before the sequence
    BOTH ARMS AND BOTH POLES WILL MOVE
====================================================================
current c api version:  emu-1.1.6
  [INFO] left: run mode = REAL
  [INFO] right: run mode = REAL
  [INFO] left: error state clean
  [INFO] right: error state clean
  [PASS] no latched controller errors  (no latched errors)
  starting in 3 ...
  starting in 2 ...
  starting in 1 ...
  pre-positioning pole(s) to full_length (0.29 m -> left=290 (1to1), right=193 (2to3)) ...
  [INFO] left: pole at full length (0.04 s, event=True)
  [INFO] right: pole at full length (0.29 s, event=True)
  [PASS] poles pre-positioned to full length

  step results:
  ────────────────────────────────────────────────────────────
  ('arm', 'ready')         skew   1.19 ms   L   0.30 s   R   0.30 s   |d|  0.00 s   ok=True
  ('hand', 'release')      skew   0.33 ms   L   0.10 s   R   0.10 s   |d|  0.00 s   ok=True
  ('sync', ('zero', 'half')) skew   3.35 ms   L   0.38 s   R   0.38 s   |d|  0.00 s   ok=True
  ('hand', 'grasp')        skew   0.45 ms   L   0.10 s   R   0.10 s   |d|  0.00 s   ok=True
  ('sync', ('ready', 'full')) skew   3.50 ms   L   0.38 s   R   0.37 s   |d|  0.00 s   ok=True
  ('hand', 'half_grasp')   skew   0.42 ms   L   0.10 s   R   0.10 s   |d|  0.00 s   ok=True
  ('arm', 'rest')          skew   0.97 ms   L   0.19 s   R   0.19 s   |d|  0.00 s   ok=True
  [PASS] all dispatches accepted
  [PASS] sequence completed with barrier per step
  [PASS] dispatch skew  (max 3.50 ms)
  [PASS] arrival via event for every device
  [INFO] completion delta between arms: mean 0.00 s, max 0.00 s
  [INFO] sync left  ('zero', 'half')     arm-dur-est 3.00 s, matched lift 28%, start skew   -1.0 ms, finish skew   +82.0 ms
  [INFO] sync right ('zero', 'half')     arm-dur-est 3.00 s, matched lift 28%, start skew   -0.9 ms, finish skew   +80.6 ms
  [INFO] sync left  ('ready', 'full')    arm-dur-est 3.00 s, matched lift 29%, start skew   -0.8 ms, finish skew   +72.9 ms
  [INFO] sync right ('ready', 'full')    arm-dur-est 3.00 s, matched lift 29%, start skew   -0.8 ms, finish skew   +72.1 ms
  [PASS] arm-pole sync finish  (worst pole lateness +82 ms)

  Summary: 7 PASS, 0 FAIL, 0 SKIP

####################################################################
# C9 single-locked  (test_single_arm_locked)
####################################################################
====================================================================
C9  Single-arm LOCKED sequence (the C2 recipe on one arm)
    arm=left @ 192.168.1.10   arm v=20%   lift v=50% (duration-matched on sync)
    sequence: [('arm', 'ready'), ('hand', 'release'), ('sync', ('zero', 'half')), ('hand', 'grasp'), ('sync', ('ready', 'full')), ('hand', 'half_grasp'), ('arm', 'rest')]
    mode: as-found  (select with --mode SIM|REAL)
    pole pre-positioned to full length (0.29 m) first
    THE LEFT ARM, ITS POLE AND ITS HAND WILL MOVE
    sync dispatch order: LIFT_FIRST (back-to-back)   (vendor Blockly + bench_sync order)
    A frozen sync step waits up to 40 s for the arm event, then position-verifies, halts, and FAILS — let it finish.
====================================================================
current c api version:  emu-1.1.6
  [INFO] left: run mode = REAL
  [INFO] left: error state clean
  [PASS] no latched controller errors  (no latched errors)
  starting in 3 ...
  starting in 2 ...
  starting in 1 ...
  pre-positioning pole(s) to full_length (0.29 m -> left=290 (1to1)) ...
  [INFO] left: pole at full length (0.04 s, event=True)
  [PASS] pole pre-positioned to full length

  step results (live):
  ────────────────────────────────────────────────────────────
  ('arm', 'ready')           ok=True  arm  0.19 s
  ('hand', 'release')        ok=True  hand  0.10 s
  ('sync', ('zero', 'half')) ok=True  lift  0.38 s   arm  0.30 s   start-skew  -0.9 ms   finish-skew    +82 ms
  ('hand', 'grasp')          ok=True  hand  0.10 s
  ('sync', ('ready', 'full')) ok=True  lift  0.38 s   arm  0.30 s   start-skew  -1.1 ms   finish-skew    +73 ms
  ('hand', 'half_grasp')     ok=True  hand  0.10 s
  ('arm', 'rest')            ok=True  arm  0.19 s
  [PASS] all dispatches accepted
  [PASS] sequence completed
  [PASS] arrival via event for every device
  [INFO] sync ('zero', 'half')     arm-dur-est 3.00 s, matched lift 28%, start skew   -0.9 ms
  [INFO] sync ('ready', 'full')    arm-dur-est 3.00 s, matched lift 29%, start skew   -1.1 ms
  [PASS] sync dispatch gap  (max 1.1 ms between the two commands (budget 50 ms))
  [PASS] arm-pole sync finish  (worst pole lateness +82 ms)

  Summary: 7 PASS, 0 FAIL, 0 SKIP

####################################################################
# C3 chained  (test_dual_chained)
####################################################################
====================================================================
C3  Chained dual-arm execution (left leads, right follows)
    left=192.168.1.10  right=192.168.1.103  arm v=20%  lift v=50%
    sequence: [('arm', 'ready'), ('hand', 'release'), ('sync', ('zero', 'half')), ('hand', 'grasp'), ('sync', ('ready', 'full')), ('hand', 'half_grasp'), ('arm', 'rest')]
    mode: as-found  (select with --mode SIM|REAL)
    poles pre-positioned to full length (0.29 m) before the sequence
    BOTH ARMS AND BOTH POLES WILL MOVE
====================================================================
current c api version:  emu-1.1.6
  [INFO] left: run mode = REAL
  [INFO] right: run mode = REAL
  [INFO] left: error state clean
  [INFO] right: error state clean
  [PASS] no latched controller errors  (no latched errors)
  starting in 3 ...
  starting in 2 ...
  starting in 1 ...
  pre-positioning pole(s) to full_length (0.29 m -> left=290 (1to1), right=193 (2to3)) ...
  [INFO] left: pole at full length (0.04 s, event=True)
  [INFO] right: pole at full length (0.04 s, event=True)
  [PASS] poles pre-positioned to full length

  chain results:
  ────────────────────────────────────────────────────────────
  step 0 ('arm', 'ready')       follower start after leader done, gate latency     0.4 ms, ok=True
  step 1 ('hand', 'release')    follower start after leader done, gate latency    91.6 ms, ok=True
  step 2 ('sync', ('zero', 'half')) follower start after leader done, gate latency     1.6 ms, ok=True
  step 3 ('hand', 'grasp')      follower start after leader done, gate latency   282.9 ms, ok=True
  step 4 ('sync', ('ready', 'full')) follower start after leader done, gate latency     9.2 ms, ok=True
  step 5 ('hand', 'half_grasp') follower start after leader done, gate latency   281.8 ms, ok=True
  step 6 ('arm', 'rest')        follower start after leader done, gate latency   190.7 ms, ok=True
  [PASS] all dispatches accepted
  [PASS] both chains completed
  [PASS] ordering invariant  (follower step k always after leader step k done)
  [PASS] follower gate latency  (max 282.9 ms)

  Summary: 6 PASS, 0 FAIL, 0 SKIP

####################################################################
# C4 free  (test_dual_free)
####################################################################
====================================================================
C4  Free-running dual-arm execution (no cross-arm gates)
    left=192.168.1.10  right=192.168.1.103  arm v=20%  lift v=50%
    sequence: [('arm', 'ready'), ('hand', 'release'), ('sync', ('zero', 'half')), ('hand', 'grasp'), ('sync', ('ready', 'full')), ('hand', 'half_grasp'), ('arm', 'rest')]
    mode: as-found  (select with --mode SIM|REAL)
    poles pre-positioned to full length (0.29 m) before the sequence
    BOTH ARMS AND BOTH POLES WILL MOVE
====================================================================
current c api version:  emu-1.1.6
  [INFO] left: run mode = REAL
  [INFO] right: run mode = REAL
  [INFO] left: error state clean
  [INFO] right: error state clean
  [PASS] no latched controller errors  (no latched errors)
  starting in 3 ...
  starting in 2 ...
  starting in 1 ...
  pre-positioning pole(s) to full_length (0.29 m -> left=290 (1to1), right=193 (2to3)) ...
  [INFO] left: pole at full length (0.04 s, event=True)
  [INFO] right: pole at full length (0.04 s, event=True)
  [PASS] poles pre-positioned to full length

  per-arm timelines:
  ────────────────────────────────────────────────────────────
  left : 7/7 steps in 1.45 s
  right: 7/7 steps in 1.45 s
  [PASS] all dispatches accepted
  [PASS] both arms completed independently
  [PASS] concurrent free run  (window overlap 100% of shorter run)

  Summary: 5 PASS, 0 FAIL, 0 SKIP

####################################################################
# C6 single-arm  (test_single_arm_planned)
####################################################################
====================================================================
C6  Single-arm planned moves + CONCURRENT hand motion
    arm=left @ 192.168.1.10   movej v=20%   X offset +20 cm (world frame)
    hand states: release / grasp / half_grasp (acked_angle: non-blocking + duration dwell, butterfli_hw semantics)
    mode: as-found  (select with --mode SIM|REAL)
    pole pre-positioned to full length (0.29 m) first
    THE LEFT ARM, ITS POLE AND ITS HAND WILL MOVE
====================================================================
current c api version:  emu-1.1.6
  [INFO] left: run mode = REAL
  [INFO] left: error state clean
  [PASS] no latched controller errors  (no latched errors)
  starting in 3 ...
  starting in 2 ...
  starting in 1 ...
  pre-positioning pole(s) to full_length (0.29 m -> left=290 (1to1)) ...
  [INFO] left: pole at full length (0.04 s, event=True)
  [PASS] pole pre-positioned to full length
  movej ready + release      ok=True  arm  0.19 s   hand  0.10 s   hand-arm finish -0.09 s  (hand done DURING arm motion)
  [PASS] movej to ready + hand release
  movej rest + grasp         ok=True  arm  0.19 s   hand  0.10 s   hand-arm finish -0.09 s  (hand done DURING arm motion)
  [PASS] movej to rest_pose + hand grasp
  pose at rest: x=-0.058 y=+0.101 z=+0.488  ->  target x=+0.142
  movej_p +X + half_grasp: arm 0.15 s, hand finish skew -0.05 s  (hand done DURING arm motion)
  displacement: dx=+0.200 dy=+0.000 dz=+0.000 m
  [PASS] movej_p +X + half_grasp verified  (dx=+0.200 m (target +0.20))
  movej ready + release      ok=True  arm  0.21 s   hand  0.10 s   hand-arm finish -0.11 s  (hand done DURING arm motion)
  [PASS] movej back to ready + hand release
  [PASS] planned-move pipeline exercised  (movej x3 + movej_p x1 + hand x4 concurrent, no passthrough)
  [PASS] hand moved concurrently with arm  (4/4 phases finished during arm motion; finish skews -0.09s, -0.09s, -0.05s, -0.11s)

  Summary: 8 PASS, 0 FAIL, 0 SKIP

####################################################################
# C2 arm-only drill  (--no-hands --no-pole)
####################################################################
====================================================================
C2  Parallel locked dual-arm execution
    left=192.168.1.10  right=192.168.1.103  arm v=20%  lift v=50%
    sequence: [('arm', 'ready'), ('arm', 'zero'), ('arm', 'ready'), ('arm', 'rest')]   [--no-hands: hand steps stripped]   [--no-pole: pole/sync-lift steps stripped]
    mode: as-found  (select with --mode SIM|REAL)
    pole pre-positioning SKIPPED (--no-pole)
    BOTH ARMS WILL MOVE (poles stay put)
====================================================================
current c api version:  emu-1.1.6
  [INFO] left: run mode = REAL
  [INFO] right: run mode = REAL
  [INFO] left: error state clean
  [INFO] right: error state clean
  [PASS] no latched controller errors  (no latched errors)
  starting in 3 ...
  starting in 2 ...
  starting in 1 ...
  [PASS] poles pre-positioned to full length  (SKIPPED — poles disabled (--no-pole))

  step results:
  ────────────────────────────────────────────────────────────
  ('arm', 'ready')         skew   1.10 ms   L   0.01 s   R   0.19 s   |d|  0.19 s   ok=True
  ('arm', 'zero')          skew   0.97 ms   L   0.30 s   R   0.30 s   |d|  0.00 s   ok=True
  ('arm', 'ready')         skew   0.91 ms   L   0.30 s   R   0.30 s   |d|  0.00 s   ok=True
  ('arm', 'rest')          skew   0.98 ms   L   0.19 s   R   0.19 s   |d|  0.00 s   ok=True
  [PASS] all dispatches accepted
  [PASS] sequence completed with barrier per step
  [PASS] dispatch skew  (max 1.10 ms)
  [PASS] arrival via event for every device
  [INFO] completion delta between arms: mean 0.05 s, max 0.19 s
  [PASS] arm-pole sync finish  (SKIPPED — poles disabled (--no-pole))

  Summary: 7 PASS, 0 FAIL, 0 SKIP

####################################################################
# C9 sync-order drill  (the arm-freeze regression)
####################################################################

-- drill A: arm_first must REPRODUCE the freeze --
====================================================================
C9  Single-arm LOCKED sequence (the C2 recipe on one arm)
    arm=left @ 192.168.1.10   arm v=20%   lift v=50% (duration-matched on sync)
    sequence: [('arm', 'ready'), ('sync', ('zero', 'half')), ('sync', ('ready', 'full')), ('arm', 'rest')]   [--no-hands: hand steps stripped]
    mode: as-found  (select with --mode SIM|REAL)
    pole pre-positioned to full length (0.29 m) first
    THE LEFT ARM AND ITS POLE WILL MOVE
    sync dispatch order: LIFT_FIRST (back-to-back)   (vendor Blockly + bench_sync order)
    A frozen sync step waits up to 40 s for the arm event, then position-verifies, halts, and FAILS — let it finish.
====================================================================
current c api version:  emu-1.1.6
  [INFO] left: run mode = REAL
  [INFO] left: error state clean
  [PASS] no latched controller errors  (no latched errors)
  starting in 3 ...
  starting in 2 ...
  starting in 1 ...
  pre-positioning pole(s) to full_length (0.29 m -> left=290 (1to1)) ...
  [INFO] left: pole at full length (0.04 s, event=True)
  [PASS] pole pre-positioned to full length

  step results (live):
  ────────────────────────────────────────────────────────────
  ('arm', 'ready')           ok=True  arm  0.19 s
  ('sync', ('zero', 'half')) ok=False  arm  2.00 s   lift  0.38 s   start-skew   1.1 ms   finish-skew  -1617 ms
  [PASS] all dispatches accepted
  [FAIL] sequence completed  (2/4 steps; first failure at ('sync', ('zero', 'half')))
  [WARN] 1 dispatched devices never delivered an arrival event (0 recovered by position fallback; hand has no fallback) — the C2 freeze signature if the device is the ARM on a sync step
  [FAIL] arrival via event for every device  (1 missing)
  [INFO] sync ('zero', 'half')     arm-dur-est 3.00 s, matched lift 28%, start skew    1.1 ms
  [PASS] sync dispatch gap  (max 1.1 ms between the two commands (budget 50 ms))
  [FAIL] arm-pole sync finish  (no sync step produced both completions (the freeze outcome))

  Summary: 4 PASS, 3 FAIL, 0 SKIP
  joint errors latched by the abort: True (flags [16, 16, 16, 16, 16, 16, 16])

-- drill B: the next run must be REFUSED until cleared --
====================================================================
C9  Single-arm LOCKED sequence (the C2 recipe on one arm)
    arm=left @ 192.168.1.10   arm v=20%   lift v=50% (duration-matched on sync)
    sequence: [('arm', 'ready'), ('sync', ('zero', 'half')), ('sync', ('ready', 'full')), ('arm', 'rest')]   [--no-hands: hand steps stripped]
    mode: as-found  (select with --mode SIM|REAL)
    pole pre-positioned to full length (0.29 m) first
    THE LEFT ARM AND ITS POLE WILL MOVE
    sync dispatch order: LIFT_FIRST (back-to-back)   (vendor Blockly + bench_sync order)
    A frozen sync step waits up to 40 s for the arm event, then position-verifies, halts, and FAILS — let it finish.
====================================================================
current c api version:  emu-1.1.6
  [INFO] left: run mode = REAL
  [WARN] left: LATCHED ERRORS — system 5001; joints J1=16,J2=16,J3=16,J4=16,J5=16,J6=16,J7=16
  [FAIL] no latched controller errors  (left: system 5001; joints J1=16,J2=16,J3=16,J4=16,J5=16,J6=16,J7=16 — motion will be REJECTED (ret=1); rerun with --clear-errors (power-cycle if they persist))

  Summary: 0 PASS, 1 FAIL, 0 SKIP

-- drill C: --clear-errors must recover and complete --
====================================================================
C9  Single-arm LOCKED sequence (the C2 recipe on one arm)
    arm=left @ 192.168.1.10   arm v=20%   lift v=50% (duration-matched on sync)
    sequence: [('arm', 'ready'), ('sync', ('zero', 'half')), ('sync', ('ready', 'full')), ('arm', 'rest')]   [--no-hands: hand steps stripped]
    mode: as-found  (select with --mode SIM|REAL)
    pole pre-positioned to full length (0.29 m) first
    THE LEFT ARM AND ITS POLE WILL MOVE
    sync dispatch order: LIFT_FIRST (back-to-back)   (vendor Blockly + bench_sync order)
    A frozen sync step waits up to 40 s for the arm event, then position-verifies, halts, and FAILS — let it finish.
====================================================================
current c api version:  emu-1.1.6
  [INFO] left: run mode = REAL
  [INFO] left: rm_clear_system_err ret=0 -> clean
  [INFO] left: error state clean
  [PASS] no latched controller errors  (no latched errors)
  starting in 3 ...
  starting in 2 ...
  starting in 1 ...
  pre-positioning pole(s) to full_length (0.29 m -> left=290 (1to1)) ...
  [INFO] left: pole at full length (0.29 s, event=True)
  [PASS] pole pre-positioned to full length

  step results (live):
  ────────────────────────────────────────────────────────────
  ('arm', 'ready')           ok=True  arm  0.01 s
  ('sync', ('zero', 'half')) ok=True  lift  0.38 s   arm  0.30 s   start-skew  -0.8 ms   finish-skew    +82 ms
  ('sync', ('ready', 'full')) ok=True  lift  0.38 s   arm  0.30 s   start-skew  -0.9 ms   finish-skew    +73 ms
  ('arm', 'rest')            ok=True  arm  0.19 s
  [PASS] all dispatches accepted
  [PASS] sequence completed
  [PASS] arrival via event for every device
  [INFO] sync ('zero', 'half')     arm-dur-est 3.00 s, matched lift 28%, start skew   -0.8 ms
  [INFO] sync ('ready', 'full')    arm-dur-est 3.00 s, matched lift 29%, start skew   -0.9 ms
  [PASS] sync dispatch gap  (max 0.9 ms between the two commands (budget 50 ms))
  [PASS] arm-pole sync finish  (worst pole lateness +82 ms)

  Summary: 7 PASS, 0 FAIL, 0 SKIP

  drill verdict: arm_first exit 1 (want nonzero), errors latched True (want True), blocked exit 1 (want nonzero), cleared exit 0 (want 0) -> OK

####################################################################
# C8 locked-pole drill  (fault injection)
####################################################################

-- drill A: pole locked, C8 must FAIL with the diagnosis --
====================================================================
C8  Pole-only diagnostic (lift acceptance + state dump)
    pole on arm=left @ 192.168.1.10   gearing=1to1 (hw max 330)
    ONLY THE POLE MOVES — arm and hand stay still
    mode: as-found  (select with --mode SIM|REAL)  [lift does NOT execute in SIM]
====================================================================
current c api version:  emu-1.1.6
  [INFO] left: run mode = REAL
  [PASS] connected  (handle id=19)
  [PASS] arm power  (ON)
    joint err_flag=[0, 0, 0, 0, 0, 0, 0]  brake_state=[0, 0, 0, 0, 0, 0, 0]
  [FAIL] controller/joint errors  (sys=['4103'] joints=[] — latched errors block motion; rerun with --clear-errors)
  [FAIL] lift state  (pos=290 hw-mm  current=0 mA  mode=0  err_flag=1 — LIFT DRIVER ERROR latched (stall/overcurrent?); try --clear-errors, then power cycle)
  [SKIP] rm_clear_system_err  (not requested (--clear-errors))
  starting in 3 ...
  starting in 2 ...
  starting in 1 ...
  D6 acceptance probe: command CURRENT position (290 hw-mm) — no physical motion
    hold-position: REJECTED ret=1
  [FAIL] lift acceptance probe  (the 20:38 signature — controller rejects/ignores lift commands)
  [DIAG] left: lift command REJECTED by the controller (set_state false) — state dump:
  [DIAG]   arm power: ON
  [DIAG]   controller err: 4103  <-- likely cause: clear via --clear-errors / Web GUI
  [DIAG]   joint err flags: clean   brake_state=[0, 0, 0, 0, 0, 0, 0]
  [DIAG]   lift state: pos=290 hw-mm  current=0 mA  mode=0  err_flag=1  <-- LIFT DRIVER ERROR latched (stall/overcurrent?)
  [DIAG] recovery ladder: (1) release/reset the physical e-stop, (2) clear errors (RM_ARM=left python3 test_pole_only.py --clear-errors), (3) check the Web GUI lift panel moves the pole, (4) power-cycle the arm.
  [SKIP] small stroke probe  (acceptance probe failed)
  [SKIP] home to full length  (earlier probe failed)

  Summary: 2 PASS, 3 FAIL, 3 SKIP

-- drill B: C8 --clear-errors must recover and pass --
====================================================================
C8  Pole-only diagnostic (lift acceptance + state dump)
    pole on arm=left @ 192.168.1.10   gearing=1to1 (hw max 330)
    ONLY THE POLE MOVES — arm and hand stay still
    --clear-errors: rm_clear_system_err will run before D6
    mode: as-found  (select with --mode SIM|REAL)  [lift does NOT execute in SIM]
====================================================================
current c api version:  emu-1.1.6
  [INFO] left: run mode = REAL
  [PASS] connected  (handle id=20)
  [PASS] arm power  (ON)
    joint err_flag=[0, 0, 0, 0, 0, 0, 0]  brake_state=[0, 0, 0, 0, 0, 0, 0]
  [PASS] controller/joint errors  (latched: sys=['4103'] joints=[] — clearing next)
  [PASS] lift state  (pos=290 hw-mm  current=0 mA  mode=0  err_flag=1 — driver error latched, clearing next)
  [PASS] rm_clear_system_err  (ret=0)
  starting in 3 ...
  starting in 2 ...
  starting in 1 ...
  D6 acceptance probe: command CURRENT position (290 hw-mm) — no physical motion
    hold-position: ret=0 arrived=True success=True (0.04 s)
  [PASS] lift acceptance probe  (controller accepts lift commands)
    stroke to 280: ret=0 arrived=True success=True (0.06 s)
    back to 290: ret=0 arrived=True success=True (0.06 s)
  [PASS] small stroke probe  (10 hw-mm there and back, events OK)
  pre-positioning pole(s) to full_length (0.29 m -> left=290 (1to1)) ...
  [INFO] left: pole at full length (0.04 s, event=True)
  [PASS] home to full length  (0.29 m -> 290 hw-mm)

  Summary: 8 PASS, 0 FAIL, 0 SKIP

  drill verdict: locked exit 1 (want nonzero), recover exit 0 (want 0) -> OK

====================================================================
Emulated suite summary
  C1 connect   exit 0  (OK)
  C8 pole diag exit 0  (OK)
  C5 sim probe exit 0  (OK)
  C7 hand only exit 0  (OK)
  C2 locked    exit 0  (OK)
  C9 single-locked exit 0  (OK)
  C3 chained   exit 0  (OK)
  C4 free      exit 0  (OK)
  C6 single-arm exit 0  (OK)
  C2 arm-only drill exit 0  (OK)
  C9 sync-order drill exit 0  (OK)
  C8 locked drill exit 0  (OK)
====================================================================

========================================================================
  Script : run_emulated_suite.py
  Log    : run_emulated_suite.log
  Started: 2026-08-07 10:39:52
========================================================================
====================================================================
EMULATED dual-arm concept suite  (time scale x10)
Arms are emulated in-process — nothing physical moves.
====================================================================

####################################################################
# C1 connect  (test_dual_connect)
####################################################################
====================================================================
C1  Dual-arm connectivity pre-check  (no motion is commanded)
    left=192.168.1.10  right=192.168.1.103
====================================================================
current c api version:  emu-1.1.6
  [PASS] left: robot info  (RM_75 7-DOF, controller gen 3)
  [PASS] left: arm state clean  (err codes ['0'])
  [PASS] left: lift state  (pos=100 of 330 (1to1))
  [INFO] left: run mode = REAL
  [PASS] right: robot info  (RM_75 7-DOF, controller gen 3)
  [PASS] right: arm state clean  (err codes ['0'])
  [PASS] right: lift state  (pos=100 of 200 (2to3))
  [INFO] right: run mode = REAL
  [PASS] handles distinct  (left id=1 right id=2)
  [PASS] event callback registered  (process-global, demuxed by handle_id)
  [PASS] pre-check complete  (no motion was commanded)

  Summary: 9 PASS, 0 FAIL, 0 SKIP

####################################################################
# C8 pole diag  (test_pole_only)
####################################################################
====================================================================
C8  Pole-only diagnostic (lift acceptance + state dump)
    pole on arm=left @ 192.168.1.10   gearing=1to1 (hw max 330)
    ONLY THE POLE MOVES — arm and hand stay still
    mode: as-found  (select with --mode SIM|REAL)  [lift does NOT execute in SIM]
====================================================================
current c api version:  emu-1.1.6
  [INFO] left: run mode = REAL
  [PASS] connected  (handle id=3)
  [PASS] arm power  (ON)
    joint err_flag=[0, 0, 0, 0, 0, 0, 0]  brake_state=[0, 0, 0, 0, 0, 0, 0]
  [PASS] controller/joint errors  (clean)
  [PASS] lift state  (pos=100 hw-mm  current=0 mA  mode=0  err_flag=0)
  [SKIP] rm_clear_system_err  (not requested (--clear-errors))
  starting in 3 ...
  starting in 2 ...
  starting in 1 ...
  D6 acceptance probe: command CURRENT position (100 hw-mm) — no physical motion
    hold-position: ret=0 arrived=True success=True (0.04 s)
  [PASS] lift acceptance probe  (controller accepts lift commands)
    stroke to 90: ret=0 arrived=True success=True (0.06 s)
    back to 100: ret=0 arrived=True success=True (0.06 s)
  [PASS] small stroke probe  (10 hw-mm there and back, events OK)
  pre-positioning pole(s) to full_length (0.29 m -> left=290 (1to1)) ...
  [INFO] left: pole at full length (0.38 s, event=True)
  [PASS] home to full length  (0.29 m -> 290 hw-mm)

  Summary: 7 PASS, 0 FAIL, 1 SKIP

####################################################################
# C5 sim probe  (test_sim_motion_visibility)
####################################################################
====================================================================
C5  Simulation-mode motion visibility probe (no physical motion)
    arm=192.168.1.10  UDP -> 192.168.1.239:8095  probe: J7 +5.0 deg at v=10%
====================================================================
current c api version:  emu-1.1.6
  [INFO] original run mode: REAL
  [PASS] simulation mode engaged and verified
  [INFO] rm_set_realtime_push ret=0
  [PASS] UDP push delivering frames  (75 within 2 s)
  [PASS] probe movej accepted in simulation mode

  ────────────────────────────────────────────────────────────
  VERDICT — simulated motion accessibility (548 UDP frames):
    UDP realtime push sweeps:   YES
    Arrival event fires:        YES (trajectory_state=True)
    TCP polling sweeps:         YES  (1 polls)
  ────────────────────────────────────────────────────────────
  => Simulated motion IS programmatically accessible: the
     sim-rehearsal record-and-verify pipeline is viable.
  [PASS] probe completed with a definitive verdict
  [PASS] probe joint returned to start
  [INFO] run mode restored: REAL (ret=0)

  Summary: 5 PASS, 0 FAIL, 0 SKIP

####################################################################
# C7 hand only  (test_hand_only)
####################################################################
====================================================================
C7  Hand-alone test (protocol probe, then modbus RTU)
    hand on arm=left @ 192.168.1.10   modbus device=1 baud=115200
    ONLY THE HAND MOVES — no arm, no pole motion
    on exit: restore protocol mode (rm_close_modbus_mode)
====================================================================
current c api version:  emu-1.1.6
  [INFO] arm run mode: REAL (hand is a physical peripheral; REAL recommended)
  [PASS] connected  (handle id=5)

  Phase P — protocol path probe (rm_set_hand_angle, blocking 5 s)
  [PASS] protocol path  (WORKS — end port is free; C2/C6 hand steps can use arrival events)

  Phase M — modbus RTU (ANGLE_SET writes, ANGLE_ACT feedback)
  [PASS] modbus session opened  (port 1 @ 115200)
  [PASS] ANGLE_ACT readable  (measured [993, 993, 993, 993, 981, 992])
  [PASS] SPEED_SET written  (500 x6)
    release    reached in  0.3 s  ACT=[993, 993, 993, 993, 981, 992]  (max err 0)
    grasp      reached in  0.3 s  ACT=[33, 33, 33, 33, 133, 944]  (max err 0)
    half_grasp reached in  0.3 s  ACT=[516, 516, 516, 516, 133, 944]  (max err 0)
    release    reached in  0.3 s  ACT=[993, 993, 993, 993, 981, 992]  (max err 0)
  [PASS] modbus command + measured feedback  (release -> grasp -> half_grasp -> release verified via ANGLE_ACT)
  [PASS] FORCE_ACT readable  ([0, 0, 0, 0, 0, 0] g (signed))

  VERDICT: protocol path WORKS; modbus RTU path WORKS with real feedback.
  [INFO] end port restored to protocol mode (rm_close_modbus_mode ret=0)
  [PASS] end-port state restored

  Summary: 8 PASS, 0 FAIL, 0 SKIP

####################################################################
# C2 locked  (test_dual_locked)
####################################################################
====================================================================
C2  Parallel locked dual-arm execution
    left=192.168.1.10  right=192.168.1.103  arm v=20%  lift v=50%
    sequence: [('arm', 'ready'), ('hand', 'release'), ('sync', ('zero', 'half')), ('hand', 'grasp'), ('sync', ('ready', 'full')), ('hand', 'half_grasp'), ('arm', 'rest')]
    mode: as-found  (select with --mode SIM|REAL)
    poles pre-positioned to full length (0.29 m) before the sequence
    BOTH ARMS AND BOTH POLES WILL MOVE
====================================================================
current c api version:  emu-1.1.6
  [INFO] left: run mode = REAL
  [INFO] right: run mode = REAL
  [INFO] left: error state clean
  [INFO] right: error state clean
  [PASS] no latched controller errors  (no latched errors)
  starting in 3 ...
  starting in 2 ...
  starting in 1 ...
  pre-positioning pole(s) to full_length (0.29 m -> left=290 (1to1), right=193 (2to3)) ...
  [INFO] left: pole at full length (0.04 s, event=True)
  [INFO] right: pole at full length (0.29 s, event=True)
  [PASS] poles pre-positioned to full length

  step results:
  ────────────────────────────────────────────────────────────
  ('arm', 'ready')         skew   0.72 ms   L   0.30 s   R   0.30 s   |d|  0.00 s   ok=True
  ('hand', 'release')      skew   0.39 ms   L   0.10 s   R   0.10 s   |d|  0.00 s   ok=True
  ('sync', ('zero', 'half')) skew   3.60 ms   L   0.38 s   R   0.38 s   |d|  0.00 s   ok=True
  ('hand', 'grasp')        skew   0.28 ms   L   0.10 s   R   0.10 s   |d|  0.00 s   ok=True
  ('sync', ('ready', 'full')) skew   3.08 ms   L   0.37 s   R   0.37 s   |d|  0.00 s   ok=True
  ('hand', 'half_grasp')   skew   0.29 ms   L   0.10 s   R   0.10 s   |d|  0.00 s   ok=True
  ('arm', 'rest')          skew   0.90 ms   L   0.19 s   R   0.19 s   |d|  0.00 s   ok=True
  [PASS] all dispatches accepted
  [PASS] sequence completed with barrier per step
  [PASS] dispatch skew  (max 3.60 ms)
  [PASS] arrival via event for every device
  [INFO] completion delta between arms: mean 0.00 s, max 0.00 s
  [INFO] sync left  ('zero', 'half')     arm-dur-est 3.00 s, matched lift 28%, start skew   -1.1 ms, finish skew   +81.8 ms
  [INFO] sync right ('zero', 'half')     arm-dur-est 3.00 s, matched lift 28%, start skew   -1.1 ms, finish skew   +80.5 ms
  [INFO] sync left  ('ready', 'full')    arm-dur-est 3.00 s, matched lift 29%, start skew   -0.9 ms, finish skew   +73.0 ms
  [INFO] sync right ('ready', 'full')    arm-dur-est 3.00 s, matched lift 29%, start skew   -0.8 ms, finish skew   +71.9 ms
  [PASS] arm-pole sync finish  (worst pole lateness +82 ms)

  Summary: 7 PASS, 0 FAIL, 0 SKIP

####################################################################
# C9 single-locked  (test_single_arm_locked)
####################################################################
====================================================================
C9  Single-arm LOCKED sequence (the C2 recipe on one arm)
    arm=left @ 192.168.1.10   arm v=20%   lift v=50% (duration-matched on sync)
    sequence: [('arm', 'ready'), ('hand', 'release'), ('sync', ('zero', 'half')), ('hand', 'grasp'), ('sync', ('ready', 'full')), ('hand', 'half_grasp'), ('arm', 'rest')]
    mode: as-found  (select with --mode SIM|REAL)
    pole pre-positioned to full length (0.29 m) first
    THE LEFT ARM, ITS POLE AND ITS HAND WILL MOVE
    sync dispatch order: LIFT_FIRST (back-to-back)   (vendor Blockly + bench_sync order)
    A frozen sync step waits up to 40 s for the arm event, then position-verifies, halts, and FAILS — let it finish.
====================================================================
current c api version:  emu-1.1.6
  [INFO] left: run mode = REAL
  [INFO] left: error state clean
  [PASS] no latched controller errors  (no latched errors)
  starting in 3 ...
  starting in 2 ...
  starting in 1 ...
  pre-positioning pole(s) to full_length (0.29 m -> left=290 (1to1)) ...
  [INFO] left: pole at full length (0.04 s, event=True)
  [PASS] pole pre-positioned to full length

  step results (live):
  ────────────────────────────────────────────────────────────
  ('arm', 'ready')           ok=True  arm  0.19 s
  ('hand', 'release')        ok=True  hand  0.10 s
  ('sync', ('zero', 'half')) ok=True  lift  0.38 s   arm  0.30 s   start-skew  -0.9 ms   finish-skew    +82 ms
  ('hand', 'grasp')          ok=True  hand  0.10 s
  ('sync', ('ready', 'full')) ok=True  lift  0.38 s   arm  0.30 s   start-skew  -1.0 ms   finish-skew    +73 ms
  ('hand', 'half_grasp')     ok=True  hand  0.10 s
  ('arm', 'rest')            ok=True  arm  0.19 s
  [PASS] all dispatches accepted
  [PASS] sequence completed
  [PASS] arrival via event for every device
  [INFO] sync ('zero', 'half')     arm-dur-est 3.00 s, matched lift 28%, start skew   -0.9 ms
  [INFO] sync ('ready', 'full')    arm-dur-est 3.00 s, matched lift 29%, start skew   -1.0 ms
  [PASS] sync dispatch gap  (max 1.0 ms between the two commands (budget 50 ms))
  [PASS] arm-pole sync finish  (worst pole lateness +82 ms)

  Summary: 7 PASS, 0 FAIL, 0 SKIP

####################################################################
# C3 chained  (test_dual_chained)
####################################################################
====================================================================
C3  Chained dual-arm execution (left leads, right follows)
    left=192.168.1.10  right=192.168.1.103  arm v=20%  lift v=50%
    sequence: [('arm', 'ready'), ('hand', 'release'), ('sync', ('zero', 'half')), ('hand', 'grasp'), ('sync', ('ready', 'full')), ('hand', 'half_grasp'), ('arm', 'rest')]
    mode: as-found  (select with --mode SIM|REAL)
    poles pre-positioned to full length (0.29 m) before the sequence
    BOTH ARMS AND BOTH POLES WILL MOVE
====================================================================
current c api version:  emu-1.1.6
  [INFO] left: run mode = REAL
  [INFO] right: run mode = REAL
  [INFO] left: error state clean
  [INFO] right: error state clean
  [PASS] no latched controller errors  (no latched errors)
  starting in 3 ...
  starting in 2 ...
  starting in 1 ...
  pre-positioning pole(s) to full_length (0.29 m -> left=290 (1to1), right=193 (2to3)) ...
  [INFO] left: pole at full length (0.04 s, event=True)
  [INFO] right: pole at full length (0.04 s, event=True)
  [PASS] poles pre-positioned to full length

  chain results:
  ────────────────────────────────────────────────────────────
  step 0 ('arm', 'ready')       follower start after leader done, gate latency     0.2 ms, ok=True
  step 1 ('hand', 'release')    follower start after leader done, gate latency    91.3 ms, ok=True
  step 2 ('sync', ('zero', 'half')) follower start after leader done, gate latency     1.7 ms, ok=True
  step 3 ('hand', 'grasp')      follower start after leader done, gate latency   282.5 ms, ok=True
  step 4 ('sync', ('ready', 'full')) follower start after leader done, gate latency     8.3 ms, ok=True
  step 5 ('hand', 'half_grasp') follower start after leader done, gate latency   280.9 ms, ok=True
  step 6 ('arm', 'rest')        follower start after leader done, gate latency   189.2 ms, ok=True
  [PASS] all dispatches accepted
  [PASS] both chains completed
  [PASS] ordering invariant  (follower step k always after leader step k done)
  [PASS] follower gate latency  (max 282.5 ms)

  Summary: 6 PASS, 0 FAIL, 0 SKIP

####################################################################
# C4 free  (test_dual_free)
####################################################################
====================================================================
C4  Free-running dual-arm execution (no cross-arm gates)
    left=192.168.1.10  right=192.168.1.103  arm v=20%  lift v=50%
    sequence: [('arm', 'ready'), ('hand', 'release'), ('sync', ('zero', 'half')), ('hand', 'grasp'), ('sync', ('ready', 'full')), ('hand', 'half_grasp'), ('arm', 'rest')]
    mode: as-found  (select with --mode SIM|REAL)
    poles pre-positioned to full length (0.29 m) before the sequence
    BOTH ARMS AND BOTH POLES WILL MOVE
====================================================================
current c api version:  emu-1.1.6
  [INFO] left: run mode = REAL
  [INFO] right: run mode = REAL
  [INFO] left: error state clean
  [INFO] right: error state clean
  [PASS] no latched controller errors  (no latched errors)
  starting in 3 ...
  starting in 2 ...
  starting in 1 ...
  pre-positioning pole(s) to full_length (0.29 m -> left=290 (1to1), right=193 (2to3)) ...
  [INFO] left: pole at full length (0.04 s, event=True)
  [INFO] right: pole at full length (0.04 s, event=True)
  [PASS] poles pre-positioned to full length

  per-arm timelines:
  ────────────────────────────────────────────────────────────
  left : 7/7 steps in 1.45 s
  right: 7/7 steps in 1.45 s
  [PASS] all dispatches accepted
  [PASS] both arms completed independently
  [PASS] concurrent free run  (window overlap 100% of shorter run)

  Summary: 5 PASS, 0 FAIL, 0 SKIP

####################################################################
# C6 single-arm  (test_single_arm_planned)
####################################################################
====================================================================
C6  Single-arm planned moves + CONCURRENT hand motion
    arm=left @ 192.168.1.10   movej v=20%   X offset +20 cm (world frame)
    hand states: release / grasp / half_grasp (acked_angle: non-blocking + duration dwell, butterfli_hw semantics)
    mode: as-found  (select with --mode SIM|REAL)
    pole pre-positioned to full length (0.29 m) first
    THE LEFT ARM, ITS POLE AND ITS HAND WILL MOVE
====================================================================
current c api version:  emu-1.1.6
  [INFO] left: run mode = REAL
  [INFO] left: error state clean
  [PASS] no latched controller errors  (no latched errors)
  starting in 3 ...
  starting in 2 ...
  starting in 1 ...
  pre-positioning pole(s) to full_length (0.29 m -> left=290 (1to1)) ...
  [INFO] left: pole at full length (0.04 s, event=True)
  [PASS] pole pre-positioned to full length
  movej ready + release      ok=True  arm  0.19 s   hand  0.10 s   hand-arm finish -0.09 s  (hand done DURING arm motion)
  [PASS] movej to ready + hand release
  movej rest + grasp         ok=True  arm  0.19 s   hand  0.10 s   hand-arm finish -0.09 s  (hand done DURING arm motion)
  [PASS] movej to rest_pose + hand grasp
  pose at rest: x=-0.058 y=+0.101 z=+0.488  ->  target x=+0.142
  movej_p +X + half_grasp: arm 0.15 s, hand finish skew -0.05 s  (hand done DURING arm motion)
  displacement: dx=+0.200 dy=+0.000 dz=+0.000 m
  [PASS] movej_p +X + half_grasp verified  (dx=+0.200 m (target +0.20))
  movej ready + release      ok=True  arm  0.21 s   hand  0.10 s   hand-arm finish -0.11 s  (hand done DURING arm motion)
  [PASS] movej back to ready + hand release
  [PASS] planned-move pipeline exercised  (movej x3 + movej_p x1 + hand x4 concurrent, no passthrough)
  [PASS] hand moved concurrently with arm  (4/4 phases finished during arm motion; finish skews -0.09s, -0.09s, -0.05s, -0.11s)

  Summary: 8 PASS, 0 FAIL, 0 SKIP

####################################################################
# C2 arm-only drill  (--no-hands --no-pole)
####################################################################
====================================================================
C2  Parallel locked dual-arm execution
    left=192.168.1.10  right=192.168.1.103  arm v=20%  lift v=50%
    sequence: [('arm', 'ready'), ('arm', 'zero'), ('arm', 'ready'), ('arm', 'rest')]   [--no-hands: hand steps stripped]   [--no-pole: pole/sync-lift steps stripped]
    mode: as-found  (select with --mode SIM|REAL)
    pole pre-positioning SKIPPED (--no-pole)
    BOTH ARMS WILL MOVE (poles stay put)
====================================================================
current c api version:  emu-1.1.6
  [INFO] left: run mode = REAL
  [INFO] right: run mode = REAL
  [INFO] left: error state clean
  [INFO] right: error state clean
  [PASS] no latched controller errors  (no latched errors)
  starting in 3 ...
  starting in 2 ...
  starting in 1 ...
  [PASS] poles pre-positioned to full length  (SKIPPED — poles disabled (--no-pole))

  step results:
  ────────────────────────────────────────────────────────────
  ('arm', 'ready')         skew   0.89 ms   L   0.01 s   R   0.19 s   |d|  0.19 s   ok=True
  ('arm', 'zero')          skew   1.05 ms   L   0.30 s   R   0.30 s   |d|  0.00 s   ok=True
  ('arm', 'ready')         skew   1.12 ms   L   0.30 s   R   0.30 s   |d|  0.00 s   ok=True
  ('arm', 'rest')          skew   0.93 ms   L   0.19 s   R   0.19 s   |d|  0.00 s   ok=True
  [PASS] all dispatches accepted
  [PASS] sequence completed with barrier per step
  [PASS] dispatch skew  (max 1.12 ms)
  [PASS] arrival via event for every device
  [INFO] completion delta between arms: mean 0.05 s, max 0.19 s
  [PASS] arm-pole sync finish  (SKIPPED — poles disabled (--no-pole))

  Summary: 7 PASS, 0 FAIL, 0 SKIP

####################################################################
# C9 sync-order drill  (the arm-freeze regression)
####################################################################

-- drill A: arm_first must REPRODUCE the freeze --
====================================================================
C9  Single-arm LOCKED sequence (the C2 recipe on one arm)
    arm=left @ 192.168.1.10   arm v=20%   lift v=50% (duration-matched on sync)
    sequence: [('arm', 'ready'), ('sync', ('zero', 'half')), ('sync', ('ready', 'full')), ('arm', 'rest')]   [--no-hands: hand steps stripped]
    mode: as-found  (select with --mode SIM|REAL)
    pole pre-positioned to full length (0.29 m) first
    THE LEFT ARM AND ITS POLE WILL MOVE
    sync dispatch order: LIFT_FIRST (back-to-back)   (vendor Blockly + bench_sync order)
    A frozen sync step waits up to 40 s for the arm event, then position-verifies, halts, and FAILS — let it finish.
====================================================================
current c api version:  emu-1.1.6
  [INFO] left: run mode = REAL
  [INFO] left: error state clean
  [PASS] no latched controller errors  (no latched errors)
  starting in 3 ...
  starting in 2 ...
  starting in 1 ...
  pre-positioning pole(s) to full_length (0.29 m -> left=290 (1to1)) ...
  [INFO] left: pole at full length (0.04 s, event=True)
  [PASS] pole pre-positioned to full length

  step results (live):
  ────────────────────────────────────────────────────────────
  ('arm', 'ready')           ok=True  arm  0.19 s
  ('sync', ('zero', 'half')) ok=False  arm  2.00 s   lift  0.38 s   start-skew   1.2 ms   finish-skew  -1617 ms
  [PASS] all dispatches accepted
  [FAIL] sequence completed  (2/4 steps; first failure at ('sync', ('zero', 'half')))
  [WARN] 1 dispatched devices never delivered an arrival event (0 recovered by position fallback; hand has no fallback) — the C2 freeze signature if the device is the ARM on a sync step
  [FAIL] arrival via event for every device  (1 missing)
  [INFO] sync ('zero', 'half')     arm-dur-est 3.00 s, matched lift 28%, start skew    1.2 ms
  [PASS] sync dispatch gap  (max 1.2 ms between the two commands (budget 50 ms))
  [FAIL] arm-pole sync finish  (no sync step produced both completions (the freeze outcome))

  Summary: 4 PASS, 3 FAIL, 0 SKIP
  joint errors latched by the abort: True (flags [16, 16, 16, 16, 16, 16, 16])

-- drill B: the next run must be REFUSED until cleared --
====================================================================
C9  Single-arm LOCKED sequence (the C2 recipe on one arm)
    arm=left @ 192.168.1.10   arm v=20%   lift v=50% (duration-matched on sync)
    sequence: [('arm', 'ready'), ('sync', ('zero', 'half')), ('sync', ('ready', 'full')), ('arm', 'rest')]   [--no-hands: hand steps stripped]
    mode: as-found  (select with --mode SIM|REAL)
    pole pre-positioned to full length (0.29 m) first
    THE LEFT ARM AND ITS POLE WILL MOVE
    sync dispatch order: LIFT_FIRST (back-to-back)   (vendor Blockly + bench_sync order)
    A frozen sync step waits up to 40 s for the arm event, then position-verifies, halts, and FAILS — let it finish.
====================================================================
current c api version:  emu-1.1.6
  [INFO] left: run mode = REAL
  [WARN] left: LATCHED ERRORS — system 5001; joints J1=16,J2=16,J3=16,J4=16,J5=16,J6=16,J7=16
  [FAIL] no latched controller errors  (left: system 5001; joints J1=16,J2=16,J3=16,J4=16,J5=16,J6=16,J7=16 — motion will be REJECTED (ret=1); rerun with --clear-errors (power-cycle if they persist))

  Summary: 0 PASS, 1 FAIL, 0 SKIP

-- drill C: --clear-errors must recover and complete --
====================================================================
C9  Single-arm LOCKED sequence (the C2 recipe on one arm)
    arm=left @ 192.168.1.10   arm v=20%   lift v=50% (duration-matched on sync)
    sequence: [('arm', 'ready'), ('sync', ('zero', 'half')), ('sync', ('ready', 'full')), ('arm', 'rest')]   [--no-hands: hand steps stripped]
    mode: as-found  (select with --mode SIM|REAL)
    pole pre-positioned to full length (0.29 m) first
    THE LEFT ARM AND ITS POLE WILL MOVE
    sync dispatch order: LIFT_FIRST (back-to-back)   (vendor Blockly + bench_sync order)
    A frozen sync step waits up to 40 s for the arm event, then position-verifies, halts, and FAILS — let it finish.
====================================================================
current c api version:  emu-1.1.6
  [INFO] left: run mode = REAL
  [INFO] left: rm_clear_system_err ret=0 -> clean
  [INFO] left: error state clean
  [PASS] no latched controller errors  (no latched errors)
  starting in 3 ...
  starting in 2 ...
  starting in 1 ...
  pre-positioning pole(s) to full_length (0.29 m -> left=290 (1to1)) ...
  [INFO] left: pole at full length (0.29 s, event=True)
  [PASS] pole pre-positioned to full length

  step results (live):
  ────────────────────────────────────────────────────────────
  ('arm', 'ready')           ok=True  arm  0.01 s
  ('sync', ('zero', 'half')) ok=True  lift  0.38 s   arm  0.30 s   start-skew  -0.8 ms   finish-skew    +82 ms
  ('sync', ('ready', 'full')) ok=True  lift  0.37 s   arm  0.30 s   start-skew  -0.8 ms   finish-skew    +73 ms
  ('arm', 'rest')            ok=True  arm  0.19 s
  [PASS] all dispatches accepted
  [PASS] sequence completed
  [PASS] arrival via event for every device
  [INFO] sync ('zero', 'half')     arm-dur-est 3.00 s, matched lift 28%, start skew   -0.8 ms
  [INFO] sync ('ready', 'full')    arm-dur-est 3.00 s, matched lift 29%, start skew   -0.8 ms
  [PASS] sync dispatch gap  (max 0.8 ms between the two commands (budget 50 ms))
  [PASS] arm-pole sync finish  (worst pole lateness +82 ms)

  Summary: 7 PASS, 0 FAIL, 0 SKIP

  drill verdict: arm_first exit 1 (want nonzero), errors latched True (want True), blocked exit 1 (want nonzero), cleared exit 0 (want 0) -> OK

####################################################################
# C8 locked-pole drill  (fault injection)
####################################################################

-- drill A: pole locked, C8 must FAIL with the diagnosis --
====================================================================
C8  Pole-only diagnostic (lift acceptance + state dump)
    pole on arm=left @ 192.168.1.10   gearing=1to1 (hw max 330)
    ONLY THE POLE MOVES — arm and hand stay still
    mode: as-found  (select with --mode SIM|REAL)  [lift does NOT execute in SIM]
====================================================================
current c api version:  emu-1.1.6
  [INFO] left: run mode = REAL
  [PASS] connected  (handle id=19)
  [PASS] arm power  (ON)
    joint err_flag=[0, 0, 0, 0, 0, 0, 0]  brake_state=[0, 0, 0, 0, 0, 0, 0]
  [FAIL] controller/joint errors  (sys=['4103'] joints=[] — latched errors block motion; rerun with --clear-errors)
  [FAIL] lift state  (pos=290 hw-mm  current=0 mA  mode=0  err_flag=1 — LIFT DRIVER ERROR latched (stall/overcurrent?); try --clear-errors, then power cycle)
  [SKIP] rm_clear_system_err  (not requested (--clear-errors))
  starting in 3 ...
  starting in 2 ...
  starting in 1 ...
  D6 acceptance probe: command CURRENT position (290 hw-mm) — no physical motion
    hold-position: REJECTED ret=1
  [FAIL] lift acceptance probe  (the 20:38 signature — controller rejects/ignores lift commands)
  [DIAG] left: lift command REJECTED by the controller (set_state false) — state dump:
  [DIAG]   arm power: ON
  [DIAG]   controller err: 4103  <-- likely cause: clear via --clear-errors / Web GUI
  [DIAG]   joint err flags: clean   brake_state=[0, 0, 0, 0, 0, 0, 0]
  [DIAG]   lift state: pos=290 hw-mm  current=0 mA  mode=0  err_flag=1  <-- LIFT DRIVER ERROR latched (stall/overcurrent?)
  [DIAG] recovery ladder: (1) release/reset the physical e-stop, (2) clear errors (RM_ARM=left python3 test_pole_only.py --clear-errors), (3) check the Web GUI lift panel moves the pole, (4) power-cycle the arm.
  [SKIP] small stroke probe  (acceptance probe failed)
  [SKIP] home to full length  (earlier probe failed)

  Summary: 2 PASS, 3 FAIL, 3 SKIP

-- drill B: C8 --clear-errors must recover and pass --
====================================================================
C8  Pole-only diagnostic (lift acceptance + state dump)
    pole on arm=left @ 192.168.1.10   gearing=1to1 (hw max 330)
    ONLY THE POLE MOVES — arm and hand stay still
    --clear-errors: rm_clear_system_err will run before D6
    mode: as-found  (select with --mode SIM|REAL)  [lift does NOT execute in SIM]
====================================================================
current c api version:  emu-1.1.6
  [INFO] left: run mode = REAL
  [PASS] connected  (handle id=20)
  [PASS] arm power  (ON)
    joint err_flag=[0, 0, 0, 0, 0, 0, 0]  brake_state=[0, 0, 0, 0, 0, 0, 0]
  [PASS] controller/joint errors  (latched: sys=['4103'] joints=[] — clearing next)
  [PASS] lift state  (pos=290 hw-mm  current=0 mA  mode=0  err_flag=1 — driver error latched, clearing next)
  [PASS] rm_clear_system_err  (ret=0)
  starting in 3 ...
  starting in 2 ...
  starting in 1 ...
  D6 acceptance probe: command CURRENT position (290 hw-mm) — no physical motion
    hold-position: ret=0 arrived=True success=True (0.04 s)
  [PASS] lift acceptance probe  (controller accepts lift commands)
    stroke to 280: ret=0 arrived=True success=True (0.06 s)
    back to 290: ret=0 arrived=True success=True (0.06 s)
  [PASS] small stroke probe  (10 hw-mm there and back, events OK)
  pre-positioning pole(s) to full_length (0.29 m -> left=290 (1to1)) ...
  [INFO] left: pole at full length (0.04 s, event=True)
  [PASS] home to full length  (0.29 m -> 290 hw-mm)

  Summary: 8 PASS, 0 FAIL, 0 SKIP

  drill verdict: locked exit 1 (want nonzero), recover exit 0 (want 0) -> OK

====================================================================
Emulated suite summary
  C1 connect   exit 0  (OK)
  C8 pole diag exit 0  (OK)
  C5 sim probe exit 0  (OK)
  C7 hand only exit 0  (OK)
  C2 locked    exit 0  (OK)
  C9 single-locked exit 0  (OK)
  C3 chained   exit 0  (OK)
  C4 free      exit 0  (OK)
  C6 single-arm exit 0  (OK)
  C2 arm-only drill exit 0  (OK)
  C9 sync-order drill exit 0  (OK)
  C8 locked drill exit 0  (OK)
====================================================================

========================================================================
  Script : run_emulated_suite.py
  Log    : run_emulated_suite.log
  Started: 2026-08-07 10:42:13
========================================================================
====================================================================
EMULATED dual-arm concept suite  (time scale x10)
Arms are emulated in-process — nothing physical moves.
====================================================================

####################################################################
# C1 connect  (test_dual_connect)
####################################################################
====================================================================
C1  Dual-arm connectivity pre-check  (no motion is commanded)
    left=192.168.1.10  right=192.168.1.103
====================================================================
current c api version:  emu-1.1.6
  [PASS] left: robot info  (RM_75 7-DOF, controller gen 3)
  [PASS] left: arm state clean  (err codes ['0'])
  [PASS] left: lift state  (pos=100 of 330 (1to1))
  [INFO] left: run mode = REAL
  [PASS] right: robot info  (RM_75 7-DOF, controller gen 3)
  [PASS] right: arm state clean  (err codes ['0'])
  [PASS] right: lift state  (pos=100 of 200 (2to3))
  [INFO] right: run mode = REAL
  [PASS] handles distinct  (left id=1 right id=2)
  [PASS] event callback registered  (process-global, demuxed by handle_id)
  [PASS] pre-check complete  (no motion was commanded)

  Summary: 9 PASS, 0 FAIL, 0 SKIP

####################################################################
# C8 pole diag  (test_pole_only)
####################################################################
====================================================================
C8  Pole-only diagnostic (lift acceptance + state dump)
    pole on arm=left @ 192.168.1.10   gearing=1to1 (hw max 330)
    ONLY THE POLE MOVES — arm and hand stay still
    mode: as-found  (select with --mode SIM|REAL)  [lift does NOT execute in SIM]
====================================================================
current c api version:  emu-1.1.6
  [INFO] left: run mode = REAL
  [PASS] connected  (handle id=3)
  [PASS] arm power  (ON)
    joint err_flag=[0, 0, 0, 0, 0, 0, 0]  brake_state=[0, 0, 0, 0, 0, 0, 0]
  [PASS] controller/joint errors  (clean)
  [PASS] lift state  (pos=100 hw-mm  current=0 mA  mode=0  err_flag=0)
  [SKIP] rm_clear_system_err  (not requested (--clear-errors))
  starting in 3 ...
  starting in 2 ...
  starting in 1 ...
  D6 acceptance probe: command CURRENT position (100 hw-mm) — no physical motion
    hold-position: ret=0 arrived=True success=True (0.04 s)
  [PASS] lift acceptance probe  (controller accepts lift commands)
    stroke to 90: ret=0 arrived=True success=True (0.06 s)
    back to 100: ret=0 arrived=True success=True (0.06 s)
  [PASS] small stroke probe  (10 hw-mm there and back, events OK)
  pre-positioning pole(s) to full_length (0.29 m -> left=290 (1to1)) ...
  [INFO] left: pole at full length (0.38 s, event=True)
  [PASS] home to full length  (0.29 m -> 290 hw-mm)

  Summary: 7 PASS, 0 FAIL, 1 SKIP

####################################################################
# C5 sim probe  (test_sim_motion_visibility)
####################################################################
====================================================================
C5  Simulation-mode motion visibility probe (no physical motion)
    arm=192.168.1.10  UDP -> 192.168.1.239:8095  probe: J7 +5.0 deg at v=10%
====================================================================
current c api version:  emu-1.1.6
  [INFO] original run mode: REAL
  [PASS] simulation mode engaged and verified
  [INFO] rm_set_realtime_push ret=0
  [PASS] UDP push delivering frames  (77 within 2 s)
  [PASS] probe movej accepted in simulation mode

  ────────────────────────────────────────────────────────────
  VERDICT — simulated motion accessibility (549 UDP frames):
    UDP realtime push sweeps:   YES
    Arrival event fires:        YES (trajectory_state=True)
    TCP polling sweeps:         YES  (1 polls)
  ────────────────────────────────────────────────────────────
  => Simulated motion IS programmatically accessible: the
     sim-rehearsal record-and-verify pipeline is viable.
  [PASS] probe completed with a definitive verdict
  [PASS] probe joint returned to start
  [INFO] run mode restored: REAL (ret=0)

  Summary: 5 PASS, 0 FAIL, 0 SKIP

####################################################################
# C7 hand only  (test_hand_only)
####################################################################
====================================================================
C7  Hand-alone test (protocol probe, then modbus RTU)
    hand on arm=left @ 192.168.1.10   modbus device=1 baud=115200
    ONLY THE HAND MOVES — no arm, no pole motion
    on exit: restore protocol mode (rm_close_modbus_mode)
====================================================================
current c api version:  emu-1.1.6
  [INFO] arm run mode: REAL (hand is a physical peripheral; REAL recommended)
  [PASS] connected  (handle id=5)

  Phase P — protocol path probe (rm_set_hand_angle, blocking 5 s)
  [PASS] protocol path  (WORKS — end port is free; C2/C6 hand steps can use arrival events)

  Phase M — modbus RTU (ANGLE_SET writes, ANGLE_ACT feedback)
  [PASS] modbus session opened  (port 1 @ 115200)
  [PASS] ANGLE_ACT readable  (measured [993, 993, 993, 993, 981, 992])
  [PASS] SPEED_SET written  (500 x6)
    release    reached in  0.3 s  ACT=[993, 993, 993, 993, 981, 992]  (max err 0)
    grasp      reached in  0.3 s  ACT=[33, 33, 33, 33, 133, 944]  (max err 0)
    half_grasp reached in  0.3 s  ACT=[516, 516, 516, 516, 133, 944]  (max err 0)
    release    reached in  0.3 s  ACT=[993, 993, 993, 993, 981, 992]  (max err 0)
  [PASS] modbus command + measured feedback  (release -> grasp -> half_grasp -> release verified via ANGLE_ACT)
  [PASS] FORCE_ACT readable  ([0, 0, 0, 0, 0, 0] g (signed))

  VERDICT: protocol path WORKS; modbus RTU path WORKS with real feedback.
  [INFO] end port restored to protocol mode (rm_close_modbus_mode ret=0)
  [PASS] end-port state restored

  Summary: 8 PASS, 0 FAIL, 0 SKIP

####################################################################
# C2 locked  (test_dual_locked)
####################################################################
====================================================================
C2  Parallel locked dual-arm execution
    left=192.168.1.10  right=192.168.1.103  arm v=20%  lift v=50%
    sequence: [('arm', 'ready'), ('hand', 'release'), ('sync', ('zero', 'half')), ('hand', 'grasp'), ('sync', ('ready', 'full')), ('hand', 'half_grasp'), ('arm', 'rest')]
    mode: as-found  (select with --mode SIM|REAL)
    poles pre-positioned to full length (0.29 m) before the sequence
    BOTH ARMS AND BOTH POLES WILL MOVE
====================================================================
current c api version:  emu-1.1.6
  [INFO] left: run mode = REAL
  [INFO] right: run mode = REAL
  [INFO] left: error state clean
  [INFO] right: error state clean
  [PASS] no latched controller errors  (no latched errors)
  starting in 3 ...
  starting in 2 ...
  starting in 1 ...
  pre-positioning pole(s) to full_length (0.29 m -> left=290 (1to1), right=193 (2to3)) ...
  [INFO] left: pole at full length (0.04 s, event=True)
  [INFO] right: pole at full length (0.29 s, event=True)
  [PASS] poles pre-positioned to full length

  step results:
  ────────────────────────────────────────────────────────────
  ('arm', 'ready')         skew   0.99 ms   L   0.30 s   R   0.30 s   |d|  0.00 s   ok=True
  ('hand', 'release')      skew   0.38 ms   L   0.10 s   R   0.10 s   |d|  0.00 s   ok=True
  ('sync', ('zero', 'half')) skew   3.56 ms   L   0.38 s   R   0.38 s   |d|  0.00 s   ok=True
  ('hand', 'grasp')        skew   0.36 ms   L   0.10 s   R   0.10 s   |d|  0.00 s   ok=True
  ('sync', ('ready', 'full')) skew   2.91 ms   L   0.37 s   R   0.37 s   |d|  0.00 s   ok=True
  ('hand', 'half_grasp')   skew   0.31 ms   L   0.10 s   R   0.10 s   |d|  0.00 s   ok=True
  ('arm', 'rest')          skew   0.96 ms   L   0.19 s   R   0.19 s   |d|  0.00 s   ok=True
  [PASS] all dispatches accepted
  [PASS] sequence completed with barrier per step
  [PASS] dispatch skew  (max 3.56 ms)
  [PASS] arrival via event for every device
  [INFO] completion delta between arms: mean 0.00 s, max 0.00 s
  [INFO] sync left  ('zero', 'half')     arm-dur-est 3.00 s, matched lift 28%, start skew   -1.1 ms, finish skew   +81.7 ms
  [INFO] sync right ('zero', 'half')     arm-dur-est 3.00 s, matched lift 28%, start skew   -1.1 ms, finish skew   +80.5 ms
  [INFO] sync left  ('ready', 'full')    arm-dur-est 3.00 s, matched lift 29%, start skew   -0.7 ms, finish skew   +73.2 ms
  [INFO] sync right ('ready', 'full')    arm-dur-est 3.00 s, matched lift 29%, start skew   -0.7 ms, finish skew   +72.0 ms
  [PASS] arm-pole sync finish  (worst pole lateness +82 ms)

  Summary: 7 PASS, 0 FAIL, 0 SKIP

####################################################################
# C9 single-locked  (test_single_arm_locked)
####################################################################
====================================================================
C9  Single-arm LOCKED sequence (the C2 recipe on one arm)
    arm=left @ 192.168.1.10   arm v=20%   lift v=50% (duration-matched on sync)
    sequence: [('arm', 'ready'), ('hand', 'release'), ('sync', ('zero', 'half')), ('hand', 'grasp'), ('sync', ('ready', 'full')), ('hand', 'half_grasp'), ('arm', 'rest')]
    mode: as-found  (select with --mode SIM|REAL)
    pole pre-positioned to full length (0.29 m) first
    THE LEFT ARM, ITS POLE AND ITS HAND WILL MOVE
    sync dispatch order: LIFT_FIRST (back-to-back)   (vendor Blockly + bench_sync order)
    A frozen sync step waits up to 40 s for the arm event, then position-verifies, halts, and FAILS — let it finish.
====================================================================
current c api version:  emu-1.1.6
  [INFO] left: run mode = REAL
  [INFO] left: error state clean
  [PASS] no latched controller errors  (no latched errors)
  starting in 3 ...
  starting in 2 ...
  starting in 1 ...
  pre-positioning pole(s) to full_length (0.29 m -> left=290 (1to1)) ...
  [INFO] left: pole at full length (0.04 s, event=True)
  [PASS] pole pre-positioned to full length

  step results (live):
  ────────────────────────────────────────────────────────────
  ('arm', 'ready')           ok=True  arm  0.19 s
  ('hand', 'release')        ok=True  hand  0.10 s
  ('sync', ('zero', 'half')) ok=True  lift  0.38 s   arm  0.30 s   start-skew  -0.9 ms   finish-skew    +82 ms
  ('hand', 'grasp')          ok=True  hand  0.10 s
  ('sync', ('ready', 'full')) ok=True  lift  0.38 s   arm  0.30 s   start-skew  -1.3 ms   finish-skew    +73 ms
  ('hand', 'half_grasp')     ok=True  hand  0.10 s
  ('arm', 'rest')            ok=True  arm  0.19 s
  [PASS] all dispatches accepted
  [PASS] sequence completed
  [PASS] arrival via event for every device
  [INFO] sync ('zero', 'half')     arm-dur-est 3.00 s, matched lift 28%, start skew   -0.9 ms
  [INFO] sync ('ready', 'full')    arm-dur-est 3.00 s, matched lift 29%, start skew   -1.3 ms
  [PASS] sync dispatch gap  (max 1.3 ms between the two commands (budget 50 ms))
  [PASS] arm-pole sync finish  (worst pole lateness +82 ms)

  Summary: 7 PASS, 0 FAIL, 0 SKIP

####################################################################
# C3 chained  (test_dual_chained)
####################################################################
====================================================================
C3  Chained dual-arm execution (left leads, right follows)
    left=192.168.1.10  right=192.168.1.103  arm v=20%  lift v=50%
    sequence: [('arm', 'ready'), ('hand', 'release'), ('sync', ('zero', 'half')), ('hand', 'grasp'), ('sync', ('ready', 'full')), ('hand', 'half_grasp'), ('arm', 'rest')]
    mode: as-found  (select with --mode SIM|REAL)
    poles pre-positioned to full length (0.29 m) before the sequence
    BOTH ARMS AND BOTH POLES WILL MOVE
====================================================================
current c api version:  emu-1.1.6
  [INFO] left: run mode = REAL
  [INFO] right: run mode = REAL
  [INFO] left: error state clean
  [INFO] right: error state clean
  [PASS] no latched controller errors  (no latched errors)
  starting in 3 ...
  starting in 2 ...
  starting in 1 ...
  pre-positioning pole(s) to full_length (0.29 m -> left=290 (1to1), right=193 (2to3)) ...
  [INFO] left: pole at full length (0.04 s, event=True)
  [INFO] right: pole at full length (0.04 s, event=True)
  [PASS] poles pre-positioned to full length

  chain results:
  ────────────────────────────────────────────────────────────
  step 0 ('arm', 'ready')       follower start after leader done, gate latency     0.6 ms, ok=True
  step 1 ('hand', 'release')    follower start after leader done, gate latency    92.2 ms, ok=True
  step 2 ('sync', ('zero', 'half')) follower start after leader done, gate latency     1.6 ms, ok=True
  step 3 ('hand', 'grasp')      follower start after leader done, gate latency   282.9 ms, ok=True
  step 4 ('sync', ('ready', 'full')) follower start after leader done, gate latency     8.3 ms, ok=True
  step 5 ('hand', 'half_grasp') follower start after leader done, gate latency   280.9 ms, ok=True
  step 6 ('arm', 'rest')        follower start after leader done, gate latency   189.5 ms, ok=True
  [PASS] all dispatches accepted
  [PASS] both chains completed
  [PASS] ordering invariant  (follower step k always after leader step k done)
  [PASS] follower gate latency  (max 282.9 ms)

  Summary: 6 PASS, 0 FAIL, 0 SKIP

####################################################################
# C4 free  (test_dual_free)
####################################################################
====================================================================
C4  Free-running dual-arm execution (no cross-arm gates)
    left=192.168.1.10  right=192.168.1.103  arm v=20%  lift v=50%
    sequence: [('arm', 'ready'), ('hand', 'release'), ('sync', ('zero', 'half')), ('hand', 'grasp'), ('sync', ('ready', 'full')), ('hand', 'half_grasp'), ('arm', 'rest')]
    mode: as-found  (select with --mode SIM|REAL)
    poles pre-positioned to full length (0.29 m) before the sequence
    BOTH ARMS AND BOTH POLES WILL MOVE
====================================================================
current c api version:  emu-1.1.6
  [INFO] left: run mode = REAL
  [INFO] right: run mode = REAL
  [INFO] left: error state clean
  [INFO] right: error state clean
  [PASS] no latched controller errors  (no latched errors)
  starting in 3 ...
  starting in 2 ...
  starting in 1 ...
  pre-positioning pole(s) to full_length (0.29 m -> left=290 (1to1), right=193 (2to3)) ...
  [INFO] left: pole at full length (0.04 s, event=True)
  [INFO] right: pole at full length (0.04 s, event=True)
  [PASS] poles pre-positioned to full length

  per-arm timelines:
  ────────────────────────────────────────────────────────────
  left : 7/7 steps in 1.45 s
  right: 7/7 steps in 1.45 s
  [PASS] all dispatches accepted
  [PASS] both arms completed independently
  [PASS] concurrent free run  (window overlap 100% of shorter run)

  Summary: 5 PASS, 0 FAIL, 0 SKIP

####################################################################
# C6 single-arm  (test_single_arm_planned)
####################################################################
====================================================================
C6  Single-arm planned moves + CONCURRENT hand motion
    arm=left @ 192.168.1.10   movej v=20%   X offset +20 cm (world frame)
    hand states: release / grasp / half_grasp (acked_angle: non-blocking + duration dwell, butterfli_hw semantics)
    mode: as-found  (select with --mode SIM|REAL)
    pole pre-positioned to full length (0.29 m) first
    THE LEFT ARM, ITS POLE AND ITS HAND WILL MOVE
====================================================================
current c api version:  emu-1.1.6
  [INFO] left: run mode = REAL
  [INFO] left: error state clean
  [PASS] no latched controller errors  (no latched errors)
  starting in 3 ...
  starting in 2 ...
  starting in 1 ...
  pre-positioning pole(s) to full_length (0.29 m -> left=290 (1to1)) ...
  [INFO] left: pole at full length (0.04 s, event=True)
  [PASS] pole pre-positioned to full length
  movej ready + release      ok=True  arm  0.19 s   hand  0.10 s   hand-arm finish -0.09 s  (hand done DURING arm motion)
  [PASS] movej to ready + hand release
  movej rest + grasp         ok=True  arm  0.19 s   hand  0.10 s   hand-arm finish -0.09 s  (hand done DURING arm motion)
  [PASS] movej to rest_pose + hand grasp
  pose at rest: x=-0.058 y=+0.101 z=+0.488  ->  target x=+0.142
  movej_p +X + half_grasp: arm 0.15 s, hand finish skew -0.05 s  (hand done DURING arm motion)
  displacement: dx=+0.200 dy=+0.000 dz=+0.000 m
  [PASS] movej_p +X + half_grasp verified  (dx=+0.200 m (target +0.20))
  movej ready + release      ok=True  arm  0.21 s   hand  0.10 s   hand-arm finish -0.11 s  (hand done DURING arm motion)
  [PASS] movej back to ready + hand release
  [PASS] planned-move pipeline exercised  (movej x3 + movej_p x1 + hand x4 concurrent, no passthrough)
  [PASS] hand moved concurrently with arm  (4/4 phases finished during arm motion; finish skews -0.09s, -0.09s, -0.05s, -0.11s)

  Summary: 8 PASS, 0 FAIL, 0 SKIP

####################################################################
# C2 arm-only drill  (--no-hands --no-pole)
####################################################################
====================================================================
C2  Parallel locked dual-arm execution
    left=192.168.1.10  right=192.168.1.103  arm v=20%  lift v=50%
    sequence: [('arm', 'ready'), ('arm', 'zero'), ('arm', 'ready'), ('arm', 'rest')]   [--no-hands: hand steps stripped]   [--no-pole: pole/sync-lift steps stripped]
    mode: as-found  (select with --mode SIM|REAL)
    pole pre-positioning SKIPPED (--no-pole)
    BOTH ARMS WILL MOVE (poles stay put)
====================================================================
current c api version:  emu-1.1.6
  [INFO] left: run mode = REAL
  [INFO] right: run mode = REAL
  [INFO] left: error state clean
  [INFO] right: error state clean
  [PASS] no latched controller errors  (no latched errors)
  starting in 3 ...
  starting in 2 ...
  starting in 1 ...
  [PASS] poles pre-positioned to full length  (SKIPPED — poles disabled (--no-pole))

  step results:
  ────────────────────────────────────────────────────────────
  ('arm', 'ready')         skew   0.90 ms   L   0.01 s   R   0.19 s   |d|  0.19 s   ok=True
  ('arm', 'zero')          skew   1.02 ms   L   0.30 s   R   0.30 s   |d|  0.00 s   ok=True
  ('arm', 'ready')         skew   1.04 ms   L   0.30 s   R   0.30 s   |d|  0.00 s   ok=True
  ('arm', 'rest')          skew   1.08 ms   L   0.19 s   R   0.19 s   |d|  0.00 s   ok=True
  [PASS] all dispatches accepted
  [PASS] sequence completed with barrier per step
  [PASS] dispatch skew  (max 1.08 ms)
  [PASS] arrival via event for every device
  [INFO] completion delta between arms: mean 0.05 s, max 0.19 s
  [PASS] arm-pole sync finish  (SKIPPED — poles disabled (--no-pole))

  Summary: 7 PASS, 0 FAIL, 0 SKIP

####################################################################
# C9 sync-order drill  (the arm-freeze regression)
####################################################################

-- drill A: arm_first must REPRODUCE the freeze --
====================================================================
C9  Single-arm LOCKED sequence (the C2 recipe on one arm)
    arm=left @ 192.168.1.10   arm v=20%   lift v=50% (duration-matched on sync)
    sequence: [('arm', 'ready'), ('sync', ('zero', 'half')), ('sync', ('ready', 'full')), ('arm', 'rest')]   [--no-hands: hand steps stripped]
    mode: as-found  (select with --mode SIM|REAL)
    pole pre-positioned to full length (0.29 m) first
    THE LEFT ARM AND ITS POLE WILL MOVE
    sync dispatch order: LIFT_FIRST (back-to-back)   (vendor Blockly + bench_sync order)
    A frozen sync step waits up to 40 s for the arm event, then position-verifies, halts, and FAILS — let it finish.
====================================================================
current c api version:  emu-1.1.6
  [INFO] left: run mode = REAL
  [INFO] left: error state clean
  [PASS] no latched controller errors  (no latched errors)
  starting in 3 ...
  starting in 2 ...
  starting in 1 ...
  pre-positioning pole(s) to full_length (0.29 m -> left=290 (1to1)) ...
  [INFO] left: pole at full length (0.04 s, event=True)
  [PASS] pole pre-positioned to full length

  step results (live):
  ────────────────────────────────────────────────────────────
  ('arm', 'ready')           ok=True  arm  0.19 s
  ('sync', ('zero', 'half')) ok=False  arm  2.00 s   lift  0.38 s   start-skew   0.8 ms   finish-skew  -1617 ms
  [PASS] all dispatches accepted
  [FAIL] sequence completed  (2/4 steps; first failure at ('sync', ('zero', 'half')))
  [WARN] 1 dispatched devices never delivered an arrival event (0 recovered by position fallback; hand has no fallback) — the C2 freeze signature if the device is the ARM on a sync step
  [FAIL] arrival via event for every device  (1 missing)
  [INFO] sync ('zero', 'half')     arm-dur-est 3.00 s, matched lift 28%, start skew    0.8 ms
  [PASS] sync dispatch gap  (max 0.8 ms between the two commands (budget 50 ms))
  [FAIL] arm-pole sync finish  (no sync step produced both completions (the freeze outcome))

  Summary: 4 PASS, 3 FAIL, 0 SKIP
  joint errors latched by the abort: True (flags [16, 16, 16, 16, 16, 16, 16])

-- drill B: the next run must be REFUSED until cleared --
====================================================================
C9  Single-arm LOCKED sequence (the C2 recipe on one arm)
    arm=left @ 192.168.1.10   arm v=20%   lift v=50% (duration-matched on sync)
    sequence: [('arm', 'ready'), ('sync', ('zero', 'half')), ('sync', ('ready', 'full')), ('arm', 'rest')]   [--no-hands: hand steps stripped]
    mode: as-found  (select with --mode SIM|REAL)
    pole pre-positioned to full length (0.29 m) first
    THE LEFT ARM AND ITS POLE WILL MOVE
    sync dispatch order: LIFT_FIRST (back-to-back)   (vendor Blockly + bench_sync order)
    A frozen sync step waits up to 40 s for the arm event, then position-verifies, halts, and FAILS — let it finish.
====================================================================
current c api version:  emu-1.1.6
  [INFO] left: run mode = REAL
  [WARN] left: LATCHED ERRORS — system 5001; joints J1=16,J2=16,J3=16,J4=16,J5=16,J6=16,J7=16
  [FAIL] no latched controller errors  (left: system 5001; joints J1=16,J2=16,J3=16,J4=16,J5=16,J6=16,J7=16 — motion will be REJECTED (ret=1); rerun with --clear-errors (power-cycle if they persist))

  Summary: 0 PASS, 1 FAIL, 0 SKIP

-- drill C: --clear-errors must recover and complete --
====================================================================
C9  Single-arm LOCKED sequence (the C2 recipe on one arm)
    arm=left @ 192.168.1.10   arm v=20%   lift v=50% (duration-matched on sync)
    sequence: [('arm', 'ready'), ('sync', ('zero', 'half')), ('sync', ('ready', 'full')), ('arm', 'rest')]   [--no-hands: hand steps stripped]
    mode: as-found  (select with --mode SIM|REAL)
    pole pre-positioned to full length (0.29 m) first
    THE LEFT ARM AND ITS POLE WILL MOVE
    sync dispatch order: LIFT_FIRST (back-to-back)   (vendor Blockly + bench_sync order)
    A frozen sync step waits up to 40 s for the arm event, then position-verifies, halts, and FAILS — let it finish.
====================================================================
current c api version:  emu-1.1.6
  [INFO] left: run mode = REAL
  [INFO] left: rm_clear_system_err ret=0 -> clean
  [INFO] left: error state clean
  [PASS] no latched controller errors  (no latched errors)
  starting in 3 ...
  starting in 2 ...
  starting in 1 ...
  pre-positioning pole(s) to full_length (0.29 m -> left=290 (1to1)) ...
  [INFO] left: pole at full length (0.29 s, event=True)
  [PASS] pole pre-positioned to full length

  step results (live):
  ────────────────────────────────────────────────────────────
  ('arm', 'ready')           ok=True  arm  0.01 s
  ('sync', ('zero', 'half')) ok=True  lift  0.38 s   arm  0.30 s   start-skew  -0.9 ms   finish-skew    +82 ms
  ('sync', ('ready', 'full')) ok=True  lift  0.38 s   arm  0.30 s   start-skew  -0.9 ms   finish-skew    +73 ms
  ('arm', 'rest')            ok=True  arm  0.19 s
  [PASS] all dispatches accepted
  [PASS] sequence completed
  [PASS] arrival via event for every device
  [INFO] sync ('zero', 'half')     arm-dur-est 3.00 s, matched lift 28%, start skew   -0.9 ms
  [INFO] sync ('ready', 'full')    arm-dur-est 3.00 s, matched lift 29%, start skew   -0.9 ms
  [PASS] sync dispatch gap  (max 0.9 ms between the two commands (budget 50 ms))
  [PASS] arm-pole sync finish  (worst pole lateness +82 ms)

  Summary: 7 PASS, 0 FAIL, 0 SKIP

  drill verdict: arm_first exit 1 (want nonzero), errors latched True (want True), blocked exit 1 (want nonzero), cleared exit 0 (want 0) -> OK

####################################################################
# C8 locked-pole drill  (fault injection)
####################################################################

-- drill A: pole locked, C8 must FAIL with the diagnosis --
====================================================================
C8  Pole-only diagnostic (lift acceptance + state dump)
    pole on arm=left @ 192.168.1.10   gearing=1to1 (hw max 330)
    ONLY THE POLE MOVES — arm and hand stay still
    mode: as-found  (select with --mode SIM|REAL)  [lift does NOT execute in SIM]
====================================================================
current c api version:  emu-1.1.6
  [INFO] left: run mode = REAL
  [PASS] connected  (handle id=19)
  [PASS] arm power  (ON)
    joint err_flag=[0, 0, 0, 0, 0, 0, 0]  brake_state=[0, 0, 0, 0, 0, 0, 0]
  [FAIL] controller/joint errors  (sys=['4103'] joints=[] — latched errors block motion; rerun with --clear-errors)
  [FAIL] lift state  (pos=290 hw-mm  current=0 mA  mode=0  err_flag=1 — LIFT DRIVER ERROR latched (stall/overcurrent?); try --clear-errors, then power cycle)
  [SKIP] rm_clear_system_err  (not requested (--clear-errors))
  starting in 3 ...
  starting in 2 ...
  starting in 1 ...
  D6 acceptance probe: command CURRENT position (290 hw-mm) — no physical motion
    hold-position: REJECTED ret=1
  [FAIL] lift acceptance probe  (the 20:38 signature — controller rejects/ignores lift commands)
  [DIAG] left: lift command REJECTED by the controller (set_state false) — state dump:
  [DIAG]   arm power: ON
  [DIAG]   controller err: 4103  <-- likely cause: clear via --clear-errors / Web GUI
  [DIAG]   joint err flags: clean   brake_state=[0, 0, 0, 0, 0, 0, 0]
  [DIAG]   lift state: pos=290 hw-mm  current=0 mA  mode=0  err_flag=1  <-- LIFT DRIVER ERROR latched (stall/overcurrent?)
  [DIAG] recovery ladder: (1) release/reset the physical e-stop, (2) clear errors (RM_ARM=left python3 test_pole_only.py --clear-errors), (3) check the Web GUI lift panel moves the pole, (4) power-cycle the arm.
  [SKIP] small stroke probe  (acceptance probe failed)
  [SKIP] home to full length  (earlier probe failed)

  Summary: 2 PASS, 3 FAIL, 3 SKIP

-- drill B: C8 --clear-errors must recover and pass --
====================================================================
C8  Pole-only diagnostic (lift acceptance + state dump)
    pole on arm=left @ 192.168.1.10   gearing=1to1 (hw max 330)
    ONLY THE POLE MOVES — arm and hand stay still
    --clear-errors: rm_clear_system_err will run before D6
    mode: as-found  (select with --mode SIM|REAL)  [lift does NOT execute in SIM]
====================================================================
current c api version:  emu-1.1.6
  [INFO] left: run mode = REAL
  [PASS] connected  (handle id=20)
  [PASS] arm power  (ON)
    joint err_flag=[0, 0, 0, 0, 0, 0, 0]  brake_state=[0, 0, 0, 0, 0, 0, 0]
  [PASS] controller/joint errors  (latched: sys=['4103'] joints=[] — clearing next)
  [PASS] lift state  (pos=290 hw-mm  current=0 mA  mode=0  err_flag=1 — driver error latched, clearing next)
  [PASS] rm_clear_system_err  (ret=0)
  starting in 3 ...
  starting in 2 ...
  starting in 1 ...
  D6 acceptance probe: command CURRENT position (290 hw-mm) — no physical motion
    hold-position: ret=0 arrived=True success=True (0.04 s)
  [PASS] lift acceptance probe  (controller accepts lift commands)
    stroke to 280: ret=0 arrived=True success=True (0.06 s)
    back to 290: ret=0 arrived=True success=True (0.06 s)
  [PASS] small stroke probe  (10 hw-mm there and back, events OK)
  pre-positioning pole(s) to full_length (0.29 m -> left=290 (1to1)) ...
  [INFO] left: pole at full length (0.04 s, event=True)
  [PASS] home to full length  (0.29 m -> 290 hw-mm)

  Summary: 8 PASS, 0 FAIL, 0 SKIP

  drill verdict: locked exit 1 (want nonzero), recover exit 0 (want 0) -> OK

====================================================================
Emulated suite summary
  C1 connect   exit 0  (OK)
  C8 pole diag exit 0  (OK)
  C5 sim probe exit 0  (OK)
  C7 hand only exit 0  (OK)
  C2 locked    exit 0  (OK)
  C9 single-locked exit 0  (OK)
  C3 chained   exit 0  (OK)
  C4 free      exit 0  (OK)
  C6 single-arm exit 0  (OK)
  C2 arm-only drill exit 0  (OK)
  C9 sync-order drill exit 0  (OK)
  C8 locked drill exit 0  (OK)
====================================================================

========================================================================
  Script : run_emulated_suite.py
  Log    : run_emulated_suite.log
  Started: 2026-08-07 10:43:40
========================================================================
====================================================================
EMULATED dual-arm concept suite  (time scale x10)
Arms are emulated in-process — nothing physical moves.
====================================================================

####################################################################
# C1 connect  (test_dual_connect)
####################################################################
====================================================================
C1  Dual-arm connectivity pre-check  (no motion is commanded)
    left=192.168.1.10  right=192.168.1.103
====================================================================
current c api version:  emu-1.1.6
  [PASS] left: robot info  (RM_75 7-DOF, controller gen 3)
  [PASS] left: arm state clean  (err codes ['0'])
  [PASS] left: lift state  (pos=100 of 330 (1to1))
  [INFO] left: run mode = REAL
  [PASS] right: robot info  (RM_75 7-DOF, controller gen 3)
  [PASS] right: arm state clean  (err codes ['0'])
  [PASS] right: lift state  (pos=100 of 200 (2to3))
  [INFO] right: run mode = REAL
  [PASS] handles distinct  (left id=1 right id=2)
  [PASS] event callback registered  (process-global, demuxed by handle_id)
  [PASS] pre-check complete  (no motion was commanded)

  Summary: 9 PASS, 0 FAIL, 0 SKIP

####################################################################
# C8 pole diag  (test_pole_only)
####################################################################
====================================================================
C8  Pole-only diagnostic (lift acceptance + state dump)
    pole on arm=left @ 192.168.1.10   gearing=1to1 (hw max 330)
    ONLY THE POLE MOVES — arm and hand stay still
    mode: as-found  (select with --mode SIM|REAL)  [lift does NOT execute in SIM]
====================================================================
current c api version:  emu-1.1.6
  [INFO] left: run mode = REAL
  [PASS] connected  (handle id=3)
  [PASS] arm power  (ON)
    joint err_flag=[0, 0, 0, 0, 0, 0, 0]  brake_state=[0, 0, 0, 0, 0, 0, 0]
  [PASS] controller/joint errors  (clean)
  [PASS] lift state  (pos=100 hw-mm  current=0 mA  mode=0  err_flag=0)
  [SKIP] rm_clear_system_err  (not requested (--clear-errors))
  starting in 3 ...
  starting in 2 ...
  starting in 1 ...
  D6 acceptance probe: command CURRENT position (100 hw-mm) — no physical motion
    hold-position: ret=0 arrived=True success=True (0.04 s)
  [PASS] lift acceptance probe  (controller accepts lift commands)
    stroke to 90: ret=0 arrived=True success=True (0.06 s)
    back to 100: ret=0 arrived=True success=True (0.06 s)
  [PASS] small stroke probe  (10 hw-mm there and back, events OK)
  pre-positioning pole(s) to full_length (0.29 m -> left=290 (1to1)) ...
  [INFO] left: pole at full length (0.38 s, event=True)
  [PASS] home to full length  (0.29 m -> 290 hw-mm)

  Summary: 7 PASS, 0 FAIL, 1 SKIP

####################################################################
# C5 sim probe  (test_sim_motion_visibility)
####################################################################
====================================================================
C5  Simulation-mode motion visibility probe (no physical motion)
    arm=192.168.1.10  UDP -> 192.168.1.239:8095  probe: J7 +5.0 deg at v=10%
====================================================================
current c api version:  emu-1.1.6
  [INFO] original run mode: REAL
  [PASS] simulation mode engaged and verified
  [INFO] rm_set_realtime_push ret=0
  [PASS] UDP push delivering frames  (79 within 2 s)
  [PASS] probe movej accepted in simulation mode

  ────────────────────────────────────────────────────────────
  VERDICT — simulated motion accessibility (530 UDP frames):
    UDP realtime push sweeps:   YES
    Arrival event fires:        YES (trajectory_state=True)
    TCP polling sweeps:         YES  (1 polls)
  ────────────────────────────────────────────────────────────
  => Simulated motion IS programmatically accessible: the
     sim-rehearsal record-and-verify pipeline is viable.
  [PASS] probe completed with a definitive verdict
  [PASS] probe joint returned to start
  [INFO] run mode restored: REAL (ret=0)

  Summary: 5 PASS, 0 FAIL, 0 SKIP

####################################################################
# C7 hand only  (test_hand_only)
####################################################################
====================================================================
C7  Hand-alone test (protocol probe, then modbus RTU)
    hand on arm=left @ 192.168.1.10   modbus device=1 baud=115200
    ONLY THE HAND MOVES — no arm, no pole motion
    on exit: restore protocol mode (rm_close_modbus_mode)
====================================================================
current c api version:  emu-1.1.6
  [INFO] arm run mode: REAL (hand is a physical peripheral; REAL recommended)
  [PASS] connected  (handle id=5)

  Phase P — protocol path probe (rm_set_hand_angle, blocking 5 s)
  [PASS] protocol path  (WORKS — end port is free; C2/C6 hand steps can use arrival events)

  Phase M — modbus RTU (ANGLE_SET writes, ANGLE_ACT feedback)
  [PASS] modbus session opened  (port 1 @ 115200)
  [PASS] ANGLE_ACT readable  (measured [993, 993, 993, 993, 981, 992])
  [PASS] SPEED_SET written  (500 x6)
    release    reached in  0.3 s  ACT=[993, 993, 993, 993, 981, 992]  (max err 0)
    grasp      reached in  0.3 s  ACT=[33, 33, 33, 33, 133, 944]  (max err 0)
    half_grasp reached in  0.3 s  ACT=[516, 516, 516, 516, 133, 944]  (max err 0)
    release    reached in  0.3 s  ACT=[993, 993, 993, 993, 981, 992]  (max err 0)
  [PASS] modbus command + measured feedback  (release -> grasp -> half_grasp -> release verified via ANGLE_ACT)
  [PASS] FORCE_ACT readable  ([0, 0, 0, 0, 0, 0] g (signed))

  VERDICT: protocol path WORKS; modbus RTU path WORKS with real feedback.
  [INFO] end port restored to protocol mode (rm_close_modbus_mode ret=0)
  [PASS] end-port state restored

  Summary: 8 PASS, 0 FAIL, 0 SKIP

####################################################################
# C2 locked  (test_dual_locked)
####################################################################
====================================================================
C2  Parallel locked dual-arm execution
    left=192.168.1.10  right=192.168.1.103  arm v=20%  lift v=50%
    sequence: [('arm', 'ready'), ('hand', 'release'), ('sync', ('zero', 'half')), ('hand', 'grasp'), ('sync', ('ready', 'full')), ('hand', 'half_grasp'), ('arm', 'rest')]
    mode: as-found  (select with --mode SIM|REAL)
    poles pre-positioned to full length (0.29 m) before the sequence
    BOTH ARMS AND BOTH POLES WILL MOVE
====================================================================
current c api version:  emu-1.1.6
  [INFO] left: run mode = REAL
  [INFO] right: run mode = REAL
  [INFO] left: error state clean
  [INFO] right: error state clean
  [PASS] no latched controller errors  (no latched errors)
  starting in 3 ...
  starting in 2 ...
  starting in 1 ...
  pre-positioning pole(s) to full_length (0.29 m -> left=290 (1to1), right=193 (2to3)) ...
  [INFO] left: pole at full length (0.04 s, event=True)
  [INFO] right: pole at full length (0.29 s, event=True)
  [PASS] poles pre-positioned to full length

  step results:
  ────────────────────────────────────────────────────────────
  ('arm', 'ready')         skew   0.87 ms   L   0.30 s   R   0.30 s   |d|  0.00 s   ok=True
  ('hand', 'release')      skew   0.49 ms   L   0.10 s   R   0.10 s   |d|  0.00 s   ok=True
  ('sync', ('zero', 'half')) skew   3.65 ms   L   0.38 s   R   0.38 s   |d|  0.00 s   ok=True
  ('hand', 'grasp')        skew   0.34 ms   L   0.10 s   R   0.10 s   |d|  0.00 s   ok=True
  ('sync', ('ready', 'full')) skew   3.20 ms   L   0.38 s   R   0.37 s   |d|  0.00 s   ok=True
  ('hand', 'half_grasp')   skew   0.28 ms   L   0.10 s   R   0.10 s   |d|  0.00 s   ok=True
  ('arm', 'rest')          skew   1.22 ms   L   0.19 s   R   0.19 s   |d|  0.00 s   ok=True
  [PASS] all dispatches accepted
  [PASS] sequence completed with barrier per step
  [PASS] dispatch skew  (max 3.65 ms)
  [PASS] arrival via event for every device
  [INFO] completion delta between arms: mean 0.00 s, max 0.00 s
  [INFO] sync left  ('zero', 'half')     arm-dur-est 3.00 s, matched lift 28%, start skew   -1.1 ms, finish skew   +81.8 ms
  [INFO] sync right ('zero', 'half')     arm-dur-est 3.00 s, matched lift 28%, start skew   -2.2 ms, finish skew   +80.5 ms
  [INFO] sync left  ('ready', 'full')    arm-dur-est 3.00 s, matched lift 29%, start skew   -1.0 ms, finish skew   +73.2 ms
  [INFO] sync right ('ready', 'full')    arm-dur-est 3.00 s, matched lift 29%, start skew   -0.8 ms, finish skew   +71.9 ms
  [PASS] arm-pole sync finish  (worst pole lateness +82 ms)

  Summary: 7 PASS, 0 FAIL, 0 SKIP

####################################################################
# C9 single-locked  (test_single_arm_locked)
####################################################################
====================================================================
C9  Single-arm LOCKED sequence (the C2 recipe on one arm)
    arm=left @ 192.168.1.10   arm v=20%   lift v=50% (duration-matched on sync)
    sequence: [('arm', 'ready'), ('hand', 'release'), ('sync', ('zero', 'half')), ('hand', 'grasp'), ('sync', ('ready', 'full')), ('hand', 'half_grasp'), ('arm', 'rest')]
    mode: as-found  (select with --mode SIM|REAL)
    pole pre-positioned to full length (0.29 m) first
    THE LEFT ARM, ITS POLE AND ITS HAND WILL MOVE
    sync dispatch order: LIFT_FIRST (back-to-back)   (vendor Blockly + bench_sync order)
    A frozen sync step waits up to 40 s for the arm event, then position-verifies, halts, and FAILS — let it finish.
====================================================================
current c api version:  emu-1.1.6
  [INFO] left: run mode = REAL
  [INFO] left: error state clean
  [PASS] no latched controller errors  (no latched errors)
  starting in 3 ...
  starting in 2 ...
  starting in 1 ...
  pre-positioning pole(s) to full_length (0.29 m -> left=290 (1to1)) ...
  [INFO] left: pole at full length (0.04 s, event=True)
  [PASS] pole pre-positioned to full length

  step results (live):
  ────────────────────────────────────────────────────────────
  ('arm', 'ready')           ok=True  arm  0.19 s
  ('hand', 'release')        ok=True  hand  0.10 s
  ('sync', ('zero', 'half')) ok=True  lift  0.38 s   arm  0.30 s   start-skew  -1.0 ms   finish-skew    +82 ms
  ('hand', 'grasp')          ok=True  hand  0.10 s
  ('sync', ('ready', 'full')) ok=True  lift  0.38 s   arm  0.30 s   start-skew  -1.0 ms   finish-skew    +73 ms
  ('hand', 'half_grasp')     ok=True  hand  0.10 s
  ('arm', 'rest')            ok=True  arm  0.19 s
  [PASS] all dispatches accepted
  [PASS] sequence completed
  [PASS] arrival via event for every device
  [INFO] sync ('zero', 'half')     arm-dur-est 3.00 s, matched lift 28%, start skew   -1.0 ms
  [INFO] sync ('ready', 'full')    arm-dur-est 3.00 s, matched lift 29%, start skew   -1.0 ms
  [PASS] sync dispatch gap  (max 1.0 ms between the two commands (budget 50 ms))
  [PASS] arm-pole sync finish  (worst pole lateness +82 ms)

  Summary: 7 PASS, 0 FAIL, 0 SKIP

####################################################################
# C3 chained  (test_dual_chained)
####################################################################
====================================================================
C3  Chained dual-arm execution (left leads, right follows)
    left=192.168.1.10  right=192.168.1.103  arm v=20%  lift v=50%
    sequence: [('arm', 'ready'), ('hand', 'release'), ('sync', ('zero', 'half')), ('hand', 'grasp'), ('sync', ('ready', 'full')), ('hand', 'half_grasp'), ('arm', 'rest')]
    mode: as-found  (select with --mode SIM|REAL)
    poles pre-positioned to full length (0.29 m) before the sequence
    BOTH ARMS AND BOTH POLES WILL MOVE
====================================================================
current c api version:  emu-1.1.6
  [INFO] left: run mode = REAL
  [INFO] right: run mode = REAL
  [INFO] left: error state clean
  [INFO] right: error state clean
  [PASS] no latched controller errors  (no latched errors)
  starting in 3 ...
  starting in 2 ...
  starting in 1 ...
  pre-positioning pole(s) to full_length (0.29 m -> left=290 (1to1), right=193 (2to3)) ...
  [INFO] left: pole at full length (0.04 s, event=True)
  [INFO] right: pole at full length (0.04 s, event=True)
  [PASS] poles pre-positioned to full length

  chain results:
  ────────────────────────────────────────────────────────────
  step 0 ('arm', 'ready')       follower start after leader done, gate latency     0.3 ms, ok=True
  step 1 ('hand', 'release')    follower start after leader done, gate latency    91.4 ms, ok=True
  step 2 ('sync', ('zero', 'half')) follower start after leader done, gate latency     2.1 ms, ok=True
  step 3 ('hand', 'grasp')      follower start after leader done, gate latency   283.4 ms, ok=True
  step 4 ('sync', ('ready', 'full')) follower start after leader done, gate latency     9.3 ms, ok=True
  step 5 ('hand', 'half_grasp') follower start after leader done, gate latency   281.8 ms, ok=True
  step 6 ('arm', 'rest')        follower start after leader done, gate latency   190.5 ms, ok=True
  [PASS] all dispatches accepted
  [PASS] both chains completed
  [PASS] ordering invariant  (follower step k always after leader step k done)
  [PASS] follower gate latency  (max 283.4 ms)

  Summary: 6 PASS, 0 FAIL, 0 SKIP

####################################################################
# C4 free  (test_dual_free)
####################################################################
====================================================================
C4  Free-running dual-arm execution (no cross-arm gates)
    left=192.168.1.10  right=192.168.1.103  arm v=20%  lift v=50%
    sequence: [('arm', 'ready'), ('hand', 'release'), ('sync', ('zero', 'half')), ('hand', 'grasp'), ('sync', ('ready', 'full')), ('hand', 'half_grasp'), ('arm', 'rest')]
    mode: as-found  (select with --mode SIM|REAL)
    poles pre-positioned to full length (0.29 m) before the sequence
    BOTH ARMS AND BOTH POLES WILL MOVE
====================================================================
current c api version:  emu-1.1.6
  [INFO] left: run mode = REAL
  [INFO] right: run mode = REAL
  [INFO] left: error state clean
  [INFO] right: error state clean
  [PASS] no latched controller errors  (no latched errors)
  starting in 3 ...
  starting in 2 ...
  starting in 1 ...
  pre-positioning pole(s) to full_length (0.29 m -> left=290 (1to1), right=193 (2to3)) ...
  [INFO] left: pole at full length (0.04 s, event=True)
  [INFO] right: pole at full length (0.04 s, event=True)
  [PASS] poles pre-positioned to full length

  per-arm timelines:
  ────────────────────────────────────────────────────────────
  left : 7/7 steps in 1.45 s
  right: 7/7 steps in 1.45 s
  [PASS] all dispatches accepted
  [PASS] both arms completed independently
  [PASS] concurrent free run  (window overlap 100% of shorter run)

  Summary: 5 PASS, 0 FAIL, 0 SKIP

####################################################################
# C6 single-arm  (test_single_arm_planned)
####################################################################
====================================================================
C6  Single-arm planned moves + CONCURRENT hand motion
    arm=left @ 192.168.1.10   movej v=20%   X offset +20 cm (world frame)
    hand states: release / grasp / half_grasp (acked_angle: non-blocking + duration dwell, butterfli_hw semantics)
    mode: as-found  (select with --mode SIM|REAL)
    pole pre-positioned to full length (0.29 m) first
    THE LEFT ARM, ITS POLE AND ITS HAND WILL MOVE
====================================================================
current c api version:  emu-1.1.6
  [INFO] left: run mode = REAL
  [INFO] left: error state clean
  [PASS] no latched controller errors  (no latched errors)
  starting in 3 ...
  starting in 2 ...
  starting in 1 ...
  pre-positioning pole(s) to full_length (0.29 m -> left=290 (1to1)) ...
  [INFO] left: pole at full length (0.04 s, event=True)
  [PASS] pole pre-positioned to full length
  movej ready + release      ok=True  arm  0.19 s   hand  0.10 s   hand-arm finish -0.09 s  (hand done DURING arm motion)
  [PASS] movej to ready + hand release
  movej rest + grasp         ok=True  arm  0.19 s   hand  0.10 s   hand-arm finish -0.09 s  (hand done DURING arm motion)
  [PASS] movej to rest_pose + hand grasp
  pose at rest: x=-0.058 y=+0.101 z=+0.488  ->  target x=+0.142
  movej_p +X + half_grasp: arm 0.16 s, hand finish skew -0.05 s  (hand done DURING arm motion)
  displacement: dx=+0.200 dy=+0.000 dz=+0.000 m
  [PASS] movej_p +X + half_grasp verified  (dx=+0.200 m (target +0.20))
  movej ready + release      ok=True  arm  0.21 s   hand  0.10 s   hand-arm finish -0.11 s  (hand done DURING arm motion)
  [PASS] movej back to ready + hand release
  [PASS] planned-move pipeline exercised  (movej x3 + movej_p x1 + hand x4 concurrent, no passthrough)
  [PASS] hand moved concurrently with arm  (4/4 phases finished during arm motion; finish skews -0.09s, -0.09s, -0.05s, -0.11s)

  Summary: 8 PASS, 0 FAIL, 0 SKIP

####################################################################
# C2 arm-only drill  (--no-hands --no-pole)
####################################################################
====================================================================
C2  Parallel locked dual-arm execution
    left=192.168.1.10  right=192.168.1.103  arm v=20%  lift v=50%
    sequence: [('arm', 'ready'), ('arm', 'zero'), ('arm', 'ready'), ('arm', 'rest')]   [--no-hands: hand steps stripped]   [--no-pole: pole/sync-lift steps stripped]
    mode: as-found  (select with --mode SIM|REAL)
    pole pre-positioning SKIPPED (--no-pole)
    BOTH ARMS WILL MOVE (poles stay put)
====================================================================
current c api version:  emu-1.1.6
  [INFO] left: run mode = REAL
  [INFO] right: run mode = REAL
  [INFO] left: error state clean
  [INFO] right: error state clean
  [PASS] no latched controller errors  (no latched errors)
  starting in 3 ...
  starting in 2 ...
  starting in 1 ...
  [PASS] poles pre-positioned to full length  (SKIPPED — poles disabled (--no-pole))

  step results:
  ────────────────────────────────────────────────────────────
  ('arm', 'ready')         skew   0.87 ms   L   0.01 s   R   0.19 s   |d|  0.19 s   ok=True
  ('arm', 'zero')          skew   0.80 ms   L   0.30 s   R   0.30 s   |d|  0.00 s   ok=True
  ('arm', 'ready')         skew   0.88 ms   L   0.30 s   R   0.30 s   |d|  0.00 s   ok=True
  ('arm', 'rest')          skew   1.12 ms   L   0.19 s   R   0.19 s   |d|  0.00 s   ok=True
  [PASS] all dispatches accepted
  [PASS] sequence completed with barrier per step
  [PASS] dispatch skew  (max 1.12 ms)
  [PASS] arrival via event for every device
  [INFO] completion delta between arms: mean 0.05 s, max 0.19 s
  [PASS] arm-pole sync finish  (SKIPPED — poles disabled (--no-pole))

  Summary: 7 PASS, 0 FAIL, 0 SKIP

####################################################################
# C9 sync-order drill  (the arm-freeze regression)
####################################################################

-- drill A: arm_first must REPRODUCE the freeze --
====================================================================
C9  Single-arm LOCKED sequence (the C2 recipe on one arm)
    arm=left @ 192.168.1.10   arm v=20%   lift v=50% (duration-matched on sync)
    sequence: [('arm', 'ready'), ('sync', ('zero', 'half')), ('sync', ('ready', 'full')), ('arm', 'rest')]   [--no-hands: hand steps stripped]
    mode: as-found  (select with --mode SIM|REAL)
    pole pre-positioned to full length (0.29 m) first
    THE LEFT ARM AND ITS POLE WILL MOVE
    sync dispatch order: LIFT_FIRST (back-to-back)   (vendor Blockly + bench_sync order)
    A frozen sync step waits up to 40 s for the arm event, then position-verifies, halts, and FAILS — let it finish.
====================================================================
current c api version:  emu-1.1.6
  [INFO] left: run mode = REAL
  [INFO] left: error state clean
  [PASS] no latched controller errors  (no latched errors)
  starting in 3 ...
  starting in 2 ...
  starting in 1 ...
  pre-positioning pole(s) to full_length (0.29 m -> left=290 (1to1)) ...
  [INFO] left: pole at full length (0.04 s, event=True)
  [PASS] pole pre-positioned to full length

  step results (live):
  ────────────────────────────────────────────────────────────
  ('arm', 'ready')           ok=True  arm  0.19 s
  ('sync', ('zero', 'half')) ok=False  arm  2.00 s   lift  0.38 s   start-skew   1.4 ms   finish-skew  -1617 ms
  [DIAG] left: error state after the failed step — system 5001; joints J1=16,J2=16,J3=16,J4=16,J5=16,J6=16,J7=16
  [DIAG] recover before the next run: RM_ARM=left python3 test_single_arm_locked.py --mode REAL --clear-errors
  [PASS] all dispatches accepted
  [FAIL] sequence completed  (2/4 steps; first failure at ('sync', ('zero', 'half')))
  [WARN] 1 dispatched devices never delivered an arrival event (0 recovered by position fallback; hand has no fallback) — the C2 freeze signature if the device is the ARM on a sync step
  [FAIL] arrival via event for every device  (1 missing)
  [INFO] sync ('zero', 'half')     arm-dur-est 3.00 s, matched lift 28%, start skew    1.4 ms
  [PASS] sync dispatch gap  (max 1.4 ms between the two commands (budget 50 ms))
  [FAIL] arm-pole sync finish  (no sync step produced both completions (the freeze outcome))

  Summary: 4 PASS, 3 FAIL, 0 SKIP
  joint errors latched by the abort: True (flags [16, 16, 16, 16, 16, 16, 16])

-- drill B: the next run must be REFUSED until cleared --
====================================================================
C9  Single-arm LOCKED sequence (the C2 recipe on one arm)
    arm=left @ 192.168.1.10   arm v=20%   lift v=50% (duration-matched on sync)
    sequence: [('arm', 'ready'), ('sync', ('zero', 'half')), ('sync', ('ready', 'full')), ('arm', 'rest')]   [--no-hands: hand steps stripped]
    mode: as-found  (select with --mode SIM|REAL)
    pole pre-positioned to full length (0.29 m) first
    THE LEFT ARM AND ITS POLE WILL MOVE
    sync dispatch order: LIFT_FIRST (back-to-back)   (vendor Blockly + bench_sync order)
    A frozen sync step waits up to 40 s for the arm event, then position-verifies, halts, and FAILS — let it finish.
====================================================================
current c api version:  emu-1.1.6
  [INFO] left: run mode = REAL
  [WARN] left: LATCHED ERRORS — system 5001; joints J1=16,J2=16,J3=16,J4=16,J5=16,J6=16,J7=16
  [FAIL] no latched controller errors  (left: system 5001; joints J1=16,J2=16,J3=16,J4=16,J5=16,J6=16,J7=16 — motion will be REJECTED (ret=1); rerun with --clear-errors (power-cycle if they persist))

  Summary: 0 PASS, 1 FAIL, 0 SKIP

-- drill C: --clear-errors must recover and complete --
====================================================================
C9  Single-arm LOCKED sequence (the C2 recipe on one arm)
    arm=left @ 192.168.1.10   arm v=20%   lift v=50% (duration-matched on sync)
    sequence: [('arm', 'ready'), ('sync', ('zero', 'half')), ('sync', ('ready', 'full')), ('arm', 'rest')]   [--no-hands: hand steps stripped]
    mode: as-found  (select with --mode SIM|REAL)
    pole pre-positioned to full length (0.29 m) first
    THE LEFT ARM AND ITS POLE WILL MOVE
    sync dispatch order: LIFT_FIRST (back-to-back)   (vendor Blockly + bench_sync order)
    A frozen sync step waits up to 40 s for the arm event, then position-verifies, halts, and FAILS — let it finish.
====================================================================
current c api version:  emu-1.1.6
  [INFO] left: run mode = REAL
  [INFO] left: rm_clear_system_err ret=0 -> clean
  [INFO] left: error state clean
  [PASS] no latched controller errors  (no latched errors)
  starting in 3 ...
  starting in 2 ...
  starting in 1 ...
  pre-positioning pole(s) to full_length (0.29 m -> left=290 (1to1)) ...
  [INFO] left: pole at full length (0.29 s, event=True)
  [PASS] pole pre-positioned to full length

  step results (live):
  ────────────────────────────────────────────────────────────
  ('arm', 'ready')           ok=True  arm  0.01 s
  ('sync', ('zero', 'half')) ok=True  lift  0.38 s   arm  0.30 s   start-skew  -1.1 ms   finish-skew    +82 ms
  ('sync', ('ready', 'full')) ok=True  lift  0.38 s   arm  0.30 s   start-skew  -1.2 ms   finish-skew    +73 ms
  ('arm', 'rest')            ok=True  arm  0.19 s
  [PASS] all dispatches accepted
  [PASS] sequence completed
  [PASS] arrival via event for every device
  [INFO] sync ('zero', 'half')     arm-dur-est 3.00 s, matched lift 28%, start skew   -1.1 ms
  [INFO] sync ('ready', 'full')    arm-dur-est 3.00 s, matched lift 29%, start skew   -1.2 ms
  [PASS] sync dispatch gap  (max 1.2 ms between the two commands (budget 50 ms))
  [PASS] arm-pole sync finish  (worst pole lateness +82 ms)

  Summary: 7 PASS, 0 FAIL, 0 SKIP

  drill verdict: arm_first exit 1 (want nonzero), errors latched True (want True), blocked exit 1 (want nonzero), cleared exit 0 (want 0) -> OK

####################################################################
# C8 locked-pole drill  (fault injection)
####################################################################

-- drill A: pole locked, C8 must FAIL with the diagnosis --
====================================================================
C8  Pole-only diagnostic (lift acceptance + state dump)
    pole on arm=left @ 192.168.1.10   gearing=1to1 (hw max 330)
    ONLY THE POLE MOVES — arm and hand stay still
    mode: as-found  (select with --mode SIM|REAL)  [lift does NOT execute in SIM]
====================================================================
current c api version:  emu-1.1.6
  [INFO] left: run mode = REAL
  [PASS] connected  (handle id=19)
  [PASS] arm power  (ON)
    joint err_flag=[0, 0, 0, 0, 0, 0, 0]  brake_state=[0, 0, 0, 0, 0, 0, 0]
  [FAIL] controller/joint errors  (sys=['4103'] joints=[] — latched errors block motion; rerun with --clear-errors)
  [FAIL] lift state  (pos=290 hw-mm  current=0 mA  mode=0  err_flag=1 — LIFT DRIVER ERROR latched (stall/overcurrent?); try --clear-errors, then power cycle)
  [SKIP] rm_clear_system_err  (not requested (--clear-errors))
  starting in 3 ...
  starting in 2 ...
  starting in 1 ...
  D6 acceptance probe: command CURRENT position (290 hw-mm) — no physical motion
    hold-position: REJECTED ret=1
  [FAIL] lift acceptance probe  (the 20:38 signature — controller rejects/ignores lift commands)
  [DIAG] left: lift command REJECTED by the controller (set_state false) — state dump:
  [DIAG]   arm power: ON
  [DIAG]   controller err: 4103  <-- likely cause: clear via --clear-errors / Web GUI
  [DIAG]   joint err flags: clean   brake_state=[0, 0, 0, 0, 0, 0, 0]
  [DIAG]   lift state: pos=290 hw-mm  current=0 mA  mode=0  err_flag=1  <-- LIFT DRIVER ERROR latched (stall/overcurrent?)
  [DIAG] recovery ladder: (1) release/reset the physical e-stop, (2) clear errors (RM_ARM=left python3 test_pole_only.py --clear-errors), (3) check the Web GUI lift panel moves the pole, (4) power-cycle the arm.
  [SKIP] small stroke probe  (acceptance probe failed)
  [SKIP] home to full length  (earlier probe failed)

  Summary: 2 PASS, 3 FAIL, 3 SKIP

-- drill B: C8 --clear-errors must recover and pass --
====================================================================
C8  Pole-only diagnostic (lift acceptance + state dump)
    pole on arm=left @ 192.168.1.10   gearing=1to1 (hw max 330)
    ONLY THE POLE MOVES — arm and hand stay still
    --clear-errors: rm_clear_system_err will run before D6
    mode: as-found  (select with --mode SIM|REAL)  [lift does NOT execute in SIM]
====================================================================
current c api version:  emu-1.1.6
  [INFO] left: run mode = REAL
  [PASS] connected  (handle id=20)
  [PASS] arm power  (ON)
    joint err_flag=[0, 0, 0, 0, 0, 0, 0]  brake_state=[0, 0, 0, 0, 0, 0, 0]
  [PASS] controller/joint errors  (latched: sys=['4103'] joints=[] — clearing next)
  [PASS] lift state  (pos=290 hw-mm  current=0 mA  mode=0  err_flag=1 — driver error latched, clearing next)
  [PASS] rm_clear_system_err  (ret=0)
  starting in 3 ...
  starting in 2 ...
  starting in 1 ...
  D6 acceptance probe: command CURRENT position (290 hw-mm) — no physical motion
    hold-position: ret=0 arrived=True success=True (0.04 s)
  [PASS] lift acceptance probe  (controller accepts lift commands)
    stroke to 280: ret=0 arrived=True success=True (0.06 s)
    back to 290: ret=0 arrived=True success=True (0.06 s)
  [PASS] small stroke probe  (10 hw-mm there and back, events OK)
  pre-positioning pole(s) to full_length (0.29 m -> left=290 (1to1)) ...
  [INFO] left: pole at full length (0.04 s, event=True)
  [PASS] home to full length  (0.29 m -> 290 hw-mm)

  Summary: 8 PASS, 0 FAIL, 0 SKIP

  drill verdict: locked exit 1 (want nonzero), recover exit 0 (want 0) -> OK

====================================================================
Emulated suite summary
  C1 connect   exit 0  (OK)
  C8 pole diag exit 0  (OK)
  C5 sim probe exit 0  (OK)
  C7 hand only exit 0  (OK)
  C2 locked    exit 0  (OK)
  C9 single-locked exit 0  (OK)
  C3 chained   exit 0  (OK)
  C4 free      exit 0  (OK)
  C6 single-arm exit 0  (OK)
  C2 arm-only drill exit 0  (OK)
  C9 sync-order drill exit 0  (OK)
  C8 locked drill exit 0  (OK)
====================================================================

========================================================================
  Script : run_emulated_suite.py
  Log    : run_emulated_suite.log
  Started: 2026-08-07 10:44:28
========================================================================
====================================================================
EMULATED dual-arm concept suite  (time scale x10)
Arms are emulated in-process — nothing physical moves.
====================================================================

####################################################################
# C1 connect  (test_dual_connect)
####################################################################
====================================================================
C1  Dual-arm connectivity pre-check  (no motion is commanded)
    left=192.168.1.10  right=192.168.1.103
====================================================================
current c api version:  emu-1.1.6
  [PASS] left: robot info  (RM_75 7-DOF, controller gen 3)
  [PASS] left: arm state clean  (err codes ['0'])
  [PASS] left: lift state  (pos=100 of 330 (1to1))
  [INFO] left: run mode = REAL
  [PASS] right: robot info  (RM_75 7-DOF, controller gen 3)
  [PASS] right: arm state clean  (err codes ['0'])
  [PASS] right: lift state  (pos=100 of 200 (2to3))
  [INFO] right: run mode = REAL
  [PASS] handles distinct  (left id=1 right id=2)
  [PASS] event callback registered  (process-global, demuxed by handle_id)
  [PASS] pre-check complete  (no motion was commanded)

  Summary: 9 PASS, 0 FAIL, 0 SKIP

####################################################################
# C8 pole diag  (test_pole_only)
####################################################################
====================================================================
C8  Pole-only diagnostic (lift acceptance + state dump)
    pole on arm=left @ 192.168.1.10   gearing=1to1 (hw max 330)
    ONLY THE POLE MOVES — arm and hand stay still
    mode: as-found  (select with --mode SIM|REAL)  [lift does NOT execute in SIM]
====================================================================
current c api version:  emu-1.1.6
  [INFO] left: run mode = REAL
  [PASS] connected  (handle id=3)
  [PASS] arm power  (ON)
    joint err_flag=[0, 0, 0, 0, 0, 0, 0]  brake_state=[0, 0, 0, 0, 0, 0, 0]
  [PASS] controller/joint errors  (clean)
  [PASS] lift state  (pos=100 hw-mm  current=0 mA  mode=0  err_flag=0)
  [SKIP] rm_clear_system_err  (not requested (--clear-errors))
  starting in 3 ...
  starting in 2 ...
  starting in 1 ...
  D6 acceptance probe: command CURRENT position (100 hw-mm) — no physical motion
    hold-position: ret=0 arrived=True success=True (0.04 s)
  [PASS] lift acceptance probe  (controller accepts lift commands)
    stroke to 90: ret=0 arrived=True success=True (0.06 s)
    back to 100: ret=0 arrived=True success=True (0.06 s)
  [PASS] small stroke probe  (10 hw-mm there and back, events OK)
  pre-positioning pole(s) to full_length (0.29 m -> left=290 (1to1)) ...
  [INFO] left: pole at full length (0.38 s, event=True)
  [PASS] home to full length  (0.29 m -> 290 hw-mm)

  Summary: 7 PASS, 0 FAIL, 1 SKIP

####################################################################
# C5 sim probe  (test_sim_motion_visibility)
####################################################################
====================================================================
C5  Simulation-mode motion visibility probe (no physical motion)
    arm=192.168.1.10  UDP -> 192.168.1.239:8095  probe: J7 +5.0 deg at v=10%
====================================================================
current c api version:  emu-1.1.6
  [INFO] original run mode: REAL
  [PASS] simulation mode engaged and verified
  [INFO] rm_set_realtime_push ret=0
  [PASS] UDP push delivering frames  (84 within 2 s)
  [PASS] probe movej accepted in simulation mode

  ────────────────────────────────────────────────────────────
  VERDICT — simulated motion accessibility (550 UDP frames):
    UDP realtime push sweeps:   YES
    Arrival event fires:        YES (trajectory_state=True)
    TCP polling sweeps:         YES  (1 polls)
  ────────────────────────────────────────────────────────────
  => Simulated motion IS programmatically accessible: the
     sim-rehearsal record-and-verify pipeline is viable.
  [PASS] probe completed with a definitive verdict
  [PASS] probe joint returned to start
  [INFO] run mode restored: REAL (ret=0)

  Summary: 5 PASS, 0 FAIL, 0 SKIP

####################################################################
# C7 hand only  (test_hand_only)
####################################################################
====================================================================
C7  Hand-alone test (protocol probe, then modbus RTU)
    hand on arm=left @ 192.168.1.10   modbus device=1 baud=115200
    ONLY THE HAND MOVES — no arm, no pole motion
    on exit: restore protocol mode (rm_close_modbus_mode)
====================================================================
current c api version:  emu-1.1.6
  [INFO] arm run mode: REAL (hand is a physical peripheral; REAL recommended)
  [PASS] connected  (handle id=5)

  Phase P — protocol path probe (rm_set_hand_angle, blocking 5 s)
  [PASS] protocol path  (WORKS — end port is free; C2/C6 hand steps can use arrival events)

  Phase M — modbus RTU (ANGLE_SET writes, ANGLE_ACT feedback)
  [PASS] modbus session opened  (port 1 @ 115200)
  [PASS] ANGLE_ACT readable  (measured [993, 993, 993, 993, 981, 992])
  [PASS] SPEED_SET written  (500 x6)
    release    reached in  0.3 s  ACT=[993, 993, 993, 993, 981, 992]  (max err 0)
    grasp      reached in  0.3 s  ACT=[33, 33, 33, 33, 133, 944]  (max err 0)
    half_grasp reached in  0.3 s  ACT=[516, 516, 516, 516, 133, 944]  (max err 0)
    release    reached in  0.3 s  ACT=[993, 993, 993, 993, 981, 992]  (max err 0)
  [PASS] modbus command + measured feedback  (release -> grasp -> half_grasp -> release verified via ANGLE_ACT)
  [PASS] FORCE_ACT readable  ([0, 0, 0, 0, 0, 0] g (signed))

  VERDICT: protocol path WORKS; modbus RTU path WORKS with real feedback.
  [INFO] end port restored to protocol mode (rm_close_modbus_mode ret=0)
  [PASS] end-port state restored

  Summary: 8 PASS, 0 FAIL, 0 SKIP

####################################################################
# C2 locked  (test_dual_locked)
####################################################################
====================================================================
C2  Parallel locked dual-arm execution
    left=192.168.1.10  right=192.168.1.103  arm v=20%  lift v=50%
    sequence: [('arm', 'ready'), ('hand', 'release'), ('sync', ('zero', 'half')), ('hand', 'grasp'), ('sync', ('ready', 'full')), ('hand', 'half_grasp'), ('arm', 'rest')]
    mode: as-found  (select with --mode SIM|REAL)
    poles pre-positioned to full length (0.29 m) before the sequence
    BOTH ARMS AND BOTH POLES WILL MOVE
====================================================================
current c api version:  emu-1.1.6
  [INFO] left: run mode = REAL
  [INFO] right: run mode = REAL
  [INFO] left: error state clean
  [INFO] right: error state clean
  [PASS] no latched controller errors  (no latched errors)
  starting in 3 ...
  starting in 2 ...
  starting in 1 ...
  pre-positioning pole(s) to full_length (0.29 m -> left=290 (1to1), right=193 (2to3)) ...
  [INFO] left: pole at full length (0.04 s, event=True)
  [INFO] right: pole at full length (0.29 s, event=True)
  [PASS] poles pre-positioned to full length

  step results:
  ────────────────────────────────────────────────────────────
  ('arm', 'ready')         skew   0.99 ms   L   0.30 s   R   0.30 s   |d|  0.00 s   ok=True
  ('hand', 'release')      skew   0.30 ms   L   0.10 s   R   0.10 s   |d|  0.00 s   ok=True
  ('sync', ('zero', 'half')) skew   3.34 ms   L   0.38 s   R   0.38 s   |d|  0.00 s   ok=True
  ('hand', 'grasp')        skew   0.30 ms   L   0.10 s   R   0.10 s   |d|  0.00 s   ok=True
  ('sync', ('ready', 'full')) skew   3.28 ms   L   0.38 s   R   0.37 s   |d|  0.00 s   ok=True
  ('hand', 'half_grasp')   skew   0.43 ms   L   0.10 s   R   0.10 s   |d|  0.00 s   ok=True
  ('arm', 'rest')          skew   0.77 ms   L   0.19 s   R   0.19 s   |d|  0.00 s   ok=True
  [PASS] all dispatches accepted
  [PASS] sequence completed with barrier per step
  [PASS] dispatch skew  (max 3.34 ms)
  [PASS] arrival via event for every device
  [INFO] completion delta between arms: mean 0.00 s, max 0.00 s
  [INFO] sync left  ('zero', 'half')     arm-dur-est 3.00 s, matched lift 28%, start skew   -0.9 ms, finish skew   +81.9 ms
  [INFO] sync right ('zero', 'half')     arm-dur-est 3.00 s, matched lift 28%, start skew   -1.0 ms, finish skew   +80.6 ms
  [INFO] sync left  ('ready', 'full')    arm-dur-est 3.00 s, matched lift 29%, start skew   -1.0 ms, finish skew   +73.1 ms
  [INFO] sync right ('ready', 'full')    arm-dur-est 3.00 s, matched lift 29%, start skew   -1.0 ms, finish skew   +72.1 ms
  [PASS] arm-pole sync finish  (worst pole lateness +82 ms)

  Summary: 7 PASS, 0 FAIL, 0 SKIP

####################################################################
# C9 single-locked  (test_single_arm_locked)
####################################################################
====================================================================
C9  Single-arm LOCKED sequence (the C2 recipe on one arm)
    arm=left @ 192.168.1.10   arm v=20%   lift v=50% (duration-matched on sync)
    sequence: [('arm', 'ready'), ('hand', 'release'), ('sync', ('zero', 'half')), ('hand', 'grasp'), ('sync', ('ready', 'full')), ('hand', 'half_grasp'), ('arm', 'rest')]
    mode: as-found  (select with --mode SIM|REAL)
    pole pre-positioned to full length (0.29 m) first
    THE LEFT ARM, ITS POLE AND ITS HAND WILL MOVE
    sync dispatch order: LIFT_FIRST (back-to-back)   (vendor Blockly + bench_sync order)
    A frozen sync step waits up to 40 s for the arm event, then position-verifies, halts, and FAILS — let it finish.
====================================================================
current c api version:  emu-1.1.6
  [INFO] left: run mode = REAL
  [INFO] left: error state clean
  [PASS] no latched controller errors  (no latched errors)
  starting in 3 ...
  starting in 2 ...
  starting in 1 ...
  pre-positioning pole(s) to full_length (0.29 m -> left=290 (1to1)) ...
  [INFO] left: pole at full length (0.04 s, event=True)
  [PASS] pole pre-positioned to full length

  step results (live):
  ────────────────────────────────────────────────────────────
  ('arm', 'ready')           ok=True  arm  0.19 s
  ('hand', 'release')        ok=True  hand  0.10 s
  ('sync', ('zero', 'half')) ok=True  lift  0.38 s   arm  0.30 s   start-skew  -1.0 ms   finish-skew    +82 ms
  ('hand', 'grasp')          ok=True  hand  0.10 s
  ('sync', ('ready', 'full')) ok=True  lift  0.38 s   arm  0.30 s   start-skew  -1.1 ms   finish-skew    +72 ms
  ('hand', 'half_grasp')     ok=True  hand  0.10 s
  ('arm', 'rest')            ok=True  arm  0.19 s
  [PASS] all dispatches accepted
  [PASS] sequence completed
  [PASS] arrival via event for every device
  [INFO] sync ('zero', 'half')     arm-dur-est 3.00 s, matched lift 28%, start skew   -1.0 ms
  [INFO] sync ('ready', 'full')    arm-dur-est 3.00 s, matched lift 29%, start skew   -1.1 ms
  [PASS] sync dispatch gap  (max 1.1 ms between the two commands (budget 50 ms))
  [PASS] arm-pole sync finish  (worst pole lateness +82 ms)

  Summary: 7 PASS, 0 FAIL, 0 SKIP

####################################################################
# C3 chained  (test_dual_chained)
####################################################################
====================================================================
C3  Chained dual-arm execution (left leads, right follows)
    left=192.168.1.10  right=192.168.1.103  arm v=20%  lift v=50%
    sequence: [('arm', 'ready'), ('hand', 'release'), ('sync', ('zero', 'half')), ('hand', 'grasp'), ('sync', ('ready', 'full')), ('hand', 'half_grasp'), ('arm', 'rest')]
    mode: as-found  (select with --mode SIM|REAL)
    poles pre-positioned to full length (0.29 m) before the sequence
    BOTH ARMS AND BOTH POLES WILL MOVE
====================================================================
current c api version:  emu-1.1.6
  [INFO] left: run mode = REAL
  [INFO] right: run mode = REAL
  [INFO] left: error state clean
  [INFO] right: error state clean
  [PASS] no latched controller errors  (no latched errors)
  starting in 3 ...
  starting in 2 ...
  starting in 1 ...
  pre-positioning pole(s) to full_length (0.29 m -> left=290 (1to1), right=193 (2to3)) ...
  [INFO] left: pole at full length (0.04 s, event=True)
  [INFO] right: pole at full length (0.04 s, event=True)
  [PASS] poles pre-positioned to full length

  chain results:
  ────────────────────────────────────────────────────────────
  step 0 ('arm', 'ready')       follower start after leader done, gate latency     0.3 ms, ok=True
  step 1 ('hand', 'release')    follower start after leader done, gate latency    91.2 ms, ok=True
  step 2 ('sync', ('zero', 'half')) follower start after leader done, gate latency     1.8 ms, ok=True
  step 3 ('hand', 'grasp')      follower start after leader done, gate latency   282.9 ms, ok=True
  step 4 ('sync', ('ready', 'full')) follower start after leader done, gate latency     9.2 ms, ok=True
  step 5 ('hand', 'half_grasp') follower start after leader done, gate latency   281.8 ms, ok=True
  step 6 ('arm', 'rest')        follower start after leader done, gate latency   190.7 ms, ok=True
  [PASS] all dispatches accepted
  [PASS] both chains completed
  [PASS] ordering invariant  (follower step k always after leader step k done)
  [PASS] follower gate latency  (max 282.9 ms)

  Summary: 6 PASS, 0 FAIL, 0 SKIP

####################################################################
# C4 free  (test_dual_free)
####################################################################
====================================================================
C4  Free-running dual-arm execution (no cross-arm gates)
    left=192.168.1.10  right=192.168.1.103  arm v=20%  lift v=50%
    sequence: [('arm', 'ready'), ('hand', 'release'), ('sync', ('zero', 'half')), ('hand', 'grasp'), ('sync', ('ready', 'full')), ('hand', 'half_grasp'), ('arm', 'rest')]
    mode: as-found  (select with --mode SIM|REAL)
    poles pre-positioned to full length (0.29 m) before the sequence
    BOTH ARMS AND BOTH POLES WILL MOVE
====================================================================
current c api version:  emu-1.1.6
  [INFO] left: run mode = REAL
  [INFO] right: run mode = REAL
  [INFO] left: error state clean
  [INFO] right: error state clean
  [PASS] no latched controller errors  (no latched errors)
  starting in 3 ...
  starting in 2 ...
  starting in 1 ...
  pre-positioning pole(s) to full_length (0.29 m -> left=290 (1to1), right=193 (2to3)) ...
  [INFO] left: pole at full length (0.04 s, event=True)
  [INFO] right: pole at full length (0.04 s, event=True)
  [PASS] poles pre-positioned to full length

  per-arm timelines:
  ────────────────────────────────────────────────────────────
  left : 7/7 steps in 1.45 s
  right: 7/7 steps in 1.45 s
  [PASS] all dispatches accepted
  [PASS] both arms completed independently
  [PASS] concurrent free run  (window overlap 100% of shorter run)

  Summary: 5 PASS, 0 FAIL, 0 SKIP

####################################################################
# C6 single-arm  (test_single_arm_planned)
####################################################################
====================================================================
C6  Single-arm planned moves + CONCURRENT hand motion
    arm=left @ 192.168.1.10   movej v=20%   X offset +20 cm (world frame)
    hand states: release / grasp / half_grasp (acked_angle: non-blocking + duration dwell, butterfli_hw semantics)
    mode: as-found  (select with --mode SIM|REAL)
    pole pre-positioned to full length (0.29 m) first
    THE LEFT ARM, ITS POLE AND ITS HAND WILL MOVE
====================================================================
current c api version:  emu-1.1.6
  [INFO] left: run mode = REAL
  [INFO] left: error state clean
  [PASS] no latched controller errors  (no latched errors)
  starting in 3 ...
  starting in 2 ...
  starting in 1 ...
  pre-positioning pole(s) to full_length (0.29 m -> left=290 (1to1)) ...
  [INFO] left: pole at full length (0.04 s, event=True)
  [PASS] pole pre-positioned to full length
  movej ready + release      ok=True  arm  0.19 s   hand  0.10 s   hand-arm finish -0.09 s  (hand done DURING arm motion)
  [PASS] movej to ready + hand release
  movej rest + grasp         ok=True  arm  0.19 s   hand  0.10 s   hand-arm finish -0.09 s  (hand done DURING arm motion)
  [PASS] movej to rest_pose + hand grasp
  pose at rest: x=-0.058 y=+0.101 z=+0.488  ->  target x=+0.142
  movej_p +X + half_grasp: arm 0.15 s, hand finish skew -0.05 s  (hand done DURING arm motion)
  displacement: dx=+0.200 dy=+0.000 dz=+0.000 m
  [PASS] movej_p +X + half_grasp verified  (dx=+0.200 m (target +0.20))
  movej ready + release      ok=True  arm  0.21 s   hand  0.10 s   hand-arm finish -0.11 s  (hand done DURING arm motion)
  [PASS] movej back to ready + hand release
  [PASS] planned-move pipeline exercised  (movej x3 + movej_p x1 + hand x4 concurrent, no passthrough)
  [PASS] hand moved concurrently with arm  (4/4 phases finished during arm motion; finish skews -0.09s, -0.09s, -0.05s, -0.11s)

  Summary: 8 PASS, 0 FAIL, 0 SKIP

####################################################################
# C2 arm-only drill  (--no-hands --no-pole)
####################################################################
====================================================================
C2  Parallel locked dual-arm execution
    left=192.168.1.10  right=192.168.1.103  arm v=20%  lift v=50%
    sequence: [('arm', 'ready'), ('arm', 'zero'), ('arm', 'ready'), ('arm', 'rest')]   [--no-hands: hand steps stripped]   [--no-pole: pole/sync-lift steps stripped]
    mode: as-found  (select with --mode SIM|REAL)
    pole pre-positioning SKIPPED (--no-pole)
    BOTH ARMS WILL MOVE (poles stay put)
====================================================================
current c api version:  emu-1.1.6
  [INFO] left: run mode = REAL
  [INFO] right: run mode = REAL
  [INFO] left: error state clean
  [INFO] right: error state clean
  [PASS] no latched controller errors  (no latched errors)
  starting in 3 ...
  starting in 2 ...
  starting in 1 ...
  [PASS] poles pre-positioned to full length  (SKIPPED — poles disabled (--no-pole))

  step results:
  ────────────────────────────────────────────────────────────
  ('arm', 'ready')         skew   1.01 ms   L   0.01 s   R   0.19 s   |d|  0.19 s   ok=True
  ('arm', 'zero')          skew   1.11 ms   L   0.30 s   R   0.30 s   |d|  0.00 s   ok=True
  ('arm', 'ready')         skew   1.08 ms   L   0.30 s   R   0.30 s   |d|  0.00 s   ok=True
  ('arm', 'rest')          skew   1.07 ms   L   0.19 s   R   0.19 s   |d|  0.00 s   ok=True
  [PASS] all dispatches accepted
  [PASS] sequence completed with barrier per step
  [PASS] dispatch skew  (max 1.11 ms)
  [PASS] arrival via event for every device
  [INFO] completion delta between arms: mean 0.05 s, max 0.19 s
  [PASS] arm-pole sync finish  (SKIPPED — poles disabled (--no-pole))

  Summary: 7 PASS, 0 FAIL, 0 SKIP

####################################################################
# C9 sync-order drill  (the arm-freeze regression)
####################################################################

-- drill A: arm_first must REPRODUCE the freeze --
====================================================================
C9  Single-arm LOCKED sequence (the C2 recipe on one arm)
    arm=left @ 192.168.1.10   arm v=20%   lift v=50% (duration-matched on sync)
    sequence: [('arm', 'ready'), ('sync', ('zero', 'half')), ('sync', ('ready', 'full')), ('arm', 'rest')]   [--no-hands: hand steps stripped]
    mode: as-found  (select with --mode SIM|REAL)
    pole pre-positioned to full length (0.29 m) first
    THE LEFT ARM AND ITS POLE WILL MOVE
    sync dispatch order: LIFT_FIRST (back-to-back)   (vendor Blockly + bench_sync order)
    A frozen sync step waits up to 40 s for the arm event, then position-verifies, halts, and FAILS — let it finish.
====================================================================
current c api version:  emu-1.1.6
  [INFO] left: run mode = REAL
  [INFO] left: error state clean
  [PASS] no latched controller errors  (no latched errors)
  starting in 3 ...
  starting in 2 ...
  starting in 1 ...
  pre-positioning pole(s) to full_length (0.29 m -> left=290 (1to1)) ...
  [INFO] left: pole at full length (0.04 s, event=True)
  [PASS] pole pre-positioned to full length

  step results (live):
  ────────────────────────────────────────────────────────────
  ('arm', 'ready')           ok=True  arm  0.19 s
  ('sync', ('zero', 'half')) ok=False  arm  2.00 s   lift  0.38 s   start-skew   1.2 ms   finish-skew  -1617 ms
  [DIAG] left: error state after the failed step — system 5001; joints J1=16,J2=16,J3=16,J4=16,J5=16,J6=16,J7=16
  [DIAG] recover before the next run: RM_ARM=left python3 test_single_arm_locked.py --mode REAL --clear-errors
  [PASS] all dispatches accepted
  [FAIL] sequence completed  (2/4 steps; first failure at ('sync', ('zero', 'half')))
  [WARN] 1 dispatched devices never delivered an arrival event (0 recovered by position fallback; hand has no fallback) — the C2 freeze signature if the device is the ARM on a sync step
  [FAIL] arrival via event for every device  (1 missing)
  [INFO] sync ('zero', 'half')     arm-dur-est 3.00 s, matched lift 28%, start skew    1.2 ms
  [PASS] sync dispatch gap  (max 1.2 ms between the two commands (budget 50 ms))
  [FAIL] arm-pole sync finish  (no sync step produced both completions (the freeze outcome))

  Summary: 4 PASS, 3 FAIL, 0 SKIP
  joint errors latched by the abort: True (flags [16, 16, 16, 16, 16, 16, 16])

-- drill B: the next run must be REFUSED until cleared --
====================================================================
C9  Single-arm LOCKED sequence (the C2 recipe on one arm)
    arm=left @ 192.168.1.10   arm v=20%   lift v=50% (duration-matched on sync)
    sequence: [('arm', 'ready'), ('sync', ('zero', 'half')), ('sync', ('ready', 'full')), ('arm', 'rest')]   [--no-hands: hand steps stripped]
    mode: as-found  (select with --mode SIM|REAL)
    pole pre-positioned to full length (0.29 m) first
    THE LEFT ARM AND ITS POLE WILL MOVE
    sync dispatch order: LIFT_FIRST (back-to-back)   (vendor Blockly + bench_sync order)
    A frozen sync step waits up to 40 s for the arm event, then position-verifies, halts, and FAILS — let it finish.
====================================================================
current c api version:  emu-1.1.6
  [INFO] left: run mode = REAL
  [WARN] left: LATCHED ERRORS — system 5001; joints J1=16,J2=16,J3=16,J4=16,J5=16,J6=16,J7=16
  [FAIL] no latched controller errors  (left: system 5001; joints J1=16,J2=16,J3=16,J4=16,J5=16,J6=16,J7=16 — motion will be REJECTED (ret=1); rerun with --clear-errors (power-cycle if they persist))

  Summary: 0 PASS, 1 FAIL, 0 SKIP

-- drill C: --clear-errors must recover and complete --
====================================================================
C9  Single-arm LOCKED sequence (the C2 recipe on one arm)
    arm=left @ 192.168.1.10   arm v=20%   lift v=50% (duration-matched on sync)
    sequence: [('arm', 'ready'), ('sync', ('zero', 'half')), ('sync', ('ready', 'full')), ('arm', 'rest')]   [--no-hands: hand steps stripped]
    mode: as-found  (select with --mode SIM|REAL)
    pole pre-positioned to full length (0.29 m) first
    THE LEFT ARM AND ITS POLE WILL MOVE
    sync dispatch order: LIFT_FIRST (back-to-back)   (vendor Blockly + bench_sync order)
    A frozen sync step waits up to 40 s for the arm event, then position-verifies, halts, and FAILS — let it finish.
====================================================================
current c api version:  emu-1.1.6
  [INFO] left: run mode = REAL
  [INFO] left: rm_clear_system_err ret=0 -> clean
  [INFO] left: error state clean
  [PASS] no latched controller errors  (no latched errors)
  starting in 3 ...
  starting in 2 ...
  starting in 1 ...
  pre-positioning pole(s) to full_length (0.29 m -> left=290 (1to1)) ...
  [INFO] left: pole at full length (0.29 s, event=True)
  [PASS] pole pre-positioned to full length

  step results (live):
  ────────────────────────────────────────────────────────────
  ('arm', 'ready')           ok=True  arm  0.01 s
  ('sync', ('zero', 'half')) ok=True  lift  0.38 s   arm  0.30 s   start-skew  -1.1 ms   finish-skew    +82 ms
  ('sync', ('ready', 'full')) ok=True  lift  0.38 s   arm  0.30 s   start-skew  -1.0 ms   finish-skew    +73 ms
  ('arm', 'rest')            ok=True  arm  0.19 s
  [PASS] all dispatches accepted
  [PASS] sequence completed
  [PASS] arrival via event for every device
  [INFO] sync ('zero', 'half')     arm-dur-est 3.00 s, matched lift 28%, start skew   -1.1 ms
  [INFO] sync ('ready', 'full')    arm-dur-est 3.00 s, matched lift 29%, start skew   -1.0 ms
  [PASS] sync dispatch gap  (max 1.1 ms between the two commands (budget 50 ms))
  [PASS] arm-pole sync finish  (worst pole lateness +82 ms)

  Summary: 7 PASS, 0 FAIL, 0 SKIP

  drill verdict: arm_first exit 1 (want nonzero), errors latched True (want True), blocked exit 1 (want nonzero), cleared exit 0 (want 0) -> OK

####################################################################
# C8 locked-pole drill  (fault injection)
####################################################################

-- drill A: pole locked, C8 must FAIL with the diagnosis --
====================================================================
C8  Pole-only diagnostic (lift acceptance + state dump)
    pole on arm=left @ 192.168.1.10   gearing=1to1 (hw max 330)
    ONLY THE POLE MOVES — arm and hand stay still
    mode: as-found  (select with --mode SIM|REAL)  [lift does NOT execute in SIM]
====================================================================
current c api version:  emu-1.1.6
  [INFO] left: run mode = REAL
  [PASS] connected  (handle id=19)
  [PASS] arm power  (ON)
    joint err_flag=[0, 0, 0, 0, 0, 0, 0]  brake_state=[0, 0, 0, 0, 0, 0, 0]
  [FAIL] controller/joint errors  (sys=['4103'] joints=[] — latched errors block motion; rerun with --clear-errors)
  [FAIL] lift state  (pos=290 hw-mm  current=0 mA  mode=0  err_flag=1 — LIFT DRIVER ERROR latched (stall/overcurrent?); try --clear-errors, then power cycle)
  [SKIP] rm_clear_system_err  (not requested (--clear-errors))
  starting in 3 ...
  starting in 2 ...
  starting in 1 ...
  D6 acceptance probe: command CURRENT position (290 hw-mm) — no physical motion
    hold-position: REJECTED ret=1
  [FAIL] lift acceptance probe  (the 20:38 signature — controller rejects/ignores lift commands)
  [DIAG] left: lift command REJECTED by the controller (set_state false) — state dump:
  [DIAG]   arm power: ON
  [DIAG]   controller err: 4103  <-- likely cause: clear via --clear-errors / Web GUI
  [DIAG]   joint err flags: clean   brake_state=[0, 0, 0, 0, 0, 0, 0]
  [DIAG]   lift state: pos=290 hw-mm  current=0 mA  mode=0  err_flag=1  <-- LIFT DRIVER ERROR latched (stall/overcurrent?)
  [DIAG] recovery ladder: (1) release/reset the physical e-stop, (2) clear errors (RM_ARM=left python3 test_pole_only.py --clear-errors), (3) check the Web GUI lift panel moves the pole, (4) power-cycle the arm.
  [SKIP] small stroke probe  (acceptance probe failed)
  [SKIP] home to full length  (earlier probe failed)

  Summary: 2 PASS, 3 FAIL, 3 SKIP

-- drill B: C8 --clear-errors must recover and pass --
====================================================================
C8  Pole-only diagnostic (lift acceptance + state dump)
    pole on arm=left @ 192.168.1.10   gearing=1to1 (hw max 330)
    ONLY THE POLE MOVES — arm and hand stay still
    --clear-errors: rm_clear_system_err will run before D6
    mode: as-found  (select with --mode SIM|REAL)  [lift does NOT execute in SIM]
====================================================================
current c api version:  emu-1.1.6
  [INFO] left: run mode = REAL
  [PASS] connected  (handle id=20)
  [PASS] arm power  (ON)
    joint err_flag=[0, 0, 0, 0, 0, 0, 0]  brake_state=[0, 0, 0, 0, 0, 0, 0]
  [PASS] controller/joint errors  (latched: sys=['4103'] joints=[] — clearing next)
  [PASS] lift state  (pos=290 hw-mm  current=0 mA  mode=0  err_flag=1 — driver error latched, clearing next)
  [PASS] rm_clear_system_err  (ret=0)
  starting in 3 ...
  starting in 2 ...
  starting in 1 ...
  D6 acceptance probe: command CURRENT position (290 hw-mm) — no physical motion
    hold-position: ret=0 arrived=True success=True (0.04 s)
  [PASS] lift acceptance probe  (controller accepts lift commands)
    stroke to 280: ret=0 arrived=True success=True (0.06 s)
    back to 290: ret=0 arrived=True success=True (0.06 s)
  [PASS] small stroke probe  (10 hw-mm there and back, events OK)
  pre-positioning pole(s) to full_length (0.29 m -> left=290 (1to1)) ...
  [INFO] left: pole at full length (0.04 s, event=True)
  [PASS] home to full length  (0.29 m -> 290 hw-mm)

  Summary: 8 PASS, 0 FAIL, 0 SKIP

  drill verdict: locked exit 1 (want nonzero), recover exit 0 (want 0) -> OK

====================================================================
Emulated suite summary
  C1 connect   exit 0  (OK)
  C8 pole diag exit 0  (OK)
  C5 sim probe exit 0  (OK)
  C7 hand only exit 0  (OK)
  C2 locked    exit 0  (OK)
  C9 single-locked exit 0  (OK)
  C3 chained   exit 0  (OK)
  C4 free      exit 0  (OK)
  C6 single-arm exit 0  (OK)
  C2 arm-only drill exit 0  (OK)
  C9 sync-order drill exit 0  (OK)
  C8 locked drill exit 0  (OK)
====================================================================

========================================================================
  Script : run_emulated_suite.py
  Log    : run_emulated_suite.log
  Started: 2026-08-07 13:34:23
========================================================================
====================================================================
EMULATED dual-arm concept suite  (time scale x10)
Arms are emulated in-process — nothing physical moves.
====================================================================

####################################################################
# C1 connect  (test_dual_connect)
####################################################################
====================================================================
C1  Dual-arm connectivity pre-check  (no motion is commanded)
    left=192.168.1.10  right=192.168.1.103
====================================================================
current c api version:  emu-1.1.6
  [PASS] left: robot info  (RM_75 7-DOF, controller gen 3)
  [PASS] left: arm state clean  (err codes ['0'])
  [PASS] left: lift state  (pos=100 of 330 (1to1))
  [INFO] left: run mode = REAL
  [PASS] right: robot info  (RM_75 7-DOF, controller gen 3)
  [PASS] right: arm state clean  (err codes ['0'])
  [PASS] right: lift state  (pos=100 of 200 (2to3))
  [INFO] right: run mode = REAL
  [PASS] handles distinct  (left id=1 right id=2)
  [PASS] event callback registered  (process-global, demuxed by handle_id)
  [PASS] pre-check complete  (no motion was commanded)

  Summary: 9 PASS, 0 FAIL, 0 SKIP

####################################################################
# C8 pole diag  (test_pole_only)
####################################################################
====================================================================
C8  Pole-only diagnostic (lift acceptance + state dump)
    pole on arm=left @ 192.168.1.10   gearing=1to1 (hw max 330)
    ONLY THE POLE MOVES — arm and hand stay still
    mode: as-found  (select with --mode SIM|REAL)  [lift does NOT execute in SIM]
====================================================================
current c api version:  emu-1.1.6
  [INFO] left: run mode = REAL
  [PASS] connected  (handle id=3)
  [PASS] arm power  (ON)
    joint err_flag=[0, 0, 0, 0, 0, 0, 0]  brake_state=[0, 0, 0, 0, 0, 0, 0]
  [PASS] controller/joint errors  (clean)
  [PASS] lift state  (pos=100 hw-mm  current=0 mA  mode=0  err_flag=0)
  [SKIP] rm_clear_system_err  (not requested (--clear-errors))
  starting in 3 ...
  starting in 2 ...
  starting in 1 ...
  D6 acceptance probe: command CURRENT position (100 hw-mm) — no physical motion
    hold-position: ret=0 arrived=True success=True (0.04 s)
  [PASS] lift acceptance probe  (controller accepts lift commands)
    stroke to 90: ret=0 arrived=True success=True (0.06 s)
    back to 100: ret=0 arrived=True success=True (0.06 s)
  [PASS] small stroke probe  (10 hw-mm there and back, events OK)
  pre-positioning pole(s) to full_length (0.29 m -> left=290 (1to1)) ...
  [INFO] left: pole at full length (0.38 s, event=True)
  [PASS] home to full length  (0.29 m -> 290 hw-mm)

  Summary: 7 PASS, 0 FAIL, 1 SKIP

####################################################################
# C5 sim probe  (test_sim_motion_visibility)
####################################################################
====================================================================
C5  Simulation-mode motion visibility probe (no physical motion)
    arm=192.168.1.10  UDP -> 192.168.1.239:8095  probe: J7 +5.0 deg at v=10%
====================================================================
current c api version:  emu-1.1.6
  [INFO] original run mode: REAL
  [PASS] simulation mode engaged and verified
  [INFO] rm_set_realtime_push ret=0
  [PASS] UDP push delivering frames  (80 within 2 s)
  [PASS] probe movej accepted in simulation mode

  ────────────────────────────────────────────────────────────
  VERDICT — simulated motion accessibility (552 UDP frames):
    UDP realtime push sweeps:   YES
    Arrival event fires:        YES (trajectory_state=True)
    TCP polling sweeps:         YES  (1 polls)
  ────────────────────────────────────────────────────────────
  => Simulated motion IS programmatically accessible: the
     sim-rehearsal record-and-verify pipeline is viable.
  [PASS] probe completed with a definitive verdict
  [PASS] probe joint returned to start
  [INFO] run mode restored: REAL (ret=0)

  Summary: 5 PASS, 0 FAIL, 0 SKIP

####################################################################
# C7 hand only  (test_hand_only)
####################################################################
====================================================================
C7  Hand-alone test (protocol probe, then modbus RTU)
    hand on arm=left @ 192.168.1.10   modbus device=1 baud=115200
    ONLY THE HAND MOVES — no arm, no pole motion
    on exit: restore protocol mode (rm_close_modbus_mode)
====================================================================
current c api version:  emu-1.1.6
  [INFO] arm run mode: REAL (hand is a physical peripheral; REAL recommended)
  [PASS] connected  (handle id=5)

  Phase P — protocol path probe (rm_set_hand_angle, blocking 5 s)
  [PASS] protocol path  (WORKS — end port is free; C2/C6 hand steps can use arrival events)

  Phase M — modbus RTU (ANGLE_SET writes, ANGLE_ACT feedback)
  [PASS] modbus session opened  (port 1 @ 115200)
  [PASS] ANGLE_ACT readable  (measured [993, 993, 993, 993, 981, 992])
  [PASS] SPEED_SET written  (500 x6)
    release    reached in  0.3 s  ACT=[993, 993, 993, 993, 981, 992]  (max err 0)
    grasp      reached in  0.3 s  ACT=[33, 33, 33, 33, 133, 944]  (max err 0)
    half_grasp reached in  0.3 s  ACT=[516, 516, 516, 516, 133, 944]  (max err 0)
    release    reached in  0.3 s  ACT=[993, 993, 993, 993, 981, 992]  (max err 0)
  [PASS] modbus command + measured feedback  (release -> grasp -> half_grasp -> release verified via ANGLE_ACT)
  [PASS] FORCE_ACT readable  ([0, 0, 0, 0, 0, 0] g (signed))

  VERDICT: protocol path WORKS; modbus RTU path WORKS with real feedback.
  [INFO] end port restored to protocol mode (rm_close_modbus_mode ret=0)
  [PASS] end-port state restored

  Summary: 8 PASS, 0 FAIL, 0 SKIP

####################################################################
# C2 locked  (test_dual_locked)
####################################################################
====================================================================
C2  Parallel locked dual-arm execution
    left=192.168.1.10  right=192.168.1.103  arm v=20%  lift v=50%
    sequence: [('arm', 'ready'), ('hand', 'release'), ('sync', ('zero', 'half')), ('hand', 'grasp'), ('sync', ('ready', 'full')), ('hand', 'half_grasp'), ('arm', 'rest')]
    mode: as-found  (select with --mode SIM|REAL)
    poles pre-positioned to full length (0.29 m) before the sequence
    BOTH ARMS AND BOTH POLES WILL MOVE
====================================================================
current c api version:  emu-1.1.6
  [INFO] left: run mode = REAL
  [INFO] right: run mode = REAL
  [INFO] left: error state clean
  [INFO] right: error state clean
  [PASS] no latched controller errors  (no latched errors)
  starting in 3 ...
  starting in 2 ...
  starting in 1 ...
  pre-positioning pole(s) to full_length (0.29 m -> left=290 (1to1), right=193 (2to3)) ...
  [INFO] left: pole at full length (0.04 s, event=True)
  [INFO] right: pole at full length (0.29 s, event=True)
  [PASS] poles pre-positioned to full length

  step results:
  ────────────────────────────────────────────────────────────
  ('arm', 'ready')         skew   0.98 ms   L   0.30 s   R   0.30 s   |d|  0.00 s   ok=True
  ('hand', 'release')      skew   1.68 ms   L   0.10 s   R   0.10 s   |d|  0.00 s   ok=True
  ('sync', ('zero', 'half')) skew   3.70 ms   L   0.55 s   R   0.54 s   |d|  0.00 s   ok=True
  ('hand', 'grasp')        skew   0.25 ms   L   0.10 s   R   0.10 s   |d|  0.00 s   ok=True
  ('sync', ('ready', 'full')) skew   3.87 ms   L   0.52 s   R   0.52 s   |d|  0.00 s   ok=True
  ('hand', 'half_grasp')   skew   0.35 ms   L   0.10 s   R   0.10 s   |d|  0.00 s   ok=True
  ('arm', 'rest')          skew   0.98 ms   L   0.19 s   R   0.19 s   |d|  0.00 s   ok=True
  [PASS] all dispatches accepted
  [PASS] sequence completed with barrier per step
  [PASS] dispatch skew  (max 3.87 ms)
  [PASS] arrival via event for every device
  [INFO] completion delta between arms: mean 0.00 s, max 0.00 s
  [INFO] sync left  ('zero', 'half')     arm-dur-est 3.00 s, matched lift 17%, start skew   -1.1 ms, finish skew  +243.5 ms
  [INFO] sync right ('zero', 'half')     arm-dur-est 3.00 s, matched lift 17%, start skew   -1.0 ms, finish skew  +241.5 ms
  [INFO] sync left  ('ready', 'full')    arm-dur-est 3.00 s, matched lift 18%, start skew   -1.2 ms, finish skew  +217.6 ms
  [INFO] sync right ('ready', 'full')    arm-dur-est 3.00 s, matched lift 18%, start skew   -1.3 ms, finish skew  +215.9 ms
  [PASS] pole outlasts the arm move  (earliest margin +0.22 s)

  Summary: 7 PASS, 0 FAIL, 0 SKIP

####################################################################
# C9 single-locked  (test_single_arm_locked)
####################################################################
====================================================================
C9  Single-arm LOCKED sequence (the C2 recipe on one arm)
    arm=left @ 192.168.1.10   arm v=20%   lift v=50% (duration-matched on sync)
    sequence: [('arm', 'ready'), ('hand', 'release'), ('sync', ('zero', 'half')), ('hand', 'grasp'), ('sync', ('ready', 'full')), ('hand', 'half_grasp'), ('arm', 'rest')]
    mode: as-found  (select with --mode SIM|REAL)
    pole pre-positioned to full length (0.29 m) first
    THE LEFT ARM, ITS POLE AND ITS HAND WILL MOVE
    sync dispatch order: LIFT_FIRST (back-to-back)   (vendor Blockly + bench_sync order)
    A frozen sync step waits up to 40 s for the arm event, then position-verifies, halts, and FAILS — let it finish.
====================================================================
current c api version:  emu-1.1.6
  [INFO] left: run mode = REAL
  [INFO] left: error state clean
  [PASS] no latched controller errors  (no latched errors)
  starting in 3 ...
  starting in 2 ...
  starting in 1 ...
  pre-positioning pole(s) to full_length (0.29 m -> left=290 (1to1)) ...
  [INFO] left: pole at full length (0.04 s, event=True)
  [PASS] pole pre-positioned to full length

  step results (live):
  ────────────────────────────────────────────────────────────
  ('arm', 'ready')           ok=True  arm  0.19 s
  ('hand', 'release')        ok=True  hand  0.10 s
  ('sync', ('zero', 'half')) ok=True  lift  0.55 s   arm  0.30 s   start-skew  -1.0 ms   finish-skew   +244 ms
  ('hand', 'grasp')          ok=True  hand  0.10 s
  ('sync', ('ready', 'full')) ok=True  lift  0.52 s   arm  0.30 s   start-skew  -1.1 ms   finish-skew   +218 ms
  ('hand', 'half_grasp')     ok=True  hand  0.10 s
  ('arm', 'rest')            ok=True  arm  0.19 s
  [PASS] all dispatches accepted
  [PASS] sequence completed
  [PASS] arrival via event for every device
  [INFO] sync ('zero', 'half')     arm-dur-est 3.00 s, matched lift 17%, start skew   -1.0 ms
  [INFO] sync ('ready', 'full')    arm-dur-est 3.00 s, matched lift 18%, start skew   -1.1 ms
  [PASS] sync dispatch gap  (max 1.1 ms between the two commands (budget 50 ms))
  [PASS] pole outlasts the arm move  (earliest margin +0.22 s)

  Summary: 7 PASS, 0 FAIL, 0 SKIP

####################################################################
# C3 chained  (test_dual_chained)
####################################################################
====================================================================
C3  Chained dual-arm execution (left leads, right follows)
    left=192.168.1.10  right=192.168.1.103  arm v=20%  lift v=50%
    sequence: [('arm', 'ready'), ('hand', 'release'), ('sync', ('zero', 'half')), ('hand', 'grasp'), ('sync', ('ready', 'full')), ('hand', 'half_grasp'), ('arm', 'rest')]
    mode: as-found  (select with --mode SIM|REAL)
    poles pre-positioned to full length (0.29 m) before the sequence
    BOTH ARMS AND BOTH POLES WILL MOVE
====================================================================
current c api version:  emu-1.1.6
  [INFO] left: run mode = REAL
  [INFO] right: run mode = REAL
  [INFO] left: error state clean
  [INFO] right: error state clean
  [PASS] no latched controller errors  (no latched errors)
  starting in 3 ...
  starting in 2 ...
  starting in 1 ...
  pre-positioning pole(s) to full_length (0.29 m -> left=290 (1to1), right=193 (2to3)) ...
  [INFO] left: pole at full length (0.04 s, event=True)
  [INFO] right: pole at full length (0.04 s, event=True)
  [PASS] poles pre-positioned to full length

  chain results:
  ────────────────────────────────────────────────────────────
  step 0 ('arm', 'ready')       follower start after leader done, gate latency     0.6 ms, ok=True
  step 1 ('hand', 'release')    follower start after leader done, gate latency    92.2 ms, ok=True
  step 2 ('sync', ('zero', 'half')) follower start after leader done, gate latency     2.5 ms, ok=True
  step 3 ('hand', 'grasp')      follower start after leader done, gate latency   444.6 ms, ok=True
  step 4 ('sync', ('ready', 'full')) follower start after leader done, gate latency    25.9 ms, ok=True
  step 5 ('hand', 'half_grasp') follower start after leader done, gate latency   442.6 ms, ok=True
  step 6 ('arm', 'rest')        follower start after leader done, gate latency   351.4 ms, ok=True
  [PASS] all dispatches accepted
  [PASS] both chains completed
  [PASS] ordering invariant  (follower step k always after leader step k done)
  [PASS] follower gate latency  (max 444.6 ms)

  Summary: 6 PASS, 0 FAIL, 0 SKIP

####################################################################
# C4 free  (test_dual_free)
####################################################################
====================================================================
C4  Free-running dual-arm execution (no cross-arm gates)
    left=192.168.1.10  right=192.168.1.103  arm v=20%  lift v=50%
    sequence: [('arm', 'ready'), ('hand', 'release'), ('sync', ('zero', 'half')), ('hand', 'grasp'), ('sync', ('ready', 'full')), ('hand', 'half_grasp'), ('arm', 'rest')]
    mode: as-found  (select with --mode SIM|REAL)
    poles pre-positioned to full length (0.29 m) before the sequence
    BOTH ARMS AND BOTH POLES WILL MOVE
====================================================================
current c api version:  emu-1.1.6
  [INFO] left: run mode = REAL
  [INFO] right: run mode = REAL
  [INFO] left: error state clean
  [INFO] right: error state clean
  [PASS] no latched controller errors  (no latched errors)
  starting in 3 ...
  starting in 2 ...
  starting in 1 ...
  pre-positioning pole(s) to full_length (0.29 m -> left=290 (1to1), right=193 (2to3)) ...
  [INFO] left: pole at full length (0.04 s, event=True)
  [INFO] right: pole at full length (0.04 s, event=True)
  [PASS] poles pre-positioned to full length

  per-arm timelines:
  ────────────────────────────────────────────────────────────
  left : 7/7 steps in 1.76 s
  right: 7/7 steps in 1.76 s
  [PASS] all dispatches accepted
  [PASS] both arms completed independently
  [PASS] concurrent free run  (window overlap 100% of shorter run)

  Summary: 5 PASS, 0 FAIL, 0 SKIP

####################################################################
# C6 single-arm  (test_single_arm_planned)
####################################################################
====================================================================
C6  Single-arm planned moves + CONCURRENT hand motion
    arm=left @ 192.168.1.10   movej v=20%   X offset +20 cm (world frame)
    hand states: release / grasp / half_grasp (acked_angle: non-blocking + duration dwell, butterfli_hw semantics)
    mode: as-found  (select with --mode SIM|REAL)
    pole pre-positioned to full length (0.29 m) first
    THE LEFT ARM, ITS POLE AND ITS HAND WILL MOVE
====================================================================
current c api version:  emu-1.1.6
  [INFO] left: run mode = REAL
  [INFO] left: error state clean
  [PASS] no latched controller errors  (no latched errors)
  starting in 3 ...
  starting in 2 ...
  starting in 1 ...
  pre-positioning pole(s) to full_length (0.29 m -> left=290 (1to1)) ...
  [INFO] left: pole at full length (0.04 s, event=True)
  [PASS] pole pre-positioned to full length
  movej ready + release      ok=True  arm  0.19 s   hand  0.10 s   hand-arm finish -0.09 s  (hand done DURING arm motion)
  [PASS] movej to ready + hand release
  movej rest + grasp         ok=True  arm  0.19 s   hand  0.10 s   hand-arm finish -0.09 s  (hand done DURING arm motion)
  [PASS] movej to rest_pose + hand grasp
  pose at rest: x=-0.058 y=+0.101 z=+0.488  ->  target x=+0.142
  movej_p +X + half_grasp: arm 0.15 s, hand finish skew -0.05 s  (hand done DURING arm motion)
  displacement: dx=+0.200 dy=+0.000 dz=+0.000 m
  [PASS] movej_p +X + half_grasp verified  (dx=+0.200 m (target +0.20))
  movej ready + release      ok=True  arm  0.21 s   hand  0.10 s   hand-arm finish -0.11 s  (hand done DURING arm motion)
  [PASS] movej back to ready + hand release
  [PASS] planned-move pipeline exercised  (movej x3 + movej_p x1 + hand x4 concurrent, no passthrough)
  [PASS] hand moved concurrently with arm  (4/4 phases finished during arm motion; finish skews -0.09s, -0.09s, -0.05s, -0.11s)

  Summary: 8 PASS, 0 FAIL, 0 SKIP

####################################################################
# C2 arm-only drill  (--no-hands --no-pole)
####################################################################
====================================================================
C2  Parallel locked dual-arm execution
    left=192.168.1.10  right=192.168.1.103  arm v=20%  lift v=50%
    sequence: [('arm', 'ready'), ('arm', 'zero'), ('arm', 'ready'), ('arm', 'rest')]   [--no-hands: hand steps stripped]   [--no-pole: pole/sync-lift steps stripped]
    mode: as-found  (select with --mode SIM|REAL)
    pole pre-positioning SKIPPED (--no-pole)
    BOTH ARMS WILL MOVE (poles stay put)
====================================================================
current c api version:  emu-1.1.6
  [INFO] left: run mode = REAL
  [INFO] right: run mode = REAL
  [INFO] left: error state clean
  [INFO] right: error state clean
  [PASS] no latched controller errors  (no latched errors)
  starting in 3 ...
  starting in 2 ...
  starting in 1 ...
  [PASS] poles pre-positioned to full length  (SKIPPED — poles disabled (--no-pole))

  step results:
  ────────────────────────────────────────────────────────────
  ('arm', 'ready')         skew   0.98 ms   L   0.01 s   R   0.19 s   |d|  0.19 s   ok=True
  ('arm', 'zero')          skew   1.02 ms   L   0.30 s   R   0.30 s   |d|  0.00 s   ok=True
  ('arm', 'ready')         skew   0.93 ms   L   0.30 s   R   0.30 s   |d|  0.00 s   ok=True
  ('arm', 'rest')          skew   0.91 ms   L   0.19 s   R   0.19 s   |d|  0.00 s   ok=True
  [PASS] all dispatches accepted
  [PASS] sequence completed with barrier per step
  [PASS] dispatch skew  (max 1.02 ms)
  [PASS] arrival via event for every device
  [INFO] completion delta between arms: mean 0.05 s, max 0.19 s
  [PASS] pole outlasts the arm move  (SKIPPED — poles disabled (--no-pole))

  Summary: 7 PASS, 0 FAIL, 0 SKIP

####################################################################
# C9 sync-order drill  (the arm-freeze regression)
####################################################################

-- drill A: arm_first must REPRODUCE the freeze --
====================================================================
C9  Single-arm LOCKED sequence (the C2 recipe on one arm)
    arm=left @ 192.168.1.10   arm v=20%   lift v=50% (duration-matched on sync)
    sequence: [('arm', 'ready'), ('sync', ('zero', 'half')), ('sync', ('ready', 'full')), ('arm', 'rest')]   [--no-hands: hand steps stripped]
    mode: as-found  (select with --mode SIM|REAL)
    pole pre-positioned to full length (0.29 m) first
    THE LEFT ARM AND ITS POLE WILL MOVE
    sync dispatch order: LIFT_FIRST (back-to-back)   (vendor Blockly + bench_sync order)
    A frozen sync step waits up to 40 s for the arm event, then position-verifies, halts, and FAILS — let it finish.
====================================================================
current c api version:  emu-1.1.6
  [INFO] left: run mode = REAL
  [INFO] left: error state clean
  [PASS] no latched controller errors  (no latched errors)
  starting in 3 ...
  starting in 2 ...
  starting in 1 ...
  pre-positioning pole(s) to full_length (0.29 m -> left=290 (1to1)) ...
  [INFO] left: pole at full length (0.04 s, event=True)
  [PASS] pole pre-positioned to full length

  step results (live):
  ────────────────────────────────────────────────────────────
  ('arm', 'ready')           ok=True  arm  0.19 s
  ('sync', ('zero', 'half')) ok=False  arm  2.00 s   lift  0.55 s   start-skew   1.0 ms   finish-skew  -1456 ms
  [DIAG] left: error state after the failed step — system 5001; joints J1=16,J2=16,J3=16,J4=16,J5=16,J6=16,J7=16
  [DIAG] recover before the next run: RM_ARM=left python3 test_single_arm_locked.py --mode REAL --clear-errors
  [PASS] all dispatches accepted
  [FAIL] sequence completed  (2/4 steps; first failure at ('sync', ('zero', 'half')))
  [WARN] 1 dispatched devices never delivered an arrival event (0 recovered by position fallback; hand has no fallback) — the C2 freeze signature if the device is the ARM on a sync step
  [FAIL] arrival via event for every device  (1 missing)
  [INFO] sync ('zero', 'half')     arm-dur-est 3.00 s, matched lift 17%, start skew    1.0 ms
  [PASS] sync dispatch gap  (max 1.0 ms between the two commands (budget 50 ms))
  [FAIL] pole outlasts the arm move  (no sync step produced both completions (the freeze outcome))

  Summary: 4 PASS, 3 FAIL, 0 SKIP
  joint errors latched by the abort: True (flags [16, 16, 16, 16, 16, 16, 16])

-- drill B: the next run must be REFUSED until cleared --
====================================================================
C9  Single-arm LOCKED sequence (the C2 recipe on one arm)
    arm=left @ 192.168.1.10   arm v=20%   lift v=50% (duration-matched on sync)
    sequence: [('arm', 'ready'), ('sync', ('zero', 'half')), ('sync', ('ready', 'full')), ('arm', 'rest')]   [--no-hands: hand steps stripped]
    mode: as-found  (select with --mode SIM|REAL)
    pole pre-positioned to full length (0.29 m) first
    THE LEFT ARM AND ITS POLE WILL MOVE
    sync dispatch order: LIFT_FIRST (back-to-back)   (vendor Blockly + bench_sync order)
    A frozen sync step waits up to 40 s for the arm event, then position-verifies, halts, and FAILS — let it finish.
====================================================================
current c api version:  emu-1.1.6
  [INFO] left: run mode = REAL
  [WARN] left: LATCHED ERRORS — system 5001; joints J1=16,J2=16,J3=16,J4=16,J5=16,J6=16,J7=16
  [FAIL] no latched controller errors  (left: system 5001; joints J1=16,J2=16,J3=16,J4=16,J5=16,J6=16,J7=16 — motion will be REJECTED (ret=1); rerun with --clear-errors (power-cycle if they persist))

  Summary: 0 PASS, 1 FAIL, 0 SKIP

-- drill C: --clear-errors must recover and complete --
====================================================================
C9  Single-arm LOCKED sequence (the C2 recipe on one arm)
    arm=left @ 192.168.1.10   arm v=20%   lift v=50% (duration-matched on sync)
    sequence: [('arm', 'ready'), ('sync', ('zero', 'half')), ('sync', ('ready', 'full')), ('arm', 'rest')]   [--no-hands: hand steps stripped]
    mode: as-found  (select with --mode SIM|REAL)
    pole pre-positioned to full length (0.29 m) first
    THE LEFT ARM AND ITS POLE WILL MOVE
    sync dispatch order: LIFT_FIRST (back-to-back)   (vendor Blockly + bench_sync order)
    A frozen sync step waits up to 40 s for the arm event, then position-verifies, halts, and FAILS — let it finish.
====================================================================
current c api version:  emu-1.1.6
  [INFO] left: run mode = REAL
  [INFO] left: rm_clear_system_err ret=0 -> clean
  [INFO] left: error state clean
  [PASS] no latched controller errors  (no latched errors)
  starting in 3 ...
  starting in 2 ...
  starting in 1 ...
  pre-positioning pole(s) to full_length (0.29 m -> left=290 (1to1)) ...
  [INFO] left: pole at full length (0.29 s, event=True)
  [PASS] pole pre-positioned to full length

  step results (live):
  ────────────────────────────────────────────────────────────
  ('arm', 'ready')           ok=True  arm  0.01 s
  ('sync', ('zero', 'half')) ok=True  lift  0.55 s   arm  0.30 s   start-skew  -0.7 ms   finish-skew   +244 ms
  ('sync', ('ready', 'full')) ok=True  lift  0.52 s   arm  0.30 s   start-skew  -0.9 ms   finish-skew   +218 ms
  ('arm', 'rest')            ok=True  arm  0.19 s
  [PASS] all dispatches accepted
  [PASS] sequence completed
  [PASS] arrival via event for every device
  [INFO] sync ('zero', 'half')     arm-dur-est 3.00 s, matched lift 17%, start skew   -0.7 ms
  [INFO] sync ('ready', 'full')    arm-dur-est 3.00 s, matched lift 18%, start skew   -0.9 ms
  [PASS] sync dispatch gap  (max 0.9 ms between the two commands (budget 50 ms))
  [PASS] pole outlasts the arm move  (earliest margin +0.22 s)

  Summary: 7 PASS, 0 FAIL, 0 SKIP

  drill verdict: arm_first exit 1 (want nonzero), errors latched True (want True), blocked exit 1 (want nonzero), cleared exit 0 (want 0) -> OK

####################################################################
# C8 locked-pole drill  (fault injection)
####################################################################

-- drill A: pole locked, C8 must FAIL with the diagnosis --
====================================================================
C8  Pole-only diagnostic (lift acceptance + state dump)
    pole on arm=left @ 192.168.1.10   gearing=1to1 (hw max 330)
    ONLY THE POLE MOVES — arm and hand stay still
    mode: as-found  (select with --mode SIM|REAL)  [lift does NOT execute in SIM]
====================================================================
current c api version:  emu-1.1.6
  [INFO] left: run mode = REAL
  [PASS] connected  (handle id=19)
  [PASS] arm power  (ON)
    joint err_flag=[0, 0, 0, 0, 0, 0, 0]  brake_state=[0, 0, 0, 0, 0, 0, 0]
  [FAIL] controller/joint errors  (sys=['4103'] joints=[] — latched errors block motion; rerun with --clear-errors)
  [FAIL] lift state  (pos=290 hw-mm  current=0 mA  mode=0  err_flag=1 — LIFT DRIVER ERROR latched (stall/overcurrent?); try --clear-errors, then power cycle)
  [SKIP] rm_clear_system_err  (not requested (--clear-errors))
  starting in 3 ...
  starting in 2 ...
  starting in 1 ...
  D6 acceptance probe: command CURRENT position (290 hw-mm) — no physical motion
    hold-position: REJECTED ret=1
  [FAIL] lift acceptance probe  (the 20:38 signature — controller rejects/ignores lift commands)
  [DIAG] left: lift command REJECTED by the controller (set_state false) — state dump:
  [DIAG]   arm power: ON
  [DIAG]   controller err: 4103  <-- likely cause: clear via --clear-errors / Web GUI
  [DIAG]   joint err flags: clean   brake_state=[0, 0, 0, 0, 0, 0, 0]
  [DIAG]   lift state: pos=290 hw-mm  current=0 mA  mode=0  err_flag=1  <-- LIFT DRIVER ERROR latched (stall/overcurrent?)
  [DIAG] recovery ladder: (1) release/reset the physical e-stop, (2) clear errors (RM_ARM=left python3 test_pole_only.py --clear-errors), (3) check the Web GUI lift panel moves the pole, (4) power-cycle the arm.
  [SKIP] small stroke probe  (acceptance probe failed)
  [SKIP] home to full length  (earlier probe failed)

  Summary: 2 PASS, 3 FAIL, 3 SKIP

-- drill B: C8 --clear-errors must recover and pass --
====================================================================
C8  Pole-only diagnostic (lift acceptance + state dump)
    pole on arm=left @ 192.168.1.10   gearing=1to1 (hw max 330)
    ONLY THE POLE MOVES — arm and hand stay still
    --clear-errors: rm_clear_system_err will run before D6
    mode: as-found  (select with --mode SIM|REAL)  [lift does NOT execute in SIM]
====================================================================
current c api version:  emu-1.1.6
  [INFO] left: run mode = REAL
  [PASS] connected  (handle id=20)
  [PASS] arm power  (ON)
    joint err_flag=[0, 0, 0, 0, 0, 0, 0]  brake_state=[0, 0, 0, 0, 0, 0, 0]
  [PASS] controller/joint errors  (latched: sys=['4103'] joints=[] — clearing next)
  [PASS] lift state  (pos=290 hw-mm  current=0 mA  mode=0  err_flag=1 — driver error latched, clearing next)
  [PASS] rm_clear_system_err  (ret=0)
  starting in 3 ...
  starting in 2 ...
  starting in 1 ...
  D6 acceptance probe: command CURRENT position (290 hw-mm) — no physical motion
    hold-position: ret=0 arrived=True success=True (0.04 s)
  [PASS] lift acceptance probe  (controller accepts lift commands)
    stroke to 280: ret=0 arrived=True success=True (0.06 s)
    back to 290: ret=0 arrived=True success=True (0.06 s)
  [PASS] small stroke probe  (10 hw-mm there and back, events OK)
  pre-positioning pole(s) to full_length (0.29 m -> left=290 (1to1)) ...
  [INFO] left: pole at full length (0.04 s, event=True)
  [PASS] home to full length  (0.29 m -> 290 hw-mm)

  Summary: 8 PASS, 0 FAIL, 0 SKIP

  drill verdict: locked exit 1 (want nonzero), recover exit 0 (want 0) -> OK

====================================================================
Emulated suite summary
  C1 connect   exit 0  (OK)
  C8 pole diag exit 0  (OK)
  C5 sim probe exit 0  (OK)
  C7 hand only exit 0  (OK)
  C2 locked    exit 0  (OK)
  C9 single-locked exit 0  (OK)
  C3 chained   exit 0  (OK)
  C4 free      exit 0  (OK)
  C6 single-arm exit 0  (OK)
  C2 arm-only drill exit 0  (OK)
  C9 sync-order drill exit 0  (OK)
  C8 locked drill exit 0  (OK)
====================================================================

========================================================================
  Script : run_emulated_suite.py
  Log    : run_emulated_suite.log
  Started: 2026-08-07 13:58:24
========================================================================
====================================================================
EMULATED dual-arm concept suite  (time scale x10)
Arms are emulated in-process — nothing physical moves.
====================================================================

####################################################################
# C1 connect  (test_dual_connect)
####################################################################
====================================================================
C1  Dual-arm connectivity pre-check  (no motion is commanded)
    left=192.168.1.10  right=192.168.1.103
====================================================================
current c api version:  emu-1.1.6
  [PASS] left: robot info  (RM_75 7-DOF, controller gen 3)
  [PASS] left: arm state clean  (err codes ['0'])
  [PASS] left: lift state  (pos=100 of 330 (1to1))
  [INFO] left: run mode = REAL
  [PASS] right: robot info  (RM_75 7-DOF, controller gen 3)
  [PASS] right: arm state clean  (err codes ['0'])
  [PASS] right: lift state  (pos=100 of 200 (2to3))
  [INFO] right: run mode = REAL
  [PASS] handles distinct  (left id=1 right id=2)
  [PASS] event callback registered  (process-global, demuxed by handle_id)
  [PASS] pre-check complete  (no motion was commanded)

  Summary: 9 PASS, 0 FAIL, 0 SKIP

####################################################################
# C8 pole diag  (test_pole_only)
####################################################################
====================================================================
C8  Pole-only diagnostic (lift acceptance + state dump)
    pole on arm=left @ 192.168.1.10   gearing=1to1 (hw max 330)
    ONLY THE POLE MOVES — arm and hand stay still
    mode: as-found  (select with --mode SIM|REAL)  [lift does NOT execute in SIM]
====================================================================
current c api version:  emu-1.1.6
  [INFO] left: run mode = REAL
  [PASS] connected  (handle id=3)
  [PASS] arm power  (ON)
    joint err_flag=[0, 0, 0, 0, 0, 0, 0]  brake_state=[0, 0, 0, 0, 0, 0, 0]
  [PASS] controller/joint errors  (clean)
  [PASS] lift state  (pos=100 hw-mm  current=0 mA  mode=0  err_flag=0)
  [SKIP] rm_clear_system_err  (not requested (--clear-errors))
  starting in 3 ...
  starting in 2 ...
  starting in 1 ...
  D6 acceptance probe: command CURRENT position (100 hw-mm) — no physical motion
    hold-position: ret=0 arrived=True success=True (0.04 s)
  [PASS] lift acceptance probe  (controller accepts lift commands)
    stroke to 90: ret=0 arrived=True success=True (0.06 s)
    back to 100: ret=0 arrived=True success=True (0.06 s)
  [PASS] small stroke probe  (10 hw-mm there and back, events OK)
  pre-positioning pole(s) to full_length (0.29 m -> left=290 (1to1)) ...
  [INFO] left: pole at full length (0.38 s, event=True)
  [PASS] home to full length  (0.29 m -> 290 hw-mm)

  Summary: 7 PASS, 0 FAIL, 1 SKIP

####################################################################
# C5 sim probe  (test_sim_motion_visibility)
####################################################################
====================================================================
C5  Simulation-mode motion visibility probe (no physical motion)
    arm=192.168.1.10  UDP -> 192.168.1.239:8095  probe: J7 +5.0 deg at v=10%
====================================================================
current c api version:  emu-1.1.6
  [INFO] original run mode: REAL
  [PASS] simulation mode engaged and verified
  [INFO] rm_set_realtime_push ret=0
  [PASS] UDP push delivering frames  (78 within 2 s)
  [PASS] probe movej accepted in simulation mode

  ────────────────────────────────────────────────────────────
  VERDICT — simulated motion accessibility (551 UDP frames):
    UDP realtime push sweeps:   YES
    Arrival event fires:        YES (trajectory_state=True)
    TCP polling sweeps:         YES  (1 polls)
  ────────────────────────────────────────────────────────────
  => Simulated motion IS programmatically accessible: the
     sim-rehearsal record-and-verify pipeline is viable.
  [PASS] probe completed with a definitive verdict
  [PASS] probe joint returned to start
  [INFO] run mode restored: REAL (ret=0)

  Summary: 5 PASS, 0 FAIL, 0 SKIP

####################################################################
# C7 hand only  (test_hand_only)
####################################################################
====================================================================
C7  Hand-alone test (protocol probe, then modbus RTU)
    hand on arm=left @ 192.168.1.10   modbus device=1 baud=115200
    ONLY THE HAND MOVES — no arm, no pole motion
    on exit: restore protocol mode (rm_close_modbus_mode)
====================================================================
current c api version:  emu-1.1.6
  [INFO] arm run mode: REAL (hand is a physical peripheral; REAL recommended)
  [PASS] connected  (handle id=5)

  Phase P — protocol path probe (rm_set_hand_angle, blocking 5 s)
  [PASS] protocol path  (WORKS — end port is free; C2/C6 hand steps can use arrival events)

  Phase M — modbus RTU (ANGLE_SET writes, ANGLE_ACT feedback)
  [PASS] modbus session opened  (port 1 @ 115200)
  [PASS] ANGLE_ACT readable  (measured [993, 993, 993, 993, 981, 992])
  [PASS] SPEED_SET written  (500 x6)
    release    reached in  0.3 s  ACT=[993, 993, 993, 993, 981, 992]  (max err 0)
    grasp      reached in  0.3 s  ACT=[33, 33, 33, 33, 133, 944]  (max err 0)
    half_grasp reached in  0.3 s  ACT=[516, 516, 516, 516, 133, 944]  (max err 0)
    release    reached in  0.3 s  ACT=[993, 993, 993, 993, 981, 992]  (max err 0)
  [PASS] modbus command + measured feedback  (release -> grasp -> half_grasp -> release verified via ANGLE_ACT)
  [PASS] FORCE_ACT readable  ([0, 0, 0, 0, 0, 0] g (signed))

  VERDICT: protocol path WORKS; modbus RTU path WORKS with real feedback.
  [INFO] end port restored to protocol mode (rm_close_modbus_mode ret=0)
  [PASS] end-port state restored

  Summary: 8 PASS, 0 FAIL, 0 SKIP

####################################################################
# C2 locked  (test_dual_locked)
####################################################################
====================================================================
C2  Parallel locked dual-arm execution
    left=192.168.1.10  right=192.168.1.103  arm v=20%  lift v=50%
    sequence: [('arm', 'ready'), ('hand', 'release'), ('sync', ('zero', 'half')), ('hand', 'grasp'), ('sync', ('ready', 'full')), ('hand', 'half_grasp'), ('arm', 'rest')]
    mode: as-found  (select with --mode SIM|REAL)
    poles pre-positioned to full length (0.29 m) before the sequence
    BOTH ARMS AND BOTH POLES WILL MOVE
====================================================================
current c api version:  emu-1.1.6
  [INFO] left: run mode = REAL
  [INFO] right: run mode = REAL
  [INFO] left: error state clean
  [INFO] right: error state clean
  [PASS] no latched controller errors  (no latched errors)
  starting in 3 ...
  starting in 2 ...
  starting in 1 ...
  pre-positioning pole(s) to full_length (0.29 m -> left=290 (1to1), right=193 (2to3)) ...
  [INFO] left: pole at full length (0.04 s, event=True)
  [INFO] right: pole at full length (0.29 s, event=True)
  [PASS] poles pre-positioned to full length

  step results:
  ────────────────────────────────────────────────────────────
  ('arm', 'ready')         skew   0.91 ms   L   0.30 s   R   0.30 s   |d|  0.00 s   ok=True
  ('hand', 'release')      skew   0.34 ms   L   0.10 s   R   0.10 s   |d|  0.00 s   ok=True
  ('sync', ('zero', 'half')) skew   2.63 ms   L   0.55 s   R   0.54 s   |d|  0.00 s   ok=True
  ('hand', 'grasp')        skew   0.22 ms   L   0.10 s   R   0.10 s   |d|  0.00 s   ok=True
  ('sync', ('ready', 'full')) skew   3.65 ms   L   0.52 s   R   0.52 s   |d|  0.00 s   ok=True
  ('hand', 'half_grasp')   skew   1.68 ms   L   0.10 s   R   0.10 s   |d|  0.00 s   ok=True
  ('arm', 'rest')          skew   1.13 ms   L   0.19 s   R   0.19 s   |d|  0.00 s   ok=True
  [PASS] all dispatches accepted
  [PASS] sequence completed with barrier per step
  [PASS] dispatch skew  (max 3.65 ms)
  [PASS] arrival via event for every device
  [INFO] completion delta between arms: mean 0.00 s, max 0.00 s
  [INFO] sync left  ('zero', 'half')     arm-dur-est 3.00 s, matched lift 17%, start skew   -0.7 ms, finish skew  +243.8 ms
  [INFO] sync right ('zero', 'half')     arm-dur-est 3.00 s, matched lift 17%, start skew   -0.7 ms, finish skew  +241.9 ms
  [INFO] sync left  ('ready', 'full')    arm-dur-est 3.00 s, matched lift 18%, start skew   -1.1 ms, finish skew  +217.5 ms
  [INFO] sync right ('ready', 'full')    arm-dur-est 3.00 s, matched lift 18%, start skew   -1.0 ms, finish skew  +216.0 ms
  [PASS] pole outlasts the arm move  (earliest margin +0.22 s)

  Summary: 7 PASS, 0 FAIL, 0 SKIP

####################################################################
# C9 single-locked  (test_single_arm_locked)
####################################################################
====================================================================
C9  Single-arm LOCKED sequence (the C2 recipe on one arm)
    arm=left @ 192.168.1.10   arm v=20%   lift v=50% (duration-matched on sync)
    sequence: [('arm', 'ready'), ('hand', 'release'), ('sync', ('zero', 'half')), ('hand', 'grasp'), ('sync', ('ready', 'full')), ('hand', 'half_grasp'), ('arm', 'rest')]
    mode: as-found  (select with --mode SIM|REAL)
    pole pre-positioned to full length (0.29 m) first
    THE LEFT ARM, ITS POLE AND ITS HAND WILL MOVE
    sync dispatch order: LIFT_FIRST (back-to-back)   (vendor Blockly + bench_sync order)
    A frozen sync step waits up to 40 s for the arm event, then position-verifies, halts, and FAILS — let it finish.
====================================================================
current c api version:  emu-1.1.6
  [INFO] left: run mode = REAL
  [INFO] left: error state clean
  [PASS] no latched controller errors  (no latched errors)
  starting in 3 ...
  starting in 2 ...
  starting in 1 ...
  pre-positioning pole(s) to full_length (0.29 m -> left=290 (1to1)) ...
  [INFO] left: pole at full length (0.04 s, event=True)
  [PASS] pole pre-positioned to full length

  step results (live):
  ────────────────────────────────────────────────────────────
  ('arm', 'ready')           ok=True  arm  0.19 s
  ('hand', 'release')        ok=True  hand  0.10 s
  ('sync', ('zero', 'half')) ok=True  lift  0.55 s   arm  0.30 s   start-skew  -1.0 ms   finish-skew   +244 ms
  ('hand', 'grasp')          ok=True  hand  0.10 s
  ('sync', ('ready', 'full')) ok=True  lift  0.52 s   arm  0.30 s   start-skew  -1.0 ms   finish-skew   +218 ms
  ('hand', 'half_grasp')     ok=True  hand  0.10 s
  ('arm', 'rest')            ok=True  arm  0.19 s
  [PASS] all dispatches accepted
  [PASS] sequence completed
  [PASS] arrival via event for every device
  [INFO] sync ('zero', 'half')     arm-dur-est 3.00 s, matched lift 17%, start skew   -1.0 ms
  [INFO] sync ('ready', 'full')    arm-dur-est 3.00 s, matched lift 18%, start skew   -1.0 ms
  [PASS] sync dispatch gap  (max 1.0 ms between the two commands (budget 50 ms))
  [PASS] pole outlasts the arm move  (earliest margin +0.22 s)

  Summary: 7 PASS, 0 FAIL, 0 SKIP

####################################################################
# C3 chained  (test_dual_chained)
####################################################################
====================================================================
C3  Chained dual-arm execution (left leads, right follows)
    left=192.168.1.10  right=192.168.1.103  arm v=20%  lift v=50%
    sequence: [('arm', 'ready'), ('hand', 'release'), ('sync', ('zero', 'half')), ('hand', 'grasp'), ('sync', ('ready', 'full')), ('hand', 'half_grasp'), ('arm', 'rest')]
    mode: as-found  (select with --mode SIM|REAL)
    poles pre-positioned to full length (0.29 m) before the sequence
    BOTH ARMS AND BOTH POLES WILL MOVE
====================================================================
current c api version:  emu-1.1.6
  [INFO] left: run mode = REAL
  [INFO] right: run mode = REAL
  [INFO] left: error state clean
  [INFO] right: error state clean
  [PASS] no latched controller errors  (no latched errors)
  starting in 3 ...
  starting in 2 ...
  starting in 1 ...
  pre-positioning pole(s) to full_length (0.29 m -> left=290 (1to1), right=193 (2to3)) ...
  [INFO] left: pole at full length (0.04 s, event=True)
  [INFO] right: pole at full length (0.04 s, event=True)
  [PASS] poles pre-positioned to full length

  chain results:
  ────────────────────────────────────────────────────────────
  step 0 ('arm', 'ready')       follower start after leader done, gate latency     0.2 ms, ok=True
  step 1 ('hand', 'release')    follower start after leader done, gate latency    92.0 ms, ok=True
  step 2 ('sync', ('zero', 'half')) follower start after leader done, gate latency     1.5 ms, ok=True
  step 3 ('hand', 'grasp')      follower start after leader done, gate latency   443.9 ms, ok=True
  step 4 ('sync', ('ready', 'full')) follower start after leader done, gate latency    24.8 ms, ok=True
  step 5 ('hand', 'half_grasp') follower start after leader done, gate latency   441.5 ms, ok=True
  step 6 ('arm', 'rest')        follower start after leader done, gate latency   350.2 ms, ok=True
  [PASS] all dispatches accepted
  [PASS] both chains completed
  [PASS] ordering invariant  (follower step k always after leader step k done)
  [PASS] follower gate latency  (max 443.9 ms)

  Summary: 6 PASS, 0 FAIL, 0 SKIP

####################################################################
# C4 free  (test_dual_free)
####################################################################
====================================================================
C4  Free-running dual-arm execution (no cross-arm gates)
    left=192.168.1.10  right=192.168.1.103  arm v=20%  lift v=50%
    sequence: [('arm', 'ready'), ('hand', 'release'), ('sync', ('zero', 'half')), ('hand', 'grasp'), ('sync', ('ready', 'full')), ('hand', 'half_grasp'), ('arm', 'rest')]
    mode: as-found  (select with --mode SIM|REAL)
    poles pre-positioned to full length (0.29 m) before the sequence
    BOTH ARMS AND BOTH POLES WILL MOVE
====================================================================
current c api version:  emu-1.1.6
  [INFO] left: run mode = REAL
  [INFO] right: run mode = REAL
  [INFO] left: error state clean
  [INFO] right: error state clean
  [PASS] no latched controller errors  (no latched errors)
  starting in 3 ...
  starting in 2 ...
  starting in 1 ...
  pre-positioning pole(s) to full_length (0.29 m -> left=290 (1to1), right=193 (2to3)) ...
  [INFO] left: pole at full length (0.04 s, event=True)
  [INFO] right: pole at full length (0.04 s, event=True)
  [PASS] poles pre-positioned to full length

  per-arm timelines:
  ────────────────────────────────────────────────────────────
  left : 7/7 steps in 1.76 s
  right: 7/7 steps in 1.76 s
  [PASS] all dispatches accepted
  [PASS] both arms completed independently
  [PASS] concurrent free run  (window overlap 100% of shorter run)

  Summary: 5 PASS, 0 FAIL, 0 SKIP

####################################################################
# C6 single-arm  (test_single_arm_planned)
####################################################################
====================================================================
C6  Single-arm planned moves + CONCURRENT hand motion
    arm=left @ 192.168.1.10   movej v=20%   X offset +20 cm (world frame)
    hand states: release / grasp / half_grasp (acked_angle: non-blocking + duration dwell, butterfli_hw semantics)
    mode: as-found  (select with --mode SIM|REAL)
    pole pre-positioned to full length (0.29 m) first
    THE LEFT ARM, ITS POLE AND ITS HAND WILL MOVE
====================================================================
current c api version:  emu-1.1.6
  [INFO] left: run mode = REAL
  [INFO] left: error state clean
  [PASS] no latched controller errors  (no latched errors)
  starting in 3 ...
  starting in 2 ...
  starting in 1 ...
  pre-positioning pole(s) to full_length (0.29 m -> left=290 (1to1)) ...
  [INFO] left: pole at full length (0.04 s, event=True)
  [PASS] pole pre-positioned to full length
  movej ready + release      ok=True  arm  0.19 s   hand  0.10 s   hand-arm finish -0.09 s  (hand done DURING arm motion)
  [PASS] movej to ready + hand release
  movej rest + grasp         ok=True  arm  0.19 s   hand  0.10 s   hand-arm finish -0.09 s  (hand done DURING arm motion)
  [PASS] movej to rest_pose + hand grasp
  pose at rest: x=-0.058 y=+0.101 z=+0.488  ->  target x=+0.142
  movej_p +X + half_grasp: arm 0.15 s, hand finish skew -0.05 s  (hand done DURING arm motion)
  displacement: dx=+0.200 dy=+0.000 dz=+0.000 m
  [PASS] movej_p +X + half_grasp verified  (dx=+0.200 m (target +0.20))
  movej ready + release      ok=True  arm  0.21 s   hand  0.10 s   hand-arm finish -0.11 s  (hand done DURING arm motion)
  [PASS] movej back to ready + hand release
  [PASS] planned-move pipeline exercised  (movej x3 + movej_p x1 + hand x4 concurrent, no passthrough)
  [PASS] hand moved concurrently with arm  (4/4 phases finished during arm motion; finish skews -0.09s, -0.09s, -0.05s, -0.11s)

  Summary: 8 PASS, 0 FAIL, 0 SKIP

####################################################################
# C2 arm-only drill  (--no-hands --no-pole)
####################################################################
====================================================================
C2  Parallel locked dual-arm execution
    left=192.168.1.10  right=192.168.1.103  arm v=20%  lift v=50%
    sequence: [('arm', 'ready'), ('arm', 'zero'), ('arm', 'ready'), ('arm', 'rest')]   [--no-hands: hand steps stripped]   [--no-pole: pole/sync-lift steps stripped]
    mode: as-found  (select with --mode SIM|REAL)
    pole pre-positioning SKIPPED (--no-pole)
    BOTH ARMS WILL MOVE (poles stay put)
====================================================================
current c api version:  emu-1.1.6
  [INFO] left: run mode = REAL
  [INFO] right: run mode = REAL
  [INFO] left: error state clean
  [INFO] right: error state clean
  [PASS] no latched controller errors  (no latched errors)
  starting in 3 ...
  starting in 2 ...
  starting in 1 ...
  [PASS] poles pre-positioned to full length  (SKIPPED — poles disabled (--no-pole))

  step results:
  ────────────────────────────────────────────────────────────
  ('arm', 'ready')         skew   0.92 ms   L   0.01 s   R   0.19 s   |d|  0.19 s   ok=True
  ('arm', 'zero')          skew   1.13 ms   L   0.30 s   R   0.30 s   |d|  0.00 s   ok=True
  ('arm', 'ready')         skew   0.91 ms   L   0.30 s   R   0.30 s   |d|  0.00 s   ok=True
  ('arm', 'rest')          skew   0.80 ms   L   0.19 s   R   0.19 s   |d|  0.00 s   ok=True
  [PASS] all dispatches accepted
  [PASS] sequence completed with barrier per step
  [PASS] dispatch skew  (max 1.13 ms)
  [PASS] arrival via event for every device
  [INFO] completion delta between arms: mean 0.05 s, max 0.19 s
  [PASS] pole outlasts the arm move  (SKIPPED — poles disabled (--no-pole))

  Summary: 7 PASS, 0 FAIL, 0 SKIP

####################################################################
# C9 sync-order drill  (the arm-freeze regression)
####################################################################

-- drill A: arm_first must REPRODUCE the freeze --
====================================================================
C9  Single-arm LOCKED sequence (the C2 recipe on one arm)
    arm=left @ 192.168.1.10   arm v=20%   lift v=50% (duration-matched on sync)
    sequence: [('arm', 'ready'), ('sync', ('zero', 'half')), ('sync', ('ready', 'full')), ('arm', 'rest')]   [--no-hands: hand steps stripped]
    mode: as-found  (select with --mode SIM|REAL)
    pole pre-positioned to full length (0.29 m) first
    THE LEFT ARM AND ITS POLE WILL MOVE
    sync dispatch order: LIFT_FIRST (back-to-back)   (vendor Blockly + bench_sync order)
    A frozen sync step waits up to 40 s for the arm event, then position-verifies, halts, and FAILS — let it finish.
====================================================================
current c api version:  emu-1.1.6
  [INFO] left: run mode = REAL
  [INFO] left: error state clean
  [PASS] no latched controller errors  (no latched errors)
  starting in 3 ...
  starting in 2 ...
  starting in 1 ...
  pre-positioning pole(s) to full_length (0.29 m -> left=290 (1to1)) ...
  [INFO] left: pole at full length (0.04 s, event=True)
  [PASS] pole pre-positioned to full length

  step results (live):
  ────────────────────────────────────────────────────────────
  ('arm', 'ready')           ok=True  arm  0.19 s
  ('sync', ('zero', 'half')) ok=False  arm  2.00 s   lift  0.55 s   start-skew   0.9 ms   finish-skew  -1456 ms
  [DIAG] left: error state after the failed step — system 5001; joints J1=16,J2=16,J3=16,J4=16,J5=16,J6=16,J7=16
  [DIAG] recover before the next run: RM_ARM=left python3 test_single_arm_locked.py --mode REAL --clear-errors
  [PASS] all dispatches accepted
  [FAIL] sequence completed  (2/4 steps; first failure at ('sync', ('zero', 'half')))
  [WARN] 1 dispatched devices never delivered an arrival event (0 recovered by position fallback; hand has no fallback) — the C2 freeze signature if the device is the ARM on a sync step
  [FAIL] arrival via event for every device  (1 missing)
  [INFO] sync ('zero', 'half')     arm-dur-est 3.00 s, matched lift 17%, start skew    0.9 ms
  [PASS] sync dispatch gap  (max 0.9 ms between the two commands (budget 50 ms))
  [FAIL] pole outlasts the arm move  (no sync step produced both completions (the freeze outcome))

  Summary: 4 PASS, 3 FAIL, 0 SKIP
  joint errors latched by the abort: True (flags [16, 16, 16, 16, 16, 16, 16])

-- drill B: the next run must be REFUSED until cleared --
====================================================================
C9  Single-arm LOCKED sequence (the C2 recipe on one arm)
    arm=left @ 192.168.1.10   arm v=20%   lift v=50% (duration-matched on sync)
    sequence: [('arm', 'ready'), ('sync', ('zero', 'half')), ('sync', ('ready', 'full')), ('arm', 'rest')]   [--no-hands: hand steps stripped]
    mode: as-found  (select with --mode SIM|REAL)
    pole pre-positioned to full length (0.29 m) first
    THE LEFT ARM AND ITS POLE WILL MOVE
    sync dispatch order: LIFT_FIRST (back-to-back)   (vendor Blockly + bench_sync order)
    A frozen sync step waits up to 40 s for the arm event, then position-verifies, halts, and FAILS — let it finish.
====================================================================
current c api version:  emu-1.1.6
  [INFO] left: run mode = REAL
  [WARN] left: LATCHED ERRORS — system 5001; joints J1=16,J2=16,J3=16,J4=16,J5=16,J6=16,J7=16
  [FAIL] no latched controller errors  (left: system 5001; joints J1=16,J2=16,J3=16,J4=16,J5=16,J6=16,J7=16 — motion will be REJECTED (ret=1); rerun with --clear-errors (power-cycle if they persist))

  Summary: 0 PASS, 1 FAIL, 0 SKIP

-- drill C: --clear-errors must recover and complete --
====================================================================
C9  Single-arm LOCKED sequence (the C2 recipe on one arm)
    arm=left @ 192.168.1.10   arm v=20%   lift v=50% (duration-matched on sync)
    sequence: [('arm', 'ready'), ('sync', ('zero', 'half')), ('sync', ('ready', 'full')), ('arm', 'rest')]   [--no-hands: hand steps stripped]
    mode: as-found  (select with --mode SIM|REAL)
    pole pre-positioned to full length (0.29 m) first
    THE LEFT ARM AND ITS POLE WILL MOVE
    sync dispatch order: LIFT_FIRST (back-to-back)   (vendor Blockly + bench_sync order)
    A frozen sync step waits up to 40 s for the arm event, then position-verifies, halts, and FAILS — let it finish.
====================================================================
current c api version:  emu-1.1.6
  [INFO] left: run mode = REAL
  [INFO] left: rm_clear_system_err ret=0 -> clean
  [INFO] left: error state clean
  [PASS] no latched controller errors  (no latched errors)
  starting in 3 ...
  starting in 2 ...
  starting in 1 ...
  pre-positioning pole(s) to full_length (0.29 m -> left=290 (1to1)) ...
  [INFO] left: pole at full length (0.29 s, event=True)
  [PASS] pole pre-positioned to full length

  step results (live):
  ────────────────────────────────────────────────────────────
  ('arm', 'ready')           ok=True  arm  0.01 s
  ('sync', ('zero', 'half')) ok=True  lift  0.55 s   arm  0.30 s   start-skew  -0.9 ms   finish-skew   +244 ms
  ('sync', ('ready', 'full')) ok=True  lift  0.52 s   arm  0.30 s   start-skew  -0.9 ms   finish-skew   +218 ms
  ('arm', 'rest')            ok=True  arm  0.19 s
  [PASS] all dispatches accepted
  [PASS] sequence completed
  [PASS] arrival via event for every device
  [INFO] sync ('zero', 'half')     arm-dur-est 3.00 s, matched lift 17%, start skew   -0.9 ms
  [INFO] sync ('ready', 'full')    arm-dur-est 3.00 s, matched lift 18%, start skew   -0.9 ms
  [PASS] sync dispatch gap  (max 0.9 ms between the two commands (budget 50 ms))
  [PASS] pole outlasts the arm move  (earliest margin +0.22 s)

  Summary: 7 PASS, 0 FAIL, 0 SKIP

  drill verdict: arm_first exit 1 (want nonzero), errors latched True (want True), blocked exit 1 (want nonzero), cleared exit 0 (want 0) -> OK

####################################################################
# C8 locked-pole drill  (fault injection)
####################################################################

-- drill A: pole locked, C8 must FAIL with the diagnosis --
====================================================================
C8  Pole-only diagnostic (lift acceptance + state dump)
    pole on arm=left @ 192.168.1.10   gearing=1to1 (hw max 330)
    ONLY THE POLE MOVES — arm and hand stay still
    mode: as-found  (select with --mode SIM|REAL)  [lift does NOT execute in SIM]
====================================================================
current c api version:  emu-1.1.6
  [INFO] left: run mode = REAL
  [PASS] connected  (handle id=19)
  [PASS] arm power  (ON)
    joint err_flag=[0, 0, 0, 0, 0, 0, 0]  brake_state=[0, 0, 0, 0, 0, 0, 0]
  [FAIL] controller/joint errors  (sys=['4103'] joints=[] — latched errors block motion; rerun with --clear-errors)
  [FAIL] lift state  (pos=290 hw-mm  current=0 mA  mode=0  err_flag=1 — LIFT DRIVER ERROR latched (stall/overcurrent?); try --clear-errors, then power cycle)
  [SKIP] rm_clear_system_err  (not requested (--clear-errors))
  starting in 3 ...
  starting in 2 ...
  starting in 1 ...
  D6 acceptance probe: command CURRENT position (290 hw-mm) — no physical motion
    hold-position: REJECTED ret=1
  [FAIL] lift acceptance probe  (the 20:38 signature — controller rejects/ignores lift commands)
  [DIAG] left: lift command REJECTED by the controller (set_state false) — state dump:
  [DIAG]   arm power: ON
  [DIAG]   controller err: 4103  <-- likely cause: clear via --clear-errors / Web GUI
  [DIAG]   joint err flags: clean   brake_state=[0, 0, 0, 0, 0, 0, 0]
  [DIAG]   lift state: pos=290 hw-mm  current=0 mA  mode=0  err_flag=1  <-- LIFT DRIVER ERROR latched (stall/overcurrent?)
  [DIAG] recovery ladder: (1) release/reset the physical e-stop, (2) clear errors (RM_ARM=left python3 test_pole_only.py --clear-errors), (3) check the Web GUI lift panel moves the pole, (4) power-cycle the arm.
  [SKIP] small stroke probe  (acceptance probe failed)
  [SKIP] home to full length  (earlier probe failed)

  Summary: 2 PASS, 3 FAIL, 3 SKIP

-- drill B: C8 --clear-errors must recover and pass --
====================================================================
C8  Pole-only diagnostic (lift acceptance + state dump)
    pole on arm=left @ 192.168.1.10   gearing=1to1 (hw max 330)
    ONLY THE POLE MOVES — arm and hand stay still
    --clear-errors: rm_clear_system_err will run before D6
    mode: as-found  (select with --mode SIM|REAL)  [lift does NOT execute in SIM]
====================================================================
current c api version:  emu-1.1.6
  [INFO] left: run mode = REAL
  [PASS] connected  (handle id=20)
  [PASS] arm power  (ON)
    joint err_flag=[0, 0, 0, 0, 0, 0, 0]  brake_state=[0, 0, 0, 0, 0, 0, 0]
  [PASS] controller/joint errors  (latched: sys=['4103'] joints=[] — clearing next)
  [PASS] lift state  (pos=290 hw-mm  current=0 mA  mode=0  err_flag=1 — driver error latched, clearing next)
  [PASS] rm_clear_system_err  (ret=0)
  starting in 3 ...
  starting in 2 ...
  starting in 1 ...
  D6 acceptance probe: command CURRENT position (290 hw-mm) — no physical motion
    hold-position: ret=0 arrived=True success=True (0.04 s)
  [PASS] lift acceptance probe  (controller accepts lift commands)
    stroke to 280: ret=0 arrived=True success=True (0.06 s)
    back to 290: ret=0 arrived=True success=True (0.06 s)
  [PASS] small stroke probe  (10 hw-mm there and back, events OK)
  pre-positioning pole(s) to full_length (0.29 m -> left=290 (1to1)) ...
  [INFO] left: pole at full length (0.04 s, event=True)
  [PASS] home to full length  (0.29 m -> 290 hw-mm)

  Summary: 8 PASS, 0 FAIL, 0 SKIP

  drill verdict: locked exit 1 (want nonzero), recover exit 0 (want 0) -> OK

====================================================================
Emulated suite summary
  C1 connect   exit 0  (OK)
  C8 pole diag exit 0  (OK)
  C5 sim probe exit 0  (OK)
  C7 hand only exit 0  (OK)
  C2 locked    exit 0  (OK)
  C9 single-locked exit 0  (OK)
  C3 chained   exit 0  (OK)
  C4 free      exit 0  (OK)
  C6 single-arm exit 0  (OK)
  C2 arm-only drill exit 0  (OK)
  C9 sync-order drill exit 0  (OK)
  C8 locked drill exit 0  (OK)
====================================================================
