t_mono,position1,position2,position3,position4,position5,position6,position7,speed1,speed2,speed3,speed4,speed5,speed6,speed7,current1,current2,current3,current4,current5,current6,current7,voltage1,voltage2,voltage3,voltage4,voltage5,voltage6,voltage7,temperature1,temperature2,temperature3,temperature4,temperature5,temperature6,temperature7,en1,en2,en3,en4,en5,en6,en7,err1,err2,err3,err4,err5,err6,err7,lift_height,lift_pos,lift_current,lift_err,lift_en,tcp_x,tcp_y,tcp_z,tcp_rx,tcp_ry,tcp_rz,arm_status
0.176549,-3.409000,-69.683998,7.336000,134.537003,32.048000,2.239000,150.589996,0.000000,0.000000,0.000000,0.000000,0.000000,0.000000,0.360000,-139.000000,-1345.000000,-2.000000,-1840.000000,94.000000,-166.000000,-77.000000,22.000000,22.000000,22.000000,22.000000,22.000000,22.000000,22.000000,31.000000,31.000000,32.000000,32.000000,32.000000,33.000000,33.000000,1,1,1,1,1,1,1,0,0,0,0,0,0,0,74,5376.204102,748,0,1,0.515164,0.031786,-0.323616,-3.117000,-0.400000,0.076000,0
0.186580,-3.411000,-69.683998,7.336000,134.535004,32.048000,2.241000,150.593994,0.000000,0.000000,0.000000,0.000000,0.000000,0.000000,0.000000,-133.000000,-1365.000000,-15.000000,-1888.000000,79.000000,-159.000000,-66.000000,22.000000,22.000000,22.000000,22.000000,22.000000,22.000000,22.000000,31.000000,31.000000,32.000000,32.000000,32.000000,33.000000,33.000000,1,1,1,1,1,1,1,0,0,0,0,0,0,0,74,5376.206055,747,0,1,0.515170,0.031788,-0.323615,-3.117000,-0.400000,0.076000,0
0.196604,-3.411000,-69.686996,7.334000,134.535004,32.048000,2.241000,150.593994,0.000000,0.000000,0.000000,0.000000,0.000000,0.000000,0.000000,-135.000000,-1362.000000,-20.000000,-1883.000000,67.000000,-155.000000,-63.000000,22.000000,22.000000,22.000000,22.000000,22.000000,22.000000,22.000000,31.000000,31.000000,32.000000,32.000000,32.000000,33.000000,33.000000,1,1,1,1,1,1,1,0,0,0,0,0,0,0,74,5376.203125,748,0,1,0.515186,0.031780,-0.323601,-3.117000,-0.400000,0.076000,0
0.206594,-3.412000,-69.686996,7.334000,134.535004,32.048000,2.242000,150.593002,0.000000,0.000000,0.000000,0.000000,0.000000,0.000000,0.000000,-134.000000,-1347.000000,12.000000,-1878.000000,66.000000,-154.000000,-75.000000,22.000000,22.000000,22.000000,22.000000,22.000000,22.000000,22.000000,31.000000,31.000000,32.000000,32.000000,32.000000,33.000000,33.000000,1,1,1,1,1,1,1,0,0,0,0,0,0,0,74,5376.204102,748,0,1,0.515178,0.031775,-0.323604,-3.117000,-0.400000,0.076000,0
0.216576,-3.412000,-69.685997,7.334000,134.528000,32.047001,2.244000,150.593002,0.000000,0.000000,0.000000,0.000000,0.000000,0.000000,0.000000,-142.000000,-1349.000000,-15.000000,-1857.000000,46.000000,-133.000000,-47.000000,22.000000,22.000000,22.000000,22.000000,22.000000,22.000000,22.000000,31.000000,31.000000,32.000000,32.000000,32.000000,33.000000,33.000000,1,1,1,1,1,1,1,0,0,0,0,0,0,0,74,5376.204102,749,0,1,0.515230,0.031785,-0.323590,-3.117000,-0.400000,0.076000,0
0.226535,-3.411000,-69.686996,7.336000,134.528000,32.044998,2.245000,150.593002,0.000000,0.000000,0.000000,0.000000,0.000000,0.000000,-0.120000,-138.000000,-1340.000000,25.000000,-1853.000000,34.000000,-131.000000,-33.000000,22.000000,22.000000,22.000000,22.000000,22.000000,22.000000,22.000000,31.000000,31.000000,32.000000,32.000000,32.000000,33.000000,33.000000,1,1,1,1,1,1,1,0,0,0,0,0,0,0,74,5376.204102,748,0,1,0.515228,0.031804,-0.323585,-3.117000,-0.400000,0.076000,0
0.236508,-3.411000,-69.686996,7.337000,134.526993,32.044998,2.246000,150.593994,0.000000,0.000000,0.000000,0.000000,0.000000,0.000000,0.000000,-141.000000,-1350.000000,-16.000000,-1879.000000,28.000000,-134.000000,-35.000000,22.000000,22.000000,22.000000,22.000000,22.000000,22.000000,22.000000,31.000000,31.000000,32.000000,32.000000,32.000000,33.000000,33.000000,1,1,1,1,1,1,1,0,0,0,0,0,0,0,74,5376.204102,748,0,1,0.515233,0.031820,-0.323582,-3.117000,-0.400000,0.076000,0
0.246621,-3.412000,-69.689003,7.337000,134.526001,32.044998,2.249000,150.593002,0.000000,0.000000,0.000000,0.000000,0.000000,0.120000,0.000000,-130.000000,-1344.000000,-6.000000,-1895.000000,17.000000,-139.000000,-29.000000,22.000000,22.000000,22.000000,22.000000,22.000000,22.000000,22.000000,31.000000,31.000000,32.000000,32.000000,32.000000,33.000000,33.000000,1,1,1,1,1,1,1,0,0,0,0,0,0,0,74,5376.204102,747,0,1,0.515237,0.031821,-0.323577,-3.117000,-0.400000,0.076000,0
0.256533,-3.414000,-69.686996,7.337000,134.526001,32.044998,2.250000,150.593994,0.000000,0.000000,0.000000,0.000000,0.000000,0.240000,-0.120000,-137.000000,-1336.000000,4.000000,-1884.000000,17.000000,-138.000000,-20.000000,22.000000,22.000000,22.000000,22.000000,22.000000,22.000000,22.000000,31.000000,31.000000,32.000000,32.000000,32.000000,33.000000,33.000000,1,1,1,1,1,1,1,0,0,0,0,0,0,0,74,5376.204102,748,0,1,0.515221,0.031818,-0.323586,-3.117000,-0.400000,0.076000,0
0.266550,-3.412000,-69.689003,7.336000,134.522995,32.047001,2.250000,150.593002,0.000000,0.000000,0.000000,0.000000,0.000000,0.000000,0.360000,-128.000000,-1345.000000,-16.000000,-1880.000000,5.000000,-135.000000,-16.000000,22.000000,22.000000,22.000000,22.000000,22.000000,22.000000,22.000000,31.000000,31.000000,32.000000,32.000000,32.000000,33.000000,33.000000,1,1,1,1,1,1,1,0,0,0,0,0,0,0,74,5376.204102,749,0,1,0.515257,0.031820,-0.323570,-3.117000,-0.400000,0.076000,0
0.276544,-3.412000,-69.689003,7.336000,134.522003,32.044998,2.252000,150.593002,0.000000,0.000000,0.000000,0.000000,0.000000,0.000000,0.000000,-114.000000,-1337.000000,2.000000,-1880.000000,1.000000,-120.000000,-15.000000,22.000000,22.000000,22.000000,22.000000,22.000000,22.000000,22.000000,31.000000,31.000000,32.000000,32.000000,32.000000,33.000000,33.000000,1,1,1,1,1,1,1,0,0,0,0,0,0,0,74,5376.204102,749,0,1,0.515262,0.031824,-0.323567,-3.117000,-0.400000,0.076000,0
0.286543,-3.412000,-69.689003,7.336000,134.518997,32.044998,2.253000,150.593994,0.000000,0.000000,0.000000,0.000000,0.000000,0.000000,0.000000,-119.000000,-1333.000000,-27.000000,-1873.000000,0.000000,-122.000000,-7.000000,22.000000,22.000000,22.000000,22.000000,22.000000,22.000000,22.000000,31.000000,31.000000,32.000000,32.000000,32.000000,33.000000,33.000000,1,1,1,1,1,1,1,0,0,0,0,0,0,0,74,5376.204102,749,0,1,0.515280,0.031833,-0.323560,-3.117000,-0.400000,0.076000,0
0.296542,-3.412000,-69.686996,7.336000,134.516998,32.044998,2.253000,150.589996,0.000000,0.000000,0.000000,0.000000,0.000000,0.000000,0.120000,-91.000000,-1336.000000,2.000000,-1888.000000,-12.000000,-130.000000,-6.000000,22.000000,22.000000,22.000000,22.000000,22.000000,22.000000,22.000000,31.000000,31.000000,32.000000,32.000000,32.000000,33.000000,33.000000,1,1,1,1,1,1,1,0,0,0,0,0,0,0,74,5376.204102,749,0,1,0.515288,0.031830,-0.323562,-3.117000,-0.400000,0.076000,0
0.306495,-3.409000,-69.690002,7.336000,134.516006,32.047001,2.253000,150.593002,0.000000,0.000000,0.000000,0.000000,0.000000,0.000000,0.000000,-96.000000,-1326.000000,1.000000,-1857.000000,-12.000000,-129.000000,-4.000000,22.000000,22.000000,22.000000,22.000000,22.000000,22.000000,22.000000,31.000000,31.000000,32.000000,32.000000,32.000000,33.000000,33.000000,1,1,1,1,1,1,1,0,0,0,0,0,0,0,74,5376.204102,750,0,1,0.515315,0.031853,-0.323543,-3.117000,-0.400000,0.076000,0
0.316502,-3.414000,-69.686996,7.334000,134.516006,32.047001,2.259000,150.593994,0.000000,0.000000,0.000000,0.000000,0.000000,0.000000,0.000000,-97.000000,-1333.000000,14.000000,-1867.000000,-13.000000,-121.000000,-2.000000,22.000000,22.000000,22.000000,22.000000,22.000000,22.000000,22.000000,31.000000,31.000000,32.000000,32.000000,32.000000,33.000000,33.000000,1,1,1,1,1,1,1,0,0,0,0,0,0,0,74,5376.204102,748,0,1,0.515268,0.031837,-0.323567,-3.117000,-0.400000,0.076000,0
0.326481,-3.411000,-69.689003,7.336000,134.513000,32.044998,2.260000,150.593002,0.000000,0.000000,0.000000,0.000000,0.000000,0.000000,0.360000,-96.000000,-1328.000000,-5.000000,-1889.000000,-24.000000,-113.000000,7.000000,22.000000,22.000000,22.000000,22.000000,22.000000,22.000000,22.000000,31.000000,31.000000,32.000000,32.000000,32.000000,33.000000,33.000000,1,1,1,1,1,1,1,0,0,0,0,0,0,0,74,5376.203125,747,0,1,0.515294,0.031865,-0.323552,-3.117000,-0.400000,0.076000,0
0.336498,-3.412000,-69.689003,7.336000,134.516998,32.041000,2.261000,150.593994,0.000000,0.000000,0.000000,0.000000,0.000000,0.000000,0.240000,-98.000000,-1325.000000,8.000000,-1863.000000,-37.000000,-118.000000,11.000000,22.000000,22.000000,22.000000,22.000000,22.000000,22.000000,22.000000,31.000000,31.000000,32.000000,32.000000,32.000000,33.000000,33.000000,1,1,1,1,1,1,1,0,0,0,0,0,0,0,74,5376.203125,747,0,1,0.515246,0.031852,-0.323568,-3.117000,-0.400000,0.076000,0
0.346786,-3.412000,-69.686996,7.336000,134.513000,32.043999,2.261000,150.591995,0.000000,0.000000,0.120000,0.000000,0.000000,0.000000,0.240000,-77.000000,-1328.000000,-7.000000,-1853.000000,-39.000000,-107.000000,19.000000,22.000000,22.000000,22.000000,22.000000,22.000000,22.000000,22.000000,31.000000,31.000000,32.000000,32.000000,32.000000,33.000000,33.000000,1,1,1,1,1,1,1,0,0,0,0,0,0,0,74,5376.202148,749,0,1,0.515279,0.031858,-0.323561,-3.117000,-0.400000,0.076000,0
0.357466,-3.414000,-69.689003,7.334000,134.511993,32.043999,2.263000,150.593994,0.000000,0.000000,0.000000,0.000000,0.000000,0.000000,0.000000,-75.000000,-1323.000000,-14.000000,-1834.000000,-47.000000,-101.000000,9.000000,22.000000,22.000000,22.000000,22.000000,22.000000,22.000000,22.000000,31.000000,31.000000,32.000000,32.000000,32.000000,33.000000,33.000000,1,1,1,1,1,1,1,0,0,0,0,0,0,0,74,5376.204102,749,0,1,0.515292,0.031851,-0.323553,-3.117000,-0.400000,0.076000,0
0.367407,-3.414000,-69.690002,7.336000,134.513000,32.043999,2.264000,150.589996,0.000000,0.000000,0.000000,0.000000,0.000000,0.000000,0.000000,-79.000000,-1321.000000,-7.000000,-1854.000000,-61.000000,-102.000000,34.000000,22.000000,22.000000,22.000000,22.000000,22.000000,22.000000,22.000000,31.000000,31.000000,32.000000,32.000000,32.000000,33.000000,33.000000,1,1,1,1,1,1,1,0,0,0,0,0,0,0,74,5376.203125,748,0,1,0.515278,0.031858,-0.323553,-3.117000,-0.400000,0.076000,0
0.377483,-3.414000,-69.686996,7.336000,134.513000,32.042999,2.270000,150.591995,0.000000,0.000000,0.000000,0.000000,0.000000,0.000000,0.120000,-63.000000,-1318.000000,-18.000000,-1840.000000,-69.000000,-100.000000,23.000000,22.000000,22.000000,22.000000,22.000000,22.000000,22.000000,22.000000,31.000000,31.000000,32.000000,32.000000,32.000000,33.000000,33.000000,1,1,1,1,1,1,1,0,0,0,0,0,0,0,74,5376.204102,749,0,1,0.515230,0.031872,-0.323574,-3.117000,-0.400000,0.076000,0
0.387445,-3.412000,-69.689003,7.337000,134.511993,32.042999,2.270000,150.589996,0.000000,0.000000,0.000000,0.000000,0.000000,0.000000,0.000000,-50.000000,-1309.000000,-9.000000,-1853.000000,-78.000000,-109.000000,44.000000,22.000000,22.000000,22.000000,22.000000,22.000000,22.000000,22.000000,31.000000,31.000000,32.000000,32.000000,32.000000,33.000000,33.000000,1,1,1,1,1,1,1,0,0,0,0,0,0,0,74,5376.204102,749,0,1,0.515250,0.031889,-0.323562,-3.117000,-0.400000,0.076000,0
0.397528,-3.412000,-69.686996,7.334000,134.513000,32.043999,2.270000,150.591995,0.000000,0.000000,0.000000,0.000000,0.000000,0.000000,0.000000,-21.000000,-1308.000000,-11.000000,-1824.000000,-75.000000,-107.000000,43.000000,22.000000,22.000000,22.000000,22.000000,22.000000,22.000000,22.000000,31.000000,31.000000,32.000000,32.000000,32.000000,33.000000,33.000000,1,1,1,1,1,1,1,0,0,0,0,0,0,0,74,5376.203125,748,0,1,0.515231,0.031873,-0.323573,-3.117000,-0.400000,0.076000,0
0.407497,-3.412000,-69.689003,7.336000,134.513000,32.042999,2.272000,150.593002,0.000000,0.000000,0.000000,0.000000,0.000000,0.000000,0.000000,-37.000000,-1314.000000,1.000000,-1831.000000,-66.000000,-129.000000,23.000000,22.000000,22.000000,22.000000,22.000000,22.000000,22.000000,22.000000,31.000000,31.000000,32.000000,32.000000,32.000000,33.000000,33.000000,1,1,1,1,1,1,1,0,0,0,0,0,0,0,74,5376.202148,747,0,1,0.515221,0.031889,-0.323571,-3.117000,-0.400000,0.076000,0
0.417494,-3.411000,-69.689003,7.337000,134.511993,32.042999,2.274000,150.593002,0.000000,0.000000,0.000000,0.000000,0.000000,0.000000,0.000000,-40.000000,-1308.000000,-30.000000,-1839.000000,-69.000000,-129.000000,14.000000,22.000000,22.000000,22.000000,22.000000,22.000000,22.000000,22.000000,31.000000,31.000000,32.000000,32.000000,32.000000,33.000000,33.000000,1,1,1,1,1,1,1,0,0,0,0,0,0,0,74,5376.203125,750,0,1,0.515225,0.031911,-0.323568,-3.117000,-0.400000,0.076000,0
0.427455,-3.411000,-69.685997,7.336000,134.513000,32.042999,2.274000,150.591995,0.000000,0.120000,0.000000,0.000000,0.000000,0.000000,0.120000,-38.000000,-1307.000000,-9.000000,-1844.000000,-63.000000,-124.000000,27.000000,22.000000,22.000000,22.000000,22.000000,22.000000,22.000000,22.000000,31.000000,31.000000,32.000000,32.000000,32.000000,33.000000,33.000000,1,1,1,1,1,1,1,0,0,0,0,0,0,0,74,5376.203125,750,0,1,0.515198,0.031898,-0.323585,-3.117000,-0.400000,0.076000,0
0.437460,-3.412000,-69.686996,7.336000,134.511993,32.042999,2.275000,150.595993,0.000000,0.000000,0.000000,0.000000,0.000000,0.000000,0.000000,-36.000000,-1314.000000,-26.000000,-1839.000000,-69.000000,-118.000000,25.000000,22.000000,22.000000,22.000000,22.000000,22.000000,22.000000,22.000000,31.000000,31.000000,32.000000,32.000000,32.000000,33.000000,33.000000,1,1,1,1,1,1,1,0,0,0,0,0,0,0,74,5376.203125,749,0,1,0.515210,0.031901,-0.323577,-3.117000,-0.400000,0.076000,0
0.447570,-3.412000,-69.690002,7.337000,134.513000,32.042999,2.275000,150.593994,0.000000,0.000000,0.000000,0.000000,0.000000,0.000000,0.000000,-35.000000,-1313.000000,0.000000,-1826.000000,-69.000000,-117.000000,27.000000,22.000000,22.000000,22.000000,22.000000,22.000000,22.000000,22.000000,31.000000,31.000000,32.000000,32.000000,32.000000,33.000000,33.000000,1,1,1,1,1,1,1,0,0,0,0,0,0,0,74,5376.202148,749,0,1,0.515211,0.031907,-0.323568,-3.117000,-0.400000,0.076000,0
0.457464,-3.412000,-69.686996,7.337000,134.511002,32.042999,2.275000,150.591995,0.000000,0.000000,0.000000,0.000000,0.000000,0.000000,0.000000,-48.000000,-1267.000000,-115.000000,-1765.000000,-71.000000,-161.000000,18.000000,22.000000,22.000000,22.000000,22.000000,22.000000,22.000000,22.000000,31.000000,31.000000,32.000000,32.000000,32.000000,33.000000,33.000000,1,1,1,1,1,1,1,0,0,0,0,0,0,0,74,5376.203125,749,0,1,0.515223,0.031907,-0.323572,-3.117000,-0.400000,0.076000,1
0.467464,-3.412000,-69.686996,7.333000,134.514999,32.041000,2.275000,150.593994,0.840000,0.120000,-1.920000,0.120000,-0.840000,0.000000,-0.720000,486.000000,-1257.000000,-829.000000,-1658.000000,-235.000000,-199.000000,-190.000000,22.000000,22.000000,22.000000,22.000000,22.000000,22.000000,22.000000,31.000000,31.000000,32.000000,32.000000,32.000000,33.000000,33.000000,1,1,1,1,1,1,1,0,0,0,0,0,0,0,74,5376.202148,749,0,1,0.515186,0.031877,-0.323586,-3.117000,-0.400000,0.076000,1
0.478003,-3.383000,-69.689003,7.305000,134.513000,32.036999,2.275000,150.582001,6.120000,0.000000,-8.880000,0.120000,-4.440000,0.000000,-5.030000,1712.000000,-1056.000000,-1943.000000,-1230.000000,-445.000000,-305.000000,-623.000000,22.000000,22.000000,22.000000,22.000000,22.000000,22.000000,22.000000,31.000000,31.000000,32.000000,32.000000,32.000000,33.000000,33.000000,1,1,1,1,1,1,1,0,0,0,0,0,0,0,74,5376.202148,747,0,1,0.515232,0.031848,-0.323556,-3.117000,-0.400000,0.076000,1
0.487465,-3.279000,-69.683998,7.175000,134.513000,32.021999,2.282000,150.509003,12.240000,0.120000,-16.200001,0.360000,-8.160000,0.000000,-9.350000,2003.000000,-843.000000,-2113.000000,-755.000000,-462.000000,-459.000000,-767.000000,22.000000,22.000000,22.000000,22.000000,22.000000,22.000000,22.000000,31.000000,31.000000,32.000000,32.000000,32.000000,33.000000,33.000000,1,1,1,1,1,1,1,0,0,0,0,0,0,0,74,5376.199219,749,0,1,0.515292,0.031527,-0.323518,-3.116000,-0.400000,0.075000,1
0.497468,-3.068000,-69.685997,6.951000,134.513000,31.952999,2.282000,150.423996,17.879999,0.240000,-22.080000,1.080000,-9.840000,0.000000,-12.120000,1707.000000,-629.000000,-2134.000000,-368.000000,-785.000000,-535.000000,-873.000000,22.000000,22.000000,22.000000,22.000000,22.000000,22.000000,22.000000,31.000000,31.000000,32.000000,32.000000,32.000000,33.000000,33.000000,1,1,1,1,1,1,1,0,0,0,0,0,0,0,74,5376.196777,747,0,1,0.515503,0.031115,-0.323380,-3.115000,-0.401000,0.073000,1
0.507349,-2.988000,-69.683998,6.861000,134.516006,31.878000,2.285000,150.320007,19.559999,0.360000,-24.480000,1.200000,-11.760000,-0.240000,-13.320000,1645.000000,-543.000000,-2115.000000,-315.000000,-723.000000,-609.000000,-710.000000,22.000000,22.000000,22.000000,22.000000,22.000000,22.000000,22.000000,31.000000,31.000000,32.000000,32.000000,32.000000,33.000000,33.000000,1,1,1,1,1,1,1,0,0,0,0,0,0,0,74,5376.198242,747,0,1,0.515549,0.030795,-0.323351,-3.115000,-0.401000,0.075000,1
0.517509,-2.719000,-69.680000,6.530000,134.533997,31.725000,2.281000,150.214996,22.920000,0.600000,-30.600000,1.800000,-13.080000,-0.360000,-13.320000,1329.000000,-504.000000,-1529.000000,-132.000000,-594.000000,-646.000000,-754.000000,22.000000,22.000000,22.000000,22.000000,22.000000,22.000000,22.000000,31.000000,31.000000,32.000000,32.000000,32.000000,33.000000,33.000000,1,1,1,1,1,1,1,0,0,0,0,0,0,0,74,5376.202148,749,0,1,0.515660,0.029865,-0.323266,-3.114000,-0.401000,0.073000,1
0.527492,-2.437000,-69.676003,6.140000,134.559006,31.617001,2.272000,150.022003,24.240000,0.720000,-31.430000,2.280000,-14.760000,-0.600000,-16.440001,1504.000000,-464.000000,-953.000000,-166.000000,-729.000000,-643.000000,-692.000000,22.000000,22.000000,22.000000,22.000000,22.000000,22.000000,22.000000,31.000000,31.000000,32.000000,32.000000,32.000000,33.000000,33.000000,1,1,1,1,1,1,1,0,0,0,0,0,0,0,74,5376.204102,749,0,1,0.515770,0.028572,-0.323198,-3.114000,-0.401000,0.071000,1
0.537613,-2.244000,-69.667999,5.873000,134.576996,31.436001,2.260000,149.824997,24.120001,0.720000,-31.680000,2.040000,-14.760000,-0.720000,-17.760000,1036.000000,-443.000000,-575.000000,-102.000000,-784.000000,-640.000000,-668.000000,22.000000,22.000000,22.000000,22.000000,22.000000,22.000000,22.000000,31.000000,31.000000,32.000000,32.000000,32.000000,33.000000,33.000000,1,1,1,1,1,1,1,0,0,0,0,0,0,0,74,5376.204102,747,0,1,0.515852,0.027487,-0.323177,-3.115000,-0.401000,0.074000,1
0.547524,-1.950000,-69.660004,5.498000,134.600998,31.257999,2.253000,149.695007,24.480000,0.720000,-30.240000,2.040000,-14.760000,-0.480000,-16.799999,987.000000,-418.000000,-756.000000,-3.000000,-651.000000,-648.000000,-701.000000,22.000000,22.000000,22.000000,22.000000,22.000000,22.000000,22.000000,31.000000,31.000000,32.000000,32.000000,32.000000,33.000000,33.000000,1,1,1,1,1,1,1,0,0,0,0,0,0,0,74,5376.203125,750,0,1,0.515882,0.026343,-0.323147,-3.114000,-0.401000,0.072000,1
0.557439,-1.656000,-69.649002,5.258000,134.619003,31.132999,2.252000,149.488998,25.200001,0.600000,-30.480000,2.400000,-14.040000,-0.240000,-15.120000,680.000000,-404.000000,-693.000000,-16.000000,-785.000000,-707.000000,-694.000000,22.000000,22.000000,22.000000,22.000000,22.000000,22.000000,22.000000,31.000000,31.000000,32.000000,32.000000,32.000000,33.000000,33.000000,1,1,1,1,1,1,1,0,0,0,0,0,0,0,74,5376.200195,748,0,1,0.515846,0.026083,-0.323123,-3.113000,-0.401000,0.073000,1
0.567478,-1.454000,-69.647003,4.882000,134.647995,30.954000,2.250000,149.294006,24.000000,0.480000,-30.240000,2.160000,-15.240000,0.000000,-14.400000,814.000000,-382.000000,-720.000000,-193.000000,-736.000000,-744.000000,-686.000000,22.000000,22.000000,22.000000,22.000000,22.000000,22.000000,22.000000,31.000000,31.000000,32.000000,32.000000,32.000000,33.000000,33.000000,1,1,1,1,1,1,1,0,0,0,0,0,0,0,74,5376.200195,748,0,1,0.515825,0.024364,-0.323142,-3.115000,-0.401000,0.073000,1
0.577406,-1.161000,-69.640999,4.509000,134.677002,30.823000,2.248000,149.171997,24.120001,0.480000,-29.639999,2.160000,-14.760000,-0.120000,-16.559999,914.000000,-342.000000,-826.000000,-209.000000,-556.000000,-756.000000,-535.000000,22.000000,22.000000,22.000000,22.000000,22.000000,22.000000,22.000000,31.000000,31.000000,32.000000,32.000000,32.000000,33.000000,33.000000,1,1,1,1,1,1,1,0,0,0,0,0,0,0,74,5376.202148,748,0,1,0.515744,0.023307,-0.323157,-3.113000,-0.401000,0.071000,1
0.587411,-0.972000,-69.636002,4.265000,134.695007,30.646000,2.242000,148.970993,24.240000,0.240000,-30.719999,2.160000,-14.280000,-0.240000,-17.639999,1081.000000,-349.000000,-826.000000,-300.000000,-852.000000,-734.000000,-698.000000,22.000000,22.000000,22.000000,22.000000,22.000000,22.000000,22.000000,31.000000,31.000000,32.000000,32.000000,32.000000,33.000000,33.000000,1,1,1,1,1,1,1,0,0,0,0,0,0,0,74,5376.203125,748,0,1,0.515745,0.022368,-0.323163,-3.114000,-0.401000,0.073000,1
0.597438,-0.780000,-69.634003,4.008000,134.710999,30.580000,2.239000,148.908005,23.040001,0.240000,-30.600000,1.920000,-13.920000,-0.360000,-17.639999,1053.000000,-342.000000,-450.000000,-270.000000,-820.000000,-715.000000,-687.000000,22.000000,22.000000,22.000000,22.000000,21.000000,22.000000,22.000000,31.000000,31.000000,32.000000,32.000000,32.000000,33.000000,33.000000,1,1,1,1,1,1,1,0,0,0,0,0,0,0,74,5376.203125,749,0,1,0.515714,0.021635,-0.323168,-3.113000,-0.401000,0.071000,1
0.607407,-0.583000,-69.632004,3.747000,134.725006,30.386000,2.237000,148.710007,23.639999,0.240000,-31.799999,1.680000,-15.710000,-0.120000,-18.709999,1022.000000,-335.000000,-702.000000,-227.000000,-576.000000,-719.000000,-614.000000,22.000000,22.000000,22.000000,22.000000,21.000000,22.000000,22.000000,31.000000,31.000000,32.000000,32.000000,32.000000,33.000000,33.000000,1,1,1,1,1,1,1,0,0,0,0,0,0,0,74,5376.204102,749,0,1,0.515747,0.020623,-0.323161,-3.115000,-0.401000,0.073000,1
0.617545,-0.311000,-69.627998,3.344000,134.746994,30.216999,2.234000,148.570007,23.520000,0.000000,-30.480000,1.320000,-15.000000,0.000000,-18.240000,984.000000,-329.000000,-522.000000,-189.000000,-787.000000,-702.000000,-580.000000,22.000000,22.000000,22.000000,22.000000,21.000000,22.000000,22.000000,31.000000,31.000000,32.000000,32.000000,32.000000,33.000000,33.000000,1,1,1,1,1,1,1,0,0,0,0,0,0,0,74,5376.204102,749,0,1,0.515712,0.019194,-0.323187,-3.114000,-0.401000,0.071000,1
0.628687,-0.037000,-69.629997,2.951000,134.763000,30.108000,2.231000,148.365997,23.400000,0.000000,-31.200001,1.080000,-14.280000,0.000000,-18.360001,842.000000,-304.000000,-899.000000,-140.000000,-884.000000,-689.000000,-567.000000,22.000000,22.000000,22.000000,22.000000,21.000000,22.000000,22.000000,31.000000,31.000000,32.000000,32.000000,32.000000,33.000000,33.000000,1,1,1,1,1,1,1,0,0,0,0,0,0,0,74,5376.204102,748,0,1,0.515746,0.017864,-0.323176,-3.114000,-0.401000,0.070000,1
0.637396,0.162000,-69.626999,2.684000,134.772003,29.917999,2.227000,148.151001,23.879999,0.000000,-30.360001,0.960000,-16.080000,0.000000,-17.760000,839.000000,-344.000000,-509.000000,-73.000000,-474.000000,-638.000000,-599.000000,22.000000,22.000000,22.000000,22.000000,21.000000,22.000000,22.000000,31.000000,31.000000,32.000000,32.000000,32.000000,33.000000,33.000000,1,1,1,1,1,1,1,0,0,0,0,0,0,0,74,5376.204102,748,0,1,0.515802,0.016822,-0.323177,-3.115000,-0.401000,0.072000,1
0.647459,0.439000,-69.625000,2.297000,134.787003,29.794001,2.227000,148.013000,24.240000,0.000000,-32.040001,0.840000,-15.360000,0.000000,-15.120000,1079.000000,-451.000000,-395.000000,-65.000000,-715.000000,-570.000000,-558.000000,22.000000,22.000000,22.000000,22.000000,21.000000,22.000000,22.000000,31.000000,31.000000,32.000000,32.000000,32.000000,33.000000,33.000000,1,1,1,1,1,1,1,0,0,0,0,0,0,0,74,5376.203125,748,0,1,0.515775,0.015600,-0.323199,-3.115000,-0.401000,0.070000,1
0.657461,0.615000,-69.625000,2.044000,134.794006,29.620001,2.228000,147.804001,22.920000,0.000000,-30.240000,0.840000,-15.480000,0.000000,-15.840000,967.000000,-552.000000,-859.000000,-51.000000,-603.000000,-465.000000,-528.000000,22.000000,22.000000,22.000000,22.000000,21.000000,22.000000,22.000000,31.000000,31.000000,32.000000,32.000000,32.000000,33.000000,33.000000,1,1,1,1,1,1,1,0,0,0,0,0,0,0,74,5376.204102,749,0,1,0.515801,0.014556,-0.323208,-3.116000,-0.401000,0.072000,1
0.667669,0.902000,-69.623001,1.683000,134.802002,29.502001,2.227000,147.658005,22.440001,0.000000,-29.879999,0.600000,-15.960000,0.000000,-16.920000,883.000000,-753.000000,-559.000000,-1.000000,-472.000000,-369.000000,-497.000000,22.000000,22.000000,22.000000,22.000000,21.000000,22.000000,22.000000,31.000000,31.000000,32.000000,32.000000,32.000000,33.000000,33.000000,1,1,1,1,1,1,1,0,0,0,0,0,0,0,74,5376.207031,748,0,1,0.515807,0.013557,-0.323226,-3.115000,-0.401000,0.070000,1
0.677427,1.175000,-69.626999,1.358000,134.809998,29.323000,2.231000,147.457001,22.559999,-0.120000,-30.600000,0.360000,-14.880000,0.240000,-15.710000,1126.000000,-946.000000,-585.000000,13.000000,-667.000000,-249.000000,-578.000000,22.000000,22.000000,22.000000,22.000000,21.000000,22.000000,22.000000,31.000000,31.000000,32.000000,32.000000,32.000000,33.000000,33.000000,1,1,1,1,1,1,1,0,0,0,0,0,0,0,74,5376.204102,747,0,1,0.515815,0.012603,-0.323226,-3.115000,-0.401000,0.071000,1
0.687551,1.365000,-69.629997,1.141000,134.813995,29.143999,2.234000,147.255005,22.440001,-0.360000,-31.080000,0.360000,-15.840000,0.480000,-16.440001,811.000000,-1067.000000,-674.000000,32.000000,-479.000000,-161.000000,-544.000000,22.000000,22.000000,22.000000,22.000000,21.000000,22.000000,22.000000,31.000000,31.000000,32.000000,32.000000,32.000000,33.000000,33.000000,1,1,1,1,1,1,1,0,0,0,0,0,0,0,74,5376.203125,749,0,1,0.515843,0.011874,-0.323225,-3.115000,-0.401000,0.074000,1
0.697621,1.630000,-69.635002,0.793000,134.820007,29.010000,2.239000,147.123001,22.080000,-0.720000,-29.760000,0.240000,-14.760000,0.840000,-16.680000,625.000000,-1124.000000,-609.000000,34.000000,-430.000000,-137.000000,-470.000000,22.000000,22.000000,22.000000,22.000000,21.000000,22.000000,22.000000,31.000000,31.000000,32.000000,32.000000,32.000000,33.000000,33.000000,1,1,1,1,1,1,1,0,0,0,0,0,0,0,74,5376.203125,748,0,1,0.515840,0.010858,-0.323235,-3.115000,-0.401000,0.072000,1
0.707502,1.722000,-69.636002,0.681000,134.817993,28.892000,2.246000,146.990005,23.639999,-0.720000,-30.959999,0.000000,-15.120000,0.840000,-16.680000,736.000000,-1146.000000,-880.000000,54.000000,-591.000000,-130.000000,-457.000000,22.000000,22.000000,22.000000,22.000000,21.000000,22.000000,22.000000,31.000000,31.000000,32.000000,32.000000,32.000000,33.000000,33.000000,1,1,1,1,1,1,1,0,0,0,0,0,0,0,74,5376.202148,748,0,1,0.515859,0.010405,-0.323237,-3.116000,-0.401000,0.075000,1
0.717591,1.995000,-69.644997,0.317000,134.820999,28.708000,2.260000,146.850006,23.160000,-0.720000,-30.600000,0.120000,-15.960000,1.320000,-17.280001,485.000000,-1258.000000,-1121.000000,58.000000,-516.000000,-105.000000,-461.000000,22.000000,22.000000,22.000000,22.000000,21.000000,22.000000,22.000000,31.000000,31.000000,32.000000,32.000000,32.000000,33.000000,33.000000,1,1,1,1,1,1,1,0,0,0,0,0,0,0,74,5376.202148,747,0,1,0.515836,0.009287,-0.323253,-3.115000,-0.401000,0.074000,1
0.727524,2.180000,-69.650002,0.061000,134.824005,28.577999,2.270000,146.645004,22.680000,-0.840000,-31.680000,0.000000,-14.760000,1.440000,-18.120001,548.000000,-1349.000000,-888.000000,21.000000,-488.000000,-68.000000,-447.000000,22.000000,22.000000,22.000000,22.000000,21.000000,22.000000,22.000000,31.000000,31.000000,32.000000,32.000000,32.000000,33.000000,33.000000,1,1,1,1,1,1,1,0,0,0,0,0,0,0,74,5376.202148,749,0,1,0.515821,0.008364,-0.323273,-3.116000,-0.401000,0.075000,1
0.737571,2.454000,-69.663002,-0.320000,134.826004,28.393999,2.285000,146.464005,22.680000,-1.080000,-32.040001,0.000000,-14.520000,1.680000,-17.150000,603.000000,-1429.000000,-612.000000,-173.000000,-585.000000,16.000000,-502.000000,22.000000,22.000000,22.000000,22.000000,21.000000,22.000000,22.000000,31.000000,31.000000,32.000000,32.000000,32.000000,33.000000,33.000000,1,1,1,1,1,1,1,0,0,0,0,0,0,0,74,5376.203125,749,0,1,0.515793,0.007096,-0.323292,-3.116000,-0.401000,0.075000,1
0.747439,2.721000,-69.679001,-0.710000,134.824997,28.271999,2.300000,146.335007,21.719999,-1.200000,-31.309999,0.000000,-15.480000,1.800000,-17.520000,694.000000,-1464.000000,-890.000000,-394.000000,-610.000000,-2.000000,-527.000000,22.000000,22.000000,22.000000,22.000000,21.000000,22.000000,22.000000,31.000000,31.000000,32.000000,32.000000,32.000000,33.000000,33.000000,1,1,1,1,1,1,1,0,0,0,0,0,0,0,74,5376.203125,749,0,1,0.515795,0.005866,-0.323293,-3.115000,-0.401000,0.072000,1
0.757453,2.908000,-69.689003,-0.988000,134.826004,28.082001,2.322000,146.134995,21.719999,-1.440000,-31.200001,0.000000,-14.640000,1.920000,-16.200001,977.000000,-1517.000000,-794.000000,-612.000000,-513.000000,27.000000,-596.000000,22.000000,22.000000,22.000000,22.000000,21.000000,22.000000,22.000000,31.000000,31.000000,32.000000,32.000000,32.000000,33.000000,33.000000,1,1,1,1,1,1,1,0,0,0,0,0,0,0,74,5376.203125,748,0,1,0.515713,0.004777,-0.323333,-3.116000,-0.401000,0.074000,1
0.767373,3.165000,-69.704002,-1.366000,134.824997,27.971001,2.338000,146.003998,22.559999,-1.320000,-29.879999,0.000000,-15.120000,2.160000,-15.960000,609.000000,-1588.000000,-560.000000,-930.000000,-582.000000,97.000000,-539.000000,22.000000,22.000000,22.000000,22.000000,21.000000,22.000000,22.000000,31.000000,31.000000,32.000000,32.000000,32.000000,33.000000,33.000000,1,1,1,1,1,1,1,0,0,0,0,0,0,0,74,5376.203125,753,0,1,0.515670,0.003581,-0.323359,-3.116000,-0.401000,0.072000,1
0.777413,3.435000,-69.725998,-1.750000,134.826004,27.788000,2.367000,145.791000,21.600000,-1.680000,-31.430000,-0.360000,-14.400000,2.510000,-15.120000,706.000000,-1569.000000,-633.000000,-1174.000000,-453.000000,46.000000,-462.000000,22.000000,22.000000,22.000000,22.000000,21.000000,22.000000,22.000000,31.000000,31.000000,32.000000,32.000000,32.000000,33.000000,33.000000,1,1,1,1,1,1,1,0,0,0,0,0,0,0,74,5376.204102,749,0,1,0.515570,0.002299,-0.323388,-3.116000,-0.401000,0.072000,1
0.787367,3.617000,-69.741997,-2.016000,134.824005,27.596001,2.395000,145.578995,22.320000,-1.920000,-31.309999,-0.600000,-15.000000,2.400000,-16.200001,771.000000,-1478.000000,-730.000000,-1387.000000,-497.000000,95.000000,-464.000000,22.000000,22.000000,22.000000,22.000000,21.000000,22.000000,22.000000,31.000000,31.000000,32.000000,32.000000,32.000000,33.000000,33.000000,1,1,1,1,1,1,1,0,0,0,0,0,0,0,74,5376.204102,750,0,1,0.515508,0.001269,-0.323407,-3.117000,-0.401000,0.075000,1
0.797496,3.887000,-69.764000,-2.421000,134.817001,27.476000,2.415000,145.457001,21.719999,-1.800000,-29.520000,-0.840000,-13.800000,2.400000,-17.520000,463.000000,-1508.000000,-872.000000,-1509.000000,-634.000000,144.000000,-531.000000,22.000000,22.000000,22.000000,22.000000,21.000000,22.000000,22.000000,31.000000,31.000000,32.000000,32.000000,32.000000,33.000000,33.000000,1,1,1,1,1,1,1,0,0,0,0,0,0,0,74,5376.203125,747,0,1,0.515477,-0.000014,-0.323425,-3.116000,-0.401000,0.072000,1
0.807361,4.075000,-69.785004,-2.682000,134.809006,27.309000,2.440000,145.264999,21.840000,-1.920000,-30.719999,-1.080000,-15.840000,2.160000,-17.520000,618.000000,-1418.000000,-204.000000,-1574.000000,-479.000000,260.000000,-605.000000,22.000000,22.000000,22.000000,22.000000,21.000000,22.000000,22.000000,31.000000,31.000000,32.000000,32.000000,32.000000,33.000000,33.000000,1,1,1,1,1,1,1,0,0,0,0,0,0,0,74,5376.204102,748,0,1,0.515483,-0.000944,-0.323414,-3.117000,-0.401000,0.073000,1
0.817394,4.255000,-69.801003,-2.933000,134.804993,27.246000,2.450000,145.195999,22.080000,-2.040000,-32.040001,-1.320000,-15.240000,2.160000,-16.680000,821.000000,-1413.000000,-510.000000,-1782.000000,-314.000000,309.000000,-608.000000,22.000000,22.000000,22.000000,22.000000,21.000000,22.000000,22.000000,31.000000,31.000000,32.000000,32.000000,32.000000,33.000000,33.000000,1,1,1,1,1,1,1,0,0,0,0,0,0,0,74,5376.204102,749,0,1,0.515476,-0.001663,-0.323419,-3.116000,-0.401000,0.071000,1
0.827352,4.529000,-69.825996,-3.295000,134.789001,27.080999,2.478000,145.003998,21.240000,-1.920000,-30.360001,-1.440000,-12.960000,2.510000,-14.880000,806.000000,-1529.000000,-488.000000,-1857.000000,-605.000000,390.000000,-637.000000,22.000000,22.000000,22.000000,22.000000,21.000000,22.000000,22.000000,31.000000,31.000000,32.000000,32.000000,32.000000,33.000000,33.000000,1,1,1,1,1,1,1,0,0,0,0,0,0,0,74,5376.206055,748,0,1,0.515487,-0.002756,-0.323420,-3.116000,-0.401000,0.071000,1
0.837362,4.691000,-69.841003,-3.522000,134.776993,26.909000,2.514000,144.802002,21.360001,-1.920000,-29.160000,-1.560000,-15.360000,3.240000,-14.520000,942.000000,-1567.000000,-484.000000,-1997.000000,-590.000000,310.000000,-633.000000,22.000000,22.000000,22.000000,22.000000,21.000000,22.000000,22.000000,31.000000,31.000000,32.000000,32.000000,32.000000,33.000000,33.000000,1,1,1,1,1,1,1,0,0,0,0,0,0,0,74,5376.204102,744,0,1,0.515431,-0.003590,-0.323443,-3.117000,-0.401000,0.074000,1
0.847418,4.946000,-69.866997,-3.874000,134.753998,26.784000,2.544000,144.675995,21.600000,-2.160000,-31.920000,-1.800000,-13.680000,3.480000,-16.200001,510.000000,-1713.000000,-743.000000,-1924.000000,-548.000000,304.000000,-534.000000,22.000000,22.000000,22.000000,22.000000,21.000000,22.000000,22.000000,31.000000,31.000000,32.000000,32.000000,32.000000,33.000000,33.000000,1,1,1,1,1,1,1,0,0,0,0,0,0,0,74,5376.203125,748,0,1,0.515488,-0.004605,-0.323426,-3.116000,-0.401000,0.072000,1
0.857352,5.203000,-69.894997,-4.233000,134.731995,26.613001,2.588000,144.485992,21.480000,-2.280000,-29.879999,-1.800000,-14.150000,4.320000,-17.150000,458.000000,-1691.000000,-667.000000,-2014.000000,-776.000000,203.000000,-617.000000,22.000000,22.000000,22.000000,22.000000,21.000000,22.000000,22.000000,31.000000,31.000000,32.000000,32.000000,32.000000,33.000000,33.000000,1,1,1,1,1,1,1,0,0,0,0,0,0,0,74,5376.203125,751,0,1,0.515456,-0.005734,-0.323439,-3.116000,-0.401000,0.072000,1
0.867382,5.383000,-69.914001,-4.479000,134.714005,26.433001,2.640000,144.289993,21.360001,-2.400000,-30.600000,-1.800000,-14.400000,4.440000,-18.709999,476.000000,-1672.000000,-575.000000,-2154.000000,-665.000000,118.000000,-571.000000,22.000000,22.000000,22.000000,22.000000,21.000000,22.000000,22.000000,31.000000,31.000000,32.000000,32.000000,32.000000,33.000000,33.000000,1,1,1,1,1,1,1,0,0,0,0,0,0,0,74,5376.204102,748,0,1,0.515349,-0.006546,-0.323472,-3.116000,-0.401000,0.074000,1
0.877293,5.640000,-69.955002,-4.835000,134.692993,26.305000,2.683000,144.143997,21.360001,-2.880000,-31.200001,-2.280000,-13.440000,4.320000,-17.760000,452.000000,-1498.000000,-636.000000,-2249.000000,-584.000000,125.000000,-531.000000,22.000000,22.000000,22.000000,22.000000,21.000000,22.000000,22.000000,31.000000,31.000000,32.000000,32.000000,32.000000,33.000000,33.000000,1,1,1,1,1,1,1,0,0,0,0,0,0,0,74,5376.203125,748,0,1,0.515355,-0.007564,-0.323436,-3.115000,-0.401000,0.072000,1
0.887412,5.718000,-69.964996,-4.960000,134.686005,26.202999,2.717000,144.005005,21.959999,-2.640000,-31.080000,-2.400000,-13.080000,4.440000,-17.280001,550.000000,-1502.000000,-458.000000,-2195.000000,-804.000000,115.000000,-529.000000,22.000000,22.000000,22.000000,22.000000,21.000000,22.000000,22.000000,31.000000,31.000000,32.000000,32.000000,32.000000,33.000000,33.000000,1,1,1,1,1,1,1,0,0,0,0,0,0,0,74,5376.202148,748,0,1,0.515234,-0.008070,-0.323475,-3.116000,-0.401000,0.075000,1
0.897316,5.977000,-70.000000,-5.373000,134.658005,26.084999,2.753000,143.867004,21.360001,-2.760000,-30.600000,-2.280000,-13.680000,4.320000,-17.879999,631.000000,-1637.000000,-653.000000,-2291.000000,-801.000000,176.000000,-538.000000,22.000000,22.000000,22.000000,22.000000,21.000000,22.000000,22.000000,31.000000,31.000000,32.000000,32.000000,32.000000,33.000000,33.000000,1,1,1,1,1,1,1,0,0,0,0,0,0,0,74,5376.202148,749,0,1,0.515266,-0.009456,-0.323468,-3.116000,-0.401000,0.072000,1
0.907357,6.146000,-70.022003,-5.631000,134.638000,25.900999,2.807000,143.658997,20.520000,-2.510000,-30.000000,-2.640000,-14.880000,3.960000,-17.520000,732.000000,-1701.000000,-493.000000,-2316.000000,-587.000000,181.000000,-575.000000,22.000000,22.000000,22.000000,22.000000,21.000000,22.000000,22.000000,31.000000,31.000000,32.000000,32.000000,32.000000,33.000000,33.000000,1,1,1,1,1,1,1,0,0,0,0,0,0,0,74,5376.202148,748,0,1,0.515139,-0.010422,-0.323510,-3.117000,-0.400000,0.074000,1
0.917388,6.394000,-70.055000,-5.982000,134.600006,25.789000,2.844000,143.518005,20.639999,-2.760000,-30.240000,-3.120000,-12.840000,4.440000,-15.000000,952.000000,-1880.000000,-841.000000,-2207.000000,-680.000000,237.000000,-525.000000,22.000000,22.000000,22.000000,22.000000,21.000000,22.000000,22.000000,31.000000,31.000000,32.000000,32.000000,32.000000,33.000000,33.000000,1,1,1,1,1,1,1,0,0,0,0,0,0,0,74,5376.203125,748,0,1,0.515258,-0.011474,-0.323475,-3.116000,-0.401000,0.072000,1
0.927790,6.561000,-70.080002,-6.226000,134.574005,25.621000,2.896000,143.320007,21.240000,-2.760000,-30.240000,-2.880000,-13.800000,4.200000,-15.710000,791.000000,-1857.000000,-472.000000,-2270.000000,-836.000000,403.000000,-475.000000,22.000000,22.000000,22.000000,22.000000,21.000000,22.000000,22.000000,31.000000,31.000000,32.000000,32.000000,32.000000,33.000000,33.000000,1,1,1,1,1,1,1,0,0,0,0,0,0,0,74,5376.204102,751,0,1,0.515210,-0.012346,-0.323486,-3.117000,-0.401000,0.075000,1
0.937267,6.801000,-70.113998,-6.609000,134.535004,25.443001,2.948000,143.121002,20.280001,-3.240000,-30.959999,-3.000000,-15.710000,4.080000,-15.360000,423.000000,-1842.000000,-642.000000,-2323.000000,-583.000000,453.000000,-412.000000,22.000000,22.000000,22.000000,22.000000,21.000000,22.000000,22.000000,31.000000,31.000000,32.000000,32.000000,32.000000,33.000000,33.000000,1,1,1,1,1,1,1,0,0,0,0,0,0,0,74,5376.202148,750,0,1,0.515213,-0.013733,-0.323495,-3.117000,-0.401000,0.075000,1
0.947280,7.046000,-70.157997,-6.990000,134.490005,25.271999,3.006000,142.981995,21.000000,-3.000000,-30.959999,-3.360000,-14.280000,5.030000,-16.200001,623.000000,-1703.000000,-1111.000000,-2337.000000,-693.000000,344.000000,-559.000000,22.000000,22.000000,22.000000,22.000000,21.000000,22.000000,22.000000,31.000000,31.000000,32.000000,32.000000,32.000000,33.000000,33.000000,1,1,1,1,1,1,1,0,0,0,0,0,0,0,74,5376.200195,748,0,1,0.515279,-0.015008,-0.323455,-3.117000,-0.401000,0.073000,1
0.957270,7.286000,-70.200996,-7.360000,134.447006,25.169001,3.052000,142.783005,20.639999,-3.000000,-30.360001,-3.720000,-13.560000,6.000000,-17.639999,676.000000,-1684.000000,-640.000000,-2369.000000,-848.000000,358.000000,-555.000000,22.000000,22.000000,22.000000,22.000000,21.000000,22.000000,22.000000,31.000000,31.000000,32.000000,32.000000,32.000000,33.000000,33.000000,1,1,1,1,1,1,1,0,0,0,0,0,0,0,74,5376.202148,748,0,1,0.515373,-0.016256,-0.323416,-3.117000,-0.401000,0.072000,1
0.967305,7.371000,-70.214996,-7.484000,134.431000,25.065001,3.095000,142.716003,20.639999,-3.000000,-30.000000,-3.960000,-15.960000,5.640000,-17.400000,491.000000,-1761.000000,-611.000000,-2206.000000,-519.000000,260.000000,-450.000000,22.000000,22.000000,22.000000,22.000000,21.000000,22.000000,22.000000,31.000000,31.000000,32.000000,32.000000,32.000000,33.000000,33.000000,1,1,1,1,1,1,1,0,0,0,0,0,0,0,74,5376.204102,750,0,1,0.515274,-0.016637,-0.323440,-3.117000,-0.401000,0.073000,1
0.977209,7.627000,-70.257004,-7.860000,134.380005,24.940001,3.143000,142.531006,20.760000,-3.000000,-31.200001,-3.960000,-14.400000,5.760000,-17.400000,646.000000,-1776.000000,-596.000000,-2173.000000,-477.000000,182.000000,-465.000000,22.000000,22.000000,22.000000,22.000000,21.000000,22.000000,22.000000,31.000000,31.000000,32.000000,32.000000,32.000000,33.000000,33.000000,1,1,1,1,1,1,1,0,0,0,0,0,0,0,74,5376.204102,749,0,1,0.515411,-0.017858,-0.323398,-3.117000,-0.401000,0.072000,1
0.987297,7.874000,-70.297997,-8.201000,134.328995,24.783001,3.209000,142.330002,19.920000,-3.720000,-30.719999,-3.840000,-13.800000,5.880000,-17.040001,609.000000,-1661.000000,-351.000000,-2113.000000,-730.000000,263.000000,-501.000000,22.000000,22.000000,22.000000,22.000000,21.000000,22.000000,22.000000,31.000000,31.000000,32.000000,32.000000,32.000000,33.000000,33.000000,1,1,1,1,1,1,1,0,0,0,0,0,0,0,74,5376.206055,749,0,1,0.515465,-0.018889,-0.323377,-3.116000,-0.401000,0.072000,1
0.997337,7.874000,-70.297997,-8.201000,134.328995,24.783001,3.209000,142.330002,19.920000,-3.720000,-30.719999,-3.840000,-13.800000,5.880000,-17.040001,609.000000,-1661.000000,-351.000000,-2113.000000,-730.000000,263.000000,-501.000000,22.000000,22.000000,22.000000,22.000000,21.000000,22.000000,22.000000,31.000000,31.000000,32.000000,32.000000,32.000000,33.000000,33.000000,1,1,1,1,1,1,1,0,0,0,0,0,0,0,74,5376.206055,749,0,1,0.515465,-0.018889,-0.323377,-3.116000,-0.401000,0.072000,1
1.007323,7.955000,-70.310997,-8.301000,134.315994,24.672001,3.260000,142.199997,20.040001,-3.360000,-30.120001,-3.720000,-14.640000,6.000000,-16.920000,800.000000,-1650.000000,-283.000000,-2255.000000,-584.000000,300.000000,-486.000000,22.000000,22.000000,22.000000,22.000000,21.000000,22.000000,22.000000,31.000000,31.000000,32.000000,32.000000,32.000000,33.000000,33.000000,1,1,1,1,1,1,1,0,0,0,0,0,0,0,74,5376.204102,748,0,1,0.515310,-0.019178,-0.323421,-3.117000,-0.401000,0.075000,1
1.017354,8.410000,-70.392998,-8.934000,134.214996,24.356001,3.396000,141.850998,20.520000,-2.880000,-28.920000,-4.200000,-12.360000,5.760000,-18.360001,776.000000,-1894.000000,-541.000000,-2486.000000,-658.000000,413.000000,-447.000000,22.000000,22.000000,22.000000,22.000000,21.000000,22.000000,22.000000,31.000000,31.000000,32.000000,32.000000,32.000000,33.000000,33.000000,1,1,1,1,1,1,1,0,0,0,0,0,0,0,74,5376.203125,748,0,1,0.515376,-0.021101,-0.323383,-3.116000,-0.401000,0.075000,1
1.027293,8.665000,-70.435997,-9.320000,134.158005,24.247999,3.444000,141.714996,19.200001,-3.240000,-29.760000,-4.560000,-14.760000,5.880000,-17.280001,682.000000,-1962.000000,-657.000000,-2300.000000,-597.000000,354.000000,-516.000000,22.000000,22.000000,22.000000,22.000000,21.000000,22.000000,22.000000,31.000000,31.000000,32.000000,32.000000,32.000000,33.000000,33.000000,1,1,1,1,1,1,1,0,0,0,0,0,0,0,74,5376.204102,750,0,1,0.515492,-0.022336,-0.323367,-3.116000,-0.401000,0.072000,1
1.037210,8.898000,-70.481003,-9.705000,134.091995,24.076000,3.525000,141.516006,19.799999,-3.600000,-28.680000,-4.200000,-13.440000,6.000000,-16.440001,495.000000,-1829.000000,-830.000000,-2134.000000,-485.000000,218.000000,-587.000000,22.000000,22.000000,22.000000,22.000000,21.000000,22.000000,22.000000,31.000000,31.000000,32.000000,32.000000,32.000000,33.000000,33.000000,1,1,1,1,1,1,1,0,0,0,0,0,0,0,74,5376.204102,750,0,1,0.515519,-0.023724,-0.323357,-3.116000,-0.401000,0.072000,1
1.047315,8.966000,-70.492996,-9.817000,134.078003,24.020000,3.548000,141.459000,19.200001,-3.600000,-29.520000,-4.440000,-13.440000,6.840000,-13.440000,250.000000,-1809.000000,-514.000000,-2437.000000,-445.000000,260.000000,-612.000000,22.000000,22.000000,22.000000,22.000000,21.000000,22.000000,22.000000,31.000000,31.000000,32.000000,32.000000,32.000000,33.000000,33.000000,1,1,1,1,1,1,1,0,0,0,0,0,0,0,74,5376.204102,749,0,1,0.515466,-0.024133,-0.323378,-3.116000,-0.401000,0.072000,1
1.057201,9.066000,-70.513000,-9.966000,134.052002,23.965000,3.583000,141.380997,19.440001,-3.840000,-29.160000,-5.030000,-13.560000,6.120000,-13.800000,429.000000,-1863.000000,-513.000000,-2225.000000,-578.000000,174.000000,-491.000000,22.000000,22.000000,22.000000,22.000000,21.000000,22.000000,22.000000,31.000000,31.000000,32.000000,32.000000,32.000000,33.000000,33.000000,1,1,1,1,1,1,1,0,0,0,0,0,0,0,74,5376.206055,748,0,1,0.515469,-0.024591,-0.323375,-3.116000,-0.401000,0.072000,1
1.067128,9.431000,-70.584999,-10.570000,133.964005,23.679001,3.705000,141.046005,18.840000,-3.360000,-29.280001,-4.440000,-13.680000,6.000000,-17.520000,471.000000,-1734.000000,-768.000000,-2101.000000,-353.000000,152.000000,-507.000000,22.000000,22.000000,22.000000,22.000000,21.000000,22.000000,22.000000,31.000000,31.000000,32.000000,32.000000,32.000000,33.000000,33.000000,1,1,1,1,1,1,1,0,0,0,0,0,0,0,74,5376.204102,749,0,1,0.515343,-0.026819,-0.323426,-3.117000,-0.401000,0.073000,1
1.077177,9.591000,-70.616997,-10.799000,133.927002,23.523001,3.778000,140.858002,18.480000,-3.240000,-27.360001,-5.030000,-13.080000,5.760000,-15.600000,650.000000,-1917.000000,-263.000000,-2501.000000,-485.000000,328.000000,-658.000000,22.000000,22.000000,22.000000,22.000000,21.000000,22.000000,22.000000,31.000000,31.000000,32.000000,32.000000,32.000000,33.000000,33.000000,1,1,1,1,1,1,1,0,0,0,0,0,0,0,74,5376.204102,747,0,1,0.515209,-0.027580,-0.323467,-3.117000,-0.401000,0.075000,1
1.087191,9.672000,-70.628998,-10.909000,133.904007,23.523001,3.778000,140.858002,19.559999,-3.960000,-28.430000,-5.400000,-13.080000,5.760000,-15.600000,570.000000,-1875.000000,-628.000000,-2135.000000,-485.000000,328.000000,-658.000000,22.000000,22.000000,22.000000,22.000000,21.000000,22.000000,22.000000,31.000000,31.000000,32.000000,32.000000,32.000000,33.000000,33.000000,1,1,1,1,1,1,1,0,0,0,0,0,0,0,74,5376.204102,747,0,1,0.515353,-0.027877,-0.323439,-3.116000,-0.401000,0.073000,1
1.097239,10.020000,-70.702003,-11.377000,133.806000,23.284000,3.907000,140.580002,18.480000,-4.080000,-26.879999,-5.030000,-12.600000,7.320000,-14.150000,840.000000,-1695.000000,-1052.000000,-2253.000000,-469.000000,332.000000,-708.000000,22.000000,22.000000,22.000000,22.000000,21.000000,22.000000,22.000000,31.000000,31.000000,32.000000,32.000000,32.000000,33.000000,33.000000,1,1,1,1,1,1,1,0,0,0,0,0,0,0,74,5376.203125,750,0,1,0.515395,-0.029224,-0.323414,-3.116000,-0.401000,0.073000,1
1.107204,10.156000,-70.730003,-11.583000,133.768997,23.138000,3.989000,140.391998,18.480000,-3.480000,-27.480000,-5.030000,-12.240000,7.320000,-15.710000,645.000000,-1818.000000,-151.000000,-2371.000000,-408.000000,22.000000,-524.000000,22.000000,22.000000,22.000000,22.000000,21.000000,22.000000,22.000000,31.000000,31.000000,32.000000,32.000000,32.000000,33.000000,33.000000,1,1,1,1,1,1,1,0,0,0,0,0,0,0,74,5376.204102,749,0,1,0.515198,-0.029918,-0.323474,-3.117000,-0.401000,0.076000,1
1.117245,10.379000,-70.779999,-11.921000,133.699997,22.976000,4.080000,140.287003,18.360001,-3.480000,-27.000000,-5.760000,-11.160000,6.480000,-17.639999,131.000000,-1893.000000,-422.000000,-2259.000000,-519.000000,108.000000,-634.000000,22.000000,22.000000,22.000000,22.000000,21.000000,22.000000,22.000000,31.000000,31.000000,32.000000,32.000000,32.000000,33.000000,33.000000,1,1,1,1,1,1,1,0,0,0,0,0,0,0,74,5376.206055,749,0,1,0.515172,-0.030960,-0.323470,-3.116000,-0.401000,0.074000,1
1.127191,10.463000,-70.796997,-12.054000,133.675995,22.976000,4.080000,140.220993,16.920000,-3.600000,-27.000000,-5.030000,-11.160000,6.480000,-16.440001,234.000000,-1929.000000,-373.000000,-1998.000000,-519.000000,108.000000,-577.000000,22.000000,22.000000,22.000000,22.000000,21.000000,22.000000,22.000000,31.000000,31.000000,32.000000,32.000000,32.000000,33.000000,33.000000,1,1,1,1,1,1,1,0,0,0,0,0,0,0,74,5376.206055,747,0,1,0.515316,-0.031460,-0.323442,-3.116000,-0.401000,0.073000,1
1.137166,10.724000,-70.859001,-12.488000,133.593002,22.799000,4.177000,139.994995,15.240000,-3.600000,-24.120001,-4.440000,-10.680000,6.120000,-14.280000,-43.000000,-1773.000000,254.000000,-2204.000000,-248.000000,75.000000,-481.000000,22.000000,22.000000,22.000000,22.000000,21.000000,22.000000,22.000000,31.000000,31.000000,32.000000,32.000000,32.000000,33.000000,33.000000,1,1,1,1,1,1,1,0,0,0,0,0,0,0,74,5376.206055,749,0,1,0.515300,-0.033044,-0.323446,-3.116000,-0.401000,0.072000,1
1.147143,10.828000,-70.886002,-12.663000,133.567001,22.677999,4.217000,139.858994,12.710000,-2.640000,-20.280001,-3.600000,-8.640000,4.080000,-9.720000,167.000000,-1595.000000,405.000000,-2374.000000,-351.000000,307.000000,-390.000000,22.000000,22.000000,22.000000,22.000000,21.000000,22.000000,22.000000,31.000000,31.000000,32.000000,32.000000,32.000000,33.000000,33.000000,1,1,1,1,1,1,1,0,0,0,0,0,0,0,74,5376.204102,749,0,1,0.515235,-0.033777,-0.323463,-3.117000,-0.401000,0.074000,1
1.157211,10.962000,-70.922997,-12.858000,133.518997,22.605000,4.266000,139.735992,9.960000,-2.280000,-14.400000,-3.000000,-5.030000,3.000000,-7.920000,-40.000000,-1454.000000,746.000000,-2122.000000,-499.000000,433.000000,-266.000000,22.000000,22.000000,22.000000,22.000000,21.000000,22.000000,22.000000,31.000000,31.000000,32.000000,32.000000,32.000000,33.000000,33.000000,1,1,1,1,1,1,1,0,0,0,0,0,0,0,74,5376.204102,746,0,1,0.515345,-0.034417,-0.323409,-3.117000,-0.401000,0.074000,1
1.167182,11.053000,-70.942001,-12.989000,133.479004,22.570999,4.291000,139.675003,5.280000,-0.960000,-9.000000,-2.160000,-3.600000,2.400000,-6.840000,-333.000000,-1425.000000,502.000000,-1889.000000,-388.000000,350.000000,-258.000000,22.000000,22.000000,22.000000,22.000000,21.000000,22.000000,22.000000,31.000000,31.000000,32.000000,32.000000,32.000000,33.000000,33.000000,1,1,1,1,1,1,1,0,0,0,0,0,0,0,74,5376.204102,748,0,1,0.515500,-0.034858,-0.323366,-3.116000,-0.402000,0.073000,1
1.177169,11.092000,-70.947998,-13.042000,133.460999,22.552999,4.313000,139.626999,3.000000,-0.480000,-5.400000,-1.440000,-2.040000,1.800000,-5.030000,-123.000000,-1510.000000,422.000000,-1664.000000,-470.000000,289.000000,-337.000000,22.000000,22.000000,22.000000,22.000000,21.000000,22.000000,22.000000,31.000000,31.000000,32.000000,32.000000,32.000000,33.000000,33.000000,1,1,1,1,1,1,1,0,0,0,0,0,0,0,74,5376.203125,747,0,1,0.515509,-0.035002,-0.323369,-3.116000,-0.402000,0.074000,1
1.187160,11.112000,-70.950996,-13.084000,133.453003,22.538000,4.334000,139.574997,0.840000,-0.120000,-1.800000,-0.360000,-0.120000,0.840000,-2.400000,76.000000,-1540.000000,68.000000,-1818.000000,-491.000000,219.000000,-333.000000,22.000000,22.000000,22.000000,22.000000,21.000000,22.000000,22.000000,31.000000,31.000000,32.000000,32.000000,32.000000,33.000000,33.000000,1,1,1,1,1,1,1,0,0,0,0,0,0,0,74,5376.203125,749,0,1,0.515434,-0.035166,-0.323397,-3.117000,-0.401000,0.074000,1
1.197142,11.112000,-70.952003,-13.087000,133.455002,22.539000,4.339000,139.567993,0.360000,0.000000,0.000000,0.000000,0.120000,0.720000,-1.680000,-52.000000,-1474.000000,305.000000,-1746.000000,-354.000000,154.000000,-306.000000,22.000000,22.000000,22.000000,22.000000,21.000000,22.000000,22.000000,31.000000,31.000000,32.000000,32.000000,32.000000,33.000000,33.000000,1,1,1,1,1,1,1,0,0,0,0,0,0,0,74,5376.203125,748,0,1,0.515397,-0.035164,-0.323404,-3.117000,-0.401000,0.074000,1
1.207149,11.115000,-70.952003,-13.090000,133.453003,22.539000,4.352000,139.548996,-0.360000,0.000000,0.480000,0.000000,0.360000,0.120000,-0.360000,-103.000000,-1325.000000,329.000000,-1694.000000,-183.000000,141.000000,-325.000000,22.000000,22.000000,22.000000,22.000000,22.000000,22.000000,22.000000,31.000000,31.000000,32.000000,32.000000,32.000000,33.000000,33.000000,1,1,1,1,1,1,1,0,0,0,0,0,0,0,74,5376.207031,749,0,1,0.515344,-0.035139,-0.323419,-3.117000,-0.401000,0.074000,1
1.217217,11.115000,-70.953003,-13.083000,133.453003,22.537001,4.353000,139.546005,-0.360000,0.120000,0.840000,0.000000,0.360000,0.000000,-0.480000,-323.000000,-1165.000000,556.000000,-1541.000000,-117.000000,138.000000,-324.000000,22.000000,22.000000,22.000000,22.000000,22.000000,22.000000,22.000000,31.000000,31.000000,32.000000,32.000000,32.000000,33.000000,33.000000,1,1,1,1,1,1,1,0,0,0,0,0,0,0,74,5376.206055,749,0,1,0.515355,-0.035098,-0.323410,-3.117000,-0.401000,0.075000,1
1.227094,11.111000,-70.952003,-13.071000,133.453003,22.538000,4.353000,139.541000,-0.600000,0.120000,1.080000,-0.120000,0.480000,0.000000,-0.120000,-410.000000,-906.000000,627.000000,-1727.000000,-30.000000,133.000000,-348.000000,22.000000,22.000000,22.000000,22.000000,22.000000,22.000000,22.000000,31.000000,31.000000,32.000000,32.000000,32.000000,33.000000,33.000000,1,1,1,1,1,1,1,0,0,0,0,0,0,0,74,5376.200195,749,0,1,0.515369,-0.035046,-0.323405,-3.117000,-0.401000,0.075000,1
1.237069,11.105000,-70.948997,-13.050000,133.451996,22.541000,4.365000,139.537994,-1.080000,0.600000,1.440000,-0.840000,0.720000,0.840000,-0.120000,-526.000000,-441.000000,583.000000,-2151.000000,44.000000,183.000000,-340.000000,22.000000,22.000000,22.000000,22.000000,22.000000,22.000000,22.000000,31.000000,31.000000,32.000000,32.000000,32.000000,33.000000,33.000000,1,1,1,1,1,1,1,0,0,0,0,0,0,0,74,5376.200195,749,0,1,0.515335,-0.034899,-0.323412,-3.116000,-0.401000,0.075000,1
1.247137,11.097000,-70.940002,-13.032000,133.423996,22.546000,4.409000,139.533997,-1.680000,2.160000,1.920000,-4.560000,1.680000,3.600000,0.000000,-576.000000,-72.000000,524.000000,-3136.000000,70.000000,80.000000,-240.000000,22.000000,22.000000,22.000000,22.000000,22.000000,22.000000,22.000000,31.000000,31.000000,32.000000,32.000000,32.000000,33.000000,33.000000,1,1,1,1,1,1,1,0,0,0,0,0,0,0,74,5376.200195,749,0,1,0.515342,-0.034716,-0.323408,-3.116000,-0.401000,0.076000,1
1.257071,11.083000,-70.916000,-13.016000,133.378998,22.549000,4.427000,139.535004,-2.280000,3.600000,1.920000,-7.070000,1.680000,3.960000,0.000000,-707.000000,157.000000,652.000000,-3763.000000,77.000000,17.000000,-209.000000,22.000000,22.000000,22.000000,22.000000,22.000000,22.000000,22.000000,31.000000,31.000000,32.000000,32.000000,32.000000,33.000000,33.000000,1,1,1,1,1,1,1,0,0,0,0,0,0,0,74,5376.206055,748,0,1,0.515580,-0.034705,-0.323376,-3.116000,-0.401000,0.076000,1
1.267108,11.041000,-70.828003,-12.991000,133.259995,22.549999,4.512000,139.533997,-3.360000,7.200000,2.280000,-11.520000,2.510000,5.640000,0.240000,-822.000000,254.000000,695.000000,-3253.000000,102.000000,0.000000,-74.000000,22.000000,22.000000,22.000000,22.000000,22.000000,22.000000,22.000000,31.000000,31.000000,32.000000,32.000000,32.000000,33.000000,33.000000,1,1,1,1,1,1,1,0,0,0,0,0,0,0,74,5376.206055,750,0,1,0.515831,-0.034670,-0.323475,-3.116000,-0.400000,0.077000,1
1.277131,11.012000,-70.761002,-12.961000,133.091995,22.549999,4.592000,139.533997,-3.600000,9.480000,2.880000,-17.040001,3.240000,8.280000,0.480000,-1030.000000,243.000000,839.000000,-3597.000000,153.000000,272.000000,29.000000,22.000000,22.000000,22.000000,22.000000,22.000000,22.000000,22.000000,31.000000,31.000000,32.000000,32.000000,32.000000,33.000000,33.000000,1,1,1,1,1,1,1,0,0,0,0,0,0,0,74,5376.199219,748,0,1,0.516688,-0.034680,-0.323321,-3.117000,-0.401000,0.078000,1
1.287089,10.993000,-70.708000,-12.946000,133.011993,22.549999,4.592000,139.535004,-4.440000,11.040000,3.120000,-18.959999,3.240000,8.280000,0.720000,-1156.000000,360.000000,879.000000,-3416.000000,153.000000,272.000000,78.000000,22.000000,22.000000,22.000000,22.000000,22.000000,22.000000,22.000000,31.000000,31.000000,32.000000,32.000000,32.000000,33.000000,33.000000,1,1,1,1,1,1,1,0,0,0,0,0,0,0,74,5376.200195,748,0,1,0.517180,-0.034837,-0.323298,-3.117000,-0.401000,0.078000,1
1.297098,10.909000,-70.528000,-12.867000,132.688004,22.590000,4.744000,139.537994,-6.000000,12.600000,3.960000,-23.040001,3.240000,9.840000,1.680000,-837.000000,408.000000,455.000000,-3386.000000,309.000000,553.000000,197.000000,22.000000,22.000000,22.000000,22.000000,22.000000,22.000000,22.000000,31.000000,31.000000,32.000000,32.000000,32.000000,33.000000,33.000000,1,1,1,1,1,1,1,0,0,0,0,0,0,0,74,5376.202148,748,0,1,0.518611,-0.034785,-0.323200,-3.118000,-0.402000,0.080000,1
1.307050,10.836000,-70.418999,-12.836000,132.496994,22.631001,4.883000,139.548996,-5.880000,14.520000,4.080000,-24.480000,3.600000,11.520000,2.510000,-915.000000,297.000000,490.000000,-3243.000000,392.000000,160.000000,232.000000,22.000000,22.000000,22.000000,22.000000,21.000000,22.000000,22.000000,31.000000,31.000000,32.000000,32.000000,32.000000,33.000000,33.000000,1,1,1,1,1,1,1,0,0,0,0,0,0,0,74,5376.200195,749,0,1,0.519158,-0.034749,-0.323213,-3.118000,-0.401000,0.080000,1
1.317191,10.781000,-70.223999,-12.786000,132.182999,22.674999,5.030000,139.567993,-6.840000,15.240000,3.840000,-25.559999,3.600000,12.710000,2.400000,-904.000000,136.000000,579.000000,-2505.000000,507.000000,317.000000,303.000000,22.000000,22.000000,22.000000,22.000000,21.000000,22.000000,22.000000,31.000000,31.000000,32.000000,32.000000,32.000000,33.000000,33.000000,1,1,1,1,1,1,1,0,0,0,0,0,0,0,74,5376.203125,749,0,1,0.520395,-0.034671,-0.323250,-3.118000,-0.401000,0.081000,1
1.327090,10.757000,-70.171997,-12.771000,132.078995,22.690001,5.078000,139.572006,-6.960000,15.000000,3.960000,-26.040001,3.960000,11.880000,2.640000,-831.000000,93.000000,586.000000,-2516.000000,524.000000,339.000000,330.000000,22.000000,22.000000,22.000000,22.000000,21.000000,22.000000,22.000000,31.000000,31.000000,32.000000,32.000000,32.000000,33.000000,33.000000,1,1,1,1,1,1,1,0,0,0,0,0,0,0,74,5376.203125,749,0,1,0.520875,-0.034703,-0.323199,-3.118000,-0.402000,0.081000,1
1.337094,10.695000,-70.032997,-12.741000,131.858994,22.707001,5.129000,139.582993,-6.960000,15.840000,3.840000,-28.430000,3.960000,12.600000,2.880000,-718.000000,-66.000000,470.000000,-2179.000000,509.000000,468.000000,332.000000,22.000000,22.000000,22.000000,22.000000,21.000000,22.000000,22.000000,31.000000,31.000000,32.000000,32.000000,32.000000,33.000000,33.000000,1,1,1,1,1,1,1,0,0,0,0,0,0,0,74,5376.204102,749,0,1,0.521991,-0.035025,-0.323160,-3.119000,-0.402000,0.082000,1
1.347082,10.575000,-69.761002,-12.685000,131.505997,22.787001,5.343000,139.621994,-7.070000,15.240000,3.960000,-24.120001,4.670000,12.240000,2.760000,-868.000000,-39.000000,491.000000,-1769.000000,414.000000,449.000000,373.000000,22.000000,22.000000,22.000000,22.000000,21.000000,22.000000,22.000000,31.000000,31.000000,32.000000,32.000000,32.000000,33.000000,33.000000,1,1,1,1,1,1,1,0,0,0,0,0,0,0,74,5376.203125,747,0,1,0.522829,-0.034945,-0.323489,-3.119000,-0.401000,0.082000,1
1.357052,10.516000,-69.649002,-12.659000,131.201004,22.851000,5.509000,139.658997,-6.840000,15.710000,3.720000,-25.430000,5.400000,12.960000,3.240000,-771.000000,-118.000000,587.000000,-2161.000000,343.000000,217.000000,390.000000,22.000000,22.000000,22.000000,22.000000,21.000000,22.000000,22.000000,31.000000,31.000000,32.000000,32.000000,32.000000,33.000000,33.000000,1,1,1,1,1,1,1,0,0,0,0,0,0,0,74,5376.203125,748,0,1,0.524281,-0.034953,-0.323198,-3.119000,-0.402000,0.081000,1
1.367070,10.467000,-69.532997,-12.631000,131.003006,22.872000,5.561000,139.671005,-6.120000,15.120000,3.600000,-26.040001,5.030000,12.960000,2.760000,-1002.000000,73.000000,648.000000,-2772.000000,280.000000,412.000000,368.000000,22.000000,22.000000,22.000000,22.000000,21.000000,22.000000,22.000000,31.000000,31.000000,32.000000,32.000000,32.000000,33.000000,33.000000,1,1,1,1,1,1,1,0,0,0,0,0,0,0,74,5376.203125,749,0,1,0.525302,-0.035169,-0.323131,-3.120000,-0.402000,0.082000,1
1.377059,10.443000,-69.476997,-12.617000,130.904007,22.892000,5.614000,139.681000,-6.480000,15.840000,3.360000,-24.360001,4.920000,12.600000,3.120000,-875.000000,-5.000000,636.000000,-2479.000000,317.000000,427.000000,395.000000,22.000000,22.000000,22.000000,22.000000,21.000000,22.000000,22.000000,31.000000,31.000000,32.000000,32.000000,32.000000,33.000000,33.000000,1,1,1,1,1,1,1,0,0,0,0,0,0,0,74,5376.203125,748,0,1,0.525683,-0.035150,-0.323125,-3.120000,-0.402000,0.082000,1
1.387199,10.306000,-69.171997,-12.543000,130.391998,22.999001,5.881000,139.740005,-5.760000,14.150000,3.240000,-25.080000,4.670000,13.680000,2.880000,-1021.000000,54.000000,768.000000,-2209.000000,387.000000,310.000000,454.000000,22.000000,22.000000,22.000000,22.000000,21.000000,22.000000,22.000000,31.000000,31.000000,32.000000,32.000000,32.000000,33.000000,33.000000,1,1,1,1,1,1,1,0,0,0,0,0,0,0,74,5376.203125,749,0,1,0.527598,-0.035104,-0.323145,-3.120000,-0.402000,0.082000,1
1.397094,10.258000,-69.042999,-12.512000,130.188995,23.052999,6.038000,139.776993,-5.520000,14.280000,3.960000,-25.559999,3.960000,12.960000,2.880000,-1003.000000,-59.000000,610.000000,-2448.000000,453.000000,452.000000,528.000000,22.000000,22.000000,22.000000,22.000000,21.000000,22.000000,22.000000,31.000000,31.000000,32.000000,32.000000,32.000000,33.000000,33.000000,1,1,1,1,1,1,1,0,0,0,0,0,0,0,74,5376.207031,747,0,1,0.528049,-0.034799,-0.323261,-3.119000,-0.401000,0.081000,1
1.407087,10.185000,-68.871002,-12.476000,129.882996,23.087000,6.141000,139.800003,-6.350000,14.150000,3.120000,-27.000000,3.960000,12.360000,3.240000,-831.000000,-7.000000,734.000000,-1844.000000,424.000000,455.000000,488.000000,22.000000,22.000000,22.000000,22.000000,21.000000,22.000000,22.000000,31.000000,31.000000,32.000000,32.000000,32.000000,33.000000,33.000000,1,1,1,1,1,1,1,0,0,0,0,0,0,0,74,5376.204102,749,0,1,0.529535,-0.035051,-0.323162,-3.120000,-0.402000,0.082000,1
1.417056,10.112000,-68.681999,-12.439000,129.580002,23.134001,6.299000,139.837997,-6.120000,14.880000,3.240000,-25.200001,3.840000,13.320000,3.360000,-1039.000000,-279.000000,537.000000,-2099.000000,547.000000,340.000000,496.000000,22.000000,22.000000,22.000000,22.000000,21.000000,22.000000,22.000000,31.000000,31.000000,32.000000,32.000000,32.000000,33.000000,33.000000,1,1,1,1,1,1,1,0,0,0,0,0,0,0,74,5376.202148,749,0,1,0.530595,-0.035020,-0.323236,-3.120000,-0.402000,0.082000,1
1.427069,10.062000,-68.553001,-12.414000,129.369995,23.184999,6.475000,139.882996,-6.600000,15.480000,2.880000,-24.959999,3.600000,13.680000,3.600000,-1051.000000,-39.000000,756.000000,-2345.000000,581.000000,259.000000,482.000000,22.000000,22.000000,22.000000,22.000000,21.000000,22.000000,22.000000,31.000000,31.000000,32.000000,32.000000,32.000000,33.000000,33.000000,1,1,1,1,1,1,1,0,0,0,0,0,0,0,74,5376.202148,750,0,1,0.530996,-0.034705,-0.323360,-3.119000,-0.401000,0.081000,1
1.437036,9.985000,-68.362999,-12.367000,129.067993,23.236000,6.645000,139.927994,-5.880000,15.120000,3.240000,-24.120001,4.560000,12.710000,3.720000,-922.000000,-149.000000,476.000000,-2731.000000,493.000000,231.000000,409.000000,22.000000,22.000000,22.000000,22.000000,21.000000,22.000000,22.000000,31.000000,31.000000,32.000000,32.000000,32.000000,33.000000,33.000000,1,1,1,1,1,1,1,0,0,0,0,0,0,0,74,5376.202148,749,0,1,0.532002,-0.034562,-0.323445,-3.119000,-0.401000,0.081000,1
1.447085,9.933000,-68.245003,-12.340000,128.979004,23.252001,6.711000,139.947006,-6.120000,14.520000,3.240000,-25.200001,4.320000,14.400000,3.600000,-1000.000000,-196.000000,626.000000,-2979.000000,449.000000,172.000000,410.000000,22.000000,22.000000,22.000000,22.000000,21.000000,22.000000,22.000000,31.000000,31.000000,32.000000,32.000000,32.000000,33.000000,33.000000,1,1,1,1,1,1,1,0,0,0,0,0,0,0,74,5376.199219,748,0,1,0.531895,-0.034471,-0.323776,-3.119000,-0.399000,0.082000,1
1.457035,9.838000,-68.035004,-12.300000,128.617996,23.325001,6.913000,140.003998,-6.960000,14.400000,3.840000,-23.879999,4.670000,13.800000,3.840000,-932.000000,-235.000000,383.000000,-2375.000000,333.000000,172.000000,393.000000,22.000000,22.000000,22.000000,22.000000,21.000000,22.000000,22.000000,31.000000,31.000000,32.000000,32.000000,32.000000,33.000000,33.000000,1,1,1,1,1,1,1,0,0,0,0,0,0,0,74,5376.199219,750,0,1,0.533174,-0.034416,-0.323802,-3.118000,-0.399000,0.081000,1
1.466993,9.813000,-67.980003,-12.270000,128.419006,23.361000,7.009000,140.028000,-5.880000,14.400000,3.600000,-25.080000,5.160000,12.960000,3.600000,-873.000000,-22.000000,272.000000,-2434.000000,221.000000,415.000000,412.000000,22.000000,22.000000,22.000000,22.000000,21.000000,22.000000,22.000000,31.000000,31.000000,32.000000,32.000000,32.000000,33.000000,33.000000,1,1,1,1,1,1,1,0,0,0,0,0,0,0,74,5376.199219,748,0,1,0.534304,-0.034296,-0.323502,-3.118000,-0.400000,0.081000,1
1.477018,9.762000,-67.873001,-12.242000,128.235001,23.395000,7.106000,140.056000,-6.350000,15.240000,3.600000,-24.719999,4.320000,12.710000,3.600000,-860.000000,-235.000000,189.000000,-2723.000000,315.000000,381.000000,446.000000,22.000000,22.000000,22.000000,22.000000,21.000000,22.000000,22.000000,31.000000,31.000000,32.000000,32.000000,32.000000,33.000000,33.000000,1,1,1,1,1,1,1,0,0,0,0,0,0,0,74,5376.200195,749,0,1,0.534993,-0.034255,-0.323503,-3.118000,-0.400000,0.081000,1
1.487072,9.665000,-67.674004,-12.197000,127.860001,23.455000,7.296000,140.112000,-6.600000,13.920000,2.880000,-24.840000,3.600000,12.480000,3.600000,-609.000000,26.000000,235.000000,-2375.000000,365.000000,347.000000,455.000000,22.000000,22.000000,22.000000,22.000000,21.000000,22.000000,22.000000,31.000000,31.000000,32.000000,32.000000,32.000000,33.000000,33.000000,1,1,1,1,1,1,1,0,0,0,0,0,0,0,74,5376.203125,749,0,1,0.536529,-0.034269,-0.323410,-3.118000,-0.400000,0.081000,1
1.497003,9.608000,-67.563004,-12.177000,127.654999,23.469000,7.347000,140.126007,-6.960000,14.040000,2.510000,-24.840000,3.600000,12.120000,3.240000,-700.000000,2.000000,334.000000,-2247.000000,423.000000,205.000000,468.000000,22.000000,22.000000,22.000000,22.000000,21.000000,22.000000,22.000000,31.000000,31.000000,32.000000,32.000000,32.000000,33.000000,33.000000,1,1,1,1,1,1,1,0,0,0,0,0,0,0,74,5376.203125,747,0,1,0.537625,-0.034567,-0.323306,-3.119000,-0.401000,0.081000,1
1.507165,9.558000,-67.448997,-12.156000,127.459000,23.511999,7.485000,140.167007,-6.480000,14.040000,2.510000,-25.200001,3.600000,11.760000,3.360000,-929.000000,-61.000000,471.000000,-2491.000000,430.000000,622.000000,475.000000,22.000000,22.000000,22.000000,22.000000,21.000000,22.000000,22.000000,31.000000,31.000000,32.000000,32.000000,32.000000,33.000000,33.000000,1,1,1,1,1,1,1,0,0,0,0,0,0,0,74,5376.203125,748,0,1,0.538162,-0.034402,-0.323359,-3.119000,-0.401000,0.081000,1
1.517195,9.481000,-67.272003,-12.126000,127.143997,23.556000,7.653000,140.207993,-6.120000,14.520000,2.160000,-26.760000,3.600000,13.920000,3.840000,-692.000000,-7.000000,648.000000,-2303.000000,473.000000,380.000000,431.000000,22.000000,22.000000,22.000000,22.000000,21.000000,22.000000,22.000000,31.000000,31.000000,32.000000,32.000000,32.000000,33.000000,33.000000,1,1,1,1,1,1,1,0,0,0,0,0,0,0,74,5376.206055,749,0,1,0.539336,-0.034403,-0.323353,-3.119000,-0.401000,0.081000,1
1.527079,9.401000,-67.093002,-12.101000,126.857002,23.582001,7.760000,140.237000,-6.240000,15.000000,2.280000,-25.080000,3.240000,13.440000,3.600000,-823.000000,17.000000,736.000000,-2488.000000,555.000000,389.000000,475.000000,22.000000,22.000000,22.000000,22.000000,21.000000,22.000000,22.000000,31.000000,31.000000,32.000000,32.000000,32.000000,33.000000,33.000000,1,1,1,1,1,1,1,0,0,0,0,0,0,0,74,5376.204102,748,0,1,0.540550,-0.034667,-0.323373,-3.120000,-0.401000,0.081000,1
1.537076,9.324000,-66.917000,-12.076000,126.550003,23.618999,7.910000,140.285004,-6.600000,14.640000,2.280000,-24.719999,3.480000,12.710000,3.960000,-720.000000,17.000000,680.000000,-2689.000000,569.000000,490.000000,399.000000,22.000000,22.000000,22.000000,22.000000,21.000000,22.000000,22.000000,31.000000,31.000000,32.000000,32.000000,32.000000,33.000000,33.000000,1,1,1,1,1,1,1,0,0,0,0,0,0,0,74,5376.204102,748,0,1,0.541747,-0.034759,-0.323366,-3.120000,-0.401000,0.081000,1
1.547138,9.272000,-66.793999,-12.057000,126.341003,23.664000,8.080000,140.330994,-6.600000,14.760000,2.510000,-25.309999,3.840000,14.040000,3.600000,-753.000000,-128.000000,812.000000,-2837.000000,546.000000,262.000000,436.000000,22.000000,22.000000,22.000000,22.000000,21.000000,22.000000,22.000000,31.000000,31.000000,32.000000,32.000000,32.000000,33.000000,33.000000,1,1,1,1,1,1,1,0,0,0,0,0,0,0,74,5376.200195,749,0,1,0.542175,-0.034490,-0.323471,-3.119000,-0.400000,0.080000,1
1.557127,9.218000,-66.680000,-12.031000,126.135002,23.679001,8.129000,140.348007,-6.240000,14.640000,2.760000,-25.200001,4.080000,14.040000,3.960000,-753.000000,-240.000000,647.000000,-2747.000000,476.000000,316.000000,391.000000,22.000000,22.000000,22.000000,22.000000,21.000000,22.000000,22.000000,31.000000,31.000000,32.000000,32.000000,32.000000,33.000000,33.000000,1,1,1,1,1,1,1,0,0,0,0,0,0,0,74,5376.202148,748,0,1,0.543281,-0.034719,-0.323376,-3.120000,-0.401000,0.081000,1
1.567005,9.140000,-66.502998,-12.001000,125.819000,23.730000,8.290000,140.391006,-6.120000,14.400000,2.280000,-24.719999,3.960000,13.680000,3.720000,-728.000000,-53.000000,647.000000,-2557.000000,422.000000,398.000000,391.000000,22.000000,22.000000,22.000000,22.000000,21.000000,22.000000,22.000000,31.000000,31.000000,32.000000,32.000000,32.000000,33.000000,33.000000,1,1,1,1,1,1,1,0,0,0,0,0,0,0,74,5376.203125,750,0,1,0.544500,-0.034726,-0.323359,-3.120000,-0.401000,0.081000,1
1.576967,9.085000,-66.375999,-11.979000,125.591003,23.782000,8.445000,140.438995,-6.480000,14.040000,2.510000,-25.920000,4.440000,13.200000,3.600000,-657.000000,-304.000000,640.000000,-2243.000000,251.000000,357.000000,401.000000,22.000000,22.000000,22.000000,22.000000,21.000000,22.000000,22.000000,31.000000,31.000000,32.000000,32.000000,32.000000,33.000000,33.000000,1,1,1,1,1,1,1,0,0,0,0,0,0,0,74,5376.204102,748,0,1,0.545181,-0.034527,-0.323389,-3.119000,-0.401000,0.080000,1
1.587000,9.010000,-66.212997,-11.942000,125.290001,23.819000,8.569000,140.473007,-5.760000,14.640000,2.400000,-25.799999,4.320000,13.680000,3.600000,-770.000000,-74.000000,543.000000,-2219.000000,303.000000,330.000000,428.000000,22.000000,22.000000,22.000000,22.000000,21.000000,22.000000,22.000000,31.000000,31.000000,32.000000,32.000000,32.000000,33.000000,33.000000,1,1,1,1,1,1,1,0,0,0,0,0,0,0,74,5376.204102,747,0,1,0.546533,-0.034614,-0.323305,-3.120000,-0.402000,0.080000,1
1.596965,8.931000,-66.046997,-11.913000,124.962997,23.865000,8.741000,140.514999,-6.720000,15.240000,2.160000,-25.200001,3.480000,12.480000,3.360000,-670.000000,-187.000000,696.000000,-2262.000000,356.000000,244.000000,444.000000,22.000000,22.000000,22.000000,22.000000,21.000000,22.000000,22.000000,31.000000,31.000000,32.000000,32.000000,32.000000,33.000000,33.000000,1,1,1,1,1,1,1,0,0,0,0,0,0,0,74,5376.203125,750,0,1,0.547852,-0.034620,-0.323209,-3.120000,-0.402000,0.080000,1
1.607143,8.874000,-65.934998,-11.891000,124.762001,23.906000,8.905000,140.557999,-6.600000,14.640000,2.510000,-26.400000,3.240000,14.880000,3.720000,-687.000000,19.000000,623.000000,-2538.000000,420.000000,391.000000,414.000000,22.000000,22.000000,22.000000,22.000000,21.000000,22.000000,22.000000,31.000000,31.000000,32.000000,32.000000,32.000000,33.000000,33.000000,1,1,1,1,1,1,1,0,0,0,0,0,0,0,74,5376.203125,747,0,1,0.548310,-0.034372,-0.323265,-3.119000,-0.401000,0.080000,1
1.617074,8.802000,-65.767998,-11.863000,124.474998,23.948000,9.095000,140.600998,-6.120000,14.880000,2.160000,-26.280001,3.240000,13.680000,3.720000,-883.000000,-81.000000,600.000000,-2775.000000,495.000000,293.000000,444.000000,22.000000,22.000000,22.000000,22.000000,21.000000,22.000000,22.000000,31.000000,31.000000,32.000000,32.000000,32.000000,33.000000,33.000000,1,1,1,1,1,1,1,0,0,0,0,0,0,0,74,5376.203125,748,0,1,0.549142,-0.034194,-0.323345,-3.119000,-0.401000,0.080000,1
1.626960,8.752000,-65.652000,-11.858000,124.373001,23.961000,9.154000,140.615005,-6.350000,14.400000,2.400000,-25.680000,3.120000,13.680000,3.240000,-704.000000,-240.000000,522.000000,-2429.000000,475.000000,219.000000,443.000000,22.000000,22.000000,22.000000,22.000000,21.000000,22.000000,22.000000,31.000000,31.000000,32.000000,32.000000,32.000000,33.000000,33.000000,1,1,1,1,1,1,1,0,0,0,0,0,0,0,74,5376.202148,750,0,1,0.549165,-0.034295,-0.323649,-3.119000,-0.399000,0.080000,1
1.637033,8.703000,-65.529999,-11.821000,124.064003,23.999001,9.324000,140.656998,-6.720000,14.400000,2.510000,-25.309999,3.120000,12.960000,3.600000,-690.000000,-90.000000,391.000000,-2851.000000,512.000000,456.000000,426.000000,22.000000,22.000000,22.000000,22.000000,21.000000,22.000000,22.000000,31.000000,31.000000,32.000000,32.000000,32.000000,33.000000,33.000000,1,1,1,1,1,1,1,0,0,0,0,0,0,0,74,5376.202148,747,0,1,0.550566,-0.034074,-0.323397,-3.118000,-0.400000,0.080000,1
1.647006,8.627000,-65.334999,-11.788000,123.745003,24.040001,9.493000,140.703995,-5.880000,14.640000,2.160000,-26.280001,3.000000,14.400000,3.840000,-791.000000,-469.000000,311.000000,-2600.000000,537.000000,289.000000,400.000000,22.000000,22.000000,22.000000,22.000000,21.000000,22.000000,22.000000,31.000000,31.000000,32.000000,32.000000,32.000000,33.000000,33.000000,1,1,1,1,1,1,1,0,0,0,0,0,0,0,74,5376.202148,749,0,1,0.551659,-0.033997,-0.323484,-3.118000,-0.400000,0.080000,1
1.657015,8.546000,-65.154999,-11.756000,123.424004,24.065001,9.615000,140.737000,-6.240000,14.520000,2.160000,-26.879999,2.760000,13.320000,3.840000,-793.000000,43.000000,268.000000,-2698.000000,583.000000,358.000000,415.000000,22.000000,22.000000,22.000000,22.000000,21.000000,22.000000,22.000000,31.000000,31.000000,32.000000,32.000000,32.000000,33.000000,33.000000,1,1,1,1,1,1,1,0,0,0,0,0,0,0,74,5376.200195,748,0,1,0.553104,-0.034186,-0.323420,-3.119000,-0.401000,0.081000,1
1.667096,8.489000,-65.018997,-11.736000,123.195000,24.105000,9.765000,140.781006,-5.880000,14.640000,2.040000,-26.400000,3.240000,14.520000,3.960000,-858.000000,-196.000000,270.000000,-2436.000000,533.000000,576.000000,354.000000,22.000000,22.000000,22.000000,22.000000,21.000000,22.000000,22.000000,31.000000,31.000000,32.000000,32.000000,32.000000,33.000000,33.000000,1,1,1,1,1,1,1,0,0,0,0,0,0,0,74,5376.200195,750,0,1,0.553761,-0.034022,-0.323497,-3.119000,-0.400000,0.080000,1
1.676983,8.445000,-64.906998,-11.725000,122.992996,24.120001,9.825000,140.800003,-5.400000,14.400000,1.680000,-25.080000,3.240000,13.920000,3.840000,-1028.000000,-170.000000,379.000000,-2441.000000,520.000000,438.000000,383.000000,22.000000,22.000000,22.000000,22.000000,21.000000,22.000000,22.000000,31.000000,31.000000,32.000000,32.000000,32.000000,33.000000,33.000000,1,1,1,1,1,1,1,0,0,0,0,0,0,0,74,5376.200195,748,0,1,0.554744,-0.034226,-0.323444,-3.119000,-0.401000,0.080000,1
1.686959,8.397000,-64.781998,-11.712000,122.778999,24.165001,10.001000,140.850998,-6.000000,14.880000,1.680000,-24.719999,3.720000,15.000000,4.080000,-946.000000,-129.000000,474.000000,-2195.000000,508.000000,252.000000,335.000000,22.000000,22.000000,22.000000,22.000000,21.000000,22.000000,22.000000,31.000000,31.000000,32.000000,32.000000,32.000000,33.000000,33.000000,1,1,1,1,1,1,1,0,0,0,0,0,0,0,74,5376.202148,748,0,1,0.555168,-0.033936,-0.323558,-3.118000,-0.400000,0.080000,1
1.696936,8.320000,-64.598000,-11.690000,122.445000,24.209000,10.163000,140.895996,-5.760000,14.400000,1.440000,-25.920000,3.720000,13.320000,3.960000,-923.000000,-162.000000,476.000000,-2905.000000,395.000000,484.000000,381.000000,22.000000,22.000000,22.000000,22.000000,21.000000,22.000000,22.000000,31.000000,31.000000,32.000000,32.000000,32.000000,33.000000,33.000000,1,1,1,1,1,1,1,0,0,0,0,0,0,0,74,5376.203125,748,0,1,0.556481,-0.033982,-0.323533,-3.118000,-0.400000,0.080000,1
1.706975,8.246000,-64.431999,-11.677000,122.139000,24.257000,10.347000,140.929001,-6.240000,14.520000,1.440000,-27.240000,3.600000,15.710000,4.200000,-1159.000000,-248.000000,704.000000,-2542.000000,296.000000,249.000000,352.000000,22.000000,22.000000,22.000000,22.000000,21.000000,22.000000,22.000000,31.000000,31.000000,32.000000,32.000000,32.000000,33.000000,33.000000,1,1,1,1,1,1,1,0,0,0,0,0,0,0,74,5376.202148,749,0,1,0.557507,-0.033952,-0.323542,-3.118000,-0.400000,0.079000,1
1.717107,8.170000,-64.255997,-11.653000,121.804001,24.283001,10.452000,140.975998,-6.350000,15.240000,1.560000,-27.840000,3.240000,14.640000,3.720000,-844.000000,-376.000000,676.000000,-2792.000000,357.000000,346.000000,365.000000,22.000000,22.000000,22.000000,22.000000,21.000000,22.000000,22.000000,31.000000,31.000000,32.000000,32.000000,32.000000,33.000000,33.000000,1,1,1,1,1,1,1,0,0,0,0,0,0,0,74,5376.202148,749,0,1,0.559180,-0.034232,-0.323396,-3.119000,-0.401000,0.080000,1
1.726960,8.140000,-64.191002,-11.644000,121.695999,24.299999,10.514000,140.992004,-6.240000,14.040000,1.800000,-26.280001,3.480000,13.800000,3.720000,-1055.000000,-93.000000,691.000000,-2172.000000,391.000000,330.000000,381.000000,22.000000,22.000000,22.000000,22.000000,21.000000,22.000000,22.000000,31.000000,31.000000,32.000000,32.000000,32.000000,33.000000,33.000000,1,1,1,1,1,1,1,0,0,0,0,0,0,0,74,5376.202148,748,0,1,0.559521,-0.034209,-0.323427,-3.119000,-0.401000,0.080000,1
1.736944,8.072000,-64.047997,-11.623000,121.403999,24.344000,10.722000,141.046005,-6.240000,15.480000,1.920000,-25.680000,2.510000,14.280000,3.720000,-1122.000000,-200.000000,543.000000,-2344.000000,438.000000,382.000000,378.000000,22.000000,22.000000,22.000000,22.000000,21.000000,22.000000,22.000000,31.000000,31.000000,32.000000,32.000000,32.000000,33.000000,33.000000,1,1,1,1,1,1,1,0,0,0,0,0,0,0,74,5376.200195,748,0,1,0.560413,-0.033976,-0.323392,-3.118000,-0.401000,0.079000,1
1.746972,7.974000,-63.835999,-11.601000,121.120003,24.377001,10.890000,141.095001,-6.480000,14.880000,1.800000,-26.879999,2.510000,15.120000,3.720000,-978.000000,-190.000000,568.000000,-2312.000000,465.000000,289.000000,430.000000,22.000000,22.000000,22.000000,22.000000,21.000000,22.000000,22.000000,31.000000,31.000000,32.000000,32.000000,32.000000,33.000000,33.000000,1,1,1,1,1,1,1,0,0,0,0,0,0,0,74,5376.202148,749,0,1,0.561059,-0.034002,-0.323704,-3.119000,-0.399000,0.079000,1
1.756994,7.922000,-63.717999,-11.580000,120.776001,24.410000,11.063000,141.145996,-6.000000,15.120000,1.560000,-25.920000,2.510000,13.680000,3.720000,-952.000000,-47.000000,577.000000,-2212.000000,535.000000,595.000000,411.000000,22.000000,22.000000,22.000000,22.000000,21.000000,22.000000,22.000000,31.000000,31.000000,32.000000,32.000000,32.000000,33.000000,33.000000,1,1,1,1,1,1,1,0,0,0,0,0,0,0,74,5376.203125,748,0,1,0.562750,-0.033943,-0.323315,-3.118000,-0.401000,0.079000,1
1.766977,7.841000,-63.535000,-11.559000,120.443001,24.427999,11.181000,141.182007,-6.960000,14.150000,1.680000,-27.240000,2.510000,16.080000,4.080000,-843.000000,-65.000000,512.000000,-2292.000000,556.000000,402.000000,405.000000,22.000000,22.000000,22.000000,22.000000,21.000000,22.000000,22.000000,31.000000,31.000000,32.000000,32.000000,32.000000,33.000000,33.000000,1,1,1,1,1,1,1,0,0,0,0,0,0,0,74,5376.204102,749,0,1,0.564286,-0.034216,-0.323231,-3.119000,-0.402000,0.080000,1
1.776941,7.787000,-63.417999,-11.545000,120.231003,24.459000,11.355000,141.229996,-6.960000,13.920000,1.560000,-26.280001,2.160000,12.600000,3.720000,-678.000000,-374.000000,479.000000,-1926.000000,562.000000,138.000000,379.000000,22.000000,22.000000,22.000000,22.000000,21.000000,22.000000,22.000000,31.000000,31.000000,32.000000,32.000000,32.000000,33.000000,33.000000,1,1,1,1,1,1,1,0,0,0,0,0,0,0,74,5376.206055,749,0,1,0.564722,-0.033962,-0.323312,-3.119000,-0.401000,0.079000,1
1.786961,7.745000,-63.306999,-11.531000,120.051003,24.469999,11.408000,141.251999,-5.400000,11.640000,1.440000,-21.959999,2.400000,12.600000,3.360000,-808.000000,-538.000000,486.000000,-1680.000000,575.000000,161.000000,342.000000,22.000000,22.000000,22.000000,22.000000,21.000000,22.000000,22.000000,31.000000,31.000000,32.000000,32.000000,32.000000,33.000000,33.000000,1,1,1,1,1,1,1,0,0,0,0,0,0,0,74,5376.203125,751,0,1,0.565543,-0.034114,-0.323323,-3.119000,-0.401000,0.079000,1
1.796978,7.687000,-63.174999,-11.513000,119.874001,24.499001,11.530000,141.285995,-5.030000,11.040000,1.320000,-19.799999,2.280000,10.800000,2.880000,-810.000000,-339.000000,412.000000,-2012.000000,592.000000,623.000000,331.000000,22.000000,22.000000,22.000000,22.000000,21.000000,22.000000,22.000000,31.000000,31.000000,32.000000,32.000000,32.000000,33.000000,33.000000,1,1,1,1,1,1,1,0,0,0,0,0,0,0,74,5376.198242,748,0,1,0.565858,-0.033988,-0.323541,-3.119000,-0.400000,0.079000,0
1.806911,7.650000,-63.090000,-11.494000,119.657997,24.528000,11.674000,141.320999,-4.670000,10.440000,1.080000,-19.799999,2.040000,11.880000,2.880000,-757.000000,-129.000000,366.000000,-2233.000000,580.000000,302.000000,355.000000,22.000000,22.000000,22.000000,22.000000,22.000000,22.000000,22.000000,31.000000,31.000000,32.000000,32.000000,32.000000,33.000000,33.000000,1,1,1,1,1,1,1,0,0,0,0,0,0,0,74,5376.199219,748,0,1,0.566675,-0.033758,-0.323397,-3.118000,-0.401000,0.079000,0
1.816944,7.594000,-62.952999,-11.486000,119.421997,24.554001,11.810000,141.345001,-3.600000,11.160000,0.480000,-19.440001,2.160000,13.080000,2.400000,-1002.000000,-182.000000,353.000000,-2781.000000,581.000000,101.000000,316.000000,22.000000,22.000000,22.000000,22.000000,22.000000,22.000000,22.000000,31.000000,31.000000,32.000000,32.000000,32.000000,33.000000,33.000000,1,1,1,1,1,1,1,0,0,0,0,0,0,0,74,5376.203125,749,0,1,0.567430,-0.033764,-0.323456,-3.118000,-0.400000,0.079000,0
1.826911,7.544000,-62.818001,-11.482000,119.257004,24.575001,11.899000,141.376007,-3.600000,10.920000,0.240000,-19.080000,2.400000,9.840000,2.510000,-891.000000,-481.000000,410.000000,-2882.000000,520.000000,217.000000,357.000000,22.000000,22.000000,22.000000,22.000000,22.000000,22.000000,22.000000,31.000000,31.000000,32.000000,32.000000,32.000000,33.000000,33.000000,1,1,1,1,1,1,1,0,0,0,0,0,0,0,74,5376.204102,748,0,1,0.567769,-0.033812,-0.323704,-3.118000,-0.400000,0.079000,0
1.836918,7.513000,-62.730000,-11.480000,119.010002,24.601000,12.025000,141.406006,-4.320000,10.560000,0.120000,-21.120001,2.510000,11.520000,2.400000,-849.000000,-206.000000,411.000000,-2774.000000,485.000000,479.000000,332.000000,22.000000,22.000000,22.000000,22.000000,22.000000,22.000000,22.000000,31.000000,31.000000,32.000000,32.000000,32.000000,33.000000,33.000000,1,1,1,1,1,1,1,0,0,0,0,0,0,0,74,5376.203125,749,0,1,0.568941,-0.033815,-0.323449,-3.118000,-0.400000,0.079000,0
1.846934,7.463000,-62.598000,-11.477000,118.759003,24.618999,12.116000,141.425003,-4.080000,11.040000,0.000000,-21.600000,2.160000,10.440000,2.640000,-640.000000,-247.000000,264.000000,-2640.000000,450.000000,215.000000,355.000000,22.000000,22.000000,22.000000,22.000000,22.000000,22.000000,22.000000,31.000000,31.000000,32.000000,32.000000,32.000000,33.000000,33.000000,1,1,1,1,1,1,1,0,0,0,0,0,0,0,74,5376.199219,749,0,1,0.570099,-0.034041,-0.323371,-3.119000,-0.401000,0.079000,0
1.856957,7.418000,-62.467999,-11.482000,118.583000,24.646999,12.248000,141.449997,-3.600000,10.800000,-0.360000,-21.000000,2.160000,11.160000,2.280000,-727.000000,-406.000000,49.000000,-2489.000000,363.000000,260.000000,350.000000,22.000000,22.000000,22.000000,22.000000,22.000000,22.000000,22.000000,31.000000,31.000000,32.000000,32.000000,32.000000,33.000000,33.000000,1,1,1,1,1,1,1,0,0,0,0,0,0,0,74,5376.200195,750,0,1,0.570329,-0.033979,-0.323618,-3.118000,-0.400000,0.079000,0
1.866949,7.404000,-62.414001,-11.483000,118.429001,24.658001,12.302000,141.459000,-3.240000,10.200000,-0.360000,-20.879999,2.160000,11.040000,2.040000,-712.000000,-361.000000,38.000000,-2766.000000,368.000000,357.000000,335.000000,22.000000,22.000000,22.000000,22.000000,22.000000,22.000000,22.000000,31.000000,31.000000,32.000000,32.000000,32.000000,33.000000,33.000000,1,1,1,1,1,1,1,0,0,0,0,0,0,0,74,5376.203125,748,0,1,0.571194,-0.034075,-0.323425,-3.119000,-0.401000,0.079000,0
1.876998,7.369000,-62.292000,-11.491000,118.196999,24.681999,12.422000,141.485001,-2.880000,10.560000,-0.720000,-20.040001,1.560000,11.760000,2.160000,-947.000000,-219.000000,-49.000000,-3242.000000,390.000000,563.000000,330.000000,22.000000,22.000000,22.000000,22.000000,22.000000,22.000000,22.000000,31.000000,31.000000,32.000000,32.000000,32.000000,33.000000,33.000000,1,1,1,1,1,1,1,0,0,0,0,0,0,0,74,5376.203125,749,0,1,0.572050,-0.034149,-0.323414,-3.119000,-0.401000,0.079000,0
1.886953,7.345000,-62.202999,-11.497000,118.016998,24.705000,12.573000,141.509003,-3.000000,10.680000,-0.840000,-19.440001,1.560000,12.120000,1.560000,-718.000000,-266.000000,-127.000000,-2482.000000,378.000000,297.000000,342.000000,22.000000,22.000000,22.000000,22.000000,22.000000,22.000000,22.000000,31.000000,31.000000,32.000000,32.000000,32.000000,33.000000,33.000000,1,1,1,1,1,1,1,0,0,0,0,0,0,0,74,5376.202148,749,0,1,0.572435,-0.033950,-0.323452,-3.118000,-0.401000,0.078000,0
1.896925,7.304000,-62.068001,-11.509000,117.766998,24.719000,12.665000,141.522995,-3.120000,10.440000,-1.080000,-21.240000,1.200000,10.800000,1.560000,-704.000000,-402.000000,-220.000000,-2802.000000,382.000000,235.000000,363.000000,22.000000,22.000000,22.000000,22.000000,22.000000,22.000000,22.000000,31.000000,31.000000,32.000000,32.000000,32.000000,33.000000,33.000000,1,1,1,1,1,1,1,0,0,0,0,0,0,0,74,5376.202148,749,0,1,0.573536,-0.034245,-0.323408,-3.118000,-0.401000,0.079000,0
1.906886,7.271000,-61.938999,-11.521000,117.598999,24.730000,12.807000,141.542999,-2.280000,11.520000,-1.440000,-21.000000,1.080000,10.070000,1.680000,-648.000000,-202.000000,-266.000000,-2503.000000,418.000000,344.000000,348.000000,22.000000,22.000000,22.000000,22.000000,21.000000,22.000000,22.000000,31.000000,31.000000,32.000000,32.000000,32.000000,33.000000,33.000000,1,1,1,1,1,1,1,0,0,0,0,0,0,0,74,5376.203125,751,0,1,0.573634,-0.034170,-0.323703,-3.118000,-0.400000,0.079000,0
1.916982,7.249000,-61.842999,-11.542000,117.344002,24.740999,12.943000,141.561005,-2.280000,10.200000,-1.800000,-20.879999,0.720000,10.800000,1.440000,-675.000000,-291.000000,-262.000000,-2858.000000,437.000000,316.000000,338.000000,22.000000,22.000000,22.000000,22.000000,21.000000,22.000000,22.000000,31.000000,31.000000,32.000000,32.000000,32.000000,33.000000,33.000000,1,1,1,1,1,1,1,0,0,0,0,0,0,0,74,5376.202148,748,0,1,0.574734,-0.034294,-0.323497,-3.118000,-0.400000,0.079000,0
1.926976,7.219000,-61.703999,-11.571000,117.097000,24.746000,13.039000,141.574997,-1.920000,10.200000,-2.160000,-20.639999,0.720000,12.360000,1.440000,-699.000000,-545.000000,-252.000000,-2863.000000,432.000000,202.000000,335.000000,22.000000,22.000000,22.000000,22.000000,21.000000,22.000000,22.000000,31.000000,31.000000,32.000000,32.000000,32.000000,33.000000,33.000000,1,1,1,1,1,1,1,0,0,0,0,0,0,0,74,5376.202148,748,0,1,0.575737,-0.034650,-0.323508,-3.119000,-0.401000,0.079000,0
1.936916,7.200000,-61.568001,-11.598000,116.856003,24.756001,13.198000,141.593994,-1.800000,11.640000,-2.510000,-21.600000,0.360000,13.080000,1.440000,-748.000000,-142.000000,-287.000000,-3016.000000,466.000000,257.000000,317.000000,22.000000,22.000000,22.000000,22.000000,21.000000,22.000000,22.000000,31.000000,31.000000,32.000000,32.000000,32.000000,33.000000,33.000000,1,1,1,1,1,1,1,0,0,0,0,0,0,0,74,5376.202148,747,0,1,0.576364,-0.034677,-0.323613,-3.118000,-0.400000,0.079000,0
1.946900,7.182000,-61.479000,-11.618000,116.689003,24.764999,13.337000,141.604996,-1.680000,10.200000,-2.640000,-21.240000,0.480000,12.120000,0.960000,-688.000000,-499.000000,-282.000000,-2821.000000,469.000000,500.000000,309.000000,22.000000,22.000000,22.000000,22.000000,21.000000,22.000000,22.000000,31.000000,31.000000,32.000000,32.000000,32.000000,33.000000,33.000000,1,1,1,1,1,1,1,0,0,0,0,0,0,0,74,5376.203125,749,0,1,0.576660,-0.034614,-0.323697,-3.118000,-0.400000,0.078000,0
1.956940,7.169000,-61.393002,-11.624000,116.592003,24.767000,13.385000,141.610001,-1.560000,10.440000,-2.760000,-20.280001,0.360000,11.640000,0.960000,-598.000000,-277.000000,-361.000000,-2473.000000,482.000000,254.000000,317.000000,22.000000,22.000000,22.000000,22.000000,21.000000,22.000000,22.000000,31.000000,31.000000,32.000000,32.000000,32.000000,33.000000,33.000000,1,1,1,1,1,1,1,0,0,0,0,0,0,0,74,5376.204102,751,0,1,0.576829,-0.034663,-0.323899,-3.118000,-0.399000,0.079000,0
1.966886,7.156000,-61.298000,-11.657000,116.332001,24.771999,13.527000,141.619003,-1.440000,10.070000,-3.000000,-19.920000,0.480000,11.640000,1.320000,-535.000000,-375.000000,-233.000000,-2176.000000,493.000000,145.000000,332.000000,22.000000,22.000000,22.000000,22.000000,21.000000,22.000000,22.000000,31.000000,31.000000,32.000000,32.000000,32.000000,33.000000,33.000000,1,1,1,1,1,1,1,0,0,0,0,0,0,0,74,5376.202148,748,0,1,0.577938,-0.034849,-0.323681,-3.118000,-0.400000,0.079000,0
1.976891,7.142000,-61.169998,-11.686000,116.086998,24.778000,13.631000,141.630005,-1.200000,10.800000,-3.240000,-21.840000,0.000000,12.240000,0.720000,-494.000000,-367.000000,-332.000000,-2325.000000,493.000000,266.000000,323.000000,22.000000,22.000000,22.000000,22.000000,21.000000,22.000000,22.000000,31.000000,31.000000,32.000000,32.000000,32.000000,33.000000,33.000000,1,1,1,1,1,1,1,0,0,0,0,0,0,0,74,5376.199219,748,0,1,0.578940,-0.035090,-0.323655,-3.118000,-0.400000,0.079000,0
1.986917,7.123000,-61.043999,-11.712000,115.919998,24.778999,13.772000,141.638000,-0.840000,10.680000,-3.360000,-19.440001,0.240000,12.000000,0.480000,-455.000000,-276.000000,-447.000000,-2560.000000,480.000000,495.000000,314.000000,22.000000,22.000000,22.000000,22.000000,21.000000,22.000000,22.000000,31.000000,31.000000,32.000000,32.000000,32.000000,33.000000,33.000000,1,1,1,1,1,1,1,0,0,0,0,0,0,0,74,5376.199219,747,0,1,0.579002,-0.035074,-0.323963,-3.118000,-0.399000,0.079000,0
1.997018,7.121000,-61.000000,-11.722000,115.750000,24.782000,13.820000,141.639008,-0.840000,10.800000,-3.480000,-20.879999,0.000000,12.000000,0.720000,-466.000000,-328.000000,-442.000000,-2805.000000,473.000000,414.000000,304.000000,22.000000,22.000000,22.000000,22.000000,21.000000,22.000000,22.000000,31.000000,31.000000,32.000000,32.000000,32.000000,33.000000,33.000000,1,1,1,1,1,1,1,0,0,0,0,0,0,0,74,5376.203125,748,0,1,0.580085,-0.035243,-0.323654,-3.118000,-0.400000,0.079000,0
2.006827,7.112000,-60.875999,-11.754000,115.495003,24.785999,13.965000,141.649002,-0.480000,11.280000,-3.840000,-21.240000,0.240000,12.240000,0.240000,-485.000000,-81.000000,-469.000000,-2738.000000,498.000000,275.000000,281.000000,22.000000,22.000000,22.000000,22.000000,21.000000,22.000000,22.000000,31.000000,31.000000,32.000000,32.000000,32.000000,33.000000,33.000000,1,1,1,1,1,1,1,0,0,0,0,0,0,0,74,5376.203125,748,0,1,0.580977,-0.035360,-0.323625,-3.118000,-0.400000,0.079000,0
2.016930,7.108000,-60.750000,-11.788000,115.234001,24.787001,14.107000,141.656006,-0.120000,10.200000,-4.670000,-21.959999,0.000000,11.880000,0.120000,-463.000000,-203.000000,-335.000000,-2723.000000,479.000000,368.000000,258.000000,22.000000,22.000000,22.000000,22.000000,22.000000,22.000000,22.000000,31.000000,31.000000,32.000000,32.000000,32.000000,33.000000,33.000000,1,1,1,1,1,1,1,0,0,0,0,0,0,0,74,5376.202148,749,0,1,0.581907,-0.035488,-0.323595,-3.118000,-0.400000,0.079000,0
2.026870,7.105000,-60.658001,-11.810000,115.047997,24.789000,14.249000,141.658005,-0.120000,10.920000,-4.560000,-20.760000,0.000000,12.480000,0.600000,-480.000000,-442.000000,-375.000000,-2893.000000,464.000000,525.000000,274.000000,22.000000,22.000000,22.000000,22.000000,22.000000,22.000000,22.000000,31.000000,31.000000,32.000000,32.000000,32.000000,33.000000,33.000000,1,1,1,1,1,1,1,0,0,0,0,0,0,0,74,5376.199219,748,0,1,0.582342,-0.035412,-0.323639,-3.117000,-0.400000,0.079000,0
2.036809,7.106000,-60.550999,-11.852000,114.808998,24.790001,14.401000,141.664001,0.000000,10.440000,-4.320000,-21.719999,0.000000,13.080000,0.360000,-428.000000,-39.000000,-432.000000,-2911.000000,440.000000,224.000000,237.000000,22.000000,22.000000,22.000000,22.000000,22.000000,22.000000,22.000000,31.000000,31.000000,32.000000,32.000000,32.000000,33.000000,33.000000,1,1,1,1,1,1,1,0,0,0,0,0,0,0,74,5376.200195,748,0,1,0.583110,-0.035518,-0.323596,-3.117000,-0.400000,0.079000,0
2.046844,7.108000,-60.426998,-11.909000,114.531998,24.792000,14.503000,141.664993,0.120000,9.600000,-4.670000,-21.000000,0.000000,11.880000,0.000000,-230.000000,-418.000000,-492.000000,-2511.000000,419.000000,160.000000,238.000000,22.000000,22.000000,22.000000,22.000000,22.000000,22.000000,22.000000,31.000000,31.000000,32.000000,32.000000,32.000000,33.000000,33.000000,1,1,1,1,1,1,1,0,0,0,0,0,0,0,74,5376.202148,747,0,1,0.584404,-0.035980,-0.323444,-3.117000,-0.401000,0.079000,0
2.056871,7.106000,-60.353001,-11.953000,114.362000,24.792000,14.643000,141.667999,0.120000,10.070000,-5.520000,-21.360001,0.000000,11.160000,0.000000,-97.000000,-213.000000,-614.000000,-2524.000000,370.000000,559.000000,226.000000,22.000000,22.000000,22.000000,22.000000,22.000000,22.000000,22.000000,31.000000,31.000000,32.000000,32.000000,32.000000,33.000000,33.000000,1,1,1,1,1,1,1,0,0,0,0,0,0,0,74,5376.200195,748,0,1,0.584775,-0.036067,-0.323445,-3.117000,-0.401000,0.079000,0
2.066804,7.106000,-60.269001,-12.005000,114.190002,24.792000,14.692000,141.667999,0.120000,9.350000,-5.640000,-20.520000,0.000000,12.120000,0.000000,3.000000,-413.000000,-470.000000,-2512.000000,349.000000,484.000000,219.000000,22.000000,22.000000,22.000000,22.000000,22.000000,22.000000,22.000000,31.000000,31.000000,32.000000,32.000000,32.000000,33.000000,33.000000,1,1,1,1,1,1,1,0,0,0,0,0,0,0,74,5376.202148,748,0,1,0.585585,-0.036544,-0.323382,-3.118000,-0.401000,0.079000,0
2.077038,7.112000,-60.150002,-12.079000,113.946999,24.792000,14.841000,141.667007,0.480000,10.070000,-5.400000,-20.280001,0.000000,13.440000,0.000000,103.000000,-132.000000,-409.000000,-2752.000000,279.000000,324.000000,170.000000,22.000000,22.000000,22.000000,22.000000,22.000000,22.000000,22.000000,31.000000,31.000000,32.000000,32.000000,32.000000,33.000000,33.000000,1,1,1,1,1,1,1,0,0,0,0,0,0,0,74,5376.202148,748,0,1,0.586305,-0.036905,-0.323403,-3.118000,-0.401000,0.079000,0
2.086924,7.117000,-60.063000,-12.137000,113.780998,24.792000,14.988000,141.667007,0.600000,10.200000,-5.760000,-19.920000,0.000000,11.880000,0.000000,146.000000,-224.000000,-372.000000,-1974.000000,196.000000,302.000000,105.000000,22.000000,22.000000,22.000000,22.000000,22.000000,22.000000,22.000000,31.000000,31.000000,32.000000,32.000000,32.000000,33.000000,33.000000,1,1,1,1,1,1,1,0,0,0,0,0,0,0,74,5376.204102,746,0,1,0.586514,-0.037026,-0.323512,-3.117000,-0.400000,0.079000,0
2.096851,7.128000,-59.932999,-12.234000,113.523003,24.792000,15.085000,141.671005,0.840000,9.720000,-6.120000,-20.040001,0.000000,10.680000,0.000000,184.000000,-275.000000,-428.000000,-2334.000000,131.000000,411.000000,46.000000,22.000000,22.000000,22.000000,22.000000,22.000000,22.000000,22.000000,31.000000,31.000000,32.000000,32.000000,32.000000,33.000000,33.000000,1,1,1,1,1,1,1,0,0,0,0,0,0,0,74,5376.202148,748,0,1,0.587557,-0.037747,-0.323486,-3.118000,-0.401000,0.078000,0
2.106852,7.135000,-59.852001,-12.289000,113.372002,24.790001,15.231000,141.667007,1.200000,9.240000,-6.960000,-20.879999,-0.240000,12.480000,-0.240000,261.000000,-267.000000,-596.000000,-2595.000000,30.000000,307.000000,-17.000000,22.000000,22.000000,22.000000,22.000000,22.000000,22.000000,22.000000,31.000000,31.000000,32.000000,32.000000,32.000000,33.000000,33.000000,1,1,1,1,1,1,1,0,0,0,0,0,0,0,74,5376.202148,747,0,1,0.587664,-0.037830,-0.323617,-3.117000,-0.400000,0.078000,0
2.116861,7.152000,-59.728001,-12.376000,113.126999,24.790001,15.386000,141.664993,1.680000,9.960000,-7.320000,-21.600000,-0.240000,12.840000,-0.600000,229.000000,-401.000000,-330.000000,-2696.000000,8.000000,155.000000,-67.000000,22.000000,22.000000,22.000000,22.000000,21.000000,22.000000,22.000000,31.000000,31.000000,32.000000,32.000000,32.000000,33.000000,33.000000,1,1,1,1,1,1,1,0,0,0,0,0,0,0,74,5376.200195,749,0,1,0.588316,-0.038208,-0.323679,-3.117000,-0.399000,0.077000,0
2.126831,7.180000,-59.598000,-12.457000,112.865997,24.790001,15.494000,141.664993,2.160000,10.200000,-6.840000,-20.760000,-0.360000,11.160000,-0.360000,211.000000,-293.000000,-3.000000,-3042.000000,-38.000000,181.000000,-113.000000,22.000000,22.000000,22.000000,22.000000,21.000000,22.000000,22.000000,31.000000,31.000000,32.000000,32.000000,32.000000,33.000000,33.000000,1,1,1,1,1,1,1,0,0,0,0,0,0,0,74,5376.200195,748,0,1,0.589340,-0.038670,-0.323665,-3.117000,-0.400000,0.077000,0
2.136829,7.189000,-59.557999,-12.481000,112.783997,24.785999,15.584000,141.664993,2.280000,9.840000,-5.880000,-21.480000,-0.360000,10.920000,-0.480000,196.000000,-357.000000,-470.000000,-2760.000000,-61.000000,396.000000,-122.000000,22.000000,22.000000,22.000000,22.000000,21.000000,22.000000,22.000000,31.000000,31.000000,32.000000,32.000000,32.000000,33.000000,33.000000,1,1,1,1,1,1,1,0,0,0,0,0,0,0,74,5376.202148,748,0,1,0.589372,-0.038621,-0.323725,-3.117000,-0.399000,0.077000,0
2.146863,7.216000,-59.439999,-12.562000,112.527000,24.785000,15.680000,141.664993,2.880000,9.480000,-6.840000,-22.200001,-0.240000,13.320000,-0.720000,-6.000000,-359.000000,-463.000000,-2664.000000,-72.000000,303.000000,-146.000000,22.000000,22.000000,22.000000,22.000000,21.000000,22.000000,22.000000,31.000000,31.000000,32.000000,32.000000,32.000000,33.000000,33.000000,1,1,1,1,1,1,1,0,0,0,0,0,0,0,74,5376.200195,748,0,1,0.590489,-0.039144,-0.323635,-3.117000,-0.400000,0.076000,0
2.156866,7.249000,-59.361000,-12.616000,112.365997,24.781000,15.834000,141.664001,2.640000,9.720000,-6.840000,-21.959999,-0.480000,12.360000,-0.960000,158.000000,-467.000000,-520.000000,-2948.000000,-131.000000,128.000000,-138.000000,22.000000,22.000000,22.000000,22.000000,21.000000,22.000000,22.000000,31.000000,31.000000,32.000000,32.000000,32.000000,33.000000,33.000000,1,1,1,1,1,1,1,0,0,0,0,0,0,0,74,5376.202148,748,0,1,0.590651,-0.039066,-0.323742,-3.116000,-0.399000,0.076000,0
2.166814,7.270000,-59.245998,-12.689000,112.112000,24.778000,15.979000,141.664993,2.880000,10.200000,-7.560000,-19.920000,-0.480000,12.480000,-0.720000,150.000000,-402.000000,-820.000000,-2302.000000,-139.000000,476.000000,-163.000000,22.000000,22.000000,22.000000,22.000000,21.000000,22.000000,22.000000,31.000000,31.000000,32.000000,32.000000,32.000000,33.000000,33.000000,1,1,1,1,1,1,1,0,0,0,0,0,0,0,74,5376.202148,750,0,1,0.591496,-0.039380,-0.323705,-3.116000,-0.399000,0.076000,0
2.176855,7.304000,-59.132999,-12.763000,111.849998,24.774000,16.073000,141.664001,2.640000,9.000000,-7.920000,-21.719999,-0.720000,11.160000,-1.080000,392.000000,-312.000000,-432.000000,-2419.000000,-180.000000,452.000000,-153.000000,22.000000,22.000000,22.000000,22.000000,21.000000,22.000000,22.000000,31.000000,31.000000,32.000000,32.000000,32.000000,33.000000,33.000000,1,1,1,1,1,1,1,0,0,0,0,0,0,0,74,5376.203125,748,0,1,0.592712,-0.039847,-0.323560,-3.116000,-0.400000,0.076000,0
2.186963,7.332000,-59.051998,-12.825000,111.680000,24.770000,16.214001,141.660004,3.480000,9.720000,-8.280000,-20.879999,-0.960000,12.120000,-1.200000,217.000000,-384.000000,-320.000000,-2740.000000,-192.000000,303.000000,-197.000000,22.000000,22.000000,22.000000,22.000000,21.000000,22.000000,22.000000,31.000000,31.000000,32.000000,32.000000,32.000000,33.000000,33.000000,1,1,1,1,1,1,1,0,0,0,0,0,0,0,74,5376.200195,750,0,1,0.593002,-0.039933,-0.323629,-3.116000,-0.400000,0.075000,0
2.196922,7.371000,-58.945000,-12.922000,111.426003,24.763000,16.364000,141.654007,3.720000,9.350000,-8.040000,-20.520000,-1.200000,11.160000,-1.560000,320.000000,-322.000000,-365.000000,-2411.000000,-212.000000,263.000000,-214.000000,22.000000,22.000000,22.000000,22.000000,21.000000,22.000000,22.000000,31.000000,31.000000,32.000000,32.000000,32.000000,33.000000,33.000000,1,1,1,1,1,1,1,0,0,0,0,0,0,0,74,5376.200195,749,0,1,0.593834,-0.040353,-0.323568,-3.116000,-0.400000,0.075000,1
2.207017,7.419000,-58.834999,-13.020000,111.171997,24.760000,16.459999,141.643005,3.720000,10.560000,-9.000000,-22.559999,-1.200000,13.200000,-1.440000,305.000000,-170.000000,-722.000000,-3491.000000,-240.000000,634.000000,-226.000000,22.000000,22.000000,22.000000,22.000000,21.000000,22.000000,22.000000,31.000000,31.000000,32.000000,32.000000,32.000000,33.000000,33.000000,1,1,1,1,1,1,1,0,0,0,0,0,0,0,74,5376.200195,749,0,1,0.594942,-0.040921,-0.323459,-3.116000,-0.401000,0.074000,1
2.216912,7.456000,-58.748001,-13.103000,110.959999,24.746000,16.639999,141.626999,4.320000,12.480000,-11.040000,-26.760000,-1.560000,16.680000,-1.440000,341.000000,269.000000,-1097.000000,-3805.000000,-293.000000,358.000000,-205.000000,22.000000,22.000000,22.000000,22.000000,22.000000,22.000000,22.000000,31.000000,31.000000,32.000000,32.000000,32.000000,33.000000,33.000000,1,1,1,1,1,1,1,0,0,0,0,0,0,0,74,5376.203125,748,0,1,0.595331,-0.041101,-0.323478,-3.115000,-0.400000,0.074000,1
2.226920,7.506000,-58.602001,-13.230000,110.628998,24.735001,16.767000,141.613007,4.440000,12.600000,-11.880000,-26.639999,-1.800000,16.559999,-1.800000,371.000000,-465.000000,-316.000000,-3000.000000,-279.000000,153.000000,-234.000000,22.000000,22.000000,22.000000,22.000000,22.000000,22.000000,22.000000,31.000000,31.000000,32.000000,32.000000,32.000000,33.000000,33.000000,1,1,1,1,1,1,1,0,0,0,0,0,0,0,74,5376.204102,749,0,1,0.596737,-0.041923,-0.323345,-3.116000,-0.401000,0.074000,1
2.236926,7.528000,-58.546001,-13.281000,110.515999,24.737000,16.889999,141.600998,4.800000,12.600000,-10.920000,-28.799999,-1.800000,14.760000,-1.560000,428.000000,-358.000000,-287.000000,-3398.000000,-296.000000,375.000000,-252.000000,22.000000,22.000000,22.000000,22.000000,22.000000,22.000000,22.000000,31.000000,31.000000,32.000000,32.000000,32.000000,33.000000,33.000000,1,1,1,1,1,1,1,0,0,0,0,0,0,0,74,5376.200195,748,0,1,0.596748,-0.041935,-0.323450,-3.115000,-0.400000,0.074000,1
2.246918,7.591000,-58.402000,-13.406000,110.183998,24.728001,17.009001,141.587006,5.030000,12.480000,-11.040000,-28.200001,-1.920000,16.680000,-1.800000,330.000000,-260.000000,-280.000000,-2793.000000,-294.000000,357.000000,-256.000000,22.000000,22.000000,22.000000,22.000000,22.000000,22.000000,22.000000,31.000000,31.000000,32.000000,32.000000,32.000000,33.000000,33.000000,1,1,1,1,1,1,1,0,0,0,0,0,0,0,74,5376.199219,748,0,1,0.598217,-0.042701,-0.323302,-3.116000,-0.402000,0.073000,1
2.256945,7.650000,-58.235001,-13.521000,109.825996,24.726999,17.198999,141.569000,4.670000,13.080000,-11.400000,-28.080000,-2.040000,17.520000,-1.440000,437.000000,-293.000000,-836.000000,-2542.000000,-288.000000,416.000000,-303.000000,22.000000,22.000000,22.000000,22.000000,22.000000,22.000000,22.000000,31.000000,31.000000,32.000000,32.000000,32.000000,33.000000,33.000000,1,1,1,1,1,1,1,0,0,0,0,0,0,0,74,5376.202148,747,0,1,0.599442,-0.043173,-0.323273,-3.115000,-0.402000,0.073000,1
2.266937,7.693000,-58.125000,-13.605000,109.609001,24.726000,17.395000,141.548996,4.670000,12.360000,-11.040000,-28.080000,-2.400000,16.559999,-1.320000,376.000000,-506.000000,-541.000000,-2541.000000,-225.000000,621.000000,-323.000000,22.000000,22.000000,22.000000,22.000000,22.000000,22.000000,22.000000,31.000000,31.000000,32.000000,32.000000,32.000000,33.000000,33.000000,1,1,1,1,1,1,1,0,0,0,0,0,0,0,74,5376.204102,750,0,1,0.599675,-0.043235,-0.323431,-3.114000,-0.401000,0.073000,1
2.276852,7.753000,-57.973000,-13.735000,109.280998,24.701000,17.605000,141.535004,4.920000,12.840000,-11.400000,-26.760000,-2.510000,16.559999,-1.440000,268.000000,-212.000000,-552.000000,-2545.000000,-203.000000,329.000000,-336.000000,22.000000,22.000000,22.000000,22.000000,22.000000,22.000000,22.000000,31.000000,31.000000,32.000000,32.000000,32.000000,33.000000,33.000000,1,1,1,1,1,1,1,0,0,0,0,0,0,0,74,5376.203125,748,0,1,0.600540,-0.043761,-0.323474,-3.114000,-0.401000,0.073000,1
2.286941,7.814000,-57.797001,-13.870000,108.941002,24.677999,17.743000,141.516006,4.440000,12.240000,-10.440000,-27.840000,-2.640000,15.240000,-1.320000,398.000000,-289.000000,-365.000000,-3094.000000,-128.000000,261.000000,-334.000000,22.000000,22.000000,22.000000,22.000000,22.000000,22.000000,22.000000,31.000000,31.000000,32.000000,32.000000,32.000000,33.000000,33.000000,1,1,1,1,1,1,1,0,0,0,0,0,0,0,74,5376.203125,748,0,1,0.601762,-0.044602,-0.323527,-3.115000,-0.401000,0.073000,1
2.296839,7.852000,-57.689999,-13.952000,108.714996,24.646999,17.948999,141.498001,4.560000,12.840000,-9.480000,-28.430000,-2.760000,16.559999,-1.320000,338.000000,-324.000000,-672.000000,-2998.000000,-108.000000,266.000000,-347.000000,22.000000,22.000000,22.000000,22.000000,22.000000,22.000000,22.000000,31.000000,31.000000,32.000000,32.000000,32.000000,33.000000,33.000000,1,1,1,1,1,1,1,0,0,0,0,0,0,0,74,5376.199219,748,0,1,0.602014,-0.044739,-0.323648,-3.114000,-0.400000,0.073000,1
2.307031,7.910000,-57.542000,-14.083000,108.384003,24.628000,18.087000,141.488007,4.920000,12.600000,-11.880000,-27.719999,-2.400000,16.559999,-1.440000,303.000000,-391.000000,-674.000000,-2951.000000,-106.000000,187.000000,-353.000000,22.000000,22.000000,22.000000,22.000000,22.000000,22.000000,22.000000,31.000000,31.000000,32.000000,32.000000,32.000000,33.000000,33.000000,1,1,1,1,1,1,1,0,0,0,0,0,0,0,74,5376.202148,748,0,1,0.603306,-0.045551,-0.323559,-3.115000,-0.401000,0.073000,1
2.316880,7.955000,-57.432999,-14.180000,108.146004,24.594000,18.282000,141.468002,5.280000,12.960000,-11.280000,-26.520000,-2.400000,16.200001,-1.440000,171.000000,-317.000000,-409.000000,-2618.000000,-111.000000,450.000000,-367.000000,22.000000,22.000000,22.000000,22.000000,21.000000,22.000000,22.000000,31.000000,31.000000,32.000000,32.000000,32.000000,33.000000,33.000000,1,1,1,1,1,1,1,0,0,0,0,0,0,0,74,5376.199219,747,0,1,0.603682,-0.045854,-0.323644,-3.114000,-0.400000,0.073000,1
2.326898,7.998000,-57.332001,-14.279000,107.917000,24.586000,18.347000,141.462997,5.030000,12.240000,-10.200000,-27.959999,-2.400000,16.799999,-1.440000,438.000000,-275.000000,-229.000000,-2818.000000,-95.000000,484.000000,-350.000000,22.000000,22.000000,22.000000,22.000000,21.000000,22.000000,22.000000,31.000000,31.000000,32.000000,32.000000,32.000000,33.000000,33.000000,1,1,1,1,1,1,1,0,0,0,0,0,0,0,74,5376.199219,749,0,1,0.604741,-0.046581,-0.323537,-3.115000,-0.401000,0.073000,1
2.336781,8.055000,-57.178001,-14.425000,107.681000,24.554001,18.549999,141.442001,4.670000,12.710000,-10.200000,-28.920000,-1.920000,16.799999,-1.320000,605.000000,-252.000000,-684.000000,-3205.000000,-108.000000,378.000000,-343.000000,22.000000,22.000000,22.000000,22.000000,21.000000,22.000000,22.000000,31.000000,31.000000,32.000000,32.000000,32.000000,33.000000,33.000000,1,1,1,1,1,1,1,0,0,0,0,0,0,0,74,5376.199219,749,0,1,0.604745,-0.047140,-0.323948,-3.115000,-0.399000,0.073000,1
2.346823,8.094000,-57.080002,-14.522000,107.362999,24.531000,18.737000,141.421997,4.670000,13.560000,-10.070000,-29.520000,-1.920000,15.480000,-1.080000,486.000000,-422.000000,-687.000000,-2526.000000,-145.000000,532.000000,-341.000000,22.000000,22.000000,22.000000,22.000000,21.000000,22.000000,22.000000,31.000000,31.000000,32.000000,32.000000,32.000000,33.000000,33.000000,1,1,1,1,1,1,1,0,0,0,0,0,0,0,74,5376.204102,747,0,1,0.605959,-0.047658,-0.323632,-3.115000,-0.400000,0.073000,1
2.356803,8.157000,-56.931000,-14.624000,107.114998,24.516001,18.862000,141.410995,4.670000,13.680000,-10.800000,-29.040001,-1.800000,15.840000,-1.080000,559.000000,-119.000000,-510.000000,-2891.000000,-182.000000,435.000000,-344.000000,22.000000,22.000000,22.000000,22.000000,21.000000,22.000000,22.000000,31.000000,31.000000,32.000000,32.000000,32.000000,33.000000,33.000000,1,1,1,1,1,1,1,0,0,0,0,0,0,0,74,5376.206055,749,0,1,0.606588,-0.048092,-0.323854,-3.115000,-0.399000,0.073000,1
2.366776,8.198000,-56.824001,-14.768000,106.758003,24.492001,19.054001,141.391998,4.560000,13.080000,-11.040000,-29.520000,-1.680000,15.840000,-1.560000,518.000000,-277.000000,-205.000000,-2916.000000,-214.000000,399.000000,-336.000000,22.000000,22.000000,22.000000,22.000000,21.000000,22.000000,22.000000,31.000000,31.000000,32.000000,32.000000,32.000000,33.000000,33.000000,1,1,1,1,1,1,1,0,0,0,0,0,0,0,74,5376.203125,748,0,1,0.608013,-0.049042,-0.323463,-3.116000,-0.400000,0.073000,1
2.376806,8.258000,-56.666000,-14.898000,106.413002,24.469000,19.247999,141.373993,5.030000,12.960000,-9.120000,-28.799999,-1.560000,17.760000,-1.440000,487.000000,-261.000000,-574.000000,-2815.000000,-228.000000,473.000000,-346.000000,22.000000,22.000000,22.000000,22.000000,21.000000,22.000000,22.000000,31.000000,31.000000,32.000000,32.000000,32.000000,33.000000,33.000000,1,1,1,1,1,1,1,0,0,0,0,0,0,0,74,5376.203125,748,0,1,0.609051,-0.049694,-0.323458,-3.116000,-0.400000,0.073000,1
2.386855,8.323000,-56.504002,-15.021000,106.068001,24.455000,19.379000,141.365005,5.280000,13.080000,-10.800000,-27.959999,-1.560000,17.150000,-1.080000,392.000000,-360.000000,-575.000000,-3072.000000,-246.000000,344.000000,-350.000000,22.000000,22.000000,22.000000,22.000000,21.000000,22.000000,22.000000,31.000000,31.000000,32.000000,32.000000,32.000000,33.000000,33.000000,1,1,1,1,1,1,1,0,0,0,0,0,0,0,74,5376.203125,749,0,1,0.610417,-0.050452,-0.323396,-3.116000,-0.401000,0.073000,1
2.396816,8.368000,-56.388000,-15.104000,105.838997,24.438999,19.584999,141.350998,5.030000,13.080000,-10.440000,-29.040001,-1.440000,15.840000,-1.320000,329.000000,-193.000000,-294.000000,-2847.000000,-274.000000,419.000000,-362.000000,22.000000,22.000000,22.000000,22.000000,21.000000,22.000000,22.000000,31.000000,31.000000,32.000000,32.000000,32.000000,33.000000,33.000000,1,1,1,1,1,1,1,0,0,0,0,0,0,0,74,5376.202148,748,0,1,0.610635,-0.050542,-0.323565,-3.116000,-0.400000,0.073000,1
2.406774,8.429000,-56.230000,-15.214000,105.489998,24.426001,19.732000,141.341003,5.160000,14.400000,-9.960000,-28.200001,-1.440000,17.150000,-1.080000,324.000000,-291.000000,-162.000000,-2810.000000,-338.000000,347.000000,-377.000000,22.000000,22.000000,22.000000,22.000000,21.000000,22.000000,22.000000,31.000000,31.000000,32.000000,32.000000,32.000000,33.000000,33.000000,1,1,1,1,1,1,1,0,0,0,0,0,0,0,74,5376.200195,750,0,1,0.611990,-0.051176,-0.323473,-3.116000,-0.401000,0.073000,1
2.416696,8.452000,-56.176998,-15.255000,105.375000,24.414000,19.858999,141.332001,5.520000,13.560000,-11.400000,-28.799999,-1.560000,16.680000,-1.080000,437.000000,-493.000000,-749.000000,-2927.000000,-322.000000,333.000000,-382.000000,22.000000,22.000000,22.000000,22.000000,21.000000,22.000000,22.000000,31.000000,31.000000,32.000000,32.000000,32.000000,33.000000,33.000000,1,1,1,1,1,1,1,0,0,0,0,0,0,0,74,5376.200195,749,0,1,0.611998,-0.051144,-0.323560,-3.115000,-0.400000,0.073000,1
2.426805,8.521000,-56.004002,-15.385000,105.027000,24.402000,20.002001,141.320999,5.280000,13.440000,-10.320000,-28.559999,-1.440000,15.480000,-0.840000,269.000000,-361.000000,-881.000000,-2812.000000,-362.000000,269.000000,-374.000000,22.000000,22.000000,22.000000,22.000000,21.000000,22.000000,22.000000,31.000000,31.000000,32.000000,32.000000,32.000000,33.000000,33.000000,1,1,1,1,1,1,1,0,0,0,0,0,0,0,74,5376.199219,747,0,1,0.613248,-0.051898,-0.323579,-3.116000,-0.401000,0.073000,1
2.436760,8.591000,-55.847000,-15.505000,104.682999,24.385000,20.209999,141.306000,5.160000,13.080000,-11.040000,-30.240000,-1.440000,17.040001,-0.960000,316.000000,-332.000000,-422.000000,-3523.000000,-390.000000,242.000000,-375.000000,22.000000,22.000000,22.000000,22.000000,21.000000,22.000000,22.000000,31.000000,31.000000,32.000000,32.000000,32.000000,33.000000,33.000000,1,1,1,1,1,1,1,0,0,0,0,0,0,0,74,5376.202148,749,0,1,0.614213,-0.052354,-0.323591,-3.115000,-0.401000,0.073000,1
2.446725,8.639000,-55.733002,-15.589000,104.448997,24.371000,20.427000,141.292007,6.120000,13.440000,-11.040000,-29.160000,-1.320000,16.200001,-1.080000,225.000000,-316.000000,-414.000000,-3237.000000,-399.000000,176.000000,-354.000000,22.000000,22.000000,22.000000,22.000000,21.000000,22.000000,22.000000,31.000000,31.000000,32.000000,32.000000,32.000000,33.000000,33.000000,1,1,1,1,1,1,1,0,0,0,0,0,0,0,74,5376.202148,750,0,1,0.614410,-0.052398,-0.323750,-3.114000,-0.399000,0.073000,1
2.456763,8.716000,-55.566002,-15.728000,104.091003,24.351000,20.549999,141.285004,5.880000,13.680000,-10.920000,-28.309999,-1.800000,16.559999,-0.960000,-144.000000,-320.000000,-844.000000,-2778.000000,-402.000000,472.000000,-367.000000,22.000000,22.000000,22.000000,22.000000,21.000000,22.000000,22.000000,31.000000,31.000000,32.000000,32.000000,32.000000,33.000000,33.000000,1,1,1,1,1,1,1,0,0,0,0,0,0,0,74,5376.202148,749,0,1,0.615865,-0.053319,-0.323679,-3.115000,-0.400000,0.073000,1
2.466783,8.749000,-55.465000,-15.807000,103.855003,24.327000,20.761000,141.272995,5.280000,13.320000,-10.440000,-29.160000,-1.800000,16.920000,-0.720000,262.000000,-295.000000,-1156.000000,-3004.000000,-380.000000,364.000000,-344.000000,22.000000,22.000000,22.000000,22.000000,21.000000,22.000000,22.000000,31.000000,31.000000,32.000000,32.000000,32.000000,33.000000,33.000000,1,1,1,1,1,1,1,0,0,0,0,0,0,0,74,5376.202148,749,0,1,0.616181,-0.053481,-0.323721,-3.115000,-0.400000,0.073000,1
2.476815,8.817000,-55.300999,-15.931000,103.498001,24.302999,20.882000,141.261993,5.520000,12.600000,-10.920000,-30.000000,-1.920000,16.200001,-0.480000,153.000000,-261.000000,-207.000000,-2969.000000,-333.000000,276.000000,-361.000000,22.000000,22.000000,22.000000,22.000000,21.000000,22.000000,22.000000,31.000000,31.000000,32.000000,32.000000,32.000000,33.000000,33.000000,1,1,1,1,1,1,1,0,0,0,0,0,0,0,74,5376.200195,749,0,1,0.617658,-0.054347,-0.323625,-3.115000,-0.401000,0.073000,1
2.486854,8.887000,-55.146999,-16.059000,103.132004,24.285999,21.082001,141.255005,5.030000,13.080000,-10.070000,-29.520000,-2.160000,17.280001,-0.600000,-83.000000,-218.000000,-188.000000,-2788.000000,-274.000000,433.000000,-375.000000,22.000000,22.000000,22.000000,22.000000,21.000000,22.000000,22.000000,31.000000,31.000000,32.000000,32.000000,32.000000,33.000000,33.000000,1,1,1,1,1,1,1,0,0,0,0,0,0,0,74,5376.202148,748,0,1,0.618838,-0.054945,-0.323528,-3.115000,-0.401000,0.073000,1
2.496829,8.934000,-55.043999,-16.136000,102.874001,24.260000,21.292000,141.244003,5.280000,13.320000,-10.440000,-31.430000,-2.160000,17.280001,-0.360000,186.000000,-431.000000,-394.000000,-3100.000000,-167.000000,357.000000,-364.000000,22.000000,22.000000,22.000000,22.000000,21.000000,22.000000,22.000000,31.000000,31.000000,32.000000,32.000000,32.000000,33.000000,33.000000,1,1,1,1,1,1,1,0,0,0,0,0,0,0,74,5376.199219,748,0,1,0.619336,-0.055067,-0.323512,-3.115000,-0.400000,0.073000,1
2.506776,8.999000,-54.896000,-16.243999,102.531998,24.240000,21.427000,141.237000,5.520000,13.800000,-9.120000,-29.879999,-2.280000,16.200001,-0.960000,125.000000,-426.000000,-736.000000,-3004.000000,-126.000000,506.000000,-347.000000,22.000000,22.000000,22.000000,22.000000,21.000000,22.000000,22.000000,31.000000,31.000000,32.000000,32.000000,32.000000,33.000000,33.000000,1,1,1,1,1,1,1,0,0,0,0,0,0,0,74,5376.202148,749,0,1,0.620706,-0.055753,-0.323377,-3.115000,-0.401000,0.074000,1
2.516734,9.045000,-54.777000,-16.329000,102.285004,24.207001,21.615000,141.227005,5.880000,13.200000,-11.520000,-30.120001,-2.510000,16.920000,-0.720000,-59.000000,-239.000000,-567.000000,-3096.000000,-103.000000,418.000000,-343.000000,22.000000,22.000000,22.000000,22.000000,21.000000,22.000000,22.000000,31.000000,31.000000,32.000000,32.000000,32.000000,33.000000,33.000000,1,1,1,1,1,1,1,0,0,0,0,0,0,0,74,5376.203125,749,0,1,0.621115,-0.056012,-0.323481,-3.115000,-0.401000,0.074000,1
2.526722,9.089000,-54.662998,-16.409000,102.049004,24.198000,21.695000,141.225998,5.520000,13.200000,-11.160000,-29.280001,-2.400000,17.040001,-0.600000,157.000000,-339.000000,-461.000000,-2841.000000,-50.000000,432.000000,-330.000000,22.000000,22.000000,22.000000,22.000000,21.000000,22.000000,22.000000,31.000000,31.000000,32.000000,32.000000,32.000000,33.000000,33.000000,1,1,1,1,1,1,1,0,0,0,0,0,0,0,74,5376.204102,749,0,1,0.622066,-0.056549,-0.323445,-3.116000,-0.401000,0.074000,1
2.536738,9.150000,-54.499001,-16.490000,101.817001,24.172001,21.893999,141.214996,5.520000,13.320000,-10.680000,-28.920000,-1.800000,17.280001,-0.720000,301.000000,-510.000000,-263.000000,-2777.000000,-76.000000,642.000000,-313.000000,22.000000,22.000000,22.000000,22.000000,21.000000,22.000000,22.000000,31.000000,31.000000,32.000000,32.000000,32.000000,33.000000,33.000000,1,1,1,1,1,1,1,0,0,0,0,0,0,0,74,5376.206055,748,0,1,0.622038,-0.056558,-0.323941,-3.115000,-0.399000,0.074000,1
2.546947,9.209000,-54.361000,-16.632999,101.435997,24.146000,22.108000,141.207993,5.880000,13.440000,-10.070000,-30.000000,-1.680000,17.400000,-0.600000,208.000000,-373.000000,-778.000000,-2929.000000,-111.000000,341.000000,-326.000000,22.000000,22.000000,22.000000,22.000000,21.000000,22.000000,22.000000,31.000000,31.000000,32.000000,32.000000,32.000000,33.000000,33.000000,1,1,1,1,1,1,1,0,0,0,0,0,0,0,74,5376.200195,748,0,1,0.623312,-0.057388,-0.323691,-3.115000,-0.400000,0.074000,1
2.556798,9.272000,-54.201000,-16.743999,101.120003,24.118999,22.306000,141.201004,5.400000,13.320000,-10.070000,-28.680000,-1.440000,15.120000,-0.360000,50.000000,-510.000000,-766.000000,-2493.000000,-95.000000,366.000000,-314.000000,22.000000,22.000000,22.000000,22.000000,21.000000,22.000000,22.000000,31.000000,31.000000,32.000000,32.000000,32.000000,33.000000,33.000000,1,1,1,1,1,1,1,0,0,0,0,0,0,0,74,5376.200195,750,0,1,0.624011,-0.057831,-0.323832,-3.115000,-0.399000,0.075000,1
2.566816,9.334000,-54.057999,-16.865000,100.806000,24.108000,22.417000,141.197006,4.440000,10.560000,-8.280000,-23.760000,-1.080000,14.520000,-0.360000,-95.000000,-860.000000,-11.000000,-2159.000000,-126.000000,178.000000,-314.000000,22.000000,22.000000,22.000000,22.000000,21.000000,22.000000,22.000000,31.000000,31.000000,32.000000,32.000000,32.000000,33.000000,33.000000,1,1,1,1,1,1,1,0,0,0,0,0,0,0,74,5376.199219,750,0,1,0.625261,-0.058657,-0.323742,-3.116000,-0.400000,0.075000,1
2.576727,9.349000,-54.019001,-16.905001,100.719002,24.101000,22.473000,141.194000,3.600000,10.070000,-9.240000,-21.840000,-0.840000,13.080000,-0.600000,-66.000000,-934.000000,-204.000000,-2164.000000,-119.000000,89.000000,-308.000000,22.000000,22.000000,22.000000,22.000000,21.000000,22.000000,22.000000,31.000000,31.000000,32.000000,32.000000,32.000000,33.000000,33.000000,1,1,1,1,1,1,1,0,0,0,0,0,0,0,74,5376.198242,748,0,1,0.625456,-0.058869,-0.323747,-3.116000,-0.400000,0.075000,1
2.586840,9.396000,-53.917999,-17.006001,100.489998,24.090000,22.596001,141.188995,3.000000,7.440000,-6.350000,-16.559999,-0.480000,10.200000,0.000000,-243.000000,-641.000000,138.000000,-2280.000000,-147.000000,234.000000,-325.000000,22.000000,22.000000,22.000000,22.000000,21.000000,22.000000,22.000000,31.000000,31.000000,32.000000,32.000000,32.000000,33.000000,33.000000,1,1,1,1,1,1,1,0,0,0,0,0,0,0,74,5376.196777,750,0,1,0.626133,-0.059441,-0.323725,-3.116000,-0.400000,0.074000,1
2.596745,9.427000,-53.834999,-17.093000,100.365997,24.086000,22.707001,141.179001,2.510000,6.480000,-4.800000,-16.080000,-0.480000,7.680000,-0.360000,0.000000,-569.000000,-219.000000,-2460.000000,-156.000000,446.000000,-315.000000,22.000000,22.000000,22.000000,22.000000,21.000000,22.000000,22.000000,31.000000,31.000000,32.000000,32.000000,32.000000,33.000000,33.000000,1,1,1,1,1,1,1,0,0,0,0,0,0,0,74,5376.202148,746,0,1,0.626057,-0.059789,-0.323970,-3.116000,-0.399000,0.074000,0
2.606684,9.449000,-53.778999,-17.153000,100.189003,24.073000,22.820000,141.173996,2.160000,6.240000,-4.800000,-15.240000,0.000000,9.840000,0.000000,13.000000,-240.000000,-498.000000,-3193.000000,-103.000000,342.000000,-285.000000,22.000000,22.000000,22.000000,22.000000,21.000000,22.000000,22.000000,31.000000,31.000000,32.000000,32.000000,32.000000,33.000000,33.000000,1,1,1,1,1,1,1,0,0,0,0,0,0,0,74,5376.206055,750,0,1,0.626623,-0.060124,-0.323812,-3.116000,-0.400000,0.074000,0
2.616750,9.477000,-53.694000,-17.226000,100.002998,24.070999,22.889999,141.173996,2.040000,8.040000,-4.800000,-16.440001,-0.240000,9.600000,-0.480000,161.000000,-330.000000,-730.000000,-3090.000000,-116.000000,212.000000,-297.000000,22.000000,22.000000,22.000000,22.000000,22.000000,22.000000,22.000000,31.000000,31.000000,32.000000,32.000000,32.000000,33.000000,33.000000,1,1,1,1,1,1,1,0,0,0,0,0,0,0,74,5376.207031,748,0,1,0.627338,-0.060650,-0.323756,-3.117000,-0.400000,0.074000,0
2.626716,9.490000,-53.631001,-17.270000,99.864998,24.066000,22.993999,141.171997,1.800000,7.320000,-4.440000,-15.600000,0.000000,8.640000,0.000000,70.000000,-453.000000,-283.000000,-2794.000000,-94.000000,297.000000,-281.000000,22.000000,22.000000,22.000000,22.000000,22.000000,22.000000,22.000000,31.000000,31.000000,32.000000,32.000000,32.000000,33.000000,33.000000,1,1,1,1,1,1,1,0,0,0,0,0,0,0,74,5376.204102,749,0,1,0.627589,-0.060799,-0.323778,-3.117000,-0.400000,0.074000,0
2.636695,9.514000,-53.540001,-17.329000,99.683998,24.058001,23.066999,141.169998,1.800000,7.920000,-4.670000,-15.710000,-0.120000,8.640000,0.000000,112.000000,-242.000000,-113.000000,-2874.000000,-66.000000,318.000000,-247.000000,22.000000,22.000000,22.000000,22.000000,22.000000,22.000000,22.000000,31.000000,31.000000,32.000000,32.000000,32.000000,33.000000,33.000000,1,1,1,1,1,1,1,0,0,0,0,0,0,0,74,5376.200195,748,0,1,0.628225,-0.061220,-0.323778,-3.117000,-0.400000,0.074000,0
2.646728,9.527000,-53.480999,-17.363001,99.561996,24.052999,23.177000,141.167007,1.560000,7.920000,-4.320000,-15.600000,0.000000,8.520000,0.000000,25.000000,-549.000000,-300.000000,-3448.000000,-106.000000,372.000000,-145.000000,22.000000,22.000000,22.000000,22.000000,22.000000,22.000000,22.000000,31.000000,31.000000,32.000000,32.000000,32.000000,33.000000,33.000000,1,1,1,1,1,1,1,0,0,0,0,0,0,0,74,5376.200195,748,0,1,0.628346,-0.061243,-0.323840,-3.117000,-0.399000,0.075000,0
2.656824,9.549000,-53.391998,-17.409000,99.372002,24.049000,23.249001,141.167007,1.200000,7.200000,-3.360000,-16.080000,0.000000,9.350000,0.000000,-90.000000,-202.000000,-42.000000,-3228.000000,-88.000000,317.000000,-73.000000,22.000000,22.000000,22.000000,22.000000,22.000000,22.000000,22.000000,31.000000,31.000000,32.000000,32.000000,32.000000,33.000000,33.000000,1,1,1,1,1,1,1,0,0,0,0,0,0,0,74,5376.199219,748,0,1,0.629087,-0.061557,-0.323791,-3.117000,-0.400000,0.075000,0
2.666653,9.563000,-53.297001,-17.447001,99.184998,24.045000,23.365999,141.171005,0.840000,8.520000,-3.720000,-15.710000,0.000000,10.200000,0.480000,-118.000000,-592.000000,-193.000000,-3111.000000,-45.000000,325.000000,8.000000,22.000000,22.000000,22.000000,22.000000,22.000000,22.000000,22.000000,31.000000,31.000000,32.000000,32.000000,32.000000,33.000000,33.000000,1,1,1,1,1,1,1,0,0,0,0,0,0,0,74,5376.194824,748,0,1,0.629548,-0.061676,-0.323837,-3.117000,-0.400000,0.075000,0
2.676751,9.570000,-53.238998,-17.469000,99.051003,24.042000,23.483000,141.171005,0.600000,6.960000,-3.240000,-17.150000,0.000000,8.160000,0.360000,-115.000000,-571.000000,-88.000000,-3060.000000,10.000000,19.000000,78.000000,22.000000,22.000000,22.000000,22.000000,22.000000,22.000000,22.000000,31.000000,31.000000,32.000000,32.000000,32.000000,33.000000,33.000000,1,1,1,1,1,1,1,0,0,0,0,0,0,0,74,5376.202148,749,0,1,0.629771,-0.061622,-0.323836,-3.117000,-0.399000,0.075000,0
2.686790,9.575000,-53.151001,-17.495001,98.852997,24.040001,23.545000,141.167999,0.240000,8.160000,-2.880000,-15.360000,0.000000,7.920000,0.720000,-112.000000,-235.000000,-205.000000,-2986.000000,31.000000,189.000000,70.000000,22.000000,22.000000,22.000000,22.000000,22.000000,22.000000,22.000000,31.000000,31.000000,32.000000,32.000000,32.000000,33.000000,33.000000,1,1,1,1,1,1,1,0,0,0,0,0,0,0,74,5376.203125,747,0,1,0.630684,-0.061915,-0.323705,-3.117000,-0.400000,0.076000,0
2.696704,9.578000,-53.049999,-17.504999,98.719002,24.040001,23.646000,141.171005,0.000000,7.680000,-2.510000,-16.920000,0.000000,9.000000,0.960000,-139.000000,-227.000000,-207.000000,-2837.000000,72.000000,515.000000,108.000000,22.000000,22.000000,22.000000,22.000000,22.000000,22.000000,22.000000,31.000000,31.000000,32.000000,32.000000,32.000000,33.000000,33.000000,1,1,1,1,1,1,1,0,0,0,0,0,0,0,74,5376.204102,749,0,1,0.630773,-0.061771,-0.323972,-3.117000,-0.399000,0.076000,0
2.706872,9.581000,-52.983002,-17.517000,98.517998,24.042000,23.750999,141.169998,0.000000,8.400000,-2.160000,-16.440001,0.120000,8.640000,1.080000,-172.000000,-222.000000,-418.000000,-2856.000000,114.000000,270.000000,137.000000,22.000000,22.000000,22.000000,22.000000,22.000000,22.000000,22.000000,31.000000,31.000000,32.000000,32.000000,32.000000,33.000000,33.000000,1,1,1,1,1,1,1,0,0,0,0,0,0,0,74,5376.203125,747,0,1,0.631617,-0.061819,-0.323738,-3.117000,-0.400000,0.077000,0
2.716649,9.580000,-52.955002,-17.520000,98.448997,24.042000,23.792999,141.171997,0.000000,8.280000,-2.160000,-16.080000,0.240000,9.960000,1.080000,-212.000000,-366.000000,-455.000000,-2725.000000,119.000000,359.000000,143.000000,22.000000,22.000000,22.000000,22.000000,21.000000,22.000000,22.000000,31.000000,31.000000,32.000000,32.000000,32.000000,33.000000,33.000000,1,1,1,1,1,1,1,0,0,0,0,0,0,0,74,5376.203125,749,0,1,0.631846,-0.061802,-0.323695,-3.117000,-0.400000,0.077000,0
2.726695,9.580000,-52.847000,-17.534000,98.255997,24.040001,23.903999,141.182007,-0.120000,8.280000,-1.440000,-16.440001,0.240000,8.760000,1.680000,-420.000000,-269.000000,-637.000000,-2801.000000,138.000000,135.000000,184.000000,22.000000,22.000000,22.000000,22.000000,21.000000,22.000000,22.000000,31.000000,31.000000,32.000000,32.000000,32.000000,33.000000,33.000000,1,1,1,1,1,1,1,0,0,0,0,0,0,0,74,5376.203125,748,0,1,0.632360,-0.061788,-0.323776,-3.117000,-0.400000,0.078000,0
2.736626,9.578000,-52.743999,-17.549000,98.056999,24.040001,23.990000,141.192993,-0.240000,8.520000,-1.440000,-15.960000,0.360000,8.760000,2.040000,-581.000000,-531.000000,-763.000000,-3027.000000,156.000000,183.000000,200.000000,22.000000,22.000000,22.000000,22.000000,21.000000,22.000000,22.000000,31.000000,31.000000,32.000000,32.000000,32.000000,33.000000,33.000000,1,1,1,1,1,1,1,0,0,0,0,0,0,0,74,5376.202148,748,0,1,0.633091,-0.061902,-0.323761,-3.117000,-0.400000,0.078000,0
2.746622,9.575000,-52.674999,-17.558001,97.930000,24.042000,24.094999,141.209000,-0.360000,7.560000,-1.200000,-14.880000,0.360000,8.520000,1.920000,-645.000000,-497.000000,-763.000000,-3252.000000,169.000000,230.000000,227.000000,22.000000,22.000000,22.000000,22.000000,21.000000,22.000000,22.000000,31.000000,31.000000,32.000000,32.000000,32.000000,33.000000,33.000000,1,1,1,1,1,1,1,0,0,0,0,0,0,0,74,5376.203125,750,0,1,0.633259,-0.061775,-0.323840,-3.116000,-0.399000,0.078000,0
2.756666,9.567000,-52.570999,-17.579000,97.731003,24.039000,24.170000,141.222000,-0.840000,9.000000,-1.320000,-15.710000,0.480000,9.000000,2.160000,-745.000000,-493.000000,-702.000000,-2930.000000,232.000000,147.000000,252.000000,22.000000,22.000000,22.000000,22.000000,21.000000,22.000000,22.000000,31.000000,31.000000,32.000000,32.000000,32.000000,33.000000,33.000000,1,1,1,1,1,1,1,0,0,0,0,0,0,0,74,5376.200195,749,0,1,0.634028,-0.062022,-0.323815,-3.117000,-0.400000,0.079000,0
2.766654,9.554000,-52.501999,-17.591000,97.601997,24.040001,24.273001,141.248993,-1.440000,7.680000,-1.080000,-16.320000,0.720000,8.400000,2.160000,-768.000000,-414.000000,-610.000000,-3183.000000,211.000000,237.000000,299.000000,22.000000,22.000000,22.000000,22.000000,21.000000,22.000000,22.000000,31.000000,31.000000,32.000000,32.000000,32.000000,33.000000,33.000000,1,1,1,1,1,1,1,0,0,0,0,0,0,0,74,5376.203125,749,0,1,0.634226,-0.061986,-0.323868,-3.117000,-0.399000,0.079000,0
2.776692,9.541000,-52.396000,-17.611000,97.406998,24.040001,24.386000,141.278000,-1.560000,8.640000,-1.080000,-16.920000,0.720000,8.880000,2.640000,-761.000000,-530.000000,-452.000000,-2972.000000,202.000000,26.000000,306.000000,22.000000,22.000000,22.000000,22.000000,21.000000,22.000000,22.000000,31.000000,31.000000,32.000000,32.000000,32.000000,33.000000,33.000000,1,1,1,1,1,1,1,0,0,0,0,0,0,0,74,5376.203125,749,0,1,0.634738,-0.062061,-0.323917,-3.117000,-0.399000,0.079000,0
2.786742,9.512000,-52.297001,-17.624001,97.202003,24.042000,24.454000,141.300003,-2.280000,8.880000,-0.720000,-16.200001,0.720000,8.280000,3.120000,-685.000000,-293.000000,-386.000000,-2909.000000,257.000000,22.000000,343.000000,22.000000,22.000000,22.000000,22.000000,21.000000,22.000000,22.000000,31.000000,31.000000,32.000000,32.000000,32.000000,33.000000,33.000000,1,1,1,1,1,1,1,0,0,0,0,0,0,0,74,5376.204102,748,0,1,0.635635,-0.062384,-0.323799,-3.118000,-0.400000,0.080000,0
2.796650,9.493000,-52.227001,-17.629999,97.070999,24.039000,24.551001,141.335999,-2.400000,8.880000,-0.360000,-15.360000,0.840000,7.800000,3.240000,-670.000000,-471.000000,-289.000000,-3164.000000,273.000000,496.000000,352.000000,22.000000,22.000000,22.000000,22.000000,21.000000,22.000000,22.000000,31.000000,31.000000,32.000000,32.000000,32.000000,33.000000,33.000000,1,1,1,1,1,1,1,0,0,0,0,0,0,0,74,5376.202148,748,0,1,0.635882,-0.062348,-0.323837,-3.117000,-0.399000,0.080000,0
2.806746,9.464000,-52.119999,-17.631001,96.882004,24.040001,24.621000,141.365005,-2.760000,8.400000,0.000000,-15.480000,0.840000,7.920000,2.880000,-663.000000,-521.000000,-303.000000,-2854.000000,281.000000,297.000000,384.000000,22.000000,22.000000,22.000000,22.000000,21.000000,22.000000,22.000000,31.000000,31.000000,32.000000,32.000000,32.000000,33.000000,33.000000,1,1,1,1,1,1,1,0,0,0,0,0,0,0,74,5376.203125,750,0,1,0.636589,-0.062499,-0.323845,-3.118000,-0.400000,0.080000,0
2.816672,9.451000,-52.090000,-17.631001,96.815002,24.039000,24.695000,141.391006,-2.510000,8.880000,0.000000,-15.710000,0.840000,8.880000,3.480000,-671.000000,-428.000000,-253.000000,-2916.000000,292.000000,248.000000,406.000000,22.000000,22.000000,22.000000,22.000000,22.000000,22.000000,22.000000,31.000000,31.000000,32.000000,32.000000,32.000000,33.000000,33.000000,1,1,1,1,1,1,1,0,0,0,0,0,0,0,74,5376.203125,747,0,1,0.636615,-0.062386,-0.323854,-3.118000,-0.399000,0.080000,0
2.826694,9.423000,-51.991001,-17.632999,96.625999,24.042000,24.768000,141.419998,-2.640000,8.040000,0.000000,-16.200001,0.960000,8.880000,3.600000,-914.000000,-530.000000,-75.000000,-2866.000000,347.000000,268.000000,372.000000,22.000000,22.000000,22.000000,22.000000,22.000000,22.000000,22.000000,31.000000,31.000000,32.000000,32.000000,32.000000,33.000000,33.000000,1,1,1,1,1,1,1,0,0,0,0,0,0,0,74,5376.202148,747,0,1,0.637365,-0.062525,-0.323804,-3.118000,-0.400000,0.080000,0
2.836607,9.383000,-51.890999,-17.632999,96.502998,24.049000,24.870001,141.466003,-2.880000,8.520000,0.000000,-15.120000,0.840000,8.640000,3.840000,-948.000000,-616.000000,68.000000,-3134.000000,409.000000,70.000000,392.000000,22.000000,22.000000,22.000000,22.000000,22.000000,22.000000,22.000000,31.000000,31.000000,32.000000,32.000000,32.000000,33.000000,33.000000,1,1,1,1,1,1,1,0,0,0,0,0,0,0,74,5376.202148,750,0,1,0.637358,-0.062445,-0.324068,-3.118000,-0.398000,0.080000,0
2.846605,9.354000,-51.826000,-17.628000,96.320999,24.056999,24.959000,141.522995,-3.600000,8.640000,0.480000,-15.120000,0.840000,6.960000,4.320000,-990.000000,-597.000000,150.000000,-3206.000000,453.000000,355.000000,414.000000,22.000000,22.000000,22.000000,22.000000,22.000000,22.000000,22.000000,31.000000,31.000000,32.000000,32.000000,32.000000,33.000000,33.000000,1,1,1,1,1,1,1,0,0,0,0,0,0,0,74,5376.200195,749,0,1,0.638153,-0.062464,-0.323830,-3.118000,-0.399000,0.080000,0
2.856629,9.308000,-51.724998,-17.625999,96.137001,24.063999,25.021000,141.559998,-3.720000,8.760000,1.080000,-16.080000,0.840000,7.070000,4.320000,-896.000000,-324.000000,230.000000,-3057.000000,485.000000,319.000000,340.000000,22.000000,22.000000,22.000000,22.000000,22.000000,22.000000,22.000000,31.000000,31.000000,32.000000,32.000000,32.000000,33.000000,33.000000,1,1,1,1,1,1,1,0,0,0,0,0,0,0,74,5376.199219,749,0,1,0.638907,-0.062679,-0.323784,-3.119000,-0.400000,0.080000,0
2.866647,9.268000,-51.659000,-17.622999,96.009003,24.076000,25.115999,141.619003,-4.320000,8.760000,1.080000,-15.120000,1.080000,8.040000,4.440000,-677.000000,-585.000000,181.000000,-3051.000000,514.000000,287.000000,338.000000,22.000000,22.000000,22.000000,22.000000,22.000000,22.000000,22.000000,31.000000,31.000000,32.000000,32.000000,32.000000,33.000000,33.000000,1,1,1,1,1,1,1,0,0,0,0,0,0,0,74,5376.202148,749,0,1,0.639178,-0.062619,-0.323779,-3.118000,-0.399000,0.080000,0
2.876668,9.213000,-51.563999,-17.615999,95.814003,24.093000,25.219999,141.658005,-4.200000,8.640000,1.680000,-13.320000,1.440000,8.040000,4.670000,-826.000000,-344.000000,240.000000,-2830.000000,498.000000,146.000000,369.000000,22.000000,22.000000,22.000000,22.000000,22.000000,22.000000,22.000000,31.000000,31.000000,32.000000,32.000000,32.000000,33.000000,33.000000,1,1,1,1,1,1,1,0,0,0,0,0,0,0,74,5376.200195,748,0,1,0.639853,-0.062681,-0.323684,-3.119000,-0.399000,0.080000,0
2.886762,9.158000,-51.460999,-17.604000,95.630997,24.104000,25.290001,141.722000,-4.670000,7.920000,2.160000,-15.000000,1.560000,7.320000,5.030000,-876.000000,-606.000000,192.000000,-2605.000000,516.000000,26.000000,317.000000,22.000000,22.000000,22.000000,22.000000,22.000000,22.000000,22.000000,31.000000,31.000000,32.000000,32.000000,32.000000,33.000000,33.000000,1,1,1,1,1,1,1,0,0,0,0,0,0,0,74,5376.202148,748,0,1,0.640556,-0.062781,-0.323653,-3.119000,-0.400000,0.080000,0
2.896644,9.121000,-51.400002,-17.593000,95.522003,24.127001,25.378000,141.781998,-5.280000,8.160000,2.400000,-15.120000,1.680000,6.720000,5.280000,-944.000000,-386.000000,177.000000,-3081.000000,494.000000,392.000000,369.000000,22.000000,22.000000,22.000000,22.000000,22.000000,22.000000,22.000000,31.000000,31.000000,32.000000,32.000000,32.000000,33.000000,33.000000,1,1,1,1,1,1,1,0,0,0,0,0,0,0,74,5376.202148,747,0,1,0.640761,-0.062589,-0.323674,-3.119000,-0.399000,0.079000,0
2.906614,9.055000,-51.294998,-17.577999,95.343002,24.145000,25.458000,141.824997,-5.160000,7.920000,2.510000,-14.760000,1.800000,7.200000,4.920000,-889.000000,-578.000000,278.000000,-3053.000000,462.000000,566.000000,420.000000,22.000000,22.000000,22.000000,22.000000,22.000000,22.000000,22.000000,31.000000,31.000000,32.000000,32.000000,32.000000,33.000000,33.000000,1,1,1,1,1,1,1,0,0,0,0,0,0,0,74,5376.202148,748,0,1,0.641377,-0.062676,-0.323677,-3.119000,-0.399000,0.079000,0
2.916689,8.993000,-51.194000,-17.556999,95.224998,24.164000,25.518999,141.884995,-5.520000,8.280000,2.510000,-14.640000,2.160000,7.200000,5.160000,-1012.000000,-502.000000,333.000000,-2902.000000,427.000000,393.000000,473.000000,22.000000,22.000000,22.000000,22.000000,22.000000,22.000000,22.000000,31.000000,31.000000,32.000000,32.000000,32.000000,33.000000,33.000000,1,1,1,1,1,1,1,0,0,0,0,0,0,0,74,5376.202148,748,0,1,0.641590,-0.062619,-0.323877,-3.119000,-0.399000,0.079000,0
2.926644,8.947000,-51.119999,-17.534000,95.044998,24.188999,25.577000,141.929001,-5.880000,7.920000,2.760000,-14.150000,2.400000,6.960000,5.760000,-839.000000,-661.000000,440.000000,-3011.000000,378.000000,164.000000,384.000000,22.000000,22.000000,22.000000,22.000000,22.000000,22.000000,22.000000,31.000000,31.000000,32.000000,32.000000,32.000000,33.000000,33.000000,1,1,1,1,1,1,1,0,0,0,0,0,0,0,74,5376.200195,748,0,1,0.642528,-0.062614,-0.323644,-3.120000,-0.400000,0.079000,0
2.936672,8.914000,-51.071999,-17.517000,94.980003,24.198000,25.646999,141.973999,-6.000000,8.280000,3.000000,-13.440000,2.280000,7.200000,5.520000,-708.000000,-580.000000,518.000000,-2706.000000,354.000000,96.000000,382.000000,22.000000,22.000000,22.000000,22.000000,22.000000,22.000000,22.000000,31.000000,31.000000,32.000000,32.000000,32.000000,33.000000,33.000000,1,1,1,1,1,1,1,0,0,0,0,0,0,0,74,5376.200195,749,0,1,0.642487,-0.062396,-0.323757,-3.119000,-0.399000,0.079000,0
2.946611,8.846000,-50.969002,-17.476999,94.822998,24.219000,25.709999,142.020004,-5.030000,9.000000,3.480000,-14.520000,2.510000,6.840000,5.400000,-895.000000,-680.000000,382.000000,-2863.000000,330.000000,77.000000,407.000000,22.000000,22.000000,22.000000,22.000000,22.000000,22.000000,22.000000,31.000000,31.000000,32.000000,32.000000,32.000000,33.000000,33.000000,1,1,1,1,1,1,1,0,0,0,0,0,0,0,74,5376.202148,749,0,1,0.643062,-0.062276,-0.323803,-3.120000,-0.399000,0.079000,0
2.956613,8.773000,-50.866001,-17.421000,94.658997,24.247999,25.798000,142.087006,-6.240000,8.040000,4.200000,-13.800000,2.510000,6.720000,5.400000,-949.000000,-439.000000,358.000000,-3403.000000,322.000000,268.000000,396.000000,22.000000,22.000000,22.000000,22.000000,22.000000,22.000000,22.000000,31.000000,31.000000,32.000000,32.000000,32.000000,33.000000,33.000000,1,1,1,1,1,1,1,0,0,0,0,0,0,0,74,5376.200195,748,0,1,0.643582,-0.061910,-0.323847,-3.119000,-0.399000,0.079000,0
2.966593,8.723000,-50.792999,-17.382999,94.547997,24.274000,25.874001,142.158005,-6.600000,8.880000,4.080000,-14.040000,2.160000,6.240000,5.160000,-863.000000,-621.000000,223.000000,-3031.000000,357.000000,417.000000,376.000000,22.000000,22.000000,22.000000,22.000000,22.000000,22.000000,22.000000,31.000000,31.000000,32.000000,32.000000,32.000000,33.000000,33.000000,1,1,1,1,1,1,1,0,0,0,0,0,0,0,74,5376.200195,749,0,1,0.643838,-0.061560,-0.323914,-3.119000,-0.399000,0.079000,0
2.976571,8.643000,-50.692001,-17.319000,94.384003,24.301001,25.955999,142.212006,-6.480000,7.200000,4.440000,-13.920000,1.680000,6.720000,6.000000,-1121.000000,-738.000000,276.000000,-2891.000000,378.000000,386.000000,356.000000,22.000000,22.000000,22.000000,22.000000,22.000000,22.000000,22.000000,31.000000,31.000000,32.000000,32.000000,32.000000,33.000000,33.000000,1,1,1,1,1,1,1,0,0,0,0,0,0,0,74,5376.202148,749,0,1,0.644404,-0.061207,-0.323936,-3.119000,-0.399000,0.079000,0
2.986732,8.556000,-50.591999,-17.261999,94.224998,24.316000,26.011000,142.281998,-6.840000,7.680000,4.560000,-13.320000,1.800000,6.480000,6.120000,-970.000000,-625.000000,536.000000,-3137.000000,402.000000,215.000000,393.000000,22.000000,22.000000,22.000000,22.000000,22.000000,22.000000,22.000000,31.000000,31.000000,32.000000,32.000000,32.000000,33.000000,33.000000,1,1,1,1,1,1,1,0,0,0,0,0,0,0,74,5376.199219,749,0,1,0.645060,-0.061060,-0.323929,-3.119000,-0.399000,0.079000,0
2.996539,8.556000,-50.591999,-17.261999,94.224998,24.327000,26.042999,142.307007,-6.840000,7.680000,4.560000,-13.320000,1.680000,6.960000,6.000000,-970.000000,-625.000000,536.000000,-3137.000000,440.000000,104.000000,456.000000,22.000000,22.000000,22.000000,22.000000,22.000000,22.000000,22.000000,31.000000,31.000000,32.000000,32.000000,32.000000,33.000000,33.000000,1,1,1,1,1,1,1,0,0,0,0,0,0,0,74,5376.203125,749,0,1,0.644898,-0.060885,-0.323967,-3.119000,-0.399000,0.079000,0
3.006596,8.441000,-50.464001,-17.179001,94.014000,24.347000,26.122000,142.378006,-6.350000,7.320000,5.520000,-12.840000,1.560000,6.480000,6.240000,-1124.000000,-494.000000,405.000000,-3104.000000,500.000000,94.000000,473.000000,22.000000,22.000000,22.000000,22.000000,22.000000,22.000000,22.000000,31.000000,31.000000,32.000000,32.000000,32.000000,33.000000,33.000000,1,1,1,1,1,1,1,0,0,0,0,0,0,0,74,5376.200195,749,0,1,0.645770,-0.060641,-0.323931,-3.119000,-0.399000,0.079000,0
3.016454,8.350000,-50.396999,-17.143999,93.915001,24.368999,26.205999,142.462006,-7.800000,7.320000,5.160000,-13.320000,1.680000,5.760000,7.070000,-1174.000000,-653.000000,345.000000,-2956.000000,535.000000,45.000000,442.000000,22.000000,22.000000,22.000000,22.000000,22.000000,22.000000,22.000000,31.000000,31.000000,32.000000,32.000000,32.000000,33.000000,33.000000,1,1,1,1,1,1,1,0,0,0,0,0,0,0,74,5376.200195,748,0,1,0.645886,-0.060492,-0.323986,-3.119000,-0.398000,0.079000,1
3.026582,8.291000,-50.299000,-17.080999,93.764000,24.392000,26.290001,142.535995,-7.920000,8.640000,5.760000,-13.680000,1.560000,6.840000,8.040000,-1419.000000,-102.000000,487.000000,-3470.000000,585.000000,346.000000,471.000000,22.000000,22.000000,22.000000,22.000000,21.000000,22.000000,22.000000,31.000000,31.000000,32.000000,32.000000,32.000000,33.000000,33.000000,1,1,1,1,1,1,1,0,0,0,0,0,0,0,74,5376.203125,750,0,1,0.646340,-0.059987,-0.324064,-3.118000,-0.398000,0.079000,1
3.036574,8.176000,-50.174000,-17.006001,93.573997,24.403999,26.356001,142.598999,-11.040000,10.680000,8.520000,-18.600000,2.040000,7.800000,9.720000,-1607.000000,-82.000000,848.000000,-3958.000000,638.000000,355.000000,498.000000,22.000000,22.000000,22.000000,22.000000,21.000000,22.000000,22.000000,31.000000,31.000000,32.000000,32.000000,32.000000,33.000000,33.000000,1,1,1,1,1,1,1,0,0,0,0,0,0,0,74,5376.202148,748,0,1,0.647083,-0.059853,-0.324092,-3.119000,-0.398000,0.080000,1
3.046606,8.036000,-50.028999,-16.917999,93.348000,24.424999,26.483999,142.720001,-12.960000,14.040000,9.720000,-22.920000,2.400000,12.840000,11.880000,-1638.000000,-187.000000,761.000000,-4234.000000,708.000000,350.000000,602.000000,22.000000,22.000000,22.000000,22.000000,21.000000,22.000000,22.000000,31.000000,31.000000,32.000000,32.000000,32.000000,33.000000,33.000000,1,1,1,1,1,1,1,0,0,0,0,0,0,0,74,5376.204102,749,0,1,0.647718,-0.059474,-0.324163,-3.120000,-0.398000,0.080000,1
3.056670,7.915000,-49.903999,-16.839001,93.137001,24.455000,26.625999,142.865997,-14.400000,15.840000,9.000000,-24.840000,2.400000,12.240000,13.560000,-1452.000000,-202.000000,811.000000,-3788.000000,767.000000,94.000000,530.000000,22.000000,22.000000,22.000000,22.000000,21.000000,22.000000,22.000000,31.000000,31.000000,32.000000,32.000000,32.000000,33.000000,33.000000,1,1,1,1,1,1,1,0,0,0,0,0,0,0,74,5376.204102,749,0,1,0.648231,-0.058941,-0.324201,-3.119000,-0.397000,0.079000,1
3.066562,7.805000,-49.791000,-16.767000,92.940002,24.466999,26.673000,142.921005,-15.000000,14.640000,9.720000,-25.920000,2.510000,13.320000,12.120000,-1107.000000,-393.000000,956.000000,-3484.000000,782.000000,189.000000,525.000000,22.000000,22.000000,22.000000,22.000000,21.000000,22.000000,22.000000,31.000000,31.000000,32.000000,32.000000,32.000000,33.000000,33.000000,1,1,1,1,1,1,1,0,0,0,0,0,0,0,74,5376.202148,748,0,1,0.649209,-0.058896,-0.324094,-3.120000,-0.398000,0.080000,1
3.076588,7.628000,-49.618000,-16.625000,92.617996,24.506001,26.819000,143.070007,-15.600000,14.760000,10.800000,-25.680000,2.880000,12.240000,14.040000,-1027.000000,-542.000000,529.000000,-3365.000000,725.000000,485.000000,451.000000,22.000000,22.000000,22.000000,22.000000,21.000000,22.000000,22.000000,31.000000,31.000000,32.000000,32.000000,32.000000,33.000000,33.000000,1,1,1,1,1,1,1,0,0,0,0,0,0,0,74,5376.198242,749,0,1,0.650517,-0.058209,-0.323939,-3.120000,-0.399000,0.080000,1
3.086652,7.510000,-49.500999,-16.521999,92.401001,24.555000,26.971001,143.223999,-14.760000,15.600000,10.920000,-25.680000,3.480000,13.800000,13.800000,-1262.000000,-209.000000,349.000000,-3096.000000,619.000000,200.000000,545.000000,22.000000,22.000000,22.000000,22.000000,21.000000,22.000000,22.000000,31.000000,31.000000,32.000000,32.000000,32.000000,33.000000,33.000000,1,1,1,1,1,1,1,0,0,0,0,0,0,0,74,5376.199219,748,0,1,0.651128,-0.057350,-0.323903,-3.119000,-0.399000,0.079000,1
3.096569,7.341000,-49.330002,-16.358000,92.091003,24.586000,27.069000,143.330002,-14.520000,15.120000,9.960000,-24.840000,3.960000,11.520000,12.480000,-1129.000000,-223.000000,128.000000,-2928.000000,484.000000,275.000000,498.000000,22.000000,22.000000,22.000000,22.000000,21.000000,22.000000,22.000000,31.000000,31.000000,32.000000,32.000000,32.000000,33.000000,33.000000,1,1,1,1,1,1,1,0,0,0,0,0,0,0,74,5376.203125,747,0,1,0.652621,-0.056637,-0.323739,-3.119000,-0.400000,0.081000,1
3.106536,7.156000,-49.144001,-16.200001,91.876999,24.634001,27.207001,143.496994,-14.760000,14.520000,10.680000,-25.200001,4.320000,11.160000,14.760000,-1033.000000,-305.000000,646.000000,-2962.000000,409.000000,416.000000,486.000000,22.000000,22.000000,22.000000,22.000000,21.000000,22.000000,22.000000,31.000000,31.000000,32.000000,32.000000,32.000000,33.000000,33.000000,1,1,1,1,1,1,1,0,0,0,0,0,0,0,74,5376.207031,749,0,1,0.652962,-0.055625,-0.324125,-3.118000,-0.398000,0.081000,1
3.116537,7.032000,-49.021999,-16.110001,91.566002,24.683001,27.305000,143.610992,-14.040000,15.120000,10.200000,-26.400000,3.480000,12.710000,11.160000,-823.000000,-457.000000,417.000000,-2872.000000,359.000000,517.000000,469.000000,22.000000,22.000000,22.000000,22.000000,21.000000,22.000000,22.000000,31.000000,31.000000,32.000000,32.000000,32.000000,33.000000,33.000000,1,1,1,1,1,1,1,0,0,0,0,0,0,0,74,5376.207031,748,0,1,0.654646,-0.055274,-0.323656,-3.119000,-0.400000,0.080000,1
3.126584,6.862000,-48.834000,-15.978000,91.254997,24.711000,27.452999,143.772995,-13.800000,14.880000,10.920000,-24.719999,3.240000,12.960000,14.760000,-863.000000,-323.000000,344.000000,-2739.000000,419.000000,354.000000,577.000000,22.000000,22.000000,22.000000,22.000000,21.000000,22.000000,22.000000,31.000000,31.000000,32.000000,32.000000,32.000000,33.000000,33.000000,1,1,1,1,1,1,1,0,0,0,0,0,0,0,74,5376.204102,749,0,1,0.655706,-0.054601,-0.323691,-3.119000,-0.400000,0.081000,1
3.136550,6.737000,-48.702000,-15.893000,91.042999,24.746000,27.608000,143.947998,-14.880000,15.240000,9.840000,-25.080000,2.640000,12.360000,13.920000,-923.000000,-466.000000,163.000000,-2472.000000,472.000000,396.000000,516.000000,22.000000,22.000000,22.000000,22.000000,21.000000,22.000000,22.000000,31.000000,31.000000,32.000000,32.000000,32.000000,33.000000,33.000000,1,1,1,1,1,1,1,0,0,0,0,0,0,0,74,5376.202148,748,0,1,0.656099,-0.053920,-0.323808,-3.118000,-0.399000,0.079000,1
3.146467,6.631000,-48.588001,-15.813000,90.869003,24.756001,27.658001,144.007004,-13.080000,15.120000,9.000000,-25.200001,2.160000,12.240000,14.280000,-1187.000000,-525.000000,582.000000,-3418.000000,501.000000,485.000000,543.000000,22.000000,22.000000,22.000000,22.000000,21.000000,22.000000,22.000000,31.000000,31.000000,32.000000,32.000000,32.000000,33.000000,33.000000,1,1,1,1,1,1,1,0,0,0,0,0,0,0,74,5376.199219,748,0,1,0.656830,-0.053703,-0.323840,-3.118000,-0.400000,0.080000,1
3.156601,6.517000,-48.459999,-15.737000,90.653000,24.778999,27.806999,144.160995,-13.920000,15.600000,9.000000,-26.040001,1.920000,14.280000,12.480000,-1019.000000,-577.000000,624.000000,-3225.000000,601.000000,257.000000,646.000000,22.000000,22.000000,22.000000,22.000000,21.000000,22.000000,22.000000,31.000000,31.000000,32.000000,32.000000,32.000000,33.000000,33.000000,1,1,1,1,1,1,1,0,0,0,0,0,0,0,74,5376.199219,749,0,1,0.657283,-0.053136,-0.323922,-3.117000,-0.399000,0.079000,1
3.166644,6.344000,-48.272999,-15.629000,90.347000,24.808001,27.976000,144.272995,-13.800000,14.760000,10.440000,-25.680000,2.040000,14.040000,13.320000,-1152.000000,-607.000000,236.000000,-3510.000000,649.000000,145.000000,548.000000,22.000000,22.000000,22.000000,22.000000,21.000000,22.000000,22.000000,31.000000,31.000000,32.000000,32.000000,32.000000,33.000000,33.000000,1,1,1,1,1,1,1,0,0,0,0,0,0,0,74,5376.196777,748,0,1,0.658149,-0.052641,-0.324011,-3.118000,-0.399000,0.080000,1
3.176571,6.171000,-48.099998,-15.555000,90.156998,24.823000,28.080999,144.436996,-14.150000,14.280000,11.160000,-25.200001,1.680000,12.840000,14.280000,-1138.000000,-392.000000,210.000000,-3521.000000,698.000000,305.000000,615.000000,22.000000,22.000000,22.000000,22.000000,21.000000,22.000000,22.000000,31.000000,31.000000,32.000000,32.000000,32.000000,33.000000,33.000000,1,1,1,1,1,1,1,0,0,0,0,0,0,0,74,5376.198242,748,0,1,0.658351,-0.052517,-0.324428,-3.118000,-0.397000,0.079000,1
3.186563,6.053000,-47.984001,-15.437000,89.834999,24.847000,28.240999,144.598999,-15.840000,14.520000,9.350000,-25.799999,1.800000,14.150000,12.960000,-962.000000,-577.000000,266.000000,-3498.000000,731.000000,289.000000,716.000000,22.000000,22.000000,22.000000,22.000000,21.000000,22.000000,22.000000,31.000000,31.000000,32.000000,32.000000,32.000000,33.000000,33.000000,1,1,1,1,1,1,1,0,0,0,0,0,0,0,74,5376.198242,748,0,1,0.659779,-0.051696,-0.323988,-3.118000,-0.399000,0.079000,1
3.196541,5.885000,-47.820000,-15.320000,89.526001,24.864000,28.351000,144.716995,-15.120000,14.880000,9.600000,-26.760000,1.800000,12.840000,15.600000,-908.000000,-510.000000,714.000000,-3509.000000,746.000000,161.000000,588.000000,22.000000,22.000000,22.000000,22.000000,21.000000,22.000000,22.000000,31.000000,31.000000,32.000000,32.000000,32.000000,33.000000,33.000000,1,1,1,1,1,1,1,0,0,0,0,0,0,0,74,5376.199219,749,0,1,0.661106,-0.051338,-0.323836,-3.118000,-0.399000,0.080000,1
3.206571,5.758000,-47.698002,-15.239000,89.291000,24.892000,28.509001,144.876007,-14.400000,15.600000,11.040000,-25.799999,1.800000,13.680000,13.320000,-745.000000,-403.000000,439.000000,-2877.000000,781.000000,373.000000,579.000000,22.000000,22.000000,22.000000,22.000000,21.000000,22.000000,22.000000,31.000000,31.000000,32.000000,32.000000,32.000000,33.000000,33.000000,1,1,1,1,1,1,1,0,0,0,0,0,0,0,74,5376.200195,747,0,1,0.661701,-0.050769,-0.323807,-3.118000,-0.399000,0.079000,1
3.216561,5.587000,-47.521000,-15.114000,88.959000,24.908001,28.601999,144.985992,-14.150000,14.880000,10.800000,-27.719999,1.800000,12.710000,14.880000,-773.000000,-436.000000,182.000000,-2984.000000,706.000000,552.000000,628.000000,22.000000,22.000000,22.000000,22.000000,21.000000,22.000000,22.000000,31.000000,31.000000,32.000000,32.000000,32.000000,33.000000,33.000000,1,1,1,1,1,1,1,0,0,0,0,0,0,0,74,5376.204102,749,0,1,0.663249,-0.050431,-0.323636,-3.119000,-0.400000,0.080000,1
3.226594,5.413000,-47.328999,-14.994000,88.640999,24.938999,28.759001,145.145004,-14.040000,15.000000,9.350000,-26.160000,2.160000,12.710000,14.040000,-839.000000,-676.000000,154.000000,-2648.000000,669.000000,223.000000,592.000000,22.000000,22.000000,22.000000,22.000000,21.000000,22.000000,22.000000,31.000000,31.000000,32.000000,32.000000,32.000000,33.000000,33.000000,1,1,1,1,1,1,1,0,0,0,0,0,0,0,74,5376.204102,749,0,1,0.664220,-0.049819,-0.323727,-3.119000,-0.400000,0.080000,1
3.236567,5.296000,-47.205002,-14.912000,88.413002,24.966999,28.938000,145.320007,-14.760000,14.520000,9.350000,-26.639999,1.920000,14.280000,14.040000,-785.000000,-251.000000,714.000000,-3006.000000,658.000000,294.000000,516.000000,22.000000,22.000000,22.000000,22.000000,21.000000,22.000000,22.000000,31.000000,31.000000,32.000000,32.000000,32.000000,33.000000,33.000000,1,1,1,1,1,1,1,0,0,0,0,0,0,0,74,5376.204102,748,0,1,0.664618,-0.049068,-0.323785,-3.118000,-0.399000,0.079000,1
3.246540,5.121000,-47.015999,-14.794000,88.095001,24.983999,29.052000,145.427994,-15.120000,14.880000,9.720000,-26.280001,1.920000,12.480000,13.080000,-849.000000,-526.000000,229.000000,-3298.000000,646.000000,437.000000,612.000000,22.000000,22.000000,22.000000,22.000000,21.000000,22.000000,22.000000,31.000000,31.000000,32.000000,32.000000,32.000000,33.000000,33.000000,1,1,1,1,1,1,1,0,0,0,0,0,0,0,74,5376.203125,748,0,1,0.665835,-0.048713,-0.323802,-3.119000,-0.400000,0.080000,1
3.256617,5.056000,-46.944000,-14.758000,87.992996,25.002001,29.166000,145.533005,-13.680000,15.600000,10.070000,-26.280001,1.920000,15.000000,15.960000,-886.000000,-406.000000,475.000000,-3546.000000,639.000000,270.000000,578.000000,22.000000,22.000000,22.000000,22.000000,21.000000,22.000000,22.000000,31.000000,31.000000,32.000000,32.000000,32.000000,33.000000,33.000000,1,1,1,1,1,1,1,0,0,0,0,0,0,0,74,5376.198242,749,0,1,0.665724,-0.048289,-0.323986,-3.118000,-0.399000,0.079000,1
3.266484,4.890000,-46.768002,-14.639000,87.686996,25.017000,29.277000,145.649002,-14.520000,15.240000,10.070000,-26.160000,1.920000,13.320000,13.920000,-998.000000,-696.000000,49.000000,-3778.000000,655.000000,269.000000,518.000000,22.000000,22.000000,22.000000,22.000000,21.000000,22.000000,22.000000,31.000000,31.000000,32.000000,32.000000,32.000000,33.000000,33.000000,1,1,1,1,1,1,1,0,0,0,0,0,0,0,74,5376.198242,751,0,1,0.666915,-0.047861,-0.323968,-3.118000,-0.399000,0.080000,1
3.276516,4.731000,-46.590000,-14.525000,87.371002,25.037001,29.445999,145.820999,-13.560000,14.760000,8.640000,-26.280001,1.800000,12.600000,14.640000,-1287.000000,-534.000000,256.000000,-3598.000000,644.000000,154.000000,540.000000,22.000000,22.000000,22.000000,22.000000,21.000000,22.000000,22.000000,31.000000,31.000000,32.000000,32.000000,32.000000,33.000000,33.000000,1,1,1,1,1,1,1,0,0,0,0,0,0,0,74,5376.198242,749,0,1,0.667832,-0.047187,-0.324017,-3.118000,-0.399000,0.080000,1
3.286545,4.608000,-46.465000,-14.447000,87.153000,25.065001,29.601999,145.992996,-14.280000,15.240000,8.520000,-27.360001,1.920000,14.040000,12.840000,-1254.000000,-587.000000,802.000000,-3546.000000,565.000000,382.000000,538.000000,22.000000,22.000000,22.000000,22.000000,21.000000,22.000000,22.000000,31.000000,31.000000,32.000000,32.000000,32.000000,33.000000,33.000000,1,1,1,1,1,1,1,0,0,0,0,0,0,0,74,5376.199219,748,0,1,0.668235,-0.046564,-0.324106,-3.117000,-0.398000,0.079000,1
3.296529,4.430000,-46.297001,-14.326000,86.813004,25.091999,29.711000,146.113007,-14.880000,14.760000,9.840000,-26.280001,1.800000,13.560000,14.520000,-1130.000000,-441.000000,485.000000,-3009.000000,530.000000,260.000000,411.000000,22.000000,22.000000,22.000000,22.000000,21.000000,22.000000,22.000000,31.000000,31.000000,32.000000,32.000000,32.000000,33.000000,33.000000,1,1,1,1,1,1,1,0,0,0,0,0,0,0,74,5376.202148,750,0,1,0.669776,-0.046182,-0.323875,-3.118000,-0.400000,0.080000,1
3.306497,4.255000,-46.196999,-14.242000,86.600998,25.108999,29.870001,146.292007,-15.120000,14.400000,10.440000,-28.799999,1.800000,13.680000,14.400000,-1067.000000,-326.000000,117.000000,-2966.000000,521.000000,444.000000,535.000000,22.000000,22.000000,22.000000,22.000000,21.000000,22.000000,22.000000,31.000000,31.000000,32.000000,32.000000,32.000000,33.000000,33.000000,1,1,1,1,1,1,1,0,0,0,0,0,0,0,74,5376.202148,748,0,1,0.670232,-0.045830,-0.323778,-3.118000,-0.399000,0.079000,1
3.316571,4.134000,-46.015999,-14.107000,86.248001,25.131001,30.027000,146.464005,-14.760000,14.760000,10.560000,-28.080000,1.800000,13.200000,14.760000,-962.000000,-455.000000,221.000000,-3309.000000,550.000000,471.000000,515.000000,22.000000,22.000000,22.000000,22.000000,21.000000,22.000000,22.000000,31.000000,31.000000,32.000000,32.000000,32.000000,33.000000,33.000000,1,1,1,1,1,1,1,0,0,0,0,0,0,0,74,5376.202148,749,0,1,0.671526,-0.044809,-0.323714,-3.117000,-0.400000,0.078000,1
3.326503,3.971000,-45.841000,-13.963000,85.921997,25.146000,30.138000,146.593994,-14.640000,15.240000,8.400000,-27.719999,1.440000,15.000000,17.280001,-976.000000,-431.000000,545.000000,-3074.000000,546.000000,300.000000,493.000000,22.000000,22.000000,22.000000,22.000000,21.000000,22.000000,22.000000,31.000000,31.000000,32.000000,32.000000,32.000000,33.000000,33.000000,1,1,1,1,1,1,1,0,0,0,0,0,0,0,74,5376.204102,749,0,1,0.672873,-0.044114,-0.323632,-3.117000,-0.400000,0.079000,1
3.336518,3.909000,-45.782001,-13.916000,85.807999,25.164000,30.247999,146.714996,-14.880000,14.880000,9.960000,-29.400000,1.560000,13.800000,13.320000,-1072.000000,-346.000000,832.000000,-3085.000000,548.000000,327.000000,518.000000,22.000000,22.000000,22.000000,22.000000,21.000000,22.000000,22.000000,31.000000,31.000000,32.000000,32.000000,32.000000,33.000000,33.000000,1,1,1,1,1,1,1,0,0,0,0,0,0,0,74,5376.204102,749,0,1,0.672951,-0.043587,-0.323680,-3.116000,-0.400000,0.078000,1
3.346497,3.727000,-45.590000,-13.789000,85.459000,25.179001,30.362000,146.832001,-13.440000,14.880000,9.840000,-27.959999,1.440000,13.200000,14.400000,-1231.000000,-407.000000,162.000000,-2854.000000,444.000000,373.000000,540.000000,22.000000,22.000000,22.000000,22.000000,21.000000,22.000000,22.000000,31.000000,31.000000,32.000000,32.000000,32.000000,33.000000,33.000000,1,1,1,1,1,1,1,0,0,0,0,0,0,0,74,5376.203125,748,0,1,0.674366,-0.043168,-0.323621,-3.117000,-0.401000,0.079000,1
3.356426,3.610000,-45.472000,-13.713000,85.260002,25.193001,30.524000,146.994995,-14.520000,14.640000,10.440000,-27.120001,0.840000,14.040000,14.520000,-912.000000,-472.000000,-58.000000,-3230.000000,519.000000,248.000000,477.000000,22.000000,22.000000,22.000000,22.000000,21.000000,22.000000,22.000000,31.000000,31.000000,32.000000,32.000000,32.000000,33.000000,33.000000,1,1,1,1,1,1,1,0,0,0,0,0,0,0,74,5376.202148,748,0,1,0.674559,-0.042550,-0.323781,-3.116000,-0.400000,0.078000,1
3.366445,3.425000,-45.285000,-13.599000,84.905998,25.198999,30.691000,147.171005,-13.680000,14.880000,8.280000,-29.520000,0.840000,15.240000,13.680000,-711.000000,-447.000000,0.000000,-3211.000000,610.000000,272.000000,510.000000,22.000000,22.000000,22.000000,22.000000,21.000000,22.000000,22.000000,31.000000,31.000000,32.000000,32.000000,32.000000,33.000000,33.000000,1,1,1,1,1,1,1,0,0,0,0,0,0,0,74,5376.202148,748,0,1,0.675701,-0.042080,-0.323741,-3.116000,-0.400000,0.078000,1
3.376477,3.243000,-45.105000,-13.492000,84.571999,25.209999,30.808001,147.292999,-13.320000,15.960000,9.720000,-27.360001,0.600000,13.560000,16.200001,-889.000000,-574.000000,595.000000,-3361.000000,610.000000,299.000000,559.000000,22.000000,22.000000,22.000000,22.000000,21.000000,22.000000,22.000000,31.000000,31.000000,32.000000,32.000000,32.000000,33.000000,33.000000,1,1,1,1,1,1,1,0,0,0,0,0,0,0,74,5376.200195,748,0,1,0.676998,-0.041825,-0.323671,-3.118000,-0.400000,0.079000,1
3.386556,3.122000,-44.980000,-13.430000,84.344002,25.216999,30.978001,147.462997,-14.880000,14.880000,10.560000,-27.360001,0.720000,15.120000,13.320000,-961.000000,-683.000000,604.000000,-3392.000000,628.000000,198.000000,496.000000,22.000000,22.000000,22.000000,22.000000,21.000000,22.000000,22.000000,31.000000,31.000000,32.000000,32.000000,32.000000,33.000000,33.000000,1,1,1,1,1,1,1,0,0,0,0,0,0,0,74,5376.200195,748,0,1,0.677322,-0.041375,-0.323773,-3.117000,-0.399000,0.078000,1
3.396447,2.952000,-44.794998,-13.331000,84.000000,25.219000,31.153000,147.636002,-14.520000,14.520000,10.320000,-28.080000,0.240000,14.520000,14.760000,-1101.000000,-639.000000,328.000000,-3555.000000,700.000000,307.000000,526.000000,22.000000,22.000000,22.000000,22.000000,21.000000,22.000000,22.000000,31.000000,31.000000,32.000000,32.000000,32.000000,33.000000,33.000000,1,1,1,1,1,1,1,0,0,0,0,0,0,0,74,5376.200195,748,0,1,0.678311,-0.040946,-0.323798,-3.117000,-0.399000,0.078000,1
3.406441,2.785000,-44.612000,-13.215000,83.649002,25.221001,31.275999,147.759995,-14.760000,15.000000,8.640000,-27.480000,0.000000,13.800000,15.240000,-977.000000,-629.000000,-222.000000,-3064.000000,726.000000,296.000000,575.000000,22.000000,22.000000,22.000000,22.000000,21.000000,22.000000,22.000000,31.000000,31.000000,32.000000,32.000000,32.000000,33.000000,33.000000,1,1,1,1,1,1,1,0,0,0,0,0,0,0,74,5376.200195,749,0,1,0.679673,-0.040534,-0.323713,-3.118000,-0.400000,0.079000,1
3.416435,2.665000,-44.493000,-13.125000,83.415001,25.231001,31.441999,147.947006,-13.320000,14.400000,7.800000,-26.879999,0.360000,12.960000,12.710000,-628.000000,-640.000000,302.000000,-2903.000000,669.000000,79.000000,443.000000,22.000000,22.000000,22.000000,22.000000,21.000000,22.000000,22.000000,31.000000,31.000000,32.000000,32.000000,32.000000,33.000000,33.000000,1,1,1,1,1,1,1,0,0,0,0,0,0,0,74,5376.202148,748,0,1,0.680117,-0.039809,-0.323751,-3.117000,-0.399000,0.078000,1
3.426460,2.524000,-44.354000,-13.032000,83.129997,25.240999,31.533001,148.048004,-10.560000,10.680000,7.200000,-21.600000,0.720000,11.040000,12.480000,-553.000000,-861.000000,427.000000,-2369.000000,603.000000,196.000000,420.000000,22.000000,22.000000,22.000000,22.000000,21.000000,22.000000,22.000000,31.000000,31.000000,32.000000,32.000000,32.000000,33.000000,33.000000,1,1,1,1,1,1,1,0,0,0,0,0,0,0,74,5376.199219,748,0,1,0.681333,-0.039514,-0.323593,-3.118000,-0.400000,0.079000,1
3.436533,2.476000,-44.308998,-13.003000,83.046997,25.246000,31.608999,148.136002,-9.840000,9.840000,6.350000,-19.320000,0.360000,8.760000,11.040000,-554.000000,-1008.000000,-315.000000,-2250.000000,537.000000,194.000000,500.000000,22.000000,22.000000,22.000000,22.000000,21.000000,22.000000,22.000000,31.000000,31.000000,32.000000,32.000000,32.000000,33.000000,33.000000,1,1,1,1,1,1,1,0,0,0,0,0,0,0,74,5376.196777,749,0,1,0.681376,-0.039235,-0.323647,-3.117000,-0.400000,0.078000,1
3.446492,2.377000,-44.206001,-12.932000,82.843002,25.253000,31.718000,148.212006,-9.000000,8.400000,5.640000,-17.639999,0.000000,8.280000,9.350000,-647.000000,-513.000000,-40.000000,-2896.000000,548.000000,466.000000,481.000000,22.000000,22.000000,22.000000,22.000000,21.000000,22.000000,22.000000,31.000000,31.000000,32.000000,32.000000,32.000000,33.000000,33.000000,1,1,1,1,1,1,1,0,0,0,0,0,0,0,74,5376.198242,749,0,1,0.681962,-0.038825,-0.323633,-3.117000,-0.400000,0.079000,0
3.456506,2.274000,-44.091999,-12.862000,82.707001,25.253000,31.801001,148.328995,-8.880000,9.120000,5.400000,-17.879999,0.000000,9.350000,10.200000,-684.000000,-681.000000,-285.000000,-3165.000000,573.000000,421.000000,540.000000,22.000000,22.000000,22.000000,22.000000,21.000000,22.000000,22.000000,31.000000,31.000000,32.000000,32.000000,32.000000,33.000000,33.000000,1,1,1,1,1,1,1,0,0,0,0,0,0,0,74,5376.203125,748,0,1,0.682041,-0.038462,-0.323970,-3.117000,-0.399000,0.078000,0
3.466559,2.208000,-44.021999,-12.823000,82.491997,25.253000,31.920000,148.447998,-8.760000,9.350000,6.350000,-17.400000,0.000000,8.520000,8.880000,-683.000000,-509.000000,-276.000000,-3352.000000,590.000000,48.000000,443.000000,22.000000,22.000000,22.000000,22.000000,21.000000,22.000000,22.000000,31.000000,31.000000,32.000000,32.000000,32.000000,33.000000,33.000000,1,1,1,1,1,1,1,0,0,0,0,0,0,0,74,5376.206055,749,0,1,0.682819,-0.038151,-0.323681,-3.117000,-0.399000,0.078000,0
3.476433,2.106000,-43.894001,-12.792000,82.272003,25.253000,31.999001,148.524002,-8.760000,9.480000,5.520000,-18.709999,0.120000,8.520000,8.400000,-742.000000,-644.000000,139.000000,-3276.000000,598.000000,77.000000,521.000000,22.000000,22.000000,22.000000,22.000000,21.000000,22.000000,22.000000,31.000000,31.000000,32.000000,32.000000,32.000000,33.000000,33.000000,1,1,1,1,1,1,1,0,0,0,0,0,0,0,74,5376.204102,747,0,1,0.683551,-0.038257,-0.323732,-3.118000,-0.400000,0.078000,0
3.486479,2.044000,-43.816002,-12.764000,82.125000,25.253000,32.104000,148.626999,-9.000000,10.200000,4.320000,-18.360001,0.000000,9.960000,9.720000,-675.000000,-520.000000,364.000000,-2955.000000,605.000000,445.000000,638.000000,22.000000,22.000000,22.000000,22.000000,21.000000,22.000000,22.000000,31.000000,31.000000,32.000000,32.000000,32.000000,33.000000,33.000000,1,1,1,1,1,1,1,0,0,0,0,0,0,0,74,5376.203125,748,0,1,0.683762,-0.038024,-0.323797,-3.117000,-0.399000,0.077000,0
3.496367,1.943000,-43.687000,-12.701000,81.903000,25.252001,32.214001,148.738007,-8.640000,9.480000,4.440000,-18.120001,0.000000,8.160000,9.000000,-605.000000,-691.000000,491.000000,-3251.000000,567.000000,422.000000,593.000000,22.000000,22.000000,22.000000,22.000000,21.000000,22.000000,22.000000,31.000000,31.000000,32.000000,32.000000,32.000000,33.000000,33.000000,1,1,1,1,1,1,1,0,0,0,0,0,0,0,74,5376.198242,747,0,1,0.684333,-0.037708,-0.323904,-3.117000,-0.399000,0.077000,0
3.506400,1.840000,-43.560001,-12.616000,81.685997,25.253000,32.297001,148.820007,-8.640000,9.840000,5.400000,-19.440001,0.000000,9.000000,9.720000,-604.000000,-810.000000,408.000000,-3444.000000,557.000000,241.000000,554.000000,22.000000,22.000000,22.000000,22.000000,21.000000,22.000000,22.000000,31.000000,31.000000,32.000000,32.000000,32.000000,33.000000,33.000000,1,1,1,1,1,1,1,0,0,0,0,0,0,0,74,5376.198242,748,0,1,0.685049,-0.037288,-0.323983,-3.117000,-0.399000,0.078000,0
3.516420,1.810000,-43.518002,-12.586000,81.598000,25.256001,32.382000,148.893005,-7.320000,10.440000,4.920000,-18.360001,0.000000,9.960000,10.440000,-649.000000,-756.000000,356.000000,-3489.000000,540.000000,264.000000,600.000000,22.000000,22.000000,22.000000,22.000000,21.000000,22.000000,22.000000,31.000000,31.000000,32.000000,32.000000,32.000000,33.000000,33.000000,1,1,1,1,1,1,1,0,0,0,0,0,0,0,74,5376.200195,748,0,1,0.685078,-0.036895,-0.324029,-3.117000,-0.399000,0.077000,0
3.526404,1.708000,-43.401001,-12.517000,81.376999,25.257000,32.470001,148.977005,-8.040000,9.720000,4.920000,-19.200001,0.000000,11.400000,9.840000,-675.000000,-578.000000,145.000000,-3611.000000,503.000000,293.000000,677.000000,22.000000,22.000000,22.000000,22.000000,21.000000,22.000000,22.000000,31.000000,31.000000,32.000000,32.000000,32.000000,33.000000,33.000000,1,1,1,1,1,1,1,0,0,0,0,0,0,0,74,5376.200195,748,0,1,0.685840,-0.036608,-0.324020,-3.117000,-0.399000,0.078000,0
3.536453,1.605000,-43.282001,-12.476000,81.216003,25.257000,32.577999,149.076004,-8.040000,10.070000,5.400000,-18.840000,0.000000,8.640000,8.760000,-872.000000,-533.000000,-37.000000,-3242.000000,469.000000,131.000000,628.000000,22.000000,22.000000,22.000000,22.000000,21.000000,22.000000,22.000000,31.000000,31.000000,32.000000,32.000000,32.000000,33.000000,33.000000,1,1,1,1,1,1,1,0,0,0,0,0,0,0,74,5376.199219,749,0,1,0.685922,-0.036474,-0.324329,-3.117000,-0.398000,0.078000,0
3.546406,1.535000,-43.192001,-12.410000,80.961998,25.257000,32.654999,149.153000,-8.280000,9.840000,5.760000,-19.799999,0.000000,9.350000,9.120000,-567.000000,-767.000000,-455.000000,-3174.000000,431.000000,411.000000,530.000000,22.000000,22.000000,22.000000,22.000000,21.000000,22.000000,22.000000,31.000000,31.000000,32.000000,32.000000,32.000000,33.000000,33.000000,1,1,1,1,1,1,1,0,0,0,0,0,0,0,74,5376.200195,748,0,1,0.687180,-0.036106,-0.323963,-3.117000,-0.399000,0.078000,0
3.556497,1.446000,-43.077999,-12.348000,80.722000,25.257000,32.776001,149.279007,-7.680000,9.720000,5.400000,-20.150000,0.000000,9.350000,9.600000,-1029.000000,-489.000000,-243.000000,-3276.000000,399.000000,82.000000,434.000000,22.000000,22.000000,22.000000,22.000000,21.000000,22.000000,22.000000,31.000000,31.000000,32.000000,32.000000,32.000000,33.000000,33.000000,1,1,1,1,1,1,1,0,0,0,0,0,0,0,74,5376.204102,749,0,1,0.687907,-0.035692,-0.323905,-3.117000,-0.399000,0.078000,0
3.566412,1.381000,-42.988998,-12.310000,80.543999,25.257000,32.900002,149.352005,-7.800000,10.320000,4.080000,-19.320000,0.000000,11.160000,8.880000,-977.000000,-557.000000,193.000000,-3295.000000,336.000000,393.000000,454.000000,22.000000,22.000000,22.000000,22.000000,21.000000,22.000000,22.000000,31.000000,31.000000,32.000000,32.000000,32.000000,33.000000,33.000000,1,1,1,1,1,1,1,0,0,0,0,0,0,0,74,5376.204102,749,0,1,0.688211,-0.035364,-0.323952,-3.117000,-0.399000,0.078000,0
3.576414,1.282000,-42.863998,-12.259000,80.299004,25.257000,32.983002,149.462006,-7.680000,10.560000,3.960000,-20.150000,0.000000,10.440000,10.070000,-761.000000,-700.000000,323.000000,-3258.000000,301.000000,225.000000,665.000000,22.000000,22.000000,22.000000,22.000000,21.000000,22.000000,22.000000,31.000000,31.000000,32.000000,32.000000,32.000000,33.000000,33.000000,1,1,1,1,1,1,1,0,0,0,0,0,0,0,74,5376.202148,748,0,1,0.689135,-0.035231,-0.323893,-3.117000,-0.400000,0.078000,0
3.586464,1.251000,-42.816002,-12.241000,80.209000,25.256001,33.055000,149.526993,-6.960000,9.720000,3.840000,-19.440001,0.000000,8.640000,10.070000,-818.000000,-732.000000,681.000000,-3501.000000,253.000000,207.000000,618.000000,22.000000,22.000000,22.000000,22.000000,21.000000,22.000000,22.000000,31.000000,31.000000,32.000000,32.000000,32.000000,33.000000,33.000000,1,1,1,1,1,1,1,0,0,0,0,0,0,0,74,5376.204102,748,0,1,0.689205,-0.035025,-0.323957,-3.117000,-0.399000,0.077000,0
3.596417,1.174000,-42.708000,-12.182000,79.973000,25.256001,33.176998,149.643997,-7.320000,10.680000,4.320000,-19.440001,0.000000,11.160000,9.000000,-986.000000,-490.000000,388.000000,-3348.000000,190.000000,359.000000,503.000000,22.000000,22.000000,22.000000,22.000000,21.000000,22.000000,22.000000,31.000000,31.000000,32.000000,32.000000,32.000000,33.000000,33.000000,1,1,1,1,1,1,1,0,0,0,0,0,0,0,74,5376.200195,749,0,1,0.689912,-0.034566,-0.323887,-3.116000,-0.399000,0.077000,0
3.606436,1.083000,-42.584999,-12.111000,79.722000,25.259001,33.310001,149.764999,-6.840000,9.840000,4.670000,-21.000000,0.000000,11.280000,9.600000,-1033.000000,-477.000000,192.000000,-3311.000000,169.000000,302.000000,407.000000,22.000000,22.000000,22.000000,22.000000,21.000000,22.000000,22.000000,31.000000,31.000000,32.000000,32.000000,32.000000,33.000000,33.000000,1,1,1,1,1,1,1,0,0,0,0,0,0,0,74,5376.200195,748,0,1,0.690613,-0.034027,-0.323867,-3.116000,-0.399000,0.077000,0
3.616356,0.995000,-42.462002,-12.056000,79.486000,25.257000,33.393002,149.839005,-8.040000,10.070000,4.440000,-20.400000,0.000000,11.760000,8.400000,-1026.000000,-722.000000,229.000000,-3575.000000,143.000000,191.000000,412.000000,22.000000,22.000000,22.000000,22.000000,21.000000,22.000000,22.000000,31.000000,31.000000,32.000000,32.000000,32.000000,33.000000,33.000000,1,1,1,1,1,1,1,0,0,0,0,0,0,0,74,5376.200195,748,0,1,0.691467,-0.033827,-0.323851,-3.116000,-0.400000,0.077000,0
3.626390,0.932000,-42.376999,-12.020000,79.318001,25.256001,33.515999,149.940994,-7.920000,10.800000,3.960000,-19.799999,0.000000,10.680000,9.840000,-871.000000,-421.000000,121.000000,-3566.000000,109.000000,431.000000,611.000000,22.000000,22.000000,22.000000,22.000000,21.000000,22.000000,22.000000,31.000000,31.000000,32.000000,32.000000,32.000000,33.000000,33.000000,1,1,1,1,1,1,1,0,0,0,0,0,0,0,74,5376.199219,749,0,1,0.691690,-0.033487,-0.323916,-3.116000,-0.399000,0.077000,0
3.636383,0.841000,-42.256001,-11.965000,79.068001,25.257000,33.632999,150.022995,-7.320000,10.200000,4.560000,-20.520000,0.000000,9.600000,9.720000,-845.000000,-622.000000,-24.000000,-3506.000000,73.000000,168.000000,558.000000,22.000000,22.000000,22.000000,22.000000,21.000000,22.000000,22.000000,31.000000,31.000000,32.000000,32.000000,32.000000,33.000000,33.000000,1,1,1,1,1,1,1,0,0,0,0,0,0,0,74,5376.200195,749,0,1,0.692473,-0.033190,-0.323866,-3.116000,-0.399000,0.077000,0
3.646398,0.747000,-42.132000,-11.927000,78.901001,25.257000,33.717999,150.134003,-7.320000,10.440000,4.320000,-21.240000,0.000000,10.440000,9.600000,-705.000000,-542.000000,34.000000,-3218.000000,36.000000,207.000000,490.000000,22.000000,22.000000,22.000000,22.000000,21.000000,22.000000,22.000000,31.000000,31.000000,32.000000,32.000000,32.000000,33.000000,33.000000,1,1,1,1,1,1,1,0,0,0,0,0,0,0,74,5376.202148,748,0,1,0.692703,-0.033094,-0.324162,-3.116000,-0.399000,0.077000,0
3.656384,0.685000,-42.040001,-11.877000,78.648003,25.256001,33.844002,150.255005,-7.070000,10.560000,3.480000,-21.840000,0.000000,10.680000,9.350000,-842.000000,-510.000000,-230.000000,-3309.000000,5.000000,270.000000,425.000000,22.000000,22.000000,22.000000,22.000000,21.000000,22.000000,22.000000,31.000000,31.000000,32.000000,32.000000,32.000000,33.000000,33.000000,1,1,1,1,1,1,1,0,0,0,0,0,0,0,74,5376.203125,749,0,1,0.693597,-0.032637,-0.323904,-3.115000,-0.399000,0.076000,0
3.666570,0.601000,-41.914001,-11.826000,78.487000,25.256001,33.933998,150.328003,-7.440000,10.320000,3.480000,-20.879999,-0.360000,10.680000,8.040000,-678.000000,-523.000000,-83.000000,-3622.000000,-11.000000,342.000000,466.000000,22.000000,22.000000,22.000000,22.000000,21.000000,22.000000,22.000000,31.000000,31.000000,32.000000,32.000000,32.000000,33.000000,33.000000,1,1,1,1,1,1,1,0,0,0,0,0,0,0,74,5376.200195,748,0,1,0.693737,-0.032381,-0.324273,-3.115000,-0.398000,0.077000,0
3.676382,0.550000,-41.826000,-11.800000,78.235001,25.253000,34.049000,150.442001,-6.480000,11.160000,3.240000,-21.360001,-0.240000,9.840000,10.200000,-772.000000,-636.000000,146.000000,-3381.000000,-61.000000,404.000000,601.000000,22.000000,22.000000,22.000000,22.000000,21.000000,22.000000,22.000000,31.000000,31.000000,32.000000,32.000000,32.000000,33.000000,33.000000,1,1,1,1,1,1,1,0,0,0,0,0,0,0,74,5376.200195,749,0,1,0.694704,-0.032124,-0.323966,-3.115000,-0.399000,0.076000,0
3.686426,0.468000,-41.688999,-11.755000,77.958000,25.253000,34.138000,150.518005,-6.600000,10.440000,3.240000,-21.600000,-0.360000,10.800000,9.720000,-698.000000,-697.000000,271.000000,-3455.000000,-73.000000,206.000000,507.000000,22.000000,22.000000,22.000000,22.000000,21.000000,22.000000,22.000000,31.000000,31.000000,32.000000,32.000000,32.000000,33.000000,33.000000,1,1,1,1,1,1,1,0,0,0,0,0,0,0,74,5376.200195,748,0,1,0.695761,-0.031968,-0.323893,-3.116000,-0.400000,0.077000,0
3.696371,0.414000,-41.603001,-11.729000,77.785004,25.252001,34.278000,150.632004,-6.240000,10.680000,3.000000,-21.000000,-0.360000,12.240000,9.000000,-530.000000,-590.000000,284.000000,-3411.000000,-93.000000,303.000000,447.000000,22.000000,22.000000,22.000000,22.000000,21.000000,22.000000,22.000000,31.000000,31.000000,32.000000,32.000000,32.000000,33.000000,33.000000,1,1,1,1,1,1,1,0,0,0,0,0,0,0,74,5376.198242,748,0,1,0.695914,-0.031609,-0.323965,-3.115000,-0.399000,0.076000,0
3.706380,0.365000,-41.520000,-11.701000,77.607002,25.247999,34.318001,150.667007,-6.840000,10.560000,3.360000,-21.600000,-0.480000,9.960000,9.600000,-814.000000,-746.000000,263.000000,-3308.000000,-117.000000,66.000000,410.000000,22.000000,22.000000,22.000000,22.000000,21.000000,22.000000,22.000000,31.000000,31.000000,32.000000,32.000000,32.000000,33.000000,33.000000,1,1,1,1,1,1,1,0,0,0,0,0,0,0,74,5376.199219,749,0,1,0.696725,-0.031582,-0.323856,-3.115000,-0.400000,0.076000,0
3.716372,0.288000,-41.383999,-11.666000,77.427002,25.243000,34.445999,150.779007,-6.720000,10.920000,3.120000,-22.080000,-0.720000,9.600000,9.000000,-540.000000,-831.000000,306.000000,-3728.000000,-135.000000,382.000000,563.000000,22.000000,22.000000,22.000000,22.000000,21.000000,22.000000,22.000000,31.000000,31.000000,32.000000,32.000000,32.000000,33.000000,33.000000,1,1,1,1,1,1,1,0,0,0,0,0,0,0,74,5376.202148,748,0,1,0.696720,-0.031313,-0.324276,-3.115000,-0.399000,0.076000,0
3.726416,0.236000,-41.292000,-11.637000,77.166000,25.237000,34.580002,150.886993,-6.480000,10.560000,3.240000,-22.680000,-0.720000,11.520000,9.120000,-628.000000,-598.000000,213.000000,-3315.000000,-159.000000,287.000000,445.000000,22.000000,22.000000,22.000000,22.000000,21.000000,22.000000,22.000000,31.000000,31.000000,32.000000,32.000000,32.000000,33.000000,33.000000,1,1,1,1,1,1,1,0,0,0,0,0,0,0,74,5376.199219,748,0,1,0.697606,-0.031004,-0.323996,-3.115000,-0.399000,0.076000,0
3.736330,0.163000,-41.157001,-11.612000,76.985001,25.231001,34.674999,150.964005,-6.480000,10.200000,3.000000,-22.920000,-0.720000,10.440000,8.880000,-889.000000,-685.000000,268.000000,-3510.000000,-150.000000,166.000000,453.000000,22.000000,22.000000,22.000000,22.000000,21.000000,22.000000,22.000000,31.000000,31.000000,32.000000,32.000000,32.000000,33.000000,33.000000,1,1,1,1,1,1,1,0,0,0,0,0,0,0,74,5376.202148,749,0,1,0.697812,-0.030948,-0.324351,-3.115000,-0.399000,0.076000,0
3.746432,0.113000,-41.069000,-11.571000,76.723000,25.228001,34.799999,151.074997,-6.600000,11.640000,3.240000,-23.160000,-0.600000,10.560000,10.320000,-753.000000,-617.000000,282.000000,-3042.000000,-196.000000,301.000000,451.000000,22.000000,22.000000,22.000000,22.000000,21.000000,22.000000,22.000000,31.000000,31.000000,32.000000,32.000000,32.000000,33.000000,33.000000,1,1,1,1,1,1,1,0,0,0,0,0,0,0,74,5376.202148,749,0,1,0.698793,-0.030513,-0.324023,-3.114000,-0.399000,0.075000,0
3.756410,0.039000,-40.941002,-11.534000,76.440002,25.226999,34.884998,151.145004,-6.120000,10.560000,2.880000,-22.440001,-0.600000,10.800000,9.480000,-674.000000,-613.000000,158.000000,-3202.000000,-212.000000,400.000000,479.000000,22.000000,22.000000,22.000000,22.000000,21.000000,22.000000,22.000000,31.000000,31.000000,32.000000,32.000000,32.000000,33.000000,33.000000,1,1,1,1,1,1,1,0,0,0,0,0,0,0,74,5376.202148,749,0,1,0.699966,-0.030406,-0.323844,-3.115000,-0.401000,0.076000,0
3.766338,-0.034000,-40.819000,-11.499000,76.172997,25.219000,35.022999,151.251007,-6.000000,11.400000,3.000000,-24.840000,-0.840000,11.040000,8.280000,-677.000000,-739.000000,89.000000,-3554.000000,-266.000000,209.000000,523.000000,22.000000,22.000000,22.000000,22.000000,21.000000,22.000000,22.000000,31.000000,31.000000,32.000000,32.000000,32.000000,33.000000,33.000000,1,1,1,1,1,1,1,0,0,0,0,0,0,0,74,5376.200195,749,0,1,0.700700,-0.030167,-0.323778,-3.115000,-0.401000,0.076000,0
3.776287,-0.086000,-40.730999,-11.479000,75.988998,25.209000,35.171001,151.354004,-6.120000,10.800000,2.880000,-23.160000,-0.960000,11.760000,8.760000,-496.000000,-554.000000,-12.000000,-3460.000000,-301.000000,267.000000,446.000000,22.000000,22.000000,22.000000,22.000000,21.000000,22.000000,22.000000,31.000000,31.000000,32.000000,32.000000,32.000000,33.000000,33.000000,1,1,1,1,1,1,1,0,0,0,0,0,0,0,74,5376.200195,748,0,1,0.700856,-0.029880,-0.323840,-3.114000,-0.400000,0.075000,0
3.786370,-0.133000,-40.653000,-11.458000,75.811996,25.205999,35.215000,151.389999,-5.880000,11.640000,2.510000,-23.040001,-1.080000,11.640000,9.000000,-519.000000,-734.000000,26.000000,-3358.000000,-302.000000,134.000000,523.000000,22.000000,22.000000,22.000000,22.000000,21.000000,22.000000,22.000000,31.000000,31.000000,32.000000,32.000000,32.000000,33.000000,33.000000,1,1,1,1,1,1,1,0,0,0,0,0,0,0,74,5376.200195,750,0,1,0.701650,-0.029877,-0.323701,-3.115000,-0.401000,0.076000,0
3.796409,-0.182000,-40.567001,-11.435000,75.609001,25.191000,35.355000,151.496994,-5.760000,10.800000,2.510000,-23.040001,-0.960000,10.440000,8.640000,-762.000000,-474.000000,-135.000000,-3539.000000,-330.000000,393.000000,409.000000,22.000000,22.000000,22.000000,22.000000,21.000000,22.000000,22.000000,31.000000,31.000000,32.000000,32.000000,32.000000,33.000000,33.000000,1,1,1,1,1,1,1,0,0,0,0,0,0,0,74,5376.202148,748,0,1,0.702014,-0.029599,-0.323658,-3.115000,-0.400000,0.075000,0
3.806358,-0.254000,-40.431999,-11.407000,75.322998,25.183001,35.443001,151.570007,-5.760000,11.160000,2.400000,-23.040001,-1.080000,11.880000,8.280000,-445.000000,-638.000000,2.000000,-3355.000000,-380.000000,249.000000,418.000000,22.000000,22.000000,22.000000,22.000000,21.000000,22.000000,22.000000,31.000000,31.000000,32.000000,32.000000,32.000000,33.000000,33.000000,1,1,1,1,1,1,1,0,0,0,0,0,0,0,74,5376.203125,748,0,1,0.703130,-0.029581,-0.323528,-3.115000,-0.401000,0.076000,0
3.816364,-0.300000,-40.339001,-11.388000,75.116997,25.177000,35.584000,151.669998,-5.520000,12.000000,2.160000,-22.799999,-1.080000,11.880000,9.600000,-569.000000,-621.000000,133.000000,-2987.000000,-354.000000,236.000000,555.000000,22.000000,22.000000,22.000000,22.000000,21.000000,22.000000,22.000000,31.000000,31.000000,32.000000,32.000000,32.000000,33.000000,33.000000,1,1,1,1,1,1,1,0,0,0,0,0,0,0,74,5376.202148,748,0,1,0.703479,-0.029288,-0.323525,-3.115000,-0.401000,0.075000,0
3.826323,-0.362000,-40.195999,-11.362000,74.848000,25.167999,35.734001,151.776993,-5.280000,11.880000,2.160000,-22.920000,-1.200000,11.520000,8.640000,-753.000000,-557.000000,176.000000,-3118.000000,-360.000000,275.000000,457.000000,22.000000,22.000000,22.000000,22.000000,21.000000,22.000000,22.000000,31.000000,31.000000,32.000000,32.000000,32.000000,33.000000,33.000000,1,1,1,1,1,1,1,0,0,0,0,0,0,0,74,5376.202148,749,0,1,0.704027,-0.029029,-0.323639,-3.114000,-0.401000,0.075000,0
3.836325,-0.427000,-40.049999,-11.335000,74.571999,25.164000,35.877998,151.845993,-5.400000,11.160000,1.920000,-22.920000,-1.200000,12.240000,8.400000,-598.000000,-602.000000,216.000000,-3418.000000,-354.000000,308.000000,480.000000,22.000000,22.000000,22.000000,22.000000,21.000000,22.000000,22.000000,31.000000,31.000000,32.000000,32.000000,32.000000,33.000000,33.000000,1,1,1,1,1,1,1,0,0,0,0,0,0,0,74,5376.203125,747,0,1,0.704662,-0.028802,-0.323731,-3.115000,-0.400000,0.076000,1
3.846490,-0.488000,-39.950001,-11.320000,74.380997,25.150000,35.980999,151.960007,-4.670000,11.760000,1.800000,-23.760000,-1.560000,12.840000,10.440000,-741.000000,-725.000000,244.000000,-3449.000000,-370.000000,221.000000,517.000000,22.000000,22.000000,22.000000,22.000000,21.000000,22.000000,22.000000,31.000000,31.000000,32.000000,32.000000,32.000000,33.000000,33.000000,1,1,1,1,1,1,1,0,0,0,0,0,0,0,74,5376.200195,748,0,1,0.705053,-0.028754,-0.323794,-3.115000,-0.400000,0.075000,1
3.856423,-0.532000,-39.796001,-11.295000,74.080002,25.122999,36.157001,152.082993,-6.120000,13.680000,2.510000,-27.360001,-2.160000,15.480000,11.280000,-959.000000,20.000000,305.000000,-4500.000000,-246.000000,425.000000,628.000000,22.000000,22.000000,22.000000,22.000000,21.000000,22.000000,22.000000,31.000000,31.000000,32.000000,32.000000,32.000000,33.000000,33.000000,1,1,1,1,1,1,1,0,0,0,0,0,0,0,74,5376.199219,748,0,1,0.705611,-0.028411,-0.323909,-3.114000,-0.400000,0.075000,1
3.866327,-0.586000,-39.667000,-11.277000,73.845001,25.105000,36.223000,152.128006,-7.680000,17.040001,2.640000,-33.119999,-2.160000,16.080000,10.920000,-1193.000000,-183.000000,392.000000,-5093.000000,-256.000000,395.000000,641.000000,22.000000,22.000000,22.000000,22.000000,21.000000,22.000000,22.000000,31.000000,31.000000,32.000000,32.000000,32.000000,33.000000,33.000000,1,1,1,1,1,1,1,0,0,0,0,0,0,0,74,5376.199219,749,0,1,0.706435,-0.028488,-0.323953,-3.115000,-0.400000,0.076000,1
3.876343,-0.652000,-39.514999,-11.258000,73.556000,25.061001,36.449001,152.292007,-8.520000,18.480000,2.760000,-37.799999,-2.400000,19.799999,12.480000,-924.000000,-429.000000,470.000000,-4966.000000,-220.000000,206.000000,559.000000,22.000000,22.000000,22.000000,22.000000,21.000000,22.000000,22.000000,31.000000,31.000000,32.000000,32.000000,32.000000,33.000000,33.000000,1,1,1,1,1,1,1,0,0,0,0,0,0,0,74,5376.204102,749,0,1,0.706567,-0.028219,-0.324181,-3.114000,-0.398000,0.075000,1
3.886273,-0.751000,-39.287998,-11.228000,73.071999,25.025000,36.602001,152.404007,-8.520000,18.709999,3.120000,-41.400002,-2.880000,19.440001,14.280000,-965.000000,-524.000000,184.000000,-3926.000000,-114.000000,225.000000,541.000000,22.000000,22.000000,22.000000,22.000000,21.000000,22.000000,22.000000,31.000000,31.000000,32.000000,32.000000,32.000000,33.000000,33.000000,1,1,1,1,1,1,1,0,0,0,0,0,0,0,74,5376.202148,749,0,1,0.708368,-0.028303,-0.323985,-3.116000,-0.400000,0.076000,1
3.896353,-0.854000,-39.066002,-11.192000,72.587997,25.007000,36.818001,152.584000,-8.520000,18.480000,3.000000,-38.880001,-2.280000,18.709999,11.880000,-791.000000,-554.000000,464.000000,-3207.000000,-98.000000,468.000000,531.000000,22.000000,22.000000,22.000000,22.000000,21.000000,22.000000,22.000000,31.000000,31.000000,32.000000,32.000000,32.000000,33.000000,33.000000,1,1,1,1,1,1,1,0,0,0,0,0,0,0,74,5376.199219,752,0,1,0.709830,-0.028046,-0.323838,-3.116000,-0.401000,0.076000,1
3.906372,-0.954000,-38.848999,-11.151000,72.269997,25.000000,37.064999,152.761993,-8.640000,18.600000,3.000000,-40.080002,-2.400000,18.600000,15.710000,-751.000000,-609.000000,147.000000,-3391.000000,-103.000000,303.000000,621.000000,22.000000,22.000000,22.000000,22.000000,21.000000,22.000000,22.000000,31.000000,31.000000,32.000000,32.000000,32.000000,33.000000,33.000000,1,1,1,1,1,1,1,0,0,0,0,0,0,0,74,5376.196777,748,0,1,0.709739,-0.027551,-0.324479,-3.115000,-0.398000,0.075000,1
3.916298,-1.020000,-38.710999,-11.127000,71.792000,24.996000,37.307999,152.938995,-8.040000,17.639999,2.880000,-39.240002,-1.680000,20.150000,13.440000,-718.000000,-441.000000,196.000000,-3346.000000,-194.000000,341.000000,583.000000,22.000000,22.000000,22.000000,22.000000,21.000000,22.000000,22.000000,31.000000,31.000000,32.000000,32.000000,32.000000,33.000000,33.000000,1,1,1,1,1,1,1,0,0,0,0,0,0,0,74,5376.203125,748,0,1,0.711462,-0.027057,-0.323716,-3.114000,-0.400000,0.075000,1
3.926366,-1.123000,-38.481998,-11.093000,71.291000,24.982000,37.467999,153.052994,-9.000000,18.840000,2.880000,-39.599998,-1.680000,20.150000,15.000000,-617.000000,-431.000000,184.000000,-3198.000000,-266.000000,330.000000,634.000000,22.000000,22.000000,22.000000,22.000000,21.000000,22.000000,22.000000,31.000000,31.000000,32.000000,32.000000,32.000000,33.000000,33.000000,1,1,1,1,1,1,1,0,0,0,0,0,0,0,74,5376.202148,749,0,1,0.713346,-0.026996,-0.323466,-3.115000,-0.402000,0.076000,1
3.936266,-1.192000,-38.331001,-11.071000,71.000999,24.950001,37.688000,153.220001,-8.880000,18.480000,2.880000,-39.840000,-2.160000,19.200001,12.960000,-626.000000,-390.000000,-53.000000,-3430.000000,-207.000000,499.000000,678.000000,22.000000,22.000000,22.000000,22.000000,21.000000,22.000000,22.000000,31.000000,31.000000,32.000000,32.000000,32.000000,33.000000,33.000000,1,1,1,1,1,1,1,0,0,0,0,0,0,0,74,5376.206055,747,0,1,0.713510,-0.026688,-0.323678,-3.115000,-0.400000,0.075000,1
3.946245,-1.284000,-38.102001,-11.039000,70.526001,24.930000,37.861000,153.332993,-8.040000,18.709999,2.760000,-39.240002,-2.280000,19.799999,14.760000,-584.000000,-569.000000,88.000000,-3123.000000,-226.000000,309.000000,607.000000,22.000000,22.000000,22.000000,22.000000,21.000000,22.000000,22.000000,31.000000,31.000000,32.000000,32.000000,32.000000,33.000000,33.000000,1,1,1,1,1,1,1,0,0,0,0,0,0,0,74,5376.207031,747,0,1,0.715080,-0.026577,-0.323579,-3.116000,-0.401000,0.076000,1
3.956399,-1.315000,-38.026001,-11.027000,70.362999,24.914000,38.019001,153.451004,-8.040000,18.480000,2.880000,-39.840000,-2.160000,19.080000,12.600000,-521.000000,-420.000000,129.000000,-3456.000000,-215.000000,364.000000,641.000000,22.000000,22.000000,22.000000,22.000000,21.000000,22.000000,22.000000,31.000000,31.000000,32.000000,32.000000,32.000000,33.000000,33.000000,1,1,1,1,1,1,1,0,0,0,0,0,0,0,74,5376.207031,748,0,1,0.715014,-0.026244,-0.323675,-3.115000,-0.400000,0.075000,1
3.966290,-1.411000,-37.799000,-10.994000,69.886002,24.889999,38.199001,153.561996,-7.920000,19.320000,2.510000,-40.080002,-2.280000,21.000000,14.760000,-690.000000,-725.000000,31.000000,-3625.000000,-208.000000,294.000000,750.000000,22.000000,22.000000,22.000000,22.000000,21.000000,22.000000,22.000000,31.000000,31.000000,32.000000,32.000000,32.000000,33.000000,33.000000,1,1,1,1,1,1,1,0,0,0,0,0,0,0,74,5376.202148,747,0,1,0.716555,-0.026143,-0.323560,-3.116000,-0.401000,0.076000,1
3.976325,-1.473000,-37.640999,-10.973000,69.570000,24.862000,38.441002,153.731995,-8.040000,19.559999,2.510000,-39.360001,-2.160000,19.440001,12.840000,-645.000000,-619.000000,117.000000,-3715.000000,-228.000000,320.000000,610.000000,22.000000,22.000000,22.000000,22.000000,21.000000,22.000000,22.000000,31.000000,31.000000,32.000000,32.000000,32.000000,33.000000,33.000000,1,1,1,1,1,1,1,0,0,0,0,0,0,0,74,5376.196777,748,0,1,0.716748,-0.025743,-0.323745,-3.115000,-0.400000,0.075000,1
3.986206,-1.565000,-37.415001,-10.939000,69.091003,24.837000,38.681999,153.903000,-7.800000,19.200001,2.510000,-39.240002,-2.160000,20.400000,15.600000,-449.000000,-825.000000,129.000000,-3847.000000,-282.000000,362.000000,589.000000,22.000000,22.000000,22.000000,22.000000,21.000000,22.000000,22.000000,31.000000,31.000000,32.000000,32.000000,32.000000,33.000000,33.000000,1,1,1,1,1,1,1,0,0,0,0,0,0,0,74,5376.198242,750,0,1,0.717909,-0.025401,-0.323720,-3.115000,-0.400000,0.075000,1
3.996226,-1.663000,-37.176998,-10.903000,68.612000,24.818001,38.851002,154.022003,-7.320000,19.440001,2.510000,-41.160000,-2.160000,20.639999,16.200001,-559.000000,-724.000000,140.000000,-4179.000000,-326.000000,188.000000,700.000000,22.000000,22.000000,22.000000,22.000000,21.000000,22.000000,22.000000,31.000000,31.000000,32.000000,32.000000,32.000000,33.000000,33.000000,1,1,1,1,1,1,1,0,0,0,0,0,0,0,74,5376.196777,748,0,1,0.719457,-0.025280,-0.323672,-3.115000,-0.401000,0.076000,1
4.006287,-1.760000,-37.022999,-10.880000,68.300003,24.797001,39.081001,154.182999,-7.440000,19.440001,2.510000,-40.080002,-2.040000,21.000000,15.480000,-590.000000,-707.000000,140.000000,-4124.000000,-350.000000,410.000000,534.000000,22.000000,22.000000,22.000000,22.000000,21.000000,22.000000,22.000000,31.000000,31.000000,32.000000,32.000000,32.000000,33.000000,33.000000,1,1,1,1,1,1,1,0,0,0,0,0,0,0,74,5376.194824,750,0,1,0.719710,-0.025059,-0.323811,-3.115000,-0.400000,0.075000,1
4.016186,-1.823000,-36.785000,-10.846000,67.803001,24.771999,39.311001,154.360001,-7.560000,19.559999,2.400000,-42.959999,-2.400000,20.280001,14.400000,-729.000000,-643.000000,138.000000,-3659.000000,-372.000000,280.000000,595.000000,22.000000,22.000000,22.000000,22.000000,21.000000,22.000000,22.000000,31.000000,31.000000,32.000000,32.000000,32.000000,33.000000,33.000000,1,1,1,1,1,1,1,0,0,0,0,0,0,0,74,5376.199219,748,0,1,0.720988,-0.024576,-0.323806,-3.115000,-0.400000,0.075000,1
4.026177,-1.919000,-36.535999,-10.817000,67.293999,24.750000,39.474998,154.488998,-8.040000,19.799999,2.400000,-42.360001,-2.510000,21.120001,13.680000,-499.000000,-595.000000,86.000000,-3157.000000,-341.000000,628.000000,636.000000,22.000000,22.000000,22.000000,22.000000,21.000000,22.000000,22.000000,31.000000,31.000000,32.000000,32.000000,32.000000,33.000000,33.000000,1,1,1,1,1,1,1,0,0,0,0,0,0,0,74,5376.202148,749,0,1,0.722725,-0.024529,-0.323704,-3.116000,-0.401000,0.076000,1
4.036142,-1.951000,-36.453999,-10.810000,67.105003,24.731001,39.629002,154.600006,-6.600000,19.200001,2.400000,-42.360001,-2.760000,20.040001,16.200001,-394.000000,-684.000000,106.000000,-3282.000000,-283.000000,406.000000,558.000000,22.000000,22.000000,22.000000,22.000000,21.000000,22.000000,22.000000,31.000000,31.000000,32.000000,32.000000,32.000000,33.000000,33.000000,1,1,1,1,1,1,1,0,0,0,0,0,0,0,74,5376.206055,750,0,1,0.722822,-0.024290,-0.323737,-3.115000,-0.400000,0.075000,1
4.046152,-2.042000,-36.206001,-10.777000,66.612000,24.708000,39.796001,154.720993,-7.680000,19.080000,2.160000,-42.000000,-3.000000,19.799999,15.840000,-522.000000,-744.000000,145.000000,-3464.000000,-260.000000,429.000000,519.000000,22.000000,22.000000,22.000000,22.000000,21.000000,22.000000,22.000000,31.000000,31.000000,32.000000,32.000000,32.000000,33.000000,33.000000,1,1,1,1,1,1,1,0,0,0,0,0,0,0,74,5376.206055,748,0,1,0.724393,-0.024171,-0.323716,-3.116000,-0.402000,0.076000,1
4.056221,-2.101000,-36.039001,-10.759000,66.268997,24.665001,40.056000,154.908005,-7.320000,20.280001,2.510000,-41.400002,-3.240000,21.240000,12.600000,-520.000000,-434.000000,51.000000,-3630.000000,-149.000000,257.000000,480.000000,22.000000,22.000000,22.000000,22.000000,21.000000,22.000000,22.000000,31.000000,31.000000,32.000000,32.000000,32.000000,33.000000,33.000000,1,1,1,1,1,1,1,0,0,0,0,0,0,0,74,5376.203125,748,0,1,0.724583,-0.023803,-0.323897,-3.115000,-0.400000,0.075000,1
4.066189,-2.183000,-35.805000,-10.732000,65.764999,24.624001,40.237999,155.026001,-6.480000,19.320000,2.160000,-41.759998,-3.000000,21.360001,16.559999,-771.000000,-519.000000,114.000000,-3723.000000,-150.000000,384.000000,532.000000,22.000000,22.000000,22.000000,22.000000,21.000000,22.000000,22.000000,31.000000,31.000000,32.000000,32.000000,32.000000,33.000000,33.000000,1,1,1,1,1,1,1,0,0,0,0,0,0,0,74,5376.199219,749,0,1,0.726191,-0.023736,-0.323743,-3.116000,-0.401000,0.077000,1
4.076125,-2.279000,-35.633999,-10.713000,65.440002,24.594000,40.522999,155.212997,-7.200000,20.879999,2.160000,-42.119999,-3.000000,21.840000,14.400000,-682.000000,-665.000000,243.000000,-3945.000000,-169.000000,173.000000,502.000000,22.000000,22.000000,22.000000,22.000000,21.000000,22.000000,22.000000,31.000000,31.000000,32.000000,32.000000,32.000000,33.000000,33.000000,1,1,1,1,1,1,1,0,0,0,0,0,0,0,74,5376.196777,748,0,1,0.726065,-0.023453,-0.324064,-3.116000,-0.399000,0.076000,1
4.086125,-2.333000,-35.400002,-10.686000,64.946999,24.547001,40.778999,155.397003,-6.600000,19.920000,2.160000,-41.880001,-3.240000,21.000000,14.640000,-757.000000,-823.000000,192.000000,-4182.000000,-135.000000,403.000000,590.000000,22.000000,22.000000,22.000000,22.000000,21.000000,22.000000,22.000000,31.000000,31.000000,32.000000,32.000000,32.000000,33.000000,33.000000,1,1,1,1,1,1,1,0,0,0,0,0,0,0,74,5376.193848,749,0,1,0.727094,-0.023028,-0.324097,-3.115000,-0.399000,0.075000,1
4.096189,-2.411000,-35.155998,-10.663000,64.432999,24.504999,40.963001,155.518005,-6.480000,20.639999,2.040000,-42.480000,-3.000000,22.320000,15.710000,-882.000000,-830.000000,318.000000,-4300.000000,-120.000000,223.000000,501.000000,22.000000,22.000000,22.000000,22.000000,21.000000,22.000000,22.000000,31.000000,31.000000,32.000000,32.000000,32.000000,33.000000,33.000000,1,1,1,1,1,1,1,0,0,0,0,0,0,0,74,5376.199219,749,0,1,0.728682,-0.022979,-0.323998,-3.116000,-0.400000,0.077000,1
4.106168,-2.495000,-35.002998,-10.647000,64.064003,24.473000,41.216000,155.701996,-6.840000,20.760000,1.920000,-43.919998,-2.880000,20.639999,15.000000,-918.000000,-461.000000,324.000000,-3672.000000,-164.000000,422.000000,564.000000,22.000000,22.000000,22.000000,22.000000,21.000000,22.000000,22.000000,31.000000,31.000000,32.000000,32.000000,32.000000,33.000000,33.000000,1,1,1,1,1,1,1,0,0,0,0,0,0,0,74,5376.198242,749,0,1,0.729192,-0.022733,-0.323907,-3.116000,-0.399000,0.076000,1
4.116186,-2.547000,-34.763000,-10.621000,63.539001,24.444000,41.459000,155.880005,-7.070000,20.150000,1.920000,-44.040001,-2.760000,22.799999,14.040000,-938.000000,-487.000000,194.000000,-3502.000000,-180.000000,446.000000,562.000000,22.000000,22.000000,22.000000,22.000000,21.000000,22.000000,21.000000,31.000000,31.000000,32.000000,32.000000,32.000000,33.000000,33.000000,1,1,1,1,1,1,1,0,0,0,0,0,0,0,74,5376.200195,747,0,1,0.730520,-0.022251,-0.323821,-3.115000,-0.400000,0.076000,1
4.126185,-2.603000,-34.681999,-10.612000,63.359001,24.440001,41.550999,155.936996,-7.560000,20.040001,1.920000,-44.160000,-2.760000,21.240000,15.840000,-787.000000,-422.000000,216.000000,-3445.000000,-221.000000,301.000000,492.000000,22.000000,22.000000,22.000000,22.000000,21.000000,22.000000,21.000000,31.000000,31.000000,32.000000,32.000000,32.000000,33.000000,33.000000,1,1,1,1,1,1,1,0,0,0,0,0,0,0,74,5376.206055,748,0,1,0.730936,-0.022266,-0.323775,-3.116000,-0.400000,0.076000,1
4.136162,-2.665000,-34.431999,-10.589000,62.828999,24.417000,41.793999,156.119003,-7.200000,20.639999,1.800000,-44.520000,-2.510000,22.680000,16.440001,-757.000000,-381.000000,123.000000,-3033.000000,-330.000000,523.000000,530.000000,22.000000,22.000000,22.000000,22.000000,21.000000,22.000000,21.000000,31.000000,31.000000,32.000000,32.000000,32.000000,33.000000,33.000000,1,1,1,1,1,1,1,0,0,0,0,0,0,0,74,5376.206055,747,0,1,0.732245,-0.021835,-0.323740,-3.115000,-0.400000,0.076000,1
4.146124,-2.750000,-34.181000,-10.566000,62.291000,24.391001,41.987999,156.237000,-6.600000,20.879999,1.920000,-44.400002,-2.760000,21.959999,14.880000,-712.000000,-689.000000,111.000000,-3345.000000,-289.000000,383.000000,636.000000,22.000000,22.000000,22.000000,22.000000,21.000000,22.000000,21.000000,31.000000,31.000000,32.000000,32.000000,32.000000,33.000000,33.000000,1,1,1,1,1,1,1,0,0,0,0,0,0,0,74,5376.203125,749,0,1,0.733915,-0.021718,-0.323592,-3.116000,-0.401000,0.077000,1
4.156257,-2.838000,-33.921001,-10.541000,61.933998,24.364000,42.251999,156.419006,-6.960000,21.360001,1.680000,-44.759998,-2.510000,23.520000,14.400000,-681.000000,-539.000000,125.000000,-3486.000000,-360.000000,487.000000,507.000000,22.000000,22.000000,22.000000,22.000000,21.000000,22.000000,21.000000,31.000000,31.000000,32.000000,32.000000,32.000000,33.000000,33.000000,1,1,1,1,1,1,1,0,0,0,0,0,0,0,74,5376.202148,749,0,1,0.733628,-0.021419,-0.324504,-3.116000,-0.398000,0.076000,1
4.166256,-2.888000,-33.751999,-10.527000,61.382999,24.325001,42.543999,156.600998,-6.350000,21.000000,1.680000,-45.119999,-2.880000,21.719999,15.360000,-891.000000,-709.000000,87.000000,-3812.000000,-367.000000,347.000000,571.000000,22.000000,22.000000,22.000000,22.000000,21.000000,22.000000,21.000000,31.000000,31.000000,32.000000,32.000000,32.000000,33.000000,33.000000,1,1,1,1,1,1,1,0,0,0,0,0,0,0,74,5376.200195,748,0,1,0.735207,-0.020944,-0.323761,-3.115000,-0.400000,0.076000,1
4.176159,-2.967000,-33.511002,-10.507000,60.834000,24.297001,42.734001,156.729004,-6.480000,21.719999,1.440000,-45.599998,-3.240000,23.280001,16.080000,-513.000000,-682.000000,98.000000,-4027.000000,-317.000000,229.000000,649.000000,22.000000,22.000000,22.000000,22.000000,21.000000,22.000000,21.000000,31.000000,31.000000,32.000000,32.000000,32.000000,33.000000,33.000000,1,1,1,1,1,1,1,0,0,0,0,0,0,0,74,5376.199219,749,0,1,0.737012,-0.020817,-0.323478,-3.116000,-0.402000,0.077000,1
4.186313,-3.022000,-33.339001,-10.496000,60.497002,24.253000,43.002998,156.917999,-6.240000,21.480000,1.680000,-44.639999,-4.080000,21.600000,14.760000,-485.000000,-780.000000,107.000000,-4106.000000,-170.000000,291.000000,651.000000,22.000000,22.000000,22.000000,22.000000,21.000000,22.000000,21.000000,31.000000,31.000000,32.000000,32.000000,32.000000,33.000000,33.000000,1,1,1,1,1,1,1,0,0,0,0,0,0,0,74,5376.198242,748,0,1,0.736978,-0.020503,-0.323761,-3.115000,-0.400000,0.076000,1
4.196307,-3.096000,-33.073002,-10.474000,59.926998,24.212000,43.187000,157.046005,-5.880000,21.120001,1.440000,-46.200001,-3.720000,23.040001,14.760000,-705.000000,-717.000000,128.000000,-4119.000000,-173.000000,347.000000,556.000000,22.000000,22.000000,22.000000,22.000000,21.000000,22.000000,21.000000,31.000000,31.000000,32.000000,32.000000,32.000000,33.000000,33.000000,1,1,1,1,1,1,1,0,0,0,0,0,0,0,74,5376.200195,750,0,1,0.738805,-0.020418,-0.323595,-3.117000,-0.401000,0.077000,1
4.206251,-3.173000,-32.806000,-10.454000,59.387001,24.167999,43.466999,157.240005,-6.720000,20.639999,1.440000,-46.080002,-3.600000,21.840000,18.000000,-508.000000,-699.000000,104.000000,-3194.000000,-129.000000,527.000000,667.000000,22.000000,22.000000,22.000000,22.000000,21.000000,22.000000,21.000000,31.000000,31.000000,32.000000,32.000000,32.000000,33.000000,33.000000,1,1,1,1,1,1,1,0,0,0,0,0,0,0,74,5376.204102,748,0,1,0.739771,-0.020127,-0.323729,-3.117000,-0.401000,0.077000,1
4.216264,-3.225000,-32.629002,-10.441000,58.980999,24.121000,43.743000,157.434998,-6.000000,21.240000,1.440000,-47.279999,-3.600000,23.400000,15.840000,-954.000000,-811.000000,-74.000000,-3317.000000,-236.000000,359.000000,700.000000,22.000000,22.000000,22.000000,22.000000,21.000000,22.000000,21.000000,31.000000,31.000000,32.000000,32.000000,32.000000,33.000000,33.000000,1,1,1,1,1,1,1,0,0,0,0,0,0,0,74,5376.203125,747,0,1,0.740194,-0.019761,-0.323739,-3.116000,-0.400000,0.076000,1
4.226245,-3.300000,-32.361000,-10.420000,58.450001,24.090000,43.924000,157.569000,-6.240000,21.480000,1.320000,-45.360001,-3.240000,21.840000,14.520000,-633.000000,-998.000000,-264.000000,-3218.000000,-210.000000,397.000000,697.000000,22.000000,22.000000,22.000000,22.000000,21.000000,22.000000,21.000000,31.000000,31.000000,32.000000,32.000000,32.000000,33.000000,33.000000,1,1,1,1,1,1,1,0,0,0,0,0,0,0,74,5376.198242,748,0,1,0.741705,-0.019645,-0.323770,-3.117000,-0.401000,0.077000,1
4.236210,-3.326000,-32.276001,-10.415000,58.270000,24.068001,44.084000,157.679001,-5.520000,20.150000,1.080000,-42.240002,-2.880000,19.680000,14.400000,-222.000000,-1169.000000,-131.000000,-2521.000000,-238.000000,129.000000,585.000000,22.000000,22.000000,22.000000,22.000000,21.000000,22.000000,21.000000,31.000000,31.000000,32.000000,32.000000,32.000000,33.000000,33.000000,1,1,1,1,1,1,1,0,0,0,0,0,0,0,74,5376.199219,749,0,1,0.741612,-0.019418,-0.323892,-3.116000,-0.400000,0.076000,1
4.246185,-3.377000,-32.070999,-10.397000,57.782001,24.045000,44.233002,157.783997,-3.240000,16.680000,0.960000,-32.040001,-2.880000,17.280001,12.000000,-305.000000,-1363.000000,-217.000000,-1998.000000,-217.000000,102.000000,526.000000,22.000000,22.000000,22.000000,22.000000,21.000000,22.000000,21.000000,31.000000,31.000000,32.000000,32.000000,32.000000,33.000000,33.000000,1,1,1,1,1,1,1,0,0,0,0,0,0,0,74,5376.196777,749,0,1,0.743333,-0.019225,-0.323538,-3.117000,-0.402000,0.077000,1
4.256342,-3.408000,-31.955000,-10.388000,57.546001,24.017000,44.405998,157.914001,-2.160000,12.000000,0.840000,-27.719999,-2.160000,13.800000,9.480000,-575.000000,-1082.000000,-335.000000,-2595.000000,-340.000000,509.000000,563.000000,22.000000,22.000000,22.000000,22.000000,21.000000,22.000000,21.000000,31.000000,31.000000,32.000000,32.000000,32.000000,33.000000,33.000000,1,1,1,1,1,1,1,0,0,0,0,0,0,0,74,5376.193848,750,0,1,0.743404,-0.018986,-0.323688,-3.116000,-0.401000,0.076000,0
4.266275,-3.425000,-31.819000,-10.373000,57.230000,23.987000,44.527000,157.992004,-2.640000,11.880000,0.720000,-26.400000,-2.400000,13.920000,9.240000,-838.000000,-886.000000,-306.000000,-3569.000000,-372.000000,211.000000,699.000000,22.000000,22.000000,22.000000,22.000000,21.000000,22.000000,21.000000,31.000000,31.000000,32.000000,32.000000,32.000000,33.000000,33.000000,1,1,1,1,1,1,1,0,0,0,0,0,0,0,74,5376.194824,749,0,1,0.744323,-0.018754,-0.323541,-3.116000,-0.401000,0.077000,0
4.276237,-3.466000,-31.670000,-10.357000,57.042999,23.962000,44.719002,158.108002,-3.240000,12.000000,1.080000,-25.430000,-2.640000,14.880000,9.000000,-522.000000,-947.000000,-348.000000,-3881.000000,-359.000000,61.000000,592.000000,22.000000,22.000000,22.000000,22.000000,21.000000,22.000000,21.000000,31.000000,31.000000,32.000000,32.000000,32.000000,33.000000,33.000000,1,1,1,1,1,1,1,0,0,0,0,0,0,0,74,5376.203125,748,0,1,0.743708,-0.018488,-0.324240,-3.115000,-0.399000,0.076000,0
4.286246,-3.495000,-31.573000,-10.349000,56.721001,23.913000,44.875000,158.229996,-3.840000,12.480000,1.200000,-26.879999,-2.760000,12.710000,11.280000,-655.000000,-723.000000,-279.000000,-3945.000000,-360.000000,336.000000,632.000000,22.000000,22.000000,22.000000,22.000000,21.000000,22.000000,21.000000,31.000000,31.000000,32.000000,32.000000,32.000000,33.000000,33.000000,1,1,1,1,1,1,1,0,0,0,0,0,0,0,74,5376.204102,749,0,1,0.744647,-0.018359,-0.323781,-3.116000,-0.400000,0.076000,0
4.296100,-3.548000,-31.423000,-10.331000,56.397999,23.879999,44.973000,158.317001,-3.240000,11.880000,1.440000,-27.840000,-2.880000,14.150000,9.480000,-635.000000,-728.000000,0.000000,-3404.000000,-324.000000,249.000000,535.000000,22.000000,22.000000,22.000000,22.000000,21.000000,22.000000,21.000000,31.000000,31.000000,32.000000,32.000000,32.000000,33.000000,33.000000,1,1,1,1,1,1,1,0,0,0,0,0,0,0,74,5376.204102,749,0,1,0.745665,-0.018365,-0.323680,-3.116000,-0.401000,0.077000,0
4.306246,-3.581000,-31.323000,-10.320000,56.178001,23.829000,45.126999,158.436005,-4.080000,12.360000,1.680000,-27.719999,-3.000000,12.710000,10.440000,-534.000000,-686.000000,52.000000,-3681.000000,-319.000000,313.000000,733.000000,22.000000,22.000000,22.000000,22.000000,21.000000,22.000000,21.000000,31.000000,31.000000,32.000000,32.000000,32.000000,33.000000,33.000000,1,1,1,1,1,1,1,0,0,0,0,0,0,0,74,5376.202148,748,0,1,0.745780,-0.018280,-0.323748,-3.116000,-0.400000,0.077000,0
4.316336,-3.633000,-31.167999,-10.292000,55.863998,23.799000,45.234001,158.516006,-4.320000,12.600000,2.160000,-26.760000,-3.600000,12.240000,11.040000,-725.000000,-693.000000,174.000000,-3517.000000,-252.000000,468.000000,613.000000,22.000000,22.000000,22.000000,22.000000,21.000000,22.000000,21.000000,31.000000,31.000000,32.000000,32.000000,32.000000,33.000000,33.000000,1,1,1,1,1,1,1,0,0,0,0,0,0,0,74,5376.202148,747,0,1,0.746648,-0.018171,-0.323755,-3.117000,-0.400000,0.077000,0
4.326115,-3.685000,-31.011000,-10.255000,55.543999,23.774000,45.395000,158.653000,-4.800000,13.080000,2.400000,-26.280001,-3.600000,14.400000,11.400000,-511.000000,-803.000000,181.000000,-3634.000000,-164.000000,215.000000,593.000000,22.000000,22.000000,22.000000,22.000000,21.000000,22.000000,22.000000,31.000000,31.000000,32.000000,32.000000,32.000000,33.000000,33.000000,1,1,1,1,1,1,1,0,0,0,0,0,0,0,74,5376.202148,749,0,1,0.747211,-0.017782,-0.323836,-3.117000,-0.400000,0.077000,0
4.336120,-3.705000,-30.959999,-10.243000,55.435001,23.743999,45.505001,158.688995,-4.670000,12.480000,2.510000,-26.639999,-3.840000,12.960000,10.070000,-359.000000,-1013.000000,330.000000,-3745.000000,-139.000000,228.000000,535.000000,22.000000,22.000000,22.000000,22.000000,21.000000,22.000000,22.000000,31.000000,31.000000,32.000000,32.000000,32.000000,33.000000,33.000000,1,1,1,1,1,1,1,0,0,0,0,0,0,0,74,5376.200195,749,0,1,0.747044,-0.017679,-0.323940,-3.117000,-0.399000,0.077000,0
4.346178,-3.761000,-30.815001,-10.209000,55.106998,23.714001,45.602001,158.822006,-4.200000,11.640000,3.120000,-26.760000,-3.720000,13.320000,8.880000,-520.000000,-725.000000,566.000000,-3523.000000,-141.000000,278.000000,502.000000,22.000000,22.000000,22.000000,22.000000,21.000000,22.000000,22.000000,31.000000,31.000000,32.000000,32.000000,32.000000,33.000000,33.000000,1,1,1,1,1,1,1,0,0,0,0,0,0,0,74,5376.199219,748,0,1,0.748115,-0.017485,-0.323785,-3.117000,-0.400000,0.077000,0
4.356166,-3.802000,-30.709999,-10.181000,54.889000,23.657000,45.764999,158.955002,-5.160000,12.240000,3.240000,-25.920000,-3.360000,13.080000,9.720000,-729.000000,-878.000000,405.000000,-3979.000000,-105.000000,345.000000,575.000000,22.000000,22.000000,22.000000,22.000000,21.000000,22.000000,22.000000,31.000000,31.000000,32.000000,32.000000,32.000000,33.000000,33.000000,1,1,1,1,1,1,1,0,0,0,0,0,0,0,74,5376.199219,748,0,1,0.748124,-0.017301,-0.323921,-3.117000,-0.399000,0.077000,0
4.366112,-3.863000,-30.568001,-10.134000,54.577000,23.627001,45.868999,159.050995,-5.640000,12.240000,3.840000,-26.280001,-3.240000,13.200000,11.880000,-475.000000,-1037.000000,559.000000,-3688.000000,-197.000000,191.000000,631.000000,22.000000,22.000000,22.000000,22.000000,21.000000,22.000000,22.000000,31.000000,31.000000,32.000000,32.000000,32.000000,33.000000,33.000000,1,1,1,1,1,1,1,0,0,0,0,0,0,0,74,5376.200195,748,0,1,0.749040,-0.017042,-0.323839,-3.117000,-0.400000,0.077000,0
4.376076,-3.927000,-30.423000,-10.085000,54.250000,23.587000,46.023998,159.182007,-5.030000,11.640000,3.960000,-27.240000,-3.120000,12.240000,10.440000,-573.000000,-782.000000,497.000000,-3258.000000,-246.000000,220.000000,494.000000,22.000000,22.000000,22.000000,22.000000,21.000000,22.000000,22.000000,31.000000,31.000000,32.000000,32.000000,32.000000,33.000000,33.000000,1,1,1,1,1,1,1,0,0,0,0,0,0,0,74,5376.202148,748,0,1,0.749726,-0.016697,-0.323781,-3.117000,-0.400000,0.077000,0
4.386052,-3.975000,-30.329000,-10.047000,54.041000,23.539000,46.171001,159.320007,-6.000000,12.000000,4.920000,-27.120001,-3.120000,12.600000,9.350000,-856.000000,-774.000000,344.000000,-3709.000000,-280.000000,491.000000,544.000000,22.000000,22.000000,22.000000,22.000000,21.000000,22.000000,22.000000,31.000000,31.000000,32.000000,32.000000,32.000000,33.000000,33.000000,1,1,1,1,1,1,1,0,0,0,0,0,0,0,74,5376.202148,749,0,1,0.749810,-0.016433,-0.323858,-3.117000,-0.399000,0.077000,0
4.396038,-4.049000,-30.184999,-9.981000,53.727001,23.506001,46.272999,159.410995,-6.240000,11.640000,5.030000,-25.920000,-3.240000,12.120000,12.480000,-508.000000,-865.000000,322.000000,-3807.000000,-251.000000,245.000000,642.000000,22.000000,22.000000,22.000000,22.000000,21.000000,22.000000,22.000000,31.000000,31.000000,32.000000,32.000000,32.000000,33.000000,33.000000,1,1,1,1,1,1,1,0,0,0,0,0,0,0,74,5376.203125,750,0,1,0.750743,-0.016097,-0.323780,-3.117000,-0.400000,0.078000,0
4.406061,-4.114000,-30.054001,-9.938000,53.528999,23.461000,46.431000,159.550995,-5.880000,11.640000,5.160000,-25.309999,-3.120000,12.600000,12.480000,-914.000000,-621.000000,-29.000000,-3838.000000,-306.000000,152.000000,546.000000,22.000000,22.000000,22.000000,22.000000,21.000000,22.000000,22.000000,31.000000,31.000000,32.000000,32.000000,32.000000,33.000000,33.000000,1,1,1,1,1,1,1,0,0,0,0,0,0,0,74,5376.203125,749,0,1,0.750469,-0.015881,-0.324243,-3.117000,-0.398000,0.077000,0
4.416052,-4.162000,-29.962000,-9.869000,53.196999,23.445999,46.577000,159.647003,-5.760000,11.520000,5.160000,-25.559999,-2.880000,10.800000,13.320000,-888.000000,-822.000000,-185.000000,-3626.000000,-340.000000,370.000000,565.000000,22.000000,22.000000,22.000000,22.000000,21.000000,22.000000,22.000000,31.000000,31.000000,32.000000,32.000000,32.000000,33.000000,33.000000,1,1,1,1,1,1,1,0,0,0,0,0,0,0,74,5376.200195,748,0,1,0.751565,-0.015149,-0.323687,-3.116000,-0.400000,0.077000,0
4.426055,-4.217000,-29.868999,-9.817000,53.004002,23.436001,46.678001,159.779999,-6.840000,11.520000,5.520000,-24.840000,-2.640000,12.600000,12.600000,-627.000000,-900.000000,-81.000000,-3377.000000,-463.000000,292.000000,588.000000,22.000000,22.000000,22.000000,22.000000,21.000000,22.000000,22.000000,31.000000,31.000000,32.000000,32.000000,32.000000,33.000000,33.000000,1,1,1,1,1,1,1,0,0,0,0,0,0,0,74,5376.200195,748,0,1,0.751856,-0.014693,-0.323750,-3.115000,-0.400000,0.076000,0
4.436044,-4.295000,-29.731001,-9.743000,52.680000,23.399000,46.830002,159.925003,-6.960000,11.280000,5.520000,-25.799999,-3.240000,12.480000,12.120000,-973.000000,-665.000000,391.000000,-3189.000000,-480.000000,231.000000,582.000000,22.000000,22.000000,22.000000,22.000000,21.000000,22.000000,22.000000,31.000000,31.000000,32.000000,32.000000,32.000000,33.000000,33.000000,1,1,1,1,1,1,1,0,0,0,0,0,0,0,74,5376.202148,748,0,1,0.752554,-0.014177,-0.323652,-3.115000,-0.400000,0.076000,0
4.446007,-4.382000,-29.591000,-9.670000,52.383999,23.367001,46.932999,160.024002,-7.200000,11.040000,6.000000,-24.480000,-3.600000,11.520000,12.240000,-669.000000,-798.000000,566.000000,-3401.000000,-394.000000,102.000000,560.000000,22.000000,22.000000,22.000000,22.000000,21.000000,22.000000,22.000000,31.000000,31.000000,32.000000,32.000000,32.000000,33.000000,33.000000,1,1,1,1,1,1,1,0,0,0,0,0,0,0,74,5376.199219,748,0,1,0.753346,-0.013836,-0.323632,-3.115000,-0.401000,0.077000,0
4.456369,-4.412000,-29.542999,-9.647000,52.289001,23.332001,47.030998,160.117004,-7.920000,11.040000,6.120000,-24.840000,-4.440000,11.160000,13.320000,-594.000000,-897.000000,376.000000,-3692.000000,-295.000000,311.000000,614.000000,22.000000,22.000000,22.000000,22.000000,21.000000,22.000000,22.000000,31.000000,31.000000,32.000000,32.000000,32.000000,33.000000,33.000000,1,1,1,1,1,1,1,0,0,0,0,0,0,0,74,5376.200195,748,0,1,0.753133,-0.013708,-0.323771,-3.115000,-0.399000,0.076000,0
4.466027,-4.509000,-29.400000,-9.563000,52.012001,23.289000,47.113998,160.207993,-7.920000,10.200000,6.480000,-24.240000,-4.560000,11.640000,11.520000,-651.000000,-811.000000,15.000000,-3651.000000,-250.000000,302.000000,539.000000,22.000000,22.000000,22.000000,22.000000,21.000000,22.000000,22.000000,31.000000,31.000000,32.000000,32.000000,32.000000,33.000000,33.000000,1,1,1,1,1,1,1,0,0,0,0,0,0,0,74,5376.202148,747,0,1,0.753865,-0.013440,-0.323849,-3.116000,-0.400000,0.077000,0
4.475994,-4.603000,-29.268999,-9.472000,51.720001,23.225000,47.252998,160.348999,-7.320000,10.440000,6.840000,-23.400000,-4.200000,11.520000,10.560000,-434.000000,-964.000000,-125.000000,-3601.000000,-143.000000,217.000000,496.000000,22.000000,22.000000,22.000000,22.000000,21.000000,22.000000,22.000000,31.000000,31.000000,32.000000,32.000000,32.000000,33.000000,33.000000,1,1,1,1,1,1,1,0,0,0,0,0,0,0,74,5376.202148,746,0,1,0.754383,-0.013045,-0.323864,-3.116000,-0.400000,0.078000,0
4.486072,-4.670000,-29.171000,-9.411000,51.520000,23.164000,47.391998,160.490005,-7.440000,10.320000,7.320000,-22.559999,-4.200000,11.880000,11.280000,-557.000000,-822.000000,-357.000000,-3576.000000,-170.000000,233.000000,525.000000,22.000000,22.000000,22.000000,22.000000,21.000000,22.000000,22.000000,31.000000,31.000000,32.000000,32.000000,32.000000,33.000000,33.000000,1,1,1,1,1,1,1,0,0,0,0,0,0,0,74,5376.199219,750,0,1,0.754401,-0.012772,-0.324012,-3.116000,-0.399000,0.077000,0
4.496045,-4.768000,-29.047001,-9.316000,51.263000,23.131001,47.477001,160.591003,-7.560000,9.480000,6.840000,-22.680000,-3.600000,10.070000,13.080000,-266.000000,-1008.000000,174.000000,-3758.000000,-260.000000,277.000000,537.000000,22.000000,22.000000,22.000000,22.000000,21.000000,22.000000,22.000000,31.000000,31.000000,32.000000,32.000000,32.000000,33.000000,33.000000,1,1,1,1,1,1,1,0,0,0,0,0,0,0,74,5376.199219,748,0,1,0.755074,-0.012341,-0.324027,-3.116000,-0.399000,0.078000,0
4.505965,-4.873000,-28.914000,-9.220000,51.082001,23.091000,47.602001,160.733994,-8.640000,10.680000,7.920000,-23.160000,-3.360000,11.760000,12.960000,-781.000000,-835.000000,545.000000,-3940.000000,-315.000000,258.000000,614.000000,22.000000,22.000000,22.000000,22.000000,21.000000,22.000000,22.000000,31.000000,31.000000,32.000000,32.000000,32.000000,33.000000,33.000000,1,1,1,1,1,1,1,0,0,0,0,0,0,0,74,5376.196777,749,0,1,0.754842,-0.011919,-0.324571,-3.116000,-0.398000,0.077000,0
4.515981,-4.938000,-28.839001,-9.155000,50.792000,23.056000,47.728001,160.875000,-8.400000,9.960000,8.280000,-22.320000,-3.600000,10.800000,13.320000,-472.000000,-854.000000,584.000000,-3620.000000,-436.000000,197.000000,561.000000,22.000000,22.000000,22.000000,22.000000,21.000000,22.000000,22.000000,31.000000,31.000000,32.000000,32.000000,32.000000,33.000000,33.000000,1,1,1,1,1,1,1,0,0,0,0,0,0,0,74,5376.196777,747,0,1,0.755767,-0.011435,-0.324053,-3.115000,-0.399000,0.077000,0
4.526040,-5.051000,-28.714001,-9.044000,50.606998,23.030001,47.820000,160.970993,-8.280000,9.000000,8.760000,-22.799999,-3.360000,10.070000,10.800000,-644.000000,-860.000000,35.000000,-3368.000000,-431.000000,4.000000,440.000000,22.000000,22.000000,22.000000,22.000000,21.000000,22.000000,22.000000,31.000000,31.000000,32.000000,32.000000,32.000000,33.000000,33.000000,1,1,1,1,1,1,1,0,0,0,0,0,0,0,74,5376.198242,748,0,1,0.755840,-0.010935,-0.324452,-3.115000,-0.398000,0.077000,0
4.535978,-5.085000,-28.681000,-9.015000,50.445000,22.999001,47.900002,161.029007,-9.600000,9.600000,8.400000,-22.680000,-3.600000,9.000000,12.000000,-746.000000,-663.000000,140.000000,-3885.000000,-485.000000,184.000000,565.000000,22.000000,22.000000,22.000000,22.000000,21.000000,22.000000,22.000000,31.000000,31.000000,32.000000,32.000000,32.000000,33.000000,33.000000,1,1,1,1,1,1,1,0,0,0,0,0,0,0,74,5376.202148,748,0,1,0.756345,-0.010775,-0.324094,-3.116000,-0.399000,0.077000,0
4.546042,-5.206000,-28.598000,-8.942000,50.250999,22.966000,47.976002,161.181000,-9.350000,9.720000,9.600000,-22.080000,-3.960000,9.350000,11.400000,-444.000000,-791.000000,149.000000,-3545.000000,-409.000000,321.000000,576.000000,22.000000,22.000000,22.000000,22.000000,21.000000,22.000000,22.000000,31.000000,31.000000,32.000000,32.000000,32.000000,33.000000,33.000000,1,1,1,1,1,1,1,0,0,0,0,0,0,0,74,5376.202148,749,0,1,0.756808,-0.010653,-0.324027,-3.116000,-0.399000,0.077000,0
4.556100,-5.280000,-28.490000,-8.842000,49.995998,22.912001,48.091000,161.330994,-9.000000,8.760000,8.880000,-21.959999,-4.800000,9.240000,12.000000,-592.000000,-866.000000,208.000000,-3526.000000,-407.000000,215.000000,513.000000,22.000000,22.000000,22.000000,22.000000,21.000000,22.000000,22.000000,31.000000,31.000000,32.000000,32.000000,32.000000,33.000000,33.000000,1,1,1,1,1,1,1,0,0,0,0,0,0,0,74,5376.200195,749,0,1,0.757317,-0.010054,-0.323984,-3.116000,-0.399000,0.077000,0
4.566006,-5.394000,-28.372000,-8.736000,49.726002,22.877001,48.172001,161.434998,-9.000000,8.280000,8.880000,-21.240000,-4.670000,8.880000,13.680000,-571.000000,-874.000000,536.000000,-3001.000000,-249.000000,144.000000,573.000000,22.000000,22.000000,22.000000,22.000000,21.000000,22.000000,22.000000,31.000000,31.000000,32.000000,32.000000,32.000000,33.000000,33.000000,1,1,1,1,1,1,1,0,0,0,0,0,0,0,74,5376.200195,748,0,1,0.758120,-0.009619,-0.323891,-3.116000,-0.400000,0.077000,0
4.575956,-5.515000,-28.277000,-8.617000,49.492001,22.815001,48.292999,161.589005,-9.840000,8.880000,9.600000,-19.799999,-5.160000,9.350000,13.680000,-466.000000,-876.000000,460.000000,-3405.000000,-116.000000,195.000000,676.000000,22.000000,22.000000,22.000000,22.000000,21.000000,22.000000,22.000000,31.000000,31.000000,32.000000,32.000000,32.000000,33.000000,33.000000,1,1,1,1,1,1,1,0,0,0,0,0,0,0,74,5376.200195,749,0,1,0.758497,-0.009136,-0.323844,-3.116000,-0.400000,0.077000,0
4.585955,-5.594000,-28.204000,-8.536000,49.323002,22.745001,48.403999,161.688004,-9.840000,8.400000,9.480000,-20.150000,-4.670000,8.640000,10.560000,-803.000000,-966.000000,-190.000000,-3761.000000,-165.000000,376.000000,620.000000,22.000000,22.000000,22.000000,22.000000,21.000000,22.000000,22.000000,31.000000,31.000000,32.000000,32.000000,32.000000,33.000000,33.000000,1,1,1,1,1,1,1,0,0,0,0,0,0,0,74,5376.200195,748,0,1,0.758564,-0.008911,-0.323900,-3.116000,-0.399000,0.078000,0
4.596014,-5.725000,-28.098000,-8.412000,49.081001,22.711000,48.480999,161.835999,-10.070000,8.760000,9.720000,-18.959999,-4.080000,9.350000,11.520000,-535.000000,-1055.000000,347.000000,-3671.000000,-279.000000,337.000000,618.000000,22.000000,22.000000,22.000000,22.000000,21.000000,22.000000,22.000000,31.000000,31.000000,32.000000,32.000000,32.000000,33.000000,33.000000,1,1,1,1,1,1,1,0,0,0,0,0,0,0,74,5376.200195,749,0,1,0.759233,-0.008378,-0.323837,-3.116000,-0.400000,0.077000,0
4.606010,-5.766000,-28.056000,-8.370000,48.999001,22.691999,48.519001,161.889999,-10.200000,8.760000,10.560000,-19.559999,-4.320000,8.640000,12.120000,-941.000000,-1195.000000,504.000000,-3679.000000,-302.000000,88.000000,648.000000,22.000000,22.000000,22.000000,22.000000,21.000000,22.000000,22.000000,31.000000,31.000000,32.000000,32.000000,32.000000,33.000000,33.000000,1,1,1,1,1,1,1,0,0,0,0,0,0,0,74,5376.200195,747,0,1,0.759338,-0.008199,-0.323898,-3.116000,-0.400000,0.077000,0
4.616016,-5.892000,-27.966999,-8.243000,48.771000,22.655001,48.625999,162.033005,-11.040000,7.680000,10.320000,-18.000000,-3.600000,9.480000,12.240000,-734.000000,-632.000000,561.000000,-3635.000000,-396.000000,199.000000,694.000000,22.000000,22.000000,22.000000,22.000000,21.000000,22.000000,22.000000,31.000000,31.000000,32.000000,32.000000,32.000000,33.000000,33.000000,1,1,1,1,1,1,1,0,0,0,0,0,0,0,74,5376.200195,750,0,1,0.759798,-0.007586,-0.323809,-3.116000,-0.400000,0.077000,0
4.625967,-6.019000,-27.868999,-8.114000,48.551998,22.608999,48.737999,162.177994,-10.200000,7.560000,11.160000,-18.709999,-3.960000,7.920000,12.360000,-1019.000000,-851.000000,180.000000,-3468.000000,-473.000000,-8.000000,666.000000,22.000000,22.000000,22.000000,22.000000,21.000000,22.000000,22.000000,31.000000,31.000000,32.000000,32.000000,32.000000,33.000000,33.000000,1,1,1,1,1,1,1,0,0,0,0,0,0,0,74,5376.199219,750,0,1,0.760101,-0.007001,-0.323855,-3.116000,-0.400000,0.077000,0
4.635954,-6.104000,-27.811001,-8.015000,48.401001,22.563999,48.834999,162.324997,-11.280000,7.680000,11.520000,-18.360001,-3.960000,7.920000,11.040000,-889.000000,-701.000000,248.000000,-3555.000000,-518.000000,320.000000,699.000000,22.000000,22.000000,22.000000,22.000000,21.000000,22.000000,22.000000,31.000000,31.000000,32.000000,32.000000,32.000000,33.000000,33.000000,1,1,1,1,1,1,1,0,0,0,0,0,0,0,74,5376.202148,749,0,1,0.760208,-0.006488,-0.323845,-3.115000,-0.399000,0.076000,0
4.646003,-6.241000,-27.721001,-7.877000,48.201000,22.537001,48.896000,162.419998,-11.040000,7.320000,11.880000,-18.360001,-3.840000,8.160000,13.200000,-759.000000,-1050.000000,179.000000,-3439.000000,-577.000000,325.000000,702.000000,22.000000,22.000000,22.000000,22.000000,21.000000,22.000000,22.000000,31.000000,31.000000,32.000000,32.000000,32.000000,33.000000,33.000000,1,1,1,1,1,1,1,0,0,0,0,0,0,0,74,5376.200195,748,0,1,0.760756,-0.005912,-0.323833,-3.116000,-0.400000,0.077000,0
4.655987,-6.383000,-27.632000,-7.733000,48.067001,22.483999,48.992001,162.561005,-12.240000,7.200000,12.240000,-17.280001,-4.560000,8.040000,13.680000,-708.000000,-763.000000,341.000000,-3519.000000,-517.000000,93.000000,712.000000,22.000000,22.000000,22.000000,22.000000,21.000000,22.000000,22.000000,31.000000,31.000000,32.000000,32.000000,32.000000,33.000000,33.000000,1,1,1,1,1,1,1,0,0,0,0,0,0,0,74,5376.200195,750,0,1,0.760539,-0.005394,-0.324219,-3.115000,-0.399000,0.077000,0
4.665905,-6.482000,-27.575001,-7.628000,47.859001,22.421000,49.088001,162.703995,-11.160000,6.960000,13.080000,-15.240000,-5.400000,7.200000,14.040000,-681.000000,-777.000000,137.000000,-3459.000000,-381.000000,89.000000,714.000000,22.000000,22.000000,22.000000,22.000000,21.000000,22.000000,22.000000,31.000000,31.000000,32.000000,32.000000,32.000000,33.000000,33.000000,1,1,1,1,1,1,1,0,0,0,0,0,0,0,74,5376.202148,747,0,1,0.761078,-0.004978,-0.323916,-3.116000,-0.399000,0.077000,1
4.675940,-6.615000,-27.493999,-7.481000,47.665001,22.354000,49.158001,162.802994,-12.480000,6.600000,12.240000,-16.080000,-5.640000,7.320000,10.920000,-755.000000,-825.000000,487.000000,-3888.000000,-358.000000,61.000000,613.000000,22.000000,22.000000,22.000000,22.000000,21.000000,22.000000,22.000000,31.000000,31.000000,32.000000,32.000000,32.000000,33.000000,33.000000,1,1,1,1,1,1,1,0,0,0,0,0,0,0,74,5376.202148,748,0,1,0.761520,-0.004505,-0.323893,-3.116000,-0.399000,0.078000,1
4.685952,-6.784000,-27.434000,-7.367000,47.519001,22.309999,49.265999,162.968994,-15.600000,7.560000,14.880000,-19.440001,-5.280000,9.960000,16.440001,-1136.000000,-655.000000,1069.000000,-4395.000000,-498.000000,411.000000,862.000000,22.000000,22.000000,22.000000,22.000000,21.000000,22.000000,22.000000,31.000000,31.000000,32.000000,32.000000,32.000000,33.000000,33.000000,1,1,1,1,1,1,1,0,0,0,0,0,0,0,74,5376.202148,747,0,1,0.761486,-0.004301,-0.323958,-3.117000,-0.399000,0.077000,1
4.695963,-6.928000,-27.313000,-7.157000,47.263000,22.221001,49.401001,163.171005,-19.799999,10.440000,20.040001,-24.719999,-5.880000,11.280000,19.799999,-1494.000000,-694.000000,634.000000,-4904.000000,-532.000000,197.000000,839.000000,22.000000,22.000000,22.000000,22.000000,21.000000,22.000000,22.000000,31.000000,31.000000,32.000000,32.000000,32.000000,33.000000,33.000000,1,1,1,1,1,1,1,0,0,0,0,0,0,0,74,5376.203125,748,0,1,0.761708,-0.003245,-0.324130,-3.116000,-0.398000,0.077000,1
4.705958,-7.183000,-27.177999,-6.929000,46.910000,22.156000,49.505001,163.335999,-22.440001,12.240000,21.600000,-30.240000,-6.120000,14.040000,20.639999,-1244.000000,-552.000000,989.000000,-4464.000000,-474.000000,149.000000,798.000000,22.000000,22.000000,22.000000,22.000000,21.000000,22.000000,22.000000,31.000000,31.000000,32.000000,32.000000,32.000000,33.000000,33.000000,1,1,1,1,1,1,1,0,0,0,0,0,0,0,74,5376.204102,748,0,1,0.762789,-0.002541,-0.323893,-3.117000,-0.399000,0.078000,1
4.716007,-7.278000,-27.128000,-6.848000,46.771000,22.107000,49.604000,163.496994,-23.040001,13.080000,21.240000,-30.360001,-6.600000,13.320000,22.320000,-874.000000,-668.000000,927.000000,-4126.000000,-584.000000,156.000000,744.000000,22.000000,22.000000,22.000000,22.000000,21.000000,22.000000,22.000000,31.000000,31.000000,32.000000,32.000000,32.000000,33.000000,33.000000,1,1,1,1,1,1,1,0,0,0,0,0,0,0,74,5376.203125,748,0,1,0.762818,-0.002273,-0.323883,-3.117000,-0.399000,0.077000,1
4.726119,-7.571000,-26.975000,-6.584000,46.520000,22.052000,49.709999,163.682999,-21.719999,12.710000,21.360001,-29.520000,-6.480000,12.240000,20.639999,-674.000000,-1018.000000,556.000000,-3864.000000,-692.000000,362.000000,610.000000,22.000000,22.000000,22.000000,22.000000,21.000000,22.000000,21.000000,31.000000,31.000000,32.000000,32.000000,32.000000,33.000000,33.000000,1,1,1,1,1,1,1,0,0,0,0,0,0,0,74,5376.200195,749,0,1,0.763009,-0.001483,-0.324339,-3.117000,-0.398000,0.077000,1
4.735950,-7.752000,-26.875000,-6.395000,46.152000,21.961000,49.856998,163.940002,-22.200001,12.000000,22.320000,-32.279999,-7.920000,12.710000,20.879999,-625.000000,-724.000000,830.000000,-4010.000000,-516.000000,483.000000,612.000000,22.000000,21.000000,22.000000,22.000000,21.000000,22.000000,21.000000,31.000000,31.000000,32.000000,32.000000,32.000000,33.000000,33.000000,1,1,1,1,1,1,1,0,0,0,0,0,0,0,74,5376.200195,749,0,1,0.764082,-0.000669,-0.323785,-3.117000,-0.399000,0.077000,1
4.745873,-8.013000,-26.725000,-6.115000,45.784000,21.920000,49.966999,164.102005,-22.440001,12.240000,21.959999,-30.959999,-7.920000,14.400000,20.400000,-897.000000,-768.000000,266.000000,-3738.000000,-413.000000,243.000000,564.000000,21.000000,21.000000,22.000000,22.000000,21.000000,22.000000,21.000000,31.000000,31.000000,32.000000,32.000000,32.000000,33.000000,33.000000,1,1,1,1,1,1,1,0,0,0,0,0,0,0,74,5376.203125,749,0,1,0.765135,0.000597,-0.323650,-3.117000,-0.401000,0.078000,1
4.755935,-8.275000,-26.580000,-5.831000,45.417000,21.864000,50.140999,164.363007,-21.600000,12.600000,22.799999,-30.000000,-5.640000,13.320000,21.600000,-883.000000,-867.000000,332.000000,-3497.000000,-774.000000,256.000000,649.000000,21.000000,21.000000,22.000000,22.000000,21.000000,22.000000,21.000000,31.000000,31.000000,32.000000,32.000000,32.000000,33.000000,33.000000,1,1,1,1,1,1,1,0,0,0,0,0,0,0,74,5376.206055,748,0,1,0.765747,0.001985,-0.323603,-3.116000,-0.401000,0.077000,1
4.765983,-8.447000,-26.493999,-5.652000,45.169998,21.770000,50.303001,164.619003,-21.959999,12.000000,21.840000,-29.520000,-7.070000,14.280000,20.639999,-589.000000,-476.000000,310.000000,-3351.000000,-617.000000,361.000000,567.000000,21.000000,21.000000,22.000000,22.000000,21.000000,22.000000,21.000000,31.000000,31.000000,32.000000,32.000000,32.000000,33.000000,33.000000,1,1,1,1,1,1,1,0,0,0,0,0,0,0,74,5376.200195,749,0,1,0.765886,0.002664,-0.323545,-3.116000,-0.400000,0.076000,1
4.776008,-8.731000,-26.337999,-5.358000,44.786999,21.660000,50.476002,164.785004,-22.200001,12.710000,23.040001,-30.600000,-7.200000,15.480000,20.639999,-532.000000,-703.000000,472.000000,-3594.000000,-573.000000,234.000000,609.000000,21.000000,21.000000,22.000000,22.000000,21.000000,22.000000,21.000000,31.000000,31.000000,32.000000,32.000000,32.000000,33.000000,33.000000,1,1,1,1,1,1,1,0,0,0,0,0,0,0,74,5376.200195,753,0,1,0.766524,0.003606,-0.323544,-3.117000,-0.400000,0.078000,1
4.786002,-8.988000,-26.187000,-5.078000,44.529999,21.615000,50.598000,165.042007,-22.080000,12.600000,23.280001,-31.430000,-7.070000,14.040000,20.879999,-602.000000,-846.000000,955.000000,-3501.000000,-696.000000,387.000000,616.000000,21.000000,21.000000,22.000000,22.000000,21.000000,22.000000,21.000000,31.000000,31.000000,32.000000,32.000000,32.000000,33.000000,33.000000,1,1,1,1,1,1,1,0,0,0,0,0,0,0,74,5376.202148,750,0,1,0.766608,0.004853,-0.324021,-3.116000,-0.399000,0.077000,1
4.796052,-9.173000,-26.082001,-4.882000,44.147999,21.566000,50.707001,165.205994,-21.959999,13.800000,23.160000,-31.680000,-7.440000,14.040000,21.120001,-665.000000,-734.000000,-14.000000,-4034.000000,-775.000000,446.000000,693.000000,21.000000,21.000000,22.000000,22.000000,21.000000,22.000000,21.000000,31.000000,31.000000,32.000000,32.000000,32.000000,33.000000,33.000000,1,1,1,1,1,1,1,0,0,0,0,0,0,0,74,5376.203125,747,0,1,0.768013,0.005794,-0.323370,-3.116000,-0.402000,0.078000,1
4.805957,-9.442000,-25.914000,-4.597000,43.765999,21.468000,50.891998,165.453995,-22.320000,14.040000,22.920000,-32.880001,-8.280000,15.840000,21.240000,-1200.000000,-945.000000,496.000000,-3913.000000,-521.000000,204.000000,523.000000,21.000000,21.000000,22.000000,22.000000,21.000000,22.000000,21.000000,31.000000,31.000000,32.000000,32.000000,32.000000,33.000000,33.000000,1,1,1,1,1,1,1,0,0,0,0,0,0,0,74,5376.202148,750,0,1,0.768468,0.006854,-0.323510,-3.115000,-0.401000,0.078000,1
4.815903,-9.533000,-25.858999,-4.509000,43.618999,21.398001,51.021000,165.626999,-22.680000,13.680000,23.520000,-32.040001,-8.040000,15.480000,21.840000,-910.000000,-948.000000,296.000000,-3369.000000,-453.000000,284.000000,753.000000,21.000000,21.000000,22.000000,22.000000,21.000000,22.000000,21.000000,31.000000,31.000000,32.000000,32.000000,32.000000,33.000000,33.000000,1,1,1,1,1,1,1,0,0,0,0,0,0,0,74,5376.198242,749,0,1,0.768297,0.007108,-0.323568,-3.115000,-0.400000,0.077000,1
4.826018,-9.809000,-25.686001,-4.236000,43.228001,21.336000,51.141998,165.791000,-23.760000,12.960000,22.559999,-32.759998,-7.920000,14.760000,22.200001,-927.000000,-828.000000,445.000000,-3799.000000,-614.000000,441.000000,714.000000,21.000000,21.000000,22.000000,22.000000,21.000000,22.000000,21.000000,31.000000,31.000000,32.000000,32.000000,32.000000,33.000000,33.000000,1,1,1,1,1,1,1,0,0,0,0,0,0,0,74,5376.199219,748,0,1,0.769251,0.008070,-0.323576,-3.116000,-0.401000,0.078000,1
4.835924,-10.112000,-25.566000,-4.036000,42.966999,21.261999,51.342999,166.056000,-23.400000,14.520000,24.360001,-33.480000,-6.600000,15.840000,20.040001,-848.000000,-763.000000,362.000000,-3782.000000,-748.000000,162.000000,592.000000,21.000000,21.000000,22.000000,22.000000,21.000000,22.000000,21.000000,31.000000,31.000000,32.000000,32.000000,32.000000,33.000000,33.000000,1,1,1,1,1,1,1,0,0,0,0,0,0,0,74,5376.199219,747,0,1,0.769026,0.008282,-0.323862,-3.117000,-0.399000,0.077000,1
4.845890,-10.291000,-25.403000,-3.771000,42.571999,21.173000,51.546001,166.328003,-23.280001,12.710000,23.400000,-32.639999,-6.350000,15.120000,20.879999,-910.000000,-667.000000,143.000000,-3791.000000,-802.000000,264.000000,603.000000,21.000000,21.000000,22.000000,22.000000,21.000000,22.000000,21.000000,31.000000,31.000000,32.000000,32.000000,32.000000,33.000000,33.000000,1,1,1,1,1,1,1,0,0,0,0,0,0,0,74,5376.200195,746,0,1,0.769485,0.009759,-0.323897,-3.115000,-0.399000,0.076000,1
4.855883,-10.578000,-25.238001,-3.493000,42.175999,21.103001,51.682999,166.503998,-24.600000,13.800000,22.920000,-33.480000,-7.560000,16.200001,21.360001,-849.000000,-926.000000,138.000000,-4160.000000,-658.000000,188.000000,800.000000,21.000000,21.000000,22.000000,22.000000,21.000000,22.000000,21.000000,31.000000,31.000000,32.000000,32.000000,32.000000,33.000000,33.000000,1,1,1,1,1,1,1,0,0,0,0,0,0,0,74,5376.196777,750,0,1,0.770376,0.010672,-0.323855,-3.116000,-0.400000,0.077000,1
4.865901,-10.772000,-25.124001,-3.300000,41.894001,20.988001,51.862000,166.744003,-23.400000,13.440000,23.040001,-34.560001,-9.350000,15.480000,21.120001,-908.000000,-1074.000000,376.000000,-4156.000000,-459.000000,248.000000,715.000000,21.000000,21.000000,22.000000,22.000000,21.000000,22.000000,21.000000,31.000000,31.000000,32.000000,32.000000,32.000000,33.000000,33.000000,1,1,1,1,1,1,1,0,0,0,0,0,0,0,74,5376.199219,748,0,1,0.770442,0.011162,-0.323950,-3.116000,-0.399000,0.076000,1
4.875876,-11.060000,-24.962999,-3.000000,41.472000,20.875999,52.060001,167.007996,-24.240000,13.680000,24.480000,-34.310001,-7.920000,15.960000,21.240000,-688.000000,-656.000000,134.000000,-3545.000000,-466.000000,399.000000,811.000000,21.000000,21.000000,22.000000,22.000000,21.000000,22.000000,21.000000,31.000000,31.000000,32.000000,32.000000,32.000000,33.000000,33.000000,1,1,1,1,1,1,1,0,0,0,0,0,0,0,74,5376.199219,749,0,1,0.771100,0.012191,-0.323865,-3.116000,-0.399000,0.077000,1
4.885868,-11.362000,-24.785999,-2.691000,41.185001,20.812000,52.185001,167.173004,-23.760000,13.680000,24.480000,-36.599998,-7.560000,16.559999,20.400000,-733.000000,-884.000000,429.000000,-3732.000000,-562.000000,302.000000,703.000000,21.000000,21.000000,22.000000,22.000000,21.000000,22.000000,21.000000,31.000000,31.000000,32.000000,32.000000,32.000000,33.000000,33.000000,1,1,1,1,1,1,1,0,0,0,0,0,0,0,74,5376.200195,747,0,1,0.771176,0.013144,-0.324492,-3.116000,-0.398000,0.077000,1
4.895881,-11.553000,-24.681999,-2.491000,40.751999,20.726999,52.387001,167.425995,-23.520000,13.800000,24.120001,-37.310001,-6.840000,16.440001,21.120001,-812.000000,-632.000000,366.000000,-3646.000000,-697.000000,251.000000,784.000000,21.000000,21.000000,22.000000,22.000000,21.000000,22.000000,21.000000,31.000000,31.000000,32.000000,32.000000,32.000000,33.000000,33.000000,1,1,1,1,1,1,1,0,0,0,0,0,0,0,74,5376.200195,748,0,1,0.772247,0.014079,-0.323773,-3.116000,-0.399000,0.077000,1
4.905873,-11.729000,-24.575001,-2.407000,40.605000,20.695999,52.450001,167.498001,-25.430000,13.920000,24.120001,-34.919998,-8.280000,16.799999,23.400000,-794.000000,-690.000000,490.000000,-3841.000000,-735.000000,460.000000,822.000000,21.000000,21.000000,22.000000,22.000000,21.000000,22.000000,21.000000,31.000000,31.000000,32.000000,32.000000,32.000000,33.000000,33.000000,1,1,1,1,1,1,1,0,0,0,0,0,0,0,74,5376.202148,749,0,1,0.772244,0.013748,-0.324206,-3.118000,-0.399000,0.077000,1
4.915910,-11.928000,-24.454000,-2.114000,40.169998,20.611000,52.652000,167.757996,-25.680000,14.280000,26.280001,-37.919998,-7.920000,17.879999,21.959999,-943.000000,-920.000000,-14.000000,-3903.000000,-514.000000,342.000000,690.000000,21.000000,21.000000,22.000000,22.000000,21.000000,22.000000,21.000000,31.000000,31.000000,32.000000,32.000000,32.000000,33.000000,33.000000,1,1,1,1,1,1,1,0,0,0,0,0,0,0,74,5376.202148,752,0,1,0.773177,0.015427,-0.323679,-3.116000,-0.400000,0.077000,1
4.925912,-12.227000,-24.283001,-1.822000,39.723000,20.533001,52.796001,167.938004,-25.430000,13.800000,24.840000,-36.360001,-8.160000,17.280001,20.520000,-651.000000,-534.000000,576.000000,-3511.000000,-408.000000,359.000000,715.000000,21.000000,21.000000,22.000000,22.000000,21.000000,22.000000,21.000000,31.000000,31.000000,32.000000,32.000000,32.000000,33.000000,33.000000,1,1,1,1,1,1,1,0,0,0,0,0,0,0,74,5376.202148,752,0,1,0.774302,0.016362,-0.323473,-3.117000,-0.401000,0.078000,1
4.935849,-12.543000,-24.097000,-1.509000,39.419998,20.423000,52.999001,168.184006,-24.959999,15.960000,24.840000,-36.599998,-9.000000,18.480000,22.680000,-531.000000,-785.000000,483.000000,-3648.000000,-478.000000,487.000000,669.000000,21.000000,21.000000,22.000000,22.000000,21.000000,22.000000,21.000000,31.000000,31.000000,32.000000,32.000000,32.000000,33.000000,33.000000,1,1,1,1,1,1,1,0,0,0,0,0,0,0,74,5376.202148,747,0,1,0.773871,0.017104,-0.324271,-3.117000,-0.399000,0.078000,1
4.945869,-12.730000,-23.976000,-1.322000,38.963001,20.326000,53.215000,168.371994,-26.040001,14.880000,25.680000,-37.560001,-7.560000,19.200001,20.400000,-747.000000,-743.000000,772.000000,-3800.000000,-515.000000,318.000000,639.000000,21.000000,21.000000,22.000000,22.000000,21.000000,22.000000,21.000000,31.000000,31.000000,32.000000,32.000000,32.000000,33.000000,33.000000,1,1,1,1,1,1,1,0,0,0,0,0,0,0,74,5376.202148,747,0,1,0.774924,0.017786,-0.323597,-3.117000,-0.400000,0.079000,1
4.955882,-13.047000,-23.789000,-1.002000,38.673000,20.257999,53.353001,168.636993,-24.600000,16.440001,26.639999,-39.240002,-7.800000,17.520000,21.240000,-951.000000,-815.000000,875.000000,-3912.000000,-502.000000,393.000000,530.000000,21.000000,21.000000,22.000000,22.000000,21.000000,22.000000,21.000000,31.000000,31.000000,32.000000,32.000000,32.000000,33.000000,33.000000,1,1,1,1,1,1,1,0,0,0,0,0,0,0,74,5376.202148,750,0,1,0.774814,0.018751,-0.324356,-3.117000,-0.399000,0.077000,1
4.965877,-13.245000,-23.670000,-0.784000,38.192001,20.143999,53.591000,168.897995,-24.840000,14.880000,26.400000,-38.160000,-9.840000,18.709999,21.600000,-919.000000,-758.000000,536.000000,-4043.000000,-399.000000,252.000000,677.000000,21.000000,21.000000,22.000000,22.000000,21.000000,22.000000,21.000000,31.000000,31.000000,32.000000,32.000000,32.000000,33.000000,33.000000,1,1,1,1,1,1,1,0,0,0,0,0,0,0,74,5376.202148,749,0,1,0.775845,0.019656,-0.323616,-3.117000,-0.400000,0.077000,1
4.975857,-13.554000,-23.487000,-0.447000,37.717999,20.077000,53.759998,169.074997,-26.040001,16.680000,26.879999,-39.360001,-9.350000,18.600000,21.240000,-834.000000,-750.000000,409.000000,-3787.000000,-287.000000,274.000000,538.000000,21.000000,21.000000,22.000000,22.000000,21.000000,22.000000,21.000000,31.000000,31.000000,32.000000,32.000000,32.000000,33.000000,33.000000,1,1,1,1,1,1,1,0,0,0,0,0,0,0,74,5376.200195,748,0,1,0.776878,0.020964,-0.323459,-3.116000,-0.401000,0.078000,1
4.985819,-13.852000,-23.368999,-0.230000,37.409000,19.992001,53.980999,169.332993,-26.280001,15.960000,26.400000,-39.599998,-8.040000,20.150000,21.240000,-860.000000,-930.000000,397.000000,-4275.000000,-518.000000,360.000000,605.000000,21.000000,21.000000,22.000000,22.000000,21.000000,22.000000,21.000000,31.000000,31.000000,32.000000,32.000000,32.000000,33.000000,33.000000,1,1,1,1,1,1,1,0,0,0,0,0,0,0,74,5376.200195,748,0,1,0.776790,0.021218,-0.323585,-3.118000,-0.400000,0.077000,1
4.995868,-14.083000,-23.163000,0.105000,36.925999,19.930000,54.146000,169.494995,-25.559999,15.960000,27.600000,-40.680000,-7.560000,19.799999,22.320000,-776.000000,-654.000000,113.000000,-3715.000000,-594.000000,318.000000,599.000000,21.000000,21.000000,22.000000,22.000000,21.000000,22.000000,21.000000,31.000000,31.000000,32.000000,32.000000,32.000000,33.000000,33.000000,1,1,1,1,1,1,1,0,0,0,0,0,0,0,74,5376.200195,749,0,1,0.777782,0.022921,-0.323557,-3.116000,-0.401000,0.078000,1
5.005833,-14.410000,-22.965000,0.434000,36.432999,19.837000,54.382999,169.770004,-26.639999,15.960000,27.959999,-41.040001,-8.760000,19.559999,21.600000,-937.000000,-780.000000,657.000000,-3974.000000,-773.000000,439.000000,655.000000,21.000000,21.000000,22.000000,22.000000,21.000000,22.000000,21.000000,31.000000,31.000000,32.000000,32.000000,32.000000,33.000000,33.000000,1,1,1,1,1,1,1,0,0,0,0,0,0,0,74,5376.199219,750,0,1,0.778377,0.023994,-0.323572,-3.116000,-0.401000,0.078000,1
5.015789,-14.507000,-22.899000,0.534000,36.268002,19.767000,54.551998,169.845001,-27.480000,15.360000,27.840000,-42.599998,-9.600000,20.520000,23.400000,-806.000000,-711.000000,49.000000,-3957.000000,-689.000000,339.000000,703.000000,21.000000,21.000000,22.000000,22.000000,21.000000,22.000000,21.000000,31.000000,31.000000,32.000000,32.000000,32.000000,33.000000,33.000000,1,1,1,1,1,1,1,0,0,0,0,0,0,0,74,5376.200195,748,0,1,0.777989,0.024143,-0.323727,-3.116000,-0.399000,0.078000,1
5.025966,-14.834000,-22.712000,0.861000,35.750000,19.695000,54.709000,170.134003,-27.719999,16.920000,27.959999,-41.040001,-10.070000,20.040001,22.200001,-925.000000,-732.000000,466.000000,-3819.000000,-522.000000,477.000000,764.000000,21.000000,21.000000,22.000000,22.000000,21.000000,22.000000,21.000000,31.000000,31.000000,32.000000,32.000000,32.000000,33.000000,33.000000,1,1,1,1,1,1,1,0,0,0,0,0,0,0,74,5376.200195,748,0,1,0.779337,0.025333,-0.323375,-3.116000,-0.401000,0.078000,1
5.035895,-15.066000,-22.570999,1.098000,35.396999,19.570000,54.945999,170.406006,-27.959999,15.960000,29.760000,-45.000000,-9.000000,20.150000,21.480000,-1075.000000,-824.000000,834.000000,-3999.000000,-326.000000,307.000000,737.000000,21.000000,21.000000,22.000000,22.000000,21.000000,22.000000,21.000000,31.000000,31.000000,32.000000,32.000000,32.000000,33.000000,33.000000,1,1,1,1,1,1,1,0,0,0,0,0,0,0,74,5376.203125,751,0,1,0.779273,0.025872,-0.323520,-3.116000,-0.400000,0.077000,1
5.045837,-15.382000,-22.368999,1.428000,34.867001,19.482000,55.125000,170.591003,-28.200001,17.400000,28.799999,-43.200001,-9.000000,20.040001,21.240000,-658.000000,-708.000000,635.000000,-3581.000000,-436.000000,442.000000,675.000000,21.000000,21.000000,22.000000,22.000000,21.000000,21.000000,21.000000,31.000000,31.000000,32.000000,32.000000,32.000000,33.000000,33.000000,1,1,1,1,1,1,1,0,0,0,0,0,0,0,74,5376.202148,749,0,1,0.780481,0.026918,-0.323280,-3.116000,-0.402000,0.078000,1
5.055862,-15.727000,-22.132999,1.789000,34.346001,19.389999,55.375999,170.854996,-28.559999,16.920000,28.799999,-43.200001,-7.920000,21.600000,21.719999,-748.000000,-728.000000,482.000000,-3819.000000,-563.000000,236.000000,794.000000,21.000000,21.000000,22.000000,22.000000,21.000000,21.000000,21.000000,31.000000,31.000000,32.000000,32.000000,32.000000,33.000000,33.000000,1,1,1,1,1,1,1,0,0,0,0,0,0,0,74,5376.206055,749,0,1,0.780925,0.028052,-0.323553,-3.116000,-0.401000,0.077000,1
5.066049,-15.972000,-21.996000,2.028000,33.998001,19.292999,55.632000,171.104996,-29.040001,17.150000,29.520000,-44.880001,-9.350000,21.240000,20.280001,-652.000000,-657.000000,456.000000,-3878.000000,-615.000000,459.000000,793.000000,21.000000,21.000000,22.000000,22.000000,21.000000,21.000000,21.000000,31.000000,31.000000,32.000000,32.000000,32.000000,33.000000,33.000000,1,1,1,1,1,1,1,0,0,0,0,0,0,0,74,5376.199219,747,0,1,0.780727,0.028638,-0.323720,-3.116000,-0.400000,0.076000,1
5.075881,-16.334999,-21.774000,2.375000,33.459999,19.219000,55.828999,171.291000,-30.240000,17.280001,31.680000,-45.360001,-9.480000,23.160000,20.879999,-826.000000,-659.000000,201.000000,-4178.000000,-593.000000,245.000000,769.000000,21.000000,21.000000,22.000000,22.000000,21.000000,21.000000,21.000000,31.000000,31.000000,32.000000,32.000000,32.000000,33.000000,33.000000,1,1,1,1,1,1,1,0,0,0,0,0,0,0,74,5376.199219,748,0,1,0.781730,0.029582,-0.323678,-3.116000,-0.401000,0.078000,1
5.085880,-16.691000,-21.556000,2.624000,33.091999,19.083000,56.099998,171.552002,-29.520000,18.709999,29.760000,-46.439999,-9.000000,22.440001,23.160000,-1150.000000,-880.000000,741.000000,-4051.000000,-462.000000,452.000000,880.000000,21.000000,21.000000,22.000000,22.000000,21.000000,21.000000,21.000000,31.000000,31.000000,32.000000,32.000000,32.000000,33.000000,33.000000,1,1,1,1,1,1,1,0,0,0,0,0,0,0,74,5376.196777,749,0,1,0.781122,0.029195,-0.324569,-3.118000,-0.398000,0.077000,1
5.095838,-16.945999,-21.400000,2.991000,32.529999,18.969999,56.365002,171.804993,-30.000000,18.480000,30.600000,-47.279999,-10.070000,23.280001,21.959999,-1147.000000,-676.000000,397.000000,-4133.000000,-448.000000,314.000000,688.000000,21.000000,21.000000,22.000000,22.000000,21.000000,21.000000,21.000000,31.000000,31.000000,32.000000,32.000000,32.000000,33.000000,33.000000,1,1,1,1,1,1,1,0,0,0,0,0,0,0,74,5376.196777,749,0,1,0.782138,0.030942,-0.323905,-3.117000,-0.399000,0.077000,1
5.105846,-17.304001,-21.181000,3.361000,31.961000,18.900000,56.567001,171.998993,-30.959999,18.480000,31.559999,-48.240002,-9.480000,22.799999,22.320000,-843.000000,-1011.000000,351.000000,-4104.000000,-670.000000,468.000000,721.000000,21.000000,21.000000,22.000000,22.000000,21.000000,21.000000,21.000000,31.000000,31.000000,32.000000,32.000000,32.000000,33.000000,33.000000,1,1,1,1,1,1,1,0,0,0,0,0,0,0,74,5376.198242,749,0,1,0.783295,0.032139,-0.323700,-3.117000,-0.401000,0.078000,1
5.115807,-17.572001,-21.021000,3.637000,31.551001,18.771000,56.848000,172.272003,-32.160000,19.200001,31.680000,-48.959999,-11.040000,24.959999,22.680000,-975.000000,-836.000000,601.000000,-4430.000000,-344.000000,326.000000,648.000000,21.000000,21.000000,22.000000,22.000000,21.000000,21.000000,21.000000,31.000000,31.000000,32.000000,32.000000,32.000000,33.000000,33.000000,1,1,1,1,1,1,1,0,0,0,0,0,0,0,74,5376.202148,749,0,1,0.783178,0.032703,-0.323839,-3.117000,-0.399000,0.077000,1
5.125896,-17.964001,-20.790001,4.038000,30.959000,18.680000,57.030998,172.447998,-31.559999,19.200001,33.119999,-50.759998,-10.800000,24.840000,22.080000,-737.000000,-923.000000,793.000000,-4025.000000,-382.000000,552.000000,767.000000,21.000000,21.000000,22.000000,22.000000,21.000000,21.000000,21.000000,31.000000,31.000000,32.000000,32.000000,32.000000,33.000000,33.000000,1,1,1,1,1,1,1,0,0,0,0,0,0,0,74,5376.200195,747,0,1,0.784514,0.033783,-0.323631,-3.117000,-0.401000,0.079000,1
5.135847,-18.079000,-20.723000,4.152000,30.749001,18.605000,57.219002,172.643005,-32.880001,18.840000,33.240002,-50.759998,-9.960000,24.959999,22.680000,-1004.000000,-800.000000,549.000000,-4008.000000,-347.000000,405.000000,619.000000,21.000000,21.000000,22.000000,22.000000,21.000000,21.000000,21.000000,31.000000,31.000000,32.000000,32.000000,32.000000,33.000000,33.000000,1,1,1,1,1,1,1,0,0,0,0,0,0,0,74,5376.206055,749,0,1,0.784251,0.034000,-0.323620,-3.117000,-0.400000,0.077000,1
5.145790,-18.485001,-20.483999,4.549000,30.118999,18.523001,57.514000,172.832001,-34.560001,20.760000,35.160000,-52.680000,-7.920000,26.280001,25.080000,-955.000000,-614.000000,698.000000,-3594.000000,-568.000000,595.000000,752.000000,21.000000,21.000000,21.000000,22.000000,21.000000,21.000000,21.000000,31.000000,31.000000,32.000000,32.000000,32.000000,33.000000,33.000000,1,1,1,1,1,1,1,0,0,0,0,0,0,0,74,5376.202148,749,0,1,0.785064,0.035059,-0.323486,-3.117000,-0.400000,0.078000,1
5.155779,-18.770000,-20.305000,4.824000,29.704000,18.466000,57.714001,173.097000,-33.959999,19.920000,33.840000,-54.360001,-8.040000,26.760000,23.040001,-1131.000000,-524.000000,460.000000,-3811.000000,-621.000000,568.000000,604.000000,21.000000,21.000000,21.000000,22.000000,21.000000,21.000000,21.000000,31.000000,31.000000,32.000000,32.000000,32.000000,33.000000,33.000000,1,1,1,1,1,1,1,0,0,0,0,0,0,0,74,5376.204102,747,0,1,0.785412,0.035818,-0.323618,-3.117000,-0.400000,0.077000,1
5.165788,-19.191000,-20.047001,5.266000,29.072001,18.355000,58.050999,173.382004,-35.639999,20.280001,35.279999,-53.279999,-9.960000,27.120001,22.320000,-727.000000,-674.000000,413.000000,-3603.000000,-574.000000,433.000000,665.000000,21.000000,21.000000,21.000000,22.000000,21.000000,21.000000,21.000000,31.000000,31.000000,32.000000,32.000000,32.000000,33.000000,33.000000,1,1,1,1,1,1,1,0,0,0,0,0,0,0,74,5376.204102,748,0,1,0.785780,0.036991,-0.323760,-3.116000,-0.400000,0.076000,1
5.175864,-19.580999,-19.813000,5.674000,28.465000,18.264000,58.251999,173.554993,-32.279999,19.920000,32.639999,-48.119999,-9.350000,25.200001,19.920000,-208.000000,-1089.000000,200.000000,-3378.000000,-375.000000,358.000000,405.000000,21.000000,21.000000,21.000000,22.000000,21.000000,21.000000,21.000000,31.000000,31.000000,32.000000,32.000000,32.000000,33.000000,33.000000,1,1,1,1,1,1,1,0,0,0,0,0,0,0,74,5376.203125,748,0,1,0.787041,0.038053,-0.323528,-3.117000,-0.402000,0.078000,1
5.185818,-19.938000,-19.594000,6.038000,27.921000,18.157000,58.528000,173.776993,-28.309999,16.559999,27.959999,-40.560001,-8.280000,22.080000,19.440001,81.000000,-1230.000000,-147.000000,-2645.000000,-455.000000,152.000000,560.000000,21.000000,21.000000,21.000000,22.000000,21.000000,21.000000,21.000000,31.000000,31.000000,32.000000,32.000000,32.000000,33.000000,33.000000,1,1,1,1,1,1,1,0,0,0,0,0,0,0,74,5376.198242,749,0,1,0.787467,0.038817,-0.323590,-3.117000,-0.401000,0.078000,1
5.195800,-20.128000,-19.482000,6.241000,27.610001,18.089001,58.768002,173.966995,-21.959999,14.880000,23.639999,-34.560001,-6.600000,17.040001,14.640000,442.000000,-1303.000000,-274.000000,-2382.000000,-604.000000,345.000000,447.000000,21.000000,21.000000,21.000000,22.000000,21.000000,21.000000,21.000000,31.000000,31.000000,32.000000,32.000000,32.000000,33.000000,33.000000,1,1,1,1,1,1,1,0,0,0,0,0,0,0,74,5376.196777,748,0,1,0.787242,0.039359,-0.323623,-3.116000,-0.400000,0.077000,1
5.205805,-20.219000,-19.422001,6.343000,27.478001,18.075001,58.823002,174.020004,-19.920000,12.710000,21.600000,-31.309999,-4.800000,16.200001,12.360000,140.000000,-1555.000000,-258.000000,-2507.000000,-540.000000,291.000000,416.000000,21.000000,21.000000,21.000000,22.000000,21.000000,21.000000,21.000000,31.000000,31.000000,32.000000,32.000000,32.000000,33.000000,33.000000,1,1,1,1,1,1,1,0,0,0,0,0,0,0,74,5376.192871,749,0,1,0.787374,0.039675,-0.323687,-3.116000,-0.400000,0.077000,1
5.215784,-20.409000,-19.302999,6.560000,27.159000,18.035999,58.987000,174.147995,-12.240000,7.920000,15.840000,-20.150000,-3.720000,10.800000,8.280000,323.000000,-1368.000000,-711.000000,-2445.000000,-804.000000,34.000000,424.000000,21.000000,21.000000,21.000000,22.000000,21.000000,21.000000,21.000000,31.000000,31.000000,32.000000,32.000000,32.000000,33.000000,33.000000,1,1,1,1,1,1,1,0,0,0,0,0,0,0,74,5376.192871,749,0,1,0.787651,0.040411,-0.323625,-3.115000,-0.400000,0.077000,1
5.225895,-20.521999,-19.228001,6.682000,26.971001,18.013000,59.051998,174.207001,-6.240000,4.320000,8.400000,-10.320000,-3.240000,7.200000,6.000000,355.000000,-1408.000000,-582.000000,-2338.000000,-889.000000,-92.000000,354.000000,21.000000,21.000000,21.000000,22.000000,21.000000,21.000000,21.000000,31.000000,31.000000,32.000000,32.000000,32.000000,33.000000,33.000000,1,1,1,1,1,1,1,0,0,0,0,0,0,0,74,5376.192871,748,0,1,0.788002,0.040758,-0.323567,-3.115000,-0.401000,0.077000,1
5.235854,-20.554001,-19.204000,6.729000,26.903999,17.954000,59.112000,174.266006,-2.510000,1.920000,4.560000,-5.030000,-3.960000,2.510000,2.880000,481.000000,-1232.000000,-866.000000,-2711.000000,-633.000000,49.000000,349.000000,21.000000,21.000000,21.000000,22.000000,21.000000,21.000000,22.000000,31.000000,31.000000,32.000000,32.000000,32.000000,33.000000,33.000000,1,1,1,1,1,1,1,0,0,0,0,0,0,0,74,5376.193848,748,0,1,0.787896,0.040687,-0.323594,-3.115000,-0.400000,0.076000,1
5.245848,-20.559999,-19.194000,6.759000,26.872999,17.920000,59.119999,174.283997,0.480000,0.120000,1.680000,-0.360000,-3.480000,0.480000,1.680000,345.000000,-1173.000000,-417.000000,-2870.000000,-561.000000,140.000000,364.000000,22.000000,22.000000,22.000000,22.000000,22.000000,22.000000,22.000000,31.000000,31.000000,32.000000,32.000000,32.000000,33.000000,33.000000,1,1,1,1,1,1,1,0,0,0,0,0,0,0,74,5376.196777,748,0,1,0.787968,0.040720,-0.323562,-3.115000,-0.401000,0.077000,1
5.255890,-20.554001,-19.194000,6.770000,26.875999,17.872000,59.125000,174.298996,0.240000,0.000000,-0.360000,0.000000,0.000000,0.120000,0.000000,59.000000,-1159.000000,-691.000000,-2839.000000,-104.000000,128.000000,316.000000,22.000000,22.000000,22.000000,22.000000,22.000000,22.000000,22.000000,31.000000,31.000000,32.000000,32.000000,32.000000,33.000000,33.000000,1,1,1,1,1,1,1,0,0,0,0,0,0,0,74,5376.200195,747,0,1,0.787902,0.040562,-0.323594,-3.116000,-0.400000,0.077000,0
5.265945,-20.554001,-19.193001,6.764000,26.878000,17.851000,59.126999,174.302002,0.000000,0.000000,-0.120000,0.000000,-0.600000,0.000000,0.000000,303.000000,-1135.000000,-485.000000,-2868.000000,-332.000000,137.000000,340.000000,22.000000,22.000000,22.000000,22.000000,22.000000,22.000000,22.000000,31.000000,31.000000,32.000000,32.000000,32.000000,33.000000,33.000000,1,1,1,1,1,1,1,0,0,0,0,0,0,0,74,5376.200195,748,0,1,0.787880,0.040385,-0.323617,-3.116000,-0.400000,0.077000,0
5.275742,-20.555000,-19.193001,6.759000,26.875999,17.839001,59.129002,174.306000,0.000000,0.000000,0.000000,0.000000,-0.720000,0.000000,0.240000,308.000000,-1104.000000,-418.000000,-2907.000000,-293.000000,149.000000,368.000000,22.000000,22.000000,22.000000,22.000000,22.000000,22.000000,22.000000,31.000000,31.000000,32.000000,32.000000,32.000000,33.000000,33.000000,1,1,1,1,1,1,1,0,0,0,0,0,0,0,74,5376.202148,747,0,1,0.787876,0.040262,-0.323615,-3.117000,-0.400000,0.077000,0
5.285753,-20.552000,-19.190001,6.759000,26.875000,17.840000,59.132000,174.307999,0.000000,0.000000,0.000000,0.000000,-0.240000,0.000000,0.120000,330.000000,-1100.000000,-518.000000,-2951.000000,-317.000000,170.000000,347.000000,22.000000,22.000000,22.000000,22.000000,22.000000,22.000000,22.000000,31.000000,31.000000,32.000000,32.000000,32.000000,33.000000,33.000000,1,1,1,1,1,1,1,0,0,0,0,0,0,0,74,5376.200195,749,0,1,0.787852,0.040282,-0.323635,-3.117000,-0.400000,0.077000,0
5.295823,-20.552000,-19.188999,6.760000,26.875000,17.840000,59.132999,174.307999,0.000000,0.000000,0.000000,0.000000,0.000000,0.000000,0.000000,353.000000,-1099.000000,-541.000000,-3002.000000,-355.000000,133.000000,340.000000,22.000000,22.000000,22.000000,22.000000,22.000000,22.000000,22.000000,31.000000,31.000000,32.000000,32.000000,32.000000,33.000000,33.000000,1,1,1,1,1,1,1,0,0,0,0,0,0,0,74,5376.200195,749,0,1,0.787836,0.040288,-0.323651,-3.117000,-0.400000,0.077000,0
5.305848,-20.554001,-19.186001,6.759000,26.875000,17.837000,59.134998,174.309998,0.000000,0.000000,0.000000,0.000000,0.000000,0.000000,0.000000,387.000000,-1139.000000,-567.000000,-3024.000000,-384.000000,144.000000,354.000000,22.000000,22.000000,22.000000,22.000000,22.000000,22.000000,22.000000,31.000000,31.000000,32.000000,32.000000,32.000000,33.000000,33.000000,1,1,1,1,1,1,1,0,0,0,0,0,0,0,74,5376.199219,748,0,1,0.787814,0.040245,-0.323678,-3.117000,-0.400000,0.077000,0
5.315971,-20.555000,-19.184000,6.758000,26.875000,17.834000,59.138000,174.309998,0.000000,0.000000,0.000000,0.000000,0.000000,0.000000,0.000000,417.000000,-1160.000000,-601.000000,-3051.000000,-385.000000,146.000000,348.000000,22.000000,22.000000,22.000000,22.000000,22.000000,22.000000,22.000000,31.000000,31.000000,32.000000,32.000000,32.000000,33.000000,33.000000,1,1,1,1,1,1,1,0,0,0,0,0,0,0,74,5376.199219,747,0,1,0.787790,0.040204,-0.323696,-3.117000,-0.400000,0.077000,0
5.325851,-20.554001,-19.184000,6.753000,26.875999,17.829000,59.139000,174.311005,0.000000,0.000000,-0.120000,0.000000,0.000000,0.000000,0.240000,429.000000,-1176.000000,-492.000000,-3088.000000,-324.000000,133.000000,356.000000,22.000000,22.000000,22.000000,22.000000,22.000000,22.000000,22.000000,31.000000,31.000000,32.000000,32.000000,32.000000,33.000000,33.000000,1,1,1,1,1,1,1,0,0,0,0,0,0,0,74,5376.200195,747,0,1,0.787776,0.040144,-0.323703,-3.117000,-0.400000,0.077000,0
5.335827,-20.552000,-19.181999,6.742000,26.878000,17.813000,59.139000,174.311005,0.000000,0.000000,-0.240000,0.000000,-0.360000,0.000000,0.000000,423.000000,-1186.000000,-357.000000,-3115.000000,-274.000000,143.000000,356.000000,22.000000,22.000000,22.000000,22.000000,22.000000,22.000000,22.000000,31.000000,31.000000,32.000000,32.000000,32.000000,33.000000,33.000000,1,1,1,1,1,1,1,0,0,0,0,0,0,0,74,5376.203125,750,0,1,0.787762,0.039947,-0.323732,-3.117000,-0.400000,0.077000,0
5.345780,-20.552000,-19.183001,6.726000,26.878000,17.799000,59.138000,174.313004,0.000000,0.000000,0.000000,0.000000,-0.240000,0.000000,0.000000,439.000000,-1194.000000,-306.000000,-3122.000000,-207.000000,138.000000,353.000000,22.000000,22.000000,22.000000,22.000000,22.000000,22.000000,22.000000,31.000000,31.000000,32.000000,32.000000,32.000000,33.000000,33.000000,1,1,1,1,1,1,1,0,0,0,0,0,0,0,74,5376.200195,748,0,1,0.787791,0.039730,-0.323713,-3.118000,-0.400000,0.077000,0
5.355771,-20.554001,-19.184000,6.716000,26.875999,17.791000,59.138000,174.311005,0.000000,0.000000,0.000000,0.000000,-0.360000,0.000000,0.000000,460.000000,-1186.000000,-241.000000,-3178.000000,-208.000000,142.000000,363.000000,22.000000,22.000000,22.000000,22.000000,22.000000,22.000000,22.000000,31.000000,31.000000,32.000000,32.000000,32.000000,33.000000,33.000000,1,1,1,1,1,1,1,0,0,0,0,0,0,0,74,5376.203125,748,0,1,0.787817,0.039598,-0.323691,-3.118000,-0.400000,0.077000,0
5.365765,-20.551001,-19.180000,6.720000,26.875000,17.788000,59.139000,174.313995,0.000000,0.000000,0.000000,0.000000,0.000000,0.000000,0.000000,467.000000,-1192.000000,-236.000000,-3228.000000,-188.000000,140.000000,361.000000,22.000000,22.000000,22.000000,22.000000,22.000000,22.000000,22.000000,31.000000,31.000000,32.000000,32.000000,32.000000,33.000000,33.000000,1,1,1,1,1,1,1,0,0,0,0,0,0,0,74,5376.203125,750,0,1,0.787792,0.039622,-0.323723,-3.118000,-0.400000,0.077000,0
5.375754,-20.549999,-19.183001,6.726000,26.875000,17.788000,59.138000,174.313004,0.000000,0.000000,0.000000,0.000000,0.000000,0.000000,0.000000,458.000000,-1203.000000,-216.000000,-3222.000000,-197.000000,137.000000,365.000000,22.000000,22.000000,22.000000,22.000000,22.000000,22.000000,22.000000,31.000000,31.000000,32.000000,32.000000,32.000000,33.000000,33.000000,1,1,1,1,1,1,1,0,0,0,0,0,0,0,74,5376.203125,748,0,1,0.787810,0.039682,-0.323698,-3.118000,-0.400000,0.077000,0
5.385817,-20.548000,-19.184000,6.741000,26.875999,17.789000,59.139000,174.315002,0.000000,0.000000,0.000000,0.000000,0.000000,0.000000,0.000000,458.000000,-1201.000000,-200.000000,-3242.000000,-196.000000,142.000000,363.000000,22.000000,22.000000,22.000000,22.000000,22.000000,22.000000,22.000000,31.000000,31.000000,32.000000,32.000000,32.000000,33.000000,33.000000,1,1,1,1,1,1,1,0,0,0,0,0,0,0,74,5376.202148,749,0,1,0.787786,0.039829,-0.323700,-3.118000,-0.400000,0.077000,0
5.395810,-20.545000,-19.184000,6.747000,26.875000,17.791000,59.139999,174.317001,0.120000,0.000000,0.000000,0.000000,0.000000,0.000000,0.240000,434.000000,-1198.000000,-235.000000,-3295.000000,-191.000000,128.000000,373.000000,22.000000,22.000000,22.000000,22.000000,22.000000,22.000000,22.000000,31.000000,31.000000,32.000000,32.000000,32.000000,33.000000,33.000000,1,1,1,1,1,1,1,0,0,0,0,0,0,0,74,5376.200195,749,0,1,0.787781,0.039902,-0.323696,-3.118000,-0.400000,0.077000,0
5.405846,-20.545000,-19.180000,6.747000,26.875999,17.792000,59.141998,174.317993,0.000000,0.000000,0.000000,0.000000,0.000000,0.000000,0.120000,461.000000,-1219.000000,-190.000000,-3343.000000,-186.000000,109.000000,361.000000,22.000000,22.000000,22.000000,22.000000,22.000000,22.000000,22.000000,31.000000,31.000000,32.000000,32.000000,32.000000,33.000000,33.000000,1,1,1,1,1,1,1,0,0,0,0,0,0,0,74,5376.200195,748,0,1,0.787742,0.039897,-0.323742,-3.117000,-0.400000,0.077000,0
5.415798,-20.542999,-19.180000,6.747000,26.872999,17.791000,59.139999,174.317993,0.120000,0.000000,0.000000,0.000000,0.000000,0.000000,0.000000,473.000000,-1239.000000,-197.000000,-3343.000000,-168.000000,96.000000,351.000000,22.000000,22.000000,22.000000,22.000000,22.000000,22.000000,22.000000,31.000000,31.000000,32.000000,32.000000,32.000000,33.000000,33.000000,1,1,1,1,1,1,1,0,0,0,0,0,0,0,74,5376.199219,749,0,1,0.787769,0.039907,-0.323724,-3.117000,-0.400000,0.077000,0
5.425861,-20.541000,-19.181999,6.749000,26.875000,17.796000,59.141998,174.317993,0.000000,0.000000,0.120000,0.000000,0.000000,0.000000,0.000000,464.000000,-1233.000000,-215.000000,-3386.000000,-161.000000,84.000000,346.000000,22.000000,22.000000,22.000000,22.000000,22.000000,22.000000,22.000000,31.000000,31.000000,32.000000,32.000000,32.000000,33.000000,33.000000,1,1,1,1,1,1,1,0,0,0,0,0,0,0,74,5376.200195,746,0,1,0.787755,0.039974,-0.323721,-3.117000,-0.400000,0.077000,0
5.435726,-20.540001,-19.181999,6.749000,26.872999,17.792999,59.143002,174.320999,0.000000,0.000000,0.000000,0.000000,0.000000,0.000000,0.240000,439.000000,-1256.000000,-228.000000,-3406.000000,-152.000000,83.000000,367.000000,22.000000,22.000000,22.000000,22.000000,22.000000,22.000000,22.000000,31.000000,31.000000,32.000000,32.000000,32.000000,33.000000,33.000000,1,1,1,1,1,1,1,0,0,0,0,0,0,0,74,5376.199219,749,0,1,0.787754,0.039970,-0.323716,-3.117000,-0.400000,0.077000,0
5.445762,-20.541000,-19.181999,6.751000,26.872999,17.792000,59.139999,174.320999,0.000000,0.000000,0.000000,0.000000,0.000000,0.000000,0.240000,417.000000,-1263.000000,-212.000000,-3409.000000,-141.000000,69.000000,360.000000,22.000000,22.000000,22.000000,22.000000,22.000000,22.000000,22.000000,31.000000,31.000000,32.000000,32.000000,32.000000,33.000000,33.000000,1,1,1,1,1,1,1,0,0,0,0,0,0,0,74,5376.200195,749,0,1,0.787771,0.039965,-0.323713,-3.117000,-0.400000,0.077000,0
5.455789,-20.539000,-19.184000,6.753000,26.871000,17.796000,59.141998,174.324997,0.000000,0.000000,0.000000,0.000000,0.000000,0.000000,0.120000,429.000000,-1270.000000,-230.000000,-3419.000000,-128.000000,59.000000,367.000000,22.000000,22.000000,22.000000,22.000000,22.000000,22.000000,22.000000,31.000000,31.000000,32.000000,32.000000,32.000000,33.000000,33.000000,1,1,1,1,1,1,1,0,0,0,0,0,0,0,74,5376.200195,748,0,1,0.787792,0.040046,-0.323675,-3.117000,-0.400000,0.077000,0
5.465794,-20.539000,-19.183001,6.755000,26.871000,17.797001,59.139999,174.324997,0.120000,0.000000,0.000000,0.000000,0.000000,0.000000,0.000000,436.000000,-1286.000000,-275.000000,-3417.000000,-128.000000,49.000000,374.000000,22.000000,22.000000,22.000000,22.000000,22.000000,22.000000,22.000000,31.000000,31.000000,32.000000,32.000000,32.000000,33.000000,33.000000,1,1,1,1,1,1,1,0,0,0,0,0,0,0,74,5376.200195,748,0,1,0.787793,0.040061,-0.323685,-3.117000,-0.400000,0.077000,0
