t_mono,position1,position2,position3,position4,position5,position6,position7,speed1,speed2,speed3,speed4,speed5,speed6,speed7,current1,current2,current3,current4,current5,current6,current7,voltage1,voltage2,voltage3,voltage4,voltage5,voltage6,voltage7,temperature1,temperature2,temperature3,temperature4,temperature5,temperature6,temperature7,en1,en2,en3,en4,en5,en6,en7,err1,err2,err3,err4,err5,err6,err7,lift_height,lift_pos,lift_current,lift_err,lift_en,tcp_x,tcp_y,tcp_z,tcp_rx,tcp_ry,tcp_rz,arm_status
0.156174,-3.190000,-69.661003,7.411000,134.513000,26.362000,2.187000,156.222000,0.000000,0.000000,0.000000,0.000000,0.000000,0.000000,0.000000,238.000000,-779.000000,-294.000000,-701.000000,315.000000,-392.000000,112.000000,22.000000,22.000000,22.000000,22.000000,22.000000,22.000000,22.000000,37.000000,36.000000,37.000000,38.000000,39.000000,40.000000,43.000000,1,1,1,1,1,1,1,0,0,0,0,0,0,0,74,5376.536133,837,0,1,0.515000,0.032000,-0.323627,-3.117000,-0.400000,0.077000,0
0.166113,-3.190000,-69.661003,7.411000,134.513000,26.362000,2.187000,156.222000,0.000000,0.000000,0.000000,0.000000,0.000000,0.000000,-0.120000,244.000000,-782.000000,-300.000000,-695.000000,311.000000,-394.000000,109.000000,22.000000,22.000000,22.000000,22.000000,22.000000,22.000000,22.000000,37.000000,36.000000,37.000000,38.000000,39.000000,40.000000,43.000000,1,1,1,1,1,1,1,0,0,0,0,0,0,0,74,5376.534180,837,0,1,0.515000,0.032000,-0.323627,-3.117000,-0.400000,0.077000,0
0.176615,-3.190000,-69.661003,7.411000,134.513000,26.362000,2.187000,156.222000,0.000000,0.000000,0.000000,0.000000,0.000000,0.000000,0.000000,237.000000,-779.000000,-295.000000,-711.000000,306.000000,-392.000000,118.000000,22.000000,22.000000,22.000000,22.000000,22.000000,22.000000,22.000000,37.000000,36.000000,37.000000,38.000000,39.000000,40.000000,43.000000,1,1,1,1,1,1,1,0,0,0,0,0,0,0,74,5376.537109,835,0,1,0.515000,0.032000,-0.323627,-3.117000,-0.400000,0.077000,0
0.186162,-3.190000,-69.661003,7.411000,134.513000,26.362000,2.187000,156.222000,0.000000,0.000000,0.000000,0.000000,0.000000,0.000000,0.000000,230.000000,-771.000000,-298.000000,-714.000000,315.000000,-385.000000,113.000000,22.000000,22.000000,22.000000,22.000000,22.000000,22.000000,22.000000,37.000000,36.000000,37.000000,38.000000,39.000000,40.000000,43.000000,1,1,1,1,1,1,1,0,0,0,0,0,0,0,74,5376.537109,835,0,1,0.515000,0.032000,-0.323627,-3.117000,-0.400000,0.077000,0
0.196144,-3.190000,-69.661003,7.411000,134.513000,26.362000,2.187000,156.222000,0.000000,0.000000,0.000000,0.000000,0.000000,0.000000,0.000000,234.000000,-770.000000,-290.000000,-715.000000,312.000000,-393.000000,116.000000,22.000000,22.000000,22.000000,22.000000,22.000000,22.000000,22.000000,37.000000,36.000000,37.000000,38.000000,39.000000,40.000000,43.000000,1,1,1,1,1,1,1,0,0,0,0,0,0,0,74,5376.537109,837,0,1,0.515000,0.032000,-0.323627,-3.117000,-0.400000,0.077000,0
0.206145,-3.190000,-69.661003,7.411000,134.513000,26.362000,2.187000,156.222000,0.000000,0.000000,0.000000,0.000000,0.000000,0.000000,0.000000,225.000000,-762.000000,-291.000000,-716.000000,310.000000,-383.000000,111.000000,22.000000,22.000000,22.000000,22.000000,22.000000,22.000000,22.000000,37.000000,36.000000,37.000000,38.000000,39.000000,40.000000,43.000000,1,1,1,1,1,1,1,0,0,0,0,0,0,0,74,5376.536133,837,0,1,0.515000,0.032000,-0.323627,-3.117000,-0.400000,0.077000,0
0.216164,-3.190000,-69.661003,7.411000,134.513000,26.362000,2.187000,156.222000,0.000000,0.000000,0.000000,0.000000,0.000000,0.000000,0.000000,228.000000,-761.000000,-303.000000,-716.000000,311.000000,-387.000000,114.000000,22.000000,22.000000,22.000000,22.000000,22.000000,22.000000,22.000000,37.000000,36.000000,37.000000,38.000000,39.000000,40.000000,43.000000,1,1,1,1,1,1,1,0,0,0,0,0,0,0,74,5376.534180,836,0,1,0.515000,0.032000,-0.323627,-3.117000,-0.400000,0.077000,0
0.226065,-3.190000,-69.661003,7.411000,134.513000,26.362000,2.187000,156.222000,0.000000,0.000000,0.000000,0.000000,0.000000,0.000000,0.000000,224.000000,-765.000000,-288.000000,-714.000000,312.000000,-391.000000,116.000000,22.000000,22.000000,22.000000,22.000000,22.000000,22.000000,22.000000,37.000000,36.000000,37.000000,38.000000,39.000000,40.000000,43.000000,1,1,1,1,1,1,1,0,0,0,0,0,0,0,74,5376.536133,837,0,1,0.515000,0.032000,-0.323627,-3.117000,-0.400000,0.077000,0
0.236114,-3.190000,-69.661003,7.411000,134.513000,26.362000,2.187000,156.222000,0.000000,0.000000,0.000000,0.000000,0.000000,0.000000,0.000000,226.000000,-760.000000,-306.000000,-722.000000,312.000000,-390.000000,107.000000,22.000000,22.000000,22.000000,22.000000,22.000000,22.000000,22.000000,37.000000,36.000000,37.000000,38.000000,39.000000,40.000000,43.000000,1,1,1,1,1,1,1,0,0,0,0,0,0,0,74,5376.534180,836,0,1,0.515000,0.032000,-0.323627,-3.117000,-0.400000,0.077000,0
0.246107,-3.190000,-69.661003,7.411000,134.513000,26.362000,2.187000,156.222000,0.000000,0.000000,0.000000,0.000000,0.000000,0.000000,0.000000,229.000000,-765.000000,-279.000000,-716.000000,313.000000,-390.000000,115.000000,22.000000,22.000000,22.000000,22.000000,22.000000,22.000000,22.000000,37.000000,36.000000,37.000000,38.000000,39.000000,40.000000,43.000000,1,1,1,1,1,1,1,0,0,0,0,0,0,0,74,5376.536133,837,0,1,0.515000,0.032000,-0.323627,-3.117000,-0.400000,0.077000,0
0.256173,-3.190000,-69.661003,7.411000,134.513000,26.362000,2.187000,156.222000,0.000000,0.000000,0.000000,0.000000,0.000000,0.000000,-0.240000,227.000000,-764.000000,-281.000000,-731.000000,312.000000,-391.000000,109.000000,22.000000,22.000000,22.000000,22.000000,22.000000,22.000000,22.000000,37.000000,36.000000,37.000000,38.000000,39.000000,40.000000,43.000000,1,1,1,1,1,1,1,0,0,0,0,0,0,0,74,5376.536133,837,0,1,0.515000,0.032000,-0.323627,-3.117000,-0.400000,0.077000,0
0.266153,-3.190000,-69.661003,7.411000,134.513000,26.362000,2.187000,156.222000,0.000000,0.000000,0.000000,0.000000,0.000000,0.000000,0.000000,226.000000,-765.000000,-284.000000,-734.000000,312.000000,-394.000000,116.000000,22.000000,22.000000,22.000000,22.000000,22.000000,22.000000,22.000000,37.000000,36.000000,37.000000,38.000000,39.000000,40.000000,43.000000,1,1,1,1,1,1,1,0,0,0,0,0,0,0,74,5376.537109,837,0,1,0.515000,0.032000,-0.323627,-3.117000,-0.400000,0.077000,0
0.276135,-3.190000,-69.661003,7.411000,134.513000,26.362000,2.187000,156.222000,0.000000,0.000000,0.000000,0.000000,0.000000,0.000000,0.000000,227.000000,-771.000000,-297.000000,-717.000000,314.000000,-390.000000,104.000000,22.000000,22.000000,22.000000,22.000000,22.000000,22.000000,22.000000,37.000000,36.000000,37.000000,38.000000,39.000000,40.000000,43.000000,1,1,1,1,1,1,1,0,0,0,0,0,0,0,74,5376.537109,837,0,1,0.515000,0.032000,-0.323627,-3.117000,-0.400000,0.077000,0
0.286261,-3.190000,-69.661003,7.411000,134.513000,26.362000,2.187000,156.222000,0.000000,0.000000,0.000000,0.000000,0.000000,0.000000,0.000000,222.000000,-768.000000,-311.000000,-737.000000,313.000000,-395.000000,111.000000,22.000000,22.000000,22.000000,22.000000,22.000000,22.000000,22.000000,37.000000,36.000000,37.000000,38.000000,39.000000,40.000000,43.000000,1,1,1,1,1,1,1,0,0,0,0,0,0,0,74,5376.536133,837,0,1,0.515000,0.032000,-0.323627,-3.117000,-0.400000,0.077000,0
0.296146,-3.190000,-69.661003,7.411000,134.513000,26.362000,2.187000,156.222000,0.000000,0.000000,0.000000,0.000000,0.000000,0.000000,-0.120000,226.000000,-767.000000,-284.000000,-715.000000,310.000000,-390.000000,115.000000,22.000000,22.000000,22.000000,22.000000,22.000000,22.000000,22.000000,37.000000,36.000000,37.000000,38.000000,39.000000,40.000000,43.000000,1,1,1,1,1,1,1,0,0,0,0,0,0,0,74,5376.534180,836,0,1,0.515000,0.032000,-0.323627,-3.117000,-0.400000,0.077000,0
0.306106,-3.190000,-69.661003,7.411000,134.513000,26.362000,2.187000,156.222000,0.000000,0.000000,0.000000,0.000000,0.000000,0.000000,0.000000,226.000000,-766.000000,-282.000000,-727.000000,316.000000,-390.000000,103.000000,22.000000,22.000000,22.000000,22.000000,22.000000,22.000000,22.000000,37.000000,36.000000,37.000000,38.000000,39.000000,40.000000,43.000000,1,1,1,1,1,1,1,0,0,0,0,0,0,0,74,5376.534180,837,0,1,0.515000,0.032000,-0.323627,-3.117000,-0.400000,0.077000,0
0.316236,-3.190000,-69.661003,7.411000,134.513000,26.362000,2.187000,156.222000,0.000000,0.000000,0.000000,0.000000,0.000000,0.000000,0.000000,228.000000,-768.000000,-296.000000,-739.000000,314.000000,-389.000000,116.000000,22.000000,22.000000,22.000000,22.000000,22.000000,22.000000,22.000000,37.000000,36.000000,37.000000,38.000000,39.000000,40.000000,43.000000,1,1,1,1,1,1,1,0,0,0,0,0,0,0,74,5376.536133,836,0,1,0.515000,0.032000,-0.323627,-3.117000,-0.400000,0.077000,0
0.326206,-3.190000,-69.661003,7.411000,134.513000,26.362000,2.187000,156.222000,0.000000,0.000000,0.000000,0.000000,0.000000,0.000000,0.000000,230.000000,-769.000000,-321.000000,-726.000000,313.000000,-390.000000,106.000000,22.000000,22.000000,22.000000,22.000000,22.000000,22.000000,22.000000,37.000000,36.000000,37.000000,38.000000,39.000000,40.000000,43.000000,1,1,1,1,1,1,1,0,0,0,0,0,0,0,74,5376.534180,838,0,1,0.515000,0.032000,-0.323627,-3.117000,-0.400000,0.077000,0
0.336185,-3.190000,-69.661003,7.411000,134.513000,26.362000,2.187000,156.222000,0.000000,0.000000,0.000000,0.000000,0.000000,0.000000,0.000000,231.000000,-759.000000,-309.000000,-721.000000,306.000000,-396.000000,113.000000,22.000000,22.000000,22.000000,22.000000,22.000000,22.000000,22.000000,37.000000,36.000000,37.000000,38.000000,39.000000,40.000000,43.000000,1,1,1,1,1,1,1,0,0,0,0,0,0,0,74,5376.536133,836,0,1,0.515000,0.032000,-0.323627,-3.117000,-0.400000,0.077000,0
0.346199,-3.190000,-69.661003,7.411000,134.513000,26.362000,2.187000,156.222000,0.000000,0.000000,0.000000,0.000000,0.000000,0.000000,0.120000,227.000000,-768.000000,-308.000000,-729.000000,309.000000,-380.000000,118.000000,22.000000,22.000000,22.000000,22.000000,22.000000,22.000000,22.000000,37.000000,36.000000,37.000000,38.000000,39.000000,40.000000,43.000000,1,1,1,1,1,1,1,0,0,0,0,0,0,0,74,5376.536133,837,0,1,0.515000,0.032000,-0.323627,-3.117000,-0.400000,0.077000,0
0.356313,-3.148000,-69.657997,7.356000,134.518005,26.363001,2.184000,156.164993,0.000000,0.000000,0.000000,0.000000,0.000000,0.000000,0.000000,228.000000,-774.000000,-304.000000,-722.000000,305.000000,-390.000000,111.000000,22.000000,22.000000,22.000000,22.000000,22.000000,22.000000,22.000000,37.000000,36.000000,37.000000,38.000000,39.000000,40.000000,43.000000,1,1,1,1,1,1,1,0,0,0,0,0,0,0,74,5376.537109,837,0,1,0.515000,0.031819,-0.323627,-3.117000,-0.400000,0.076000,1
0.366097,-3.071000,-69.653000,7.259000,134.529007,26.326000,2.178000,156.100998,0.000000,0.000000,0.000000,0.000000,0.000000,0.000000,0.000000,228.000000,-774.000000,-304.000000,-722.000000,305.000000,-390.000000,111.000000,22.000000,22.000000,22.000000,22.000000,22.000000,22.000000,22.000000,37.000000,36.000000,37.000000,38.000000,39.000000,40.000000,43.000000,1,1,1,1,1,1,1,0,0,0,0,0,0,0,74,5376.534180,835,0,1,0.515000,0.031495,-0.323627,-3.117000,-0.400000,0.077000,1
0.376259,-2.942000,-69.644997,7.096000,134.546005,26.254999,2.168000,156.003006,0.000000,0.000000,0.000000,0.000000,0.000000,0.000000,0.000000,228.000000,-774.000000,-304.000000,-722.000000,305.000000,-390.000000,111.000000,22.000000,22.000000,22.000000,22.000000,22.000000,22.000000,22.000000,37.000000,36.000000,37.000000,38.000000,39.000000,40.000000,43.000000,1,1,1,1,1,1,1,0,0,0,0,0,0,0,74,5376.536133,837,0,1,0.514999,0.030953,-0.323628,-3.117000,-0.399000,0.077000,1
0.386151,-2.793000,-69.636002,6.908000,134.565994,26.169001,2.158000,155.893005,0.000000,0.000000,0.000000,0.000000,0.000000,0.000000,0.000000,228.000000,-774.000000,-304.000000,-722.000000,305.000000,-390.000000,111.000000,22.000000,22.000000,22.000000,22.000000,22.000000,22.000000,22.000000,37.000000,36.000000,37.000000,38.000000,39.000000,40.000000,43.000000,1,1,1,1,1,1,1,0,0,0,0,0,0,0,74,5376.536133,837,0,1,0.514999,0.030327,-0.323628,-3.117000,-0.399000,0.077000,1
0.396129,-2.609000,-69.625999,6.676000,134.589005,26.062000,2.146000,155.759995,0.000000,0.000000,0.000000,0.000000,0.000000,0.000000,0.000000,228.000000,-774.000000,-304.000000,-722.000000,305.000000,-390.000000,111.000000,22.000000,22.000000,22.000000,22.000000,22.000000,22.000000,22.000000,37.000000,36.000000,37.000000,38.000000,39.000000,40.000000,43.000000,1,1,1,1,1,1,1,0,0,0,0,0,0,0,74,5376.537109,836,0,1,0.514999,0.029557,-0.323628,-3.117000,-0.399000,0.077000,1
0.406268,-2.398000,-69.614998,6.408000,134.613998,25.936001,2.133000,155.608002,0.000000,0.000000,0.000000,0.000000,0.000000,0.000000,0.000000,228.000000,-774.000000,-304.000000,-722.000000,305.000000,-390.000000,111.000000,22.000000,22.000000,22.000000,22.000000,22.000000,22.000000,22.000000,37.000000,36.000000,37.000000,38.000000,39.000000,40.000000,43.000000,1,1,1,1,1,1,1,0,0,0,0,0,0,0,74,5376.536133,838,0,1,0.514999,0.028669,-0.323628,-3.117000,-0.399000,0.077000,1
0.416200,-2.169000,-69.603996,6.115000,134.641006,25.799000,2.121000,155.442993,0.000000,0.000000,0.000000,0.000000,0.000000,0.000000,0.000000,228.000000,-774.000000,-304.000000,-722.000000,305.000000,-390.000000,111.000000,22.000000,22.000000,22.000000,22.000000,22.000000,22.000000,22.000000,37.000000,36.000000,37.000000,38.000000,39.000000,40.000000,43.000000,1,1,1,1,1,1,1,0,0,0,0,0,0,0,74,5376.536133,836,0,1,0.514999,0.027703,-0.323628,-3.117000,-0.399000,0.076000,1
0.426292,-1.885000,-69.592003,5.753000,134.671997,25.628000,2.107000,155.238998,0.000000,0.000000,0.000000,0.000000,0.000000,0.000000,0.000000,228.000000,-774.000000,-304.000000,-722.000000,305.000000,-390.000000,111.000000,22.000000,22.000000,22.000000,22.000000,22.000000,22.000000,22.000000,37.000000,36.000000,37.000000,38.000000,39.000000,40.000000,43.000000,1,1,1,1,1,1,1,0,0,0,0,0,0,0,74,5376.537109,836,0,1,0.514999,0.026507,-0.323628,-3.117000,-0.399000,0.077000,1
0.436232,-1.649000,-69.583000,5.449000,134.695999,25.485001,2.098000,155.069000,0.000000,0.000000,0.000000,0.000000,0.000000,0.000000,0.000000,228.000000,-774.000000,-304.000000,-722.000000,305.000000,-390.000000,111.000000,22.000000,22.000000,22.000000,22.000000,22.000000,22.000000,22.000000,37.000000,36.000000,37.000000,38.000000,39.000000,40.000000,43.000000,1,1,1,1,1,1,1,0,0,0,0,0,0,0,74,5376.537109,836,0,1,0.514999,0.025509,-0.323628,-3.116000,-0.399000,0.076000,1
0.446265,-1.413000,-69.575996,5.145000,134.718002,25.341999,2.091000,154.899002,0.000000,0.000000,0.000000,0.000000,0.000000,0.000000,0.000000,228.000000,-774.000000,-304.000000,-722.000000,305.000000,-390.000000,111.000000,22.000000,22.000000,22.000000,22.000000,22.000000,22.000000,22.000000,37.000000,36.000000,37.000000,38.000000,39.000000,40.000000,43.000000,1,1,1,1,1,1,1,0,0,0,0,0,0,0,74,5376.534180,837,0,1,0.514999,0.024510,-0.323628,-3.117000,-0.399000,0.076000,1
0.456246,-1.178000,-69.570000,4.841000,134.738998,25.200001,2.084000,154.727997,0.000000,0.000000,0.000000,0.000000,0.000000,0.000000,0.000000,228.000000,-774.000000,-304.000000,-722.000000,305.000000,-390.000000,111.000000,22.000000,22.000000,22.000000,22.000000,22.000000,22.000000,22.000000,37.000000,36.000000,37.000000,38.000000,39.000000,40.000000,43.000000,1,1,1,1,1,1,1,0,0,0,0,0,0,0,74,5376.536133,837,0,1,0.514999,0.023512,-0.323628,-3.117000,-0.399000,0.076000,1
0.466200,-1.037000,-69.566002,4.658000,134.751007,25.114000,2.082000,154.626007,0.000000,0.000000,0.000000,0.000000,0.000000,0.000000,0.000000,228.000000,-774.000000,-304.000000,-722.000000,305.000000,-390.000000,111.000000,22.000000,22.000000,22.000000,22.000000,22.000000,22.000000,22.000000,37.000000,36.000000,37.000000,38.000000,39.000000,40.000000,43.000000,1,1,1,1,1,1,1,0,0,0,0,0,0,0,74,5376.536133,837,0,1,0.514999,0.022913,-0.323628,-3.117000,-0.399000,0.077000,1
0.476582,-0.802000,-69.561996,4.352000,134.770004,24.972000,2.078000,154.455002,0.000000,0.000000,0.000000,0.000000,0.000000,0.000000,0.000000,228.000000,-774.000000,-304.000000,-722.000000,305.000000,-390.000000,111.000000,22.000000,22.000000,22.000000,22.000000,22.000000,22.000000,22.000000,37.000000,36.000000,37.000000,38.000000,39.000000,40.000000,43.000000,1,1,1,1,1,1,1,0,0,0,0,0,0,0,74,5376.536133,836,0,1,0.514999,0.021914,-0.323628,-3.117000,-0.399000,0.077000,1
0.486103,-0.521000,-69.557999,3.985000,134.791000,24.799999,2.076000,154.250000,0.000000,0.000000,0.000000,0.000000,0.000000,0.000000,0.000000,228.000000,-774.000000,-304.000000,-722.000000,305.000000,-390.000000,111.000000,22.000000,22.000000,22.000000,22.000000,22.000000,22.000000,22.000000,37.000000,36.000000,37.000000,38.000000,39.000000,40.000000,43.000000,1,1,1,1,1,1,1,0,0,0,0,0,0,0,74,5376.536133,837,0,1,0.514999,0.020716,-0.323628,-3.117000,-0.399000,0.077000,1
0.496038,-0.288000,-69.556999,3.679000,134.806000,24.658001,2.076000,154.078995,0.000000,0.000000,0.000000,0.000000,0.000000,0.000000,0.000000,228.000000,-774.000000,-304.000000,-722.000000,305.000000,-390.000000,111.000000,22.000000,22.000000,22.000000,22.000000,22.000000,22.000000,22.000000,37.000000,36.000000,37.000000,38.000000,39.000000,40.000000,43.000000,1,1,1,1,1,1,1,0,0,0,0,0,0,0,74,5376.536133,836,0,1,0.514999,0.019718,-0.323628,-3.117000,-0.399000,0.077000,1
0.506090,-0.055000,-69.556000,3.372000,134.820007,24.516001,2.078000,153.908005,0.000000,0.000000,0.000000,0.000000,0.000000,0.000000,0.000000,228.000000,-774.000000,-304.000000,-722.000000,305.000000,-390.000000,111.000000,22.000000,22.000000,22.000000,22.000000,22.000000,22.000000,22.000000,37.000000,36.000000,37.000000,38.000000,39.000000,40.000000,43.000000,1,1,1,1,1,1,1,0,0,0,0,0,0,0,74,5376.534180,837,0,1,0.514999,0.018719,-0.323628,-3.117000,-0.399000,0.076000,1
0.516106,0.176000,-69.556999,3.065000,134.832993,24.372999,2.081000,153.737000,0.000000,0.000000,0.000000,0.000000,0.000000,0.000000,0.000000,228.000000,-774.000000,-304.000000,-722.000000,305.000000,-390.000000,111.000000,22.000000,22.000000,22.000000,22.000000,22.000000,22.000000,22.000000,37.000000,36.000000,37.000000,38.000000,39.000000,40.000000,43.000000,1,1,1,1,1,1,1,0,0,0,0,0,0,0,74,5376.536133,835,0,1,0.514999,0.017721,-0.323628,-3.117000,-0.399000,0.076000,1
0.526044,0.408000,-69.558998,2.758000,134.843002,24.231001,2.086000,153.565994,0.000000,0.000000,0.000000,0.000000,0.000000,0.000000,0.000000,228.000000,-774.000000,-304.000000,-722.000000,305.000000,-390.000000,111.000000,22.000000,22.000000,22.000000,22.000000,22.000000,22.000000,22.000000,37.000000,36.000000,37.000000,38.000000,39.000000,40.000000,43.000000,1,1,1,1,1,1,1,0,0,0,0,0,0,0,74,5376.536133,837,0,1,0.514999,0.016722,-0.323628,-3.117000,-0.399000,0.076000,1
0.536103,0.686000,-69.561996,2.388000,134.854996,24.061001,2.094000,153.360001,0.000000,0.000000,0.000000,0.000000,0.000000,0.000000,0.000000,228.000000,-774.000000,-304.000000,-722.000000,305.000000,-390.000000,111.000000,22.000000,22.000000,22.000000,22.000000,22.000000,22.000000,22.000000,37.000000,36.000000,37.000000,38.000000,39.000000,40.000000,43.000000,1,1,1,1,1,1,1,0,0,0,0,0,0,0,74,5376.534180,838,0,1,0.514999,0.015524,-0.323628,-3.117000,-0.399000,0.077000,1
0.546103,0.916000,-69.567001,2.080000,134.862000,23.919001,2.102000,153.188004,0.000000,0.000000,0.000000,0.000000,0.000000,0.000000,0.000000,228.000000,-774.000000,-304.000000,-722.000000,305.000000,-390.000000,111.000000,22.000000,22.000000,22.000000,22.000000,22.000000,22.000000,22.000000,37.000000,36.000000,37.000000,38.000000,39.000000,40.000000,43.000000,1,1,1,1,1,1,1,0,0,0,0,0,0,0,74,5376.536133,835,0,1,0.514999,0.014526,-0.323628,-3.117000,-0.399000,0.077000,1
0.556076,1.146000,-69.571999,1.772000,134.869003,23.777000,2.112000,153.016998,0.000000,0.000000,0.000000,0.000000,0.000000,0.000000,0.000000,228.000000,-774.000000,-304.000000,-722.000000,305.000000,-390.000000,111.000000,22.000000,22.000000,22.000000,22.000000,22.000000,22.000000,22.000000,37.000000,36.000000,37.000000,38.000000,39.000000,40.000000,43.000000,1,1,1,1,1,1,1,0,0,0,0,0,0,0,74,5376.537109,835,0,1,0.514999,0.013527,-0.323628,-3.117000,-0.399000,0.076000,1
0.566118,1.376000,-69.579002,1.463000,134.873001,23.635000,2.123000,152.845001,0.000000,0.000000,0.000000,0.000000,0.000000,0.000000,0.000000,228.000000,-774.000000,-304.000000,-722.000000,305.000000,-390.000000,111.000000,22.000000,22.000000,22.000000,22.000000,22.000000,22.000000,22.000000,37.000000,36.000000,37.000000,38.000000,39.000000,40.000000,43.000000,1,1,1,1,1,1,1,0,0,0,0,0,0,0,74,5376.536133,836,0,1,0.514999,0.012529,-0.323628,-3.117000,-0.399000,0.077000,1
0.576421,1.513000,-69.583000,1.278000,134.875000,23.549999,2.131000,152.742004,0.000000,0.000000,0.000000,0.000000,0.000000,0.000000,0.000000,228.000000,-774.000000,-304.000000,-722.000000,305.000000,-390.000000,111.000000,22.000000,22.000000,22.000000,22.000000,22.000000,22.000000,22.000000,37.000000,36.000000,37.000000,38.000000,39.000000,40.000000,43.000000,1,1,1,1,1,1,1,0,0,0,0,0,0,0,74,5376.534180,835,0,1,0.514999,0.011930,-0.323628,-3.117000,-0.399000,0.076000,1
0.586137,1.833000,-69.595001,0.846000,134.878006,23.351999,2.151000,152.501007,0.000000,0.000000,0.000000,0.000000,0.000000,0.000000,0.000000,228.000000,-774.000000,-304.000000,-722.000000,305.000000,-390.000000,111.000000,22.000000,22.000000,22.000000,22.000000,22.000000,22.000000,22.000000,37.000000,36.000000,37.000000,38.000000,39.000000,40.000000,43.000000,1,1,1,1,1,1,1,0,0,0,0,0,0,0,74,5376.537109,836,0,1,0.514999,0.010532,-0.323628,-3.117000,-0.399000,0.077000,1
0.596134,1.969000,-69.600998,0.660000,134.878006,23.267000,2.160000,152.397995,0.000000,0.000000,0.000000,0.000000,0.000000,0.000000,0.000000,228.000000,-774.000000,-304.000000,-722.000000,305.000000,-390.000000,111.000000,22.000000,22.000000,22.000000,22.000000,22.000000,22.000000,22.000000,37.000000,36.000000,37.000000,38.000000,39.000000,40.000000,43.000000,1,1,1,1,1,1,1,0,0,0,0,0,0,0,74,5376.536133,836,0,1,0.514999,0.009933,-0.323628,-3.117000,-0.399000,0.076000,1
0.606205,2.197000,-69.611000,0.351000,134.878006,23.125999,2.177000,152.225998,0.000000,0.000000,0.000000,0.000000,0.000000,0.000000,0.000000,228.000000,-774.000000,-304.000000,-722.000000,305.000000,-390.000000,111.000000,22.000000,22.000000,22.000000,22.000000,22.000000,22.000000,22.000000,37.000000,36.000000,37.000000,38.000000,39.000000,40.000000,43.000000,1,1,1,1,1,1,1,0,0,0,0,0,0,0,74,5376.536133,837,0,1,0.514999,0.008935,-0.323628,-3.117000,-0.399000,0.076000,1
0.616122,2.468000,-69.625000,-0.019000,134.875000,22.955999,2.200000,152.020004,0.000000,0.000000,0.000000,0.000000,0.000000,0.000000,0.000000,228.000000,-774.000000,-304.000000,-722.000000,305.000000,-390.000000,111.000000,22.000000,22.000000,22.000000,22.000000,22.000000,22.000000,22.000000,37.000000,36.000000,37.000000,38.000000,39.000000,40.000000,43.000000,1,1,1,1,1,1,1,0,0,0,0,0,0,0,74,5376.537109,837,0,1,0.514999,0.007737,-0.323628,-3.117000,-0.399000,0.076000,1
0.626060,2.694000,-69.638000,-0.328000,134.871002,22.816000,2.220000,151.848007,0.000000,0.000000,0.000000,0.000000,0.000000,0.000000,0.000000,228.000000,-774.000000,-304.000000,-722.000000,305.000000,-390.000000,111.000000,22.000000,22.000000,22.000000,22.000000,22.000000,22.000000,22.000000,37.000000,36.000000,37.000000,38.000000,39.000000,40.000000,43.000000,1,1,1,1,1,1,1,0,0,0,0,0,0,0,74,5376.536133,837,0,1,0.514999,0.006738,-0.323628,-3.117000,-0.399000,0.076000,1
0.636142,2.919000,-69.652000,-0.637000,134.865005,22.674999,2.242000,151.675995,0.000000,0.000000,0.000000,0.000000,0.000000,0.000000,0.000000,228.000000,-774.000000,-304.000000,-722.000000,305.000000,-390.000000,111.000000,22.000000,22.000000,22.000000,22.000000,22.000000,22.000000,22.000000,37.000000,36.000000,37.000000,38.000000,39.000000,40.000000,43.000000,1,1,1,1,1,1,1,0,0,0,0,0,0,0,74,5376.537109,837,0,1,0.514999,0.005740,-0.323628,-3.117000,-0.399000,0.077000,1
0.646186,3.189000,-69.669998,-1.008000,134.856995,22.507000,2.271000,151.468994,0.000000,0.000000,0.000000,0.000000,0.000000,0.000000,0.000000,228.000000,-774.000000,-304.000000,-722.000000,305.000000,-390.000000,111.000000,22.000000,22.000000,22.000000,22.000000,22.000000,22.000000,22.000000,37.000000,36.000000,37.000000,38.000000,39.000000,40.000000,43.000000,1,1,1,1,1,1,1,0,0,0,0,0,0,0,74,5376.536133,838,0,1,0.514999,0.004542,-0.323628,-3.117000,-0.399000,0.076000,1
0.656310,3.412000,-69.685997,-1.317000,134.848007,22.365999,2.296000,151.296997,0.000000,0.000000,0.000000,0.000000,0.000000,0.000000,0.000000,228.000000,-774.000000,-304.000000,-722.000000,305.000000,-390.000000,111.000000,22.000000,22.000000,22.000000,22.000000,22.000000,22.000000,22.000000,37.000000,36.000000,37.000000,38.000000,39.000000,40.000000,43.000000,1,1,1,1,1,1,1,0,0,0,0,0,0,0,74,5376.536133,836,0,1,0.514999,0.003543,-0.323628,-3.117000,-0.399000,0.076000,1
0.666102,3.635000,-69.704002,-1.626000,134.837997,22.226000,2.323000,151.125000,0.000000,0.000000,0.000000,0.000000,0.000000,0.000000,0.000000,228.000000,-774.000000,-304.000000,-722.000000,305.000000,-390.000000,111.000000,22.000000,22.000000,22.000000,22.000000,22.000000,22.000000,22.000000,37.000000,36.000000,37.000000,38.000000,39.000000,40.000000,43.000000,1,1,1,1,1,1,1,0,0,0,0,0,0,0,74,5376.537109,835,0,1,0.514999,0.002545,-0.323628,-3.117000,-0.399000,0.076000,1
0.676128,3.857000,-69.722000,-1.935000,134.826004,22.087000,2.351000,150.953003,0.000000,0.000000,0.000000,0.000000,0.000000,0.000000,0.000000,228.000000,-774.000000,-304.000000,-722.000000,305.000000,-390.000000,111.000000,22.000000,22.000000,22.000000,22.000000,22.000000,22.000000,22.000000,37.000000,36.000000,37.000000,38.000000,39.000000,40.000000,43.000000,1,1,1,1,1,1,1,0,0,0,0,0,0,0,74,5376.537109,837,0,1,0.514999,0.001546,-0.323628,-3.117000,-0.399000,0.076000,1
0.686145,4.123000,-69.745003,-2.306000,134.809998,21.919001,2.387000,150.746002,0.000000,0.000000,0.000000,0.000000,0.000000,0.000000,0.000000,228.000000,-774.000000,-304.000000,-722.000000,305.000000,-390.000000,111.000000,22.000000,22.000000,22.000000,22.000000,22.000000,22.000000,22.000000,37.000000,36.000000,37.000000,38.000000,39.000000,40.000000,43.000000,1,1,1,1,1,1,1,0,0,0,0,0,0,0,74,5376.537109,836,0,1,0.514999,0.000348,-0.323628,-3.117000,-0.399000,0.077000,1
0.696778,4.212000,-69.752998,-2.429000,134.804001,21.864000,2.399000,150.677994,0.000000,0.000000,0.000000,0.000000,0.000000,0.000000,0.000000,228.000000,-774.000000,-304.000000,-722.000000,305.000000,-390.000000,111.000000,22.000000,22.000000,22.000000,22.000000,22.000000,22.000000,22.000000,37.000000,36.000000,37.000000,38.000000,39.000000,40.000000,43.000000,1,1,1,1,1,1,1,0,0,0,0,0,0,0,74,5376.537109,836,0,1,0.514999,-0.000050,-0.323628,-3.117000,-0.399000,0.077000,1
0.706186,4.432000,-69.774002,-2.738000,134.787994,21.725000,2.432000,150.505005,0.000000,0.000000,0.000000,0.000000,0.000000,0.000000,0.000000,228.000000,-774.000000,-304.000000,-722.000000,305.000000,-390.000000,111.000000,22.000000,22.000000,22.000000,22.000000,22.000000,22.000000,22.000000,37.000000,36.000000,37.000000,38.000000,39.000000,40.000000,43.000000,1,1,1,1,1,1,1,0,0,0,0,0,0,0,74,5376.537109,836,0,1,0.514999,-0.001049,-0.323628,-3.117000,-0.399000,0.076000,1
0.716136,4.696000,-69.800003,-3.108000,134.766998,21.558001,2.472000,150.298996,0.000000,0.000000,0.000000,0.000000,0.000000,0.000000,0.000000,228.000000,-774.000000,-304.000000,-722.000000,305.000000,-390.000000,111.000000,22.000000,22.000000,22.000000,22.000000,22.000000,22.000000,22.000000,37.000000,36.000000,37.000000,38.000000,39.000000,40.000000,43.000000,1,1,1,1,1,1,1,0,0,0,0,0,0,0,74,5376.537109,836,0,1,0.514999,-0.002247,-0.323628,-3.116000,-0.399000,0.076000,1
0.726202,4.914000,-69.822998,-3.416000,134.748001,21.420000,2.507000,150.126999,0.000000,0.000000,0.000000,0.000000,0.000000,0.000000,0.000000,228.000000,-774.000000,-304.000000,-722.000000,305.000000,-390.000000,111.000000,22.000000,22.000000,22.000000,22.000000,22.000000,22.000000,22.000000,37.000000,36.000000,37.000000,38.000000,39.000000,40.000000,43.000000,1,1,1,1,1,1,1,0,0,0,0,0,0,0,74,5376.536133,836,0,1,0.514999,-0.003245,-0.323628,-3.117000,-0.399000,0.077000,1
0.736080,5.133000,-69.847000,-3.724000,134.727997,21.281000,2.544000,149.955002,0.000000,0.000000,0.000000,0.000000,0.000000,0.000000,0.000000,228.000000,-774.000000,-304.000000,-722.000000,305.000000,-390.000000,111.000000,22.000000,22.000000,22.000000,22.000000,22.000000,22.000000,22.000000,37.000000,36.000000,37.000000,38.000000,39.000000,40.000000,43.000000,1,1,1,1,1,1,1,0,0,0,0,0,0,0,74,5376.536133,836,0,1,0.514999,-0.004244,-0.323628,-3.117000,-0.399000,0.077000,1
0.746097,5.350000,-69.872002,-4.032000,134.705994,21.143999,2.582000,149.783005,0.000000,0.000000,0.000000,0.000000,0.000000,0.000000,0.000000,228.000000,-774.000000,-304.000000,-722.000000,305.000000,-390.000000,111.000000,22.000000,22.000000,22.000000,22.000000,22.000000,22.000000,22.000000,37.000000,36.000000,37.000000,38.000000,39.000000,40.000000,43.000000,1,1,1,1,1,1,1,0,0,0,0,0,0,0,74,5376.534180,836,0,1,0.514999,-0.005242,-0.323628,-3.117000,-0.399000,0.077000,1
0.756105,5.610000,-69.903000,-4.401000,134.677994,20.979000,2.630000,149.576996,0.000000,0.000000,0.000000,0.000000,0.000000,0.000000,0.000000,228.000000,-774.000000,-304.000000,-722.000000,305.000000,-390.000000,111.000000,22.000000,22.000000,22.000000,22.000000,22.000000,22.000000,22.000000,37.000000,36.000000,37.000000,38.000000,39.000000,40.000000,43.000000,1,1,1,1,1,1,1,0,0,0,0,0,0,0,74,5376.536133,838,0,1,0.514999,-0.006440,-0.323628,-3.117000,-0.399000,0.077000,1
0.766168,5.825000,-69.929001,-4.708000,134.653000,20.841000,2.672000,149.404999,0.000000,0.000000,0.000000,0.000000,0.000000,0.000000,0.000000,228.000000,-774.000000,-304.000000,-722.000000,305.000000,-390.000000,111.000000,22.000000,22.000000,22.000000,22.000000,22.000000,22.000000,22.000000,37.000000,36.000000,37.000000,38.000000,39.000000,40.000000,43.000000,1,1,1,1,1,1,1,0,0,0,0,0,0,0,74,5376.536133,836,0,1,0.514999,-0.007439,-0.323628,-3.117000,-0.399000,0.076000,1
0.776088,6.040000,-69.957001,-5.014000,134.626007,20.705000,2.714000,149.233002,0.000000,0.000000,0.000000,0.000000,0.000000,0.000000,0.000000,228.000000,-774.000000,-304.000000,-722.000000,305.000000,-390.000000,111.000000,22.000000,22.000000,22.000000,22.000000,22.000000,22.000000,22.000000,37.000000,36.000000,37.000000,38.000000,39.000000,40.000000,43.000000,1,1,1,1,1,1,1,0,0,0,0,0,0,0,74,5376.536133,836,0,1,0.514999,-0.008437,-0.323628,-3.117000,-0.399000,0.076000,1
0.786058,6.254000,-69.986000,-5.320000,134.598007,20.568001,2.759000,149.061005,0.000000,0.000000,0.000000,0.000000,0.000000,0.000000,0.000000,228.000000,-774.000000,-304.000000,-722.000000,305.000000,-390.000000,111.000000,22.000000,22.000000,22.000000,22.000000,22.000000,22.000000,22.000000,37.000000,36.000000,37.000000,38.000000,39.000000,40.000000,43.000000,1,1,1,1,1,1,1,0,0,0,0,0,0,0,74,5376.536133,836,0,1,0.514999,-0.009435,-0.323628,-3.117000,-0.399000,0.077000,1
0.796066,6.510000,-70.021004,-5.687000,134.561996,20.405001,2.814000,148.854996,0.000000,0.000000,0.000000,0.000000,0.000000,0.000000,0.000000,228.000000,-774.000000,-304.000000,-722.000000,305.000000,-390.000000,111.000000,22.000000,22.000000,22.000000,22.000000,22.000000,22.000000,22.000000,37.000000,36.000000,37.000000,38.000000,39.000000,40.000000,43.000000,1,1,1,1,1,1,1,0,0,0,0,0,0,0,74,5376.537109,838,0,1,0.514999,-0.010634,-0.323628,-3.117000,-0.399000,0.076000,1
0.806199,6.595000,-70.032997,-5.810000,134.548996,20.350000,2.832000,148.787003,0.000000,0.000000,0.000000,0.000000,0.000000,0.000000,0.000000,228.000000,-774.000000,-304.000000,-722.000000,305.000000,-390.000000,111.000000,22.000000,22.000000,22.000000,22.000000,22.000000,22.000000,22.000000,37.000000,36.000000,37.000000,38.000000,39.000000,40.000000,43.000000,1,1,1,1,1,1,1,0,0,0,0,0,0,0,74,5376.537109,837,0,1,0.514999,-0.011033,-0.323628,-3.117000,-0.399000,0.077000,1
0.816122,6.807000,-70.064003,-6.115000,134.516998,20.215000,2.880000,148.615005,0.000000,0.000000,0.000000,0.000000,0.000000,0.000000,0.000000,228.000000,-774.000000,-304.000000,-722.000000,305.000000,-390.000000,111.000000,22.000000,22.000000,22.000000,22.000000,22.000000,22.000000,22.000000,37.000000,36.000000,37.000000,38.000000,39.000000,40.000000,43.000000,1,1,1,1,1,1,1,0,0,0,0,0,0,0,74,5376.536133,835,0,1,0.514999,-0.012031,-0.323628,-3.117000,-0.399000,0.077000,1
0.826039,7.061000,-70.101997,-6.480000,134.477005,20.052999,2.939000,148.408997,0.000000,0.000000,0.000000,0.000000,0.000000,0.000000,0.000000,228.000000,-774.000000,-304.000000,-722.000000,305.000000,-390.000000,111.000000,22.000000,22.000000,22.000000,22.000000,22.000000,22.000000,22.000000,37.000000,36.000000,37.000000,38.000000,39.000000,40.000000,43.000000,1,1,1,1,1,1,1,0,0,0,0,0,0,0,74,5376.536133,835,0,1,0.514999,-0.013230,-0.323628,-3.117000,-0.399000,0.077000,1
0.836033,7.271000,-70.135002,-6.784000,134.442001,19.917999,2.990000,148.238007,0.000000,0.000000,0.000000,0.000000,0.000000,0.000000,0.000000,228.000000,-774.000000,-304.000000,-722.000000,305.000000,-390.000000,111.000000,22.000000,22.000000,22.000000,22.000000,22.000000,22.000000,22.000000,37.000000,36.000000,37.000000,38.000000,39.000000,40.000000,43.000000,1,1,1,1,1,1,1,0,0,0,0,0,0,0,74,5376.536133,837,0,1,0.514999,-0.014228,-0.323628,-3.117000,-0.399000,0.077000,1
0.846063,7.481000,-70.167999,-7.088000,134.404999,19.784000,3.043000,148.067001,0.000000,0.000000,0.000000,0.000000,0.000000,0.000000,0.000000,228.000000,-774.000000,-304.000000,-722.000000,305.000000,-390.000000,111.000000,22.000000,22.000000,22.000000,22.000000,22.000000,22.000000,22.000000,37.000000,36.000000,37.000000,38.000000,39.000000,40.000000,43.000000,1,1,1,1,1,1,1,0,0,0,0,0,0,0,74,5376.536133,836,0,1,0.514999,-0.015226,-0.323628,-3.117000,-0.399000,0.077000,1
0.856054,7.689000,-70.202003,-7.391000,134.367004,19.650000,3.096000,147.895996,0.000000,0.000000,0.000000,0.000000,0.000000,0.000000,0.000000,228.000000,-774.000000,-304.000000,-722.000000,305.000000,-390.000000,111.000000,22.000000,22.000000,22.000000,22.000000,22.000000,22.000000,22.000000,37.000000,36.000000,37.000000,38.000000,39.000000,40.000000,43.000000,1,1,1,1,1,1,1,0,0,0,0,0,0,0,74,5376.534180,837,0,1,0.514999,-0.016225,-0.323628,-3.117000,-0.399000,0.076000,1
0.866125,7.897000,-70.237000,-7.693000,134.326996,19.516001,3.151000,147.725006,0.000000,0.000000,0.000000,0.000000,0.000000,0.000000,0.000000,228.000000,-774.000000,-304.000000,-722.000000,305.000000,-390.000000,111.000000,22.000000,22.000000,22.000000,22.000000,22.000000,22.000000,22.000000,37.000000,36.000000,37.000000,38.000000,39.000000,40.000000,43.000000,1,1,1,1,1,1,1,0,0,0,0,0,0,0,74,5376.536133,837,0,1,0.514999,-0.017223,-0.323628,-3.117000,-0.399000,0.076000,1
0.876141,8.146000,-70.279999,-8.055000,134.278000,19.357000,3.219000,147.520004,0.000000,0.000000,0.000000,0.000000,0.000000,0.000000,0.000000,228.000000,-774.000000,-304.000000,-722.000000,305.000000,-390.000000,111.000000,22.000000,22.000000,22.000000,22.000000,22.000000,22.000000,22.000000,37.000000,36.000000,37.000000,38.000000,39.000000,40.000000,43.000000,1,1,1,1,1,1,1,0,0,0,0,0,0,0,74,5376.537109,837,0,1,0.514999,-0.018421,-0.323628,-3.116000,-0.399000,0.076000,1
0.886140,8.352000,-70.317001,-8.356000,134.235001,19.224001,3.276000,147.348999,0.000000,0.000000,0.000000,0.000000,0.000000,0.000000,0.000000,228.000000,-774.000000,-304.000000,-722.000000,305.000000,-390.000000,111.000000,22.000000,22.000000,22.000000,22.000000,22.000000,22.000000,22.000000,37.000000,36.000000,37.000000,38.000000,39.000000,40.000000,43.000000,1,1,1,1,1,1,1,0,0,0,0,0,0,0,74,5376.536133,836,0,1,0.514999,-0.019420,-0.323628,-3.117000,-0.399000,0.076000,1
0.896126,8.557000,-70.353996,-8.657000,134.190994,19.091999,3.336000,147.179001,0.000000,0.000000,0.000000,0.000000,0.000000,0.000000,0.000000,228.000000,-774.000000,-304.000000,-722.000000,305.000000,-390.000000,111.000000,22.000000,22.000000,22.000000,22.000000,22.000000,22.000000,22.000000,37.000000,36.000000,37.000000,38.000000,39.000000,40.000000,43.000000,1,1,1,1,1,1,1,0,0,0,0,0,0,0,74,5376.536133,837,0,1,0.514999,-0.020418,-0.323628,-3.117000,-0.399000,0.077000,1
0.906202,8.762000,-70.391998,-8.957000,134.145004,18.959999,3.396000,147.009003,0.000000,0.000000,0.000000,0.000000,0.000000,0.000000,0.000000,228.000000,-774.000000,-304.000000,-722.000000,305.000000,-390.000000,111.000000,22.000000,22.000000,22.000000,22.000000,22.000000,22.000000,22.000000,37.000000,36.000000,37.000000,38.000000,39.000000,40.000000,43.000000,1,1,1,1,1,1,1,0,0,0,0,0,0,0,74,5376.537109,837,0,1,0.514999,-0.021417,-0.323628,-3.117000,-0.399000,0.077000,1
0.916103,8.965000,-70.431000,-9.256000,134.098007,18.829000,3.458000,146.837997,0.000000,0.000000,0.000000,0.000000,0.000000,0.000000,0.000000,228.000000,-774.000000,-304.000000,-722.000000,305.000000,-390.000000,111.000000,22.000000,22.000000,22.000000,22.000000,22.000000,22.000000,22.000000,37.000000,36.000000,37.000000,38.000000,39.000000,40.000000,43.000000,1,1,1,1,1,1,1,0,0,0,0,0,0,0,74,5376.536133,837,0,1,0.514999,-0.022415,-0.323628,-3.117000,-0.399000,0.077000,1
0.926078,9.087000,-70.455002,-9.435000,134.069000,18.750000,3.495000,146.735992,0.000000,0.000000,0.000000,0.000000,0.000000,0.000000,0.000000,228.000000,-774.000000,-304.000000,-722.000000,305.000000,-390.000000,111.000000,22.000000,22.000000,22.000000,22.000000,22.000000,22.000000,22.000000,37.000000,36.000000,37.000000,38.000000,39.000000,40.000000,43.000000,1,1,1,1,1,1,1,0,0,0,0,0,0,0,74,5376.536133,838,0,1,0.514999,-0.023014,-0.323628,-3.117000,-0.399000,0.076000,1
0.936359,9.289000,-70.494003,-9.733000,134.018997,18.620001,3.559000,146.567001,0.000000,0.000000,0.000000,0.000000,0.000000,0.000000,0.000000,228.000000,-774.000000,-304.000000,-722.000000,305.000000,-390.000000,111.000000,22.000000,22.000000,22.000000,22.000000,22.000000,22.000000,22.000000,37.000000,36.000000,37.000000,38.000000,39.000000,40.000000,43.000000,1,1,1,1,1,1,1,0,0,0,0,0,0,0,74,5376.536133,837,0,1,0.514999,-0.024013,-0.323628,-3.117000,-0.399000,0.077000,1
0.946547,9.491000,-70.535004,-10.030000,133.968994,18.490000,3.624000,146.397003,0.000000,0.000000,0.000000,0.000000,0.000000,0.000000,0.000000,228.000000,-774.000000,-304.000000,-722.000000,305.000000,-390.000000,111.000000,22.000000,22.000000,22.000000,22.000000,22.000000,22.000000,22.000000,37.000000,36.000000,37.000000,38.000000,39.000000,40.000000,43.000000,1,1,1,1,1,1,1,0,0,0,0,0,0,0,74,5376.537109,837,0,1,0.514999,-0.025011,-0.323628,-3.117000,-0.399000,0.076000,1
0.956538,9.731000,-70.584000,-10.386000,133.906006,18.334000,3.704000,146.192993,0.000000,0.000000,0.000000,0.000000,0.000000,0.000000,0.000000,228.000000,-774.000000,-304.000000,-722.000000,305.000000,-390.000000,111.000000,22.000000,22.000000,22.000000,22.000000,22.000000,22.000000,22.000000,37.000000,36.000000,37.000000,38.000000,39.000000,40.000000,43.000000,1,1,1,1,1,1,1,0,0,0,0,0,0,0,74,5376.537109,836,0,1,0.514999,-0.026209,-0.323628,-3.117000,-0.399000,0.076000,1
0.966152,9.931000,-70.625999,-10.682000,133.850998,18.205000,3.772000,146.024002,0.000000,0.000000,0.000000,0.000000,0.000000,0.000000,0.000000,228.000000,-774.000000,-304.000000,-722.000000,305.000000,-390.000000,111.000000,22.000000,22.000000,22.000000,22.000000,22.000000,22.000000,22.000000,37.000000,36.000000,37.000000,38.000000,39.000000,40.000000,43.000000,1,1,1,1,1,1,1,0,0,0,0,0,0,0,74,5376.537109,837,0,1,0.514999,-0.027208,-0.323628,-3.117000,-0.399000,0.076000,1
0.976159,10.130000,-70.668999,-10.977000,133.796005,18.077000,3.840000,145.854996,0.000000,0.000000,0.000000,0.000000,0.000000,0.000000,0.000000,228.000000,-774.000000,-304.000000,-722.000000,305.000000,-390.000000,111.000000,22.000000,22.000000,22.000000,22.000000,22.000000,22.000000,22.000000,37.000000,36.000000,37.000000,38.000000,39.000000,40.000000,43.000000,1,1,1,1,1,1,1,0,0,0,0,0,0,0,74,5376.536133,835,0,1,0.514999,-0.028206,-0.323628,-3.117000,-0.399000,0.076000,1
0.986149,10.325000,-70.710999,-11.267000,133.740005,17.951000,3.910000,145.688004,0.000000,0.000000,0.000000,0.000000,0.000000,0.000000,0.000000,228.000000,-774.000000,-304.000000,-722.000000,305.000000,-390.000000,111.000000,22.000000,22.000000,22.000000,22.000000,22.000000,22.000000,22.000000,37.000000,36.000000,37.000000,38.000000,39.000000,40.000000,43.000000,1,1,1,1,1,1,1,0,0,0,0,0,0,0,74,5376.536133,837,0,1,0.514999,-0.029190,-0.323628,-3.117000,-0.399000,0.076000,1
0.996244,10.542000,-70.760002,-11.590000,133.675003,17.812000,3.989000,145.500000,0.000000,0.000000,0.000000,0.000000,0.000000,0.000000,0.000000,228.000000,-774.000000,-304.000000,-722.000000,305.000000,-390.000000,111.000000,22.000000,22.000000,22.000000,22.000000,22.000000,22.000000,22.000000,37.000000,36.000000,37.000000,38.000000,39.000000,40.000000,43.000000,1,1,1,1,1,1,1,0,0,0,0,0,0,0,74,5376.536133,835,0,1,0.514999,-0.030292,-0.323628,-3.117000,-0.399000,0.076000,1
1.006209,10.608000,-70.775002,-11.689000,133.654999,17.771000,4.013000,145.442001,0.000000,0.000000,0.000000,0.000000,0.000000,0.000000,0.000000,228.000000,-774.000000,-304.000000,-722.000000,305.000000,-390.000000,111.000000,22.000000,22.000000,22.000000,22.000000,22.000000,22.000000,22.000000,37.000000,36.000000,37.000000,38.000000,39.000000,40.000000,43.000000,1,1,1,1,1,1,1,0,0,0,0,0,0,0,74,5376.537109,836,0,1,0.514999,-0.030628,-0.323628,-3.116000,-0.399000,0.076000,1
1.016115,10.756000,-70.807999,-11.909000,133.610001,17.679001,4.068000,145.311005,0.000000,0.000000,0.000000,0.000000,0.000000,0.000000,0.000000,228.000000,-774.000000,-304.000000,-722.000000,305.000000,-390.000000,111.000000,22.000000,22.000000,22.000000,22.000000,22.000000,22.000000,22.000000,37.000000,36.000000,37.000000,38.000000,39.000000,40.000000,43.000000,1,1,1,1,1,1,1,0,0,0,0,0,0,0,74,5376.536133,837,0,1,0.514999,-0.031381,-0.323628,-3.117000,-0.399000,0.077000,1
1.026094,10.874000,-70.834999,-12.087000,133.572998,17.610001,4.113000,145.201996,0.000000,0.000000,0.000000,0.000000,0.000000,0.000000,0.000000,228.000000,-774.000000,-304.000000,-722.000000,305.000000,-390.000000,111.000000,22.000000,22.000000,22.000000,22.000000,22.000000,22.000000,22.000000,37.000000,36.000000,37.000000,38.000000,39.000000,40.000000,43.000000,1,1,1,1,1,1,1,0,0,0,0,0,0,0,74,5376.534180,836,0,1,0.515000,-0.031989,-0.323628,-3.117000,-0.400000,0.077000,1
1.036068,10.976000,-70.859001,-12.240000,133.539993,17.556000,4.153000,145.100998,0.000000,0.000000,0.000000,0.000000,0.000000,0.000000,0.000000,228.000000,-774.000000,-304.000000,-722.000000,305.000000,-390.000000,111.000000,22.000000,22.000000,22.000000,22.000000,22.000000,22.000000,22.000000,37.000000,36.000000,37.000000,38.000000,39.000000,40.000000,43.000000,1,1,1,1,1,1,1,0,0,0,0,0,0,0,74,5376.537109,837,0,1,0.515000,-0.032513,-0.323628,-3.117000,-0.400000,0.077000,1
1.046125,11.028000,-70.871002,-12.320000,133.522995,17.534000,4.173000,145.042007,0.000000,0.000000,0.000000,0.000000,0.000000,0.000000,0.000000,228.000000,-774.000000,-304.000000,-722.000000,305.000000,-390.000000,111.000000,22.000000,22.000000,22.000000,22.000000,22.000000,22.000000,22.000000,37.000000,36.000000,37.000000,38.000000,39.000000,40.000000,43.000000,1,1,1,1,1,1,1,0,0,0,0,0,0,0,74,5376.536133,838,0,1,0.514999,-0.032787,-0.323628,-3.117000,-0.399000,0.076000,1
1.056324,11.047000,-70.875999,-12.350000,133.516998,17.530001,4.181000,145.016006,0.000000,0.000000,0.000000,0.000000,0.000000,0.000000,0.000000,228.000000,-774.000000,-304.000000,-722.000000,305.000000,-390.000000,111.000000,22.000000,22.000000,22.000000,22.000000,22.000000,22.000000,22.000000,37.000000,36.000000,37.000000,38.000000,39.000000,40.000000,43.000000,1,1,1,1,1,1,1,0,0,0,0,0,0,0,74,5376.537109,836,0,1,0.514999,-0.032889,-0.323628,-3.117000,-0.399000,0.077000,1
1.066158,11.047000,-70.875999,-12.350000,133.516998,17.530001,4.181000,145.016006,0.000000,0.000000,0.000000,0.000000,0.000000,0.000000,0.000000,228.000000,-774.000000,-304.000000,-722.000000,305.000000,-390.000000,111.000000,22.000000,22.000000,22.000000,22.000000,22.000000,22.000000,22.000000,37.000000,36.000000,37.000000,38.000000,39.000000,40.000000,43.000000,1,1,1,1,1,1,1,0,0,0,0,0,0,0,74,5376.537109,836,0,1,0.514999,-0.032889,-0.323628,-3.117000,-0.399000,0.077000,1
1.076151,11.065000,-70.879997,-12.378000,133.511002,17.538000,4.189000,144.979996,0.000000,0.000000,0.000000,0.000000,0.000000,0.000000,0.000000,228.000000,-774.000000,-304.000000,-722.000000,305.000000,-390.000000,111.000000,22.000000,22.000000,22.000000,22.000000,22.000000,22.000000,22.000000,37.000000,36.000000,37.000000,38.000000,39.000000,40.000000,43.000000,1,1,1,1,1,1,1,0,0,0,0,0,0,0,74,5376.536133,836,0,1,0.514999,-0.032985,-0.323628,-3.117000,-0.400000,0.076000,1
1.086129,11.066000,-70.879997,-12.383000,133.509995,17.555000,4.190000,144.960007,0.000000,0.000000,0.000000,0.000000,0.000000,0.000000,0.000000,228.000000,-774.000000,-304.000000,-722.000000,305.000000,-390.000000,111.000000,22.000000,22.000000,22.000000,22.000000,22.000000,22.000000,22.000000,37.000000,36.000000,37.000000,38.000000,39.000000,40.000000,43.000000,1,1,1,1,1,1,1,0,0,0,0,0,0,0,74,5376.537109,837,0,1,0.514999,-0.032999,-0.323628,-3.117000,-0.400000,0.077000,1
1.096167,11.064000,-70.877998,-12.383000,133.507004,17.577000,4.193000,144.938995,0.000000,0.000000,0.000000,0.000000,0.000000,0.000000,0.000000,228.000000,-774.000000,-304.000000,-722.000000,305.000000,-390.000000,111.000000,22.000000,22.000000,22.000000,22.000000,22.000000,22.000000,22.000000,37.000000,36.000000,37.000000,38.000000,39.000000,40.000000,43.000000,1,1,1,1,1,1,1,0,0,0,0,0,0,0,74,5376.536133,837,0,1,0.515012,-0.032999,-0.323628,-3.117000,-0.400000,0.077000,1
1.106150,11.060000,-70.867996,-12.381000,133.490005,17.597000,4.201000,144.923004,0.000000,0.000000,0.000000,0.000000,0.000000,0.000000,0.000000,228.000000,-774.000000,-304.000000,-722.000000,305.000000,-390.000000,111.000000,22.000000,22.000000,22.000000,22.000000,22.000000,22.000000,22.000000,37.000000,36.000000,37.000000,38.000000,39.000000,40.000000,43.000000,1,1,1,1,1,1,1,0,0,0,0,0,0,0,74,5376.536133,838,0,1,0.515075,-0.032999,-0.323628,-3.117000,-0.399000,0.077000,1
1.116194,11.052000,-70.845001,-12.376000,133.449005,17.620001,4.222000,144.910995,0.000000,0.000000,0.000000,0.000000,0.000000,0.000000,0.000000,228.000000,-774.000000,-304.000000,-722.000000,305.000000,-390.000000,111.000000,22.000000,22.000000,22.000000,22.000000,22.000000,22.000000,22.000000,37.000000,36.000000,37.000000,38.000000,39.000000,40.000000,43.000000,1,1,1,1,1,1,1,0,0,0,0,0,0,0,74,5376.536133,838,0,1,0.515232,-0.033000,-0.323628,-3.117000,-0.399000,0.077000,1
1.126128,11.034000,-70.790001,-12.363000,133.354996,17.653000,4.269000,144.903000,0.000000,0.000000,0.000000,0.000000,0.000000,0.000000,0.000000,228.000000,-774.000000,-304.000000,-722.000000,305.000000,-390.000000,111.000000,22.000000,22.000000,22.000000,22.000000,22.000000,22.000000,22.000000,37.000000,36.000000,37.000000,38.000000,39.000000,40.000000,43.000000,1,1,1,1,1,1,1,0,0,0,0,0,0,0,74,5376.537109,837,0,1,0.515595,-0.032999,-0.323628,-3.117000,-0.400000,0.077000,1
1.136202,11.010000,-70.719002,-12.347000,133.231995,17.684999,4.330000,144.904007,0.000000,0.000000,0.000000,0.000000,0.000000,0.000000,0.000000,228.000000,-774.000000,-304.000000,-722.000000,305.000000,-390.000000,111.000000,22.000000,22.000000,22.000000,22.000000,22.000000,22.000000,22.000000,37.000000,36.000000,37.000000,38.000000,39.000000,40.000000,43.000000,1,1,1,1,1,1,1,0,0,0,0,0,0,0,74,5376.536133,837,0,1,0.516066,-0.032999,-0.323628,-3.116000,-0.399000,0.077000,1
1.146279,10.999000,-70.683998,-12.338000,133.171005,17.700001,4.360000,144.904999,0.000000,0.000000,0.000000,0.000000,0.000000,0.000000,0.000000,228.000000,-774.000000,-304.000000,-722.000000,305.000000,-390.000000,111.000000,22.000000,22.000000,22.000000,22.000000,22.000000,22.000000,22.000000,37.000000,36.000000,37.000000,38.000000,39.000000,40.000000,43.000000,1,1,1,1,1,1,1,0,0,0,0,0,0,0,74,5376.536133,836,0,1,0.516300,-0.032999,-0.323627,-3.117000,-0.400000,0.076000,1
1.156119,10.958000,-70.556999,-12.309000,132.951004,17.747000,4.470000,144.916000,0.000000,0.000000,0.000000,0.000000,0.000000,0.000000,0.000000,228.000000,-774.000000,-304.000000,-722.000000,305.000000,-390.000000,111.000000,22.000000,22.000000,22.000000,22.000000,22.000000,22.000000,22.000000,37.000000,36.000000,37.000000,38.000000,39.000000,40.000000,43.000000,1,1,1,1,1,1,1,0,0,0,0,0,0,0,74,5376.536133,837,0,1,0.517145,-0.032999,-0.323628,-3.117000,-0.400000,0.076000,1
1.166070,10.917000,-70.430000,-12.279000,132.729004,17.790001,4.580000,144.931000,0.000000,0.000000,0.000000,0.000000,0.000000,0.000000,0.000000,228.000000,-774.000000,-304.000000,-722.000000,305.000000,-390.000000,111.000000,22.000000,22.000000,22.000000,22.000000,22.000000,22.000000,22.000000,37.000000,36.000000,37.000000,38.000000,39.000000,40.000000,43.000000,1,1,1,1,1,1,1,0,0,0,0,0,0,0,74,5376.536133,837,0,1,0.517994,-0.032999,-0.323628,-3.117000,-0.400000,0.077000,1
1.176137,10.917000,-70.430000,-12.279000,132.729004,17.790001,4.580000,144.931000,0.000000,0.000000,0.000000,0.000000,0.000000,0.000000,0.000000,228.000000,-774.000000,-304.000000,-722.000000,305.000000,-390.000000,111.000000,22.000000,22.000000,22.000000,22.000000,22.000000,22.000000,22.000000,37.000000,36.000000,37.000000,38.000000,39.000000,40.000000,43.000000,1,1,1,1,1,1,1,0,0,0,0,0,0,0,74,5376.536133,837,0,1,0.517994,-0.032999,-0.323628,-3.117000,-0.400000,0.077000,1
1.186089,10.872000,-70.289001,-12.247000,132.483002,17.837000,4.703000,144.949005,0.000000,0.000000,0.000000,0.000000,0.000000,0.000000,0.000000,228.000000,-774.000000,-304.000000,-722.000000,305.000000,-390.000000,111.000000,22.000000,22.000000,22.000000,22.000000,22.000000,22.000000,22.000000,37.000000,36.000000,37.000000,38.000000,39.000000,40.000000,43.000000,1,1,1,1,1,1,1,0,0,0,0,0,0,0,74,5376.537109,837,0,1,0.518937,-0.032999,-0.323628,-3.117000,-0.400000,0.077000,1
1.196074,10.824000,-70.139999,-12.214000,132.223007,17.884001,4.833000,144.970001,0.000000,0.000000,0.000000,0.000000,0.000000,0.000000,0.000000,228.000000,-774.000000,-304.000000,-722.000000,305.000000,-390.000000,111.000000,22.000000,22.000000,22.000000,22.000000,22.000000,22.000000,22.000000,37.000000,36.000000,37.000000,38.000000,39.000000,40.000000,43.000000,1,1,1,1,1,1,1,0,0,0,0,0,0,0,74,5376.536133,838,0,1,0.519931,-0.032999,-0.323628,-3.117000,-0.400000,0.077000,1
1.206199,10.765000,-69.959999,-12.174000,131.906998,17.941000,4.991000,144.994003,0.000000,0.000000,0.000000,0.000000,0.000000,0.000000,0.000000,228.000000,-774.000000,-304.000000,-722.000000,305.000000,-390.000000,111.000000,22.000000,22.000000,22.000000,22.000000,22.000000,22.000000,22.000000,37.000000,36.000000,37.000000,38.000000,39.000000,40.000000,43.000000,1,1,1,1,1,1,1,0,0,0,0,0,0,0,74,5376.536133,837,0,1,0.521134,-0.032999,-0.323628,-3.117000,-0.400000,0.076000,1
1.216153,10.716000,-69.809998,-12.141000,131.643997,17.988001,5.123000,145.014999,0.000000,0.000000,0.000000,0.000000,0.000000,0.000000,0.000000,228.000000,-774.000000,-304.000000,-722.000000,305.000000,-390.000000,111.000000,22.000000,22.000000,22.000000,22.000000,22.000000,22.000000,22.000000,37.000000,36.000000,37.000000,38.000000,39.000000,40.000000,43.000000,1,1,1,1,1,1,1,0,0,0,0,0,0,0,74,5376.537109,837,0,1,0.522136,-0.032999,-0.323628,-3.116000,-0.399000,0.076000,1
1.226171,10.668000,-69.660004,-12.109000,131.380997,18.034000,5.255000,145.035995,0.000000,0.000000,0.000000,0.000000,0.000000,0.000000,0.000000,228.000000,-774.000000,-304.000000,-722.000000,305.000000,-390.000000,111.000000,22.000000,22.000000,22.000000,22.000000,22.000000,22.000000,22.000000,37.000000,36.000000,37.000000,38.000000,39.000000,40.000000,43.000000,1,1,1,1,1,1,1,0,0,0,0,0,0,0,74,5376.536133,837,0,1,0.523139,-0.033000,-0.323627,-3.117000,-0.400000,0.077000,1
1.236126,10.609000,-69.480003,-12.071000,131.063995,18.090000,5.415000,145.061005,0.000000,0.000000,0.000000,0.000000,0.000000,0.000000,0.000000,228.000000,-774.000000,-304.000000,-722.000000,305.000000,-390.000000,111.000000,22.000000,22.000000,22.000000,22.000000,22.000000,22.000000,22.000000,37.000000,36.000000,37.000000,38.000000,39.000000,40.000000,43.000000,1,1,1,1,1,1,1,0,0,0,0,0,0,0,74,5376.534180,837,0,1,0.524342,-0.033000,-0.323628,-3.117000,-0.400000,0.077000,1
1.246127,10.560000,-69.330002,-12.040000,130.800003,18.136000,5.548000,145.082001,0.000000,0.000000,0.000000,0.000000,0.000000,0.000000,0.000000,228.000000,-774.000000,-304.000000,-722.000000,305.000000,-390.000000,111.000000,22.000000,22.000000,22.000000,22.000000,22.000000,22.000000,22.000000,37.000000,36.000000,37.000000,38.000000,39.000000,40.000000,43.000000,1,1,1,1,1,1,1,0,0,0,0,0,0,0,74,5376.536133,836,0,1,0.525344,-0.033000,-0.323627,-3.117000,-0.400000,0.077000,1
1.256054,10.530000,-69.239998,-12.021000,130.641006,18.163000,5.628000,145.093994,0.000000,0.000000,0.000000,0.000000,0.000000,0.000000,0.000000,228.000000,-774.000000,-304.000000,-722.000000,305.000000,-390.000000,111.000000,22.000000,22.000000,22.000000,22.000000,22.000000,22.000000,22.000000,37.000000,36.000000,37.000000,38.000000,39.000000,40.000000,43.000000,1,1,1,1,1,1,1,0,0,0,0,0,0,0,74,5376.536133,836,0,1,0.525946,-0.033000,-0.323627,-3.117000,-0.400000,0.077000,1
1.266113,10.530000,-69.239998,-12.021000,130.641006,18.163000,5.628000,145.093994,0.000000,0.000000,0.000000,0.000000,0.000000,0.000000,0.000000,228.000000,-774.000000,-304.000000,-722.000000,305.000000,-390.000000,111.000000,22.000000,22.000000,22.000000,22.000000,22.000000,22.000000,22.000000,37.000000,36.000000,37.000000,38.000000,39.000000,40.000000,43.000000,1,1,1,1,1,1,1,0,0,0,0,0,0,0,74,5376.536133,836,0,1,0.525946,-0.033000,-0.323627,-3.117000,-0.400000,0.077000,1
1.276105,10.481000,-69.089996,-11.991000,130.376007,18.209000,5.762000,145.115005,0.000000,0.000000,0.000000,0.000000,0.000000,0.000000,0.000000,228.000000,-774.000000,-304.000000,-722.000000,305.000000,-390.000000,111.000000,22.000000,22.000000,22.000000,22.000000,22.000000,22.000000,22.000000,37.000000,36.000000,37.000000,38.000000,39.000000,40.000000,43.000000,1,1,1,1,1,1,1,0,0,0,0,0,0,0,74,5376.536133,836,0,1,0.526948,-0.033000,-0.323627,-3.117000,-0.400000,0.076000,1
1.286109,10.421000,-68.910004,-11.955000,130.057999,18.263000,5.924000,145.141006,0.000000,0.000000,0.000000,0.000000,0.000000,0.000000,0.000000,228.000000,-774.000000,-304.000000,-722.000000,305.000000,-390.000000,111.000000,22.000000,22.000000,22.000000,22.000000,22.000000,22.000000,22.000000,37.000000,36.000000,37.000000,38.000000,39.000000,40.000000,43.000000,1,1,1,1,1,1,1,0,0,0,0,0,0,0,74,5376.536133,837,0,1,0.528151,-0.033000,-0.323627,-3.117000,-0.400000,0.076000,1
1.296041,10.372000,-68.761002,-11.926000,129.792007,18.306999,6.058000,145.162003,0.000000,0.000000,0.000000,0.000000,0.000000,0.000000,0.000000,228.000000,-774.000000,-304.000000,-722.000000,305.000000,-390.000000,111.000000,22.000000,22.000000,22.000000,22.000000,22.000000,22.000000,22.000000,37.000000,36.000000,37.000000,38.000000,39.000000,40.000000,43.000000,1,1,1,1,1,1,1,0,0,0,0,0,0,0,74,5376.536133,835,0,1,0.529153,-0.033000,-0.323627,-3.117000,-0.400000,0.077000,1
1.306203,10.322000,-68.611000,-11.897000,129.526001,18.351999,6.194000,145.182999,0.000000,0.000000,0.000000,0.000000,0.000000,0.000000,0.000000,228.000000,-774.000000,-304.000000,-722.000000,305.000000,-390.000000,111.000000,22.000000,22.000000,22.000000,22.000000,22.000000,22.000000,22.000000,37.000000,36.000000,37.000000,38.000000,39.000000,40.000000,43.000000,1,1,1,1,1,1,1,0,0,0,0,0,0,0,74,5376.536133,837,0,1,0.530155,-0.032999,-0.323628,-3.116000,-0.399000,0.077000,1
1.316133,10.272000,-68.460999,-11.869000,129.259995,18.396000,6.329000,145.205002,0.000000,0.000000,0.000000,0.000000,0.000000,0.000000,0.000000,228.000000,-774.000000,-304.000000,-722.000000,305.000000,-390.000000,111.000000,22.000000,22.000000,22.000000,22.000000,22.000000,22.000000,22.000000,37.000000,36.000000,37.000000,38.000000,39.000000,40.000000,43.000000,1,1,1,1,1,1,1,0,0,0,0,0,0,0,74,5376.537109,836,0,1,0.531158,-0.033000,-0.323627,-3.117000,-0.400000,0.076000,1
1.326131,10.242000,-68.372002,-11.852000,129.100006,18.422001,6.411000,145.216995,0.000000,0.000000,0.000000,0.000000,0.000000,0.000000,0.000000,228.000000,-774.000000,-304.000000,-722.000000,305.000000,-390.000000,111.000000,22.000000,22.000000,22.000000,22.000000,22.000000,22.000000,22.000000,37.000000,36.000000,37.000000,38.000000,39.000000,40.000000,43.000000,1,1,1,1,1,1,1,0,0,0,0,0,0,0,74,5376.537109,837,0,1,0.531759,-0.033000,-0.323627,-3.117000,-0.400000,0.077000,1
1.336099,10.202000,-68.251999,-11.830000,128.886002,18.457001,6.520000,145.235001,0.000000,0.000000,0.000000,0.000000,0.000000,0.000000,0.000000,228.000000,-774.000000,-304.000000,-722.000000,305.000000,-390.000000,111.000000,22.000000,22.000000,22.000000,22.000000,22.000000,22.000000,22.000000,37.000000,36.000000,37.000000,38.000000,39.000000,40.000000,43.000000,1,1,1,1,1,1,1,0,0,0,0,0,0,0,74,5376.536133,837,0,1,0.532561,-0.033000,-0.323627,-3.117000,-0.400000,0.077000,1
1.346218,10.142000,-68.071999,-11.797000,128.565002,18.510000,6.684000,145.259995,0.000000,0.000000,0.000000,0.000000,0.000000,0.000000,0.000000,228.000000,-774.000000,-304.000000,-722.000000,305.000000,-390.000000,111.000000,22.000000,22.000000,22.000000,22.000000,22.000000,22.000000,22.000000,37.000000,36.000000,37.000000,38.000000,39.000000,40.000000,43.000000,1,1,1,1,1,1,1,0,0,0,0,0,0,0,74,5376.536133,837,0,1,0.533763,-0.032999,-0.323628,-3.116000,-0.399000,0.076000,1
1.356094,10.091000,-67.922997,-11.770000,128.298004,18.552999,6.821000,145.281998,0.000000,0.000000,0.000000,0.000000,0.000000,0.000000,0.000000,228.000000,-774.000000,-304.000000,-722.000000,305.000000,-390.000000,111.000000,22.000000,22.000000,22.000000,22.000000,22.000000,22.000000,22.000000,37.000000,36.000000,37.000000,38.000000,39.000000,40.000000,43.000000,1,1,1,1,1,1,1,0,0,0,0,0,0,0,74,5376.536133,836,0,1,0.534766,-0.032999,-0.323628,-3.116000,-0.399000,0.076000,1
1.366075,10.041000,-67.773003,-11.744000,128.029999,18.596001,6.959000,145.302994,0.000000,0.000000,0.000000,0.000000,0.000000,0.000000,0.000000,228.000000,-774.000000,-304.000000,-722.000000,305.000000,-390.000000,111.000000,22.000000,22.000000,22.000000,22.000000,22.000000,22.000000,22.000000,37.000000,36.000000,37.000000,38.000000,39.000000,40.000000,43.000000,1,1,1,1,1,1,1,0,0,0,0,0,0,0,74,5376.537109,836,0,1,0.535768,-0.032999,-0.323628,-3.116000,-0.399000,0.077000,1
1.376190,9.990000,-67.624001,-11.718000,127.761002,18.639000,7.096000,145.324997,0.000000,0.000000,0.000000,0.000000,0.000000,0.000000,0.000000,228.000000,-774.000000,-304.000000,-722.000000,305.000000,-390.000000,111.000000,22.000000,22.000000,22.000000,22.000000,22.000000,22.000000,22.000000,37.000000,36.000000,37.000000,38.000000,39.000000,40.000000,43.000000,1,1,1,1,1,1,1,0,0,0,0,0,0,0,74,5376.536133,836,0,1,0.536771,-0.033000,-0.323627,-3.117000,-0.400000,0.077000,1
1.386096,9.929000,-67.444000,-11.687000,127.439003,18.688999,7.262000,145.350998,0.000000,0.000000,0.000000,0.000000,0.000000,0.000000,0.000000,228.000000,-774.000000,-304.000000,-722.000000,305.000000,-390.000000,111.000000,22.000000,22.000000,22.000000,22.000000,22.000000,22.000000,22.000000,37.000000,36.000000,37.000000,38.000000,39.000000,40.000000,43.000000,1,1,1,1,1,1,1,0,0,0,0,0,0,0,74,5376.536133,836,0,1,0.537974,-0.033000,-0.323628,-3.117000,-0.400000,0.077000,1
1.396136,9.929000,-67.444000,-11.687000,127.439003,18.688999,7.262000,145.350998,0.000000,0.000000,0.000000,0.000000,0.000000,0.000000,0.000000,228.000000,-774.000000,-304.000000,-722.000000,305.000000,-390.000000,111.000000,22.000000,22.000000,22.000000,22.000000,22.000000,22.000000,22.000000,37.000000,36.000000,37.000000,38.000000,39.000000,40.000000,43.000000,1,1,1,1,1,1,1,0,0,0,0,0,0,0,74,5376.536133,837,0,1,0.537974,-0.033000,-0.323628,-3.117000,-0.400000,0.077000,1
1.406146,9.879000,-67.293999,-11.662000,127.168999,18.731001,7.401000,145.373993,0.000000,0.000000,0.000000,0.000000,0.000000,0.000000,0.000000,228.000000,-774.000000,-304.000000,-722.000000,305.000000,-390.000000,111.000000,22.000000,22.000000,22.000000,22.000000,22.000000,22.000000,22.000000,37.000000,36.000000,37.000000,38.000000,39.000000,40.000000,43.000000,1,1,1,1,1,1,1,0,0,0,0,0,0,0,74,5376.534180,836,0,1,0.538976,-0.033000,-0.323628,-3.117000,-0.400000,0.077000,1
1.416092,9.817000,-67.114998,-11.633000,126.846001,18.781000,7.568000,145.399994,0.000000,0.000000,0.000000,0.000000,0.000000,0.000000,0.000000,228.000000,-774.000000,-304.000000,-722.000000,305.000000,-390.000000,111.000000,22.000000,22.000000,22.000000,22.000000,22.000000,22.000000,22.000000,37.000000,36.000000,37.000000,38.000000,39.000000,40.000000,43.000000,1,1,1,1,1,1,1,0,0,0,0,0,0,0,74,5376.536133,837,0,1,0.540179,-0.033000,-0.323628,-3.117000,-0.400000,0.076000,1
1.426122,9.766000,-66.964996,-11.608000,126.574997,18.823000,7.708000,145.423004,0.000000,0.000000,0.000000,0.000000,0.000000,0.000000,0.000000,228.000000,-774.000000,-304.000000,-722.000000,305.000000,-390.000000,111.000000,22.000000,22.000000,22.000000,22.000000,22.000000,22.000000,22.000000,37.000000,36.000000,37.000000,38.000000,39.000000,40.000000,43.000000,1,1,1,1,1,1,1,0,0,0,0,0,0,0,74,5376.538086,837,0,1,0.541181,-0.032999,-0.323628,-3.117000,-0.399000,0.077000,1
1.436134,9.715000,-66.816002,-11.585000,126.305000,18.864000,7.848000,145.445007,0.000000,0.000000,0.000000,0.000000,0.000000,0.000000,0.000000,228.000000,-774.000000,-304.000000,-722.000000,305.000000,-390.000000,111.000000,22.000000,22.000000,22.000000,22.000000,22.000000,22.000000,22.000000,37.000000,36.000000,37.000000,38.000000,39.000000,40.000000,43.000000,1,1,1,1,1,1,1,0,0,0,0,0,0,0,74,5376.536133,837,0,1,0.542184,-0.033000,-0.323627,-3.117000,-0.400000,0.077000,1
1.446460,9.654000,-66.636002,-11.557000,125.980003,18.913000,8.016000,145.472000,0.000000,0.000000,0.000000,0.000000,0.000000,0.000000,0.000000,228.000000,-774.000000,-304.000000,-722.000000,305.000000,-390.000000,111.000000,22.000000,22.000000,22.000000,22.000000,22.000000,22.000000,22.000000,37.000000,36.000000,37.000000,38.000000,39.000000,40.000000,43.000000,1,1,1,1,1,1,1,0,0,0,0,0,0,0,74,5376.536133,835,0,1,0.543387,-0.033000,-0.323627,-3.117000,-0.400000,0.076000,1
1.456102,9.602000,-66.486000,-11.534000,125.708000,18.954000,8.157000,145.494995,0.000000,0.000000,0.000000,0.000000,0.000000,0.000000,0.000000,228.000000,-774.000000,-304.000000,-722.000000,305.000000,-390.000000,111.000000,22.000000,22.000000,22.000000,22.000000,22.000000,22.000000,22.000000,37.000000,36.000000,37.000000,38.000000,39.000000,40.000000,43.000000,1,1,1,1,1,1,1,0,0,0,0,0,0,0,74,5376.534180,837,0,1,0.544389,-0.033000,-0.323627,-3.117000,-0.400000,0.076000,1
1.466115,9.602000,-66.486000,-11.534000,125.708000,18.954000,8.157000,145.494995,0.000000,0.000000,0.000000,0.000000,0.000000,0.000000,0.000000,228.000000,-774.000000,-304.000000,-722.000000,305.000000,-390.000000,111.000000,22.000000,22.000000,22.000000,22.000000,22.000000,22.000000,22.000000,37.000000,36.000000,37.000000,38.000000,39.000000,40.000000,43.000000,1,1,1,1,1,1,1,0,0,0,0,0,0,0,74,5376.536133,837,0,1,0.544389,-0.033000,-0.323627,-3.117000,-0.400000,0.076000,1
1.476186,9.561000,-66.366997,-11.516000,125.490997,18.986000,8.270000,145.514008,0.000000,0.000000,0.000000,0.000000,0.000000,0.000000,0.000000,228.000000,-774.000000,-304.000000,-722.000000,305.000000,-390.000000,111.000000,22.000000,22.000000,22.000000,22.000000,22.000000,22.000000,22.000000,37.000000,36.000000,37.000000,38.000000,39.000000,40.000000,43.000000,1,1,1,1,1,1,1,0,0,0,0,0,0,0,74,5376.537109,836,0,1,0.545191,-0.033000,-0.323627,-3.117000,-0.400000,0.077000,1
1.486103,9.499000,-66.186996,-11.489000,125.164001,19.034000,8.439000,145.542007,0.000000,0.000000,0.000000,0.000000,0.000000,0.000000,0.000000,228.000000,-774.000000,-304.000000,-722.000000,305.000000,-390.000000,111.000000,22.000000,22.000000,22.000000,22.000000,22.000000,22.000000,22.000000,37.000000,36.000000,37.000000,38.000000,39.000000,40.000000,43.000000,1,1,1,1,1,1,1,0,0,0,0,0,0,0,74,5376.536133,836,0,1,0.546394,-0.033000,-0.323627,-3.117000,-0.400000,0.076000,1
1.496039,9.447000,-66.037003,-11.467000,124.891998,19.073999,8.581000,145.565002,0.000000,0.000000,0.000000,0.000000,0.000000,0.000000,0.000000,228.000000,-774.000000,-304.000000,-722.000000,305.000000,-390.000000,111.000000,22.000000,22.000000,22.000000,22.000000,22.000000,22.000000,22.000000,37.000000,36.000000,37.000000,38.000000,39.000000,40.000000,43.000000,1,1,1,1,1,1,1,0,0,0,0,0,0,0,74,5376.534180,836,0,1,0.547396,-0.032999,-0.323628,-3.117000,-0.399000,0.076000,1
1.506126,9.385000,-65.858002,-11.442000,124.564003,19.121000,8.752000,145.593002,0.000000,0.000000,0.000000,0.000000,0.000000,0.000000,0.000000,228.000000,-774.000000,-304.000000,-722.000000,305.000000,-390.000000,111.000000,22.000000,22.000000,22.000000,22.000000,22.000000,22.000000,22.000000,37.000000,36.000000,37.000000,38.000000,39.000000,40.000000,43.000000,1,1,1,1,1,1,1,0,0,0,0,0,0,0,74,5376.537109,836,0,1,0.548598,-0.032999,-0.323628,-3.116000,-0.399000,0.076000,1
1.517140,9.334000,-65.708000,-11.421000,124.291000,19.159000,8.895000,145.617004,0.000000,0.000000,0.000000,0.000000,0.000000,0.000000,0.000000,228.000000,-774.000000,-304.000000,-722.000000,305.000000,-390.000000,111.000000,22.000000,22.000000,22.000000,22.000000,22.000000,22.000000,22.000000,37.000000,36.000000,37.000000,38.000000,39.000000,40.000000,43.000000,1,1,1,1,1,1,1,0,0,0,0,0,0,0,74,5376.536133,838,0,1,0.549599,-0.033001,-0.323628,-3.116000,-0.399000,0.076000,0
1.527126,9.284000,-65.558998,-11.403000,124.016998,19.197001,9.038000,145.639008,0.000000,0.000000,0.000000,0.000000,0.000000,0.000000,0.000000,228.000000,-774.000000,-304.000000,-722.000000,305.000000,-390.000000,111.000000,22.000000,22.000000,22.000000,22.000000,22.000000,22.000000,22.000000,37.000000,36.000000,37.000000,38.000000,39.000000,40.000000,43.000000,1,1,1,1,1,1,1,0,0,0,0,0,0,0,74,5376.536133,835,0,1,0.550599,-0.033011,-0.323627,-3.117000,-0.400000,0.077000,0
1.537093,9.274000,-65.528999,-11.400000,123.962997,19.204000,9.067000,145.643997,0.000000,0.000000,0.000000,0.000000,0.000000,0.000000,0.000000,228.000000,-774.000000,-304.000000,-722.000000,305.000000,-390.000000,111.000000,22.000000,22.000000,22.000000,22.000000,22.000000,22.000000,22.000000,37.000000,36.000000,37.000000,38.000000,39.000000,40.000000,43.000000,1,1,1,1,1,1,1,0,0,0,0,0,0,0,74,5376.534180,836,0,1,0.550799,-0.033013,-0.323627,-3.116000,-0.399000,0.076000,0
1.547118,9.245000,-65.440002,-11.391000,123.797997,19.226000,9.153000,145.656998,0.000000,0.000000,0.000000,0.000000,0.000000,0.000000,0.000000,228.000000,-774.000000,-304.000000,-722.000000,305.000000,-390.000000,111.000000,22.000000,22.000000,22.000000,22.000000,22.000000,22.000000,22.000000,37.000000,36.000000,37.000000,38.000000,39.000000,40.000000,43.000000,1,1,1,1,1,1,1,0,0,0,0,0,0,0,74,5376.536133,836,0,1,0.551398,-0.033024,-0.323628,-3.117000,-0.400000,0.076000,0
1.557168,9.198000,-65.291000,-11.377000,123.523003,19.261999,9.298000,145.677002,0.000000,0.000000,0.000000,0.000000,0.000000,0.000000,0.000000,228.000000,-774.000000,-304.000000,-722.000000,305.000000,-390.000000,111.000000,22.000000,22.000000,22.000000,22.000000,22.000000,22.000000,22.000000,37.000000,36.000000,37.000000,38.000000,39.000000,40.000000,43.000000,1,1,1,1,1,1,1,0,0,0,0,0,0,0,74,5376.537109,837,0,1,0.552398,-0.033049,-0.323628,-3.117000,-0.400000,0.077000,0
1.567139,9.153000,-65.141998,-11.366000,123.247002,19.296000,9.443000,145.697006,0.000000,0.000000,0.000000,0.000000,0.000000,0.000000,0.000000,228.000000,-774.000000,-304.000000,-722.000000,305.000000,-390.000000,111.000000,22.000000,22.000000,22.000000,22.000000,22.000000,22.000000,22.000000,37.000000,36.000000,37.000000,38.000000,39.000000,40.000000,43.000000,1,1,1,1,1,1,1,0,0,0,0,0,0,0,74,5376.536133,835,0,1,0.553397,-0.033083,-0.323628,-3.116000,-0.399000,0.076000,0
1.577102,9.101000,-64.963997,-11.357000,122.915001,19.334999,9.619000,145.718994,0.000000,0.000000,0.000000,0.000000,0.000000,0.000000,0.000000,228.000000,-774.000000,-304.000000,-722.000000,305.000000,-390.000000,111.000000,22.000000,22.000000,22.000000,22.000000,22.000000,22.000000,22.000000,37.000000,36.000000,37.000000,38.000000,39.000000,40.000000,43.000000,1,1,1,1,1,1,1,0,0,0,0,0,0,0,74,5376.536133,836,0,1,0.554595,-0.033135,-0.323627,-3.117000,-0.400000,0.077000,0
1.587076,9.059000,-64.816002,-11.351000,122.637001,19.367001,9.766000,145.737000,0.000000,0.000000,0.000000,0.000000,0.000000,0.000000,0.000000,228.000000,-774.000000,-304.000000,-722.000000,305.000000,-390.000000,111.000000,22.000000,22.000000,22.000000,22.000000,22.000000,22.000000,22.000000,37.000000,36.000000,37.000000,38.000000,39.000000,40.000000,43.000000,1,1,1,1,1,1,1,0,0,0,0,0,0,0,74,5376.536133,836,0,1,0.555594,-0.033188,-0.323627,-3.117000,-0.400000,0.076000,0
1.597102,9.019000,-64.668999,-11.348000,122.359001,19.396999,9.914000,145.753998,0.000000,0.000000,0.000000,0.000000,0.000000,0.000000,0.000000,228.000000,-774.000000,-304.000000,-722.000000,305.000000,-390.000000,111.000000,22.000000,22.000000,22.000000,22.000000,22.000000,22.000000,22.000000,37.000000,36.000000,37.000000,38.000000,39.000000,40.000000,43.000000,1,1,1,1,1,1,1,0,0,0,0,0,0,0,74,5376.536133,837,0,1,0.556591,-0.033249,-0.323627,-3.117000,-0.400000,0.077000,0
1.607254,8.974000,-64.491997,-11.348000,122.024002,19.431999,10.093000,145.772995,0.000000,0.000000,0.000000,0.000000,0.000000,0.000000,0.000000,228.000000,-774.000000,-304.000000,-722.000000,305.000000,-390.000000,111.000000,22.000000,22.000000,22.000000,22.000000,22.000000,22.000000,22.000000,37.000000,36.000000,37.000000,38.000000,39.000000,40.000000,43.000000,1,1,1,1,1,1,1,0,0,0,0,0,0,0,74,5376.536133,837,0,1,0.557788,-0.033334,-0.323628,-3.116000,-0.399000,0.077000,0
1.617250,8.974000,-64.491997,-11.348000,122.024002,19.431999,10.093000,145.772995,0.000000,0.000000,0.000000,0.000000,0.000000,0.000000,0.000000,228.000000,-774.000000,-304.000000,-722.000000,305.000000,-390.000000,111.000000,22.000000,22.000000,22.000000,22.000000,22.000000,22.000000,22.000000,37.000000,36.000000,37.000000,38.000000,39.000000,40.000000,43.000000,1,1,1,1,1,1,1,0,0,0,0,0,0,0,74,5376.536133,837,0,1,0.557788,-0.033334,-0.323628,-3.116000,-0.399000,0.077000,0
1.627271,8.931000,-64.315002,-11.351000,121.688004,19.465000,10.272000,145.789993,0.000000,0.000000,0.000000,0.000000,0.000000,0.000000,0.000000,228.000000,-774.000000,-304.000000,-722.000000,305.000000,-390.000000,111.000000,22.000000,22.000000,22.000000,22.000000,22.000000,22.000000,22.000000,37.000000,36.000000,37.000000,38.000000,39.000000,40.000000,43.000000,1,1,1,1,1,1,1,0,0,0,0,0,0,0,74,5376.534180,836,0,1,0.558983,-0.033431,-0.323628,-3.116000,-0.399000,0.077000,0
1.637189,8.897000,-64.167999,-11.357000,121.406998,19.490999,10.423000,145.804001,0.000000,0.000000,0.000000,0.000000,0.000000,0.000000,0.000000,228.000000,-774.000000,-304.000000,-722.000000,305.000000,-390.000000,111.000000,22.000000,22.000000,22.000000,22.000000,22.000000,22.000000,22.000000,37.000000,36.000000,37.000000,38.000000,39.000000,40.000000,43.000000,1,1,1,1,1,1,1,0,0,0,0,0,0,0,74,5376.537109,841,0,1,0.559979,-0.033522,-0.323628,-3.117000,-0.400000,0.077000,0
1.647265,8.859000,-63.992001,-11.366000,121.069000,19.521999,10.604000,145.819000,0.000000,0.000000,0.000000,0.000000,0.000000,0.000000,0.000000,228.000000,-774.000000,-304.000000,-722.000000,305.000000,-390.000000,111.000000,22.000000,22.000000,22.000000,22.000000,22.000000,22.000000,22.000000,37.000000,36.000000,37.000000,38.000000,39.000000,40.000000,43.000000,1,1,1,1,1,1,1,0,0,0,0,0,0,0,74,5376.537109,835,0,1,0.561172,-0.033642,-0.323628,-3.116000,-0.399000,0.077000,0
1.657282,8.829000,-63.845001,-11.377000,120.787003,19.546000,10.756000,145.830002,0.000000,0.000000,0.000000,0.000000,0.000000,0.000000,0.000000,228.000000,-774.000000,-304.000000,-722.000000,305.000000,-390.000000,111.000000,22.000000,22.000000,22.000000,22.000000,22.000000,22.000000,22.000000,37.000000,36.000000,37.000000,38.000000,39.000000,40.000000,43.000000,1,1,1,1,1,1,1,0,0,0,0,0,0,0,74,5376.537109,836,0,1,0.562166,-0.033751,-0.323627,-3.117000,-0.400000,0.076000,0
1.667131,8.801000,-63.699001,-11.389000,120.503998,19.569000,10.908000,145.841003,0.000000,0.000000,0.000000,0.000000,0.000000,0.000000,0.000000,228.000000,-774.000000,-304.000000,-722.000000,305.000000,-390.000000,111.000000,22.000000,22.000000,22.000000,22.000000,22.000000,22.000000,22.000000,37.000000,36.000000,37.000000,38.000000,39.000000,40.000000,43.000000,1,1,1,1,1,1,1,0,0,0,0,0,0,0,74,5376.534180,838,0,1,0.563159,-0.033869,-0.323627,-3.117000,-0.400000,0.076000,0
1.677259,8.774000,-63.553001,-11.404000,120.221001,19.590000,11.061000,145.850998,0.000000,0.000000,0.000000,0.000000,0.000000,0.000000,0.000000,228.000000,-774.000000,-304.000000,-722.000000,305.000000,-390.000000,111.000000,22.000000,22.000000,22.000000,22.000000,22.000000,22.000000,22.000000,37.000000,36.000000,37.000000,38.000000,39.000000,40.000000,43.000000,1,1,1,1,1,1,1,0,0,0,0,0,0,0,74,5376.536133,836,0,1,0.564150,-0.033996,-0.323627,-3.117000,-0.400000,0.077000,0
1.687221,8.759000,-63.465000,-11.415000,120.051003,19.603001,11.153000,145.856003,0.000000,0.000000,0.000000,0.000000,0.000000,0.000000,0.000000,228.000000,-774.000000,-304.000000,-722.000000,305.000000,-390.000000,111.000000,22.000000,22.000000,22.000000,22.000000,22.000000,22.000000,22.000000,37.000000,36.000000,37.000000,38.000000,39.000000,40.000000,43.000000,1,1,1,1,1,1,1,0,0,0,0,0,0,0,74,5376.536133,835,0,1,0.564745,-0.034076,-0.323627,-3.117000,-0.400000,0.077000,0
1.697545,8.740000,-63.348999,-11.430000,119.823997,19.618999,11.276000,145.863007,0.000000,0.000000,0.000000,0.000000,0.000000,0.000000,0.000000,228.000000,-774.000000,-304.000000,-722.000000,305.000000,-390.000000,111.000000,22.000000,22.000000,22.000000,22.000000,22.000000,22.000000,22.000000,37.000000,36.000000,37.000000,38.000000,39.000000,40.000000,43.000000,1,1,1,1,1,1,1,0,0,0,0,0,0,0,74,5376.536133,836,0,1,0.565536,-0.034187,-0.323628,-3.116000,-0.399000,0.076000,0
1.707221,8.714000,-63.174000,-11.455000,119.482002,19.642000,11.462000,145.871994,0.000000,0.000000,0.000000,0.000000,0.000000,0.000000,0.000000,228.000000,-774.000000,-304.000000,-722.000000,305.000000,-390.000000,111.000000,22.000000,22.000000,22.000000,22.000000,22.000000,22.000000,22.000000,37.000000,36.000000,37.000000,38.000000,39.000000,40.000000,43.000000,1,1,1,1,1,1,1,0,0,0,0,0,0,0,74,5376.537109,837,0,1,0.566723,-0.034365,-0.323627,-3.116000,-0.400000,0.076000,0
1.717230,8.694000,-63.028999,-11.478000,119.196999,19.660000,11.616000,145.878998,0.000000,0.000000,0.000000,0.000000,0.000000,0.000000,0.000000,228.000000,-774.000000,-304.000000,-722.000000,305.000000,-390.000000,111.000000,22.000000,22.000000,22.000000,22.000000,22.000000,22.000000,22.000000,37.000000,36.000000,37.000000,38.000000,39.000000,40.000000,43.000000,1,1,1,1,1,1,1,0,0,0,0,0,0,0,74,5376.536133,836,0,1,0.567710,-0.034523,-0.323627,-3.117000,-0.400000,0.076000,0
1.727172,8.676000,-62.883999,-11.503000,118.911003,19.677000,11.772000,145.884003,0.000000,0.000000,0.000000,0.000000,0.000000,0.000000,0.000000,228.000000,-774.000000,-304.000000,-722.000000,305.000000,-390.000000,111.000000,22.000000,22.000000,22.000000,22.000000,22.000000,22.000000,22.000000,37.000000,36.000000,37.000000,38.000000,39.000000,40.000000,43.000000,1,1,1,1,1,1,1,0,0,0,0,0,0,0,74,5376.534180,837,0,1,0.568696,-0.034688,-0.323627,-3.117000,-0.400000,0.076000,0
1.737184,8.660000,-62.738998,-11.531000,118.625000,19.693001,11.928000,145.889008,0.000000,0.000000,0.000000,0.000000,0.000000,0.000000,0.000000,228.000000,-774.000000,-304.000000,-722.000000,305.000000,-390.000000,111.000000,22.000000,22.000000,22.000000,22.000000,22.000000,22.000000,22.000000,37.000000,36.000000,37.000000,38.000000,39.000000,40.000000,43.000000,1,1,1,1,1,1,1,0,0,0,0,0,0,0,74,5376.536133,837,0,1,0.569680,-0.034863,-0.323628,-3.116000,-0.399000,0.076000,0
1.747379,8.651000,-62.652000,-11.549000,118.453003,19.702000,12.022000,145.891998,0.000000,0.000000,0.000000,0.000000,0.000000,0.000000,0.000000,228.000000,-774.000000,-304.000000,-722.000000,305.000000,-390.000000,111.000000,22.000000,22.000000,22.000000,22.000000,22.000000,22.000000,22.000000,37.000000,36.000000,37.000000,38.000000,39.000000,40.000000,43.000000,1,1,1,1,1,1,1,0,0,0,0,0,0,0,74,5376.536133,837,0,1,0.570270,-0.034971,-0.323628,-3.116000,-0.399000,0.076000,0
1.757156,8.640000,-62.536999,-11.574000,118.223000,19.714001,12.147000,145.895004,0.000000,0.000000,0.000000,0.000000,0.000000,0.000000,0.000000,228.000000,-774.000000,-304.000000,-722.000000,305.000000,-390.000000,111.000000,22.000000,22.000000,22.000000,22.000000,22.000000,22.000000,22.000000,37.000000,36.000000,37.000000,38.000000,39.000000,40.000000,43.000000,1,1,1,1,1,1,1,0,0,0,0,0,0,0,74,5376.536133,833,0,1,0.571055,-0.035121,-0.323627,-3.117000,-0.400000,0.077000,0
1.767130,8.632000,-62.450001,-11.593000,118.051003,19.722000,12.242000,145.895996,0.000000,0.000000,0.000000,0.000000,0.000000,0.000000,0.000000,228.000000,-774.000000,-304.000000,-722.000000,305.000000,-390.000000,111.000000,22.000000,22.000000,22.000000,22.000000,22.000000,22.000000,22.000000,37.000000,36.000000,37.000000,38.000000,39.000000,40.000000,43.000000,1,1,1,1,1,1,1,0,0,0,0,0,0,0,74,5376.536133,836,0,1,0.571644,-0.035237,-0.323628,-3.117000,-0.400000,0.077000,0
1.777209,8.622000,-62.306000,-11.628000,117.764000,19.735001,12.399000,145.899002,0.000000,0.000000,0.000000,0.000000,0.000000,0.000000,0.000000,228.000000,-774.000000,-304.000000,-722.000000,305.000000,-390.000000,111.000000,22.000000,22.000000,22.000000,22.000000,22.000000,22.000000,22.000000,37.000000,36.000000,37.000000,38.000000,39.000000,40.000000,43.000000,1,1,1,1,1,1,1,0,0,0,0,0,0,0,74,5376.534180,837,0,1,0.572623,-0.035437,-0.323627,-3.117000,-0.400000,0.076000,0
1.787119,8.611000,-62.133999,-11.672000,117.417999,19.750000,12.589000,145.899994,0.000000,0.000000,0.000000,0.000000,0.000000,0.000000,0.000000,228.000000,-774.000000,-304.000000,-722.000000,305.000000,-390.000000,111.000000,22.000000,22.000000,22.000000,22.000000,22.000000,22.000000,22.000000,37.000000,36.000000,37.000000,38.000000,39.000000,40.000000,43.000000,1,1,1,1,1,1,1,0,0,0,0,0,0,0,74,5376.534180,836,0,1,0.573796,-0.035688,-0.323628,-3.116000,-0.399000,0.076000,0
1.797143,8.604000,-61.990002,-11.711000,117.129997,19.761999,12.747000,145.901001,0.000000,0.000000,0.000000,0.000000,0.000000,0.000000,0.000000,228.000000,-774.000000,-304.000000,-722.000000,305.000000,-390.000000,111.000000,22.000000,22.000000,22.000000,22.000000,22.000000,22.000000,22.000000,37.000000,36.000000,37.000000,38.000000,39.000000,40.000000,43.000000,1,1,1,1,1,1,1,0,0,0,0,0,0,0,74,5376.536133,836,0,1,0.574771,-0.035906,-0.323628,-3.116000,-0.399000,0.076000,0
1.807255,8.599000,-61.847000,-11.752000,116.841003,19.771999,12.906000,145.899994,0.000000,0.000000,0.000000,0.000000,0.000000,0.000000,0.000000,228.000000,-774.000000,-304.000000,-722.000000,305.000000,-390.000000,111.000000,22.000000,22.000000,22.000000,22.000000,22.000000,22.000000,22.000000,37.000000,36.000000,37.000000,38.000000,39.000000,40.000000,43.000000,1,1,1,1,1,1,1,0,0,0,0,0,0,0,74,5376.537109,835,0,1,0.575745,-0.036133,-0.323627,-3.116000,-0.400000,0.076000,0
1.817187,8.599000,-61.847000,-11.752000,116.841003,19.771999,12.906000,145.899994,0.000000,0.000000,0.000000,0.000000,0.000000,0.000000,0.000000,228.000000,-774.000000,-304.000000,-722.000000,305.000000,-390.000000,111.000000,22.000000,22.000000,22.000000,22.000000,22.000000,22.000000,22.000000,37.000000,36.000000,37.000000,38.000000,39.000000,40.000000,43.000000,1,1,1,1,1,1,1,0,0,0,0,0,0,0,74,5376.536133,836,0,1,0.575745,-0.036133,-0.323627,-3.116000,-0.400000,0.076000,0
1.827163,8.596000,-61.646999,-11.813000,116.435997,19.785000,13.129000,145.897995,0.000000,0.000000,0.000000,0.000000,0.000000,0.000000,0.000000,228.000000,-774.000000,-304.000000,-722.000000,305.000000,-390.000000,111.000000,22.000000,22.000000,22.000000,22.000000,22.000000,22.000000,22.000000,37.000000,36.000000,37.000000,38.000000,39.000000,40.000000,43.000000,1,1,1,1,1,1,1,0,0,0,0,0,0,0,74,5376.536133,836,0,1,0.577105,-0.036465,-0.323628,-3.117000,-0.400000,0.076000,0
1.837175,8.595000,-61.505001,-11.859000,116.146004,19.794001,13.289000,145.895996,0.000000,0.000000,0.000000,0.000000,0.000000,0.000000,0.000000,228.000000,-774.000000,-304.000000,-722.000000,305.000000,-390.000000,111.000000,22.000000,22.000000,22.000000,22.000000,22.000000,22.000000,22.000000,37.000000,36.000000,37.000000,38.000000,39.000000,40.000000,43.000000,1,1,1,1,1,1,1,0,0,0,0,0,0,0,74,5376.536133,836,0,1,0.578074,-0.036712,-0.323627,-3.117000,-0.400000,0.076000,0
1.847210,8.597000,-61.334000,-11.917000,115.799004,19.802999,13.481000,145.891998,0.000000,0.000000,0.000000,0.000000,0.000000,0.000000,0.000000,228.000000,-774.000000,-304.000000,-722.000000,305.000000,-390.000000,111.000000,22.000000,22.000000,22.000000,22.000000,22.000000,22.000000,22.000000,37.000000,36.000000,37.000000,38.000000,39.000000,40.000000,43.000000,1,1,1,1,1,1,1,0,0,0,0,0,0,0,74,5376.536133,836,0,1,0.579233,-0.037020,-0.323628,-3.117000,-0.400000,0.076000,0
1.857148,8.601000,-61.192001,-11.967000,115.508003,19.809000,13.642000,145.888000,0.000000,0.000000,0.000000,0.000000,0.000000,0.000000,0.000000,228.000000,-774.000000,-304.000000,-722.000000,305.000000,-390.000000,111.000000,22.000000,22.000000,22.000000,22.000000,22.000000,22.000000,22.000000,37.000000,36.000000,37.000000,38.000000,39.000000,40.000000,43.000000,1,1,1,1,1,1,1,0,0,0,0,0,0,0,74,5376.534180,835,0,1,0.580196,-0.037285,-0.323628,-3.116000,-0.399000,0.077000,0
1.867043,8.606000,-61.050999,-12.020000,115.218002,19.815001,13.803000,145.882004,0.000000,0.000000,0.000000,0.000000,0.000000,0.000000,0.000000,228.000000,-774.000000,-304.000000,-722.000000,305.000000,-390.000000,111.000000,22.000000,22.000000,22.000000,22.000000,22.000000,22.000000,22.000000,37.000000,36.000000,37.000000,38.000000,39.000000,40.000000,43.000000,1,1,1,1,1,1,1,0,0,0,0,0,0,0,74,5376.536133,837,0,1,0.581158,-0.037559,-0.323628,-3.117000,-0.400000,0.077000,0
1.877199,8.616000,-60.881001,-12.086000,114.869003,19.820999,13.996000,145.875000,0.000000,0.000000,0.000000,0.000000,0.000000,0.000000,0.000000,228.000000,-774.000000,-304.000000,-722.000000,305.000000,-390.000000,111.000000,22.000000,22.000000,22.000000,22.000000,22.000000,22.000000,22.000000,37.000000,36.000000,37.000000,38.000000,39.000000,40.000000,43.000000,1,1,1,1,1,1,1,0,0,0,0,0,0,0,74,5376.536133,837,0,1,0.582308,-0.037898,-0.323628,-3.116000,-0.399000,0.076000,0
1.887145,8.625000,-60.740002,-12.143000,114.578003,19.825001,14.158000,145.869003,0.000000,0.000000,0.000000,0.000000,0.000000,0.000000,0.000000,228.000000,-774.000000,-304.000000,-722.000000,305.000000,-390.000000,111.000000,22.000000,22.000000,22.000000,22.000000,22.000000,22.000000,22.000000,37.000000,36.000000,37.000000,38.000000,39.000000,40.000000,43.000000,1,1,1,1,1,1,1,0,0,0,0,0,0,0,74,5376.536133,837,0,1,0.583265,-0.038190,-0.323628,-3.116000,-0.400000,0.076000,0
1.897148,8.637000,-60.599998,-12.202000,114.286003,19.827999,14.320000,145.860992,0.000000,0.000000,0.000000,0.000000,0.000000,0.000000,0.000000,228.000000,-774.000000,-304.000000,-722.000000,305.000000,-390.000000,111.000000,22.000000,22.000000,22.000000,22.000000,22.000000,22.000000,22.000000,37.000000,36.000000,37.000000,38.000000,39.000000,40.000000,43.000000,1,1,1,1,1,1,1,0,0,0,0,0,0,0,74,5376.536133,837,0,1,0.584218,-0.038490,-0.323627,-3.116000,-0.400000,0.076000,0
1.907139,8.645000,-60.514999,-12.238000,114.112000,19.830000,14.417000,145.856003,0.000000,0.000000,0.000000,0.000000,0.000000,0.000000,0.000000,228.000000,-774.000000,-304.000000,-722.000000,305.000000,-390.000000,111.000000,22.000000,22.000000,22.000000,22.000000,22.000000,22.000000,22.000000,37.000000,36.000000,37.000000,38.000000,39.000000,40.000000,43.000000,1,1,1,1,1,1,1,0,0,0,0,0,0,0,74,5376.534180,837,0,1,0.584789,-0.038674,-0.323628,-3.116000,-0.399000,0.076000,0
1.917168,8.659000,-60.375000,-12.300000,113.820000,19.832001,14.580000,145.847000,0.000000,0.000000,0.000000,0.000000,0.000000,0.000000,0.000000,228.000000,-774.000000,-304.000000,-722.000000,305.000000,-390.000000,111.000000,22.000000,22.000000,22.000000,22.000000,22.000000,22.000000,22.000000,37.000000,36.000000,37.000000,38.000000,39.000000,40.000000,43.000000,1,1,1,1,1,1,1,0,0,0,0,0,0,0,74,5376.536133,837,0,1,0.585738,-0.038988,-0.323628,-3.116000,-0.399000,0.076000,0
1.927109,8.676000,-60.236000,-12.364000,113.528000,19.834000,14.742000,145.837006,0.000000,0.000000,0.000000,0.000000,0.000000,0.000000,0.000000,228.000000,-774.000000,-304.000000,-722.000000,305.000000,-390.000000,111.000000,22.000000,22.000000,22.000000,22.000000,22.000000,22.000000,22.000000,37.000000,36.000000,37.000000,38.000000,39.000000,40.000000,43.000000,1,1,1,1,1,1,1,0,0,0,0,0,0,0,74,5376.536133,837,0,1,0.586685,-0.039309,-0.323628,-3.117000,-0.400000,0.076000,0
1.937149,8.698000,-60.068001,-12.444000,113.178001,19.834999,14.938000,145.824997,0.000000,0.000000,0.000000,0.000000,0.000000,0.000000,0.000000,228.000000,-774.000000,-304.000000,-722.000000,305.000000,-390.000000,111.000000,22.000000,22.000000,22.000000,22.000000,22.000000,22.000000,22.000000,37.000000,36.000000,37.000000,38.000000,39.000000,40.000000,43.000000,1,1,1,1,1,1,1,0,0,0,0,0,0,0,74,5376.536133,837,0,1,0.587817,-0.039706,-0.323628,-3.117000,-0.400000,0.076000,0
1.947172,8.719000,-59.929001,-12.512000,112.886002,19.834999,15.101000,145.813004,0.000000,0.000000,0.000000,0.000000,0.000000,0.000000,0.000000,228.000000,-774.000000,-304.000000,-722.000000,305.000000,-390.000000,111.000000,22.000000,22.000000,22.000000,22.000000,22.000000,22.000000,22.000000,37.000000,36.000000,37.000000,38.000000,39.000000,40.000000,43.000000,1,1,1,1,1,1,1,0,0,0,0,0,0,0,74,5376.537109,838,0,1,0.588757,-0.040045,-0.323627,-3.117000,-0.400000,0.077000,0
1.957428,8.741000,-59.791000,-12.582000,112.593002,19.834000,15.265000,145.800995,0.000000,0.000000,0.000000,0.000000,0.000000,0.000000,0.000000,228.000000,-774.000000,-304.000000,-722.000000,305.000000,-390.000000,111.000000,22.000000,22.000000,22.000000,22.000000,22.000000,22.000000,22.000000,37.000000,36.000000,37.000000,38.000000,39.000000,40.000000,43.000000,1,1,1,1,1,1,1,0,0,0,0,0,0,0,74,5376.536133,837,0,1,0.589694,-0.040393,-0.323628,-3.117000,-0.400000,0.077000,0
1.967066,8.766000,-59.652000,-12.654000,112.301003,19.833000,15.429000,145.787994,0.000000,0.000000,0.000000,0.000000,0.000000,0.000000,0.000000,228.000000,-774.000000,-304.000000,-722.000000,305.000000,-390.000000,111.000000,22.000000,22.000000,22.000000,22.000000,22.000000,22.000000,22.000000,37.000000,36.000000,37.000000,38.000000,39.000000,40.000000,43.000000,1,1,1,1,1,1,1,0,0,0,0,0,0,0,74,5376.537109,837,0,1,0.590628,-0.040748,-0.323628,-3.116000,-0.400000,0.076000,0
1.977216,8.792000,-59.514999,-12.728000,112.008003,19.830999,15.592000,145.774002,0.000000,0.000000,0.000000,0.000000,0.000000,0.000000,0.000000,228.000000,-774.000000,-304.000000,-722.000000,305.000000,-390.000000,111.000000,22.000000,22.000000,22.000000,22.000000,22.000000,22.000000,22.000000,37.000000,36.000000,37.000000,38.000000,39.000000,40.000000,43.000000,1,1,1,1,1,1,1,0,0,0,0,0,0,0,74,5376.536133,837,0,1,0.591560,-0.041112,-0.323627,-3.117000,-0.400000,0.076000,0
1.987357,8.826000,-59.349998,-12.819000,111.656998,19.827000,15.789000,145.755997,0.000000,0.000000,0.000000,0.000000,0.000000,0.000000,0.000000,228.000000,-774.000000,-304.000000,-722.000000,305.000000,-390.000000,111.000000,22.000000,22.000000,22.000000,22.000000,22.000000,22.000000,22.000000,37.000000,36.000000,37.000000,38.000000,39.000000,40.000000,43.000000,1,1,1,1,1,1,1,0,0,0,0,0,0,0,74,5376.536133,837,0,1,0.592673,-0.041559,-0.323627,-3.117000,-0.400000,0.077000,0
1.997534,8.857000,-59.212002,-12.897000,111.364998,19.823999,15.954000,145.740997,0.000000,0.000000,0.000000,0.000000,0.000000,0.000000,0.000000,228.000000,-774.000000,-304.000000,-722.000000,305.000000,-390.000000,111.000000,22.000000,22.000000,22.000000,22.000000,22.000000,22.000000,22.000000,37.000000,36.000000,37.000000,38.000000,39.000000,40.000000,43.000000,1,1,1,1,1,1,1,0,0,0,0,0,0,0,74,5376.534180,836,0,1,0.593597,-0.041940,-0.323627,-3.117000,-0.400000,0.077000,0
2.007176,8.889000,-59.076000,-12.977000,111.071999,19.820000,16.118000,145.723999,0.000000,0.000000,0.000000,0.000000,0.000000,0.000000,0.000000,228.000000,-774.000000,-304.000000,-722.000000,305.000000,-390.000000,111.000000,22.000000,22.000000,22.000000,22.000000,22.000000,22.000000,22.000000,37.000000,36.000000,37.000000,38.000000,39.000000,40.000000,43.000000,1,1,1,1,1,1,1,0,0,0,0,0,0,0,74,5376.536133,836,0,1,0.594517,-0.042330,-0.323627,-3.117000,-0.400000,0.077000,0
2.017207,8.924000,-58.938999,-13.058000,110.778999,19.816000,16.283001,145.707001,0.000000,0.000000,0.000000,0.000000,0.000000,0.000000,0.000000,228.000000,-774.000000,-304.000000,-722.000000,305.000000,-390.000000,111.000000,22.000000,22.000000,22.000000,22.000000,22.000000,22.000000,22.000000,37.000000,36.000000,37.000000,38.000000,39.000000,40.000000,43.000000,1,1,1,1,1,1,1,0,0,0,0,0,0,0,74,5376.534180,838,0,1,0.595435,-0.042727,-0.323628,-3.117000,-0.400000,0.077000,0
2.027086,8.960000,-58.804001,-13.142000,110.486000,19.811001,16.448000,145.688995,0.000000,0.000000,0.000000,0.000000,0.000000,0.000000,0.000000,228.000000,-774.000000,-304.000000,-722.000000,305.000000,-390.000000,111.000000,22.000000,22.000000,22.000000,22.000000,22.000000,22.000000,22.000000,37.000000,36.000000,37.000000,38.000000,39.000000,40.000000,43.000000,1,1,1,1,1,1,1,0,0,0,0,0,0,0,74,5376.536133,838,0,1,0.596348,-0.043132,-0.323628,-3.117000,-0.400000,0.077000,0
2.037076,8.998000,-58.667999,-13.227000,110.193001,19.805000,16.613001,145.671005,0.000000,0.000000,0.000000,0.000000,0.000000,0.000000,0.000000,228.000000,-774.000000,-304.000000,-722.000000,305.000000,-390.000000,111.000000,22.000000,22.000000,22.000000,22.000000,22.000000,22.000000,22.000000,37.000000,36.000000,37.000000,38.000000,39.000000,40.000000,43.000000,1,1,1,1,1,1,1,0,0,0,0,0,0,0,74,5376.537109,837,0,1,0.597259,-0.043545,-0.323628,-3.116000,-0.399000,0.076000,0
2.047241,9.022000,-58.587002,-13.279000,110.017998,19.801001,16.712000,145.658997,0.000000,0.000000,0.000000,0.000000,0.000000,0.000000,0.000000,228.000000,-774.000000,-304.000000,-722.000000,305.000000,-390.000000,111.000000,22.000000,22.000000,22.000000,22.000000,22.000000,22.000000,22.000000,37.000000,36.000000,37.000000,38.000000,39.000000,40.000000,43.000000,1,1,1,1,1,1,1,0,0,0,0,0,0,0,74,5376.537109,837,0,1,0.597803,-0.043797,-0.323628,-3.116000,-0.399000,0.076000,0
2.057240,9.063000,-58.452000,-13.367000,109.724998,19.795000,16.878000,145.639008,0.000000,0.000000,0.000000,0.000000,0.000000,0.000000,0.000000,228.000000,-774.000000,-304.000000,-722.000000,305.000000,-390.000000,111.000000,22.000000,22.000000,22.000000,22.000000,22.000000,22.000000,22.000000,37.000000,36.000000,37.000000,38.000000,39.000000,40.000000,43.000000,1,1,1,1,1,1,1,0,0,0,0,0,0,0,74,5376.536133,837,0,1,0.598708,-0.044222,-0.323627,-3.117000,-0.400000,0.077000,0
2.067288,9.115000,-58.291000,-13.475000,109.374001,19.785999,17.076000,145.613998,0.000000,0.000000,0.000000,0.000000,0.000000,0.000000,0.000000,228.000000,-774.000000,-304.000000,-722.000000,305.000000,-390.000000,111.000000,22.000000,22.000000,22.000000,22.000000,22.000000,22.000000,22.000000,37.000000,36.000000,37.000000,38.000000,39.000000,40.000000,43.000000,1,1,1,1,1,1,1,0,0,0,0,0,0,0,74,5376.536133,837,0,1,0.599788,-0.044743,-0.323628,-3.117000,-0.400000,0.077000,0
2.077258,9.161000,-58.157001,-13.566000,109.081001,19.778999,17.242001,145.593002,0.000000,0.000000,0.000000,0.000000,0.000000,0.000000,0.000000,228.000000,-774.000000,-304.000000,-722.000000,305.000000,-390.000000,111.000000,22.000000,22.000000,22.000000,22.000000,22.000000,22.000000,22.000000,37.000000,36.000000,37.000000,38.000000,39.000000,40.000000,43.000000,1,1,1,1,1,1,1,0,0,0,0,0,0,0,74,5376.536133,836,0,1,0.600684,-0.045186,-0.323628,-3.117000,-0.400000,0.076000,0
2.087170,9.208000,-58.023998,-13.660000,108.788002,19.770000,17.407000,145.570007,0.000000,0.000000,0.000000,0.000000,0.000000,0.000000,0.000000,228.000000,-774.000000,-304.000000,-722.000000,305.000000,-390.000000,111.000000,22.000000,22.000000,22.000000,22.000000,22.000000,22.000000,22.000000,37.000000,36.000000,37.000000,38.000000,39.000000,40.000000,43.000000,1,1,1,1,1,1,1,0,0,0,0,0,0,0,74,5376.536133,838,0,1,0.601577,-0.045636,-0.323627,-3.116000,-0.400000,0.076000,0
2.097116,9.257000,-57.890999,-13.755000,108.495003,19.761999,17.573000,145.546997,0.000000,0.000000,0.000000,0.000000,0.000000,0.000000,0.000000,228.000000,-774.000000,-304.000000,-722.000000,305.000000,-390.000000,111.000000,22.000000,22.000000,22.000000,22.000000,22.000000,22.000000,22.000000,37.000000,36.000000,37.000000,38.000000,39.000000,40.000000,43.000000,1,1,1,1,1,1,1,0,0,0,0,0,0,0,74,5376.536133,837,0,1,0.602465,-0.046095,-0.323628,-3.117000,-0.399000,0.077000,0
2.107162,9.319000,-57.731998,-13.872000,108.143997,19.750999,17.771999,145.518005,0.000000,0.000000,0.000000,0.000000,0.000000,0.000000,0.000000,228.000000,-774.000000,-304.000000,-722.000000,305.000000,-390.000000,111.000000,22.000000,22.000000,22.000000,22.000000,22.000000,22.000000,22.000000,37.000000,36.000000,37.000000,38.000000,39.000000,40.000000,43.000000,1,1,1,1,1,1,1,0,0,0,0,0,0,0,74,5376.534180,836,0,1,0.603526,-0.046654,-0.323628,-3.117000,-0.399000,0.077000,0
2.117161,9.372000,-57.601002,-13.971000,107.851997,19.740999,17.938000,145.492996,0.000000,0.000000,0.000000,0.000000,0.000000,0.000000,0.000000,228.000000,-774.000000,-304.000000,-722.000000,305.000000,-390.000000,111.000000,22.000000,22.000000,22.000000,22.000000,22.000000,22.000000,22.000000,37.000000,36.000000,37.000000,38.000000,39.000000,40.000000,43.000000,1,1,1,1,1,1,1,0,0,0,0,0,0,0,74,5376.536133,837,0,1,0.604406,-0.047129,-0.323628,-3.117000,-0.400000,0.076000,0
2.127164,9.428000,-57.469002,-14.072000,107.559998,19.731001,18.104000,145.468002,0.000000,0.000000,0.000000,0.000000,0.000000,0.000000,0.000000,228.000000,-774.000000,-304.000000,-722.000000,305.000000,-390.000000,111.000000,22.000000,22.000000,22.000000,22.000000,22.000000,22.000000,22.000000,37.000000,36.000000,37.000000,38.000000,39.000000,40.000000,43.000000,1,1,1,1,1,1,1,0,0,0,0,0,0,0,74,5376.536133,836,0,1,0.605281,-0.047612,-0.323627,-3.117000,-0.400000,0.076000,0
2.137172,9.462000,-57.390999,-14.133000,107.384003,19.725000,18.204000,145.451996,0.000000,0.000000,0.000000,0.000000,0.000000,0.000000,0.000000,228.000000,-774.000000,-304.000000,-722.000000,305.000000,-390.000000,111.000000,22.000000,22.000000,22.000000,22.000000,22.000000,22.000000,22.000000,37.000000,36.000000,37.000000,38.000000,39.000000,40.000000,43.000000,1,1,1,1,1,1,1,0,0,0,0,0,0,0,74,5376.536133,836,0,1,0.605804,-0.047905,-0.323627,-3.117000,-0.400000,0.076000,0
2.147183,9.520000,-57.259998,-14.236000,107.092003,19.714001,18.370001,145.425003,0.000000,0.000000,0.000000,0.000000,0.000000,0.000000,0.000000,228.000000,-774.000000,-304.000000,-722.000000,305.000000,-390.000000,111.000000,22.000000,22.000000,22.000000,22.000000,22.000000,22.000000,22.000000,37.000000,36.000000,37.000000,38.000000,39.000000,40.000000,43.000000,1,1,1,1,1,1,1,0,0,0,0,0,0,0,74,5376.534180,838,0,1,0.606673,-0.048400,-0.323628,-3.117000,-0.399000,0.076000,0
2.157178,9.592000,-57.104000,-14.362000,106.740997,19.701000,18.570000,145.391998,0.000000,0.000000,0.000000,0.000000,0.000000,0.000000,0.000000,228.000000,-774.000000,-304.000000,-722.000000,305.000000,-390.000000,111.000000,22.000000,22.000000,22.000000,22.000000,22.000000,22.000000,22.000000,37.000000,36.000000,37.000000,38.000000,39.000000,40.000000,43.000000,1,1,1,1,1,1,1,0,0,0,0,0,0,0,74,5376.534180,837,0,1,0.607714,-0.049000,-0.323627,-3.117000,-0.400000,0.076000,1
2.167123,9.652000,-56.973000,-14.466000,106.447998,19.691000,18.737000,145.365005,0.000000,0.000000,0.000000,0.000000,0.000000,0.000000,0.000000,228.000000,-774.000000,-304.000000,-722.000000,305.000000,-390.000000,111.000000,22.000000,22.000000,22.000000,22.000000,22.000000,22.000000,22.000000,37.000000,36.000000,37.000000,38.000000,39.000000,40.000000,43.000000,1,1,1,1,1,1,1,0,0,0,0,0,0,0,74,5376.537109,836,0,1,0.608581,-0.049501,-0.323628,-3.117000,-0.400000,0.077000,1
2.177242,9.712000,-56.841999,-14.571000,106.153000,19.680000,18.903999,145.339005,0.000000,0.000000,0.000000,0.000000,0.000000,0.000000,0.000000,228.000000,-774.000000,-304.000000,-722.000000,305.000000,-390.000000,111.000000,22.000000,22.000000,22.000000,22.000000,22.000000,22.000000,22.000000,37.000000,36.000000,37.000000,38.000000,39.000000,40.000000,43.000000,1,1,1,1,1,1,1,0,0,0,0,0,0,0,74,5376.534180,838,0,1,0.609448,-0.050001,-0.323628,-3.117000,-0.400000,0.076000,1
2.187093,9.772000,-56.710999,-14.675000,105.859001,19.670000,19.072001,145.313004,0.000000,0.000000,0.000000,0.000000,0.000000,0.000000,0.000000,228.000000,-774.000000,-304.000000,-722.000000,305.000000,-390.000000,111.000000,22.000000,22.000000,22.000000,22.000000,22.000000,22.000000,22.000000,37.000000,36.000000,37.000000,38.000000,39.000000,40.000000,43.000000,1,1,1,1,1,1,1,0,0,0,0,0,0,0,74,5376.536133,836,0,1,0.610315,-0.050502,-0.323628,-3.116000,-0.400000,0.076000,1
2.197374,9.833000,-56.578999,-14.780000,105.563004,19.660000,19.240000,145.287994,0.000000,0.000000,0.000000,0.000000,0.000000,0.000000,0.000000,228.000000,-774.000000,-304.000000,-722.000000,305.000000,-390.000000,111.000000,22.000000,22.000000,22.000000,22.000000,22.000000,22.000000,22.000000,37.000000,36.000000,37.000000,38.000000,39.000000,40.000000,43.000000,1,1,1,1,1,1,1,0,0,0,0,0,0,0,74,5376.536133,837,0,1,0.611182,-0.051002,-0.323628,-3.116000,-0.399000,0.076000,1
2.207849,9.906000,-56.421001,-14.905000,105.208000,19.648001,19.441999,145.257004,0.000000,0.000000,0.000000,0.000000,0.000000,0.000000,0.000000,228.000000,-774.000000,-304.000000,-722.000000,305.000000,-390.000000,111.000000,22.000000,22.000000,22.000000,22.000000,22.000000,22.000000,22.000000,37.000000,36.000000,37.000000,38.000000,39.000000,40.000000,43.000000,1,1,1,1,1,1,1,0,0,0,0,0,0,0,74,5376.536133,837,0,1,0.612222,-0.051603,-0.323627,-3.117000,-0.400000,0.076000,1
2.217216,9.967000,-56.287998,-15.010000,104.911003,19.639000,19.610001,145.233002,0.000000,0.000000,0.000000,0.000000,0.000000,0.000000,0.000000,228.000000,-774.000000,-304.000000,-722.000000,305.000000,-390.000000,111.000000,22.000000,22.000000,22.000000,22.000000,22.000000,22.000000,22.000000,37.000000,36.000000,37.000000,38.000000,39.000000,40.000000,43.000000,1,1,1,1,1,1,1,0,0,0,0,0,0,0,74,5376.536133,836,0,1,0.613089,-0.052104,-0.323627,-3.116000,-0.399000,0.076000,1
2.227130,10.028000,-56.155998,-15.114000,104.612999,19.629000,19.778999,145.209000,0.000000,0.000000,0.000000,0.000000,0.000000,0.000000,0.000000,228.000000,-774.000000,-304.000000,-722.000000,305.000000,-390.000000,111.000000,22.000000,22.000000,22.000000,22.000000,22.000000,22.000000,22.000000,37.000000,36.000000,37.000000,38.000000,39.000000,40.000000,43.000000,1,1,1,1,1,1,1,0,0,0,0,0,0,0,74,5376.536133,836,0,1,0.613956,-0.052604,-0.323627,-3.117000,-0.400000,0.077000,1
2.237211,10.089000,-56.022999,-15.219000,104.314003,19.620001,19.948999,145.184998,0.000000,0.000000,0.000000,0.000000,0.000000,0.000000,0.000000,228.000000,-774.000000,-304.000000,-722.000000,305.000000,-390.000000,111.000000,22.000000,22.000000,22.000000,22.000000,22.000000,22.000000,22.000000,37.000000,36.000000,37.000000,38.000000,39.000000,40.000000,43.000000,1,1,1,1,1,1,1,0,0,0,0,0,0,0,74,5376.536133,837,0,1,0.614824,-0.053105,-0.323627,-3.117000,-0.400000,0.077000,1
2.247942,10.126000,-55.943001,-15.281000,104.135002,19.615000,20.049999,145.171005,0.000000,0.000000,0.000000,0.000000,0.000000,0.000000,0.000000,228.000000,-774.000000,-304.000000,-722.000000,305.000000,-390.000000,111.000000,22.000000,22.000000,22.000000,22.000000,22.000000,22.000000,22.000000,37.000000,36.000000,37.000000,38.000000,39.000000,40.000000,43.000000,1,1,1,1,1,1,1,0,0,0,0,0,0,0,74,5376.537109,836,0,1,0.615344,-0.053405,-0.323627,-3.117000,-0.400000,0.077000,1
2.257214,10.188000,-55.808998,-15.386000,103.835999,19.606001,20.219999,145.147995,0.000000,0.000000,0.000000,0.000000,0.000000,0.000000,0.000000,228.000000,-774.000000,-304.000000,-722.000000,305.000000,-390.000000,111.000000,22.000000,22.000000,22.000000,22.000000,22.000000,22.000000,22.000000,37.000000,36.000000,37.000000,38.000000,39.000000,40.000000,43.000000,1,1,1,1,1,1,1,0,0,0,0,0,0,0,74,5376.536133,837,0,1,0.616211,-0.053906,-0.323627,-3.116000,-0.399000,0.076000,1
2.267160,10.250000,-55.674999,-15.490000,103.535004,19.597000,20.389999,145.125000,0.000000,0.000000,0.000000,0.000000,0.000000,0.000000,0.000000,228.000000,-774.000000,-304.000000,-722.000000,305.000000,-390.000000,111.000000,22.000000,22.000000,22.000000,22.000000,22.000000,22.000000,22.000000,37.000000,36.000000,37.000000,38.000000,39.000000,40.000000,43.000000,1,1,1,1,1,1,1,0,0,0,0,0,0,0,74,5376.536133,836,0,1,0.617078,-0.054407,-0.323627,-3.117000,-0.400000,0.076000,1
2.277241,10.324000,-55.514000,-15.616000,103.174004,19.587000,20.594999,145.098999,0.000000,0.000000,0.000000,0.000000,0.000000,0.000000,0.000000,228.000000,-774.000000,-304.000000,-722.000000,305.000000,-390.000000,111.000000,22.000000,22.000000,22.000000,22.000000,22.000000,22.000000,22.000000,37.000000,36.000000,37.000000,38.000000,39.000000,40.000000,43.000000,1,1,1,1,1,1,1,0,0,0,0,0,0,0,74,5376.536133,836,0,1,0.618118,-0.055007,-0.323627,-3.117000,-0.400000,0.077000,1
2.287152,10.387000,-55.380001,-15.720000,102.872002,19.579000,20.766001,145.076996,0.000000,0.000000,0.000000,0.000000,0.000000,0.000000,0.000000,228.000000,-774.000000,-304.000000,-722.000000,305.000000,-390.000000,111.000000,22.000000,22.000000,22.000000,22.000000,22.000000,22.000000,22.000000,37.000000,36.000000,37.000000,38.000000,39.000000,40.000000,43.000000,1,1,1,1,1,1,1,0,0,0,0,0,0,0,74,5376.536133,837,0,1,0.618986,-0.055508,-0.323627,-3.117000,-0.399000,0.077000,1
2.297802,10.449000,-55.244999,-15.825000,102.570000,19.570999,20.937000,145.056000,0.000000,0.000000,0.000000,0.000000,0.000000,0.000000,0.000000,228.000000,-774.000000,-304.000000,-722.000000,305.000000,-390.000000,111.000000,22.000000,22.000000,22.000000,22.000000,22.000000,22.000000,22.000000,37.000000,36.000000,37.000000,38.000000,39.000000,40.000000,43.000000,1,1,1,1,1,1,1,0,0,0,0,0,0,0,74,5376.536133,838,0,1,0.619853,-0.056009,-0.323627,-3.117000,-0.399000,0.077000,1
2.307193,10.512000,-55.110001,-15.930000,102.265999,19.563999,21.108999,145.035004,0.000000,0.000000,0.000000,0.000000,0.000000,0.000000,0.000000,228.000000,-774.000000,-304.000000,-722.000000,305.000000,-390.000000,111.000000,22.000000,22.000000,22.000000,22.000000,22.000000,22.000000,22.000000,37.000000,36.000000,37.000000,38.000000,39.000000,40.000000,43.000000,1,1,1,1,1,1,1,0,0,0,0,0,0,0,74,5376.537109,836,0,1,0.620720,-0.056509,-0.323628,-3.116000,-0.400000,0.076000,1
2.317208,10.583000,-54.956001,-16.049000,101.920998,19.556000,21.304001,145.011002,0.000000,0.000000,0.000000,0.000000,0.000000,0.000000,0.000000,228.000000,-774.000000,-304.000000,-722.000000,305.000000,-390.000000,111.000000,22.000000,22.000000,22.000000,22.000000,22.000000,22.000000,22.000000,37.000000,36.000000,37.000000,38.000000,39.000000,40.000000,43.000000,1,1,1,1,1,1,1,0,0,0,0,0,0,0,74,5376.537109,835,0,1,0.621704,-0.057077,-0.323627,-3.117000,-0.400000,0.076000,1
2.327179,10.632000,-54.848000,-16.132000,101.680000,19.554001,21.441000,144.992996,0.000000,0.000000,0.000000,0.000000,0.000000,0.000000,0.000000,228.000000,-774.000000,-304.000000,-722.000000,305.000000,-390.000000,111.000000,22.000000,22.000000,22.000000,22.000000,22.000000,22.000000,22.000000,37.000000,36.000000,37.000000,38.000000,39.000000,40.000000,43.000000,1,1,1,1,1,1,1,0,0,0,0,0,0,0,74,5376.537109,837,0,1,0.622390,-0.057473,-0.323627,-3.117000,-0.400000,0.077000,1
2.337675,10.674000,-54.755001,-16.205000,101.471001,19.554001,21.559999,144.975006,0.000000,0.000000,0.000000,0.000000,0.000000,0.000000,0.000000,228.000000,-774.000000,-304.000000,-722.000000,305.000000,-390.000000,111.000000,22.000000,22.000000,22.000000,22.000000,22.000000,22.000000,22.000000,37.000000,36.000000,37.000000,38.000000,39.000000,40.000000,43.000000,1,1,1,1,1,1,1,0,0,0,0,0,0,0,74,5376.536133,836,0,1,0.622985,-0.057816,-0.323628,-3.116000,-0.399000,0.076000,0
2.347717,10.713000,-54.661999,-16.273001,101.264000,19.555000,21.677000,144.959000,0.000000,0.000000,0.000000,0.000000,0.000000,0.000000,0.000000,228.000000,-774.000000,-304.000000,-722.000000,305.000000,-390.000000,111.000000,22.000000,22.000000,22.000000,22.000000,22.000000,22.000000,22.000000,37.000000,36.000000,37.000000,38.000000,39.000000,40.000000,43.000000,1,1,1,1,1,1,1,0,0,0,0,0,0,0,74,5376.536133,834,0,1,0.623573,-0.058142,-0.323627,-3.117000,-0.400000,0.077000,0
2.357175,10.735000,-54.605000,-16.313000,101.139000,19.556000,21.747000,144.951004,0.000000,0.000000,0.000000,0.000000,0.000000,0.000000,0.000000,228.000000,-774.000000,-304.000000,-722.000000,305.000000,-390.000000,111.000000,22.000000,22.000000,22.000000,22.000000,22.000000,22.000000,22.000000,37.000000,36.000000,37.000000,38.000000,39.000000,40.000000,43.000000,1,1,1,1,1,1,1,0,0,0,0,0,0,0,74,5376.536133,837,0,1,0.623930,-0.058331,-0.323627,-3.116000,-0.399000,0.077000,0
2.367194,10.781000,-54.471001,-16.400999,100.846001,19.559999,21.912001,144.936005,0.000000,0.000000,0.000000,0.000000,0.000000,0.000000,0.000000,228.000000,-774.000000,-304.000000,-722.000000,305.000000,-390.000000,111.000000,22.000000,22.000000,22.000000,22.000000,22.000000,22.000000,22.000000,37.000000,36.000000,37.000000,38.000000,39.000000,40.000000,43.000000,1,1,1,1,1,1,1,0,0,0,0,0,0,0,74,5376.536133,837,0,1,0.624773,-0.058750,-0.323628,-3.117000,-0.400000,0.077000,0
2.377276,10.799000,-54.411999,-16.437000,100.719002,19.563000,21.983000,144.931000,0.000000,0.000000,0.000000,0.000000,0.000000,0.000000,0.000000,228.000000,-774.000000,-304.000000,-722.000000,305.000000,-390.000000,111.000000,22.000000,22.000000,22.000000,22.000000,22.000000,22.000000,22.000000,37.000000,36.000000,37.000000,38.000000,39.000000,40.000000,43.000000,1,1,1,1,1,1,1,0,0,0,0,0,0,0,74,5376.534180,838,0,1,0.625139,-0.058920,-0.323628,-3.117000,-0.400000,0.076000,0
2.387159,10.826000,-54.313000,-16.493999,100.507004,19.568001,22.101999,144.925003,0.000000,0.000000,0.000000,0.000000,0.000000,0.000000,0.000000,228.000000,-774.000000,-304.000000,-722.000000,305.000000,-390.000000,111.000000,22.000000,22.000000,22.000000,22.000000,22.000000,22.000000,22.000000,37.000000,36.000000,37.000000,38.000000,39.000000,40.000000,43.000000,1,1,1,1,1,1,1,0,0,0,0,0,0,0,74,5376.536133,837,0,1,0.625754,-0.059192,-0.323627,-3.117000,-0.400000,0.076000,0
2.397083,10.849000,-54.213001,-16.548000,100.293999,19.573999,22.221001,144.921005,0.000000,0.000000,0.000000,0.000000,0.000000,0.000000,0.000000,228.000000,-774.000000,-304.000000,-722.000000,305.000000,-390.000000,111.000000,22.000000,22.000000,22.000000,22.000000,22.000000,22.000000,22.000000,37.000000,36.000000,37.000000,38.000000,39.000000,40.000000,43.000000,1,1,1,1,1,1,1,0,0,0,0,0,0,0,74,5376.536133,836,0,1,0.626376,-0.059448,-0.323627,-3.117000,-0.400000,0.076000,0
2.407067,10.874000,-54.090000,-16.608000,100.036003,19.583000,22.364000,144.919998,0.000000,0.000000,0.000000,0.000000,0.000000,0.000000,0.000000,228.000000,-774.000000,-304.000000,-722.000000,305.000000,-390.000000,111.000000,22.000000,22.000000,22.000000,22.000000,22.000000,22.000000,22.000000,37.000000,36.000000,37.000000,38.000000,39.000000,40.000000,43.000000,1,1,1,1,1,1,1,0,0,0,0,0,0,0,74,5376.536133,837,0,1,0.627130,-0.059735,-0.323628,-3.116000,-0.399000,0.076000,0
2.417077,10.890000,-53.987000,-16.655001,99.820999,19.591000,22.483000,144.921997,0.000000,0.000000,0.000000,0.000000,0.000000,0.000000,0.000000,228.000000,-774.000000,-304.000000,-722.000000,305.000000,-390.000000,111.000000,22.000000,22.000000,22.000000,22.000000,22.000000,22.000000,22.000000,37.000000,36.000000,37.000000,38.000000,39.000000,40.000000,43.000000,1,1,1,1,1,1,1,0,0,0,0,0,0,0,74,5376.536133,837,0,1,0.627765,-0.059956,-0.323628,-3.117000,-0.400000,0.077000,0
2.427049,10.903000,-53.882000,-16.698000,99.603996,19.601000,22.603001,144.925995,0.000000,0.000000,0.000000,0.000000,0.000000,0.000000,0.000000,228.000000,-774.000000,-304.000000,-722.000000,305.000000,-390.000000,111.000000,22.000000,22.000000,22.000000,22.000000,22.000000,22.000000,22.000000,37.000000,36.000000,37.000000,38.000000,39.000000,40.000000,43.000000,1,1,1,1,1,1,1,0,0,0,0,0,0,0,74,5376.537109,837,0,1,0.628406,-0.060162,-0.323627,-3.117000,-0.400000,0.076000,0
2.437083,10.912000,-53.776001,-16.738001,99.387001,19.612000,22.722000,144.932999,0.000000,0.000000,0.000000,0.000000,0.000000,0.000000,0.000000,228.000000,-774.000000,-304.000000,-722.000000,305.000000,-390.000000,111.000000,22.000000,22.000000,22.000000,22.000000,22.000000,22.000000,22.000000,37.000000,36.000000,37.000000,38.000000,39.000000,40.000000,43.000000,1,1,1,1,1,1,1,0,0,0,0,0,0,0,74,5376.534180,837,0,1,0.629051,-0.060351,-0.323627,-3.116000,-0.399000,0.077000,0
2.447114,10.917000,-53.712002,-16.760000,99.257004,19.618999,22.794001,144.938995,0.000000,0.000000,0.000000,0.000000,0.000000,0.000000,0.000000,228.000000,-774.000000,-304.000000,-722.000000,305.000000,-390.000000,111.000000,22.000000,22.000000,22.000000,22.000000,22.000000,22.000000,22.000000,37.000000,36.000000,37.000000,38.000000,39.000000,40.000000,43.000000,1,1,1,1,1,1,1,0,0,0,0,0,0,0,74,5376.534180,837,0,1,0.629440,-0.060457,-0.323627,-3.117000,-0.400000,0.076000,0
2.457142,10.922000,-53.539001,-16.813999,98.907997,19.639000,22.983999,144.957993,0.000000,0.000000,0.000000,0.000000,0.000000,0.000000,0.000000,228.000000,-774.000000,-304.000000,-722.000000,305.000000,-390.000000,111.000000,22.000000,22.000000,22.000000,22.000000,22.000000,22.000000,22.000000,37.000000,36.000000,37.000000,38.000000,39.000000,40.000000,43.000000,1,1,1,1,1,1,1,0,0,0,0,0,0,0,74,5376.536133,837,0,1,0.630486,-0.060711,-0.323627,-3.117000,-0.400000,0.077000,0
2.467066,10.920000,-53.429001,-16.843000,98.689003,19.652000,23.103001,144.973007,0.000000,0.000000,0.000000,0.000000,0.000000,0.000000,0.000000,228.000000,-774.000000,-304.000000,-722.000000,305.000000,-390.000000,111.000000,22.000000,22.000000,22.000000,22.000000,22.000000,22.000000,22.000000,37.000000,36.000000,37.000000,38.000000,39.000000,40.000000,43.000000,1,1,1,1,1,1,1,0,0,0,0,0,0,0,74,5376.536133,837,0,1,0.631145,-0.060848,-0.323628,-3.117000,-0.400000,0.077000,0
2.477180,10.916000,-53.319000,-16.868000,98.471001,19.667000,23.222000,144.990005,0.000000,0.000000,0.000000,0.000000,0.000000,0.000000,0.000000,228.000000,-774.000000,-304.000000,-722.000000,305.000000,-390.000000,111.000000,22.000000,22.000000,22.000000,22.000000,22.000000,22.000000,22.000000,37.000000,36.000000,37.000000,38.000000,39.000000,40.000000,43.000000,1,1,1,1,1,1,1,0,0,0,0,0,0,0,74,5376.536133,837,0,1,0.631806,-0.060969,-0.323628,-3.117000,-0.400000,0.076000,0
2.487083,10.908000,-53.208000,-16.891001,98.251999,19.683001,23.340000,145.009995,0.000000,0.000000,0.000000,0.000000,0.000000,0.000000,0.000000,228.000000,-774.000000,-304.000000,-722.000000,305.000000,-390.000000,111.000000,22.000000,22.000000,22.000000,22.000000,22.000000,22.000000,22.000000,37.000000,36.000000,37.000000,38.000000,39.000000,40.000000,43.000000,1,1,1,1,1,1,1,0,0,0,0,0,0,0,74,5376.536133,840,0,1,0.632471,-0.061073,-0.323627,-3.117000,-0.400000,0.077000,0
2.497154,10.901000,-53.139999,-16.902000,98.121002,19.693001,23.410999,145.024002,0.000000,0.000000,0.000000,0.000000,0.000000,0.000000,0.000000,228.000000,-774.000000,-304.000000,-722.000000,305.000000,-390.000000,111.000000,22.000000,22.000000,22.000000,22.000000,22.000000,22.000000,22.000000,37.000000,36.000000,37.000000,38.000000,39.000000,40.000000,43.000000,1,1,1,1,1,1,1,0,0,0,0,0,0,0,74,5376.536133,835,0,1,0.632871,-0.061127,-0.323627,-3.117000,-0.400000,0.077000,0
2.507345,10.888000,-53.028000,-16.919001,97.903000,19.709999,23.528000,145.048004,0.000000,0.000000,0.000000,0.000000,0.000000,0.000000,0.000000,228.000000,-774.000000,-304.000000,-722.000000,305.000000,-390.000000,111.000000,22.000000,22.000000,22.000000,22.000000,22.000000,22.000000,22.000000,37.000000,36.000000,37.000000,38.000000,39.000000,40.000000,43.000000,1,1,1,1,1,1,1,0,0,0,0,0,0,0,74,5376.534180,836,0,1,0.633539,-0.061205,-0.323627,-3.117000,-0.400000,0.077000,0
2.517146,10.867000,-52.891998,-16.934999,97.641998,19.732000,23.667999,145.078995,0.000000,0.000000,0.000000,0.000000,0.000000,0.000000,0.000000,228.000000,-774.000000,-304.000000,-722.000000,305.000000,-390.000000,111.000000,22.000000,22.000000,22.000000,22.000000,22.000000,22.000000,22.000000,37.000000,36.000000,37.000000,38.000000,39.000000,40.000000,43.000000,1,1,1,1,1,1,1,0,0,0,0,0,0,0,74,5376.536133,837,0,1,0.634343,-0.061275,-0.323628,-3.117000,-0.400000,0.077000,0
2.527324,10.846000,-52.778000,-16.944000,97.424004,19.750999,23.784000,145.108994,0.000000,0.000000,0.000000,0.000000,0.000000,0.000000,0.000000,228.000000,-774.000000,-304.000000,-722.000000,305.000000,-390.000000,111.000000,22.000000,22.000000,22.000000,22.000000,22.000000,22.000000,22.000000,37.000000,36.000000,37.000000,38.000000,39.000000,40.000000,43.000000,1,1,1,1,1,1,1,0,0,0,0,0,0,0,74,5376.536133,838,0,1,0.635014,-0.061316,-0.323628,-3.117000,-0.400000,0.076000,0
2.537066,10.822000,-52.664001,-16.948999,97.208000,19.771000,23.900000,145.139999,0.000000,0.000000,0.000000,0.000000,0.000000,0.000000,0.000000,228.000000,-774.000000,-304.000000,-722.000000,305.000000,-390.000000,111.000000,22.000000,22.000000,22.000000,22.000000,22.000000,22.000000,22.000000,37.000000,36.000000,37.000000,38.000000,39.000000,40.000000,43.000000,1,1,1,1,1,1,1,0,0,0,0,0,0,0,74,5376.536133,836,0,1,0.635686,-0.061339,-0.323627,-3.117000,-0.400000,0.077000,0
2.547131,10.794000,-52.549000,-16.952000,96.991997,19.791000,24.014000,145.173996,0.000000,0.000000,0.000000,0.000000,0.000000,0.000000,0.000000,228.000000,-774.000000,-304.000000,-722.000000,305.000000,-390.000000,111.000000,22.000000,22.000000,22.000000,22.000000,22.000000,22.000000,22.000000,37.000000,36.000000,37.000000,38.000000,39.000000,40.000000,43.000000,1,1,1,1,1,1,1,0,0,0,0,0,0,0,74,5376.537109,836,0,1,0.636359,-0.061346,-0.323627,-3.117000,-0.400000,0.076000,0
2.557075,10.763000,-52.433998,-16.951000,96.777000,19.813000,24.128000,145.210999,0.000000,0.000000,0.000000,0.000000,0.000000,0.000000,0.000000,228.000000,-774.000000,-304.000000,-722.000000,305.000000,-390.000000,111.000000,22.000000,22.000000,22.000000,22.000000,22.000000,22.000000,22.000000,37.000000,36.000000,37.000000,38.000000,39.000000,40.000000,43.000000,1,1,1,1,1,1,1,0,0,0,0,0,0,0,74,5376.536133,837,0,1,0.637031,-0.061336,-0.323628,-3.116000,-0.400000,0.076000,0
2.567100,10.728000,-52.319000,-16.945999,96.563004,19.834999,24.240999,145.248993,0.000000,0.000000,0.000000,0.000000,0.000000,0.000000,0.000000,228.000000,-774.000000,-304.000000,-722.000000,305.000000,-390.000000,111.000000,22.000000,22.000000,22.000000,22.000000,22.000000,22.000000,22.000000,37.000000,36.000000,37.000000,38.000000,39.000000,40.000000,43.000000,1,1,1,1,1,1,1,0,0,0,0,0,0,0,74,5376.536133,836,0,1,0.637703,-0.061309,-0.323627,-3.117000,-0.400000,0.076000,0
2.577174,10.690000,-52.203999,-16.938000,96.350998,19.858000,24.353001,145.289993,0.000000,0.000000,0.000000,0.000000,0.000000,0.000000,0.000000,228.000000,-774.000000,-304.000000,-722.000000,305.000000,-390.000000,111.000000,22.000000,22.000000,22.000000,22.000000,22.000000,22.000000,22.000000,37.000000,36.000000,37.000000,38.000000,39.000000,40.000000,43.000000,1,1,1,1,1,1,1,0,0,0,0,0,0,0,74,5376.536133,837,0,1,0.638374,-0.061265,-0.323628,-3.117000,-0.400000,0.076000,0
2.587229,10.640000,-52.064999,-16.924000,96.097000,19.886000,24.486000,145.341995,0.000000,0.000000,0.000000,0.000000,0.000000,0.000000,0.000000,228.000000,-774.000000,-304.000000,-722.000000,305.000000,-390.000000,111.000000,22.000000,22.000000,22.000000,22.000000,22.000000,22.000000,22.000000,37.000000,36.000000,37.000000,38.000000,39.000000,40.000000,43.000000,1,1,1,1,1,1,1,0,0,0,0,0,0,0,74,5376.536133,836,0,1,0.639178,-0.061191,-0.323627,-3.117000,-0.400000,0.076000,0
2.597201,10.595000,-51.950001,-16.909000,95.887001,19.910999,24.596001,145.388000,0.000000,0.000000,0.000000,0.000000,0.000000,0.000000,0.000000,228.000000,-774.000000,-304.000000,-722.000000,305.000000,-390.000000,111.000000,22.000000,22.000000,22.000000,22.000000,22.000000,22.000000,22.000000,37.000000,36.000000,37.000000,38.000000,39.000000,40.000000,43.000000,1,1,1,1,1,1,1,0,0,0,0,0,0,0,74,5376.536133,837,0,1,0.639846,-0.061110,-0.323628,-3.116000,-0.399000,0.076000,0
2.607202,10.546000,-51.834000,-16.889999,95.679001,19.936001,24.704000,145.436005,0.000000,0.000000,0.000000,0.000000,0.000000,0.000000,0.000000,228.000000,-774.000000,-304.000000,-722.000000,305.000000,-390.000000,111.000000,22.000000,22.000000,22.000000,22.000000,22.000000,22.000000,22.000000,37.000000,36.000000,37.000000,38.000000,39.000000,40.000000,43.000000,1,1,1,1,1,1,1,0,0,0,0,0,0,0,74,5376.537109,836,0,1,0.640511,-0.061013,-0.323628,-3.117000,-0.400000,0.077000,0
2.617185,10.494000,-51.719002,-16.867001,95.473000,19.962000,24.811001,145.485992,0.000000,0.000000,0.000000,0.000000,0.000000,0.000000,0.000000,228.000000,-774.000000,-304.000000,-722.000000,305.000000,-390.000000,111.000000,22.000000,22.000000,22.000000,22.000000,22.000000,22.000000,22.000000,37.000000,36.000000,37.000000,38.000000,39.000000,40.000000,43.000000,1,1,1,1,1,1,1,0,0,0,0,0,0,0,74,5376.536133,838,0,1,0.641174,-0.060898,-0.323627,-3.117000,-0.400000,0.076000,0
2.627288,10.461000,-51.650002,-16.851999,95.349998,19.978001,24.875000,145.516998,0.000000,0.000000,0.000000,0.000000,0.000000,0.000000,0.000000,228.000000,-774.000000,-304.000000,-722.000000,305.000000,-390.000000,111.000000,22.000000,22.000000,22.000000,22.000000,22.000000,22.000000,22.000000,37.000000,36.000000,37.000000,38.000000,39.000000,40.000000,43.000000,1,1,1,1,1,1,1,0,0,0,0,0,0,0,74,5376.536133,836,0,1,0.641570,-0.060822,-0.323628,-3.117000,-0.400000,0.077000,0
2.637190,10.404000,-51.535000,-16.825001,95.147003,20.004000,24.980000,145.570007,0.000000,0.000000,0.000000,0.000000,0.000000,0.000000,0.000000,228.000000,-774.000000,-304.000000,-722.000000,305.000000,-390.000000,111.000000,22.000000,22.000000,22.000000,22.000000,22.000000,22.000000,22.000000,37.000000,36.000000,37.000000,38.000000,39.000000,40.000000,43.000000,1,1,1,1,1,1,1,0,0,0,0,0,0,0,74,5376.536133,836,0,1,0.642228,-0.060682,-0.323627,-3.117000,-0.400000,0.076000,0
2.647231,10.344000,-51.421001,-16.794001,94.945000,20.032000,25.084000,145.626007,0.000000,0.000000,0.000000,0.000000,0.000000,0.000000,0.000000,228.000000,-774.000000,-304.000000,-722.000000,305.000000,-390.000000,111.000000,22.000000,22.000000,22.000000,22.000000,22.000000,22.000000,22.000000,37.000000,36.000000,37.000000,38.000000,39.000000,40.000000,43.000000,1,1,1,1,1,1,1,0,0,0,0,0,0,0,74,5376.536133,837,0,1,0.642882,-0.060525,-0.323628,-3.117000,-0.400000,0.076000,0
2.657230,10.280000,-51.306999,-16.759001,94.746002,20.059999,25.186001,145.682999,0.000000,0.000000,0.000000,0.000000,0.000000,0.000000,0.000000,228.000000,-774.000000,-304.000000,-722.000000,305.000000,-390.000000,111.000000,22.000000,22.000000,22.000000,22.000000,22.000000,22.000000,22.000000,37.000000,36.000000,37.000000,38.000000,39.000000,40.000000,43.000000,1,1,1,1,1,1,1,0,0,0,0,0,0,0,74,5376.536133,837,0,1,0.643532,-0.060351,-0.323628,-3.117000,-0.399000,0.076000,0
2.667225,10.213000,-51.194000,-16.722000,94.549004,20.087999,25.287001,145.742996,0.000000,0.000000,0.000000,0.000000,0.000000,0.000000,0.000000,228.000000,-774.000000,-304.000000,-722.000000,305.000000,-390.000000,111.000000,22.000000,22.000000,22.000000,22.000000,22.000000,22.000000,22.000000,37.000000,36.000000,37.000000,38.000000,39.000000,40.000000,43.000000,1,1,1,1,1,1,1,0,0,0,0,0,0,0,74,5376.534180,835,0,1,0.644177,-0.060162,-0.323627,-3.116000,-0.399000,0.076000,0
2.677272,10.143000,-51.081001,-16.680000,94.355003,20.117001,25.386000,145.804001,0.000000,0.000000,0.000000,0.000000,0.000000,0.000000,0.000000,228.000000,-774.000000,-304.000000,-722.000000,305.000000,-390.000000,111.000000,22.000000,22.000000,22.000000,22.000000,22.000000,22.000000,22.000000,37.000000,36.000000,37.000000,38.000000,39.000000,40.000000,43.000000,1,1,1,1,1,1,1,0,0,0,0,0,0,0,74,5376.537109,837,0,1,0.644818,-0.059956,-0.323628,-3.117000,-0.400000,0.076000,0
2.687193,10.054000,-50.946999,-16.627001,94.125000,20.152000,25.503000,145.880005,0.000000,0.000000,0.000000,0.000000,0.000000,0.000000,0.000000,228.000000,-774.000000,-304.000000,-722.000000,305.000000,-390.000000,111.000000,22.000000,22.000000,22.000000,22.000000,22.000000,22.000000,22.000000,37.000000,36.000000,37.000000,38.000000,39.000000,40.000000,43.000000,1,1,1,1,1,1,1,0,0,0,0,0,0,0,74,5376.537109,837,0,1,0.645579,-0.059689,-0.323627,-3.117000,-0.400000,0.076000,0
2.697111,9.977000,-50.835999,-16.577999,93.935997,20.181999,25.599001,145.945007,0.000000,0.000000,0.000000,0.000000,0.000000,0.000000,0.000000,228.000000,-774.000000,-304.000000,-722.000000,305.000000,-390.000000,111.000000,22.000000,22.000000,22.000000,22.000000,22.000000,22.000000,22.000000,37.000000,36.000000,37.000000,38.000000,39.000000,40.000000,43.000000,1,1,1,1,1,1,1,0,0,0,0,0,0,0,74,5376.536133,836,0,1,0.646207,-0.059448,-0.323627,-3.117000,-0.400000,0.076000,0
2.707216,9.897000,-50.726002,-16.527000,93.750000,20.212999,25.693001,146.011993,0.000000,0.000000,0.000000,0.000000,0.000000,0.000000,0.000000,228.000000,-774.000000,-304.000000,-722.000000,305.000000,-390.000000,111.000000,22.000000,22.000000,22.000000,22.000000,22.000000,22.000000,22.000000,37.000000,36.000000,37.000000,38.000000,39.000000,40.000000,43.000000,1,1,1,1,1,1,1,0,0,0,0,0,0,0,74,5376.536133,836,0,1,0.646829,-0.059192,-0.323628,-3.117000,-0.400000,0.077000,0
2.717173,9.814000,-50.616001,-16.472000,93.567001,20.243000,25.785000,146.080994,0.000000,0.000000,0.000000,0.000000,0.000000,0.000000,0.000000,228.000000,-774.000000,-304.000000,-722.000000,305.000000,-390.000000,111.000000,22.000000,22.000000,22.000000,22.000000,22.000000,22.000000,22.000000,37.000000,36.000000,37.000000,38.000000,39.000000,40.000000,43.000000,1,1,1,1,1,1,1,0,0,0,0,0,0,0,74,5376.536133,837,0,1,0.647444,-0.058920,-0.323627,-3.117000,-0.400000,0.076000,0
2.727341,9.728000,-50.507999,-16.414000,93.387001,20.274000,25.875000,146.151001,0.000000,0.000000,0.000000,0.000000,0.000000,0.000000,0.000000,228.000000,-774.000000,-304.000000,-722.000000,305.000000,-390.000000,111.000000,22.000000,22.000000,22.000000,22.000000,22.000000,22.000000,22.000000,37.000000,36.000000,37.000000,38.000000,39.000000,40.000000,43.000000,1,1,1,1,1,1,1,0,0,0,0,0,0,0,74,5376.536133,837,0,1,0.648052,-0.058633,-0.323627,-3.117000,-0.400000,0.076000,0
2.737161,9.620000,-50.380001,-16.340000,93.175003,20.312000,25.981001,146.238007,0.000000,0.000000,0.000000,0.000000,0.000000,0.000000,0.000000,228.000000,-774.000000,-304.000000,-722.000000,305.000000,-390.000000,111.000000,22.000000,22.000000,22.000000,22.000000,22.000000,22.000000,22.000000,37.000000,36.000000,37.000000,38.000000,39.000000,40.000000,43.000000,1,1,1,1,1,1,1,0,0,0,0,0,0,0,74,5376.536133,836,0,1,0.648773,-0.058269,-0.323627,-3.117000,-0.400000,0.077000,0
2.747207,9.527000,-50.275002,-16.275000,93.001999,20.344000,26.066999,146.311996,0.000000,0.000000,0.000000,0.000000,0.000000,0.000000,0.000000,228.000000,-774.000000,-304.000000,-722.000000,305.000000,-390.000000,111.000000,22.000000,22.000000,22.000000,22.000000,22.000000,22.000000,22.000000,37.000000,36.000000,37.000000,38.000000,39.000000,40.000000,43.000000,1,1,1,1,1,1,1,0,0,0,0,0,0,0,74,5376.537109,837,0,1,0.649364,-0.057948,-0.323627,-3.116000,-0.399000,0.076000,0
2.757208,9.432000,-50.169998,-16.207001,92.831001,20.375999,26.152000,146.386993,0.000000,0.000000,0.000000,0.000000,0.000000,0.000000,0.000000,228.000000,-774.000000,-304.000000,-722.000000,305.000000,-390.000000,111.000000,22.000000,22.000000,22.000000,22.000000,22.000000,22.000000,22.000000,37.000000,36.000000,37.000000,38.000000,39.000000,40.000000,43.000000,1,1,1,1,1,1,1,0,0,0,0,0,0,0,74,5376.536133,837,0,1,0.649949,-0.057614,-0.323627,-3.117000,-0.400000,0.077000,1
2.767174,9.327000,-50.056000,-16.132000,92.644997,20.410000,26.243999,146.470993,0.000000,0.000000,0.000000,0.000000,0.000000,0.000000,0.000000,228.000000,-774.000000,-304.000000,-722.000000,305.000000,-390.000000,111.000000,22.000000,22.000000,22.000000,22.000000,22.000000,22.000000,22.000000,37.000000,36.000000,37.000000,38.000000,39.000000,40.000000,43.000000,1,1,1,1,1,1,1,0,0,0,0,0,0,0,74,5376.536133,836,0,1,0.650588,-0.057246,-0.323628,-3.117000,-0.400000,0.076000,1
2.777272,9.255000,-49.977001,-16.080000,92.514999,20.431999,26.308001,146.529999,0.000000,0.000000,0.000000,0.000000,0.000000,0.000000,0.000000,228.000000,-774.000000,-304.000000,-722.000000,305.000000,-390.000000,111.000000,22.000000,22.000000,22.000000,22.000000,22.000000,22.000000,22.000000,37.000000,36.000000,37.000000,38.000000,39.000000,40.000000,43.000000,1,1,1,1,1,1,1,0,0,0,0,0,0,0,74,5376.536133,837,0,1,0.651030,-0.056990,-0.323627,-3.117000,-0.400000,0.076000,1
2.787149,9.120000,-49.830002,-15.983000,92.272003,20.472000,26.427999,146.643005,0.000000,0.000000,0.000000,0.000000,0.000000,0.000000,0.000000,228.000000,-774.000000,-304.000000,-722.000000,305.000000,-390.000000,111.000000,22.000000,22.000000,22.000000,22.000000,22.000000,22.000000,22.000000,37.000000,36.000000,37.000000,38.000000,39.000000,40.000000,43.000000,1,1,1,1,1,1,1,0,0,0,0,0,0,0,74,5376.537109,837,0,1,0.651859,-0.056512,-0.323627,-3.117000,-0.400000,0.076000,1
2.797441,8.979000,-49.675999,-15.881000,92.017998,20.511999,26.552999,146.761002,0.000000,0.000000,0.000000,0.000000,0.000000,0.000000,0.000000,228.000000,-774.000000,-304.000000,-722.000000,305.000000,-390.000000,111.000000,22.000000,22.000000,22.000000,22.000000,22.000000,22.000000,22.000000,37.000000,36.000000,37.000000,38.000000,39.000000,40.000000,43.000000,1,1,1,1,1,1,1,0,0,0,0,0,0,0,74,5376.536133,837,0,1,0.652724,-0.056012,-0.323628,-3.116000,-0.399000,0.076000,1
2.807098,8.839000,-49.521999,-15.779000,91.762001,20.552000,26.680000,146.878998,0.000000,0.000000,0.000000,0.000000,0.000000,0.000000,0.000000,228.000000,-774.000000,-304.000000,-722.000000,305.000000,-390.000000,111.000000,22.000000,22.000000,22.000000,22.000000,22.000000,22.000000,22.000000,37.000000,36.000000,37.000000,38.000000,39.000000,40.000000,43.000000,1,1,1,1,1,1,1,0,0,0,0,0,0,0,74,5376.534180,837,0,1,0.653589,-0.055513,-0.323627,-3.117000,-0.400000,0.077000,1
2.817336,8.669000,-49.337002,-15.658000,91.454002,20.598000,26.832001,147.022003,0.000000,0.000000,0.000000,0.000000,0.000000,0.000000,0.000000,228.000000,-774.000000,-304.000000,-722.000000,305.000000,-390.000000,111.000000,22.000000,22.000000,22.000000,22.000000,22.000000,22.000000,22.000000,37.000000,36.000000,37.000000,38.000000,39.000000,40.000000,43.000000,1,1,1,1,1,1,1,0,0,0,0,0,0,0,74,5376.536133,836,0,1,0.654627,-0.054913,-0.323627,-3.116000,-0.400000,0.076000,1
2.827263,8.528000,-49.183998,-15.557000,91.195000,20.636000,26.959999,147.141006,0.000000,0.000000,0.000000,0.000000,0.000000,0.000000,0.000000,228.000000,-774.000000,-304.000000,-722.000000,305.000000,-390.000000,111.000000,22.000000,22.000000,22.000000,22.000000,22.000000,22.000000,22.000000,37.000000,36.000000,37.000000,38.000000,39.000000,40.000000,43.000000,1,1,1,1,1,1,1,0,0,0,0,0,0,0,74,5376.534180,836,0,1,0.655492,-0.054414,-0.323628,-3.117000,-0.400000,0.077000,1
2.837107,8.387000,-49.029999,-15.456000,90.935997,20.673000,27.089001,147.261002,0.000000,0.000000,0.000000,0.000000,0.000000,0.000000,0.000000,228.000000,-774.000000,-304.000000,-722.000000,305.000000,-390.000000,111.000000,22.000000,22.000000,22.000000,22.000000,22.000000,22.000000,22.000000,37.000000,36.000000,37.000000,38.000000,39.000000,40.000000,43.000000,1,1,1,1,1,1,1,0,0,0,0,0,0,0,74,5376.536133,836,0,1,0.656357,-0.053914,-0.323628,-3.116000,-0.399000,0.077000,1
2.847159,8.218000,-48.845001,-15.336000,90.624001,20.716999,27.243000,147.406006,0.000000,0.000000,0.000000,0.000000,0.000000,0.000000,0.000000,228.000000,-774.000000,-304.000000,-722.000000,305.000000,-390.000000,111.000000,22.000000,22.000000,22.000000,22.000000,22.000000,22.000000,22.000000,37.000000,36.000000,37.000000,38.000000,39.000000,40.000000,43.000000,1,1,1,1,1,1,1,0,0,0,0,0,0,0,74,5376.534180,838,0,1,0.657395,-0.053315,-0.323627,-3.117000,-0.400000,0.077000,1
2.857065,8.077000,-48.691002,-15.236000,90.362999,20.752001,27.372999,147.526993,0.000000,0.000000,0.000000,0.000000,0.000000,0.000000,0.000000,228.000000,-774.000000,-304.000000,-722.000000,305.000000,-390.000000,111.000000,22.000000,22.000000,22.000000,22.000000,22.000000,22.000000,22.000000,37.000000,36.000000,37.000000,38.000000,39.000000,40.000000,43.000000,1,1,1,1,1,1,1,0,0,0,0,0,0,0,74,5376.536133,836,0,1,0.658260,-0.052816,-0.323627,-3.117000,-0.400000,0.076000,1
2.867103,7.992000,-48.598999,-15.176000,90.205002,20.773001,27.451000,147.598999,0.000000,0.000000,0.000000,0.000000,0.000000,0.000000,0.000000,228.000000,-774.000000,-304.000000,-722.000000,305.000000,-390.000000,111.000000,22.000000,22.000000,22.000000,22.000000,22.000000,22.000000,22.000000,37.000000,36.000000,37.000000,38.000000,39.000000,40.000000,43.000000,1,1,1,1,1,1,1,0,0,0,0,0,0,0,74,5376.536133,836,0,1,0.658779,-0.052516,-0.323628,-3.117000,-0.400000,0.077000,1
2.877292,7.851000,-48.445000,-15.076000,89.942001,20.808001,27.582001,147.720993,0.000000,0.000000,0.000000,0.000000,0.000000,0.000000,0.000000,228.000000,-774.000000,-304.000000,-722.000000,305.000000,-390.000000,111.000000,22.000000,22.000000,22.000000,22.000000,22.000000,22.000000,22.000000,37.000000,36.000000,37.000000,38.000000,39.000000,40.000000,43.000000,1,1,1,1,1,1,1,0,0,0,0,0,0,0,74,5376.536133,837,0,1,0.659644,-0.052017,-0.323628,-3.117000,-0.400000,0.077000,1
2.887360,7.709000,-48.291000,-14.976000,89.678001,20.841999,27.714001,147.843002,0.000000,0.000000,0.000000,0.000000,0.000000,0.000000,0.000000,228.000000,-774.000000,-304.000000,-722.000000,305.000000,-390.000000,111.000000,22.000000,22.000000,22.000000,22.000000,22.000000,22.000000,22.000000,37.000000,36.000000,37.000000,38.000000,39.000000,40.000000,43.000000,1,1,1,1,1,1,1,0,0,0,0,0,0,0,74,5376.537109,836,0,1,0.660510,-0.051517,-0.323628,-3.117000,-0.400000,0.077000,1
2.897550,7.568000,-48.138000,-14.876000,89.413002,20.875000,27.846001,147.966003,0.000000,0.000000,0.000000,0.000000,0.000000,0.000000,0.000000,228.000000,-774.000000,-304.000000,-722.000000,305.000000,-390.000000,111.000000,22.000000,22.000000,22.000000,22.000000,22.000000,22.000000,22.000000,37.000000,36.000000,37.000000,38.000000,39.000000,40.000000,43.000000,1,1,1,1,1,1,1,0,0,0,0,0,0,0,74,5376.534180,836,0,1,0.661375,-0.051018,-0.323627,-3.117000,-0.399000,0.077000,1
2.907115,7.398000,-47.952999,-14.757000,89.093002,20.913000,28.004999,148.113998,0.000000,0.000000,0.000000,0.000000,0.000000,0.000000,0.000000,228.000000,-774.000000,-304.000000,-722.000000,305.000000,-390.000000,111.000000,22.000000,22.000000,22.000000,22.000000,22.000000,22.000000,22.000000,37.000000,36.000000,37.000000,38.000000,39.000000,40.000000,43.000000,1,1,1,1,1,1,1,0,0,0,0,0,0,0,74,5376.536133,837,0,1,0.662413,-0.050418,-0.323627,-3.117000,-0.400000,0.077000,1
2.917127,7.256000,-47.799000,-14.658000,88.824997,20.945000,28.139000,148.237000,0.000000,0.000000,0.000000,0.000000,0.000000,0.000000,0.000000,228.000000,-774.000000,-304.000000,-722.000000,305.000000,-390.000000,111.000000,22.000000,22.000000,22.000000,22.000000,22.000000,22.000000,22.000000,37.000000,36.000000,37.000000,38.000000,39.000000,40.000000,43.000000,1,1,1,1,1,1,1,0,0,0,0,0,0,0,74,5376.537109,837,0,1,0.663278,-0.049919,-0.323627,-3.117000,-0.400000,0.076000,1
2.927182,7.115000,-47.645000,-14.559000,88.556999,20.975000,28.273001,148.360992,0.000000,0.000000,0.000000,0.000000,0.000000,0.000000,0.000000,228.000000,-774.000000,-304.000000,-722.000000,305.000000,-390.000000,111.000000,22.000000,22.000000,22.000000,22.000000,22.000000,22.000000,22.000000,37.000000,36.000000,37.000000,38.000000,39.000000,40.000000,43.000000,1,1,1,1,1,1,1,0,0,0,0,0,0,0,74,5376.536133,836,0,1,0.664143,-0.049419,-0.323627,-3.117000,-0.399000,0.076000,1
2.937085,6.973000,-47.491001,-14.460000,88.287003,21.004999,28.407000,148.485992,0.000000,0.000000,0.000000,0.000000,0.000000,0.000000,0.000000,228.000000,-774.000000,-304.000000,-722.000000,305.000000,-390.000000,111.000000,22.000000,22.000000,22.000000,22.000000,22.000000,22.000000,22.000000,37.000000,36.000000,37.000000,38.000000,39.000000,40.000000,43.000000,1,1,1,1,1,1,1,0,0,0,0,0,0,0,74,5376.536133,837,0,1,0.665008,-0.048920,-0.323628,-3.117000,-0.400000,0.077000,1
2.947590,6.803000,-47.306000,-14.342000,87.961998,21.040001,28.570000,148.636002,0.000000,0.000000,0.000000,0.000000,0.000000,0.000000,0.000000,228.000000,-774.000000,-304.000000,-722.000000,305.000000,-390.000000,111.000000,22.000000,22.000000,22.000000,22.000000,22.000000,22.000000,22.000000,37.000000,36.000000,37.000000,38.000000,39.000000,40.000000,43.000000,1,1,1,1,1,1,1,0,0,0,0,0,0,0,74,5376.536133,835,0,1,0.666046,-0.048320,-0.323628,-3.117000,-0.399000,0.077000,1
2.957082,6.661000,-47.152000,-14.244000,87.690002,21.069000,28.705999,148.761993,0.000000,0.000000,0.000000,0.000000,0.000000,0.000000,0.000000,228.000000,-774.000000,-304.000000,-722.000000,305.000000,-390.000000,111.000000,22.000000,22.000000,22.000000,22.000000,22.000000,22.000000,22.000000,37.000000,36.000000,37.000000,38.000000,39.000000,40.000000,43.000000,1,1,1,1,1,1,1,0,0,0,0,0,0,0,74,5376.537109,836,0,1,0.666911,-0.047821,-0.323627,-3.117000,-0.399000,0.077000,1
2.967105,6.604000,-47.091000,-14.205000,87.580002,21.080000,28.761000,148.811996,0.000000,0.000000,0.000000,0.000000,0.000000,0.000000,0.000000,228.000000,-774.000000,-304.000000,-722.000000,305.000000,-390.000000,111.000000,22.000000,22.000000,22.000000,22.000000,22.000000,22.000000,22.000000,37.000000,36.000000,37.000000,38.000000,39.000000,40.000000,43.000000,1,1,1,1,1,1,1,0,0,0,0,0,0,0,74,5376.536133,838,0,1,0.667257,-0.047621,-0.323627,-3.117000,-0.400000,0.076000,1
2.977159,6.377000,-46.844002,-14.048000,87.141998,21.124001,28.980000,149.014999,0.000000,0.000000,0.000000,0.000000,0.000000,0.000000,0.000000,228.000000,-774.000000,-304.000000,-722.000000,305.000000,-390.000000,111.000000,22.000000,22.000000,22.000000,22.000000,22.000000,22.000000,22.000000,37.000000,36.000000,37.000000,38.000000,39.000000,40.000000,43.000000,1,1,1,1,1,1,1,0,0,0,0,0,0,0,74,5376.536133,837,0,1,0.668641,-0.046822,-0.323628,-3.117000,-0.400000,0.076000,1
2.987089,6.292000,-46.751999,-13.989000,86.975998,21.139000,29.063000,149.091003,0.000000,0.000000,0.000000,0.000000,0.000000,0.000000,0.000000,228.000000,-774.000000,-304.000000,-722.000000,305.000000,-390.000000,111.000000,22.000000,22.000000,22.000000,22.000000,22.000000,22.000000,22.000000,37.000000,36.000000,37.000000,38.000000,39.000000,40.000000,43.000000,1,1,1,1,1,1,1,0,0,0,0,0,0,0,74,5376.537109,836,0,1,0.669160,-0.046522,-0.323628,-3.117000,-0.400000,0.076000,1
2.997090,6.150000,-46.597000,-13.892000,86.699997,21.165001,29.201000,149.218002,0.000000,0.000000,0.000000,0.000000,0.000000,0.000000,0.000000,228.000000,-774.000000,-304.000000,-722.000000,305.000000,-390.000000,111.000000,22.000000,22.000000,22.000000,22.000000,22.000000,22.000000,22.000000,37.000000,36.000000,37.000000,38.000000,39.000000,40.000000,43.000000,1,1,1,1,1,1,1,0,0,0,0,0,0,0,74,5376.534180,836,0,1,0.670025,-0.046023,-0.323627,-3.116000,-0.400000,0.077000,1
3.007298,5.980000,-46.411999,-13.775000,86.366997,21.195000,29.368000,149.371994,0.000000,0.000000,0.000000,0.000000,0.000000,0.000000,0.000000,228.000000,-774.000000,-304.000000,-722.000000,305.000000,-390.000000,111.000000,22.000000,22.000000,22.000000,22.000000,22.000000,22.000000,22.000000,37.000000,36.000000,37.000000,38.000000,39.000000,40.000000,43.000000,1,1,1,1,1,1,1,0,0,0,0,0,0,0,74,5376.536133,836,0,1,0.671064,-0.045424,-0.323628,-3.117000,-0.400000,0.076000,1
3.017135,5.838000,-46.257999,-13.677000,86.087997,21.219999,29.507999,149.500000,0.000000,0.000000,0.000000,0.000000,0.000000,0.000000,0.000000,228.000000,-774.000000,-304.000000,-722.000000,305.000000,-390.000000,111.000000,22.000000,22.000000,22.000000,22.000000,22.000000,22.000000,22.000000,37.000000,36.000000,37.000000,38.000000,39.000000,40.000000,43.000000,1,1,1,1,1,1,1,0,0,0,0,0,0,0,74,5376.536133,836,0,1,0.671929,-0.044924,-0.323627,-3.117000,-0.400000,0.077000,1
3.027082,5.696000,-46.103001,-13.580000,85.807999,21.243000,29.649000,149.628998,0.000000,0.000000,0.000000,0.000000,0.000000,0.000000,0.000000,228.000000,-774.000000,-304.000000,-722.000000,305.000000,-390.000000,111.000000,22.000000,22.000000,22.000000,22.000000,22.000000,22.000000,22.000000,37.000000,36.000000,37.000000,38.000000,39.000000,40.000000,43.000000,1,1,1,1,1,1,1,0,0,0,0,0,0,0,74,5376.536133,836,0,1,0.672795,-0.044425,-0.323627,-3.117000,-0.400000,0.077000,0
3.037052,5.555000,-45.948002,-13.484000,85.525002,21.266001,29.791000,149.757996,0.000000,0.000000,0.000000,0.000000,0.000000,0.000000,0.000000,228.000000,-774.000000,-304.000000,-722.000000,305.000000,-390.000000,111.000000,22.000000,22.000000,22.000000,22.000000,22.000000,22.000000,22.000000,37.000000,36.000000,37.000000,38.000000,39.000000,40.000000,43.000000,1,1,1,1,1,1,1,0,0,0,0,0,0,0,74,5376.536133,836,0,1,0.673664,-0.043929,-0.323628,-3.117000,-0.400000,0.076000,0
3.047155,5.415000,-45.792000,-13.389000,85.239998,21.288000,29.934000,149.886993,0.000000,0.000000,0.000000,0.000000,0.000000,0.000000,0.000000,228.000000,-774.000000,-304.000000,-722.000000,305.000000,-390.000000,111.000000,22.000000,22.000000,22.000000,22.000000,22.000000,22.000000,22.000000,37.000000,36.000000,37.000000,38.000000,39.000000,40.000000,43.000000,1,1,1,1,1,1,1,0,0,0,0,0,0,0,74,5376.536133,837,0,1,0.674536,-0.043438,-0.323627,-3.117000,-0.400000,0.076000,0
3.057038,5.248000,-45.604000,-13.277000,84.893997,21.313000,30.108000,150.042999,0.000000,0.000000,0.000000,0.000000,0.000000,0.000000,0.000000,228.000000,-774.000000,-304.000000,-722.000000,305.000000,-390.000000,111.000000,22.000000,22.000000,22.000000,22.000000,22.000000,22.000000,22.000000,37.000000,36.000000,37.000000,38.000000,39.000000,40.000000,43.000000,1,1,1,1,1,1,1,0,0,0,0,0,0,0,74,5376.536133,838,0,1,0.675586,-0.042855,-0.323627,-3.117000,-0.400000,0.076000,0
3.067108,5.110000,-45.446999,-13.186000,84.603996,21.333000,30.254000,150.171997,0.000000,0.000000,0.000000,0.000000,0.000000,0.000000,0.000000,228.000000,-774.000000,-304.000000,-722.000000,305.000000,-390.000000,111.000000,22.000000,22.000000,22.000000,22.000000,22.000000,22.000000,22.000000,37.000000,36.000000,37.000000,38.000000,39.000000,40.000000,43.000000,1,1,1,1,1,1,1,0,0,0,0,0,0,0,74,5376.534180,836,0,1,0.676464,-0.042375,-0.323628,-3.117000,-0.400000,0.077000,0
3.077067,4.973000,-45.289001,-13.095000,84.310997,21.351999,30.402000,150.300995,0.000000,0.000000,0.000000,0.000000,0.000000,0.000000,0.000000,228.000000,-774.000000,-304.000000,-722.000000,305.000000,-390.000000,111.000000,22.000000,22.000000,22.000000,22.000000,22.000000,22.000000,22.000000,37.000000,36.000000,37.000000,38.000000,39.000000,40.000000,43.000000,1,1,1,1,1,1,1,0,0,0,0,0,0,0,74,5376.537109,837,0,1,0.677345,-0.041900,-0.323627,-3.117000,-0.400000,0.077000,0
3.087148,4.838000,-45.130001,-13.006000,84.014999,21.370001,30.551001,150.431000,0.000000,0.000000,0.000000,0.000000,0.000000,0.000000,0.000000,228.000000,-774.000000,-304.000000,-722.000000,305.000000,-390.000000,111.000000,22.000000,22.000000,22.000000,22.000000,22.000000,22.000000,22.000000,37.000000,36.000000,37.000000,38.000000,39.000000,40.000000,43.000000,1,1,1,1,1,1,1,0,0,0,0,0,0,0,74,5376.534180,839,0,1,0.678228,-0.041430,-0.323628,-3.117000,-0.400000,0.077000,0
3.097239,4.757000,-45.034000,-12.953000,83.835999,21.379999,30.641001,150.507996,0.000000,0.000000,0.000000,0.000000,0.000000,0.000000,0.000000,228.000000,-774.000000,-304.000000,-722.000000,305.000000,-390.000000,111.000000,22.000000,22.000000,22.000000,22.000000,22.000000,22.000000,22.000000,37.000000,36.000000,37.000000,38.000000,39.000000,40.000000,43.000000,1,1,1,1,1,1,1,0,0,0,0,0,0,0,74,5376.536133,837,0,1,0.678759,-0.041150,-0.323628,-3.117000,-0.399000,0.076000,0
3.107198,4.623000,-44.875000,-12.866000,83.537003,21.396999,30.792999,150.638000,0.000000,0.000000,0.000000,0.000000,0.000000,0.000000,0.000000,228.000000,-774.000000,-304.000000,-722.000000,305.000000,-390.000000,111.000000,22.000000,22.000000,22.000000,22.000000,22.000000,22.000000,22.000000,37.000000,36.000000,37.000000,38.000000,39.000000,40.000000,43.000000,1,1,1,1,1,1,1,0,0,0,0,0,0,0,74,5376.537109,836,0,1,0.679647,-0.040688,-0.323627,-3.117000,-0.400000,0.077000,0
3.117147,4.490000,-44.714001,-12.780000,83.235001,21.413000,30.945999,150.766998,0.000000,0.000000,0.000000,0.000000,0.000000,0.000000,0.000000,228.000000,-774.000000,-304.000000,-722.000000,305.000000,-390.000000,111.000000,22.000000,22.000000,22.000000,22.000000,22.000000,22.000000,22.000000,37.000000,36.000000,37.000000,38.000000,39.000000,40.000000,43.000000,1,1,1,1,1,1,1,0,0,0,0,0,0,0,74,5376.537109,836,0,1,0.680537,-0.040231,-0.323627,-3.117000,-0.400000,0.076000,0
3.127552,4.332000,-44.521000,-12.679000,82.869003,21.431000,31.131001,150.923004,0.000000,0.000000,0.000000,0.000000,0.000000,0.000000,0.000000,228.000000,-774.000000,-304.000000,-722.000000,305.000000,-390.000000,111.000000,22.000000,22.000000,22.000000,22.000000,22.000000,22.000000,22.000000,37.000000,36.000000,37.000000,38.000000,39.000000,40.000000,43.000000,1,1,1,1,1,1,1,0,0,0,0,0,0,0,74,5376.537109,836,0,1,0.681609,-0.039689,-0.323627,-3.117000,-0.400000,0.077000,0
3.137111,4.201000,-44.359001,-12.596000,82.560997,21.445000,31.287001,151.052002,0.000000,0.000000,0.000000,0.000000,0.000000,0.000000,0.000000,228.000000,-774.000000,-304.000000,-722.000000,305.000000,-390.000000,111.000000,22.000000,22.000000,22.000000,22.000000,22.000000,22.000000,22.000000,37.000000,36.000000,37.000000,38.000000,39.000000,40.000000,43.000000,1,1,1,1,1,1,1,0,0,0,0,0,0,0,74,5376.536133,836,0,1,0.682505,-0.039243,-0.323628,-3.116000,-0.399000,0.076000,0
3.147306,4.072000,-44.195999,-12.515000,82.250999,21.458000,31.444000,151.182007,0.000000,0.000000,0.000000,0.000000,0.000000,0.000000,0.000000,228.000000,-774.000000,-304.000000,-722.000000,305.000000,-390.000000,111.000000,22.000000,22.000000,22.000000,22.000000,22.000000,22.000000,22.000000,37.000000,36.000000,37.000000,38.000000,39.000000,40.000000,43.000000,1,1,1,1,1,1,1,0,0,0,0,0,0,0,74,5376.536133,837,0,1,0.683403,-0.038802,-0.323627,-3.117000,-0.400000,0.077000,0
3.157102,3.919000,-44.000000,-12.419000,81.875999,21.473000,31.634001,151.337006,0.000000,0.000000,0.000000,0.000000,0.000000,0.000000,0.000000,228.000000,-774.000000,-304.000000,-722.000000,305.000000,-390.000000,111.000000,22.000000,22.000000,22.000000,22.000000,22.000000,22.000000,22.000000,37.000000,36.000000,37.000000,38.000000,39.000000,40.000000,43.000000,1,1,1,1,1,1,1,0,0,0,0,0,0,0,74,5376.536133,837,0,1,0.684485,-0.038280,-0.323628,-3.117000,-0.400000,0.077000,0
3.167154,3.792000,-43.835999,-12.341000,81.559998,21.483999,31.794001,151.466995,0.000000,0.000000,0.000000,0.000000,0.000000,0.000000,0.000000,228.000000,-774.000000,-304.000000,-722.000000,305.000000,-390.000000,111.000000,22.000000,22.000000,22.000000,22.000000,22.000000,22.000000,22.000000,37.000000,36.000000,37.000000,38.000000,39.000000,40.000000,43.000000,1,1,1,1,1,1,1,0,0,0,0,0,0,0,74,5376.536133,837,0,1,0.685389,-0.037850,-0.323627,-3.116000,-0.400000,0.076000,0
3.177712,3.742000,-43.770000,-12.310000,81.432999,21.488001,31.858999,151.518005,0.000000,0.000000,0.000000,0.000000,0.000000,0.000000,0.000000,228.000000,-774.000000,-304.000000,-722.000000,305.000000,-390.000000,111.000000,22.000000,22.000000,22.000000,22.000000,22.000000,22.000000,22.000000,37.000000,36.000000,37.000000,38.000000,39.000000,40.000000,43.000000,1,1,1,1,1,1,1,0,0,0,0,0,0,0,74,5376.537109,837,0,1,0.685751,-0.037680,-0.323628,-3.117000,-0.400000,0.077000,0
3.187393,3.592000,-43.571999,-12.219000,81.050003,21.500999,32.054001,151.673996,0.000000,0.000000,0.000000,0.000000,0.000000,0.000000,0.000000,228.000000,-774.000000,-304.000000,-722.000000,305.000000,-390.000000,111.000000,22.000000,22.000000,22.000000,22.000000,22.000000,22.000000,22.000000,37.000000,36.000000,37.000000,38.000000,39.000000,40.000000,43.000000,1,1,1,1,1,1,1,0,0,0,0,0,0,0,74,5376.537109,835,0,1,0.686840,-0.037174,-0.323628,-3.117000,-0.400000,0.077000,0
3.197789,3.469000,-43.405998,-12.144000,80.727997,21.510000,32.216999,151.802994,0.000000,0.000000,0.000000,0.000000,0.000000,0.000000,0.000000,228.000000,-774.000000,-304.000000,-722.000000,305.000000,-390.000000,111.000000,22.000000,22.000000,22.000000,22.000000,22.000000,22.000000,22.000000,37.000000,36.000000,37.000000,38.000000,39.000000,40.000000,43.000000,1,1,1,1,1,1,1,0,0,0,0,0,0,0,74,5376.536133,836,0,1,0.687750,-0.036758,-0.323628,-3.117000,-0.399000,0.077000,0
3.207626,3.347000,-43.238998,-12.071000,80.403000,21.518000,32.382000,151.932999,0.000000,0.000000,0.000000,0.000000,0.000000,0.000000,0.000000,228.000000,-774.000000,-304.000000,-722.000000,305.000000,-390.000000,111.000000,22.000000,22.000000,22.000000,22.000000,22.000000,22.000000,22.000000,37.000000,36.000000,37.000000,38.000000,39.000000,40.000000,43.000000,1,1,1,1,1,1,1,0,0,0,0,0,0,0,74,5376.538086,837,0,1,0.688662,-0.036347,-0.323628,-3.117000,-0.399000,0.076000,0
3.217110,3.226000,-43.070999,-11.999000,80.075996,21.525999,32.549000,152.061996,0.000000,0.000000,0.000000,0.000000,0.000000,0.000000,0.000000,228.000000,-774.000000,-304.000000,-722.000000,305.000000,-390.000000,111.000000,22.000000,22.000000,22.000000,22.000000,22.000000,22.000000,22.000000,37.000000,36.000000,37.000000,38.000000,39.000000,40.000000,43.000000,1,1,1,1,1,1,1,0,0,0,0,0,0,0,74,5376.536133,836,0,1,0.689577,-0.035941,-0.323628,-3.117000,-0.400000,0.076000,0
3.227087,3.107000,-42.902000,-11.929000,79.746002,21.533001,32.716999,152.190994,0.000000,0.000000,0.000000,0.000000,0.000000,0.000000,0.000000,228.000000,-774.000000,-304.000000,-722.000000,305.000000,-390.000000,111.000000,22.000000,22.000000,22.000000,22.000000,22.000000,22.000000,22.000000,37.000000,36.000000,37.000000,38.000000,39.000000,40.000000,43.000000,1,1,1,1,1,1,1,0,0,0,0,0,0,0,74,5376.536133,835,0,1,0.690494,-0.035540,-0.323628,-3.117000,-0.400000,0.077000,0
3.237100,2.965000,-42.699001,-11.846000,79.347000,21.540001,32.919998,152.347000,0.000000,0.000000,0.000000,0.000000,0.000000,0.000000,0.000000,228.000000,-774.000000,-304.000000,-722.000000,305.000000,-390.000000,111.000000,22.000000,22.000000,22.000000,22.000000,22.000000,22.000000,22.000000,37.000000,36.000000,37.000000,38.000000,39.000000,40.000000,43.000000,1,1,1,1,1,1,1,0,0,0,0,0,0,0,74,5376.537109,837,0,1,0.691597,-0.035066,-0.323627,-3.117000,-0.400000,0.077000,0
3.247202,2.849000,-42.528999,-11.779000,79.012001,21.545000,33.091000,152.475998,0.000000,0.000000,0.000000,0.000000,0.000000,0.000000,0.000000,228.000000,-774.000000,-304.000000,-722.000000,305.000000,-390.000000,111.000000,22.000000,22.000000,22.000000,22.000000,22.000000,22.000000,22.000000,37.000000,36.000000,37.000000,38.000000,39.000000,40.000000,43.000000,1,1,1,1,1,1,1,0,0,0,0,0,0,0,74,5376.537109,837,0,1,0.692519,-0.034677,-0.323628,-3.117000,-0.400000,0.076000,0
3.257145,2.733000,-42.358002,-11.713000,78.674004,21.549999,33.263000,152.604996,0.000000,0.000000,0.000000,0.000000,0.000000,0.000000,0.000000,228.000000,-774.000000,-304.000000,-722.000000,305.000000,-390.000000,111.000000,22.000000,22.000000,22.000000,22.000000,22.000000,22.000000,22.000000,37.000000,36.000000,37.000000,38.000000,39.000000,40.000000,43.000000,1,1,1,1,1,1,1,0,0,0,0,0,0,0,74,5376.536133,837,0,1,0.693443,-0.034293,-0.323628,-3.117000,-0.400000,0.077000,0
3.267405,2.620000,-42.186001,-11.649000,78.334000,21.552999,33.436001,152.735001,0.000000,0.000000,0.000000,0.000000,0.000000,0.000000,0.000000,228.000000,-774.000000,-304.000000,-722.000000,305.000000,-390.000000,111.000000,22.000000,22.000000,22.000000,22.000000,22.000000,22.000000,22.000000,37.000000,36.000000,37.000000,38.000000,39.000000,40.000000,43.000000,1,1,1,1,1,1,1,0,0,0,0,0,0,0,74,5376.537109,835,0,1,0.694370,-0.033914,-0.323627,-3.117000,-0.400000,0.076000,0
3.277804,2.485000,-41.978001,-11.574000,77.921997,21.556999,33.646000,152.889999,0.000000,0.000000,0.000000,0.000000,0.000000,0.000000,0.000000,228.000000,-774.000000,-304.000000,-722.000000,305.000000,-390.000000,111.000000,22.000000,22.000000,22.000000,22.000000,22.000000,22.000000,22.000000,37.000000,36.000000,37.000000,38.000000,39.000000,40.000000,43.000000,1,1,1,1,1,1,1,0,0,0,0,0,0,0,74,5376.536133,837,0,1,0.695484,-0.033466,-0.323628,-3.117000,-0.400000,0.076000,0
3.287216,2.374000,-41.804001,-11.512000,77.575996,21.559000,33.823002,153.018997,0.000000,0.000000,0.000000,0.000000,0.000000,0.000000,0.000000,228.000000,-774.000000,-304.000000,-722.000000,305.000000,-390.000000,111.000000,22.000000,22.000000,22.000000,22.000000,22.000000,22.000000,22.000000,37.000000,36.000000,37.000000,38.000000,39.000000,40.000000,43.000000,1,1,1,1,1,1,1,0,0,0,0,0,0,0,74,5376.534180,837,0,1,0.696415,-0.033099,-0.323627,-3.117000,-0.400000,0.077000,0
3.297548,2.308000,-41.699001,-11.477000,77.366997,21.559000,33.930000,153.095993,0.000000,0.000000,0.000000,0.000000,0.000000,0.000000,0.000000,228.000000,-774.000000,-304.000000,-722.000000,305.000000,-390.000000,111.000000,22.000000,22.000000,22.000000,22.000000,22.000000,22.000000,22.000000,37.000000,36.000000,37.000000,38.000000,39.000000,40.000000,43.000000,1,1,1,1,1,1,1,0,0,0,0,0,0,0,74,5376.536133,837,0,1,0.696974,-0.032881,-0.323628,-3.117000,-0.399000,0.077000,0
3.307164,2.200000,-41.523998,-11.418000,77.015999,21.559999,34.108002,153.225006,0.000000,0.000000,0.000000,0.000000,0.000000,0.000000,0.000000,228.000000,-774.000000,-304.000000,-722.000000,305.000000,-390.000000,111.000000,22.000000,22.000000,22.000000,22.000000,22.000000,22.000000,22.000000,37.000000,36.000000,37.000000,38.000000,39.000000,40.000000,43.000000,1,1,1,1,1,1,1,0,0,0,0,0,0,0,74,5376.537109,836,0,1,0.697908,-0.032523,-0.323628,-3.117000,-0.400000,0.077000,0
3.317204,2.092000,-41.348000,-11.361000,76.663002,21.559999,34.287998,153.354004,0.000000,0.000000,0.000000,0.000000,0.000000,0.000000,0.000000,228.000000,-774.000000,-304.000000,-722.000000,305.000000,-390.000000,111.000000,22.000000,22.000000,22.000000,22.000000,22.000000,22.000000,22.000000,37.000000,36.000000,37.000000,38.000000,39.000000,40.000000,43.000000,1,1,1,1,1,1,1,0,0,0,0,0,0,0,74,5376.536133,837,0,1,0.698845,-0.032169,-0.323627,-3.117000,-0.400000,0.077000,0
3.327415,1.987000,-41.171001,-11.305000,76.307999,21.559999,34.470001,153.483002,0.000000,0.000000,0.000000,0.000000,0.000000,0.000000,0.000000,228.000000,-774.000000,-304.000000,-722.000000,305.000000,-390.000000,111.000000,22.000000,22.000000,22.000000,22.000000,22.000000,22.000000,22.000000,37.000000,36.000000,37.000000,38.000000,39.000000,40.000000,43.000000,1,1,1,1,1,1,1,0,0,0,0,0,0,0,74,5376.534180,836,0,1,0.699783,-0.031821,-0.323628,-3.117000,-0.400000,0.076000,0
3.337492,1.862000,-40.957001,-11.240000,75.877998,21.558001,34.689999,153.638000,0.000000,0.000000,0.000000,0.000000,0.000000,0.000000,0.000000,228.000000,-774.000000,-304.000000,-722.000000,305.000000,-390.000000,111.000000,22.000000,22.000000,22.000000,22.000000,22.000000,22.000000,22.000000,37.000000,36.000000,37.000000,38.000000,39.000000,40.000000,43.000000,1,1,1,1,1,1,1,0,0,0,0,0,0,0,74,5376.536133,836,0,1,0.700912,-0.031410,-0.323628,-3.117000,-0.400000,0.076000,0
3.347162,1.760000,-40.777000,-11.188000,75.515999,21.556000,34.874001,153.766998,0.000000,0.000000,0.000000,0.000000,0.000000,0.000000,0.000000,228.000000,-774.000000,-304.000000,-722.000000,305.000000,-390.000000,111.000000,22.000000,22.000000,22.000000,22.000000,22.000000,22.000000,22.000000,37.000000,36.000000,37.000000,38.000000,39.000000,40.000000,43.000000,1,1,1,1,1,1,1,0,0,0,0,0,0,0,74,5376.536133,837,0,1,0.701854,-0.031074,-0.323627,-3.117000,-0.400000,0.077000,0
3.357198,1.659000,-40.597000,-11.137000,75.152000,21.552999,35.060001,153.895996,0.000000,0.000000,0.000000,0.000000,0.000000,0.000000,0.000000,228.000000,-774.000000,-304.000000,-722.000000,305.000000,-390.000000,111.000000,22.000000,22.000000,22.000000,22.000000,22.000000,22.000000,22.000000,37.000000,36.000000,37.000000,38.000000,39.000000,40.000000,43.000000,1,1,1,1,1,1,1,0,0,0,0,0,0,0,74,5376.536133,836,0,1,0.702798,-0.030743,-0.323627,-3.117000,-0.400000,0.077000,0
3.367136,1.559000,-40.416000,-11.088000,74.785004,21.549999,35.248001,154.024002,0.000000,0.000000,0.000000,0.000000,0.000000,0.000000,0.000000,228.000000,-774.000000,-304.000000,-722.000000,305.000000,-390.000000,111.000000,22.000000,22.000000,22.000000,22.000000,22.000000,22.000000,22.000000,37.000000,36.000000,37.000000,38.000000,39.000000,40.000000,43.000000,1,1,1,1,1,1,1,0,0,0,0,0,0,0,74,5376.537109,838,0,1,0.703745,-0.030417,-0.323627,-3.117000,-0.400000,0.076000,0
3.377026,1.462000,-40.234001,-11.040000,74.415001,21.545000,35.437000,154.153000,0.000000,0.000000,0.000000,0.000000,0.000000,0.000000,0.000000,228.000000,-774.000000,-304.000000,-722.000000,305.000000,-390.000000,111.000000,22.000000,22.000000,22.000000,22.000000,22.000000,22.000000,22.000000,37.000000,36.000000,37.000000,38.000000,39.000000,40.000000,43.000000,1,1,1,1,1,1,1,0,0,0,0,0,0,0,74,5376.536133,838,0,1,0.704693,-0.030097,-0.323627,-3.117000,-0.400000,0.076000,0
3.387062,1.346000,-40.014000,-10.985000,73.968002,21.539000,35.665001,154.307007,0.000000,0.000000,0.000000,0.000000,0.000000,0.000000,0.000000,228.000000,-774.000000,-304.000000,-722.000000,305.000000,-390.000000,111.000000,22.000000,22.000000,22.000000,22.000000,22.000000,22.000000,22.000000,37.000000,36.000000,37.000000,38.000000,39.000000,40.000000,43.000000,1,1,1,1,1,1,1,0,0,0,0,0,0,0,74,5376.534180,837,0,1,0.705833,-0.029720,-0.323627,-3.117000,-0.400000,0.077000,0
3.397076,1.252000,-39.830002,-10.941000,73.592003,21.534000,35.856998,154.436005,0.000000,0.000000,0.000000,0.000000,0.000000,0.000000,0.000000,228.000000,-774.000000,-304.000000,-722.000000,305.000000,-390.000000,111.000000,22.000000,22.000000,22.000000,22.000000,22.000000,22.000000,22.000000,37.000000,36.000000,37.000000,38.000000,39.000000,40.000000,43.000000,1,1,1,1,1,1,1,0,0,0,0,0,0,0,74,5376.537109,836,0,1,0.706785,-0.029411,-0.323628,-3.117000,-0.400000,0.076000,0
3.407158,1.159000,-39.644001,-10.898000,73.213997,21.528000,36.050999,154.563995,0.000000,0.000000,0.000000,0.000000,0.000000,0.000000,0.000000,228.000000,-774.000000,-304.000000,-722.000000,305.000000,-390.000000,111.000000,22.000000,22.000000,22.000000,22.000000,22.000000,22.000000,22.000000,37.000000,36.000000,37.000000,38.000000,39.000000,40.000000,43.000000,1,1,1,1,1,1,1,0,0,0,0,0,0,0,74,5376.534180,836,0,1,0.707738,-0.029108,-0.323627,-3.117000,-0.400000,0.077000,0
3.417165,1.068000,-39.458000,-10.857000,72.833000,21.521000,36.245998,154.692993,0.000000,0.000000,0.000000,0.000000,0.000000,0.000000,0.000000,228.000000,-774.000000,-304.000000,-722.000000,305.000000,-390.000000,111.000000,22.000000,22.000000,22.000000,22.000000,22.000000,22.000000,22.000000,37.000000,36.000000,37.000000,38.000000,39.000000,40.000000,43.000000,1,1,1,1,1,1,1,0,0,0,0,0,0,0,74,5376.536133,836,0,1,0.708694,-0.028810,-0.323627,-3.117000,-0.400000,0.077000,0
3.427120,1.014000,-39.345001,-10.833000,72.601997,21.516001,36.362999,154.770004,0.000000,0.000000,0.000000,0.000000,0.000000,0.000000,0.000000,228.000000,-774.000000,-304.000000,-722.000000,305.000000,-390.000000,111.000000,22.000000,22.000000,22.000000,22.000000,22.000000,22.000000,22.000000,37.000000,36.000000,37.000000,38.000000,39.000000,40.000000,43.000000,1,1,1,1,1,1,1,0,0,0,0,0,0,0,74,5376.536133,838,0,1,0.709268,-0.028634,-0.323628,-3.117000,-0.400000,0.077000,0
3.437284,0.925000,-39.157001,-10.795000,72.217003,21.507999,36.561001,154.897995,0.000000,0.000000,0.000000,0.000000,0.000000,0.000000,0.000000,228.000000,-774.000000,-304.000000,-722.000000,305.000000,-390.000000,111.000000,22.000000,22.000000,22.000000,22.000000,22.000000,22.000000,22.000000,37.000000,36.000000,37.000000,38.000000,39.000000,40.000000,43.000000,1,1,1,1,1,1,1,0,0,0,0,0,0,0,74,5376.536133,838,0,1,0.710226,-0.028345,-0.323628,-3.117000,-0.400000,0.077000,0
3.447170,0.821000,-38.930000,-10.751000,71.750000,21.497999,36.799000,155.050995,0.000000,0.000000,0.000000,0.000000,0.000000,0.000000,0.000000,228.000000,-774.000000,-304.000000,-722.000000,305.000000,-390.000000,111.000000,22.000000,22.000000,22.000000,22.000000,22.000000,22.000000,22.000000,37.000000,36.000000,37.000000,38.000000,39.000000,40.000000,43.000000,1,1,1,1,1,1,1,0,0,0,0,0,0,0,74,5376.536133,836,0,1,0.711378,-0.028006,-0.323628,-3.117000,-0.399000,0.076000,0
3.457113,0.737000,-38.738998,-10.716000,71.358002,21.489000,37.000000,155.179993,0.000000,0.000000,0.000000,0.000000,0.000000,0.000000,0.000000,228.000000,-774.000000,-304.000000,-722.000000,305.000000,-390.000000,111.000000,22.000000,22.000000,22.000000,22.000000,22.000000,22.000000,22.000000,37.000000,36.000000,37.000000,38.000000,39.000000,40.000000,43.000000,1,1,1,1,1,1,1,0,0,0,0,0,0,0,74,5376.536133,836,0,1,0.712339,-0.027729,-0.323627,-3.117000,-0.400000,0.076000,0
3.467159,0.653000,-38.547001,-10.683000,70.961998,21.479000,37.202000,155.307007,0.000000,0.000000,0.000000,0.000000,0.000000,0.000000,0.000000,228.000000,-774.000000,-304.000000,-722.000000,305.000000,-390.000000,111.000000,22.000000,22.000000,22.000000,22.000000,22.000000,22.000000,22.000000,37.000000,36.000000,37.000000,38.000000,39.000000,40.000000,43.000000,1,1,1,1,1,1,1,0,0,0,0,0,0,0,74,5376.536133,835,0,1,0.713303,-0.027457,-0.323628,-3.117000,-0.400000,0.076000,0
3.477139,0.572000,-38.354000,-10.652000,70.564003,21.469000,37.404999,155.434998,0.000000,0.000000,0.000000,0.000000,0.000000,0.000000,0.000000,228.000000,-774.000000,-304.000000,-722.000000,305.000000,-390.000000,111.000000,22.000000,22.000000,22.000000,22.000000,22.000000,22.000000,22.000000,37.000000,36.000000,37.000000,38.000000,39.000000,40.000000,43.000000,1,1,1,1,1,1,1,0,0,0,0,0,0,0,74,5376.534180,837,0,1,0.714267,-0.027191,-0.323627,-3.117000,-0.399000,0.077000,0
3.487126,0.524000,-38.237999,-10.634000,70.323997,21.462000,37.528000,155.511993,0.000000,0.000000,0.000000,0.000000,0.000000,0.000000,0.000000,228.000000,-774.000000,-304.000000,-722.000000,305.000000,-390.000000,111.000000,22.000000,22.000000,22.000000,22.000000,22.000000,22.000000,22.000000,37.000000,36.000000,37.000000,38.000000,39.000000,40.000000,43.000000,1,1,1,1,1,1,1,0,0,0,0,0,0,0,74,5376.536133,838,0,1,0.714847,-0.027034,-0.323628,-3.117000,-0.400000,0.077000,0
3.497162,0.398000,-37.925999,-10.588000,69.679001,21.444000,37.858002,155.716995,0.000000,0.000000,0.000000,0.000000,0.000000,0.000000,0.000000,228.000000,-774.000000,-304.000000,-722.000000,305.000000,-390.000000,111.000000,22.000000,22.000000,22.000000,22.000000,22.000000,22.000000,22.000000,37.000000,36.000000,37.000000,38.000000,39.000000,40.000000,43.000000,1,1,1,1,1,1,1,0,0,0,0,0,0,0,74,5376.536133,836,0,1,0.716394,-0.026619,-0.323627,-3.117000,-0.399000,0.076000,1
3.507085,0.320000,-37.729000,-10.559000,69.272003,21.431999,38.066002,155.845993,0.000000,0.000000,0.000000,0.000000,0.000000,0.000000,0.000000,228.000000,-774.000000,-304.000000,-722.000000,305.000000,-390.000000,111.000000,22.000000,22.000000,22.000000,22.000000,22.000000,22.000000,22.000000,37.000000,36.000000,37.000000,38.000000,39.000000,40.000000,43.000000,1,1,1,1,1,1,1,0,0,0,0,0,0,0,74,5376.534180,836,0,1,0.717361,-0.026360,-0.323627,-3.117000,-0.400000,0.076000,1
3.517201,0.242000,-37.532001,-10.531000,68.863998,21.420000,38.275002,155.975006,0.000000,0.000000,0.000000,0.000000,0.000000,0.000000,0.000000,228.000000,-774.000000,-304.000000,-722.000000,305.000000,-390.000000,111.000000,22.000000,22.000000,22.000000,22.000000,22.000000,22.000000,22.000000,37.000000,36.000000,37.000000,38.000000,39.000000,40.000000,43.000000,1,1,1,1,1,1,1,0,0,0,0,0,0,0,74,5376.536133,835,0,1,0.718328,-0.026101,-0.323628,-3.117000,-0.400000,0.077000,1
3.527048,0.196000,-37.414001,-10.515000,68.617996,21.412001,38.400002,156.052994,0.000000,0.000000,0.000000,0.000000,0.000000,0.000000,0.000000,228.000000,-774.000000,-304.000000,-722.000000,305.000000,-390.000000,111.000000,22.000000,22.000000,22.000000,22.000000,22.000000,22.000000,22.000000,37.000000,36.000000,37.000000,38.000000,39.000000,40.000000,43.000000,1,1,1,1,1,1,1,0,0,0,0,0,0,0,74,5376.536133,837,0,1,0.718908,-0.025946,-0.323627,-3.117000,-0.400000,0.076000,1
3.537083,0.119000,-37.215000,-10.487000,68.205002,21.399000,38.611000,156.182999,0.000000,0.000000,0.000000,0.000000,0.000000,0.000000,0.000000,228.000000,-774.000000,-304.000000,-722.000000,305.000000,-390.000000,111.000000,22.000000,22.000000,22.000000,22.000000,22.000000,22.000000,22.000000,37.000000,36.000000,37.000000,38.000000,39.000000,40.000000,43.000000,1,1,1,1,1,1,1,0,0,0,0,0,0,0,74,5376.536133,834,0,1,0.719875,-0.025686,-0.323627,-3.117000,-0.400000,0.077000,1
3.547200,0.042000,-37.015999,-10.460000,67.791000,21.385000,38.821999,156.313995,0.000000,0.000000,0.000000,0.000000,0.000000,0.000000,0.000000,228.000000,-774.000000,-304.000000,-722.000000,305.000000,-390.000000,111.000000,22.000000,22.000000,22.000000,22.000000,22.000000,22.000000,22.000000,37.000000,36.000000,37.000000,38.000000,39.000000,40.000000,43.000000,1,1,1,1,1,1,1,0,0,0,0,0,0,0,74,5376.534180,836,0,1,0.720842,-0.025427,-0.323627,-3.117000,-0.400000,0.076000,1
3.557108,-0.032000,-36.816002,-10.434000,67.374001,21.370001,39.035000,156.445999,0.000000,0.000000,0.000000,0.000000,0.000000,0.000000,0.000000,228.000000,-774.000000,-304.000000,-722.000000,305.000000,-390.000000,111.000000,22.000000,22.000000,22.000000,22.000000,22.000000,22.000000,22.000000,37.000000,36.000000,37.000000,38.000000,39.000000,40.000000,43.000000,1,1,1,1,1,1,1,0,0,0,0,0,0,0,74,5376.534180,837,0,1,0.721809,-0.025168,-0.323628,-3.117000,-0.400000,0.076000,1
3.567049,-0.107000,-36.613998,-10.408000,66.955002,21.355000,39.249001,156.578003,0.000000,0.000000,0.000000,0.000000,0.000000,0.000000,0.000000,228.000000,-774.000000,-304.000000,-722.000000,305.000000,-390.000000,111.000000,22.000000,22.000000,22.000000,22.000000,22.000000,22.000000,22.000000,37.000000,36.000000,37.000000,38.000000,39.000000,40.000000,43.000000,1,1,1,1,1,1,1,0,0,0,0,0,0,0,74,5376.534180,835,0,1,0.722777,-0.024909,-0.323627,-3.117000,-0.400000,0.077000,1
3.577098,-0.197000,-36.372002,-10.377000,66.447998,21.337000,39.507000,156.737000,0.000000,0.000000,0.000000,0.000000,0.000000,0.000000,0.000000,228.000000,-774.000000,-304.000000,-722.000000,305.000000,-390.000000,111.000000,22.000000,22.000000,22.000000,22.000000,22.000000,22.000000,22.000000,37.000000,36.000000,37.000000,38.000000,39.000000,40.000000,43.000000,1,1,1,1,1,1,1,0,0,0,0,0,0,0,74,5376.536133,836,0,1,0.723937,-0.024598,-0.323627,-3.117000,-0.400000,0.077000,1
3.587245,-0.271000,-36.167999,-10.352000,66.023003,21.320999,39.723999,156.871002,0.000000,0.000000,0.000000,0.000000,0.000000,0.000000,0.000000,228.000000,-774.000000,-304.000000,-722.000000,305.000000,-390.000000,111.000000,22.000000,22.000000,22.000000,22.000000,22.000000,22.000000,22.000000,37.000000,36.000000,37.000000,38.000000,39.000000,40.000000,43.000000,1,1,1,1,1,1,1,0,0,0,0,0,0,0,74,5376.534180,837,0,1,0.724904,-0.024339,-0.323628,-3.117000,-0.400000,0.077000,1
3.597309,-0.344000,-35.964001,-10.327000,65.596001,21.304001,39.941002,157.005005,0.000000,0.000000,0.000000,0.000000,0.000000,0.000000,0.000000,228.000000,-774.000000,-304.000000,-722.000000,305.000000,-390.000000,111.000000,22.000000,22.000000,22.000000,22.000000,22.000000,22.000000,22.000000,37.000000,36.000000,37.000000,38.000000,39.000000,40.000000,43.000000,1,1,1,1,1,1,1,0,0,0,0,0,0,0,74,5376.536133,836,0,1,0.725871,-0.024080,-0.323627,-3.117000,-0.400000,0.077000,1
3.607203,-0.432000,-35.716999,-10.298000,65.080002,21.284000,40.203999,157.167007,0.000000,0.000000,0.000000,0.000000,0.000000,0.000000,0.000000,228.000000,-774.000000,-304.000000,-722.000000,305.000000,-390.000000,111.000000,22.000000,22.000000,22.000000,22.000000,22.000000,22.000000,22.000000,37.000000,36.000000,37.000000,38.000000,39.000000,40.000000,43.000000,1,1,1,1,1,1,1,0,0,0,0,0,0,0,74,5376.536133,838,0,1,0.727031,-0.023769,-0.323628,-3.117000,-0.400000,0.077000,1
3.617192,-0.504000,-35.509998,-10.275000,64.646004,21.266001,40.424999,157.302002,0.000000,0.000000,0.000000,0.000000,0.000000,0.000000,0.000000,228.000000,-774.000000,-304.000000,-722.000000,305.000000,-390.000000,111.000000,22.000000,22.000000,22.000000,22.000000,22.000000,22.000000,22.000000,37.000000,36.000000,37.000000,38.000000,39.000000,40.000000,43.000000,1,1,1,1,1,1,1,0,0,0,0,0,0,0,74,5376.534180,838,0,1,0.727998,-0.023510,-0.323628,-3.117000,-0.400000,0.077000,1
3.627733,-0.575000,-35.301998,-10.252000,64.209999,21.247999,40.646999,157.438004,0.000000,0.000000,0.000000,0.000000,0.000000,0.000000,0.000000,228.000000,-774.000000,-304.000000,-722.000000,305.000000,-390.000000,111.000000,22.000000,22.000000,22.000000,22.000000,22.000000,22.000000,22.000000,37.000000,36.000000,37.000000,38.000000,39.000000,40.000000,43.000000,1,1,1,1,1,1,1,0,0,0,0,0,0,0,74,5376.534180,838,0,1,0.728966,-0.023251,-0.323628,-3.117000,-0.400000,0.077000,1
3.637156,-0.617000,-35.176998,-10.238000,63.946999,21.237000,40.779999,157.520004,0.000000,0.000000,0.000000,0.000000,0.000000,0.000000,0.000000,228.000000,-774.000000,-304.000000,-722.000000,305.000000,-390.000000,111.000000,22.000000,22.000000,22.000000,22.000000,22.000000,22.000000,22.000000,37.000000,36.000000,37.000000,38.000000,39.000000,40.000000,43.000000,1,1,1,1,1,1,1,0,0,0,0,0,0,0,74,5376.534180,836,0,1,0.729546,-0.023095,-0.323627,-3.117000,-0.400000,0.077000,1
3.647419,-0.688000,-34.966999,-10.216000,63.507000,21.218000,41.005001,157.656998,0.000000,0.000000,0.000000,0.000000,0.000000,0.000000,0.000000,228.000000,-774.000000,-304.000000,-722.000000,305.000000,-390.000000,111.000000,22.000000,22.000000,22.000000,22.000000,22.000000,22.000000,22.000000,37.000000,36.000000,37.000000,38.000000,39.000000,40.000000,43.000000,1,1,1,1,1,1,1,0,0,0,0,0,0,0,74,5376.536133,836,0,1,0.730513,-0.022836,-0.323628,-3.117000,-0.400000,0.076000,1
3.657217,-0.757000,-34.757000,-10.194000,63.063000,21.198999,41.230000,157.794998,0.000000,0.000000,0.000000,0.000000,0.000000,0.000000,0.000000,228.000000,-774.000000,-304.000000,-722.000000,305.000000,-390.000000,111.000000,22.000000,22.000000,22.000000,22.000000,22.000000,22.000000,22.000000,37.000000,36.000000,37.000000,38.000000,39.000000,40.000000,43.000000,1,1,1,1,1,1,1,0,0,0,0,0,0,0,74,5376.534180,836,0,1,0.731480,-0.022577,-0.323628,-3.117000,-0.399000,0.076000,1
3.667211,-0.826000,-34.544998,-10.173000,62.617001,21.179001,41.457001,157.932999,0.000000,0.000000,0.000000,0.000000,0.000000,0.000000,0.000000,228.000000,-774.000000,-304.000000,-722.000000,305.000000,-390.000000,111.000000,22.000000,22.000000,22.000000,22.000000,22.000000,22.000000,22.000000,37.000000,36.000000,37.000000,38.000000,39.000000,40.000000,43.000000,1,1,1,1,1,1,1,0,0,0,0,0,0,0,74,5376.534180,836,0,1,0.732447,-0.022318,-0.323628,-3.116000,-0.399000,0.076000,1
3.677130,-0.895000,-34.331001,-10.152000,62.167999,21.158001,41.685001,158.072006,0.000000,0.000000,0.000000,0.000000,0.000000,0.000000,0.000000,228.000000,-774.000000,-304.000000,-722.000000,305.000000,-390.000000,111.000000,22.000000,22.000000,22.000000,22.000000,22.000000,22.000000,22.000000,37.000000,36.000000,37.000000,38.000000,39.000000,40.000000,43.000000,1,1,1,1,1,1,1,0,0,0,0,0,0,0,74,5376.536133,837,0,1,0.733414,-0.022059,-0.323628,-3.117000,-0.400000,0.077000,1
3.687203,-0.976000,-34.074001,-10.128000,61.624001,21.132999,41.960999,158.238998,0.000000,0.000000,0.000000,0.000000,0.000000,0.000000,0.000000,228.000000,-774.000000,-304.000000,-722.000000,305.000000,-390.000000,111.000000,22.000000,22.000000,22.000000,22.000000,22.000000,22.000000,22.000000,37.000000,36.000000,37.000000,38.000000,39.000000,40.000000,43.000000,1,1,1,1,1,1,1,0,0,0,0,0,0,0,74,5376.536133,835,0,1,0.734575,-0.021748,-0.323627,-3.117000,-0.400000,0.077000,1
3.697144,-1.043000,-33.856998,-10.108000,61.167999,21.112000,42.193001,158.380005,0.000000,0.000000,0.000000,0.000000,0.000000,0.000000,0.000000,228.000000,-774.000000,-304.000000,-722.000000,305.000000,-390.000000,111.000000,22.000000,22.000000,22.000000,22.000000,22.000000,22.000000,22.000000,37.000000,36.000000,37.000000,38.000000,39.000000,40.000000,43.000000,1,1,1,1,1,1,1,0,0,0,0,0,0,0,74,5376.537109,838,0,1,0.735542,-0.021489,-0.323628,-3.117000,-0.400000,0.077000,1
3.707221,-1.107000,-33.646999,-10.090000,60.723000,21.090000,42.418999,158.516006,0.000000,0.000000,0.000000,0.000000,0.000000,0.000000,0.000000,228.000000,-774.000000,-304.000000,-722.000000,305.000000,-390.000000,111.000000,22.000000,22.000000,22.000000,22.000000,22.000000,22.000000,22.000000,37.000000,36.000000,37.000000,38.000000,39.000000,40.000000,43.000000,1,1,1,1,1,1,1,0,0,0,0,0,0,0,74,5376.536133,835,0,1,0.736478,-0.021238,-0.323628,-3.117000,-0.400000,0.077000,1
3.718217,-1.166000,-33.451000,-10.072000,60.308998,21.069000,42.629002,158.645004,0.000000,0.000000,0.000000,0.000000,0.000000,0.000000,0.000000,228.000000,-774.000000,-304.000000,-722.000000,305.000000,-390.000000,111.000000,22.000000,22.000000,22.000000,22.000000,22.000000,22.000000,22.000000,37.000000,36.000000,37.000000,38.000000,39.000000,40.000000,43.000000,1,1,1,1,1,1,1,0,0,0,0,0,0,0,74,5376.536133,834,0,1,0.737344,-0.021000,-0.323627,-3.117000,-0.400000,0.077000,0
3.728269,-1.241000,-33.216999,-10.045000,59.813999,21.042999,42.879002,158.802002,0.000000,0.000000,0.000000,0.000000,0.000000,0.000000,0.000000,228.000000,-774.000000,-304.000000,-722.000000,305.000000,-390.000000,111.000000,22.000000,22.000000,22.000000,22.000000,22.000000,22.000000,22.000000,37.000000,36.000000,37.000000,38.000000,39.000000,40.000000,43.000000,1,1,1,1,1,1,1,0,0,0,0,0,0,0,74,5376.536133,837,0,1,0.738374,-0.020694,-0.323627,-3.117000,-0.400000,0.077000,0
3.738294,-1.308000,-33.022999,-10.018000,59.402000,21.020000,43.088001,158.934998,0.000000,0.000000,0.000000,0.000000,0.000000,0.000000,0.000000,228.000000,-774.000000,-304.000000,-722.000000,305.000000,-390.000000,111.000000,22.000000,22.000000,22.000000,22.000000,22.000000,22.000000,22.000000,37.000000,36.000000,37.000000,38.000000,39.000000,40.000000,43.000000,1,1,1,1,1,1,1,0,0,0,0,0,0,0,74,5376.536133,837,0,1,0.739228,-0.020421,-0.323627,-3.117000,-0.400000,0.077000,0
3.748302,-1.378000,-32.828999,-9.987000,58.990002,20.997000,43.294998,159.070999,0.000000,0.000000,0.000000,0.000000,0.000000,0.000000,0.000000,228.000000,-774.000000,-304.000000,-722.000000,305.000000,-390.000000,111.000000,22.000000,22.000000,22.000000,22.000000,22.000000,22.000000,22.000000,37.000000,36.000000,37.000000,38.000000,39.000000,40.000000,43.000000,1,1,1,1,1,1,1,0,0,0,0,0,0,0,74,5376.536133,837,0,1,0.740076,-0.020132,-0.323628,-3.117000,-0.400000,0.076000,0
3.758270,-1.452000,-32.634998,-9.953000,58.578999,20.973000,43.501999,159.209000,0.000000,0.000000,0.000000,0.000000,0.000000,0.000000,0.000000,228.000000,-774.000000,-304.000000,-722.000000,305.000000,-390.000000,111.000000,22.000000,22.000000,22.000000,22.000000,22.000000,22.000000,22.000000,37.000000,36.000000,37.000000,38.000000,39.000000,40.000000,43.000000,1,1,1,1,1,1,1,0,0,0,0,0,0,0,74,5376.536133,836,0,1,0.740918,-0.019826,-0.323628,-3.117000,-0.400000,0.077000,0
3.768187,-1.498000,-32.519001,-9.930000,58.332001,20.958000,43.625999,159.292999,0.000000,0.000000,0.000000,0.000000,0.000000,0.000000,0.000000,228.000000,-774.000000,-304.000000,-722.000000,305.000000,-390.000000,111.000000,22.000000,22.000000,22.000000,22.000000,22.000000,22.000000,22.000000,37.000000,36.000000,37.000000,38.000000,39.000000,40.000000,43.000000,1,1,1,1,1,1,1,0,0,0,0,0,0,0,74,5376.536133,836,0,1,0.741421,-0.019635,-0.323627,-3.116000,-0.400000,0.076000,0
3.778776,-1.577000,-32.326000,-9.888000,57.923000,20.931999,43.832001,159.434998,0.000000,0.000000,0.000000,0.000000,0.000000,0.000000,0.000000,228.000000,-774.000000,-304.000000,-722.000000,305.000000,-390.000000,111.000000,22.000000,22.000000,22.000000,22.000000,22.000000,22.000000,22.000000,37.000000,36.000000,37.000000,38.000000,39.000000,40.000000,43.000000,1,1,1,1,1,1,1,0,0,0,0,0,0,0,74,5376.537109,837,0,1,0.742253,-0.019304,-0.323628,-3.117000,-0.399000,0.076000,0
3.788169,-1.677000,-32.096001,-9.832000,57.431999,20.900999,44.077999,159.608994,0.000000,0.000000,0.000000,0.000000,0.000000,0.000000,0.000000,228.000000,-774.000000,-304.000000,-722.000000,305.000000,-390.000000,111.000000,22.000000,22.000000,22.000000,22.000000,22.000000,22.000000,22.000000,37.000000,36.000000,37.000000,38.000000,39.000000,40.000000,43.000000,1,1,1,1,1,1,1,0,0,0,0,0,0,0,74,5376.536133,837,0,1,0.743244,-0.018886,-0.323628,-3.117000,-0.399000,0.077000,0
3.798136,-1.764000,-31.905001,-9.782000,57.025002,20.874001,44.282001,159.755005,0.000000,0.000000,0.000000,0.000000,0.000000,0.000000,0.000000,228.000000,-774.000000,-304.000000,-722.000000,305.000000,-390.000000,111.000000,22.000000,22.000000,22.000000,22.000000,22.000000,22.000000,22.000000,37.000000,36.000000,37.000000,38.000000,39.000000,40.000000,43.000000,1,1,1,1,1,1,1,0,0,0,0,0,0,0,74,5376.537109,835,0,1,0.744062,-0.018519,-0.323627,-3.117000,-0.400000,0.077000,0
3.808294,-1.855000,-31.715000,-9.726000,56.618999,20.846001,44.485001,159.904007,0.000000,0.000000,0.000000,0.000000,0.000000,0.000000,0.000000,228.000000,-774.000000,-304.000000,-722.000000,305.000000,-390.000000,111.000000,22.000000,22.000000,22.000000,22.000000,22.000000,22.000000,22.000000,37.000000,36.000000,37.000000,38.000000,39.000000,40.000000,43.000000,1,1,1,1,1,1,1,0,0,0,0,0,0,0,74,5376.536133,837,0,1,0.744872,-0.018138,-0.323627,-3.117000,-0.400000,0.077000,0
3.818294,-1.949000,-31.525999,-9.667000,56.215000,20.816999,44.687000,160.054993,0.000000,0.000000,0.000000,0.000000,0.000000,0.000000,0.000000,228.000000,-774.000000,-304.000000,-722.000000,305.000000,-390.000000,111.000000,22.000000,22.000000,22.000000,22.000000,22.000000,22.000000,22.000000,37.000000,36.000000,37.000000,38.000000,39.000000,40.000000,43.000000,1,1,1,1,1,1,1,0,0,0,0,0,0,0,74,5376.536133,835,0,1,0.745675,-0.017741,-0.323628,-3.117000,-0.400000,0.077000,0
3.828245,-2.047000,-31.337999,-9.603000,55.812000,20.787001,44.887001,160.207993,0.000000,0.000000,0.000000,0.000000,0.000000,0.000000,0.000000,228.000000,-774.000000,-304.000000,-722.000000,305.000000,-390.000000,111.000000,22.000000,22.000000,22.000000,22.000000,22.000000,22.000000,22.000000,37.000000,36.000000,37.000000,38.000000,39.000000,40.000000,43.000000,1,1,1,1,1,1,1,0,0,0,0,0,0,0,74,5376.536133,836,0,1,0.746471,-0.017328,-0.323628,-3.117000,-0.399000,0.076000,0
3.838217,-2.170000,-31.113001,-9.520000,55.331001,20.750000,45.125999,160.393997,0.000000,0.000000,0.000000,0.000000,0.000000,0.000000,0.000000,228.000000,-774.000000,-304.000000,-722.000000,305.000000,-390.000000,111.000000,22.000000,22.000000,22.000000,22.000000,22.000000,22.000000,22.000000,37.000000,36.000000,37.000000,38.000000,39.000000,40.000000,43.000000,1,1,1,1,1,1,1,0,0,0,0,0,0,0,74,5376.536133,836,0,1,0.747415,-0.016814,-0.323627,-3.117000,-0.400000,0.077000,0
3.848288,-2.211000,-31.039000,-9.491000,55.171001,20.737000,45.206001,160.457001,0.000000,0.000000,0.000000,0.000000,0.000000,0.000000,0.000000,228.000000,-774.000000,-304.000000,-722.000000,305.000000,-390.000000,111.000000,22.000000,22.000000,22.000000,22.000000,22.000000,22.000000,22.000000,37.000000,36.000000,37.000000,38.000000,39.000000,40.000000,43.000000,1,1,1,1,1,1,1,0,0,0,0,0,0,0,74,5376.536133,836,0,1,0.747727,-0.016637,-0.323627,-3.117000,-0.400000,0.077000,0
3.858291,-2.341000,-30.816999,-9.400000,54.694000,20.698999,45.442001,160.647003,0.000000,0.000000,0.000000,0.000000,0.000000,0.000000,0.000000,228.000000,-774.000000,-304.000000,-722.000000,305.000000,-390.000000,111.000000,22.000000,22.000000,22.000000,22.000000,22.000000,22.000000,22.000000,37.000000,36.000000,37.000000,38.000000,39.000000,40.000000,43.000000,1,1,1,1,1,1,1,0,0,0,0,0,0,0,74,5376.536133,837,0,1,0.748655,-0.016094,-0.323628,-3.117000,-0.400000,0.076000,0
3.868227,-2.452000,-30.634001,-9.319000,54.299000,20.665001,45.638000,160.807007,0.000000,0.000000,0.000000,0.000000,0.000000,0.000000,0.000000,228.000000,-774.000000,-304.000000,-722.000000,305.000000,-390.000000,111.000000,22.000000,22.000000,22.000000,22.000000,22.000000,22.000000,22.000000,37.000000,36.000000,37.000000,38.000000,39.000000,40.000000,43.000000,1,1,1,1,1,1,1,0,0,0,0,0,0,0,74,5376.536133,835,0,1,0.749418,-0.015624,-0.323628,-3.117000,-0.400000,0.077000,0
3.878198,-2.638000,-30.343000,-9.180000,53.672001,20.610001,45.946999,161.067001,0.000000,0.000000,0.000000,0.000000,0.000000,0.000000,0.000000,228.000000,-774.000000,-304.000000,-722.000000,305.000000,-390.000000,111.000000,22.000000,22.000000,22.000000,22.000000,22.000000,22.000000,22.000000,37.000000,36.000000,37.000000,38.000000,39.000000,40.000000,43.000000,1,1,1,1,1,1,1,0,0,0,0,0,0,0,74,5376.536133,837,0,1,0.750620,-0.014844,-0.323627,-3.117000,-0.400000,0.076000,0
3.888257,-2.710000,-30.235001,-9.125000,53.438999,20.587999,46.062000,161.164993,0.000000,0.000000,0.000000,0.000000,0.000000,0.000000,0.000000,228.000000,-774.000000,-304.000000,-722.000000,305.000000,-390.000000,111.000000,22.000000,22.000000,22.000000,22.000000,22.000000,22.000000,22.000000,37.000000,36.000000,37.000000,38.000000,39.000000,40.000000,43.000000,1,1,1,1,1,1,1,0,0,0,0,0,0,0,74,5376.536133,838,0,1,0.751065,-0.014541,-0.323628,-3.117000,-0.400000,0.077000,0
3.898150,-2.834000,-30.056999,-9.029000,53.051998,20.552000,46.252998,161.330002,0.000000,0.000000,0.000000,0.000000,0.000000,0.000000,0.000000,228.000000,-774.000000,-304.000000,-722.000000,305.000000,-390.000000,111.000000,22.000000,22.000000,22.000000,22.000000,22.000000,22.000000,22.000000,37.000000,36.000000,37.000000,38.000000,39.000000,40.000000,43.000000,1,1,1,1,1,1,1,0,0,0,0,0,0,0,74,5376.536133,837,0,1,0.751798,-0.014026,-0.323627,-3.117000,-0.400000,0.077000,0
3.908477,-2.960000,-29.879999,-8.929000,52.668999,20.514999,46.441002,161.496994,0.000000,0.000000,0.000000,0.000000,0.000000,0.000000,0.000000,228.000000,-774.000000,-304.000000,-722.000000,305.000000,-390.000000,111.000000,22.000000,22.000000,22.000000,22.000000,22.000000,22.000000,22.000000,37.000000,36.000000,37.000000,38.000000,39.000000,40.000000,43.000000,1,1,1,1,1,1,1,0,0,0,0,0,0,0,74,5376.536133,837,0,1,0.752521,-0.013497,-0.323627,-3.117000,-0.400000,0.076000,0
3.918246,-3.091000,-29.705000,-8.824000,52.287998,20.476000,46.627998,161.664993,0.000000,0.000000,0.000000,0.000000,0.000000,0.000000,0.000000,228.000000,-774.000000,-304.000000,-722.000000,305.000000,-390.000000,111.000000,22.000000,22.000000,22.000000,22.000000,22.000000,22.000000,22.000000,37.000000,36.000000,37.000000,38.000000,39.000000,40.000000,43.000000,1,1,1,1,1,1,1,0,0,0,0,0,0,0,74,5376.534180,837,0,1,0.753234,-0.012955,-0.323627,-3.117000,-0.400000,0.077000,0
3.928187,-3.225000,-29.532000,-8.714000,51.910999,20.437000,46.813000,161.835007,0.000000,0.000000,0.000000,0.000000,0.000000,0.000000,0.000000,228.000000,-774.000000,-304.000000,-722.000000,305.000000,-390.000000,111.000000,22.000000,22.000000,22.000000,22.000000,22.000000,22.000000,22.000000,37.000000,36.000000,37.000000,38.000000,39.000000,40.000000,43.000000,1,1,1,1,1,1,1,0,0,0,0,0,0,0,74,5376.536133,838,0,1,0.753937,-0.012398,-0.323627,-3.117000,-0.399000,0.076000,0
3.938174,-3.391000,-29.327000,-8.576000,51.462002,20.388000,47.032001,162.039993,0.000000,0.000000,0.000000,0.000000,0.000000,0.000000,0.000000,228.000000,-774.000000,-304.000000,-722.000000,305.000000,-390.000000,111.000000,22.000000,22.000000,22.000000,22.000000,22.000000,22.000000,22.000000,37.000000,36.000000,37.000000,38.000000,39.000000,40.000000,43.000000,1,1,1,1,1,1,1,0,0,0,0,0,0,0,74,5376.534180,836,0,1,0.754765,-0.011713,-0.323628,-3.117000,-0.400000,0.077000,0
3.948277,-3.533000,-29.158001,-8.456000,51.092999,20.346001,47.213001,162.212006,0.000000,0.000000,0.000000,0.000000,0.000000,0.000000,0.000000,228.000000,-774.000000,-304.000000,-722.000000,305.000000,-390.000000,111.000000,22.000000,22.000000,22.000000,22.000000,22.000000,22.000000,22.000000,37.000000,36.000000,37.000000,38.000000,39.000000,40.000000,43.000000,1,1,1,1,1,1,1,0,0,0,0,0,0,0,74,5376.536133,833,0,1,0.755444,-0.011128,-0.323628,-3.117000,-0.400000,0.077000,0
3.958277,-3.679000,-28.992001,-8.331000,50.727001,20.302999,47.390999,162.386002,0.000000,0.000000,0.000000,0.000000,0.000000,0.000000,0.000000,228.000000,-774.000000,-304.000000,-722.000000,305.000000,-390.000000,111.000000,22.000000,22.000000,22.000000,22.000000,22.000000,22.000000,22.000000,37.000000,36.000000,37.000000,38.000000,39.000000,40.000000,43.000000,1,1,1,1,1,1,1,0,0,0,0,0,0,0,74,5376.536133,837,0,1,0.756111,-0.010530,-0.323628,-3.117000,-0.400000,0.077000,0
3.968164,-3.768000,-28.893000,-8.253000,50.509998,20.277000,47.497002,162.490005,0.000000,0.000000,0.000000,0.000000,0.000000,0.000000,0.000000,228.000000,-774.000000,-304.000000,-722.000000,305.000000,-390.000000,111.000000,22.000000,22.000000,22.000000,22.000000,22.000000,22.000000,22.000000,37.000000,36.000000,37.000000,38.000000,39.000000,40.000000,43.000000,1,1,1,1,1,1,1,0,0,0,0,0,0,0,74,5376.534180,836,0,1,0.756505,-0.010164,-0.323627,-3.117000,-0.400000,0.076000,0
3.978799,-3.920000,-28.730000,-8.121000,50.151001,20.232000,47.671001,162.666000,0.000000,0.000000,0.000000,0.000000,0.000000,0.000000,0.000000,228.000000,-774.000000,-304.000000,-722.000000,305.000000,-390.000000,111.000000,22.000000,22.000000,22.000000,22.000000,22.000000,22.000000,22.000000,37.000000,36.000000,37.000000,38.000000,39.000000,40.000000,43.000000,1,1,1,1,1,1,1,0,0,0,0,0,0,0,74,5376.536133,837,0,1,0.757154,-0.009546,-0.323628,-3.117000,-0.399000,0.077000,0
3.988121,-4.075000,-28.570000,-7.983000,49.796001,20.187000,47.842999,162.841995,0.000000,0.000000,0.000000,0.000000,0.000000,0.000000,0.000000,228.000000,-774.000000,-304.000000,-722.000000,305.000000,-390.000000,111.000000,22.000000,22.000000,22.000000,22.000000,22.000000,22.000000,22.000000,37.000000,36.000000,37.000000,38.000000,39.000000,40.000000,43.000000,1,1,1,1,1,1,1,0,0,0,0,0,0,0,74,5376.536133,837,0,1,0.757790,-0.008915,-0.323627,-3.117000,-0.400000,0.076000,0
3.998159,-4.234000,-28.412001,-7.841000,49.445999,20.139999,48.013000,163.018997,0.000000,0.000000,0.000000,0.000000,0.000000,0.000000,0.000000,228.000000,-774.000000,-304.000000,-722.000000,305.000000,-390.000000,111.000000,22.000000,22.000000,22.000000,22.000000,22.000000,22.000000,22.000000,37.000000,36.000000,37.000000,38.000000,39.000000,40.000000,43.000000,1,1,1,1,1,1,1,0,0,0,0,0,0,0,74,5376.534180,836,0,1,0.758414,-0.008273,-0.323628,-3.117000,-0.400000,0.076000,0
4.008164,-4.430000,-28.226000,-7.663000,49.030998,20.083000,48.213001,163.231995,0.000000,0.000000,0.000000,0.000000,0.000000,0.000000,0.000000,228.000000,-774.000000,-304.000000,-722.000000,305.000000,-390.000000,111.000000,22.000000,22.000000,22.000000,22.000000,22.000000,22.000000,22.000000,37.000000,36.000000,37.000000,38.000000,39.000000,40.000000,43.000000,1,1,1,1,1,1,1,0,0,0,0,0,0,0,74,5376.536133,837,0,1,0.759147,-0.007486,-0.323628,-3.117000,-0.399000,0.076000,0
4.018143,-4.597000,-28.073999,-7.510000,48.692001,20.034000,48.376999,163.410004,0.000000,0.000000,0.000000,0.000000,0.000000,0.000000,0.000000,228.000000,-774.000000,-304.000000,-722.000000,305.000000,-390.000000,111.000000,22.000000,22.000000,22.000000,22.000000,22.000000,22.000000,22.000000,37.000000,36.000000,37.000000,38.000000,39.000000,40.000000,43.000000,1,1,1,1,1,1,1,0,0,0,0,0,0,0,74,5376.536133,836,0,1,0.759743,-0.006817,-0.323628,-3.117000,-0.400000,0.076000,0
4.028106,-4.767000,-27.924999,-7.352000,48.356998,19.985001,48.537998,163.589996,0.000000,0.000000,0.000000,0.000000,0.000000,0.000000,0.000000,228.000000,-774.000000,-304.000000,-722.000000,305.000000,-390.000000,111.000000,22.000000,22.000000,22.000000,22.000000,22.000000,22.000000,22.000000,37.000000,36.000000,37.000000,38.000000,39.000000,40.000000,43.000000,1,1,1,1,1,1,1,0,0,0,0,0,0,0,74,5376.537109,835,0,1,0.760327,-0.006137,-0.323628,-3.117000,-0.399000,0.076000,0
4.038110,-4.942000,-27.778999,-7.189000,48.028000,19.934000,48.695999,163.768997,0.000000,0.000000,0.000000,0.000000,0.000000,0.000000,0.000000,228.000000,-774.000000,-304.000000,-722.000000,305.000000,-390.000000,111.000000,22.000000,22.000000,22.000000,22.000000,22.000000,22.000000,22.000000,37.000000,36.000000,37.000000,38.000000,39.000000,40.000000,43.000000,1,1,1,1,1,1,1,0,0,0,0,0,0,0,74,5376.536133,838,0,1,0.760898,-0.005446,-0.323628,-3.117000,-0.400000,0.076000,0
4.048273,-5.155000,-27.608000,-6.987000,47.639999,19.871000,48.881001,163.985992,0.000000,0.000000,0.000000,0.000000,0.000000,0.000000,0.000000,228.000000,-774.000000,-304.000000,-722.000000,305.000000,-390.000000,111.000000,22.000000,22.000000,22.000000,22.000000,22.000000,22.000000,22.000000,37.000000,36.000000,37.000000,38.000000,39.000000,40.000000,43.000000,1,1,1,1,1,1,1,0,0,0,0,0,0,0,74,5376.536133,835,0,1,0.761564,-0.004603,-0.323628,-3.117000,-0.399000,0.076000,0
4.058165,-5.337000,-27.469000,-6.813000,47.323002,19.818001,49.033001,164.166000,0.000000,0.000000,0.000000,0.000000,0.000000,0.000000,0.000000,228.000000,-774.000000,-304.000000,-722.000000,305.000000,-390.000000,111.000000,22.000000,22.000000,22.000000,22.000000,22.000000,22.000000,22.000000,37.000000,36.000000,37.000000,38.000000,39.000000,40.000000,43.000000,1,1,1,1,1,1,1,0,0,0,0,0,0,0,74,5376.536133,835,0,1,0.762105,-0.003889,-0.323628,-3.117000,-0.399000,0.076000,0
4.068136,-5.522000,-27.333000,-6.635000,47.012001,19.764000,49.181000,164.347000,0.000000,0.000000,0.000000,0.000000,0.000000,0.000000,0.000000,228.000000,-774.000000,-304.000000,-722.000000,305.000000,-390.000000,111.000000,22.000000,22.000000,22.000000,22.000000,22.000000,22.000000,22.000000,37.000000,36.000000,37.000000,38.000000,39.000000,40.000000,43.000000,1,1,1,1,1,1,1,0,0,0,0,0,0,0,74,5376.537109,837,0,1,0.762633,-0.003164,-0.323628,-3.117000,-0.399000,0.076000,0
4.078137,-5.711000,-27.200001,-6.452000,46.707001,19.709000,49.326000,164.529007,0.000000,0.000000,0.000000,0.000000,0.000000,0.000000,0.000000,228.000000,-774.000000,-304.000000,-722.000000,305.000000,-390.000000,111.000000,22.000000,22.000000,22.000000,22.000000,22.000000,22.000000,22.000000,37.000000,36.000000,37.000000,38.000000,39.000000,40.000000,43.000000,1,1,1,1,1,1,1,0,0,0,0,0,0,0,74,5376.537109,837,0,1,0.763146,-0.002430,-0.323628,-3.117000,-0.400000,0.076000,0
4.088152,-5.826000,-27.122000,-6.340000,46.527000,19.676001,49.411999,164.638000,0.000000,0.000000,0.000000,0.000000,0.000000,0.000000,0.000000,228.000000,-774.000000,-304.000000,-722.000000,305.000000,-390.000000,111.000000,22.000000,22.000000,22.000000,22.000000,22.000000,22.000000,22.000000,37.000000,36.000000,37.000000,38.000000,39.000000,40.000000,43.000000,1,1,1,1,1,1,1,0,0,0,0,0,0,0,74,5376.536133,837,0,1,0.763447,-0.001984,-0.323628,-3.117000,-0.400000,0.076000,0
4.098203,-6.020000,-26.995001,-6.149000,46.233002,19.618999,49.550999,164.819000,0.000000,0.000000,0.000000,0.000000,0.000000,0.000000,0.000000,228.000000,-774.000000,-304.000000,-722.000000,305.000000,-390.000000,111.000000,22.000000,22.000000,22.000000,22.000000,22.000000,22.000000,22.000000,37.000000,36.000000,37.000000,38.000000,39.000000,40.000000,43.000000,1,1,1,1,1,1,1,0,0,0,0,0,0,0,74,5376.537109,837,0,1,0.763937,-0.001234,-0.323628,-3.117000,-0.400000,0.076000,0
4.108166,-6.218000,-26.871000,-5.954000,45.945000,19.561001,49.687000,165.001007,0.000000,0.000000,0.000000,0.000000,0.000000,0.000000,0.000000,228.000000,-774.000000,-304.000000,-722.000000,305.000000,-390.000000,111.000000,22.000000,22.000000,22.000000,22.000000,22.000000,22.000000,22.000000,37.000000,36.000000,37.000000,38.000000,39.000000,40.000000,43.000000,1,1,1,1,1,1,1,0,0,0,0,0,0,0,74,5376.536133,836,0,1,0.764413,-0.000475,-0.323628,-3.117000,-0.399000,0.076000,0
4.118286,-6.459000,-26.728001,-5.713000,45.608002,19.490999,49.846001,165.218002,0.000000,0.000000,0.000000,0.000000,0.000000,0.000000,0.000000,228.000000,-774.000000,-304.000000,-722.000000,305.000000,-390.000000,111.000000,22.000000,22.000000,22.000000,22.000000,22.000000,22.000000,22.000000,37.000000,36.000000,37.000000,38.000000,39.000000,40.000000,43.000000,1,1,1,1,1,1,1,0,0,0,0,0,0,0,74,5376.536133,836,0,1,0.764965,0.000447,-0.323628,-3.116000,-0.400000,0.076000,0
4.128286,-6.670000,-26.607000,-5.502000,45.323002,19.431000,49.980000,165.406006,0.000000,0.000000,0.000000,0.000000,0.000000,0.000000,0.000000,228.000000,-774.000000,-304.000000,-722.000000,305.000000,-390.000000,111.000000,22.000000,22.000000,22.000000,22.000000,22.000000,22.000000,22.000000,37.000000,36.000000,37.000000,38.000000,39.000000,40.000000,43.000000,1,1,1,1,1,1,1,0,0,0,0,0,0,0,74,5376.537109,836,0,1,0.765429,0.001249,-0.323628,-3.117000,-0.400000,0.076000,1
4.138109,-6.899000,-26.476000,-5.274000,45.013000,19.365999,50.125999,165.606995,0.000000,0.000000,0.000000,0.000000,0.000000,0.000000,0.000000,228.000000,-774.000000,-304.000000,-722.000000,305.000000,-390.000000,111.000000,22.000000,22.000000,22.000000,22.000000,22.000000,22.000000,22.000000,37.000000,36.000000,37.000000,38.000000,39.000000,40.000000,43.000000,1,1,1,1,1,1,1,0,0,0,0,0,0,0,74,5376.537109,838,0,1,0.765927,0.002112,-0.323628,-3.117000,-0.400000,0.076000,1
4.148084,-7.130000,-26.344000,-5.044000,44.700001,19.301001,50.273998,165.807999,0.000000,0.000000,0.000000,0.000000,0.000000,0.000000,0.000000,228.000000,-774.000000,-304.000000,-722.000000,305.000000,-390.000000,111.000000,22.000000,22.000000,22.000000,22.000000,22.000000,22.000000,22.000000,37.000000,36.000000,37.000000,38.000000,39.000000,40.000000,43.000000,1,1,1,1,1,1,1,0,0,0,0,0,0,0,74,5376.537109,835,0,1,0.766426,0.002976,-0.323628,-3.116000,-0.399000,0.076000,1
4.158147,-7.408000,-26.184999,-4.767000,44.320000,19.222000,50.453999,166.050995,0.000000,0.000000,0.000000,0.000000,0.000000,0.000000,0.000000,228.000000,-774.000000,-304.000000,-722.000000,305.000000,-390.000000,111.000000,22.000000,22.000000,22.000000,22.000000,22.000000,22.000000,22.000000,37.000000,36.000000,37.000000,38.000000,39.000000,40.000000,43.000000,1,1,1,1,1,1,1,0,0,0,0,0,0,0,74,5376.537109,837,0,1,0.767024,0.004012,-0.323628,-3.117000,-0.400000,0.076000,1
4.168130,-7.640000,-26.051001,-4.534000,44.000000,19.155001,50.605999,166.253006,0.000000,0.000000,0.000000,0.000000,0.000000,0.000000,0.000000,228.000000,-774.000000,-304.000000,-722.000000,305.000000,-390.000000,111.000000,22.000000,22.000000,22.000000,22.000000,22.000000,22.000000,22.000000,37.000000,36.000000,37.000000,38.000000,39.000000,40.000000,43.000000,1,1,1,1,1,1,1,0,0,0,0,0,0,0,74,5376.537109,838,0,1,0.767523,0.004876,-0.323628,-3.116000,-0.399000,0.076000,1
4.178089,-7.875000,-25.915001,-4.300000,43.675999,19.087000,50.759998,166.455994,0.000000,0.000000,0.000000,0.000000,0.000000,0.000000,0.000000,228.000000,-774.000000,-304.000000,-722.000000,305.000000,-390.000000,111.000000,22.000000,22.000000,22.000000,22.000000,22.000000,22.000000,22.000000,37.000000,36.000000,37.000000,38.000000,39.000000,40.000000,43.000000,1,1,1,1,1,1,1,0,0,0,0,0,0,0,74,5376.536133,835,0,1,0.768021,0.005739,-0.323628,-3.117000,-0.399000,0.076000,1
4.188203,-8.016000,-25.834000,-4.159000,43.480999,19.046000,50.853001,166.578003,0.000000,0.000000,0.000000,0.000000,0.000000,0.000000,0.000000,228.000000,-774.000000,-304.000000,-722.000000,305.000000,-390.000000,111.000000,22.000000,22.000000,22.000000,22.000000,22.000000,22.000000,22.000000,37.000000,36.000000,37.000000,38.000000,39.000000,40.000000,43.000000,1,1,1,1,1,1,1,0,0,0,0,0,0,0,74,5376.536133,837,0,1,0.768320,0.006258,-0.323628,-3.116000,-0.399000,0.076000,1
4.198158,-8.394000,-25.614000,-3.779000,42.952000,18.936001,51.105000,166.903000,0.000000,0.000000,0.000000,0.000000,0.000000,0.000000,0.000000,228.000000,-774.000000,-304.000000,-722.000000,305.000000,-390.000000,111.000000,22.000000,22.000000,22.000000,22.000000,22.000000,22.000000,22.000000,37.000000,36.000000,37.000000,38.000000,39.000000,40.000000,43.000000,1,1,1,1,1,1,1,0,0,0,0,0,0,0,74,5376.534180,836,0,1,0.769118,0.007639,-0.323628,-3.117000,-0.400000,0.076000,1
4.208314,-8.489000,-25.558001,-3.683000,42.818001,18.908001,51.168999,166.985001,0.000000,0.000000,0.000000,0.000000,0.000000,0.000000,0.000000,228.000000,-774.000000,-304.000000,-722.000000,305.000000,-390.000000,111.000000,22.000000,22.000000,22.000000,22.000000,22.000000,22.000000,22.000000,37.000000,36.000000,37.000000,38.000000,39.000000,40.000000,43.000000,1,1,1,1,1,1,1,0,0,0,0,0,0,0,74,5376.537109,837,0,1,0.769318,0.007985,-0.323628,-3.117000,-0.400000,0.076000,1
4.218209,-8.776000,-25.391001,-3.395000,42.414001,18.823000,51.362000,167.229004,0.000000,0.000000,0.000000,0.000000,0.000000,0.000000,0.000000,228.000000,-774.000000,-304.000000,-722.000000,305.000000,-390.000000,111.000000,22.000000,22.000000,22.000000,22.000000,22.000000,22.000000,22.000000,37.000000,36.000000,37.000000,38.000000,39.000000,40.000000,43.000000,1,1,1,1,1,1,1,0,0,0,0,0,0,0,74,5376.536133,837,0,1,0.769916,0.009021,-0.323628,-3.117000,-0.399000,0.076000,1
4.228109,-9.017000,-25.250000,-3.152000,42.073002,18.752001,51.525002,167.434006,0.000000,0.000000,0.000000,0.000000,0.000000,0.000000,0.000000,228.000000,-774.000000,-304.000000,-722.000000,305.000000,-390.000000,111.000000,22.000000,22.000000,22.000000,22.000000,22.000000,22.000000,22.000000,37.000000,36.000000,37.000000,38.000000,39.000000,40.000000,43.000000,1,1,1,1,1,1,1,0,0,0,0,0,0,0,74,5376.536133,836,0,1,0.770415,0.009885,-0.323628,-3.117000,-0.400000,0.076000,1
4.238153,-9.260000,-25.107000,-2.908000,41.728001,18.680000,51.691002,167.639008,0.000000,0.000000,0.000000,0.000000,0.000000,0.000000,0.000000,228.000000,-774.000000,-304.000000,-722.000000,305.000000,-390.000000,111.000000,22.000000,22.000000,22.000000,22.000000,22.000000,22.000000,22.000000,37.000000,36.000000,37.000000,38.000000,39.000000,40.000000,43.000000,1,1,1,1,1,1,1,0,0,0,0,0,0,0,74,5376.536133,838,0,1,0.770913,0.010749,-0.323628,-3.116000,-0.399000,0.076000,1
4.248168,-9.504000,-24.964001,-2.662000,41.379002,18.608000,51.858002,167.843994,0.000000,0.000000,0.000000,0.000000,0.000000,0.000000,0.000000,228.000000,-774.000000,-304.000000,-722.000000,305.000000,-390.000000,111.000000,22.000000,22.000000,22.000000,22.000000,22.000000,22.000000,22.000000,37.000000,36.000000,37.000000,38.000000,39.000000,40.000000,43.000000,1,1,1,1,1,1,1,0,0,0,0,0,0,0,74,5376.537109,837,0,1,0.771412,0.011612,-0.323628,-3.117000,-0.399000,0.076000,1
4.258162,-9.749000,-24.818001,-2.414000,41.027000,18.534000,52.028000,168.048996,0.000000,0.000000,0.000000,0.000000,0.000000,0.000000,0.000000,228.000000,-774.000000,-304.000000,-722.000000,305.000000,-390.000000,111.000000,22.000000,22.000000,22.000000,22.000000,22.000000,22.000000,22.000000,37.000000,36.000000,37.000000,38.000000,39.000000,40.000000,43.000000,1,1,1,1,1,1,1,0,0,0,0,0,0,0,74,5376.536133,837,0,1,0.771910,0.012476,-0.323628,-3.117000,-0.399000,0.076000,1
4.268133,-10.047000,-24.642000,-2.113000,40.598000,18.445000,52.235001,168.296005,0.000000,0.000000,0.000000,0.000000,0.000000,0.000000,0.000000,228.000000,-774.000000,-304.000000,-722.000000,305.000000,-390.000000,111.000000,22.000000,22.000000,22.000000,22.000000,22.000000,22.000000,22.000000,37.000000,36.000000,37.000000,38.000000,39.000000,40.000000,43.000000,1,1,1,1,1,1,1,0,0,0,0,0,0,0,74,5376.536133,836,0,1,0.772509,0.013512,-0.323628,-3.117000,-0.400000,0.076000,1
4.278182,-10.296000,-24.493999,-1.860000,40.236000,18.370001,52.410000,168.501999,0.000000,0.000000,0.000000,0.000000,0.000000,0.000000,0.000000,228.000000,-774.000000,-304.000000,-722.000000,305.000000,-390.000000,111.000000,22.000000,22.000000,22.000000,22.000000,22.000000,22.000000,22.000000,37.000000,36.000000,37.000000,38.000000,39.000000,40.000000,43.000000,1,1,1,1,1,1,1,0,0,0,0,0,0,0,74,5376.537109,837,0,1,0.773007,0.014376,-0.323628,-3.117000,-0.400000,0.076000,1
4.288168,-10.548000,-24.344000,-1.605000,39.868999,18.295000,52.587002,168.709000,0.000000,0.000000,0.000000,0.000000,0.000000,0.000000,0.000000,228.000000,-774.000000,-304.000000,-722.000000,305.000000,-390.000000,111.000000,22.000000,22.000000,22.000000,22.000000,22.000000,22.000000,22.000000,37.000000,36.000000,37.000000,38.000000,39.000000,40.000000,43.000000,1,1,1,1,1,1,1,0,0,0,0,0,0,0,74,5376.537109,836,0,1,0.773506,0.015240,-0.323628,-3.117000,-0.400000,0.076000,1
4.298110,-10.802000,-24.193001,-1.347000,39.498001,18.218000,52.766998,168.916000,0.000000,0.000000,0.000000,0.000000,0.000000,0.000000,0.000000,228.000000,-774.000000,-304.000000,-722.000000,305.000000,-390.000000,111.000000,22.000000,22.000000,22.000000,22.000000,22.000000,22.000000,22.000000,37.000000,36.000000,37.000000,38.000000,39.000000,40.000000,43.000000,1,1,1,1,1,1,1,0,0,0,0,0,0,0,74,5376.537109,836,0,1,0.774005,0.016103,-0.323628,-3.116000,-0.400000,0.076000,1
4.308178,-10.956000,-24.101000,-1.192000,39.272999,18.172001,52.875999,169.039993,0.000000,0.000000,0.000000,0.000000,0.000000,0.000000,0.000000,228.000000,-774.000000,-304.000000,-722.000000,305.000000,-390.000000,111.000000,22.000000,22.000000,22.000000,22.000000,22.000000,22.000000,22.000000,37.000000,36.000000,37.000000,38.000000,39.000000,40.000000,43.000000,1,1,1,1,1,1,1,0,0,0,0,0,0,0,74,5376.536133,837,0,1,0.774304,0.016621,-0.323628,-3.116000,-0.400000,0.076000,1
4.318287,-11.213000,-23.947001,-0.930000,38.895000,18.094000,53.060001,169.248001,0.000000,0.000000,0.000000,0.000000,0.000000,0.000000,0.000000,228.000000,-774.000000,-304.000000,-722.000000,305.000000,-390.000000,111.000000,22.000000,22.000000,22.000000,22.000000,22.000000,22.000000,22.000000,37.000000,36.000000,37.000000,38.000000,39.000000,40.000000,43.000000,1,1,1,1,1,1,1,0,0,0,0,0,0,0,74,5376.536133,837,0,1,0.774802,0.017485,-0.323628,-3.117000,-0.400000,0.076000,1
4.328182,-11.473000,-23.791000,-0.666000,38.512001,18.016001,53.247002,169.455994,0.000000,0.000000,0.000000,0.000000,0.000000,0.000000,0.000000,228.000000,-774.000000,-304.000000,-722.000000,305.000000,-390.000000,111.000000,22.000000,22.000000,22.000000,22.000000,22.000000,22.000000,22.000000,37.000000,36.000000,37.000000,38.000000,39.000000,40.000000,43.000000,1,1,1,1,1,1,1,0,0,0,0,0,0,0,74,5376.536133,837,0,1,0.775301,0.018349,-0.323628,-3.117000,-0.400000,0.076000,1
4.338331,-11.788000,-23.601999,-0.345000,38.044998,17.921000,53.473999,169.705002,0.000000,0.000000,0.000000,0.000000,0.000000,0.000000,0.000000,228.000000,-774.000000,-304.000000,-722.000000,305.000000,-390.000000,111.000000,22.000000,22.000000,22.000000,22.000000,22.000000,22.000000,22.000000,37.000000,36.000000,37.000000,38.000000,39.000000,40.000000,43.000000,1,1,1,1,1,1,1,0,0,0,0,0,0,0,74,5376.537109,836,0,1,0.775899,0.019385,-0.323628,-3.117000,-0.400000,0.076000,1
4.348142,-12.054000,-23.441999,-0.075000,37.651001,17.841000,53.667000,169.914001,0.000000,0.000000,0.000000,0.000000,0.000000,0.000000,0.000000,228.000000,-774.000000,-304.000000,-722.000000,305.000000,-390.000000,111.000000,22.000000,22.000000,22.000000,22.000000,22.000000,22.000000,22.000000,37.000000,36.000000,37.000000,38.000000,39.000000,40.000000,43.000000,1,1,1,1,1,1,1,0,0,0,0,0,0,0,74,5376.536133,838,0,1,0.776398,0.020249,-0.323628,-3.116000,-0.400000,0.076000,1
4.358178,-12.322000,-23.281000,0.198000,37.250999,17.761000,53.862000,170.123001,0.000000,0.000000,0.000000,0.000000,0.000000,0.000000,0.000000,228.000000,-774.000000,-304.000000,-722.000000,305.000000,-390.000000,111.000000,22.000000,22.000000,22.000000,22.000000,22.000000,22.000000,22.000000,37.000000,36.000000,37.000000,38.000000,39.000000,40.000000,43.000000,1,1,1,1,1,1,1,0,0,0,0,0,0,0,74,5376.536133,836,0,1,0.776897,0.021112,-0.323628,-3.117000,-0.400000,0.076000,1
4.368158,-12.593000,-23.117001,0.474000,36.846001,17.680000,54.061001,170.332993,0.000000,0.000000,0.000000,0.000000,0.000000,0.000000,0.000000,228.000000,-774.000000,-304.000000,-722.000000,305.000000,-390.000000,111.000000,22.000000,22.000000,22.000000,22.000000,22.000000,22.000000,22.000000,37.000000,36.000000,37.000000,38.000000,39.000000,40.000000,43.000000,1,1,1,1,1,1,1,0,0,0,0,0,0,0,74,5376.537109,836,0,1,0.777395,0.021976,-0.323628,-3.117000,-0.400000,0.076000,1
4.378365,-12.923000,-22.917999,0.811000,36.352001,17.580999,54.304001,170.585007,0.000000,0.000000,0.000000,0.000000,0.000000,0.000000,0.000000,228.000000,-774.000000,-304.000000,-722.000000,305.000000,-390.000000,111.000000,22.000000,22.000000,22.000000,22.000000,22.000000,22.000000,22.000000,37.000000,36.000000,37.000000,38.000000,39.000000,40.000000,43.000000,1,1,1,1,1,1,1,0,0,0,0,0,0,0,74,5376.536133,837,0,1,0.777994,0.023012,-0.323628,-3.117000,-0.400000,0.076000,1
4.388225,-13.201000,-22.749001,1.095000,35.933998,17.499001,54.508999,170.794998,0.000000,0.000000,0.000000,0.000000,0.000000,0.000000,0.000000,228.000000,-774.000000,-304.000000,-722.000000,305.000000,-390.000000,111.000000,22.000000,22.000000,22.000000,22.000000,22.000000,22.000000,22.000000,37.000000,36.000000,37.000000,38.000000,39.000000,40.000000,43.000000,1,1,1,1,1,1,1,0,0,0,0,0,0,0,74,5376.534180,837,0,1,0.778492,0.023876,-0.323628,-3.117000,-0.400000,0.076000,1
4.398186,-13.483000,-22.577999,1.383000,35.509998,17.415001,54.717999,171.005997,0.000000,0.000000,0.000000,0.000000,0.000000,0.000000,0.000000,228.000000,-774.000000,-304.000000,-722.000000,305.000000,-390.000000,111.000000,22.000000,22.000000,22.000000,22.000000,22.000000,22.000000,22.000000,37.000000,36.000000,37.000000,38.000000,39.000000,40.000000,43.000000,1,1,1,1,1,1,1,0,0,0,0,0,0,0,74,5376.536133,835,0,1,0.778991,0.024740,-0.323628,-3.116000,-0.400000,0.076000,1
4.408219,-13.654000,-22.475000,1.557000,35.252998,17.365000,54.845001,171.132996,0.000000,0.000000,0.000000,0.000000,0.000000,0.000000,0.000000,228.000000,-774.000000,-304.000000,-722.000000,305.000000,-390.000000,111.000000,22.000000,22.000000,22.000000,22.000000,22.000000,22.000000,22.000000,37.000000,36.000000,37.000000,38.000000,39.000000,40.000000,43.000000,1,1,1,1,1,1,1,0,0,0,0,0,0,0,74,5376.536133,837,0,1,0.779290,0.025258,-0.323628,-3.116000,-0.400000,0.076000,1
4.418343,-13.942000,-22.299999,1.851000,34.819000,17.281000,55.060001,171.343994,0.000000,0.000000,0.000000,0.000000,0.000000,0.000000,0.000000,228.000000,-774.000000,-304.000000,-722.000000,305.000000,-390.000000,111.000000,22.000000,22.000000,22.000000,22.000000,22.000000,22.000000,22.000000,37.000000,36.000000,37.000000,38.000000,39.000000,40.000000,43.000000,1,1,1,1,1,1,1,0,0,0,0,0,0,0,74,5376.536133,836,0,1,0.779789,0.026121,-0.323628,-3.117000,-0.400000,0.076000,1
4.428472,-14.293000,-22.087999,2.209000,34.289001,17.179001,55.321999,171.598999,0.000000,0.000000,0.000000,0.000000,0.000000,0.000000,0.000000,228.000000,-774.000000,-304.000000,-722.000000,305.000000,-390.000000,111.000000,22.000000,22.000000,22.000000,22.000000,22.000000,22.000000,22.000000,37.000000,36.000000,37.000000,38.000000,39.000000,40.000000,43.000000,1,1,1,1,1,1,1,0,0,0,0,0,0,0,74,5376.536133,834,0,1,0.780387,0.027158,-0.323627,-3.117000,-0.400000,0.076000,1
4.438148,-14.590000,-21.908001,2.513000,33.840000,17.093000,55.544998,171.811996,0.000000,0.000000,0.000000,0.000000,0.000000,0.000000,0.000000,228.000000,-774.000000,-304.000000,-722.000000,305.000000,-390.000000,111.000000,22.000000,22.000000,22.000000,22.000000,22.000000,22.000000,22.000000,37.000000,36.000000,37.000000,38.000000,39.000000,40.000000,43.000000,1,1,1,1,1,1,1,0,0,0,0,0,0,0,74,5376.536133,836,0,1,0.780886,0.028021,-0.323628,-3.117000,-0.400000,0.076000,1
4.448181,-14.892000,-21.725000,2.821000,33.383999,17.007000,55.771999,172.024994,0.000000,0.000000,0.000000,0.000000,0.000000,0.000000,0.000000,228.000000,-774.000000,-304.000000,-722.000000,305.000000,-390.000000,111.000000,22.000000,22.000000,22.000000,22.000000,22.000000,22.000000,22.000000,37.000000,36.000000,37.000000,38.000000,39.000000,40.000000,43.000000,1,1,1,1,1,1,1,0,0,0,0,0,0,0,74,5376.537109,836,0,1,0.781384,0.028885,-0.323628,-3.117000,-0.400000,0.076000,1
4.458153,-15.198000,-21.539000,3.134000,32.919998,16.920000,56.001999,172.238007,0.000000,0.000000,0.000000,0.000000,0.000000,0.000000,0.000000,228.000000,-774.000000,-304.000000,-722.000000,305.000000,-390.000000,111.000000,22.000000,22.000000,22.000000,22.000000,22.000000,22.000000,22.000000,37.000000,36.000000,37.000000,38.000000,39.000000,40.000000,43.000000,1,1,1,1,1,1,1,0,0,0,0,0,0,0,74,5376.534180,837,0,1,0.781883,0.029749,-0.323627,-3.116000,-0.400000,0.076000,1
4.468185,-15.573000,-21.312000,3.516000,32.353001,16.815001,56.285000,172.494995,0.000000,0.000000,0.000000,0.000000,0.000000,0.000000,0.000000,228.000000,-774.000000,-304.000000,-722.000000,305.000000,-390.000000,111.000000,22.000000,22.000000,22.000000,22.000000,22.000000,22.000000,22.000000,37.000000,36.000000,37.000000,38.000000,39.000000,40.000000,43.000000,1,1,1,1,1,1,1,0,0,0,0,0,0,0,74,5376.537109,836,0,1,0.782481,0.030785,-0.323628,-3.117000,-0.400000,0.076000,1
4.478217,-15.892000,-21.120001,3.841000,31.872000,16.728001,56.526001,172.710007,0.000000,0.000000,0.000000,0.000000,0.000000,0.000000,0.000000,228.000000,-774.000000,-304.000000,-722.000000,305.000000,-390.000000,111.000000,22.000000,22.000000,22.000000,22.000000,22.000000,22.000000,22.000000,37.000000,36.000000,37.000000,38.000000,39.000000,40.000000,43.000000,1,1,1,1,1,1,1,0,0,0,0,0,0,0,74,5376.536133,837,0,1,0.782980,0.031649,-0.323627,-3.116000,-0.400000,0.076000,1
4.488175,-16.216000,-20.924000,4.172000,31.382000,16.639999,56.771000,172.925003,0.000000,0.000000,0.000000,0.000000,0.000000,0.000000,0.000000,228.000000,-774.000000,-304.000000,-722.000000,305.000000,-390.000000,111.000000,22.000000,22.000000,22.000000,22.000000,22.000000,22.000000,22.000000,37.000000,36.000000,37.000000,38.000000,39.000000,40.000000,43.000000,1,1,1,1,1,1,1,0,0,0,0,0,0,0,74,5376.537109,836,0,1,0.783478,0.032512,-0.323628,-3.116000,-0.400000,0.076000,1
4.498248,-16.414000,-20.805000,4.373000,31.083000,16.586000,56.921001,173.054993,0.000000,0.000000,0.000000,0.000000,0.000000,0.000000,0.000000,228.000000,-774.000000,-304.000000,-722.000000,305.000000,-390.000000,111.000000,22.000000,22.000000,22.000000,22.000000,22.000000,22.000000,22.000000,37.000000,36.000000,37.000000,38.000000,39.000000,40.000000,43.000000,1,1,1,1,1,1,1,0,0,0,0,0,0,0,74,5376.536133,837,0,1,0.783778,0.033030,-0.323628,-3.117000,-0.400000,0.076000,1
4.508302,-16.749001,-20.603001,4.714000,30.577999,16.497999,57.174999,173.270996,0.000000,0.000000,0.000000,0.000000,0.000000,0.000000,0.000000,228.000000,-774.000000,-304.000000,-722.000000,305.000000,-390.000000,111.000000,22.000000,22.000000,22.000000,22.000000,22.000000,22.000000,22.000000,37.000000,36.000000,37.000000,38.000000,39.000000,40.000000,43.000000,1,1,1,1,1,1,1,0,0,0,0,0,0,0,74,5376.537109,838,0,1,0.784276,0.033894,-0.323628,-3.117000,-0.400000,0.076000,1
4.518231,-17.160999,-20.357000,5.132000,29.959999,16.391001,57.486000,173.531006,0.000000,0.000000,0.000000,0.000000,0.000000,0.000000,0.000000,228.000000,-774.000000,-304.000000,-722.000000,305.000000,-390.000000,111.000000,22.000000,22.000000,22.000000,22.000000,22.000000,22.000000,22.000000,37.000000,36.000000,37.000000,38.000000,39.000000,40.000000,43.000000,1,1,1,1,1,1,1,0,0,0,0,0,0,0,74,5376.537109,835,0,1,0.784875,0.034930,-0.323627,-3.117000,-0.400000,0.076000,1
4.528067,-17.513000,-20.146999,5.489000,29.433001,16.302000,57.751999,173.748993,0.000000,0.000000,0.000000,0.000000,0.000000,0.000000,0.000000,228.000000,-774.000000,-304.000000,-722.000000,305.000000,-390.000000,111.000000,22.000000,22.000000,22.000000,22.000000,22.000000,22.000000,22.000000,37.000000,36.000000,37.000000,38.000000,39.000000,40.000000,43.000000,1,1,1,1,1,1,1,0,0,0,0,0,0,0,74,5376.537109,835,0,1,0.785373,0.035794,-0.323628,-3.116000,-0.400000,0.076000,1
4.538123,-17.870001,-19.934999,5.850000,28.899000,16.212999,58.021000,173.964996,0.000000,0.000000,0.000000,0.000000,0.000000,0.000000,0.000000,228.000000,-774.000000,-304.000000,-722.000000,305.000000,-390.000000,111.000000,22.000000,22.000000,22.000000,22.000000,22.000000,22.000000,22.000000,37.000000,36.000000,37.000000,38.000000,39.000000,40.000000,43.000000,1,1,1,1,1,1,1,0,0,0,0,0,0,0,74,5376.537109,836,0,1,0.785868,0.036651,-0.323627,-3.117000,-0.400000,0.076000,1
4.548175,-18.284000,-19.688999,6.270000,28.282000,16.111000,58.334000,174.212006,0.000000,0.000000,0.000000,0.000000,0.000000,0.000000,0.000000,228.000000,-774.000000,-304.000000,-722.000000,305.000000,-390.000000,111.000000,22.000000,22.000000,22.000000,22.000000,22.000000,22.000000,22.000000,37.000000,36.000000,37.000000,38.000000,39.000000,40.000000,43.000000,1,1,1,1,1,1,1,0,0,0,0,0,0,0,74,5376.536133,836,0,1,0.786428,0.037620,-0.323628,-3.117000,-0.400000,0.076000,1
4.558087,-18.596001,-19.503000,6.589000,27.816000,16.032000,58.570000,174.395004,0.000000,0.000000,0.000000,0.000000,0.000000,0.000000,0.000000,228.000000,-774.000000,-304.000000,-722.000000,305.000000,-390.000000,111.000000,22.000000,22.000000,22.000000,22.000000,22.000000,22.000000,22.000000,37.000000,36.000000,37.000000,38.000000,39.000000,40.000000,43.000000,1,1,1,1,1,1,1,0,0,0,0,0,0,0,74,5376.536133,837,0,1,0.786841,0.038337,-0.323628,-3.117000,-0.400000,0.076000,1
4.568194,-18.863001,-19.344999,6.863000,27.416000,15.963000,58.771999,174.550995,0.000000,0.000000,0.000000,0.000000,0.000000,0.000000,0.000000,228.000000,-774.000000,-304.000000,-722.000000,305.000000,-390.000000,111.000000,22.000000,22.000000,22.000000,22.000000,22.000000,22.000000,22.000000,37.000000,36.000000,37.000000,38.000000,39.000000,40.000000,43.000000,1,1,1,1,1,1,1,0,0,0,0,0,0,0,74,5376.537109,836,0,1,0.787189,0.038940,-0.323628,-3.116000,-0.400000,0.076000,1
4.578726,-18.995001,-19.264999,7.003000,27.215000,15.925000,58.874001,174.630005,0.000000,0.000000,0.000000,0.000000,0.000000,0.000000,0.000000,228.000000,-774.000000,-304.000000,-722.000000,305.000000,-390.000000,111.000000,22.000000,22.000000,22.000000,22.000000,22.000000,22.000000,22.000000,37.000000,36.000000,37.000000,38.000000,39.000000,40.000000,43.000000,1,1,1,1,1,1,1,0,0,0,0,0,0,0,74,5376.536133,836,0,1,0.787362,0.039239,-0.323627,-3.117000,-0.400000,0.076000,1
4.588213,-19.167999,-19.159000,7.189000,26.951000,15.871000,59.007000,174.733994,0.000000,0.000000,0.000000,0.000000,0.000000,0.000000,0.000000,228.000000,-774.000000,-304.000000,-722.000000,305.000000,-390.000000,111.000000,22.000000,22.000000,22.000000,22.000000,22.000000,22.000000,22.000000,37.000000,36.000000,37.000000,38.000000,39.000000,40.000000,43.000000,1,1,1,1,1,1,1,0,0,0,0,0,0,0,74,5376.537109,836,0,1,0.787588,0.039631,-0.323628,-3.117000,-0.400000,0.076000,1
4.598223,-19.295000,-19.077000,7.336000,26.746000,15.818000,59.110001,174.815994,0.000000,0.000000,0.000000,0.000000,0.000000,0.000000,0.000000,228.000000,-774.000000,-304.000000,-722.000000,305.000000,-390.000000,111.000000,22.000000,22.000000,22.000000,22.000000,22.000000,22.000000,22.000000,37.000000,36.000000,37.000000,38.000000,39.000000,40.000000,43.000000,1,1,1,1,1,1,1,0,0,0,0,0,0,0,74,5376.534180,837,0,1,0.787761,0.039930,-0.323627,-3.117000,-0.400000,0.076000,1
4.608154,-19.343000,-19.042000,7.404000,26.658001,15.783000,59.153999,174.854996,0.000000,0.000000,0.000000,0.000000,0.000000,0.000000,0.000000,228.000000,-774.000000,-304.000000,-722.000000,305.000000,-390.000000,111.000000,22.000000,22.000000,22.000000,22.000000,22.000000,22.000000,22.000000,37.000000,36.000000,37.000000,38.000000,39.000000,40.000000,43.000000,1,1,1,1,1,1,1,0,0,0,0,0,0,0,74,5376.534180,836,0,1,0.787835,0.040058,-0.323627,-3.117000,-0.400000,0.077000,1
4.618248,-19.351999,-19.028000,7.435000,26.624001,15.753000,59.168999,174.873993,0.000000,0.000000,0.000000,0.000000,0.000000,0.000000,0.000000,228.000000,-774.000000,-304.000000,-722.000000,305.000000,-390.000000,111.000000,22.000000,22.000000,22.000000,22.000000,22.000000,22.000000,22.000000,37.000000,36.000000,37.000000,38.000000,39.000000,40.000000,43.000000,1,1,1,1,1,1,1,0,0,0,0,0,0,0,74,5376.536133,838,0,1,0.787863,0.040107,-0.323628,-3.117000,-0.400000,0.077000,1
4.628127,-19.341000,-19.025000,7.448000,26.618999,15.727000,59.169998,174.882004,0.000000,0.000000,0.000000,0.000000,0.000000,0.000000,0.000000,228.000000,-774.000000,-304.000000,-722.000000,305.000000,-390.000000,111.000000,22.000000,22.000000,22.000000,22.000000,22.000000,22.000000,22.000000,37.000000,36.000000,37.000000,38.000000,39.000000,40.000000,43.000000,1,1,1,1,1,1,1,0,0,0,0,0,0,0,74,5376.536133,838,0,1,0.787868,0.040115,-0.323628,-3.117000,-0.400000,0.076000,0
4.638196,-19.341000,-19.025000,7.448000,26.618999,15.727000,59.169998,174.882004,0.000000,0.000000,0.000000,0.000000,0.000000,0.000000,-0.120000,280.000000,-783.000000,-324.000000,-686.000000,330.000000,-380.000000,105.000000,22.000000,22.000000,22.000000,22.000000,22.000000,22.000000,22.000000,37.000000,36.000000,37.000000,38.000000,39.000000,40.000000,43.000000,1,1,1,1,1,1,1,0,0,0,0,0,0,0,74,5376.534180,837,0,1,0.787868,0.040115,-0.323628,-3.117000,-0.400000,0.076000,0
4.648137,-19.341000,-19.025000,7.448000,26.618999,15.727000,59.169998,174.882004,0.000000,-0.120000,0.000000,0.000000,0.000000,0.000000,0.120000,278.000000,-794.000000,-325.000000,-691.000000,333.000000,-390.000000,103.000000,22.000000,22.000000,22.000000,22.000000,22.000000,22.000000,22.000000,37.000000,36.000000,37.000000,38.000000,39.000000,40.000000,43.000000,1,1,1,1,1,1,1,0,0,0,0,0,0,0,74,5376.536133,835,0,1,0.787868,0.040115,-0.323628,-3.117000,-0.400000,0.076000,0
4.658320,-19.341000,-19.025000,7.448000,26.618999,15.727000,59.169998,174.882004,0.000000,0.000000,0.000000,0.000000,0.000000,0.000000,0.000000,280.000000,-788.000000,-324.000000,-690.000000,331.000000,-383.000000,109.000000,22.000000,22.000000,22.000000,22.000000,22.000000,22.000000,22.000000,37.000000,36.000000,37.000000,38.000000,39.000000,40.000000,43.000000,1,1,1,1,1,1,1,0,0,0,0,0,0,0,74,5376.536133,837,0,1,0.787868,0.040115,-0.323628,-3.117000,-0.400000,0.076000,0
4.668083,-19.341000,-19.025000,7.448000,26.618999,15.727000,59.169998,174.882004,0.000000,0.000000,0.000000,0.000000,0.000000,0.000000,0.000000,274.000000,-789.000000,-319.000000,-698.000000,330.000000,-387.000000,105.000000,22.000000,22.000000,22.000000,22.000000,22.000000,22.000000,22.000000,37.000000,36.000000,37.000000,38.000000,39.000000,40.000000,43.000000,1,1,1,1,1,1,1,0,0,0,0,0,0,0,74,5376.534180,838,0,1,0.787868,0.040115,-0.323628,-3.117000,-0.400000,0.076000,0
4.678176,-19.341000,-19.025000,7.448000,26.618999,15.727000,59.169998,174.882004,0.000000,0.000000,0.000000,0.000000,0.000000,0.000000,0.000000,277.000000,-797.000000,-312.000000,-694.000000,333.000000,-391.000000,106.000000,22.000000,22.000000,22.000000,22.000000,22.000000,22.000000,22.000000,37.000000,36.000000,37.000000,38.000000,39.000000,40.000000,43.000000,1,1,1,1,1,1,1,0,0,0,0,0,0,0,74,5376.534180,837,0,1,0.787868,0.040115,-0.323628,-3.117000,-0.400000,0.076000,0
4.688155,-19.341000,-19.025000,7.448000,26.618999,15.727000,59.169998,174.882004,0.000000,0.000000,0.000000,0.000000,0.000000,0.000000,0.000000,281.000000,-787.000000,-321.000000,-698.000000,331.000000,-378.000000,106.000000,22.000000,22.000000,22.000000,22.000000,22.000000,22.000000,22.000000,37.000000,36.000000,37.000000,38.000000,39.000000,40.000000,43.000000,1,1,1,1,1,1,1,0,0,0,0,0,0,0,74,5376.536133,837,0,1,0.787868,0.040115,-0.323628,-3.117000,-0.400000,0.076000,0
4.698210,-19.341000,-19.025000,7.448000,26.618999,15.727000,59.169998,174.882004,0.000000,0.000000,0.000000,0.000000,0.000000,0.000000,-0.120000,281.000000,-787.000000,-315.000000,-694.000000,329.000000,-383.000000,109.000000,22.000000,22.000000,22.000000,22.000000,22.000000,22.000000,22.000000,37.000000,36.000000,37.000000,38.000000,39.000000,40.000000,43.000000,1,1,1,1,1,1,1,0,0,0,0,0,0,0,74,5376.536133,837,0,1,0.787868,0.040115,-0.323628,-3.117000,-0.400000,0.076000,0
4.708152,-19.341000,-19.025000,7.448000,26.618999,15.727000,59.169998,174.882004,0.000000,0.000000,0.000000,0.000000,0.000000,0.000000,-0.120000,280.000000,-792.000000,-307.000000,-697.000000,332.000000,-386.000000,103.000000,22.000000,22.000000,22.000000,22.000000,22.000000,22.000000,22.000000,37.000000,36.000000,37.000000,38.000000,39.000000,40.000000,43.000000,1,1,1,1,1,1,1,0,0,0,0,0,0,0,74,5376.536133,838,0,1,0.787868,0.040115,-0.323628,-3.117000,-0.400000,0.076000,0
4.718357,-19.341000,-19.025000,7.448000,26.618999,15.727000,59.169998,174.882004,0.000000,0.000000,0.000000,0.000000,0.000000,0.000000,0.000000,280.000000,-793.000000,-316.000000,-698.000000,329.000000,-383.000000,104.000000,22.000000,22.000000,22.000000,22.000000,22.000000,22.000000,22.000000,37.000000,36.000000,37.000000,38.000000,39.000000,40.000000,43.000000,1,1,1,1,1,1,1,0,0,0,0,0,0,0,74,5376.536133,837,0,1,0.787868,0.040115,-0.323628,-3.117000,-0.400000,0.076000,0
4.728285,-19.341000,-19.025000,7.448000,26.618999,15.727000,59.169998,174.882004,0.000000,0.000000,0.000000,0.000000,0.000000,0.000000,0.000000,280.000000,-794.000000,-327.000000,-696.000000,331.000000,-382.000000,109.000000,22.000000,22.000000,22.000000,22.000000,22.000000,22.000000,22.000000,37.000000,36.000000,37.000000,38.000000,39.000000,40.000000,43.000000,1,1,1,1,1,1,1,0,0,0,0,0,0,0,74,5376.536133,836,0,1,0.787868,0.040115,-0.323628,-3.117000,-0.400000,0.076000,0
4.738181,-19.341000,-19.025000,7.448000,26.618999,15.727000,59.169998,174.882004,0.000000,0.000000,0.000000,0.000000,0.000000,0.000000,0.000000,279.000000,-792.000000,-308.000000,-700.000000,327.000000,-384.000000,121.000000,22.000000,22.000000,22.000000,22.000000,22.000000,22.000000,22.000000,37.000000,36.000000,37.000000,38.000000,39.000000,40.000000,43.000000,1,1,1,1,1,1,1,0,0,0,0,0,0,0,74,5376.536133,836,0,1,0.787868,0.040115,-0.323628,-3.117000,-0.400000,0.076000,0
4.748142,-19.341000,-19.025000,7.448000,26.618999,15.727000,59.169998,174.882004,0.000000,0.000000,0.000000,0.000000,0.000000,0.000000,0.000000,280.000000,-792.000000,-318.000000,-697.000000,330.000000,-381.000000,104.000000,22.000000,22.000000,22.000000,22.000000,22.000000,22.000000,22.000000,37.000000,36.000000,37.000000,38.000000,39.000000,40.000000,43.000000,1,1,1,1,1,1,1,0,0,0,0,0,0,0,74,5376.536133,835,0,1,0.787868,0.040115,-0.323628,-3.117000,-0.400000,0.076000,0
4.758168,-19.341000,-19.025000,7.448000,26.618999,15.727000,59.169998,174.882004,0.000000,0.000000,0.000000,0.000000,0.000000,0.000000,0.000000,277.000000,-793.000000,-304.000000,-689.000000,327.000000,-386.000000,107.000000,22.000000,22.000000,22.000000,22.000000,22.000000,22.000000,22.000000,37.000000,36.000000,37.000000,38.000000,39.000000,40.000000,43.000000,1,1,1,1,1,1,1,0,0,0,0,0,0,0,74,5376.536133,836,0,1,0.787868,0.040115,-0.323628,-3.117000,-0.400000,0.076000,0
4.768165,-19.341000,-19.025000,7.448000,26.618999,15.727000,59.169998,174.882004,0.000000,0.000000,0.000000,0.000000,0.000000,0.000000,0.000000,278.000000,-798.000000,-293.000000,-695.000000,323.000000,-390.000000,110.000000,22.000000,22.000000,22.000000,22.000000,22.000000,22.000000,22.000000,37.000000,36.000000,37.000000,38.000000,39.000000,40.000000,43.000000,1,1,1,1,1,1,1,0,0,0,0,0,0,0,74,5376.536133,837,0,1,0.787868,0.040115,-0.323628,-3.117000,-0.400000,0.076000,0
4.778808,-19.341000,-19.025000,7.448000,26.618999,15.727000,59.169998,174.882004,0.000000,0.000000,0.000000,0.000000,0.000000,0.000000,0.000000,277.000000,-795.000000,-307.000000,-697.000000,330.000000,-381.000000,116.000000,22.000000,22.000000,22.000000,22.000000,22.000000,22.000000,22.000000,37.000000,36.000000,37.000000,38.000000,39.000000,40.000000,43.000000,1,1,1,1,1,1,1,0,0,0,0,0,0,0,74,5376.536133,837,0,1,0.787868,0.040115,-0.323628,-3.117000,-0.400000,0.076000,0
4.788376,-19.341000,-19.025000,7.448000,26.618999,15.727000,59.169998,174.882004,0.000000,0.000000,0.000000,0.000000,0.000000,0.000000,0.000000,277.000000,-796.000000,-302.000000,-701.000000,330.000000,-382.000000,111.000000,22.000000,22.000000,22.000000,22.000000,22.000000,22.000000,22.000000,37.000000,36.000000,37.000000,38.000000,39.000000,40.000000,43.000000,1,1,1,1,1,1,1,0,0,0,0,0,0,0,74,5376.536133,837,0,1,0.787868,0.040115,-0.323628,-3.117000,-0.400000,0.076000,0
4.798243,-19.341000,-19.025000,7.448000,26.618999,15.727000,59.169998,174.882004,0.000000,0.000000,0.000000,0.000000,0.000000,0.000000,0.000000,271.000000,-795.000000,-314.000000,-696.000000,334.000000,-382.000000,115.000000,22.000000,22.000000,22.000000,22.000000,22.000000,22.000000,22.000000,37.000000,36.000000,37.000000,38.000000,39.000000,40.000000,43.000000,1,1,1,1,1,1,1,0,0,0,0,0,0,0,74,5376.536133,837,0,1,0.787868,0.040115,-0.323628,-3.117000,-0.400000,0.076000,0
4.808260,-19.341000,-19.025000,7.448000,26.618999,15.727000,59.169998,174.882004,0.000000,0.000000,0.000000,0.000000,0.000000,0.000000,0.000000,266.000000,-795.000000,-322.000000,-691.000000,328.000000,-384.000000,108.000000,22.000000,22.000000,22.000000,22.000000,22.000000,22.000000,22.000000,37.000000,36.000000,37.000000,38.000000,39.000000,40.000000,43.000000,1,1,1,1,1,1,1,0,0,0,0,0,0,0,74,5376.536133,836,0,1,0.787868,0.040115,-0.323628,-3.117000,-0.400000,0.076000,0
4.818302,-19.341000,-19.025000,7.448000,26.618999,15.727000,59.169998,174.882004,0.000000,0.000000,0.000000,0.000000,0.000000,0.000000,0.000000,275.000000,-794.000000,-309.000000,-708.000000,327.000000,-382.000000,126.000000,22.000000,22.000000,22.000000,22.000000,22.000000,22.000000,22.000000,37.000000,36.000000,37.000000,38.000000,39.000000,40.000000,43.000000,1,1,1,1,1,1,1,0,0,0,0,0,0,0,74,5376.536133,835,0,1,0.787868,0.040115,-0.323628,-3.117000,-0.400000,0.076000,0
4.828132,-19.341000,-19.025000,7.448000,26.618999,15.727000,59.169998,174.882004,0.000000,0.120000,0.000000,0.000000,0.000000,0.000000,0.000000,268.000000,-799.000000,-295.000000,-705.000000,330.000000,-385.000000,114.000000,22.000000,22.000000,22.000000,22.000000,22.000000,22.000000,22.000000,37.000000,36.000000,37.000000,38.000000,39.000000,40.000000,43.000000,1,1,1,1,1,1,1,0,0,0,0,0,0,0,74,5376.536133,837,0,1,0.787868,0.040115,-0.323628,-3.117000,-0.400000,0.076000,0
4.838166,-19.341000,-19.025000,7.448000,26.618999,15.727000,59.169998,174.882004,0.000000,0.000000,0.000000,0.000000,0.000000,0.000000,0.000000,273.000000,-802.000000,-305.000000,-699.000000,332.000000,-379.000000,118.000000,22.000000,22.000000,22.000000,22.000000,22.000000,22.000000,22.000000,37.000000,36.000000,37.000000,38.000000,39.000000,40.000000,43.000000,1,1,1,1,1,1,1,0,0,0,0,0,0,0,74,5376.536133,837,0,1,0.787868,0.040115,-0.323628,-3.117000,-0.400000,0.076000,0
4.848134,-19.341000,-19.025000,7.448000,26.618999,15.727000,59.169998,174.882004,0.000000,0.000000,0.000000,0.000000,0.000000,0.000000,0.000000,273.000000,-802.000000,-318.000000,-685.000000,328.000000,-390.000000,105.000000,22.000000,22.000000,22.000000,22.000000,22.000000,22.000000,22.000000,37.000000,36.000000,37.000000,38.000000,39.000000,40.000000,43.000000,1,1,1,1,1,1,1,0,0,0,0,0,0,0,74,5376.536133,836,0,1,0.787868,0.040115,-0.323628,-3.117000,-0.400000,0.076000,0
4.858236,-19.341000,-19.025000,7.448000,26.618999,15.727000,59.169998,174.882004,0.000000,0.000000,0.000000,0.000000,0.000000,0.000000,0.000000,279.000000,-800.000000,-289.000000,-689.000000,328.000000,-383.000000,108.000000,22.000000,22.000000,22.000000,22.000000,22.000000,22.000000,22.000000,37.000000,36.000000,37.000000,38.000000,39.000000,40.000000,43.000000,1,1,1,1,1,1,1,0,0,0,0,0,0,0,74,5376.536133,837,0,1,0.787868,0.040115,-0.323628,-3.117000,-0.400000,0.076000,0
4.868162,-19.341000,-19.025000,7.448000,26.618999,15.727000,59.169998,174.882004,0.000000,0.000000,0.000000,0.000000,0.000000,0.000000,0.000000,280.000000,-799.000000,-296.000000,-696.000000,333.000000,-379.000000,110.000000,22.000000,22.000000,22.000000,22.000000,22.000000,22.000000,22.000000,37.000000,36.000000,37.000000,38.000000,39.000000,40.000000,43.000000,1,1,1,1,1,1,1,0,0,0,0,0,0,0,74,5376.536133,837,0,1,0.787868,0.040115,-0.323628,-3.117000,-0.400000,0.076000,0
4.878962,-19.341000,-19.025000,7.448000,26.618999,15.727000,59.169998,174.882004,0.000000,0.000000,0.000000,0.000000,0.000000,0.000000,0.000000,285.000000,-799.000000,-310.000000,-692.000000,331.000000,-384.000000,116.000000,22.000000,22.000000,22.000000,22.000000,22.000000,22.000000,22.000000,37.000000,36.000000,37.000000,38.000000,39.000000,40.000000,43.000000,1,1,1,1,1,1,1,0,0,0,0,0,0,0,74,5376.536133,837,0,1,0.787868,0.040115,-0.323628,-3.117000,-0.400000,0.076000,0
4.888190,-19.341000,-19.025000,7.448000,26.618999,15.727000,59.169998,174.882004,0.000000,0.000000,0.000000,0.000000,0.000000,0.000000,0.000000,282.000000,-796.000000,-299.000000,-691.000000,329.000000,-381.000000,114.000000,22.000000,22.000000,22.000000,22.000000,22.000000,22.000000,22.000000,37.000000,36.000000,37.000000,38.000000,39.000000,40.000000,43.000000,1,1,1,1,1,1,1,0,0,0,0,0,0,0,74,5376.536133,837,0,1,0.787868,0.040115,-0.323628,-3.117000,-0.400000,0.076000,0
4.898121,-19.341000,-19.025000,7.448000,26.618999,15.727000,59.169998,174.882004,0.000000,0.000000,0.000000,0.000000,0.000000,0.000000,0.000000,281.000000,-801.000000,-293.000000,-703.000000,329.000000,-380.000000,104.000000,22.000000,22.000000,22.000000,22.000000,22.000000,22.000000,22.000000,37.000000,36.000000,37.000000,38.000000,39.000000,40.000000,43.000000,1,1,1,1,1,1,1,0,0,0,0,0,0,0,74,5376.536133,837,0,1,0.787868,0.040115,-0.323628,-3.117000,-0.400000,0.076000,0
4.908603,-19.341000,-19.025000,7.448000,26.618999,15.727000,59.169998,174.882004,0.000000,0.000000,0.000000,0.000000,0.000000,0.000000,0.000000,280.000000,-795.000000,-292.000000,-695.000000,329.000000,-375.000000,108.000000,22.000000,22.000000,22.000000,22.000000,22.000000,22.000000,22.000000,37.000000,36.000000,37.000000,38.000000,39.000000,40.000000,43.000000,1,1,1,1,1,1,1,0,0,0,0,0,0,0,74,5376.534180,836,0,1,0.787868,0.040115,-0.323628,-3.117000,-0.400000,0.076000,0
4.918168,-19.341000,-19.025000,7.448000,26.618999,15.727000,59.169998,174.882004,0.000000,0.000000,0.000000,0.000000,0.000000,0.000000,0.000000,282.000000,-800.000000,-313.000000,-695.000000,331.000000,-379.000000,108.000000,22.000000,22.000000,22.000000,22.000000,22.000000,22.000000,22.000000,37.000000,36.000000,37.000000,38.000000,39.000000,40.000000,43.000000,1,1,1,1,1,1,1,0,0,0,0,0,0,0,74,5376.534180,836,0,1,0.787868,0.040115,-0.323628,-3.117000,-0.400000,0.076000,0
4.928179,-19.341000,-19.025000,7.448000,26.618999,15.727000,59.169998,174.882004,0.000000,0.000000,-0.120000,0.000000,0.000000,0.000000,0.000000,282.000000,-792.000000,-309.000000,-699.000000,329.000000,-381.000000,98.000000,22.000000,22.000000,22.000000,22.000000,22.000000,22.000000,22.000000,37.000000,36.000000,37.000000,38.000000,39.000000,40.000000,43.000000,1,1,1,1,1,1,1,0,0,0,0,0,0,0,74,5376.537109,836,0,1,0.787868,0.040115,-0.323628,-3.117000,-0.400000,0.076000,0
4.938184,-19.341000,-19.025000,7.448000,26.618999,15.727000,59.169998,174.882004,0.000000,0.000000,0.000000,0.000000,0.000000,0.000000,-0.120000,275.000000,-784.000000,-290.000000,-700.000000,333.000000,-386.000000,103.000000,22.000000,22.000000,22.000000,22.000000,22.000000,22.000000,22.000000,37.000000,36.000000,37.000000,38.000000,39.000000,40.000000,43.000000,1,1,1,1,1,1,1,0,0,0,0,0,0,0,74,5376.534180,836,0,1,0.787868,0.040115,-0.323628,-3.117000,-0.400000,0.076000,0
4.948160,-19.341000,-19.025000,7.448000,26.618999,15.727000,59.169998,174.882004,0.000000,0.000000,0.000000,0.000000,0.000000,0.000000,0.000000,278.000000,-790.000000,-305.000000,-699.000000,326.000000,-377.000000,110.000000,22.000000,22.000000,22.000000,22.000000,22.000000,22.000000,22.000000,37.000000,36.000000,37.000000,38.000000,39.000000,40.000000,43.000000,1,1,1,1,1,1,1,0,0,0,0,0,0,0,74,5376.534180,835,0,1,0.787868,0.040115,-0.323628,-3.117000,-0.400000,0.076000,0
4.958199,-19.341000,-19.025000,7.448000,26.618999,15.727000,59.169998,174.882004,0.000000,0.000000,0.000000,0.000000,0.000000,0.000000,0.000000,282.000000,-789.000000,-302.000000,-691.000000,330.000000,-382.000000,107.000000,22.000000,22.000000,22.000000,22.000000,22.000000,22.000000,22.000000,37.000000,36.000000,37.000000,38.000000,39.000000,40.000000,43.000000,1,1,1,1,1,1,1,0,0,0,0,0,0,0,74,5376.536133,835,0,1,0.787868,0.040115,-0.323628,-3.117000,-0.400000,0.076000,0
