t_mono,position1,position2,position3,position4,position5,position6,position7,speed1,speed2,speed3,speed4,speed5,speed6,speed7,current1,current2,current3,current4,current5,current6,current7,voltage1,voltage2,voltage3,voltage4,voltage5,voltage6,voltage7,temperature1,temperature2,temperature3,temperature4,temperature5,temperature6,temperature7,en1,en2,en3,en4,en5,en6,en7,err1,err2,err3,err4,err5,err6,err7,lift_height,lift_pos,lift_current,lift_err,lift_en,tcp_x,tcp_y,tcp_z,tcp_rx,tcp_ry,tcp_rz,arm_status
0.170693,-2.929000,-69.628998,7.500000,134.513000,18.823000,2.071000,163.716003,0.000000,0.000000,0.000000,-0.120000,0.000000,0.000000,0.000000,-65.000000,-691.000000,120.000000,-1215.000000,98.000000,7.000000,-5.000000,22.000000,22.000000,22.000000,22.000000,22.000000,22.000000,22.000000,37.000000,38.000000,38.000000,39.000000,39.000000,40.000000,43.000000,1,1,1,1,1,1,1,0,0,0,0,0,0,0,74,5376.555176,836,0,1,0.514998,0.031999,-0.323628,-3.117000,-0.400000,0.077000,0
0.180763,-2.929000,-69.628998,7.500000,134.513000,18.823000,2.071000,163.716003,0.000000,0.000000,0.000000,0.000000,0.000000,0.000000,0.120000,-59.000000,-693.000000,142.000000,-1212.000000,96.000000,15.000000,-6.000000,22.000000,22.000000,22.000000,22.000000,22.000000,22.000000,22.000000,37.000000,38.000000,38.000000,39.000000,39.000000,40.000000,43.000000,1,1,1,1,1,1,1,0,0,0,0,0,0,0,74,5376.555176,836,0,1,0.514998,0.031999,-0.323628,-3.117000,-0.400000,0.077000,0
0.190724,-2.929000,-69.628998,7.500000,134.513000,18.823000,2.071000,163.716003,0.000000,0.000000,0.120000,0.000000,0.000000,0.000000,0.000000,-64.000000,-688.000000,134.000000,-1212.000000,102.000000,6.000000,-13.000000,22.000000,22.000000,22.000000,22.000000,22.000000,22.000000,22.000000,37.000000,38.000000,38.000000,39.000000,39.000000,40.000000,43.000000,1,1,1,1,1,1,1,0,0,0,0,0,0,0,74,5376.553223,837,0,1,0.514998,0.031999,-0.323628,-3.117000,-0.400000,0.077000,0
0.200703,-2.929000,-69.628998,7.500000,134.513000,18.823000,2.071000,163.716003,0.000000,0.000000,0.000000,0.000000,0.000000,0.000000,0.000000,-72.000000,-686.000000,138.000000,-1223.000000,99.000000,8.000000,-12.000000,22.000000,22.000000,22.000000,22.000000,22.000000,22.000000,22.000000,37.000000,38.000000,38.000000,39.000000,39.000000,40.000000,43.000000,1,1,1,1,1,1,1,0,0,0,0,0,0,0,74,5376.555176,836,0,1,0.514998,0.031999,-0.323628,-3.117000,-0.400000,0.077000,0
0.210709,-2.929000,-69.628998,7.500000,134.513000,18.823000,2.071000,163.716003,0.000000,0.000000,0.000000,0.000000,0.000000,0.000000,0.000000,-65.000000,-684.000000,126.000000,-1203.000000,104.000000,9.000000,-30.000000,22.000000,22.000000,22.000000,22.000000,22.000000,22.000000,22.000000,37.000000,38.000000,38.000000,39.000000,39.000000,40.000000,43.000000,1,1,1,1,1,1,1,0,0,0,0,0,0,0,74,5376.555176,836,0,1,0.514998,0.031999,-0.323628,-3.117000,-0.400000,0.077000,0
0.220671,-2.929000,-69.628998,7.500000,134.513000,18.823000,2.071000,163.716003,0.000000,0.000000,0.000000,0.000000,0.000000,0.000000,-0.240000,-70.000000,-685.000000,131.000000,-1201.000000,100.000000,9.000000,-17.000000,22.000000,22.000000,22.000000,22.000000,22.000000,22.000000,22.000000,37.000000,38.000000,38.000000,39.000000,39.000000,40.000000,43.000000,1,1,1,1,1,1,1,0,0,0,0,0,0,0,74,5376.555176,837,0,1,0.514998,0.031999,-0.323628,-3.117000,-0.400000,0.077000,0
0.230667,-2.929000,-69.628998,7.500000,134.513000,18.823000,2.071000,163.716003,0.000000,0.000000,0.000000,0.000000,0.000000,0.000000,0.000000,-70.000000,-684.000000,122.000000,-1194.000000,101.000000,8.000000,-14.000000,22.000000,22.000000,22.000000,22.000000,22.000000,22.000000,22.000000,37.000000,38.000000,38.000000,39.000000,39.000000,40.000000,43.000000,1,1,1,1,1,1,1,0,0,0,0,0,0,0,74,5376.555176,836,0,1,0.514998,0.031999,-0.323628,-3.117000,-0.400000,0.077000,0
0.240700,-2.929000,-69.628998,7.500000,134.513000,18.823000,2.071000,163.716003,0.000000,0.120000,0.000000,0.000000,0.000000,0.000000,0.000000,-66.000000,-681.000000,133.000000,-1200.000000,97.000000,7.000000,-11.000000,22.000000,22.000000,22.000000,22.000000,22.000000,22.000000,22.000000,37.000000,38.000000,38.000000,39.000000,39.000000,40.000000,43.000000,1,1,1,1,1,1,1,0,0,0,0,0,0,0,74,5376.555176,836,0,1,0.514998,0.031999,-0.323628,-3.117000,-0.400000,0.077000,0
0.250703,-2.929000,-69.628998,7.500000,134.513000,18.823000,2.071000,163.716003,0.000000,0.000000,0.120000,0.000000,0.000000,0.000000,0.000000,-71.000000,-689.000000,162.000000,-1206.000000,104.000000,13.000000,-12.000000,22.000000,22.000000,22.000000,22.000000,22.000000,22.000000,22.000000,37.000000,38.000000,38.000000,39.000000,39.000000,40.000000,43.000000,1,1,1,1,1,1,1,0,0,0,0,0,0,0,74,5376.556152,836,0,1,0.514998,0.031999,-0.323628,-3.117000,-0.400000,0.077000,0
0.260706,-2.929000,-69.628998,7.500000,134.513000,18.823000,2.071000,163.716003,0.000000,0.000000,0.000000,0.000000,0.000000,0.000000,-0.120000,-68.000000,-685.000000,125.000000,-1223.000000,98.000000,5.000000,-1.000000,22.000000,22.000000,22.000000,22.000000,22.000000,22.000000,22.000000,37.000000,38.000000,38.000000,39.000000,39.000000,40.000000,43.000000,1,1,1,1,1,1,1,0,0,0,0,0,0,0,74,5376.555176,836,0,1,0.514998,0.031999,-0.323628,-3.117000,-0.400000,0.077000,0
0.270771,-2.929000,-69.628998,7.500000,134.513000,18.823000,2.071000,163.716003,0.000000,0.000000,0.000000,0.000000,0.000000,0.000000,0.000000,-69.000000,-683.000000,133.000000,-1202.000000,100.000000,7.000000,-7.000000,22.000000,22.000000,22.000000,22.000000,22.000000,22.000000,22.000000,37.000000,38.000000,38.000000,39.000000,39.000000,40.000000,43.000000,1,1,1,1,1,1,1,0,0,0,0,0,0,0,74,5376.553223,836,0,1,0.514998,0.031999,-0.323628,-3.117000,-0.400000,0.077000,0
0.280756,-2.929000,-69.628998,7.500000,134.513000,18.823000,2.071000,163.716003,0.000000,0.000000,0.000000,0.000000,0.000000,0.000000,-0.120000,-63.000000,-692.000000,121.000000,-1187.000000,93.000000,8.000000,-15.000000,22.000000,22.000000,22.000000,22.000000,22.000000,22.000000,22.000000,37.000000,38.000000,38.000000,39.000000,39.000000,40.000000,43.000000,1,1,1,1,1,1,1,0,0,0,0,0,0,0,74,5376.555176,836,0,1,0.514998,0.031999,-0.323628,-3.117000,-0.400000,0.077000,0
0.290656,-2.929000,-69.628998,7.500000,134.513000,18.823000,2.071000,163.716003,0.000000,0.000000,0.000000,0.000000,0.000000,0.000000,0.000000,-49.000000,-691.000000,121.000000,-1203.000000,103.000000,11.000000,-2.000000,22.000000,22.000000,22.000000,22.000000,22.000000,22.000000,22.000000,37.000000,38.000000,38.000000,39.000000,39.000000,40.000000,43.000000,1,1,1,1,1,1,1,0,0,0,0,0,0,0,74,5376.555176,836,0,1,0.514998,0.031999,-0.323628,-3.117000,-0.400000,0.077000,0
0.300638,-2.929000,-69.628998,7.500000,134.513000,18.823000,2.071000,163.716003,0.000000,0.000000,0.000000,0.000000,0.000000,0.000000,0.000000,-50.000000,-676.000000,121.000000,-1188.000000,98.000000,7.000000,2.000000,22.000000,22.000000,22.000000,22.000000,22.000000,22.000000,22.000000,37.000000,38.000000,38.000000,39.000000,39.000000,40.000000,43.000000,1,1,1,1,1,1,1,0,0,0,0,0,0,0,74,5376.555176,837,0,1,0.514998,0.031999,-0.323628,-3.117000,-0.400000,0.077000,0
0.310682,-2.929000,-69.628998,7.500000,134.513000,18.823000,2.071000,163.716003,-0.120000,0.000000,0.000000,0.000000,0.000000,0.000000,0.120000,-57.000000,-689.000000,122.000000,-1191.000000,102.000000,10.000000,-3.000000,22.000000,22.000000,22.000000,22.000000,22.000000,22.000000,22.000000,37.000000,38.000000,38.000000,39.000000,39.000000,40.000000,43.000000,1,1,1,1,1,1,1,0,0,0,0,0,0,0,74,5376.555176,836,0,1,0.514998,0.031999,-0.323628,-3.117000,-0.400000,0.077000,0
0.320647,-2.929000,-69.628998,7.500000,134.513000,18.823000,2.071000,163.716003,0.000000,0.000000,0.000000,0.000000,0.000000,0.000000,0.000000,-57.000000,-684.000000,141.000000,-1207.000000,106.000000,9.000000,-16.000000,22.000000,22.000000,22.000000,22.000000,22.000000,22.000000,22.000000,37.000000,38.000000,38.000000,39.000000,39.000000,40.000000,43.000000,1,1,1,1,1,1,1,0,0,0,0,0,0,0,74,5376.555176,836,0,1,0.514998,0.031999,-0.323628,-3.117000,-0.400000,0.077000,0
0.330682,-2.929000,-69.628998,7.500000,134.513000,18.823000,2.071000,163.716003,0.000000,0.000000,0.000000,0.000000,0.000000,0.000000,-0.240000,-50.000000,-685.000000,114.000000,-1204.000000,104.000000,7.000000,-8.000000,22.000000,22.000000,22.000000,22.000000,22.000000,22.000000,22.000000,37.000000,38.000000,38.000000,39.000000,39.000000,40.000000,43.000000,1,1,1,1,1,1,1,0,0,0,0,0,0,0,74,5376.556152,838,0,1,0.514998,0.031999,-0.323628,-3.117000,-0.400000,0.077000,0
0.340696,-2.929000,-69.628998,7.500000,134.513000,18.823000,2.071000,163.716003,0.000000,0.000000,0.000000,0.000000,0.000000,0.000000,-0.120000,-57.000000,-685.000000,139.000000,-1191.000000,92.000000,7.000000,1.000000,22.000000,22.000000,22.000000,22.000000,22.000000,22.000000,22.000000,37.000000,38.000000,38.000000,39.000000,39.000000,40.000000,43.000000,1,1,1,1,1,1,1,0,0,0,0,0,0,0,74,5376.555176,836,0,1,0.514998,0.031999,-0.323628,-3.117000,-0.400000,0.077000,0
0.350971,-2.929000,-69.628998,7.500000,134.513000,18.823000,2.071000,163.716003,0.000000,0.000000,0.000000,0.000000,0.000000,0.000000,0.000000,-58.000000,-687.000000,134.000000,-1206.000000,95.000000,9.000000,2.000000,22.000000,22.000000,22.000000,22.000000,22.000000,22.000000,22.000000,37.000000,38.000000,38.000000,39.000000,39.000000,40.000000,43.000000,1,1,1,1,1,1,1,0,0,0,0,0,0,0,74,5376.555176,837,0,1,0.514998,0.031999,-0.323628,-3.117000,-0.400000,0.077000,0
0.360635,-2.899000,-69.626999,7.459000,134.516998,18.867001,2.069000,163.630997,0.000000,0.000000,0.000000,0.000000,0.000000,0.000000,0.000000,-59.000000,-681.000000,140.000000,-1202.000000,104.000000,10.000000,4.000000,22.000000,22.000000,22.000000,22.000000,22.000000,22.000000,22.000000,37.000000,38.000000,38.000000,39.000000,39.000000,40.000000,43.000000,1,1,1,1,1,1,1,0,0,0,0,0,0,0,74,5376.553223,836,0,1,0.514998,0.031866,-0.323628,-3.117000,-0.399000,0.077000,1
0.370662,-2.880000,-69.625999,7.434000,134.520004,18.865000,2.068000,163.606995,0.000000,0.000000,0.000000,0.000000,0.000000,0.000000,0.000000,-59.000000,-681.000000,140.000000,-1202.000000,104.000000,10.000000,4.000000,22.000000,22.000000,22.000000,22.000000,22.000000,22.000000,22.000000,37.000000,38.000000,38.000000,39.000000,39.000000,40.000000,43.000000,1,1,1,1,1,1,1,0,0,0,0,0,0,0,74,5376.553223,836,0,1,0.514998,0.031785,-0.323628,-3.117000,-0.399000,0.076000,1
0.380845,-2.834000,-69.623001,7.374000,134.526001,18.854000,2.065000,163.557007,0.000000,0.000000,0.000000,0.000000,0.000000,0.000000,0.000000,-59.000000,-681.000000,140.000000,-1202.000000,104.000000,10.000000,4.000000,22.000000,22.000000,22.000000,22.000000,22.000000,22.000000,22.000000,37.000000,38.000000,38.000000,39.000000,39.000000,40.000000,43.000000,1,1,1,1,1,1,1,0,0,0,0,0,0,0,74,5376.555176,837,0,1,0.514998,0.031586,-0.323628,-3.117000,-0.400000,0.077000,1
0.390818,-2.749000,-69.619003,7.265000,134.537994,18.820999,2.059000,163.477005,0.000000,0.000000,0.000000,0.000000,0.000000,0.000000,0.000000,-59.000000,-681.000000,140.000000,-1202.000000,104.000000,10.000000,4.000000,22.000000,22.000000,22.000000,22.000000,22.000000,22.000000,22.000000,37.000000,38.000000,38.000000,39.000000,39.000000,40.000000,43.000000,1,1,1,1,1,1,1,0,0,0,0,0,0,0,74,5376.555176,835,0,1,0.514998,0.031223,-0.323628,-3.117000,-0.400000,0.076000,1
0.400663,-2.649000,-69.612999,7.137000,134.550995,18.775000,2.052000,163.389999,0.000000,0.000000,0.000000,0.000000,0.000000,0.000000,0.000000,-59.000000,-681.000000,140.000000,-1202.000000,104.000000,10.000000,4.000000,22.000000,22.000000,22.000000,22.000000,22.000000,22.000000,22.000000,37.000000,38.000000,38.000000,39.000000,39.000000,40.000000,43.000000,1,1,1,1,1,1,1,0,0,0,0,0,0,0,74,5376.556152,837,0,1,0.514998,0.030799,-0.323628,-3.117000,-0.399000,0.077000,1
0.410713,-2.519000,-69.606003,6.971000,134.567993,18.709999,2.044000,163.283997,0.000000,0.000000,0.000000,0.000000,0.000000,0.000000,0.000000,-59.000000,-681.000000,140.000000,-1202.000000,104.000000,10.000000,4.000000,22.000000,22.000000,22.000000,22.000000,22.000000,22.000000,22.000000,37.000000,38.000000,38.000000,39.000000,39.000000,40.000000,43.000000,1,1,1,1,1,1,1,0,0,0,0,0,0,0,74,5376.555176,835,0,1,0.514998,0.030250,-0.323628,-3.117000,-0.399000,0.077000,1
0.420646,-2.321000,-69.596001,6.717000,134.593002,18.604000,2.033000,163.128006,0.000000,0.000000,0.000000,0.000000,0.000000,0.000000,0.000000,-59.000000,-681.000000,140.000000,-1202.000000,104.000000,10.000000,4.000000,22.000000,22.000000,22.000000,22.000000,22.000000,22.000000,22.000000,37.000000,38.000000,38.000000,39.000000,39.000000,40.000000,43.000000,1,1,1,1,1,1,1,0,0,0,0,0,0,0,74,5376.555176,838,0,1,0.514998,0.029411,-0.323628,-3.117000,-0.399000,0.077000,1
0.430670,-2.118000,-69.586998,6.456000,134.617996,18.490999,2.022000,162.972000,0.000000,0.000000,0.000000,0.000000,0.000000,0.000000,0.000000,-59.000000,-681.000000,140.000000,-1202.000000,104.000000,10.000000,4.000000,22.000000,22.000000,22.000000,22.000000,22.000000,22.000000,22.000000,37.000000,38.000000,38.000000,39.000000,39.000000,40.000000,43.000000,1,1,1,1,1,1,1,0,0,0,0,0,0,0,74,5376.555176,837,0,1,0.514998,0.028550,-0.323628,-3.117000,-0.399000,0.077000,1
0.440645,-1.879000,-69.577003,6.148000,134.645004,18.354000,2.011000,162.792007,0.000000,0.000000,0.000000,0.000000,0.000000,0.000000,0.000000,-59.000000,-681.000000,140.000000,-1202.000000,104.000000,10.000000,4.000000,22.000000,22.000000,22.000000,22.000000,22.000000,22.000000,22.000000,37.000000,38.000000,38.000000,39.000000,39.000000,40.000000,43.000000,1,1,1,1,1,1,1,0,0,0,0,0,0,0,74,5376.555176,836,0,1,0.514998,0.027535,-0.323628,-3.117000,-0.399000,0.077000,1
0.450637,-1.603000,-69.567001,5.791000,134.675003,18.193001,2.000000,162.585999,0.000000,0.000000,0.000000,0.000000,0.000000,0.000000,0.000000,-59.000000,-681.000000,140.000000,-1202.000000,104.000000,10.000000,4.000000,22.000000,22.000000,22.000000,22.000000,22.000000,22.000000,22.000000,37.000000,38.000000,38.000000,39.000000,39.000000,40.000000,43.000000,1,1,1,1,1,1,1,0,0,0,0,0,0,0,74,5376.555176,836,0,1,0.514998,0.026362,-0.323628,-3.116000,-0.399000,0.076000,1
0.460745,-1.222000,-69.556000,5.298000,134.712997,17.968000,1.988000,162.304993,0.000000,0.000000,0.000000,0.000000,0.000000,0.000000,0.000000,-59.000000,-681.000000,140.000000,-1202.000000,104.000000,10.000000,4.000000,22.000000,22.000000,22.000000,22.000000,22.000000,22.000000,22.000000,37.000000,38.000000,38.000000,39.000000,39.000000,40.000000,43.000000,1,1,1,1,1,1,1,0,0,0,0,0,0,0,74,5376.555176,836,0,1,0.514998,0.024744,-0.323628,-3.117000,-0.399000,0.077000,1
0.470658,-1.084000,-69.553001,5.118000,134.725998,17.884001,1.984000,162.203003,0.000000,0.000000,0.000000,0.000000,0.000000,0.000000,0.000000,-59.000000,-681.000000,140.000000,-1202.000000,104.000000,10.000000,4.000000,22.000000,22.000000,22.000000,22.000000,22.000000,22.000000,22.000000,37.000000,38.000000,38.000000,39.000000,39.000000,40.000000,43.000000,1,1,1,1,1,1,1,0,0,0,0,0,0,0,74,5376.555176,837,0,1,0.514998,0.024154,-0.323628,-3.116000,-0.399000,0.076000,1
0.480697,-0.633000,-69.544998,4.531000,134.764999,17.612000,1.977000,161.873993,0.000000,0.000000,0.000000,0.000000,0.000000,0.000000,0.000000,-59.000000,-681.000000,140.000000,-1202.000000,104.000000,10.000000,4.000000,22.000000,22.000000,22.000000,22.000000,22.000000,22.000000,22.000000,37.000000,38.000000,38.000000,39.000000,39.000000,40.000000,43.000000,1,1,1,1,1,1,1,0,0,0,0,0,0,0,74,5376.555176,835,0,1,0.514998,0.022233,-0.323628,-3.116000,-0.399000,0.076000,1
0.490914,-0.219000,-69.542000,3.989000,134.794998,17.358999,1.975000,161.572006,0.000000,0.000000,0.000000,0.000000,0.000000,0.000000,0.000000,-59.000000,-681.000000,140.000000,-1202.000000,104.000000,10.000000,4.000000,22.000000,22.000000,22.000000,22.000000,22.000000,22.000000,22.000000,37.000000,38.000000,38.000000,39.000000,39.000000,40.000000,43.000000,1,1,1,1,1,1,1,0,0,0,0,0,0,0,74,5376.556152,837,0,1,0.514998,0.020465,-0.323628,-3.117000,-0.399000,0.077000,1
0.500597,0.227000,-69.542999,3.402000,134.822998,17.084000,1.979000,161.246994,0.000000,0.000000,0.000000,0.000000,0.000000,0.000000,0.000000,-59.000000,-681.000000,140.000000,-1202.000000,104.000000,10.000000,4.000000,22.000000,22.000000,22.000000,22.000000,22.000000,22.000000,22.000000,37.000000,38.000000,38.000000,39.000000,39.000000,40.000000,43.000000,1,1,1,1,1,1,1,0,0,0,0,0,0,0,74,5376.553223,836,0,1,0.514998,0.018553,-0.323628,-3.116000,-0.399000,0.077000,1
0.510668,0.703000,-69.547997,2.772000,134.845993,16.788000,1.989000,160.899994,0.000000,0.000000,0.000000,0.000000,0.000000,0.000000,0.000000,-59.000000,-681.000000,140.000000,-1202.000000,104.000000,10.000000,4.000000,22.000000,22.000000,22.000000,22.000000,22.000000,22.000000,22.000000,37.000000,38.000000,38.000000,39.000000,39.000000,40.000000,43.000000,1,1,1,1,1,1,1,0,0,0,0,0,0,0,74,5376.553223,837,0,1,0.514998,0.016506,-0.323628,-3.116000,-0.399000,0.076000,1
0.520728,1.310000,-69.561996,1.966000,134.867004,16.408001,2.011000,160.457993,0.000000,0.000000,0.000000,0.000000,0.000000,0.000000,0.000000,-59.000000,-681.000000,140.000000,-1202.000000,104.000000,10.000000,4.000000,22.000000,22.000000,22.000000,22.000000,22.000000,22.000000,22.000000,37.000000,38.000000,38.000000,39.000000,39.000000,40.000000,43.000000,1,1,1,1,1,1,1,0,0,0,0,0,0,0,74,5376.555176,837,0,1,0.514998,0.013891,-0.323628,-3.116000,-0.399000,0.077000,1
0.530664,1.840000,-69.581001,1.257000,134.876999,16.073999,2.038000,160.070999,0.000000,0.000000,0.000000,0.000000,0.000000,0.000000,0.000000,-59.000000,-681.000000,140.000000,-1202.000000,104.000000,10.000000,4.000000,22.000000,22.000000,22.000000,22.000000,22.000000,22.000000,22.000000,37.000000,38.000000,38.000000,39.000000,39.000000,40.000000,43.000000,1,1,1,1,1,1,1,0,0,0,0,0,0,0,74,5376.553223,837,0,1,0.514998,0.011593,-0.323628,-3.116000,-0.399000,0.077000,1
0.540648,2.389000,-69.606003,0.520000,134.878006,15.726000,2.075000,159.669006,0.000000,0.000000,0.000000,0.000000,0.000000,0.000000,0.000000,-59.000000,-681.000000,140.000000,-1202.000000,104.000000,10.000000,4.000000,22.000000,22.000000,22.000000,22.000000,22.000000,22.000000,22.000000,37.000000,38.000000,38.000000,39.000000,39.000000,40.000000,43.000000,1,1,1,1,1,1,1,0,0,0,0,0,0,0,74,5376.555176,837,0,1,0.514997,0.009206,-0.323628,-3.116000,-0.399000,0.076000,1
0.550691,2.952000,-69.639000,-0.239000,134.871002,15.368000,2.123000,159.255005,0.000000,0.000000,0.000000,0.000000,0.000000,0.000000,0.000000,-59.000000,-681.000000,140.000000,-1202.000000,104.000000,10.000000,4.000000,22.000000,22.000000,22.000000,22.000000,22.000000,22.000000,22.000000,37.000000,38.000000,38.000000,39.000000,39.000000,40.000000,43.000000,1,1,1,1,1,1,1,0,0,0,0,0,0,0,74,5376.555176,837,0,1,0.514997,0.006746,-0.323628,-3.116000,-0.399000,0.076000,1
0.560643,3.525000,-69.680000,-1.016000,134.854004,15.002000,2.180000,158.832993,0.000000,0.000000,0.000000,0.000000,0.000000,0.000000,0.000000,-59.000000,-681.000000,140.000000,-1202.000000,104.000000,10.000000,4.000000,22.000000,22.000000,22.000000,22.000000,22.000000,22.000000,22.000000,37.000000,38.000000,38.000000,39.000000,39.000000,40.000000,43.000000,1,1,1,1,1,1,1,0,0,0,0,0,0,0,74,5376.555176,837,0,1,0.514997,0.004231,-0.323629,-3.116000,-0.399000,0.077000,1
0.570637,4.102000,-69.727997,-1.802000,134.828003,14.631000,2.248000,158.406006,0.000000,0.000000,0.000000,0.000000,0.000000,0.000000,0.000000,-59.000000,-681.000000,140.000000,-1202.000000,104.000000,10.000000,4.000000,22.000000,22.000000,22.000000,22.000000,22.000000,22.000000,22.000000,37.000000,38.000000,38.000000,39.000000,39.000000,40.000000,43.000000,1,1,1,1,1,1,1,0,0,0,0,0,0,0,74,5376.555176,836,0,1,0.514997,0.001681,-0.323629,-3.116000,-0.399000,0.076000,1
0.580714,4.794000,-69.793999,-2.750000,134.783005,14.184000,2.342000,157.889999,0.000000,0.000000,0.000000,0.000000,0.000000,0.000000,0.000000,-59.000000,-681.000000,140.000000,-1202.000000,104.000000,10.000000,4.000000,22.000000,22.000000,22.000000,22.000000,22.000000,22.000000,22.000000,37.000000,38.000000,38.000000,39.000000,39.000000,40.000000,43.000000,1,1,1,1,1,1,1,0,0,0,0,0,0,0,74,5376.555176,837,0,1,0.514997,-0.001398,-0.323629,-3.116000,-0.399000,0.076000,1
0.590707,5.024000,-69.819000,-3.066000,134.764008,14.036000,2.377000,157.718002,0.000000,0.000000,0.000000,0.000000,0.000000,0.000000,0.000000,-59.000000,-681.000000,140.000000,-1202.000000,104.000000,10.000000,4.000000,22.000000,22.000000,22.000000,22.000000,22.000000,22.000000,22.000000,37.000000,38.000000,38.000000,39.000000,39.000000,40.000000,43.000000,1,1,1,1,1,1,1,0,0,0,0,0,0,0,74,5376.555176,835,0,1,0.514997,-0.002424,-0.323629,-3.116000,-0.399000,0.076000,1
0.600635,5.704000,-69.898003,-4.003000,134.701004,13.596000,2.488000,157.207001,0.000000,0.000000,0.000000,0.000000,0.000000,0.000000,0.000000,-59.000000,-681.000000,140.000000,-1202.000000,104.000000,10.000000,4.000000,22.000000,22.000000,22.000000,22.000000,22.000000,22.000000,22.000000,37.000000,38.000000,38.000000,39.000000,39.000000,40.000000,43.000000,1,1,1,1,1,1,1,0,0,0,0,0,0,0,74,5376.555176,837,0,1,0.514998,-0.005481,-0.323628,-3.116000,-0.399000,0.076000,1
0.610639,6.257000,-69.969002,-4.769000,134.638000,13.237000,2.589000,156.787994,0.000000,0.000000,0.000000,0.000000,0.000000,0.000000,0.000000,-59.000000,-681.000000,140.000000,-1202.000000,104.000000,10.000000,4.000000,22.000000,22.000000,22.000000,22.000000,22.000000,22.000000,22.000000,37.000000,38.000000,38.000000,39.000000,39.000000,40.000000,43.000000,1,1,1,1,1,1,1,0,0,0,0,0,0,0,74,5376.555176,838,0,1,0.514998,-0.007987,-0.323628,-3.116000,-0.399000,0.076000,1
0.620633,6.794000,-70.044998,-5.515000,134.567993,12.888000,2.697000,156.378998,0.000000,0.000000,0.000000,0.000000,0.000000,0.000000,0.000000,-59.000000,-681.000000,140.000000,-1202.000000,104.000000,10.000000,4.000000,22.000000,22.000000,22.000000,22.000000,22.000000,22.000000,22.000000,37.000000,38.000000,38.000000,39.000000,39.000000,40.000000,43.000000,1,1,1,1,1,1,1,0,0,0,0,0,0,0,74,5376.555176,837,0,1,0.514998,-0.010436,-0.323628,-3.116000,-0.399000,0.076000,1
0.630635,7.311000,-70.124001,-6.235000,134.492004,12.553000,2.808000,155.981995,0.000000,0.000000,0.000000,0.000000,0.000000,0.000000,0.000000,-59.000000,-681.000000,140.000000,-1202.000000,104.000000,10.000000,4.000000,22.000000,22.000000,22.000000,22.000000,22.000000,22.000000,22.000000,37.000000,38.000000,38.000000,39.000000,39.000000,40.000000,43.000000,1,1,1,1,1,1,1,0,0,0,0,0,0,0,74,5376.555176,836,0,1,0.514998,-0.012810,-0.323628,-3.116000,-0.399000,0.076000,1
0.640614,7.610000,-70.171997,-6.652000,134.442993,12.359000,2.877000,155.751007,0.000000,0.000000,0.000000,0.000000,0.000000,0.000000,0.000000,-59.000000,-681.000000,140.000000,-1202.000000,104.000000,10.000000,4.000000,22.000000,22.000000,22.000000,22.000000,22.000000,22.000000,22.000000,37.000000,38.000000,38.000000,39.000000,39.000000,40.000000,43.000000,1,1,1,1,1,1,1,0,0,0,0,0,0,0,74,5376.555176,837,0,1,0.514998,-0.014191,-0.323628,-3.116000,-0.399000,0.076000,1
0.650695,8.360000,-70.301003,-7.704000,134.309006,11.872000,3.062000,155.166000,0.000000,0.000000,0.000000,0.000000,0.000000,0.000000,0.000000,-59.000000,-681.000000,140.000000,-1202.000000,104.000000,10.000000,4.000000,22.000000,22.000000,22.000000,22.000000,22.000000,22.000000,22.000000,37.000000,38.000000,38.000000,39.000000,39.000000,40.000000,43.000000,1,1,1,1,1,1,1,0,0,0,0,0,0,0,74,5376.553223,837,0,1,0.514998,-0.017687,-0.323628,-3.116000,-0.399000,0.076000,1
0.660614,8.792000,-70.379997,-8.310000,134.222000,11.594000,3.177000,154.826004,0.000000,0.000000,0.000000,0.000000,0.000000,0.000000,0.000000,-59.000000,-681.000000,140.000000,-1202.000000,104.000000,10.000000,4.000000,22.000000,22.000000,22.000000,22.000000,22.000000,22.000000,22.000000,37.000000,38.000000,38.000000,39.000000,39.000000,40.000000,43.000000,1,1,1,1,1,1,1,0,0,0,0,0,0,0,74,5376.555176,836,0,1,0.514998,-0.019715,-0.323628,-3.116000,-0.399000,0.076000,1
0.670648,9.036000,-70.427002,-8.653000,134.169998,11.437000,3.244000,154.632004,0.000000,0.000000,0.000000,0.000000,0.000000,0.000000,0.000000,-59.000000,-681.000000,140.000000,-1202.000000,104.000000,10.000000,4.000000,22.000000,22.000000,22.000000,22.000000,22.000000,22.000000,22.000000,37.000000,38.000000,38.000000,39.000000,39.000000,40.000000,43.000000,1,1,1,1,1,1,1,0,0,0,0,0,0,0,74,5376.556152,838,0,1,0.514999,-0.020868,-0.323628,-3.117000,-0.399000,0.076000,1
0.680740,9.417000,-70.501999,-9.190000,134.085007,11.194000,3.354000,154.326996,0.000000,0.000000,0.000000,0.000000,0.000000,0.000000,0.000000,-59.000000,-681.000000,140.000000,-1202.000000,104.000000,10.000000,4.000000,22.000000,22.000000,22.000000,22.000000,22.000000,22.000000,22.000000,37.000000,38.000000,38.000000,39.000000,39.000000,40.000000,43.000000,1,1,1,1,1,1,1,0,0,0,0,0,0,0,74,5376.556152,833,0,1,0.514999,-0.022676,-0.323628,-3.117000,-0.399000,0.077000,1
0.690638,9.830000,-70.587997,-9.772000,133.987000,10.933000,3.478000,153.992004,0.000000,0.000000,0.000000,0.000000,0.000000,0.000000,0.000000,-59.000000,-681.000000,140.000000,-1202.000000,104.000000,10.000000,4.000000,22.000000,22.000000,22.000000,22.000000,22.000000,22.000000,22.000000,37.000000,38.000000,38.000000,39.000000,39.000000,40.000000,43.000000,1,1,1,1,1,1,1,0,0,0,0,0,0,0,74,5376.555176,835,0,1,0.514999,-0.024650,-0.323628,-3.117000,-0.399000,0.077000,1
0.700779,10.136000,-70.653000,-10.206000,133.910004,10.742000,3.574000,153.740005,0.000000,0.000000,0.000000,0.000000,0.000000,0.000000,0.000000,-59.000000,-681.000000,140.000000,-1202.000000,104.000000,10.000000,4.000000,22.000000,22.000000,22.000000,22.000000,22.000000,22.000000,22.000000,37.000000,38.000000,38.000000,39.000000,39.000000,40.000000,43.000000,1,1,1,1,1,1,1,0,0,0,0,0,0,0,74,5376.555176,836,0,1,0.514999,-0.026124,-0.323628,-3.117000,-0.399000,0.077000,1
0.710729,10.408000,-70.712997,-10.591000,133.839005,10.574000,3.662000,153.511993,0.000000,0.000000,0.000000,0.000000,0.000000,0.000000,0.000000,-59.000000,-681.000000,140.000000,-1202.000000,104.000000,10.000000,4.000000,22.000000,22.000000,22.000000,22.000000,22.000000,22.000000,22.000000,37.000000,38.000000,38.000000,39.000000,39.000000,40.000000,43.000000,1,1,1,1,1,1,1,0,0,0,0,0,0,0,74,5376.553223,835,0,1,0.514999,-0.027440,-0.323628,-3.117000,-0.399000,0.076000,1
0.720896,10.646000,-70.765999,-10.929000,133.774002,10.431000,3.741000,153.309006,0.000000,0.000000,0.000000,0.000000,0.000000,0.000000,0.000000,-59.000000,-681.000000,140.000000,-1202.000000,104.000000,10.000000,4.000000,22.000000,22.000000,22.000000,22.000000,22.000000,22.000000,22.000000,37.000000,38.000000,38.000000,39.000000,39.000000,40.000000,43.000000,1,1,1,1,1,1,1,0,0,0,0,0,0,0,74,5376.553223,835,0,1,0.514999,-0.028598,-0.323628,-3.117000,-0.399000,0.077000,1
0.730784,10.888000,-70.821999,-11.273000,133.705994,10.290000,3.824000,153.097000,0.000000,0.000000,0.000000,0.000000,0.000000,0.000000,0.000000,-59.000000,-681.000000,140.000000,-1202.000000,104.000000,10.000000,4.000000,22.000000,22.000000,22.000000,22.000000,22.000000,22.000000,22.000000,37.000000,38.000000,38.000000,39.000000,39.000000,40.000000,43.000000,1,1,1,1,1,1,1,0,0,0,0,0,0,0,74,5376.556152,837,0,1,0.514999,-0.029781,-0.323628,-3.117000,-0.400000,0.077000,1
0.740678,11.055000,-70.861000,-11.511000,133.656998,10.197000,3.882000,152.945999,0.000000,0.000000,0.000000,0.000000,0.000000,0.000000,0.000000,-59.000000,-681.000000,140.000000,-1202.000000,104.000000,10.000000,4.000000,22.000000,22.000000,22.000000,22.000000,22.000000,22.000000,22.000000,37.000000,38.000000,38.000000,39.000000,39.000000,40.000000,43.000000,1,1,1,1,1,1,1,0,0,0,0,0,0,0,74,5376.555176,837,0,1,0.514999,-0.030601,-0.323628,-3.117000,-0.399000,0.077000,1
0.750753,11.192000,-70.892998,-11.706000,133.615997,10.126000,3.931000,152.817001,0.000000,0.000000,0.000000,0.000000,0.000000,0.000000,0.000000,-59.000000,-681.000000,140.000000,-1202.000000,104.000000,10.000000,4.000000,22.000000,22.000000,22.000000,22.000000,22.000000,22.000000,22.000000,37.000000,38.000000,38.000000,39.000000,39.000000,40.000000,43.000000,1,1,1,1,1,1,1,0,0,0,0,0,0,0,74,5376.553223,837,0,1,0.514999,-0.031276,-0.323628,-3.117000,-0.399000,0.076000,1
0.760709,11.260000,-70.910004,-11.804000,133.595993,10.093000,3.956000,152.748993,0.000000,0.000000,0.000000,0.000000,0.000000,0.000000,0.000000,-59.000000,-681.000000,140.000000,-1202.000000,104.000000,10.000000,4.000000,22.000000,22.000000,22.000000,22.000000,22.000000,22.000000,22.000000,37.000000,38.000000,38.000000,39.000000,39.000000,40.000000,43.000000,1,1,1,1,1,1,1,0,0,0,0,0,0,0,74,5376.555176,837,0,1,0.514999,-0.031616,-0.323628,-3.117000,-0.399000,0.076000,1
0.770960,11.369000,-70.935997,-11.962000,133.561996,10.046000,3.996000,152.634995,0.000000,0.000000,0.000000,0.000000,0.000000,0.000000,0.000000,-59.000000,-681.000000,140.000000,-1202.000000,104.000000,10.000000,4.000000,22.000000,22.000000,22.000000,22.000000,22.000000,22.000000,22.000000,37.000000,38.000000,38.000000,39.000000,39.000000,40.000000,43.000000,1,1,1,1,1,1,1,0,0,0,0,0,0,0,74,5376.555176,835,0,1,0.515000,-0.032161,-0.323628,-3.117000,-0.400000,0.076000,1
0.780851,11.445000,-70.955002,-12.072000,133.539001,10.023000,4.024000,152.544998,0.000000,0.000000,0.000000,0.000000,0.000000,0.000000,0.000000,-59.000000,-681.000000,140.000000,-1202.000000,104.000000,10.000000,4.000000,22.000000,22.000000,22.000000,22.000000,22.000000,22.000000,22.000000,37.000000,38.000000,38.000000,39.000000,39.000000,40.000000,43.000000,1,1,1,1,1,1,1,0,0,0,0,0,0,0,74,5376.556152,837,0,1,0.514999,-0.032543,-0.323627,-3.117000,-0.400000,0.077000,1
0.790696,11.487000,-70.964996,-12.134000,133.524994,10.019000,4.040000,152.485992,0.000000,0.000000,0.000000,0.000000,0.000000,0.000000,0.000000,-59.000000,-681.000000,140.000000,-1202.000000,104.000000,10.000000,4.000000,22.000000,22.000000,22.000000,22.000000,22.000000,22.000000,22.000000,37.000000,38.000000,38.000000,39.000000,39.000000,40.000000,43.000000,1,1,1,1,1,1,1,0,0,0,0,0,0,0,74,5376.555176,837,0,1,0.515000,-0.032755,-0.323628,-3.117000,-0.400000,0.076000,1
0.800642,11.504000,-70.969002,-12.160000,133.520004,10.022000,4.047000,152.457001,0.000000,0.000000,0.000000,0.000000,0.000000,0.000000,0.000000,-59.000000,-681.000000,140.000000,-1202.000000,104.000000,10.000000,4.000000,22.000000,22.000000,22.000000,22.000000,22.000000,22.000000,22.000000,37.000000,38.000000,38.000000,39.000000,39.000000,40.000000,43.000000,1,1,1,1,1,1,1,0,0,0,0,0,0,0,74,5376.556152,837,0,1,0.515000,-0.032844,-0.323628,-3.117000,-0.400000,0.077000,1
0.810638,11.522000,-70.973999,-12.188000,133.514008,10.035000,4.054000,152.416000,0.000000,0.000000,0.000000,0.000000,0.000000,0.000000,0.000000,-59.000000,-681.000000,140.000000,-1202.000000,104.000000,10.000000,4.000000,22.000000,22.000000,22.000000,22.000000,22.000000,22.000000,22.000000,37.000000,38.000000,38.000000,39.000000,39.000000,40.000000,43.000000,1,1,1,1,1,1,1,0,0,0,0,0,0,0,74,5376.556152,838,0,1,0.515000,-0.032939,-0.323627,-3.117000,-0.400000,0.077000,1
0.820669,11.530000,-70.975998,-12.203000,133.511002,10.060000,4.058000,152.376007,0.000000,0.000000,0.000000,0.000000,0.000000,0.000000,0.000000,-59.000000,-681.000000,140.000000,-1202.000000,104.000000,10.000000,4.000000,22.000000,22.000000,22.000000,22.000000,22.000000,22.000000,22.000000,37.000000,38.000000,38.000000,39.000000,39.000000,40.000000,43.000000,1,1,1,1,1,1,1,0,0,0,0,0,0,0,74,5376.555176,837,0,1,0.515000,-0.032989,-0.323628,-3.117000,-0.400000,0.076000,1
0.830732,11.530000,-70.975998,-12.206000,133.509995,10.086000,4.059000,152.348007,0.000000,0.000000,0.000000,0.000000,0.000000,0.000000,0.000000,-59.000000,-681.000000,140.000000,-1202.000000,104.000000,10.000000,4.000000,22.000000,22.000000,22.000000,22.000000,22.000000,22.000000,22.000000,37.000000,38.000000,38.000000,39.000000,39.000000,40.000000,43.000000,1,1,1,1,1,1,1,0,0,0,0,0,0,0,74,5376.556152,839,0,1,0.515000,-0.032999,-0.323627,-3.117000,-0.400000,0.077000,1
0.840640,11.529000,-70.974998,-12.207000,133.507996,10.113000,4.061000,152.322006,0.000000,0.000000,0.000000,0.000000,0.000000,0.000000,0.000000,-59.000000,-681.000000,140.000000,-1202.000000,104.000000,10.000000,4.000000,22.000000,22.000000,22.000000,22.000000,22.000000,22.000000,22.000000,37.000000,38.000000,38.000000,39.000000,39.000000,40.000000,43.000000,1,1,1,1,1,1,1,0,0,0,0,0,0,0,74,5376.555176,837,0,1,0.515005,-0.033000,-0.323627,-3.117000,-0.400000,0.077000,1
0.850688,11.526000,-70.971001,-12.206000,133.503006,10.140000,4.063000,152.296005,0.000000,0.000000,0.000000,0.000000,0.000000,0.000000,0.000000,-59.000000,-681.000000,140.000000,-1202.000000,104.000000,10.000000,4.000000,22.000000,22.000000,22.000000,22.000000,22.000000,22.000000,22.000000,37.000000,38.000000,38.000000,39.000000,39.000000,40.000000,43.000000,1,1,1,1,1,1,1,0,0,0,0,0,0,0,74,5376.555176,835,0,1,0.515025,-0.032999,-0.323627,-3.117000,-0.400000,0.076000,1
0.860664,11.522000,-70.961998,-12.205000,133.488007,10.174000,4.071000,152.266006,0.000000,0.000000,0.000000,0.000000,0.000000,0.000000,0.000000,-59.000000,-681.000000,140.000000,-1202.000000,104.000000,10.000000,4.000000,22.000000,22.000000,22.000000,22.000000,22.000000,22.000000,22.000000,37.000000,38.000000,38.000000,39.000000,39.000000,40.000000,43.000000,1,1,1,1,1,1,1,0,0,0,0,0,0,0,74,5376.556152,835,0,1,0.515084,-0.032999,-0.323628,-3.117000,-0.400000,0.077000,1
0.870644,11.518000,-70.947998,-12.201000,133.462006,10.204000,4.084000,152.242996,0.000000,0.000000,0.000000,0.000000,0.000000,0.000000,0.000000,-59.000000,-681.000000,140.000000,-1202.000000,104.000000,10.000000,4.000000,22.000000,22.000000,22.000000,22.000000,22.000000,22.000000,22.000000,37.000000,38.000000,38.000000,39.000000,39.000000,40.000000,43.000000,1,1,1,1,1,1,1,0,0,0,0,0,0,0,74,5376.555176,838,0,1,0.515182,-0.032999,-0.323628,-3.117000,-0.399000,0.077000,1
0.880802,11.514000,-70.934998,-12.198000,133.440002,10.222000,4.095000,152.231003,0.000000,0.000000,0.000000,0.000000,0.000000,0.000000,0.000000,-59.000000,-681.000000,140.000000,-1202.000000,104.000000,10.000000,4.000000,22.000000,22.000000,22.000000,22.000000,22.000000,22.000000,22.000000,37.000000,38.000000,38.000000,39.000000,39.000000,40.000000,43.000000,1,1,1,1,1,1,1,0,0,0,0,0,0,0,74,5376.553223,837,0,1,0.515268,-0.032999,-0.323628,-3.117000,-0.399000,0.077000,1
0.890671,11.506000,-70.904999,-12.191000,133.388000,10.255000,4.120000,152.210999,0.000000,0.000000,0.000000,0.000000,0.000000,0.000000,0.000000,-59.000000,-681.000000,140.000000,-1202.000000,104.000000,10.000000,4.000000,22.000000,22.000000,22.000000,22.000000,22.000000,22.000000,22.000000,37.000000,38.000000,38.000000,39.000000,39.000000,40.000000,43.000000,1,1,1,1,1,1,1,0,0,0,0,0,0,0,74,5376.555176,837,0,1,0.515470,-0.033000,-0.323627,-3.117000,-0.400000,0.077000,1
0.900701,11.495000,-70.862000,-12.179000,133.313004,10.290000,4.156000,152.195007,0.000000,0.000000,0.000000,0.000000,0.000000,0.000000,0.000000,-59.000000,-681.000000,140.000000,-1202.000000,104.000000,10.000000,4.000000,22.000000,22.000000,22.000000,22.000000,22.000000,22.000000,22.000000,37.000000,38.000000,38.000000,39.000000,39.000000,40.000000,43.000000,1,1,1,1,1,1,1,0,0,0,0,0,0,0,74,5376.553223,836,0,1,0.515755,-0.032999,-0.323628,-3.116000,-0.400000,0.076000,1
0.910741,11.478000,-70.792999,-12.161000,133.190994,10.336000,4.215000,152.179993,0.000000,0.000000,0.000000,0.000000,0.000000,0.000000,0.000000,-59.000000,-681.000000,140.000000,-1202.000000,104.000000,10.000000,4.000000,22.000000,22.000000,22.000000,22.000000,22.000000,22.000000,22.000000,37.000000,38.000000,38.000000,39.000000,39.000000,40.000000,43.000000,1,1,1,1,1,1,1,0,0,0,0,0,0,0,74,5376.555176,836,0,1,0.516226,-0.032999,-0.323628,-3.117000,-0.400000,0.077000,1
0.920692,11.460000,-70.716003,-12.141000,133.056000,10.378000,4.279000,152.171005,0.000000,0.000000,0.000000,0.000000,0.000000,0.000000,0.000000,-59.000000,-681.000000,140.000000,-1202.000000,104.000000,10.000000,4.000000,22.000000,22.000000,22.000000,22.000000,22.000000,22.000000,22.000000,37.000000,38.000000,38.000000,39.000000,39.000000,40.000000,43.000000,1,1,1,1,1,1,1,0,0,0,0,0,0,0,74,5376.555176,836,0,1,0.516741,-0.032999,-0.323628,-3.117000,-0.400000,0.076000,1
0.930659,11.437000,-70.622002,-12.116000,132.889999,10.424000,4.360000,152.167007,0.000000,0.000000,0.000000,0.000000,0.000000,0.000000,0.000000,-59.000000,-681.000000,140.000000,-1202.000000,104.000000,10.000000,4.000000,22.000000,22.000000,22.000000,22.000000,22.000000,22.000000,22.000000,37.000000,38.000000,38.000000,39.000000,39.000000,40.000000,43.000000,1,1,1,1,1,1,1,0,0,0,0,0,0,0,74,5376.555176,837,0,1,0.517379,-0.032999,-0.323628,-3.116000,-0.400000,0.077000,1
0.940639,11.410000,-70.508003,-12.086000,132.688004,10.473000,4.457000,152.167999,0.000000,0.000000,0.000000,0.000000,0.000000,0.000000,0.000000,-59.000000,-681.000000,140.000000,-1202.000000,104.000000,10.000000,4.000000,22.000000,22.000000,22.000000,22.000000,22.000000,22.000000,22.000000,37.000000,38.000000,38.000000,39.000000,39.000000,40.000000,43.000000,1,1,1,1,1,1,1,0,0,0,0,0,0,0,74,5376.555176,836,0,1,0.518150,-0.032999,-0.323628,-3.116000,-0.400000,0.076000,1
0.950663,11.379000,-70.374001,-12.051000,132.449997,10.526000,4.572000,152.173996,0.000000,0.000000,0.000000,0.000000,0.000000,0.000000,0.000000,-59.000000,-681.000000,140.000000,-1202.000000,104.000000,10.000000,4.000000,22.000000,22.000000,22.000000,22.000000,22.000000,22.000000,22.000000,37.000000,38.000000,38.000000,39.000000,39.000000,40.000000,43.000000,1,1,1,1,1,1,1,0,0,0,0,0,0,0,74,5376.555176,837,0,1,0.519062,-0.032999,-0.323628,-3.116000,-0.400000,0.076000,1
0.960661,11.335000,-70.183998,-12.002000,132.112000,10.595000,4.735000,152.186996,0.000000,0.000000,0.000000,0.000000,0.000000,0.000000,0.000000,-59.000000,-681.000000,140.000000,-1202.000000,104.000000,10.000000,4.000000,22.000000,22.000000,22.000000,22.000000,22.000000,22.000000,22.000000,37.000000,38.000000,38.000000,39.000000,39.000000,40.000000,43.000000,1,1,1,1,1,1,1,0,0,0,0,0,0,0,74,5376.553223,835,0,1,0.520353,-0.032999,-0.323627,-3.116000,-0.400000,0.076000,1
0.970659,11.292000,-70.000000,-11.956000,131.785004,10.657000,4.893000,152.203995,0.000000,0.000000,0.000000,0.000000,0.000000,0.000000,0.000000,-59.000000,-681.000000,140.000000,-1202.000000,104.000000,10.000000,4.000000,22.000000,22.000000,22.000000,22.000000,22.000000,22.000000,22.000000,37.000000,38.000000,38.000000,39.000000,39.000000,40.000000,43.000000,1,1,1,1,1,1,1,0,0,0,0,0,0,0,74,5376.555176,836,0,1,0.521599,-0.032999,-0.323627,-3.116000,-0.400000,0.077000,1
0.980700,11.244000,-69.793999,-11.904000,131.416000,10.723000,5.072000,152.225998,0.000000,0.000000,0.000000,0.000000,0.000000,0.000000,0.000000,-59.000000,-681.000000,140.000000,-1202.000000,104.000000,10.000000,4.000000,22.000000,22.000000,22.000000,22.000000,22.000000,22.000000,22.000000,37.000000,38.000000,38.000000,39.000000,39.000000,40.000000,43.000000,1,1,1,1,1,1,1,0,0,0,0,0,0,0,74,5376.555176,836,0,1,0.523004,-0.032999,-0.323628,-3.116000,-0.399000,0.076000,1
0.990740,11.191000,-69.564003,-11.848000,131.003998,10.793000,5.272000,152.253998,0.000000,0.000000,0.000000,0.000000,0.000000,0.000000,0.000000,-59.000000,-681.000000,140.000000,-1202.000000,104.000000,10.000000,4.000000,22.000000,22.000000,22.000000,22.000000,22.000000,22.000000,22.000000,37.000000,38.000000,38.000000,39.000000,39.000000,40.000000,43.000000,1,1,1,1,1,1,1,0,0,0,0,0,0,0,74,5376.555176,836,0,1,0.524568,-0.033000,-0.323628,-3.117000,-0.399000,0.077000,1
1.000721,11.120000,-69.257004,-11.774000,130.453003,10.881000,5.540000,152.294006,0.000000,0.000000,0.000000,0.000000,0.000000,0.000000,0.000000,-59.000000,-681.000000,140.000000,-1202.000000,104.000000,10.000000,4.000000,22.000000,22.000000,22.000000,22.000000,22.000000,22.000000,22.000000,37.000000,38.000000,38.000000,39.000000,39.000000,40.000000,43.000000,1,1,1,1,1,1,1,0,0,0,0,0,0,0,74,5376.555176,836,0,1,0.526658,-0.032999,-0.323628,-3.117000,-0.399000,0.077000,1
1.010665,11.095000,-69.147003,-11.748000,130.255005,10.911000,5.637000,152.309006,0.000000,0.000000,0.000000,0.000000,0.000000,0.000000,0.000000,-59.000000,-681.000000,140.000000,-1202.000000,104.000000,10.000000,4.000000,22.000000,22.000000,22.000000,22.000000,22.000000,22.000000,22.000000,37.000000,38.000000,38.000000,39.000000,39.000000,40.000000,43.000000,1,1,1,1,1,1,1,0,0,0,0,0,0,0,74,5376.553223,836,0,1,0.527405,-0.032999,-0.323628,-3.117000,-0.399000,0.077000,1
1.020669,11.013000,-68.794998,-11.668000,129.621002,11.006000,5.947000,152.360001,0.000000,0.000000,0.000000,0.000000,0.000000,0.000000,0.000000,-59.000000,-681.000000,140.000000,-1202.000000,104.000000,10.000000,4.000000,22.000000,22.000000,22.000000,22.000000,22.000000,22.000000,22.000000,37.000000,38.000000,38.000000,39.000000,39.000000,40.000000,43.000000,1,1,1,1,1,1,1,0,0,0,0,0,0,0,74,5376.555176,837,0,1,0.529799,-0.033000,-0.323627,-3.117000,-0.400000,0.076000,1
1.030635,10.940000,-68.477997,-11.597000,129.046005,11.089000,6.229000,152.406998,0.000000,0.000000,0.000000,0.000000,0.000000,0.000000,0.000000,-59.000000,-681.000000,140.000000,-1202.000000,104.000000,10.000000,4.000000,22.000000,22.000000,22.000000,22.000000,22.000000,22.000000,22.000000,37.000000,38.000000,38.000000,39.000000,39.000000,40.000000,43.000000,1,1,1,1,1,1,1,0,0,0,0,0,0,0,74,5376.555176,837,0,1,0.531962,-0.032999,-0.323627,-3.116000,-0.399000,0.076000,1
1.040659,10.861000,-68.139000,-11.523000,128.429993,11.174000,6.533000,152.459000,0.000000,0.000000,0.000000,0.000000,0.000000,0.000000,0.000000,-59.000000,-681.000000,140.000000,-1202.000000,104.000000,10.000000,4.000000,22.000000,22.000000,22.000000,22.000000,22.000000,22.000000,22.000000,37.000000,38.000000,38.000000,39.000000,39.000000,40.000000,43.000000,1,1,1,1,1,1,1,0,0,0,0,0,0,0,74,5376.555176,836,0,1,0.534272,-0.033000,-0.323627,-3.117000,-0.400000,0.076000,1
1.050768,10.777000,-67.779999,-11.448000,127.774002,11.260000,6.856000,152.516006,0.000000,0.000000,0.000000,0.000000,0.000000,0.000000,0.000000,-59.000000,-681.000000,140.000000,-1202.000000,104.000000,10.000000,4.000000,22.000000,22.000000,22.000000,22.000000,22.000000,22.000000,22.000000,37.000000,38.000000,38.000000,39.000000,39.000000,40.000000,43.000000,1,1,1,1,1,1,1,0,0,0,0,0,0,0,74,5376.555176,836,0,1,0.536722,-0.032999,-0.323627,-3.116000,-0.399000,0.076000,1
1.060669,10.671000,-67.322998,-11.356000,126.938004,11.367000,7.271000,152.589996,0.000000,0.000000,0.000000,0.000000,0.000000,0.000000,0.000000,-59.000000,-681.000000,140.000000,-1202.000000,104.000000,10.000000,4.000000,22.000000,22.000000,22.000000,22.000000,22.000000,22.000000,22.000000,37.000000,38.000000,38.000000,39.000000,39.000000,40.000000,43.000000,1,1,1,1,1,1,1,0,0,0,0,0,0,0,74,5376.555176,837,0,1,0.539834,-0.032999,-0.323628,-3.116000,-0.399000,0.077000,1
1.070631,10.577000,-66.922997,-11.279000,126.204002,11.457000,7.636000,152.654999,0.000000,0.000000,0.000000,0.000000,0.000000,0.000000,0.000000,-59.000000,-681.000000,140.000000,-1202.000000,104.000000,10.000000,4.000000,22.000000,22.000000,22.000000,22.000000,22.000000,22.000000,22.000000,37.000000,38.000000,38.000000,39.000000,39.000000,40.000000,43.000000,1,1,1,1,1,1,1,0,0,0,0,0,0,0,74,5376.555176,837,0,1,0.542559,-0.033000,-0.323627,-3.117000,-0.400000,0.077000,1
1.080702,10.480000,-66.508003,-11.201000,125.436996,11.547000,8.018000,152.725006,0.000000,0.000000,0.000000,0.000000,0.000000,0.000000,0.000000,-59.000000,-681.000000,140.000000,-1202.000000,104.000000,10.000000,4.000000,22.000000,22.000000,22.000000,22.000000,22.000000,22.000000,22.000000,37.000000,38.000000,38.000000,39.000000,39.000000,40.000000,43.000000,1,1,1,1,1,1,1,0,0,0,0,0,0,0,74,5376.556152,836,0,1,0.545390,-0.032999,-0.323628,-3.116000,-0.399000,0.076000,1
1.090689,10.380000,-66.078003,-11.125000,124.640999,11.638000,8.416000,152.798004,0.000000,0.000000,0.000000,0.000000,0.000000,0.000000,0.000000,-59.000000,-681.000000,140.000000,-1202.000000,104.000000,10.000000,4.000000,22.000000,22.000000,22.000000,22.000000,22.000000,22.000000,22.000000,37.000000,38.000000,38.000000,39.000000,39.000000,40.000000,43.000000,1,1,1,1,1,1,1,0,0,0,0,0,0,0,74,5376.555176,836,0,1,0.548317,-0.032999,-0.323628,-3.116000,-0.399000,0.077000,1
1.100686,10.318000,-65.815002,-11.079000,124.151001,11.692000,8.662000,152.843002,0.000000,0.000000,0.000000,0.000000,0.000000,0.000000,0.000000,-59.000000,-681.000000,140.000000,-1202.000000,104.000000,10.000000,4.000000,22.000000,22.000000,22.000000,22.000000,22.000000,22.000000,22.000000,37.000000,38.000000,38.000000,39.000000,39.000000,40.000000,43.000000,1,1,1,1,1,1,1,0,0,0,0,0,0,0,74,5376.556152,836,0,1,0.550112,-0.033000,-0.323627,-3.117000,-0.399000,0.077000,1
1.110780,10.214000,-65.365997,-11.005000,123.316002,11.783000,9.082000,152.919998,0.000000,0.000000,0.000000,0.000000,0.000000,0.000000,0.000000,-59.000000,-681.000000,140.000000,-1202.000000,104.000000,10.000000,4.000000,22.000000,22.000000,22.000000,22.000000,22.000000,22.000000,22.000000,37.000000,38.000000,38.000000,39.000000,39.000000,40.000000,43.000000,1,1,1,1,1,1,1,0,0,0,0,0,0,0,74,5376.556152,836,0,1,0.553161,-0.033000,-0.323628,-3.117000,-0.399000,0.077000,1
1.120730,10.085000,-64.817001,-10.918000,122.289001,11.890000,9.600000,153.016006,0.000000,0.000000,0.000000,0.000000,0.000000,0.000000,0.000000,-59.000000,-681.000000,140.000000,-1202.000000,104.000000,10.000000,4.000000,22.000000,22.000000,22.000000,22.000000,22.000000,22.000000,22.000000,37.000000,38.000000,38.000000,39.000000,39.000000,40.000000,43.000000,1,1,1,1,1,1,1,0,0,0,0,0,0,0,74,5376.555176,837,0,1,0.556894,-0.033000,-0.323627,-3.117000,-0.400000,0.076000,1
1.130627,9.976000,-64.351997,-10.848000,121.416000,11.978000,10.041000,153.097000,0.000000,0.000000,0.000000,0.000000,0.000000,0.000000,0.000000,-59.000000,-681.000000,140.000000,-1202.000000,104.000000,10.000000,4.000000,22.000000,22.000000,22.000000,22.000000,22.000000,22.000000,22.000000,37.000000,38.000000,38.000000,39.000000,39.000000,40.000000,43.000000,1,1,1,1,1,1,1,0,0,0,0,0,0,0,74,5376.556152,836,0,1,0.560049,-0.033000,-0.323627,-3.117000,-0.400000,0.077000,1
1.140647,9.867000,-63.882999,-10.782000,120.531998,12.064000,10.490000,153.179993,0.000000,0.000000,0.000000,0.000000,0.000000,0.000000,0.000000,-59.000000,-681.000000,140.000000,-1202.000000,104.000000,10.000000,4.000000,22.000000,22.000000,22.000000,22.000000,22.000000,22.000000,22.000000,37.000000,38.000000,38.000000,39.000000,39.000000,40.000000,43.000000,1,1,1,1,1,1,1,0,0,0,0,0,0,0,74,5376.556152,838,0,1,0.563226,-0.033000,-0.323627,-3.117000,-0.400000,0.077000,1
1.150679,9.763000,-63.410999,-10.726000,119.636002,12.146000,10.946000,153.259995,0.000000,0.000000,0.000000,0.000000,0.000000,0.000000,0.000000,-59.000000,-681.000000,140.000000,-1202.000000,104.000000,10.000000,4.000000,22.000000,22.000000,22.000000,22.000000,22.000000,22.000000,22.000000,37.000000,38.000000,38.000000,39.000000,39.000000,40.000000,43.000000,1,1,1,1,1,1,1,0,0,0,0,0,0,0,74,5376.555176,837,0,1,0.566429,-0.033032,-0.323627,-3.117000,-0.400000,0.076000,0
1.160663,9.693000,-62.925999,-10.713000,118.694000,12.209000,11.432000,153.322006,0.000000,0.000000,0.000000,0.000000,0.000000,0.000000,0.000000,-59.000000,-681.000000,140.000000,-1202.000000,104.000000,10.000000,4.000000,22.000000,22.000000,22.000000,22.000000,22.000000,22.000000,22.000000,37.000000,38.000000,38.000000,39.000000,39.000000,40.000000,43.000000,1,1,1,1,1,1,1,0,0,0,0,0,0,0,74,5376.556152,837,0,1,0.569742,-0.033238,-0.323627,-3.117000,-0.400000,0.077000,0
1.170660,9.661000,-62.342999,-10.762000,117.529999,12.258000,12.040000,153.363998,0.000000,0.000000,0.000000,0.000000,0.000000,0.000000,0.000000,-59.000000,-681.000000,140.000000,-1202.000000,104.000000,10.000000,4.000000,22.000000,22.000000,22.000000,22.000000,22.000000,22.000000,22.000000,37.000000,38.000000,38.000000,39.000000,39.000000,40.000000,43.000000,1,1,1,1,1,1,1,0,0,0,0,0,0,0,74,5376.555176,836,0,1,0.573769,-0.033747,-0.323628,-3.116000,-0.400000,0.076000,0
1.180674,9.682000,-61.865002,-10.857000,116.552002,12.275000,12.557000,153.371994,0.000000,0.000000,0.000000,0.000000,0.000000,0.000000,0.000000,-59.000000,-681.000000,140.000000,-1202.000000,104.000000,10.000000,4.000000,22.000000,22.000000,22.000000,22.000000,22.000000,22.000000,22.000000,37.000000,38.000000,38.000000,39.000000,39.000000,40.000000,43.000000,1,1,1,1,1,1,1,0,0,0,0,0,0,0,74,5376.555176,837,0,1,0.577091,-0.034386,-0.323628,-3.117000,-0.399000,0.077000,0
1.190750,9.746000,-61.396999,-10.999000,115.570999,12.273000,13.080000,153.354004,0.000000,0.000000,0.000000,0.000000,0.000000,0.000000,0.000000,-59.000000,-681.000000,140.000000,-1202.000000,104.000000,10.000000,4.000000,22.000000,22.000000,22.000000,22.000000,22.000000,22.000000,22.000000,37.000000,38.000000,38.000000,39.000000,39.000000,40.000000,43.000000,1,1,1,1,1,1,1,0,0,0,0,0,0,0,74,5376.555176,836,0,1,0.580370,-0.035219,-0.323628,-3.117000,-0.399000,0.077000,0
1.200710,9.853000,-60.939999,-11.186000,114.589996,12.254000,13.609000,153.311996,0.000000,0.000000,0.000000,0.000000,0.000000,0.000000,0.000000,-59.000000,-681.000000,140.000000,-1202.000000,104.000000,10.000000,4.000000,22.000000,22.000000,22.000000,22.000000,22.000000,22.000000,22.000000,37.000000,38.000000,38.000000,39.000000,39.000000,40.000000,43.000000,1,1,1,1,1,1,1,0,0,0,0,0,0,0,74,5376.555176,835,0,1,0.583595,-0.036242,-0.323627,-3.117000,-0.400000,0.076000,0
1.210665,9.937000,-60.671001,-11.320000,114.002998,12.233000,13.927000,153.274994,0.000000,0.000000,0.000000,0.000000,0.000000,0.000000,0.000000,-59.000000,-681.000000,140.000000,-1202.000000,104.000000,10.000000,4.000000,22.000000,22.000000,22.000000,22.000000,22.000000,22.000000,22.000000,37.000000,38.000000,38.000000,39.000000,39.000000,40.000000,43.000000,1,1,1,1,1,1,1,0,0,0,0,0,0,0,74,5376.556152,836,0,1,0.585499,-0.036946,-0.323627,-3.117000,-0.400000,0.077000,0
1.220756,10.111000,-60.234001,-11.576000,113.028000,12.187000,14.460000,153.195007,0.000000,0.000000,0.000000,0.000000,0.000000,0.000000,0.000000,-59.000000,-681.000000,140.000000,-1202.000000,104.000000,10.000000,4.000000,22.000000,22.000000,22.000000,22.000000,22.000000,22.000000,22.000000,37.000000,38.000000,38.000000,39.000000,39.000000,40.000000,43.000000,1,1,1,1,1,1,1,0,0,0,0,0,0,0,74,5376.555176,836,0,1,0.588615,-0.038266,-0.323628,-3.117000,-0.400000,0.076000,0
1.230608,10.374000,-59.729000,-11.938000,111.867996,12.111000,15.100000,153.067001,0.000000,0.000000,0.000000,0.000000,0.000000,0.000000,0.000000,-59.000000,-681.000000,140.000000,-1202.000000,104.000000,10.000000,4.000000,22.000000,22.000000,22.000000,22.000000,22.000000,22.000000,22.000000,37.000000,38.000000,38.000000,39.000000,39.000000,40.000000,43.000000,1,1,1,1,1,1,1,0,0,0,0,0,0,0,74,5376.555176,837,0,1,0.592243,-0.040086,-0.323628,-3.117000,-0.399000,0.077000,0
1.240716,10.631000,-59.321999,-12.275000,110.908997,12.036000,15.634000,152.940002,0.000000,0.000000,0.000000,0.000000,0.000000,0.000000,0.000000,-59.000000,-681.000000,140.000000,-1202.000000,104.000000,10.000000,4.000000,22.000000,22.000000,22.000000,22.000000,22.000000,22.000000,22.000000,37.000000,38.000000,38.000000,39.000000,39.000000,40.000000,43.000000,1,1,1,1,1,1,1,0,0,0,0,0,0,0,74,5376.555176,836,0,1,0.595186,-0.041767,-0.323628,-3.117000,-0.400000,0.077000,1
1.250685,10.898000,-58.904999,-12.620000,109.922997,11.961000,16.181999,152.813004,0.000000,0.000000,0.000000,0.000000,0.000000,0.000000,0.000000,-59.000000,-681.000000,140.000000,-1202.000000,104.000000,10.000000,4.000000,22.000000,22.000000,22.000000,22.000000,22.000000,22.000000,22.000000,37.000000,38.000000,38.000000,39.000000,39.000000,40.000000,43.000000,1,1,1,1,1,1,1,0,0,0,0,0,0,0,74,5376.555176,838,0,1,0.598185,-0.043499,-0.323628,-3.117000,-0.400000,0.076000,1
1.260606,11.165000,-58.487000,-12.961000,108.935997,11.890000,16.731001,152.688995,0.000000,0.000000,0.000000,0.000000,0.000000,0.000000,0.000000,-59.000000,-681.000000,140.000000,-1202.000000,104.000000,10.000000,4.000000,22.000000,22.000000,22.000000,22.000000,22.000000,22.000000,22.000000,37.000000,38.000000,38.000000,39.000000,39.000000,40.000000,43.000000,1,1,1,1,1,1,1,0,0,0,0,0,0,0,74,5376.553223,836,0,1,0.601166,-0.045220,-0.323627,-3.117000,-0.400000,0.077000,1
1.270647,11.480000,-57.992001,-13.360000,107.765999,11.812000,17.379999,152.546997,0.000000,0.000000,0.000000,0.000000,0.000000,0.000000,0.000000,-59.000000,-681.000000,140.000000,-1202.000000,104.000000,10.000000,4.000000,22.000000,22.000000,22.000000,22.000000,22.000000,22.000000,22.000000,37.000000,38.000000,38.000000,39.000000,39.000000,40.000000,43.000000,1,1,1,1,1,1,1,0,0,0,0,0,0,0,74,5376.556152,837,0,1,0.604669,-0.047242,-0.323628,-3.116000,-0.399000,0.076000,1
1.280688,11.735000,-57.591000,-13.679000,106.816002,11.753000,17.907000,152.434998,0.000000,0.000000,0.000000,0.000000,0.000000,0.000000,0.000000,-59.000000,-681.000000,140.000000,-1202.000000,104.000000,10.000000,4.000000,22.000000,22.000000,22.000000,22.000000,22.000000,22.000000,22.000000,37.000000,38.000000,38.000000,39.000000,39.000000,40.000000,43.000000,1,1,1,1,1,1,1,0,0,0,0,0,0,0,74,5376.553223,837,0,1,0.607491,-0.048872,-0.323628,-3.117000,-0.400000,0.077000,1
1.290663,11.981000,-57.202999,-13.985000,105.898003,11.700000,18.416000,152.330002,0.000000,0.000000,0.000000,0.000000,0.000000,0.000000,0.000000,-59.000000,-681.000000,140.000000,-1202.000000,104.000000,10.000000,4.000000,22.000000,22.000000,22.000000,22.000000,22.000000,22.000000,22.000000,37.000000,38.000000,38.000000,39.000000,39.000000,40.000000,43.000000,1,1,1,1,1,1,1,0,0,0,0,0,0,0,74,5376.555176,836,0,1,0.610200,-0.050436,-0.323628,-3.117000,-0.400000,0.077000,1
1.300653,12.217000,-56.830002,-14.276000,105.015999,11.653000,18.905001,152.231003,0.000000,0.000000,0.000000,0.000000,0.000000,0.000000,0.000000,-59.000000,-681.000000,140.000000,-1202.000000,104.000000,10.000000,4.000000,22.000000,22.000000,22.000000,22.000000,22.000000,22.000000,22.000000,37.000000,38.000000,38.000000,39.000000,39.000000,40.000000,43.000000,1,1,1,1,1,1,1,0,0,0,0,0,0,0,74,5376.555176,838,0,1,0.612781,-0.051926,-0.323627,-3.116000,-0.399000,0.076000,1
1.310660,12.353000,-56.615002,-14.443000,104.507004,11.628000,19.187000,152.173996,0.000000,0.000000,0.000000,0.000000,0.000000,0.000000,0.000000,-59.000000,-681.000000,140.000000,-1202.000000,104.000000,10.000000,4.000000,22.000000,22.000000,22.000000,22.000000,22.000000,22.000000,22.000000,37.000000,38.000000,38.000000,39.000000,39.000000,40.000000,43.000000,1,1,1,1,1,1,1,0,0,0,0,0,0,0,74,5376.553223,837,0,1,0.614265,-0.052782,-0.323627,-3.117000,-0.400000,0.077000,1
1.320726,12.570000,-56.270000,-14.709000,103.690002,11.591000,19.639000,152.085007,0.000000,0.000000,0.000000,0.000000,0.000000,0.000000,0.000000,-59.000000,-681.000000,140.000000,-1202.000000,104.000000,10.000000,4.000000,22.000000,22.000000,22.000000,22.000000,22.000000,22.000000,22.000000,37.000000,38.000000,38.000000,39.000000,39.000000,40.000000,43.000000,1,1,1,1,1,1,1,0,0,0,0,0,0,0,74,5376.555176,836,0,1,0.616631,-0.054149,-0.323628,-3.117000,-0.400000,0.076000,1
1.330758,12.777000,-55.941002,-14.961000,102.912003,11.559000,20.070000,152.001007,0.000000,0.000000,0.000000,0.000000,0.000000,0.000000,0.000000,-59.000000,-681.000000,140.000000,-1202.000000,104.000000,10.000000,4.000000,22.000000,22.000000,22.000000,22.000000,22.000000,22.000000,22.000000,37.000000,38.000000,38.000000,39.000000,39.000000,40.000000,43.000000,1,1,1,1,1,1,1,0,0,0,0,0,0,0,74,5376.555176,837,0,1,0.618871,-0.055442,-0.323627,-3.117000,-0.400000,0.077000,1
1.340723,13.013000,-55.564999,-15.248000,102.022003,11.526000,20.563000,151.906006,0.000000,0.000000,0.000000,0.000000,0.000000,0.000000,0.000000,-59.000000,-681.000000,140.000000,-1202.000000,104.000000,10.000000,4.000000,22.000000,22.000000,22.000000,22.000000,22.000000,22.000000,22.000000,37.000000,38.000000,38.000000,39.000000,39.000000,40.000000,43.000000,1,1,1,1,1,1,1,0,0,0,0,0,0,0,74,5376.555176,837,0,1,0.621418,-0.056912,-0.323628,-3.117000,-0.400000,0.076000,1
1.350739,13.203000,-55.262001,-15.477000,101.306000,11.503000,20.959000,151.832001,0.000000,0.000000,0.000000,0.000000,0.000000,0.000000,0.000000,-59.000000,-681.000000,140.000000,-1202.000000,104.000000,10.000000,4.000000,22.000000,22.000000,22.000000,22.000000,22.000000,22.000000,22.000000,37.000000,38.000000,38.000000,39.000000,39.000000,40.000000,43.000000,1,1,1,1,1,1,1,0,0,0,0,0,0,0,74,5376.555176,838,0,1,0.623451,-0.058086,-0.323628,-3.117000,-0.400000,0.077000,1
1.360683,13.389000,-54.965000,-15.702000,100.602997,11.482000,21.347000,151.759003,0.000000,0.000000,0.000000,0.000000,0.000000,0.000000,0.000000,-59.000000,-681.000000,140.000000,-1202.000000,104.000000,10.000000,4.000000,22.000000,22.000000,22.000000,22.000000,22.000000,22.000000,22.000000,37.000000,38.000000,38.000000,39.000000,39.000000,40.000000,43.000000,1,1,1,1,1,1,1,0,0,0,0,0,0,0,74,5376.555176,837,0,1,0.625436,-0.059232,-0.323628,-3.117000,-0.399000,0.077000,1
1.371626,13.597000,-54.598999,-15.955000,99.750000,11.464000,21.816999,151.686005,0.000000,0.000000,0.000000,0.000000,0.000000,0.000000,0.000000,-59.000000,-681.000000,140.000000,-1202.000000,104.000000,10.000000,4.000000,22.000000,22.000000,22.000000,22.000000,22.000000,22.000000,22.000000,37.000000,38.000000,38.000000,39.000000,39.000000,40.000000,43.000000,1,1,1,1,1,1,1,0,0,0,0,0,0,0,74,5376.556152,837,0,1,0.627851,-0.060530,-0.323627,-3.116000,-0.399000,0.076000,0
1.381710,13.652000,-54.469002,-16.025000,99.459000,11.463000,21.975000,151.671997,0.000000,0.000000,0.000000,0.000000,0.000000,0.000000,0.000000,-59.000000,-681.000000,140.000000,-1202.000000,104.000000,10.000000,4.000000,22.000000,22.000000,22.000000,22.000000,22.000000,22.000000,22.000000,37.000000,38.000000,38.000000,39.000000,39.000000,40.000000,43.000000,1,1,1,1,1,1,1,0,0,0,0,0,0,0,74,5376.555176,836,0,1,0.628692,-0.060895,-0.323627,-3.117000,-0.400000,0.077000,0
1.391692,13.790000,-53.914001,-16.225000,98.271004,11.488000,22.610001,151.675995,0.000000,0.000000,0.000000,0.000000,0.000000,0.000000,0.000000,-59.000000,-681.000000,140.000000,-1202.000000,104.000000,10.000000,4.000000,22.000000,22.000000,22.000000,22.000000,22.000000,22.000000,22.000000,37.000000,38.000000,38.000000,39.000000,39.000000,40.000000,43.000000,1,1,1,1,1,1,1,0,0,0,0,0,0,0,74,5376.555176,837,0,1,0.632195,-0.061963,-0.323628,-3.116000,-0.399000,0.076000,0
1.401666,13.807000,-53.543999,-16.283001,97.525002,11.525000,23.000999,151.725006,0.000000,0.000000,0.000000,0.000000,0.000000,0.000000,0.000000,-59.000000,-681.000000,140.000000,-1202.000000,104.000000,10.000000,4.000000,22.000000,22.000000,22.000000,22.000000,22.000000,22.000000,22.000000,37.000000,38.000000,38.000000,39.000000,39.000000,40.000000,43.000000,1,1,1,1,1,1,1,0,0,0,0,0,0,0,74,5376.555176,835,0,1,0.634461,-0.062301,-0.323627,-3.117000,-0.400000,0.077000,0
1.411682,13.772000,-53.161999,-16.289000,96.787003,11.577000,23.382000,151.809006,0.000000,0.000000,0.000000,0.000000,0.000000,0.000000,0.000000,-59.000000,-681.000000,140.000000,-1202.000000,104.000000,10.000000,4.000000,22.000000,22.000000,22.000000,22.000000,22.000000,22.000000,22.000000,37.000000,38.000000,38.000000,39.000000,39.000000,40.000000,43.000000,1,1,1,1,1,1,1,0,0,0,0,0,0,0,74,5376.555176,837,0,1,0.636750,-0.062379,-0.323627,-3.117000,-0.400000,0.077000,0
1.421657,13.659000,-52.696999,-16.228001,95.925003,11.659000,23.820000,151.953995,0.000000,0.000000,0.000000,0.000000,0.000000,0.000000,0.000000,-59.000000,-681.000000,140.000000,-1202.000000,104.000000,10.000000,4.000000,22.000000,22.000000,22.000000,22.000000,22.000000,22.000000,22.000000,37.000000,38.000000,38.000000,39.000000,39.000000,40.000000,43.000000,1,1,1,1,1,1,1,0,0,0,0,0,0,0,74,5376.553223,836,0,1,0.639486,-0.062129,-0.323628,-3.117000,-0.399000,0.077000,0
1.431696,13.507000,-52.308998,-16.122000,95.237999,11.742000,24.162001,152.108994,0.000000,0.000000,0.000000,0.000000,0.000000,0.000000,0.000000,-59.000000,-681.000000,140.000000,-1202.000000,104.000000,10.000000,4.000000,22.000000,22.000000,22.000000,22.000000,22.000000,22.000000,22.000000,37.000000,38.000000,38.000000,39.000000,39.000000,40.000000,43.000000,1,1,1,1,1,1,1,0,0,0,0,0,0,0,74,5376.555176,836,0,1,0.641724,-0.061638,-0.323627,-3.117000,-0.400000,0.077000,0
1.441601,13.432000,-52.154999,-16.065001,94.973000,11.778000,24.292999,152.179993,0.000000,0.000000,0.000000,0.000000,0.000000,0.000000,0.000000,-59.000000,-681.000000,140.000000,-1202.000000,104.000000,10.000000,4.000000,22.000000,22.000000,22.000000,22.000000,22.000000,22.000000,22.000000,37.000000,38.000000,38.000000,39.000000,39.000000,40.000000,43.000000,1,1,1,1,1,1,1,0,0,0,0,0,0,0,74,5376.555176,836,0,1,0.642601,-0.061371,-0.323627,-3.117000,-0.400000,0.077000,0
1.451786,13.157000,-51.702000,-15.848000,94.219002,11.896000,24.658001,152.417007,0.000000,0.000000,0.000000,0.000000,0.000000,0.000000,0.000000,-59.000000,-681.000000,140.000000,-1202.000000,104.000000,10.000000,4.000000,22.000000,22.000000,22.000000,22.000000,22.000000,22.000000,22.000000,37.000000,38.000000,38.000000,39.000000,39.000000,40.000000,43.000000,1,1,1,1,1,1,1,0,0,0,0,0,0,0,74,5376.556152,836,0,1,0.645146,-0.060333,-0.323627,-3.117000,-0.400000,0.077000,0
1.461720,12.879000,-51.339001,-15.618000,93.640999,12.004000,24.933001,152.641006,0.000000,0.000000,0.000000,0.000000,0.000000,0.000000,0.000000,-59.000000,-681.000000,140.000000,-1202.000000,104.000000,10.000000,4.000000,22.000000,22.000000,22.000000,22.000000,22.000000,22.000000,22.000000,37.000000,38.000000,38.000000,39.000000,39.000000,40.000000,43.000000,1,1,1,1,1,1,1,0,0,0,0,0,0,0,74,5376.556152,838,0,1,0.647152,-0.059229,-0.323628,-3.117000,-0.400000,0.077000,1
1.472044,12.590000,-50.976002,-15.380000,93.061996,12.112000,25.208000,152.871994,0.000000,0.000000,0.000000,0.000000,0.000000,0.000000,0.000000,-59.000000,-681.000000,140.000000,-1202.000000,104.000000,10.000000,4.000000,22.000000,22.000000,22.000000,22.000000,22.000000,22.000000,22.000000,37.000000,38.000000,38.000000,39.000000,39.000000,40.000000,43.000000,1,1,1,1,1,1,1,0,0,0,0,0,0,0,74,5376.555176,837,0,1,0.649154,-0.058073,-0.323628,-3.117000,-0.400000,0.077000,1
1.482743,12.291000,-50.603001,-15.135000,92.460999,12.220000,25.493999,153.112000,0.000000,0.000000,0.000000,0.000000,0.000000,0.000000,0.000000,-59.000000,-681.000000,140.000000,-1202.000000,104.000000,10.000000,4.000000,22.000000,22.000000,22.000000,22.000000,22.000000,22.000000,22.000000,37.000000,38.000000,38.000000,39.000000,39.000000,40.000000,43.000000,1,1,1,1,1,1,1,0,0,0,0,0,0,0,74,5376.555176,835,0,1,0.651215,-0.056883,-0.323628,-3.116000,-0.399000,0.076000,1
1.492640,11.977000,-50.212002,-14.881000,91.825996,12.328000,25.798000,153.365005,0.000000,0.000000,0.000000,0.000000,0.000000,0.000000,0.000000,-59.000000,-681.000000,140.000000,-1202.000000,104.000000,10.000000,4.000000,22.000000,22.000000,22.000000,22.000000,22.000000,22.000000,22.000000,37.000000,38.000000,38.000000,39.000000,39.000000,40.000000,43.000000,1,1,1,1,1,1,1,0,0,0,0,0,0,0,74,5376.555176,837,0,1,0.653372,-0.055638,-0.323628,-3.117000,-0.400000,0.077000,1
1.502643,11.646000,-49.799000,-14.613000,91.148003,12.437000,26.122999,153.634003,0.000000,0.000000,0.000000,0.000000,0.000000,0.000000,0.000000,-59.000000,-681.000000,140.000000,-1202.000000,104.000000,10.000000,4.000000,22.000000,22.000000,22.000000,22.000000,22.000000,22.000000,22.000000,37.000000,38.000000,38.000000,39.000000,39.000000,40.000000,43.000000,1,1,1,1,1,1,1,0,0,0,0,0,0,0,74,5376.555176,836,0,1,0.655650,-0.054323,-0.323627,-3.117000,-0.400000,0.077000,1
1.512628,11.221000,-49.271000,-14.273000,90.271004,12.570000,26.547001,153.983002,0.000000,0.000000,0.000000,0.000000,0.000000,0.000000,0.000000,-59.000000,-681.000000,140.000000,-1202.000000,104.000000,10.000000,4.000000,22.000000,22.000000,22.000000,22.000000,22.000000,22.000000,22.000000,37.000000,38.000000,38.000000,39.000000,39.000000,40.000000,43.000000,1,1,1,1,1,1,1,0,0,0,0,0,0,0,74,5376.555176,835,0,1,0.658564,-0.052641,-0.323627,-3.117000,-0.400000,0.077000,1
1.522678,10.845000,-48.804001,-13.974000,89.485001,12.681000,26.927000,154.294006,0.000000,0.000000,0.000000,0.000000,0.000000,0.000000,0.000000,-59.000000,-681.000000,140.000000,-1202.000000,104.000000,10.000000,4.000000,22.000000,22.000000,22.000000,22.000000,22.000000,22.000000,22.000000,37.000000,38.000000,38.000000,39.000000,39.000000,40.000000,43.000000,1,1,1,1,1,1,1,0,0,0,0,0,0,0,74,5376.555176,836,0,1,0.661139,-0.051154,-0.323627,-3.117000,-0.400000,0.077000,1
1.532650,10.451000,-48.314999,-13.663000,88.653000,12.792000,27.332001,154.623001,0.000000,0.000000,0.000000,0.000000,0.000000,0.000000,0.000000,-59.000000,-681.000000,140.000000,-1202.000000,104.000000,10.000000,4.000000,22.000000,22.000000,22.000000,22.000000,22.000000,22.000000,22.000000,37.000000,38.000000,38.000000,39.000000,39.000000,40.000000,43.000000,1,1,1,1,1,1,1,0,0,0,0,0,0,0,74,5376.555176,836,0,1,0.663832,-0.049599,-0.323628,-3.117000,-0.400000,0.077000,1
1.542680,10.043000,-47.810001,-13.343000,87.782997,12.900000,27.757000,154.964996,0.000000,0.000000,0.000000,0.000000,0.000000,0.000000,0.000000,-59.000000,-681.000000,140.000000,-1202.000000,104.000000,10.000000,4.000000,22.000000,22.000000,22.000000,22.000000,22.000000,22.000000,22.000000,37.000000,38.000000,38.000000,39.000000,39.000000,40.000000,43.000000,1,1,1,1,1,1,1,0,0,0,0,0,0,0,74,5376.553223,839,0,1,0.666615,-0.047992,-0.323628,-3.117000,-0.400000,0.077000,1
1.552724,9.627000,-47.293999,-13.019000,86.885002,13.005000,28.197001,155.315994,0.000000,0.000000,0.000000,0.000000,0.000000,0.000000,0.000000,-59.000000,-681.000000,140.000000,-1202.000000,104.000000,10.000000,4.000000,22.000000,22.000000,22.000000,22.000000,22.000000,22.000000,22.000000,37.000000,38.000000,38.000000,39.000000,39.000000,40.000000,43.000000,1,1,1,1,1,1,1,0,0,0,0,0,0,0,74,5376.555176,837,0,1,0.669448,-0.046356,-0.323627,-3.117000,-0.400000,0.077000,1
1.562679,9.208000,-46.776001,-12.697000,85.973000,13.104000,28.646000,155.669998,0.000000,0.000000,0.000000,0.000000,0.000000,0.000000,0.000000,-59.000000,-681.000000,140.000000,-1202.000000,104.000000,10.000000,4.000000,22.000000,22.000000,22.000000,22.000000,22.000000,22.000000,22.000000,37.000000,38.000000,38.000000,39.000000,39.000000,40.000000,43.000000,1,1,1,1,1,1,1,0,0,0,0,0,0,0,74,5376.555176,836,0,1,0.672286,-0.044718,-0.323627,-3.117000,-0.400000,0.076000,1
1.572753,8.720000,-46.171001,-12.324000,84.896004,13.214000,29.177999,156.084000,0.000000,0.000000,0.000000,0.000000,0.000000,0.000000,0.000000,-59.000000,-681.000000,140.000000,-1202.000000,104.000000,10.000000,4.000000,22.000000,22.000000,22.000000,22.000000,22.000000,22.000000,22.000000,37.000000,38.000000,38.000000,39.000000,39.000000,40.000000,43.000000,1,1,1,1,1,1,1,0,0,0,0,0,0,0,74,5376.555176,836,0,1,0.675590,-0.042811,-0.323628,-3.117000,-0.400000,0.077000,1
1.582711,8.332000,-45.692001,-12.032000,84.032997,13.296000,29.606001,156.414001,0.000000,0.000000,0.000000,0.000000,0.000000,0.000000,0.000000,-59.000000,-681.000000,140.000000,-1202.000000,104.000000,10.000000,4.000000,22.000000,22.000000,22.000000,22.000000,22.000000,22.000000,22.000000,37.000000,38.000000,38.000000,39.000000,39.000000,40.000000,43.000000,1,1,1,1,1,1,1,0,0,0,0,0,0,0,74,5376.555176,836,0,1,0.678198,-0.041304,-0.323627,-3.117000,-0.400000,0.077000,1
1.592662,7.961000,-45.231998,-11.753000,83.196999,13.371000,30.021000,156.729996,0.000000,0.000000,0.000000,0.000000,0.000000,0.000000,0.000000,-59.000000,-681.000000,140.000000,-1202.000000,104.000000,10.000000,4.000000,22.000000,22.000000,22.000000,22.000000,22.000000,22.000000,22.000000,37.000000,38.000000,38.000000,39.000000,39.000000,40.000000,43.000000,1,1,1,1,1,1,1,0,0,0,0,0,0,0,74,5376.555176,838,0,1,0.680694,-0.039864,-0.323627,-3.117000,-0.400000,0.077000,1
1.602682,7.596000,-44.776001,-11.482000,82.359001,13.441000,30.438999,157.042999,0.000000,0.000000,0.000000,0.000000,0.000000,0.000000,0.000000,-59.000000,-681.000000,140.000000,-1202.000000,104.000000,10.000000,4.000000,22.000000,22.000000,22.000000,22.000000,22.000000,22.000000,22.000000,37.000000,38.000000,38.000000,39.000000,39.000000,40.000000,43.000000,1,1,1,1,1,1,1,0,0,0,0,0,0,0,74,5376.555176,837,0,1,0.683162,-0.038456,-0.323628,-3.116000,-0.400000,0.076000,0
1.612774,7.384000,-44.498001,-11.327000,81.842003,13.480000,30.698000,157.227997,0.000000,0.000000,0.000000,0.000000,0.000000,0.000000,0.000000,-59.000000,-681.000000,140.000000,-1202.000000,104.000000,10.000000,4.000000,22.000000,22.000000,22.000000,22.000000,22.000000,22.000000,22.000000,37.000000,38.000000,38.000000,39.000000,39.000000,40.000000,43.000000,1,1,1,1,1,1,1,0,0,0,0,0,0,0,74,5376.555176,838,0,1,0.684663,-0.037642,-0.323628,-3.117000,-0.400000,0.077000,0
1.622708,7.043000,-44.027000,-11.083000,80.957001,13.540000,31.143000,157.533005,0.000000,0.000000,0.000000,0.000000,0.000000,0.000000,0.000000,-59.000000,-681.000000,140.000000,-1202.000000,104.000000,10.000000,4.000000,22.000000,22.000000,22.000000,22.000000,22.000000,22.000000,22.000000,37.000000,38.000000,38.000000,39.000000,39.000000,40.000000,43.000000,1,1,1,1,1,1,1,0,0,0,0,0,0,0,74,5376.555176,837,0,1,0.687197,-0.036346,-0.323628,-3.117000,-0.400000,0.076000,0
1.632732,6.719000,-43.548000,-10.858000,80.043999,13.594000,31.605000,157.830994,0.000000,0.000000,0.000000,0.000000,0.000000,0.000000,0.000000,-59.000000,-681.000000,140.000000,-1202.000000,104.000000,10.000000,4.000000,22.000000,22.000000,22.000000,22.000000,22.000000,22.000000,22.000000,37.000000,38.000000,38.000000,39.000000,39.000000,40.000000,43.000000,1,1,1,1,1,1,1,0,0,0,0,0,0,0,74,5376.555176,838,0,1,0.689768,-0.035125,-0.323627,-3.117000,-0.400000,0.077000,0
1.642691,6.353000,-42.959999,-10.613000,78.910004,13.651000,32.181000,158.181000,0.000000,0.000000,0.000000,0.000000,0.000000,0.000000,0.000000,-59.000000,-681.000000,140.000000,-1202.000000,104.000000,10.000000,4.000000,22.000000,22.000000,22.000000,22.000000,22.000000,22.000000,22.000000,37.000000,38.000000,38.000000,39.000000,39.000000,40.000000,43.000000,1,1,1,1,1,1,1,0,0,0,0,0,0,0,74,5376.556152,837,0,1,0.692899,-0.033762,-0.323627,-3.117000,-0.400000,0.076000,0
1.652704,6.067000,-42.459999,-10.430000,77.933998,13.692000,32.679001,158.464996,0.000000,0.000000,0.000000,0.000000,0.000000,0.000000,0.000000,-59.000000,-681.000000,140.000000,-1202.000000,104.000000,10.000000,4.000000,22.000000,22.000000,22.000000,22.000000,22.000000,22.000000,22.000000,37.000000,38.000000,38.000000,39.000000,39.000000,40.000000,43.000000,1,1,1,1,1,1,1,0,0,0,0,0,0,0,74,5376.556152,835,0,1,0.695543,-0.032712,-0.323628,-3.117000,-0.400000,0.077000,0
1.662682,5.801000,-41.951000,-10.267000,76.930000,13.729000,33.193001,158.742004,0.000000,0.000000,0.000000,0.000000,0.000000,0.000000,0.000000,-59.000000,-681.000000,140.000000,-1202.000000,104.000000,10.000000,4.000000,22.000000,22.000000,22.000000,22.000000,22.000000,22.000000,22.000000,37.000000,38.000000,38.000000,39.000000,39.000000,40.000000,43.000000,1,1,1,1,1,1,1,0,0,0,0,0,0,0,74,5376.555176,838,0,1,0.698219,-0.031742,-0.323628,-3.117000,-0.400000,0.077000,0
1.672606,5.553000,-41.431999,-10.125000,75.899002,13.760000,33.722000,159.011993,0.000000,0.000000,0.000000,0.000000,0.000000,0.000000,0.000000,-59.000000,-681.000000,140.000000,-1202.000000,104.000000,10.000000,4.000000,22.000000,22.000000,22.000000,22.000000,22.000000,22.000000,22.000000,37.000000,38.000000,38.000000,39.000000,39.000000,40.000000,43.000000,1,1,1,1,1,1,1,0,0,0,0,0,0,0,74,5376.556152,837,0,1,0.700921,-0.030851,-0.323627,-3.117000,-0.399000,0.077000,0
1.682789,5.326000,-40.903999,-10.003000,74.839996,13.787000,34.268002,159.274002,0.000000,0.000000,0.000000,0.000000,0.000000,0.000000,0.000000,-59.000000,-681.000000,140.000000,-1202.000000,104.000000,10.000000,4.000000,22.000000,22.000000,22.000000,22.000000,22.000000,22.000000,22.000000,37.000000,38.000000,38.000000,39.000000,39.000000,40.000000,43.000000,1,1,1,1,1,1,1,0,0,0,0,0,0,0,74,5376.555176,837,0,1,0.703649,-0.030041,-0.323627,-3.116000,-0.400000,0.076000,0
1.692757,5.074000,-40.259998,-9.879000,73.539001,13.814000,34.939999,159.582001,0.000000,0.000000,0.000000,0.000000,0.000000,0.000000,0.000000,-59.000000,-681.000000,140.000000,-1202.000000,104.000000,10.000000,4.000000,22.000000,22.000000,22.000000,22.000000,22.000000,22.000000,22.000000,37.000000,38.000000,38.000000,39.000000,39.000000,40.000000,43.000000,1,1,1,1,1,1,1,0,0,0,0,0,0,0,74,5376.555176,836,0,1,0.706942,-0.029152,-0.323627,-3.117000,-0.400000,0.076000,1
1.702674,4.948000,-39.929001,-9.818000,72.870003,13.826000,35.285999,159.740005,0.000000,0.000000,0.000000,0.000000,0.000000,0.000000,0.000000,-59.000000,-681.000000,140.000000,-1202.000000,104.000000,10.000000,4.000000,22.000000,22.000000,22.000000,22.000000,22.000000,22.000000,22.000000,37.000000,38.000000,38.000000,39.000000,39.000000,40.000000,43.000000,1,1,1,1,1,1,1,0,0,0,0,0,0,0,74,5376.555176,836,0,1,0.708615,-0.028704,-0.323627,-3.117000,-0.400000,0.076000,1
1.712684,4.733000,-39.354000,-9.716000,71.703003,13.844000,35.889000,160.014008,0.000000,0.000000,0.000000,0.000000,0.000000,0.000000,0.000000,-59.000000,-681.000000,140.000000,-1202.000000,104.000000,10.000000,4.000000,22.000000,22.000000,22.000000,22.000000,22.000000,22.000000,22.000000,37.000000,38.000000,38.000000,39.000000,39.000000,40.000000,43.000000,1,1,1,1,1,1,1,0,0,0,0,0,0,0,74,5376.556152,838,0,1,0.711497,-0.027931,-0.323628,-3.117000,-0.400000,0.076000,1
1.722676,4.464000,-38.616001,-9.590000,70.196999,13.862000,36.667000,160.365997,0.000000,0.000000,0.000000,0.000000,0.000000,0.000000,0.000000,-59.000000,-681.000000,140.000000,-1202.000000,104.000000,10.000000,4.000000,22.000000,22.000000,22.000000,22.000000,22.000000,22.000000,22.000000,37.000000,38.000000,38.000000,39.000000,39.000000,40.000000,43.000000,1,1,1,1,1,1,1,0,0,0,0,0,0,0,74,5376.555176,837,0,1,0.715152,-0.026952,-0.323627,-3.117000,-0.400000,0.077000,1
1.732659,4.233000,-37.960999,-9.484000,68.858002,13.873000,37.360001,160.679001,0.000000,0.000000,0.000000,0.000000,0.000000,0.000000,0.000000,-59.000000,-681.000000,140.000000,-1202.000000,104.000000,10.000000,4.000000,22.000000,22.000000,22.000000,22.000000,22.000000,22.000000,22.000000,37.000000,38.000000,38.000000,39.000000,39.000000,40.000000,43.000000,1,1,1,1,1,1,1,0,0,0,0,0,0,0,74,5376.556152,837,0,1,0.718342,-0.026097,-0.323627,-3.117000,-0.400000,0.077000,1
1.742761,4.000000,-37.282001,-9.380000,67.463997,13.880000,38.081001,161.001999,0.000000,0.000000,0.000000,0.000000,0.000000,0.000000,0.000000,-59.000000,-681.000000,140.000000,-1202.000000,104.000000,10.000000,4.000000,22.000000,22.000000,22.000000,22.000000,22.000000,22.000000,22.000000,37.000000,38.000000,38.000000,39.000000,39.000000,40.000000,43.000000,1,1,1,1,1,1,1,0,0,0,0,0,0,0,74,5376.555176,836,0,1,0.721600,-0.025224,-0.323628,-3.117000,-0.399000,0.077000,1
1.752837,3.772000,-36.595001,-9.280000,66.047997,13.883000,38.813999,161.328995,0.000000,0.000000,0.000000,0.000000,0.000000,0.000000,0.000000,-59.000000,-681.000000,140.000000,-1202.000000,104.000000,10.000000,4.000000,22.000000,22.000000,22.000000,22.000000,22.000000,22.000000,22.000000,37.000000,38.000000,38.000000,39.000000,39.000000,40.000000,43.000000,1,1,1,1,1,1,1,0,0,0,0,0,0,0,74,5376.555176,835,0,1,0.724848,-0.024354,-0.323627,-3.117000,-0.400000,0.077000,1
1.762710,3.510000,-35.776001,-9.169000,64.353996,13.882000,39.691002,161.716995,0.000000,0.000000,0.000000,0.000000,0.000000,0.000000,0.000000,-59.000000,-681.000000,140.000000,-1202.000000,104.000000,10.000000,4.000000,22.000000,22.000000,22.000000,22.000000,22.000000,22.000000,22.000000,37.000000,38.000000,38.000000,39.000000,39.000000,40.000000,43.000000,1,1,1,1,1,1,1,0,0,0,0,0,0,0,74,5376.555176,837,0,1,0.728648,-0.023336,-0.323628,-3.117000,-0.399000,0.077000,1
1.772786,3.427000,-35.507000,-9.135000,63.796001,13.881000,39.980000,161.843994,0.000000,0.000000,0.000000,0.000000,0.000000,0.000000,0.000000,-59.000000,-681.000000,140.000000,-1202.000000,104.000000,10.000000,4.000000,22.000000,22.000000,22.000000,22.000000,22.000000,22.000000,22.000000,37.000000,38.000000,38.000000,39.000000,39.000000,40.000000,43.000000,1,1,1,1,1,1,1,0,0,0,0,0,0,0,74,5376.555176,837,0,1,0.729878,-0.023006,-0.323628,-3.117000,-0.399000,0.077000,1
1.782781,3.189000,-34.720001,-9.039000,62.160999,13.875000,40.827000,162.214005,0.000000,0.000000,0.000000,0.000000,0.000000,0.000000,0.000000,-59.000000,-681.000000,140.000000,-1202.000000,104.000000,10.000000,4.000000,22.000000,22.000000,22.000000,22.000000,22.000000,22.000000,22.000000,37.000000,38.000000,38.000000,39.000000,39.000000,40.000000,43.000000,1,1,1,1,1,1,1,0,0,0,0,0,0,0,74,5376.555176,836,0,1,0.733429,-0.022055,-0.323627,-3.117000,-0.400000,0.077000,1
1.792628,3.006000,-34.088001,-8.968000,60.845001,13.868000,41.507999,162.509995,0.000000,0.000000,0.000000,0.000000,0.000000,0.000000,0.000000,-59.000000,-681.000000,140.000000,-1202.000000,104.000000,10.000000,4.000000,22.000000,22.000000,22.000000,22.000000,22.000000,22.000000,22.000000,37.000000,38.000000,38.000000,39.000000,39.000000,40.000000,43.000000,1,1,1,1,1,1,1,0,0,0,0,0,0,0,74,5376.558105,835,0,1,0.736221,-0.021307,-0.323628,-3.117000,-0.400000,0.077000,1
1.802677,2.803000,-33.356998,-8.893000,59.318001,13.857000,42.299999,162.850006,0.000000,0.000000,0.000000,0.000000,0.000000,0.000000,0.000000,-59.000000,-681.000000,140.000000,-1202.000000,104.000000,10.000000,4.000000,22.000000,22.000000,22.000000,22.000000,22.000000,22.000000,22.000000,37.000000,38.000000,38.000000,39.000000,39.000000,40.000000,43.000000,1,1,1,1,1,1,1,0,0,0,0,0,0,0,74,5376.556152,836,0,1,0.739394,-0.020457,-0.323628,-3.117000,-0.400000,0.076000,1
1.812689,2.644000,-32.761002,-8.838000,58.067001,13.845000,42.948002,163.126007,0.000000,0.000000,0.000000,0.000000,0.000000,0.000000,0.000000,-59.000000,-681.000000,140.000000,-1202.000000,104.000000,10.000000,4.000000,22.000000,22.000000,22.000000,22.000000,22.000000,22.000000,22.000000,37.000000,38.000000,38.000000,39.000000,39.000000,40.000000,43.000000,1,1,1,1,1,1,1,0,0,0,0,0,0,0,74,5376.556152,838,0,1,0.741934,-0.019776,-0.323627,-3.117000,-0.400000,0.077000,1
1.822657,2.487000,-32.161999,-8.782000,56.810001,13.832000,43.599998,163.404007,0.000000,0.000000,0.000000,0.000000,0.000000,0.000000,0.000000,-59.000000,-681.000000,140.000000,-1202.000000,104.000000,10.000000,4.000000,22.000000,22.000000,22.000000,22.000000,22.000000,22.000000,22.000000,37.000000,38.000000,38.000000,39.000000,39.000000,40.000000,43.000000,1,1,1,1,1,1,1,0,0,0,0,0,0,0,74,5376.555176,838,0,1,0.744437,-0.019086,-0.323628,-3.117000,-0.399000,0.077000,0
1.832638,2.287000,-31.566000,-8.681000,55.558998,13.812000,44.245998,163.709000,0.000000,0.000000,0.000000,0.000000,0.000000,0.000000,0.000000,-59.000000,-681.000000,140.000000,-1202.000000,104.000000,10.000000,4.000000,22.000000,22.000000,22.000000,22.000000,22.000000,22.000000,22.000000,37.000000,38.000000,38.000000,39.000000,39.000000,40.000000,43.000000,1,1,1,1,1,1,1,0,0,0,0,0,0,0,74,5376.555176,837,0,1,0.746890,-0.018218,-0.323628,-3.117000,-0.399000,0.077000,0
1.842675,2.034000,-30.982000,-8.522000,54.334000,13.785000,44.875000,164.042999,0.000000,0.000000,0.000000,0.000000,0.000000,0.000000,0.000000,-59.000000,-681.000000,140.000000,-1202.000000,104.000000,10.000000,4.000000,22.000000,22.000000,22.000000,22.000000,22.000000,22.000000,22.000000,37.000000,38.000000,38.000000,39.000000,39.000000,40.000000,43.000000,1,1,1,1,1,1,1,0,0,0,0,0,0,0,74,5376.555176,838,0,1,0.749257,-0.017139,-0.323627,-3.117000,-0.400000,0.077000,0
1.852772,1.661000,-30.304001,-8.254000,52.911999,13.740000,45.602001,164.479004,0.000000,0.000000,0.000000,0.000000,0.000000,0.000000,0.000000,-59.000000,-681.000000,140.000000,-1202.000000,104.000000,10.000000,4.000000,22.000000,22.000000,22.000000,22.000000,22.000000,22.000000,22.000000,37.000000,38.000000,38.000000,39.000000,39.000000,40.000000,43.000000,1,1,1,1,1,1,1,0,0,0,0,0,0,0,74,5376.556152,836,0,1,0.751960,-0.015579,-0.323627,-3.117000,-0.400000,0.076000,0
1.862635,1.293000,-29.764999,-7.964000,51.778999,13.692000,46.176998,164.867996,0.000000,0.000000,0.000000,0.000000,0.000000,0.000000,0.000000,-59.000000,-681.000000,140.000000,-1202.000000,104.000000,10.000000,4.000000,22.000000,22.000000,22.000000,22.000000,22.000000,22.000000,22.000000,37.000000,38.000000,38.000000,39.000000,39.000000,40.000000,43.000000,1,1,1,1,1,1,1,0,0,0,0,0,0,0,74,5376.555176,837,0,1,0.754078,-0.014068,-0.323628,-3.117000,-0.400000,0.077000,0
1.872658,0.872000,-29.254000,-7.615000,50.705002,13.636000,46.719002,165.276001,0.000000,0.000000,0.000000,0.000000,0.000000,0.000000,0.000000,-59.000000,-681.000000,140.000000,-1202.000000,104.000000,10.000000,4.000000,22.000000,22.000000,22.000000,22.000000,22.000000,22.000000,22.000000,37.000000,38.000000,38.000000,39.000000,39.000000,40.000000,43.000000,1,1,1,1,1,1,1,0,0,0,0,0,0,0,74,5376.555176,837,0,1,0.756055,-0.012379,-0.323628,-3.116000,-0.399000,0.076000,0
1.882723,0.401000,-28.778999,-7.205000,49.700001,13.569000,47.223000,165.699997,0.000000,0.000000,0.000000,0.000000,0.000000,0.000000,0.000000,-59.000000,-681.000000,140.000000,-1202.000000,104.000000,10.000000,4.000000,22.000000,22.000000,22.000000,22.000000,22.000000,22.000000,22.000000,37.000000,38.000000,38.000000,39.000000,39.000000,40.000000,43.000000,1,1,1,1,1,1,1,0,0,0,0,0,0,0,74,5376.556152,837,0,1,0.757878,-0.010524,-0.323628,-3.116000,-0.399000,0.076000,0
1.892611,0.095000,-28.511999,-6.930000,49.134998,13.525000,47.505001,165.960007,0.000000,0.000000,0.000000,0.000000,0.000000,0.000000,0.000000,-59.000000,-681.000000,140.000000,-1202.000000,104.000000,10.000000,4.000000,22.000000,22.000000,22.000000,22.000000,22.000000,22.000000,22.000000,37.000000,38.000000,38.000000,39.000000,39.000000,40.000000,43.000000,1,1,1,1,1,1,1,0,0,0,0,0,0,0,74,5376.555176,837,0,1,0.758892,-0.009337,-0.323628,-3.116000,-0.399000,0.076000,0
1.902639,-0.566000,-28.027000,-6.320000,48.099998,13.424000,48.015999,166.492004,0.000000,0.000000,0.000000,0.000000,0.000000,0.000000,0.000000,-59.000000,-681.000000,140.000000,-1202.000000,104.000000,10.000000,4.000000,22.000000,22.000000,22.000000,22.000000,22.000000,22.000000,22.000000,37.000000,38.000000,38.000000,39.000000,39.000000,40.000000,43.000000,1,1,1,1,1,1,1,0,0,0,0,0,0,0,74,5376.555176,837,0,1,0.760727,-0.006811,-0.323628,-3.116000,-0.399000,0.076000,0
1.912736,-1.159000,-27.674000,-5.757000,47.338001,13.331000,48.389000,166.940002,0.000000,0.000000,0.000000,0.000000,0.000000,0.000000,0.000000,-59.000000,-681.000000,140.000000,-1202.000000,104.000000,10.000000,4.000000,22.000000,22.000000,22.000000,22.000000,22.000000,22.000000,22.000000,37.000000,38.000000,38.000000,39.000000,39.000000,40.000000,43.000000,1,1,1,1,1,1,1,0,0,0,0,0,0,0,74,5376.555176,837,0,1,0.762058,-0.004587,-0.323628,-3.116000,-0.399000,0.076000,1
1.922675,-1.775000,-27.320000,-5.168000,46.567001,13.231000,48.765999,167.397995,0.000000,0.000000,0.000000,0.000000,0.000000,0.000000,0.000000,-59.000000,-681.000000,140.000000,-1202.000000,104.000000,10.000000,4.000000,22.000000,22.000000,22.000000,22.000000,22.000000,22.000000,22.000000,37.000000,38.000000,38.000000,39.000000,39.000000,40.000000,43.000000,1,1,1,1,1,1,1,0,0,0,0,0,0,0,74,5376.558105,836,0,1,0.763373,-0.002309,-0.323628,-3.116000,-0.399000,0.076000,1
1.932663,-2.432000,-26.941999,-4.537000,45.734001,13.120000,49.175999,167.882004,0.000000,0.000000,0.000000,0.000000,0.000000,0.000000,0.000000,-59.000000,-681.000000,140.000000,-1202.000000,104.000000,10.000000,4.000000,22.000000,22.000000,22.000000,22.000000,22.000000,22.000000,22.000000,37.000000,38.000000,38.000000,39.000000,39.000000,40.000000,43.000000,1,1,1,1,1,1,1,0,0,0,0,0,0,0,74,5376.555176,838,0,1,0.764760,0.000091,-0.323628,-3.116000,-0.399000,0.076000,1
1.942653,-3.273000,-26.455000,-3.727000,44.650002,12.973000,49.709999,168.494003,0.000000,0.000000,0.000000,0.000000,0.000000,0.000000,0.000000,-59.000000,-681.000000,140.000000,-1202.000000,104.000000,10.000000,4.000000,22.000000,22.000000,22.000000,22.000000,22.000000,22.000000,22.000000,37.000000,38.000000,38.000000,39.000000,39.000000,40.000000,43.000000,1,1,1,1,1,1,1,0,0,0,0,0,0,0,74,5376.555176,837,0,1,0.766505,0.003114,-0.323628,-3.116000,-0.399000,0.076000,1
1.952722,-3.994000,-26.037001,-3.029000,43.707001,12.842000,50.176998,169.011002,0.000000,0.000000,0.000000,0.000000,0.000000,0.000000,0.000000,-59.000000,-681.000000,140.000000,-1202.000000,104.000000,10.000000,4.000000,22.000000,22.000000,22.000000,22.000000,22.000000,22.000000,22.000000,37.000000,38.000000,38.000000,39.000000,39.000000,40.000000,43.000000,1,1,1,1,1,1,1,0,0,0,0,0,0,0,74,5376.556152,836,0,1,0.767973,0.005658,-0.323628,-3.116000,-0.399000,0.076000,1
1.962662,-4.724000,-25.611000,-2.320000,42.740002,12.706000,50.658001,169.526993,0.000000,0.000000,0.000000,0.000000,0.000000,0.000000,0.000000,-59.000000,-681.000000,140.000000,-1202.000000,104.000000,10.000000,4.000000,22.000000,22.000000,22.000000,22.000000,22.000000,22.000000,22.000000,37.000000,38.000000,38.000000,39.000000,39.000000,40.000000,43.000000,1,1,1,1,1,1,1,0,0,0,0,0,0,0,74,5376.556152,838,0,1,0.769434,0.008187,-0.323628,-3.116000,-0.399000,0.076000,1
1.972673,-5.459000,-25.181000,-1.602000,41.754002,12.565000,51.150002,170.039993,0.000000,0.000000,0.000000,0.000000,0.000000,0.000000,0.000000,-59.000000,-681.000000,140.000000,-1202.000000,104.000000,10.000000,4.000000,22.000000,22.000000,22.000000,22.000000,22.000000,22.000000,22.000000,37.000000,38.000000,38.000000,39.000000,39.000000,40.000000,43.000000,1,1,1,1,1,1,1,0,0,0,0,0,0,0,74,5376.556152,836,0,1,0.770877,0.010686,-0.323628,-3.116000,-0.399000,0.076000,1
1.982634,-5.902000,-24.921000,-1.168000,41.153999,12.478000,51.450001,170.343994,0.000000,0.000000,0.000000,0.000000,0.000000,0.000000,0.000000,-59.000000,-681.000000,140.000000,-1202.000000,104.000000,10.000000,4.000000,22.000000,22.000000,22.000000,22.000000,22.000000,22.000000,22.000000,37.000000,38.000000,38.000000,39.000000,39.000000,40.000000,43.000000,1,1,1,1,1,1,1,0,0,0,0,0,0,0,74,5376.555176,836,0,1,0.771731,0.012165,-0.323628,-3.116000,-0.399000,0.076000,1
1.992641,-6.641000,-24.488001,-0.442000,40.146000,12.332000,51.956001,170.843994,0.000000,0.000000,0.000000,0.000000,0.000000,0.000000,0.000000,-59.000000,-681.000000,140.000000,-1202.000000,104.000000,10.000000,4.000000,22.000000,22.000000,22.000000,22.000000,22.000000,22.000000,22.000000,37.000000,38.000000,38.000000,39.000000,39.000000,40.000000,43.000000,1,1,1,1,1,1,1,0,0,0,0,0,0,0,74,5376.555176,836,0,1,0.773130,0.014588,-0.323628,-3.116000,-0.399000,0.076000,1
2.002900,-7.524000,-23.968000,0.428000,38.929001,12.154000,52.570000,171.429001,0.000000,0.000000,0.000000,0.000000,0.000000,0.000000,0.000000,-59.000000,-681.000000,140.000000,-1202.000000,104.000000,10.000000,4.000000,22.000000,22.000000,22.000000,22.000000,22.000000,22.000000,22.000000,37.000000,38.000000,38.000000,39.000000,39.000000,40.000000,43.000000,1,1,1,1,1,1,1,0,0,0,0,0,0,0,74,5376.555176,837,0,1,0.774757,0.017407,-0.323628,-3.116000,-0.399000,0.076000,1
2.012891,-8.253000,-23.539000,1.151000,37.916000,12.005000,53.082001,171.899002,0.000000,0.000000,0.000000,0.000000,0.000000,0.000000,0.000000,-59.000000,-681.000000,140.000000,-1202.000000,104.000000,10.000000,4.000000,22.000000,22.000000,22.000000,22.000000,22.000000,22.000000,22.000000,37.000000,38.000000,38.000000,39.000000,39.000000,40.000000,43.000000,1,1,1,1,1,1,1,0,0,0,0,0,0,0,74,5376.555176,835,0,1,0.776063,0.019668,-0.323628,-3.116000,-0.399000,0.076000,1
2.022687,-8.971000,-23.115000,1.865000,36.910999,11.857000,53.591999,172.352997,0.000000,0.000000,0.000000,0.000000,0.000000,0.000000,0.000000,-59.000000,-681.000000,140.000000,-1202.000000,104.000000,10.000000,4.000000,22.000000,22.000000,22.000000,22.000000,22.000000,22.000000,22.000000,37.000000,38.000000,38.000000,39.000000,39.000000,40.000000,43.000000,1,1,1,1,1,1,1,0,0,0,0,0,0,0,74,5376.556152,838,0,1,0.777315,0.021837,-0.323628,-3.116000,-0.399000,0.076000,1
2.032660,-9.676000,-22.700001,2.568000,35.921001,11.711000,54.096001,172.785995,0.000000,0.000000,0.000000,0.000000,0.000000,0.000000,0.000000,-59.000000,-681.000000,140.000000,-1202.000000,104.000000,10.000000,4.000000,22.000000,22.000000,22.000000,22.000000,22.000000,22.000000,22.000000,37.000000,38.000000,38.000000,39.000000,39.000000,40.000000,43.000000,1,1,1,1,1,1,1,0,0,0,0,0,0,0,74,5376.555176,837,0,1,0.778508,0.023904,-0.323628,-3.116000,-0.399000,0.076000,1
2.042702,-10.091000,-22.455999,2.983000,35.337002,11.626000,54.394001,173.035004,0.000000,0.000000,0.000000,0.000000,0.000000,0.000000,0.000000,-59.000000,-681.000000,140.000000,-1202.000000,104.000000,10.000000,4.000000,22.000000,22.000000,22.000000,22.000000,22.000000,22.000000,22.000000,37.000000,38.000000,38.000000,39.000000,39.000000,40.000000,43.000000,1,1,1,1,1,1,1,0,0,0,0,0,0,0,74,5376.556152,836,0,1,0.779193,0.025090,-0.323628,-3.116000,-0.399000,0.076000,1
2.052785,-10.898000,-21.982000,3.791000,34.198002,11.459000,54.976002,173.509003,0.000000,0.000000,0.000000,0.000000,0.000000,0.000000,0.000000,-59.000000,-681.000000,140.000000,-1202.000000,104.000000,10.000000,4.000000,22.000000,22.000000,22.000000,22.000000,22.000000,22.000000,22.000000,37.000000,38.000000,38.000000,39.000000,39.000000,40.000000,43.000000,1,1,1,1,1,1,1,0,0,0,0,0,0,0,74,5376.556152,836,0,1,0.780489,0.027335,-0.323628,-3.116000,-0.399000,0.076000,1
2.062625,-11.543000,-21.605000,4.439000,33.285999,11.327000,55.444000,173.876007,0.000000,0.000000,0.000000,0.000000,0.000000,0.000000,0.000000,-59.000000,-681.000000,140.000000,-1202.000000,104.000000,10.000000,4.000000,22.000000,22.000000,22.000000,22.000000,22.000000,22.000000,22.000000,37.000000,38.000000,38.000000,39.000000,39.000000,40.000000,43.000000,1,1,1,1,1,1,1,0,0,0,0,0,0,0,74,5376.555176,836,0,1,0.781490,0.029068,-0.323628,-3.116000,-0.399000,0.076000,1
2.072631,-11.916000,-21.386999,4.814000,32.758999,11.250000,55.715000,174.084000,0.000000,0.000000,0.000000,0.000000,0.000000,0.000000,0.000000,-59.000000,-681.000000,140.000000,-1202.000000,104.000000,10.000000,4.000000,22.000000,22.000000,22.000000,22.000000,22.000000,22.000000,22.000000,37.000000,38.000000,38.000000,39.000000,39.000000,40.000000,43.000000,1,1,1,1,1,1,1,0,0,0,0,0,0,0,74,5376.555176,836,0,1,0.782054,0.030045,-0.323628,-3.116000,-0.400000,0.076000,1
2.082673,-12.159000,-21.246000,5.059000,32.417000,11.201000,55.890999,174.216995,0.000000,0.000000,0.000000,0.000000,0.000000,0.000000,0.000000,-59.000000,-681.000000,140.000000,-1202.000000,104.000000,10.000000,4.000000,22.000000,22.000000,22.000000,22.000000,22.000000,22.000000,22.000000,37.000000,38.000000,38.000000,39.000000,39.000000,40.000000,43.000000,1,1,1,1,1,1,1,0,0,0,0,0,0,0,74,5376.555176,836,0,1,0.782415,0.030670,-0.323628,-3.116000,-0.399000,0.076000,1
2.092700,-12.854000,-20.843000,5.759000,31.437000,11.061000,56.396000,174.589005,0.000000,0.000000,0.000000,0.000000,0.000000,0.000000,0.000000,-59.000000,-681.000000,140.000000,-1202.000000,104.000000,10.000000,4.000000,22.000000,22.000000,22.000000,22.000000,22.000000,22.000000,22.000000,37.000000,38.000000,38.000000,39.000000,39.000000,40.000000,43.000000,1,1,1,1,1,1,1,0,0,0,0,0,0,0,74,5376.555176,837,0,1,0.783423,0.032415,-0.323628,-3.116000,-0.399000,0.076000,1
2.102623,-13.391000,-20.534000,6.301000,30.681999,10.954000,56.785999,174.869003,0.000000,0.000000,0.000000,0.000000,0.000000,0.000000,0.000000,-59.000000,-681.000000,140.000000,-1202.000000,104.000000,10.000000,4.000000,22.000000,22.000000,22.000000,22.000000,22.000000,22.000000,22.000000,37.000000,38.000000,38.000000,39.000000,39.000000,40.000000,43.000000,1,1,1,1,1,1,1,0,0,0,0,0,0,0,74,5376.555176,835,0,1,0.784175,0.033719,-0.323628,-3.116000,-0.400000,0.076000,1
2.112669,-13.886000,-20.250000,6.802000,29.987000,10.856000,57.146000,175.119003,0.000000,0.000000,0.000000,0.000000,0.000000,0.000000,0.000000,-59.000000,-681.000000,140.000000,-1202.000000,104.000000,10.000000,4.000000,22.000000,22.000000,22.000000,22.000000,22.000000,22.000000,22.000000,37.000000,38.000000,38.000000,39.000000,39.000000,40.000000,43.000000,1,1,1,1,1,1,1,0,0,0,0,0,0,0,74,5376.553223,836,0,1,0.784849,0.034885,-0.323628,-3.116000,-0.400000,0.076000,1
2.122663,-14.420000,-19.945000,7.343000,29.240000,10.751000,57.533001,175.382996,0.000000,0.000000,0.000000,0.000000,0.000000,0.000000,0.000000,-59.000000,-681.000000,140.000000,-1202.000000,104.000000,10.000000,4.000000,22.000000,22.000000,22.000000,22.000000,22.000000,22.000000,22.000000,37.000000,38.000000,38.000000,39.000000,39.000000,40.000000,43.000000,1,1,1,1,1,1,1,0,0,0,0,0,0,0,74,5376.553223,836,0,1,0.785553,0.036105,-0.323628,-3.116000,-0.399000,0.076000,1
2.132669,-14.502000,-19.898001,7.426000,29.125999,10.735000,57.591999,175.423004,0.000000,0.000000,0.000000,0.000000,0.000000,0.000000,0.000000,-59.000000,-681.000000,140.000000,-1202.000000,104.000000,10.000000,4.000000,22.000000,22.000000,22.000000,22.000000,22.000000,22.000000,22.000000,37.000000,38.000000,38.000000,39.000000,39.000000,40.000000,43.000000,1,1,1,1,1,1,1,0,0,0,0,0,0,0,74,5376.556152,838,0,1,0.785659,0.036289,-0.323628,-3.116000,-0.400000,0.076000,1
2.142730,-14.955000,-19.642000,7.886000,28.495001,10.646000,57.919998,175.639008,0.000000,0.000000,0.000000,0.000000,0.000000,0.000000,0.000000,-59.000000,-681.000000,140.000000,-1202.000000,104.000000,10.000000,4.000000,22.000000,22.000000,22.000000,22.000000,22.000000,22.000000,22.000000,37.000000,38.000000,38.000000,39.000000,39.000000,40.000000,43.000000,1,1,1,1,1,1,1,0,0,0,0,0,0,0,74,5376.555176,836,0,1,0.786235,0.037287,-0.323628,-3.116000,-0.400000,0.076000,1
2.152726,-15.276000,-19.459999,8.215000,28.048000,10.581000,58.152000,175.791000,0.000000,0.000000,0.000000,0.000000,0.000000,0.000000,0.000000,-59.000000,-681.000000,140.000000,-1202.000000,104.000000,10.000000,4.000000,22.000000,22.000000,22.000000,22.000000,22.000000,22.000000,22.000000,37.000000,38.000000,38.000000,39.000000,39.000000,40.000000,43.000000,1,1,1,1,1,1,1,0,0,0,0,0,0,0,74,5376.556152,836,0,1,0.786636,0.037981,-0.323627,-3.117000,-0.399000,0.077000,1
2.162736,-15.547000,-19.306999,8.493000,27.671000,10.525000,58.348000,175.917007,0.000000,0.000000,0.000000,0.000000,0.000000,0.000000,0.000000,-59.000000,-681.000000,140.000000,-1202.000000,104.000000,10.000000,4.000000,22.000000,22.000000,22.000000,22.000000,22.000000,22.000000,22.000000,37.000000,38.000000,38.000000,39.000000,39.000000,40.000000,43.000000,1,1,1,1,1,1,1,0,0,0,0,0,0,0,74,5376.556152,836,0,1,0.786967,0.038556,-0.323627,-3.117000,-0.400000,0.077000,1
2.172957,-15.806000,-19.160000,8.763000,27.309000,10.469000,58.536999,176.037994,0.000000,0.000000,0.000000,0.000000,0.000000,0.000000,0.000000,-59.000000,-681.000000,140.000000,-1202.000000,104.000000,10.000000,4.000000,22.000000,22.000000,22.000000,22.000000,22.000000,22.000000,22.000000,37.000000,38.000000,38.000000,39.000000,39.000000,40.000000,43.000000,1,1,1,1,1,1,1,0,0,0,0,0,0,0,74,5376.555176,837,0,1,0.787282,0.039100,-0.323627,-3.117000,-0.400000,0.077000,1
2.182724,-15.971000,-19.066000,8.937000,27.077000,10.430000,58.657001,176.115005,0.000000,0.000000,0.000000,0.000000,0.000000,0.000000,0.000000,-59.000000,-681.000000,140.000000,-1202.000000,104.000000,10.000000,4.000000,22.000000,22.000000,22.000000,22.000000,22.000000,22.000000,22.000000,37.000000,38.000000,38.000000,39.000000,39.000000,40.000000,43.000000,1,1,1,1,1,1,1,0,0,0,0,0,0,0,74,5376.558105,837,0,1,0.787481,0.039445,-0.323628,-3.117000,-0.400000,0.077000,1
2.192709,-16.094000,-18.995001,9.069000,26.903000,10.398000,58.748001,176.173004,0.000000,0.000000,0.000000,0.000000,0.000000,0.000000,0.000000,-59.000000,-681.000000,140.000000,-1202.000000,104.000000,10.000000,4.000000,22.000000,22.000000,22.000000,22.000000,22.000000,22.000000,22.000000,37.000000,38.000000,38.000000,39.000000,39.000000,40.000000,43.000000,1,1,1,1,1,1,1,0,0,0,0,0,0,0,74,5376.556152,837,0,1,0.787629,0.039701,-0.323627,-3.117000,-0.400000,0.077000,1
2.202739,-16.094000,-18.995001,9.069000,26.903000,10.398000,58.748001,176.173004,0.000000,0.000000,0.000000,0.000000,0.000000,0.000000,0.000000,-59.000000,-681.000000,140.000000,-1202.000000,104.000000,10.000000,4.000000,22.000000,22.000000,22.000000,22.000000,22.000000,22.000000,22.000000,37.000000,38.000000,38.000000,39.000000,39.000000,40.000000,43.000000,1,1,1,1,1,1,1,0,0,0,0,0,0,0,74,5376.556152,837,0,1,0.787629,0.039701,-0.323627,-3.117000,-0.400000,0.077000,1
2.212742,-16.164000,-18.952999,9.148000,26.799999,10.377000,58.800999,176.207993,0.000000,0.000000,0.000000,0.000000,0.000000,0.000000,0.000000,-59.000000,-681.000000,140.000000,-1202.000000,104.000000,10.000000,4.000000,22.000000,22.000000,22.000000,22.000000,22.000000,22.000000,22.000000,37.000000,38.000000,38.000000,39.000000,39.000000,40.000000,43.000000,1,1,1,1,1,1,1,0,0,0,0,0,0,0,74,5376.556152,837,0,1,0.787715,0.039851,-0.323628,-3.117000,-0.399000,0.076000,1
2.222767,-16.231001,-18.910999,9.228000,26.698000,10.350000,58.854000,176.244003,0.000000,0.000000,0.000000,0.000000,0.000000,0.000000,0.000000,-59.000000,-681.000000,140.000000,-1202.000000,104.000000,10.000000,4.000000,22.000000,22.000000,22.000000,22.000000,22.000000,22.000000,22.000000,37.000000,38.000000,38.000000,39.000000,39.000000,40.000000,43.000000,1,1,1,1,1,1,1,0,0,0,0,0,0,0,74,5376.556152,838,0,1,0.787801,0.040000,-0.323628,-3.117000,-0.400000,0.077000,1
2.232752,-16.259001,-18.892000,9.267000,26.652000,10.332000,58.877998,176.261993,0.000000,0.000000,0.000000,0.000000,0.000000,0.000000,0.000000,-59.000000,-681.000000,140.000000,-1202.000000,104.000000,10.000000,4.000000,22.000000,22.000000,22.000000,22.000000,22.000000,22.000000,22.000000,37.000000,38.000000,38.000000,39.000000,39.000000,40.000000,43.000000,1,1,1,1,1,1,1,0,0,0,0,0,0,0,74,5376.555176,837,0,1,0.787840,0.040068,-0.323627,-3.117000,-0.400000,0.076000,1
2.242810,-16.268000,-18.882999,9.288000,26.629000,10.316000,58.889000,176.272995,0.000000,0.000000,0.000000,0.000000,0.000000,0.000000,0.000000,-59.000000,-681.000000,140.000000,-1202.000000,104.000000,10.000000,4.000000,22.000000,22.000000,22.000000,22.000000,22.000000,22.000000,22.000000,37.000000,38.000000,38.000000,39.000000,39.000000,40.000000,43.000000,1,1,1,1,1,1,1,0,0,0,0,0,0,0,74,5376.556152,837,0,1,0.787859,0.040100,-0.323627,-3.117000,-0.400000,0.077000,1
2.252856,-16.268000,-18.879999,9.295000,26.622999,10.307000,58.891998,176.276993,0.000000,0.000000,0.000000,0.000000,0.000000,0.000000,0.000000,-59.000000,-681.000000,140.000000,-1202.000000,104.000000,10.000000,4.000000,22.000000,22.000000,22.000000,22.000000,22.000000,22.000000,22.000000,37.000000,38.000000,38.000000,39.000000,39.000000,40.000000,43.000000,1,1,1,1,1,1,1,0,0,0,0,0,0,0,74,5376.555176,836,0,1,0.787864,0.040109,-0.323628,-3.117000,-0.399000,0.077000,1
2.263894,-16.264999,-18.878000,9.301000,26.618999,10.297000,58.893002,176.281006,0.000000,0.000000,0.000000,0.000000,0.000000,0.000000,-0.120000,19.000000,-627.000000,167.000000,-1230.000000,109.000000,5.000000,9.000000,22.000000,22.000000,22.000000,22.000000,22.000000,22.000000,22.000000,37.000000,38.000000,38.000000,39.000000,39.000000,40.000000,43.000000,1,1,1,1,1,1,1,0,0,0,0,0,0,0,74,5376.555176,836,0,1,0.787867,0.040114,-0.323628,-3.117000,-0.399000,0.076000,0
2.273924,-16.264999,-18.878000,9.301000,26.618999,10.297000,58.893002,176.281006,0.000000,0.000000,0.000000,0.000000,0.000000,0.000000,0.000000,22.000000,-618.000000,167.000000,-1226.000000,99.000000,4.000000,5.000000,22.000000,22.000000,22.000000,22.000000,22.000000,22.000000,22.000000,37.000000,38.000000,38.000000,39.000000,39.000000,40.000000,43.000000,1,1,1,1,1,1,1,0,0,0,0,0,0,0,74,5376.555176,835,0,1,0.787867,0.040114,-0.323628,-3.117000,-0.399000,0.076000,0
2.283776,-16.264999,-18.878000,9.301000,26.618999,10.297000,58.893002,176.281006,0.000000,0.000000,0.000000,0.000000,0.000000,0.000000,-0.120000,9.000000,-625.000000,179.000000,-1213.000000,108.000000,8.000000,9.000000,22.000000,22.000000,22.000000,22.000000,22.000000,22.000000,22.000000,37.000000,38.000000,38.000000,39.000000,39.000000,40.000000,43.000000,1,1,1,1,1,1,1,0,0,0,0,0,0,0,74,5376.555176,836,0,1,0.787867,0.040114,-0.323628,-3.117000,-0.399000,0.076000,0
2.294739,-16.264999,-18.878000,9.301000,26.618999,10.297000,58.893002,176.281006,0.000000,0.000000,0.000000,0.000000,0.000000,0.000000,0.000000,25.000000,-620.000000,157.000000,-1221.000000,107.000000,4.000000,16.000000,22.000000,22.000000,22.000000,22.000000,22.000000,22.000000,22.000000,37.000000,38.000000,38.000000,39.000000,39.000000,40.000000,43.000000,1,1,1,1,1,1,1,0,0,0,0,0,0,0,74,5376.556152,836,0,1,0.787867,0.040114,-0.323628,-3.117000,-0.399000,0.076000,0
2.304965,-16.264999,-18.878000,9.301000,26.618999,10.297000,58.893002,176.281006,0.000000,0.000000,0.000000,0.000000,0.000000,0.000000,0.000000,29.000000,-627.000000,148.000000,-1214.000000,107.000000,7.000000,7.000000,22.000000,22.000000,22.000000,22.000000,22.000000,22.000000,22.000000,37.000000,38.000000,38.000000,39.000000,39.000000,40.000000,43.000000,1,1,1,1,1,1,1,0,0,0,0,0,0,0,74,5376.555176,835,0,1,0.787867,0.040114,-0.323628,-3.117000,-0.399000,0.076000,0
2.314945,-16.264999,-18.878000,9.301000,26.618999,10.297000,58.893002,176.281006,0.000000,0.000000,0.000000,0.000000,0.000000,0.000000,0.000000,17.000000,-625.000000,164.000000,-1211.000000,91.000000,12.000000,3.000000,22.000000,22.000000,22.000000,22.000000,22.000000,22.000000,22.000000,37.000000,38.000000,38.000000,39.000000,39.000000,40.000000,43.000000,1,1,1,1,1,1,1,0,0,0,0,0,0,0,74,5376.555176,837,0,1,0.787867,0.040114,-0.323628,-3.117000,-0.399000,0.076000,0
2.325682,-16.264999,-18.878000,9.301000,26.618999,10.297000,58.893002,176.281006,0.000000,0.000000,0.000000,0.000000,0.000000,0.000000,-0.240000,17.000000,-621.000000,156.000000,-1225.000000,94.000000,6.000000,4.000000,22.000000,22.000000,22.000000,22.000000,22.000000,22.000000,22.000000,37.000000,38.000000,38.000000,39.000000,39.000000,40.000000,43.000000,1,1,1,1,1,1,1,0,0,0,0,0,0,0,74,5376.555176,834,0,1,0.787867,0.040114,-0.323628,-3.117000,-0.399000,0.076000,0
2.335861,-16.264999,-18.878000,9.301000,26.618999,10.297000,58.893002,176.281006,0.000000,0.000000,0.000000,0.000000,0.000000,0.000000,0.000000,11.000000,-612.000000,140.000000,-1197.000000,101.000000,8.000000,3.000000,22.000000,22.000000,22.000000,22.000000,22.000000,22.000000,22.000000,37.000000,38.000000,38.000000,39.000000,39.000000,40.000000,43.000000,1,1,1,1,1,1,1,0,0,0,0,0,0,0,74,5376.555176,835,0,1,0.787867,0.040114,-0.323628,-3.117000,-0.399000,0.076000,0
2.345757,-16.264999,-18.878000,9.301000,26.618999,10.297000,58.893002,176.281006,0.000000,0.000000,0.000000,0.000000,0.000000,0.000000,0.240000,19.000000,-617.000000,159.000000,-1207.000000,105.000000,4.000000,-2.000000,22.000000,22.000000,22.000000,22.000000,22.000000,22.000000,22.000000,37.000000,38.000000,38.000000,39.000000,39.000000,40.000000,43.000000,1,1,1,1,1,1,1,0,0,0,0,0,0,0,74,5376.556152,836,0,1,0.787867,0.040114,-0.323628,-3.117000,-0.399000,0.076000,0
2.355759,-16.264999,-18.878000,9.301000,26.618999,10.297000,58.893002,176.281006,0.000000,0.000000,0.000000,0.000000,0.000000,0.000000,0.000000,19.000000,-619.000000,179.000000,-1210.000000,100.000000,7.000000,10.000000,22.000000,22.000000,22.000000,22.000000,22.000000,22.000000,22.000000,37.000000,38.000000,38.000000,39.000000,39.000000,40.000000,43.000000,1,1,1,1,1,1,1,0,0,0,0,0,0,0,74,5376.555176,836,0,1,0.787867,0.040114,-0.323628,-3.117000,-0.399000,0.076000,0
2.365727,-16.264999,-18.878000,9.301000,26.618999,10.297000,58.893002,176.281006,0.000000,0.000000,0.000000,0.000000,0.000000,0.000000,0.000000,12.000000,-618.000000,164.000000,-1217.000000,101.000000,7.000000,10.000000,22.000000,22.000000,22.000000,22.000000,22.000000,22.000000,22.000000,37.000000,38.000000,38.000000,39.000000,39.000000,40.000000,43.000000,1,1,1,1,1,1,1,0,0,0,0,0,0,0,74,5376.555176,835,0,1,0.787867,0.040114,-0.323628,-3.117000,-0.399000,0.076000,0
2.376061,-16.264999,-18.878000,9.301000,26.618999,10.297000,58.893002,176.281006,0.000000,0.000000,0.000000,0.000000,0.000000,0.000000,0.240000,16.000000,-614.000000,146.000000,-1224.000000,99.000000,6.000000,0.000000,22.000000,22.000000,22.000000,22.000000,22.000000,22.000000,22.000000,37.000000,38.000000,38.000000,39.000000,39.000000,40.000000,43.000000,1,1,1,1,1,1,1,0,0,0,0,0,0,0,74,5376.555176,837,0,1,0.787867,0.040114,-0.323628,-3.117000,-0.399000,0.076000,0
2.386772,-16.264999,-18.878000,9.301000,26.618999,10.297000,58.893002,176.281006,0.000000,0.000000,0.000000,0.000000,0.000000,0.000000,0.000000,11.000000,-617.000000,141.000000,-1210.000000,104.000000,4.000000,1.000000,22.000000,22.000000,22.000000,22.000000,22.000000,22.000000,22.000000,37.000000,38.000000,38.000000,39.000000,39.000000,40.000000,43.000000,1,1,1,1,1,1,1,0,0,0,0,0,0,0,74,5376.555176,837,0,1,0.787867,0.040114,-0.323628,-3.117000,-0.399000,0.076000,0
2.396703,-16.264999,-18.878000,9.301000,26.618999,10.297000,58.893002,176.281006,0.000000,0.000000,0.000000,0.000000,0.000000,0.000000,0.120000,14.000000,-620.000000,157.000000,-1226.000000,98.000000,6.000000,9.000000,22.000000,22.000000,22.000000,22.000000,22.000000,22.000000,22.000000,37.000000,38.000000,38.000000,39.000000,39.000000,40.000000,43.000000,1,1,1,1,1,1,1,0,0,0,0,0,0,0,74,5376.553223,838,0,1,0.787867,0.040114,-0.323628,-3.117000,-0.399000,0.076000,0
2.406739,-16.264999,-18.878000,9.301000,26.618999,10.297000,58.893002,176.281006,0.000000,0.000000,0.000000,0.000000,0.000000,0.000000,0.000000,14.000000,-621.000000,156.000000,-1232.000000,93.000000,13.000000,0.000000,22.000000,22.000000,22.000000,22.000000,22.000000,22.000000,22.000000,37.000000,38.000000,38.000000,39.000000,39.000000,40.000000,43.000000,1,1,1,1,1,1,1,0,0,0,0,0,0,0,74,5376.555176,837,0,1,0.787867,0.040114,-0.323628,-3.117000,-0.399000,0.076000,0
2.416734,-16.264999,-18.878000,9.301000,26.618999,10.297000,58.893002,176.281006,0.000000,0.000000,0.000000,0.000000,0.000000,0.000000,-0.360000,9.000000,-625.000000,179.000000,-1212.000000,108.000000,5.000000,-3.000000,22.000000,22.000000,22.000000,22.000000,22.000000,22.000000,22.000000,37.000000,38.000000,38.000000,39.000000,39.000000,40.000000,43.000000,1,1,1,1,1,1,1,0,0,0,0,0,0,0,74,5376.556152,837,0,1,0.787867,0.040114,-0.323628,-3.117000,-0.399000,0.076000,0
2.426742,-16.264999,-18.878000,9.301000,26.618999,10.297000,58.893002,176.281006,0.000000,0.000000,0.000000,0.000000,0.000000,0.000000,0.360000,13.000000,-621.000000,180.000000,-1225.000000,95.000000,5.000000,19.000000,22.000000,22.000000,22.000000,22.000000,22.000000,22.000000,22.000000,37.000000,38.000000,38.000000,39.000000,39.000000,40.000000,43.000000,1,1,1,1,1,1,1,0,0,0,0,0,0,0,74,5376.556152,836,0,1,0.787867,0.040114,-0.323628,-3.117000,-0.399000,0.076000,0
2.436762,-16.264999,-18.878000,9.301000,26.618999,10.297000,58.893002,176.281006,0.000000,0.000000,0.000000,0.000000,0.000000,0.000000,0.000000,10.000000,-622.000000,157.000000,-1225.000000,109.000000,7.000000,-1.000000,22.000000,22.000000,22.000000,22.000000,22.000000,22.000000,22.000000,37.000000,38.000000,38.000000,39.000000,39.000000,40.000000,43.000000,1,1,1,1,1,1,1,0,0,0,0,0,0,0,74,5376.555176,838,0,1,0.787867,0.040114,-0.323628,-3.117000,-0.399000,0.076000,0
2.446805,-16.264999,-18.878000,9.301000,26.618999,10.297000,58.893002,176.281006,0.000000,0.000000,0.000000,0.000000,0.000000,0.000000,0.360000,10.000000,-622.000000,163.000000,-1205.000000,89.000000,9.000000,20.000000,22.000000,22.000000,22.000000,22.000000,22.000000,22.000000,22.000000,37.000000,38.000000,38.000000,39.000000,39.000000,40.000000,43.000000,1,1,1,1,1,1,1,0,0,0,0,0,0,0,74,5376.555176,837,0,1,0.787867,0.040114,-0.323628,-3.117000,-0.399000,0.076000,0
2.456730,-16.264999,-18.878000,9.301000,26.618999,10.297000,58.893002,176.281006,0.000000,0.000000,0.000000,0.000000,0.000000,0.000000,0.000000,9.000000,-620.000000,155.000000,-1222.000000,100.000000,6.000000,8.000000,22.000000,22.000000,22.000000,22.000000,22.000000,22.000000,22.000000,37.000000,38.000000,38.000000,39.000000,39.000000,40.000000,43.000000,1,1,1,1,1,1,1,0,0,0,0,0,0,0,74,5376.555176,836,0,1,0.787867,0.040114,-0.323628,-3.117000,-0.399000,0.076000,0
2.466697,-16.264999,-18.878000,9.301000,26.618999,10.297000,58.893002,176.281006,0.000000,0.000000,0.000000,0.000000,0.000000,0.000000,0.120000,13.000000,-615.000000,169.000000,-1209.000000,106.000000,8.000000,2.000000,22.000000,22.000000,22.000000,22.000000,22.000000,22.000000,22.000000,37.000000,38.000000,38.000000,39.000000,39.000000,40.000000,43.000000,1,1,1,1,1,1,1,0,0,0,0,0,0,0,74,5376.555176,836,0,1,0.787867,0.040114,-0.323628,-3.117000,-0.399000,0.076000,0
2.476699,-16.264999,-18.878000,9.301000,26.618999,10.297000,58.893002,176.281006,0.000000,0.000000,0.000000,0.000000,0.000000,0.000000,0.000000,6.000000,-619.000000,171.000000,-1221.000000,105.000000,7.000000,11.000000,22.000000,22.000000,22.000000,22.000000,22.000000,22.000000,22.000000,37.000000,38.000000,38.000000,39.000000,39.000000,40.000000,43.000000,1,1,1,1,1,1,1,0,0,0,0,0,0,0,74,5376.553223,836,0,1,0.787867,0.040114,-0.323628,-3.117000,-0.399000,0.076000,0
2.486767,-16.264999,-18.878000,9.301000,26.618999,10.297000,58.893002,176.281006,0.000000,0.000000,0.000000,0.000000,0.000000,0.000000,0.000000,6.000000,-627.000000,169.000000,-1221.000000,99.000000,7.000000,10.000000,22.000000,22.000000,22.000000,22.000000,22.000000,22.000000,22.000000,37.000000,38.000000,38.000000,39.000000,39.000000,40.000000,43.000000,1,1,1,1,1,1,1,0,0,0,0,0,0,0,74,5376.555176,837,0,1,0.787867,0.040114,-0.323628,-3.117000,-0.399000,0.076000,0
2.496817,-16.264999,-18.878000,9.301000,26.618999,10.297000,58.893002,176.281006,0.000000,0.000000,0.000000,0.000000,0.000000,0.000000,0.000000,15.000000,-627.000000,182.000000,-1215.000000,104.000000,7.000000,3.000000,22.000000,22.000000,22.000000,22.000000,22.000000,22.000000,22.000000,37.000000,38.000000,38.000000,39.000000,39.000000,40.000000,43.000000,1,1,1,1,1,1,1,0,0,0,0,0,0,0,74,5376.555176,836,0,1,0.787867,0.040114,-0.323628,-3.117000,-0.399000,0.076000,0
2.506718,-16.264999,-18.878000,9.301000,26.618999,10.297000,58.893002,176.281006,0.000000,0.000000,0.000000,0.000000,0.000000,0.000000,0.000000,13.000000,-618.000000,151.000000,-1205.000000,99.000000,7.000000,-2.000000,22.000000,22.000000,22.000000,22.000000,22.000000,22.000000,22.000000,37.000000,38.000000,38.000000,39.000000,39.000000,40.000000,43.000000,1,1,1,1,1,1,1,0,0,0,0,0,0,0,74,5376.556152,838,0,1,0.787867,0.040114,-0.323628,-3.117000,-0.399000,0.076000,0
2.516730,-16.264999,-18.878000,9.301000,26.618999,10.297000,58.893002,176.281006,0.000000,0.000000,0.000000,0.000000,0.000000,0.000000,0.000000,15.000000,-623.000000,189.000000,-1205.000000,99.000000,7.000000,-3.000000,22.000000,22.000000,22.000000,22.000000,22.000000,22.000000,22.000000,37.000000,38.000000,38.000000,39.000000,39.000000,40.000000,43.000000,1,1,1,1,1,1,1,0,0,0,0,0,0,0,74,5376.553223,836,0,1,0.787867,0.040114,-0.323628,-3.117000,-0.399000,0.076000,0
2.526735,-16.264999,-18.878000,9.301000,26.618999,10.297000,58.893002,176.281006,0.000000,0.000000,0.000000,0.000000,0.000000,0.000000,-0.240000,13.000000,-626.000000,188.000000,-1231.000000,93.000000,4.000000,6.000000,22.000000,22.000000,22.000000,22.000000,22.000000,22.000000,22.000000,37.000000,38.000000,38.000000,39.000000,39.000000,40.000000,43.000000,1,1,1,1,1,1,1,0,0,0,0,0,0,0,74,5376.553223,838,0,1,0.787867,0.040114,-0.323628,-3.117000,-0.399000,0.076000,0
2.536767,-16.264999,-18.878000,9.301000,26.618999,10.297000,58.893002,176.281006,0.000000,0.000000,0.000000,0.000000,0.000000,0.000000,0.000000,12.000000,-622.000000,177.000000,-1215.000000,109.000000,7.000000,9.000000,22.000000,22.000000,22.000000,22.000000,22.000000,22.000000,22.000000,37.000000,38.000000,38.000000,39.000000,39.000000,40.000000,43.000000,1,1,1,1,1,1,1,0,0,0,0,0,0,0,74,5376.555176,837,0,1,0.787867,0.040114,-0.323628,-3.117000,-0.399000,0.076000,0
