t_mono,position1,position2,position3,position4,position5,position6,position7,speed1,speed2,speed3,speed4,speed5,speed6,speed7,current1,current2,current3,current4,current5,current6,current7,voltage1,voltage2,voltage3,voltage4,voltage5,voltage6,voltage7,temperature1,temperature2,temperature3,temperature4,temperature5,temperature6,temperature7,en1,en2,en3,en4,en5,en6,en7,err1,err2,err3,err4,err5,err6,err7,lift_height,lift_pos,lift_current,lift_err,lift_en,tcp_x,tcp_y,tcp_z,tcp_rx,tcp_ry,tcp_rz,arm_status
0.153530,-19.017000,-19.011999,7.643000,26.620001,15.157000,59.136002,175.026993,0.000000,0.000000,0.000000,0.000000,0.000000,0.000000,0.000000,-454.000000,-1476.000000,36.000000,-2271.000000,43.000000,-447.000000,-20.000000,22.000000,22.000000,22.000000,22.000000,22.000000,22.000000,22.000000,37.000000,37.000000,37.000000,38.000000,39.000000,40.000000,43.000000,1,1,1,1,1,1,1,0,0,0,0,0,0,0,74,5376.550781,837,0,1,0.787867,0.040114,-0.323627,-3.116000,-0.400000,0.076000,0
0.163298,-19.017000,-19.011999,7.643000,26.620001,15.157000,59.136002,175.026993,0.000000,0.000000,0.000000,0.000000,0.000000,0.000000,0.000000,-450.000000,-1478.000000,4.000000,-2273.000000,42.000000,-465.000000,-24.000000,22.000000,22.000000,22.000000,22.000000,22.000000,22.000000,22.000000,37.000000,37.000000,37.000000,38.000000,39.000000,40.000000,43.000000,1,1,1,1,1,1,1,0,0,0,0,0,0,0,74,5376.550781,835,0,1,0.787867,0.040114,-0.323627,-3.116000,-0.400000,0.076000,0
0.173401,-19.017000,-19.011999,7.643000,26.620001,15.157000,59.136002,175.026993,0.000000,0.000000,0.000000,0.000000,0.000000,0.000000,0.000000,-450.000000,-1482.000000,26.000000,-2270.000000,45.000000,-458.000000,-24.000000,22.000000,22.000000,22.000000,22.000000,22.000000,22.000000,22.000000,37.000000,37.000000,37.000000,38.000000,39.000000,40.000000,43.000000,1,1,1,1,1,1,1,0,0,0,0,0,0,0,74,5376.549805,836,0,1,0.787867,0.040114,-0.323627,-3.116000,-0.400000,0.076000,0
0.183297,-19.017000,-19.011999,7.643000,26.620001,15.157000,59.136002,175.026993,0.000000,0.000000,0.000000,0.000000,0.000000,0.000000,0.000000,-450.000000,-1486.000000,30.000000,-2267.000000,43.000000,-454.000000,-18.000000,22.000000,22.000000,22.000000,22.000000,22.000000,22.000000,22.000000,37.000000,37.000000,37.000000,38.000000,39.000000,40.000000,43.000000,1,1,1,1,1,1,1,0,0,0,0,0,0,0,74,5376.549805,838,0,1,0.787867,0.040114,-0.323627,-3.116000,-0.400000,0.076000,0
0.193234,-19.017000,-19.011999,7.643000,26.620001,15.157000,59.136002,175.026993,0.000000,0.000000,0.000000,0.000000,0.000000,0.000000,0.000000,-446.000000,-1482.000000,16.000000,-2274.000000,45.000000,-460.000000,-30.000000,22.000000,22.000000,22.000000,22.000000,22.000000,22.000000,22.000000,37.000000,37.000000,37.000000,38.000000,39.000000,40.000000,43.000000,1,1,1,1,1,1,1,0,0,0,0,0,0,0,74,5376.549805,836,0,1,0.787867,0.040114,-0.323627,-3.116000,-0.400000,0.076000,0
0.203288,-19.017000,-19.011999,7.643000,26.620001,15.157000,59.136002,175.026993,0.000000,0.000000,0.000000,0.000000,0.000000,0.000000,0.000000,-451.000000,-1483.000000,22.000000,-2265.000000,46.000000,-453.000000,-30.000000,22.000000,22.000000,22.000000,22.000000,22.000000,22.000000,22.000000,37.000000,37.000000,37.000000,38.000000,39.000000,40.000000,43.000000,1,1,1,1,1,1,1,0,0,0,0,0,0,0,74,5376.550781,837,0,1,0.787867,0.040114,-0.323627,-3.116000,-0.400000,0.076000,0
0.213333,-19.017000,-19.011999,7.643000,26.620001,15.157000,59.136002,175.026993,0.000000,0.000000,0.000000,0.000000,0.000000,0.000000,0.240000,-453.000000,-1483.000000,7.000000,-2270.000000,44.000000,-456.000000,-19.000000,22.000000,22.000000,22.000000,22.000000,22.000000,22.000000,22.000000,37.000000,37.000000,37.000000,38.000000,39.000000,40.000000,43.000000,1,1,1,1,1,1,1,0,0,0,0,0,0,0,74,5376.550781,835,0,1,0.787867,0.040114,-0.323627,-3.116000,-0.400000,0.076000,0
0.223301,-19.017000,-19.011999,7.643000,26.620001,15.157000,59.136002,175.026993,0.000000,0.000000,0.000000,0.000000,0.000000,0.000000,-0.120000,-462.000000,-1478.000000,32.000000,-2271.000000,45.000000,-452.000000,-30.000000,22.000000,22.000000,22.000000,22.000000,22.000000,22.000000,22.000000,37.000000,37.000000,37.000000,38.000000,39.000000,40.000000,43.000000,1,1,1,1,1,1,1,0,0,0,0,0,0,0,74,5376.549805,837,0,1,0.787867,0.040114,-0.323627,-3.116000,-0.400000,0.076000,0
0.233300,-19.017000,-19.011999,7.643000,26.620001,15.157000,59.136002,175.026993,0.000000,0.000000,0.000000,0.000000,0.000000,0.000000,0.120000,-455.000000,-1480.000000,19.000000,-2272.000000,45.000000,-467.000000,-33.000000,22.000000,22.000000,22.000000,22.000000,22.000000,22.000000,22.000000,37.000000,37.000000,37.000000,38.000000,39.000000,40.000000,43.000000,1,1,1,1,1,1,1,0,0,0,0,0,0,0,74,5376.550781,835,0,1,0.787867,0.040114,-0.323627,-3.116000,-0.400000,0.076000,0
0.243295,-19.017000,-19.011999,7.643000,26.620001,15.157000,59.136002,175.026993,0.000000,0.000000,0.000000,0.000000,0.000000,0.000000,0.000000,-449.000000,-1472.000000,28.000000,-2270.000000,46.000000,-449.000000,-26.000000,22.000000,22.000000,22.000000,22.000000,22.000000,22.000000,22.000000,37.000000,37.000000,37.000000,38.000000,39.000000,40.000000,43.000000,1,1,1,1,1,1,1,0,0,0,0,0,0,0,74,5376.550781,836,0,1,0.787867,0.040114,-0.323627,-3.116000,-0.400000,0.076000,0
0.253279,-19.017000,-19.011999,7.643000,26.620001,15.157000,59.136002,175.026993,0.000000,0.000000,0.000000,0.000000,0.000000,0.000000,0.000000,-456.000000,-1472.000000,0.000000,-2276.000000,49.000000,-452.000000,-32.000000,22.000000,22.000000,22.000000,22.000000,22.000000,22.000000,22.000000,37.000000,37.000000,37.000000,38.000000,39.000000,40.000000,43.000000,1,1,1,1,1,1,1,0,0,0,0,0,0,0,74,5376.550781,836,0,1,0.787867,0.040114,-0.323627,-3.116000,-0.400000,0.076000,0
0.263233,-19.017000,-19.011999,7.643000,26.620001,15.157000,59.136002,175.026993,0.000000,0.000000,0.000000,0.000000,0.000000,0.000000,0.000000,-454.000000,-1469.000000,30.000000,-2272.000000,46.000000,-462.000000,-27.000000,22.000000,22.000000,22.000000,22.000000,22.000000,22.000000,22.000000,37.000000,37.000000,37.000000,38.000000,39.000000,40.000000,43.000000,1,1,1,1,1,1,1,0,0,0,0,0,0,0,74,5376.550781,836,0,1,0.787867,0.040114,-0.323627,-3.116000,-0.400000,0.076000,0
0.273286,-19.017000,-19.011999,7.643000,26.620001,15.157000,59.136002,175.026993,0.000000,0.000000,0.000000,0.000000,0.000000,0.000000,0.120000,-450.000000,-1487.000000,27.000000,-2279.000000,49.000000,-462.000000,-18.000000,22.000000,22.000000,22.000000,22.000000,22.000000,22.000000,22.000000,37.000000,37.000000,37.000000,38.000000,39.000000,40.000000,43.000000,1,1,1,1,1,1,1,0,0,0,0,0,0,0,74,5376.550781,835,0,1,0.787867,0.040114,-0.323627,-3.116000,-0.400000,0.076000,0
0.283275,-19.017000,-19.011999,7.643000,26.620001,15.157000,59.136002,175.026993,0.000000,0.000000,0.000000,0.000000,0.000000,0.000000,0.000000,-453.000000,-1475.000000,32.000000,-2293.000000,46.000000,-457.000000,-12.000000,22.000000,22.000000,22.000000,22.000000,22.000000,22.000000,22.000000,37.000000,37.000000,37.000000,38.000000,39.000000,40.000000,43.000000,1,1,1,1,1,1,1,0,0,0,0,0,0,0,74,5376.549805,836,0,1,0.787867,0.040114,-0.323627,-3.116000,-0.400000,0.076000,0
0.293324,-19.017000,-19.011999,7.643000,26.620001,15.157000,59.136002,175.026993,0.000000,0.000000,0.000000,0.000000,0.000000,0.000000,0.000000,-454.000000,-1478.000000,27.000000,-2259.000000,46.000000,-464.000000,-27.000000,22.000000,22.000000,22.000000,22.000000,22.000000,22.000000,22.000000,37.000000,37.000000,37.000000,38.000000,39.000000,40.000000,43.000000,1,1,1,1,1,1,1,0,0,0,0,0,0,0,74,5376.549805,837,0,1,0.787867,0.040114,-0.323627,-3.116000,-0.400000,0.076000,0
0.303261,-19.017000,-19.011999,7.643000,26.620001,15.157000,59.136002,175.026993,0.000000,0.000000,0.000000,0.000000,0.000000,0.000000,0.000000,-443.000000,-1471.000000,26.000000,-2267.000000,47.000000,-460.000000,-9.000000,22.000000,22.000000,22.000000,22.000000,22.000000,22.000000,22.000000,37.000000,37.000000,37.000000,38.000000,39.000000,40.000000,43.000000,1,1,1,1,1,1,1,0,0,0,0,0,0,0,74,5376.550781,836,0,1,0.787867,0.040114,-0.323627,-3.116000,-0.400000,0.076000,0
0.313331,-19.017000,-19.011999,7.643000,26.620001,15.157000,59.136002,175.026993,0.000000,0.000000,0.000000,0.000000,0.000000,0.000000,0.240000,-461.000000,-1477.000000,15.000000,-2269.000000,46.000000,-459.000000,-19.000000,22.000000,22.000000,22.000000,22.000000,22.000000,22.000000,22.000000,37.000000,37.000000,37.000000,38.000000,39.000000,40.000000,43.000000,1,1,1,1,1,1,1,0,0,0,0,0,0,0,74,5376.550781,837,0,1,0.787867,0.040114,-0.323627,-3.116000,-0.400000,0.076000,0
0.323386,-19.017000,-19.011999,7.643000,26.620001,15.157000,59.136002,175.026993,0.000000,0.000000,0.000000,0.000000,0.000000,0.000000,0.000000,-456.000000,-1474.000000,34.000000,-2276.000000,42.000000,-457.000000,-16.000000,22.000000,22.000000,22.000000,22.000000,22.000000,22.000000,22.000000,37.000000,37.000000,37.000000,38.000000,39.000000,40.000000,43.000000,1,1,1,1,1,1,1,0,0,0,0,0,0,0,74,5376.549805,837,0,1,0.787867,0.040114,-0.323627,-3.116000,-0.400000,0.076000,0
0.333285,-19.017000,-19.011999,7.643000,26.620001,15.157000,59.136002,175.026993,0.000000,0.000000,0.000000,0.000000,0.000000,0.000000,0.000000,-454.000000,-1472.000000,26.000000,-2272.000000,45.000000,-466.000000,-30.000000,22.000000,22.000000,22.000000,22.000000,22.000000,22.000000,22.000000,37.000000,37.000000,37.000000,38.000000,39.000000,40.000000,43.000000,1,1,1,1,1,1,1,0,0,0,0,0,0,0,74,5376.549805,836,0,1,0.787867,0.040114,-0.323627,-3.116000,-0.400000,0.076000,0
0.343294,-19.017000,-19.011999,7.643000,26.620001,15.157000,59.136002,175.026993,0.000000,0.000000,0.000000,0.000000,0.000000,0.000000,0.000000,-454.000000,-1472.000000,13.000000,-2257.000000,46.000000,-453.000000,-26.000000,22.000000,22.000000,22.000000,22.000000,22.000000,22.000000,22.000000,37.000000,37.000000,37.000000,38.000000,39.000000,40.000000,43.000000,1,1,1,1,1,1,1,0,0,0,0,0,0,0,74,5376.549805,837,0,1,0.787867,0.040114,-0.323627,-3.116000,-0.400000,0.076000,0
0.353262,-19.017000,-19.011999,7.643000,26.620001,15.157000,59.136002,175.026993,0.000000,0.000000,0.000000,0.000000,0.000000,0.000000,0.000000,-462.000000,-1473.000000,39.000000,-2282.000000,44.000000,-451.000000,-31.000000,22.000000,22.000000,22.000000,22.000000,22.000000,22.000000,22.000000,37.000000,37.000000,37.000000,38.000000,39.000000,40.000000,43.000000,1,1,1,1,1,1,1,0,0,0,0,0,0,0,74,5376.550781,835,0,1,0.787867,0.040114,-0.323627,-3.116000,-0.400000,0.076000,0
0.363175,-19.017000,-19.011999,7.643000,26.620001,15.157000,59.136002,175.026993,0.000000,0.000000,0.000000,0.000000,0.000000,0.000000,0.000000,-451.000000,-1469.000000,38.000000,-2271.000000,47.000000,-460.000000,-23.000000,22.000000,22.000000,22.000000,22.000000,22.000000,22.000000,22.000000,37.000000,37.000000,37.000000,38.000000,39.000000,40.000000,43.000000,1,1,1,1,1,1,1,0,0,0,0,0,0,0,74,5376.549805,837,0,1,0.787867,0.040114,-0.323627,-3.116000,-0.400000,0.076000,0
0.373306,-19.017000,-19.011999,7.643000,26.620001,15.157000,59.136002,175.026993,0.000000,0.000000,0.000000,0.000000,0.000000,0.000000,0.000000,-462.000000,-1472.000000,58.000000,-2289.000000,47.000000,-462.000000,-31.000000,22.000000,22.000000,22.000000,22.000000,22.000000,22.000000,22.000000,37.000000,37.000000,37.000000,38.000000,39.000000,40.000000,43.000000,1,1,1,1,1,1,1,0,0,0,0,0,0,0,74,5376.550781,837,0,1,0.787867,0.040114,-0.323627,-3.116000,-0.400000,0.076000,0
0.383338,-19.017000,-19.011999,7.643000,26.620001,15.157000,59.136002,175.026993,0.000000,0.000000,0.000000,0.000000,0.000000,0.000000,0.000000,-451.000000,-1476.000000,29.000000,-2273.000000,52.000000,-459.000000,-13.000000,22.000000,22.000000,22.000000,22.000000,22.000000,22.000000,22.000000,37.000000,37.000000,37.000000,38.000000,39.000000,40.000000,43.000000,1,1,1,1,1,1,1,0,0,0,0,0,0,0,74,5376.549805,836,0,1,0.787867,0.040114,-0.323627,-3.116000,-0.400000,0.076000,0
0.393232,-19.017000,-19.011999,7.643000,26.620001,15.157000,59.136002,175.026993,0.000000,0.000000,0.000000,0.000000,0.000000,0.000000,0.000000,-452.000000,-1475.000000,22.000000,-2276.000000,51.000000,-469.000000,-25.000000,22.000000,22.000000,22.000000,22.000000,22.000000,22.000000,22.000000,37.000000,37.000000,37.000000,38.000000,39.000000,40.000000,43.000000,1,1,1,1,1,1,1,0,0,0,0,0,0,0,74,5376.549805,837,0,1,0.787867,0.040114,-0.323627,-3.116000,-0.400000,0.076000,0
0.403359,-19.017000,-19.011999,7.643000,26.620001,15.157000,59.136002,175.026993,0.000000,0.000000,0.000000,0.000000,0.000000,0.000000,0.000000,-452.000000,-1466.000000,9.000000,-2282.000000,49.000000,-462.000000,-30.000000,22.000000,22.000000,22.000000,22.000000,22.000000,22.000000,22.000000,37.000000,37.000000,37.000000,38.000000,39.000000,40.000000,43.000000,1,1,1,1,1,1,1,0,0,0,0,0,0,0,74,5376.550781,836,0,1,0.787867,0.040114,-0.323627,-3.116000,-0.400000,0.076000,0
0.413236,-19.017000,-19.011999,7.643000,26.620001,15.157000,59.136002,175.026993,0.000000,0.000000,0.000000,0.000000,0.000000,0.000000,0.000000,-463.000000,-1481.000000,26.000000,-2293.000000,49.000000,-476.000000,-24.000000,22.000000,22.000000,22.000000,22.000000,22.000000,22.000000,22.000000,37.000000,37.000000,37.000000,38.000000,39.000000,40.000000,43.000000,1,1,1,1,1,1,1,0,0,0,0,0,0,0,74,5376.549805,837,0,1,0.787867,0.040114,-0.323627,-3.116000,-0.400000,0.076000,0
0.423221,-19.017000,-19.011999,7.643000,26.620001,15.157000,59.136002,175.026993,0.000000,0.120000,0.000000,0.000000,0.000000,0.000000,0.120000,-451.000000,-1473.000000,48.000000,-2259.000000,50.000000,-457.000000,-28.000000,22.000000,22.000000,22.000000,22.000000,22.000000,22.000000,22.000000,37.000000,37.000000,37.000000,38.000000,39.000000,40.000000,43.000000,1,1,1,1,1,1,1,0,0,0,0,0,0,0,74,5376.550781,836,0,1,0.787867,0.040114,-0.323627,-3.116000,-0.400000,0.076000,0
0.433268,-19.017000,-19.011999,7.643000,26.620001,15.157000,59.136002,175.026993,0.000000,0.000000,0.000000,0.000000,0.000000,0.000000,0.000000,-457.000000,-1484.000000,36.000000,-2287.000000,46.000000,-469.000000,-30.000000,22.000000,22.000000,22.000000,22.000000,22.000000,22.000000,22.000000,37.000000,37.000000,37.000000,38.000000,39.000000,40.000000,43.000000,1,1,1,1,1,1,1,0,0,0,0,0,0,0,74,5376.550781,836,0,1,0.787867,0.040114,-0.323627,-3.116000,-0.400000,0.076000,0
0.443230,-18.936001,-19.033001,7.627000,26.679001,15.094000,59.101002,175.024002,0.000000,0.000000,0.000000,0.000000,0.000000,0.000000,0.000000,-456.000000,-1480.000000,40.000000,-2289.000000,50.000000,-466.000000,-16.000000,22.000000,22.000000,22.000000,22.000000,22.000000,22.000000,22.000000,37.000000,37.000000,37.000000,38.000000,39.000000,40.000000,43.000000,1,1,1,1,1,1,1,0,0,0,0,0,0,0,74,5376.549805,836,0,1,0.787818,0.040029,-0.323627,-3.116000,-0.400000,0.076000,1
0.453264,-18.896000,-19.049999,7.602000,26.723000,15.084000,59.077999,175.011993,0.000000,0.000000,0.000000,0.000000,0.000000,0.000000,0.000000,-456.000000,-1480.000000,40.000000,-2289.000000,50.000000,-466.000000,-16.000000,22.000000,22.000000,22.000000,22.000000,22.000000,22.000000,22.000000,37.000000,37.000000,37.000000,38.000000,39.000000,40.000000,43.000000,1,1,1,1,1,1,1,0,0,0,0,0,0,0,74,5376.550781,838,0,1,0.787781,0.039965,-0.323627,-3.117000,-0.400000,0.076000,1
0.463252,-18.777000,-19.107000,7.515000,26.865999,15.070000,59.001999,174.968994,0.000000,0.000000,0.000000,0.000000,0.000000,0.000000,0.000000,-456.000000,-1480.000000,40.000000,-2289.000000,50.000000,-466.000000,-16.000000,22.000000,22.000000,22.000000,22.000000,22.000000,22.000000,22.000000,37.000000,37.000000,37.000000,38.000000,39.000000,40.000000,43.000000,1,1,1,1,1,1,1,0,0,0,0,0,0,0,74,5376.550781,837,0,1,0.787660,0.039755,-0.323627,-3.117000,-0.400000,0.076000,1
0.473289,-18.629999,-19.180000,7.396000,27.052999,15.065000,58.904999,174.908005,0.000000,0.000000,0.000000,0.000000,0.000000,0.000000,0.000000,-456.000000,-1480.000000,40.000000,-2289.000000,50.000000,-466.000000,-16.000000,22.000000,22.000000,22.000000,22.000000,22.000000,22.000000,22.000000,37.000000,37.000000,37.000000,38.000000,39.000000,40.000000,43.000000,1,1,1,1,1,1,1,0,0,0,0,0,0,0,74,5376.549805,837,0,1,0.787501,0.039480,-0.323628,-3.116000,-0.400000,0.076000,1
0.483232,-18.431000,-19.283001,7.229000,27.312000,15.068000,58.770000,174.820999,0.000000,0.000000,0.000000,0.000000,0.000000,0.000000,0.000000,-456.000000,-1480.000000,40.000000,-2289.000000,50.000000,-466.000000,-16.000000,22.000000,22.000000,22.000000,22.000000,22.000000,22.000000,22.000000,37.000000,37.000000,37.000000,38.000000,39.000000,40.000000,43.000000,1,1,1,1,1,1,1,0,0,0,0,0,0,0,74,5376.549805,836,0,1,0.787279,0.039096,-0.323627,-3.116000,-0.400000,0.076000,1
0.493316,-18.121000,-19.445999,6.959000,27.724001,15.084000,58.556999,174.679001,0.000000,0.000000,0.000000,0.000000,0.000000,0.000000,0.000000,-456.000000,-1480.000000,40.000000,-2289.000000,50.000000,-466.000000,-16.000000,22.000000,22.000000,22.000000,22.000000,22.000000,22.000000,22.000000,37.000000,37.000000,37.000000,38.000000,39.000000,40.000000,43.000000,1,1,1,1,1,1,1,0,0,0,0,0,0,0,74,5376.549805,836,0,1,0.786921,0.038476,-0.323627,-3.116000,-0.400000,0.076000,1
0.503342,-17.801001,-19.617001,6.675000,28.156000,15.108000,58.334000,174.526001,0.000000,0.000000,0.000000,0.000000,0.000000,0.000000,0.000000,-456.000000,-1480.000000,40.000000,-2289.000000,50.000000,-466.000000,-16.000000,22.000000,22.000000,22.000000,22.000000,22.000000,22.000000,22.000000,37.000000,37.000000,37.000000,38.000000,39.000000,40.000000,43.000000,1,1,1,1,1,1,1,0,0,0,0,0,0,0,74,5376.549805,836,0,1,0.786540,0.037815,-0.323628,-3.116000,-0.400000,0.076000,1
0.513321,-17.426001,-19.820000,6.338000,28.667999,15.142000,58.070999,174.341003,0.000000,0.000000,0.000000,0.000000,0.000000,0.000000,0.000000,-456.000000,-1480.000000,40.000000,-2289.000000,50.000000,-466.000000,-16.000000,22.000000,22.000000,22.000000,22.000000,22.000000,22.000000,22.000000,37.000000,37.000000,37.000000,38.000000,39.000000,40.000000,43.000000,1,1,1,1,1,1,1,0,0,0,0,0,0,0,74,5376.550781,836,0,1,0.786079,0.037018,-0.323627,-3.116000,-0.400000,0.076000,1
0.523296,-16.997999,-20.054001,5.950000,29.254999,15.187000,57.769001,174.125000,0.000000,0.000000,0.000000,0.000000,0.000000,0.000000,0.000000,-456.000000,-1480.000000,40.000000,-2289.000000,50.000000,-466.000000,-16.000000,22.000000,22.000000,22.000000,22.000000,22.000000,22.000000,22.000000,37.000000,37.000000,37.000000,38.000000,39.000000,40.000000,43.000000,1,1,1,1,1,1,1,0,0,0,0,0,0,0,74,5376.549805,836,0,1,0.785539,0.036082,-0.323627,-3.116000,-0.400000,0.076000,1
0.533273,-16.421000,-20.372000,5.423000,30.051001,15.253000,57.361000,173.824005,0.000000,0.000000,0.000000,0.000000,0.000000,0.000000,0.000000,-456.000000,-1480.000000,40.000000,-2289.000000,50.000000,-466.000000,-16.000000,22.000000,22.000000,22.000000,22.000000,22.000000,22.000000,22.000000,37.000000,37.000000,37.000000,38.000000,39.000000,40.000000,43.000000,1,1,1,1,1,1,1,0,0,0,0,0,0,0,74,5376.550781,837,0,1,0.784787,0.034780,-0.323627,-3.116000,-0.400000,0.076000,1
0.543323,-16.216000,-20.485001,5.234000,30.336000,15.279000,57.215000,173.714005,0.000000,0.000000,0.000000,0.000000,0.000000,0.000000,0.000000,-456.000000,-1480.000000,40.000000,-2289.000000,50.000000,-466.000000,-16.000000,22.000000,22.000000,22.000000,22.000000,22.000000,22.000000,22.000000,37.000000,37.000000,37.000000,38.000000,39.000000,40.000000,43.000000,1,1,1,1,1,1,1,0,0,0,0,0,0,0,74,5376.549805,837,0,1,0.784512,0.034303,-0.323628,-3.116000,-0.400000,0.076000,1
0.553267,-15.564000,-20.848000,4.634000,31.242001,15.363000,56.751999,173.358002,0.000000,0.000000,0.000000,0.000000,0.000000,0.000000,0.000000,-456.000000,-1480.000000,40.000000,-2289.000000,50.000000,-466.000000,-16.000000,22.000000,22.000000,22.000000,22.000000,22.000000,22.000000,22.000000,37.000000,37.000000,37.000000,38.000000,39.000000,40.000000,43.000000,1,1,1,1,1,1,1,0,0,0,0,0,0,0,74,5376.549805,837,0,1,0.783618,0.032755,-0.323628,-3.116000,-0.400000,0.076000,1
0.563248,-14.989000,-21.170000,4.101000,32.044998,15.443000,56.342999,173.035004,0.000000,0.000000,0.000000,0.000000,0.000000,0.000000,0.000000,-456.000000,-1480.000000,40.000000,-2289.000000,50.000000,-466.000000,-16.000000,22.000000,22.000000,22.000000,22.000000,22.000000,22.000000,22.000000,37.000000,37.000000,37.000000,38.000000,39.000000,40.000000,43.000000,1,1,1,1,1,1,1,0,0,0,0,0,0,0,74,5376.550781,836,0,1,0.782801,0.031340,-0.323628,-3.116000,-0.399000,0.076000,1
0.573331,-14.392000,-21.504999,3.548000,32.879002,15.529000,55.918999,172.690002,0.000000,0.000000,0.000000,0.000000,0.000000,0.000000,0.000000,-456.000000,-1480.000000,40.000000,-2289.000000,50.000000,-466.000000,-16.000000,22.000000,22.000000,22.000000,22.000000,22.000000,22.000000,22.000000,37.000000,37.000000,37.000000,38.000000,39.000000,40.000000,43.000000,1,1,1,1,1,1,1,0,0,0,0,0,0,0,74,5376.550781,838,0,1,0.781927,0.029825,-0.323628,-3.116000,-0.400000,0.076000,1
0.583272,-13.781000,-21.848000,2.980000,33.733002,15.620000,55.486000,172.328003,0.000000,0.000000,0.000000,0.000000,0.000000,0.000000,0.000000,-456.000000,-1480.000000,40.000000,-2289.000000,50.000000,-466.000000,-16.000000,22.000000,22.000000,22.000000,22.000000,22.000000,22.000000,22.000000,37.000000,37.000000,37.000000,38.000000,39.000000,40.000000,43.000000,1,1,1,1,1,1,1,0,0,0,0,0,0,0,74,5376.550781,837,0,1,0.781004,0.028227,-0.323628,-3.116000,-0.399000,0.076000,1
0.593258,-13.041000,-22.266001,2.292000,34.764999,15.733000,54.963001,171.876999,0.000000,0.000000,0.000000,0.000000,0.000000,0.000000,0.000000,-456.000000,-1480.000000,40.000000,-2289.000000,50.000000,-466.000000,-16.000000,22.000000,22.000000,22.000000,22.000000,22.000000,22.000000,22.000000,37.000000,37.000000,37.000000,38.000000,39.000000,40.000000,43.000000,1,1,1,1,1,1,1,0,0,0,0,0,0,0,74,5376.550781,836,0,1,0.779850,0.026228,-0.323628,-3.116000,-0.399000,0.076000,1
0.603396,-12.426000,-22.613001,1.720000,35.620998,15.829000,54.532001,171.494003,0.000000,0.000000,0.000000,0.000000,0.000000,0.000000,0.000000,-456.000000,-1480.000000,40.000000,-2289.000000,50.000000,-466.000000,-16.000000,22.000000,22.000000,22.000000,22.000000,22.000000,22.000000,22.000000,37.000000,37.000000,37.000000,38.000000,39.000000,40.000000,43.000000,1,1,1,1,1,1,1,0,0,0,0,0,0,0,74,5376.549805,836,0,1,0.778862,0.024516,-0.323628,-3.116000,-0.399000,0.076000,1
0.613276,-11.821000,-22.954000,1.157000,36.459999,15.925000,54.109001,171.108994,0.000000,0.000000,0.000000,0.000000,0.000000,0.000000,0.000000,-456.000000,-1480.000000,40.000000,-2289.000000,50.000000,-466.000000,-16.000000,22.000000,22.000000,22.000000,22.000000,22.000000,22.000000,22.000000,37.000000,37.000000,37.000000,38.000000,39.000000,40.000000,43.000000,1,1,1,1,1,1,1,0,0,0,0,0,0,0,74,5376.550781,836,0,1,0.777864,0.022788,-0.323628,-3.116000,-0.399000,0.076000,1
0.623295,-11.229000,-23.288000,0.607000,37.277000,16.018999,53.699001,170.725006,0.000000,0.000000,0.000000,0.000000,0.000000,0.000000,0.000000,-456.000000,-1480.000000,40.000000,-2289.000000,50.000000,-466.000000,-16.000000,22.000000,22.000000,22.000000,22.000000,22.000000,22.000000,22.000000,37.000000,37.000000,37.000000,38.000000,39.000000,40.000000,43.000000,1,1,1,1,1,1,1,0,0,0,0,0,0,0,74,5376.550781,835,0,1,0.776864,0.021057,-0.323628,-3.116000,-0.399000,0.076000,1
0.633288,-10.649000,-23.614000,0.069000,38.071999,16.111000,53.300999,170.343002,0.000000,0.000000,0.000000,0.000000,0.000000,0.000000,0.000000,-456.000000,-1480.000000,40.000000,-2289.000000,50.000000,-466.000000,-16.000000,22.000000,22.000000,22.000000,22.000000,22.000000,22.000000,22.000000,37.000000,37.000000,37.000000,38.000000,39.000000,40.000000,43.000000,1,1,1,1,1,1,1,0,0,0,0,0,0,0,74,5376.550781,836,0,1,0.775865,0.019326,-0.323628,-3.116000,-0.399000,0.076000,1
0.643302,-9.969000,-23.996000,-0.560000,38.999001,16.219000,52.838001,169.886993,0.000000,0.000000,0.000000,0.000000,0.000000,0.000000,0.000000,-456.000000,-1480.000000,40.000000,-2289.000000,50.000000,-466.000000,-16.000000,22.000000,22.000000,22.000000,22.000000,22.000000,22.000000,22.000000,37.000000,37.000000,37.000000,38.000000,39.000000,40.000000,43.000000,1,1,1,1,1,1,1,0,0,0,0,0,0,0,74,5376.549805,836,0,1,0.774666,0.017249,-0.323628,-3.116000,-0.399000,0.076000,1
0.653302,-9.414000,-24.306999,-1.074000,39.750000,16.308001,52.464001,169.509003,0.000000,0.000000,0.000000,0.000000,0.000000,0.000000,0.000000,-456.000000,-1480.000000,40.000000,-2289.000000,50.000000,-466.000000,-16.000000,22.000000,22.000000,22.000000,22.000000,22.000000,22.000000,22.000000,37.000000,37.000000,37.000000,38.000000,39.000000,40.000000,43.000000,1,1,1,1,1,1,1,0,0,0,0,0,0,0,74,5376.550781,838,0,1,0.773667,0.015518,-0.323628,-3.116000,-0.399000,0.076000,1
0.663250,-9.086000,-24.490999,-1.378000,40.192001,16.360001,52.243999,169.283005,0.000000,0.000000,0.000000,0.000000,0.000000,0.000000,0.000000,-456.000000,-1480.000000,40.000000,-2289.000000,50.000000,-466.000000,-16.000000,22.000000,22.000000,22.000000,22.000000,22.000000,22.000000,22.000000,37.000000,37.000000,37.000000,38.000000,39.000000,40.000000,43.000000,1,1,1,1,1,1,1,0,0,0,0,0,0,0,74,5376.550781,838,0,1,0.773067,0.014480,-0.323628,-3.116000,-0.399000,0.076000,1
0.673281,-8.869000,-24.612000,-1.579000,40.483002,16.393999,52.098999,169.132996,0.000000,0.000000,0.000000,0.000000,0.000000,0.000000,0.000000,-456.000000,-1480.000000,40.000000,-2289.000000,50.000000,-466.000000,-16.000000,22.000000,22.000000,22.000000,22.000000,22.000000,22.000000,22.000000,37.000000,37.000000,37.000000,38.000000,39.000000,40.000000,43.000000,1,1,1,1,1,1,1,0,0,0,0,0,0,0,74,5376.549805,836,0,1,0.772667,0.013788,-0.323628,-3.116000,-0.399000,0.076000,1
0.683324,-8.332000,-24.910999,-2.074000,41.199001,16.479000,51.744999,168.757996,0.000000,0.000000,0.000000,0.000000,0.000000,0.000000,0.000000,-456.000000,-1480.000000,40.000000,-2289.000000,50.000000,-466.000000,-16.000000,22.000000,22.000000,22.000000,22.000000,22.000000,22.000000,22.000000,37.000000,37.000000,37.000000,38.000000,39.000000,40.000000,43.000000,1,1,1,1,1,1,1,0,0,0,0,0,0,0,74,5376.549805,837,0,1,0.771668,0.012057,-0.323628,-3.116000,-0.399000,0.076000,1
0.693347,-7.699000,-25.263000,-2.659000,42.035999,16.577000,51.331001,168.309998,0.000000,0.000000,0.000000,0.000000,0.000000,0.000000,0.000000,-456.000000,-1480.000000,40.000000,-2289.000000,50.000000,-466.000000,-16.000000,22.000000,22.000000,22.000000,22.000000,22.000000,22.000000,22.000000,37.000000,37.000000,37.000000,38.000000,39.000000,40.000000,43.000000,1,1,1,1,1,1,1,0,0,0,0,0,0,0,74,5376.550781,838,0,1,0.770469,0.009980,-0.323628,-3.116000,-0.399000,0.076000,1
0.703373,-7.179000,-25.551001,-3.138000,42.716000,16.658001,50.994999,167.938004,0.000000,0.000000,0.000000,0.000000,0.000000,0.000000,0.000000,-456.000000,-1480.000000,40.000000,-2289.000000,50.000000,-466.000000,-16.000000,22.000000,22.000000,22.000000,22.000000,22.000000,22.000000,22.000000,37.000000,37.000000,37.000000,38.000000,39.000000,40.000000,43.000000,1,1,1,1,1,1,1,0,0,0,0,0,0,0,74,5376.550781,836,0,1,0.769470,0.008249,-0.323628,-3.116000,-0.399000,0.076000,1
0.713276,-6.666000,-25.834000,-3.610000,43.382000,16.736000,50.667999,167.567993,0.000000,0.000000,0.000000,0.000000,0.000000,0.000000,0.000000,-456.000000,-1480.000000,40.000000,-2289.000000,50.000000,-466.000000,-16.000000,22.000000,22.000000,22.000000,22.000000,22.000000,22.000000,22.000000,37.000000,37.000000,37.000000,38.000000,39.000000,40.000000,43.000000,1,1,1,1,1,1,1,0,0,0,0,0,0,0,74,5376.549805,837,0,1,0.768471,0.006518,-0.323628,-3.116000,-0.399000,0.076000,1
0.723299,-6.160000,-26.113001,-4.075000,44.033001,16.812000,50.348000,167.197998,0.000000,0.000000,0.000000,0.000000,0.000000,0.000000,0.000000,-456.000000,-1480.000000,40.000000,-2289.000000,50.000000,-466.000000,-16.000000,22.000000,22.000000,22.000000,22.000000,22.000000,22.000000,22.000000,37.000000,37.000000,37.000000,38.000000,39.000000,40.000000,43.000000,1,1,1,1,1,1,1,0,0,0,0,0,0,0,74,5376.549805,836,0,1,0.767471,0.004788,-0.323628,-3.116000,-0.399000,0.076000,1
0.733307,-5.659000,-26.386999,-4.534000,44.671001,16.886999,50.035999,166.830994,0.000000,0.000000,0.000000,0.000000,0.000000,0.000000,0.000000,-456.000000,-1480.000000,40.000000,-2289.000000,50.000000,-466.000000,-16.000000,22.000000,22.000000,22.000000,22.000000,22.000000,22.000000,22.000000,37.000000,37.000000,37.000000,38.000000,39.000000,40.000000,43.000000,1,1,1,1,1,1,1,0,0,0,0,0,0,0,74,5376.550781,836,0,1,0.766472,0.003057,-0.323628,-3.116000,-0.399000,0.076000,1
0.743284,-5.362000,-26.549999,-4.807000,45.047001,16.930000,49.853001,166.610001,0.000000,0.000000,0.000000,0.000000,0.000000,0.000000,0.000000,-456.000000,-1480.000000,40.000000,-2289.000000,50.000000,-466.000000,-16.000000,22.000000,22.000000,22.000000,22.000000,22.000000,22.000000,22.000000,37.000000,37.000000,37.000000,38.000000,39.000000,40.000000,43.000000,1,1,1,1,1,1,1,0,0,0,0,0,0,0,74,5376.547852,836,0,1,0.765872,0.002018,-0.323628,-3.116000,-0.399000,0.076000,1
0.753254,-4.870000,-26.819000,-5.258000,45.664001,17.002001,49.551998,166.244995,0.000000,0.000000,0.000000,0.000000,0.000000,0.000000,0.000000,-456.000000,-1480.000000,40.000000,-2289.000000,50.000000,-466.000000,-16.000000,22.000000,22.000000,22.000000,22.000000,22.000000,22.000000,22.000000,37.000000,37.000000,37.000000,38.000000,39.000000,40.000000,43.000000,1,1,1,1,1,1,1,0,0,0,0,0,0,0,74,5376.550781,837,0,1,0.764873,0.000288,-0.323628,-3.116000,-0.399000,0.076000,1
0.763257,-4.387000,-27.082001,-5.701000,46.265999,17.070999,49.259998,165.882004,0.000000,0.000000,0.000000,0.000000,0.000000,0.000000,0.000000,-456.000000,-1480.000000,40.000000,-2289.000000,50.000000,-466.000000,-16.000000,22.000000,22.000000,22.000000,22.000000,22.000000,22.000000,22.000000,37.000000,37.000000,37.000000,38.000000,39.000000,40.000000,43.000000,1,1,1,1,1,1,1,0,0,0,0,0,0,0,74,5376.550781,837,0,1,0.763880,-0.001432,-0.323628,-3.116000,-0.399000,0.076000,1
0.773258,-3.824000,-27.388000,-6.215000,46.957001,17.149000,48.924999,165.457993,0.000000,0.000000,0.000000,0.000000,0.000000,0.000000,0.000000,-456.000000,-1480.000000,40.000000,-2289.000000,50.000000,-466.000000,-16.000000,22.000000,22.000000,22.000000,22.000000,22.000000,22.000000,22.000000,37.000000,37.000000,37.000000,38.000000,39.000000,40.000000,43.000000,1,1,1,1,1,1,1,0,0,0,0,0,0,0,74,5376.550781,837,0,1,0.762712,-0.003455,-0.323628,-3.116000,-0.399000,0.076000,1
0.783313,-3.375000,-27.629999,-6.624000,47.501999,17.209999,48.661999,165.117996,0.000000,0.000000,0.000000,0.000000,0.000000,0.000000,0.000000,-456.000000,-1480.000000,40.000000,-2289.000000,50.000000,-466.000000,-16.000000,22.000000,22.000000,22.000000,22.000000,22.000000,22.000000,22.000000,37.000000,37.000000,37.000000,38.000000,39.000000,40.000000,43.000000,1,1,1,1,1,1,1,0,0,0,0,0,0,0,74,5376.549805,837,0,1,0.761773,-0.005080,-0.323628,-3.116000,-0.399000,0.076000,1
0.793222,-2.951000,-27.858999,-7.011000,48.012001,17.264999,48.416000,164.794998,0.000000,0.000000,0.000000,0.000000,0.000000,0.000000,0.000000,-456.000000,-1480.000000,40.000000,-2289.000000,50.000000,-466.000000,-16.000000,22.000000,22.000000,22.000000,22.000000,22.000000,22.000000,22.000000,37.000000,37.000000,37.000000,38.000000,39.000000,40.000000,43.000000,1,1,1,1,1,1,1,0,0,0,0,0,0,0,74,5376.550781,837,0,1,0.760878,-0.006630,-0.323628,-3.116000,-0.399000,0.076000,1
0.803382,-2.555000,-28.072001,-7.371000,48.484001,17.316000,48.188999,164.492996,0.000000,0.000000,0.000000,0.000000,0.000000,0.000000,0.000000,-456.000000,-1480.000000,40.000000,-2289.000000,50.000000,-466.000000,-16.000000,22.000000,22.000000,22.000000,22.000000,22.000000,22.000000,22.000000,37.000000,37.000000,37.000000,38.000000,39.000000,40.000000,43.000000,1,1,1,1,1,1,1,0,0,0,0,0,0,0,74,5376.550781,835,0,1,0.760037,-0.008088,-0.323628,-3.116000,-0.399000,0.076000,1
0.813279,-2.120000,-28.305000,-7.764000,48.995998,17.368999,47.943001,164.160995,0.000000,0.000000,0.000000,0.000000,0.000000,0.000000,0.000000,-456.000000,-1480.000000,40.000000,-2289.000000,50.000000,-466.000000,-16.000000,22.000000,22.000000,22.000000,22.000000,22.000000,22.000000,22.000000,37.000000,37.000000,37.000000,38.000000,39.000000,40.000000,43.000000,1,1,1,1,1,1,1,0,0,0,0,0,0,0,74,5376.549805,837,0,1,0.759110,-0.009694,-0.323628,-3.116000,-0.399000,0.076000,1
0.823261,-1.796000,-28.478001,-8.057000,49.373001,17.406000,47.762001,163.912994,0.000000,0.000000,0.000000,0.000000,0.000000,0.000000,0.000000,-456.000000,-1480.000000,40.000000,-2289.000000,50.000000,-466.000000,-16.000000,22.000000,22.000000,22.000000,22.000000,22.000000,22.000000,22.000000,37.000000,37.000000,37.000000,38.000000,39.000000,40.000000,43.000000,1,1,1,1,1,1,1,0,0,0,0,0,0,0,74,5376.550781,835,0,1,0.758415,-0.010898,-0.323627,-3.116000,-0.400000,0.076000,1
0.833232,-1.676000,-28.542000,-8.165000,49.512001,17.419001,47.695999,163.822006,0.000000,0.000000,0.000000,0.000000,0.000000,0.000000,0.000000,-456.000000,-1480.000000,40.000000,-2289.000000,50.000000,-466.000000,-16.000000,22.000000,22.000000,22.000000,22.000000,22.000000,22.000000,22.000000,37.000000,37.000000,37.000000,38.000000,39.000000,40.000000,43.000000,1,1,1,1,1,1,1,0,0,0,0,0,0,0,74,5376.550781,838,0,1,0.758157,-0.011344,-0.323627,-3.116000,-0.400000,0.076000,1
0.843270,-1.352000,-28.714001,-8.456000,49.884998,17.454000,47.518002,163.574997,0.000000,0.000000,0.000000,0.000000,0.000000,0.000000,0.000000,-456.000000,-1480.000000,40.000000,-2289.000000,50.000000,-466.000000,-16.000000,22.000000,22.000000,22.000000,22.000000,22.000000,22.000000,22.000000,37.000000,37.000000,37.000000,38.000000,39.000000,40.000000,43.000000,1,1,1,1,1,1,1,0,0,0,0,0,0,0,74,5376.550781,836,0,1,0.757460,-0.012553,-0.323628,-3.116000,-0.400000,0.076000,1
0.853288,-1.122000,-28.834999,-8.661000,50.146000,17.476000,47.393002,163.401001,0.000000,0.000000,0.000000,0.000000,0.000000,0.000000,0.000000,-456.000000,-1480.000000,40.000000,-2289.000000,50.000000,-466.000000,-16.000000,22.000000,22.000000,22.000000,22.000000,22.000000,22.000000,22.000000,37.000000,37.000000,37.000000,38.000000,39.000000,40.000000,43.000000,1,1,1,1,1,1,1,0,0,0,0,0,0,0,74,5376.549805,837,0,1,0.756965,-0.013410,-0.323627,-3.117000,-0.400000,0.076000,1
0.863311,-0.929000,-28.937000,-8.833000,50.363998,17.493000,47.289001,163.255997,0.000000,0.000000,0.000000,0.000000,0.000000,0.000000,0.000000,-456.000000,-1480.000000,40.000000,-2289.000000,50.000000,-466.000000,-16.000000,22.000000,22.000000,22.000000,22.000000,22.000000,22.000000,22.000000,37.000000,37.000000,37.000000,38.000000,39.000000,40.000000,43.000000,1,1,1,1,1,1,1,0,0,0,0,0,0,0,74,5376.549805,835,0,1,0.756548,-0.014131,-0.323628,-3.117000,-0.400000,0.076000,1
0.873251,-0.742000,-29.035000,-8.997000,50.571999,17.507000,47.188999,163.117004,0.000000,0.000000,0.000000,0.000000,0.000000,0.000000,0.000000,-456.000000,-1480.000000,40.000000,-2289.000000,50.000000,-466.000000,-16.000000,22.000000,22.000000,22.000000,22.000000,22.000000,22.000000,22.000000,37.000000,37.000000,37.000000,38.000000,39.000000,40.000000,43.000000,1,1,1,1,1,1,1,0,0,0,0,0,0,0,74,5376.549805,836,0,1,0.756149,-0.014823,-0.323627,-3.117000,-0.400000,0.076000,1
0.883298,-0.622000,-29.097000,-9.101000,50.702999,17.514000,47.125999,163.029999,0.000000,0.000000,0.000000,0.000000,0.000000,0.000000,0.000000,-456.000000,-1480.000000,40.000000,-2289.000000,50.000000,-466.000000,-16.000000,22.000000,22.000000,22.000000,22.000000,22.000000,22.000000,22.000000,37.000000,37.000000,37.000000,38.000000,39.000000,40.000000,43.000000,1,1,1,1,1,1,1,0,0,0,0,0,0,0,74,5376.550781,836,0,1,0.755893,-0.015265,-0.323628,-3.117000,-0.400000,0.076000,1
0.893280,-0.531000,-29.143999,-9.179000,50.801998,17.517000,47.077999,162.964996,0.000000,0.000000,0.000000,0.000000,0.000000,0.000000,0.000000,-456.000000,-1480.000000,40.000000,-2289.000000,50.000000,-466.000000,-16.000000,22.000000,22.000000,22.000000,22.000000,22.000000,22.000000,22.000000,37.000000,37.000000,37.000000,38.000000,39.000000,40.000000,43.000000,1,1,1,1,1,1,1,0,0,0,0,0,0,0,74,5376.549805,837,0,1,0.755702,-0.015597,-0.323627,-3.116000,-0.400000,0.076000,1
0.903371,-0.454000,-29.181999,-9.242000,50.882999,17.516001,47.039001,162.914001,0.000000,0.000000,0.000000,0.000000,0.000000,0.000000,0.000000,-456.000000,-1480.000000,40.000000,-2289.000000,50.000000,-466.000000,-16.000000,22.000000,22.000000,22.000000,22.000000,22.000000,22.000000,22.000000,37.000000,37.000000,37.000000,38.000000,39.000000,40.000000,43.000000,1,1,1,1,1,1,1,0,0,0,0,0,0,0,74,5376.550781,837,0,1,0.755545,-0.015870,-0.323627,-3.116000,-0.400000,0.076000,1
0.913305,-0.435000,-29.191000,-9.257000,50.902000,17.514000,47.029999,162.901993,0.000000,0.000000,0.000000,0.000000,0.000000,0.000000,0.000000,-456.000000,-1480.000000,40.000000,-2289.000000,50.000000,-466.000000,-16.000000,22.000000,22.000000,22.000000,22.000000,22.000000,22.000000,22.000000,37.000000,37.000000,37.000000,38.000000,39.000000,40.000000,43.000000,1,1,1,1,1,1,1,0,0,0,0,0,0,0,74,5376.551758,836,0,1,0.755507,-0.015935,-0.323627,-3.117000,-0.400000,0.076000,1
0.923320,-0.383000,-29.215000,-9.294000,50.951000,17.506001,47.005001,162.875000,0.000000,0.000000,0.000000,0.000000,0.000000,0.000000,0.000000,-456.000000,-1480.000000,40.000000,-2289.000000,50.000000,-466.000000,-16.000000,22.000000,22.000000,22.000000,22.000000,22.000000,22.000000,22.000000,37.000000,37.000000,37.000000,38.000000,39.000000,40.000000,43.000000,1,1,1,1,1,1,1,0,0,0,0,0,0,0,74,5376.549805,836,0,1,0.755411,-0.016101,-0.323627,-3.117000,-0.400000,0.076000,1
0.933274,-0.375000,-29.218000,-9.299000,50.958000,17.503000,47.000999,162.871002,0.000000,0.000000,0.000000,0.000000,0.000000,0.000000,0.000000,-456.000000,-1480.000000,40.000000,-2289.000000,50.000000,-466.000000,-16.000000,22.000000,22.000000,22.000000,22.000000,22.000000,22.000000,22.000000,37.000000,37.000000,37.000000,38.000000,39.000000,40.000000,43.000000,1,1,1,1,1,1,1,0,0,0,0,0,0,0,74,5376.551758,836,0,1,0.755397,-0.016125,-0.323628,-3.117000,-0.400000,0.076000,1
0.943281,-0.352000,-29.231001,-9.309000,50.983002,17.490999,46.987999,162.865005,0.000000,0.000000,0.000000,0.000000,0.000000,0.000000,0.000000,-456.000000,-1480.000000,40.000000,-2289.000000,50.000000,-466.000000,-16.000000,22.000000,22.000000,22.000000,22.000000,22.000000,22.000000,22.000000,37.000000,37.000000,37.000000,38.000000,39.000000,40.000000,43.000000,1,1,1,1,1,1,1,0,0,0,0,0,0,0,74,5376.549805,837,0,1,0.755351,-0.016181,-0.323627,-3.117000,-0.400000,0.076000,1
0.953252,-0.347000,-29.239000,-9.308000,50.999001,17.486000,46.979000,162.863998,0.000000,0.000000,0.000000,0.000000,0.000000,0.000000,0.000000,-456.000000,-1480.000000,40.000000,-2289.000000,50.000000,-466.000000,-16.000000,22.000000,22.000000,22.000000,22.000000,22.000000,22.000000,22.000000,37.000000,37.000000,37.000000,38.000000,39.000000,40.000000,43.000000,1,1,1,1,1,1,1,0,0,0,0,0,0,0,74,5376.549805,837,0,1,0.755321,-0.016189,-0.323627,-3.117000,-0.400000,0.076000,1
0.963274,-0.338000,-29.257999,-9.306000,51.039001,17.478001,46.957001,162.858002,0.000000,0.000000,0.000000,0.000000,0.000000,0.000000,0.000000,-456.000000,-1480.000000,40.000000,-2289.000000,50.000000,-466.000000,-16.000000,22.000000,22.000000,22.000000,22.000000,22.000000,22.000000,22.000000,37.000000,37.000000,37.000000,38.000000,39.000000,40.000000,43.000000,1,1,1,1,1,1,1,0,0,0,0,0,0,0,74,5376.550781,837,0,1,0.755250,-0.016208,-0.323627,-3.116000,-0.400000,0.076000,1
0.973338,-0.326000,-29.290001,-9.305000,51.106998,17.471001,46.921001,162.845993,0.000000,0.000000,0.000000,0.000000,0.000000,0.000000,0.000000,-456.000000,-1480.000000,40.000000,-2289.000000,50.000000,-466.000000,-16.000000,22.000000,22.000000,22.000000,22.000000,22.000000,22.000000,22.000000,37.000000,37.000000,37.000000,38.000000,39.000000,40.000000,43.000000,1,1,1,1,1,1,1,0,0,0,0,0,0,0,74,5376.550781,838,0,1,0.755129,-0.016240,-0.323627,-3.117000,-0.400000,0.076000,1
0.983219,-0.310000,-29.341999,-9.304000,51.216000,17.464001,46.863998,162.822998,0.000000,0.000000,0.000000,0.000000,0.000000,0.000000,0.000000,-456.000000,-1480.000000,40.000000,-2289.000000,50.000000,-466.000000,-16.000000,22.000000,22.000000,22.000000,22.000000,22.000000,22.000000,22.000000,37.000000,37.000000,37.000000,38.000000,39.000000,40.000000,43.000000,1,1,1,1,1,1,1,0,0,0,0,0,0,0,74,5376.550781,838,0,1,0.754936,-0.016292,-0.323627,-3.116000,-0.400000,0.076000,1
0.993297,-0.284000,-29.436001,-9.304000,51.416000,17.458000,46.759998,162.779007,0.000000,0.000000,0.000000,0.000000,0.000000,0.000000,0.000000,-456.000000,-1480.000000,40.000000,-2289.000000,50.000000,-466.000000,-16.000000,22.000000,22.000000,22.000000,22.000000,22.000000,22.000000,22.000000,37.000000,37.000000,37.000000,38.000000,39.000000,40.000000,43.000000,1,1,1,1,1,1,1,0,0,0,0,0,0,0,74,5376.550781,836,0,1,0.754578,-0.016388,-0.323627,-3.117000,-0.400000,0.076000,1
1.003285,-0.255000,-29.548000,-9.305000,51.652000,17.454000,46.637001,162.725006,0.000000,0.000000,0.000000,0.000000,0.000000,0.000000,0.000000,-456.000000,-1480.000000,40.000000,-2289.000000,50.000000,-466.000000,-16.000000,22.000000,22.000000,22.000000,22.000000,22.000000,22.000000,22.000000,37.000000,37.000000,37.000000,38.000000,39.000000,40.000000,43.000000,1,1,1,1,1,1,1,0,0,0,0,0,0,0,74,5376.549805,835,0,1,0.754154,-0.016502,-0.323628,-3.116000,-0.400000,0.076000,1
1.013253,-0.218000,-29.693001,-9.306000,51.959999,17.452999,46.478001,162.653000,0.000000,0.000000,0.000000,0.000000,0.000000,0.000000,0.000000,-456.000000,-1480.000000,40.000000,-2289.000000,50.000000,-466.000000,-16.000000,22.000000,22.000000,22.000000,22.000000,22.000000,22.000000,22.000000,37.000000,37.000000,37.000000,38.000000,39.000000,40.000000,43.000000,1,1,1,1,1,1,1,0,0,0,0,0,0,0,74,5376.550781,836,0,1,0.753599,-0.016651,-0.323627,-3.117000,-0.400000,0.076000,1
1.023364,-0.173000,-29.874001,-9.309000,52.345001,17.452999,46.278999,162.563004,0.000000,0.000000,0.000000,0.000000,0.000000,0.000000,0.000000,-456.000000,-1480.000000,40.000000,-2289.000000,50.000000,-466.000000,-16.000000,22.000000,22.000000,22.000000,22.000000,22.000000,22.000000,22.000000,37.000000,37.000000,37.000000,38.000000,39.000000,40.000000,43.000000,1,1,1,1,1,1,1,0,0,0,0,0,0,0,74,5376.550781,837,0,1,0.752901,-0.016837,-0.323627,-3.117000,-0.400000,0.076000,1
1.033257,-0.119000,-30.091999,-9.314000,52.807999,17.454000,46.040001,162.451996,0.000000,0.000000,0.000000,0.000000,0.000000,0.000000,0.000000,-456.000000,-1480.000000,40.000000,-2289.000000,50.000000,-466.000000,-16.000000,22.000000,22.000000,22.000000,22.000000,22.000000,22.000000,22.000000,37.000000,37.000000,37.000000,38.000000,39.000000,40.000000,43.000000,1,1,1,1,1,1,1,0,0,0,0,0,0,0,74,5376.551758,836,0,1,0.752053,-0.017065,-0.323627,-3.116000,-0.400000,0.076000,1
1.043304,-0.055000,-30.348000,-9.321000,53.351002,17.458000,45.758999,162.320999,0.000000,0.000000,0.000000,0.000000,0.000000,0.000000,0.000000,-456.000000,-1480.000000,40.000000,-2289.000000,50.000000,-466.000000,-16.000000,22.000000,22.000000,22.000000,22.000000,22.000000,22.000000,22.000000,37.000000,37.000000,37.000000,38.000000,39.000000,40.000000,43.000000,1,1,1,1,1,1,1,0,0,0,0,0,0,0,74,5376.550781,836,0,1,0.751051,-0.017333,-0.323627,-3.117000,-0.400000,0.076000,1
1.053286,0.033000,-30.702000,-9.333000,54.103001,17.465000,45.370998,162.139008,0.000000,0.000000,0.000000,0.000000,0.000000,0.000000,0.000000,-456.000000,-1480.000000,40.000000,-2289.000000,50.000000,-466.000000,-16.000000,22.000000,22.000000,22.000000,22.000000,22.000000,22.000000,22.000000,37.000000,37.000000,37.000000,38.000000,39.000000,40.000000,43.000000,1,1,1,1,1,1,1,0,0,0,0,0,0,0,74,5376.550781,836,0,1,0.749647,-0.017709,-0.323627,-3.117000,-0.400000,0.076000,1
1.063290,0.119000,-31.035000,-9.347000,54.807999,17.472000,45.007999,161.966003,0.000000,0.000000,0.000000,0.000000,0.000000,0.000000,0.000000,-456.000000,-1480.000000,40.000000,-2289.000000,50.000000,-466.000000,-16.000000,22.000000,22.000000,22.000000,22.000000,22.000000,22.000000,22.000000,37.000000,37.000000,37.000000,38.000000,39.000000,40.000000,43.000000,1,1,1,1,1,1,1,0,0,0,0,0,0,0,74,5376.549805,837,0,1,0.748313,-0.018067,-0.323627,-3.117000,-0.400000,0.076000,1
1.073427,0.215000,-31.398001,-9.364000,55.576000,17.482000,44.612000,161.776001,0.000000,0.000000,0.000000,0.000000,0.000000,0.000000,0.000000,-456.000000,-1480.000000,40.000000,-2289.000000,50.000000,-466.000000,-16.000000,22.000000,22.000000,22.000000,22.000000,22.000000,22.000000,22.000000,37.000000,37.000000,37.000000,38.000000,39.000000,40.000000,43.000000,1,1,1,1,1,1,1,0,0,0,0,0,0,0,74,5376.551758,835,0,1,0.746842,-0.018461,-0.323628,-3.117000,-0.400000,0.076000,1
1.083178,0.277000,-31.628000,-9.376000,56.063000,17.488001,44.360001,161.654999,0.000000,0.000000,0.000000,0.000000,0.000000,0.000000,0.000000,-456.000000,-1480.000000,40.000000,-2289.000000,50.000000,-466.000000,-16.000000,22.000000,22.000000,22.000000,22.000000,22.000000,22.000000,22.000000,37.000000,37.000000,37.000000,38.000000,39.000000,40.000000,43.000000,1,1,1,1,1,1,1,0,0,0,0,0,0,0,74,5376.549805,835,0,1,0.745898,-0.018714,-0.323627,-3.117000,-0.400000,0.076000,1
1.093191,0.387000,-32.030998,-9.399000,56.912998,17.499001,43.922001,161.442993,0.000000,0.000000,0.000000,0.000000,0.000000,0.000000,0.000000,-456.000000,-1480.000000,40.000000,-2289.000000,50.000000,-466.000000,-16.000000,22.000000,22.000000,22.000000,22.000000,22.000000,22.000000,22.000000,37.000000,37.000000,37.000000,38.000000,39.000000,40.000000,43.000000,1,1,1,1,1,1,1,0,0,0,0,0,0,0,74,5376.551758,837,0,1,0.744234,-0.019160,-0.323627,-3.117000,-0.400000,0.076000,1
1.103258,0.505000,-32.451000,-9.427000,57.799000,17.511000,43.465000,161.220001,0.000000,0.000000,0.000000,0.000000,0.000000,0.000000,0.000000,-456.000000,-1480.000000,40.000000,-2289.000000,50.000000,-466.000000,-16.000000,22.000000,22.000000,22.000000,22.000000,22.000000,22.000000,22.000000,37.000000,37.000000,37.000000,38.000000,39.000000,40.000000,43.000000,1,1,1,1,1,1,1,0,0,0,0,0,0,0,74,5376.549805,837,0,1,0.742472,-0.019632,-0.323627,-3.116000,-0.400000,0.076000,1
1.113192,0.656000,-32.972000,-9.465000,58.896000,17.525999,42.900002,160.942001,0.000000,0.000000,0.000000,0.000000,0.000000,0.000000,0.000000,-456.000000,-1480.000000,40.000000,-2289.000000,50.000000,-466.000000,-16.000000,22.000000,22.000000,22.000000,22.000000,22.000000,22.000000,22.000000,37.000000,37.000000,37.000000,38.000000,39.000000,40.000000,43.000000,1,1,1,1,1,1,1,0,0,0,0,0,0,0,74,5376.550781,836,0,1,0.740257,-0.020225,-0.323627,-3.116000,-0.400000,0.076000,1
1.123170,0.787000,-33.411999,-9.500000,59.821999,17.538000,42.423000,160.705002,0.000000,0.000000,0.000000,0.000000,0.000000,0.000000,0.000000,-456.000000,-1480.000000,40.000000,-2289.000000,50.000000,-466.000000,-16.000000,22.000000,22.000000,22.000000,22.000000,22.000000,22.000000,22.000000,37.000000,37.000000,37.000000,38.000000,39.000000,40.000000,43.000000,1,1,1,1,1,1,1,0,0,0,0,0,0,0,74,5376.549805,836,0,1,0.738355,-0.020735,-0.323628,-3.116000,-0.400000,0.076000,1
1.133235,0.922000,-33.853001,-9.539000,60.747002,17.551001,41.945999,160.466995,0.000000,0.000000,0.000000,0.000000,0.000000,0.000000,0.000000,-456.000000,-1480.000000,40.000000,-2289.000000,50.000000,-466.000000,-16.000000,22.000000,22.000000,22.000000,22.000000,22.000000,22.000000,22.000000,37.000000,37.000000,37.000000,38.000000,39.000000,40.000000,43.000000,1,1,1,1,1,1,1,0,0,0,0,0,0,0,74,5376.551758,836,0,1,0.736429,-0.021251,-0.323627,-3.117000,-0.400000,0.076000,1
1.143218,1.059000,-34.289001,-9.580000,61.660000,17.563000,41.474998,160.229996,0.000000,0.000000,0.000000,0.000000,0.000000,0.000000,0.000000,-456.000000,-1480.000000,40.000000,-2289.000000,50.000000,-466.000000,-16.000000,22.000000,22.000000,22.000000,22.000000,22.000000,22.000000,22.000000,37.000000,37.000000,37.000000,38.000000,39.000000,40.000000,43.000000,1,1,1,1,1,1,1,0,0,0,0,0,0,0,74,5376.550781,837,0,1,0.734498,-0.021768,-0.323627,-3.117000,-0.400000,0.076000,1
1.153226,1.197000,-34.720001,-9.624000,62.562000,17.575001,41.011002,159.994995,0.000000,0.000000,0.000000,0.000000,0.000000,0.000000,0.000000,-456.000000,-1480.000000,40.000000,-2289.000000,50.000000,-466.000000,-16.000000,22.000000,22.000000,22.000000,22.000000,22.000000,22.000000,22.000000,37.000000,37.000000,37.000000,38.000000,39.000000,40.000000,43.000000,1,1,1,1,1,1,1,0,0,0,0,0,0,0,74,5376.550781,837,0,1,0.732567,-0.022286,-0.323627,-3.117000,-0.400000,0.076000,1
1.163205,1.365000,-35.230000,-9.679000,63.626999,17.589001,40.462002,159.716003,0.000000,0.000000,0.000000,0.000000,0.000000,0.000000,0.000000,-456.000000,-1480.000000,40.000000,-2289.000000,50.000000,-466.000000,-16.000000,22.000000,22.000000,22.000000,22.000000,22.000000,22.000000,22.000000,37.000000,37.000000,37.000000,38.000000,39.000000,40.000000,43.000000,1,1,1,1,1,1,1,0,0,0,0,0,0,0,74,5376.550781,836,0,1,0.730250,-0.022907,-0.323627,-3.117000,-0.400000,0.076000,1
1.173258,1.507000,-35.650002,-9.727000,64.501999,17.599001,40.011002,159.483994,0.000000,0.000000,0.000000,0.000000,0.000000,0.000000,0.000000,-456.000000,-1480.000000,40.000000,-2289.000000,50.000000,-466.000000,-16.000000,22.000000,22.000000,22.000000,22.000000,22.000000,22.000000,22.000000,37.000000,37.000000,37.000000,38.000000,39.000000,40.000000,43.000000,1,1,1,1,1,1,1,0,0,0,0,0,0,0,74,5376.549805,836,0,1,0.728319,-0.023424,-0.323627,-3.117000,-0.400000,0.076000,1
1.183269,1.592000,-35.900002,-9.757000,65.022003,17.606001,39.743000,159.345993,0.000000,0.000000,0.000000,0.000000,0.000000,0.000000,0.000000,-456.000000,-1480.000000,40.000000,-2289.000000,50.000000,-466.000000,-16.000000,22.000000,22.000000,22.000000,22.000000,22.000000,22.000000,22.000000,37.000000,37.000000,37.000000,38.000000,39.000000,40.000000,43.000000,1,1,1,1,1,1,1,0,0,0,0,0,0,0,74,5376.549805,836,0,1,0.727160,-0.023735,-0.323627,-3.117000,-0.400000,0.076000,1
1.193248,1.736000,-36.313000,-9.809000,65.879997,17.615999,39.300999,159.117004,0.000000,0.000000,0.000000,0.000000,0.000000,0.000000,0.000000,-456.000000,-1480.000000,40.000000,-2289.000000,50.000000,-466.000000,-16.000000,22.000000,22.000000,22.000000,22.000000,22.000000,22.000000,22.000000,37.000000,37.000000,37.000000,38.000000,39.000000,40.000000,43.000000,1,1,1,1,1,1,1,0,0,0,0,0,0,0,74,5376.549805,839,0,1,0.725229,-0.024252,-0.323627,-3.117000,-0.400000,0.076000,1
1.203200,1.881000,-36.722000,-9.862000,66.726997,17.625000,38.865002,158.889999,0.000000,0.000000,0.000000,0.000000,0.000000,0.000000,0.000000,-456.000000,-1480.000000,40.000000,-2289.000000,50.000000,-466.000000,-16.000000,22.000000,22.000000,22.000000,22.000000,22.000000,22.000000,22.000000,37.000000,37.000000,37.000000,38.000000,39.000000,40.000000,43.000000,1,1,1,1,1,1,1,0,0,0,0,0,0,0,74,5376.550781,837,0,1,0.723298,-0.024769,-0.323627,-3.117000,-0.400000,0.076000,1
1.213247,2.028000,-37.126999,-9.918000,67.565002,17.634001,38.432999,158.664001,0.000000,0.000000,0.000000,0.000000,0.000000,0.000000,0.000000,-456.000000,-1480.000000,40.000000,-2289.000000,50.000000,-466.000000,-16.000000,22.000000,22.000000,22.000000,22.000000,22.000000,22.000000,22.000000,37.000000,37.000000,37.000000,38.000000,39.000000,40.000000,43.000000,1,1,1,1,1,1,1,0,0,0,0,0,0,0,74,5376.549805,837,0,1,0.721367,-0.025290,-0.323627,-3.117000,-0.400000,0.076000,0
1.223312,2.180000,-37.527000,-9.980000,68.390999,17.642000,38.007999,158.436005,0.000000,0.000000,0.000000,0.000000,0.000000,0.000000,0.000000,-456.000000,-1480.000000,40.000000,-2289.000000,50.000000,-466.000000,-16.000000,22.000000,22.000000,22.000000,22.000000,22.000000,22.000000,22.000000,37.000000,37.000000,37.000000,38.000000,39.000000,40.000000,43.000000,1,1,1,1,1,1,1,0,0,0,0,0,0,0,74,5376.549805,837,0,1,0.719438,-0.025826,-0.323627,-3.117000,-0.400000,0.076000,0
1.233200,2.368000,-38.000999,-10.061000,69.365997,17.650999,37.506001,158.162994,0.000000,0.000000,0.000000,0.000000,0.000000,0.000000,0.000000,-456.000000,-1480.000000,40.000000,-2289.000000,50.000000,-466.000000,-16.000000,22.000000,22.000000,22.000000,22.000000,22.000000,22.000000,22.000000,37.000000,37.000000,37.000000,38.000000,39.000000,40.000000,43.000000,1,1,1,1,1,1,1,0,0,0,0,0,0,0,74,5376.550781,836,0,1,0.717131,-0.026491,-0.323627,-3.117000,-0.400000,0.076000,0
1.243199,2.530000,-38.389999,-10.135000,70.167000,17.658001,37.095001,157.934006,0.000000,0.000000,0.000000,0.000000,0.000000,0.000000,0.000000,-456.000000,-1480.000000,40.000000,-2289.000000,50.000000,-466.000000,-16.000000,22.000000,22.000000,22.000000,22.000000,22.000000,22.000000,22.000000,37.000000,37.000000,37.000000,38.000000,39.000000,40.000000,43.000000,1,1,1,1,1,1,1,0,0,0,0,0,0,0,74,5376.549805,836,0,1,0.715213,-0.027063,-0.323627,-3.117000,-0.400000,0.076000,0
1.253172,2.697000,-38.776001,-10.214000,70.955002,17.664000,36.689999,157.703995,0.000000,0.000000,0.000000,0.000000,0.000000,0.000000,0.000000,-456.000000,-1480.000000,40.000000,-2289.000000,50.000000,-466.000000,-16.000000,22.000000,22.000000,22.000000,22.000000,22.000000,22.000000,22.000000,37.000000,37.000000,37.000000,38.000000,39.000000,40.000000,43.000000,1,1,1,1,1,1,1,0,0,0,0,0,0,0,74,5376.550781,835,0,1,0.713300,-0.027651,-0.323627,-3.117000,-0.400000,0.076000,0
1.263183,2.869000,-39.157001,-10.299000,71.733002,17.669001,36.291000,157.473999,0.000000,0.000000,0.000000,0.000000,0.000000,0.000000,0.000000,-456.000000,-1480.000000,40.000000,-2289.000000,50.000000,-466.000000,-16.000000,22.000000,22.000000,22.000000,22.000000,22.000000,22.000000,22.000000,37.000000,37.000000,37.000000,38.000000,39.000000,40.000000,43.000000,1,1,1,1,1,1,1,0,0,0,0,0,0,0,74,5376.549805,835,0,1,0.711392,-0.028256,-0.323627,-3.116000,-0.400000,0.076000,0
1.273256,3.080000,-39.609001,-10.407000,72.652000,17.673000,35.820000,157.195999,0.000000,0.000000,0.000000,0.000000,0.000000,0.000000,0.000000,-456.000000,-1480.000000,40.000000,-2289.000000,50.000000,-466.000000,-16.000000,22.000000,22.000000,22.000000,22.000000,22.000000,22.000000,22.000000,37.000000,37.000000,37.000000,38.000000,39.000000,40.000000,43.000000,1,1,1,1,1,1,1,0,0,0,0,0,0,0,74,5376.550781,837,0,1,0.709109,-0.029003,-0.323627,-3.117000,-0.400000,0.076000,0
1.283178,3.261000,-39.980999,-10.503000,73.406998,17.676001,35.432999,156.964005,0.000000,0.000000,0.000000,0.000000,0.000000,0.000000,0.000000,-456.000000,-1480.000000,40.000000,-2289.000000,50.000000,-466.000000,-16.000000,22.000000,22.000000,22.000000,22.000000,22.000000,22.000000,22.000000,37.000000,37.000000,37.000000,38.000000,39.000000,40.000000,43.000000,1,1,1,1,1,1,1,0,0,0,0,0,0,0,74,5376.550781,837,0,1,0.707213,-0.029643,-0.323627,-3.117000,-0.400000,0.076000,0
1.293166,3.446000,-40.349998,-10.604000,74.151001,17.677000,35.053001,156.729996,0.000000,0.000000,0.000000,0.000000,0.000000,0.000000,0.000000,-456.000000,-1480.000000,40.000000,-2289.000000,50.000000,-466.000000,-16.000000,22.000000,22.000000,22.000000,22.000000,22.000000,22.000000,22.000000,37.000000,37.000000,37.000000,38.000000,39.000000,40.000000,43.000000,1,1,1,1,1,1,1,0,0,0,0,0,0,0,74,5376.550781,837,0,1,0.705322,-0.030299,-0.323627,-3.117000,-0.400000,0.076000,0
1.303202,3.559000,-40.569000,-10.667000,74.592003,17.677999,34.827000,156.589996,0.000000,0.000000,0.000000,0.000000,0.000000,0.000000,0.000000,-456.000000,-1480.000000,40.000000,-2289.000000,50.000000,-466.000000,-16.000000,22.000000,22.000000,22.000000,22.000000,22.000000,22.000000,22.000000,37.000000,37.000000,37.000000,38.000000,39.000000,40.000000,43.000000,1,1,1,1,1,1,1,0,0,0,0,0,0,0,74,5376.550781,836,0,1,0.704190,-0.030701,-0.323627,-3.117000,-0.400000,0.076000,0
1.313184,3.751000,-40.931999,-10.776000,75.320000,17.677999,34.455002,156.354996,0.000000,0.000000,0.000000,0.000000,0.000000,0.000000,0.000000,-456.000000,-1480.000000,40.000000,-2289.000000,50.000000,-466.000000,-16.000000,22.000000,22.000000,22.000000,22.000000,22.000000,22.000000,22.000000,37.000000,37.000000,37.000000,38.000000,39.000000,40.000000,43.000000,1,1,1,1,1,1,1,0,0,0,0,0,0,0,74,5376.549805,838,0,1,0.702308,-0.031382,-0.323627,-3.117000,-0.400000,0.076000,0
1.323199,3.947000,-41.291000,-10.889000,76.038002,17.676001,34.089001,156.119995,0.000000,0.000000,0.000000,0.000000,0.000000,0.000000,0.000000,-456.000000,-1480.000000,40.000000,-2289.000000,50.000000,-466.000000,-16.000000,22.000000,22.000000,22.000000,22.000000,22.000000,22.000000,22.000000,37.000000,37.000000,37.000000,38.000000,39.000000,40.000000,43.000000,1,1,1,1,1,1,1,0,0,0,0,0,0,0,74,5376.549805,837,0,1,0.700432,-0.032080,-0.323627,-3.117000,-0.400000,0.076000,0
1.333192,4.066000,-41.505001,-10.960000,76.463997,17.674999,33.872002,155.977997,0.000000,0.000000,0.000000,0.000000,0.000000,0.000000,0.000000,-456.000000,-1480.000000,40.000000,-2289.000000,50.000000,-466.000000,-16.000000,22.000000,22.000000,22.000000,22.000000,22.000000,22.000000,22.000000,37.000000,37.000000,37.000000,38.000000,39.000000,40.000000,43.000000,1,1,1,1,1,1,1,0,0,0,0,0,0,0,74,5376.550781,837,0,1,0.699310,-0.032507,-0.323627,-3.117000,-0.400000,0.076000,0
1.343201,4.268000,-41.859001,-11.081000,77.166000,17.671000,33.514000,155.740997,0.000000,0.000000,0.000000,0.000000,0.000000,0.000000,0.000000,-456.000000,-1480.000000,40.000000,-2289.000000,50.000000,-466.000000,-16.000000,22.000000,22.000000,22.000000,22.000000,22.000000,22.000000,22.000000,37.000000,37.000000,37.000000,38.000000,39.000000,40.000000,43.000000,1,1,1,1,1,1,1,0,0,0,0,0,0,0,74,5376.549805,837,0,1,0.697444,-0.033230,-0.323627,-3.117000,-0.400000,0.076000,0
1.353175,4.516000,-42.278999,-11.233000,77.997002,17.665001,33.091999,155.455002,0.000000,0.000000,0.000000,0.000000,0.000000,0.000000,0.000000,-456.000000,-1480.000000,40.000000,-2289.000000,50.000000,-466.000000,-16.000000,22.000000,22.000000,22.000000,22.000000,22.000000,22.000000,22.000000,37.000000,37.000000,37.000000,38.000000,39.000000,40.000000,43.000000,1,1,1,1,1,1,1,0,0,0,0,0,0,0,74,5376.551758,837,0,1,0.695213,-0.034119,-0.323627,-3.117000,-0.400000,0.076000,0
1.363197,4.684000,-42.556999,-11.338000,78.542999,17.659000,32.814999,155.263000,0.000000,0.000000,0.000000,0.000000,0.000000,0.000000,0.000000,-456.000000,-1480.000000,40.000000,-2289.000000,50.000000,-466.000000,-16.000000,22.000000,22.000000,22.000000,22.000000,22.000000,22.000000,22.000000,37.000000,37.000000,37.000000,38.000000,39.000000,40.000000,43.000000,1,1,1,1,1,1,1,0,0,0,0,0,0,0,74,5376.550781,838,0,1,0.693730,-0.034724,-0.323627,-3.117000,-0.400000,0.076000,0
1.373294,4.940000,-42.970001,-11.501000,79.350998,17.650000,32.404999,154.975006,0.000000,0.000000,0.000000,0.000000,0.000000,0.000000,0.000000,-456.000000,-1480.000000,40.000000,-2289.000000,50.000000,-466.000000,-16.000000,22.000000,22.000000,22.000000,22.000000,22.000000,22.000000,22.000000,37.000000,37.000000,37.000000,38.000000,39.000000,40.000000,43.000000,1,1,1,1,1,1,1,0,0,0,0,0,0,0,74,5376.550781,836,0,1,0.691514,-0.035651,-0.323627,-3.117000,-0.400000,0.076000,0
1.383228,5.157000,-43.311001,-11.642000,80.014000,17.639999,32.069000,154.733994,0.000000,0.000000,0.000000,0.000000,0.000000,0.000000,0.000000,-456.000000,-1480.000000,40.000000,-2289.000000,50.000000,-466.000000,-16.000000,22.000000,22.000000,22.000000,22.000000,22.000000,22.000000,22.000000,37.000000,37.000000,37.000000,38.000000,39.000000,40.000000,43.000000,1,1,1,1,1,1,1,0,0,0,0,0,0,0,74,5376.549805,836,0,1,0.689675,-0.036440,-0.323627,-3.117000,-0.400000,0.076000,0
1.393205,5.378000,-43.648998,-11.787000,80.667999,17.629000,31.738001,154.492004,0.000000,0.000000,0.000000,0.000000,0.000000,0.000000,0.000000,-456.000000,-1480.000000,40.000000,-2289.000000,50.000000,-466.000000,-16.000000,22.000000,22.000000,22.000000,22.000000,22.000000,22.000000,22.000000,37.000000,37.000000,37.000000,38.000000,39.000000,40.000000,43.000000,1,1,1,1,1,1,1,0,0,0,0,0,0,0,74,5376.550781,837,0,1,0.687843,-0.037245,-0.323627,-3.117000,-0.400000,0.076000,0
1.403220,5.512000,-43.851002,-11.877000,81.056000,17.621000,31.542000,154.345993,0.000000,0.000000,0.000000,0.000000,0.000000,0.000000,0.000000,-456.000000,-1480.000000,40.000000,-2289.000000,50.000000,-466.000000,-16.000000,22.000000,22.000000,22.000000,22.000000,22.000000,22.000000,22.000000,37.000000,37.000000,37.000000,38.000000,39.000000,40.000000,43.000000,1,1,1,1,1,1,1,0,0,0,0,0,0,0,74,5376.551758,836,0,1,0.686747,-0.037735,-0.323627,-3.117000,-0.400000,0.076000,0
1.413268,5.739000,-44.185001,-12.029000,81.695999,17.607000,31.219999,154.102005,0.000000,0.000000,0.000000,0.000000,0.000000,0.000000,0.000000,-456.000000,-1480.000000,40.000000,-2289.000000,50.000000,-466.000000,-16.000000,22.000000,22.000000,22.000000,22.000000,22.000000,22.000000,22.000000,37.000000,37.000000,37.000000,38.000000,39.000000,40.000000,43.000000,1,1,1,1,1,1,1,0,0,0,0,0,0,0,74,5376.549805,837,0,1,0.684925,-0.038565,-0.323627,-3.117000,-0.400000,0.076000,0
1.423255,5.968000,-44.516998,-12.186000,82.328003,17.591999,30.902000,153.856995,0.000000,0.000000,0.000000,0.000000,0.000000,0.000000,0.000000,-456.000000,-1480.000000,40.000000,-2289.000000,50.000000,-466.000000,-16.000000,22.000000,22.000000,22.000000,22.000000,22.000000,22.000000,22.000000,37.000000,37.000000,37.000000,38.000000,39.000000,40.000000,43.000000,1,1,1,1,1,1,1,0,0,0,0,0,0,0,74,5376.550781,837,0,1,0.683111,-0.039411,-0.323627,-3.117000,-0.400000,0.076000,0
1.433200,6.108000,-44.714001,-12.283000,82.702003,17.580999,30.714001,153.710007,0.000000,0.000000,0.000000,0.000000,0.000000,0.000000,0.000000,-456.000000,-1480.000000,40.000000,-2289.000000,50.000000,-466.000000,-16.000000,22.000000,22.000000,22.000000,22.000000,22.000000,22.000000,22.000000,37.000000,37.000000,37.000000,38.000000,39.000000,40.000000,43.000000,1,1,1,1,1,1,1,0,0,0,0,0,0,0,74,5376.549805,837,0,1,0.682026,-0.039925,-0.323627,-3.117000,-0.400000,0.076000,0
1.443193,6.342000,-45.042000,-12.447000,83.319000,17.563000,30.405001,153.464005,0.000000,0.000000,0.000000,0.000000,0.000000,0.000000,0.000000,-456.000000,-1480.000000,40.000000,-2289.000000,50.000000,-466.000000,-16.000000,22.000000,22.000000,22.000000,22.000000,22.000000,22.000000,22.000000,37.000000,37.000000,37.000000,38.000000,39.000000,40.000000,43.000000,1,1,1,1,1,1,1,0,0,0,0,0,0,0,74,5376.550781,838,0,1,0.680224,-0.040795,-0.323627,-3.117000,-0.400000,0.076000,0
1.453212,6.628000,-45.431999,-12.649000,84.049004,17.539000,30.040001,153.167007,0.000000,0.000000,0.000000,0.000000,0.000000,0.000000,0.000000,-456.000000,-1480.000000,40.000000,-2289.000000,50.000000,-466.000000,-16.000000,22.000000,22.000000,22.000000,22.000000,22.000000,22.000000,22.000000,37.000000,37.000000,37.000000,38.000000,39.000000,40.000000,43.000000,1,1,1,1,1,1,1,0,0,0,0,0,0,0,74,5376.550781,837,0,1,0.678070,-0.041859,-0.323627,-3.116000,-0.400000,0.076000,0
1.463512,6.870000,-45.754002,-12.823000,84.647003,17.516001,29.742001,152.917999,0.000000,0.000000,0.000000,0.000000,0.000000,0.000000,0.000000,-456.000000,-1480.000000,40.000000,-2289.000000,50.000000,-466.000000,-16.000000,22.000000,22.000000,22.000000,22.000000,22.000000,22.000000,22.000000,37.000000,37.000000,37.000000,38.000000,39.000000,40.000000,43.000000,1,1,1,1,1,1,1,0,0,0,0,0,0,0,74,5376.550781,835,0,1,0.676285,-0.042763,-0.323627,-3.117000,-0.400000,0.076000,0
1.473254,7.114000,-46.074001,-13.001000,85.237000,17.492001,29.448000,152.669006,0.000000,0.000000,0.000000,0.000000,0.000000,0.000000,0.000000,-456.000000,-1480.000000,40.000000,-2289.000000,50.000000,-466.000000,-16.000000,22.000000,22.000000,22.000000,22.000000,22.000000,22.000000,22.000000,37.000000,37.000000,37.000000,38.000000,39.000000,40.000000,43.000000,1,1,1,1,1,1,1,0,0,0,0,0,0,0,74,5376.549805,838,0,1,0.674506,-0.043681,-0.323627,-3.116000,-0.400000,0.076000,0
1.483240,7.262000,-46.264999,-13.110000,85.586998,17.476999,29.275000,152.518997,0.000000,0.000000,0.000000,0.000000,0.000000,0.000000,0.000000,-456.000000,-1480.000000,40.000000,-2289.000000,50.000000,-466.000000,-16.000000,22.000000,22.000000,22.000000,22.000000,22.000000,22.000000,22.000000,37.000000,37.000000,37.000000,38.000000,39.000000,40.000000,43.000000,1,1,1,1,1,1,1,0,0,0,0,0,0,0,74,5376.550781,838,0,1,0.673443,-0.044240,-0.323627,-3.117000,-0.400000,0.076000,0
1.493224,7.511000,-46.582001,-13.294000,86.163002,17.448999,28.989000,152.268005,0.000000,0.000000,0.000000,0.000000,0.000000,0.000000,0.000000,-456.000000,-1480.000000,40.000000,-2289.000000,50.000000,-466.000000,-16.000000,22.000000,22.000000,22.000000,22.000000,22.000000,22.000000,22.000000,37.000000,37.000000,37.000000,38.000000,39.000000,40.000000,43.000000,1,1,1,1,1,1,1,0,0,0,0,0,0,0,74,5376.549805,836,0,1,0.671678,-0.045183,-0.323627,-3.117000,-0.400000,0.076000,0
1.503149,7.763000,-46.896999,-13.483000,86.731003,17.420000,28.709000,152.016006,0.000000,0.000000,0.000000,0.000000,0.000000,0.000000,0.000000,-456.000000,-1480.000000,40.000000,-2289.000000,50.000000,-466.000000,-16.000000,22.000000,22.000000,22.000000,22.000000,22.000000,22.000000,22.000000,37.000000,37.000000,37.000000,38.000000,39.000000,40.000000,43.000000,1,1,1,1,1,1,1,0,0,0,0,0,0,0,74,5376.550781,837,0,1,0.669920,-0.046140,-0.323627,-3.117000,-0.400000,0.076000,0
1.513193,7.915000,-47.084999,-13.599000,87.067001,17.402000,28.542999,151.865005,0.000000,0.000000,0.000000,0.000000,0.000000,0.000000,0.000000,-456.000000,-1480.000000,40.000000,-2289.000000,50.000000,-466.000000,-16.000000,22.000000,22.000000,22.000000,22.000000,22.000000,22.000000,22.000000,37.000000,37.000000,37.000000,38.000000,39.000000,40.000000,43.000000,1,1,1,1,1,1,1,0,0,0,0,0,0,0,74,5376.550781,836,0,1,0.668870,-0.046722,-0.323627,-3.117000,-0.400000,0.076000,0
1.523227,8.171000,-47.396999,-13.794000,87.622002,17.368999,28.271000,151.610992,0.000000,0.000000,0.000000,0.000000,0.000000,0.000000,0.000000,-456.000000,-1480.000000,40.000000,-2289.000000,50.000000,-466.000000,-16.000000,22.000000,22.000000,22.000000,22.000000,22.000000,22.000000,22.000000,37.000000,37.000000,37.000000,38.000000,39.000000,40.000000,43.000000,1,1,1,1,1,1,1,0,0,0,0,0,0,0,74,5376.550781,837,0,1,0.667126,-0.047704,-0.323627,-3.117000,-0.400000,0.076000,0
1.533221,8.483000,-47.770000,-14.035000,88.278000,17.327000,27.950001,151.304993,0.000000,0.000000,0.000000,0.000000,0.000000,0.000000,0.000000,-456.000000,-1480.000000,40.000000,-2289.000000,50.000000,-466.000000,-16.000000,22.000000,22.000000,22.000000,22.000000,22.000000,22.000000,22.000000,37.000000,37.000000,37.000000,38.000000,39.000000,40.000000,43.000000,1,1,1,1,1,1,1,0,0,0,0,0,0,0,74,5376.550781,837,0,1,0.665037,-0.048903,-0.323627,-3.117000,-0.400000,0.076000,1
1.543302,8.587000,-47.895000,-14.116000,88.496002,17.313000,27.843000,151.203003,0.000000,0.000000,0.000000,0.000000,0.000000,0.000000,0.000000,-456.000000,-1480.000000,40.000000,-2289.000000,50.000000,-466.000000,-16.000000,22.000000,22.000000,22.000000,22.000000,22.000000,22.000000,22.000000,37.000000,37.000000,37.000000,38.000000,39.000000,40.000000,43.000000,1,1,1,1,1,1,1,0,0,0,0,0,0,0,74,5376.549805,838,0,1,0.664337,-0.049307,-0.323627,-3.117000,-0.400000,0.076000,1
1.553235,8.901000,-48.269001,-14.361000,89.147003,17.268000,27.525999,150.895004,0.000000,0.000000,0.000000,0.000000,0.000000,0.000000,0.000000,-456.000000,-1480.000000,40.000000,-2289.000000,50.000000,-466.000000,-16.000000,22.000000,22.000000,22.000000,22.000000,22.000000,22.000000,22.000000,37.000000,37.000000,37.000000,38.000000,39.000000,40.000000,43.000000,1,1,1,1,1,1,1,0,0,0,0,0,0,0,74,5376.547852,836,0,1,0.662239,-0.050519,-0.323627,-3.117000,-0.400000,0.076000,1
1.563237,9.161000,-48.581001,-14.566000,89.683998,17.229000,27.264999,150.639999,0.000000,0.000000,0.000000,0.000000,0.000000,0.000000,0.000000,-456.000000,-1480.000000,40.000000,-2289.000000,50.000000,-466.000000,-16.000000,22.000000,22.000000,22.000000,22.000000,22.000000,22.000000,22.000000,37.000000,37.000000,37.000000,38.000000,39.000000,40.000000,43.000000,1,1,1,1,1,1,1,0,0,0,0,0,0,0,74,5376.549805,837,0,1,0.660490,-0.051528,-0.323627,-3.116000,-0.400000,0.076000,1
1.573259,9.473000,-48.953999,-14.814000,90.322998,17.180000,26.955000,150.334000,0.000000,0.000000,0.000000,0.000000,0.000000,0.000000,0.000000,-456.000000,-1480.000000,40.000000,-2289.000000,50.000000,-466.000000,-16.000000,22.000000,22.000000,22.000000,22.000000,22.000000,22.000000,22.000000,37.000000,37.000000,37.000000,38.000000,39.000000,40.000000,43.000000,1,1,1,1,1,1,1,0,0,0,0,0,0,0,74,5376.550781,835,0,1,0.658392,-0.052740,-0.323627,-3.117000,-0.400000,0.076000,1
1.583237,9.576000,-49.077999,-14.896000,90.532997,17.163000,26.854000,150.231995,0.000000,0.000000,0.000000,0.000000,0.000000,0.000000,0.000000,-456.000000,-1480.000000,40.000000,-2289.000000,50.000000,-466.000000,-16.000000,22.000000,22.000000,22.000000,22.000000,22.000000,22.000000,22.000000,37.000000,37.000000,37.000000,38.000000,39.000000,40.000000,43.000000,1,1,1,1,1,1,1,0,0,0,0,0,0,0,74,5376.549805,838,0,1,0.657698,-0.053141,-0.323627,-3.117000,-0.400000,0.076000,1
1.593185,9.922000,-49.493999,-15.174000,91.235001,17.106001,26.514999,149.891006,0.000000,0.000000,0.000000,0.000000,0.000000,0.000000,0.000000,-456.000000,-1480.000000,40.000000,-2289.000000,50.000000,-466.000000,-16.000000,22.000000,22.000000,22.000000,22.000000,22.000000,22.000000,22.000000,37.000000,37.000000,37.000000,38.000000,39.000000,40.000000,43.000000,1,1,1,1,1,1,1,0,0,0,0,0,0,0,74,5376.549805,836,0,1,0.655358,-0.054491,-0.323627,-3.117000,-0.400000,0.076000,1
1.603157,10.190000,-49.817001,-15.391000,91.778000,17.062000,26.254000,149.623993,0.000000,0.000000,0.000000,0.000000,0.000000,0.000000,0.000000,-456.000000,-1480.000000,40.000000,-2289.000000,50.000000,-466.000000,-16.000000,22.000000,22.000000,22.000000,22.000000,22.000000,22.000000,22.000000,37.000000,37.000000,37.000000,38.000000,39.000000,40.000000,43.000000,1,1,1,1,1,1,1,0,0,0,0,0,0,0,74,5376.547852,836,0,1,0.653535,-0.055544,-0.323628,-3.117000,-0.400000,0.076000,1
1.613248,10.391000,-50.060001,-15.556000,92.182999,17.028999,26.059999,149.421997,0.000000,0.000000,0.000000,0.000000,0.000000,0.000000,0.000000,-456.000000,-1480.000000,40.000000,-2289.000000,50.000000,-466.000000,-16.000000,22.000000,22.000000,22.000000,22.000000,22.000000,22.000000,22.000000,37.000000,37.000000,37.000000,38.000000,39.000000,40.000000,43.000000,1,1,1,1,1,1,1,0,0,0,0,0,0,0,74,5376.549805,837,0,1,0.652164,-0.056335,-0.323627,-3.117000,-0.400000,0.076000,1
1.623112,10.502000,-50.195999,-15.649000,92.406998,17.011000,25.952999,149.309006,0.000000,0.000000,0.000000,0.000000,0.000000,0.000000,0.000000,-456.000000,-1480.000000,40.000000,-2289.000000,50.000000,-466.000000,-16.000000,22.000000,22.000000,22.000000,22.000000,22.000000,22.000000,22.000000,37.000000,37.000000,37.000000,38.000000,39.000000,40.000000,43.000000,1,1,1,1,1,1,1,0,0,0,0,0,0,0,74,5376.550781,836,0,1,0.651399,-0.056777,-0.323627,-3.117000,-0.400000,0.076000,1
1.633186,10.713000,-50.452999,-15.824000,92.831001,16.976999,25.752001,149.093994,0.000000,0.000000,0.000000,0.000000,0.000000,0.000000,0.000000,-456.000000,-1480.000000,40.000000,-2289.000000,50.000000,-466.000000,-16.000000,22.000000,22.000000,22.000000,22.000000,22.000000,22.000000,22.000000,37.000000,37.000000,37.000000,38.000000,39.000000,40.000000,43.000000,1,1,1,1,1,1,1,0,0,0,0,0,0,0,74,5376.549805,837,0,1,0.649951,-0.057613,-0.323627,-3.117000,-0.400000,0.076000,1
1.643240,10.879000,-50.661999,-15.962000,93.176003,16.951000,25.587000,148.921997,0.000000,0.000000,0.000000,0.000000,0.000000,0.000000,0.000000,-456.000000,-1480.000000,40.000000,-2289.000000,50.000000,-466.000000,-16.000000,22.000000,22.000000,22.000000,22.000000,22.000000,22.000000,22.000000,37.000000,37.000000,37.000000,38.000000,39.000000,40.000000,43.000000,1,1,1,1,1,1,1,0,0,0,0,0,0,0,74,5376.550781,836,0,1,0.648768,-0.058271,-0.323627,-3.117000,-0.400000,0.076000,0
1.653240,11.033000,-50.875999,-16.087999,93.533997,16.926001,25.415001,148.755005,0.000000,0.000000,0.000000,0.000000,0.000000,0.000000,0.000000,-456.000000,-1480.000000,40.000000,-2289.000000,50.000000,-466.000000,-16.000000,22.000000,22.000000,22.000000,22.000000,22.000000,22.000000,22.000000,37.000000,37.000000,37.000000,38.000000,39.000000,40.000000,43.000000,1,1,1,1,1,1,1,0,0,0,0,0,0,0,74,5376.549805,837,0,1,0.647556,-0.058869,-0.323627,-3.117000,-0.400000,0.076000,0
1.663329,11.201000,-51.137001,-16.223000,93.978996,16.900000,25.198999,148.563004,0.000000,0.000000,0.000000,0.000000,0.000000,0.000000,0.000000,-456.000000,-1480.000000,40.000000,-2289.000000,50.000000,-466.000000,-16.000000,22.000000,22.000000,22.000000,22.000000,22.000000,22.000000,22.000000,37.000000,37.000000,37.000000,38.000000,39.000000,40.000000,43.000000,1,1,1,1,1,1,1,0,0,0,0,0,0,0,74,5376.549805,837,0,1,0.646064,-0.059505,-0.323627,-3.117000,-0.400000,0.076000,0
1.673426,11.278000,-51.269001,-16.283001,94.208000,16.889000,25.087000,148.470001,0.000000,0.000000,0.000000,0.000000,0.000000,0.000000,0.000000,-456.000000,-1480.000000,40.000000,-2289.000000,50.000000,-466.000000,-16.000000,22.000000,22.000000,22.000000,22.000000,22.000000,22.000000,22.000000,37.000000,37.000000,37.000000,38.000000,39.000000,40.000000,43.000000,1,1,1,1,1,1,1,0,0,0,0,0,0,0,74,5376.549805,838,0,1,0.645304,-0.059788,-0.323627,-3.117000,-0.400000,0.076000,0
1.683276,11.327000,-51.358002,-16.320999,94.362000,16.882000,25.011000,148.410004,0.000000,0.000000,0.000000,0.000000,0.000000,0.000000,0.000000,-456.000000,-1480.000000,40.000000,-2289.000000,50.000000,-466.000000,-16.000000,22.000000,22.000000,22.000000,22.000000,22.000000,22.000000,22.000000,37.000000,37.000000,37.000000,38.000000,39.000000,40.000000,43.000000,1,1,1,1,1,1,1,0,0,0,0,0,0,0,74,5376.550781,837,0,1,0.644793,-0.059965,-0.323627,-3.117000,-0.400000,0.076000,0
1.693322,11.461000,-51.626999,-16.421000,94.835999,16.863001,24.777000,148.235001,0.000000,0.000000,0.000000,0.000000,0.000000,0.000000,0.000000,-456.000000,-1480.000000,40.000000,-2289.000000,50.000000,-466.000000,-16.000000,22.000000,22.000000,22.000000,22.000000,22.000000,22.000000,22.000000,37.000000,37.000000,37.000000,38.000000,39.000000,40.000000,43.000000,1,1,1,1,1,1,1,0,0,0,0,0,0,0,74,5376.550781,836,0,1,0.643240,-0.060432,-0.323627,-3.116000,-0.400000,0.076000,0
1.703329,11.576000,-51.897999,-16.502001,95.321999,16.848000,24.535000,148.070999,0.000000,0.000000,0.000000,0.000000,0.000000,0.000000,0.000000,-456.000000,-1480.000000,40.000000,-2289.000000,50.000000,-466.000000,-16.000000,22.000000,22.000000,22.000000,22.000000,22.000000,22.000000,22.000000,37.000000,37.000000,37.000000,38.000000,39.000000,40.000000,43.000000,1,1,1,1,1,1,1,0,0,0,0,0,0,0,74,5376.550781,836,0,1,0.641662,-0.060804,-0.323627,-3.117000,-0.400000,0.076000,0
1.713218,11.657000,-52.125999,-16.555000,95.736000,16.840000,24.327999,147.942001,0.000000,0.000000,0.000000,0.000000,0.000000,0.000000,0.000000,-456.000000,-1480.000000,40.000000,-2289.000000,50.000000,-466.000000,-16.000000,22.000000,22.000000,22.000000,22.000000,22.000000,22.000000,22.000000,37.000000,37.000000,37.000000,38.000000,39.000000,40.000000,43.000000,1,1,1,1,1,1,1,0,0,0,0,0,0,0,74,5376.550781,837,0,1,0.640331,-0.061041,-0.323627,-3.117000,-0.400000,0.076000,0
1.723197,11.725000,-52.353001,-16.594999,96.155998,16.834000,24.115000,147.820999,0.000000,0.000000,0.000000,0.000000,0.000000,0.000000,0.000000,-456.000000,-1480.000000,40.000000,-2289.000000,50.000000,-466.000000,-16.000000,22.000000,22.000000,22.000000,22.000000,22.000000,22.000000,22.000000,37.000000,37.000000,37.000000,38.000000,39.000000,40.000000,43.000000,1,1,1,1,1,1,1,0,0,0,0,0,0,0,74,5376.549805,837,0,1,0.638990,-0.061210,-0.323628,-3.117000,-0.400000,0.076000,0
1.733206,11.759000,-52.488998,-16.612000,96.411003,16.833000,23.985001,147.753006,0.000000,0.000000,0.000000,0.000000,0.000000,0.000000,0.000000,-456.000000,-1480.000000,40.000000,-2289.000000,50.000000,-466.000000,-16.000000,22.000000,22.000000,22.000000,22.000000,22.000000,22.000000,22.000000,37.000000,37.000000,37.000000,38.000000,39.000000,40.000000,43.000000,1,1,1,1,1,1,1,0,0,0,0,0,0,0,74,5376.550781,837,0,1,0.638182,-0.061280,-0.323628,-3.117000,-0.400000,0.076000,0
1.743201,11.779000,-52.580002,-16.621000,96.582001,16.833000,23.898001,147.709000,0.000000,0.000000,0.000000,0.000000,0.000000,0.000000,0.000000,-456.000000,-1480.000000,40.000000,-2289.000000,50.000000,-466.000000,-16.000000,22.000000,22.000000,22.000000,22.000000,22.000000,22.000000,22.000000,37.000000,37.000000,37.000000,38.000000,39.000000,40.000000,43.000000,1,1,1,1,1,1,1,0,0,0,0,0,0,0,74,5376.550781,837,0,1,0.637643,-0.061312,-0.323628,-3.116000,-0.400000,0.076000,0
1.753218,11.820000,-52.806000,-16.632999,97.013000,16.834999,23.677999,147.604004,0.000000,0.000000,0.000000,0.000000,0.000000,0.000000,0.000000,-456.000000,-1480.000000,40.000000,-2289.000000,50.000000,-466.000000,-16.000000,22.000000,22.000000,22.000000,22.000000,22.000000,22.000000,22.000000,37.000000,37.000000,37.000000,38.000000,39.000000,40.000000,43.000000,1,1,1,1,1,1,1,0,0,0,0,0,0,0,74,5376.550781,837,0,1,0.636291,-0.061346,-0.323627,-3.117000,-0.400000,0.076000,0
1.763207,11.850000,-53.076000,-16.629000,97.535004,16.841999,23.408001,147.490997,0.000000,0.000000,0.000000,0.000000,0.000000,0.000000,0.000000,-456.000000,-1480.000000,40.000000,-2289.000000,50.000000,-466.000000,-16.000000,22.000000,22.000000,22.000000,22.000000,22.000000,22.000000,22.000000,37.000000,37.000000,37.000000,38.000000,39.000000,40.000000,43.000000,1,1,1,1,1,1,1,0,0,0,0,0,0,0,74,5376.551758,836,0,1,0.634671,-0.061297,-0.323627,-3.117000,-0.400000,0.076000,0
1.773309,11.861000,-53.298000,-16.611000,97.973000,16.851999,23.181000,147.406006,0.000000,0.000000,0.000000,0.000000,0.000000,0.000000,0.000000,-456.000000,-1480.000000,40.000000,-2289.000000,50.000000,-466.000000,-16.000000,22.000000,22.000000,22.000000,22.000000,22.000000,22.000000,22.000000,37.000000,37.000000,37.000000,38.000000,39.000000,40.000000,43.000000,1,1,1,1,1,1,1,0,0,0,0,0,0,0,74,5376.549805,837,0,1,0.633324,-0.061182,-0.323628,-3.117000,-0.400000,0.076000,0
1.783497,11.858000,-53.516998,-16.579000,98.412003,16.867001,22.951000,147.330002,0.000000,0.000000,0.000000,0.000000,0.000000,0.000000,0.000000,-456.000000,-1480.000000,40.000000,-2289.000000,50.000000,-466.000000,-16.000000,22.000000,22.000000,22.000000,22.000000,22.000000,22.000000,22.000000,37.000000,37.000000,37.000000,38.000000,39.000000,40.000000,43.000000,1,1,1,1,1,1,1,0,0,0,0,0,0,0,74,5376.549805,837,0,1,0.631985,-0.060999,-0.323627,-3.117000,-0.400000,0.076000,0
1.793264,11.841000,-53.731998,-16.534000,98.850998,16.886000,22.719999,147.263000,0.000000,0.000000,0.000000,0.000000,0.000000,0.000000,0.000000,-456.000000,-1480.000000,40.000000,-2289.000000,50.000000,-466.000000,-16.000000,22.000000,22.000000,22.000000,22.000000,22.000000,22.000000,22.000000,37.000000,37.000000,37.000000,38.000000,39.000000,40.000000,43.000000,1,1,1,1,1,1,1,0,0,0,0,0,0,0,74,5376.547852,836,0,1,0.630657,-0.060748,-0.323627,-3.117000,-0.400000,0.076000,0
1.803174,11.825000,-53.859001,-16.500000,99.113998,16.899000,22.580999,147.227997,0.000000,0.000000,0.000000,0.000000,0.000000,0.000000,0.000000,-456.000000,-1480.000000,40.000000,-2289.000000,50.000000,-466.000000,-16.000000,22.000000,22.000000,22.000000,22.000000,22.000000,22.000000,22.000000,37.000000,37.000000,37.000000,38.000000,39.000000,40.000000,43.000000,1,1,1,1,1,1,1,0,0,0,0,0,0,0,74,5376.549805,837,0,1,0.629867,-0.060566,-0.323627,-3.117000,-0.400000,0.076000,0
1.813213,11.786000,-54.068001,-16.433001,99.551003,16.924999,22.348000,147.175995,0.000000,0.000000,0.000000,0.000000,0.000000,0.000000,0.000000,-456.000000,-1480.000000,40.000000,-2289.000000,50.000000,-466.000000,-16.000000,22.000000,22.000000,22.000000,22.000000,22.000000,22.000000,22.000000,37.000000,37.000000,37.000000,38.000000,39.000000,40.000000,43.000000,1,1,1,1,1,1,1,0,0,0,0,0,0,0,74,5376.549805,838,0,1,0.628563,-0.060210,-0.323627,-3.117000,-0.400000,0.076000,0
1.823245,11.723000,-54.312000,-16.334000,100.071999,16.962000,22.069000,147.126999,0.000000,0.000000,0.000000,0.000000,0.000000,0.000000,0.000000,-456.000000,-1480.000000,40.000000,-2289.000000,50.000000,-466.000000,-16.000000,22.000000,22.000000,22.000000,22.000000,22.000000,22.000000,22.000000,37.000000,37.000000,37.000000,38.000000,39.000000,40.000000,43.000000,1,1,1,1,1,1,1,0,0,0,0,0,0,0,74,5376.550781,838,0,1,0.627025,-0.059696,-0.323627,-3.117000,-0.400000,0.076000,0
1.833244,11.655000,-54.508999,-16.237000,100.501999,16.997999,21.836000,147.097000,0.000000,0.000000,0.000000,0.000000,0.000000,0.000000,0.000000,-456.000000,-1480.000000,40.000000,-2289.000000,50.000000,-466.000000,-16.000000,22.000000,22.000000,22.000000,22.000000,22.000000,22.000000,22.000000,37.000000,37.000000,37.000000,38.000000,39.000000,40.000000,43.000000,1,1,1,1,1,1,1,0,0,0,0,0,0,0,74,5376.551758,837,0,1,0.625769,-0.059198,-0.323627,-3.117000,-0.400000,0.076000,0
1.843265,11.574000,-54.699001,-16.127001,100.927002,17.038000,21.605000,147.076996,0.000000,0.000000,0.000000,0.000000,0.000000,0.000000,0.000000,-456.000000,-1480.000000,40.000000,-2289.000000,50.000000,-466.000000,-16.000000,22.000000,22.000000,22.000000,22.000000,22.000000,22.000000,22.000000,37.000000,37.000000,37.000000,38.000000,39.000000,40.000000,43.000000,1,1,1,1,1,1,1,0,0,0,0,0,0,0,74,5376.550781,836,0,1,0.624539,-0.058637,-0.323627,-3.116000,-0.400000,0.076000,0
1.853245,11.520000,-54.811001,-16.055000,101.179001,17.065001,21.466999,147.069000,0.000000,0.000000,0.000000,0.000000,0.000000,0.000000,0.000000,-456.000000,-1480.000000,40.000000,-2289.000000,50.000000,-466.000000,-16.000000,22.000000,22.000000,22.000000,22.000000,22.000000,22.000000,22.000000,37.000000,37.000000,37.000000,38.000000,39.000000,40.000000,43.000000,1,1,1,1,1,1,1,0,0,0,0,0,0,0,74,5376.550781,837,0,1,0.623816,-0.058271,-0.323627,-3.117000,-0.400000,0.076000,0
1.863191,11.419000,-54.991001,-15.924000,101.594002,17.113001,21.239000,147.065002,0.000000,0.000000,0.000000,0.000000,0.000000,0.000000,0.000000,-456.000000,-1480.000000,40.000000,-2289.000000,50.000000,-466.000000,-16.000000,22.000000,22.000000,22.000000,22.000000,22.000000,22.000000,22.000000,37.000000,37.000000,37.000000,38.000000,39.000000,40.000000,43.000000,1,1,1,1,1,1,1,0,0,0,0,0,0,0,74,5376.550781,837,0,1,0.622635,-0.057615,-0.323627,-3.117000,-0.400000,0.076000,1
1.873230,11.313000,-55.169998,-15.788000,102.009003,17.163000,21.009001,147.063995,0.000000,0.000000,0.000000,0.000000,0.000000,0.000000,0.000000,-456.000000,-1480.000000,40.000000,-2289.000000,50.000000,-466.000000,-16.000000,22.000000,22.000000,22.000000,22.000000,22.000000,22.000000,22.000000,37.000000,37.000000,37.000000,38.000000,39.000000,40.000000,43.000000,1,1,1,1,1,1,1,0,0,0,0,0,0,0,74,5376.550781,837,0,1,0.621453,-0.056932,-0.323627,-3.117000,-0.400000,0.076000,1
1.883212,11.202000,-55.361000,-15.642000,102.449997,17.215000,20.766001,147.063995,0.000000,0.000000,0.000000,0.000000,0.000000,0.000000,0.000000,-456.000000,-1480.000000,40.000000,-2289.000000,50.000000,-466.000000,-16.000000,22.000000,22.000000,22.000000,22.000000,22.000000,22.000000,22.000000,37.000000,37.000000,37.000000,38.000000,39.000000,40.000000,43.000000,1,1,1,1,1,1,1,0,0,0,0,0,0,0,74,5376.550781,837,0,1,0.620194,-0.056206,-0.323627,-3.116000,-0.400000,0.076000,1
1.893187,11.106000,-55.526001,-15.516000,102.831001,17.260000,20.555000,147.065994,0.000000,0.000000,0.000000,0.000000,0.000000,0.000000,0.000000,-456.000000,-1480.000000,40.000000,-2289.000000,50.000000,-466.000000,-16.000000,22.000000,22.000000,22.000000,22.000000,22.000000,22.000000,22.000000,37.000000,37.000000,37.000000,38.000000,39.000000,40.000000,43.000000,1,1,1,1,1,1,1,0,0,0,0,0,0,0,74,5376.549805,837,0,1,0.619103,-0.055576,-0.323627,-3.117000,-0.400000,0.076000,1
1.903230,10.977000,-55.750000,-15.344000,103.348999,17.319000,20.268000,147.072006,0.000000,0.000000,0.000000,0.000000,0.000000,0.000000,0.000000,-456.000000,-1480.000000,40.000000,-2289.000000,50.000000,-466.000000,-16.000000,22.000000,22.000000,22.000000,22.000000,22.000000,22.000000,22.000000,37.000000,37.000000,37.000000,38.000000,39.000000,40.000000,43.000000,1,1,1,1,1,1,1,0,0,0,0,0,0,0,74,5376.550781,835,0,1,0.617616,-0.054717,-0.323627,-3.116000,-0.400000,0.076000,1
1.913382,10.839000,-55.992001,-15.158000,103.906998,17.382999,19.958000,147.080002,0.000000,0.000000,0.000000,0.000000,0.000000,0.000000,0.000000,-456.000000,-1480.000000,40.000000,-2289.000000,50.000000,-466.000000,-16.000000,22.000000,22.000000,22.000000,22.000000,22.000000,22.000000,22.000000,37.000000,37.000000,37.000000,38.000000,39.000000,40.000000,43.000000,1,1,1,1,1,1,1,0,0,0,0,0,0,0,74,5376.549805,836,0,1,0.616004,-0.053786,-0.323627,-3.117000,-0.400000,0.076000,1
1.923240,10.666000,-56.297001,-14.921000,104.612000,17.462999,19.566999,147.091995,0.000000,0.000000,0.000000,0.000000,0.000000,0.000000,0.000000,-456.000000,-1480.000000,40.000000,-2289.000000,50.000000,-466.000000,-16.000000,22.000000,22.000000,22.000000,22.000000,22.000000,22.000000,22.000000,37.000000,37.000000,37.000000,38.000000,39.000000,40.000000,43.000000,1,1,1,1,1,1,1,0,0,0,0,0,0,0,74,5376.549805,836,0,1,0.613960,-0.052607,-0.323627,-3.117000,-0.400000,0.076000,1
1.933316,10.608000,-56.400002,-14.841000,104.848999,17.490000,19.434999,147.097000,0.000000,0.000000,0.000000,0.000000,0.000000,0.000000,0.000000,-456.000000,-1480.000000,40.000000,-2289.000000,50.000000,-466.000000,-16.000000,22.000000,22.000000,22.000000,22.000000,22.000000,22.000000,22.000000,37.000000,37.000000,37.000000,38.000000,39.000000,40.000000,43.000000,1,1,1,1,1,1,1,0,0,0,0,0,0,0,74,5376.549805,837,0,1,0.613269,-0.052208,-0.323627,-3.117000,-0.400000,0.076000,1
1.943256,10.434000,-56.708000,-14.600000,105.558998,17.573000,19.041000,147.113007,0.000000,0.000000,0.000000,0.000000,0.000000,0.000000,0.000000,-456.000000,-1480.000000,40.000000,-2289.000000,50.000000,-466.000000,-16.000000,22.000000,22.000000,22.000000,22.000000,22.000000,22.000000,22.000000,37.000000,37.000000,37.000000,38.000000,39.000000,40.000000,43.000000,1,1,1,1,1,1,1,0,0,0,0,0,0,0,74,5376.550781,837,0,1,0.611195,-0.051010,-0.323627,-3.117000,-0.400000,0.076000,1
1.953268,10.291000,-56.964001,-14.399000,106.147003,17.643000,18.712999,147.126999,0.000000,0.000000,0.000000,0.000000,0.000000,0.000000,0.000000,-456.000000,-1480.000000,40.000000,-2289.000000,50.000000,-466.000000,-16.000000,22.000000,22.000000,22.000000,22.000000,22.000000,22.000000,22.000000,37.000000,37.000000,37.000000,38.000000,39.000000,40.000000,43.000000,1,1,1,1,1,1,1,0,0,0,0,0,0,0,74,5376.549805,836,0,1,0.609467,-0.050013,-0.323627,-3.117000,-0.400000,0.076000,1
1.963376,10.148000,-57.219002,-14.198000,106.732002,17.714001,18.386999,147.143005,0.000000,0.000000,0.000000,0.000000,0.000000,0.000000,0.000000,-456.000000,-1480.000000,40.000000,-2289.000000,50.000000,-466.000000,-16.000000,22.000000,22.000000,22.000000,22.000000,22.000000,22.000000,22.000000,37.000000,37.000000,37.000000,38.000000,39.000000,40.000000,43.000000,1,1,1,1,1,1,1,0,0,0,0,0,0,0,74,5376.549805,837,0,1,0.607739,-0.049015,-0.323627,-3.116000,-0.399000,0.076000,1
1.973401,9.979000,-57.522999,-13.956000,107.431999,17.799999,17.997000,147.164001,0.000000,0.000000,0.000000,0.000000,0.000000,0.000000,0.000000,-456.000000,-1480.000000,40.000000,-2289.000000,50.000000,-466.000000,-16.000000,22.000000,22.000000,22.000000,22.000000,22.000000,22.000000,22.000000,37.000000,37.000000,37.000000,38.000000,39.000000,40.000000,43.000000,1,1,1,1,1,1,1,0,0,0,0,0,0,0,74,5376.549805,837,0,1,0.605665,-0.047817,-0.323627,-3.117000,-0.400000,0.076000,1
1.983279,9.923000,-57.624001,-13.875000,107.664001,17.829000,17.867001,147.171005,0.000000,0.000000,0.000000,0.000000,0.000000,0.000000,0.000000,-456.000000,-1480.000000,40.000000,-2289.000000,50.000000,-466.000000,-16.000000,22.000000,22.000000,22.000000,22.000000,22.000000,22.000000,22.000000,37.000000,37.000000,37.000000,38.000000,39.000000,40.000000,43.000000,1,1,1,1,1,1,1,0,0,0,0,0,0,0,74,5376.549805,835,0,1,0.604974,-0.047418,-0.323627,-3.117000,-0.400000,0.076000,1
1.993261,9.811000,-57.826000,-13.713000,108.126999,17.886999,17.608000,147.186005,0.000000,0.000000,0.000000,0.000000,0.000000,0.000000,0.000000,-456.000000,-1480.000000,40.000000,-2289.000000,50.000000,-466.000000,-16.000000,22.000000,22.000000,22.000000,22.000000,22.000000,22.000000,22.000000,37.000000,37.000000,37.000000,38.000000,39.000000,40.000000,43.000000,1,1,1,1,1,1,1,0,0,0,0,0,0,0,74,5376.550781,836,0,1,0.603591,-0.046620,-0.323627,-3.117000,-0.400000,0.076000,1
2.003374,9.672000,-58.077000,-13.510000,108.704002,17.961000,17.285999,147.207001,0.000000,0.000000,0.000000,0.000000,0.000000,0.000000,0.000000,-456.000000,-1480.000000,40.000000,-2289.000000,50.000000,-466.000000,-16.000000,22.000000,22.000000,22.000000,22.000000,22.000000,22.000000,22.000000,37.000000,37.000000,37.000000,38.000000,39.000000,40.000000,43.000000,1,1,1,1,1,1,1,0,0,0,0,0,0,0,74,5376.550781,837,0,1,0.601863,-0.045622,-0.323627,-3.116000,-0.400000,0.076000,1
2.013288,9.589000,-58.227001,-13.388000,109.049004,18.006001,17.093000,147.220001,0.000000,0.000000,0.000000,0.000000,0.000000,0.000000,0.000000,-456.000000,-1480.000000,40.000000,-2289.000000,50.000000,-466.000000,-16.000000,22.000000,22.000000,22.000000,22.000000,22.000000,22.000000,22.000000,37.000000,37.000000,37.000000,38.000000,39.000000,40.000000,43.000000,1,1,1,1,1,1,1,0,0,0,0,0,0,0,74,5376.550781,838,0,1,0.600826,-0.045024,-0.323627,-3.117000,-0.400000,0.076000,1
2.023268,9.375000,-58.632000,-13.067000,109.972000,18.125000,16.577000,147.251999,0.000000,0.000000,0.000000,0.000000,0.000000,0.000000,0.000000,-456.000000,-1480.000000,40.000000,-2289.000000,50.000000,-466.000000,-16.000000,22.000000,22.000000,22.000000,22.000000,22.000000,22.000000,22.000000,37.000000,37.000000,37.000000,38.000000,39.000000,40.000000,43.000000,1,1,1,1,1,1,1,0,0,0,0,0,0,0,74,5376.549805,836,0,1,0.598029,-0.043448,-0.323627,-3.117000,-0.400000,0.076000,0
2.033257,9.254000,-58.889000,-12.877000,110.552002,18.195999,16.254000,147.266006,0.000000,0.000000,0.000000,0.000000,0.000000,0.000000,0.000000,-456.000000,-1480.000000,40.000000,-2289.000000,50.000000,-466.000000,-16.000000,22.000000,22.000000,22.000000,22.000000,22.000000,22.000000,22.000000,37.000000,37.000000,37.000000,38.000000,39.000000,40.000000,43.000000,1,1,1,1,1,1,1,0,0,0,0,0,0,0,74,5376.549805,838,0,1,0.596250,-0.042512,-0.323627,-3.117000,-0.400000,0.076000,0
2.043286,9.254000,-58.889000,-12.877000,110.552002,18.195999,16.254000,147.266006,0.000000,0.000000,0.000000,0.000000,0.000000,0.000000,0.000000,-456.000000,-1480.000000,40.000000,-2289.000000,50.000000,-466.000000,-16.000000,22.000000,22.000000,22.000000,22.000000,22.000000,22.000000,22.000000,37.000000,37.000000,37.000000,38.000000,39.000000,40.000000,43.000000,1,1,1,1,1,1,1,0,0,0,0,0,0,0,74,5376.549805,836,0,1,0.596250,-0.042512,-0.323627,-3.117000,-0.400000,0.076000,0
2.053252,9.122000,-59.202000,-12.661000,111.250000,18.277000,15.866000,147.276993,0.000000,0.000000,0.000000,0.000000,0.000000,0.000000,0.000000,-456.000000,-1480.000000,40.000000,-2289.000000,50.000000,-466.000000,-16.000000,22.000000,22.000000,22.000000,22.000000,22.000000,22.000000,22.000000,37.000000,37.000000,37.000000,38.000000,39.000000,40.000000,43.000000,1,1,1,1,1,1,1,0,0,0,0,0,0,0,74,5376.550781,836,0,1,0.594087,-0.041444,-0.323627,-3.117000,-0.400000,0.076000,0
2.063297,9.006000,-59.520000,-12.458000,111.949997,18.353001,15.478000,147.279999,0.000000,0.000000,0.000000,0.000000,0.000000,0.000000,0.000000,-456.000000,-1480.000000,40.000000,-2289.000000,50.000000,-466.000000,-16.000000,22.000000,22.000000,22.000000,22.000000,22.000000,22.000000,22.000000,37.000000,37.000000,37.000000,38.000000,39.000000,40.000000,43.000000,1,1,1,1,1,1,1,0,0,0,0,0,0,0,74,5376.550781,836,0,1,0.591895,-0.040436,-0.323627,-3.117000,-0.400000,0.076000,0
2.073424,8.920000,-59.786999,-12.299000,112.533997,18.414000,15.155000,147.276993,0.000000,0.000000,0.000000,0.000000,0.000000,0.000000,0.000000,-456.000000,-1480.000000,40.000000,-2289.000000,50.000000,-466.000000,-16.000000,22.000000,22.000000,22.000000,22.000000,22.000000,22.000000,22.000000,37.000000,37.000000,37.000000,38.000000,39.000000,40.000000,43.000000,1,1,1,1,1,1,1,0,0,0,0,0,0,0,74,5376.549805,836,0,1,0.590048,-0.039643,-0.323627,-3.117000,-0.400000,0.076000,0
2.083280,8.845000,-60.057999,-12.150000,113.117996,18.469999,14.833000,147.268997,0.000000,0.000000,0.000000,0.000000,0.000000,0.000000,0.000000,-456.000000,-1480.000000,40.000000,-2289.000000,50.000000,-466.000000,-16.000000,22.000000,22.000000,22.000000,22.000000,22.000000,22.000000,22.000000,37.000000,37.000000,37.000000,38.000000,39.000000,40.000000,43.000000,1,1,1,1,1,1,1,0,0,0,0,0,0,0,74,5376.547852,836,0,1,0.588183,-0.038893,-0.323627,-3.117000,-0.400000,0.076000,0
2.093265,8.805000,-60.221001,-12.066000,113.469002,18.503000,14.640000,147.261993,0.000000,0.000000,0.000000,0.000000,0.000000,0.000000,0.000000,-456.000000,-1480.000000,40.000000,-2289.000000,50.000000,-466.000000,-16.000000,22.000000,22.000000,22.000000,22.000000,22.000000,22.000000,22.000000,37.000000,37.000000,37.000000,38.000000,39.000000,40.000000,43.000000,1,1,1,1,1,1,1,0,0,0,0,0,0,0,74,5376.549805,836,0,1,0.587056,-0.038464,-0.323627,-3.117000,-0.400000,0.076000,0
2.103238,8.747000,-60.495998,-11.933000,114.053001,18.554001,14.319000,147.244995,0.000000,0.000000,0.000000,0.000000,0.000000,0.000000,0.000000,-456.000000,-1480.000000,40.000000,-2289.000000,50.000000,-466.000000,-16.000000,22.000000,22.000000,22.000000,22.000000,22.000000,22.000000,22.000000,37.000000,37.000000,37.000000,38.000000,39.000000,40.000000,43.000000,1,1,1,1,1,1,1,0,0,0,0,0,0,0,74,5376.549805,838,0,1,0.585164,-0.037784,-0.323627,-3.117000,-0.400000,0.076000,0
2.113245,8.747000,-60.495998,-11.933000,114.053001,18.554001,14.319000,147.244995,0.000000,0.000000,0.000000,0.000000,0.000000,0.000000,0.000000,-456.000000,-1480.000000,40.000000,-2289.000000,50.000000,-466.000000,-16.000000,22.000000,22.000000,22.000000,22.000000,22.000000,22.000000,22.000000,37.000000,37.000000,37.000000,38.000000,39.000000,40.000000,43.000000,1,1,1,1,1,1,1,0,0,0,0,0,0,0,74,5376.549805,838,0,1,0.585164,-0.037784,-0.323627,-3.117000,-0.400000,0.076000,0
2.123284,8.691000,-60.827999,-11.787000,114.754997,18.610001,13.934000,147.218994,0.000000,0.000000,0.000000,0.000000,0.000000,0.000000,0.000000,-456.000000,-1480.000000,40.000000,-2289.000000,50.000000,-466.000000,-16.000000,22.000000,22.000000,22.000000,22.000000,22.000000,22.000000,22.000000,37.000000,37.000000,37.000000,38.000000,39.000000,40.000000,43.000000,1,1,1,1,1,1,1,0,0,0,0,0,0,0,74,5376.547852,837,0,1,0.582874,-0.037026,-0.323627,-3.117000,-0.399000,0.077000,0
2.133270,8.650000,-61.162998,-11.656000,115.456001,18.660000,13.552000,147.184998,0.000000,0.000000,0.000000,0.000000,0.000000,0.000000,0.000000,-456.000000,-1480.000000,40.000000,-2289.000000,50.000000,-466.000000,-16.000000,22.000000,22.000000,22.000000,22.000000,22.000000,22.000000,22.000000,37.000000,37.000000,37.000000,38.000000,39.000000,40.000000,43.000000,1,1,1,1,1,1,1,0,0,0,0,0,0,0,74,5376.549805,836,0,1,0.580564,-0.036331,-0.323627,-3.117000,-0.400000,0.076000,0
2.143291,8.635000,-61.332001,-11.597000,115.806000,18.683001,13.361000,147.164993,0.000000,0.000000,0.000000,0.000000,0.000000,0.000000,0.000000,-456.000000,-1480.000000,40.000000,-2289.000000,50.000000,-466.000000,-16.000000,22.000000,22.000000,22.000000,22.000000,22.000000,22.000000,22.000000,37.000000,37.000000,37.000000,38.000000,39.000000,40.000000,43.000000,1,1,1,1,1,1,1,0,0,0,0,0,0,0,74,5376.550781,836,0,1,0.579401,-0.036008,-0.323628,-3.116000,-0.400000,0.076000,0
2.153304,8.619000,-61.615002,-11.506000,116.389000,18.716999,13.045000,147.126999,0.000000,0.000000,0.000000,0.000000,0.000000,0.000000,0.000000,-456.000000,-1480.000000,40.000000,-2289.000000,50.000000,-466.000000,-16.000000,22.000000,22.000000,22.000000,22.000000,22.000000,22.000000,22.000000,37.000000,37.000000,37.000000,38.000000,39.000000,40.000000,43.000000,1,1,1,1,1,1,1,0,0,0,0,0,0,0,74,5376.549805,837,0,1,0.577455,-0.035506,-0.323627,-3.117000,-0.400000,0.076000,0
2.163326,8.613000,-61.900002,-11.426000,116.970001,18.747000,12.730000,147.085007,0.000000,0.000000,0.000000,0.000000,0.000000,0.000000,0.000000,-456.000000,-1480.000000,40.000000,-2289.000000,50.000000,-466.000000,-16.000000,22.000000,22.000000,22.000000,22.000000,22.000000,22.000000,22.000000,37.000000,37.000000,37.000000,38.000000,39.000000,40.000000,43.000000,1,1,1,1,1,1,1,0,0,0,0,0,0,0,74,5376.550781,836,0,1,0.575498,-0.035049,-0.323627,-3.117000,-0.400000,0.077000,0
2.173304,8.618000,-62.187000,-11.358000,117.550003,18.773001,12.417000,147.035995,0.000000,0.000000,0.000000,0.000000,0.000000,0.000000,0.000000,-456.000000,-1480.000000,40.000000,-2289.000000,50.000000,-466.000000,-16.000000,22.000000,22.000000,22.000000,22.000000,22.000000,22.000000,22.000000,37.000000,37.000000,37.000000,38.000000,39.000000,40.000000,43.000000,1,1,1,1,1,1,1,0,0,0,0,0,0,0,74,5376.550781,837,0,1,0.573530,-0.034638,-0.323627,-3.117000,-0.400000,0.076000,0
2.183281,8.633000,-62.476002,-11.300000,118.128998,18.794001,12.106000,146.983002,0.000000,0.000000,0.000000,0.000000,0.000000,0.000000,0.000000,-456.000000,-1480.000000,40.000000,-2289.000000,50.000000,-466.000000,-16.000000,22.000000,22.000000,22.000000,22.000000,22.000000,22.000000,22.000000,37.000000,37.000000,37.000000,38.000000,39.000000,40.000000,43.000000,1,1,1,1,1,1,1,0,0,0,0,0,0,0,74,5376.547852,837,0,1,0.571553,-0.034272,-0.323627,-3.117000,-0.400000,0.076000,0
2.193287,8.665000,-62.824001,-11.247000,118.820000,18.812000,11.735000,146.910995,0.000000,0.000000,0.000000,0.000000,0.000000,0.000000,0.000000,-456.000000,-1480.000000,40.000000,-2289.000000,50.000000,-466.000000,-16.000000,22.000000,22.000000,22.000000,22.000000,22.000000,22.000000,22.000000,37.000000,37.000000,37.000000,38.000000,39.000000,40.000000,43.000000,1,1,1,1,1,1,1,0,0,0,0,0,0,0,74,5376.550781,835,0,1,0.569170,-0.033893,-0.323627,-3.117000,-0.400000,0.076000,0
2.203254,8.702000,-63.116001,-11.216000,119.393997,18.822001,11.429000,146.845001,0.000000,0.000000,0.000000,0.000000,0.000000,0.000000,0.000000,-456.000000,-1480.000000,40.000000,-2289.000000,50.000000,-466.000000,-16.000000,22.000000,22.000000,22.000000,22.000000,22.000000,22.000000,22.000000,37.000000,37.000000,37.000000,38.000000,39.000000,40.000000,43.000000,1,1,1,1,1,1,1,0,0,0,0,0,0,0,74,5376.550781,836,0,1,0.567178,-0.033629,-0.323627,-3.117000,-0.400000,0.076000,0
2.213248,8.750000,-63.409000,-11.196000,119.964996,18.826000,11.126000,146.774002,0.000000,0.000000,0.000000,0.000000,0.000000,0.000000,0.000000,-456.000000,-1480.000000,40.000000,-2289.000000,50.000000,-466.000000,-16.000000,22.000000,22.000000,22.000000,22.000000,22.000000,22.000000,22.000000,37.000000,37.000000,37.000000,38.000000,39.000000,40.000000,43.000000,1,1,1,1,1,1,1,0,0,0,0,0,0,0,74,5376.550781,835,0,1,0.565179,-0.033410,-0.323627,-3.116000,-0.400000,0.076000,0
2.223285,8.808000,-63.703999,-11.189000,120.532997,18.825001,10.825000,146.697006,0.000000,0.000000,0.000000,0.000000,0.000000,0.000000,0.000000,-456.000000,-1480.000000,40.000000,-2289.000000,50.000000,-466.000000,-16.000000,22.000000,22.000000,22.000000,22.000000,22.000000,22.000000,22.000000,37.000000,37.000000,37.000000,38.000000,39.000000,40.000000,43.000000,1,1,1,1,1,1,1,0,0,0,0,0,0,0,74,5376.549805,838,0,1,0.563177,-0.033238,-0.323627,-3.117000,-0.400000,0.077000,0
2.233275,8.891000,-64.059998,-11.197000,121.210999,18.816000,10.469000,146.597000,0.000000,0.000000,0.000000,0.000000,0.000000,0.000000,0.000000,-456.000000,-1480.000000,40.000000,-2289.000000,50.000000,-466.000000,-16.000000,22.000000,22.000000,22.000000,22.000000,22.000000,22.000000,22.000000,37.000000,37.000000,37.000000,38.000000,39.000000,40.000000,43.000000,1,1,1,1,1,1,1,0,0,0,0,0,0,0,74,5376.550781,836,0,1,0.560769,-0.033093,-0.323627,-3.117000,-0.400000,0.076000,0
2.243290,8.971000,-64.357002,-11.217000,121.772003,18.802000,10.176000,146.507004,0.000000,0.000000,0.000000,0.000000,0.000000,0.000000,0.000000,-456.000000,-1480.000000,40.000000,-2289.000000,50.000000,-466.000000,-16.000000,22.000000,22.000000,22.000000,22.000000,22.000000,22.000000,22.000000,37.000000,37.000000,37.000000,38.000000,39.000000,40.000000,43.000000,1,1,1,1,1,1,1,0,0,0,0,0,0,0,74,5376.550781,837,0,1,0.558759,-0.033023,-0.323627,-3.117000,-0.399000,0.076000,0
2.253245,9.061000,-64.655998,-11.250000,122.329002,18.782000,9.886000,146.410995,0.000000,0.000000,0.000000,0.000000,0.000000,0.000000,0.000000,-456.000000,-1480.000000,40.000000,-2289.000000,50.000000,-466.000000,-16.000000,22.000000,22.000000,22.000000,22.000000,22.000000,22.000000,22.000000,37.000000,37.000000,37.000000,38.000000,39.000000,40.000000,43.000000,1,1,1,1,1,1,1,0,0,0,0,0,0,0,74,5376.549805,837,0,1,0.556750,-0.033000,-0.323627,-3.117000,-0.400000,0.076000,0
2.263268,9.118000,-64.836998,-11.275000,122.663002,18.768999,9.713000,146.352005,0.000000,0.000000,0.000000,0.000000,0.000000,0.000000,0.000000,-456.000000,-1480.000000,40.000000,-2289.000000,50.000000,-466.000000,-16.000000,22.000000,22.000000,22.000000,22.000000,22.000000,22.000000,22.000000,37.000000,37.000000,37.000000,38.000000,39.000000,40.000000,43.000000,1,1,1,1,1,1,1,0,0,0,0,0,0,0,74,5376.551758,836,0,1,0.555537,-0.033000,-0.323627,-3.117000,-0.400000,0.077000,1
2.273370,9.251000,-65.257004,-11.333000,123.440002,18.735001,9.310000,146.214005,0.000000,0.000000,0.000000,0.000000,0.000000,0.000000,0.000000,-456.000000,-1480.000000,40.000000,-2289.000000,50.000000,-466.000000,-16.000000,22.000000,22.000000,22.000000,22.000000,22.000000,22.000000,22.000000,37.000000,37.000000,37.000000,38.000000,39.000000,40.000000,43.000000,1,1,1,1,1,1,1,0,0,0,0,0,0,0,74,5376.549805,839,0,1,0.552708,-0.033000,-0.323627,-3.117000,-0.400000,0.077000,1
2.283284,9.346000,-65.557999,-11.376000,123.994003,18.709999,9.024000,146.115997,0.000000,0.000000,0.000000,0.000000,0.000000,0.000000,0.000000,-456.000000,-1480.000000,40.000000,-2289.000000,50.000000,-466.000000,-16.000000,22.000000,22.000000,22.000000,22.000000,22.000000,22.000000,22.000000,37.000000,37.000000,37.000000,38.000000,39.000000,40.000000,43.000000,1,1,1,1,1,1,1,0,0,0,0,0,0,0,74,5376.549805,835,0,1,0.550688,-0.033000,-0.323627,-3.117000,-0.400000,0.077000,1
2.293359,9.404000,-65.737999,-11.403000,124.324997,18.694000,8.853000,146.057999,0.000000,0.000000,0.000000,0.000000,0.000000,0.000000,0.000000,-456.000000,-1480.000000,40.000000,-2289.000000,50.000000,-466.000000,-16.000000,22.000000,22.000000,22.000000,22.000000,22.000000,22.000000,22.000000,37.000000,37.000000,37.000000,38.000000,39.000000,40.000000,43.000000,1,1,1,1,1,1,1,0,0,0,0,0,0,0,74,5376.549805,838,0,1,0.549475,-0.033000,-0.323627,-3.117000,-0.400000,0.076000,1
2.303284,9.499000,-66.039001,-11.448000,124.875999,18.667000,8.570000,145.960007,0.000000,0.000000,0.000000,0.000000,0.000000,0.000000,0.000000,-456.000000,-1480.000000,40.000000,-2289.000000,50.000000,-466.000000,-16.000000,22.000000,22.000000,22.000000,22.000000,22.000000,22.000000,22.000000,37.000000,37.000000,37.000000,38.000000,39.000000,40.000000,43.000000,1,1,1,1,1,1,1,0,0,0,0,0,0,0,74,5376.549805,836,0,1,0.547455,-0.033000,-0.323627,-3.117000,-0.400000,0.077000,1
2.313284,9.594000,-66.338997,-11.495000,125.425003,18.639999,8.287000,145.863007,0.000000,0.000000,0.000000,0.000000,0.000000,0.000000,0.000000,-456.000000,-1480.000000,40.000000,-2289.000000,50.000000,-466.000000,-16.000000,22.000000,22.000000,22.000000,22.000000,22.000000,22.000000,22.000000,37.000000,37.000000,37.000000,38.000000,39.000000,40.000000,43.000000,1,1,1,1,1,1,1,0,0,0,0,0,0,0,74,5376.549805,836,0,1,0.545434,-0.033000,-0.323627,-3.117000,-0.400000,0.077000,1
2.323255,9.709000,-66.697998,-11.553000,126.080002,18.605000,7.951000,145.748001,0.000000,0.000000,0.000000,0.000000,0.000000,0.000000,0.000000,-456.000000,-1480.000000,40.000000,-2289.000000,50.000000,-466.000000,-16.000000,22.000000,22.000000,22.000000,22.000000,22.000000,22.000000,22.000000,37.000000,37.000000,37.000000,38.000000,39.000000,40.000000,43.000000,1,1,1,1,1,1,1,0,0,0,0,0,0,0,74,5376.550781,836,0,1,0.543017,-0.033000,-0.323627,-3.117000,-0.400000,0.076000,1
2.333309,9.801000,-66.987999,-11.601000,126.606003,18.577000,7.681000,145.654007,0.000000,0.000000,0.000000,0.000000,0.000000,0.000000,0.000000,-456.000000,-1480.000000,40.000000,-2289.000000,50.000000,-466.000000,-16.000000,22.000000,22.000000,22.000000,22.000000,22.000000,22.000000,22.000000,37.000000,37.000000,37.000000,38.000000,39.000000,40.000000,43.000000,1,1,1,1,1,1,1,0,0,0,0,0,0,0,74,5376.549805,837,0,1,0.541068,-0.033000,-0.323627,-3.117000,-0.400000,0.076000,1
2.343325,9.887000,-67.258003,-11.648000,127.096001,18.551001,7.431000,145.565994,0.000000,0.000000,0.000000,0.000000,0.000000,0.000000,0.000000,-456.000000,-1480.000000,40.000000,-2289.000000,50.000000,-466.000000,-16.000000,22.000000,22.000000,22.000000,22.000000,22.000000,22.000000,22.000000,37.000000,37.000000,37.000000,38.000000,39.000000,40.000000,43.000000,1,1,1,1,1,1,1,0,0,0,0,0,0,0,74,5376.549805,838,0,1,0.539249,-0.033000,-0.323627,-3.117000,-0.400000,0.076000,1
2.353374,9.980000,-67.551003,-11.700000,127.625999,18.524000,7.160000,145.468002,0.000000,0.000000,0.000000,0.000000,0.000000,0.000000,0.000000,-456.000000,-1480.000000,40.000000,-2289.000000,50.000000,-466.000000,-16.000000,22.000000,22.000000,22.000000,22.000000,22.000000,22.000000,22.000000,37.000000,37.000000,37.000000,38.000000,39.000000,40.000000,43.000000,1,1,1,1,1,1,1,0,0,0,0,0,0,0,74,5376.549805,836,0,1,0.537276,-0.033000,-0.323627,-3.117000,-0.400000,0.077000,1
2.363310,10.050000,-67.773003,-11.740000,128.024994,18.504999,6.957000,145.393005,0.000000,0.000000,0.000000,0.000000,0.000000,0.000000,0.000000,-456.000000,-1480.000000,40.000000,-2289.000000,50.000000,-466.000000,-16.000000,22.000000,22.000000,22.000000,22.000000,22.000000,22.000000,22.000000,37.000000,37.000000,37.000000,38.000000,39.000000,40.000000,43.000000,1,1,1,1,1,1,1,0,0,0,0,0,0,0,74,5376.550781,836,0,1,0.535785,-0.033000,-0.323627,-3.117000,-0.400000,0.077000,1
2.373387,10.077000,-67.857002,-11.755000,128.177994,18.497999,6.880000,145.363998,0.000000,0.000000,0.000000,0.000000,0.000000,0.000000,0.000000,-456.000000,-1480.000000,40.000000,-2289.000000,50.000000,-466.000000,-16.000000,22.000000,22.000000,22.000000,22.000000,22.000000,22.000000,22.000000,37.000000,37.000000,37.000000,38.000000,39.000000,40.000000,43.000000,1,1,1,1,1,1,1,0,0,0,0,0,0,0,74,5376.550781,838,0,1,0.535215,-0.033000,-0.323627,-3.117000,-0.400000,0.077000,1
2.384287,10.171000,-68.183998,-11.804000,128.770996,18.476000,6.577000,145.257004,0.000000,0.000000,0.000000,0.000000,0.000000,0.000000,0.000000,-456.000000,-1480.000000,40.000000,-2289.000000,50.000000,-466.000000,-16.000000,22.000000,22.000000,22.000000,22.000000,22.000000,22.000000,22.000000,37.000000,37.000000,37.000000,38.000000,39.000000,40.000000,43.000000,1,1,1,1,1,1,1,0,0,0,0,0,0,0,74,5376.549805,835,0,1,0.533005,-0.032951,-0.323627,-3.117000,-0.400000,0.076000,0
2.394233,10.206000,-68.380997,-11.803000,129.141998,18.476999,6.384000,145.209000,0.000000,0.000000,0.000000,0.000000,0.000000,0.000000,0.000000,-456.000000,-1480.000000,40.000000,-2289.000000,50.000000,-466.000000,-16.000000,22.000000,22.000000,22.000000,22.000000,22.000000,22.000000,22.000000,37.000000,37.000000,37.000000,38.000000,39.000000,40.000000,43.000000,1,1,1,1,1,1,1,0,0,0,0,0,0,0,74,5376.549805,836,0,1,0.531642,-0.032806,-0.323627,-3.117000,-0.399000,0.077000,0
2.404208,10.217000,-68.497002,-11.790000,129.365997,18.483999,6.265000,145.186005,0.000000,0.000000,0.000000,0.000000,0.000000,0.000000,0.000000,-456.000000,-1480.000000,40.000000,-2289.000000,50.000000,-466.000000,-16.000000,22.000000,22.000000,22.000000,22.000000,22.000000,22.000000,22.000000,37.000000,37.000000,37.000000,38.000000,39.000000,40.000000,43.000000,1,1,1,1,1,1,1,0,0,0,0,0,0,0,74,5376.549805,837,0,1,0.530831,-0.032673,-0.323627,-3.117000,-0.400000,0.076000,0
2.414312,10.221000,-68.683998,-11.747000,129.738998,18.506001,6.066000,145.160004,0.000000,0.000000,0.000000,0.000000,0.000000,0.000000,0.000000,-456.000000,-1480.000000,40.000000,-2289.000000,50.000000,-466.000000,-16.000000,22.000000,22.000000,22.000000,22.000000,22.000000,22.000000,22.000000,37.000000,37.000000,37.000000,38.000000,39.000000,40.000000,43.000000,1,1,1,1,1,1,1,0,0,0,0,0,0,0,74,5376.550781,837,0,1,0.529493,-0.032375,-0.323627,-3.117000,-0.400000,0.077000,0
2.424314,10.199000,-68.899002,-11.660000,130.184006,18.549999,5.823000,145.149002,0.000000,0.000000,0.000000,0.000000,0.000000,0.000000,0.000000,-456.000000,-1480.000000,40.000000,-2289.000000,50.000000,-466.000000,-16.000000,22.000000,22.000000,22.000000,22.000000,22.000000,22.000000,22.000000,37.000000,37.000000,37.000000,38.000000,39.000000,40.000000,43.000000,1,1,1,1,1,1,1,0,0,0,0,0,0,0,74,5376.550781,836,0,1,0.527921,-0.031893,-0.323627,-3.117000,-0.400000,0.076000,0
2.434291,10.160000,-69.068001,-11.557000,130.550995,18.601999,5.618000,145.156006,0.000000,0.000000,0.000000,0.000000,0.000000,0.000000,0.000000,-456.000000,-1480.000000,40.000000,-2289.000000,50.000000,-466.000000,-16.000000,22.000000,22.000000,22.000000,22.000000,22.000000,22.000000,22.000000,37.000000,37.000000,37.000000,38.000000,39.000000,40.000000,43.000000,1,1,1,1,1,1,1,0,0,0,0,0,0,0,74,5376.549805,836,0,1,0.526646,-0.031392,-0.323627,-3.117000,-0.400000,0.076000,0
2.444291,10.100000,-69.227997,-11.428000,130.912003,18.666000,5.413000,145.179001,0.000000,0.000000,0.000000,0.000000,0.000000,0.000000,0.000000,-456.000000,-1480.000000,40.000000,-2289.000000,50.000000,-466.000000,-16.000000,22.000000,22.000000,22.000000,22.000000,22.000000,22.000000,22.000000,37.000000,37.000000,37.000000,38.000000,39.000000,40.000000,43.000000,1,1,1,1,1,1,1,0,0,0,0,0,0,0,74,5376.549805,836,0,1,0.525408,-0.030800,-0.323627,-3.117000,-0.400000,0.076000,0
2.454239,10.022000,-69.377998,-11.272000,131.266006,18.745001,5.209000,145.218002,0.000000,0.000000,0.000000,0.000000,0.000000,0.000000,0.000000,-456.000000,-1480.000000,40.000000,-2289.000000,50.000000,-466.000000,-16.000000,22.000000,22.000000,22.000000,22.000000,22.000000,22.000000,22.000000,37.000000,37.000000,37.000000,38.000000,39.000000,40.000000,43.000000,1,1,1,1,1,1,1,0,0,0,0,0,0,0,74,5376.549805,837,0,1,0.524216,-0.030123,-0.323627,-3.117000,-0.400000,0.077000,0
2.464264,9.903000,-69.542000,-11.049000,131.677994,18.856001,4.966000,145.283997,0.000000,0.000000,0.000000,0.000000,0.000000,0.000000,0.000000,-456.000000,-1480.000000,40.000000,-2289.000000,50.000000,-466.000000,-16.000000,22.000000,22.000000,22.000000,22.000000,22.000000,22.000000,22.000000,37.000000,37.000000,37.000000,38.000000,39.000000,40.000000,43.000000,1,1,1,1,1,1,1,0,0,0,0,0,0,0,74,5376.550781,836,0,1,0.522854,-0.029202,-0.323627,-3.117000,-0.400000,0.076000,0
2.474301,9.784000,-69.667000,-10.836000,132.007996,18.964001,4.766000,145.356003,0.000000,0.000000,0.000000,0.000000,0.000000,0.000000,0.000000,-456.000000,-1480.000000,40.000000,-2289.000000,50.000000,-466.000000,-16.000000,22.000000,22.000000,22.000000,22.000000,22.000000,22.000000,22.000000,37.000000,37.000000,37.000000,38.000000,39.000000,40.000000,43.000000,1,1,1,1,1,1,1,0,0,0,0,0,0,0,74,5376.549805,836,0,1,0.521781,-0.028349,-0.323628,-3.117000,-0.399000,0.076000,0
2.484315,9.646000,-69.778000,-10.597000,132.324005,19.084999,4.570000,145.442001,0.000000,0.000000,0.000000,0.000000,0.000000,0.000000,0.000000,-456.000000,-1480.000000,40.000000,-2289.000000,50.000000,-466.000000,-16.000000,22.000000,22.000000,22.000000,22.000000,22.000000,22.000000,22.000000,37.000000,37.000000,37.000000,38.000000,39.000000,40.000000,43.000000,1,1,1,1,1,1,1,0,0,0,0,0,0,0,74,5376.549805,836,0,1,0.520771,-0.027422,-0.323628,-3.117000,-0.399000,0.076000,0
2.494245,9.491000,-69.876999,-10.334000,132.625000,19.219000,4.379000,145.542007,0.000000,0.000000,0.000000,0.000000,0.000000,0.000000,0.000000,-456.000000,-1480.000000,40.000000,-2289.000000,50.000000,-466.000000,-16.000000,22.000000,22.000000,22.000000,22.000000,22.000000,22.000000,22.000000,37.000000,37.000000,37.000000,38.000000,39.000000,40.000000,43.000000,1,1,1,1,1,1,1,0,0,0,0,0,0,0,74,5376.549805,836,0,1,0.519830,-0.026425,-0.323628,-3.117000,-0.399000,0.076000,0
2.504285,9.319000,-69.961998,-10.048000,132.908997,19.365000,4.195000,145.656006,0.000000,0.000000,0.000000,0.000000,0.000000,0.000000,0.000000,-456.000000,-1480.000000,40.000000,-2289.000000,50.000000,-466.000000,-16.000000,22.000000,22.000000,22.000000,22.000000,22.000000,22.000000,22.000000,37.000000,37.000000,37.000000,38.000000,39.000000,40.000000,43.000000,1,1,1,1,1,1,1,0,0,0,0,0,0,0,74,5376.549805,836,0,1,0.518961,-0.025365,-0.323628,-3.117000,-0.399000,0.076000,0
2.514258,9.091000,-70.046997,-9.676000,133.225006,19.556000,3.983000,145.809998,0.000000,0.000000,0.000000,0.000000,0.000000,0.000000,0.000000,-456.000000,-1480.000000,40.000000,-2289.000000,50.000000,-466.000000,-16.000000,22.000000,22.000000,22.000000,22.000000,22.000000,22.000000,22.000000,37.000000,37.000000,37.000000,38.000000,39.000000,40.000000,43.000000,1,1,1,1,1,1,1,0,0,0,0,0,0,0,74,5376.550781,836,0,1,0.518021,-0.024016,-0.323628,-3.117000,-0.399000,0.076000,0
2.524276,9.010000,-70.070000,-9.545000,133.324005,19.622999,3.916000,145.865005,0.000000,0.000000,0.000000,0.000000,0.000000,0.000000,0.000000,-456.000000,-1480.000000,40.000000,-2289.000000,50.000000,-466.000000,-16.000000,22.000000,22.000000,22.000000,22.000000,22.000000,22.000000,22.000000,37.000000,37.000000,37.000000,38.000000,39.000000,40.000000,43.000000,1,1,1,1,1,1,1,0,0,0,0,0,0,0,74,5376.549805,836,0,1,0.517734,-0.023549,-0.323628,-3.117000,-0.399000,0.076000,0
2.534269,8.754000,-70.127998,-9.135000,133.598999,19.834000,3.721000,146.042007,0.000000,0.000000,0.000000,0.000000,0.000000,0.000000,0.000000,-456.000000,-1480.000000,40.000000,-2289.000000,50.000000,-466.000000,-16.000000,22.000000,22.000000,22.000000,22.000000,22.000000,22.000000,22.000000,37.000000,37.000000,37.000000,38.000000,39.000000,40.000000,43.000000,1,1,1,1,1,1,1,0,0,0,0,0,0,0,74,5376.549805,837,0,1,0.516952,-0.022102,-0.323628,-3.117000,-0.399000,0.076000,0
2.544339,8.524000,-70.162003,-8.775000,133.802994,20.021000,3.571000,146.201996,0.000000,0.000000,0.000000,0.000000,0.000000,0.000000,0.000000,-456.000000,-1480.000000,40.000000,-2289.000000,50.000000,-466.000000,-16.000000,22.000000,22.000000,22.000000,22.000000,22.000000,22.000000,22.000000,37.000000,37.000000,37.000000,38.000000,39.000000,40.000000,43.000000,1,1,1,1,1,1,1,0,0,0,0,0,0,0,74,5376.549805,835,0,1,0.516396,-0.020849,-0.323628,-3.117000,-0.399000,0.076000,0
2.554260,8.282000,-70.181000,-8.398000,133.983994,20.216000,3.432000,146.371002,0.000000,0.000000,0.000000,0.000000,0.000000,0.000000,0.000000,-456.000000,-1480.000000,40.000000,-2289.000000,50.000000,-466.000000,-16.000000,22.000000,22.000000,22.000000,22.000000,22.000000,22.000000,22.000000,37.000000,37.000000,37.000000,38.000000,39.000000,40.000000,43.000000,1,1,1,1,1,1,1,0,0,0,0,0,0,0,74,5376.550781,837,0,1,0.515930,-0.019560,-0.323628,-3.117000,-0.399000,0.076000,0
2.564203,8.028000,-70.186996,-8.009000,134.138000,20.419001,3.305000,146.548996,0.000000,0.000000,0.000000,0.000000,0.000000,0.000000,0.000000,-456.000000,-1480.000000,40.000000,-2289.000000,50.000000,-466.000000,-16.000000,22.000000,22.000000,22.000000,22.000000,22.000000,22.000000,22.000000,37.000000,37.000000,37.000000,38.000000,39.000000,40.000000,43.000000,1,1,1,1,1,1,1,0,0,0,0,0,0,0,74,5376.550781,837,0,1,0.515557,-0.018241,-0.323628,-3.117000,-0.399000,0.076000,0
2.574304,7.762000,-70.179001,-7.609000,134.266998,20.628000,3.193000,146.733994,0.000000,0.000000,0.000000,0.000000,0.000000,0.000000,0.000000,-456.000000,-1480.000000,40.000000,-2289.000000,50.000000,-466.000000,-16.000000,22.000000,22.000000,22.000000,22.000000,22.000000,22.000000,22.000000,37.000000,37.000000,37.000000,38.000000,39.000000,40.000000,43.000000,1,1,1,1,1,1,1,0,0,0,0,0,0,0,74,5376.549805,835,0,1,0.515278,-0.016899,-0.323628,-3.117000,-0.399000,0.076000,0
2.584249,7.432000,-70.153000,-7.118000,134.384995,20.886000,3.076000,146.964005,0.000000,0.000000,0.000000,0.000000,0.000000,0.000000,0.000000,-456.000000,-1480.000000,40.000000,-2289.000000,50.000000,-466.000000,-16.000000,22.000000,22.000000,22.000000,22.000000,22.000000,22.000000,22.000000,37.000000,37.000000,37.000000,38.000000,39.000000,40.000000,43.000000,1,1,1,1,1,1,1,0,0,0,0,0,0,0,74,5376.549805,838,0,1,0.515069,-0.015268,-0.323628,-3.117000,-0.399000,0.076000,0
2.594234,7.147000,-70.117996,-6.703000,134.453003,21.105000,2.996000,147.160995,0.000000,0.000000,0.000000,0.000000,0.000000,0.000000,0.000000,-456.000000,-1480.000000,40.000000,-2289.000000,50.000000,-466.000000,-16.000000,22.000000,22.000000,22.000000,22.000000,22.000000,22.000000,22.000000,37.000000,37.000000,37.000000,38.000000,39.000000,40.000000,43.000000,1,1,1,1,1,1,1,0,0,0,0,0,0,0,74,5376.549805,836,0,1,0.515001,-0.013899,-0.323628,-3.116000,-0.399000,0.076000,0
2.604224,6.973000,-70.091003,-6.452000,134.483002,21.238001,2.954000,147.281006,0.000000,0.000000,0.000000,0.000000,0.000000,0.000000,0.000000,-456.000000,-1480.000000,40.000000,-2289.000000,50.000000,-466.000000,-16.000000,22.000000,22.000000,22.000000,22.000000,22.000000,22.000000,22.000000,37.000000,37.000000,37.000000,38.000000,39.000000,40.000000,43.000000,1,1,1,1,1,1,1,0,0,0,0,0,0,0,74,5376.550781,837,0,1,0.514999,-0.013074,-0.323628,-3.116000,-0.399000,0.076000,1
2.614253,6.674000,-70.046997,-6.022000,134.529007,21.464001,2.885000,147.488007,0.000000,0.000000,0.000000,0.000000,0.000000,0.000000,0.000000,-456.000000,-1480.000000,40.000000,-2289.000000,50.000000,-466.000000,-16.000000,22.000000,22.000000,22.000000,22.000000,22.000000,22.000000,22.000000,37.000000,37.000000,37.000000,38.000000,39.000000,40.000000,43.000000,1,1,1,1,1,1,1,0,0,0,0,0,0,0,74,5376.549805,836,0,1,0.514999,-0.011665,-0.323628,-3.116000,-0.399000,0.076000,1
2.624212,6.351000,-70.001999,-5.559000,134.576996,21.707001,2.814000,147.710999,0.000000,0.000000,0.000000,0.000000,0.000000,0.000000,0.000000,-456.000000,-1480.000000,40.000000,-2289.000000,50.000000,-466.000000,-16.000000,22.000000,22.000000,22.000000,22.000000,22.000000,22.000000,22.000000,37.000000,37.000000,37.000000,38.000000,39.000000,40.000000,43.000000,1,1,1,1,1,1,1,0,0,0,0,0,0,0,74,5376.549805,836,0,1,0.514999,-0.010151,-0.323628,-3.116000,-0.399000,0.076000,1
2.634205,6.142000,-69.973000,-5.259000,134.604996,21.864000,2.770000,147.856003,0.000000,0.000000,0.000000,0.000000,0.000000,0.000000,0.000000,-456.000000,-1480.000000,40.000000,-2289.000000,50.000000,-466.000000,-16.000000,22.000000,22.000000,22.000000,22.000000,22.000000,22.000000,22.000000,37.000000,37.000000,37.000000,38.000000,39.000000,40.000000,43.000000,1,1,1,1,1,1,1,0,0,0,0,0,0,0,74,5376.549805,836,0,1,0.514999,-0.009172,-0.323628,-3.116000,-0.399000,0.076000,1
2.644290,5.521000,-69.894997,-4.375000,134.681000,22.323000,2.648000,148.287994,0.000000,0.000000,0.000000,0.000000,0.000000,0.000000,0.000000,-456.000000,-1480.000000,40.000000,-2289.000000,50.000000,-466.000000,-16.000000,22.000000,22.000000,22.000000,22.000000,22.000000,22.000000,22.000000,37.000000,37.000000,37.000000,38.000000,39.000000,40.000000,43.000000,1,1,1,1,1,1,1,0,0,0,0,0,0,0,74,5376.549805,837,0,1,0.514999,-0.006293,-0.323628,-3.116000,-0.399000,0.076000,1
2.654244,5.011000,-69.835999,-3.652000,134.733994,22.695999,2.558000,148.641998,0.000000,0.000000,0.000000,0.000000,0.000000,0.000000,0.000000,-456.000000,-1480.000000,40.000000,-2289.000000,50.000000,-466.000000,-16.000000,22.000000,22.000000,22.000000,22.000000,22.000000,22.000000,22.000000,37.000000,37.000000,37.000000,38.000000,39.000000,40.000000,43.000000,1,1,1,1,1,1,1,0,0,0,0,0,0,0,74,5376.549805,836,0,1,0.514999,-0.003948,-0.323628,-3.116000,-0.399000,0.076000,1
2.664255,4.576000,-69.791000,-3.040000,134.772995,23.011000,2.487000,148.942993,0.000000,0.000000,0.000000,0.000000,0.000000,0.000000,0.000000,-456.000000,-1480.000000,40.000000,-2289.000000,50.000000,-466.000000,-16.000000,22.000000,22.000000,22.000000,22.000000,22.000000,22.000000,22.000000,37.000000,37.000000,37.000000,38.000000,39.000000,40.000000,43.000000,1,1,1,1,1,1,1,0,0,0,0,0,0,0,74,5376.549805,837,0,1,0.514998,-0.001964,-0.323628,-3.116000,-0.399000,0.076000,1
2.674261,4.314000,-69.764999,-2.672000,134.792999,23.201000,2.448000,149.123993,0.000000,0.000000,0.000000,0.000000,0.000000,0.000000,0.000000,-456.000000,-1480.000000,40.000000,-2289.000000,50.000000,-466.000000,-16.000000,22.000000,22.000000,22.000000,22.000000,22.000000,22.000000,22.000000,37.000000,37.000000,37.000000,38.000000,39.000000,40.000000,43.000000,1,1,1,1,1,1,1,0,0,0,0,0,0,0,74,5376.550781,836,0,1,0.514999,-0.000774,-0.323628,-3.116000,-0.399000,0.076000,1
2.684273,3.786000,-69.719002,-1.936000,134.826996,23.580999,2.375000,149.487000,0.000000,0.000000,0.000000,0.000000,0.000000,0.000000,0.000000,-456.000000,-1480.000000,40.000000,-2289.000000,50.000000,-466.000000,-16.000000,22.000000,22.000000,22.000000,22.000000,22.000000,22.000000,22.000000,37.000000,37.000000,37.000000,38.000000,39.000000,40.000000,43.000000,1,1,1,1,1,1,1,0,0,0,0,0,0,0,74,5376.549805,836,0,1,0.514999,0.001607,-0.323628,-3.116000,-0.399000,0.076000,1
2.694217,3.344000,-69.683998,-1.322000,134.848007,23.898001,2.321000,149.789993,0.000000,0.000000,0.000000,0.000000,0.000000,0.000000,0.000000,-456.000000,-1480.000000,40.000000,-2289.000000,50.000000,-466.000000,-16.000000,22.000000,22.000000,22.000000,22.000000,22.000000,22.000000,22.000000,37.000000,37.000000,37.000000,38.000000,39.000000,40.000000,43.000000,1,1,1,1,1,1,1,0,0,0,0,0,0,0,74,5376.549805,837,0,1,0.514999,0.003591,-0.323628,-3.116000,-0.399000,0.076000,1
2.704288,2.898000,-69.653999,-0.707000,134.863998,24.215000,2.273000,150.093994,0.000000,0.000000,0.000000,0.000000,0.000000,0.000000,0.000000,-456.000000,-1480.000000,40.000000,-2289.000000,50.000000,-466.000000,-16.000000,22.000000,22.000000,22.000000,22.000000,22.000000,22.000000,22.000000,37.000000,37.000000,37.000000,38.000000,39.000000,40.000000,43.000000,1,1,1,1,1,1,1,0,0,0,0,0,0,0,74,5376.549805,837,0,1,0.514999,0.005576,-0.323628,-3.116000,-0.399000,0.076000,1
2.714271,2.450000,-69.626999,-0.093000,134.873993,24.532000,2.230000,150.399002,0.000000,0.000000,0.000000,0.000000,0.000000,0.000000,0.000000,-456.000000,-1480.000000,40.000000,-2289.000000,50.000000,-466.000000,-16.000000,22.000000,22.000000,22.000000,22.000000,22.000000,22.000000,22.000000,37.000000,37.000000,37.000000,38.000000,39.000000,40.000000,43.000000,1,1,1,1,1,1,1,0,0,0,0,0,0,0,74,5376.549805,836,0,1,0.514999,0.007560,-0.323628,-3.116000,-0.399000,0.076000,1
2.724231,1.908000,-69.600998,0.643000,134.878006,24.912001,2.188000,150.766006,0.000000,0.000000,0.000000,0.000000,0.000000,0.000000,0.000000,-456.000000,-1480.000000,40.000000,-2289.000000,50.000000,-466.000000,-16.000000,22.000000,22.000000,22.000000,22.000000,22.000000,22.000000,22.000000,37.000000,37.000000,37.000000,38.000000,39.000000,40.000000,43.000000,1,1,1,1,1,1,1,0,0,0,0,0,0,0,74,5376.549805,837,0,1,0.514999,0.009941,-0.323628,-3.116000,-0.399000,0.076000,1
2.734294,1.454000,-69.584000,1.257000,134.875000,25.229000,2.159000,151.070999,0.000000,0.000000,0.000000,0.000000,0.000000,0.000000,0.000000,-456.000000,-1480.000000,40.000000,-2289.000000,50.000000,-466.000000,-16.000000,22.000000,22.000000,22.000000,22.000000,22.000000,22.000000,22.000000,37.000000,37.000000,37.000000,38.000000,39.000000,40.000000,43.000000,1,1,1,1,1,1,1,0,0,0,0,0,0,0,74,5376.547852,836,0,1,0.514999,0.011926,-0.323628,-3.116000,-0.399000,0.076000,1
2.744272,0.998000,-69.571999,1.870000,134.865997,25.546000,2.137000,151.378006,0.000000,0.000000,0.000000,0.000000,0.000000,0.000000,0.000000,-456.000000,-1480.000000,40.000000,-2289.000000,50.000000,-466.000000,-16.000000,22.000000,22.000000,22.000000,22.000000,22.000000,22.000000,22.000000,37.000000,37.000000,37.000000,38.000000,39.000000,40.000000,43.000000,1,1,1,1,1,1,1,0,0,0,0,0,0,0,74,5376.550781,836,0,1,0.514999,0.013909,-0.323628,-3.116000,-0.399000,0.076000,1
2.754310,0.543000,-69.563004,2.477000,134.852005,25.858999,2.121000,151.682007,0.000000,0.000000,0.000000,0.000000,0.000000,0.000000,0.000000,-456.000000,-1480.000000,40.000000,-2289.000000,50.000000,-466.000000,-16.000000,22.000000,22.000000,22.000000,22.000000,22.000000,22.000000,22.000000,37.000000,37.000000,37.000000,38.000000,39.000000,40.000000,43.000000,1,1,1,1,1,1,1,0,0,0,0,0,0,0,74,5376.550781,836,0,1,0.514999,0.015877,-0.323628,-3.116000,-0.399000,0.076000,1
2.764316,0.006000,-69.559998,3.186000,134.826996,26.226999,2.110000,152.039001,0.000000,0.000000,0.000000,0.000000,0.000000,0.000000,0.000000,-456.000000,-1480.000000,40.000000,-2289.000000,50.000000,-466.000000,-16.000000,22.000000,22.000000,22.000000,22.000000,22.000000,22.000000,22.000000,37.000000,37.000000,37.000000,38.000000,39.000000,40.000000,43.000000,1,1,1,1,1,1,1,0,0,0,0,0,0,0,74,5376.550781,837,0,1,0.514999,0.018182,-0.323628,-3.116000,-0.399000,0.076000,1
2.774336,-0.167000,-69.559998,3.416000,134.817001,26.346001,2.108000,152.154007,0.000000,0.000000,0.000000,0.000000,0.000000,0.000000,0.000000,-456.000000,-1480.000000,40.000000,-2289.000000,50.000000,-466.000000,-16.000000,22.000000,22.000000,22.000000,22.000000,22.000000,22.000000,22.000000,37.000000,37.000000,37.000000,38.000000,39.000000,40.000000,43.000000,1,1,1,1,1,1,1,0,0,0,0,0,0,0,74,5376.550781,836,0,1,0.514999,0.018930,-0.323628,-3.116000,-0.399000,0.076000,1
2.784325,-0.591000,-69.563004,3.971000,134.789993,26.635000,2.108000,152.434006,0.000000,0.000000,0.000000,0.000000,0.000000,0.000000,0.000000,-456.000000,-1480.000000,40.000000,-2289.000000,50.000000,-466.000000,-16.000000,22.000000,22.000000,22.000000,22.000000,22.000000,22.000000,22.000000,37.000000,37.000000,37.000000,38.000000,39.000000,40.000000,43.000000,1,1,1,1,1,1,1,0,0,0,0,0,0,0,74,5376.549805,835,0,1,0.514999,0.020741,-0.323628,-3.116000,-0.399000,0.076000,1
2.794312,-1.071000,-69.570999,4.595000,134.753998,26.959999,2.114000,152.748993,0.000000,0.000000,0.000000,0.000000,0.000000,0.000000,0.000000,-456.000000,-1480.000000,40.000000,-2289.000000,50.000000,-466.000000,-16.000000,22.000000,22.000000,22.000000,22.000000,22.000000,22.000000,22.000000,37.000000,37.000000,37.000000,38.000000,39.000000,40.000000,43.000000,1,1,1,1,1,1,1,0,0,0,0,0,0,0,74,5376.549805,837,0,1,0.514999,0.022779,-0.323628,-3.116000,-0.399000,0.076000,1
2.804241,-1.441000,-69.580002,5.072000,134.722000,27.209999,2.123000,152.990997,0.000000,0.000000,0.000000,0.000000,0.000000,0.000000,0.000000,-456.000000,-1480.000000,40.000000,-2289.000000,50.000000,-466.000000,-16.000000,22.000000,22.000000,22.000000,22.000000,22.000000,22.000000,22.000000,37.000000,37.000000,37.000000,38.000000,39.000000,40.000000,43.000000,1,1,1,1,1,1,1,0,0,0,0,0,0,0,74,5376.549805,835,0,1,0.514999,0.024344,-0.323628,-3.116000,-0.399000,0.076000,1
2.814298,-1.779000,-69.592003,5.506000,134.688995,27.438000,2.136000,153.210007,0.000000,0.000000,0.000000,0.000000,0.000000,0.000000,0.000000,-456.000000,-1480.000000,40.000000,-2289.000000,50.000000,-466.000000,-16.000000,22.000000,22.000000,22.000000,22.000000,22.000000,22.000000,22.000000,37.000000,37.000000,37.000000,38.000000,39.000000,40.000000,43.000000,1,1,1,1,1,1,1,0,0,0,0,0,0,0,74,5376.547852,834,0,1,0.514999,0.025771,-0.323628,-3.116000,-0.399000,0.076000,1
2.824208,-2.083000,-69.603996,5.894000,134.658005,27.643000,2.149000,153.406006,0.000000,0.000000,0.000000,0.000000,0.000000,0.000000,0.000000,-456.000000,-1480.000000,40.000000,-2289.000000,50.000000,-466.000000,-16.000000,22.000000,22.000000,22.000000,22.000000,22.000000,22.000000,22.000000,37.000000,37.000000,37.000000,38.000000,39.000000,40.000000,43.000000,1,1,1,1,1,1,1,0,0,0,0,0,0,0,74,5376.549805,836,0,1,0.514999,0.027050,-0.323628,-3.116000,-0.399000,0.076000,1
2.834212,-2.400000,-69.619003,6.295000,134.621994,27.857000,2.166000,153.608002,0.000000,0.000000,0.000000,0.000000,0.000000,0.000000,0.000000,-456.000000,-1480.000000,40.000000,-2289.000000,50.000000,-466.000000,-16.000000,22.000000,22.000000,22.000000,22.000000,22.000000,22.000000,22.000000,37.000000,37.000000,37.000000,38.000000,39.000000,40.000000,43.000000,1,1,1,1,1,1,1,0,0,0,0,0,0,0,74,5376.549805,836,0,1,0.514999,0.028376,-0.323628,-3.116000,-0.399000,0.076000,1
2.844358,-2.622000,-69.629997,6.576000,134.595993,28.007000,2.180000,153.748001,0.000000,0.000000,0.000000,0.000000,0.000000,0.000000,0.000000,-456.000000,-1480.000000,40.000000,-2289.000000,50.000000,-466.000000,-16.000000,22.000000,22.000000,22.000000,22.000000,22.000000,22.000000,22.000000,37.000000,37.000000,37.000000,38.000000,39.000000,40.000000,43.000000,1,1,1,1,1,1,1,0,0,0,0,0,0,0,74,5376.549805,836,0,1,0.514999,0.029306,-0.323628,-3.116000,-0.399000,0.076000,1
2.854218,-2.807000,-69.640999,6.808000,134.572998,28.134001,2.193000,153.863007,0.000000,0.000000,0.000000,0.000000,0.000000,0.000000,0.000000,-456.000000,-1480.000000,40.000000,-2289.000000,50.000000,-466.000000,-16.000000,22.000000,22.000000,22.000000,22.000000,22.000000,22.000000,22.000000,37.000000,37.000000,37.000000,38.000000,39.000000,40.000000,43.000000,1,1,1,1,1,1,1,0,0,0,0,0,0,0,74,5376.549805,834,0,1,0.514999,0.030078,-0.323628,-3.117000,-0.399000,0.076000,1
2.864321,-2.955000,-69.650002,6.994000,134.554001,28.236000,2.203000,153.953995,0.000000,0.000000,0.000000,0.000000,0.000000,0.000000,0.000000,-456.000000,-1480.000000,40.000000,-2289.000000,50.000000,-466.000000,-16.000000,22.000000,22.000000,22.000000,22.000000,22.000000,22.000000,22.000000,37.000000,37.000000,37.000000,38.000000,39.000000,40.000000,43.000000,1,1,1,1,1,1,1,0,0,0,0,0,0,0,74,5376.549805,837,0,1,0.514999,0.030696,-0.323627,-3.116000,-0.400000,0.076000,1
2.874211,-3.089000,-69.657997,7.160000,134.537003,28.330999,2.214000,154.033005,0.000000,0.000000,0.000000,0.000000,0.000000,0.000000,0.000000,-456.000000,-1480.000000,40.000000,-2289.000000,50.000000,-466.000000,-16.000000,22.000000,22.000000,22.000000,22.000000,22.000000,22.000000,22.000000,37.000000,37.000000,37.000000,38.000000,39.000000,40.000000,43.000000,1,1,1,1,1,1,1,0,0,0,0,0,0,0,74,5376.549805,836,0,1,0.515000,0.031252,-0.323628,-3.116000,-0.399000,0.076000,1
2.884323,-3.123000,-69.661003,7.203000,134.531998,28.356001,2.216000,154.052994,0.000000,0.000000,0.000000,0.000000,0.000000,0.000000,0.000000,-456.000000,-1480.000000,40.000000,-2289.000000,50.000000,-466.000000,-16.000000,22.000000,22.000000,22.000000,22.000000,22.000000,22.000000,22.000000,37.000000,37.000000,37.000000,38.000000,39.000000,40.000000,43.000000,1,1,1,1,1,1,1,0,0,0,0,0,0,0,74,5376.549805,837,0,1,0.514999,0.031395,-0.323627,-3.116000,-0.400000,0.076000,1
2.894213,-3.190000,-69.665001,7.286000,134.522995,28.406000,2.222000,154.089996,0.000000,0.000000,0.000000,0.000000,0.000000,0.000000,0.000000,-456.000000,-1480.000000,40.000000,-2289.000000,50.000000,-466.000000,-16.000000,22.000000,22.000000,22.000000,22.000000,22.000000,22.000000,22.000000,37.000000,37.000000,37.000000,38.000000,39.000000,40.000000,43.000000,1,1,1,1,1,1,1,0,0,0,0,0,0,0,74,5376.550781,836,0,1,0.514999,0.031673,-0.323627,-3.116000,-0.400000,0.076000,1
2.904206,-3.233000,-69.667999,7.339000,134.516998,28.440001,2.225000,154.110001,0.000000,0.000000,0.000000,0.000000,0.000000,0.000000,0.000000,-456.000000,-1480.000000,40.000000,-2289.000000,50.000000,-466.000000,-16.000000,22.000000,22.000000,22.000000,22.000000,22.000000,22.000000,22.000000,37.000000,37.000000,37.000000,38.000000,39.000000,40.000000,43.000000,1,1,1,1,1,1,1,0,0,0,0,0,0,0,74,5376.550781,839,0,1,0.514999,0.031849,-0.323627,-3.116000,-0.400000,0.076000,1
2.914249,-3.259000,-69.669998,7.372000,134.514008,28.466000,2.228000,154.119003,0.000000,0.000000,0.000000,0.000000,0.000000,0.000000,0.000000,-456.000000,-1480.000000,40.000000,-2289.000000,50.000000,-466.000000,-16.000000,22.000000,22.000000,22.000000,22.000000,22.000000,22.000000,22.000000,37.000000,37.000000,37.000000,38.000000,39.000000,40.000000,43.000000,1,1,1,1,1,1,1,0,0,0,0,0,0,0,74,5376.549805,834,0,1,0.514999,0.031959,-0.323627,-3.117000,-0.400000,0.076000,1
2.924199,-3.268000,-69.669998,7.382000,134.513000,28.479000,2.229000,154.115997,0.000000,0.000000,0.000000,0.000000,0.000000,0.000000,0.000000,-456.000000,-1480.000000,40.000000,-2289.000000,50.000000,-466.000000,-16.000000,22.000000,22.000000,22.000000,22.000000,22.000000,22.000000,22.000000,37.000000,37.000000,37.000000,38.000000,39.000000,40.000000,43.000000,1,1,1,1,1,1,1,0,0,0,0,0,0,0,74,5376.550781,837,0,1,0.514999,0.031992,-0.323628,-3.116000,-0.399000,0.076000,1
2.934391,-3.270000,-69.670998,7.384000,134.513000,28.488001,2.229000,154.110001,0.000000,0.000000,0.000000,0.000000,0.000000,0.000000,0.000000,-456.000000,-1480.000000,40.000000,-2289.000000,50.000000,-466.000000,-16.000000,22.000000,22.000000,22.000000,22.000000,22.000000,22.000000,22.000000,37.000000,37.000000,37.000000,38.000000,39.000000,40.000000,43.000000,1,1,1,1,1,1,1,0,0,0,0,0,0,0,74,5376.549805,836,0,1,0.515000,0.032000,-0.323627,-3.116000,-0.400000,0.076000,0
2.944305,-3.270000,-69.670998,7.384000,134.513000,28.488001,2.229000,154.110001,0.000000,0.000000,0.000000,0.000000,0.000000,0.000000,0.000000,-498.000000,-1486.000000,82.000000,-2262.000000,67.000000,-461.000000,-26.000000,22.000000,22.000000,22.000000,22.000000,22.000000,22.000000,22.000000,37.000000,37.000000,37.000000,38.000000,39.000000,40.000000,43.000000,1,1,1,1,1,1,1,0,0,0,0,0,0,0,74,5376.550781,837,0,1,0.515000,0.032000,-0.323627,-3.116000,-0.400000,0.076000,0
2.954364,-3.270000,-69.670998,7.384000,134.513000,28.488001,2.229000,154.110001,0.000000,0.000000,0.000000,0.000000,0.000000,0.000000,0.000000,-496.000000,-1480.000000,64.000000,-2263.000000,74.000000,-456.000000,-30.000000,22.000000,22.000000,22.000000,22.000000,22.000000,22.000000,22.000000,37.000000,37.000000,37.000000,38.000000,39.000000,40.000000,43.000000,1,1,1,1,1,1,1,0,0,0,0,0,0,0,74,5376.549805,837,0,1,0.515000,0.032000,-0.323627,-3.116000,-0.400000,0.076000,0
2.964244,-3.270000,-69.670998,7.384000,134.513000,28.488001,2.229000,154.110001,0.000000,0.000000,0.000000,0.000000,0.000000,0.000000,-0.240000,-499.000000,-1488.000000,58.000000,-2252.000000,69.000000,-454.000000,-22.000000,22.000000,22.000000,22.000000,22.000000,22.000000,22.000000,22.000000,37.000000,37.000000,37.000000,38.000000,39.000000,40.000000,43.000000,1,1,1,1,1,1,1,0,0,0,0,0,0,0,74,5376.550781,838,0,1,0.515000,0.032000,-0.323627,-3.116000,-0.400000,0.076000,0
2.974316,-3.270000,-69.670998,7.384000,134.513000,28.488001,2.229000,154.110001,0.000000,0.000000,0.000000,0.000000,0.000000,0.000000,-0.120000,-500.000000,-1484.000000,68.000000,-2260.000000,58.000000,-460.000000,-17.000000,22.000000,22.000000,22.000000,22.000000,22.000000,22.000000,22.000000,37.000000,37.000000,37.000000,38.000000,39.000000,40.000000,43.000000,1,1,1,1,1,1,1,0,0,0,0,0,0,0,74,5376.550781,835,0,1,0.515000,0.032000,-0.323627,-3.116000,-0.400000,0.076000,0
2.984300,-3.270000,-69.670998,7.384000,134.513000,28.488001,2.229000,154.110001,0.000000,0.000000,0.000000,0.000000,0.000000,0.000000,0.360000,-498.000000,-1483.000000,61.000000,-2251.000000,67.000000,-450.000000,-17.000000,22.000000,22.000000,22.000000,22.000000,22.000000,22.000000,22.000000,37.000000,37.000000,37.000000,38.000000,39.000000,40.000000,43.000000,1,1,1,1,1,1,1,0,0,0,0,0,0,0,74,5376.549805,837,0,1,0.515000,0.032000,-0.323627,-3.116000,-0.400000,0.076000,0
2.994251,-3.270000,-69.670998,7.384000,134.513000,28.488001,2.229000,154.110001,0.000000,0.000000,0.000000,0.000000,0.000000,0.000000,-0.120000,-499.000000,-1482.000000,51.000000,-2239.000000,66.000000,-454.000000,-19.000000,22.000000,22.000000,22.000000,22.000000,22.000000,22.000000,22.000000,37.000000,37.000000,37.000000,38.000000,39.000000,40.000000,43.000000,1,1,1,1,1,1,1,0,0,0,0,0,0,0,74,5376.549805,835,0,1,0.515000,0.032000,-0.323627,-3.116000,-0.400000,0.076000,0
3.004282,-3.270000,-69.670998,7.384000,134.513000,28.488001,2.229000,154.110001,0.000000,0.000000,0.000000,0.000000,0.000000,0.000000,-0.120000,-498.000000,-1488.000000,60.000000,-2245.000000,65.000000,-449.000000,-22.000000,22.000000,22.000000,22.000000,22.000000,22.000000,22.000000,22.000000,37.000000,37.000000,37.000000,38.000000,39.000000,40.000000,43.000000,1,1,1,1,1,1,1,0,0,0,0,0,0,0,74,5376.550781,837,0,1,0.515000,0.032000,-0.323627,-3.116000,-0.400000,0.076000,0
3.014309,-3.270000,-69.670998,7.384000,134.513000,28.488001,2.229000,154.110001,0.000000,0.000000,0.000000,0.000000,0.000000,0.000000,0.000000,-497.000000,-1491.000000,50.000000,-2245.000000,66.000000,-447.000000,-22.000000,22.000000,22.000000,22.000000,22.000000,22.000000,22.000000,22.000000,37.000000,37.000000,37.000000,38.000000,39.000000,40.000000,43.000000,1,1,1,1,1,1,1,0,0,0,0,0,0,0,74,5376.549805,837,0,1,0.515000,0.032000,-0.323627,-3.116000,-0.400000,0.076000,0
3.024277,-3.270000,-69.670998,7.384000,134.513000,28.488001,2.229000,154.110001,0.000000,0.000000,0.000000,0.000000,0.000000,0.000000,0.000000,-494.000000,-1489.000000,70.000000,-2231.000000,65.000000,-448.000000,-27.000000,22.000000,22.000000,22.000000,22.000000,22.000000,22.000000,22.000000,37.000000,37.000000,37.000000,38.000000,39.000000,40.000000,43.000000,1,1,1,1,1,1,1,0,0,0,0,0,0,0,74,5376.549805,836,0,1,0.515000,0.032000,-0.323627,-3.116000,-0.400000,0.076000,0
3.034282,-3.270000,-69.670998,7.384000,134.513000,28.488001,2.229000,154.110001,0.000000,0.000000,0.000000,0.000000,0.000000,0.000000,-0.120000,-493.000000,-1497.000000,65.000000,-2246.000000,65.000000,-453.000000,-28.000000,22.000000,22.000000,22.000000,22.000000,22.000000,22.000000,22.000000,37.000000,37.000000,37.000000,38.000000,39.000000,40.000000,43.000000,1,1,1,1,1,1,1,0,0,0,0,0,0,0,74,5376.549805,834,0,1,0.515000,0.032000,-0.323627,-3.116000,-0.400000,0.076000,0
3.044249,-3.270000,-69.670998,7.384000,134.513000,28.488001,2.229000,154.110001,0.000000,0.000000,0.000000,0.000000,0.000000,0.000000,0.000000,-492.000000,-1491.000000,65.000000,-2240.000000,63.000000,-448.000000,-36.000000,22.000000,22.000000,22.000000,22.000000,22.000000,22.000000,22.000000,37.000000,37.000000,37.000000,38.000000,39.000000,40.000000,43.000000,1,1,1,1,1,1,1,0,0,0,0,0,0,0,74,5376.549805,835,0,1,0.515000,0.032000,-0.323627,-3.116000,-0.400000,0.076000,0
3.054327,-3.270000,-69.670998,7.384000,134.513000,28.488001,2.229000,154.110001,0.000000,0.000000,0.000000,0.000000,0.000000,0.000000,0.000000,-497.000000,-1493.000000,64.000000,-2225.000000,65.000000,-443.000000,-20.000000,22.000000,22.000000,22.000000,22.000000,22.000000,22.000000,22.000000,37.000000,37.000000,37.000000,38.000000,39.000000,40.000000,43.000000,1,1,1,1,1,1,1,0,0,0,0,0,0,0,74,5376.549805,837,0,1,0.515000,0.032000,-0.323627,-3.116000,-0.400000,0.076000,0
3.064238,-3.270000,-69.670998,7.384000,134.513000,28.488001,2.229000,154.110001,0.000000,0.000000,0.000000,0.000000,0.000000,0.000000,0.000000,-506.000000,-1493.000000,54.000000,-2234.000000,64.000000,-444.000000,-27.000000,22.000000,22.000000,22.000000,22.000000,22.000000,22.000000,22.000000,37.000000,37.000000,37.000000,38.000000,39.000000,40.000000,43.000000,1,1,1,1,1,1,1,0,0,0,0,0,0,0,74,5376.549805,838,0,1,0.515000,0.032000,-0.323627,-3.116000,-0.400000,0.076000,0
3.074301,-3.270000,-69.670998,7.384000,134.513000,28.488001,2.229000,154.110001,0.000000,0.000000,0.000000,0.000000,0.000000,0.000000,0.000000,-499.000000,-1480.000000,85.000000,-2227.000000,65.000000,-444.000000,-25.000000,22.000000,22.000000,22.000000,22.000000,22.000000,22.000000,22.000000,37.000000,37.000000,37.000000,38.000000,39.000000,40.000000,43.000000,1,1,1,1,1,1,1,0,0,0,0,0,0,0,74,5376.551758,836,0,1,0.515000,0.032000,-0.323627,-3.116000,-0.400000,0.076000,0
3.084273,-3.270000,-69.670998,7.384000,134.513000,28.488001,2.229000,154.110001,0.000000,0.000000,0.000000,0.000000,0.000000,0.000000,0.120000,-495.000000,-1494.000000,67.000000,-2231.000000,64.000000,-441.000000,-27.000000,22.000000,22.000000,22.000000,22.000000,22.000000,22.000000,22.000000,37.000000,37.000000,37.000000,38.000000,39.000000,40.000000,43.000000,1,1,1,1,1,1,1,0,0,0,0,0,0,0,74,5376.549805,837,0,1,0.515000,0.032000,-0.323627,-3.116000,-0.400000,0.076000,0
3.094348,-3.270000,-69.670998,7.384000,134.513000,28.488001,2.229000,154.110001,0.000000,0.000000,0.000000,0.000000,0.000000,0.000000,-0.120000,-490.000000,-1486.000000,73.000000,-2240.000000,62.000000,-449.000000,-24.000000,22.000000,22.000000,22.000000,22.000000,22.000000,22.000000,22.000000,37.000000,37.000000,37.000000,38.000000,39.000000,40.000000,43.000000,1,1,1,1,1,1,1,0,0,0,0,0,0,0,74,5376.549805,837,0,1,0.515000,0.032000,-0.323627,-3.116000,-0.400000,0.076000,0
3.104375,-3.270000,-69.670998,7.384000,134.513000,28.488001,2.229000,154.110001,0.000000,0.000000,0.000000,0.120000,0.000000,0.000000,0.000000,-491.000000,-1487.000000,69.000000,-2229.000000,65.000000,-451.000000,-13.000000,22.000000,22.000000,22.000000,22.000000,22.000000,22.000000,22.000000,37.000000,37.000000,37.000000,38.000000,39.000000,40.000000,43.000000,1,1,1,1,1,1,1,0,0,0,0,0,0,0,74,5376.549805,838,0,1,0.515000,0.032000,-0.323627,-3.116000,-0.400000,0.076000,0
3.114318,-3.270000,-69.670998,7.384000,134.513000,28.488001,2.229000,154.110001,0.000000,0.000000,0.000000,0.000000,0.000000,0.000000,0.000000,-483.000000,-1480.000000,65.000000,-2224.000000,65.000000,-456.000000,-15.000000,22.000000,22.000000,22.000000,22.000000,22.000000,22.000000,22.000000,37.000000,37.000000,37.000000,38.000000,39.000000,40.000000,43.000000,1,1,1,1,1,1,1,0,0,0,0,0,0,0,74,5376.550781,836,0,1,0.515000,0.032000,-0.323627,-3.116000,-0.400000,0.076000,0
3.124301,-3.270000,-69.670998,7.384000,134.513000,28.488001,2.229000,154.110001,0.000000,0.000000,0.000000,0.000000,0.000000,0.000000,0.000000,-481.000000,-1485.000000,81.000000,-2237.000000,64.000000,-452.000000,-30.000000,22.000000,22.000000,22.000000,22.000000,22.000000,22.000000,22.000000,37.000000,37.000000,37.000000,38.000000,39.000000,40.000000,43.000000,1,1,1,1,1,1,1,0,0,0,0,0,0,0,74,5376.547852,837,0,1,0.515000,0.032000,-0.323627,-3.116000,-0.400000,0.076000,0
3.134260,-3.270000,-69.670998,7.384000,134.513000,28.488001,2.229000,154.110001,0.000000,0.000000,0.000000,0.000000,0.000000,0.000000,0.000000,-477.000000,-1493.000000,61.000000,-2223.000000,66.000000,-445.000000,-17.000000,22.000000,22.000000,22.000000,22.000000,22.000000,22.000000,22.000000,37.000000,37.000000,37.000000,38.000000,39.000000,40.000000,43.000000,1,1,1,1,1,1,1,0,0,0,0,0,0,0,74,5376.550781,837,0,1,0.515000,0.032000,-0.323627,-3.116000,-0.400000,0.076000,0
3.144296,-3.270000,-69.670998,7.384000,134.513000,28.488001,2.229000,154.110001,0.000000,0.000000,0.000000,0.000000,0.000000,0.000000,0.000000,-480.000000,-1492.000000,71.000000,-2242.000000,66.000000,-444.000000,-27.000000,22.000000,22.000000,22.000000,22.000000,22.000000,22.000000,22.000000,37.000000,37.000000,37.000000,38.000000,39.000000,40.000000,43.000000,1,1,1,1,1,1,1,0,0,0,0,0,0,0,74,5376.550781,836,0,1,0.515000,0.032000,-0.323627,-3.116000,-0.400000,0.076000,0
3.154308,-3.270000,-69.670998,7.384000,134.513000,28.488001,2.229000,154.110001,0.000000,0.000000,0.000000,0.000000,0.000000,0.000000,-0.240000,-480.000000,-1488.000000,79.000000,-2250.000000,66.000000,-448.000000,-21.000000,22.000000,22.000000,22.000000,22.000000,22.000000,22.000000,22.000000,37.000000,37.000000,37.000000,38.000000,39.000000,40.000000,43.000000,1,1,1,1,1,1,1,0,0,0,0,0,0,0,74,5376.550781,838,0,1,0.515000,0.032000,-0.323627,-3.116000,-0.400000,0.076000,0
3.164353,-3.270000,-69.670998,7.384000,134.513000,28.488001,2.229000,154.110001,0.000000,0.000000,0.000000,-0.120000,0.000000,0.000000,0.000000,-478.000000,-1489.000000,82.000000,-2244.000000,64.000000,-448.000000,-13.000000,22.000000,22.000000,22.000000,22.000000,22.000000,22.000000,22.000000,37.000000,37.000000,37.000000,38.000000,39.000000,40.000000,43.000000,1,1,1,1,1,1,1,0,0,0,0,0,0,0,74,5376.550781,836,0,1,0.515000,0.032000,-0.323627,-3.116000,-0.400000,0.076000,0
3.174351,-3.270000,-69.670998,7.384000,134.513000,28.488001,2.229000,154.110001,0.000000,0.000000,0.000000,0.000000,0.000000,0.000000,0.000000,-481.000000,-1497.000000,73.000000,-2257.000000,72.000000,-450.000000,-19.000000,22.000000,22.000000,22.000000,22.000000,22.000000,22.000000,22.000000,37.000000,37.000000,37.000000,38.000000,39.000000,40.000000,43.000000,1,1,1,1,1,1,1,0,0,0,0,0,0,0,74,5376.550781,837,0,1,0.515000,0.032000,-0.323627,-3.116000,-0.400000,0.076000,0
3.184308,-3.270000,-69.670998,7.384000,134.513000,28.488001,2.229000,154.110001,0.000000,0.000000,0.000000,0.000000,0.000000,0.000000,0.000000,-481.000000,-1501.000000,46.000000,-2246.000000,60.000000,-447.000000,-33.000000,22.000000,22.000000,22.000000,22.000000,22.000000,22.000000,22.000000,37.000000,37.000000,37.000000,38.000000,39.000000,40.000000,43.000000,1,1,1,1,1,1,1,0,0,0,0,0,0,0,74,5376.550781,836,0,1,0.515000,0.032000,-0.323627,-3.116000,-0.400000,0.076000,0
3.194316,-3.270000,-69.670998,7.384000,134.513000,28.488001,2.229000,154.110001,0.000000,0.000000,0.000000,0.000000,0.000000,0.000000,0.000000,-481.000000,-1503.000000,62.000000,-2232.000000,66.000000,-447.000000,-28.000000,22.000000,22.000000,22.000000,22.000000,22.000000,22.000000,22.000000,37.000000,37.000000,37.000000,38.000000,39.000000,40.000000,43.000000,1,1,1,1,1,1,1,0,0,0,0,0,0,0,74,5376.547852,836,0,1,0.515000,0.032000,-0.323627,-3.116000,-0.400000,0.076000,0
3.204264,-3.270000,-69.670998,7.384000,134.513000,28.488001,2.229000,154.110001,0.000000,0.000000,0.000000,0.000000,0.000000,0.000000,0.000000,-469.000000,-1497.000000,62.000000,-2242.000000,65.000000,-448.000000,-20.000000,22.000000,22.000000,22.000000,22.000000,22.000000,22.000000,22.000000,37.000000,37.000000,37.000000,38.000000,39.000000,40.000000,43.000000,1,1,1,1,1,1,1,0,0,0,0,0,0,0,74,5376.549805,838,0,1,0.515000,0.032000,-0.323627,-3.116000,-0.400000,0.076000,0
3.214271,-3.270000,-69.670998,7.384000,134.513000,28.488001,2.229000,154.110001,0.000000,0.000000,0.000000,0.000000,0.000000,0.000000,0.000000,-474.000000,-1496.000000,53.000000,-2244.000000,64.000000,-442.000000,-13.000000,22.000000,22.000000,22.000000,22.000000,22.000000,22.000000,22.000000,37.000000,37.000000,37.000000,38.000000,39.000000,40.000000,43.000000,1,1,1,1,1,1,1,0,0,0,0,0,0,0,74,5376.550781,836,0,1,0.515000,0.032000,-0.323627,-3.116000,-0.400000,0.076000,0
3.224294,-3.270000,-69.670998,7.384000,134.513000,28.488001,2.229000,154.110001,0.000000,0.000000,0.000000,0.000000,0.000000,0.000000,0.000000,-480.000000,-1492.000000,59.000000,-2239.000000,68.000000,-446.000000,-15.000000,22.000000,22.000000,22.000000,22.000000,22.000000,22.000000,22.000000,37.000000,37.000000,37.000000,38.000000,39.000000,40.000000,43.000000,1,1,1,1,1,1,1,0,0,0,0,0,0,0,74,5376.550781,836,0,1,0.515000,0.032000,-0.323627,-3.116000,-0.400000,0.076000,0
3.234254,-3.270000,-69.670998,7.384000,134.513000,28.488001,2.229000,154.110001,0.000000,0.000000,0.000000,0.000000,0.000000,0.000000,0.240000,-482.000000,-1501.000000,41.000000,-2244.000000,59.000000,-444.000000,-28.000000,22.000000,22.000000,22.000000,22.000000,22.000000,22.000000,22.000000,37.000000,37.000000,37.000000,38.000000,39.000000,40.000000,43.000000,1,1,1,1,1,1,1,0,0,0,0,0,0,0,74,5376.549805,836,0,1,0.515000,0.032000,-0.323627,-3.116000,-0.400000,0.076000,0
