t_mono,position1,position2,position3,position4,position5,position6,position7,speed1,speed2,speed3,speed4,speed5,speed6,speed7,current1,current2,current3,current4,current5,current6,current7,voltage1,voltage2,voltage3,voltage4,voltage5,voltage6,voltage7,temperature1,temperature2,temperature3,temperature4,temperature5,temperature6,temperature7,en1,en2,en3,en4,en5,en6,en7,err1,err2,err3,err4,err5,err6,err7,lift_height,lift_pos,lift_current,lift_err,lift_en,tcp_x,tcp_y,tcp_z,tcp_rx,tcp_ry,tcp_rz,arm_status
0.141557,-19.195999,-19.018999,7.535000,26.620001,15.471000,59.154999,174.947006,0.000000,0.000000,0.000000,0.000000,0.000000,0.000000,0.000000,-548.000000,-1614.000000,103.000000,-2397.000000,35.000000,-439.000000,-17.000000,22.000000,22.000000,22.000000,22.000000,22.000000,22.000000,22.000000,37.000000,37.000000,37.000000,38.000000,39.000000,40.000000,43.000000,1,1,1,1,1,1,1,0,0,0,0,0,0,0,74,5376.550781,837,0,1,0.787867,0.040114,-0.323627,-3.116000,-0.399000,0.076000,0
0.151548,-19.195999,-19.018999,7.535000,26.620001,15.471000,59.154999,174.947006,0.000000,0.000000,0.000000,0.000000,0.000000,0.000000,0.000000,-543.000000,-1624.000000,71.000000,-2408.000000,34.000000,-439.000000,-35.000000,22.000000,22.000000,22.000000,22.000000,22.000000,22.000000,22.000000,37.000000,37.000000,37.000000,38.000000,39.000000,40.000000,43.000000,1,1,1,1,1,1,1,0,0,0,0,0,0,0,74,5376.551758,836,0,1,0.787867,0.040114,-0.323627,-3.116000,-0.399000,0.076000,0
0.161516,-19.195999,-19.018999,7.535000,26.620001,15.471000,59.154999,174.947006,0.000000,0.000000,0.000000,0.000000,-0.120000,0.000000,-0.120000,-550.000000,-1621.000000,59.000000,-2396.000000,36.000000,-437.000000,-35.000000,22.000000,22.000000,22.000000,22.000000,22.000000,22.000000,22.000000,37.000000,37.000000,37.000000,38.000000,39.000000,40.000000,43.000000,1,1,1,1,1,1,1,0,0,0,0,0,0,0,74,5376.549805,835,0,1,0.787867,0.040114,-0.323627,-3.116000,-0.399000,0.076000,0
0.171543,-19.195999,-19.018999,7.535000,26.620001,15.471000,59.154999,174.947006,0.000000,0.000000,0.000000,0.000000,0.000000,0.000000,0.000000,-549.000000,-1625.000000,68.000000,-2402.000000,38.000000,-434.000000,-25.000000,22.000000,22.000000,22.000000,22.000000,22.000000,22.000000,22.000000,37.000000,37.000000,37.000000,38.000000,39.000000,40.000000,43.000000,1,1,1,1,1,1,1,0,0,0,0,0,0,0,74,5376.549805,836,0,1,0.787867,0.040114,-0.323627,-3.116000,-0.399000,0.076000,0
0.181579,-19.195999,-19.018999,7.535000,26.620001,15.471000,59.154999,174.947006,0.000000,0.000000,0.000000,0.000000,0.000000,0.000000,0.000000,-558.000000,-1621.000000,76.000000,-2403.000000,45.000000,-439.000000,-19.000000,22.000000,22.000000,22.000000,22.000000,22.000000,22.000000,22.000000,37.000000,37.000000,37.000000,38.000000,39.000000,40.000000,43.000000,1,1,1,1,1,1,1,0,0,0,0,0,0,0,74,5376.549805,836,0,1,0.787867,0.040114,-0.323627,-3.116000,-0.399000,0.076000,0
0.191534,-19.195999,-19.018999,7.535000,26.620001,15.471000,59.154999,174.947006,0.000000,0.000000,0.000000,0.000000,0.000000,0.000000,0.000000,-555.000000,-1610.000000,44.000000,-2410.000000,39.000000,-440.000000,-16.000000,22.000000,22.000000,22.000000,22.000000,22.000000,22.000000,22.000000,37.000000,37.000000,37.000000,38.000000,39.000000,40.000000,43.000000,1,1,1,1,1,1,1,0,0,0,0,0,0,0,74,5376.549805,837,0,1,0.787867,0.040114,-0.323627,-3.116000,-0.399000,0.076000,0
0.201463,-19.195999,-19.018999,7.535000,26.620001,15.471000,59.154999,174.947006,0.000000,0.000000,0.000000,0.000000,0.000000,0.000000,0.000000,-556.000000,-1624.000000,45.000000,-2411.000000,39.000000,-440.000000,-17.000000,22.000000,22.000000,22.000000,22.000000,22.000000,22.000000,22.000000,37.000000,37.000000,37.000000,38.000000,39.000000,40.000000,43.000000,1,1,1,1,1,1,1,0,0,0,0,0,0,0,74,5376.550781,836,0,1,0.787867,0.040114,-0.323627,-3.116000,-0.399000,0.076000,0
0.211515,-19.195999,-19.018999,7.535000,26.620001,15.471000,59.154999,174.947006,0.000000,0.000000,0.000000,0.000000,0.000000,0.000000,0.000000,-565.000000,-1621.000000,37.000000,-2409.000000,40.000000,-440.000000,-18.000000,22.000000,22.000000,22.000000,22.000000,22.000000,22.000000,22.000000,37.000000,37.000000,37.000000,38.000000,39.000000,40.000000,43.000000,1,1,1,1,1,1,1,0,0,0,0,0,0,0,74,5376.550781,834,0,1,0.787867,0.040114,-0.323627,-3.116000,-0.399000,0.076000,0
0.221553,-19.195999,-19.018999,7.535000,26.620001,15.471000,59.154999,174.947006,0.000000,0.000000,0.000000,0.000000,0.000000,0.000000,0.000000,-555.000000,-1620.000000,45.000000,-2410.000000,39.000000,-441.000000,-31.000000,22.000000,22.000000,22.000000,22.000000,22.000000,22.000000,22.000000,37.000000,37.000000,37.000000,38.000000,39.000000,40.000000,43.000000,1,1,1,1,1,1,1,0,0,0,0,0,0,0,74,5376.549805,835,0,1,0.787867,0.040114,-0.323627,-3.116000,-0.399000,0.076000,0
0.231520,-19.195999,-19.018999,7.535000,26.620001,15.471000,59.154999,174.947006,0.000000,0.000000,0.000000,0.000000,0.000000,0.000000,0.000000,-561.000000,-1603.000000,78.000000,-2374.000000,38.000000,-442.000000,-16.000000,22.000000,22.000000,22.000000,22.000000,22.000000,22.000000,22.000000,37.000000,37.000000,37.000000,38.000000,39.000000,40.000000,43.000000,1,1,1,1,1,1,1,0,0,0,0,0,0,0,74,5376.549805,838,0,1,0.787867,0.040114,-0.323627,-3.116000,-0.399000,0.076000,0
0.241525,-19.195999,-19.018999,7.535000,26.620001,15.471000,59.154999,174.947006,0.000000,0.000000,0.000000,0.000000,0.000000,0.000000,0.000000,-551.000000,-1604.000000,55.000000,-2393.000000,38.000000,-452.000000,-20.000000,22.000000,22.000000,22.000000,22.000000,22.000000,22.000000,22.000000,37.000000,37.000000,37.000000,38.000000,39.000000,40.000000,43.000000,1,1,1,1,1,1,1,0,0,0,0,0,0,0,74,5376.549805,837,0,1,0.787867,0.040114,-0.323627,-3.116000,-0.399000,0.076000,0
0.251607,-19.195999,-19.018999,7.535000,26.620001,15.471000,59.154999,174.947006,0.000000,0.000000,0.000000,0.000000,0.000000,0.000000,0.240000,-555.000000,-1611.000000,59.000000,-2393.000000,35.000000,-442.000000,-26.000000,22.000000,22.000000,22.000000,22.000000,22.000000,22.000000,22.000000,37.000000,37.000000,37.000000,38.000000,39.000000,40.000000,43.000000,1,1,1,1,1,1,1,0,0,0,0,0,0,0,74,5376.550781,838,0,1,0.787867,0.040114,-0.323627,-3.116000,-0.399000,0.076000,0
0.261508,-19.195999,-19.018999,7.535000,26.620001,15.471000,59.154999,174.947006,0.000000,0.000000,0.000000,0.000000,0.000000,0.000000,-0.240000,-559.000000,-1605.000000,48.000000,-2394.000000,41.000000,-445.000000,-28.000000,22.000000,22.000000,22.000000,22.000000,22.000000,22.000000,22.000000,37.000000,37.000000,37.000000,38.000000,39.000000,40.000000,43.000000,1,1,1,1,1,1,1,0,0,0,0,0,0,0,74,5376.549805,836,0,1,0.787867,0.040114,-0.323627,-3.116000,-0.399000,0.076000,0
0.271478,-19.195999,-19.018999,7.535000,26.620001,15.471000,59.154999,174.947006,0.000000,0.000000,0.000000,0.000000,0.000000,0.000000,0.000000,-553.000000,-1611.000000,73.000000,-2384.000000,40.000000,-444.000000,-9.000000,22.000000,22.000000,22.000000,22.000000,22.000000,22.000000,22.000000,37.000000,37.000000,37.000000,38.000000,39.000000,40.000000,43.000000,1,1,1,1,1,1,1,0,0,0,0,0,0,0,74,5376.550781,836,0,1,0.787867,0.040114,-0.323627,-3.116000,-0.399000,0.076000,0
0.281491,-19.195999,-19.018999,7.535000,26.620001,15.471000,59.154999,174.947006,0.000000,0.000000,0.000000,0.000000,0.000000,0.000000,0.120000,-565.000000,-1610.000000,85.000000,-2383.000000,40.000000,-444.000000,-9.000000,22.000000,22.000000,22.000000,22.000000,22.000000,22.000000,22.000000,37.000000,37.000000,37.000000,38.000000,39.000000,40.000000,43.000000,1,1,1,1,1,1,1,0,0,0,0,0,0,0,74,5376.549805,836,0,1,0.787867,0.040114,-0.323627,-3.116000,-0.399000,0.076000,0
0.291504,-19.195999,-19.018999,7.535000,26.620001,15.471000,59.154999,174.947006,0.000000,0.120000,0.000000,0.000000,0.000000,0.000000,0.000000,-561.000000,-1607.000000,84.000000,-2400.000000,42.000000,-440.000000,-14.000000,22.000000,22.000000,22.000000,22.000000,22.000000,22.000000,22.000000,37.000000,37.000000,37.000000,38.000000,39.000000,40.000000,43.000000,1,1,1,1,1,1,1,0,0,0,0,0,0,0,74,5376.550781,837,0,1,0.787867,0.040114,-0.323627,-3.116000,-0.399000,0.076000,0
0.302537,-19.195999,-19.018999,7.535000,26.620001,15.471000,59.154999,174.947006,0.000000,0.000000,0.000000,0.000000,0.000000,0.000000,0.000000,-559.000000,-1619.000000,56.000000,-2392.000000,39.000000,-446.000000,-27.000000,22.000000,22.000000,22.000000,22.000000,22.000000,22.000000,22.000000,37.000000,37.000000,37.000000,38.000000,39.000000,40.000000,43.000000,1,1,1,1,1,1,1,0,0,0,0,0,0,0,74,5376.549805,836,0,1,0.787867,0.040114,-0.323627,-3.116000,-0.399000,0.076000,0
0.312593,-19.195999,-19.018999,7.535000,26.620001,15.471000,59.154999,174.947006,0.000000,0.000000,0.000000,0.000000,0.000000,0.000000,0.000000,-557.000000,-1621.000000,71.000000,-2378.000000,37.000000,-444.000000,-29.000000,22.000000,22.000000,22.000000,22.000000,22.000000,22.000000,22.000000,37.000000,37.000000,37.000000,38.000000,39.000000,40.000000,43.000000,1,1,1,1,1,1,1,0,0,0,0,0,0,0,74,5376.549805,836,0,1,0.787867,0.040114,-0.323627,-3.116000,-0.399000,0.076000,0
0.322656,-19.195999,-19.018999,7.535000,26.620001,15.471000,59.154999,174.947006,0.000000,0.000000,0.000000,0.000000,0.000000,0.000000,0.000000,-570.000000,-1613.000000,82.000000,-2383.000000,41.000000,-442.000000,-18.000000,22.000000,22.000000,22.000000,22.000000,22.000000,22.000000,22.000000,37.000000,37.000000,37.000000,38.000000,39.000000,40.000000,43.000000,1,1,1,1,1,1,1,0,0,0,0,0,0,0,74,5376.549805,837,0,1,0.787867,0.040114,-0.323627,-3.116000,-0.399000,0.076000,0
0.332490,-19.195999,-19.018999,7.535000,26.620001,15.471000,59.154999,174.947006,0.000000,0.000000,0.000000,0.000000,0.000000,0.000000,0.000000,-563.000000,-1613.000000,100.000000,-2389.000000,37.000000,-443.000000,-17.000000,22.000000,22.000000,22.000000,22.000000,22.000000,22.000000,22.000000,37.000000,37.000000,37.000000,38.000000,39.000000,40.000000,43.000000,1,1,1,1,1,1,1,0,0,0,0,0,0,0,74,5376.549805,838,0,1,0.787867,0.040114,-0.323627,-3.116000,-0.399000,0.076000,0
0.342475,-19.195999,-19.018999,7.535000,26.620001,15.471000,59.154999,174.947006,0.000000,0.000000,0.000000,0.000000,0.000000,0.000000,0.000000,-562.000000,-1611.000000,70.000000,-2372.000000,39.000000,-434.000000,-14.000000,22.000000,22.000000,22.000000,22.000000,22.000000,22.000000,22.000000,37.000000,37.000000,37.000000,38.000000,39.000000,40.000000,43.000000,1,1,1,1,1,1,1,0,0,0,0,0,0,0,74,5376.549805,837,0,1,0.787867,0.040114,-0.323627,-3.116000,-0.399000,0.076000,0
0.352572,-19.040001,-19.073000,7.473000,26.761000,15.390000,59.076000,174.921005,0.000000,0.000000,0.000000,0.000000,0.000000,0.000000,-0.120000,-562.000000,-1609.000000,83.000000,-2380.000000,39.000000,-434.000000,-35.000000,22.000000,22.000000,22.000000,22.000000,22.000000,22.000000,22.000000,37.000000,37.000000,37.000000,38.000000,39.000000,40.000000,43.000000,1,1,1,1,1,1,1,0,0,0,0,0,0,0,74,5376.549805,837,0,1,0.787748,0.039908,-0.323628,-3.116000,-0.399000,0.076000,1
0.362535,-18.927999,-19.127001,7.389000,26.898001,15.379000,59.004002,174.878006,0.000000,0.000000,0.000000,0.000000,0.000000,0.000000,-0.120000,-562.000000,-1609.000000,83.000000,-2380.000000,39.000000,-434.000000,-35.000000,22.000000,22.000000,22.000000,22.000000,22.000000,22.000000,22.000000,37.000000,37.000000,37.000000,38.000000,39.000000,40.000000,43.000000,1,1,1,1,1,1,1,0,0,0,0,0,0,0,74,5376.550781,837,0,1,0.787633,0.039708,-0.323627,-3.116000,-0.399000,0.076000,1
0.372542,-18.771000,-19.205999,7.262000,27.099001,15.375000,58.900002,174.811996,0.000000,0.000000,0.000000,0.000000,0.000000,0.000000,-0.120000,-562.000000,-1609.000000,83.000000,-2380.000000,39.000000,-434.000000,-35.000000,22.000000,22.000000,22.000000,22.000000,22.000000,22.000000,22.000000,37.000000,37.000000,37.000000,38.000000,39.000000,40.000000,43.000000,1,1,1,1,1,1,1,0,0,0,0,0,0,0,74,5376.549805,837,0,1,0.787462,0.039412,-0.323627,-3.116000,-0.399000,0.076000,1
0.382661,-18.562000,-19.313999,7.086000,27.372999,15.380000,58.757999,174.718994,0.000000,0.000000,0.000000,0.000000,0.000000,0.000000,-0.120000,-562.000000,-1609.000000,83.000000,-2380.000000,39.000000,-434.000000,-35.000000,22.000000,22.000000,22.000000,22.000000,22.000000,22.000000,22.000000,37.000000,37.000000,37.000000,38.000000,39.000000,40.000000,43.000000,1,1,1,1,1,1,1,0,0,0,0,0,0,0,74,5376.549805,837,0,1,0.787227,0.039005,-0.323627,-3.116000,-0.399000,0.076000,1
0.392468,-18.239000,-19.485001,6.805000,27.804001,15.397000,58.535000,174.567993,0.000000,0.000000,0.000000,0.000000,0.000000,0.000000,-0.120000,-562.000000,-1609.000000,83.000000,-2380.000000,39.000000,-434.000000,-35.000000,22.000000,22.000000,22.000000,22.000000,22.000000,22.000000,22.000000,37.000000,37.000000,37.000000,38.000000,39.000000,40.000000,43.000000,1,1,1,1,1,1,1,0,0,0,0,0,0,0,74,5376.550781,836,0,1,0.786851,0.038354,-0.323628,-3.116000,-0.399000,0.076000,1
0.402433,-17.909000,-19.662001,6.512000,28.252001,15.422000,58.304001,174.408005,0.000000,0.000000,0.000000,0.000000,0.000000,0.000000,-0.120000,-562.000000,-1609.000000,83.000000,-2380.000000,39.000000,-434.000000,-35.000000,22.000000,22.000000,22.000000,22.000000,22.000000,22.000000,22.000000,37.000000,37.000000,37.000000,38.000000,39.000000,40.000000,43.000000,1,1,1,1,1,1,1,0,0,0,0,0,0,0,74,5376.550781,837,0,1,0.786454,0.037666,-0.323627,-3.116000,-0.399000,0.076000,1
0.412452,-17.523001,-19.871000,6.167000,28.778999,15.457000,58.033001,174.216003,0.000000,0.000000,0.000000,0.000000,0.000000,0.000000,-0.120000,-562.000000,-1609.000000,83.000000,-2380.000000,39.000000,-434.000000,-35.000000,22.000000,22.000000,22.000000,22.000000,22.000000,22.000000,22.000000,37.000000,37.000000,37.000000,38.000000,39.000000,40.000000,43.000000,1,1,1,1,1,1,1,0,0,0,0,0,0,0,74,5376.549805,835,0,1,0.785978,0.036841,-0.323627,-3.116000,-0.399000,0.076000,1
0.422468,-17.084999,-20.111000,5.771000,29.381001,15.503000,57.723999,173.990997,0.000000,0.000000,0.000000,0.000000,0.000000,0.000000,-0.120000,-562.000000,-1609.000000,83.000000,-2380.000000,39.000000,-434.000000,-35.000000,22.000000,22.000000,22.000000,22.000000,22.000000,22.000000,22.000000,37.000000,37.000000,37.000000,38.000000,39.000000,40.000000,43.000000,1,1,1,1,1,1,1,0,0,0,0,0,0,0,74,5376.550781,838,0,1,0.785422,0.035878,-0.323627,-3.116000,-0.399000,0.076000,1
0.432657,-16.799999,-20.268000,5.511000,29.775000,15.536000,57.521999,173.841995,0.000000,0.000000,0.000000,0.000000,0.000000,0.000000,-0.120000,-562.000000,-1609.000000,83.000000,-2380.000000,39.000000,-434.000000,-35.000000,22.000000,22.000000,22.000000,22.000000,22.000000,22.000000,22.000000,37.000000,37.000000,37.000000,38.000000,39.000000,40.000000,43.000000,1,1,1,1,1,1,1,0,0,0,0,0,0,0,74,5376.549805,837,0,1,0.785050,0.035235,-0.323627,-3.116000,-0.399000,0.076000,1
0.442554,-16.291000,-20.549000,5.046000,30.482000,15.597000,57.160999,173.567993,0.000000,0.000000,0.000000,0.000000,0.000000,0.000000,-0.120000,-562.000000,-1609.000000,83.000000,-2380.000000,39.000000,-434.000000,-35.000000,22.000000,22.000000,22.000000,22.000000,22.000000,22.000000,22.000000,37.000000,37.000000,37.000000,38.000000,39.000000,40.000000,43.000000,1,1,1,1,1,1,1,0,0,0,0,0,0,0,74,5376.550781,836,0,1,0.784370,0.034057,-0.323628,-3.116000,-0.399000,0.076000,1
0.452552,-15.632000,-20.916000,4.440000,31.400000,15.683000,56.693001,173.203995,0.000000,0.000000,0.000000,0.000000,0.000000,0.000000,-0.120000,-562.000000,-1609.000000,83.000000,-2380.000000,39.000000,-434.000000,-35.000000,22.000000,22.000000,22.000000,22.000000,22.000000,22.000000,22.000000,37.000000,37.000000,37.000000,38.000000,39.000000,40.000000,43.000000,1,1,1,1,1,1,1,0,0,0,0,0,0,0,74,5376.547852,836,0,1,0.783460,0.032481,-0.323628,-3.116000,-0.399000,0.076000,1
0.462507,-15.053000,-21.240000,3.906000,32.209999,15.763000,56.280998,172.873993,0.000000,0.000000,0.000000,0.000000,0.000000,0.000000,-0.120000,-562.000000,-1609.000000,83.000000,-2380.000000,39.000000,-434.000000,-35.000000,22.000000,22.000000,22.000000,22.000000,22.000000,22.000000,22.000000,37.000000,37.000000,37.000000,38.000000,39.000000,40.000000,43.000000,1,1,1,1,1,1,1,0,0,0,0,0,0,0,74,5376.550781,837,0,1,0.782630,0.031044,-0.323628,-3.116000,-0.399000,0.076000,1
0.472742,-14.453000,-21.577000,3.351000,33.049000,15.850000,55.855000,172.522995,0.000000,0.000000,0.000000,0.000000,0.000000,0.000000,-0.120000,-562.000000,-1609.000000,83.000000,-2380.000000,39.000000,-434.000000,-35.000000,22.000000,22.000000,22.000000,22.000000,22.000000,22.000000,22.000000,37.000000,37.000000,37.000000,38.000000,39.000000,40.000000,43.000000,1,1,1,1,1,1,1,0,0,0,0,0,0,0,74,5376.550781,837,0,1,0.781746,0.029511,-0.323628,-3.116000,-0.399000,0.076000,1
0.482572,-13.718000,-21.990999,2.670000,34.077000,15.959000,55.334000,172.080994,0.000000,0.000000,0.000000,0.000000,0.000000,0.000000,-0.120000,-562.000000,-1609.000000,83.000000,-2380.000000,39.000000,-434.000000,-35.000000,22.000000,22.000000,22.000000,22.000000,22.000000,22.000000,22.000000,37.000000,37.000000,37.000000,38.000000,39.000000,40.000000,43.000000,1,1,1,1,1,1,1,0,0,0,0,0,0,0,74,5376.550781,836,0,1,0.780624,0.027569,-0.323628,-3.116000,-0.399000,0.076000,1
0.492506,-13.101000,-22.337999,2.098000,34.937000,16.054001,54.900002,171.701004,0.000000,0.000000,0.000000,0.000000,0.000000,0.000000,-0.120000,-562.000000,-1609.000000,83.000000,-2380.000000,39.000000,-434.000000,-35.000000,22.000000,22.000000,22.000000,22.000000,22.000000,22.000000,22.000000,37.000000,37.000000,37.000000,38.000000,39.000000,40.000000,43.000000,1,1,1,1,1,1,1,0,0,0,0,0,0,0,74,5376.549805,837,0,1,0.779653,0.025888,-0.323628,-3.116000,-0.399000,0.076000,1
0.502503,-12.488000,-22.684000,1.530000,35.790001,16.149000,54.470001,171.315002,0.000000,0.000000,0.000000,0.000000,0.000000,0.000000,-0.120000,-562.000000,-1609.000000,83.000000,-2380.000000,39.000000,-434.000000,-35.000000,22.000000,22.000000,22.000000,22.000000,22.000000,22.000000,22.000000,37.000000,37.000000,37.000000,38.000000,39.000000,40.000000,43.000000,1,1,1,1,1,1,1,0,0,0,0,0,0,0,74,5376.549805,837,0,1,0.778662,0.024171,-0.323628,-3.116000,-0.399000,0.076000,1
0.512448,-11.886000,-23.023001,0.971000,36.625000,16.243999,54.049999,170.927994,0.000000,0.000000,0.000000,0.000000,0.000000,0.000000,-0.120000,-562.000000,-1609.000000,83.000000,-2380.000000,39.000000,-434.000000,-35.000000,22.000000,22.000000,22.000000,22.000000,22.000000,22.000000,22.000000,37.000000,37.000000,37.000000,38.000000,39.000000,40.000000,43.000000,1,1,1,1,1,1,1,0,0,0,0,0,0,0,74,5376.551758,837,0,1,0.777664,0.022441,-0.323628,-3.116000,-0.399000,0.076000,1
0.522516,-11.531000,-23.223000,0.642000,37.115002,16.299999,53.805000,170.695999,0.000000,0.000000,0.000000,0.000000,0.000000,0.000000,-0.120000,-562.000000,-1609.000000,83.000000,-2380.000000,39.000000,-434.000000,-35.000000,22.000000,22.000000,22.000000,22.000000,22.000000,22.000000,22.000000,37.000000,37.000000,37.000000,38.000000,39.000000,40.000000,43.000000,1,1,1,1,1,1,1,0,0,0,0,0,0,0,74,5376.550781,837,0,1,0.777064,0.021403,-0.323628,-3.116000,-0.399000,0.076000,1
0.532443,-10.949000,-23.549999,0.104000,37.915001,16.393000,53.404999,170.311996,0.000000,0.000000,0.000000,0.000000,0.000000,0.000000,-0.120000,-562.000000,-1609.000000,83.000000,-2380.000000,39.000000,-434.000000,-35.000000,22.000000,22.000000,22.000000,22.000000,22.000000,22.000000,22.000000,37.000000,37.000000,37.000000,38.000000,39.000000,40.000000,43.000000,1,1,1,1,1,1,1,0,0,0,0,0,0,0,74,5376.549805,835,0,1,0.776065,0.019672,-0.323628,-3.116000,-0.399000,0.076000,1
0.542475,-10.266000,-23.931999,-0.526000,38.846001,16.500999,52.939999,169.852997,0.000000,0.000000,0.000000,0.000000,0.000000,0.000000,-0.120000,-562.000000,-1609.000000,83.000000,-2380.000000,39.000000,-434.000000,-35.000000,22.000000,22.000000,22.000000,22.000000,22.000000,22.000000,22.000000,37.000000,37.000000,37.000000,38.000000,39.000000,40.000000,43.000000,1,1,1,1,1,1,1,0,0,0,0,0,0,0,74,5376.550781,836,0,1,0.774866,0.017595,-0.323628,-3.116000,-0.399000,0.076000,1
0.552570,-9.709000,-24.243999,-1.040000,39.601002,16.589001,52.563999,169.473007,0.000000,0.000000,0.000000,0.000000,0.000000,0.000000,-0.120000,-562.000000,-1609.000000,83.000000,-2380.000000,39.000000,-434.000000,-35.000000,22.000000,22.000000,22.000000,22.000000,22.000000,22.000000,22.000000,37.000000,37.000000,37.000000,38.000000,39.000000,40.000000,43.000000,1,1,1,1,1,1,1,0,0,0,0,0,0,0,74,5376.549805,835,0,1,0.773866,0.015865,-0.323628,-3.116000,-0.399000,0.076000,1
0.562484,-9.162000,-24.549000,-1.545000,40.338001,16.674999,52.198002,169.095001,0.000000,0.000000,0.000000,0.000000,0.000000,0.000000,-0.120000,-562.000000,-1609.000000,83.000000,-2380.000000,39.000000,-434.000000,-35.000000,22.000000,22.000000,22.000000,22.000000,22.000000,22.000000,22.000000,37.000000,37.000000,37.000000,38.000000,39.000000,40.000000,43.000000,1,1,1,1,1,1,1,0,0,0,0,0,0,0,74,5376.547852,836,0,1,0.772867,0.014134,-0.323628,-3.116000,-0.399000,0.076000,1
0.572534,-8.623000,-24.849001,-2.042000,41.056999,16.760000,51.841999,168.716995,0.000000,0.000000,0.000000,0.000000,0.000000,0.000000,-0.120000,-562.000000,-1609.000000,83.000000,-2380.000000,39.000000,-434.000000,-35.000000,22.000000,22.000000,22.000000,22.000000,22.000000,22.000000,22.000000,37.000000,37.000000,37.000000,38.000000,39.000000,40.000000,43.000000,1,1,1,1,1,1,1,0,0,0,0,0,0,0,74,5376.549805,836,0,1,0.771868,0.012403,-0.323628,-3.116000,-0.399000,0.076000,1
0.582565,-7.988000,-25.201000,-2.626000,41.897999,16.858999,51.425999,168.266998,0.000000,0.000000,0.000000,0.000000,0.000000,0.000000,-0.120000,-562.000000,-1609.000000,83.000000,-2380.000000,39.000000,-434.000000,-35.000000,22.000000,22.000000,22.000000,22.000000,22.000000,22.000000,22.000000,37.000000,37.000000,37.000000,38.000000,39.000000,40.000000,43.000000,1,1,1,1,1,1,1,0,0,0,0,0,0,0,74,5376.549805,836,0,1,0.770669,0.010326,-0.323628,-3.116000,-0.399000,0.076000,1
0.592525,-7.466000,-25.489000,-3.106000,42.581001,16.938999,51.090000,167.893005,0.000000,0.000000,0.000000,0.000000,0.000000,0.000000,-0.120000,-562.000000,-1609.000000,83.000000,-2380.000000,39.000000,-434.000000,-35.000000,22.000000,22.000000,22.000000,22.000000,22.000000,22.000000,22.000000,37.000000,37.000000,37.000000,38.000000,39.000000,40.000000,43.000000,1,1,1,1,1,1,1,0,0,0,0,0,0,0,74,5376.550781,836,0,1,0.769670,0.008595,-0.323628,-3.116000,-0.399000,0.076000,1
0.602429,-6.952000,-25.773001,-3.578000,43.250000,17.017000,50.761002,167.520996,0.000000,0.000000,0.000000,0.000000,0.000000,0.000000,-0.120000,-562.000000,-1609.000000,83.000000,-2380.000000,39.000000,-434.000000,-35.000000,22.000000,22.000000,22.000000,22.000000,22.000000,22.000000,22.000000,37.000000,37.000000,37.000000,38.000000,39.000000,40.000000,43.000000,1,1,1,1,1,1,1,0,0,0,0,0,0,0,74,5376.549805,837,0,1,0.768670,0.006865,-0.323628,-3.116000,-0.399000,0.076000,1
0.612490,-6.444000,-26.052000,-4.043000,43.903999,17.094000,50.439999,167.149994,0.000000,0.000000,0.000000,0.000000,0.000000,0.000000,-0.120000,-562.000000,-1609.000000,83.000000,-2380.000000,39.000000,-434.000000,-35.000000,22.000000,22.000000,22.000000,22.000000,22.000000,22.000000,22.000000,37.000000,37.000000,37.000000,38.000000,39.000000,40.000000,43.000000,1,1,1,1,1,1,1,0,0,0,0,0,0,0,74,5376.550781,836,0,1,0.767671,0.005134,-0.323628,-3.116000,-0.399000,0.076000,1
0.622625,-5.942000,-26.326000,-4.503000,44.543999,17.167999,50.126999,166.779999,0.000000,0.000000,0.000000,0.000000,0.000000,0.000000,-0.120000,-562.000000,-1609.000000,83.000000,-2380.000000,39.000000,-434.000000,-35.000000,22.000000,22.000000,22.000000,22.000000,22.000000,22.000000,22.000000,37.000000,37.000000,37.000000,38.000000,39.000000,40.000000,43.000000,1,1,1,1,1,1,1,0,0,0,0,0,0,0,74,5376.551758,836,0,1,0.766672,0.003403,-0.323628,-3.116000,-0.399000,0.076000,1
0.632538,-5.643000,-26.489000,-4.776000,44.922001,17.212000,49.943001,166.559006,0.000000,0.000000,0.000000,0.000000,0.000000,0.000000,-0.120000,-562.000000,-1609.000000,83.000000,-2380.000000,39.000000,-434.000000,-35.000000,22.000000,22.000000,22.000000,22.000000,22.000000,22.000000,22.000000,37.000000,37.000000,37.000000,38.000000,39.000000,40.000000,43.000000,1,1,1,1,1,1,1,0,0,0,0,0,0,0,74,5376.550781,836,0,1,0.766072,0.002365,-0.323628,-3.116000,-0.399000,0.076000,1
0.642550,-5.150000,-26.757999,-5.227000,45.542000,17.283001,49.640999,166.192001,0.000000,0.000000,0.000000,0.000000,0.000000,0.000000,-0.120000,-562.000000,-1609.000000,83.000000,-2380.000000,39.000000,-434.000000,-35.000000,22.000000,22.000000,22.000000,22.000000,22.000000,22.000000,22.000000,37.000000,37.000000,37.000000,38.000000,39.000000,40.000000,43.000000,1,1,1,1,1,1,1,0,0,0,0,0,0,0,74,5376.550781,837,0,1,0.765073,0.000634,-0.323628,-3.116000,-0.399000,0.076000,1
0.652545,-4.568000,-27.073999,-5.759000,46.264999,17.365999,49.290001,165.753998,0.000000,0.000000,0.000000,0.000000,0.000000,0.000000,-0.120000,-562.000000,-1609.000000,83.000000,-2380.000000,39.000000,-434.000000,-35.000000,22.000000,22.000000,22.000000,22.000000,22.000000,22.000000,22.000000,37.000000,37.000000,37.000000,38.000000,39.000000,40.000000,43.000000,1,1,1,1,1,1,1,0,0,0,0,0,0,0,74,5376.549805,836,0,1,0.763880,-0.001432,-0.323628,-3.116000,-0.399000,0.076000,1
0.662567,-4.097000,-27.329000,-6.188000,46.845001,17.431000,49.009998,165.397995,0.000000,0.000000,0.000000,0.000000,0.000000,0.000000,-0.120000,-562.000000,-1609.000000,83.000000,-2380.000000,39.000000,-434.000000,-35.000000,22.000000,22.000000,22.000000,22.000000,22.000000,22.000000,22.000000,37.000000,37.000000,37.000000,38.000000,39.000000,40.000000,43.000000,1,1,1,1,1,1,1,0,0,0,0,0,0,0,74,5376.549805,836,0,1,0.762904,-0.003122,-0.323628,-3.116000,-0.399000,0.076000,1
0.672556,-3.644000,-27.573000,-6.601000,47.396000,17.493000,48.743999,165.054001,0.000000,0.000000,0.000000,0.000000,0.000000,0.000000,-0.120000,-562.000000,-1609.000000,83.000000,-2380.000000,39.000000,-434.000000,-35.000000,22.000000,22.000000,22.000000,22.000000,22.000000,22.000000,22.000000,37.000000,37.000000,37.000000,38.000000,39.000000,40.000000,43.000000,1,1,1,1,1,1,1,0,0,0,0,0,0,0,74,5376.549805,837,0,1,0.761958,-0.004761,-0.323628,-3.116000,-0.399000,0.076000,1
0.682826,-3.131000,-27.849001,-7.067000,48.012001,17.559999,48.446999,164.662994,0.000000,0.000000,0.000000,0.000000,0.000000,0.000000,-0.120000,-562.000000,-1609.000000,83.000000,-2380.000000,39.000000,-434.000000,-35.000000,22.000000,22.000000,22.000000,22.000000,22.000000,22.000000,22.000000,37.000000,37.000000,37.000000,38.000000,39.000000,40.000000,43.000000,1,1,1,1,1,1,1,0,0,0,0,0,0,0,74,5376.550781,836,0,1,0.760879,-0.006630,-0.323628,-3.116000,-0.399000,0.076000,1
0.692544,-2.734000,-28.061001,-7.426000,48.484001,17.610001,48.220001,164.360001,0.000000,0.000000,0.000000,0.000000,0.000000,0.000000,-0.120000,-562.000000,-1609.000000,83.000000,-2380.000000,39.000000,-434.000000,-35.000000,22.000000,22.000000,22.000000,22.000000,22.000000,22.000000,22.000000,37.000000,37.000000,37.000000,38.000000,39.000000,40.000000,43.000000,1,1,1,1,1,1,1,0,0,0,0,0,0,0,74,5376.550781,837,0,1,0.760037,-0.008088,-0.323628,-3.116000,-0.399000,0.076000,1
0.702555,-2.368000,-28.256001,-7.757000,48.915001,17.653999,48.013000,164.080002,0.000000,0.000000,0.000000,0.000000,0.000000,0.000000,-0.120000,-562.000000,-1609.000000,83.000000,-2380.000000,39.000000,-434.000000,-35.000000,22.000000,22.000000,22.000000,22.000000,22.000000,22.000000,22.000000,37.000000,37.000000,37.000000,38.000000,39.000000,40.000000,43.000000,1,1,1,1,1,1,1,0,0,0,0,0,0,0,74,5376.550781,836,0,1,0.759258,-0.009438,-0.323628,-3.116000,-0.399000,0.076000,1
0.712611,-2.036000,-28.433001,-8.056000,49.300999,17.691999,47.827999,163.826004,0.000000,0.000000,0.000000,0.000000,0.000000,0.000000,-0.120000,-562.000000,-1609.000000,83.000000,-2380.000000,39.000000,-434.000000,-35.000000,22.000000,22.000000,22.000000,22.000000,22.000000,22.000000,22.000000,37.000000,37.000000,37.000000,38.000000,39.000000,40.000000,43.000000,1,1,1,1,1,1,1,0,0,0,0,0,0,0,74,5376.550781,836,0,1,0.758548,-0.010668,-0.323628,-3.116000,-0.399000,0.076000,1
0.722586,-1.740000,-28.590000,-8.322000,49.643002,17.725000,47.665001,163.600006,0.000000,0.000000,0.000000,0.000000,0.000000,0.000000,-0.120000,-562.000000,-1609.000000,83.000000,-2380.000000,39.000000,-434.000000,-35.000000,22.000000,22.000000,22.000000,22.000000,22.000000,22.000000,22.000000,37.000000,37.000000,37.000000,38.000000,39.000000,40.000000,43.000000,1,1,1,1,1,1,1,0,0,0,0,0,0,0,74,5376.549805,837,0,1,0.757912,-0.011769,-0.323627,-3.116000,-0.400000,0.076000,1
0.732599,-1.580000,-28.674000,-8.466000,49.827000,17.740999,47.577000,163.477997,0.000000,0.000000,0.000000,0.000000,0.000000,0.000000,-0.120000,-562.000000,-1609.000000,83.000000,-2380.000000,39.000000,-434.000000,-35.000000,22.000000,22.000000,22.000000,22.000000,22.000000,22.000000,22.000000,37.000000,37.000000,37.000000,38.000000,39.000000,40.000000,43.000000,1,1,1,1,1,1,1,0,0,0,0,0,0,0,74,5376.549805,835,0,1,0.757568,-0.012365,-0.323627,-3.116000,-0.400000,0.076000,1
0.742619,-1.342000,-28.799999,-8.677000,50.097000,17.764000,47.448002,163.298004,0.000000,0.000000,0.000000,0.000000,0.000000,0.000000,-0.120000,-562.000000,-1609.000000,83.000000,-2380.000000,39.000000,-434.000000,-35.000000,22.000000,22.000000,22.000000,22.000000,22.000000,22.000000,22.000000,37.000000,37.000000,37.000000,38.000000,39.000000,40.000000,43.000000,1,1,1,1,1,1,1,0,0,0,0,0,0,0,74,5376.550781,835,0,1,0.757057,-0.013249,-0.323627,-3.116000,-0.399000,0.076000,1
0.752612,-1.105000,-28.924000,-8.887000,50.363998,17.785000,47.320999,163.119003,0.000000,0.000000,0.000000,0.000000,0.000000,0.000000,-0.120000,-562.000000,-1609.000000,83.000000,-2380.000000,39.000000,-434.000000,-35.000000,22.000000,22.000000,22.000000,22.000000,22.000000,22.000000,22.000000,37.000000,37.000000,37.000000,38.000000,39.000000,40.000000,43.000000,1,1,1,1,1,1,1,0,0,0,0,0,0,0,74,5376.549805,836,0,1,0.756548,-0.014131,-0.323627,-3.117000,-0.399000,0.076000,1
0.762545,-0.946000,-29.007000,-9.027000,50.541000,17.797001,47.236000,163.001007,0.000000,0.000000,0.000000,0.000000,0.000000,0.000000,-0.120000,-562.000000,-1609.000000,83.000000,-2380.000000,39.000000,-434.000000,-35.000000,22.000000,22.000000,22.000000,22.000000,22.000000,22.000000,22.000000,37.000000,37.000000,37.000000,38.000000,39.000000,40.000000,43.000000,1,1,1,1,1,1,1,0,0,0,0,0,0,0,74,5376.550781,836,0,1,0.756208,-0.014721,-0.323628,-3.116000,-0.399000,0.076000,1
0.772533,-0.819000,-29.072001,-9.136000,50.680000,17.804001,47.168999,162.908997,0.000000,0.000000,0.000000,0.000000,0.000000,0.000000,-0.120000,-562.000000,-1609.000000,83.000000,-2380.000000,39.000000,-434.000000,-35.000000,22.000000,22.000000,22.000000,22.000000,22.000000,22.000000,22.000000,37.000000,37.000000,37.000000,38.000000,39.000000,40.000000,43.000000,1,1,1,1,1,1,1,0,0,0,0,0,0,0,74,5376.549805,838,0,1,0.755939,-0.015186,-0.323627,-3.117000,-0.399000,0.076000,1
0.782611,-0.722000,-29.122000,-9.219000,50.785000,17.806000,47.118999,162.839996,0.000000,0.000000,0.000000,0.000000,0.000000,0.000000,-0.120000,-562.000000,-1609.000000,83.000000,-2380.000000,39.000000,-434.000000,-35.000000,22.000000,22.000000,22.000000,22.000000,22.000000,22.000000,22.000000,37.000000,37.000000,37.000000,38.000000,39.000000,40.000000,43.000000,1,1,1,1,1,1,1,0,0,0,0,0,0,0,74,5376.550781,835,0,1,0.755736,-0.015539,-0.323628,-3.116000,-0.399000,0.076000,1
0.792590,-0.650000,-29.157000,-9.277000,50.860001,17.806000,47.082001,162.792007,0.000000,0.000000,0.000000,0.000000,0.000000,0.000000,-0.120000,-562.000000,-1609.000000,83.000000,-2380.000000,39.000000,-434.000000,-35.000000,22.000000,22.000000,22.000000,22.000000,22.000000,22.000000,22.000000,37.000000,37.000000,37.000000,38.000000,39.000000,40.000000,43.000000,1,1,1,1,1,1,1,0,0,0,0,0,0,0,74,5376.550781,835,0,1,0.755589,-0.015793,-0.323627,-3.116000,-0.399000,0.076000,1
0.802533,-0.600000,-29.181000,-9.316000,50.910999,17.802000,47.056999,162.761002,0.000000,0.000000,0.000000,0.000000,0.000000,0.000000,-0.120000,-562.000000,-1609.000000,83.000000,-2380.000000,39.000000,-434.000000,-35.000000,22.000000,22.000000,22.000000,22.000000,22.000000,22.000000,22.000000,37.000000,37.000000,37.000000,38.000000,39.000000,40.000000,43.000000,1,1,1,1,1,1,1,0,0,0,0,0,0,0,74,5376.550781,836,0,1,0.755490,-0.015964,-0.323627,-3.117000,-0.400000,0.076000,1
0.812711,-0.561000,-29.198999,-9.343000,50.946999,17.795000,47.039001,162.740997,0.000000,0.000000,0.000000,0.000000,0.000000,0.000000,-0.120000,-562.000000,-1609.000000,83.000000,-2380.000000,39.000000,-434.000000,-35.000000,22.000000,22.000000,22.000000,22.000000,22.000000,22.000000,22.000000,37.000000,37.000000,37.000000,38.000000,39.000000,40.000000,43.000000,1,1,1,1,1,1,1,0,0,0,0,0,0,0,74,5376.550781,836,0,1,0.755419,-0.016087,-0.323627,-3.117000,-0.400000,0.076000,1
0.822612,-0.541000,-29.208000,-9.355000,50.964001,17.788000,47.029999,162.733002,0.000000,0.000000,0.000000,0.000000,0.000000,0.000000,-0.120000,-562.000000,-1609.000000,83.000000,-2380.000000,39.000000,-434.000000,-35.000000,22.000000,22.000000,22.000000,22.000000,22.000000,22.000000,22.000000,37.000000,37.000000,37.000000,38.000000,39.000000,40.000000,43.000000,1,1,1,1,1,1,1,0,0,0,0,0,0,0,74,5376.550781,835,0,1,0.755386,-0.016144,-0.323628,-3.117000,-0.399000,0.076000,1
0.832568,-0.534000,-29.209999,-9.359000,50.969002,17.784000,47.027000,162.731995,0.000000,0.000000,0.000000,0.000000,0.000000,0.000000,-0.120000,-562.000000,-1609.000000,83.000000,-2380.000000,39.000000,-434.000000,-35.000000,22.000000,22.000000,22.000000,22.000000,22.000000,22.000000,22.000000,37.000000,37.000000,37.000000,38.000000,39.000000,40.000000,43.000000,1,1,1,1,1,1,1,0,0,0,0,0,0,0,74,5376.550781,836,0,1,0.755376,-0.016161,-0.323627,-3.116000,-0.400000,0.076000,1
0.843491,-0.517000,-29.230000,-9.360000,51.008999,17.770000,47.005001,162.727005,0.000000,0.000000,0.000000,0.000000,0.000000,0.000000,-0.120000,-562.000000,-1609.000000,83.000000,-2380.000000,39.000000,-434.000000,-35.000000,22.000000,22.000000,22.000000,22.000000,22.000000,22.000000,22.000000,37.000000,37.000000,37.000000,38.000000,39.000000,40.000000,43.000000,1,1,1,1,1,1,1,0,0,0,0,0,0,0,74,5376.549805,837,0,1,0.755304,-0.016193,-0.323627,-3.116000,-0.400000,0.076000,1
0.853736,-0.511000,-29.242001,-9.359000,51.034000,17.764999,46.991001,162.723007,0.000000,0.000000,0.000000,0.000000,0.000000,0.000000,-0.120000,-562.000000,-1609.000000,83.000000,-2380.000000,39.000000,-434.000000,-35.000000,22.000000,22.000000,22.000000,22.000000,22.000000,22.000000,22.000000,37.000000,37.000000,37.000000,38.000000,39.000000,40.000000,43.000000,1,1,1,1,1,1,1,0,0,0,0,0,0,0,74,5376.551758,837,0,1,0.755259,-0.016206,-0.323627,-3.117000,-0.400000,0.076000,1
0.863557,-0.497000,-29.280001,-9.357000,51.115002,17.756001,46.948002,162.707993,0.000000,0.000000,0.000000,0.000000,0.000000,0.000000,-0.120000,-562.000000,-1609.000000,83.000000,-2380.000000,39.000000,-434.000000,-35.000000,22.000000,22.000000,22.000000,22.000000,22.000000,22.000000,22.000000,37.000000,37.000000,37.000000,38.000000,39.000000,40.000000,43.000000,1,1,1,1,1,1,1,0,0,0,0,0,0,0,74,5376.550781,837,0,1,0.755115,-0.016244,-0.323627,-3.117000,-0.400000,0.076000,1
0.873534,-0.480000,-29.333000,-9.356000,51.226002,17.749001,46.889999,162.684998,0.000000,0.000000,0.000000,0.000000,0.000000,0.000000,-0.120000,-562.000000,-1609.000000,83.000000,-2380.000000,39.000000,-434.000000,-35.000000,22.000000,22.000000,22.000000,22.000000,22.000000,22.000000,22.000000,37.000000,37.000000,37.000000,38.000000,39.000000,40.000000,43.000000,1,1,1,1,1,1,1,0,0,0,0,0,0,0,74,5376.549805,836,0,1,0.754917,-0.016297,-0.323628,-3.116000,-0.399000,0.076000,1
0.883627,-0.458000,-29.410000,-9.356000,51.389999,17.743000,46.805000,162.649002,0.000000,0.000000,0.000000,0.000000,0.000000,0.000000,-0.120000,-562.000000,-1609.000000,83.000000,-2380.000000,39.000000,-434.000000,-35.000000,22.000000,22.000000,22.000000,22.000000,22.000000,22.000000,22.000000,37.000000,37.000000,37.000000,38.000000,39.000000,40.000000,43.000000,1,1,1,1,1,1,1,0,0,0,0,0,0,0,74,5376.549805,837,0,1,0.754625,-0.016375,-0.323627,-3.117000,-0.399000,0.076000,1
0.893522,-0.429000,-29.516001,-9.356000,51.615002,17.739000,46.688000,162.598007,0.000000,0.000000,0.000000,0.000000,0.000000,0.000000,-0.120000,-562.000000,-1609.000000,83.000000,-2380.000000,39.000000,-434.000000,-35.000000,22.000000,22.000000,22.000000,22.000000,22.000000,22.000000,22.000000,37.000000,37.000000,37.000000,38.000000,39.000000,40.000000,43.000000,1,1,1,1,1,1,1,0,0,0,0,0,0,0,74,5376.551758,837,0,1,0.754221,-0.016484,-0.323628,-3.116000,-0.399000,0.076000,1
0.903514,-0.385000,-29.687000,-9.357000,51.979000,17.736000,46.500000,162.513000,0.000000,0.000000,0.000000,0.000000,0.000000,0.000000,-0.120000,-562.000000,-1609.000000,83.000000,-2380.000000,39.000000,-434.000000,-35.000000,22.000000,22.000000,22.000000,22.000000,22.000000,22.000000,22.000000,37.000000,37.000000,37.000000,38.000000,39.000000,40.000000,43.000000,1,1,1,1,1,1,1,0,0,0,0,0,0,0,74,5376.551758,835,0,1,0.753565,-0.016660,-0.323627,-3.117000,-0.399000,0.076000,1
0.913603,-0.339000,-29.870001,-9.360000,52.366001,17.735001,46.299999,162.421005,0.000000,0.000000,0.000000,0.000000,0.000000,0.000000,-0.120000,-562.000000,-1609.000000,83.000000,-2380.000000,39.000000,-434.000000,-35.000000,22.000000,22.000000,22.000000,22.000000,22.000000,22.000000,22.000000,37.000000,37.000000,37.000000,38.000000,39.000000,40.000000,43.000000,1,1,1,1,1,1,1,0,0,0,0,0,0,0,74,5376.550781,836,0,1,0.752862,-0.016848,-0.323628,-3.116000,-0.399000,0.076000,1
0.923585,-0.284000,-30.089001,-9.364000,52.831001,17.736000,46.058998,162.309006,0.000000,0.000000,0.000000,0.000000,0.000000,0.000000,-0.120000,-562.000000,-1609.000000,83.000000,-2380.000000,39.000000,-434.000000,-35.000000,22.000000,22.000000,22.000000,22.000000,22.000000,22.000000,22.000000,37.000000,37.000000,37.000000,38.000000,39.000000,40.000000,43.000000,1,1,1,1,1,1,1,0,0,0,0,0,0,0,74,5376.550781,836,0,1,0.752010,-0.017076,-0.323628,-3.117000,-0.399000,0.076000,1
0.933669,-0.220000,-30.346001,-9.371000,53.375999,17.740000,45.778000,162.175995,0.000000,0.000000,0.000000,0.000000,0.000000,0.000000,-0.120000,-562.000000,-1609.000000,83.000000,-2380.000000,39.000000,-434.000000,-35.000000,22.000000,22.000000,22.000000,22.000000,22.000000,22.000000,22.000000,37.000000,37.000000,37.000000,38.000000,39.000000,40.000000,43.000000,1,1,1,1,1,1,1,0,0,0,0,0,0,0,74,5376.550781,836,0,1,0.751003,-0.017346,-0.323627,-3.117000,-0.400000,0.076000,1
0.943561,-0.145000,-30.639000,-9.380000,53.998001,17.745001,45.457001,162.024002,0.000000,0.000000,0.000000,0.000000,0.000000,0.000000,-0.120000,-562.000000,-1609.000000,83.000000,-2380.000000,39.000000,-434.000000,-35.000000,22.000000,22.000000,22.000000,22.000000,22.000000,22.000000,22.000000,37.000000,37.000000,37.000000,38.000000,39.000000,40.000000,43.000000,1,1,1,1,1,1,1,0,0,0,0,0,0,0,74,5376.550781,836,0,1,0.749843,-0.017657,-0.323628,-3.117000,-0.399000,0.076000,1
0.953564,-0.042000,-31.035000,-9.395000,54.838001,17.754000,45.023998,161.815994,0.000000,0.000000,0.000000,0.000000,0.000000,0.000000,-0.120000,-562.000000,-1609.000000,83.000000,-2380.000000,39.000000,-434.000000,-35.000000,22.000000,22.000000,22.000000,22.000000,22.000000,22.000000,22.000000,37.000000,37.000000,37.000000,38.000000,39.000000,40.000000,43.000000,1,1,1,1,1,1,1,0,0,0,0,0,0,0,74,5376.550781,837,0,1,0.748255,-0.018082,-0.323627,-3.117000,-0.399000,0.076000,1
0.963553,-0.004000,-31.177000,-9.402000,55.139000,17.757000,44.868999,161.740997,0.000000,0.000000,0.000000,0.000000,0.000000,0.000000,-0.120000,-562.000000,-1609.000000,83.000000,-2380.000000,39.000000,-434.000000,-35.000000,22.000000,22.000000,22.000000,22.000000,22.000000,22.000000,22.000000,37.000000,37.000000,37.000000,38.000000,39.000000,40.000000,43.000000,1,1,1,1,1,1,1,0,0,0,0,0,0,0,74,5376.550781,836,0,1,0.747681,-0.018236,-0.323627,-3.116000,-0.399000,0.076000,1
0.974079,0.117000,-31.629999,-9.424000,56.097000,17.768999,44.375000,161.501999,0.000000,0.000000,0.000000,0.000000,0.000000,0.000000,-0.120000,-562.000000,-1609.000000,83.000000,-2380.000000,39.000000,-434.000000,-35.000000,22.000000,22.000000,22.000000,22.000000,22.000000,22.000000,22.000000,37.000000,37.000000,37.000000,38.000000,39.000000,40.000000,43.000000,1,1,1,1,1,1,1,0,0,0,0,0,0,0,74,5376.549805,837,0,1,0.745832,-0.018731,-0.323628,-3.117000,-0.399000,0.076000,1
0.984858,0.228000,-32.033001,-9.447000,56.948002,17.780001,43.936001,161.287003,0.000000,0.000000,0.000000,0.000000,0.000000,0.000000,-0.120000,-562.000000,-1609.000000,83.000000,-2380.000000,39.000000,-434.000000,-35.000000,22.000000,22.000000,22.000000,22.000000,22.000000,22.000000,22.000000,37.000000,37.000000,37.000000,38.000000,39.000000,40.000000,43.000000,1,1,1,1,1,1,1,0,0,0,0,0,0,0,74,5376.550781,836,0,1,0.744163,-0.019179,-0.323627,-3.117000,-0.399000,0.076000,1
0.994764,0.348000,-32.453999,-9.474000,57.837002,17.791000,43.478001,161.061005,0.000000,0.000000,0.000000,0.000000,0.000000,0.000000,-0.120000,-562.000000,-1609.000000,83.000000,-2380.000000,39.000000,-434.000000,-35.000000,22.000000,22.000000,22.000000,22.000000,22.000000,22.000000,22.000000,37.000000,37.000000,37.000000,38.000000,39.000000,40.000000,43.000000,1,1,1,1,1,1,1,0,0,0,0,0,0,0,74,5376.550781,837,0,1,0.742397,-0.019652,-0.323627,-3.116000,-0.399000,0.076000,1
1.004980,0.474000,-32.888000,-9.504000,58.750000,17.804001,43.007999,160.826996,0.000000,0.000000,0.000000,0.000000,0.000000,0.000000,-0.120000,-562.000000,-1609.000000,83.000000,-2380.000000,39.000000,-434.000000,-35.000000,22.000000,22.000000,22.000000,22.000000,22.000000,22.000000,22.000000,37.000000,37.000000,37.000000,38.000000,39.000000,40.000000,43.000000,1,1,1,1,1,1,1,0,0,0,0,0,0,0,74,5376.551758,837,0,1,0.740553,-0.020146,-0.323627,-3.117000,-0.399000,0.076000,1
1.014871,0.606000,-33.328999,-9.539000,59.676998,17.816000,42.529999,160.589005,0.000000,0.000000,0.000000,0.000000,0.000000,0.000000,-0.120000,-562.000000,-1609.000000,83.000000,-2380.000000,39.000000,-434.000000,-35.000000,22.000000,22.000000,22.000000,22.000000,22.000000,22.000000,22.000000,37.000000,37.000000,37.000000,38.000000,39.000000,40.000000,43.000000,1,1,1,1,1,1,1,0,0,0,0,0,0,0,74,5376.550781,836,0,1,0.738654,-0.020655,-0.323628,-3.117000,-0.399000,0.076000,1
1.024675,0.770000,-33.858002,-9.584000,60.789001,17.830999,41.957001,160.300003,0.000000,0.000000,0.000000,0.000000,0.000000,0.000000,-0.120000,-562.000000,-1609.000000,83.000000,-2380.000000,39.000000,-434.000000,-35.000000,22.000000,22.000000,22.000000,22.000000,22.000000,22.000000,22.000000,37.000000,37.000000,37.000000,38.000000,39.000000,40.000000,43.000000,1,1,1,1,1,1,1,0,0,0,0,0,0,0,74,5376.549805,836,0,1,0.736339,-0.021275,-0.323627,-3.116000,-0.400000,0.076000,1
1.034711,0.908000,-34.294998,-9.625000,61.705002,17.843000,41.486000,160.061005,0.000000,0.000000,0.000000,0.000000,0.000000,0.000000,-0.120000,-562.000000,-1609.000000,83.000000,-2380.000000,39.000000,-434.000000,-35.000000,22.000000,22.000000,22.000000,22.000000,22.000000,22.000000,22.000000,37.000000,37.000000,37.000000,38.000000,39.000000,40.000000,43.000000,1,1,1,1,1,1,1,0,0,0,0,0,0,0,74,5376.549805,837,0,1,0.734403,-0.021794,-0.323627,-3.117000,-0.400000,0.076000,1
1.044601,1.048000,-34.727001,-9.668000,62.606998,17.855000,41.021000,159.822998,0.000000,0.000000,0.000000,0.000000,0.000000,0.000000,-0.120000,-562.000000,-1609.000000,83.000000,-2380.000000,39.000000,-434.000000,-35.000000,22.000000,22.000000,22.000000,22.000000,22.000000,22.000000,22.000000,37.000000,37.000000,37.000000,38.000000,39.000000,40.000000,43.000000,1,1,1,1,1,1,1,0,0,0,0,0,0,0,74,5376.549805,837,0,1,0.732468,-0.022312,-0.323628,-3.116000,-0.399000,0.076000,1
1.054757,1.218000,-35.237999,-9.723000,63.674999,17.868000,40.471001,159.541000,0.000000,0.000000,0.000000,0.000000,0.000000,0.000000,-0.120000,-562.000000,-1609.000000,83.000000,-2380.000000,39.000000,-434.000000,-35.000000,22.000000,22.000000,22.000000,22.000000,22.000000,22.000000,22.000000,37.000000,37.000000,37.000000,38.000000,39.000000,40.000000,43.000000,1,1,1,1,1,1,1,0,0,0,0,0,0,0,74,5376.549805,837,0,1,0.730145,-0.022935,-0.323627,-3.117000,-0.399000,0.076000,1
1.064878,1.361000,-35.658001,-9.771000,64.551003,17.879000,40.019001,159.307007,0.000000,0.000000,0.000000,0.000000,0.000000,0.000000,-0.120000,-562.000000,-1609.000000,83.000000,-2380.000000,39.000000,-434.000000,-35.000000,22.000000,22.000000,22.000000,22.000000,22.000000,22.000000,22.000000,37.000000,37.000000,37.000000,38.000000,39.000000,40.000000,43.000000,1,1,1,1,1,1,1,0,0,0,0,0,0,0,74,5376.550781,836,0,1,0.728209,-0.023453,-0.323627,-3.117000,-0.400000,0.076000,1
1.075582,1.506000,-36.075001,-9.821000,65.417000,17.889000,39.573002,159.074997,0.000000,0.000000,0.000000,0.000000,0.000000,0.000000,-0.120000,-562.000000,-1609.000000,83.000000,-2380.000000,39.000000,-434.000000,-35.000000,22.000000,22.000000,22.000000,22.000000,22.000000,22.000000,22.000000,37.000000,37.000000,37.000000,38.000000,39.000000,40.000000,43.000000,1,1,1,1,1,1,1,0,0,0,0,0,0,0,74,5376.550781,837,0,1,0.726274,-0.023972,-0.323627,-3.116000,-0.399000,0.076000,1
1.085626,1.652000,-36.487000,-9.873000,66.272003,17.899000,39.132999,158.843994,0.000000,0.000000,0.000000,0.000000,0.000000,0.000000,-0.120000,-562.000000,-1609.000000,83.000000,-2380.000000,39.000000,-434.000000,-35.000000,22.000000,22.000000,22.000000,22.000000,22.000000,22.000000,22.000000,37.000000,37.000000,37.000000,38.000000,39.000000,40.000000,43.000000,1,1,1,1,1,1,1,0,0,0,0,0,0,0,74,5376.549805,837,0,1,0.724338,-0.024491,-0.323627,-3.117000,-0.399000,0.076000,1
1.095596,1.799000,-36.894001,-9.927000,67.116997,17.908001,38.698002,158.615005,0.000000,0.000000,0.000000,0.000000,0.000000,0.000000,-0.120000,-562.000000,-1609.000000,83.000000,-2380.000000,39.000000,-434.000000,-35.000000,22.000000,22.000000,22.000000,22.000000,22.000000,22.000000,22.000000,37.000000,37.000000,37.000000,38.000000,39.000000,40.000000,43.000000,1,1,1,1,1,1,1,0,0,0,0,0,0,0,74,5376.550781,837,0,1,0.722403,-0.025009,-0.323627,-3.116000,-0.400000,0.076000,1
1.105661,1.947000,-37.298000,-9.983000,67.952003,17.916000,38.268002,158.388000,0.000000,0.000000,0.000000,0.000000,0.000000,0.000000,-0.120000,-562.000000,-1609.000000,83.000000,-2380.000000,39.000000,-434.000000,-35.000000,22.000000,22.000000,22.000000,22.000000,22.000000,22.000000,22.000000,37.000000,37.000000,37.000000,38.000000,39.000000,40.000000,43.000000,1,1,1,1,1,1,1,0,0,0,0,0,0,0,74,5376.550781,835,0,1,0.720467,-0.025528,-0.323627,-3.117000,-0.399000,0.076000,1
1.115503,2.037000,-37.537998,-10.017000,68.448997,17.921000,38.012001,158.251999,0.000000,0.000000,0.000000,0.000000,0.000000,0.000000,-0.120000,-562.000000,-1609.000000,83.000000,-2380.000000,39.000000,-434.000000,-35.000000,22.000000,22.000000,22.000000,22.000000,22.000000,22.000000,22.000000,37.000000,37.000000,37.000000,38.000000,39.000000,40.000000,43.000000,1,1,1,1,1,1,1,0,0,0,0,0,0,0,74,5376.550781,836,0,1,0.719306,-0.025839,-0.323627,-3.116000,-0.400000,0.076000,1
1.125598,2.277000,-38.173000,-10.112000,69.755997,17.933001,37.339001,157.891006,0.000000,0.000000,0.000000,0.000000,0.000000,0.000000,-0.120000,-562.000000,-1609.000000,83.000000,-2380.000000,39.000000,-434.000000,-35.000000,22.000000,22.000000,22.000000,22.000000,22.000000,22.000000,22.000000,37.000000,37.000000,37.000000,38.000000,39.000000,40.000000,43.000000,1,1,1,1,1,1,1,0,0,0,0,0,0,0,74,5376.550781,837,0,1,0.716209,-0.026669,-0.323627,-3.116000,-0.399000,0.076000,1
1.135670,2.368000,-38.409000,-10.148000,70.240997,17.937000,37.089001,157.757004,0.000000,0.000000,0.000000,0.000000,0.000000,0.000000,-0.120000,-562.000000,-1609.000000,83.000000,-2380.000000,39.000000,-434.000000,-35.000000,22.000000,22.000000,22.000000,22.000000,22.000000,22.000000,22.000000,37.000000,37.000000,37.000000,38.000000,39.000000,40.000000,43.000000,1,1,1,1,1,1,1,0,0,0,0,0,0,0,74,5376.551758,837,0,1,0.715047,-0.026980,-0.323628,-3.116000,-0.399000,0.076000,1
1.145786,2.518000,-38.792999,-10.209000,71.028999,17.943001,36.682999,157.537994,0.000000,0.000000,0.000000,0.000000,0.000000,0.000000,-0.120000,-562.000000,-1609.000000,83.000000,-2380.000000,39.000000,-434.000000,-35.000000,22.000000,22.000000,22.000000,22.000000,22.000000,22.000000,22.000000,37.000000,37.000000,37.000000,38.000000,39.000000,40.000000,43.000000,1,1,1,1,1,1,1,0,0,0,0,0,0,0,74,5376.550781,836,0,1,0.713141,-0.027491,-0.323627,-3.116000,-0.399000,0.076000,1
1.155608,2.660000,-39.153000,-10.268000,71.766998,17.948000,36.303001,157.330994,0.000000,0.000000,0.000000,0.000000,0.000000,0.000000,-0.120000,-562.000000,-1609.000000,83.000000,-2380.000000,39.000000,-434.000000,-35.000000,22.000000,22.000000,22.000000,22.000000,22.000000,22.000000,22.000000,37.000000,37.000000,37.000000,38.000000,39.000000,40.000000,43.000000,1,1,1,1,1,1,1,0,0,0,0,0,0,0,74,5376.551758,837,0,1,0.711341,-0.027973,-0.323627,-3.116000,-0.399000,0.076000,1
1.165566,2.791000,-39.480999,-10.324000,72.438004,17.952999,35.958000,157.143005,0.000000,0.000000,0.000000,0.000000,0.000000,0.000000,-0.120000,-562.000000,-1609.000000,83.000000,-2380.000000,39.000000,-434.000000,-35.000000,22.000000,22.000000,22.000000,22.000000,22.000000,22.000000,22.000000,37.000000,37.000000,37.000000,38.000000,39.000000,40.000000,43.000000,1,1,1,1,1,1,1,0,0,0,0,0,0,0,74,5376.550781,836,0,1,0.709687,-0.028417,-0.323627,-3.116000,-0.400000,0.076000,1
1.175493,2.914000,-39.784000,-10.377000,73.056000,17.957001,35.639999,156.968002,0.000000,0.000000,0.000000,0.000000,0.000000,0.000000,-0.120000,-562.000000,-1609.000000,83.000000,-2380.000000,39.000000,-434.000000,-35.000000,22.000000,22.000000,22.000000,22.000000,22.000000,22.000000,22.000000,37.000000,37.000000,37.000000,38.000000,39.000000,40.000000,43.000000,1,1,1,1,1,1,1,0,0,0,0,0,0,0,74,5376.551758,836,0,1,0.708152,-0.028828,-0.323628,-3.117000,-0.400000,0.076000,1
1.185617,3.058000,-40.133999,-10.441000,73.767998,17.961000,35.272999,156.764008,0.000000,0.000000,0.000000,0.000000,0.000000,0.000000,-0.120000,-562.000000,-1609.000000,83.000000,-2380.000000,39.000000,-434.000000,-35.000000,22.000000,22.000000,22.000000,22.000000,22.000000,22.000000,22.000000,37.000000,37.000000,37.000000,38.000000,39.000000,40.000000,43.000000,1,1,1,1,1,1,1,0,0,0,0,0,0,0,74,5376.549805,836,0,1,0.706365,-0.029313,-0.323627,-3.116000,-0.399000,0.076000,0
1.195543,3.184000,-40.422001,-10.500000,74.353996,17.964001,34.972000,156.593002,0.000000,0.000000,0.000000,0.000000,0.000000,0.000000,-0.120000,-562.000000,-1609.000000,83.000000,-2380.000000,39.000000,-434.000000,-35.000000,22.000000,22.000000,22.000000,22.000000,22.000000,22.000000,22.000000,37.000000,37.000000,37.000000,38.000000,39.000000,40.000000,43.000000,1,1,1,1,1,1,1,0,0,0,0,0,0,0,74,5376.549805,837,0,1,0.704883,-0.029737,-0.323627,-3.117000,-0.400000,0.076000,0
1.205588,3.314000,-40.708000,-10.564000,74.931000,17.966000,34.675999,156.419998,0.000000,0.000000,0.000000,0.000000,0.000000,0.000000,-0.120000,-562.000000,-1609.000000,83.000000,-2380.000000,39.000000,-434.000000,-35.000000,22.000000,22.000000,22.000000,22.000000,22.000000,22.000000,22.000000,37.000000,37.000000,37.000000,38.000000,39.000000,40.000000,43.000000,1,1,1,1,1,1,1,0,0,0,0,0,0,0,74,5376.550781,836,0,1,0.703408,-0.030181,-0.323627,-3.116000,-0.399000,0.076000,0
1.215666,3.449000,-40.991001,-10.633000,75.501999,17.968000,34.382999,156.244995,0.000000,0.000000,0.000000,0.000000,0.000000,0.000000,-0.120000,-562.000000,-1609.000000,83.000000,-2380.000000,39.000000,-434.000000,-35.000000,22.000000,22.000000,22.000000,22.000000,22.000000,22.000000,22.000000,37.000000,37.000000,37.000000,38.000000,39.000000,40.000000,43.000000,1,1,1,1,1,1,1,0,0,0,0,0,0,0,74,5376.550781,836,0,1,0.701938,-0.030644,-0.323627,-3.117000,-0.399000,0.076000,0
1.225502,3.588000,-41.271000,-10.708000,76.065002,17.969000,34.095001,156.069000,0.000000,0.000000,0.000000,0.000000,0.000000,0.000000,-0.120000,-562.000000,-1609.000000,83.000000,-2380.000000,39.000000,-434.000000,-35.000000,22.000000,22.000000,22.000000,22.000000,22.000000,22.000000,22.000000,37.000000,37.000000,37.000000,38.000000,39.000000,40.000000,43.000000,1,1,1,1,1,1,1,0,0,0,0,0,0,0,74,5376.549805,835,0,1,0.700474,-0.031126,-0.323628,-3.116000,-0.399000,0.076000,0
1.235911,3.762000,-41.603001,-10.805000,76.731003,17.969000,33.755001,155.854004,0.000000,0.000000,0.000000,0.000000,0.000000,0.000000,-0.120000,-562.000000,-1609.000000,83.000000,-2380.000000,39.000000,-434.000000,-35.000000,22.000000,22.000000,22.000000,22.000000,22.000000,22.000000,22.000000,37.000000,37.000000,37.000000,38.000000,39.000000,40.000000,43.000000,1,1,1,1,1,1,1,0,0,0,0,0,0,0,74,5376.550781,835,0,1,0.698726,-0.031729,-0.323627,-3.116000,-0.399000,0.076000,0
1.245609,3.821000,-41.713001,-10.839000,76.949997,17.969000,33.643002,155.781998,0.000000,0.000000,0.000000,0.000000,0.000000,0.000000,-0.120000,-562.000000,-1609.000000,83.000000,-2380.000000,39.000000,-434.000000,-35.000000,22.000000,22.000000,22.000000,22.000000,22.000000,22.000000,22.000000,37.000000,37.000000,37.000000,38.000000,39.000000,40.000000,43.000000,1,1,1,1,1,1,1,0,0,0,0,0,0,0,74,5376.549805,838,0,1,0.698145,-0.031937,-0.323627,-3.117000,-0.400000,0.076000,0
1.255576,3.972000,-41.986000,-10.927000,77.494003,17.966999,33.365002,155.600998,0.000000,0.000000,0.000000,0.000000,0.000000,0.000000,-0.120000,-562.000000,-1609.000000,83.000000,-2380.000000,39.000000,-434.000000,-35.000000,22.000000,22.000000,22.000000,22.000000,22.000000,22.000000,22.000000,37.000000,37.000000,37.000000,38.000000,39.000000,40.000000,43.000000,1,1,1,1,1,1,1,0,0,0,0,0,0,0,74,5376.549805,837,0,1,0.696699,-0.032468,-0.323627,-3.116000,-0.399000,0.076000,0
1.265543,4.159000,-42.310001,-11.040000,78.137001,17.965000,33.037998,155.382004,0.000000,0.000000,0.000000,0.000000,0.000000,0.000000,-0.120000,-562.000000,-1609.000000,83.000000,-2380.000000,39.000000,-434.000000,-35.000000,22.000000,22.000000,22.000000,22.000000,22.000000,22.000000,22.000000,37.000000,37.000000,37.000000,38.000000,39.000000,40.000000,43.000000,1,1,1,1,1,1,1,0,0,0,0,0,0,0,74,5376.550781,837,0,1,0.694972,-0.033131,-0.323627,-3.117000,-0.399000,0.076000,0
1.275508,4.320000,-42.577999,-11.139000,78.664001,17.961000,32.770000,155.197006,0.000000,0.000000,0.000000,0.000000,0.000000,0.000000,-0.120000,-562.000000,-1609.000000,83.000000,-2380.000000,39.000000,-434.000000,-35.000000,22.000000,22.000000,22.000000,22.000000,22.000000,22.000000,22.000000,37.000000,37.000000,37.000000,38.000000,39.000000,40.000000,43.000000,1,1,1,1,1,1,1,0,0,0,0,0,0,0,74,5376.549805,835,0,1,0.693541,-0.033704,-0.323628,-3.117000,-0.399000,0.076000,0
1.285570,4.485000,-42.842999,-11.243000,79.184998,17.957001,32.506001,155.009995,0.000000,0.000000,0.000000,0.000000,0.000000,0.000000,-0.120000,-562.000000,-1609.000000,83.000000,-2380.000000,39.000000,-434.000000,-35.000000,22.000000,22.000000,22.000000,22.000000,22.000000,22.000000,22.000000,37.000000,37.000000,37.000000,38.000000,39.000000,40.000000,43.000000,1,1,1,1,1,1,1,0,0,0,0,0,0,0,74,5376.549805,835,0,1,0.692118,-0.034295,-0.323628,-3.117000,-0.400000,0.076000,0
1.295526,4.654000,-43.105000,-11.352000,79.696999,17.952000,32.245998,154.822006,0.000000,0.000000,0.000000,0.000000,0.000000,0.000000,-0.120000,-562.000000,-1609.000000,83.000000,-2380.000000,39.000000,-434.000000,-35.000000,22.000000,22.000000,22.000000,22.000000,22.000000,22.000000,22.000000,37.000000,37.000000,37.000000,38.000000,39.000000,40.000000,43.000000,1,1,1,1,1,1,1,0,0,0,0,0,0,0,74,5376.549805,836,0,1,0.690703,-0.034906,-0.323627,-3.116000,-0.400000,0.076000,0
1.305591,4.862000,-43.416000,-11.490000,80.303001,17.944000,31.940001,154.593994,0.000000,0.000000,0.000000,0.000000,0.000000,0.000000,-0.120000,-562.000000,-1609.000000,83.000000,-2380.000000,39.000000,-434.000000,-35.000000,22.000000,22.000000,22.000000,22.000000,22.000000,22.000000,22.000000,37.000000,37.000000,37.000000,38.000000,39.000000,40.000000,43.000000,1,1,1,1,1,1,1,0,0,0,0,0,0,0,74,5376.550781,836,0,1,0.689016,-0.035662,-0.323628,-3.117000,-0.400000,0.076000,0
1.315654,5.040000,-43.673000,-11.609000,80.800003,17.936001,31.688999,154.403000,0.000000,0.000000,0.000000,0.000000,0.000000,0.000000,-0.120000,-562.000000,-1609.000000,83.000000,-2380.000000,39.000000,-434.000000,-35.000000,22.000000,22.000000,22.000000,22.000000,22.000000,22.000000,22.000000,37.000000,37.000000,37.000000,38.000000,39.000000,40.000000,43.000000,1,1,1,1,1,1,1,0,0,0,0,0,0,0,74,5376.550781,837,0,1,0.687619,-0.036313,-0.323628,-3.116000,-0.399000,0.076000,0
1.325599,5.222000,-43.928001,-11.734000,81.289001,17.927000,31.443001,154.209000,0.000000,0.000000,0.000000,0.000000,0.000000,0.000000,-0.120000,-562.000000,-1609.000000,83.000000,-2380.000000,39.000000,-434.000000,-35.000000,22.000000,22.000000,22.000000,22.000000,22.000000,22.000000,22.000000,37.000000,37.000000,37.000000,38.000000,39.000000,40.000000,43.000000,1,1,1,1,1,1,1,0,0,0,0,0,0,0,74,5376.550781,837,0,1,0.686230,-0.036982,-0.323627,-3.116000,-0.399000,0.076000,0
1.335590,5.408000,-44.180000,-11.863000,81.771004,17.917000,31.201000,154.014999,0.000000,0.000000,0.000000,0.000000,0.000000,0.000000,-0.120000,-562.000000,-1609.000000,83.000000,-2380.000000,39.000000,-434.000000,-35.000000,22.000000,22.000000,22.000000,22.000000,22.000000,22.000000,22.000000,37.000000,37.000000,37.000000,38.000000,39.000000,40.000000,43.000000,1,1,1,1,1,1,1,0,0,0,0,0,0,0,74,5376.549805,836,0,1,0.684851,-0.037669,-0.323628,-3.117000,-0.399000,0.076000,0
1.345581,5.597000,-44.430000,-11.997000,82.245003,17.905001,30.964001,153.817993,0.000000,0.000000,0.000000,0.000000,0.000000,0.000000,-0.120000,-562.000000,-1609.000000,83.000000,-2380.000000,39.000000,-434.000000,-35.000000,22.000000,22.000000,22.000000,22.000000,22.000000,22.000000,22.000000,37.000000,37.000000,37.000000,38.000000,39.000000,40.000000,43.000000,1,1,1,1,1,1,1,0,0,0,0,0,0,0,74,5376.550781,836,0,1,0.683480,-0.038374,-0.323627,-3.116000,-0.399000,0.076000,0
1.355562,5.712000,-44.578999,-12.079000,82.526001,17.898001,30.823000,153.699997,0.000000,0.000000,0.000000,0.000000,0.000000,0.000000,-0.120000,-562.000000,-1609.000000,83.000000,-2380.000000,39.000000,-434.000000,-35.000000,22.000000,22.000000,22.000000,22.000000,22.000000,22.000000,22.000000,37.000000,37.000000,37.000000,38.000000,39.000000,40.000000,43.000000,1,1,1,1,1,1,1,0,0,0,0,0,0,0,74,5376.549805,838,0,1,0.682663,-0.038805,-0.323627,-3.117000,-0.399000,0.076000,0
1.365529,5.907000,-44.825001,-12.220000,82.987999,17.884001,30.593000,153.501007,0.000000,0.000000,0.000000,0.000000,0.000000,0.000000,-0.120000,-562.000000,-1609.000000,83.000000,-2380.000000,39.000000,-434.000000,-35.000000,22.000000,22.000000,22.000000,22.000000,22.000000,22.000000,22.000000,37.000000,37.000000,37.000000,38.000000,39.000000,40.000000,43.000000,1,1,1,1,1,1,1,0,0,0,0,0,0,0,74,5376.549805,835,0,1,0.681308,-0.039539,-0.323627,-3.117000,-0.400000,0.076000,0
1.375490,6.106000,-45.068001,-12.365000,83.443001,17.870001,30.367001,153.300995,0.000000,0.000000,0.000000,0.000000,0.000000,0.000000,-0.120000,-562.000000,-1609.000000,83.000000,-2380.000000,39.000000,-434.000000,-35.000000,22.000000,22.000000,22.000000,22.000000,22.000000,22.000000,22.000000,37.000000,37.000000,37.000000,38.000000,39.000000,40.000000,43.000000,1,1,1,1,1,1,1,0,0,0,0,0,0,0,74,5376.550781,837,0,1,0.679962,-0.040290,-0.323627,-3.116000,-0.399000,0.076000,0
1.385916,6.350000,-45.360001,-12.546000,83.982002,17.851000,30.099001,153.057999,0.000000,0.000000,0.000000,0.000000,0.000000,0.000000,-0.120000,-562.000000,-1609.000000,83.000000,-2380.000000,39.000000,-434.000000,-35.000000,22.000000,22.000000,22.000000,22.000000,22.000000,22.000000,22.000000,37.000000,37.000000,37.000000,38.000000,39.000000,40.000000,43.000000,1,1,1,1,1,1,1,0,0,0,0,0,0,0,74,5376.549805,836,0,1,0.678350,-0.041216,-0.323627,-3.116000,-0.400000,0.076000,1
1.396571,6.562000,-45.612999,-12.705000,84.446999,17.832001,29.868999,152.847000,0.000000,0.000000,0.000000,0.000000,0.000000,0.000000,-0.120000,-562.000000,-1609.000000,83.000000,-2380.000000,39.000000,-434.000000,-35.000000,22.000000,22.000000,22.000000,22.000000,22.000000,22.000000,22.000000,37.000000,37.000000,37.000000,38.000000,39.000000,40.000000,43.000000,1,1,1,1,1,1,1,0,0,0,0,0,0,0,74,5376.550781,835,0,1,0.676949,-0.042026,-0.323627,-3.116000,-0.399000,0.076000,1
1.406649,6.793000,-45.887001,-12.877000,84.948997,17.809999,29.621000,152.619003,0.000000,0.000000,0.000000,0.000000,0.000000,0.000000,-0.120000,-562.000000,-1609.000000,83.000000,-2380.000000,39.000000,-434.000000,-35.000000,22.000000,22.000000,22.000000,22.000000,22.000000,22.000000,22.000000,37.000000,37.000000,37.000000,38.000000,39.000000,40.000000,43.000000,1,1,1,1,1,1,1,0,0,0,0,0,0,0,74,5376.549805,836,0,1,0.675426,-0.042905,-0.323627,-3.117000,-0.400000,0.076000,1
1.416611,7.043000,-46.183998,-13.064000,85.488998,17.785000,29.354000,152.371994,0.000000,0.000000,0.000000,0.000000,0.000000,0.000000,-0.120000,-562.000000,-1609.000000,83.000000,-2380.000000,39.000000,-434.000000,-35.000000,22.000000,22.000000,22.000000,22.000000,22.000000,22.000000,22.000000,37.000000,37.000000,37.000000,38.000000,39.000000,40.000000,43.000000,1,1,1,1,1,1,1,0,0,0,0,0,0,0,74,5376.550781,838,0,1,0.673776,-0.043858,-0.323627,-3.117000,-0.399000,0.076000,1
1.426585,7.357000,-46.555000,-13.300000,86.160004,17.750000,29.023001,152.065002,0.000000,0.000000,0.000000,0.000000,0.000000,0.000000,-0.120000,-562.000000,-1609.000000,83.000000,-2380.000000,39.000000,-434.000000,-35.000000,22.000000,22.000000,22.000000,22.000000,22.000000,22.000000,22.000000,37.000000,37.000000,37.000000,38.000000,39.000000,40.000000,43.000000,1,1,1,1,1,1,1,0,0,0,0,0,0,0,74,5376.549805,837,0,1,0.671708,-0.045052,-0.323627,-3.116000,-0.399000,0.076000,1
1.436614,7.618000,-46.865002,-13.499000,86.716003,17.719000,28.749001,151.807999,0.000000,0.000000,0.000000,0.000000,0.000000,0.000000,-0.120000,-562.000000,-1609.000000,83.000000,-2380.000000,39.000000,-434.000000,-35.000000,22.000000,22.000000,22.000000,22.000000,22.000000,22.000000,22.000000,37.000000,37.000000,37.000000,38.000000,39.000000,40.000000,43.000000,1,1,1,1,1,1,1,0,0,0,0,0,0,0,74,5376.549805,836,0,1,0.669977,-0.046051,-0.323628,-3.117000,-0.399000,0.076000,1
1.446552,7.880000,-47.174999,-13.698000,87.266998,17.687000,28.479000,151.552002,0.000000,0.000000,0.000000,0.000000,0.000000,0.000000,-0.120000,-562.000000,-1609.000000,83.000000,-2380.000000,39.000000,-434.000000,-35.000000,22.000000,22.000000,22.000000,22.000000,22.000000,22.000000,22.000000,37.000000,37.000000,37.000000,38.000000,39.000000,40.000000,43.000000,1,1,1,1,1,1,1,0,0,0,0,0,0,0,74,5376.550781,837,0,1,0.668247,-0.047050,-0.323628,-3.116000,-0.399000,0.076000,1
1.456557,8.140000,-47.484001,-13.897000,87.814003,17.653000,28.209999,151.296997,0.000000,0.000000,0.000000,0.000000,0.000000,0.000000,-0.120000,-562.000000,-1609.000000,83.000000,-2380.000000,39.000000,-434.000000,-35.000000,22.000000,22.000000,22.000000,22.000000,22.000000,22.000000,22.000000,37.000000,37.000000,37.000000,38.000000,39.000000,40.000000,43.000000,1,1,1,1,1,1,1,0,0,0,0,0,0,0,74,5376.550781,836,0,1,0.666517,-0.048049,-0.323627,-3.117000,-0.399000,0.076000,1
1.466489,8.452000,-47.854000,-14.138000,88.463997,17.611000,27.892000,150.990005,0.000000,0.000000,0.000000,0.000000,0.000000,0.000000,-0.120000,-562.000000,-1609.000000,83.000000,-2380.000000,39.000000,-434.000000,-35.000000,22.000000,22.000000,22.000000,22.000000,22.000000,22.000000,22.000000,37.000000,37.000000,37.000000,38.000000,39.000000,40.000000,43.000000,1,1,1,1,1,1,1,0,0,0,0,0,0,0,74,5376.550781,836,0,1,0.664441,-0.049247,-0.323627,-3.116000,-0.399000,0.076000,1
1.476558,8.712000,-48.162998,-14.340000,89.000999,17.573999,27.629999,150.735992,0.000000,0.000000,0.000000,0.000000,0.000000,0.000000,-0.120000,-562.000000,-1609.000000,83.000000,-2380.000000,39.000000,-434.000000,-35.000000,22.000000,22.000000,22.000000,22.000000,22.000000,22.000000,22.000000,37.000000,37.000000,37.000000,38.000000,39.000000,40.000000,43.000000,1,1,1,1,1,1,1,0,0,0,0,0,0,0,74,5376.550781,838,0,1,0.662710,-0.050246,-0.323627,-3.116000,-0.399000,0.076000,1
1.486558,8.971000,-48.471001,-14.542000,89.533997,17.535000,27.371000,150.481995,0.000000,0.000000,0.000000,0.000000,0.000000,0.000000,-0.120000,-562.000000,-1609.000000,83.000000,-2380.000000,39.000000,-434.000000,-35.000000,22.000000,22.000000,22.000000,22.000000,22.000000,22.000000,22.000000,37.000000,37.000000,37.000000,38.000000,39.000000,40.000000,43.000000,1,1,1,1,1,1,1,0,0,0,0,0,0,0,74,5376.550781,837,0,1,0.660980,-0.051245,-0.323627,-3.116000,-0.399000,0.076000,1
1.496502,9.229000,-48.778999,-14.746000,90.061996,17.496000,27.114000,150.227997,0.000000,0.000000,0.000000,0.000000,0.000000,0.000000,-0.120000,-562.000000,-1609.000000,83.000000,-2380.000000,39.000000,-434.000000,-35.000000,22.000000,22.000000,22.000000,22.000000,22.000000,22.000000,22.000000,37.000000,37.000000,37.000000,38.000000,39.000000,40.000000,43.000000,1,1,1,1,1,1,1,0,0,0,0,0,0,0,74,5376.550781,836,0,1,0.659250,-0.052244,-0.323627,-3.117000,-0.400000,0.076000,1
1.506510,9.384000,-48.963001,-14.868000,90.376999,17.471001,26.962000,150.076004,0.000000,0.000000,0.000000,0.000000,0.000000,0.000000,-0.120000,-562.000000,-1609.000000,83.000000,-2380.000000,39.000000,-434.000000,-35.000000,22.000000,22.000000,22.000000,22.000000,22.000000,22.000000,22.000000,37.000000,37.000000,37.000000,38.000000,39.000000,40.000000,43.000000,1,1,1,1,1,1,1,0,0,0,0,0,0,0,74,5376.549805,837,0,1,0.658212,-0.052844,-0.323628,-3.117000,-0.399000,0.076000,1
1.516603,9.639000,-49.266998,-15.071000,90.892998,17.430000,26.712000,149.826004,0.000000,0.000000,0.000000,0.000000,0.000000,0.000000,-0.120000,-562.000000,-1609.000000,83.000000,-2380.000000,39.000000,-434.000000,-35.000000,22.000000,22.000000,22.000000,22.000000,22.000000,22.000000,22.000000,37.000000,37.000000,37.000000,38.000000,39.000000,40.000000,43.000000,1,1,1,1,1,1,1,0,0,0,0,0,0,0,74,5376.550781,837,0,1,0.656502,-0.053831,-0.323628,-3.116000,-0.399000,0.076000,1
1.526502,9.883000,-49.560001,-15.267000,91.386002,17.389000,26.474001,149.584000,0.000000,0.000000,0.000000,0.000000,0.000000,0.000000,-0.120000,-562.000000,-1609.000000,83.000000,-2380.000000,39.000000,-434.000000,-35.000000,22.000000,22.000000,22.000000,22.000000,22.000000,22.000000,22.000000,37.000000,37.000000,37.000000,38.000000,39.000000,40.000000,43.000000,1,1,1,1,1,1,1,0,0,0,0,0,0,0,74,5376.550781,838,0,1,0.654852,-0.054783,-0.323627,-3.117000,-0.399000,0.076000,1
1.536547,10.157000,-49.888000,-15.488000,91.934998,17.343000,26.211000,149.313004,0.000000,0.000000,0.000000,0.000000,0.000000,0.000000,-0.120000,-562.000000,-1609.000000,83.000000,-2380.000000,39.000000,-434.000000,-35.000000,22.000000,22.000000,22.000000,22.000000,22.000000,22.000000,22.000000,37.000000,37.000000,37.000000,38.000000,39.000000,40.000000,43.000000,1,1,1,1,1,1,1,0,0,0,0,0,0,0,74,5376.549805,836,0,1,0.653004,-0.055851,-0.323627,-3.117000,-0.399000,0.076000,1
1.546493,10.363000,-50.137001,-15.657000,92.348000,17.308001,26.013000,149.106003,0.000000,0.000000,0.000000,0.000000,0.000000,0.000000,-0.120000,-562.000000,-1609.000000,83.000000,-2380.000000,39.000000,-434.000000,-35.000000,22.000000,22.000000,22.000000,22.000000,22.000000,22.000000,22.000000,37.000000,37.000000,37.000000,38.000000,39.000000,40.000000,43.000000,1,1,1,1,1,1,1,0,0,0,0,0,0,0,74,5376.550781,837,0,1,0.651601,-0.056660,-0.323628,-3.116000,-0.399000,0.076000,1
1.556522,10.548000,-50.361000,-15.810000,92.718002,17.278000,25.836000,148.919006,0.000000,0.000000,0.000000,0.000000,0.000000,0.000000,-0.120000,-562.000000,-1609.000000,83.000000,-2380.000000,39.000000,-434.000000,-35.000000,22.000000,22.000000,22.000000,22.000000,22.000000,22.000000,22.000000,37.000000,37.000000,37.000000,38.000000,39.000000,40.000000,43.000000,1,1,1,1,1,1,1,0,0,0,0,0,0,0,74,5376.549805,836,0,1,0.650336,-0.057391,-0.323627,-3.116000,-0.399000,0.076000,1
1.566456,10.713000,-50.562000,-15.948000,93.047997,17.252001,25.679001,148.748993,0.000000,0.000000,0.000000,0.000000,0.000000,0.000000,-0.120000,-562.000000,-1609.000000,83.000000,-2380.000000,39.000000,-434.000000,-35.000000,22.000000,22.000000,22.000000,22.000000,22.000000,22.000000,22.000000,37.000000,37.000000,37.000000,38.000000,39.000000,40.000000,43.000000,1,1,1,1,1,1,1,0,0,0,0,0,0,0,74,5376.550781,837,0,1,0.649203,-0.058045,-0.323628,-3.116000,-0.399000,0.076000,1
1.576451,10.888000,-50.776001,-16.094999,93.399002,17.226000,25.513000,148.567001,0.000000,0.000000,0.000000,0.000000,0.000000,0.000000,-0.120000,-562.000000,-1609.000000,83.000000,-2380.000000,39.000000,-434.000000,-35.000000,22.000000,22.000000,22.000000,22.000000,22.000000,22.000000,22.000000,37.000000,37.000000,37.000000,38.000000,39.000000,40.000000,43.000000,1,1,1,1,1,1,1,0,0,0,0,0,0,0,74,5376.550781,836,0,1,0.647992,-0.058744,-0.323627,-3.117000,-0.399000,0.076000,1
1.586540,11.020000,-50.938999,-16.208000,93.664001,17.207001,25.388000,148.425995,0.000000,0.000000,0.000000,0.000000,0.000000,0.000000,-0.120000,-562.000000,-1609.000000,83.000000,-2380.000000,39.000000,-434.000000,-35.000000,22.000000,22.000000,22.000000,22.000000,22.000000,22.000000,22.000000,37.000000,37.000000,37.000000,38.000000,39.000000,40.000000,43.000000,1,1,1,1,1,1,1,0,0,0,0,0,0,0,74,5376.550781,838,0,1,0.647069,-0.059277,-0.323627,-3.116000,-0.399000,0.076000,1
1.596587,11.147000,-51.095001,-16.316999,93.918999,17.188999,25.268000,148.291000,0.000000,0.000000,0.000000,0.000000,0.000000,0.000000,-0.120000,-562.000000,-1609.000000,83.000000,-2380.000000,39.000000,-434.000000,-35.000000,22.000000,22.000000,22.000000,22.000000,22.000000,22.000000,22.000000,37.000000,37.000000,37.000000,38.000000,39.000000,40.000000,43.000000,1,1,1,1,1,1,1,0,0,0,0,0,0,0,74,5376.549805,837,0,1,0.646183,-0.059788,-0.323628,-3.117000,-0.399000,0.076000,0
1.606443,11.220000,-51.189999,-16.379000,94.072998,17.179001,25.195000,148.210999,0.000000,0.000000,0.000000,0.000000,0.000000,0.000000,-0.120000,-562.000000,-1609.000000,83.000000,-2380.000000,39.000000,-434.000000,-35.000000,22.000000,22.000000,22.000000,22.000000,22.000000,22.000000,22.000000,37.000000,37.000000,37.000000,38.000000,39.000000,40.000000,43.000000,1,1,1,1,1,1,1,0,0,0,0,0,0,0,74,5376.550781,836,0,1,0.645649,-0.060078,-0.323627,-3.117000,-0.399000,0.076000,0
1.616574,11.334000,-51.348999,-16.475000,94.337997,17.164000,25.069000,148.082001,0.000000,0.000000,0.000000,0.000000,0.000000,0.000000,-0.120000,-562.000000,-1609.000000,83.000000,-2380.000000,39.000000,-434.000000,-35.000000,22.000000,22.000000,22.000000,22.000000,22.000000,22.000000,22.000000,37.000000,37.000000,37.000000,38.000000,39.000000,40.000000,43.000000,1,1,1,1,1,1,1,0,0,0,0,0,0,0,74,5376.549805,838,0,1,0.644740,-0.060527,-0.323627,-3.117000,-0.400000,0.076000,0
1.626482,11.439000,-51.512001,-16.562000,94.612000,17.150999,24.936001,147.957993,0.000000,0.000000,0.000000,0.000000,0.000000,0.000000,-0.120000,-562.000000,-1609.000000,83.000000,-2380.000000,39.000000,-434.000000,-35.000000,22.000000,22.000000,22.000000,22.000000,22.000000,22.000000,22.000000,37.000000,37.000000,37.000000,38.000000,39.000000,40.000000,43.000000,1,1,1,1,1,1,1,0,0,0,0,0,0,0,74,5376.550781,838,0,1,0.643809,-0.060929,-0.323627,-3.117000,-0.399000,0.076000,0
1.636463,11.534000,-51.676998,-16.638000,94.894997,17.139999,24.799000,147.837997,0.000000,0.000000,0.000000,0.000000,0.000000,0.000000,-0.120000,-562.000000,-1609.000000,83.000000,-2380.000000,39.000000,-434.000000,-35.000000,22.000000,22.000000,22.000000,22.000000,22.000000,22.000000,22.000000,37.000000,37.000000,37.000000,38.000000,39.000000,40.000000,43.000000,1,1,1,1,1,1,1,0,0,0,0,0,0,0,74,5376.550781,837,0,1,0.642860,-0.061283,-0.323628,-3.116000,-0.399000,0.076000,0
1.646465,11.635000,-51.877998,-16.716999,95.246002,17.129000,24.627001,147.701004,0.000000,0.000000,0.000000,0.000000,0.000000,0.000000,-0.120000,-562.000000,-1609.000000,83.000000,-2380.000000,39.000000,-434.000000,-35.000000,22.000000,22.000000,22.000000,22.000000,22.000000,22.000000,22.000000,37.000000,37.000000,37.000000,38.000000,39.000000,40.000000,43.000000,1,1,1,1,1,1,1,0,0,0,0,0,0,0,74,5376.550781,837,0,1,0.641698,-0.061645,-0.323627,-3.116000,-0.399000,0.076000,0
1.656539,11.709000,-52.046001,-16.771999,95.545998,17.122999,24.479000,147.591995,0.000000,0.000000,0.000000,0.000000,0.000000,0.000000,-0.120000,-562.000000,-1609.000000,83.000000,-2380.000000,39.000000,-434.000000,-35.000000,22.000000,22.000000,22.000000,22.000000,22.000000,22.000000,22.000000,37.000000,37.000000,37.000000,38.000000,39.000000,40.000000,43.000000,1,1,1,1,1,1,1,0,0,0,0,0,0,0,74,5376.549805,836,0,1,0.640715,-0.061893,-0.323627,-3.117000,-0.400000,0.077000,0
1.666469,11.773000,-52.216000,-16.816999,95.852997,17.120001,24.326000,147.488998,0.000000,0.000000,0.000000,0.000000,0.000000,0.000000,-0.120000,-562.000000,-1609.000000,83.000000,-2380.000000,39.000000,-434.000000,-35.000000,22.000000,22.000000,22.000000,22.000000,22.000000,22.000000,22.000000,37.000000,37.000000,37.000000,38.000000,39.000000,40.000000,43.000000,1,1,1,1,1,1,1,0,0,0,0,0,0,0,74,5376.550781,837,0,1,0.639721,-0.062090,-0.323627,-3.116000,-0.400000,0.076000,0
1.676460,11.807000,-52.318001,-16.839001,96.039001,17.118999,24.232000,147.429993,0.000000,0.000000,0.000000,0.000000,0.000000,0.000000,-0.120000,-562.000000,-1609.000000,83.000000,-2380.000000,39.000000,-434.000000,-35.000000,22.000000,22.000000,22.000000,22.000000,22.000000,22.000000,22.000000,37.000000,37.000000,37.000000,38.000000,39.000000,40.000000,43.000000,1,1,1,1,1,1,1,0,0,0,0,0,0,0,74,5376.550781,836,0,1,0.639120,-0.062185,-0.323628,-3.116000,-0.399000,0.076000,0
1.686588,11.878000,-52.591000,-16.879000,96.545998,17.121000,23.976000,147.283005,0.000000,0.000000,0.000000,0.000000,0.000000,0.000000,-0.120000,-562.000000,-1609.000000,83.000000,-2380.000000,39.000000,-434.000000,-35.000000,22.000000,22.000000,22.000000,22.000000,22.000000,22.000000,22.000000,37.000000,37.000000,37.000000,38.000000,39.000000,40.000000,43.000000,1,1,1,1,1,1,1,0,0,0,0,0,0,0,74,5376.550781,835,0,1,0.637507,-0.062348,-0.323628,-3.117000,-0.399000,0.076000,0
1.696495,11.909000,-52.761002,-16.889999,96.869003,17.127001,23.811001,147.199005,0.000000,0.000000,0.000000,0.000000,0.000000,0.000000,-0.120000,-562.000000,-1609.000000,83.000000,-2380.000000,39.000000,-434.000000,-35.000000,22.000000,22.000000,22.000000,22.000000,22.000000,22.000000,22.000000,37.000000,37.000000,37.000000,38.000000,39.000000,40.000000,43.000000,1,1,1,1,1,1,1,0,0,0,0,0,0,0,74,5376.549805,835,0,1,0.636494,-0.062384,-0.323627,-3.117000,-0.400000,0.076000,0
1.706485,11.923000,-52.862000,-16.892000,97.064003,17.131001,23.711000,147.151001,0.000000,0.000000,0.000000,0.000000,0.000000,0.000000,-0.120000,-562.000000,-1609.000000,83.000000,-2380.000000,39.000000,-434.000000,-35.000000,22.000000,22.000000,22.000000,22.000000,22.000000,22.000000,22.000000,37.000000,37.000000,37.000000,38.000000,39.000000,40.000000,43.000000,1,1,1,1,1,1,1,0,0,0,0,0,0,0,74,5376.550781,836,0,1,0.635886,-0.062381,-0.323628,-3.116000,-0.399000,0.076000,0
1.716541,11.938000,-53.029999,-16.886999,97.390999,17.141001,23.542999,147.076996,0.000000,0.000000,0.000000,0.000000,0.000000,0.000000,-0.120000,-562.000000,-1609.000000,83.000000,-2380.000000,39.000000,-434.000000,-35.000000,22.000000,22.000000,22.000000,22.000000,22.000000,22.000000,22.000000,37.000000,37.000000,37.000000,38.000000,39.000000,40.000000,43.000000,1,1,1,1,1,1,1,0,0,0,0,0,0,0,74,5376.549805,837,0,1,0.634873,-0.062335,-0.323628,-3.116000,-0.399000,0.076000,0
1.726510,11.943000,-53.195999,-16.872000,97.720001,17.153999,23.372000,147.009995,0.000000,0.000000,0.000000,0.000000,0.000000,0.000000,-0.120000,-562.000000,-1609.000000,83.000000,-2380.000000,39.000000,-434.000000,-35.000000,22.000000,22.000000,22.000000,22.000000,22.000000,22.000000,22.000000,37.000000,37.000000,37.000000,38.000000,39.000000,40.000000,43.000000,1,1,1,1,1,1,1,0,0,0,0,0,0,0,74,5376.550781,836,0,1,0.633865,-0.062238,-0.323628,-3.117000,-0.399000,0.076000,0
1.736478,11.937000,-53.360001,-16.846001,98.050003,17.169001,23.200001,146.949997,0.000000,0.000000,0.000000,0.000000,0.000000,0.000000,-0.120000,-562.000000,-1609.000000,83.000000,-2380.000000,39.000000,-434.000000,-35.000000,22.000000,22.000000,22.000000,22.000000,22.000000,22.000000,22.000000,37.000000,37.000000,37.000000,38.000000,39.000000,40.000000,43.000000,1,1,1,1,1,1,1,0,0,0,0,0,0,0,74,5376.549805,837,0,1,0.632862,-0.062090,-0.323627,-3.116000,-0.399000,0.076000,0
1.746491,11.921000,-53.521000,-16.809999,98.379997,17.188999,23.025999,146.895996,0.000000,0.000000,0.000000,0.000000,0.000000,0.000000,-0.120000,-562.000000,-1609.000000,83.000000,-2380.000000,39.000000,-434.000000,-35.000000,22.000000,22.000000,22.000000,22.000000,22.000000,22.000000,22.000000,37.000000,37.000000,37.000000,38.000000,39.000000,40.000000,43.000000,1,1,1,1,1,1,1,0,0,0,0,0,0,0,74,5376.549805,836,0,1,0.631868,-0.061893,-0.323627,-3.117000,-0.400000,0.076000,0
1.756558,11.888000,-53.710999,-16.753000,98.776001,17.216000,22.816000,146.841003,0.000000,0.000000,0.000000,0.000000,0.000000,0.000000,-0.120000,-562.000000,-1609.000000,83.000000,-2380.000000,39.000000,-434.000000,-35.000000,22.000000,22.000000,22.000000,22.000000,22.000000,22.000000,22.000000,37.000000,37.000000,37.000000,38.000000,39.000000,40.000000,43.000000,1,1,1,1,1,1,1,0,0,0,0,0,0,0,74,5376.549805,837,0,1,0.630690,-0.061590,-0.323627,-3.117000,-0.400000,0.076000,0
1.766538,11.850000,-53.865002,-16.694000,99.103996,17.242001,22.641001,146.802994,0.000000,0.000000,0.000000,0.000000,0.000000,0.000000,-0.120000,-562.000000,-1609.000000,83.000000,-2380.000000,39.000000,-434.000000,-35.000000,22.000000,22.000000,22.000000,22.000000,22.000000,22.000000,22.000000,37.000000,37.000000,37.000000,38.000000,39.000000,40.000000,43.000000,1,1,1,1,1,1,1,0,0,0,0,0,0,0,74,5376.549805,837,0,1,0.629723,-0.061283,-0.323627,-3.117000,-0.400000,0.076000,0
1.776487,11.801000,-54.014999,-16.625000,99.430000,17.271000,22.466000,146.772003,0.000000,0.000000,0.000000,0.000000,0.000000,0.000000,-0.120000,-562.000000,-1609.000000,83.000000,-2380.000000,39.000000,-434.000000,-35.000000,22.000000,22.000000,22.000000,22.000000,22.000000,22.000000,22.000000,37.000000,37.000000,37.000000,38.000000,39.000000,40.000000,43.000000,1,1,1,1,1,1,1,0,0,0,0,0,0,0,74,5376.549805,836,0,1,0.628774,-0.060929,-0.323627,-3.117000,-0.399000,0.076000,0
1.786617,11.742000,-54.160999,-16.546000,99.752998,17.304001,22.291000,146.748993,0.000000,0.000000,0.000000,0.000000,0.000000,0.000000,-0.120000,-562.000000,-1609.000000,83.000000,-2380.000000,39.000000,-434.000000,-35.000000,22.000000,22.000000,22.000000,22.000000,22.000000,22.000000,22.000000,37.000000,37.000000,37.000000,38.000000,39.000000,40.000000,43.000000,1,1,1,1,1,1,1,0,0,0,0,0,0,0,74,5376.550781,837,0,1,0.627844,-0.060527,-0.323627,-3.117000,-0.400000,0.076000,0
1.796509,11.659000,-54.330002,-16.438999,100.135002,17.348000,22.083000,146.729996,0.000000,0.000000,0.000000,0.000000,0.000000,0.000000,-0.120000,-562.000000,-1609.000000,83.000000,-2380.000000,39.000000,-434.000000,-35.000000,22.000000,22.000000,22.000000,22.000000,22.000000,22.000000,22.000000,37.000000,37.000000,37.000000,38.000000,39.000000,40.000000,43.000000,1,1,1,1,1,1,1,0,0,0,0,0,0,0,74,5376.549805,836,0,1,0.626755,-0.059983,-0.323628,-3.117000,-0.399000,0.076000,0
1.806461,11.580000,-54.466000,-16.339001,100.448997,17.388000,21.910000,146.722000,0.000000,0.000000,0.000000,0.000000,0.000000,0.000000,-0.120000,-562.000000,-1609.000000,83.000000,-2380.000000,39.000000,-434.000000,-35.000000,22.000000,22.000000,22.000000,22.000000,22.000000,22.000000,22.000000,37.000000,37.000000,37.000000,38.000000,39.000000,40.000000,43.000000,1,1,1,1,1,1,1,0,0,0,0,0,0,0,74,5376.550781,837,0,1,0.625871,-0.059483,-0.323627,-3.116000,-0.399000,0.076000,1
1.816564,11.497000,-54.604000,-16.233999,100.768997,17.430000,21.733999,146.716003,0.000000,0.000000,0.000000,0.000000,0.000000,0.000000,-0.120000,-562.000000,-1609.000000,83.000000,-2380.000000,39.000000,-434.000000,-35.000000,22.000000,22.000000,22.000000,22.000000,22.000000,22.000000,22.000000,37.000000,37.000000,37.000000,38.000000,39.000000,40.000000,43.000000,1,1,1,1,1,1,1,0,0,0,0,0,0,0,74,5376.549805,835,0,1,0.624968,-0.058962,-0.323627,-3.117000,-0.400000,0.076000,1
1.826538,11.446000,-54.691002,-16.169001,100.970001,17.455000,21.622999,146.712997,0.000000,0.000000,0.000000,0.000000,0.000000,0.000000,-0.120000,-562.000000,-1609.000000,83.000000,-2380.000000,39.000000,-434.000000,-35.000000,22.000000,22.000000,22.000000,22.000000,22.000000,22.000000,22.000000,37.000000,37.000000,37.000000,38.000000,39.000000,40.000000,43.000000,1,1,1,1,1,1,1,0,0,0,0,0,0,0,74,5376.549805,837,0,1,0.624400,-0.058634,-0.323627,-3.116000,-0.399000,0.076000,1
1.836504,11.354000,-54.846001,-16.051001,101.330002,17.500000,21.424999,146.709000,0.000000,0.000000,0.000000,0.000000,0.000000,0.000000,-0.120000,-562.000000,-1609.000000,83.000000,-2380.000000,39.000000,-434.000000,-35.000000,22.000000,22.000000,22.000000,22.000000,22.000000,22.000000,22.000000,37.000000,37.000000,37.000000,38.000000,39.000000,40.000000,43.000000,1,1,1,1,1,1,1,0,0,0,0,0,0,0,74,5376.550781,835,0,1,0.623383,-0.058047,-0.323627,-3.116000,-0.399000,0.076000,1
1.846504,11.254000,-55.019001,-15.920000,101.728996,17.548000,21.205000,146.705994,0.000000,0.000000,0.000000,0.000000,0.000000,0.000000,-0.120000,-562.000000,-1609.000000,83.000000,-2380.000000,39.000000,-434.000000,-35.000000,22.000000,22.000000,22.000000,22.000000,22.000000,22.000000,22.000000,37.000000,37.000000,37.000000,38.000000,39.000000,40.000000,43.000000,1,1,1,1,1,1,1,0,0,0,0,0,0,0,74,5376.549805,837,0,1,0.622251,-0.057393,-0.323627,-3.116000,-0.399000,0.076000,1
1.856550,11.143000,-55.210999,-15.774000,102.172997,17.600000,20.959000,146.705994,0.000000,0.000000,0.000000,0.000000,0.000000,0.000000,-0.120000,-562.000000,-1609.000000,83.000000,-2380.000000,39.000000,-434.000000,-35.000000,22.000000,22.000000,22.000000,22.000000,22.000000,22.000000,22.000000,37.000000,37.000000,37.000000,38.000000,39.000000,40.000000,43.000000,1,1,1,1,1,1,1,0,0,0,0,0,0,0,74,5376.550781,836,0,1,0.620987,-0.056663,-0.323628,-3.116000,-0.399000,0.076000,1
1.866523,10.996000,-55.467999,-15.577000,102.765999,17.667000,20.629999,146.709000,0.000000,0.000000,0.000000,0.000000,0.000000,0.000000,-0.120000,-562.000000,-1609.000000,83.000000,-2380.000000,39.000000,-434.000000,-35.000000,22.000000,22.000000,22.000000,22.000000,22.000000,22.000000,22.000000,37.000000,37.000000,37.000000,38.000000,39.000000,40.000000,43.000000,1,1,1,1,1,1,1,0,0,0,0,0,0,0,74,5376.550781,836,0,1,0.619289,-0.055683,-0.323627,-3.117000,-0.399000,0.076000,1
1.876509,10.863000,-55.702999,-15.397000,103.306000,17.728001,20.330999,146.714005,0.000000,0.000000,0.000000,0.000000,0.000000,0.000000,-0.120000,-562.000000,-1609.000000,83.000000,-2380.000000,39.000000,-434.000000,-35.000000,22.000000,22.000000,22.000000,22.000000,22.000000,22.000000,22.000000,37.000000,37.000000,37.000000,38.000000,39.000000,40.000000,43.000000,1,1,1,1,1,1,1,0,0,0,0,0,0,0,74,5376.549805,837,0,1,0.617738,-0.054788,-0.323627,-3.117000,-0.400000,0.076000,1
1.886543,10.724000,-55.951000,-15.205000,103.876999,17.792000,20.014000,146.720993,0.000000,0.000000,0.000000,0.000000,0.000000,0.000000,-0.120000,-562.000000,-1609.000000,83.000000,-2380.000000,39.000000,-434.000000,-35.000000,22.000000,22.000000,22.000000,22.000000,22.000000,22.000000,22.000000,37.000000,37.000000,37.000000,38.000000,39.000000,40.000000,43.000000,1,1,1,1,1,1,1,0,0,0,0,0,0,0,74,5376.550781,837,0,1,0.616090,-0.053836,-0.323627,-3.116000,-0.399000,0.076000,1
1.896588,10.580000,-56.208000,-15.007000,104.467003,17.858999,19.686001,146.731003,0.000000,0.000000,0.000000,0.000000,0.000000,0.000000,-0.120000,-562.000000,-1609.000000,83.000000,-2380.000000,39.000000,-434.000000,-35.000000,22.000000,22.000000,22.000000,22.000000,22.000000,22.000000,22.000000,37.000000,37.000000,37.000000,38.000000,39.000000,40.000000,43.000000,1,1,1,1,1,1,1,0,0,0,0,0,0,0,74,5376.549805,836,0,1,0.614381,-0.052849,-0.323628,-3.117000,-0.399000,0.076000,1
1.906494,10.408000,-56.516998,-14.765000,105.179001,17.940001,19.290001,146.744003,0.000000,0.000000,0.000000,0.000000,0.000000,0.000000,-0.120000,-562.000000,-1609.000000,83.000000,-2380.000000,39.000000,-434.000000,-35.000000,22.000000,22.000000,22.000000,22.000000,22.000000,22.000000,22.000000,37.000000,37.000000,37.000000,38.000000,39.000000,40.000000,43.000000,1,1,1,1,1,1,1,0,0,0,0,0,0,0,74,5376.549805,837,0,1,0.612306,-0.051652,-0.323628,-3.116000,-0.399000,0.076000,1
1.916522,10.266000,-56.775002,-14.564000,105.768997,18.009001,18.961000,146.757004,0.000000,0.000000,0.000000,0.000000,0.000000,0.000000,-0.120000,-562.000000,-1609.000000,83.000000,-2380.000000,39.000000,-434.000000,-35.000000,22.000000,22.000000,22.000000,22.000000,22.000000,22.000000,22.000000,37.000000,37.000000,37.000000,38.000000,39.000000,40.000000,43.000000,1,1,1,1,1,1,1,0,0,0,0,0,0,0,74,5376.550781,836,0,1,0.610577,-0.050654,-0.323627,-3.117000,-0.400000,0.076000,1
1.926524,10.125000,-57.030998,-14.362000,106.357002,18.079000,18.632999,146.770996,0.000000,0.000000,0.000000,0.000000,0.000000,0.000000,-0.120000,-562.000000,-1609.000000,83.000000,-2380.000000,39.000000,-434.000000,-35.000000,22.000000,22.000000,22.000000,22.000000,22.000000,22.000000,22.000000,37.000000,37.000000,37.000000,38.000000,39.000000,40.000000,43.000000,1,1,1,1,1,1,1,0,0,0,0,0,0,0,74,5376.549805,835,0,1,0.608848,-0.049655,-0.323627,-3.117000,-0.399000,0.076000,1
1.936437,9.985000,-57.285999,-14.160000,106.942001,18.150000,18.306999,146.787003,0.000000,0.000000,0.000000,0.000000,0.000000,0.000000,-0.120000,-562.000000,-1609.000000,83.000000,-2380.000000,39.000000,-434.000000,-35.000000,22.000000,22.000000,22.000000,22.000000,22.000000,22.000000,22.000000,37.000000,37.000000,37.000000,38.000000,39.000000,40.000000,43.000000,1,1,1,1,1,1,1,0,0,0,0,0,0,0,74,5376.550781,838,0,1,0.607119,-0.048657,-0.323627,-3.117000,-0.400000,0.076000,1
1.946486,9.901000,-57.438000,-14.038000,107.292000,18.193001,18.112000,146.796005,0.000000,0.000000,0.000000,0.000000,0.000000,0.000000,-0.120000,-562.000000,-1609.000000,83.000000,-2380.000000,39.000000,-434.000000,-35.000000,22.000000,22.000000,22.000000,22.000000,22.000000,22.000000,22.000000,37.000000,37.000000,37.000000,38.000000,39.000000,40.000000,43.000000,1,1,1,1,1,1,1,0,0,0,0,0,0,0,74,5376.549805,838,0,1,0.606082,-0.048058,-0.323627,-3.117000,-0.400000,0.076000,1
1.956509,9.762000,-57.692001,-13.836000,107.872002,18.264999,17.787001,146.813995,0.000000,0.000000,0.000000,0.000000,0.000000,0.000000,-0.120000,-562.000000,-1609.000000,83.000000,-2380.000000,39.000000,-434.000000,-35.000000,22.000000,22.000000,22.000000,22.000000,22.000000,22.000000,22.000000,37.000000,37.000000,37.000000,38.000000,39.000000,40.000000,43.000000,1,1,1,1,1,1,1,0,0,0,0,0,0,0,74,5376.549805,837,0,1,0.604353,-0.047060,-0.323627,-3.117000,-0.400000,0.076000,1
1.966449,9.597000,-57.994999,-13.591000,108.566002,18.353001,17.399000,146.837006,0.000000,0.000000,0.000000,0.000000,0.000000,0.000000,-0.120000,-562.000000,-1609.000000,83.000000,-2380.000000,39.000000,-434.000000,-35.000000,22.000000,22.000000,22.000000,22.000000,22.000000,22.000000,22.000000,37.000000,37.000000,37.000000,38.000000,39.000000,40.000000,43.000000,1,1,1,1,1,1,1,0,0,0,0,0,0,0,74,5376.550781,837,0,1,0.602278,-0.045862,-0.323627,-3.116000,-0.399000,0.076000,1
1.976448,9.461000,-58.245998,-13.388000,109.140999,18.427000,17.077000,146.856995,0.000000,0.000000,0.000000,0.000000,0.000000,0.000000,-0.120000,-562.000000,-1609.000000,83.000000,-2380.000000,39.000000,-434.000000,-35.000000,22.000000,22.000000,22.000000,22.000000,22.000000,22.000000,22.000000,37.000000,37.000000,37.000000,38.000000,39.000000,40.000000,43.000000,1,1,1,1,1,1,1,0,0,0,0,0,0,0,74,5376.550781,836,0,1,0.600549,-0.044864,-0.323628,-3.116000,-0.399000,0.076000,1
1.986542,9.327000,-58.493000,-13.186000,109.705002,18.500999,16.761000,146.878998,0.000000,0.000000,0.000000,0.000000,0.000000,0.000000,-0.120000,-562.000000,-1609.000000,83.000000,-2380.000000,39.000000,-434.000000,-35.000000,22.000000,22.000000,22.000000,22.000000,22.000000,22.000000,22.000000,37.000000,37.000000,37.000000,38.000000,39.000000,40.000000,43.000000,1,1,1,1,1,1,1,0,0,0,0,0,0,0,74,5376.549805,836,0,1,0.598846,-0.043881,-0.323628,-3.116000,-0.399000,0.076000,1
1.996584,9.200000,-58.727001,-12.993000,110.240997,18.573000,16.459999,146.899994,0.000000,0.000000,0.000000,0.000000,0.000000,0.000000,-0.120000,-562.000000,-1609.000000,83.000000,-2380.000000,39.000000,-434.000000,-35.000000,22.000000,22.000000,22.000000,22.000000,22.000000,22.000000,22.000000,37.000000,37.000000,37.000000,38.000000,39.000000,40.000000,43.000000,1,1,1,1,1,1,1,0,0,0,0,0,0,0,74,5376.549805,837,0,1,0.597221,-0.042943,-0.323627,-3.116000,-0.399000,0.076000,1
2.006493,9.061000,-58.984001,-12.780000,110.829002,18.656000,16.129999,146.923004,0.000000,0.000000,0.000000,0.000000,0.000000,0.000000,-0.120000,-562.000000,-1609.000000,83.000000,-2380.000000,39.000000,-434.000000,-35.000000,22.000000,22.000000,22.000000,22.000000,22.000000,22.000000,22.000000,37.000000,37.000000,37.000000,38.000000,39.000000,40.000000,43.000000,1,1,1,1,1,1,1,0,0,0,0,0,0,0,74,5376.550781,837,0,1,0.595430,-0.041908,-0.323627,-3.116000,-0.399000,0.076000,1
2.016698,8.957000,-59.175999,-12.620000,111.267998,18.719999,15.884000,146.940002,0.000000,0.000000,0.000000,0.000000,0.000000,0.000000,-0.120000,-562.000000,-1609.000000,83.000000,-2380.000000,39.000000,-434.000000,-35.000000,22.000000,22.000000,22.000000,22.000000,22.000000,22.000000,22.000000,37.000000,37.000000,37.000000,38.000000,39.000000,40.000000,43.000000,1,1,1,1,1,1,1,0,0,0,0,0,0,0,74,5376.550781,836,0,1,0.594089,-0.041134,-0.323628,-3.116000,-0.399000,0.076000,1
2.026474,8.863000,-59.348999,-12.474000,111.663002,18.780001,15.662000,146.953995,0.000000,0.000000,0.000000,0.000000,0.000000,0.000000,-0.120000,-562.000000,-1609.000000,83.000000,-2380.000000,39.000000,-434.000000,-35.000000,22.000000,22.000000,22.000000,22.000000,22.000000,22.000000,22.000000,37.000000,37.000000,37.000000,38.000000,39.000000,40.000000,43.000000,1,1,1,1,1,1,1,0,0,0,0,0,0,0,74,5376.550781,838,0,1,0.592878,-0.040435,-0.323627,-3.117000,-0.400000,0.076000,1
2.036716,8.810000,-59.445999,-12.393000,111.884003,18.815001,15.538000,146.962006,0.000000,0.000000,0.000000,0.000000,0.000000,0.000000,-0.120000,-562.000000,-1609.000000,83.000000,-2380.000000,39.000000,-434.000000,-35.000000,22.000000,22.000000,22.000000,22.000000,22.000000,22.000000,22.000000,37.000000,37.000000,37.000000,38.000000,39.000000,40.000000,43.000000,1,1,1,1,1,1,1,0,0,0,0,0,0,0,74,5376.551758,836,0,1,0.592200,-0.040043,-0.323628,-3.116000,-0.399000,0.076000,1
2.046511,8.726000,-59.598999,-12.263000,112.235001,18.871000,15.341000,146.973999,0.000000,0.000000,0.000000,0.000000,0.000000,0.000000,-0.120000,-562.000000,-1609.000000,83.000000,-2380.000000,39.000000,-434.000000,-35.000000,22.000000,22.000000,22.000000,22.000000,22.000000,22.000000,22.000000,37.000000,37.000000,37.000000,38.000000,39.000000,40.000000,43.000000,1,1,1,1,1,1,1,0,0,0,0,0,0,0,74,5376.549805,837,0,1,0.591119,-0.039419,-0.323627,-3.117000,-0.399000,0.076000,1
2.056592,8.646000,-59.750000,-12.138000,112.578003,18.926001,15.148000,146.985001,0.000000,0.000000,0.000000,0.000000,0.000000,0.000000,-0.120000,-562.000000,-1609.000000,83.000000,-2380.000000,39.000000,-434.000000,-35.000000,22.000000,22.000000,22.000000,22.000000,22.000000,22.000000,22.000000,37.000000,37.000000,37.000000,38.000000,39.000000,40.000000,43.000000,1,1,1,1,1,1,1,0,0,0,0,0,0,0,74,5376.549805,837,0,1,0.590057,-0.038818,-0.323628,-3.117000,-0.400000,0.076000,0
2.066476,8.573000,-59.903000,-12.019000,112.921997,18.978001,14.956000,146.992004,0.000000,0.000000,0.000000,0.000000,0.000000,0.000000,-0.120000,-562.000000,-1609.000000,83.000000,-2380.000000,39.000000,-434.000000,-35.000000,22.000000,22.000000,22.000000,22.000000,22.000000,22.000000,22.000000,37.000000,37.000000,37.000000,38.000000,39.000000,40.000000,43.000000,1,1,1,1,1,1,1,0,0,0,0,0,0,0,74,5376.550781,836,0,1,0.588982,-0.038245,-0.323627,-3.116000,-0.400000,0.076000,0
2.076473,8.507000,-60.057999,-11.906000,113.268997,19.028000,14.762000,146.994995,0.000000,0.000000,0.000000,0.000000,0.000000,0.000000,-0.120000,-562.000000,-1609.000000,83.000000,-2380.000000,39.000000,-434.000000,-35.000000,22.000000,22.000000,22.000000,22.000000,22.000000,22.000000,22.000000,37.000000,37.000000,37.000000,38.000000,39.000000,40.000000,43.000000,1,1,1,1,1,1,1,0,0,0,0,0,0,0,74,5376.550781,836,0,1,0.587893,-0.037699,-0.323627,-3.116000,-0.399000,0.076000,0
2.086561,8.447000,-60.216000,-11.800000,113.616997,19.076000,14.569000,146.994995,0.000000,0.000000,0.000000,0.000000,0.000000,0.000000,-0.120000,-562.000000,-1609.000000,83.000000,-2380.000000,39.000000,-434.000000,-35.000000,22.000000,22.000000,22.000000,22.000000,22.000000,22.000000,22.000000,37.000000,37.000000,37.000000,38.000000,39.000000,40.000000,43.000000,1,1,1,1,1,1,1,0,0,0,0,0,0,0,74,5376.547852,837,0,1,0.586789,-0.037183,-0.323627,-3.117000,-0.400000,0.076000,0
2.096486,8.385000,-60.408001,-11.682000,114.036003,19.129000,14.336000,146.988998,0.000000,0.000000,0.000000,0.000000,0.000000,0.000000,-0.120000,-562.000000,-1609.000000,83.000000,-2380.000000,39.000000,-434.000000,-35.000000,22.000000,22.000000,22.000000,22.000000,22.000000,22.000000,22.000000,37.000000,37.000000,37.000000,38.000000,39.000000,40.000000,43.000000,1,1,1,1,1,1,1,0,0,0,0,0,0,0,74,5376.549805,837,0,1,0.585449,-0.036601,-0.323627,-3.117000,-0.400000,0.076000,0
2.106462,8.341000,-60.570999,-11.590000,114.387001,19.171000,14.142000,146.979996,0.000000,0.000000,0.000000,0.000000,0.000000,0.000000,-0.120000,-562.000000,-1609.000000,83.000000,-2380.000000,39.000000,-434.000000,-35.000000,22.000000,22.000000,22.000000,22.000000,22.000000,22.000000,22.000000,37.000000,37.000000,37.000000,38.000000,39.000000,40.000000,43.000000,1,1,1,1,1,1,1,0,0,0,0,0,0,0,74,5376.549805,836,0,1,0.584317,-0.036147,-0.323627,-3.116000,-0.399000,0.076000,0
2.116492,8.304000,-60.736000,-11.506000,114.738998,19.209999,13.949000,146.966995,0.000000,0.000000,0.000000,0.000000,0.000000,0.000000,-0.120000,-562.000000,-1609.000000,83.000000,-2380.000000,39.000000,-434.000000,-35.000000,22.000000,22.000000,22.000000,22.000000,22.000000,22.000000,22.000000,37.000000,37.000000,37.000000,38.000000,39.000000,40.000000,43.000000,1,1,1,1,1,1,1,0,0,0,0,0,0,0,74,5376.550781,836,0,1,0.583175,-0.035724,-0.323627,-3.116000,-0.399000,0.076000,0
2.126525,8.274000,-60.902000,-11.428000,115.091003,19.246000,13.755000,146.949997,0.000000,0.000000,0.000000,0.000000,0.000000,0.000000,-0.120000,-562.000000,-1609.000000,83.000000,-2380.000000,39.000000,-434.000000,-35.000000,22.000000,22.000000,22.000000,22.000000,22.000000,22.000000,22.000000,37.000000,37.000000,37.000000,38.000000,39.000000,40.000000,43.000000,1,1,1,1,1,1,1,0,0,0,0,0,0,0,74,5376.550781,837,0,1,0.582022,-0.035330,-0.323627,-3.117000,-0.400000,0.076000,0
2.136493,8.246000,-61.104000,-11.345000,115.514999,19.285999,13.524000,146.923996,0.000000,0.000000,0.000000,0.000000,0.000000,0.000000,-0.120000,-562.000000,-1609.000000,83.000000,-2380.000000,39.000000,-434.000000,-35.000000,22.000000,22.000000,22.000000,22.000000,22.000000,22.000000,22.000000,37.000000,37.000000,37.000000,38.000000,39.000000,40.000000,43.000000,1,1,1,1,1,1,1,0,0,0,0,0,0,0,74,5376.550781,837,0,1,0.580626,-0.034897,-0.323628,-3.117000,-0.400000,0.076000,0
2.146490,8.232000,-61.275002,-11.283000,115.867996,19.316000,13.331000,146.899002,0.000000,0.000000,0.000000,0.000000,0.000000,0.000000,-0.120000,-562.000000,-1609.000000,83.000000,-2380.000000,39.000000,-434.000000,-35.000000,22.000000,22.000000,22.000000,22.000000,22.000000,22.000000,22.000000,37.000000,37.000000,37.000000,38.000000,39.000000,40.000000,43.000000,1,1,1,1,1,1,1,0,0,0,0,0,0,0,74,5376.549805,840,0,1,0.579453,-0.034570,-0.323627,-3.116000,-0.400000,0.076000,0
2.156526,8.224000,-61.446999,-11.229000,116.222000,19.343000,13.139000,146.869003,0.000000,0.000000,0.000000,0.000000,0.000000,0.000000,-0.120000,-562.000000,-1609.000000,83.000000,-2380.000000,39.000000,-434.000000,-35.000000,22.000000,22.000000,22.000000,22.000000,22.000000,22.000000,22.000000,37.000000,37.000000,37.000000,38.000000,39.000000,40.000000,43.000000,1,1,1,1,1,1,1,0,0,0,0,0,0,0,74,5376.551758,837,0,1,0.578271,-0.034273,-0.323627,-3.116000,-0.399000,0.076000,0
2.166623,8.222000,-61.550999,-11.200000,116.432999,19.358000,13.024000,146.850006,0.000000,0.000000,0.000000,0.000000,0.000000,0.000000,-0.120000,-562.000000,-1609.000000,83.000000,-2380.000000,39.000000,-434.000000,-35.000000,22.000000,22.000000,22.000000,22.000000,22.000000,22.000000,22.000000,37.000000,37.000000,37.000000,38.000000,39.000000,40.000000,43.000000,1,1,1,1,1,1,1,0,0,0,0,0,0,0,74,5376.550781,836,0,1,0.577559,-0.034109,-0.323627,-3.117000,-0.400000,0.076000,0
2.176519,8.229000,-61.794998,-11.143000,116.927002,19.388000,12.758000,146.798004,0.000000,0.000000,0.000000,0.000000,0.000000,0.000000,-0.120000,-562.000000,-1609.000000,83.000000,-2380.000000,39.000000,-434.000000,-35.000000,22.000000,22.000000,22.000000,22.000000,22.000000,22.000000,22.000000,37.000000,37.000000,37.000000,38.000000,39.000000,40.000000,43.000000,1,1,1,1,1,1,1,0,0,0,0,0,0,0,74,5376.549805,836,0,1,0.575887,-0.033771,-0.323627,-3.117000,-0.400000,0.076000,0
2.186597,8.236000,-61.900002,-11.123000,117.138000,19.399000,12.644000,146.774002,0.000000,0.000000,0.000000,0.000000,0.000000,0.000000,-0.120000,-562.000000,-1609.000000,83.000000,-2380.000000,39.000000,-434.000000,-35.000000,22.000000,22.000000,22.000000,22.000000,22.000000,22.000000,22.000000,37.000000,37.000000,37.000000,38.000000,39.000000,40.000000,43.000000,1,1,1,1,1,1,1,0,0,0,0,0,0,0,74,5376.549805,838,0,1,0.575167,-0.033645,-0.323628,-3.117000,-0.399000,0.077000,0
2.196541,8.253000,-62.077000,-11.096000,117.489998,19.414000,12.456000,146.729996,0.000000,0.000000,0.000000,0.000000,0.000000,0.000000,-0.120000,-562.000000,-1609.000000,83.000000,-2380.000000,39.000000,-434.000000,-35.000000,22.000000,22.000000,22.000000,22.000000,22.000000,22.000000,22.000000,37.000000,37.000000,37.000000,38.000000,39.000000,40.000000,43.000000,1,1,1,1,1,1,1,0,0,0,0,0,0,0,74,5376.549805,837,0,1,0.573963,-0.033459,-0.323627,-3.117000,-0.400000,0.076000,0
2.206458,8.277000,-62.255001,-11.077000,117.839996,19.426001,12.269000,146.682007,0.000000,0.000000,0.000000,0.000000,0.000000,0.000000,-0.120000,-562.000000,-1609.000000,83.000000,-2380.000000,39.000000,-434.000000,-35.000000,22.000000,22.000000,22.000000,22.000000,22.000000,22.000000,22.000000,37.000000,37.000000,37.000000,38.000000,39.000000,40.000000,43.000000,1,1,1,1,1,1,1,0,0,0,0,0,0,0,74,5376.549805,837,0,1,0.572755,-0.033305,-0.323627,-3.117000,-0.399000,0.076000,0
2.216448,8.315000,-62.470001,-11.064000,118.259003,19.436001,12.046000,146.619003,0.000000,0.000000,0.000000,0.000000,0.000000,0.000000,-0.120000,-562.000000,-1609.000000,83.000000,-2380.000000,39.000000,-434.000000,-35.000000,22.000000,22.000000,22.000000,22.000000,22.000000,22.000000,22.000000,37.000000,37.000000,37.000000,38.000000,39.000000,40.000000,43.000000,1,1,1,1,1,1,1,0,0,0,0,0,0,0,74,5376.550781,837,0,1,0.571299,-0.033161,-0.323628,-3.116000,-0.399000,0.076000,0
2.226499,8.354000,-62.650002,-11.062000,118.606003,19.441000,11.863000,146.561996,0.000000,0.000000,0.000000,0.000000,0.000000,0.000000,-0.120000,-562.000000,-1609.000000,83.000000,-2380.000000,39.000000,-434.000000,-35.000000,22.000000,22.000000,22.000000,22.000000,22.000000,22.000000,22.000000,37.000000,37.000000,37.000000,38.000000,39.000000,40.000000,43.000000,1,1,1,1,1,1,1,0,0,0,0,0,0,0,74,5376.550781,837,0,1,0.570085,-0.033076,-0.323627,-3.117000,-0.400000,0.076000,0
2.236518,8.400000,-62.831001,-11.069000,118.952003,19.441999,11.681000,146.501007,0.000000,0.000000,0.000000,0.000000,0.000000,0.000000,-0.120000,-562.000000,-1609.000000,83.000000,-2380.000000,39.000000,-434.000000,-35.000000,22.000000,22.000000,22.000000,22.000000,22.000000,22.000000,22.000000,37.000000,37.000000,37.000000,38.000000,39.000000,40.000000,43.000000,1,1,1,1,1,1,1,0,0,0,0,0,0,0,74,5376.549805,835,0,1,0.568868,-0.033022,-0.323627,-3.117000,-0.400000,0.076000,0
2.246526,8.452000,-63.013000,-11.083000,119.294998,19.440001,11.501000,146.436005,0.000000,0.000000,0.000000,0.000000,0.000000,0.000000,-0.120000,-562.000000,-1609.000000,83.000000,-2380.000000,39.000000,-434.000000,-35.000000,22.000000,22.000000,22.000000,22.000000,22.000000,22.000000,22.000000,37.000000,37.000000,37.000000,38.000000,39.000000,40.000000,43.000000,1,1,1,1,1,1,1,0,0,0,0,0,0,0,74,5376.550781,838,0,1,0.567649,-0.033000,-0.323627,-3.117000,-0.400000,0.076000,0
2.256544,8.510000,-63.195999,-11.103000,119.639000,19.434999,11.321000,146.367996,0.000000,0.000000,0.000000,0.000000,0.000000,0.000000,-0.120000,-562.000000,-1609.000000,83.000000,-2380.000000,39.000000,-434.000000,-35.000000,22.000000,22.000000,22.000000,22.000000,22.000000,22.000000,22.000000,37.000000,37.000000,37.000000,38.000000,39.000000,40.000000,43.000000,1,1,1,1,1,1,1,0,0,0,0,0,0,0,74,5376.547852,837,0,1,0.566421,-0.032999,-0.323628,-3.116000,-0.399000,0.076000,1
2.266485,8.570000,-63.388000,-11.125000,119.998001,19.429001,11.134000,146.298004,0.000000,0.000000,0.000000,0.000000,0.000000,0.000000,-0.120000,-562.000000,-1609.000000,83.000000,-2380.000000,39.000000,-434.000000,-35.000000,22.000000,22.000000,22.000000,22.000000,22.000000,22.000000,22.000000,37.000000,37.000000,37.000000,38.000000,39.000000,40.000000,43.000000,1,1,1,1,1,1,1,0,0,0,0,0,0,0,74,5376.551758,837,0,1,0.565141,-0.032999,-0.323628,-3.116000,-0.399000,0.076000,1
2.276490,8.636000,-63.595001,-11.149000,120.385002,19.420000,10.932000,146.223007,0.000000,0.000000,0.000000,0.000000,0.000000,0.000000,-0.120000,-562.000000,-1609.000000,83.000000,-2380.000000,39.000000,-434.000000,-35.000000,22.000000,22.000000,22.000000,22.000000,22.000000,22.000000,22.000000,37.000000,37.000000,37.000000,38.000000,39.000000,40.000000,43.000000,1,1,1,1,1,1,1,0,0,0,0,0,0,0,74,5376.550781,836,0,1,0.563754,-0.033000,-0.323628,-3.116000,-0.399000,0.076000,1
2.286587,8.725000,-63.872002,-11.182000,120.902000,19.405001,10.662000,146.126007,0.000000,0.000000,0.000000,0.000000,0.000000,0.000000,-0.120000,-562.000000,-1609.000000,83.000000,-2380.000000,39.000000,-434.000000,-35.000000,22.000000,22.000000,22.000000,22.000000,22.000000,22.000000,22.000000,37.000000,37.000000,37.000000,38.000000,39.000000,40.000000,43.000000,1,1,1,1,1,1,1,0,0,0,0,0,0,0,74,5376.549805,838,0,1,0.561897,-0.033000,-0.323627,-3.117000,-0.400000,0.076000,1
2.296473,8.807000,-64.128998,-11.213000,121.379997,19.389000,10.412000,146.037994,0.000000,0.000000,0.000000,0.000000,0.000000,0.000000,-0.120000,-562.000000,-1609.000000,83.000000,-2380.000000,39.000000,-434.000000,-35.000000,22.000000,22.000000,22.000000,22.000000,22.000000,22.000000,22.000000,37.000000,37.000000,37.000000,38.000000,39.000000,40.000000,43.000000,1,1,1,1,1,1,1,0,0,0,0,0,0,0,74,5376.551758,836,0,1,0.560176,-0.032999,-0.323628,-3.116000,-0.399000,0.076000,1
2.306480,8.860000,-64.292999,-11.234000,121.684998,19.378000,10.253000,145.983002,0.000000,0.000000,0.000000,0.000000,0.000000,0.000000,-0.120000,-562.000000,-1609.000000,83.000000,-2380.000000,39.000000,-434.000000,-35.000000,22.000000,22.000000,22.000000,22.000000,22.000000,22.000000,22.000000,37.000000,37.000000,37.000000,38.000000,39.000000,40.000000,43.000000,1,1,1,1,1,1,1,0,0,0,0,0,0,0,74,5376.551758,837,0,1,0.559075,-0.033000,-0.323627,-3.116000,-0.399000,0.076000,1
2.316591,8.953000,-64.580002,-11.271000,122.217003,19.357000,9.976000,145.886993,0.000000,0.000000,0.000000,0.000000,0.000000,0.000000,-0.120000,-562.000000,-1609.000000,83.000000,-2380.000000,39.000000,-434.000000,-35.000000,22.000000,22.000000,22.000000,22.000000,22.000000,22.000000,22.000000,37.000000,37.000000,37.000000,38.000000,39.000000,40.000000,43.000000,1,1,1,1,1,1,1,0,0,0,0,0,0,0,74,5376.550781,836,0,1,0.557152,-0.033000,-0.323627,-3.117000,-0.400000,0.076000,1
2.326464,9.049000,-64.875999,-11.310000,122.764999,19.334000,9.692000,145.789001,0.000000,0.000000,0.000000,0.000000,0.000000,0.000000,-0.120000,-562.000000,-1609.000000,83.000000,-2380.000000,39.000000,-434.000000,-35.000000,22.000000,22.000000,22.000000,22.000000,22.000000,22.000000,22.000000,37.000000,37.000000,37.000000,38.000000,39.000000,40.000000,43.000000,1,1,1,1,1,1,1,0,0,0,0,0,0,0,74,5376.549805,837,0,1,0.555165,-0.033000,-0.323628,-3.117000,-0.399000,0.076000,1
2.336576,9.165000,-65.233002,-11.358000,123.424004,19.305000,9.349000,145.671005,0.000000,0.000000,0.000000,0.000000,0.000000,0.000000,-0.120000,-562.000000,-1609.000000,83.000000,-2380.000000,39.000000,-434.000000,-35.000000,22.000000,22.000000,22.000000,22.000000,22.000000,22.000000,22.000000,37.000000,37.000000,37.000000,38.000000,39.000000,40.000000,43.000000,1,1,1,1,1,1,1,0,0,0,0,0,0,0,74,5376.550781,838,0,1,0.552768,-0.033000,-0.323628,-3.117000,-0.400000,0.076000,1
2.346590,9.262000,-65.530998,-11.400000,123.971001,19.280001,9.066000,145.572998,0.000000,0.000000,0.000000,0.000000,0.000000,0.000000,-0.120000,-562.000000,-1609.000000,83.000000,-2380.000000,39.000000,-434.000000,-35.000000,22.000000,22.000000,22.000000,22.000000,22.000000,22.000000,22.000000,37.000000,37.000000,37.000000,38.000000,39.000000,40.000000,43.000000,1,1,1,1,1,1,1,0,0,0,0,0,0,0,74,5376.549805,838,0,1,0.550771,-0.033000,-0.323627,-3.117000,-0.400000,0.076000,1
2.356567,9.359000,-65.828003,-11.444000,124.516998,19.253000,8.783000,145.475998,0.000000,0.000000,0.000000,0.000000,0.000000,0.000000,-0.120000,-562.000000,-1609.000000,83.000000,-2380.000000,39.000000,-434.000000,-35.000000,22.000000,22.000000,22.000000,22.000000,22.000000,22.000000,22.000000,37.000000,37.000000,37.000000,38.000000,39.000000,40.000000,43.000000,1,1,1,1,1,1,1,0,0,0,0,0,0,0,74,5376.550781,836,0,1,0.548773,-0.033000,-0.323628,-3.117000,-0.400000,0.076000,1
2.366491,9.456000,-66.125999,-11.489000,125.059998,19.226000,8.502000,145.380005,0.000000,0.000000,0.000000,0.000000,0.000000,0.000000,-0.120000,-562.000000,-1609.000000,83.000000,-2380.000000,39.000000,-434.000000,-35.000000,22.000000,22.000000,22.000000,22.000000,22.000000,22.000000,22.000000,37.000000,37.000000,37.000000,38.000000,39.000000,40.000000,43.000000,1,1,1,1,1,1,1,0,0,0,0,0,0,0,74,5376.549805,837,0,1,0.546776,-0.033000,-0.323627,-3.117000,-0.400000,0.076000,1
2.376538,9.514000,-66.304001,-11.516000,125.386002,19.209000,8.334000,145.322006,0.000000,0.000000,0.000000,0.000000,0.000000,0.000000,-0.120000,-562.000000,-1609.000000,83.000000,-2380.000000,39.000000,-434.000000,-35.000000,22.000000,22.000000,22.000000,22.000000,22.000000,22.000000,22.000000,37.000000,37.000000,37.000000,38.000000,39.000000,40.000000,43.000000,1,1,1,1,1,1,1,0,0,0,0,0,0,0,74,5376.550781,841,0,1,0.545577,-0.033000,-0.323627,-3.117000,-0.400000,0.076000,1
2.386707,9.611000,-66.600998,-11.563000,125.927002,19.181000,8.055000,145.225006,0.000000,0.000000,0.000000,0.000000,0.000000,0.000000,-0.120000,-562.000000,-1609.000000,83.000000,-2380.000000,39.000000,-434.000000,-35.000000,22.000000,22.000000,22.000000,22.000000,22.000000,22.000000,22.000000,37.000000,37.000000,37.000000,38.000000,39.000000,40.000000,43.000000,1,1,1,1,1,1,1,0,0,0,0,0,0,0,74,5376.550781,836,0,1,0.543579,-0.033000,-0.323628,-3.117000,-0.399000,0.077000,1
2.396574,9.765000,-67.073997,-11.641000,126.785004,19.132999,7.615000,145.072998,0.000000,0.000000,0.000000,0.000000,0.000000,0.000000,-0.120000,-562.000000,-1609.000000,83.000000,-2380.000000,39.000000,-434.000000,-35.000000,22.000000,22.000000,22.000000,22.000000,22.000000,22.000000,22.000000,37.000000,37.000000,37.000000,38.000000,39.000000,40.000000,43.000000,1,1,1,1,1,1,1,0,0,0,0,0,0,0,74,5376.549805,836,0,1,0.540404,-0.032999,-0.323627,-3.116000,-0.399000,0.076000,1
2.406668,9.822000,-67.246002,-11.670000,127.097000,19.115999,7.454000,145.016998,0.000000,0.000000,0.000000,0.000000,0.000000,0.000000,-0.120000,-562.000000,-1609.000000,83.000000,-2380.000000,39.000000,-434.000000,-35.000000,22.000000,22.000000,22.000000,22.000000,22.000000,22.000000,22.000000,37.000000,37.000000,37.000000,38.000000,39.000000,40.000000,43.000000,1,1,1,1,1,1,1,0,0,0,0,0,0,0,74,5376.551758,836,0,1,0.539245,-0.033000,-0.323627,-3.117000,-0.400000,0.077000,1
2.416674,9.912000,-67.523003,-11.718000,127.597000,19.087000,7.199000,144.927002,0.000000,0.000000,0.000000,0.000000,0.000000,0.000000,-0.120000,-562.000000,-1609.000000,83.000000,-2380.000000,39.000000,-434.000000,-35.000000,22.000000,22.000000,22.000000,22.000000,22.000000,22.000000,22.000000,37.000000,37.000000,37.000000,38.000000,39.000000,40.000000,43.000000,1,1,1,1,1,1,1,0,0,0,0,0,0,0,74,5376.550781,836,0,1,0.537385,-0.033000,-0.323627,-3.117000,-0.399000,0.076000,1
2.426684,9.996000,-67.781998,-11.764000,128.063004,19.061001,6.961000,144.841995,0.000000,0.000000,0.000000,0.000000,0.000000,0.000000,-0.120000,-562.000000,-1609.000000,83.000000,-2380.000000,39.000000,-434.000000,-35.000000,22.000000,22.000000,22.000000,22.000000,22.000000,22.000000,22.000000,37.000000,37.000000,37.000000,38.000000,39.000000,40.000000,43.000000,1,1,1,1,1,1,1,0,0,0,0,0,0,0,74,5376.550781,836,0,1,0.535645,-0.032999,-0.323627,-3.116000,-0.399000,0.076000,1
2.436737,10.073000,-68.018997,-11.808000,128.488998,19.038000,6.743000,144.763000,0.000000,0.000000,0.000000,0.000000,0.000000,0.000000,-0.120000,-562.000000,-1609.000000,83.000000,-2380.000000,39.000000,-434.000000,-35.000000,22.000000,22.000000,22.000000,22.000000,22.000000,22.000000,22.000000,37.000000,37.000000,37.000000,38.000000,39.000000,40.000000,43.000000,1,1,1,1,1,1,1,0,0,0,0,0,0,0,74,5376.550781,836,0,1,0.534049,-0.033000,-0.323627,-3.117000,-0.400000,0.076000,1
2.446601,10.156000,-68.274002,-11.856000,128.945007,19.014000,6.511000,144.675995,0.000000,0.000000,0.000000,0.000000,0.000000,0.000000,-0.120000,-562.000000,-1609.000000,83.000000,-2380.000000,39.000000,-434.000000,-35.000000,22.000000,22.000000,22.000000,22.000000,22.000000,22.000000,22.000000,37.000000,37.000000,37.000000,38.000000,39.000000,40.000000,43.000000,1,1,1,1,1,1,1,0,0,0,0,0,0,0,74,5376.550781,837,0,1,0.532342,-0.033000,-0.323627,-3.117000,-0.400000,0.076000,1
2.456650,10.216000,-68.459999,-11.892000,129.278000,18.999001,6.342000,144.610992,0.000000,0.000000,0.000000,0.000000,0.000000,0.000000,-0.120000,-562.000000,-1609.000000,83.000000,-2380.000000,39.000000,-434.000000,-35.000000,22.000000,22.000000,22.000000,22.000000,22.000000,22.000000,22.000000,37.000000,37.000000,37.000000,38.000000,39.000000,40.000000,43.000000,1,1,1,1,1,1,1,0,0,0,0,0,0,0,74,5376.551758,837,0,1,0.531090,-0.033000,-0.323627,-3.117000,-0.400000,0.077000,1
2.466632,10.269000,-68.625999,-11.924000,129.572998,18.986000,6.193000,144.550003,0.000000,0.000000,0.000000,0.000000,0.000000,0.000000,-0.120000,-562.000000,-1609.000000,83.000000,-2380.000000,39.000000,-434.000000,-35.000000,22.000000,22.000000,22.000000,22.000000,22.000000,22.000000,22.000000,37.000000,37.000000,37.000000,38.000000,39.000000,40.000000,43.000000,1,1,1,1,1,1,1,0,0,0,0,0,0,0,74,5376.550781,836,0,1,0.529977,-0.032999,-0.323628,-3.116000,-0.399000,0.077000,1
2.476640,10.326000,-68.802002,-11.959000,129.888000,18.975000,6.033000,144.485001,0.000000,0.000000,0.000000,0.000000,0.000000,0.000000,-0.120000,-562.000000,-1609.000000,83.000000,-2380.000000,39.000000,-434.000000,-35.000000,22.000000,22.000000,22.000000,22.000000,22.000000,22.000000,22.000000,37.000000,37.000000,37.000000,38.000000,39.000000,40.000000,43.000000,1,1,1,1,1,1,1,0,0,0,0,0,0,0,74,5376.550781,837,0,1,0.528791,-0.033000,-0.323627,-3.117000,-0.400000,0.076000,1
2.486500,10.369000,-68.938004,-11.987000,130.128998,18.966999,5.912000,144.432007,0.000000,0.000000,0.000000,0.000000,0.000000,0.000000,-0.120000,-562.000000,-1609.000000,83.000000,-2380.000000,39.000000,-434.000000,-35.000000,22.000000,22.000000,22.000000,22.000000,22.000000,22.000000,22.000000,37.000000,37.000000,37.000000,38.000000,39.000000,40.000000,43.000000,1,1,1,1,1,1,1,0,0,0,0,0,0,0,74,5376.550781,837,0,1,0.527881,-0.033000,-0.323627,-3.117000,-0.400000,0.077000,1
2.496615,10.394000,-69.016998,-12.003000,130.268997,18.962999,5.841000,144.401993,0.000000,0.000000,0.000000,0.000000,0.000000,0.000000,-0.120000,-562.000000,-1609.000000,83.000000,-2380.000000,39.000000,-434.000000,-35.000000,22.000000,22.000000,22.000000,22.000000,22.000000,22.000000,22.000000,37.000000,37.000000,37.000000,38.000000,39.000000,40.000000,43.000000,1,1,1,1,1,1,1,0,0,0,0,0,0,0,74,5376.549805,837,0,1,0.527351,-0.033000,-0.323627,-3.117000,-0.399000,0.076000,1
2.506732,10.430000,-69.146004,-12.021000,130.501999,18.959999,5.723000,144.354996,0.000000,0.000000,0.000000,0.000000,0.000000,0.000000,-0.120000,-562.000000,-1609.000000,83.000000,-2380.000000,39.000000,-434.000000,-35.000000,22.000000,22.000000,22.000000,22.000000,22.000000,22.000000,22.000000,37.000000,37.000000,37.000000,38.000000,39.000000,40.000000,43.000000,1,1,1,1,1,1,1,0,0,0,0,0,0,0,74,5376.550781,837,0,1,0.526478,-0.032969,-0.323628,-3.116000,-0.399000,0.076000,0
2.516623,10.453000,-69.271004,-12.022000,130.737000,18.966000,5.601000,144.317993,0.000000,0.000000,0.000000,0.000000,0.000000,0.000000,-0.120000,-562.000000,-1609.000000,83.000000,-2380.000000,39.000000,-434.000000,-35.000000,22.000000,22.000000,22.000000,22.000000,22.000000,22.000000,22.000000,37.000000,37.000000,37.000000,38.000000,39.000000,40.000000,43.000000,1,1,1,1,1,1,1,0,0,0,0,0,0,0,74,5376.550781,836,0,1,0.525609,-0.032876,-0.323627,-3.117000,-0.400000,0.076000,0
2.526611,10.463000,-69.392998,-12.006000,130.973007,18.980000,5.476000,144.289993,0.000000,0.000000,0.000000,0.000000,0.000000,0.000000,-0.120000,-562.000000,-1609.000000,83.000000,-2380.000000,39.000000,-434.000000,-35.000000,22.000000,22.000000,22.000000,22.000000,22.000000,22.000000,22.000000,37.000000,37.000000,37.000000,38.000000,39.000000,40.000000,43.000000,1,1,1,1,1,1,1,0,0,0,0,0,0,0,74,5376.550781,837,0,1,0.524749,-0.032722,-0.323627,-3.117000,-0.400000,0.077000,0
2.536674,10.460000,-69.533997,-11.964000,131.257004,19.007999,5.323000,144.270004,0.000000,0.000000,0.000000,0.000000,0.000000,0.000000,-0.120000,-562.000000,-1609.000000,83.000000,-2380.000000,39.000000,-434.000000,-35.000000,22.000000,22.000000,22.000000,22.000000,22.000000,22.000000,22.000000,37.000000,37.000000,37.000000,38.000000,39.000000,40.000000,43.000000,1,1,1,1,1,1,1,0,0,0,0,0,0,0,74,5376.550781,836,0,1,0.523734,-0.032458,-0.323628,-3.117000,-0.400000,0.077000,0
2.546667,10.443000,-69.644997,-11.909000,131.490997,19.041000,5.194000,144.263000,0.000000,0.000000,0.000000,0.000000,0.000000,0.000000,-0.120000,-562.000000,-1609.000000,83.000000,-2380.000000,39.000000,-434.000000,-35.000000,22.000000,22.000000,22.000000,22.000000,22.000000,22.000000,22.000000,37.000000,37.000000,37.000000,38.000000,39.000000,40.000000,43.000000,1,1,1,1,1,1,1,0,0,0,0,0,0,0,74,5376.551758,836,0,1,0.522909,-0.032173,-0.323627,-3.117000,-0.400000,0.077000,0
2.556724,10.414000,-69.750999,-11.837000,131.723007,19.083000,5.064000,144.266006,0.000000,0.000000,0.000000,0.000000,0.000000,0.000000,-0.120000,-562.000000,-1609.000000,83.000000,-2380.000000,39.000000,-434.000000,-35.000000,22.000000,22.000000,22.000000,22.000000,22.000000,22.000000,22.000000,37.000000,37.000000,37.000000,38.000000,39.000000,40.000000,43.000000,1,1,1,1,1,1,1,0,0,0,0,0,0,0,74,5376.549805,836,0,1,0.522104,-0.031830,-0.323628,-3.117000,-0.399000,0.077000,0
2.566702,10.372000,-69.849998,-11.748000,131.951004,19.132999,4.933000,144.279007,0.000000,0.000000,0.000000,0.000000,0.000000,0.000000,-0.120000,-562.000000,-1609.000000,83.000000,-2380.000000,39.000000,-434.000000,-35.000000,22.000000,22.000000,22.000000,22.000000,22.000000,22.000000,22.000000,37.000000,37.000000,37.000000,38.000000,39.000000,40.000000,43.000000,1,1,1,1,1,1,1,0,0,0,0,0,0,0,74,5376.551758,836,0,1,0.521327,-0.031431,-0.323628,-3.117000,-0.399000,0.076000,0
2.576636,10.307000,-69.959999,-11.619000,132.218002,19.205000,4.777000,144.307007,0.000000,0.000000,0.000000,0.000000,0.000000,0.000000,-0.120000,-562.000000,-1609.000000,83.000000,-2380.000000,39.000000,-434.000000,-35.000000,22.000000,22.000000,22.000000,22.000000,22.000000,22.000000,22.000000,37.000000,37.000000,37.000000,38.000000,39.000000,40.000000,43.000000,1,1,1,1,1,1,1,0,0,0,0,0,0,0,74,5376.549805,835,0,1,0.520434,-0.030881,-0.323628,-3.117000,-0.399000,0.076000,0
2.586651,10.239000,-70.042999,-11.493000,132.434006,19.274000,4.648000,144.341003,0.000000,0.000000,0.000000,0.000000,0.000000,0.000000,-0.120000,-562.000000,-1609.000000,83.000000,-2380.000000,39.000000,-434.000000,-35.000000,22.000000,22.000000,22.000000,22.000000,22.000000,22.000000,22.000000,37.000000,37.000000,37.000000,38.000000,39.000000,40.000000,43.000000,1,1,1,1,1,1,1,0,0,0,0,0,0,0,74,5376.549805,837,0,1,0.519728,-0.030367,-0.323627,-3.117000,-0.399000,0.076000,0
2.596494,10.193000,-70.089996,-11.410000,132.559006,19.319000,4.571000,144.365997,0.000000,0.000000,0.000000,0.000000,0.000000,0.000000,-0.120000,-562.000000,-1609.000000,83.000000,-2380.000000,39.000000,-434.000000,-35.000000,22.000000,22.000000,22.000000,22.000000,22.000000,22.000000,22.000000,37.000000,37.000000,37.000000,38.000000,39.000000,40.000000,43.000000,1,1,1,1,1,1,1,0,0,0,0,0,0,0,74,5376.550781,837,0,1,0.519323,-0.030035,-0.323628,-3.117000,-0.399000,0.076000,0
2.606524,10.107000,-70.160004,-11.259000,132.761993,19.402000,4.445000,144.414001,0.000000,0.000000,0.000000,0.000000,0.000000,0.000000,-0.120000,-562.000000,-1609.000000,83.000000,-2380.000000,39.000000,-434.000000,-35.000000,22.000000,22.000000,22.000000,22.000000,22.000000,22.000000,22.000000,37.000000,37.000000,37.000000,38.000000,39.000000,40.000000,43.000000,1,1,1,1,1,1,1,0,0,0,0,0,0,0,74,5376.549805,836,0,1,0.518679,-0.029444,-0.323627,-3.117000,-0.399000,0.076000,0
2.616441,10.010000,-70.223000,-11.093000,132.955994,19.492001,4.322000,144.472000,0.000000,0.000000,0.000000,0.000000,0.000000,0.000000,-0.120000,-562.000000,-1609.000000,83.000000,-2380.000000,39.000000,-434.000000,-35.000000,22.000000,22.000000,22.000000,22.000000,22.000000,22.000000,22.000000,37.000000,37.000000,37.000000,38.000000,39.000000,40.000000,43.000000,1,1,1,1,1,1,1,0,0,0,0,0,0,0,74,5376.550781,837,0,1,0.518079,-0.028808,-0.323628,-3.117000,-0.399000,0.076000,0
2.626479,9.902000,-70.277000,-10.912000,133.139008,19.590000,4.203000,144.537003,0.000000,0.000000,0.000000,0.000000,0.000000,0.000000,-0.120000,-562.000000,-1609.000000,83.000000,-2380.000000,39.000000,-434.000000,-35.000000,22.000000,22.000000,22.000000,22.000000,22.000000,22.000000,22.000000,37.000000,37.000000,37.000000,38.000000,39.000000,40.000000,43.000000,1,1,1,1,1,1,1,0,0,0,0,0,0,0,74,5376.550781,837,0,1,0.517525,-0.028133,-0.323628,-3.117000,-0.399000,0.076000,0
2.636524,9.784000,-70.321999,-10.718000,133.309998,19.695000,4.087000,144.612000,0.000000,0.000000,0.000000,0.000000,0.000000,0.000000,-0.120000,-562.000000,-1609.000000,83.000000,-2380.000000,39.000000,-434.000000,-35.000000,22.000000,22.000000,22.000000,22.000000,22.000000,22.000000,22.000000,37.000000,37.000000,37.000000,38.000000,39.000000,40.000000,43.000000,1,1,1,1,1,1,1,0,0,0,0,0,0,0,74,5376.550781,836,0,1,0.517021,-0.027419,-0.323628,-3.117000,-0.399000,0.076000,0
2.646498,9.657000,-70.358002,-10.511000,133.470001,19.806999,3.977000,144.692993,0.000000,0.000000,0.000000,0.000000,0.000000,0.000000,-0.120000,-562.000000,-1609.000000,83.000000,-2380.000000,39.000000,-434.000000,-35.000000,22.000000,22.000000,22.000000,22.000000,22.000000,22.000000,22.000000,37.000000,37.000000,37.000000,38.000000,39.000000,40.000000,43.000000,1,1,1,1,1,1,1,0,0,0,0,0,0,0,74,5376.549805,837,0,1,0.516568,-0.026672,-0.323628,-3.117000,-0.399000,0.076000,0
2.656552,9.493000,-70.389000,-10.248000,133.643005,19.948999,3.852000,144.800995,0.000000,0.000000,0.000000,0.000000,0.000000,0.000000,-0.120000,-562.000000,-1609.000000,83.000000,-2380.000000,39.000000,-434.000000,-35.000000,22.000000,22.000000,22.000000,22.000000,22.000000,22.000000,22.000000,37.000000,37.000000,37.000000,38.000000,39.000000,40.000000,43.000000,1,1,1,1,1,1,1,0,0,0,0,0,0,0,74,5376.549805,836,0,1,0.516096,-0.025736,-0.323628,-3.117000,-0.399000,0.076000,0
2.666515,9.346000,-70.404999,-10.018000,133.772003,20.073999,3.755000,144.897003,0.000000,0.000000,0.000000,0.000000,0.000000,0.000000,-0.120000,-562.000000,-1609.000000,83.000000,-2380.000000,39.000000,-434.000000,-35.000000,22.000000,22.000000,22.000000,22.000000,22.000000,22.000000,22.000000,37.000000,37.000000,37.000000,38.000000,39.000000,40.000000,43.000000,1,1,1,1,1,1,1,0,0,0,0,0,0,0,74,5376.550781,838,0,1,0.515764,-0.024927,-0.323628,-3.117000,-0.399000,0.076000,0
2.676510,9.192000,-70.412003,-9.778000,133.886002,20.205000,3.665000,145.000000,0.000000,0.000000,0.000000,0.000000,0.000000,0.000000,-0.120000,-562.000000,-1609.000000,83.000000,-2380.000000,39.000000,-434.000000,-35.000000,22.000000,22.000000,22.000000,22.000000,22.000000,22.000000,22.000000,37.000000,37.000000,37.000000,38.000000,39.000000,40.000000,43.000000,1,1,1,1,1,1,1,0,0,0,0,0,0,0,74,5376.551758,836,0,1,0.515491,-0.024097,-0.323628,-3.117000,-0.399000,0.076000,0
2.686589,8.998000,-70.407997,-9.481000,134.001999,20.365999,3.567000,145.130005,0.000000,0.000000,0.000000,0.000000,0.000000,0.000000,-0.120000,-562.000000,-1609.000000,83.000000,-2380.000000,39.000000,-434.000000,-35.000000,22.000000,22.000000,22.000000,22.000000,22.000000,22.000000,22.000000,37.000000,37.000000,37.000000,38.000000,39.000000,40.000000,43.000000,1,1,1,1,1,1,1,0,0,0,0,0,0,0,74,5376.550781,837,0,1,0.515241,-0.023079,-0.323628,-3.117000,-0.399000,0.076000,0
2.696520,8.830000,-70.394997,-9.227000,134.080994,20.504999,3.494000,145.242996,0.000000,0.000000,0.000000,0.000000,0.000000,0.000000,-0.120000,-562.000000,-1609.000000,83.000000,-2380.000000,39.000000,-434.000000,-35.000000,22.000000,22.000000,22.000000,22.000000,22.000000,22.000000,22.000000,37.000000,37.000000,37.000000,38.000000,39.000000,40.000000,43.000000,1,1,1,1,1,1,1,0,0,0,0,0,0,0,74,5376.549805,835,0,1,0.515099,-0.022217,-0.323628,-3.117000,-0.399000,0.076000,0
2.706476,8.656000,-70.373001,-8.968000,134.143005,20.646999,3.430000,145.358994,0.000000,0.000000,0.000000,0.000000,0.000000,0.000000,-0.120000,-562.000000,-1609.000000,83.000000,-2380.000000,39.000000,-434.000000,-35.000000,22.000000,22.000000,22.000000,22.000000,22.000000,22.000000,22.000000,37.000000,37.000000,37.000000,38.000000,39.000000,40.000000,43.000000,1,1,1,1,1,1,1,0,0,0,0,0,0,0,74,5376.550781,836,0,1,0.515019,-0.021347,-0.323628,-3.116000,-0.399000,0.076000,0
2.716461,8.549000,-70.356003,-8.811000,134.171997,20.733000,3.396000,145.431000,0.000000,0.000000,0.000000,0.000000,0.000000,0.000000,-0.120000,-562.000000,-1609.000000,83.000000,-2380.000000,39.000000,-434.000000,-35.000000,22.000000,22.000000,22.000000,22.000000,22.000000,22.000000,22.000000,37.000000,37.000000,37.000000,38.000000,39.000000,40.000000,43.000000,1,1,1,1,1,1,1,0,0,0,0,0,0,0,74,5376.551758,836,0,1,0.515001,-0.020823,-0.323628,-3.117000,-0.399000,0.076000,0
2.726552,8.368000,-70.322998,-8.546000,134.212006,20.879000,3.343000,145.552002,0.000000,0.000000,0.000000,0.000000,0.000000,0.000000,-0.120000,-562.000000,-1609.000000,83.000000,-2380.000000,39.000000,-434.000000,-35.000000,22.000000,22.000000,22.000000,22.000000,22.000000,22.000000,22.000000,37.000000,37.000000,37.000000,38.000000,39.000000,40.000000,43.000000,1,1,1,1,1,1,1,0,0,0,0,0,0,0,74,5376.549805,835,0,1,0.514999,-0.019941,-0.323628,-3.116000,-0.399000,0.076000,1
2.736543,8.179000,-70.290001,-8.269000,134.251999,21.030001,3.290000,145.679001,0.000000,0.000000,0.000000,0.000000,0.000000,0.000000,-0.120000,-562.000000,-1609.000000,83.000000,-2380.000000,39.000000,-434.000000,-35.000000,22.000000,22.000000,22.000000,22.000000,22.000000,22.000000,22.000000,37.000000,37.000000,37.000000,38.000000,39.000000,40.000000,43.000000,1,1,1,1,1,1,1,0,0,0,0,0,0,0,74,5376.550781,837,0,1,0.514999,-0.019023,-0.323628,-3.117000,-0.399000,0.076000,1
2.746463,7.973000,-70.253998,-7.968000,134.294006,21.191999,3.233000,145.819000,0.000000,0.000000,0.000000,0.000000,0.000000,0.000000,-0.120000,-562.000000,-1609.000000,83.000000,-2380.000000,39.000000,-434.000000,-35.000000,22.000000,22.000000,22.000000,22.000000,22.000000,22.000000,22.000000,37.000000,37.000000,37.000000,38.000000,39.000000,40.000000,43.000000,1,1,1,1,1,1,1,0,0,0,0,0,0,0,74,5376.549805,835,0,1,0.514999,-0.018027,-0.323628,-3.116000,-0.399000,0.076000,1
2.756557,7.693000,-70.207001,-7.560000,134.348999,21.410999,3.158000,146.011993,0.000000,0.000000,0.000000,0.000000,0.000000,0.000000,-0.120000,-562.000000,-1609.000000,83.000000,-2380.000000,39.000000,-434.000000,-35.000000,22.000000,22.000000,22.000000,22.000000,22.000000,22.000000,22.000000,37.000000,37.000000,37.000000,38.000000,39.000000,40.000000,43.000000,1,1,1,1,1,1,1,0,0,0,0,0,0,0,74,5376.547852,837,0,1,0.514999,-0.016678,-0.323628,-3.116000,-0.399000,0.076000,1
2.766582,7.425000,-70.163002,-7.171000,134.399002,21.617001,3.089000,146.197006,0.000000,0.000000,0.000000,0.000000,0.000000,0.000000,-0.120000,-562.000000,-1609.000000,83.000000,-2380.000000,39.000000,-434.000000,-35.000000,22.000000,22.000000,22.000000,22.000000,22.000000,22.000000,22.000000,37.000000,37.000000,37.000000,38.000000,39.000000,40.000000,43.000000,1,1,1,1,1,1,1,0,0,0,0,0,0,0,74,5376.549805,836,0,1,0.514999,-0.015397,-0.323628,-3.116000,-0.399000,0.076000,1
2.776493,7.124000,-70.115997,-6.734000,134.451996,21.846001,3.014000,146.406998,0.000000,0.000000,0.000000,0.000000,0.000000,0.000000,-0.120000,-562.000000,-1609.000000,83.000000,-2380.000000,39.000000,-434.000000,-35.000000,22.000000,22.000000,22.000000,22.000000,22.000000,22.000000,22.000000,37.000000,37.000000,37.000000,38.000000,39.000000,40.000000,43.000000,1,1,1,1,1,1,1,0,0,0,0,0,0,0,74,5376.549805,837,0,1,0.514999,-0.013959,-0.323628,-3.116000,-0.399000,0.076000,1
2.786593,6.716000,-70.055000,-6.144000,134.518005,22.153999,2.918000,146.692993,0.000000,0.000000,0.000000,0.000000,0.000000,0.000000,-0.120000,-562.000000,-1609.000000,83.000000,-2380.000000,39.000000,-434.000000,-35.000000,22.000000,22.000000,22.000000,22.000000,22.000000,22.000000,22.000000,37.000000,37.000000,37.000000,38.000000,39.000000,40.000000,43.000000,1,1,1,1,1,1,1,0,0,0,0,0,0,0,74,5376.549805,837,0,1,0.514999,-0.012026,-0.323628,-3.116000,-0.399000,0.076000,1
2.796599,6.340000,-70.001999,-5.604000,134.572998,22.434000,2.834000,146.957001,0.000000,0.000000,0.000000,0.000000,0.000000,0.000000,-0.120000,-562.000000,-1609.000000,83.000000,-2380.000000,39.000000,-434.000000,-35.000000,22.000000,22.000000,22.000000,22.000000,22.000000,22.000000,22.000000,37.000000,37.000000,37.000000,38.000000,39.000000,40.000000,43.000000,1,1,1,1,1,1,1,0,0,0,0,0,0,0,74,5376.550781,837,0,1,0.514999,-0.010259,-0.323628,-3.116000,-0.399000,0.076000,1
2.806684,5.938000,-69.947998,-5.027000,134.626999,22.731001,2.750000,147.238998,0.000000,0.000000,0.000000,0.000000,0.000000,0.000000,-0.120000,-562.000000,-1609.000000,83.000000,-2380.000000,39.000000,-434.000000,-35.000000,22.000000,22.000000,22.000000,22.000000,22.000000,22.000000,22.000000,37.000000,37.000000,37.000000,38.000000,39.000000,40.000000,43.000000,1,1,1,1,1,1,1,0,0,0,0,0,0,0,74,5376.549805,834,0,1,0.514999,-0.008378,-0.323628,-3.116000,-0.399000,0.076000,1
2.816523,5.687000,-69.916000,-4.668000,134.658005,22.916000,2.700000,147.414993,0.000000,0.000000,0.000000,0.000000,0.000000,0.000000,-0.120000,-562.000000,-1609.000000,83.000000,-2380.000000,39.000000,-434.000000,-35.000000,22.000000,22.000000,22.000000,22.000000,22.000000,22.000000,22.000000,37.000000,37.000000,37.000000,38.000000,39.000000,40.000000,43.000000,1,1,1,1,1,1,1,0,0,0,0,0,0,0,74,5376.549805,837,0,1,0.514999,-0.007210,-0.323628,-3.116000,-0.399000,0.076000,1
2.826495,5.258000,-69.864998,-4.056000,134.705994,23.231001,2.620000,147.716003,0.000000,0.000000,0.000000,0.000000,0.000000,0.000000,-0.120000,-562.000000,-1609.000000,83.000000,-2380.000000,39.000000,-434.000000,-35.000000,22.000000,22.000000,22.000000,22.000000,22.000000,22.000000,22.000000,37.000000,37.000000,37.000000,38.000000,39.000000,40.000000,43.000000,1,1,1,1,1,1,1,0,0,0,0,0,0,0,74,5376.547852,837,0,1,0.514998,-0.005224,-0.323628,-3.116000,-0.399000,0.076000,1
2.836421,4.822000,-69.818001,-3.440000,134.748993,23.548000,2.545000,148.018997,0.000000,0.000000,0.000000,0.000000,0.000000,0.000000,-0.120000,-562.000000,-1609.000000,83.000000,-2380.000000,39.000000,-434.000000,-35.000000,22.000000,22.000000,22.000000,22.000000,22.000000,22.000000,22.000000,37.000000,37.000000,37.000000,38.000000,39.000000,40.000000,43.000000,1,1,1,1,1,1,1,0,0,0,0,0,0,0,74,5376.547852,836,0,1,0.514998,-0.003225,-0.323628,-3.116000,-0.399000,0.076000,1
2.846944,4.384000,-69.774002,-2.822000,134.785004,23.865000,2.476000,148.324005,0.000000,0.000000,0.000000,0.000000,0.000000,0.000000,-0.120000,-562.000000,-1609.000000,83.000000,-2380.000000,39.000000,-434.000000,-35.000000,22.000000,22.000000,22.000000,22.000000,22.000000,22.000000,22.000000,37.000000,37.000000,37.000000,38.000000,39.000000,40.000000,43.000000,1,1,1,1,1,1,1,0,0,0,0,0,0,0,74,5376.547852,835,0,1,0.514999,-0.001227,-0.323628,-3.116000,-0.399000,0.076000,1
2.856556,3.854000,-69.725998,-2.080000,134.820999,24.247000,2.401000,148.690002,0.000000,0.000000,0.000000,0.000000,0.000000,0.000000,-0.120000,-562.000000,-1609.000000,83.000000,-2380.000000,39.000000,-434.000000,-35.000000,22.000000,22.000000,22.000000,22.000000,22.000000,22.000000,22.000000,37.000000,37.000000,37.000000,38.000000,39.000000,40.000000,43.000000,1,1,1,1,1,1,1,0,0,0,0,0,0,0,74,5376.549805,836,0,1,0.514999,0.001171,-0.323628,-3.116000,-0.399000,0.076000,1
2.866539,3.409000,-69.691002,-1.462000,134.843994,24.565001,2.345000,148.996002,0.000000,0.000000,0.000000,0.000000,0.000000,0.000000,-0.120000,-562.000000,-1609.000000,83.000000,-2380.000000,39.000000,-434.000000,-35.000000,22.000000,22.000000,22.000000,22.000000,22.000000,22.000000,22.000000,37.000000,37.000000,37.000000,38.000000,39.000000,40.000000,43.000000,1,1,1,1,1,1,1,0,0,0,0,0,0,0,74,5376.549805,837,0,1,0.514999,0.003170,-0.323628,-3.116000,-0.399000,0.076000,1
2.876576,2.962000,-69.658997,-0.843000,134.862000,24.882999,2.295000,149.302994,0.000000,0.000000,0.000000,0.000000,0.000000,0.000000,-0.120000,-562.000000,-1609.000000,83.000000,-2380.000000,39.000000,-434.000000,-35.000000,22.000000,22.000000,22.000000,22.000000,22.000000,22.000000,22.000000,37.000000,37.000000,37.000000,38.000000,39.000000,40.000000,43.000000,1,1,1,1,1,1,1,0,0,0,0,0,0,0,74,5376.549805,837,0,1,0.514999,0.005168,-0.323628,-3.116000,-0.399000,0.076000,1
2.886621,2.511000,-69.632004,-0.223000,134.873001,25.201000,2.251000,149.610992,0.000000,0.000000,0.000000,0.000000,0.000000,0.000000,-0.120000,-562.000000,-1609.000000,83.000000,-2380.000000,39.000000,-434.000000,-35.000000,22.000000,22.000000,22.000000,22.000000,22.000000,22.000000,22.000000,37.000000,37.000000,37.000000,38.000000,39.000000,40.000000,43.000000,1,1,1,1,1,1,1,0,0,0,0,0,0,0,74,5376.550781,837,0,1,0.514998,0.007167,-0.323628,-3.116000,-0.399000,0.076000,1
2.896484,1.967000,-69.605003,0.518000,134.878006,25.583000,2.207000,149.981003,0.000000,0.000000,0.000000,0.000000,0.000000,0.000000,-0.120000,-562.000000,-1609.000000,83.000000,-2380.000000,39.000000,-434.000000,-35.000000,22.000000,22.000000,22.000000,22.000000,22.000000,22.000000,22.000000,37.000000,37.000000,37.000000,38.000000,39.000000,40.000000,43.000000,1,1,1,1,1,1,1,0,0,0,0,0,0,0,74,5376.549805,838,0,1,0.514999,0.009566,-0.323628,-3.116000,-0.399000,0.076000,1
2.906480,1.510000,-69.586998,1.137000,134.876007,25.900999,2.177000,150.289993,0.000000,0.000000,0.000000,0.000000,0.000000,0.000000,-0.120000,-562.000000,-1609.000000,83.000000,-2380.000000,39.000000,-434.000000,-35.000000,22.000000,22.000000,22.000000,22.000000,22.000000,22.000000,22.000000,37.000000,37.000000,37.000000,38.000000,39.000000,40.000000,43.000000,1,1,1,1,1,1,1,0,0,0,0,0,0,0,74,5376.550781,836,0,1,0.514999,0.011564,-0.323628,-3.116000,-0.399000,0.076000,1
2.916484,1.051000,-69.573997,1.754000,134.867996,26.219000,2.154000,150.600006,0.000000,0.000000,0.000000,0.000000,0.000000,0.000000,-0.120000,-562.000000,-1609.000000,83.000000,-2380.000000,39.000000,-434.000000,-35.000000,22.000000,22.000000,22.000000,22.000000,22.000000,22.000000,22.000000,37.000000,37.000000,37.000000,38.000000,39.000000,40.000000,43.000000,1,1,1,1,1,1,1,0,0,0,0,0,0,0,74,5376.550781,836,0,1,0.514999,0.013562,-0.323628,-3.116000,-0.399000,0.076000,1
2.926528,0.776000,-69.568001,2.122000,134.860992,26.409000,2.142000,150.785004,0.000000,0.000000,0.000000,0.000000,0.000000,0.000000,-0.120000,-562.000000,-1609.000000,83.000000,-2380.000000,39.000000,-434.000000,-35.000000,22.000000,22.000000,22.000000,22.000000,22.000000,22.000000,22.000000,37.000000,37.000000,37.000000,38.000000,39.000000,40.000000,43.000000,1,1,1,1,1,1,1,0,0,0,0,0,0,0,74,5376.550781,837,0,1,0.514999,0.014755,-0.323628,-3.116000,-0.399000,0.076000,1
2.936510,0.322000,-69.563004,2.726000,134.843994,26.721001,2.129000,151.089005,0.000000,0.000000,0.000000,0.000000,0.000000,0.000000,-0.120000,-562.000000,-1609.000000,83.000000,-2380.000000,39.000000,-434.000000,-35.000000,22.000000,22.000000,22.000000,22.000000,22.000000,22.000000,22.000000,37.000000,37.000000,37.000000,38.000000,39.000000,40.000000,43.000000,1,1,1,1,1,1,1,0,0,0,0,0,0,0,74,5376.550781,837,0,1,0.514999,0.016716,-0.323628,-3.116000,-0.399000,0.076000,1
2.946474,-0.121000,-69.560997,3.313000,134.820999,27.024000,2.122000,151.384995,0.000000,0.000000,0.000000,0.000000,0.000000,0.000000,-0.120000,-562.000000,-1609.000000,83.000000,-2380.000000,39.000000,-434.000000,-35.000000,22.000000,22.000000,22.000000,22.000000,22.000000,22.000000,22.000000,37.000000,37.000000,37.000000,38.000000,39.000000,40.000000,43.000000,1,1,1,1,1,1,1,0,0,0,0,0,0,0,74,5376.549805,837,0,1,0.514999,0.018622,-0.323628,-3.116000,-0.399000,0.076000,1
2.956479,-0.549000,-69.564003,3.873000,134.794998,27.313999,2.121000,151.667999,0.000000,0.000000,0.000000,0.000000,0.000000,0.000000,-0.120000,-562.000000,-1609.000000,83.000000,-2380.000000,39.000000,-434.000000,-35.000000,22.000000,22.000000,22.000000,22.000000,22.000000,22.000000,22.000000,37.000000,37.000000,37.000000,38.000000,39.000000,40.000000,43.000000,1,1,1,1,1,1,1,0,0,0,0,0,0,0,74,5376.550781,837,0,1,0.514999,0.020449,-0.323628,-3.116000,-0.399000,0.076000,1
2.966479,-1.034000,-69.570999,4.504000,134.759003,27.641001,2.127000,151.988007,0.000000,0.000000,0.000000,0.000000,0.000000,0.000000,-0.120000,-562.000000,-1609.000000,83.000000,-2380.000000,39.000000,-434.000000,-35.000000,22.000000,22.000000,22.000000,22.000000,22.000000,22.000000,22.000000,37.000000,37.000000,37.000000,38.000000,39.000000,40.000000,43.000000,1,1,1,1,1,1,1,0,0,0,0,0,0,0,74,5376.549805,836,0,1,0.514999,0.022510,-0.323628,-3.116000,-0.399000,0.076000,1
2.976489,-1.408000,-69.581001,4.987000,134.727005,27.893999,2.136000,152.233002,0.000000,0.000000,0.000000,0.000000,0.000000,0.000000,-0.120000,-562.000000,-1609.000000,83.000000,-2380.000000,39.000000,-434.000000,-35.000000,22.000000,22.000000,22.000000,22.000000,22.000000,22.000000,22.000000,37.000000,37.000000,37.000000,38.000000,39.000000,40.000000,43.000000,1,1,1,1,1,1,1,0,0,0,0,0,0,0,74,5376.550781,837,0,1,0.514999,0.024094,-0.323628,-3.116000,-0.399000,0.076000,1
2.986611,-1.751000,-69.592003,5.428000,134.695007,28.124001,2.147000,152.457001,0.000000,0.000000,0.000000,0.000000,0.000000,0.000000,-0.120000,-562.000000,-1609.000000,83.000000,-2380.000000,39.000000,-434.000000,-35.000000,22.000000,22.000000,22.000000,22.000000,22.000000,22.000000,22.000000,37.000000,37.000000,37.000000,38.000000,39.000000,40.000000,43.000000,1,1,1,1,1,1,1,0,0,0,0,0,0,0,74,5376.549805,837,0,1,0.514999,0.025542,-0.323628,-3.116000,-0.399000,0.076000,1
2.996759,-2.118000,-69.607002,5.895000,134.656998,28.370001,2.164000,152.694000,0.000000,0.000000,0.000000,0.000000,0.000000,0.000000,-0.120000,-562.000000,-1609.000000,83.000000,-2380.000000,39.000000,-434.000000,-35.000000,22.000000,22.000000,22.000000,22.000000,22.000000,22.000000,22.000000,37.000000,37.000000,37.000000,38.000000,39.000000,40.000000,43.000000,1,1,1,1,1,1,1,0,0,0,0,0,0,0,74,5376.551758,836,0,1,0.514999,0.027084,-0.323628,-3.116000,-0.399000,0.076000,1
3.006540,-2.384000,-69.619003,6.232000,134.626999,28.549000,2.178000,152.863998,0.000000,0.000000,0.000000,0.000000,0.000000,0.000000,-0.120000,-562.000000,-1609.000000,83.000000,-2380.000000,39.000000,-434.000000,-35.000000,22.000000,22.000000,22.000000,22.000000,22.000000,22.000000,22.000000,37.000000,37.000000,37.000000,38.000000,39.000000,40.000000,43.000000,1,1,1,1,1,1,1,0,0,0,0,0,0,0,74,5376.549805,837,0,1,0.514999,0.028198,-0.323628,-3.116000,-0.399000,0.076000,1
3.016475,-2.612000,-69.630997,6.520000,134.600998,28.702000,2.192000,153.009995,0.000000,0.000000,0.000000,0.000000,0.000000,0.000000,-0.120000,-562.000000,-1609.000000,83.000000,-2380.000000,39.000000,-434.000000,-35.000000,22.000000,22.000000,22.000000,22.000000,22.000000,22.000000,22.000000,37.000000,37.000000,37.000000,38.000000,39.000000,40.000000,43.000000,1,1,1,1,1,1,1,0,0,0,0,0,0,0,74,5376.549805,836,0,1,0.514999,0.029152,-0.323628,-3.116000,-0.399000,0.076000,1
3.026519,-2.731000,-69.638000,6.669000,134.585999,28.783001,2.200000,153.085007,0.000000,0.000000,0.000000,0.000000,0.000000,0.000000,-0.120000,-562.000000,-1609.000000,83.000000,-2380.000000,39.000000,-434.000000,-35.000000,22.000000,22.000000,22.000000,22.000000,22.000000,22.000000,22.000000,37.000000,37.000000,37.000000,38.000000,39.000000,40.000000,43.000000,1,1,1,1,1,1,1,0,0,0,0,0,0,0,74,5376.549805,836,0,1,0.514999,0.029648,-0.323628,-3.116000,-0.399000,0.076000,1
3.036638,-2.899000,-69.648003,6.881000,134.565002,28.896999,2.212000,153.190002,0.000000,0.000000,0.000000,0.000000,0.000000,0.000000,-0.120000,-562.000000,-1609.000000,83.000000,-2380.000000,39.000000,-434.000000,-35.000000,22.000000,22.000000,22.000000,22.000000,22.000000,22.000000,22.000000,37.000000,37.000000,37.000000,38.000000,39.000000,40.000000,43.000000,1,1,1,1,1,1,1,0,0,0,0,0,0,0,74,5376.549805,837,0,1,0.514999,0.030351,-0.323628,-3.116000,-0.399000,0.076000,1
3.046484,-3.033000,-69.655998,7.048000,134.548004,28.989000,2.222000,153.270996,0.000000,0.000000,0.000000,0.000000,0.000000,0.000000,-0.120000,-562.000000,-1609.000000,83.000000,-2380.000000,39.000000,-434.000000,-35.000000,22.000000,22.000000,22.000000,22.000000,22.000000,22.000000,22.000000,37.000000,37.000000,37.000000,38.000000,39.000000,40.000000,43.000000,1,1,1,1,1,1,1,0,0,0,0,0,0,0,74,5376.549805,837,0,1,0.514999,0.030906,-0.323628,-3.116000,-0.399000,0.076000,1
3.056537,-3.134000,-69.663002,7.173000,134.533997,29.059999,2.230000,153.330994,0.000000,0.000000,0.000000,0.000000,0.000000,0.000000,-0.120000,-562.000000,-1609.000000,83.000000,-2380.000000,39.000000,-434.000000,-35.000000,22.000000,22.000000,22.000000,22.000000,22.000000,22.000000,22.000000,37.000000,37.000000,37.000000,38.000000,39.000000,40.000000,43.000000,1,1,1,1,1,1,1,0,0,0,0,0,0,0,74,5376.550781,836,0,1,0.515000,0.031326,-0.323627,-3.116000,-0.400000,0.076000,1
3.066481,-3.217000,-69.667999,7.276000,134.522995,29.121000,2.237000,153.378006,0.000000,0.000000,0.000000,0.000000,0.000000,0.000000,-0.120000,-562.000000,-1609.000000,83.000000,-2380.000000,39.000000,-434.000000,-35.000000,22.000000,22.000000,22.000000,22.000000,22.000000,22.000000,22.000000,37.000000,37.000000,37.000000,38.000000,39.000000,40.000000,43.000000,1,1,1,1,1,1,1,0,0,0,0,0,0,0,74,5376.549805,837,0,1,0.514999,0.031670,-0.323628,-3.116000,-0.399000,0.076000,1
3.076516,-3.259000,-69.670998,7.329000,134.518005,29.155001,2.241000,153.399002,0.000000,0.000000,0.000000,0.000000,0.000000,0.000000,-0.120000,-562.000000,-1609.000000,83.000000,-2380.000000,39.000000,-434.000000,-35.000000,22.000000,22.000000,22.000000,22.000000,22.000000,22.000000,22.000000,37.000000,37.000000,37.000000,38.000000,39.000000,40.000000,43.000000,1,1,1,1,1,1,1,0,0,0,0,0,0,0,74,5376.550781,837,0,1,0.515000,0.031846,-0.323627,-3.117000,-0.399000,0.076000,1
3.086575,-3.283000,-69.672997,7.358000,134.514008,29.177000,2.243000,153.408005,0.000000,0.000000,0.000000,0.000000,0.000000,0.000000,-0.120000,-562.000000,-1609.000000,83.000000,-2380.000000,39.000000,-434.000000,-35.000000,22.000000,22.000000,22.000000,22.000000,22.000000,22.000000,22.000000,37.000000,37.000000,37.000000,38.000000,39.000000,40.000000,43.000000,1,1,1,1,1,1,1,0,0,0,0,0,0,0,74,5376.550781,837,0,1,0.514999,0.031944,-0.323628,-3.116000,-0.399000,0.076000,1
3.096698,-3.294000,-69.674004,7.371000,134.513000,29.190001,2.244000,153.408005,0.000000,0.000000,0.000000,0.000000,0.000000,0.000000,-0.120000,-562.000000,-1609.000000,83.000000,-2380.000000,39.000000,-434.000000,-35.000000,22.000000,22.000000,22.000000,22.000000,22.000000,22.000000,22.000000,37.000000,37.000000,37.000000,38.000000,39.000000,40.000000,43.000000,1,1,1,1,1,1,1,0,0,0,0,0,0,0,74,5376.550781,836,0,1,0.515000,0.031986,-0.323628,-3.116000,-0.400000,0.076000,1
3.106488,-3.296000,-69.674004,7.374000,134.513000,29.195999,2.244000,153.406006,0.000000,0.000000,0.000000,0.000000,0.000000,0.000000,-0.120000,-562.000000,-1609.000000,83.000000,-2380.000000,39.000000,-434.000000,-35.000000,22.000000,22.000000,22.000000,22.000000,22.000000,22.000000,22.000000,37.000000,37.000000,37.000000,38.000000,39.000000,40.000000,43.000000,1,1,1,1,1,1,1,0,0,0,0,0,0,0,74,5376.550781,835,0,1,0.514999,0.031996,-0.323628,-3.117000,-0.399000,0.076000,1
3.116459,-3.297000,-69.674004,7.375000,134.513000,29.200001,2.244000,153.401993,0.000000,0.000000,0.000000,0.000000,0.000000,0.000000,0.000000,-486.000000,-1549.000000,11.000000,-2279.000000,28.000000,-440.000000,-11.000000,22.000000,22.000000,22.000000,22.000000,22.000000,22.000000,22.000000,37.000000,37.000000,37.000000,38.000000,39.000000,40.000000,43.000000,1,1,1,1,1,1,1,0,0,0,0,0,0,0,74,5376.549805,837,0,1,0.515000,0.031999,-0.323627,-3.116000,-0.400000,0.076000,0
3.126497,-3.297000,-69.674004,7.375000,134.513000,29.200001,2.244000,153.401993,0.000000,0.000000,0.000000,0.000000,0.000000,0.000000,0.000000,-486.000000,-1552.000000,8.000000,-2287.000000,32.000000,-433.000000,-2.000000,22.000000,22.000000,22.000000,22.000000,22.000000,22.000000,22.000000,37.000000,37.000000,37.000000,38.000000,39.000000,40.000000,43.000000,1,1,1,1,1,1,1,0,0,0,0,0,0,0,74,5376.550781,836,0,1,0.515000,0.031999,-0.323627,-3.116000,-0.400000,0.076000,0
3.136520,-3.297000,-69.674004,7.375000,134.513000,29.200001,2.244000,153.401993,0.000000,0.000000,0.000000,0.000000,0.000000,0.000000,0.000000,-490.000000,-1551.000000,9.000000,-2303.000000,20.000000,-446.000000,-13.000000,22.000000,22.000000,22.000000,22.000000,22.000000,22.000000,22.000000,37.000000,37.000000,37.000000,38.000000,39.000000,40.000000,43.000000,1,1,1,1,1,1,1,0,0,0,0,0,0,0,74,5376.549805,838,0,1,0.515000,0.031999,-0.323627,-3.116000,-0.400000,0.076000,0
3.146583,-3.297000,-69.674004,7.375000,134.513000,29.200001,2.244000,153.401993,0.000000,-0.120000,0.000000,0.000000,0.000000,0.000000,0.000000,-498.000000,-1539.000000,-17.000000,-2302.000000,25.000000,-438.000000,-13.000000,22.000000,22.000000,22.000000,22.000000,22.000000,22.000000,22.000000,37.000000,37.000000,37.000000,38.000000,39.000000,40.000000,43.000000,1,1,1,1,1,1,1,0,0,0,0,0,0,0,74,5376.549805,837,0,1,0.515000,0.031999,-0.323627,-3.116000,-0.400000,0.076000,0
3.156561,-3.297000,-69.674004,7.375000,134.513000,29.200001,2.244000,153.401993,0.000000,0.000000,0.000000,0.000000,0.000000,0.000000,0.240000,-485.000000,-1542.000000,7.000000,-2292.000000,29.000000,-442.000000,-8.000000,22.000000,22.000000,22.000000,22.000000,22.000000,22.000000,22.000000,37.000000,37.000000,37.000000,38.000000,39.000000,40.000000,43.000000,1,1,1,1,1,1,1,0,0,0,0,0,0,0,74,5376.549805,836,0,1,0.515000,0.031999,-0.323627,-3.116000,-0.400000,0.076000,0
3.166545,-3.297000,-69.674004,7.375000,134.513000,29.200001,2.244000,153.401993,0.000000,0.000000,0.000000,0.000000,0.000000,0.000000,0.000000,-487.000000,-1539.000000,-8.000000,-2280.000000,28.000000,-438.000000,-8.000000,22.000000,22.000000,22.000000,22.000000,22.000000,22.000000,22.000000,37.000000,37.000000,37.000000,38.000000,39.000000,40.000000,43.000000,1,1,1,1,1,1,1,0,0,0,0,0,0,0,74,5376.549805,836,0,1,0.515000,0.031999,-0.323627,-3.116000,-0.400000,0.076000,0
3.176550,-3.297000,-69.674004,7.375000,134.513000,29.200001,2.244000,153.401993,0.000000,0.000000,0.000000,0.000000,0.000000,0.000000,0.000000,-486.000000,-1538.000000,0.000000,-2258.000000,31.000000,-443.000000,1.000000,22.000000,22.000000,22.000000,22.000000,22.000000,22.000000,22.000000,37.000000,37.000000,37.000000,38.000000,39.000000,40.000000,43.000000,1,1,1,1,1,1,1,0,0,0,0,0,0,0,74,5376.550781,837,0,1,0.515000,0.031999,-0.323627,-3.116000,-0.400000,0.076000,0
3.186539,-3.297000,-69.674004,7.375000,134.513000,29.200001,2.244000,153.401993,0.000000,0.000000,0.000000,0.000000,0.000000,0.000000,-0.120000,-495.000000,-1536.000000,2.000000,-2278.000000,36.000000,-443.000000,-26.000000,22.000000,22.000000,22.000000,22.000000,22.000000,22.000000,22.000000,37.000000,37.000000,37.000000,38.000000,39.000000,40.000000,43.000000,1,1,1,1,1,1,1,0,0,0,0,0,0,0,74,5376.550781,836,0,1,0.515000,0.031999,-0.323627,-3.116000,-0.400000,0.076000,0
3.196551,-3.297000,-69.674004,7.375000,134.513000,29.200001,2.244000,153.401993,0.000000,0.000000,0.000000,0.000000,0.000000,0.000000,0.000000,-491.000000,-1529.000000,-2.000000,-2285.000000,32.000000,-446.000000,-6.000000,22.000000,22.000000,22.000000,22.000000,22.000000,22.000000,22.000000,37.000000,37.000000,37.000000,38.000000,39.000000,40.000000,43.000000,1,1,1,1,1,1,1,0,0,0,0,0,0,0,74,5376.550781,836,0,1,0.515000,0.031999,-0.323627,-3.116000,-0.400000,0.076000,0
3.206569,-3.297000,-69.674004,7.375000,134.513000,29.200001,2.244000,153.401993,0.120000,0.000000,0.000000,0.000000,0.000000,0.000000,0.000000,-482.000000,-1541.000000,3.000000,-2298.000000,32.000000,-445.000000,-3.000000,22.000000,22.000000,22.000000,22.000000,22.000000,22.000000,22.000000,37.000000,37.000000,37.000000,38.000000,39.000000,40.000000,43.000000,1,1,1,1,1,1,1,0,0,0,0,0,0,0,74,5376.550781,837,0,1,0.515000,0.031999,-0.323627,-3.116000,-0.400000,0.076000,0
3.216741,-3.297000,-69.674004,7.375000,134.513000,29.200001,2.244000,153.401993,0.000000,0.000000,0.000000,0.000000,0.000000,0.000000,0.000000,-490.000000,-1538.000000,-10.000000,-2294.000000,31.000000,-443.000000,-5.000000,22.000000,22.000000,22.000000,22.000000,22.000000,22.000000,22.000000,37.000000,37.000000,37.000000,38.000000,39.000000,40.000000,43.000000,1,1,1,1,1,1,1,0,0,0,0,0,0,0,74,5376.549805,838,0,1,0.515000,0.031999,-0.323627,-3.116000,-0.400000,0.076000,0
3.226597,-3.297000,-69.674004,7.375000,134.513000,29.200001,2.244000,153.401993,0.000000,0.000000,0.000000,0.000000,0.000000,0.000000,0.000000,-492.000000,-1536.000000,-5.000000,-2294.000000,31.000000,-445.000000,-4.000000,22.000000,22.000000,22.000000,22.000000,22.000000,22.000000,22.000000,37.000000,37.000000,37.000000,38.000000,39.000000,40.000000,43.000000,1,1,1,1,1,1,1,0,0,0,0,0,0,0,74,5376.549805,836,0,1,0.515000,0.031999,-0.323627,-3.116000,-0.400000,0.076000,0
3.236568,-3.297000,-69.674004,7.375000,134.513000,29.200001,2.244000,153.401993,0.000000,-0.120000,0.000000,0.000000,0.000000,0.000000,0.120000,-492.000000,-1536.000000,4.000000,-2295.000000,33.000000,-447.000000,-17.000000,22.000000,22.000000,22.000000,22.000000,22.000000,22.000000,22.000000,37.000000,37.000000,37.000000,38.000000,39.000000,40.000000,43.000000,1,1,1,1,1,1,1,0,0,0,0,0,0,0,74,5376.549805,837,0,1,0.515000,0.031999,-0.323627,-3.116000,-0.400000,0.076000,0
3.246516,-3.297000,-69.674004,7.375000,134.513000,29.200001,2.244000,153.401993,0.000000,0.000000,0.000000,0.000000,0.000000,0.000000,0.000000,-495.000000,-1523.000000,11.000000,-2289.000000,32.000000,-437.000000,-12.000000,22.000000,22.000000,22.000000,22.000000,22.000000,22.000000,22.000000,37.000000,37.000000,37.000000,38.000000,39.000000,40.000000,43.000000,1,1,1,1,1,1,1,0,0,0,0,0,0,0,74,5376.551758,837,0,1,0.515000,0.031999,-0.323627,-3.116000,-0.400000,0.076000,0
3.256698,-3.297000,-69.674004,7.375000,134.513000,29.200001,2.244000,153.401993,0.000000,0.000000,0.000000,0.000000,0.000000,0.000000,0.000000,-478.000000,-1528.000000,28.000000,-2297.000000,31.000000,-442.000000,-7.000000,22.000000,22.000000,22.000000,22.000000,22.000000,22.000000,22.000000,37.000000,37.000000,37.000000,38.000000,39.000000,40.000000,43.000000,1,1,1,1,1,1,1,0,0,0,0,0,0,0,74,5376.549805,835,0,1,0.515000,0.031999,-0.323627,-3.116000,-0.400000,0.076000,0
3.266590,-3.297000,-69.674004,7.375000,134.513000,29.200001,2.244000,153.401993,0.000000,0.000000,0.000000,0.000000,0.000000,0.000000,0.000000,-485.000000,-1524.000000,11.000000,-2286.000000,32.000000,-447.000000,-17.000000,22.000000,22.000000,22.000000,22.000000,22.000000,22.000000,22.000000,37.000000,37.000000,37.000000,38.000000,39.000000,40.000000,43.000000,1,1,1,1,1,1,1,0,0,0,0,0,0,0,74,5376.549805,836,0,1,0.515000,0.031999,-0.323627,-3.116000,-0.400000,0.076000,0
3.276597,-3.297000,-69.674004,7.375000,134.513000,29.200001,2.244000,153.401993,0.000000,0.000000,0.000000,0.000000,0.000000,0.000000,0.120000,-484.000000,-1523.000000,-10.000000,-2283.000000,32.000000,-438.000000,-10.000000,22.000000,22.000000,22.000000,22.000000,22.000000,22.000000,22.000000,37.000000,37.000000,37.000000,38.000000,39.000000,40.000000,43.000000,1,1,1,1,1,1,1,0,0,0,0,0,0,0,74,5376.549805,837,0,1,0.515000,0.031999,-0.323627,-3.116000,-0.400000,0.076000,0
3.286658,-3.297000,-69.674004,7.375000,134.513000,29.200001,2.244000,153.401993,0.000000,0.000000,0.000000,0.000000,0.000000,0.000000,0.000000,-482.000000,-1525.000000,10.000000,-2298.000000,32.000000,-438.000000,-7.000000,22.000000,22.000000,22.000000,22.000000,22.000000,22.000000,22.000000,37.000000,37.000000,37.000000,38.000000,39.000000,40.000000,43.000000,1,1,1,1,1,1,1,0,0,0,0,0,0,0,74,5376.550781,836,0,1,0.515000,0.031999,-0.323627,-3.116000,-0.400000,0.076000,0
3.296544,-3.297000,-69.674004,7.375000,134.513000,29.200001,2.244000,153.401993,0.000000,0.000000,0.000000,0.000000,0.000000,0.000000,0.000000,-485.000000,-1528.000000,-4.000000,-2297.000000,31.000000,-439.000000,-15.000000,22.000000,22.000000,22.000000,22.000000,22.000000,22.000000,22.000000,37.000000,37.000000,37.000000,38.000000,39.000000,40.000000,43.000000,1,1,1,1,1,1,1,0,0,0,0,0,0,0,74,5376.549805,836,0,1,0.515000,0.031999,-0.323627,-3.116000,-0.400000,0.076000,0
3.306537,-3.297000,-69.674004,7.375000,134.513000,29.200001,2.244000,153.401993,0.000000,0.000000,0.000000,0.000000,0.000000,0.000000,0.000000,-485.000000,-1522.000000,12.000000,-2285.000000,30.000000,-440.000000,3.000000,22.000000,22.000000,22.000000,22.000000,22.000000,22.000000,22.000000,37.000000,37.000000,37.000000,38.000000,39.000000,40.000000,43.000000,1,1,1,1,1,1,1,0,0,0,0,0,0,0,74,5376.549805,836,0,1,0.515000,0.031999,-0.323627,-3.116000,-0.400000,0.076000,0
3.316542,-3.297000,-69.674004,7.375000,134.513000,29.200001,2.244000,153.401993,0.000000,0.000000,0.000000,0.000000,0.000000,0.000000,0.000000,-485.000000,-1520.000000,18.000000,-2281.000000,32.000000,-438.000000,-12.000000,22.000000,22.000000,22.000000,22.000000,22.000000,22.000000,22.000000,37.000000,37.000000,37.000000,38.000000,39.000000,40.000000,43.000000,1,1,1,1,1,1,1,0,0,0,0,0,0,0,74,5376.549805,836,0,1,0.515000,0.031999,-0.323627,-3.116000,-0.400000,0.076000,0
3.326572,-3.297000,-69.674004,7.375000,134.513000,29.200001,2.244000,153.401993,0.000000,0.000000,0.000000,0.000000,0.000000,0.000000,0.000000,-484.000000,-1507.000000,25.000000,-2283.000000,33.000000,-436.000000,-7.000000,22.000000,22.000000,22.000000,22.000000,22.000000,22.000000,22.000000,37.000000,37.000000,37.000000,38.000000,39.000000,40.000000,43.000000,1,1,1,1,1,1,1,0,0,0,0,0,0,0,74,5376.550781,837,0,1,0.515000,0.031999,-0.323627,-3.116000,-0.400000,0.076000,0
3.336692,-3.297000,-69.674004,7.375000,134.513000,29.200001,2.244000,153.401993,0.000000,0.000000,0.000000,0.000000,0.000000,0.000000,0.000000,-485.000000,-1519.000000,11.000000,-2295.000000,39.000000,-441.000000,-13.000000,22.000000,22.000000,22.000000,22.000000,22.000000,22.000000,22.000000,37.000000,37.000000,37.000000,38.000000,39.000000,40.000000,43.000000,1,1,1,1,1,1,1,0,0,0,0,0,0,0,74,5376.549805,838,0,1,0.515000,0.031999,-0.323627,-3.116000,-0.400000,0.076000,0
