t_mono,position1,position2,position3,position4,position5,position6,position7,speed1,speed2,speed3,speed4,speed5,speed6,speed7,current1,current2,current3,current4,current5,current6,current7,voltage1,voltage2,voltage3,voltage4,voltage5,voltage6,voltage7,temperature1,temperature2,temperature3,temperature4,temperature5,temperature6,temperature7,en1,en2,en3,en4,en5,en6,en7,err1,err2,err3,err4,err5,err6,err7,lift_height,lift_pos,lift_current,lift_err,lift_en,tcp_x,tcp_y,tcp_z,tcp_rx,tcp_ry,tcp_rz,arm_status
0.286133,-3.407000,-69.686996,7.337000,134.511993,31.957001,2.309000,150.664001,0.000000,0.000000,0.000000,0.000000,0.000000,0.000000,0.000000,-176.000000,-1021.000000,410.000000,-1440.000000,-206.000000,-243.000000,-63.000000,22.000000,22.000000,22.000000,22.000000,22.000000,22.000000,22.000000,29.000000,29.000000,30.000000,31.000000,31.000000,31.000000,31.000000,1,1,1,1,1,1,1,0,0,0,0,0,0,0,74,5376.198242,719,0,1,0.515000,0.032000,-0.323627,-3.117000,-0.399000,0.077000,0
0.296013,-3.407000,-69.686996,7.337000,134.511993,31.957001,2.309000,150.664001,0.000000,0.000000,0.000000,0.000000,0.000000,0.000000,0.240000,-177.000000,-1023.000000,408.000000,-1453.000000,-204.000000,-248.000000,-60.000000,22.000000,22.000000,22.000000,22.000000,22.000000,22.000000,22.000000,29.000000,29.000000,30.000000,31.000000,31.000000,31.000000,31.000000,1,1,1,1,1,1,1,0,0,0,0,0,0,0,74,5376.198242,717,0,1,0.515000,0.032000,-0.323627,-3.117000,-0.399000,0.077000,0
0.306893,-3.407000,-69.686996,7.337000,134.511993,31.957001,2.309000,150.664001,0.000000,0.000000,0.000000,0.000000,0.000000,0.000000,0.000000,-180.000000,-1025.000000,439.000000,-1427.000000,-213.000000,-241.000000,-57.000000,22.000000,22.000000,22.000000,22.000000,22.000000,22.000000,22.000000,29.000000,29.000000,30.000000,31.000000,31.000000,31.000000,31.000000,1,1,1,1,1,1,1,0,0,0,0,0,0,0,74,5376.198242,717,0,1,0.515000,0.032000,-0.323627,-3.117000,-0.399000,0.077000,0
0.316931,-3.407000,-69.686996,7.337000,134.511993,31.957001,2.309000,150.664001,0.000000,0.000000,0.000000,0.000000,0.000000,0.000000,0.000000,-184.000000,-1023.000000,410.000000,-1422.000000,-211.000000,-244.000000,-55.000000,22.000000,22.000000,22.000000,22.000000,22.000000,22.000000,22.000000,29.000000,29.000000,30.000000,31.000000,31.000000,31.000000,31.000000,1,1,1,1,1,1,1,0,0,0,0,0,0,0,74,5376.198242,717,0,1,0.515000,0.032000,-0.323627,-3.117000,-0.399000,0.077000,0
0.327117,-3.407000,-69.686996,7.337000,134.511993,31.957001,2.309000,150.664001,0.000000,0.000000,0.000000,0.000000,0.000000,0.000000,0.240000,-180.000000,-1024.000000,420.000000,-1449.000000,-212.000000,-239.000000,-55.000000,22.000000,22.000000,22.000000,22.000000,22.000000,22.000000,22.000000,29.000000,29.000000,30.000000,31.000000,31.000000,31.000000,31.000000,1,1,1,1,1,1,1,0,0,0,0,0,0,0,74,5376.198242,718,0,1,0.515000,0.032000,-0.323627,-3.117000,-0.399000,0.077000,0
0.337963,-3.407000,-69.686996,7.337000,134.511993,31.957001,2.309000,150.664001,0.000000,0.000000,0.000000,0.000000,0.000000,0.000000,-0.120000,-183.000000,-1023.000000,426.000000,-1446.000000,-213.000000,-240.000000,-58.000000,22.000000,22.000000,22.000000,22.000000,22.000000,22.000000,22.000000,29.000000,29.000000,30.000000,31.000000,31.000000,31.000000,31.000000,1,1,1,1,1,1,1,0,0,0,0,0,0,0,74,5376.199219,718,0,1,0.515000,0.032000,-0.323627,-3.117000,-0.399000,0.077000,0
0.347927,-3.401000,-69.686996,7.330000,134.513000,31.964001,2.308000,150.651001,0.000000,0.000000,0.000000,0.000000,0.000000,0.000000,0.000000,-179.000000,-1021.000000,424.000000,-1419.000000,-206.000000,-244.000000,-48.000000,22.000000,22.000000,22.000000,22.000000,22.000000,22.000000,22.000000,29.000000,29.000000,30.000000,31.000000,31.000000,31.000000,31.000000,1,1,1,1,1,1,1,0,0,0,0,0,0,0,74,5376.198242,716,0,1,0.515000,0.031976,-0.323627,-3.117000,-0.399000,0.077000,1
0.357889,-3.376000,-69.684998,7.298000,134.516998,31.955000,2.306000,150.626007,0.000000,0.000000,0.000000,0.000000,0.000000,0.000000,0.000000,-179.000000,-1021.000000,424.000000,-1419.000000,-206.000000,-244.000000,-48.000000,22.000000,22.000000,22.000000,22.000000,22.000000,22.000000,22.000000,29.000000,29.000000,30.000000,31.000000,31.000000,31.000000,31.000000,1,1,1,1,1,1,1,0,0,0,0,0,0,0,74,5376.198242,717,0,1,0.515000,0.031870,-0.323628,-3.117000,-0.399000,0.076000,1
0.367866,-3.349000,-69.682999,7.264000,134.520004,31.941999,2.304000,150.604004,0.000000,0.000000,0.000000,0.000000,0.000000,0.000000,0.000000,-179.000000,-1021.000000,424.000000,-1419.000000,-206.000000,-244.000000,-48.000000,22.000000,22.000000,22.000000,22.000000,22.000000,22.000000,22.000000,29.000000,29.000000,30.000000,31.000000,31.000000,31.000000,31.000000,1,1,1,1,1,1,1,0,0,0,0,0,0,0,74,5376.196777,718,0,1,0.515000,0.031756,-0.323627,-3.116000,-0.399000,0.077000,1
0.377897,-3.277000,-69.678001,7.175000,134.529999,31.903999,2.298000,150.548996,0.000000,0.000000,0.000000,0.000000,0.000000,0.000000,0.000000,-179.000000,-1021.000000,424.000000,-1419.000000,-206.000000,-244.000000,-48.000000,22.000000,22.000000,22.000000,22.000000,22.000000,22.000000,22.000000,29.000000,29.000000,30.000000,31.000000,31.000000,31.000000,31.000000,1,1,1,1,1,1,1,0,0,0,0,0,0,0,74,5376.199219,715,0,1,0.515000,0.031458,-0.323627,-3.117000,-0.400000,0.077000,1
0.387936,-3.156000,-69.669998,7.024000,134.546005,31.834999,2.288000,150.460007,0.000000,0.000000,0.000000,0.000000,0.000000,0.000000,0.000000,-179.000000,-1021.000000,424.000000,-1419.000000,-206.000000,-244.000000,-48.000000,22.000000,22.000000,22.000000,22.000000,22.000000,22.000000,22.000000,29.000000,29.000000,30.000000,31.000000,31.000000,31.000000,31.000000,1,1,1,1,1,1,1,0,0,0,0,0,0,0,74,5376.198242,719,0,1,0.515000,0.030953,-0.323627,-3.117000,-0.399000,0.077000,1
0.397866,-3.005000,-69.660004,6.836000,134.565994,31.746000,2.277000,150.352005,0.000000,0.000000,0.000000,0.000000,0.000000,0.000000,0.000000,-179.000000,-1021.000000,424.000000,-1419.000000,-206.000000,-244.000000,-48.000000,22.000000,22.000000,22.000000,22.000000,22.000000,22.000000,22.000000,29.000000,29.000000,30.000000,31.000000,31.000000,31.000000,31.000000,1,1,1,1,1,1,1,0,0,0,0,0,0,0,74,5376.198242,712,0,1,0.515000,0.030327,-0.323627,-3.117000,-0.399000,0.077000,1
0.407891,-2.800000,-69.648003,6.579000,134.591003,31.624001,2.262000,150.207001,0.000000,0.000000,0.000000,0.000000,0.000000,0.000000,0.000000,-179.000000,-1021.000000,424.000000,-1419.000000,-206.000000,-244.000000,-48.000000,22.000000,22.000000,22.000000,22.000000,22.000000,22.000000,22.000000,29.000000,29.000000,30.000000,31.000000,31.000000,31.000000,31.000000,1,1,1,1,1,1,1,0,0,0,0,0,0,0,74,5376.199219,723,0,1,0.515000,0.029473,-0.323627,-3.117000,-0.399000,0.077000,1
0.417895,-2.563000,-69.634003,6.280000,134.619995,31.481001,2.247000,150.039993,0.000000,0.000000,0.000000,0.000000,0.000000,0.000000,0.000000,-179.000000,-1021.000000,424.000000,-1419.000000,-206.000000,-244.000000,-48.000000,22.000000,22.000000,22.000000,22.000000,22.000000,22.000000,22.000000,29.000000,29.000000,30.000000,31.000000,31.000000,31.000000,31.000000,1,1,1,1,1,1,1,0,0,0,0,0,0,0,74,5376.198242,718,0,1,0.515000,0.028481,-0.323628,-3.117000,-0.399000,0.077000,1
0.427904,-2.330000,-69.622002,5.985000,134.645996,31.339001,2.233000,149.876007,0.000000,0.000000,0.000000,0.000000,0.000000,0.000000,0.000000,-179.000000,-1021.000000,424.000000,-1419.000000,-206.000000,-244.000000,-48.000000,22.000000,22.000000,22.000000,22.000000,22.000000,22.000000,22.000000,29.000000,29.000000,30.000000,31.000000,31.000000,31.000000,31.000000,1,1,1,1,1,1,1,0,0,0,0,0,0,0,74,5376.198242,719,0,1,0.515000,0.027505,-0.323627,-3.117000,-0.399000,0.077000,1
0.437878,-2.068000,-69.610001,5.653000,134.673996,31.180000,2.220000,149.690994,0.000000,0.000000,0.000000,0.000000,0.000000,0.000000,0.000000,-179.000000,-1021.000000,424.000000,-1419.000000,-206.000000,-244.000000,-48.000000,22.000000,22.000000,22.000000,22.000000,22.000000,22.000000,22.000000,29.000000,29.000000,30.000000,31.000000,31.000000,31.000000,31.000000,1,1,1,1,1,1,1,0,0,0,0,0,0,0,74,5376.196777,718,0,1,0.515000,0.026407,-0.323628,-3.117000,-0.399000,0.077000,1
0.447962,-1.831000,-69.600998,5.350000,134.697998,31.035999,2.209000,149.522003,0.000000,0.000000,0.000000,0.000000,0.000000,0.000000,0.000000,-179.000000,-1021.000000,424.000000,-1419.000000,-206.000000,-244.000000,-48.000000,22.000000,22.000000,22.000000,22.000000,22.000000,22.000000,22.000000,29.000000,29.000000,30.000000,31.000000,31.000000,31.000000,31.000000,1,1,1,1,1,1,1,0,0,0,0,0,0,0,74,5376.198242,718,0,1,0.515000,0.025409,-0.323628,-3.116000,-0.399000,0.076000,1
0.457900,-1.689000,-69.595001,5.168000,134.712006,30.948999,2.204000,149.421005,0.000000,0.000000,0.000000,0.000000,0.000000,0.000000,0.000000,-179.000000,-1021.000000,424.000000,-1419.000000,-206.000000,-244.000000,-48.000000,22.000000,22.000000,22.000000,22.000000,22.000000,22.000000,22.000000,29.000000,29.000000,30.000000,31.000000,31.000000,31.000000,31.000000,1,1,1,1,1,1,1,0,0,0,0,0,0,0,74,5376.196777,718,0,1,0.514999,0.024810,-0.323628,-3.117000,-0.399000,0.077000,1
0.467889,-1.452000,-69.587997,4.864000,134.733002,30.805000,2.196000,149.251999,0.000000,0.000000,0.000000,0.000000,0.000000,0.000000,0.000000,-179.000000,-1021.000000,424.000000,-1419.000000,-206.000000,-244.000000,-48.000000,22.000000,22.000000,22.000000,22.000000,22.000000,22.000000,22.000000,29.000000,29.000000,30.000000,31.000000,31.000000,31.000000,31.000000,1,1,1,1,1,1,1,0,0,0,0,0,0,0,74,5376.199219,717,0,1,0.514999,0.023811,-0.323628,-3.117000,-0.399000,0.076000,1
0.477912,-1.193000,-69.581001,4.529000,134.755005,30.646000,2.190000,149.065994,0.000000,0.000000,0.000000,0.000000,0.000000,0.000000,0.000000,-179.000000,-1021.000000,424.000000,-1419.000000,-206.000000,-244.000000,-48.000000,22.000000,22.000000,22.000000,22.000000,22.000000,22.000000,22.000000,29.000000,29.000000,30.000000,31.000000,31.000000,31.000000,31.000000,1,1,1,1,1,1,1,0,0,0,0,0,0,0,74,5376.199219,719,0,1,0.514999,0.022713,-0.323627,-3.117000,-0.399000,0.077000,1
0.488018,-0.958000,-69.574997,4.224000,134.774002,30.502001,2.186000,148.895996,0.000000,0.000000,0.000000,0.000000,0.000000,0.000000,0.000000,-179.000000,-1021.000000,424.000000,-1419.000000,-206.000000,-244.000000,-48.000000,22.000000,22.000000,22.000000,22.000000,22.000000,22.000000,22.000000,29.000000,29.000000,30.000000,31.000000,31.000000,31.000000,31.000000,1,1,1,1,1,1,1,0,0,0,0,0,0,0,74,5376.198242,717,0,1,0.515000,0.021715,-0.323628,-3.117000,-0.399000,0.077000,1
0.497882,-0.700000,-69.570999,3.887000,134.792007,30.344000,2.183000,148.710007,0.000000,0.000000,0.000000,0.000000,0.000000,0.000000,0.000000,-179.000000,-1021.000000,424.000000,-1419.000000,-206.000000,-244.000000,-48.000000,22.000000,22.000000,22.000000,22.000000,22.000000,22.000000,22.000000,29.000000,29.000000,30.000000,31.000000,31.000000,31.000000,31.000000,1,1,1,1,1,1,1,0,0,0,0,0,0,0,74,5376.198242,718,0,1,0.515000,0.020616,-0.323628,-3.117000,-0.399000,0.077000,1
0.507849,-0.467000,-69.569000,3.581000,134.807007,30.200001,2.183000,148.539993,0.000000,0.000000,0.000000,0.000000,0.000000,0.000000,0.000000,-179.000000,-1021.000000,424.000000,-1419.000000,-206.000000,-244.000000,-48.000000,22.000000,22.000000,22.000000,22.000000,22.000000,22.000000,22.000000,29.000000,29.000000,30.000000,31.000000,31.000000,31.000000,31.000000,1,1,1,1,1,1,1,0,0,0,0,0,0,0,74,5376.198242,719,0,1,0.514999,0.019618,-0.323628,-3.117000,-0.399000,0.077000,1
0.517894,-0.210000,-69.567001,3.244000,134.822998,30.042000,2.184000,148.352997,0.000000,0.000000,0.000000,0.000000,0.000000,0.000000,0.000000,-179.000000,-1021.000000,424.000000,-1419.000000,-206.000000,-244.000000,-48.000000,22.000000,22.000000,22.000000,22.000000,22.000000,22.000000,22.000000,29.000000,29.000000,30.000000,31.000000,31.000000,31.000000,31.000000,1,1,1,1,1,1,1,0,0,0,0,0,0,0,74,5376.199219,716,0,1,0.515000,0.018520,-0.323628,-3.117000,-0.399000,0.077000,1
0.527976,0.021000,-69.567001,2.937000,134.835007,29.899000,2.187000,148.182007,0.000000,0.000000,0.000000,0.000000,0.000000,0.000000,0.000000,-179.000000,-1021.000000,424.000000,-1419.000000,-206.000000,-244.000000,-48.000000,22.000000,22.000000,22.000000,22.000000,22.000000,22.000000,22.000000,29.000000,29.000000,30.000000,31.000000,31.000000,31.000000,31.000000,1,1,1,1,1,1,1,0,0,0,0,0,0,0,74,5376.198242,717,0,1,0.515000,0.017521,-0.323628,-3.117000,-0.399000,0.076000,1
0.537884,0.275000,-69.568001,2.598000,134.845993,29.742001,2.193000,147.994003,0.000000,0.000000,0.000000,0.000000,0.000000,0.000000,0.000000,-179.000000,-1021.000000,424.000000,-1419.000000,-206.000000,-244.000000,-48.000000,22.000000,22.000000,22.000000,22.000000,22.000000,22.000000,22.000000,29.000000,29.000000,30.000000,31.000000,31.000000,31.000000,31.000000,1,1,1,1,1,1,1,0,0,0,0,0,0,0,74,5376.198242,718,0,1,0.514999,0.016423,-0.323627,-3.116000,-0.399000,0.076000,1
0.548037,0.391000,-69.569000,2.445000,134.850998,29.671000,2.196000,147.908997,0.000000,0.000000,0.000000,0.000000,0.000000,0.000000,0.000000,-179.000000,-1021.000000,424.000000,-1419.000000,-206.000000,-244.000000,-48.000000,22.000000,22.000000,22.000000,22.000000,22.000000,22.000000,22.000000,29.000000,29.000000,30.000000,31.000000,31.000000,31.000000,31.000000,1,1,1,1,1,1,1,0,0,0,0,0,0,0,74,5376.198242,718,0,1,0.515000,0.015924,-0.323628,-3.116000,-0.399000,0.077000,1
0.557965,0.644000,-69.571999,2.106000,134.860001,29.514000,2.204000,147.720993,0.000000,0.000000,0.000000,0.000000,0.000000,0.000000,0.000000,-179.000000,-1021.000000,424.000000,-1419.000000,-206.000000,-244.000000,-48.000000,22.000000,22.000000,22.000000,22.000000,22.000000,22.000000,22.000000,29.000000,29.000000,30.000000,31.000000,31.000000,31.000000,31.000000,1,1,1,1,1,1,1,0,0,0,0,0,0,0,74,5376.196777,716,0,1,0.515000,0.014825,-0.323628,-3.117000,-0.399000,0.077000,1
0.567974,0.988000,-69.579002,1.643000,134.869995,29.299999,2.218000,147.464005,0.000000,0.000000,0.000000,0.000000,0.000000,0.000000,0.000000,-179.000000,-1021.000000,424.000000,-1419.000000,-206.000000,-244.000000,-48.000000,22.000000,22.000000,22.000000,22.000000,22.000000,22.000000,22.000000,29.000000,29.000000,30.000000,31.000000,31.000000,31.000000,31.000000,1,1,1,1,1,1,1,0,0,0,0,0,0,0,74,5376.198242,718,0,1,0.515000,0.013328,-0.323627,-3.117000,-0.399000,0.077000,1
0.577869,1.125000,-69.582001,1.458000,134.871994,29.215000,2.225000,147.360992,0.000000,0.000000,0.000000,0.000000,0.000000,0.000000,0.000000,-179.000000,-1021.000000,424.000000,-1419.000000,-206.000000,-244.000000,-48.000000,22.000000,22.000000,22.000000,22.000000,22.000000,22.000000,22.000000,29.000000,29.000000,30.000000,31.000000,31.000000,31.000000,31.000000,1,1,1,1,1,1,1,0,0,0,0,0,0,0,74,5376.198242,718,0,1,0.515000,0.012729,-0.323628,-3.117000,-0.399000,0.077000,1
0.587936,1.353000,-69.588997,1.149000,134.876007,29.073000,2.238000,147.190002,0.000000,0.000000,0.000000,0.000000,0.000000,0.000000,0.000000,-179.000000,-1021.000000,424.000000,-1419.000000,-206.000000,-244.000000,-48.000000,22.000000,22.000000,22.000000,22.000000,22.000000,22.000000,22.000000,29.000000,29.000000,30.000000,31.000000,31.000000,31.000000,31.000000,1,1,1,1,1,1,1,0,0,0,0,0,0,0,74,5376.199219,718,0,1,0.515000,0.011730,-0.323627,-3.117000,-0.399000,0.077000,1
0.597899,1.581000,-69.596001,0.839000,134.878006,28.931999,2.252000,147.018005,0.000000,0.000000,0.000000,0.000000,0.000000,0.000000,0.000000,-179.000000,-1021.000000,424.000000,-1419.000000,-206.000000,-244.000000,-48.000000,22.000000,22.000000,22.000000,22.000000,22.000000,22.000000,22.000000,29.000000,29.000000,30.000000,31.000000,31.000000,31.000000,31.000000,1,1,1,1,1,1,1,0,0,0,0,0,0,0,74,5376.198242,717,0,1,0.514999,0.010732,-0.323628,-3.117000,-0.399000,0.076000,1
0.607901,1.830000,-69.606003,0.499000,134.878006,28.775999,2.270000,146.828995,0.000000,0.000000,0.000000,0.000000,0.000000,0.000000,0.000000,-179.000000,-1021.000000,424.000000,-1419.000000,-206.000000,-244.000000,-48.000000,22.000000,22.000000,22.000000,22.000000,22.000000,22.000000,22.000000,29.000000,29.000000,30.000000,31.000000,31.000000,31.000000,31.000000,1,1,1,1,1,1,1,0,0,0,0,0,0,0,74,5376.199219,717,0,1,0.515000,0.009634,-0.323628,-3.117000,-0.399000,0.077000,1
0.617925,2.055000,-69.614998,0.189000,134.876999,28.635000,2.287000,146.656998,0.000000,0.000000,0.000000,0.000000,0.000000,0.000000,0.000000,-179.000000,-1021.000000,424.000000,-1419.000000,-206.000000,-244.000000,-48.000000,22.000000,22.000000,22.000000,22.000000,22.000000,22.000000,22.000000,29.000000,29.000000,30.000000,31.000000,31.000000,31.000000,31.000000,1,1,1,1,1,1,1,0,0,0,0,0,0,0,74,5376.198242,718,0,1,0.515000,0.008635,-0.323627,-3.117000,-0.399000,0.077000,1
0.627914,2.303000,-69.626999,-0.150000,134.873993,28.481001,2.309000,146.468002,0.000000,0.000000,0.000000,0.000000,0.000000,0.000000,0.000000,-179.000000,-1021.000000,424.000000,-1419.000000,-206.000000,-244.000000,-48.000000,22.000000,22.000000,22.000000,22.000000,22.000000,22.000000,22.000000,29.000000,29.000000,30.000000,31.000000,31.000000,31.000000,31.000000,1,1,1,1,1,1,1,0,0,0,0,0,0,0,74,5376.198242,718,0,1,0.515000,0.007537,-0.323627,-3.117000,-0.399000,0.077000,1
0.637931,2.415000,-69.633003,-0.305000,134.871994,28.410999,2.319000,146.382004,0.000000,0.000000,0.000000,0.000000,0.000000,0.000000,0.000000,-179.000000,-1021.000000,424.000000,-1419.000000,-206.000000,-244.000000,-48.000000,22.000000,22.000000,22.000000,22.000000,22.000000,22.000000,22.000000,29.000000,29.000000,30.000000,31.000000,31.000000,31.000000,31.000000,1,1,1,1,1,1,1,0,0,0,0,0,0,0,74,5376.198242,718,0,1,0.515000,0.007038,-0.323627,-3.117000,-0.400000,0.077000,1
0.648005,2.772000,-69.653999,-0.801000,134.863007,28.187000,2.355000,146.106003,0.000000,0.000000,0.000000,0.000000,0.000000,0.000000,0.000000,-179.000000,-1021.000000,424.000000,-1419.000000,-206.000000,-244.000000,-48.000000,22.000000,22.000000,22.000000,22.000000,22.000000,22.000000,22.000000,29.000000,29.000000,30.000000,31.000000,31.000000,31.000000,31.000000,1,1,1,1,1,1,1,0,0,0,0,0,0,0,74,5376.199219,717,0,1,0.515000,0.005440,-0.323628,-3.117000,-0.399000,0.076000,1
0.657887,2.972000,-69.666000,-1.080000,134.856995,28.061001,2.377000,145.951004,0.000000,0.000000,0.000000,0.000000,0.000000,0.000000,0.000000,-179.000000,-1021.000000,424.000000,-1419.000000,-206.000000,-244.000000,-48.000000,22.000000,22.000000,22.000000,22.000000,22.000000,22.000000,22.000000,29.000000,29.000000,30.000000,31.000000,31.000000,31.000000,31.000000,1,1,1,1,1,1,1,0,0,0,0,0,0,0,74,5376.198242,717,0,1,0.514999,0.004542,-0.323628,-3.117000,-0.399000,0.076000,1
0.667916,3.216000,-69.682999,-1.421000,134.847000,27.908001,2.405000,145.761002,0.000000,0.000000,0.000000,0.000000,0.000000,0.000000,0.000000,-179.000000,-1021.000000,424.000000,-1419.000000,-206.000000,-244.000000,-48.000000,22.000000,22.000000,22.000000,22.000000,22.000000,22.000000,22.000000,29.000000,29.000000,30.000000,31.000000,31.000000,31.000000,31.000000,1,1,1,1,1,1,1,0,0,0,0,0,0,0,74,5376.196777,718,0,1,0.515000,0.003443,-0.323627,-3.117000,-0.399000,0.077000,1
0.678067,3.326000,-69.691002,-1.576000,134.841995,27.837999,2.419000,145.673996,0.000000,0.000000,0.000000,0.000000,0.000000,0.000000,0.000000,-179.000000,-1021.000000,424.000000,-1419.000000,-206.000000,-244.000000,-48.000000,22.000000,22.000000,22.000000,22.000000,22.000000,22.000000,22.000000,29.000000,29.000000,30.000000,31.000000,31.000000,31.000000,31.000000,1,1,1,1,1,1,1,0,0,0,0,0,0,0,74,5376.198242,717,0,1,0.515000,0.002944,-0.323628,-3.117000,-0.399000,0.077000,1
0.687971,3.568000,-69.709000,-1.917000,134.828995,27.686001,2.450000,145.483994,0.000000,0.000000,0.000000,0.000000,0.000000,0.000000,0.000000,-179.000000,-1021.000000,424.000000,-1419.000000,-206.000000,-244.000000,-48.000000,22.000000,22.000000,22.000000,22.000000,22.000000,22.000000,22.000000,29.000000,29.000000,30.000000,31.000000,31.000000,31.000000,31.000000,1,1,1,1,1,1,1,0,0,0,0,0,0,0,74,5376.199219,718,0,1,0.515000,0.001846,-0.323628,-3.117000,-0.399000,0.077000,1
0.698300,3.788000,-69.726997,-2.227000,134.817001,27.547001,2.480000,145.311005,0.000000,0.000000,0.000000,0.000000,0.000000,0.000000,0.000000,-179.000000,-1021.000000,424.000000,-1419.000000,-206.000000,-244.000000,-48.000000,22.000000,22.000000,22.000000,22.000000,22.000000,22.000000,22.000000,29.000000,29.000000,30.000000,31.000000,31.000000,31.000000,31.000000,1,1,1,1,1,1,1,0,0,0,0,0,0,0,74,5376.198242,717,0,1,0.515000,0.000847,-0.323628,-3.117000,-0.399000,0.076000,1
0.708912,4.028000,-69.748001,-2.567000,134.800995,27.395000,2.514000,145.121002,0.000000,0.000000,0.000000,0.000000,0.000000,0.000000,0.000000,-179.000000,-1021.000000,424.000000,-1419.000000,-206.000000,-244.000000,-48.000000,22.000000,22.000000,22.000000,22.000000,22.000000,22.000000,22.000000,29.000000,29.000000,30.000000,31.000000,31.000000,31.000000,31.000000,1,1,1,1,1,1,1,0,0,0,0,0,0,0,74,5376.198242,717,0,1,0.515000,-0.000250,-0.323627,-3.117000,-0.399000,0.077000,1
0.718861,4.246000,-69.766998,-2.877000,134.785004,27.257999,2.548000,144.947998,0.000000,0.000000,0.000000,0.000000,0.000000,0.000000,0.000000,-179.000000,-1021.000000,424.000000,-1419.000000,-206.000000,-244.000000,-48.000000,22.000000,22.000000,22.000000,22.000000,22.000000,22.000000,22.000000,29.000000,29.000000,30.000000,31.000000,31.000000,31.000000,31.000000,1,1,1,1,1,1,1,0,0,0,0,0,0,0,74,5376.198242,716,0,1,0.514999,-0.001248,-0.323628,-3.117000,-0.399000,0.077000,1
0.728872,4.462000,-69.788002,-3.187000,134.766998,27.121000,2.582000,144.774002,0.000000,0.000000,0.000000,0.000000,0.000000,0.000000,0.000000,-179.000000,-1021.000000,424.000000,-1419.000000,-206.000000,-244.000000,-48.000000,22.000000,22.000000,22.000000,22.000000,22.000000,22.000000,22.000000,29.000000,29.000000,30.000000,31.000000,31.000000,31.000000,31.000000,1,1,1,1,1,1,1,0,0,0,0,0,0,0,74,5376.196777,717,0,1,0.514999,-0.002247,-0.323628,-3.117000,-0.399000,0.077000,1
0.738904,4.678000,-69.809998,-3.496000,134.748001,26.983999,2.619000,144.600998,0.000000,0.000000,0.000000,0.000000,0.000000,0.000000,0.000000,-179.000000,-1021.000000,424.000000,-1419.000000,-206.000000,-244.000000,-48.000000,22.000000,22.000000,22.000000,22.000000,22.000000,22.000000,22.000000,29.000000,29.000000,30.000000,31.000000,31.000000,31.000000,31.000000,1,1,1,1,1,1,1,0,0,0,0,0,0,0,74,5376.196777,718,0,1,0.515000,-0.003245,-0.323628,-3.117000,-0.399000,0.077000,1
0.748899,4.915000,-69.834000,-3.836000,134.725998,26.834000,2.660000,144.410995,0.000000,0.000000,0.000000,0.000000,0.000000,0.000000,0.000000,-179.000000,-1021.000000,424.000000,-1419.000000,-206.000000,-244.000000,-48.000000,22.000000,22.000000,22.000000,22.000000,22.000000,22.000000,22.000000,29.000000,29.000000,30.000000,31.000000,31.000000,31.000000,31.000000,1,1,1,1,1,1,1,0,0,0,0,0,0,0,74,5376.199219,718,0,1,0.514999,-0.004343,-0.323628,-3.117000,-0.399000,0.077000,1
0.759063,5.129000,-69.858002,-4.145000,134.703995,26.698000,2.700000,144.237000,0.000000,0.000000,0.000000,0.000000,0.000000,0.000000,0.000000,-179.000000,-1021.000000,424.000000,-1419.000000,-206.000000,-244.000000,-48.000000,22.000000,22.000000,22.000000,22.000000,22.000000,22.000000,22.000000,29.000000,29.000000,30.000000,31.000000,31.000000,31.000000,31.000000,1,1,1,1,1,1,1,0,0,0,0,0,0,0,74,5376.198242,718,0,1,0.514999,-0.005342,-0.323628,-3.116000,-0.399000,0.076000,1
0.768903,5.363000,-69.885002,-4.484000,134.677994,26.549000,2.745000,144.046005,0.000000,0.000000,0.000000,0.000000,0.000000,0.000000,0.000000,-179.000000,-1021.000000,424.000000,-1419.000000,-206.000000,-244.000000,-48.000000,22.000000,22.000000,22.000000,22.000000,22.000000,22.000000,22.000000,29.000000,29.000000,30.000000,31.000000,31.000000,31.000000,31.000000,1,1,1,1,1,1,1,0,0,0,0,0,0,0,74,5376.198242,718,0,1,0.515000,-0.006440,-0.323628,-3.116000,-0.399000,0.076000,1
0.778890,5.469000,-69.897003,-4.639000,134.664993,26.482000,2.766000,143.960007,0.000000,0.000000,0.000000,0.000000,0.000000,0.000000,0.000000,-179.000000,-1021.000000,424.000000,-1419.000000,-206.000000,-244.000000,-48.000000,22.000000,22.000000,22.000000,22.000000,22.000000,22.000000,22.000000,29.000000,29.000000,30.000000,31.000000,31.000000,31.000000,31.000000,1,1,1,1,1,1,1,0,0,0,0,0,0,0,74,5376.198242,716,0,1,0.514999,-0.006939,-0.323628,-3.117000,-0.399000,0.077000,1
0.788967,5.702000,-69.926003,-4.978000,134.636993,26.334000,2.813000,143.768997,0.000000,0.000000,0.000000,0.000000,0.000000,0.000000,0.000000,-179.000000,-1021.000000,424.000000,-1419.000000,-206.000000,-244.000000,-48.000000,22.000000,22.000000,22.000000,22.000000,22.000000,22.000000,22.000000,29.000000,29.000000,30.000000,31.000000,31.000000,31.000000,31.000000,1,1,1,1,1,1,1,0,0,0,0,0,0,0,74,5376.196777,718,0,1,0.515000,-0.008038,-0.323628,-3.117000,-0.399000,0.077000,1
0.798923,5.934000,-69.955002,-5.316000,134.606003,26.186001,2.863000,143.578003,0.000000,0.000000,0.000000,0.000000,0.000000,0.000000,0.000000,-179.000000,-1021.000000,424.000000,-1419.000000,-206.000000,-244.000000,-48.000000,22.000000,22.000000,22.000000,22.000000,22.000000,22.000000,22.000000,29.000000,29.000000,30.000000,31.000000,31.000000,31.000000,31.000000,1,1,1,1,1,1,1,0,0,0,0,0,0,0,74,5376.199219,717,0,1,0.514999,-0.009136,-0.323628,-3.117000,-0.399000,0.077000,1
0.809034,6.143000,-69.982002,-5.624000,134.576996,26.052000,2.909000,143.404007,0.000000,0.000000,0.000000,0.000000,0.000000,0.000000,0.000000,-179.000000,-1021.000000,424.000000,-1419.000000,-206.000000,-244.000000,-48.000000,22.000000,22.000000,22.000000,22.000000,22.000000,22.000000,22.000000,29.000000,29.000000,30.000000,31.000000,31.000000,31.000000,31.000000,1,1,1,1,1,1,1,0,0,0,0,0,0,0,74,5376.198242,719,0,1,0.514999,-0.010134,-0.323628,-3.117000,-0.399000,0.077000,1
0.819012,6.373000,-70.014000,-5.962000,134.542999,25.906000,2.962000,143.212997,0.000000,0.000000,0.000000,0.000000,0.000000,0.000000,0.000000,-179.000000,-1021.000000,424.000000,-1419.000000,-206.000000,-244.000000,-48.000000,22.000000,22.000000,22.000000,22.000000,22.000000,22.000000,22.000000,29.000000,29.000000,30.000000,31.000000,31.000000,31.000000,31.000000,1,1,1,1,1,1,1,0,0,0,0,0,0,0,74,5376.198242,718,0,1,0.514999,-0.011233,-0.323628,-3.117000,-0.399000,0.077000,1
0.829002,6.602000,-70.045998,-6.299000,134.507996,25.760000,3.016000,143.022995,0.000000,0.000000,0.000000,0.000000,0.000000,0.000000,0.000000,-179.000000,-1021.000000,424.000000,-1419.000000,-206.000000,-244.000000,-48.000000,22.000000,22.000000,22.000000,22.000000,22.000000,22.000000,22.000000,29.000000,29.000000,30.000000,31.000000,31.000000,31.000000,31.000000,1,1,1,1,1,1,1,0,0,0,0,0,0,0,74,5376.199219,716,0,1,0.514999,-0.012331,-0.323628,-3.117000,-0.399000,0.077000,1
0.838988,6.809000,-70.075996,-6.605000,134.473999,25.628000,3.067000,142.848999,0.000000,0.000000,0.000000,0.000000,0.000000,0.000000,0.000000,-179.000000,-1021.000000,424.000000,-1419.000000,-206.000000,-244.000000,-48.000000,22.000000,22.000000,22.000000,22.000000,22.000000,22.000000,22.000000,29.000000,29.000000,30.000000,31.000000,31.000000,31.000000,31.000000,1,1,1,1,1,1,1,0,0,0,0,0,0,0,74,5376.199219,718,0,1,0.515000,-0.013329,-0.323628,-3.117000,-0.399000,0.076000,1
0.848980,7.035000,-70.110001,-6.942000,134.434998,25.483000,3.125000,142.658005,0.000000,0.000000,0.000000,0.000000,0.000000,0.000000,0.000000,-179.000000,-1021.000000,424.000000,-1419.000000,-206.000000,-244.000000,-48.000000,22.000000,22.000000,22.000000,22.000000,22.000000,22.000000,22.000000,29.000000,29.000000,30.000000,31.000000,31.000000,31.000000,31.000000,1,1,1,1,1,1,1,0,0,0,0,0,0,0,74,5376.198242,717,0,1,0.514999,-0.014428,-0.323628,-3.117000,-0.399000,0.076000,1
0.858885,7.240000,-70.140999,-7.247000,134.397995,25.351999,3.179000,142.483994,0.000000,0.000000,0.000000,0.000000,0.000000,0.000000,0.000000,-179.000000,-1021.000000,424.000000,-1419.000000,-206.000000,-244.000000,-48.000000,22.000000,22.000000,22.000000,22.000000,22.000000,22.000000,22.000000,29.000000,29.000000,30.000000,31.000000,31.000000,31.000000,31.000000,1,1,1,1,1,1,1,0,0,0,0,0,0,0,74,5376.198242,717,0,1,0.515000,-0.015426,-0.323628,-3.117000,-0.399000,0.076000,1
0.868912,7.342000,-70.156998,-7.400000,134.378998,25.287001,3.206000,142.397995,0.000000,0.000000,0.000000,0.000000,0.000000,0.000000,0.000000,-179.000000,-1021.000000,424.000000,-1419.000000,-206.000000,-244.000000,-48.000000,22.000000,22.000000,22.000000,22.000000,22.000000,22.000000,22.000000,29.000000,29.000000,30.000000,31.000000,31.000000,31.000000,31.000000,1,1,1,1,1,1,1,0,0,0,0,0,0,0,74,5376.198242,717,0,1,0.514999,-0.015925,-0.323628,-3.116000,-0.399000,0.077000,1
0.878904,7.566000,-70.193001,-7.735000,134.335007,25.143999,3.268000,142.207001,0.000000,0.000000,0.000000,0.000000,0.000000,0.000000,0.000000,-179.000000,-1021.000000,424.000000,-1419.000000,-206.000000,-244.000000,-48.000000,22.000000,22.000000,22.000000,22.000000,22.000000,22.000000,22.000000,29.000000,29.000000,30.000000,31.000000,31.000000,31.000000,31.000000,1,1,1,1,1,1,1,0,0,0,0,0,0,0,74,5376.196777,718,0,1,0.515000,-0.017024,-0.323628,-3.117000,-0.399000,0.077000,1
0.888910,7.789000,-70.230003,-8.069000,134.289993,25.000999,3.331000,142.016006,0.000000,0.000000,0.000000,0.000000,0.000000,0.000000,0.000000,-179.000000,-1021.000000,424.000000,-1419.000000,-206.000000,-244.000000,-48.000000,22.000000,22.000000,22.000000,22.000000,22.000000,22.000000,22.000000,29.000000,29.000000,30.000000,31.000000,31.000000,31.000000,31.000000,1,1,1,1,1,1,1,0,0,0,0,0,0,0,74,5376.198242,716,0,1,0.515000,-0.018122,-0.323628,-3.117000,-0.399000,0.077000,1
0.898950,8.010000,-70.267998,-8.403000,134.244003,24.858999,3.396000,141.824997,0.000000,0.000000,0.000000,0.000000,0.000000,0.000000,0.000000,-179.000000,-1021.000000,424.000000,-1419.000000,-206.000000,-244.000000,-48.000000,22.000000,22.000000,22.000000,22.000000,22.000000,22.000000,22.000000,29.000000,29.000000,30.000000,31.000000,31.000000,31.000000,31.000000,1,1,1,1,1,1,1,0,0,0,0,0,0,0,74,5376.198242,717,0,1,0.515000,-0.019220,-0.323628,-3.117000,-0.399000,0.077000,1
0.908935,8.211000,-70.303001,-8.706000,134.199997,24.731001,3.456000,141.651993,0.000000,0.000000,0.000000,0.000000,0.000000,0.000000,0.000000,-179.000000,-1021.000000,424.000000,-1419.000000,-206.000000,-244.000000,-48.000000,22.000000,22.000000,22.000000,22.000000,22.000000,22.000000,22.000000,29.000000,29.000000,30.000000,31.000000,31.000000,31.000000,31.000000,1,1,1,1,1,1,1,0,0,0,0,0,0,0,74,5376.196777,718,0,1,0.514999,-0.020219,-0.323628,-3.116000,-0.399000,0.076000,1
0.919016,8.430000,-70.342003,-9.038000,134.149994,24.590000,3.524000,141.460999,0.000000,0.000000,0.000000,0.000000,0.000000,0.000000,0.000000,-179.000000,-1021.000000,424.000000,-1419.000000,-206.000000,-244.000000,-48.000000,22.000000,22.000000,22.000000,22.000000,22.000000,22.000000,22.000000,29.000000,29.000000,30.000000,31.000000,31.000000,31.000000,31.000000,1,1,1,1,1,1,1,0,0,0,0,0,0,0,74,5376.199219,717,0,1,0.514999,-0.021317,-0.323627,-3.117000,-0.399000,0.076000,1
0.928928,8.629000,-70.377998,-9.340000,134.102997,24.462999,3.587000,141.287994,0.000000,0.000000,0.000000,0.000000,0.000000,0.000000,0.000000,-179.000000,-1021.000000,424.000000,-1419.000000,-206.000000,-244.000000,-48.000000,22.000000,22.000000,22.000000,22.000000,22.000000,22.000000,22.000000,29.000000,29.000000,30.000000,31.000000,31.000000,31.000000,31.000000,1,1,1,1,1,1,1,0,0,0,0,0,0,0,74,5376.198242,717,0,1,0.514999,-0.022315,-0.323628,-3.117000,-0.399000,0.077000,1
0.938891,8.846000,-70.418999,-9.671000,134.048996,24.323999,3.658000,141.097000,0.000000,0.000000,0.000000,0.000000,0.000000,0.000000,0.000000,-179.000000,-1021.000000,424.000000,-1419.000000,-206.000000,-244.000000,-48.000000,22.000000,22.000000,22.000000,22.000000,22.000000,22.000000,22.000000,29.000000,29.000000,30.000000,31.000000,31.000000,31.000000,31.000000,1,1,1,1,1,1,1,0,0,0,0,0,0,0,74,5376.199219,717,0,1,0.514999,-0.023414,-0.323628,-3.117000,-0.399000,0.077000,1
0.948937,8.945000,-70.438004,-9.821000,134.024002,24.260000,3.691000,141.011002,0.000000,0.000000,0.000000,0.000000,0.000000,0.000000,0.000000,-179.000000,-1021.000000,424.000000,-1419.000000,-206.000000,-244.000000,-48.000000,22.000000,22.000000,22.000000,22.000000,22.000000,22.000000,22.000000,29.000000,29.000000,30.000000,31.000000,31.000000,31.000000,31.000000,1,1,1,1,1,1,1,0,0,0,0,0,0,0,74,5376.199219,717,0,1,0.515000,-0.023913,-0.323628,-3.117000,-0.399000,0.076000,1
0.958895,9.160000,-70.478996,-10.151000,133.968002,24.122000,3.764000,140.820007,0.000000,0.000000,0.000000,0.000000,0.000000,0.000000,0.000000,-179.000000,-1021.000000,424.000000,-1419.000000,-206.000000,-244.000000,-48.000000,22.000000,22.000000,22.000000,22.000000,22.000000,22.000000,22.000000,29.000000,29.000000,30.000000,31.000000,31.000000,31.000000,31.000000,1,1,1,1,1,1,1,0,0,0,0,0,0,0,74,5376.199219,717,0,1,0.515000,-0.025011,-0.323628,-3.117000,-0.399000,0.077000,1
0.968906,9.375000,-70.522003,-10.480000,133.910995,23.985001,3.839000,140.630005,0.000000,0.000000,0.000000,0.000000,0.000000,0.000000,0.000000,-179.000000,-1021.000000,424.000000,-1419.000000,-206.000000,-244.000000,-48.000000,22.000000,22.000000,22.000000,22.000000,22.000000,22.000000,22.000000,29.000000,29.000000,30.000000,31.000000,31.000000,31.000000,31.000000,1,1,1,1,1,1,1,0,0,0,0,0,0,0,74,5376.198242,718,0,1,0.514999,-0.026109,-0.323628,-3.117000,-0.399000,0.077000,1
0.978956,9.569000,-70.560997,-10.778000,133.856995,23.861000,3.909000,140.457001,0.000000,0.000000,0.000000,0.000000,0.000000,0.000000,0.000000,-179.000000,-1021.000000,424.000000,-1419.000000,-206.000000,-244.000000,-48.000000,22.000000,22.000000,22.000000,22.000000,22.000000,22.000000,22.000000,29.000000,29.000000,30.000000,31.000000,31.000000,31.000000,31.000000,1,1,1,1,1,1,1,0,0,0,0,0,0,0,74,5376.198242,718,0,1,0.514999,-0.027108,-0.323628,-3.117000,-0.399000,0.076000,1
0.988899,9.781000,-70.605003,-11.106000,133.796005,23.724001,3.986000,140.266998,0.000000,0.000000,0.000000,0.000000,0.000000,0.000000,0.000000,-179.000000,-1021.000000,424.000000,-1419.000000,-206.000000,-244.000000,-48.000000,22.000000,22.000000,22.000000,22.000000,22.000000,22.000000,22.000000,29.000000,29.000000,30.000000,31.000000,31.000000,31.000000,31.000000,1,1,1,1,1,1,1,0,0,0,0,0,0,0,74,5376.198242,718,0,1,0.514999,-0.028206,-0.323628,-3.116000,-0.399000,0.076000,1
0.998897,9.990000,-70.649002,-11.428000,133.733994,23.591000,4.065000,140.078995,0.000000,0.000000,0.000000,0.000000,0.000000,0.000000,0.000000,-179.000000,-1021.000000,424.000000,-1419.000000,-206.000000,-244.000000,-48.000000,22.000000,22.000000,22.000000,22.000000,22.000000,22.000000,22.000000,29.000000,29.000000,30.000000,31.000000,31.000000,31.000000,31.000000,1,1,1,1,1,1,1,0,0,0,0,0,0,0,74,5376.198242,717,0,1,0.514999,-0.029290,-0.323628,-3.117000,-0.399000,0.077000,1
1.008896,10.167000,-70.685997,-11.702000,133.679993,23.480000,4.132000,139.917999,0.000000,0.000000,0.000000,0.000000,0.000000,0.000000,0.000000,-179.000000,-1021.000000,424.000000,-1419.000000,-206.000000,-244.000000,-48.000000,22.000000,22.000000,22.000000,22.000000,22.000000,22.000000,22.000000,29.000000,29.000000,30.000000,31.000000,31.000000,31.000000,31.000000,1,1,1,1,1,1,1,0,0,0,0,0,0,0,74,5376.198242,717,0,1,0.515000,-0.030214,-0.323628,-3.117000,-0.399000,0.077000,1
1.019005,10.323000,-70.720001,-11.945000,133.630997,23.384001,4.194000,139.772003,0.000000,0.000000,0.000000,0.000000,0.000000,0.000000,0.000000,-179.000000,-1021.000000,424.000000,-1419.000000,-206.000000,-244.000000,-48.000000,22.000000,22.000000,22.000000,22.000000,22.000000,22.000000,22.000000,29.000000,29.000000,30.000000,31.000000,31.000000,31.000000,31.000000,1,1,1,1,1,1,1,0,0,0,0,0,0,0,74,5376.198242,718,0,1,0.515000,-0.031035,-0.323628,-3.117000,-0.399000,0.077000,1
1.028909,10.464000,-70.750999,-12.166000,133.585999,23.301001,4.250000,139.634995,0.000000,0.000000,0.000000,0.000000,0.000000,0.000000,0.000000,-179.000000,-1021.000000,424.000000,-1419.000000,-206.000000,-244.000000,-48.000000,22.000000,22.000000,22.000000,22.000000,22.000000,22.000000,22.000000,29.000000,29.000000,30.000000,31.000000,31.000000,31.000000,31.000000,1,1,1,1,1,1,1,0,0,0,0,0,0,0,74,5376.198242,718,0,1,0.515000,-0.031782,-0.323628,-3.116000,-0.399000,0.076000,1
1.038973,10.516000,-70.763000,-12.248000,133.569000,23.273001,4.271000,139.582001,0.000000,0.000000,0.000000,0.000000,0.000000,0.000000,0.000000,-179.000000,-1021.000000,424.000000,-1419.000000,-206.000000,-244.000000,-48.000000,22.000000,22.000000,22.000000,22.000000,22.000000,22.000000,22.000000,29.000000,29.000000,30.000000,31.000000,31.000000,31.000000,31.000000,1,1,1,1,1,1,1,0,0,0,0,0,0,0,74,5376.198242,717,0,1,0.515000,-0.032059,-0.323628,-3.117000,-0.399000,0.077000,1
1.049003,10.604000,-70.781998,-12.387000,133.539001,23.230000,4.308000,139.485992,0.000000,0.000000,0.000000,0.000000,0.000000,0.000000,0.000000,-179.000000,-1021.000000,424.000000,-1419.000000,-206.000000,-244.000000,-48.000000,22.000000,22.000000,22.000000,22.000000,22.000000,22.000000,22.000000,29.000000,29.000000,30.000000,31.000000,31.000000,31.000000,31.000000,1,1,1,1,1,1,1,0,0,0,0,0,0,0,74,5376.198242,718,0,1,0.514999,-0.032530,-0.323628,-3.116000,-0.399000,0.077000,1
1.058925,10.654000,-70.793999,-12.466000,133.522003,23.215000,4.329000,139.423004,0.000000,0.000000,0.000000,0.000000,0.000000,0.000000,0.000000,-179.000000,-1021.000000,424.000000,-1419.000000,-206.000000,-244.000000,-48.000000,22.000000,22.000000,22.000000,22.000000,22.000000,22.000000,22.000000,29.000000,29.000000,30.000000,31.000000,31.000000,31.000000,31.000000,1,1,1,1,1,1,1,0,0,0,0,0,0,0,74,5376.199219,719,0,1,0.515000,-0.032799,-0.323628,-3.117000,-0.400000,0.077000,1
1.068843,10.679000,-70.799004,-12.509000,133.514008,23.218000,4.341000,139.378006,0.000000,0.000000,0.000000,0.000000,0.000000,0.000000,0.000000,-179.000000,-1021.000000,424.000000,-1419.000000,-206.000000,-244.000000,-48.000000,22.000000,22.000000,22.000000,22.000000,22.000000,22.000000,22.000000,29.000000,29.000000,30.000000,31.000000,31.000000,31.000000,31.000000,1,1,1,1,1,1,1,0,0,0,0,0,0,0,74,5376.198242,717,0,1,0.514999,-0.032942,-0.323628,-3.117000,-0.399000,0.077000,1
1.078917,10.688000,-70.801003,-12.525000,133.509995,23.236000,4.346000,139.345001,0.000000,0.000000,0.000000,0.000000,0.000000,0.000000,0.000000,-179.000000,-1021.000000,424.000000,-1419.000000,-206.000000,-244.000000,-48.000000,22.000000,22.000000,22.000000,22.000000,22.000000,22.000000,22.000000,29.000000,29.000000,30.000000,31.000000,31.000000,31.000000,31.000000,1,1,1,1,1,1,1,0,0,0,0,0,0,0,74,5376.196777,717,0,1,0.515000,-0.032995,-0.323628,-3.117000,-0.399000,0.077000,1
1.088924,10.687000,-70.801003,-12.527000,133.509995,23.261000,4.347000,139.319000,0.000000,0.000000,0.000000,0.000000,0.000000,0.000000,0.000000,-179.000000,-1021.000000,424.000000,-1419.000000,-206.000000,-244.000000,-48.000000,22.000000,22.000000,22.000000,22.000000,22.000000,22.000000,22.000000,29.000000,29.000000,30.000000,31.000000,31.000000,31.000000,31.000000,1,1,1,1,1,1,1,0,0,0,0,0,0,0,74,5376.198242,718,0,1,0.515000,-0.033000,-0.323627,-3.117000,-0.399000,0.077000,1
1.098919,10.684000,-70.796997,-12.527000,133.503998,23.287001,4.351000,139.294998,0.000000,0.000000,0.000000,0.000000,0.000000,0.000000,0.000000,-179.000000,-1021.000000,424.000000,-1419.000000,-206.000000,-244.000000,-48.000000,22.000000,22.000000,22.000000,22.000000,22.000000,22.000000,22.000000,29.000000,29.000000,30.000000,31.000000,31.000000,31.000000,31.000000,1,1,1,1,1,1,1,0,0,0,0,0,0,0,74,5376.198242,717,0,1,0.515023,-0.033000,-0.323628,-3.117000,-0.399000,0.077000,1
1.108908,10.677000,-70.782997,-12.525000,133.479996,23.313000,4.364000,139.276001,0.000000,0.000000,0.000000,0.000000,0.000000,0.000000,0.000000,-179.000000,-1021.000000,424.000000,-1419.000000,-206.000000,-244.000000,-48.000000,22.000000,22.000000,22.000000,22.000000,22.000000,22.000000,22.000000,29.000000,29.000000,30.000000,31.000000,31.000000,31.000000,31.000000,1,1,1,1,1,1,1,0,0,0,0,0,0,0,74,5376.198242,717,0,1,0.515115,-0.032999,-0.323628,-3.116000,-0.399000,0.076000,1
1.118911,10.661000,-70.748001,-12.518000,133.419998,23.346001,4.395000,139.259995,0.000000,0.000000,0.000000,0.000000,0.000000,0.000000,0.000000,-179.000000,-1021.000000,424.000000,-1419.000000,-206.000000,-244.000000,-48.000000,22.000000,22.000000,22.000000,22.000000,22.000000,22.000000,22.000000,29.000000,29.000000,30.000000,31.000000,31.000000,31.000000,31.000000,1,1,1,1,1,1,1,0,0,0,0,0,0,0,74,5376.199219,718,0,1,0.515344,-0.032999,-0.323628,-3.117000,-0.399000,0.077000,1
1.128919,10.639000,-70.693001,-12.507000,133.326996,23.379999,4.444000,139.251999,0.000000,0.000000,0.000000,0.000000,0.000000,0.000000,0.000000,-179.000000,-1021.000000,424.000000,-1419.000000,-206.000000,-244.000000,-48.000000,22.000000,22.000000,22.000000,22.000000,22.000000,22.000000,22.000000,29.000000,29.000000,30.000000,31.000000,31.000000,31.000000,31.000000,1,1,1,1,1,1,1,0,0,0,0,0,0,0,74,5376.198242,717,0,1,0.515702,-0.032999,-0.323628,-3.117000,-0.399000,0.077000,1
1.138929,10.607000,-70.613998,-12.491000,133.192993,23.419001,4.514000,139.251007,0.000000,0.000000,0.000000,0.000000,0.000000,0.000000,0.000000,-179.000000,-1021.000000,424.000000,-1419.000000,-206.000000,-244.000000,-48.000000,22.000000,22.000000,22.000000,22.000000,22.000000,22.000000,22.000000,29.000000,29.000000,30.000000,31.000000,31.000000,31.000000,31.000000,1,1,1,1,1,1,1,0,0,0,0,0,0,0,74,5376.198242,717,0,1,0.516218,-0.032999,-0.323628,-3.117000,-0.399000,0.076000,1
1.148967,10.583000,-70.555000,-12.479000,133.091995,23.444000,4.566000,139.253006,0.000000,0.000000,0.000000,0.000000,0.000000,0.000000,0.000000,-179.000000,-1021.000000,424.000000,-1419.000000,-206.000000,-244.000000,-48.000000,22.000000,22.000000,22.000000,22.000000,22.000000,22.000000,22.000000,29.000000,29.000000,30.000000,31.000000,31.000000,31.000000,31.000000,1,1,1,1,1,1,1,0,0,0,0,0,0,0,74,5376.198242,718,0,1,0.516602,-0.033000,-0.323627,-3.117000,-0.399000,0.077000,1
1.158843,10.537000,-70.440002,-12.455000,132.895004,23.490000,4.668000,139.261993,0.000000,0.000000,0.000000,0.000000,0.000000,0.000000,0.000000,-179.000000,-1021.000000,424.000000,-1419.000000,-206.000000,-244.000000,-48.000000,22.000000,22.000000,22.000000,22.000000,22.000000,22.000000,22.000000,29.000000,29.000000,30.000000,31.000000,31.000000,31.000000,31.000000,1,1,1,1,1,1,1,0,0,0,0,0,0,0,74,5376.196777,717,0,1,0.517359,-0.032999,-0.323627,-3.117000,-0.399000,0.077000,1
1.168921,10.478000,-70.292000,-12.426000,132.641006,23.545000,4.800000,139.276993,0.000000,0.000000,0.000000,0.000000,0.000000,0.000000,0.000000,-179.000000,-1021.000000,424.000000,-1419.000000,-206.000000,-244.000000,-48.000000,22.000000,22.000000,22.000000,22.000000,22.000000,22.000000,22.000000,29.000000,29.000000,30.000000,31.000000,31.000000,31.000000,31.000000,1,1,1,1,1,1,1,0,0,0,0,0,0,0,74,5376.199219,716,0,1,0.518330,-0.033000,-0.323627,-3.117000,-0.400000,0.077000,1
1.178909,10.419000,-70.144997,-12.397000,132.389008,23.597000,4.931000,139.294998,0.000000,0.000000,0.000000,0.000000,0.000000,0.000000,0.000000,-179.000000,-1021.000000,424.000000,-1419.000000,-206.000000,-244.000000,-48.000000,22.000000,22.000000,22.000000,22.000000,22.000000,22.000000,22.000000,29.000000,29.000000,30.000000,31.000000,31.000000,31.000000,31.000000,1,1,1,1,1,1,1,0,0,0,0,0,0,0,74,5376.199219,717,0,1,0.519296,-0.033000,-0.323628,-3.117000,-0.400000,0.077000,1
1.188892,10.358000,-69.994003,-12.367000,132.128006,23.649000,5.067000,139.313004,0.000000,0.000000,0.000000,0.000000,0.000000,0.000000,0.000000,-179.000000,-1021.000000,424.000000,-1419.000000,-206.000000,-244.000000,-48.000000,22.000000,22.000000,22.000000,22.000000,22.000000,22.000000,22.000000,29.000000,29.000000,30.000000,31.000000,31.000000,31.000000,31.000000,1,1,1,1,1,1,1,0,0,0,0,0,0,0,74,5376.198242,718,0,1,0.520292,-0.032999,-0.323628,-3.116000,-0.399000,0.077000,1
1.198902,10.297000,-69.842003,-12.338000,131.865997,23.702000,5.204000,139.332001,0.000000,0.000000,0.000000,0.000000,0.000000,0.000000,0.000000,-179.000000,-1021.000000,424.000000,-1419.000000,-206.000000,-244.000000,-48.000000,22.000000,22.000000,22.000000,22.000000,22.000000,22.000000,22.000000,29.000000,29.000000,30.000000,31.000000,31.000000,31.000000,31.000000,1,1,1,1,1,1,1,0,0,0,0,0,0,0,74,5376.199219,715,0,1,0.521291,-0.032999,-0.323628,-3.116000,-0.399000,0.076000,1
1.208895,10.229000,-69.675003,-12.307000,131.578003,23.759001,5.355000,139.352997,0.000000,0.000000,0.000000,0.000000,0.000000,0.000000,0.000000,-179.000000,-1021.000000,424.000000,-1419.000000,-206.000000,-244.000000,-48.000000,22.000000,22.000000,22.000000,22.000000,22.000000,22.000000,22.000000,29.000000,29.000000,30.000000,31.000000,31.000000,31.000000,31.000000,1,1,1,1,1,1,1,0,0,0,0,0,0,0,74,5376.199219,718,0,1,0.522389,-0.032999,-0.323628,-3.116000,-0.399000,0.077000,1
1.218927,10.168000,-69.524002,-12.279000,131.315002,23.809999,5.492000,139.373001,0.000000,0.000000,0.000000,0.000000,0.000000,0.000000,0.000000,-179.000000,-1021.000000,424.000000,-1419.000000,-206.000000,-244.000000,-48.000000,22.000000,22.000000,22.000000,22.000000,22.000000,22.000000,22.000000,29.000000,29.000000,30.000000,31.000000,31.000000,31.000000,31.000000,1,1,1,1,1,1,1,0,0,0,0,0,0,0,74,5376.198242,716,0,1,0.523388,-0.033000,-0.323627,-3.117000,-0.400000,0.076000,1
1.228932,10.100000,-69.357002,-12.248000,131.026001,23.867001,5.644000,139.393997,0.000000,0.000000,0.000000,0.000000,0.000000,0.000000,0.000000,-179.000000,-1021.000000,424.000000,-1419.000000,-206.000000,-244.000000,-48.000000,22.000000,22.000000,22.000000,22.000000,22.000000,22.000000,22.000000,29.000000,29.000000,30.000000,31.000000,31.000000,31.000000,31.000000,1,1,1,1,1,1,1,0,0,0,0,0,0,0,74,5376.199219,717,0,1,0.524486,-0.032999,-0.323628,-3.116000,-0.399000,0.076000,1
1.238953,10.038000,-69.205002,-12.221000,130.763000,23.917999,5.783000,139.414001,0.000000,0.000000,0.000000,0.000000,0.000000,0.000000,0.000000,-179.000000,-1021.000000,424.000000,-1419.000000,-206.000000,-244.000000,-48.000000,22.000000,22.000000,22.000000,22.000000,22.000000,22.000000,22.000000,29.000000,29.000000,30.000000,31.000000,31.000000,31.000000,31.000000,1,1,1,1,1,1,1,0,0,0,0,0,0,0,74,5376.198242,717,0,1,0.525484,-0.032999,-0.323628,-3.116000,-0.399000,0.076000,1
1.249062,9.969000,-69.039001,-12.192000,130.473007,23.974001,5.936000,139.434998,0.000000,0.000000,0.000000,0.000000,0.000000,0.000000,0.000000,-179.000000,-1021.000000,424.000000,-1419.000000,-206.000000,-244.000000,-48.000000,22.000000,22.000000,22.000000,22.000000,22.000000,22.000000,22.000000,29.000000,29.000000,30.000000,31.000000,31.000000,31.000000,31.000000,1,1,1,1,1,1,1,0,0,0,0,0,0,0,74,5376.198242,718,0,1,0.526583,-0.032999,-0.323628,-3.116000,-0.399000,0.076000,1
1.258928,9.907000,-68.887001,-12.166000,130.207993,24.024000,6.075000,139.455994,0.000000,0.000000,0.000000,0.000000,0.000000,0.000000,0.000000,-179.000000,-1021.000000,424.000000,-1419.000000,-206.000000,-244.000000,-48.000000,22.000000,22.000000,22.000000,22.000000,22.000000,22.000000,22.000000,29.000000,29.000000,30.000000,31.000000,31.000000,31.000000,31.000000,1,1,1,1,1,1,1,0,0,0,0,0,0,0,74,5376.199219,721,0,1,0.527581,-0.032999,-0.323628,-3.116000,-0.399000,0.077000,1
1.268897,9.869000,-68.795998,-12.151000,130.050003,24.052999,6.159000,139.468002,0.000000,0.000000,0.000000,0.000000,0.000000,0.000000,0.000000,-179.000000,-1021.000000,424.000000,-1419.000000,-206.000000,-244.000000,-48.000000,22.000000,22.000000,22.000000,22.000000,22.000000,22.000000,22.000000,29.000000,29.000000,30.000000,31.000000,31.000000,31.000000,31.000000,1,1,1,1,1,1,1,0,0,0,0,0,0,0,74,5376.198242,718,0,1,0.528180,-0.032999,-0.323628,-3.116000,-0.399000,0.076000,1
1.278849,9.806000,-68.644997,-12.125000,129.785004,24.103001,6.299000,139.488998,0.000000,0.000000,0.000000,0.000000,0.000000,0.000000,0.000000,-179.000000,-1021.000000,424.000000,-1419.000000,-206.000000,-244.000000,-48.000000,22.000000,22.000000,22.000000,22.000000,22.000000,22.000000,22.000000,29.000000,29.000000,30.000000,31.000000,31.000000,31.000000,31.000000,1,1,1,1,1,1,1,0,0,0,0,0,0,0,74,5376.198242,716,0,1,0.529179,-0.032999,-0.323628,-3.116000,-0.399000,0.076000,1
1.288900,9.737000,-68.477997,-12.098000,129.494003,24.157000,6.454000,139.511993,0.000000,0.000000,0.000000,0.000000,0.000000,0.000000,0.000000,-179.000000,-1021.000000,424.000000,-1419.000000,-206.000000,-244.000000,-48.000000,22.000000,22.000000,22.000000,22.000000,22.000000,22.000000,22.000000,29.000000,29.000000,30.000000,31.000000,31.000000,31.000000,31.000000,1,1,1,1,1,1,1,0,0,0,0,0,0,0,74,5376.198242,717,0,1,0.530277,-0.032999,-0.323628,-3.116000,-0.400000,0.076000,1
1.298871,9.668000,-68.311996,-12.071000,129.201996,24.209999,6.609000,139.535004,0.000000,0.000000,0.000000,0.000000,0.000000,0.000000,0.000000,-179.000000,-1021.000000,424.000000,-1419.000000,-206.000000,-244.000000,-48.000000,22.000000,22.000000,22.000000,22.000000,22.000000,22.000000,22.000000,29.000000,29.000000,30.000000,31.000000,31.000000,31.000000,31.000000,1,1,1,1,1,1,1,0,0,0,0,0,0,0,74,5376.198242,717,0,1,0.531375,-0.032999,-0.323628,-3.116000,-0.399000,0.077000,1
1.308923,9.604000,-68.161003,-12.047000,128.936005,24.257999,6.751000,139.557007,0.000000,0.000000,0.000000,0.000000,0.000000,0.000000,0.000000,-179.000000,-1021.000000,424.000000,-1419.000000,-206.000000,-244.000000,-48.000000,22.000000,22.000000,22.000000,22.000000,22.000000,22.000000,22.000000,29.000000,29.000000,30.000000,31.000000,31.000000,31.000000,31.000000,1,1,1,1,1,1,1,0,0,0,0,0,0,0,74,5376.198242,718,0,1,0.532374,-0.032999,-0.323628,-3.116000,-0.399000,0.076000,1
1.318918,9.534000,-67.994003,-12.021000,128.643005,24.311001,6.907000,139.580994,0.000000,0.000000,0.000000,0.000000,0.000000,0.000000,0.000000,-179.000000,-1021.000000,424.000000,-1419.000000,-206.000000,-244.000000,-48.000000,22.000000,22.000000,22.000000,22.000000,22.000000,22.000000,22.000000,29.000000,29.000000,30.000000,31.000000,31.000000,31.000000,31.000000,1,1,1,1,1,1,1,0,0,0,0,0,0,0,74,5376.196777,716,0,1,0.533472,-0.032999,-0.323628,-3.116000,-0.399000,0.076000,1
1.328865,9.471000,-67.843002,-11.998000,128.376999,24.358000,7.049000,139.602997,0.000000,0.000000,0.000000,0.000000,0.000000,0.000000,0.000000,-179.000000,-1021.000000,424.000000,-1419.000000,-206.000000,-244.000000,-48.000000,22.000000,22.000000,22.000000,22.000000,22.000000,22.000000,22.000000,29.000000,29.000000,30.000000,31.000000,31.000000,31.000000,31.000000,1,1,1,1,1,1,1,0,0,0,0,0,0,0,74,5376.198242,721,0,1,0.534471,-0.033000,-0.323627,-3.117000,-0.400000,0.077000,1
1.338924,9.400000,-67.676003,-11.973000,128.082993,24.410000,7.207000,139.626999,0.000000,0.000000,0.000000,0.000000,0.000000,0.000000,0.000000,-179.000000,-1021.000000,424.000000,-1419.000000,-206.000000,-244.000000,-48.000000,22.000000,22.000000,22.000000,22.000000,22.000000,22.000000,22.000000,29.000000,29.000000,30.000000,31.000000,31.000000,31.000000,31.000000,1,1,1,1,1,1,1,0,0,0,0,0,0,0,74,5376.198242,717,0,1,0.535569,-0.032999,-0.323628,-3.116000,-0.399000,0.077000,1
1.348972,9.362000,-67.585999,-11.960000,127.922997,24.438000,7.292000,139.641006,0.000000,0.000000,0.000000,0.000000,0.000000,0.000000,0.000000,-179.000000,-1021.000000,424.000000,-1419.000000,-206.000000,-244.000000,-48.000000,22.000000,22.000000,22.000000,22.000000,22.000000,22.000000,22.000000,29.000000,29.000000,30.000000,31.000000,31.000000,31.000000,31.000000,1,1,1,1,1,1,1,0,0,0,0,0,0,0,74,5376.198242,718,0,1,0.536169,-0.033000,-0.323628,-3.117000,-0.400000,0.077000,1
1.358982,9.298000,-67.433998,-11.938000,127.654999,24.483999,7.436000,139.664001,0.000000,0.000000,0.000000,0.000000,0.000000,0.000000,0.000000,-179.000000,-1021.000000,424.000000,-1419.000000,-206.000000,-244.000000,-48.000000,22.000000,22.000000,22.000000,22.000000,22.000000,22.000000,22.000000,29.000000,29.000000,30.000000,31.000000,31.000000,31.000000,31.000000,1,1,1,1,1,1,1,0,0,0,0,0,0,0,74,5376.198242,720,0,1,0.537166,-0.032999,-0.323628,-3.116000,-0.399000,0.077000,1
1.368910,9.227000,-67.267998,-11.914000,127.360001,24.535000,7.594000,139.688995,0.000000,0.000000,0.000000,0.000000,0.000000,0.000000,0.000000,-179.000000,-1021.000000,424.000000,-1419.000000,-206.000000,-244.000000,-48.000000,22.000000,22.000000,22.000000,22.000000,22.000000,22.000000,22.000000,29.000000,29.000000,30.000000,31.000000,31.000000,31.000000,31.000000,1,1,1,1,1,1,1,0,0,0,0,0,0,0,74,5376.198242,716,0,1,0.538265,-0.032999,-0.323628,-3.116000,-0.399000,0.076000,1
1.378870,9.162000,-67.116997,-11.893000,127.092003,24.580999,7.739000,139.712006,0.000000,0.000000,0.000000,0.000000,0.000000,0.000000,0.000000,-179.000000,-1021.000000,424.000000,-1419.000000,-206.000000,-244.000000,-48.000000,22.000000,22.000000,22.000000,22.000000,22.000000,22.000000,22.000000,29.000000,29.000000,30.000000,31.000000,31.000000,31.000000,31.000000,1,1,1,1,1,1,1,0,0,0,0,0,0,0,74,5376.198242,716,0,1,0.539263,-0.032999,-0.323628,-3.116000,-0.399000,0.076000,1
1.388959,9.091000,-66.949997,-11.870000,126.795998,24.631001,7.898000,139.738007,0.000000,0.000000,0.000000,0.000000,0.000000,0.000000,0.000000,-179.000000,-1021.000000,424.000000,-1419.000000,-206.000000,-244.000000,-48.000000,22.000000,22.000000,22.000000,22.000000,22.000000,22.000000,22.000000,29.000000,29.000000,30.000000,31.000000,31.000000,31.000000,31.000000,1,1,1,1,1,1,1,0,0,0,0,0,0,0,74,5376.198242,718,0,1,0.540362,-0.033000,-0.323627,-3.117000,-0.400000,0.076000,1
1.398920,9.026000,-66.799004,-11.850000,126.527000,24.677000,8.043000,139.761002,0.000000,0.000000,0.000000,0.000000,0.000000,0.000000,0.000000,-179.000000,-1021.000000,424.000000,-1419.000000,-206.000000,-244.000000,-48.000000,22.000000,22.000000,22.000000,22.000000,22.000000,22.000000,22.000000,29.000000,29.000000,30.000000,31.000000,31.000000,31.000000,31.000000,1,1,1,1,1,1,1,0,0,0,0,0,0,0,74,5376.199219,719,0,1,0.541360,-0.032999,-0.323628,-3.116000,-0.399000,0.076000,1
1.408908,8.955000,-66.633003,-11.828000,126.230003,24.726000,8.204000,139.787994,0.000000,0.000000,0.000000,0.000000,0.000000,0.000000,0.000000,-179.000000,-1021.000000,424.000000,-1419.000000,-206.000000,-244.000000,-48.000000,22.000000,22.000000,22.000000,22.000000,22.000000,22.000000,22.000000,29.000000,29.000000,30.000000,31.000000,31.000000,31.000000,31.000000,1,1,1,1,1,1,1,0,0,0,0,0,0,0,74,5376.198242,716,0,1,0.542458,-0.032999,-0.323628,-3.116000,-0.399000,0.077000,1
1.418900,8.890000,-66.481003,-11.809000,125.960999,24.770000,8.350000,139.811996,0.000000,0.000000,0.000000,0.000000,0.000000,0.000000,0.000000,-179.000000,-1021.000000,424.000000,-1419.000000,-206.000000,-244.000000,-48.000000,22.000000,22.000000,22.000000,22.000000,22.000000,22.000000,22.000000,29.000000,29.000000,30.000000,31.000000,31.000000,31.000000,31.000000,1,1,1,1,1,1,1,0,0,0,0,0,0,0,74,5376.198242,717,0,1,0.543457,-0.032999,-0.323628,-3.116000,-0.399000,0.077000,1
1.428914,8.824000,-66.330002,-11.789000,125.690002,24.813999,8.496000,139.837006,0.000000,0.000000,0.000000,0.000000,0.000000,0.000000,0.000000,-179.000000,-1021.000000,424.000000,-1419.000000,-206.000000,-244.000000,-48.000000,22.000000,22.000000,22.000000,22.000000,22.000000,22.000000,22.000000,29.000000,29.000000,30.000000,31.000000,31.000000,31.000000,31.000000,1,1,1,1,1,1,1,0,0,0,0,0,0,0,74,5376.198242,717,0,1,0.544456,-0.032999,-0.323628,-3.116000,-0.399000,0.077000,1
1.438888,8.752000,-66.163002,-11.769000,125.391998,24.862000,8.658000,139.865005,0.000000,0.000000,0.000000,0.000000,0.000000,0.000000,0.000000,-179.000000,-1021.000000,424.000000,-1419.000000,-206.000000,-244.000000,-48.000000,22.000000,22.000000,22.000000,22.000000,22.000000,22.000000,22.000000,29.000000,29.000000,30.000000,31.000000,31.000000,31.000000,31.000000,1,1,1,1,1,1,1,0,0,0,0,0,0,0,74,5376.198242,719,0,1,0.545554,-0.032999,-0.323628,-3.116000,-0.399000,0.077000,1
1.448955,8.719000,-66.087997,-11.760000,125.257004,24.882999,8.731000,139.878006,0.000000,0.000000,0.000000,0.000000,0.000000,0.000000,0.000000,-179.000000,-1021.000000,424.000000,-1419.000000,-206.000000,-244.000000,-48.000000,22.000000,22.000000,22.000000,22.000000,22.000000,22.000000,22.000000,29.000000,29.000000,30.000000,31.000000,31.000000,31.000000,31.000000,1,1,1,1,1,1,1,0,0,0,0,0,0,0,74,5376.198242,718,0,1,0.546053,-0.032999,-0.323628,-3.116000,-0.399000,0.077000,1
1.458911,8.647000,-65.920998,-11.740000,124.958000,24.931000,8.893000,139.906006,0.000000,0.000000,0.000000,0.000000,0.000000,0.000000,0.000000,-179.000000,-1021.000000,424.000000,-1419.000000,-206.000000,-244.000000,-48.000000,22.000000,22.000000,22.000000,22.000000,22.000000,22.000000,22.000000,29.000000,29.000000,30.000000,31.000000,31.000000,31.000000,31.000000,1,1,1,1,1,1,1,0,0,0,0,0,0,0,74,5376.198242,717,0,1,0.547151,-0.032999,-0.323628,-3.116000,-0.399000,0.076000,1
1.468913,8.575000,-65.754997,-11.720000,124.658997,24.976999,9.056000,139.934998,0.000000,0.000000,0.000000,0.000000,0.000000,0.000000,0.000000,-179.000000,-1021.000000,424.000000,-1419.000000,-206.000000,-244.000000,-48.000000,22.000000,22.000000,22.000000,22.000000,22.000000,22.000000,22.000000,29.000000,29.000000,30.000000,31.000000,31.000000,31.000000,31.000000,1,1,1,1,1,1,1,0,0,0,0,0,0,0,74,5376.199219,716,0,1,0.548250,-0.032999,-0.323628,-3.116000,-0.399000,0.076000,1
1.478935,8.502000,-65.587997,-11.701000,124.360001,25.023001,9.219000,139.964005,0.000000,0.000000,0.000000,0.000000,0.000000,0.000000,0.000000,-179.000000,-1021.000000,424.000000,-1419.000000,-206.000000,-244.000000,-48.000000,22.000000,22.000000,22.000000,22.000000,22.000000,22.000000,22.000000,29.000000,29.000000,30.000000,31.000000,31.000000,31.000000,31.000000,1,1,1,1,1,1,1,0,0,0,0,0,0,0,74,5376.200195,716,0,1,0.549348,-0.032999,-0.323628,-3.116000,-0.399000,0.076000,1
1.488953,8.436000,-65.436996,-11.684000,124.086998,25.065001,9.368000,139.990997,0.000000,0.000000,0.000000,0.000000,0.000000,0.000000,0.000000,-179.000000,-1021.000000,424.000000,-1419.000000,-206.000000,-244.000000,-48.000000,22.000000,22.000000,22.000000,22.000000,22.000000,22.000000,22.000000,29.000000,29.000000,30.000000,31.000000,31.000000,31.000000,31.000000,1,1,1,1,1,1,1,0,0,0,0,0,0,0,74,5376.199219,719,0,1,0.550347,-0.032999,-0.323628,-3.116000,-0.399000,0.077000,1
1.499037,8.363000,-65.269997,-11.666000,123.786003,25.110001,9.532000,140.022003,0.000000,0.000000,0.000000,0.000000,0.000000,0.000000,0.000000,-179.000000,-1021.000000,424.000000,-1419.000000,-206.000000,-244.000000,-48.000000,22.000000,22.000000,22.000000,22.000000,22.000000,22.000000,22.000000,29.000000,29.000000,30.000000,31.000000,31.000000,31.000000,31.000000,1,1,1,1,1,1,1,0,0,0,0,0,0,0,74,5376.198242,716,0,1,0.551445,-0.032999,-0.323628,-3.116000,-0.399000,0.076000,1
1.508951,8.297000,-65.117996,-11.649000,123.513000,25.150999,9.681000,140.048996,0.000000,0.000000,0.000000,0.000000,0.000000,0.000000,0.000000,-179.000000,-1021.000000,424.000000,-1419.000000,-206.000000,-244.000000,-48.000000,22.000000,22.000000,22.000000,22.000000,22.000000,22.000000,22.000000,29.000000,29.000000,30.000000,31.000000,31.000000,31.000000,31.000000,1,1,1,1,1,1,1,0,0,0,0,0,0,0,74,5376.198242,718,0,1,0.552443,-0.032999,-0.323628,-3.116000,-0.399000,0.076000,1
1.519038,8.257000,-65.027000,-11.640000,123.348999,25.174999,9.771000,140.065994,0.000000,0.000000,0.000000,0.000000,0.000000,0.000000,0.000000,-179.000000,-1021.000000,424.000000,-1419.000000,-206.000000,-244.000000,-48.000000,22.000000,22.000000,22.000000,22.000000,22.000000,22.000000,22.000000,29.000000,29.000000,30.000000,31.000000,31.000000,31.000000,31.000000,1,1,1,1,1,1,1,0,0,0,0,0,0,0,74,5376.198242,717,0,1,0.553043,-0.033000,-0.323627,-3.117000,-0.400000,0.077000,1
1.529020,8.157000,-64.800003,-11.616000,122.936996,25.235001,9.996000,140.108994,0.000000,0.000000,0.000000,0.000000,0.000000,0.000000,0.000000,-179.000000,-1021.000000,424.000000,-1419.000000,-206.000000,-244.000000,-48.000000,22.000000,22.000000,22.000000,22.000000,22.000000,22.000000,22.000000,29.000000,29.000000,30.000000,31.000000,31.000000,31.000000,31.000000,1,1,1,1,1,1,1,0,0,0,0,0,0,0,74,5376.198242,716,0,1,0.554540,-0.032999,-0.323628,-3.116000,-0.399000,0.076000,1
1.539051,8.124000,-64.723999,-11.609000,122.800003,25.254999,10.072000,140.123001,0.000000,0.000000,0.000000,0.000000,0.000000,0.000000,0.000000,-179.000000,-1021.000000,424.000000,-1419.000000,-206.000000,-244.000000,-48.000000,22.000000,22.000000,22.000000,22.000000,22.000000,22.000000,22.000000,29.000000,29.000000,30.000000,31.000000,31.000000,31.000000,31.000000,1,1,1,1,1,1,1,0,0,0,0,0,0,0,74,5376.199219,719,0,1,0.555039,-0.032999,-0.323628,-3.116000,-0.399000,0.076000,1
1.549076,8.050000,-64.556999,-11.592000,122.497002,25.298000,10.238000,140.156006,0.000000,0.000000,0.000000,0.000000,0.000000,0.000000,0.000000,-179.000000,-1021.000000,424.000000,-1419.000000,-206.000000,-244.000000,-48.000000,22.000000,22.000000,22.000000,22.000000,22.000000,22.000000,22.000000,29.000000,29.000000,30.000000,31.000000,31.000000,31.000000,31.000000,1,1,1,1,1,1,1,0,0,0,0,0,0,0,74,5376.198242,718,0,1,0.556138,-0.032999,-0.323628,-3.116000,-0.399000,0.076000,1
1.558991,7.977000,-64.389999,-11.576000,122.194000,25.341000,10.404000,140.188004,0.000000,0.000000,0.000000,0.000000,0.000000,0.000000,0.000000,-179.000000,-1021.000000,424.000000,-1419.000000,-206.000000,-244.000000,-48.000000,22.000000,22.000000,22.000000,22.000000,22.000000,22.000000,22.000000,29.000000,29.000000,30.000000,31.000000,31.000000,31.000000,31.000000,1,1,1,1,1,1,1,0,0,0,0,0,0,0,74,5376.198242,718,0,1,0.557236,-0.033000,-0.323628,-3.117000,-0.400000,0.076000,1
1.569055,7.910000,-64.237999,-11.562000,121.917999,25.379999,10.556000,140.218002,0.000000,0.000000,0.000000,0.000000,0.000000,0.000000,0.000000,-179.000000,-1021.000000,424.000000,-1419.000000,-206.000000,-244.000000,-48.000000,22.000000,22.000000,22.000000,22.000000,22.000000,22.000000,22.000000,29.000000,29.000000,30.000000,31.000000,31.000000,31.000000,31.000000,1,1,1,1,1,1,1,0,0,0,0,0,0,0,74,5376.198242,717,0,1,0.558234,-0.032999,-0.323628,-3.116000,-0.399000,0.077000,1
1.578994,7.836000,-64.070999,-11.546000,121.613998,25.422001,10.723000,140.251999,0.000000,0.000000,0.000000,0.000000,0.000000,0.000000,0.000000,-179.000000,-1021.000000,424.000000,-1419.000000,-206.000000,-244.000000,-48.000000,22.000000,22.000000,22.000000,22.000000,22.000000,22.000000,22.000000,29.000000,29.000000,30.000000,31.000000,31.000000,31.000000,31.000000,1,1,1,1,1,1,1,0,0,0,0,0,0,0,74,5376.199219,717,0,1,0.559333,-0.032999,-0.323628,-3.116000,-0.399000,0.076000,1
1.589046,7.769000,-63.918999,-11.532000,121.336998,25.459999,10.875000,140.283005,0.000000,0.000000,0.000000,0.000000,0.000000,0.000000,0.000000,-179.000000,-1021.000000,424.000000,-1419.000000,-206.000000,-244.000000,-48.000000,22.000000,22.000000,22.000000,22.000000,22.000000,22.000000,22.000000,29.000000,29.000000,30.000000,31.000000,31.000000,31.000000,31.000000,1,1,1,1,1,1,1,0,0,0,0,0,0,0,74,5376.199219,717,0,1,0.560331,-0.032999,-0.323628,-3.116000,-0.399000,0.076000,1
1.599040,7.695000,-63.751999,-11.518000,121.031998,25.500999,11.043000,140.317001,0.000000,0.000000,0.000000,0.000000,0.000000,0.000000,0.000000,-179.000000,-1021.000000,424.000000,-1419.000000,-206.000000,-244.000000,-48.000000,22.000000,22.000000,22.000000,22.000000,22.000000,22.000000,22.000000,29.000000,29.000000,30.000000,31.000000,31.000000,31.000000,31.000000,1,1,1,1,1,1,1,0,0,0,0,0,0,0,74,5376.196777,717,0,1,0.561430,-0.032999,-0.323628,-3.116000,-0.399000,0.076000,1
1.609076,7.628000,-63.599998,-11.505000,120.754997,25.538000,11.196000,140.348999,0.000000,0.000000,0.000000,0.000000,0.000000,0.000000,0.000000,-179.000000,-1021.000000,424.000000,-1419.000000,-206.000000,-244.000000,-48.000000,22.000000,22.000000,22.000000,22.000000,22.000000,22.000000,22.000000,29.000000,29.000000,30.000000,31.000000,31.000000,31.000000,31.000000,1,1,1,1,1,1,1,0,0,0,0,0,0,0,74,5376.198242,717,0,1,0.562428,-0.032999,-0.323628,-3.116000,-0.399000,0.076000,1
1.619042,7.560000,-63.448002,-11.492000,120.475998,25.573999,11.349000,140.382004,0.000000,0.000000,0.000000,0.000000,0.000000,0.000000,0.000000,-179.000000,-1021.000000,424.000000,-1419.000000,-206.000000,-244.000000,-48.000000,22.000000,22.000000,22.000000,22.000000,22.000000,22.000000,22.000000,29.000000,29.000000,30.000000,31.000000,31.000000,31.000000,31.000000,1,1,1,1,1,1,1,0,0,0,0,0,0,0,74,5376.199219,717,0,1,0.563427,-0.032999,-0.323628,-3.116000,-0.399000,0.076000,1
1.629057,7.520000,-63.356998,-11.484000,120.308998,25.594999,11.442000,140.401993,0.000000,0.000000,0.000000,0.000000,0.000000,0.000000,0.000000,-179.000000,-1021.000000,424.000000,-1419.000000,-206.000000,-244.000000,-48.000000,22.000000,22.000000,22.000000,22.000000,22.000000,22.000000,22.000000,29.000000,29.000000,30.000000,31.000000,31.000000,31.000000,31.000000,1,1,1,1,1,1,1,0,0,0,0,0,0,0,74,5376.198242,718,0,1,0.564026,-0.032999,-0.323628,-3.116000,-0.399000,0.076000,1
1.638983,7.445000,-63.188999,-11.471000,120.001999,25.635000,11.611000,140.438004,0.000000,0.000000,0.000000,0.000000,0.000000,0.000000,0.000000,-179.000000,-1021.000000,424.000000,-1419.000000,-206.000000,-244.000000,-48.000000,22.000000,22.000000,22.000000,22.000000,22.000000,22.000000,22.000000,29.000000,29.000000,30.000000,31.000000,31.000000,31.000000,31.000000,1,1,1,1,1,1,1,0,0,0,0,0,0,0,74,5376.199219,717,0,1,0.565124,-0.032999,-0.323628,-3.116000,-0.399000,0.076000,1
1.649050,7.378000,-63.036999,-11.459000,119.723000,25.670000,11.765000,140.472000,0.000000,0.000000,0.000000,0.000000,0.000000,0.000000,0.000000,-179.000000,-1021.000000,424.000000,-1419.000000,-206.000000,-244.000000,-48.000000,22.000000,22.000000,22.000000,22.000000,22.000000,22.000000,22.000000,29.000000,29.000000,30.000000,31.000000,31.000000,31.000000,31.000000,1,1,1,1,1,1,1,0,0,0,0,0,0,0,74,5376.196777,718,0,1,0.566122,-0.032999,-0.323628,-3.116000,-0.399000,0.077000,1
1.658975,7.303000,-62.868999,-11.446000,119.415001,25.709000,11.935000,140.509003,0.000000,0.000000,0.000000,0.000000,0.000000,0.000000,0.000000,-179.000000,-1021.000000,424.000000,-1419.000000,-206.000000,-244.000000,-48.000000,22.000000,22.000000,22.000000,22.000000,22.000000,22.000000,22.000000,29.000000,29.000000,30.000000,31.000000,31.000000,31.000000,31.000000,1,1,1,1,1,1,1,0,0,0,0,0,0,0,74,5376.199219,717,0,1,0.567221,-0.032999,-0.323628,-3.116000,-0.399000,0.076000,1
1.668988,7.229000,-62.701000,-11.434000,119.107002,25.746000,12.106000,140.546997,0.000000,0.000000,0.000000,0.000000,0.000000,0.000000,0.000000,-179.000000,-1021.000000,424.000000,-1419.000000,-206.000000,-244.000000,-48.000000,22.000000,22.000000,22.000000,22.000000,22.000000,22.000000,22.000000,29.000000,29.000000,30.000000,31.000000,31.000000,31.000000,31.000000,1,1,1,1,1,1,1,0,0,0,0,0,0,0,74,5376.199219,718,0,1,0.568319,-0.032999,-0.323628,-3.116000,-0.399000,0.076000,1
1.678972,7.168000,-62.563999,-11.424000,118.853996,25.777000,12.246000,140.578995,0.000000,0.000000,0.000000,0.000000,0.000000,0.000000,0.000000,-179.000000,-1021.000000,424.000000,-1419.000000,-206.000000,-244.000000,-48.000000,22.000000,22.000000,22.000000,22.000000,22.000000,22.000000,22.000000,29.000000,29.000000,30.000000,31.000000,31.000000,31.000000,31.000000,1,1,1,1,1,1,1,0,0,0,0,0,0,0,74,5376.198242,716,0,1,0.569218,-0.032999,-0.323628,-3.116000,-0.399000,0.076000,1
1.688995,7.134000,-62.487999,-11.418000,118.713997,25.792999,12.324000,140.597000,0.000000,0.000000,0.000000,0.000000,0.000000,0.000000,0.000000,-179.000000,-1021.000000,424.000000,-1419.000000,-206.000000,-244.000000,-48.000000,22.000000,22.000000,22.000000,22.000000,22.000000,22.000000,22.000000,29.000000,29.000000,30.000000,31.000000,31.000000,31.000000,31.000000,1,1,1,1,1,1,1,0,0,0,0,0,0,0,74,5376.198242,719,0,1,0.569717,-0.032999,-0.323628,-3.116000,-0.399000,0.077000,1
1.698923,7.059000,-62.320000,-11.407000,118.403999,25.830000,12.495000,140.636002,0.000000,0.000000,0.000000,0.000000,0.000000,0.000000,0.000000,-179.000000,-1021.000000,424.000000,-1419.000000,-206.000000,-244.000000,-48.000000,22.000000,22.000000,22.000000,22.000000,22.000000,22.000000,22.000000,29.000000,29.000000,30.000000,31.000000,31.000000,31.000000,31.000000,1,1,1,1,1,1,1,0,0,0,0,0,0,0,74,5376.199219,718,0,1,0.570815,-0.032999,-0.323628,-3.116000,-0.399000,0.076000,1
1.708999,6.985000,-62.152000,-11.395000,118.094002,25.865999,12.667000,140.675995,0.000000,0.000000,0.000000,0.000000,0.000000,0.000000,0.000000,-179.000000,-1021.000000,424.000000,-1419.000000,-206.000000,-244.000000,-48.000000,22.000000,22.000000,22.000000,22.000000,22.000000,22.000000,22.000000,29.000000,29.000000,30.000000,31.000000,31.000000,31.000000,31.000000,1,1,1,1,1,1,1,0,0,0,0,0,0,0,74,5376.199219,718,0,1,0.571914,-0.032999,-0.323628,-3.116000,-0.399000,0.076000,1
1.718963,6.917000,-61.999001,-11.385000,117.810997,25.899000,12.823000,140.712997,0.000000,0.000000,0.000000,0.000000,0.000000,0.000000,0.000000,-179.000000,-1021.000000,424.000000,-1419.000000,-206.000000,-244.000000,-48.000000,22.000000,22.000000,22.000000,22.000000,22.000000,22.000000,22.000000,29.000000,29.000000,30.000000,31.000000,31.000000,31.000000,31.000000,1,1,1,1,1,1,1,0,0,0,0,0,0,0,74,5376.196777,717,0,1,0.572912,-0.032999,-0.323628,-3.116000,-0.399000,0.076000,1
1.729005,6.842000,-61.831001,-11.375000,117.500000,25.934000,12.996000,140.755005,0.000000,0.000000,0.000000,0.000000,0.000000,0.000000,0.000000,-179.000000,-1021.000000,424.000000,-1419.000000,-206.000000,-244.000000,-48.000000,22.000000,22.000000,22.000000,22.000000,22.000000,22.000000,22.000000,29.000000,29.000000,30.000000,31.000000,31.000000,31.000000,31.000000,1,1,1,1,1,1,1,0,0,0,0,0,0,0,74,5376.198242,718,0,1,0.574010,-0.032999,-0.323628,-3.116000,-0.399000,0.077000,1
1.738998,6.774000,-61.676998,-11.365000,117.217003,25.965000,13.153000,140.792999,0.000000,0.000000,0.000000,0.000000,0.000000,0.000000,0.000000,-179.000000,-1021.000000,424.000000,-1419.000000,-206.000000,-244.000000,-48.000000,22.000000,22.000000,22.000000,22.000000,22.000000,22.000000,22.000000,29.000000,29.000000,30.000000,31.000000,31.000000,31.000000,31.000000,1,1,1,1,1,1,1,0,0,0,0,0,0,0,74,5376.198242,717,0,1,0.575009,-0.032999,-0.323628,-3.116000,-0.399000,0.076000,1
1.749051,6.700000,-61.509998,-11.355000,116.906998,25.999001,13.325000,140.835007,0.000000,0.000000,0.000000,0.000000,0.000000,0.000000,0.000000,-179.000000,-1021.000000,424.000000,-1419.000000,-206.000000,-244.000000,-48.000000,22.000000,22.000000,22.000000,22.000000,22.000000,22.000000,22.000000,29.000000,29.000000,30.000000,31.000000,31.000000,31.000000,31.000000,1,1,1,1,1,1,1,0,0,0,0,0,0,0,74,5376.198242,718,0,1,0.576098,-0.033000,-0.323628,-3.117000,-0.399000,0.076000,1
1.758975,6.648000,-61.394001,-11.349000,116.691002,26.023001,13.445000,140.863998,0.000000,0.000000,0.000000,0.000000,0.000000,0.000000,0.000000,-179.000000,-1021.000000,424.000000,-1419.000000,-206.000000,-244.000000,-48.000000,22.000000,22.000000,22.000000,22.000000,22.000000,22.000000,22.000000,29.000000,29.000000,30.000000,31.000000,31.000000,31.000000,31.000000,1,1,1,1,1,1,1,0,0,0,0,0,0,0,74,5376.198242,718,0,1,0.576855,-0.032999,-0.323628,-3.116000,-0.399000,0.076000,1
1.768984,6.611000,-61.312000,-11.344000,116.540001,26.040001,13.529000,140.882996,0.000000,0.000000,0.000000,0.000000,0.000000,0.000000,0.000000,-179.000000,-1021.000000,424.000000,-1419.000000,-206.000000,-244.000000,-48.000000,22.000000,22.000000,22.000000,22.000000,22.000000,22.000000,22.000000,29.000000,29.000000,30.000000,31.000000,31.000000,31.000000,31.000000,1,1,1,1,1,1,1,0,0,0,0,0,0,0,74,5376.199219,718,0,1,0.577387,-0.032999,-0.323628,-3.116000,-0.399000,0.076000,1
1.778936,6.562000,-61.202000,-11.338000,116.334999,26.065001,13.643000,140.908997,0.000000,0.000000,0.000000,0.000000,0.000000,0.000000,0.000000,-179.000000,-1021.000000,424.000000,-1419.000000,-206.000000,-244.000000,-48.000000,22.000000,22.000000,22.000000,22.000000,22.000000,22.000000,22.000000,29.000000,29.000000,30.000000,31.000000,31.000000,31.000000,31.000000,1,1,1,1,1,1,1,0,0,0,0,0,0,0,74,5376.198242,718,0,1,0.578105,-0.032999,-0.323628,-3.116000,-0.399000,0.077000,1
1.789002,6.524000,-61.118000,-11.334000,116.180000,26.084999,13.730000,140.927002,0.000000,0.000000,0.000000,0.000000,0.000000,0.000000,0.000000,-179.000000,-1021.000000,424.000000,-1419.000000,-206.000000,-244.000000,-48.000000,22.000000,22.000000,22.000000,22.000000,22.000000,22.000000,22.000000,29.000000,29.000000,30.000000,31.000000,31.000000,31.000000,31.000000,1,1,1,1,1,1,1,0,0,0,0,0,0,0,74,5376.198242,717,0,1,0.578648,-0.032999,-0.323628,-3.116000,-0.399000,0.077000,1
1.798988,6.482000,-61.028000,-11.329000,116.013000,26.110001,13.824000,140.944000,0.000000,0.000000,0.000000,0.000000,0.000000,0.000000,0.000000,-179.000000,-1021.000000,424.000000,-1419.000000,-206.000000,-244.000000,-48.000000,22.000000,22.000000,22.000000,22.000000,22.000000,22.000000,22.000000,29.000000,29.000000,30.000000,31.000000,31.000000,31.000000,31.000000,1,1,1,1,1,1,1,0,0,0,0,0,0,0,74,5376.198242,717,0,1,0.579232,-0.032999,-0.323628,-3.116000,-0.399000,0.076000,1
1.809002,6.455000,-60.971001,-11.327000,115.907997,26.131001,13.883000,140.949005,0.000000,0.000000,0.000000,0.000000,0.000000,0.000000,0.000000,-179.000000,-1021.000000,424.000000,-1419.000000,-206.000000,-244.000000,-48.000000,22.000000,22.000000,22.000000,22.000000,22.000000,22.000000,22.000000,29.000000,29.000000,30.000000,31.000000,31.000000,31.000000,31.000000,1,1,1,1,1,1,1,0,0,0,0,0,0,0,74,5376.196777,718,0,1,0.579598,-0.032999,-0.323628,-3.116000,-0.399000,0.076000,1
1.819050,6.435000,-60.933998,-11.326000,115.838997,26.150999,13.923000,140.947006,0.000000,0.000000,0.000000,0.000000,0.000000,0.000000,0.000000,-179.000000,-1021.000000,424.000000,-1419.000000,-206.000000,-244.000000,-48.000000,22.000000,22.000000,22.000000,22.000000,22.000000,22.000000,22.000000,29.000000,29.000000,30.000000,31.000000,31.000000,31.000000,31.000000,1,1,1,1,1,1,1,0,0,0,0,0,0,0,74,5376.199219,717,0,1,0.579839,-0.032999,-0.323628,-3.116000,-0.399000,0.076000,1
1.829034,6.424000,-60.916000,-11.326000,115.806000,26.170000,13.943000,140.938004,0.000000,0.000000,0.000000,0.000000,0.000000,0.000000,0.000000,-179.000000,-1021.000000,424.000000,-1419.000000,-206.000000,-244.000000,-48.000000,22.000000,22.000000,22.000000,22.000000,22.000000,22.000000,22.000000,29.000000,29.000000,30.000000,31.000000,31.000000,31.000000,31.000000,1,1,1,1,1,1,1,0,0,0,0,0,0,0,74,5376.198242,717,0,1,0.579953,-0.032999,-0.323628,-3.116000,-0.399000,0.077000,1
1.839023,6.421000,-60.910999,-11.326000,115.799004,26.177999,13.948000,140.932007,0.000000,0.000000,0.000000,0.000000,0.000000,0.000000,0.000000,-179.000000,-1021.000000,424.000000,-1419.000000,-206.000000,-244.000000,-48.000000,22.000000,22.000000,22.000000,22.000000,22.000000,22.000000,22.000000,29.000000,29.000000,30.000000,31.000000,31.000000,31.000000,31.000000,1,1,1,1,1,1,1,0,0,0,0,0,0,0,74,5376.199219,718,0,1,0.579979,-0.032999,-0.323627,-3.116000,-0.399000,0.076000,1
1.850269,6.416000,-60.905998,-11.329000,115.788002,26.194000,13.955000,140.917999,0.000000,0.000000,0.000000,0.000000,0.000000,0.000000,0.000000,-179.000000,-1021.000000,424.000000,-1419.000000,-206.000000,-244.000000,-48.000000,22.000000,22.000000,22.000000,22.000000,22.000000,22.000000,22.000000,29.000000,29.000000,30.000000,31.000000,31.000000,31.000000,31.000000,1,1,1,1,1,1,1,0,0,0,0,0,0,0,74,5376.198242,718,0,1,0.580014,-0.033008,-0.323627,-3.117000,-0.400000,0.077000,1
1.860205,6.416000,-60.896999,-11.337000,115.772003,26.207001,13.967000,140.901993,0.000000,0.000000,0.000000,0.000000,0.000000,0.000000,0.000000,-179.000000,-1021.000000,424.000000,-1419.000000,-206.000000,-244.000000,-48.000000,22.000000,22.000000,22.000000,22.000000,22.000000,22.000000,22.000000,29.000000,29.000000,30.000000,31.000000,31.000000,31.000000,31.000000,1,1,1,1,1,1,1,0,0,0,0,0,0,0,74,5376.198242,716,0,1,0.580066,-0.033038,-0.323628,-3.116000,-0.399000,0.076000,1
1.871097,6.419000,-60.876999,-11.356000,115.730003,26.218000,13.993000,140.884003,0.000000,0.000000,0.000000,0.000000,0.000000,0.000000,0.000000,-179.000000,-1021.000000,424.000000,-1419.000000,-206.000000,-244.000000,-48.000000,22.000000,22.000000,22.000000,22.000000,22.000000,22.000000,22.000000,29.000000,29.000000,30.000000,31.000000,31.000000,31.000000,31.000000,1,1,1,1,1,1,1,0,0,0,0,0,0,0,74,5376.198242,718,0,1,0.580200,-0.033115,-0.323628,-3.116000,-0.399000,0.077000,1
1.881132,6.430000,-60.839001,-11.391000,115.648003,26.224001,14.043000,140.863998,0.000000,0.000000,0.000000,0.000000,0.000000,0.000000,0.000000,-179.000000,-1021.000000,424.000000,-1419.000000,-206.000000,-244.000000,-48.000000,22.000000,22.000000,22.000000,22.000000,22.000000,22.000000,22.000000,29.000000,29.000000,30.000000,31.000000,31.000000,31.000000,31.000000,1,1,1,1,1,1,1,0,0,0,0,0,0,0,74,5376.198242,718,0,1,0.580460,-0.033265,-0.323628,-3.117000,-0.400000,0.076000,1
1.891202,6.446000,-60.785000,-11.440000,115.529999,26.224001,14.114000,140.841995,0.000000,0.000000,0.000000,0.000000,0.000000,0.000000,0.000000,-179.000000,-1021.000000,424.000000,-1419.000000,-206.000000,-244.000000,-48.000000,22.000000,22.000000,22.000000,22.000000,22.000000,22.000000,22.000000,29.000000,29.000000,30.000000,31.000000,31.000000,31.000000,31.000000,1,1,1,1,1,1,1,0,0,0,0,0,0,0,74,5376.199219,718,0,1,0.580830,-0.033479,-0.323627,-3.117000,-0.399000,0.077000,1
1.901315,6.470000,-60.709999,-11.508000,115.369003,26.218000,14.210000,140.817993,0.000000,0.000000,0.000000,0.000000,0.000000,0.000000,0.000000,-179.000000,-1021.000000,424.000000,-1419.000000,-206.000000,-244.000000,-48.000000,22.000000,22.000000,22.000000,22.000000,22.000000,22.000000,22.000000,29.000000,29.000000,30.000000,31.000000,31.000000,31.000000,31.000000,1,1,1,1,1,1,1,0,0,0,0,0,0,0,74,5376.198242,716,0,1,0.581338,-0.033772,-0.323628,-3.116000,-0.399000,0.076000,1
1.911999,6.505000,-60.605999,-11.601000,115.144997,26.205999,14.344000,140.789001,0.000000,0.000000,0.000000,0.000000,0.000000,0.000000,0.000000,-179.000000,-1021.000000,424.000000,-1419.000000,-206.000000,-244.000000,-48.000000,22.000000,22.000000,22.000000,22.000000,22.000000,22.000000,22.000000,29.000000,29.000000,30.000000,31.000000,31.000000,31.000000,31.000000,1,1,1,1,1,1,1,0,0,0,0,0,0,0,74,5376.198242,718,0,1,0.582047,-0.034182,-0.323628,-3.116000,-0.399000,0.077000,1
1.921976,6.546000,-60.483002,-11.711000,114.877998,26.188000,14.502000,140.757996,0.000000,0.000000,0.000000,0.000000,0.000000,0.000000,0.000000,-179.000000,-1021.000000,424.000000,-1419.000000,-206.000000,-244.000000,-48.000000,22.000000,22.000000,22.000000,22.000000,22.000000,22.000000,22.000000,29.000000,29.000000,30.000000,31.000000,31.000000,31.000000,31.000000,1,1,1,1,1,1,1,0,0,0,0,0,0,0,74,5376.196777,718,0,1,0.582886,-0.034666,-0.323628,-3.117000,-0.400000,0.076000,1
1.932030,6.588000,-60.360001,-11.821000,114.612000,26.170000,14.660000,140.729004,0.000000,0.000000,0.000000,0.000000,0.000000,0.000000,0.000000,-179.000000,-1021.000000,424.000000,-1419.000000,-206.000000,-244.000000,-48.000000,22.000000,22.000000,22.000000,22.000000,22.000000,22.000000,22.000000,29.000000,29.000000,30.000000,31.000000,31.000000,31.000000,31.000000,1,1,1,1,1,1,1,0,0,0,0,0,0,0,74,5376.198242,718,0,1,0.583722,-0.035148,-0.323628,-3.116000,-0.399000,0.076000,1
1.942044,6.636000,-60.220001,-11.945000,114.308998,26.148001,14.840000,140.697006,0.000000,0.000000,0.000000,0.000000,0.000000,0.000000,0.000000,-179.000000,-1021.000000,424.000000,-1419.000000,-206.000000,-244.000000,-48.000000,22.000000,22.000000,22.000000,22.000000,22.000000,22.000000,22.000000,29.000000,29.000000,30.000000,31.000000,31.000000,31.000000,31.000000,1,1,1,1,1,1,1,0,0,0,0,0,0,0,74,5376.198242,717,0,1,0.584672,-0.035697,-0.323628,-3.116000,-0.399000,0.076000,1
1.952125,6.680000,-60.092999,-12.058000,114.031998,26.129000,15.004000,140.669006,0.000000,0.000000,0.000000,0.000000,0.000000,0.000000,0.000000,-179.000000,-1021.000000,424.000000,-1419.000000,-206.000000,-244.000000,-48.000000,22.000000,22.000000,22.000000,22.000000,22.000000,22.000000,22.000000,29.000000,29.000000,30.000000,31.000000,31.000000,31.000000,31.000000,1,1,1,1,1,1,1,0,0,0,0,0,0,0,74,5376.198242,717,0,1,0.585537,-0.036197,-0.323628,-3.117000,-0.399000,0.077000,1
1.961997,6.728000,-59.952000,-12.181000,113.726997,26.108000,15.184000,140.638000,0.000000,0.000000,0.000000,0.000000,0.000000,0.000000,0.000000,-179.000000,-1021.000000,424.000000,-1419.000000,-206.000000,-244.000000,-48.000000,22.000000,22.000000,22.000000,22.000000,22.000000,22.000000,22.000000,29.000000,29.000000,30.000000,31.000000,31.000000,31.000000,31.000000,1,1,1,1,1,1,1,0,0,0,0,0,0,0,74,5376.198242,716,0,1,0.586489,-0.036746,-0.323628,-3.116000,-0.399000,0.077000,1
1.971996,6.750000,-59.888000,-12.237000,113.588997,26.099001,15.266000,140.623993,0.000000,0.000000,0.000000,0.000000,0.000000,0.000000,0.000000,-179.000000,-1021.000000,424.000000,-1419.000000,-206.000000,-244.000000,-48.000000,22.000000,22.000000,22.000000,22.000000,22.000000,22.000000,22.000000,29.000000,29.000000,30.000000,31.000000,31.000000,31.000000,31.000000,1,1,1,1,1,1,1,0,0,0,0,0,0,0,74,5376.199219,718,0,1,0.586922,-0.036996,-0.323628,-3.116000,-0.399000,0.076000,1
1.982007,6.798000,-59.745998,-12.361000,113.282997,26.077999,15.447000,140.595001,0.000000,0.000000,0.000000,0.000000,0.000000,0.000000,0.000000,-179.000000,-1021.000000,424.000000,-1419.000000,-206.000000,-244.000000,-48.000000,22.000000,22.000000,22.000000,22.000000,22.000000,22.000000,22.000000,29.000000,29.000000,30.000000,31.000000,31.000000,31.000000,31.000000,1,1,1,1,1,1,1,0,0,0,0,0,0,0,74,5376.199219,716,0,1,0.587874,-0.037546,-0.323628,-3.116000,-0.399000,0.077000,1
1.991991,6.842000,-59.618000,-12.472000,113.003998,26.059000,15.612000,140.567993,0.000000,0.000000,0.000000,0.000000,0.000000,0.000000,0.000000,-179.000000,-1021.000000,424.000000,-1419.000000,-206.000000,-244.000000,-48.000000,22.000000,22.000000,22.000000,22.000000,22.000000,22.000000,22.000000,29.000000,29.000000,30.000000,31.000000,31.000000,31.000000,31.000000,1,1,1,1,1,1,1,0,0,0,0,0,0,0,74,5376.199219,718,0,1,0.588739,-0.038045,-0.323628,-3.117000,-0.399000,0.077000,1
2.002038,6.890000,-59.476002,-12.595000,112.696999,26.040001,15.793000,140.539993,0.000000,0.000000,0.000000,0.000000,0.000000,0.000000,0.000000,-179.000000,-1021.000000,424.000000,-1419.000000,-206.000000,-244.000000,-48.000000,22.000000,22.000000,22.000000,22.000000,22.000000,22.000000,22.000000,29.000000,29.000000,30.000000,31.000000,31.000000,31.000000,31.000000,1,1,1,1,1,1,1,0,0,0,0,0,0,0,74,5376.198242,718,0,1,0.589691,-0.038595,-0.323628,-3.116000,-0.399000,0.076000,1
2.011919,6.934000,-59.346001,-12.706000,112.417000,26.021999,15.958000,140.514999,0.000000,0.000000,0.000000,0.000000,0.000000,0.000000,0.000000,-179.000000,-1021.000000,424.000000,-1419.000000,-206.000000,-244.000000,-48.000000,22.000000,22.000000,22.000000,22.000000,22.000000,22.000000,22.000000,29.000000,29.000000,30.000000,31.000000,31.000000,31.000000,31.000000,1,1,1,1,1,1,1,0,0,0,0,0,0,0,74,5376.198242,717,0,1,0.590556,-0.039094,-0.323628,-3.117000,-0.399000,0.077000,1
2.022079,6.979000,-59.216999,-12.818000,112.136002,26.004000,16.124001,140.490005,0.000000,0.000000,0.000000,0.000000,0.000000,0.000000,0.000000,-179.000000,-1021.000000,424.000000,-1419.000000,-206.000000,-244.000000,-48.000000,22.000000,22.000000,22.000000,22.000000,22.000000,22.000000,22.000000,29.000000,29.000000,30.000000,31.000000,31.000000,31.000000,31.000000,1,1,1,1,1,1,1,0,0,0,0,0,0,0,74,5376.196777,718,0,1,0.591422,-0.039594,-0.323628,-3.116000,-0.399000,0.076000,1
2.031985,7.027000,-59.074001,-12.940000,111.827003,25.985001,16.306000,140.462997,0.000000,0.000000,0.000000,0.000000,0.000000,0.000000,0.000000,-179.000000,-1021.000000,424.000000,-1419.000000,-206.000000,-244.000000,-48.000000,22.000000,22.000000,22.000000,22.000000,22.000000,22.000000,22.000000,29.000000,29.000000,30.000000,31.000000,31.000000,31.000000,31.000000,1,1,1,1,1,1,1,0,0,0,0,0,0,0,74,5376.198242,722,0,1,0.592374,-0.040144,-0.323628,-3.117000,-0.399000,0.077000,1
2.041972,7.072000,-58.943001,-13.050000,111.544998,25.968000,16.472000,140.440002,0.000000,0.000000,0.000000,0.000000,0.000000,0.000000,0.000000,-179.000000,-1021.000000,424.000000,-1419.000000,-206.000000,-244.000000,-48.000000,22.000000,22.000000,22.000000,22.000000,22.000000,22.000000,22.000000,29.000000,29.000000,30.000000,31.000000,31.000000,31.000000,31.000000,1,1,1,1,1,1,1,0,0,0,0,0,0,0,74,5376.196777,717,0,1,0.593239,-0.040643,-0.323628,-3.116000,-0.399000,0.076000,1
2.052074,7.121000,-58.799999,-13.172000,111.235001,25.948999,16.655001,140.414993,0.000000,0.000000,0.000000,0.000000,0.000000,0.000000,0.000000,-179.000000,-1021.000000,424.000000,-1419.000000,-206.000000,-244.000000,-48.000000,22.000000,22.000000,22.000000,22.000000,22.000000,22.000000,22.000000,29.000000,29.000000,30.000000,31.000000,31.000000,31.000000,31.000000,1,1,1,1,1,1,1,0,0,0,0,0,0,0,74,5376.198242,719,0,1,0.594191,-0.041193,-0.323628,-3.117000,-0.399000,0.077000,1
2.061997,7.166000,-58.668999,-13.282000,110.952003,25.933001,16.820999,140.391998,0.000000,0.000000,0.000000,0.000000,0.000000,0.000000,0.000000,-179.000000,-1021.000000,424.000000,-1419.000000,-206.000000,-244.000000,-48.000000,22.000000,22.000000,22.000000,22.000000,22.000000,22.000000,22.000000,29.000000,29.000000,30.000000,31.000000,31.000000,31.000000,31.000000,1,1,1,1,1,1,1,0,0,0,0,0,0,0,74,5376.199219,718,0,1,0.595056,-0.041692,-0.323628,-3.116000,-0.399000,0.076000,1
2.072024,7.215000,-58.525002,-13.403000,110.639999,25.915001,17.004999,140.367996,0.000000,0.000000,0.000000,0.000000,0.000000,0.000000,0.000000,-179.000000,-1021.000000,424.000000,-1419.000000,-206.000000,-244.000000,-48.000000,22.000000,22.000000,22.000000,22.000000,22.000000,22.000000,22.000000,29.000000,29.000000,30.000000,31.000000,31.000000,31.000000,31.000000,1,1,1,1,1,1,1,0,0,0,0,0,0,0,74,5376.198242,719,0,1,0.596008,-0.042242,-0.323627,-3.116000,-0.399000,0.077000,1
2.081993,7.260000,-58.393002,-13.513000,110.355003,25.899000,17.171000,140.347000,0.000000,0.000000,0.000000,0.000000,0.000000,0.000000,0.000000,-179.000000,-1021.000000,424.000000,-1419.000000,-206.000000,-244.000000,-48.000000,22.000000,22.000000,22.000000,22.000000,22.000000,22.000000,22.000000,29.000000,29.000000,30.000000,31.000000,31.000000,31.000000,31.000000,1,1,1,1,1,1,1,0,0,0,0,0,0,0,74,5376.198242,718,0,1,0.596873,-0.042742,-0.323628,-3.117000,-0.400000,0.077000,1
2.092058,7.287000,-58.313999,-13.579000,110.183998,25.889000,17.271999,140.334000,0.000000,0.000000,0.000000,0.000000,0.000000,0.000000,0.000000,-179.000000,-1021.000000,424.000000,-1419.000000,-206.000000,-244.000000,-48.000000,22.000000,22.000000,22.000000,22.000000,22.000000,22.000000,22.000000,29.000000,29.000000,30.000000,31.000000,31.000000,31.000000,31.000000,1,1,1,1,1,1,1,0,0,0,0,0,0,0,74,5376.198242,717,0,1,0.597392,-0.043041,-0.323628,-3.116000,-0.399000,0.076000,1
2.101990,7.332000,-58.181999,-13.689000,109.899002,25.872999,17.438999,140.313995,0.000000,0.000000,0.000000,0.000000,0.000000,0.000000,0.000000,-179.000000,-1021.000000,424.000000,-1419.000000,-206.000000,-244.000000,-48.000000,22.000000,22.000000,22.000000,22.000000,22.000000,22.000000,22.000000,29.000000,29.000000,30.000000,31.000000,31.000000,31.000000,31.000000,1,1,1,1,1,1,1,0,0,0,0,0,0,0,74,5376.198242,720,0,1,0.598258,-0.043541,-0.323628,-3.116000,-0.399000,0.076000,1
2.111955,7.382000,-58.036999,-13.809000,109.584999,25.856001,17.624001,140.292007,0.000000,0.000000,0.000000,0.000000,0.000000,0.000000,0.000000,-179.000000,-1021.000000,424.000000,-1419.000000,-206.000000,-244.000000,-48.000000,22.000000,22.000000,22.000000,22.000000,22.000000,22.000000,22.000000,29.000000,29.000000,30.000000,31.000000,31.000000,31.000000,31.000000,1,1,1,1,1,1,1,0,0,0,0,0,0,0,74,5376.196777,717,0,1,0.599210,-0.044090,-0.323628,-3.116000,-0.399000,0.076000,1
2.121987,7.433000,-57.890999,-13.930000,109.268997,25.839001,17.808001,140.270996,0.000000,0.000000,0.000000,0.000000,0.000000,0.000000,0.000000,-179.000000,-1021.000000,424.000000,-1419.000000,-206.000000,-244.000000,-48.000000,22.000000,22.000000,22.000000,22.000000,22.000000,22.000000,22.000000,29.000000,29.000000,30.000000,31.000000,31.000000,31.000000,31.000000,1,1,1,1,1,1,1,0,0,0,0,0,0,0,74,5376.198242,719,0,1,0.600162,-0.044640,-0.323628,-3.116000,-0.399000,0.076000,1
2.132058,7.478000,-57.757999,-14.039000,108.982002,25.823999,17.976999,140.251999,0.000000,0.000000,0.000000,0.000000,0.000000,0.000000,0.000000,-179.000000,-1021.000000,424.000000,-1419.000000,-206.000000,-244.000000,-48.000000,22.000000,22.000000,22.000000,22.000000,22.000000,22.000000,22.000000,29.000000,29.000000,30.000000,31.000000,31.000000,31.000000,31.000000,1,1,1,1,1,1,1,0,0,0,0,0,0,0,74,5376.199219,718,0,1,0.601027,-0.045139,-0.323628,-3.116000,-0.399000,0.076000,1
2.142015,7.529000,-57.611000,-14.159000,108.665001,25.806999,18.162001,140.231995,0.000000,0.000000,0.000000,0.000000,0.000000,0.000000,0.000000,-179.000000,-1021.000000,424.000000,-1419.000000,-206.000000,-244.000000,-48.000000,22.000000,22.000000,22.000000,22.000000,22.000000,22.000000,22.000000,29.000000,29.000000,30.000000,31.000000,31.000000,31.000000,31.000000,1,1,1,1,1,1,1,0,0,0,0,0,0,0,74,5376.198242,718,0,1,0.601979,-0.045689,-0.323628,-3.116000,-0.399000,0.076000,1
2.152021,7.575000,-57.478001,-14.268000,108.376999,25.792000,18.330999,140.214996,0.000000,0.000000,0.000000,0.000000,0.000000,0.000000,0.000000,-179.000000,-1021.000000,424.000000,-1419.000000,-206.000000,-244.000000,-48.000000,22.000000,22.000000,22.000000,22.000000,22.000000,22.000000,22.000000,29.000000,29.000000,30.000000,31.000000,31.000000,31.000000,31.000000,1,1,1,1,1,1,1,0,0,0,0,0,0,0,74,5376.198242,717,0,1,0.602844,-0.046189,-0.323628,-3.117000,-0.399000,0.076000,1
2.162043,7.626000,-57.330002,-14.388000,108.058998,25.775999,18.517000,140.195999,0.000000,0.000000,0.000000,0.000000,0.000000,0.000000,0.000000,-179.000000,-1021.000000,424.000000,-1419.000000,-206.000000,-244.000000,-48.000000,22.000000,22.000000,22.000000,22.000000,22.000000,22.000000,22.000000,29.000000,29.000000,30.000000,31.000000,31.000000,31.000000,31.000000,1,1,1,1,1,1,1,0,0,0,0,0,0,0,74,5376.199219,719,0,1,0.603796,-0.046738,-0.323627,-3.116000,-0.399000,0.076000,1
2.172012,7.677000,-57.182999,-14.508000,107.739998,25.760000,18.702999,140.177994,0.000000,0.000000,0.000000,0.000000,0.000000,0.000000,0.000000,-179.000000,-1021.000000,424.000000,-1419.000000,-206.000000,-244.000000,-48.000000,22.000000,22.000000,22.000000,22.000000,22.000000,22.000000,22.000000,29.000000,29.000000,30.000000,31.000000,31.000000,31.000000,31.000000,1,1,1,1,1,1,1,0,0,0,0,0,0,0,74,5376.198242,718,0,1,0.604748,-0.047288,-0.323628,-3.116000,-0.399000,0.076000,1
2.181962,7.705000,-57.102001,-14.573000,107.565002,25.752001,18.805000,140.167999,0.000000,0.000000,0.000000,0.000000,0.000000,0.000000,0.000000,-179.000000,-1021.000000,424.000000,-1419.000000,-206.000000,-244.000000,-48.000000,22.000000,22.000000,22.000000,22.000000,22.000000,22.000000,22.000000,29.000000,29.000000,30.000000,31.000000,31.000000,31.000000,31.000000,1,1,1,1,1,1,1,0,0,0,0,0,0,0,74,5376.198242,719,0,1,0.605267,-0.047587,-0.323628,-3.116000,-0.399000,0.077000,1
2.191979,7.752000,-56.966999,-14.682000,107.274002,25.738001,18.974001,140.153000,0.000000,0.000000,0.000000,0.000000,0.000000,0.000000,0.000000,-179.000000,-1021.000000,424.000000,-1419.000000,-206.000000,-244.000000,-48.000000,22.000000,22.000000,22.000000,22.000000,22.000000,22.000000,22.000000,29.000000,29.000000,30.000000,31.000000,31.000000,31.000000,31.000000,1,1,1,1,1,1,1,0,0,0,0,0,0,0,74,5376.199219,723,0,1,0.606132,-0.048087,-0.323627,-3.117000,-0.399000,0.077000,1
2.201989,7.799000,-56.832001,-14.791000,106.983002,25.724001,19.145000,140.138000,0.000000,0.000000,0.000000,0.000000,0.000000,0.000000,0.000000,-179.000000,-1021.000000,424.000000,-1419.000000,-206.000000,-244.000000,-48.000000,22.000000,22.000000,22.000000,22.000000,22.000000,22.000000,22.000000,29.000000,29.000000,30.000000,31.000000,31.000000,31.000000,31.000000,1,1,1,1,1,1,1,0,0,0,0,0,0,0,74,5376.198242,718,0,1,0.606998,-0.048587,-0.323628,-3.116000,-0.399000,0.076000,1
2.211945,7.851000,-56.683998,-14.910000,106.661003,25.708000,19.332001,140.121994,0.000000,0.000000,0.000000,0.000000,0.000000,0.000000,0.000000,-179.000000,-1021.000000,424.000000,-1419.000000,-206.000000,-244.000000,-48.000000,22.000000,22.000000,22.000000,22.000000,22.000000,22.000000,22.000000,29.000000,29.000000,30.000000,31.000000,31.000000,31.000000,31.000000,1,1,1,1,1,1,1,0,0,0,0,0,0,0,74,5376.196777,717,0,1,0.607949,-0.049136,-0.323628,-3.116000,-0.399000,0.076000,1
2.221978,7.899000,-56.548000,-15.019000,106.367996,25.695000,19.503000,140.108994,0.000000,0.000000,0.000000,0.000000,0.000000,0.000000,0.000000,-179.000000,-1021.000000,424.000000,-1419.000000,-206.000000,-244.000000,-48.000000,22.000000,22.000000,22.000000,22.000000,22.000000,22.000000,22.000000,29.000000,29.000000,30.000000,31.000000,31.000000,31.000000,31.000000,1,1,1,1,1,1,1,0,0,0,0,0,0,0,74,5376.198242,718,0,1,0.608815,-0.049636,-0.323628,-3.116000,-0.399000,0.077000,1
2.231975,7.951000,-56.397999,-15.138000,106.044998,25.680000,19.691000,140.093994,0.000000,0.000000,0.000000,0.000000,0.000000,0.000000,0.000000,-179.000000,-1021.000000,424.000000,-1419.000000,-206.000000,-244.000000,-48.000000,22.000000,22.000000,22.000000,22.000000,22.000000,22.000000,22.000000,29.000000,29.000000,30.000000,31.000000,31.000000,31.000000,31.000000,1,1,1,1,1,1,1,0,0,0,0,0,0,0,74,5376.198242,716,0,1,0.609767,-0.050185,-0.323628,-3.116000,-0.399000,0.076000,1
2.241972,8.004000,-56.248001,-15.258000,105.721001,25.665001,19.879000,140.080002,0.000000,0.000000,0.000000,0.000000,0.000000,0.000000,0.000000,-179.000000,-1021.000000,424.000000,-1419.000000,-206.000000,-244.000000,-48.000000,22.000000,22.000000,22.000000,22.000000,22.000000,22.000000,22.000000,29.000000,29.000000,30.000000,31.000000,31.000000,31.000000,31.000000,1,1,1,1,1,1,1,0,0,0,0,0,0,0,74,5376.198242,717,0,1,0.610718,-0.050735,-0.323628,-3.116000,-0.399000,0.076000,1
2.252029,8.053000,-56.112000,-15.366000,105.426003,25.652000,20.049999,140.067993,0.000000,0.000000,0.000000,0.000000,0.000000,0.000000,0.000000,-179.000000,-1021.000000,424.000000,-1419.000000,-206.000000,-244.000000,-48.000000,22.000000,22.000000,22.000000,22.000000,22.000000,22.000000,22.000000,29.000000,29.000000,30.000000,31.000000,31.000000,31.000000,31.000000,1,1,1,1,1,1,1,0,0,0,0,0,0,0,74,5376.198242,717,0,1,0.611584,-0.051235,-0.323628,-3.116000,-0.399000,0.077000,1
2.261932,8.077000,-56.042999,-15.421000,105.278000,25.645000,20.136000,140.063004,0.000000,0.000000,0.000000,0.000000,0.000000,0.000000,0.000000,-179.000000,-1021.000000,424.000000,-1419.000000,-206.000000,-244.000000,-48.000000,22.000000,22.000000,22.000000,22.000000,22.000000,22.000000,22.000000,29.000000,29.000000,30.000000,31.000000,31.000000,31.000000,31.000000,1,1,1,1,1,1,1,0,0,0,0,0,0,0,74,5376.199219,717,0,1,0.612016,-0.051484,-0.323627,-3.117000,-0.399000,0.076000,1
2.271933,8.130000,-55.893002,-15.540000,104.952003,25.631001,20.325001,140.050003,0.000000,0.000000,0.000000,0.000000,0.000000,0.000000,0.000000,-179.000000,-1021.000000,424.000000,-1419.000000,-206.000000,-244.000000,-48.000000,22.000000,22.000000,22.000000,22.000000,22.000000,22.000000,22.000000,29.000000,29.000000,30.000000,31.000000,31.000000,31.000000,31.000000,1,1,1,1,1,1,1,0,0,0,0,0,0,0,74,5376.198242,718,0,1,0.612968,-0.052034,-0.323627,-3.116000,-0.399000,0.076000,1
2.281885,8.179000,-55.755001,-15.649000,104.654999,25.618000,20.497999,140.039993,0.000000,0.000000,0.000000,0.000000,0.000000,0.000000,0.000000,-179.000000,-1021.000000,424.000000,-1419.000000,-206.000000,-244.000000,-48.000000,22.000000,22.000000,22.000000,22.000000,22.000000,22.000000,22.000000,29.000000,29.000000,30.000000,31.000000,31.000000,31.000000,31.000000,1,1,1,1,1,1,1,0,0,0,0,0,0,0,74,5376.198242,718,0,1,0.613834,-0.052533,-0.323628,-3.116000,-0.399000,0.077000,1
2.291883,8.234000,-55.604000,-15.768000,104.328003,25.604000,20.688000,140.029007,0.000000,0.000000,0.000000,0.000000,0.000000,0.000000,0.000000,-179.000000,-1021.000000,424.000000,-1419.000000,-206.000000,-244.000000,-48.000000,22.000000,22.000000,22.000000,22.000000,22.000000,22.000000,22.000000,29.000000,29.000000,30.000000,31.000000,31.000000,31.000000,31.000000,1,1,1,1,1,1,1,0,0,0,0,0,0,0,74,5376.198242,718,0,1,0.614785,-0.053083,-0.323627,-3.116000,-0.399000,0.076000,1
2.301898,8.288000,-55.452000,-15.888000,103.999001,25.590000,20.878000,140.018005,0.000000,0.000000,0.000000,0.000000,0.000000,0.000000,0.000000,-179.000000,-1021.000000,424.000000,-1419.000000,-206.000000,-244.000000,-48.000000,22.000000,22.000000,22.000000,22.000000,22.000000,22.000000,22.000000,29.000000,29.000000,30.000000,31.000000,31.000000,31.000000,31.000000,1,1,1,1,1,1,1,0,0,0,0,0,0,0,74,5376.198242,717,0,1,0.615737,-0.053633,-0.323628,-3.116000,-0.399000,0.076000,1
2.311908,8.338000,-55.313000,-15.996000,103.699997,25.577999,21.051001,140.009995,0.000000,0.000000,0.000000,0.000000,0.000000,0.000000,0.000000,-179.000000,-1021.000000,424.000000,-1419.000000,-206.000000,-244.000000,-48.000000,22.000000,22.000000,22.000000,22.000000,22.000000,22.000000,22.000000,29.000000,29.000000,30.000000,31.000000,31.000000,31.000000,31.000000,1,1,1,1,1,1,1,0,0,0,0,0,0,0,74,5376.196777,718,0,1,0.616603,-0.054132,-0.323627,-3.117000,-0.399000,0.077000,1
2.321941,8.393000,-55.160000,-16.115999,103.370003,25.563999,21.242001,140.001007,0.000000,0.000000,0.000000,0.000000,0.000000,0.000000,0.000000,-179.000000,-1021.000000,424.000000,-1419.000000,-206.000000,-244.000000,-48.000000,22.000000,22.000000,22.000000,22.000000,22.000000,22.000000,22.000000,29.000000,29.000000,30.000000,31.000000,31.000000,31.000000,31.000000,1,1,1,1,1,1,1,0,0,0,0,0,0,0,74,5376.198242,718,0,1,0.617555,-0.054682,-0.323628,-3.117000,-0.399000,0.077000,1
2.331922,8.444000,-55.021000,-16.225000,103.069000,25.552000,21.415001,139.992996,0.000000,0.000000,0.000000,0.000000,0.000000,0.000000,0.000000,-179.000000,-1021.000000,424.000000,-1419.000000,-206.000000,-244.000000,-48.000000,22.000000,22.000000,22.000000,22.000000,22.000000,22.000000,22.000000,29.000000,29.000000,30.000000,31.000000,31.000000,31.000000,31.000000,1,1,1,1,1,1,1,0,0,0,0,0,0,0,74,5376.198242,717,0,1,0.618420,-0.055181,-0.323628,-3.117000,-0.400000,0.076000,1
2.341983,8.500000,-54.868000,-16.344000,102.737999,25.539000,21.607000,139.985992,0.000000,0.000000,0.000000,0.000000,0.000000,0.000000,0.000000,-179.000000,-1021.000000,424.000000,-1419.000000,-206.000000,-244.000000,-48.000000,22.000000,22.000000,22.000000,22.000000,22.000000,22.000000,22.000000,29.000000,29.000000,30.000000,31.000000,31.000000,31.000000,31.000000,1,1,1,1,1,1,1,0,0,0,0,0,0,0,74,5376.198242,717,0,1,0.619372,-0.055731,-0.323628,-3.117000,-0.399000,0.076000,1
2.352137,8.551000,-54.728001,-16.452999,102.434998,25.527000,21.781000,139.979004,0.000000,0.000000,0.000000,0.000000,0.000000,0.000000,0.000000,-179.000000,-1021.000000,424.000000,-1419.000000,-206.000000,-244.000000,-48.000000,22.000000,22.000000,22.000000,22.000000,22.000000,22.000000,22.000000,29.000000,29.000000,30.000000,31.000000,31.000000,31.000000,31.000000,1,1,1,1,1,1,1,0,0,0,0,0,0,0,74,5376.196777,718,0,1,0.620237,-0.056230,-0.323628,-3.116000,-0.399000,0.077000,1
2.362002,8.577000,-54.658001,-16.507999,102.283997,25.521000,21.868999,139.975998,0.000000,0.000000,0.000000,0.000000,0.000000,0.000000,0.000000,-179.000000,-1021.000000,424.000000,-1419.000000,-206.000000,-244.000000,-48.000000,22.000000,22.000000,22.000000,22.000000,22.000000,22.000000,22.000000,29.000000,29.000000,30.000000,31.000000,31.000000,31.000000,31.000000,1,1,1,1,1,1,1,0,0,0,0,0,0,0,74,5376.198242,719,0,1,0.620670,-0.056480,-0.323628,-3.116000,-0.399000,0.077000,1
2.371917,8.634000,-54.504002,-16.628000,101.949997,25.507999,22.061001,139.970001,0.000000,0.000000,0.000000,0.000000,0.000000,0.000000,0.000000,-179.000000,-1021.000000,424.000000,-1419.000000,-206.000000,-244.000000,-48.000000,22.000000,22.000000,22.000000,22.000000,22.000000,22.000000,22.000000,29.000000,29.000000,30.000000,31.000000,31.000000,31.000000,31.000000,1,1,1,1,1,1,1,0,0,0,0,0,0,0,74,5376.196777,717,0,1,0.621621,-0.057030,-0.323628,-3.116000,-0.399000,0.076000,1
2.381920,8.696000,-54.334999,-16.759001,101.584999,25.493999,22.271000,139.964005,0.000000,0.000000,0.000000,0.000000,0.000000,0.000000,0.000000,-179.000000,-1021.000000,424.000000,-1419.000000,-206.000000,-244.000000,-48.000000,22.000000,22.000000,22.000000,22.000000,22.000000,22.000000,22.000000,29.000000,29.000000,30.000000,31.000000,31.000000,31.000000,31.000000,1,1,1,1,1,1,1,0,0,0,0,0,0,0,74,5376.196777,719,0,1,0.622660,-0.057629,-0.323628,-3.116000,-0.399000,0.077000,1
2.391951,8.749000,-54.194000,-16.868000,101.279999,25.482000,22.447001,139.960007,0.000000,0.000000,0.000000,0.000000,0.000000,0.000000,0.000000,-179.000000,-1021.000000,424.000000,-1419.000000,-206.000000,-244.000000,-48.000000,22.000000,22.000000,22.000000,22.000000,22.000000,22.000000,22.000000,29.000000,29.000000,30.000000,31.000000,31.000000,31.000000,31.000000,1,1,1,1,1,1,1,0,0,0,0,0,0,0,74,5376.198242,717,0,1,0.623525,-0.058129,-0.323628,-3.116000,-0.399000,0.076000,1
2.401946,8.807000,-54.039001,-16.988001,100.943001,25.469000,22.641001,139.955994,0.000000,0.000000,0.000000,0.000000,0.000000,0.000000,0.000000,-179.000000,-1021.000000,424.000000,-1419.000000,-206.000000,-244.000000,-48.000000,22.000000,22.000000,22.000000,22.000000,22.000000,22.000000,22.000000,29.000000,29.000000,30.000000,31.000000,31.000000,31.000000,31.000000,1,1,1,1,1,1,1,0,0,0,0,0,0,0,74,5376.198242,717,0,1,0.624477,-0.058679,-0.323628,-3.117000,-0.399000,0.077000,1
2.411941,8.860000,-53.896999,-17.098000,100.637001,25.458000,22.816999,139.953003,0.000000,0.000000,0.000000,0.000000,0.000000,0.000000,0.000000,-179.000000,-1021.000000,424.000000,-1419.000000,-206.000000,-244.000000,-48.000000,22.000000,22.000000,22.000000,22.000000,22.000000,22.000000,22.000000,29.000000,29.000000,30.000000,31.000000,31.000000,31.000000,31.000000,1,1,1,1,1,1,1,0,0,0,0,0,0,0,74,5376.196777,718,0,1,0.625343,-0.059178,-0.323628,-3.117000,-0.399000,0.077000,1
2.421974,8.919000,-53.741001,-17.218000,100.297997,25.445999,23.011000,139.949997,0.000000,0.000000,0.000000,0.000000,0.000000,0.000000,0.000000,-179.000000,-1021.000000,424.000000,-1419.000000,-206.000000,-244.000000,-48.000000,22.000000,22.000000,22.000000,22.000000,22.000000,22.000000,22.000000,29.000000,29.000000,30.000000,31.000000,31.000000,31.000000,31.000000,1,1,1,1,1,1,1,0,0,0,0,0,0,0,74,5376.198242,717,0,1,0.626294,-0.059728,-0.323628,-3.116000,-0.399000,0.076000,1
2.431949,8.946000,-53.668999,-17.273001,100.143997,25.440001,23.099001,139.949005,0.000000,0.000000,0.000000,0.000000,0.000000,0.000000,0.000000,-179.000000,-1021.000000,424.000000,-1419.000000,-206.000000,-244.000000,-48.000000,22.000000,22.000000,22.000000,22.000000,22.000000,22.000000,22.000000,29.000000,29.000000,30.000000,31.000000,31.000000,31.000000,31.000000,1,1,1,1,1,1,1,0,0,0,0,0,0,0,74,5376.196777,717,0,1,0.626727,-0.059977,-0.323628,-3.116000,-0.399000,0.077000,1
2.441961,9.006000,-53.513000,-17.393999,99.805000,25.427999,23.294001,139.947006,0.000000,0.000000,0.000000,0.000000,0.000000,0.000000,0.000000,-179.000000,-1021.000000,424.000000,-1419.000000,-206.000000,-244.000000,-48.000000,22.000000,22.000000,22.000000,22.000000,22.000000,22.000000,22.000000,29.000000,29.000000,30.000000,31.000000,31.000000,31.000000,31.000000,1,1,1,1,1,1,1,0,0,0,0,0,0,0,74,5376.198242,718,0,1,0.627679,-0.060527,-0.323628,-3.116000,-0.399000,0.076000,1
2.452071,9.060000,-53.369999,-17.504000,99.495003,25.417000,23.472000,139.945999,0.000000,0.000000,0.000000,0.000000,0.000000,0.000000,0.000000,-179.000000,-1021.000000,424.000000,-1419.000000,-206.000000,-244.000000,-48.000000,22.000000,22.000000,22.000000,22.000000,22.000000,22.000000,22.000000,29.000000,29.000000,30.000000,31.000000,31.000000,31.000000,31.000000,1,1,1,1,1,1,1,0,0,0,0,0,0,0,74,5376.198242,717,0,1,0.628544,-0.061027,-0.323628,-3.116000,-0.399000,0.076000,1
2.461954,9.121000,-53.212002,-17.625000,99.153000,25.403999,23.667000,139.945007,0.000000,0.000000,0.000000,0.000000,0.000000,0.000000,0.000000,-179.000000,-1021.000000,424.000000,-1419.000000,-206.000000,-244.000000,-48.000000,22.000000,22.000000,22.000000,22.000000,22.000000,22.000000,22.000000,29.000000,29.000000,30.000000,31.000000,31.000000,31.000000,31.000000,1,1,1,1,1,1,1,0,0,0,0,0,0,0,74,5376.198242,718,0,1,0.629496,-0.061576,-0.323628,-3.116000,-0.399000,0.076000,1
2.471923,9.182000,-53.054001,-17.747000,98.810997,25.393000,23.863001,139.945999,0.000000,0.000000,0.000000,0.000000,0.000000,0.000000,0.000000,-179.000000,-1021.000000,424.000000,-1419.000000,-206.000000,-244.000000,-48.000000,22.000000,22.000000,22.000000,22.000000,22.000000,22.000000,22.000000,29.000000,29.000000,30.000000,31.000000,31.000000,31.000000,31.000000,1,1,1,1,1,1,1,0,0,0,0,0,0,0,74,5376.199219,718,0,1,0.630448,-0.062126,-0.323628,-3.116000,-0.399000,0.076000,1
2.482010,9.244000,-52.896000,-17.868000,98.467003,25.381001,24.059999,139.945999,0.000000,0.000000,0.000000,0.000000,0.000000,0.000000,0.000000,-179.000000,-1021.000000,424.000000,-1419.000000,-206.000000,-244.000000,-48.000000,22.000000,22.000000,22.000000,22.000000,22.000000,22.000000,22.000000,29.000000,29.000000,30.000000,31.000000,31.000000,31.000000,31.000000,1,1,1,1,1,1,1,0,0,0,0,0,0,0,74,5376.198242,716,0,1,0.631400,-0.062675,-0.323627,-3.117000,-0.399000,0.077000,1
2.491934,9.300000,-52.750999,-17.979000,98.153999,25.370001,24.238001,139.947998,0.000000,0.000000,0.000000,0.000000,0.000000,0.000000,0.000000,-179.000000,-1021.000000,424.000000,-1419.000000,-206.000000,-244.000000,-48.000000,22.000000,22.000000,22.000000,22.000000,22.000000,22.000000,22.000000,29.000000,29.000000,30.000000,31.000000,31.000000,31.000000,31.000000,1,1,1,1,1,1,1,0,0,0,0,0,0,0,74,5376.198242,719,0,1,0.632265,-0.063175,-0.323628,-3.116000,-0.399000,0.076000,1
2.501972,9.362000,-52.595001,-18.099001,97.816002,25.358000,24.431999,139.949997,0.000000,0.000000,0.000000,0.000000,0.000000,0.000000,0.000000,-179.000000,-1021.000000,424.000000,-1419.000000,-206.000000,-244.000000,-48.000000,22.000000,22.000000,22.000000,22.000000,22.000000,22.000000,22.000000,29.000000,29.000000,30.000000,31.000000,31.000000,31.000000,31.000000,1,1,1,1,1,1,1,0,0,0,0,0,0,0,74,5376.198242,720,0,1,0.633197,-0.063713,-0.323628,-3.116000,-0.399000,0.076000,1
2.511986,9.388000,-52.528000,-18.150999,97.668999,25.354000,24.514999,139.951004,0.000000,0.000000,0.000000,0.000000,0.000000,0.000000,0.000000,-179.000000,-1021.000000,424.000000,-1419.000000,-206.000000,-244.000000,-48.000000,22.000000,22.000000,22.000000,22.000000,22.000000,22.000000,22.000000,29.000000,29.000000,30.000000,31.000000,31.000000,31.000000,31.000000,1,1,1,1,1,1,1,0,0,0,0,0,0,0,74,5376.198242,717,0,1,0.633601,-0.063946,-0.323628,-3.116000,-0.399000,0.077000,1
2.521930,9.442000,-52.390999,-18.256001,97.373001,25.346001,24.684999,139.951996,0.000000,0.000000,0.000000,0.000000,0.000000,0.000000,0.000000,-179.000000,-1021.000000,424.000000,-1419.000000,-206.000000,-244.000000,-48.000000,22.000000,22.000000,22.000000,22.000000,22.000000,22.000000,22.000000,29.000000,29.000000,30.000000,31.000000,31.000000,31.000000,31.000000,1,1,1,1,1,1,1,0,0,0,0,0,0,0,74,5376.198242,717,0,1,0.634414,-0.064416,-0.323628,-3.117000,-0.399000,0.077000,1
2.531902,9.486000,-52.276001,-18.344000,97.125000,25.341000,24.827000,139.951996,0.000000,0.000000,0.000000,0.000000,0.000000,0.000000,0.000000,-179.000000,-1021.000000,424.000000,-1419.000000,-206.000000,-244.000000,-48.000000,22.000000,22.000000,22.000000,22.000000,22.000000,22.000000,22.000000,29.000000,29.000000,30.000000,31.000000,31.000000,31.000000,31.000000,1,1,1,1,1,1,1,0,0,0,0,0,0,0,74,5376.198242,718,0,1,0.635094,-0.064808,-0.323628,-3.116000,-0.399000,0.077000,1
2.541918,9.517000,-52.195000,-18.407000,96.948997,25.340000,24.927000,139.949997,0.000000,0.000000,0.000000,0.000000,0.000000,0.000000,0.000000,-179.000000,-1021.000000,424.000000,-1419.000000,-206.000000,-244.000000,-48.000000,22.000000,22.000000,22.000000,22.000000,22.000000,22.000000,22.000000,29.000000,29.000000,30.000000,31.000000,31.000000,31.000000,31.000000,1,1,1,1,1,1,1,0,0,0,0,0,0,0,74,5376.199219,717,0,1,0.635574,-0.065085,-0.323628,-3.116000,-0.399000,0.076000,1
2.551993,9.539000,-52.131001,-18.455999,96.813004,25.343000,25.006001,139.945999,0.000000,0.000000,0.000000,0.000000,0.000000,0.000000,0.000000,-179.000000,-1021.000000,424.000000,-1419.000000,-206.000000,-244.000000,-48.000000,22.000000,22.000000,22.000000,22.000000,22.000000,22.000000,22.000000,29.000000,29.000000,30.000000,31.000000,31.000000,31.000000,31.000000,1,1,1,1,1,1,1,0,0,0,0,0,0,0,74,5376.198242,717,0,1,0.635946,-0.065300,-0.323627,-3.117000,-0.399000,0.076000,1
2.561962,9.551000,-52.092999,-18.485001,96.732002,25.349001,25.054001,139.938995,0.000000,0.000000,0.000000,0.000000,0.000000,0.000000,0.000000,-179.000000,-1021.000000,424.000000,-1419.000000,-206.000000,-244.000000,-48.000000,22.000000,22.000000,22.000000,22.000000,22.000000,22.000000,22.000000,29.000000,29.000000,30.000000,31.000000,31.000000,31.000000,31.000000,1,1,1,1,1,1,1,0,0,0,0,0,0,0,74,5376.199219,717,0,1,0.636167,-0.065427,-0.323628,-3.116000,-0.399000,0.077000,1
2.571978,9.553000,-52.076000,-18.497999,96.697998,25.358000,25.075001,139.932007,0.000000,0.000000,0.000000,0.000000,0.000000,0.000000,0.000000,-179.000000,-1021.000000,424.000000,-1419.000000,-206.000000,-244.000000,-48.000000,22.000000,22.000000,22.000000,22.000000,22.000000,22.000000,22.000000,29.000000,29.000000,30.000000,31.000000,31.000000,31.000000,31.000000,1,1,1,1,1,1,1,0,0,0,0,0,0,0,74,5376.198242,718,0,1,0.636261,-0.065482,-0.323628,-3.117000,-0.399000,0.077000,1
2.581893,9.551000,-52.070000,-18.504000,96.686996,25.368999,25.083000,139.923004,0.000000,0.000000,0.000000,0.000000,0.000000,0.000000,0.000000,-179.000000,-1021.000000,424.000000,-1419.000000,-206.000000,-244.000000,-48.000000,22.000000,22.000000,22.000000,22.000000,22.000000,22.000000,22.000000,29.000000,29.000000,30.000000,31.000000,31.000000,31.000000,31.000000,1,1,1,1,1,1,1,0,0,0,0,0,0,0,74,5376.196777,718,0,1,0.636290,-0.065499,-0.323627,-3.116000,-0.399000,0.076000,1
2.591977,9.547000,-52.069000,-18.504999,96.685997,25.379999,25.084999,139.914001,0.000000,0.000000,0.000000,0.000000,0.000000,0.000000,0.000000,-179.000000,-1021.000000,424.000000,-1419.000000,-206.000000,-244.000000,-48.000000,22.000000,22.000000,22.000000,22.000000,22.000000,22.000000,22.000000,29.000000,29.000000,30.000000,31.000000,31.000000,31.000000,31.000000,1,1,1,1,1,1,1,0,0,0,0,0,0,0,74,5376.198242,718,0,1,0.636293,-0.065499,-0.323628,-3.116000,-0.399000,0.077000,1
2.601926,9.543000,-52.066002,-18.504000,96.683998,25.386999,25.087000,139.910004,0.000000,0.000000,0.000000,0.000000,0.000000,0.000000,0.000000,-179.000000,-1021.000000,424.000000,-1419.000000,-206.000000,-244.000000,-48.000000,22.000000,22.000000,22.000000,22.000000,22.000000,22.000000,22.000000,29.000000,29.000000,30.000000,31.000000,31.000000,31.000000,31.000000,1,1,1,1,1,1,1,0,0,0,0,0,0,0,74,5376.199219,717,0,1,0.636302,-0.065494,-0.323628,-3.116000,-0.399000,0.077000,1
2.611900,9.529000,-52.055000,-18.499001,96.667999,25.400000,25.097000,139.910004,0.000000,0.000000,0.000000,0.000000,0.000000,0.000000,0.000000,-179.000000,-1021.000000,424.000000,-1419.000000,-206.000000,-244.000000,-48.000000,22.000000,22.000000,22.000000,22.000000,22.000000,22.000000,22.000000,29.000000,29.000000,30.000000,31.000000,31.000000,31.000000,31.000000,1,1,1,1,1,1,1,0,0,0,0,0,0,0,74,5376.198242,718,0,1,0.636359,-0.065460,-0.323628,-3.116000,-0.399000,0.077000,1
2.621933,9.498000,-52.025002,-18.479000,96.623001,25.417999,25.120001,139.925995,0.000000,0.000000,0.000000,0.000000,0.000000,0.000000,0.000000,-179.000000,-1021.000000,424.000000,-1419.000000,-206.000000,-244.000000,-48.000000,22.000000,22.000000,22.000000,22.000000,22.000000,22.000000,22.000000,29.000000,29.000000,30.000000,31.000000,31.000000,31.000000,31.000000,1,1,1,1,1,1,1,0,0,0,0,0,0,0,74,5376.198242,719,0,1,0.636523,-0.065366,-0.323628,-3.116000,-0.399000,0.077000,1
2.631970,9.443000,-51.971001,-18.443001,96.540001,25.441999,25.163000,139.964005,0.000000,0.000000,0.000000,0.000000,0.000000,0.000000,0.000000,-179.000000,-1021.000000,424.000000,-1419.000000,-206.000000,-244.000000,-48.000000,22.000000,22.000000,22.000000,22.000000,22.000000,22.000000,22.000000,29.000000,29.000000,30.000000,31.000000,31.000000,31.000000,31.000000,1,1,1,1,1,1,1,0,0,0,0,0,0,0,74,5376.198242,718,0,1,0.636828,-0.065190,-0.323628,-3.117000,-0.399000,0.077000,1
2.642025,9.370000,-51.896000,-18.392000,96.425003,25.469000,25.221001,140.020996,0.000000,0.000000,0.000000,0.000000,0.000000,0.000000,0.000000,-179.000000,-1021.000000,424.000000,-1419.000000,-206.000000,-244.000000,-48.000000,22.000000,22.000000,22.000000,22.000000,22.000000,22.000000,22.000000,29.000000,29.000000,30.000000,31.000000,31.000000,31.000000,31.000000,1,1,1,1,1,1,1,0,0,0,0,0,0,0,74,5376.198242,718,0,1,0.637247,-0.064948,-0.323628,-3.116000,-0.399000,0.076000,1
2.652164,9.296000,-51.819000,-18.339001,96.305000,25.493999,25.280001,140.082001,0.000000,0.000000,0.000000,0.000000,0.000000,0.000000,0.000000,-179.000000,-1021.000000,424.000000,-1419.000000,-206.000000,-244.000000,-48.000000,22.000000,22.000000,22.000000,22.000000,22.000000,22.000000,22.000000,29.000000,29.000000,30.000000,31.000000,31.000000,31.000000,31.000000,1,1,1,1,1,1,1,0,0,0,0,0,0,0,74,5376.199219,717,0,1,0.637681,-0.064697,-0.323628,-3.116000,-0.399000,0.077000,1
2.662088,9.171000,-51.691002,-18.250000,96.105003,25.532000,25.379000,140.186996,0.000000,0.000000,0.000000,0.000000,0.000000,0.000000,0.000000,-179.000000,-1021.000000,424.000000,-1419.000000,-206.000000,-244.000000,-48.000000,22.000000,22.000000,22.000000,22.000000,22.000000,22.000000,22.000000,29.000000,29.000000,30.000000,31.000000,31.000000,31.000000,31.000000,1,1,1,1,1,1,1,0,0,0,0,0,0,0,74,5376.198242,718,0,1,0.638408,-0.064277,-0.323628,-3.116000,-0.399000,0.077000,1
2.672009,9.027000,-51.541000,-18.145000,95.870003,25.575001,25.496000,140.311996,0.000000,0.000000,0.000000,0.000000,0.000000,0.000000,0.000000,-179.000000,-1021.000000,424.000000,-1419.000000,-206.000000,-244.000000,-48.000000,22.000000,22.000000,22.000000,22.000000,22.000000,22.000000,22.000000,29.000000,29.000000,30.000000,31.000000,31.000000,31.000000,31.000000,1,1,1,1,1,1,1,0,0,0,0,0,0,0,74,5376.199219,717,0,1,0.639259,-0.063786,-0.323628,-3.117000,-0.399000,0.077000,1
2.682054,8.956000,-51.466999,-18.094999,95.753998,25.594999,25.552999,140.373993,0.000000,0.000000,0.000000,0.000000,0.000000,0.000000,0.000000,-179.000000,-1021.000000,424.000000,-1419.000000,-206.000000,-244.000000,-48.000000,22.000000,22.000000,22.000000,22.000000,22.000000,22.000000,22.000000,29.000000,29.000000,30.000000,31.000000,31.000000,31.000000,31.000000,1,1,1,1,1,1,1,0,0,0,0,0,0,0,74,5376.198242,717,0,1,0.639674,-0.063547,-0.323628,-3.116000,-0.399000,0.076000,1
2.692060,8.811000,-51.316002,-17.990000,95.515999,25.635000,25.671000,140.501007,0.000000,0.000000,0.000000,0.000000,0.000000,0.000000,0.000000,-179.000000,-1021.000000,424.000000,-1419.000000,-206.000000,-244.000000,-48.000000,22.000000,22.000000,22.000000,22.000000,22.000000,22.000000,22.000000,29.000000,29.000000,30.000000,31.000000,31.000000,31.000000,31.000000,1,1,1,1,1,1,1,0,0,0,0,0,0,0,74,5376.196777,716,0,1,0.640531,-0.063052,-0.323628,-3.116000,-0.399000,0.077000,1
2.702067,8.664000,-51.164001,-17.884001,95.274002,25.674999,25.790001,140.630997,0.000000,0.000000,0.000000,0.000000,0.000000,0.000000,0.000000,-179.000000,-1021.000000,424.000000,-1419.000000,-206.000000,-244.000000,-48.000000,22.000000,22.000000,22.000000,22.000000,22.000000,22.000000,22.000000,29.000000,29.000000,30.000000,31.000000,31.000000,31.000000,31.000000,1,1,1,1,1,1,1,0,0,0,0,0,0,0,74,5376.198242,716,0,1,0.641396,-0.062552,-0.323628,-3.116000,-0.399000,0.077000,1
2.712014,8.503000,-50.997002,-17.768999,95.007004,25.716999,25.923000,140.774002,0.000000,0.000000,0.000000,0.000000,0.000000,0.000000,0.000000,-179.000000,-1021.000000,424.000000,-1419.000000,-206.000000,-244.000000,-48.000000,22.000000,22.000000,22.000000,22.000000,22.000000,22.000000,22.000000,29.000000,29.000000,30.000000,31.000000,31.000000,31.000000,31.000000,1,1,1,1,1,1,1,0,0,0,0,0,0,0,74,5376.198242,718,0,1,0.642347,-0.062003,-0.323627,-3.116000,-0.399000,0.077000,1
2.722011,8.356000,-50.845001,-17.664000,94.763000,25.754999,26.042999,140.904999,0.000000,0.000000,0.000000,0.000000,0.000000,0.000000,0.000000,-179.000000,-1021.000000,424.000000,-1419.000000,-206.000000,-244.000000,-48.000000,22.000000,22.000000,22.000000,22.000000,22.000000,22.000000,22.000000,29.000000,29.000000,30.000000,31.000000,31.000000,31.000000,31.000000,1,1,1,1,1,1,1,0,0,0,0,0,0,0,74,5376.198242,716,0,1,0.643212,-0.061504,-0.323628,-3.116000,-0.399000,0.076000,1
2.732010,8.194000,-50.678001,-17.548000,94.494003,25.795000,26.177000,141.050003,0.000000,0.000000,0.000000,0.000000,0.000000,0.000000,0.000000,-179.000000,-1021.000000,424.000000,-1419.000000,-206.000000,-244.000000,-48.000000,22.000000,22.000000,22.000000,22.000000,22.000000,22.000000,22.000000,29.000000,29.000000,30.000000,31.000000,31.000000,31.000000,31.000000,1,1,1,1,1,1,1,0,0,0,0,0,0,0,74,5376.199219,717,0,1,0.644164,-0.060954,-0.323628,-3.116000,-0.399000,0.076000,1
2.741978,8.033000,-50.512001,-17.433001,94.223999,25.834000,26.311001,141.195999,0.000000,0.000000,0.000000,0.000000,0.000000,0.000000,0.000000,-179.000000,-1021.000000,424.000000,-1419.000000,-206.000000,-244.000000,-48.000000,22.000000,22.000000,22.000000,22.000000,22.000000,22.000000,22.000000,29.000000,29.000000,30.000000,31.000000,31.000000,31.000000,31.000000,1,1,1,1,1,1,1,0,0,0,0,0,0,0,74,5376.198242,717,0,1,0.645115,-0.060405,-0.323627,-3.116000,-0.399000,0.076000,1
2.752028,7.886000,-50.360001,-17.329000,93.976997,25.868999,26.434000,141.328995,0.000000,0.000000,0.000000,0.000000,0.000000,0.000000,0.000000,-179.000000,-1021.000000,424.000000,-1419.000000,-206.000000,-244.000000,-48.000000,22.000000,22.000000,22.000000,22.000000,22.000000,22.000000,22.000000,29.000000,29.000000,30.000000,31.000000,31.000000,31.000000,31.000000,1,1,1,1,1,1,1,0,0,0,0,0,0,0,74,5376.198242,713,0,1,0.645980,-0.059906,-0.323628,-3.116000,-0.399000,0.076000,1
2.761984,7.739000,-50.209000,-17.225000,93.728996,25.902000,26.556999,141.462997,0.000000,0.000000,0.000000,0.000000,0.000000,0.000000,0.000000,-179.000000,-1021.000000,424.000000,-1419.000000,-206.000000,-244.000000,-48.000000,22.000000,22.000000,22.000000,22.000000,22.000000,22.000000,22.000000,29.000000,29.000000,30.000000,31.000000,31.000000,31.000000,31.000000,1,1,1,1,1,1,1,0,0,0,0,0,0,0,74,5376.199219,717,0,1,0.646845,-0.059406,-0.323628,-3.116000,-0.399000,0.076000,1
2.772011,7.577000,-50.042000,-17.111000,93.455002,25.938000,26.693001,141.610992,0.000000,0.000000,0.000000,0.000000,0.000000,0.000000,0.000000,-179.000000,-1021.000000,424.000000,-1419.000000,-206.000000,-244.000000,-48.000000,22.000000,22.000000,22.000000,22.000000,22.000000,22.000000,22.000000,29.000000,29.000000,30.000000,31.000000,31.000000,31.000000,31.000000,1,1,1,1,1,1,1,0,0,0,0,0,0,0,74,5376.198242,717,0,1,0.647796,-0.058857,-0.323628,-3.116000,-0.399000,0.077000,1
2.782025,7.504000,-49.966999,-17.059000,93.330002,25.952999,26.754999,141.677994,0.000000,0.000000,0.000000,0.000000,0.000000,0.000000,0.000000,-179.000000,-1021.000000,424.000000,-1419.000000,-206.000000,-244.000000,-48.000000,22.000000,22.000000,22.000000,22.000000,22.000000,22.000000,22.000000,29.000000,29.000000,30.000000,31.000000,31.000000,31.000000,31.000000,1,1,1,1,1,1,1,0,0,0,0,0,0,0,74,5376.198242,718,0,1,0.648228,-0.058608,-0.323628,-3.116000,-0.399000,0.076000,1
2.792219,7.342000,-49.799999,-16.945000,93.055000,25.987000,26.892000,141.826996,0.000000,0.000000,0.000000,0.000000,0.000000,0.000000,0.000000,-179.000000,-1021.000000,424.000000,-1419.000000,-206.000000,-244.000000,-48.000000,22.000000,22.000000,22.000000,22.000000,22.000000,22.000000,22.000000,29.000000,29.000000,30.000000,31.000000,31.000000,31.000000,31.000000,1,1,1,1,1,1,1,0,0,0,0,0,0,0,74,5376.199219,717,0,1,0.649180,-0.058058,-0.323627,-3.117000,-0.399000,0.077000,1
2.801981,7.181000,-49.633999,-16.830999,92.778000,26.020000,27.030001,141.977005,0.000000,0.000000,0.000000,0.000000,0.000000,0.000000,0.000000,-179.000000,-1021.000000,424.000000,-1419.000000,-206.000000,-244.000000,-48.000000,22.000000,22.000000,22.000000,22.000000,22.000000,22.000000,22.000000,29.000000,29.000000,30.000000,31.000000,31.000000,31.000000,31.000000,1,1,1,1,1,1,1,0,0,0,0,0,0,0,74,5376.196777,717,0,1,0.650131,-0.057509,-0.323628,-3.116000,-0.399000,0.077000,1
2.812079,7.034000,-49.483002,-16.728001,92.525002,26.049000,27.155001,142.113998,0.000000,0.000000,0.000000,0.000000,0.000000,0.000000,0.000000,-179.000000,-1021.000000,424.000000,-1419.000000,-206.000000,-244.000000,-48.000000,22.000000,22.000000,22.000000,22.000000,22.000000,22.000000,22.000000,29.000000,29.000000,30.000000,31.000000,31.000000,31.000000,31.000000,1,1,1,1,1,1,1,0,0,0,0,0,0,0,74,5376.198242,718,0,1,0.650996,-0.057010,-0.323628,-3.116000,-0.399000,0.076000,1
2.822052,6.887000,-49.332001,-16.625000,92.272003,26.077000,27.282000,142.251999,0.000000,0.000000,0.000000,0.000000,0.000000,0.000000,0.000000,-179.000000,-1021.000000,424.000000,-1419.000000,-206.000000,-244.000000,-48.000000,22.000000,22.000000,22.000000,22.000000,22.000000,22.000000,22.000000,29.000000,29.000000,30.000000,31.000000,31.000000,31.000000,31.000000,1,1,1,1,1,1,1,0,0,0,0,0,0,0,74,5376.198242,716,0,1,0.651861,-0.056510,-0.323628,-3.117000,-0.399000,0.076000,1
2.832070,6.740000,-49.181000,-16.521999,92.016998,26.103001,27.409000,142.389999,0.000000,0.000000,0.000000,0.000000,0.000000,0.000000,0.000000,-179.000000,-1021.000000,424.000000,-1419.000000,-206.000000,-244.000000,-48.000000,22.000000,22.000000,22.000000,22.000000,22.000000,22.000000,22.000000,29.000000,29.000000,30.000000,31.000000,31.000000,31.000000,31.000000,1,1,1,1,1,1,1,0,0,0,0,0,0,0,74,5376.198242,717,0,1,0.652726,-0.056011,-0.323627,-3.117000,-0.399000,0.077000,1
2.842047,6.579000,-49.015999,-16.410000,91.736000,26.132000,27.549000,142.542999,0.000000,0.000000,0.000000,0.000000,0.000000,0.000000,0.000000,-179.000000,-1021.000000,424.000000,-1419.000000,-206.000000,-244.000000,-48.000000,22.000000,22.000000,22.000000,22.000000,22.000000,22.000000,22.000000,29.000000,29.000000,30.000000,31.000000,31.000000,31.000000,31.000000,1,1,1,1,1,1,1,0,0,0,0,0,0,0,74,5376.199219,716,0,1,0.653677,-0.055462,-0.323628,-3.116000,-0.399000,0.077000,1
2.852179,6.491000,-48.924999,-16.348000,91.582001,26.146999,27.625000,142.626999,0.000000,0.000000,0.000000,0.000000,0.000000,0.000000,0.000000,-179.000000,-1021.000000,424.000000,-1419.000000,-206.000000,-244.000000,-48.000000,22.000000,22.000000,22.000000,22.000000,22.000000,22.000000,22.000000,29.000000,29.000000,30.000000,31.000000,31.000000,31.000000,31.000000,1,1,1,1,1,1,1,0,0,0,0,0,0,0,74,5376.198242,717,0,1,0.654196,-0.055162,-0.323628,-3.116000,-0.399000,0.076000,1
2.862064,6.344000,-48.773998,-16.246000,91.323997,26.171000,27.754000,142.766998,0.000000,0.000000,0.000000,0.000000,0.000000,0.000000,0.000000,-179.000000,-1021.000000,424.000000,-1419.000000,-206.000000,-244.000000,-48.000000,22.000000,22.000000,22.000000,22.000000,22.000000,22.000000,22.000000,29.000000,29.000000,30.000000,31.000000,31.000000,31.000000,31.000000,1,1,1,1,1,1,1,0,0,0,0,0,0,0,74,5376.198242,716,0,1,0.655061,-0.054663,-0.323628,-3.117000,-0.399000,0.076000,1
2.871991,6.183000,-48.609001,-16.134001,91.040001,26.197001,27.895000,142.921997,0.000000,0.000000,0.000000,0.000000,0.000000,0.000000,0.000000,-179.000000,-1021.000000,424.000000,-1419.000000,-206.000000,-244.000000,-48.000000,22.000000,22.000000,22.000000,22.000000,22.000000,22.000000,22.000000,29.000000,29.000000,30.000000,31.000000,31.000000,31.000000,31.000000,1,1,1,1,1,1,1,0,0,0,0,0,0,0,74,5376.199219,719,0,1,0.656012,-0.054113,-0.323627,-3.116000,-0.399000,0.077000,1
2.882065,6.037000,-48.458000,-16.032000,90.779999,26.219000,28.025000,143.063995,0.000000,0.000000,0.000000,0.000000,0.000000,0.000000,0.000000,-179.000000,-1021.000000,424.000000,-1419.000000,-206.000000,-244.000000,-48.000000,22.000000,22.000000,22.000000,22.000000,22.000000,22.000000,22.000000,29.000000,29.000000,30.000000,31.000000,31.000000,31.000000,31.000000,1,1,1,1,1,1,1,0,0,0,0,0,0,0,74,5376.198242,718,0,1,0.656877,-0.053614,-0.323628,-3.116000,-0.399000,0.076000,1
2.892032,5.876000,-48.292999,-15.921000,90.492996,26.242001,28.167999,143.220993,0.000000,0.000000,0.000000,0.000000,0.000000,0.000000,0.000000,-179.000000,-1021.000000,424.000000,-1419.000000,-206.000000,-244.000000,-48.000000,22.000000,22.000000,22.000000,22.000000,22.000000,22.000000,22.000000,29.000000,29.000000,30.000000,31.000000,31.000000,31.000000,31.000000,1,1,1,1,1,1,1,0,0,0,0,0,0,0,74,5376.196777,717,0,1,0.657828,-0.053065,-0.323628,-3.116000,-0.399000,0.076000,1
2.902002,5.730000,-48.141998,-15.819000,90.231003,26.261999,28.298000,143.363998,0.000000,0.000000,0.000000,0.000000,0.000000,0.000000,0.000000,-179.000000,-1021.000000,424.000000,-1419.000000,-206.000000,-244.000000,-48.000000,22.000000,22.000000,22.000000,22.000000,22.000000,22.000000,22.000000,29.000000,29.000000,30.000000,31.000000,31.000000,31.000000,31.000000,1,1,1,1,1,1,1,0,0,0,0,0,0,0,74,5376.199219,716,0,1,0.658693,-0.052566,-0.323628,-3.116000,-0.399000,0.077000,1
2.912107,5.569000,-47.977001,-15.708000,89.942001,26.283001,28.441999,143.522003,0.000000,0.000000,0.000000,0.000000,0.000000,0.000000,0.000000,-179.000000,-1021.000000,424.000000,-1419.000000,-206.000000,-244.000000,-48.000000,22.000000,22.000000,22.000000,22.000000,22.000000,22.000000,22.000000,29.000000,29.000000,30.000000,31.000000,31.000000,31.000000,31.000000,1,1,1,1,1,1,1,0,0,0,0,0,0,0,74,5376.198242,717,0,1,0.659645,-0.052016,-0.323628,-3.117000,-0.399000,0.077000,1
2.922140,5.408000,-47.811001,-15.597000,89.651001,26.302999,28.587000,143.681000,0.000000,0.000000,0.000000,0.000000,0.000000,0.000000,0.000000,-179.000000,-1021.000000,424.000000,-1419.000000,-206.000000,-244.000000,-48.000000,22.000000,22.000000,22.000000,22.000000,22.000000,22.000000,22.000000,29.000000,29.000000,30.000000,31.000000,31.000000,31.000000,31.000000,1,1,1,1,1,1,1,0,0,0,0,0,0,0,74,5376.199219,717,0,1,0.660596,-0.051467,-0.323627,-3.116000,-0.399000,0.076000,1
2.932033,5.262000,-47.660999,-15.496000,89.386002,26.319000,28.719000,143.826004,0.000000,0.000000,0.000000,0.000000,0.000000,0.000000,0.000000,-179.000000,-1021.000000,424.000000,-1419.000000,-206.000000,-244.000000,-48.000000,22.000000,22.000000,22.000000,22.000000,22.000000,22.000000,22.000000,29.000000,29.000000,30.000000,31.000000,31.000000,31.000000,31.000000,1,1,1,1,1,1,1,0,0,0,0,0,0,0,74,5376.198242,718,0,1,0.661461,-0.050968,-0.323627,-3.117000,-0.400000,0.077000,1
2.942013,5.102000,-47.494999,-15.386000,89.093002,26.337000,28.865000,143.985992,0.000000,0.000000,0.000000,0.000000,0.000000,0.000000,0.000000,-179.000000,-1021.000000,424.000000,-1419.000000,-206.000000,-244.000000,-48.000000,22.000000,22.000000,22.000000,22.000000,22.000000,22.000000,22.000000,29.000000,29.000000,30.000000,31.000000,31.000000,31.000000,31.000000,1,1,1,1,1,1,1,0,0,0,0,0,0,0,74,5376.198242,719,0,1,0.662412,-0.050418,-0.323628,-3.116000,-0.399000,0.076000,1
2.952112,5.029000,-47.419998,-15.335000,88.959999,26.344999,28.931999,144.059006,0.000000,0.000000,0.000000,0.000000,0.000000,0.000000,0.000000,-179.000000,-1021.000000,424.000000,-1419.000000,-206.000000,-244.000000,-48.000000,22.000000,22.000000,22.000000,22.000000,22.000000,22.000000,22.000000,29.000000,29.000000,30.000000,31.000000,31.000000,31.000000,31.000000,1,1,1,1,1,1,1,0,0,0,0,0,0,0,74,5376.199219,717,0,1,0.662845,-0.050169,-0.323627,-3.116000,-0.399000,0.077000,1
2.961935,4.869000,-47.255001,-15.225000,88.665001,26.360001,29.079000,144.220993,0.000000,0.000000,0.000000,0.000000,0.000000,0.000000,0.000000,-179.000000,-1021.000000,424.000000,-1419.000000,-206.000000,-244.000000,-48.000000,22.000000,22.000000,22.000000,22.000000,22.000000,22.000000,22.000000,29.000000,29.000000,30.000000,31.000000,31.000000,31.000000,31.000000,1,1,1,1,1,1,1,0,0,0,0,0,0,0,74,5376.198242,718,0,1,0.663796,-0.049619,-0.323628,-3.116000,-0.399000,0.076000,1
2.972115,4.709000,-47.089001,-15.115000,88.367996,26.375000,29.226000,144.382996,0.000000,0.000000,0.000000,0.000000,0.000000,0.000000,0.000000,-179.000000,-1021.000000,424.000000,-1419.000000,-206.000000,-244.000000,-48.000000,22.000000,22.000000,22.000000,22.000000,22.000000,22.000000,22.000000,29.000000,29.000000,30.000000,31.000000,31.000000,31.000000,31.000000,1,1,1,1,1,1,1,0,0,0,0,0,0,0,74,5376.198242,718,0,1,0.664747,-0.049070,-0.323628,-3.116000,-0.399000,0.076000,1
2.982010,4.564000,-46.938999,-15.015000,88.098000,26.386999,29.361000,144.531998,0.000000,0.000000,0.000000,0.000000,0.000000,0.000000,0.000000,-179.000000,-1021.000000,424.000000,-1419.000000,-206.000000,-244.000000,-48.000000,22.000000,22.000000,22.000000,22.000000,22.000000,22.000000,22.000000,29.000000,29.000000,30.000000,31.000000,31.000000,31.000000,31.000000,1,1,1,1,1,1,1,0,0,0,0,0,0,0,74,5376.199219,717,0,1,0.665612,-0.048571,-0.323627,-3.117000,-0.400000,0.077000,1
2.992011,4.418000,-46.789001,-14.916000,87.825996,26.399000,29.496000,144.681000,0.000000,0.000000,0.000000,0.000000,0.000000,0.000000,0.000000,-179.000000,-1021.000000,424.000000,-1419.000000,-206.000000,-244.000000,-48.000000,22.000000,22.000000,22.000000,22.000000,22.000000,22.000000,22.000000,29.000000,29.000000,30.000000,31.000000,31.000000,31.000000,31.000000,1,1,1,1,1,1,1,0,0,0,0,0,0,0,74,5376.198242,716,0,1,0.666477,-0.048072,-0.323627,-3.116000,-0.399000,0.076000,1
3.002097,4.259000,-46.623001,-14.806000,87.526001,26.410000,29.645000,144.845001,0.000000,0.000000,0.000000,0.000000,0.000000,0.000000,0.000000,-179.000000,-1021.000000,424.000000,-1419.000000,-206.000000,-244.000000,-48.000000,22.000000,22.000000,22.000000,22.000000,22.000000,22.000000,22.000000,29.000000,29.000000,30.000000,31.000000,31.000000,31.000000,31.000000,1,1,1,1,1,1,1,0,0,0,0,0,0,0,74,5376.196777,719,0,1,0.667428,-0.047522,-0.323628,-3.116000,-0.399000,0.077000,1
3.012092,4.100000,-46.458000,-14.697000,87.224998,26.420000,29.795000,145.011002,0.000000,0.000000,0.000000,0.000000,0.000000,0.000000,0.000000,-179.000000,-1021.000000,424.000000,-1419.000000,-206.000000,-244.000000,-48.000000,22.000000,22.000000,22.000000,22.000000,22.000000,22.000000,22.000000,29.000000,29.000000,30.000000,31.000000,31.000000,31.000000,31.000000,1,1,1,1,1,1,1,0,0,0,0,0,0,0,74,5376.198242,719,0,1,0.668380,-0.046973,-0.323627,-3.116000,-0.399000,0.076000,1
3.022053,3.955000,-46.306999,-14.598000,86.949997,26.427999,29.931999,145.162003,0.000000,0.000000,0.000000,0.000000,0.000000,0.000000,0.000000,-179.000000,-1021.000000,424.000000,-1419.000000,-206.000000,-244.000000,-48.000000,22.000000,22.000000,22.000000,22.000000,22.000000,22.000000,22.000000,29.000000,29.000000,30.000000,31.000000,31.000000,31.000000,31.000000,1,1,1,1,1,1,1,0,0,0,0,0,0,0,74,5376.198242,717,0,1,0.669245,-0.046474,-0.323628,-3.117000,-0.399000,0.077000,1
3.032077,3.796000,-46.141998,-14.489000,86.646004,26.436001,30.083000,145.328995,0.000000,0.000000,0.000000,0.000000,0.000000,0.000000,0.000000,-179.000000,-1021.000000,424.000000,-1419.000000,-206.000000,-244.000000,-48.000000,22.000000,22.000000,22.000000,22.000000,22.000000,22.000000,22.000000,29.000000,29.000000,30.000000,31.000000,31.000000,31.000000,31.000000,1,1,1,1,1,1,1,0,0,0,0,0,0,0,74,5376.198242,718,0,1,0.670196,-0.045924,-0.323627,-3.117000,-0.399000,0.076000,1
3.042062,3.652000,-45.991001,-14.390000,86.367996,26.443001,30.221001,145.481003,0.000000,0.000000,0.000000,0.000000,0.000000,0.000000,0.000000,-179.000000,-1021.000000,424.000000,-1419.000000,-206.000000,-244.000000,-48.000000,22.000000,22.000000,22.000000,22.000000,22.000000,22.000000,22.000000,29.000000,29.000000,30.000000,31.000000,31.000000,31.000000,31.000000,1,1,1,1,1,1,1,0,0,0,0,0,0,0,74,5376.198242,719,0,1,0.671061,-0.045425,-0.323628,-3.117000,-0.399000,0.076000,1
3.052176,3.580000,-45.916000,-14.341000,86.228996,26.445000,30.291000,145.557999,0.000000,0.000000,0.000000,0.000000,0.000000,0.000000,0.000000,-179.000000,-1021.000000,424.000000,-1419.000000,-206.000000,-244.000000,-48.000000,22.000000,22.000000,22.000000,22.000000,22.000000,22.000000,22.000000,29.000000,29.000000,30.000000,31.000000,31.000000,31.000000,31.000000,1,1,1,1,1,1,1,0,0,0,0,0,0,0,74,5376.198242,718,0,1,0.671493,-0.045175,-0.323628,-3.116000,-0.399000,0.076000,1
3.062012,3.421000,-45.750000,-14.232000,85.920998,26.450001,30.443001,145.725998,0.000000,0.000000,0.000000,0.000000,0.000000,0.000000,0.000000,-179.000000,-1021.000000,424.000000,-1419.000000,-206.000000,-244.000000,-48.000000,22.000000,22.000000,22.000000,22.000000,22.000000,22.000000,22.000000,29.000000,29.000000,30.000000,31.000000,31.000000,31.000000,31.000000,1,1,1,1,1,1,1,0,0,0,0,0,0,0,74,5376.198242,717,0,1,0.672445,-0.044626,-0.323627,-3.116000,-0.399000,0.077000,1
3.072028,3.278000,-45.598999,-14.134000,85.640999,26.454000,30.583000,145.880005,0.000000,0.000000,0.000000,0.000000,0.000000,0.000000,0.000000,-179.000000,-1021.000000,424.000000,-1419.000000,-206.000000,-244.000000,-48.000000,22.000000,22.000000,22.000000,22.000000,22.000000,22.000000,22.000000,29.000000,29.000000,30.000000,31.000000,31.000000,31.000000,31.000000,1,1,1,1,1,1,1,0,0,0,0,0,0,0,74,5376.198242,717,0,1,0.673310,-0.044127,-0.323627,-3.116000,-0.399000,0.076000,1
3.081977,3.134000,-45.448002,-14.036000,85.359001,26.457001,30.723000,146.035004,0.000000,0.000000,0.000000,0.000000,0.000000,0.000000,0.000000,-179.000000,-1021.000000,424.000000,-1419.000000,-206.000000,-244.000000,-48.000000,22.000000,22.000000,22.000000,22.000000,22.000000,22.000000,22.000000,29.000000,29.000000,30.000000,31.000000,31.000000,31.000000,31.000000,1,1,1,1,1,1,1,0,0,0,0,0,0,0,74,5376.199219,718,0,1,0.674175,-0.043627,-0.323628,-3.116000,-0.399000,0.076000,1
3.092052,2.976000,-45.282001,-13.928000,85.047997,26.459000,30.877001,146.205994,0.000000,0.000000,0.000000,0.000000,0.000000,0.000000,0.000000,-179.000000,-1021.000000,424.000000,-1419.000000,-206.000000,-244.000000,-48.000000,22.000000,22.000000,22.000000,22.000000,22.000000,22.000000,22.000000,29.000000,29.000000,30.000000,31.000000,31.000000,31.000000,31.000000,1,1,1,1,1,1,1,0,0,0,0,0,0,0,74,5376.198242,718,0,1,0.675126,-0.043078,-0.323628,-3.116000,-0.399000,0.076000,1
3.102097,2.833000,-45.131001,-13.830000,84.764000,26.459000,31.018000,146.362000,0.000000,0.000000,0.000000,0.000000,0.000000,0.000000,0.000000,-179.000000,-1021.000000,424.000000,-1419.000000,-206.000000,-244.000000,-48.000000,22.000000,22.000000,22.000000,22.000000,22.000000,22.000000,22.000000,29.000000,29.000000,30.000000,31.000000,31.000000,31.000000,31.000000,1,1,1,1,1,1,1,0,0,0,0,0,0,0,74,5376.198242,717,0,1,0.675991,-0.042579,-0.323628,-3.117000,-0.400000,0.076000,1
3.112009,2.676000,-44.965000,-13.722000,84.449997,26.459000,31.174000,146.535004,0.000000,0.000000,0.000000,0.000000,0.000000,0.000000,0.000000,-179.000000,-1021.000000,424.000000,-1419.000000,-206.000000,-244.000000,-48.000000,22.000000,22.000000,22.000000,22.000000,22.000000,22.000000,22.000000,29.000000,29.000000,30.000000,31.000000,31.000000,31.000000,31.000000,1,1,1,1,1,1,1,0,0,0,0,0,0,0,74,5376.198242,717,0,1,0.676942,-0.042030,-0.323628,-3.116000,-0.399000,0.077000,1
3.121965,2.533000,-44.813999,-13.625000,84.163002,26.458000,31.316000,146.692001,0.000000,0.000000,0.000000,0.000000,0.000000,0.000000,0.000000,-179.000000,-1021.000000,424.000000,-1419.000000,-206.000000,-244.000000,-48.000000,22.000000,22.000000,22.000000,22.000000,22.000000,22.000000,22.000000,29.000000,29.000000,30.000000,31.000000,31.000000,31.000000,31.000000,1,1,1,1,1,1,1,0,0,0,0,0,0,0,74,5376.199219,718,0,1,0.677807,-0.041530,-0.323628,-3.116000,-0.399000,0.077000,1
3.131984,2.377000,-44.646999,-13.518000,83.846001,26.455000,31.473000,146.865997,0.000000,0.000000,0.000000,0.000000,0.000000,0.000000,0.000000,-179.000000,-1021.000000,424.000000,-1419.000000,-206.000000,-244.000000,-48.000000,22.000000,22.000000,22.000000,22.000000,22.000000,22.000000,22.000000,29.000000,29.000000,30.000000,31.000000,31.000000,31.000000,31.000000,1,1,1,1,1,1,1,0,0,0,0,0,0,0,74,5376.198242,720,0,1,0.678758,-0.040981,-0.323627,-3.116000,-0.399000,0.077000,1
3.142034,2.220000,-44.480999,-13.411000,83.528000,26.451000,31.629999,147.041000,0.000000,0.000000,0.000000,0.000000,0.000000,0.000000,0.000000,-179.000000,-1021.000000,424.000000,-1419.000000,-206.000000,-244.000000,-48.000000,22.000000,22.000000,22.000000,22.000000,22.000000,22.000000,22.000000,29.000000,29.000000,30.000000,31.000000,31.000000,31.000000,31.000000,1,1,1,1,1,1,1,0,0,0,0,0,0,0,74,5376.198242,718,0,1,0.679710,-0.040432,-0.323628,-3.116000,-0.399000,0.076000,1
3.152036,2.149000,-44.404999,-13.362000,83.382004,26.448999,31.702000,147.119995,0.000000,0.000000,0.000000,0.000000,0.000000,0.000000,0.000000,-179.000000,-1021.000000,424.000000,-1419.000000,-206.000000,-244.000000,-48.000000,22.000000,22.000000,22.000000,22.000000,22.000000,22.000000,22.000000,29.000000,29.000000,30.000000,31.000000,31.000000,31.000000,31.000000,1,1,1,1,1,1,1,0,0,0,0,0,0,0,74,5376.196777,718,0,1,0.680142,-0.040182,-0.323627,-3.117000,-0.399000,0.077000,1
3.162032,1.993000,-44.237999,-13.255000,83.061996,26.444000,31.861000,147.296005,0.000000,0.000000,0.000000,0.000000,0.000000,0.000000,0.000000,-179.000000,-1021.000000,424.000000,-1419.000000,-206.000000,-244.000000,-48.000000,22.000000,22.000000,22.000000,22.000000,22.000000,22.000000,22.000000,29.000000,29.000000,30.000000,31.000000,31.000000,31.000000,31.000000,1,1,1,1,1,1,1,0,0,0,0,0,0,0,74,5376.198242,719,0,1,0.681093,-0.039633,-0.323628,-3.117000,-0.399000,0.077000,1
3.172021,1.852000,-44.085999,-13.158000,82.768997,26.438000,32.005001,147.457001,0.000000,0.000000,0.000000,0.000000,0.000000,0.000000,0.000000,-179.000000,-1021.000000,424.000000,-1419.000000,-206.000000,-244.000000,-48.000000,22.000000,22.000000,22.000000,22.000000,22.000000,22.000000,22.000000,29.000000,29.000000,30.000000,31.000000,31.000000,31.000000,31.000000,1,1,1,1,1,1,1,0,0,0,0,0,0,0,74,5376.198242,717,0,1,0.681958,-0.039134,-0.323628,-3.116000,-0.399000,0.076000,1
3.181954,1.696000,-43.918999,-13.052000,82.445999,26.431000,32.165001,147.634003,0.000000,0.000000,0.000000,0.000000,0.000000,0.000000,0.000000,-179.000000,-1021.000000,424.000000,-1419.000000,-206.000000,-244.000000,-48.000000,22.000000,22.000000,22.000000,22.000000,22.000000,22.000000,22.000000,29.000000,29.000000,30.000000,31.000000,31.000000,31.000000,31.000000,1,1,1,1,1,1,1,0,0,0,0,0,0,0,74,5376.198242,717,0,1,0.682910,-0.038584,-0.323627,-3.116000,-0.399000,0.076000,1
3.192064,1.555000,-43.766998,-12.955000,82.150002,26.423000,32.311001,147.794998,0.000000,0.000000,0.000000,0.000000,0.000000,0.000000,0.000000,-179.000000,-1021.000000,424.000000,-1419.000000,-206.000000,-244.000000,-48.000000,22.000000,22.000000,22.000000,22.000000,22.000000,22.000000,22.000000,29.000000,29.000000,30.000000,31.000000,31.000000,31.000000,31.000000,1,1,1,1,1,1,1,0,0,0,0,0,0,0,74,5376.196777,715,0,1,0.683774,-0.038085,-0.323628,-3.116000,-0.399000,0.077000,1
3.202022,1.400000,-43.598999,-12.849000,81.823997,26.413000,32.472000,147.973999,0.000000,0.000000,0.000000,0.000000,0.000000,0.000000,0.000000,-179.000000,-1021.000000,424.000000,-1419.000000,-206.000000,-244.000000,-48.000000,22.000000,22.000000,22.000000,22.000000,22.000000,22.000000,22.000000,29.000000,29.000000,30.000000,31.000000,31.000000,31.000000,31.000000,1,1,1,1,1,1,1,0,0,0,0,0,0,0,74,5376.198242,718,0,1,0.684726,-0.037536,-0.323628,-3.116000,-0.399000,0.076000,1
3.212018,1.246000,-43.431000,-12.743000,81.496002,26.402000,32.633999,148.153000,0.000000,0.000000,0.000000,0.000000,0.000000,0.000000,0.000000,-179.000000,-1021.000000,424.000000,-1419.000000,-206.000000,-244.000000,-48.000000,22.000000,22.000000,22.000000,22.000000,22.000000,22.000000,22.000000,29.000000,29.000000,30.000000,31.000000,31.000000,31.000000,31.000000,1,1,1,1,1,1,1,0,0,0,0,0,0,0,74,5376.199219,717,0,1,0.685677,-0.036986,-0.323628,-3.116000,-0.399000,0.076000,1
3.222157,1.106000,-43.278000,-12.647000,81.196999,26.391001,32.782001,148.317001,0.000000,0.000000,0.000000,0.000000,0.000000,0.000000,0.000000,-179.000000,-1021.000000,424.000000,-1419.000000,-206.000000,-244.000000,-48.000000,22.000000,22.000000,22.000000,22.000000,22.000000,22.000000,22.000000,29.000000,29.000000,30.000000,31.000000,31.000000,31.000000,31.000000,1,1,1,1,1,1,1,0,0,0,0,0,0,0,74,5376.198242,720,0,1,0.686542,-0.036487,-0.323627,-3.117000,-0.399000,0.077000,1
3.232003,0.952000,-43.110001,-12.541000,80.865997,26.378000,32.945000,148.498001,0.000000,0.000000,0.000000,0.000000,0.000000,0.000000,0.000000,-179.000000,-1021.000000,424.000000,-1419.000000,-206.000000,-244.000000,-48.000000,22.000000,22.000000,22.000000,22.000000,22.000000,22.000000,22.000000,29.000000,29.000000,30.000000,31.000000,31.000000,31.000000,31.000000,1,1,1,1,1,1,1,0,0,0,0,0,0,0,74,5376.198242,716,0,1,0.687493,-0.035938,-0.323628,-3.116000,-0.399000,0.076000,1
3.241979,0.882000,-43.033001,-12.493000,80.714996,26.372000,33.019001,148.580002,0.000000,0.000000,0.000000,0.000000,0.000000,0.000000,0.000000,-179.000000,-1021.000000,424.000000,-1419.000000,-206.000000,-244.000000,-48.000000,22.000000,22.000000,22.000000,22.000000,22.000000,22.000000,22.000000,29.000000,29.000000,30.000000,31.000000,31.000000,31.000000,31.000000,1,1,1,1,1,1,1,0,0,0,0,0,0,0,74,5376.198242,717,0,1,0.687926,-0.035688,-0.323627,-3.117000,-0.399000,0.077000,1
3.252074,0.729000,-42.865002,-12.388000,80.382004,26.357000,33.182999,148.761993,0.000000,0.000000,0.000000,0.000000,0.000000,0.000000,0.000000,-179.000000,-1021.000000,424.000000,-1419.000000,-206.000000,-244.000000,-48.000000,22.000000,22.000000,22.000000,22.000000,22.000000,22.000000,22.000000,29.000000,29.000000,30.000000,31.000000,31.000000,31.000000,31.000000,1,1,1,1,1,1,1,0,0,0,0,0,0,0,74,5376.198242,717,0,1,0.688875,-0.035140,-0.323628,-3.116000,-0.399000,0.077000,1
3.261965,0.582000,-42.702999,-12.286000,80.059998,26.341000,33.341999,148.938004,0.000000,0.000000,0.000000,0.000000,0.000000,0.000000,0.000000,-179.000000,-1021.000000,424.000000,-1419.000000,-206.000000,-244.000000,-48.000000,22.000000,22.000000,22.000000,22.000000,22.000000,22.000000,22.000000,29.000000,29.000000,30.000000,31.000000,31.000000,31.000000,31.000000,1,1,1,1,1,1,1,0,0,0,0,0,0,0,74,5376.198242,718,0,1,0.689790,-0.034612,-0.323628,-3.117000,-0.399000,0.076000,1
3.271983,0.462000,-42.569000,-12.203000,79.792999,26.326000,33.472000,149.084000,0.000000,0.000000,0.000000,0.000000,0.000000,0.000000,0.000000,-179.000000,-1021.000000,424.000000,-1419.000000,-206.000000,-244.000000,-48.000000,22.000000,22.000000,22.000000,22.000000,22.000000,22.000000,22.000000,29.000000,29.000000,30.000000,31.000000,31.000000,31.000000,31.000000,1,1,1,1,1,1,1,0,0,0,0,0,0,0,74,5376.198242,718,0,1,0.690545,-0.034176,-0.323628,-3.116000,-0.399000,0.076000,1
3.281982,0.352000,-42.444000,-12.124000,79.543999,26.306999,33.594002,149.223999,0.000000,0.000000,0.000000,0.000000,0.000000,0.000000,0.000000,-179.000000,-1021.000000,424.000000,-1419.000000,-206.000000,-244.000000,-48.000000,22.000000,22.000000,22.000000,22.000000,22.000000,22.000000,22.000000,29.000000,29.000000,30.000000,31.000000,31.000000,31.000000,31.000000,1,1,1,1,1,1,1,0,0,0,0,0,0,0,74,5376.198242,717,0,1,0.691247,-0.033770,-0.323627,-3.117000,-0.399000,0.077000,1
3.292000,0.270000,-42.348000,-12.063000,79.350998,26.288000,33.687000,149.335007,0.000000,0.000000,0.000000,0.000000,0.000000,0.000000,0.000000,-179.000000,-1021.000000,424.000000,-1419.000000,-206.000000,-244.000000,-48.000000,22.000000,22.000000,22.000000,22.000000,22.000000,22.000000,22.000000,29.000000,29.000000,30.000000,31.000000,31.000000,31.000000,31.000000,1,1,1,1,1,1,1,0,0,0,0,0,0,0,74,5376.198242,717,0,1,0.691790,-0.033457,-0.323628,-3.116000,-0.399000,0.077000,1
3.301979,0.220000,-42.285999,-12.023000,79.225998,26.270000,33.745998,149.410995,0.000000,0.000000,0.000000,0.000000,0.000000,0.000000,0.000000,-179.000000,-1021.000000,424.000000,-1419.000000,-206.000000,-244.000000,-48.000000,22.000000,22.000000,22.000000,22.000000,22.000000,22.000000,22.000000,29.000000,29.000000,30.000000,31.000000,31.000000,31.000000,31.000000,1,1,1,1,1,1,1,0,0,0,0,0,0,0,74,5376.199219,718,0,1,0.692140,-0.033255,-0.323628,-3.116000,-0.399000,0.077000,1
3.312036,0.200000,-42.259998,-12.006000,79.171997,26.257999,33.771000,149.445007,0.000000,0.000000,0.000000,0.000000,0.000000,0.000000,0.000000,-179.000000,-1021.000000,424.000000,-1419.000000,-206.000000,-244.000000,-48.000000,22.000000,22.000000,22.000000,22.000000,22.000000,22.000000,22.000000,29.000000,29.000000,30.000000,31.000000,31.000000,31.000000,31.000000,1,1,1,1,1,1,1,0,0,0,0,0,0,0,74,5376.198242,718,0,1,0.692290,-0.033169,-0.323628,-3.117000,-0.399000,0.077000,1
3.321984,0.181000,-42.230000,-11.984000,79.109001,26.237000,33.799000,149.490997,0.000000,0.000000,0.000000,0.000000,0.000000,0.000000,0.000000,-179.000000,-1021.000000,424.000000,-1419.000000,-206.000000,-244.000000,-48.000000,22.000000,22.000000,22.000000,22.000000,22.000000,22.000000,22.000000,29.000000,29.000000,30.000000,31.000000,31.000000,31.000000,31.000000,1,1,1,1,1,1,1,0,0,0,0,0,0,0,74,5376.198242,718,0,1,0.692465,-0.033067,-0.323628,-3.116000,-0.399000,0.076000,1
3.331981,0.176000,-42.216000,-11.973000,79.079002,26.218000,33.810001,149.518997,0.000000,0.000000,0.000000,0.000000,0.000000,0.000000,0.000000,-179.000000,-1021.000000,424.000000,-1419.000000,-206.000000,-244.000000,-48.000000,22.000000,22.000000,22.000000,22.000000,22.000000,22.000000,22.000000,29.000000,29.000000,30.000000,31.000000,31.000000,31.000000,31.000000,1,1,1,1,1,1,1,0,0,0,0,0,0,0,74,5376.198242,718,0,1,0.692549,-0.033019,-0.323627,-3.116000,-0.399000,0.077000,1
3.342001,0.178000,-42.206001,-11.965000,79.056000,26.197001,33.818001,149.544006,0.000000,0.000000,0.000000,0.000000,0.000000,0.000000,0.000000,-179.000000,-1021.000000,424.000000,-1419.000000,-206.000000,-244.000000,-48.000000,22.000000,22.000000,22.000000,22.000000,22.000000,22.000000,22.000000,29.000000,29.000000,30.000000,31.000000,31.000000,31.000000,31.000000,1,1,1,1,1,1,1,0,0,0,0,0,0,0,74,5376.199219,717,0,1,0.692613,-0.032991,-0.323627,-3.116000,-0.399000,0.076000,1
3.352106,0.179000,-42.188999,-11.959000,79.018997,26.176001,33.833000,149.572006,0.000000,0.000000,0.000000,0.000000,0.000000,0.000000,0.000000,-179.000000,-1021.000000,424.000000,-1419.000000,-206.000000,-244.000000,-48.000000,22.000000,22.000000,22.000000,22.000000,22.000000,22.000000,22.000000,29.000000,29.000000,30.000000,31.000000,31.000000,31.000000,31.000000,1,1,1,1,1,1,1,0,0,0,0,0,0,0,74,5376.198242,717,0,1,0.692713,-0.032964,-0.323627,-3.116000,-0.399000,0.076000,1
3.361989,0.170000,-42.154999,-11.949000,78.945999,26.153999,33.867001,149.613007,0.000000,0.000000,0.000000,0.000000,0.000000,0.000000,0.000000,-179.000000,-1021.000000,424.000000,-1419.000000,-206.000000,-244.000000,-48.000000,22.000000,22.000000,22.000000,22.000000,22.000000,22.000000,22.000000,29.000000,29.000000,30.000000,31.000000,31.000000,31.000000,31.000000,1,1,1,1,1,1,1,0,0,0,0,0,0,0,74,5376.199219,718,0,1,0.692909,-0.032912,-0.323627,-3.116000,-0.399000,0.077000,1
3.372022,0.161000,-42.130001,-11.943000,78.894997,26.143999,33.890999,149.636993,0.000000,0.000000,0.000000,0.000000,0.000000,0.000000,0.000000,-179.000000,-1021.000000,424.000000,-1419.000000,-206.000000,-244.000000,-48.000000,22.000000,22.000000,22.000000,22.000000,22.000000,22.000000,22.000000,29.000000,29.000000,30.000000,31.000000,31.000000,31.000000,31.000000,1,1,1,1,1,1,1,0,0,0,0,0,0,0,74,5376.198242,718,0,1,0.693044,-0.032876,-0.323627,-3.116000,-0.399000,0.077000,1
3.381987,0.110000,-42.007999,-11.915000,78.642998,26.111000,34.015999,149.750000,0.000000,0.000000,0.000000,0.000000,0.000000,0.000000,0.000000,-179.000000,-1021.000000,424.000000,-1419.000000,-206.000000,-244.000000,-48.000000,22.000000,22.000000,22.000000,22.000000,22.000000,22.000000,22.000000,29.000000,29.000000,30.000000,31.000000,31.000000,31.000000,31.000000,1,1,1,1,1,1,1,0,0,0,0,0,0,0,74,5376.198242,717,0,1,0.693718,-0.032695,-0.323627,-3.116000,-0.399000,0.076000,1
3.392031,0.086000,-41.953999,-11.904000,78.533997,26.100000,34.070000,149.796005,0.000000,0.000000,0.000000,0.000000,0.000000,0.000000,0.000000,-179.000000,-1021.000000,424.000000,-1419.000000,-206.000000,-244.000000,-48.000000,22.000000,22.000000,22.000000,22.000000,22.000000,22.000000,22.000000,29.000000,29.000000,30.000000,31.000000,31.000000,31.000000,31.000000,1,1,1,1,1,1,1,0,0,0,0,0,0,0,74,5376.196777,718,0,1,0.694009,-0.032617,-0.323628,-3.116000,-0.399000,0.076000,1
3.402029,0.020000,-41.813000,-11.873000,78.246002,26.076000,34.215000,149.914993,0.000000,0.000000,0.000000,0.000000,0.000000,0.000000,0.000000,-179.000000,-1021.000000,424.000000,-1419.000000,-206.000000,-244.000000,-48.000000,22.000000,22.000000,22.000000,22.000000,22.000000,22.000000,22.000000,29.000000,29.000000,30.000000,31.000000,31.000000,31.000000,31.000000,1,1,1,1,1,1,1,0,0,0,0,0,0,0,74,5376.198242,717,0,1,0.694777,-0.032411,-0.323628,-3.116000,-0.399000,0.076000,1
3.412021,-0.051000,-41.660000,-11.841000,77.932999,26.052000,34.372002,150.041000,0.000000,0.000000,0.000000,0.000000,0.000000,0.000000,0.000000,-179.000000,-1021.000000,424.000000,-1419.000000,-206.000000,-244.000000,-48.000000,22.000000,22.000000,22.000000,22.000000,22.000000,22.000000,22.000000,29.000000,29.000000,30.000000,31.000000,31.000000,31.000000,31.000000,1,1,1,1,1,1,1,0,0,0,0,0,0,0,74,5376.198242,718,0,1,0.695608,-0.032189,-0.323628,-3.117000,-0.399000,0.077000,1
3.421993,-0.139000,-41.472000,-11.803000,77.550003,26.025999,34.564999,150.194000,0.000000,0.000000,0.000000,0.000000,0.000000,0.000000,0.000000,-179.000000,-1021.000000,424.000000,-1419.000000,-206.000000,-244.000000,-48.000000,22.000000,22.000000,22.000000,22.000000,22.000000,22.000000,22.000000,29.000000,29.000000,30.000000,31.000000,31.000000,31.000000,31.000000,1,1,1,1,1,1,1,0,0,0,0,0,0,0,74,5376.199219,718,0,1,0.696621,-0.031917,-0.323628,-3.116000,-0.399000,0.076000,1
3.432043,-0.223000,-41.293999,-11.767000,77.183998,26.000999,34.750000,150.339996,0.000000,0.000000,0.000000,0.000000,0.000000,0.000000,0.000000,-179.000000,-1021.000000,424.000000,-1419.000000,-206.000000,-244.000000,-48.000000,22.000000,22.000000,22.000000,22.000000,22.000000,22.000000,22.000000,29.000000,29.000000,30.000000,31.000000,31.000000,31.000000,31.000000,1,1,1,1,1,1,1,0,0,0,0,0,0,0,74,5376.198242,717,0,1,0.697583,-0.031660,-0.323628,-3.116000,-0.399000,0.076000,1
3.441947,-0.315000,-41.096001,-11.728000,76.778999,25.972000,34.953999,150.501007,0.000000,0.000000,0.000000,0.000000,0.000000,0.000000,0.000000,-179.000000,-1021.000000,424.000000,-1419.000000,-206.000000,-244.000000,-48.000000,22.000000,22.000000,22.000000,22.000000,22.000000,22.000000,22.000000,29.000000,29.000000,30.000000,31.000000,31.000000,31.000000,31.000000,1,1,1,1,1,1,1,0,0,0,0,0,0,0,74,5376.198242,717,0,1,0.698644,-0.031375,-0.323627,-3.116000,-0.399000,0.076000,1
3.452065,-0.398000,-40.915001,-11.692000,76.408997,25.945000,35.139999,150.647995,0.000000,0.000000,0.000000,0.000000,0.000000,0.000000,0.000000,-179.000000,-1021.000000,424.000000,-1419.000000,-206.000000,-244.000000,-48.000000,22.000000,22.000000,22.000000,22.000000,22.000000,22.000000,22.000000,29.000000,29.000000,30.000000,31.000000,31.000000,31.000000,31.000000,1,1,1,1,1,1,1,0,0,0,0,0,0,0,74,5376.199219,718,0,1,0.699609,-0.031117,-0.323627,-3.116000,-0.399000,0.076000,1
3.462038,-0.489000,-40.716000,-11.654000,76.000000,25.915001,35.346001,150.811005,0.000000,0.000000,0.000000,0.000000,0.000000,0.000000,0.000000,-179.000000,-1021.000000,424.000000,-1419.000000,-206.000000,-244.000000,-48.000000,22.000000,22.000000,22.000000,22.000000,22.000000,22.000000,22.000000,29.000000,29.000000,30.000000,31.000000,31.000000,31.000000,31.000000,1,1,1,1,1,1,1,0,0,0,0,0,0,0,74,5376.198242,718,0,1,0.700670,-0.030832,-0.323628,-3.116000,-0.399000,0.077000,1
3.472027,-0.538000,-40.606998,-11.633000,75.776001,25.898001,35.458000,150.899994,0.000000,0.000000,0.000000,0.000000,0.000000,0.000000,0.000000,-179.000000,-1021.000000,424.000000,-1419.000000,-206.000000,-244.000000,-48.000000,22.000000,22.000000,22.000000,22.000000,22.000000,22.000000,22.000000,29.000000,29.000000,30.000000,31.000000,31.000000,31.000000,31.000000,1,1,1,1,1,1,1,0,0,0,0,0,0,0,74,5376.199219,719,0,1,0.701249,-0.030677,-0.323628,-3.117000,-0.399000,0.076000,1
3.482045,-0.619000,-40.424999,-11.598000,75.401001,25.870001,35.646999,151.048004,0.000000,0.000000,0.000000,0.000000,0.000000,0.000000,0.000000,-179.000000,-1021.000000,424.000000,-1419.000000,-206.000000,-244.000000,-48.000000,22.000000,22.000000,22.000000,22.000000,22.000000,22.000000,22.000000,29.000000,29.000000,30.000000,31.000000,31.000000,31.000000,31.000000,1,1,1,1,1,1,1,0,0,0,0,0,0,0,74,5376.198242,719,0,1,0.702213,-0.030419,-0.323628,-3.117000,-0.399000,0.077000,1
3.492031,-0.700000,-40.243000,-11.564000,75.025002,25.840000,35.835999,151.197998,0.000000,0.000000,0.000000,0.000000,0.000000,0.000000,0.000000,-179.000000,-1021.000000,424.000000,-1419.000000,-206.000000,-244.000000,-48.000000,22.000000,22.000000,22.000000,22.000000,22.000000,22.000000,22.000000,29.000000,29.000000,30.000000,31.000000,31.000000,31.000000,31.000000,1,1,1,1,1,1,1,0,0,0,0,0,0,0,74,5376.198242,718,0,1,0.703178,-0.030160,-0.323627,-3.116000,-0.399000,0.077000,1
3.501994,-0.788000,-40.041000,-11.527000,74.609001,25.806999,36.043999,151.362000,0.000000,0.000000,0.000000,0.000000,0.000000,0.000000,0.000000,-179.000000,-1021.000000,424.000000,-1419.000000,-206.000000,-244.000000,-48.000000,22.000000,22.000000,22.000000,22.000000,22.000000,22.000000,22.000000,29.000000,29.000000,30.000000,31.000000,31.000000,31.000000,31.000000,1,1,1,1,1,1,1,0,0,0,0,0,0,0,74,5376.199219,718,0,1,0.704239,-0.029876,-0.323628,-3.116000,-0.399000,0.076000,1
3.511990,-0.867000,-39.858002,-11.493000,74.228996,25.777000,36.235001,151.513000,0.000000,0.000000,0.000000,0.000000,0.000000,0.000000,0.000000,-179.000000,-1021.000000,424.000000,-1419.000000,-206.000000,-244.000000,-48.000000,22.000000,22.000000,22.000000,22.000000,22.000000,22.000000,22.000000,29.000000,29.000000,30.000000,31.000000,31.000000,31.000000,31.000000,1,1,1,1,1,1,1,0,0,0,0,0,0,0,74,5376.196777,718,0,1,0.705204,-0.029618,-0.323628,-3.116000,-0.399000,0.076000,1
3.522136,-0.954000,-39.654999,-11.456000,73.807999,25.742001,36.445000,151.679001,0.000000,0.000000,0.000000,0.000000,0.000000,0.000000,0.000000,-179.000000,-1021.000000,424.000000,-1419.000000,-206.000000,-244.000000,-48.000000,22.000000,22.000000,22.000000,22.000000,22.000000,22.000000,22.000000,29.000000,29.000000,30.000000,31.000000,31.000000,31.000000,31.000000,1,1,1,1,1,1,1,0,0,0,0,0,0,0,74,5376.198242,718,0,1,0.706265,-0.029333,-0.323628,-3.117000,-0.399000,0.077000,1
3.532008,-0.993000,-39.562000,-11.440000,73.616997,25.726000,36.541000,151.755005,0.000000,0.000000,0.000000,0.000000,0.000000,0.000000,0.000000,-179.000000,-1021.000000,424.000000,-1419.000000,-206.000000,-244.000000,-48.000000,22.000000,22.000000,22.000000,22.000000,22.000000,22.000000,22.000000,29.000000,29.000000,30.000000,31.000000,31.000000,31.000000,31.000000,1,1,1,1,1,1,1,0,0,0,0,0,0,0,74,5376.198242,717,0,1,0.706747,-0.029204,-0.323628,-3.116000,-0.399000,0.076000,1
3.542006,-1.117000,-39.264999,-11.387000,73.000000,25.673000,36.849998,151.998993,0.000000,0.000000,0.000000,0.000000,0.000000,0.000000,0.000000,-179.000000,-1021.000000,424.000000,-1419.000000,-206.000000,-244.000000,-48.000000,22.000000,22.000000,22.000000,22.000000,22.000000,22.000000,22.000000,29.000000,29.000000,30.000000,31.000000,31.000000,31.000000,31.000000,1,1,1,1,1,1,1,0,0,0,0,0,0,0,74,5376.198242,718,0,1,0.708291,-0.028791,-0.323628,-3.117000,-0.399000,0.077000,1
3.551997,-1.201000,-39.060001,-11.352000,72.572998,25.636000,37.063000,152.167007,0.000000,0.000000,0.000000,0.000000,0.000000,0.000000,0.000000,-179.000000,-1021.000000,424.000000,-1419.000000,-206.000000,-244.000000,-48.000000,22.000000,22.000000,22.000000,22.000000,22.000000,22.000000,22.000000,29.000000,29.000000,30.000000,31.000000,31.000000,31.000000,31.000000,1,1,1,1,1,1,1,0,0,0,0,0,0,0,74,5376.198242,718,0,1,0.709352,-0.028506,-0.323628,-3.116000,-0.399000,0.076000,1
3.562097,-1.277000,-38.872002,-11.320000,72.182999,25.601999,37.257999,152.320007,0.000000,0.000000,0.000000,0.000000,0.000000,0.000000,0.000000,-179.000000,-1021.000000,424.000000,-1419.000000,-206.000000,-244.000000,-48.000000,22.000000,22.000000,22.000000,22.000000,22.000000,22.000000,22.000000,29.000000,29.000000,30.000000,31.000000,31.000000,31.000000,31.000000,1,1,1,1,1,1,1,0,0,0,0,0,0,0,74,5376.199219,716,0,1,0.710316,-0.028248,-0.323628,-3.116000,-0.399000,0.077000,1
3.571984,-1.323000,-38.758999,-11.301000,71.947998,25.580999,37.375000,152.412994,0.000000,0.000000,0.000000,0.000000,0.000000,0.000000,0.000000,-179.000000,-1021.000000,424.000000,-1419.000000,-206.000000,-244.000000,-48.000000,22.000000,22.000000,22.000000,22.000000,22.000000,22.000000,22.000000,29.000000,29.000000,30.000000,31.000000,31.000000,31.000000,31.000000,1,1,1,1,1,1,1,0,0,0,0,0,0,0,74,5376.198242,718,0,1,0.710895,-0.028093,-0.323628,-3.116000,-0.399000,0.076000,1
3.581982,-1.397000,-38.570999,-11.270000,71.555000,25.545000,37.570999,152.567001,0.000000,0.000000,0.000000,0.000000,0.000000,0.000000,0.000000,-179.000000,-1021.000000,424.000000,-1419.000000,-206.000000,-244.000000,-48.000000,22.000000,22.000000,22.000000,22.000000,22.000000,22.000000,22.000000,29.000000,29.000000,30.000000,31.000000,31.000000,31.000000,31.000000,1,1,1,1,1,1,1,0,0,0,0,0,0,0,74,5376.198242,717,0,1,0.711860,-0.027834,-0.323628,-3.116000,-0.399000,0.077000,1
3.591982,-1.479000,-38.362000,-11.236000,71.120003,25.506001,37.787998,152.738007,0.000000,0.000000,0.000000,0.000000,0.000000,0.000000,0.000000,-179.000000,-1021.000000,424.000000,-1419.000000,-206.000000,-244.000000,-48.000000,22.000000,22.000000,22.000000,22.000000,22.000000,22.000000,22.000000,29.000000,29.000000,30.000000,31.000000,31.000000,31.000000,31.000000,1,1,1,1,1,1,1,0,0,0,0,0,0,0,74,5376.196777,716,0,1,0.712921,-0.027550,-0.323628,-3.116000,-0.399000,0.077000,1
3.601977,-1.552000,-38.172001,-11.205000,70.722000,25.469000,37.986000,152.893997,0.000000,0.000000,0.000000,0.000000,0.000000,0.000000,0.000000,-179.000000,-1021.000000,424.000000,-1419.000000,-206.000000,-244.000000,-48.000000,22.000000,22.000000,22.000000,22.000000,22.000000,22.000000,22.000000,29.000000,29.000000,30.000000,31.000000,31.000000,31.000000,31.000000,1,1,1,1,1,1,1,0,0,0,0,0,0,0,74,5376.196777,719,0,1,0.713886,-0.027291,-0.323628,-3.117000,-0.399000,0.077000,1
3.612011,-1.632000,-37.962002,-11.172000,70.281998,25.427000,38.205002,153.065994,0.000000,0.000000,0.000000,0.000000,0.000000,0.000000,0.000000,-179.000000,-1021.000000,424.000000,-1419.000000,-206.000000,-244.000000,-48.000000,22.000000,22.000000,22.000000,22.000000,22.000000,22.000000,22.000000,29.000000,29.000000,30.000000,31.000000,31.000000,31.000000,31.000000,1,1,1,1,1,1,1,0,0,0,0,0,0,0,74,5376.198242,717,0,1,0.714947,-0.027007,-0.323628,-3.117000,-0.399000,0.077000,1
3.622044,-1.704000,-37.770000,-11.142000,69.879997,25.389000,38.403999,153.223007,0.000000,0.000000,0.000000,0.000000,0.000000,0.000000,0.000000,-179.000000,-1021.000000,424.000000,-1419.000000,-206.000000,-244.000000,-48.000000,22.000000,22.000000,22.000000,22.000000,22.000000,22.000000,22.000000,29.000000,29.000000,30.000000,31.000000,31.000000,31.000000,31.000000,1,1,1,1,1,1,1,0,0,0,0,0,0,0,74,5376.199219,717,0,1,0.715911,-0.026749,-0.323628,-3.116000,-0.399000,0.076000,1
3.631978,-1.775000,-37.577999,-11.113000,69.475998,25.350000,38.605000,153.380005,0.000000,0.000000,0.000000,0.000000,0.000000,0.000000,0.000000,-179.000000,-1021.000000,424.000000,-1419.000000,-206.000000,-244.000000,-48.000000,22.000000,22.000000,22.000000,22.000000,22.000000,22.000000,22.000000,29.000000,29.000000,30.000000,31.000000,31.000000,31.000000,31.000000,1,1,1,1,1,1,1,0,0,0,0,0,0,0,74,5376.198242,718,0,1,0.716876,-0.026490,-0.323628,-3.116000,-0.399000,0.076000,1
3.642029,-1.853000,-37.365002,-11.081000,69.028999,25.306000,38.827000,153.554001,0.000000,0.000000,0.000000,0.000000,0.000000,0.000000,0.000000,-179.000000,-1021.000000,424.000000,-1419.000000,-206.000000,-244.000000,-48.000000,22.000000,22.000000,22.000000,22.000000,22.000000,22.000000,22.000000,29.000000,29.000000,30.000000,31.000000,31.000000,31.000000,31.000000,1,1,1,1,1,1,1,0,0,0,0,0,0,0,74,5376.198242,717,0,1,0.717937,-0.026206,-0.323628,-3.117000,-0.399000,0.077000,1
3.652036,-1.922000,-37.169998,-11.052000,68.620003,25.266001,39.029999,153.712997,0.000000,0.000000,0.000000,0.000000,0.000000,0.000000,0.000000,-179.000000,-1021.000000,424.000000,-1419.000000,-206.000000,-244.000000,-48.000000,22.000000,22.000000,22.000000,22.000000,22.000000,22.000000,22.000000,29.000000,29.000000,30.000000,31.000000,31.000000,31.000000,31.000000,1,1,1,1,1,1,1,0,0,0,0,0,0,0,74,5376.198242,718,0,1,0.718902,-0.025947,-0.323628,-3.116000,-0.399000,0.076000,1
3.662027,-1.991000,-36.974998,-11.024000,68.209000,25.225000,39.234001,153.871994,0.000000,0.000000,0.000000,0.000000,0.000000,0.000000,0.000000,-179.000000,-1021.000000,424.000000,-1419.000000,-206.000000,-244.000000,-48.000000,22.000000,22.000000,22.000000,22.000000,22.000000,22.000000,22.000000,29.000000,29.000000,30.000000,31.000000,31.000000,31.000000,31.000000,1,1,1,1,1,1,1,0,0,0,0,0,0,0,74,5376.198242,717,0,1,0.719866,-0.025689,-0.323628,-3.116000,-0.399000,0.076000,1
3.671994,-2.066000,-36.758999,-10.993000,67.753998,25.179001,39.459999,154.048004,0.000000,0.000000,0.000000,0.000000,0.000000,0.000000,0.000000,-179.000000,-1021.000000,424.000000,-1419.000000,-206.000000,-244.000000,-48.000000,22.000000,22.000000,22.000000,22.000000,22.000000,22.000000,22.000000,29.000000,29.000000,30.000000,31.000000,31.000000,31.000000,31.000000,1,1,1,1,1,1,1,0,0,0,0,0,0,0,74,5376.199219,719,0,1,0.720928,-0.025405,-0.323627,-3.117000,-0.399000,0.077000,1
3.681977,-2.100000,-36.660999,-10.979000,67.545998,25.158001,39.563000,154.128006,0.000000,0.000000,0.000000,0.000000,0.000000,0.000000,0.000000,-179.000000,-1021.000000,424.000000,-1419.000000,-206.000000,-244.000000,-48.000000,22.000000,22.000000,22.000000,22.000000,22.000000,22.000000,22.000000,29.000000,29.000000,30.000000,31.000000,31.000000,31.000000,31.000000,1,1,1,1,1,1,1,0,0,0,0,0,0,0,74,5376.199219,717,0,1,0.721410,-0.025275,-0.323628,-3.117000,-0.399000,0.076000,1
3.692008,-2.167000,-36.463001,-10.952000,67.128998,25.115000,39.770000,154.289001,0.000000,0.000000,0.000000,0.000000,0.000000,0.000000,0.000000,-179.000000,-1021.000000,424.000000,-1419.000000,-206.000000,-244.000000,-48.000000,22.000000,22.000000,22.000000,22.000000,22.000000,22.000000,22.000000,29.000000,29.000000,30.000000,31.000000,31.000000,31.000000,31.000000,1,1,1,1,1,1,1,0,0,0,0,0,0,0,74,5376.199219,718,0,1,0.722375,-0.025017,-0.323627,-3.116000,-0.400000,0.077000,1
3.702010,-2.239000,-36.243999,-10.923000,66.667000,25.066999,39.999001,154.466003,0.000000,0.000000,0.000000,0.000000,0.000000,0.000000,0.000000,-179.000000,-1021.000000,424.000000,-1419.000000,-206.000000,-244.000000,-48.000000,22.000000,22.000000,22.000000,22.000000,22.000000,22.000000,22.000000,29.000000,29.000000,30.000000,31.000000,31.000000,31.000000,31.000000,1,1,1,1,1,1,1,0,0,0,0,0,0,0,74,5376.198242,717,0,1,0.723436,-0.024733,-0.323628,-3.117000,-0.399000,0.077000,1
3.712007,-2.305000,-36.044998,-10.896000,66.245003,25.023001,40.208000,154.628006,0.000000,0.000000,0.000000,0.000000,0.000000,0.000000,0.000000,-179.000000,-1021.000000,424.000000,-1419.000000,-206.000000,-244.000000,-48.000000,22.000000,22.000000,22.000000,22.000000,22.000000,22.000000,22.000000,29.000000,29.000000,30.000000,31.000000,31.000000,31.000000,31.000000,1,1,1,1,1,1,1,0,0,0,0,0,0,0,74,5376.199219,717,0,1,0.724400,-0.024474,-0.323628,-3.117000,-0.399000,0.077000,1
3.722107,-2.375000,-35.824001,-10.868000,65.777000,24.974001,40.438999,154.807007,0.000000,0.000000,0.000000,0.000000,0.000000,0.000000,0.000000,-179.000000,-1021.000000,424.000000,-1419.000000,-206.000000,-244.000000,-48.000000,22.000000,22.000000,22.000000,22.000000,22.000000,22.000000,22.000000,29.000000,29.000000,30.000000,31.000000,31.000000,31.000000,31.000000,1,1,1,1,1,1,1,0,0,0,0,0,0,0,74,5376.198242,717,0,1,0.725462,-0.024190,-0.323628,-3.117000,-0.399000,0.077000,1
3.732015,-2.445000,-35.602001,-10.840000,65.306000,24.924000,40.672001,154.987000,0.000000,0.000000,0.000000,0.000000,0.000000,0.000000,0.000000,-179.000000,-1021.000000,424.000000,-1419.000000,-206.000000,-244.000000,-48.000000,22.000000,22.000000,22.000000,22.000000,22.000000,22.000000,22.000000,29.000000,29.000000,30.000000,31.000000,31.000000,31.000000,31.000000,1,1,1,1,1,1,1,0,0,0,0,0,0,0,74,5376.198242,717,0,1,0.726523,-0.023905,-0.323627,-3.116000,-0.399000,0.076000,1
3.741991,-2.508000,-35.398998,-10.815000,64.875999,24.877001,40.884998,155.151001,0.000000,0.000000,0.000000,0.000000,0.000000,0.000000,0.000000,-179.000000,-1021.000000,424.000000,-1419.000000,-206.000000,-244.000000,-48.000000,22.000000,22.000000,22.000000,22.000000,22.000000,22.000000,22.000000,29.000000,29.000000,30.000000,31.000000,31.000000,31.000000,31.000000,1,1,1,1,1,1,1,0,0,0,0,0,0,0,74,5376.198242,718,0,1,0.727487,-0.023647,-0.323627,-3.117000,-0.399000,0.077000,1
3.751986,-2.576000,-35.174000,-10.789000,64.399002,24.826000,41.119999,155.332001,0.000000,0.000000,0.000000,0.000000,0.000000,0.000000,0.000000,-179.000000,-1021.000000,424.000000,-1419.000000,-206.000000,-244.000000,-48.000000,22.000000,22.000000,22.000000,22.000000,22.000000,22.000000,22.000000,29.000000,29.000000,30.000000,31.000000,31.000000,31.000000,31.000000,1,1,1,1,1,1,1,0,0,0,0,0,0,0,74,5376.198242,718,0,1,0.728548,-0.023363,-0.323628,-3.116000,-0.399000,0.076000,1
3.761995,-2.637000,-34.969002,-10.765000,63.962002,24.778999,41.335999,155.496994,0.000000,0.000000,0.000000,0.000000,0.000000,0.000000,0.000000,-179.000000,-1021.000000,424.000000,-1419.000000,-206.000000,-244.000000,-48.000000,22.000000,22.000000,22.000000,22.000000,22.000000,22.000000,22.000000,29.000000,29.000000,30.000000,31.000000,31.000000,31.000000,31.000000,1,1,1,1,1,1,1,0,0,0,0,0,0,0,74,5376.198242,718,0,1,0.729513,-0.023104,-0.323628,-3.117000,-0.399000,0.077000,1
3.771959,-2.697000,-34.762001,-10.741000,63.522999,24.731001,41.553001,155.662003,0.000000,0.000000,0.000000,0.000000,0.000000,0.000000,0.000000,-179.000000,-1021.000000,424.000000,-1419.000000,-206.000000,-244.000000,-48.000000,22.000000,22.000000,22.000000,22.000000,22.000000,22.000000,22.000000,29.000000,29.000000,30.000000,31.000000,31.000000,31.000000,31.000000,1,1,1,1,1,1,1,0,0,0,0,0,0,0,74,5376.198242,717,0,1,0.730478,-0.022846,-0.323627,-3.116000,-0.399000,0.077000,1
3.781917,-2.732000,-34.638000,-10.728000,63.257999,24.702000,41.683998,155.761993,0.000000,0.000000,0.000000,0.000000,0.000000,0.000000,0.000000,-179.000000,-1021.000000,424.000000,-1419.000000,-206.000000,-244.000000,-48.000000,22.000000,22.000000,22.000000,22.000000,22.000000,22.000000,22.000000,29.000000,29.000000,30.000000,31.000000,31.000000,31.000000,31.000000,1,1,1,1,1,1,1,0,0,0,0,0,0,0,74,5376.198242,718,0,1,0.731056,-0.022691,-0.323628,-3.117000,-0.399000,0.077000,1
3.791971,-2.797000,-34.409000,-10.703000,62.769001,24.648001,41.924999,155.945007,0.000000,0.000000,0.000000,0.000000,0.000000,0.000000,0.000000,-179.000000,-1021.000000,424.000000,-1419.000000,-206.000000,-244.000000,-48.000000,22.000000,22.000000,22.000000,22.000000,22.000000,22.000000,22.000000,29.000000,29.000000,30.000000,31.000000,31.000000,31.000000,31.000000,1,1,1,1,1,1,1,0,0,0,0,0,0,0,74,5376.198242,719,0,1,0.732118,-0.022406,-0.323628,-3.116000,-0.399000,0.076000,1
3.801930,-2.854000,-34.199001,-10.681000,62.321999,24.598000,42.145000,156.113007,0.000000,0.000000,0.000000,0.000000,0.000000,0.000000,0.000000,-179.000000,-1021.000000,424.000000,-1419.000000,-206.000000,-244.000000,-48.000000,22.000000,22.000000,22.000000,22.000000,22.000000,22.000000,22.000000,29.000000,29.000000,30.000000,31.000000,31.000000,31.000000,31.000000,1,1,1,1,1,1,1,0,0,0,0,0,0,0,74,5376.199219,717,0,1,0.733082,-0.022148,-0.323628,-3.116000,-0.399000,0.076000,1
3.811925,-2.916000,-33.966999,-10.657000,61.827000,24.542999,42.389999,156.296997,0.000000,0.000000,0.000000,0.000000,0.000000,0.000000,0.000000,-179.000000,-1021.000000,424.000000,-1419.000000,-206.000000,-244.000000,-48.000000,22.000000,22.000000,22.000000,22.000000,22.000000,22.000000,22.000000,29.000000,29.000000,30.000000,31.000000,31.000000,31.000000,31.000000,1,1,1,1,1,1,1,0,0,0,0,0,0,0,74,5376.196777,718,0,1,0.734143,-0.021863,-0.323627,-3.116000,-0.399000,0.077000,1
3.822054,-2.978000,-33.733002,-10.635000,61.327000,24.487000,42.636002,156.483002,0.000000,0.000000,0.000000,0.000000,0.000000,0.000000,0.000000,-179.000000,-1021.000000,424.000000,-1419.000000,-206.000000,-244.000000,-48.000000,22.000000,22.000000,22.000000,22.000000,22.000000,22.000000,22.000000,29.000000,29.000000,30.000000,31.000000,31.000000,31.000000,31.000000,1,1,1,1,1,1,1,0,0,0,0,0,0,0,74,5376.198242,717,0,1,0.735204,-0.021579,-0.323627,-3.116000,-0.399000,0.076000,1
3.831953,-3.038000,-33.498001,-10.612000,60.824001,24.431000,42.883999,156.669006,0.000000,0.000000,0.000000,0.000000,0.000000,0.000000,0.000000,-179.000000,-1021.000000,424.000000,-1419.000000,-206.000000,-244.000000,-48.000000,22.000000,22.000000,22.000000,22.000000,22.000000,22.000000,22.000000,29.000000,29.000000,30.000000,31.000000,31.000000,31.000000,31.000000,1,1,1,1,1,1,1,0,0,0,0,0,0,0,74,5376.199219,717,0,1,0.736266,-0.021295,-0.323628,-3.117000,-0.399000,0.077000,1
3.841978,-3.091000,-33.283001,-10.593000,60.362999,24.379000,43.111000,156.839005,0.000000,0.000000,0.000000,0.000000,0.000000,0.000000,0.000000,-179.000000,-1021.000000,424.000000,-1419.000000,-206.000000,-244.000000,-48.000000,22.000000,22.000000,22.000000,22.000000,22.000000,22.000000,22.000000,29.000000,29.000000,30.000000,31.000000,31.000000,31.000000,31.000000,1,1,1,1,1,1,1,0,0,0,0,0,0,0,74,5376.198242,718,0,1,0.737230,-0.021036,-0.323628,-3.117000,-0.399000,0.077000,1
3.851954,-3.123000,-33.153000,-10.582000,60.084999,24.347000,43.248001,156.940994,0.000000,0.000000,0.000000,0.000000,0.000000,0.000000,0.000000,-179.000000,-1021.000000,424.000000,-1419.000000,-206.000000,-244.000000,-48.000000,22.000000,22.000000,22.000000,22.000000,22.000000,22.000000,22.000000,29.000000,29.000000,30.000000,31.000000,31.000000,31.000000,31.000000,1,1,1,1,1,1,1,0,0,0,0,0,0,0,74,5376.198242,717,0,1,0.737809,-0.020881,-0.323628,-3.117000,-0.399000,0.077000,1
3.861976,-3.165000,-32.979000,-10.567000,59.713001,24.305000,43.431000,157.076996,0.000000,0.000000,0.000000,0.000000,0.000000,0.000000,0.000000,-179.000000,-1021.000000,424.000000,-1419.000000,-206.000000,-244.000000,-48.000000,22.000000,22.000000,22.000000,22.000000,22.000000,22.000000,22.000000,29.000000,29.000000,30.000000,31.000000,31.000000,31.000000,31.000000,1,1,1,1,1,1,1,0,0,0,0,0,0,0,74,5376.199219,718,0,1,0.738581,-0.020674,-0.323628,-3.116000,-0.399000,0.076000,1
3.871969,-3.221000,-32.737999,-10.547000,59.196999,24.246000,43.686001,157.266006,0.000000,0.000000,0.000000,0.000000,0.000000,0.000000,0.000000,-179.000000,-1021.000000,424.000000,-1419.000000,-206.000000,-244.000000,-48.000000,22.000000,22.000000,22.000000,22.000000,22.000000,22.000000,22.000000,29.000000,29.000000,30.000000,31.000000,31.000000,31.000000,31.000000,1,1,1,1,1,1,1,0,0,0,0,0,0,0,74,5376.198242,718,0,1,0.739642,-0.020390,-0.323628,-3.116000,-0.399000,0.077000,1
3.881980,-3.271000,-32.518002,-10.530000,58.723999,24.191999,43.917999,157.438004,0.000000,0.000000,0.000000,0.000000,0.000000,0.000000,0.000000,-179.000000,-1021.000000,424.000000,-1419.000000,-206.000000,-244.000000,-48.000000,22.000000,22.000000,22.000000,22.000000,22.000000,22.000000,22.000000,29.000000,29.000000,30.000000,31.000000,31.000000,31.000000,31.000000,1,1,1,1,1,1,1,0,0,0,0,0,0,0,74,5376.198242,716,0,1,0.740607,-0.020132,-0.323628,-3.116000,-0.399000,0.077000,1
3.892046,-3.325000,-32.273998,-10.512000,58.199001,24.132000,44.176998,157.628006,0.000000,0.000000,0.000000,0.000000,0.000000,0.000000,0.000000,-179.000000,-1021.000000,424.000000,-1419.000000,-206.000000,-244.000000,-48.000000,22.000000,22.000000,22.000000,22.000000,22.000000,22.000000,22.000000,29.000000,29.000000,30.000000,31.000000,31.000000,31.000000,31.000000,1,1,1,1,1,1,1,0,0,0,0,0,0,0,74,5376.198242,717,0,1,0.741668,-0.019847,-0.323628,-3.116000,-0.399000,0.076000,1
3.901963,-3.373000,-32.049999,-10.496000,57.719002,24.077000,44.412998,157.800995,0.000000,0.000000,0.000000,0.000000,0.000000,0.000000,0.000000,-179.000000,-1021.000000,424.000000,-1419.000000,-206.000000,-244.000000,-48.000000,22.000000,22.000000,22.000000,22.000000,22.000000,22.000000,22.000000,29.000000,29.000000,30.000000,31.000000,31.000000,31.000000,31.000000,1,1,1,1,1,1,1,0,0,0,0,0,0,0,74,5376.198242,716,0,1,0.742632,-0.019589,-0.323628,-3.116000,-0.399000,0.076000,1
3.911963,-3.396000,-31.938000,-10.488000,57.477001,24.049000,44.532001,157.888000,0.000000,0.000000,0.000000,0.000000,0.000000,0.000000,0.000000,-179.000000,-1021.000000,424.000000,-1419.000000,-206.000000,-244.000000,-48.000000,22.000000,22.000000,22.000000,22.000000,22.000000,22.000000,22.000000,29.000000,29.000000,30.000000,31.000000,31.000000,31.000000,31.000000,1,1,1,1,1,1,1,0,0,0,0,0,0,0,74,5376.198242,718,0,1,0.743115,-0.019460,-0.323628,-3.116000,-0.399000,0.076000,1
3.921982,-3.470000,-31.576000,-10.465000,56.696999,23.959000,44.916000,158.167999,0.000000,0.000000,0.000000,0.000000,0.000000,0.000000,0.000000,-179.000000,-1021.000000,424.000000,-1419.000000,-206.000000,-244.000000,-48.000000,22.000000,22.000000,22.000000,22.000000,22.000000,22.000000,22.000000,29.000000,29.000000,30.000000,31.000000,31.000000,31.000000,31.000000,1,1,1,1,1,1,1,0,0,0,0,0,0,0,74,5376.198242,718,0,1,0.744658,-0.019046,-0.323628,-3.117000,-0.399000,0.077000,1
3.931917,-3.492000,-31.461000,-10.459000,56.451000,23.931000,45.036999,158.255005,0.000000,0.000000,0.000000,0.000000,0.000000,0.000000,0.000000,-179.000000,-1021.000000,424.000000,-1419.000000,-206.000000,-244.000000,-48.000000,22.000000,22.000000,22.000000,22.000000,22.000000,22.000000,22.000000,29.000000,29.000000,30.000000,31.000000,31.000000,31.000000,31.000000,1,1,1,1,1,1,1,0,0,0,0,0,0,0,74,5376.198242,717,0,1,0.745140,-0.018917,-0.323628,-3.117000,-0.399000,0.077000,1
3.941937,-3.536000,-31.232000,-10.446000,55.956001,23.874001,45.280998,158.431000,0.000000,0.000000,0.000000,0.000000,0.000000,0.000000,0.000000,-179.000000,-1021.000000,424.000000,-1419.000000,-206.000000,-244.000000,-48.000000,22.000000,22.000000,22.000000,22.000000,22.000000,22.000000,22.000000,29.000000,29.000000,30.000000,31.000000,31.000000,31.000000,31.000000,1,1,1,1,1,1,1,0,0,0,0,0,0,0,74,5376.198242,719,0,1,0.746105,-0.018658,-0.323627,-3.117000,-0.399000,0.077000,1
3.951920,-3.583000,-30.976999,-10.433000,55.407001,23.811001,45.550999,158.625000,0.000000,0.000000,0.000000,0.000000,0.000000,0.000000,0.000000,-179.000000,-1021.000000,424.000000,-1419.000000,-206.000000,-244.000000,-48.000000,22.000000,22.000000,22.000000,22.000000,22.000000,22.000000,22.000000,29.000000,29.000000,30.000000,31.000000,31.000000,31.000000,31.000000,1,1,1,1,1,1,1,0,0,0,0,0,0,0,74,5376.198242,717,0,1,0.747166,-0.018374,-0.323628,-3.116000,-0.399000,0.077000,1
3.961984,-3.624000,-30.743999,-10.421000,54.903000,23.753000,45.799000,158.802002,0.000000,0.000000,0.000000,0.000000,0.000000,0.000000,0.000000,-179.000000,-1021.000000,424.000000,-1419.000000,-206.000000,-244.000000,-48.000000,22.000000,22.000000,22.000000,22.000000,22.000000,22.000000,22.000000,29.000000,29.000000,30.000000,31.000000,31.000000,31.000000,31.000000,1,1,1,1,1,1,1,0,0,0,0,0,0,0,74,5376.196777,716,0,1,0.748131,-0.018116,-0.323627,-3.117000,-0.399000,0.076000,1
3.971955,-3.669000,-30.485001,-10.410000,54.344002,23.688000,46.075001,158.998001,0.000000,0.000000,0.000000,0.000000,0.000000,0.000000,0.000000,-179.000000,-1021.000000,424.000000,-1419.000000,-206.000000,-244.000000,-48.000000,22.000000,22.000000,22.000000,22.000000,22.000000,22.000000,22.000000,29.000000,29.000000,30.000000,31.000000,31.000000,31.000000,31.000000,1,1,1,1,1,1,1,0,0,0,0,0,0,0,74,5376.199219,719,0,1,0.749192,-0.017831,-0.323628,-3.117000,-0.399000,0.077000,1
3.981936,-3.711000,-30.223000,-10.400000,53.778999,23.622999,46.353001,159.195007,0.000000,0.000000,0.000000,0.000000,0.000000,0.000000,0.000000,-179.000000,-1021.000000,424.000000,-1419.000000,-206.000000,-244.000000,-48.000000,22.000000,22.000000,22.000000,22.000000,22.000000,22.000000,22.000000,29.000000,29.000000,30.000000,31.000000,31.000000,31.000000,31.000000,1,1,1,1,1,1,1,0,0,0,0,0,0,0,74,5376.198242,719,0,1,0.750253,-0.017547,-0.323627,-3.117000,-0.399000,0.077000,1
3.991984,-3.748000,-29.983999,-10.392000,53.262001,23.563999,46.606998,159.373993,0.000000,0.000000,0.000000,0.000000,0.000000,0.000000,0.000000,-179.000000,-1021.000000,424.000000,-1419.000000,-206.000000,-244.000000,-48.000000,22.000000,22.000000,22.000000,22.000000,22.000000,22.000000,22.000000,29.000000,29.000000,30.000000,31.000000,31.000000,31.000000,31.000000,1,1,1,1,1,1,1,0,0,0,0,0,0,0,74,5376.198242,717,0,1,0.751216,-0.017289,-0.323628,-3.117000,-0.399000,0.077000,1
4.001987,-3.782000,-29.750999,-10.385000,52.756001,23.504000,46.855999,159.548996,0.000000,0.000000,0.000000,0.000000,0.000000,0.000000,0.000000,-179.000000,-1021.000000,424.000000,-1419.000000,-206.000000,-244.000000,-48.000000,22.000000,22.000000,22.000000,22.000000,22.000000,22.000000,22.000000,29.000000,29.000000,30.000000,31.000000,31.000000,31.000000,31.000000,1,1,1,1,1,1,1,0,0,0,0,0,0,0,74,5376.198242,716,0,1,0.752148,-0.017039,-0.323628,-3.116000,-0.399000,0.076000,1
4.011966,-3.812000,-29.514000,-10.379000,52.243999,23.440001,47.108002,159.727005,0.000000,0.000000,0.000000,0.000000,0.000000,0.000000,0.000000,-179.000000,-1021.000000,424.000000,-1419.000000,-206.000000,-244.000000,-48.000000,22.000000,22.000000,22.000000,22.000000,22.000000,22.000000,22.000000,29.000000,29.000000,30.000000,31.000000,31.000000,31.000000,31.000000,1,1,1,1,1,1,1,0,0,0,0,0,0,0,74,5376.199219,716,0,1,0.753084,-0.016788,-0.323628,-3.116000,-0.399000,0.077000,1
4.021975,-3.832000,-29.313000,-10.372000,51.806000,23.377001,47.320999,159.882004,0.000000,0.000000,0.000000,0.000000,0.000000,0.000000,0.000000,-179.000000,-1021.000000,424.000000,-1419.000000,-206.000000,-244.000000,-48.000000,22.000000,22.000000,22.000000,22.000000,22.000000,22.000000,22.000000,29.000000,29.000000,30.000000,31.000000,31.000000,31.000000,31.000000,1,1,1,1,1,1,1,0,0,0,0,0,0,0,74,5376.199219,718,0,1,0.753877,-0.016576,-0.323628,-3.117000,-0.399000,0.077000,1
4.031959,-3.837000,-29.236000,-10.370000,51.638000,23.350000,47.403000,159.942993,0.000000,0.000000,0.000000,0.000000,0.000000,0.000000,0.000000,-179.000000,-1021.000000,424.000000,-1419.000000,-206.000000,-244.000000,-48.000000,22.000000,22.000000,22.000000,22.000000,22.000000,22.000000,22.000000,29.000000,29.000000,30.000000,31.000000,31.000000,31.000000,31.000000,1,1,1,1,1,1,1,0,0,0,0,0,0,0,74,5376.199219,720,0,1,0.754180,-0.016495,-0.323627,-3.116000,-0.399000,0.077000,1
4.041917,-3.840000,-29.110001,-10.364000,51.362999,23.297001,47.535000,160.046005,0.000000,0.000000,0.000000,0.000000,0.000000,0.000000,0.000000,-179.000000,-1021.000000,424.000000,-1419.000000,-206.000000,-244.000000,-48.000000,22.000000,22.000000,22.000000,22.000000,22.000000,22.000000,22.000000,29.000000,29.000000,30.000000,31.000000,31.000000,31.000000,31.000000,1,1,1,1,1,1,1,0,0,0,0,0,0,0,74,5376.199219,718,0,1,0.754673,-0.016363,-0.323628,-3.117000,-0.399000,0.076000,1
4.051910,-3.833000,-29.017000,-10.357000,51.157001,23.240999,47.632000,160.130997,0.000000,0.000000,0.000000,0.000000,0.000000,0.000000,0.000000,-179.000000,-1021.000000,424.000000,-1419.000000,-206.000000,-244.000000,-48.000000,22.000000,22.000000,22.000000,22.000000,22.000000,22.000000,22.000000,29.000000,29.000000,30.000000,31.000000,31.000000,31.000000,31.000000,1,1,1,1,1,1,1,0,0,0,0,0,0,0,74,5376.199219,718,0,1,0.755041,-0.016264,-0.323627,-3.117000,-0.400000,0.077000,1
4.062113,-3.815000,-28.965000,-10.349000,51.040001,23.188999,47.683998,160.188004,0.000000,0.000000,0.000000,0.000000,0.000000,0.000000,0.000000,-179.000000,-1021.000000,424.000000,-1419.000000,-206.000000,-244.000000,-48.000000,22.000000,22.000000,22.000000,22.000000,22.000000,22.000000,22.000000,29.000000,29.000000,30.000000,31.000000,31.000000,31.000000,31.000000,1,1,1,1,1,1,1,0,0,0,0,0,0,0,74,5376.199219,718,0,1,0.755248,-0.016208,-0.323628,-3.117000,-0.399000,0.076000,1
4.071933,-3.793000,-28.945000,-10.341000,50.992001,23.143000,47.702000,160.223007,0.000000,0.000000,0.000000,0.000000,0.000000,0.000000,0.000000,-179.000000,-1021.000000,424.000000,-1419.000000,-206.000000,-244.000000,-48.000000,22.000000,22.000000,22.000000,22.000000,22.000000,22.000000,22.000000,29.000000,29.000000,30.000000,31.000000,31.000000,31.000000,31.000000,1,1,1,1,1,1,1,0,0,0,0,0,0,0,74,5376.198242,717,0,1,0.755334,-0.016185,-0.323628,-3.117000,-0.399000,0.077000,1
4.081909,-3.778000,-28.941000,-10.336000,50.979000,23.115999,47.703999,160.238998,0.000000,0.000000,0.000000,0.000000,0.000000,0.000000,0.000000,-179.000000,-1021.000000,424.000000,-1419.000000,-206.000000,-244.000000,-48.000000,22.000000,22.000000,22.000000,22.000000,22.000000,22.000000,22.000000,29.000000,29.000000,30.000000,31.000000,31.000000,31.000000,31.000000,1,1,1,1,1,1,1,0,0,0,0,0,0,0,74,5376.198242,717,0,1,0.755357,-0.016179,-0.323628,-3.117000,-0.399000,0.077000,1
4.092940,-3.744000,-28.938000,-10.318000,50.966000,23.048000,47.701000,160.276993,0.000000,0.000000,0.000000,0.000000,0.000000,0.000000,0.000000,-179.000000,-1021.000000,424.000000,-1419.000000,-206.000000,-244.000000,-48.000000,22.000000,22.000000,22.000000,22.000000,22.000000,22.000000,22.000000,29.000000,29.000000,30.000000,31.000000,31.000000,31.000000,31.000000,1,1,1,1,1,1,1,0,0,0,0,0,0,0,74,5376.198242,718,0,1,0.755382,-0.016151,-0.323628,-3.117000,-0.399000,0.077000,1
4.102937,-3.735000,-28.930000,-10.290000,50.942001,22.996000,47.705002,160.317993,0.000000,0.000000,0.000000,0.000000,0.000000,0.000000,0.000000,-179.000000,-1021.000000,424.000000,-1419.000000,-206.000000,-244.000000,-48.000000,22.000000,22.000000,22.000000,22.000000,22.000000,22.000000,22.000000,29.000000,29.000000,30.000000,31.000000,31.000000,31.000000,31.000000,1,1,1,1,1,1,1,0,0,0,0,0,0,0,74,5376.198242,719,0,1,0.755429,-0.016069,-0.323628,-3.116000,-0.399000,0.076000,1
4.113021,-3.751000,-28.910999,-10.244000,50.893002,22.945999,47.721001,160.373993,0.000000,0.000000,0.000000,0.000000,0.000000,0.000000,0.000000,-179.000000,-1021.000000,424.000000,-1419.000000,-206.000000,-244.000000,-48.000000,22.000000,22.000000,22.000000,22.000000,22.000000,22.000000,22.000000,29.000000,29.000000,30.000000,31.000000,31.000000,31.000000,31.000000,1,1,1,1,1,1,1,0,0,0,0,0,0,0,74,5376.198242,717,0,1,0.755524,-0.015905,-0.323627,-3.117000,-0.399000,0.077000,1
4.123110,-3.803000,-28.872000,-10.160000,50.799999,22.885000,47.757000,160.466995,0.000000,0.000000,0.000000,0.000000,0.000000,0.000000,0.000000,-179.000000,-1021.000000,424.000000,-1419.000000,-206.000000,-244.000000,-48.000000,22.000000,22.000000,22.000000,22.000000,22.000000,22.000000,22.000000,29.000000,29.000000,30.000000,31.000000,31.000000,31.000000,31.000000,1,1,1,1,1,1,1,0,0,0,0,0,0,0,74,5376.199219,718,0,1,0.755706,-0.015590,-0.323627,-3.116000,-0.399000,0.077000,1
4.133018,-3.888000,-28.818001,-10.051000,50.672001,22.823000,47.808998,160.582993,0.000000,0.000000,0.000000,0.000000,0.000000,0.000000,0.000000,-179.000000,-1021.000000,424.000000,-1419.000000,-206.000000,-244.000000,-48.000000,22.000000,22.000000,22.000000,22.000000,22.000000,22.000000,22.000000,29.000000,29.000000,30.000000,31.000000,31.000000,31.000000,31.000000,1,1,1,1,1,1,1,0,0,0,0,0,0,0,74,5376.198242,718,0,1,0.755954,-0.015161,-0.323628,-3.116000,-0.399000,0.076000,1
4.143073,-4.022000,-28.738001,-9.893000,50.485001,22.749001,47.888000,160.744995,0.000000,0.000000,0.000000,0.000000,0.000000,0.000000,0.000000,-179.000000,-1021.000000,424.000000,-1419.000000,-206.000000,-244.000000,-48.000000,22.000000,22.000000,22.000000,22.000000,22.000000,22.000000,22.000000,29.000000,29.000000,30.000000,31.000000,31.000000,31.000000,31.000000,1,1,1,1,1,1,1,0,0,0,0,0,0,0,74,5376.198242,717,0,1,0.756316,-0.014534,-0.323628,-3.116000,-0.399000,0.077000,1
4.153013,-4.096000,-28.694000,-9.810000,50.383999,22.712999,47.931000,160.830002,0.000000,0.000000,0.000000,0.000000,0.000000,0.000000,0.000000,-179.000000,-1021.000000,424.000000,-1419.000000,-206.000000,-244.000000,-48.000000,22.000000,22.000000,22.000000,22.000000,22.000000,22.000000,22.000000,29.000000,29.000000,30.000000,31.000000,31.000000,31.000000,31.000000,1,1,1,1,1,1,1,0,0,0,0,0,0,0,74,5376.198242,717,0,1,0.756510,-0.014198,-0.323628,-3.117000,-0.399000,0.076000,1
4.162982,-4.284000,-28.586000,-9.603000,50.132999,22.629000,48.040001,161.037003,0.000000,0.000000,0.000000,0.000000,0.000000,0.000000,0.000000,-179.000000,-1021.000000,424.000000,-1419.000000,-206.000000,-244.000000,-48.000000,22.000000,22.000000,22.000000,22.000000,22.000000,22.000000,22.000000,29.000000,29.000000,30.000000,31.000000,31.000000,31.000000,31.000000,1,1,1,1,1,1,1,0,0,0,0,0,0,0,74,5376.200195,717,0,1,0.756988,-0.013369,-0.323628,-3.117000,-0.399000,0.077000,1
4.172936,-4.474000,-28.476999,-9.396000,49.880001,22.549000,48.150002,161.244003,0.000000,0.000000,0.000000,0.000000,0.000000,0.000000,0.000000,-179.000000,-1021.000000,424.000000,-1419.000000,-206.000000,-244.000000,-48.000000,22.000000,22.000000,22.000000,22.000000,22.000000,22.000000,22.000000,29.000000,29.000000,30.000000,31.000000,31.000000,31.000000,31.000000,1,1,1,1,1,1,1,0,0,0,0,0,0,0,74,5376.198242,717,0,1,0.757469,-0.012538,-0.323627,-3.117000,-0.400000,0.077000,1
4.182912,-4.694000,-28.351999,-9.160000,49.588001,22.458000,48.278000,161.479004,0.000000,0.000000,0.000000,0.000000,0.000000,0.000000,0.000000,-179.000000,-1021.000000,424.000000,-1419.000000,-206.000000,-244.000000,-48.000000,22.000000,22.000000,22.000000,22.000000,22.000000,22.000000,22.000000,29.000000,29.000000,30.000000,31.000000,31.000000,31.000000,31.000000,1,1,1,1,1,1,1,0,0,0,0,0,0,0,74,5376.198242,719,0,1,0.758017,-0.011588,-0.323628,-3.117000,-0.399000,0.077000,1
4.192970,-4.895000,-28.237000,-8.943000,49.319000,22.375000,48.396000,161.692993,0.000000,0.000000,0.000000,0.000000,0.000000,0.000000,0.000000,-179.000000,-1021.000000,424.000000,-1419.000000,-206.000000,-244.000000,-48.000000,22.000000,22.000000,22.000000,22.000000,22.000000,22.000000,22.000000,29.000000,29.000000,30.000000,31.000000,31.000000,31.000000,31.000000,1,1,1,1,1,1,1,0,0,0,0,0,0,0,74,5376.198242,717,0,1,0.758516,-0.010723,-0.323628,-3.116000,-0.399000,0.076000,1
4.202937,-5.117000,-28.108999,-8.704000,49.020000,22.283001,48.528000,161.929001,0.000000,0.000000,0.000000,0.000000,0.000000,0.000000,0.000000,-179.000000,-1021.000000,424.000000,-1419.000000,-206.000000,-244.000000,-48.000000,22.000000,22.000000,22.000000,22.000000,22.000000,22.000000,22.000000,29.000000,29.000000,30.000000,31.000000,31.000000,31.000000,31.000000,1,1,1,1,1,1,1,0,0,0,0,0,0,0,74,5376.198242,718,0,1,0.759066,-0.009771,-0.323628,-3.116000,-0.399000,0.077000,1
4.212962,-5.339000,-27.981001,-8.464000,48.717999,22.190001,48.660999,162.166000,0.000000,0.000000,0.000000,0.000000,0.000000,0.000000,0.000000,-179.000000,-1021.000000,424.000000,-1419.000000,-206.000000,-244.000000,-48.000000,22.000000,22.000000,22.000000,22.000000,22.000000,22.000000,22.000000,29.000000,29.000000,30.000000,31.000000,31.000000,31.000000,31.000000,1,1,1,1,1,1,1,0,0,0,0,0,0,0,74,5376.199219,718,0,1,0.759615,-0.008819,-0.323627,-3.117000,-0.400000,0.077000,1
4.223018,-5.542000,-27.863001,-8.244000,48.441002,22.104000,48.784000,162.380997,0.000000,0.000000,0.000000,0.000000,0.000000,0.000000,0.000000,-179.000000,-1021.000000,424.000000,-1419.000000,-206.000000,-244.000000,-48.000000,22.000000,22.000000,22.000000,22.000000,22.000000,22.000000,22.000000,29.000000,29.000000,30.000000,31.000000,31.000000,31.000000,31.000000,1,1,1,1,1,1,1,0,0,0,0,0,0,0,74,5376.198242,717,0,1,0.760115,-0.007954,-0.323627,-3.117000,-0.399000,0.077000,1
4.232978,-5.745000,-27.745001,-8.024000,48.160999,22.018000,48.908001,162.597000,0.000000,0.000000,0.000000,0.000000,0.000000,0.000000,0.000000,-179.000000,-1021.000000,424.000000,-1419.000000,-206.000000,-244.000000,-48.000000,22.000000,22.000000,22.000000,22.000000,22.000000,22.000000,22.000000,29.000000,29.000000,30.000000,31.000000,31.000000,31.000000,31.000000,1,1,1,1,1,1,1,0,0,0,0,0,0,0,74,5376.198242,717,0,1,0.760614,-0.007089,-0.323627,-3.116000,-0.399000,0.076000,1
4.243057,-5.969000,-27.614000,-7.781000,47.851002,21.922001,49.046001,162.834000,0.000000,0.000000,0.000000,0.000000,0.000000,0.000000,0.000000,-179.000000,-1021.000000,424.000000,-1419.000000,-206.000000,-244.000000,-48.000000,22.000000,22.000000,22.000000,22.000000,22.000000,22.000000,22.000000,29.000000,29.000000,30.000000,31.000000,31.000000,31.000000,31.000000,1,1,1,1,1,1,1,0,0,0,0,0,0,0,74,5376.198242,717,0,1,0.761164,-0.006137,-0.323628,-3.117000,-0.399000,0.077000,1
4.253117,-6.072000,-27.554001,-7.670000,47.708000,21.879000,49.109001,162.942001,0.000000,0.000000,0.000000,0.000000,0.000000,0.000000,0.000000,-179.000000,-1021.000000,424.000000,-1419.000000,-206.000000,-244.000000,-48.000000,22.000000,22.000000,22.000000,22.000000,22.000000,22.000000,22.000000,29.000000,29.000000,30.000000,31.000000,31.000000,31.000000,31.000000,1,1,1,1,1,1,1,0,0,0,0,0,0,0,74,5376.198242,719,0,1,0.761414,-0.005704,-0.323628,-3.116000,-0.399000,0.076000,1
4.263050,-6.297000,-27.421000,-7.424000,47.393002,21.782000,49.250000,163.179993,0.000000,0.000000,0.000000,0.000000,0.000000,0.000000,0.000000,-179.000000,-1021.000000,424.000000,-1419.000000,-206.000000,-244.000000,-48.000000,22.000000,22.000000,22.000000,22.000000,22.000000,22.000000,22.000000,29.000000,29.000000,30.000000,31.000000,31.000000,31.000000,31.000000,1,1,1,1,1,1,1,0,0,0,0,0,0,0,74,5376.196777,717,0,1,0.761963,-0.004752,-0.323628,-3.116000,-0.399000,0.076000,1
4.273028,-6.503000,-27.299999,-7.200000,47.103001,21.693001,49.380001,163.395996,0.000000,0.000000,0.000000,0.000000,0.000000,0.000000,0.000000,-179.000000,-1021.000000,424.000000,-1419.000000,-206.000000,-244.000000,-48.000000,22.000000,22.000000,22.000000,22.000000,22.000000,22.000000,22.000000,29.000000,29.000000,30.000000,31.000000,31.000000,31.000000,31.000000,1,1,1,1,1,1,1,0,0,0,0,0,0,0,74,5376.196777,717,0,1,0.762463,-0.003887,-0.323628,-3.116000,-0.399000,0.076000,1
4.283015,-6.730000,-27.165001,-6.953000,46.780998,21.594000,49.525002,163.634995,0.000000,0.000000,0.000000,0.000000,0.000000,0.000000,0.000000,-179.000000,-1021.000000,424.000000,-1419.000000,-206.000000,-244.000000,-48.000000,22.000000,22.000000,22.000000,22.000000,22.000000,22.000000,22.000000,29.000000,29.000000,30.000000,31.000000,31.000000,31.000000,31.000000,1,1,1,1,1,1,1,0,0,0,0,0,0,0,74,5376.198242,717,0,1,0.763012,-0.002935,-0.323628,-3.117000,-0.399000,0.076000,1
4.293060,-6.959000,-27.028999,-6.703000,46.455002,21.495001,49.671001,163.873993,0.000000,0.000000,0.000000,0.000000,0.000000,0.000000,0.000000,-179.000000,-1021.000000,424.000000,-1419.000000,-206.000000,-244.000000,-48.000000,22.000000,22.000000,22.000000,22.000000,22.000000,22.000000,22.000000,29.000000,29.000000,30.000000,31.000000,31.000000,31.000000,31.000000,1,1,1,1,1,1,1,0,0,0,0,0,0,0,74,5376.198242,718,0,1,0.763562,-0.001983,-0.323627,-3.117000,-0.399000,0.076000,1
4.303048,-7.167000,-26.905001,-6.476000,46.157001,21.403999,49.806000,164.091003,0.000000,0.000000,0.000000,0.000000,0.000000,0.000000,0.000000,-179.000000,-1021.000000,424.000000,-1419.000000,-206.000000,-244.000000,-48.000000,22.000000,22.000000,22.000000,22.000000,22.000000,22.000000,22.000000,29.000000,29.000000,30.000000,31.000000,31.000000,31.000000,31.000000,1,1,1,1,1,1,1,0,0,0,0,0,0,0,74,5376.196777,717,0,1,0.764061,-0.001118,-0.323628,-3.117000,-0.399000,0.077000,1
4.313061,-7.272000,-26.841999,-6.362000,46.006001,21.358000,49.874001,164.199997,0.000000,0.000000,0.000000,0.000000,0.000000,0.000000,0.000000,-179.000000,-1021.000000,424.000000,-1419.000000,-206.000000,-244.000000,-48.000000,22.000000,22.000000,22.000000,22.000000,22.000000,22.000000,22.000000,29.000000,29.000000,30.000000,31.000000,31.000000,31.000000,31.000000,1,1,1,1,1,1,1,0,0,0,0,0,0,0,74,5376.198242,719,0,1,0.764311,-0.000685,-0.323628,-3.117000,-0.399000,0.077000,1
4.323121,-7.586000,-26.653000,-6.017000,45.549999,21.219000,50.081001,164.526001,0.000000,0.000000,0.000000,0.000000,0.000000,0.000000,0.000000,-179.000000,-1021.000000,424.000000,-1419.000000,-206.000000,-244.000000,-48.000000,22.000000,22.000000,22.000000,22.000000,22.000000,22.000000,22.000000,29.000000,29.000000,30.000000,31.000000,31.000000,31.000000,31.000000,1,1,1,1,1,1,1,0,0,0,0,0,0,0,74,5376.198242,716,0,1,0.765061,0.000612,-0.323628,-3.117000,-0.399000,0.076000,1
4.333083,-7.819000,-26.513000,-5.762000,45.209999,21.115999,50.235001,164.766006,0.000000,0.000000,0.000000,0.000000,0.000000,0.000000,0.000000,-179.000000,-1021.000000,424.000000,-1419.000000,-206.000000,-244.000000,-48.000000,22.000000,22.000000,22.000000,22.000000,22.000000,22.000000,22.000000,29.000000,29.000000,30.000000,31.000000,31.000000,31.000000,31.000000,1,1,1,1,1,1,1,0,0,0,0,0,0,0,74,5376.198242,719,0,1,0.765610,0.001563,-0.323628,-3.117000,-0.399000,0.077000,1
4.343142,-7.925000,-26.448999,-5.646000,45.055000,21.069000,50.306000,164.875000,0.000000,0.000000,0.000000,0.000000,0.000000,0.000000,0.000000,-179.000000,-1021.000000,424.000000,-1419.000000,-206.000000,-244.000000,-48.000000,22.000000,22.000000,22.000000,22.000000,22.000000,22.000000,22.000000,29.000000,29.000000,30.000000,31.000000,31.000000,31.000000,31.000000,1,1,1,1,1,1,1,0,0,0,0,0,0,0,74,5376.198242,718,0,1,0.765860,0.001996,-0.323628,-3.117000,-0.399000,0.076000,1
4.353027,-8.265000,-26.242001,-5.272000,44.551998,20.917000,50.535000,165.225006,0.000000,0.000000,0.000000,0.000000,0.000000,0.000000,0.000000,-179.000000,-1021.000000,424.000000,-1419.000000,-206.000000,-244.000000,-48.000000,22.000000,22.000000,22.000000,22.000000,22.000000,22.000000,22.000000,29.000000,29.000000,30.000000,31.000000,31.000000,31.000000,31.000000,1,1,1,1,1,1,1,0,0,0,0,0,0,0,74,5376.198242,719,0,1,0.766659,0.003380,-0.323627,-3.117000,-0.399000,0.077000,1
4.363036,-8.372000,-26.176001,-5.154000,44.394001,20.870001,50.608002,165.335007,0.000000,0.000000,0.000000,0.000000,0.000000,0.000000,0.000000,-179.000000,-1021.000000,424.000000,-1419.000000,-206.000000,-244.000000,-48.000000,22.000000,22.000000,22.000000,22.000000,22.000000,22.000000,22.000000,29.000000,29.000000,30.000000,31.000000,31.000000,31.000000,31.000000,1,1,1,1,1,1,1,0,0,0,0,0,0,0,74,5376.198242,717,0,1,0.766909,0.003813,-0.323628,-3.117000,-0.399000,0.077000,1
4.372952,-8.587000,-26.045000,-4.917000,44.073002,20.774000,50.755001,165.554001,0.000000,0.000000,0.000000,0.000000,0.000000,0.000000,0.000000,-179.000000,-1021.000000,424.000000,-1419.000000,-206.000000,-244.000000,-48.000000,22.000000,22.000000,22.000000,22.000000,22.000000,22.000000,22.000000,29.000000,29.000000,30.000000,31.000000,31.000000,31.000000,31.000000,1,1,1,1,1,1,1,0,0,0,0,0,0,0,74,5376.198242,717,0,1,0.767409,0.004678,-0.323628,-3.116000,-0.399000,0.076000,1
4.383020,-8.825000,-25.899000,-4.655000,43.716999,20.667000,50.917999,165.794998,0.000000,0.000000,0.000000,0.000000,0.000000,0.000000,0.000000,-179.000000,-1021.000000,424.000000,-1419.000000,-206.000000,-244.000000,-48.000000,22.000000,22.000000,22.000000,22.000000,22.000000,22.000000,22.000000,29.000000,29.000000,30.000000,31.000000,31.000000,31.000000,31.000000,1,1,1,1,1,1,1,0,0,0,0,0,0,0,74,5376.198242,717,0,1,0.767958,0.005630,-0.323628,-3.116000,-0.399000,0.076000,1
4.393027,-9.043000,-25.764999,-4.416000,43.389999,20.569000,51.069000,166.014008,0.000000,0.000000,0.000000,0.000000,0.000000,0.000000,0.000000,-179.000000,-1021.000000,424.000000,-1419.000000,-206.000000,-244.000000,-48.000000,22.000000,22.000000,22.000000,22.000000,22.000000,22.000000,22.000000,29.000000,29.000000,30.000000,31.000000,31.000000,31.000000,31.000000,1,1,1,1,1,1,1,0,0,0,0,0,0,0,74,5376.198242,719,0,1,0.768458,0.006496,-0.323628,-3.117000,-0.399000,0.076000,1
4.402998,-9.283000,-25.615999,-4.150000,43.026001,20.461000,51.237000,166.255997,0.000000,0.000000,0.000000,0.000000,0.000000,0.000000,0.000000,-179.000000,-1021.000000,424.000000,-1419.000000,-206.000000,-244.000000,-48.000000,22.000000,22.000000,22.000000,22.000000,22.000000,22.000000,22.000000,29.000000,29.000000,30.000000,31.000000,31.000000,31.000000,31.000000,1,1,1,1,1,1,1,0,0,0,0,0,0,0,74,5376.196777,717,0,1,0.769007,0.007447,-0.323628,-3.117000,-0.399000,0.076000,1
4.412977,-9.504000,-25.479000,-3.907000,42.691002,20.362000,51.393002,166.475998,0.000000,0.000000,0.000000,0.000000,0.000000,0.000000,0.000000,-179.000000,-1021.000000,424.000000,-1419.000000,-206.000000,-244.000000,-48.000000,22.000000,22.000000,22.000000,22.000000,22.000000,22.000000,22.000000,29.000000,29.000000,30.000000,31.000000,31.000000,31.000000,31.000000,1,1,1,1,1,1,1,0,0,0,0,0,0,0,74,5376.198242,717,0,1,0.769507,0.008313,-0.323627,-3.117000,-0.399000,0.076000,1
4.423102,-9.725000,-25.341000,-3.661000,42.353001,20.261999,51.549999,166.695999,0.000000,0.000000,0.000000,0.000000,0.000000,0.000000,0.000000,-179.000000,-1021.000000,424.000000,-1419.000000,-206.000000,-244.000000,-48.000000,22.000000,22.000000,22.000000,22.000000,22.000000,22.000000,22.000000,29.000000,29.000000,30.000000,31.000000,31.000000,31.000000,31.000000,1,1,1,1,1,1,1,0,0,0,0,0,0,0,74,5376.198242,719,0,1,0.770006,0.009178,-0.323628,-3.117000,-0.399000,0.076000,1
4.433054,-9.971000,-25.188000,-3.390000,41.976002,20.150999,51.724998,166.938995,0.000000,0.000000,0.000000,0.000000,0.000000,0.000000,0.000000,-179.000000,-1021.000000,424.000000,-1419.000000,-206.000000,-244.000000,-48.000000,22.000000,22.000000,22.000000,22.000000,22.000000,22.000000,22.000000,29.000000,29.000000,30.000000,31.000000,31.000000,31.000000,31.000000,1,1,1,1,1,1,1,0,0,0,0,0,0,0,74,5376.196777,718,0,1,0.770556,0.010130,-0.323628,-3.117000,-0.399000,0.077000,1
4.443049,-10.218000,-25.033001,-3.116000,41.594002,20.039000,51.903000,167.181000,0.000000,0.000000,0.000000,0.000000,0.000000,0.000000,0.000000,-179.000000,-1021.000000,424.000000,-1419.000000,-206.000000,-244.000000,-48.000000,22.000000,22.000000,22.000000,22.000000,22.000000,22.000000,22.000000,29.000000,29.000000,30.000000,31.000000,31.000000,31.000000,31.000000,1,1,1,1,1,1,1,0,0,0,0,0,0,0,74,5376.198242,718,0,1,0.771106,0.011082,-0.323627,-3.116000,-0.399000,0.076000,1
4.453047,-10.445000,-24.891001,-2.864000,41.243000,19.937000,52.067001,167.401993,0.000000,0.000000,0.000000,0.000000,0.000000,0.000000,0.000000,-179.000000,-1021.000000,424.000000,-1419.000000,-206.000000,-244.000000,-48.000000,22.000000,22.000000,22.000000,22.000000,22.000000,22.000000,22.000000,29.000000,29.000000,30.000000,31.000000,31.000000,31.000000,31.000000,1,1,1,1,1,1,1,0,0,0,0,0,0,0,74,5376.198242,717,0,1,0.771605,0.011947,-0.323628,-3.117000,-0.399000,0.077000,1
4.463112,-10.673000,-24.747000,-2.611000,40.888000,19.834000,52.234001,167.623993,0.000000,0.000000,0.000000,0.000000,0.000000,0.000000,0.000000,-179.000000,-1021.000000,424.000000,-1419.000000,-206.000000,-244.000000,-48.000000,22.000000,22.000000,22.000000,22.000000,22.000000,22.000000,22.000000,29.000000,29.000000,30.000000,31.000000,31.000000,31.000000,31.000000,1,1,1,1,1,1,1,0,0,0,0,0,0,0,74,5376.198242,716,0,1,0.772105,0.012812,-0.323628,-3.116000,-0.399000,0.076000,1
4.473016,-10.926000,-24.587000,-2.330000,40.492001,19.719000,52.419998,167.867004,0.000000,0.000000,0.000000,0.000000,0.000000,0.000000,0.000000,-179.000000,-1021.000000,424.000000,-1419.000000,-206.000000,-244.000000,-48.000000,22.000000,22.000000,22.000000,22.000000,22.000000,22.000000,22.000000,29.000000,29.000000,30.000000,31.000000,31.000000,31.000000,31.000000,1,1,1,1,1,1,1,0,0,0,0,0,0,0,74,5376.199219,719,0,1,0.772654,0.013764,-0.323627,-3.117000,-0.399000,0.076000,1
4.483023,-11.042000,-24.513000,-2.201000,40.311001,19.667000,52.505001,167.977997,0.000000,0.000000,0.000000,0.000000,0.000000,0.000000,0.000000,-179.000000,-1021.000000,424.000000,-1419.000000,-206.000000,-244.000000,-48.000000,22.000000,22.000000,22.000000,22.000000,22.000000,22.000000,22.000000,29.000000,29.000000,30.000000,31.000000,31.000000,31.000000,31.000000,1,1,1,1,1,1,1,0,0,0,0,0,0,0,74,5376.198242,718,0,1,0.772904,0.014197,-0.323628,-3.117000,-0.399000,0.077000,1
4.493040,-11.298000,-24.350000,-1.916000,39.908001,19.552000,52.695000,168.222000,0.000000,0.000000,0.000000,0.000000,0.000000,0.000000,0.000000,-179.000000,-1021.000000,424.000000,-1419.000000,-206.000000,-244.000000,-48.000000,22.000000,22.000000,22.000000,22.000000,22.000000,22.000000,22.000000,29.000000,29.000000,30.000000,31.000000,31.000000,31.000000,31.000000,1,1,1,1,1,1,1,0,0,0,0,0,0,0,74,5376.198242,718,0,1,0.773454,0.015149,-0.323628,-3.116000,-0.399000,0.076000,1
4.503001,-11.534000,-24.200001,-1.655000,39.536999,19.445999,52.870998,168.444000,0.000000,0.000000,0.000000,0.000000,0.000000,0.000000,0.000000,-179.000000,-1021.000000,424.000000,-1419.000000,-206.000000,-244.000000,-48.000000,22.000000,22.000000,22.000000,22.000000,22.000000,22.000000,22.000000,29.000000,29.000000,30.000000,31.000000,31.000000,31.000000,31.000000,1,1,1,1,1,1,1,0,0,0,0,0,0,0,74,5376.196777,716,0,1,0.773953,0.016014,-0.323628,-3.117000,-0.399000,0.076000,1
4.513011,-11.771000,-24.049000,-1.390000,39.160999,19.339001,53.049000,168.666000,0.000000,0.000000,0.000000,0.000000,0.000000,0.000000,0.000000,-179.000000,-1021.000000,424.000000,-1419.000000,-206.000000,-244.000000,-48.000000,22.000000,22.000000,22.000000,22.000000,22.000000,22.000000,22.000000,29.000000,29.000000,30.000000,31.000000,31.000000,31.000000,31.000000,1,1,1,1,1,1,1,0,0,0,0,0,0,0,74,5376.196777,717,0,1,0.774453,0.016879,-0.323628,-3.117000,-0.399000,0.076000,1
4.523108,-12.011000,-23.896000,-1.124000,38.779999,19.232000,53.230000,168.889008,0.000000,0.000000,0.000000,0.000000,0.000000,0.000000,0.000000,-179.000000,-1021.000000,424.000000,-1419.000000,-206.000000,-244.000000,-48.000000,22.000000,22.000000,22.000000,22.000000,22.000000,22.000000,22.000000,29.000000,29.000000,30.000000,31.000000,31.000000,31.000000,31.000000,1,1,1,1,1,1,1,0,0,0,0,0,0,0,74,5376.198242,717,0,1,0.774952,0.017745,-0.323628,-3.116000,-0.399000,0.076000,1
4.533025,-12.278000,-23.725000,-0.827000,38.355999,19.114000,53.431999,169.134003,0.000000,0.000000,0.000000,0.000000,0.000000,0.000000,0.000000,-179.000000,-1021.000000,424.000000,-1419.000000,-206.000000,-244.000000,-48.000000,22.000000,22.000000,22.000000,22.000000,22.000000,22.000000,22.000000,29.000000,29.000000,30.000000,31.000000,31.000000,31.000000,31.000000,1,1,1,1,1,1,1,0,0,0,0,0,0,0,74,5376.198242,718,0,1,0.775502,0.018696,-0.323628,-3.117000,-0.399000,0.076000,1
4.543025,-12.523000,-23.568001,-0.554000,37.965000,19.004999,53.618000,169.356995,0.000000,0.000000,0.000000,0.000000,0.000000,0.000000,0.000000,-179.000000,-1021.000000,424.000000,-1419.000000,-206.000000,-244.000000,-48.000000,22.000000,22.000000,22.000000,22.000000,22.000000,22.000000,22.000000,29.000000,29.000000,30.000000,31.000000,31.000000,31.000000,31.000000,1,1,1,1,1,1,1,0,0,0,0,0,0,0,74,5376.198242,717,0,1,0.776001,0.019562,-0.323628,-3.117000,-0.399000,0.076000,1
4.553017,-12.771000,-23.408001,-0.279000,37.569000,18.896000,53.807999,169.580002,0.000000,0.000000,0.000000,0.000000,0.000000,0.000000,0.000000,-179.000000,-1021.000000,424.000000,-1419.000000,-206.000000,-244.000000,-48.000000,22.000000,22.000000,22.000000,22.000000,22.000000,22.000000,22.000000,29.000000,29.000000,30.000000,31.000000,31.000000,31.000000,31.000000,1,1,1,1,1,1,1,0,0,0,0,0,0,0,74,5376.198242,716,0,1,0.776501,0.020427,-0.323628,-3.117000,-0.399000,0.077000,1
4.563038,-12.920000,-23.312000,-0.112000,37.327999,18.830000,53.923000,169.714005,0.000000,0.000000,0.000000,0.000000,0.000000,0.000000,0.000000,-179.000000,-1021.000000,424.000000,-1419.000000,-206.000000,-244.000000,-48.000000,22.000000,22.000000,22.000000,22.000000,22.000000,22.000000,22.000000,29.000000,29.000000,30.000000,31.000000,31.000000,31.000000,31.000000,1,1,1,1,1,1,1,0,0,0,0,0,0,0,74,5376.198242,718,0,1,0.776801,0.020946,-0.323628,-3.116000,-0.399000,0.076000,1
4.573008,-13.300000,-23.066999,0.310000,36.719002,18.664000,54.216000,170.050003,0.000000,0.000000,0.000000,0.000000,0.000000,0.000000,0.000000,-179.000000,-1021.000000,424.000000,-1419.000000,-206.000000,-244.000000,-48.000000,22.000000,22.000000,22.000000,22.000000,22.000000,22.000000,22.000000,29.000000,29.000000,30.000000,31.000000,31.000000,31.000000,31.000000,1,1,1,1,1,1,1,0,0,0,0,0,0,0,74,5376.196777,717,0,1,0.777550,0.022244,-0.323628,-3.117000,-0.399000,0.076000,1
4.583029,-13.583000,-22.885000,0.624000,36.264000,18.541000,54.435001,170.296005,0.000000,0.000000,0.000000,0.000000,0.000000,0.000000,0.000000,-179.000000,-1021.000000,424.000000,-1419.000000,-206.000000,-244.000000,-48.000000,22.000000,22.000000,22.000000,22.000000,22.000000,22.000000,22.000000,29.000000,29.000000,30.000000,31.000000,31.000000,31.000000,31.000000,1,1,1,1,1,1,1,0,0,0,0,0,0,0,74,5376.196777,717,0,1,0.778100,0.023196,-0.323628,-3.117000,-0.399000,0.076000,1
4.593026,-13.870000,-22.700001,0.943000,35.801998,18.417999,54.659000,170.542999,0.000000,0.000000,0.000000,0.000000,0.000000,0.000000,0.000000,-179.000000,-1021.000000,424.000000,-1419.000000,-206.000000,-244.000000,-48.000000,22.000000,22.000000,22.000000,22.000000,22.000000,22.000000,22.000000,29.000000,29.000000,30.000000,31.000000,31.000000,31.000000,31.000000,1,1,1,1,1,1,1,0,0,0,0,0,0,0,74,5376.199219,717,0,1,0.778649,0.024148,-0.323628,-3.117000,-0.399000,0.077000,1
4.603071,-14.001000,-22.615000,1.090000,35.589001,18.362000,54.762001,170.654999,0.000000,0.000000,0.000000,0.000000,0.000000,0.000000,0.000000,-179.000000,-1021.000000,424.000000,-1419.000000,-206.000000,-244.000000,-48.000000,22.000000,22.000000,22.000000,22.000000,22.000000,22.000000,22.000000,29.000000,29.000000,30.000000,31.000000,31.000000,31.000000,31.000000,1,1,1,1,1,1,1,0,0,0,0,0,0,0,74,5376.199219,718,0,1,0.778899,0.024580,-0.323628,-3.116000,-0.399000,0.076000,1
4.613036,-14.268000,-22.443001,1.386000,35.159000,18.249001,54.970001,170.880005,0.000000,0.000000,0.000000,0.000000,0.000000,0.000000,0.000000,-179.000000,-1021.000000,424.000000,-1419.000000,-206.000000,-244.000000,-48.000000,22.000000,22.000000,22.000000,22.000000,22.000000,22.000000,22.000000,29.000000,29.000000,30.000000,31.000000,31.000000,31.000000,31.000000,1,1,1,1,1,1,1,0,0,0,0,0,0,0,74,5376.199219,718,0,1,0.779399,0.025446,-0.323627,-3.117000,-0.399000,0.076000,1
4.623106,-14.565000,-22.250000,1.716000,34.679001,18.124001,55.203999,171.128006,0.000000,0.000000,0.000000,0.000000,0.000000,0.000000,0.000000,-179.000000,-1021.000000,424.000000,-1419.000000,-206.000000,-244.000000,-48.000000,22.000000,22.000000,22.000000,22.000000,22.000000,22.000000,22.000000,29.000000,29.000000,30.000000,31.000000,31.000000,31.000000,31.000000,1,1,1,1,1,1,1,0,0,0,0,0,0,0,74,5376.199219,716,0,1,0.779948,0.026398,-0.323628,-3.117000,-0.399000,0.077000,1
4.632976,-14.840000,-22.073000,2.021000,34.235001,18.009001,55.419998,171.352997,0.000000,0.000000,0.000000,0.000000,0.000000,0.000000,0.000000,-179.000000,-1021.000000,424.000000,-1419.000000,-206.000000,-244.000000,-48.000000,22.000000,22.000000,22.000000,22.000000,22.000000,22.000000,22.000000,29.000000,29.000000,30.000000,31.000000,31.000000,31.000000,31.000000,1,1,1,1,1,1,1,0,0,0,0,0,0,0,74,5376.202148,717,0,1,0.780448,0.027263,-0.323628,-3.116000,-0.399000,0.076000,1
4.643057,-15.148000,-21.875000,2.361000,33.738998,17.882999,55.661999,171.600998,0.000000,0.000000,0.000000,0.000000,0.000000,0.000000,0.000000,-179.000000,-1021.000000,424.000000,-1419.000000,-206.000000,-244.000000,-48.000000,22.000000,22.000000,22.000000,22.000000,22.000000,22.000000,22.000000,29.000000,29.000000,30.000000,31.000000,31.000000,31.000000,31.000000,1,1,1,1,1,1,1,0,0,0,0,0,0,0,74,5376.200195,718,0,1,0.780997,0.028215,-0.323628,-3.117000,-0.399000,0.076000,1
4.653074,-15.461000,-21.673000,2.707000,33.234001,17.756001,55.910000,171.850006,0.000000,0.000000,0.000000,0.000000,0.000000,0.000000,0.000000,-179.000000,-1021.000000,424.000000,-1419.000000,-206.000000,-244.000000,-48.000000,22.000000,22.000000,22.000000,22.000000,22.000000,22.000000,22.000000,29.000000,29.000000,30.000000,31.000000,31.000000,31.000000,31.000000,1,1,1,1,1,1,1,0,0,0,0,0,0,0,74,5376.200195,717,0,1,0.781547,0.029167,-0.323628,-3.117000,-0.399000,0.077000,1
4.663034,-15.780000,-21.468000,3.060000,32.719002,17.628000,56.161999,172.098999,0.000000,0.000000,0.000000,0.000000,0.000000,0.000000,0.000000,-179.000000,-1021.000000,424.000000,-1419.000000,-206.000000,-244.000000,-48.000000,22.000000,22.000000,22.000000,22.000000,22.000000,22.000000,22.000000,29.000000,29.000000,30.000000,31.000000,31.000000,31.000000,31.000000,1,1,1,1,1,1,1,0,0,0,0,0,0,0,74,5376.200195,717,0,1,0.782096,0.030118,-0.323627,-3.117000,-0.399000,0.076000,1
4.673093,-16.076000,-21.278000,3.386000,32.243000,17.511999,56.396000,172.326004,0.000000,0.000000,0.000000,0.000000,0.000000,0.000000,0.000000,-179.000000,-1021.000000,424.000000,-1419.000000,-206.000000,-244.000000,-48.000000,22.000000,22.000000,22.000000,22.000000,22.000000,22.000000,22.000000,29.000000,29.000000,30.000000,31.000000,31.000000,31.000000,31.000000,1,1,1,1,1,1,1,0,0,0,0,0,0,0,74,5376.200195,718,0,1,0.782596,0.030984,-0.323628,-3.117000,-0.399000,0.076000,1
4.682914,-16.408001,-21.065001,3.752000,31.709999,17.382999,56.660000,172.574997,0.000000,0.000000,0.000000,0.000000,0.000000,0.000000,0.000000,-179.000000,-1021.000000,424.000000,-1419.000000,-206.000000,-244.000000,-48.000000,22.000000,22.000000,22.000000,22.000000,22.000000,22.000000,22.000000,29.000000,29.000000,30.000000,31.000000,31.000000,31.000000,31.000000,1,1,1,1,1,1,1,0,0,0,0,0,0,0,74,5376.199219,717,0,1,0.783145,0.031935,-0.323628,-3.117000,-0.399000,0.076000,1
4.693065,-16.562000,-20.966999,3.920000,31.464001,17.325001,56.780998,172.688995,0.000000,0.000000,0.000000,0.000000,0.000000,0.000000,0.000000,-179.000000,-1021.000000,424.000000,-1419.000000,-206.000000,-244.000000,-48.000000,22.000000,22.000000,22.000000,22.000000,22.000000,22.000000,22.000000,29.000000,29.000000,30.000000,31.000000,31.000000,31.000000,31.000000,1,1,1,1,1,1,1,0,0,0,0,0,0,0,74,5376.199219,717,0,1,0.783395,0.032368,-0.323627,-3.117000,-0.399000,0.076000,1
4.702989,-16.905001,-20.747999,4.297000,30.915001,17.195999,57.053001,172.938995,0.000000,0.000000,0.000000,0.000000,0.000000,0.000000,0.000000,-179.000000,-1021.000000,424.000000,-1419.000000,-206.000000,-244.000000,-48.000000,22.000000,22.000000,22.000000,22.000000,22.000000,22.000000,22.000000,29.000000,29.000000,30.000000,31.000000,31.000000,31.000000,31.000000,1,1,1,1,1,1,1,0,0,0,0,0,0,0,74,5376.198242,718,0,1,0.783945,0.033320,-0.323628,-3.117000,-0.399000,0.076000,1
4.712993,-17.257000,-20.525000,4.681000,30.355000,17.066000,57.332001,173.190002,0.000000,0.000000,0.000000,0.000000,0.000000,0.000000,0.000000,-179.000000,-1021.000000,424.000000,-1419.000000,-206.000000,-244.000000,-48.000000,22.000000,22.000000,22.000000,22.000000,22.000000,22.000000,22.000000,29.000000,29.000000,30.000000,31.000000,31.000000,31.000000,31.000000,1,1,1,1,1,1,1,0,0,0,0,0,0,0,74,5376.198242,719,0,1,0.784494,0.034272,-0.323627,-3.117000,-0.400000,0.076000,1
4.723086,-17.584999,-20.318001,5.039000,29.834000,16.948000,57.591000,173.419006,0.000000,0.000000,0.000000,0.000000,0.000000,0.000000,0.000000,-179.000000,-1021.000000,424.000000,-1419.000000,-206.000000,-244.000000,-48.000000,22.000000,22.000000,22.000000,22.000000,22.000000,22.000000,22.000000,29.000000,29.000000,30.000000,31.000000,31.000000,31.000000,31.000000,1,1,1,1,1,1,1,0,0,0,0,0,0,0,74,5376.196777,716,0,1,0.784994,0.035137,-0.323627,-3.117000,-0.399000,0.076000,1
4.733026,-17.921000,-20.106001,5.403000,29.304001,16.830000,57.855000,173.647995,0.000000,0.000000,0.000000,0.000000,0.000000,0.000000,0.000000,-179.000000,-1021.000000,424.000000,-1419.000000,-206.000000,-244.000000,-48.000000,22.000000,22.000000,22.000000,22.000000,22.000000,22.000000,22.000000,29.000000,29.000000,30.000000,31.000000,31.000000,31.000000,31.000000,1,1,1,1,1,1,1,0,0,0,0,0,0,0,74,5376.198242,717,0,1,0.785493,0.036002,-0.323628,-3.116000,-0.399000,0.076000,1
4.743009,-18.294001,-19.872999,5.808000,28.718000,16.702000,58.148998,173.895996,0.000000,0.000000,0.000000,0.000000,0.000000,0.000000,0.000000,-179.000000,-1021.000000,424.000000,-1419.000000,-206.000000,-244.000000,-48.000000,22.000000,22.000000,22.000000,22.000000,22.000000,22.000000,22.000000,29.000000,29.000000,30.000000,31.000000,31.000000,31.000000,31.000000,1,1,1,1,1,1,1,0,0,0,0,0,0,0,74,5376.196777,718,0,1,0.786034,0.036938,-0.323628,-3.117000,-0.400000,0.076000,1
4.752962,-18.648001,-19.650999,6.194000,28.160000,16.577999,58.428001,174.128998,0.000000,0.000000,0.000000,0.000000,0.000000,0.000000,0.000000,-179.000000,-1021.000000,424.000000,-1419.000000,-206.000000,-244.000000,-48.000000,22.000000,22.000000,22.000000,22.000000,22.000000,22.000000,22.000000,29.000000,29.000000,30.000000,31.000000,31.000000,31.000000,31.000000,1,1,1,1,1,1,1,0,0,0,0,0,0,0,74,5376.196777,718,0,1,0.786536,0.037809,-0.323628,-3.117000,-0.399000,0.076000,1
4.763098,-18.933001,-19.469999,6.512000,27.705999,16.473000,58.654999,174.317001,0.000000,0.000000,0.000000,0.000000,0.000000,0.000000,0.000000,-179.000000,-1021.000000,424.000000,-1419.000000,-206.000000,-244.000000,-48.000000,22.000000,22.000000,22.000000,22.000000,22.000000,22.000000,22.000000,29.000000,29.000000,30.000000,31.000000,31.000000,31.000000,31.000000,1,1,1,1,1,1,1,0,0,0,0,0,0,0,74,5376.194824,717,0,1,0.786937,0.038502,-0.323628,-3.116000,-0.399000,0.076000,1
4.773015,-19.082001,-19.375000,6.680000,27.468000,16.415001,58.775002,174.414993,0.000000,0.000000,0.000000,0.000000,0.000000,0.000000,0.000000,-179.000000,-1021.000000,424.000000,-1419.000000,-206.000000,-244.000000,-48.000000,22.000000,22.000000,22.000000,22.000000,22.000000,22.000000,22.000000,29.000000,29.000000,30.000000,31.000000,31.000000,31.000000,31.000000,1,1,1,1,1,1,1,0,0,0,0,0,0,0,74,5376.194824,720,0,1,0.787145,0.038862,-0.323628,-3.116000,-0.399000,0.076000,1
4.783031,-19.284000,-19.243000,6.918000,27.136999,16.325001,58.939999,174.552994,0.000000,0.000000,0.000000,0.000000,0.000000,0.000000,0.000000,-179.000000,-1021.000000,424.000000,-1419.000000,-206.000000,-244.000000,-48.000000,22.000000,22.000000,22.000000,22.000000,22.000000,22.000000,22.000000,29.000000,29.000000,30.000000,31.000000,31.000000,31.000000,31.000000,1,1,1,1,1,1,1,0,0,0,0,0,0,0,74,5376.196777,719,0,1,0.787430,0.039356,-0.323628,-3.117000,-0.399000,0.076000,1
4.793067,-19.424000,-19.145000,7.097000,26.893999,16.245001,59.061001,174.656998,0.000000,0.000000,0.000000,0.000000,0.000000,0.000000,0.000000,-179.000000,-1021.000000,424.000000,-1419.000000,-206.000000,-244.000000,-48.000000,22.000000,22.000000,22.000000,22.000000,22.000000,22.000000,22.000000,29.000000,29.000000,30.000000,31.000000,31.000000,31.000000,31.000000,1,1,1,1,1,1,1,0,0,0,0,0,0,0,74,5376.196777,716,0,1,0.787637,0.039714,-0.323628,-3.117000,-0.399000,0.077000,1
4.803031,-19.510000,-19.077000,7.230000,26.725000,16.167999,59.143002,174.733994,0.000000,0.000000,0.000000,0.000000,0.000000,0.000000,0.000000,-179.000000,-1021.000000,424.000000,-1419.000000,-206.000000,-244.000000,-48.000000,22.000000,22.000000,22.000000,22.000000,22.000000,22.000000,22.000000,29.000000,29.000000,30.000000,31.000000,31.000000,31.000000,31.000000,1,1,1,1,1,1,1,0,0,0,0,0,0,0,74,5376.198242,718,0,1,0.787779,0.039960,-0.323627,-3.116000,-0.399000,0.076000,1
4.813005,-19.533001,-19.046000,7.299000,26.648001,16.106001,59.179001,174.776001,0.000000,0.000000,0.000000,0.000000,0.000000,0.000000,0.000000,-179.000000,-1021.000000,424.000000,-1419.000000,-206.000000,-244.000000,-48.000000,22.000000,22.000000,22.000000,22.000000,22.000000,22.000000,22.000000,29.000000,29.000000,30.000000,31.000000,31.000000,31.000000,31.000000,1,1,1,1,1,1,1,0,0,0,0,0,0,0,74,5376.196777,718,0,1,0.787843,0.040072,-0.323628,-3.117000,-0.399000,0.077000,1
4.823103,-19.518999,-19.034000,7.338000,26.621000,16.044001,59.188999,174.800995,0.000000,0.000000,0.000000,0.000000,0.000000,0.000000,0.000000,-179.000000,-1021.000000,424.000000,-1419.000000,-206.000000,-244.000000,-48.000000,22.000000,22.000000,22.000000,22.000000,22.000000,22.000000,22.000000,29.000000,29.000000,30.000000,31.000000,31.000000,31.000000,31.000000,1,1,1,1,1,1,1,0,0,0,0,0,0,0,74,5376.198242,719,0,1,0.787866,0.040112,-0.323628,-3.117000,-0.399000,0.077000,1
4.834116,-19.500000,-19.032000,7.352000,26.618999,16.007000,59.188000,174.811005,0.000000,0.000000,0.000000,0.000000,0.000000,0.000000,0.000000,-205.000000,-1052.000000,189.000000,-1477.000000,-217.000000,-239.000000,-48.000000,22.000000,22.000000,22.000000,22.000000,22.000000,22.000000,22.000000,29.000000,29.000000,30.000000,31.000000,31.000000,31.000000,31.000000,1,1,1,1,1,1,1,0,0,0,0,0,0,0,74,5376.198242,716,0,1,0.787868,0.040115,-0.323628,-3.117000,-0.400000,0.077000,0
4.844015,-19.500000,-19.032000,7.352000,26.618999,16.007000,59.188000,174.811005,0.000000,0.000000,0.000000,0.000000,0.000000,0.000000,0.000000,-203.000000,-1057.000000,189.000000,-1456.000000,-219.000000,-236.000000,-68.000000,22.000000,22.000000,22.000000,22.000000,22.000000,22.000000,22.000000,29.000000,29.000000,30.000000,31.000000,31.000000,31.000000,31.000000,1,1,1,1,1,1,1,0,0,0,0,0,0,0,74,5376.202148,720,0,1,0.787868,0.040115,-0.323628,-3.117000,-0.400000,0.077000,0
4.854173,-19.500000,-19.032000,7.352000,26.618999,16.007000,59.188000,174.811005,0.000000,0.000000,0.000000,0.000000,0.000000,0.000000,0.120000,-194.000000,-1053.000000,188.000000,-1473.000000,-215.000000,-244.000000,-65.000000,22.000000,22.000000,22.000000,22.000000,22.000000,22.000000,22.000000,29.000000,29.000000,30.000000,31.000000,31.000000,31.000000,31.000000,1,1,1,1,1,1,1,0,0,0,0,0,0,0,74,5376.200195,720,0,1,0.787868,0.040115,-0.323628,-3.117000,-0.400000,0.077000,0
4.864175,-19.500000,-19.032000,7.352000,26.618999,16.007000,59.188000,174.811005,0.000000,0.000000,0.000000,0.000000,0.000000,0.000000,0.000000,-198.000000,-1049.000000,190.000000,-1460.000000,-220.000000,-242.000000,-67.000000,22.000000,22.000000,22.000000,22.000000,22.000000,22.000000,22.000000,29.000000,29.000000,30.000000,31.000000,31.000000,31.000000,31.000000,1,1,1,1,1,1,1,0,0,0,0,0,0,0,74,5376.202148,716,0,1,0.787868,0.040115,-0.323628,-3.117000,-0.400000,0.077000,0
4.874986,-19.500000,-19.032000,7.352000,26.618999,16.007000,59.188000,174.811005,0.000000,0.000000,0.000000,0.000000,0.000000,0.000000,0.000000,-204.000000,-1054.000000,199.000000,-1459.000000,-220.000000,-242.000000,-63.000000,22.000000,22.000000,22.000000,22.000000,22.000000,22.000000,22.000000,29.000000,29.000000,30.000000,31.000000,31.000000,31.000000,31.000000,1,1,1,1,1,1,1,0,0,0,0,0,0,0,74,5376.202148,715,0,1,0.787868,0.040115,-0.323628,-3.117000,-0.400000,0.077000,0
4.885013,-19.500000,-19.032000,7.352000,26.618999,16.007000,59.188000,174.811005,0.000000,0.000000,0.000000,0.000000,0.000000,0.000000,0.000000,-192.000000,-1052.000000,189.000000,-1468.000000,-218.000000,-242.000000,-66.000000,22.000000,22.000000,22.000000,22.000000,22.000000,22.000000,22.000000,29.000000,29.000000,30.000000,31.000000,31.000000,31.000000,31.000000,1,1,1,1,1,1,1,0,0,0,0,0,0,0,74,5376.202148,717,0,1,0.787868,0.040115,-0.323628,-3.117000,-0.400000,0.077000,0
4.895005,-19.500000,-19.032000,7.352000,26.618999,16.007000,59.188000,174.811005,0.000000,0.000000,0.000000,0.000000,0.000000,0.000000,0.000000,-198.000000,-1052.000000,187.000000,-1463.000000,-219.000000,-248.000000,-54.000000,22.000000,22.000000,22.000000,22.000000,22.000000,22.000000,22.000000,29.000000,29.000000,30.000000,31.000000,31.000000,31.000000,31.000000,1,1,1,1,1,1,1,0,0,0,0,0,0,0,74,5376.200195,716,0,1,0.787868,0.040115,-0.323628,-3.117000,-0.400000,0.077000,0
4.905023,-19.500000,-19.032000,7.352000,26.618999,16.007000,59.188000,174.811005,0.000000,0.000000,0.000000,0.000000,0.000000,0.000000,0.000000,-195.000000,-1049.000000,189.000000,-1482.000000,-220.000000,-240.000000,-64.000000,22.000000,22.000000,22.000000,22.000000,22.000000,22.000000,22.000000,29.000000,29.000000,30.000000,31.000000,31.000000,31.000000,31.000000,1,1,1,1,1,1,1,0,0,0,0,0,0,0,74,5376.200195,719,0,1,0.787868,0.040115,-0.323628,-3.117000,-0.400000,0.077000,0
4.915024,-19.500000,-19.032000,7.352000,26.618999,16.007000,59.188000,174.811005,0.000000,0.000000,0.000000,0.000000,0.000000,0.000000,0.000000,-191.000000,-1057.000000,197.000000,-1471.000000,-220.000000,-240.000000,-61.000000,22.000000,22.000000,22.000000,22.000000,22.000000,22.000000,22.000000,29.000000,29.000000,30.000000,31.000000,31.000000,31.000000,31.000000,1,1,1,1,1,1,1,0,0,0,0,0,0,0,74,5376.200195,717,0,1,0.787868,0.040115,-0.323628,-3.117000,-0.400000,0.077000,0
4.925152,-19.500000,-19.032000,7.352000,26.618999,16.007000,59.188000,174.811005,0.000000,0.000000,0.000000,0.000000,0.000000,0.000000,0.120000,-194.000000,-1054.000000,169.000000,-1469.000000,-223.000000,-238.000000,-67.000000,22.000000,22.000000,22.000000,22.000000,22.000000,22.000000,22.000000,29.000000,29.000000,30.000000,31.000000,31.000000,31.000000,31.000000,1,1,1,1,1,1,1,0,0,0,0,0,0,0,74,5376.199219,717,0,1,0.787868,0.040115,-0.323628,-3.117000,-0.400000,0.077000,0
4.935073,-19.500000,-19.032000,7.352000,26.618999,16.007000,59.188000,174.811005,0.000000,0.000000,0.000000,0.000000,0.000000,0.000000,-0.120000,-192.000000,-1052.000000,190.000000,-1465.000000,-221.000000,-244.000000,-64.000000,22.000000,22.000000,22.000000,22.000000,22.000000,22.000000,22.000000,29.000000,29.000000,30.000000,31.000000,31.000000,31.000000,31.000000,1,1,1,1,1,1,1,0,0,0,0,0,0,0,74,5376.199219,718,0,1,0.787868,0.040115,-0.323628,-3.117000,-0.400000,0.077000,0
4.945063,-19.500000,-19.032000,7.352000,26.618999,16.007000,59.188000,174.811005,0.000000,0.000000,0.000000,0.000000,0.000000,0.000000,0.000000,-195.000000,-1056.000000,193.000000,-1466.000000,-218.000000,-243.000000,-71.000000,22.000000,22.000000,22.000000,22.000000,22.000000,22.000000,22.000000,29.000000,29.000000,30.000000,31.000000,31.000000,31.000000,31.000000,1,1,1,1,1,1,1,0,0,0,0,0,0,0,74,5376.200195,718,0,1,0.787868,0.040115,-0.323628,-3.117000,-0.400000,0.077000,0
4.955023,-19.500000,-19.032000,7.352000,26.618999,16.007000,59.188000,174.811005,0.000000,0.000000,0.000000,0.000000,0.000000,0.000000,0.000000,-196.000000,-1061.000000,188.000000,-1471.000000,-219.000000,-243.000000,-55.000000,22.000000,22.000000,22.000000,22.000000,22.000000,22.000000,22.000000,29.000000,29.000000,30.000000,31.000000,31.000000,31.000000,31.000000,1,1,1,1,1,1,1,0,0,0,0,0,0,0,74,5376.199219,719,0,1,0.787868,0.040115,-0.323628,-3.117000,-0.400000,0.077000,0
4.965014,-19.500000,-19.032000,7.352000,26.618999,16.007000,59.188000,174.811005,0.000000,0.000000,0.000000,0.000000,0.000000,0.000000,0.000000,-196.000000,-1054.000000,181.000000,-1468.000000,-217.000000,-240.000000,-71.000000,22.000000,22.000000,22.000000,22.000000,22.000000,22.000000,22.000000,29.000000,29.000000,30.000000,31.000000,31.000000,31.000000,31.000000,1,1,1,1,1,1,1,0,0,0,0,0,0,0,74,5376.200195,717,0,1,0.787868,0.040115,-0.323628,-3.117000,-0.400000,0.077000,0
4.975024,-19.500000,-19.032000,7.352000,26.618999,16.007000,59.188000,174.811005,0.000000,0.000000,0.000000,0.000000,0.000000,0.000000,0.000000,-196.000000,-1057.000000,170.000000,-1460.000000,-222.000000,-242.000000,-65.000000,22.000000,22.000000,22.000000,22.000000,22.000000,22.000000,22.000000,29.000000,29.000000,30.000000,31.000000,31.000000,31.000000,31.000000,1,1,1,1,1,1,1,0,0,0,0,0,0,0,74,5376.199219,718,0,1,0.787868,0.040115,-0.323628,-3.117000,-0.400000,0.077000,0
4.985046,-19.500000,-19.032000,7.352000,26.618999,16.007000,59.188000,174.811005,0.000000,0.000000,0.000000,0.000000,0.000000,0.000000,0.000000,-196.000000,-1058.000000,182.000000,-1477.000000,-221.000000,-243.000000,-67.000000,22.000000,22.000000,22.000000,22.000000,22.000000,22.000000,22.000000,29.000000,29.000000,30.000000,31.000000,31.000000,31.000000,31.000000,1,1,1,1,1,1,1,0,0,0,0,0,0,0,74,5376.200195,718,0,1,0.787868,0.040115,-0.323628,-3.117000,-0.400000,0.077000,0
4.995034,-19.500000,-19.032000,7.352000,26.618999,16.007000,59.188000,174.811005,0.000000,0.000000,0.000000,0.000000,0.000000,0.000000,0.000000,-194.000000,-1066.000000,181.000000,-1459.000000,-214.000000,-235.000000,-84.000000,22.000000,22.000000,22.000000,22.000000,22.000000,22.000000,22.000000,29.000000,29.000000,30.000000,31.000000,31.000000,31.000000,31.000000,1,1,1,1,1,1,1,0,0,0,0,0,0,0,74,5376.199219,717,0,1,0.787868,0.040115,-0.323628,-3.117000,-0.400000,0.077000,0
5.005080,-19.500000,-19.032000,7.352000,26.618999,16.007000,59.188000,174.811005,0.000000,0.000000,0.000000,0.000000,0.000000,0.000000,0.000000,-184.000000,-1063.000000,188.000000,-1461.000000,-214.000000,-240.000000,-73.000000,22.000000,22.000000,22.000000,22.000000,22.000000,22.000000,22.000000,29.000000,29.000000,30.000000,31.000000,31.000000,31.000000,31.000000,1,1,1,1,1,1,1,0,0,0,0,0,0,0,74,5376.199219,718,0,1,0.787868,0.040115,-0.323628,-3.117000,-0.400000,0.077000,0
5.015025,-19.500000,-19.032000,7.352000,26.618999,16.007000,59.188000,174.811005,0.000000,0.000000,0.000000,0.000000,0.000000,0.000000,0.000000,-187.000000,-1059.000000,175.000000,-1480.000000,-219.000000,-241.000000,-74.000000,22.000000,22.000000,22.000000,22.000000,22.000000,22.000000,22.000000,29.000000,29.000000,30.000000,31.000000,31.000000,31.000000,31.000000,1,1,1,1,1,1,1,0,0,0,0,0,0,0,74,5376.199219,718,0,1,0.787868,0.040115,-0.323628,-3.117000,-0.400000,0.077000,0
5.024998,-19.500000,-19.032000,7.352000,26.618999,16.007000,59.188000,174.811005,0.000000,0.000000,0.000000,0.000000,0.000000,0.000000,0.000000,-188.000000,-1070.000000,187.000000,-1464.000000,-223.000000,-242.000000,-65.000000,22.000000,22.000000,22.000000,22.000000,22.000000,22.000000,22.000000,29.000000,29.000000,30.000000,31.000000,31.000000,31.000000,31.000000,1,1,1,1,1,1,1,0,0,0,0,0,0,0,74,5376.200195,716,0,1,0.787868,0.040115,-0.323628,-3.117000,-0.400000,0.077000,0
5.035020,-19.500000,-19.032000,7.352000,26.618999,16.007000,59.188000,174.811005,0.000000,0.000000,0.000000,0.000000,0.000000,0.000000,0.120000,-192.000000,-1063.000000,165.000000,-1480.000000,-215.000000,-240.000000,-75.000000,22.000000,22.000000,22.000000,22.000000,22.000000,22.000000,22.000000,29.000000,29.000000,30.000000,31.000000,31.000000,31.000000,31.000000,1,1,1,1,1,1,1,0,0,0,0,0,0,0,74,5376.199219,717,0,1,0.787868,0.040115,-0.323628,-3.117000,-0.400000,0.077000,0
5.045002,-19.500000,-19.032000,7.352000,26.618999,16.007000,59.188000,174.811005,0.000000,0.000000,0.000000,0.000000,0.000000,0.000000,-0.120000,-195.000000,-1070.000000,194.000000,-1456.000000,-216.000000,-241.000000,-71.000000,22.000000,22.000000,22.000000,22.000000,22.000000,22.000000,22.000000,29.000000,29.000000,30.000000,31.000000,31.000000,31.000000,31.000000,1,1,1,1,1,1,1,0,0,0,0,0,0,0,74,5376.199219,718,0,1,0.787868,0.040115,-0.323628,-3.117000,-0.400000,0.077000,0
5.055002,-19.500000,-19.032000,7.352000,26.618999,16.007000,59.188000,174.811005,0.000000,0.000000,0.000000,0.000000,0.000000,0.000000,0.000000,-186.000000,-1065.000000,167.000000,-1465.000000,-220.000000,-239.000000,-63.000000,22.000000,22.000000,22.000000,22.000000,22.000000,22.000000,22.000000,29.000000,29.000000,30.000000,31.000000,31.000000,31.000000,31.000000,1,1,1,1,1,1,1,0,0,0,0,0,0,0,74,5376.199219,717,0,1,0.787868,0.040115,-0.323628,-3.117000,-0.400000,0.077000,0
5.065030,-19.500000,-19.032000,7.352000,26.618999,16.007000,59.188000,174.811005,0.000000,0.000000,0.000000,0.000000,0.000000,0.000000,-0.360000,-190.000000,-1065.000000,183.000000,-1462.000000,-215.000000,-245.000000,-82.000000,22.000000,22.000000,22.000000,22.000000,22.000000,22.000000,22.000000,29.000000,29.000000,30.000000,31.000000,31.000000,31.000000,31.000000,1,1,1,1,1,1,1,0,0,0,0,0,0,0,74,5376.198242,718,0,1,0.787868,0.040115,-0.323628,-3.117000,-0.400000,0.077000,0
