t_mono,position1,position2,position3,position4,position5,position6,position7,speed1,speed2,speed3,speed4,speed5,speed6,speed7,current1,current2,current3,current4,current5,current6,current7,voltage1,voltage2,voltage3,voltage4,voltage5,voltage6,voltage7,temperature1,temperature2,temperature3,temperature4,temperature5,temperature6,temperature7,en1,en2,en3,en4,en5,en6,en7,err1,err2,err3,err4,err5,err6,err7,lift_height,lift_pos,lift_current,lift_err,lift_en,tcp_x,tcp_y,tcp_z,tcp_rx,tcp_ry,tcp_rz,arm_status
0.138292,-21.084000,-19.094000,6.391000,26.618000,18.798000,59.377998,174.106003,0.000000,0.000000,0.000000,0.000000,0.000000,0.000000,0.000000,-288.000000,-1774.000000,147.000000,-2124.000000,100.000000,-590.000000,-2.000000,22.000000,22.000000,22.000000,22.000000,22.000000,22.000000,22.000000,37.000000,37.000000,37.000000,38.000000,39.000000,40.000000,43.000000,1,1,1,1,1,1,1,0,0,0,0,0,0,0,74,5376.550781,837,0,1,0.787868,0.040115,-0.323628,-3.116000,-0.400000,0.076000,0
0.148188,-21.084000,-19.094000,6.391000,26.618000,18.798000,59.377998,174.106003,0.000000,0.000000,0.000000,0.000000,0.000000,0.000000,0.240000,-279.000000,-1778.000000,125.000000,-2120.000000,100.000000,-592.000000,-13.000000,22.000000,22.000000,22.000000,22.000000,22.000000,22.000000,22.000000,37.000000,37.000000,37.000000,38.000000,39.000000,40.000000,43.000000,1,1,1,1,1,1,1,0,0,0,0,0,0,0,74,5376.551758,837,0,1,0.787868,0.040115,-0.323628,-3.116000,-0.400000,0.076000,0
0.158215,-21.084000,-19.094000,6.391000,26.618000,18.798000,59.377998,174.106003,0.000000,0.000000,0.000000,0.000000,0.000000,0.000000,0.000000,-282.000000,-1781.000000,157.000000,-2108.000000,99.000000,-587.000000,-9.000000,22.000000,22.000000,22.000000,22.000000,22.000000,22.000000,22.000000,37.000000,37.000000,37.000000,38.000000,39.000000,40.000000,43.000000,1,1,1,1,1,1,1,0,0,0,0,0,0,0,74,5376.550781,836,0,1,0.787868,0.040115,-0.323628,-3.116000,-0.400000,0.076000,0
0.168208,-21.084000,-19.094000,6.391000,26.618000,18.798000,59.377998,174.106003,0.000000,0.000000,0.000000,0.000000,0.000000,0.000000,0.000000,-276.000000,-1785.000000,156.000000,-2125.000000,99.000000,-591.000000,-19.000000,22.000000,22.000000,22.000000,22.000000,22.000000,22.000000,22.000000,37.000000,37.000000,37.000000,38.000000,39.000000,40.000000,43.000000,1,1,1,1,1,1,1,0,0,0,0,0,0,0,74,5376.547852,838,0,1,0.787868,0.040115,-0.323628,-3.116000,-0.400000,0.076000,0
0.178159,-21.084000,-19.094000,6.391000,26.618000,18.798000,59.377998,174.106003,0.000000,0.000000,0.000000,0.000000,0.000000,0.000000,0.000000,-295.000000,-1784.000000,163.000000,-2133.000000,97.000000,-578.000000,-9.000000,22.000000,22.000000,22.000000,22.000000,22.000000,22.000000,22.000000,37.000000,37.000000,37.000000,38.000000,39.000000,40.000000,43.000000,1,1,1,1,1,1,1,0,0,0,0,0,0,0,74,5376.549805,836,0,1,0.787868,0.040115,-0.323628,-3.116000,-0.400000,0.076000,0
0.188198,-21.084000,-19.094000,6.391000,26.618000,18.798000,59.377998,174.106003,0.000000,0.000000,0.000000,0.000000,0.000000,0.000000,0.000000,-289.000000,-1786.000000,163.000000,-2121.000000,101.000000,-596.000000,-15.000000,22.000000,22.000000,22.000000,22.000000,22.000000,22.000000,22.000000,37.000000,37.000000,37.000000,38.000000,39.000000,40.000000,43.000000,1,1,1,1,1,1,1,0,0,0,0,0,0,0,74,5376.549805,836,0,1,0.787868,0.040115,-0.323628,-3.116000,-0.400000,0.076000,0
0.198172,-21.084000,-19.094000,6.391000,26.618000,18.798000,59.377998,174.106003,0.000000,0.000000,0.000000,0.000000,0.000000,0.000000,0.000000,-281.000000,-1775.000000,164.000000,-2143.000000,100.000000,-587.000000,-8.000000,22.000000,22.000000,22.000000,22.000000,22.000000,22.000000,22.000000,37.000000,37.000000,37.000000,38.000000,39.000000,40.000000,43.000000,1,1,1,1,1,1,1,0,0,0,0,0,0,0,74,5376.549805,835,0,1,0.787868,0.040115,-0.323628,-3.116000,-0.400000,0.076000,0
0.208221,-21.084000,-19.094000,6.391000,26.618000,18.798000,59.377998,174.106003,0.000000,0.000000,0.000000,0.000000,0.000000,0.000000,-0.120000,-297.000000,-1776.000000,177.000000,-2127.000000,99.000000,-585.000000,-16.000000,22.000000,22.000000,22.000000,22.000000,22.000000,22.000000,22.000000,37.000000,37.000000,37.000000,38.000000,39.000000,40.000000,43.000000,1,1,1,1,1,1,1,0,0,0,0,0,0,0,74,5376.549805,836,0,1,0.787868,0.040115,-0.323628,-3.116000,-0.400000,0.076000,0
0.218236,-21.084000,-19.094000,6.391000,26.618000,18.798000,59.377998,174.106003,0.000000,0.000000,0.000000,0.000000,0.000000,0.000000,0.000000,-294.000000,-1779.000000,136.000000,-2129.000000,99.000000,-588.000000,-15.000000,22.000000,22.000000,22.000000,22.000000,22.000000,22.000000,22.000000,37.000000,37.000000,37.000000,38.000000,39.000000,40.000000,43.000000,1,1,1,1,1,1,1,0,0,0,0,0,0,0,74,5376.550781,838,0,1,0.787868,0.040115,-0.323628,-3.116000,-0.400000,0.076000,0
0.228195,-21.084000,-19.094000,6.391000,26.618000,18.798000,59.377998,174.106003,0.000000,0.000000,0.000000,0.000000,0.000000,0.000000,0.000000,-300.000000,-1779.000000,152.000000,-2129.000000,99.000000,-589.000000,-12.000000,22.000000,22.000000,22.000000,22.000000,22.000000,22.000000,22.000000,37.000000,37.000000,37.000000,38.000000,39.000000,40.000000,43.000000,1,1,1,1,1,1,1,0,0,0,0,0,0,0,74,5376.549805,837,0,1,0.787868,0.040115,-0.323628,-3.116000,-0.400000,0.076000,0
0.238146,-21.084000,-19.094000,6.391000,26.618000,18.798000,59.377998,174.106003,0.000000,0.000000,0.000000,0.000000,0.000000,0.000000,0.000000,-300.000000,-1785.000000,168.000000,-2138.000000,99.000000,-585.000000,-7.000000,22.000000,22.000000,22.000000,22.000000,22.000000,22.000000,22.000000,37.000000,37.000000,37.000000,38.000000,39.000000,40.000000,43.000000,1,1,1,1,1,1,1,0,0,0,0,0,0,0,74,5376.549805,835,0,1,0.787868,0.040115,-0.323628,-3.116000,-0.400000,0.076000,0
0.248155,-21.084000,-19.094000,6.391000,26.618000,18.798000,59.377998,174.106003,0.000000,0.000000,0.000000,0.000000,0.000000,0.000000,0.000000,-302.000000,-1785.000000,181.000000,-2139.000000,93.000000,-589.000000,-6.000000,22.000000,22.000000,22.000000,22.000000,22.000000,22.000000,22.000000,37.000000,37.000000,37.000000,38.000000,39.000000,40.000000,43.000000,1,1,1,1,1,1,1,0,0,0,0,0,0,0,74,5376.549805,837,0,1,0.787868,0.040115,-0.323628,-3.116000,-0.400000,0.076000,0
0.258240,-21.084000,-19.094000,6.391000,26.618000,18.798000,59.377998,174.106003,0.000000,0.000000,0.000000,0.000000,0.000000,0.000000,0.360000,-304.000000,-1781.000000,136.000000,-2139.000000,100.000000,-589.000000,-10.000000,22.000000,22.000000,22.000000,22.000000,22.000000,22.000000,22.000000,37.000000,37.000000,37.000000,38.000000,39.000000,40.000000,43.000000,1,1,1,1,1,1,1,0,0,0,0,0,0,0,74,5376.550781,836,0,1,0.787868,0.040115,-0.323628,-3.116000,-0.400000,0.076000,0
0.268133,-21.084000,-19.094000,6.391000,26.618000,18.798000,59.377998,174.106003,0.000000,0.000000,0.000000,0.000000,0.000000,0.000000,0.000000,-309.000000,-1776.000000,149.000000,-2127.000000,100.000000,-589.000000,-14.000000,22.000000,22.000000,22.000000,22.000000,22.000000,22.000000,22.000000,37.000000,37.000000,37.000000,38.000000,39.000000,40.000000,43.000000,1,1,1,1,1,1,1,0,0,0,0,0,0,0,74,5376.549805,837,0,1,0.787868,0.040115,-0.323628,-3.116000,-0.400000,0.076000,0
0.278283,-21.084000,-19.094000,6.391000,26.618000,18.798000,59.377998,174.106003,0.000000,0.000000,0.000000,0.000000,0.000000,0.000000,0.000000,-326.000000,-1776.000000,156.000000,-2139.000000,101.000000,-596.000000,-9.000000,22.000000,22.000000,22.000000,22.000000,22.000000,22.000000,22.000000,37.000000,37.000000,37.000000,38.000000,39.000000,40.000000,43.000000,1,1,1,1,1,1,1,0,0,0,0,0,0,0,74,5376.549805,838,0,1,0.787868,0.040115,-0.323628,-3.116000,-0.400000,0.076000,0
0.288061,-21.084000,-19.094000,6.391000,26.618000,18.798000,59.377998,174.106003,0.000000,0.000000,0.000000,0.000000,0.000000,0.000000,0.000000,-319.000000,-1781.000000,132.000000,-2146.000000,96.000000,-596.000000,-6.000000,22.000000,22.000000,22.000000,22.000000,22.000000,22.000000,22.000000,37.000000,37.000000,37.000000,38.000000,39.000000,40.000000,43.000000,1,1,1,1,1,1,1,0,0,0,0,0,0,0,74,5376.549805,838,0,1,0.787868,0.040115,-0.323628,-3.116000,-0.400000,0.076000,0
0.298113,-21.084000,-19.094000,6.391000,26.618000,18.798000,59.377998,174.106003,0.000000,0.000000,0.000000,0.000000,0.000000,0.000000,0.000000,-322.000000,-1781.000000,169.000000,-2122.000000,93.000000,-590.000000,-19.000000,22.000000,22.000000,22.000000,22.000000,22.000000,22.000000,22.000000,37.000000,37.000000,37.000000,38.000000,39.000000,40.000000,43.000000,1,1,1,1,1,1,1,0,0,0,0,0,0,0,74,5376.550781,838,0,1,0.787868,0.040115,-0.323628,-3.116000,-0.400000,0.076000,0
0.308127,-21.084000,-19.094000,6.391000,26.618000,18.798000,59.377998,174.106003,0.000000,0.000000,0.000000,0.000000,0.000000,0.000000,0.000000,-323.000000,-1778.000000,162.000000,-2130.000000,98.000000,-587.000000,-14.000000,22.000000,22.000000,22.000000,22.000000,22.000000,22.000000,22.000000,37.000000,37.000000,37.000000,38.000000,39.000000,40.000000,43.000000,1,1,1,1,1,1,1,0,0,0,0,0,0,0,74,5376.550781,837,0,1,0.787868,0.040115,-0.323628,-3.116000,-0.400000,0.076000,0
0.318361,-21.084000,-19.094000,6.391000,26.618000,18.798000,59.377998,174.106003,0.000000,0.000000,0.000000,0.000000,0.000000,0.000000,0.000000,-329.000000,-1778.000000,151.000000,-2129.000000,91.000000,-596.000000,-12.000000,22.000000,22.000000,22.000000,22.000000,22.000000,22.000000,22.000000,37.000000,37.000000,37.000000,38.000000,39.000000,40.000000,43.000000,1,1,1,1,1,1,1,0,0,0,0,0,0,0,74,5376.550781,837,0,1,0.787868,0.040115,-0.323628,-3.116000,-0.400000,0.076000,0
0.328191,-20.966000,-19.122999,6.379000,26.698000,18.694000,59.330002,174.102997,0.000000,0.000000,0.000000,0.000000,0.000000,0.000000,0.000000,-326.000000,-1781.000000,162.000000,-2132.000000,97.000000,-584.000000,-1.000000,22.000000,22.000000,22.000000,22.000000,22.000000,22.000000,22.000000,37.000000,37.000000,37.000000,38.000000,39.000000,40.000000,43.000000,1,1,1,1,1,1,1,0,0,0,0,0,0,0,74,5376.549805,836,0,1,0.787802,0.039999,-0.323627,-3.116000,-0.400000,0.076000,1
0.338054,-20.865999,-19.166000,6.321000,26.811001,18.667000,59.270000,174.069000,0.000000,0.000000,0.000000,0.000000,0.000000,0.000000,0.000000,-326.000000,-1781.000000,162.000000,-2132.000000,97.000000,-584.000000,-1.000000,22.000000,22.000000,22.000000,22.000000,22.000000,22.000000,22.000000,37.000000,37.000000,37.000000,38.000000,39.000000,40.000000,43.000000,1,1,1,1,1,1,1,0,0,0,0,0,0,0,74,5376.549805,835,0,1,0.787707,0.039835,-0.323628,-3.116000,-0.400000,0.076000,1
0.348088,-20.822001,-19.187000,6.292000,26.864000,18.659000,59.242001,174.052002,0.000000,0.000000,0.000000,0.000000,0.000000,0.000000,0.000000,-326.000000,-1781.000000,162.000000,-2132.000000,97.000000,-584.000000,-1.000000,22.000000,22.000000,22.000000,22.000000,22.000000,22.000000,22.000000,37.000000,37.000000,37.000000,38.000000,39.000000,40.000000,43.000000,1,1,1,1,1,1,1,0,0,0,0,0,0,0,74,5376.549805,837,0,1,0.787662,0.039757,-0.323627,-3.116000,-0.400000,0.076000,1
0.358165,-20.684999,-19.253000,6.194000,27.035999,18.643999,59.153000,173.992996,0.000000,0.000000,0.000000,0.000000,0.000000,0.000000,0.000000,-326.000000,-1781.000000,162.000000,-2132.000000,97.000000,-584.000000,-1.000000,22.000000,22.000000,22.000000,22.000000,22.000000,22.000000,22.000000,37.000000,37.000000,37.000000,38.000000,39.000000,40.000000,43.000000,1,1,1,1,1,1,1,0,0,0,0,0,0,0,74,5376.549805,837,0,1,0.787516,0.039505,-0.323627,-3.116000,-0.400000,0.076000,1
0.368075,-20.464001,-19.365999,6.023000,27.323999,18.636000,59.004002,173.889008,0.000000,0.000000,0.000000,0.000000,0.000000,0.000000,0.000000,-326.000000,-1781.000000,162.000000,-2132.000000,97.000000,-584.000000,-1.000000,22.000000,22.000000,22.000000,22.000000,22.000000,22.000000,22.000000,37.000000,37.000000,37.000000,38.000000,39.000000,40.000000,43.000000,1,1,1,1,1,1,1,0,0,0,0,0,0,0,74,5376.549805,836,0,1,0.787269,0.039076,-0.323628,-3.116000,-0.400000,0.076000,1
0.378118,-20.228001,-19.489000,5.833000,27.641001,18.638000,58.842999,173.772003,0.000000,0.000000,0.000000,0.000000,0.000000,0.000000,0.000000,-326.000000,-1781.000000,162.000000,-2132.000000,97.000000,-584.000000,-1.000000,22.000000,22.000000,22.000000,22.000000,22.000000,22.000000,22.000000,37.000000,37.000000,37.000000,38.000000,39.000000,40.000000,43.000000,1,1,1,1,1,1,1,0,0,0,0,0,0,0,74,5376.550781,836,0,1,0.786994,0.038601,-0.323628,-3.116000,-0.400000,0.076000,1
0.388126,-19.941999,-19.642000,5.596000,28.030001,18.649000,58.644001,173.625000,0.000000,0.000000,0.000000,0.000000,0.000000,0.000000,0.000000,-326.000000,-1781.000000,162.000000,-2132.000000,97.000000,-584.000000,-1.000000,22.000000,22.000000,22.000000,22.000000,22.000000,22.000000,22.000000,37.000000,37.000000,37.000000,38.000000,39.000000,40.000000,43.000000,1,1,1,1,1,1,1,0,0,0,0,0,0,0,74,5376.549805,838,0,1,0.786652,0.038007,-0.323627,-3.116000,-0.400000,0.076000,1
0.398098,-19.606001,-19.823000,5.311000,28.493999,18.669001,58.408001,173.445999,0.000000,0.000000,0.000000,0.000000,0.000000,0.000000,0.000000,-326.000000,-1781.000000,162.000000,-2132.000000,97.000000,-584.000000,-1.000000,22.000000,22.000000,22.000000,22.000000,22.000000,22.000000,22.000000,37.000000,37.000000,37.000000,38.000000,39.000000,40.000000,43.000000,1,1,1,1,1,1,1,0,0,0,0,0,0,0,74,5376.550781,837,0,1,0.786236,0.037288,-0.323628,-3.116000,-0.400000,0.076000,1
0.408148,-19.218000,-20.034000,4.978000,29.033001,18.698999,58.133999,173.233002,0.000000,0.000000,0.000000,0.000000,0.000000,0.000000,0.000000,-326.000000,-1781.000000,162.000000,-2132.000000,97.000000,-584.000000,-1.000000,22.000000,22.000000,22.000000,22.000000,22.000000,22.000000,22.000000,37.000000,37.000000,37.000000,38.000000,39.000000,40.000000,43.000000,1,1,1,1,1,1,1,0,0,0,0,0,0,0,74,5376.550781,838,0,1,0.785745,0.036436,-0.323628,-3.116000,-0.400000,0.076000,1
0.418138,-18.688999,-20.325001,4.518000,29.775000,18.747999,57.758999,172.934006,0.000000,0.000000,0.000000,0.000000,0.000000,0.000000,0.000000,-326.000000,-1781.000000,162.000000,-2132.000000,97.000000,-584.000000,-1.000000,22.000000,22.000000,22.000000,22.000000,22.000000,22.000000,22.000000,37.000000,37.000000,37.000000,38.000000,39.000000,40.000000,43.000000,1,1,1,1,1,1,1,0,0,0,0,0,0,0,74,5376.547852,837,0,1,0.785050,0.035234,-0.323628,-3.116000,-0.400000,0.076000,1
0.428080,-18.497999,-20.431000,4.350000,30.044001,18.768000,57.623001,172.824005,0.000000,0.000000,0.000000,0.000000,0.000000,0.000000,0.000000,-326.000000,-1781.000000,162.000000,-2132.000000,97.000000,-584.000000,-1.000000,22.000000,22.000000,22.000000,22.000000,22.000000,22.000000,22.000000,37.000000,37.000000,37.000000,38.000000,39.000000,40.000000,43.000000,1,1,1,1,1,1,1,0,0,0,0,0,0,0,74,5376.549805,836,0,1,0.784794,0.034789,-0.323628,-3.116000,-0.400000,0.076000,1
0.438127,-17.664000,-20.893000,3.614000,31.223000,18.864000,57.028999,172.330002,0.000000,0.000000,0.000000,0.000000,0.000000,0.000000,0.000000,-326.000000,-1781.000000,162.000000,-2132.000000,97.000000,-584.000000,-1.000000,22.000000,22.000000,22.000000,22.000000,22.000000,22.000000,22.000000,37.000000,37.000000,37.000000,38.000000,39.000000,40.000000,43.000000,1,1,1,1,1,1,1,0,0,0,0,0,0,0,74,5376.550781,836,0,1,0.783638,0.032788,-0.323628,-3.116000,-0.400000,0.076000,1
0.448079,-17.326000,-21.082001,3.313000,31.702000,18.906000,56.787998,172.123001,0.000000,0.000000,0.000000,0.000000,0.000000,0.000000,0.000000,-326.000000,-1781.000000,162.000000,-2132.000000,97.000000,-584.000000,-1.000000,22.000000,22.000000,22.000000,22.000000,22.000000,22.000000,22.000000,37.000000,37.000000,37.000000,38.000000,39.000000,40.000000,43.000000,1,1,1,1,1,1,1,0,0,0,0,0,0,0,74,5376.549805,837,0,1,0.783153,0.031948,-0.323628,-3.116000,-0.400000,0.076000,1
0.458169,-16.733999,-21.413000,2.786000,32.541000,18.983999,56.368000,171.755997,0.000000,0.000000,0.000000,0.000000,0.000000,0.000000,0.000000,-326.000000,-1781.000000,162.000000,-2132.000000,97.000000,-584.000000,-1.000000,22.000000,22.000000,22.000000,22.000000,22.000000,22.000000,22.000000,37.000000,37.000000,37.000000,38.000000,39.000000,40.000000,43.000000,1,1,1,1,1,1,1,0,0,0,0,0,0,0,74,5376.550781,837,0,1,0.782284,0.030443,-0.323628,-3.116000,-0.400000,0.076000,1
0.468087,-16.111000,-21.760000,2.229000,33.423000,19.070000,55.926998,171.358994,0.000000,0.000000,0.000000,0.000000,0.000000,0.000000,0.000000,-326.000000,-1781.000000,162.000000,-2132.000000,97.000000,-584.000000,-1.000000,22.000000,22.000000,22.000000,22.000000,22.000000,22.000000,22.000000,37.000000,37.000000,37.000000,38.000000,39.000000,40.000000,43.000000,1,1,1,1,1,1,1,0,0,0,0,0,0,0,74,5376.549805,836,0,1,0.781342,0.028811,-0.323628,-3.116000,-0.400000,0.076000,1
0.478096,-15.332000,-22.195999,1.529000,34.525002,19.184000,55.376999,170.850006,0.000000,0.000000,0.000000,0.000000,0.000000,0.000000,0.000000,-326.000000,-1781.000000,162.000000,-2132.000000,97.000000,-584.000000,-1.000000,22.000000,22.000000,22.000000,22.000000,22.000000,22.000000,22.000000,37.000000,37.000000,37.000000,38.000000,39.000000,40.000000,43.000000,1,1,1,1,1,1,1,0,0,0,0,0,0,0,74,5376.549805,838,0,1,0.780123,0.026699,-0.323628,-3.116000,-0.400000,0.076000,1
0.488071,-14.661000,-22.570999,0.924000,35.470001,19.285000,54.908001,170.401001,0.000000,0.000000,0.000000,0.000000,0.000000,0.000000,0.000000,-326.000000,-1781.000000,162.000000,-2132.000000,97.000000,-584.000000,-1.000000,22.000000,22.000000,22.000000,22.000000,22.000000,22.000000,22.000000,37.000000,37.000000,37.000000,38.000000,39.000000,40.000000,43.000000,1,1,1,1,1,1,1,0,0,0,0,0,0,0,74,5376.550781,836,0,1,0.779038,0.024821,-0.323628,-3.116000,-0.400000,0.076000,1
0.498133,-13.975000,-22.952999,0.306000,36.430000,19.391001,54.431999,169.932007,0.000000,0.000000,0.000000,0.000000,0.000000,0.000000,0.000000,-326.000000,-1781.000000,162.000000,-2132.000000,97.000000,-584.000000,-1.000000,22.000000,22.000000,22.000000,22.000000,22.000000,22.000000,22.000000,37.000000,37.000000,37.000000,38.000000,39.000000,40.000000,43.000000,1,1,1,1,1,1,1,0,0,0,0,0,0,0,74,5376.550781,837,0,1,0.777900,0.022848,-0.323628,-3.116000,-0.400000,0.076000,1
0.508163,-13.280000,-23.339001,-0.320000,37.397999,19.500999,53.953999,169.447998,0.000000,0.000000,0.000000,0.000000,0.000000,0.000000,0.000000,-326.000000,-1781.000000,162.000000,-2132.000000,97.000000,-584.000000,-1.000000,22.000000,22.000000,22.000000,22.000000,22.000000,22.000000,22.000000,37.000000,37.000000,37.000000,38.000000,39.000000,40.000000,43.000000,1,1,1,1,1,1,1,0,0,0,0,0,0,0,74,5376.550781,835,0,1,0.776714,0.020796,-0.323628,-3.116000,-0.400000,0.076000,1
0.518091,-12.440000,-23.804001,-1.078000,38.556999,19.635000,53.382999,168.850998,0.000000,0.000000,0.000000,0.000000,0.000000,0.000000,0.000000,-326.000000,-1781.000000,162.000000,-2132.000000,97.000000,-584.000000,-1.000000,22.000000,22.000000,22.000000,22.000000,22.000000,22.000000,22.000000,37.000000,37.000000,37.000000,38.000000,39.000000,40.000000,43.000000,1,1,1,1,1,1,1,0,0,0,0,0,0,0,74,5376.550781,838,0,1,0.775242,0.018246,-0.323628,-3.116000,-0.400000,0.076000,1
0.528184,-11.740000,-24.188000,-1.709000,39.513000,19.747000,52.914001,168.345001,0.000000,0.000000,0.000000,0.000000,0.000000,0.000000,0.000000,-326.000000,-1781.000000,162.000000,-2132.000000,97.000000,-584.000000,-1.000000,22.000000,22.000000,22.000000,22.000000,22.000000,22.000000,22.000000,37.000000,37.000000,37.000000,38.000000,39.000000,40.000000,43.000000,1,1,1,1,1,1,1,0,0,0,0,0,0,0,74,5376.549805,837,0,1,0.773985,0.016069,-0.323628,-3.116000,-0.399000,0.076000,1
0.538058,-11.046000,-24.569000,-2.335000,40.452000,19.858000,52.455002,167.835007,0.000000,0.000000,0.000000,0.000000,0.000000,0.000000,0.000000,-326.000000,-1781.000000,162.000000,-2132.000000,97.000000,-584.000000,-1.000000,22.000000,22.000000,22.000000,22.000000,22.000000,22.000000,22.000000,37.000000,37.000000,37.000000,38.000000,39.000000,40.000000,43.000000,1,1,1,1,1,1,1,0,0,0,0,0,0,0,74,5376.550781,837,0,1,0.772710,0.013860,-0.323628,-3.116000,-0.399000,0.076000,1
0.548090,-10.360000,-24.941999,-2.953000,41.368999,19.968000,52.007999,167.326004,0.000000,0.000000,0.000000,0.000000,0.000000,0.000000,0.000000,-326.000000,-1781.000000,162.000000,-2132.000000,97.000000,-584.000000,-1.000000,22.000000,22.000000,22.000000,22.000000,22.000000,22.000000,22.000000,37.000000,37.000000,37.000000,38.000000,39.000000,40.000000,43.000000,1,1,1,1,1,1,1,0,0,0,0,0,0,0,74,5376.549805,838,0,1,0.771427,0.011638,-0.323628,-3.116000,-0.399000,0.076000,1
0.558124,-9.955000,-25.160999,-3.318000,41.905998,20.032000,51.747002,167.022003,0.000000,0.000000,0.000000,0.000000,0.000000,0.000000,0.000000,-326.000000,-1781.000000,162.000000,-2132.000000,97.000000,-584.000000,-1.000000,22.000000,22.000000,22.000000,22.000000,22.000000,22.000000,22.000000,37.000000,37.000000,37.000000,38.000000,39.000000,40.000000,43.000000,1,1,1,1,1,1,1,0,0,0,0,0,0,0,74,5376.550781,836,0,1,0.770657,0.010305,-0.323628,-3.116000,-0.399000,0.076000,1
0.568054,-9.292000,-25.518000,-3.914000,42.775002,20.136000,51.325001,166.520004,0.000000,0.000000,0.000000,0.000000,0.000000,0.000000,0.000000,-326.000000,-1781.000000,162.000000,-2132.000000,97.000000,-584.000000,-1.000000,22.000000,22.000000,22.000000,22.000000,22.000000,22.000000,22.000000,37.000000,37.000000,37.000000,38.000000,39.000000,40.000000,43.000000,1,1,1,1,1,1,1,0,0,0,0,0,0,0,74,5376.549805,838,0,1,0.769382,0.008097,-0.323628,-3.116000,-0.399000,0.076000,1
0.578066,-8.522000,-25.930000,-4.606000,43.771000,20.254000,50.844002,165.932007,0.000000,0.000000,0.000000,0.000000,0.000000,0.000000,0.000000,-326.000000,-1781.000000,162.000000,-2132.000000,97.000000,-584.000000,-1.000000,22.000000,22.000000,22.000000,22.000000,22.000000,22.000000,22.000000,37.000000,37.000000,37.000000,38.000000,39.000000,40.000000,43.000000,1,1,1,1,1,1,1,0,0,0,0,0,0,0,74,5376.550781,837,0,1,0.767876,0.005489,-0.323628,-3.116000,-0.399000,0.076000,1
0.588039,-7.905000,-26.257999,-5.158000,44.556000,20.346001,50.465000,165.457001,0.000000,0.000000,0.000000,0.000000,0.000000,0.000000,0.000000,-326.000000,-1781.000000,162.000000,-2132.000000,97.000000,-584.000000,-1.000000,22.000000,22.000000,22.000000,22.000000,22.000000,22.000000,22.000000,37.000000,37.000000,37.000000,38.000000,39.000000,40.000000,43.000000,1,1,1,1,1,1,1,0,0,0,0,0,0,0,74,5376.549805,837,0,1,0.766653,0.003370,-0.323628,-3.116000,-0.399000,0.076000,1
0.598056,-7.315000,-26.569000,-5.686000,45.299000,20.433001,50.109001,165.000000,0.000000,0.000000,0.000000,0.000000,0.000000,0.000000,0.000000,-326.000000,-1781.000000,162.000000,-2132.000000,97.000000,-584.000000,-1.000000,22.000000,22.000000,22.000000,22.000000,22.000000,22.000000,22.000000,37.000000,37.000000,37.000000,38.000000,39.000000,40.000000,43.000000,1,1,1,1,1,1,1,0,0,0,0,0,0,0,74,5376.550781,837,0,1,0.765468,0.001317,-0.323628,-3.116000,-0.399000,0.076000,1
0.608084,-6.645000,-26.921000,-6.284000,46.129002,20.527000,49.710999,164.479004,0.000000,0.000000,0.000000,0.000000,0.000000,0.000000,0.000000,-326.000000,-1781.000000,162.000000,-2132.000000,97.000000,-584.000000,-1.000000,22.000000,22.000000,22.000000,22.000000,22.000000,22.000000,22.000000,37.000000,37.000000,37.000000,38.000000,39.000000,40.000000,43.000000,1,1,1,1,1,1,1,0,0,0,0,0,0,0,74,5376.549805,838,0,1,0.764107,-0.001038,-0.323628,-3.116000,-0.399000,0.076000,1
0.618114,-6.122000,-27.194000,-6.749000,46.768002,20.598000,49.405998,164.070007,0.000000,0.000000,0.000000,0.000000,0.000000,0.000000,0.000000,-326.000000,-1781.000000,162.000000,-2132.000000,97.000000,-584.000000,-1.000000,22.000000,22.000000,22.000000,22.000000,22.000000,22.000000,22.000000,37.000000,37.000000,37.000000,38.000000,39.000000,40.000000,43.000000,1,1,1,1,1,1,1,0,0,0,0,0,0,0,74,5376.550781,836,0,1,0.763035,-0.002896,-0.323628,-3.116000,-0.399000,0.076000,1
0.628238,-5.633000,-27.447001,-7.183000,47.358002,20.662001,49.125000,163.686996,0.000000,0.000000,0.000000,0.000000,0.000000,0.000000,0.000000,-326.000000,-1781.000000,162.000000,-2132.000000,97.000000,-584.000000,-1.000000,22.000000,22.000000,22.000000,22.000000,22.000000,22.000000,22.000000,37.000000,37.000000,37.000000,38.000000,39.000000,40.000000,43.000000,1,1,1,1,1,1,1,0,0,0,0,0,0,0,74,5376.550781,836,0,1,0.762024,-0.004647,-0.323628,-3.116000,-0.399000,0.076000,1
0.638127,-5.179000,-27.681000,-7.585000,47.896999,20.719000,48.868000,163.332001,0.000000,0.000000,0.000000,0.000000,0.000000,0.000000,0.000000,-326.000000,-1781.000000,162.000000,-2132.000000,97.000000,-584.000000,-1.000000,22.000000,22.000000,22.000000,22.000000,22.000000,22.000000,22.000000,37.000000,37.000000,37.000000,38.000000,39.000000,40.000000,43.000000,1,1,1,1,1,1,1,0,0,0,0,0,0,0,74,5376.550781,837,0,1,0.761082,-0.006279,-0.323628,-3.116000,-0.399000,0.076000,1
0.648115,-4.925000,-27.812000,-7.809000,48.196999,20.749001,48.724998,163.132996,0.000000,0.000000,0.000000,0.000000,0.000000,0.000000,0.000000,-326.000000,-1781.000000,162.000000,-2132.000000,97.000000,-584.000000,-1.000000,22.000000,22.000000,22.000000,22.000000,22.000000,22.000000,22.000000,37.000000,37.000000,37.000000,38.000000,39.000000,40.000000,43.000000,1,1,1,1,1,1,1,0,0,0,0,0,0,0,74,5376.549805,836,0,1,0.760551,-0.007199,-0.323628,-3.116000,-0.399000,0.076000,1
0.658146,-4.531000,-28.013000,-8.156000,48.657001,20.794001,48.507000,162.824997,0.000000,0.000000,0.000000,0.000000,0.000000,0.000000,0.000000,-326.000000,-1781.000000,162.000000,-2132.000000,97.000000,-584.000000,-1.000000,22.000000,22.000000,22.000000,22.000000,22.000000,22.000000,22.000000,37.000000,37.000000,37.000000,38.000000,39.000000,40.000000,43.000000,1,1,1,1,1,1,1,0,0,0,0,0,0,0,74,5376.550781,835,0,1,0.759726,-0.008627,-0.323628,-3.116000,-0.400000,0.076000,1
0.668106,-4.175000,-28.194000,-8.468000,49.067001,20.832001,48.313000,162.548004,0.000000,0.000000,0.000000,0.000000,0.000000,0.000000,0.000000,-326.000000,-1781.000000,162.000000,-2132.000000,97.000000,-584.000000,-1.000000,22.000000,22.000000,22.000000,22.000000,22.000000,22.000000,22.000000,37.000000,37.000000,37.000000,38.000000,39.000000,40.000000,43.000000,1,1,1,1,1,1,1,0,0,0,0,0,0,0,74,5376.549805,838,0,1,0.758979,-0.009922,-0.323627,-3.116000,-0.400000,0.076000,1
0.678095,-3.798000,-28.385000,-8.796000,49.497002,20.868000,48.109001,162.255997,0.000000,0.000000,0.000000,0.000000,0.000000,0.000000,0.000000,-326.000000,-1781.000000,162.000000,-2132.000000,97.000000,-584.000000,-1.000000,22.000000,22.000000,22.000000,22.000000,22.000000,22.000000,22.000000,37.000000,37.000000,37.000000,38.000000,39.000000,40.000000,43.000000,1,1,1,1,1,1,1,0,0,0,0,0,0,0,74,5376.550781,835,0,1,0.758186,-0.011295,-0.323627,-3.116000,-0.400000,0.076000,1
0.688197,-3.524000,-28.521999,-9.032000,49.803001,20.891001,47.964001,162.046005,0.000000,0.000000,0.000000,0.000000,0.000000,0.000000,0.000000,-326.000000,-1781.000000,162.000000,-2132.000000,97.000000,-584.000000,-1.000000,22.000000,22.000000,22.000000,22.000000,22.000000,22.000000,22.000000,37.000000,37.000000,37.000000,38.000000,39.000000,40.000000,43.000000,1,1,1,1,1,1,1,0,0,0,0,0,0,0,74,5376.550781,836,0,1,0.757612,-0.012288,-0.323627,-3.116000,-0.400000,0.076000,1
0.698173,-3.288000,-28.639999,-9.235000,50.066002,20.909000,47.839001,161.867004,0.000000,0.000000,0.000000,0.000000,0.000000,0.000000,0.000000,-326.000000,-1781.000000,162.000000,-2132.000000,97.000000,-584.000000,-1.000000,22.000000,22.000000,22.000000,22.000000,22.000000,22.000000,22.000000,37.000000,37.000000,37.000000,38.000000,39.000000,40.000000,43.000000,1,1,1,1,1,1,1,0,0,0,0,0,0,0,74,5376.550781,835,0,1,0.757117,-0.013147,-0.323627,-3.116000,-0.400000,0.076000,1
0.708270,-3.050000,-28.757999,-9.436000,50.326000,20.922001,47.716000,161.688995,0.000000,0.000000,0.000000,0.000000,0.000000,0.000000,0.000000,-326.000000,-1781.000000,162.000000,-2132.000000,97.000000,-584.000000,-1.000000,22.000000,22.000000,22.000000,22.000000,22.000000,22.000000,22.000000,37.000000,37.000000,37.000000,38.000000,39.000000,40.000000,43.000000,1,1,1,1,1,1,1,0,0,0,0,0,0,0,74,5376.550781,837,0,1,0.756621,-0.014006,-0.323628,-3.116000,-0.400000,0.076000,1
0.718100,-2.888000,-28.837000,-9.571000,50.500999,20.927999,47.632000,161.570007,0.000000,0.000000,0.000000,0.000000,0.000000,0.000000,0.000000,-326.000000,-1781.000000,162.000000,-2132.000000,97.000000,-584.000000,-1.000000,22.000000,22.000000,22.000000,22.000000,22.000000,22.000000,22.000000,37.000000,37.000000,37.000000,38.000000,39.000000,40.000000,43.000000,1,1,1,1,1,1,1,0,0,0,0,0,0,0,74,5376.549805,836,0,1,0.756286,-0.014586,-0.323628,-3.116000,-0.400000,0.076000,1
0.728163,-2.756000,-28.900999,-9.679000,50.639999,20.929001,47.566002,161.477005,0.000000,0.000000,0.000000,0.000000,0.000000,0.000000,0.000000,-326.000000,-1781.000000,162.000000,-2132.000000,97.000000,-584.000000,-1.000000,22.000000,22.000000,22.000000,22.000000,22.000000,22.000000,22.000000,37.000000,37.000000,37.000000,38.000000,39.000000,40.000000,43.000000,1,1,1,1,1,1,1,0,0,0,0,0,0,0,74,5376.551758,837,0,1,0.756017,-0.015052,-0.323627,-3.116000,-0.400000,0.076000,1
0.738166,-2.651000,-28.951000,-9.762000,50.748001,20.926001,47.513000,161.406006,0.000000,0.000000,0.000000,0.000000,0.000000,0.000000,0.000000,-326.000000,-1781.000000,162.000000,-2132.000000,97.000000,-584.000000,-1.000000,22.000000,22.000000,22.000000,22.000000,22.000000,22.000000,22.000000,37.000000,37.000000,37.000000,38.000000,39.000000,40.000000,43.000000,1,1,1,1,1,1,1,0,0,0,0,0,0,0,74,5376.549805,836,0,1,0.755807,-0.015415,-0.323627,-3.116000,-0.400000,0.076000,1
0.748115,-2.570000,-28.988001,-9.823000,50.827999,20.920000,47.473999,161.354996,0.000000,0.000000,0.000000,0.000000,0.000000,0.000000,0.000000,-326.000000,-1781.000000,162.000000,-2132.000000,97.000000,-584.000000,-1.000000,22.000000,22.000000,22.000000,22.000000,22.000000,22.000000,22.000000,37.000000,37.000000,37.000000,38.000000,39.000000,40.000000,43.000000,1,1,1,1,1,1,1,0,0,0,0,0,0,0,74,5376.549805,837,0,1,0.755651,-0.015686,-0.323628,-3.116000,-0.400000,0.076000,1
0.758154,-2.531000,-29.004999,-9.851000,50.865002,20.914000,47.455002,161.332993,0.000000,0.000000,0.000000,0.000000,0.000000,0.000000,0.000000,-326.000000,-1781.000000,162.000000,-2132.000000,97.000000,-584.000000,-1.000000,22.000000,22.000000,22.000000,22.000000,22.000000,22.000000,22.000000,37.000000,37.000000,37.000000,38.000000,39.000000,40.000000,43.000000,1,1,1,1,1,1,1,0,0,0,0,0,0,0,74,5376.550781,837,0,1,0.755579,-0.015811,-0.323627,-3.116000,-0.400000,0.076000,1
0.768167,-2.481000,-29.027000,-9.884000,50.910999,20.903000,47.431999,161.307007,0.000000,0.000000,0.000000,0.000000,0.000000,0.000000,0.000000,-326.000000,-1781.000000,162.000000,-2132.000000,97.000000,-584.000000,-1.000000,22.000000,22.000000,22.000000,22.000000,22.000000,22.000000,22.000000,37.000000,37.000000,37.000000,38.000000,39.000000,40.000000,43.000000,1,1,1,1,1,1,1,0,0,0,0,0,0,0,74,5376.547852,836,0,1,0.755490,-0.015965,-0.323628,-3.117000,-0.400000,0.076000,1
0.778115,-2.444000,-29.041000,-9.905000,50.939999,20.889999,47.416000,161.292999,0.000000,0.000000,0.000000,0.000000,0.000000,0.000000,0.000000,-326.000000,-1781.000000,162.000000,-2132.000000,97.000000,-584.000000,-1.000000,22.000000,22.000000,22.000000,22.000000,22.000000,22.000000,22.000000,37.000000,37.000000,37.000000,38.000000,39.000000,40.000000,43.000000,1,1,1,1,1,1,1,0,0,0,0,0,0,0,74,5376.550781,836,0,1,0.755432,-0.016065,-0.323627,-3.117000,-0.400000,0.076000,1
0.788160,-2.418000,-29.049999,-9.917000,50.959000,20.875999,47.404999,161.287994,0.000000,0.000000,0.000000,0.000000,0.000000,0.000000,0.000000,-326.000000,-1781.000000,162.000000,-2132.000000,97.000000,-584.000000,-1.000000,22.000000,22.000000,22.000000,22.000000,22.000000,22.000000,22.000000,37.000000,37.000000,37.000000,38.000000,39.000000,40.000000,43.000000,1,1,1,1,1,1,1,0,0,0,0,0,0,0,74,5376.549805,835,0,1,0.755396,-0.016127,-0.323628,-3.116000,-0.400000,0.076000,1
0.798123,-2.393000,-29.058001,-9.925000,50.973000,20.858000,47.396000,161.285995,0.000000,0.000000,0.000000,0.000000,0.000000,0.000000,0.000000,-326.000000,-1781.000000,162.000000,-2132.000000,97.000000,-584.000000,-1.000000,22.000000,22.000000,22.000000,22.000000,22.000000,22.000000,22.000000,37.000000,37.000000,37.000000,38.000000,39.000000,40.000000,43.000000,1,1,1,1,1,1,1,0,0,0,0,0,0,0,74,5376.550781,836,0,1,0.755368,-0.016176,-0.323627,-3.116000,-0.400000,0.076000,1
0.808100,-2.380000,-29.070999,-9.921000,50.999001,20.841000,47.381001,161.287003,0.000000,0.000000,0.000000,0.000000,0.000000,0.000000,0.000000,-326.000000,-1781.000000,162.000000,-2132.000000,97.000000,-584.000000,-1.000000,22.000000,22.000000,22.000000,22.000000,22.000000,22.000000,22.000000,37.000000,37.000000,37.000000,38.000000,39.000000,40.000000,43.000000,1,1,1,1,1,1,1,0,0,0,0,0,0,0,74,5376.549805,837,0,1,0.755322,-0.016189,-0.323628,-3.117000,-0.400000,0.076000,1
0.818099,-2.366000,-29.089001,-9.918000,51.035999,20.826000,47.360001,161.285004,0.000000,0.000000,0.000000,0.000000,0.000000,0.000000,0.000000,-326.000000,-1781.000000,162.000000,-2132.000000,97.000000,-584.000000,-1.000000,22.000000,22.000000,22.000000,22.000000,22.000000,22.000000,22.000000,37.000000,37.000000,37.000000,38.000000,39.000000,40.000000,43.000000,1,1,1,1,1,1,1,0,0,0,0,0,0,0,74,5376.550781,837,0,1,0.755256,-0.016206,-0.323628,-3.116000,-0.400000,0.076000,1
0.828173,-2.349000,-29.118000,-9.915000,51.096001,20.809999,47.327000,161.276001,0.000000,0.000000,0.000000,0.000000,0.000000,0.000000,0.000000,-326.000000,-1781.000000,162.000000,-2132.000000,97.000000,-584.000000,-1.000000,22.000000,22.000000,22.000000,22.000000,22.000000,22.000000,22.000000,37.000000,37.000000,37.000000,38.000000,39.000000,40.000000,43.000000,1,1,1,1,1,1,1,0,0,0,0,0,0,0,74,5376.549805,836,0,1,0.755150,-0.016235,-0.323628,-3.116000,-0.400000,0.076000,1
0.838095,-2.329000,-29.162001,-9.912000,51.188000,20.796000,47.278000,161.257996,0.000000,0.000000,0.000000,0.000000,0.000000,0.000000,0.000000,-326.000000,-1781.000000,162.000000,-2132.000000,97.000000,-584.000000,-1.000000,22.000000,22.000000,22.000000,22.000000,22.000000,22.000000,22.000000,37.000000,37.000000,37.000000,38.000000,39.000000,40.000000,43.000000,1,1,1,1,1,1,1,0,0,0,0,0,0,0,74,5376.550781,835,0,1,0.754986,-0.016279,-0.323628,-3.116000,-0.400000,0.076000,1
0.848158,-2.300000,-29.240999,-9.908000,51.355999,20.781000,47.189999,161.220993,0.000000,0.000000,0.000000,0.000000,0.000000,0.000000,0.000000,-326.000000,-1781.000000,162.000000,-2132.000000,97.000000,-584.000000,-1.000000,22.000000,22.000000,22.000000,22.000000,22.000000,22.000000,22.000000,37.000000,37.000000,37.000000,38.000000,39.000000,40.000000,43.000000,1,1,1,1,1,1,1,0,0,0,0,0,0,0,74,5376.550781,837,0,1,0.754686,-0.016359,-0.323627,-3.117000,-0.400000,0.076000,1
0.858212,-2.268000,-29.334999,-9.905000,51.554001,20.770000,47.085999,161.173996,0.000000,0.000000,0.000000,0.000000,0.000000,0.000000,0.000000,-326.000000,-1781.000000,162.000000,-2132.000000,97.000000,-584.000000,-1.000000,22.000000,22.000000,22.000000,22.000000,22.000000,22.000000,22.000000,37.000000,37.000000,37.000000,38.000000,39.000000,40.000000,43.000000,1,1,1,1,1,1,1,0,0,0,0,0,0,0,74,5376.550781,837,0,1,0.754330,-0.016454,-0.323628,-3.116000,-0.400000,0.076000,1
0.868138,-2.247000,-29.405001,-9.903000,51.702000,20.764000,47.009998,161.138000,0.000000,0.000000,0.000000,0.000000,0.000000,0.000000,0.000000,-326.000000,-1781.000000,162.000000,-2132.000000,97.000000,-584.000000,-1.000000,22.000000,22.000000,22.000000,22.000000,22.000000,22.000000,22.000000,37.000000,37.000000,37.000000,38.000000,39.000000,40.000000,43.000000,1,1,1,1,1,1,1,0,0,0,0,0,0,0,74,5376.550781,837,0,1,0.754064,-0.016526,-0.323628,-3.116000,-0.400000,0.076000,1
0.878351,-2.204000,-29.546000,-9.900000,52.001999,20.756001,46.855000,161.061996,0.000000,0.000000,0.000000,0.000000,0.000000,0.000000,0.000000,-326.000000,-1781.000000,162.000000,-2132.000000,97.000000,-584.000000,-1.000000,22.000000,22.000000,22.000000,22.000000,22.000000,22.000000,22.000000,37.000000,37.000000,37.000000,38.000000,39.000000,40.000000,43.000000,1,1,1,1,1,1,1,0,0,0,0,0,0,0,74,5376.549805,836,0,1,0.753522,-0.016671,-0.323627,-3.116000,-0.400000,0.076000,1
0.888106,-2.154000,-29.719999,-9.898000,52.373001,20.750000,46.662998,160.966995,0.000000,0.000000,0.000000,0.000000,0.000000,0.000000,0.000000,-326.000000,-1781.000000,162.000000,-2132.000000,97.000000,-584.000000,-1.000000,22.000000,22.000000,22.000000,22.000000,22.000000,22.000000,22.000000,37.000000,37.000000,37.000000,38.000000,39.000000,40.000000,43.000000,1,1,1,1,1,1,1,0,0,0,0,0,0,0,74,5376.549805,836,0,1,0.752848,-0.016852,-0.323628,-3.116000,-0.400000,0.076000,1
0.898126,-2.080000,-29.976000,-9.897000,52.917999,20.745001,46.382999,160.824005,0.000000,0.000000,0.000000,0.000000,0.000000,0.000000,0.000000,-326.000000,-1781.000000,162.000000,-2132.000000,97.000000,-584.000000,-1.000000,22.000000,22.000000,22.000000,22.000000,22.000000,22.000000,22.000000,37.000000,37.000000,37.000000,38.000000,39.000000,40.000000,43.000000,1,1,1,1,1,1,1,0,0,0,0,0,0,0,74,5376.549805,836,0,1,0.751851,-0.017119,-0.323627,-3.116000,-0.400000,0.076000,1
0.908084,-2.009000,-30.230000,-9.899000,53.457001,20.743999,46.105999,160.681000,0.000000,0.000000,0.000000,0.000000,0.000000,0.000000,0.000000,-326.000000,-1781.000000,162.000000,-2132.000000,97.000000,-584.000000,-1.000000,22.000000,22.000000,22.000000,22.000000,22.000000,22.000000,22.000000,37.000000,37.000000,37.000000,38.000000,39.000000,40.000000,43.000000,1,1,1,1,1,1,1,0,0,0,0,0,0,0,74,5376.550781,837,0,1,0.750853,-0.017386,-0.323628,-3.117000,-0.400000,0.076000,1
0.918118,-1.908000,-30.583000,-9.903000,54.208000,20.746000,45.721001,160.479996,0.000000,0.000000,0.000000,0.000000,0.000000,0.000000,0.000000,-326.000000,-1781.000000,162.000000,-2132.000000,97.000000,-584.000000,-1.000000,22.000000,22.000000,22.000000,22.000000,22.000000,22.000000,22.000000,37.000000,37.000000,37.000000,38.000000,39.000000,40.000000,43.000000,1,1,1,1,1,1,1,0,0,0,0,0,0,0,74,5376.550781,836,0,1,0.749449,-0.017762,-0.323627,-3.116000,-0.400000,0.076000,1
0.928169,-1.812000,-30.917000,-9.909000,54.917999,20.750000,45.355999,160.287994,0.000000,0.000000,0.000000,0.000000,0.000000,0.000000,0.000000,-326.000000,-1781.000000,162.000000,-2132.000000,97.000000,-584.000000,-1.000000,22.000000,22.000000,22.000000,22.000000,22.000000,22.000000,22.000000,37.000000,37.000000,37.000000,38.000000,39.000000,40.000000,43.000000,1,1,1,1,1,1,1,0,0,0,0,0,0,0,74,5376.550781,836,0,1,0.748103,-0.018123,-0.323627,-3.116000,-0.400000,0.076000,1
0.938110,-1.703000,-31.285999,-9.919000,55.702000,20.757000,44.955002,160.072998,0.000000,0.000000,0.000000,0.000000,0.000000,0.000000,0.000000,-326.000000,-1781.000000,162.000000,-2132.000000,97.000000,-584.000000,-1.000000,22.000000,22.000000,22.000000,22.000000,22.000000,22.000000,22.000000,37.000000,37.000000,37.000000,38.000000,39.000000,40.000000,43.000000,1,1,1,1,1,1,1,0,0,0,0,0,0,0,74,5376.549805,838,0,1,0.746598,-0.018526,-0.323627,-3.116000,-0.400000,0.076000,1
0.948035,-1.632000,-31.524000,-9.927000,56.205002,20.761999,44.695999,159.934998,0.000000,0.000000,0.000000,0.000000,0.000000,0.000000,0.000000,-326.000000,-1781.000000,162.000000,-2132.000000,97.000000,-584.000000,-1.000000,22.000000,22.000000,22.000000,22.000000,22.000000,22.000000,22.000000,37.000000,37.000000,37.000000,38.000000,39.000000,40.000000,43.000000,1,1,1,1,1,1,1,0,0,0,0,0,0,0,74,5376.549805,835,0,1,0.745621,-0.018788,-0.323627,-3.116000,-0.400000,0.076000,1
0.958305,-1.450000,-32.120998,-9.953000,57.471001,20.775999,44.048000,159.584000,0.000000,0.000000,0.000000,0.000000,0.000000,0.000000,0.000000,-326.000000,-1781.000000,162.000000,-2132.000000,97.000000,-584.000000,-1.000000,22.000000,22.000000,22.000000,22.000000,22.000000,22.000000,22.000000,37.000000,37.000000,37.000000,38.000000,39.000000,40.000000,43.000000,1,1,1,1,1,1,1,0,0,0,0,0,0,0,74,5376.550781,838,0,1,0.743127,-0.019456,-0.323627,-3.116000,-0.400000,0.076000,1
0.968155,-1.305000,-32.582001,-9.976000,58.444000,20.788000,43.549000,159.311996,0.000000,0.000000,0.000000,0.000000,0.000000,0.000000,0.000000,-326.000000,-1781.000000,162.000000,-2132.000000,97.000000,-584.000000,-1.000000,22.000000,22.000000,22.000000,22.000000,22.000000,22.000000,22.000000,37.000000,37.000000,37.000000,38.000000,39.000000,40.000000,43.000000,1,1,1,1,1,1,1,0,0,0,0,0,0,0,74,5376.549805,836,0,1,0.741174,-0.019980,-0.323628,-3.116000,-0.400000,0.076000,1
0.978060,-1.212000,-32.869999,-9.993000,59.051998,20.795000,43.237000,159.139999,0.000000,0.000000,0.000000,0.000000,0.000000,0.000000,0.000000,-326.000000,-1781.000000,162.000000,-2132.000000,97.000000,-584.000000,-1.000000,22.000000,22.000000,22.000000,22.000000,22.000000,22.000000,22.000000,37.000000,37.000000,37.000000,38.000000,39.000000,40.000000,43.000000,1,1,1,1,1,1,1,0,0,0,0,0,0,0,74,5376.550781,838,0,1,0.739938,-0.020311,-0.323627,-3.116000,-0.400000,0.076000,1
0.988082,-1.049000,-33.367001,-10.026000,60.099998,20.809000,42.699001,158.843002,0.000000,0.000000,0.000000,0.000000,0.000000,0.000000,0.000000,-326.000000,-1781.000000,162.000000,-2132.000000,97.000000,-584.000000,-1.000000,22.000000,22.000000,22.000000,22.000000,22.000000,22.000000,22.000000,37.000000,37.000000,37.000000,38.000000,39.000000,40.000000,43.000000,1,1,1,1,1,1,1,0,0,0,0,0,0,0,74,5376.549805,837,0,1,0.737778,-0.020890,-0.323628,-3.116000,-0.400000,0.076000,1
0.998070,-0.874000,-33.882000,-10.064000,61.185001,20.823999,42.143002,158.533997,0.000000,0.000000,0.000000,0.000000,0.000000,0.000000,0.000000,-326.000000,-1781.000000,162.000000,-2132.000000,97.000000,-584.000000,-1.000000,22.000000,22.000000,22.000000,22.000000,22.000000,22.000000,22.000000,37.000000,37.000000,37.000000,38.000000,39.000000,40.000000,43.000000,1,1,1,1,1,1,1,0,0,0,0,0,0,0,74,5376.550781,836,0,1,0.735506,-0.021498,-0.323627,-3.116000,-0.400000,0.076000,1
1.008104,-0.652000,-34.518002,-10.118000,62.521000,20.841999,41.458000,158.149994,0.000000,0.000000,0.000000,0.000000,0.000000,0.000000,0.000000,-326.000000,-1781.000000,162.000000,-2132.000000,97.000000,-584.000000,-1.000000,22.000000,22.000000,22.000000,22.000000,22.000000,22.000000,22.000000,37.000000,37.000000,37.000000,38.000000,39.000000,40.000000,43.000000,1,1,1,1,1,1,1,0,0,0,0,0,0,0,74,5376.549805,836,0,1,0.732654,-0.022263,-0.323628,-3.116000,-0.400000,0.076000,1
1.018079,-0.457000,-35.058998,-10.168000,63.653999,20.857000,40.876999,157.822006,0.000000,0.000000,0.000000,0.000000,0.000000,0.000000,0.000000,-326.000000,-1781.000000,162.000000,-2132.000000,97.000000,-584.000000,-1.000000,22.000000,22.000000,22.000000,22.000000,22.000000,22.000000,22.000000,37.000000,37.000000,37.000000,38.000000,39.000000,40.000000,43.000000,1,1,1,1,1,1,1,0,0,0,0,0,0,0,74,5376.550781,836,0,1,0.730191,-0.022923,-0.323628,-3.116000,-0.400000,0.076000,1
1.028140,-0.255000,-35.605000,-10.224000,64.793999,20.872000,40.291000,157.488998,0.000000,0.000000,0.000000,0.000000,0.000000,0.000000,0.000000,-326.000000,-1781.000000,162.000000,-2132.000000,97.000000,-584.000000,-1.000000,22.000000,22.000000,22.000000,22.000000,22.000000,22.000000,22.000000,37.000000,37.000000,37.000000,38.000000,39.000000,40.000000,43.000000,1,1,1,1,1,1,1,0,0,0,0,0,0,0,74,5376.550781,836,0,1,0.727669,-0.023598,-0.323627,-3.117000,-0.400000,0.076000,1
1.038104,-0.047000,-36.151001,-10.284000,65.933998,20.886000,39.706001,157.154007,0.000000,0.000000,0.000000,0.000000,0.000000,0.000000,0.000000,-326.000000,-1781.000000,162.000000,-2132.000000,97.000000,-584.000000,-1.000000,22.000000,22.000000,22.000000,22.000000,22.000000,22.000000,22.000000,37.000000,37.000000,37.000000,38.000000,39.000000,40.000000,43.000000,1,1,1,1,1,1,1,0,0,0,0,0,0,0,74,5376.550781,838,0,1,0.725107,-0.024285,-0.323628,-3.116000,-0.400000,0.076000,1
1.048069,0.079000,-36.478001,-10.323000,66.612999,20.893999,39.356998,156.953995,0.000000,0.000000,0.000000,0.000000,0.000000,0.000000,0.000000,-326.000000,-1781.000000,162.000000,-2132.000000,97.000000,-584.000000,-1.000000,22.000000,22.000000,22.000000,22.000000,22.000000,22.000000,22.000000,37.000000,37.000000,37.000000,38.000000,39.000000,40.000000,43.000000,1,1,1,1,1,1,1,0,0,0,0,0,0,0,74,5376.549805,835,0,1,0.723560,-0.024699,-0.323627,-3.116000,-0.400000,0.076000,1
1.058124,0.428000,-37.340000,-10.437000,68.401001,20.913000,38.438999,156.419006,0.000000,0.000000,0.000000,0.000000,0.000000,0.000000,0.000000,-326.000000,-1781.000000,162.000000,-2132.000000,97.000000,-584.000000,-1.000000,22.000000,22.000000,22.000000,22.000000,22.000000,22.000000,22.000000,37.000000,37.000000,37.000000,38.000000,39.000000,40.000000,43.000000,1,1,1,1,1,1,1,0,0,0,0,0,0,0,74,5376.549805,836,0,1,0.719414,-0.025833,-0.323628,-3.116000,-0.400000,0.076000,0
1.068162,0.665000,-37.882000,-10.525000,69.522003,20.923000,37.862999,156.074997,0.000000,0.000000,0.000000,0.000000,0.000000,0.000000,0.000000,-326.000000,-1781.000000,162.000000,-2132.000000,97.000000,-584.000000,-1.000000,22.000000,22.000000,22.000000,22.000000,22.000000,22.000000,22.000000,37.000000,37.000000,37.000000,38.000000,39.000000,40.000000,43.000000,1,1,1,1,1,1,1,0,0,0,0,0,0,0,74,5376.549805,837,0,1,0.716759,-0.026600,-0.323628,-3.116000,-0.400000,0.076000,0
1.078097,0.921000,-38.438999,-10.628000,70.668999,20.931999,37.275002,155.714005,0.000000,0.000000,0.000000,0.000000,0.000000,0.000000,0.000000,-326.000000,-1781.000000,162.000000,-2132.000000,97.000000,-584.000000,-1.000000,22.000000,22.000000,22.000000,22.000000,22.000000,22.000000,22.000000,37.000000,37.000000,37.000000,38.000000,39.000000,40.000000,43.000000,1,1,1,1,1,1,1,0,0,0,0,0,0,0,74,5376.549805,837,0,1,0.713998,-0.027435,-0.323628,-3.117000,-0.400000,0.076000,0
1.088149,1.201000,-39.015999,-10.748000,71.849998,20.940001,36.668999,155.334000,0.000000,0.000000,0.000000,0.000000,0.000000,0.000000,0.000000,-326.000000,-1781.000000,162.000000,-2132.000000,97.000000,-584.000000,-1.000000,22.000000,22.000000,22.000000,22.000000,22.000000,22.000000,22.000000,37.000000,37.000000,37.000000,38.000000,39.000000,40.000000,43.000000,1,1,1,1,1,1,1,0,0,0,0,0,0,0,74,5376.550781,837,0,1,0.711104,-0.028348,-0.323628,-3.116000,-0.400000,0.076000,0
1.098100,1.382000,-39.370998,-10.830000,72.574997,20.944000,36.297001,155.095993,0.000000,0.000000,0.000000,0.000000,0.000000,0.000000,0.000000,-326.000000,-1781.000000,162.000000,-2132.000000,97.000000,-584.000000,-1.000000,22.000000,22.000000,22.000000,22.000000,22.000000,22.000000,22.000000,37.000000,37.000000,37.000000,38.000000,39.000000,40.000000,43.000000,1,1,1,1,1,1,1,0,0,0,0,0,0,0,74,5376.549805,836,0,1,0.709302,-0.028939,-0.323627,-3.116000,-0.400000,0.076000,0
1.108040,1.703000,-39.977001,-10.983000,73.807999,20.948000,35.666000,154.684006,0.000000,0.000000,0.000000,0.000000,0.000000,0.000000,0.000000,-326.000000,-1781.000000,162.000000,-2132.000000,97.000000,-584.000000,-1.000000,22.000000,22.000000,22.000000,22.000000,22.000000,22.000000,22.000000,37.000000,37.000000,37.000000,38.000000,39.000000,40.000000,43.000000,1,1,1,1,1,1,1,0,0,0,0,0,0,0,74,5376.549805,837,0,1,0.706196,-0.029993,-0.323628,-3.117000,-0.400000,0.076000,0
1.118077,2.120000,-40.719002,-11.192000,75.306000,20.947001,34.898998,154.167999,0.000000,0.000000,0.000000,0.000000,0.000000,0.000000,0.000000,-326.000000,-1781.000000,162.000000,-2132.000000,97.000000,-584.000000,-1.000000,22.000000,22.000000,22.000000,22.000000,22.000000,22.000000,22.000000,37.000000,37.000000,37.000000,38.000000,39.000000,40.000000,43.000000,1,1,1,1,1,1,1,0,0,0,0,0,0,0,74,5376.549805,837,0,1,0.702344,-0.031369,-0.323627,-3.116000,-0.400000,0.076000,0
1.128150,2.487000,-41.338001,-11.387000,76.547997,20.943001,34.264999,153.727997,0.000000,0.000000,0.000000,0.000000,0.000000,0.000000,0.000000,-326.000000,-1781.000000,162.000000,-2132.000000,97.000000,-584.000000,-1.000000,22.000000,22.000000,22.000000,22.000000,22.000000,22.000000,22.000000,37.000000,37.000000,37.000000,38.000000,39.000000,40.000000,43.000000,1,1,1,1,1,1,1,0,0,0,0,0,0,0,74,5376.547852,836,0,1,0.699087,-0.032592,-0.323628,-3.117000,-0.400000,0.076000,0
1.138079,2.868000,-41.949001,-11.597000,77.764000,20.933001,33.644001,153.283997,0.000000,0.000000,0.000000,0.000000,0.000000,0.000000,0.000000,-326.000000,-1781.000000,162.000000,-2132.000000,97.000000,-584.000000,-1.000000,22.000000,22.000000,22.000000,22.000000,22.000000,22.000000,22.000000,37.000000,37.000000,37.000000,38.000000,39.000000,40.000000,43.000000,1,1,1,1,1,1,1,0,0,0,0,0,0,0,74,5376.549805,838,0,1,0.695839,-0.033867,-0.323628,-3.116000,-0.400000,0.076000,0
1.148059,3.261000,-42.549999,-11.821000,78.952003,20.917999,33.039001,152.839996,0.000000,0.000000,0.000000,0.000000,0.000000,0.000000,0.000000,-326.000000,-1781.000000,162.000000,-2132.000000,97.000000,-584.000000,-1.000000,22.000000,22.000000,22.000000,22.000000,22.000000,22.000000,22.000000,37.000000,37.000000,37.000000,38.000000,39.000000,40.000000,43.000000,1,1,1,1,1,1,1,0,0,0,0,0,0,0,74,5376.550781,837,0,1,0.692610,-0.035189,-0.323627,-3.116000,-0.400000,0.076000,0
1.158078,3.747000,-43.259998,-12.110000,80.341003,20.893999,32.333000,152.304001,0.000000,0.000000,0.000000,0.000000,0.000000,0.000000,0.000000,-326.000000,-1781.000000,162.000000,-2132.000000,97.000000,-584.000000,-1.000000,22.000000,22.000000,22.000000,22.000000,22.000000,22.000000,22.000000,37.000000,37.000000,37.000000,38.000000,39.000000,40.000000,43.000000,1,1,1,1,1,1,1,0,0,0,0,0,0,0,74,5376.549805,838,0,1,0.688761,-0.036839,-0.323628,-3.116000,-0.400000,0.076000,0
1.168150,4.163000,-43.841999,-12.365000,81.468002,20.868000,31.761000,151.856003,0.000000,0.000000,0.000000,0.000000,0.000000,0.000000,0.000000,-326.000000,-1781.000000,162.000000,-2132.000000,97.000000,-584.000000,-1.000000,22.000000,22.000000,22.000000,22.000000,22.000000,22.000000,22.000000,37.000000,37.000000,37.000000,38.000000,39.000000,40.000000,43.000000,1,1,1,1,1,1,1,0,0,0,0,0,0,0,74,5376.549805,837,0,1,0.685577,-0.038266,-0.323627,-3.116000,-0.400000,0.076000,0
1.178102,4.590000,-44.416000,-12.635000,82.568001,20.836000,31.204000,151.406006,0.000000,0.000000,0.000000,0.000000,0.000000,0.000000,0.000000,-326.000000,-1781.000000,162.000000,-2132.000000,97.000000,-584.000000,-1.000000,22.000000,22.000000,22.000000,22.000000,22.000000,22.000000,22.000000,37.000000,37.000000,37.000000,38.000000,39.000000,40.000000,43.000000,1,1,1,1,1,1,1,0,0,0,0,0,0,0,74,5376.549805,836,0,1,0.682414,-0.039740,-0.323628,-3.116000,-0.400000,0.076000,0
1.188078,5.026000,-44.983002,-12.918000,83.641998,20.798000,30.663000,150.955002,0.000000,0.000000,0.000000,0.000000,0.000000,0.000000,0.000000,-326.000000,-1781.000000,162.000000,-2132.000000,97.000000,-584.000000,-1.000000,22.000000,22.000000,22.000000,22.000000,22.000000,22.000000,22.000000,37.000000,37.000000,37.000000,38.000000,39.000000,40.000000,43.000000,1,1,1,1,1,1,1,0,0,0,0,0,0,0,74,5376.550781,836,0,1,0.679274,-0.041261,-0.323627,-3.116000,-0.400000,0.076000,0
1.198095,5.293000,-45.320000,-13.095000,84.274002,20.773001,30.344999,150.684006,0.000000,0.000000,0.000000,0.000000,0.000000,0.000000,0.000000,-326.000000,-1781.000000,162.000000,-2132.000000,97.000000,-584.000000,-1.000000,22.000000,22.000000,22.000000,22.000000,22.000000,22.000000,22.000000,37.000000,37.000000,37.000000,38.000000,39.000000,40.000000,43.000000,1,1,1,1,1,1,1,0,0,0,0,0,0,0,74,5376.549805,836,0,1,0.677400,-0.042196,-0.323627,-3.116000,-0.400000,0.076000,0
1.208212,5.744000,-45.875999,-13.400000,85.306000,20.725000,29.827000,150.229996,0.000000,0.000000,0.000000,0.000000,0.000000,0.000000,0.000000,-326.000000,-1781.000000,162.000000,-2132.000000,97.000000,-584.000000,-1.000000,22.000000,22.000000,22.000000,22.000000,22.000000,22.000000,22.000000,37.000000,37.000000,37.000000,38.000000,39.000000,40.000000,43.000000,1,1,1,1,1,1,1,0,0,0,0,0,0,0,74,5376.549805,836,0,1,0.674297,-0.043791,-0.323628,-3.116000,-0.400000,0.076000,0
1.218094,6.204000,-46.424999,-13.718000,86.311996,20.671000,29.323999,149.774002,0.000000,0.000000,0.000000,0.000000,0.000000,0.000000,0.000000,-326.000000,-1781.000000,162.000000,-2132.000000,97.000000,-584.000000,-1.000000,22.000000,22.000000,22.000000,22.000000,22.000000,22.000000,22.000000,37.000000,37.000000,37.000000,38.000000,39.000000,40.000000,43.000000,1,1,1,1,1,1,1,0,0,0,0,0,0,0,74,5376.549805,836,0,1,0.671217,-0.045432,-0.323628,-3.116000,-0.400000,0.076000,0
1.228455,6.766000,-47.076000,-14.117000,87.486000,20.597000,28.740000,149.225998,0.000000,0.000000,0.000000,0.000000,0.000000,0.000000,0.000000,-326.000000,-1781.000000,162.000000,-2132.000000,97.000000,-584.000000,-1.000000,22.000000,22.000000,22.000000,22.000000,22.000000,22.000000,22.000000,37.000000,37.000000,37.000000,38.000000,39.000000,40.000000,43.000000,1,1,1,1,1,1,1,0,0,0,0,0,0,0,74,5376.549805,835,0,1,0.667554,-0.047461,-0.323628,-3.116000,-0.400000,0.076000,0
1.238072,7.246000,-47.617001,-14.465000,88.444000,20.528000,28.266001,148.764999,0.000000,0.000000,0.000000,0.000000,0.000000,0.000000,0.000000,-326.000000,-1781.000000,162.000000,-2132.000000,97.000000,-584.000000,-1.000000,22.000000,22.000000,22.000000,22.000000,22.000000,22.000000,22.000000,37.000000,37.000000,37.000000,38.000000,39.000000,40.000000,43.000000,1,1,1,1,1,1,1,0,0,0,0,0,0,0,74,5376.549805,837,0,1,0.664506,-0.049209,-0.323627,-3.116000,-0.400000,0.076000,1
1.248269,7.723000,-48.152000,-14.815000,89.378998,20.454000,27.805000,148.307999,0.000000,0.000000,0.000000,0.000000,0.000000,0.000000,0.000000,-326.000000,-1781.000000,162.000000,-2132.000000,97.000000,-584.000000,-1.000000,22.000000,22.000000,22.000000,22.000000,22.000000,22.000000,22.000000,37.000000,37.000000,37.000000,38.000000,39.000000,40.000000,43.000000,1,1,1,1,1,1,1,0,0,0,0,0,0,0,74,5376.549805,836,0,1,0.661484,-0.050954,-0.323627,-3.116000,-0.400000,0.076000,1
1.258688,8.259000,-48.755001,-15.214000,90.418999,20.365000,27.295000,147.796005,0.000000,0.000000,0.000000,0.000000,0.000000,0.000000,0.000000,-326.000000,-1781.000000,162.000000,-2132.000000,97.000000,-584.000000,-1.000000,22.000000,22.000000,22.000000,22.000000,22.000000,22.000000,22.000000,37.000000,37.000000,37.000000,38.000000,39.000000,40.000000,43.000000,1,1,1,1,1,1,1,0,0,0,0,0,0,0,74,5376.550781,837,0,1,0.658075,-0.052923,-0.323628,-3.116000,-0.400000,0.076000,1
1.268160,8.663000,-49.212002,-15.518000,91.195999,20.295000,26.915001,147.408005,0.000000,0.000000,0.000000,0.000000,0.000000,0.000000,0.000000,-326.000000,-1781.000000,162.000000,-2132.000000,97.000000,-584.000000,-1.000000,22.000000,22.000000,22.000000,22.000000,22.000000,22.000000,22.000000,37.000000,37.000000,37.000000,38.000000,39.000000,40.000000,43.000000,1,1,1,1,1,1,1,0,0,0,0,0,0,0,74,5376.549805,836,0,1,0.655491,-0.054415,-0.323628,-3.116000,-0.400000,0.076000,1
1.278223,8.663000,-49.212002,-15.518000,91.195999,20.295000,26.915001,147.408005,0.000000,0.000000,0.000000,0.000000,0.000000,0.000000,0.000000,-326.000000,-1781.000000,162.000000,-2132.000000,97.000000,-584.000000,-1.000000,22.000000,22.000000,22.000000,22.000000,22.000000,22.000000,22.000000,37.000000,37.000000,37.000000,38.000000,39.000000,40.000000,43.000000,1,1,1,1,1,1,1,0,0,0,0,0,0,0,74,5376.550781,836,0,1,0.655491,-0.054415,-0.323628,-3.116000,-0.400000,0.076000,1
1.288171,8.887000,-49.465000,-15.689000,91.623001,20.254000,26.707001,147.192993,0.000000,0.000000,0.000000,0.000000,0.000000,0.000000,0.000000,-326.000000,-1781.000000,162.000000,-2132.000000,97.000000,-584.000000,-1.000000,22.000000,22.000000,22.000000,22.000000,22.000000,22.000000,22.000000,37.000000,37.000000,37.000000,38.000000,39.000000,40.000000,43.000000,1,1,1,1,1,1,1,0,0,0,0,0,0,0,74,5376.549805,836,0,1,0.654057,-0.055243,-0.323628,-3.116000,-0.400000,0.076000,1
1.298228,9.300000,-49.935001,-16.006001,92.407997,20.177999,26.326000,146.794998,0.000000,0.000000,0.000000,0.000000,0.000000,0.000000,0.000000,-326.000000,-1781.000000,162.000000,-2132.000000,97.000000,-584.000000,-1.000000,22.000000,22.000000,22.000000,22.000000,22.000000,22.000000,22.000000,37.000000,37.000000,37.000000,38.000000,39.000000,40.000000,43.000000,1,1,1,1,1,1,1,0,0,0,0,0,0,0,74,5376.549805,835,0,1,0.651398,-0.056778,-0.323628,-3.116000,-0.400000,0.076000,1
1.308174,9.623000,-50.305000,-16.257000,93.019997,20.115000,26.028999,146.481995,0.000000,0.000000,0.000000,0.000000,0.000000,0.000000,0.000000,-326.000000,-1781.000000,162.000000,-2132.000000,97.000000,-584.000000,-1.000000,22.000000,22.000000,22.000000,22.000000,22.000000,22.000000,22.000000,37.000000,37.000000,37.000000,38.000000,39.000000,40.000000,43.000000,1,1,1,1,1,1,1,0,0,0,0,0,0,0,74,5376.549805,837,0,1,0.649300,-0.057984,-0.323628,-3.116000,-0.400000,0.076000,0
1.318181,9.916000,-50.680000,-16.478001,93.649002,20.058001,25.722000,146.186005,0.000000,0.000000,0.000000,0.000000,0.000000,0.000000,0.000000,-326.000000,-1781.000000,162.000000,-2132.000000,97.000000,-584.000000,-1.000000,22.000000,22.000000,22.000000,22.000000,22.000000,22.000000,22.000000,37.000000,37.000000,37.000000,38.000000,39.000000,40.000000,43.000000,1,1,1,1,1,1,1,0,0,0,0,0,0,0,74,5376.550781,836,0,1,0.647168,-0.059045,-0.323627,-3.117000,-0.400000,0.076000,0
1.328316,9.970000,-50.757000,-16.517000,93.779999,20.047001,25.658001,146.128998,0.000000,0.000000,0.000000,0.000000,0.000000,0.000000,0.000000,-326.000000,-1781.000000,162.000000,-2132.000000,97.000000,-584.000000,-1.000000,22.000000,22.000000,22.000000,22.000000,22.000000,22.000000,22.000000,37.000000,37.000000,37.000000,38.000000,39.000000,40.000000,43.000000,1,1,1,1,1,1,1,0,0,0,0,0,0,0,74,5376.550781,836,0,1,0.646730,-0.059234,-0.323627,-3.116000,-0.400000,0.076000,0
1.338081,10.261000,-51.224998,-16.719999,94.591003,19.990000,25.254999,145.804001,0.000000,0.000000,0.000000,0.000000,0.000000,0.000000,0.000000,-326.000000,-1781.000000,162.000000,-2132.000000,97.000000,-584.000000,-1.000000,22.000000,22.000000,22.000000,22.000000,22.000000,22.000000,22.000000,37.000000,37.000000,37.000000,38.000000,39.000000,40.000000,43.000000,1,1,1,1,1,1,1,0,0,0,0,0,0,0,74,5376.550781,837,0,1,0.644042,-0.060203,-0.323628,-3.117000,-0.400000,0.076000,0
1.348090,10.459000,-51.624001,-16.841999,95.300003,19.952000,24.896999,145.556000,0.000000,0.000000,0.000000,0.000000,0.000000,0.000000,0.000000,-326.000000,-1781.000000,162.000000,-2132.000000,97.000000,-584.000000,-1.000000,22.000000,22.000000,22.000000,22.000000,22.000000,22.000000,22.000000,37.000000,37.000000,37.000000,38.000000,39.000000,40.000000,43.000000,1,1,1,1,1,1,1,0,0,0,0,0,0,0,74,5376.549805,837,0,1,0.641733,-0.060789,-0.323628,-3.116000,-0.400000,0.076000,0
1.358081,10.616000,-52.027000,-16.923000,96.032997,19.923000,24.523001,145.332001,0.000000,0.000000,0.000000,0.000000,0.000000,0.000000,0.000000,-326.000000,-1781.000000,162.000000,-2132.000000,97.000000,-584.000000,-1.000000,22.000000,22.000000,22.000000,22.000000,22.000000,22.000000,22.000000,37.000000,37.000000,37.000000,38.000000,39.000000,40.000000,43.000000,1,1,1,1,1,1,1,0,0,0,0,0,0,0,74,5376.549805,837,0,1,0.639382,-0.061168,-0.323628,-3.116000,-0.400000,0.076000,0
1.368101,10.749000,-52.511002,-16.962999,96.936996,19.903000,24.056000,145.095993,0.000000,0.000000,0.000000,0.000000,0.000000,0.000000,0.000000,-326.000000,-1781.000000,162.000000,-2132.000000,97.000000,-584.000000,-1.000000,22.000000,22.000000,22.000000,22.000000,22.000000,22.000000,22.000000,37.000000,37.000000,37.000000,38.000000,39.000000,40.000000,43.000000,1,1,1,1,1,1,1,0,0,0,0,0,0,0,74,5376.550781,836,0,1,0.636530,-0.061345,-0.323627,-3.116000,-0.400000,0.076000,0
1.378095,10.813000,-52.910000,-16.950001,97.704002,19.898001,23.655001,144.929993,0.000000,0.000000,0.000000,0.000000,0.000000,0.000000,0.000000,-326.000000,-1781.000000,162.000000,-2132.000000,97.000000,-584.000000,-1.000000,22.000000,22.000000,22.000000,22.000000,22.000000,22.000000,22.000000,37.000000,37.000000,37.000000,38.000000,39.000000,40.000000,43.000000,1,1,1,1,1,1,1,0,0,0,0,0,0,0,74,5376.550781,838,0,1,0.634149,-0.061261,-0.323627,-3.116000,-0.400000,0.076000,0
1.388049,10.821000,-52.988998,-16.941999,97.859001,19.899000,23.573999,144.899994,0.000000,0.000000,0.000000,0.000000,0.000000,0.000000,0.000000,-326.000000,-1781.000000,162.000000,-2132.000000,97.000000,-584.000000,-1.000000,22.000000,22.000000,22.000000,22.000000,22.000000,22.000000,22.000000,37.000000,37.000000,37.000000,38.000000,39.000000,40.000000,43.000000,1,1,1,1,1,1,1,0,0,0,0,0,0,0,74,5376.550781,835,0,1,0.633675,-0.061218,-0.323628,-3.116000,-0.400000,0.076000,0
1.398124,10.831000,-53.456001,-16.858000,98.787003,19.912001,23.080999,144.744003,0.000000,0.000000,0.000000,0.000000,0.000000,0.000000,0.000000,-326.000000,-1781.000000,162.000000,-2132.000000,97.000000,-584.000000,-1.000000,22.000000,22.000000,22.000000,22.000000,22.000000,22.000000,22.000000,37.000000,37.000000,37.000000,38.000000,39.000000,40.000000,43.000000,1,1,1,1,1,1,1,0,0,0,0,0,0,0,74,5376.549805,837,0,1,0.630850,-0.060789,-0.323627,-3.116000,-0.400000,0.076000,0
1.408074,10.794000,-53.833000,-16.740999,99.558998,19.938000,22.667000,144.647003,0.000000,0.000000,0.000000,0.000000,0.000000,0.000000,0.000000,-326.000000,-1781.000000,162.000000,-2132.000000,97.000000,-584.000000,-1.000000,22.000000,22.000000,22.000000,22.000000,22.000000,22.000000,22.000000,37.000000,37.000000,37.000000,38.000000,39.000000,40.000000,43.000000,1,1,1,1,1,1,1,0,0,0,0,0,0,0,74,5376.549805,838,0,1,0.628541,-0.060203,-0.323627,-3.117000,-0.400000,0.076000,0
1.418048,10.714000,-54.194000,-16.582001,100.321999,19.976999,22.250999,144.580994,0.000000,0.000000,0.000000,0.000000,0.000000,0.000000,0.000000,-326.000000,-1781.000000,162.000000,-2132.000000,97.000000,-584.000000,-1.000000,22.000000,22.000000,22.000000,22.000000,22.000000,22.000000,22.000000,37.000000,37.000000,37.000000,38.000000,39.000000,40.000000,43.000000,1,1,1,1,1,1,1,0,0,0,0,0,0,0,74,5376.550781,837,0,1,0.626294,-0.059415,-0.323628,-3.116000,-0.400000,0.076000,0
1.428210,10.564000,-54.604000,-16.336000,101.219002,20.042999,21.757000,144.542999,0.000000,0.000000,0.000000,0.000000,0.000000,0.000000,0.000000,-326.000000,-1781.000000,162.000000,-2132.000000,97.000000,-584.000000,-1.000000,22.000000,22.000000,22.000000,22.000000,22.000000,22.000000,22.000000,37.000000,37.000000,37.000000,38.000000,39.000000,40.000000,43.000000,1,1,1,1,1,1,1,0,0,0,0,0,0,0,74,5376.549805,836,0,1,0.623702,-0.058211,-0.323628,-3.116000,-0.400000,0.076000,0
1.438158,10.401000,-54.929001,-16.091999,101.952003,20.112000,21.348000,144.539993,0.000000,0.000000,0.000000,0.000000,0.000000,0.000000,0.000000,-326.000000,-1781.000000,162.000000,-2132.000000,97.000000,-584.000000,-1.000000,22.000000,22.000000,22.000000,22.000000,22.000000,22.000000,22.000000,37.000000,37.000000,37.000000,38.000000,39.000000,40.000000,43.000000,1,1,1,1,1,1,1,0,0,0,0,0,0,0,74,5376.550781,835,0,1,0.621615,-0.057026,-0.323628,-3.117000,-0.400000,0.076000,1
1.448077,10.334000,-55.058998,-15.992000,102.248001,20.141001,21.184000,144.541000,0.000000,0.000000,0.000000,0.000000,0.000000,0.000000,0.000000,-326.000000,-1781.000000,162.000000,-2132.000000,97.000000,-584.000000,-1.000000,22.000000,22.000000,22.000000,22.000000,22.000000,22.000000,22.000000,37.000000,37.000000,37.000000,38.000000,39.000000,40.000000,43.000000,1,1,1,1,1,1,1,0,0,0,0,0,0,0,74,5376.549805,837,0,1,0.620773,-0.056540,-0.323628,-3.117000,-0.400000,0.076000,1
1.458101,10.129000,-55.459999,-15.683000,103.154999,20.230000,20.676001,144.544998,0.000000,0.000000,0.000000,0.000000,0.000000,0.000000,0.000000,-326.000000,-1781.000000,162.000000,-2132.000000,97.000000,-584.000000,-1.000000,22.000000,22.000000,22.000000,22.000000,22.000000,22.000000,22.000000,37.000000,37.000000,37.000000,38.000000,39.000000,40.000000,43.000000,1,1,1,1,1,1,1,0,0,0,0,0,0,0,74,5376.549805,837,0,1,0.618172,-0.055038,-0.323628,-3.116000,-0.400000,0.076000,1
1.468112,9.951000,-55.813000,-15.409000,103.953003,20.309999,20.229000,144.552002,0.000000,0.000000,0.000000,0.000000,0.000000,0.000000,0.000000,-326.000000,-1781.000000,162.000000,-2132.000000,97.000000,-584.000000,-1.000000,22.000000,22.000000,22.000000,22.000000,22.000000,22.000000,22.000000,37.000000,37.000000,37.000000,38.000000,39.000000,40.000000,43.000000,1,1,1,1,1,1,1,0,0,0,0,0,0,0,74,5376.549805,836,0,1,0.615871,-0.053710,-0.323627,-3.116000,-0.400000,0.076000,1
1.478098,9.763000,-56.188000,-15.117000,104.800003,20.396000,19.754000,144.563004,0.000000,0.000000,0.000000,0.000000,0.000000,0.000000,0.000000,-326.000000,-1781.000000,162.000000,-2132.000000,97.000000,-584.000000,-1.000000,22.000000,22.000000,22.000000,22.000000,22.000000,22.000000,22.000000,37.000000,37.000000,37.000000,38.000000,39.000000,40.000000,43.000000,1,1,1,1,1,1,1,0,0,0,0,0,0,0,74,5376.550781,837,0,1,0.613411,-0.052289,-0.323627,-3.116000,-0.400000,0.076000,1
1.488072,9.646000,-56.424999,-14.931000,105.334999,20.451000,19.454000,144.572006,0.000000,0.000000,0.000000,0.000000,0.000000,0.000000,0.000000,-326.000000,-1781.000000,162.000000,-2132.000000,97.000000,-584.000000,-1.000000,22.000000,22.000000,22.000000,22.000000,22.000000,22.000000,22.000000,37.000000,37.000000,37.000000,38.000000,39.000000,40.000000,43.000000,1,1,1,1,1,1,1,0,0,0,0,0,0,0,74,5376.549805,838,0,1,0.611850,-0.051388,-0.323628,-3.116000,-0.400000,0.076000,1
1.498184,9.565000,-56.588001,-14.803000,105.702003,20.489000,19.247000,144.578995,0.000000,0.000000,0.000000,0.000000,0.000000,0.000000,0.000000,-326.000000,-1781.000000,162.000000,-2132.000000,97.000000,-584.000000,-1.000000,22.000000,22.000000,22.000000,22.000000,22.000000,22.000000,22.000000,37.000000,37.000000,37.000000,38.000000,39.000000,40.000000,43.000000,1,1,1,1,1,1,1,0,0,0,0,0,0,0,74,5376.549805,836,0,1,0.610774,-0.050767,-0.323628,-3.117000,-0.400000,0.076000,1
1.508103,9.314000,-57.098000,-14.399000,106.849998,20.610001,18.601000,144.606003,0.000000,0.000000,0.000000,0.000000,0.000000,0.000000,0.000000,-326.000000,-1781.000000,162.000000,-2132.000000,97.000000,-584.000000,-1.000000,22.000000,22.000000,22.000000,22.000000,22.000000,22.000000,22.000000,37.000000,37.000000,37.000000,38.000000,39.000000,40.000000,43.000000,1,1,1,1,1,1,1,0,0,0,0,0,0,0,74,5376.550781,837,0,1,0.607390,-0.048813,-0.323627,-3.116000,-0.400000,0.076000,1
1.518117,9.098000,-57.541000,-14.044000,107.849998,20.718000,18.037001,144.634995,0.000000,0.000000,0.000000,0.000000,0.000000,0.000000,0.000000,-326.000000,-1781.000000,162.000000,-2132.000000,97.000000,-584.000000,-1.000000,22.000000,22.000000,22.000000,22.000000,22.000000,22.000000,22.000000,37.000000,37.000000,37.000000,38.000000,39.000000,40.000000,43.000000,1,1,1,1,1,1,1,0,0,0,0,0,0,0,74,5376.549805,837,0,1,0.604420,-0.047099,-0.323628,-3.116000,-0.400000,0.076000,1
1.528221,9.010000,-57.722000,-13.898000,108.255997,20.763000,17.806999,144.649002,0.000000,0.000000,0.000000,0.000000,0.000000,0.000000,0.000000,-326.000000,-1781.000000,162.000000,-2132.000000,97.000000,-584.000000,-1.000000,22.000000,22.000000,22.000000,22.000000,22.000000,22.000000,22.000000,37.000000,37.000000,37.000000,38.000000,39.000000,40.000000,43.000000,1,1,1,1,1,1,1,0,0,0,0,0,0,0,74,5376.549805,836,0,1,0.603206,-0.046398,-0.323628,-3.116000,-0.400000,0.076000,1
1.538109,8.747000,-58.266998,-13.454000,109.482002,20.902000,17.114000,144.692993,0.000000,0.000000,0.000000,0.000000,0.000000,0.000000,0.000000,-326.000000,-1781.000000,162.000000,-2132.000000,97.000000,-584.000000,-1.000000,22.000000,22.000000,22.000000,22.000000,22.000000,22.000000,22.000000,37.000000,37.000000,37.000000,38.000000,39.000000,40.000000,43.000000,1,1,1,1,1,1,1,0,0,0,0,0,0,0,74,5376.549805,838,0,1,0.599519,-0.044272,-0.323628,-3.117000,-0.400000,0.076000,0
1.548128,8.551000,-58.728001,-13.103000,110.504997,21.013000,16.535999,144.722000,0.000000,0.000000,0.000000,0.000000,0.000000,0.000000,0.000000,-326.000000,-1781.000000,162.000000,-2132.000000,97.000000,-584.000000,-1.000000,22.000000,22.000000,22.000000,22.000000,22.000000,22.000000,22.000000,37.000000,37.000000,37.000000,38.000000,39.000000,40.000000,43.000000,1,1,1,1,1,1,1,0,0,0,0,0,0,0,74,5376.550781,837,0,1,0.596395,-0.042586,-0.323628,-3.116000,-0.400000,0.076000,0
1.558102,8.358000,-59.292000,-12.719000,111.737999,21.134001,15.842000,144.735992,0.000000,0.000000,0.000000,0.000000,0.000000,0.000000,0.000000,-326.000000,-1781.000000,162.000000,-2132.000000,97.000000,-584.000000,-1.000000,22.000000,22.000000,22.000000,22.000000,22.000000,22.000000,22.000000,37.000000,37.000000,37.000000,38.000000,39.000000,40.000000,43.000000,1,1,1,1,1,1,1,0,0,0,0,0,0,0,74,5376.550781,837,0,1,0.592560,-0.040734,-0.323628,-3.116000,-0.400000,0.076000,0
1.568118,8.234000,-59.771999,-12.432000,112.768997,21.224001,15.265000,144.731003,0.000000,0.000000,0.000000,0.000000,0.000000,0.000000,0.000000,-326.000000,-1781.000000,162.000000,-2132.000000,97.000000,-584.000000,-1.000000,22.000000,22.000000,22.000000,22.000000,22.000000,22.000000,22.000000,37.000000,37.000000,37.000000,38.000000,39.000000,40.000000,43.000000,1,1,1,1,1,1,1,0,0,0,0,0,0,0,74,5376.549805,837,0,1,0.589298,-0.039336,-0.323627,-3.116000,-0.400000,0.076000,0
1.578083,8.142000,-60.259998,-12.176000,113.801003,21.304001,14.689000,144.710007,0.000000,0.000000,0.000000,0.000000,0.000000,0.000000,0.000000,-326.000000,-1781.000000,162.000000,-2132.000000,97.000000,-584.000000,-1.000000,22.000000,22.000000,22.000000,22.000000,22.000000,22.000000,22.000000,37.000000,37.000000,37.000000,38.000000,39.000000,40.000000,43.000000,1,1,1,1,1,1,1,0,0,0,0,0,0,0,74,5376.547852,838,0,1,0.585981,-0.038072,-0.323628,-3.116000,-0.399000,0.076000,0
1.588082,8.128000,-60.359001,-12.128000,114.008003,21.318001,14.574000,144.703995,0.000000,0.000000,0.000000,0.000000,0.000000,0.000000,0.000000,-326.000000,-1781.000000,162.000000,-2132.000000,97.000000,-584.000000,-1.000000,22.000000,22.000000,22.000000,22.000000,22.000000,22.000000,22.000000,37.000000,37.000000,37.000000,38.000000,39.000000,40.000000,43.000000,1,1,1,1,1,1,1,0,0,0,0,0,0,0,74,5376.550781,838,0,1,0.585312,-0.037835,-0.323627,-3.116000,-0.400000,0.076000,0
1.598081,8.069000,-60.955002,-11.870000,115.246002,21.395000,13.887000,144.654007,0.000000,0.000000,0.000000,0.000000,0.000000,0.000000,0.000000,-326.000000,-1781.000000,162.000000,-2132.000000,97.000000,-584.000000,-1.000000,22.000000,22.000000,22.000000,22.000000,22.000000,22.000000,22.000000,37.000000,37.000000,37.000000,38.000000,39.000000,40.000000,43.000000,1,1,1,1,1,1,1,0,0,0,0,0,0,0,74,5376.550781,836,0,1,0.581257,-0.036533,-0.323627,-3.117000,-0.400000,0.076000,0
1.608037,8.056000,-61.458000,-11.692000,116.276001,21.445000,13.318000,144.593994,0.000000,0.000000,0.000000,0.000000,0.000000,0.000000,0.000000,-326.000000,-1781.000000,162.000000,-2132.000000,97.000000,-584.000000,-1.000000,22.000000,22.000000,22.000000,22.000000,22.000000,22.000000,22.000000,37.000000,37.000000,37.000000,38.000000,39.000000,40.000000,43.000000,1,1,1,1,1,1,1,0,0,0,0,0,0,0,74,5376.549805,837,0,1,0.577833,-0.035600,-0.323627,-3.117000,-0.400000,0.076000,0
1.618095,8.083000,-62.070000,-11.524000,117.507004,21.486000,12.642000,144.501999,0.000000,0.000000,0.000000,0.000000,0.000000,0.000000,0.000000,-326.000000,-1781.000000,162.000000,-2132.000000,97.000000,-584.000000,-1.000000,22.000000,22.000000,22.000000,22.000000,22.000000,22.000000,22.000000,37.000000,37.000000,37.000000,38.000000,39.000000,40.000000,43.000000,1,1,1,1,1,1,1,0,0,0,0,0,0,0,74,5376.549805,835,0,1,0.573678,-0.034667,-0.323628,-3.117000,-0.400000,0.076000,0
1.628172,8.141000,-62.584999,-11.422000,118.527000,21.504000,12.085000,144.406998,0.000000,0.000000,0.000000,0.000000,0.000000,0.000000,0.000000,-326.000000,-1781.000000,162.000000,-2132.000000,97.000000,-584.000000,-1.000000,22.000000,22.000000,22.000000,22.000000,22.000000,22.000000,22.000000,37.000000,37.000000,37.000000,38.000000,39.000000,40.000000,43.000000,1,1,1,1,1,1,1,0,0,0,0,0,0,0,74,5376.549805,836,0,1,0.570183,-0.034046,-0.323627,-3.116000,-0.400000,0.076000,0
1.638082,8.253000,-63.209999,-11.349000,119.741997,21.504999,11.427000,144.270996,0.000000,0.000000,0.000000,0.000000,0.000000,0.000000,0.000000,-326.000000,-1781.000000,162.000000,-2132.000000,97.000000,-584.000000,-1.000000,22.000000,22.000000,22.000000,22.000000,22.000000,22.000000,22.000000,37.000000,37.000000,37.000000,38.000000,39.000000,40.000000,43.000000,1,1,1,1,1,1,1,0,0,0,0,0,0,0,74,5376.549805,837,0,1,0.565961,-0.033490,-0.323627,-3.116000,-0.400000,0.076000,0
1.648065,8.300000,-63.418999,-11.337000,120.144997,21.500000,11.210000,144.220001,0.000000,0.000000,0.000000,0.000000,0.000000,0.000000,0.000000,-326.000000,-1781.000000,162.000000,-2132.000000,97.000000,-584.000000,-1.000000,22.000000,22.000000,22.000000,22.000000,22.000000,22.000000,22.000000,37.000000,37.000000,37.000000,38.000000,39.000000,40.000000,43.000000,1,1,1,1,1,1,1,0,0,0,0,0,0,0,74,5376.549805,837,0,1,0.564548,-0.033351,-0.323628,-3.116000,-0.400000,0.076000,0
1.658245,8.352000,-63.629002,-11.331000,120.545998,21.492001,10.995000,144.166000,0.000000,0.000000,0.000000,0.000000,0.000000,0.000000,0.000000,-326.000000,-1781.000000,162.000000,-2132.000000,97.000000,-584.000000,-1.000000,22.000000,22.000000,22.000000,22.000000,22.000000,22.000000,22.000000,37.000000,37.000000,37.000000,38.000000,39.000000,40.000000,43.000000,1,1,1,1,1,1,1,0,0,0,0,0,0,0,74,5376.549805,835,0,1,0.563132,-0.033234,-0.323628,-3.116000,-0.400000,0.076000,0
1.668098,8.538000,-64.263000,-11.350000,121.738998,21.452000,10.358000,143.988998,0.000000,0.000000,0.000000,0.000000,0.000000,0.000000,0.000000,-326.000000,-1781.000000,162.000000,-2132.000000,97.000000,-584.000000,-1.000000,22.000000,22.000000,22.000000,22.000000,22.000000,22.000000,22.000000,37.000000,37.000000,37.000000,38.000000,39.000000,40.000000,43.000000,1,1,1,1,1,1,1,0,0,0,0,0,0,0,74,5376.549805,837,0,1,0.558879,-0.033026,-0.323627,-3.116000,-0.400000,0.076000,0
1.678108,8.724000,-64.794998,-11.408000,122.722000,21.398001,9.838000,143.824005,0.000000,0.000000,0.000000,0.000000,0.000000,0.000000,0.000000,-326.000000,-1781.000000,162.000000,-2132.000000,97.000000,-584.000000,-1.000000,22.000000,22.000000,22.000000,22.000000,22.000000,22.000000,22.000000,37.000000,37.000000,37.000000,38.000000,39.000000,40.000000,43.000000,1,1,1,1,1,1,1,0,0,0,0,0,0,0,74,5376.550781,838,0,1,0.555321,-0.033000,-0.323627,-3.117000,-0.400000,0.076000,1
1.688058,8.914000,-65.323997,-11.475000,123.692001,21.340000,9.327000,143.658005,0.000000,0.000000,0.000000,0.000000,0.000000,0.000000,0.000000,-326.000000,-1781.000000,162.000000,-2132.000000,97.000000,-584.000000,-1.000000,22.000000,22.000000,22.000000,22.000000,22.000000,22.000000,22.000000,37.000000,37.000000,37.000000,38.000000,39.000000,40.000000,43.000000,1,1,1,1,1,1,1,0,0,0,0,0,0,0,74,5376.549805,835,0,1,0.551789,-0.032999,-0.323628,-3.116000,-0.400000,0.076000,1
1.698170,9.132000,-65.931999,-11.558000,124.801003,21.270000,8.745000,143.468002,0.000000,0.000000,0.000000,0.000000,0.000000,0.000000,0.000000,-326.000000,-1781.000000,162.000000,-2132.000000,97.000000,-584.000000,-1.000000,22.000000,22.000000,22.000000,22.000000,22.000000,22.000000,22.000000,37.000000,37.000000,37.000000,38.000000,39.000000,40.000000,43.000000,1,1,1,1,1,1,1,0,0,0,0,0,0,0,74,5376.550781,837,0,1,0.547729,-0.033000,-0.323627,-3.117000,-0.400000,0.076000,1
1.708095,9.302000,-66.404999,-11.627000,125.660004,21.212999,8.296000,143.322006,0.000000,0.000000,0.000000,0.000000,0.000000,0.000000,0.000000,-326.000000,-1781.000000,162.000000,-2132.000000,97.000000,-584.000000,-1.000000,22.000000,22.000000,22.000000,22.000000,22.000000,22.000000,22.000000,37.000000,37.000000,37.000000,38.000000,39.000000,40.000000,43.000000,1,1,1,1,1,1,1,0,0,0,0,0,0,0,74,5376.549805,836,0,1,0.544567,-0.033000,-0.323627,-3.117000,-0.400000,0.076000,1
1.718101,9.459000,-66.844002,-11.693000,126.453003,21.160000,7.883000,143.184998,0.000000,0.000000,0.000000,0.000000,0.000000,0.000000,0.000000,-326.000000,-1781.000000,162.000000,-2132.000000,97.000000,-584.000000,-1.000000,22.000000,22.000000,22.000000,22.000000,22.000000,22.000000,22.000000,37.000000,37.000000,37.000000,38.000000,39.000000,40.000000,43.000000,1,1,1,1,1,1,1,0,0,0,0,0,0,0,74,5376.549805,836,0,1,0.541636,-0.033000,-0.323627,-3.116000,-0.400000,0.076000,1
1.728333,9.518000,-67.010002,-11.719000,126.751999,21.139999,7.727000,143.134003,0.000000,0.000000,0.000000,0.000000,0.000000,0.000000,0.000000,-326.000000,-1781.000000,162.000000,-2132.000000,97.000000,-584.000000,-1.000000,22.000000,22.000000,22.000000,22.000000,22.000000,22.000000,22.000000,37.000000,37.000000,37.000000,38.000000,39.000000,40.000000,43.000000,1,1,1,1,1,1,1,0,0,0,0,0,0,0,74,5376.549805,837,0,1,0.540525,-0.032999,-0.323627,-3.116000,-0.400000,0.076000,1
1.738259,9.686000,-67.482002,-11.796000,127.600998,21.080000,7.286000,142.987000,0.000000,0.000000,0.000000,0.000000,0.000000,0.000000,0.000000,-326.000000,-1781.000000,162.000000,-2132.000000,97.000000,-584.000000,-1.000000,22.000000,22.000000,22.000000,22.000000,22.000000,22.000000,22.000000,37.000000,37.000000,37.000000,38.000000,39.000000,40.000000,43.000000,1,1,1,1,1,1,1,0,0,0,0,0,0,0,74,5376.549805,835,0,1,0.537370,-0.033000,-0.323628,-3.117000,-0.400000,0.076000,1
1.748153,9.819000,-67.856003,-11.860000,128.270004,21.033001,6.939000,142.869995,0.000000,0.000000,0.000000,0.000000,0.000000,0.000000,0.000000,-326.000000,-1781.000000,162.000000,-2132.000000,97.000000,-584.000000,-1.000000,22.000000,22.000000,22.000000,22.000000,22.000000,22.000000,22.000000,37.000000,37.000000,37.000000,38.000000,39.000000,40.000000,43.000000,1,1,1,1,1,1,1,0,0,0,0,0,0,0,74,5376.550781,836,0,1,0.534869,-0.032999,-0.323628,-3.116000,-0.399000,0.076000,1
1.758231,9.944000,-68.285004,-11.895000,129.054001,20.995001,6.530000,142.755997,0.000000,0.000000,0.000000,0.000000,0.000000,0.000000,0.000000,-326.000000,-1781.000000,162.000000,-2132.000000,97.000000,-584.000000,-1.000000,22.000000,22.000000,22.000000,22.000000,22.000000,22.000000,22.000000,37.000000,37.000000,37.000000,38.000000,39.000000,40.000000,43.000000,1,1,1,1,1,1,1,0,0,0,0,0,0,0,74,5376.549805,837,0,1,0.531965,-0.032849,-0.323628,-3.117000,-0.400000,0.076000,0
1.768322,9.982000,-68.623001,-11.836000,129.710999,21.007000,6.175000,142.710007,0.000000,0.000000,0.000000,0.000000,0.000000,0.000000,0.000000,-326.000000,-1781.000000,162.000000,-2132.000000,97.000000,-584.000000,-1.000000,22.000000,22.000000,22.000000,22.000000,22.000000,22.000000,22.000000,37.000000,37.000000,37.000000,38.000000,39.000000,40.000000,43.000000,1,1,1,1,1,1,1,0,0,0,0,0,0,0,74,5376.549805,837,0,1,0.529593,-0.032400,-0.323628,-3.116000,-0.400000,0.076000,0
1.778152,9.958000,-68.939003,-11.693000,130.363007,21.059999,5.812000,142.710999,0.000000,0.000000,0.000000,0.000000,0.000000,0.000000,0.000000,-326.000000,-1781.000000,162.000000,-2132.000000,97.000000,-584.000000,-1.000000,22.000000,22.000000,22.000000,22.000000,22.000000,22.000000,22.000000,37.000000,37.000000,37.000000,38.000000,39.000000,40.000000,43.000000,1,1,1,1,1,1,1,0,0,0,0,0,0,0,74,5376.550781,836,0,1,0.527295,-0.031660,-0.323628,-3.116000,-0.399000,0.076000,0
1.788130,9.915000,-69.114998,-11.567000,130.748001,21.112000,5.592000,142.733994,0.000000,0.000000,0.000000,0.000000,0.000000,0.000000,0.000000,-326.000000,-1781.000000,162.000000,-2132.000000,97.000000,-584.000000,-1.000000,22.000000,22.000000,22.000000,22.000000,22.000000,22.000000,22.000000,37.000000,37.000000,37.000000,38.000000,39.000000,40.000000,43.000000,1,1,1,1,1,1,1,0,0,0,0,0,0,0,74,5376.549805,837,0,1,0.525968,-0.031081,-0.323628,-3.116000,-0.400000,0.076000,0
1.798182,9.874000,-69.226997,-11.466000,131.001007,21.153999,5.446000,142.759995,0.000000,0.000000,0.000000,0.000000,0.000000,0.000000,0.000000,-326.000000,-1781.000000,162.000000,-2132.000000,97.000000,-584.000000,-1.000000,22.000000,22.000000,22.000000,22.000000,22.000000,22.000000,22.000000,37.000000,37.000000,37.000000,38.000000,39.000000,40.000000,43.000000,1,1,1,1,1,1,1,0,0,0,0,0,0,0,74,5376.549805,837,0,1,0.525108,-0.030640,-0.323628,-3.116000,-0.400000,0.076000,0
1.808120,9.694000,-69.528000,-11.085000,131.731995,21.323000,5.010000,142.880997,0.000000,0.000000,0.000000,0.000000,0.000000,0.000000,0.000000,-326.000000,-1781.000000,162.000000,-2132.000000,97.000000,-584.000000,-1.000000,22.000000,22.000000,22.000000,22.000000,22.000000,22.000000,22.000000,37.000000,37.000000,37.000000,38.000000,39.000000,40.000000,43.000000,1,1,1,1,1,1,1,0,0,0,0,0,0,0,74,5376.550781,837,0,1,0.522676,-0.029069,-0.323627,-3.117000,-0.400000,0.076000,0
1.818086,9.480000,-69.738998,-10.680000,132.300995,21.510000,4.656000,143.033005,0.000000,0.000000,0.000000,0.000000,0.000000,0.000000,0.000000,-326.000000,-1781.000000,162.000000,-2132.000000,97.000000,-584.000000,-1.000000,22.000000,22.000000,22.000000,22.000000,22.000000,22.000000,22.000000,37.000000,37.000000,37.000000,38.000000,39.000000,40.000000,43.000000,1,1,1,1,1,1,1,0,0,0,0,0,0,0,74,5376.549805,836,0,1,0.520845,-0.027495,-0.323628,-3.117000,-0.399000,0.077000,0
1.828271,9.211000,-69.908997,-10.199000,132.822006,21.736000,4.319000,143.229996,0.000000,0.000000,0.000000,0.000000,0.000000,0.000000,0.000000,-326.000000,-1781.000000,162.000000,-2132.000000,97.000000,-584.000000,-1.000000,22.000000,22.000000,22.000000,22.000000,22.000000,22.000000,22.000000,37.000000,37.000000,37.000000,38.000000,39.000000,40.000000,43.000000,1,1,1,1,1,1,1,0,0,0,0,0,0,0,74,5376.549805,836,0,1,0.519226,-0.025706,-0.323628,-3.117000,-0.399000,0.077000,0
1.838117,9.024000,-69.990997,-9.877000,133.108002,21.889999,4.127000,143.367996,0.000000,0.000000,0.000000,0.000000,0.000000,0.000000,0.000000,-326.000000,-1781.000000,162.000000,-2132.000000,97.000000,-584.000000,-1.000000,22.000000,22.000000,22.000000,22.000000,22.000000,22.000000,22.000000,37.000000,37.000000,37.000000,38.000000,39.000000,40.000000,43.000000,1,1,1,1,1,1,1,0,0,0,0,0,0,0,74,5376.549805,836,0,1,0.518365,-0.024540,-0.323628,-3.117000,-0.399000,0.077000,0
1.848060,8.820000,-70.057999,-9.532000,133.371994,22.056999,3.944000,143.520004,0.000000,0.000000,0.000000,0.000000,0.000000,0.000000,0.000000,-326.000000,-1781.000000,162.000000,-2132.000000,97.000000,-584.000000,-1.000000,22.000000,22.000000,22.000000,22.000000,22.000000,22.000000,22.000000,37.000000,37.000000,37.000000,38.000000,39.000000,40.000000,43.000000,1,1,1,1,1,1,1,0,0,0,0,0,0,0,74,5376.549805,838,0,1,0.517594,-0.023313,-0.323628,-3.117000,-0.399000,0.076000,0
1.858076,8.442000,-70.135002,-8.911000,133.757004,22.360001,3.663000,143.802002,0.000000,0.000000,0.000000,0.000000,0.000000,0.000000,0.000000,-326.000000,-1781.000000,162.000000,-2132.000000,97.000000,-584.000000,-1.000000,22.000000,22.000000,22.000000,22.000000,22.000000,22.000000,22.000000,37.000000,37.000000,37.000000,38.000000,39.000000,40.000000,43.000000,1,1,1,1,1,1,1,0,0,0,0,0,0,0,74,5376.549805,835,0,1,0.516520,-0.021151,-0.323628,-3.117000,-0.399000,0.076000,0
1.868078,8.021000,-70.167999,-8.242000,134.067993,22.691000,3.419000,144.115005,0.000000,0.000000,0.000000,0.000000,0.000000,0.000000,0.000000,-326.000000,-1781.000000,162.000000,-2132.000000,97.000000,-584.000000,-1.000000,22.000000,22.000000,22.000000,22.000000,22.000000,22.000000,22.000000,37.000000,37.000000,37.000000,38.000000,39.000000,40.000000,43.000000,1,1,1,1,1,1,1,0,0,0,0,0,0,0,74,5376.550781,837,0,1,0.515722,-0.018873,-0.323628,-3.117000,-0.399000,0.076000,0
1.878062,7.275000,-70.135002,-7.100000,134.397003,23.264000,3.114000,144.664993,0.000000,0.000000,0.000000,0.000000,0.000000,0.000000,0.000000,-326.000000,-1781.000000,162.000000,-2132.000000,97.000000,-584.000000,-1.000000,22.000000,22.000000,22.000000,22.000000,22.000000,22.000000,22.000000,37.000000,37.000000,37.000000,38.000000,39.000000,40.000000,43.000000,1,1,1,1,1,1,1,0,0,0,0,0,0,0,74,5376.549805,837,0,1,0.515052,-0.015073,-0.323628,-3.117000,-0.399000,0.076000,0
1.888075,6.672000,-70.052002,-6.217000,134.513000,23.712000,2.959000,145.100006,0.000000,0.000000,0.000000,0.000000,0.000000,0.000000,0.000000,-326.000000,-1781.000000,162.000000,-2132.000000,97.000000,-584.000000,-1.000000,22.000000,22.000000,22.000000,22.000000,22.000000,22.000000,22.000000,37.000000,37.000000,37.000000,38.000000,39.000000,40.000000,43.000000,1,1,1,1,1,1,1,0,0,0,0,0,0,0,74,5376.549805,836,0,1,0.514998,-0.012178,-0.323628,-3.116000,-0.399000,0.076000,1
1.898190,6.146000,-69.977997,-5.454000,134.589996,24.099001,2.841000,145.479004,0.000000,0.000000,0.000000,0.000000,0.000000,0.000000,0.000000,-326.000000,-1781.000000,162.000000,-2132.000000,97.000000,-584.000000,-1.000000,22.000000,22.000000,22.000000,22.000000,22.000000,22.000000,22.000000,37.000000,37.000000,37.000000,38.000000,39.000000,40.000000,43.000000,1,1,1,1,1,1,1,0,0,0,0,0,0,0,74,5376.549805,835,0,1,0.514998,-0.009688,-0.323629,-3.116000,-0.399000,0.076000,1
1.908152,5.466000,-69.892998,-4.475000,134.675995,24.594999,2.703000,145.964996,0.000000,0.000000,0.000000,0.000000,0.000000,0.000000,0.000000,-326.000000,-1781.000000,162.000000,-2132.000000,97.000000,-584.000000,-1.000000,22.000000,22.000000,22.000000,22.000000,22.000000,22.000000,22.000000,37.000000,37.000000,37.000000,38.000000,39.000000,40.000000,43.000000,1,1,1,1,1,1,1,0,0,0,0,0,0,0,74,5376.549805,836,0,1,0.514998,-0.006508,-0.323629,-3.116000,-0.399000,0.076000,1
1.918049,4.759000,-69.814003,-3.466000,134.748993,25.105000,2.577000,146.468994,0.000000,0.000000,0.000000,0.000000,0.000000,0.000000,0.000000,-326.000000,-1781.000000,162.000000,-2132.000000,97.000000,-584.000000,-1.000000,22.000000,22.000000,22.000000,22.000000,22.000000,22.000000,22.000000,37.000000,37.000000,37.000000,38.000000,39.000000,40.000000,43.000000,1,1,1,1,1,1,1,0,0,0,0,0,0,0,74,5376.549805,837,0,1,0.514998,-0.003238,-0.323629,-3.116000,-0.399000,0.076000,1
1.928054,4.166000,-69.755997,-2.627000,134.796997,25.530001,2.484000,146.888000,0.000000,0.000000,0.000000,0.000000,0.000000,0.000000,0.000000,-326.000000,-1781.000000,162.000000,-2132.000000,97.000000,-584.000000,-1.000000,22.000000,22.000000,22.000000,22.000000,22.000000,22.000000,22.000000,37.000000,37.000000,37.000000,38.000000,39.000000,40.000000,43.000000,1,1,1,1,1,1,1,0,0,0,0,0,0,0,74,5376.549805,837,0,1,0.514998,-0.000527,-0.323629,-3.116000,-0.399000,0.076000,1
1.938096,3.929000,-69.735001,-2.294000,134.813004,25.698999,2.450000,147.054001,0.000000,0.000000,0.000000,0.000000,0.000000,0.000000,0.000000,-326.000000,-1781.000000,162.000000,-2132.000000,97.000000,-584.000000,-1.000000,22.000000,22.000000,22.000000,22.000000,22.000000,22.000000,22.000000,37.000000,37.000000,37.000000,38.000000,39.000000,40.000000,43.000000,1,1,1,1,1,1,1,0,0,0,0,0,0,0,74,5376.550781,836,0,1,0.514998,0.000549,-0.323629,-3.116000,-0.399000,0.076000,1
1.948140,3.692000,-69.716003,-1.962000,134.826996,25.867001,2.418000,147.220001,0.000000,0.000000,0.000000,0.000000,0.000000,0.000000,0.000000,-326.000000,-1781.000000,162.000000,-2132.000000,97.000000,-584.000000,-1.000000,22.000000,22.000000,22.000000,22.000000,22.000000,22.000000,22.000000,37.000000,37.000000,37.000000,38.000000,39.000000,40.000000,43.000000,1,1,1,1,1,1,1,0,0,0,0,0,0,0,74,5376.549805,839,0,1,0.514998,0.001619,-0.323629,-3.116000,-0.399000,0.076000,1
1.958400,2.988000,-69.664001,-0.982000,134.858994,26.363001,2.334000,147.712006,0.000000,0.000000,0.000000,0.000000,0.000000,0.000000,0.000000,-326.000000,-1781.000000,162.000000,-2132.000000,97.000000,-584.000000,-1.000000,22.000000,22.000000,22.000000,22.000000,22.000000,22.000000,22.000000,37.000000,37.000000,37.000000,38.000000,39.000000,40.000000,43.000000,1,1,1,1,1,1,1,0,0,0,0,0,0,0,74,5376.549805,838,0,1,0.514998,0.004782,-0.323629,-3.116000,-0.399000,0.076000,1
1.968230,2.412000,-69.629997,-0.187000,134.873993,26.767000,2.277000,148.112000,0.000000,0.000000,0.000000,0.000000,0.000000,0.000000,0.000000,-326.000000,-1781.000000,162.000000,-2132.000000,97.000000,-584.000000,-1.000000,22.000000,22.000000,22.000000,22.000000,22.000000,22.000000,22.000000,37.000000,37.000000,37.000000,38.000000,39.000000,40.000000,43.000000,1,1,1,1,1,1,1,0,0,0,0,0,0,0,74,5376.550781,837,0,1,0.514998,0.007347,-0.323628,-3.116000,-0.399000,0.076000,1
1.978034,1.849000,-69.602997,0.581000,134.878998,27.158001,2.232000,148.498993,0.000000,0.000000,0.000000,0.000000,0.000000,0.000000,0.000000,-326.000000,-1781.000000,162.000000,-2132.000000,97.000000,-584.000000,-1.000000,22.000000,22.000000,22.000000,22.000000,22.000000,22.000000,22.000000,37.000000,37.000000,37.000000,38.000000,39.000000,40.000000,43.000000,1,1,1,1,1,1,1,0,0,0,0,0,0,0,74,5376.549805,835,0,1,0.514998,0.009830,-0.323628,-3.116000,-0.399000,0.076000,1
1.988142,1.197000,-69.581001,1.463000,134.873001,27.607000,2.192000,148.945007,0.000000,0.000000,0.000000,0.000000,0.000000,0.000000,0.000000,-326.000000,-1781.000000,162.000000,-2132.000000,97.000000,-584.000000,-1.000000,22.000000,22.000000,22.000000,22.000000,22.000000,22.000000,22.000000,37.000000,37.000000,37.000000,38.000000,39.000000,40.000000,43.000000,1,1,1,1,1,1,1,0,0,0,0,0,0,0,74,5376.549805,836,0,1,0.514998,0.012681,-0.323628,-3.116000,-0.399000,0.076000,1
1.998179,0.678000,-69.570000,2.159000,134.860001,27.962000,2.170000,149.296997,0.000000,0.000000,0.000000,0.000000,0.000000,0.000000,0.000000,-326.000000,-1781.000000,162.000000,-2132.000000,97.000000,-584.000000,-1.000000,22.000000,22.000000,22.000000,22.000000,22.000000,22.000000,22.000000,37.000000,37.000000,37.000000,38.000000,39.000000,40.000000,43.000000,1,1,1,1,1,1,1,0,0,0,0,0,0,0,74,5376.549805,836,0,1,0.514998,0.014935,-0.323628,-3.116000,-0.399000,0.076000,1
2.008276,0.185000,-69.564003,2.815000,134.839996,28.298000,2.157000,149.630005,0.000000,0.000000,0.000000,0.000000,0.000000,0.000000,0.000000,-326.000000,-1781.000000,162.000000,-2132.000000,97.000000,-584.000000,-1.000000,22.000000,22.000000,22.000000,22.000000,22.000000,22.000000,22.000000,37.000000,37.000000,37.000000,38.000000,39.000000,40.000000,43.000000,1,1,1,1,1,1,1,0,0,0,0,0,0,0,74,5376.549805,837,0,1,0.514998,0.017065,-0.323628,-3.116000,-0.399000,0.076000,1
2.018235,0.089000,-69.564003,2.942000,134.835007,28.363001,2.155000,149.695007,0.000000,0.000000,0.000000,0.000000,0.000000,0.000000,0.000000,-326.000000,-1781.000000,162.000000,-2132.000000,97.000000,-584.000000,-1.000000,22.000000,22.000000,22.000000,22.000000,22.000000,22.000000,22.000000,37.000000,37.000000,37.000000,38.000000,39.000000,40.000000,43.000000,1,1,1,1,1,1,1,0,0,0,0,0,0,0,74,5376.550781,836,0,1,0.514999,0.017475,-0.323628,-3.116000,-0.399000,0.076000,1
2.028203,-0.457000,-69.566002,3.662000,134.804993,28.733000,2.151000,150.061005,0.000000,0.000000,0.000000,0.000000,0.000000,0.000000,0.000000,-326.000000,-1781.000000,162.000000,-2132.000000,97.000000,-584.000000,-1.000000,22.000000,22.000000,22.000000,22.000000,22.000000,22.000000,22.000000,37.000000,37.000000,37.000000,38.000000,39.000000,40.000000,43.000000,1,1,1,1,1,1,1,0,0,0,0,0,0,0,74,5376.549805,835,0,1,0.514999,0.019820,-0.323628,-3.116000,-0.399000,0.076000,1
2.038289,-0.879000,-69.570999,4.212000,134.776001,29.016001,2.154000,150.341995,0.000000,0.000000,0.000000,0.000000,0.000000,0.000000,0.000000,-326.000000,-1781.000000,162.000000,-2132.000000,97.000000,-584.000000,-1.000000,22.000000,22.000000,22.000000,22.000000,22.000000,22.000000,22.000000,37.000000,37.000000,37.000000,38.000000,39.000000,40.000000,43.000000,1,1,1,1,1,1,1,0,0,0,0,0,0,0,74,5376.549805,837,0,1,0.514999,0.021615,-0.323628,-3.116000,-0.399000,0.076000,1
2.048076,-1.267000,-69.580002,4.714000,134.744995,29.275999,2.161000,150.598999,0.000000,0.000000,0.000000,0.000000,0.000000,0.000000,0.000000,-326.000000,-1781.000000,162.000000,-2132.000000,97.000000,-584.000000,-1.000000,22.000000,22.000000,22.000000,22.000000,22.000000,22.000000,22.000000,37.000000,37.000000,37.000000,38.000000,39.000000,40.000000,43.000000,1,1,1,1,1,1,1,0,0,0,0,0,0,0,74,5376.549805,836,0,1,0.514999,0.023260,-0.323628,-3.116000,-0.399000,0.076000,1
2.058160,-1.620000,-69.589996,5.168000,134.712997,29.511000,2.172000,150.830994,0.000000,0.000000,0.000000,0.000000,0.000000,0.000000,0.000000,-326.000000,-1781.000000,162.000000,-2132.000000,97.000000,-584.000000,-1.000000,22.000000,22.000000,22.000000,22.000000,22.000000,22.000000,22.000000,37.000000,37.000000,37.000000,38.000000,39.000000,40.000000,43.000000,1,1,1,1,1,1,1,0,0,0,0,0,0,0,74,5376.549805,837,0,1,0.514999,0.024750,-0.323628,-3.116000,-0.399000,0.076000,1
2.068187,-1.996000,-69.603996,5.649000,134.675995,29.761000,2.187000,151.076996,0.000000,0.000000,0.000000,0.000000,0.000000,0.000000,0.000000,-326.000000,-1781.000000,162.000000,-2132.000000,97.000000,-584.000000,-1.000000,22.000000,22.000000,22.000000,22.000000,22.000000,22.000000,22.000000,37.000000,37.000000,37.000000,38.000000,39.000000,40.000000,43.000000,1,1,1,1,1,1,1,0,0,0,0,0,0,0,74,5376.549805,838,0,1,0.514999,0.026333,-0.323628,-3.116000,-0.399000,0.076000,1
2.078206,-2.270000,-69.616997,5.996000,134.647003,29.943001,2.201000,151.255005,0.000000,0.000000,0.000000,0.000000,0.000000,0.000000,0.000000,-326.000000,-1781.000000,162.000000,-2132.000000,97.000000,-584.000000,-1.000000,22.000000,22.000000,22.000000,22.000000,22.000000,22.000000,22.000000,37.000000,37.000000,37.000000,38.000000,39.000000,40.000000,43.000000,1,1,1,1,1,1,1,0,0,0,0,0,0,0,74,5376.549805,837,0,1,0.514999,0.027481,-0.323628,-3.116000,-0.399000,0.076000,1
2.088156,-2.508000,-69.628998,6.297000,134.619995,30.101999,2.215000,151.408005,0.000000,0.000000,0.000000,0.000000,0.000000,0.000000,0.000000,-326.000000,-1781.000000,162.000000,-2132.000000,97.000000,-584.000000,-1.000000,22.000000,22.000000,22.000000,22.000000,22.000000,22.000000,22.000000,37.000000,37.000000,37.000000,38.000000,39.000000,40.000000,43.000000,1,1,1,1,1,1,1,0,0,0,0,0,0,0,74,5376.547852,835,0,1,0.514999,0.028477,-0.323628,-3.116000,-0.400000,0.076000,1
2.098265,-2.593000,-69.633003,6.405000,134.610001,30.159000,2.220000,151.462997,0.000000,0.000000,0.000000,0.000000,0.000000,0.000000,0.000000,-326.000000,-1781.000000,162.000000,-2132.000000,97.000000,-584.000000,-1.000000,22.000000,22.000000,22.000000,22.000000,22.000000,22.000000,22.000000,37.000000,37.000000,37.000000,38.000000,39.000000,40.000000,43.000000,1,1,1,1,1,1,1,0,0,0,0,0,0,0,74,5376.547852,837,0,1,0.514999,0.028833,-0.323628,-3.116000,-0.400000,0.076000,1
2.108201,-2.817000,-69.646004,6.685000,134.582993,30.308001,2.235000,151.606003,0.000000,0.000000,0.000000,0.000000,0.000000,0.000000,0.000000,-326.000000,-1781.000000,162.000000,-2132.000000,97.000000,-584.000000,-1.000000,22.000000,22.000000,22.000000,22.000000,22.000000,22.000000,22.000000,37.000000,37.000000,37.000000,38.000000,39.000000,40.000000,43.000000,1,1,1,1,1,1,1,0,0,0,0,0,0,0,74,5376.549805,837,0,1,0.514999,0.029766,-0.323628,-3.116000,-0.400000,0.076000,1
2.118154,-2.968000,-69.654999,6.874000,134.563995,30.409000,2.246000,151.701004,0.000000,0.000000,0.000000,0.000000,0.000000,0.000000,0.000000,-326.000000,-1781.000000,162.000000,-2132.000000,97.000000,-584.000000,-1.000000,22.000000,22.000000,22.000000,22.000000,22.000000,22.000000,22.000000,37.000000,37.000000,37.000000,38.000000,39.000000,40.000000,43.000000,1,1,1,1,1,1,1,0,0,0,0,0,0,0,74,5376.549805,837,0,1,0.514999,0.030393,-0.323628,-3.116000,-0.400000,0.076000,1
2.128204,-3.088000,-69.663002,7.024000,134.548004,30.490999,2.255000,151.776001,0.000000,0.000000,0.000000,0.000000,0.000000,0.000000,0.000000,-326.000000,-1781.000000,162.000000,-2132.000000,97.000000,-584.000000,-1.000000,22.000000,22.000000,22.000000,22.000000,22.000000,22.000000,22.000000,37.000000,37.000000,37.000000,38.000000,39.000000,40.000000,43.000000,1,1,1,1,1,1,1,0,0,0,0,0,0,0,74,5376.550781,837,0,1,0.514999,0.030895,-0.323627,-3.116000,-0.400000,0.076000,1
2.138153,-3.182000,-69.668999,7.140000,134.535995,30.556000,2.263000,151.832001,0.000000,0.000000,0.000000,0.000000,0.000000,0.000000,0.000000,-326.000000,-1781.000000,162.000000,-2132.000000,97.000000,-584.000000,-1.000000,22.000000,22.000000,22.000000,22.000000,22.000000,22.000000,22.000000,37.000000,37.000000,37.000000,38.000000,39.000000,40.000000,43.000000,1,1,1,1,1,1,1,0,0,0,0,0,0,0,74,5376.549805,837,0,1,0.515000,0.031282,-0.323628,-3.116000,-0.400000,0.076000,1
2.148107,-3.262000,-69.674004,7.239000,134.524994,30.613001,2.269000,151.878998,0.000000,0.000000,0.000000,0.000000,0.000000,0.000000,0.000000,-326.000000,-1781.000000,162.000000,-2132.000000,97.000000,-584.000000,-1.000000,22.000000,22.000000,22.000000,22.000000,22.000000,22.000000,22.000000,37.000000,37.000000,37.000000,38.000000,39.000000,40.000000,43.000000,1,1,1,1,1,1,1,0,0,0,0,0,0,0,74,5376.550781,837,0,1,0.515000,0.031613,-0.323627,-3.116000,-0.400000,0.076000,1
2.158171,-3.306000,-69.677002,7.294000,134.518997,30.645000,2.273000,151.903000,0.000000,0.000000,0.000000,0.000000,0.000000,0.000000,0.000000,-326.000000,-1781.000000,162.000000,-2132.000000,97.000000,-584.000000,-1.000000,22.000000,22.000000,22.000000,22.000000,22.000000,22.000000,22.000000,37.000000,37.000000,37.000000,38.000000,39.000000,40.000000,43.000000,1,1,1,1,1,1,1,0,0,0,0,0,0,0,74,5376.549805,835,0,1,0.514999,0.031795,-0.323628,-3.116000,-0.400000,0.076000,1
2.168127,-3.333000,-69.679001,7.327000,134.516006,30.667999,2.276000,151.916000,0.000000,0.000000,0.000000,0.000000,0.000000,0.000000,0.000000,-326.000000,-1781.000000,162.000000,-2132.000000,97.000000,-584.000000,-1.000000,22.000000,22.000000,22.000000,22.000000,22.000000,22.000000,22.000000,37.000000,37.000000,37.000000,38.000000,39.000000,40.000000,43.000000,1,1,1,1,1,1,1,0,0,0,0,0,0,0,74,5376.549805,837,0,1,0.515000,0.031908,-0.323627,-3.117000,-0.400000,0.076000,1
2.178138,-3.348000,-69.680000,7.345000,134.514008,30.681999,2.277000,151.921005,0.000000,0.000000,0.000000,0.000000,0.000000,0.000000,0.000000,-326.000000,-1781.000000,162.000000,-2132.000000,97.000000,-584.000000,-1.000000,22.000000,22.000000,22.000000,22.000000,22.000000,22.000000,22.000000,37.000000,37.000000,37.000000,38.000000,39.000000,40.000000,43.000000,1,1,1,1,1,1,1,0,0,0,0,0,0,0,74,5376.549805,837,0,1,0.515000,0.031968,-0.323627,-3.116000,-0.400000,0.076000,1
2.188161,-3.354000,-69.681000,7.353000,134.513000,30.691000,2.278000,151.919998,0.000000,0.000000,0.000000,0.000000,0.000000,0.000000,0.000000,-326.000000,-1781.000000,162.000000,-2132.000000,97.000000,-584.000000,-1.000000,22.000000,22.000000,22.000000,22.000000,22.000000,22.000000,22.000000,37.000000,37.000000,37.000000,38.000000,39.000000,40.000000,43.000000,1,1,1,1,1,1,1,0,0,0,0,0,0,0,74,5376.549805,837,0,1,0.515000,0.031992,-0.323627,-3.116000,-0.400000,0.076000,1
2.198374,-3.356000,-69.681000,7.355000,134.513000,30.697001,2.278000,151.916000,0.000000,0.000000,0.000000,0.000000,0.000000,0.000000,0.000000,-478.000000,-1803.000000,132.000000,-2115.000000,97.000000,-584.000000,-1.000000,22.000000,22.000000,22.000000,22.000000,22.000000,22.000000,22.000000,37.000000,37.000000,37.000000,38.000000,39.000000,40.000000,43.000000,1,1,1,1,1,1,1,0,0,0,0,0,0,0,74,5376.549805,838,0,1,0.515000,0.032000,-0.323627,-3.116000,-0.400000,0.076000,0
2.209157,-3.356000,-69.681000,7.355000,134.513000,30.697001,2.278000,151.916000,0.000000,0.000000,0.000000,0.000000,0.000000,0.000000,0.000000,-470.000000,-1805.000000,131.000000,-2134.000000,95.000000,-611.000000,-8.000000,22.000000,22.000000,22.000000,22.000000,22.000000,22.000000,22.000000,37.000000,37.000000,37.000000,38.000000,39.000000,40.000000,43.000000,1,1,1,1,1,1,1,0,0,0,0,0,0,0,74,5376.550781,837,0,1,0.515000,0.032000,-0.323627,-3.116000,-0.400000,0.076000,0
2.219315,-3.356000,-69.681000,7.355000,134.513000,30.697001,2.278000,151.916000,0.000000,0.000000,0.000000,0.000000,0.000000,0.000000,-0.120000,-471.000000,-1810.000000,110.000000,-2160.000000,91.000000,-603.000000,-2.000000,22.000000,22.000000,22.000000,22.000000,22.000000,22.000000,22.000000,37.000000,37.000000,37.000000,38.000000,39.000000,40.000000,43.000000,1,1,1,1,1,1,1,0,0,0,0,0,0,0,74,5376.549805,835,0,1,0.515000,0.032000,-0.323627,-3.116000,-0.400000,0.076000,0
2.230349,-3.356000,-69.681000,7.355000,134.513000,30.697001,2.278000,151.916000,0.000000,0.000000,0.000000,0.000000,0.000000,0.000000,0.000000,-480.000000,-1813.000000,112.000000,-2122.000000,83.000000,-602.000000,-10.000000,22.000000,22.000000,22.000000,22.000000,22.000000,22.000000,22.000000,37.000000,37.000000,37.000000,38.000000,39.000000,40.000000,43.000000,1,1,1,1,1,1,1,0,0,0,0,0,0,0,74,5376.547852,836,0,1,0.515000,0.032000,-0.323627,-3.116000,-0.400000,0.076000,0
2.240226,-3.356000,-69.681000,7.355000,134.513000,30.697001,2.278000,151.916000,0.000000,0.000000,0.000000,0.000000,0.000000,0.000000,0.000000,-475.000000,-1802.000000,145.000000,-2127.000000,87.000000,-604.000000,4.000000,22.000000,22.000000,22.000000,22.000000,22.000000,22.000000,22.000000,37.000000,37.000000,37.000000,38.000000,39.000000,40.000000,43.000000,1,1,1,1,1,1,1,0,0,0,0,0,0,0,74,5376.547852,836,0,1,0.515000,0.032000,-0.323627,-3.116000,-0.400000,0.076000,0
2.250233,-3.356000,-69.681000,7.355000,134.513000,30.697001,2.278000,151.916000,0.000000,0.000000,0.000000,0.000000,0.000000,0.000000,0.000000,-476.000000,-1813.000000,169.000000,-2144.000000,90.000000,-603.000000,-9.000000,22.000000,22.000000,22.000000,22.000000,22.000000,22.000000,22.000000,37.000000,37.000000,37.000000,38.000000,39.000000,40.000000,43.000000,1,1,1,1,1,1,1,0,0,0,0,0,0,0,74,5376.547852,836,0,1,0.515000,0.032000,-0.323627,-3.116000,-0.400000,0.076000,0
2.260345,-3.356000,-69.681000,7.355000,134.513000,30.697001,2.278000,151.916000,0.000000,0.000000,0.000000,0.000000,0.000000,0.000000,-0.120000,-476.000000,-1806.000000,119.000000,-2136.000000,89.000000,-609.000000,-9.000000,22.000000,22.000000,22.000000,22.000000,22.000000,22.000000,22.000000,37.000000,37.000000,37.000000,38.000000,39.000000,40.000000,43.000000,1,1,1,1,1,1,1,0,0,0,0,0,0,0,74,5376.550781,836,0,1,0.515000,0.032000,-0.323627,-3.116000,-0.400000,0.076000,0
2.270183,-3.356000,-69.681000,7.355000,134.513000,30.697001,2.278000,151.916000,0.000000,0.000000,0.000000,0.000000,0.000000,0.000000,0.000000,-475.000000,-1808.000000,149.000000,-2136.000000,86.000000,-602.000000,0.000000,22.000000,22.000000,22.000000,22.000000,22.000000,22.000000,22.000000,37.000000,37.000000,37.000000,38.000000,39.000000,40.000000,43.000000,1,1,1,1,1,1,1,0,0,0,0,0,0,0,74,5376.549805,837,0,1,0.515000,0.032000,-0.323627,-3.116000,-0.400000,0.076000,0
2.280227,-3.356000,-69.681000,7.355000,134.513000,30.697001,2.278000,151.916000,0.000000,0.000000,0.000000,0.000000,0.000000,0.000000,0.000000,-483.000000,-1809.000000,119.000000,-2132.000000,88.000000,-609.000000,-6.000000,22.000000,22.000000,22.000000,22.000000,22.000000,22.000000,22.000000,37.000000,37.000000,37.000000,38.000000,39.000000,40.000000,43.000000,1,1,1,1,1,1,1,0,0,0,0,0,0,0,74,5376.549805,836,0,1,0.515000,0.032000,-0.323627,-3.116000,-0.400000,0.076000,0
2.290339,-3.356000,-69.681000,7.355000,134.513000,30.697001,2.278000,151.916000,0.000000,0.000000,0.000000,0.000000,0.000000,0.000000,0.000000,-467.000000,-1808.000000,114.000000,-2145.000000,91.000000,-603.000000,-8.000000,22.000000,22.000000,22.000000,22.000000,22.000000,22.000000,22.000000,37.000000,37.000000,37.000000,38.000000,39.000000,40.000000,43.000000,1,1,1,1,1,1,1,0,0,0,0,0,0,0,74,5376.547852,837,0,1,0.515000,0.032000,-0.323627,-3.116000,-0.400000,0.076000,0
2.300462,-3.356000,-69.681000,7.355000,134.513000,30.697001,2.278000,151.916000,0.000000,0.000000,0.000000,0.000000,0.000000,0.000000,0.000000,-475.000000,-1804.000000,139.000000,-2134.000000,89.000000,-608.000000,11.000000,22.000000,22.000000,22.000000,22.000000,22.000000,22.000000,22.000000,37.000000,37.000000,37.000000,38.000000,39.000000,40.000000,43.000000,1,1,1,1,1,1,1,0,0,0,0,0,0,0,74,5376.549805,836,0,1,0.515000,0.032000,-0.323627,-3.116000,-0.400000,0.076000,0
2.310216,-3.356000,-69.681000,7.355000,134.513000,30.697001,2.278000,151.916000,0.000000,0.000000,0.000000,0.000000,0.000000,0.000000,0.000000,-464.000000,-1802.000000,117.000000,-2143.000000,82.000000,-608.000000,-7.000000,22.000000,22.000000,22.000000,22.000000,22.000000,22.000000,22.000000,37.000000,37.000000,37.000000,38.000000,39.000000,40.000000,43.000000,1,1,1,1,1,1,1,0,0,0,0,0,0,0,74,5376.547852,836,0,1,0.515000,0.032000,-0.323627,-3.116000,-0.400000,0.076000,0
2.320228,-3.356000,-69.681000,7.355000,134.513000,30.697001,2.278000,151.916000,0.000000,0.000000,0.000000,0.000000,0.000000,0.000000,0.360000,-472.000000,-1806.000000,107.000000,-2138.000000,85.000000,-606.000000,0.000000,22.000000,22.000000,22.000000,22.000000,22.000000,22.000000,22.000000,37.000000,37.000000,37.000000,38.000000,39.000000,40.000000,43.000000,1,1,1,1,1,1,1,0,0,0,0,0,0,0,74,5376.550781,836,0,1,0.515000,0.032000,-0.323627,-3.116000,-0.400000,0.076000,0
2.330270,-3.356000,-69.681000,7.355000,134.513000,30.697001,2.278000,151.916000,0.000000,0.000000,0.000000,0.000000,0.000000,0.000000,0.000000,-466.000000,-1795.000000,145.000000,-2117.000000,91.000000,-605.000000,2.000000,22.000000,22.000000,22.000000,22.000000,22.000000,22.000000,22.000000,37.000000,37.000000,37.000000,38.000000,39.000000,40.000000,43.000000,1,1,1,1,1,1,1,0,0,0,0,0,0,0,74,5376.550781,836,0,1,0.515000,0.032000,-0.323627,-3.116000,-0.400000,0.076000,0
2.340212,-3.356000,-69.681000,7.355000,134.513000,30.697001,2.278000,151.916000,0.000000,0.000000,0.000000,0.000000,-0.120000,0.000000,0.240000,-475.000000,-1799.000000,116.000000,-2118.000000,88.000000,-604.000000,4.000000,22.000000,22.000000,22.000000,22.000000,22.000000,22.000000,22.000000,37.000000,37.000000,37.000000,38.000000,39.000000,40.000000,43.000000,1,1,1,1,1,1,1,0,0,0,0,0,0,0,74,5376.549805,838,0,1,0.515000,0.032000,-0.323627,-3.116000,-0.400000,0.076000,0
2.350142,-3.356000,-69.681000,7.355000,134.513000,30.697001,2.278000,151.916000,0.000000,0.000000,0.000000,0.000000,0.000000,0.000000,0.000000,-481.000000,-1805.000000,136.000000,-2125.000000,88.000000,-610.000000,-5.000000,22.000000,22.000000,22.000000,22.000000,22.000000,22.000000,22.000000,37.000000,37.000000,37.000000,38.000000,39.000000,40.000000,43.000000,1,1,1,1,1,1,1,0,0,0,0,0,0,0,74,5376.547852,836,0,1,0.515000,0.032000,-0.323627,-3.116000,-0.400000,0.076000,0
2.360120,-3.356000,-69.681000,7.355000,134.513000,30.697001,2.278000,151.916000,0.000000,0.000000,0.000000,0.000000,0.000000,0.000000,0.120000,-471.000000,-1803.000000,109.000000,-2131.000000,90.000000,-603.000000,-11.000000,22.000000,22.000000,22.000000,22.000000,22.000000,22.000000,22.000000,37.000000,37.000000,37.000000,38.000000,39.000000,40.000000,43.000000,1,1,1,1,1,1,1,0,0,0,0,0,0,0,74,5376.547852,837,0,1,0.515000,0.032000,-0.323627,-3.116000,-0.400000,0.076000,0
2.370164,-3.356000,-69.681000,7.355000,134.513000,30.697001,2.278000,151.916000,0.000000,0.000000,0.000000,0.000000,0.000000,0.000000,0.000000,-465.000000,-1803.000000,126.000000,-2128.000000,90.000000,-613.000000,-11.000000,22.000000,22.000000,22.000000,22.000000,22.000000,22.000000,22.000000,37.000000,37.000000,37.000000,38.000000,39.000000,40.000000,43.000000,1,1,1,1,1,1,1,0,0,0,0,0,0,0,74,5376.549805,836,0,1,0.515000,0.032000,-0.323627,-3.116000,-0.400000,0.076000,0
2.380154,-3.356000,-69.681000,7.355000,134.513000,30.697001,2.278000,151.916000,0.000000,0.000000,0.000000,0.000000,0.000000,0.000000,0.000000,-468.000000,-1803.000000,123.000000,-2129.000000,94.000000,-604.000000,-18.000000,22.000000,22.000000,22.000000,22.000000,22.000000,22.000000,22.000000,37.000000,37.000000,37.000000,38.000000,39.000000,40.000000,43.000000,1,1,1,1,1,1,1,0,0,0,0,0,0,0,74,5376.550781,835,0,1,0.515000,0.032000,-0.323627,-3.116000,-0.400000,0.076000,0
2.390147,-3.356000,-69.681000,7.355000,134.513000,30.697001,2.278000,151.916000,0.000000,0.000000,0.000000,0.000000,0.000000,0.000000,0.240000,-465.000000,-1801.000000,93.000000,-2146.000000,91.000000,-603.000000,0.000000,22.000000,22.000000,22.000000,22.000000,22.000000,22.000000,22.000000,37.000000,37.000000,37.000000,38.000000,39.000000,40.000000,43.000000,1,1,1,1,1,1,1,0,0,0,0,0,0,0,74,5376.547852,835,0,1,0.515000,0.032000,-0.323627,-3.116000,-0.400000,0.076000,0
2.400264,-3.356000,-69.681000,7.355000,134.513000,30.697001,2.278000,151.916000,0.000000,0.000000,0.000000,0.000000,0.000000,0.000000,-0.120000,-466.000000,-1797.000000,121.000000,-2117.000000,93.000000,-600.000000,-14.000000,22.000000,22.000000,22.000000,22.000000,22.000000,22.000000,22.000000,37.000000,37.000000,37.000000,38.000000,39.000000,40.000000,43.000000,1,1,1,1,1,1,1,0,0,0,0,0,0,0,74,5376.549805,836,0,1,0.515000,0.032000,-0.323627,-3.116000,-0.400000,0.076000,0
2.410211,-3.356000,-69.681000,7.355000,134.513000,30.697001,2.278000,151.916000,0.000000,0.000000,0.000000,0.000000,0.000000,0.000000,0.000000,-477.000000,-1801.000000,101.000000,-2127.000000,92.000000,-599.000000,-9.000000,22.000000,22.000000,22.000000,22.000000,22.000000,22.000000,22.000000,37.000000,37.000000,37.000000,38.000000,39.000000,40.000000,43.000000,1,1,1,1,1,1,1,0,0,0,0,0,0,0,74,5376.549805,836,0,1,0.515000,0.032000,-0.323627,-3.116000,-0.400000,0.076000,0
2.420204,-3.356000,-69.681000,7.355000,134.513000,30.697001,2.278000,151.916000,0.000000,0.000000,0.000000,0.000000,0.000000,0.000000,0.000000,-488.000000,-1815.000000,102.000000,-2121.000000,93.000000,-600.000000,-3.000000,22.000000,22.000000,22.000000,22.000000,22.000000,22.000000,22.000000,37.000000,37.000000,37.000000,38.000000,39.000000,40.000000,43.000000,1,1,1,1,1,1,1,0,0,0,0,0,0,0,74,5376.550781,835,0,1,0.515000,0.032000,-0.323627,-3.116000,-0.400000,0.076000,0
