t_mono,position1,position2,position3,position4,position5,position6,position7,speed1,speed2,speed3,speed4,speed5,speed6,speed7,current1,current2,current3,current4,current5,current6,current7,voltage1,voltage2,voltage3,voltage4,voltage5,voltage6,voltage7,temperature1,temperature2,temperature3,temperature4,temperature5,temperature6,temperature7,en1,en2,en3,en4,en5,en6,en7,err1,err2,err3,err4,err5,err6,err7,lift_height,lift_pos,lift_current,lift_err,lift_en,tcp_x,tcp_y,tcp_z,tcp_rx,tcp_ry,tcp_rz,arm_status
0.347999,6.730000,-78.569000,-19.080999,122.657997,18.343000,24.909000,140.759003,0.000000,0.000000,0.000000,0.000000,0.000000,0.000000,0.000000,422.000000,391.000000,69.000000,-2984.000000,-274.000000,-348.000000,-95.000000,22.000000,22.000000,22.000000,22.000000,22.000000,22.000000,22.000000,29.000000,29.000000,30.000000,31.000000,31.000000,31.000000,32.000000,1,1,1,1,1,1,1,0,0,0,0,0,0,0,74,5376.403809,468,0,1,0.530000,-0.059999,-0.273627,-3.117000,-0.399000,0.076000,0
0.358856,6.730000,-78.569000,-19.080999,122.657997,18.343000,24.909000,140.759003,0.000000,0.000000,0.000000,0.000000,0.000000,0.000000,0.000000,426.000000,392.000000,108.000000,-2973.000000,-275.000000,-348.000000,-97.000000,22.000000,22.000000,22.000000,22.000000,22.000000,22.000000,22.000000,29.000000,29.000000,30.000000,31.000000,31.000000,31.000000,32.000000,1,1,1,1,1,1,1,0,0,0,0,0,0,0,74,5376.405762,468,0,1,0.530000,-0.059999,-0.273627,-3.117000,-0.399000,0.076000,0
0.368768,6.730000,-78.569000,-19.080999,122.657997,18.343000,24.909000,140.759003,0.000000,0.000000,0.000000,0.000000,0.000000,0.000000,0.000000,425.000000,398.000000,74.000000,-2956.000000,-273.000000,-348.000000,-88.000000,22.000000,22.000000,22.000000,22.000000,22.000000,22.000000,22.000000,29.000000,29.000000,30.000000,31.000000,31.000000,31.000000,32.000000,1,1,1,1,1,1,1,0,0,0,0,0,0,0,74,5376.402832,469,0,1,0.530000,-0.059999,-0.273627,-3.117000,-0.399000,0.076000,0
0.378740,6.730000,-78.569000,-19.080999,122.657997,18.343000,24.909000,140.759003,0.000000,0.000000,0.000000,0.000000,0.000000,0.000000,0.000000,430.000000,403.000000,94.000000,-2966.000000,-273.000000,-343.000000,-99.000000,22.000000,22.000000,22.000000,22.000000,22.000000,22.000000,22.000000,29.000000,29.000000,30.000000,31.000000,31.000000,31.000000,32.000000,1,1,1,1,1,1,1,0,0,0,0,0,0,0,74,5376.403809,467,0,1,0.530000,-0.059999,-0.273627,-3.117000,-0.399000,0.076000,0
0.388721,6.730000,-78.569000,-19.080999,122.657997,18.343000,24.909000,140.759003,0.000000,0.000000,0.000000,0.000000,0.000000,0.000000,0.000000,430.000000,396.000000,72.000000,-2970.000000,-275.000000,-346.000000,-93.000000,22.000000,22.000000,22.000000,22.000000,22.000000,22.000000,22.000000,29.000000,29.000000,30.000000,31.000000,31.000000,31.000000,32.000000,1,1,1,1,1,1,1,0,0,0,0,0,0,0,74,5376.403809,469,0,1,0.530000,-0.059999,-0.273627,-3.117000,-0.399000,0.076000,0
0.398833,6.730000,-78.569000,-19.080999,122.657997,18.343000,24.909000,140.759003,0.000000,0.000000,0.000000,0.000000,0.000000,0.000000,0.000000,424.000000,392.000000,87.000000,-2974.000000,-279.000000,-345.000000,-90.000000,22.000000,22.000000,22.000000,22.000000,22.000000,22.000000,22.000000,29.000000,29.000000,30.000000,31.000000,31.000000,31.000000,32.000000,1,1,1,1,1,1,1,0,0,0,0,0,0,0,74,5376.403809,467,0,1,0.530000,-0.059999,-0.273627,-3.117000,-0.399000,0.076000,0
0.408807,6.730000,-78.569000,-19.080999,122.657997,18.343000,24.909000,140.759003,0.000000,0.000000,0.000000,0.000000,0.000000,0.000000,0.000000,423.000000,395.000000,86.000000,-2969.000000,-275.000000,-345.000000,-98.000000,22.000000,22.000000,22.000000,22.000000,22.000000,22.000000,22.000000,29.000000,29.000000,30.000000,31.000000,31.000000,31.000000,32.000000,1,1,1,1,1,1,1,0,0,0,0,0,0,0,74,5376.402832,467,0,1,0.530000,-0.059999,-0.273627,-3.117000,-0.399000,0.076000,0
0.418773,6.730000,-78.569000,-19.080999,122.657997,18.343000,24.909000,140.759003,0.000000,0.000000,0.000000,0.000000,0.000000,0.000000,0.120000,419.000000,385.000000,74.000000,-2973.000000,-276.000000,-345.000000,-101.000000,22.000000,22.000000,22.000000,22.000000,22.000000,22.000000,22.000000,29.000000,29.000000,30.000000,31.000000,31.000000,31.000000,32.000000,1,1,1,1,1,1,1,0,0,0,0,0,0,0,74,5376.402832,469,0,1,0.530000,-0.059999,-0.273627,-3.117000,-0.399000,0.076000,0
0.428822,6.730000,-78.569000,-19.080999,122.657997,18.343000,24.909000,140.759003,0.000000,0.000000,0.000000,0.000000,0.000000,0.000000,0.000000,426.000000,398.000000,78.000000,-2976.000000,-274.000000,-346.000000,-82.000000,22.000000,22.000000,22.000000,22.000000,22.000000,22.000000,22.000000,29.000000,29.000000,30.000000,31.000000,31.000000,31.000000,32.000000,1,1,1,1,1,1,1,0,0,0,0,0,0,0,74,5376.403809,468,0,1,0.530000,-0.059999,-0.273627,-3.117000,-0.399000,0.076000,0
0.438813,6.748000,-78.513000,-19.091000,122.696999,18.421000,24.819000,140.671005,0.000000,0.000000,0.000000,0.000000,0.000000,0.000000,0.120000,418.000000,384.000000,84.000000,-2973.000000,-272.000000,-348.000000,-93.000000,22.000000,22.000000,22.000000,22.000000,22.000000,22.000000,22.000000,29.000000,29.000000,30.000000,31.000000,31.000000,31.000000,32.000000,1,1,1,1,1,1,1,0,0,0,0,0,0,0,74,5376.405762,469,0,1,0.530000,-0.059999,-0.273938,-3.116000,-0.399000,0.076000,1
0.448829,6.760000,-78.495003,-19.090000,122.709999,18.431000,24.784000,140.656998,0.000000,0.000000,0.000000,0.000000,0.000000,0.000000,0.120000,418.000000,384.000000,84.000000,-2973.000000,-272.000000,-348.000000,-93.000000,22.000000,22.000000,22.000000,22.000000,22.000000,22.000000,22.000000,29.000000,29.000000,30.000000,31.000000,31.000000,31.000000,32.000000,1,1,1,1,1,1,1,0,0,0,0,0,0,0,74,5376.405762,469,0,1,0.529999,-0.059999,-0.274048,-3.116000,-0.399000,0.076000,1
0.458895,6.815000,-78.419998,-19.087000,122.768997,18.462000,24.636000,140.606003,0.000000,0.000000,0.000000,0.000000,0.000000,0.000000,0.120000,418.000000,384.000000,84.000000,-2973.000000,-272.000000,-348.000000,-93.000000,22.000000,22.000000,22.000000,22.000000,22.000000,22.000000,22.000000,29.000000,29.000000,30.000000,31.000000,31.000000,31.000000,32.000000,1,1,1,1,1,1,1,0,0,0,0,0,0,0,74,5376.403809,469,0,1,0.530000,-0.059999,-0.274515,-3.116000,-0.399000,0.076000,1
0.468785,6.885000,-78.330002,-19.080999,122.837997,18.492001,24.457001,140.552994,0.000000,0.000000,0.000000,0.000000,0.000000,0.000000,0.120000,418.000000,384.000000,84.000000,-2973.000000,-272.000000,-348.000000,-93.000000,22.000000,22.000000,22.000000,22.000000,22.000000,22.000000,22.000000,29.000000,29.000000,30.000000,31.000000,31.000000,31.000000,32.000000,1,1,1,1,1,1,1,0,0,0,0,0,0,0,74,5376.403809,469,0,1,0.530000,-0.059999,-0.275073,-3.116000,-0.399000,0.076000,1
0.478833,6.977000,-78.214996,-19.073000,122.927002,18.524000,24.226999,140.490005,0.000000,0.000000,0.000000,0.000000,0.000000,0.000000,0.120000,418.000000,384.000000,84.000000,-2973.000000,-272.000000,-348.000000,-93.000000,22.000000,22.000000,22.000000,22.000000,22.000000,22.000000,22.000000,29.000000,29.000000,30.000000,31.000000,31.000000,31.000000,32.000000,1,1,1,1,1,1,1,0,0,0,0,0,0,0,74,5376.403809,468,0,1,0.530000,-0.059999,-0.275791,-3.116000,-0.399000,0.076000,1
0.488738,7.091000,-78.075996,-19.062000,123.033997,18.558001,23.947001,140.417999,0.000000,0.000000,0.000000,0.000000,0.000000,0.000000,0.120000,418.000000,384.000000,84.000000,-2973.000000,-272.000000,-348.000000,-93.000000,22.000000,22.000000,22.000000,22.000000,22.000000,22.000000,22.000000,29.000000,29.000000,30.000000,31.000000,31.000000,31.000000,32.000000,1,1,1,1,1,1,1,0,0,0,0,0,0,0,74,5376.403809,468,0,1,0.529999,-0.059999,-0.276661,-3.116000,-0.399000,0.076000,1
0.498837,7.254000,-77.879997,-19.047001,123.181999,18.601000,23.552000,140.320999,0.000000,0.000000,0.000000,0.000000,0.000000,0.000000,0.120000,418.000000,384.000000,84.000000,-2973.000000,-272.000000,-348.000000,-93.000000,22.000000,22.000000,22.000000,22.000000,22.000000,22.000000,22.000000,29.000000,29.000000,30.000000,31.000000,31.000000,31.000000,32.000000,1,1,1,1,1,1,1,0,0,0,0,0,0,0,74,5376.403809,468,0,1,0.530000,-0.059999,-0.277883,-3.117000,-0.400000,0.076000,1
0.508822,7.408000,-77.695999,-19.032000,123.319000,18.638000,23.184999,140.233002,0.000000,0.000000,0.000000,0.000000,0.000000,0.000000,0.120000,418.000000,384.000000,84.000000,-2973.000000,-272.000000,-348.000000,-93.000000,22.000000,22.000000,22.000000,22.000000,22.000000,22.000000,22.000000,29.000000,29.000000,30.000000,31.000000,31.000000,31.000000,32.000000,1,1,1,1,1,1,1,0,0,0,0,0,0,0,74,5376.403809,468,0,1,0.530000,-0.059999,-0.279019,-3.116000,-0.399000,0.076000,1
0.518788,7.507000,-77.579002,-19.024000,123.404999,18.660999,22.952000,140.179001,0.000000,0.000000,0.000000,0.000000,0.000000,0.000000,0.120000,418.000000,384.000000,84.000000,-2973.000000,-272.000000,-348.000000,-93.000000,22.000000,22.000000,22.000000,22.000000,22.000000,22.000000,22.000000,29.000000,29.000000,30.000000,31.000000,31.000000,31.000000,32.000000,1,1,1,1,1,1,1,0,0,0,0,0,0,0,74,5376.402832,468,0,1,0.530000,-0.059999,-0.279738,-3.117000,-0.400000,0.076000,1
0.528879,7.747000,-77.296997,-19.003000,123.609001,18.712999,22.391001,140.048004,0.000000,0.000000,0.000000,0.000000,0.000000,0.000000,0.120000,418.000000,384.000000,84.000000,-2973.000000,-272.000000,-348.000000,-93.000000,22.000000,22.000000,22.000000,22.000000,22.000000,22.000000,22.000000,29.000000,29.000000,30.000000,31.000000,31.000000,31.000000,32.000000,1,1,1,1,1,1,1,0,0,0,0,0,0,0,74,5376.405762,470,0,1,0.530000,-0.059999,-0.281467,-3.116000,-0.399000,0.076000,1
0.538736,7.922000,-77.092003,-18.990000,123.752998,18.750000,21.987000,139.953995,0.000000,0.000000,0.000000,0.000000,0.000000,0.000000,0.120000,418.000000,384.000000,84.000000,-2973.000000,-272.000000,-348.000000,-93.000000,22.000000,22.000000,22.000000,22.000000,22.000000,22.000000,22.000000,29.000000,29.000000,30.000000,31.000000,31.000000,31.000000,32.000000,1,1,1,1,1,1,1,0,0,0,0,0,0,0,74,5376.403809,469,0,1,0.530000,-0.059999,-0.282710,-3.116000,-0.399000,0.076000,1
0.548685,8.028000,-76.969002,-18.982000,123.838997,18.771000,21.745001,139.897995,0.000000,0.000000,0.000000,0.000000,0.000000,0.000000,0.120000,418.000000,384.000000,84.000000,-2973.000000,-272.000000,-348.000000,-93.000000,22.000000,22.000000,22.000000,22.000000,22.000000,22.000000,22.000000,29.000000,29.000000,30.000000,31.000000,31.000000,31.000000,32.000000,1,1,1,1,1,1,1,0,0,0,0,0,0,0,74,5376.405762,469,0,1,0.529999,-0.059999,-0.283457,-3.116000,-0.399000,0.076000,1
0.558755,8.207000,-76.762001,-18.969999,123.981003,18.806999,21.340000,139.804993,0.000000,0.000000,0.000000,0.000000,0.000000,0.000000,0.120000,418.000000,384.000000,84.000000,-2973.000000,-272.000000,-348.000000,-93.000000,22.000000,22.000000,22.000000,22.000000,22.000000,22.000000,22.000000,29.000000,29.000000,30.000000,31.000000,31.000000,31.000000,32.000000,1,1,1,1,1,1,1,0,0,0,0,0,0,0,74,5376.403809,470,0,1,0.530000,-0.059999,-0.284700,-3.116000,-0.399000,0.076000,1
0.568726,8.424000,-76.511002,-18.957001,124.149002,18.848000,20.854000,139.694000,0.000000,0.000000,0.000000,0.000000,0.000000,0.000000,0.120000,418.000000,384.000000,84.000000,-2973.000000,-272.000000,-348.000000,-93.000000,22.000000,22.000000,22.000000,22.000000,22.000000,22.000000,22.000000,29.000000,29.000000,30.000000,31.000000,31.000000,31.000000,32.000000,1,1,1,1,1,1,1,0,0,0,0,0,0,0,74,5376.403809,469,0,1,0.529999,-0.059999,-0.286192,-3.116000,-0.399000,0.076000,1
0.578753,8.607000,-76.301003,-18.947001,124.287003,18.882000,20.448000,139.600998,0.000000,0.000000,0.000000,0.000000,0.000000,0.000000,0.120000,418.000000,384.000000,84.000000,-2973.000000,-272.000000,-348.000000,-93.000000,22.000000,22.000000,22.000000,22.000000,22.000000,22.000000,22.000000,29.000000,29.000000,30.000000,31.000000,31.000000,31.000000,32.000000,1,1,1,1,1,1,1,0,0,0,0,0,0,0,74,5376.403809,468,0,1,0.530000,-0.059999,-0.287436,-3.116000,-0.399000,0.076000,1
0.588738,8.793000,-76.089996,-18.938000,124.422997,18.915001,20.042000,139.509003,0.000000,0.000000,0.000000,0.000000,0.000000,0.000000,0.120000,418.000000,384.000000,84.000000,-2973.000000,-272.000000,-348.000000,-93.000000,22.000000,22.000000,22.000000,22.000000,22.000000,22.000000,22.000000,29.000000,29.000000,30.000000,31.000000,31.000000,31.000000,32.000000,1,1,1,1,1,1,1,0,0,0,0,0,0,0,74,5376.403809,468,0,1,0.529999,-0.059999,-0.288679,-3.116000,-0.399000,0.076000,1
0.598722,8.980000,-75.876999,-18.930000,124.556999,18.947001,19.636000,139.417007,0.000000,0.000000,0.000000,0.000000,0.000000,0.000000,0.120000,418.000000,384.000000,84.000000,-2973.000000,-272.000000,-348.000000,-93.000000,22.000000,22.000000,22.000000,22.000000,22.000000,22.000000,22.000000,29.000000,29.000000,30.000000,31.000000,31.000000,31.000000,32.000000,1,1,1,1,1,1,1,0,0,0,0,0,0,0,74,5376.402832,469,0,1,0.529999,-0.059999,-0.289923,-3.116000,-0.399000,0.076000,1
0.608727,9.170000,-75.663002,-18.923000,124.690002,18.978001,19.229000,139.324997,0.000000,0.000000,0.000000,0.000000,0.000000,0.000000,0.120000,418.000000,384.000000,84.000000,-2973.000000,-272.000000,-348.000000,-93.000000,22.000000,22.000000,22.000000,22.000000,22.000000,22.000000,22.000000,29.000000,29.000000,30.000000,31.000000,31.000000,31.000000,32.000000,1,1,1,1,1,1,1,0,0,0,0,0,0,0,74,5376.403809,469,0,1,0.530000,-0.059999,-0.291166,-3.116000,-0.399000,0.076000,1
0.618691,9.400000,-75.403999,-18.916000,124.846001,19.014000,18.740000,139.214996,0.000000,0.000000,0.000000,0.000000,0.000000,0.000000,0.120000,418.000000,384.000000,84.000000,-2973.000000,-272.000000,-348.000000,-93.000000,22.000000,22.000000,22.000000,22.000000,22.000000,22.000000,22.000000,29.000000,29.000000,30.000000,31.000000,31.000000,31.000000,32.000000,1,1,1,1,1,1,1,0,0,0,0,0,0,0,74,5376.403809,468,0,1,0.529999,-0.059999,-0.292659,-3.116000,-0.399000,0.076000,1
0.628753,9.594000,-75.186996,-18.912001,124.974998,19.042000,18.333000,139.123993,0.000000,0.000000,0.000000,0.000000,0.000000,0.000000,0.120000,418.000000,384.000000,84.000000,-2973.000000,-272.000000,-348.000000,-93.000000,22.000000,22.000000,22.000000,22.000000,22.000000,22.000000,22.000000,29.000000,29.000000,30.000000,31.000000,31.000000,31.000000,32.000000,1,1,1,1,1,1,1,0,0,0,0,0,0,0,74,5376.403809,470,0,1,0.530000,-0.059999,-0.293902,-3.116000,-0.399000,0.076000,1
0.638731,9.790000,-74.969002,-18.908001,125.101997,19.070000,17.924999,139.033997,0.000000,0.000000,0.000000,0.000000,0.000000,0.000000,0.120000,418.000000,384.000000,84.000000,-2973.000000,-272.000000,-348.000000,-93.000000,22.000000,22.000000,22.000000,22.000000,22.000000,22.000000,22.000000,29.000000,29.000000,30.000000,31.000000,31.000000,31.000000,32.000000,1,1,1,1,1,1,1,0,0,0,0,0,0,0,74,5376.403809,469,0,1,0.529999,-0.059999,-0.295146,-3.116000,-0.399000,0.076000,1
0.648795,9.989000,-74.750000,-18.906000,125.226997,19.097000,17.517000,138.944000,0.000000,0.000000,0.000000,0.000000,0.000000,0.000000,0.120000,418.000000,384.000000,84.000000,-2973.000000,-272.000000,-348.000000,-93.000000,22.000000,22.000000,22.000000,22.000000,22.000000,22.000000,22.000000,29.000000,29.000000,30.000000,31.000000,31.000000,31.000000,32.000000,1,1,1,1,1,1,1,0,0,0,0,0,0,0,74,5376.405762,468,0,1,0.530000,-0.059999,-0.296389,-3.116000,-0.399000,0.076000,1
0.658779,10.109000,-74.617996,-18.906000,125.301003,19.113001,17.271999,138.889999,0.000000,0.000000,0.000000,0.000000,0.000000,0.000000,0.120000,418.000000,384.000000,84.000000,-2973.000000,-272.000000,-348.000000,-93.000000,22.000000,22.000000,22.000000,22.000000,22.000000,22.000000,22.000000,29.000000,29.000000,30.000000,31.000000,31.000000,31.000000,32.000000,1,1,1,1,1,1,1,0,0,0,0,0,0,0,74,5376.405762,469,0,1,0.529999,-0.059999,-0.297135,-3.116000,-0.399000,0.076000,1
0.668709,10.433000,-74.263000,-18.906000,125.495003,19.153000,16.618000,138.746002,0.000000,0.000000,0.000000,0.000000,0.000000,0.000000,0.120000,418.000000,384.000000,84.000000,-2973.000000,-272.000000,-348.000000,-93.000000,22.000000,22.000000,22.000000,22.000000,22.000000,22.000000,22.000000,29.000000,29.000000,30.000000,31.000000,31.000000,31.000000,32.000000,1,1,1,1,1,1,1,0,0,0,0,0,0,0,74,5376.405762,469,0,1,0.530000,-0.060000,-0.299125,-3.117000,-0.400000,0.076000,1
0.678730,10.515000,-74.174004,-18.907000,125.542999,19.163000,16.455000,138.710999,0.000000,0.000000,0.000000,0.000000,0.000000,0.000000,0.120000,418.000000,384.000000,84.000000,-2973.000000,-272.000000,-348.000000,-93.000000,22.000000,22.000000,22.000000,22.000000,22.000000,22.000000,22.000000,29.000000,29.000000,30.000000,31.000000,31.000000,31.000000,32.000000,1,1,1,1,1,1,1,0,0,0,0,0,0,0,74,5376.402832,469,0,1,0.529999,-0.059999,-0.299622,-3.116000,-0.399000,0.076000,1
0.688742,10.763000,-73.904999,-18.910999,125.684998,19.190001,15.964000,138.604004,0.000000,0.000000,0.000000,0.000000,0.000000,0.000000,0.120000,418.000000,384.000000,84.000000,-2973.000000,-272.000000,-348.000000,-93.000000,22.000000,22.000000,22.000000,22.000000,22.000000,22.000000,22.000000,29.000000,29.000000,30.000000,31.000000,31.000000,31.000000,32.000000,1,1,1,1,1,1,1,0,0,0,0,0,0,0,74,5376.405762,470,0,1,0.529999,-0.059999,-0.301115,-3.116000,-0.399000,0.076000,1
0.698812,10.972000,-73.680000,-18.915001,125.801003,19.212000,15.555000,138.514999,0.000000,0.000000,0.000000,0.000000,0.000000,0.000000,0.120000,418.000000,384.000000,84.000000,-2973.000000,-272.000000,-348.000000,-93.000000,22.000000,22.000000,22.000000,22.000000,22.000000,22.000000,22.000000,29.000000,29.000000,30.000000,31.000000,31.000000,31.000000,32.000000,1,1,1,1,1,1,1,0,0,0,0,0,0,0,74,5376.403809,469,0,1,0.529999,-0.059999,-0.302358,-3.116000,-0.399000,0.076000,1
0.708748,11.183000,-73.453003,-18.921000,125.915001,19.233000,15.146000,138.427002,0.000000,0.000000,0.000000,0.000000,0.000000,0.000000,0.120000,418.000000,384.000000,84.000000,-2973.000000,-272.000000,-348.000000,-93.000000,22.000000,22.000000,22.000000,22.000000,22.000000,22.000000,22.000000,29.000000,29.000000,30.000000,31.000000,31.000000,31.000000,32.000000,1,1,1,1,1,1,1,0,0,0,0,0,0,0,74,5376.403809,468,0,1,0.529999,-0.059999,-0.303602,-3.116000,-0.399000,0.076000,1
0.718757,11.396000,-73.225998,-18.927999,126.028000,19.253000,14.737000,138.339996,0.000000,0.000000,0.000000,0.000000,0.000000,0.000000,0.120000,418.000000,384.000000,84.000000,-2973.000000,-272.000000,-348.000000,-93.000000,22.000000,22.000000,22.000000,22.000000,22.000000,22.000000,22.000000,29.000000,29.000000,30.000000,31.000000,31.000000,31.000000,32.000000,1,1,1,1,1,1,1,0,0,0,0,0,0,0,74,5376.405762,468,0,1,0.529999,-0.059999,-0.304845,-3.116000,-0.399000,0.076000,1
0.728812,11.611000,-72.997002,-18.937000,126.138000,19.271000,14.327000,138.251999,0.000000,0.000000,0.000000,0.000000,0.000000,0.000000,0.120000,418.000000,384.000000,84.000000,-2973.000000,-272.000000,-348.000000,-93.000000,22.000000,22.000000,22.000000,22.000000,22.000000,22.000000,22.000000,29.000000,29.000000,30.000000,31.000000,31.000000,31.000000,32.000000,1,1,1,1,1,1,1,0,0,0,0,0,0,0,74,5376.402832,468,0,1,0.529999,-0.059999,-0.306089,-3.116000,-0.399000,0.076000,1
0.738762,11.828000,-72.766998,-18.948000,126.247002,19.288000,13.918000,138.166000,0.000000,0.000000,0.000000,0.000000,0.000000,0.000000,0.120000,418.000000,384.000000,84.000000,-2973.000000,-272.000000,-348.000000,-93.000000,22.000000,22.000000,22.000000,22.000000,22.000000,22.000000,22.000000,29.000000,29.000000,30.000000,31.000000,31.000000,31.000000,32.000000,1,1,1,1,1,1,1,0,0,0,0,0,0,0,74,5376.403809,467,0,1,0.529999,-0.059999,-0.307332,-3.116000,-0.399000,0.077000,1
0.748818,12.048000,-72.536003,-18.959999,126.353996,19.305000,13.508000,138.080002,0.000000,0.000000,0.000000,0.000000,0.000000,0.000000,0.120000,418.000000,384.000000,84.000000,-2973.000000,-272.000000,-348.000000,-93.000000,22.000000,22.000000,22.000000,22.000000,22.000000,22.000000,22.000000,29.000000,29.000000,30.000000,31.000000,31.000000,31.000000,32.000000,1,1,1,1,1,1,1,0,0,0,0,0,0,0,74,5376.403809,469,0,1,0.529999,-0.059999,-0.308576,-3.116000,-0.399000,0.076000,1
0.758791,12.270000,-72.304001,-18.974001,126.458000,19.319000,13.099000,137.994003,0.000000,0.000000,0.000000,0.000000,0.000000,0.000000,0.120000,418.000000,384.000000,84.000000,-2973.000000,-272.000000,-348.000000,-93.000000,22.000000,22.000000,22.000000,22.000000,22.000000,22.000000,22.000000,29.000000,29.000000,30.000000,31.000000,31.000000,31.000000,32.000000,1,1,1,1,1,1,1,0,0,0,0,0,0,0,74,5376.405762,469,0,1,0.529999,-0.059999,-0.309819,-3.116000,-0.399000,0.076000,1
0.768812,12.538000,-72.025002,-18.992001,126.582001,19.336000,12.608000,137.891006,0.000000,0.000000,0.000000,0.000000,0.000000,0.000000,0.120000,418.000000,384.000000,84.000000,-2973.000000,-272.000000,-348.000000,-93.000000,22.000000,22.000000,22.000000,22.000000,22.000000,22.000000,22.000000,29.000000,29.000000,30.000000,31.000000,31.000000,31.000000,32.000000,1,1,1,1,1,1,1,0,0,0,0,0,0,0,74,5376.403809,469,0,1,0.529999,-0.059999,-0.311312,-3.116000,-0.399000,0.076000,1
0.778833,12.765000,-71.790001,-19.010000,126.681999,19.348000,12.199000,137.807007,0.000000,0.000000,0.000000,0.000000,0.000000,0.000000,0.120000,418.000000,384.000000,84.000000,-2973.000000,-272.000000,-348.000000,-93.000000,22.000000,22.000000,22.000000,22.000000,22.000000,22.000000,22.000000,29.000000,29.000000,30.000000,31.000000,31.000000,31.000000,32.000000,1,1,1,1,1,1,1,0,0,0,0,0,0,0,74,5376.403809,469,0,1,0.529999,-0.059999,-0.312555,-3.116000,-0.399000,0.076000,1
0.788724,12.994000,-71.555000,-19.028999,126.780998,19.358999,11.790000,137.722000,0.000000,0.000000,0.000000,0.000000,0.000000,0.000000,0.120000,418.000000,384.000000,84.000000,-2973.000000,-272.000000,-348.000000,-93.000000,22.000000,22.000000,22.000000,22.000000,22.000000,22.000000,22.000000,29.000000,29.000000,30.000000,31.000000,31.000000,31.000000,32.000000,1,1,1,1,1,1,1,0,0,0,0,0,0,0,74,5376.405762,467,0,1,0.529999,-0.059999,-0.313799,-3.116000,-0.399000,0.076000,1
0.798745,13.271000,-71.272003,-19.054001,126.897003,19.370001,11.299000,137.621994,0.000000,0.000000,0.000000,0.000000,0.000000,0.000000,0.120000,418.000000,384.000000,84.000000,-2973.000000,-272.000000,-348.000000,-93.000000,22.000000,22.000000,22.000000,22.000000,22.000000,22.000000,22.000000,29.000000,29.000000,30.000000,31.000000,31.000000,31.000000,32.000000,1,1,1,1,1,1,1,0,0,0,0,0,0,0,74,5376.405762,469,0,1,0.529999,-0.059999,-0.315291,-3.116000,-0.399000,0.076000,1
0.808724,13.504000,-71.035004,-19.077999,126.990997,19.378000,10.890000,137.539001,0.000000,0.000000,0.000000,0.000000,0.000000,0.000000,0.120000,418.000000,384.000000,84.000000,-2973.000000,-272.000000,-348.000000,-93.000000,22.000000,22.000000,22.000000,22.000000,22.000000,22.000000,22.000000,29.000000,29.000000,30.000000,31.000000,31.000000,31.000000,32.000000,1,1,1,1,1,1,1,0,0,0,0,0,0,0,74,5376.403809,469,0,1,0.529999,-0.059999,-0.316534,-3.116000,-0.399000,0.076000,1
0.818748,13.644000,-70.892998,-19.091999,127.046997,19.382999,10.647000,137.490005,0.000000,0.000000,0.000000,0.000000,0.000000,0.000000,0.120000,418.000000,384.000000,84.000000,-2973.000000,-272.000000,-348.000000,-93.000000,22.000000,22.000000,22.000000,22.000000,22.000000,22.000000,22.000000,29.000000,29.000000,30.000000,31.000000,31.000000,31.000000,32.000000,1,1,1,1,1,1,1,0,0,0,0,0,0,0,74,5376.405762,468,0,1,0.530000,-0.060000,-0.317274,-3.117000,-0.400000,0.076000,1
0.828848,13.871000,-70.663002,-19.118000,127.134003,19.389000,10.255000,137.410004,0.000000,0.000000,0.000000,0.000000,0.000000,0.000000,0.120000,418.000000,384.000000,84.000000,-2973.000000,-272.000000,-348.000000,-93.000000,22.000000,22.000000,22.000000,22.000000,22.000000,22.000000,22.000000,29.000000,29.000000,30.000000,31.000000,31.000000,31.000000,32.000000,1,1,1,1,1,1,1,0,0,0,0,0,0,0,74,5376.403809,468,0,1,0.529999,-0.059999,-0.318470,-3.116000,-0.399000,0.076000,1
0.838742,14.086000,-70.447998,-19.143000,127.214996,19.395000,9.888000,137.335007,0.000000,0.000000,0.000000,0.000000,0.000000,0.000000,0.120000,418.000000,384.000000,84.000000,-2973.000000,-272.000000,-348.000000,-93.000000,22.000000,22.000000,22.000000,22.000000,22.000000,22.000000,22.000000,29.000000,29.000000,30.000000,31.000000,31.000000,31.000000,32.000000,1,1,1,1,1,1,1,0,0,0,0,0,0,0,74,5376.403809,468,0,1,0.529999,-0.059999,-0.319588,-3.116000,-0.399000,0.076000,1
0.848682,14.280000,-70.252998,-19.167000,127.286003,19.400999,9.558000,137.266006,0.000000,0.000000,0.000000,0.000000,0.000000,0.000000,0.120000,418.000000,384.000000,84.000000,-2973.000000,-272.000000,-348.000000,-93.000000,22.000000,22.000000,22.000000,22.000000,22.000000,22.000000,22.000000,29.000000,29.000000,30.000000,31.000000,31.000000,31.000000,32.000000,1,1,1,1,1,1,1,0,0,0,0,0,0,0,74,5376.403809,467,0,1,0.529999,-0.059999,-0.320594,-3.116000,-0.399000,0.076000,1
0.858753,14.351000,-70.181999,-19.176001,127.310997,19.403000,9.438000,137.240005,0.000000,0.000000,0.000000,0.000000,0.000000,0.000000,0.120000,418.000000,384.000000,84.000000,-2973.000000,-272.000000,-348.000000,-93.000000,22.000000,22.000000,22.000000,22.000000,22.000000,22.000000,22.000000,29.000000,29.000000,30.000000,31.000000,31.000000,31.000000,32.000000,1,1,1,1,1,1,1,0,0,0,0,0,0,0,74,5376.402832,468,0,1,0.529999,-0.059999,-0.320960,-3.116000,-0.399000,0.076000,1
0.868861,14.449000,-70.084000,-19.188999,127.346001,19.408001,9.273000,137.203995,0.000000,0.000000,0.000000,0.000000,0.000000,0.000000,0.120000,418.000000,384.000000,84.000000,-2973.000000,-272.000000,-348.000000,-93.000000,22.000000,22.000000,22.000000,22.000000,22.000000,22.000000,22.000000,29.000000,29.000000,30.000000,31.000000,31.000000,31.000000,32.000000,1,1,1,1,1,1,1,0,0,0,0,0,0,0,74,5376.403809,469,0,1,0.529999,-0.059999,-0.321465,-3.116000,-0.399000,0.076000,1
0.878710,14.612000,-69.919998,-19.212000,127.403999,19.417999,8.998000,137.141006,0.000000,0.000000,0.000000,0.000000,0.000000,0.000000,0.120000,418.000000,384.000000,84.000000,-2973.000000,-272.000000,-348.000000,-93.000000,22.000000,22.000000,22.000000,22.000000,22.000000,22.000000,22.000000,29.000000,29.000000,30.000000,31.000000,31.000000,31.000000,32.000000,1,1,1,1,1,1,1,0,0,0,0,0,0,0,74,5376.403809,470,0,1,0.529999,-0.059999,-0.322307,-3.116000,-0.399000,0.076000,1
0.888721,14.715000,-69.817001,-19.226999,127.440002,19.427999,8.826000,137.097000,0.000000,0.000000,0.000000,0.000000,0.000000,0.000000,0.120000,418.000000,384.000000,84.000000,-2973.000000,-272.000000,-348.000000,-93.000000,22.000000,22.000000,22.000000,22.000000,22.000000,22.000000,22.000000,29.000000,29.000000,30.000000,31.000000,31.000000,31.000000,32.000000,1,1,1,1,1,1,1,0,0,0,0,0,0,0,74,5376.403809,468,0,1,0.529999,-0.059999,-0.322833,-3.116000,-0.399000,0.076000,1
0.898829,14.798000,-69.733002,-19.240000,127.468002,19.443001,8.686000,137.054993,0.000000,0.000000,0.000000,0.000000,0.000000,0.000000,0.120000,418.000000,384.000000,84.000000,-2973.000000,-272.000000,-348.000000,-93.000000,22.000000,22.000000,22.000000,22.000000,22.000000,22.000000,22.000000,29.000000,29.000000,30.000000,31.000000,31.000000,31.000000,32.000000,1,1,1,1,1,1,1,0,0,0,0,0,0,0,74,5376.403809,468,0,1,0.529999,-0.059999,-0.323265,-3.116000,-0.399000,0.076000,1
0.908728,14.839000,-69.691002,-19.247000,127.483002,19.458000,8.617000,137.026993,0.000000,0.000000,0.000000,0.000000,0.000000,0.000000,0.120000,418.000000,384.000000,84.000000,-2973.000000,-272.000000,-348.000000,-93.000000,22.000000,22.000000,22.000000,22.000000,22.000000,22.000000,22.000000,29.000000,29.000000,30.000000,31.000000,31.000000,31.000000,32.000000,1,1,1,1,1,1,1,0,0,0,0,0,0,0,74,5376.403809,470,0,1,0.529999,-0.059999,-0.323478,-3.116000,-0.399000,0.076000,1
0.918737,14.858000,-69.668999,-19.250000,127.489998,19.474001,8.582000,137.005005,0.000000,0.000000,0.000000,0.000000,0.000000,0.000000,0.120000,418.000000,384.000000,84.000000,-2973.000000,-272.000000,-348.000000,-93.000000,22.000000,22.000000,22.000000,22.000000,22.000000,22.000000,22.000000,29.000000,29.000000,30.000000,31.000000,31.000000,31.000000,32.000000,1,1,1,1,1,1,1,0,0,0,0,0,0,0,74,5376.403809,467,0,1,0.530000,-0.060000,-0.323586,-3.117000,-0.400000,0.076000,1
0.928739,14.862000,-69.663002,-19.252001,127.491997,19.483999,8.573000,136.992996,0.000000,0.000000,0.000000,0.000000,0.000000,0.000000,0.120000,418.000000,384.000000,84.000000,-2973.000000,-272.000000,-348.000000,-93.000000,22.000000,22.000000,22.000000,22.000000,22.000000,22.000000,22.000000,29.000000,29.000000,30.000000,31.000000,31.000000,31.000000,32.000000,1,1,1,1,1,1,1,0,0,0,0,0,0,0,74,5376.405762,468,0,1,0.529999,-0.059999,-0.323615,-3.116000,-0.399000,0.076000,1
0.938728,14.863000,-69.661003,-19.252001,127.491997,19.490999,8.571000,136.985992,0.000000,0.000000,0.000000,0.000000,0.000000,0.000000,0.120000,418.000000,384.000000,84.000000,-2973.000000,-272.000000,-348.000000,-93.000000,22.000000,22.000000,22.000000,22.000000,22.000000,22.000000,22.000000,29.000000,29.000000,30.000000,31.000000,31.000000,31.000000,32.000000,1,1,1,1,1,1,1,0,0,0,0,0,0,0,74,5376.403809,468,0,1,0.529999,-0.059999,-0.323623,-3.116000,-0.399000,0.077000,1
0.949767,14.860000,-69.657997,-19.254000,127.491997,19.518999,8.571000,136.959000,0.000000,0.000000,0.000000,0.000000,0.000000,0.000000,0.120000,418.000000,384.000000,84.000000,-2973.000000,-272.000000,-348.000000,-93.000000,22.000000,22.000000,22.000000,22.000000,22.000000,22.000000,22.000000,29.000000,29.000000,30.000000,31.000000,31.000000,31.000000,32.000000,1,1,1,1,1,1,1,0,0,0,0,0,0,0,74,5376.403809,469,0,1,0.530003,-0.060000,-0.323628,-3.116000,-0.400000,0.076000,1
0.959780,14.859000,-69.656998,-19.254000,127.488998,19.530001,8.573000,136.949005,0.000000,0.000000,0.000000,0.000000,0.000000,0.000000,0.120000,418.000000,384.000000,84.000000,-2973.000000,-272.000000,-348.000000,-93.000000,22.000000,22.000000,22.000000,22.000000,22.000000,22.000000,22.000000,29.000000,29.000000,30.000000,31.000000,31.000000,31.000000,32.000000,1,1,1,1,1,1,1,0,0,0,0,0,0,0,74,5376.403809,467,0,1,0.530011,-0.059999,-0.323628,-3.116000,-0.399000,0.076000,1
0.969748,14.854000,-69.649002,-19.253000,127.478996,19.549000,8.579000,136.934006,0.000000,0.000000,0.000000,0.000000,0.000000,0.000000,0.120000,418.000000,384.000000,84.000000,-2973.000000,-272.000000,-348.000000,-93.000000,22.000000,22.000000,22.000000,22.000000,22.000000,22.000000,22.000000,29.000000,29.000000,30.000000,31.000000,31.000000,31.000000,32.000000,1,1,1,1,1,1,1,0,0,0,0,0,0,0,74,5376.403809,468,0,1,0.530051,-0.059999,-0.323628,-3.116000,-0.399000,0.076000,1
0.979732,14.848000,-69.634003,-19.250000,127.456001,19.570000,8.590000,136.921997,0.000000,0.000000,0.000000,0.000000,0.000000,0.000000,0.120000,418.000000,384.000000,84.000000,-2973.000000,-272.000000,-348.000000,-93.000000,22.000000,22.000000,22.000000,22.000000,22.000000,22.000000,22.000000,29.000000,29.000000,30.000000,31.000000,31.000000,31.000000,32.000000,1,1,1,1,1,1,1,0,0,0,0,0,0,0,74,5376.403809,468,0,1,0.530140,-0.059999,-0.323628,-3.116000,-0.400000,0.076000,1
0.989782,14.842000,-69.620003,-19.246000,127.434998,19.583000,8.601000,136.917007,0.000000,0.000000,0.000000,0.000000,0.000000,0.000000,0.120000,418.000000,384.000000,84.000000,-2973.000000,-272.000000,-348.000000,-93.000000,22.000000,22.000000,22.000000,22.000000,22.000000,22.000000,22.000000,29.000000,29.000000,30.000000,31.000000,31.000000,31.000000,32.000000,1,1,1,1,1,1,1,0,0,0,0,0,0,0,74,5376.403809,469,0,1,0.530224,-0.059999,-0.323628,-3.116000,-0.399000,0.076000,1
0.999756,14.827000,-69.577003,-19.235001,127.367996,19.614000,8.634000,136.912003,0.000000,0.000000,0.000000,0.000000,0.000000,0.000000,0.120000,418.000000,384.000000,84.000000,-2973.000000,-272.000000,-348.000000,-93.000000,22.000000,22.000000,22.000000,22.000000,22.000000,22.000000,22.000000,29.000000,29.000000,30.000000,31.000000,31.000000,31.000000,32.000000,1,1,1,1,1,1,1,0,0,0,0,0,0,0,74,5376.405762,468,0,1,0.530481,-0.059999,-0.323628,-3.116000,-0.399000,0.076000,1
1.009733,14.817000,-69.547997,-19.226000,127.320999,19.632000,8.657000,136.912003,0.000000,0.000000,0.000000,0.000000,0.000000,0.000000,0.120000,418.000000,384.000000,84.000000,-2973.000000,-272.000000,-348.000000,-93.000000,22.000000,22.000000,22.000000,22.000000,22.000000,22.000000,22.000000,29.000000,29.000000,30.000000,31.000000,31.000000,31.000000,32.000000,1,1,1,1,1,1,1,0,0,0,0,0,0,0,74,5376.403809,468,0,1,0.530662,-0.059999,-0.323628,-3.116000,-0.399000,0.076000,1
1.019805,14.796000,-69.484001,-19.208000,127.221001,19.664000,8.707000,136.917999,0.000000,0.000000,0.000000,0.000000,0.000000,0.000000,0.120000,418.000000,384.000000,84.000000,-2973.000000,-272.000000,-348.000000,-93.000000,22.000000,22.000000,22.000000,22.000000,22.000000,22.000000,22.000000,29.000000,29.000000,30.000000,31.000000,31.000000,31.000000,32.000000,1,1,1,1,1,1,1,0,0,0,0,0,0,0,74,5376.403809,469,0,1,0.531051,-0.059999,-0.323628,-3.116000,-0.399000,0.076000,1
1.029835,14.763000,-69.379997,-19.179001,127.057999,19.709000,8.786000,136.934006,0.000000,0.000000,0.000000,0.000000,0.000000,0.000000,0.120000,418.000000,384.000000,84.000000,-2973.000000,-272.000000,-348.000000,-93.000000,22.000000,22.000000,22.000000,22.000000,22.000000,22.000000,22.000000,29.000000,29.000000,30.000000,31.000000,31.000000,31.000000,32.000000,1,1,1,1,1,1,1,0,0,0,0,0,0,0,74,5376.405762,468,0,1,0.531681,-0.059999,-0.323628,-3.116000,-0.399000,0.076000,1
1.039772,14.749000,-69.338997,-19.167999,126.991997,19.726000,8.818000,136.942001,0.000000,0.000000,0.000000,0.000000,0.000000,0.000000,0.120000,418.000000,384.000000,84.000000,-2973.000000,-272.000000,-348.000000,-93.000000,22.000000,22.000000,22.000000,22.000000,22.000000,22.000000,22.000000,29.000000,29.000000,30.000000,31.000000,31.000000,31.000000,32.000000,1,1,1,1,1,1,1,0,0,0,0,0,0,0,74,5376.403809,469,0,1,0.531934,-0.059999,-0.323628,-3.116000,-0.399000,0.077000,1
1.049744,14.711000,-69.219002,-19.134001,126.803001,19.771000,8.911000,136.966995,0.000000,0.000000,0.000000,0.000000,0.000000,0.000000,0.120000,418.000000,384.000000,84.000000,-2973.000000,-272.000000,-348.000000,-93.000000,22.000000,22.000000,22.000000,22.000000,22.000000,22.000000,22.000000,29.000000,29.000000,30.000000,31.000000,31.000000,31.000000,32.000000,1,1,1,1,1,1,1,0,0,0,0,0,0,0,74,5376.403809,467,0,1,0.532667,-0.059999,-0.323628,-3.116000,-0.399000,0.076000,1
1.059754,14.685000,-69.136002,-19.110001,126.669998,19.801001,8.976000,136.987000,0.000000,0.000000,0.000000,0.000000,0.000000,0.000000,0.120000,418.000000,384.000000,84.000000,-2973.000000,-272.000000,-348.000000,-93.000000,22.000000,22.000000,22.000000,22.000000,22.000000,22.000000,22.000000,29.000000,29.000000,30.000000,31.000000,31.000000,31.000000,32.000000,1,1,1,1,1,1,1,0,0,0,0,0,0,0,74,5376.405762,468,0,1,0.533178,-0.059999,-0.323628,-3.116000,-0.399000,0.076000,1
1.069827,14.635000,-68.976997,-19.066000,126.417000,19.855000,9.099000,137.026001,0.000000,0.000000,0.000000,0.000000,0.000000,0.000000,0.120000,418.000000,384.000000,84.000000,-2973.000000,-272.000000,-348.000000,-93.000000,22.000000,22.000000,22.000000,22.000000,22.000000,22.000000,22.000000,29.000000,29.000000,30.000000,31.000000,31.000000,31.000000,32.000000,1,1,1,1,1,1,1,0,0,0,0,0,0,0,74,5376.403809,468,0,1,0.534153,-0.059999,-0.323628,-3.116000,-0.399000,0.076000,1
1.079766,14.576000,-68.792999,-19.014999,126.122002,19.914000,9.243000,137.074997,0.000000,0.000000,0.000000,0.000000,0.000000,0.000000,0.120000,418.000000,384.000000,84.000000,-2973.000000,-272.000000,-348.000000,-93.000000,22.000000,22.000000,22.000000,22.000000,22.000000,22.000000,22.000000,29.000000,29.000000,30.000000,31.000000,31.000000,31.000000,32.000000,1,1,1,1,1,1,1,0,0,0,0,0,0,0,74,5376.405762,468,0,1,0.535286,-0.059999,-0.323628,-3.116000,-0.399000,0.076000,1
1.089729,14.496000,-68.538002,-18.945999,125.712997,19.992001,9.444000,137.145996,0.000000,0.000000,0.000000,0.000000,0.000000,0.000000,0.120000,418.000000,384.000000,84.000000,-2973.000000,-272.000000,-348.000000,-93.000000,22.000000,22.000000,22.000000,22.000000,22.000000,22.000000,22.000000,29.000000,29.000000,30.000000,31.000000,31.000000,31.000000,32.000000,1,1,1,1,1,1,1,0,0,0,0,0,0,0,74,5376.402832,469,0,1,0.536856,-0.059999,-0.323628,-3.116000,-0.399000,0.076000,1
1.099732,14.436000,-68.347000,-18.895000,125.405998,20.049000,9.594000,137.201004,0.000000,0.000000,0.000000,0.000000,0.000000,0.000000,0.120000,418.000000,384.000000,84.000000,-2973.000000,-272.000000,-348.000000,-93.000000,22.000000,22.000000,22.000000,22.000000,22.000000,22.000000,22.000000,29.000000,29.000000,30.000000,31.000000,31.000000,31.000000,32.000000,1,1,1,1,1,1,1,0,0,0,0,0,0,0,74,5376.402832,468,0,1,0.538030,-0.059999,-0.323628,-3.116000,-0.399000,0.076000,1
1.109687,14.388000,-68.194000,-18.854000,125.158997,20.093000,9.716000,137.244995,0.000000,0.000000,0.000000,0.000000,0.000000,0.000000,0.120000,418.000000,384.000000,84.000000,-2973.000000,-272.000000,-348.000000,-93.000000,22.000000,22.000000,22.000000,22.000000,22.000000,22.000000,22.000000,29.000000,29.000000,30.000000,31.000000,31.000000,31.000000,32.000000,1,1,1,1,1,1,1,0,0,0,0,0,0,0,74,5376.403809,467,0,1,0.538976,-0.059999,-0.323628,-3.116000,-0.399000,0.076000,1
1.119754,14.301000,-67.918999,-18.783001,124.712997,20.170000,9.936000,137.326996,0.000000,0.000000,0.000000,0.000000,0.000000,0.000000,0.120000,418.000000,384.000000,84.000000,-2973.000000,-272.000000,-348.000000,-93.000000,22.000000,22.000000,22.000000,22.000000,22.000000,22.000000,22.000000,29.000000,29.000000,30.000000,31.000000,31.000000,31.000000,32.000000,1,1,1,1,1,1,1,0,0,0,0,0,0,0,74,5376.402832,468,0,1,0.540673,-0.059999,-0.323628,-3.116000,-0.399000,0.076000,1
1.129807,14.187000,-67.557999,-18.691999,124.125999,20.267000,10.226000,137.436005,0.000000,0.000000,0.000000,0.000000,0.000000,0.000000,0.120000,418.000000,384.000000,84.000000,-2973.000000,-272.000000,-348.000000,-93.000000,22.000000,22.000000,22.000000,22.000000,22.000000,22.000000,22.000000,29.000000,29.000000,30.000000,31.000000,31.000000,31.000000,32.000000,1,1,1,1,1,1,1,0,0,0,0,0,0,0,74,5376.403809,468,0,1,0.542900,-0.059999,-0.323628,-3.116000,-0.399000,0.076000,1
1.139727,14.084000,-67.234001,-18.612000,123.597000,20.351999,10.489000,137.535995,0.000000,0.000000,0.000000,0.000000,0.000000,0.000000,0.120000,418.000000,384.000000,84.000000,-2973.000000,-272.000000,-348.000000,-93.000000,22.000000,22.000000,22.000000,22.000000,22.000000,22.000000,22.000000,29.000000,29.000000,30.000000,31.000000,31.000000,31.000000,32.000000,1,1,1,1,1,1,1,0,0,0,0,0,0,0,74,5376.405762,468,0,1,0.544903,-0.059999,-0.323628,-3.116000,-0.399000,0.076000,1
1.149841,14.084000,-67.234001,-18.612000,123.597000,20.351999,10.489000,137.535995,0.000000,0.000000,0.000000,0.000000,0.000000,0.000000,0.120000,418.000000,384.000000,84.000000,-2973.000000,-272.000000,-348.000000,-93.000000,22.000000,22.000000,22.000000,22.000000,22.000000,22.000000,22.000000,29.000000,29.000000,30.000000,31.000000,31.000000,31.000000,32.000000,1,1,1,1,1,1,1,0,0,0,0,0,0,0,74,5376.405762,468,0,1,0.544903,-0.059999,-0.323628,-3.116000,-0.399000,0.076000,1
1.159816,13.952000,-66.820999,-18.513000,122.917999,20.457001,10.828000,137.664993,0.000000,0.000000,0.000000,0.000000,0.000000,0.000000,0.120000,418.000000,384.000000,84.000000,-2973.000000,-272.000000,-348.000000,-93.000000,22.000000,22.000000,22.000000,22.000000,22.000000,22.000000,22.000000,29.000000,29.000000,30.000000,31.000000,31.000000,31.000000,32.000000,1,1,1,1,1,1,1,0,0,0,0,0,0,0,74,5376.405762,469,0,1,0.547463,-0.059999,-0.323628,-3.116000,-0.399000,0.076000,1
1.169818,13.884000,-66.605003,-18.462999,122.561996,20.511000,11.006000,137.733002,0.000000,0.000000,0.000000,0.000000,0.000000,0.000000,0.120000,418.000000,384.000000,84.000000,-2973.000000,-272.000000,-348.000000,-93.000000,22.000000,22.000000,22.000000,22.000000,22.000000,22.000000,22.000000,29.000000,29.000000,30.000000,31.000000,31.000000,31.000000,32.000000,1,1,1,1,1,1,1,0,0,0,0,0,0,0,74,5376.403809,469,0,1,0.548801,-0.059999,-0.323628,-3.116000,-0.399000,0.076000,1
1.179833,13.765000,-66.234001,-18.379999,121.946999,20.601000,11.315000,137.850998,0.000000,0.000000,0.000000,0.000000,0.000000,0.000000,0.120000,418.000000,384.000000,84.000000,-2973.000000,-272.000000,-348.000000,-93.000000,22.000000,22.000000,22.000000,22.000000,22.000000,22.000000,22.000000,29.000000,29.000000,30.000000,31.000000,31.000000,31.000000,32.000000,1,1,1,1,1,1,1,0,0,0,0,0,0,0,74,5376.403809,469,0,1,0.551102,-0.059999,-0.323628,-3.116000,-0.399000,0.076000,1
1.189801,13.642000,-65.850998,-18.296000,121.308998,20.691000,11.636000,137.973999,0.000000,0.000000,0.000000,0.000000,0.000000,0.000000,0.120000,418.000000,384.000000,84.000000,-2973.000000,-272.000000,-348.000000,-93.000000,22.000000,22.000000,22.000000,22.000000,22.000000,22.000000,22.000000,29.000000,29.000000,30.000000,31.000000,31.000000,31.000000,32.000000,1,1,1,1,1,1,1,0,0,0,0,0,0,0,74,5376.403809,468,0,1,0.553478,-0.059999,-0.323628,-3.116000,-0.399000,0.076000,1
1.199845,13.491000,-65.379997,-18.197001,120.521004,20.799000,12.035000,138.126999,0.000000,0.000000,0.000000,0.000000,0.000000,0.000000,0.120000,418.000000,384.000000,84.000000,-2973.000000,-272.000000,-348.000000,-93.000000,22.000000,22.000000,22.000000,22.000000,22.000000,22.000000,22.000000,29.000000,29.000000,30.000000,31.000000,31.000000,31.000000,32.000000,1,1,1,1,1,1,1,0,0,0,0,0,0,0,74,5376.405762,469,0,1,0.556402,-0.059999,-0.323628,-3.116000,-0.399000,0.076000,1
1.209800,13.414000,-65.140999,-18.149000,120.120003,20.853001,12.238000,138.205002,0.000000,0.000000,0.000000,0.000000,0.000000,0.000000,0.120000,418.000000,384.000000,84.000000,-2973.000000,-272.000000,-348.000000,-93.000000,22.000000,22.000000,22.000000,22.000000,22.000000,22.000000,22.000000,29.000000,29.000000,30.000000,31.000000,31.000000,31.000000,32.000000,1,1,1,1,1,1,1,0,0,0,0,0,0,0,74,5376.405762,469,0,1,0.557883,-0.059999,-0.323628,-3.116000,-0.399000,0.076000,1
1.219798,13.285000,-64.740997,-18.070000,119.445999,20.941000,12.582000,138.335999,0.000000,0.000000,0.000000,0.000000,0.000000,0.000000,0.120000,418.000000,384.000000,84.000000,-2973.000000,-272.000000,-348.000000,-93.000000,22.000000,22.000000,22.000000,22.000000,22.000000,22.000000,22.000000,29.000000,29.000000,30.000000,31.000000,31.000000,31.000000,32.000000,1,1,1,1,1,1,1,0,0,0,0,0,0,0,74,5376.405762,468,0,1,0.560367,-0.059999,-0.323628,-3.116000,-0.399000,0.076000,1
1.229907,13.207000,-64.500999,-18.025000,119.039001,20.993000,12.789000,138.416000,0.000000,0.000000,0.000000,0.000000,0.000000,0.000000,0.120000,418.000000,384.000000,84.000000,-2973.000000,-272.000000,-348.000000,-93.000000,22.000000,22.000000,22.000000,22.000000,22.000000,22.000000,22.000000,29.000000,29.000000,30.000000,31.000000,31.000000,31.000000,32.000000,1,1,1,1,1,1,1,0,0,0,0,0,0,0,74,5376.403809,468,0,1,0.561859,-0.059999,-0.323628,-3.116000,-0.399000,0.076000,1
1.239814,13.078000,-64.099998,-17.951000,118.358002,21.077999,13.137000,138.548004,0.000000,0.000000,0.000000,0.000000,0.000000,0.000000,0.120000,418.000000,384.000000,84.000000,-2973.000000,-272.000000,-348.000000,-93.000000,22.000000,22.000000,22.000000,22.000000,22.000000,22.000000,22.000000,29.000000,29.000000,30.000000,31.000000,31.000000,31.000000,32.000000,1,1,1,1,1,1,1,0,0,0,0,0,0,0,74,5376.405762,469,0,1,0.564347,-0.059999,-0.323628,-3.116000,-0.399000,0.076000,1
1.249754,12.923000,-63.619999,-17.865999,117.538002,21.176001,13.558000,138.709000,0.000000,0.000000,0.000000,0.000000,0.000000,0.000000,0.120000,418.000000,384.000000,84.000000,-2973.000000,-272.000000,-348.000000,-93.000000,22.000000,22.000000,22.000000,22.000000,22.000000,22.000000,22.000000,29.000000,29.000000,30.000000,31.000000,31.000000,31.000000,32.000000,1,1,1,1,1,1,1,0,0,0,0,0,0,0,74,5376.403809,469,0,1,0.567331,-0.059999,-0.323628,-3.116000,-0.399000,0.076000,1
1.259735,12.793000,-63.219002,-17.799000,116.849998,21.257000,13.912000,138.843994,0.000000,0.000000,0.000000,0.000000,0.000000,0.000000,0.120000,418.000000,384.000000,84.000000,-2973.000000,-272.000000,-348.000000,-93.000000,22.000000,22.000000,22.000000,22.000000,22.000000,22.000000,22.000000,29.000000,29.000000,30.000000,31.000000,31.000000,31.000000,32.000000,1,1,1,1,1,1,1,0,0,0,0,0,0,0,74,5376.403809,469,0,1,0.569819,-0.059999,-0.323628,-3.116000,-0.399000,0.076000,1
1.269841,12.664000,-62.818001,-17.733999,116.160004,21.334999,14.268000,138.979996,0.000000,0.000000,0.000000,0.000000,0.000000,0.000000,0.120000,418.000000,384.000000,84.000000,-2973.000000,-272.000000,-348.000000,-93.000000,22.000000,22.000000,22.000000,22.000000,22.000000,22.000000,22.000000,29.000000,29.000000,30.000000,31.000000,31.000000,31.000000,32.000000,1,1,1,1,1,1,1,0,0,0,0,0,0,0,74,5376.403809,469,0,1,0.572306,-0.059999,-0.323628,-3.116000,-0.399000,0.076000,1
1.279791,12.534000,-62.417000,-17.673000,115.466003,21.410999,14.627000,139.117996,0.000000,0.000000,0.000000,0.000000,0.000000,0.000000,0.120000,418.000000,384.000000,84.000000,-2973.000000,-272.000000,-348.000000,-93.000000,22.000000,22.000000,22.000000,22.000000,22.000000,22.000000,22.000000,29.000000,29.000000,30.000000,31.000000,31.000000,31.000000,32.000000,1,1,1,1,1,1,1,0,0,0,0,0,0,0,74,5376.403809,470,0,1,0.574793,-0.059999,-0.323628,-3.116000,-0.399000,0.076000,1
1.289761,12.457000,-62.175999,-17.636999,115.047997,21.455999,14.844000,139.201004,0.000000,0.000000,0.000000,0.000000,0.000000,0.000000,0.120000,418.000000,384.000000,84.000000,-2973.000000,-272.000000,-348.000000,-93.000000,22.000000,22.000000,22.000000,22.000000,22.000000,22.000000,22.000000,29.000000,29.000000,30.000000,31.000000,31.000000,31.000000,32.000000,1,1,1,1,1,1,1,0,0,0,0,0,0,0,74,5376.405762,468,0,1,0.576285,-0.059999,-0.323628,-3.116000,-0.399000,0.076000,1
1.299757,12.327000,-61.775002,-17.580000,114.348999,21.528999,15.207000,139.339996,0.000000,0.000000,0.000000,0.000000,0.000000,0.000000,0.120000,418.000000,384.000000,84.000000,-2973.000000,-272.000000,-348.000000,-93.000000,22.000000,22.000000,22.000000,22.000000,22.000000,22.000000,22.000000,29.000000,29.000000,30.000000,31.000000,31.000000,31.000000,32.000000,1,1,1,1,1,1,1,0,0,0,0,0,0,0,74,5376.405762,468,0,1,0.578773,-0.059999,-0.323628,-3.116000,-0.399000,0.076000,1
1.309782,12.198000,-61.373001,-17.525000,113.647003,21.600000,15.572000,139.481003,0.000000,0.000000,0.000000,0.000000,0.000000,0.000000,0.120000,418.000000,384.000000,84.000000,-2973.000000,-272.000000,-348.000000,-93.000000,22.000000,22.000000,22.000000,22.000000,22.000000,22.000000,22.000000,29.000000,29.000000,30.000000,31.000000,31.000000,31.000000,32.000000,1,1,1,1,1,1,1,0,0,0,0,0,0,0,74,5376.403809,469,0,1,0.581260,-0.059999,-0.323628,-3.116000,-0.399000,0.077000,1
1.319736,12.070000,-60.971001,-17.474001,112.941002,21.669001,15.940000,139.623001,0.000000,0.000000,0.000000,0.000000,0.000000,0.000000,0.120000,418.000000,384.000000,84.000000,-2973.000000,-272.000000,-348.000000,-93.000000,22.000000,22.000000,22.000000,22.000000,22.000000,22.000000,22.000000,29.000000,29.000000,30.000000,31.000000,31.000000,31.000000,32.000000,1,1,1,1,1,1,1,0,0,0,0,0,0,0,74,5376.402832,469,0,1,0.583747,-0.059999,-0.323628,-3.116000,-0.399000,0.076000,1
1.329896,11.992000,-60.730000,-17.444000,112.515999,21.709999,16.162001,139.707993,0.000000,0.000000,0.000000,0.000000,0.000000,0.000000,0.120000,418.000000,384.000000,84.000000,-2973.000000,-272.000000,-348.000000,-93.000000,22.000000,22.000000,22.000000,22.000000,22.000000,22.000000,22.000000,29.000000,29.000000,30.000000,31.000000,31.000000,31.000000,32.000000,1,1,1,1,1,1,1,0,0,0,0,0,0,0,74,5376.405762,468,0,1,0.585240,-0.059999,-0.323628,-3.117000,-0.400000,0.076000,1
1.339789,11.890000,-60.408001,-17.405001,111.946999,21.763000,16.459000,139.824005,0.000000,0.000000,0.000000,0.000000,0.000000,0.000000,0.120000,418.000000,384.000000,84.000000,-2973.000000,-272.000000,-348.000000,-93.000000,22.000000,22.000000,22.000000,22.000000,22.000000,22.000000,22.000000,29.000000,29.000000,30.000000,31.000000,31.000000,31.000000,32.000000,1,1,1,1,1,1,1,0,0,0,0,0,0,0,74,5376.405762,467,0,1,0.587230,-0.059999,-0.323628,-3.116000,-0.399000,0.076000,1
1.349836,11.762000,-60.004002,-17.360001,111.233002,21.827999,16.833000,139.968994,0.000000,0.000000,0.000000,0.000000,0.000000,0.000000,0.120000,418.000000,384.000000,84.000000,-2973.000000,-272.000000,-348.000000,-93.000000,22.000000,22.000000,22.000000,22.000000,22.000000,22.000000,22.000000,29.000000,29.000000,30.000000,31.000000,31.000000,31.000000,32.000000,1,1,1,1,1,1,1,0,0,0,0,0,0,0,74,5376.405762,468,0,1,0.589717,-0.059999,-0.323628,-3.116000,-0.399000,0.076000,1
1.359840,11.609000,-59.520000,-17.309000,110.371002,21.903000,17.285000,140.145996,0.000000,0.000000,0.000000,0.000000,0.000000,0.000000,0.120000,418.000000,384.000000,84.000000,-2973.000000,-272.000000,-348.000000,-93.000000,22.000000,22.000000,22.000000,22.000000,22.000000,22.000000,22.000000,29.000000,29.000000,30.000000,31.000000,31.000000,31.000000,32.000000,1,1,1,1,1,1,1,0,0,0,0,0,0,0,74,5376.402832,469,0,1,0.592701,-0.059999,-0.323628,-3.116000,-0.399000,0.076000,1
1.369779,11.558000,-59.358002,-17.292000,110.083000,21.927000,17.437000,140.205002,0.000000,0.000000,0.000000,0.000000,0.000000,0.000000,0.120000,418.000000,384.000000,84.000000,-2973.000000,-272.000000,-348.000000,-93.000000,22.000000,22.000000,22.000000,22.000000,22.000000,22.000000,22.000000,29.000000,29.000000,30.000000,31.000000,31.000000,31.000000,32.000000,1,1,1,1,1,1,1,0,0,0,0,0,0,0,74,5376.403809,468,0,1,0.593696,-0.059999,-0.323628,-3.116000,-0.399000,0.076000,1
1.379764,11.406000,-58.872002,-17.246000,109.213997,21.999001,17.893000,140.384995,0.000000,0.000000,0.000000,0.000000,0.000000,0.000000,0.120000,418.000000,384.000000,84.000000,-2973.000000,-272.000000,-348.000000,-93.000000,22.000000,22.000000,22.000000,22.000000,22.000000,22.000000,22.000000,29.000000,29.000000,30.000000,31.000000,31.000000,31.000000,32.000000,1,1,1,1,1,1,1,0,0,0,0,0,0,0,74,5376.403809,469,0,1,0.596681,-0.059999,-0.323628,-3.116000,-0.399000,0.076000,1
1.389836,11.280000,-58.466999,-17.209999,108.486000,22.056000,18.275999,140.535995,0.000000,0.000000,0.000000,0.000000,0.000000,0.000000,0.120000,418.000000,384.000000,84.000000,-2973.000000,-272.000000,-348.000000,-93.000000,22.000000,22.000000,22.000000,22.000000,22.000000,22.000000,22.000000,29.000000,29.000000,30.000000,31.000000,31.000000,31.000000,32.000000,1,1,1,1,1,1,1,0,0,0,0,0,0,0,74,5376.403809,468,0,1,0.599168,-0.059999,-0.323628,-3.116000,-0.399000,0.076000,1
1.399765,11.154000,-58.061001,-17.177000,107.753998,22.112000,18.662001,140.688995,0.000000,0.000000,0.000000,0.000000,0.000000,0.000000,0.120000,418.000000,384.000000,84.000000,-2973.000000,-272.000000,-348.000000,-93.000000,22.000000,22.000000,22.000000,22.000000,22.000000,22.000000,22.000000,29.000000,29.000000,30.000000,31.000000,31.000000,31.000000,32.000000,1,1,1,1,1,1,1,0,0,0,0,0,0,0,74,5376.403809,467,0,1,0.601656,-0.059999,-0.323628,-3.116000,-0.399000,0.076000,1
1.409804,11.079000,-57.817001,-17.158001,107.311996,22.143999,18.895000,140.781998,0.000000,0.000000,0.000000,0.000000,0.000000,0.000000,0.120000,418.000000,384.000000,84.000000,-2973.000000,-272.000000,-348.000000,-93.000000,22.000000,22.000000,22.000000,22.000000,22.000000,22.000000,22.000000,29.000000,29.000000,30.000000,31.000000,31.000000,31.000000,32.000000,1,1,1,1,1,1,1,0,0,0,0,0,0,0,74,5376.405762,468,0,1,0.603148,-0.059999,-0.323628,-3.116000,-0.399000,0.076000,1
1.420006,10.955000,-57.409000,-17.128000,106.573997,22.197001,19.284000,140.938004,0.000000,0.000000,0.000000,0.000000,0.000000,0.000000,0.120000,418.000000,384.000000,84.000000,-2973.000000,-272.000000,-348.000000,-93.000000,22.000000,22.000000,22.000000,22.000000,22.000000,22.000000,22.000000,29.000000,29.000000,30.000000,31.000000,31.000000,31.000000,32.000000,1,1,1,1,1,1,1,0,0,0,0,0,0,0,74,5376.403809,469,0,1,0.605635,-0.059999,-0.323628,-3.116000,-0.399000,0.076000,1
1.429873,10.831000,-57.000999,-17.101000,105.832001,22.247999,19.676001,141.095001,0.000000,0.000000,0.000000,0.000000,0.000000,0.000000,0.120000,418.000000,384.000000,84.000000,-2973.000000,-272.000000,-348.000000,-93.000000,22.000000,22.000000,22.000000,22.000000,22.000000,22.000000,22.000000,29.000000,29.000000,30.000000,31.000000,31.000000,31.000000,32.000000,1,1,1,1,1,1,1,0,0,0,0,0,0,0,74,5376.403809,469,0,1,0.608122,-0.059999,-0.323628,-3.116000,-0.399000,0.077000,1
1.439758,10.684000,-56.509998,-17.072001,104.934998,22.306000,20.150000,141.287003,0.000000,0.000000,0.000000,0.000000,0.000000,0.000000,0.120000,418.000000,384.000000,84.000000,-2973.000000,-272.000000,-348.000000,-93.000000,22.000000,22.000000,22.000000,22.000000,22.000000,22.000000,22.000000,29.000000,29.000000,30.000000,31.000000,31.000000,31.000000,32.000000,1,1,1,1,1,1,1,0,0,0,0,0,0,0,74,5376.403809,469,0,1,0.611107,-0.059999,-0.323628,-3.116000,-0.399000,0.076000,1
1.449792,10.563000,-56.099998,-17.051001,104.183998,22.353001,20.547001,141.449005,0.000000,0.000000,0.000000,0.000000,0.000000,0.000000,0.120000,418.000000,384.000000,84.000000,-2973.000000,-272.000000,-348.000000,-93.000000,22.000000,22.000000,22.000000,22.000000,22.000000,22.000000,22.000000,29.000000,29.000000,30.000000,31.000000,31.000000,31.000000,32.000000,1,1,1,1,1,1,1,0,0,0,0,0,0,0,74,5376.403809,469,0,1,0.613595,-0.059999,-0.323628,-3.116000,-0.399000,0.076000,1
1.459836,10.490000,-55.853001,-17.039000,103.731003,22.381001,20.787001,141.546997,0.000000,0.000000,0.000000,0.000000,0.000000,0.000000,0.120000,418.000000,384.000000,84.000000,-2973.000000,-272.000000,-348.000000,-93.000000,22.000000,22.000000,22.000000,22.000000,22.000000,22.000000,22.000000,29.000000,29.000000,30.000000,31.000000,31.000000,31.000000,32.000000,1,1,1,1,1,1,1,0,0,0,0,0,0,0,74,5376.403809,469,0,1,0.615087,-0.059999,-0.323628,-3.116000,-0.399000,0.076000,1
1.469780,10.394000,-55.523998,-17.025000,103.125000,22.416000,21.108000,141.677994,0.000000,0.000000,0.000000,0.000000,0.000000,0.000000,0.120000,418.000000,384.000000,84.000000,-2973.000000,-272.000000,-348.000000,-93.000000,22.000000,22.000000,22.000000,22.000000,22.000000,22.000000,22.000000,29.000000,29.000000,30.000000,31.000000,31.000000,31.000000,32.000000,1,1,1,1,1,1,1,0,0,0,0,0,0,0,74,5376.403809,468,0,1,0.617077,-0.059999,-0.323628,-3.116000,-0.399000,0.076000,1
1.479842,10.323000,-55.276001,-17.014999,102.667999,22.441999,21.349001,141.778000,0.000000,0.000000,0.000000,0.000000,0.000000,0.000000,0.120000,418.000000,384.000000,84.000000,-2973.000000,-272.000000,-348.000000,-93.000000,22.000000,22.000000,22.000000,22.000000,22.000000,22.000000,22.000000,29.000000,29.000000,30.000000,31.000000,31.000000,31.000000,32.000000,1,1,1,1,1,1,1,0,0,0,0,0,0,0,74,5376.403809,471,0,1,0.618569,-0.059999,-0.323628,-3.116000,-0.399000,0.076000,1
1.489768,10.181000,-54.779999,-16.997999,101.750000,22.492001,21.834999,141.979004,0.000000,0.000000,0.000000,0.000000,0.000000,0.000000,0.120000,418.000000,384.000000,84.000000,-2973.000000,-272.000000,-348.000000,-93.000000,22.000000,22.000000,22.000000,22.000000,22.000000,22.000000,22.000000,29.000000,29.000000,30.000000,31.000000,31.000000,31.000000,32.000000,1,1,1,1,1,1,1,0,0,0,0,0,0,0,74,5376.405762,469,0,1,0.621554,-0.059999,-0.323628,-3.117000,-0.399000,0.076000,1
1.499783,10.064000,-54.365002,-16.987000,100.980003,22.531000,22.243000,142.149002,0.000000,0.000000,0.000000,0.000000,0.000000,0.000000,0.120000,418.000000,384.000000,84.000000,-2973.000000,-272.000000,-348.000000,-93.000000,22.000000,22.000000,22.000000,22.000000,22.000000,22.000000,22.000000,29.000000,29.000000,30.000000,31.000000,31.000000,31.000000,32.000000,1,1,1,1,1,1,1,0,0,0,0,0,0,0,74,5376.403809,469,0,1,0.624041,-0.059999,-0.323628,-3.116000,-0.399000,0.076000,1
1.509728,9.948000,-53.949001,-16.978001,100.205002,22.569000,22.653999,142.320999,0.000000,0.000000,0.000000,0.000000,0.000000,0.000000,0.120000,418.000000,384.000000,84.000000,-2973.000000,-272.000000,-348.000000,-93.000000,22.000000,22.000000,22.000000,22.000000,22.000000,22.000000,22.000000,29.000000,29.000000,30.000000,31.000000,31.000000,31.000000,32.000000,1,1,1,1,1,1,1,0,0,0,0,0,0,0,74,5376.403809,468,0,1,0.626528,-0.059999,-0.323628,-3.116000,-0.399000,0.076000,1
1.519787,9.834000,-53.530998,-16.972000,99.425003,22.605000,23.066999,142.494995,0.000000,0.000000,0.000000,0.000000,0.000000,0.000000,0.120000,418.000000,384.000000,84.000000,-2973.000000,-272.000000,-348.000000,-93.000000,22.000000,22.000000,22.000000,22.000000,22.000000,22.000000,22.000000,29.000000,29.000000,30.000000,31.000000,31.000000,31.000000,32.000000,1,1,1,1,1,1,1,0,0,0,0,0,0,0,74,5376.402832,469,0,1,0.629015,-0.059999,-0.323628,-3.116000,-0.399000,0.076000,1
1.529884,9.721000,-53.112000,-16.968000,98.639999,22.639000,23.483000,142.671005,0.000000,0.000000,0.000000,0.000000,0.000000,0.000000,0.120000,418.000000,384.000000,84.000000,-2973.000000,-272.000000,-348.000000,-93.000000,22.000000,22.000000,22.000000,22.000000,22.000000,22.000000,22.000000,29.000000,29.000000,30.000000,31.000000,31.000000,31.000000,32.000000,1,1,1,1,1,1,1,0,0,0,0,0,0,0,74,5376.403809,469,0,1,0.631503,-0.059999,-0.323628,-3.116000,-0.399000,0.076000,1
1.539833,9.654000,-52.860001,-16.966999,98.167000,22.659000,23.733000,142.778000,0.000000,0.000000,0.000000,0.000000,0.000000,0.000000,0.120000,418.000000,384.000000,84.000000,-2973.000000,-272.000000,-348.000000,-93.000000,22.000000,22.000000,22.000000,22.000000,22.000000,22.000000,22.000000,29.000000,29.000000,30.000000,31.000000,31.000000,31.000000,32.000000,1,1,1,1,1,1,1,0,0,0,0,0,0,0,74,5376.403809,470,0,1,0.632995,-0.059999,-0.323628,-3.116000,-0.399000,0.076000,1
1.549847,9.544000,-52.438999,-16.968000,97.375000,22.691000,24.153000,142.957993,0.000000,0.000000,0.000000,0.000000,0.000000,0.000000,0.120000,418.000000,384.000000,84.000000,-2973.000000,-272.000000,-348.000000,-93.000000,22.000000,22.000000,22.000000,22.000000,22.000000,22.000000,22.000000,29.000000,29.000000,30.000000,31.000000,31.000000,31.000000,32.000000,1,1,1,1,1,1,1,0,0,0,0,0,0,0,74,5376.403809,468,0,1,0.635482,-0.059999,-0.323628,-3.116000,-0.399000,0.076000,1
1.559788,9.435000,-52.016998,-16.969999,96.577003,22.721001,24.576000,143.139008,0.000000,0.000000,0.000000,0.000000,0.000000,0.000000,0.120000,418.000000,384.000000,84.000000,-2973.000000,-272.000000,-348.000000,-93.000000,22.000000,22.000000,22.000000,22.000000,22.000000,22.000000,22.000000,29.000000,29.000000,30.000000,31.000000,31.000000,31.000000,32.000000,1,1,1,1,1,1,1,0,0,0,0,0,0,0,74,5376.405762,469,0,1,0.637970,-0.059999,-0.323628,-3.116000,-0.399000,0.076000,1
1.569791,9.307000,-51.507999,-16.978001,95.612000,22.754999,25.086000,143.360992,0.000000,0.000000,0.000000,0.000000,0.000000,0.000000,0.120000,418.000000,384.000000,84.000000,-2973.000000,-272.000000,-348.000000,-93.000000,22.000000,22.000000,22.000000,22.000000,22.000000,22.000000,22.000000,29.000000,29.000000,30.000000,31.000000,31.000000,31.000000,32.000000,1,1,1,1,1,1,1,0,0,0,0,0,0,0,74,5376.405762,469,0,1,0.640954,-0.059999,-0.323628,-3.116000,-0.399000,0.076000,1
1.579806,9.265000,-51.337002,-16.981001,95.289001,22.764999,25.257000,143.434998,0.000000,0.000000,0.000000,0.000000,0.000000,0.000000,0.120000,418.000000,384.000000,84.000000,-2973.000000,-272.000000,-348.000000,-93.000000,22.000000,22.000000,22.000000,22.000000,22.000000,22.000000,22.000000,29.000000,29.000000,30.000000,31.000000,31.000000,31.000000,32.000000,1,1,1,1,1,1,1,0,0,0,0,0,0,0,74,5376.403809,468,0,1,0.641949,-0.059999,-0.323628,-3.116000,-0.399000,0.076000,1
1.589805,9.161000,-50.910000,-16.990999,94.476997,22.791000,25.687000,143.621994,0.000000,0.000000,0.000000,0.000000,0.000000,0.000000,0.120000,418.000000,384.000000,84.000000,-2973.000000,-272.000000,-348.000000,-93.000000,22.000000,22.000000,22.000000,22.000000,22.000000,22.000000,22.000000,29.000000,29.000000,30.000000,31.000000,31.000000,31.000000,32.000000,1,1,1,1,1,1,1,0,0,0,0,0,0,0,74,5376.403809,468,0,1,0.644436,-0.059999,-0.323628,-3.116000,-0.399000,0.076000,1
1.599787,9.100000,-50.653000,-16.997999,93.987000,22.806000,25.945999,143.735992,0.000000,0.000000,0.000000,0.000000,0.000000,0.000000,0.120000,418.000000,384.000000,84.000000,-2973.000000,-272.000000,-348.000000,-93.000000,22.000000,22.000000,22.000000,22.000000,22.000000,22.000000,22.000000,29.000000,29.000000,30.000000,31.000000,31.000000,31.000000,32.000000,1,1,1,1,1,1,1,0,0,0,0,0,0,0,74,5376.403809,469,0,1,0.645929,-0.059999,-0.323628,-3.116000,-0.399000,0.076000,1
1.609822,8.999000,-50.223999,-17.011999,93.165001,22.829000,26.381001,143.927002,0.000000,0.000000,0.000000,0.000000,0.000000,0.000000,0.120000,418.000000,384.000000,84.000000,-2973.000000,-272.000000,-348.000000,-93.000000,22.000000,22.000000,22.000000,22.000000,22.000000,22.000000,22.000000,29.000000,29.000000,30.000000,31.000000,31.000000,31.000000,32.000000,1,1,1,1,1,1,1,0,0,0,0,0,0,0,74,5376.405762,468,0,1,0.648416,-0.059999,-0.323628,-3.116000,-0.399000,0.076000,1
1.619848,8.900000,-49.792000,-17.028999,92.337997,22.850000,26.818001,144.121002,0.000000,0.000000,0.000000,0.000000,0.000000,0.000000,0.120000,418.000000,384.000000,84.000000,-2973.000000,-272.000000,-348.000000,-93.000000,22.000000,22.000000,22.000000,22.000000,22.000000,22.000000,22.000000,29.000000,29.000000,30.000000,31.000000,31.000000,31.000000,32.000000,1,1,1,1,1,1,1,0,0,0,0,0,0,0,74,5376.403809,469,0,1,0.650903,-0.059999,-0.323628,-3.116000,-0.399000,0.076000,1
1.629887,8.804000,-49.358002,-17.049000,91.504997,22.870001,27.257999,144.315994,0.000000,0.000000,0.000000,0.000000,0.000000,0.000000,0.120000,418.000000,384.000000,84.000000,-2973.000000,-272.000000,-348.000000,-93.000000,22.000000,22.000000,22.000000,22.000000,22.000000,22.000000,22.000000,29.000000,29.000000,30.000000,31.000000,31.000000,31.000000,32.000000,1,1,1,1,1,1,1,0,0,0,0,0,0,0,74,5376.405762,469,0,1,0.653391,-0.059999,-0.323628,-3.116000,-0.399000,0.076000,1
1.639845,8.691000,-48.834999,-17.077000,90.496002,22.892000,27.791000,144.554993,0.000000,0.000000,0.000000,0.000000,0.000000,0.000000,0.120000,418.000000,384.000000,84.000000,-2973.000000,-272.000000,-348.000000,-93.000000,22.000000,22.000000,22.000000,22.000000,22.000000,22.000000,22.000000,29.000000,29.000000,30.000000,31.000000,31.000000,31.000000,32.000000,1,1,1,1,1,1,1,0,0,0,0,0,0,0,74,5376.403809,468,0,1,0.656375,-0.059999,-0.323628,-3.116000,-0.399000,0.076000,1
1.649794,8.600000,-48.396999,-17.103001,89.649002,22.908001,28.238001,144.755997,0.000000,0.000000,0.000000,0.000000,0.000000,0.000000,0.120000,418.000000,384.000000,84.000000,-2973.000000,-272.000000,-348.000000,-93.000000,22.000000,22.000000,22.000000,22.000000,22.000000,22.000000,22.000000,29.000000,29.000000,30.000000,31.000000,31.000000,31.000000,32.000000,1,1,1,1,1,1,1,0,0,0,0,0,0,0,74,5376.403809,470,0,1,0.658863,-0.059999,-0.323628,-3.116000,-0.399000,0.076000,1
1.659739,8.512000,-47.957001,-17.132999,88.794998,22.923000,28.688000,144.959000,0.000000,0.000000,0.000000,0.000000,0.000000,0.000000,0.120000,418.000000,384.000000,84.000000,-2973.000000,-272.000000,-348.000000,-93.000000,22.000000,22.000000,22.000000,22.000000,22.000000,22.000000,22.000000,29.000000,29.000000,30.000000,31.000000,31.000000,31.000000,32.000000,1,1,1,1,1,1,1,0,0,0,0,0,0,0,74,5376.403809,469,0,1,0.661350,-0.059999,-0.323628,-3.117000,-0.399000,0.076000,1
1.669823,8.426000,-47.514000,-17.166000,87.933998,22.937000,29.142000,145.164993,0.000000,0.000000,0.000000,0.000000,0.000000,0.000000,0.120000,418.000000,384.000000,84.000000,-2973.000000,-272.000000,-348.000000,-93.000000,22.000000,22.000000,22.000000,22.000000,22.000000,22.000000,22.000000,29.000000,29.000000,30.000000,31.000000,31.000000,31.000000,32.000000,1,1,1,1,1,1,1,0,0,0,0,0,0,0,74,5376.403809,468,0,1,0.663837,-0.059999,-0.323628,-3.116000,-0.399000,0.076000,1
1.679805,8.343000,-47.069000,-17.202000,87.066002,22.948999,29.599001,145.373993,0.000000,0.000000,0.000000,0.000000,0.000000,0.000000,0.120000,418.000000,384.000000,84.000000,-2973.000000,-272.000000,-348.000000,-93.000000,22.000000,22.000000,22.000000,22.000000,22.000000,22.000000,22.000000,29.000000,29.000000,30.000000,31.000000,31.000000,31.000000,32.000000,1,1,1,1,1,1,1,0,0,0,0,0,0,0,74,5376.403809,470,0,1,0.666324,-0.059999,-0.323628,-3.116000,-0.400000,0.076000,1
1.689737,8.263000,-46.620998,-17.240999,86.191002,22.959000,30.059000,145.585007,0.000000,0.000000,0.000000,0.000000,0.000000,0.000000,0.120000,418.000000,384.000000,84.000000,-2973.000000,-272.000000,-348.000000,-93.000000,22.000000,22.000000,22.000000,22.000000,22.000000,22.000000,22.000000,29.000000,29.000000,30.000000,31.000000,31.000000,31.000000,32.000000,1,1,1,1,1,1,1,0,0,0,0,0,0,0,74,5376.403809,468,0,1,0.668812,-0.059999,-0.323628,-3.116000,-0.399000,0.076000,1
1.699824,8.171000,-46.080002,-17.292999,85.129997,22.969999,30.617001,145.841003,0.000000,0.000000,0.000000,0.000000,0.000000,0.000000,0.120000,418.000000,384.000000,84.000000,-2973.000000,-272.000000,-348.000000,-93.000000,22.000000,22.000000,22.000000,22.000000,22.000000,22.000000,22.000000,29.000000,29.000000,30.000000,31.000000,31.000000,31.000000,32.000000,1,1,1,1,1,1,1,0,0,0,0,0,0,0,74,5376.403809,468,0,1,0.671796,-0.059999,-0.323628,-3.116000,-0.399000,0.076000,1
1.709793,8.098000,-45.626999,-17.341000,84.237999,22.976999,31.084999,146.057999,0.000000,0.000000,0.000000,0.000000,0.000000,0.000000,0.120000,418.000000,384.000000,84.000000,-2973.000000,-272.000000,-348.000000,-93.000000,22.000000,22.000000,22.000000,22.000000,22.000000,22.000000,22.000000,29.000000,29.000000,30.000000,31.000000,31.000000,31.000000,32.000000,1,1,1,1,1,1,1,0,0,0,0,0,0,0,74,5376.403809,467,0,1,0.674284,-0.059999,-0.323628,-3.116000,-0.399000,0.076000,1
1.719761,8.029000,-45.171001,-17.392000,83.337997,22.983000,31.558001,146.276993,0.000000,0.000000,0.000000,0.000000,0.000000,0.000000,0.120000,418.000000,384.000000,84.000000,-2973.000000,-272.000000,-348.000000,-93.000000,22.000000,22.000000,22.000000,22.000000,22.000000,22.000000,22.000000,29.000000,29.000000,30.000000,31.000000,31.000000,31.000000,32.000000,1,1,1,1,1,1,1,0,0,0,0,0,0,0,74,5376.403809,468,0,1,0.676771,-0.060000,-0.323628,-3.117000,-0.399000,0.077000,1
1.729876,7.962000,-44.710999,-17.447001,82.430000,22.988001,32.034000,146.498993,0.000000,0.000000,0.000000,0.000000,0.000000,0.000000,0.120000,418.000000,384.000000,84.000000,-2973.000000,-272.000000,-348.000000,-93.000000,22.000000,22.000000,22.000000,22.000000,22.000000,22.000000,22.000000,29.000000,29.000000,30.000000,31.000000,31.000000,31.000000,32.000000,1,1,1,1,1,1,1,0,0,0,0,0,0,0,74,5376.403809,469,0,1,0.679258,-0.059999,-0.323628,-3.116000,-0.399000,0.076000,1
1.739779,7.925000,-44.433998,-17.482000,81.880997,22.990000,32.320999,146.632996,0.000000,0.000000,0.000000,0.000000,0.000000,0.000000,0.120000,418.000000,384.000000,84.000000,-2973.000000,-272.000000,-348.000000,-93.000000,22.000000,22.000000,22.000000,22.000000,22.000000,22.000000,22.000000,29.000000,29.000000,30.000000,31.000000,31.000000,31.000000,32.000000,1,1,1,1,1,1,1,0,0,0,0,0,0,0,74,5376.403809,468,0,1,0.680751,-0.060000,-0.323628,-3.117000,-0.400000,0.076000,1
1.749800,7.865000,-43.970001,-17.542999,80.958000,22.993000,32.804001,146.858994,0.000000,0.000000,0.000000,0.000000,0.000000,0.000000,0.120000,418.000000,384.000000,84.000000,-2973.000000,-272.000000,-348.000000,-93.000000,22.000000,22.000000,22.000000,22.000000,22.000000,22.000000,22.000000,29.000000,29.000000,30.000000,31.000000,31.000000,31.000000,32.000000,1,1,1,1,1,1,1,0,0,0,0,0,0,0,74,5376.403809,469,0,1,0.683238,-0.059999,-0.323628,-3.116000,-0.399000,0.076000,1
1.759812,7.809000,-43.501999,-17.608999,80.027000,22.993999,33.291000,147.087997,0.000000,0.000000,0.000000,0.000000,0.000000,0.000000,0.120000,418.000000,384.000000,84.000000,-2973.000000,-272.000000,-348.000000,-93.000000,22.000000,22.000000,22.000000,22.000000,22.000000,22.000000,22.000000,29.000000,29.000000,30.000000,31.000000,31.000000,31.000000,32.000000,1,1,1,1,1,1,1,0,0,0,0,0,0,0,74,5376.403809,467,0,1,0.685725,-0.059999,-0.323628,-3.117000,-0.399000,0.076000,1
1.769777,7.747000,-42.936001,-17.694000,78.897003,22.993999,33.882000,147.365997,0.000000,0.000000,0.000000,0.000000,0.000000,0.000000,0.120000,418.000000,384.000000,84.000000,-2973.000000,-272.000000,-348.000000,-93.000000,22.000000,22.000000,22.000000,22.000000,22.000000,22.000000,22.000000,29.000000,29.000000,30.000000,31.000000,31.000000,31.000000,32.000000,1,1,1,1,1,1,1,0,0,0,0,0,0,0,74,5376.403809,469,0,1,0.688710,-0.059999,-0.323628,-3.116000,-0.399000,0.076000,1
1.779726,7.701000,-42.459999,-17.771000,77.944000,22.993000,34.379002,147.600998,0.000000,0.000000,0.000000,0.000000,0.000000,0.000000,0.120000,418.000000,384.000000,84.000000,-2973.000000,-272.000000,-348.000000,-93.000000,22.000000,22.000000,22.000000,22.000000,22.000000,22.000000,22.000000,29.000000,29.000000,30.000000,31.000000,31.000000,31.000000,32.000000,1,1,1,1,1,1,1,0,0,0,0,0,0,0,74,5376.403809,468,0,1,0.691197,-0.059999,-0.323628,-3.117000,-0.399000,0.076000,1
1.789748,7.660000,-41.980999,-17.851999,76.982002,22.990999,34.881001,147.839005,0.000000,0.000000,0.000000,0.000000,0.000000,0.000000,0.120000,418.000000,384.000000,84.000000,-2973.000000,-272.000000,-348.000000,-93.000000,22.000000,22.000000,22.000000,22.000000,22.000000,22.000000,22.000000,29.000000,29.000000,30.000000,31.000000,31.000000,31.000000,32.000000,1,1,1,1,1,1,1,0,0,0,0,0,0,0,74,5376.402832,469,0,1,0.693684,-0.059999,-0.323628,-3.116000,-0.399000,0.076000,1
1.799792,7.623000,-41.500000,-17.938000,76.012001,22.988001,35.386002,148.078995,0.000000,0.000000,0.000000,0.000000,0.000000,0.000000,0.120000,418.000000,384.000000,84.000000,-2973.000000,-272.000000,-348.000000,-93.000000,22.000000,22.000000,22.000000,22.000000,22.000000,22.000000,22.000000,29.000000,29.000000,30.000000,31.000000,31.000000,31.000000,32.000000,1,1,1,1,1,1,1,0,0,0,0,0,0,0,74,5376.402832,468,0,1,0.696162,-0.059999,-0.323628,-3.116000,-0.399000,0.076000,1
1.809744,7.587000,-40.926998,-18.046000,74.856003,22.982000,35.987999,148.365005,0.000000,0.000000,0.000000,0.000000,0.000000,0.000000,0.120000,418.000000,384.000000,84.000000,-2973.000000,-272.000000,-348.000000,-93.000000,22.000000,22.000000,22.000000,22.000000,22.000000,22.000000,22.000000,29.000000,29.000000,30.000000,31.000000,31.000000,31.000000,32.000000,1,1,1,1,1,1,1,0,0,0,0,0,0,0,74,5376.403809,468,0,1,0.699082,-0.059999,-0.323628,-3.116000,-0.399000,0.076000,1
1.819798,7.563000,-40.460999,-18.139999,73.912003,22.976999,36.478001,148.598999,0.000000,0.000000,0.000000,0.000000,0.000000,0.000000,0.120000,418.000000,384.000000,84.000000,-2973.000000,-272.000000,-348.000000,-93.000000,22.000000,22.000000,22.000000,22.000000,22.000000,22.000000,22.000000,29.000000,29.000000,30.000000,31.000000,31.000000,31.000000,32.000000,1,1,1,1,1,1,1,0,0,0,0,0,0,0,74,5376.402832,469,0,1,0.701436,-0.060000,-0.323628,-3.117000,-0.399000,0.076000,1
1.829873,7.546000,-40.011002,-18.233999,72.999001,22.971001,36.952000,148.824997,0.000000,0.000000,0.000000,0.000000,0.000000,0.000000,0.120000,418.000000,384.000000,84.000000,-2973.000000,-272.000000,-348.000000,-93.000000,22.000000,22.000000,22.000000,22.000000,22.000000,22.000000,22.000000,29.000000,29.000000,30.000000,31.000000,31.000000,31.000000,32.000000,1,1,1,1,1,1,1,0,0,0,0,0,0,0,74,5376.403809,468,0,1,0.703688,-0.059999,-0.323628,-3.116000,-0.399000,0.077000,1
1.839857,7.534000,-39.583000,-18.327999,72.125999,22.965000,37.404999,149.042007,0.000000,0.000000,0.000000,0.000000,0.000000,0.000000,0.120000,418.000000,384.000000,84.000000,-2973.000000,-272.000000,-348.000000,-93.000000,22.000000,22.000000,22.000000,22.000000,22.000000,22.000000,22.000000,29.000000,29.000000,30.000000,31.000000,31.000000,31.000000,32.000000,1,1,1,1,1,1,1,0,0,0,0,0,0,0,74,5376.403809,466,0,1,0.705817,-0.059999,-0.323628,-3.116000,-0.399000,0.076000,1
1.849777,7.529000,-39.337002,-18.384001,71.625999,22.961000,37.664001,149.166000,0.000000,0.000000,0.000000,0.000000,0.000000,0.000000,0.120000,418.000000,384.000000,84.000000,-2973.000000,-272.000000,-348.000000,-93.000000,22.000000,22.000000,22.000000,22.000000,22.000000,22.000000,22.000000,29.000000,29.000000,30.000000,31.000000,31.000000,31.000000,32.000000,1,1,1,1,1,1,1,0,0,0,0,0,0,0,74,5376.403809,470,0,1,0.707028,-0.059999,-0.323628,-3.116000,-0.399000,0.076000,1
1.859824,7.525000,-38.951000,-18.475000,70.835999,22.954000,38.074001,149.363007,0.000000,0.000000,0.000000,0.000000,0.000000,0.000000,0.120000,418.000000,384.000000,84.000000,-2973.000000,-272.000000,-348.000000,-93.000000,22.000000,22.000000,22.000000,22.000000,22.000000,22.000000,22.000000,29.000000,29.000000,30.000000,31.000000,31.000000,31.000000,32.000000,1,1,1,1,1,1,1,0,0,0,0,0,0,0,74,5376.403809,468,0,1,0.708925,-0.059999,-0.323628,-3.116000,-0.399000,0.076000,1
1.869813,7.525000,-38.592999,-18.561001,70.103996,22.947001,38.452000,149.544998,0.000000,0.000000,0.000000,0.000000,0.000000,0.000000,0.120000,418.000000,384.000000,84.000000,-2973.000000,-272.000000,-348.000000,-93.000000,22.000000,22.000000,22.000000,22.000000,22.000000,22.000000,22.000000,29.000000,29.000000,30.000000,31.000000,31.000000,31.000000,32.000000,1,1,1,1,1,1,1,0,0,0,0,0,0,0,74,5376.403809,468,0,1,0.710665,-0.059999,-0.323628,-3.116000,-0.399000,0.076000,1
1.879808,7.530000,-38.203999,-18.659000,69.306000,22.938000,38.865002,149.744003,0.000000,0.000000,0.000000,0.000000,0.000000,0.000000,0.120000,418.000000,384.000000,84.000000,-2973.000000,-272.000000,-348.000000,-93.000000,22.000000,22.000000,22.000000,22.000000,22.000000,22.000000,22.000000,29.000000,29.000000,30.000000,31.000000,31.000000,31.000000,32.000000,1,1,1,1,1,1,1,0,0,0,0,0,0,0,74,5376.403809,468,0,1,0.712545,-0.059999,-0.323628,-3.116000,-0.399000,0.076000,1
1.889783,7.536000,-37.911999,-18.735001,68.706001,22.931000,39.174999,149.893997,0.000000,0.000000,0.000000,0.000000,0.000000,0.000000,0.120000,418.000000,384.000000,84.000000,-2973.000000,-272.000000,-348.000000,-93.000000,22.000000,22.000000,22.000000,22.000000,22.000000,22.000000,22.000000,29.000000,29.000000,30.000000,31.000000,31.000000,31.000000,32.000000,1,1,1,1,1,1,1,0,0,0,0,0,0,0,74,5376.403809,469,0,1,0.713945,-0.059999,-0.323628,-3.116000,-0.399000,0.076000,1
1.899780,7.545000,-37.647999,-18.806000,68.162003,22.924000,39.456001,150.029999,0.000000,0.000000,0.000000,0.000000,0.000000,0.000000,0.120000,418.000000,384.000000,84.000000,-2973.000000,-272.000000,-348.000000,-93.000000,22.000000,22.000000,22.000000,22.000000,22.000000,22.000000,22.000000,29.000000,29.000000,30.000000,31.000000,31.000000,31.000000,32.000000,1,1,1,1,1,1,1,0,0,0,0,0,0,0,74,5376.403809,469,0,1,0.715207,-0.059999,-0.323628,-3.116000,-0.399000,0.076000,1
1.909866,7.550000,-37.500999,-18.846001,67.859001,22.919001,39.612999,150.106003,0.000000,0.000000,0.000000,0.000000,0.000000,0.000000,0.120000,418.000000,384.000000,84.000000,-2973.000000,-272.000000,-348.000000,-93.000000,22.000000,22.000000,22.000000,22.000000,22.000000,22.000000,22.000000,29.000000,29.000000,30.000000,31.000000,31.000000,31.000000,32.000000,1,1,1,1,1,1,1,0,0,0,0,0,0,0,74,5376.405762,469,0,1,0.715906,-0.059999,-0.323628,-3.116000,-0.399000,0.076000,1
1.919817,7.567000,-37.143002,-18.945000,67.120003,22.908001,39.993000,150.291000,0.000000,0.000000,0.000000,0.000000,0.000000,0.000000,0.120000,418.000000,384.000000,84.000000,-2973.000000,-272.000000,-348.000000,-93.000000,22.000000,22.000000,22.000000,22.000000,22.000000,22.000000,22.000000,29.000000,29.000000,30.000000,31.000000,31.000000,31.000000,32.000000,1,1,1,1,1,1,1,0,0,0,0,0,0,0,74,5376.403809,468,0,1,0.717596,-0.059999,-0.323628,-3.116000,-0.399000,0.076000,1
1.929850,7.579000,-36.937000,-19.004000,66.694000,22.900000,40.213001,150.399002,0.000000,0.000000,0.000000,0.000000,0.000000,0.000000,0.120000,418.000000,384.000000,84.000000,-2973.000000,-272.000000,-348.000000,-93.000000,22.000000,22.000000,22.000000,22.000000,22.000000,22.000000,22.000000,29.000000,29.000000,30.000000,31.000000,31.000000,31.000000,32.000000,1,1,1,1,1,1,1,0,0,0,0,0,0,0,74,5376.403809,468,0,1,0.718563,-0.059999,-0.323628,-3.116000,-0.399000,0.076000,1
1.939802,7.587000,-36.817001,-19.039000,66.445000,22.896000,40.341000,150.462006,0.000000,0.000000,0.000000,0.000000,0.000000,0.000000,0.120000,418.000000,384.000000,84.000000,-2973.000000,-272.000000,-348.000000,-93.000000,22.000000,22.000000,22.000000,22.000000,22.000000,22.000000,22.000000,29.000000,29.000000,30.000000,31.000000,31.000000,31.000000,32.000000,1,1,1,1,1,1,1,0,0,0,0,0,0,0,74,5376.403809,469,0,1,0.719126,-0.059999,-0.323628,-3.117000,-0.399000,0.077000,1
1.949771,7.596000,-36.536999,-19.111000,65.865997,22.885000,40.638000,150.613998,0.000000,0.000000,0.000000,0.000000,0.000000,0.000000,0.120000,418.000000,384.000000,84.000000,-2973.000000,-272.000000,-348.000000,-93.000000,22.000000,22.000000,22.000000,22.000000,22.000000,22.000000,22.000000,29.000000,29.000000,30.000000,31.000000,31.000000,31.000000,32.000000,1,1,1,1,1,1,1,0,0,0,0,0,0,0,74,5376.403809,469,0,1,0.720435,-0.059958,-0.323628,-3.116000,-0.399000,0.076000,0
1.959777,7.589000,-36.417000,-19.131001,65.621002,22.879999,40.763000,150.686005,0.000000,0.000000,0.000000,0.000000,0.000000,0.000000,0.120000,418.000000,384.000000,84.000000,-2973.000000,-272.000000,-348.000000,-93.000000,22.000000,22.000000,22.000000,22.000000,22.000000,22.000000,22.000000,29.000000,29.000000,30.000000,31.000000,31.000000,31.000000,32.000000,1,1,1,1,1,1,1,0,0,0,0,0,0,0,74,5376.402832,467,0,1,0.720994,-0.059893,-0.323628,-3.117000,-0.400000,0.077000,0
1.969814,7.563000,-36.220001,-19.148001,65.222000,22.872000,40.965000,150.813004,0.000000,0.000000,0.000000,0.000000,0.000000,0.000000,0.120000,418.000000,384.000000,84.000000,-2973.000000,-272.000000,-348.000000,-93.000000,22.000000,22.000000,22.000000,22.000000,22.000000,22.000000,22.000000,29.000000,29.000000,30.000000,31.000000,31.000000,31.000000,32.000000,1,1,1,1,1,1,1,0,0,0,0,0,0,0,74,5376.403809,469,0,1,0.721914,-0.059718,-0.323628,-3.116000,-0.399000,0.076000,0
1.979804,7.517000,-36.027000,-19.143999,64.834999,22.863001,41.158001,150.949005,0.000000,0.000000,0.000000,0.000000,0.000000,0.000000,0.120000,418.000000,384.000000,84.000000,-2973.000000,-272.000000,-348.000000,-93.000000,22.000000,22.000000,22.000000,22.000000,22.000000,22.000000,22.000000,29.000000,29.000000,30.000000,31.000000,31.000000,31.000000,32.000000,1,1,1,1,1,1,1,0,0,0,0,0,0,0,74,5376.403809,469,0,1,0.722815,-0.059462,-0.323628,-3.116000,-0.399000,0.076000,0
1.989762,7.438000,-35.804001,-19.112000,64.392998,22.851999,41.376999,151.123993,0.000000,0.000000,0.000000,0.000000,0.000000,0.000000,0.120000,418.000000,384.000000,84.000000,-2973.000000,-272.000000,-348.000000,-93.000000,22.000000,22.000000,22.000000,22.000000,22.000000,22.000000,22.000000,29.000000,29.000000,30.000000,31.000000,31.000000,31.000000,32.000000,1,1,1,1,1,1,1,0,0,0,0,0,0,0,74,5376.402832,470,0,1,0.723861,-0.059051,-0.323628,-3.116000,-0.399000,0.076000,0
1.999786,7.351000,-35.625999,-19.063000,64.046997,22.843000,41.546001,151.276001,0.000000,0.000000,0.000000,0.000000,0.000000,0.000000,0.120000,418.000000,384.000000,84.000000,-2973.000000,-272.000000,-348.000000,-93.000000,22.000000,22.000000,22.000000,22.000000,22.000000,22.000000,22.000000,29.000000,29.000000,30.000000,31.000000,31.000000,31.000000,32.000000,1,1,1,1,1,1,1,0,0,0,0,0,0,0,74,5376.403809,469,0,1,0.724695,-0.058624,-0.323627,-3.117000,-0.400000,0.077000,0
2.009773,7.246000,-35.458000,-18.992001,63.723000,22.832001,41.702999,151.434006,0.000000,0.000000,0.000000,0.000000,0.000000,0.000000,0.120000,418.000000,384.000000,84.000000,-2973.000000,-272.000000,-348.000000,-93.000000,22.000000,22.000000,22.000000,22.000000,22.000000,22.000000,22.000000,29.000000,29.000000,30.000000,31.000000,31.000000,31.000000,32.000000,1,1,1,1,1,1,1,0,0,0,0,0,0,0,74,5376.405762,467,0,1,0.725488,-0.058124,-0.323627,-3.117000,-0.399000,0.077000,0
2.019813,7.123000,-35.300999,-18.900999,63.424999,22.820000,41.844002,151.597000,0.000000,0.000000,0.000000,0.000000,0.000000,0.000000,0.120000,418.000000,384.000000,84.000000,-2973.000000,-272.000000,-348.000000,-93.000000,22.000000,22.000000,22.000000,22.000000,22.000000,22.000000,22.000000,29.000000,29.000000,30.000000,31.000000,31.000000,31.000000,32.000000,1,1,1,1,1,1,1,0,0,0,0,0,0,0,74,5376.403809,468,0,1,0.726233,-0.057556,-0.323628,-3.117000,-0.399000,0.076000,0
2.029954,6.954000,-35.129002,-18.764999,63.105000,22.805000,41.993000,151.796005,0.000000,0.000000,0.000000,0.000000,0.000000,0.000000,0.120000,418.000000,384.000000,84.000000,-2973.000000,-272.000000,-348.000000,-93.000000,22.000000,22.000000,22.000000,22.000000,22.000000,22.000000,22.000000,29.000000,29.000000,30.000000,31.000000,31.000000,31.000000,32.000000,1,1,1,1,1,1,1,0,0,0,0,0,0,0,74,5376.405762,468,0,1,0.727055,-0.056790,-0.323628,-3.117000,-0.399000,0.076000,0
2.039807,6.796000,-35.000999,-18.629999,62.872002,22.792000,42.098999,151.962997,0.000000,0.000000,0.000000,0.000000,0.000000,0.000000,0.120000,418.000000,384.000000,84.000000,-2973.000000,-272.000000,-348.000000,-93.000000,22.000000,22.000000,22.000000,22.000000,22.000000,22.000000,22.000000,29.000000,29.000000,30.000000,31.000000,31.000000,31.000000,32.000000,1,1,1,1,1,1,1,0,0,0,0,0,0,0,74,5376.402832,470,0,1,0.727675,-0.056088,-0.323628,-3.116000,-0.399000,0.076000,0
2.049696,6.624000,-34.888000,-18.476999,62.672001,22.778000,42.186001,152.130005,0.000000,0.000000,0.000000,0.000000,0.000000,0.000000,0.120000,418.000000,384.000000,84.000000,-2973.000000,-272.000000,-348.000000,-93.000000,22.000000,22.000000,22.000000,22.000000,22.000000,22.000000,22.000000,29.000000,29.000000,30.000000,31.000000,31.000000,31.000000,32.000000,1,1,1,1,1,1,1,0,0,0,0,0,0,0,74,5376.403809,468,0,1,0.728230,-0.055333,-0.323628,-3.116000,-0.399000,0.076000,0
2.059783,6.438000,-34.790001,-18.306999,62.507000,22.763000,42.254002,152.296997,0.000000,0.000000,0.000000,0.000000,0.000000,0.000000,0.120000,418.000000,384.000000,84.000000,-2973.000000,-272.000000,-348.000000,-93.000000,22.000000,22.000000,22.000000,22.000000,22.000000,22.000000,22.000000,29.000000,29.000000,30.000000,31.000000,31.000000,31.000000,32.000000,1,1,1,1,1,1,1,0,0,0,0,0,0,0,74,5376.403809,468,0,1,0.728715,-0.054532,-0.323628,-3.116000,-0.399000,0.076000,0
2.069832,6.321000,-34.740002,-18.197001,62.424999,22.753000,42.285999,152.395004,0.000000,0.000000,0.000000,0.000000,0.000000,0.000000,0.120000,418.000000,384.000000,84.000000,-2973.000000,-272.000000,-348.000000,-93.000000,22.000000,22.000000,22.000000,22.000000,22.000000,22.000000,22.000000,29.000000,29.000000,30.000000,31.000000,31.000000,31.000000,32.000000,1,1,1,1,1,1,1,0,0,0,0,0,0,0,74,5376.403809,468,0,1,0.728971,-0.054031,-0.323627,-3.117000,-0.400000,0.076000,0
2.079741,6.118000,-34.671001,-18.000999,62.319000,22.737000,42.323002,152.557007,0.000000,0.000000,0.000000,0.000000,0.000000,0.000000,0.120000,418.000000,384.000000,84.000000,-2973.000000,-272.000000,-348.000000,-93.000000,22.000000,22.000000,22.000000,22.000000,22.000000,22.000000,22.000000,29.000000,29.000000,30.000000,31.000000,31.000000,31.000000,32.000000,1,1,1,1,1,1,1,0,0,0,0,0,0,0,74,5376.403809,468,0,1,0.729338,-0.053169,-0.323628,-3.117000,-0.399000,0.077000,0
2.089783,5.906000,-34.618999,-17.792000,62.250000,22.719999,42.340000,152.714005,0.000000,0.000000,0.000000,0.000000,0.000000,0.000000,0.120000,418.000000,384.000000,84.000000,-2973.000000,-272.000000,-348.000000,-93.000000,22.000000,22.000000,22.000000,22.000000,22.000000,22.000000,22.000000,29.000000,29.000000,30.000000,31.000000,31.000000,31.000000,32.000000,1,1,1,1,1,1,1,0,0,0,0,0,0,0,74,5376.403809,468,0,1,0.729625,-0.052277,-0.323628,-3.116000,-0.399000,0.076000,0
2.099839,5.642000,-34.582001,-17.525999,62.219002,22.700001,42.334000,152.895996,0.000000,0.000000,0.000000,0.000000,0.000000,0.000000,0.120000,418.000000,384.000000,84.000000,-2973.000000,-272.000000,-348.000000,-93.000000,22.000000,22.000000,22.000000,22.000000,22.000000,22.000000,22.000000,29.000000,29.000000,30.000000,31.000000,31.000000,31.000000,32.000000,1,1,1,1,1,1,1,0,0,0,0,0,0,0,74,5376.403809,469,0,1,0.729864,-0.051179,-0.323627,-3.117000,-0.400000,0.076000,0
2.109843,5.417000,-34.571999,-17.294001,62.236000,22.681999,42.306000,153.039993,0.000000,0.000000,0.000000,0.000000,0.000000,0.000000,0.120000,418.000000,384.000000,84.000000,-2973.000000,-272.000000,-348.000000,-93.000000,22.000000,22.000000,22.000000,22.000000,22.000000,22.000000,22.000000,29.000000,29.000000,30.000000,31.000000,31.000000,31.000000,32.000000,1,1,1,1,1,1,1,0,0,0,0,0,0,0,74,5376.405762,468,0,1,0.729973,-0.050249,-0.323627,-3.116000,-0.399000,0.076000,0
2.119866,5.190000,-34.581001,-17.054001,62.290001,22.664000,42.258999,153.175003,0.000000,0.000000,0.000000,0.000000,0.000000,0.000000,0.120000,418.000000,384.000000,84.000000,-2973.000000,-272.000000,-348.000000,-93.000000,22.000000,22.000000,22.000000,22.000000,22.000000,22.000000,22.000000,29.000000,29.000000,30.000000,31.000000,31.000000,31.000000,32.000000,1,1,1,1,1,1,1,0,0,0,0,0,0,0,74,5376.405762,468,0,1,0.730000,-0.049312,-0.323628,-3.116000,-0.399000,0.077000,1
2.129955,4.958000,-34.596001,-16.809000,62.358002,22.646000,42.205002,153.311005,0.000000,0.000000,0.000000,0.000000,0.000000,0.000000,0.120000,418.000000,384.000000,84.000000,-2973.000000,-272.000000,-348.000000,-93.000000,22.000000,22.000000,22.000000,22.000000,22.000000,22.000000,22.000000,29.000000,29.000000,30.000000,31.000000,31.000000,31.000000,32.000000,1,1,1,1,1,1,1,0,0,0,0,0,0,0,74,5376.405762,469,0,1,0.729999,-0.048361,-0.323628,-3.116000,-0.399000,0.076000,1
2.139791,4.658000,-34.615002,-16.490999,62.443001,22.622999,42.136002,153.487000,0.000000,0.000000,0.000000,0.000000,0.000000,0.000000,0.120000,418.000000,384.000000,84.000000,-2973.000000,-272.000000,-348.000000,-93.000000,22.000000,22.000000,22.000000,22.000000,22.000000,22.000000,22.000000,29.000000,29.000000,30.000000,31.000000,31.000000,31.000000,32.000000,1,1,1,1,1,1,1,0,0,0,0,0,0,0,74,5376.405762,469,0,1,0.729999,-0.047128,-0.323627,-3.117000,-0.400000,0.076000,1
2.149766,4.376000,-34.632999,-16.194000,62.521000,22.603001,42.073002,153.651001,0.000000,0.000000,0.000000,0.000000,0.000000,0.000000,0.120000,418.000000,384.000000,84.000000,-2973.000000,-272.000000,-348.000000,-93.000000,22.000000,22.000000,22.000000,22.000000,22.000000,22.000000,22.000000,29.000000,29.000000,30.000000,31.000000,31.000000,31.000000,32.000000,1,1,1,1,1,1,1,0,0,0,0,0,0,0,74,5376.403809,469,0,1,0.730000,-0.045972,-0.323628,-3.117000,-0.399000,0.076000,1
2.159703,4.189000,-34.645000,-15.998000,62.571999,22.590000,42.032001,153.759995,0.000000,0.000000,0.000000,0.000000,0.000000,0.000000,0.120000,418.000000,384.000000,84.000000,-2973.000000,-272.000000,-348.000000,-93.000000,22.000000,22.000000,22.000000,22.000000,22.000000,22.000000,22.000000,29.000000,29.000000,30.000000,31.000000,31.000000,31.000000,32.000000,1,1,1,1,1,1,1,0,0,0,0,0,0,0,74,5376.402832,469,0,1,0.729999,-0.045208,-0.323628,-3.116000,-0.399000,0.076000,1
2.169739,3.847000,-34.667000,-15.640000,62.664001,22.566000,41.958000,153.960007,0.000000,0.000000,0.000000,0.000000,0.000000,0.000000,0.120000,418.000000,384.000000,84.000000,-2973.000000,-272.000000,-348.000000,-93.000000,22.000000,22.000000,22.000000,22.000000,22.000000,22.000000,22.000000,29.000000,29.000000,30.000000,31.000000,31.000000,31.000000,32.000000,1,1,1,1,1,1,1,0,0,0,0,0,0,0,74,5376.405762,467,0,1,0.730000,-0.043809,-0.323628,-3.117000,-0.399000,0.076000,1
2.179744,3.468000,-34.692001,-15.243000,62.762001,22.541000,41.876999,154.182007,0.000000,0.000000,0.000000,0.000000,0.000000,0.000000,0.120000,418.000000,384.000000,84.000000,-2973.000000,-272.000000,-348.000000,-93.000000,22.000000,22.000000,22.000000,22.000000,22.000000,22.000000,22.000000,29.000000,29.000000,30.000000,31.000000,31.000000,31.000000,32.000000,1,1,1,1,1,1,1,0,0,0,0,0,0,0,74,5376.402832,468,0,1,0.730000,-0.042254,-0.323628,-3.117000,-0.399000,0.076000,1
2.189726,3.056000,-34.719002,-14.812000,62.866001,22.514000,41.792000,154.425003,0.000000,0.000000,0.000000,0.000000,0.000000,0.000000,0.120000,418.000000,384.000000,84.000000,-2973.000000,-272.000000,-348.000000,-93.000000,22.000000,22.000000,22.000000,22.000000,22.000000,22.000000,22.000000,29.000000,29.000000,30.000000,31.000000,31.000000,31.000000,32.000000,1,1,1,1,1,1,1,0,0,0,0,0,0,0,74,5376.403809,468,0,1,0.730000,-0.040567,-0.323628,-3.116000,-0.399000,0.076000,1
2.199929,2.621000,-34.748001,-14.359000,62.972000,22.485001,41.705002,154.682007,0.000000,0.000000,0.000000,0.000000,0.000000,0.000000,0.120000,418.000000,384.000000,84.000000,-2973.000000,-272.000000,-348.000000,-93.000000,22.000000,22.000000,22.000000,22.000000,22.000000,22.000000,22.000000,29.000000,29.000000,30.000000,31.000000,31.000000,31.000000,32.000000,1,1,1,1,1,1,1,0,0,0,0,0,0,0,74,5376.403809,467,0,1,0.729999,-0.038785,-0.323628,-3.116000,-0.399000,0.076000,1
2.209823,2.176000,-34.778000,-13.895000,63.076000,22.455999,41.617001,154.945999,0.000000,0.000000,0.000000,0.000000,0.000000,0.000000,0.120000,418.000000,384.000000,84.000000,-2973.000000,-272.000000,-348.000000,-93.000000,22.000000,22.000000,22.000000,22.000000,22.000000,22.000000,22.000000,29.000000,29.000000,30.000000,31.000000,31.000000,31.000000,32.000000,1,1,1,1,1,1,1,0,0,0,0,0,0,0,74,5376.403809,468,0,1,0.729999,-0.036958,-0.323628,-3.116000,-0.399000,0.076000,1
2.219906,1.646000,-34.813999,-13.342000,63.195999,22.420000,41.516998,155.264008,0.000000,0.000000,0.000000,0.000000,0.000000,0.000000,0.120000,418.000000,384.000000,84.000000,-2973.000000,-272.000000,-348.000000,-93.000000,22.000000,22.000000,22.000000,22.000000,22.000000,22.000000,22.000000,29.000000,29.000000,30.000000,31.000000,31.000000,31.000000,32.000000,1,1,1,1,1,1,1,0,0,0,0,0,0,0,74,5376.405762,468,0,1,0.730000,-0.034779,-0.323628,-3.116000,-0.399000,0.076000,1
2.229966,1.220000,-34.844002,-12.899000,63.286999,22.389999,41.438000,155.520996,0.000000,0.000000,0.000000,0.000000,0.000000,0.000000,0.120000,418.000000,384.000000,84.000000,-2973.000000,-272.000000,-348.000000,-93.000000,22.000000,22.000000,22.000000,22.000000,22.000000,22.000000,22.000000,29.000000,29.000000,30.000000,31.000000,31.000000,31.000000,32.000000,1,1,1,1,1,1,1,0,0,0,0,0,0,0,74,5376.403809,469,0,1,0.730000,-0.033025,-0.323627,-3.116000,-0.400000,0.076000,1
2.239847,0.818000,-34.872002,-12.480000,63.370998,22.361000,41.366001,155.766998,0.000000,0.000000,0.000000,0.000000,0.000000,0.000000,0.120000,418.000000,384.000000,84.000000,-2973.000000,-272.000000,-348.000000,-93.000000,22.000000,22.000000,22.000000,22.000000,22.000000,22.000000,22.000000,29.000000,29.000000,30.000000,31.000000,31.000000,31.000000,32.000000,1,1,1,1,1,1,1,0,0,0,0,0,0,0,74,5376.405762,469,0,1,0.729999,-0.031365,-0.323628,-3.116000,-0.399000,0.076000,1
2.249789,0.447000,-34.898998,-12.093000,63.445000,22.333000,41.300999,155.994995,0.000000,0.000000,0.000000,0.000000,0.000000,0.000000,0.120000,418.000000,384.000000,84.000000,-2973.000000,-272.000000,-348.000000,-93.000000,22.000000,22.000000,22.000000,22.000000,22.000000,22.000000,22.000000,29.000000,29.000000,30.000000,31.000000,31.000000,31.000000,32.000000,1,1,1,1,1,1,1,0,0,0,0,0,0,0,74,5376.403809,468,0,1,0.730000,-0.029830,-0.323628,-3.117000,-0.399000,0.076000,1
2.259907,0.111000,-34.923000,-11.743000,63.508999,22.306999,41.243000,156.203003,0.000000,0.000000,0.000000,0.000000,0.000000,0.000000,0.120000,418.000000,384.000000,84.000000,-2973.000000,-272.000000,-348.000000,-93.000000,22.000000,22.000000,22.000000,22.000000,22.000000,22.000000,22.000000,29.000000,29.000000,30.000000,31.000000,31.000000,31.000000,32.000000,1,1,1,1,1,1,1,0,0,0,0,0,0,0,74,5376.403809,468,0,1,0.730000,-0.028439,-0.323628,-3.117000,-0.399000,0.077000,1
2.269920,-0.239000,-34.949001,-11.374000,63.575001,22.277000,41.182999,156.423996,0.000000,0.000000,0.000000,0.000000,0.000000,0.000000,0.120000,418.000000,384.000000,84.000000,-2973.000000,-272.000000,-348.000000,-93.000000,22.000000,22.000000,22.000000,22.000000,22.000000,22.000000,22.000000,29.000000,29.000000,30.000000,31.000000,31.000000,31.000000,32.000000,1,1,1,1,1,1,1,0,0,0,0,0,0,0,74,5376.403809,470,0,1,0.730000,-0.026974,-0.323628,-3.116000,-0.399000,0.076000,1
2.279812,-0.492000,-34.967999,-11.109000,63.620998,22.253000,41.140999,156.585007,0.000000,0.000000,0.000000,0.000000,0.000000,0.000000,0.120000,418.000000,384.000000,84.000000,-2973.000000,-272.000000,-348.000000,-93.000000,22.000000,22.000000,22.000000,22.000000,22.000000,22.000000,22.000000,29.000000,29.000000,30.000000,31.000000,31.000000,31.000000,32.000000,1,1,1,1,1,1,1,0,0,0,0,0,0,0,74,5376.403809,468,0,1,0.730000,-0.025918,-0.323628,-3.117000,-0.399000,0.076000,1
2.289822,-0.627000,-34.979000,-10.966000,63.645000,22.240000,41.118999,156.671997,0.000000,0.000000,0.000000,0.000000,0.000000,0.000000,0.120000,418.000000,384.000000,84.000000,-2973.000000,-272.000000,-348.000000,-93.000000,22.000000,22.000000,22.000000,22.000000,22.000000,22.000000,22.000000,29.000000,29.000000,30.000000,31.000000,31.000000,31.000000,32.000000,1,1,1,1,1,1,1,0,0,0,0,0,0,0,74,5376.403809,469,0,1,0.730000,-0.025350,-0.323628,-3.116000,-0.399000,0.076000,1
2.300001,-0.830000,-34.993999,-10.751000,63.680000,22.219000,41.085999,156.804001,0.000000,0.000000,0.000000,0.000000,0.000000,0.000000,0.120000,418.000000,384.000000,84.000000,-2973.000000,-272.000000,-348.000000,-93.000000,22.000000,22.000000,22.000000,22.000000,22.000000,22.000000,22.000000,29.000000,29.000000,30.000000,31.000000,31.000000,31.000000,32.000000,1,1,1,1,1,1,1,0,0,0,0,0,0,0,74,5376.403809,469,0,1,0.729999,-0.024496,-0.323628,-3.116000,-0.399000,0.076000,1
2.309901,-1.010000,-35.008999,-10.559000,63.710999,22.198000,41.056000,156.923004,0.000000,0.000000,0.000000,0.000000,0.000000,0.000000,0.120000,418.000000,384.000000,84.000000,-2973.000000,-272.000000,-348.000000,-93.000000,22.000000,22.000000,22.000000,22.000000,22.000000,22.000000,22.000000,29.000000,29.000000,30.000000,31.000000,31.000000,31.000000,32.000000,1,1,1,1,1,1,1,0,0,0,0,0,0,0,74,5376.403809,469,0,1,0.730000,-0.023731,-0.323627,-3.116000,-0.399000,0.076000,1
2.319829,-1.212000,-35.025002,-10.344000,63.744999,22.174999,41.022999,157.057007,0.000000,0.000000,0.000000,0.000000,0.000000,0.000000,0.120000,418.000000,384.000000,84.000000,-2973.000000,-272.000000,-348.000000,-93.000000,22.000000,22.000000,22.000000,22.000000,22.000000,22.000000,22.000000,29.000000,29.000000,30.000000,31.000000,31.000000,31.000000,32.000000,1,1,1,1,1,1,1,0,0,0,0,0,0,0,74,5376.405762,469,0,1,0.729999,-0.022874,-0.323628,-3.116000,-0.399000,0.076000,1
2.329958,-1.377000,-35.044998,-10.166000,63.786999,22.155001,40.988998,157.164001,0.000000,0.000000,0.000000,0.000000,0.000000,0.000000,0.120000,418.000000,384.000000,84.000000,-2973.000000,-272.000000,-348.000000,-93.000000,22.000000,22.000000,22.000000,22.000000,22.000000,22.000000,22.000000,29.000000,29.000000,30.000000,31.000000,31.000000,31.000000,32.000000,1,1,1,1,1,1,1,0,0,0,0,0,0,0,74,5376.403809,468,0,1,0.729968,-0.022173,-0.323628,-3.117000,-0.399000,0.076000,0
2.339907,-1.539000,-35.078999,-9.988000,63.855999,22.136000,40.941002,157.264008,0.000000,0.000000,0.000000,0.000000,0.000000,0.000000,0.120000,418.000000,384.000000,84.000000,-2973.000000,-272.000000,-348.000000,-93.000000,22.000000,22.000000,22.000000,22.000000,22.000000,22.000000,22.000000,29.000000,29.000000,30.000000,31.000000,31.000000,31.000000,32.000000,1,1,1,1,1,1,1,0,0,0,0,0,0,0,74,5376.403809,468,0,1,0.729874,-0.021476,-0.323628,-3.116000,-0.399000,0.076000,0
2.349830,-1.697000,-35.125999,-9.809000,63.953999,22.118000,40.877998,157.356995,0.000000,0.000000,0.000000,0.000000,0.000000,0.000000,0.120000,418.000000,384.000000,84.000000,-2973.000000,-272.000000,-348.000000,-93.000000,22.000000,22.000000,22.000000,22.000000,22.000000,22.000000,22.000000,29.000000,29.000000,30.000000,31.000000,31.000000,31.000000,32.000000,1,1,1,1,1,1,1,0,0,0,0,0,0,0,74,5376.403809,470,0,1,0.729719,-0.020791,-0.323628,-3.117000,-0.399000,0.077000,0
2.359811,-1.850000,-35.186001,-9.633000,64.078003,22.100000,40.801998,157.440994,0.000000,0.000000,0.000000,0.000000,0.000000,0.000000,0.120000,418.000000,384.000000,84.000000,-2973.000000,-272.000000,-348.000000,-93.000000,22.000000,22.000000,22.000000,22.000000,22.000000,22.000000,22.000000,29.000000,29.000000,30.000000,31.000000,31.000000,31.000000,32.000000,1,1,1,1,1,1,1,0,0,0,0,0,0,0,74,5376.403809,469,0,1,0.729503,-0.020122,-0.323628,-3.117000,-0.399000,0.076000,0
2.369826,-2.025000,-35.275002,-9.426000,64.261002,22.080000,40.693001,157.531006,0.000000,0.000000,0.000000,0.000000,0.000000,0.000000,0.120000,418.000000,384.000000,84.000000,-2973.000000,-272.000000,-348.000000,-93.000000,22.000000,22.000000,22.000000,22.000000,22.000000,22.000000,22.000000,29.000000,29.000000,30.000000,31.000000,31.000000,31.000000,32.000000,1,1,1,1,1,1,1,0,0,0,0,0,0,0,74,5376.405762,468,0,1,0.729167,-0.019349,-0.323628,-3.116000,-0.399000,0.076000,0
2.379763,-2.161000,-35.362000,-9.258000,64.441002,22.065001,40.589001,157.595001,0.000000,0.000000,0.000000,0.000000,0.000000,0.000000,0.120000,418.000000,384.000000,84.000000,-2973.000000,-272.000000,-348.000000,-93.000000,22.000000,22.000000,22.000000,22.000000,22.000000,22.000000,22.000000,29.000000,29.000000,30.000000,31.000000,31.000000,31.000000,32.000000,1,1,1,1,1,1,1,0,0,0,0,0,0,0,74,5376.403809,468,0,1,0.728824,-0.018736,-0.323628,-3.117000,-0.399000,0.076000,0
2.389772,-2.288000,-35.459999,-9.098000,64.641998,22.051001,40.473999,157.649002,0.000000,0.000000,0.000000,0.000000,0.000000,0.000000,0.120000,418.000000,384.000000,84.000000,-2973.000000,-272.000000,-348.000000,-93.000000,22.000000,22.000000,22.000000,22.000000,22.000000,22.000000,22.000000,29.000000,29.000000,30.000000,31.000000,31.000000,31.000000,32.000000,1,1,1,1,1,1,1,0,0,0,0,0,0,0,74,5376.402832,469,0,1,0.728429,-0.018155,-0.323628,-3.117000,-0.399000,0.076000,0
2.399848,-2.359000,-35.523998,-9.005000,64.774002,22.042999,40.400002,157.677002,0.000000,0.000000,0.000000,0.000000,0.000000,0.000000,0.120000,418.000000,384.000000,84.000000,-2973.000000,-272.000000,-348.000000,-93.000000,22.000000,22.000000,22.000000,22.000000,22.000000,22.000000,22.000000,29.000000,29.000000,30.000000,31.000000,31.000000,31.000000,32.000000,1,1,1,1,1,1,1,0,0,0,0,0,0,0,74,5376.403809,468,0,1,0.728167,-0.017824,-0.323628,-3.116000,-0.399000,0.076000,0
2.409830,-2.469000,-35.637001,-8.858000,65.008003,22.030001,40.269001,157.714996,0.000000,0.000000,0.000000,0.000000,0.000000,0.000000,0.120000,418.000000,384.000000,84.000000,-2973.000000,-272.000000,-348.000000,-93.000000,22.000000,22.000000,22.000000,22.000000,22.000000,22.000000,22.000000,29.000000,29.000000,30.000000,31.000000,31.000000,31.000000,32.000000,1,1,1,1,1,1,1,0,0,0,0,0,0,0,74,5376.403809,469,0,1,0.727693,-0.017306,-0.323627,-3.117000,-0.399000,0.076000,0
2.419804,-2.566000,-35.758999,-8.721000,65.260002,22.018999,40.129002,157.742004,0.000000,0.000000,0.000000,0.000000,0.000000,0.000000,0.120000,418.000000,384.000000,84.000000,-2973.000000,-272.000000,-348.000000,-93.000000,22.000000,22.000000,22.000000,22.000000,22.000000,22.000000,22.000000,29.000000,29.000000,30.000000,31.000000,31.000000,31.000000,32.000000,1,1,1,1,1,1,1,0,0,0,0,0,0,0,74,5376.403809,469,0,1,0.727174,-0.016832,-0.323628,-3.117000,-0.399000,0.076000,0
2.429730,-2.666000,-35.915001,-8.570000,65.584000,22.007000,39.951000,157.761002,0.000000,0.000000,0.000000,0.000000,0.000000,0.000000,0.120000,418.000000,384.000000,84.000000,-2973.000000,-272.000000,-348.000000,-93.000000,22.000000,22.000000,22.000000,22.000000,22.000000,22.000000,22.000000,29.000000,29.000000,30.000000,31.000000,31.000000,31.000000,32.000000,1,1,1,1,1,1,1,0,0,0,0,0,0,0,74,5376.405762,468,0,1,0.726500,-0.016327,-0.323628,-3.116000,-0.400000,0.076000,0
2.439723,-2.733000,-36.051998,-8.458000,65.866997,21.997999,39.797001,157.764008,0.000000,0.000000,0.000000,0.000000,0.000000,0.000000,0.120000,418.000000,384.000000,84.000000,-2973.000000,-272.000000,-348.000000,-93.000000,22.000000,22.000000,22.000000,22.000000,22.000000,22.000000,22.000000,29.000000,29.000000,30.000000,31.000000,31.000000,31.000000,32.000000,1,1,1,1,1,1,1,0,0,0,0,0,0,0,74,5376.405762,469,0,1,0.725899,-0.015963,-0.323628,-3.116000,-0.399000,0.076000,0
2.449704,-2.786000,-36.194000,-8.359000,66.162003,21.990000,39.637001,157.757004,0.000000,0.000000,0.000000,0.000000,0.000000,0.000000,0.120000,418.000000,384.000000,84.000000,-2973.000000,-272.000000,-348.000000,-93.000000,22.000000,22.000000,22.000000,22.000000,22.000000,22.000000,22.000000,29.000000,29.000000,30.000000,31.000000,31.000000,31.000000,32.000000,1,1,1,1,1,1,1,0,0,0,0,0,0,0,74,5376.405762,468,0,1,0.725267,-0.015654,-0.323628,-3.117000,-0.399000,0.076000,0
2.459704,-2.830000,-36.369999,-8.258000,66.526001,21.982000,39.441002,157.733994,0.000000,0.000000,0.000000,0.000000,0.000000,0.000000,0.120000,418.000000,384.000000,84.000000,-2973.000000,-272.000000,-348.000000,-93.000000,22.000000,22.000000,22.000000,22.000000,22.000000,22.000000,22.000000,29.000000,29.000000,30.000000,31.000000,31.000000,31.000000,32.000000,1,1,1,1,1,1,1,0,0,0,0,0,0,0,74,5376.403809,469,0,1,0.724478,-0.015359,-0.323628,-3.117000,-0.400000,0.076000,0
2.469846,-2.850000,-36.518002,-8.190000,66.835999,21.976000,39.276001,157.703995,0.000000,0.000000,0.000000,0.000000,0.000000,0.000000,0.120000,418.000000,384.000000,84.000000,-2973.000000,-272.000000,-348.000000,-93.000000,22.000000,22.000000,22.000000,22.000000,22.000000,22.000000,22.000000,29.000000,29.000000,30.000000,31.000000,31.000000,31.000000,32.000000,1,1,1,1,1,1,1,0,0,0,0,0,0,0,74,5376.405762,468,0,1,0.723798,-0.015179,-0.323628,-3.116000,-0.399000,0.076000,0
2.479857,-2.855000,-36.608002,-8.156000,67.023003,21.972000,39.175999,157.681000,0.000000,0.000000,0.000000,0.000000,0.000000,0.000000,0.120000,418.000000,384.000000,84.000000,-2973.000000,-272.000000,-348.000000,-93.000000,22.000000,22.000000,22.000000,22.000000,22.000000,22.000000,22.000000,29.000000,29.000000,30.000000,31.000000,31.000000,31.000000,32.000000,1,1,1,1,1,1,1,0,0,0,0,0,0,0,74,5376.405762,468,0,1,0.723384,-0.015101,-0.323628,-3.116000,-0.399000,0.076000,0
2.489836,-2.850000,-36.757999,-8.112000,67.336998,21.966999,39.009998,157.634003,0.000000,0.000000,0.000000,0.000000,0.000000,0.000000,0.120000,418.000000,384.000000,84.000000,-2973.000000,-272.000000,-348.000000,-93.000000,22.000000,22.000000,22.000000,22.000000,22.000000,22.000000,22.000000,29.000000,29.000000,30.000000,31.000000,31.000000,31.000000,32.000000,1,1,1,1,1,1,1,0,0,0,0,0,0,0,74,5376.405762,468,0,1,0.722686,-0.015020,-0.323628,-3.117000,-0.399000,0.076000,0
2.499801,-2.830000,-36.907001,-8.083000,67.648003,21.962999,38.845001,157.578995,0.000000,0.000000,0.000000,0.000000,0.000000,0.000000,0.120000,418.000000,384.000000,84.000000,-2973.000000,-272.000000,-348.000000,-93.000000,22.000000,22.000000,22.000000,22.000000,22.000000,22.000000,22.000000,29.000000,29.000000,30.000000,31.000000,31.000000,31.000000,32.000000,1,1,1,1,1,1,1,0,0,0,0,0,0,0,74,5376.405762,469,0,1,0.721985,-0.014999,-0.323628,-3.116000,-0.399000,0.076000,1
2.509811,-2.805000,-37.056000,-8.059000,67.959000,21.959000,38.681000,157.520004,0.000000,0.000000,0.000000,0.000000,0.000000,0.000000,0.120000,418.000000,384.000000,84.000000,-2973.000000,-272.000000,-348.000000,-93.000000,22.000000,22.000000,22.000000,22.000000,22.000000,22.000000,22.000000,29.000000,29.000000,30.000000,31.000000,31.000000,31.000000,32.000000,1,1,1,1,1,1,1,0,0,0,0,0,0,0,74,5376.405762,468,0,1,0.721281,-0.014999,-0.323628,-3.116000,-0.400000,0.076000,1
2.519816,-2.774000,-37.243999,-8.029000,68.350998,21.955000,38.474998,157.445999,0.000000,0.000000,0.000000,0.000000,0.000000,0.000000,0.120000,418.000000,384.000000,84.000000,-2973.000000,-272.000000,-348.000000,-93.000000,22.000000,22.000000,22.000000,22.000000,22.000000,22.000000,22.000000,29.000000,29.000000,30.000000,31.000000,31.000000,31.000000,32.000000,1,1,1,1,1,1,1,0,0,0,0,0,0,0,74,5376.405762,468,0,1,0.720388,-0.014999,-0.323628,-3.117000,-0.400000,0.076000,1
2.529881,-2.746000,-37.415001,-8.002000,68.708000,21.952000,38.286999,157.378006,0.000000,0.000000,0.000000,0.000000,0.000000,0.000000,0.120000,418.000000,384.000000,84.000000,-2973.000000,-272.000000,-348.000000,-93.000000,22.000000,22.000000,22.000000,22.000000,22.000000,22.000000,22.000000,29.000000,29.000000,30.000000,31.000000,31.000000,31.000000,32.000000,1,1,1,1,1,1,1,0,0,0,0,0,0,0,74,5376.403809,468,0,1,0.719574,-0.014999,-0.323628,-3.116000,-0.399000,0.076000,1
2.539880,-2.715000,-37.603001,-7.973000,69.101997,21.951000,38.078999,157.302002,0.000000,0.000000,0.000000,0.000000,0.000000,0.000000,0.120000,418.000000,384.000000,84.000000,-2973.000000,-272.000000,-348.000000,-93.000000,22.000000,22.000000,22.000000,22.000000,22.000000,22.000000,22.000000,29.000000,29.000000,30.000000,31.000000,31.000000,31.000000,32.000000,1,1,1,1,1,1,1,0,0,0,0,0,0,0,74,5376.405762,469,0,1,0.718668,-0.014999,-0.323628,-3.117000,-0.399000,0.076000,1
2.549974,-2.680000,-37.814999,-7.941000,69.543999,21.950001,37.847000,157.216003,0.000000,0.000000,0.000000,0.000000,0.000000,0.000000,0.120000,418.000000,384.000000,84.000000,-2973.000000,-272.000000,-348.000000,-93.000000,22.000000,22.000000,22.000000,22.000000,22.000000,22.000000,22.000000,29.000000,29.000000,30.000000,31.000000,31.000000,31.000000,32.000000,1,1,1,1,1,1,1,0,0,0,0,0,0,0,74,5376.405762,468,0,1,0.717649,-0.014999,-0.323628,-3.117000,-0.399000,0.077000,1
2.559901,-2.641000,-38.050999,-7.906000,70.039001,21.951000,37.587002,157.119003,0.000000,0.000000,0.000000,0.000000,0.000000,0.000000,0.120000,418.000000,384.000000,84.000000,-2973.000000,-272.000000,-348.000000,-93.000000,22.000000,22.000000,22.000000,22.000000,22.000000,22.000000,22.000000,29.000000,29.000000,30.000000,31.000000,31.000000,31.000000,32.000000,1,1,1,1,1,1,1,0,0,0,0,0,0,0,74,5376.403809,469,0,1,0.716499,-0.014999,-0.323628,-3.117000,-0.399000,0.077000,1
2.569884,-2.587000,-38.373001,-7.859000,70.710999,21.954000,37.233002,156.987000,0.000000,0.000000,0.000000,0.000000,0.000000,0.000000,0.120000,418.000000,384.000000,84.000000,-2973.000000,-272.000000,-348.000000,-93.000000,22.000000,22.000000,22.000000,22.000000,22.000000,22.000000,22.000000,29.000000,29.000000,30.000000,31.000000,31.000000,31.000000,32.000000,1,1,1,1,1,1,1,0,0,0,0,0,0,0,74,5376.403809,467,0,1,0.714927,-0.014999,-0.323628,-3.117000,-0.399000,0.077000,1
2.579786,-2.536000,-38.674000,-7.817000,71.338997,21.958000,36.903000,156.862000,0.000000,0.000000,0.000000,0.000000,0.000000,0.000000,0.120000,418.000000,384.000000,84.000000,-2973.000000,-272.000000,-348.000000,-93.000000,22.000000,22.000000,22.000000,22.000000,22.000000,22.000000,22.000000,29.000000,29.000000,30.000000,31.000000,31.000000,31.000000,32.000000,1,1,1,1,1,1,1,0,0,0,0,0,0,0,74,5376.403809,467,0,1,0.713446,-0.014999,-0.323628,-3.117000,-0.399000,0.077000,1
2.589791,-2.503000,-38.868999,-7.791000,71.745003,21.962000,36.688999,156.781006,0.000000,0.000000,0.000000,0.000000,0.000000,0.000000,0.120000,418.000000,384.000000,84.000000,-2973.000000,-272.000000,-348.000000,-93.000000,22.000000,22.000000,22.000000,22.000000,22.000000,22.000000,22.000000,29.000000,29.000000,30.000000,31.000000,31.000000,31.000000,32.000000,1,1,1,1,1,1,1,0,0,0,0,0,0,0,74,5376.402832,469,0,1,0.712481,-0.014999,-0.323628,-3.117000,-0.399000,0.077000,1
2.599956,-2.442000,-39.216999,-7.744000,72.472000,21.968000,36.306999,156.636993,0.000000,0.000000,0.000000,0.000000,0.000000,0.000000,0.120000,418.000000,384.000000,84.000000,-2973.000000,-272.000000,-348.000000,-93.000000,22.000000,22.000000,22.000000,22.000000,22.000000,22.000000,22.000000,29.000000,29.000000,30.000000,31.000000,31.000000,31.000000,32.000000,1,1,1,1,1,1,1,0,0,0,0,0,0,0,74,5376.402832,468,0,1,0.710745,-0.014999,-0.323628,-3.117000,-0.399000,0.077000,1
2.609894,-2.347000,-39.750999,-7.675000,73.584000,21.980000,35.722000,156.414993,0.000000,0.000000,0.000000,0.000000,0.000000,0.000000,0.120000,418.000000,384.000000,84.000000,-2973.000000,-272.000000,-348.000000,-93.000000,22.000000,22.000000,22.000000,22.000000,22.000000,22.000000,22.000000,29.000000,29.000000,30.000000,31.000000,31.000000,31.000000,32.000000,1,1,1,1,1,1,1,0,0,0,0,0,0,0,74,5376.403809,470,0,1,0.708057,-0.014999,-0.323628,-3.117000,-0.399000,0.077000,1
2.619886,-2.302000,-39.994999,-7.644000,74.092003,21.986000,35.453999,156.313995,0.000000,0.000000,0.000000,0.000000,0.000000,0.000000,0.120000,418.000000,384.000000,84.000000,-2973.000000,-272.000000,-348.000000,-93.000000,22.000000,22.000000,22.000000,22.000000,22.000000,22.000000,22.000000,29.000000,29.000000,30.000000,31.000000,31.000000,31.000000,32.000000,1,1,1,1,1,1,1,0,0,0,0,0,0,0,74,5376.402832,470,0,1,0.706819,-0.014999,-0.323628,-3.117000,-0.399000,0.077000,1
2.629987,-2.222000,-40.417999,-7.592000,74.973000,21.996000,34.990002,156.138000,0.000000,0.000000,0.000000,0.000000,0.000000,0.000000,0.120000,418.000000,384.000000,84.000000,-2973.000000,-272.000000,-348.000000,-93.000000,22.000000,22.000000,22.000000,22.000000,22.000000,22.000000,22.000000,29.000000,29.000000,30.000000,31.000000,31.000000,31.000000,32.000000,1,1,1,1,1,1,1,0,0,0,0,0,0,0,74,5376.403809,469,0,1,0.704652,-0.014999,-0.323628,-3.117000,-0.399000,0.077000,1
2.639791,-2.120000,-40.949001,-7.530000,76.078003,22.010000,34.408001,155.917007,0.000000,0.000000,0.000000,0.000000,0.000000,0.000000,0.120000,418.000000,384.000000,84.000000,-2973.000000,-272.000000,-348.000000,-93.000000,22.000000,22.000000,22.000000,22.000000,22.000000,22.000000,22.000000,29.000000,29.000000,30.000000,31.000000,31.000000,31.000000,32.000000,1,1,1,1,1,1,1,0,0,0,0,0,0,0,74,5376.402832,468,0,1,0.701905,-0.014999,-0.323628,-3.117000,-0.399000,0.077000,1
2.649796,-2.028000,-41.405998,-7.478000,77.026001,22.023001,33.907001,155.729004,0.000000,0.000000,0.000000,0.000000,0.000000,0.000000,0.120000,418.000000,384.000000,84.000000,-2973.000000,-272.000000,-348.000000,-93.000000,22.000000,22.000000,22.000000,22.000000,22.000000,22.000000,22.000000,29.000000,29.000000,30.000000,31.000000,31.000000,31.000000,32.000000,1,1,1,1,1,1,1,0,0,0,0,0,0,0,74,5376.403809,468,0,1,0.699519,-0.014999,-0.323628,-3.117000,-0.399000,0.077000,1
2.659826,-1.933000,-41.868999,-7.428000,77.988998,22.035000,33.398998,155.537003,0.000000,0.000000,0.000000,0.000000,0.000000,0.000000,0.120000,418.000000,384.000000,84.000000,-2973.000000,-272.000000,-348.000000,-93.000000,22.000000,22.000000,22.000000,22.000000,22.000000,22.000000,22.000000,29.000000,29.000000,30.000000,31.000000,31.000000,31.000000,32.000000,1,1,1,1,1,1,1,0,0,0,0,0,0,0,74,5376.403809,468,0,1,0.697072,-0.014999,-0.323628,-3.117000,-0.399000,0.077000,1
2.669840,-1.834000,-42.334999,-7.379000,78.955002,22.048000,32.888000,155.345993,0.000000,0.000000,0.000000,0.000000,0.000000,0.000000,0.120000,418.000000,384.000000,84.000000,-2973.000000,-272.000000,-348.000000,-93.000000,22.000000,22.000000,22.000000,22.000000,22.000000,22.000000,22.000000,29.000000,29.000000,30.000000,31.000000,31.000000,31.000000,32.000000,1,1,1,1,1,1,1,0,0,0,0,0,0,0,74,5376.402832,471,0,1,0.694591,-0.014999,-0.323628,-3.117000,-0.399000,0.077000,1
2.679836,-1.713000,-42.889999,-7.323000,80.103996,22.063999,32.279999,155.119003,0.000000,0.000000,0.000000,0.000000,0.000000,0.000000,0.120000,418.000000,384.000000,84.000000,-2973.000000,-272.000000,-348.000000,-93.000000,22.000000,22.000000,22.000000,22.000000,22.000000,22.000000,22.000000,29.000000,29.000000,30.000000,31.000000,31.000000,31.000000,32.000000,1,1,1,1,1,1,1,0,0,0,0,0,0,0,74,5376.405762,468,0,1,0.691604,-0.014999,-0.323628,-3.117000,-0.399000,0.077000,1
2.689873,-1.610000,-43.347000,-7.278000,81.052002,22.076000,31.778000,154.932007,0.000000,0.000000,0.000000,0.000000,0.000000,0.000000,0.120000,418.000000,384.000000,84.000000,-2973.000000,-272.000000,-348.000000,-93.000000,22.000000,22.000000,22.000000,22.000000,22.000000,22.000000,22.000000,29.000000,29.000000,30.000000,31.000000,31.000000,31.000000,32.000000,1,1,1,1,1,1,1,0,0,0,0,0,0,0,74,5376.403809,468,0,1,0.689115,-0.014999,-0.323628,-3.117000,-0.399000,0.077000,1
2.699846,-1.506000,-43.800999,-7.236000,81.989998,22.089001,31.280001,154.746994,0.000000,0.000000,0.000000,0.000000,0.000000,0.000000,0.120000,418.000000,384.000000,84.000000,-2973.000000,-272.000000,-348.000000,-93.000000,22.000000,22.000000,22.000000,22.000000,22.000000,22.000000,22.000000,29.000000,29.000000,30.000000,31.000000,31.000000,31.000000,32.000000,1,1,1,1,1,1,1,0,0,0,0,0,0,0,74,5376.405762,469,0,1,0.686626,-0.014999,-0.323628,-3.117000,-0.399000,0.077000,1
2.709877,-1.400000,-44.250999,-7.195000,82.919998,22.101000,30.787001,154.565002,0.000000,0.000000,0.000000,0.000000,0.000000,0.000000,0.120000,418.000000,384.000000,84.000000,-2973.000000,-272.000000,-348.000000,-93.000000,22.000000,22.000000,22.000000,22.000000,22.000000,22.000000,22.000000,29.000000,29.000000,30.000000,31.000000,31.000000,31.000000,32.000000,1,1,1,1,1,1,1,0,0,0,0,0,0,0,74,5376.405762,467,0,1,0.684137,-0.014999,-0.323628,-3.117000,-0.399000,0.077000,1
2.719804,-1.293000,-44.696999,-7.157000,83.841003,22.113001,30.297001,154.384995,0.000000,0.000000,0.000000,0.000000,0.000000,0.000000,0.120000,418.000000,384.000000,84.000000,-2973.000000,-272.000000,-348.000000,-93.000000,22.000000,22.000000,22.000000,22.000000,22.000000,22.000000,22.000000,29.000000,29.000000,30.000000,31.000000,31.000000,31.000000,32.000000,1,1,1,1,1,1,1,0,0,0,0,0,0,0,74,5376.403809,469,0,1,0.681648,-0.014999,-0.323628,-3.117000,-0.399000,0.077000,1
2.729810,-1.228000,-44.963001,-7.134000,84.389999,22.121000,30.004999,154.278000,0.000000,0.000000,0.000000,0.000000,0.000000,0.000000,0.120000,418.000000,384.000000,84.000000,-2973.000000,-272.000000,-348.000000,-93.000000,22.000000,22.000000,22.000000,22.000000,22.000000,22.000000,22.000000,29.000000,29.000000,30.000000,31.000000,31.000000,31.000000,32.000000,1,1,1,1,1,1,1,0,0,0,0,0,0,0,74,5376.405762,468,0,1,0.680155,-0.014999,-0.323628,-3.117000,-0.399000,0.077000,1
2.739788,-1.118000,-45.403999,-7.098000,85.297997,22.132000,29.521999,154.102005,0.000000,0.000000,0.000000,0.000000,0.000000,0.000000,0.120000,418.000000,384.000000,84.000000,-2973.000000,-272.000000,-348.000000,-93.000000,22.000000,22.000000,22.000000,22.000000,22.000000,22.000000,22.000000,29.000000,29.000000,30.000000,31.000000,31.000000,31.000000,32.000000,1,1,1,1,1,1,1,0,0,0,0,0,0,0,74,5376.405762,467,0,1,0.677666,-0.014999,-0.323628,-3.117000,-0.399000,0.077000,1
2.749791,-1.007000,-45.841000,-7.064000,86.197998,22.143999,29.042999,153.927994,0.000000,0.000000,0.000000,0.000000,0.000000,0.000000,0.120000,418.000000,384.000000,84.000000,-2973.000000,-272.000000,-348.000000,-93.000000,22.000000,22.000000,22.000000,22.000000,22.000000,22.000000,22.000000,29.000000,29.000000,30.000000,31.000000,31.000000,31.000000,32.000000,1,1,1,1,1,1,1,0,0,0,0,0,0,0,74,5376.405762,469,0,1,0.675177,-0.014999,-0.323628,-3.117000,-0.399000,0.077000,1
2.759764,-0.873000,-46.361000,-7.025000,87.268997,22.157000,28.472000,153.722000,0.000000,0.000000,0.000000,0.000000,0.000000,0.000000,0.120000,418.000000,384.000000,84.000000,-2973.000000,-272.000000,-348.000000,-93.000000,22.000000,22.000000,22.000000,22.000000,22.000000,22.000000,22.000000,29.000000,29.000000,30.000000,31.000000,31.000000,31.000000,32.000000,1,1,1,1,1,1,1,0,0,0,0,0,0,0,74,5376.405762,468,0,1,0.672190,-0.014999,-0.323628,-3.117000,-0.399000,0.077000,1
2.769872,-0.759000,-46.792000,-6.994000,88.153000,22.167999,28.000000,153.552002,0.000000,0.000000,0.000000,0.000000,0.000000,0.000000,0.120000,418.000000,384.000000,84.000000,-2973.000000,-272.000000,-348.000000,-93.000000,22.000000,22.000000,22.000000,22.000000,22.000000,22.000000,22.000000,29.000000,29.000000,30.000000,31.000000,31.000000,31.000000,32.000000,1,1,1,1,1,1,1,0,0,0,0,0,0,0,74,5376.403809,468,0,1,0.669701,-0.014999,-0.323628,-3.117000,-0.399000,0.077000,1
2.779819,-0.644000,-47.219002,-6.964000,89.029999,22.177999,27.532000,153.384003,0.000000,0.000000,0.000000,0.000000,0.000000,0.000000,0.120000,418.000000,384.000000,84.000000,-2973.000000,-272.000000,-348.000000,-93.000000,22.000000,22.000000,22.000000,22.000000,22.000000,22.000000,22.000000,29.000000,29.000000,30.000000,31.000000,31.000000,31.000000,32.000000,1,1,1,1,1,1,1,0,0,0,0,0,0,0,74,5376.402832,470,0,1,0.667212,-0.015000,-0.323628,-3.117000,-0.399000,0.077000,1
2.789872,-0.528000,-47.643002,-6.936000,89.900002,22.188000,27.066999,153.218994,0.000000,0.000000,0.000000,0.000000,0.000000,0.000000,0.120000,418.000000,384.000000,84.000000,-2973.000000,-272.000000,-348.000000,-93.000000,22.000000,22.000000,22.000000,22.000000,22.000000,22.000000,22.000000,29.000000,29.000000,30.000000,31.000000,31.000000,31.000000,32.000000,1,1,1,1,1,1,1,0,0,0,0,0,0,0,74,5376.403809,468,0,1,0.664723,-0.015000,-0.323628,-3.117000,-0.399000,0.077000,1
2.799887,-0.411000,-48.063999,-6.909000,90.764000,22.198000,26.605000,153.054993,0.000000,0.000000,0.000000,0.000000,0.000000,0.000000,0.120000,418.000000,384.000000,84.000000,-2973.000000,-272.000000,-348.000000,-93.000000,22.000000,22.000000,22.000000,22.000000,22.000000,22.000000,22.000000,29.000000,29.000000,30.000000,31.000000,31.000000,31.000000,32.000000,1,1,1,1,1,1,1,0,0,0,0,0,0,0,74,5376.403809,469,0,1,0.662234,-0.015000,-0.323628,-3.117000,-0.399000,0.077000,1
2.809877,-0.341000,-48.316002,-6.894000,91.278999,22.204000,26.329000,152.957993,0.000000,0.000000,0.000000,0.000000,0.000000,0.000000,0.120000,418.000000,384.000000,84.000000,-2973.000000,-272.000000,-348.000000,-93.000000,22.000000,22.000000,22.000000,22.000000,22.000000,22.000000,22.000000,29.000000,29.000000,30.000000,31.000000,31.000000,31.000000,32.000000,1,1,1,1,1,1,1,0,0,0,0,0,0,0,74,5376.403809,469,0,1,0.660741,-0.014999,-0.323628,-3.117000,-0.399000,0.077000,1
2.819846,-0.151000,-48.981998,-6.855000,92.640999,22.218000,25.599001,152.701996,0.000000,0.000000,0.000000,0.000000,0.000000,0.000000,0.120000,418.000000,384.000000,84.000000,-2973.000000,-272.000000,-348.000000,-93.000000,22.000000,22.000000,22.000000,22.000000,22.000000,22.000000,22.000000,29.000000,29.000000,30.000000,31.000000,31.000000,31.000000,32.000000,1,1,1,1,1,1,1,0,0,0,0,0,0,0,74,5376.402832,469,0,1,0.656758,-0.014999,-0.323628,-3.117000,-0.399000,0.077000,1
2.829815,-0.079000,-49.230000,-6.841000,93.148003,22.224001,25.327000,152.606995,0.000000,0.000000,0.000000,0.000000,0.000000,0.000000,0.120000,418.000000,384.000000,84.000000,-2973.000000,-272.000000,-348.000000,-93.000000,22.000000,22.000000,22.000000,22.000000,22.000000,22.000000,22.000000,29.000000,29.000000,30.000000,31.000000,31.000000,31.000000,32.000000,1,1,1,1,1,1,1,0,0,0,0,0,0,0,74,5376.403809,467,0,1,0.655265,-0.014999,-0.323628,-3.117000,-0.399000,0.077000,1
2.839725,0.041000,-49.640999,-6.818000,93.987999,22.232000,24.875999,152.451004,0.000000,0.000000,0.000000,0.000000,0.000000,0.000000,0.120000,418.000000,384.000000,84.000000,-2973.000000,-272.000000,-348.000000,-93.000000,22.000000,22.000000,22.000000,22.000000,22.000000,22.000000,22.000000,29.000000,29.000000,30.000000,31.000000,31.000000,31.000000,32.000000,1,1,1,1,1,1,1,0,0,0,0,0,0,0,74,5376.403809,469,0,1,0.652776,-0.014999,-0.323628,-3.117000,-0.399000,0.077000,1
2.849820,0.162000,-50.049999,-6.797000,94.821999,22.240000,24.427999,152.296005,0.000000,0.000000,0.000000,0.000000,0.000000,0.000000,0.120000,418.000000,384.000000,84.000000,-2973.000000,-272.000000,-348.000000,-93.000000,22.000000,22.000000,22.000000,22.000000,22.000000,22.000000,22.000000,29.000000,29.000000,30.000000,31.000000,31.000000,31.000000,32.000000,1,1,1,1,1,1,1,0,0,0,0,0,0,0,74,5376.403809,469,0,1,0.650287,-0.014999,-0.323628,-3.117000,-0.399000,0.077000,1
2.859846,0.285000,-50.457001,-6.777000,95.651001,22.247000,23.983000,152.143997,0.000000,0.000000,0.000000,0.000000,0.000000,0.000000,0.120000,418.000000,384.000000,84.000000,-2973.000000,-272.000000,-348.000000,-93.000000,22.000000,22.000000,22.000000,22.000000,22.000000,22.000000,22.000000,29.000000,29.000000,30.000000,31.000000,31.000000,31.000000,32.000000,1,1,1,1,1,1,1,0,0,0,0,0,0,0,74,5376.402832,467,0,1,0.647798,-0.014999,-0.323628,-3.117000,-0.399000,0.077000,1
2.869839,0.432000,-50.942001,-6.755000,96.638000,22.254999,23.451000,151.962997,0.000000,0.000000,0.000000,0.000000,0.000000,0.000000,0.120000,418.000000,384.000000,84.000000,-2973.000000,-272.000000,-348.000000,-93.000000,22.000000,22.000000,22.000000,22.000000,22.000000,22.000000,22.000000,29.000000,29.000000,30.000000,31.000000,31.000000,31.000000,32.000000,1,1,1,1,1,1,1,0,0,0,0,0,0,0,74,5376.403809,468,0,1,0.644811,-0.014999,-0.323628,-3.117000,-0.399000,0.077000,1
2.879810,0.556000,-51.344002,-6.737000,97.455002,22.261000,23.011999,151.813995,0.000000,0.000000,0.000000,0.000000,0.000000,0.000000,0.120000,418.000000,384.000000,84.000000,-2973.000000,-272.000000,-348.000000,-93.000000,22.000000,22.000000,22.000000,22.000000,22.000000,22.000000,22.000000,29.000000,29.000000,30.000000,31.000000,31.000000,31.000000,32.000000,1,1,1,1,1,1,1,0,0,0,0,0,0,0,74,5376.403809,470,0,1,0.642322,-0.014999,-0.323628,-3.117000,-0.399000,0.077000,1
2.889868,0.681000,-51.743000,-6.720000,98.266998,22.267000,22.573999,151.667007,0.000000,0.000000,0.000000,0.000000,0.000000,0.000000,0.120000,418.000000,384.000000,84.000000,-2973.000000,-272.000000,-348.000000,-93.000000,22.000000,22.000000,22.000000,22.000000,22.000000,22.000000,22.000000,29.000000,29.000000,30.000000,31.000000,31.000000,31.000000,32.000000,1,1,1,1,1,1,1,0,0,0,0,0,0,0,74,5376.405762,469,0,1,0.639833,-0.014999,-0.323628,-3.117000,-0.399000,0.077000,1
2.899960,0.807000,-52.140999,-6.705000,99.073997,22.273001,22.139000,151.522003,0.000000,0.000000,0.000000,0.000000,0.000000,0.000000,0.120000,418.000000,384.000000,84.000000,-2973.000000,-272.000000,-348.000000,-93.000000,22.000000,22.000000,22.000000,22.000000,22.000000,22.000000,22.000000,29.000000,29.000000,30.000000,31.000000,31.000000,31.000000,32.000000,1,1,1,1,1,1,1,0,0,0,0,0,0,0,74,5376.405762,469,0,1,0.637344,-0.014999,-0.323628,-3.117000,-0.399000,0.077000,1
2.909825,0.958000,-52.615002,-6.687000,100.035004,22.278000,21.620001,151.350006,0.000000,0.000000,0.000000,0.000000,0.000000,0.000000,0.120000,418.000000,384.000000,84.000000,-2973.000000,-272.000000,-348.000000,-93.000000,22.000000,22.000000,22.000000,22.000000,22.000000,22.000000,22.000000,29.000000,29.000000,30.000000,31.000000,31.000000,31.000000,32.000000,1,1,1,1,1,1,1,0,0,0,0,0,0,0,74,5376.403809,469,0,1,0.634357,-0.014999,-0.323628,-3.117000,-0.399000,0.077000,1
2.919874,1.085000,-53.007999,-6.674000,100.831001,22.282000,21.190001,151.209000,0.000000,0.000000,0.000000,0.000000,0.000000,0.000000,0.120000,418.000000,384.000000,84.000000,-2973.000000,-272.000000,-348.000000,-93.000000,22.000000,22.000000,22.000000,22.000000,22.000000,22.000000,22.000000,29.000000,29.000000,30.000000,31.000000,31.000000,31.000000,32.000000,1,1,1,1,1,1,1,0,0,0,0,0,0,0,74,5376.403809,468,0,1,0.631868,-0.014999,-0.323628,-3.117000,-0.399000,0.077000,1
2.929886,1.213000,-53.400002,-6.661000,101.623001,22.285999,20.763000,151.069000,0.000000,0.000000,0.000000,0.000000,0.000000,0.000000,0.120000,418.000000,384.000000,84.000000,-2973.000000,-272.000000,-348.000000,-93.000000,22.000000,22.000000,22.000000,22.000000,22.000000,22.000000,22.000000,29.000000,29.000000,30.000000,31.000000,31.000000,31.000000,32.000000,1,1,1,1,1,1,1,0,0,0,0,0,0,0,74,5376.405762,469,0,1,0.629379,-0.014999,-0.323628,-3.117000,-0.399000,0.077000,1
2.939801,1.290000,-53.633999,-6.654000,102.096001,22.288000,20.507000,150.985992,0.000000,0.000000,0.000000,0.000000,0.000000,0.000000,0.120000,418.000000,384.000000,84.000000,-2973.000000,-272.000000,-348.000000,-93.000000,22.000000,22.000000,22.000000,22.000000,22.000000,22.000000,22.000000,29.000000,29.000000,30.000000,31.000000,31.000000,31.000000,32.000000,1,1,1,1,1,1,1,0,0,0,0,0,0,0,74,5376.405762,469,0,1,0.627886,-0.014999,-0.323628,-3.117000,-0.399000,0.077000,1
2.949899,1.418000,-54.021999,-6.643000,102.879997,22.291000,20.083000,150.850006,0.000000,0.000000,0.000000,0.000000,0.000000,0.000000,0.120000,418.000000,384.000000,84.000000,-2973.000000,-272.000000,-348.000000,-93.000000,22.000000,22.000000,22.000000,22.000000,22.000000,22.000000,22.000000,29.000000,29.000000,30.000000,31.000000,31.000000,31.000000,32.000000,1,1,1,1,1,1,1,0,0,0,0,0,0,0,74,5376.403809,469,0,1,0.625397,-0.014999,-0.323628,-3.117000,-0.399000,0.077000,1
2.959863,1.547000,-54.409000,-6.632000,103.660004,22.292999,19.660999,150.714005,0.000000,0.000000,0.000000,0.000000,0.000000,0.000000,0.120000,418.000000,384.000000,84.000000,-2973.000000,-272.000000,-348.000000,-93.000000,22.000000,22.000000,22.000000,22.000000,22.000000,22.000000,22.000000,29.000000,29.000000,30.000000,31.000000,31.000000,31.000000,32.000000,1,1,1,1,1,1,1,0,0,0,0,0,0,0,74,5376.405762,469,0,1,0.622908,-0.014999,-0.323628,-3.117000,-0.399000,0.077000,1
2.969801,1.677000,-54.793999,-6.623000,104.435997,22.295000,19.240999,150.580994,0.000000,0.000000,0.000000,0.000000,0.000000,0.000000,0.120000,418.000000,384.000000,84.000000,-2973.000000,-272.000000,-348.000000,-93.000000,22.000000,22.000000,22.000000,22.000000,22.000000,22.000000,22.000000,29.000000,29.000000,30.000000,31.000000,31.000000,31.000000,32.000000,1,1,1,1,1,1,1,0,0,0,0,0,0,0,74,5376.405762,468,0,1,0.620419,-0.014999,-0.323628,-3.117000,-0.399000,0.077000,1
2.979842,1.833000,-55.254002,-6.613000,105.361000,22.296000,18.739000,150.423004,0.000000,0.000000,0.000000,0.000000,0.000000,0.000000,0.120000,418.000000,384.000000,84.000000,-2973.000000,-272.000000,-348.000000,-93.000000,22.000000,22.000000,22.000000,22.000000,22.000000,22.000000,22.000000,29.000000,29.000000,30.000000,31.000000,31.000000,31.000000,32.000000,1,1,1,1,1,1,1,0,0,0,0,0,0,0,74,5376.405762,468,0,1,0.617432,-0.014999,-0.323628,-3.117000,-0.399000,0.077000,1
2.989822,1.963000,-55.634998,-6.605000,106.127998,22.296000,18.323999,150.292999,0.000000,0.000000,0.000000,0.000000,0.000000,0.000000,0.120000,418.000000,384.000000,84.000000,-2973.000000,-272.000000,-348.000000,-93.000000,22.000000,22.000000,22.000000,22.000000,22.000000,22.000000,22.000000,29.000000,29.000000,30.000000,31.000000,31.000000,31.000000,32.000000,1,1,1,1,1,1,1,0,0,0,0,0,0,0,74,5376.405762,467,0,1,0.614943,-0.014999,-0.323628,-3.117000,-0.399000,0.077000,1
2.999859,2.094000,-56.015999,-6.599000,106.890999,22.296000,17.910000,150.164001,0.000000,0.000000,0.000000,0.000000,0.000000,0.000000,0.120000,418.000000,384.000000,84.000000,-2973.000000,-272.000000,-348.000000,-93.000000,22.000000,22.000000,22.000000,22.000000,22.000000,22.000000,22.000000,29.000000,29.000000,30.000000,31.000000,31.000000,31.000000,32.000000,1,1,1,1,1,1,1,0,0,0,0,0,0,0,74,5376.405762,468,0,1,0.612454,-0.014999,-0.323628,-3.117000,-0.399000,0.077000,1
3.009838,2.226000,-56.394001,-6.593000,107.650002,22.295000,17.499001,150.037003,0.000000,0.000000,0.000000,0.000000,0.000000,0.000000,0.120000,418.000000,384.000000,84.000000,-2973.000000,-272.000000,-348.000000,-93.000000,22.000000,22.000000,22.000000,22.000000,22.000000,22.000000,22.000000,29.000000,29.000000,30.000000,31.000000,31.000000,31.000000,32.000000,1,1,1,1,1,1,1,0,0,0,0,0,0,0,74,5376.405762,471,0,1,0.609965,-0.014999,-0.323628,-3.117000,-0.399000,0.077000,1
3.019881,2.384000,-56.847000,-6.587000,108.556000,22.292999,17.007000,149.886993,0.000000,0.000000,0.000000,0.000000,0.000000,0.000000,0.120000,418.000000,384.000000,84.000000,-2973.000000,-272.000000,-348.000000,-93.000000,22.000000,22.000000,22.000000,22.000000,22.000000,22.000000,22.000000,29.000000,29.000000,30.000000,31.000000,31.000000,31.000000,32.000000,1,1,1,1,1,1,1,0,0,0,0,0,0,0,74,5376.405762,468,0,1,0.606978,-0.014999,-0.323628,-3.117000,-0.399000,0.077000,1
3.029796,2.517000,-57.222000,-6.583000,109.306999,22.290001,16.599001,149.764008,0.000000,0.000000,0.000000,0.000000,0.000000,0.000000,0.120000,418.000000,384.000000,84.000000,-2973.000000,-272.000000,-348.000000,-93.000000,22.000000,22.000000,22.000000,22.000000,22.000000,22.000000,22.000000,29.000000,29.000000,30.000000,31.000000,31.000000,31.000000,32.000000,1,1,1,1,1,1,1,0,0,0,0,0,0,0,74,5376.405762,469,0,1,0.604489,-0.014999,-0.323628,-3.117000,-0.399000,0.077000,1
3.039795,2.649000,-57.596001,-6.580000,110.055000,22.287001,16.194000,149.641998,0.000000,0.000000,0.000000,0.000000,0.000000,0.000000,0.120000,418.000000,384.000000,84.000000,-2973.000000,-272.000000,-348.000000,-93.000000,22.000000,22.000000,22.000000,22.000000,22.000000,22.000000,22.000000,29.000000,29.000000,30.000000,31.000000,31.000000,31.000000,32.000000,1,1,1,1,1,1,1,0,0,0,0,0,0,0,74,5376.405762,469,0,1,0.602000,-0.014999,-0.323628,-3.117000,-0.399000,0.077000,1
3.049839,2.782000,-57.969002,-6.578000,110.799004,22.284000,15.790000,149.522003,0.000000,0.000000,0.000000,0.000000,0.000000,0.000000,0.120000,418.000000,384.000000,84.000000,-2973.000000,-272.000000,-348.000000,-93.000000,22.000000,22.000000,22.000000,22.000000,22.000000,22.000000,22.000000,29.000000,29.000000,30.000000,31.000000,31.000000,31.000000,32.000000,1,1,1,1,1,1,1,0,0,0,0,0,0,0,74,5376.403809,468,0,1,0.599511,-0.014999,-0.323628,-3.117000,-0.399000,0.077000,1
3.059829,2.862000,-58.192001,-6.577000,111.242996,22.281000,15.548000,149.451004,0.000000,0.000000,0.000000,0.000000,0.000000,0.000000,0.120000,418.000000,384.000000,84.000000,-2973.000000,-272.000000,-348.000000,-93.000000,22.000000,22.000000,22.000000,22.000000,22.000000,22.000000,22.000000,29.000000,29.000000,30.000000,31.000000,31.000000,31.000000,32.000000,1,1,1,1,1,1,1,0,0,0,0,0,0,0,74,5376.405762,469,0,1,0.598018,-0.014999,-0.323628,-3.117000,-0.399000,0.077000,1
3.069815,2.996000,-58.563000,-6.576000,111.982002,22.275999,15.147000,149.332993,0.000000,0.000000,0.000000,0.000000,0.000000,0.000000,0.120000,418.000000,384.000000,84.000000,-2973.000000,-272.000000,-348.000000,-93.000000,22.000000,22.000000,22.000000,22.000000,22.000000,22.000000,22.000000,29.000000,29.000000,30.000000,31.000000,31.000000,31.000000,32.000000,1,1,1,1,1,1,1,0,0,0,0,0,0,0,74,5376.403809,469,0,1,0.595529,-0.014999,-0.323628,-3.117000,-0.399000,0.077000,1
3.079827,3.129000,-58.932999,-6.576000,112.717003,22.271000,14.748000,149.216995,0.000000,0.000000,0.000000,0.000000,0.000000,0.000000,0.120000,418.000000,384.000000,84.000000,-2973.000000,-272.000000,-348.000000,-93.000000,22.000000,22.000000,22.000000,22.000000,22.000000,22.000000,22.000000,29.000000,29.000000,30.000000,31.000000,31.000000,31.000000,32.000000,1,1,1,1,1,1,1,0,0,0,0,0,0,0,74,5376.405762,470,0,1,0.593040,-0.014999,-0.323628,-3.117000,-0.399000,0.077000,1
3.089788,3.263000,-59.301998,-6.576000,113.448997,22.264999,14.350000,149.102005,0.000000,0.000000,0.000000,0.000000,0.000000,0.000000,0.120000,418.000000,384.000000,84.000000,-2973.000000,-272.000000,-348.000000,-93.000000,22.000000,22.000000,22.000000,22.000000,22.000000,22.000000,22.000000,29.000000,29.000000,30.000000,31.000000,31.000000,31.000000,32.000000,1,1,1,1,1,1,1,0,0,0,0,0,0,0,74,5376.405762,468,0,1,0.590551,-0.014999,-0.323628,-3.117000,-0.399000,0.077000,1
3.099853,3.425000,-59.743000,-6.578000,114.322998,22.256001,13.875000,148.966003,0.000000,0.000000,0.000000,0.000000,0.000000,0.000000,0.120000,418.000000,384.000000,84.000000,-2973.000000,-272.000000,-348.000000,-93.000000,22.000000,22.000000,22.000000,22.000000,22.000000,22.000000,22.000000,29.000000,29.000000,30.000000,31.000000,31.000000,31.000000,32.000000,1,1,1,1,1,1,1,0,0,0,0,0,0,0,74,5376.405762,468,0,1,0.587564,-0.014999,-0.323628,-3.117000,-0.399000,0.077000,1
3.109869,3.559000,-60.109001,-6.581000,115.047997,22.247999,13.481000,148.854996,0.000000,0.000000,0.000000,0.000000,0.000000,0.000000,0.120000,418.000000,384.000000,84.000000,-2973.000000,-272.000000,-348.000000,-93.000000,22.000000,22.000000,22.000000,22.000000,22.000000,22.000000,22.000000,29.000000,29.000000,30.000000,31.000000,31.000000,31.000000,32.000000,1,1,1,1,1,1,1,0,0,0,0,0,0,0,74,5376.403809,469,0,1,0.585075,-0.014999,-0.323628,-3.117000,-0.400000,0.077000,1
3.119905,3.721000,-60.548000,-6.585000,115.914001,22.238001,13.011000,148.723007,0.000000,0.000000,0.000000,0.000000,0.000000,0.000000,0.120000,418.000000,384.000000,84.000000,-2973.000000,-272.000000,-348.000000,-93.000000,22.000000,22.000000,22.000000,22.000000,22.000000,22.000000,22.000000,29.000000,29.000000,30.000000,31.000000,31.000000,31.000000,32.000000,1,1,1,1,1,1,1,0,0,0,0,0,0,0,74,5376.403809,468,0,1,0.582088,-0.014999,-0.323628,-3.117000,-0.399000,0.077000,1
3.129790,3.855000,-60.911999,-6.589000,116.633003,22.229000,12.621000,148.615005,0.000000,0.000000,0.000000,0.000000,0.000000,0.000000,0.120000,418.000000,384.000000,84.000000,-2973.000000,-272.000000,-348.000000,-93.000000,22.000000,22.000000,22.000000,22.000000,22.000000,22.000000,22.000000,29.000000,29.000000,30.000000,31.000000,31.000000,31.000000,32.000000,1,1,1,1,1,1,1,0,0,0,0,0,0,0,74,5376.403809,468,0,1,0.579599,-0.014999,-0.323628,-3.117000,-0.399000,0.077000,1
3.139878,3.990000,-61.275002,-6.594000,117.348999,22.219000,12.232000,148.507996,0.000000,0.000000,0.000000,0.000000,0.000000,0.000000,0.120000,418.000000,384.000000,84.000000,-2973.000000,-272.000000,-348.000000,-93.000000,22.000000,22.000000,22.000000,22.000000,22.000000,22.000000,22.000000,29.000000,29.000000,30.000000,31.000000,31.000000,31.000000,32.000000,1,1,1,1,1,1,1,0,0,0,0,0,0,0,74,5376.403809,467,0,1,0.577110,-0.014999,-0.323628,-3.117000,-0.399000,0.077000,1
3.149739,4.126000,-61.637001,-6.601000,118.060997,22.208000,11.845000,148.401993,0.000000,0.000000,0.000000,0.000000,0.000000,0.000000,0.120000,418.000000,384.000000,84.000000,-2973.000000,-272.000000,-348.000000,-93.000000,22.000000,22.000000,22.000000,22.000000,22.000000,22.000000,22.000000,29.000000,29.000000,30.000000,31.000000,31.000000,31.000000,32.000000,1,1,1,1,1,1,1,0,0,0,0,0,0,0,74,5376.405762,470,0,1,0.574621,-0.014999,-0.323628,-3.117000,-0.399000,0.077000,1
3.159805,4.207000,-61.854000,-6.605000,118.487999,22.201000,11.614000,148.339996,0.000000,0.000000,0.000000,0.000000,0.000000,0.000000,0.120000,418.000000,384.000000,84.000000,-2973.000000,-272.000000,-348.000000,-93.000000,22.000000,22.000000,22.000000,22.000000,22.000000,22.000000,22.000000,29.000000,29.000000,30.000000,31.000000,31.000000,31.000000,32.000000,1,1,1,1,1,1,1,0,0,0,0,0,0,0,74,5376.403809,469,0,1,0.573128,-0.014999,-0.323628,-3.117000,-0.399000,0.077000,1
3.169814,4.342000,-62.215000,-6.612000,119.195999,22.188000,11.230000,148.237000,0.000000,0.000000,0.000000,0.000000,0.000000,0.000000,0.120000,418.000000,384.000000,84.000000,-2973.000000,-272.000000,-348.000000,-93.000000,22.000000,22.000000,22.000000,22.000000,22.000000,22.000000,22.000000,29.000000,29.000000,30.000000,31.000000,31.000000,31.000000,32.000000,1,1,1,1,1,1,1,0,0,0,0,0,0,0,74,5376.405762,469,0,1,0.570639,-0.014999,-0.323628,-3.117000,-0.399000,0.077000,1
3.179804,4.477000,-62.576000,-6.620000,119.902000,22.174999,10.847000,148.134995,0.000000,0.000000,0.000000,0.000000,0.000000,0.000000,0.120000,418.000000,384.000000,84.000000,-2973.000000,-272.000000,-348.000000,-93.000000,22.000000,22.000000,22.000000,22.000000,22.000000,22.000000,22.000000,29.000000,29.000000,30.000000,31.000000,31.000000,31.000000,32.000000,1,1,1,1,1,1,1,0,0,0,0,0,0,0,74,5376.403809,469,0,1,0.568150,-0.014999,-0.323628,-3.117000,-0.399000,0.077000,1
3.189808,4.639000,-63.007000,-6.632000,120.745003,22.159000,10.390000,148.014008,0.000000,0.000000,0.000000,0.000000,0.000000,0.000000,0.120000,418.000000,384.000000,84.000000,-2973.000000,-272.000000,-348.000000,-93.000000,22.000000,22.000000,22.000000,22.000000,22.000000,22.000000,22.000000,29.000000,29.000000,30.000000,31.000000,31.000000,31.000000,32.000000,1,1,1,1,1,1,1,0,0,0,0,0,0,0,74,5376.405762,469,0,1,0.565166,-0.014999,-0.323628,-3.117000,-0.400000,0.077000,1
3.199918,4.773000,-63.361000,-6.642000,121.436996,22.143999,10.015000,147.917007,0.000000,0.000000,0.000000,0.000000,0.000000,0.000000,0.120000,418.000000,384.000000,84.000000,-2973.000000,-272.000000,-348.000000,-93.000000,22.000000,22.000000,22.000000,22.000000,22.000000,22.000000,22.000000,29.000000,29.000000,30.000000,31.000000,31.000000,31.000000,32.000000,1,1,1,1,1,1,1,0,0,0,0,0,0,0,74,5376.405762,470,0,1,0.562705,-0.014999,-0.323628,-3.117000,-0.399000,0.077000,1
3.209871,4.904000,-63.707001,-6.653000,122.111000,22.129000,9.650000,147.822006,0.000000,0.000000,0.000000,0.000000,0.000000,0.000000,0.120000,418.000000,384.000000,84.000000,-2973.000000,-272.000000,-348.000000,-93.000000,22.000000,22.000000,22.000000,22.000000,22.000000,22.000000,22.000000,29.000000,29.000000,30.000000,31.000000,31.000000,31.000000,32.000000,1,1,1,1,1,1,1,0,0,0,0,0,0,0,74,5376.402832,469,0,1,0.560299,-0.014999,-0.323628,-3.117000,-0.399000,0.077000,1
3.219831,5.030000,-64.041000,-6.664000,122.760002,22.115000,9.300000,147.731003,0.000000,0.000000,0.000000,0.000000,0.000000,0.000000,0.120000,418.000000,384.000000,84.000000,-2973.000000,-272.000000,-348.000000,-93.000000,22.000000,22.000000,22.000000,22.000000,22.000000,22.000000,22.000000,29.000000,29.000000,30.000000,31.000000,31.000000,31.000000,32.000000,1,1,1,1,1,1,1,0,0,0,0,0,0,0,74,5376.403809,468,0,1,0.557977,-0.014999,-0.323628,-3.117000,-0.399000,0.077000,1
3.229801,5.150000,-64.358002,-6.676000,123.375999,22.101000,8.967000,147.645004,0.000000,0.000000,0.000000,0.000000,0.000000,0.000000,0.120000,418.000000,384.000000,84.000000,-2973.000000,-272.000000,-348.000000,-93.000000,22.000000,22.000000,22.000000,22.000000,22.000000,22.000000,22.000000,29.000000,29.000000,30.000000,31.000000,31.000000,31.000000,32.000000,1,1,1,1,1,1,1,0,0,0,0,0,0,0,74,5376.405762,470,0,1,0.555764,-0.014999,-0.323628,-3.116000,-0.399000,0.077000,1
3.239793,5.285000,-64.712997,-6.690000,124.065002,22.086000,8.595000,147.548996,0.000000,0.000000,0.000000,0.000000,0.000000,0.000000,0.120000,418.000000,384.000000,84.000000,-2973.000000,-272.000000,-348.000000,-93.000000,22.000000,22.000000,22.000000,22.000000,22.000000,22.000000,22.000000,29.000000,29.000000,30.000000,31.000000,31.000000,31.000000,32.000000,1,1,1,1,1,1,1,0,0,0,0,0,0,0,74,5376.403809,469,0,1,0.553280,-0.014999,-0.323628,-3.117000,-0.400000,0.077000,1
3.249734,5.388000,-64.987000,-6.702000,124.594002,22.073999,8.310000,147.475006,0.000000,0.000000,0.000000,0.000000,0.000000,0.000000,0.120000,418.000000,384.000000,84.000000,-2973.000000,-272.000000,-348.000000,-93.000000,22.000000,22.000000,22.000000,22.000000,22.000000,22.000000,22.000000,29.000000,29.000000,30.000000,31.000000,31.000000,31.000000,32.000000,1,1,1,1,1,1,1,0,0,0,0,0,0,0,74,5376.403809,468,0,1,0.551369,-0.014999,-0.323628,-3.117000,-0.399000,0.077000,1
3.259746,5.446000,-65.139999,-6.709000,124.889999,22.068001,8.150000,147.432999,0.000000,0.000000,0.000000,0.000000,0.000000,0.000000,0.120000,418.000000,384.000000,84.000000,-2973.000000,-272.000000,-348.000000,-93.000000,22.000000,22.000000,22.000000,22.000000,22.000000,22.000000,22.000000,29.000000,29.000000,30.000000,31.000000,31.000000,31.000000,32.000000,1,1,1,1,1,1,1,0,0,0,0,0,0,0,74,5376.403809,468,0,1,0.550297,-0.014999,-0.323628,-3.117000,-0.400000,0.077000,1
3.269741,5.536000,-65.376999,-6.720000,125.348000,22.059000,7.903000,147.367996,0.000000,0.000000,0.000000,0.000000,0.000000,0.000000,0.120000,418.000000,384.000000,84.000000,-2973.000000,-272.000000,-348.000000,-93.000000,22.000000,22.000000,22.000000,22.000000,22.000000,22.000000,22.000000,29.000000,29.000000,30.000000,31.000000,31.000000,31.000000,32.000000,1,1,1,1,1,1,1,0,0,0,0,0,0,0,74,5376.405762,466,0,1,0.548636,-0.014999,-0.323628,-3.116000,-0.399000,0.076000,1
3.279794,5.617000,-65.592003,-6.730000,125.762001,22.052000,7.680000,147.307999,0.000000,0.000000,0.000000,0.000000,0.000000,0.000000,0.120000,418.000000,384.000000,84.000000,-2973.000000,-272.000000,-348.000000,-93.000000,22.000000,22.000000,22.000000,22.000000,22.000000,22.000000,22.000000,29.000000,29.000000,30.000000,31.000000,31.000000,31.000000,32.000000,1,1,1,1,1,1,1,0,0,0,0,0,0,0,74,5376.403809,469,0,1,0.547128,-0.014999,-0.323628,-3.117000,-0.399000,0.076000,1
3.289756,5.703000,-65.821999,-6.742000,126.206001,22.046000,7.442000,147.242004,0.000000,0.000000,0.000000,0.000000,0.000000,0.000000,0.120000,418.000000,384.000000,84.000000,-2973.000000,-272.000000,-348.000000,-93.000000,22.000000,22.000000,22.000000,22.000000,22.000000,22.000000,22.000000,29.000000,29.000000,30.000000,31.000000,31.000000,31.000000,32.000000,1,1,1,1,1,1,1,0,0,0,0,0,0,0,74,5376.403809,467,0,1,0.545512,-0.014999,-0.323628,-3.117000,-0.399000,0.077000,1
3.299812,5.768000,-65.992996,-6.751000,126.535004,22.042000,7.265000,147.192993,0.000000,0.000000,0.000000,0.000000,0.000000,0.000000,0.120000,418.000000,384.000000,84.000000,-2973.000000,-272.000000,-348.000000,-93.000000,22.000000,22.000000,22.000000,22.000000,22.000000,22.000000,22.000000,29.000000,29.000000,30.000000,31.000000,31.000000,31.000000,32.000000,1,1,1,1,1,1,1,0,0,0,0,0,0,0,74,5376.405762,469,0,1,0.544309,-0.014999,-0.323628,-3.117000,-0.400000,0.076000,1
3.309753,5.826000,-66.149002,-6.759000,126.834999,22.040001,7.104000,147.145996,0.000000,0.000000,0.000000,0.000000,0.000000,0.000000,0.120000,418.000000,384.000000,84.000000,-2973.000000,-272.000000,-348.000000,-93.000000,22.000000,22.000000,22.000000,22.000000,22.000000,22.000000,22.000000,29.000000,29.000000,30.000000,31.000000,31.000000,31.000000,32.000000,1,1,1,1,1,1,1,0,0,0,0,0,0,0,74,5376.403809,469,0,1,0.543213,-0.014999,-0.323628,-3.117000,-0.399000,0.077000,1
3.319779,5.880000,-66.292999,-6.767000,127.111000,22.039000,6.956000,147.102997,0.000000,0.000000,0.000000,0.000000,0.000000,0.000000,0.120000,418.000000,384.000000,84.000000,-2973.000000,-272.000000,-348.000000,-93.000000,22.000000,22.000000,22.000000,22.000000,22.000000,22.000000,22.000000,29.000000,29.000000,30.000000,31.000000,31.000000,31.000000,32.000000,1,1,1,1,1,1,1,0,0,0,0,0,0,0,74,5376.403809,470,0,1,0.542202,-0.014999,-0.323628,-3.117000,-0.399000,0.076000,1
3.329711,5.941000,-66.455002,-6.776000,127.422997,22.038000,6.789000,147.052994,0.000000,0.000000,0.000000,0.000000,0.000000,0.000000,0.120000,418.000000,384.000000,84.000000,-2973.000000,-272.000000,-348.000000,-93.000000,22.000000,22.000000,22.000000,22.000000,22.000000,22.000000,22.000000,29.000000,29.000000,30.000000,31.000000,31.000000,31.000000,32.000000,1,1,1,1,1,1,1,0,0,0,0,0,0,0,74,5376.403809,469,0,1,0.541058,-0.015000,-0.323628,-3.117000,-0.400000,0.077000,1
3.339811,5.961000,-66.508003,-6.779000,127.525002,22.038000,6.735000,147.035995,0.000000,0.000000,0.000000,0.000000,0.000000,0.000000,0.120000,418.000000,384.000000,84.000000,-2973.000000,-272.000000,-348.000000,-93.000000,22.000000,22.000000,22.000000,22.000000,22.000000,22.000000,22.000000,29.000000,29.000000,30.000000,31.000000,31.000000,31.000000,32.000000,1,1,1,1,1,1,1,0,0,0,0,0,0,0,74,5376.403809,469,0,1,0.540686,-0.014999,-0.323628,-3.117000,-0.400000,0.076000,1
3.349828,6.012000,-66.667000,-6.777000,127.832001,22.042999,6.569000,146.992996,0.000000,0.000000,0.000000,0.000000,0.000000,0.000000,0.120000,418.000000,384.000000,84.000000,-2973.000000,-272.000000,-348.000000,-93.000000,22.000000,22.000000,22.000000,22.000000,22.000000,22.000000,22.000000,29.000000,29.000000,30.000000,31.000000,31.000000,31.000000,32.000000,1,1,1,1,1,1,1,0,0,0,0,0,0,0,74,5376.403809,469,0,1,0.539564,-0.014958,-0.323628,-3.117000,-0.399000,0.077000,0
3.359785,6.035000,-66.795998,-6.750000,128.087997,22.059000,6.429000,146.970993,0.000000,0.000000,0.000000,0.000000,0.000000,0.000000,0.120000,418.000000,384.000000,84.000000,-2973.000000,-272.000000,-348.000000,-93.000000,22.000000,22.000000,22.000000,22.000000,22.000000,22.000000,22.000000,29.000000,29.000000,30.000000,31.000000,31.000000,31.000000,32.000000,1,1,1,1,1,1,1,0,0,0,0,0,0,0,74,5376.402832,469,0,1,0.538635,-0.014833,-0.323628,-3.117000,-0.399000,0.076000,0
3.369757,6.039000,-66.919998,-6.701000,128.343002,22.086000,6.287000,146.962006,0.000000,0.000000,0.000000,0.000000,0.000000,0.000000,0.120000,418.000000,384.000000,84.000000,-2973.000000,-272.000000,-348.000000,-93.000000,22.000000,22.000000,22.000000,22.000000,22.000000,22.000000,22.000000,29.000000,29.000000,30.000000,31.000000,31.000000,31.000000,32.000000,1,1,1,1,1,1,1,0,0,0,0,0,0,0,74,5376.402832,469,0,1,0.537722,-0.014625,-0.323628,-3.117000,-0.399000,0.077000,0
3.379758,6.026000,-67.040001,-6.628000,128.595001,22.122999,6.146000,146.964996,0.000000,0.000000,0.000000,0.000000,0.000000,0.000000,0.120000,418.000000,384.000000,84.000000,-2973.000000,-272.000000,-348.000000,-93.000000,22.000000,22.000000,22.000000,22.000000,22.000000,22.000000,22.000000,29.000000,29.000000,30.000000,31.000000,31.000000,31.000000,32.000000,1,1,1,1,1,1,1,0,0,0,0,0,0,0,74,5376.405762,469,0,1,0.536830,-0.014338,-0.323628,-3.117000,-0.400000,0.076000,0
3.389763,5.985000,-67.175003,-6.511000,128.889008,22.183001,5.977000,146.985001,0.000000,0.000000,0.000000,0.000000,0.000000,0.000000,0.120000,418.000000,384.000000,84.000000,-2973.000000,-272.000000,-348.000000,-93.000000,22.000000,22.000000,22.000000,22.000000,22.000000,22.000000,22.000000,29.000000,29.000000,30.000000,31.000000,31.000000,31.000000,32.000000,1,1,1,1,1,1,1,0,0,0,0,0,0,0,74,5376.403809,467,0,1,0.535800,-0.013889,-0.323628,-3.117000,-0.399000,0.077000,0
3.399864,5.932000,-67.279999,-6.389000,129.125000,22.245001,5.839000,147.016006,0.000000,0.000000,0.000000,0.000000,0.000000,0.000000,0.120000,418.000000,384.000000,84.000000,-2973.000000,-272.000000,-348.000000,-93.000000,22.000000,22.000000,22.000000,22.000000,22.000000,22.000000,22.000000,29.000000,29.000000,30.000000,31.000000,31.000000,31.000000,32.000000,1,1,1,1,1,1,1,0,0,0,0,0,0,0,74,5376.403809,469,0,1,0.534981,-0.013433,-0.323628,-3.117000,-0.400000,0.077000,0
3.410646,5.861000,-67.376999,-6.246000,129.350998,22.316999,5.705000,147.059006,0.000000,0.000000,0.000000,0.000000,0.000000,0.000000,0.120000,418.000000,384.000000,84.000000,-2973.000000,-272.000000,-348.000000,-93.000000,22.000000,22.000000,22.000000,22.000000,22.000000,22.000000,22.000000,29.000000,29.000000,30.000000,31.000000,31.000000,31.000000,32.000000,1,1,1,1,1,1,1,0,0,0,0,0,0,0,74,5376.403809,469,0,1,0.534207,-0.012905,-0.323628,-3.117000,-0.399000,0.077000,0
3.419828,5.772000,-67.464996,-6.083000,129.565994,22.400000,5.575000,147.113998,0.000000,0.000000,0.000000,0.000000,0.000000,0.000000,0.120000,418.000000,384.000000,84.000000,-2973.000000,-272.000000,-348.000000,-93.000000,22.000000,22.000000,22.000000,22.000000,22.000000,22.000000,22.000000,29.000000,29.000000,30.000000,31.000000,31.000000,31.000000,32.000000,1,1,1,1,1,1,1,0,0,0,0,0,0,0,74,5376.403809,469,0,1,0.533483,-0.012311,-0.323628,-3.117000,-0.399000,0.077000,0
3.429776,5.668000,-67.543999,-5.901000,129.766006,22.492001,5.451000,147.181000,0.000000,0.000000,0.000000,0.000000,0.000000,0.000000,0.120000,418.000000,384.000000,84.000000,-2973.000000,-272.000000,-348.000000,-93.000000,22.000000,22.000000,22.000000,22.000000,22.000000,22.000000,22.000000,29.000000,29.000000,30.000000,31.000000,31.000000,31.000000,32.000000,1,1,1,1,1,1,1,0,0,0,0,0,0,0,74,5376.403809,469,0,1,0.532815,-0.011655,-0.323628,-3.117000,-0.399000,0.076000,0
3.439797,5.547000,-67.612999,-5.701000,129.951004,22.593000,5.334000,147.257996,0.000000,0.000000,0.000000,0.000000,0.000000,0.000000,0.120000,418.000000,384.000000,84.000000,-2973.000000,-272.000000,-348.000000,-93.000000,22.000000,22.000000,22.000000,22.000000,22.000000,22.000000,22.000000,29.000000,29.000000,30.000000,31.000000,31.000000,31.000000,32.000000,1,1,1,1,1,1,1,0,0,0,0,0,0,0,74,5376.403809,470,0,1,0.532207,-0.010941,-0.323628,-3.117000,-0.399000,0.077000,0
3.449812,5.383000,-67.681999,-5.441000,130.151001,22.726000,5.204000,147.363998,0.000000,0.000000,0.000000,0.000000,0.000000,0.000000,0.120000,418.000000,384.000000,84.000000,-2973.000000,-272.000000,-348.000000,-93.000000,22.000000,22.000000,22.000000,22.000000,22.000000,22.000000,22.000000,29.000000,29.000000,30.000000,31.000000,31.000000,31.000000,32.000000,1,1,1,1,1,1,1,0,0,0,0,0,0,0,74,5376.405762,469,0,1,0.531566,-0.010018,-0.323628,-3.117000,-0.399000,0.077000,0
3.459846,5.232000,-67.727997,-5.208000,130.296005,22.844000,5.107000,147.462006,0.000000,0.000000,0.000000,0.000000,0.000000,0.000000,0.120000,418.000000,384.000000,84.000000,-2973.000000,-272.000000,-348.000000,-93.000000,22.000000,22.000000,22.000000,22.000000,22.000000,22.000000,22.000000,29.000000,29.000000,30.000000,31.000000,31.000000,31.000000,32.000000,1,1,1,1,1,1,1,0,0,0,0,0,0,0,74,5376.403809,468,0,1,0.531110,-0.009200,-0.323628,-3.117000,-0.399000,0.077000,0
3.469845,5.067000,-67.763000,-4.964000,130.421005,22.969999,5.019000,147.569000,0.000000,0.000000,0.000000,0.000000,0.000000,0.000000,0.120000,418.000000,384.000000,84.000000,-2973.000000,-272.000000,-348.000000,-93.000000,22.000000,22.000000,22.000000,22.000000,22.000000,22.000000,22.000000,29.000000,29.000000,30.000000,31.000000,31.000000,31.000000,32.000000,1,1,1,1,1,1,1,0,0,0,0,0,0,0,74,5376.402832,468,0,1,0.530728,-0.008344,-0.323628,-3.117000,-0.399000,0.077000,0
3.479798,4.963000,-67.778000,-4.812000,130.485992,23.048000,4.971000,147.636002,0.000000,0.000000,0.000000,0.000000,0.000000,0.000000,0.120000,418.000000,384.000000,84.000000,-2973.000000,-272.000000,-348.000000,-93.000000,22.000000,22.000000,22.000000,22.000000,22.000000,22.000000,22.000000,29.000000,29.000000,30.000000,31.000000,31.000000,31.000000,32.000000,1,1,1,1,1,1,1,0,0,0,0,0,0,0,74,5376.403809,470,0,1,0.530537,-0.007816,-0.323628,-3.117000,-0.399000,0.077000,0
3.489738,4.781000,-67.794998,-4.553000,130.576996,23.181000,4.902000,147.753006,0.000000,0.000000,0.000000,0.000000,0.000000,0.000000,0.120000,418.000000,384.000000,84.000000,-2973.000000,-272.000000,-348.000000,-93.000000,22.000000,22.000000,22.000000,22.000000,22.000000,22.000000,22.000000,29.000000,29.000000,30.000000,31.000000,31.000000,31.000000,32.000000,1,1,1,1,1,1,1,0,0,0,0,0,0,0,74,5376.403809,469,0,1,0.530281,-0.006914,-0.323628,-3.117000,-0.399000,0.077000,0
3.499854,4.590000,-67.801003,-4.287000,130.645996,23.319000,4.844000,147.875000,0.000000,0.000000,0.000000,0.000000,0.000000,0.000000,0.120000,418.000000,384.000000,84.000000,-2973.000000,-272.000000,-348.000000,-93.000000,22.000000,22.000000,22.000000,22.000000,22.000000,22.000000,22.000000,29.000000,29.000000,30.000000,31.000000,31.000000,31.000000,32.000000,1,1,1,1,1,1,1,0,0,0,0,0,0,0,74,5376.402832,467,0,1,0.530106,-0.005994,-0.323628,-3.117000,-0.399000,0.076000,0
3.509726,4.351000,-67.793999,-3.963000,130.697006,23.488001,4.792000,148.026993,0.000000,0.000000,0.000000,0.000000,0.000000,0.000000,0.120000,418.000000,384.000000,84.000000,-2973.000000,-272.000000,-348.000000,-93.000000,22.000000,22.000000,22.000000,22.000000,22.000000,22.000000,22.000000,29.000000,29.000000,30.000000,31.000000,31.000000,31.000000,32.000000,1,1,1,1,1,1,1,0,0,0,0,0,0,0,74,5376.403809,467,0,1,0.530006,-0.004874,-0.323628,-3.117000,-0.399000,0.076000,0
3.519815,4.145000,-67.777000,-3.692000,130.716995,23.629999,4.761000,148.156006,0.000000,0.000000,0.000000,0.000000,0.000000,0.000000,0.120000,418.000000,384.000000,84.000000,-2973.000000,-272.000000,-348.000000,-93.000000,22.000000,22.000000,22.000000,22.000000,22.000000,22.000000,22.000000,29.000000,29.000000,30.000000,31.000000,31.000000,31.000000,32.000000,1,1,1,1,1,1,1,0,0,0,0,0,0,0,74,5376.403809,468,0,1,0.529999,-0.003936,-0.323628,-3.117000,-0.399000,0.076000,1
3.529766,3.931000,-67.761002,-3.411000,130.735992,23.777000,4.731000,148.291000,0.000000,0.000000,0.000000,0.000000,0.000000,0.000000,0.120000,418.000000,384.000000,84.000000,-2973.000000,-272.000000,-348.000000,-93.000000,22.000000,22.000000,22.000000,22.000000,22.000000,22.000000,22.000000,29.000000,29.000000,30.000000,31.000000,31.000000,31.000000,32.000000,1,1,1,1,1,1,1,0,0,0,0,0,0,0,74,5376.403809,469,0,1,0.529999,-0.002965,-0.323628,-3.117000,-0.399000,0.076000,1
3.539883,3.698000,-67.742996,-3.105000,130.753998,23.934999,4.700000,148.438995,0.000000,0.000000,0.000000,0.000000,0.000000,0.000000,0.120000,418.000000,384.000000,84.000000,-2973.000000,-272.000000,-348.000000,-93.000000,22.000000,22.000000,22.000000,22.000000,22.000000,22.000000,22.000000,29.000000,29.000000,30.000000,31.000000,31.000000,31.000000,32.000000,1,1,1,1,1,1,1,0,0,0,0,0,0,0,74,5376.403809,468,0,1,0.529999,-0.001907,-0.323628,-3.117000,-0.399000,0.076000,1
3.549830,3.436000,-67.724998,-2.761000,130.772995,24.112000,4.667000,148.606995,0.000000,0.000000,0.000000,0.000000,0.000000,0.000000,0.120000,418.000000,384.000000,84.000000,-2973.000000,-272.000000,-348.000000,-93.000000,22.000000,22.000000,22.000000,22.000000,22.000000,22.000000,22.000000,29.000000,29.000000,30.000000,31.000000,31.000000,31.000000,32.000000,1,1,1,1,1,1,1,0,0,0,0,0,0,0,74,5376.403809,468,0,1,0.529999,-0.000723,-0.323628,-3.117000,-0.399000,0.076000,1
3.559803,3.075000,-67.702003,-2.291000,130.794998,24.351000,4.625000,148.839005,0.000000,0.000000,0.000000,0.000000,0.000000,0.000000,0.120000,418.000000,384.000000,84.000000,-2973.000000,-272.000000,-348.000000,-93.000000,22.000000,22.000000,22.000000,22.000000,22.000000,22.000000,22.000000,29.000000,29.000000,30.000000,31.000000,31.000000,31.000000,32.000000,1,1,1,1,1,1,1,0,0,0,0,0,0,0,74,5376.403809,468,0,1,0.529999,0.000898,-0.323628,-3.116000,-0.399000,0.076000,1
3.569813,2.944000,-67.694000,-2.119000,130.802002,24.438000,4.611000,148.923996,0.000000,0.000000,0.000000,0.000000,0.000000,0.000000,0.120000,418.000000,384.000000,84.000000,-2973.000000,-272.000000,-348.000000,-93.000000,22.000000,22.000000,22.000000,22.000000,22.000000,22.000000,22.000000,29.000000,29.000000,30.000000,31.000000,31.000000,31.000000,32.000000,1,1,1,1,1,1,1,0,0,0,0,0,0,0,74,5376.403809,468,0,1,0.529999,0.001489,-0.323628,-3.116000,-0.399000,0.076000,1
3.579824,2.590000,-67.675003,-1.660000,130.819000,24.670000,4.574000,149.154007,0.000000,0.000000,0.000000,0.000000,0.000000,0.000000,0.120000,418.000000,384.000000,84.000000,-2973.000000,-272.000000,-348.000000,-93.000000,22.000000,22.000000,22.000000,22.000000,22.000000,22.000000,22.000000,29.000000,29.000000,30.000000,31.000000,31.000000,31.000000,32.000000,1,1,1,1,1,1,1,0,0,0,0,0,0,0,74,5376.403809,468,0,1,0.529999,0.003072,-0.323628,-3.116000,-0.399000,0.076000,1
3.589734,2.126000,-67.653000,-1.061000,130.835999,24.972000,4.532000,149.455002,0.000000,0.000000,0.000000,0.000000,0.000000,0.000000,0.120000,418.000000,384.000000,84.000000,-2973.000000,-272.000000,-348.000000,-93.000000,22.000000,22.000000,22.000000,22.000000,22.000000,22.000000,22.000000,29.000000,29.000000,30.000000,31.000000,31.000000,31.000000,32.000000,1,1,1,1,1,1,1,0,0,0,0,0,0,0,74,5376.403809,469,0,1,0.529999,0.005136,-0.323628,-3.116000,-0.399000,0.076000,1
3.599799,1.718000,-67.637001,-0.536000,130.845993,25.235001,4.500000,149.718994,0.000000,0.000000,0.000000,0.000000,0.000000,0.000000,0.120000,418.000000,384.000000,84.000000,-2973.000000,-272.000000,-348.000000,-93.000000,22.000000,22.000000,22.000000,22.000000,22.000000,22.000000,22.000000,29.000000,29.000000,30.000000,31.000000,31.000000,31.000000,32.000000,1,1,1,1,1,1,1,0,0,0,0,0,0,0,74,5376.403809,469,0,1,0.529999,0.006943,-0.323628,-3.116000,-0.399000,0.076000,1
3.609756,1.303000,-67.625000,-0.005000,130.852005,25.500999,4.472000,149.988007,0.000000,0.000000,0.000000,0.000000,0.000000,0.000000,0.120000,418.000000,384.000000,84.000000,-2973.000000,-272.000000,-348.000000,-93.000000,22.000000,22.000000,22.000000,22.000000,22.000000,22.000000,22.000000,29.000000,29.000000,30.000000,31.000000,31.000000,31.000000,32.000000,1,1,1,1,1,1,1,0,0,0,0,0,0,0,74,5376.402832,467,0,1,0.529999,0.008772,-0.323628,-3.116000,-0.399000,0.076000,1
3.619695,0.811000,-67.613998,0.620000,130.852005,25.815001,4.445000,150.306000,0.000000,0.000000,0.000000,0.000000,0.000000,0.000000,0.120000,418.000000,384.000000,84.000000,-2973.000000,-272.000000,-348.000000,-93.000000,22.000000,22.000000,22.000000,22.000000,22.000000,22.000000,22.000000,29.000000,29.000000,30.000000,31.000000,31.000000,31.000000,32.000000,1,1,1,1,1,1,1,0,0,0,0,0,0,0,74,5376.403809,467,0,1,0.529999,0.010931,-0.323628,-3.117000,-0.399000,0.076000,1
3.629724,0.416000,-67.609001,1.118000,130.847000,26.066000,4.429000,150.559998,0.000000,0.000000,0.000000,0.000000,0.000000,0.000000,0.120000,418.000000,384.000000,84.000000,-2973.000000,-272.000000,-348.000000,-93.000000,22.000000,22.000000,22.000000,22.000000,22.000000,22.000000,22.000000,29.000000,29.000000,30.000000,31.000000,31.000000,31.000000,32.000000,1,1,1,1,1,1,1,0,0,0,0,0,0,0,74,5376.403809,470,0,1,0.529999,0.012651,-0.323628,-3.116000,-0.399000,0.076000,1
3.639744,0.045000,-67.607002,1.585000,130.839005,26.301001,4.418000,150.798004,0.000000,0.000000,0.000000,0.000000,0.000000,0.000000,0.120000,418.000000,384.000000,84.000000,-2973.000000,-272.000000,-348.000000,-93.000000,22.000000,22.000000,22.000000,22.000000,22.000000,22.000000,22.000000,29.000000,29.000000,30.000000,31.000000,31.000000,31.000000,32.000000,1,1,1,1,1,1,1,0,0,0,0,0,0,0,74,5376.402832,468,0,1,0.529999,0.014264,-0.323628,-3.116000,-0.399000,0.076000,1
3.649753,-0.296000,-67.607002,2.012000,130.828003,26.517000,4.411000,151.014999,0.000000,0.000000,0.000000,0.000000,0.000000,0.000000,0.120000,418.000000,384.000000,84.000000,-2973.000000,-272.000000,-348.000000,-93.000000,22.000000,22.000000,22.000000,22.000000,22.000000,22.000000,22.000000,29.000000,29.000000,30.000000,31.000000,31.000000,31.000000,32.000000,1,1,1,1,1,1,1,0,0,0,0,0,0,0,74,5376.402832,469,0,1,0.529999,0.015743,-0.323628,-3.116000,-0.399000,0.076000,1
3.659817,-0.605000,-67.610001,2.395000,130.815994,26.712000,4.407000,151.210999,0.000000,0.000000,0.000000,0.000000,0.000000,0.000000,0.120000,418.000000,384.000000,84.000000,-2973.000000,-272.000000,-348.000000,-93.000000,22.000000,22.000000,22.000000,22.000000,22.000000,22.000000,22.000000,29.000000,29.000000,30.000000,31.000000,31.000000,31.000000,32.000000,1,1,1,1,1,1,1,0,0,0,0,0,0,0,74,5376.403809,469,0,1,0.529999,0.017073,-0.323628,-3.117000,-0.399000,0.077000,1
3.669807,-0.878000,-67.612999,2.734000,130.802994,26.885000,4.406000,151.382004,0.000000,0.000000,0.000000,0.000000,0.000000,0.000000,0.120000,418.000000,384.000000,84.000000,-2973.000000,-272.000000,-348.000000,-93.000000,22.000000,22.000000,22.000000,22.000000,22.000000,22.000000,22.000000,29.000000,29.000000,30.000000,31.000000,31.000000,31.000000,32.000000,1,1,1,1,1,1,1,0,0,0,0,0,0,0,74,5376.403809,467,0,1,0.529999,0.018248,-0.323628,-3.117000,-0.399000,0.076000,1
3.679746,-1.162000,-67.617996,3.084000,130.787994,27.066000,4.407000,151.559006,0.000000,0.000000,0.000000,0.000000,0.000000,0.000000,0.120000,418.000000,384.000000,84.000000,-2973.000000,-272.000000,-348.000000,-93.000000,22.000000,22.000000,22.000000,22.000000,22.000000,22.000000,22.000000,29.000000,29.000000,30.000000,31.000000,31.000000,31.000000,32.000000,1,1,1,1,1,1,1,0,0,0,0,0,0,0,74,5376.403809,469,0,1,0.529999,0.019465,-0.323628,-3.117000,-0.399000,0.077000,1
3.689746,-1.247000,-67.620003,3.188000,130.783005,27.120001,4.408000,151.612000,0.000000,0.000000,0.000000,0.000000,0.000000,0.000000,0.120000,418.000000,384.000000,84.000000,-2973.000000,-272.000000,-348.000000,-93.000000,22.000000,22.000000,22.000000,22.000000,22.000000,22.000000,22.000000,29.000000,29.000000,30.000000,31.000000,31.000000,31.000000,32.000000,1,1,1,1,1,1,1,0,0,0,0,0,0,0,74,5376.403809,469,0,1,0.529999,0.019828,-0.323628,-3.116000,-0.399000,0.076000,1
3.699955,-1.479000,-67.625999,3.472000,130.768997,27.268000,4.411000,151.755005,0.000000,0.000000,0.000000,0.000000,0.000000,0.000000,0.120000,418.000000,384.000000,84.000000,-2973.000000,-272.000000,-348.000000,-93.000000,22.000000,22.000000,22.000000,22.000000,22.000000,22.000000,22.000000,29.000000,29.000000,30.000000,31.000000,31.000000,31.000000,32.000000,1,1,1,1,1,1,1,0,0,0,0,0,0,0,74,5376.403809,467,0,1,0.529999,0.020817,-0.323628,-3.116000,-0.399000,0.076000,1
3.709804,-1.653000,-67.630997,3.685000,130.757004,27.379000,4.415000,151.860992,0.000000,0.000000,0.000000,0.000000,0.000000,0.000000,0.120000,418.000000,384.000000,84.000000,-2973.000000,-272.000000,-348.000000,-93.000000,22.000000,22.000000,22.000000,22.000000,22.000000,22.000000,22.000000,29.000000,29.000000,30.000000,31.000000,31.000000,31.000000,32.000000,1,1,1,1,1,1,1,0,0,0,0,0,0,0,74,5376.403809,469,0,1,0.529999,0.021558,-0.323628,-3.117000,-0.399000,0.077000,1
3.719730,-1.819000,-67.636002,3.887000,130.744995,27.486000,4.419000,151.962006,0.000000,0.000000,0.000000,0.000000,0.000000,0.000000,0.120000,418.000000,384.000000,84.000000,-2973.000000,-272.000000,-348.000000,-93.000000,22.000000,22.000000,22.000000,22.000000,22.000000,22.000000,22.000000,29.000000,29.000000,30.000000,31.000000,31.000000,31.000000,32.000000,1,1,1,1,1,1,1,0,0,0,0,0,0,0,74,5376.405762,468,0,1,0.530001,0.022265,-0.323628,-3.117000,-0.399000,0.076000,0
3.729725,-1.987000,-67.636002,4.086000,130.720001,27.591000,4.430000,152.061996,0.000000,0.000000,0.000000,0.000000,0.000000,0.000000,0.120000,418.000000,384.000000,84.000000,-2973.000000,-272.000000,-348.000000,-93.000000,22.000000,22.000000,22.000000,22.000000,22.000000,22.000000,22.000000,29.000000,29.000000,30.000000,31.000000,31.000000,31.000000,32.000000,1,1,1,1,1,1,1,0,0,0,0,0,0,0,74,5376.402832,467,0,1,0.530045,0.022966,-0.323628,-3.117000,-0.399000,0.077000,0
3.739741,-2.157000,-67.628998,4.281000,130.677994,27.695000,4.452000,152.162003,0.000000,0.000000,0.000000,0.000000,0.000000,0.000000,0.120000,418.000000,384.000000,84.000000,-2973.000000,-272.000000,-348.000000,-93.000000,22.000000,22.000000,22.000000,22.000000,22.000000,22.000000,22.000000,29.000000,29.000000,30.000000,31.000000,31.000000,31.000000,32.000000,1,1,1,1,1,1,1,0,0,0,0,0,0,0,74,5376.405762,467,0,1,0.530151,0.023661,-0.323628,-3.117000,-0.399000,0.076000,0
3.749730,-2.361000,-67.610001,4.506000,130.606003,27.816000,4.492000,152.279999,0.000000,0.000000,0.000000,0.000000,0.000000,0.000000,0.120000,418.000000,384.000000,84.000000,-2973.000000,-272.000000,-348.000000,-93.000000,22.000000,22.000000,22.000000,22.000000,22.000000,22.000000,22.000000,29.000000,29.000000,30.000000,31.000000,31.000000,31.000000,32.000000,1,1,1,1,1,1,1,0,0,0,0,0,0,0,74,5376.403809,470,0,1,0.530359,0.024478,-0.323628,-3.117000,-0.399000,0.077000,0
3.759752,-2.532000,-67.585999,4.685000,130.526993,27.913000,4.535000,152.375000,0.000000,0.000000,0.000000,0.000000,0.000000,0.000000,0.120000,418.000000,384.000000,84.000000,-2973.000000,-272.000000,-348.000000,-93.000000,22.000000,22.000000,22.000000,22.000000,22.000000,22.000000,22.000000,29.000000,29.000000,30.000000,31.000000,31.000000,31.000000,32.000000,1,1,1,1,1,1,1,0,0,0,0,0,0,0,74,5376.403809,468,0,1,0.530599,0.025138,-0.323628,-3.116000,-0.399000,0.076000,0
3.769799,-2.699000,-67.555000,4.855000,130.432999,28.006001,4.588000,152.466003,0.000000,0.000000,0.000000,0.000000,0.000000,0.000000,0.120000,418.000000,384.000000,84.000000,-2973.000000,-272.000000,-348.000000,-93.000000,22.000000,22.000000,22.000000,22.000000,22.000000,22.000000,22.000000,29.000000,29.000000,30.000000,31.000000,31.000000,31.000000,32.000000,1,1,1,1,1,1,1,0,0,0,0,0,0,0,74,5376.403809,470,0,1,0.530896,0.025775,-0.323628,-3.116000,-0.399000,0.076000,0
3.779793,-2.799000,-67.532997,4.952000,130.369003,28.059000,4.625000,152.518997,0.000000,0.000000,0.000000,0.000000,0.000000,0.000000,0.120000,418.000000,384.000000,84.000000,-2973.000000,-272.000000,-348.000000,-93.000000,22.000000,22.000000,22.000000,22.000000,22.000000,22.000000,22.000000,29.000000,29.000000,30.000000,31.000000,31.000000,31.000000,32.000000,1,1,1,1,1,1,1,0,0,0,0,0,0,0,74,5376.402832,467,0,1,0.531102,0.026143,-0.323628,-3.117000,-0.399000,0.077000,0
3.789784,-3.055000,-67.461998,5.188000,130.175003,28.191999,4.736000,152.651001,0.000000,0.000000,0.000000,0.000000,0.000000,0.000000,0.120000,418.000000,384.000000,84.000000,-2973.000000,-272.000000,-348.000000,-93.000000,22.000000,22.000000,22.000000,22.000000,22.000000,22.000000,22.000000,29.000000,29.000000,30.000000,31.000000,31.000000,31.000000,32.000000,1,1,1,1,1,1,1,0,0,0,0,0,0,0,74,5376.403809,468,0,1,0.531743,0.027066,-0.323628,-3.116000,-0.399000,0.076000,0
3.799839,-3.116000,-67.442001,5.241000,130.121002,28.222000,4.767000,152.682007,0.000000,0.000000,0.000000,0.000000,0.000000,0.000000,0.120000,418.000000,384.000000,84.000000,-2973.000000,-272.000000,-348.000000,-93.000000,22.000000,22.000000,22.000000,22.000000,22.000000,22.000000,22.000000,29.000000,29.000000,30.000000,31.000000,31.000000,31.000000,32.000000,1,1,1,1,1,1,1,0,0,0,0,0,0,0,74,5376.403809,468,0,1,0.531923,0.027282,-0.323628,-3.117000,-0.399000,0.077000,0
3.809800,-3.265000,-67.387001,5.366000,129.977005,28.294001,4.849000,152.755005,0.000000,0.000000,0.000000,0.000000,0.000000,0.000000,0.120000,418.000000,384.000000,84.000000,-2973.000000,-272.000000,-348.000000,-93.000000,22.000000,22.000000,22.000000,22.000000,22.000000,22.000000,22.000000,29.000000,29.000000,30.000000,31.000000,31.000000,31.000000,32.000000,1,1,1,1,1,1,1,0,0,0,0,0,0,0,74,5376.403809,468,0,1,0.532406,0.027792,-0.323628,-3.116000,-0.399000,0.076000,0
3.819905,-3.434000,-67.313004,5.495000,129.791000,28.371000,4.957000,152.832993,0.000000,0.000000,0.000000,0.000000,0.000000,0.000000,0.120000,418.000000,384.000000,84.000000,-2973.000000,-272.000000,-348.000000,-93.000000,22.000000,22.000000,22.000000,22.000000,22.000000,22.000000,22.000000,29.000000,29.000000,30.000000,31.000000,31.000000,31.000000,32.000000,1,1,1,1,1,1,1,0,0,0,0,0,0,0,74,5376.402832,468,0,1,0.533043,0.028344,-0.323628,-3.116000,-0.400000,0.076000,0
3.829815,-3.564000,-67.245003,5.585000,129.625000,28.427000,5.053000,152.889999,0.000000,0.000000,0.000000,0.000000,0.000000,0.000000,0.120000,418.000000,384.000000,84.000000,-2973.000000,-272.000000,-348.000000,-93.000000,22.000000,22.000000,22.000000,22.000000,22.000000,22.000000,22.000000,29.000000,29.000000,30.000000,31.000000,31.000000,31.000000,32.000000,1,1,1,1,1,1,1,0,0,0,0,0,0,0,74,5376.402832,468,0,1,0.533617,0.028749,-0.323628,-3.116000,-0.399000,0.076000,0
3.839794,-3.683000,-67.171997,5.659000,129.451996,28.474001,5.153000,152.938995,0.000000,0.000000,0.000000,0.000000,0.000000,0.000000,0.120000,418.000000,384.000000,84.000000,-2973.000000,-272.000000,-348.000000,-93.000000,22.000000,22.000000,22.000000,22.000000,22.000000,22.000000,22.000000,29.000000,29.000000,30.000000,31.000000,31.000000,31.000000,32.000000,1,1,1,1,1,1,1,0,0,0,0,0,0,0,74,5376.402832,469,0,1,0.534224,0.029103,-0.323628,-3.117000,-0.399000,0.076000,0
3.849762,-3.792000,-67.095001,5.716000,129.270996,28.514000,5.258000,152.979996,0.000000,0.000000,0.000000,0.000000,0.000000,0.000000,0.120000,418.000000,384.000000,84.000000,-2973.000000,-272.000000,-348.000000,-93.000000,22.000000,22.000000,22.000000,22.000000,22.000000,22.000000,22.000000,29.000000,29.000000,30.000000,31.000000,31.000000,31.000000,32.000000,1,1,1,1,1,1,1,0,0,0,0,0,0,0,74,5376.403809,468,0,1,0.534861,0.029400,-0.323628,-3.116000,-0.399000,0.076000,0
3.859745,-3.887000,-67.014000,5.756000,129.085999,28.545000,5.365000,153.011993,0.000000,0.000000,0.000000,0.000000,0.000000,0.000000,0.120000,418.000000,384.000000,84.000000,-2973.000000,-272.000000,-348.000000,-93.000000,22.000000,22.000000,22.000000,22.000000,22.000000,22.000000,22.000000,29.000000,29.000000,30.000000,31.000000,31.000000,31.000000,32.000000,1,1,1,1,1,1,1,0,0,0,0,0,0,0,74,5376.403809,467,0,1,0.535521,0.029640,-0.323628,-3.117000,-0.399000,0.077000,0
3.869853,-3.985000,-66.911003,5.780000,128.858002,28.570999,5.497000,153.039001,0.000000,0.000000,0.000000,0.000000,0.000000,0.000000,0.120000,418.000000,384.000000,84.000000,-2973.000000,-272.000000,-348.000000,-93.000000,22.000000,22.000000,22.000000,22.000000,22.000000,22.000000,22.000000,29.000000,29.000000,30.000000,31.000000,31.000000,31.000000,32.000000,1,1,1,1,1,1,1,0,0,0,0,0,0,0,74,5376.403809,467,0,1,0.536338,0.029848,-0.323628,-3.117000,-0.400000,0.076000,0
3.879773,-4.052000,-66.823997,5.781000,128.667007,28.583000,5.608000,153.052002,0.000000,0.000000,0.000000,0.000000,0.000000,0.000000,0.120000,418.000000,384.000000,84.000000,-2973.000000,-272.000000,-348.000000,-93.000000,22.000000,22.000000,22.000000,22.000000,22.000000,22.000000,22.000000,29.000000,29.000000,30.000000,31.000000,31.000000,31.000000,32.000000,1,1,1,1,1,1,1,0,0,0,0,0,0,0,74,5376.405762,470,0,1,0.537033,0.029954,-0.323627,-3.117000,-0.400000,0.077000,0
3.889753,-4.104000,-66.733002,5.765000,128.475006,28.587000,5.718000,153.054993,0.000000,0.000000,0.000000,0.000000,0.000000,0.000000,0.120000,418.000000,384.000000,84.000000,-2973.000000,-272.000000,-348.000000,-93.000000,22.000000,22.000000,22.000000,22.000000,22.000000,22.000000,22.000000,29.000000,29.000000,30.000000,31.000000,31.000000,31.000000,32.000000,1,1,1,1,1,1,1,0,0,0,0,0,0,0,74,5376.403809,469,0,1,0.537734,0.029998,-0.323628,-3.117000,-0.399000,0.077000,0
3.899894,-4.146000,-66.642998,5.737000,128.283997,28.586000,5.829000,153.052002,0.000000,0.000000,0.000000,0.000000,0.000000,0.000000,0.120000,418.000000,384.000000,84.000000,-2973.000000,-272.000000,-348.000000,-93.000000,22.000000,22.000000,22.000000,22.000000,22.000000,22.000000,22.000000,29.000000,29.000000,30.000000,31.000000,31.000000,31.000000,32.000000,1,1,1,1,1,1,1,0,0,0,0,0,0,0,74,5376.403809,470,0,1,0.538435,0.029999,-0.323628,-3.117000,-0.399000,0.076000,1
3.909760,-4.189000,-66.549004,5.708000,128.087997,28.583000,5.942000,153.048996,0.000000,0.000000,0.000000,0.000000,0.000000,0.000000,0.120000,418.000000,384.000000,84.000000,-2973.000000,-272.000000,-348.000000,-93.000000,22.000000,22.000000,22.000000,22.000000,22.000000,22.000000,22.000000,29.000000,29.000000,30.000000,31.000000,31.000000,31.000000,32.000000,1,1,1,1,1,1,1,0,0,0,0,0,0,0,74,5376.402832,467,0,1,0.539157,0.029999,-0.323627,-3.117000,-0.400000,0.077000,1
3.919832,-4.244000,-66.428001,5.671000,127.833000,28.580000,6.089000,153.046997,0.000000,0.000000,0.000000,0.000000,0.000000,0.000000,0.120000,418.000000,384.000000,84.000000,-2973.000000,-272.000000,-348.000000,-93.000000,22.000000,22.000000,22.000000,22.000000,22.000000,22.000000,22.000000,29.000000,29.000000,30.000000,31.000000,31.000000,31.000000,32.000000,1,1,1,1,1,1,1,0,0,0,0,0,0,0,74,5376.403809,467,0,1,0.540092,0.029999,-0.323628,-3.117000,-0.400000,0.076000,1
3.929901,-4.296000,-66.315002,5.637000,127.596001,28.576000,6.226000,153.046005,0.000000,0.000000,0.000000,0.000000,0.000000,0.000000,0.120000,418.000000,384.000000,84.000000,-2973.000000,-272.000000,-348.000000,-93.000000,22.000000,22.000000,22.000000,22.000000,22.000000,22.000000,22.000000,29.000000,29.000000,30.000000,31.000000,31.000000,31.000000,32.000000,1,1,1,1,1,1,1,0,0,0,0,0,0,0,74,5376.405762,468,0,1,0.540959,0.029999,-0.323627,-3.117000,-0.400000,0.077000,1
3.939768,-4.319000,-66.265999,5.623000,127.492996,28.573999,6.285000,153.046005,0.000000,0.000000,0.000000,0.000000,0.000000,0.000000,0.120000,418.000000,384.000000,84.000000,-2973.000000,-272.000000,-348.000000,-93.000000,22.000000,22.000000,22.000000,22.000000,22.000000,22.000000,22.000000,29.000000,29.000000,30.000000,31.000000,31.000000,31.000000,32.000000,1,1,1,1,1,1,1,0,0,0,0,0,0,0,74,5376.403809,468,0,1,0.541334,0.029999,-0.323628,-3.117000,-0.400000,0.076000,1
3.949778,-4.393000,-66.105003,5.575000,127.154999,28.568001,6.480000,153.046005,0.000000,0.000000,0.000000,0.000000,0.000000,0.000000,0.120000,418.000000,384.000000,84.000000,-2973.000000,-272.000000,-348.000000,-93.000000,22.000000,22.000000,22.000000,22.000000,22.000000,22.000000,22.000000,29.000000,29.000000,30.000000,31.000000,31.000000,31.000000,32.000000,1,1,1,1,1,1,1,0,0,0,0,0,0,0,74,5376.403809,467,0,1,0.542573,0.029999,-0.323628,-3.117000,-0.400000,0.076000,1
3.959727,-4.464000,-65.952003,5.530000,126.832001,28.561001,6.666000,153.048004,0.000000,0.000000,0.000000,0.000000,0.000000,0.000000,0.120000,418.000000,384.000000,84.000000,-2973.000000,-272.000000,-348.000000,-93.000000,22.000000,22.000000,22.000000,22.000000,22.000000,22.000000,22.000000,29.000000,29.000000,30.000000,31.000000,31.000000,31.000000,32.000000,1,1,1,1,1,1,1,0,0,0,0,0,0,0,74,5376.405762,468,0,1,0.543751,0.029999,-0.323628,-3.117000,-0.399000,0.077000,1
3.969735,-4.544000,-65.778000,5.480000,126.469002,28.552000,6.876000,153.052002,0.000000,0.000000,0.000000,0.000000,0.000000,0.000000,0.120000,418.000000,384.000000,84.000000,-2973.000000,-272.000000,-348.000000,-93.000000,22.000000,22.000000,22.000000,22.000000,22.000000,22.000000,22.000000,29.000000,29.000000,30.000000,31.000000,31.000000,31.000000,32.000000,1,1,1,1,1,1,1,0,0,0,0,0,0,0,74,5376.403809,469,0,1,0.545077,0.029999,-0.323627,-3.117000,-0.400000,0.077000,1
3.979715,-4.652000,-65.542999,5.412000,125.974998,28.540001,7.161000,153.059998,0.000000,0.000000,0.000000,0.000000,0.000000,0.000000,0.120000,418.000000,384.000000,84.000000,-2973.000000,-272.000000,-348.000000,-93.000000,22.000000,22.000000,22.000000,22.000000,22.000000,22.000000,22.000000,29.000000,29.000000,30.000000,31.000000,31.000000,31.000000,32.000000,1,1,1,1,1,1,1,0,0,0,0,0,0,0,74,5376.405762,469,0,1,0.546874,0.029999,-0.323628,-3.117000,-0.399000,0.077000,1
3.989756,-4.753000,-65.323997,5.351000,125.514000,28.528000,7.426000,153.069000,0.000000,0.000000,0.000000,0.000000,0.000000,0.000000,0.120000,418.000000,384.000000,84.000000,-2973.000000,-272.000000,-348.000000,-93.000000,22.000000,22.000000,22.000000,22.000000,22.000000,22.000000,22.000000,29.000000,29.000000,30.000000,31.000000,31.000000,31.000000,32.000000,1,1,1,1,1,1,1,0,0,0,0,0,0,0,74,5376.405762,470,0,1,0.548547,0.029999,-0.323628,-3.117000,-0.400000,0.077000,1
3.999786,-4.865000,-65.084000,5.285000,125.009003,28.514000,7.717000,153.082001,0.000000,0.000000,0.000000,0.000000,0.000000,0.000000,0.120000,418.000000,384.000000,84.000000,-2973.000000,-272.000000,-348.000000,-93.000000,22.000000,22.000000,22.000000,22.000000,22.000000,22.000000,22.000000,29.000000,29.000000,30.000000,31.000000,31.000000,31.000000,32.000000,1,1,1,1,1,1,1,0,0,0,0,0,0,0,74,5376.403809,469,0,1,0.550377,0.029999,-0.323628,-3.117000,-0.399000,0.077000,1
4.009774,-4.986000,-64.822998,5.214000,124.460999,28.499001,8.033000,153.097000,0.000000,0.000000,0.000000,0.000000,0.000000,0.000000,0.120000,418.000000,384.000000,84.000000,-2973.000000,-272.000000,-348.000000,-93.000000,22.000000,22.000000,22.000000,22.000000,22.000000,22.000000,22.000000,29.000000,29.000000,30.000000,31.000000,31.000000,31.000000,32.000000,1,1,1,1,1,1,1,0,0,0,0,0,0,0,74,5376.403809,468,0,1,0.552357,0.029999,-0.323628,-3.117000,-0.399000,0.077000,1
4.019763,-5.143000,-64.485001,5.124000,123.750999,28.480000,8.441000,153.121002,0.000000,0.000000,0.000000,0.000000,0.000000,0.000000,0.120000,418.000000,384.000000,84.000000,-2973.000000,-272.000000,-348.000000,-93.000000,22.000000,22.000000,22.000000,22.000000,22.000000,22.000000,22.000000,29.000000,29.000000,30.000000,31.000000,31.000000,31.000000,32.000000,1,1,1,1,1,1,1,0,0,0,0,0,0,0,74,5376.403809,469,0,1,0.554912,0.029999,-0.323628,-3.117000,-0.399000,0.077000,1
4.029680,-5.197000,-64.366997,5.094000,123.502998,28.473000,8.584000,153.130005,0.000000,0.000000,0.000000,0.000000,0.000000,0.000000,0.120000,418.000000,384.000000,84.000000,-2973.000000,-272.000000,-348.000000,-93.000000,22.000000,22.000000,22.000000,22.000000,22.000000,22.000000,22.000000,29.000000,29.000000,30.000000,31.000000,31.000000,31.000000,32.000000,1,1,1,1,1,1,1,0,0,0,0,0,0,0,74,5376.403809,469,0,1,0.555803,0.029999,-0.323628,-3.117000,-0.400000,0.077000,1
4.039925,-5.428000,-63.873001,4.968000,122.463997,28.444000,9.181000,153.173996,0.000000,0.000000,0.000000,0.000000,0.000000,0.000000,0.120000,418.000000,384.000000,84.000000,-2973.000000,-272.000000,-348.000000,-93.000000,22.000000,22.000000,22.000000,22.000000,22.000000,22.000000,22.000000,29.000000,29.000000,30.000000,31.000000,31.000000,31.000000,32.000000,1,1,1,1,1,1,1,0,0,0,0,0,0,0,74,5376.405762,468,0,1,0.559527,0.029999,-0.323628,-3.117000,-0.400000,0.077000,1
4.049822,-5.579000,-63.549000,4.887000,121.783997,28.424000,9.572000,153.205994,0.000000,0.000000,0.000000,0.000000,0.000000,0.000000,0.120000,418.000000,384.000000,84.000000,-2973.000000,-272.000000,-348.000000,-93.000000,22.000000,22.000000,22.000000,22.000000,22.000000,22.000000,22.000000,29.000000,29.000000,30.000000,31.000000,31.000000,31.000000,32.000000,1,1,1,1,1,1,1,0,0,0,0,0,0,0,74,5376.403809,469,0,1,0.561953,0.029999,-0.323628,-3.117000,-0.399000,0.077000,1
4.059734,-5.671000,-63.351002,4.839000,121.367996,28.413000,9.811000,153.227005,0.000000,0.000000,0.000000,0.000000,0.000000,0.000000,0.120000,418.000000,384.000000,84.000000,-2973.000000,-272.000000,-348.000000,-93.000000,22.000000,22.000000,22.000000,22.000000,22.000000,22.000000,22.000000,29.000000,29.000000,30.000000,31.000000,31.000000,31.000000,32.000000,1,1,1,1,1,1,1,0,0,0,0,0,0,0,74,5376.403809,469,0,1,0.563432,0.029999,-0.323628,-3.117000,-0.400000,0.077000,1
4.069838,-5.827000,-63.018002,4.759000,120.667000,28.393000,10.213000,153.264999,0.000000,0.000000,0.000000,0.000000,0.000000,0.000000,0.120000,418.000000,384.000000,84.000000,-2973.000000,-272.000000,-348.000000,-93.000000,22.000000,22.000000,22.000000,22.000000,22.000000,22.000000,22.000000,29.000000,29.000000,30.000000,31.000000,31.000000,31.000000,32.000000,1,1,1,1,1,1,1,0,0,0,0,0,0,0,74,5376.403809,469,0,1,0.565917,0.029999,-0.323628,-3.117000,-0.399000,0.077000,1
4.079739,-5.983000,-62.682999,4.681000,119.962997,28.372000,10.617000,153.306000,0.000000,0.000000,0.000000,0.000000,0.000000,0.000000,0.120000,418.000000,384.000000,84.000000,-2973.000000,-272.000000,-348.000000,-93.000000,22.000000,22.000000,22.000000,22.000000,22.000000,22.000000,22.000000,29.000000,29.000000,30.000000,31.000000,31.000000,31.000000,32.000000,1,1,1,1,1,1,1,0,0,0,0,0,0,0,74,5376.403809,468,0,1,0.568407,0.029999,-0.323628,-3.117000,-0.399000,0.077000,1
4.089736,-6.141000,-62.347000,4.604000,119.254997,28.351999,11.022000,153.350998,0.000000,0.000000,0.000000,0.000000,0.000000,0.000000,0.120000,418.000000,384.000000,84.000000,-2973.000000,-272.000000,-348.000000,-93.000000,22.000000,22.000000,22.000000,22.000000,22.000000,22.000000,22.000000,29.000000,29.000000,30.000000,31.000000,31.000000,31.000000,32.000000,1,1,1,1,1,1,1,0,0,0,0,0,0,0,74,5376.403809,469,0,1,0.570896,0.029999,-0.323628,-3.117000,-0.400000,0.077000,1
4.099738,-6.330000,-61.941002,4.514000,118.403000,28.327000,11.510000,153.408997,0.000000,0.000000,0.000000,0.000000,0.000000,0.000000,0.120000,418.000000,384.000000,84.000000,-2973.000000,-272.000000,-348.000000,-93.000000,22.000000,22.000000,22.000000,22.000000,22.000000,22.000000,22.000000,29.000000,29.000000,30.000000,31.000000,31.000000,31.000000,32.000000,1,1,1,1,1,1,1,0,0,0,0,0,0,0,74,5376.403809,469,0,1,0.573884,0.029999,-0.323628,-3.117000,-0.400000,0.077000,1
4.109813,-6.489000,-61.602001,4.441000,117.690002,28.306000,11.918000,153.460007,0.000000,0.000000,0.000000,0.000000,0.000000,0.000000,0.120000,418.000000,384.000000,84.000000,-2973.000000,-272.000000,-348.000000,-93.000000,22.000000,22.000000,22.000000,22.000000,22.000000,22.000000,22.000000,29.000000,29.000000,30.000000,31.000000,31.000000,31.000000,32.000000,1,1,1,1,1,1,1,0,0,0,0,0,0,0,74,5376.405762,467,0,1,0.576374,0.029999,-0.323628,-3.117000,-0.399000,0.077000,1
4.119774,-6.648000,-61.262001,4.368000,116.973999,28.285000,12.327000,153.514999,0.000000,0.000000,0.000000,0.000000,0.000000,0.000000,0.120000,418.000000,384.000000,84.000000,-2973.000000,-272.000000,-348.000000,-93.000000,22.000000,22.000000,22.000000,22.000000,22.000000,22.000000,22.000000,29.000000,29.000000,30.000000,31.000000,31.000000,31.000000,32.000000,1,1,1,1,1,1,1,0,0,0,0,0,0,0,74,5376.405762,468,0,1,0.578863,0.029999,-0.323628,-3.117000,-0.400000,0.077000,1
4.129771,-6.808000,-60.919998,4.297000,116.255997,28.263000,12.737000,153.572998,0.000000,0.000000,0.000000,0.000000,0.000000,0.000000,0.120000,418.000000,384.000000,84.000000,-2973.000000,-272.000000,-348.000000,-93.000000,22.000000,22.000000,22.000000,22.000000,22.000000,22.000000,22.000000,29.000000,29.000000,30.000000,31.000000,31.000000,31.000000,32.000000,1,1,1,1,1,1,1,0,0,0,0,0,0,0,74,5376.403809,468,0,1,0.581353,0.029999,-0.323628,-3.117000,-0.399000,0.077000,1
4.139784,-6.968000,-60.576000,4.228000,115.533997,28.240999,13.149000,153.634995,0.000000,0.000000,0.000000,0.000000,0.000000,0.000000,0.120000,418.000000,384.000000,84.000000,-2973.000000,-272.000000,-348.000000,-93.000000,22.000000,22.000000,22.000000,22.000000,22.000000,22.000000,22.000000,29.000000,29.000000,30.000000,31.000000,31.000000,31.000000,32.000000,1,1,1,1,1,1,1,0,0,0,0,0,0,0,74,5376.403809,469,0,1,0.583843,0.029999,-0.323628,-3.117000,-0.399000,0.077000,1
4.149693,-7.160000,-60.162998,4.146000,114.664001,28.215000,13.644000,153.712006,0.000000,0.000000,0.000000,0.000000,0.000000,0.000000,0.120000,418.000000,384.000000,84.000000,-2973.000000,-272.000000,-348.000000,-93.000000,22.000000,22.000000,22.000000,22.000000,22.000000,22.000000,22.000000,29.000000,29.000000,30.000000,31.000000,31.000000,31.000000,32.000000,1,1,1,1,1,1,1,0,0,0,0,0,0,0,74,5376.403809,468,0,1,0.586830,0.029999,-0.323628,-3.117000,-0.399000,0.077000,1
4.159814,-7.321000,-59.816002,4.079000,113.935997,28.191999,14.059000,153.781006,0.000000,0.000000,0.000000,0.000000,0.000000,0.000000,0.120000,418.000000,384.000000,84.000000,-2973.000000,-272.000000,-348.000000,-93.000000,22.000000,22.000000,22.000000,22.000000,22.000000,22.000000,22.000000,29.000000,29.000000,30.000000,31.000000,31.000000,31.000000,32.000000,1,1,1,1,1,1,1,0,0,0,0,0,0,0,74,5376.403809,468,0,1,0.589320,0.029999,-0.323628,-3.117000,-0.399000,0.077000,1
4.169796,-7.418000,-59.608002,4.039000,113.498001,28.177999,14.308000,153.822998,0.000000,0.000000,0.000000,0.000000,0.000000,0.000000,0.120000,418.000000,384.000000,84.000000,-2973.000000,-272.000000,-348.000000,-93.000000,22.000000,22.000000,22.000000,22.000000,22.000000,22.000000,22.000000,29.000000,29.000000,30.000000,31.000000,31.000000,31.000000,32.000000,1,1,1,1,1,1,1,0,0,0,0,0,0,0,74,5376.403809,468,0,1,0.590814,0.029999,-0.323628,-3.117000,-0.399000,0.077000,1
4.179745,-7.579000,-59.258999,3.974000,112.764000,28.153999,14.724000,153.895996,0.000000,0.000000,0.000000,0.000000,0.000000,0.000000,0.120000,418.000000,384.000000,84.000000,-2973.000000,-272.000000,-348.000000,-93.000000,22.000000,22.000000,22.000000,22.000000,22.000000,22.000000,22.000000,29.000000,29.000000,30.000000,31.000000,31.000000,31.000000,32.000000,1,1,1,1,1,1,1,0,0,0,0,0,0,0,74,5376.403809,468,0,1,0.593304,0.029999,-0.323628,-3.117000,-0.399000,0.077000,1
4.189726,-7.741000,-58.909000,3.910000,112.028000,28.129999,15.141000,153.973007,0.000000,0.000000,0.000000,0.000000,0.000000,0.000000,0.120000,418.000000,384.000000,84.000000,-2973.000000,-272.000000,-348.000000,-93.000000,22.000000,22.000000,22.000000,22.000000,22.000000,22.000000,22.000000,29.000000,29.000000,30.000000,31.000000,31.000000,31.000000,32.000000,1,1,1,1,1,1,1,0,0,0,0,0,0,0,74,5376.403809,468,0,1,0.595793,0.029999,-0.323628,-3.117000,-0.400000,0.077000,1
4.199701,-7.903000,-58.556999,3.847000,111.288002,28.105000,15.560000,154.052994,0.000000,0.000000,0.000000,0.000000,0.000000,0.000000,0.120000,418.000000,384.000000,84.000000,-2973.000000,-272.000000,-348.000000,-93.000000,22.000000,22.000000,22.000000,22.000000,22.000000,22.000000,22.000000,29.000000,29.000000,30.000000,31.000000,31.000000,31.000000,32.000000,1,1,1,1,1,1,1,0,0,0,0,0,0,0,74,5376.405762,470,0,1,0.598283,0.029999,-0.323628,-3.117000,-0.399000,0.077000,1
4.209756,-8.066000,-58.203999,3.786000,110.544998,28.080000,15.980000,154.136002,0.000000,0.000000,0.000000,0.000000,0.000000,0.000000,0.120000,418.000000,384.000000,84.000000,-2973.000000,-272.000000,-348.000000,-93.000000,22.000000,22.000000,22.000000,22.000000,22.000000,22.000000,22.000000,29.000000,29.000000,30.000000,31.000000,31.000000,31.000000,32.000000,1,1,1,1,1,1,1,0,0,0,0,0,0,0,74,5376.402832,468,0,1,0.600773,0.029999,-0.323628,-3.117000,-0.399000,0.077000,1
4.219751,-8.261000,-57.778000,3.713000,109.649002,28.048000,16.486000,154.238998,0.000000,0.000000,0.000000,0.000000,0.000000,0.000000,0.120000,418.000000,384.000000,84.000000,-2973.000000,-272.000000,-348.000000,-93.000000,22.000000,22.000000,22.000000,22.000000,22.000000,22.000000,22.000000,29.000000,29.000000,30.000000,31.000000,31.000000,31.000000,32.000000,1,1,1,1,1,1,1,0,0,0,0,0,0,0,74,5376.403809,470,0,1,0.603760,0.029999,-0.323628,-3.117000,-0.399000,0.077000,1
4.229706,-8.423000,-57.421001,3.654000,108.898003,28.021999,16.909000,154.328995,0.000000,0.000000,0.000000,0.000000,0.000000,0.000000,0.120000,418.000000,384.000000,84.000000,-2973.000000,-272.000000,-348.000000,-93.000000,22.000000,22.000000,22.000000,22.000000,22.000000,22.000000,22.000000,29.000000,29.000000,30.000000,31.000000,31.000000,31.000000,32.000000,1,1,1,1,1,1,1,0,0,0,0,0,0,0,74,5376.403809,469,0,1,0.606250,0.029999,-0.323627,-3.117000,-0.399000,0.077000,1
4.239756,-8.586000,-57.062000,3.595000,108.143997,27.993999,17.334000,154.421997,0.000000,0.000000,0.000000,0.000000,0.000000,0.000000,0.120000,418.000000,384.000000,84.000000,-2973.000000,-272.000000,-348.000000,-93.000000,22.000000,22.000000,22.000000,22.000000,22.000000,22.000000,22.000000,29.000000,29.000000,30.000000,31.000000,31.000000,31.000000,32.000000,1,1,1,1,1,1,1,0,0,0,0,0,0,0,74,5376.405762,469,0,1,0.608740,0.029999,-0.323628,-3.117000,-0.399000,0.077000,1
4.249787,-8.749000,-56.701000,3.538000,107.386002,27.966000,17.760000,154.518997,0.000000,0.000000,0.000000,0.000000,0.000000,0.000000,0.120000,418.000000,384.000000,84.000000,-2973.000000,-272.000000,-348.000000,-93.000000,22.000000,22.000000,22.000000,22.000000,22.000000,22.000000,22.000000,29.000000,29.000000,30.000000,31.000000,31.000000,31.000000,32.000000,1,1,1,1,1,1,1,0,0,0,0,0,0,0,74,5376.403809,468,0,1,0.611229,0.029999,-0.323628,-3.117000,-0.399000,0.077000,1
4.259710,-8.912000,-56.339001,3.482000,106.624001,27.937000,18.187000,154.617996,0.000000,0.000000,0.000000,0.000000,0.000000,0.000000,0.120000,418.000000,384.000000,84.000000,-2973.000000,-272.000000,-348.000000,-93.000000,22.000000,22.000000,22.000000,22.000000,22.000000,22.000000,22.000000,29.000000,29.000000,30.000000,31.000000,31.000000,31.000000,32.000000,1,1,1,1,1,1,1,0,0,0,0,0,0,0,74,5376.403809,468,0,1,0.613719,0.029999,-0.323628,-3.117000,-0.399000,0.077000,1
4.269791,-9.076000,-55.974998,3.426000,105.859001,27.908001,18.615999,154.720993,0.000000,0.000000,0.000000,0.000000,0.000000,0.000000,0.120000,418.000000,384.000000,84.000000,-2973.000000,-272.000000,-348.000000,-93.000000,22.000000,22.000000,22.000000,22.000000,22.000000,22.000000,22.000000,29.000000,29.000000,30.000000,31.000000,31.000000,31.000000,32.000000,1,1,1,1,1,1,1,0,0,0,0,0,0,0,74,5376.405762,468,0,1,0.616209,0.029999,-0.323628,-3.117000,-0.399000,0.077000,1
4.279774,-9.173000,-55.756001,3.393000,105.398003,27.889999,18.874001,154.783997,0.000000,0.000000,0.000000,0.000000,0.000000,0.000000,0.120000,418.000000,384.000000,84.000000,-2973.000000,-272.000000,-348.000000,-93.000000,22.000000,22.000000,22.000000,22.000000,22.000000,22.000000,22.000000,29.000000,29.000000,30.000000,31.000000,31.000000,31.000000,32.000000,1,1,1,1,1,1,1,0,0,0,0,0,0,0,74,5376.403809,470,0,1,0.617703,0.029999,-0.323628,-3.117000,-0.399000,0.077000,1
4.289748,-9.435000,-55.167999,3.307000,104.160004,27.840000,19.563999,154.957993,0.000000,0.000000,0.000000,0.000000,0.000000,0.000000,0.120000,418.000000,384.000000,84.000000,-2973.000000,-272.000000,-348.000000,-93.000000,22.000000,22.000000,22.000000,22.000000,22.000000,22.000000,22.000000,29.000000,29.000000,30.000000,31.000000,31.000000,31.000000,32.000000,1,1,1,1,1,1,1,0,0,0,0,0,0,0,74,5376.405762,469,0,1,0.621686,0.029999,-0.323628,-3.117000,-0.399000,0.077000,1
4.299767,-9.532000,-54.945999,3.276000,103.694000,27.820999,19.823999,155.024994,0.000000,0.000000,0.000000,0.000000,0.000000,0.000000,0.120000,418.000000,384.000000,84.000000,-2973.000000,-272.000000,-348.000000,-93.000000,22.000000,22.000000,22.000000,22.000000,22.000000,22.000000,22.000000,29.000000,29.000000,30.000000,31.000000,31.000000,31.000000,32.000000,1,1,1,1,1,1,1,0,0,0,0,0,0,0,74,5376.403809,468,0,1,0.623180,0.029999,-0.323628,-3.117000,-0.399000,0.077000,1
4.309770,-9.696000,-54.574001,3.224000,102.913002,27.789000,20.259001,155.139999,0.000000,0.000000,0.000000,0.000000,0.000000,0.000000,0.120000,418.000000,384.000000,84.000000,-2973.000000,-272.000000,-348.000000,-93.000000,22.000000,22.000000,22.000000,22.000000,22.000000,22.000000,22.000000,29.000000,29.000000,30.000000,31.000000,31.000000,31.000000,32.000000,1,1,1,1,1,1,1,0,0,0,0,0,0,0,74,5376.403809,469,0,1,0.625670,0.029999,-0.323628,-3.117000,-0.399000,0.077000,1
4.319694,-9.859000,-54.201000,3.173000,102.126999,27.754999,20.695000,155.257996,0.000000,0.000000,0.000000,0.000000,0.000000,0.000000,0.120000,418.000000,384.000000,84.000000,-2973.000000,-272.000000,-348.000000,-93.000000,22.000000,22.000000,22.000000,22.000000,22.000000,22.000000,22.000000,29.000000,29.000000,30.000000,31.000000,31.000000,31.000000,32.000000,1,1,1,1,1,1,1,0,0,0,0,0,0,0,74,5376.405762,466,0,1,0.628159,0.029999,-0.323628,-3.117000,-0.399000,0.077000,1
4.329734,-10.022000,-53.825001,3.123000,101.336998,27.721001,21.132999,155.378998,0.000000,0.000000,0.000000,0.000000,0.000000,0.000000,0.120000,418.000000,384.000000,84.000000,-2973.000000,-272.000000,-348.000000,-93.000000,22.000000,22.000000,22.000000,22.000000,22.000000,22.000000,22.000000,29.000000,29.000000,30.000000,31.000000,31.000000,31.000000,32.000000,1,1,1,1,1,1,1,0,0,0,0,0,0,0,74,5376.405762,469,0,1,0.630649,0.029999,-0.323628,-3.117000,-0.399000,0.077000,1
4.339776,-10.217000,-53.372002,3.063000,100.384003,27.679001,21.660999,155.529007,0.000000,0.000000,0.000000,0.000000,0.000000,0.000000,0.120000,418.000000,384.000000,84.000000,-2973.000000,-272.000000,-348.000000,-93.000000,22.000000,22.000000,22.000000,22.000000,22.000000,22.000000,22.000000,29.000000,29.000000,30.000000,31.000000,31.000000,31.000000,32.000000,1,1,1,1,1,1,1,0,0,0,0,0,0,0,74,5376.405762,468,0,1,0.633637,0.029999,-0.323628,-3.117000,-0.399000,0.077000,1
4.349722,-10.379000,-52.992001,3.015000,99.584000,27.643000,22.101999,155.656998,0.000000,0.000000,0.000000,0.000000,0.000000,0.000000,0.120000,418.000000,384.000000,84.000000,-2973.000000,-272.000000,-348.000000,-93.000000,22.000000,22.000000,22.000000,22.000000,22.000000,22.000000,22.000000,29.000000,29.000000,30.000000,31.000000,31.000000,31.000000,32.000000,1,1,1,1,1,1,1,0,0,0,0,0,0,0,74,5376.405762,469,0,1,0.636126,0.029999,-0.323628,-3.117000,-0.399000,0.077000,1
4.359741,-10.542000,-52.609001,2.967000,98.778999,27.606001,22.546000,155.787994,0.000000,0.000000,0.000000,0.000000,0.000000,0.000000,0.120000,418.000000,384.000000,84.000000,-2973.000000,-272.000000,-348.000000,-93.000000,22.000000,22.000000,22.000000,22.000000,22.000000,22.000000,22.000000,29.000000,29.000000,30.000000,31.000000,31.000000,31.000000,32.000000,1,1,1,1,1,1,1,0,0,0,0,0,0,0,74,5376.405762,468,0,1,0.638616,0.029999,-0.323628,-3.117000,-0.399000,0.077000,1
4.369863,-10.736000,-52.146999,2.911000,97.806999,27.559999,23.080000,155.949997,0.000000,0.000000,0.000000,0.000000,0.000000,0.000000,0.120000,418.000000,384.000000,84.000000,-2973.000000,-272.000000,-348.000000,-93.000000,22.000000,22.000000,22.000000,22.000000,22.000000,22.000000,22.000000,29.000000,29.000000,30.000000,31.000000,31.000000,31.000000,32.000000,1,1,1,1,1,1,1,0,0,0,0,0,0,0,74,5376.405762,468,0,1,0.641604,0.029999,-0.323628,-3.117000,-0.399000,0.077000,1
4.379769,-10.801000,-51.992001,2.893000,97.481003,27.545000,23.259001,156.005005,0.000000,0.000000,0.000000,0.000000,0.000000,0.000000,0.120000,418.000000,384.000000,84.000000,-2973.000000,-272.000000,-348.000000,-93.000000,22.000000,22.000000,22.000000,22.000000,22.000000,22.000000,22.000000,29.000000,29.000000,30.000000,31.000000,31.000000,31.000000,32.000000,1,1,1,1,1,1,1,0,0,0,0,0,0,0,74,5376.405762,469,0,1,0.642600,0.029999,-0.323628,-3.117000,-0.399000,0.077000,1
4.389811,-10.995000,-51.525002,2.838000,96.499001,27.497000,23.797001,156.173004,0.000000,0.000000,0.000000,0.000000,0.000000,0.000000,0.120000,418.000000,384.000000,84.000000,-2973.000000,-272.000000,-348.000000,-93.000000,22.000000,22.000000,22.000000,22.000000,22.000000,22.000000,22.000000,29.000000,29.000000,30.000000,31.000000,31.000000,31.000000,32.000000,1,1,1,1,1,1,1,0,0,0,0,0,0,0,74,5376.403809,468,0,1,0.645587,0.029999,-0.323628,-3.117000,-0.399000,0.077000,1
4.399779,-11.157000,-51.133999,2.793000,95.674004,27.457001,24.247999,156.317001,0.000000,0.000000,0.000000,0.000000,0.000000,0.000000,0.120000,418.000000,384.000000,84.000000,-2973.000000,-272.000000,-348.000000,-93.000000,22.000000,22.000000,22.000000,22.000000,22.000000,22.000000,22.000000,29.000000,29.000000,30.000000,31.000000,31.000000,31.000000,32.000000,1,1,1,1,1,1,1,0,0,0,0,0,0,0,74,5376.405762,470,0,1,0.648077,0.029999,-0.323628,-3.117000,-0.399000,0.077000,1
4.409746,-11.318000,-50.738998,2.749000,94.845001,27.415001,24.701000,156.464005,0.000000,0.000000,0.000000,0.000000,0.000000,0.000000,0.120000,418.000000,384.000000,84.000000,-2973.000000,-272.000000,-348.000000,-93.000000,22.000000,22.000000,22.000000,22.000000,22.000000,22.000000,22.000000,29.000000,29.000000,30.000000,31.000000,31.000000,31.000000,32.000000,1,1,1,1,1,1,1,0,0,0,0,0,0,0,74,5376.405762,469,0,1,0.650567,0.029999,-0.323628,-3.117000,-0.399000,0.077000,1
4.419811,-11.479000,-50.342999,2.706000,94.010002,27.372999,25.156000,156.613998,0.000000,0.000000,0.000000,0.000000,0.000000,0.000000,0.120000,418.000000,384.000000,84.000000,-2973.000000,-272.000000,-348.000000,-93.000000,22.000000,22.000000,22.000000,22.000000,22.000000,22.000000,22.000000,29.000000,29.000000,30.000000,31.000000,31.000000,31.000000,32.000000,1,1,1,1,1,1,1,0,0,0,0,0,0,0,74,5376.405762,470,0,1,0.653056,0.029999,-0.323628,-3.117000,-0.399000,0.077000,1
4.429754,-11.639000,-49.943001,2.664000,93.167999,27.329000,25.613001,156.766998,0.000000,0.000000,0.000000,0.000000,0.000000,0.000000,0.120000,418.000000,384.000000,84.000000,-2973.000000,-272.000000,-348.000000,-93.000000,22.000000,22.000000,22.000000,22.000000,22.000000,22.000000,22.000000,29.000000,29.000000,30.000000,31.000000,31.000000,31.000000,32.000000,1,1,1,1,1,1,1,0,0,0,0,0,0,0,74,5376.403809,469,0,1,0.655546,0.029999,-0.323628,-3.117000,-0.399000,0.077000,1
4.439770,-11.831000,-49.459999,2.613000,92.151001,27.275000,26.164000,156.955994,0.000000,0.000000,0.000000,0.000000,0.000000,0.000000,0.120000,418.000000,384.000000,84.000000,-2973.000000,-272.000000,-348.000000,-93.000000,22.000000,22.000000,22.000000,22.000000,22.000000,22.000000,22.000000,29.000000,29.000000,30.000000,31.000000,31.000000,31.000000,32.000000,1,1,1,1,1,1,1,0,0,0,0,0,0,0,74,5376.405762,468,0,1,0.658534,0.029999,-0.323628,-3.117000,-0.399000,0.077000,1
4.449814,-11.895000,-49.298000,2.597000,91.809998,27.257000,26.349001,157.020004,0.000000,0.000000,0.000000,0.000000,0.000000,0.000000,0.120000,418.000000,384.000000,84.000000,-2973.000000,-272.000000,-348.000000,-93.000000,22.000000,22.000000,22.000000,22.000000,22.000000,22.000000,22.000000,29.000000,29.000000,30.000000,31.000000,31.000000,31.000000,32.000000,1,1,1,1,1,1,1,0,0,0,0,0,0,0,74,5376.405762,468,0,1,0.659529,0.029999,-0.323628,-3.117000,-0.399000,0.077000,1
4.459792,-12.150000,-48.645000,2.532000,90.435997,27.183001,27.091000,157.279999,0.000000,0.000000,0.000000,0.000000,0.000000,0.000000,0.120000,418.000000,384.000000,84.000000,-2973.000000,-272.000000,-348.000000,-93.000000,22.000000,22.000000,22.000000,22.000000,22.000000,22.000000,22.000000,29.000000,29.000000,30.000000,31.000000,31.000000,31.000000,32.000000,1,1,1,1,1,1,1,0,0,0,0,0,0,0,74,5376.405762,468,0,1,0.663513,0.029999,-0.323628,-3.117000,-0.399000,0.077000,1
4.469839,-12.340000,-48.151001,2.485000,89.394997,27.125000,27.652000,157.481995,0.000000,0.000000,0.000000,0.000000,0.000000,0.000000,0.120000,418.000000,384.000000,84.000000,-2973.000000,-272.000000,-348.000000,-93.000000,22.000000,22.000000,22.000000,22.000000,22.000000,22.000000,22.000000,29.000000,29.000000,30.000000,31.000000,31.000000,31.000000,32.000000,1,1,1,1,1,1,1,0,0,0,0,0,0,0,74,5376.405762,469,0,1,0.666501,0.029999,-0.323628,-3.117000,-0.399000,0.077000,1
4.479745,-12.404000,-47.985001,2.469000,89.045998,27.105000,27.839001,157.550003,0.000000,0.000000,0.000000,0.000000,0.000000,0.000000,0.120000,418.000000,384.000000,84.000000,-2973.000000,-272.000000,-348.000000,-93.000000,22.000000,22.000000,22.000000,22.000000,22.000000,22.000000,22.000000,29.000000,29.000000,30.000000,31.000000,31.000000,31.000000,32.000000,1,1,1,1,1,1,1,0,0,0,0,0,0,0,74,5376.405762,468,0,1,0.667496,0.029999,-0.323628,-3.117000,-0.399000,0.077000,1
4.489742,-12.562000,-47.568001,2.431000,88.167999,27.056000,28.311001,157.722000,0.000000,0.000000,0.000000,0.000000,0.000000,0.000000,0.120000,418.000000,384.000000,84.000000,-2973.000000,-272.000000,-348.000000,-93.000000,22.000000,22.000000,22.000000,22.000000,22.000000,22.000000,22.000000,29.000000,29.000000,30.000000,31.000000,31.000000,31.000000,32.000000,1,1,1,1,1,1,1,0,0,0,0,0,0,0,74,5376.405762,468,0,1,0.669986,0.029999,-0.323628,-3.117000,-0.399000,0.077000,1
4.499793,-12.750000,-47.063999,2.385000,87.105003,26.993999,28.879999,157.934006,0.000000,0.000000,0.000000,0.000000,0.000000,0.000000,0.120000,418.000000,384.000000,84.000000,-2973.000000,-272.000000,-348.000000,-93.000000,22.000000,22.000000,22.000000,22.000000,22.000000,22.000000,22.000000,29.000000,29.000000,30.000000,31.000000,31.000000,31.000000,32.000000,1,1,1,1,1,1,1,0,0,0,0,0,0,0,74,5376.405762,469,0,1,0.672974,0.029999,-0.323628,-3.117000,-0.399000,0.077000,1
4.509815,-12.907000,-46.639999,2.348000,86.210999,26.941999,29.358000,158.113998,0.000000,0.000000,0.000000,0.000000,0.000000,0.000000,0.120000,418.000000,384.000000,84.000000,-2973.000000,-272.000000,-348.000000,-93.000000,22.000000,22.000000,22.000000,22.000000,22.000000,22.000000,22.000000,29.000000,29.000000,30.000000,31.000000,31.000000,31.000000,32.000000,1,1,1,1,1,1,1,0,0,0,0,0,0,0,74,5376.403809,469,0,1,0.675464,0.029999,-0.323628,-3.117000,-0.399000,0.077000,1
4.519805,-13.064000,-46.212002,2.312000,85.309998,26.889000,29.837999,158.296997,0.000000,0.000000,0.000000,0.000000,0.000000,0.000000,0.120000,418.000000,384.000000,84.000000,-2973.000000,-272.000000,-348.000000,-93.000000,22.000000,22.000000,22.000000,22.000000,22.000000,22.000000,22.000000,29.000000,29.000000,30.000000,31.000000,31.000000,31.000000,32.000000,1,1,1,1,1,1,1,0,0,0,0,0,0,0,74,5376.405762,469,0,1,0.677953,0.029999,-0.323628,-3.117000,-0.399000,0.077000,1
4.529748,-13.219000,-45.780998,2.276000,84.400002,26.834999,30.322001,158.483994,0.000000,0.000000,0.000000,0.000000,0.000000,0.000000,0.120000,418.000000,384.000000,84.000000,-2973.000000,-272.000000,-348.000000,-93.000000,22.000000,22.000000,22.000000,22.000000,22.000000,22.000000,22.000000,29.000000,29.000000,30.000000,31.000000,31.000000,31.000000,32.000000,1,1,1,1,1,1,1,0,0,0,0,0,0,0,74,5376.405762,469,0,1,0.680443,0.029999,-0.323628,-3.117000,-0.399000,0.077000,1
4.539801,-13.406000,-45.258999,2.233000,83.299004,26.768000,30.907000,158.712997,0.000000,0.000000,0.000000,0.000000,0.000000,0.000000,0.120000,418.000000,384.000000,84.000000,-2973.000000,-272.000000,-348.000000,-93.000000,22.000000,22.000000,22.000000,22.000000,22.000000,22.000000,22.000000,29.000000,29.000000,30.000000,31.000000,31.000000,31.000000,32.000000,1,1,1,1,1,1,1,0,0,0,0,0,0,0,74,5376.405762,469,0,1,0.683430,0.029999,-0.323628,-3.117000,-0.399000,0.077000,1
4.549790,-13.560000,-44.819000,2.199000,82.372002,26.711000,31.398001,158.906998,0.000000,0.000000,0.000000,0.000000,0.000000,0.000000,0.120000,418.000000,384.000000,84.000000,-2973.000000,-272.000000,-348.000000,-93.000000,22.000000,22.000000,22.000000,22.000000,22.000000,22.000000,22.000000,29.000000,29.000000,30.000000,31.000000,31.000000,31.000000,32.000000,1,1,1,1,1,1,1,0,0,0,0,0,0,0,74,5376.405762,468,0,1,0.685920,0.029999,-0.323628,-3.117000,-0.399000,0.077000,1
4.559832,-13.714000,-44.375999,2.165000,81.435997,26.653000,31.892000,159.104996,0.000000,0.000000,0.000000,0.000000,0.000000,0.000000,0.120000,418.000000,384.000000,84.000000,-2973.000000,-272.000000,-348.000000,-93.000000,22.000000,22.000000,22.000000,22.000000,22.000000,22.000000,22.000000,29.000000,29.000000,30.000000,31.000000,31.000000,31.000000,32.000000,1,1,1,1,1,1,1,0,0,0,0,0,0,0,74,5376.405762,469,0,1,0.688410,0.029999,-0.323628,-3.117000,-0.399000,0.077000,1
4.569889,-13.867000,-43.928001,2.132000,80.490997,26.593000,32.389999,159.307007,0.000000,0.000000,0.000000,0.000000,0.000000,0.000000,0.120000,418.000000,384.000000,84.000000,-2973.000000,-272.000000,-348.000000,-93.000000,22.000000,22.000000,22.000000,22.000000,22.000000,22.000000,22.000000,29.000000,29.000000,30.000000,31.000000,31.000000,31.000000,32.000000,1,1,1,1,1,1,1,0,0,0,0,0,0,0,74,5376.403809,469,0,1,0.690899,0.029999,-0.323628,-3.117000,-0.399000,0.077000,1
4.579854,-14.051000,-43.384998,2.093000,79.344002,26.520000,32.993000,159.554001,0.000000,0.000000,0.000000,0.000000,0.000000,0.000000,0.120000,418.000000,384.000000,84.000000,-2973.000000,-272.000000,-348.000000,-93.000000,22.000000,22.000000,22.000000,22.000000,22.000000,22.000000,22.000000,29.000000,29.000000,30.000000,31.000000,31.000000,31.000000,32.000000,1,1,1,1,1,1,1,0,0,0,0,0,0,0,74,5376.405762,469,0,1,0.693887,0.029999,-0.323628,-3.117000,-0.399000,0.077000,1
4.589855,-14.112000,-43.202000,2.080000,78.959000,26.496000,33.195999,159.636993,0.000000,0.000000,0.000000,0.000000,0.000000,0.000000,0.120000,418.000000,384.000000,84.000000,-2973.000000,-272.000000,-348.000000,-93.000000,22.000000,22.000000,22.000000,22.000000,22.000000,22.000000,22.000000,29.000000,29.000000,30.000000,31.000000,31.000000,31.000000,32.000000,1,1,1,1,1,1,1,0,0,0,0,0,0,0,74,5376.405762,469,0,1,0.694883,0.029999,-0.323628,-3.117000,-0.399000,0.077000,1
4.599813,-14.294000,-42.651001,2.042000,77.793999,26.420000,33.806999,159.891006,0.000000,0.000000,0.000000,0.000000,0.000000,0.000000,0.120000,418.000000,384.000000,84.000000,-2973.000000,-272.000000,-348.000000,-93.000000,22.000000,22.000000,22.000000,22.000000,22.000000,22.000000,22.000000,29.000000,29.000000,30.000000,31.000000,31.000000,31.000000,32.000000,1,1,1,1,1,1,1,0,0,0,0,0,0,0,74,5376.405762,468,0,1,0.697871,0.029999,-0.323628,-3.117000,-0.399000,0.077000,1
4.609840,-14.445000,-42.186001,2.011000,76.811996,26.356001,34.320999,160.106003,0.000000,0.000000,0.000000,0.000000,0.000000,0.000000,0.120000,418.000000,384.000000,84.000000,-2973.000000,-272.000000,-348.000000,-93.000000,22.000000,22.000000,22.000000,22.000000,22.000000,22.000000,22.000000,29.000000,29.000000,30.000000,31.000000,31.000000,31.000000,32.000000,1,1,1,1,1,1,1,0,0,0,0,0,0,0,74,5376.405762,469,0,1,0.700360,0.029999,-0.323628,-3.117000,-0.399000,0.077000,1
4.619781,-14.594000,-41.716999,1.981000,75.821999,26.291000,34.837002,160.324997,0.000000,0.000000,0.000000,0.000000,0.000000,0.000000,0.120000,418.000000,384.000000,84.000000,-2973.000000,-272.000000,-348.000000,-93.000000,22.000000,22.000000,22.000000,22.000000,22.000000,22.000000,22.000000,29.000000,29.000000,30.000000,31.000000,31.000000,31.000000,32.000000,1,1,1,1,1,1,1,0,0,0,0,0,0,0,74,5376.405762,468,0,1,0.702841,0.029999,-0.323628,-3.117000,-0.399000,0.077000,1
4.629727,-14.742000,-41.250000,1.951000,74.833000,26.225000,35.352001,160.544998,0.000000,0.000000,0.000000,0.000000,0.000000,0.000000,0.120000,418.000000,384.000000,84.000000,-2973.000000,-272.000000,-348.000000,-93.000000,22.000000,22.000000,22.000000,22.000000,22.000000,22.000000,22.000000,29.000000,29.000000,30.000000,31.000000,31.000000,31.000000,32.000000,1,1,1,1,1,1,1,0,0,0,0,0,0,0,74,5376.405762,469,0,1,0.705293,0.029999,-0.323628,-3.117000,-0.399000,0.077000,1
4.639793,-14.913000,-40.694000,1.918000,73.657997,26.146000,35.963001,160.809006,0.000000,0.000000,0.000000,0.000000,0.000000,0.000000,0.120000,418.000000,384.000000,84.000000,-2973.000000,-272.000000,-348.000000,-93.000000,22.000000,22.000000,22.000000,22.000000,22.000000,22.000000,22.000000,29.000000,29.000000,30.000000,31.000000,31.000000,31.000000,32.000000,1,1,1,1,1,1,1,0,0,0,0,0,0,0,74,5376.405762,469,0,1,0.708171,0.029999,-0.323628,-3.117000,-0.399000,0.077000,1
4.649758,-15.051000,-40.240002,1.891000,72.696999,26.080000,36.460999,161.026001,0.000000,0.000000,0.000000,0.000000,0.000000,0.000000,0.120000,418.000000,384.000000,84.000000,-2973.000000,-272.000000,-348.000000,-93.000000,22.000000,22.000000,22.000000,22.000000,22.000000,22.000000,22.000000,29.000000,29.000000,30.000000,31.000000,31.000000,31.000000,32.000000,1,1,1,1,1,1,1,0,0,0,0,0,0,0,74,5376.405762,469,0,1,0.710493,0.029999,-0.323628,-3.117000,-0.399000,0.077000,1
4.659759,-15.182000,-39.798000,1.866000,71.763000,26.014000,36.945000,161.238007,0.000000,0.000000,0.000000,0.000000,0.000000,0.000000,0.120000,418.000000,384.000000,84.000000,-2973.000000,-272.000000,-348.000000,-93.000000,22.000000,22.000000,22.000000,22.000000,22.000000,22.000000,22.000000,29.000000,29.000000,30.000000,31.000000,31.000000,31.000000,32.000000,1,1,1,1,1,1,1,0,0,0,0,0,0,0,74,5376.403809,469,0,1,0.712728,0.029999,-0.323628,-3.117000,-0.399000,0.077000,1
4.669836,-15.306000,-39.373001,1.843000,70.862000,25.948999,37.410000,161.445007,0.000000,0.000000,0.000000,0.000000,0.000000,0.000000,0.120000,418.000000,384.000000,84.000000,-2973.000000,-272.000000,-348.000000,-93.000000,22.000000,22.000000,22.000000,22.000000,22.000000,22.000000,22.000000,29.000000,29.000000,30.000000,31.000000,31.000000,31.000000,32.000000,1,1,1,1,1,1,1,0,0,0,0,0,0,0,74,5376.405762,467,0,1,0.714858,0.029999,-0.323628,-3.117000,-0.399000,0.077000,1
4.679784,-15.422000,-38.966000,1.822000,70.001999,25.885000,37.853001,161.643997,0.000000,0.000000,0.000000,0.000000,0.000000,0.000000,0.120000,418.000000,384.000000,84.000000,-2973.000000,-272.000000,-348.000000,-93.000000,22.000000,22.000000,22.000000,22.000000,22.000000,22.000000,22.000000,29.000000,29.000000,30.000000,31.000000,31.000000,31.000000,32.000000,1,1,1,1,1,1,1,0,0,0,0,0,0,0,74,5376.403809,469,0,1,0.716870,0.029999,-0.323628,-3.117000,-0.399000,0.077000,1
4.689733,-15.487000,-38.733002,1.810000,69.509003,25.848000,38.106998,161.759003,0.000000,0.000000,0.000000,0.000000,0.000000,0.000000,0.120000,418.000000,384.000000,84.000000,-2973.000000,-272.000000,-348.000000,-93.000000,22.000000,22.000000,22.000000,22.000000,22.000000,22.000000,22.000000,29.000000,29.000000,30.000000,31.000000,31.000000,31.000000,32.000000,1,1,1,1,1,1,1,0,0,0,0,0,0,0,74,5376.403809,470,0,1,0.718015,0.029999,-0.323628,-3.117000,-0.399000,0.077000,1
4.699754,-15.589000,-38.365002,1.792000,68.727997,25.787001,38.507999,161.942001,0.000000,0.000000,0.000000,0.000000,0.000000,0.000000,0.120000,418.000000,384.000000,84.000000,-2973.000000,-272.000000,-348.000000,-93.000000,22.000000,22.000000,22.000000,22.000000,22.000000,22.000000,22.000000,29.000000,29.000000,30.000000,31.000000,31.000000,31.000000,32.000000,1,1,1,1,1,1,1,0,0,0,0,0,0,0,74,5376.405762,468,0,1,0.719812,0.029999,-0.323628,-3.117000,-0.399000,0.077000,1
4.709766,-15.680000,-38.022999,1.777000,68.003998,25.728001,38.879002,162.113998,0.000000,0.000000,0.000000,0.000000,0.000000,0.000000,0.120000,418.000000,384.000000,84.000000,-2973.000000,-272.000000,-348.000000,-93.000000,22.000000,22.000000,22.000000,22.000000,22.000000,22.000000,22.000000,29.000000,29.000000,30.000000,31.000000,31.000000,31.000000,32.000000,1,1,1,1,1,1,1,0,0,0,0,0,0,0,74,5376.405762,469,0,1,0.721462,0.029999,-0.323628,-3.117000,-0.400000,0.077000,1
4.719682,-15.776000,-37.651001,1.760000,67.216003,25.660000,39.282001,162.302994,0.000000,0.000000,0.000000,0.000000,0.000000,0.000000,0.120000,418.000000,384.000000,84.000000,-2973.000000,-272.000000,-348.000000,-93.000000,22.000000,22.000000,22.000000,22.000000,22.000000,22.000000,22.000000,29.000000,29.000000,30.000000,31.000000,31.000000,31.000000,32.000000,1,1,1,1,1,1,1,0,0,0,0,0,0,0,74,5376.405762,469,0,1,0.723241,0.029999,-0.323628,-3.117000,-0.399000,0.077000,1
4.729754,-15.845000,-37.375000,1.749000,66.629997,25.607000,39.580002,162.445007,0.000000,0.000000,0.000000,0.000000,0.000000,0.000000,0.120000,418.000000,384.000000,84.000000,-2973.000000,-272.000000,-348.000000,-93.000000,22.000000,22.000000,22.000000,22.000000,22.000000,22.000000,22.000000,29.000000,29.000000,30.000000,31.000000,31.000000,31.000000,32.000000,1,1,1,1,1,1,1,0,0,0,0,0,0,0,74,5376.403809,469,0,1,0.724550,0.029999,-0.323628,-3.117000,-0.399000,0.077000,1
4.739778,-15.904000,-37.130001,1.740000,66.112000,25.556000,39.842999,162.572998,0.000000,0.000000,0.000000,0.000000,0.000000,0.000000,0.120000,418.000000,384.000000,84.000000,-2973.000000,-272.000000,-348.000000,-93.000000,22.000000,22.000000,22.000000,22.000000,22.000000,22.000000,22.000000,29.000000,29.000000,30.000000,31.000000,31.000000,31.000000,32.000000,1,1,1,1,1,1,1,0,0,0,0,0,0,0,74,5376.403809,469,0,1,0.725700,0.029999,-0.323627,-3.117000,-0.400000,0.077000,1
4.749765,-15.952000,-36.917999,1.733000,65.662003,25.507999,40.070000,162.686996,0.000000,0.000000,0.000000,0.000000,0.000000,0.000000,0.120000,418.000000,384.000000,84.000000,-2973.000000,-272.000000,-348.000000,-93.000000,22.000000,22.000000,22.000000,22.000000,22.000000,22.000000,22.000000,29.000000,29.000000,30.000000,31.000000,31.000000,31.000000,32.000000,1,1,1,1,1,1,1,0,0,0,0,0,0,0,74,5376.405762,469,0,1,0.726693,0.029999,-0.323628,-3.117000,-0.399000,0.076000,1
4.759763,-15.996000,-36.705002,1.727000,65.210999,25.454000,40.298000,162.804001,0.000000,0.000000,0.000000,0.000000,0.000000,0.000000,0.120000,418.000000,384.000000,84.000000,-2973.000000,-272.000000,-348.000000,-93.000000,22.000000,22.000000,22.000000,22.000000,22.000000,22.000000,22.000000,29.000000,29.000000,30.000000,31.000000,31.000000,31.000000,32.000000,1,1,1,1,1,1,1,0,0,0,0,0,0,0,74,5376.403809,469,0,1,0.727683,0.029999,-0.323628,-3.117000,-0.399000,0.077000,1
4.769840,-16.023001,-36.561001,1.724000,64.905998,25.413000,40.450001,162.886002,0.000000,0.000000,0.000000,0.000000,0.000000,0.000000,0.120000,418.000000,384.000000,84.000000,-2973.000000,-272.000000,-348.000000,-93.000000,22.000000,22.000000,22.000000,22.000000,22.000000,22.000000,22.000000,29.000000,29.000000,30.000000,31.000000,31.000000,31.000000,32.000000,1,1,1,1,1,1,1,0,0,0,0,0,0,0,74,5376.403809,469,0,1,0.728348,0.029999,-0.323628,-3.117000,-0.399000,0.076000,1
4.779800,-16.041000,-36.445999,1.722000,64.662003,25.372999,40.570999,162.955002,0.000000,0.000000,0.000000,0.000000,0.000000,0.000000,0.120000,418.000000,384.000000,84.000000,-2973.000000,-272.000000,-348.000000,-93.000000,22.000000,22.000000,22.000000,22.000000,22.000000,22.000000,22.000000,29.000000,29.000000,30.000000,31.000000,31.000000,31.000000,32.000000,1,1,1,1,1,1,1,0,0,0,0,0,0,0,74,5376.403809,468,0,1,0.728878,0.029999,-0.323628,-3.117000,-0.399000,0.076000,1
4.789795,-16.051001,-36.356998,1.722000,64.473999,25.337000,40.662998,163.011993,0.000000,0.000000,0.000000,0.000000,0.000000,0.000000,0.120000,418.000000,384.000000,84.000000,-2973.000000,-272.000000,-348.000000,-93.000000,22.000000,22.000000,22.000000,22.000000,22.000000,22.000000,22.000000,29.000000,29.000000,30.000000,31.000000,31.000000,31.000000,32.000000,1,1,1,1,1,1,1,0,0,0,0,0,0,0,74,5376.405762,469,0,1,0.729284,0.029999,-0.323628,-3.117000,-0.400000,0.076000,1
4.799781,-16.054001,-36.292000,1.723000,64.336998,25.302000,40.729000,163.057999,0.000000,0.000000,0.000000,0.000000,0.000000,0.000000,0.120000,418.000000,384.000000,84.000000,-2973.000000,-272.000000,-348.000000,-93.000000,22.000000,22.000000,22.000000,22.000000,22.000000,22.000000,22.000000,29.000000,29.000000,30.000000,31.000000,31.000000,31.000000,32.000000,1,1,1,1,1,1,1,0,0,0,0,0,0,0,74,5376.405762,468,0,1,0.729580,0.029999,-0.323628,-3.117000,-0.399000,0.076000,1
4.809737,-16.052000,-36.264000,1.724000,64.277000,25.283001,40.757000,163.080994,0.000000,0.000000,0.000000,0.000000,0.000000,0.000000,0.120000,418.000000,384.000000,84.000000,-2973.000000,-272.000000,-348.000000,-93.000000,22.000000,22.000000,22.000000,22.000000,22.000000,22.000000,22.000000,29.000000,29.000000,30.000000,31.000000,31.000000,31.000000,32.000000,1,1,1,1,1,1,1,0,0,0,0,0,0,0,74,5376.405762,468,0,1,0.729711,0.029999,-0.323628,-3.117000,-0.400000,0.077000,1
4.819728,-16.046000,-36.230000,1.727000,64.206001,25.250999,40.789001,163.112000,0.000000,0.000000,0.000000,0.000000,0.000000,0.000000,0.120000,418.000000,384.000000,84.000000,-2973.000000,-272.000000,-348.000000,-93.000000,22.000000,22.000000,22.000000,22.000000,22.000000,22.000000,22.000000,29.000000,29.000000,30.000000,31.000000,31.000000,31.000000,32.000000,1,1,1,1,1,1,1,0,0,0,0,0,0,0,74,5376.403809,468,0,1,0.729864,0.030000,-0.323628,-3.116000,-0.399000,0.076000,1
4.829778,-16.033001,-36.208000,1.732000,64.161003,25.215000,40.806000,163.141006,0.000000,0.000000,0.000000,0.000000,0.000000,0.000000,0.120000,418.000000,384.000000,84.000000,-2973.000000,-272.000000,-348.000000,-93.000000,22.000000,22.000000,22.000000,22.000000,22.000000,22.000000,22.000000,29.000000,29.000000,30.000000,31.000000,31.000000,31.000000,32.000000,1,1,1,1,1,1,1,0,0,0,0,0,0,0,74,5376.403809,469,0,1,0.729961,0.029999,-0.323628,-3.117000,-0.400000,0.077000,1
4.839731,-16.018999,-36.201000,1.736000,64.146004,25.186001,40.808998,163.160004,0.000000,0.000000,0.000000,0.000000,0.000000,0.000000,0.120000,418.000000,384.000000,84.000000,-2973.000000,-272.000000,-348.000000,-93.000000,22.000000,22.000000,22.000000,22.000000,22.000000,22.000000,22.000000,29.000000,29.000000,30.000000,31.000000,31.000000,31.000000,32.000000,1,1,1,1,1,1,1,0,0,0,0,0,0,0,74,5376.403809,468,0,1,0.729992,0.029999,-0.323628,-3.117000,-0.400000,0.077000,1
4.849804,-16.004000,-36.200001,1.740000,64.142998,25.158001,40.805000,163.177002,0.000000,0.000000,0.000000,0.000000,0.000000,0.000000,0.120000,418.000000,384.000000,84.000000,-2973.000000,-272.000000,-348.000000,-93.000000,22.000000,22.000000,22.000000,22.000000,22.000000,22.000000,22.000000,29.000000,29.000000,30.000000,31.000000,31.000000,31.000000,32.000000,1,1,1,1,1,1,1,0,0,0,0,0,0,0,74,5376.403809,468,0,1,0.729999,0.029999,-0.323628,-3.117000,-0.399000,0.076000,1
4.859791,-16.000000,-36.199001,1.741000,64.142998,25.153000,40.804001,163.179993,0.000000,0.000000,0.000000,0.000000,0.000000,0.000000,-0.120000,379.000000,356.000000,123.000000,-2981.000000,-258.000000,-354.000000,-87.000000,22.000000,22.000000,22.000000,22.000000,22.000000,22.000000,22.000000,29.000000,29.000000,30.000000,31.000000,31.000000,31.000000,32.000000,1,1,1,1,1,1,1,0,0,0,0,0,0,0,74,5376.405762,470,0,1,0.729999,0.030000,-0.323627,-3.117000,-0.400000,0.076000,0
4.869801,-16.000000,-36.199001,1.741000,64.142998,25.153000,40.804001,163.179993,0.000000,0.000000,0.000000,0.000000,0.000000,0.000000,0.000000,383.000000,353.000000,120.000000,-2989.000000,-256.000000,-360.000000,-85.000000,22.000000,22.000000,22.000000,22.000000,22.000000,22.000000,22.000000,29.000000,29.000000,30.000000,31.000000,31.000000,31.000000,32.000000,1,1,1,1,1,1,1,0,0,0,0,0,0,0,74,5376.402832,469,0,1,0.729999,0.030000,-0.323627,-3.117000,-0.400000,0.076000,0
4.879726,-16.000000,-36.199001,1.741000,64.142998,25.153000,40.804001,163.179993,0.000000,0.000000,0.000000,0.000000,0.000000,0.000000,0.240000,372.000000,346.000000,128.000000,-2989.000000,-256.000000,-360.000000,-87.000000,22.000000,22.000000,22.000000,22.000000,22.000000,22.000000,22.000000,29.000000,29.000000,30.000000,31.000000,31.000000,31.000000,32.000000,1,1,1,1,1,1,1,0,0,0,0,0,0,0,74,5376.403809,468,0,1,0.729999,0.030000,-0.323627,-3.117000,-0.400000,0.076000,0
4.889828,-16.000000,-36.199001,1.741000,64.142998,25.153000,40.804001,163.179993,0.000000,0.000000,0.000000,0.000000,0.000000,0.000000,-0.240000,382.000000,350.000000,130.000000,-2980.000000,-258.000000,-357.000000,-94.000000,22.000000,22.000000,22.000000,22.000000,22.000000,22.000000,22.000000,29.000000,29.000000,30.000000,31.000000,31.000000,31.000000,32.000000,1,1,1,1,1,1,1,0,0,0,0,0,0,0,74,5376.403809,468,0,1,0.729999,0.030000,-0.323627,-3.117000,-0.400000,0.076000,0
4.899868,-16.000000,-36.199001,1.741000,64.142998,25.153000,40.804001,163.179993,0.000000,0.000000,0.000000,0.000000,0.000000,0.000000,0.000000,382.000000,351.000000,133.000000,-2984.000000,-268.000000,-357.000000,-81.000000,22.000000,22.000000,22.000000,22.000000,22.000000,22.000000,22.000000,29.000000,29.000000,30.000000,31.000000,31.000000,31.000000,32.000000,1,1,1,1,1,1,1,0,0,0,0,0,0,0,74,5376.403809,468,0,1,0.729999,0.030000,-0.323627,-3.117000,-0.400000,0.076000,0
4.909876,-16.000000,-36.199001,1.741000,64.142998,25.153000,40.804001,163.179993,0.000000,0.000000,0.000000,0.000000,0.000000,0.000000,0.000000,380.000000,360.000000,122.000000,-2984.000000,-259.000000,-356.000000,-92.000000,22.000000,22.000000,22.000000,22.000000,22.000000,22.000000,22.000000,29.000000,29.000000,30.000000,31.000000,31.000000,31.000000,32.000000,1,1,1,1,1,1,1,0,0,0,0,0,0,0,74,5376.403809,470,0,1,0.729999,0.030000,-0.323627,-3.117000,-0.400000,0.076000,0
4.919822,-16.000000,-36.199001,1.741000,64.142998,25.153000,40.804001,163.179993,0.000000,0.000000,0.000000,0.000000,0.000000,0.000000,0.000000,374.000000,355.000000,136.000000,-2973.000000,-269.000000,-355.000000,-83.000000,22.000000,22.000000,22.000000,22.000000,22.000000,22.000000,22.000000,29.000000,29.000000,30.000000,31.000000,31.000000,31.000000,32.000000,1,1,1,1,1,1,1,0,0,0,0,0,0,0,74,5376.402832,468,0,1,0.729999,0.030000,-0.323627,-3.117000,-0.400000,0.076000,0
4.929829,-16.000000,-36.199001,1.741000,64.142998,25.153000,40.804001,163.179993,0.000000,0.000000,-0.120000,0.000000,0.000000,0.000000,-0.120000,376.000000,361.000000,102.000000,-2977.000000,-261.000000,-350.000000,-81.000000,22.000000,22.000000,22.000000,22.000000,22.000000,22.000000,22.000000,29.000000,29.000000,30.000000,31.000000,31.000000,31.000000,32.000000,1,1,1,1,1,1,1,0,0,0,0,0,0,0,74,5376.403809,470,0,1,0.729999,0.030000,-0.323627,-3.117000,-0.400000,0.076000,0
4.939866,-16.000000,-36.199001,1.741000,64.142998,25.153000,40.804001,163.179993,0.000000,0.000000,0.000000,0.000000,0.000000,0.000000,-0.120000,377.000000,364.000000,126.000000,-2999.000000,-262.000000,-355.000000,-81.000000,22.000000,22.000000,22.000000,22.000000,22.000000,22.000000,22.000000,29.000000,29.000000,30.000000,31.000000,31.000000,31.000000,32.000000,1,1,1,1,1,1,1,0,0,0,0,0,0,0,74,5376.403809,468,0,1,0.729999,0.030000,-0.323627,-3.117000,-0.400000,0.076000,0
4.949810,-16.000000,-36.199001,1.741000,64.142998,25.153000,40.804001,163.179993,0.000000,0.000000,0.000000,0.000000,0.000000,0.000000,0.000000,377.000000,355.000000,113.000000,-2988.000000,-262.000000,-356.000000,-86.000000,22.000000,22.000000,22.000000,22.000000,22.000000,22.000000,22.000000,29.000000,29.000000,30.000000,31.000000,31.000000,31.000000,32.000000,1,1,1,1,1,1,1,0,0,0,0,0,0,0,74,5376.402832,469,0,1,0.729999,0.030000,-0.323627,-3.117000,-0.400000,0.076000,0
4.959847,-16.000000,-36.199001,1.741000,64.142998,25.153000,40.804001,163.179993,0.000000,0.000000,0.000000,0.000000,0.000000,0.000000,0.240000,385.000000,354.000000,137.000000,-2988.000000,-261.000000,-357.000000,-88.000000,22.000000,22.000000,22.000000,22.000000,22.000000,22.000000,22.000000,29.000000,29.000000,30.000000,31.000000,31.000000,31.000000,32.000000,1,1,1,1,1,1,1,0,0,0,0,0,0,0,74,5376.403809,469,0,1,0.729999,0.030000,-0.323627,-3.117000,-0.400000,0.076000,0
4.969865,-16.000000,-36.199001,1.741000,64.142998,25.153000,40.804001,163.179993,0.000000,0.000000,0.000000,0.000000,0.000000,0.000000,0.000000,385.000000,350.000000,114.000000,-3004.000000,-261.000000,-360.000000,-85.000000,22.000000,22.000000,22.000000,22.000000,22.000000,22.000000,22.000000,29.000000,29.000000,30.000000,31.000000,31.000000,31.000000,32.000000,1,1,1,1,1,1,1,0,0,0,0,0,0,0,74,5376.403809,470,0,1,0.729999,0.030000,-0.323627,-3.117000,-0.400000,0.076000,0
4.979862,-16.000000,-36.199001,1.741000,64.142998,25.153000,40.804001,163.179993,0.000000,0.000000,0.000000,0.000000,0.000000,0.000000,0.240000,381.000000,355.000000,138.000000,-3007.000000,-260.000000,-358.000000,-86.000000,22.000000,22.000000,22.000000,22.000000,22.000000,22.000000,22.000000,29.000000,29.000000,30.000000,31.000000,31.000000,31.000000,32.000000,1,1,1,1,1,1,1,0,0,0,0,0,0,0,74,5376.403809,469,0,1,0.729999,0.030000,-0.323627,-3.117000,-0.400000,0.076000,0
4.989850,-16.000000,-36.199001,1.741000,64.142998,25.153000,40.804001,163.179993,0.000000,0.000000,0.000000,0.000000,0.000000,0.000000,-0.120000,383.000000,364.000000,123.000000,-2984.000000,-261.000000,-355.000000,-93.000000,22.000000,22.000000,22.000000,22.000000,22.000000,22.000000,22.000000,29.000000,29.000000,30.000000,31.000000,31.000000,31.000000,32.000000,1,1,1,1,1,1,1,0,0,0,0,0,0,0,74,5376.405762,467,0,1,0.729999,0.030000,-0.323627,-3.117000,-0.400000,0.076000,0
4.999869,-16.000000,-36.199001,1.741000,64.142998,25.153000,40.804001,163.179993,0.000000,0.000000,0.000000,0.000000,0.000000,0.000000,0.000000,381.000000,356.000000,114.000000,-2999.000000,-261.000000,-354.000000,-78.000000,22.000000,22.000000,22.000000,22.000000,22.000000,22.000000,22.000000,29.000000,29.000000,30.000000,31.000000,31.000000,31.000000,32.000000,1,1,1,1,1,1,1,0,0,0,0,0,0,0,74,5376.405762,468,0,1,0.729999,0.030000,-0.323627,-3.117000,-0.400000,0.076000,0
5.009819,-16.000000,-36.199001,1.741000,64.142998,25.153000,40.804001,163.179993,0.000000,0.000000,0.000000,0.000000,0.000000,0.000000,0.000000,375.000000,370.000000,121.000000,-3005.000000,-258.000000,-356.000000,-90.000000,22.000000,22.000000,22.000000,22.000000,22.000000,22.000000,22.000000,29.000000,29.000000,30.000000,31.000000,31.000000,31.000000,32.000000,1,1,1,1,1,1,1,0,0,0,0,0,0,0,74,5376.405762,468,0,1,0.729999,0.030000,-0.323627,-3.117000,-0.400000,0.076000,0
5.019836,-16.000000,-36.199001,1.741000,64.142998,25.153000,40.804001,163.179993,0.000000,0.000000,0.000000,0.000000,0.000000,0.000000,0.240000,383.000000,369.000000,121.000000,-3002.000000,-261.000000,-354.000000,-93.000000,22.000000,22.000000,22.000000,22.000000,22.000000,22.000000,22.000000,29.000000,29.000000,30.000000,31.000000,31.000000,31.000000,32.000000,1,1,1,1,1,1,1,0,0,0,0,0,0,0,74,5376.403809,468,0,1,0.729999,0.030000,-0.323627,-3.117000,-0.400000,0.076000,0
5.029787,-16.000000,-36.199001,1.741000,64.142998,25.153000,40.804001,163.179993,0.000000,0.000000,0.000000,0.000000,0.000000,0.000000,0.000000,386.000000,366.000000,144.000000,-3005.000000,-260.000000,-357.000000,-97.000000,22.000000,22.000000,22.000000,22.000000,22.000000,22.000000,22.000000,29.000000,29.000000,30.000000,31.000000,31.000000,31.000000,32.000000,1,1,1,1,1,1,1,0,0,0,0,0,0,0,74,5376.403809,470,0,1,0.729999,0.030000,-0.323627,-3.117000,-0.400000,0.076000,0
5.039881,-16.000000,-36.199001,1.741000,64.142998,25.153000,40.804001,163.179993,0.000000,0.000000,0.000000,0.000000,0.000000,0.000000,0.000000,384.000000,366.000000,123.000000,-3005.000000,-263.000000,-352.000000,-89.000000,22.000000,22.000000,22.000000,22.000000,22.000000,22.000000,22.000000,29.000000,29.000000,30.000000,31.000000,31.000000,31.000000,32.000000,1,1,1,1,1,1,1,0,0,0,0,0,0,0,74,5376.405762,468,0,1,0.729999,0.030000,-0.323627,-3.117000,-0.400000,0.076000,0
5.049810,-16.000000,-36.199001,1.741000,64.142998,25.153000,40.804001,163.179993,0.000000,0.000000,0.000000,0.000000,0.000000,0.000000,0.000000,385.000000,368.000000,133.000000,-2992.000000,-261.000000,-355.000000,-94.000000,22.000000,22.000000,22.000000,22.000000,22.000000,22.000000,22.000000,29.000000,29.000000,30.000000,31.000000,31.000000,31.000000,32.000000,1,1,1,1,1,1,1,0,0,0,0,0,0,0,74,5376.403809,470,0,1,0.729999,0.030000,-0.323627,-3.117000,-0.400000,0.076000,0
