t_mono,position1,position2,position3,position4,position5,position6,position7,speed1,speed2,speed3,speed4,speed5,speed6,speed7,current1,current2,current3,current4,current5,current6,current7,voltage1,voltage2,voltage3,voltage4,voltage5,voltage6,voltage7,temperature1,temperature2,temperature3,temperature4,temperature5,temperature6,temperature7,en1,en2,en3,en4,en5,en6,en7,err1,err2,err3,err4,err5,err6,err7,lift_height,lift_pos,lift_current,lift_err,lift_en,tcp_x,tcp_y,tcp_z,tcp_rx,tcp_ry,tcp_rz,arm_status
0.303747,-3.052000,-69.643997,7.458000,134.511993,22.489000,2.121000,160.070999,0.000000,0.000000,0.000000,0.000000,0.000000,0.000000,0.000000,480.000000,-842.000000,-402.000000,-616.000000,325.000000,-385.000000,133.000000,22.000000,22.000000,22.000000,22.000000,22.000000,22.000000,22.000000,37.000000,36.000000,37.000000,38.000000,39.000000,40.000000,43.000000,1,1,1,1,1,1,1,0,0,0,0,0,0,0,74,5376.536133,836,0,1,0.515000,0.032000,-0.323627,-3.117000,-0.399000,0.076000,0
0.313780,-3.052000,-69.643997,7.458000,134.511993,22.489000,2.121000,160.070999,0.000000,0.000000,0.000000,0.000000,0.000000,0.000000,0.000000,478.000000,-843.000000,-407.000000,-611.000000,322.000000,-375.000000,131.000000,22.000000,22.000000,22.000000,22.000000,22.000000,22.000000,22.000000,37.000000,36.000000,37.000000,38.000000,39.000000,40.000000,43.000000,1,1,1,1,1,1,1,0,0,0,0,0,0,0,74,5376.536133,836,0,1,0.515000,0.032000,-0.323627,-3.117000,-0.399000,0.076000,0
0.323675,-3.052000,-69.643997,7.458000,134.511993,22.489000,2.121000,160.070999,0.000000,0.000000,0.000000,0.000000,0.000000,0.000000,-0.120000,485.000000,-846.000000,-395.000000,-610.000000,321.000000,-382.000000,139.000000,22.000000,22.000000,22.000000,22.000000,22.000000,22.000000,22.000000,37.000000,36.000000,37.000000,38.000000,39.000000,40.000000,43.000000,1,1,1,1,1,1,1,0,0,0,0,0,0,0,74,5376.537109,837,0,1,0.515000,0.032000,-0.323627,-3.117000,-0.399000,0.076000,0
0.333667,-3.052000,-69.643997,7.458000,134.511993,22.489000,2.121000,160.070999,0.000000,0.000000,0.000000,0.000000,0.000000,0.000000,0.360000,475.000000,-848.000000,-411.000000,-632.000000,325.000000,-384.000000,131.000000,22.000000,22.000000,22.000000,22.000000,22.000000,22.000000,22.000000,37.000000,36.000000,37.000000,38.000000,39.000000,40.000000,43.000000,1,1,1,1,1,1,1,0,0,0,0,0,0,0,74,5376.536133,837,0,1,0.515000,0.032000,-0.323627,-3.117000,-0.399000,0.076000,0
0.343722,-3.052000,-69.643997,7.458000,134.511993,22.489000,2.121000,160.070999,0.000000,0.000000,0.000000,0.000000,0.000000,0.000000,0.000000,463.000000,-850.000000,-414.000000,-621.000000,319.000000,-378.000000,137.000000,22.000000,22.000000,22.000000,22.000000,22.000000,22.000000,22.000000,37.000000,36.000000,37.000000,38.000000,39.000000,40.000000,43.000000,1,1,1,1,1,1,1,0,0,0,0,0,0,0,74,5376.536133,837,0,1,0.515000,0.032000,-0.323627,-3.117000,-0.399000,0.076000,0
0.353663,-3.052000,-69.643997,7.458000,134.511993,22.489000,2.121000,160.070999,0.000000,0.000000,0.000000,0.000000,0.000000,0.000000,0.000000,466.000000,-859.000000,-427.000000,-623.000000,322.000000,-377.000000,133.000000,22.000000,22.000000,22.000000,22.000000,22.000000,22.000000,22.000000,37.000000,36.000000,37.000000,38.000000,39.000000,40.000000,43.000000,1,1,1,1,1,1,1,0,0,0,0,0,0,0,74,5376.537109,836,0,1,0.515000,0.032000,-0.323627,-3.117000,-0.399000,0.076000,0
0.363658,-3.052000,-69.643997,7.458000,134.511993,22.489000,2.121000,160.070999,0.000000,0.000000,0.000000,0.000000,0.000000,0.000000,0.360000,470.000000,-861.000000,-416.000000,-652.000000,322.000000,-380.000000,149.000000,22.000000,22.000000,22.000000,22.000000,22.000000,22.000000,22.000000,37.000000,36.000000,37.000000,38.000000,39.000000,40.000000,43.000000,1,1,1,1,1,1,1,0,0,0,0,0,0,0,74,5376.536133,836,0,1,0.515000,0.032000,-0.323627,-3.117000,-0.399000,0.076000,0
0.374440,-3.052000,-69.643997,7.458000,134.511993,22.489000,2.121000,160.070999,0.000000,0.000000,0.000000,0.000000,0.000000,0.000000,0.000000,471.000000,-858.000000,-412.000000,-623.000000,330.000000,-385.000000,135.000000,22.000000,22.000000,22.000000,22.000000,22.000000,22.000000,22.000000,37.000000,36.000000,37.000000,38.000000,39.000000,40.000000,43.000000,1,1,1,1,1,1,1,0,0,0,0,0,0,0,74,5376.537109,836,0,1,0.515000,0.032000,-0.323627,-3.117000,-0.399000,0.076000,0
0.383631,-3.052000,-69.643997,7.458000,134.511993,22.489000,2.121000,160.070999,0.000000,0.000000,0.000000,0.000000,0.000000,0.000000,0.000000,473.000000,-856.000000,-419.000000,-633.000000,315.000000,-384.000000,145.000000,22.000000,22.000000,22.000000,22.000000,22.000000,22.000000,22.000000,37.000000,36.000000,37.000000,38.000000,39.000000,40.000000,43.000000,1,1,1,1,1,1,1,0,0,0,0,0,0,0,74,5376.536133,837,0,1,0.515000,0.032000,-0.323627,-3.117000,-0.399000,0.076000,0
0.394255,-3.052000,-69.643997,7.458000,134.511993,22.489000,2.121000,160.070999,0.000000,0.000000,0.000000,0.000000,0.000000,0.000000,0.360000,476.000000,-853.000000,-408.000000,-633.000000,322.000000,-380.000000,140.000000,22.000000,22.000000,22.000000,22.000000,22.000000,22.000000,22.000000,37.000000,36.000000,37.000000,38.000000,39.000000,40.000000,43.000000,1,1,1,1,1,1,1,0,0,0,0,0,0,0,74,5376.536133,835,0,1,0.515000,0.032000,-0.323627,-3.117000,-0.399000,0.076000,0
0.403761,-3.052000,-69.643997,7.458000,134.511993,22.489000,2.121000,160.070999,0.000000,0.000000,0.000000,0.000000,0.000000,0.000000,0.000000,472.000000,-859.000000,-411.000000,-630.000000,320.000000,-388.000000,141.000000,22.000000,22.000000,22.000000,22.000000,22.000000,22.000000,22.000000,37.000000,36.000000,37.000000,38.000000,39.000000,40.000000,43.000000,1,1,1,1,1,1,1,0,0,0,0,0,0,0,74,5376.536133,837,0,1,0.515000,0.032000,-0.323627,-3.117000,-0.399000,0.076000,0
0.413654,-3.052000,-69.643997,7.458000,134.511993,22.489000,2.121000,160.070999,0.000000,0.000000,0.000000,0.000000,0.000000,0.000000,0.000000,470.000000,-857.000000,-409.000000,-626.000000,327.000000,-379.000000,138.000000,22.000000,22.000000,22.000000,22.000000,22.000000,22.000000,22.000000,37.000000,36.000000,37.000000,38.000000,39.000000,40.000000,43.000000,1,1,1,1,1,1,1,0,0,0,0,0,0,0,74,5376.536133,838,0,1,0.515000,0.032000,-0.323627,-3.117000,-0.399000,0.076000,0
0.423935,-3.052000,-69.643997,7.458000,134.511993,22.489000,2.121000,160.070999,0.000000,0.000000,0.000000,0.000000,0.000000,0.000000,0.000000,471.000000,-869.000000,-405.000000,-637.000000,324.000000,-389.000000,139.000000,22.000000,22.000000,22.000000,22.000000,22.000000,22.000000,22.000000,37.000000,36.000000,37.000000,38.000000,39.000000,40.000000,43.000000,1,1,1,1,1,1,1,0,0,0,0,0,0,0,74,5376.536133,836,0,1,0.515000,0.032000,-0.323627,-3.117000,-0.399000,0.076000,0
0.433727,-3.052000,-69.643997,7.458000,134.511993,22.489000,2.121000,160.070999,0.000000,0.000000,0.000000,0.000000,0.000000,0.000000,0.000000,459.000000,-857.000000,-418.000000,-630.000000,321.000000,-384.000000,141.000000,22.000000,22.000000,22.000000,22.000000,22.000000,22.000000,22.000000,37.000000,36.000000,37.000000,38.000000,39.000000,40.000000,43.000000,1,1,1,1,1,1,1,0,0,0,0,0,0,0,74,5376.537109,836,0,1,0.515000,0.032000,-0.323627,-3.117000,-0.399000,0.076000,0
0.443737,-3.052000,-69.643997,7.458000,134.511993,22.489000,2.121000,160.070999,0.000000,0.000000,0.000000,0.000000,0.000000,0.000000,0.120000,467.000000,-872.000000,-403.000000,-623.000000,323.000000,-386.000000,145.000000,22.000000,22.000000,22.000000,22.000000,22.000000,22.000000,22.000000,37.000000,36.000000,37.000000,38.000000,39.000000,40.000000,43.000000,1,1,1,1,1,1,1,0,0,0,0,0,0,0,74,5376.536133,837,0,1,0.515000,0.032000,-0.323627,-3.117000,-0.399000,0.076000,0
0.453704,-3.052000,-69.643997,7.458000,134.511993,22.489000,2.121000,160.070999,0.000000,0.000000,0.000000,0.000000,0.000000,0.000000,0.000000,465.000000,-868.000000,-403.000000,-626.000000,321.000000,-384.000000,131.000000,22.000000,22.000000,22.000000,22.000000,22.000000,22.000000,22.000000,37.000000,36.000000,37.000000,38.000000,39.000000,40.000000,43.000000,1,1,1,1,1,1,1,0,0,0,0,0,0,0,74,5376.536133,837,0,1,0.515000,0.032000,-0.323627,-3.117000,-0.399000,0.076000,0
0.463706,-3.052000,-69.643997,7.458000,134.511993,22.489000,2.121000,160.070999,0.000000,0.000000,0.000000,0.000000,0.000000,0.000000,0.000000,473.000000,-867.000000,-396.000000,-619.000000,319.000000,-378.000000,149.000000,22.000000,22.000000,22.000000,22.000000,22.000000,22.000000,22.000000,37.000000,36.000000,37.000000,38.000000,39.000000,40.000000,43.000000,1,1,1,1,1,1,1,0,0,0,0,0,0,0,74,5376.537109,837,0,1,0.515000,0.032000,-0.323627,-3.117000,-0.399000,0.076000,0
0.473709,-3.052000,-69.643997,7.458000,134.511993,22.489000,2.121000,160.070999,0.000000,0.000000,0.000000,0.000000,0.000000,0.000000,0.000000,467.000000,-871.000000,-405.000000,-617.000000,320.000000,-383.000000,139.000000,22.000000,22.000000,22.000000,22.000000,22.000000,22.000000,22.000000,37.000000,36.000000,37.000000,38.000000,39.000000,40.000000,43.000000,1,1,1,1,1,1,1,0,0,0,0,0,0,0,74,5376.536133,839,0,1,0.515000,0.032000,-0.323627,-3.117000,-0.399000,0.076000,0
0.483702,-3.052000,-69.643997,7.458000,134.511993,22.489000,2.121000,160.070999,0.000000,0.000000,0.000000,0.000000,0.000000,0.000000,0.120000,469.000000,-862.000000,-412.000000,-619.000000,321.000000,-391.000000,137.000000,22.000000,22.000000,22.000000,22.000000,22.000000,22.000000,22.000000,37.000000,36.000000,37.000000,38.000000,39.000000,40.000000,43.000000,1,1,1,1,1,1,1,0,0,0,0,0,0,0,74,5376.536133,836,0,1,0.515000,0.032000,-0.323627,-3.117000,-0.399000,0.076000,0
0.493709,-3.052000,-69.643997,7.458000,134.511993,22.489000,2.121000,160.070999,0.000000,0.000000,0.000000,0.000000,0.000000,0.000000,0.000000,472.000000,-870.000000,-412.000000,-614.000000,323.000000,-384.000000,140.000000,22.000000,22.000000,22.000000,22.000000,22.000000,22.000000,22.000000,37.000000,36.000000,37.000000,38.000000,39.000000,40.000000,43.000000,1,1,1,1,1,1,1,0,0,0,0,0,0,0,74,5376.536133,837,0,1,0.515000,0.032000,-0.323627,-3.117000,-0.399000,0.076000,0
0.503802,-3.052000,-69.643997,7.458000,134.511993,22.489000,2.121000,160.070999,0.000000,0.000000,0.000000,0.000000,0.000000,0.000000,0.000000,471.000000,-859.000000,-410.000000,-620.000000,320.000000,-387.000000,132.000000,22.000000,22.000000,22.000000,22.000000,22.000000,22.000000,22.000000,37.000000,36.000000,37.000000,38.000000,39.000000,40.000000,43.000000,1,1,1,1,1,1,1,0,0,0,0,0,0,0,74,5376.536133,835,0,1,0.515000,0.032000,-0.323627,-3.117000,-0.399000,0.076000,0
0.513678,-3.052000,-69.643997,7.458000,134.511993,22.489000,2.121000,160.070999,0.000000,0.000000,0.000000,0.000000,0.000000,0.000000,0.000000,468.000000,-863.000000,-397.000000,-620.000000,319.000000,-387.000000,141.000000,22.000000,22.000000,22.000000,22.000000,22.000000,22.000000,22.000000,37.000000,36.000000,37.000000,38.000000,39.000000,40.000000,43.000000,1,1,1,1,1,1,1,0,0,0,0,0,0,0,74,5376.536133,836,0,1,0.515000,0.032000,-0.323627,-3.117000,-0.399000,0.076000,0
0.523704,-3.052000,-69.643997,7.458000,134.511993,22.489000,2.121000,160.070999,0.000000,0.000000,0.000000,0.000000,0.000000,0.000000,0.000000,468.000000,-865.000000,-401.000000,-623.000000,324.000000,-382.000000,140.000000,22.000000,22.000000,22.000000,22.000000,22.000000,22.000000,22.000000,37.000000,36.000000,37.000000,38.000000,39.000000,40.000000,43.000000,1,1,1,1,1,1,1,0,0,0,0,0,0,0,74,5376.536133,836,0,1,0.515000,0.032000,-0.323627,-3.117000,-0.399000,0.076000,0
0.533685,-3.052000,-69.643997,7.458000,134.511993,22.489000,2.121000,160.070999,0.000000,0.000000,0.000000,0.000000,0.000000,0.000000,0.000000,461.000000,-864.000000,-397.000000,-622.000000,322.000000,-389.000000,134.000000,22.000000,22.000000,22.000000,22.000000,22.000000,22.000000,22.000000,37.000000,36.000000,37.000000,38.000000,39.000000,40.000000,43.000000,1,1,1,1,1,1,1,0,0,0,0,0,0,0,74,5376.534180,838,0,1,0.515000,0.032000,-0.323627,-3.117000,-0.399000,0.076000,0
0.543683,-3.052000,-69.643997,7.458000,134.511993,22.489000,2.121000,160.070999,0.000000,0.000000,0.000000,0.000000,0.000000,0.000000,0.000000,471.000000,-864.000000,-410.000000,-622.000000,327.000000,-376.000000,143.000000,22.000000,22.000000,22.000000,22.000000,22.000000,22.000000,22.000000,37.000000,36.000000,37.000000,38.000000,39.000000,40.000000,43.000000,1,1,1,1,1,1,1,0,0,0,0,0,0,0,74,5376.536133,838,0,1,0.515000,0.032000,-0.323627,-3.117000,-0.399000,0.076000,0
0.553744,-3.052000,-69.643997,7.458000,134.511993,22.489000,2.121000,160.070999,0.000000,0.000000,0.000000,0.000000,0.000000,0.000000,0.000000,470.000000,-862.000000,-423.000000,-620.000000,323.000000,-384.000000,148.000000,22.000000,22.000000,22.000000,22.000000,22.000000,22.000000,22.000000,37.000000,36.000000,37.000000,38.000000,39.000000,40.000000,43.000000,1,1,1,1,1,1,1,0,0,0,0,0,0,0,74,5376.536133,837,0,1,0.515000,0.032000,-0.323627,-3.117000,-0.399000,0.076000,0
0.563711,-3.052000,-69.643997,7.458000,134.511993,22.489000,2.121000,160.070999,0.000000,0.000000,0.000000,0.000000,0.000000,0.000000,0.240000,471.000000,-859.000000,-398.000000,-618.000000,326.000000,-380.000000,142.000000,22.000000,22.000000,22.000000,22.000000,22.000000,22.000000,22.000000,37.000000,36.000000,37.000000,38.000000,39.000000,40.000000,43.000000,1,1,1,1,1,1,1,0,0,0,0,0,0,0,74,5376.537109,837,0,1,0.515000,0.032000,-0.323627,-3.117000,-0.399000,0.076000,0
0.573772,-2.979000,-69.639000,7.361000,134.522995,22.502001,2.116000,159.959000,0.000000,-0.120000,0.000000,0.000000,0.000000,0.000000,0.000000,473.000000,-859.000000,-400.000000,-616.000000,322.000000,-384.000000,146.000000,22.000000,22.000000,22.000000,22.000000,22.000000,22.000000,22.000000,37.000000,36.000000,37.000000,38.000000,39.000000,40.000000,43.000000,1,1,1,1,1,1,1,0,0,0,0,0,0,0,74,5376.534180,837,0,1,0.515000,0.031681,-0.323627,-3.117000,-0.400000,0.076000,1
0.583744,-2.914000,-69.636002,7.279000,134.531998,22.475000,2.112000,159.901001,0.000000,-0.120000,0.000000,0.000000,0.000000,0.000000,0.000000,473.000000,-859.000000,-400.000000,-616.000000,322.000000,-384.000000,146.000000,22.000000,22.000000,22.000000,22.000000,22.000000,22.000000,22.000000,37.000000,36.000000,37.000000,38.000000,39.000000,40.000000,43.000000,1,1,1,1,1,1,1,0,0,0,0,0,0,0,74,5376.537109,836,0,1,0.515000,0.031408,-0.323627,-3.117000,-0.399000,0.076000,1
0.594657,-2.881000,-69.634003,7.236000,134.535995,22.459000,2.109000,159.873001,0.000000,-0.120000,0.000000,0.000000,0.000000,0.000000,0.000000,473.000000,-859.000000,-400.000000,-616.000000,322.000000,-384.000000,146.000000,22.000000,22.000000,22.000000,22.000000,22.000000,22.000000,22.000000,37.000000,36.000000,37.000000,38.000000,39.000000,40.000000,43.000000,1,1,1,1,1,1,1,0,0,0,0,0,0,0,74,5376.536133,837,0,1,0.515000,0.031266,-0.323628,-3.117000,-0.399000,0.076000,1
0.603684,-2.751000,-69.625999,7.071000,134.554001,22.393000,2.100000,159.768005,0.000000,-0.120000,0.000000,0.000000,0.000000,0.000000,0.000000,473.000000,-859.000000,-400.000000,-616.000000,322.000000,-384.000000,146.000000,22.000000,22.000000,22.000000,22.000000,22.000000,22.000000,22.000000,37.000000,36.000000,37.000000,38.000000,39.000000,40.000000,43.000000,1,1,1,1,1,1,1,0,0,0,0,0,0,0,74,5376.534180,836,0,1,0.515000,0.030718,-0.323627,-3.117000,-0.400000,0.077000,1
0.613654,-2.606000,-69.617996,6.887000,134.572006,22.313999,2.091000,159.656006,0.000000,-0.120000,0.000000,0.000000,0.000000,0.000000,0.000000,473.000000,-859.000000,-400.000000,-616.000000,322.000000,-384.000000,146.000000,22.000000,22.000000,22.000000,22.000000,22.000000,22.000000,22.000000,37.000000,36.000000,37.000000,38.000000,39.000000,40.000000,43.000000,1,1,1,1,1,1,1,0,0,0,0,0,0,0,74,5376.536133,836,0,1,0.515000,0.030107,-0.323628,-3.117000,-0.399000,0.077000,1
0.623674,-2.425000,-69.608002,6.656000,134.595001,22.212000,2.080000,159.520004,0.000000,-0.120000,0.000000,0.000000,0.000000,0.000000,0.000000,473.000000,-859.000000,-400.000000,-616.000000,322.000000,-384.000000,146.000000,22.000000,22.000000,22.000000,22.000000,22.000000,22.000000,22.000000,37.000000,36.000000,37.000000,38.000000,39.000000,40.000000,43.000000,1,1,1,1,1,1,1,0,0,0,0,0,0,0,74,5376.534180,835,0,1,0.515000,0.029344,-0.323628,-3.117000,-0.399000,0.076000,1
0.633662,-2.159000,-69.596001,6.316000,134.626999,22.056999,2.066000,159.322998,0.000000,-0.120000,0.000000,0.000000,0.000000,0.000000,0.000000,473.000000,-859.000000,-400.000000,-616.000000,322.000000,-384.000000,146.000000,22.000000,22.000000,22.000000,22.000000,22.000000,22.000000,22.000000,37.000000,36.000000,37.000000,38.000000,39.000000,40.000000,43.000000,1,1,1,1,1,1,1,0,0,0,0,0,0,0,74,5376.534180,838,0,1,0.515000,0.028220,-0.323628,-3.117000,-0.399000,0.077000,1
0.643935,-1.896000,-69.584999,5.979000,134.656006,21.900999,2.053000,159.130997,0.000000,-0.120000,0.000000,0.000000,0.000000,0.000000,0.000000,473.000000,-859.000000,-400.000000,-616.000000,322.000000,-384.000000,146.000000,22.000000,22.000000,22.000000,22.000000,22.000000,22.000000,22.000000,37.000000,36.000000,37.000000,38.000000,39.000000,40.000000,43.000000,1,1,1,1,1,1,1,0,0,0,0,0,0,0,74,5376.536133,837,0,1,0.514999,0.027108,-0.323628,-3.117000,-0.399000,0.077000,1
0.653693,-1.597000,-69.573997,5.593000,134.688004,21.722000,2.041000,158.914001,0.000000,-0.120000,0.000000,0.000000,0.000000,0.000000,0.000000,473.000000,-859.000000,-400.000000,-616.000000,322.000000,-384.000000,146.000000,22.000000,22.000000,22.000000,22.000000,22.000000,22.000000,22.000000,37.000000,36.000000,37.000000,38.000000,39.000000,40.000000,43.000000,1,1,1,1,1,1,1,0,0,0,0,0,0,0,74,5376.536133,837,0,1,0.514999,0.025839,-0.323628,-3.116000,-0.399000,0.076000,1
0.663701,-1.191000,-69.561996,5.069000,134.727005,21.475000,2.029000,158.621002,0.000000,-0.120000,0.000000,0.000000,0.000000,0.000000,0.000000,473.000000,-859.000000,-400.000000,-616.000000,322.000000,-384.000000,146.000000,22.000000,22.000000,22.000000,22.000000,22.000000,22.000000,22.000000,37.000000,36.000000,37.000000,38.000000,39.000000,40.000000,43.000000,1,1,1,1,1,1,1,0,0,0,0,0,0,0,74,5376.536133,837,0,1,0.514999,0.024119,-0.323628,-3.117000,-0.399000,0.077000,1
0.673664,-0.819000,-69.555000,4.585000,134.759003,21.247000,2.022000,158.352997,0.000000,-0.120000,0.000000,0.000000,0.000000,0.000000,0.000000,473.000000,-859.000000,-400.000000,-616.000000,322.000000,-384.000000,146.000000,22.000000,22.000000,22.000000,22.000000,22.000000,22.000000,22.000000,37.000000,36.000000,37.000000,38.000000,39.000000,40.000000,43.000000,1,1,1,1,1,1,1,0,0,0,0,0,0,0,74,5376.537109,837,0,1,0.514999,0.022535,-0.323628,-3.117000,-0.399000,0.077000,1
0.683696,-0.419000,-69.550003,4.063000,134.789001,20.999001,2.019000,158.065002,0.000000,-0.120000,0.000000,0.000000,0.000000,0.000000,0.000000,473.000000,-859.000000,-400.000000,-616.000000,322.000000,-384.000000,146.000000,22.000000,22.000000,22.000000,22.000000,22.000000,22.000000,22.000000,37.000000,36.000000,37.000000,38.000000,39.000000,40.000000,43.000000,1,1,1,1,1,1,1,0,0,0,0,0,0,0,74,5376.537109,836,0,1,0.514999,0.020830,-0.323628,-3.116000,-0.399000,0.076000,1
0.693737,-0.253000,-69.549004,3.844000,134.800003,20.896000,2.019000,157.945007,0.000000,-0.120000,0.000000,0.000000,0.000000,0.000000,0.000000,473.000000,-859.000000,-400.000000,-616.000000,322.000000,-384.000000,146.000000,22.000000,22.000000,22.000000,22.000000,22.000000,22.000000,22.000000,37.000000,36.000000,37.000000,38.000000,39.000000,40.000000,43.000000,1,1,1,1,1,1,1,0,0,0,0,0,0,0,74,5376.536133,837,0,1,0.514999,0.020118,-0.323628,-3.116000,-0.399000,0.076000,1
0.703693,0.265000,-69.550003,3.161000,134.830002,20.572001,2.024000,157.570999,0.000000,-0.120000,0.000000,0.000000,0.000000,0.000000,0.000000,473.000000,-859.000000,-400.000000,-616.000000,322.000000,-384.000000,146.000000,22.000000,22.000000,22.000000,22.000000,22.000000,22.000000,22.000000,37.000000,36.000000,37.000000,38.000000,39.000000,40.000000,43.000000,1,1,1,1,1,1,1,0,0,0,0,0,0,0,74,5376.536133,836,0,1,0.514999,0.017894,-0.323628,-3.116000,-0.399000,0.076000,1
0.713727,0.714000,-69.555000,2.567000,134.850998,20.290001,2.034000,157.246994,0.000000,-0.120000,0.000000,0.000000,0.000000,0.000000,0.000000,473.000000,-859.000000,-400.000000,-616.000000,322.000000,-384.000000,146.000000,22.000000,22.000000,22.000000,22.000000,22.000000,22.000000,22.000000,37.000000,36.000000,37.000000,38.000000,39.000000,40.000000,43.000000,1,1,1,1,1,1,1,0,0,0,0,0,0,0,74,5376.536133,836,0,1,0.514999,0.015964,-0.323628,-3.116000,-0.399000,0.077000,1
0.723888,1.171000,-69.565002,1.957000,134.865997,20.000999,2.051000,156.914993,0.000000,-0.120000,0.000000,0.000000,0.000000,0.000000,0.000000,473.000000,-859.000000,-400.000000,-616.000000,322.000000,-384.000000,146.000000,22.000000,22.000000,22.000000,22.000000,22.000000,22.000000,22.000000,37.000000,36.000000,37.000000,38.000000,39.000000,40.000000,43.000000,1,1,1,1,1,1,1,0,0,0,0,0,0,0,74,5376.536133,838,0,1,0.514999,0.013988,-0.323628,-3.116000,-0.399000,0.076000,1
0.733915,1.631000,-69.580002,1.341000,134.875000,19.709000,2.074000,156.580002,0.000000,-0.120000,0.000000,0.000000,0.000000,0.000000,0.000000,473.000000,-859.000000,-400.000000,-616.000000,322.000000,-384.000000,146.000000,22.000000,22.000000,22.000000,22.000000,22.000000,22.000000,22.000000,37.000000,36.000000,37.000000,38.000000,39.000000,40.000000,43.000000,1,1,1,1,1,1,1,0,0,0,0,0,0,0,74,5376.536133,837,0,1,0.514999,0.011991,-0.323628,-3.116000,-0.399000,0.077000,1
0.743953,2.090000,-69.598999,0.723000,134.878006,19.417999,2.104000,156.244003,0.000000,-0.120000,0.000000,0.000000,0.000000,0.000000,0.000000,473.000000,-859.000000,-400.000000,-616.000000,322.000000,-384.000000,146.000000,22.000000,22.000000,22.000000,22.000000,22.000000,22.000000,22.000000,37.000000,36.000000,37.000000,38.000000,39.000000,40.000000,43.000000,1,1,1,1,1,1,1,0,0,0,0,0,0,0,74,5376.537109,838,0,1,0.514999,0.009993,-0.323628,-3.116000,-0.399000,0.076000,1
0.753718,2.637000,-69.626999,-0.017000,134.873993,19.068001,2.147000,155.841003,0.000000,-0.120000,0.000000,0.000000,0.000000,0.000000,0.000000,473.000000,-859.000000,-400.000000,-616.000000,322.000000,-384.000000,146.000000,22.000000,22.000000,22.000000,22.000000,22.000000,22.000000,22.000000,37.000000,36.000000,37.000000,38.000000,39.000000,40.000000,43.000000,1,1,1,1,1,1,1,0,0,0,0,0,0,0,74,5376.536133,833,0,1,0.514999,0.007594,-0.323628,-3.116000,-0.399000,0.076000,1
0.763676,3.091000,-69.655998,-0.635000,134.863998,18.778000,2.189000,155.505005,0.000000,-0.120000,0.000000,0.000000,0.000000,0.000000,0.000000,473.000000,-859.000000,-400.000000,-616.000000,322.000000,-384.000000,146.000000,22.000000,22.000000,22.000000,22.000000,22.000000,22.000000,22.000000,37.000000,36.000000,37.000000,38.000000,39.000000,40.000000,43.000000,1,1,1,1,1,1,1,0,0,0,0,0,0,0,74,5376.536133,836,0,1,0.514999,0.005596,-0.323628,-3.116000,-0.399000,0.076000,1
0.773631,3.543000,-69.688004,-1.253000,134.848007,18.487000,2.238000,155.169006,0.000000,-0.120000,0.000000,0.000000,0.000000,0.000000,0.000000,473.000000,-859.000000,-400.000000,-616.000000,322.000000,-384.000000,146.000000,22.000000,22.000000,22.000000,22.000000,22.000000,22.000000,22.000000,37.000000,36.000000,37.000000,38.000000,39.000000,40.000000,43.000000,1,1,1,1,1,1,1,0,0,0,0,0,0,0,74,5376.536133,836,0,1,0.514999,0.003597,-0.323628,-3.116000,-0.399000,0.076000,1
0.783684,4.081000,-69.733002,-1.994000,134.820999,18.139999,2.303000,154.766998,0.000000,-0.120000,0.000000,0.000000,0.000000,0.000000,0.000000,473.000000,-859.000000,-400.000000,-616.000000,322.000000,-384.000000,146.000000,22.000000,22.000000,22.000000,22.000000,22.000000,22.000000,22.000000,37.000000,36.000000,37.000000,38.000000,39.000000,40.000000,43.000000,1,1,1,1,1,1,1,0,0,0,0,0,0,0,74,5376.537109,836,0,1,0.514999,0.001198,-0.323628,-3.116000,-0.399000,0.076000,1
0.793654,4.260000,-69.749001,-2.241000,134.809998,18.025000,2.327000,154.632996,0.000000,-0.120000,0.000000,0.000000,0.000000,0.000000,0.000000,473.000000,-859.000000,-400.000000,-616.000000,322.000000,-384.000000,146.000000,22.000000,22.000000,22.000000,22.000000,22.000000,22.000000,22.000000,37.000000,36.000000,37.000000,38.000000,39.000000,40.000000,43.000000,1,1,1,1,1,1,1,0,0,0,0,0,0,0,74,5376.537109,838,0,1,0.514999,0.000399,-0.323628,-3.116000,-0.399000,0.076000,1
0.803715,4.705000,-69.792999,-2.857000,134.779007,17.736000,2.391000,154.296997,0.000000,-0.120000,0.000000,0.000000,0.000000,0.000000,0.000000,473.000000,-859.000000,-400.000000,-616.000000,322.000000,-384.000000,146.000000,22.000000,22.000000,22.000000,22.000000,22.000000,22.000000,22.000000,37.000000,36.000000,37.000000,38.000000,39.000000,40.000000,43.000000,1,1,1,1,1,1,1,0,0,0,0,0,0,0,74,5376.536133,836,0,1,0.514999,-0.001599,-0.323628,-3.116000,-0.399000,0.076000,1
0.813735,5.236000,-69.849998,-3.595000,134.733002,17.392000,2.475000,153.895004,0.000000,-0.120000,0.000000,0.000000,0.000000,0.000000,0.000000,473.000000,-859.000000,-400.000000,-616.000000,322.000000,-384.000000,146.000000,22.000000,22.000000,22.000000,22.000000,22.000000,22.000000,22.000000,37.000000,36.000000,37.000000,38.000000,39.000000,40.000000,43.000000,1,1,1,1,1,1,1,0,0,0,0,0,0,0,74,5376.536133,835,0,1,0.514999,-0.003997,-0.323628,-3.116000,-0.399000,0.076000,1
0.823714,5.676000,-69.902000,-4.209000,134.688995,17.105000,2.551000,153.561005,0.000000,-0.120000,0.000000,0.000000,0.000000,0.000000,0.000000,473.000000,-859.000000,-400.000000,-616.000000,322.000000,-384.000000,146.000000,22.000000,22.000000,22.000000,22.000000,22.000000,22.000000,22.000000,37.000000,36.000000,37.000000,38.000000,39.000000,40.000000,43.000000,1,1,1,1,1,1,1,0,0,0,0,0,0,0,74,5376.536133,837,0,1,0.514999,-0.005996,-0.323628,-3.116000,-0.399000,0.076000,1
0.833625,6.112000,-69.958000,-4.821000,134.638000,16.820000,2.633000,153.225998,0.000000,-0.120000,0.000000,0.000000,0.000000,0.000000,0.000000,473.000000,-859.000000,-400.000000,-616.000000,322.000000,-384.000000,146.000000,22.000000,22.000000,22.000000,22.000000,22.000000,22.000000,22.000000,37.000000,36.000000,37.000000,38.000000,39.000000,40.000000,43.000000,1,1,1,1,1,1,1,0,0,0,0,0,0,0,74,5376.536133,836,0,1,0.514999,-0.007994,-0.323628,-3.116000,-0.399000,0.076000,1
0.843780,6.633000,-70.029999,-5.554000,134.569000,16.479000,2.739000,152.826004,0.000000,-0.120000,0.000000,0.000000,0.000000,0.000000,0.000000,473.000000,-859.000000,-400.000000,-616.000000,322.000000,-384.000000,146.000000,22.000000,22.000000,22.000000,22.000000,22.000000,22.000000,22.000000,37.000000,36.000000,37.000000,38.000000,39.000000,40.000000,43.000000,1,1,1,1,1,1,1,0,0,0,0,0,0,0,74,5376.536133,838,0,1,0.514999,-0.010393,-0.323628,-3.117000,-0.399000,0.077000,1
0.853834,7.064000,-70.094002,-6.162000,134.505997,16.197001,2.833000,152.492996,0.000000,-0.120000,0.000000,0.000000,0.000000,0.000000,0.000000,473.000000,-859.000000,-400.000000,-616.000000,322.000000,-384.000000,146.000000,22.000000,22.000000,22.000000,22.000000,22.000000,22.000000,22.000000,37.000000,36.000000,37.000000,38.000000,39.000000,40.000000,43.000000,1,1,1,1,1,1,1,0,0,0,0,0,0,0,74,5376.536133,836,0,1,0.514999,-0.012391,-0.323628,-3.116000,-0.399000,0.076000,1
0.863692,7.491000,-70.161003,-6.768000,134.436005,15.916000,2.933000,152.160004,0.000000,-0.120000,0.000000,0.000000,0.000000,0.000000,0.000000,473.000000,-859.000000,-400.000000,-616.000000,322.000000,-384.000000,146.000000,22.000000,22.000000,22.000000,22.000000,22.000000,22.000000,22.000000,37.000000,36.000000,37.000000,38.000000,39.000000,40.000000,43.000000,1,1,1,1,1,1,1,0,0,0,0,0,0,0,74,5376.536133,838,0,1,0.514999,-0.014389,-0.323628,-3.116000,-0.399000,0.076000,1
0.873655,7.912000,-70.231003,-7.368000,134.360992,15.638000,3.037000,151.830994,0.000000,-0.120000,0.000000,0.000000,0.000000,0.000000,0.000000,473.000000,-859.000000,-400.000000,-616.000000,322.000000,-384.000000,146.000000,22.000000,22.000000,22.000000,22.000000,22.000000,22.000000,22.000000,37.000000,36.000000,37.000000,38.000000,39.000000,40.000000,43.000000,1,1,1,1,1,1,1,0,0,0,0,0,0,0,74,5376.536133,837,0,1,0.514999,-0.016372,-0.323628,-3.117000,-0.399000,0.076000,1
0.883783,8.403000,-70.317001,-8.067000,134.266006,15.315000,3.165000,151.445007,0.000000,-0.120000,0.000000,0.000000,0.000000,0.000000,0.000000,473.000000,-859.000000,-400.000000,-616.000000,322.000000,-384.000000,146.000000,22.000000,22.000000,22.000000,22.000000,22.000000,22.000000,22.000000,37.000000,36.000000,37.000000,38.000000,39.000000,40.000000,43.000000,1,1,1,1,1,1,1,0,0,0,0,0,0,0,74,5376.536133,837,0,1,0.514999,-0.018696,-0.323628,-3.117000,-0.399000,0.077000,1
0.893728,8.561000,-70.346001,-8.294000,134.233994,15.210000,3.209000,151.320007,0.000000,-0.120000,0.000000,0.000000,0.000000,0.000000,0.000000,473.000000,-859.000000,-400.000000,-616.000000,322.000000,-384.000000,146.000000,22.000000,22.000000,22.000000,22.000000,22.000000,22.000000,22.000000,37.000000,36.000000,37.000000,38.000000,39.000000,40.000000,43.000000,1,1,1,1,1,1,1,0,0,0,0,0,0,0,74,5376.536133,836,0,1,0.514999,-0.019451,-0.323628,-3.116000,-0.399000,0.076000,1
0.903710,8.943000,-70.417999,-8.841000,134.151001,14.959000,3.317000,151.014999,0.000000,-0.120000,0.000000,0.000000,0.000000,0.000000,0.000000,473.000000,-859.000000,-400.000000,-616.000000,322.000000,-384.000000,146.000000,22.000000,22.000000,22.000000,22.000000,22.000000,22.000000,22.000000,37.000000,36.000000,37.000000,38.000000,39.000000,40.000000,43.000000,1,1,1,1,1,1,1,0,0,0,0,0,0,0,74,5376.534180,838,0,1,0.514999,-0.021282,-0.323628,-3.117000,-0.399000,0.076000,1
0.913748,9.372000,-70.501999,-9.456000,134.052994,14.678000,3.444000,150.671005,0.000000,-0.120000,0.000000,0.000000,0.000000,0.000000,0.000000,473.000000,-859.000000,-400.000000,-616.000000,322.000000,-384.000000,146.000000,22.000000,22.000000,22.000000,22.000000,22.000000,22.000000,22.000000,37.000000,36.000000,37.000000,38.000000,39.000000,40.000000,43.000000,1,1,1,1,1,1,1,0,0,0,0,0,0,0,74,5376.534180,837,0,1,0.514999,-0.023348,-0.323628,-3.116000,-0.399000,0.076000,1
0.923630,9.699000,-70.569000,-9.928000,133.972000,14.465000,3.546000,150.404999,0.000000,-0.120000,0.000000,0.000000,0.000000,0.000000,0.000000,473.000000,-859.000000,-400.000000,-616.000000,322.000000,-384.000000,146.000000,22.000000,22.000000,22.000000,22.000000,22.000000,22.000000,22.000000,37.000000,36.000000,37.000000,38.000000,39.000000,40.000000,43.000000,1,1,1,1,1,1,1,0,0,0,0,0,0,0,74,5376.536133,837,0,1,0.514999,-0.024940,-0.323628,-3.116000,-0.399000,0.076000,1
0.933666,9.998000,-70.632004,-10.358000,133.895004,14.272000,3.641000,150.160004,0.000000,-0.120000,0.000000,0.000000,0.000000,0.000000,0.000000,473.000000,-859.000000,-400.000000,-616.000000,322.000000,-384.000000,146.000000,22.000000,22.000000,22.000000,22.000000,22.000000,22.000000,22.000000,37.000000,36.000000,37.000000,38.000000,39.000000,40.000000,43.000000,1,1,1,1,1,1,1,0,0,0,0,0,0,0,74,5376.534180,837,0,1,0.514999,-0.026397,-0.323628,-3.116000,-0.399000,0.076000,1
0.943631,10.264000,-70.690002,-10.743000,133.824005,14.102000,3.730000,149.938004,0.000000,-0.120000,0.000000,0.000000,0.000000,0.000000,0.000000,473.000000,-859.000000,-400.000000,-616.000000,322.000000,-384.000000,146.000000,22.000000,22.000000,22.000000,22.000000,22.000000,22.000000,22.000000,37.000000,36.000000,37.000000,38.000000,39.000000,40.000000,43.000000,1,1,1,1,1,1,1,0,0,0,0,0,0,0,74,5376.534180,835,0,1,0.514999,-0.027709,-0.323628,-3.117000,-0.399000,0.076000,1
0.953635,10.499000,-70.741997,-11.083000,133.757996,13.955000,3.810000,149.740005,0.000000,-0.120000,0.000000,0.000000,0.000000,0.000000,0.000000,473.000000,-859.000000,-400.000000,-616.000000,322.000000,-384.000000,146.000000,22.000000,22.000000,22.000000,22.000000,22.000000,22.000000,22.000000,37.000000,36.000000,37.000000,38.000000,39.000000,40.000000,43.000000,1,1,1,1,1,1,1,0,0,0,0,0,0,0,74,5376.536133,837,0,1,0.514999,-0.028866,-0.323628,-3.117000,-0.399000,0.076000,1
0.963577,10.736000,-70.794998,-11.428000,133.690002,13.810000,3.893000,149.533005,0.000000,-0.120000,0.000000,0.000000,0.000000,0.000000,0.000000,473.000000,-859.000000,-400.000000,-616.000000,322.000000,-384.000000,146.000000,22.000000,22.000000,22.000000,22.000000,22.000000,22.000000,22.000000,37.000000,36.000000,37.000000,38.000000,39.000000,40.000000,43.000000,1,1,1,1,1,1,1,0,0,0,0,0,0,0,74,5376.536133,838,0,1,0.514999,-0.030048,-0.323628,-3.117000,-0.399000,0.076000,1
0.973604,10.899000,-70.833000,-11.664000,133.641998,13.714000,3.952000,149.388000,0.000000,-0.120000,0.000000,0.000000,0.000000,0.000000,0.000000,473.000000,-859.000000,-400.000000,-616.000000,322.000000,-384.000000,146.000000,22.000000,22.000000,22.000000,22.000000,22.000000,22.000000,22.000000,37.000000,36.000000,37.000000,38.000000,39.000000,40.000000,43.000000,1,1,1,1,1,1,1,0,0,0,0,0,0,0,74,5376.536133,835,0,1,0.514999,-0.030860,-0.323628,-3.117000,-0.399000,0.076000,1
0.983604,11.030000,-70.863998,-11.856000,133.602005,13.641000,4.000000,149.266006,0.000000,-0.120000,0.000000,0.000000,0.000000,0.000000,0.000000,473.000000,-859.000000,-400.000000,-616.000000,322.000000,-384.000000,146.000000,22.000000,22.000000,22.000000,22.000000,22.000000,22.000000,22.000000,37.000000,36.000000,37.000000,38.000000,39.000000,40.000000,43.000000,1,1,1,1,1,1,1,0,0,0,0,0,0,0,74,5376.536133,836,0,1,0.514999,-0.031519,-0.323628,-3.117000,-0.399000,0.076000,1
0.993549,11.132000,-70.888000,-12.006000,133.570007,13.589000,4.038000,149.164993,0.000000,-0.120000,0.000000,0.000000,0.000000,0.000000,0.000000,473.000000,-859.000000,-400.000000,-616.000000,322.000000,-384.000000,146.000000,22.000000,22.000000,22.000000,22.000000,22.000000,22.000000,22.000000,37.000000,36.000000,37.000000,38.000000,39.000000,40.000000,43.000000,1,1,1,1,1,1,1,0,0,0,0,0,0,0,74,5376.536133,837,0,1,0.514999,-0.032035,-0.323628,-3.117000,-0.399000,0.076000,1
1.003554,11.180000,-70.899002,-12.077000,133.554993,13.568000,4.056000,149.115005,0.000000,-0.120000,0.000000,0.000000,0.000000,0.000000,0.000000,473.000000,-859.000000,-400.000000,-616.000000,322.000000,-384.000000,146.000000,22.000000,22.000000,22.000000,22.000000,22.000000,22.000000,22.000000,37.000000,36.000000,37.000000,38.000000,39.000000,40.000000,43.000000,1,1,1,1,1,1,1,0,0,0,0,0,0,0,74,5376.536133,837,0,1,0.515000,-0.032280,-0.323628,-3.117000,-0.399000,0.077000,1
1.013729,11.241000,-70.914001,-12.168000,133.535004,13.545000,4.079000,149.044998,0.000000,-0.120000,0.000000,0.000000,0.000000,0.000000,0.000000,473.000000,-859.000000,-400.000000,-616.000000,322.000000,-384.000000,146.000000,22.000000,22.000000,22.000000,22.000000,22.000000,22.000000,22.000000,37.000000,36.000000,37.000000,38.000000,39.000000,40.000000,43.000000,1,1,1,1,1,1,1,0,0,0,0,0,0,0,74,5376.537109,837,0,1,0.515000,-0.032592,-0.323628,-3.117000,-0.399000,0.076000,1
1.023574,11.287000,-70.925003,-12.237000,133.520996,13.538000,4.097000,148.981995,0.000000,-0.120000,0.000000,0.000000,0.000000,0.000000,0.000000,473.000000,-859.000000,-400.000000,-616.000000,322.000000,-384.000000,146.000000,22.000000,22.000000,22.000000,22.000000,22.000000,22.000000,22.000000,37.000000,36.000000,37.000000,38.000000,39.000000,40.000000,43.000000,1,1,1,1,1,1,1,0,0,0,0,0,0,0,74,5376.537109,838,0,1,0.515000,-0.032830,-0.323628,-3.117000,-0.400000,0.077000,1
1.033595,11.307000,-70.930000,-12.268000,133.514008,13.546000,4.106000,148.942993,0.000000,-0.120000,0.000000,0.000000,0.000000,0.000000,0.000000,473.000000,-859.000000,-400.000000,-616.000000,322.000000,-384.000000,146.000000,22.000000,22.000000,22.000000,22.000000,22.000000,22.000000,22.000000,37.000000,36.000000,37.000000,38.000000,39.000000,40.000000,43.000000,1,1,1,1,1,1,1,0,0,0,0,0,0,0,74,5376.537109,837,0,1,0.515000,-0.032937,-0.323628,-3.117000,-0.400000,0.076000,1
1.043546,11.315000,-70.931999,-12.283000,133.511002,13.561000,4.110000,148.912994,0.000000,-0.120000,0.000000,0.000000,0.000000,0.000000,0.000000,473.000000,-859.000000,-400.000000,-616.000000,322.000000,-384.000000,146.000000,22.000000,22.000000,22.000000,22.000000,22.000000,22.000000,22.000000,37.000000,36.000000,37.000000,38.000000,39.000000,40.000000,43.000000,1,1,1,1,1,1,1,0,0,0,0,0,0,0,74,5376.536133,837,0,1,0.515000,-0.032985,-0.323627,-3.117000,-0.400000,0.077000,1
1.053549,11.317000,-70.931999,-12.287000,133.509995,13.582000,4.111000,148.889008,0.000000,-0.120000,0.000000,0.000000,0.000000,0.000000,0.000000,473.000000,-859.000000,-400.000000,-616.000000,322.000000,-384.000000,146.000000,22.000000,22.000000,22.000000,22.000000,22.000000,22.000000,22.000000,37.000000,36.000000,37.000000,38.000000,39.000000,40.000000,43.000000,1,1,1,1,1,1,1,0,0,0,0,0,0,0,74,5376.537109,836,0,1,0.514999,-0.032998,-0.323628,-3.117000,-0.399000,0.077000,1
1.063548,11.315000,-70.931000,-12.288000,133.509003,13.605000,4.112000,148.865997,0.000000,-0.120000,0.000000,0.000000,0.000000,0.000000,0.000000,473.000000,-859.000000,-400.000000,-616.000000,322.000000,-384.000000,146.000000,22.000000,22.000000,22.000000,22.000000,22.000000,22.000000,22.000000,37.000000,36.000000,37.000000,38.000000,39.000000,40.000000,43.000000,1,1,1,1,1,1,1,0,0,0,0,0,0,0,74,5376.537109,839,0,1,0.515001,-0.033000,-0.323628,-3.117000,-0.400000,0.076000,1
1.073567,11.313000,-70.929001,-12.288000,133.505005,13.628000,4.114000,148.843994,0.000000,-0.120000,0.000000,0.000000,0.000000,0.000000,0.000000,473.000000,-859.000000,-400.000000,-616.000000,322.000000,-384.000000,146.000000,22.000000,22.000000,22.000000,22.000000,22.000000,22.000000,22.000000,37.000000,36.000000,37.000000,38.000000,39.000000,40.000000,43.000000,1,1,1,1,1,1,1,0,0,0,0,0,0,0,74,5376.537109,836,0,1,0.515019,-0.032999,-0.323628,-3.117000,-0.399000,0.077000,1
1.083741,11.309000,-70.917000,-12.286000,133.485001,13.658000,4.125000,148.820007,0.000000,-0.120000,0.000000,0.000000,0.000000,0.000000,0.000000,473.000000,-859.000000,-400.000000,-616.000000,322.000000,-384.000000,146.000000,22.000000,22.000000,22.000000,22.000000,22.000000,22.000000,22.000000,37.000000,36.000000,37.000000,38.000000,39.000000,40.000000,43.000000,1,1,1,1,1,1,1,0,0,0,0,0,0,0,74,5376.536133,836,0,1,0.515096,-0.033000,-0.323628,-3.117000,-0.400000,0.076000,1
1.093762,11.302000,-70.896004,-12.281000,133.449005,13.685000,4.142000,148.802994,0.000000,-0.120000,0.000000,0.000000,0.000000,0.000000,0.000000,473.000000,-859.000000,-400.000000,-616.000000,322.000000,-384.000000,146.000000,22.000000,22.000000,22.000000,22.000000,22.000000,22.000000,22.000000,37.000000,36.000000,37.000000,38.000000,39.000000,40.000000,43.000000,1,1,1,1,1,1,1,0,0,0,0,0,0,0,74,5376.538086,837,0,1,0.515234,-0.032999,-0.323628,-3.117000,-0.399000,0.077000,1
1.103792,11.291000,-70.862000,-12.272000,133.389008,13.714000,4.172000,148.789001,0.000000,-0.120000,0.000000,0.000000,0.000000,0.000000,0.000000,473.000000,-859.000000,-400.000000,-616.000000,322.000000,-384.000000,146.000000,22.000000,22.000000,22.000000,22.000000,22.000000,22.000000,22.000000,37.000000,36.000000,37.000000,38.000000,39.000000,40.000000,43.000000,1,1,1,1,1,1,1,0,0,0,0,0,0,0,74,5376.537109,837,0,1,0.515464,-0.032999,-0.323628,-3.117000,-0.399000,0.077000,1
1.113755,11.277000,-70.810997,-12.260000,133.300003,13.747000,4.215000,148.779007,0.000000,-0.120000,0.000000,0.000000,0.000000,0.000000,0.000000,473.000000,-859.000000,-400.000000,-616.000000,322.000000,-384.000000,146.000000,22.000000,22.000000,22.000000,22.000000,22.000000,22.000000,22.000000,37.000000,36.000000,37.000000,38.000000,39.000000,40.000000,43.000000,1,1,1,1,1,1,1,0,0,0,0,0,0,0,74,5376.536133,837,0,1,0.515805,-0.033000,-0.323627,-3.117000,-0.400000,0.077000,1
1.123806,11.266000,-70.771004,-12.250000,133.231003,13.769000,4.249000,148.774994,0.000000,-0.120000,0.000000,0.000000,0.000000,0.000000,0.000000,473.000000,-859.000000,-400.000000,-616.000000,322.000000,-384.000000,146.000000,22.000000,22.000000,22.000000,22.000000,22.000000,22.000000,22.000000,37.000000,36.000000,37.000000,38.000000,39.000000,40.000000,43.000000,1,1,1,1,1,1,1,0,0,0,0,0,0,0,74,5376.536133,836,0,1,0.516070,-0.032999,-0.323627,-3.117000,-0.399000,0.077000,1
1.133797,11.243000,-70.689003,-12.229000,133.087006,13.808000,4.319000,148.772995,0.000000,-0.120000,0.000000,0.000000,0.000000,0.000000,0.000000,473.000000,-859.000000,-400.000000,-616.000000,322.000000,-384.000000,146.000000,22.000000,22.000000,22.000000,22.000000,22.000000,22.000000,22.000000,37.000000,36.000000,37.000000,38.000000,39.000000,40.000000,43.000000,1,1,1,1,1,1,1,0,0,0,0,0,0,0,74,5376.536133,837,0,1,0.516622,-0.032999,-0.323628,-3.116000,-0.400000,0.076000,1
1.143879,11.214000,-70.584999,-12.203000,132.904999,13.852000,4.408000,148.776001,0.000000,-0.120000,0.000000,0.000000,0.000000,0.000000,0.000000,473.000000,-859.000000,-400.000000,-616.000000,322.000000,-384.000000,146.000000,22.000000,22.000000,22.000000,22.000000,22.000000,22.000000,22.000000,37.000000,36.000000,37.000000,38.000000,39.000000,40.000000,43.000000,1,1,1,1,1,1,1,0,0,0,0,0,0,0,74,5376.536133,834,0,1,0.517322,-0.032999,-0.323628,-3.117000,-0.399000,0.077000,1
1.153756,11.171000,-70.429001,-12.165000,132.630997,13.910000,4.542000,148.787994,0.000000,-0.120000,0.000000,0.000000,0.000000,0.000000,0.000000,473.000000,-859.000000,-400.000000,-616.000000,322.000000,-384.000000,146.000000,22.000000,22.000000,22.000000,22.000000,22.000000,22.000000,22.000000,37.000000,36.000000,37.000000,38.000000,39.000000,40.000000,43.000000,1,1,1,1,1,1,1,0,0,0,0,0,0,0,74,5376.536133,836,0,1,0.518368,-0.032999,-0.323627,-3.117000,-0.400000,0.076000,1
1.163769,11.129000,-70.274002,-12.127000,132.358002,13.963000,4.676000,148.802994,0.000000,-0.120000,0.000000,0.000000,0.000000,0.000000,0.000000,473.000000,-859.000000,-400.000000,-616.000000,322.000000,-384.000000,146.000000,22.000000,22.000000,22.000000,22.000000,22.000000,22.000000,22.000000,37.000000,36.000000,37.000000,38.000000,39.000000,40.000000,43.000000,1,1,1,1,1,1,1,0,0,0,0,0,0,0,74,5376.536133,835,0,1,0.519416,-0.032999,-0.323628,-3.116000,-0.399000,0.076000,1
1.173917,11.080000,-70.095001,-12.083000,132.042007,14.021000,4.830000,148.824997,0.000000,-0.120000,0.000000,0.000000,0.000000,0.000000,0.000000,473.000000,-859.000000,-400.000000,-616.000000,322.000000,-384.000000,146.000000,22.000000,22.000000,22.000000,22.000000,22.000000,22.000000,22.000000,37.000000,36.000000,37.000000,38.000000,39.000000,40.000000,43.000000,1,1,1,1,1,1,1,0,0,0,0,0,0,0,74,5376.536133,836,0,1,0.520621,-0.032999,-0.323628,-3.116000,-0.399000,0.076000,1
1.183704,11.025000,-69.892998,-12.035000,131.684998,14.083000,5.005000,148.852005,0.000000,-0.120000,0.000000,0.000000,0.000000,0.000000,0.000000,473.000000,-859.000000,-400.000000,-616.000000,322.000000,-384.000000,146.000000,22.000000,22.000000,22.000000,22.000000,22.000000,22.000000,22.000000,37.000000,36.000000,37.000000,38.000000,39.000000,40.000000,43.000000,1,1,1,1,1,1,1,0,0,0,0,0,0,0,74,5376.534180,836,0,1,0.521980,-0.032999,-0.323628,-3.117000,-0.400000,0.077000,1
1.193714,10.951000,-69.624001,-11.973000,131.207001,14.161000,5.241000,148.891006,0.000000,-0.120000,0.000000,0.000000,0.000000,0.000000,0.000000,473.000000,-859.000000,-400.000000,-616.000000,322.000000,-384.000000,146.000000,22.000000,22.000000,22.000000,22.000000,22.000000,22.000000,22.000000,37.000000,36.000000,37.000000,38.000000,39.000000,40.000000,43.000000,1,1,1,1,1,1,1,0,0,0,0,0,0,0,74,5376.536133,837,0,1,0.523799,-0.033000,-0.323628,-3.117000,-0.399000,0.077000,1
1.203817,10.884000,-69.377998,-11.917000,130.770004,14.229000,5.456000,148.929001,0.000000,-0.120000,0.000000,0.000000,0.000000,0.000000,0.000000,473.000000,-859.000000,-400.000000,-616.000000,322.000000,-384.000000,146.000000,22.000000,22.000000,22.000000,22.000000,22.000000,22.000000,22.000000,37.000000,36.000000,37.000000,38.000000,39.000000,40.000000,43.000000,1,1,1,1,1,1,1,0,0,0,0,0,0,0,74,5376.536133,836,0,1,0.525457,-0.032999,-0.323628,-3.117000,-0.399000,0.077000,1
1.213854,10.812000,-69.116997,-11.859000,130.302994,14.300000,5.687000,148.970001,0.000000,-0.120000,0.000000,0.000000,0.000000,0.000000,0.000000,473.000000,-859.000000,-400.000000,-616.000000,322.000000,-384.000000,146.000000,22.000000,22.000000,22.000000,22.000000,22.000000,22.000000,22.000000,37.000000,36.000000,37.000000,38.000000,39.000000,40.000000,43.000000,1,1,1,1,1,1,1,0,0,0,0,0,0,0,74,5376.536133,837,0,1,0.527226,-0.032999,-0.323628,-3.116000,-0.399000,0.077000,1
1.223634,10.736000,-68.841003,-11.799000,129.809998,14.372000,5.932000,149.014999,0.000000,-0.120000,0.000000,0.000000,0.000000,0.000000,0.000000,473.000000,-859.000000,-400.000000,-616.000000,322.000000,-384.000000,146.000000,22.000000,22.000000,22.000000,22.000000,22.000000,22.000000,22.000000,37.000000,36.000000,37.000000,38.000000,39.000000,40.000000,43.000000,1,1,1,1,1,1,1,0,0,0,0,0,0,0,74,5376.537109,836,0,1,0.529086,-0.032999,-0.323628,-3.116000,-0.399000,0.076000,1
1.234032,10.689000,-68.670998,-11.763000,129.505005,14.416000,6.083000,149.042999,0.000000,-0.120000,0.000000,0.000000,0.000000,0.000000,0.000000,473.000000,-859.000000,-400.000000,-616.000000,322.000000,-384.000000,146.000000,22.000000,22.000000,22.000000,22.000000,22.000000,22.000000,22.000000,37.000000,36.000000,37.000000,38.000000,39.000000,40.000000,43.000000,1,1,1,1,1,1,1,0,0,0,0,0,0,0,74,5376.534180,836,0,1,0.530236,-0.032999,-0.323628,-3.116000,-0.399000,0.077000,1
1.244147,10.609000,-68.382004,-11.703000,128.983002,14.490000,6.343000,149.091995,0.000000,-0.120000,0.000000,0.000000,0.000000,0.000000,0.000000,473.000000,-859.000000,-400.000000,-616.000000,322.000000,-384.000000,146.000000,22.000000,22.000000,22.000000,22.000000,22.000000,22.000000,22.000000,37.000000,36.000000,37.000000,38.000000,39.000000,40.000000,43.000000,1,1,1,1,1,1,1,0,0,0,0,0,0,0,74,5376.537109,836,0,1,0.532196,-0.032999,-0.323628,-3.117000,-0.399000,0.077000,1
1.253590,10.527000,-68.086998,-11.644000,128.453003,14.563000,6.608000,149.141998,0.000000,-0.120000,0.000000,0.000000,0.000000,0.000000,0.000000,473.000000,-859.000000,-400.000000,-616.000000,322.000000,-384.000000,146.000000,22.000000,22.000000,22.000000,22.000000,22.000000,22.000000,22.000000,37.000000,36.000000,37.000000,38.000000,39.000000,40.000000,43.000000,1,1,1,1,1,1,1,0,0,0,0,0,0,0,74,5376.536133,837,0,1,0.534187,-0.032999,-0.323628,-3.117000,-0.399000,0.077000,1
1.263620,10.428000,-67.733002,-11.575000,127.810997,14.650000,6.929000,149.201004,0.000000,-0.120000,0.000000,0.000000,0.000000,0.000000,0.000000,473.000000,-859.000000,-400.000000,-616.000000,322.000000,-384.000000,146.000000,22.000000,22.000000,22.000000,22.000000,22.000000,22.000000,22.000000,37.000000,36.000000,37.000000,38.000000,39.000000,40.000000,43.000000,1,1,1,1,1,1,1,0,0,0,0,0,0,0,74,5376.534180,837,0,1,0.536583,-0.032999,-0.323628,-3.116000,-0.399000,0.077000,1
1.273598,10.346000,-67.438004,-11.519000,127.275002,14.721000,7.199000,149.251007,0.000000,-0.120000,0.000000,0.000000,0.000000,0.000000,0.000000,473.000000,-859.000000,-400.000000,-616.000000,322.000000,-384.000000,146.000000,22.000000,22.000000,22.000000,22.000000,22.000000,22.000000,22.000000,37.000000,36.000000,37.000000,38.000000,39.000000,40.000000,43.000000,1,1,1,1,1,1,1,0,0,0,0,0,0,0,74,5376.536133,837,0,1,0.538581,-0.032999,-0.323628,-3.116000,-0.399000,0.076000,1
1.283668,10.263000,-67.142998,-11.465000,126.737999,14.791000,7.469000,149.302002,0.000000,-0.120000,0.000000,0.000000,0.000000,0.000000,0.000000,473.000000,-859.000000,-400.000000,-616.000000,322.000000,-384.000000,146.000000,22.000000,22.000000,22.000000,22.000000,22.000000,22.000000,22.000000,37.000000,36.000000,37.000000,38.000000,39.000000,40.000000,43.000000,1,1,1,1,1,1,1,0,0,0,0,0,0,0,74,5376.537109,837,0,1,0.540579,-0.032999,-0.323628,-3.116000,-0.399000,0.076000,1
1.293644,10.180000,-66.848000,-11.412000,126.198997,14.860000,7.742000,149.352005,0.000000,-0.120000,0.000000,0.000000,0.000000,0.000000,0.000000,473.000000,-859.000000,-400.000000,-616.000000,322.000000,-384.000000,146.000000,22.000000,22.000000,22.000000,22.000000,22.000000,22.000000,22.000000,37.000000,36.000000,37.000000,38.000000,39.000000,40.000000,43.000000,1,1,1,1,1,1,1,0,0,0,0,0,0,0,74,5376.536133,836,0,1,0.542576,-0.032999,-0.323628,-3.116000,-0.399000,0.076000,1
1.303665,10.097000,-66.552002,-11.361000,125.657997,14.928000,8.015000,149.403000,0.000000,-0.120000,0.000000,0.000000,0.000000,0.000000,0.000000,473.000000,-859.000000,-400.000000,-616.000000,322.000000,-384.000000,146.000000,22.000000,22.000000,22.000000,22.000000,22.000000,22.000000,22.000000,37.000000,36.000000,37.000000,38.000000,39.000000,40.000000,43.000000,1,1,1,1,1,1,1,0,0,0,0,0,0,0,74,5376.536133,838,0,1,0.544573,-0.032999,-0.323628,-3.116000,-0.399000,0.077000,1
1.313632,10.013000,-66.257004,-11.312000,125.115997,14.996000,8.290000,149.453995,0.000000,-0.120000,0.000000,0.000000,0.000000,0.000000,0.000000,473.000000,-859.000000,-400.000000,-616.000000,322.000000,-384.000000,146.000000,22.000000,22.000000,22.000000,22.000000,22.000000,22.000000,22.000000,37.000000,36.000000,37.000000,38.000000,39.000000,40.000000,43.000000,1,1,1,1,1,1,1,0,0,0,0,0,0,0,74,5376.536133,837,0,1,0.546571,-0.032999,-0.323628,-3.116000,-0.399000,0.076000,1
1.323580,9.913000,-65.902000,-11.255000,124.462997,15.075000,8.622000,149.516006,0.000000,-0.120000,0.000000,0.000000,0.000000,0.000000,0.000000,473.000000,-859.000000,-400.000000,-616.000000,322.000000,-384.000000,146.000000,22.000000,22.000000,22.000000,22.000000,22.000000,22.000000,22.000000,37.000000,36.000000,37.000000,38.000000,39.000000,40.000000,43.000000,1,1,1,1,1,1,1,0,0,0,0,0,0,0,74,5376.536133,836,0,1,0.548968,-0.032999,-0.323628,-3.116000,-0.399000,0.076000,1
1.333640,9.829000,-65.607002,-11.209000,123.917999,15.140000,8.900000,149.567001,0.000000,-0.120000,0.000000,0.000000,0.000000,0.000000,0.000000,473.000000,-859.000000,-400.000000,-616.000000,322.000000,-384.000000,146.000000,22.000000,22.000000,22.000000,22.000000,22.000000,22.000000,22.000000,37.000000,36.000000,37.000000,38.000000,39.000000,40.000000,43.000000,1,1,1,1,1,1,1,0,0,0,0,0,0,0,74,5376.534180,837,0,1,0.550966,-0.033000,-0.323627,-3.117000,-0.400000,0.077000,1
1.344191,9.745000,-65.310997,-11.164000,123.370003,15.205000,9.180000,149.619003,0.000000,-0.120000,0.000000,0.000000,0.000000,0.000000,0.000000,473.000000,-859.000000,-400.000000,-616.000000,322.000000,-384.000000,146.000000,22.000000,22.000000,22.000000,22.000000,22.000000,22.000000,22.000000,37.000000,36.000000,37.000000,38.000000,39.000000,40.000000,43.000000,1,1,1,1,1,1,1,0,0,0,0,0,0,0,74,5376.537109,837,0,1,0.552963,-0.032999,-0.323628,-3.117000,-0.399000,0.077000,1
1.353738,9.660000,-65.014999,-11.121000,122.820999,15.268000,9.461000,149.671997,0.000000,-0.120000,0.000000,0.000000,0.000000,0.000000,0.000000,473.000000,-859.000000,-400.000000,-616.000000,322.000000,-384.000000,146.000000,22.000000,22.000000,22.000000,22.000000,22.000000,22.000000,22.000000,37.000000,36.000000,37.000000,38.000000,39.000000,40.000000,43.000000,1,1,1,1,1,1,1,0,0,0,0,0,0,0,74,5376.536133,837,0,1,0.554961,-0.032999,-0.323628,-3.116000,-0.399000,0.077000,1
1.363686,9.576000,-64.719002,-11.079000,122.272003,15.331000,9.743000,149.723999,0.000000,-0.120000,0.000000,0.000000,0.000000,0.000000,0.000000,473.000000,-859.000000,-400.000000,-616.000000,322.000000,-384.000000,146.000000,22.000000,22.000000,22.000000,22.000000,22.000000,22.000000,22.000000,37.000000,36.000000,37.000000,38.000000,39.000000,40.000000,43.000000,1,1,1,1,1,1,1,0,0,0,0,0,0,0,74,5376.536133,837,0,1,0.556955,-0.033000,-0.323628,-3.117000,-0.399000,0.076000,1
1.373764,9.526000,-64.544998,-11.055000,121.946999,15.367000,9.909000,149.755005,0.000000,-0.120000,0.000000,0.000000,0.000000,0.000000,0.000000,473.000000,-859.000000,-400.000000,-616.000000,322.000000,-384.000000,146.000000,22.000000,22.000000,22.000000,22.000000,22.000000,22.000000,22.000000,37.000000,36.000000,37.000000,38.000000,39.000000,40.000000,43.000000,1,1,1,1,1,1,1,0,0,0,0,0,0,0,74,5376.534180,836,0,1,0.558129,-0.032999,-0.323628,-3.116000,-0.399000,0.077000,1
1.383790,9.447000,-64.267998,-11.018000,121.430000,15.426000,10.175000,149.804001,0.000000,-0.120000,0.000000,0.000000,0.000000,0.000000,0.000000,473.000000,-859.000000,-400.000000,-616.000000,322.000000,-384.000000,146.000000,22.000000,22.000000,22.000000,22.000000,22.000000,22.000000,22.000000,37.000000,36.000000,37.000000,38.000000,39.000000,40.000000,43.000000,1,1,1,1,1,1,1,0,0,0,0,0,0,0,74,5376.536133,837,0,1,0.559996,-0.033000,-0.323627,-3.117000,-0.400000,0.077000,1
1.393686,9.360000,-63.964001,-10.979000,120.862999,15.491000,10.467000,149.854996,0.000000,-0.120000,0.000000,0.000000,0.000000,0.000000,0.000000,473.000000,-859.000000,-400.000000,-616.000000,322.000000,-384.000000,146.000000,22.000000,22.000000,22.000000,22.000000,22.000000,22.000000,22.000000,37.000000,36.000000,37.000000,38.000000,39.000000,40.000000,43.000000,1,1,1,1,1,1,1,0,0,0,0,0,0,0,74,5376.536133,836,0,1,0.562038,-0.032999,-0.323628,-3.117000,-0.399000,0.077000,1
1.403662,9.293000,-63.731998,-10.950000,120.429001,15.543000,10.692000,149.893005,0.000000,-0.120000,0.000000,0.000000,0.000000,0.000000,0.000000,473.000000,-859.000000,-400.000000,-616.000000,322.000000,-384.000000,146.000000,22.000000,22.000000,22.000000,22.000000,22.000000,22.000000,22.000000,37.000000,36.000000,37.000000,38.000000,39.000000,40.000000,43.000000,1,1,1,1,1,1,1,0,0,0,0,0,0,0,74,5376.536133,836,0,1,0.563597,-0.032999,-0.323628,-3.116000,-0.399000,0.076000,1
1.413614,9.228000,-63.507999,-10.924000,120.009003,15.592000,10.909000,149.929001,0.000000,-0.120000,0.000000,0.000000,0.000000,0.000000,0.000000,473.000000,-859.000000,-400.000000,-616.000000,322.000000,-384.000000,146.000000,22.000000,22.000000,22.000000,22.000000,22.000000,22.000000,22.000000,37.000000,36.000000,37.000000,38.000000,39.000000,40.000000,43.000000,1,1,1,1,1,1,1,0,0,0,0,0,0,0,74,5376.536133,837,0,1,0.565099,-0.033003,-0.323627,-3.117000,-0.400000,0.076000,0
1.423602,9.171000,-63.285999,-10.906000,119.587997,15.637000,11.128000,149.960999,0.000000,-0.120000,0.000000,0.000000,0.000000,0.000000,0.000000,473.000000,-859.000000,-400.000000,-616.000000,322.000000,-384.000000,146.000000,22.000000,22.000000,22.000000,22.000000,22.000000,22.000000,22.000000,37.000000,36.000000,37.000000,38.000000,39.000000,40.000000,43.000000,1,1,1,1,1,1,1,0,0,0,0,0,0,0,74,5376.537109,837,0,1,0.566598,-0.033037,-0.323628,-3.116000,-0.399000,0.076000,0
1.433583,9.112000,-63.020000,-10.898000,119.079002,15.685000,11.394000,149.992996,0.000000,-0.120000,0.000000,0.000000,0.000000,0.000000,0.000000,473.000000,-859.000000,-400.000000,-616.000000,322.000000,-384.000000,146.000000,22.000000,22.000000,22.000000,22.000000,22.000000,22.000000,22.000000,37.000000,36.000000,37.000000,38.000000,39.000000,40.000000,43.000000,1,1,1,1,1,1,1,0,0,0,0,0,0,0,74,5376.536133,837,0,1,0.568395,-0.033131,-0.323628,-3.117000,-0.400000,0.076000,0
1.443874,9.073000,-62.799999,-10.903000,118.652000,15.720000,11.619000,150.014008,0.000000,-0.120000,0.000000,0.000000,0.000000,0.000000,0.000000,473.000000,-859.000000,-400.000000,-616.000000,322.000000,-384.000000,146.000000,22.000000,22.000000,22.000000,22.000000,22.000000,22.000000,22.000000,37.000000,36.000000,37.000000,38.000000,39.000000,40.000000,43.000000,1,1,1,1,1,1,1,0,0,0,0,0,0,0,74,5376.536133,837,0,1,0.569890,-0.033251,-0.323628,-3.116000,-0.399000,0.076000,0
1.453633,9.041000,-62.581001,-10.917000,118.223000,15.751000,11.845000,150.029999,0.000000,-0.120000,0.000000,0.000000,0.000000,0.000000,0.000000,473.000000,-859.000000,-400.000000,-616.000000,322.000000,-384.000000,146.000000,22.000000,22.000000,22.000000,22.000000,22.000000,22.000000,22.000000,37.000000,36.000000,37.000000,38.000000,39.000000,40.000000,43.000000,1,1,1,1,1,1,1,0,0,0,0,0,0,0,74,5376.536133,838,0,1,0.571381,-0.033410,-0.323628,-3.117000,-0.399000,0.077000,0
1.463541,9.018000,-62.362999,-10.942000,117.792999,15.778000,12.074000,150.042007,0.000000,-0.120000,0.000000,0.000000,0.000000,0.000000,0.000000,473.000000,-859.000000,-400.000000,-616.000000,322.000000,-384.000000,146.000000,22.000000,22.000000,22.000000,22.000000,22.000000,22.000000,22.000000,37.000000,36.000000,37.000000,38.000000,39.000000,40.000000,43.000000,1,1,1,1,1,1,1,0,0,0,0,0,0,0,74,5376.537109,836,0,1,0.572867,-0.033608,-0.323628,-3.116000,-0.399000,0.077000,0
1.473688,9.008000,-62.233002,-10.961000,117.533997,15.792000,12.212000,150.046005,0.000000,-0.120000,0.000000,0.000000,0.000000,0.000000,0.000000,473.000000,-859.000000,-400.000000,-616.000000,322.000000,-384.000000,146.000000,22.000000,22.000000,22.000000,22.000000,22.000000,22.000000,22.000000,37.000000,36.000000,37.000000,38.000000,39.000000,40.000000,43.000000,1,1,1,1,1,1,1,0,0,0,0,0,0,0,74,5376.536133,837,0,1,0.573756,-0.033745,-0.323628,-3.116000,-0.399000,0.077000,0
1.483637,8.998000,-62.018002,-11.001000,117.100998,15.812000,12.444000,150.050003,0.000000,-0.120000,0.000000,0.000000,0.000000,0.000000,0.000000,473.000000,-859.000000,-400.000000,-616.000000,322.000000,-384.000000,146.000000,22.000000,22.000000,22.000000,22.000000,22.000000,22.000000,22.000000,37.000000,36.000000,37.000000,38.000000,39.000000,40.000000,43.000000,1,1,1,1,1,1,1,0,0,0,0,0,0,0,74,5376.536133,836,0,1,0.575233,-0.034004,-0.323627,-3.117000,-0.400000,0.076000,0
1.493670,8.996000,-61.804001,-11.050000,116.667000,15.828000,12.677000,150.048996,0.000000,-0.120000,0.000000,0.000000,0.000000,0.000000,0.000000,473.000000,-859.000000,-400.000000,-616.000000,322.000000,-384.000000,146.000000,22.000000,22.000000,22.000000,22.000000,22.000000,22.000000,22.000000,37.000000,36.000000,37.000000,38.000000,39.000000,40.000000,43.000000,1,1,1,1,1,1,1,0,0,0,0,0,0,0,74,5376.537109,837,0,1,0.576702,-0.034301,-0.323628,-3.116000,-0.399000,0.077000,0
1.504483,9.005000,-61.549999,-11.121000,116.146004,15.842000,12.958000,150.042007,0.000000,-0.120000,0.000000,0.000000,0.000000,0.000000,0.000000,473.000000,-859.000000,-400.000000,-616.000000,322.000000,-384.000000,146.000000,22.000000,22.000000,22.000000,22.000000,22.000000,22.000000,22.000000,37.000000,36.000000,37.000000,38.000000,39.000000,40.000000,43.000000,1,1,1,1,1,1,1,0,0,0,0,0,0,0,74,5376.534180,836,0,1,0.578455,-0.034708,-0.323628,-3.117000,-0.400000,0.077000,0
1.513649,9.022000,-61.341000,-11.191000,115.710999,15.850000,13.194000,150.029999,0.000000,-0.120000,0.000000,0.000000,0.000000,0.000000,0.000000,473.000000,-859.000000,-400.000000,-616.000000,322.000000,-384.000000,146.000000,22.000000,22.000000,22.000000,22.000000,22.000000,22.000000,22.000000,37.000000,36.000000,37.000000,38.000000,39.000000,40.000000,43.000000,1,1,1,1,1,1,1,0,0,0,0,0,0,0,74,5376.536133,837,0,1,0.579905,-0.035089,-0.323628,-3.116000,-0.399000,0.076000,0
1.523578,9.047000,-61.132999,-11.269000,115.276001,15.854000,13.431000,150.014008,0.000000,-0.120000,0.000000,0.000000,0.000000,0.000000,0.000000,473.000000,-859.000000,-400.000000,-616.000000,322.000000,-384.000000,146.000000,22.000000,22.000000,22.000000,22.000000,22.000000,22.000000,22.000000,37.000000,36.000000,37.000000,38.000000,39.000000,40.000000,43.000000,1,1,1,1,1,1,1,0,0,0,0,0,0,0,74,5376.534180,836,0,1,0.581345,-0.035507,-0.323628,-3.117000,-0.400000,0.076000,0
1.533964,9.080000,-60.926998,-11.357000,114.842003,15.854000,13.669000,149.994003,0.000000,-0.120000,0.000000,0.000000,0.000000,0.000000,0.000000,473.000000,-859.000000,-400.000000,-616.000000,322.000000,-384.000000,146.000000,22.000000,22.000000,22.000000,22.000000,22.000000,22.000000,22.000000,37.000000,36.000000,37.000000,38.000000,39.000000,40.000000,43.000000,1,1,1,1,1,1,1,0,0,0,0,0,0,0,74,5376.536133,837,0,1,0.582774,-0.035962,-0.323628,-3.116000,-0.399000,0.076000,0
1.543616,9.131000,-60.682999,-11.473000,114.320000,15.851000,13.955000,149.962997,0.000000,-0.120000,0.000000,0.000000,0.000000,0.000000,0.000000,473.000000,-859.000000,-400.000000,-616.000000,322.000000,-384.000000,146.000000,22.000000,22.000000,22.000000,22.000000,22.000000,22.000000,22.000000,37.000000,36.000000,37.000000,38.000000,39.000000,40.000000,43.000000,1,1,1,1,1,1,1,0,0,0,0,0,0,0,74,5376.534180,837,0,1,0.584472,-0.036557,-0.323628,-3.116000,-0.399000,0.076000,0
1.553630,9.182000,-60.481998,-11.580000,113.887001,15.844000,14.194000,149.932007,0.000000,-0.120000,0.000000,0.000000,0.000000,0.000000,0.000000,473.000000,-859.000000,-400.000000,-616.000000,322.000000,-384.000000,146.000000,22.000000,22.000000,22.000000,22.000000,22.000000,22.000000,22.000000,37.000000,36.000000,37.000000,38.000000,39.000000,40.000000,43.000000,1,1,1,1,1,1,1,0,0,0,0,0,0,0,74,5376.537109,836,0,1,0.585872,-0.037093,-0.323627,-3.116000,-0.399000,0.076000,0
1.563604,9.242000,-60.284000,-11.694000,113.455002,15.834000,14.433000,149.895996,0.000000,-0.120000,0.000000,0.000000,0.000000,0.000000,0.000000,473.000000,-859.000000,-400.000000,-616.000000,322.000000,-384.000000,146.000000,22.000000,22.000000,22.000000,22.000000,22.000000,22.000000,22.000000,37.000000,36.000000,37.000000,38.000000,39.000000,40.000000,43.000000,1,1,1,1,1,1,1,0,0,0,0,0,0,0,74,5376.537109,837,0,1,0.587259,-0.037665,-0.323627,-3.117000,-0.400000,0.076000,0
1.573627,9.310000,-60.088001,-11.818000,113.023003,15.821000,14.672000,149.856003,0.000000,-0.120000,0.000000,0.000000,0.000000,0.000000,0.000000,473.000000,-859.000000,-400.000000,-616.000000,322.000000,-384.000000,146.000000,22.000000,22.000000,22.000000,22.000000,22.000000,22.000000,22.000000,37.000000,36.000000,37.000000,38.000000,39.000000,40.000000,43.000000,1,1,1,1,1,1,1,0,0,0,0,0,0,0,74,5376.537109,837,0,1,0.588629,-0.038272,-0.323627,-3.117000,-0.400000,0.077000,0
1.583624,9.386000,-59.895000,-11.949000,112.594002,15.805000,14.912000,149.811996,0.000000,-0.120000,0.000000,0.000000,0.000000,0.000000,0.000000,473.000000,-859.000000,-400.000000,-616.000000,322.000000,-384.000000,146.000000,22.000000,22.000000,22.000000,22.000000,22.000000,22.000000,22.000000,37.000000,36.000000,37.000000,38.000000,39.000000,40.000000,43.000000,1,1,1,1,1,1,1,0,0,0,0,0,0,0,74,5376.534180,838,0,1,0.589984,-0.038915,-0.323627,-3.117000,-0.400000,0.076000,0
1.593584,9.436000,-59.780998,-12.031000,112.336998,15.794000,15.055000,149.783005,0.000000,-0.120000,0.000000,0.000000,0.000000,0.000000,0.000000,473.000000,-859.000000,-400.000000,-616.000000,322.000000,-384.000000,146.000000,22.000000,22.000000,22.000000,22.000000,22.000000,22.000000,22.000000,37.000000,36.000000,37.000000,38.000000,39.000000,40.000000,43.000000,1,1,1,1,1,1,1,0,0,0,0,0,0,0,74,5376.537109,836,0,1,0.590788,-0.039318,-0.323628,-3.117000,-0.400000,0.076000,0
1.603629,9.525000,-59.592999,-12.175000,111.910004,15.774000,15.295000,149.731003,0.000000,-0.120000,0.000000,0.000000,0.000000,0.000000,0.000000,473.000000,-859.000000,-400.000000,-616.000000,322.000000,-384.000000,146.000000,22.000000,22.000000,22.000000,22.000000,22.000000,22.000000,22.000000,37.000000,36.000000,37.000000,38.000000,39.000000,40.000000,43.000000,1,1,1,1,1,1,1,0,0,0,0,0,0,0,74,5376.536133,837,0,1,0.592115,-0.040017,-0.323628,-3.116000,-0.399000,0.076000,0
1.613650,9.622000,-59.407001,-12.326000,111.485001,15.751000,15.533000,149.675003,0.000000,-0.120000,0.000000,0.000000,0.000000,0.000000,0.000000,473.000000,-859.000000,-400.000000,-616.000000,322.000000,-384.000000,146.000000,22.000000,22.000000,22.000000,22.000000,22.000000,22.000000,22.000000,37.000000,36.000000,37.000000,38.000000,39.000000,40.000000,43.000000,1,1,1,1,1,1,1,0,0,0,0,0,0,0,74,5376.536133,836,0,1,0.593423,-0.040749,-0.323628,-3.116000,-0.399000,0.077000,0
1.623558,9.746000,-59.182999,-12.515000,110.968002,15.721000,15.825000,149.604996,0.000000,-0.120000,0.000000,0.000000,0.000000,0.000000,0.000000,473.000000,-859.000000,-400.000000,-616.000000,322.000000,-384.000000,146.000000,22.000000,22.000000,22.000000,22.000000,22.000000,22.000000,22.000000,37.000000,36.000000,37.000000,38.000000,39.000000,40.000000,43.000000,1,1,1,1,1,1,1,0,0,0,0,0,0,0,74,5376.536133,836,0,1,0.595007,-0.041664,-0.323628,-3.117000,-0.400000,0.076000,1
1.633626,9.857000,-58.980999,-12.684000,110.502998,15.694000,16.087000,149.544006,0.000000,-0.120000,0.000000,0.000000,0.000000,0.000000,0.000000,473.000000,-859.000000,-400.000000,-616.000000,322.000000,-384.000000,146.000000,22.000000,22.000000,22.000000,22.000000,22.000000,22.000000,22.000000,37.000000,36.000000,37.000000,38.000000,39.000000,40.000000,43.000000,1,1,1,1,1,1,1,0,0,0,0,0,0,0,74,5376.536133,836,0,1,0.596425,-0.042483,-0.323627,-3.116000,-0.399000,0.076000,1
1.643608,9.979000,-58.759998,-12.868000,109.991997,15.663000,16.374001,149.481003,0.000000,-0.120000,0.000000,0.000000,0.000000,0.000000,0.000000,473.000000,-859.000000,-400.000000,-616.000000,322.000000,-384.000000,146.000000,22.000000,22.000000,22.000000,22.000000,22.000000,22.000000,22.000000,37.000000,36.000000,37.000000,38.000000,39.000000,40.000000,43.000000,1,1,1,1,1,1,1,0,0,0,0,0,0,0,74,5376.536133,837,0,1,0.597976,-0.043378,-0.323628,-3.116000,-0.399000,0.076000,1
1.653701,10.111000,-58.521000,-13.064000,109.441002,15.629000,16.683001,149.416000,0.000000,-0.120000,0.000000,0.000000,0.000000,0.000000,0.000000,473.000000,-859.000000,-400.000000,-616.000000,322.000000,-384.000000,146.000000,22.000000,22.000000,22.000000,22.000000,22.000000,22.000000,22.000000,37.000000,36.000000,37.000000,38.000000,39.000000,40.000000,43.000000,1,1,1,1,1,1,1,0,0,0,0,0,0,0,74,5376.536133,837,0,1,0.599643,-0.044341,-0.323628,-3.116000,-0.399000,0.076000,1
1.663596,10.248000,-58.273998,-13.267000,108.871002,15.595000,17.003000,149.350998,0.000000,-0.120000,0.000000,0.000000,0.000000,0.000000,0.000000,473.000000,-859.000000,-400.000000,-616.000000,322.000000,-384.000000,146.000000,22.000000,22.000000,22.000000,22.000000,22.000000,22.000000,22.000000,37.000000,36.000000,37.000000,38.000000,39.000000,40.000000,43.000000,1,1,1,1,1,1,1,0,0,0,0,0,0,0,74,5376.536133,837,0,1,0.601362,-0.045333,-0.323627,-3.117000,-0.400000,0.076000,1
1.673677,10.414000,-57.976002,-13.509000,108.181999,15.555000,17.389999,149.274002,0.000000,-0.120000,0.000000,0.000000,0.000000,0.000000,0.000000,473.000000,-859.000000,-400.000000,-616.000000,322.000000,-384.000000,146.000000,22.000000,22.000000,22.000000,22.000000,22.000000,22.000000,22.000000,37.000000,36.000000,37.000000,38.000000,39.000000,40.000000,43.000000,1,1,1,1,1,1,1,0,0,0,0,0,0,0,74,5376.536133,837,0,1,0.603429,-0.046526,-0.323628,-3.116000,-0.399000,0.076000,1
1.683640,10.552000,-57.726002,-13.710000,107.603996,15.523000,17.712999,149.212006,0.000000,-0.120000,0.000000,0.000000,0.000000,0.000000,0.000000,473.000000,-859.000000,-400.000000,-616.000000,322.000000,-384.000000,146.000000,22.000000,22.000000,22.000000,22.000000,22.000000,22.000000,22.000000,37.000000,36.000000,37.000000,38.000000,39.000000,40.000000,43.000000,1,1,1,1,1,1,1,0,0,0,0,0,0,0,74,5376.534180,837,0,1,0.605151,-0.047521,-0.323628,-3.116000,-0.399000,0.076000,1
1.693581,10.607000,-57.625000,-13.791000,107.373001,15.510000,17.843000,149.186996,0.000000,-0.120000,0.000000,0.000000,0.000000,0.000000,0.000000,473.000000,-859.000000,-400.000000,-616.000000,322.000000,-384.000000,146.000000,22.000000,22.000000,22.000000,22.000000,22.000000,22.000000,22.000000,37.000000,36.000000,37.000000,38.000000,39.000000,40.000000,43.000000,1,1,1,1,1,1,1,0,0,0,0,0,0,0,74,5376.537109,837,0,1,0.605840,-0.047918,-0.323628,-3.116000,-0.399000,0.077000,1
1.703609,10.830000,-57.223000,-14.112000,106.443001,15.462000,18.364000,149.091003,0.000000,-0.120000,0.000000,0.000000,0.000000,0.000000,0.000000,473.000000,-859.000000,-400.000000,-616.000000,322.000000,-384.000000,146.000000,22.000000,22.000000,22.000000,22.000000,22.000000,22.000000,22.000000,37.000000,36.000000,37.000000,38.000000,39.000000,40.000000,43.000000,1,1,1,1,1,1,1,0,0,0,0,0,0,0,74,5376.536133,836,0,1,0.608595,-0.049509,-0.323628,-3.116000,-0.399000,0.077000,1
1.713660,10.970000,-56.969002,-14.313000,105.858002,15.433000,18.691999,149.031998,0.000000,-0.120000,0.000000,0.000000,0.000000,0.000000,0.000000,473.000000,-859.000000,-400.000000,-616.000000,322.000000,-384.000000,146.000000,22.000000,22.000000,22.000000,22.000000,22.000000,22.000000,22.000000,37.000000,36.000000,37.000000,38.000000,39.000000,40.000000,43.000000,1,1,1,1,1,1,1,0,0,0,0,0,0,0,74,5376.536133,838,0,1,0.610317,-0.050503,-0.323628,-3.116000,-0.399000,0.076000,1
1.723582,11.111000,-56.715000,-14.513000,105.269997,15.404000,19.020000,148.975998,0.000000,-0.120000,0.000000,0.000000,0.000000,0.000000,0.000000,473.000000,-859.000000,-400.000000,-616.000000,322.000000,-384.000000,146.000000,22.000000,22.000000,22.000000,22.000000,22.000000,22.000000,22.000000,37.000000,36.000000,37.000000,38.000000,39.000000,40.000000,43.000000,1,1,1,1,1,1,1,0,0,0,0,0,0,0,74,5376.536133,837,0,1,0.612040,-0.051498,-0.323628,-3.117000,-0.400000,0.076000,1
1.733619,11.196000,-56.562000,-14.633000,104.916000,15.388000,19.218000,148.942001,0.000000,-0.120000,0.000000,0.000000,0.000000,0.000000,0.000000,473.000000,-859.000000,-400.000000,-616.000000,322.000000,-384.000000,146.000000,22.000000,22.000000,22.000000,22.000000,22.000000,22.000000,22.000000,37.000000,36.000000,37.000000,38.000000,39.000000,40.000000,43.000000,1,1,1,1,1,1,1,0,0,0,0,0,0,0,74,5376.537109,835,0,1,0.613073,-0.052094,-0.323628,-3.117000,-0.400000,0.076000,1
1.744686,11.337000,-56.306000,-14.833000,104.324997,15.362000,19.549000,148.886993,0.000000,-0.120000,0.000000,0.000000,0.000000,0.000000,0.000000,473.000000,-859.000000,-400.000000,-616.000000,322.000000,-384.000000,146.000000,22.000000,22.000000,22.000000,22.000000,22.000000,22.000000,22.000000,37.000000,36.000000,37.000000,38.000000,39.000000,40.000000,43.000000,1,1,1,1,1,1,1,0,0,0,0,0,0,0,74,5376.537109,835,0,1,0.614793,-0.053088,-0.323628,-3.116000,-0.399000,0.076000,1
1.753743,11.478000,-56.053001,-15.030000,103.739998,15.337000,19.875000,148.834000,0.000000,-0.120000,0.000000,0.000000,0.000000,0.000000,0.000000,473.000000,-859.000000,-400.000000,-616.000000,322.000000,-384.000000,146.000000,22.000000,22.000000,22.000000,22.000000,22.000000,22.000000,22.000000,37.000000,36.000000,37.000000,38.000000,39.000000,40.000000,43.000000,1,1,1,1,1,1,1,0,0,0,0,0,0,0,74,5376.536133,837,0,1,0.616487,-0.054065,-0.323628,-3.116000,-0.399000,0.076000,1
1.763644,11.638000,-55.762001,-15.255000,103.067001,15.311000,20.250999,148.774002,0.000000,-0.120000,0.000000,0.000000,0.000000,0.000000,0.000000,473.000000,-859.000000,-400.000000,-616.000000,322.000000,-384.000000,146.000000,22.000000,22.000000,22.000000,22.000000,22.000000,22.000000,22.000000,37.000000,36.000000,37.000000,38.000000,39.000000,40.000000,43.000000,1,1,1,1,1,1,1,0,0,0,0,0,0,0,74,5376.534180,836,0,1,0.618425,-0.055184,-0.323628,-3.116000,-0.399000,0.076000,1
1.773567,11.763000,-55.535999,-15.429000,102.544998,15.293000,20.542000,148.727005,0.000000,-0.120000,0.000000,0.000000,0.000000,0.000000,0.000000,473.000000,-859.000000,-400.000000,-616.000000,322.000000,-384.000000,146.000000,22.000000,22.000000,22.000000,22.000000,22.000000,22.000000,22.000000,37.000000,36.000000,37.000000,38.000000,39.000000,40.000000,43.000000,1,1,1,1,1,1,1,0,0,0,0,0,0,0,74,5376.536133,836,0,1,0.619922,-0.056049,-0.323628,-3.117000,-0.399000,0.076000,1
1.783683,11.877000,-55.327999,-15.588000,102.067001,15.280000,20.809000,148.684006,0.000000,-0.120000,0.000000,0.000000,0.000000,0.000000,0.000000,473.000000,-859.000000,-400.000000,-616.000000,322.000000,-384.000000,146.000000,22.000000,22.000000,22.000000,22.000000,22.000000,22.000000,22.000000,37.000000,36.000000,37.000000,38.000000,39.000000,40.000000,43.000000,1,1,1,1,1,1,1,0,0,0,0,0,0,0,74,5376.536133,837,0,1,0.621289,-0.056838,-0.323628,-3.116000,-0.399000,0.076000,1
1.793584,11.979000,-55.140999,-15.732000,101.635002,15.270000,21.051001,148.643997,0.000000,-0.120000,0.000000,0.000000,0.000000,0.000000,0.000000,473.000000,-859.000000,-400.000000,-616.000000,322.000000,-384.000000,146.000000,22.000000,22.000000,22.000000,22.000000,22.000000,22.000000,22.000000,37.000000,36.000000,37.000000,38.000000,39.000000,40.000000,43.000000,1,1,1,1,1,1,1,0,0,0,0,0,0,0,74,5376.537109,836,0,1,0.622518,-0.057547,-0.323628,-3.116000,-0.399000,0.077000,1
1.804022,12.070000,-54.973000,-15.861000,101.247002,15.264000,21.267000,148.606995,0.000000,-0.120000,0.000000,0.000000,0.000000,0.000000,0.000000,473.000000,-859.000000,-400.000000,-616.000000,322.000000,-384.000000,146.000000,22.000000,22.000000,22.000000,22.000000,22.000000,22.000000,22.000000,37.000000,36.000000,37.000000,38.000000,39.000000,40.000000,43.000000,1,1,1,1,1,1,1,0,0,0,0,0,0,0,74,5376.534180,837,0,1,0.623617,-0.058182,-0.323627,-3.117000,-0.400000,0.076000,1
1.813676,12.167000,-54.792000,-15.999000,100.831001,15.261000,21.500000,148.565002,0.000000,-0.120000,0.000000,0.000000,0.000000,0.000000,0.000000,473.000000,-859.000000,-400.000000,-616.000000,322.000000,-384.000000,146.000000,22.000000,22.000000,22.000000,22.000000,22.000000,22.000000,22.000000,37.000000,36.000000,37.000000,38.000000,39.000000,40.000000,43.000000,1,1,1,1,1,1,1,0,0,0,0,0,0,0,74,5376.534180,836,0,1,0.624795,-0.058862,-0.323627,-3.117000,-0.400000,0.077000,1
1.823669,12.241000,-54.653000,-16.106001,100.510002,15.260000,21.680000,148.531998,0.000000,-0.120000,0.000000,0.000000,0.000000,0.000000,0.000000,473.000000,-859.000000,-400.000000,-616.000000,322.000000,-384.000000,146.000000,22.000000,22.000000,22.000000,22.000000,22.000000,22.000000,22.000000,37.000000,36.000000,37.000000,38.000000,39.000000,40.000000,43.000000,1,1,1,1,1,1,1,0,0,0,0,0,0,0,74,5376.537109,838,0,1,0.625698,-0.059383,-0.323628,-3.117000,-0.399000,0.077000,1
1.833666,12.312000,-54.516998,-16.208000,100.197998,15.261000,21.854000,148.500000,0.000000,-0.120000,0.000000,0.000000,0.000000,0.000000,0.000000,473.000000,-859.000000,-400.000000,-616.000000,322.000000,-384.000000,146.000000,22.000000,22.000000,22.000000,22.000000,22.000000,22.000000,22.000000,37.000000,36.000000,37.000000,38.000000,39.000000,40.000000,43.000000,1,1,1,1,1,1,1,0,0,0,0,0,0,0,74,5376.536133,836,0,1,0.626577,-0.059886,-0.323628,-3.116000,-0.399000,0.076000,0
1.844090,12.375000,-54.375999,-16.302999,99.880997,15.265000,22.031000,148.475006,0.000000,-0.120000,0.000000,0.000000,0.000000,0.000000,0.000000,473.000000,-859.000000,-400.000000,-616.000000,322.000000,-384.000000,146.000000,22.000000,22.000000,22.000000,22.000000,22.000000,22.000000,22.000000,37.000000,36.000000,37.000000,38.000000,39.000000,40.000000,43.000000,1,1,1,1,1,1,1,0,0,0,0,0,0,0,74,5376.536133,837,0,1,0.627477,-0.060353,-0.323627,-3.116000,-0.399000,0.076000,0
1.853648,12.429000,-54.230000,-16.389000,99.559998,15.271000,22.208000,148.457001,0.000000,-0.120000,0.000000,0.000000,0.000000,0.000000,0.000000,473.000000,-859.000000,-400.000000,-616.000000,322.000000,-384.000000,146.000000,22.000000,22.000000,22.000000,22.000000,22.000000,22.000000,22.000000,37.000000,36.000000,37.000000,38.000000,39.000000,40.000000,43.000000,1,1,1,1,1,1,1,0,0,0,0,0,0,0,74,5376.536133,837,0,1,0.628399,-0.060773,-0.323627,-3.116000,-0.399000,0.076000,0
1.863584,12.472000,-54.080002,-16.464001,99.235001,15.282000,22.386000,148.445999,0.000000,-0.120000,0.000000,0.000000,0.000000,0.000000,0.000000,473.000000,-859.000000,-400.000000,-616.000000,322.000000,-384.000000,146.000000,22.000000,22.000000,22.000000,22.000000,22.000000,22.000000,22.000000,37.000000,36.000000,37.000000,38.000000,39.000000,40.000000,43.000000,1,1,1,1,1,1,1,0,0,0,0,0,0,0,74,5376.536133,838,0,1,0.629341,-0.061147,-0.323628,-3.117000,-0.399000,0.076000,0
1.873769,12.494000,-53.987999,-16.504999,99.039001,15.289000,22.493000,148.442993,0.000000,-0.120000,0.000000,0.000000,0.000000,0.000000,0.000000,473.000000,-859.000000,-400.000000,-616.000000,322.000000,-384.000000,146.000000,22.000000,22.000000,22.000000,22.000000,22.000000,22.000000,22.000000,37.000000,36.000000,37.000000,38.000000,39.000000,40.000000,43.000000,1,1,1,1,1,1,1,0,0,0,0,0,0,0,74,5376.537109,836,0,1,0.629915,-0.061348,-0.323628,-3.117000,-0.400000,0.076000,0
1.883702,12.521000,-53.831001,-16.563999,98.709999,15.305000,22.671000,148.445007,0.000000,-0.120000,0.000000,0.000000,0.000000,0.000000,0.000000,473.000000,-859.000000,-400.000000,-616.000000,322.000000,-384.000000,146.000000,22.000000,22.000000,22.000000,22.000000,22.000000,22.000000,22.000000,37.000000,36.000000,37.000000,38.000000,39.000000,40.000000,43.000000,1,1,1,1,1,1,1,0,0,0,0,0,0,0,74,5376.536133,836,0,1,0.630884,-0.061645,-0.323628,-3.117000,-0.399000,0.076000,0
1.893600,12.540000,-53.638000,-16.622000,98.314003,15.328000,22.884001,148.455002,0.000000,-0.120000,0.000000,0.000000,0.000000,0.000000,0.000000,473.000000,-859.000000,-400.000000,-616.000000,322.000000,-384.000000,146.000000,22.000000,22.000000,22.000000,22.000000,22.000000,22.000000,22.000000,37.000000,36.000000,37.000000,38.000000,39.000000,40.000000,43.000000,1,1,1,1,1,1,1,0,0,0,0,0,0,0,74,5376.534180,837,0,1,0.632066,-0.061936,-0.323628,-3.117000,-0.400000,0.076000,0
1.903642,12.544000,-53.473999,-16.659000,97.984001,15.350000,23.061001,148.473007,0.000000,-0.120000,0.000000,0.000000,0.000000,0.000000,0.000000,473.000000,-859.000000,-400.000000,-616.000000,322.000000,-384.000000,146.000000,22.000000,22.000000,22.000000,22.000000,22.000000,22.000000,22.000000,37.000000,36.000000,37.000000,38.000000,39.000000,40.000000,43.000000,1,1,1,1,1,1,1,0,0,0,0,0,0,0,74,5376.536133,837,0,1,0.633061,-0.062124,-0.323628,-3.116000,-0.399000,0.076000,0
1.913604,12.538000,-53.306999,-16.686001,97.653999,15.376000,23.236000,148.496994,0.000000,-0.120000,0.000000,0.000000,0.000000,0.000000,0.000000,473.000000,-859.000000,-400.000000,-616.000000,322.000000,-384.000000,146.000000,22.000000,22.000000,22.000000,22.000000,22.000000,22.000000,22.000000,37.000000,36.000000,37.000000,38.000000,39.000000,40.000000,43.000000,1,1,1,1,1,1,1,0,0,0,0,0,0,0,74,5376.536133,836,0,1,0.634066,-0.062261,-0.323628,-3.117000,-0.399000,0.076000,0
1.923580,12.522000,-53.138000,-16.702999,97.324997,15.405000,23.410000,148.528000,0.000000,-0.120000,0.000000,0.000000,0.000000,0.000000,0.000000,473.000000,-859.000000,-400.000000,-616.000000,322.000000,-384.000000,146.000000,22.000000,22.000000,22.000000,22.000000,22.000000,22.000000,22.000000,37.000000,36.000000,37.000000,38.000000,39.000000,40.000000,43.000000,1,1,1,1,1,1,1,0,0,0,0,0,0,0,74,5376.536133,837,0,1,0.635076,-0.062348,-0.323628,-3.117000,-0.399000,0.077000,0
1.933574,12.495000,-52.966999,-16.709000,96.998001,15.436000,23.580999,148.565994,0.000000,-0.120000,0.000000,0.000000,0.000000,0.000000,0.000000,473.000000,-859.000000,-400.000000,-616.000000,322.000000,-384.000000,146.000000,22.000000,22.000000,22.000000,22.000000,22.000000,22.000000,22.000000,37.000000,36.000000,37.000000,38.000000,39.000000,40.000000,43.000000,1,1,1,1,1,1,1,0,0,0,0,0,0,0,74,5376.536133,836,0,1,0.636089,-0.062384,-0.323628,-3.116000,-0.399000,0.076000,0
1.943580,12.474000,-52.863998,-16.708000,96.804001,15.456000,23.681999,148.591995,0.000000,-0.120000,0.000000,0.000000,0.000000,0.000000,0.000000,473.000000,-859.000000,-400.000000,-616.000000,322.000000,-384.000000,146.000000,22.000000,22.000000,22.000000,22.000000,22.000000,22.000000,22.000000,37.000000,36.000000,37.000000,38.000000,39.000000,40.000000,43.000000,1,1,1,1,1,1,1,0,0,0,0,0,0,0,74,5376.536133,837,0,1,0.636697,-0.062380,-0.323628,-3.116000,-0.399000,0.076000,0
1.953623,12.400000,-52.587002,-16.687000,96.291000,15.514000,23.948000,148.673996,0.000000,-0.120000,0.000000,0.000000,0.000000,0.000000,0.000000,473.000000,-859.000000,-400.000000,-616.000000,322.000000,-384.000000,146.000000,22.000000,22.000000,22.000000,22.000000,22.000000,22.000000,22.000000,37.000000,36.000000,37.000000,38.000000,39.000000,40.000000,43.000000,1,1,1,1,1,1,1,0,0,0,0,0,0,0,74,5376.537109,837,0,1,0.638316,-0.062283,-0.323628,-3.117000,-0.400000,0.076000,0
1.963562,12.340000,-52.414001,-16.660000,95.976997,15.554000,24.108999,148.733002,0.000000,-0.120000,0.000000,0.000000,0.000000,0.000000,0.000000,473.000000,-859.000000,-400.000000,-616.000000,322.000000,-384.000000,146.000000,22.000000,22.000000,22.000000,22.000000,22.000000,22.000000,22.000000,37.000000,36.000000,37.000000,38.000000,39.000000,40.000000,43.000000,1,1,1,1,1,1,1,0,0,0,0,0,0,0,74,5376.538086,837,0,1,0.639321,-0.062155,-0.323628,-3.116000,-0.399000,0.076000,0
1.973640,12.299000,-52.310001,-16.639000,95.791000,15.579000,24.204000,148.770996,0.000000,-0.120000,0.000000,0.000000,0.000000,0.000000,0.000000,473.000000,-859.000000,-400.000000,-616.000000,322.000000,-384.000000,146.000000,22.000000,22.000000,22.000000,22.000000,22.000000,22.000000,22.000000,37.000000,36.000000,37.000000,38.000000,39.000000,40.000000,43.000000,1,1,1,1,1,1,1,0,0,0,0,0,0,0,74,5376.536133,837,0,1,0.639921,-0.062055,-0.323627,-3.117000,-0.399000,0.077000,0
1.983699,12.222000,-52.137001,-16.596001,95.485001,15.622000,24.358999,148.839996,0.000000,-0.120000,0.000000,0.000000,0.000000,0.000000,0.000000,473.000000,-859.000000,-400.000000,-616.000000,322.000000,-384.000000,146.000000,22.000000,22.000000,22.000000,22.000000,22.000000,22.000000,22.000000,37.000000,36.000000,37.000000,38.000000,39.000000,40.000000,43.000000,1,1,1,1,1,1,1,0,0,0,0,0,0,0,74,5376.536133,837,0,1,0.640913,-0.061847,-0.323628,-3.117000,-0.399000,0.077000,0
1.993651,12.136000,-51.965000,-16.542999,95.186996,15.668000,24.510000,148.914993,0.000000,-0.120000,0.000000,0.000000,0.000000,0.000000,0.000000,473.000000,-859.000000,-400.000000,-616.000000,322.000000,-384.000000,146.000000,22.000000,22.000000,22.000000,22.000000,22.000000,22.000000,22.000000,37.000000,36.000000,37.000000,38.000000,39.000000,40.000000,43.000000,1,1,1,1,1,1,1,0,0,0,0,0,0,0,74,5376.537109,836,0,1,0.641893,-0.061590,-0.323628,-3.117000,-0.399000,0.077000,0
2.003633,12.019000,-51.761002,-16.466000,94.837997,15.725000,24.684999,149.013000,0.000000,-0.120000,0.000000,0.000000,0.000000,0.000000,0.000000,473.000000,-859.000000,-400.000000,-616.000000,322.000000,-384.000000,146.000000,22.000000,22.000000,22.000000,22.000000,22.000000,22.000000,22.000000,37.000000,36.000000,37.000000,38.000000,39.000000,40.000000,43.000000,1,1,1,1,1,1,1,0,0,0,0,0,0,0,74,5376.536133,836,0,1,0.643051,-0.061216,-0.323628,-3.116000,-0.399000,0.077000,0
2.013647,11.911000,-51.592999,-16.392000,94.556999,15.775000,24.823999,149.100006,0.000000,-0.120000,0.000000,0.000000,0.000000,0.000000,0.000000,473.000000,-859.000000,-400.000000,-616.000000,322.000000,-384.000000,146.000000,22.000000,22.000000,22.000000,22.000000,22.000000,22.000000,22.000000,37.000000,36.000000,37.000000,38.000000,39.000000,40.000000,43.000000,1,1,1,1,1,1,1,0,0,0,0,0,0,0,74,5376.538086,837,0,1,0.643997,-0.060852,-0.323627,-3.117000,-0.400000,0.076000,0
2.023633,11.794000,-51.428001,-16.306999,94.283997,15.827000,24.959000,149.192001,0.000000,-0.120000,0.000000,0.000000,0.000000,0.000000,0.000000,473.000000,-859.000000,-400.000000,-616.000000,322.000000,-384.000000,146.000000,22.000000,22.000000,22.000000,22.000000,22.000000,22.000000,22.000000,37.000000,36.000000,37.000000,38.000000,39.000000,40.000000,43.000000,1,1,1,1,1,1,1,0,0,0,0,0,0,0,74,5376.537109,836,0,1,0.644923,-0.060440,-0.323628,-3.116000,-0.399000,0.076000,0
2.033540,11.667000,-51.264999,-16.214001,94.021004,15.880000,25.087000,149.289001,0.000000,-0.120000,0.000000,0.000000,0.000000,0.000000,0.000000,473.000000,-859.000000,-400.000000,-616.000000,322.000000,-384.000000,146.000000,22.000000,22.000000,22.000000,22.000000,22.000000,22.000000,22.000000,37.000000,36.000000,37.000000,38.000000,39.000000,40.000000,43.000000,1,1,1,1,1,1,1,0,0,0,0,0,0,0,74,5376.536133,837,0,1,0.645828,-0.059983,-0.323627,-3.117000,-0.399000,0.077000,0
2.043620,11.504000,-51.074001,-16.090000,93.717003,15.945000,25.233999,149.410995,0.000000,-0.120000,0.000000,0.000000,0.000000,0.000000,0.000000,473.000000,-859.000000,-400.000000,-616.000000,322.000000,-384.000000,146.000000,22.000000,22.000000,22.000000,22.000000,22.000000,22.000000,22.000000,37.000000,36.000000,37.000000,38.000000,39.000000,40.000000,43.000000,1,1,1,1,1,1,1,0,0,0,0,0,0,0,74,5376.536133,835,0,1,0.646886,-0.059383,-0.323627,-3.117000,-0.399000,0.076000,1
2.053587,11.364000,-50.910999,-15.983000,93.457001,16.000999,25.360001,149.516998,0.000000,-0.120000,0.000000,0.000000,0.000000,0.000000,0.000000,473.000000,-859.000000,-400.000000,-616.000000,322.000000,-384.000000,146.000000,22.000000,22.000000,22.000000,22.000000,22.000000,22.000000,22.000000,37.000000,36.000000,37.000000,38.000000,39.000000,40.000000,43.000000,1,1,1,1,1,1,1,0,0,0,0,0,0,0,74,5376.536133,836,0,1,0.647790,-0.058861,-0.323628,-3.116000,-0.399000,0.076000,1
2.063594,11.212000,-50.736000,-15.869000,93.176003,16.058001,25.496000,149.632996,0.000000,-0.120000,0.000000,0.000000,0.000000,0.000000,0.000000,473.000000,-859.000000,-400.000000,-616.000000,322.000000,-384.000000,146.000000,22.000000,22.000000,22.000000,22.000000,22.000000,22.000000,22.000000,37.000000,36.000000,37.000000,38.000000,39.000000,40.000000,43.000000,1,1,1,1,1,1,1,0,0,0,0,0,0,0,74,5376.537109,837,0,1,0.648763,-0.058299,-0.323628,-3.116000,-0.399000,0.076000,1
2.073637,11.046000,-50.542000,-15.741000,92.862999,16.118000,25.648001,149.763000,0.000000,-0.120000,0.000000,0.000000,0.000000,0.000000,0.000000,473.000000,-859.000000,-400.000000,-616.000000,322.000000,-384.000000,146.000000,22.000000,22.000000,22.000000,22.000000,22.000000,22.000000,22.000000,37.000000,36.000000,37.000000,38.000000,39.000000,40.000000,43.000000,1,1,1,1,1,1,1,0,0,0,0,0,0,0,74,5376.537109,836,0,1,0.649839,-0.057678,-0.323628,-3.116000,-0.399000,0.076000,1
2.083603,10.860000,-50.325001,-15.600000,92.512001,16.181999,25.818001,149.910995,0.000000,-0.120000,0.000000,0.000000,0.000000,0.000000,0.000000,473.000000,-859.000000,-400.000000,-616.000000,322.000000,-384.000000,146.000000,22.000000,22.000000,22.000000,22.000000,22.000000,22.000000,22.000000,37.000000,36.000000,37.000000,38.000000,39.000000,40.000000,43.000000,1,1,1,1,1,1,1,0,0,0,0,0,0,0,74,5376.536133,837,0,1,0.651042,-0.056983,-0.323628,-3.116000,-0.399000,0.076000,1
2.093607,10.739000,-50.183998,-15.507000,92.280998,16.222000,25.930000,150.009003,0.000000,-0.120000,0.000000,0.000000,0.000000,0.000000,0.000000,473.000000,-859.000000,-400.000000,-616.000000,322.000000,-384.000000,146.000000,22.000000,22.000000,22.000000,22.000000,22.000000,22.000000,22.000000,37.000000,36.000000,37.000000,38.000000,39.000000,40.000000,43.000000,1,1,1,1,1,1,1,0,0,0,0,0,0,0,74,5376.536133,836,0,1,0.651830,-0.056528,-0.323627,-3.117000,-0.400000,0.076000,1
2.103682,10.520000,-49.928001,-15.340000,91.862000,16.292000,26.134001,150.186996,0.000000,-0.120000,0.000000,0.000000,0.000000,0.000000,0.000000,473.000000,-859.000000,-400.000000,-616.000000,322.000000,-384.000000,146.000000,22.000000,22.000000,22.000000,22.000000,22.000000,22.000000,22.000000,37.000000,36.000000,37.000000,38.000000,39.000000,40.000000,43.000000,1,1,1,1,1,1,1,0,0,0,0,0,0,0,74,5376.537109,836,0,1,0.653251,-0.055708,-0.323628,-3.116000,-0.399000,0.076000,1
2.113669,10.233000,-49.592999,-15.121000,91.306999,16.379999,26.403999,150.425003,0.000000,-0.120000,0.000000,0.000000,0.000000,0.000000,0.000000,473.000000,-859.000000,-400.000000,-616.000000,322.000000,-384.000000,146.000000,22.000000,22.000000,22.000000,22.000000,22.000000,22.000000,22.000000,37.000000,36.000000,37.000000,38.000000,39.000000,40.000000,43.000000,1,1,1,1,1,1,1,0,0,0,0,0,0,0,74,5376.536133,837,0,1,0.655117,-0.054631,-0.323628,-3.117000,-0.400000,0.077000,1
2.123604,9.978000,-49.296001,-14.928000,90.810997,16.454000,26.646000,150.636993,0.000000,-0.120000,0.000000,0.000000,0.000000,0.000000,0.000000,473.000000,-859.000000,-400.000000,-616.000000,322.000000,-384.000000,146.000000,22.000000,22.000000,22.000000,22.000000,22.000000,22.000000,22.000000,37.000000,36.000000,37.000000,38.000000,39.000000,40.000000,43.000000,1,1,1,1,1,1,1,0,0,0,0,0,0,0,74,5376.536133,835,0,1,0.656773,-0.053674,-0.323628,-3.116000,-0.399000,0.076000,1
2.133563,9.714000,-48.988998,-14.729000,90.294998,16.528000,26.898001,150.858994,0.000000,-0.120000,0.000000,0.000000,0.000000,0.000000,0.000000,473.000000,-859.000000,-400.000000,-616.000000,322.000000,-384.000000,146.000000,22.000000,22.000000,22.000000,22.000000,22.000000,22.000000,22.000000,37.000000,36.000000,37.000000,38.000000,39.000000,40.000000,43.000000,1,1,1,1,1,1,1,0,0,0,0,0,0,0,74,5376.536133,837,0,1,0.658483,-0.052687,-0.323628,-3.117000,-0.399000,0.077000,1
2.143589,9.448000,-48.679001,-14.529000,89.771004,16.600000,27.155001,151.082993,0.000000,-0.120000,0.000000,0.000000,0.000000,0.000000,0.000000,473.000000,-859.000000,-400.000000,-616.000000,322.000000,-384.000000,146.000000,22.000000,22.000000,22.000000,22.000000,22.000000,22.000000,22.000000,37.000000,36.000000,37.000000,38.000000,39.000000,40.000000,43.000000,1,1,1,1,1,1,1,0,0,0,0,0,0,0,74,5376.536133,837,0,1,0.660205,-0.051693,-0.323628,-3.117000,-0.399000,0.076000,1
2.153611,9.182000,-48.369999,-14.331000,89.242996,16.670000,27.415001,151.307999,0.000000,-0.120000,0.000000,0.000000,0.000000,0.000000,0.000000,473.000000,-859.000000,-400.000000,-616.000000,322.000000,-384.000000,146.000000,22.000000,22.000000,22.000000,22.000000,22.000000,22.000000,22.000000,37.000000,36.000000,37.000000,38.000000,39.000000,40.000000,43.000000,1,1,1,1,1,1,1,0,0,0,0,0,0,0,74,5376.537109,836,0,1,0.661927,-0.050699,-0.323628,-3.116000,-0.399000,0.076000,1
2.163632,9.022000,-48.183998,-14.212000,88.924004,16.711000,27.572001,151.444000,0.000000,-0.120000,0.000000,0.000000,0.000000,0.000000,0.000000,473.000000,-859.000000,-400.000000,-616.000000,322.000000,-384.000000,146.000000,22.000000,22.000000,22.000000,22.000000,22.000000,22.000000,22.000000,37.000000,36.000000,37.000000,38.000000,39.000000,40.000000,43.000000,1,1,1,1,1,1,1,0,0,0,0,0,0,0,74,5376.536133,837,0,1,0.662960,-0.050102,-0.323628,-3.117000,-0.400000,0.077000,1
2.173642,8.595000,-47.688000,-13.896000,88.065002,16.816000,27.995001,151.807999,0.000000,-0.120000,0.000000,0.000000,0.000000,0.000000,0.000000,473.000000,-859.000000,-400.000000,-616.000000,322.000000,-384.000000,146.000000,22.000000,22.000000,22.000000,22.000000,22.000000,22.000000,22.000000,37.000000,36.000000,37.000000,38.000000,39.000000,40.000000,43.000000,1,1,1,1,1,1,1,0,0,0,0,0,0,0,74,5376.536133,837,0,1,0.665716,-0.048511,-0.323627,-3.116000,-0.399000,0.077000,1
2.183670,8.327000,-47.377998,-13.700000,87.523003,16.879000,28.264000,152.037003,0.000000,-0.120000,0.000000,0.000000,0.000000,0.000000,0.000000,473.000000,-859.000000,-400.000000,-616.000000,322.000000,-384.000000,146.000000,22.000000,22.000000,22.000000,22.000000,22.000000,22.000000,22.000000,37.000000,36.000000,37.000000,38.000000,39.000000,40.000000,43.000000,1,1,1,1,1,1,1,0,0,0,0,0,0,0,74,5376.536133,836,0,1,0.667438,-0.047517,-0.323628,-3.116000,-0.399000,0.076000,1
2.193591,8.166000,-47.192001,-13.583000,87.195999,16.915001,28.426001,152.175995,0.000000,-0.120000,0.000000,0.000000,0.000000,0.000000,0.000000,473.000000,-859.000000,-400.000000,-616.000000,322.000000,-384.000000,146.000000,22.000000,22.000000,22.000000,22.000000,22.000000,22.000000,22.000000,37.000000,36.000000,37.000000,38.000000,39.000000,40.000000,43.000000,1,1,1,1,1,1,1,0,0,0,0,0,0,0,74,5376.536133,836,0,1,0.668471,-0.046920,-0.323628,-3.117000,-0.400000,0.076000,1
2.203685,7.898000,-46.881001,-13.388000,86.646004,16.974001,28.698000,152.406998,0.000000,-0.120000,0.000000,0.000000,0.000000,0.000000,0.000000,473.000000,-859.000000,-400.000000,-616.000000,322.000000,-384.000000,146.000000,22.000000,22.000000,22.000000,22.000000,22.000000,22.000000,22.000000,37.000000,36.000000,37.000000,38.000000,39.000000,40.000000,43.000000,1,1,1,1,1,1,1,0,0,0,0,0,0,0,74,5376.537109,838,0,1,0.670194,-0.045926,-0.323627,-3.117000,-0.400000,0.077000,1
2.213617,7.629000,-46.570000,-13.193000,86.093002,17.031000,28.974001,152.639999,0.000000,-0.120000,0.000000,0.000000,0.000000,0.000000,0.000000,473.000000,-859.000000,-400.000000,-616.000000,322.000000,-384.000000,146.000000,22.000000,22.000000,22.000000,22.000000,22.000000,22.000000,22.000000,37.000000,36.000000,37.000000,38.000000,39.000000,40.000000,43.000000,1,1,1,1,1,1,1,0,0,0,0,0,0,0,74,5376.536133,837,0,1,0.671916,-0.044932,-0.323627,-3.117000,-0.400000,0.077000,1
2.223605,7.363000,-46.261002,-13.001000,85.540001,17.084999,29.249001,152.871002,0.000000,-0.120000,0.000000,0.000000,0.000000,0.000000,0.000000,473.000000,-859.000000,-400.000000,-616.000000,322.000000,-384.000000,146.000000,22.000000,22.000000,22.000000,22.000000,22.000000,22.000000,22.000000,37.000000,36.000000,37.000000,38.000000,39.000000,40.000000,43.000000,1,1,1,1,1,1,1,0,0,0,0,0,0,0,74,5376.538086,836,0,1,0.673621,-0.043947,-0.323627,-3.117000,-0.399000,0.076000,1
2.233648,7.058000,-45.908001,-12.783000,84.901001,17.145000,29.566999,153.136993,0.000000,-0.120000,0.000000,0.000000,0.000000,0.000000,0.000000,473.000000,-859.000000,-400.000000,-616.000000,322.000000,-384.000000,146.000000,22.000000,22.000000,22.000000,22.000000,22.000000,22.000000,22.000000,37.000000,36.000000,37.000000,38.000000,39.000000,40.000000,43.000000,1,1,1,1,1,1,1,0,0,0,0,0,0,0,74,5376.537109,836,0,1,0.675572,-0.042821,-0.323628,-3.117000,-0.399000,0.076000,1
2.243586,6.823000,-45.634998,-12.616000,84.406998,17.190001,29.813999,153.341995,0.000000,-0.120000,0.000000,0.000000,0.000000,0.000000,0.000000,473.000000,-859.000000,-400.000000,-616.000000,322.000000,-384.000000,146.000000,22.000000,22.000000,22.000000,22.000000,22.000000,22.000000,22.000000,37.000000,36.000000,37.000000,38.000000,39.000000,40.000000,43.000000,1,1,1,1,1,1,1,0,0,0,0,0,0,0,74,5376.537109,838,0,1,0.677071,-0.041955,-0.323627,-3.117000,-0.399000,0.076000,1
2.253588,6.608000,-45.388000,-12.464000,83.954002,17.231001,30.040001,153.529007,0.000000,-0.120000,0.000000,0.000000,0.000000,0.000000,0.000000,473.000000,-859.000000,-400.000000,-616.000000,322.000000,-384.000000,146.000000,22.000000,22.000000,22.000000,22.000000,22.000000,22.000000,22.000000,37.000000,36.000000,37.000000,38.000000,39.000000,40.000000,43.000000,1,1,1,1,1,1,1,0,0,0,0,0,0,0,74,5376.536133,838,0,1,0.678433,-0.041169,-0.323627,-3.117000,-0.400000,0.076000,1
2.263570,6.414000,-45.162998,-12.327000,83.542000,17.267000,30.247000,153.697006,0.000000,-0.120000,0.000000,0.000000,0.000000,0.000000,0.000000,473.000000,-859.000000,-400.000000,-616.000000,322.000000,-384.000000,146.000000,22.000000,22.000000,22.000000,22.000000,22.000000,22.000000,22.000000,37.000000,36.000000,37.000000,38.000000,39.000000,40.000000,43.000000,1,1,1,1,1,1,1,0,0,0,0,0,0,0,74,5376.537109,837,0,1,0.679666,-0.040457,-0.323628,-3.117000,-0.399000,0.077000,1
2.273576,6.199000,-44.915001,-12.177000,83.085999,17.306999,30.476000,153.882996,0.000000,-0.120000,0.000000,0.000000,0.000000,0.000000,0.000000,473.000000,-859.000000,-400.000000,-616.000000,322.000000,-384.000000,146.000000,22.000000,22.000000,22.000000,22.000000,22.000000,22.000000,22.000000,37.000000,36.000000,37.000000,38.000000,39.000000,40.000000,43.000000,1,1,1,1,1,1,1,0,0,0,0,0,0,0,74,5376.536133,837,0,1,0.681023,-0.039673,-0.323628,-3.117000,-0.399000,0.076000,1
2.283696,6.027000,-44.716000,-12.058000,82.717003,17.337999,30.660999,154.031998,0.000000,-0.120000,0.000000,0.000000,0.000000,0.000000,0.000000,473.000000,-859.000000,-400.000000,-616.000000,322.000000,-384.000000,146.000000,22.000000,22.000000,22.000000,22.000000,22.000000,22.000000,22.000000,37.000000,36.000000,37.000000,38.000000,39.000000,40.000000,43.000000,1,1,1,1,1,1,1,0,0,0,0,0,0,0,74,5376.536133,837,0,1,0.682111,-0.039047,-0.323628,-3.117000,-0.400000,0.076000,0
2.293710,5.858000,-44.515999,-11.942000,82.345001,17.367001,30.849001,154.181000,0.000000,-0.120000,0.000000,0.000000,0.000000,0.000000,0.000000,473.000000,-859.000000,-400.000000,-616.000000,322.000000,-384.000000,146.000000,22.000000,22.000000,22.000000,22.000000,22.000000,22.000000,22.000000,37.000000,36.000000,37.000000,38.000000,39.000000,40.000000,43.000000,1,1,1,1,1,1,1,0,0,0,0,0,0,0,74,5376.537109,836,0,1,0.683202,-0.038434,-0.323628,-3.117000,-0.400000,0.076000,0
2.303612,5.758000,-44.395000,-11.873000,82.119003,17.384001,30.962999,154.268997,0.000000,-0.120000,0.000000,0.000000,0.000000,0.000000,0.000000,473.000000,-859.000000,-400.000000,-616.000000,322.000000,-384.000000,146.000000,22.000000,22.000000,22.000000,22.000000,22.000000,22.000000,22.000000,37.000000,36.000000,37.000000,38.000000,39.000000,40.000000,43.000000,1,1,1,1,1,1,1,0,0,0,0,0,0,0,74,5376.536133,837,0,1,0.683861,-0.038073,-0.323627,-3.117000,-0.399000,0.077000,0
2.313579,5.593000,-44.193001,-11.763000,81.737000,17.412001,31.155001,154.416000,0.000000,-0.120000,0.000000,0.000000,0.000000,0.000000,0.000000,473.000000,-859.000000,-400.000000,-616.000000,322.000000,-384.000000,146.000000,22.000000,22.000000,22.000000,22.000000,22.000000,22.000000,22.000000,37.000000,36.000000,37.000000,38.000000,39.000000,40.000000,43.000000,1,1,1,1,1,1,1,0,0,0,0,0,0,0,74,5376.537109,836,0,1,0.684965,-0.037482,-0.323628,-3.116000,-0.399000,0.076000,0
2.323600,5.432000,-43.987999,-11.656000,81.349998,17.438000,31.351000,154.563004,0.000000,-0.120000,0.000000,0.000000,0.000000,0.000000,0.000000,473.000000,-859.000000,-400.000000,-616.000000,322.000000,-384.000000,146.000000,22.000000,22.000000,22.000000,22.000000,22.000000,22.000000,22.000000,37.000000,36.000000,37.000000,38.000000,39.000000,40.000000,43.000000,1,1,1,1,1,1,1,0,0,0,0,0,0,0,74,5376.538086,836,0,1,0.686077,-0.036907,-0.323627,-3.117000,-0.399000,0.077000,0
2.333582,5.243000,-43.740002,-11.532000,80.877998,17.466999,31.591000,154.737000,0.000000,-0.120000,0.000000,0.000000,0.000000,0.000000,0.000000,473.000000,-859.000000,-400.000000,-616.000000,322.000000,-384.000000,146.000000,22.000000,22.000000,22.000000,22.000000,22.000000,22.000000,22.000000,37.000000,36.000000,37.000000,38.000000,39.000000,40.000000,43.000000,1,1,1,1,1,1,1,0,0,0,0,0,0,0,74,5376.537109,837,0,1,0.687422,-0.036235,-0.323627,-3.117000,-0.400000,0.077000,0
2.344578,5.089000,-43.532001,-11.433000,80.478996,17.490000,31.794001,154.880997,0.000000,-0.120000,0.000000,0.000000,0.000000,0.000000,0.000000,473.000000,-859.000000,-400.000000,-616.000000,322.000000,-384.000000,146.000000,22.000000,22.000000,22.000000,22.000000,22.000000,22.000000,22.000000,37.000000,36.000000,37.000000,38.000000,39.000000,40.000000,43.000000,1,1,1,1,1,1,1,0,0,0,0,0,0,0,74,5376.536133,836,0,1,0.688550,-0.035692,-0.323628,-3.117000,-0.399000,0.076000,0
2.353630,4.938000,-43.321999,-11.337000,80.072998,17.511000,32.000000,155.024994,0.000000,-0.120000,0.000000,0.000000,0.000000,0.000000,0.000000,473.000000,-859.000000,-400.000000,-616.000000,322.000000,-384.000000,146.000000,22.000000,22.000000,22.000000,22.000000,22.000000,22.000000,22.000000,37.000000,36.000000,37.000000,38.000000,39.000000,40.000000,43.000000,1,1,1,1,1,1,1,0,0,0,0,0,0,0,74,5376.537109,836,0,1,0.689685,-0.035163,-0.323628,-3.117000,-0.400000,0.077000,0
2.363628,4.791000,-43.110001,-11.246000,79.663002,17.531000,32.209000,155.167007,0.000000,-0.120000,0.000000,0.000000,0.000000,0.000000,0.000000,473.000000,-859.000000,-400.000000,-616.000000,322.000000,-384.000000,146.000000,22.000000,22.000000,22.000000,22.000000,22.000000,22.000000,22.000000,37.000000,36.000000,37.000000,38.000000,39.000000,40.000000,43.000000,1,1,1,1,1,1,1,0,0,0,0,0,0,0,74,5376.537109,837,0,1,0.690826,-0.034649,-0.323627,-3.117000,-0.400000,0.076000,0
2.373649,4.647000,-42.896000,-11.158000,79.247002,17.549999,32.421001,155.309006,0.000000,-0.120000,0.000000,0.000000,0.000000,0.000000,0.000000,473.000000,-859.000000,-400.000000,-616.000000,322.000000,-384.000000,146.000000,22.000000,22.000000,22.000000,22.000000,22.000000,22.000000,22.000000,37.000000,36.000000,37.000000,38.000000,39.000000,40.000000,43.000000,1,1,1,1,1,1,1,0,0,0,0,0,0,0,74,5376.536133,837,0,1,0.691975,-0.034150,-0.323628,-3.116000,-0.399000,0.076000,0
2.383685,4.479000,-42.636002,-11.058000,78.739998,17.570999,32.680000,155.477997,0.000000,-0.120000,0.000000,0.000000,0.000000,0.000000,0.000000,473.000000,-859.000000,-400.000000,-616.000000,322.000000,-384.000000,146.000000,22.000000,22.000000,22.000000,22.000000,22.000000,22.000000,22.000000,37.000000,36.000000,37.000000,38.000000,39.000000,40.000000,43.000000,1,1,1,1,1,1,1,0,0,0,0,0,0,0,74,5376.536133,836,0,1,0.693362,-0.033572,-0.323627,-3.117000,-0.400000,0.076000,0
2.394088,4.343000,-42.418999,-10.978000,78.311996,17.587999,32.900002,155.617004,0.000000,-0.120000,0.000000,0.000000,0.000000,0.000000,0.000000,473.000000,-859.000000,-400.000000,-616.000000,322.000000,-384.000000,146.000000,22.000000,22.000000,22.000000,22.000000,22.000000,22.000000,22.000000,37.000000,36.000000,37.000000,38.000000,39.000000,40.000000,43.000000,1,1,1,1,1,1,1,0,0,0,0,0,0,0,74,5376.537109,837,0,1,0.694524,-0.033106,-0.323628,-3.117000,-0.399000,0.077000,0
2.404351,4.211000,-42.199001,-10.903000,77.878998,17.603001,33.122002,155.755997,0.000000,-0.120000,0.000000,0.000000,0.000000,0.000000,0.000000,473.000000,-859.000000,-400.000000,-616.000000,322.000000,-384.000000,146.000000,22.000000,22.000000,22.000000,22.000000,22.000000,22.000000,22.000000,37.000000,36.000000,37.000000,38.000000,39.000000,40.000000,43.000000,1,1,1,1,1,1,1,0,0,0,0,0,0,0,74,5376.537109,836,0,1,0.695692,-0.032656,-0.323628,-3.117000,-0.399000,0.077000,0
2.413746,4.082000,-41.977001,-10.831000,77.440002,17.615999,33.347000,155.893005,0.000000,-0.120000,0.000000,0.000000,0.000000,0.000000,0.000000,473.000000,-859.000000,-400.000000,-616.000000,322.000000,-384.000000,146.000000,22.000000,22.000000,22.000000,22.000000,22.000000,22.000000,22.000000,37.000000,36.000000,37.000000,38.000000,39.000000,40.000000,43.000000,1,1,1,1,1,1,1,0,0,0,0,0,0,0,74,5376.536133,837,0,1,0.696867,-0.032221,-0.323627,-3.117000,-0.399000,0.077000,0
2.423713,3.957000,-41.752998,-10.763000,76.995003,17.629000,33.575001,156.029999,0.000000,-0.120000,0.000000,0.000000,0.000000,0.000000,0.000000,473.000000,-859.000000,-400.000000,-616.000000,322.000000,-384.000000,146.000000,22.000000,22.000000,22.000000,22.000000,22.000000,22.000000,22.000000,37.000000,36.000000,37.000000,38.000000,39.000000,40.000000,43.000000,1,1,1,1,1,1,1,0,0,0,0,0,0,0,74,5376.537109,837,0,1,0.698046,-0.031801,-0.323628,-3.117000,-0.400000,0.076000,0
2.433628,3.884000,-41.618000,-10.725000,76.725998,17.636000,33.714001,156.110992,0.000000,-0.120000,0.000000,0.000000,0.000000,0.000000,0.000000,473.000000,-859.000000,-400.000000,-616.000000,322.000000,-384.000000,146.000000,22.000000,22.000000,22.000000,22.000000,22.000000,22.000000,22.000000,37.000000,36.000000,37.000000,38.000000,39.000000,40.000000,43.000000,1,1,1,1,1,1,1,0,0,0,0,0,0,0,74,5376.536133,835,0,1,0.698757,-0.031557,-0.323628,-3.117000,-0.400000,0.076000,0
2.444266,3.765000,-41.391998,-10.664000,76.273003,17.646999,33.946999,156.246002,0.000000,-0.120000,0.000000,0.000000,0.000000,0.000000,0.000000,473.000000,-859.000000,-400.000000,-616.000000,322.000000,-384.000000,146.000000,22.000000,22.000000,22.000000,22.000000,22.000000,22.000000,22.000000,37.000000,36.000000,37.000000,38.000000,39.000000,40.000000,43.000000,1,1,1,1,1,1,1,0,0,0,0,0,0,0,74,5376.536133,835,0,1,0.699945,-0.031162,-0.323627,-3.117000,-0.400000,0.077000,0
2.453617,3.627000,-41.117001,-10.595000,75.723000,17.658001,34.230000,156.406006,0.000000,-0.120000,0.000000,0.000000,0.000000,0.000000,0.000000,473.000000,-859.000000,-400.000000,-616.000000,322.000000,-384.000000,146.000000,22.000000,22.000000,22.000000,22.000000,22.000000,22.000000,22.000000,37.000000,36.000000,37.000000,38.000000,39.000000,40.000000,43.000000,1,1,1,1,1,1,1,0,0,0,0,0,0,0,74,5376.536133,836,0,1,0.701378,-0.030709,-0.323627,-3.117000,-0.400000,0.076000,0
2.463691,3.517000,-40.887001,-10.543000,75.258003,17.667000,34.470001,156.537994,0.000000,-0.120000,0.000000,0.000000,0.000000,0.000000,0.000000,473.000000,-859.000000,-400.000000,-616.000000,322.000000,-384.000000,146.000000,22.000000,22.000000,22.000000,22.000000,22.000000,22.000000,22.000000,37.000000,36.000000,37.000000,38.000000,39.000000,40.000000,43.000000,1,1,1,1,1,1,1,0,0,0,0,0,0,0,74,5376.536133,836,0,1,0.702577,-0.030349,-0.323628,-3.116000,-0.399000,0.076000,0
2.473737,3.411000,-40.653999,-10.495000,74.788002,17.674000,34.712002,156.669006,0.000000,-0.120000,0.000000,0.000000,0.000000,0.000000,0.000000,473.000000,-859.000000,-400.000000,-616.000000,322.000000,-384.000000,146.000000,22.000000,22.000000,22.000000,22.000000,22.000000,22.000000,22.000000,37.000000,36.000000,37.000000,38.000000,39.000000,40.000000,43.000000,1,1,1,1,1,1,1,0,0,0,0,0,0,0,74,5376.536133,836,0,1,0.703781,-0.030004,-0.323628,-3.116000,-0.399000,0.076000,0
2.483675,3.309000,-40.418999,-10.451000,74.313004,17.680000,34.958000,156.798996,0.000000,-0.120000,0.000000,0.000000,0.000000,0.000000,0.000000,473.000000,-859.000000,-400.000000,-616.000000,322.000000,-384.000000,146.000000,22.000000,22.000000,22.000000,22.000000,22.000000,22.000000,22.000000,37.000000,36.000000,37.000000,38.000000,39.000000,40.000000,43.000000,1,1,1,1,1,1,1,0,0,0,0,0,0,0,74,5376.536133,837,0,1,0.704990,-0.029675,-0.323628,-3.117000,-0.399000,0.077000,1
2.493630,3.206000,-40.179001,-10.408000,73.825996,17.686001,35.209999,156.932007,0.000000,-0.120000,0.000000,0.000000,0.000000,0.000000,0.000000,473.000000,-859.000000,-400.000000,-616.000000,322.000000,-384.000000,146.000000,22.000000,22.000000,22.000000,22.000000,22.000000,22.000000,22.000000,37.000000,36.000000,37.000000,38.000000,39.000000,40.000000,43.000000,1,1,1,1,1,1,1,0,0,0,0,0,0,0,74,5376.536133,837,0,1,0.706221,-0.029345,-0.323628,-3.117000,-0.399000,0.076000,1
2.503614,3.076000,-39.868000,-10.354000,73.195000,17.691999,35.535999,157.102997,0.000000,-0.120000,0.000000,0.000000,0.000000,0.000000,0.000000,473.000000,-859.000000,-400.000000,-616.000000,322.000000,-384.000000,146.000000,22.000000,22.000000,22.000000,22.000000,22.000000,22.000000,22.000000,37.000000,36.000000,37.000000,38.000000,39.000000,40.000000,43.000000,1,1,1,1,1,1,1,0,0,0,0,0,0,0,74,5376.536133,837,0,1,0.707805,-0.028921,-0.323628,-3.117000,-0.399000,0.077000,1
2.513598,2.956000,-39.580002,-10.304000,72.608002,17.695000,35.839001,157.263000,0.000000,-0.120000,0.000000,0.000000,0.000000,0.000000,0.000000,473.000000,-859.000000,-400.000000,-616.000000,322.000000,-384.000000,146.000000,22.000000,22.000000,22.000000,22.000000,22.000000,22.000000,22.000000,37.000000,36.000000,37.000000,38.000000,39.000000,40.000000,43.000000,1,1,1,1,1,1,1,0,0,0,0,0,0,0,74,5376.536133,835,0,1,0.709266,-0.028529,-0.323627,-3.117000,-0.399000,0.076000,1
2.523634,2.826000,-39.259998,-10.250000,71.955002,17.698000,36.175999,157.442001,0.000000,-0.120000,0.000000,0.000000,0.000000,0.000000,0.000000,473.000000,-859.000000,-400.000000,-616.000000,322.000000,-384.000000,146.000000,22.000000,22.000000,22.000000,22.000000,22.000000,22.000000,22.000000,37.000000,36.000000,37.000000,38.000000,39.000000,40.000000,43.000000,1,1,1,1,1,1,1,0,0,0,0,0,0,0,74,5376.536133,835,0,1,0.710879,-0.028097,-0.323628,-3.117000,-0.399000,0.077000,1
2.533607,2.684000,-38.909000,-10.193000,71.237000,17.698999,36.546001,157.636993,0.000000,-0.120000,0.000000,0.000000,0.000000,0.000000,0.000000,473.000000,-859.000000,-400.000000,-616.000000,322.000000,-384.000000,146.000000,22.000000,22.000000,22.000000,22.000000,22.000000,22.000000,22.000000,37.000000,36.000000,37.000000,38.000000,39.000000,40.000000,43.000000,1,1,1,1,1,1,1,0,0,0,0,0,0,0,74,5376.536133,836,0,1,0.712634,-0.027627,-0.323627,-3.117000,-0.399000,0.076000,1
2.543649,2.596000,-38.686001,-10.157000,70.780998,17.698999,36.780998,157.761002,0.000000,-0.120000,0.000000,0.000000,0.000000,0.000000,0.000000,473.000000,-859.000000,-400.000000,-616.000000,322.000000,-384.000000,146.000000,22.000000,22.000000,22.000000,22.000000,22.000000,22.000000,22.000000,37.000000,36.000000,37.000000,38.000000,39.000000,40.000000,43.000000,1,1,1,1,1,1,1,0,0,0,0,0,0,0,74,5376.536133,837,0,1,0.713743,-0.027330,-0.323628,-3.116000,-0.399000,0.076000,1
2.553597,2.445000,-38.300999,-10.097000,69.991997,17.697001,37.188000,157.975998,0.000000,-0.120000,0.000000,0.000000,0.000000,0.000000,0.000000,473.000000,-859.000000,-400.000000,-616.000000,322.000000,-384.000000,146.000000,22.000000,22.000000,22.000000,22.000000,22.000000,22.000000,22.000000,37.000000,36.000000,37.000000,38.000000,39.000000,40.000000,43.000000,1,1,1,1,1,1,1,0,0,0,0,0,0,0,74,5376.536133,835,0,1,0.715645,-0.026820,-0.323627,-3.116000,-0.400000,0.076000,1
2.563592,2.295000,-37.910000,-10.037000,69.185997,17.694000,37.604000,158.195007,0.000000,-0.120000,0.000000,0.000000,0.000000,0.000000,0.000000,473.000000,-859.000000,-400.000000,-616.000000,322.000000,-384.000000,146.000000,22.000000,22.000000,22.000000,22.000000,22.000000,22.000000,22.000000,37.000000,36.000000,37.000000,38.000000,39.000000,40.000000,43.000000,1,1,1,1,1,1,1,0,0,0,0,0,0,0,74,5376.537109,836,0,1,0.717566,-0.026305,-0.323628,-3.117000,-0.399000,0.076000,1
2.573596,2.145000,-37.514000,-9.980000,68.371002,17.690001,38.023998,158.416000,0.000000,-0.120000,0.000000,0.000000,0.000000,0.000000,0.000000,473.000000,-859.000000,-400.000000,-616.000000,322.000000,-384.000000,146.000000,22.000000,22.000000,22.000000,22.000000,22.000000,22.000000,22.000000,37.000000,36.000000,37.000000,38.000000,39.000000,40.000000,43.000000,1,1,1,1,1,1,1,0,0,0,0,0,0,0,74,5376.537109,837,0,1,0.719487,-0.025791,-0.323628,-3.117000,-0.399000,0.077000,1
2.583753,1.968000,-37.035000,-9.912000,67.380997,17.681999,38.534000,158.682999,0.000000,-0.120000,0.000000,0.000000,0.000000,0.000000,0.000000,473.000000,-859.000000,-400.000000,-616.000000,322.000000,-384.000000,146.000000,22.000000,22.000000,22.000000,22.000000,22.000000,22.000000,22.000000,37.000000,36.000000,37.000000,38.000000,39.000000,40.000000,43.000000,1,1,1,1,1,1,1,0,0,0,0,0,0,0,74,5376.536133,837,0,1,0.721792,-0.025173,-0.323628,-3.117000,-0.399000,0.076000,1
2.593647,1.822000,-36.631001,-9.858000,66.545998,17.674000,38.964001,158.908005,0.000000,-0.120000,0.000000,0.000000,0.000000,0.000000,0.000000,473.000000,-859.000000,-400.000000,-616.000000,322.000000,-384.000000,146.000000,22.000000,22.000000,22.000000,22.000000,22.000000,22.000000,22.000000,37.000000,36.000000,37.000000,38.000000,39.000000,40.000000,43.000000,1,1,1,1,1,1,1,0,0,0,0,0,0,0,74,5376.536133,836,0,1,0.723713,-0.024658,-0.323628,-3.117000,-0.399000,0.076000,1
2.603581,1.678000,-36.223999,-9.805000,65.700996,17.664000,39.400002,159.134995,0.000000,-0.120000,0.000000,0.000000,0.000000,0.000000,0.000000,473.000000,-859.000000,-400.000000,-616.000000,322.000000,-384.000000,146.000000,22.000000,22.000000,22.000000,22.000000,22.000000,22.000000,22.000000,37.000000,36.000000,37.000000,38.000000,39.000000,40.000000,43.000000,1,1,1,1,1,1,1,0,0,0,0,0,0,0,74,5376.536133,836,0,1,0.725634,-0.024143,-0.323628,-3.117000,-0.399000,0.077000,1
2.613586,1.536000,-35.812000,-9.754000,64.845001,17.653000,39.840000,159.363998,0.000000,-0.120000,0.000000,0.000000,0.000000,0.000000,0.000000,473.000000,-859.000000,-400.000000,-616.000000,322.000000,-384.000000,146.000000,22.000000,22.000000,22.000000,22.000000,22.000000,22.000000,22.000000,37.000000,36.000000,37.000000,38.000000,39.000000,40.000000,43.000000,1,1,1,1,1,1,1,0,0,0,0,0,0,0,74,5376.537109,836,0,1,0.727556,-0.023629,-0.323627,-3.117000,-0.399000,0.077000,1
2.623650,1.396000,-35.396000,-9.705000,63.979000,17.639999,40.285999,159.595001,0.000000,-0.120000,0.000000,0.000000,0.000000,0.000000,0.000000,473.000000,-859.000000,-400.000000,-616.000000,322.000000,-384.000000,146.000000,22.000000,22.000000,22.000000,22.000000,22.000000,22.000000,22.000000,37.000000,36.000000,37.000000,38.000000,39.000000,40.000000,43.000000,1,1,1,1,1,1,1,0,0,0,0,0,0,0,74,5376.537109,836,0,1,0.729477,-0.023114,-0.323627,-3.117000,-0.400000,0.076000,1
2.633604,1.230000,-34.890999,-9.649000,62.924999,17.622999,40.828999,159.875000,0.000000,-0.120000,0.000000,0.000000,0.000000,0.000000,0.000000,473.000000,-859.000000,-400.000000,-616.000000,322.000000,-384.000000,146.000000,22.000000,22.000000,22.000000,22.000000,22.000000,22.000000,22.000000,37.000000,36.000000,37.000000,38.000000,39.000000,40.000000,43.000000,1,1,1,1,1,1,1,0,0,0,0,0,0,0,74,5376.536133,838,0,1,0.731781,-0.022496,-0.323627,-3.117000,-0.399000,0.077000,1
2.643673,1.095000,-34.471001,-9.604000,62.044998,17.608000,41.282001,160.108002,0.000000,-0.120000,0.000000,0.000000,0.000000,0.000000,0.000000,473.000000,-859.000000,-400.000000,-616.000000,322.000000,-384.000000,146.000000,22.000000,22.000000,22.000000,22.000000,22.000000,22.000000,22.000000,37.000000,36.000000,37.000000,38.000000,39.000000,40.000000,43.000000,1,1,1,1,1,1,1,0,0,0,0,0,0,0,74,5376.536133,835,0,1,0.733676,-0.021989,-0.323628,-3.117000,-0.399000,0.076000,1
2.653623,1.018000,-34.223999,-9.580000,61.528000,17.598000,41.548000,160.244003,0.000000,-0.120000,0.000000,0.000000,0.000000,0.000000,0.000000,473.000000,-859.000000,-400.000000,-616.000000,322.000000,-384.000000,146.000000,22.000000,22.000000,22.000000,22.000000,22.000000,22.000000,22.000000,37.000000,36.000000,37.000000,38.000000,39.000000,40.000000,43.000000,1,1,1,1,1,1,1,0,0,0,0,0,0,0,74,5376.536133,837,0,1,0.734779,-0.021693,-0.323628,-3.117000,-0.399000,0.077000,1
2.663669,0.853000,-33.679001,-9.528000,60.383999,17.573999,42.136002,160.544998,0.000000,-0.120000,0.000000,0.000000,0.000000,0.000000,0.000000,473.000000,-859.000000,-400.000000,-616.000000,322.000000,-384.000000,146.000000,22.000000,22.000000,22.000000,22.000000,22.000000,22.000000,22.000000,37.000000,36.000000,37.000000,38.000000,39.000000,40.000000,43.000000,1,1,1,1,1,1,1,0,0,0,0,0,0,0,74,5376.536133,837,0,1,0.737187,-0.021048,-0.323628,-3.117000,-0.399000,0.077000,1
2.673647,0.789000,-33.462002,-9.508000,59.929001,17.563999,42.369999,160.664001,0.000000,-0.120000,0.000000,0.000000,0.000000,0.000000,0.000000,473.000000,-859.000000,-400.000000,-616.000000,322.000000,-384.000000,146.000000,22.000000,22.000000,22.000000,22.000000,22.000000,22.000000,22.000000,37.000000,36.000000,37.000000,38.000000,39.000000,40.000000,43.000000,1,1,1,1,1,1,1,0,0,0,0,0,0,0,74,5376.534180,836,0,1,0.738133,-0.020794,-0.323628,-3.117000,-0.400000,0.077000,1
2.683708,0.692000,-33.126999,-9.480000,59.223999,17.548000,42.733002,160.848007,0.000000,-0.120000,0.000000,0.000000,0.000000,0.000000,0.000000,473.000000,-859.000000,-400.000000,-616.000000,322.000000,-384.000000,146.000000,22.000000,22.000000,22.000000,22.000000,22.000000,22.000000,22.000000,37.000000,36.000000,37.000000,38.000000,39.000000,40.000000,43.000000,1,1,1,1,1,1,1,0,0,0,0,0,0,0,74,5376.536133,836,0,1,0.739586,-0.020405,-0.323628,-3.116000,-0.399000,0.076000,1
2.693610,0.590000,-32.764000,-9.450000,58.459999,17.528999,43.125999,161.046997,0.000000,-0.120000,0.000000,0.000000,0.000000,0.000000,0.000000,473.000000,-859.000000,-400.000000,-616.000000,322.000000,-384.000000,146.000000,22.000000,22.000000,22.000000,22.000000,22.000000,22.000000,22.000000,37.000000,36.000000,37.000000,38.000000,39.000000,40.000000,43.000000,1,1,1,1,1,1,1,0,0,0,0,0,0,0,74,5376.536133,837,0,1,0.741142,-0.019988,-0.323627,-3.117000,-0.400000,0.076000,1
2.703606,0.514000,-32.487000,-9.429000,57.875999,17.513000,43.425999,161.199005,0.000000,-0.120000,0.000000,0.000000,0.000000,0.000000,0.000000,473.000000,-859.000000,-400.000000,-616.000000,322.000000,-384.000000,146.000000,22.000000,22.000000,22.000000,22.000000,22.000000,22.000000,22.000000,37.000000,36.000000,37.000000,38.000000,39.000000,40.000000,43.000000,1,1,1,1,1,1,1,0,0,0,0,0,0,0,74,5376.536133,838,0,1,0.742318,-0.019673,-0.323627,-3.117000,-0.399000,0.076000,1
2.713559,0.444000,-32.222000,-9.410000,57.314999,17.497999,43.714001,161.345001,0.000000,-0.120000,0.000000,0.000000,0.000000,0.000000,0.000000,473.000000,-859.000000,-400.000000,-616.000000,322.000000,-384.000000,146.000000,22.000000,22.000000,22.000000,22.000000,22.000000,22.000000,22.000000,37.000000,36.000000,37.000000,38.000000,39.000000,40.000000,43.000000,1,1,1,1,1,1,1,0,0,0,0,0,0,0,74,5376.537109,837,0,1,0.743437,-0.019373,-0.323628,-3.117000,-0.399000,0.076000,1
2.723626,0.369000,-31.958000,-9.386000,56.757999,17.481001,44.000000,161.492996,0.000000,-0.120000,0.000000,0.000000,0.000000,0.000000,0.000000,473.000000,-859.000000,-400.000000,-616.000000,322.000000,-384.000000,146.000000,22.000000,22.000000,22.000000,22.000000,22.000000,22.000000,22.000000,37.000000,36.000000,37.000000,38.000000,39.000000,40.000000,43.000000,1,1,1,1,1,1,1,0,0,0,0,0,0,0,74,5376.537109,836,0,1,0.744540,-0.019055,-0.323628,-3.116000,-0.399000,0.076000,0
2.733639,0.285000,-31.695999,-9.351000,56.203999,17.462999,44.283001,161.647003,0.000000,-0.120000,0.000000,0.000000,0.000000,0.000000,0.000000,473.000000,-859.000000,-400.000000,-616.000000,322.000000,-384.000000,146.000000,22.000000,22.000000,22.000000,22.000000,22.000000,22.000000,22.000000,37.000000,36.000000,37.000000,38.000000,39.000000,40.000000,43.000000,1,1,1,1,1,1,1,0,0,0,0,0,0,0,74,5376.536133,837,0,1,0.745630,-0.018694,-0.323627,-3.117000,-0.400000,0.077000,0
2.743631,0.171000,-31.384001,-9.295000,55.544998,17.438999,44.619999,161.839996,0.000000,-0.120000,0.000000,0.000000,0.000000,0.000000,0.000000,473.000000,-859.000000,-400.000000,-616.000000,322.000000,-384.000000,146.000000,22.000000,22.000000,22.000000,22.000000,22.000000,22.000000,22.000000,37.000000,36.000000,37.000000,38.000000,39.000000,40.000000,43.000000,1,1,1,1,1,1,1,0,0,0,0,0,0,0,74,5376.536133,837,0,1,0.746918,-0.018207,-0.323628,-3.117000,-0.399000,0.076000,0
2.753639,0.064000,-31.127001,-9.235000,55.000999,17.417000,44.896999,162.005997,0.000000,-0.120000,0.000000,0.000000,0.000000,0.000000,0.000000,473.000000,-859.000000,-400.000000,-616.000000,322.000000,-384.000000,146.000000,22.000000,22.000000,22.000000,22.000000,22.000000,22.000000,22.000000,37.000000,36.000000,37.000000,38.000000,39.000000,40.000000,43.000000,1,1,1,1,1,1,1,0,0,0,0,0,0,0,74,5376.537109,835,0,1,0.747973,-0.017755,-0.323627,-3.117000,-0.400000,0.077000,0
2.763657,-0.051000,-30.872999,-9.164000,54.462002,17.393999,45.169998,162.177994,0.000000,-0.120000,0.000000,0.000000,0.000000,0.000000,0.000000,473.000000,-859.000000,-400.000000,-616.000000,322.000000,-384.000000,146.000000,22.000000,22.000000,22.000000,22.000000,22.000000,22.000000,22.000000,37.000000,36.000000,37.000000,38.000000,39.000000,40.000000,43.000000,1,1,1,1,1,1,1,0,0,0,0,0,0,0,74,5376.537109,835,0,1,0.749011,-0.017263,-0.323627,-3.117000,-0.399000,0.076000,0
2.773627,-0.177000,-30.622999,-9.081000,53.931000,17.368999,45.438999,162.354996,0.000000,-0.120000,0.000000,0.000000,0.000000,0.000000,0.000000,473.000000,-859.000000,-400.000000,-616.000000,322.000000,-384.000000,146.000000,22.000000,22.000000,22.000000,22.000000,22.000000,22.000000,22.000000,37.000000,36.000000,37.000000,38.000000,39.000000,40.000000,43.000000,1,1,1,1,1,1,1,0,0,0,0,0,0,0,74,5376.536133,837,0,1,0.750028,-0.016732,-0.323627,-3.117000,-0.400000,0.077000,0
2.783661,-0.313000,-30.375999,-8.987000,53.407001,17.341000,45.703999,162.535995,0.000000,-0.120000,0.000000,0.000000,0.000000,0.000000,0.000000,473.000000,-859.000000,-400.000000,-616.000000,322.000000,-384.000000,146.000000,22.000000,22.000000,22.000000,22.000000,22.000000,22.000000,22.000000,37.000000,36.000000,37.000000,38.000000,39.000000,40.000000,43.000000,1,1,1,1,1,1,1,0,0,0,0,0,0,0,74,5376.537109,835,0,1,0.751025,-0.016162,-0.323627,-3.117000,-0.400000,0.076000,0
2.793639,-0.400000,-30.230000,-8.925000,53.096001,17.323999,45.860001,162.647003,0.000000,-0.120000,0.000000,0.000000,0.000000,0.000000,0.000000,473.000000,-859.000000,-400.000000,-616.000000,322.000000,-384.000000,146.000000,22.000000,22.000000,22.000000,22.000000,22.000000,22.000000,22.000000,37.000000,36.000000,37.000000,38.000000,39.000000,40.000000,43.000000,1,1,1,1,1,1,1,0,0,0,0,0,0,0,74,5376.536133,837,0,1,0.751612,-0.015801,-0.323627,-3.117000,-0.399000,0.076000,0
2.803602,-0.552000,-29.990999,-8.812000,52.585999,17.294001,46.116001,162.835999,0.000000,-0.120000,0.000000,0.000000,0.000000,0.000000,0.000000,473.000000,-859.000000,-400.000000,-616.000000,322.000000,-384.000000,146.000000,22.000000,22.000000,22.000000,22.000000,22.000000,22.000000,22.000000,37.000000,36.000000,37.000000,38.000000,39.000000,40.000000,43.000000,1,1,1,1,1,1,1,0,0,0,0,0,0,0,74,5376.536133,836,0,1,0.752571,-0.015171,-0.323628,-3.117000,-0.399000,0.076000,0
2.813633,-0.713000,-29.756001,-8.687000,52.085999,17.261000,46.367001,163.028000,0.000000,-0.120000,0.000000,0.000000,0.000000,0.000000,0.000000,473.000000,-859.000000,-400.000000,-616.000000,322.000000,-384.000000,146.000000,22.000000,22.000000,22.000000,22.000000,22.000000,22.000000,22.000000,37.000000,36.000000,37.000000,38.000000,39.000000,40.000000,43.000000,1,1,1,1,1,1,1,0,0,0,0,0,0,0,74,5376.536133,837,0,1,0.753505,-0.014504,-0.323628,-3.117000,-0.399000,0.077000,0
2.823830,-0.920000,-29.482000,-8.521000,51.500999,17.219999,46.659000,163.264008,0.000000,-0.120000,0.000000,0.000000,0.000000,0.000000,0.000000,473.000000,-859.000000,-400.000000,-616.000000,322.000000,-384.000000,146.000000,22.000000,22.000000,22.000000,22.000000,22.000000,22.000000,22.000000,37.000000,36.000000,37.000000,38.000000,39.000000,40.000000,43.000000,1,1,1,1,1,1,1,0,0,0,0,0,0,0,74,5376.536133,836,0,1,0.754592,-0.013657,-0.323628,-3.117000,-0.400000,0.076000,0
2.833634,-1.104000,-29.261000,-8.370000,51.026001,17.183001,46.896000,163.464005,0.000000,-0.120000,0.000000,0.000000,0.000000,0.000000,0.000000,473.000000,-859.000000,-400.000000,-616.000000,322.000000,-384.000000,146.000000,22.000000,22.000000,22.000000,22.000000,22.000000,22.000000,22.000000,37.000000,36.000000,37.000000,38.000000,39.000000,40.000000,43.000000,1,1,1,1,1,1,1,0,0,0,0,0,0,0,74,5376.536133,838,0,1,0.755466,-0.012914,-0.323628,-3.116000,-0.399000,0.076000,0
2.843627,-1.296000,-29.046000,-8.207000,50.563999,17.143999,47.125000,163.667007,0.000000,-0.120000,0.000000,0.000000,0.000000,0.000000,0.000000,473.000000,-859.000000,-400.000000,-616.000000,322.000000,-384.000000,146.000000,22.000000,22.000000,22.000000,22.000000,22.000000,22.000000,22.000000,37.000000,36.000000,37.000000,38.000000,39.000000,40.000000,43.000000,1,1,1,1,1,1,1,0,0,0,0,0,0,0,74,5376.536133,837,0,1,0.756312,-0.012137,-0.323627,-3.117000,-0.400000,0.076000,0
2.853846,-1.540000,-28.797001,-7.996000,50.028000,17.094000,47.389999,163.914001,0.000000,-0.120000,0.000000,0.000000,0.000000,0.000000,0.000000,473.000000,-859.000000,-400.000000,-616.000000,322.000000,-384.000000,146.000000,22.000000,22.000000,22.000000,22.000000,22.000000,22.000000,22.000000,37.000000,36.000000,37.000000,38.000000,39.000000,40.000000,43.000000,1,1,1,1,1,1,1,0,0,0,0,0,0,0,74,5376.536133,837,0,1,0.757286,-0.011163,-0.323628,-3.117000,-0.400000,0.077000,0
2.863616,-1.753000,-28.598000,-7.807000,49.598000,17.051001,47.601002,164.121994,0.000000,-0.120000,0.000000,0.000000,0.000000,0.000000,0.000000,473.000000,-859.000000,-400.000000,-616.000000,322.000000,-384.000000,146.000000,22.000000,22.000000,22.000000,22.000000,22.000000,22.000000,22.000000,37.000000,36.000000,37.000000,38.000000,39.000000,40.000000,43.000000,1,1,1,1,1,1,1,0,0,0,0,0,0,0,74,5376.536133,837,0,1,0.758062,-0.010318,-0.323628,-3.116000,-0.399000,0.076000,0
2.873590,-1.976000,-28.407000,-7.606000,49.182999,17.006001,47.805000,164.332001,0.000000,-0.120000,0.000000,0.000000,0.000000,0.000000,0.000000,473.000000,-859.000000,-400.000000,-616.000000,322.000000,-384.000000,146.000000,22.000000,22.000000,22.000000,22.000000,22.000000,22.000000,22.000000,37.000000,36.000000,37.000000,38.000000,39.000000,40.000000,43.000000,1,1,1,1,1,1,1,0,0,0,0,0,0,0,74,5376.534180,838,0,1,0.758806,-0.009443,-0.323628,-3.116000,-0.399000,0.076000,0
2.883631,-2.207000,-28.225000,-7.394000,48.785000,16.958000,47.999001,164.542999,0.000000,-0.120000,0.000000,0.000000,0.000000,0.000000,0.000000,473.000000,-859.000000,-400.000000,-616.000000,322.000000,-384.000000,146.000000,22.000000,22.000000,22.000000,22.000000,22.000000,22.000000,22.000000,37.000000,36.000000,37.000000,38.000000,39.000000,40.000000,43.000000,1,1,1,1,1,1,1,0,0,0,0,0,0,0,74,5376.536133,835,0,1,0.759515,-0.008540,-0.323628,-3.117000,-0.399000,0.076000,0
2.893623,-2.350000,-28.120001,-7.262000,48.555000,16.929001,48.111000,164.671005,0.000000,-0.120000,0.000000,0.000000,0.000000,0.000000,0.000000,473.000000,-859.000000,-400.000000,-616.000000,322.000000,-384.000000,146.000000,22.000000,22.000000,22.000000,22.000000,22.000000,22.000000,22.000000,37.000000,36.000000,37.000000,38.000000,39.000000,40.000000,43.000000,1,1,1,1,1,1,1,0,0,0,0,0,0,0,74,5376.536133,835,0,1,0.759924,-0.007986,-0.323628,-3.116000,-0.399000,0.076000,0
2.903695,-2.594000,-27.952000,-7.032000,48.185001,16.878000,48.289001,164.884003,0.000000,-0.120000,0.000000,0.000000,0.000000,0.000000,0.000000,473.000000,-859.000000,-400.000000,-616.000000,322.000000,-384.000000,146.000000,22.000000,22.000000,22.000000,22.000000,22.000000,22.000000,22.000000,37.000000,36.000000,37.000000,38.000000,39.000000,40.000000,43.000000,1,1,1,1,1,1,1,0,0,0,0,0,0,0,74,5376.536133,837,0,1,0.760576,-0.007041,-0.323628,-3.116000,-0.399000,0.076000,0
2.913730,-2.898000,-27.763000,-6.742000,47.766998,16.815001,48.490002,165.141006,0.000000,-0.120000,0.000000,0.000000,0.000000,0.000000,0.000000,473.000000,-859.000000,-400.000000,-616.000000,322.000000,-384.000000,146.000000,22.000000,22.000000,22.000000,22.000000,22.000000,22.000000,22.000000,37.000000,36.000000,37.000000,38.000000,39.000000,40.000000,43.000000,1,1,1,1,1,1,1,0,0,0,0,0,0,0,74,5376.536133,836,0,1,0.761311,-0.005876,-0.323628,-3.116000,-0.399000,0.076000,0
2.923879,-3.159000,-27.615000,-6.490000,47.436001,16.761000,48.647999,165.354996,0.000000,-0.120000,0.000000,0.000000,0.000000,0.000000,0.000000,473.000000,-859.000000,-400.000000,-616.000000,322.000000,-384.000000,146.000000,22.000000,22.000000,22.000000,22.000000,22.000000,22.000000,22.000000,37.000000,36.000000,37.000000,38.000000,39.000000,40.000000,43.000000,1,1,1,1,1,1,1,0,0,0,0,0,0,0,74,5376.537109,836,0,1,0.761887,-0.004883,-0.323628,-3.117000,-0.399000,0.076000,1
2.933688,-3.430000,-27.462999,-6.228000,47.094002,16.704000,48.812000,165.576004,0.000000,-0.120000,0.000000,0.000000,0.000000,0.000000,0.000000,473.000000,-859.000000,-400.000000,-616.000000,322.000000,-384.000000,146.000000,22.000000,22.000000,22.000000,22.000000,22.000000,22.000000,22.000000,37.000000,36.000000,37.000000,38.000000,39.000000,40.000000,43.000000,1,1,1,1,1,1,1,0,0,0,0,0,0,0,74,5376.537109,837,0,1,0.762479,-0.003859,-0.323628,-3.117000,-0.399000,0.076000,1
2.943736,-3.723000,-27.297001,-5.945000,46.721001,16.643000,48.991001,165.813004,0.000000,-0.120000,0.000000,0.000000,0.000000,0.000000,0.000000,473.000000,-859.000000,-400.000000,-616.000000,322.000000,-384.000000,146.000000,22.000000,22.000000,22.000000,22.000000,22.000000,22.000000,22.000000,37.000000,36.000000,37.000000,38.000000,39.000000,40.000000,43.000000,1,1,1,1,1,1,1,0,0,0,0,0,0,0,74,5376.536133,838,0,1,0.763115,-0.002758,-0.323628,-3.116000,-0.399000,0.076000,1
2.953772,-4.118000,-27.073999,-5.564000,46.214001,16.559999,49.235001,166.132004,0.000000,-0.120000,0.000000,0.000000,0.000000,0.000000,0.000000,473.000000,-859.000000,-400.000000,-616.000000,322.000000,-384.000000,146.000000,22.000000,22.000000,22.000000,22.000000,22.000000,22.000000,22.000000,37.000000,36.000000,37.000000,38.000000,39.000000,40.000000,43.000000,1,1,1,1,1,1,1,0,0,0,0,0,0,0,74,5376.536133,836,0,1,0.763965,-0.001285,-0.323628,-3.116000,-0.399000,0.076000,1
2.963692,-4.490000,-26.863001,-5.205000,45.734001,16.483000,49.466000,166.429001,0.000000,-0.120000,0.000000,0.000000,0.000000,0.000000,0.000000,473.000000,-859.000000,-400.000000,-616.000000,322.000000,-384.000000,146.000000,22.000000,22.000000,22.000000,22.000000,22.000000,22.000000,22.000000,37.000000,36.000000,37.000000,38.000000,39.000000,40.000000,43.000000,1,1,1,1,1,1,1,0,0,0,0,0,0,0,74,5376.534180,835,0,1,0.764759,0.000090,-0.323628,-3.116000,-0.399000,0.076000,1
2.973612,-4.903000,-26.629000,-4.807000,45.198002,16.396999,49.726002,166.755005,0.000000,-0.120000,0.000000,0.000000,0.000000,0.000000,0.000000,473.000000,-859.000000,-400.000000,-616.000000,322.000000,-384.000000,146.000000,22.000000,22.000000,22.000000,22.000000,22.000000,22.000000,22.000000,37.000000,36.000000,37.000000,38.000000,39.000000,40.000000,43.000000,1,1,1,1,1,1,1,0,0,0,0,0,0,0,74,5376.536133,836,0,1,0.765630,0.001599,-0.323628,-3.116000,-0.399000,0.076000,1
2.983641,-5.168000,-26.478001,-4.551000,44.851002,16.341999,49.894001,166.964005,0.000000,-0.120000,0.000000,0.000000,0.000000,0.000000,0.000000,473.000000,-859.000000,-400.000000,-616.000000,322.000000,-384.000000,146.000000,22.000000,22.000000,22.000000,22.000000,22.000000,22.000000,22.000000,37.000000,36.000000,37.000000,38.000000,39.000000,40.000000,43.000000,1,1,1,1,1,1,1,0,0,0,0,0,0,0,74,5376.536133,837,0,1,0.766186,0.002561,-0.323628,-3.116000,-0.399000,0.076000,1
2.993656,-5.633000,-26.212999,-4.101000,44.237999,16.243999,50.192001,167.326996,0.000000,-0.120000,0.000000,0.000000,0.000000,0.000000,0.000000,473.000000,-859.000000,-400.000000,-616.000000,322.000000,-384.000000,146.000000,22.000000,22.000000,22.000000,22.000000,22.000000,22.000000,22.000000,37.000000,36.000000,37.000000,38.000000,39.000000,40.000000,43.000000,1,1,1,1,1,1,1,0,0,0,0,0,0,0,74,5376.536133,837,0,1,0.767152,0.004234,-0.323628,-3.116000,-0.399000,0.076000,1
3.003674,-6.118000,-25.934999,-3.632000,43.594002,16.139999,50.506001,167.701996,0.000000,-0.120000,0.000000,0.000000,0.000000,0.000000,0.000000,473.000000,-859.000000,-400.000000,-616.000000,322.000000,-384.000000,146.000000,22.000000,22.000000,22.000000,22.000000,22.000000,22.000000,22.000000,37.000000,36.000000,37.000000,38.000000,39.000000,40.000000,43.000000,1,1,1,1,1,1,1,0,0,0,0,0,0,0,74,5376.536133,835,0,1,0.768147,0.005958,-0.323628,-3.116000,-0.399000,0.076000,1
3.013704,-6.611000,-25.652000,-3.154000,42.932999,16.034000,50.828999,168.080994,0.000000,-0.120000,0.000000,0.000000,0.000000,0.000000,0.000000,473.000000,-859.000000,-400.000000,-616.000000,322.000000,-384.000000,146.000000,22.000000,22.000000,22.000000,22.000000,22.000000,22.000000,22.000000,37.000000,36.000000,37.000000,38.000000,39.000000,40.000000,43.000000,1,1,1,1,1,1,1,0,0,0,0,0,0,0,74,5376.536133,839,0,1,0.769147,0.007690,-0.323628,-3.116000,-0.399000,0.076000,1
3.024297,-7.211000,-25.306999,-2.571000,42.118999,15.902000,51.228001,168.537003,0.000000,-0.120000,0.000000,0.000000,0.000000,0.000000,0.000000,473.000000,-859.000000,-400.000000,-616.000000,322.000000,-384.000000,146.000000,22.000000,22.000000,22.000000,22.000000,22.000000,22.000000,22.000000,37.000000,36.000000,37.000000,38.000000,39.000000,40.000000,43.000000,1,1,1,1,1,1,1,0,0,0,0,0,0,0,74,5376.536133,835,0,1,0.770347,0.009769,-0.323628,-3.116000,-0.399000,0.076000,1
3.033697,-7.718000,-25.013000,-2.076000,41.424999,15.789000,51.569000,168.917999,0.000000,-0.120000,0.000000,0.000000,0.000000,0.000000,0.000000,473.000000,-859.000000,-400.000000,-616.000000,322.000000,-384.000000,146.000000,22.000000,22.000000,22.000000,22.000000,22.000000,22.000000,22.000000,37.000000,36.000000,37.000000,38.000000,39.000000,40.000000,43.000000,1,1,1,1,1,1,1,0,0,0,0,0,0,0,74,5376.536133,837,0,1,0.771348,0.011501,-0.323628,-3.116000,-0.399000,0.076000,1
3.043761,-8.233000,-24.714001,-1.572000,40.714001,15.673000,51.919998,169.300995,0.000000,-0.120000,0.000000,0.000000,0.000000,0.000000,0.000000,473.000000,-859.000000,-400.000000,-616.000000,322.000000,-384.000000,146.000000,22.000000,22.000000,22.000000,22.000000,22.000000,22.000000,22.000000,37.000000,36.000000,37.000000,38.000000,39.000000,40.000000,43.000000,1,1,1,1,1,1,1,0,0,0,0,0,0,0,74,5376.536133,836,0,1,0.772348,0.013233,-0.323628,-3.116000,-0.399000,0.076000,1
3.053724,-8.862000,-24.347000,-0.956000,39.838001,15.530000,52.353001,169.761002,0.000000,-0.120000,0.000000,0.000000,0.000000,0.000000,0.000000,473.000000,-859.000000,-400.000000,-616.000000,322.000000,-384.000000,146.000000,22.000000,22.000000,22.000000,22.000000,22.000000,22.000000,22.000000,37.000000,36.000000,37.000000,38.000000,39.000000,40.000000,43.000000,1,1,1,1,1,1,1,0,0,0,0,0,0,0,74,5376.536133,837,0,1,0.773548,0.015312,-0.323628,-3.116000,-0.399000,0.076000,1
3.063698,-9.396000,-24.035000,-0.431000,39.089001,15.408000,52.723999,170.147003,0.000000,-0.120000,0.000000,0.000000,0.000000,0.000000,0.000000,473.000000,-859.000000,-400.000000,-616.000000,322.000000,-384.000000,146.000000,22.000000,22.000000,22.000000,22.000000,22.000000,22.000000,22.000000,37.000000,36.000000,37.000000,38.000000,39.000000,40.000000,43.000000,1,1,1,1,1,1,1,0,0,0,0,0,0,0,74,5376.536133,837,0,1,0.774548,0.017044,-0.323628,-3.116000,-0.399000,0.076000,1
3.074110,-9.940000,-23.716000,0.104000,38.320000,15.283000,53.106998,170.533997,0.000000,-0.120000,0.000000,0.000000,0.000000,0.000000,0.000000,473.000000,-859.000000,-400.000000,-616.000000,322.000000,-384.000000,146.000000,22.000000,22.000000,22.000000,22.000000,22.000000,22.000000,22.000000,37.000000,36.000000,37.000000,38.000000,39.000000,40.000000,43.000000,1,1,1,1,1,1,1,0,0,0,0,0,0,0,74,5376.534180,836,0,1,0.775548,0.018776,-0.323628,-3.116000,-0.399000,0.076000,1
3.083678,-10.495000,-23.389999,0.652000,37.530998,15.155000,53.500000,170.921997,0.000000,-0.120000,0.000000,0.000000,0.000000,0.000000,0.000000,473.000000,-859.000000,-400.000000,-616.000000,322.000000,-384.000000,146.000000,22.000000,22.000000,22.000000,22.000000,22.000000,22.000000,22.000000,37.000000,36.000000,37.000000,38.000000,39.000000,40.000000,43.000000,1,1,1,1,1,1,1,0,0,0,0,0,0,0,74,5376.536133,837,0,1,0.776548,0.020509,-0.323628,-3.116000,-0.399000,0.076000,1
3.093760,-10.833000,-23.191000,0.986000,37.047001,15.077000,53.742001,171.156006,0.000000,-0.120000,0.000000,0.000000,0.000000,0.000000,0.000000,473.000000,-859.000000,-400.000000,-616.000000,322.000000,-384.000000,146.000000,22.000000,22.000000,22.000000,22.000000,22.000000,22.000000,22.000000,37.000000,36.000000,37.000000,38.000000,39.000000,40.000000,43.000000,1,1,1,1,1,1,1,0,0,0,0,0,0,0,74,5376.537109,837,0,1,0.777148,0.021548,-0.323628,-3.116000,-0.399000,0.076000,1
3.103732,-11.409000,-22.851999,1.556000,36.223000,14.945000,54.154999,171.546997,0.000000,-0.120000,0.000000,0.000000,0.000000,0.000000,0.000000,473.000000,-859.000000,-400.000000,-616.000000,322.000000,-384.000000,146.000000,22.000000,22.000000,22.000000,22.000000,22.000000,22.000000,22.000000,37.000000,36.000000,37.000000,38.000000,39.000000,40.000000,43.000000,1,1,1,1,1,1,1,0,0,0,0,0,0,0,74,5376.536133,836,0,1,0.778148,0.023280,-0.323628,-3.116000,-0.399000,0.076000,1
3.113641,-12.114000,-22.436001,2.255000,35.208000,14.783000,54.665001,172.016006,0.000000,-0.120000,0.000000,0.000000,0.000000,0.000000,0.000000,473.000000,-859.000000,-400.000000,-616.000000,322.000000,-384.000000,146.000000,22.000000,22.000000,22.000000,22.000000,22.000000,22.000000,22.000000,37.000000,36.000000,37.000000,38.000000,39.000000,40.000000,43.000000,1,1,1,1,1,1,1,0,0,0,0,0,0,0,74,5376.536133,838,0,1,0.779343,0.025349,-0.323628,-3.116000,-0.399000,0.076000,1
3.124184,-12.709000,-22.086000,2.845000,34.348999,14.648000,55.098000,172.401001,0.000000,-0.120000,0.000000,0.000000,0.000000,0.000000,0.000000,473.000000,-859.000000,-400.000000,-616.000000,322.000000,-384.000000,146.000000,22.000000,22.000000,22.000000,22.000000,22.000000,22.000000,22.000000,37.000000,36.000000,37.000000,38.000000,39.000000,40.000000,43.000000,1,1,1,1,1,1,1,0,0,0,0,0,0,0,74,5376.536133,836,0,1,0.780320,0.027041,-0.323628,-3.116000,-0.399000,0.076000,1
3.133676,-13.419000,-21.667999,3.552000,33.320999,14.488000,55.618000,172.850006,0.000000,-0.120000,0.000000,0.000000,0.000000,0.000000,0.000000,473.000000,-859.000000,-400.000000,-616.000000,322.000000,-384.000000,146.000000,22.000000,22.000000,22.000000,22.000000,22.000000,22.000000,22.000000,37.000000,36.000000,37.000000,38.000000,39.000000,40.000000,43.000000,1,1,1,1,1,1,1,0,0,0,0,0,0,0,74,5376.537109,836,0,1,0.781453,0.029003,-0.323628,-3.116000,-0.400000,0.076000,1
3.143714,-14.001000,-21.326000,4.132000,32.478001,14.358000,56.044998,173.207001,0.000000,-0.120000,0.000000,0.000000,0.000000,0.000000,0.000000,473.000000,-859.000000,-400.000000,-616.000000,322.000000,-384.000000,146.000000,22.000000,22.000000,22.000000,22.000000,22.000000,22.000000,22.000000,37.000000,36.000000,37.000000,38.000000,39.000000,40.000000,43.000000,1,1,1,1,1,1,1,0,0,0,0,0,0,0,74,5376.536133,836,0,1,0.782350,0.030558,-0.323628,-3.116000,-0.400000,0.076000,1
3.153911,-14.565000,-20.996000,4.695000,31.660999,14.233000,56.459999,173.546005,0.000000,-0.120000,0.000000,0.000000,0.000000,0.000000,0.000000,473.000000,-859.000000,-400.000000,-616.000000,322.000000,-384.000000,146.000000,22.000000,22.000000,22.000000,22.000000,22.000000,22.000000,22.000000,37.000000,36.000000,37.000000,38.000000,39.000000,40.000000,43.000000,1,1,1,1,1,1,1,0,0,0,0,0,0,0,74,5376.536133,836,0,1,0.783196,0.032022,-0.323628,-3.116000,-0.399000,0.076000,1
3.163705,-14.892000,-20.804001,5.021000,31.187000,14.161000,56.701000,173.738007,0.000000,-0.120000,0.000000,0.000000,0.000000,0.000000,0.000000,473.000000,-859.000000,-400.000000,-616.000000,322.000000,-384.000000,146.000000,22.000000,22.000000,22.000000,22.000000,22.000000,22.000000,22.000000,37.000000,36.000000,37.000000,38.000000,39.000000,40.000000,43.000000,1,1,1,1,1,1,1,0,0,0,0,0,0,0,74,5376.536133,836,0,1,0.783674,0.032850,-0.323628,-3.116000,-0.400000,0.076000,1
3.173672,-15.412000,-20.500000,5.542000,30.434000,14.047000,57.084999,174.037994,0.000000,-0.120000,0.000000,0.000000,0.000000,0.000000,0.000000,473.000000,-859.000000,-400.000000,-616.000000,322.000000,-384.000000,146.000000,22.000000,22.000000,22.000000,22.000000,22.000000,22.000000,22.000000,37.000000,36.000000,37.000000,38.000000,39.000000,40.000000,43.000000,1,1,1,1,1,1,1,0,0,0,0,0,0,0,74,5376.536133,836,0,1,0.784417,0.034138,-0.323628,-3.116000,-0.400000,0.076000,1
3.183725,-15.896000,-20.219000,6.028000,29.735001,13.942000,57.443001,174.311005,0.000000,-0.120000,0.000000,0.000000,0.000000,0.000000,0.000000,473.000000,-859.000000,-400.000000,-616.000000,322.000000,-384.000000,146.000000,22.000000,22.000000,22.000000,22.000000,22.000000,22.000000,22.000000,37.000000,36.000000,37.000000,38.000000,39.000000,40.000000,43.000000,1,1,1,1,1,1,1,0,0,0,0,0,0,0,74,5376.536133,836,0,1,0.785089,0.035301,-0.323628,-3.116000,-0.400000,0.076000,1
3.193685,-16.336000,-19.962999,6.471000,29.099001,13.846000,57.768002,174.554001,0.000000,-0.120000,0.000000,0.000000,0.000000,0.000000,0.000000,473.000000,-859.000000,-400.000000,-616.000000,322.000000,-384.000000,146.000000,22.000000,22.000000,22.000000,22.000000,22.000000,22.000000,22.000000,37.000000,36.000000,37.000000,38.000000,39.000000,40.000000,43.000000,1,1,1,1,1,1,1,0,0,0,0,0,0,0,74,5376.534180,837,0,1,0.785684,0.036332,-0.323628,-3.116000,-0.399000,0.076000,1
3.203648,-16.799999,-19.694000,6.939000,28.430000,13.744000,58.111000,174.804993,0.000000,-0.120000,0.000000,0.000000,0.000000,0.000000,0.000000,473.000000,-859.000000,-400.000000,-616.000000,322.000000,-384.000000,146.000000,22.000000,22.000000,22.000000,22.000000,22.000000,22.000000,22.000000,37.000000,36.000000,37.000000,38.000000,39.000000,40.000000,43.000000,1,1,1,1,1,1,1,0,0,0,0,0,0,0,74,5376.534180,836,0,1,0.786295,0.037390,-0.323628,-3.116000,-0.400000,0.076000,1
3.213678,-17.127001,-19.504000,7.273000,27.955999,13.670000,58.353001,174.979996,0.000000,-0.120000,0.000000,0.000000,0.000000,0.000000,0.000000,473.000000,-859.000000,-400.000000,-616.000000,322.000000,-384.000000,146.000000,22.000000,22.000000,22.000000,22.000000,22.000000,22.000000,22.000000,37.000000,36.000000,37.000000,38.000000,39.000000,40.000000,43.000000,1,1,1,1,1,1,1,0,0,0,0,0,0,0,74,5376.537109,835,0,1,0.786717,0.038121,-0.323627,-3.117000,-0.400000,0.076000,1
3.223643,-17.399000,-19.346001,7.552000,27.563000,13.606000,58.556000,175.125000,0.000000,-0.120000,0.000000,0.000000,0.000000,0.000000,0.000000,473.000000,-859.000000,-400.000000,-616.000000,322.000000,-384.000000,146.000000,22.000000,22.000000,22.000000,22.000000,22.000000,22.000000,22.000000,37.000000,36.000000,37.000000,38.000000,39.000000,40.000000,43.000000,1,1,1,1,1,1,1,0,0,0,0,0,0,0,74,5376.536133,836,0,1,0.787062,0.038720,-0.323628,-3.117000,-0.400000,0.076000,1
3.233625,-17.615000,-19.219000,7.778000,27.247999,13.551000,58.716999,175.240005,0.000000,-0.120000,0.000000,0.000000,0.000000,0.000000,0.000000,473.000000,-859.000000,-400.000000,-616.000000,322.000000,-384.000000,146.000000,22.000000,22.000000,22.000000,22.000000,22.000000,22.000000,22.000000,37.000000,36.000000,37.000000,38.000000,39.000000,40.000000,43.000000,1,1,1,1,1,1,1,0,0,0,0,0,0,0,74,5376.536133,836,0,1,0.787335,0.039192,-0.323628,-3.117000,-0.400000,0.076000,1
3.243738,-17.777000,-19.122999,7.952000,27.007000,13.505000,58.840000,175.328995,0.000000,-0.120000,0.000000,0.000000,0.000000,0.000000,0.000000,473.000000,-859.000000,-400.000000,-616.000000,322.000000,-384.000000,146.000000,22.000000,22.000000,22.000000,22.000000,22.000000,22.000000,22.000000,37.000000,36.000000,37.000000,38.000000,39.000000,40.000000,43.000000,1,1,1,1,1,1,1,0,0,0,0,0,0,0,74,5376.537109,836,0,1,0.787540,0.039547,-0.323628,-3.117000,-0.399000,0.076000,1
3.253709,-17.907000,-19.042999,8.099000,26.809000,13.459000,58.942001,175.403000,0.000000,-0.120000,0.000000,0.000000,0.000000,0.000000,0.000000,473.000000,-859.000000,-400.000000,-616.000000,322.000000,-384.000000,146.000000,22.000000,22.000000,22.000000,22.000000,22.000000,22.000000,22.000000,37.000000,36.000000,37.000000,38.000000,39.000000,40.000000,43.000000,1,1,1,1,1,1,1,0,0,0,0,0,0,0,74,5376.537109,836,0,1,0.787708,0.039839,-0.323627,-3.117000,-0.400000,0.077000,1
3.263756,-17.969000,-19.002001,8.177000,26.707001,13.428000,58.993000,175.442993,0.000000,-0.120000,0.000000,0.000000,0.000000,0.000000,0.000000,473.000000,-859.000000,-400.000000,-616.000000,322.000000,-384.000000,146.000000,22.000000,22.000000,22.000000,22.000000,22.000000,22.000000,22.000000,37.000000,36.000000,37.000000,38.000000,39.000000,40.000000,43.000000,1,1,1,1,1,1,1,0,0,0,0,0,0,0,74,5376.536133,837,0,1,0.787794,0.039988,-0.323627,-3.117000,-0.400000,0.077000,1
3.273655,-17.999001,-18.978001,8.223000,26.650000,13.402000,59.021000,175.468002,0.000000,-0.120000,0.000000,0.000000,0.000000,0.000000,0.000000,473.000000,-859.000000,-400.000000,-616.000000,322.000000,-384.000000,146.000000,22.000000,22.000000,22.000000,22.000000,22.000000,22.000000,22.000000,37.000000,36.000000,37.000000,38.000000,39.000000,40.000000,43.000000,1,1,1,1,1,1,1,0,0,0,0,0,0,0,74,5376.536133,835,0,1,0.787842,0.040070,-0.323627,-3.117000,-0.400000,0.077000,1
3.283837,-18.004999,-18.971001,8.240000,26.632999,13.388000,59.029999,175.477005,0.000000,-0.120000,0.000000,0.000000,0.000000,0.000000,0.000000,473.000000,-859.000000,-400.000000,-616.000000,322.000000,-384.000000,146.000000,22.000000,22.000000,22.000000,22.000000,22.000000,22.000000,22.000000,37.000000,36.000000,37.000000,38.000000,39.000000,40.000000,43.000000,1,1,1,1,1,1,1,0,0,0,0,0,0,0,74,5376.537109,837,0,1,0.787856,0.040095,-0.323627,-3.117000,-0.400000,0.076000,1
3.293703,-18.000999,-18.966000,8.255000,26.621000,13.366000,59.035000,175.485992,0.000000,-0.120000,0.000000,0.000000,0.000000,0.000000,0.000000,473.000000,-859.000000,-400.000000,-616.000000,322.000000,-384.000000,146.000000,22.000000,22.000000,22.000000,22.000000,22.000000,22.000000,22.000000,37.000000,36.000000,37.000000,38.000000,39.000000,40.000000,43.000000,1,1,1,1,1,1,1,0,0,0,0,0,0,0,74,5376.537109,837,0,1,0.787866,0.040112,-0.323628,-3.117000,-0.399000,0.076000,1
3.304624,-17.996000,-18.965000,8.260000,26.618999,13.353000,59.035000,175.490005,0.000000,0.000000,0.000000,0.000000,0.000000,0.000000,0.000000,482.000000,-909.000000,-319.000000,-644.000000,318.000000,-396.000000,143.000000,22.000000,22.000000,22.000000,22.000000,22.000000,22.000000,22.000000,37.000000,36.000000,37.000000,38.000000,39.000000,40.000000,43.000000,1,1,1,1,1,1,1,0,0,0,0,0,0,0,74,5376.536133,837,0,1,0.787867,0.040115,-0.323628,-3.117000,-0.399000,0.076000,0
3.314676,-17.996000,-18.965000,8.260000,26.618999,13.353000,59.035000,175.490005,0.000000,0.000000,0.000000,0.000000,0.000000,0.000000,0.000000,475.000000,-906.000000,-341.000000,-648.000000,321.000000,-401.000000,149.000000,22.000000,22.000000,22.000000,22.000000,22.000000,22.000000,22.000000,37.000000,36.000000,37.000000,38.000000,39.000000,40.000000,43.000000,1,1,1,1,1,1,1,0,0,0,0,0,0,0,74,5376.536133,836,0,1,0.787867,0.040115,-0.323628,-3.117000,-0.399000,0.076000,0
3.324949,-17.996000,-18.965000,8.260000,26.618999,13.353000,59.035000,175.490005,0.000000,0.000000,0.000000,0.000000,0.000000,0.000000,0.120000,477.000000,-911.000000,-333.000000,-652.000000,320.000000,-395.000000,145.000000,22.000000,22.000000,22.000000,22.000000,22.000000,22.000000,22.000000,37.000000,36.000000,37.000000,38.000000,39.000000,40.000000,43.000000,1,1,1,1,1,1,1,0,0,0,0,0,0,0,74,5376.536133,838,0,1,0.787867,0.040115,-0.323628,-3.117000,-0.399000,0.076000,0
3.335939,-17.996000,-18.965000,8.260000,26.618999,13.353000,59.035000,175.490005,0.000000,0.000000,0.000000,0.000000,0.000000,0.000000,0.360000,492.000000,-914.000000,-325.000000,-651.000000,321.000000,-397.000000,148.000000,22.000000,22.000000,22.000000,22.000000,22.000000,22.000000,22.000000,37.000000,36.000000,37.000000,38.000000,39.000000,40.000000,43.000000,1,1,1,1,1,1,1,0,0,0,0,0,0,0,74,5376.536133,838,0,1,0.787867,0.040115,-0.323628,-3.117000,-0.399000,0.076000,0
3.345779,-17.996000,-18.965000,8.260000,26.618999,13.353000,59.035000,175.490005,0.000000,0.000000,0.000000,0.000000,0.000000,0.000000,0.000000,485.000000,-919.000000,-318.000000,-651.000000,319.000000,-398.000000,139.000000,22.000000,22.000000,22.000000,22.000000,22.000000,22.000000,22.000000,37.000000,36.000000,37.000000,38.000000,39.000000,40.000000,43.000000,1,1,1,1,1,1,1,0,0,0,0,0,0,0,74,5376.536133,837,0,1,0.787867,0.040115,-0.323628,-3.117000,-0.399000,0.076000,0
3.356130,-17.996000,-18.965000,8.260000,26.618999,13.353000,59.035000,175.490005,0.000000,0.000000,0.000000,0.000000,0.000000,0.000000,-0.120000,480.000000,-912.000000,-317.000000,-651.000000,317.000000,-399.000000,138.000000,22.000000,22.000000,22.000000,22.000000,22.000000,22.000000,22.000000,37.000000,36.000000,37.000000,38.000000,39.000000,40.000000,43.000000,1,1,1,1,1,1,1,0,0,0,0,0,0,0,74,5376.536133,837,0,1,0.787867,0.040115,-0.323628,-3.117000,-0.399000,0.076000,0
3.366088,-17.996000,-18.965000,8.260000,26.618999,13.353000,59.035000,175.490005,0.000000,0.000000,0.000000,0.000000,0.000000,0.000000,0.240000,487.000000,-906.000000,-338.000000,-640.000000,318.000000,-397.000000,141.000000,22.000000,22.000000,22.000000,22.000000,22.000000,22.000000,22.000000,37.000000,36.000000,37.000000,38.000000,39.000000,40.000000,43.000000,1,1,1,1,1,1,1,0,0,0,0,0,0,0,74,5376.536133,838,0,1,0.787867,0.040115,-0.323628,-3.117000,-0.399000,0.076000,0
3.377051,-17.996000,-18.965000,8.260000,26.618999,13.353000,59.035000,175.490005,0.000000,0.000000,0.000000,0.000000,0.000000,0.000000,0.000000,484.000000,-909.000000,-325.000000,-638.000000,315.000000,-398.000000,132.000000,22.000000,22.000000,22.000000,22.000000,22.000000,22.000000,22.000000,37.000000,36.000000,37.000000,38.000000,39.000000,40.000000,43.000000,1,1,1,1,1,1,1,0,0,0,0,0,0,0,74,5376.536133,837,0,1,0.787867,0.040115,-0.323628,-3.117000,-0.399000,0.076000,0
3.386813,-17.996000,-18.965000,8.260000,26.618999,13.353000,59.035000,175.490005,0.000000,0.000000,0.000000,0.000000,0.000000,0.000000,0.000000,493.000000,-911.000000,-328.000000,-648.000000,320.000000,-395.000000,140.000000,22.000000,22.000000,22.000000,22.000000,22.000000,22.000000,22.000000,37.000000,36.000000,37.000000,38.000000,39.000000,40.000000,43.000000,1,1,1,1,1,1,1,0,0,0,0,0,0,0,74,5376.536133,836,0,1,0.787867,0.040115,-0.323628,-3.117000,-0.399000,0.076000,0
3.396765,-17.996000,-18.965000,8.260000,26.618999,13.353000,59.035000,175.490005,0.000000,0.000000,0.000000,0.000000,0.000000,0.000000,0.000000,486.000000,-915.000000,-328.000000,-646.000000,312.000000,-396.000000,142.000000,22.000000,22.000000,22.000000,22.000000,22.000000,22.000000,22.000000,37.000000,36.000000,37.000000,38.000000,39.000000,40.000000,43.000000,1,1,1,1,1,1,1,0,0,0,0,0,0,0,74,5376.537109,834,0,1,0.787867,0.040115,-0.323628,-3.117000,-0.399000,0.076000,0
3.406921,-17.996000,-18.965000,8.260000,26.618999,13.353000,59.035000,175.490005,0.000000,0.000000,0.000000,0.000000,0.000000,0.000000,0.000000,490.000000,-920.000000,-338.000000,-649.000000,320.000000,-396.000000,129.000000,22.000000,22.000000,22.000000,22.000000,22.000000,22.000000,22.000000,37.000000,36.000000,37.000000,38.000000,39.000000,40.000000,43.000000,1,1,1,1,1,1,1,0,0,0,0,0,0,0,74,5376.536133,836,0,1,0.787867,0.040115,-0.323628,-3.117000,-0.399000,0.076000,0
3.416723,-17.996000,-18.965000,8.260000,26.618999,13.353000,59.035000,175.490005,0.000000,0.000000,0.000000,0.000000,0.000000,0.000000,0.000000,494.000000,-919.000000,-325.000000,-649.000000,320.000000,-395.000000,141.000000,22.000000,22.000000,22.000000,22.000000,22.000000,22.000000,22.000000,37.000000,36.000000,37.000000,38.000000,39.000000,40.000000,43.000000,1,1,1,1,1,1,1,0,0,0,0,0,0,0,74,5376.537109,836,0,1,0.787867,0.040115,-0.323628,-3.117000,-0.399000,0.076000,0
3.426737,-17.996000,-18.965000,8.260000,26.618999,13.353000,59.035000,175.490005,0.000000,0.000000,0.000000,0.000000,0.000000,0.000000,0.120000,495.000000,-916.000000,-334.000000,-651.000000,323.000000,-393.000000,144.000000,22.000000,22.000000,22.000000,22.000000,22.000000,22.000000,22.000000,37.000000,36.000000,37.000000,38.000000,39.000000,40.000000,43.000000,1,1,1,1,1,1,1,0,0,0,0,0,0,0,74,5376.536133,838,0,1,0.787867,0.040115,-0.323628,-3.117000,-0.399000,0.076000,0
3.436748,-17.996000,-18.965000,8.260000,26.618999,13.353000,59.035000,175.490005,0.000000,0.000000,0.000000,0.000000,0.000000,0.000000,0.000000,490.000000,-927.000000,-345.000000,-646.000000,318.000000,-399.000000,137.000000,22.000000,22.000000,22.000000,22.000000,22.000000,22.000000,22.000000,37.000000,36.000000,37.000000,38.000000,39.000000,40.000000,43.000000,1,1,1,1,1,1,1,0,0,0,0,0,0,0,74,5376.536133,836,0,1,0.787867,0.040115,-0.323628,-3.117000,-0.399000,0.076000,0
3.446742,-17.996000,-18.965000,8.260000,26.618999,13.353000,59.035000,175.490005,0.000000,0.000000,0.000000,0.000000,0.000000,0.000000,-0.240000,491.000000,-923.000000,-327.000000,-641.000000,321.000000,-394.000000,138.000000,22.000000,22.000000,22.000000,22.000000,22.000000,22.000000,22.000000,37.000000,36.000000,37.000000,38.000000,39.000000,40.000000,43.000000,1,1,1,1,1,1,1,0,0,0,0,0,0,0,74,5376.536133,836,0,1,0.787867,0.040115,-0.323628,-3.117000,-0.399000,0.076000,0
3.456760,-17.996000,-18.965000,8.260000,26.618999,13.353000,59.035000,175.490005,0.000000,0.000000,0.000000,0.000000,0.000000,0.000000,-0.120000,482.000000,-928.000000,-326.000000,-642.000000,328.000000,-390.000000,133.000000,22.000000,22.000000,22.000000,22.000000,22.000000,22.000000,22.000000,37.000000,36.000000,37.000000,38.000000,39.000000,40.000000,43.000000,1,1,1,1,1,1,1,0,0,0,0,0,0,0,74,5376.536133,834,0,1,0.787867,0.040115,-0.323628,-3.117000,-0.399000,0.076000,0
3.466704,-17.996000,-18.965000,8.260000,26.618999,13.353000,59.035000,175.490005,0.000000,0.000000,0.000000,0.000000,0.000000,0.000000,-0.120000,491.000000,-925.000000,-315.000000,-645.000000,321.000000,-393.000000,134.000000,22.000000,22.000000,22.000000,22.000000,22.000000,22.000000,22.000000,37.000000,36.000000,37.000000,38.000000,39.000000,40.000000,43.000000,1,1,1,1,1,1,1,0,0,0,0,0,0,0,74,5376.534180,837,0,1,0.787867,0.040115,-0.323628,-3.117000,-0.399000,0.076000,0
3.476783,-17.996000,-18.965000,8.260000,26.618999,13.353000,59.035000,175.490005,0.000000,0.000000,0.000000,0.000000,0.000000,0.000000,0.000000,486.000000,-925.000000,-309.000000,-633.000000,320.000000,-400.000000,137.000000,22.000000,22.000000,22.000000,22.000000,22.000000,22.000000,22.000000,37.000000,36.000000,37.000000,38.000000,39.000000,40.000000,43.000000,1,1,1,1,1,1,1,0,0,0,0,0,0,0,74,5376.537109,837,0,1,0.787867,0.040115,-0.323628,-3.117000,-0.399000,0.076000,0
3.486735,-17.996000,-18.965000,8.260000,26.618999,13.353000,59.035000,175.490005,0.000000,0.000000,0.000000,0.000000,0.000000,0.000000,-0.120000,479.000000,-922.000000,-311.000000,-642.000000,320.000000,-395.000000,134.000000,22.000000,22.000000,22.000000,22.000000,22.000000,22.000000,22.000000,37.000000,36.000000,37.000000,38.000000,39.000000,40.000000,43.000000,1,1,1,1,1,1,1,0,0,0,0,0,0,0,74,5376.536133,837,0,1,0.787867,0.040115,-0.323628,-3.117000,-0.399000,0.076000,0
3.496714,-17.996000,-18.965000,8.260000,26.618999,13.353000,59.035000,175.490005,0.120000,0.000000,0.000000,0.000000,0.000000,0.000000,-0.360000,491.000000,-926.000000,-320.000000,-642.000000,324.000000,-401.000000,138.000000,22.000000,22.000000,22.000000,22.000000,22.000000,22.000000,22.000000,37.000000,36.000000,37.000000,38.000000,39.000000,40.000000,43.000000,1,1,1,1,1,1,1,0,0,0,0,0,0,0,74,5376.537109,836,0,1,0.787867,0.040115,-0.323628,-3.117000,-0.399000,0.076000,0
3.506711,-17.996000,-18.965000,8.260000,26.618999,13.353000,59.035000,175.490005,0.000000,0.000000,0.000000,0.000000,0.000000,0.000000,0.000000,490.000000,-921.000000,-300.000000,-643.000000,327.000000,-401.000000,154.000000,22.000000,22.000000,22.000000,22.000000,22.000000,22.000000,22.000000,37.000000,36.000000,37.000000,38.000000,39.000000,40.000000,43.000000,1,1,1,1,1,1,1,0,0,0,0,0,0,0,74,5376.534180,836,0,1,0.787867,0.040115,-0.323628,-3.117000,-0.399000,0.076000,0
3.516704,-17.996000,-18.965000,8.260000,26.618999,13.353000,59.035000,175.490005,0.000000,0.000000,0.000000,0.000000,0.000000,0.000000,0.000000,494.000000,-928.000000,-314.000000,-637.000000,323.000000,-400.000000,131.000000,22.000000,22.000000,22.000000,22.000000,22.000000,22.000000,22.000000,37.000000,36.000000,37.000000,38.000000,39.000000,40.000000,43.000000,1,1,1,1,1,1,1,0,0,0,0,0,0,0,74,5376.536133,836,0,1,0.787867,0.040115,-0.323628,-3.117000,-0.399000,0.076000,0
3.526741,-17.996000,-18.965000,8.260000,26.618999,13.353000,59.035000,175.490005,0.000000,0.000000,0.000000,0.000000,0.000000,0.000000,-0.240000,487.000000,-929.000000,-324.000000,-641.000000,327.000000,-395.000000,133.000000,22.000000,22.000000,22.000000,22.000000,22.000000,22.000000,22.000000,37.000000,36.000000,37.000000,38.000000,39.000000,40.000000,43.000000,1,1,1,1,1,1,1,0,0,0,0,0,0,0,74,5376.537109,836,0,1,0.787867,0.040115,-0.323628,-3.117000,-0.399000,0.076000,0
3.536683,-17.996000,-18.965000,8.260000,26.618999,13.353000,59.035000,175.490005,0.000000,0.000000,0.000000,0.000000,0.000000,0.000000,0.000000,488.000000,-930.000000,-323.000000,-639.000000,326.000000,-402.000000,131.000000,22.000000,22.000000,22.000000,22.000000,22.000000,22.000000,22.000000,37.000000,36.000000,37.000000,38.000000,39.000000,40.000000,43.000000,1,1,1,1,1,1,1,0,0,0,0,0,0,0,74,5376.536133,836,0,1,0.787867,0.040115,-0.323628,-3.117000,-0.399000,0.076000,0
3.546656,-17.996000,-18.965000,8.260000,26.618999,13.353000,59.035000,175.490005,0.000000,0.000000,0.000000,0.000000,0.000000,0.000000,0.000000,479.000000,-927.000000,-306.000000,-635.000000,322.000000,-397.000000,136.000000,22.000000,22.000000,22.000000,22.000000,22.000000,22.000000,22.000000,37.000000,36.000000,37.000000,38.000000,39.000000,40.000000,43.000000,1,1,1,1,1,1,1,0,0,0,0,0,0,0,74,5376.536133,837,0,1,0.787867,0.040115,-0.323628,-3.117000,-0.399000,0.076000,0
3.556716,-17.996000,-18.965000,8.260000,26.618999,13.353000,59.035000,175.490005,0.000000,0.000000,0.000000,0.000000,0.000000,0.000000,0.000000,483.000000,-929.000000,-316.000000,-644.000000,327.000000,-394.000000,138.000000,22.000000,22.000000,22.000000,22.000000,22.000000,22.000000,22.000000,37.000000,36.000000,37.000000,38.000000,39.000000,40.000000,43.000000,1,1,1,1,1,1,1,0,0,0,0,0,0,0,74,5376.534180,836,0,1,0.787867,0.040115,-0.323628,-3.117000,-0.399000,0.076000,0
3.566717,-17.996000,-18.965000,8.260000,26.618999,13.353000,59.035000,175.490005,0.000000,0.000000,0.000000,0.000000,0.000000,0.000000,-0.120000,478.000000,-940.000000,-319.000000,-632.000000,324.000000,-401.000000,137.000000,22.000000,22.000000,22.000000,22.000000,22.000000,22.000000,22.000000,37.000000,36.000000,37.000000,38.000000,39.000000,40.000000,43.000000,1,1,1,1,1,1,1,0,0,0,0,0,0,0,74,5376.534180,836,0,1,0.787867,0.040115,-0.323628,-3.117000,-0.399000,0.076000,0
3.577001,-17.996000,-18.965000,8.260000,26.618999,13.353000,59.035000,175.490005,0.000000,0.000000,0.000000,0.000000,0.000000,0.000000,0.000000,469.000000,-937.000000,-316.000000,-632.000000,328.000000,-399.000000,149.000000,22.000000,22.000000,22.000000,22.000000,22.000000,22.000000,22.000000,37.000000,36.000000,37.000000,38.000000,39.000000,40.000000,43.000000,1,1,1,1,1,1,1,0,0,0,0,0,0,0,74,5376.536133,836,0,1,0.787867,0.040115,-0.323628,-3.117000,-0.399000,0.076000,0
3.586751,-17.996000,-18.965000,8.260000,26.618999,13.353000,59.035000,175.490005,0.000000,0.000000,0.000000,0.000000,0.000000,0.000000,0.000000,474.000000,-931.000000,-317.000000,-637.000000,327.000000,-395.000000,138.000000,22.000000,22.000000,22.000000,22.000000,22.000000,22.000000,22.000000,37.000000,36.000000,37.000000,38.000000,39.000000,40.000000,43.000000,1,1,1,1,1,1,1,0,0,0,0,0,0,0,74,5376.537109,837,0,1,0.787867,0.040115,-0.323628,-3.117000,-0.399000,0.076000,0
3.596728,-17.996000,-18.965000,8.260000,26.618999,13.353000,59.035000,175.490005,0.000000,0.000000,0.000000,0.000000,0.000000,0.000000,0.000000,479.000000,-933.000000,-316.000000,-628.000000,324.000000,-396.000000,136.000000,22.000000,22.000000,22.000000,22.000000,22.000000,22.000000,22.000000,37.000000,36.000000,37.000000,38.000000,39.000000,40.000000,43.000000,1,1,1,1,1,1,1,0,0,0,0,0,0,0,74,5376.536133,837,0,1,0.787867,0.040115,-0.323628,-3.117000,-0.399000,0.076000,0
3.606944,-17.996000,-18.965000,8.260000,26.618999,13.353000,59.035000,175.490005,0.000000,0.000000,0.000000,0.000000,0.000000,0.000000,0.000000,475.000000,-926.000000,-314.000000,-628.000000,326.000000,-397.000000,146.000000,22.000000,22.000000,22.000000,22.000000,22.000000,22.000000,22.000000,37.000000,36.000000,37.000000,38.000000,39.000000,40.000000,43.000000,1,1,1,1,1,1,1,0,0,0,0,0,0,0,74,5376.536133,836,0,1,0.787867,0.040115,-0.323628,-3.117000,-0.399000,0.076000,0
3.616678,-17.996000,-18.965000,8.260000,26.618999,13.353000,59.035000,175.490005,0.000000,0.000000,0.000000,0.000000,0.000000,0.000000,-0.120000,475.000000,-937.000000,-317.000000,-651.000000,324.000000,-401.000000,136.000000,22.000000,22.000000,22.000000,22.000000,22.000000,22.000000,22.000000,37.000000,36.000000,37.000000,38.000000,39.000000,40.000000,43.000000,1,1,1,1,1,1,1,0,0,0,0,0,0,0,74,5376.534180,836,0,1,0.787867,0.040115,-0.323628,-3.117000,-0.399000,0.076000,0
3.627306,-17.996000,-18.965000,8.260000,26.618999,13.353000,59.035000,175.490005,0.000000,0.000000,0.000000,0.000000,0.000000,0.000000,0.000000,474.000000,-934.000000,-325.000000,-630.000000,325.000000,-399.000000,143.000000,22.000000,22.000000,22.000000,22.000000,22.000000,22.000000,22.000000,37.000000,36.000000,37.000000,38.000000,39.000000,40.000000,43.000000,1,1,1,1,1,1,1,0,0,0,0,0,0,0,74,5376.534180,836,0,1,0.787867,0.040115,-0.323628,-3.117000,-0.399000,0.076000,0
3.636671,-17.996000,-18.965000,8.260000,26.618999,13.353000,59.035000,175.490005,0.000000,0.000000,0.000000,0.000000,0.000000,0.000000,0.000000,475.000000,-934.000000,-314.000000,-639.000000,326.000000,-391.000000,141.000000,22.000000,22.000000,22.000000,22.000000,22.000000,22.000000,22.000000,37.000000,36.000000,37.000000,38.000000,39.000000,40.000000,43.000000,1,1,1,1,1,1,1,0,0,0,0,0,0,0,74,5376.536133,837,0,1,0.787867,0.040115,-0.323628,-3.117000,-0.399000,0.076000,0
3.646752,-17.996000,-18.965000,8.260000,26.618999,13.353000,59.035000,175.490005,0.000000,0.000000,0.000000,0.000000,0.000000,0.000000,0.120000,472.000000,-934.000000,-324.000000,-635.000000,320.000000,-401.000000,144.000000,22.000000,22.000000,22.000000,22.000000,22.000000,22.000000,22.000000,37.000000,36.000000,37.000000,38.000000,39.000000,40.000000,43.000000,1,1,1,1,1,1,1,0,0,0,0,0,0,0,74,5376.536133,836,0,1,0.787867,0.040115,-0.323628,-3.117000,-0.399000,0.076000,0
3.657253,-17.996000,-18.965000,8.260000,26.618999,13.353000,59.035000,175.490005,0.000000,0.000000,0.000000,0.000000,0.000000,0.000000,0.000000,478.000000,-934.000000,-302.000000,-639.000000,320.000000,-403.000000,146.000000,22.000000,22.000000,22.000000,22.000000,22.000000,22.000000,22.000000,37.000000,36.000000,37.000000,38.000000,39.000000,40.000000,43.000000,1,1,1,1,1,1,1,0,0,0,0,0,0,0,74,5376.537109,837,0,1,0.787867,0.040115,-0.323628,-3.117000,-0.399000,0.076000,0
3.666793,-17.996000,-18.965000,8.260000,26.618999,13.353000,59.035000,175.490005,0.000000,0.000000,0.000000,0.000000,0.000000,0.000000,-0.120000,478.000000,-933.000000,-301.000000,-648.000000,315.000000,-399.000000,151.000000,22.000000,22.000000,22.000000,22.000000,22.000000,22.000000,22.000000,37.000000,36.000000,37.000000,38.000000,39.000000,40.000000,43.000000,1,1,1,1,1,1,1,0,0,0,0,0,0,0,74,5376.536133,836,0,1,0.787867,0.040115,-0.323628,-3.117000,-0.399000,0.076000,0
3.677157,-17.996000,-18.965000,8.260000,26.618999,13.353000,59.035000,175.490005,0.000000,0.000000,0.000000,0.000000,0.000000,0.000000,0.000000,477.000000,-933.000000,-326.000000,-641.000000,322.000000,-403.000000,149.000000,22.000000,22.000000,22.000000,22.000000,22.000000,22.000000,22.000000,37.000000,36.000000,37.000000,38.000000,39.000000,40.000000,43.000000,1,1,1,1,1,1,1,0,0,0,0,0,0,0,74,5376.537109,836,0,1,0.787867,0.040115,-0.323628,-3.117000,-0.399000,0.076000,0
3.686682,-17.996000,-18.965000,8.260000,26.618999,13.353000,59.035000,175.490005,0.000000,0.000000,0.000000,0.000000,0.000000,0.000000,0.000000,479.000000,-932.000000,-317.000000,-645.000000,316.000000,-396.000000,139.000000,22.000000,22.000000,22.000000,22.000000,22.000000,22.000000,22.000000,37.000000,36.000000,37.000000,38.000000,39.000000,40.000000,43.000000,1,1,1,1,1,1,1,0,0,0,0,0,0,0,74,5376.536133,837,0,1,0.787867,0.040115,-0.323628,-3.117000,-0.399000,0.076000,0
