t_mono,position1,position2,position3,position4,position5,position6,position7,speed1,speed2,speed3,speed4,speed5,speed6,speed7,current1,current2,current3,current4,current5,current6,current7,voltage1,voltage2,voltage3,voltage4,voltage5,voltage6,voltage7,temperature1,temperature2,temperature3,temperature4,temperature5,temperature6,temperature7,en1,en2,en3,en4,en5,en6,en7,err1,err2,err3,err4,err5,err6,err7,lift_height,lift_pos,lift_current,lift_err,lift_en,tcp_x,tcp_y,tcp_z,tcp_rx,tcp_ry,tcp_rz,arm_status
0.154565,-3.413000,-69.688004,7.335000,134.513000,32.109001,2.312000,150.514008,0.000000,0.000000,0.000000,0.000000,0.000000,0.000000,0.120000,-309.000000,-1026.000000,237.000000,-1405.000000,-218.000000,-276.000000,-147.000000,22.000000,22.000000,22.000000,22.000000,22.000000,22.000000,22.000000,29.000000,30.000000,31.000000,31.000000,31.000000,31.000000,32.000000,1,1,1,1,1,1,1,0,0,0,0,0,0,0,74,5376.199219,718,0,1,0.515000,0.032000,-0.323628,-3.116000,-0.400000,0.076000,0
0.164539,-3.413000,-69.688004,7.335000,134.513000,32.109001,2.312000,150.514008,0.000000,0.000000,0.000000,0.000000,0.000000,0.000000,0.000000,-305.000000,-1030.000000,223.000000,-1403.000000,-210.000000,-276.000000,-149.000000,22.000000,22.000000,22.000000,22.000000,22.000000,22.000000,22.000000,29.000000,30.000000,31.000000,31.000000,31.000000,31.000000,32.000000,1,1,1,1,1,1,1,0,0,0,0,0,0,0,74,5376.198242,717,0,1,0.515000,0.032000,-0.323628,-3.116000,-0.400000,0.076000,0
0.174545,-3.413000,-69.688004,7.335000,134.513000,32.109001,2.312000,150.514008,0.000000,0.000000,0.000000,0.000000,0.000000,0.000000,0.000000,-306.000000,-1034.000000,237.000000,-1411.000000,-214.000000,-276.000000,-146.000000,22.000000,22.000000,22.000000,22.000000,22.000000,22.000000,22.000000,29.000000,30.000000,31.000000,31.000000,31.000000,31.000000,32.000000,1,1,1,1,1,1,1,0,0,0,0,0,0,0,74,5376.199219,718,0,1,0.515000,0.032000,-0.323628,-3.116000,-0.400000,0.076000,0
0.184580,-3.413000,-69.688004,7.335000,134.513000,32.109001,2.312000,150.514008,0.000000,0.000000,0.000000,0.000000,0.000000,0.000000,0.000000,-306.000000,-1035.000000,226.000000,-1430.000000,-216.000000,-273.000000,-143.000000,22.000000,22.000000,22.000000,22.000000,22.000000,22.000000,22.000000,29.000000,30.000000,31.000000,31.000000,31.000000,31.000000,32.000000,1,1,1,1,1,1,1,0,0,0,0,0,0,0,74,5376.199219,717,0,1,0.515000,0.032000,-0.323628,-3.116000,-0.400000,0.076000,0
0.194583,-3.413000,-69.688004,7.335000,134.513000,32.109001,2.312000,150.514008,0.000000,0.000000,0.000000,0.000000,0.000000,0.000000,0.000000,-307.000000,-1031.000000,211.000000,-1436.000000,-216.000000,-279.000000,-141.000000,22.000000,22.000000,22.000000,22.000000,22.000000,22.000000,22.000000,29.000000,30.000000,31.000000,31.000000,31.000000,31.000000,32.000000,1,1,1,1,1,1,1,0,0,0,0,0,0,0,74,5376.198242,718,0,1,0.515000,0.032000,-0.323628,-3.116000,-0.400000,0.076000,0
0.204547,-3.413000,-69.688004,7.335000,134.513000,32.109001,2.312000,150.514008,0.000000,0.000000,0.000000,0.000000,0.000000,0.000000,0.000000,-298.000000,-1026.000000,219.000000,-1422.000000,-212.000000,-274.000000,-150.000000,22.000000,22.000000,22.000000,22.000000,22.000000,22.000000,22.000000,29.000000,30.000000,31.000000,31.000000,31.000000,31.000000,32.000000,1,1,1,1,1,1,1,0,0,0,0,0,0,0,74,5376.198242,719,0,1,0.515000,0.032000,-0.323628,-3.116000,-0.400000,0.076000,0
0.214551,-3.413000,-69.688004,7.335000,134.513000,32.109001,2.312000,150.514008,0.000000,0.000000,0.000000,0.000000,0.000000,0.000000,0.000000,-302.000000,-1042.000000,218.000000,-1412.000000,-214.000000,-274.000000,-152.000000,22.000000,22.000000,22.000000,22.000000,22.000000,22.000000,22.000000,29.000000,30.000000,31.000000,31.000000,31.000000,31.000000,32.000000,1,1,1,1,1,1,1,0,0,0,0,0,0,0,74,5376.198242,717,0,1,0.515000,0.032000,-0.323628,-3.116000,-0.400000,0.076000,0
0.224562,-3.413000,-69.688004,7.335000,134.513000,32.109001,2.312000,150.514008,0.000000,0.000000,0.120000,0.000000,0.000000,0.000000,0.000000,-296.000000,-1048.000000,257.000000,-1403.000000,-210.000000,-275.000000,-149.000000,22.000000,22.000000,22.000000,22.000000,22.000000,22.000000,22.000000,29.000000,30.000000,31.000000,31.000000,31.000000,31.000000,32.000000,1,1,1,1,1,1,1,0,0,0,0,0,0,0,74,5376.198242,717,0,1,0.515000,0.032000,-0.323628,-3.116000,-0.400000,0.076000,0
0.234522,-3.413000,-69.688004,7.335000,134.513000,32.109001,2.312000,150.514008,0.000000,0.000000,0.000000,0.000000,0.000000,0.000000,0.000000,-303.000000,-1040.000000,222.000000,-1414.000000,-212.000000,-277.000000,-143.000000,22.000000,22.000000,22.000000,22.000000,22.000000,22.000000,22.000000,29.000000,30.000000,31.000000,31.000000,31.000000,31.000000,32.000000,1,1,1,1,1,1,1,0,0,0,0,0,0,0,74,5376.198242,717,0,1,0.515000,0.032000,-0.323628,-3.116000,-0.400000,0.076000,0
0.244596,-3.413000,-69.688004,7.335000,134.513000,32.109001,2.312000,150.514008,0.000000,0.000000,0.000000,0.000000,0.000000,0.000000,0.000000,-303.000000,-1037.000000,215.000000,-1403.000000,-214.000000,-274.000000,-165.000000,22.000000,22.000000,22.000000,22.000000,22.000000,22.000000,22.000000,29.000000,30.000000,31.000000,31.000000,31.000000,31.000000,32.000000,1,1,1,1,1,1,1,0,0,0,0,0,0,0,74,5376.199219,717,0,1,0.515000,0.032000,-0.323628,-3.116000,-0.400000,0.076000,0
0.254612,-3.413000,-69.688004,7.335000,134.513000,32.109001,2.312000,150.514008,0.000000,0.000000,0.000000,0.000000,0.000000,0.000000,0.000000,-304.000000,-1042.000000,239.000000,-1398.000000,-211.000000,-281.000000,-148.000000,22.000000,22.000000,22.000000,22.000000,22.000000,22.000000,22.000000,29.000000,30.000000,31.000000,31.000000,31.000000,31.000000,32.000000,1,1,1,1,1,1,1,0,0,0,0,0,0,0,74,5376.198242,719,0,1,0.515000,0.032000,-0.323628,-3.116000,-0.400000,0.076000,0
0.264538,-3.413000,-69.688004,7.335000,134.513000,32.109001,2.312000,150.514008,0.000000,0.000000,0.000000,0.000000,0.000000,0.000000,0.120000,-307.000000,-1043.000000,224.000000,-1410.000000,-208.000000,-277.000000,-149.000000,22.000000,22.000000,22.000000,22.000000,22.000000,22.000000,22.000000,29.000000,30.000000,31.000000,31.000000,31.000000,31.000000,32.000000,1,1,1,1,1,1,1,0,0,0,0,0,0,0,74,5376.198242,715,0,1,0.515000,0.032000,-0.323628,-3.116000,-0.400000,0.076000,0
0.274624,-3.413000,-69.688004,7.335000,134.513000,32.109001,2.312000,150.514008,0.000000,0.000000,0.000000,0.000000,0.000000,0.000000,-0.120000,-308.000000,-1037.000000,197.000000,-1412.000000,-220.000000,-275.000000,-155.000000,22.000000,22.000000,22.000000,22.000000,22.000000,22.000000,22.000000,29.000000,30.000000,31.000000,31.000000,31.000000,31.000000,32.000000,1,1,1,1,1,1,1,0,0,0,0,0,0,0,74,5376.199219,719,0,1,0.515000,0.032000,-0.323628,-3.116000,-0.400000,0.076000,0
0.284531,-3.413000,-69.688004,7.335000,134.513000,32.109001,2.312000,150.514008,0.000000,0.000000,0.000000,0.000000,0.000000,0.000000,0.360000,-304.000000,-1037.000000,228.000000,-1413.000000,-211.000000,-279.000000,-147.000000,22.000000,22.000000,22.000000,22.000000,22.000000,22.000000,22.000000,29.000000,30.000000,31.000000,31.000000,31.000000,31.000000,32.000000,1,1,1,1,1,1,1,0,0,0,0,0,0,0,74,5376.198242,718,0,1,0.515000,0.032000,-0.323628,-3.116000,-0.400000,0.076000,0
0.294619,-3.413000,-69.688004,7.335000,134.513000,32.109001,2.312000,150.514008,0.000000,0.000000,0.000000,0.000000,0.000000,0.000000,0.000000,-309.000000,-1035.000000,233.000000,-1407.000000,-218.000000,-277.000000,-141.000000,22.000000,22.000000,22.000000,22.000000,22.000000,22.000000,22.000000,29.000000,30.000000,31.000000,31.000000,31.000000,31.000000,32.000000,1,1,1,1,1,1,1,0,0,0,0,0,0,0,74,5376.198242,718,0,1,0.515000,0.032000,-0.323628,-3.116000,-0.400000,0.076000,0
0.304601,-3.413000,-69.688004,7.335000,134.513000,32.109001,2.312000,150.514008,0.000000,0.000000,0.000000,0.000000,0.000000,0.000000,0.000000,-312.000000,-1047.000000,222.000000,-1385.000000,-212.000000,-276.000000,-164.000000,22.000000,22.000000,22.000000,22.000000,22.000000,22.000000,22.000000,29.000000,30.000000,31.000000,31.000000,31.000000,31.000000,32.000000,1,1,1,1,1,1,1,0,0,0,0,0,0,0,74,5376.199219,716,0,1,0.515000,0.032000,-0.323628,-3.116000,-0.400000,0.076000,0
0.314554,-3.413000,-69.688004,7.335000,134.513000,32.109001,2.312000,150.514008,0.000000,0.000000,0.000000,0.000000,0.000000,0.000000,0.000000,-310.000000,-1044.000000,216.000000,-1394.000000,-215.000000,-275.000000,-157.000000,22.000000,22.000000,22.000000,22.000000,22.000000,22.000000,22.000000,29.000000,30.000000,31.000000,31.000000,31.000000,31.000000,32.000000,1,1,1,1,1,1,1,0,0,0,0,0,0,0,74,5376.198242,717,0,1,0.515000,0.032000,-0.323628,-3.116000,-0.400000,0.076000,0
0.324594,-3.413000,-69.688004,7.335000,134.513000,32.109001,2.312000,150.514008,0.000000,0.000000,0.000000,0.000000,0.000000,0.000000,0.120000,-308.000000,-1042.000000,206.000000,-1399.000000,-214.000000,-278.000000,-138.000000,22.000000,22.000000,22.000000,22.000000,22.000000,22.000000,22.000000,29.000000,30.000000,31.000000,31.000000,31.000000,31.000000,32.000000,1,1,1,1,1,1,1,0,0,0,0,0,0,0,74,5376.198242,718,0,1,0.515000,0.032000,-0.323628,-3.116000,-0.400000,0.076000,0
0.335378,-3.413000,-69.688004,7.335000,134.513000,32.109001,2.312000,150.514008,0.000000,0.000000,0.000000,0.000000,0.000000,0.000000,0.000000,-311.000000,-1043.000000,244.000000,-1413.000000,-211.000000,-281.000000,-153.000000,22.000000,22.000000,22.000000,22.000000,22.000000,22.000000,22.000000,29.000000,30.000000,31.000000,31.000000,31.000000,31.000000,32.000000,1,1,1,1,1,1,1,0,0,0,0,0,0,0,74,5376.198242,718,0,1,0.515000,0.032000,-0.323628,-3.116000,-0.400000,0.076000,0
0.345389,-3.413000,-69.688004,7.335000,134.513000,32.109001,2.312000,150.514008,0.000000,0.000000,0.000000,0.000000,0.000000,0.000000,0.000000,-314.000000,-1042.000000,232.000000,-1395.000000,-215.000000,-273.000000,-153.000000,22.000000,22.000000,22.000000,22.000000,22.000000,22.000000,22.000000,29.000000,30.000000,31.000000,31.000000,31.000000,31.000000,32.000000,1,1,1,1,1,1,1,0,0,0,0,0,0,0,74,5376.198242,719,0,1,0.515000,0.032000,-0.323628,-3.116000,-0.400000,0.076000,0
0.355357,-3.378000,-69.684998,7.292000,134.516998,32.098000,2.309000,150.479996,0.000000,0.000000,0.000000,0.000000,0.000000,0.000000,0.000000,-314.000000,-1045.000000,217.000000,-1404.000000,-212.000000,-283.000000,-150.000000,22.000000,22.000000,22.000000,22.000000,22.000000,22.000000,22.000000,29.000000,30.000000,31.000000,31.000000,31.000000,31.000000,32.000000,1,1,1,1,1,1,1,0,0,0,0,0,0,0,74,5376.200195,719,0,1,0.515000,0.031854,-0.323628,-3.116000,-0.400000,0.076000,1
0.365381,-3.337000,-69.681999,7.240000,134.522995,32.074001,2.306000,150.449005,0.000000,0.000000,0.000000,0.000000,0.000000,0.000000,0.000000,-314.000000,-1045.000000,217.000000,-1404.000000,-212.000000,-283.000000,-150.000000,22.000000,22.000000,22.000000,22.000000,22.000000,22.000000,22.000000,29.000000,30.000000,31.000000,31.000000,31.000000,31.000000,32.000000,1,1,1,1,1,1,1,0,0,0,0,0,0,0,74,5376.198242,718,0,1,0.515000,0.031681,-0.323628,-3.116000,-0.400000,0.076000,1
0.375388,-3.271000,-69.678001,7.158000,134.531998,32.035999,2.300000,150.401993,0.000000,0.000000,0.000000,0.000000,0.000000,0.000000,0.000000,-314.000000,-1045.000000,217.000000,-1404.000000,-212.000000,-283.000000,-150.000000,22.000000,22.000000,22.000000,22.000000,22.000000,22.000000,22.000000,29.000000,30.000000,31.000000,31.000000,31.000000,31.000000,32.000000,1,1,1,1,1,1,1,0,0,0,0,0,0,0,74,5376.199219,717,0,1,0.515000,0.031408,-0.323628,-3.116000,-0.399000,0.076000,1
0.385406,-3.154000,-69.669998,7.013000,134.546997,31.966000,2.291000,150.320007,0.000000,0.000000,0.000000,0.000000,0.000000,0.000000,0.000000,-314.000000,-1045.000000,217.000000,-1404.000000,-212.000000,-283.000000,-150.000000,22.000000,22.000000,22.000000,22.000000,22.000000,22.000000,22.000000,29.000000,30.000000,31.000000,31.000000,31.000000,31.000000,32.000000,1,1,1,1,1,1,1,0,0,0,0,0,0,0,74,5376.198242,719,0,1,0.515000,0.030922,-0.323628,-3.116000,-0.399000,0.077000,1
0.395371,-3.021000,-69.661003,6.847000,134.563995,31.885000,2.281000,150.227997,0.000000,0.000000,0.000000,0.000000,0.000000,0.000000,0.000000,-314.000000,-1045.000000,217.000000,-1404.000000,-212.000000,-283.000000,-150.000000,22.000000,22.000000,22.000000,22.000000,22.000000,22.000000,22.000000,29.000000,30.000000,31.000000,31.000000,31.000000,31.000000,32.000000,1,1,1,1,1,1,1,0,0,0,0,0,0,0,74,5376.199219,718,0,1,0.515000,0.030369,-0.323628,-3.116000,-0.399000,0.076000,1
0.405415,-2.852000,-69.651001,6.636000,134.585007,31.781000,2.268000,150.112000,0.000000,0.000000,0.000000,0.000000,0.000000,0.000000,0.000000,-314.000000,-1045.000000,217.000000,-1404.000000,-212.000000,-283.000000,-150.000000,22.000000,22.000000,22.000000,22.000000,22.000000,22.000000,22.000000,29.000000,30.000000,31.000000,31.000000,31.000000,31.000000,32.000000,1,1,1,1,1,1,1,0,0,0,0,0,0,0,74,5376.199219,716,0,1,0.515000,0.029667,-0.323628,-3.116000,-0.399000,0.076000,1
0.415414,-2.601000,-69.636002,6.320000,134.615997,31.625999,2.251000,149.938995,0.000000,0.000000,0.000000,0.000000,0.000000,0.000000,0.000000,-314.000000,-1045.000000,217.000000,-1404.000000,-212.000000,-283.000000,-150.000000,22.000000,22.000000,22.000000,22.000000,22.000000,22.000000,22.000000,29.000000,30.000000,31.000000,31.000000,31.000000,31.000000,32.000000,1,1,1,1,1,1,1,0,0,0,0,0,0,0,74,5376.198242,717,0,1,0.515000,0.028620,-0.323628,-3.116000,-0.399000,0.076000,1
0.425445,-2.350000,-69.623001,6.004000,134.643997,31.469000,2.236000,149.768005,0.000000,0.000000,0.000000,0.000000,0.000000,0.000000,0.000000,-314.000000,-1045.000000,217.000000,-1404.000000,-212.000000,-283.000000,-150.000000,22.000000,22.000000,22.000000,22.000000,22.000000,22.000000,22.000000,29.000000,30.000000,31.000000,31.000000,31.000000,31.000000,32.000000,1,1,1,1,1,1,1,0,0,0,0,0,0,0,74,5376.198242,718,0,1,0.514999,0.027572,-0.323628,-3.116000,-0.399000,0.076000,1
0.435395,-2.239000,-69.617996,5.864000,134.656006,31.399000,2.230000,149.692001,0.000000,0.000000,0.000000,0.000000,0.000000,0.000000,0.000000,-314.000000,-1045.000000,217.000000,-1404.000000,-212.000000,-283.000000,-150.000000,22.000000,22.000000,22.000000,22.000000,22.000000,22.000000,22.000000,29.000000,30.000000,31.000000,31.000000,31.000000,31.000000,32.000000,1,1,1,1,1,1,1,0,0,0,0,0,0,0,74,5376.199219,717,0,1,0.514999,0.027108,-0.323628,-3.116000,-0.399000,0.076000,1
0.445382,-1.872000,-69.601997,5.397000,134.694000,31.167999,2.213000,149.440002,0.000000,0.000000,0.000000,0.000000,0.000000,0.000000,0.000000,-314.000000,-1045.000000,217.000000,-1404.000000,-212.000000,-283.000000,-150.000000,22.000000,22.000000,22.000000,22.000000,22.000000,22.000000,22.000000,29.000000,30.000000,31.000000,31.000000,31.000000,31.000000,32.000000,1,1,1,1,1,1,1,0,0,0,0,0,0,0,74,5376.198242,717,0,1,0.514999,0.025567,-0.323628,-3.116000,-0.399000,0.076000,1
0.455390,-1.529000,-69.589996,4.956000,134.727005,30.950001,2.201000,149.203995,0.000000,0.000000,0.000000,0.000000,0.000000,0.000000,0.000000,-314.000000,-1045.000000,217.000000,-1404.000000,-212.000000,-283.000000,-150.000000,22.000000,22.000000,22.000000,22.000000,22.000000,22.000000,22.000000,29.000000,30.000000,31.000000,31.000000,31.000000,31.000000,32.000000,1,1,1,1,1,1,1,0,0,0,0,0,0,0,74,5376.198242,717,0,1,0.514999,0.024119,-0.323628,-3.116000,-0.399000,0.076000,1
0.465403,-1.154000,-69.580002,4.473000,134.759003,30.711000,2.191000,148.945999,0.000000,0.000000,0.000000,0.000000,0.000000,0.000000,0.000000,-314.000000,-1045.000000,217.000000,-1404.000000,-212.000000,-283.000000,-150.000000,22.000000,22.000000,22.000000,22.000000,22.000000,22.000000,22.000000,29.000000,30.000000,31.000000,31.000000,31.000000,31.000000,32.000000,1,1,1,1,1,1,1,0,0,0,0,0,0,0,74,5376.198242,717,0,1,0.514999,0.022535,-0.323628,-3.116000,-0.399000,0.076000,1
0.475384,-0.753000,-69.571999,3.952000,134.789001,30.452999,2.185000,148.667999,0.000000,0.000000,0.000000,0.000000,0.000000,0.000000,0.000000,-314.000000,-1045.000000,217.000000,-1404.000000,-212.000000,-283.000000,-150.000000,22.000000,22.000000,22.000000,22.000000,22.000000,22.000000,22.000000,29.000000,30.000000,31.000000,31.000000,31.000000,31.000000,32.000000,1,1,1,1,1,1,1,0,0,0,0,0,0,0,74,5376.198242,717,0,1,0.514999,0.020830,-0.323628,-3.116000,-0.399000,0.076000,1
0.485368,-0.330000,-69.568001,3.397000,134.815994,30.180000,2.185000,148.373001,0.000000,0.000000,0.000000,0.000000,0.000000,0.000000,0.000000,-314.000000,-1045.000000,217.000000,-1404.000000,-212.000000,-283.000000,-150.000000,22.000000,22.000000,22.000000,22.000000,22.000000,22.000000,22.000000,29.000000,30.000000,31.000000,31.000000,31.000000,31.000000,32.000000,1,1,1,1,1,1,1,0,0,0,0,0,0,0,74,5376.199219,717,0,1,0.514999,0.019021,-0.323628,-3.116000,-0.399000,0.076000,1
0.495517,0.200000,-69.568001,2.696000,134.843002,29.834999,2.192000,148.001999,0.000000,0.000000,0.000000,0.000000,0.000000,0.000000,0.000000,-314.000000,-1045.000000,217.000000,-1404.000000,-212.000000,-283.000000,-150.000000,22.000000,22.000000,22.000000,22.000000,22.000000,22.000000,22.000000,29.000000,30.000000,31.000000,31.000000,31.000000,31.000000,32.000000,1,1,1,1,1,1,1,0,0,0,0,0,0,0,74,5376.199219,718,0,1,0.514999,0.016743,-0.323628,-3.116000,-0.399000,0.076000,1
0.505391,0.653000,-69.571999,2.092000,134.860992,29.538000,2.205000,147.682999,0.000000,0.000000,0.000000,0.000000,0.000000,0.000000,0.000000,-314.000000,-1045.000000,217.000000,-1404.000000,-212.000000,-283.000000,-150.000000,22.000000,22.000000,22.000000,22.000000,22.000000,22.000000,22.000000,29.000000,30.000000,31.000000,31.000000,31.000000,31.000000,32.000000,1,1,1,1,1,1,1,0,0,0,0,0,0,0,74,5376.198242,719,0,1,0.514999,0.014782,-0.323628,-3.116000,-0.399000,0.076000,1
0.515392,1.111000,-69.582001,1.477000,134.871994,29.237000,2.225000,147.358994,0.000000,0.000000,0.000000,0.000000,0.000000,0.000000,0.000000,-314.000000,-1045.000000,217.000000,-1404.000000,-212.000000,-283.000000,-150.000000,22.000000,22.000000,22.000000,22.000000,22.000000,22.000000,22.000000,29.000000,30.000000,31.000000,31.000000,31.000000,31.000000,32.000000,1,1,1,1,1,1,1,0,0,0,0,0,0,0,74,5376.198242,718,0,1,0.514999,0.012791,-0.323628,-3.116000,-0.399000,0.076000,1
0.525477,1.567000,-69.595001,0.858000,134.878006,28.934999,2.251000,147.033997,0.000000,0.000000,0.000000,0.000000,0.000000,0.000000,0.000000,-314.000000,-1045.000000,217.000000,-1404.000000,-212.000000,-283.000000,-150.000000,22.000000,22.000000,22.000000,22.000000,22.000000,22.000000,22.000000,29.000000,30.000000,31.000000,31.000000,31.000000,31.000000,32.000000,1,1,1,1,1,1,1,0,0,0,0,0,0,0,74,5376.198242,718,0,1,0.514999,0.010792,-0.323628,-3.116000,-0.399000,0.076000,1
0.535415,2.021000,-69.613998,0.239000,134.878006,28.634001,2.284000,146.707993,0.000000,0.000000,0.000000,0.000000,0.000000,0.000000,0.000000,-314.000000,-1045.000000,217.000000,-1404.000000,-212.000000,-283.000000,-150.000000,22.000000,22.000000,22.000000,22.000000,22.000000,22.000000,22.000000,29.000000,30.000000,31.000000,31.000000,31.000000,31.000000,32.000000,1,1,1,1,1,1,1,0,0,0,0,0,0,0,74,5376.199219,719,0,1,0.514999,0.008793,-0.323628,-3.116000,-0.399000,0.076000,1
0.545347,2.471000,-69.636002,-0.380000,134.871002,28.333000,2.323000,146.382996,0.000000,0.000000,0.000000,0.000000,0.000000,0.000000,0.000000,-314.000000,-1045.000000,217.000000,-1404.000000,-212.000000,-283.000000,-150.000000,22.000000,22.000000,22.000000,22.000000,22.000000,22.000000,22.000000,29.000000,30.000000,31.000000,31.000000,31.000000,31.000000,32.000000,1,1,1,1,1,1,1,0,0,0,0,0,0,0,74,5376.199219,716,0,1,0.514999,0.006795,-0.323628,-3.116000,-0.399000,0.076000,1
0.555345,3.007000,-69.668999,-1.124000,134.856003,27.972000,2.379000,145.992996,0.000000,0.000000,0.000000,0.000000,0.000000,0.000000,0.000000,-314.000000,-1045.000000,217.000000,-1404.000000,-212.000000,-283.000000,-150.000000,22.000000,22.000000,22.000000,22.000000,22.000000,22.000000,22.000000,29.000000,30.000000,31.000000,31.000000,31.000000,31.000000,32.000000,1,1,1,1,1,1,1,0,0,0,0,0,0,0,74,5376.199219,717,0,1,0.514999,0.004396,-0.323628,-3.116000,-0.399000,0.076000,1
0.565397,3.185000,-69.681000,-1.372000,134.848999,27.851999,2.399000,145.863998,0.000000,0.000000,0.000000,0.000000,0.000000,0.000000,0.000000,-314.000000,-1045.000000,217.000000,-1404.000000,-212.000000,-283.000000,-150.000000,22.000000,22.000000,22.000000,22.000000,22.000000,22.000000,22.000000,29.000000,30.000000,31.000000,31.000000,31.000000,31.000000,32.000000,1,1,1,1,1,1,1,0,0,0,0,0,0,0,74,5376.199219,717,0,1,0.514999,0.003597,-0.323628,-3.116000,-0.399000,0.076000,1
0.575387,3.715000,-69.721001,-2.116000,134.820999,27.493000,2.467000,145.473999,0.000000,0.000000,0.000000,0.000000,0.000000,0.000000,0.000000,-314.000000,-1045.000000,217.000000,-1404.000000,-212.000000,-283.000000,-150.000000,22.000000,22.000000,22.000000,22.000000,22.000000,22.000000,22.000000,29.000000,30.000000,31.000000,31.000000,31.000000,31.000000,32.000000,1,1,1,1,1,1,1,0,0,0,0,0,0,0,74,5376.199219,717,0,1,0.514999,0.001198,-0.323628,-3.116000,-0.399000,0.076000,1
0.585674,4.153000,-69.759003,-2.736000,134.792007,27.195000,2.530000,145.149994,0.000000,0.000000,0.000000,0.000000,0.000000,0.000000,0.000000,-314.000000,-1045.000000,217.000000,-1404.000000,-212.000000,-283.000000,-150.000000,22.000000,22.000000,22.000000,22.000000,22.000000,22.000000,22.000000,29.000000,30.000000,31.000000,31.000000,31.000000,31.000000,32.000000,1,1,1,1,1,1,1,0,0,0,0,0,0,0,74,5376.198242,716,0,1,0.514999,-0.000799,-0.323628,-3.116000,-0.399000,0.076000,1
0.595385,4.588000,-69.800003,-3.355000,134.757004,26.896999,2.599000,144.826004,0.000000,0.000000,0.000000,0.000000,0.000000,0.000000,0.000000,-314.000000,-1045.000000,217.000000,-1404.000000,-212.000000,-283.000000,-150.000000,22.000000,22.000000,22.000000,22.000000,22.000000,22.000000,22.000000,29.000000,30.000000,31.000000,31.000000,31.000000,31.000000,32.000000,1,1,1,1,1,1,1,0,0,0,0,0,0,0,74,5376.199219,717,0,1,0.514999,-0.002798,-0.323628,-3.116000,-0.399000,0.077000,1
0.605369,5.020000,-69.845001,-3.974000,134.716003,26.600000,2.674000,144.503006,0.000000,0.000000,0.000000,0.000000,0.000000,0.000000,0.000000,-314.000000,-1045.000000,217.000000,-1404.000000,-212.000000,-283.000000,-150.000000,22.000000,22.000000,22.000000,22.000000,22.000000,22.000000,22.000000,29.000000,30.000000,31.000000,31.000000,31.000000,31.000000,32.000000,1,1,1,1,1,1,1,0,0,0,0,0,0,0,74,5376.199219,717,0,1,0.514999,-0.004797,-0.323628,-3.116000,-0.399000,0.076000,1
0.615410,5.533000,-69.903999,-4.714000,134.658997,26.246000,2.772000,144.115005,0.000000,0.000000,0.000000,0.000000,0.000000,0.000000,0.000000,-314.000000,-1045.000000,217.000000,-1404.000000,-212.000000,-283.000000,-150.000000,22.000000,22.000000,22.000000,22.000000,22.000000,22.000000,22.000000,29.000000,30.000000,31.000000,31.000000,31.000000,31.000000,32.000000,1,1,1,1,1,1,1,0,0,0,0,0,0,0,74,5376.198242,717,0,1,0.514999,-0.007195,-0.323628,-3.116000,-0.399000,0.076000,1
0.625344,5.957000,-69.957001,-5.330000,134.604996,25.952000,2.860000,143.792999,0.000000,0.000000,0.000000,0.000000,0.000000,0.000000,0.000000,-314.000000,-1045.000000,217.000000,-1404.000000,-212.000000,-283.000000,-150.000000,22.000000,22.000000,22.000000,22.000000,22.000000,22.000000,22.000000,29.000000,30.000000,31.000000,31.000000,31.000000,31.000000,32.000000,1,1,1,1,1,1,1,0,0,0,0,0,0,0,74,5376.198242,717,0,1,0.514999,-0.009194,-0.323628,-3.116000,-0.399000,0.076000,1
0.635381,6.377000,-70.014000,-5.945000,134.544998,25.659000,2.953000,143.470993,0.000000,0.000000,0.000000,0.000000,0.000000,0.000000,0.000000,-314.000000,-1045.000000,217.000000,-1404.000000,-212.000000,-283.000000,-150.000000,22.000000,22.000000,22.000000,22.000000,22.000000,22.000000,22.000000,29.000000,30.000000,31.000000,31.000000,31.000000,31.000000,32.000000,1,1,1,1,1,1,1,0,0,0,0,0,0,0,74,5376.199219,718,0,1,0.514999,-0.011192,-0.323628,-3.116000,-0.399000,0.076000,1
0.645483,6.794000,-70.072998,-6.558000,134.479004,25.367001,3.053000,143.149994,0.000000,0.000000,0.000000,0.000000,0.000000,0.000000,0.000000,-314.000000,-1045.000000,217.000000,-1404.000000,-212.000000,-283.000000,-150.000000,22.000000,22.000000,22.000000,22.000000,22.000000,22.000000,22.000000,29.000000,30.000000,31.000000,31.000000,31.000000,31.000000,32.000000,1,1,1,1,1,1,1,0,0,0,0,0,0,0,74,5376.198242,716,0,1,0.514999,-0.013191,-0.323628,-3.116000,-0.399000,0.076000,1
0.655498,7.207000,-70.135002,-7.168000,134.406998,25.077000,3.157000,142.830994,0.000000,0.000000,0.000000,0.000000,0.000000,0.000000,0.000000,-314.000000,-1045.000000,217.000000,-1404.000000,-212.000000,-283.000000,-150.000000,22.000000,22.000000,22.000000,22.000000,22.000000,22.000000,22.000000,29.000000,30.000000,31.000000,31.000000,31.000000,31.000000,32.000000,1,1,1,1,1,1,1,0,0,0,0,0,0,0,74,5376.196777,717,0,1,0.514999,-0.015185,-0.323628,-3.116000,-0.399000,0.076000,1
0.665411,7.451000,-70.174004,-7.530000,134.360992,24.905001,3.222000,142.641006,0.000000,0.000000,0.000000,0.000000,0.000000,0.000000,0.000000,-314.000000,-1045.000000,217.000000,-1404.000000,-212.000000,-283.000000,-150.000000,22.000000,22.000000,22.000000,22.000000,22.000000,22.000000,22.000000,29.000000,30.000000,31.000000,31.000000,31.000000,31.000000,32.000000,1,1,1,1,1,1,1,0,0,0,0,0,0,0,74,5376.198242,718,0,1,0.514999,-0.016372,-0.323628,-3.116000,-0.399000,0.076000,1
0.675377,8.077000,-70.278999,-8.466000,134.233994,24.462000,3.400000,142.149002,0.000000,0.000000,0.000000,0.000000,0.000000,0.000000,0.000000,-314.000000,-1045.000000,217.000000,-1404.000000,-212.000000,-283.000000,-150.000000,22.000000,22.000000,22.000000,22.000000,22.000000,22.000000,22.000000,29.000000,30.000000,31.000000,31.000000,31.000000,31.000000,32.000000,1,1,1,1,1,1,1,0,0,0,0,0,0,0,74,5376.198242,716,0,1,0.514999,-0.019451,-0.323628,-3.116000,-0.399000,0.076000,1
0.685346,8.227000,-70.305000,-8.691000,134.201004,24.356001,3.444000,142.031006,0.000000,0.000000,0.000000,0.000000,0.000000,0.000000,0.000000,-314.000000,-1045.000000,217.000000,-1404.000000,-212.000000,-283.000000,-150.000000,22.000000,22.000000,22.000000,22.000000,22.000000,22.000000,22.000000,29.000000,30.000000,31.000000,31.000000,31.000000,31.000000,32.000000,1,1,1,1,1,1,1,0,0,0,0,0,0,0,74,5376.199219,719,0,1,0.514999,-0.020194,-0.323628,-3.116000,-0.399000,0.076000,1
0.695479,8.587000,-70.370003,-9.232000,134.117996,24.101000,3.555000,141.744995,0.000000,0.000000,0.000000,0.000000,0.000000,0.000000,0.000000,-314.000000,-1045.000000,217.000000,-1404.000000,-212.000000,-283.000000,-150.000000,22.000000,22.000000,22.000000,22.000000,22.000000,22.000000,22.000000,29.000000,30.000000,31.000000,31.000000,31.000000,31.000000,32.000000,1,1,1,1,1,1,1,0,0,0,0,0,0,0,74,5376.199219,717,0,1,0.514999,-0.021988,-0.323628,-3.116000,-0.399000,0.076000,1
0.705492,8.988000,-70.445000,-9.838000,134.020004,23.816999,3.685000,141.423996,0.000000,0.000000,0.000000,0.000000,0.000000,0.000000,0.000000,-314.000000,-1045.000000,217.000000,-1404.000000,-212.000000,-283.000000,-150.000000,22.000000,22.000000,22.000000,22.000000,22.000000,22.000000,22.000000,29.000000,30.000000,31.000000,31.000000,31.000000,31.000000,32.000000,1,1,1,1,1,1,1,0,0,0,0,0,0,0,74,5376.198242,719,0,1,0.514999,-0.024000,-0.323628,-3.116000,-0.399000,0.076000,1
0.715361,9.292000,-70.504997,-10.299000,133.940994,23.601999,3.787000,141.177994,0.000000,0.000000,0.000000,0.000000,0.000000,0.000000,0.000000,-314.000000,-1045.000000,217.000000,-1404.000000,-212.000000,-283.000000,-150.000000,22.000000,22.000000,22.000000,22.000000,22.000000,22.000000,22.000000,29.000000,30.000000,31.000000,31.000000,31.000000,31.000000,32.000000,1,1,1,1,1,1,1,0,0,0,0,0,0,0,74,5376.198242,716,0,1,0.514999,-0.025539,-0.323628,-3.116000,-0.399000,0.076000,1
0.725373,9.566000,-70.559998,-10.717000,133.865997,23.408001,3.883000,140.955002,0.000000,0.000000,0.000000,0.000000,0.000000,0.000000,0.000000,-314.000000,-1045.000000,217.000000,-1404.000000,-212.000000,-283.000000,-150.000000,22.000000,22.000000,22.000000,22.000000,22.000000,22.000000,22.000000,29.000000,30.000000,31.000000,31.000000,31.000000,31.000000,32.000000,1,1,1,1,1,1,1,0,0,0,0,0,0,0,74,5376.196777,717,0,1,0.514999,-0.026940,-0.323628,-3.116000,-0.399000,0.076000,1
0.735417,9.810000,-70.610001,-11.089000,133.796997,23.237000,3.971000,140.753998,0.000000,0.000000,0.000000,0.000000,0.000000,0.000000,0.000000,-314.000000,-1045.000000,217.000000,-1404.000000,-212.000000,-283.000000,-150.000000,22.000000,22.000000,22.000000,22.000000,22.000000,22.000000,22.000000,29.000000,30.000000,31.000000,31.000000,31.000000,31.000000,32.000000,1,1,1,1,1,1,1,0,0,0,0,0,0,0,74,5376.198242,718,0,1,0.514999,-0.028190,-0.323628,-3.116000,-0.399000,0.076000,1
0.745407,10.022000,-70.654999,-11.414000,133.733994,23.089001,4.049000,140.576996,0.000000,0.000000,0.000000,0.000000,0.000000,0.000000,0.000000,-314.000000,-1045.000000,217.000000,-1404.000000,-212.000000,-283.000000,-150.000000,22.000000,22.000000,22.000000,22.000000,22.000000,22.000000,22.000000,29.000000,30.000000,31.000000,31.000000,31.000000,31.000000,32.000000,1,1,1,1,1,1,1,0,0,0,0,0,0,0,74,5376.198242,717,0,1,0.514999,-0.029286,-0.323628,-3.116000,-0.399000,0.076000,1
0.756218,10.234000,-70.699997,-11.742000,133.669998,22.943001,4.130000,140.395996,0.000000,0.000000,0.000000,0.000000,0.000000,0.000000,0.000000,-314.000000,-1045.000000,217.000000,-1404.000000,-212.000000,-283.000000,-150.000000,22.000000,22.000000,22.000000,22.000000,22.000000,22.000000,22.000000,29.000000,30.000000,31.000000,31.000000,31.000000,31.000000,32.000000,1,1,1,1,1,1,1,0,0,0,0,0,0,0,74,5376.198242,716,0,1,0.514999,-0.030391,-0.323628,-3.116000,-0.399000,0.076000,1
0.765454,10.378000,-70.732002,-11.963000,133.625000,22.846001,4.185000,140.272003,0.000000,0.000000,0.000000,0.000000,0.000000,0.000000,0.000000,-314.000000,-1045.000000,217.000000,-1404.000000,-212.000000,-283.000000,-150.000000,22.000000,22.000000,22.000000,22.000000,22.000000,22.000000,22.000000,29.000000,30.000000,31.000000,31.000000,31.000000,31.000000,32.000000,1,1,1,1,1,1,1,0,0,0,0,0,0,0,74,5376.198242,718,0,1,0.514999,-0.031141,-0.323628,-3.116000,-0.399000,0.077000,1
0.775372,10.493000,-70.757004,-12.140000,133.587997,22.771999,4.231000,140.169998,0.000000,0.000000,0.000000,0.000000,0.000000,0.000000,0.000000,-314.000000,-1045.000000,217.000000,-1404.000000,-212.000000,-283.000000,-150.000000,22.000000,22.000000,22.000000,22.000000,22.000000,22.000000,22.000000,29.000000,30.000000,31.000000,31.000000,31.000000,31.000000,32.000000,1,1,1,1,1,1,1,0,0,0,0,0,0,0,74,5376.198242,717,0,1,0.515000,-0.031742,-0.323628,-3.117000,-0.400000,0.076000,1
0.785432,10.580000,-70.776001,-12.276000,133.559998,22.716999,4.266000,140.087997,0.000000,0.000000,0.000000,0.000000,0.000000,0.000000,0.000000,-314.000000,-1045.000000,217.000000,-1404.000000,-212.000000,-283.000000,-150.000000,22.000000,22.000000,22.000000,22.000000,22.000000,22.000000,22.000000,29.000000,30.000000,31.000000,31.000000,31.000000,31.000000,32.000000,1,1,1,1,1,1,1,0,0,0,0,0,0,0,74,5376.198242,717,0,1,0.515000,-0.032203,-0.323628,-3.116000,-0.400000,0.076000,1
0.795465,10.643000,-70.791000,-12.375000,133.539001,22.681000,4.291000,140.026001,0.000000,0.000000,0.000000,0.000000,0.000000,0.000000,0.000000,-314.000000,-1045.000000,217.000000,-1404.000000,-212.000000,-283.000000,-150.000000,22.000000,22.000000,22.000000,22.000000,22.000000,22.000000,22.000000,29.000000,30.000000,31.000000,31.000000,31.000000,31.000000,32.000000,1,1,1,1,1,1,1,0,0,0,0,0,0,0,74,5376.199219,717,0,1,0.514999,-0.032539,-0.323628,-3.116000,-0.400000,0.076000,1
0.805387,10.686000,-70.800003,-12.442000,133.524994,22.660999,4.309000,139.979996,0.000000,0.000000,0.000000,0.000000,0.000000,0.000000,0.000000,-314.000000,-1045.000000,217.000000,-1404.000000,-212.000000,-283.000000,-150.000000,22.000000,22.000000,22.000000,22.000000,22.000000,22.000000,22.000000,29.000000,30.000000,31.000000,31.000000,31.000000,31.000000,32.000000,1,1,1,1,1,1,1,0,0,0,0,0,0,0,74,5376.196777,717,0,1,0.515000,-0.032765,-0.323628,-3.116000,-0.400000,0.076000,1
0.815415,10.703000,-70.804001,-12.469000,133.518997,22.655001,4.316000,139.959000,0.000000,0.000000,0.000000,0.000000,0.000000,0.000000,0.000000,-314.000000,-1045.000000,217.000000,-1404.000000,-212.000000,-283.000000,-150.000000,22.000000,22.000000,22.000000,22.000000,22.000000,22.000000,22.000000,29.000000,30.000000,31.000000,31.000000,31.000000,31.000000,32.000000,1,1,1,1,1,1,1,0,0,0,0,0,0,0,74,5376.199219,719,0,1,0.515000,-0.032857,-0.323628,-3.116000,-0.400000,0.076000,1
0.825487,10.720000,-70.807999,-12.497000,133.513000,22.653999,4.324000,139.932999,0.000000,0.000000,0.000000,0.000000,0.000000,0.000000,0.000000,-314.000000,-1045.000000,217.000000,-1404.000000,-212.000000,-283.000000,-150.000000,22.000000,22.000000,22.000000,22.000000,22.000000,22.000000,22.000000,29.000000,30.000000,31.000000,31.000000,31.000000,31.000000,32.000000,1,1,1,1,1,1,1,0,0,0,0,0,0,0,74,5376.199219,717,0,1,0.515000,-0.032950,-0.323628,-3.116000,-0.400000,0.076000,1
0.835484,10.727000,-70.808998,-12.510000,133.509995,22.663000,4.327000,139.912003,0.000000,0.000000,0.000000,0.000000,0.000000,0.000000,0.000000,-314.000000,-1045.000000,217.000000,-1404.000000,-212.000000,-283.000000,-150.000000,22.000000,22.000000,22.000000,22.000000,22.000000,22.000000,22.000000,29.000000,30.000000,31.000000,31.000000,31.000000,31.000000,32.000000,1,1,1,1,1,1,1,0,0,0,0,0,0,0,74,5376.199219,717,0,1,0.515000,-0.032993,-0.323627,-3.116000,-0.400000,0.076000,1
0.845509,10.727000,-70.809998,-12.512000,133.509995,22.674000,4.328000,139.899002,0.000000,0.000000,0.000000,0.000000,0.000000,0.000000,0.000000,-314.000000,-1045.000000,217.000000,-1404.000000,-212.000000,-283.000000,-150.000000,22.000000,22.000000,22.000000,22.000000,22.000000,22.000000,22.000000,29.000000,30.000000,31.000000,31.000000,31.000000,31.000000,32.000000,1,1,1,1,1,1,1,0,0,0,0,0,0,0,74,5376.199219,718,0,1,0.515000,-0.033000,-0.323628,-3.116000,-0.400000,0.076000,1
0.855500,10.726000,-70.808998,-12.512000,133.507996,22.686001,4.329000,139.886993,0.000000,0.000000,0.000000,0.000000,0.000000,0.000000,0.000000,-314.000000,-1045.000000,217.000000,-1404.000000,-212.000000,-283.000000,-150.000000,22.000000,22.000000,22.000000,22.000000,22.000000,22.000000,22.000000,29.000000,30.000000,31.000000,31.000000,31.000000,31.000000,32.000000,1,1,1,1,1,1,1,0,0,0,0,0,0,0,74,5376.200195,716,0,1,0.515005,-0.033000,-0.323628,-3.117000,-0.400000,0.076000,1
0.865431,10.723000,-70.804001,-12.511000,133.500000,22.700001,4.334000,139.876007,0.000000,0.000000,0.000000,0.000000,0.000000,0.000000,0.000000,-314.000000,-1045.000000,217.000000,-1404.000000,-212.000000,-283.000000,-150.000000,22.000000,22.000000,22.000000,22.000000,22.000000,22.000000,22.000000,29.000000,30.000000,31.000000,31.000000,31.000000,31.000000,32.000000,1,1,1,1,1,1,1,0,0,0,0,0,0,0,74,5376.199219,717,0,1,0.515036,-0.033000,-0.323627,-3.116000,-0.400000,0.076000,1
0.875393,10.716000,-70.787003,-12.508000,133.473007,22.718000,4.348000,139.865997,0.000000,0.000000,0.000000,0.000000,0.000000,0.000000,0.000000,-314.000000,-1045.000000,217.000000,-1404.000000,-212.000000,-283.000000,-150.000000,22.000000,22.000000,22.000000,22.000000,22.000000,22.000000,22.000000,29.000000,30.000000,31.000000,31.000000,31.000000,31.000000,32.000000,1,1,1,1,1,1,1,0,0,0,0,0,0,0,74,5376.199219,717,0,1,0.515141,-0.032999,-0.323628,-3.116000,-0.400000,0.076000,1
0.885461,10.706000,-70.761002,-12.503000,133.427994,22.735001,4.372000,139.860992,0.000000,0.000000,0.000000,0.000000,0.000000,0.000000,0.000000,-314.000000,-1045.000000,217.000000,-1404.000000,-212.000000,-283.000000,-150.000000,22.000000,22.000000,22.000000,22.000000,22.000000,22.000000,22.000000,29.000000,30.000000,31.000000,31.000000,31.000000,31.000000,32.000000,1,1,1,1,1,1,1,0,0,0,0,0,0,0,74,5376.199219,717,0,1,0.515314,-0.033000,-0.323628,-3.116000,-0.400000,0.076000,1
0.895490,10.689000,-70.720001,-12.494000,133.356995,22.756001,4.408000,139.860001,0.000000,0.000000,0.000000,0.000000,0.000000,0.000000,0.000000,-314.000000,-1045.000000,217.000000,-1404.000000,-212.000000,-283.000000,-150.000000,22.000000,22.000000,22.000000,22.000000,22.000000,22.000000,22.000000,29.000000,30.000000,31.000000,31.000000,31.000000,31.000000,32.000000,1,1,1,1,1,1,1,0,0,0,0,0,0,0,74,5376.200195,716,0,1,0.515586,-0.032999,-0.323628,-3.116000,-0.400000,0.076000,1
0.905466,10.666000,-70.660004,-12.482000,133.255997,22.780001,4.460000,139.863998,0.000000,0.000000,0.000000,0.000000,0.000000,0.000000,0.000000,-314.000000,-1045.000000,217.000000,-1404.000000,-212.000000,-283.000000,-150.000000,22.000000,22.000000,22.000000,22.000000,22.000000,22.000000,22.000000,29.000000,30.000000,31.000000,31.000000,31.000000,31.000000,32.000000,1,1,1,1,1,1,1,0,0,0,0,0,0,0,74,5376.200195,718,0,1,0.515976,-0.033000,-0.323628,-3.117000,-0.400000,0.077000,1
0.915507,10.628000,-70.561996,-12.461000,133.087006,22.815001,4.547000,139.876007,0.000000,0.000000,0.000000,0.000000,0.000000,0.000000,0.000000,-314.000000,-1045.000000,217.000000,-1404.000000,-212.000000,-283.000000,-150.000000,22.000000,22.000000,22.000000,22.000000,22.000000,22.000000,22.000000,29.000000,30.000000,31.000000,31.000000,31.000000,31.000000,32.000000,1,1,1,1,1,1,1,0,0,0,0,0,0,0,74,5376.200195,717,0,1,0.516622,-0.032999,-0.323628,-3.116000,-0.400000,0.076000,1
0.925558,10.587000,-70.456001,-12.439000,132.904999,22.848000,4.641000,139.893005,0.000000,0.000000,0.000000,0.000000,0.000000,0.000000,0.000000,-314.000000,-1045.000000,217.000000,-1404.000000,-212.000000,-283.000000,-150.000000,22.000000,22.000000,22.000000,22.000000,22.000000,22.000000,22.000000,29.000000,30.000000,31.000000,31.000000,31.000000,31.000000,32.000000,1,1,1,1,1,1,1,0,0,0,0,0,0,0,74,5376.202148,717,0,1,0.517322,-0.032999,-0.323628,-3.116000,-0.400000,0.076000,1
0.935411,10.558000,-70.380997,-12.423000,132.776001,22.871000,4.708000,139.906006,0.000000,0.000000,0.000000,0.000000,0.000000,0.000000,0.000000,-314.000000,-1045.000000,217.000000,-1404.000000,-212.000000,-283.000000,-150.000000,22.000000,22.000000,22.000000,22.000000,22.000000,22.000000,22.000000,29.000000,30.000000,31.000000,31.000000,31.000000,31.000000,32.000000,1,1,1,1,1,1,1,0,0,0,0,0,0,0,74,5376.200195,717,0,1,0.517817,-0.032999,-0.323628,-3.116000,-0.399000,0.076000,1
0.945396,10.502000,-70.236000,-12.394000,132.526993,22.910999,4.836000,139.932999,0.000000,0.000000,0.000000,0.000000,0.000000,0.000000,0.000000,-314.000000,-1045.000000,217.000000,-1404.000000,-212.000000,-283.000000,-150.000000,22.000000,22.000000,22.000000,22.000000,22.000000,22.000000,22.000000,29.000000,30.000000,31.000000,31.000000,31.000000,31.000000,32.000000,1,1,1,1,1,1,1,0,0,0,0,0,0,0,74,5376.199219,718,0,1,0.518768,-0.032999,-0.323628,-3.116000,-0.400000,0.076000,1
0.955395,10.437000,-70.068001,-12.360000,132.235992,22.957001,4.986000,139.966995,0.000000,0.000000,0.000000,0.000000,0.000000,0.000000,0.000000,-314.000000,-1045.000000,217.000000,-1404.000000,-212.000000,-283.000000,-150.000000,22.000000,22.000000,22.000000,22.000000,22.000000,22.000000,22.000000,29.000000,30.000000,31.000000,31.000000,31.000000,31.000000,32.000000,1,1,1,1,1,1,1,0,0,0,0,0,0,0,74,5376.199219,716,0,1,0.519879,-0.032999,-0.323627,-3.116000,-0.400000,0.077000,1
0.965395,10.363000,-69.875999,-12.321000,131.904007,23.006001,5.158000,140.007004,0.000000,0.000000,0.000000,0.000000,0.000000,0.000000,0.000000,-314.000000,-1045.000000,217.000000,-1404.000000,-212.000000,-283.000000,-150.000000,22.000000,22.000000,22.000000,22.000000,22.000000,22.000000,22.000000,29.000000,30.000000,31.000000,31.000000,31.000000,31.000000,32.000000,1,1,1,1,1,1,1,0,0,0,0,0,0,0,74,5376.198242,717,0,1,0.521146,-0.032999,-0.323628,-3.116000,-0.399000,0.076000,1
0.975490,10.262000,-69.615997,-12.271000,131.453003,23.070000,5.391000,140.063995,0.000000,0.000000,0.000000,0.000000,0.000000,0.000000,0.000000,-314.000000,-1045.000000,217.000000,-1404.000000,-212.000000,-283.000000,-150.000000,22.000000,22.000000,22.000000,22.000000,22.000000,22.000000,22.000000,29.000000,30.000000,31.000000,31.000000,31.000000,31.000000,32.000000,1,1,1,1,1,1,1,0,0,0,0,0,0,0,74,5376.200195,717,0,1,0.522865,-0.032999,-0.323628,-3.116000,-0.399000,0.076000,1
0.985493,10.169000,-69.375999,-12.225000,131.035995,23.127001,5.608000,140.119003,0.000000,0.000000,0.000000,0.000000,0.000000,0.000000,0.000000,-314.000000,-1045.000000,217.000000,-1404.000000,-212.000000,-283.000000,-150.000000,22.000000,22.000000,22.000000,22.000000,22.000000,22.000000,22.000000,29.000000,30.000000,31.000000,31.000000,31.000000,31.000000,32.000000,1,1,1,1,1,1,1,0,0,0,0,0,0,0,74,5376.196777,718,0,1,0.524448,-0.032999,-0.323628,-3.116000,-0.400000,0.076000,1
0.995481,10.068000,-69.119003,-12.178000,130.585999,23.186001,5.842000,140.177994,0.000000,0.000000,0.000000,0.000000,0.000000,0.000000,0.000000,-314.000000,-1045.000000,217.000000,-1404.000000,-212.000000,-283.000000,-150.000000,22.000000,22.000000,22.000000,22.000000,22.000000,22.000000,22.000000,29.000000,30.000000,31.000000,31.000000,31.000000,31.000000,32.000000,1,1,1,1,1,1,1,0,0,0,0,0,0,0,74,5376.198242,716,0,1,0.526152,-0.033000,-0.323627,-3.116000,-0.400000,0.076000,1
1.006314,9.961000,-68.845001,-12.129000,130.108002,23.247999,6.092000,140.242004,0.000000,0.000000,0.000000,0.000000,0.000000,0.000000,0.000000,-314.000000,-1045.000000,217.000000,-1404.000000,-212.000000,-283.000000,-150.000000,22.000000,22.000000,22.000000,22.000000,22.000000,22.000000,22.000000,29.000000,30.000000,31.000000,31.000000,31.000000,31.000000,32.000000,1,1,1,1,1,1,1,0,0,0,0,0,0,0,74,5376.194824,718,0,1,0.527960,-0.032999,-0.323628,-3.116000,-0.399000,0.076000,1
1.015373,9.894000,-68.675003,-12.099000,129.809998,23.285000,6.248000,140.283005,0.000000,0.000000,0.000000,0.000000,0.000000,0.000000,0.000000,-314.000000,-1045.000000,217.000000,-1404.000000,-212.000000,-283.000000,-150.000000,22.000000,22.000000,22.000000,22.000000,22.000000,22.000000,22.000000,29.000000,30.000000,31.000000,31.000000,31.000000,31.000000,32.000000,1,1,1,1,1,1,1,0,0,0,0,0,0,0,74,5376.198242,717,0,1,0.529086,-0.032999,-0.323628,-3.116000,-0.399000,0.076000,1
1.026537,9.779000,-68.384003,-12.049000,129.298004,23.348000,6.517000,140.352997,0.000000,0.000000,0.000000,0.000000,0.000000,0.000000,0.000000,-314.000000,-1045.000000,217.000000,-1404.000000,-212.000000,-283.000000,-150.000000,22.000000,22.000000,22.000000,22.000000,22.000000,22.000000,22.000000,29.000000,30.000000,31.000000,31.000000,31.000000,31.000000,32.000000,1,1,1,1,1,1,1,0,0,0,0,0,0,0,74,5376.198242,717,0,1,0.531015,-0.032999,-0.323628,-3.116000,-0.399000,0.076000,1
1.035511,9.637000,-68.026001,-11.989000,128.666000,23.424000,6.849000,140.440002,0.000000,0.000000,0.000000,0.000000,0.000000,0.000000,0.000000,-314.000000,-1045.000000,217.000000,-1404.000000,-212.000000,-283.000000,-150.000000,22.000000,22.000000,22.000000,22.000000,22.000000,22.000000,22.000000,29.000000,30.000000,31.000000,31.000000,31.000000,31.000000,32.000000,1,1,1,1,1,1,1,0,0,0,0,0,0,0,74,5376.198242,717,0,1,0.533388,-0.032999,-0.323628,-3.116000,-0.399000,0.077000,1
1.045463,9.517000,-67.724998,-11.941000,128.132004,23.486000,7.131000,140.514008,0.000000,0.000000,0.000000,0.000000,0.000000,0.000000,0.000000,-314.000000,-1045.000000,217.000000,-1404.000000,-212.000000,-283.000000,-150.000000,22.000000,22.000000,22.000000,22.000000,22.000000,22.000000,22.000000,29.000000,30.000000,31.000000,31.000000,31.000000,31.000000,32.000000,1,1,1,1,1,1,1,0,0,0,0,0,0,0,74,5376.198242,716,0,1,0.535385,-0.032999,-0.323628,-3.116000,-0.399000,0.076000,1
1.055570,9.373000,-67.363998,-11.885000,127.489998,23.559999,7.471000,140.602997,0.000000,0.000000,0.000000,0.000000,0.000000,0.000000,0.000000,-314.000000,-1045.000000,217.000000,-1404.000000,-212.000000,-283.000000,-150.000000,22.000000,22.000000,22.000000,22.000000,22.000000,22.000000,22.000000,29.000000,30.000000,31.000000,31.000000,31.000000,31.000000,32.000000,1,1,1,1,1,1,1,0,0,0,0,0,0,0,74,5376.194824,718,0,1,0.537782,-0.032999,-0.323628,-3.116000,-0.399000,0.076000,1
1.065641,9.253000,-67.061996,-11.841000,126.953003,23.620001,7.756000,140.679001,0.000000,0.000000,0.000000,0.000000,0.000000,0.000000,0.000000,-314.000000,-1045.000000,217.000000,-1404.000000,-212.000000,-283.000000,-150.000000,22.000000,22.000000,22.000000,22.000000,22.000000,22.000000,22.000000,29.000000,30.000000,31.000000,31.000000,31.000000,31.000000,32.000000,1,1,1,1,1,1,1,0,0,0,0,0,0,0,74,5376.196777,718,0,1,0.539779,-0.032999,-0.323628,-3.116000,-0.399000,0.076000,1
1.075561,9.132000,-66.761002,-11.797000,126.415001,23.679001,8.042000,140.755005,0.000000,0.000000,0.000000,0.000000,0.000000,0.000000,0.000000,-314.000000,-1045.000000,217.000000,-1404.000000,-212.000000,-283.000000,-150.000000,22.000000,22.000000,22.000000,22.000000,22.000000,22.000000,22.000000,29.000000,30.000000,31.000000,31.000000,31.000000,31.000000,32.000000,1,1,1,1,1,1,1,0,0,0,0,0,0,0,74,5376.196777,717,0,1,0.541777,-0.032999,-0.323628,-3.116000,-0.399000,0.076000,1
1.085529,9.059000,-66.581001,-11.772000,126.091003,23.712999,8.214000,140.800995,0.000000,0.000000,0.000000,0.000000,0.000000,0.000000,0.000000,-314.000000,-1045.000000,217.000000,-1404.000000,-212.000000,-283.000000,-150.000000,22.000000,22.000000,22.000000,22.000000,22.000000,22.000000,22.000000,29.000000,30.000000,31.000000,31.000000,31.000000,31.000000,32.000000,1,1,1,1,1,1,1,0,0,0,0,0,0,0,74,5376.198242,716,0,1,0.542976,-0.032999,-0.323628,-3.116000,-0.399000,0.076000,1
1.095588,8.937000,-66.278999,-11.731000,125.550003,23.771000,8.503000,140.878006,0.000000,0.000000,0.000000,0.000000,0.000000,0.000000,0.000000,-314.000000,-1045.000000,217.000000,-1404.000000,-212.000000,-283.000000,-150.000000,22.000000,22.000000,22.000000,22.000000,22.000000,22.000000,22.000000,29.000000,30.000000,31.000000,31.000000,31.000000,31.000000,32.000000,1,1,1,1,1,1,1,0,0,0,0,0,0,0,74,5376.198242,718,0,1,0.544973,-0.032999,-0.323628,-3.116000,-0.400000,0.076000,1
1.105468,8.816000,-65.977997,-11.692000,125.007004,23.827000,8.793000,140.957001,0.000000,0.000000,0.000000,0.000000,0.000000,0.000000,0.000000,-314.000000,-1045.000000,217.000000,-1404.000000,-212.000000,-283.000000,-150.000000,22.000000,22.000000,22.000000,22.000000,22.000000,22.000000,22.000000,29.000000,30.000000,31.000000,31.000000,31.000000,31.000000,32.000000,1,1,1,1,1,1,1,0,0,0,0,0,0,0,74,5376.198242,717,0,1,0.546971,-0.033000,-0.323628,-3.116000,-0.400000,0.076000,1
1.115434,8.693000,-65.677002,-11.654000,124.462997,23.882000,9.085000,141.035004,0.000000,0.000000,0.000000,0.000000,0.000000,0.000000,0.000000,-314.000000,-1045.000000,217.000000,-1404.000000,-212.000000,-283.000000,-150.000000,22.000000,22.000000,22.000000,22.000000,22.000000,22.000000,22.000000,29.000000,30.000000,31.000000,31.000000,31.000000,31.000000,32.000000,1,1,1,1,1,1,1,0,0,0,0,0,0,0,74,5376.196777,715,0,1,0.548968,-0.032999,-0.323628,-3.116000,-0.399000,0.077000,1
1.125470,8.547000,-65.315002,-11.610000,123.807999,23.945999,9.436000,141.130997,0.000000,0.000000,0.000000,0.000000,0.000000,0.000000,0.000000,-314.000000,-1045.000000,217.000000,-1404.000000,-212.000000,-283.000000,-150.000000,22.000000,22.000000,22.000000,22.000000,22.000000,22.000000,22.000000,29.000000,30.000000,31.000000,31.000000,31.000000,31.000000,32.000000,1,1,1,1,1,1,1,0,0,0,0,0,0,0,74,5376.198242,718,0,1,0.551365,-0.032999,-0.323628,-3.116000,-0.399000,0.076000,1
1.135438,8.424000,-65.014000,-11.575000,123.261002,23.999001,9.731000,141.212006,0.000000,0.000000,0.000000,0.000000,0.000000,0.000000,0.000000,-314.000000,-1045.000000,217.000000,-1404.000000,-212.000000,-283.000000,-150.000000,22.000000,22.000000,22.000000,22.000000,22.000000,22.000000,22.000000,29.000000,30.000000,31.000000,31.000000,31.000000,31.000000,32.000000,1,1,1,1,1,1,1,0,0,0,0,0,0,0,74,5376.198242,718,0,1,0.553363,-0.032999,-0.323628,-3.116000,-0.399000,0.076000,1
1.145531,8.301000,-64.711998,-11.541000,122.710999,24.049999,10.027000,141.294006,0.000000,0.000000,0.000000,0.000000,0.000000,0.000000,0.000000,-314.000000,-1045.000000,217.000000,-1404.000000,-212.000000,-283.000000,-150.000000,22.000000,22.000000,22.000000,22.000000,22.000000,22.000000,22.000000,29.000000,30.000000,31.000000,31.000000,31.000000,31.000000,32.000000,1,1,1,1,1,1,1,0,0,0,0,0,0,0,74,5376.198242,717,0,1,0.555360,-0.032999,-0.323628,-3.116000,-0.400000,0.076000,1
1.155441,8.179000,-64.412003,-11.508000,122.163002,24.100000,10.323000,141.376999,0.000000,0.000000,0.000000,0.000000,0.000000,0.000000,0.000000,-314.000000,-1045.000000,217.000000,-1404.000000,-212.000000,-283.000000,-150.000000,22.000000,22.000000,22.000000,22.000000,22.000000,22.000000,22.000000,29.000000,30.000000,31.000000,31.000000,31.000000,31.000000,32.000000,1,1,1,1,1,1,1,0,0,0,0,0,0,0,74,5376.199219,716,0,1,0.557350,-0.032999,-0.323628,-3.116000,-0.399000,0.076000,1
1.165523,8.060000,-64.122002,-11.478000,121.633003,24.148001,10.609000,141.455994,0.000000,0.000000,0.000000,0.000000,0.000000,0.000000,0.000000,-314.000000,-1045.000000,217.000000,-1404.000000,-212.000000,-283.000000,-150.000000,22.000000,22.000000,22.000000,22.000000,22.000000,22.000000,22.000000,29.000000,30.000000,31.000000,31.000000,31.000000,31.000000,32.000000,1,1,1,1,1,1,1,0,0,0,0,0,0,0,74,5376.198242,718,0,1,0.559265,-0.032999,-0.323628,-3.116000,-0.399000,0.076000,1
1.175497,7.929000,-63.801998,-11.447000,121.045998,24.201000,10.927000,141.544998,0.000000,0.000000,0.000000,0.000000,0.000000,0.000000,0.000000,-314.000000,-1045.000000,217.000000,-1404.000000,-212.000000,-283.000000,-150.000000,22.000000,22.000000,22.000000,22.000000,22.000000,22.000000,22.000000,29.000000,30.000000,31.000000,31.000000,31.000000,31.000000,32.000000,1,1,1,1,1,1,1,0,0,0,0,0,0,0,74,5376.199219,718,0,1,0.561381,-0.032999,-0.323628,-3.116000,-0.399000,0.076000,1
1.185439,7.830000,-63.558998,-11.424000,120.598999,24.240999,11.169000,141.610992,0.000000,0.000000,0.000000,0.000000,0.000000,0.000000,0.000000,-314.000000,-1045.000000,217.000000,-1404.000000,-212.000000,-283.000000,-150.000000,22.000000,22.000000,22.000000,22.000000,22.000000,22.000000,22.000000,29.000000,30.000000,31.000000,31.000000,31.000000,31.000000,32.000000,1,1,1,1,1,1,1,0,0,0,0,0,0,0,74,5376.199219,717,0,1,0.562985,-0.032999,-0.323628,-3.116000,-0.399000,0.076000,1
1.195579,7.773000,-63.419998,-11.411000,120.345001,24.264000,11.307000,141.649002,0.000000,0.000000,0.000000,0.000000,0.000000,0.000000,0.000000,-314.000000,-1045.000000,217.000000,-1404.000000,-212.000000,-283.000000,-150.000000,22.000000,22.000000,22.000000,22.000000,22.000000,22.000000,22.000000,29.000000,30.000000,31.000000,31.000000,31.000000,31.000000,32.000000,1,1,1,1,1,1,1,0,0,0,0,0,0,0,74,5376.199219,717,0,1,0.563899,-0.032999,-0.323628,-3.116000,-0.399000,0.077000,1
1.206392,7.646000,-63.102001,-11.387000,119.757004,24.313999,11.627000,141.735001,0.000000,0.000000,0.000000,0.000000,0.000000,0.000000,0.000000,-314.000000,-1045.000000,217.000000,-1404.000000,-212.000000,-283.000000,-150.000000,22.000000,22.000000,22.000000,22.000000,22.000000,22.000000,22.000000,29.000000,30.000000,31.000000,31.000000,31.000000,31.000000,32.000000,1,1,1,1,1,1,1,0,0,0,0,0,0,0,74,5376.198242,717,0,1,0.565999,-0.033019,-0.323628,-3.116000,-0.399000,0.076000,0
1.216504,7.549000,-62.831001,-11.383000,119.249001,24.350000,11.905000,141.800995,0.000000,0.000000,0.000000,0.000000,0.000000,0.000000,0.000000,-314.000000,-1045.000000,217.000000,-1404.000000,-212.000000,-283.000000,-150.000000,22.000000,22.000000,22.000000,22.000000,22.000000,22.000000,22.000000,29.000000,30.000000,31.000000,31.000000,31.000000,31.000000,32.000000,1,1,1,1,1,1,1,0,0,0,0,0,0,0,74,5376.200195,718,0,1,0.567796,-0.033093,-0.323628,-3.116000,-0.399000,0.076000,0
1.226480,7.519000,-62.741001,-11.384000,119.079002,24.361000,11.999000,141.822006,0.000000,0.000000,0.000000,0.000000,0.000000,0.000000,0.000000,-314.000000,-1045.000000,217.000000,-1404.000000,-212.000000,-283.000000,-150.000000,22.000000,22.000000,22.000000,22.000000,22.000000,22.000000,22.000000,29.000000,30.000000,31.000000,31.000000,31.000000,31.000000,32.000000,1,1,1,1,1,1,1,0,0,0,0,0,0,0,74,5376.199219,720,0,1,0.568395,-0.033131,-0.323628,-3.116000,-0.400000,0.076000,0
1.236502,7.438000,-62.471001,-11.399000,118.566002,24.388000,12.281000,141.880005,0.000000,0.000000,0.000000,0.000000,0.000000,0.000000,0.000000,-314.000000,-1045.000000,217.000000,-1404.000000,-212.000000,-283.000000,-150.000000,22.000000,22.000000,22.000000,22.000000,22.000000,22.000000,22.000000,29.000000,30.000000,31.000000,31.000000,31.000000,31.000000,32.000000,1,1,1,1,1,1,1,0,0,0,0,0,0,0,74,5376.199219,715,0,1,0.570188,-0.033280,-0.323628,-3.116000,-0.400000,0.076000,0
1.246493,7.379000,-62.247002,-11.422000,118.137001,24.405001,12.519000,141.923004,0.000000,0.000000,0.000000,0.000000,0.000000,0.000000,0.000000,-314.000000,-1045.000000,217.000000,-1404.000000,-212.000000,-283.000000,-150.000000,22.000000,22.000000,22.000000,22.000000,22.000000,22.000000,22.000000,29.000000,30.000000,31.000000,31.000000,31.000000,31.000000,32.000000,1,1,1,1,1,1,1,0,0,0,0,0,0,0,74,5376.198242,715,0,1,0.571678,-0.033447,-0.323628,-3.116000,-0.400000,0.077000,0
1.256491,7.329000,-62.025002,-11.455000,117.706001,24.419001,12.758000,141.960999,0.000000,0.000000,0.000000,0.000000,0.000000,0.000000,0.000000,-314.000000,-1045.000000,217.000000,-1404.000000,-212.000000,-283.000000,-150.000000,22.000000,22.000000,22.000000,22.000000,22.000000,22.000000,22.000000,29.000000,30.000000,31.000000,31.000000,31.000000,31.000000,32.000000,1,1,1,1,1,1,1,0,0,0,0,0,0,0,74,5376.199219,720,0,1,0.573163,-0.033652,-0.323628,-3.116000,-0.399000,0.077000,0
1.266477,7.287000,-61.803001,-11.498000,117.274002,24.427999,12.999000,141.996002,0.000000,0.000000,0.000000,0.000000,0.000000,0.000000,0.000000,-314.000000,-1045.000000,217.000000,-1404.000000,-212.000000,-283.000000,-150.000000,22.000000,22.000000,22.000000,22.000000,22.000000,22.000000,22.000000,29.000000,30.000000,31.000000,31.000000,31.000000,31.000000,32.000000,1,1,1,1,1,1,1,0,0,0,0,0,0,0,74,5376.198242,717,0,1,0.574643,-0.033896,-0.323628,-3.116000,-0.399000,0.076000,0
1.276477,7.247000,-61.539001,-11.562000,116.753998,24.434000,13.290000,142.029999,0.000000,0.000000,0.000000,0.000000,0.000000,0.000000,0.000000,-314.000000,-1045.000000,217.000000,-1404.000000,-212.000000,-283.000000,-150.000000,22.000000,22.000000,22.000000,22.000000,22.000000,22.000000,22.000000,29.000000,30.000000,31.000000,31.000000,31.000000,31.000000,32.000000,1,1,1,1,1,1,1,0,0,0,0,0,0,0,74,5376.198242,717,0,1,0.576409,-0.034239,-0.323628,-3.116000,-0.399000,0.076000,0
1.286481,7.223000,-61.320999,-11.626000,116.320000,24.434000,13.534000,142.054993,0.000000,0.000000,0.000000,0.000000,0.000000,0.000000,0.000000,-314.000000,-1045.000000,217.000000,-1404.000000,-212.000000,-283.000000,-150.000000,22.000000,22.000000,22.000000,22.000000,22.000000,22.000000,22.000000,29.000000,30.000000,31.000000,31.000000,31.000000,31.000000,32.000000,1,1,1,1,1,1,1,0,0,0,0,0,0,0,74,5376.198242,718,0,1,0.577872,-0.034566,-0.323628,-3.116000,-0.400000,0.076000,0
1.296562,7.208000,-61.104000,-11.699000,115.885002,24.431000,13.779000,142.074005,0.000000,0.000000,0.000000,0.000000,0.000000,0.000000,0.000000,-314.000000,-1045.000000,217.000000,-1404.000000,-212.000000,-283.000000,-150.000000,22.000000,22.000000,22.000000,22.000000,22.000000,22.000000,22.000000,29.000000,30.000000,31.000000,31.000000,31.000000,31.000000,32.000000,1,1,1,1,1,1,1,0,0,0,0,0,0,0,74,5376.198242,717,0,1,0.579326,-0.034932,-0.323628,-3.116000,-0.399000,0.076000,0
1.306496,7.201000,-60.846001,-11.798000,115.362999,24.422001,14.074000,142.091995,0.000000,0.000000,0.000000,0.000000,0.000000,0.000000,0.000000,-314.000000,-1045.000000,217.000000,-1404.000000,-212.000000,-283.000000,-150.000000,22.000000,22.000000,22.000000,22.000000,22.000000,22.000000,22.000000,29.000000,30.000000,31.000000,31.000000,31.000000,31.000000,32.000000,1,1,1,1,1,1,1,0,0,0,0,0,0,0,74,5376.196777,717,0,1,0.581058,-0.035420,-0.323628,-3.116000,-0.399000,0.076000,0
1.316465,7.202000,-60.761002,-11.834000,115.189003,24.417999,14.173000,142.095993,0.000000,0.000000,0.000000,0.000000,0.000000,0.000000,0.000000,-314.000000,-1045.000000,217.000000,-1404.000000,-212.000000,-283.000000,-150.000000,22.000000,22.000000,22.000000,22.000000,22.000000,22.000000,22.000000,29.000000,30.000000,31.000000,31.000000,31.000000,31.000000,32.000000,1,1,1,1,1,1,1,0,0,0,0,0,0,0,74,5376.198242,716,0,1,0.581632,-0.035595,-0.323628,-3.116000,-0.399000,0.076000,0
1.326468,7.209000,-60.548000,-11.931000,114.754997,24.405001,14.420000,142.104004,0.000000,0.000000,0.000000,0.000000,0.000000,0.000000,0.000000,-314.000000,-1045.000000,217.000000,-1404.000000,-212.000000,-283.000000,-150.000000,22.000000,22.000000,22.000000,22.000000,22.000000,22.000000,22.000000,29.000000,30.000000,31.000000,31.000000,31.000000,31.000000,32.000000,1,1,1,1,1,1,1,0,0,0,0,0,0,0,74,5376.198242,718,0,1,0.583058,-0.036057,-0.323628,-3.116000,-0.400000,0.076000,0
1.336562,7.228000,-60.296001,-12.058000,114.234001,24.386000,14.717000,142.108002,0.000000,0.000000,0.000000,0.000000,0.000000,0.000000,0.000000,-314.000000,-1045.000000,217.000000,-1404.000000,-212.000000,-283.000000,-150.000000,22.000000,22.000000,22.000000,22.000000,22.000000,22.000000,22.000000,29.000000,30.000000,31.000000,31.000000,31.000000,31.000000,32.000000,1,1,1,1,1,1,1,0,0,0,0,0,0,0,74,5376.198242,719,0,1,0.584753,-0.036661,-0.323628,-3.116000,-0.399000,0.076000,0
1.346601,7.254000,-60.088001,-12.174000,113.800003,24.365999,14.964000,142.106003,0.000000,0.000000,0.000000,0.000000,0.000000,0.000000,0.000000,-314.000000,-1045.000000,217.000000,-1404.000000,-212.000000,-283.000000,-150.000000,22.000000,22.000000,22.000000,22.000000,22.000000,22.000000,22.000000,29.000000,30.000000,31.000000,31.000000,31.000000,31.000000,32.000000,1,1,1,1,1,1,1,0,0,0,0,0,0,0,74,5376.196777,718,0,1,0.586151,-0.037204,-0.323628,-3.116000,-0.399000,0.077000,0
1.356476,7.289000,-59.882000,-12.298000,113.367996,24.341999,15.212000,142.098999,0.000000,0.000000,0.000000,0.000000,0.000000,0.000000,0.000000,-314.000000,-1045.000000,217.000000,-1404.000000,-212.000000,-283.000000,-150.000000,22.000000,22.000000,22.000000,22.000000,22.000000,22.000000,22.000000,29.000000,30.000000,31.000000,31.000000,31.000000,31.000000,32.000000,1,1,1,1,1,1,1,0,0,0,0,0,0,0,74,5376.196777,717,0,1,0.587534,-0.037783,-0.323628,-3.116000,-0.400000,0.076000,0
1.366512,7.332000,-59.679001,-12.430000,112.936996,24.316000,15.459000,142.087997,0.000000,0.000000,0.000000,0.000000,0.000000,0.000000,0.000000,-314.000000,-1045.000000,217.000000,-1404.000000,-212.000000,-283.000000,-150.000000,22.000000,22.000000,22.000000,22.000000,22.000000,22.000000,22.000000,29.000000,30.000000,31.000000,31.000000,31.000000,31.000000,32.000000,1,1,1,1,1,1,1,0,0,0,0,0,0,0,74,5376.198242,718,0,1,0.588901,-0.038398,-0.323628,-3.116000,-0.399000,0.076000,0
1.376470,7.395000,-59.438000,-12.600000,112.421997,24.281000,15.756000,142.069000,0.000000,0.000000,0.000000,0.000000,0.000000,0.000000,0.000000,-314.000000,-1045.000000,217.000000,-1404.000000,-212.000000,-283.000000,-150.000000,22.000000,22.000000,22.000000,22.000000,22.000000,22.000000,22.000000,29.000000,30.000000,31.000000,31.000000,31.000000,31.000000,32.000000,1,1,1,1,1,1,1,0,0,0,0,0,0,0,74,5376.198242,717,0,1,0.590521,-0.039182,-0.323628,-3.116000,-0.399000,0.076000,0
1.386513,7.456000,-59.240002,-12.750000,111.995003,24.247999,16.003000,142.048004,0.000000,0.000000,0.000000,0.000000,0.000000,0.000000,0.000000,-314.000000,-1045.000000,217.000000,-1404.000000,-212.000000,-283.000000,-150.000000,22.000000,22.000000,22.000000,22.000000,22.000000,22.000000,22.000000,29.000000,30.000000,31.000000,31.000000,31.000000,31.000000,32.000000,1,1,1,1,1,1,1,0,0,0,0,0,0,0,74,5376.198242,717,0,1,0.591851,-0.039874,-0.323627,-3.116000,-0.399000,0.077000,0
1.396532,7.527000,-59.044998,-12.908000,111.570000,24.212999,16.249001,142.022995,0.000000,0.000000,0.000000,0.000000,0.000000,0.000000,0.000000,-314.000000,-1045.000000,217.000000,-1404.000000,-212.000000,-283.000000,-150.000000,22.000000,22.000000,22.000000,22.000000,22.000000,22.000000,22.000000,29.000000,30.000000,31.000000,31.000000,31.000000,31.000000,32.000000,1,1,1,1,1,1,1,0,0,0,0,0,0,0,74,5376.196777,717,0,1,0.593163,-0.040600,-0.323628,-3.116000,-0.399000,0.076000,0
1.406495,7.603000,-58.851002,-13.071000,111.143997,24.176001,16.496000,141.994995,0.000000,0.000000,0.000000,0.000000,0.000000,0.000000,0.000000,-314.000000,-1045.000000,217.000000,-1404.000000,-212.000000,-283.000000,-150.000000,22.000000,22.000000,22.000000,22.000000,22.000000,22.000000,22.000000,29.000000,30.000000,31.000000,31.000000,31.000000,31.000000,32.000000,1,1,1,1,1,1,1,0,0,0,0,0,0,0,74,5376.198242,716,0,1,0.594470,-0.041354,-0.323628,-3.116000,-0.400000,0.076000,1
1.416449,7.701000,-58.603001,-13.279000,110.598999,24.128000,16.811001,141.960999,0.000000,0.000000,0.000000,0.000000,0.000000,0.000000,0.000000,-314.000000,-1045.000000,217.000000,-1404.000000,-212.000000,-283.000000,-150.000000,22.000000,22.000000,22.000000,22.000000,22.000000,22.000000,22.000000,29.000000,30.000000,31.000000,31.000000,31.000000,31.000000,32.000000,1,1,1,1,1,1,1,0,0,0,0,0,0,0,74,5376.198242,717,0,1,0.596131,-0.042313,-0.323628,-3.116000,-0.399000,0.076000,1
1.426448,7.792000,-58.375000,-13.470000,110.098000,24.084999,17.101000,141.932999,0.000000,0.000000,0.000000,0.000000,0.000000,0.000000,0.000000,-314.000000,-1045.000000,217.000000,-1404.000000,-212.000000,-283.000000,-150.000000,22.000000,22.000000,22.000000,22.000000,22.000000,22.000000,22.000000,29.000000,30.000000,31.000000,31.000000,31.000000,31.000000,32.000000,1,1,1,1,1,1,1,0,0,0,0,0,0,0,74,5376.198242,718,0,1,0.597655,-0.043193,-0.323628,-3.116000,-0.399000,0.076000,1
1.436487,7.831000,-58.277000,-13.550000,109.885002,24.066999,17.224001,141.921005,0.000000,0.000000,0.000000,0.000000,0.000000,0.000000,0.000000,-314.000000,-1045.000000,217.000000,-1404.000000,-212.000000,-283.000000,-150.000000,22.000000,22.000000,22.000000,22.000000,22.000000,22.000000,22.000000,29.000000,30.000000,31.000000,31.000000,31.000000,31.000000,32.000000,1,1,1,1,1,1,1,0,0,0,0,0,0,0,74,5376.198242,719,0,1,0.598302,-0.043566,-0.323628,-3.116000,-0.399000,0.076000,1
1.446514,7.953000,-57.972000,-13.802000,109.213997,24.009001,17.612000,141.888000,0.000000,0.000000,0.000000,0.000000,0.000000,0.000000,0.000000,-314.000000,-1045.000000,217.000000,-1404.000000,-212.000000,-283.000000,-150.000000,22.000000,22.000000,22.000000,22.000000,22.000000,22.000000,22.000000,29.000000,30.000000,31.000000,31.000000,31.000000,31.000000,32.000000,1,1,1,1,1,1,1,0,0,0,0,0,0,0,74,5376.198242,717,0,1,0.600329,-0.044737,-0.323628,-3.116000,-0.399000,0.076000,1
1.456492,8.057000,-57.710999,-14.015000,108.640999,23.961000,17.941999,141.860992,0.000000,0.000000,0.000000,0.000000,0.000000,0.000000,0.000000,-314.000000,-1045.000000,217.000000,-1404.000000,-212.000000,-283.000000,-150.000000,22.000000,22.000000,22.000000,22.000000,22.000000,22.000000,22.000000,29.000000,30.000000,31.000000,31.000000,31.000000,31.000000,32.000000,1,1,1,1,1,1,1,0,0,0,0,0,0,0,74,5376.198242,718,0,1,0.602051,-0.045731,-0.323628,-3.116000,-0.399000,0.076000,1
1.466489,8.163000,-57.449001,-14.228000,108.066002,23.915001,18.273001,141.835999,0.000000,0.000000,0.000000,0.000000,0.000000,0.000000,0.000000,-314.000000,-1045.000000,217.000000,-1404.000000,-212.000000,-283.000000,-150.000000,22.000000,22.000000,22.000000,22.000000,22.000000,22.000000,22.000000,29.000000,30.000000,31.000000,31.000000,31.000000,31.000000,32.000000,1,1,1,1,1,1,1,0,0,0,0,0,0,0,74,5376.198242,720,0,1,0.603773,-0.046725,-0.323628,-3.116000,-0.399000,0.076000,1
1.476524,8.269000,-57.187000,-14.441000,107.488998,23.868999,18.605000,141.813004,0.000000,0.000000,0.000000,0.000000,0.000000,0.000000,0.000000,-314.000000,-1045.000000,217.000000,-1404.000000,-212.000000,-283.000000,-150.000000,22.000000,22.000000,22.000000,22.000000,22.000000,22.000000,22.000000,29.000000,30.000000,31.000000,31.000000,31.000000,31.000000,32.000000,1,1,1,1,1,1,1,0,0,0,0,0,0,0,74,5376.198242,718,0,1,0.605495,-0.047719,-0.323628,-3.116000,-0.399000,0.076000,1
1.486453,8.376000,-56.922001,-14.653000,106.908997,23.823999,18.938000,141.792007,0.000000,0.000000,0.000000,0.000000,0.000000,0.000000,0.000000,-314.000000,-1045.000000,217.000000,-1404.000000,-212.000000,-283.000000,-150.000000,22.000000,22.000000,22.000000,22.000000,22.000000,22.000000,22.000000,29.000000,30.000000,31.000000,31.000000,31.000000,31.000000,32.000000,1,1,1,1,1,1,1,0,0,0,0,0,0,0,74,5376.199219,717,0,1,0.607218,-0.048714,-0.323628,-3.116000,-0.399000,0.077000,1
1.496503,8.484000,-56.657001,-14.865000,106.325996,23.778999,19.271999,141.772003,0.000000,0.000000,0.000000,0.000000,0.000000,0.000000,0.000000,-314.000000,-1045.000000,217.000000,-1404.000000,-212.000000,-283.000000,-150.000000,22.000000,22.000000,22.000000,22.000000,22.000000,22.000000,22.000000,29.000000,30.000000,31.000000,31.000000,31.000000,31.000000,32.000000,1,1,1,1,1,1,1,0,0,0,0,0,0,0,74,5376.198242,718,0,1,0.608940,-0.049708,-0.323628,-3.116000,-0.399000,0.076000,1
1.506521,8.615000,-56.337002,-15.119000,105.623001,23.726999,19.674999,141.751007,0.000000,0.000000,0.000000,0.000000,0.000000,0.000000,0.000000,-314.000000,-1045.000000,217.000000,-1404.000000,-212.000000,-283.000000,-150.000000,22.000000,22.000000,22.000000,22.000000,22.000000,22.000000,22.000000,29.000000,30.000000,31.000000,31.000000,31.000000,31.000000,32.000000,1,1,1,1,1,1,1,0,0,0,0,0,0,0,74,5376.198242,717,0,1,0.611006,-0.050901,-0.323628,-3.116000,-0.399000,0.076000,1
1.516442,8.725000,-56.070000,-15.330000,105.033997,23.684999,20.011999,141.735001,0.000000,0.000000,0.000000,0.000000,0.000000,0.000000,0.000000,-314.000000,-1045.000000,217.000000,-1404.000000,-212.000000,-283.000000,-150.000000,22.000000,22.000000,22.000000,22.000000,22.000000,22.000000,22.000000,29.000000,30.000000,31.000000,31.000000,31.000000,31.000000,32.000000,1,1,1,1,1,1,1,0,0,0,0,0,0,0,74,5376.198242,718,0,1,0.612729,-0.051895,-0.323628,-3.116000,-0.400000,0.076000,1
1.526611,8.836000,-55.800999,-15.542000,104.443001,23.643999,20.350000,141.722000,0.000000,0.000000,0.000000,0.000000,0.000000,0.000000,0.000000,-314.000000,-1045.000000,217.000000,-1404.000000,-212.000000,-283.000000,-150.000000,22.000000,22.000000,22.000000,22.000000,22.000000,22.000000,22.000000,29.000000,30.000000,31.000000,31.000000,31.000000,31.000000,32.000000,1,1,1,1,1,1,1,0,0,0,0,0,0,0,74,5376.196777,717,0,1,0.614450,-0.052889,-0.323628,-3.116000,-0.399000,0.076000,1
1.536537,8.947000,-55.534000,-15.751000,103.856003,23.603001,20.684999,141.709000,0.000000,0.000000,0.000000,0.000000,0.000000,0.000000,0.000000,-314.000000,-1045.000000,217.000000,-1404.000000,-212.000000,-283.000000,-150.000000,22.000000,22.000000,22.000000,22.000000,22.000000,22.000000,22.000000,29.000000,30.000000,31.000000,31.000000,31.000000,31.000000,32.000000,1,1,1,1,1,1,1,0,0,0,0,0,0,0,74,5376.198242,719,0,1,0.616152,-0.053872,-0.323628,-3.116000,-0.399000,0.076000,1
1.546490,9.076000,-55.224998,-15.992000,103.177002,23.559000,21.072001,141.697006,0.000000,0.000000,0.000000,0.000000,0.000000,0.000000,0.000000,-314.000000,-1045.000000,217.000000,-1404.000000,-212.000000,-283.000000,-150.000000,22.000000,22.000000,22.000000,22.000000,22.000000,22.000000,22.000000,29.000000,30.000000,31.000000,31.000000,31.000000,31.000000,32.000000,1,1,1,1,1,1,1,0,0,0,0,0,0,0,74,5376.196777,717,0,1,0.618111,-0.055003,-0.323628,-3.116000,-0.399000,0.076000,1
1.556516,9.117000,-55.125999,-16.069000,102.959999,23.545000,21.195999,141.692993,0.000000,0.000000,0.000000,0.000000,0.000000,0.000000,0.000000,-314.000000,-1045.000000,217.000000,-1404.000000,-212.000000,-283.000000,-150.000000,22.000000,22.000000,22.000000,22.000000,22.000000,22.000000,22.000000,29.000000,30.000000,31.000000,31.000000,31.000000,31.000000,32.000000,1,1,1,1,1,1,1,0,0,0,0,0,0,0,74,5376.198242,718,0,1,0.618734,-0.055362,-0.323628,-3.116000,-0.399000,0.076000,1
1.566538,9.234000,-54.848000,-16.285000,102.348000,23.507000,21.544001,141.684006,0.000000,0.000000,0.000000,0.000000,0.000000,0.000000,0.000000,-314.000000,-1045.000000,217.000000,-1404.000000,-212.000000,-283.000000,-150.000000,22.000000,22.000000,22.000000,22.000000,22.000000,22.000000,22.000000,29.000000,30.000000,31.000000,31.000000,31.000000,31.000000,32.000000,1,1,1,1,1,1,1,0,0,0,0,0,0,0,74,5376.198242,719,0,1,0.620485,-0.056374,-0.323628,-3.116000,-0.399000,0.076000,1
1.576521,9.321000,-54.639000,-16.445999,101.888000,23.480000,21.806000,141.677002,0.000000,0.000000,0.000000,0.000000,0.000000,0.000000,0.000000,-314.000000,-1045.000000,217.000000,-1404.000000,-212.000000,-283.000000,-150.000000,22.000000,22.000000,22.000000,22.000000,22.000000,22.000000,22.000000,29.000000,30.000000,31.000000,31.000000,31.000000,31.000000,32.000000,1,1,1,1,1,1,1,0,0,0,0,0,0,0,74,5376.198242,718,0,1,0.621797,-0.057131,-0.323628,-3.116000,-0.400000,0.076000,1
1.586459,9.400000,-54.451000,-16.591999,101.474998,23.458000,22.041000,141.671005,0.000000,0.000000,0.000000,0.000000,0.000000,0.000000,0.000000,-314.000000,-1045.000000,217.000000,-1404.000000,-212.000000,-283.000000,-150.000000,22.000000,22.000000,22.000000,22.000000,22.000000,22.000000,22.000000,29.000000,30.000000,31.000000,31.000000,31.000000,31.000000,32.000000,1,1,1,1,1,1,1,0,0,0,0,0,0,0,74,5376.199219,717,0,1,0.622972,-0.057810,-0.323628,-3.116000,-0.400000,0.076000,1
1.596588,9.471000,-54.282001,-16.722000,101.102997,23.438999,22.252001,141.666000,0.000000,0.000000,0.000000,0.000000,0.000000,0.000000,0.000000,-314.000000,-1045.000000,217.000000,-1404.000000,-212.000000,-283.000000,-150.000000,22.000000,22.000000,22.000000,22.000000,22.000000,22.000000,22.000000,29.000000,30.000000,31.000000,31.000000,31.000000,31.000000,32.000000,1,1,1,1,1,1,1,0,0,0,0,0,0,0,74,5376.198242,717,0,1,0.624025,-0.058417,-0.323628,-3.116000,-0.399000,0.076000,1
1.606587,9.548000,-54.098999,-16.863001,100.700996,23.420000,22.482000,141.658997,0.000000,0.000000,0.000000,0.000000,0.000000,0.000000,0.000000,-314.000000,-1045.000000,217.000000,-1404.000000,-212.000000,-283.000000,-150.000000,22.000000,22.000000,22.000000,22.000000,22.000000,22.000000,22.000000,29.000000,30.000000,31.000000,31.000000,31.000000,31.000000,32.000000,1,1,1,1,1,1,1,0,0,0,0,0,0,0,74,5376.200195,718,0,1,0.625162,-0.059074,-0.323628,-3.116000,-0.399000,0.076000,1
1.616475,9.608000,-53.956001,-16.974001,100.386002,23.406000,22.660999,141.654999,0.000000,0.000000,0.000000,0.000000,0.000000,0.000000,0.000000,-314.000000,-1045.000000,217.000000,-1404.000000,-212.000000,-283.000000,-150.000000,22.000000,22.000000,22.000000,22.000000,22.000000,22.000000,22.000000,29.000000,30.000000,31.000000,31.000000,31.000000,31.000000,32.000000,1,1,1,1,1,1,1,0,0,0,0,0,0,0,74,5376.199219,717,0,1,0.626049,-0.059586,-0.323628,-3.116000,-0.400000,0.076000,1
1.626492,9.665000,-53.812000,-17.080000,100.071999,23.393000,22.839001,141.653000,0.000000,0.000000,0.000000,0.000000,0.000000,0.000000,0.000000,-314.000000,-1045.000000,217.000000,-1404.000000,-212.000000,-283.000000,-150.000000,22.000000,22.000000,22.000000,22.000000,22.000000,22.000000,22.000000,29.000000,30.000000,31.000000,31.000000,31.000000,31.000000,32.000000,1,1,1,1,1,1,1,0,0,0,0,0,0,0,74,5376.198242,719,0,1,0.626934,-0.060078,-0.323627,-3.117000,-0.400000,0.076000,0
1.636499,9.712000,-53.664001,-17.177000,99.752998,23.382999,23.018000,141.658997,0.000000,0.000000,0.000000,0.000000,0.000000,0.000000,0.000000,-314.000000,-1045.000000,217.000000,-1404.000000,-212.000000,-283.000000,-150.000000,22.000000,22.000000,22.000000,22.000000,22.000000,22.000000,22.000000,29.000000,30.000000,31.000000,31.000000,31.000000,31.000000,32.000000,1,1,1,1,1,1,1,0,0,0,0,0,0,0,74,5376.199219,717,0,1,0.627843,-0.060526,-0.323628,-3.116000,-0.400000,0.076000,0
1.646575,9.748000,-53.511002,-17.263000,99.430000,23.377001,23.198999,141.671997,0.000000,0.000000,0.000000,0.000000,0.000000,0.000000,0.000000,-314.000000,-1045.000000,217.000000,-1404.000000,-212.000000,-283.000000,-150.000000,22.000000,22.000000,22.000000,22.000000,22.000000,22.000000,22.000000,29.000000,30.000000,31.000000,31.000000,31.000000,31.000000,32.000000,1,1,1,1,1,1,1,0,0,0,0,0,0,0,74,5376.198242,719,0,1,0.628774,-0.060929,-0.323627,-3.116000,-0.399000,0.076000,0
1.656520,9.779000,-53.321999,-17.354000,99.039001,23.372999,23.417000,141.699005,0.000000,0.000000,0.000000,0.000000,0.000000,0.000000,0.000000,-314.000000,-1045.000000,217.000000,-1404.000000,-212.000000,-283.000000,-150.000000,22.000000,22.000000,22.000000,22.000000,22.000000,22.000000,22.000000,29.000000,30.000000,31.000000,31.000000,31.000000,31.000000,32.000000,1,1,1,1,1,1,1,0,0,0,0,0,0,0,74,5376.199219,718,0,1,0.629915,-0.061348,-0.323628,-3.116000,-0.399000,0.076000,0
1.666517,9.786000,-53.257999,-17.381001,98.907997,23.372999,23.489000,141.710007,0.000000,0.000000,0.000000,0.000000,0.000000,0.000000,0.000000,-314.000000,-1045.000000,217.000000,-1404.000000,-212.000000,-283.000000,-150.000000,22.000000,22.000000,22.000000,22.000000,22.000000,22.000000,22.000000,29.000000,30.000000,31.000000,31.000000,31.000000,31.000000,32.000000,1,1,1,1,1,1,1,0,0,0,0,0,0,0,74,5376.198242,718,0,1,0.630301,-0.061473,-0.323628,-3.116000,-0.399000,0.076000,0
1.676510,9.796000,-53.095001,-17.441000,98.578003,23.374001,23.671000,141.744003,0.000000,0.000000,0.000000,0.000000,0.000000,0.000000,0.000000,-314.000000,-1045.000000,217.000000,-1404.000000,-212.000000,-283.000000,-150.000000,22.000000,22.000000,22.000000,22.000000,22.000000,22.000000,22.000000,29.000000,30.000000,31.000000,31.000000,31.000000,31.000000,32.000000,1,1,1,1,1,1,1,0,0,0,0,0,0,0,74,5376.199219,716,0,1,0.631276,-0.061750,-0.323628,-3.116000,-0.399000,0.076000,0
1.686506,9.796000,-52.930000,-17.490000,98.248001,23.379000,23.851000,141.785004,0.000000,0.000000,0.000000,0.000000,0.000000,0.000000,0.000000,-314.000000,-1045.000000,217.000000,-1404.000000,-212.000000,-283.000000,-150.000000,22.000000,22.000000,22.000000,22.000000,22.000000,22.000000,22.000000,29.000000,30.000000,31.000000,31.000000,31.000000,31.000000,32.000000,1,1,1,1,1,1,1,0,0,0,0,0,0,0,74,5376.199219,718,0,1,0.632264,-0.061978,-0.323628,-3.116000,-0.399000,0.076000,0
1.696628,9.782000,-52.728001,-17.535999,97.851997,23.388000,24.066999,141.843994,0.000000,0.000000,0.000000,0.000000,0.000000,0.000000,0.000000,-314.000000,-1045.000000,217.000000,-1404.000000,-212.000000,-283.000000,-150.000000,22.000000,22.000000,22.000000,22.000000,22.000000,22.000000,22.000000,29.000000,30.000000,31.000000,31.000000,31.000000,31.000000,32.000000,1,1,1,1,1,1,1,0,0,0,0,0,0,0,74,5376.198242,718,0,1,0.633463,-0.062185,-0.323628,-3.116000,-0.400000,0.076000,0
1.706481,9.759000,-52.556999,-17.562000,97.522003,23.399000,24.245001,141.901001,0.000000,0.000000,0.000000,0.000000,0.000000,0.000000,0.000000,-314.000000,-1045.000000,217.000000,-1404.000000,-212.000000,-283.000000,-150.000000,22.000000,22.000000,22.000000,22.000000,22.000000,22.000000,22.000000,29.000000,30.000000,31.000000,31.000000,31.000000,31.000000,32.000000,1,1,1,1,1,1,1,0,0,0,0,0,0,0,74,5376.198242,718,0,1,0.634469,-0.062302,-0.323628,-3.116000,-0.399000,0.076000,0
1.716551,9.717000,-52.351002,-17.580000,97.128998,23.415001,24.455000,141.979004,0.000000,0.000000,0.000000,0.000000,0.000000,0.000000,0.000000,-314.000000,-1045.000000,217.000000,-1404.000000,-212.000000,-283.000000,-150.000000,22.000000,22.000000,22.000000,22.000000,22.000000,22.000000,22.000000,29.000000,30.000000,31.000000,31.000000,31.000000,31.000000,32.000000,1,1,1,1,1,1,1,0,0,0,0,0,0,0,74,5376.196777,716,0,1,0.635683,-0.062375,-0.323628,-3.116000,-0.399000,0.076000,0
1.726559,9.671000,-52.178001,-17.583000,96.804001,23.431999,24.628000,142.050995,0.000000,0.000000,0.000000,0.000000,0.000000,0.000000,0.000000,-314.000000,-1045.000000,217.000000,-1404.000000,-212.000000,-283.000000,-150.000000,22.000000,22.000000,22.000000,22.000000,22.000000,22.000000,22.000000,29.000000,30.000000,31.000000,31.000000,31.000000,31.000000,32.000000,1,1,1,1,1,1,1,0,0,0,0,0,0,0,74,5376.198242,718,0,1,0.636697,-0.062380,-0.323628,-3.116000,-0.400000,0.076000,0
1.736480,9.616000,-52.004002,-17.575001,96.482002,23.451000,24.798000,142.130005,0.000000,0.000000,0.000000,0.000000,0.000000,0.000000,0.000000,-314.000000,-1045.000000,217.000000,-1404.000000,-212.000000,-283.000000,-150.000000,22.000000,22.000000,22.000000,22.000000,22.000000,22.000000,22.000000,29.000000,30.000000,31.000000,31.000000,31.000000,31.000000,32.000000,1,1,1,1,1,1,1,0,0,0,0,0,0,0,74,5376.198242,718,0,1,0.637710,-0.062335,-0.323628,-3.116000,-0.399000,0.076000,0
1.746535,9.549000,-51.830002,-17.556000,96.165001,23.472000,24.965000,142.216003,0.000000,0.000000,0.000000,0.000000,0.000000,0.000000,0.000000,-314.000000,-1045.000000,217.000000,-1404.000000,-212.000000,-283.000000,-150.000000,22.000000,22.000000,22.000000,22.000000,22.000000,22.000000,22.000000,29.000000,30.000000,31.000000,31.000000,31.000000,31.000000,32.000000,1,1,1,1,1,1,1,0,0,0,0,0,0,0,74,5376.198242,718,0,1,0.638719,-0.062238,-0.323628,-3.116000,-0.399000,0.077000,0
1.756580,9.473000,-51.655998,-17.527000,95.852997,23.496000,25.128000,142.307999,0.000000,0.000000,0.000000,0.000000,0.000000,0.000000,0.000000,-314.000000,-1045.000000,217.000000,-1404.000000,-212.000000,-283.000000,-150.000000,22.000000,22.000000,22.000000,22.000000,22.000000,22.000000,22.000000,29.000000,30.000000,31.000000,31.000000,31.000000,31.000000,32.000000,1,1,1,1,1,1,1,0,0,0,0,0,0,0,74,5376.198242,717,0,1,0.639721,-0.062090,-0.323628,-3.116000,-0.399000,0.076000,0
1.766573,9.387000,-51.484001,-17.488001,95.545998,23.521999,25.287001,142.404999,0.000000,0.000000,0.000000,0.000000,0.000000,0.000000,0.000000,-314.000000,-1045.000000,217.000000,-1404.000000,-212.000000,-283.000000,-150.000000,22.000000,22.000000,22.000000,22.000000,22.000000,22.000000,22.000000,29.000000,30.000000,31.000000,31.000000,31.000000,31.000000,32.000000,1,1,1,1,1,1,1,0,0,0,0,0,0,0,74,5376.196777,718,0,1,0.640715,-0.061893,-0.323628,-3.116000,-0.400000,0.076000,0
1.776487,9.271000,-51.278999,-17.426001,95.186996,23.555000,25.472000,142.529999,0.000000,0.000000,0.000000,0.000000,0.000000,0.000000,0.000000,-314.000000,-1045.000000,217.000000,-1404.000000,-212.000000,-283.000000,-150.000000,22.000000,22.000000,22.000000,22.000000,22.000000,22.000000,22.000000,29.000000,30.000000,31.000000,31.000000,31.000000,31.000000,32.000000,1,1,1,1,1,1,1,0,0,0,0,0,0,0,74,5376.199219,717,0,1,0.641893,-0.061590,-0.323628,-3.116000,-0.399000,0.076000,0
1.786452,9.164000,-51.110001,-17.363001,94.894997,23.584999,25.621000,142.639999,0.000000,0.000000,0.000000,0.000000,0.000000,0.000000,0.000000,-314.000000,-1045.000000,217.000000,-1404.000000,-212.000000,-283.000000,-150.000000,22.000000,22.000000,22.000000,22.000000,22.000000,22.000000,22.000000,29.000000,30.000000,31.000000,31.000000,31.000000,31.000000,32.000000,1,1,1,1,1,1,1,0,0,0,0,0,0,0,74,5376.199219,717,0,1,0.642860,-0.061283,-0.323628,-3.116000,-0.400000,0.076000,0
1.796661,9.118000,-51.043999,-17.336000,94.780998,23.598000,25.679001,142.684998,0.000000,0.000000,0.000000,0.000000,0.000000,0.000000,0.000000,-314.000000,-1045.000000,217.000000,-1404.000000,-212.000000,-283.000000,-150.000000,22.000000,22.000000,22.000000,22.000000,22.000000,22.000000,22.000000,29.000000,30.000000,31.000000,31.000000,31.000000,31.000000,32.000000,1,1,1,1,1,1,1,0,0,0,0,0,0,0,74,5376.198242,718,0,1,0.643242,-0.061147,-0.323627,-3.116000,-0.400000,0.076000,0
1.806540,8.973000,-50.846001,-17.242001,94.445999,23.636999,25.848000,142.826004,0.000000,0.000000,0.000000,0.000000,0.000000,0.000000,0.000000,-314.000000,-1045.000000,217.000000,-1404.000000,-212.000000,-283.000000,-150.000000,22.000000,22.000000,22.000000,22.000000,22.000000,22.000000,22.000000,29.000000,30.000000,31.000000,31.000000,31.000000,31.000000,32.000000,1,1,1,1,1,1,1,0,0,0,0,0,0,0,74,5376.198242,721,0,1,0.644370,-0.060693,-0.323628,-3.116000,-0.399000,0.076000,0
1.816501,8.842000,-50.685001,-17.153000,94.178001,23.672001,25.983000,142.949005,0.000000,0.000000,0.000000,0.000000,0.000000,0.000000,0.000000,-314.000000,-1045.000000,217.000000,-1404.000000,-212.000000,-283.000000,-150.000000,22.000000,22.000000,22.000000,22.000000,22.000000,22.000000,22.000000,29.000000,30.000000,31.000000,31.000000,31.000000,31.000000,32.000000,1,1,1,1,1,1,1,0,0,0,0,0,0,0,74,5376.198242,719,0,1,0.645288,-0.060263,-0.323628,-3.116000,-0.400000,0.076000,0
1.826506,8.702000,-50.527000,-17.054001,93.918999,23.708000,26.111000,143.076004,0.000000,0.000000,0.000000,0.000000,0.000000,0.000000,0.000000,-314.000000,-1045.000000,217.000000,-1404.000000,-212.000000,-283.000000,-150.000000,22.000000,22.000000,22.000000,22.000000,22.000000,22.000000,22.000000,29.000000,30.000000,31.000000,31.000000,31.000000,31.000000,32.000000,1,1,1,1,1,1,1,0,0,0,0,0,0,0,74,5376.198242,718,0,1,0.646183,-0.059787,-0.323628,-3.116000,-0.400000,0.076000,0
1.836477,8.556000,-50.372002,-16.948999,93.666000,23.745001,26.236000,143.205994,0.000000,0.000000,0.000000,0.000000,0.000000,0.000000,0.000000,-314.000000,-1045.000000,217.000000,-1404.000000,-212.000000,-283.000000,-150.000000,22.000000,22.000000,22.000000,22.000000,22.000000,22.000000,22.000000,29.000000,30.000000,31.000000,31.000000,31.000000,31.000000,32.000000,1,1,1,1,1,1,1,0,0,0,0,0,0,0,74,5376.196777,716,0,1,0.647063,-0.059280,-0.323628,-3.116000,-0.400000,0.076000,1
1.846414,8.404000,-50.210999,-16.839001,93.403000,23.782000,26.365999,143.341995,0.000000,0.000000,0.000000,0.000000,0.000000,0.000000,0.000000,-314.000000,-1045.000000,217.000000,-1404.000000,-212.000000,-283.000000,-150.000000,22.000000,22.000000,22.000000,22.000000,22.000000,22.000000,22.000000,29.000000,30.000000,31.000000,31.000000,31.000000,31.000000,32.000000,1,1,1,1,1,1,1,0,0,0,0,0,0,0,74,5376.198242,717,0,1,0.647978,-0.058752,-0.323628,-3.116000,-0.400000,0.076000,1
1.856424,8.204000,-50.000000,-16.695999,93.055000,23.829000,26.538000,143.522003,0.000000,0.000000,0.000000,0.000000,0.000000,0.000000,0.000000,-314.000000,-1045.000000,217.000000,-1404.000000,-212.000000,-283.000000,-150.000000,22.000000,22.000000,22.000000,22.000000,22.000000,22.000000,22.000000,29.000000,30.000000,31.000000,31.000000,31.000000,31.000000,32.000000,1,1,1,1,1,1,1,0,0,0,0,0,0,0,74,5376.198242,717,0,1,0.649179,-0.058058,-0.323628,-3.116000,-0.399000,0.077000,1
1.866554,8.018000,-49.801998,-16.562000,92.727997,23.871000,26.700001,143.690994,0.000000,0.000000,0.000000,0.000000,0.000000,0.000000,0.000000,-314.000000,-1045.000000,217.000000,-1404.000000,-212.000000,-283.000000,-150.000000,22.000000,22.000000,22.000000,22.000000,22.000000,22.000000,22.000000,29.000000,30.000000,31.000000,31.000000,31.000000,31.000000,32.000000,1,1,1,1,1,1,1,0,0,0,0,0,0,0,74,5376.199219,718,0,1,0.650304,-0.057409,-0.323628,-3.116000,-0.400000,0.076000,1
1.876536,7.809000,-49.581001,-16.412001,92.360001,23.916000,26.882000,143.882004,0.000000,0.000000,0.000000,0.000000,0.000000,0.000000,0.000000,-314.000000,-1045.000000,217.000000,-1404.000000,-212.000000,-283.000000,-150.000000,22.000000,22.000000,22.000000,22.000000,22.000000,22.000000,22.000000,29.000000,30.000000,31.000000,31.000000,31.000000,31.000000,32.000000,1,1,1,1,1,1,1,0,0,0,0,0,0,0,74,5376.199219,717,0,1,0.651562,-0.056683,-0.323628,-3.116000,-0.399000,0.076000,1
1.886472,7.578000,-49.335999,-16.247000,91.948997,23.964001,27.084999,144.095993,0.000000,0.000000,0.000000,0.000000,0.000000,0.000000,0.000000,-314.000000,-1045.000000,217.000000,-1404.000000,-212.000000,-283.000000,-150.000000,22.000000,22.000000,22.000000,22.000000,22.000000,22.000000,22.000000,29.000000,30.000000,31.000000,31.000000,31.000000,31.000000,32.000000,1,1,1,1,1,1,1,0,0,0,0,0,0,0,74,5376.198242,719,0,1,0.652956,-0.055878,-0.323627,-3.116000,-0.399000,0.076000,1
1.896584,7.429000,-49.179001,-16.141001,91.682999,23.993999,27.216999,144.233994,0.000000,0.000000,0.000000,0.000000,0.000000,0.000000,0.000000,-314.000000,-1045.000000,217.000000,-1404.000000,-212.000000,-283.000000,-150.000000,22.000000,22.000000,22.000000,22.000000,22.000000,22.000000,22.000000,29.000000,30.000000,31.000000,31.000000,31.000000,31.000000,32.000000,1,1,1,1,1,1,1,0,0,0,0,0,0,0,74,5376.198242,718,0,1,0.653855,-0.055359,-0.323628,-3.116000,-0.399000,0.076000,1
1.906510,7.000000,-48.726002,-15.837000,90.912003,24.075001,27.600000,144.634003,0.000000,0.000000,0.000000,0.000000,0.000000,0.000000,0.000000,-314.000000,-1045.000000,217.000000,-1404.000000,-212.000000,-283.000000,-150.000000,22.000000,22.000000,22.000000,22.000000,22.000000,22.000000,22.000000,29.000000,30.000000,31.000000,31.000000,31.000000,31.000000,32.000000,1,1,1,1,1,1,1,0,0,0,0,0,0,0,74,5376.198242,718,0,1,0.656437,-0.053869,-0.323628,-3.116000,-0.399000,0.076000,1
1.916520,6.717000,-48.426998,-15.638000,90.399002,24.125000,27.855000,144.899002,0.000000,0.000000,0.000000,0.000000,0.000000,0.000000,0.000000,-314.000000,-1045.000000,217.000000,-1404.000000,-212.000000,-283.000000,-150.000000,22.000000,22.000000,22.000000,22.000000,22.000000,22.000000,22.000000,29.000000,30.000000,31.000000,31.000000,31.000000,31.000000,32.000000,1,1,1,1,1,1,1,0,0,0,0,0,0,0,74,5376.199219,718,0,1,0.658139,-0.052886,-0.323628,-3.116000,-0.399000,0.076000,1
1.926527,6.545000,-48.245998,-15.517000,90.085999,24.153999,28.010000,145.061005,0.000000,0.000000,0.000000,0.000000,0.000000,0.000000,0.000000,-314.000000,-1045.000000,217.000000,-1404.000000,-212.000000,-283.000000,-150.000000,22.000000,22.000000,22.000000,22.000000,22.000000,22.000000,22.000000,29.000000,30.000000,31.000000,31.000000,31.000000,31.000000,32.000000,1,1,1,1,1,1,1,0,0,0,0,0,0,0,74,5376.199219,717,0,1,0.659172,-0.052290,-0.323628,-3.117000,-0.400000,0.076000,1
1.936584,6.258000,-47.944000,-15.317000,89.559998,24.201000,28.271999,145.332993,0.000000,0.000000,0.000000,0.000000,0.000000,0.000000,0.000000,-314.000000,-1045.000000,217.000000,-1404.000000,-212.000000,-283.000000,-150.000000,22.000000,22.000000,22.000000,22.000000,22.000000,22.000000,22.000000,29.000000,30.000000,31.000000,31.000000,31.000000,31.000000,32.000000,1,1,1,1,1,1,1,0,0,0,0,0,0,0,74,5376.199219,718,0,1,0.660894,-0.051295,-0.323628,-3.116000,-0.399000,0.076000,1
1.946524,5.971000,-47.641998,-15.118000,89.029999,24.245001,28.537001,145.606003,0.000000,0.000000,0.000000,0.000000,0.000000,0.000000,0.000000,-314.000000,-1045.000000,217.000000,-1404.000000,-212.000000,-283.000000,-150.000000,22.000000,22.000000,22.000000,22.000000,22.000000,22.000000,22.000000,29.000000,30.000000,31.000000,31.000000,31.000000,31.000000,32.000000,1,1,1,1,1,1,1,0,0,0,0,0,0,0,74,5376.198242,718,0,1,0.662616,-0.050301,-0.323628,-3.116000,-0.399000,0.076000,1
1.956447,5.684000,-47.339001,-14.919000,88.496002,24.287001,28.802999,145.880005,0.000000,0.000000,0.000000,0.000000,0.000000,0.000000,0.000000,-314.000000,-1045.000000,217.000000,-1404.000000,-212.000000,-283.000000,-150.000000,22.000000,22.000000,22.000000,22.000000,22.000000,22.000000,22.000000,29.000000,30.000000,31.000000,31.000000,31.000000,31.000000,32.000000,1,1,1,1,1,1,1,0,0,0,0,0,0,0,74,5376.198242,718,0,1,0.664338,-0.049307,-0.323628,-3.116000,-0.399000,0.076000,1
1.966540,5.396000,-47.036999,-14.722000,87.957001,24.327000,29.072001,146.156006,0.000000,0.000000,0.000000,0.000000,0.000000,0.000000,0.000000,-314.000000,-1045.000000,217.000000,-1404.000000,-212.000000,-283.000000,-150.000000,22.000000,22.000000,22.000000,22.000000,22.000000,22.000000,22.000000,29.000000,30.000000,31.000000,31.000000,31.000000,31.000000,32.000000,1,1,1,1,1,1,1,0,0,0,0,0,0,0,74,5376.198242,719,0,1,0.666060,-0.048312,-0.323628,-3.116000,-0.400000,0.076000,1
1.976492,5.109000,-46.734001,-14.525000,87.414001,24.364000,29.344000,146.432999,0.000000,0.000000,0.000000,0.000000,0.000000,0.000000,0.000000,-314.000000,-1045.000000,217.000000,-1404.000000,-212.000000,-283.000000,-150.000000,22.000000,22.000000,22.000000,22.000000,22.000000,22.000000,22.000000,29.000000,30.000000,31.000000,31.000000,31.000000,31.000000,32.000000,1,1,1,1,1,1,1,0,0,0,0,0,0,0,74,5376.198242,718,0,1,0.667782,-0.047318,-0.323627,-3.116000,-0.399000,0.076000,1
1.986607,4.763000,-46.370998,-14.290000,86.757004,24.405001,29.673000,146.768997,0.000000,0.000000,0.000000,0.000000,0.000000,0.000000,0.000000,-314.000000,-1045.000000,217.000000,-1404.000000,-212.000000,-283.000000,-150.000000,22.000000,22.000000,22.000000,22.000000,22.000000,22.000000,22.000000,29.000000,30.000000,31.000000,31.000000,31.000000,31.000000,32.000000,1,1,1,1,1,1,1,0,0,0,0,0,0,0,74,5376.198242,715,0,1,0.669849,-0.046125,-0.323628,-3.116000,-0.400000,0.076000,1
1.996540,4.475000,-46.068001,-14.095000,86.204002,24.437000,29.950001,147.050003,0.000000,0.000000,0.000000,0.000000,0.000000,0.000000,0.000000,-314.000000,-1045.000000,217.000000,-1404.000000,-212.000000,-283.000000,-150.000000,22.000000,22.000000,22.000000,22.000000,22.000000,22.000000,22.000000,29.000000,30.000000,31.000000,31.000000,31.000000,31.000000,32.000000,1,1,1,1,1,1,1,0,0,0,0,0,0,0,74,5376.196777,718,0,1,0.671571,-0.045130,-0.323628,-3.116000,-0.399000,0.076000,1
2.006568,4.189000,-45.765999,-13.902000,85.649002,24.466000,30.228001,147.330994,0.000000,0.000000,0.000000,0.000000,0.000000,0.000000,0.000000,-314.000000,-1045.000000,217.000000,-1404.000000,-212.000000,-283.000000,-150.000000,22.000000,22.000000,22.000000,22.000000,22.000000,22.000000,22.000000,29.000000,30.000000,31.000000,31.000000,31.000000,31.000000,32.000000,1,1,1,1,1,1,1,0,0,0,0,0,0,0,74,5376.198242,718,0,1,0.673284,-0.044142,-0.323628,-3.116000,-0.400000,0.076000,1
2.016521,3.912000,-45.473999,-13.716000,85.110001,24.492001,30.497999,147.604004,0.000000,0.000000,0.000000,0.000000,0.000000,0.000000,0.000000,-314.000000,-1045.000000,217.000000,-1404.000000,-212.000000,-283.000000,-150.000000,22.000000,22.000000,22.000000,22.000000,22.000000,22.000000,22.000000,29.000000,30.000000,31.000000,31.000000,31.000000,31.000000,32.000000,1,1,1,1,1,1,1,0,0,0,0,0,0,0,74,5376.198242,717,0,1,0.674938,-0.043187,-0.323628,-3.116000,-0.400000,0.076000,1
2.026526,3.653000,-45.200001,-13.543000,84.599998,24.514000,30.754000,147.860992,0.000000,0.000000,0.000000,0.000000,0.000000,0.000000,0.000000,-314.000000,-1045.000000,217.000000,-1404.000000,-212.000000,-283.000000,-150.000000,22.000000,22.000000,22.000000,22.000000,22.000000,22.000000,22.000000,29.000000,30.000000,31.000000,31.000000,31.000000,31.000000,32.000000,1,1,1,1,1,1,1,0,0,0,0,0,0,0,74,5376.198242,718,0,1,0.676487,-0.042292,-0.323628,-3.116000,-0.400000,0.076000,1
2.036581,3.416000,-44.949001,-13.384000,84.129997,24.532000,30.989000,148.097000,0.000000,0.000000,0.000000,0.000000,0.000000,0.000000,0.000000,-314.000000,-1045.000000,217.000000,-1404.000000,-212.000000,-283.000000,-150.000000,22.000000,22.000000,22.000000,22.000000,22.000000,22.000000,22.000000,29.000000,30.000000,31.000000,31.000000,31.000000,31.000000,32.000000,1,1,1,1,1,1,1,0,0,0,0,0,0,0,74,5376.196777,718,0,1,0.677904,-0.041474,-0.323628,-3.116000,-0.399000,0.077000,1
2.046483,3.162000,-44.679001,-13.215000,83.622002,24.549999,31.243999,148.352997,0.000000,0.000000,0.000000,0.000000,0.000000,0.000000,0.000000,-314.000000,-1045.000000,217.000000,-1404.000000,-212.000000,-283.000000,-150.000000,22.000000,22.000000,22.000000,22.000000,22.000000,22.000000,22.000000,29.000000,30.000000,31.000000,31.000000,31.000000,31.000000,32.000000,1,1,1,1,1,1,1,0,0,0,0,0,0,0,74,5376.198242,718,0,1,0.679429,-0.040594,-0.323627,-3.116000,-0.400000,0.076000,1
2.056531,3.083000,-44.595001,-13.162000,83.463997,24.555000,31.323999,148.432999,0.000000,0.000000,0.000000,0.000000,0.000000,0.000000,0.000000,-314.000000,-1045.000000,217.000000,-1404.000000,-212.000000,-283.000000,-150.000000,22.000000,22.000000,22.000000,22.000000,22.000000,22.000000,22.000000,29.000000,30.000000,31.000000,31.000000,31.000000,31.000000,32.000000,1,1,1,1,1,1,1,0,0,0,0,0,0,0,74,5376.199219,717,0,1,0.679900,-0.040322,-0.323628,-3.117000,-0.400000,0.077000,1
2.066609,2.860000,-44.356998,-13.014000,83.012001,24.568001,31.549999,148.660004,0.000000,0.000000,0.000000,0.000000,0.000000,0.000000,0.000000,-314.000000,-1045.000000,217.000000,-1404.000000,-212.000000,-283.000000,-150.000000,22.000000,22.000000,22.000000,22.000000,22.000000,22.000000,22.000000,29.000000,30.000000,31.000000,31.000000,31.000000,31.000000,32.000000,1,1,1,1,1,1,1,0,0,0,0,0,0,0,74,5376.198242,717,0,1,0.681242,-0.039547,-0.323628,-3.116000,-0.400000,0.076000,1
2.077460,2.644000,-44.125000,-12.871000,82.569000,24.577999,31.771999,148.880997,0.000000,0.000000,0.000000,0.000000,0.000000,0.000000,0.000000,-314.000000,-1045.000000,217.000000,-1404.000000,-212.000000,-283.000000,-150.000000,22.000000,22.000000,22.000000,22.000000,22.000000,22.000000,22.000000,29.000000,30.000000,31.000000,31.000000,31.000000,31.000000,32.000000,1,1,1,1,1,1,1,0,0,0,0,0,0,0,74,5376.199219,718,0,1,0.682546,-0.038800,-0.323628,-3.116000,-0.399000,0.076000,0
2.087442,2.467000,-43.929001,-12.756000,82.194000,24.584999,31.961000,149.065002,0.000000,0.000000,0.000000,0.000000,0.000000,0.000000,0.000000,-314.000000,-1045.000000,217.000000,-1404.000000,-212.000000,-283.000000,-150.000000,22.000000,22.000000,22.000000,22.000000,22.000000,22.000000,22.000000,29.000000,30.000000,31.000000,31.000000,31.000000,31.000000,32.000000,1,1,1,1,1,1,1,0,0,0,0,0,0,0,74,5376.199219,717,0,1,0.683641,-0.038192,-0.323627,-3.116000,-0.400000,0.076000,0
2.097542,2.293000,-43.731998,-12.644000,81.814003,24.591000,32.152000,149.248001,0.000000,0.000000,0.000000,0.000000,0.000000,0.000000,0.000000,-314.000000,-1045.000000,217.000000,-1404.000000,-212.000000,-283.000000,-150.000000,22.000000,22.000000,22.000000,22.000000,22.000000,22.000000,22.000000,29.000000,30.000000,31.000000,31.000000,31.000000,31.000000,32.000000,1,1,1,1,1,1,1,0,0,0,0,0,0,0,74,5376.198242,719,0,1,0.684744,-0.037599,-0.323628,-3.116000,-0.400000,0.076000,0
2.107504,2.123000,-43.533001,-12.536000,81.428001,24.596001,32.346001,149.429993,0.000000,0.000000,0.000000,0.000000,0.000000,0.000000,0.000000,-314.000000,-1045.000000,217.000000,-1404.000000,-212.000000,-283.000000,-150.000000,22.000000,22.000000,22.000000,22.000000,22.000000,22.000000,22.000000,29.000000,30.000000,31.000000,31.000000,31.000000,31.000000,32.000000,1,1,1,1,1,1,1,0,0,0,0,0,0,0,74,5376.199219,717,0,1,0.685854,-0.037021,-0.323628,-3.116000,-0.399000,0.076000,0
2.117547,1.955000,-43.332001,-12.432000,81.036003,24.599001,32.543999,149.612000,0.000000,0.000000,0.000000,0.000000,0.000000,0.000000,0.000000,-314.000000,-1045.000000,217.000000,-1404.000000,-212.000000,-283.000000,-150.000000,22.000000,22.000000,22.000000,22.000000,22.000000,22.000000,22.000000,29.000000,30.000000,31.000000,31.000000,31.000000,31.000000,32.000000,1,1,1,1,1,1,1,0,0,0,0,0,0,0,74,5376.199219,718,0,1,0.686972,-0.036457,-0.323628,-3.116000,-0.399000,0.076000,0
2.127536,1.759000,-43.088001,-12.312000,80.558998,24.600000,32.785000,149.830002,0.000000,0.000000,0.000000,0.000000,0.000000,0.000000,0.000000,-314.000000,-1045.000000,217.000000,-1404.000000,-212.000000,-283.000000,-150.000000,22.000000,22.000000,22.000000,22.000000,22.000000,22.000000,22.000000,29.000000,30.000000,31.000000,31.000000,31.000000,31.000000,32.000000,1,1,1,1,1,1,1,0,0,0,0,0,0,0,74,5376.198242,718,0,1,0.688323,-0.035799,-0.323627,-3.116000,-0.400000,0.076000,0
2.137545,1.599000,-42.882999,-12.217000,80.154999,24.600000,32.988998,150.009995,0.000000,0.000000,0.000000,0.000000,0.000000,0.000000,0.000000,-314.000000,-1045.000000,217.000000,-1404.000000,-212.000000,-283.000000,-150.000000,22.000000,22.000000,22.000000,22.000000,22.000000,22.000000,22.000000,29.000000,30.000000,31.000000,31.000000,31.000000,31.000000,32.000000,1,1,1,1,1,1,1,0,0,0,0,0,0,0,74,5376.198242,718,0,1,0.689457,-0.035267,-0.323628,-3.116000,-0.400000,0.076000,0
2.147523,1.505000,-42.758999,-12.161000,79.910004,24.600000,33.112999,150.119003,0.000000,0.000000,0.000000,0.000000,0.000000,0.000000,0.000000,-314.000000,-1045.000000,217.000000,-1404.000000,-212.000000,-283.000000,-150.000000,22.000000,22.000000,22.000000,22.000000,22.000000,22.000000,22.000000,29.000000,30.000000,31.000000,31.000000,31.000000,31.000000,32.000000,1,1,1,1,1,1,1,0,0,0,0,0,0,0,74,5376.196777,717,0,1,0.690141,-0.034956,-0.323628,-3.116000,-0.400000,0.076000,0
2.157562,1.351000,-42.550999,-12.072000,79.497002,24.597000,33.323002,150.298004,0.000000,0.000000,0.000000,0.000000,0.000000,0.000000,0.000000,-314.000000,-1045.000000,217.000000,-1404.000000,-212.000000,-283.000000,-150.000000,22.000000,22.000000,22.000000,22.000000,22.000000,22.000000,22.000000,29.000000,30.000000,31.000000,31.000000,31.000000,31.000000,32.000000,1,1,1,1,1,1,1,0,0,0,0,0,0,0,74,5376.200195,718,0,1,0.691285,-0.034448,-0.323628,-3.116000,-0.400000,0.076000,0
2.167562,1.200000,-42.340000,-11.986000,79.079002,24.594000,33.535000,150.477005,0.000000,0.000000,0.000000,0.000000,0.000000,0.000000,0.000000,-314.000000,-1045.000000,217.000000,-1404.000000,-212.000000,-283.000000,-150.000000,22.000000,22.000000,22.000000,22.000000,22.000000,22.000000,22.000000,29.000000,30.000000,31.000000,31.000000,31.000000,31.000000,32.000000,1,1,1,1,1,1,1,0,0,0,0,0,0,0,74,5376.199219,718,0,1,0.692436,-0.033955,-0.323628,-3.116000,-0.400000,0.076000,0
2.177543,1.052000,-42.127998,-11.905000,78.654999,24.589001,33.750000,150.654999,0.000000,0.000000,0.000000,0.000000,0.000000,0.000000,0.000000,-314.000000,-1045.000000,217.000000,-1404.000000,-212.000000,-283.000000,-150.000000,22.000000,22.000000,22.000000,22.000000,22.000000,22.000000,22.000000,29.000000,30.000000,31.000000,31.000000,31.000000,31.000000,32.000000,1,1,1,1,1,1,1,0,0,0,0,0,0,0,74,5376.198242,718,0,1,0.693594,-0.033477,-0.323628,-3.116000,-0.400000,0.076000,0
2.187476,0.909000,-41.914001,-11.827000,78.225998,24.583000,33.967999,150.832001,0.000000,0.000000,0.000000,0.000000,0.000000,0.000000,0.000000,-314.000000,-1045.000000,217.000000,-1404.000000,-212.000000,-283.000000,-150.000000,22.000000,22.000000,22.000000,22.000000,22.000000,22.000000,22.000000,29.000000,30.000000,31.000000,31.000000,31.000000,31.000000,32.000000,1,1,1,1,1,1,1,0,0,0,0,0,0,0,74,5376.198242,718,0,1,0.694757,-0.033015,-0.323628,-3.116000,-0.400000,0.076000,0
2.197591,0.742000,-41.653999,-11.739000,77.704002,24.573999,34.233002,151.044006,0.000000,0.000000,0.000000,0.000000,0.000000,0.000000,0.000000,-314.000000,-1045.000000,217.000000,-1404.000000,-212.000000,-283.000000,-150.000000,22.000000,22.000000,22.000000,22.000000,22.000000,22.000000,22.000000,29.000000,30.000000,31.000000,31.000000,31.000000,31.000000,32.000000,1,1,1,1,1,1,1,0,0,0,0,0,0,0,74,5376.199219,717,0,1,0.696161,-0.032480,-0.323628,-3.116000,-0.399000,0.076000,0
2.207481,0.606000,-41.435001,-11.671000,77.262001,24.566000,34.457001,151.218994,0.000000,0.000000,0.000000,0.000000,0.000000,0.000000,0.000000,-314.000000,-1045.000000,217.000000,-1404.000000,-212.000000,-283.000000,-150.000000,22.000000,22.000000,22.000000,22.000000,22.000000,22.000000,22.000000,29.000000,30.000000,31.000000,31.000000,31.000000,31.000000,32.000000,1,1,1,1,1,1,1,0,0,0,0,0,0,0,74,5376.198242,718,0,1,0.697338,-0.032051,-0.323628,-3.116000,-0.399000,0.076000,0
2.217528,0.475000,-41.215000,-11.606000,76.816002,24.556000,34.683998,151.393997,0.000000,0.000000,0.000000,0.000000,0.000000,0.000000,0.000000,-314.000000,-1045.000000,217.000000,-1404.000000,-212.000000,-283.000000,-150.000000,22.000000,22.000000,22.000000,22.000000,22.000000,22.000000,22.000000,29.000000,30.000000,31.000000,31.000000,31.000000,31.000000,32.000000,1,1,1,1,1,1,1,0,0,0,0,0,0,0,74,5376.198242,717,0,1,0.698520,-0.031638,-0.323628,-3.116000,-0.399000,0.076000,0
2.227541,0.347000,-40.992001,-11.546000,76.363998,24.545000,34.914001,151.567001,0.000000,0.000000,0.000000,0.000000,0.000000,0.000000,0.000000,-314.000000,-1045.000000,217.000000,-1404.000000,-212.000000,-283.000000,-150.000000,22.000000,22.000000,22.000000,22.000000,22.000000,22.000000,22.000000,29.000000,30.000000,31.000000,31.000000,31.000000,31.000000,32.000000,1,1,1,1,1,1,1,0,0,0,0,0,0,0,74,5376.199219,718,0,1,0.699707,-0.031240,-0.323628,-3.116000,-0.399000,0.076000,0
2.237582,0.224000,-40.766998,-11.490000,75.906998,24.533001,35.146999,151.740005,0.000000,0.000000,0.000000,0.000000,0.000000,0.000000,0.000000,-314.000000,-1045.000000,217.000000,-1404.000000,-212.000000,-283.000000,-150.000000,22.000000,22.000000,22.000000,22.000000,22.000000,22.000000,22.000000,29.000000,30.000000,31.000000,31.000000,31.000000,31.000000,32.000000,1,1,1,1,1,1,1,0,0,0,0,0,0,0,74,5376.196777,718,0,1,0.700899,-0.030858,-0.323628,-3.116000,-0.400000,0.076000,0
2.247494,0.081000,-40.494999,-11.428000,75.351997,24.517000,35.430000,151.945999,0.000000,0.000000,0.000000,0.000000,0.000000,0.000000,0.000000,-314.000000,-1045.000000,217.000000,-1404.000000,-212.000000,-283.000000,-150.000000,22.000000,22.000000,22.000000,22.000000,22.000000,22.000000,22.000000,29.000000,30.000000,31.000000,31.000000,31.000000,31.000000,32.000000,1,1,1,1,1,1,1,0,0,0,0,0,0,0,74,5376.196777,718,0,1,0.702337,-0.030420,-0.323628,-3.116000,-0.399000,0.076000,0
2.257544,0.034000,-40.403000,-11.409000,75.165001,24.511999,35.526001,152.014008,0.000000,0.000000,0.000000,0.000000,0.000000,0.000000,0.000000,-314.000000,-1045.000000,217.000000,-1404.000000,-212.000000,-283.000000,-150.000000,22.000000,22.000000,22.000000,22.000000,22.000000,22.000000,22.000000,29.000000,30.000000,31.000000,31.000000,31.000000,31.000000,32.000000,1,1,1,1,1,1,1,0,0,0,0,0,0,0,74,5376.198242,718,0,1,0.702818,-0.030279,-0.323627,-3.116000,-0.400000,0.076000,0
2.267592,-0.100000,-40.126999,-11.356000,74.598999,24.493999,35.813999,152.218994,0.000000,0.000000,0.000000,0.000000,0.000000,0.000000,0.000000,-314.000000,-1045.000000,217.000000,-1404.000000,-212.000000,-283.000000,-150.000000,22.000000,22.000000,22.000000,22.000000,22.000000,22.000000,22.000000,29.000000,30.000000,31.000000,31.000000,31.000000,31.000000,32.000000,1,1,1,1,1,1,1,0,0,0,0,0,0,0,74,5376.198242,717,0,1,0.704264,-0.029871,-0.323627,-3.116000,-0.400000,0.076000,0
2.277476,-0.208000,-39.893002,-11.315000,74.121002,24.478001,36.057999,152.388000,0.000000,0.000000,0.000000,0.000000,0.000000,0.000000,0.000000,-314.000000,-1045.000000,217.000000,-1404.000000,-212.000000,-283.000000,-150.000000,22.000000,22.000000,22.000000,22.000000,22.000000,22.000000,22.000000,29.000000,30.000000,31.000000,31.000000,31.000000,31.000000,32.000000,1,1,1,1,1,1,1,0,0,0,0,0,0,0,74,5376.198242,718,0,1,0.705477,-0.029544,-0.323628,-3.116000,-0.399000,0.076000,1
2.287521,-0.320000,-39.651001,-11.274000,73.623001,24.461000,36.312000,152.565002,0.000000,0.000000,0.000000,0.000000,0.000000,0.000000,0.000000,-314.000000,-1045.000000,217.000000,-1404.000000,-212.000000,-283.000000,-150.000000,22.000000,22.000000,22.000000,22.000000,22.000000,22.000000,22.000000,29.000000,30.000000,31.000000,31.000000,31.000000,31.000000,32.000000,1,1,1,1,1,1,1,0,0,0,0,0,0,0,74,5376.198242,717,0,1,0.706732,-0.029208,-0.323627,-3.116000,-0.399000,0.076000,1
2.297569,-0.465000,-39.333000,-11.222000,72.967003,24.438999,36.646000,152.796005,0.000000,0.000000,0.000000,0.000000,0.000000,0.000000,0.000000,-314.000000,-1045.000000,217.000000,-1404.000000,-212.000000,-283.000000,-150.000000,22.000000,22.000000,22.000000,22.000000,22.000000,22.000000,22.000000,29.000000,30.000000,31.000000,31.000000,31.000000,31.000000,32.000000,1,1,1,1,1,1,1,0,0,0,0,0,0,0,74,5376.198242,717,0,1,0.708371,-0.028769,-0.323628,-3.116000,-0.399000,0.076000,1
2.307518,-0.600000,-39.035000,-11.175000,72.355003,24.419001,36.959000,153.009995,0.000000,0.000000,0.000000,0.000000,0.000000,0.000000,0.000000,-314.000000,-1045.000000,217.000000,-1404.000000,-212.000000,-283.000000,-150.000000,22.000000,22.000000,22.000000,22.000000,22.000000,22.000000,22.000000,29.000000,30.000000,31.000000,31.000000,31.000000,31.000000,32.000000,1,1,1,1,1,1,1,0,0,0,0,0,0,0,74,5376.199219,718,0,1,0.709893,-0.028361,-0.323628,-3.116000,-0.399000,0.076000,1
2.317531,-0.747000,-38.706001,-11.124000,71.675003,24.396000,37.305000,153.246994,0.000000,0.000000,0.000000,0.000000,0.000000,0.000000,0.000000,-314.000000,-1045.000000,217.000000,-1404.000000,-212.000000,-283.000000,-150.000000,22.000000,22.000000,22.000000,22.000000,22.000000,22.000000,22.000000,29.000000,30.000000,31.000000,31.000000,31.000000,31.000000,32.000000,1,1,1,1,1,1,1,0,0,0,0,0,0,0,74,5376.199219,717,0,1,0.711565,-0.027913,-0.323628,-3.116000,-0.399000,0.076000,1
2.327568,-0.904000,-38.348999,-11.070000,70.934998,24.371000,37.681999,153.503998,0.000000,0.000000,0.000000,0.000000,0.000000,0.000000,0.000000,-314.000000,-1045.000000,217.000000,-1404.000000,-212.000000,-283.000000,-150.000000,22.000000,22.000000,22.000000,22.000000,22.000000,22.000000,22.000000,29.000000,30.000000,31.000000,31.000000,31.000000,31.000000,32.000000,1,1,1,1,1,1,1,0,0,0,0,0,0,0,74,5376.199219,718,0,1,0.713370,-0.027430,-0.323627,-3.116000,-0.400000,0.076000,1
2.337539,-1.101000,-37.894001,-11.005000,69.991997,24.337999,38.161999,153.830994,0.000000,0.000000,0.000000,0.000000,0.000000,0.000000,0.000000,-314.000000,-1045.000000,217.000000,-1404.000000,-212.000000,-283.000000,-150.000000,22.000000,22.000000,22.000000,22.000000,22.000000,22.000000,22.000000,29.000000,30.000000,31.000000,31.000000,31.000000,31.000000,32.000000,1,1,1,1,1,1,1,0,0,0,0,0,0,0,74,5376.199219,717,0,1,0.715645,-0.026820,-0.323627,-3.116000,-0.400000,0.076000,1
2.347499,-1.265000,-37.506001,-10.951000,69.185997,24.308001,38.571999,154.108002,0.000000,0.000000,0.000000,0.000000,0.000000,0.000000,0.000000,-314.000000,-1045.000000,217.000000,-1404.000000,-212.000000,-283.000000,-150.000000,22.000000,22.000000,22.000000,22.000000,22.000000,22.000000,22.000000,29.000000,30.000000,31.000000,31.000000,31.000000,31.000000,32.000000,1,1,1,1,1,1,1,0,0,0,0,0,0,0,74,5376.198242,718,0,1,0.717566,-0.026305,-0.323628,-3.116000,-0.400000,0.076000,1
2.357480,-1.330000,-37.349998,-10.931000,68.861000,24.296000,38.737000,154.220001,0.000000,0.000000,0.000000,0.000000,0.000000,0.000000,0.000000,-314.000000,-1045.000000,217.000000,-1404.000000,-212.000000,-283.000000,-150.000000,22.000000,22.000000,22.000000,22.000000,22.000000,22.000000,22.000000,29.000000,30.000000,31.000000,31.000000,31.000000,31.000000,32.000000,1,1,1,1,1,1,1,0,0,0,0,0,0,0,74,5376.198242,717,0,1,0.718334,-0.026099,-0.323628,-3.116000,-0.399000,0.076000,1
2.367570,-1.524000,-36.879002,-10.870000,67.877998,24.257999,39.236000,154.557007,0.000000,0.000000,0.000000,0.000000,0.000000,0.000000,0.000000,-314.000000,-1045.000000,217.000000,-1404.000000,-212.000000,-283.000000,-150.000000,22.000000,22.000000,22.000000,22.000000,22.000000,22.000000,22.000000,29.000000,30.000000,31.000000,31.000000,31.000000,31.000000,32.000000,1,1,1,1,1,1,1,0,0,0,0,0,0,0,74,5376.199219,717,0,1,0.720639,-0.025482,-0.323628,-3.117000,-0.400000,0.077000,1
2.377514,-1.683000,-36.481998,-10.821000,67.047997,24.224001,39.657001,154.841003,0.000000,0.000000,0.000000,0.000000,0.000000,0.000000,0.000000,-314.000000,-1045.000000,217.000000,-1404.000000,-212.000000,-283.000000,-150.000000,22.000000,22.000000,22.000000,22.000000,22.000000,22.000000,22.000000,29.000000,30.000000,31.000000,31.000000,31.000000,31.000000,32.000000,1,1,1,1,1,1,1,0,0,0,0,0,0,0,74,5376.199219,717,0,1,0.722561,-0.024967,-0.323628,-3.116000,-0.399000,0.076000,1
2.387576,-1.839000,-36.081001,-10.775000,66.209000,24.188999,40.082001,155.126999,0.000000,0.000000,0.000000,0.000000,0.000000,0.000000,0.000000,-314.000000,-1045.000000,217.000000,-1404.000000,-212.000000,-283.000000,-150.000000,22.000000,22.000000,22.000000,22.000000,22.000000,22.000000,22.000000,29.000000,30.000000,31.000000,31.000000,31.000000,31.000000,32.000000,1,1,1,1,1,1,1,0,0,0,0,0,0,0,74,5376.198242,716,0,1,0.724482,-0.024452,-0.323627,-3.117000,-0.399000,0.077000,1
2.397578,-1.994000,-35.675999,-10.730000,65.360001,24.152000,40.512001,155.414993,0.000000,0.000000,0.000000,0.000000,0.000000,0.000000,0.000000,-314.000000,-1045.000000,217.000000,-1404.000000,-212.000000,-283.000000,-150.000000,22.000000,22.000000,22.000000,22.000000,22.000000,22.000000,22.000000,29.000000,30.000000,31.000000,31.000000,31.000000,31.000000,32.000000,1,1,1,1,1,1,1,0,0,0,0,0,0,0,74,5376.199219,718,0,1,0.726403,-0.023937,-0.323627,-3.116000,-0.400000,0.076000,1
2.407527,-2.146000,-35.266998,-10.688000,64.500000,24.114000,40.946999,155.705994,0.000000,0.000000,0.000000,0.000000,0.000000,0.000000,0.000000,-314.000000,-1045.000000,217.000000,-1404.000000,-212.000000,-283.000000,-150.000000,22.000000,22.000000,22.000000,22.000000,22.000000,22.000000,22.000000,29.000000,30.000000,31.000000,31.000000,31.000000,31.000000,32.000000,1,1,1,1,1,1,1,0,0,0,0,0,0,0,74,5376.198242,718,0,1,0.728324,-0.023423,-0.323628,-3.116000,-0.399000,0.076000,1
2.417524,-2.326000,-34.771000,-10.639000,63.453999,24.066000,41.476002,156.057999,0.000000,0.000000,0.000000,0.000000,0.000000,0.000000,0.000000,-314.000000,-1045.000000,217.000000,-1404.000000,-212.000000,-283.000000,-150.000000,22.000000,22.000000,22.000000,22.000000,22.000000,22.000000,22.000000,29.000000,30.000000,31.000000,31.000000,31.000000,31.000000,32.000000,1,1,1,1,1,1,1,0,0,0,0,0,0,0,74,5376.198242,717,0,1,0.730629,-0.022805,-0.323628,-3.116000,-0.400000,0.076000,1
2.427515,-2.472000,-34.353001,-10.602000,62.570999,24.025000,41.922001,156.352997,0.000000,0.000000,0.000000,0.000000,0.000000,0.000000,0.000000,-314.000000,-1045.000000,217.000000,-1404.000000,-212.000000,-283.000000,-150.000000,22.000000,22.000000,22.000000,22.000000,22.000000,22.000000,22.000000,29.000000,30.000000,31.000000,31.000000,31.000000,31.000000,32.000000,1,1,1,1,1,1,1,0,0,0,0,0,0,0,74,5376.198242,716,0,1,0.732545,-0.022292,-0.323628,-3.116000,-0.399000,0.076000,1
2.437540,-2.613000,-33.941002,-10.568000,61.699001,23.983000,42.362000,156.643997,0.000000,0.000000,0.000000,0.000000,0.000000,0.000000,0.000000,-314.000000,-1045.000000,217.000000,-1404.000000,-212.000000,-283.000000,-150.000000,22.000000,22.000000,22.000000,22.000000,22.000000,22.000000,22.000000,29.000000,30.000000,31.000000,31.000000,31.000000,31.000000,32.000000,1,1,1,1,1,1,1,0,0,0,0,0,0,0,74,5376.198242,718,0,1,0.734415,-0.021791,-0.323628,-3.116000,-0.399000,0.076000,1
2.447565,-2.743000,-33.546001,-10.537000,60.862000,23.941000,42.784000,156.921997,0.000000,0.000000,0.000000,0.000000,0.000000,0.000000,0.000000,-314.000000,-1045.000000,217.000000,-1404.000000,-212.000000,-283.000000,-150.000000,22.000000,22.000000,22.000000,22.000000,22.000000,22.000000,22.000000,29.000000,30.000000,31.000000,31.000000,31.000000,31.000000,32.000000,1,1,1,1,1,1,1,0,0,0,0,0,0,0,74,5376.199219,717,0,1,0.736187,-0.021316,-0.323628,-3.116000,-0.400000,0.076000,1
2.457522,-2.860000,-33.176998,-10.511000,60.077999,23.899000,43.178001,157.182007,0.000000,0.000000,0.000000,0.000000,0.000000,0.000000,0.000000,-314.000000,-1045.000000,217.000000,-1404.000000,-212.000000,-283.000000,-150.000000,22.000000,22.000000,22.000000,22.000000,22.000000,22.000000,22.000000,29.000000,30.000000,31.000000,31.000000,31.000000,31.000000,32.000000,1,1,1,1,1,1,1,0,0,0,0,0,0,0,74,5376.198242,716,0,1,0.737824,-0.020877,-0.323628,-3.116000,-0.399000,0.076000,1
2.467565,-2.963000,-32.839001,-10.489000,59.360001,23.858999,43.539001,157.421005,0.000000,0.000000,0.000000,0.000000,0.000000,0.000000,0.000000,-314.000000,-1045.000000,217.000000,-1404.000000,-212.000000,-283.000000,-150.000000,22.000000,22.000000,22.000000,22.000000,22.000000,22.000000,22.000000,29.000000,30.000000,31.000000,31.000000,31.000000,31.000000,32.000000,1,1,1,1,1,1,1,0,0,0,0,0,0,0,74,5376.198242,718,0,1,0.739308,-0.020480,-0.323628,-3.116000,-0.399000,0.077000,1
2.477525,-3.070000,-32.473000,-10.467000,58.582001,23.813000,43.930000,157.679001,0.000000,0.000000,0.000000,0.000000,0.000000,0.000000,0.000000,-314.000000,-1045.000000,217.000000,-1404.000000,-212.000000,-283.000000,-150.000000,22.000000,22.000000,22.000000,22.000000,22.000000,22.000000,22.000000,29.000000,30.000000,31.000000,31.000000,31.000000,31.000000,32.000000,1,1,1,1,1,1,1,0,0,0,0,0,0,0,74,5376.198242,717,0,1,0.740895,-0.020054,-0.323628,-3.116000,-0.400000,0.077000,1
2.487471,-3.147000,-32.195999,-10.451000,57.990002,23.775999,44.227001,157.875000,0.000000,0.000000,0.000000,0.000000,0.000000,0.000000,0.000000,-314.000000,-1045.000000,217.000000,-1404.000000,-212.000000,-283.000000,-150.000000,22.000000,22.000000,22.000000,22.000000,22.000000,22.000000,22.000000,29.000000,30.000000,31.000000,31.000000,31.000000,31.000000,32.000000,1,1,1,1,1,1,1,0,0,0,0,0,0,0,74,5376.199219,718,0,1,0.742089,-0.019734,-0.323627,-3.117000,-0.400000,0.076000,1
2.497663,-3.191000,-32.036999,-10.443000,57.650002,23.754000,44.396999,157.988007,0.000000,0.000000,0.000000,0.000000,0.000000,0.000000,0.000000,-314.000000,-1045.000000,217.000000,-1404.000000,-212.000000,-283.000000,-150.000000,22.000000,22.000000,22.000000,22.000000,22.000000,22.000000,22.000000,29.000000,30.000000,31.000000,31.000000,31.000000,31.000000,32.000000,1,1,1,1,1,1,1,0,0,0,0,0,0,0,74,5376.198242,719,0,1,0.742769,-0.019552,-0.323628,-3.116000,-0.399000,0.076000,1
2.508534,-3.261000,-31.775999,-10.429000,57.091999,23.716999,44.675999,158.173996,0.000000,0.000000,0.000000,0.000000,0.000000,0.000000,0.000000,-314.000000,-1045.000000,217.000000,-1404.000000,-212.000000,-283.000000,-150.000000,22.000000,22.000000,22.000000,22.000000,22.000000,22.000000,22.000000,29.000000,30.000000,31.000000,31.000000,31.000000,31.000000,32.000000,1,1,1,1,1,1,1,0,0,0,0,0,0,0,74,5376.199219,718,0,1,0.743879,-0.019251,-0.323627,-3.116000,-0.400000,0.076000,0
2.518514,-3.339000,-31.516001,-10.406000,56.535999,23.679001,44.953999,158.363998,0.000000,0.000000,0.000000,0.000000,0.000000,0.000000,0.000000,-314.000000,-1045.000000,217.000000,-1404.000000,-212.000000,-283.000000,-150.000000,22.000000,22.000000,22.000000,22.000000,22.000000,22.000000,22.000000,29.000000,30.000000,31.000000,31.000000,31.000000,31.000000,32.000000,1,1,1,1,1,1,1,0,0,0,0,0,0,0,74,5376.198242,716,0,1,0.744977,-0.018916,-0.323628,-3.117000,-0.399000,0.077000,0
2.528568,-3.445000,-31.208000,-10.364000,55.874001,23.631001,45.283001,158.598999,0.000000,0.000000,0.000000,0.000000,0.000000,0.000000,0.000000,-314.000000,-1045.000000,217.000000,-1404.000000,-212.000000,-283.000000,-150.000000,22.000000,22.000000,22.000000,22.000000,22.000000,22.000000,22.000000,29.000000,30.000000,31.000000,31.000000,31.000000,31.000000,32.000000,1,1,1,1,1,1,1,0,0,0,0,0,0,0,74,5376.198242,717,0,1,0.746277,-0.018458,-0.323628,-3.116000,-0.399000,0.076000,0
2.538549,-3.544000,-30.952999,-10.316000,55.326000,23.589001,45.554001,158.802002,0.000000,0.000000,0.000000,0.000000,0.000000,0.000000,0.000000,-314.000000,-1045.000000,217.000000,-1404.000000,-212.000000,-283.000000,-150.000000,22.000000,22.000000,22.000000,22.000000,22.000000,22.000000,22.000000,29.000000,30.000000,31.000000,31.000000,31.000000,31.000000,32.000000,1,1,1,1,1,1,1,0,0,0,0,0,0,0,74,5376.198242,717,0,1,0.747342,-0.018031,-0.323628,-3.116000,-0.399000,0.076000,0
2.548463,-3.653000,-30.702000,-10.258000,54.784000,23.546000,45.821999,159.009003,0.000000,0.000000,0.000000,0.000000,0.000000,0.000000,0.000000,-314.000000,-1045.000000,217.000000,-1404.000000,-212.000000,-283.000000,-150.000000,22.000000,22.000000,22.000000,22.000000,22.000000,22.000000,22.000000,29.000000,30.000000,31.000000,31.000000,31.000000,31.000000,32.000000,1,1,1,1,1,1,1,0,0,0,0,0,0,0,74,5376.198242,717,0,1,0.748390,-0.017563,-0.323628,-3.117000,-0.400000,0.077000,0
2.558530,-3.771000,-30.454000,-10.187000,54.249001,23.500999,46.085999,159.220993,0.000000,0.000000,0.000000,0.000000,0.000000,0.000000,0.000000,-314.000000,-1045.000000,217.000000,-1404.000000,-212.000000,-283.000000,-150.000000,22.000000,22.000000,22.000000,22.000000,22.000000,22.000000,22.000000,29.000000,30.000000,31.000000,31.000000,31.000000,31.000000,32.000000,1,1,1,1,1,1,1,0,0,0,0,0,0,0,74,5376.196777,717,0,1,0.749420,-0.017055,-0.323627,-3.116000,-0.400000,0.076000,0
2.568502,-3.898000,-30.211000,-10.105000,53.720001,23.452999,46.345001,159.436996,0.000000,0.000000,0.000000,0.000000,0.000000,0.000000,0.000000,-314.000000,-1045.000000,217.000000,-1404.000000,-212.000000,-283.000000,-150.000000,22.000000,22.000000,22.000000,22.000000,22.000000,22.000000,22.000000,29.000000,30.000000,31.000000,31.000000,31.000000,31.000000,32.000000,1,1,1,1,1,1,1,0,0,0,0,0,0,0,74,5376.198242,718,0,1,0.750429,-0.016508,-0.323627,-3.116000,-0.400000,0.077000,0
2.578548,-4.035000,-29.971001,-10.011000,53.199001,23.403999,46.599998,159.656998,0.000000,0.000000,0.000000,0.000000,0.000000,0.000000,0.000000,-314.000000,-1045.000000,217.000000,-1404.000000,-212.000000,-283.000000,-150.000000,22.000000,22.000000,22.000000,22.000000,22.000000,22.000000,22.000000,29.000000,30.000000,31.000000,31.000000,31.000000,31.000000,32.000000,1,1,1,1,1,1,1,0,0,0,0,0,0,0,74,5376.198242,716,0,1,0.751417,-0.015923,-0.323627,-3.117000,-0.400000,0.076000,0
2.588546,-4.182000,-29.737000,-9.905000,52.688000,23.354000,46.848999,159.880997,0.000000,0.000000,0.000000,0.000000,0.000000,0.000000,0.000000,-314.000000,-1045.000000,217.000000,-1404.000000,-212.000000,-283.000000,-150.000000,22.000000,22.000000,22.000000,22.000000,22.000000,22.000000,22.000000,29.000000,30.000000,31.000000,31.000000,31.000000,31.000000,32.000000,1,1,1,1,1,1,1,0,0,0,0,0,0,0,74,5376.199219,718,0,1,0.752381,-0.015300,-0.323627,-3.116000,-0.400000,0.076000,0
2.598625,-4.370000,-29.462999,-9.762000,52.085999,23.290001,47.139999,160.154007,0.000000,0.000000,0.000000,0.000000,0.000000,0.000000,0.000000,-314.000000,-1045.000000,217.000000,-1404.000000,-212.000000,-283.000000,-150.000000,22.000000,22.000000,22.000000,22.000000,22.000000,22.000000,22.000000,29.000000,30.000000,31.000000,31.000000,31.000000,31.000000,32.000000,1,1,1,1,1,1,1,0,0,0,0,0,0,0,74,5376.196777,716,0,1,0.753505,-0.014504,-0.323628,-3.116000,-0.400000,0.076000,0
2.608561,-4.538000,-29.240000,-9.630000,51.597000,23.235001,47.376999,160.384995,0.000000,0.000000,0.000000,0.000000,0.000000,0.000000,0.000000,-314.000000,-1045.000000,217.000000,-1404.000000,-212.000000,-283.000000,-150.000000,22.000000,22.000000,22.000000,22.000000,22.000000,22.000000,22.000000,29.000000,30.000000,31.000000,31.000000,31.000000,31.000000,32.000000,1,1,1,1,1,1,1,0,0,0,0,0,0,0,74,5376.198242,719,0,1,0.754413,-0.013802,-0.323628,-3.116000,-0.400000,0.076000,0
2.618561,-4.714000,-29.025000,-9.486000,51.119999,23.177000,47.605999,160.617996,0.000000,0.000000,0.000000,0.000000,0.000000,0.000000,0.000000,-314.000000,-1045.000000,217.000000,-1404.000000,-212.000000,-283.000000,-150.000000,22.000000,22.000000,22.000000,22.000000,22.000000,22.000000,22.000000,29.000000,30.000000,31.000000,31.000000,31.000000,31.000000,32.000000,1,1,1,1,1,1,1,0,0,0,0,0,0,0,74,5376.198242,718,0,1,0.755294,-0.013065,-0.323628,-3.116000,-0.399000,0.076000,0
2.628551,-4.900000,-28.815001,-9.329000,50.654999,23.118000,47.828999,160.854004,0.000000,0.000000,0.000000,0.000000,0.000000,0.000000,0.000000,-314.000000,-1045.000000,217.000000,-1404.000000,-212.000000,-283.000000,-150.000000,22.000000,22.000000,22.000000,22.000000,22.000000,22.000000,22.000000,29.000000,30.000000,31.000000,31.000000,31.000000,31.000000,32.000000,1,1,1,1,1,1,1,0,0,0,0,0,0,0,74,5376.199219,718,0,1,0.756145,-0.012295,-0.323627,-3.116000,-0.400000,0.076000,0
2.638460,-5.095000,-28.614000,-9.161000,50.203999,23.056999,48.043999,161.091003,0.000000,0.000000,0.000000,0.000000,0.000000,0.000000,0.000000,-314.000000,-1045.000000,217.000000,-1404.000000,-212.000000,-283.000000,-150.000000,22.000000,22.000000,22.000000,22.000000,22.000000,22.000000,22.000000,29.000000,30.000000,31.000000,31.000000,31.000000,31.000000,32.000000,1,1,1,1,1,1,1,0,0,0,0,0,0,0,74,5376.198242,717,0,1,0.756966,-0.011492,-0.323627,-3.116000,-0.400000,0.076000,0
2.648489,-5.299000,-28.419001,-8.980000,49.768002,22.993999,48.250999,161.330002,0.000000,0.000000,0.000000,0.000000,0.000000,0.000000,0.000000,-314.000000,-1045.000000,217.000000,-1404.000000,-212.000000,-283.000000,-150.000000,22.000000,22.000000,22.000000,22.000000,22.000000,22.000000,22.000000,29.000000,30.000000,31.000000,31.000000,31.000000,31.000000,32.000000,1,1,1,1,1,1,1,0,0,0,0,0,0,0,74,5376.196777,718,0,1,0.757756,-0.010659,-0.323627,-3.116000,-0.400000,0.076000,0
2.658531,-5.425000,-28.306999,-8.866000,49.513000,22.955000,48.370998,161.473007,0.000000,0.000000,0.000000,0.000000,0.000000,0.000000,0.000000,-314.000000,-1045.000000,217.000000,-1404.000000,-212.000000,-283.000000,-150.000000,22.000000,22.000000,22.000000,22.000000,22.000000,22.000000,22.000000,29.000000,30.000000,31.000000,31.000000,31.000000,31.000000,32.000000,1,1,1,1,1,1,1,0,0,0,0,0,0,0,74,5376.198242,718,0,1,0.758214,-0.010145,-0.323628,-3.116000,-0.399000,0.076000,0
2.668572,-5.642000,-28.125999,-8.667000,49.102001,22.889000,48.563999,161.712997,0.000000,0.000000,0.000000,0.000000,0.000000,0.000000,0.000000,-314.000000,-1045.000000,217.000000,-1404.000000,-212.000000,-283.000000,-150.000000,22.000000,22.000000,22.000000,22.000000,22.000000,22.000000,22.000000,29.000000,30.000000,31.000000,31.000000,31.000000,31.000000,32.000000,1,1,1,1,1,1,1,0,0,0,0,0,0,0,74,5376.198242,717,0,1,0.758951,-0.009264,-0.323627,-3.116000,-0.400000,0.076000,0
2.678578,-5.868000,-27.952999,-8.456000,48.708000,22.820999,48.748001,161.953003,0.000000,0.000000,0.000000,0.000000,0.000000,0.000000,0.000000,-314.000000,-1045.000000,217.000000,-1404.000000,-212.000000,-283.000000,-150.000000,22.000000,22.000000,22.000000,22.000000,22.000000,22.000000,22.000000,29.000000,30.000000,31.000000,31.000000,31.000000,31.000000,32.000000,1,1,1,1,1,1,1,0,0,0,0,0,0,0,74,5376.199219,717,0,1,0.759653,-0.008356,-0.323628,-3.117000,-0.400000,0.076000,0
2.688566,-6.150000,-27.759001,-8.188000,48.257999,22.737000,48.957001,162.242004,0.000000,0.000000,0.000000,0.000000,0.000000,0.000000,0.000000,-314.000000,-1045.000000,217.000000,-1404.000000,-212.000000,-283.000000,-150.000000,22.000000,22.000000,22.000000,22.000000,22.000000,22.000000,22.000000,29.000000,30.000000,31.000000,31.000000,31.000000,31.000000,32.000000,1,1,1,1,1,1,1,0,0,0,0,0,0,0,74,5376.198242,717,0,1,0.760449,-0.007232,-0.323628,-3.117000,-0.400000,0.077000,0
2.698710,-6.393000,-27.607000,-7.952000,47.903999,22.665001,49.119999,162.481003,0.000000,0.000000,0.000000,0.000000,0.000000,0.000000,0.000000,-314.000000,-1045.000000,217.000000,-1404.000000,-212.000000,-283.000000,-150.000000,22.000000,22.000000,22.000000,22.000000,22.000000,22.000000,22.000000,29.000000,30.000000,31.000000,31.000000,31.000000,31.000000,32.000000,1,1,1,1,1,1,1,0,0,0,0,0,0,0,74,5376.198242,718,0,1,0.761072,-0.006268,-0.323627,-3.116000,-0.400000,0.076000,0
2.708585,-6.644000,-27.466000,-7.706000,47.569000,22.591999,49.272999,162.720001,0.000000,0.000000,0.000000,0.000000,0.000000,0.000000,0.000000,-314.000000,-1045.000000,217.000000,-1404.000000,-212.000000,-283.000000,-150.000000,22.000000,22.000000,22.000000,22.000000,22.000000,22.000000,22.000000,29.000000,30.000000,31.000000,31.000000,31.000000,31.000000,32.000000,1,1,1,1,1,1,1,0,0,0,0,0,0,0,74,5376.199219,716,0,1,0.761658,-0.005281,-0.323628,-3.116000,-0.399000,0.076000,1
2.718535,-6.900000,-27.325001,-7.452000,47.233002,22.518000,49.425999,162.962006,0.000000,0.000000,0.000000,0.000000,0.000000,0.000000,0.000000,-314.000000,-1045.000000,217.000000,-1404.000000,-212.000000,-283.000000,-150.000000,22.000000,22.000000,22.000000,22.000000,22.000000,22.000000,22.000000,29.000000,30.000000,31.000000,31.000000,31.000000,31.000000,32.000000,1,1,1,1,1,1,1,0,0,0,0,0,0,0,74,5376.198242,717,0,1,0.762238,-0.004276,-0.323628,-3.116000,-0.399000,0.076000,1
2.728745,-7.174000,-27.174999,-7.183000,46.874001,22.438999,49.590000,163.216995,0.000000,0.000000,0.000000,0.000000,0.000000,0.000000,0.000000,-314.000000,-1045.000000,217.000000,-1404.000000,-212.000000,-283.000000,-150.000000,22.000000,22.000000,22.000000,22.000000,22.000000,22.000000,22.000000,29.000000,30.000000,31.000000,31.000000,31.000000,31.000000,32.000000,1,1,1,1,1,1,1,0,0,0,0,0,0,0,74,5376.199219,717,0,1,0.762854,-0.003210,-0.323628,-3.116000,-0.400000,0.076000,1
2.738552,-7.542000,-26.974001,-6.823000,46.390999,22.336000,49.812000,163.556000,0.000000,0.000000,0.000000,0.000000,0.000000,0.000000,0.000000,-314.000000,-1045.000000,217.000000,-1404.000000,-212.000000,-283.000000,-150.000000,22.000000,22.000000,22.000000,22.000000,22.000000,22.000000,22.000000,29.000000,30.000000,31.000000,31.000000,31.000000,31.000000,32.000000,1,1,1,1,1,1,1,0,0,0,0,0,0,0,74,5376.196777,719,0,1,0.763670,-0.001796,-0.323628,-3.116000,-0.399000,0.076000,1
2.748511,-7.676000,-26.900000,-6.693000,46.214001,22.299999,49.893002,163.679001,0.000000,0.000000,0.000000,0.000000,0.000000,0.000000,0.000000,-314.000000,-1045.000000,217.000000,-1404.000000,-212.000000,-283.000000,-150.000000,22.000000,22.000000,22.000000,22.000000,22.000000,22.000000,22.000000,29.000000,30.000000,31.000000,31.000000,31.000000,31.000000,32.000000,1,1,1,1,1,1,1,0,0,0,0,0,0,0,74,5376.198242,718,0,1,0.763965,-0.001285,-0.323628,-3.116000,-0.399000,0.076000,1
2.758526,-8.040000,-26.701000,-6.340000,45.734001,22.202000,50.116001,164.007996,0.000000,0.000000,0.000000,0.000000,0.000000,0.000000,0.000000,-314.000000,-1045.000000,217.000000,-1404.000000,-212.000000,-283.000000,-150.000000,22.000000,22.000000,22.000000,22.000000,22.000000,22.000000,22.000000,29.000000,30.000000,31.000000,31.000000,31.000000,31.000000,32.000000,1,1,1,1,1,1,1,0,0,0,0,0,0,0,74,5376.198242,717,0,1,0.764759,0.000090,-0.323628,-3.116000,-0.399000,0.076000,1
2.768568,-8.528000,-26.433001,-5.868000,45.084000,22.073000,50.417000,164.445007,0.000000,0.000000,0.000000,0.000000,0.000000,0.000000,0.000000,-314.000000,-1045.000000,217.000000,-1404.000000,-212.000000,-283.000000,-150.000000,22.000000,22.000000,22.000000,22.000000,22.000000,22.000000,22.000000,29.000000,30.000000,31.000000,31.000000,31.000000,31.000000,32.000000,1,1,1,1,1,1,1,0,0,0,0,0,0,0,74,5376.198242,717,0,1,0.765813,0.001915,-0.323628,-3.116000,-0.399000,0.076000,1
2.778559,-8.972000,-26.188000,-5.440000,44.487999,21.955999,50.695999,164.837997,0.000000,0.000000,0.000000,0.000000,0.000000,0.000000,0.000000,-314.000000,-1045.000000,217.000000,-1404.000000,-212.000000,-283.000000,-150.000000,22.000000,22.000000,22.000000,22.000000,22.000000,22.000000,22.000000,29.000000,30.000000,31.000000,31.000000,31.000000,31.000000,32.000000,1,1,1,1,1,1,1,0,0,0,0,0,0,0,74,5376.196777,718,0,1,0.766760,0.003556,-0.323628,-3.116000,-0.399000,0.076000,1
2.788570,-9.440000,-25.929001,-4.989000,43.855000,21.834000,50.992001,165.248993,0.000000,0.000000,0.000000,0.000000,0.000000,0.000000,0.000000,-314.000000,-1045.000000,217.000000,-1404.000000,-212.000000,-283.000000,-150.000000,22.000000,22.000000,22.000000,22.000000,22.000000,22.000000,22.000000,29.000000,30.000000,31.000000,31.000000,31.000000,31.000000,32.000000,1,1,1,1,1,1,1,0,0,0,0,0,0,0,74,5376.198242,716,0,1,0.767747,0.005265,-0.323628,-3.116000,-0.399000,0.076000,1
2.798861,-9.919000,-25.662001,-4.527000,43.199001,21.708000,51.299999,165.667007,0.000000,0.000000,0.000000,0.000000,0.000000,0.000000,0.000000,-314.000000,-1045.000000,217.000000,-1404.000000,-212.000000,-283.000000,-150.000000,22.000000,22.000000,22.000000,22.000000,22.000000,22.000000,22.000000,29.000000,30.000000,31.000000,31.000000,31.000000,31.000000,32.000000,1,1,1,1,1,1,1,0,0,0,0,0,0,0,74,5376.198242,717,0,1,0.768747,0.006997,-0.323628,-3.116000,-0.399000,0.076000,1
2.808531,-10.500000,-25.334999,-3.965000,42.393002,21.552999,51.681000,166.171005,0.000000,0.000000,0.000000,0.000000,0.000000,0.000000,0.000000,-314.000000,-1045.000000,217.000000,-1404.000000,-212.000000,-283.000000,-150.000000,22.000000,22.000000,22.000000,22.000000,22.000000,22.000000,22.000000,29.000000,30.000000,31.000000,31.000000,31.000000,31.000000,32.000000,1,1,1,1,1,1,1,0,0,0,0,0,0,0,74,5376.198242,717,0,1,0.769947,0.009076,-0.323628,-3.116000,-0.399000,0.076000,1
2.818509,-10.992000,-25.056999,-3.489000,41.703999,21.421000,52.006001,166.591995,0.000000,0.000000,0.000000,0.000000,0.000000,0.000000,0.000000,-314.000000,-1045.000000,217.000000,-1404.000000,-212.000000,-283.000000,-150.000000,22.000000,22.000000,22.000000,22.000000,22.000000,22.000000,22.000000,29.000000,30.000000,31.000000,31.000000,31.000000,31.000000,32.000000,1,1,1,1,1,1,1,0,0,0,0,0,0,0,74,5376.199219,717,0,1,0.770947,0.010808,-0.323628,-3.116000,-0.399000,0.076000,1
2.828551,-11.490000,-24.774000,-3.006000,41.000000,21.287001,52.341000,167.016006,0.000000,0.000000,0.000000,0.000000,0.000000,0.000000,0.000000,-314.000000,-1045.000000,217.000000,-1404.000000,-212.000000,-283.000000,-150.000000,22.000000,22.000000,22.000000,22.000000,22.000000,22.000000,22.000000,29.000000,30.000000,31.000000,31.000000,31.000000,31.000000,32.000000,1,1,1,1,1,1,1,0,0,0,0,0,0,0,74,5376.198242,716,0,1,0.771948,0.012540,-0.323628,-3.116000,-0.399000,0.076000,1
2.838623,-11.994000,-24.483999,-2.516000,40.278999,21.150000,52.683998,167.440994,0.000000,0.000000,0.000000,0.000000,0.000000,0.000000,0.000000,-314.000000,-1045.000000,217.000000,-1404.000000,-212.000000,-283.000000,-150.000000,22.000000,22.000000,22.000000,22.000000,22.000000,22.000000,22.000000,29.000000,30.000000,31.000000,31.000000,31.000000,31.000000,32.000000,1,1,1,1,1,1,1,0,0,0,0,0,0,0,74,5376.198242,719,0,1,0.772948,0.014273,-0.323628,-3.116000,-0.399000,0.076000,1
2.848560,-12.610000,-24.129000,-1.917000,39.390999,20.983000,53.109001,167.953995,0.000000,0.000000,0.000000,0.000000,0.000000,0.000000,0.000000,-314.000000,-1045.000000,217.000000,-1404.000000,-212.000000,-283.000000,-150.000000,22.000000,22.000000,22.000000,22.000000,22.000000,22.000000,22.000000,29.000000,30.000000,31.000000,31.000000,31.000000,31.000000,32.000000,1,1,1,1,1,1,1,0,0,0,0,0,0,0,74,5376.198242,717,0,1,0.774148,0.016351,-0.323628,-3.116000,-0.399000,0.076000,1
2.858509,-13.133000,-23.826000,-1.409000,38.630001,20.841000,53.473999,168.384003,0.000000,0.000000,0.000000,0.000000,0.000000,0.000000,0.000000,-314.000000,-1045.000000,217.000000,-1404.000000,-212.000000,-283.000000,-150.000000,22.000000,22.000000,22.000000,22.000000,22.000000,22.000000,22.000000,29.000000,30.000000,31.000000,31.000000,31.000000,31.000000,32.000000,1,1,1,1,1,1,1,0,0,0,0,0,0,0,74,5376.199219,718,0,1,0.775148,0.018084,-0.323628,-3.116000,-0.399000,0.076000,1
2.868555,-13.665000,-23.516001,-0.890000,37.848999,20.697001,53.849998,168.815994,0.000000,0.000000,0.000000,0.000000,0.000000,0.000000,0.000000,-314.000000,-1045.000000,217.000000,-1404.000000,-212.000000,-283.000000,-150.000000,22.000000,22.000000,22.000000,22.000000,22.000000,22.000000,22.000000,29.000000,30.000000,31.000000,31.000000,31.000000,31.000000,32.000000,1,1,1,1,1,1,1,0,0,0,0,0,0,0,74,5376.198242,718,0,1,0.776148,0.019816,-0.323628,-3.116000,-0.400000,0.076000,1
2.878460,-13.989000,-23.326000,-0.574000,37.370998,20.608999,54.081001,169.076004,0.000000,0.000000,0.000000,0.000000,0.000000,0.000000,0.000000,-314.000000,-1045.000000,217.000000,-1404.000000,-212.000000,-283.000000,-150.000000,22.000000,22.000000,22.000000,22.000000,22.000000,22.000000,22.000000,29.000000,30.000000,31.000000,31.000000,31.000000,31.000000,32.000000,1,1,1,1,1,1,1,0,0,0,0,0,0,0,74,5376.198242,717,0,1,0.776748,0.020855,-0.323628,-3.116000,-0.400000,0.076000,1
2.888437,-14.538000,-23.003000,-0.038000,36.556000,20.461000,54.476002,169.511002,0.000000,0.000000,0.000000,0.000000,0.000000,0.000000,0.000000,-314.000000,-1045.000000,217.000000,-1404.000000,-212.000000,-283.000000,-150.000000,22.000000,22.000000,22.000000,22.000000,22.000000,22.000000,22.000000,29.000000,30.000000,31.000000,31.000000,31.000000,31.000000,32.000000,1,1,1,1,1,1,1,0,0,0,0,0,0,0,74,5376.200195,718,0,1,0.777748,0.022587,-0.323628,-3.116000,-0.400000,0.076000,1
2.898518,-15.099000,-22.672001,0.508000,35.717999,20.311001,54.882000,169.949005,0.000000,0.000000,0.000000,0.000000,0.000000,0.000000,0.000000,-314.000000,-1045.000000,217.000000,-1404.000000,-212.000000,-283.000000,-150.000000,22.000000,22.000000,22.000000,22.000000,22.000000,22.000000,22.000000,29.000000,30.000000,31.000000,31.000000,31.000000,31.000000,32.000000,1,1,1,1,1,1,1,0,0,0,0,0,0,0,74,5376.199219,717,0,1,0.778747,0.024318,-0.323628,-3.116000,-0.400000,0.076000,1
2.908542,-15.781000,-22.268000,1.175000,34.693001,20.129999,55.382000,170.470001,0.000000,0.000000,0.000000,0.000000,0.000000,0.000000,0.000000,-314.000000,-1045.000000,217.000000,-1404.000000,-212.000000,-283.000000,-150.000000,22.000000,22.000000,22.000000,22.000000,22.000000,22.000000,22.000000,29.000000,30.000000,31.000000,31.000000,31.000000,31.000000,32.000000,1,1,1,1,1,1,1,0,0,0,0,0,0,0,74,5376.198242,718,0,1,0.779932,0.026369,-0.323628,-3.116000,-0.400000,0.076000,1
2.918464,-16.350000,-21.929001,1.732000,33.834000,19.980000,55.801998,170.897003,0.000000,0.000000,0.000000,0.000000,0.000000,0.000000,0.000000,-314.000000,-1045.000000,217.000000,-1404.000000,-212.000000,-283.000000,-150.000000,22.000000,22.000000,22.000000,22.000000,22.000000,22.000000,22.000000,29.000000,30.000000,31.000000,31.000000,31.000000,31.000000,32.000000,1,1,1,1,1,1,1,0,0,0,0,0,0,0,74,5376.198242,718,0,1,0.780893,0.028034,-0.323628,-3.116000,-0.400000,0.076000,1
2.928433,-16.912001,-21.594000,2.282000,32.981998,19.833000,56.220001,171.309998,0.000000,0.000000,0.000000,0.000000,0.000000,0.000000,0.000000,-314.000000,-1045.000000,217.000000,-1404.000000,-212.000000,-283.000000,-150.000000,22.000000,22.000000,22.000000,22.000000,22.000000,22.000000,22.000000,29.000000,30.000000,31.000000,31.000000,31.000000,31.000000,32.000000,1,1,1,1,1,1,1,0,0,0,0,0,0,0,74,5376.198242,716,0,1,0.781818,0.029635,-0.323628,-3.116000,-0.400000,0.076000,1
2.938475,-17.459000,-21.266001,2.820000,32.147999,19.691000,56.630001,171.705002,0.000000,0.000000,0.000000,0.000000,0.000000,0.000000,0.000000,-314.000000,-1045.000000,217.000000,-1404.000000,-212.000000,-283.000000,-150.000000,22.000000,22.000000,22.000000,22.000000,22.000000,22.000000,22.000000,29.000000,30.000000,31.000000,31.000000,31.000000,31.000000,32.000000,1,1,1,1,1,1,1,0,0,0,0,0,0,0,74,5376.196777,718,0,1,0.782695,0.031156,-0.323628,-3.116000,-0.400000,0.076000,1
2.948484,-18.087999,-20.888000,3.439000,31.187000,19.528000,57.104000,172.149994,0.000000,0.000000,0.000000,0.000000,0.000000,0.000000,0.000000,-314.000000,-1045.000000,217.000000,-1404.000000,-212.000000,-283.000000,-150.000000,22.000000,22.000000,22.000000,22.000000,22.000000,22.000000,22.000000,29.000000,30.000000,31.000000,31.000000,31.000000,31.000000,32.000000,1,1,1,1,1,1,1,0,0,0,0,0,0,0,74,5376.199219,719,0,1,0.783674,0.032850,-0.323628,-3.116000,-0.400000,0.076000,1
2.958495,-18.580000,-20.591999,3.924000,30.434000,19.400999,57.477001,172.490005,0.000000,0.000000,0.000000,0.000000,0.000000,0.000000,0.000000,-314.000000,-1045.000000,217.000000,-1404.000000,-212.000000,-283.000000,-150.000000,22.000000,22.000000,22.000000,22.000000,22.000000,22.000000,22.000000,29.000000,30.000000,31.000000,31.000000,31.000000,31.000000,32.000000,1,1,1,1,1,1,1,0,0,0,0,0,0,0,74,5376.198242,718,0,1,0.784417,0.034138,-0.323627,-3.116000,-0.400000,0.076000,1
2.968475,-19.035000,-20.318001,4.376000,29.735001,19.283001,57.823002,172.800995,0.000000,0.000000,0.000000,0.000000,0.000000,0.000000,0.000000,-314.000000,-1045.000000,217.000000,-1404.000000,-212.000000,-283.000000,-150.000000,22.000000,22.000000,22.000000,22.000000,22.000000,22.000000,22.000000,29.000000,30.000000,31.000000,31.000000,31.000000,31.000000,32.000000,1,1,1,1,1,1,1,0,0,0,0,0,0,0,74,5376.199219,718,0,1,0.785089,0.035301,-0.323627,-3.116000,-0.400000,0.076000,1
2.978424,-19.448000,-20.068001,4.788000,29.099001,19.174000,58.139000,173.078995,0.000000,0.000000,0.000000,0.000000,0.000000,0.000000,0.000000,-314.000000,-1045.000000,217.000000,-1404.000000,-212.000000,-283.000000,-150.000000,22.000000,22.000000,22.000000,22.000000,22.000000,22.000000,22.000000,29.000000,30.000000,31.000000,31.000000,31.000000,31.000000,32.000000,1,1,1,1,1,1,1,0,0,0,0,0,0,0,74,5376.198242,717,0,1,0.785684,0.036332,-0.323627,-3.116000,-0.400000,0.076000,1
2.988534,-19.673000,-19.931000,5.014000,28.750999,19.114000,58.312000,173.229004,0.000000,0.000000,0.000000,0.000000,0.000000,0.000000,0.000000,-314.000000,-1045.000000,217.000000,-1404.000000,-212.000000,-283.000000,-150.000000,22.000000,22.000000,22.000000,22.000000,22.000000,22.000000,22.000000,29.000000,30.000000,31.000000,31.000000,31.000000,31.000000,32.000000,1,1,1,1,1,1,1,0,0,0,0,0,0,0,74,5376.198242,718,0,1,0.786004,0.036886,-0.323627,-3.116000,-0.400000,0.076000,1
2.998684,-20.007999,-19.726999,5.354000,28.231001,19.021000,58.570000,173.451004,0.000000,0.000000,0.000000,0.000000,0.000000,0.000000,0.000000,-314.000000,-1045.000000,217.000000,-1404.000000,-212.000000,-283.000000,-150.000000,22.000000,22.000000,22.000000,22.000000,22.000000,22.000000,22.000000,29.000000,30.000000,31.000000,31.000000,31.000000,31.000000,32.000000,1,1,1,1,1,1,1,0,0,0,0,0,0,0,74,5376.199219,717,0,1,0.786473,0.037699,-0.323628,-3.116000,-0.400000,0.076000,1
3.008544,-20.290001,-19.552999,5.644000,27.789000,18.938999,58.789001,173.639008,0.000000,0.000000,0.000000,0.000000,0.000000,0.000000,0.000000,-314.000000,-1045.000000,217.000000,-1404.000000,-212.000000,-283.000000,-150.000000,22.000000,22.000000,22.000000,22.000000,22.000000,22.000000,22.000000,29.000000,30.000000,31.000000,31.000000,31.000000,31.000000,32.000000,1,1,1,1,1,1,1,0,0,0,0,0,0,0,74,5376.199219,718,0,1,0.786864,0.038377,-0.323628,-3.116000,-0.400000,0.076000,1
3.018571,-20.559000,-19.386000,5.927000,27.364000,18.853001,59.000000,173.819000,0.000000,0.000000,0.000000,0.000000,0.000000,0.000000,0.000000,-314.000000,-1045.000000,217.000000,-1404.000000,-212.000000,-283.000000,-150.000000,22.000000,22.000000,22.000000,22.000000,22.000000,22.000000,22.000000,29.000000,30.000000,31.000000,31.000000,31.000000,31.000000,32.000000,1,1,1,1,1,1,1,0,0,0,0,0,0,0,74,5376.199219,718,0,1,0.787234,0.039018,-0.323627,-3.116000,-0.400000,0.076000,1
3.028493,-20.725000,-19.280001,6.109000,27.094999,18.791000,59.133999,173.934006,0.000000,0.000000,0.000000,0.000000,0.000000,0.000000,0.000000,-314.000000,-1045.000000,217.000000,-1404.000000,-212.000000,-283.000000,-150.000000,22.000000,22.000000,22.000000,22.000000,22.000000,22.000000,22.000000,29.000000,30.000000,31.000000,31.000000,31.000000,31.000000,32.000000,1,1,1,1,1,1,1,0,0,0,0,0,0,0,74,5376.198242,718,0,1,0.787466,0.039418,-0.323628,-3.116000,-0.400000,0.076000,1
3.038544,-20.841999,-19.201000,6.246000,26.896999,18.737000,59.230999,174.020004,0.000000,0.000000,0.000000,0.000000,0.000000,0.000000,0.000000,-314.000000,-1045.000000,217.000000,-1404.000000,-212.000000,-283.000000,-150.000000,22.000000,22.000000,22.000000,22.000000,22.000000,22.000000,22.000000,29.000000,30.000000,31.000000,31.000000,31.000000,31.000000,32.000000,1,1,1,1,1,1,1,0,0,0,0,0,0,0,74,5376.199219,717,0,1,0.787634,0.039710,-0.323627,-3.116000,-0.400000,0.076000,1
3.048432,-20.916000,-19.148001,6.343000,26.761999,18.690001,59.297001,174.080994,0.000000,0.000000,0.000000,0.000000,0.000000,0.000000,0.000000,-314.000000,-1045.000000,217.000000,-1404.000000,-212.000000,-283.000000,-150.000000,22.000000,22.000000,22.000000,22.000000,22.000000,22.000000,22.000000,29.000000,30.000000,31.000000,31.000000,31.000000,31.000000,32.000000,1,1,1,1,1,1,1,0,0,0,0,0,0,0,74,5376.198242,718,0,1,0.787748,0.039907,-0.323628,-3.116000,-0.400000,0.076000,1
3.058447,-20.954000,-19.115000,6.406000,26.679001,18.648001,59.335999,174.121002,0.000000,0.000000,0.000000,0.000000,0.000000,0.000000,0.000000,-314.000000,-1045.000000,217.000000,-1404.000000,-212.000000,-283.000000,-150.000000,22.000000,22.000000,22.000000,22.000000,22.000000,22.000000,22.000000,29.000000,30.000000,31.000000,31.000000,31.000000,31.000000,32.000000,1,1,1,1,1,1,1,0,0,0,0,0,0,0,74,5376.198242,717,0,1,0.787817,0.040027,-0.323628,-3.116000,-0.400000,0.076000,1
3.068511,-20.964001,-19.096001,6.450000,26.632999,18.604000,59.356998,174.149002,0.000000,0.000000,0.000000,0.000000,0.000000,0.000000,0.000000,-314.000000,-1045.000000,217.000000,-1404.000000,-212.000000,-283.000000,-150.000000,22.000000,22.000000,22.000000,22.000000,22.000000,22.000000,22.000000,29.000000,30.000000,31.000000,31.000000,31.000000,31.000000,32.000000,1,1,1,1,1,1,1,0,0,0,0,0,0,0,74,5376.198242,716,0,1,0.787856,0.040095,-0.323628,-3.117000,-0.400000,0.077000,1
3.078444,-20.952999,-19.090000,6.468000,26.621000,18.570000,59.360001,174.162003,0.000000,0.000000,0.000000,0.000000,0.000000,0.000000,0.000000,-314.000000,-1045.000000,217.000000,-1404.000000,-212.000000,-283.000000,-150.000000,22.000000,22.000000,22.000000,22.000000,22.000000,22.000000,22.000000,29.000000,30.000000,31.000000,31.000000,31.000000,31.000000,32.000000,1,1,1,1,1,1,1,0,0,0,0,0,0,0,74,5376.199219,716,0,1,0.787866,0.040112,-0.323628,-3.116000,-0.400000,0.076000,1
3.088421,-20.943001,-19.089001,6.476000,26.618999,18.551001,59.360001,174.167999,0.000000,0.000000,0.000000,0.000000,0.000000,0.000000,0.000000,-314.000000,-1045.000000,217.000000,-1404.000000,-212.000000,-283.000000,-150.000000,22.000000,22.000000,22.000000,22.000000,22.000000,22.000000,22.000000,29.000000,30.000000,31.000000,31.000000,31.000000,31.000000,32.000000,1,1,1,1,1,1,1,0,0,0,0,0,0,0,74,5376.198242,716,0,1,0.787868,0.040115,-0.323628,-3.116000,-0.400000,0.076000,0
3.098647,-20.943001,-19.089001,6.476000,26.618999,18.551001,59.360001,174.167999,0.000000,0.000000,0.000000,0.000000,0.000000,0.000000,0.000000,-298.000000,-982.000000,248.000000,-1362.000000,-219.000000,-282.000000,-137.000000,22.000000,22.000000,22.000000,22.000000,22.000000,22.000000,22.000000,29.000000,30.000000,31.000000,31.000000,31.000000,31.000000,32.000000,1,1,1,1,1,1,1,0,0,0,0,0,0,0,74,5376.198242,718,0,1,0.787868,0.040115,-0.323628,-3.116000,-0.400000,0.076000,0
3.108497,-20.943001,-19.089001,6.476000,26.618999,18.551001,59.360001,174.167999,0.000000,0.000000,0.120000,0.000000,0.000000,0.000000,0.240000,-301.000000,-978.000000,219.000000,-1390.000000,-210.000000,-283.000000,-137.000000,22.000000,22.000000,22.000000,22.000000,22.000000,22.000000,22.000000,29.000000,30.000000,31.000000,31.000000,31.000000,31.000000,32.000000,1,1,1,1,1,1,1,0,0,0,0,0,0,0,74,5376.198242,718,0,1,0.787868,0.040115,-0.323628,-3.116000,-0.400000,0.076000,0
3.118653,-20.943001,-19.089001,6.476000,26.618999,18.551001,59.360001,174.167999,0.000000,0.000000,0.000000,0.000000,0.000000,0.000000,0.000000,-302.000000,-982.000000,223.000000,-1377.000000,-211.000000,-286.000000,-145.000000,22.000000,22.000000,22.000000,22.000000,22.000000,22.000000,22.000000,29.000000,30.000000,31.000000,31.000000,31.000000,31.000000,32.000000,1,1,1,1,1,1,1,0,0,0,0,0,0,0,74,5376.198242,719,0,1,0.787868,0.040115,-0.323628,-3.116000,-0.400000,0.076000,0
3.129491,-20.943001,-19.089001,6.476000,26.618999,18.551001,59.360001,174.167999,0.000000,0.000000,0.000000,0.000000,0.000000,0.000000,0.000000,-294.000000,-986.000000,226.000000,-1372.000000,-212.000000,-284.000000,-132.000000,22.000000,22.000000,22.000000,22.000000,22.000000,22.000000,22.000000,29.000000,30.000000,31.000000,31.000000,31.000000,31.000000,32.000000,1,1,1,1,1,1,1,0,0,0,0,0,0,0,74,5376.198242,718,0,1,0.787868,0.040115,-0.323628,-3.116000,-0.400000,0.076000,0
3.139540,-20.943001,-19.089001,6.476000,26.618999,18.551001,59.360001,174.167999,0.000000,0.000000,0.000000,0.000000,0.000000,0.000000,0.000000,-293.000000,-986.000000,231.000000,-1371.000000,-213.000000,-284.000000,-153.000000,22.000000,22.000000,22.000000,22.000000,22.000000,22.000000,22.000000,29.000000,30.000000,31.000000,31.000000,31.000000,31.000000,32.000000,1,1,1,1,1,1,1,0,0,0,0,0,0,0,74,5376.199219,718,0,1,0.787868,0.040115,-0.323628,-3.116000,-0.400000,0.076000,0
3.149543,-20.943001,-19.089001,6.476000,26.618999,18.551001,59.360001,174.167999,0.000000,0.000000,0.000000,0.000000,0.000000,0.000000,0.000000,-298.000000,-986.000000,231.000000,-1373.000000,-217.000000,-284.000000,-146.000000,22.000000,22.000000,22.000000,22.000000,22.000000,22.000000,22.000000,30.000000,30.000000,31.000000,31.000000,31.000000,31.000000,32.000000,1,1,1,1,1,1,1,0,0,0,0,0,0,0,74,5376.198242,717,0,1,0.787868,0.040115,-0.323628,-3.116000,-0.400000,0.076000,0
3.159474,-20.943001,-19.089001,6.476000,26.618999,18.551001,59.360001,174.167999,0.000000,0.000000,0.000000,0.000000,0.000000,0.000000,0.240000,-297.000000,-987.000000,250.000000,-1371.000000,-215.000000,-284.000000,-150.000000,22.000000,22.000000,22.000000,22.000000,22.000000,22.000000,22.000000,30.000000,30.000000,31.000000,31.000000,31.000000,31.000000,32.000000,1,1,1,1,1,1,1,0,0,0,0,0,0,0,74,5376.198242,717,0,1,0.787868,0.040115,-0.323628,-3.116000,-0.400000,0.076000,0
3.169583,-20.943001,-19.089001,6.476000,26.618999,18.551001,59.360001,174.167999,0.000000,0.000000,0.000000,0.000000,0.000000,0.000000,0.000000,-292.000000,-981.000000,247.000000,-1361.000000,-212.000000,-284.000000,-138.000000,22.000000,22.000000,22.000000,22.000000,22.000000,22.000000,22.000000,30.000000,30.000000,31.000000,31.000000,31.000000,31.000000,32.000000,1,1,1,1,1,1,1,0,0,0,0,0,0,0,74,5376.198242,717,0,1,0.787868,0.040115,-0.323628,-3.116000,-0.400000,0.076000,0
3.179518,-20.943001,-19.089001,6.476000,26.618999,18.551001,59.360001,174.167999,0.000000,0.000000,0.000000,0.000000,0.000000,0.000000,0.000000,-288.000000,-986.000000,227.000000,-1392.000000,-219.000000,-282.000000,-141.000000,22.000000,22.000000,22.000000,22.000000,22.000000,22.000000,22.000000,30.000000,30.000000,31.000000,31.000000,31.000000,31.000000,32.000000,1,1,1,1,1,1,1,0,0,0,0,0,0,0,74,5376.198242,717,0,1,0.787868,0.040115,-0.323628,-3.116000,-0.400000,0.076000,0
3.189501,-20.943001,-19.089001,6.476000,26.618999,18.551001,59.360001,174.167999,0.000000,0.000000,0.000000,0.000000,0.000000,0.000000,0.000000,-290.000000,-990.000000,248.000000,-1384.000000,-215.000000,-291.000000,-152.000000,22.000000,22.000000,22.000000,22.000000,22.000000,22.000000,22.000000,30.000000,30.000000,31.000000,31.000000,31.000000,31.000000,32.000000,1,1,1,1,1,1,1,0,0,0,0,0,0,0,74,5376.198242,718,0,1,0.787868,0.040115,-0.323628,-3.116000,-0.400000,0.076000,0
3.199646,-20.943001,-19.089001,6.476000,26.618999,18.551001,59.360001,174.167999,0.000000,0.000000,0.000000,0.000000,0.000000,0.000000,0.000000,-296.000000,-985.000000,218.000000,-1375.000000,-219.000000,-287.000000,-157.000000,22.000000,22.000000,22.000000,22.000000,22.000000,22.000000,22.000000,30.000000,30.000000,31.000000,31.000000,31.000000,31.000000,32.000000,1,1,1,1,1,1,1,0,0,0,0,0,0,0,74,5376.199219,718,0,1,0.787868,0.040115,-0.323628,-3.116000,-0.400000,0.076000,0
3.209570,-20.943001,-19.089001,6.476000,26.618999,18.551001,59.360001,174.167999,0.000000,0.000000,0.000000,0.000000,0.000000,0.000000,0.000000,-301.000000,-986.000000,227.000000,-1377.000000,-213.000000,-285.000000,-155.000000,22.000000,22.000000,22.000000,22.000000,22.000000,22.000000,22.000000,30.000000,30.000000,31.000000,31.000000,31.000000,31.000000,32.000000,1,1,1,1,1,1,1,0,0,0,0,0,0,0,74,5376.198242,718,0,1,0.787868,0.040115,-0.323628,-3.116000,-0.400000,0.076000,0
3.219556,-20.943001,-19.089001,6.476000,26.618999,18.551001,59.360001,174.167999,0.000000,0.000000,0.000000,0.000000,0.000000,0.000000,0.000000,-302.000000,-987.000000,221.000000,-1365.000000,-220.000000,-285.000000,-147.000000,22.000000,22.000000,22.000000,22.000000,22.000000,22.000000,22.000000,30.000000,30.000000,31.000000,31.000000,31.000000,31.000000,32.000000,1,1,1,1,1,1,1,0,0,0,0,0,0,0,74,5376.198242,719,0,1,0.787868,0.040115,-0.323628,-3.116000,-0.400000,0.076000,0
3.229548,-20.943001,-19.089001,6.476000,26.618999,18.551001,59.360001,174.167999,0.000000,0.000000,0.000000,0.000000,0.000000,0.000000,0.000000,-290.000000,-985.000000,230.000000,-1362.000000,-214.000000,-278.000000,-147.000000,22.000000,22.000000,22.000000,22.000000,22.000000,22.000000,22.000000,30.000000,30.000000,31.000000,31.000000,31.000000,31.000000,32.000000,1,1,1,1,1,1,1,0,0,0,0,0,0,0,74,5376.198242,718,0,1,0.787868,0.040115,-0.323628,-3.116000,-0.400000,0.076000,0
3.239575,-20.943001,-19.089001,6.476000,26.618999,18.551001,59.360001,174.167999,0.000000,0.000000,0.000000,0.000000,0.000000,0.000000,0.000000,-290.000000,-988.000000,223.000000,-1373.000000,-217.000000,-282.000000,-151.000000,22.000000,22.000000,22.000000,22.000000,22.000000,22.000000,22.000000,30.000000,30.000000,31.000000,31.000000,31.000000,31.000000,32.000000,1,1,1,1,1,1,1,0,0,0,0,0,0,0,74,5376.199219,718,0,1,0.787868,0.040115,-0.323628,-3.116000,-0.400000,0.076000,0
3.249592,-20.943001,-19.089001,6.476000,26.618999,18.551001,59.360001,174.167999,0.000000,0.000000,0.000000,0.000000,0.000000,0.000000,0.000000,-287.000000,-987.000000,224.000000,-1377.000000,-218.000000,-287.000000,-136.000000,22.000000,22.000000,22.000000,22.000000,22.000000,22.000000,22.000000,30.000000,30.000000,31.000000,31.000000,31.000000,31.000000,32.000000,1,1,1,1,1,1,1,0,0,0,0,0,0,0,74,5376.196777,717,0,1,0.787868,0.040115,-0.323628,-3.116000,-0.400000,0.076000,0
3.259638,-20.943001,-19.089001,6.476000,26.618999,18.551001,59.360001,174.167999,0.000000,0.000000,0.000000,0.000000,0.000000,0.000000,-0.120000,-288.000000,-1004.000000,212.000000,-1362.000000,-217.000000,-284.000000,-128.000000,22.000000,22.000000,22.000000,22.000000,22.000000,22.000000,22.000000,30.000000,30.000000,31.000000,31.000000,31.000000,31.000000,32.000000,1,1,1,1,1,1,1,0,0,0,0,0,0,0,74,5376.199219,719,0,1,0.787868,0.040115,-0.323628,-3.116000,-0.400000,0.076000,0
3.269595,-20.943001,-19.089001,6.476000,26.618999,18.551001,59.360001,174.167999,0.000000,0.000000,0.000000,0.000000,0.000000,0.000000,0.120000,-282.000000,-988.000000,218.000000,-1375.000000,-213.000000,-283.000000,-142.000000,22.000000,22.000000,22.000000,22.000000,22.000000,22.000000,22.000000,30.000000,30.000000,31.000000,31.000000,31.000000,31.000000,32.000000,1,1,1,1,1,1,1,0,0,0,0,0,0,0,74,5376.198242,716,0,1,0.787868,0.040115,-0.323628,-3.116000,-0.400000,0.076000,0
3.279534,-20.943001,-19.089001,6.476000,26.618999,18.551001,59.360001,174.167999,0.000000,0.000000,0.000000,0.000000,0.000000,0.000000,0.000000,-287.000000,-993.000000,235.000000,-1364.000000,-220.000000,-287.000000,-155.000000,22.000000,22.000000,22.000000,22.000000,22.000000,22.000000,22.000000,30.000000,30.000000,31.000000,31.000000,31.000000,31.000000,32.000000,1,1,1,1,1,1,1,0,0,0,0,0,0,0,74,5376.199219,718,0,1,0.787868,0.040115,-0.323628,-3.116000,-0.400000,0.076000,0
3.289551,-20.943001,-19.089001,6.476000,26.618999,18.551001,59.360001,174.167999,0.000000,0.000000,0.000000,0.000000,0.000000,0.000000,0.000000,-286.000000,-992.000000,227.000000,-1353.000000,-222.000000,-284.000000,-142.000000,22.000000,22.000000,22.000000,22.000000,22.000000,22.000000,22.000000,30.000000,30.000000,31.000000,31.000000,31.000000,31.000000,32.000000,1,1,1,1,1,1,1,0,0,0,0,0,0,0,74,5376.199219,717,0,1,0.787868,0.040115,-0.323628,-3.116000,-0.400000,0.076000,0
3.299653,-20.943001,-19.089001,6.476000,26.618999,18.551001,59.360001,174.167999,0.000000,0.000000,0.000000,0.000000,0.000000,0.000000,0.120000,-288.000000,-993.000000,207.000000,-1356.000000,-214.000000,-279.000000,-139.000000,22.000000,22.000000,22.000000,22.000000,22.000000,22.000000,22.000000,30.000000,30.000000,31.000000,31.000000,31.000000,31.000000,32.000000,1,1,1,1,1,1,1,0,0,0,0,0,0,0,74,5376.198242,718,0,1,0.787868,0.040115,-0.323628,-3.116000,-0.400000,0.076000,0
3.309591,-20.943001,-19.089001,6.476000,26.618999,18.551001,59.360001,174.167999,0.000000,0.000000,0.000000,0.000000,0.000000,0.000000,0.000000,-281.000000,-1000.000000,220.000000,-1358.000000,-224.000000,-281.000000,-137.000000,22.000000,22.000000,22.000000,22.000000,22.000000,22.000000,22.000000,30.000000,30.000000,31.000000,31.000000,31.000000,31.000000,32.000000,1,1,1,1,1,1,1,0,0,0,0,0,0,0,74,5376.198242,718,0,1,0.787868,0.040115,-0.323628,-3.116000,-0.400000,0.076000,0
3.319504,-20.943001,-19.089001,6.476000,26.618999,18.551001,59.360001,174.167999,0.000000,0.000000,0.000000,0.000000,0.000000,0.000000,0.000000,-286.000000,-1000.000000,209.000000,-1376.000000,-215.000000,-278.000000,-147.000000,22.000000,22.000000,22.000000,22.000000,22.000000,22.000000,22.000000,30.000000,30.000000,31.000000,31.000000,31.000000,31.000000,32.000000,1,1,1,1,1,1,1,0,0,0,0,0,0,0,74,5376.198242,717,0,1,0.787868,0.040115,-0.323628,-3.116000,-0.400000,0.076000,0
