# Labeled region mesh exported by cleaning_path_viewer (Paint mode)
# Units: metres, component-local frame. One OBJ object per region group.
v -0.0033137 0.17802516 -0.00968488
v -0.00230431 0.16356075 -0.0498206
v -0.00274039 0.1736263 -0.06148818
v -0.00213715 0.16296728 -0.06707456
v -0.00225191 0.13588703 -0.00141522
v -0.0030805 0.14484951 -0.00742863
v -0.00143352 0.15556931 -0.11292805
v -0.00194436 0.16850027 -0.12566555
v -0.00114802 0.15376219 -0.13350555
v -0.00020745 0.16387872 -0.2278416
v -0.00186662 0.13577384 -0.06147758
v -0.00207148 0.13825902 -0.04835998
v -0.0019057 0.15064318 -0.05848886
v 0.00048595 0.15290652 -0.23552261
v -0.00311174 0.13162211 -0.01164584
v -0.00041709 0.13993256 -0.16870742
v -0.00070964 0.15393381 -0.16579343
v -0.00042796 0.1521955 -0.17983951
v 0.00133966 0.14162582 -0.26542857
v -0.00117516 0.13745457 -0.10781317
v -0.00051961 0.13655236 -0.1271227
v 0.00158311 0.13313054 -0.12678321
v 0.00255269 0.13844672 -0.25948742
v 0.00273186 0.13849957 -0.27670079
v 0.27869502 0.01928926 -0.38137698
v 0.28620434 0.01516948 -0.38083747
v 0.28898099 0.02514093 -0.37587208
v -0.00055047 0.0990026 -0.07677827
v -0.00129792 0.09862125 -0.06163959
v -0.00021442 0.11674864 -0.07640401
v 0.13668299 -0.01351077 -0.26057538
v 0.13559803 -0.01328485 -0.26043883
v 0.13525219 -0.01542937 -0.26009971
v 0.01026691 0.1341131 -0.28799435
v 0.00951494 0.13401157 -0.27216008
v 0.0078598 0.13689178 -0.27606693
v 0.31660286 0.04512213 -0.27062589
v 0.31863382 0.04386926 -0.27718651
v 0.31728074 0.04504522 -0.2707935
v -0.00074542 0.08053068 -0.08381823
v 0.00049019 0.10842334 -0.09167279
v 0.01294306 0.13429397 -0.36880666
v 0.01307303 0.13273926 -0.39388153
v 0.01241926 0.1181417 -0.35319766
v 0.24140652 -0.02957463 -0.36788833
v 0.24014744 -0.027015 -0.37101912
v 0.23907469 -0.02805972 -0.36782396
v 0.01042621 0.11288512 -0.26822069
v 0.00949286 0.11599297 -0.26756242
v 0.01033512 0.11626604 -0.2831226
v 0.01350871 0.11019136 -0.23214561
v 0.0117215 0.11082952 -0.23038076
v 0.01233087 0.11038924 -0.23511051
v 0.0136242 0.11035915 -0.23404136
v 0.01389137 0.11026525 -0.23726243
v 0.01339114 0.11002941 -0.23544355
v 0.01183094 0.1126039 -0.28875026
v 0.01539439 0.11032471 -0.23851351
v 0.01377414 0.11057055 -0.24060711
v 0.01349163 0.1257996 -0.39637613
v 0.01328701 0.12183531 -0.38708669
v 0.01395235 0.10730847 -0.25186846
v 0.0105596 0.11105558 -0.25219315
v 0.01640602 0.11011674 -0.2549375
v -0.00319153 0.07638885 -0.01102617
v -0.00306641 0.05637826 -0.00426191
v 0.00637142 0.08994836 -0.1625609
v 0.00343172 0.08367775 -0.15032846
v 0.00597375 0.09271147 -0.16593608
v 0.00642073 0.09142397 -0.16539365
v 0.00655793 0.09100734 -0.16378301
v 0.00584054 0.08774233 -0.15945144
v 0.01476674 0.11134388 -0.29540181
v 0.00613399 0.08591803 -0.15721551
v 0.00544524 0.08320552 -0.15390083
v 0.0057526 0.08667233 -0.15888387
v 0.01350239 0.11468237 -0.36324853
v 0.01340458 0.11392546 -0.35228172
v 0.01385816 0.11618081 -0.39454055
v 0.0140515 0.11488193 -0.39218497
v 0.01394626 0.1133033 -0.38583171
v 0.013875 0.11446536 -0.37547755
v 0.01311423 0.11860531 -0.38143307
v 0.01550013 0.11322891 -0.38123131
v 0.01448993 0.11348116 -0.38860804
v 0.30356705 0.03309586 -0.35743281
v 0.30001754 0.03664339 -0.35371023
v 0.29455733 0.03556779 -0.36157867
v 0.31304845 0.0454625 -0.28262749
v 0.31423834 0.04394822 -0.2872884
v 0.31501052 0.04387217 -0.28743747
v 0.0157533 0.11247749 -0.3644107
v 0.01601813 0.11276858 -0.36552805
v 0.01537652 0.11274387 -0.3693648
v 0.01567374 0.11246306 -0.37047365
v 0.01630214 0.11221708 -0.35143527
v 0.01777345 0.11111838 -0.35393038
v 0.02114327 0.11132822 -0.35372913
v 0.01962258 0.1108691 -0.35693067
v 0.01744455 0.11166244 -0.359662
v 0.02084363 0.11086126 -0.35834086
v 0.02114048 0.11095564 -0.35653359
v 0.02346716 0.10953213 -0.35774663
v 0.02128276 0.11092108 -0.3613061
v 0.02406711 0.10931191 -0.36419913
v -0.00277328 0.03711379 -0.00419464
v 0.00269289 0.05482775 -0.1316366
v 0.00225558 0.06792837 -0.13675179
v 0.0030526 0.05724037 -0.13340047
v 0.00304711 0.05859396 -0.13384354
v 0.02631343 0.10519065 -0.38986742
v 0.02603857 0.10422917 -0.39209589
v 0.02627059 0.09520847 -0.38614374
v 0.02624708 0.10154993 -0.39363638
v 0.02586097 0.10467197 -0.37699673
v 0.02569973 0.09270299 -0.37382281
v 0.02514434 0.09523757 -0.36416462
v 0.0262143 0.09452383 -0.39358839
v 0.02630122 0.09477036 -0.39283603
v 0.02593218 0.09577218 -0.39379984
v -0.00311064 0.03102548 -0.04527031
v -0.0026007 0.02992043 -0.05451258
v 0.00667016 0.03010448 -0.05069361
v 0.00820172 0.02891795 -0.05572106
v -0.00221499 0.02671118 -0.06180636
v 0.0253743 0.08728401 -0.36693719
v 0.02563709 0.08735359 -0.36971733
v 0.02663109 0.08807551 -0.39023745
v 0.02611462 0.08705086 -0.38622329
v 0.02629226 0.09180434 -0.39278898
v 0.23197426 -0.04635186 -0.24345288
v 0.23735778 -0.05235637 -0.24348836
v 0.02622944 0.08683421 -0.37965795
v 0.02560766 0.08715639 -0.37581941
v 0.02561267 0.08671477 -0.37254062
v 0.02649677 0.08600932 -0.37383348
v 0.45941705 -0.07375327 -0.02393469
v -0.00188996 0.01663533 -0.09554742
v -0.00070685 0.03184598 -0.10470477
v -0.00040421 0.00978943 -0.11126837
v 0.01385626 0.02609344 -0.0616412
v 0.00365871 0.02295166 -0.06658792
v 0.01073095 0.01901869 -0.06996395
v -0.00181643 0.00512318 -0.01687288
v -0.00161515 0.00077438 -0.01710601
v -0.00269964 0.00690732 -0.01668808
v 0.02330691 0.02742642 -0.05698584
v 0.02261208 0.02767981 -0.05689071
v 0.02181651 0.02772811 -0.05693042
v 0.02264631 0.02456212 -0.06338688
v 0.02074521 0.02795961 -0.05703003
v 0.00000394 0.02012877 -0.11795025
v 0.00109587 0.01061316 -0.11951116
v 0.00119124 0.00894497 -0.11970677
v 0.02129198 0.02159733 -0.0670972
v 0.02872342 0.0257552 -0.06137247
v 0.02905063 0.02596165 -0.05974077
v 0.0273175 0.02689334 -0.0581228
v 0.02490533 0.02624334 -0.05981613
v 0.32100528 0.04576565 -0.24812597
v 0.31681421 0.0475696 -0.24224742
v 0.31308663 0.04800462 -0.24919181
v 0.0180408 0.00627356 -0.07528303
v 0.02667572 0.01610129 -0.07122549
v 0.0079026 0.01151907 -0.07444752
v 0.00059895 -0.00139739 -0.11849036
v -0.00027338 -0.00862849 -0.11701486
v 0.02929667 0.02347458 -0.06368759
v 0.02922158 0.02114259 -0.06601088
v 0.03468579 0.02837929 -0.04938436
v 0.03358316 0.02751738 -0.05386591
v 0.03390546 0.02678067 -0.05622372
v 0.03693018 0.02188272 -0.04138736
v 0.03647241 0.0227609 -0.04639952
v 0.03700307 0.02250965 -0.04419976
v -0.00319484 -0.02396427 -0.07790854
v -0.0032217 0.00478745 -0.08534405
v -0.00181204 -0.02606243 -0.09417149
v 0.01806238 -0.01183084 -0.07294387
v 0.01558549 -0.00367962 -0.07561283
v 0.00458689 -0.01179848 -0.07374761
v 0.03639504 0.02082732 -0.0551648
v 0.03525482 0.01823251 -0.06290344
v 0.03795548 0.02018405 -0.0567471
v -0.00274136 -0.0165622 -0.07136884
v -0.00330247 -0.0312805 -0.05949788
v -0.0024274 -0.02197921 -0.06628805
v 0.00005899 -0.02673843 -0.03477787
v -0.00325059 -0.02877074 -0.03466277
v -0.0012198 -0.02601147 -0.0318389
v 0.12194796 -0.03268338 -0.25036156
v 0.11788645 -0.02973027 -0.25254908
v 0.11923771 -0.03356365 -0.24939609
v 0.03656569 0.00989248 -0.02710141
v 0.0366596 0.01468556 -0.03066078
v 0.03752799 0.01292456 -0.02972277
v -0.00201433 -0.02950194 -0.04417124
v 0.00074431 -0.02732211 -0.03567506
v -0.00231714 -0.02679475 -0.05929352
v 0.00793063 -0.02458033 -0.06186963
v 0.00153704 -0.02884502 -0.05036877
v 0.00419054 -0.02695085 -0.05707951
v 0.00404324 -0.02935124 -0.03749351
v 0.00264924 -0.02822839 -0.03968826
v 0.00119903 -0.02794948 -0.03742022
v 0.31359768 0.04740659 -0.25770268
v 0.0290701 -0.00605117 -0.07424417
v 0.03248769 0.00130911 -0.07471662
v 0.03729528 0.00124289 -0.02567338
v 0.03857732 0.00348738 -0.02697931
v 0.03850407 0.00247484 -0.02602931
v 0.31411415 0.04243376 -0.30077463
v 0.31502378 0.04180215 -0.30391464
v 0.3165454 0.0414144 -0.30322778
v 0.01280994 -0.02858506 -0.04899657
v 0.0176559 -0.02737949 -0.05304562
v 0.01466134 -0.02614735 -0.05752872
v 0.02243608 -0.0218009 -0.06403362
v 0.02679323 -0.01514927 -0.07046755
v 0.01327802 -0.01895433 -0.0681567
v 0.01505532 -0.0281995 -0.04996203
v 0.03605159 -0.0137213 -0.03071203
v 0.03441739 -0.01465117 -0.02617021
v 0.03638295 -0.00851207 -0.02722481
v 0.24765618 -0.02086122 -0.37735236
v 0.23911956 -0.01853032 -0.37695599
v 0.24029192 -0.02224432 -0.37510216
v 0.03160116 -0.02183294 -0.06262878
v 0.0355725 -0.01289838 -0.06440575
v 0.03780355 -0.0101879 -0.06440197
v 0.0375523 -0.00806982 -0.06585991
v 0.03878606 -0.01304755 -0.06163975
v 0.03788089 -0.01373801 -0.06173362
v -0.00287197 -0.06518647 -0.04619165
v -0.00267124 -0.05418877 -0.06085933
v -0.00224152 -0.07086816 -0.06529121
v 0.02696294 -0.02485184 -0.05797268
v 0.03118117 -0.0223355 -0.06179374
v 0.03150912 -0.02187667 -0.06200166
v -0.00305475 -0.060989 -0.01602292
v 0.00189782 -0.04767991 -0.12785724
v 0.00081883 -0.04755599 -0.12575249
v 0.00179477 -0.04620849 -0.12803939
v 0.00229071 -0.04466691 -0.12773377
v 0.03623099 -0.0191982 -0.04137357
v 0.03516746 -0.02288489 -0.04243774
v 0.03617287 -0.0182445 -0.03813485
v 0.03581247 -0.01998803 -0.04770043
v 0.03582573 -0.01979491 -0.04468499
v -0.00068583 -0.05938053 -0.09906785
v -0.00121949 -0.07035936 -0.08536851
v -0.00214782 -0.04779604 -0.07801
v -0.00303629 -0.07853509 -0.00957686
v -0.00223627 -0.06206657 -0.0687144
v -0.00220852 -0.06198545 -0.06921199
v 0.00223187 -0.05415556 -0.13153577
v 0.00181889 -0.05615489 -0.13205945
v 0.00246969 -0.05081983 -0.12982602
v 0.00229183 -0.05226337 -0.13115737
v 0.31003964 0.04547761 -0.28702369
v 0.30875227 0.04596195 -0.287976
v 0.31339732 0.04409323 -0.29406655
v 0.35338849 0.00029518 -0.26645744
v 0.35265437 0.00378642 -0.27043
v 0.35324329 -0.00243524 -0.26709422
v 0.31754848 0.04336605 -0.28436744
v 0.48355079 -0.00710023 -0.02136743
v 0.00325466 -0.06992482 -0.14146894
v 0.00201594 -0.07003506 -0.13849254
v 0.00326985 -0.06733427 -0.14049675
v 0.00177617 -0.08291844 -0.13084574
v 0.0002065 -0.08138847 -0.10597543
v 0.0011275 -0.06217579 -0.12469956
v 0.22509447 0.1511346 -0.03897355
v 0.22336356 0.15033092 -0.03880932
v 0.21874511 0.14987719 -0.03869803
v 0.1142499 -0.03670503 -0.24499863
v 0.1187206 -0.03677864 -0.24534994
v 0.11318795 -0.03509742 -0.24857081
v 0.00432663 -0.07667447 -0.14815602
v 0.00375569 -0.07811375 -0.14849168
v 0.00401886 -0.07555799 -0.14714035
v 0.10894745 0.04196319 -0.20599924
v 0.1088988 0.04240189 -0.21075463
v 0.10865293 0.03500712 -0.20733497
v 0.10912241 0.0440874 -0.22264819
v 0.10926859 0.0364287 -0.22047627
v 0.1090767 0.04386725 -0.21763888
v 0.00184359 -0.10309719 -0.12718828
v 0.00035466 -0.09855247 -0.10197378
v 0.00435667 -0.08425831 -0.15464981
v 0.0031357 -0.08489857 -0.15171514
v 0.0043511 -0.08284479 -0.15343136
v 0.10869616 0.02742855 -0.19374549
v 0.10871217 0.03091154 -0.18845315
v 0.10900137 0.03282344 -0.19096385
v 0.10928991 0.02802214 -0.18475197
v 0.10927895 0.03006547 -0.18668224
v -0.0017694 -0.0926206 -0.0650188
v 0.10862417 0.02471387 -0.19084567
v 0.10848243 0.02561529 -0.19303696
v -0.0026299 -0.12684484 -0.00284067
v 0.31458139 0.04240295 -0.29914245
v 0.00656378 -0.0950637 -0.17040177
v 0.00403702 -0.09471187 -0.16526325
v 0.00647479 -0.09330925 -0.16733243
v 0.31345567 0.04953279 -0.22631519
v 0.32484174 0.04609299 -0.22788794
v 0.31439045 0.05033648 -0.2149794
v -0.00093733 -0.14155769 0.00011033
v 0.11467759 0.02129909 -0.25359038
v 0.11470897 0.02693859 -0.24822843
v 0.11106649 0.02495262 -0.25181827
v 0.16180667 0.04420024 -0.05771737
v 0.16188382 0.05521904 -0.05524939
v 0.00270764 -0.10526221 -0.1428646
v 0.00311875 -0.13016279 -0.14317909
v 0.1100331 0.0034022 -0.17344655
v 0.10911343 0.01242655 -0.17770448
v 0.10863638 0.00252588 -0.17963427
v 0.16123451 0.04329151 -0.06087806
v 0.16104585 0.04938434 -0.06130632
v 0.00738278 -0.10585259 -0.19302885
v 0.00693136 -0.10454854 -0.18811752
v 0.00760631 -0.10471299 -0.18924801
v 0.12224453 0.02134595 -0.25411722
v 0.11974411 0.0214678 -0.25373673
v 0.11742409 0.019688 -0.25538164
v 0.30989748 0.04353367 -0.30546969
v 0.30661574 0.04476589 -0.3053264
v 0.3078374 0.0443953 -0.30649853
v -0.00273107 -0.14452791 -0.0024485
v 0.11826984 0.01282064 -0.25887638
v 0.11214077 0.01077279 -0.26100028
v 0.11692932 0.00514357 -0.2616407
v 0.0109768 -0.1104003 -0.21694468
v 0.00651299 -0.11384262 -0.22571102
v 0.00912251 -0.10994998 -0.21005046
v 0.01072504 -0.10907979 -0.21076134
v 0.01216887 -0.10965981 -0.21370667
v 0.01126583 -0.11006121 -0.21458277
v 0.15970166 0.03484791 -0.06082749
v 0.15985771 0.03341605 -0.06130909
v 0.13170405 0.01575311 -0.25852683
v 0.12778459 0.0194151 -0.25582841
v 0.12561259 0.0167294 -0.25721434
v 0.27566996 0.02878731 -0.3769083
v 0.01192795 -0.11131734 -0.24472712
v 0.00856246 -0.1123788 -0.24377903
v 0.0128745 -0.11091841 -0.24378084
v 0.11824777 0.00539337 -0.26189566
v 0.11399677 0.00058303 -0.26238042
v 0.12249789 0.00326675 -0.26234502
v 0.1171367 0.00487596 -0.26147768
v -0.00129001 -0.13672209 -0.12100764
v -0.0006076 -0.13706537 -0.14760767
v -0.00136884 -0.14098185 -0.14203437
v 0.02539569 -0.08329707 -0.37300545
v 0.02598081 -0.08415762 -0.37739804
v 0.12908535 0.00906209 -0.260721
v 0.12878138 0.01079471 -0.25986782
v 0.0088835 -0.11348013 -0.27376732
v 0.01087296 -0.11146903 -0.26852468
v 0.01201295 -0.10852795 -0.27300033
v 0.01362414 -0.10837935 -0.27627176
v 0.11126135 -0.0178328 -0.17463453
v 0.1100615 -0.00899972 -0.17294821
v 0.11077962 -0.02196869 -0.17612183
v 0.10974939 -0.01699354 -0.17987408
v 0.00339925 -0.13474722 -0.17617093
v 0.00003589 -0.13771647 -0.17478929
v 0.00204129 -0.13392192 -0.15013114
v 0.11298573 -0.00556971 -0.27025145
v 0.1125887 -0.00097166 -0.26403889
v 0.11232114 -0.0037299 -0.27030221
v 0.01174349 -0.11244889 -0.2855396
v 0.00883176 -0.1151855 -0.28476775
v 0.0114482 -0.1125227 -0.28299135
v 0.01226404 -0.11215141 -0.29052913
v -0.0031806 -0.14931238 -0.00973868
v 0.00960077 -0.12092709 -0.30365992
v 0.00935842 -0.11534113 -0.29736054
v 0.01005751 -0.11535188 -0.31218407
v 0.11906856 -0.00253459 -0.26254547
v 0.11347047 -0.01161474 -0.262088
v 0.11709049 -0.01077441 -0.26152265
v 0.11107436 -0.02462444 -0.17694587
v 0.11016534 -0.02148835 -0.17724311
v 0.10973346 -0.02267775 -0.18301685
v 0.11069456 -0.02802803 -0.17916891
v 0.00433906 -0.13619053 -0.20431031
v 0.00090704 -0.13931739 -0.21759264
v 0.00046683 -0.13861085 -0.19447941
v 0.32968438 -0.02270842 -0.31379038
v 0.33771214 -0.01216704 -0.30929649
v 0.33144313 -0.01701709 -0.31848922
v 0.02466856 -0.09880947 -0.37730971
v 0.02455252 -0.0926681 -0.37548417
v 0.02468544 -0.09550419 -0.38264292
v 0.12537308 -0.00054255 -0.26230758
v 0.13067457 0.00418138 -0.26155213
v 0.00681909 -0.11555944 -0.24128717
v 0.00797283 -0.13418365 -0.25365132
v 0.00713052 -0.13427313 -0.23396599
v 0.11156233 -0.02690474 -0.17762883
v 0.13284992 -0.00097096 -0.2619651
v 0.00019301 -0.14246115 -0.24936919
v -0.00019207 -0.14225546 -0.23104945
v 0.00153192 -0.13973594 -0.24004322
v 0.12552844 -0.0080435 -0.26201329
v 0.12624666 -0.00810243 -0.26192009
v -0.00091247 -0.15383618 -0.19699891
v -0.00118964 -0.15463656 -0.17843243
v -0.00070606 -0.14134131 -0.19515789
v 0.15907244 0.009076 -0.05743449
v 0.11275188 -0.01100449 -0.26440322
v 0.11354281 -0.02245076 -0.25835878
v 0.11127029 -0.03161203 -0.18054895
v 0.11018936 -0.02850577 -0.18608822
v 0.13160513 -0.00384357 -0.2618129
v 0.00103555 -0.14067717 -0.2595064
v 0.00646302 -0.1379263 -0.25649217
v 0.01481079 -0.11390647 -0.37427005
v 0.01335976 -0.11508814 -0.37230021
v 0.01490052 -0.11446133 -0.37197328
v 0.11336201 -0.02208823 -0.26634601
v 0.11348667 -0.02792582 -0.26424849
v 0.31314716 -0.04465039 -0.25033274
v 0.31093112 -0.04594095 -0.24313068
v 0.31488064 -0.04479396 -0.24611311
v 0.31537145 -0.04472208 -0.24628103
v 0.11078702 -0.03467628 -0.1848405
v 0.11041764 -0.03098252 -0.18730153
v 0.11038128 -0.03180504 -0.18881486
v 0.11139007 -0.03280307 -0.18170987
v 0.11039543 -0.03344442 -0.18405776
v 0.00194882 -0.14054237 -0.27470231
v 0.00665776 -0.13836792 -0.2685551
v 0.02494463 -0.10274159 -0.38490951
v 0.02453141 -0.09932414 -0.37820363
v 0.02478859 -0.10195728 -0.38438237
v 0.00934723 -0.13537449 -0.28364295
v 0.0084467 -0.13578399 -0.26488081
v 0.00832502 -0.12249625 -0.27305904
v 0.01093433 -0.13097577 -0.32682857
v 0.01026492 -0.12808077 -0.31310657
v 0.01027654 -0.11978821 -0.32306764
v 0.03134309 -0.10005865 -0.34901318
v 0.02597365 -0.09799491 -0.35038808
v 0.03149294 -0.10201883 -0.34987393
v 0.00164643 -0.14093924 -0.28426373
v 0.02365275 -0.10921659 -0.36307693
v 0.02377529 -0.10708244 -0.35353911
v 0.0240374 -0.10356483 -0.3605825
v -0.00255689 -0.16708133 -0.06196831
v -0.00229222 -0.16300778 -0.08294171
v 0.02183619 -0.11237371 -0.36308208
v 0.01232873 -0.11887179 -0.39365062
v 0.01198762 -0.12090726 -0.3920787
v 0.01292444 -0.11756928 -0.39195091
v 0.1134949 -0.02520097 -0.26614413
v -0.00025215 -0.15226772 -0.24233805
v -0.00051975 -0.15329203 -0.22492056
v 0.00651384 -0.13902502 -0.27963597
v 0.02316908 -0.11095854 -0.37390167
v 0.02366378 -0.11087275 -0.37488931
v 0.02284899 -0.11196291 -0.37540412
v 0.13586091 -0.00142274 -0.26170498
v 0.13494951 -0.00273586 -0.26129422
v 0.13580108 -0.00469326 -0.26164296
v 0.00712543 -0.13979727 -0.3021532
v 0.00580427 -0.14021429 -0.30219254
v 0.0034443 -0.14051956 -0.2955856
v 0.00187876 -0.14170906 -0.30165154
v 0.02290488 -0.11133436 -0.38263068
v 0.02394405 -0.1088149 -0.38332406
v 0.0234771 -0.11098043 -0.38495344
v 0.01010901 -0.13678053 -0.30077654
v 0.00744458 -0.13937457 -0.29322308
v 0.12805004 -0.01366632 -0.26097357
v 0.12478083 -0.01502116 -0.2604734
v 0.12746993 -0.0160558 -0.2605074
v 0.01069669 -0.13683327 -0.31434071
v 0.1250691 -0.01831935 -0.25933293
v 0.12427702 -0.01648313 -0.26019612
v 0.12297383 -0.01887521 -0.25966811
v 0.12585331 -0.01671383 -0.259947
v 0.01226933 -0.13691399 -0.35264257
v 0.01144677 -0.12901221 -0.3444109
v 0.01171463 -0.12989917 -0.35268793
v 0.12826678 -0.01452051 -0.26087174
v 0.01248537 -0.13734484 -0.36059171
v 0.01149229 -0.11792308 -0.35371444
v 0.0122797 -0.13083482 -0.36603385
v 0.00101172 -0.14362377 -0.31598404
v 0.00730394 -0.14041717 -0.31431785
v 0.00524216 -0.14066245 -0.31278056
v 0.00645725 -0.14020224 -0.31299198
v 0.01239096 -0.13014013 -0.38182163
v 0.01226517 -0.12518509 -0.38541329
v 0.01216647 -0.13129267 -0.38250002
v 0.12786064 -0.0179454 -0.25979635
v -0.00163233 -0.16592374 -0.19657433
v -0.00181944 -0.16776326 -0.18141051
v 0.20682538 0.06069944 -0.17721391
v 0.13149416 -0.02025004 -0.25853676
v 0.12823744 -0.01963735 -0.25905073
v 0.12973203 -0.02269948 -0.25734538
v 0.1325758 -0.01802705 -0.25913769
v 0.13336176 -0.01551013 -0.25988314
v 0.13192536 -0.01597682 -0.25996387
v 0.11346184 -0.03941467 -0.24167398
v 0.12204576 -0.02872379 -0.25330865
v -0.00073197 -0.16296974 -0.24131095
v -0.00027198 -0.16148847 -0.26618257
v 0.01109794 -0.13915333 -0.35753286
v 0.49141273 0.0605342 -0.03223415
v 0.49332094 0.05575787 -0.03319203
v -0.00174216 -0.17191648 -0.14510687
v -0.00206008 -0.16913263 -0.16624989
v 0.000186 -0.15737671 -0.29708114
v 0.00051045 -0.15176475 -0.30772719
v 0.11299791 -0.05113325 -0.22236854
v 0.11276668 -0.04541314 -0.22204219
v 0.11281664 -0.04624524 -0.22414094
v 0.11290897 -0.04508295 -0.22835982
v 0.1132363 -0.05131389 -0.22966285
v 0.11273901 -0.04562235 -0.22599021
v 0.11381843 -0.04786697 -0.24172604
v 0.11303925 -0.04200004 -0.23827672
v 0.11375495 -0.04722777 -0.2436031
v 0.22236294 0.05741562 -0.21581274
v 0.22136268 0.05976579 -0.20556211
v 0.11382318 -0.05142587 -0.23414552
v 0.11302795 -0.05221097 -0.23039691
v 0.3081069 0.0451185 -0.29695603
v 0.30767632 0.0462365 -0.29114714
v 0.30533671 0.04703688 -0.29569888
v 0.28483468 0.03355002 -0.3699449
v 0.46977007 0.09763532 -0.03363752
v 0.30873343 0.04866654 -0.25805166
v 0.30677146 0.04899283 -0.26173988
v 0.31359884 0.0472494 -0.26040202
v 0.23355833 0.05863383 -0.22985573
v 0.2305779 0.05956629 -0.21720059
v 0.25315973 -0.01672133 -0.3801651
v 0.26346129 -0.01617008 -0.38119039
v 0.25519225 -0.01093691 -0.38239756
v 0.48432538 0.07531161 -0.03343552
v 0.23966251 0.05819528 -0.23121122
v 0.23863675 0.05764173 -0.23969191
v 0.24199745 0.0577766 -0.23684023
v 0.48158845 0.07988648 -0.03427925
v 0.48326132 0.07768475 -0.03196209
v 0.48233643 0.07964639 -0.0313734
v 0.22528824 0.03402565 -0.23841096
v 0.16056944 -0.05441321 -0.05334598
v 0.1568182 -0.05653621 -0.04978522
v 0.24177139 0.05884927 -0.22014314
v 0.25847393 0.05807653 -0.21849996
v 0.23928343 0.05981486 -0.20757331
v 0.2267444 0.04152819 -0.23962735
v 0.23307119 0.03692757 -0.25899073
v 0.23320377 0.04937351 -0.25318575
v 0.25036922 0.06034199 -0.19640249
v 0.27284992 0.01804184 -0.38253245
v 0.26271111 0.01626776 -0.383044
v 0.26955345 0.00884674 -0.38473997
v 0.34103289 -0.04322903 -0.18453141
v 0.32194936 -0.05572866 -0.17400239
v 0.23212525 0.02790798 -0.25876722
v 0.35259119 -0.02926031 -0.20309778
v 0.35093698 -0.03280708 -0.19467147
v 0.35645413 -0.02463349 -0.19662425
v 0.24905537 0.05477173 -0.27024508
v 0.24924685 0.05508256 -0.26826072
v 0.24815826 0.05524564 -0.26905629
v 0.25746486 0.05661043 -0.24284957
v 0.25404429 0.05744148 -0.23206124
v 0.25050914 0.05697136 -0.24209575
v 0.25177693 0.05571041 -0.26656863
v 0.24917272 0.05552574 -0.26770911
v 0.25075719 0.05566169 -0.26735631
v 0.26678315 0.06450733 -0.17257805
v 0.25192061 0.05580644 -0.26730046
v 0.25425214 0.05543279 -0.2646763
v 0.25295529 0.05487493 -0.2703988
v 0.24870892 0.05428855 -0.28808722
v 0.24724118 0.05117852 -0.29572427
v 0.2502878 0.05434506 -0.28972429
v 0.25072744 0.0542455 -0.29185036
v 0.34844479 -0.02519705 -0.24494807
v 0.34849 -0.02669827 -0.23829788
v 0.35381848 -0.01829671 -0.23815347
v 0.35156652 -0.02400882 -0.23124009
v 0.35543752 -0.02031256 -0.22030982
v 0.35656843 -0.01448541 -0.22890174
v 0.34012187 -0.03405432 -0.2392696
v 0.34190699 -0.03174069 -0.24434626
v 0.34033579 -0.03272572 -0.24545503
v 0.33880904 -0.0349433 -0.24066201
v 0.33950055 -0.03451177 -0.23932305
v 0.33719289 -0.03652537 -0.23760629
v 0.34248817 -0.02663637 -0.26648378
v 0.34489843 -0.02579154 -0.25873941
v 0.34613547 -0.02194487 -0.26825312
v 0.35706267 -0.01499235 -0.22377147
v 0.3567037 -0.01510197 -0.22303328
v 0.33084646 -0.04144949 -0.2298587
v 0.33098447 -0.04135532 -0.22911163
v 0.33703735 -0.03777916 -0.23053387
v 0.34845948 -0.02058379 -0.2610203
v 0.34769645 -0.02334605 -0.254563
v 0.3518661 -0.01626117 -0.256129
v 0.35099 -0.01518981 -0.26375824
v 0.34880117 -0.01960196 -0.26130599
v 0.33801723 -0.02864862 -0.27506071
v 0.33765987 -0.02931188 -0.27289277
v 0.3410511 -0.02687744 -0.27048305
v 0.33893833 -0.02991937 -0.26614472
v 0.26274887 0.05595291 -0.24895102
v 0.2603313 0.05605803 -0.25105613
v 0.26097021 0.05531422 -0.25169951
v 0.26236975 0.0556419 -0.25311175
v 0.26038662 0.05601565 -0.25168243
v 0.33638126 -0.03014666 -0.27301413
v 0.33225349 -0.03417419 -0.26856589
v 0.33795241 -0.0313968 -0.26391825
v 0.33742368 -0.03142853 -0.26395556
v 0.33207852 -0.04983554 -0.179033
v 0.33263791 -0.04626652 -0.19249213
v 0.32411337 -0.0493748 -0.19307056
v 0.37275967 0.1512337 -0.0380863
v 0.36999297 0.15173087 -0.03824044
v 0.35404542 -0.01481358 -0.24786338
v 0.35375977 -0.01324537 -0.25196284
v 0.35297459 -0.01617667 -0.24863046
v 0.33381855 -0.03426705 -0.26096004
v 0.33166486 -0.03669184 -0.2590979
v 0.3355003 -0.03423889 -0.26051027
v 0.33180726 -0.03576622 -0.25832963
v 0.33520877 -0.03393616 -0.25999257
v 0.33527687 -0.03509727 -0.25502968
v 0.3321735 -0.03698011 -0.25561252
v 0.25698915 0.0549737 -0.27490258
v 0.25766081 0.05469767 -0.27697802
v 0.2606965 0.05463579 -0.27377549
v 0.26000381 0.05410707 -0.27873465
v 0.26074815 0.0548889 -0.27172291
v 0.2603136 0.05493879 -0.26656541
v 0.25946414 0.05481015 -0.27094081
v 0.25974613 0.05434395 -0.27873173
v 0.25984278 0.05452302 -0.27946335
v 0.25636071 0.05404575 -0.28010637
v 0.26165605 0.05415758 -0.28233153
v 0.25987557 0.05462139 -0.27972582
v 0.25611207 0.05434939 -0.28253627
v 0.25665727 0.05357709 -0.2875948
v 0.23126836 0.01281142 -0.2581647
v 0.22741623 0.02615583 -0.24620289
v 0.26275256 0.05522651 -0.25817922
v 0.26608577 0.05535839 -0.25315794
v 0.26355302 0.0560976 -0.24582615
v 0.26456639 0.05556274 -0.24958591
v 0.34996468 -0.01566727 -0.26520267
v 0.34950033 -0.01665331 -0.26507059
v 0.35056999 -0.01547458 -0.26410246
v 0.3485969 -0.01806018 -0.26425138
v 0.25916886 0.05403639 -0.28876561
v 0.2596902 0.05372096 -0.28829926
v 0.25811458 0.05327596 -0.29256493
v 0.25629485 0.05320707 -0.29076728
v 0.35851595 -0.00769973 -0.22468762
v 0.35745218 -0.01414763 -0.22218707
v 0.35968983 -0.00843416 -0.21337737
v 0.32656401 -0.04450126 -0.2215697
v 0.32427049 -0.04639029 -0.21316572
v 0.33564988 -0.04111602 -0.21629496
v 0.33788863 -0.02473084 -0.2877906
v 0.34010369 -0.02312683 -0.28513721
v 0.34112534 -0.02217537 -0.28485522
v 0.34061071 -0.02297791 -0.28375426
v 0.33894238 -0.0244318 -0.28346527
v 0.33727622 -0.02511251 -0.28538266
v 0.24632554 0.04521903 -0.34749749
v 0.24580431 0.04406344 -0.34992439
v 0.24798197 0.0452129 -0.34764856
v 0.24865814 0.04456432 -0.35000128
v 0.32843545 -0.03989207 -0.24790643
v 0.3255856 -0.04137509 -0.24602371
v 0.32603654 -0.04118095 -0.24476956
v 0.27847469 0.05546959 -0.23262809
v 0.27065912 0.0569174 -0.22115591
v 0.26246086 0.0572773 -0.22671992
v 0.26337898 0.05365492 -0.28872967
v 0.26147798 0.05349535 -0.29311642
v 0.26259181 0.05334971 -0.28996655
v 0.35437861 -0.01396359 -0.24686764
v 0.35662803 -0.00959958 -0.23743984
v 0.35776362 -0.00301579 -0.23751672
v 0.252009 0.04492304 -0.35032237
v 0.24458158 0.04342685 -0.35285118
v 0.35703927 -0.00962338 -0.23610185
v 0.33723825 -0.02329057 -0.29255024
v 0.3357015 -0.02376846 -0.29135284
v 0.33743158 -0.02446173 -0.28967509
v 0.32737017 -0.04687258 -0.20190056
v 0.31615832 -0.04997803 -0.20350307
v 0.26778191 0.05552975 -0.24873805
v 0.26717156 0.05516226 -0.25049314
v 0.26840585 0.05552894 -0.24857387
v 0.3597227 -0.01255454 -0.20686562
v 0.36150333 -0.00520989 -0.19942349
v 0.3209269 -0.04435971 -0.23420002
v 0.32813323 -0.04163322 -0.23583177
v 0.3219555 -0.04337386 -0.2390151
v 0.2682021 0.05559936 -0.24780431
v 0.2736237 0.05498567 -0.24726345
v 0.33175641 -0.02877455 -0.293201
v 0.32981429 -0.02996688 -0.29398838
v 0.32906893 -0.02998402 -0.29339972
v 0.32969168 -0.02985357 -0.29196528
v 0.27426806 0.05506498 -0.24612695
v 0.27554768 0.05544421 -0.23797411
v 0.27169573 0.05438664 -0.26000258
v 0.26685885 0.05430654 -0.26199499
v 0.27013397 0.054501 -0.26257691
v 0.3607153 -0.00090218 -0.20788917
v 0.35998577 -0.00216677 -0.2160705
v 0.31974187 -0.04292204 -0.24885891
v 0.31873643 -0.04380517 -0.24359976
v 0.32520002 -0.04149676 -0.24544007
v 0.24850079 -0.012277 -0.30974549
v 0.24838503 -0.01027973 -0.3090668
v 0.24894106 -0.01757395 -0.30972344
v 0.33911046 -0.02010777 -0.29547817
v 0.33854979 -0.01847818 -0.29952586
v 0.33856797 -0.02049736 -0.29599875
v 0.33044708 -0.02650667 -0.3019799
v 0.33081695 -0.02661751 -0.30108166
v 0.3331309 -0.02667793 -0.29520428
v 0.32844859 -0.02992062 -0.29781875
v 0.33014271 -0.02693832 -0.30172643
v 0.32912865 -0.02838958 -0.29950932
v 0.32868841 -0.02868897 -0.29950747
v 0.32758632 -0.02981606 -0.29984075
v 0.29145381 0.06123477 -0.17594659
v 0.27948421 0.06295558 -0.17458668
v 0.25406131 0.04420861 -0.35192084
v 0.25360516 0.0444376 -0.3490037
v 0.31627202 -0.04096234 -0.26661608
v 0.32170722 -0.03943278 -0.26809728
v 0.31763688 -0.04080508 -0.26702309
v 0.32246968 -0.0400703 -0.26348934
v 0.32170734 -0.0402003 -0.26605937
v 0.31869796 -0.0412104 -0.26372853
v 0.31555679 -0.04345508 -0.25966069
v 0.32006624 -0.04104111 -0.25841093
v 0.32220712 -0.04055272 -0.2597867
v 0.25470054 0.0438295 -0.35326788
v 0.24933755 0.04142267 -0.35895097
v 0.32279208 -0.03311221 -0.29995871
v 0.32447407 -0.03186652 -0.29918471
v 0.32570189 -0.03125827 -0.30010712
v 0.31942171 -0.04250743 -0.25660887
v 0.32038018 -0.0414215 -0.25823566
v 0.2493066 0.03688287 -0.31094477
v 0.24664788 0.03873153 -0.30102828
v 0.24898992 0.03017269 -0.31101683
v 0.32388532 -0.03206808 -0.30182624
v 0.24538049 0.01865492 -0.30067873
v 0.24219982 0.0201454 -0.29047242
v 0.31539327 -0.04724566 -0.22600293
v 0.31560484 -0.04850698 -0.21550742
v 0.32066625 -0.04655638 -0.22047482
v 0.27807415 0.0556001 -0.23376258
v 0.30889285 0.03449495 -0.34539112
v 0.30918583 0.03572611 -0.34296569
v 0.30672494 0.03689242 -0.34390968
v 0.22879072 -0.00498859 -0.24991196
v 0.25705338 0.04440903 -0.35170552
v 0.25621626 0.04638604 -0.34594035
v 0.25666547 0.04464751 -0.35118973
v 0.2606031 0.04654688 -0.34492734
v 0.25832328 0.04681292 -0.34454623
v 0.25564501 0.04391164 -0.35164759
v 0.25797358 0.04395124 -0.35346478
v 0.27366775 0.05426759 -0.26009262
v 0.27554831 0.05449547 -0.25803199
v 0.27274424 0.05477172 -0.25520417
v 0.27583274 0.05422824 -0.2624096
v 0.27184615 0.05479728 -0.26237503
v 0.27753198 0.05346696 -0.26591155
v 0.27204287 0.05454914 -0.26722074
v 0.31415844 -0.04395676 -0.25266805
v 0.27637392 0.05525524 -0.24203055
v 0.27851504 0.05499428 -0.2422605
v 0.2769084 0.05520649 -0.23808408
v 0.34673682 -0.01331681 -0.2840274
v 0.34992263 -0.00199946 -0.28120998
v 0.34699494 -0.00186275 -0.29062879
v 0.34421632 -0.01104752 -0.29398733
v 0.34567523 -0.00866318 -0.29113653
v 0.32980424 -0.02172673 -0.3147881
v 0.32967284 -0.02240963 -0.3148002
v 0.45295236 0.083888 -0.02088678
v 0.45317075 0.08474357 -0.02381006
v 0.45530742 0.08294117 -0.02401095
v 0.26170868 0.04439066 -0.3515625
v 0.25861368 0.04349888 -0.35474032
v 0.26979122 0.05259016 -0.29934403
v 0.26719317 0.05294873 -0.30037135
v 0.2704742 0.05260872 -0.30212134
v 0.26915297 0.05247771 -0.29719496
v 0.27124059 0.0524386 -0.29743949
v 0.27198371 0.05249001 -0.29925975
v 0.32729644 -0.02201566 -0.31830281
v 0.32631728 -0.02388371 -0.31915376
v 0.32466817 -0.02505574 -0.31829265
v 0.32582411 -0.02495627 -0.31725746
v 0.25907928 0.04350059 -0.35466743
v 0.27180728 0.05258219 -0.30149737
v 0.34119952 -0.01142383 -0.30144218
v 0.31031549 -0.04599919 -0.24691173
v 0.3121855 -0.04642304 -0.24050474
v 0.31360179 -0.04585725 -0.24178426
v 0.27328411 0.05303078 -0.2806212
v 0.27289975 0.05302284 -0.28552559
v 0.28087127 0.05239923 -0.28044751
v 0.27432832 0.05192104 -0.28763229
v 0.27620277 0.0523168 -0.28604078
v 0.27704731 0.05388973 -0.26170677
v 0.27829346 0.05350907 -0.26589572
v 0.3155171 -0.05206362 -0.19160642
v 0.30556795 -0.05335667 -0.19587712
v 0.29694742 -0.05779921 -0.18256976
v 0.26598373 0.04657784 -0.34661305
v 0.26437831 0.04655876 -0.34508136
v 0.2645244 0.04593091 -0.34791967
v 0.26373863 0.04717814 -0.34342915
v 0.27702546 0.05280806 -0.27662843
v 0.28026444 0.05308939 -0.27330253
v 0.27882445 0.05314916 -0.2728208
v 0.25784415 -0.12800366 -0.02631578
v 0.25528204 -0.12803073 -0.02597793
v 0.26713395 -0.1272476 -0.02359765
v 0.12352103 -0.0265685 -0.25539047
v 0.12213738 -0.0224709 -0.25757587
v 0.12197316 -0.02786788 -0.25394899
v 0.26462013 0.04395794 -0.35136169
v 0.2635721 0.04467674 -0.35094061
v 0.2629247 0.04446124 -0.3527779
v 0.27936938 0.05227628 -0.28367808
v 0.27651325 0.05224444 -0.28606111
v 0.27974916 0.05248279 -0.28369254
v 0.00751248 -0.1405905 -0.31933936
v 0.31785795 -0.0254891 -0.33496532
v 0.31911695 -0.02680594 -0.32926404
v 0.31985724 -0.0251668 -0.33018774
v 0.31600112 -0.02867025 -0.33217373
v 0.3162621 -0.02977611 -0.32832515
v 0.35404706 0.00853374 -0.25894552
v 0.35447264 0.0010422 -0.26113901
v 0.35560042 0.00362247 -0.25256714
v 0.28173462 0.05322457 -0.27169293
v 0.28553921 0.05216539 -0.27479646
v 0.23888551 0.02057538 -0.37800848
v 0.23819226 0.01749903 -0.37968686
v 0.24254677 0.01979102 -0.3794328
v 0.3156558 -0.02726035 -0.33576244
v 0.31484428 -0.0286406 -0.33384874
v 0.2868675 0.05401395 -0.24086215
v 0.28587687 0.05359591 -0.24265154
v 0.28808361 0.05337203 -0.24434596
v 0.27104479 0.04532232 -0.3454093
v 0.27020764 0.04604789 -0.34416667
v 0.26983491 0.04609971 -0.34736708
v 0.3472361 0.00894685 -0.28796989
v 0.34449869 0.00664917 -0.29700559
v 0.28288493 0.05305625 -0.27058089
v 0.28944516 0.05187726 -0.27033085
v 0.28653187 0.05259689 -0.26320237
v 0.27312869 0.04629798 -0.34429961
v 0.27184212 0.0452824 -0.34647217
v 0.27241784 0.04531727 -0.34768993
v 0.27041757 0.04484583 -0.34936541
v 0.31930587 -0.02322023 -0.3362487
v 0.32015494 -0.02081602 -0.33777905
v 0.31792334 -0.02303632 -0.33750659
v 0.31886879 -0.02183358 -0.33873269
v 0.31752443 -0.02396433 -0.3378332
v 0.31728259 -0.02432749 -0.33673826
v 0.31660905 -0.02482259 -0.33789238
v 0.31546614 -0.02713495 -0.33597532
v 0.35774243 0.01104768 -0.22360508
v 0.35947242 0.00090483 -0.21980365
v 0.35950336 0.00834905 -0.21144663
v 0.2932578 0.05280188 -0.24206209
v 0.28671938 0.05367374 -0.24890822
v 0.29286316 0.05235818 -0.24870071
v 0.27372456 0.04589292 -0.34543705
v 0.27404162 0.04522447 -0.34769505
v 0.28683302 0.05154469 -0.28521004
v 0.2789965 0.05241544 -0.29178637
v 0.28590316 0.05161019 -0.28760564
v 0.28315654 0.05167498 -0.29438928
v 0.27963814 0.05135545 -0.29342183
v 0.28193268 0.05116194 -0.29500338
v 0.3214027 -0.02093028 -0.3347843
v 0.31502017 -0.02599104 -0.33997917
v 0.24395804 0.00528365 -0.29632607
v 0.23718217 0.00828939 -0.27573937
v 0.24034415 -0.00539046 -0.28406021
v 0.28921288 0.05265623 -0.25338316
v 0.29089037 0.05196667 -0.2624386
v 0.28692785 0.05272944 -0.26269159
v 0.26589036 0.03936775 -0.36506218
v 0.27251315 0.04036951 -0.36264324
v 0.26751119 0.0422888 -0.35801578
v 0.33420393 -0.01120437 -0.31798887
v 0.33596891 -0.00337106 -0.31774327
v 0.33162576 -0.00581135 -0.32646558
v 0.30628875 -0.04888159 -0.22822367
v 0.30532447 -0.04911486 -0.23010692
v 0.29993963 -0.05043644 -0.22800659
v 0.28871602 0.05270836 -0.26099941
v 0.29094744 0.05145417 -0.26117373
v 0.31302893 -0.02532933 -0.34577218
v 0.31366205 -0.02553299 -0.34372649
v 0.31456769 -0.02374778 -0.34441489
v 0.31259632 -0.02577032 -0.34501004
v 0.23085596 -0.01988817 -0.25266165
v 0.29958501 -0.05063278 -0.22716139
v 0.29466501 -0.05083922 -0.22965011
v 0.30000249 -0.0504831 -0.22645266
v 0.29352489 -0.05179741 -0.22162201
v 0.30654502 -0.04995998 -0.21892263
v 0.27774841 0.04341961 -0.35184219
v 0.27895272 0.0446398 -0.34735811
v 0.27650663 0.04351692 -0.35221526
v 0.31704032 -0.02050978 -0.34455159
v 0.3191354 -0.01254903 -0.34800836
v 0.31708547 -0.0197883 -0.34522119
v 0.31256172 -0.02355167 -0.34887815
v 0.2919693 -0.05282394 -0.2152326
v 0.29154941 0.05170189 -0.26716936
v 0.2996299 0.05061317 -0.26453629
v 0.28159124 0.04542663 -0.34233725
v 0.28254241 0.04527785 -0.33756617
v 0.28055853 0.04617008 -0.33878276
v 0.27877274 0.04592103 -0.34193325
v 0.28096667 0.04528626 -0.34448054
v 0.35585693 0.01852787 -0.21918152
v 0.24752928 0.00896996 -0.30801243
v 0.24758869 0.00415547 -0.30821818
v 0.24757002 0.00621343 -0.30820242
v 0.29738593 0.05181159 -0.24751964
v 0.29865876 0.05146828 -0.25052401
v 0.29405111 0.05222383 -0.25361773
v 0.30461836 0.04751997 -0.29411203
v 0.30517158 0.04762955 -0.29068652
v 0.30153447 0.04738872 -0.29265511
v 0.32528871 -0.0128614 -0.33548671
v 0.32781863 -0.00136193 -0.33571205
v 0.32358438 -0.00663962 -0.34292465
v 0.32805848 -0.01055674 -0.3316136
v 0.33488685 0.00453664 -0.3207399
v 0.28013259 0.04435207 -0.3472051
v 0.27978522 0.0441494 -0.34872296
v 0.28187853 0.04392253 -0.34750676
v 0.28966802 -0.06414066 -0.16708304
v 0.29369771 0.05021575 -0.28541273
v 0.29455772 0.05030359 -0.28156772
v 0.29424039 0.04966935 -0.28846893
v 0.28970009 0.05002312 -0.29343721
v 0.29122761 0.04937705 -0.29527211
v 0.29347825 0.0499461 -0.29229733
v 0.29197469 -0.04959989 -0.24998912
v 0.29644603 -0.04905375 -0.24440432
v 0.29680601 -0.04888299 -0.24436815
v 0.2951465 -0.0497348 -0.23803769
v 0.29553503 -0.04999656 -0.23642813
v 0.29646322 -0.04960602 -0.23737305
v 0.34260395 0.00147174 -0.30282339
v 0.34109175 0.01237085 -0.3031998
v 0.29665056 -0.04829339 -0.24922609
v 0.29359046 -0.04882031 -0.25107834
v 0.25147122 0.00826592 -0.38351682
v 0.25486177 0.01427175 -0.38292295
v 0.24598767 0.01256213 -0.3821893
v 0.32547799 0.04274608 -0.2596536
v 0.31868955 0.04544188 -0.26413113
v 0.32574448 0.04280625 -0.25999805
v 0.28354272 0.04314308 -0.34585547
v 0.28634959 0.04239702 -0.34846702
v 0.2827664 0.04297359 -0.35013318
v 0.29419211 -0.04784165 -0.25899205
v 0.29442734 -0.04834845 -0.26006719
v 0.29283011 -0.04809179 -0.26001075
v 0.30056933 0.04963511 -0.269584
v 0.30073494 0.05012409 -0.26478329
v 0.35384595 0.02047433 -0.23033041
v 0.30876583 0.05767424 -0.17781733
v 0.29898226 0.05665087 -0.18959874
v 0.31364524 0.05273705 -0.19320963
v 0.26595008 0.02334561 -0.38050839
v 0.26490259 0.03008935 -0.37604624
v 0.24019554 -0.01882576 -0.28143552
v 0.2335505 -0.01110962 -0.26263979
v 0.32739529 0.04984542 -0.18530098
v 0.30183199 0.05004641 -0.26969552
v 0.29712039 0.05052935 -0.27187663
v 0.30275697 0.04893734 -0.27573681
v 0.30234858 0.04885988 -0.28028113
v 0.32385409 0.0007509 -0.34400308
v 0.3086116 0.04875852 -0.2568979
v 0.30491775 0.05008769 -0.24883562
v 0.30446631 0.05021521 -0.24945033
v 0.30156383 0.05096141 -0.25458479
v 0.23935403 -0.00488765 -0.38153765
v 0.24868803 -0.005681 -0.38295209
v 0.24500568 0.00311407 -0.38301209
v 0.24820162 -0.00685604 -0.30884296
v 0.24495658 -0.01053402 -0.29759258
v 0.28541133 0.03877494 -0.35906145
v 0.28829885 0.03907654 -0.35830817
v 0.28800356 0.03943793 -0.35655558
v 0.28415248 0.03855589 -0.36175367
v 0.30313379 -0.02559121 -0.36037895
v 0.30330274 -0.01870299 -0.36710829
v 0.2938467 -0.02222317 -0.37169409
v 0.30772287 0.04977665 -0.24537449
v 0.30867469 0.04982883 -0.24495089
v 0.32622126 0.00974253 -0.33829898
v 0.2527535 0.00129189 -0.3840431
v 0.26030529 0.00812568 -0.38440871
v 0.28450915 -0.0564668 -0.19352925
v 0.29452556 -0.05431327 -0.20043908
v 0.28186926 -0.05527255 -0.20367455
v 0.22832246 -0.03780947 -0.2382746
v 0.34507665 0.01615334 -0.28885686
v 0.34789839 0.01660061 -0.27864122
v 0.34492216 0.02162031 -0.28140295
v 0.23302858 -0.02786227 -0.25599027
v 0.23850873 -0.03506053 -0.27026993
v 0.45923233 0.10929373 -0.03513998
v 0.45506689 0.11320679 -0.03320872
v 0.45458436 0.11406108 -0.03434678
v 0.30967867 -0.00747423 -0.36418718
v 0.31011397 -0.00783972 -0.36450616
v 0.31321862 -0.00755234 -0.35994944
v 0.28962672 -0.0276644 -0.36781952
v 0.29184905 -0.03044198 -0.36250973
v 0.34809661 0.02297017 -0.26416358
v 0.32319689 0.00897395 -0.34430304
v 0.32086736 0.0046409 -0.34931678
v 0.26706123 0.00144965 -0.38478172
v 0.31402886 0.04730311 -0.2585333
v 0.31384152 0.0473221 -0.26007995
v 0.31784126 0.0457135 -0.26276803
v 0.24723953 -0.0140864 -0.38061118
v 0.31739175 0.04521257 -0.26924211
v 0.30824581 0.04819081 -0.26589867
v 0.31152126 0.046252 -0.2743504
v 0.23700437 -0.04956225 -0.25200036
v 0.24150498 -0.05239128 -0.24871939
v 0.32165605 0.04489178 -0.25530532
v 0.31096914 0.04463184 -0.29435766
v 0.31279111 0.04376704 -0.29504767
v 0.31146091 0.04195386 -0.30942893
v 0.30836853 0.04320012 -0.30996004
v 0.30905688 0.04296044 -0.31151277
v 0.30983287 -0.00586969 -0.36423904
v 0.31008548 -0.00348585 -0.36452886
v 0.30596313 -0.00929693 -0.36885139
v 0.34192303 0.02014397 -0.2941291
v 0.33978137 0.02774993 -0.28544551
v 0.2747643 -0.05204121 -0.24135897
v 0.27397823 -0.05205848 -0.23731697
v 0.28073224 -0.05085202 -0.24323632
v 0.32464141 0.04510366 -0.24035153
v 0.30501038 0.03895462 -0.3434051
v 0.30450258 0.03852094 -0.34509584
v 0.2788752 -0.03368442 -0.36243615
v 0.27886528 -0.03409592 -0.36116654
v 0.2848843 -0.03181685 -0.36333898
v 0.27569816 -0.05095698 -0.24702699
v 0.27494204 -0.05159678 -0.24174325
v 0.31384566 0.04186371 -0.30560386
v 0.31072 0.0434095 -0.30750403
v 0.31365702 0.0421975 -0.30834821
v 0.30010498 0.03022059 -0.36519784
v 0.24955066 -0.02818684 -0.30987668
v 0.24904989 -0.02547764 -0.30899084
v 0.2481177 -0.03231641 -0.30393845
v 0.29787323 0.02536101 -0.37117589
v 0.29374394 0.03141789 -0.36839476
v 0.33241421 0.01615086 -0.32130754
v 0.33552158 0.0172609 -0.31343594
v 0.3310118 0.02295318 -0.31807336
v 0.25530782 -0.02119606 -0.37805045
v 0.34417135 0.04468033 -0.17381997
v 0.31864029 0.04546611 -0.26303193
v 0.30831107 0.0367866 -0.34131682
v 0.32505599 0.04152081 -0.27298445
v 0.2485992 -0.02623102 -0.37344286
v 0.33253491 0.0273628 -0.30737391
v 0.33878803 0.02148138 -0.30064353
v 0.24446605 -0.0336656 -0.36300814
v 0.24280412 -0.03335532 -0.36291718
v 0.24379805 -0.03451551 -0.36151111
v 0.24386871 -0.03281301 -0.36397356
v 0.24483524 -0.03268409 -0.3637937
v 0.24516639 -0.03207237 -0.36519113
v 0.24416852 -0.03206291 -0.36496875
v 0.2692242 -0.05339131 -0.22709081
v 0.26582915 -0.05397783 -0.22377089
v 0.27916524 -0.05343674 -0.21961245
v 0.27975789 -0.03217635 -0.36490247
v 0.2749531 -0.03382372 -0.36437047
v 0.32010141 0.03948659 -0.29806864
v 0.31866977 0.04026497 -0.29894948
v 0.32094586 0.03959085 -0.29892889
v 0.32053477 0.03928374 -0.30036005
v 0.32061425 0.03978788 -0.30194086
v 0.31873351 0.04033488 -0.2995483
v 0.2769596 -0.03504837 -0.36066258
v 0.27455804 -0.03441353 -0.36291552
v 0.33659697 0.02816585 -0.29411483
v 0.33438924 0.02780667 -0.30132353
v 0.3410489 0.03040049 -0.27155712
v 0.34089896 0.02961883 -0.27286744
v 0.34303701 0.0265759 -0.27639502
v 0.27199888 -0.04979394 -0.26046318
v 0.26776445 -0.05080776 -0.25720146
v 0.26810491 -0.05037149 -0.2571916
v 0.26774549 -0.0506213 -0.25592479
v 0.26839963 -0.05064727 -0.25308216
v 0.28949776 -0.01036009 -0.37973127
v 0.28772259 -0.01626473 -0.37810028
v 0.29623261 -0.01525404 -0.37475011
v 0.34400028 0.03207593 -0.24499443
v 0.34414867 0.0306643 -0.25324881
v 0.34464505 0.03016377 -0.25380754
v 0.34903547 0.02586435 -0.24564351
v 0.34119132 0.03537793 -0.24039999
v 0.31978008 0.03826501 -0.30526033
v 0.31964979 0.03831199 -0.30800384
v 0.32676679 0.03545104 -0.30045623
v 0.24827044 -0.04203659 -0.3006061
v 0.25072551 -0.04538612 -0.303168
v 0.25128743 -0.04439975 -0.30784491
v 0.32389989 0.03463194 -0.31104055
v 0.3194539 0.03707513 -0.31380317
v 0.32001144 0.03649802 -0.31528082
v 0.31751111 0.03688677 -0.31960157
v 0.31841603 0.03605868 -0.32119745
v 0.32818359 0.04064303 -0.26802784
v 0.33163217 0.03729287 -0.27687433
v 0.25137931 -0.05451015 -0.22180261
v 0.25171348 -0.03771083 -0.35588995
v 0.25390884 -0.03751826 -0.35707512
v 0.25047076 -0.03714383 -0.35744563
v 0.25149792 -0.03493068 -0.36187381
v 0.35357696 0.03225208 -0.18036041
v 0.3477858 0.03567671 -0.19347702
v 0.35316741 0.02803451 -0.19918567
v 0.25214291 -0.03412919 -0.36357215
v 0.33722273 0.04156614 -0.21501942
v 0.34322879 0.03836882 -0.20626746
v 0.33310708 0.04522702 -0.20174825
v 0.29366285 -0.00385828 -0.37928271
v 0.2968336 -0.0102242 -0.37603664
v 0.29947713 -0.00275425 -0.37595081
v 0.43998548 0.12512338 -0.03676003
v 0.24741936 -0.05161413 -0.25137809
v 0.24763499 -0.05268567 -0.24965379
v 0.24936509 -0.05226574 -0.249474
v 0.24825272 -0.05086466 -0.25406355
v 0.24922 -0.05193606 -0.25695631
v 0.2475355 -0.05273015 -0.25632772
v 0.26362002 -0.05046317 -0.25871739
v 0.25908524 -0.05112121 -0.25355232
v 0.26264048 -0.05134276 -0.25291151
v 0.26442736 -0.05038454 -0.25353831
v 0.26621485 -0.05290601 -0.23324572
v 0.25854811 -0.05360819 -0.22902118
v 0.26570609 -0.05391148 -0.2244691
v 0.33349618 0.03196741 -0.29265976
v 0.3266986 0.03750474 -0.29121688
v 0.32739773 0.03491534 -0.29985228
v 0.33989492 0.04339785 -0.18423724
v 0.27415225 -0.01841484 -0.38005877
v 0.27802819 -0.00939512 -0.38299355
v 0.2709662 -0.01144662 -0.38283801
v 0.32014495 0.02382076 -0.34098971
v 0.3169536 0.03049453 -0.33862147
v 0.3158482 0.02700857 -0.34607619
v 0.28391117 -0.00284091 -0.38318795
v 0.28227732 -0.01459784 -0.38053843
v 0.31341261 -0.05574099 -0.17967275
v 0.33376229 0.03302755 -0.28606692
v 0.33397576 0.03334297 -0.2854515
v 0.25987035 -0.05264455 -0.23785716
v 0.25870785 -0.05270975 -0.23863126
v 0.25598621 -0.05312912 -0.23423666
v 0.25936893 -0.0519999 -0.24581398
v 0.25640237 -0.05253452 -0.23957984
v 0.26123041 -0.05236586 -0.24024101
v 0.33907735 0.036286 -0.24728823
v 0.31388104 0.01928031 -0.35640892
v 0.30438632 0.01722998 -0.36978424
v 0.31374231 0.00924167 -0.36014196
v 0.2622191 -0.03453527 -0.36344701
v 0.26639789 -0.03594076 -0.36106741
v 0.26370087 -0.03094189 -0.36950445
v 0.25872469 -0.05426753 -0.22214603
v 0.26510829 -0.05397619 -0.22397873
v 0.26595148 -0.0378184 -0.35636541
v 0.26634324 -0.03729328 -0.35824499
v 0.26053002 -0.03719715 -0.35797033
v 0.34062168 0.03183431 -0.26529765
v 0.3405804 0.0304866 -0.27304423
v 0.29678318 0.00309329 -0.37801531
v 0.25363824 -0.05656804 -0.20156015
v 0.26098469 -0.05807652 -0.19007714
v 0.26838967 -0.0560986 -0.20353052
v 0.28325754 -0.02344495 -0.3753351
v 0.34414914 0.03067718 -0.25406757
v 0.26848209 -0.03647342 -0.3570621
v 0.26711664 -0.03689959 -0.35840118
v 0.26775414 -0.03619193 -0.36037877
v 0.43431202 0.10110696 -0.02142059
v 0.29400209 0.01031498 -0.37876636
v 0.28941333 0.00298203 -0.38177282
v 0.26371107 -0.05054789 -0.26001921
v 0.26634341 -0.05008653 -0.26017129
v 0.29965371 0.01380485 -0.37466049
v 0.26965287 -0.05473139 -0.21366887
v 0.33680683 0.02799499 -0.29311246
v 0.45155585 0.11632954 -0.03566287
v 0.27084064 -0.03127962 -0.36914453
v 0.27589768 -0.0261893 -0.37460926
v 0.45681238 0.08037744 -0.02421701
v 0.24872364 -0.05525901 -0.21473777
v 0.26002648 -0.05487008 -0.21596102
v 0.26780668 -0.05268174 -0.23377329
v 0.27339897 -0.05278546 -0.23000391
v 0.30552584 0.00529096 -0.37085578
v 0.31406832 0.00072626 -0.36042744
v 0.26101747 -0.02614061 -0.37485808
v 0.25556347 -0.02975078 -0.37026384
v 0.27347091 -0.05803071 -0.18875791
v 0.27225888 -0.05137102 -0.24790813
v 0.27202329 -0.05117242 -0.24809195
v 0.26834062 -0.05150349 -0.24625784
v 0.27268067 -0.05083462 -0.24833596
v 0.26817536 -0.05089237 -0.24998195
v 0.27254501 -0.03641486 -0.35937631
v 0.27490461 -0.03655463 -0.35878202
v 0.30337018 -0.00605444 -0.37217131
v 0.25034246 -0.05099361 -0.25410345
v 0.24848856 -0.05076277 -0.25318658
v 0.24912448 -0.05218922 -0.24768239
v 0.24824972 -0.05275695 -0.24112087
v 0.31047678 -0.003194 -0.36473343
v 0.24791828 -0.05319534 -0.23624422
v 0.26698145 -0.0264002 -0.3748388
v 0.32712111 0.03857196 -0.28545558
v 0.33324265 0.03384128 -0.28624913
v 0.33127949 0.03707869 -0.27850631
v 0.35212672 0.02598145 -0.21925707
v 0.34648636 0.032679 -0.22588734
v 0.35159525 0.02478467 -0.22998595
v 0.24568073 -0.0497383 -0.27052259
v 0.24665578 -0.05045351 -0.2681931
v 0.24751392 -0.05011819 -0.27014512
v 0.25105169 -0.04660429 -0.29837152
v 0.25088006 -0.04546017 -0.30099317
v 0.28058901 -0.03210871 -0.36534888
v 0.27808973 -0.05035865 -0.25559598
v 0.27680698 -0.05045529 -0.25133598
v 0.2788772 -0.04985388 -0.25455123
v 0.28032333 -0.04876439 -0.2634486
v 0.27415782 -0.04957456 -0.25889117
v 0.27766877 -0.05022877 -0.25555053
v 0.27711838 -0.04886947 -0.26650769
v 0.27893811 -0.04968099 -0.26636422
v 0.27715108 -0.04835305 -0.26743457
v 0.27888429 -0.04815006 -0.26907834
v 0.24358258 -0.04590098 -0.2797367
v 0.23885475 -0.04447438 -0.26594663
v 0.24202734 -0.04823947 -0.26953143
v 0.26115 -0.06649482 -0.16345048
v 0.31824562 0.0355939 -0.32323498
v 0.32345611 0.03011731 -0.32427096
v 0.28150848 -0.04998685 -0.252579
v 0.28142986 -0.04973664 -0.25064635
v 0.32610428 0.03785845 -0.29026344
v 0.35776734 0.02426461 -0.18291445
v 0.35745856 0.01900871 -0.20266452
v 0.29530501 0.01927253 -0.37569854
v 0.2835345 -0.05147595 -0.23485553
v 0.31863916 0.0067553 -0.35325381
v 0.31909928 -0.0021524 -0.35198179
v 0.35006714 0.0150316 -0.27195394
v 0.2444285 -0.05156986 -0.25603825
v 0.24390697 -0.05146606 -0.25730628
v 0.24268749 -0.05258347 -0.25362945
v 0.33474085 0.00536388 -0.32059017
v 0.33536604 0.00482634 -0.31938982
v 0.24924691 -0.02935231 -0.37004477
v 0.24762213 -0.03112556 -0.36730647
v 0.3171832 -0.00848272 -0.35343224
v 0.32984933 0.03810695 -0.27837694
v 0.32045946 0.04254461 -0.28162557
v 0.32169464 0.04086221 -0.28869089
v 0.29436171 -0.03217839 -0.35650989
v 0.30233499 -0.02766311 -0.35805261
v 0.29443434 -0.03097997 -0.35884583
v 0.35344827 0.01613148 -0.24864416
v 0.35348114 0.01626036 -0.24725512
v 0.35229158 0.02146204 -0.24052516
v 0.27553731 -0.00374268 -0.38432074
v 0.24108703 -0.05757654 -0.19461657
v 0.23144503 -0.0580719 -0.18930535
v 0.24623136 -0.05916876 -0.18439192
v 0.32835594 0.04607642 -0.21408188
v 0.24404788 -0.0351348 -0.35967347
v 0.24594298 -0.0354098 -0.35987392
v 0.33025646 -0.00154653 -0.33048224
v 0.32999954 0.00469952 -0.33121905
v 0.24750079 -0.0308235 -0.36752093
v 0.3000825 -0.0302017 -0.35507736
v 0.30231979 -0.02847524 -0.3556405
v 0.30726919 0.04833667 -0.26724145
v 0.31728211 0.03990549 -0.30403534
v 0.31984779 0.03908303 -0.30302072
v 0.35085177 0.01743596 -0.26372376
v 0.35210061 0.01214379 -0.26631048
v 0.2930212 -0.04823176 -0.2540772
v 0.28972054 -0.04918826 -0.25272489
v 0.29757184 -0.04784791 -0.25437352
v 0.29208055 -0.04872846 -0.25422424
v 0.29345086 -0.04856609 -0.25512061
v 0.29043251 -0.04914143 -0.2541047
v 0.28981966 -0.04864457 -0.25657412
v 0.3520748 0.01754193 -0.25618285
v 0.30736113 -0.05129433 -0.20807235
v 0.29631829 -0.04915418 -0.24369614
v 0.29680488 -0.04926109 -0.24090073
v 0.29348335 -0.04854128 -0.25253025
v 0.25007963 -0.03026647 -0.31094614
v 0.29569268 -0.05002302 -0.23565434
v 0.29582393 -0.04988915 -0.23624559
v 0.31004873 -0.02413972 -0.35242128
v 0.30963916 -0.02084798 -0.35715339
v 0.30813247 -0.02386378 -0.35437092
v 0.31483653 -0.01691918 -0.35242444
v 0.31097913 -0.0243936 -0.34969026
v 0.29753473 -0.0467298 -0.25918332
v 0.29938915 -0.04743534 -0.25587094
v 0.29617625 -0.04799036 -0.26187569
v 0.29483652 -0.04709338 -0.25909042
v 0.3197788 0.04051793 -0.29707903
v 0.31404427 0.04358812 -0.29485276
v 0.30287105 0.03773918 -0.34751791
v 0.30853036 -0.02932413 -0.34631413
v 0.30618197 -0.02842567 -0.35087407
v 0.3072246 -0.02811473 -0.34921423
v 0.31049651 -0.0254457 -0.35031542
v 0.31012997 -0.02536066 -0.34978348
v 0.31051838 -0.02570051 -0.34927163
v 0.30557567 -0.0464334 -0.24807799
v 0.29712912 -0.0483343 -0.24919882
v 0.00122052 -0.14260772 -0.30853117
v 0.24105242 -0.02680685 -0.37109306
v 0.24352294 -0.03108163 -0.36656827
v 0.30893219 -0.02729474 -0.34509954
v 0.31068215 -0.02675282 -0.34509009
v 0.24243154 -0.03621198 -0.28261966
v 0.29898924 -0.04739106 -0.25144303
v 0.30543461 -0.04684718 -0.24945645
v 0.30929258 -0.04630902 -0.24618575
v 0.30242386 -0.04836588 -0.24030969
v 0.30274341 -0.0468737 -0.25097013
v 0.31979269 -0.02046424 -0.33916518
v 0.32102773 -0.01782639 -0.33991316
v 0.32021147 -0.01892357 -0.33920845
v 0.31515831 -0.02419905 -0.34295738
v 0.3154704 -0.02365648 -0.3422786
v 0.31242621 -0.02908232 -0.33835492
v 0.3134585 -0.02684768 -0.34207451
v 0.31162247 -0.02870674 -0.33928183
v 0.31441996 -0.0256889 -0.34115592
v 0.31329563 -0.02899229 -0.33633435
v 0.24101774 -0.02359719 -0.37408227
v 0.3072769 -0.04912692 -0.22815371
v 0.30619919 -0.04874235 -0.22869426
v 0.3132112 0.04366661 -0.29739079
v 0.31715626 0.04349284 -0.2838825
v 0.30969602 -0.04635446 -0.24303024
v 0.30873203 -0.04714426 -0.23762704
v 0.30972484 -0.0466863 -0.23847602
v 0.31130603 -0.04632818 -0.23942898
v 0.3405855 -0.00355921 -0.3069253
v 0.23172706 -0.06107383 -0.17502588
v 0.2334297 -0.06624476 -0.16116655
v 0.32653645 -0.01956438 -0.32606938
v 0.32621759 -0.0212143 -0.32510921
v 0.32753372 -0.02032142 -0.32294524
v 0.32500675 -0.02063597 -0.3274225
v 0.32565153 -0.01990641 -0.32615989
v 0.36238304 0.00270781 -0.19045675
v 0.36044204 0.00851247 -0.20250931
v 0.31998411 0.05010571 -0.20030469
v 0.31028667 0.04343213 -0.30452859
v 0.31021589 0.04375523 -0.30349967
v 0.31048945 0.0440825 -0.29804742
v 0.30859542 0.04569621 -0.30092809
v 0.31393695 -0.04467037 -0.25806686
v 0.31161812 -0.0437375 -0.25790501
v 0.31103575 -0.04341474 -0.26674554
v 0.31284836 -0.04222982 -0.26373625
v 0.31810233 -0.04429066 -0.24357159
v 0.34588343 -0.00816097 -0.29004517
v 0.31514537 -0.04435049 -0.24673066
v 0.31898987 -0.04336757 -0.24899444
v 0.3142828 -0.04428289 -0.2507154
v 0.31893602 -0.04306548 -0.25130147
v 0.30762124 0.04461333 -0.30336779
v 0.30814925 0.04562727 -0.30144471
v 0.30741718 0.04471475 -0.30274367
v 0.32886115 -0.02732223 -0.30505174
v 0.3282789 -0.02486873 -0.31222636
v 0.32757792 -0.02610738 -0.31030047
v 0.25935856 -0.00358631 -0.38416395
v 0.33237228 -0.02394415 -0.30481663
v 0.32154205 -0.0436776 -0.24051955
v 0.319121 -0.04466568 -0.23788635
v 0.32130754 -0.04351647 -0.2398614
v 0.3182075 -0.04404261 -0.24211049
v 0.32310283 -0.04299187 -0.24088439
v 0.35095656 -0.01226031 -0.26877832
v 0.35365319 -0.00460046 -0.2650252
v 0.3516328 -0.00530809 -0.27378553
v 0.33995742 -0.0141678 -0.30174983
v 0.33774421 -0.01900206 -0.3005628
v 0.32000834 -0.04184058 -0.25657982
v 0.31952941 -0.04293073 -0.25124964
v 0.32201338 -0.04151974 -0.25194764
v 0.3558704 -0.00659808 -0.25044152
v 0.35555074 -0.00493603 -0.25183865
v 0.35462666 -0.00479075 -0.25937569
v 0.3264932 -0.03867099 -0.2614952
v 0.31888381 -0.04081905 -0.2627272
v 0.32275012 -0.03923226 -0.26505655
v 0.31360504 0.04758042 -0.25880483
v 0.32508665 -0.04111873 -0.24797323
v 0.35368815 -0.00720698 -0.26116532
v 0.35372353 -0.01062006 -0.25774637
v 0.33065498 -0.03775271 -0.25555751
v 0.32601619 -0.03955301 -0.25675756
v 0.32664236 -0.03935533 -0.25492835
v 0.32670254 -0.03859022 -0.25953874
v 0.32552591 -0.03975732 -0.25745344
v 0.32744867 -0.03792249 -0.2583901
v 0.32743904 -0.03785567 -0.26292959
v 0.32715195 -0.03771326 -0.26036865
v 0.32513341 -0.03905898 -0.26450795
v 0.3264479 -0.03812223 -0.26333064
v 0.32823545 -0.03700117 -0.26529971
v 0.32741991 -0.03750319 -0.26383904
v 0.35271877 -0.0116607 -0.26141179
v 0.2447435 -0.03285798 -0.3644802
v 0.35280073 -0.01162463 -0.26091182
v 0.33139125 -0.03615185 -0.25846559
v 0.01226231 -0.13201523 -0.3816503
v 0.01216404 -0.13350499 -0.38566104
v 0.01152574 -0.13291626 -0.38639092
v 0.36408618 -0.00706259 -0.18177719
v 0.36066997 -0.01475445 -0.19316329
v 0.30641413 0.04531494 -0.287963
v 0.30454943 0.0474634 -0.28702226
v 0.30309975 0.04837212 -0.28459591
v 0.3056556 0.04700845 -0.28608114
v 0.30569899 0.04695326 -0.28508773
v 0.30899224 0.04620493 -0.28524154
v 0.30299392 0.04865837 -0.27964342
v 0.31065375 0.04668301 -0.27623978
v 0.31083345 0.04690779 -0.27426568
v 0.34956023 -0.0172858 -0.26554534
v 0.34858099 -0.01950848 -0.2637727
v 0.3331829 -0.04142367 -0.2220155
v 0.33434039 -0.03676855 -0.24711217
v 0.33253038 -0.03675924 -0.25090113
v 0.33025739 -0.03860288 -0.24942973
v 0.33293319 -0.03696063 -0.25144607
v 0.35358793 -0.01570141 -0.24719536
v 0.3365846 -0.0368397 -0.23782407
v 0.34118044 -0.02669904 -0.27073911
v 0.34181392 -0.02659421 -0.26685891
v 0.3357226 -0.03516368 -0.25365108
v 0.33808091 -0.03220097 -0.25647488
v 0.33829835 -0.03204661 -0.25701025
v 0.34062979 -0.03653059 -0.2246512
v 0.34062904 -0.03210759 -0.24711818
v 0.34367526 -0.02916061 -0.24969852
v 0.34023261 -0.03078907 -0.25761378
v 0.34556702 -0.02543162 -0.2576178
v 0.24858978 -0.00934851 -0.31015688
v 0.34223729 -0.03065677 -0.24714822
v 0.33962244 -0.0346501 -0.23966721
v 0.34134296 -0.04087488 -0.19625343
v 0.34302783 -0.03625449 -0.21640818
v 0.34776834 -0.03154353 -0.21855921
v 0.34325489 -0.03309694 -0.23262425
v 0.28212565 0.03837275 -0.3629747
v 0.27733818 0.0379605 -0.366009
v 0.34617987 -0.03560246 -0.2056465
v 0.30171734 0.05013136 -0.26119247
v 0.30308977 0.0499539 -0.26093066
v 0.30260026 0.05016256 -0.25841323
v 0.28609651 0.04154734 -0.35037395
v 0.28544733 0.04185895 -0.35150507
v 0.30793476 0.04979114 -0.24383807
v 0.30617711 0.05082183 -0.23331532
v 0.30030638 0.05192733 -0.23541491
v 0.30100751 0.05087528 -0.24936382
v 0.30076891 0.05105441 -0.25468129
v 0.29464221 0.04867658 -0.29790264
v 0.29452667 0.04943612 -0.29505447
v 0.29280978 0.05159834 -0.26733097
v 0.29673344 0.05048016 -0.27093986
v 0.29644209 0.05029875 -0.27135089
v 0.29171094 0.05173022 -0.26147157
v 0.24016577 0.00991879 -0.38166589
v 0.24000102 0.01100151 -0.38113707
v 0.28925434 0.05291202 -0.25888586
v 0.2886636 0.05251852 -0.25929317
v 0.25649023 0.02629468 -0.37797132
v 0.24668983 0.02642799 -0.37654963
v 0.25135863 0.01941857 -0.38094649
v 0.4881162 0.06852133 -0.03247069
v 0.48670074 0.07171573 -0.03218983
v 0.48883468 0.06268395 -0.03895035
v 0.2680572 0.04232139 -0.3579995
v 0.27067906 0.04197932 -0.35810664
v 0.27455148 0.04255051 -0.35679284
v 0.27064502 0.0431531 -0.35491166
v 0.38097522 0.12421449 -0.02411051
v 0.28791901 0.0542034 -0.23118109
v 0.28574362 0.05401611 -0.23996544
v 0.29193914 0.05354466 -0.23236164
v 0.2833344 0.05535318 -0.22400317
v 0.27123913 0.04764889 -0.33968526
v 0.27190048 0.04738576 -0.34091961
v 0.27310055 0.04756554 -0.3382403
v 0.26978651 0.0472895 -0.34202671
v 0.27155703 0.04701412 -0.3431792
v 0.28494456 0.05428503 -0.24174206
v 0.37775478 0.12527333 -0.0244146
v 0.37255508 0.12604541 -0.02507213
v 0.3755646 0.12586659 -0.02480927
v 0.28066114 0.05331047 -0.27191591
v 0.28125226 0.05334071 -0.27112487
v 0.27812549 0.05338483 -0.26724988
v 0.2832891 0.0525822 -0.26477554
v 0.28065601 0.05358281 -0.26190165
v 0.28050944 0.05397637 -0.2620461
v 0.26304415 0.04468648 -0.3505345
v 0.23783194 -0.01009058 -0.37991577
v 0.23863244 -0.00712552 -0.38085589
v 0.29072896 0.05562766 -0.20775579
v 0.28112248 0.05691186 -0.20776626
v 0.28109148 0.0562368 -0.2165509
v 0.27289587 0.05350509 -0.28700024
v 0.26150456 0.04704502 -0.34435487
v 0.26218572 0.04678519 -0.3439461
v 0.26250598 0.04681173 -0.34321576
v 0.26126665 0.0468068 -0.34434563
v 0.33552894 0.04150527 -0.22520651
v 0.32902315 -0.12554303 -0.02533334
v 0.33536658 -0.0187753 -0.30745402
v 0.28113607 0.05521548 -0.23148045
v 0.27833572 0.05562821 -0.23377591
v 0.26907894 0.05351498 -0.28256309
v 0.27202287 0.05291282 -0.28631341
v 0.26625994 0.05407513 -0.27983415
v 0.26957092 0.05336505 -0.28120175
v 0.27027357 0.05397419 -0.27562797
v 0.26684865 0.05352554 -0.27757889
v 0.27440971 0.0535399 -0.27325478
v 0.27149487 0.05384839 -0.27319124
v 0.27104777 0.05406887 -0.27394569
v 0.24546437 0.03548142 -0.36794791
v 0.25082269 0.03728676 -0.36652121
v 0.24124676 0.02978247 -0.37295651
v 0.23982447 0.03350455 -0.3687419
v 0.2708002 0.05403026 -0.26761928
v 0.24184158 0.03416634 -0.28664315
v 0.23730651 0.02834014 -0.27406487
v 0.24206254 0.03894039 -0.36108047
v 0.23992217 0.03811006 -0.36237401
v 0.24055606 0.03607153 -0.36558238
v 0.23987731 0.03723642 -0.36370504
v 0.26737961 0.05541527 -0.25244847
v 0.27270359 0.05479064 -0.25372127
v 0.25026697 0.04418867 -0.34908831
v 0.26497602 0.05524239 -0.2584784
v 0.26352185 0.05472517 -0.27593324
v 0.26865739 0.05434961 -0.27211398
v 0.26409179 0.05454078 -0.27488872
v 0.26306874 0.05437609 -0.26950994
v 0.26218784 0.05516881 -0.26059371
v 0.26370779 0.05444035 -0.26562721
v 0.26531309 0.05425427 -0.26165965
v 0.3166554 -0.04139701 -0.26875004
v 0.31754836 -0.04069968 -0.27158067
v 0.25972354 0.05389609 -0.28878433
v 0.26623148 0.05612035 -0.23899996
v 0.22048201 0.06359334 -0.17801964
v 0.2618582 0.05678936 -0.23387791
v 0.00537104 -0.14071314 -0.31228071
v 0.00699753 -0.1396272 -0.30313796
v 0.00742094 -0.14036185 -0.31268683
v 0.25035751 0.05426333 -0.27172923
v 0.24781564 0.054889 -0.28003356
v 0.24839485 0.05446247 -0.28261626
v 0.24935532 0.05449159 -0.28099799
v 0.24876232 0.05400065 -0.28485435
v 0.24501592 0.05637981 -0.25599396
v 0.24899687 0.05600134 -0.26112005
v 0.24945483 0.05611959 -0.26096615
v 0.23690288 0.04057807 -0.26856416
v 0.26620835 0.05847363 -0.20673028
v 0.15879273 -0.05731887 -0.03486954
v 0.24549679 0.05695498 -0.24667896
v 0.24229236 0.0567353 -0.25151464
v 0.30408928 0.05185933 -0.22332609
v 0.15798926 -0.05593555 -0.05556578
v 0.15866926 -0.05308091 -0.05884698
v 0.15663773 -0.05451794 -0.05785285
v 0.24970084 0.05751931 -0.23462309
v 0.24701482 0.05813074 -0.22710647
v 0.25241143 0.05802946 -0.22373976
v 0.24064241 0.05874775 -0.22287332
v 0.29633412 0.04800308 -0.29268992
v 0.29639375 0.04848867 -0.29542089
v 0.29835072 0.0493878 -0.29566014
v 0.15969516 -0.03401321 -0.06022776
v 0.46290934 -0.070074 -0.02481341
v 0.4625589 -0.07217726 -0.02415727
v 0.15939562 -0.03110132 -0.06065403
v 0.30290517 0.05047324 -0.25731072
v 0.30368373 0.0501445 -0.25550511
v 0.30144337 0.05025189 -0.25851038
v 0.30457088 0.05033734 -0.24814802
v 0.01190538 -0.12067987 -0.36690852
v 0.01224676 -0.12815468 -0.37494376
v 0.01245886 -0.13200815 -0.37509015
v 0.3554236 -0.00309811 -0.25436339
v 0.35506573 -0.00283813 -0.25599939
v 0.11326825 -0.05297515 -0.22620456
v 0.29601181 0.04861836 -0.29826555
v 0.29485461 0.04962001 -0.29664651
v 0.35622573 -0.00186594 -0.25094685
v 0.29980198 0.04824905 -0.282161
v 0.12682196 -0.0310024 -0.25151151
v 0.12585498 -0.02850007 -0.2536976
v 0.12434199 -0.02946205 -0.2526356
v 0.12526718 -0.03116649 -0.25142333
v 0.0123167 -0.13564289 -0.38364297
v 0.01228284 -0.13630313 -0.38685882
v 0.11214297 -0.04957525 -0.2048534
v 0.11194475 -0.0466217 -0.20838808
v 0.11224859 -0.04989016 -0.20887288
v 0.11254744 -0.04696435 -0.19768284
v 0.1118067 -0.04684388 -0.20174433
v 0.11177196 -0.04772368 -0.1999615
v -0.0012292 -0.16523595 -0.21571235
v 0.00043283 -0.14697389 -0.28467441
v -0.00088529 0.18225704 -0.01445484
v 0.12679447 -0.02213884 -0.25740388
v 0.12895532 -0.0244539 -0.25586244
v 0.01244298 -0.1387718 -0.37068397
v 0.11420872 -0.03803342 -0.2434255
v -0.00097329 0.17778693 -0.07530183
v -0.00237808 0.17356281 -0.09117171
v -0.00190644 0.16128816 -0.08049221
v -0.00258059 0.17548551 -0.07064945
v -0.00301227 0.17622298 -0.03694148
v -0.0028713 0.17602728 -0.04848025
v -0.00213246 0.17177597 -0.11498896
v 0.30182958 0.05069402 -0.25616834
v -0.0022209 -0.16743045 -0.15198605
v -0.00288784 0.15307246 -0.01526048
v -0.00067294 0.16570345 -0.20735106
v -0.00119502 0.16742127 -0.18014084
v 0.11405134 -0.03341545 -0.26089469
v 0.11367171 -0.03526144 -0.25939664
v 0.11364371 -0.03221115 -0.2619642
v 0.11355095 -0.03704328 -0.25692526
v 0.11340924 -0.02936 -0.25426117
v -0.00071417 -0.15378101 -0.21302603
v -0.00152088 0.13620901 -0.08008821
v -0.00152378 0.14630124 -0.08721747
v 0.11152294 -0.04580317 -0.19571075
v 0.1115068 -0.04135889 -0.19086923
v 0.11121384 -0.04063663 -0.19017121
v -0.00261446 -0.17119826 -0.12297299
v -0.00174754 -0.15774184 -0.13972746
v 0.01194842 -0.12306029 -0.38816279
v 0.01252546 -0.12785609 -0.39067855
v 0.00507237 -0.14047788 -0.3180151
v 0.02954544 -0.11133971 -0.348757
v 0.0263227 -0.11137903 -0.34975988
v 0.02756544 -0.11191869 -0.34872732
v 0.25116855 -0.03479587 -0.362378
v 0.000637 0.13682161 -0.16415061
v -0.00094498 0.13920717 -0.13757013
v -0.00229136 0.12559219 -0.03591431
v -0.00129063 0.12870596 -0.05495623
v -0.0014031 0.11631332 -0.0537243
v 0.00278652 0.13359815 -0.15333557
v 0.00394205 0.13435139 -0.17773403
v -0.00306613 0.10351496 -0.0145567
v -0.00265757 0.12220053 -0.02037781
v 0.00390022 0.13022555 -0.15505756
v 0.00261964 0.12878002 -0.12938325
v 0.1389889 -0.00283507 -0.261417
v 0.13616446 0.00017752 -0.26142907
v 0.01108555 -0.12098807 -0.3477543
v 0.11094585 -0.0374919 -0.18713495
v 0.11146732 -0.0372249 -0.18528217
v 0.01237443 -0.11952394 -0.38491228
v 0.01188899 -0.11817218 -0.38109738
v 0.01261323 -0.11885878 -0.38467765
v 0.01229606 -0.12425 -0.38335121
v 0.11082992 -0.03619013 -0.19169936
v 0.11069399 -0.03343809 -0.19124234
v 0.01204756 -0.12000337 -0.37809446
v 0.0123182 -0.11802793 -0.37225792
v 0.12646633 -0.008582 -0.26198998
v 0.1249461 -0.01144898 -0.26167277
v 0.12369847 -0.01147992 -0.26145676
v 0.12444936 -0.01210381 -0.26117268
v 0.12236234 -0.01209839 -0.26119378
v 0.12361391 -0.0137669 -0.26093036
v 0.00493739 0.13518274 -0.20295617
v 0.00590559 0.13043302 -0.19573714
v 0.00171699 0.13049021 -0.11097496
v 0.00175049 0.10584719 -0.11610018
v 0.0067177 0.13299191 -0.21530367
v 0.00569925 0.13627419 -0.22551598
v 0.00766098 0.13372488 -0.2365633
v 0.01407446 -0.11484767 -0.37748456
v 0.01452759 -0.11430179 -0.38006976
v 0.0123519 -0.11912487 -0.37800258
v 0.01210737 -0.11923577 -0.37783808
v 0.0124867 -0.11711128 -0.37306133
v 0.01088713 -0.117654 -0.34076074
v 0.01461822 -0.1144883 -0.37563923
v -0.00102806 -0.14050378 -0.16526324
v 0.006056 -0.13745493 -0.24421957
v 0.00517798 -0.13711196 -0.22551399
v -0.00273523 0.09529365 -0.02509299
v -0.00227843 -0.15847705 -0.0454891
v 0.01499235 -0.11402074 -0.34400314
v 0.014556 -0.11294949 -0.33881298
v 0.01650024 -0.11366154 -0.34835187
v 0.01462504 -0.11434101 -0.35099915
v 0.0131284 -0.11513075 -0.35123989
v 0.0139053 -0.11458564 -0.34693789
v 0.01343988 -0.11477789 -0.3471781
v 0.02440174 -0.1054924 -0.36719215
v 0.02429074 -0.09870367 -0.36598441
v 0.00929535 -0.12720345 -0.29063472
v 0.01556425 -0.11314593 -0.33297455
v 0.01552956 -0.11297412 -0.32828164
v 0.30881011 0.03460553 -0.34653509
v 0.31149977 0.02808242 -0.35302201
v 0.0246006 -0.09951643 -0.37739679
v -0.00046837 -0.14243147 -0.21515751
v 0.00645566 0.11393065 -0.20749123
v 0.0069715 0.11440473 -0.22152451
v 0.00755255 0.11002618 -0.20493607
v 0.01471406 -0.1132872 -0.33692962
v 0.01127394 -0.1154627 -0.33481067
v 0.01301986 -0.11318179 -0.32367375
v 0.00509313 0.10199039 -0.17429599
v 0.00423658 0.0932271 -0.15996036
v 0.00417866 0.11419174 -0.15916137
v 0.01285088 0.12911414 -0.37494126
v 0.01297381 0.12835976 -0.38403225
v 0.00950257 0.10770769 -0.20019375
v 0.01048777 0.10866585 -0.20588288
v -0.00216991 -0.15426789 -0.0616474
v 0.0090348 0.10650613 -0.19744384
v 0.00568543 0.10686957 -0.18638565
v 0.00709781 0.09800006 -0.17521372
v 0.02381453 -0.09437083 -0.35908088
v 0.01193626 0.11069642 -0.24624757
v 0.01455228 0.10977308 -0.24228568
v 0.00692678 0.0954543 -0.17065367
v 0.00658665 0.0941158 -0.16807847
v 0.01526411 0.10840248 -0.22065346
v 0.01366691 0.11008056 -0.22011852
v 0.01331014 0.11051591 -0.22165899
v 0.0146645 0.11064345 -0.22600192
v 0.01522393 0.10936709 -0.22263868
v 0.0109407 -0.11512706 -0.32250071
v 0.0130978 -0.1127092 -0.31590694
v 0.01459227 0.11094255 -0.23558515
v 0.01551212 0.11032835 -0.23663302
v 0.01381828 0.11061153 -0.28015926
v 0.01377266 0.11138028 -0.2828005
v 0.01719394 0.11084443 -0.25794131
v 0.01547559 0.11085703 -0.25899559
v 0.11279494 -0.01139988 -0.26981044
v 0.11306581 -0.009109 -0.27023864
v 0.01275707 -0.11323811 -0.31319851
v 0.01294426 -0.11300069 -0.30978251
v -0.00206392 -0.1603715 -0.10387902
v -0.00194658 -0.14926784 -0.08147513
v 0.01366794 0.12273602 -0.39663222
v -0.00291189 0.0556962 -0.01435695
v 0.28509763 0.04372172 -0.34538588
v 0.00652205 -0.13397713 -0.21913442
v 0.00604816 -0.12378791 -0.21193086
v 0.00560314 0.08183326 -0.15263277
v 0.24293056 -0.05161306 -0.25122374
v 0.01555104 0.11338017 -0.37984496
v 0.0238946 -0.09919679 -0.35343951
v 0.02385557 -0.08525581 -0.35340339
v 0.02521807 -0.0900248 -0.35035068
v 0.00490368 0.07507107 -0.14603308
v 0.00435357 0.07703774 -0.14789237
v 0.10957498 -0.01750642 -0.1815117
v 0.10992675 -0.02074327 -0.18182081
v 0.11002222 -0.02102948 -0.17731215
v 0.00405947 0.07178908 -0.14278199
v 0.00650866 -0.12314471 -0.22557566
v 0.31613967 0.03626611 -0.32399493
v 0.31508783 0.03693706 -0.32684121
v -0.00199688 0.04150008 -0.08194645
v -0.00200731 0.05163558 -0.07451153
v -0.00039682 0.06493905 -0.09534173
v 0.02421527 -0.08465481 -0.36095124
v 0.00386221 0.06637168 -0.13844612
v 0.00394267 0.07021655 -0.14150083
v 0.02202631 0.11107514 -0.35162231
v 0.0253205 0.10727135 -0.35124579
v 0.02425893 0.1109791 -0.34868452
v 0.00761164 -0.11737698 -0.26091179
v 0.00860137 -0.11330976 -0.2625871
v 0.00548262 -0.11217438 -0.19855744
v 0.15893084 0.02432843 -0.06074137
v 0.00341256 0.06243607 -0.13615569
v 0.00352953 0.06017803 -0.13512325
v 0.02482694 0.10253005 -0.3558957
v 0.02512971 0.10445667 -0.36076662
v 0.02540391 0.10725709 -0.37222528
v 0.02457995 0.10886447 -0.37170979
v 0.02534717 0.10857276 -0.38190371
v -0.00176091 -0.15502645 -0.12310437
v 0.00127612 0.05140644 -0.12675595
v 0.02433408 -0.09183746 -0.36808807
v 0.02450191 -0.08400244 -0.3673268
v 0.02449513 -0.08448514 -0.36877891
v 0.02496404 -0.08460752 -0.36236233
v 0.02806953 0.09918126 -0.34969813
v 0.02490462 0.09575773 -0.35231003
v 0.03215388 0.10961743 -0.34904006
v 0.03035773 0.11007669 -0.34878567
v 0.03229064 0.10825852 -0.34872746
v 0.02527105 -0.0841777 -0.37126011
v 0.0253425 -0.08329841 -0.36995646
v 0.0117829 -0.11142188 -0.25422814
v 0.01082361 -0.11165883 -0.25068527
v 0.01123266 -0.11147942 -0.24662556
v 0.01210429 -0.11127325 -0.24970138
v 0.12512378 0.01449041 -0.25883299
v 0.12363628 0.01233983 -0.25926504
v 0.01127531 -0.1108188 -0.2296661
v 0.01146717 -0.11125292 -0.23316292
v 0.00817957 -0.11222231 -0.23492181
v 0.11017679 -0.01255948 -0.17962651
v 0.10912208 -0.01002523 -0.17932317
v 0.03238042 0.0927886 -0.34952119
v 0.02908614 0.09094823 -0.34925646
v -0.00303642 0.03152931 -0.01724181
v 0.00054613 0.03026869 -0.04238239
v 0.00459946 0.03037861 -0.04470014
v 0.00248282 0.0299041 -0.04359993
v -0.00307594 0.01758773 -0.01726555
v 0.00655206 0.03030373 -0.04563285
v 0.02635774 0.08751313 -0.38912907
v -0.00189572 -0.13599551 -0.07558355
v -0.00287274 -0.00344123 -0.01377035
v -0.00266479 -0.14084439 -0.0206593
v -0.00248807 -0.12288546 -0.02807498
v -0.00242212 -0.14089836 -0.0384118
v 0.0048705 -0.12154932 -0.18242297
v 0.00481697 -0.10417227 -0.18050399
v 0.12314551 0.02316153 -0.25285587
v 0.12071779 0.02296993 -0.25260764
v 0.00821802 -0.10535555 -0.19087964
v 0.00397083 -0.11853649 -0.16214132
v 0.00068707 0.00003501 -0.11890898
v 0.03070923 0.02239502 -0.06469856
v 0.02921855 0.0241609 -0.06241412
v 0.02960609 0.02318327 -0.0634976
v -0.00213601 -0.0012067 -0.07655603
v -0.00143214 -0.00875936 -0.10174926
v 0.03288226 0.0254623 -0.05968632
v 0.03013058 0.02129519 -0.06641171
v 0.02936157 0.02141958 -0.06593652
v 0.10925403 0.00394545 -0.18111275
v 0.10875074 0.00816131 -0.18179518
v -0.00274612 -0.00861113 -0.07532056
v 0.03684879 0.02261062 -0.05178685
v 0.03699154 0.02291506 -0.04857738
v 0.03777066 0.02145333 -0.05374925
v 0.31962612 -0.04323236 -0.25038356
v -0.00098409 -0.02331982 -0.02818011
v -0.00310195 -0.02372286 -0.02540248
v -0.00090294 -0.02162262 -0.02615441
v 0.03480211 0.01907956 -0.02705339
v 0.03476541 0.01998011 -0.02850815
v 0.0362124 0.02086049 -0.03739967
v 0.03460243 0.01522458 -0.07007674
v 0.03416455 0.02012937 -0.06631482
v 0.29510659 0.05160908 -0.25824517
v 0.03491596 0.01192269 -0.02326195
v 0.03473058 0.01585571 -0.02444328
v 0.03489053 0.01689853 -0.02695925
v 0.03785721 0.01681422 -0.03252923
v 0.11614013 0.0226423 -0.25230813
v 0.11596088 0.02379815 -0.25084341
v 0.02991367 0.00956235 -0.07383249
v -0.00311114 -0.03007383 -0.05127893
v -0.00354795 -0.04348576 -0.04113667
v 0.03805797 0.00655807 -0.02702619
v 0.03805881 0.00993189 -0.06632607
v 0.03920469 0.01026799 -0.06521435
v 0.03862511 0.01242127 -0.06490457
v 0.0070342 -0.098029 -0.17438798
v 0.00635581 -0.0963973 -0.17253023
v 0.01137696 -0.02855513 -0.04993296
v 0.11160808 -0.03954986 -0.18833418
v 0.11149331 -0.03873054 -0.18671925
v 0.11192523 0.01836327 -0.2568942
v 0.11154605 0.02557865 -0.26011184
v 0.12366723 -0.02853103 -0.25267056
v 0.03733249 0.00029205 -0.02578927
v 0.03867073 -0.00127226 -0.02717438
v -0.00326779 -0.03959624 -0.06361109
v 0.0318956 -0.01026911 -0.02267137
v 0.0341702 -0.00868842 -0.02271529
v 0.00151388 -0.03673638 -0.12498076
v 0.00188079 -0.03917344 -0.12538494
v 0.00055461 -0.03144442 -0.12224026
v 0.03546969 -0.00116527 -0.06981501
v 0.03429381 -0.00959458 -0.07138062
v 0.11104139 0.03121347 -0.25550237
v 0.11087077 0.0326462 -0.25329894
v 0.11070947 0.03465364 -0.25132918
v 0.0012781 -0.11454751 -0.11495564
v -0.00342291 -0.0659028 -0.03221681
v -0.0026881 -0.04674742 -0.02428792
v 0.13025045 -0.02395978 -0.25671208
v 0.03021068 -0.02461509 -0.05784027
v 0.03403028 -0.01890109 -0.06500668
v 0.03154317 -0.02187949 -0.06193648
v 0.03651571 -0.018521 -0.05477188
v 0.03635629 -0.01956306 -0.04960707
v 0.00207156 -0.04914922 -0.12895462
v 0.11043721 0.03778125 -0.24670567
v 0.11073558 0.03584645 -0.24900313
v 0.11068649 0.03059651 -0.244785
v 0.29634246 0.05581725 -0.19742155
v 0.2959134 0.0538104 -0.21808448
v -0.00212557 -0.12332284 -0.04497963
v -0.00255719 -0.09798724 -0.0294099
v -0.00243688 -0.09342642 -0.04617071
v 0.24396257 -0.05058536 -0.26235005
v 0.24470434 -0.05082402 -0.2612367
v 0.10830831 0.0287514 -0.19701464
v 0.10905126 0.03848744 -0.19816972
v 0.10863078 0.03002513 -0.19776544
v 0.11015347 0.03509118 -0.23549275
v 0.10974225 0.03570299 -0.23052305
v 0.11000384 0.04134376 -0.23726614
v 0.38877112 0.12344784 -0.02429404
v 0.38274261 0.12491975 -0.02438291
v 0.38640016 0.12400174 -0.024226
v 0.00193475 -0.06177844 -0.13512164
v 0.10858502 0.03605905 -0.21326996
v 0.1090835 0.03565082 -0.21079731
v 0.1087903 0.0367718 -0.21483481
v 0.00079136 -0.14337175 -0.29229435
v 0.32186684 -0.04022473 -0.25881332
v 0.10916921 0.03678886 -0.21836084
v 0.00289075 -0.06600352 -0.13846992
v 0.32580534 0.03833105 -0.29049811
v 0.33746055 -0.02041616 -0.29951262
v 0.10968734 0.04277766 -0.2330157
v 0.10952915 0.04434621 -0.22532104
v 0.11005786 0.04362124 -0.23139878
v 0.29754177 0.05173207 -0.24682344
v 0.10973964 0.04381868 -0.21484283
v 0.29785323 0.05198293 -0.2465701
v 0.11108034 -0.03828851 -0.19684562
v 0.11105838 -0.03765648 -0.19305597
v 0.11124786 -0.0369029 -0.19622256
v 0.10969952 0.04214407 -0.20738217
v 0.10947538 0.03986948 -0.20004961
v 0.10923326 0.04079797 -0.20433272
v 0.2865712 0.05066299 -0.29378709
v 0.00338544 -0.07044584 -0.14325964
v 0.0033336 -0.07268322 -0.14397743
v 0.23863205 0.00446041 -0.38179901
v 0.10937422 0.03555482 -0.1934015
v 0.10987683 0.03651744 -0.19436127
v 0.10996071 0.04090267 -0.24051245
v 0.10822985 0.02199417 -0.18864571
v 0.10851252 0.02034202 -0.18749149
v 0.10923488 0.02418576 -0.1824235
v 0.10815578 0.02316599 -0.19024836
v 0.11053703 0.02270645 -0.18101183
v 0.10824776 0.01666249 -0.18494394
v 0.0061165 -0.09245238 -0.16579956
v 0.00716293 -0.09082886 -0.16444072
v 0.11498821 0.02950603 -0.24444661
v 0.11555711 0.02841911 -0.24651162
v 0.11020266 0.02048095 -0.17906837
v 0.11024144 0.01710972 -0.17760079
v 0.11118712 0.01931632 -0.17759234
v 0.13298488 -0.00377866 -0.26145965
v 0.13515723 -0.00637291 -0.26111913
v 0.13545601 -0.00432535 -0.26154757
v 0.13231218 -0.00387073 -0.26139891
v 0.13097258 -0.00636694 -0.26150507
v 0.13172692 -0.00815716 -0.2614713
v 0.00753924 -0.10246778 -0.18432745
v 0.00596044 -0.10089573 -0.17937072
v 0.00793302 -0.10112952 -0.18257214
v 0.0345401 -0.02432978 -0.0533195
v 0.03037172 -0.02595061 -0.05403816
v 0.03231694 -0.02549444 -0.05214733
v 0.03248379 -0.02610087 -0.05037979
v 0.11175576 0.0170374 -0.26426128
v 0.11168373 0.01642015 -0.26554638
v 0.03286222 -0.02480771 -0.04432191
v 0.03260912 -0.02468902 -0.0419828
v 0.03339577 -0.02380808 -0.0387398
v 0.12087574 0.02017351 -0.25512967
v -0.00215514 -0.13612029 -0.05768858
v 0.11256812 0.00918578 -0.26802391
v 0.11238909 0.00722795 -0.26727957
v 0.00148013 -0.04309275 -0.12623653
v 0.10930105 -0.00614979 -0.17897485
v 0.11010814 -0.00800239 -0.17309809
v 0.10875218 -0.00117746 -0.17919403
v 0.11109105 -0.00502852 -0.17256285
v 0.1113058 -0.00315009 -0.17260362
v 0.32594353 0.03757861 -0.29048353
v 0.12212331 0.0176695 -0.25712809
v 0.1195605 0.01275906 -0.25920269
v 0.12379485 0.01335723 -0.25900495
v 0.00106662 -0.12959246 -0.10747701
v 0.01047648 -0.11082823 -0.22053123
v 0.00205549 -0.13096979 -0.12562335
v 0.15929466 0.02936603 -0.06026306
v 0.15888588 0.03218222 -0.06034502
v 0.32410058 -0.04385189 -0.23154059
v 0.3252115 -0.04408145 -0.22703719
v 0.01296479 -0.11075675 -0.23549379
v 0.01315742 -0.11133259 -0.23768809
v 0.01113678 -0.11109991 -0.24012765
v 0.11128406 -0.01229179 -0.17333129
v 0.00017633 -0.0220548 -0.11985932
v 0.01284863 -0.11237083 -0.30293268
v 0.0054913 -0.13326168 -0.19513242
v 0.11007968 -0.02408429 -0.18397075
v 0.01508988 -0.1132898 -0.32487577
v 0.03457038 -0.00345177 -0.02078239
v 0.03488937 0.0082975 -0.02203661
v 0.0353655 0.01020945 -0.0680512
v 0.03428079 0.0058832 -0.07327716
v 0.03394544 0.00261528 -0.02035746
v 0.03403184 0.00641207 -0.0207053
v 0.13188514 0.00299592 -0.26191318
v 0.02459279 -0.10380398 -0.37229988
v 0.02474087 -0.09971363 -0.38678545
v 0.03815681 0.01428518 -0.06380505
v 0.03769456 0.01611886 -0.06259791
v 0.28907728 0.05263895 -0.25850683
v 0.28945208 0.05293644 -0.25604287
v 0.01266631 -0.11531582 -0.35175672
v 0.01441895 -0.11356203 -0.35204947
v 0.01451808 -0.11424091 -0.35355294
v 0.01458337 -0.11388404 -0.35553542
v 0.0146856 -0.11469167 -0.35457653
v 0.0145143 -0.11427977 -0.35758641
v 0.01246538 -0.11659936 -0.36148489
v 0.00068024 -0.01824071 -0.12031558
v 0.01199413 -0.11685487 -0.368067
v 0.0125259 -0.11690268 -0.36308253
v 0.0130781 -0.11596582 -0.36489567
v 0.11887065 -0.01677631 -0.25971237
v 0.12096913 -0.01456351 -0.26068714
v 0.00094421 -0.01430584 -0.11975978
v 0.01896828 -0.11270954 -0.34863752
v 0.01711787 -0.11319479 -0.34396896
v 0.0008209 -0.0081898 -0.11936051
v 0.03181544 -0.10523071 -0.34928709
v 0.02987625 -0.10958138 -0.34911072
v 0.02468672 -0.10532941 -0.37816858
v 0.02440252 -0.10591675 -0.38460979
v 0.02427776 -0.10879969 -0.3790738
v 0.02337333 -0.11048968 -0.37580696
v 0.02391635 -0.11002725 -0.37731925
v 0.11787772 -0.02311155 -0.25709364
v 0.27094841 0.04170626 -0.35863012
v 0.27051514 0.04203451 -0.35865894
v 0.12146101 -0.02042287 -0.25834242
v 0.3112219 0.03388438 -0.34378514
v 0.13442129 -0.00850427 -0.26126459
v 0.1361724 -0.00745502 -0.26092005
v 0.13786873 -0.01072575 -0.26098058
v 0.13768233 -0.00691603 -0.26131946
v 0.13924752 -0.0079274 -0.26191333
v 0.21484576 0.0626618 -0.18164034
v 0.13576812 -0.01262599 -0.26059842
v 0.11173625 -0.04287315 -0.20519982
v 0.11126247 -0.04441647 -0.20679088
v 0.1244209 -0.02690359 -0.25470191
v 0.00102886 0.01626889 -0.12039975
v 0.00112688 0.01417672 -0.11984953
v 0.00122598 0.01737277 -0.12031397
v 0.01212514 -0.13883866 -0.36979553
v 0.11336202 -0.05034047 -0.23535241
v 0.11341796 -0.04449906 -0.23110966
v 0.11195664 -0.05016354 -0.20276308
v 0.01693524 0.02824182 -0.05147702
v 0.01456055 0.02940051 -0.05175218
v 0.01669286 0.0288714 -0.05459176
v 0.11335129 -0.04381157 -0.23382854
v 0.1133035 -0.04262504 -0.23651762
v 0.11233547 -0.04589363 -0.21263348
v 0.11269761 -0.05173098 -0.21642502
v 0.11273812 -0.05164015 -0.21218918
v 0.11257308 -0.04629858 -0.21673021
v 0.11278036 -0.05118522 -0.22122452
v 0.24792635 -0.05109341 -0.25854275
v 0.2464204 -0.05044992 -0.25636601
v 0.2477812 -0.05106979 -0.25738493
v 0.12821604 -0.05615612 -0.06590568
v -0.0000797 0.02998998 -0.03923185
v -0.00206223 0.02993167 -0.03766244
v -0.00347054 0.03200642 -0.06390721
v 0.00036746 0.05750906 -0.11063554
v 0.00071232 0.0431944 -0.11740547
v 0.23563579 0.05684859 -0.24486217
v 0.02617454 0.10440528 -0.38577166
v 0.02628923 0.10509712 -0.38631448
v 0.02556602 0.1031319 -0.36970931
v 0.02473195 0.10855787 -0.36856413
v 0.23973735 0.0588369 -0.22311795
v 0.02608987 0.11077753 -0.34824878
v 0.23677631 0.05458083 -0.25573292
v 0.23316376 0.05281721 -0.24952441
v 0.01933909 0.11183766 -0.36072892
v 0.01701078 0.11224049 -0.36401615
v 0.23813047 0.06356577 -0.1777418
v 0.26148915 0.06082965 -0.18904541
v 0.00153575 0.06469352 -0.12555853
v 0.00331597 0.091745 -0.1435453
v -0.0018003 0.07327966 -0.06558632
v -0.00280918 0.05748431 -0.04863571
v -0.00271549 0.0739214 -0.0445027
v 0.0148538 0.11135896 -0.28377783
v 0.01430038 0.11175791 -0.28734326
v 0.24237669 0.05586334 -0.26361594
v 0.24329351 0.05410542 -0.27438524
v 0.24558415 0.05541778 -0.27131242
v 0.01474721 0.1113693 -0.28943425
v 0.0132638 0.1109639 -0.26816341
v 0.01517397 0.11061772 -0.26237309
v 0.24637 0.05524642 -0.27386791
v 0.24645834 0.05524163 -0.27184755
v 0.01348381 0.11094394 -0.24956672
v 0.24897225 0.05598128 -0.26223156
v 0.2476453 0.05520309 -0.26860988
v 0.00844212 0.11256361 -0.23729031
v 0.24900746 0.05546354 -0.27190962
v 0.0109377 0.10955624 -0.20904805
v 0.24212708 0.05028444 -0.27938077
v 0.01119064 0.10988393 -0.2165205
v 0.24254884 0.04356977 -0.2847876
v 0.25392193 0.05652425 -0.2474595
v 0.25132322 0.05600567 -0.25604227
v 0.25451785 0.05615185 -0.25702813
v 0.27790764 0.05925722 -0.19049971
v 0.00843018 0.12455224 -0.25057846
v 0.00856895 0.13412151 -0.25480008
v 0.25193387 0.04967993 -0.31365073
v 0.25309607 0.05302666 -0.30730334
v 0.25100321 0.04853926 -0.31281176
v 0.00509671 0.13098608 -0.17909202
v 0.00305805 0.11863967 -0.140026
v 0.26168218 0.05574653 -0.26633364
v 0.26638815 0.05764711 -0.21639337
v 0.26301455 0.05449335 -0.27484822
v 0.26186055 0.05399904 -0.282859
v 0.2653977 0.05444827 -0.26191556
v 0.26619819 0.05440634 -0.26208937
v 0.00726574 0.13654269 -0.25773826
v 0.26688087 0.05483554 -0.26113275
v 0.25320041 0.0463836 -0.34659001
v 0.27332604 0.0547903 -0.25350079
v -0.00184345 0.10134292 -0.0497304
v 0.00072002 0.12953046 -0.09134553
v 0.24954826 0.03234427 -0.31132832
v 0.256715 0.04034668 -0.36239776
v 0.27388006 0.05333065 -0.27937073
v 0.0020752 0.13831855 -0.22728162
v 0.00094077 0.13786249 -0.19824232
v 0.00071378 0.14110428 -0.23022151
v 0.27472705 0.0536904 -0.27391809
v 0.27598977 0.05281325 -0.27694529
v 0.27502999 0.05357761 -0.2789394
v 0.27634642 0.05276909 -0.27747744
v 0.24840939 0.02738204 -0.30945385
v 0.24829268 0.02200731 -0.30989093
v 0.24835747 0.0241469 -0.30973309
v -0.00266838 -0.16643687 -0.02419686
v -0.00251232 -0.16598991 -0.03520476
v 0.2527487 0.03117826 -0.37400359
v 0.26020953 0.03513118 -0.37078413
v 0.26875854 0.04723516 -0.34364453
v 0.28606105 0.053115 -0.25091788
v 0.2839984 0.05321476 -0.254062
v 0.28802818 0.05287046 -0.25287372
v 0.00002255 0.14204003 -0.1929459
v 0.00030162 0.14203453 -0.20980908
v 0.27071589 0.04473215 -0.35038969
v 0.24781217 0.0137062 -0.30866978
v 0.24811362 0.01727916 -0.30928209
v 0.23922628 0.0122636 -0.38079834
v 0.23881365 0.01004828 -0.38124874
v 0.23837715 0.01463194 -0.3801305
v 0.28343761 0.05058219 -0.29636443
v -0.00175824 0.14742452 -0.0694311
v 0.27147177 0.04373206 -0.35350713
v 0.27282035 0.03489476 -0.37171513
v 0.27944666 0.04697191 -0.33926842
v 0.28730974 0.0516002 -0.28692099
v -0.00085969 0.15019563 -0.14891858
v -0.00156563 0.1680484 -0.15662119
v 0.29913262 0.05162654 -0.25052348
v 0.3000637 0.04997797 -0.26404229
v 0.29418066 0.04946652 -0.29278797
v -0.00228074 0.15307297 -0.03935111
v -0.00241993 0.15968966 -0.02904391
v 0.30115286 0.05087384 -0.25555754
v 0.32314384 -0.04301096 -0.23945375
v 0.28224888 0.04253959 -0.3544485
v 0.28104725 0.04095678 -0.35591891
v 0.28337464 0.04098114 -0.35628292
v 0.28134313 0.04075207 -0.35797223
v 0.28387147 0.04097187 -0.35375118
v 0.28352356 0.04221962 -0.35203135
v 0.283719 0.04129507 -0.35407609
v -0.00308954 0.17580979 -0.01752801
v -0.00297413 0.17804326 -0.0277078
v 0.32252607 -0.04010532 -0.25895855
v 0.32552746 -0.03970616 -0.25693378
v 0.29558945 0.04720683 -0.30408847
v 0.29609197 0.04810252 -0.30259338
v 0.2943179 0.04822412 -0.3037501
v 0.28497919 0.0399524 -0.35571152
v 0.28473601 0.04086391 -0.35399839
v 0.286659 0.04093344 -0.35292232
v 0.29819494 0.04892885 -0.29886374
v 0.29731324 0.04855566 -0.30142438
v -0.00179141 0.17864399 -0.05028719
v 0.30174163 0.04971727 -0.26871857
v 0.30616531 0.04930255 -0.26219743
v 0.30790299 0.0490316 -0.2581107
v 0.30612829 0.04858987 -0.26068985
v 0.31506494 0.04843969 -0.23722374
v 0.24154142 -0.01259846 -0.3802478
v 0.24000585 -0.01162167 -0.38027561
v 0.24180566 -0.01376795 -0.37963384
v 0.29103214 0.03911827 -0.35605562
v 0.35367915 -0.00633078 -0.26275745
v 0.27044785 0.04369149 -0.35451785
v 0.26771548 0.04302509 -0.35571805
v 0.26767322 0.04449863 -0.35180208
v 0.31264785 0.04561672 -0.27965236
v 0.24961238 0.01486988 -0.30899659
v 0.31386766 0.04546817 -0.28066155
v 0.31733167 0.04345958 -0.28376284
v 0.27579501 0.00904537 -0.38439032
v 0.28217992 0.00581398 -0.38369656
v 0.27758813 0.0019323 -0.38442323
v 0.2501106 -0.03469587 -0.31092435
v 0.3262735 0.04393128 -0.24808298
v 0.32785487 0.04239567 -0.2556107
v 0.32975844 0.04310061 -0.24070799
v 0.24534015 -0.04108056 -0.29008108
v 0.24323753 -0.05009867 -0.26565763
v 0.25673088 -0.03669379 -0.35921276
v 0.30452824 0.02557342 -0.36508366
v 0.24472965 -0.05023295 -0.267037
v 0.24698168 -0.05125228 -0.26026934
v 0.24498953 -0.05057092 -0.26224732
v 0.2479974 -0.05113317 -0.26230559
v 0.24961965 -0.04816105 -0.28634882
v 0.25025371 -0.04783837 -0.29010439
v 0.24803281 -0.04808141 -0.28484344
v 0.33292225 0.04044515 -0.24849649
v 0.34515136 0.03517099 -0.21793053
v 0.33953032 0.03478069 -0.25503671
v 0.33401951 0.03657245 -0.27006334
v 0.25824305 -0.05161256 -0.2491201
v 0.26023677 -0.05180569 -0.24589854
v 0.34874386 0.03302009 -0.20520078
v 0.34536171 0.03966449 -0.18376982
v 0.24662912 -0.06771504 -0.15996514
v 0.26271132 -0.05595667 -0.20577621
v 0.2605702 -0.05536927 -0.21130998
v 0.27343985 -0.03385413 -0.36405534
v 0.26799342 -0.0356333 -0.36100093
v 0.27482691 -0.03279913 -0.36538929
v 0.27072293 -0.04961339 -0.26444426
v 0.26746517 -0.04935238 -0.26416335
v 0.27288175 -0.05152372 -0.24164423
v 0.26771423 -0.05190895 -0.23996156
v 0.35316628 0.02614531 -0.20979954
v 0.28023577 -0.05446331 -0.21051109
v 0.3485207 0.02484552 -0.25504678
v 0.2791585 -0.03527529 -0.35875592
v 0.28182867 -0.03400444 -0.35997558
v 0.2842156 -0.03294438 -0.36093378
v 0.28739589 0.05276655 -0.25689995
v 0.28821385 0.05308246 -0.2539703
v 0.28507563 -0.05226667 -0.22666347
v 0.28319278 -0.05048681 -0.25027078
v 0.28721547 -0.03073581 -0.36357155
v 0.28572565 -0.03211494 -0.3614732
v 0.28780812 -0.0332469 -0.35939926
v 0.2884129 -0.03087655 -0.36286709
v 0.26931298 -0.06160263 -0.17609222
v 0.33092374 0.01298644 -0.32669288
v 0.33869708 0.00871546 -0.31060758
v 0.29148236 -0.05342071 -0.21024695
v 0.27352062 -0.0664536 -0.16374353
v 0.30394009 -0.02429172 -0.3604458
v 0.30699453 -0.0189798 -0.36236414
v 0.29049298 -0.04656244 -0.26310444
v 0.28903097 -0.04922067 -0.26034069
v 0.28598416 -0.0529696 -0.21900572
v 0.29527935 -0.05048463 -0.23162164
v 0.35985944 0.01691058 -0.18797323
v 0.35390663 0.01452548 -0.24996479
v 0.35402867 0.01571528 -0.24747908
v 0.35407984 0.01228182 -0.25305966
v 0.35353857 0.01544089 -0.25010955
v 0.35568219 0.01449872 -0.23537837
v 0.30534923 -0.02956505 -0.34938395
v 0.30545196 -0.028935 -0.35116965
v 0.30388686 -0.02934551 -0.35054737
v 0.32603791 -0.01261822 -0.33418033
v 0.32621637 -0.01486544 -0.33195397
v 0.32787779 -0.01084833 -0.33104256
v 0.35650215 0.00909287 -0.23828712
v 0.35649016 0.00913155 -0.23878564
v 0.35748869 0.00655959 -0.2350045
v 0.35646179 0.00915271 -0.23928452
v 0.35632008 0.00752988 -0.24356805
v 0.323367 -0.01736536 -0.33488268
v 0.32400763 -0.01564447 -0.33567613
v 0.30722305 -0.04890641 -0.22837178
v 0.35379812 0.00196397 -0.26422292
v 0.31658906 -0.02639195 -0.33545578
v 0.30998722 -0.04679644 -0.24527699
v 0.30926597 -0.044967 -0.25505993
v 0.30896682 -0.04509587 -0.25472668
v 0.30946189 -0.04516281 -0.25600466
v 0.32263878 -0.02677548 -0.32264605
v 0.32267934 -0.02727311 -0.3206358
v 0.32399914 -0.02443906 -0.3221994
v 0.32355571 -0.02453039 -0.32364836
v 0.32517192 -0.02297227 -0.32151377
v 0.32556826 -0.02300372 -0.32346001
v 0.30983105 -0.04659423 -0.23707788
v 0.31210187 -0.04628758 -0.23933546
v 0.32472831 -0.02520906 -0.3192549
v 0.34344047 -0.01231637 -0.29456109
v 0.32475746 -0.04116685 -0.24889253
v 0.32312605 -0.04174589 -0.24963254
v 0.31198952 -0.04431024 -0.26043704
v 0.3571184 -0.00127661 -0.24399653
v 0.35650507 -0.00124569 -0.24896723
v 0.35611933 -0.00247985 -0.24915048
v 0.34913749 -0.00899502 -0.28018242
v 0.32398626 -0.0315191 -0.30249822
v 0.32398304 -0.03123532 -0.30463541
v 0.32331786 -0.03185284 -0.30260006
v 0.35624686 -0.00396011 -0.25058049
v 0.26431751 -0.12811072 -0.02614634
v 0.261361 -0.12757766 -0.02614455
v 0.33003435 -0.02671602 -0.30339196
v 0.34044138 -0.0130569 -0.30107793
v 0.34562001 -0.00932711 -0.29024759
v 0.32359275 -0.0417037 -0.25108504
v 0.32604921 -0.03967265 -0.25463709
v 0.35336009 -0.00535108 -0.26373795
v 0.34389377 -0.01208874 -0.29306445
v 0.34234479 -0.01837317 -0.28931597
v 0.34371328 -0.01330826 -0.29316938
v 0.11145473 -0.03503391 -0.18305211
v 0.33613926 -0.0234736 -0.29650208
v 0.33792257 -0.02104386 -0.2948865
v 0.00592977 -0.11317381 -0.21044779
v 0.34501839 -0.01911557 -0.27907586
v 0.33012658 -0.03873716 -0.24717237
v 0.32986823 -0.03888501 -0.24977534
v 0.3467463 -0.01800581 -0.27507401
v 0.34252203 -0.02472771 -0.27378282
v 0.34715569 -0.01826478 -0.27392679
v 0.33051339 -0.03852928 -0.24742511
v 0.33216456 -0.03637023 -0.25444666
v 0.33191732 -0.03748008 -0.25176141
v 0.35178927 -0.0184085 -0.25069514
v 0.3392472 -0.03080538 -0.25980109
v 0.33607706 -0.03304463 -0.26000506
v 0.33924311 -0.0312208 -0.25716195
v 0.33935711 -0.03120637 -0.25893179
v 0.33762977 -0.03139806 -0.2629475
v 0.33961099 -0.03054414 -0.2604734
v 0.33914974 -0.03105751 -0.2599889
v 0.35763001 -0.01901468 -0.20762531
v 0.34369126 -0.02763748 -0.25641283
v 0.35240027 -0.01783873 -0.24864836
v 0.34758571 -0.02497406 -0.24934825
v 0.34243572 -0.03105034 -0.24419439
v 0.33872724 -0.04021779 -0.21079642
v 0.3353689 -0.04370573 -0.20072944
v 0.35272887 -0.02570323 -0.21820027
v 0.35280901 -0.02710524 -0.21159063
v 0.34700295 -0.03743733 -0.19093499
v 0.32782093 0.02911019 -0.31575206
v 0.01250167 -0.13738641 -0.37355295
v 0.48839712 0.0671604 -0.03137461
v 0.48959678 0.06460591 -0.03330696
v 0.33916727 0.03815736 -0.23263064
v 0.33205557 0.04249666 -0.2331991
v 0.39248407 0.14655484 -0.0376651
v 0.39133361 0.14713448 -0.03719167
v 0.39023855 0.14799999 -0.03821883
v 0.13322543 -0.00065286 -0.2615431
v 0.13348073 -0.00294858 -0.2614122
v 0.13120693 -0.00887072 -0.26132312
v 0.02359354 -0.11052953 -0.37389269
v 0.02251968 -0.11177212 -0.36834136
v 0.48436642 -0.00360734 -0.0245969
v 0.48493129 0.00154802 -0.02510164
v 0.4847616 -0.00153776 -0.02476116
v 0.48329696 -0.0186805 -0.02510362
v 0.28284058 0.05406275 -0.25397831
v 0.2824423 0.05371852 -0.25112212
v 0.28093016 0.05377904 -0.25606319
v 0.26594695 0.04341247 -0.35519639
v 0.28172135 0.05525015 -0.23094565
v 0.26013824 -0.03738343 -0.35812217
v 0.28127405 0.05426668 -0.24647154
v 0.34852865 -0.02858144 -0.22917683
v -0.00190451 0.16316986 -0.09683083
v 0.34196728 -0.03125653 -0.24507844
v 0.34493363 -0.02569181 -0.25594923
v 0.34667817 -0.02378756 -0.25526333
v 0.34686285 -0.02422374 -0.25467986
v -0.00243674 0.14328323 -0.02280135
v 0.34359378 -0.02781048 -0.25335503
v 0.34344652 -0.02820955 -0.25247875
v 0.34827697 -0.020427 -0.26245418
v 0.35705534 -0.01499999 -0.2231885
v 0.34197694 -0.02513645 -0.27370894
v 0.33930886 -0.02649701 -0.27771232
v 0.33806294 -0.02761302 -0.27628064
v 0.33236721 -0.04414302 -0.2064739
v 0.33178163 -0.03606359 -0.26510003
v 0.33222276 -0.03400996 -0.26688564
v 0.33095124 -0.03564521 -0.26292267
v 0.33419386 -0.03400379 -0.26151359
v 0.33337343 -0.03474461 -0.26100788
v 0.33209032 -0.03483053 -0.26751027
v 0.32901809 -0.03672616 -0.26731431
v 0.34727266 -0.01765764 -0.27495655
v 0.33004132 -0.03742389 -0.26351908
v 0.33729732 -0.02547825 -0.28679892
v -0.00211373 0.11361245 -0.04162167
v 0.33615789 -0.02393965 -0.29523936
v 0.33544785 -0.02368442 -0.29351684
v 0.34942123 -0.00893722 -0.27938929
v 0.00166996 0.14173909 -0.28529668
v 0.45969808 0.07569116 -0.01943169
v 0.00302603 0.13876288 -0.29844919
v 0.00277195 0.13873197 -0.28761774
v 0.35574213 -0.00435649 -0.25023013
v 0.32869694 -0.02794252 -0.30424324
v 0.32866189 -0.02871096 -0.30011544
v 0.32730365 -0.02876891 -0.30461168
v 0.31971762 -0.0449119 -0.23505813
v 0.34946591 -0.00748815 -0.27984974
v 0.32602495 -0.02987602 -0.30475026
v 0.31464088 -0.04677096 -0.23156852
v 0.0077948 0.13724399 -0.29025427
v 0.32582328 -0.02602043 -0.31381261
v 0.32747832 -0.02624152 -0.31128249
v 0.32811296 -0.02416281 -0.31307706
v 0.32713699 -0.0263177 -0.31034318
v 0.3263154 -0.02737418 -0.31053481
v 0.34012055 -0.0121207 -0.30253565
v 0.31411183 -0.04565208 -0.24124068
v 0.31359392 -0.04653966 -0.23549488
v 0.32800648 -0.02092415 -0.31981683
v 0.31267348 -0.04640279 -0.23723708
v 0.305078 -0.04858607 -0.23388624
v 0.35459173 0.00028917 -0.25917733
v -0.00315744 0.07560049 -0.017527
v 0.24074724 0.0277924 -0.37424007
v 0.23803228 0.02284306 -0.37694076
v 0.30452845 -0.05092694 -0.21440388
v 0.35851145 0.00156224 -0.2300902
v 0.32781872 -0.01612597 -0.3270278
v 0.00780042 0.11624687 -0.24013115
v 0.28259537 0.05439199 -0.24364233
v 0.28303614 0.05422725 -0.24210596
v 0.0128841 0.13297895 -0.39649996
v 0.01316659 0.12861854 -0.39683118
v 0.30445036 -0.04603365 -0.25255594
v 0.30580312 -0.0466993 -0.24947433
v 0.32498705 -0.0136434 -0.33406124
v 0.32855889 -0.0098137 -0.33081493
v 0.01546736 0.11093373 -0.26787835
v 0.01396474 0.10737848 -0.24701256
v 0.31266811 -0.0274948 -0.34190774
v 0.31109795 -0.02794578 -0.34327012
v 0.44175822 0.12365716 -0.0362434
v 0.44397154 0.1225669 -0.03577168
v 0.32464954 -0.01346782 -0.33423492
v 0.01293322 0.12056666 -0.37158868
v 0.29530752 -0.05081464 -0.23023833
v 0.00227315 0.08692298 -0.12873346
v 0.01645011 0.11158399 -0.34658295
v -0.0025129 0.05279212 -0.05977276
v 0.3542501 0.01167221 -0.25282422
v 0.01637544 0.11215467 -0.37810796
v 0.01761256 0.11174349 -0.37571022
v 0.01609886 0.11272644 -0.3774859
v 0.0150751 0.11319972 -0.39127371
v 0.015822 0.11380883 -0.38967332
v 0.01911125 0.11188982 -0.37420729
v 0.01786738 0.11220308 -0.37257537
v 0.30616063 -0.02777024 -0.35205528
v 0.30888504 -0.02656695 -0.3520104
v -0.00322455 0.04501859 -0.02872759
v 0.00348844 0.06408244 -0.1367242
v 0.02269749 0.11086144 -0.37465084
v 0.02578706 0.10752293 -0.38268209
v 0.02588447 0.09854287 -0.38047844
v -0.00335812 0.04393937 -0.04392036
v 0.29463232 -0.0317429 -0.3532359
v 0.29509449 -0.0315184 -0.35542202
v 0.29416552 -0.03220926 -0.35507533
v 0.03443608 0.10505172 -0.34898531
v 0.03275973 0.10203087 -0.3492128
v 0.28586343 -0.0506914 -0.24970353
v 0.0135376 -0.11611995 -0.3713766
v 0.02603028 0.08655125 -0.38221484
v 0.23824421 0.02556845 -0.37507775
v 0.00210228 0.03968776 -0.12548862
v 0.00245638 0.04356873 -0.12712024
v 0.02516713 0.08743507 -0.3517684
v 0.0265754 0.08867029 -0.35023278
v 0.25833815 -0.03878 -0.35218665
v 0.2594234 -0.03915105 -0.35369807
v 0.25680834 -0.03819648 -0.35237592
v 0.25730833 -0.03824322 -0.35503766
v 0.25735411 -0.03851479 -0.35351217
v 0.02517452 0.08602403 -0.36505595
v -0.00314658 0.02518061 -0.02472792
v 0.00157764 0.03630254 -0.12406755
v 0.0024685 0.0385592 -0.12540509
v 0.02630375 0.09417675 -0.39312631
v 0.28562263 -0.04800284 -0.27180353
v 0.28395233 -0.04881153 -0.26882544
v 0.28565723 -0.04805137 -0.2686269
v 0.28466937 -0.04800387 -0.26752472
v 0.026884 0.08884957 -0.39271572
v 0.29042816 -0.03046709 -0.36188632
v 0.29253817 -0.03163341 -0.35921741
v 0.01362446 0.02941638 -0.04682114
v 0.01002035 0.03018799 -0.04581748
v 0.00997764 0.03018918 -0.04627961
v 0.01030619 0.02982138 -0.04398075
v 0.28271276 -0.05079568 -0.25321481
v 0.01130947 0.02879407 -0.04326892
v 0.01275531 0.03051366 -0.0503968
v -0.00127369 -0.0036537 -0.01689294
v 0.34426439 0.02776996 -0.26756239
v -0.0029433 -0.01336775 -0.01796682
v 0.0282163 0.02458464 -0.06215497
v 0.24980272 -0.06174748 -0.17464672
v 0.27233484 -0.04912916 -0.26291218
v 0.27389643 -0.04966654 -0.26210856
v 0.27441031 -0.04968502 -0.25636378
v 0.03346885 0.02772303 -0.04505039
v 0.0342348 0.02775007 -0.04679633
v 0.03440471 0.02734879 -0.04284224
v 0.27726403 -0.03551494 -0.35895124
v -0.00310782 -0.03187807 -0.01596327
v 0.03736146 0.01749384 -0.03374106
v 0.03755239 0.01926831 -0.03635883
v 0.27570167 0.05438801 -0.26134229
v 0.27625629 0.05446497 -0.25766164
v 0.27689567 0.05387305 -0.25735486
v 0.03786121 0.00843236 -0.02715983
v 0.00457717 -0.02895522 -0.04262468
v 0.00096355 -0.02437217 -0.12190326
v 0.00079925 -0.02252966 -0.12157871
v 0.26757702 -0.0520537 -0.23677692
v 0.26663256 -0.05305776 -0.23424067
v 0.03865206 0.00571906 -0.0680305
v 0.01499521 -0.02325349 -0.06276769
v 0.03902545 -0.00235033 -0.06748013
v 0.03814078 0.00090829 -0.06791985
v 0.03892941 -0.0057977 -0.02842028
v 0.26322538 -0.05196884 -0.24702209
v 0.26269451 -0.05131929 -0.24618988
v 0.26284003 -0.05159756 -0.24331096
v 0.27458489 0.05490308 -0.24731481
v 0.03924024 -0.00843594 -0.02911133
v 0.02648436 -0.02516696 -0.05725254
v 0.02315633 -0.02660359 -0.05442359
v 0.03954208 -0.011211 -0.03076408
v 0.03399659 -0.018643 -0.0294291
v 0.03079047 -0.02540238 -0.04641032
v 0.02994706 -0.02637635 -0.04960297
v 0.02966384 -0.02649358 -0.04838805
v 0.27278292 0.05389453 -0.26024821
v 0.03808475 -0.01987434 -0.05129889
v 0.03188266 -0.0258558 -0.04826959
v -0.0022235 -0.06200073 -0.06896169
v 0.342141 0.03061517 -0.26472825
v 0.33569765 0.03750518 -0.25589925
v 0.33374998 0.03813719 -0.26180646
v 0.25840101 -0.05153285 -0.25183654
v 0.25579754 -0.05111535 -0.25304574
v 0.25889826 -0.05156198 -0.25107431
v 0.32707855 0.03509386 -0.30096361
v -0.00041227 -0.04427825 -0.10778452
v 0.32725236 0.02536066 -0.32357797
v 0.00233374 -0.05743295 -0.13317849
v 0.00250645 -0.0594916 -0.13470897
v 0.0030187 -0.06223674 -0.1366206
v 0.00322783 -0.06423428 -0.13774714
v 0.25592884 -0.03721045 -0.35711992
v 0.25261921 -0.05112211 -0.25072181
v 0.31713027 0.03069666 -0.33782506
v 0.31830323 0.03214303 -0.33186936
v 0.31653929 0.03100764 -0.33758923
v 0.00354324 -0.07403369 -0.14474711
v 0.24498926 -0.05119601 -0.25781724
v 0.24715693 -0.0520901 -0.24923211
v 0.24261127 -0.0520584 -0.24880201
v 0.24444596 -0.05266327 -0.24407242
v 0.24855877 -0.04679622 -0.29208177
v 0.11007342 0.04283499 -0.2361249
v 0.25067267 -0.03965055 -0.31137371
v 0.24749941 -0.03731719 -0.35636887
v 0.11064438 0.03984123 -0.24425988
v 0.31941608 0.03789512 -0.31078365
v 0.31889191 0.03772263 -0.31201944
v 0.11030138 -0.03342561 -0.18447758
v 0.2653012 -0.00733906 -0.38375646
v 0.24644175 -0.03391856 -0.29713812
v 0.11133391 0.02814179 -0.25808552
v 0.11102106 0.02962078 -0.2561903
v -0.00138761 -0.12660563 -0.05996196
v 0.11035791 0.0089136 -0.17483263
v 0.11073248 0.01086332 -0.17460369
v 0.16115744 0.05231629 -0.06078402
v 0.10996323 0.00194669 -0.1732192
v 0.31076035 0.04342188 -0.30380875
v 0.31354073 0.04289657 -0.29988211
v 0.11215614 0.0139193 -0.26696789
v 0.11219637 0.01131104 -0.26812682
v 0.00854277 -0.10910026 -0.20562057
v 0.00797166 -0.10992178 -0.20696446
v 0.24541694 -0.02307715 -0.29714277
v 0.24877128 -0.01969402 -0.30938789
v -0.002451 -0.15235741 -0.02629676
v 0.30770355 0.04823754 -0.26761311
v 0.02529407 -0.08362728 -0.35711253
v 0.02428574 -0.08425754 -0.35798082
v 0.12530468 0.01498463 -0.25819626
v 0.29490265 0.03740389 -0.35460672
v 0.01099276 -0.11202974 -0.26082277
v 0.01085641 -0.11190985 -0.25718111
v 0.31358397 0.04759119 -0.25980183
v 0.01284953 -0.111286 -0.26333565
v 0.00647517 -0.12312356 -0.22507171
v 0.33824968 0.03143475 -0.27843368
v 0.33180058 -0.03895898 -0.24210779
v 0.33056483 -0.03906791 -0.24888508
v 0.01545469 -0.11293095 -0.32644674
v 0.11337816 -0.01764372 -0.26827341
v 0.11348281 -0.01537326 -0.26962414
v 0.11015065 -0.0265072 -0.18533914
v 0.35674551 -0.01000698 -0.23742658
v 0.34032869 -0.02456059 -0.28155789
v 0.01305906 -0.11458053 -0.34667513
v 0.01225352 -0.11572477 -0.35108328
v 0.03191948 -0.09430434 -0.35021445
v 0.03195871 -0.09808396 -0.34975511
v 0.34457105 -0.02002638 -0.27913642
v 0.02474609 -0.103006 -0.38580993
v 0.28836963 0.04097602 -0.35277945
v 0.28891882 0.04094009 -0.35126063
v 0.23854508 -0.00236193 -0.38166305
v 0.02015418 -0.11259581 -0.35149807
v 0.02162019 -0.11255544 -0.34889892
v 0.26149833 -0.05270309 -0.23889446
v 0.26334786 -0.0524314 -0.23852964
v 0.02062604 -0.11316551 -0.36129588
v 0.02047295 -0.11282663 -0.35917404
v 0.02184919 -0.11193683 -0.36576539
v 0.02451117 -0.11156888 -0.34987995
v 0.00773228 -0.13849105 -0.28370589
v 0.01229493 -0.1222107 -0.39078814
v 0.12834203 -0.013859 -0.26084033
v 0.15858284 0.00083933 -0.05974725
v 0.15855201 -0.00118698 -0.05966628
v 0.15823151 -0.00104449 -0.06076535
v 0.00619345 -0.14034247 -0.31876603
v 0.01207517 -0.1249373 -0.38103428
v 0.00003996 -0.1497834 -0.25911227
v 0.26449159 -0.03890213 -0.35436642
v 0.11229912 -0.04331376 -0.19234635
v 0.29835784 0.05190441 -0.24626808
v 0.13166997 -0.01492821 -0.26019898
v 0.14029065 -0.00546887 -0.26009232
v 0.12403233 -0.02432721 -0.25636369
v 0.29166052 0.05197597 -0.2682552
v 0.01205682 -0.13090062 -0.38218048
v 0.11291946 -0.04006203 -0.23882982
v 0.11210489 -0.04646515 -0.208856
v 0.11224093 -0.04506467 -0.21100767
v 0.1200403 -0.03485976 -0.24759461
v 0.11982992 -0.03555998 -0.24677277
v 0.13103104 -0.02278145 -0.25705281
v 0.13202381 -0.02098486 -0.25757521
v 0.13371649 -0.02006744 -0.25762102
v 0.24102308 0.03551665 -0.36628336
v 0.39818156 0.1458102 -0.03774168
v 0.11253969 -0.04652239 -0.21947642
v 0.13164929 -0.02433701 -0.25631338
v 0.13329309 -0.02211678 -0.25853452
v 0.11355621 -0.04535798 -0.246511
v 0.11358307 -0.04332839 -0.24980208
v 0.11381831 -0.04481813 -0.24920645
v 0.26274449 -0.05257682 -0.23456283
v 0.2862421 0.05263361 -0.26284125
v 0.28841227 0.05256324 -0.26055712
v 0.28733513 0.05274209 -0.25748765
v 0.13396789 0.00201528 -0.26161897
v 0.15859747 -0.01381273 -0.06049709
v 0.15894143 -0.02472148 -0.06036543
v 0.15868965 -0.01759395 -0.06009754
v 0.01391704 -0.11452484 -0.36081845
v 0.27327076 0.04742577 -0.33983943
v 0.32612327 0.02124884 -0.33132946
v 0.28353491 0.05283897 -0.26536965
v 0.28216881 0.05366265 -0.25612798
v 0.26861522 0.04542987 -0.34932655
v 0.26789236 0.0449774 -0.35098773
v 0.26216191 -0.05211344 -0.24702837
v 0.26355216 -0.05037018 -0.25140539
v 0.27694246 0.05211382 -0.29092294
v 0.27605063 0.05222025 -0.28703886
v 0.28074783 0.0535011 -0.26145259
v 0.27796537 0.05374863 -0.25722143
v 0.28072515 0.05399123 -0.25658196
v 0.15827009 -0.03387034 -0.06075895
v 0.24179977 0.0288201 -0.37355718
v 0.27758062 0.05501071 -0.24280791
v 0.27095208 0.05291847 -0.2896373
v 0.25911149 0.04690215 -0.34312725
v 0.27400887 0.05338347 -0.27388069
v 0.26999676 0.05396819 -0.26916251
v 0.26589724 0.05138486 -0.30185556
v 0.26518592 0.05286457 -0.29798943
v 0.26441488 0.05268025 -0.30100369
v 0.23882517 0.06101405 -0.19272292
v 0.26360649 0.05309639 -0.29290837
v 0.26367688 0.05248257 -0.29499388
v 0.26334772 0.05336158 -0.28950316
v 0.2621415 0.05261988 -0.29345292
v 0.26652566 0.05377215 -0.2820532
v 0.34067988 -0.02490038 -0.27821147
v 0.34118059 -0.02396988 -0.27917692
v 0.34121394 -0.02460572 -0.279044
v 0.26711765 0.05398466 -0.27068135
v 0.26629612 0.05449348 -0.2774083
v 0.24495447 0.04260095 -0.35432512
v 0.26396504 0.05552663 -0.26078016
v 0.26422378 0.0554432 -0.26027295
v 0.26258126 0.05456768 -0.26555771
v 0.26121742 0.05518729 -0.26120988
v 0.26045945 0.05548136 -0.26070544
v 0.25992906 0.05466036 -0.26568693
v 0.25429267 0.05278904 -0.30845171
v 0.25526324 0.05246568 -0.31227577
v 0.25588444 0.0527459 -0.3095656
v 0.25737962 0.05594548 -0.26045251
v 0.25458997 0.05593788 -0.25811878
v 0.25729516 0.05569458 -0.26108718
v 0.2520487 0.05307745 -0.30027527
v 0.2551302 0.05477946 -0.26902786
v 0.25503895 0.05436073 -0.27129796
v 0.25798434 0.05541918 -0.26047978
v 0.26204753 0.05397265 -0.28103068
v 0.25395226 0.05583949 -0.25790173
v 0.25123763 0.05610174 -0.2570149
v 0.25020441 0.05632068 -0.25640142
v 0.25881174 0.05165875 -0.29466194
v 0.26017436 0.0532536 -0.29387462
v 0.24686144 0.05449474 -0.26979762
v 0.24476308 0.04143977 -0.35745811
v 0.24764825 0.05462456 -0.27794519
v 0.24687919 0.05448878 -0.27297968
v 0.23850089 0.03167783 -0.36996967
v 0.23591405 0.03254502 -0.36911044
v 0.2707524 0.05376912 -0.27372882
v 0.26750055 0.05174645 -0.30194575
v 0.2617937 0.04422531 -0.35241634
v 0.28366533 0.05476472 -0.24301228
v 0.27570206 0.04598065 -0.34423983
v 0.27366158 0.04182814 -0.35837239
v 0.23780039 0.00900053 -0.38083136
v 0.23628549 0.00672989 -0.38082004
v 0.23682451 0.00503545 -0.38135627
v 0.27556011 0.0430882 -0.35507399
v 0.23978046 0.00260261 -0.38198045
v 0.29846206 0.05172918 -0.24506076
v 0.28127983 0.03940431 -0.3614639
v 0.22396164 0.06078624 -0.2009494
v 0.29994002 0.0515924 -0.24847537
v 0.23837718 0.00050592 -0.38169315
v 0.28614232 0.04071165 -0.35430837
v 0.2477109 0.00263341 -0.30852202
v 0.30114624 0.04889709 -0.28398597
v 0.30265796 0.04829946 -0.28096727
v 0.24840917 -0.00752438 -0.30969542
v 0.24196321 -0.01300416 -0.37975064
v 0.29689947 0.0374242 -0.35504609
v 0.23955724 -0.02517025 -0.37181497
v 0.26741105 -0.05187945 -0.24559212
v 0.11310403 -0.05274643 -0.22427382
v 0.3011438 0.0372233 -0.35154963
v 0.11348996 -0.0497991 -0.23828851
v 0.32586905 0.04252619 -0.25910571
v 0.30957898 0.0342088 -0.34370151
v 0.30934852 0.03408397 -0.3454808
v 0.11182475 -0.04571594 -0.21817283
v 0.24415188 -0.05213134 -0.2442015
v 0.12081511 -0.03499286 -0.24779807
v 0.31865755 0.03823547 -0.30947208
v 0.11181293 -0.04471679 -0.20928006
v 0.24983187 -0.03700705 -0.3574191
v 0.31386343 0.03432414 -0.33676842
v 0.31331623 0.03357092 -0.33987641
v 0.12334794 -0.02713146 -0.25425991
v 0.2493719 -0.03881118 -0.35272485
v 0.25154001 -0.03842621 -0.35470262
v 0.24866785 -0.03821082 -0.35432202
v 0.26795825 -0.05157176 -0.24916421
v 0.24912329 -0.04630801 -0.29449499
v 0.25289077 -0.05166124 -0.24951904
v 0.25676548 -0.03707873 -0.35639399
v 0.32221213 0.02523347 -0.33539802
v 0.34358522 0.03422357 -0.23369271
v 0.26468074 -0.0525653 -0.23755431
v 0.26037076 -0.05192248 -0.24495848
v 0.26016504 -0.05214379 -0.24593009
v 0.26031867 -0.0368593 -0.3583352
v 0.11404969 -0.03007038 -0.26408681
v 0.26235092 -0.05319733 -0.23405363
v 0.26254556 -0.05295095 -0.23301072
v 0.346883 0.03013061 -0.23761885
v 0.27105367 -0.03678387 -0.35842541
v 0.02258878 -0.11195807 -0.37045035
v 0.02208077 -0.11170879 -0.36566851
v 0.34415957 0.02942843 -0.25946674
v 0.34185055 0.03047519 -0.2655856
v 0.26793954 -0.05186012 -0.24376759
v 0.26851645 -0.05159074 -0.24267587
v 0.31913704 0.01867488 -0.34756577
v 0.12059032 -0.01896819 -0.25976968
v 0.02143117 -0.11240015 -0.35312134
v 0.32273638 0.0191948 -0.34031218
v 0.27859205 -0.03538964 -0.35890761
v 0.27732021 -0.03526157 -0.3594397
v 0.27286366 -0.04981575 -0.25748584
v 0.27121356 -0.04962812 -0.26728109
v 0.31282642 -0.01407872 -0.35794252
v 0.28755102 -0.0479461 -0.26038477
v 0.28649148 -0.0484516 -0.25920877
v 0.01384071 -0.11324569 -0.31798616
v 0.01355294 -0.11369593 -0.32049185
v 0.2974216 -0.03139278 -0.35544446
v 0.33813986 0.00348058 -0.31317142
v 0.29376301 -0.04756068 -0.26201579
v 0.293984 -0.04646508 -0.26321837
v 0.3413274 -0.02612404 -0.27117485
v 0.13069092 0.00842651 -0.26053512
v 0.01440711 -0.11262797 -0.30586526
v 0.29662549 -0.04910763 -0.24425344
v 0.35388434 0.01217011 -0.25253886
v 0.01242957 -0.11273817 -0.30036455
v 0.31206617 -0.02406158 -0.34826916
v 0.01222536 -0.11211502 -0.28576389
v 0.01274114 -0.11174177 -0.28697953
v 0.32025659 -0.0187391 -0.34058028
v 0.31465724 -0.02486482 -0.34138474
v 0.3060067 -0.04850799 -0.23108521
v 0.32084477 -0.02344172 -0.33121011
v 0.32198811 -0.02181222 -0.33202302
v 0.34973729 0.00670055 -0.28105626
v 0.31448412 -0.03207947 -0.32740176
v 0.31558523 -0.03149445 -0.32511887
v 0.31760192 -0.02954977 -0.32519466
v 0.31744978 -0.02923145 -0.32664591
v 0.31851366 -0.02858322 -0.32659385
v 0.13384658 0.01826493 -0.25567904
v 0.13316251 0.01752649 -0.25738406
v 0.13316157 0.01930815 -0.25510535
v 0.35593048 0.0031708 -0.24884027
v 0.35585478 0.00293581 -0.24964517
v 0.3555609 -0.00206119 -0.25457525
v 0.13233611 0.02020887 -0.25563881
v 0.01144889 -0.11167949 -0.25549039
v 0.10967062 -0.01463539 -0.18027514
v 0.35406378 -0.00164452 -0.25811377
v 0.32444742 -0.02746212 -0.31550574
v 0.32354611 -0.02691124 -0.31685421
v 0.31535113 -0.04178696 -0.2721355
v 0.00434032 -0.13116464 -0.16818622
v 0.01109918 -0.1104583 -0.2226312
v 0.01056036 -0.11022811 -0.2180953
v 0.11257396 0.00523137 -0.2693426
v 0.33503309 -0.02422827 -0.29524481
v -0.00318248 -0.12467308 -0.0118034
v 0.3281104 -0.04139433 -0.2365513
v 0.34512258 -0.01935234 -0.27821395
v 0.33315054 -0.03645519 -0.25455093
v 0.33624774 -0.02934524 -0.27598011
v 0.34139299 -0.02772078 -0.26548669
v 0.00920363 -0.10754805 -0.20050226
v 0.00877472 -0.10668354 -0.19572344
v 0.03074815 -0.09314041 -0.34994656
v 0.34193116 -0.03124396 -0.24407527
v 0.34316471 -0.0280845 -0.25395691
v 0.0092821 -0.10520994 -0.1927145
v 0.45959356 0.07696903 -0.02424556
v 0.11128407 0.00542002 -0.17367943
v 0.11177215 0.02368196 -0.26158965
v 0.11072967 0.02617709 -0.18346405
v 0.10878145 0.03204635 -0.20290382
v 0.1087605 0.03178661 -0.20066214
v 0.10874989 0.03383228 -0.20466907
v 0.10950788 0.03672706 -0.22696127
v 0.10941494 0.04310998 -0.21218032
v 0.33687404 -0.03663037 -0.23877881
v 0.25627071 0.0546056 -0.26742166
v 0.2573753 0.05487296 -0.26907769
v 0.25670385 0.05502272 -0.27041683
v -0.00273414 -0.08050773 -0.03160594
v 0.35194746 -0.01789434 -0.25043121
v 0.39543465 -0.02976448 -0.38968539
v 0.25301787 0.0523488 -0.30405116
v 0.03457407 -0.02174241 -0.03608297
v 0.03811916 -0.0145982 -0.05990935
v 0.03823148 -0.01633016 -0.05797482
v 0.0269307 -0.02511422 -0.05741497
v 0.02624071 -0.02610588 -0.05492127
v 0.02828573 -0.02599397 -0.05515897
v 0.03305327 -0.0071774 -0.02151389
v 0.03422019 -0.00563879 -0.02133457
v 0.00152572 -0.03038366 -0.12258887
v 0.00112757 -0.02809361 -0.12199203
v 0.48374125 -0.01486671 -0.02485763
v 0.48453802 -0.00750006 -0.02493377
v 0.48399228 -0.012296 -0.02486629
v -0.00131955 -0.02428816 -0.03091109
v 0.34154758 -0.02795192 -0.26334918
v -0.00272259 0.00899818 -0.07543213
v 0.00116605 0.02341213 -0.12092745
v 0.00182065 0.02593849 -0.1216295
v -0.00343034 0.02201197 -0.07710778
v 0.03371623 0.09429752 -0.34935883
v 0.03317197 0.09571661 -0.3494201
v 0.02484721 0.08616894 -0.36181146
v -0.00243082 0.02614895 -0.02956049
v -0.00254205 0.02780712 -0.03274783
v -0.00070234 0.04995513 -0.09720707
v 0.00232 0.0466052 -0.12783721
v -0.00305072 0.02884558 -0.03538652
v 0.00227196 0.05094319 -0.12954336
v 0.00276488 0.04908914 -0.12934554
v 0.02519895 0.10775065 -0.371604
v 0.25107285 0.05329885 -0.29652143
v 0.25150651 0.0532815 -0.29517755
v -0.00347168 0.06527726 -0.0332375
v 0.01503244 0.10722758 -0.25447473
v 0.00726944 0.10059284 -0.17985927
v 0.00784207 0.09974577 -0.17893857
v 0.01166386 0.11059947 -0.22863752
v -0.00275893 0.08325613 -0.03079903
v -0.00238463 0.09205309 -0.04120582
v -0.00047864 0.12822001 -0.06801598
v 0.00173333 0.13882129 -0.24788068
v -0.00255258 0.1088597 -0.02946215
v 0.00617495 0.13685404 -0.24504283
v 0.01293072 0.1104534 -0.22654453
v 0.0134645 0.10971893 -0.21674342
v 0.01408837 0.10877798 -0.24423806
v 0.00477314 0.07997764 -0.15023392
v 0.01434902 0.11672928 -0.39587447
v 0.0133677 0.11942741 -0.39635614
v -0.00233019 0.13670662 -0.03280303
v 0.01964545 0.11137561 -0.35988826
v 0.02199822 0.11057437 -0.37748936
v 0.02312432 0.1109504 -0.37870955
v 0.02589784 0.10791423 -0.38595024
v 0.02617704 0.10551754 -0.3858481
v 0.02606248 0.10488983 -0.38587734
v 0.02620769 0.10580413 -0.38644573
v 0.02623827 0.09795813 -0.39422351
v -0.00257756 0.02510037 -0.02746654
v -0.00251212 0.02272766 -0.0252375
v 0.0027013 0.0417903 -0.12632462
v -0.00252742 0.01774714 -0.02158823
v -0.00216107 0.01932219 -0.02271814
v -0.00270719 0.02114128 -0.02483113
v -0.0027141 0.01686544 -0.01997417
v -0.00291475 0.01572961 -0.01847861
v -0.00298227 0.01560599 -0.01798187
v -0.00212237 0.01191273 -0.01859868
v -0.00193961 0.01459369 -0.01972244
v 0.00842767 0.03020626 -0.04538088
v 0.0017985 0.02848245 -0.12252037
v -0.00188285 0.00926315 -0.01839077
v 0.00104361 0.02014768 -0.12048546
v 0.01884142 0.0286177 -0.0548101
v -0.00132495 -0.00811742 -0.01826727
v 0.00123161 0.00628196 -0.11911073
v -0.00012519 0.00263802 -0.11976946
v 0.03383816 0.02199525 -0.02984691
v 0.0344074 0.02350158 -0.03253381
v 0.00088212 -0.00598191 -0.11907437
v 0.00106463 -0.02025975 -0.1209515
v 0.00081395 -0.02168279 -0.12150005
v 0.14167501 0.15199062 -0.39670354
v 0.03785529 0.00371192 -0.06787132
v 0.03895479 0.00211387 -0.0677223
v 0.00204222 -0.0322575 -0.12352176
v 0.03733315 -0.0045137 -0.06750395
v 0.01996916 -0.02692254 -0.05386832
v 0.03892351 -0.0062022 -0.06596673
v 0.03936337 -0.0145608 -0.0340338
v 0.03927001 -0.01555595 -0.03655572
v 0.03851296 -0.01740003 -0.03844087
v -0.00317067 -0.09850276 -0.01256704
v 0.00414421 -0.08111024 -0.15172403
v 0.00491055 -0.07932195 -0.15072043
v 0.00487941 -0.08582375 -0.15743931
v 0.00465447 -0.08765156 -0.15915114
v 0.00546556 -0.08906733 -0.16142312
v 0.11168983 0.03257259 -0.23944074
v 0.10858728 0.01755238 -0.18671946
v 0.1092637 0.01072162 -0.18304835
v 0.11050061 0.00079109 -0.17206801
v 0.00938327 -0.10863657 -0.20398143
v 0.02591674 -0.08451881 -0.35049248
v 0.02576582 -0.08366078 -0.37450832
v 0.34449452 -0.02698484 -0.25442401
v 0.11328272 -0.01979961 -0.26731715
v 0.01327518 -0.11440928 -0.34299898
v 0.01323505 -0.1155409 -0.36958227
v 0.01419873 -0.11448081 -0.37023458
v 0.13544457 0.00251508 -0.26073784
v 0.01275229 -0.11812798 -0.38535377
v 0.01348345 -0.11542758 -0.38730955
v 0.01284382 -0.11764295 -0.38997176
v 0.02310286 -0.11230419 -0.34859926
v 0.03254478 -0.1034015 -0.34991691
v 0.02224336 -0.11291382 -0.36953306
v 0.12346455 -0.01411888 -0.26018894
v 0.11124782 -0.04011272 -0.1989737
v 0.01221837 -0.1273194 -0.38446301
v 0.01210184 -0.1278899 -0.38569939
v 0.11227713 -0.04452366 -0.19432606
v 0.1114568 -0.04166662 -0.20167562
v 0.03123755 -0.09124816 -0.34955263
v 0.12731098 -0.01919448 -0.25880656
v 0.12647755 -0.02038257 -0.2575635
v 0.01165269 -0.13826638 -0.38278505
v 0.01205207 -0.13822465 -0.37843835
v 0.11374453 -0.04273602 -0.25126263
v 0.11357488 -0.04104376 -0.25242159
v 0.12804438 -0.02731768 -0.25404462
v 0.12929381 -0.02903519 -0.25311422
v 0.1128488 -0.05283116 -0.21942556
v 0.34610417 -0.0285483 -0.24078892
v 0.1578712 -0.0572619 -0.04835894
v 0.1110239 -0.02088542 -0.175529
v 0.25143772 0.05244799 -0.29772779
v 0.2824218 -0.04984007 -0.25361416
v 0.28194532 -0.04958367 -0.25727585
v 0.25523302 0.05423463 -0.28523993
v 0.26407036 0.05544455 -0.25879395
v 0.25036037 0.0460429 -0.31236213
v 0.24967071 0.04069033 -0.31170362
v 0.25026795 0.04187915 -0.31267279
v 0.23920844 0.03609043 -0.36459342
v 0.24039085 0.03466748 -0.36610594
v 0.2410274 0.03475843 -0.3676838
v 0.26865706 0.05463368 -0.26915798
v 0.277567 0.05448359 -0.25741932
v 0.28240633 0.05412797 -0.24711052
v 0.28364882 0.05343961 -0.25162596
v 0.28366598 0.05278707 -0.26477069
v 0.24823652 0.01052332 -0.30901721
v 0.27679366 0.04584409 -0.34336197
v 0.27686033 0.04162312 -0.35826844
v 0.29951188 0.05186662 -0.24903202
v 0.28128964 -0.04761098 -0.26686344
v 0.28123406 -0.04827766 -0.26968965
v 0.27955484 0.04106701 -0.35784361
v 0.01214158 -0.11258017 -0.29493746
v 0.24779193 -0.000324 -0.30867225
v 0.30170497 0.04849495 -0.28482687
v 0.28939593 0.03955046 -0.35516927
v 0.28931019 0.03905125 -0.35695255
v 0.30663189 0.04446963 -0.30157113
v 0.30607772 0.04652188 -0.30404747
v 0.29851097 0.03680383 -0.35384834
v 0.31480438 0.04358311 -0.28822154
v 0.24328779 -0.05171745 -0.24975298
v 0.25010452 -0.03629685 -0.31206241
v 0.25065994 -0.03753433 -0.31229818
v 0.24437362 -0.0522948 -0.24492539
v 0.24785502 -0.04866889 -0.28176901
v 0.24696463 -0.04877296 -0.27915066
v 0.24451996 -0.05237139 -0.24529542
v 0.25239259 -0.04351682 -0.31148016
v 0.25099382 -0.04161363 -0.31158924
v 0.34455791 -0.02869201 -0.2487907
v 0.25464132 -0.05146201 -0.25111747
v 0.34458387 -0.02881893 -0.24958639
v 0.33447871 -0.03255017 -0.27014908
v 0.26371574 -0.03952618 -0.35211611
v 0.2610184 -0.04035415 -0.35233545
v 0.26210618 -0.05130713 -0.25731939
v 0.25996462 -0.05089368 -0.25646886
v 0.33642745 -0.02759961 -0.28407416
v 0.33608159 -0.02744051 -0.2823199
v 0.33759388 -0.02598761 -0.28290302
v 0.33032057 -0.03811431 -0.24750708
v 0.26734698 -0.05231201 -0.23727688
v 0.32739139 -0.04185797 -0.23666139
v 0.33746836 0.02753575 -0.29299536
v 0.01165422 -0.11283492 -0.29237351
v 0.32091665 -0.04461767 -0.23548453
v 0.31963372 -0.04477389 -0.23808758
v 0.47144437 0.09589482 -0.03206542
v 0.47026557 0.09728783 -0.03291173
v 0.3193756 -0.03989702 -0.2711584
v 0.27895641 -0.05014808 -0.25561407
v 0.28297499 -0.04889112 -0.25901347
v 0.28326553 -0.04902519 -0.26565704
v 0.28150615 -0.04870449 -0.26571825
v 0.31285587 -0.04209772 -0.27007622
v 0.28987396 -0.03047874 -0.36318535
v 0.3230522 -0.02623712 -0.31919008
v 0.4442929 0.09386108 -0.02406327
v 0.2872656 -0.04757624 -0.27268046
v 0.2871452 -0.04733243 -0.26925835
v 0.28375334 -0.04622903 -0.27315235
v 0.31141889 -0.0421191 -0.26986569
v 0.30901402 -0.04151919 -0.26860085
v 0.30929574 -0.04437375 -0.26222467
v 0.30943918 -0.0430862 -0.25997412
v 0.31077561 -0.04400168 -0.26143473
v 0.30939767 -0.04434686 -0.25928462
v 0.30723691 -0.04908136 -0.22864993
v 0.30398419 -0.04564411 -0.25554892
v 0.30524629 -0.02386682 -0.35976771
v 0.31222203 -0.02780302 -0.34121659
v 0.29695889 -0.04916253 -0.24176259
v 0.30678707 -0.0284236 -0.34924975
v 0.44891232 0.0895594 -0.02432395
v 0.30906346 -0.02504695 -0.35242939
v 0.30512729 -0.04570461 -0.25827697
v 0.30732805 -0.0448457 -0.25968936
v 0.2966854 -0.04837332 -0.24973667
v 0.32472479 -0.01810175 -0.33185667
v 0.31331348 -0.04632208 -0.23780881
v 0.29861167 -0.03172115 -0.35346654
v 0.29743144 -0.03258291 -0.35268697
v 0.29802382 -0.03145262 -0.35116458
v 0.29706198 -0.03243354 -0.35038018
v 0.29723892 -0.03203448 -0.35432771
v 0.29903188 -0.03042055 -0.35370097
v 0.29022461 -0.04951776 -0.25063542
v 0.32795617 -0.0274346 -0.30572429
v 0.28983799 -0.05101649 -0.23164219
v 0.32862499 -0.03001906 -0.29566804
v 0.32878014 -0.03071636 -0.29411647
v 0.32932979 -0.02994149 -0.29626125
v 0.35276356 -0.01161561 -0.2611604
v 0.32891709 -0.03535804 -0.27100947
v 0.32771879 -0.03667338 -0.26952872
v 0.32987782 -0.0417068 -0.2298446
v 0.34098506 -0.0282699 -0.26418453
v 0.26448309 -0.05255762 -0.23932448
v 0.26418853 -0.05241285 -0.23808159
v 0.30833688 0.02128928 -0.36335871
v 0.25387412 -0.03926482 -0.3530398
v 0.25223112 -0.0442409 -0.30976319
v 0.01445369 -0.11096463 -0.27765259
v 0.01328295 -0.11191668 -0.28075591
v 0.2463761 -0.0489911 -0.27721962
v 0.24519745 -0.04907098 -0.27461761
v 0.31457773 0.03616197 -0.32872283
v 0.31819072 0.0371173 -0.31672797
v 0.31391549 0.03557305 -0.33166939
v 0.31451899 0.0351661 -0.33296481
v 0.31186914 0.03443007 -0.34072047
v 0.31766698 0.03944995 -0.31196013
v 0.39492628 -0.03489553 -0.38982576
v 0.24974027 -0.02414477 -0.30993465
v 0.29924387 0.03622531 -0.35161564
v 0.30190495 0.05027805 -0.26182309
v 0.28090766 0.04336914 -0.35041916
v 0.28396636 0.04458998 -0.34005928
v 0.2393705 0.01602128 -0.37989342
v 0.24864362 0.02009346 -0.30979961
v 0.28107136 0.05543095 -0.23090653
v 0.23943508 0.030728 -0.3714357
v 0.26490054 0.05333311 -0.28895459
v 0.23884226 0.02947726 -0.37207466
v 0.25382695 0.05110882 -0.31410992
v 0.3730247 0.15244988 -0.03709312
v 0.00822519 0.10259812 -0.18456662
v 0.00803725 0.10401261 -0.18804407
v 0.01372564 0.11133536 -0.27432606
v 0.01437044 0.11135098 -0.27629182
v 0.01459451 0.11350813 -0.38335329
v 0.00477868 0.07846543 -0.1488483
v 0.01734834 0.11191422 -0.36730212
v 0.01797667 0.11324853 -0.36926574
v 0.01602467 0.11251804 -0.36995643
v 0.02809183 0.11104518 -0.34891185
v 0.02498629 0.10622594 -0.39074713
v 0.0250535 0.0856075 -0.35835254
v 0.02510637 0.08574925 -0.35611165
v 0.13100605 0.01373755 -0.25915453
v 0.00153607 0.03182172 -0.1227963
v 0.00231874 0.03456195 -0.12424102
v -0.00265022 0.019155 -0.07058849
v 0.01458708 0.02960743 -0.04865771
v 0.01360845 0.02980095 -0.0474082
v 0.02177726 0.02829402 -0.05532255
v -0.00096123 -0.01121861 -0.01950772
v -0.00066448 -0.01533744 -0.02069326
v 0.03286321 0.02917441 -0.0506114
v 0.0326158 0.02774349 -0.05248233
v -0.00088527 -0.01901139 -0.02394108
v -0.00061511 -0.01690194 -0.02262745
v 0.03427072 0.02467426 -0.03384231
v 0.03398474 0.02581882 -0.03712442
v 0.03488946 0.02526108 -0.04001943
v 0.03742255 0.01995926 -0.03777044
v 0.03352531 0.01295127 -0.02358181
v 0.03433908 0.01056574 -0.02182358
v 0.00083566 -0.02827785 -0.04002073
v 0.00135196 -0.02868194 -0.04042235
v 0.14998773 0.15134184 -0.39704108
v 0.0320456 -0.01642225 -0.02611391
v 0.113772 -0.04859998 -0.23979315
v 0.11374818 -0.03924393 -0.25529322
v -0.00270603 -0.10823292 -0.0217241
v 0.01253474 -0.12788188 -0.38832816
v 0.10907382 0.04520775 -0.21981664
v 0.10999767 0.03535279 -0.23370256
v 0.12176101 -0.01922869 -0.25897172
v 0.03157624 -0.10680208 -0.34935367
v 0.11065227 0.01494345 -0.17657144
v 0.02111152 -0.11205249 -0.35569555
v 0.11037008 -0.0325159 -0.1902404
v 0.11160045 0.01306454 -0.17542584
v 0.10855939 0.01366711 -0.18358481
v 0.11552832 0.0256236 -0.24985743
v 0.11183427 0.02171685 -0.26378107
v 0.16128412 0.05472742 -0.05817597
v 0.16054817 0.05379097 -0.05928967
v 0.29245055 -0.04873376 -0.25116622
v 0.00792425 -0.10342941 -0.1867315
v 0.16079213 0.04359073 -0.06171691
v 0.15990314 0.03751895 -0.06086857
v 0.11223568 -0.00617785 -0.17242619
v 0.1194414 0.01223535 -0.25896668
v 0.11271191 0.00168199 -0.27056855
v 0.01159114 -0.11063685 -0.22381835
v 0.01189521 -0.11096704 -0.22727951
v 0.13044719 0.02162677 -0.25472718
v 0.1130368 -0.00292377 -0.26943886
v 0.11292646 -0.00088466 -0.27037564
v 0.01362981 -0.11267011 -0.30843425
v 0.01433792 -0.11205038 -0.30779961
v 0.00649273 -0.12316036 -0.22532526
v 0.02901681 -0.08771035 -0.34960821
v 0.02548064 -0.08361283 -0.36480409
v 0.01132153 -0.1091919 -0.26468799
v 0.0119367 -0.10761832 -0.26943907
v 0.01260724 -0.10756113 -0.2675665
v 0.02595813 -0.08514219 -0.35917285
v 0.11125514 -0.03032882 -0.17922316
v 0.02684236 -0.0834258 -0.35678062
v 0.02546272 -0.08371271 -0.35483557
v 0.02563493 -0.08351909 -0.35346869
v 0.02463675 -0.10221196 -0.38745704
v 0.01359231 -0.1157876 -0.39294362
v 0.01921131 -0.11389954 -0.35724154
v 0.11323255 -0.02690081 -0.26535341
v 0.01194445 -0.12352843 -0.39026195
v 0.01223639 -0.13686596 -0.37662205
v 0.01104459 -0.13976108 -0.38121405
v 0.11303464 -0.04713399 -0.24538852
v 0.00608225 -0.09940322 -0.17702404
v 0.11070927 0.03578087 -0.25078338
v 0.10948882 0.03696829 -0.22417797
v 0.10956369 0.03735439 -0.19586033
v 0.24082275 0.0590324 -0.22278936
v 0.25122732 0.05616602 -0.2567156
v 0.25578868 0.05201726 -0.31383193
v 0.23874661 0.03636122 -0.36290461
v 0.24966022 0.03733788 -0.3118808
v 0.03210782 -0.02600186 -0.04954647
v 0.03148901 -0.02445821 -0.04038169
v 0.27016106 0.05265589 -0.29458994
v 0.03298705 -0.02092307 -0.03215924
v 0.0327826 -0.02003435 -0.03039055
v 0.03204782 -0.01469614 -0.02479246
v 0.23731028 0.01802465 -0.37911484
v 0.03264508 -0.0131496 -0.02452763
v 0.04033636 -0.00106439 -0.06771656
v 0.14523312 0.15137756 -0.3967396
v 0.03837773 0.0004302 -0.02675548
v 0.00955612 -0.0288713 -0.04842377
v 0.00764452 -0.02865479 -0.04695893
v 0.00652535 -0.02897059 -0.04485246
v 0.28296632 0.04525788 -0.34149519
v 0.03749952 0.017852 -0.06053245
v 0.0348658 0.02642374 -0.04085173
v 0.29263359 0.03882169 -0.35535428
v 0.23905587 -0.01696697 -0.37812233
v 0.23852 -0.02178283 -0.37498611
v 0.23829439 -0.02015326 -0.37567401
v 0.31430912 0.03622298 -0.32478249
v 0.30546638 -0.0300743 -0.3457545
v 0.30678624 -0.03050582 -0.34566545
v 0.24560314 -0.03543071 -0.35620233
v 0.24664135 -0.05230786 -0.24939001
v 0.24664162 -0.05147365 -0.25236523
v 0.2507692 -0.04653808 -0.29600695
v 0.02641898 0.08697931 -0.3779915
v 0.02563382 0.08607706 -0.37633321
v 0.02550422 0.08616181 -0.35318106
v 0.02589623 0.08519885 -0.35520887
v 0.25265247 -0.05165673 -0.25060311
v 0.25813976 -0.05164609 -0.25033379
v 0.03396497 0.1000509 -0.35009807
v 0.03328761 0.09739589 -0.34954232
v 0.25859413 -0.05292397 -0.24002007
v 0.3417899 0.03085541 -0.26532102
v 0.02615484 0.10390843 -0.39460617
v 0.26769024 -0.0370268 -0.35658079
v 0.28013605 -0.03561328 -0.35751849
v 0.28929281 -0.0340064 -0.35565862
v 0.28849989 -0.0346626 -0.35442802
v 0.28938466 -0.03479047 -0.35346866
v 0.29059014 -0.03339508 -0.35535461
v 0.28942272 -0.03309055 -0.35776842
v 0.30171776 -0.02662268 -0.35962594
v 0.44707161 0.09166423 -0.02446707
v 0.30705956 -0.02561192 -0.35557228
v 0.30526319 -0.02451794 -0.35800421
v 0.00638799 0.08919933 -0.16169643
v 0.01398566 0.1111294 -0.27852017
v 0.01329783 0.11124247 -0.27158436
v 0.31659538 -0.02078097 -0.34476379
v 0.3092235 -0.03008654 -0.34299788
v 0.30992261 -0.02786143 -0.34475452
v 0.30837798 -0.0293067 -0.34483415
v 0.31650656 -0.0211901 -0.344623
v 0.35649601 0.00911673 -0.23853612
v 0.35647482 0.00914715 -0.23903468
v 0.31399632 -0.02519953 -0.34341809
v 0.00839885 0.10608589 -0.19519709
v 0.00800627 0.10514144 -0.19092497
v 0.32471105 -0.02027042 -0.32795823
v 0.32454348 -0.0208304 -0.32746398
v 0.32364032 -0.02007216 -0.33120736
v 0.32394096 -0.03025921 -0.30625632
v 0.33539099 -0.02337692 -0.2964761
v 0.32916811 -0.03137413 -0.29017517
v 0.32763174 -0.03139923 -0.29171637
v 0.33781016 -0.02194881 -0.29413483
v 0.33650485 -0.02627651 -0.28630656
v 0.33450913 -0.02829724 -0.28511637
v 0.33831215 -0.02763708 -0.2778365
v 0.33425492 -0.03387966 -0.26088941
v 0.33510274 -0.03530316 -0.2548449
v 0.3119275 -0.02634009 -0.34447578
v 0.00780858 0.09753647 -0.17446122
v 0.01412188 0.1067121 -0.24475664
v 0.01648214 0.11251416 -0.37741348
v 0.01552756 0.11359026 -0.38866261
v 0.02199288 0.1104333 -0.3636373
v 0.02297661 0.11029775 -0.3642278
v 0.02244259 0.11063629 -0.36779779
v 0.02277485 0.10940893 -0.37201625
v 0.02380722 0.11073587 -0.38059571
v 0.00335821 0.05275997 -0.13148326
v 0.00085425 0.01250148 -0.12017376
v 0.03313035 -0.00050127 -0.02014835
v 0.00152545 -0.03350014 -0.12312274
v 0.00159193 -0.03459579 -0.123928
v 0.00154069 -0.04042909 -0.12565722
v 0.00204045 -0.04204195 -0.12607768
v 0.1340856 -0.02348475 -0.25747535
v 0.03763157 -0.01704757 -0.05543582
v 0.12031081 -0.03506545 -0.24715883
v 0.00324518 -0.06091841 -0.13604431
v 0.01013786 -0.14086084 -0.37319633
v 0.10910015 0.03669586 -0.2228839
v 0.11193161 0.03343698 -0.23706661
v -0.00122682 -0.1825 -0.001227
v -0.00122682 -0.1825 0.001227
v -0.00122682 0.1825 0.001227
v -0.00122682 0.1825 -0.001227
v 0.00122682 0.1825 -0.001227
v 0.00122682 -0.1825 -0.001227
v -0.00214343 0.07086695 -0.00167126
v -0.00109666 0.04210303 -0.00066958
v 0.00277722 0.02618007 0.00123593
v -0.00192471 0.01827477 -0.00216616
v 0 0.00708709 0
v -0.00081729 -0.01684819 -0.00100877
v 0.11357573 0.10536025 0.00103542
v 0.11272606 0.10493819 -0.000683
v 0.1117024 0.10546733 0.00216629
v 0.00334309 -0.01612652 0.00104663
v 0.08418369 0.05630929 0.00421154
v 0.00041129 -0.07287434 0.00025833
v -0.00254564 -0.0989505 -0.00308423
v 0.00216678 -0.10512248 0.00112179
v -0.00142052 -0.11225794 -0.00065275
v 0.0019324 -0.16864982 0.00067257
v 0.13451521 -0.07985572 0.00283455
v 0.13521041 -0.07868493 -0.00185574
v 0.13092591 -0.0940872 -0.00194959
v 0.13449384 -0.08201804 -0.00033797
v 0.13477483 -0.07907573 0.00180676
v 0.00039103 0.18317614 -0.00458077
v 0.00564234 0.18230242 -0.00142679
v 0.00288317 0.07863484 0.00134957
v 0.00159505 0.04512107 0.00103096
v 0.13537128 0.07519018 -0.00195934
v 0.13457251 -0.07912353 0.00121544
v 0.13587704 -0.0796566 0.00022772
v 0.13081262 -0.09333834 0.0033153
v 0.13067085 -0.09392012 0.00010289
v 0.08543017 -0.05651619 0.00103804
v 0.08503092 -0.05725455 0.00322598
v 0.08782981 -0.05431403 0.00220921
v 0.11154587 0.105033 -0.0000836
v 0.08828816 0.05273926 0.00408138
v 0.10961577 0.10568039 0.00075302
v 0.08536099 0.05539636 0.003215
v 0.22951554 -0.05107218 -0.23022832
v 0.22055177 -0.05493063 -0.20280226
v 0.22916396 -0.0552601 -0.21634127
v 0.22805366 -0.05682547 -0.20205627
v 0.22201064 -0.05740694 -0.19545594
v 0.14374089 0.05694696 -0.07374705
v 0.14289722 0.04703326 -0.07550193
v 0.14165744 0.04249407 -0.07417702
v 0.14086214 0.03988072 -0.07338811
v 0.14051153 0.03870621 -0.07359795
v 0.14299758 0.0381436 -0.079155
v 0.1427274 -0.02202542 -0.08023318
v 0.13908505 -0.0262561 -0.07394292
v 0.1392456 -0.02811891 -0.07354912
v 0.14422688 0.02465692 -0.08317096
v 0.14158772 0.02907255 -0.07835183
v 0.13877925 0.01911661 -0.07485842
v 0.13791977 -0.00348538 -0.07434495
v 0.1418993 -0.01206255 -0.08042732
v 0.13844492 -0.01346801 -0.07514765
v 0.1378392 -0.00977505 -0.07441226
v 0.21198086 0.05751008 -0.19386154
v 0.20388727 0.05633825 -0.17917073
v 0.19935744 0.04131099 -0.17778911
v 0.14541632 -0.03157036 -0.08210766
v 0.13987938 -0.03078648 -0.0739944
v 0.14035568 -0.03288911 -0.0743105
v 0.21543555 0.04625373 -0.21063271
v 0.2244461 0.05159589 -0.22895607
v 0.21621422 0.05386006 -0.20769891
v 0.14775836 -0.0459431 -0.08081847
v 0.14124183 -0.0395424 -0.07378338
v 0.14242348 -0.04338752 -0.07390324
v 0.21247971 0.03609313 -0.20742413
v 0.20345269 0.02970557 -0.18976164
v 0.21188998 0.02707975 -0.20841359
v 0.21988252 0.02604299 -0.22716828
v 0.20110711 0.00617302 -0.18744084
v 0.22499911 0.01089212 -0.24131438
v 0.22105649 -0.01429194 -0.22852005
v 0.22528575 -0.02470439 -0.23608425
v 0.20938988 -0.04960238 -0.18903889
v 0.21165666 -0.05547973 -0.1851024
v 0.21982156 -0.05078272 -0.20882037
v 0.21589765 -0.04354002 -0.20612678
v 0.216242 -0.06220857 -0.16913137
v 0.20840082 -0.06007506 -0.16944924
v 0.22366694 -0.04571715 -0.22220635
v 0.23484872 -0.05416596 -0.22947326
v 0.23540035 -0.05574087 -0.21190868
v 0.23500174 -0.05679344 -0.20134784
v 0.24563062 -0.05411524 -0.22799461
v 0.24472739 -0.05442108 -0.22490093
v 0.24459758 -0.05407175 -0.22837092
v 0.23805664 -0.05477511 -0.22382636
v 0.24337153 -0.05451518 -0.22498342
v 0.24289034 -0.0557777 -0.20993254
v 0.24241808 -0.05368072 -0.23547794
v 0.2374132 -0.05492936 -0.22358088
v 0.13858514 -0.01802356 -0.07462161
v 0.13882387 -0.02089208 -0.07440151
v 0.21817082 -0.03321931 -0.21581286
v 0.20939101 -0.03435693 -0.19683227
v 0.20432708 -0.03370904 -0.18650986
v 0.20574664 -0.00321659 -0.19669573
v 0.21090086 0.01399492 -0.20816112
v 0.21870874 0.01028584 -0.22560818
v 0.20204014 0.01908301 -0.18870269
v 0.14526606 -0.05471792 -0.07371558
v 0.1410735 -0.05413628 -0.0690067
v 0.13914029 -0.02400961 -0.07415242
v 0.14238125 0.00149699 -0.08152139
v 0.13835967 0.00218412 -0.07502095
v 0.1377288 -0.00041519 -0.07432131
v 0.14337702 0.0530314 -0.07548817
v 0.14053798 0.03672321 -0.07416341
v 0.14028835 0.03435702 -0.07449356
v 0.13973962 0.02731773 -0.07438348
v 0.13894694 0.02150694 -0.07453655
v 0.14121698 0.01350696 -0.07946606
v 0.13816212 0.00632929 -0.07452021
v 0.13723826 -0.00195372 -0.07342068
v 0.20473172 0.04944133 -0.18596783
v 0.1409747 -0.04148185 -0.07298964
v 0.20698018 -0.02245416 -0.19591804
v 0.20594513 -0.01437853 -0.19568323
v 0.21525979 -0.01729352 -0.21489026
v 0.24346542 -0.05696034 -0.19990471
v 0.24351156 -0.05635979 -0.20565709
v 0.24256741 -0.05353328 -0.23482168
v 0.24451292 -0.05384107 -0.23043299
v 0.23836786 -0.05491409 -0.22274531
v 0.24102694 -0.05515712 -0.21723607
v 0.24366127 -0.05346201 -0.23841631
v 0.24396124 -0.05456222 -0.22536059
v 0.13993813 0.03024043 -0.07465479
v 0.21955295 -0.05829476 -0.18780734
v 0.24217634 -0.05323304 -0.23923962
v 0.24196695 -0.05278331 -0.23868518
v 0.13835633 -0.01572224 -0.07451223
v 0.13855156 0.01210638 -0.07454488
v 0.14093092 -0.03574603 -0.07446744
v 0.13994563 -0.03469283 -0.07408196
v 0.14347196 0.05533004 -0.07328215
v 0.14299189 -0.05119508 -0.07168937
v 0.14271684 -0.05262802 -0.07028114
v 0.1434738 -0.04884947 -0.07288765
v 0.138551 0.01880815 -0.07428753
v 0.13843286 0.01429287 -0.07454131
v 0.14264415 -0.04525003 -0.07296649
v 0.14032888 -0.0366093 -0.07332169
v 0.142425 0.04439875 -0.07407808
v 0.33930951 0.05632082 -0.15956254
v 0.3563019 -0.03547477 -0.17453276
v 0.34846276 -0.04468361 -0.17162581
v 0.35567239 -0.02981204 -0.1844345
v 0.34940845 -0.03844773 -0.18044625
v 0.33988285 -0.04969796 -0.17145498
v 0.36939359 -0.01079836 -0.17073391
v 0.36304435 -0.01861358 -0.17887165
v 0.36794031 -0.02003826 -0.17070112
v 0.29205984 0.06496079 -0.16624168
v 0.3244583 0.05525811 -0.17217134
v 0.35858792 0.03391096 -0.16987446
v 0.36853397 0.0129753 -0.17037652
v 0.36781612 0.00068598 -0.17375386
v 0.35960081 -0.02161372 -0.18586916
v 0.36058497 -0.02686432 -0.17680548
v 0.31170958 0.06145795 -0.16651972
v 0.32172558 0.06108844 -0.1621986
v 0.36347955 0.00537791 -0.18327497
v 0.36276186 0.02615668 -0.17123039
v 0.3473745 0.05010646 -0.16244552
v 0.35304269 0.04350616 -0.16586812
v 0.36241716 0.01695157 -0.17884418
v 0.20105311 -0.11905093 -0.0247374
v 0.4733834 -0.05287611 -0.02460174
v 0.47054282 -0.05746021 -0.02496588
v 0.473952 -0.05020709 -0.02474523
v 0.47931013 -0.0347686 -0.02437617
v 0.48234341 -0.02790972 -0.02559122
v 0.48061362 -0.03091294 -0.02458424
v 0.48101872 -0.0256552 -0.02340752
v 0.38389823 -0.12156811 -0.02419975
v 0.16913074 0.09520043 -0.02640201
v 0.1695053 0.09797954 -0.02891732
v 0.17089979 0.09896102 -0.02937871
v 0.37135854 -0.12308744 -0.02210649
v 0.21209809 0.12496591 -0.02664307
v 0.22326253 0.1275316 -0.02682669
v 0.36991113 -0.12363669 -0.02481918
v 0.36800367 -0.12389461 -0.02498909
v 0.36475697 -0.12409171 -0.02517257
v 0.24210995 0.12886022 -0.02599549
v 0.2533443 0.12920552 -0.02600598
v 0.34768644 -0.12455853 -0.02288504
v 0.35888618 -0.12453792 -0.02576114
v 0.483372 0.01451318 -0.02202999
v 0.4820165 0.02828348 -0.02415536
v 0.48300296 0.02605244 -0.02472376
v 0.47745275 0.04249661 -0.02168207
v 0.48057583 0.03322309 -0.02404489
v 0.3022382 -0.12645602 -0.02343051
v 0.31933415 0.12854487 -0.02531223
v 0.31720865 0.12840702 -0.02486785
v 0.31866464 0.12975247 -0.0255314
v 0.29481265 -0.12725244 -0.0260129
v 0.29185134 -0.12737331 -0.02625891
v 0.29067808 -0.12765627 -0.02646602
v 0.35039249 0.12747148 -0.02518702
v 0.24462451 -0.12689932 -0.02619444
v 0.2420595 -0.12733567 -0.02624269
v 0.23309638 -0.12619531 -0.02615283
v 0.23894723 -0.1273959 -0.02649514
v 0.40815026 0.11624685 -0.02098884
v 0.41621852 0.11241328 -0.02361356
v 0.41885722 0.11245856 -0.02457953
v 0.4199619 0.11115639 -0.02413662
v 0.42311317 0.11021306 -0.02422899
v 0.42306167 0.10876788 -0.02368904
v 0.2515983 -0.12773286 -0.02676263
v 0.24826936 -0.12773964 -0.02653017
v 0.25297049 -0.12781359 -0.02650443
v 0.46599406 0.06633507 -0.02130541
v 0.4704752 0.06104908 -0.02471611
v 0.47227407 0.05741218 -0.02424081
v 0.33764297 -0.12596849 -0.02629909
v 0.48283041 0.02826023 -0.02492703
v 0.48527527 0.00780149 -0.0246389
v 0.48517746 0.01140898 -0.0245255
v 0.3488006 0.12821572 -0.02546918
v 0.34646851 0.12808381 -0.02532602
v 0.36180469 -0.12477266 -0.02618967
v 0.15899506 -0.07018843 -0.03110914
v 0.33529514 0.12801191 -0.02512342
v 0.32963431 0.12821844 -0.02528681
v 0.48195565 -0.02650577 -0.02463183
v 0.42990291 -0.10189299 -0.02251816
v 0.43827468 -0.09539661 -0.02325504
v 0.43676424 -0.09744032 -0.02388551
v 0.44525364 -0.09045703 -0.02438149
v 0.44896886 -0.08635597 -0.0239893
v 0.15910427 0.01584885 -0.0604651
v 0.1585748 0.0103362 -0.06010951
v 0.15860564 0.01467745 -0.05994225
v 0.21780021 0.12651373 -0.0267661
v 0.15876585 0.0179642 -0.05991672
v 0.33870822 0.12842113 -0.02512267
v 0.34097475 0.12776798 -0.02614435
v 0.41375428 0.11495947 -0.02406249
v 0.27340809 -0.12773043 -0.02596231
v 0.26974842 -0.12789461 -0.02654488
v 0.48177785 -0.02370619 -0.02345567
v 0.46979374 0.06224945 -0.0238131
v 0.47728053 0.04625193 -0.0239835
v 0.47268903 0.0540937 -0.02075358
v 0.47621474 0.04878363 -0.02456017
v 0.37491 -0.12309575 -0.02513544
v 0.47929603 0.04142494 -0.02463042
v 0.47840986 0.04320819 -0.02444329
v 0.33233321 -0.1256611 -0.02595527
v 0.33066228 -0.12624064 -0.025613
v 0.33941957 -0.12572214 -0.02582246
v 0.48154119 0.02997154 -0.02446144
v 0.4828321 -0.02188658 -0.02501974
v 0.47454888 0.05130386 -0.02376495
v 0.21045069 -0.12224858 -0.02741387
v 0.42872623 0.10671581 -0.02423107
v 0.25003397 0.12923697 -0.02608002
v 0.15822804 0.00130976 -0.06048393
v 0.34333429 0.12779808 -0.02477002
v 0.41540864 0.11390262 -0.02428167
v 0.42962623 0.10629307 -0.02367181
v 0.46272397 0.07299241 -0.02464354
v 0.48125115 0.03489455 -0.0248626
v 0.48048592 0.03694215 -0.02440426
v 0.15841113 -0.06744544 -0.03162282
v 0.44805312 -0.0883358 -0.02447272
v 0.48094237 -0.0321755 -0.02506582
v 0.38176391 -0.12236463 -0.02500599
v 0.34199268 -0.12525226 -0.02569063
v 0.47364977 0.05505779 -0.02452108
v 0.20811497 -0.12184468 -0.02718468
v 0.46601301 0.06822661 -0.02433328
v 0.4644115 0.07089701 -0.02421239
v 0.34999201 -0.12509787 -0.02579373
v 0.48404196 0.0151562 -0.02468184
v 0.2142635 0.12558667 -0.02706453
v 0.32112798 0.12876824 -0.0256956
v 0.32615876 0.12873916 -0.02564073
v 0.4254708 0.10804317 -0.02423118
v 0.48320308 0.02390694 -0.02470821
v 0.48387814 0.02102677 -0.02420475
v 0.47425374 -0.05154465 -0.02495045
v 0.43819419 -0.09741624 -0.02421466
v 0.47460976 0.05236346 -0.02443145
v 0.39885142 -0.02049744 -0.38491592
v 0.36619681 0.0902679 -0.39183071
v 0.36285821 0.09459372 -0.39148062
v 0.33688539 0.11931457 -0.38395783
v 0.3424446 0.11290094 -0.39089856
v 0.33784571 0.11528515 -0.39280903
v 0.33476114 0.11765438 -0.39360681
v 0.33573562 0.11660662 -0.39272696
v 0.36710775 0.08918978 -0.39205125
v 0.39754021 0.01100846 -0.39009082
v 0.39760485 -0.01418419 -0.38923308
v 0.39774498 -0.01348573 -0.39015979
v 0.34329262 0.11199276 -0.39163044
v 0.3443909 0.11159174 -0.3911998
v 0.33165649 0.11872033 -0.39363298
v 0.39678007 0.01805534 -0.39101645
v 0.39682236 0.01632125 -0.39068595
v 0.34064221 0.11393198 -0.39272812
v 0.39330667 0.03521392 -0.39124036
v 0.39499041 0.02757246 -0.39121059
v 0.39389607 0.02997897 -0.39120373
v 0.34218499 0.11342329 -0.392068
v 0.39486605 -0.03138858 -0.38960138
v -0.00046739 0.15860789 0.00036811
v 0.00113724 0.1788906 0.000264
v -0.00262921 0.17958198 -0.00357589
v -0.00296947 0.16138713 -0.00655857
v -0.00213054 0.15534903 -0.00118119
v 0.00108859 0.16481006 -0.25134838
v 0.00045743 0.16077238 -0.26762956
v -0.00043521 0.12545082 0.00045027
v 0.00167369 0.160743 -0.29216823
v 0.00501185 0.16599011 -0.256156
v -0.00310015 0.11411233 -0.00798796
v -0.00188452 0.11274952 -0.00086312
v 0.00086536 0.15175483 -0.25942007
v 0.00206644 0.15828146 -0.32148263
v -0.00273213 0.0942258 -0.00320551
v 0.00292638 0.1391767 -0.31338921
v 0.00190912 0.1423953 -0.3093192
v 0.00214954 0.14291222 -0.3333663
v 0.00328473 0.14031009 -0.35603505
v 0.00230574 0.14212154 -0.3511579
v 0.00227793 0.14182879 -0.36176139
v -0.00041362 0.08742698 0.00016351
v 0.00560465 0.13827044 -0.30490807
v 0.00945398 0.13705938 -0.30880848
v 0.00950314 0.13659285 -0.30010292
v 0.01152512 0.13589227 -0.3271825
v 0.00786566 0.13798314 -0.32401377
v 0.0086008 0.13823502 -0.32949618
v 0.00831999 0.13857053 -0.3332077
v 0.00753359 0.13826717 -0.32981822
v 0.009063 0.13883951 -0.36191815
v 0.00747017 0.13916136 -0.35759947
v 0.00576704 0.13942969 -0.36037946
v 0.00812259 0.1381783 -0.33554816
v 0.00998299 0.13725092 -0.33569023
v 0.01118925 0.13771588 -0.35573778
v 0.00977186 0.13829415 -0.36605105
v 0.00743782 0.1390906 -0.36646649
v 0.01173484 0.13788041 -0.37014028
v 0.00879815 0.13910808 -0.36912099
v 0.01173943 0.13626644 -0.34187648
v 0.00695184 0.13935578 -0.34346735
v 0.01076735 0.13784529 -0.34869641
v 0.01137785 0.12049379 -0.3123503
v 0.0111977 0.13393541 -0.31064674
v 0.01159042 0.13408329 -0.32098112
v 0.01226987 0.13621305 -0.36889207
v 0.0114507 0.13782512 -0.36505765
v 0.01298648 0.13548744 -0.38711786
v 0.01320769 0.13486172 -0.38876346
v 0.01246285 0.13205332 -0.34872881
v 0.01287294 0.13445055 -0.36016607
v 0.012385 0.11457498 -0.33914673
v 0.0121656 0.12545554 -0.34078726
v 0.01225423 0.11282457 -0.2988309
v 0.01305513 0.11352341 -0.33040389
v 0.01298776 0.11297339 -0.31789586
v 0.01193754 0.1162025 -0.32515994
v 0.0150239 0.11156119 -0.31159228
v 0.01199538 0.1133396 -0.3074584
v -0.00247532 0.0030924 -0.00430427
v -0.00253608 -0.02192038 -0.00465508
v 0.00040264 -0.0341634 0.00003312
v -0.00216274 -0.07202145 -0.00266975
v -0.00310592 -0.04665378 -0.00739643
v 0.39536995 -0.11901258 -0.02469355
v 0.38787997 -0.12052633 -0.02397706
v 0.3967483 -0.11844216 -0.02417273
v -0.00168817 -0.04398558 -0.00188995
v 0.38682854 -0.12079457 -0.02427966
v -0.00246193 -0.17451818 -0.0018483
v -0.00325786 -0.17724176 -0.00947998
v -0.0023331 -0.18050651 -0.0072588
v 0.00115257 -0.17916575 -0.00068667
v 0.40418401 0.17223054 -0.00135993
v 0.42155361 0.16752027 -0.00226336
v 0.39936599 0.17477858 -0.00647108
v 0.00137051 0.15373965 -0.34389663
v 0.00193454 0.15634932 -0.33963546
v 0.00140767 0.15203629 -0.35775626
v 0.00214991 0.14207827 -0.37045559
v 0.00174993 0.14468652 -0.38031638
v 0.0030644 0.14039396 -0.3463496
v 0.00307534 0.14023818 -0.33914936
v 0.00667811 0.13790081 -0.31896597
v 0.00996249 0.13703908 -0.31463838
v 0.0036028 0.13909018 -0.32273141
v 0.00636289 0.13880239 -0.352011
v 0.00661674 0.13853355 -0.34903222
v 0.00659022 0.13842101 -0.33251008
v 0.00454736 0.13878852 -0.33234778
v 0.00616369 0.13871343 -0.33402249
v 0.0075972 0.13892885 -0.36157817
v 0.00533442 0.13971978 -0.36094132
v 0.00640755 0.13911597 -0.36271811
v 0.00364086 0.14018919 -0.36684477
v 0.00807373 0.1388374 -0.3650299
v 0.00620275 0.13929309 -0.36936858
v 0.00519547 0.13981482 -0.37278274
v 0.00786728 0.13874307 -0.37038091
v 0.00728346 0.13920824 -0.34108695
v 0.00782751 0.13860193 -0.35318705
v 0.01027917 0.13816069 -0.34993884
v 0.00870647 0.13818492 -0.35099316
v 0.01074821 0.13325556 -0.29928139
v 0.0091514 0.13823734 -0.34861663
v 0.0120164 0.1373179 -0.37879431
v 0.0127613 0.13591348 -0.37678468
v 0.01266975 0.13585682 -0.37392855
v 0.01106229 0.11846765 -0.30170235
v 0.01509509 0.11176658 -0.29999474
v 0.01511011 0.11123819 -0.30323422
v 0.02017467 0.11135435 -0.33555681
v 0.02008045 0.11112081 -0.33381751
v 0.01681858 0.11145493 -0.33349112
v 0.01882891 0.11060295 -0.33827341
v 0.0152759 0.11170948 -0.31580779
v 0.01514613 0.11153978 -0.31867537
v 0.01513087 0.11078016 -0.30916938
v 0.01549369 0.11193498 -0.32688564
v 0.01181783 0.12349522 -0.32751417
v 0.0119785 0.13501424 -0.33367017
v 0.01176045 0.13561746 -0.37122008
v 0.0088401 0.13863786 -0.35443753
v 0.0012052 0.15126219 -0.39751187
v 0.00104447 0.1489148 -0.38680619
v 0.00185619 0.15352398 -0.38710395
v 0.00134515 0.1536271 -0.32453981
v 0.00603866 0.13858859 -0.33493119
v 0.0023194 0.14192303 -0.38484541
v 0.00202951 0.14291775 -0.38827744
v 0.00285072 0.14077535 -0.38717404
v 0.00575629 0.13834028 -0.30424324
v 0.0035328 0.14094134 -0.38257474
v 0.0029611 0.14116119 -0.38482425
v 0.00653501 0.13851251 -0.3369076
v 0.00554322 0.13895388 -0.34058544
v 0.00618728 0.13903318 -0.35676631
v 0.00672442 0.13823947 -0.32946318
v 0.00765025 0.13817945 -0.32951871
v 0.00778699 0.13868289 -0.34878066
v 0.00584304 0.13906127 -0.36837775
v 0.0071904 0.13936476 -0.36274686
v 0.00660538 0.1392712 -0.36900312
v 0.01290777 0.13688745 -0.37626019
v 0.0182465 0.11121015 -0.34015918
v 0.01704764 0.11150636 -0.34432471
v 0.01351671 0.11317372 -0.34352466
v 0.13445015 0.07074384 -0.00101795
v 0.13497385 0.07356311 0.00027357
v 0.39411014 -0.12002146 -0.02446486
v 0.39125025 -0.12017345 -0.0243539
v 0.01788644 0.11160251 -0.34212324
v 0.01443738 0.11148951 -0.30479982
v 0.01141501 0.13751416 -0.39109543
v 0.01214425 0.13754369 -0.39258724
v 0.01280755 0.13653548 -0.38963264
v 0.01203638 0.13558586 -0.3764486
v 0.00102859 0.14776963 -0.39651915
v 0.00458679 0.13795641 -0.30461627
v 0.00146423 0.14467549 -0.3966068
v 0.00738415 0.13806801 -0.31949407
v 0.00869564 0.13777369 -0.31893092
v 0.00344994 0.14033405 -0.37684423
v 0.00482981 0.13935241 -0.36035651
v 0.00537519 0.13959581 -0.3749153
v 0.00812622 0.1380918 -0.33360302
v 0.00938178 0.13778615 -0.33666581
v 0.00475026 0.13926433 -0.34313378
v 0.01184245 0.13731277 -0.36275232
v 0.01128299 0.1372188 -0.3648124
v 0.13458128 0.07146454 -0.00135726
v 0.1351549 0.07208731 0.00010362
v 0.01550226 0.1114243 -0.30586025
v 0.01667817 0.11178109 -0.32953495
v 0.01706049 0.11066325 -0.32802573
v 0.01745361 0.11155836 -0.3323746
v 0.01528496 0.11160867 -0.32358158
v 0.01521183 0.11180679 -0.32209769
v 0.0072712 0.13872664 -0.35613215
v 0.00168496 0.14316836 -0.3936328
v 0.00193566 0.14322302 -0.39693475
v 0.0122185 0.13495068 -0.39406472
v 0.48857534 -0.06188779 -0.03716417
v 0.48913109 -0.06338485 -0.03227324
v 0.48989481 -0.06096642 -0.03278056
v 0.50207782 -0.0236172 -0.03347783
v 0.50360852 -0.01346997 -0.03353507
v 0.50387108 -0.00212964 -0.03511961
v 0.16072808 0.12547445 -0.04350971
v 0.15874518 0.12412744 -0.04020596
v 0.15734448 0.1229201 -0.04192377
v 0.50385338 0.00557962 -0.03314226
v 0.50410956 0.00861211 -0.03299043
v 0.50389004 0.01234631 -0.03223594
v 0.50296801 0.01759571 -0.03363752
v 0.4964202 0.04797539 -0.03047295
v 0.49465024 0.05236327 -0.03331677
v 0.31770658 0.15544531 -0.03987203
v 0.49214917 0.05935605 -0.03090707
v 0.12411492 -0.05716974 -0.06455991
v 0.34896478 0.15379876 -0.03890902
v 0.3461813 0.15396425 -0.03917553
v 0.35140797 0.15342753 -0.03868515
v 0.24466406 -0.1516127 -0.0447498
v 0.36783716 0.15204769 -0.03858161
v 0.24051425 -0.15101212 -0.04489789
v 0.318694 -0.15187106 -0.0439398
v 0.50231361 0.02319132 -0.03228279
v 0.50189519 0.024829 -0.03114905
v 0.50100994 0.02906881 -0.03066607
v 0.50289673 0.02046631 -0.03278989
v 0.50419122 0.00204105 -0.03263802
v 0.50383186 0.00411322 -0.03055151
v 0.33936644 0.1543815 -0.03955168
v 0.3443934 0.15386701 -0.03872023
v 0.14459616 0.10962059 -0.05752851
v 0.32698831 0.15509047 -0.03966237
v 0.32356948 0.15507086 -0.03908205
v 0.40820873 0.14170177 -0.03915202
v 0.50273252 -0.01736343 -0.0312212
v 0.50337112 -0.01470169 -0.03260596
v 0.5024125 -0.01955145 -0.03188441
v 0.3687987 -0.14889249 -0.03676069
v 0.36918354 -0.14805198 -0.03957156
v 0.36506391 -0.14915343 -0.03911588
v 0.50406808 0.0105053 -0.03118276
v 0.50312787 0.01784777 -0.03094777
v 0.50262702 0.019037 -0.03208716
v 0.50089145 0.03099263 -0.03270853
v 0.50085658 0.03067129 -0.03107834
v 0.50106424 0.02966976 -0.03262196
v 0.50374615 -0.01206234 -0.03223092
v 0.50322479 -0.0150243 -0.03125811
v 0.48803741 -0.06563267 -0.03137331
v -0.00138367 0.1485216 -0.10023175
v 0.21591659 -0.14711161 -0.04293472
v 0.40533647 0.14333129 -0.03796901
v 0.4067868 0.14221255 -0.03699654
v 0.12613076 -0.0571195 -0.06462197
v 0.21759926 -0.14767656 -0.04338789
v 0.22039163 -0.14793085 -0.04364982
v 0.49579877 0.05026957 -0.03076408
v 0.32024267 -0.1519817 -0.04377714
v 0.32262397 -0.15162663 -0.04500276
v 0.50032055 0.03369046 -0.03254114
v 0.5034681 0.01433499 -0.0304844
v 0.50275046 -0.00940966 -0.03125304
v 0.50365192 -0.0075574 -0.03116929
v 0.49220484 -0.05678182 -0.03191347
v 0.49320883 -0.05406402 -0.03151104
v 0.49358466 -0.05274224 -0.03292834
v 0.49006972 -0.0594085 -0.03157667
v 0.13989872 0.10445236 -0.05322072
v 0.14171027 0.10640765 -0.05371658
v 0.3555409 -0.14918618 -0.04540764
v 0.32998911 0.15491349 -0.03917171
v 0.37701133 0.15059973 -0.03832404
v 0.19911335 -0.14182959 -0.04492282
v 0.20171273 -0.14287421 -0.04481167
v 0.20216672 -0.14331296 -0.04401892
v 0.4994188 0.03513858 -0.03120777
v 0.49922079 0.03897403 -0.03086988
v 0.35163885 -0.14969207 -0.04449246
v 0.50393385 -0.00151998 -0.03251465
v 0.50197071 -0.0222965 -0.03164106
v 0.32068199 0.1552607 -0.03920086
v 0.34148312 0.15413958 -0.03811791
v 0.33774129 0.15457776 -0.03886006
v 0.21872315 -0.14702933 -0.04288616
v 0.50400954 -0.00324979 -0.03144969
v 0.37274262 -0.1479203 -0.03875324
v 0.37128818 -0.14741594 -0.03696407
v 0.35240698 -0.14964908 -0.04537466
v 0.49349594 0.05578656 -0.03116334
v 0.23923425 -0.15099382 -0.0446659
v -0.00278156 -0.1723786 -0.09869665
v 0.23883365 0.1439428 -0.39491645
v 0.24820854 0.14270647 -0.39512932
v 0.28143725 0.17175786 -0.16692963
v 0.28153959 0.17181572 -0.16642922
v 0.2814396 0.17179146 -0.16667715
v 0.00048753 0.17136271 -0.1744138
v -0.00065756 0.17227018 -0.1519089
v 0.00087474 0.15720393 -0.29393989
v 0.03708409 0.1550644 -0.39698747
v 0.09679268 0.15397613 -0.39696464
v 0.32840839 0.17631671 -0.09391298
v 0.32850072 0.17636383 -0.09341273
v 0.11328813 0.15712658 -0.35468686
v 0.12119102 0.14599791 -0.35857573
v 0.12509876 0.14854853 -0.35546497
v 0.15774219 0.15083715 -0.39674965
v 0.01030959 -0.14001945 -0.35896176
v 0.17440665 0.14952418 -0.39650303
v 0.16860752 0.15029688 -0.39637351
v 0.19218211 0.14822797 -0.396065
v 0.17789 0.1495581 -0.39649335
v 0.24011971 0.16842373 -0.21454209
v 0.24000877 0.1683567 -0.21504274
v 0.21084425 0.14662795 -0.3957811
v 0.20399122 0.14711185 -0.39637303
v 0.1164965 -0.15009822 -0.3580583
v 0.28215405 -0.17075239 -0.16360466
v 0.28213504 -0.1708242 -0.16310681
v 0.25306976 0.14205545 -0.39513311
v 0.25057039 0.14231166 -0.39484972
v -0.00282227 -0.17474565 -0.0716842
v 0.2567054 0.14152277 -0.39482573
v 0.25597888 0.1423493 -0.39552757
v 0.26411155 0.14228001 -0.3877331
v 0.28082198 -0.13983227 -0.38951796
v 0.27820462 -0.14039336 -0.38754758
v 0.00041846 -0.15705919 -0.31539258
v 0.00077437 -0.16588636 -0.25367492
v 0.00133046 -0.16106059 -0.30775115
v 0.01012711 -0.14033179 -0.36106235
v 0.01055182 -0.14044948 -0.36347157
v 0.00105426 -0.16113999 -0.29832214
v -0.00001941 -0.16020516 -0.28180027
v 0.00154788 -0.16321458 -0.28606626
v 0.00149083 -0.1611568 -0.31508648
v 0.03648608 -0.16269009 -0.3226901
v 0.03927979 -0.16134539 -0.3377707
v 0.050855 -0.16207811 -0.33151025
v 0.04526123 -0.1641769 -0.30709419
v 0.11964516 -0.15421939 -0.39297238
v 0.11781035 -0.1591109 -0.34538141
v 0.12939955 -0.15845595 -0.34444615
v 0.11983571 -0.15883221 -0.34512895
v 0.12518686 -0.15667516 -0.35797614
v 0.12738615 -0.15467872 -0.35497338
v 0.11943354 -0.14895476 -0.35898933
v 0.2761122 -0.14122814 -0.38678637
v 0.03267391 -0.16529225 -0.29084775
v 0.0266575 -0.16336761 -0.31214082
v 0.03286671 -0.16066468 -0.34373114
v 0.38543794 -0.15174948 -0.15974353
v 0.38535666 -0.15166339 -0.16023643
v 0.01071527 -0.13995312 -0.36642075
v -0.00048908 0.18065611 -0.03772923
v -0.00068032 0.17600627 -0.10283738
v -0.00153252 0.17154256 -0.14239381
v 0.0006597 0.17506516 -0.12500046
v 0.26485947 0.14050542 -0.39471003
v -0.00291289 -0.17613886 -0.04945846
v -0.00294621 -0.17742781 -0.02946519
v 0.05481102 0.15466055 -0.39705002
v 0.07444879 0.154422 -0.39678743
v 0.22572613 0.14511108 -0.39538702
v 0.22397311 0.14539079 -0.39564779
v 0.1257484 0.15663396 -0.356444
v 0.12498547 0.15742216 -0.34847298
v 0.24284981 0.14350048 -0.39608371
v 0.14632739 0.16299972 -0.28817686
v 0.14633283 0.16302828 -0.28792477
v 0.1462511 0.16306084 -0.28766879
v 0.26833645 0.13996294 -0.39456743
v 0.26604009 0.13987702 -0.39442414
v 0.03495272 0.15483165 -0.39676657
v 0.03320852 0.15473559 -0.39721924
v 0.12800366 -0.15731378 -0.35266343
v 0.35892823 -0.10258958 -0.38729864
v 0.28216374 -0.17078641 -0.16335636
v 0.0010954 0.15514369 -0.3091526
v 0.07549544 0.15411223 -0.39663661
v 0.07954575 0.15422319 -0.39677101
v 0.09938733 0.15365754 -0.39706242
v 0.11582903 0.15759261 -0.34812063
v 0.1022711 0.15392028 -0.39756048
v 0.1138226 0.15810822 -0.3499001
v 0.16278502 0.15013717 -0.39663941
v 0.22036457 0.14578164 -0.3952775
v 0.11438222 -0.15431318 -0.35675448
v 0.24049182 0.14346319 -0.39515445
v 0.00209709 -0.16094422 -0.31596729
v 0.12378192 -0.15450428 -0.39260447
v 0.2539416 0.14209498 -0.39527446
v 0.12522522 0.15324374 -0.35499224
v 0.12522079 0.15503855 -0.35229486
v 0.11931624 0.1453456 -0.35897368
v 0.12564388 0.15674281 -0.3503032
v 0.11680437 0.14817464 -0.35859564
v 0.11535063 0.15092322 -0.35758865
v 0.0574621 0.15449551 -0.39674795
v 0.1993587 0.14737332 -0.3962602
v 0.21379571 0.14592564 -0.39564285
v 0.22957896 0.14507686 -0.39634559
v 0.3284122 0.17634393 -0.09366088
v 0.35734504 -0.10238773 -0.38916522
v 0.358558 -0.10237884 -0.3885878
v 0.12172966 -0.15346242 -0.39256695
v 0.11543974 -0.15205328 -0.35801572
v 0.38535112 -0.15172544 -0.15998916
v 0.02863369 0.1788877 -0.09086881
v 0.0285477 0.17884733 -0.09136905
v 0.02855703 0.17886633 -0.09111761
v 0.05893717 0.15443425 -0.39698708
v 0.14115652 0.16131243 -0.30410373
v 0.14125338 0.16136442 -0.30360338
v 0.1411635 0.16133904 -0.30385178
v 0.01181616 -0.13951187 -0.37037563
v 0.01054279 -0.14054638 -0.37080404
v 0.01020349 -0.14049287 -0.36903325
v 0.11745378 -0.1484784 -0.35906085
v 0.24000956 0.16839609 -0.21478975
v 0.08227281 0.05766165 0.00201642
v 0.08095067 0.05889997 0.00041956
v 0.08125592 0.05851118 -0.00039587
v 0.0765518 -0.08557798 0.00458342
v 0.09025272 -0.10433064 -0.00169166
v 0.08853434 -0.10328996 -0.00180368
v 0.09300252 -0.10588291 -0.00168535
v 0.0784396 0.06583922 0.00443365
v 0.07719134 -0.06644262 -0.00094897
v 0.07765814 -0.06390645 -0.00106701
v 0.07765428 -0.06529567 0.00012922
v 0.07956052 0.06319264 0.00386588
v 0.08056495 0.06105156 0.00393435
v 0.0785505 -0.08939363 0.0046389
v 0.08144624 0.05878771 0.00383338
v 0.07732436 -0.08699454 0.0036683
v 0.07985537 0.06031006 0.00018199
v 0.1047916 -0.10770657 0.0040792
v 0.10965682 -0.10850258 -0.00076534
v 0.10565021 -0.10903633 -0.0007442
v 0.10421888 -0.10795863 -0.00200321
v 0.11818957 -0.1051309 -0.00208316
v 0.11003038 -0.10753837 0.00195842
v 0.11022472 -0.10732032 0.00012603
v 0.11139598 -0.10740417 0.00061639
v 0.11754816 -0.10577919 -0.00096196
v 0.11171805 -0.10765571 -0.00194251
v 0.10181785 -0.10718747 0.00293185
v 0.09970178 -0.10734534 0.0042537
v 0.09925817 -0.10801417 -0.00201463
v 0.10067426 -0.10823611 -0.00081772
v 0.20682538 0.06069944 -0.17721391
v 0.15923804 -0.01310575 -0.05711003
v 0.15761167 -0.05837073 -0.04397561
v 0.15949358 -0.0567137 -0.04187014
v 0.15859747 -0.01381273 -0.06049709
v 0.15894143 -0.02472148 -0.06036543
v 0.15868965 -0.01759395 -0.06009754
v 0.15832992 -0.01589041 -0.06090696
v 0.1578712 -0.0572619 -0.04835894
v 0.15739177 -0.05775578 -0.04681384
v 0.1587593 -0.02006275 -0.06062528
v 0.14088379 0.06865779 -0.07023657
v 0.14047395 0.06371507 -0.07066906
v 0.14374089 0.05694696 -0.07374705
v 0.14618722 0.05119964 -0.07942285
v 0.1525206 0.05867889 -0.08532722
v 0.14289722 0.04703326 -0.07550193
v 0.14320566 0.04856662 -0.07486904
v 0.14299758 0.0381436 -0.079155
v 0.1427274 -0.02202542 -0.08023318
v 0.16005331 0.04886096 -0.10212574
v 0.16666238 0.05227846 -0.11192331
v 0.15599021 0.0504848 -0.09504762
v 0.14422688 0.02465692 -0.08317096
v 0.14158772 0.02907255 -0.07835183
v 0.15884379 0.03395215 -0.10505553
v 0.13791977 -0.00348538 -0.07434495
v 0.13803501 -0.00747198 -0.07478605
v 0.1418993 -0.01206255 -0.08042732
v 0.1378392 -0.00977505 -0.07441226
v 0.17505197 0.01857445 -0.13517286
v 0.16983771 0.02494105 -0.12504549
v 0.16600855 0.01263151 -0.11973813
v 0.16058318 0.00607187 -0.11132792
v 0.16365591 0.02591894 -0.1146872
v 0.20388727 0.05633825 -0.17917073
v 0.19935744 0.04131099 -0.17778911
v 0.19712803 0.05012798 -0.17015745
v 0.19354902 0.03673316 -0.16705696
v 0.14541632 -0.03157036 -0.08210766
v 0.17073542 -0.00379087 -0.12730673
v 0.16773391 -0.01250463 -0.12130364
v 0.15719028 -0.01972871 -0.1030461
v 0.15301044 -0.02485312 -0.09528559
v 0.16384219 -0.03407308 -0.11008406
v 0.14775836 -0.0459431 -0.08081847
v 0.16789664 -0.02278564 -0.11973786
v 0.17991926 -0.0300933 -0.13898946
v 0.20345269 0.02970557 -0.18976164
v 0.14364868 -0.06556 -0.06987408
v 0.17944247 -0.01842155 -0.1408935
v 0.18427362 -0.00825068 -0.15107964
v 0.16376846 -0.05185382 -0.10276488
v 0.15210935 -0.03419898 -0.09138354
v 0.15659574 -0.04697422 -0.09367235
v 0.20110711 0.00617302 -0.18744084
v 0.19075273 -0.00094138 -0.16450171
v 0.19833265 -0.01116022 -0.17995389
v 0.17871186 -0.0369219 -0.13441965
v 0.17180638 -0.04326297 -0.12006885
v 0.17196977 -0.05630831 -0.11364666
v 0.17756882 -0.05170871 -0.12607126
v 0.18362044 -0.05016444 -0.1374646
v 0.17603095 -0.07399331 -0.10472707
v 0.20938988 -0.04960238 -0.18903889
v 0.19790675 -0.05962957 -0.15499748
v 0.21165666 -0.05547973 -0.1851024
v 0.20840082 -0.06007506 -0.16944924
v 0.18451178 -0.06066332 -0.13153845
v 0.18588495 -0.06854917 -0.12524259
v 0.15591542 -0.07882991 -0.07370897
v 0.16895661 -0.08739762 -0.0815362
v 0.16486822 -0.07559539 -0.08762645
v 0.19126542 -0.05329048 -0.14996396
v 0.18588562 -0.03338661 -0.14912474
v 0.16669604 -0.06713403 -0.0975756
v 0.19639434 -0.02757686 -0.17188489
v 0.20432708 -0.03370904 -0.18650986
v 0.19180797 -0.02066614 -0.16402926
v 0.15307824 -0.06957937 -0.07608888
v 0.20574664 -0.00321659 -0.19669573
v 0.16780682 -0.02807243 -0.11826298
v 0.20204014 0.01908301 -0.18870269
v 0.14526606 -0.05471792 -0.07371558
v 0.1410735 -0.05413628 -0.0690067
v 0.17351456 0.00315063 -0.13266183
v 0.19618356 0.06643639 -0.15167074
v 0.17058559 0.04097664 -0.12257088
v 0.17675769 0.03178794 -0.13582958
v 0.15147769 0.00939623 -0.09630188
v 0.1488937 -0.00580697 -0.09199764
v 0.14238125 0.00149699 -0.08152139
v 0.15284196 0.02347623 -0.09714094
v 0.13835967 0.00218412 -0.07502095
v 0.17968144 0.05936393 -0.13097301
v 0.1685736 0.06693147 -0.10625032
v 0.15787631 0.07350013 -0.08380223
v 0.14399888 0.05018996 -0.07535117
v 0.14337702 0.0530314 -0.07548817
v 0.15267871 0.07329153 -0.0770188
v 0.15159422 0.08135402 -0.07242398
v 0.14249632 0.06304093 -0.07187249
v 0.14121698 0.01350696 -0.07946606
v 0.17426585 0.05434828 -0.12411174
v 0.18141544 0.04887592 -0.13944678
v 0.18906406 0.05458469 -0.15155873
v 0.19138722 0.06089199 -0.15120864
v 0.18448344 0.03553839 -0.14941801
v 0.1580475 -0.00727808 -0.10655052
v 0.20473172 0.04944133 -0.18596783
v 0.19225235 0.01751131 -0.1673774
v 0.20698018 -0.02245416 -0.19591804
v 0.20594513 -0.01437853 -0.19568323
v 0.19291794 -0.04119791 -0.15961049
v 0.15902831 -0.0880731 -0.07134116
v 0.1962384 -0.05303844 -0.15956469
v 0.1933355 0.02674309 -0.16852345
v 0.18435048 0.02099012 -0.15172602
v 0.18652061 0.00890609 -0.15632324
v 0.15411364 -0.05393831 -0.08659445
v 0.19140249 -0.02954752 -0.16111325
v 0.14271984 0.06145072 -0.07198498
v 0.14289387 0.05856638 -0.07280434
v 0.14299189 -0.05119508 -0.07168937
v 0.181602 0.06895917 -0.12540457
v 0.21454564 0.06960453 -0.15898077
v 0.20373906 0.06828318 -0.15656094
v 0.20682538 0.06069944 -0.17721391
v 0.24557941 0.07059074 -0.15882564
v 0.23105896 0.06655791 -0.1676541
v 0.26663393 0.06885511 -0.16181849
v 0.32194936 -0.05572866 -0.17400239
v 0.26678315 0.06450733 -0.17257805
v 0.33207852 -0.04983554 -0.179033
v 0.27948421 0.06295558 -0.17458668
v 0.30031741 -0.06169172 -0.17019606
v 0.29694742 -0.05779921 -0.18256976
v 0.28966802 -0.06414066 -0.16708304
v 0.31341261 -0.05574099 -0.17967275
v 0.26115 -0.06649482 -0.16345048
v 0.2334297 -0.06624476 -0.16116655
v 0.22048201 0.06359334 -0.17801964
v 0.210647 0.06470721 -0.1707444
v 0.21484576 0.0626618 -0.18164034
v 0.24621211 0.0659733 -0.16945618
v 0.23813047 0.06356577 -0.1777418
v 0.26148915 0.06082965 -0.18904541
v 0.24662912 -0.06771504 -0.15996514
v 0.27352062 -0.0664536 -0.16374353
v 0.23882517 0.06101405 -0.19272292
v 0.21153226 -0.09473567 -0.10824884
v 0.21391949 -0.07962615 -0.13251473
v 0.2014171 -0.07697342 -0.1298372
v 0.21564779 -0.08817902 -0.12001897
v 0.24843213 -0.09927611 -0.11245478
v 0.21847543 -0.06893477 -0.15334977
v 0.24297868 -0.07475358 -0.14708267
v 0.25852811 -0.09376018 -0.12137778
v 0.26796162 -0.0947075 -0.12068217
v 0.26484337 -0.07784889 -0.14447223
v 0.23771425 -0.10165385 -0.10708324
v 0.22793268 -0.09392758 -0.11571404
v 0.24434721 -0.08605243 -0.1307084
v 0.23179224 -0.08910615 -0.12367975
v 0.23374449 -0.07451803 -0.14599346
v 0.22569981 -0.07917524 -0.13686934
v 0.18101041 -0.08804915 -0.09433894
v 0.19080149 -0.07934486 -0.11682285
v 0.17603095 -0.07399331 -0.10472707
v 0.17388447 -0.09921958 -0.07509649
v 0.19790675 -0.05962957 -0.15499748
v 0.20733523 -0.0652841 -0.15626386
v 0.216242 -0.06220857 -0.16913137
v 0.20840082 -0.06007506 -0.16944924
v 0.18588495 -0.06854917 -0.12524259
v 0.16895661 -0.08739762 -0.0815362
v 0.19618356 0.06643639 -0.15167074
v 0.1685736 0.06693147 -0.10625032
v 0.15787631 0.07350013 -0.08380223
v 0.15267871 0.07329153 -0.0770188
v 0.15159422 0.08135402 -0.07242398
v 0.19663529 -0.06826062 -0.13986777
v 0.19138722 0.06089199 -0.15120864
v 0.15902831 -0.0880731 -0.07134116
v 0.22604461 0.09518995 -0.11735569
v 0.24016145 0.09465307 -0.12093376
v 0.23287484 0.1036284 -0.10620196
v 0.21800913 0.07886131 -0.14073184
v 0.23061191 0.08586713 -0.13221729
v 0.2341283 0.07845553 -0.14421757
v 0.22208537 0.07304876 -0.15226461
v 0.25609031 0.09378719 -0.12371132
v 0.25674671 0.10559372 -0.10686836
v 0.27364957 0.09360825 -0.12409556
v 0.27068743 0.08393127 -0.13748766
v 0.2587522 0.08466047 -0.13647713
v 0.20422378 0.09163652 -0.11423656
v 0.18746324 0.0897199 -0.1042453
v 0.19892345 0.08141586 -0.1278999
v 0.21298258 0.10137687 -0.10327175
v 0.20408648 0.10810678 -0.08918068
v 0.20180006 0.10126913 -0.09789661
v 0.24585032 0.08834297 -0.13078897
v 0.2103226 0.08312333 -0.13113146
v 0.20369561 0.07559666 -0.14176942
v 0.24930139 0.10902802 -0.10083629
v 0.45639107 -0.07002749 -0.07170552
v 0.44648471 -0.07123651 -0.07681592
v 0.43662152 -0.08591169 -0.07440578
v 0.44623727 -0.08190917 -0.07177489
v 0.40338528 -0.11842223 -0.06999697
v 0.41951227 -0.10791036 -0.07050763
v 0.4013924 -0.11054367 -0.07465029
v 0.46747595 -0.05236324 -0.07168764
v 0.47506717 -0.02875913 -0.07242505
v 0.46356693 -0.04471313 -0.0764057
v 0.38783163 -0.12046988 -0.07209694
v 0.38358572 -0.12561262 -0.07020692
v 0.19848455 -0.09567719 -0.09911411
v 0.21111166 -0.10242623 -0.09715186
v 0.45076442 -0.04158254 -0.09012786
v 0.45606634 -0.05891361 -0.0761845
v 0.40520743 -0.09543227 -0.08673809
v 0.38895187 -0.10072097 -0.08979307
v 0.16515483 0.09541979 -0.07395643
v 0.36907423 -0.12107541 -0.07570149
v 0.1663087 0.08843996 -0.08151218
v 0.18059845 0.09744976 -0.08686885
v 0.44726679 -0.02680515 -0.09827664
v 0.44134089 -0.0396433 -0.09968285
v 0.1824089 0.07719914 -0.11636078
v 0.17655247 0.08410111 -0.09922488
v 0.16954167 0.07645552 -0.09844376
v 0.35065174 -0.11305819 -0.08847459
v 0.34899038 -0.1230817 -0.07730071
v 0.22581479 0.11921743 -0.08203916
v 0.21019977 0.11481277 -0.08268418
v 0.22485332 0.10832574 -0.09713729
v 0.41485038 -0.04921962 -0.11784718
v 0.40324992 -0.05310043 -0.12428737
v 0.41680294 -0.06597561 -0.1047136
v 0.39177173 -0.05810039 -0.12855291
v 0.37384218 -0.08553786 -0.1118086
v 0.36607745 -0.09203049 -0.10792774
v 0.37302944 -0.10702652 -0.08962395
v 0.4775807 0.00794843 -0.07270218
v 0.46745256 0.01399842 -0.08051567
v 0.467803 0.00344708 -0.08121299
v 0.24921313 0.13159649 -0.07139178
v 0.27670768 0.13420238 -0.07082162
v 0.35116765 -0.09184261 -0.11317658
v 0.353636 -0.09996985 -0.10298932
v 0.45979255 0.02889703 -0.08499478
v 0.45556054 0.02203148 -0.09069558
v 0.33197358 -0.12818335 -0.07371683
v 0.32846597 -0.11889023 -0.08487017
v 0.31287166 -0.12578759 -0.07746147
v 0.33303663 0.07378484 -0.13974261
v 0.32967797 0.06349009 -0.15463291
v 0.33930951 0.05632082 -0.15956254
v 0.27825728 0.13045777 -0.0739797
v 0.29343644 0.12891792 -0.07595117
v 0.3910968 -0.00695949 -0.15111931
v 0.37757692 -0.00254708 -0.16270253
v 0.38227475 -0.01633554 -0.15773606
v 0.37730947 -0.04573512 -0.148486
v 0.37237751 -0.06031313 -0.13854027
v 0.31933251 -0.08678608 -0.12725221
v 0.321637 -0.09648294 -0.11440868
v 0.32733017 -0.10115003 -0.1076539
v 0.30132654 -0.11781771 -0.08814002
v 0.28814846 -0.1234571 -0.08064649
v 0.30297506 0.10754114 -0.1035324
v 0.28583416 0.12138224 -0.08551124
v 0.2874597 0.10736967 -0.10478406
v 0.25822487 0.07595146 -0.14946648
v 0.34195882 -0.06714119 -0.14567125
v 0.32721752 -0.06771696 -0.15051897
v 0.33802456 -0.07789752 -0.13371316
v 0.31923079 0.13121961 -0.07306407
v 0.3261182 0.12085933 -0.08451631
v 0.33761454 0.12021074 -0.08405644
v 0.31197912 -0.10740551 -0.10158342
v 0.30824378 -0.09527264 -0.11801485
v 0.29599676 -0.10209952 -0.11016835
v 0.3563019 -0.03547477 -0.17453276
v 0.34846276 -0.04468361 -0.17162581
v 0.36176005 -0.04074043 -0.16404364
v 0.3320125 0.13104081 -0.07241714
v 0.31325793 -0.07391545 -0.14587736
v 0.40720448 -0.00398784 -0.13720366
v 0.39713055 0.01439363 -0.14460441
v 0.27413785 0.0773586 -0.14682059
v 0.27695608 0.06838202 -0.1616701
v 0.28656089 0.07087857 -0.15582535
v 0.31295186 -0.08182069 -0.13511001
v 0.34940845 -0.03844773 -0.18044625
v 0.44270369 0.03728189 -0.0985587
v 0.43465197 0.04629875 -0.10218178
v 0.41551825 0.03265803 -0.124353
v 0.33988285 -0.04969796 -0.17145498
v 0.33410493 -0.06016216 -0.15871106
v 0.2979942 -0.08542769 -0.13255435
v 0.37665883 0.00899016 -0.16266368
v 0.36939359 -0.01079836 -0.17073391
v 0.36304435 -0.01861358 -0.17887165
v 0.36794031 -0.02003826 -0.17070112
v 0.44250217 0.05476749 -0.09073891
v 0.43920028 0.06559067 -0.0871431
v 0.29205984 0.06496079 -0.16624168
v 0.30733818 0.08602067 -0.13057078
v 0.29662719 0.08179513 -0.13788302
v 0.32197714 0.07719386 -0.13858204
v 0.27425584 -0.12164658 -0.08288462
v 0.26578686 -0.106951 -0.10320638
v 0.25855461 -0.11421052 -0.09218286
v 0.30538595 -0.06924093 -0.15453815
v 0.3129192 -0.06429934 -0.16085149
v 0.36389726 0.11644354 -0.08334216
v 0.37392023 0.12507588 -0.07276824
v 0.35220146 0.128116 -0.07327002
v 0.31865105 0.06931118 -0.15040903
v 0.1842788 -0.10609036 -0.07604809
v 0.17151609 -0.10419741 -0.07026255
v 0.18883392 -0.09263045 -0.09579108
v 0.25145894 -0.11031961 -0.09687353
v 0.3244583 0.05525811 -0.17217134
v 0.36880133 0.09323185 -0.10624892
v 0.37672645 0.1074594 -0.08882414
v 0.35027874 0.09992374 -0.1048406
v 0.20604679 -0.07336211 -0.1393763
v 0.34410721 0.08191852 -0.12676856
v 0.34832221 0.06590445 -0.1434688
v 0.18872887 -0.11472468 -0.07108843
v 0.19277777 -0.1119994 -0.07515543
v 0.25350615 -0.07533532 -0.14762221
v 0.22552419 -0.10802499 -0.09463421
v 0.22639814 -0.11329921 -0.08760884
v 0.23529141 -0.1133273 -0.08967435
v 0.36967346 0.06772193 -0.13192777
v 0.36106229 0.05335558 -0.15098266
v 0.23401694 -0.10529795 -0.10093326
v 0.24537553 -0.11239904 -0.09302598
v 0.20995907 -0.11677635 -0.07776883
v 0.20964162 -0.12196885 -0.07220512
v 0.40572035 0.11054195 -0.0742441
v 0.41139475 0.09758001 -0.08214566
v 0.42251736 0.0986038 -0.07485878
v 0.20395543 -0.11020141 -0.08333148
v 0.21048222 -0.1069046 -0.09064341
v 0.35858792 0.03391096 -0.16987446
v 0.38626677 0.06488992 -0.12572901
v 0.43333828 0.09047378 -0.07418317
v 0.38045084 0.0503129 -0.14152694
v 0.37449673 0.04077675 -0.15233696
v 0.27867767 -0.07223578 -0.15313141
v 0.24886091 -0.12251501 -0.07968351
v 0.39933911 0.06215142 -0.1199517
v 0.39761314 0.05143195 -0.12901986
v 0.41420814 0.06778157 -0.10523141
v 0.23018551 -0.12252873 -0.07658602
v 0.24877013 -0.12754026 -0.07365944
v 0.43092266 0.07563414 -0.08681592
v 0.44657981 0.07660017 -0.07420871
v 0.35601288 0.07646483 -0.12873498
v 0.36853397 0.0129753 -0.17037652
v 0.36781612 0.00068598 -0.17375386
v 0.28436306 -0.09871335 -0.11524837
v 0.2817395 -0.08739551 -0.13096678
v 0.28524137 -0.11024558 -0.09905641
v 0.25878772 -0.1347854 -0.06921971
v 0.28007242 -0.1301035 -0.0729883
v 0.26275533 -0.12675746 -0.07563482
v 0.36058497 -0.02686432 -0.17680548
v 0.35557553 -0.04834768 -0.16099006
v 0.34916329 -0.05501957 -0.15738329
v 0.30472881 -0.12942274 -0.07377227
v 0.31170958 0.06145795 -0.16651972
v 0.32172558 0.06108844 -0.1621986
v 0.30280632 0.06811567 -0.15695125
v 0.35318777 -0.06244111 -0.14642341
v 0.39210063 -0.02844257 -0.14661035
v 0.3995091 -0.01406798 -0.14339742
v 0.32887325 -0.08431984 -0.12832025
v 0.34640253 -0.08509834 -0.1224661
v 0.39311585 -0.03980521 -0.14046039
v 0.36968285 -0.03129585 -0.16370216
v 0.41735303 -0.00644495 -0.12826081
v 0.40714103 -0.03377255 -0.13194203
v 0.42962494 -0.0227604 -0.11551773
v 0.41324767 -0.01766893 -0.13095692
v 0.29843158 -0.1341726 -0.07016239
v 0.31859544 -0.13529541 -0.06949098
v 0.31417698 0.1037937 -0.10724306
v 0.32963449 0.08881538 -0.12266733
v 0.45775536 -0.00058283 -0.09101931
v 0.45340157 0.00892939 -0.09456073
v 0.44393101 0.01518024 -0.10288314
v 0.38732469 -0.07182997 -0.11897184
v 0.47021618 0.02784113 -0.07542292
v 0.32457519 0.10938316 -0.09866604
v 0.34697717 0.11008073 -0.09409313
v 0.40681386 -0.07664555 -0.10274202
v 0.28129444 0.0848094 -0.13563865
v 0.29340565 0.07699133 -0.14509831
v 0.47145751 -0.01942654 -0.07620592
v 0.47365823 -0.0063758 -0.07573472
v 0.3015596 0.09910634 -0.1148017
v 0.41907287 -0.07738853 -0.09386206
v 0.34314486 0.12849464 -0.07393658
v 0.47887653 -0.00936474 -0.07211792
v 0.4382709 -0.05280497 -0.09608899
v 0.42240912 -0.09625141 -0.0754367
v 0.27880165 0.10158207 -0.11299525
v 0.25990617 0.11523946 -0.09298443
v 0.26414838 0.12730092 -0.07702219
v 0.181602 0.06895917 -0.12540457
v 0.19157022 0.07700142 -0.12807867
v 0.2285625 0.12646443 -0.07346407
v 0.21268471 0.12332156 -0.0731039
v 0.19104593 0.11742822 -0.07139095
v 0.19183601 0.1096876 -0.079996
v 0.24555451 0.11860014 -0.08680557
v 0.2625913 0.12223442 -0.0836332
v 0.27485096 0.11429848 -0.09497862
v 0.2992439 0.12152407 -0.08523633
v 0.28717062 0.09060326 -0.12736809
v 0.31504911 0.11803329 -0.08883767
v 0.39027539 0.09986615 -0.0908621
v 0.39602721 0.08472694 -0.10210791
v 0.38228899 0.07951128 -0.11417429
v 0.4056043 0.07460557 -0.10544598
v 0.4192774 0.08638554 -0.08667337
v 0.23441482 -0.12823956 -0.07150288
v 0.37682575 0.02051296 -0.16022189
v 0.3680073 0.02363576 -0.1668784
v 0.4201313 0.05446227 -0.11000977
v 0.43300062 -0.09775206 -0.07053933
v 0.43194464 -0.08221132 -0.08035409
v 0.39392519 0.0347815 -0.14139831
v 0.39242139 0.02424498 -0.14643735
v 0.40297231 0.02264512 -0.13790336
v 0.41989043 0.01741263 -0.12438513
v 0.4271169 -0.06530546 -0.09739091
v 0.46679178 -0.03151884 -0.07786129
v 0.36309317 -0.12854719 -0.07079878
v 0.43395567 0.01960213 -0.11141698
v 0.42842916 0.01365781 -0.11732582
v 0.28177288 -0.13640963 -0.06901473
v 0.41639495 0.002676 -0.1289463
v 0.35531896 -0.06915817 -0.13791147
v 0.34821865 -0.13001102 -0.07124645
v 0.43812388 -0.00740382 -0.10938884
v 0.43915766 0.00348243 -0.10828435
v 0.42415839 -0.03946201 -0.11520743
v 0.3832837 -0.08151442 -0.11167134
v 0.33711138 -0.10191318 -0.10478891
v 0.4286958 -0.00557792 -0.11815029
v 0.38727719 -0.11602725 -0.07545615
v 0.46585599 0.04098247 -0.07540882
v 0.44838801 0.02548752 -0.09673312
v 0.43574569 0.02794453 -0.10779102
v 0.45931125 0.05624102 -0.07503919
v 0.37627545 -0.02444858 -0.1608945
v 0.37125459 0.03201139 -0.15996081
v 0.28622186 -0.08114079 -0.13949759
v 0.36276186 0.02615668 -0.17123039
v 0.3473745 0.05010646 -0.16244552
v 0.24882072 0.12557797 -0.07776305
v 0.34208435 0.09707343 -0.11027894
v 0.38773474 0.11698228 -0.07601717
v 0.27794129 0.11895152 -0.08864331
v 0.30442688 0.12963399 -0.07511283
v 0.35304269 0.04350616 -0.16586812
v 0.36241716 0.01695157 -0.17884418
v 0.2954146 -0.07293263 -0.15041699
v 0.40375045 0.04247858 -0.12985685
v 0.40565377 0.03004007 -0.13350342
v 0.40548754 0.01182063 -0.1376151
v 0.3630659 -0.0736457 -0.12949975
v 0.45817348 -0.0105335 -0.09031645
v 0.41141734 -0.10354864 -0.0758465
v 0.3995896 -0.08402969 -0.10049515
v 0.33721694 -0.13478518 -0.06927013
v 0.17892894 0.10889139 -0.07262149
v -0.00117516 0.13745457 -0.10781317
v -0.00074542 0.08053068 -0.08381823
v 0.00049019 0.10842334 -0.09167279
v 0.00269289 0.05482775 -0.1316366
v 0.00225558 0.06792837 -0.13675179
v 0.0030526 0.05724037 -0.13340047
v -0.00287197 -0.06518647 -0.04619165
v -0.00267124 -0.05418877 -0.06085933
v -0.00224152 -0.07086816 -0.06529121
v -0.00068583 -0.05938053 -0.09906785
v -0.00121949 -0.07035936 -0.08536851
v -0.00214782 -0.04779604 -0.07801
v -0.00223627 -0.06206657 -0.0687144
v -0.00220852 -0.06198545 -0.06921199
v 0.48355079 -0.00710023 -0.02136743
v 0.0002065 -0.08138847 -0.10597543
v 0.22509447 0.1511346 -0.03897355
v 0.21874511 0.14987719 -0.03869803
v 0.23026539 0.1523252 -0.03967736
v 0.00184359 -0.10309719 -0.12718828
v 0.00035466 -0.09855247 -0.10197378
v -0.00073451 -0.11172301 -0.07868255
v -0.0017694 -0.0926206 -0.0650188
v -0.00071476 -0.0942943 -0.08581141
v -0.00129001 -0.13672209 -0.12100764
v -0.00229222 -0.16300778 -0.08294171
v 0.49141273 0.0605342 -0.03223415
v 0.49332094 0.05575787 -0.03319203
v 0.49118993 0.06119169 -0.03345541
v 0.12987831 -0.06118992 -0.06873795
v 0.46977007 0.09763532 -0.03363752
v 0.46746168 0.10019942 -0.03422183
v 0.13410801 -0.05601612 -0.06768569
v 0.48253292 0.07495517 -0.03949369
v 0.48568627 0.07310585 -0.0335107
v 0.48432538 0.07531161 -0.03343552
v 0.48158845 0.07988648 -0.03427925
v 0.47838694 0.08573797 -0.03236491
v 0.48023617 0.08226407 -0.03452381
v 0.47709149 0.08763447 -0.03351601
v 0.41350833 0.14002137 -0.03778387
v 0.45923233 0.10929373 -0.03513998
v 0.45506689 0.11320679 -0.03320872
v 0.45458436 0.11406108 -0.03434678
v 0.41854528 0.13777052 -0.03754346
v 0.4317458 0.1312322 -0.03466031
v 0.42954272 0.13219506 -0.0358863
v 0.43204805 0.13064453 -0.03619946
v 0.43913913 0.12589015 -0.03609552
v 0.43687826 0.12742439 -0.03655555
v 0.43998548 0.12512338 -0.03676003
v 0.446749 0.11999656 -0.03585741
v 0.44571933 0.12104889 -0.03577471
v 0.44625628 0.12095477 -0.03638671
v 0.45155585 0.11632954 -0.03566287
v 0.44604856 0.12062229 -0.03669855
v 0.4881162 0.06852133 -0.03247069
v 0.48670074 0.07171573 -0.03218983
v 0.48883468 0.06268395 -0.03895035
v 0.15817563 -0.06264741 -0.0344835
v 0.15815635 -0.0613453 -0.03687767
v 0.15879273 -0.05731887 -0.03486954
v 0.15737668 -0.0592966 -0.04224741
v 0.15761167 -0.05837073 -0.04397561
v 0.15949358 -0.0567137 -0.04187014
v 0.15788877 -0.06028514 -0.03873219
v -0.00261446 -0.17119826 -0.12297299
v 0.0013415 0.11889686 -0.1056161
v 0.00171699 0.13049021 -0.11097496
v 0.00175049 0.10584719 -0.11610018
v -0.00206392 -0.1603715 -0.10387902
v -0.00194658 -0.14926784 -0.08147513
v -0.00166678 -0.13687232 -0.0998654
v -0.00039682 0.06493905 -0.09534173
v -0.00176091 -0.15502645 -0.12310437
v 0.00127612 0.05140644 -0.12675595
v 0.00357733 0.05563708 -0.13309249
v -0.00189572 -0.13599551 -0.07558355
v -0.00031364 -0.12896799 -0.08041862
v 0.17682566 0.13506486 -0.03875421
v 0.1743792 0.13368031 -0.03897841
v 0.17228304 0.13274562 -0.04105527
v 0.0012781 -0.11454751 -0.11495564
v -0.00215514 -0.13612029 -0.05768858
v 0.18119045 0.13724656 -0.0391633
v 0.17930062 0.13659962 -0.03806723
v 0.00106662 -0.12959246 -0.10747701
v 0.13225055 -0.05616086 -0.06712156
v 0.12821604 -0.05615612 -0.06590568
v 0.00036746 0.05750906 -0.11063554
v 0.00071232 0.0431944 -0.11740547
v 0.00084528 0.0785064 -0.1103397
v 0.00153575 0.06469352 -0.12555853
v 0.00331597 0.091745 -0.1435453
v 0.00072002 0.12953046 -0.09134553
v 0.42129514 0.1362704 -0.03728178
v 0.42615584 0.13378082 -0.03706811
v 0.45710784 0.11206381 -0.03331277
v 0.45850295 0.1100958 -0.03305439
v 0.46240708 0.10611761 -0.03469957
v 0.46487823 0.10321791 -0.03416181
v 0.46404248 0.10422467 -0.03391378
v 0.4727605 0.09323573 -0.03463367
v 0.48959678 0.06460591 -0.03330696
v 0.39023855 0.14799999 -0.03821883
v 0.48436642 -0.00360734 -0.0245969
v 0.48493129 0.00154802 -0.02510164
v 0.44397154 0.1225669 -0.03577168
v 0.00227315 0.08692298 -0.12873346
v 0.38840303 0.14859529 -0.03737556
v 0.38182524 0.14988667 -0.0383181
v 0.44845843 0.11854561 -0.03516322
v 0.24488799 0.15409328 -0.03971924
v 0.24144034 0.1538139 -0.03935488
v 0.24797989 0.1543739 -0.04021107
v -0.00138761 -0.12660563 -0.05996196
v 0.42352378 0.13532102 -0.03681119
v 0.39818156 0.1458102 -0.03774168
v 0.41579321 0.14015608 -0.03705204
v 0.45345929 0.1145548 -0.03435978
v 0.48374125 -0.01486671 -0.02485763
v 0.48453802 -0.00750006 -0.02493377
v 0.00227196 0.05094319 -0.12954336
v 0.22685772 0.15075605 -0.03863573
v 0.47144437 0.09589482 -0.03206542
v 0.4721908 0.0945253 -0.03279108
v 0.44527283 0.12163725 -0.0345327
v 0.43826178 0.12570632 -0.03482682
v 0.17281592 0.13336298 -0.03978909
v 0.15569864 -0.05493651 -0.02742253
v 0.15656078 0.09665403 -0.06875387
v 0.13672663 0.06666132 -0.06997562
v 0.14088379 0.06865779 -0.07023657
v 0.1339553 0.0684821 -0.06890142
v 0.13752541 0.06509164 -0.07006111
v 0.14047395 0.06371507 -0.07066906
v 0.13879605 -0.05734913 -0.06964463
v 0.14364868 -0.06556 -0.06987408
v 0.13572721 -0.06354415 -0.06913582
v 0.13443847 -0.07334673 -0.06779324
v 0.13804767 -0.08720957 -0.06701569
v 0.14741229 -0.07818894 -0.06912818
v 0.14382759 -0.0859396 -0.06799044
v 0.15900145 -0.0979713 -0.06825923
v 0.14954674 -0.10271709 -0.06665134
v 0.15777156 -0.11210906 -0.06606442
v 0.15591542 -0.07882991 -0.07370897
v 0.14526606 -0.05471792 -0.07371558
v 0.1410735 -0.05413628 -0.0690067
v 0.13891628 -0.05489851 -0.06788673
v 0.13750461 -0.05536719 -0.06804327
v 0.15159422 0.08135402 -0.07242398
v 0.15902831 -0.0880731 -0.07134116
v 0.14588545 0.08335406 -0.06920364
v 0.13664635 0.06583872 -0.06929581
v 0.47338307 -0.06312744 -0.0675023
v 0.42593014 -0.11371997 -0.06784321
v 0.46065903 -0.08096174 -0.06800909
v 0.44450721 -0.09809198 -0.06805342
v 0.45639107 -0.07002749 -0.07170552
v 0.44623727 -0.08190917 -0.07177489
v 0.40338528 -0.11842223 -0.06999697
v 0.41951227 -0.10791036 -0.07050763
v 0.46747595 -0.05236324 -0.07168764
v 0.47506717 -0.02875913 -0.07242505
v 0.38358572 -0.12561262 -0.07020692
v 0.16515483 0.09541979 -0.07395643
v 0.4775807 0.00794843 -0.07270218
v 0.24921313 0.13159649 -0.07139178
v 0.27670768 0.13420238 -0.07082162
v 0.31923079 0.13121961 -0.07306407
v 0.3320125 0.13104081 -0.07241714
v 0.37392023 0.12507588 -0.07276824
v 0.35220146 0.128116 -0.07327002
v 0.17151609 -0.10419741 -0.07026255
v 0.18872887 -0.11472468 -0.07108843
v 0.21900591 -0.12958272 -0.06878936
v 0.20964162 -0.12196885 -0.07220512
v 0.40918371 0.11755793 -0.06953456
v 0.43443832 0.09889952 -0.07001576
v 0.40572035 0.11054195 -0.0742441
v 0.42251736 0.0986038 -0.07485878
v 0.43333828 0.09047378 -0.07418317
v 0.44657981 0.07660017 -0.07420871
v 0.1711524 -0.10950828 -0.0683101
v 0.25878772 -0.1347854 -0.06921971
v 0.46610734 0.05773025 -0.07075512
v 0.29843158 -0.1341726 -0.07016239
v 0.31859544 -0.13529541 -0.06949098
v 0.47021618 0.02784113 -0.07542292
v 0.34314486 0.12849464 -0.07393658
v 0.4885571 -0.0001104 -0.06807425
v 0.47887653 -0.00936474 -0.07211792
v 0.2285625 0.12646443 -0.07346407
v 0.21268471 0.12332156 -0.0731039
v 0.19104593 0.11742822 -0.07139095
v 0.23441482 -0.12823956 -0.07150288
v 0.4841257 -0.03631068 -0.06777329
v 0.43300062 -0.09775206 -0.07053933
v 0.48876044 -0.0146074 -0.06773423
v 0.36309317 -0.12854719 -0.07079878
v 0.28177288 -0.13640963 -0.06901473
v 0.34821865 -0.13001102 -0.07124645
v 0.48915642 0.01550663 -0.06717047
v 0.47464132 0.03396116 -0.0714568
v 0.46585599 0.04098247 -0.07540882
v 0.45931125 0.05624102 -0.07503919
v 0.45168442 0.07973845 -0.07048929
v 0.38773474 0.11698228 -0.07601717
v 0.30608556 0.13286984 -0.07186688
v 0.30442688 0.12963399 -0.07511283
v 0.33721694 -0.13478518 -0.06927013
v 0.16913074 0.09520043 -0.02640201
v 0.1734785 0.10243016 -0.02907623
v 0.17640956 0.10630547 -0.02865222
v 0.17572173 0.1039864 -0.02568336
v 0.1695053 0.09797954 -0.02891732
v 0.17089979 0.09896102 -0.02937871
v 0.19450435 0.11795429 -0.02509479
v 0.16656695 0.09224828 -0.02964145
v 0.16575311 0.09063784 -0.02918132
v 0.16171701 0.07978491 -0.02639493
v 0.20821461 0.12343188 -0.02474584
v 0.21209809 0.12496591 -0.02664307
v 0.483372 0.01451318 -0.02202999
v 0.15957145 -0.07095475 -0.02750215
v 0.16085024 -0.07697165 -0.0298348
v 0.48527527 0.00780149 -0.0246389
v 0.16018432 -0.07293169 -0.03087886
v 0.15899506 -0.07018843 -0.03110914
v 0.15864781 0.06700704 -0.02875383
v 0.16908604 0.09607589 -0.02921335
v 0.20105268 0.12151104 -0.02734185
v 0.1993916 0.12088837 -0.02813687
v 0.16480443 0.08808663 -0.02926438
v 0.16140831 0.08051845 -0.02969858
v 0.16291851 0.08314376 -0.02968874
v 0.16046718 0.07649503 -0.03002252
v 0.2084505 0.12395801 -0.02732609
v 0.2065852 0.12353659 -0.02736303
v 0.18318069 0.11092812 -0.02575806
v 0.18639906 0.11408371 -0.02815423
v 0.17999014 0.10983066 -0.02863123
v 0.17819285 0.10787085 -0.02888059
v 0.15841113 -0.06744544 -0.03162282
v 0.18304044 0.11166302 -0.02874519
v 0.18417101 0.11343648 -0.02866427
v 0.19691673 0.11979226 -0.02777623
v 0.48507047 0.00637451 -0.02464717
v 0.19268709 0.11791236 -0.02795016
v 0.15778565 -0.06505147 -0.03336633
v 0.15962714 -0.07425226 -0.02963167
v 0.46857098 -0.0919937 -0.04196659
v 0.47126618 -0.09215537 -0.03386905
v 0.47298867 -0.09018445 -0.03366906
v 0.47470534 -0.08733211 -0.03462755
v 0.47627071 -0.0855599 -0.03407986
v 0.47344297 -0.08819813 -0.03339617
v 0.47315875 -0.08920075 -0.03434982
v 0.48320839 -0.07380612 -0.03476387
v 0.48330712 -0.0711637 -0.0388365
v 0.48203397 -0.0761127 -0.03452501
v 0.44498786 -0.11743315 -0.03943747
v 0.45227239 -0.10759699 -0.04756128
v 0.45510426 -0.10146577 -0.05432262
v 0.43994993 -0.12098324 -0.03999453
v 0.43224996 -0.12534106 -0.04333859
v 0.4336268 -0.12470439 -0.04203476
v 0.4290649 -0.12733813 -0.04252364
v 0.42804852 -0.12612075 -0.04838307
v 0.42872608 -0.12810993 -0.04124976
v 0.42730367 -0.12892656 -0.04094119
v 0.48857534 -0.06188779 -0.03716417
v 0.49416509 -0.04793907 -0.03152519
v 0.49582064 -0.04667845 -0.03243259
v 0.49586394 -0.04696782 -0.03351506
v 0.48289549 -0.06387897 -0.04900169
v 0.48953757 -0.05304976 -0.04453994
v 0.41107637 -0.13679722 -0.04275048
v 0.40554178 -0.13845323 -0.04495915
v 0.40749398 -0.13776007 -0.04233218
v 0.4980894 -0.03639736 -0.03700118
v 0.49777651 -0.04006254 -0.03238062
v 0.49897873 -0.03590623 -0.03229971
v 0.40336892 -0.13974327 -0.0432951
v 0.39926752 -0.14146921 -0.04140532
v 0.40299964 -0.13965428 -0.04263295
v 0.39059007 -0.13992597 -0.06107679
v 0.50034308 -0.02105843 -0.04042305
v 0.50207782 -0.0236172 -0.03347783
v 0.50360852 -0.01346997 -0.03353507
v 0.37661204 -0.14470898 -0.05508311
v 0.3908557 -0.1416868 -0.05291208
v 0.3828294 -0.14555037 -0.04328889
v 0.38291395 -0.14571363 -0.04249451
v 0.38163871 -0.14561363 -0.04346476
v 0.38094541 -0.145965 -0.04255643
v 0.38283867 -0.14603958 -0.04020608
v 0.49799636 -0.01204245 -0.04946907
v 0.49491328 -0.02446286 -0.05258928
v 0.50387108 -0.00212964 -0.03511961
v 0.14225535 0.10801809 -0.04623588
v 0.14144278 0.10745593 -0.04511138
v 0.13946249 0.10503381 -0.04728055
v 0.37121922 -0.14737748 -0.04370419
v 0.36871174 -0.14767312 -0.04444168
v 0.36990619 -0.14774886 -0.0435085
v 0.15255246 0.1186776 -0.04375684
v 0.15219223 0.11811065 -0.0449662
v 0.15276988 0.11863103 -0.04896913
v 0.15300786 0.11932761 -0.04283665
v 0.16072808 0.12547445 -0.04350971
v 0.15874518 0.12412744 -0.04020596
v 0.15734448 0.1229201 -0.04192377
v 0.16062464 0.12500545 -0.04286578
v 0.36604434 -0.1478065 -0.04663528
v 0.15779239 0.12264664 -0.04939077
v 0.16332605 0.12672922 -0.04799671
v 0.36834154 -0.14471073 -0.06187635
v 0.13050441 0.09020622 -0.05520849
v 0.12739034 0.08458633 -0.05514864
v 0.12881386 0.08483764 -0.06272111
v 0.15121534 0.11396854 -0.06326881
v 0.14548506 0.10418811 -0.06576993
v 0.15742028 0.11249967 -0.06667332
v 0.49898794 -0.00123042 -0.04836977
v 0.49237192 -0.00686269 -0.06466986
v 0.3616114 -0.14780311 -0.05027698
v 0.36476102 -0.14775771 -0.04685725
v 0.3652181 -0.14788419 -0.04664163
v 0.19423264 0.14273031 -0.03846334
v 0.18657513 0.13950686 -0.03922705
v 0.18925764 0.14002581 -0.04840102
v 0.18060076 0.12784576 -0.06596587
v 0.18618439 0.13581073 -0.06237202
v 0.16894472 0.12495629 -0.0646565
v 0.17637262 0.1156486 -0.06834133
v 0.20510136 0.14484915 -0.05258026
v 0.19768548 0.14275385 -0.05050392
v 0.19283323 0.13971579 -0.05928761
v 0.50410956 0.00861211 -0.03299043
v 0.22530417 0.15084431 -0.04524202
v 0.2194024 0.14879972 -0.04980218
v 0.22969271 0.14486723 -0.06471814
v 0.23301663 0.14955996 -0.06065561
v 0.20785604 0.14369273 -0.06154631
v 0.49802187 0.0155742 -0.04869112
v 0.49315059 0.0062008 -0.06258873
v 0.23256436 0.15171838 -0.04739449
v 0.23366132 0.15251262 -0.03916254
v 0.50389004 0.01234631 -0.03223594
v 0.50296801 0.01759571 -0.03363752
v 0.2443313 0.14902939 -0.06318091
v 0.0002762 -0.11892991 -0.09503101
v 0.34264609 -0.15030514 -0.04540363
v 0.33981368 -0.15130171 -0.04101076
v 0.34555691 -0.15107198 -0.04300953
v 0.34200087 -0.15107645 -0.0407947
v 0.33112025 -0.14889106 -0.06098912
v 0.33775967 -0.15027122 -0.04921272
v 0.33625242 -0.15112416 -0.04187299
v 0.33412105 -0.15139896 -0.04314429
v 0.33636618 -0.15149006 -0.04028555
v 0.33798689 -0.15172429 -0.04014737
v 0.27116507 0.15530883 -0.04026281
v 0.26962265 0.15434901 -0.04803838
v 0.27563587 0.15548806 -0.04045456
v 0.28239217 0.15570435 -0.04009467
v 0.26908857 0.15265167 -0.05977413
v 0.27601764 0.14903231 -0.06469577
v 0.4964202 0.04797539 -0.03047295
v 0.49465024 0.05236327 -0.03331677
v 0.4930743 0.04958663 -0.04127041
v 0.4077836 0.13649434 -0.06093902
v 0.30463508 0.15454182 -0.04869718
v 0.31770658 0.15544531 -0.03987203
v 0.31393695 0.15539299 -0.03979657
v 0.31303522 0.14818303 -0.06524135
v 0.28923175 -0.15182142 -0.04936505
v 0.29956242 -0.15267499 -0.04274114
v 0.2992475 -0.15011492 -0.0605545
v 0.29152557 -0.15269783 -0.04350544
v 0.29479405 -0.15231237 -0.04294472
v 0.48529646 0.04855569 -0.0611145
v 0.27979618 -0.15017562 -0.06058308
v 0.12411492 -0.05716974 -0.06455991
v 0.1246288 -0.06437855 -0.06622265
v 0.46680823 0.09700867 -0.04216675
v 0.34575403 0.15094349 -0.06092573
v 0.33594859 0.15323982 -0.05038147
v 0.32318249 0.15260842 -0.05959865
v 0.12413591 -0.07091306 -0.05216435
v 0.12561294 -0.07570005 -0.05131032
v 0.12467737 -0.07121282 -0.06170249
v 0.3461813 0.15396425 -0.03917553
v 0.35140797 0.15342753 -0.03868515
v 0.12825547 -0.07455671 -0.06545891
v 0.12836945 -0.08282552 -0.04869676
v 0.12898666 -0.08402016 -0.04667508
v 0.13051131 -0.08682829 -0.05255953
v 0.13472174 -0.08958574 -0.06456584
v 0.12768644 -0.07850345 -0.06276906
v 0.25611094 -0.15234715 -0.04494123
v 0.25674775 -0.15259035 -0.0435116
v 0.26027933 -0.15216164 -0.04305902
v 0.25144875 -0.14938407 -0.06094367
v 0.13514681 -0.09433098 -0.05674466
v 0.13134283 -0.08667324 -0.06128336
v 0.24466406 -0.1516127 -0.0447498
v 0.25359416 -0.15219261 -0.04466014
v 0.47474226 0.09062938 -0.03460829
v 0.47421777 0.08573233 -0.04386938
v 0.13417552 -0.09405159 -0.05020076
v 0.13527834 -0.09673057 -0.04682901
v 0.1374456 -0.09935077 -0.04764986
v 0.36783716 0.15204769 -0.03858161
v 0.13961938 -0.10157222 -0.05160915
v 0.14131327 -0.10512751 -0.04719478
v 0.14544523 -0.10981019 -0.04580013
v 0.17838538 -0.13332564 -0.04747606
v 0.17934783 -0.13384889 -0.04671983
v 0.18169108 -0.13459082 -0.04753342
v 0.18209516 -0.13493952 -0.04832818
v 0.38543558 0.14656886 -0.05210998
v 0.3981967 0.14297691 -0.05123821
v 0.16068931 -0.12263233 -0.04792533
v 0.15647903 -0.11980205 -0.04523914
v 0.1593824 -0.12218577 -0.04599338
v 0.41063717 0.14117089 -0.03853253
v 0.40775731 0.14099671 -0.04397567
v 0.2090155 -0.14282338 -0.06040587
v 0.21351425 -0.146534 -0.04406882
v 0.16205423 -0.12088996 -0.06277774
v 0.16431136 -0.12443496 -0.0524683
v 0.41834262 0.13442606 -0.050159
v 0.4362433 0.12521259 -0.04440548
v 0.18344934 -0.13599418 -0.04630594
v 0.18661277 -0.13705871 -0.04644495
v 0.19280005 -0.13775161 -0.06045717
v 0.43930826 0.11700089 -0.06001597
v 0.42864028 0.12803072 -0.0510736
v 0.44471437 0.11509649 -0.05335538
v 0.19380166 -0.14027451 -0.0458244
v 0.19452608 -0.13979325 -0.04448105
v 0.19621249 -0.14105844 -0.04600362
v 0.18942021 -0.13832927 -0.04709931
v 0.20033853 -0.14188871 -0.05022141
v 0.16599588 -0.12630877 -0.04489045
v 0.16390063 -0.12466583 -0.04687458
v 0.24276464 -0.15079342 -0.04388846
v 0.24051425 -0.15101212 -0.04489789
v 0.16727307 -0.12691402 -0.04880311
v 0.26226616 -0.15264301 -0.04370822
v 0.15626314 -0.11821101 -0.05527151
v 0.15487637 -0.11879806 -0.04579553
v 0.27912885 -0.15258296 -0.0445819
v 0.28570527 -0.15297815 -0.04320496
v 0.37704292 0.14674647 -0.06052469
v 0.42846319 0.13233282 -0.03746488
v 0.30362809 -0.15237603 -0.04410562
v 0.14473701 -0.10425366 -0.06370913
v 0.15024079 -0.11156888 -0.06219789
v 0.31473964 -0.15103132 -0.0519904
v 0.49728322 0.04467725 -0.03276322
v 0.49734503 0.04387746 -0.03345188
v 0.497116 0.04595905 -0.03177018
v 0.318694 -0.15187106 -0.0439398
v 0.31352505 -0.15202568 -0.04445464
v 0.49091074 0.02582859 -0.0624081
v 0.49409631 0.03922419 -0.04687157
v 0.48684937 0.0379851 -0.06477546
v 0.13871914 -0.10113049 -0.04822679
v 0.13964376 -0.10249995 -0.04718381
v 0.13921122 -0.10088238 -0.05266362
v 0.49861497 0.02354554 -0.04397515
v 0.50289673 0.02046631 -0.03278989
v 0.34159058 -0.14993888 -0.04645055
v 0.34249195 -0.15035132 -0.04626701
v 0.34898597 -0.14991198 -0.04415126
v 0.34772342 -0.14900894 -0.052184
v 0.35807925 -0.14622945 -0.06176226
v 0.36143237 0.14921907 -0.06123243
v 0.35659111 0.15251747 -0.04397342
v 0.34727994 0.15219064 -0.0516353
v 0.12631163 -0.07739973 -0.04999365
v 0.12710863 -0.07997682 -0.04944101
v 0.33936644 0.1543815 -0.03955168
v 0.39560932 -0.1425676 -0.04176358
v 0.39706698 -0.14207266 -0.04125405
v 0.40154549 -0.1408038 -0.04101566
v 0.49655741 -0.04420794 -0.03269872
v 0.497473 -0.04229245 -0.03177238
v 0.49436057 -0.05030327 -0.0329642
v 0.42465952 -0.13065249 -0.04103097
v 0.47483328 -0.08203976 -0.04367816
v 0.12244166 -0.06333435 -0.06378254
v 0.12297945 -0.05836971 -0.0612012
v 0.12121598 -0.0600966 -0.05921591
v 0.43688643 -0.12273338 -0.03852373
v 0.43626073 -0.12305652 -0.04063288
v 0.44180965 -0.11950816 -0.03870016
v 0.44250944 -0.11924223 -0.03938683
v 0.45038357 -0.11210163 -0.0412837
v 0.45510033 -0.10973323 -0.03623906
v 0.4566783 -0.10833449 -0.03609162
v 0.46774551 -0.0965584 -0.0343685
v 0.46923757 -0.09522559 -0.03376862
v 0.4624494 -0.10079803 -0.03921664
v 0.46712527 -0.09782697 -0.03465085
v 0.00066595 0.09061795 -0.10311075
v 0.29267529 0.15576759 -0.04013784
v 0.29733226 0.15566656 -0.03874077
v 0.295302 0.1555663 -0.03907584
v 0.28586587 0.15347409 -0.05614998
v 0.26363927 0.1500216 -0.06359174
v 0.25138083 0.15173836 -0.06055192
v 0.25667959 0.15508519 -0.03909521
v 0.25537765 0.15405279 -0.0472643
v 0.26387411 0.1551017 -0.03932823
v 0.14842792 0.11476394 -0.04674573
v 0.15046242 0.11580619 -0.05501722
v 0.15023239 0.11647525 -0.04545116
v 0.14999484 0.11777558 -0.04363479
v 0.15234841 0.11843323 -0.04304752
v 0.14459616 0.10962059 -0.05752851
v 0.13352259 0.09258649 -0.06331217
v 0.17522582 0.13365068 -0.04837649
v 0.16043961 0.1225424 -0.06125237
v 0.21544828 0.14929254 -0.03773361
v 0.21324773 0.14852406 -0.03845609
v 0.21044701 0.14741662 -0.04577684
v 0.22082359 0.14766839 -0.05927296
v 0.21536134 0.13244958 -0.06781035
v 0.20289528 0.13816538 -0.0649287
v 0.23695801 0.15331075 -0.03922343
v 0.2181122 0.14947937 -0.037157
v 0.2326425 0.13323274 -0.06893523
v 0.13508883 0.08558045 -0.06724554
v 0.2092914 0.14725584 -0.03847167
v 0.20451197 0.14601459 -0.03845071
v 0.19909576 0.1442298 -0.03885817
v 0.12792772 0.08121999 -0.0638642
v 0.12949413 0.07777817 -0.06653704
v 0.17393659 0.13118805 -0.06034015
v 0.27386266 0.1549345 -0.0395365
v 0.13139306 0.09188072 -0.05488809
v 0.1675981 0.12998863 -0.04046914
v 0.16517416 0.12865737 -0.04046698
v 0.16851963 0.13060188 -0.04186641
v 0.13723062 0.10167806 -0.05021077
v 0.13828211 0.10174325 -0.05433423
v 0.1390056 0.10333671 -0.05296689
v 0.13693738 0.10115289 -0.05245478
v 0.14270151 0.10872626 -0.04626521
v 0.14348437 0.11004616 -0.04545106
v 0.13929176 0.10479001 -0.04673309
v 0.13848183 0.10336334 -0.04441123
v 0.13930966 0.10438979 -0.04771664
v 0.13786562 0.10290589 -0.04736411
v 0.15003558 0.11512335 -0.04443816
v 0.30582252 0.15492876 -0.03953735
v 0.30329859 0.15552332 -0.04024239
v 0.29032314 0.15546685 -0.03995027
v 0.30238846 0.15455934 -0.03870295
v 0.30155858 0.1556121 -0.03922024
v 0.31247976 0.15547433 -0.03965468
v 0.30845639 0.15281956 -0.0606654
v 0.33219957 0.14996253 -0.06358862
v 0.32698831 0.15509047 -0.03966237
v 0.33358827 0.14512289 -0.06603523
v 0.35962495 0.15268259 -0.03840416
v 0.35491467 0.15314896 -0.03827314
v 0.13389567 -0.09356055 -0.04964978
v 0.14634123 -0.09676289 -0.06714419
v 0.14342256 -0.10536748 -0.05719895
v 0.13992864 -0.09994601 -0.06165355
v 0.40820873 0.14170177 -0.03915202
v 0.4502469 -0.11426332 -0.0361936
v 0.44821763 -0.11511994 -0.03768741
v 0.47992554 -0.07997091 -0.0324067
v 0.48002282 -0.07870328 -0.03166373
v 0.48107272 -0.07811022 -0.03317882
v 0.42027837 -0.13225557 -0.04299222
v 0.40990561 -0.13246703 -0.06157728
v 0.49267328 -0.04131686 -0.04733227
v 0.45411107 0.10806935 -0.04848359
v 0.48736176 -0.03702249 -0.06421671
v 0.38858455 -0.14420983 -0.04102034
v 0.39012793 -0.14492829 -0.04159472
v 0.38674492 -0.1448538 -0.04032258
v 0.38091639 -0.14572127 -0.04393728
v 0.46406642 0.08847587 -0.06200669
v 0.45423102 0.10084985 -0.06251246
v 0.37462541 -0.14703059 -0.04178609
v 0.36994031 -0.14809375 -0.04170266
v 0.37339801 -0.14758545 -0.04072922
v 0.3687987 -0.14889249 -0.03676069
v 0.36918354 -0.14805198 -0.03957156
v 0.2657904 -0.15006894 -0.06006023
v 0.26951092 -0.15276408 -0.04337476
v 0.26744652 -0.15267155 -0.04274449
v 0.2640146 -0.15245919 -0.04286156
v 0.48389161 0.06257851 -0.05091048
v 0.47356924 0.07684482 -0.05747307
v 0.35851604 -0.14879468 -0.04581718
v 0.33470902 -0.15126655 -0.0418256
v 0.33437827 -0.1517055 -0.03973023
v 0.49801582 0.04240142 -0.03347508
v 0.3277882 -0.15146877 -0.04458379
v 0.50089145 0.03099263 -0.03270853
v 0.50106424 0.02966976 -0.03262196
v 0.49118075 -0.01903361 -0.06465606
v 0.28374961 -0.15275384 -0.04336498
v 0.38032407 -0.1456576 -0.04091088
v 0.37701744 -0.14713803 -0.03940729
v 0.27232 -0.15263027 -0.04382217
v 0.39274791 -0.14352039 -0.04176595
v 0.50016856 -0.03169191 -0.03149725
v 0.50117916 -0.02687062 -0.03430194
v 0.50111312 -0.02858957 -0.03147635
v 0.39646617 -0.14325485 -0.03968304
v 0.49959207 -0.03453704 -0.03141909
v 0.41347486 -0.13564676 -0.04252281
v 0.41613266 -0.13442235 -0.04269002
v 0.42192712 -0.13133213 -0.04300419
v 0.48803741 -0.06563267 -0.03137331
v 0.48647776 -0.06808022 -0.03216625
v 0.48530582 -0.0699813 -0.03384458
v 0.46193224 -0.10138807 -0.03925799
v 0.47816914 -0.0826116 -0.03297488
v 0.4545241 -0.11089899 -0.03488979
v 0.45354444 -0.11096847 -0.03620312
v 0.24646129 -0.15134141 -0.04382021
v 0.24814908 -0.15191515 -0.04359578
v 0.14792623 -0.11120331 -0.05294316
v 0.14682569 -0.11106797 -0.04613516
v 0.46107149 0.1067245 -0.03597575
v 0.21404018 -0.14634451 -0.04248717
v 0.21591659 -0.14711161 -0.04293472
v 0.14631288 0.11266654 -0.04636984
v 0.14494793 0.11139096 -0.04605364
v 0.14753929 0.11384608 -0.04723291
v 0.14538823 0.11112063 -0.05200996
v 0.14062485 0.10340261 -0.06236111
v 0.13882568 0.10312087 -0.05485534
v 0.16310005 0.12683931 -0.04184039
v 0.16199043 0.1259052 -0.0399668
v 0.13407022 0.09664023 -0.0518221
v 0.13534379 0.09736147 -0.05974688
v 0.13696559 0.10034137 -0.05539357
v 0.1364416 0.09955411 -0.05258689
v 0.16999844 0.13134871 -0.04133145
v 0.16731228 0.12833992 -0.0536252
v 0.12777002 0.08194027 -0.06181831
v 0.1290558 0.08376428 -0.06333877
v 0.14156708 0.09611703 -0.06673042
v 0.19187498 -0.13966674 -0.0448797
v 0.19868886 0.14337181 -0.03789888
v 0.1963145 0.14304049 -0.03785177
v 0.24306054 0.1527079 -0.04949329
v 0.25012946 0.15440932 -0.04006016
v 0.18226385 -0.13472611 -0.04709369
v 0.2522901 0.14594167 -0.06546269
v 0.27816427 0.15563138 -0.0397481
v 0.16680816 -0.12657769 -0.04750654
v 0.40533647 0.14333129 -0.03796901
v 0.40344563 0.14389712 -0.03694473
v 0.4010022 0.14491425 -0.03748908
v 0.3096936 0.15535049 -0.04023059
v 0.12397318 -0.05731904 -0.06305559
v 0.14848816 -0.11308061 -0.04538479
v 0.1499391 -0.11446347 -0.04612042
v 0.12270527 -0.06708248 -0.05392487
v 0.12780303 -0.0807749 -0.04823112
v 0.37420371 0.14949316 -0.04834291
v 0.13953304 -0.1013227 -0.05289177
v 0.36249754 0.1524327 -0.03855955
v 0.13238224 -0.09151024 -0.04701675
v 0.13360296 -0.09279411 -0.0468399
v 0.13024633 -0.08707034 -0.04644231
v 0.15299508 -0.11682614 -0.04655497
v 0.16853656 -0.12765262 -0.04754504
v 0.17643476 -0.13215715 -0.04846196
v 0.18936312 -0.13902122 -0.04597411
v 0.22039163 -0.14793085 -0.04364982
v 0.26553741 0.15527682 -0.0400543
v 0.27967304 -0.15298374 -0.04302549
v 0.27672729 -0.15261933 -0.04349917
v 0.28048548 -0.15255737 -0.04303906
v 0.21111543 0.14784388 -0.03830166
v 0.31019279 -0.15205677 -0.04420744
v 0.32262397 -0.15162663 -0.04500276
v 0.50032055 0.03369046 -0.03254114
v 0.12898856 0.08371878 -0.06304286
v 0.12749395 0.08299707 -0.05937652
v 0.18107146 0.13690975 -0.04544091
v 0.18160501 0.13612147 -0.05234073
v 0.33020607 -0.15133509 -0.04435749
v 0.13922846 0.10411073 -0.05104123
v 0.50130111 -0.02477787 -0.03443332
v 0.49220484 -0.05678182 -0.03191347
v 0.49358466 -0.05274224 -0.03292834
v 0.44550988 -0.11734102 -0.03805497
v 0.44783923 -0.11565542 -0.03746185
v 0.45925638 -0.10600264 -0.03491413
v 0.46240917 -0.10135396 -0.03774773
v 0.46430618 -0.10005087 -0.03599997
v 0.4629024 -0.10142294 -0.03616174
v 0.4648709 -0.09988242 -0.03414806
v 0.15686733 0.12186897 -0.04152365
v 0.15511948 0.12112508 -0.04088614
v 0.14753632 0.114095 -0.04478003
v 0.13989872 0.10445236 -0.05322072
v 0.14171027 0.10640765 -0.05371658
v 0.14170915 0.10640682 -0.05420387
v 0.1830232 0.13798915 -0.039437
v 0.19144815 0.14132382 -0.03858818
v 0.2016305 0.14476185 -0.03916682
v 0.40416384 -0.13943653 -0.04227993
v 0.40612718 -0.13857257 -0.04353514
v 0.23959567 0.15370935 -0.03888908
v 0.40027493 -0.13838029 -0.05382166
v 0.25342524 0.15487066 -0.03925651
v 0.3555409 -0.14918618 -0.04540764
v 0.12209184 -0.06483901 -0.05655759
v 0.13127695 -0.08958559 -0.04611373
v 0.32744384 -0.15163559 -0.04360927
v 0.32403469 -0.15173401 -0.04340355
v 0.13464281 -0.09505833 -0.04682299
v 0.1342894 -0.09402018 -0.04970318
v 0.31508708 -0.15256487 -0.04213339
v 0.31399825 -0.15214087 -0.04272777
v 0.37701133 0.15059973 -0.03832404
v 0.37901255 0.15030578 -0.03863417
v 0.16187133 -0.12356889 -0.04757266
v 0.27227682 -0.15312169 -0.04243696
v 0.19911335 -0.14182959 -0.04492282
v 0.20005031 -0.14315622 -0.04328952
v 0.20172986 -0.14320028 -0.04322975
v 0.20171273 -0.14287421 -0.04481167
v 0.20653193 -0.14419062 -0.04509354
v 0.20216672 -0.14331296 -0.04401892
v 0.20631139 -0.14456202 -0.04363559
v 0.21041688 -0.14556161 -0.04480051
v 0.21081533 -0.14555915 -0.043915
v 0.46004552 0.09921781 -0.05288221
v 0.24673487 -0.15131952 -0.04276707
v 0.24745056 -0.15171675 -0.04273735
v 0.25017214 -0.15199988 -0.04262459
v 0.25210068 -0.15256149 -0.04331637
v 0.26548937 -0.15262361 -0.0419166
v 0.30826277 -0.15240638 -0.04395603
v 0.30510747 -0.15169506 -0.04357862
v 0.49922079 0.03897403 -0.03086988
v 0.38456249 -0.14577073 -0.03915463
v 0.15121031 -0.11584394 -0.04631112
v 0.46007913 -0.10478276 -0.03375739
v 0.46122578 -0.10268399 -0.03458269
v 0.46261194 -0.10173268 -0.03579868
v 0.13641518 -0.09879511 -0.04559565
v 0.12472557 -0.07365801 -0.05098506
v 0.28106743 0.15577419 -0.03927718
v 0.13192099 0.09423921 -0.05150829
v 0.13247231 0.09438217 -0.05262638
v 0.13018833 0.09032366 -0.05372882
v 0.1306586 0.07612848 -0.06725714
v 0.3070505 0.15549175 -0.04017324
v 0.30779877 0.15554163 -0.03985163
v 0.30763179 0.15476315 -0.0389936
v 0.26842579 0.15506096 -0.03960546
v 0.12281545 -0.06810374 -0.05224976
v 0.20340897 0.14553274 -0.03780359
v 0.18837897 0.14025368 -0.03818094
v 0.12761782 0.08014755 -0.06371178
v 0.14286207 -0.10678806 -0.04623662
v 0.1285041 0.08655619 -0.05252049
v 0.12762545 0.08483014 -0.05344453
v 0.13189371 0.092537 -0.05292703
v 0.13720296 0.10035415 -0.05337837
v 0.14574076 0.11218122 -0.04585396
v 0.14580119 0.11203048 -0.04652881
v 0.14543135 0.1116838 -0.04603326
v 0.26413229 -0.15246157 -0.04249398
v 0.26308531 -0.15248491 -0.04161773
v 0.49834394 0.04074929 -0.03312609
v 0.44753224 -0.1155154 -0.03683738
v 0.43456742 -0.12421823 -0.04059328
v 0.48425642 -0.07253481 -0.03292933
v 0.49583629 -0.04612597 -0.03314011
v 0.12223534 -0.06183174 -0.05709205
v 0.37274262 -0.1479203 -0.03875324
v 0.37512729 -0.1472456 -0.04074458
v 0.41846859 -0.13315682 -0.04212607
v 0.45228162 -0.11272509 -0.0362988
v 0.45936853 -0.10722405 -0.03351191
v 0.1313554 0.07486989 -0.06756066
v 0.13293585 0.07234783 -0.06828906
v 0.44170225 -0.11103435 -0.06263001
v 0.46558791 -0.08324579 -0.06340704
v 0.45564786 -0.09664284 -0.06263382
v 0.44758382 -0.10128751 -0.06606704
v 0.42731449 -0.11836883 -0.06552464
v 0.46301007 -0.08410826 -0.06549096
v 0.48336682 -0.04897338 -0.06429365
v 0.47631627 -0.0652696 -0.06378178
v 0.40673777 -0.12756364 -0.06702231
v 0.40484744 -0.13242699 -0.06466807
v 0.38127404 -0.14126013 -0.06356005
v 0.39082795 -0.13327703 -0.0670961
v 0.37051871 -0.14022648 -0.06601221
v 0.16882315 0.10547568 -0.07001334
v 0.17892894 0.10889139 -0.07262149
v 0.49154896 0.01477966 -0.06469154
v 0.34419701 -0.14789192 -0.06112133
v 0.35044196 -0.14307058 -0.0655846
v 0.33241108 -0.14580405 -0.06466506
v 0.26276875 0.13845587 -0.06818902
v 0.29245442 0.14841884 -0.06516276
v 0.40409374 0.13204111 -0.06601133
v 0.39855632 0.1377954 -0.06420797
v 0.29944366 0.13916163 -0.06841933
v 0.47836199 0.05682798 -0.06626797
v 0.47886148 0.06281038 -0.06225244
v 0.30430973 -0.1475368 -0.06440523
v 0.29109827 -0.14490916 -0.06589767
v 0.28605583 -0.14887048 -0.06296594
v 0.26415098 -0.14741795 -0.06402621
v 0.24936658 -0.14458014 -0.06516532
v 0.23923343 -0.14494842 -0.06460533
v 0.23991345 -0.14854543 -0.06042074
v 0.23923425 -0.15099382 -0.0446659
v 0.36941341 0.14306398 -0.06531491
v 0.35310504 0.13546473 -0.06887021
v 0.38345829 0.12989092 -0.0688195
v 0.39337239 0.14225233 -0.06096822
v 0.39135373 0.12238699 -0.07106693
v 0.22360201 -0.14623128 -0.06028085
v 0.17046626 -0.12729676 -0.0593177
v 0.20450541 -0.12643781 -0.06856465
v 0.20814309 -0.13951209 -0.0645165
v 0.42335674 0.12067983 -0.06634979
v 0.43269634 0.11855723 -0.06442422
v 0.41879538 0.13003963 -0.06250623
v 0.19239976 -0.13410953 -0.06453553
v 0.17932996 -0.13148674 -0.06183589
v 0.42998785 0.12336088 -0.06157706
v 0.44015542 0.10866997 -0.06617203
v 0.44839191 0.10645629 -0.06325564
v 0.2230659 -0.14235708 -0.06474217
v 0.23508468 -0.13414976 -0.06831563
v 0.22767584 -0.14944641 -0.04397792
v 0.23011597 -0.14963533 -0.04510601
v 0.23444545 -0.14983165 -0.04815179
v 0.23406588 -0.15015946 -0.04457547
v 0.23455742 -0.15024826 -0.04513675
v 0.23531188 -0.15012196 -0.04564906
v 0.23555215 -0.15005696 -0.04414511
v 0.235897 -0.15027057 -0.04518187
v 0.23564504 -0.15014668 -0.04566646
v 0.16834682 -0.12750521 -0.04907656
v 0.1893819 -0.12205981 -0.06799263
v 0.47235638 0.07305323 -0.06421907
v 0.4663322 0.0783402 -0.06620788
v 0.38389906 0.14122565 -0.06482925
v 0.31555021 -0.14613399 -0.06519727
v 0.31818181 -0.14953808 -0.06092811
v 0.43395075 -0.11777867 -0.06153716
v 0.474958 -0.0755733 -0.0529135
v 0.28770581 0.15213853 -0.06197174
v 0.20388287 0.1243056 -0.07012809
v 0.19331749 0.12380093 -0.06834736
v 0.32429728 0.13786113 -0.06880081
v 0.35280618 0.14574647 -0.0652346
v 0.42302465 -0.12519862 -0.06175846
v 0.23323759 -0.1499836 -0.04516811
v 0.23669617 -0.15056898 -0.04447139
v 0.2755143 -0.14591843 -0.06528039
v 0.48371693 0.03670366 -0.06748541
v 0.47816694 0.0172501 -0.07186385
v 0.45490363 0.09268805 -0.06651261
v 0.22974204 -0.14978641 -0.04279709
v 0.22789104 -0.14961609 -0.04230454
v 0.17029545 -0.12865311 -0.04879199
v 0.17071562 -0.12909308 -0.04772867
v 0.17282256 -0.13032278 -0.04857838
v 0.174439 -0.12307658 -0.06597902
v 0.23460433 -0.15043046 -0.04398542
v 0.22256921 -0.14849456 -0.04438129
v 0.22537366 -0.1489639 -0.04372614
v -0.00278156 -0.1723786 -0.09869665
v 0.19084603 -0.11477436 -0.02789143
v 0.18534406 -0.11098108 -0.02540311
v 0.45941705 -0.07375327 -0.02393469
v 0.48355079 -0.00710023 -0.02136743
v 0.16180667 0.04420024 -0.05771737
v 0.16188382 0.05521904 -0.05524939
v 0.15945289 0.02532764 -0.05750332
v 0.15907244 0.009076 -0.05743449
v 0.29471493 0.1283399 -0.0234301
v 0.15923804 -0.01310575 -0.05711003
v 0.1604479 -0.03325952 -0.05722927
v 0.31096616 0.12932147 -0.02536798
v 0.30438209 0.12885788 -0.02590203
v 0.16198948 -0.04613218 -0.05680358
v 0.16056944 -0.05441321 -0.05334598
v 0.1568182 -0.05653621 -0.04978522
v 0.1559314 -0.05696818 -0.05168161
v 0.36539882 0.12574169 -0.0219901
v 0.45295236 0.083888 -0.02088678
v 0.45317075 0.08474357 -0.02381006
v 0.36442626 0.12712216 -0.02464846
v 0.36895183 0.12654115 -0.02493016
v 0.25528204 -0.12803073 -0.02597793
v 0.26713395 -0.1272476 -0.02359765
v 0.39416462 0.12212569 -0.02491665
v 0.39138752 0.12200284 -0.0219977
v 0.39163741 0.12302058 -0.02461929
v 0.39593574 0.12188135 -0.02408058
v 0.1890569 -0.11413058 -0.02818169
v 0.22092256 -0.1249918 -0.02700522
v 0.21957372 -0.12414553 -0.02420403
v 0.2234363 -0.12521884 -0.02703315
v 0.43431202 0.10110696 -0.02142059
v 0.45681238 0.08037744 -0.02421701
v 0.44558397 0.09147564 -0.02113281
v 0.38097522 0.12421449 -0.02411051
v 0.37775478 0.12527333 -0.0244146
v 0.37255508 0.12604541 -0.02507213
v 0.32902315 -0.12554303 -0.02533334
v 0.15879273 -0.05731887 -0.03486954
v 0.15949358 -0.0567137 -0.04187014
v 0.15798926 -0.05593555 -0.05556578
v 0.15866926 -0.05308091 -0.05884698
v 0.15932707 -0.05237936 -0.06029929
v 0.16044007 -0.0489242 -0.0601604
v 0.16004233 -0.03849987 -0.06065589
v 0.15969516 -0.03401321 -0.06022776
v 0.46290934 -0.070074 -0.02481341
v 0.15939562 -0.03110132 -0.06065403
v 0.15904571 -0.02882344 -0.06019557
v 0.15893084 0.02432843 -0.06074137
v 0.15917753 0.02701487 -0.05998643
v 0.38877112 0.12344784 -0.02429404
v 0.38274261 0.12491975 -0.02438291
v 0.38640016 0.12400174 -0.024226
v 0.15929466 0.02936603 -0.06026306
v 0.35745844 0.12726057 -0.02511488
v 0.45208508 0.0866408 -0.02377524
v 0.32521266 -0.12645155 -0.02621438
v 0.45969808 0.07569116 -0.01943169
v 0.15858284 0.00083933 -0.05974725
v 0.15855201 -0.00118698 -0.05966628
v 0.38557121 0.12470234 -0.02513549
v 0.15836303 -0.01110996 -0.06026067
v 0.15837055 -0.0059111 -0.06029354
v 0.15859747 -0.01381273 -0.06049709
v 0.15894143 -0.02472148 -0.06036543
v 0.15916869 -0.02642388 -0.06074337
v 0.43913478 0.09857673 -0.02403985
v 0.45959356 0.07696903 -0.02424556
v 0.32000715 -0.12664495 -0.02613696
v 0.32370508 -0.12604369 -0.02682266
v 0.32173607 -0.12615712 -0.02636595
v 0.45943075 -0.07622692 -0.02557938
v 0.45807847 -0.07650622 -0.02498574
v 0.4600479 -0.07501549 -0.02527843
v 0.1578712 -0.0572619 -0.04835894
v 0.35924032 0.12733978 -0.02530898
v 0.36252722 0.12672263 -0.02527317
v 0.15727097 -0.05617362 -0.05377111
v 0.44102702 0.09691181 -0.02390742
v 0.4442929 0.09386108 -0.02406327
v 0.44891232 0.0895594 -0.02432395
v 0.45028517 0.08805368 -0.02381077
v 0.37960854 0.12503678 -0.02496656
v 0.16063718 -0.04267758 -0.05994079
v 0.16068712 -0.045401 -0.06015089
v 0.15625434 -0.01073286 -0.04653681
v 0.15163289 -0.01506843 -0.02672287
v 0.15805832 -0.03700826 -0.04621342
v 0.15569864 -0.05493651 -0.02742253
v 0.15368281 -0.03782495 -0.02858538
v 0.14785269 -0.08090323 -0.00195212
v 0.20105311 -0.11905093 -0.0247374
v 0.44079334 -0.09429199 -0.01618939
v 0.45356798 -0.0824115 -0.00611531
v 0.44041383 -0.09515681 -0.02368908
v 0.44173554 -0.09254626 -0.02097269
v 0.44109252 -0.09404584 -0.0233283
v 0.46388081 -0.06796217 -0.01541223
v 0.45332739 -0.08110522 -0.02135573
v 0.46701559 -0.06456289 -0.02569401
v 0.46887103 -0.05873283 -0.02211703
v 0.46849683 -0.06191865 -0.02490862
v 0.4661881 -0.06559678 -0.02465811
v 0.47054282 -0.05746021 -0.02496588
v 0.473952 -0.05020709 -0.02474523
v 0.46970788 -0.05856647 -0.02451141
v 0.47479022 -0.04611231 -0.02205306
v 0.47508237 -0.04807743 -0.00630823
v 0.47867298 -0.03746691 -0.02402052
v 0.47819048 -0.0393332 -0.02433014
v 0.47931013 -0.0347686 -0.02437617
v 0.48043287 -0.02826078 -0.02073259
v 0.48061362 -0.03091294 -0.02458424
v 0.48101872 -0.0256552 -0.02340752
v 0.38389823 -0.12156811 -0.02419975
v 0.1659537 0.09961303 -0.00671473
v 0.16176741 0.09194618 -0.00888005
v 0.16913074 0.09520043 -0.02640201
v 0.17572173 0.1039864 -0.02568336
v 0.19542171 0.12061802 -0.0072428
v 0.18618393 0.116722 -0.00601122
v 0.19450435 0.11795429 -0.02509479
v 0.18320821 -0.11196717 -0.01685314
v 0.19410878 -0.11742873 -0.01876286
v 0.15573214 0.06459485 -0.02218366
v 0.16171701 0.07978491 -0.02639493
v 0.15479654 0.07753327 -0.00675226
v 0.37135854 -0.12308744 -0.02210649
v 0.22127919 0.12614515 -0.02414648
v 0.22122405 0.1272049 -0.00613607
v 0.20693423 0.12417731 -0.00741025
v 0.20821461 0.12343188 -0.02474584
v 0.21209809 0.12496591 -0.02664307
v 0.22463614 0.12730679 -0.0263671
v 0.22326253 0.1275316 -0.02682669
v 0.15886378 0.06237774 -0.03949887
v 0.15924066 0.06243249 -0.03797633
v 0.15899108 0.06153098 -0.04132749
v 0.15994202 0.05527281 -0.04187627
v 0.15657616 0.04949218 -0.03570763
v 0.23575909 0.13530411 -0.00091256
v 0.22926351 0.1276207 -0.02596595
v 0.23127928 0.1286011 -0.02702829
v 0.23381987 0.12870097 -0.02629968
v 0.23645723 0.1279539 -0.02314555
v 0.24210995 0.12886022 -0.02599549
v 0.2533443 0.12920552 -0.02600598
v 0.35689071 -0.12494033 -0.02562568
v 0.34768644 -0.12455853 -0.02288504
v 0.35888618 -0.12453792 -0.02576114
v 0.26397231 0.1290991 -0.0173404
v 0.24350999 0.12896937 -0.00690576
v 0.1474696 0.02298476 -0.01058822
v 0.1467694 0.0029477 -0.01047827
v 0.15731479 0.03763821 -0.0445652
v 0.35296032 -0.1250113 -0.0172582
v 0.483372 0.01451318 -0.02202999
v 0.26631314 0.12966704 -0.02599659
v 0.27111167 0.13008773 -0.02618455
v 0.26755849 0.12861377 -0.02354484
v 0.15453748 0.01252028 -0.03984501
v 0.47745275 0.04249661 -0.02168207
v 0.48057583 0.03322309 -0.02404489
v 0.48050219 0.03295925 -0.01548394
v 0.26695269 0.13456155 -0.00078561
v 0.1521509 0.00890147 -0.02963061
v 0.29624423 0.12910651 -0.02576776
v 0.30066383 0.12896183 -0.02611565
v 0.32973915 -0.12620088 -0.01655665
v 0.29534936 -0.12727149 -0.01756451
v 0.29441729 -0.1273451 -0.00869885
v 0.30843163 -0.12706655 -0.0260732
v 0.3022382 -0.12645602 -0.02343051
v 0.31213048 -0.12652081 -0.02625902
v 0.30141273 0.12871501 -0.00638514
v 0.2929655 0.12874638 -0.01738717
v 0.32722393 0.12777992 -0.0215189
v 0.33384809 0.12765235 -0.00853797
v 0.31660739 0.12934364 -0.00352814
v 0.14917259 -0.04243457 -0.01109603
v 0.15060155 -0.05919395 -0.00783701
v 0.31933415 0.12854487 -0.02531223
v 0.31720865 0.12840702 -0.02486785
v 0.29481265 -0.12725244 -0.0260129
v 0.29067808 -0.12765627 -0.02646602
v 0.3637991 0.12617239 -0.00709982
v 0.35190767 0.12792702 -0.00329017
v 0.15957145 -0.07095475 -0.02750215
v 0.16450334 -0.08548779 -0.02559788
v 0.16124949 -0.07947809 -0.02966014
v 0.16085024 -0.07697165 -0.0298348
v 0.35039249 0.12747148 -0.02518702
v 0.35394418 0.12755771 -0.0248786
v 0.16222294 -0.08168904 -0.02934758
v 0.34598702 0.13075902 -0.00097162
v 0.24462451 -0.12689932 -0.02619444
v 0.16846402 -0.10593013 -0.003718
v 0.17452951 -0.10843849 -0.00666373
v 0.16416618 -0.09757361 -0.00572487
v 0.17464353 -0.10145941 -0.02841514
v 0.17762128 -0.10449331 -0.02559953
v 0.17601325 -0.10371443 -0.02860001
v 0.23309638 -0.12619531 -0.02615283
v 0.39869884 0.12049195 -0.02418577
v 0.40856752 0.11693525 -0.00540804
v 0.40815026 0.11624685 -0.02098884
v 0.41621852 0.11241328 -0.02361356
v 0.41326097 0.11625415 -0.00219976
v 0.43152279 0.10714128 -0.00109183
v 0.41286206 0.1191767 -0.00019092
v 0.21073972 -0.12324107 -0.01809768
v 0.21740457 -0.124078 -0.02701989
v 0.42269847 0.11000556 -0.0056293
v 0.43390554 0.10265779 -0.00520313
v 0.1804115 -0.10828007 -0.02847179
v 0.18429871 -0.1109421 -0.02878
v 0.42306167 0.10876788 -0.02368904
v 0.43103239 0.10508013 -0.02373509
v 0.43218195 0.10424184 -0.02460369
v 0.43325078 0.10341505 -0.02389902
v 0.43561015 0.10160898 -0.02421804
v 0.44280264 0.09542937 -0.00623259
v 0.24963152 -0.12800124 -0.0066213
v 0.25297049 -0.12781359 -0.02650443
v 0.18743207 -0.11278578 -0.02846794
v 0.18626654 -0.11221123 -0.02871456
v 0.25353476 -0.12786558 -0.01789463
v 0.28566158 -0.127764 -0.02607715
v 0.28322938 -0.12795284 -0.02635581
v 0.46599406 0.06633507 -0.02130541
v 0.4704752 0.06104908 -0.02471611
v 0.47227407 0.05741218 -0.02424081
v 0.38639984 0.12367843 -0.00496861
v 0.17205417 -0.09847071 -0.02477932
v 0.16450968 -0.09321256 -0.01404029
v 0.4732081 0.05545231 -0.00588078
v 0.32969058 -0.12660018 -0.02662886
v 0.33025238 -0.12612134 -0.02610973
v 0.16538683 -0.08872449 -0.02928078
v 0.16380097 -0.08502539 -0.02933422
v 0.33421361 -0.12581386 -0.02568689
v 0.33764297 -0.12596849 -0.02629909
v 0.15740037 -0.08151788 -0.00966687
v 0.34646851 0.12808381 -0.02532602
v 0.33287966 0.12853304 -0.0258882
v 0.33529514 0.12801191 -0.02512342
v 0.32963431 0.12821844 -0.02528681
v 0.42990291 -0.10189299 -0.02251816
v 0.43827468 -0.09539661 -0.02325504
v 0.43676424 -0.09744032 -0.02388551
v 0.43398374 -0.09938896 -0.02482725
v 0.43306231 -0.10119664 -0.02420565
v 0.44356236 -0.09179837 -0.02327237
v 0.44525364 -0.09045703 -0.02438149
v 0.44896886 -0.08635597 -0.0239893
v 0.1470142 -0.01489882 -0.01007322
v 0.27062297 0.12919232 -0.00745612
v 0.28363818 0.12914759 -0.02674309
v 0.28484541 0.12917261 -0.02579141
v 0.28140986 0.12937415 -0.02587599
v 0.27645913 0.12932402 -0.02547482
v 0.15910427 0.01584885 -0.0604651
v 0.26231641 0.12918381 -0.02648825
v 0.26409611 0.12962274 -0.02646552
v 0.26023203 0.12890227 -0.02668502
v 0.14997026 0.03928173 -0.01521692
v 0.24281634 0.13092165 -0.00277192
v 0.21698186 0.12863342 -0.00268153
v 0.16063456 0.0579553 -0.05058194
v 0.15916854 0.07203253 -0.03023775
v 0.15864781 0.06700704 -0.02875383
v 0.15889002 0.0681712 -0.03184922
v 0.15297525 0.06950447 -0.00886664
v 0.14970313 0.0544641 -0.00837422
v 0.17291549 -0.09998763 -0.02896101
v 0.22775958 0.12788554 -0.02652732
v 0.17351076 0.10985681 -0.00444914
v 0.15876585 0.0179642 -0.05991672
v 0.15873626 0.02005997 -0.06084958
v 0.27398539 0.1293702 -0.02588605
v 0.33687231 0.12860343 -0.02579651
v 0.33870822 0.12842113 -0.02512267
v 0.34097475 0.12776798 -0.02614435
v 0.17032985 -0.09613047 -0.02880547
v 0.41375428 0.11495947 -0.02406249
v 0.40855998 0.11716443 -0.02350192
v 0.21591471 -0.12386368 -0.0271654
v 0.21354309 -0.12332463 -0.02723926
v 0.22882763 -0.12635683 -0.0182453
v 0.42783606 -0.10348096 -0.02451685
v 0.42681012 -0.10424919 -0.02471318
v 0.42870888 -0.10305641 -0.02330837
v 0.47605124 -0.04492941 -0.02522944
v 0.47488207 -0.04838289 -0.02400123
v 0.27340809 -0.12773043 -0.02596231
v 0.26864198 -0.12786575 -0.00717005
v 0.46340546 0.07199525 -0.00738976
v 0.48177785 -0.02370619 -0.02345567
v 0.46820897 0.06438754 -0.0242299
v 0.46979374 0.06224945 -0.0238131
v 0.47268903 0.0540937 -0.02075358
v 0.37491 -0.12309575 -0.02513544
v 0.32818869 -0.1266108 -0.02671164
v 0.33233321 -0.1256611 -0.02595527
v 0.35514808 -0.1238974 -0.02579782
v 0.42124534 -0.10741015 -0.02352337
v 0.42342731 -0.10669062 -0.02431614
v 0.42504179 -0.10590941 -0.02379751
v 0.46654591 -0.06509105 -0.00603139
v 0.47454888 0.05130386 -0.02376495
v 0.46715379 0.06635347 -0.02403808
v 0.28052109 -0.12787528 -0.02654117
v 0.45315468 0.08495545 -0.00753839
v 0.44742388 0.09374779 -0.00154947
v 0.45930466 0.07974701 -0.00262756
v 0.2269641 -0.12628335 -0.02694308
v 0.22501774 -0.12528634 -0.02691447
v 0.21045069 -0.12224858 -0.02741387
v 0.17649031 0.10909312 -0.01162066
v 0.42872623 0.10671581 -0.02423107
v 0.16046718 0.07649503 -0.03002252
v 0.20303281 -0.1202497 -0.02772344
v 0.20046316 -0.11913329 -0.02751265
v 0.19516224 -0.11696123 -0.02780588
v 0.19346687 -0.11615524 -0.02760409
v 0.25003397 0.12923697 -0.02608002
v 0.17881997 -0.10694876 -0.02897237
v 0.17790069 -0.10539925 -0.02906795
v 0.16909961 -0.094965 -0.02835531
v 0.16681607 -0.09114456 -0.02905372
v 0.34333429 0.12779808 -0.02477002
v 0.16833541 -0.09348646 -0.02929324
v 0.40535995 0.11843023 -0.02418787
v 0.30222023 0.12919207 -0.02622859
v 0.41540864 0.11390262 -0.02428167
v 0.19820575 -0.11829814 -0.02794883
v 0.20565556 -0.12123568 -0.02794245
v 0.28848186 0.12936436 -0.02613897
v 0.29072917 0.12917747 -0.02625556
v 0.29292491 0.12904005 -0.02564838
v 0.42962623 0.10629307 -0.02367181
v 0.43650585 0.10066426 -0.0237493
v 0.46272397 0.07299241 -0.02464354
v 0.23814552 0.12845086 -0.0265821
v 0.23994447 0.12863937 -0.0258501
v 0.28857857 -0.12768921 -0.02605698
v 0.31385973 -0.12687108 -0.02618817
v 0.18318069 0.11092812 -0.02575806
v 0.47751579 -0.0420505 -0.02482599
v 0.45436954 -0.08093672 -0.02416188
v 0.45187169 -0.08437494 -0.02445787
v 0.45672446 -0.07809928 -0.02471798
v 0.45592147 -0.07918529 -0.02498401
v 0.15855202 0.06519198 -0.03353005
v 0.15872373 0.06374163 -0.03688042
v 0.15934476 0.05963599 -0.04739496
v 0.15908676 0.05908013 -0.0500039
v 0.44953734 -0.08516525 -0.02459958
v 0.24084926 0.12927181 -0.02692935
v 0.31562451 0.12887312 -0.02564625
v 0.35142347 0.12778611 -0.0254549
v 0.20811497 -0.12184468 -0.02718468
v 0.23064247 -0.12660904 -0.02709392
v 0.23227705 -0.12638862 -0.02705316
v 0.46601301 0.06822661 -0.02433328
v 0.30658889 -0.12714712 -0.02665022
v 0.35251507 -0.12469225 -0.02536738
v 0.34999201 -0.12509787 -0.02579373
v 0.15802194 0.06101121 -0.04515527
v 0.16084525 0.05703393 -0.05300893
v 0.25184792 0.12905939 -0.02688191
v 0.2778686 0.12944482 -0.02581277
v 0.15887266 0.0612249 -0.04682303
v 0.32112798 0.12876824 -0.0256956
v 0.29960763 -0.12713027 -0.02621209
v 0.30323732 -0.12738714 -0.02623127
v 0.43169022 -0.10176491 -0.02373881
v 0.4362312 -0.09818076 -0.02442726
v 0.45878753 -0.07966607 -0.00228596
v 0.44023854 -0.09536897 -0.00723033
v 0.38787997 -0.12052633 -0.02397706
v 0.3967483 -0.11844216 -0.02417273
v 0.40960312 -0.11703417 -0.00257197
v 0.38309413 -0.12348714 -0.00395655
v 0.4816882 -0.03292662 -0.00285881
v 0.48330125 -0.01671976 -0.0057364
v 0.48000437 -0.03290121 -0.00880613
v 0.20182541 0.13108838 -0.00131495
v 0.17745951 0.120811 -0.00179569
v 0.19623999 0.1237677 -0.0028558
v 0.48312533 -0.01374304 -0.01511291
v 0.36783808 -0.12427096 -0.00881881
v 0.38739491 -0.12140119 -0.0164573
v 0.36119181 -0.12591469 -0.003777
v 0.38830933 -0.12163483 -0.00725754
v 0.14088036 -0.01808597 -0.00184824
v 0.14409527 -0.00125253 -0.00497759
v 0.33654535 -0.1260704 -0.00827241
v 0.48306563 0.02071701 -0.00810551
v 0.4841156 0.01107389 -0.00579015
v 0.48251134 0.02803857 -0.00370425
v 0.30303788 0.13160065 -0.00172354
v 0.28257939 0.13074246 -0.00318051
v 0.14554513 -0.03365164 -0.00439774
v 0.3697862 0.12667306 -0.00300175
v 0.20443276 -0.12240094 -0.00737369
v 0.21731409 -0.12551835 -0.00603035
v 0.18860622 -0.11674347 -0.00770303
v 0.23006974 -0.12682481 -0.00642772
v 0.1854901 -0.11753585 -0.00398777
v 0.28608036 -0.12832454 -0.00527141
v 0.47281289 0.05951092 -0.00227395
v 0.46862817 0.07109156 -0.00060232
v 0.4790875 0.03965142 -0.00651112
v 0.48078549 0.04021683 -0.00181766
v 0.48663813 0.00959618 -0.00174079
v 0.48424095 -0.00085529 -0.00791695
v 0.48624265 -0.01790193 -0.00175213
v 0.47596732 -0.05028697 -0.00295239
v 0.46717918 -0.06687558 -0.00287399
v 0.15936023 0.10351396 -0.00222051
v 0.14741282 0.06012882 -0.0031408
v 0.17504053 0.11541601 -0.00244598
v 0.16062149 0.09608993 -0.0037766
v 0.15417734 -0.0754219 -0.00683896
v 0.15073971 -0.07397638 -0.00331712
v 0.15772425 -0.08927394 -0.00397689
v 0.39494812 0.12174352 -0.00388277
v 0.38352826 0.12758216 -0.00040852
v 0.42911318 -0.10588532 -0.00273456
v 0.40732914 -0.11458804 -0.02091598
v 0.42461208 -0.10709402 -0.00661787
v 0.42210075 -0.10772415 -0.01576921
v 0.40850484 -0.11444589 -0.02425983
v 0.40647396 -0.11505796 -0.02425648
v 0.4854213 -0.00569029 -0.00294364
v 0.32617334 -0.12739566 -0.00470611
v 0.30801776 -0.12917985 -0.00337789
v 0.41396809 -0.11183798 -0.02365859
v 0.4112016 -0.11347046 -0.02455582
v 0.14511029 0.03834434 -0.00399165
v 0.1462996 -0.05130216 -0.00336204
v 0.4004578 -0.11723542 -0.02489167
v 0.39931041 -0.11802378 -0.02413847
v 0.40501004 -0.1166616 -0.00634135
v 0.44552982 -0.09248104 -0.00317905
v 0.15136637 0.08005457 -0.00280414
v 0.40289068 -0.11644142 -0.02420002
v 0.41941822 -0.10901124 -0.02415995
v 0.48614517 0.12133838 -0.01983758
v 0.47575524 0.13452652 -0.01342021
v 0.48980972 0.12142728 -0.00747029
v 0.39364526 -0.03913591 -0.38897493
v 0.36739591 -0.09385534 -0.38604829
v 0.36373278 -0.09651703 -0.3888281
v 0.3653017 -0.0949403 -0.38873473
v 0.47716132 0.1208389 -0.04822289
v 0.48164058 0.11935659 -0.0391124
v 0.48853618 0.10682356 -0.04749532
v 0.39543465 -0.02976448 -0.38968539
v 0.39492628 -0.03489553 -0.38982576
v 0.39363486 -0.03779875 -0.38955763
v 0.49076658 -0.11302759 -0.02015839
v 0.49587658 -0.11097497 -0.01026658
v 0.48292437 -0.12471168 -0.01226436
v 0.47363728 -0.12902467 -0.02696364
v 0.49981758 -0.10069717 -0.02145515
v 0.47448507 -0.11879551 -0.05368393
v 0.46272889 -0.13236052 -0.0477252
v 0.45966965 -0.1200577 -0.09057826
v 0.47088718 -0.10963888 -0.08463206
v 0.46429026 -0.1232665 -0.07003854
v 0.50671226 -0.06107175 -0.0640791
v 0.51320577 -0.06631424 -0.03947175
v 0.50142902 -0.07673904 -0.05913657
v 0.44253549 -0.12468032 -0.12333726
v 0.3619816 0.09786174 -0.38687071
v 0.35821018 0.10062307 -0.38995636
v 0.35474879 0.1038447 -0.38955215
v 0.3669081 0.09662654 -0.3772952
v 0.35763726 0.10507901 -0.38009176
v 0.49464852 -0.05490435 -0.10346603
v 0.49283674 -0.07336391 -0.08694267
v 0.48472452 -0.06148069 -0.12323096
v 0.47836888 -0.07952312 -0.11734439
v 0.46976635 -0.08818339 -0.1273026
v 0.46641761 -0.08209784 -0.14533238
v 0.46705377 -0.07330751 -0.15602168
v 0.47973996 -0.06800812 -0.12891576
v 0.45605388 -0.07548853 -0.18310371
v 0.45331854 -0.08526603 -0.17573948
v 0.44476649 -0.08729385 -0.19565909
v 0.42596602 -0.09271198 -0.23701003
v 0.43653238 -0.08974349 -0.21385656
v 0.43177432 -0.10299502 -0.2018809
v 0.46728614 -0.06371325 -0.16746508
v 0.45755059 -0.05932251 -0.19894941
v 0.46909064 -0.05257504 -0.17415859
v 0.44292754 -0.0471415 -0.24939498
v 0.44912171 -0.05568597 -0.22553229
v 0.43783751 -0.05591645 -0.25531849
v 0.51369286 0.01323865 -0.07447679
v 0.51290947 -0.01107867 -0.07759082
v 0.5080502 0.0048094 -0.09149171
v 0.37272081 0.10902739 -0.33271992
v 0.36945429 0.10369959 -0.35400876
v 0.50134832 0.00005456 -0.10999286
v 0.50015903 0.01149675 -0.11231626
v 0.38891214 -0.08943252 -0.33675224
v 0.47271651 -0.01915663 -0.18501571
v 0.46565005 -0.01689592 -0.2045856
v 0.46644557 -0.005314 -0.20474964
v 0.49142298 0.00657676 -0.13707796
v 0.49554396 0.02069828 -0.12277051
v 0.39557698 -0.07287091 -0.34684515
v 0.3931236 -0.06965251 -0.35859802
v 0.39662468 -0.06273643 -0.3582052
v 0.38140124 -0.08389861 -0.36848587
v 0.38039309 -0.07817303 -0.38179517
v 0.38681057 -0.07331068 -0.37144622
v 0.48704812 0.01820566 -0.14700219
v 0.42406556 -0.03144104 -0.30950099
v 0.42915681 -0.04426719 -0.28779465
v 0.4195435 -0.04574571 -0.31202841
v 0.37623563 -0.08060919 -0.38872415
v 0.37941667 -0.07495158 -0.38938877
v 0.38432658 -0.07026334 -0.38292849
v 0.37832782 -0.07678991 -0.38873142
v 0.38275942 -0.06883727 -0.38885656
v 0.38372621 -0.06692165 -0.3897962
v 0.38536605 -0.06294855 -0.38950491
v 0.38877979 -0.05570623 -0.38834569
v 0.39263177 -0.05367222 -0.38028213
v 0.39000505 -0.06355242 -0.37625119
v 0.40308702 -0.05043694 -0.35384512
v 0.40511224 -0.04058103 -0.35680103
v 0.40856388 -0.04214473 -0.34541559
v 0.42203689 -0.01632191 -0.32104778
v 0.41501525 -0.03677855 -0.33108559
v 0.38976139 -0.052766 -0.38830709
v 0.39107102 -0.04956127 -0.38814601
v 0.39976603 -0.04436764 -0.36907774
v 0.39984301 -0.03809725 -0.373577
v 0.40440944 -0.03461875 -0.36311632
v 0.40346265 -0.02890954 -0.36906084
v 0.44167784 0.00843665 -0.26977691
v 0.4496524 -0.00359674 -0.24905297
v 0.44059831 -0.00303569 -0.27273476
v 0.41037533 -0.03203093 -0.34720477
v 0.39570731 -0.04511038 -0.37986735
v 0.39933538 -0.03161495 -0.37908587
v 0.47001961 0.02920555 -0.18900107
v 0.47373584 0.01505812 -0.18409038
v 0.46617284 0.02141111 -0.20247775
v 0.52289736 0.06623491 -0.00891029
v 0.52388579 0.05164195 -0.02058201
v 0.51863927 0.06510848 -0.0239528
v 0.42977223 -0.00095064 -0.30180755
v 0.43405446 -0.01214377 -0.28925344
v 0.42946875 -0.01672488 -0.30066112
v 0.4794257 0.04034282 -0.15709537
v 0.48031744 0.02394422 -0.16331826
v 0.49204943 0.04451386 -0.1198452
v 0.49260664 0.05873058 -0.10599181
v 0.50258493 0.0525177 -0.08390326
v 0.40355292 -0.01713482 -0.37372017
v 0.42357033 0.0104065 -0.31794226
v 0.41937402 -0.0010829 -0.33039859
v 0.39737895 -0.01844098 -0.38921756
v 0.39885142 -0.02049744 -0.38491592
v 0.39733794 -0.02075742 -0.3896637
v 0.51126695 0.07754489 -0.0313434
v 0.51138318 0.08437765 -0.01998781
v 0.41150779 0.00700339 -0.35242391
v 0.41210243 -0.00717589 -0.35100976
v 0.40700427 -0.00013698 -0.36632597
v 0.50005764 0.07033048 -0.07299169
v 0.49113819 0.07329068 -0.09403332
v 0.40085679 0.00293553 -0.38289362
v 0.40057993 -0.00702783 -0.38352337
v 0.39759523 -0.0022637 -0.39065981
v 0.40148196 0.01498041 -0.3797074
v 0.46214351 0.04892365 -0.19701485
v 0.45076501 0.0420297 -0.23264107
v 0.45424297 0.05707707 -0.21094635
v 0.50229794 0.08294781 -0.04993235
v 0.49298418 0.08548704 -0.07199021
v 0.50327861 0.10417175 -0.00446872
v 0.50151801 0.10463285 -0.00139409
v 0.51372427 0.08661996 -0.00297454
v 0.48305911 0.06687693 -0.12333648
v 0.46669519 0.07763787 -0.1530703
v 0.47889391 0.07799527 -0.12056324
v 0.46758327 0.09131357 -0.13070717
v 0.45559609 0.095122 -0.1559623
v 0.46245486 0.10359135 -0.12321311
v 0.41240102 0.02114214 -0.3466281
v 0.40542981 0.02391457 -0.3660928
v 0.40649346 0.03582099 -0.35649878
v 0.42486486 0.03623362 -0.30429167
v 0.41866833 0.04421907 -0.31564701
v 0.42709789 0.04806953 -0.29009619
v 0.46184736 0.06813256 -0.17837782
v 0.45527536 0.07958517 -0.18095304
v 0.45253229 0.0691326 -0.20233445
v 0.44551319 0.06553025 -0.22525001
v 0.44622675 0.07994372 -0.20467658
v 0.40975606 0.04646049 -0.33831924
v 0.39869043 0.05127163 -0.3659288
v 0.42890659 0.0705604 -0.26233822
v 0.43736899 0.07589427 -0.23339905
v 0.39800727 0.04262951 -0.37490791
v 0.39031354 0.04764392 -0.3903887
v 0.49412772 0.11219455 -0.01809874
v 0.4975394 0.10296628 -0.02895551
v 0.39431834 0.06170584 -0.36616626
v 0.38993135 0.07137279 -0.36508685
v 0.40110356 0.06200706 -0.34671682
v 0.45036244 0.09067863 -0.17731285
v 0.43954203 0.09485734 -0.19852933
v 0.44278005 0.10516057 -0.17063574
v 0.39086339 0.07883169 -0.35059369
v 0.39085087 0.11783451 -0.26924697
v 0.38732716 0.0637669 -0.3815062
v 0.38083577 0.07402916 -0.38422483
v 0.39583078 0.08420286 -0.32799003
v 0.3996031 0.07534846 -0.33215275
v 0.36330852 0.10349784 -0.36980954
v 0.41075096 0.12174477 -0.21250229
v 0.34833047 0.11218341 -0.38192353
v 0.35081804 0.10739864 -0.3895455
v 0.40708974 0.10649937 -0.25707361
v 0.41368875 0.10717399 -0.24007608
v 0.41811034 0.09306452 -0.2560516
v 0.46905157 0.13080373 -0.04434095
v 0.46083242 0.13348654 -0.05870944
v 0.38691309 0.09303745 -0.33423057
v 0.38624084 0.10199767 -0.31685492
v 0.37693283 0.11373475 -0.31156132
v 0.38713405 0.10880263 -0.29941985
v 0.38804379 0.1138794 -0.285366
v 0.39964834 0.10357708 -0.2810322
v 0.37263516 0.0814437 -0.39218512
v 0.37201843 0.08292001 -0.39193365
v 0.37402314 0.07974852 -0.39146703
v 0.37265474 0.08596075 -0.38500065
v 0.45227796 0.13404413 -0.07960507
v 0.3789854 0.08847873 -0.36460233
v 0.37904239 0.08127693 -0.37733403
v 0.4527719 0.12891497 -0.09220073
v 0.41875213 0.11175751 -0.2175566
v 0.41881028 0.12050615 -0.19649586
v 0.43826687 0.12187855 -0.14618988
v 0.4435887 0.12920424 -0.1141123
v 0.40192971 0.12052992 -0.23619974
v 0.39742064 0.09517956 -0.30371842
v 0.43215314 0.11614858 -0.1743641
v 0.42760351 0.124735 -0.16494627
v 0.40941387 0.09654731 -0.27132952
v 0.37505361 0.07840199 -0.39138645
v 0.44989687 0.1223029 -0.11577953
v 0.42990458 0.11031376 -0.1928615
v 0.42630282 0.10390498 -0.21536803
v 0.39786002 0.11627556 -0.25666574
v 0.44669062 0.11148992 -0.14828768
v 0.36619681 0.0902679 -0.39183071
v 0.36434349 0.09247568 -0.39220202
v 0.36285821 0.09459372 -0.39148062
v 0.38170031 0.06703258 -0.39185822
v 0.38123459 0.06809189 -0.39209396
v 0.37998271 0.07040568 -0.39093044
v 0.36050448 0.09672617 -0.39207095
v 0.38642567 0.05683473 -0.39132464
v 0.38534454 0.05920735 -0.39209819
v 0.48803347 0.12259866 -0.00233747
v 0.4232716 0.08440978 -0.2572718
v 0.40722853 0.0602613 -0.33126795
v 0.414547 0.06386837 -0.3074536
v 0.43680391 0.06229024 -0.25137666
v 0.39561307 0.02489829 -0.39065516
v 0.39877653 0.02528337 -0.3830021
v 0.39592341 0.02244592 -0.39061412
v 0.43927065 0.04177096 -0.26267254
v 0.43130559 0.05610334 -0.2720719
v 0.44246542 0.05253121 -0.24592513
v 0.50134611 0.10000075 -0.02270292
v 0.50700778 0.09758878 -0.00988542
v 0.47545302 0.05617139 -0.15474561
v 0.47081414 0.06621382 -0.15650947
v 0.43567625 0.02431646 -0.28161532
v 0.42850074 0.02251547 -0.30121762
v 0.43438116 0.03411139 -0.28024319
v 0.50946075 0.07087478 -0.04587092
v 0.41635454 0.01187868 -0.33750564
v 0.42075917 0.02638187 -0.32081917
v 0.47247851 0.04065477 -0.17558835
v 0.43136865 0.01150525 -0.29659414
v 0.34685704 0.1093264 -0.39149901
v 0.50343496 0.04137794 -0.09013961
v 0.39714032 -0.02725105 -0.38675743
v 0.48862788 0.03162234 -0.13733041
v 0.45601958 0.02545378 -0.22788571
v 0.45936507 0.00513745 -0.22384308
v 0.44901618 0.0158313 -0.24950363
v 0.40793946 -0.01809826 -0.36079249
v 0.43479747 -0.02971136 -0.28140226
v 0.44280005 -0.01269856 -0.26576623
v 0.457818 -0.00980532 -0.22687
v 0.45000234 -0.01288604 -0.24680482
v 0.51231021 0.03191431 -0.07102741
v 0.50396115 0.02724698 -0.09675924
v 0.37563205 0.09519409 -0.3586998
v 0.40292203 -0.05774225 -0.3462657
v 0.41059467 -0.04930468 -0.33342984
v 0.52994686 0.03775987 -0.01114389
v 0.5222947 0.04274648 -0.03517794
v 0.45536432 -0.02305645 -0.22988831
v 0.52519411 0.03012894 -0.0342517
v 0.4126662 -0.05550113 -0.32190654
v 0.42274842 -0.05351795 -0.29714394
v 0.41819042 -0.06301329 -0.29953611
v 0.39063552 -0.08365646 -0.34269804
v 0.39885026 -0.07711019 -0.33183432
v 0.40092334 -0.08099283 -0.32056594
v 0.41056281 -0.06699519 -0.31490704
v 0.40816903 -0.07694137 -0.30789846
v 0.52673119 0.01438459 -0.03611872
v 0.52202773 0.01315907 -0.05116626
v 0.45101774 -0.03714644 -0.23478357
v 0.44624862 -0.03359977 -0.24922763
v 0.49785319 -0.01361719 -0.11810227
v 0.47001079 -0.03162042 -0.18684079
v 0.46181497 -0.0301487 -0.20972998
v 0.40793538 -0.08560727 -0.29583317
v 0.41435337 -0.08446474 -0.28107107
v 0.42819789 -0.06877696 -0.26689285
v 0.44102407 -0.06587061 -0.23643787
v 0.43612611 -0.07734407 -0.23465279
v 0.44827121 -0.07397501 -0.20640869
v 0.50820822 -0.01376761 -0.08988974
v 0.49966842 -0.0286107 -0.10837933
v 0.49453518 -0.03846729 -0.1168289
v 0.48722687 -0.03165671 -0.140174
v 0.51354635 -0.02502326 -0.07156801
v 0.52822846 -0.00364722 -0.03377938
v 0.52774525 -0.02066706 -0.03125479
v 0.52225089 -0.00649487 -0.05224912
v 0.52404058 -0.02916993 -0.03978808
v 0.47751909 -0.05295605 -0.15128484
v 0.45174211 -0.09489456 -0.16390161
v 0.51824194 -0.03821135 -0.05137663
v 0.50771075 -0.04769908 -0.07396202
v 0.50732356 -0.03910198 -0.081553
v 0.44678167 -0.11675587 -0.13257526
v 0.43628585 -0.1149196 -0.16376965
v 0.46619198 -0.10385854 -0.10919136
v 0.45362252 -0.10562786 -0.13880809
v 0.46301526 -0.09696572 -0.13052657
v 0.48944849 -0.08982953 -0.07170104
v 0.47691235 -0.09666497 -0.09399392
v 0.48486015 -0.08554681 -0.0910346
v 0.36710775 0.08918978 -0.39205125
v 0.48168442 -0.10622373 -0.06268355
v 0.4987146 -0.09304388 -0.04080413
v 0.49072143 -0.10376886 -0.04273075
v 0.51875103 -0.05254945 -0.03840872
v 0.52651531 -0.04079547 -0.02204979
v 0.53300673 -0.02359554 -0.00982302
v 0.48613423 -0.04467221 -0.1348429
v 0.46893799 0.13673204 -0.02597933
v 0.46333781 0.1194292 -0.08852115
v 0.4551259 0.11492684 -0.11922169
v 0.40706086 0.08533953 -0.29690799
v 0.47477239 0.12940475 -0.03193513
v 0.47915366 0.1286214 -0.02061787
v 0.46835452 -0.04071674 -0.18587577
v 0.46744877 0.12410587 -0.06658671
v 0.47545347 0.10999081 -0.07683584
v 0.4085871 0.07353758 -0.31086436
v 0.41454637 -0.0945188 -0.26354492
v 0.41803092 0.07431438 -0.28529197
v 0.5328421 0.0231556 -0.0095232
v 0.45707774 -0.04349143 -0.21437329
v 0.42641154 -0.06098887 -0.28043866
v 0.47486591 0.09347228 -0.10838167
v 0.47247821 0.10701609 -0.09034283
v 0.48400164 0.09276839 -0.08506317
v 0.42417988 0.06262201 -0.28362441
v 0.41871929 -0.07152283 -0.28813401
v 0.43761954 -0.04008375 -0.26825482
v 0.48335198 0.08549179 -0.09823271
v 0.51797283 0.03359154 -0.05401512
v 0.40489924 -0.06495821 -0.33213839
v 0.39782459 0.00599365 -0.38989952
v 0.39754021 0.01100846 -0.39009082
v 0.50152045 0.09134217 -0.03906365
v 0.46617055 0.05745071 -0.17866519
v 0.38102683 -0.07231195 -0.3886613
v 0.38202748 -0.0710827 -0.38869947
v 0.39744118 -0.00595083 -0.39049178
v 0.45978025 0.03689134 -0.21204984
v 0.44655308 0.02936383 -0.25099459
v 0.39747205 -0.05070167 -0.36974984
v 0.39943537 -0.05457291 -0.36021385
v 0.39760485 -0.01418419 -0.38923308
v 0.39774498 -0.01348573 -0.39015979
v 0.41728494 -0.02332947 -0.3318238
v 0.48524839 0.04979153 -0.13424565
v 0.41349801 -0.01650183 -0.34515479
v 0.39189833 -0.0454084 -0.38892189
v 0.50886482 0.05555543 -0.06370219
v 0.46551272 0.01093271 -0.20691766
v 0.39218909 -0.04343928 -0.38926569
v 0.51721424 0.05166866 -0.04318417
v 0.39610618 -0.02499088 -0.38958958
v 0.39687315 -0.02351088 -0.3885994
v 0.38605565 -0.06045526 -0.38971391
v 0.38827327 -0.05603686 -0.38921088
v 0.39484882 -0.05902017 -0.36829135
v 0.5157131 0.08169039 -0.01114807
v 0.49747175 0.03410374 -0.11136044
v 0.397865 -0.01129889 -0.3898316
v 0.39804035 -0.00794161 -0.390118
v 0.39781997 0.00052922 -0.39040631
v 0.53070706 0.01553801 -0.02061444
v 0.39788553 0.00929514 -0.39004758
v 0.42278945 -0.07921109 -0.2671594
v 0.39650553 0.01946352 -0.39034665
v 0.53470832 -0.00708215 -0.00821601
v 0.44460461 -0.10454368 -0.16455071
v 0.48866862 0.09779599 -0.0638114
v 0.48034409 0.11092611 -0.06160359
v 0.4354324 0.08727426 -0.22178258
v 0.38947377 0.0487385 -0.39112747
v 0.38792235 0.05297187 -0.39099628
v 0.37730521 0.07551531 -0.39169863
v 0.49827814 0.11018775 -0.01029143
v 0.36405006 0.09252173 -0.39277211
v 0.36321592 0.09330363 -0.39283136
v 0.37885028 0.09981314 -0.33983758
v 0.35894725 0.09886982 -0.39090022
v 0.3443909 0.11159174 -0.3911998
v 0.3846322 0.08046 -0.3646827
v 0.37857103 0.07226178 -0.39176503
v 0.48917949 0.11224954 -0.03363654
v 0.41156545 0.03645074 -0.34108728
v 0.39678007 0.01805534 -0.39101645
v 0.39561102 -0.02716949 -0.39035192
v 0.397199 -0.02735131 -0.38725957
v 0.3972415 -0.02741712 -0.38699415
v 0.38709134 -0.05829651 -0.39024323
v 0.48116663 0.00583384 -0.16524741
v 0.47482729 -0.00403731 -0.18237758
v 0.44242498 -0.02345905 -0.26372647
v 0.3870213 -0.08305275 -0.35380727
v 0.38732952 -0.07823442 -0.3618781
v 0.48049659 -0.02429906 -0.16203974
v 0.48717839 -0.00967331 -0.14787056
v 0.4906587 -0.01744053 -0.13671789
v 0.45899701 -0.11353893 -0.10779971
v 0.39743355 0.00331794 -0.39101017
v 0.39768764 0.03375158 -0.38162935
v 0.39267367 0.03692886 -0.39072785
v 0.39231056 0.03986733 -0.39065343
v 0.36918038 0.08633435 -0.39200965
v 0.39154553 0.04316339 -0.39062244
v 0.42536354 0.09527868 -0.23395835
v 0.38288459 0.0644157 -0.39159784
v 0.39374545 0.03843626 -0.39097041
v 0.39330667 0.03521392 -0.39124036
v 0.39499041 0.02757246 -0.39121059
v 0.46757716 -0.13845751 -0.01296977
v 0.50768769 -0.0957129 -0.00732674
v 0.51467359 -0.08110914 -0.01212343
v 0.50553614 -0.09415443 0.00010497
v 0.51367724 -0.07514961 0.00072456
v 0.4793753 -0.12158934 0.00061685
v 0.5302037 -0.03561636 -0.00097888
v 0.52580231 -0.02704397 0.00032544
v 0.52150959 -0.05494153 0.00048201
v 0.53182739 0.01222632 -0.00015702
v 0.53128964 -0.0098415 0.00019846
v 0.53247708 0.03066357 -0.00301102
v 0.52943915 0.03275479 -0.00017394
v 0.52067453 0.07289981 -0.00476553
v 0.52746588 0.05401644 -0.00370326
v 0.51050389 0.08632208 0.00003886
v 0.51423311 0.07037999 0.00066814
v 0.51866007 0.07405988 -0.00127946
v 0.47965774 0.12752585 -0.00008746
v 0.4943597 0.10817251 0.00045994
v 0.4810923 0.13057159 -0.00294935
v 0.45763966 0.14616524 -0.00016515
v 0.52490318 0.05211653 -0.00012521
v 0.52710313 0.05057633 -0.01129107
v 0.53273642 -0.0283997 -0.00342386
v 0.52939773 -0.04733227 -0.00578338
v 0.4662874 -0.13787435 -0.00069629
v 0.49290466 -0.11321769 -0.00084238
v 0.49787232 -0.10946895 -0.00330209
v 0.48416114 -0.12499545 -0.00353625
v 0.47355121 -0.13497515 -0.00493209
v 0.50714684 -0.08093447 -0.03674849
v 0.52457339 -0.0599679 -0.00175379
v 0.52413744 -0.06350918 -0.00617747
v 0.5226745 -0.05591962 -0.02040037
v 0.53470659 0.0044032 -0.0072606
v 0.53454047 -0.00483917 -0.0023924
v 0.51771218 -0.06908066 -0.02043514
v 0.51484507 -0.08402552 -0.00366818
v 0.51830781 -0.07510222 -0.00161319
v 0.46140707 -0.14413345 -0.00590372
v 0.4566783 -0.10833449 -0.03609162
v 0.45708603 -0.10683203 -0.03432542
v 0.45936853 -0.10722405 -0.03351191
v 0.4857941 -0.11433627 -0.03273475
v 0.45306489 -0.13273029 -0.07300492
v 0.44606167 -0.12952811 -0.10056944
v 0.42872521 -0.13398638 -0.13088155
v 0.42594323 -0.11516184 -0.18967871
v 0.41246909 -0.12079242 -0.20896305
v 0.42133477 -0.10955973 -0.21478024
v 0.41062126 -0.11112837 -0.2381918
v 0.41309261 -0.12654641 -0.19109362
v 0.38188356 -0.11602359 -0.29453933
v 0.37646326 -0.11402793 -0.31178918
v 0.37799573 -0.0994698 -0.34345579
v 0.38510481 -0.09721389 -0.33066729
v 0.37380356 -0.10908359 -0.33054695
v 0.38230214 -0.09118234 -0.35068125
v 0.36375883 -0.11235972 -0.34544671
v 0.3706232 -0.08949228 -0.38725597
v 0.37436828 -0.08393618 -0.38803184
v 0.37662444 -0.08395017 -0.38158798
v 0.37335593 -0.08418089 -0.38897815
v 0.37132591 -0.08707818 -0.38934836
v 0.36959758 -0.0890829 -0.38992217
v 0.37036303 -0.08965706 -0.38826478
v 0.37547842 -0.08150265 -0.38923132
v 0.37474623 -0.08254676 -0.38907701
v 0.37491843 -0.0825346 -0.38932392
v 0.34956595 -0.11441132 -0.37442783
v 0.36715952 -0.09375402 -0.38742375
v 0.36496025 -0.10407612 -0.36602831
v 0.35555068 -0.10766739 -0.38074458
v 0.3677907 -0.09784237 -0.37502608
v 0.3915613 -0.09430733 -0.32071695
v 0.39823085 -0.09075045 -0.31098005
v 0.38709679 -0.10319294 -0.31334388
v 0.40659291 -0.09616066 -0.28072688
v 0.39504436 -0.10287071 -0.29530731
v 0.40139282 -0.10719854 -0.27028584
v 0.38689774 -0.11751818 -0.27906147
v 0.40184093 -0.11832153 -0.24134824
v 0.39371338 -0.11797266 -0.26183304
v 0.42494655 -0.1259166 -0.16411608
v 0.36702421 -0.10745189 -0.35116181
v 0.35282609 -0.11504425 -0.36383298
v 0.36225781 -0.10025188 -0.38344079
v 0.35576695 -0.10428844 -0.38904545
v 0.35892823 -0.10258958 -0.38729864
v 0.35894921 -0.10217297 -0.38721356
v 0.34851557 -0.11047901 -0.38890907
v 0.3739377 -0.09575179 -0.36335155
v 0.35235882 -0.10753359 -0.38769969
v 0.37396783 -0.0901469 -0.3763099
v 0.36733335 -0.09291292 -0.38777366
v 0.36889163 -0.09120372 -0.3878507
v 0.41439468 -0.10253217 -0.2480363
v 0.35734504 -0.10238773 -0.38916522
v 0.358558 -0.10237884 -0.3885878
v 0.35359356 -0.10634956 -0.38885248
v 0.3613601 -0.0992234 -0.38859296
v 0.3696405 -0.09032084 -0.38817993
v 0.01294306 0.13429397 -0.36880666
v -0.00161515 0.00077438 -0.01710601
v -0.00093733 -0.14155769 0.00011033
v 0.00239579 -0.14401552 0.00103486
v 0.00430496 -0.12242267 0.00117406
v 0.01285088 0.12911414 -0.37494126
v 0.01297381 0.12835976 -0.38403225
v -0.00307594 0.01758773 -0.01726555
v -0.00127369 -0.0036537 -0.01689294
v -0.00139091 -0.00208014 -0.016614
v -0.00291475 0.01572961 -0.01847861
v -0.00295267 0.01571586 -0.01822726
v -0.00298227 0.01560599 -0.01798187
v -0.00212237 0.01191273 -0.01859868
v -0.00122682 -0.1825 0.001227
v -0.00122682 0.1825 0.001227
v 0.00122682 0.1825 0.001227
v 0.00122682 0.1825 -0.001227
v 0.00122682 -0.1825 0.001227
v 0.00122682 -0.1825 -0.001227
v 0.07443467 0.1839336 -0.00417973
v 0.07871354 0.17065538 0.00011732
v 0.06048568 0.17885152 0.00018383
v 0.09194128 0.17593138 0.00017868
v 0.0751009 0.18074501 -0.00053504
v 0.0935652 0.18055043 -0.00049171
v 0.11139739 0.18215649 -0.00177096
v -0.00214343 0.07086695 -0.00167126
v 0.07743461 0.11945269 -0.00127686
v 0.09207693 0.13182162 -0.00130175
v 0.07871331 0.09065939 -0.00123655
v 0.07586674 0.10038304 -0.00147263
v 0.08536237 0.08085792 0.00462213
v 0.08006258 0.09135982 0.00422405
v 0.07834829 0.08596408 0.00455906
v 0.07852384 0.08766365 0.00370362
v 0.11539412 0.12091383 -0.00209733
v 0.10475547 0.10642691 -0.00194001
v 0.09453478 0.11094775 -0.00192131
v 0.10157818 0.10619794 -0.00119107
v 0.1117024 0.10546733 0.00216629
v 0.11638328 0.10158098 0.00322536
v 0.10852175 0.1041402 0.00338903
v 0.07634128 0.0721607 0.00448044
v 0.0922685 0.06576245 0.00456388
v 0.10434677 0.10221536 0.00366418
v 0.10664202 0.09382319 0.00391738
v 0.11777651 0.08770402 0.00365657
v 0.00334309 -0.01612652 0.00104663
v 0.08418369 0.05630929 0.00421154
v 0.09318351 0.05062247 0.00410332
v 0.11919693 0.10099588 0.00307203
v 0.12618543 0.09668377 0.00257773
v 0.12579934 0.09919982 -0.00217823
v 0.12819856 0.0945611 0.00234183
v 0.12906453 0.09311934 0.00275365
v 0.00393362 -0.05797151 0.00092136
v 0.0956184 0.04960884 0.00395931
v 0.10629847 0.05906441 0.00424102
v 0.11796521 0.06481063 0.00390682
v 0.10729027 0.07639659 0.00420688
v 0.09888698 0.04785012 0.00372225
v 0.100025 0.04880445 0.0037136
v 0.10410264 0.04869588 0.00373699
v 0.1029522 0.04761645 0.0029361
v 0.10582847 0.0480621 0.00313459
v 0.00041129 -0.07287434 0.00025833
v 0.11609526 0.0564636 0.00430443
v 0.11296818 0.0536669 0.0038974
v 0.1147728 0.05368495 0.00414664
v 0.00566863 -0.07922483 0.00118253
v 0.09103253 -0.00360104 -0.00146235
v 0.00216678 -0.10512248 0.00112179
v 0.11217307 0.00233374 -0.00189605
v 0.11033875 -0.02547003 -0.00153973
v 0.08766104 -0.0538077 -0.0007053
v 0.089335 -0.04873087 -0.001005
v 0.08467187 -0.05617579 -0.00083549
v 0.08919563 -0.05368091 0.00354358
v 0.08371366 -0.05882811 0.00379769
v 0.09319139 -0.05192131 0.00382389
v 0.09515167 -0.04955655 -0.00113995
v 0.09780817 -0.04860761 -0.00110368
v 0.08200904 -0.06133137 0.00401698
v 0.09039273 -0.06601594 0.00441381
v 0.10764463 -0.04788737 -0.00013094
v 0.1016719 -0.03578535 -0.00141147
v 0.10548904 -0.04784655 -0.0010277
v 0.0019324 -0.16864982 0.00067257
v 0.0765518 -0.08557798 0.00458342
v 0.08840821 -0.08556391 0.00472442
v 0.07940699 -0.06827495 0.00448702
v 0.11728288 -0.06623084 0.00401961
v 0.11591958 -0.06451523 0.00400583
v 0.11438924 -0.06273207 0.00413537
v 0.1108465 -0.05933177 0.00400143
v 0.11006314 -0.07684007 0.00428849
v 0.12458991 -0.05975432 0.00346946
v 0.12564044 -0.06260139 0.00319306
v 0.12661764 -0.06414276 0.0036857
v 0.12743165 -0.05997143 0.00267451
v 0.07962217 -0.12785168 -0.00128938
v 0.11881693 -0.06783667 0.00405042
v 0.12284826 -0.07890055 0.00398065
v 0.12840046 -0.06212156 0.00236587
v 0.13050063 -0.06468302 0.00256952
v 0.10678633 -0.08950748 0.00439159
v 0.09300252 -0.10588291 -0.00168535
v 0.1181538 -0.09617982 0.00396972
v 0.10793422 -0.10743321 0.00349758
v 0.11379386 -0.10631031 0.00365413
v 0.1047916 -0.10770657 0.0040792
v 0.13451521 -0.07985572 0.00283455
v 0.13359147 -0.07173254 0.00319453
v 0.10421888 -0.10795863 -0.00200321
v 0.0940221 -0.1174935 -0.00185384
v 0.10007372 -0.13957752 -0.00143979
v 0.12080876 -0.10271308 0.00320831
v 0.11838227 -0.10491104 0.00285011
v 0.13092591 -0.0940872 -0.00194959
v 0.11533744 -0.11744597 -0.00213743
v 0.05596641 -0.18102193 -0.00190378
v 0.12288611 -0.13483082 -0.00192122
v 0.11441451 -0.17897995 -0.00143182
v 0.08311716 -0.18099187 -0.00256719
v 0.11711455 -0.15830685 -0.00078791
v 0.11029982 -0.17480995 -0.00036764
v 0.12856995 -0.09842106 -0.00186131
v 0.12860878 -0.09702292 -0.00109574
v 0.12457579 -0.06797193 0.00384649
v 0.09302224 -0.10464425 0.00457003
v 0.08443947 -0.09863301 0.00463905
v 0.12368163 -0.05661124 0.00325137
v 0.12304096 -0.05538393 0.00318111
v 0.12183044 -0.05865265 0.00392107
v 0.03664712 0.18191868 -0.00075867
v 0.05403924 0.18391517 -0.0037326
v 0.08084634 -0.09365685 0.00474415
v 0.11292555 -0.0489291 -0.00138975
v 0.11579268 -0.05033286 -0.00152266
v 0.1187035 -0.05102899 -0.00151437
v 0.07568196 0.15177874 -0.00018659
v 0.00288317 0.07863484 0.00134957
v 0.10221596 -0.06275786 0.00425562
v 0.10032978 0.14642495 -0.00079603
v 0.11613257 0.17763582 0.00019711
v 0.0904526 0.10249625 -0.00153986
v 0.08798116 0.10149635 -0.0015827
v 0.09394554 0.10461699 -0.00181614
v 0.09219979 0.10403611 -0.00180355
v 0.09410059 0.10376038 -0.00158947
v 0.09355029 0.08857473 0.00440294
v 0.08137549 0.09317315 0.00433735
v 0.09464408 0.10094443 0.00405596
v 0.09176905 0.0992531 0.00407405
v 0.09889045 0.10084866 0.00391916
v 0.09923337 0.10166936 0.00359526
v 0.09683258 0.10130984 0.00335597
v 0.08941424 0.09736784 0.00416219
v 0.10675256 0.10679159 -0.00216032
v 0.10550403 0.10574462 0.00317543
v 0.10432675 0.10456804 0.00406981
v 0.10798548 0.10395471 0.00325539
v 0.10754424 0.10494824 0.00256088
v 0.0784396 0.06583922 0.00443365
v 0.08396602 0.05508649 -0.00093854
v 0.12544841 0.09741983 0.00211808
v 0.12385936 0.0988914 0.00222904
v 0.08845836 0.0514857 -0.00074017
v 0.0871647 0.05167257 -0.00098103
v 0.09002678 0.04953446 -0.00104098
v 0.11704407 0.07224615 0.00394187
v 0.1246122 0.08083941 0.00350964
v 0.11572741 0.06170722 0.00402602
v 0.11502597 0.05834892 0.00402951
v 0.13331206 0.06998245 0.00306007
v 0.13351022 0.08188567 0.00284965
v 0.125981 0.06292941 0.00356974
v 0.12388897 0.06544333 0.00365857
v 0.12643591 0.06049462 0.00348828
v 0.12438151 0.05833976 0.00357445
v 0.13067098 0.06254707 0.003141
v 0.08259443 0.01476877 -0.00090645
v 0.10270034 0.03753342 -0.00153527
v 0.10965111 0.02665657 -0.00151268
v 0.08194179 -0.02785636 -0.00098384
v 0.13250066 0.06392437 0.002574
v 0.11025564 0.05178764 0.00393812
v 0.10781553 0.05094926 0.00389537
v 0.11663195 0.06381571 0.00405701
v 0.13241133 0.08581248 0.00265601
v 0.13263927 0.08771727 0.0024597
v 0.13242583 0.08857989 0.00134592
v 0.1315835 0.09034022 0.00196216
v 0.09982459 -0.04837673 -0.00117652
v 0.12942019 0.09247073 0.00139087
v 0.09657011 -0.05064777 0.00295548
v 0.09453717 -0.05133515 0.00337535
v 0.09986433 -0.04931933 0.00227426
v 0.10935888 -0.04919489 0.00349649
v 0.10511138 -0.04883062 0.0014901
v 0.10827689 -0.04873576 0.00180572
v 0.12020773 0.10169434 0.00277923
v 0.12103887 0.10221106 -0.00221823
v 0.08056495 0.06105156 0.00393435
v 0.12000297 -0.05294931 0.00338938
v 0.11783882 -0.05215586 0.00328602
v 0.11415004 -0.05086005 0.00341918
v 0.11409795 -0.05998804 0.00392967
v 0.11746207 -0.05834753 0.00383583
v 0.07633356 0.07559516 0.00448731
v 0.09451161 -0.10536022 0.00439934
v 0.09399816 -0.10573757 0.00322471
v 0.11171805 -0.10765571 -0.00194251
v 0.13081262 -0.09333834 0.0033153
v 0.06955284 -0.17474069 -0.00026636
v 0.09394227 -0.17557299 -0.00029044
v 0.04276149 0.17701541 0.00048076
v 0.10541938 0.16063444 -0.00024347
v 0.10342119 0.10415153 0.00423616
v 0.10126989 0.10606609 0.00263993
v 0.10152383 0.1036493 0.00303121
v 0.07933489 0.08312581 0.00457974
v 0.09942907 0.10101534 0.00376324
v 0.07900603 0.03432991 -0.0007559
v 0.09978373 0.04767639 0.00309076
v 0.10113347 0.04857686 0.00362887
v 0.09645876 0.04671561 -0.0013075
v 0.09791511 0.04636491 -0.00132995
v 0.12050054 0.06627496 0.00368888
v 0.11314704 0.04689284 -0.00159035
v 0.1109514 0.04587786 -0.00157532
v 0.08906747 -0.05222639 -0.00076052
v 0.09035188 -0.05127454 -0.00089348
v 0.0929188 -0.05080016 -0.00083866
v 0.13225369 -0.06706604 0.00276864
v 0.12626459 -0.06604747 0.00368556
v 0.1324174 -0.06843825 0.00323985
v 0.08193557 -0.15643646 -0.00061573
v 0.12803532 -0.09719652 0.00249961
v 0.12582713 -0.09911178 0.00310055
v 0.12331694 -0.10103185 0.00316419
v 0.12699841 -0.0980738 0.00321766
v 0.09970178 -0.10734534 0.0042537
v 0.12251529 -0.06844398 0.00395631
v 0.12324375 -0.06726849 0.00378265
v 0.12054656 -0.06801612 0.00394855
v 0.08543017 -0.05651619 0.00103804
v 0.08503092 -0.05725455 0.00322598
v 0.08782981 -0.05431403 0.00220921
v 0.12971041 0.05930536 0.00324062
v 0.13031736 0.0609649 0.00178269
v 0.12769447 0.05828344 0.00205123
v 0.09378131 0.04843391 -0.00111064
v 0.09616888 0.04839008 0.00328266
v 0.08962956 0.05187174 0.00311474
v 0.09122098 0.05102914 0.00342771
v 0.09592474 0.10536505 -0.00132136
v 0.09912049 0.10601822 -0.00199262
v 0.08622195 0.0970284 0.00411444
v 0.08369895 0.09591142 0.00428896
v 0.08588631 0.09927176 -0.00141183
v 0.07934618 0.09317488 -0.001371
v 0.11950377 -0.05854251 0.00368297
v 0.08767319 0.10055877 -0.00068337
v 0.09109171 0.099034 0.00403056
v 0.09162354 0.10136254 0.00357723
v 0.09205175 0.04883871 -0.00106108
v 0.09152457 -0.0526154 0.00267982
v 0.08064946 -0.06589984 0.00430067
v 0.10186151 -0.04907838 0.00172037
v 0.10931177 -0.04783869 -0.00141928
v 0.11177036 -0.04965413 0.00321023
v 0.09682905 -0.10667059 0.00403738
v 0.09567498 -0.10699427 -0.0018643
v 0.10583653 -0.10785913 0.00275502
v 0.09925817 -0.10801417 -0.00201463
v 0.08144624 0.05878771 0.00383338
v 0.11598415 0.05923906 0.004061
v 0.10158 0.04553602 -0.0014161
v 0.10425217 0.04548492 -0.00149553
v 0.10754459 0.04510321 -0.00158252
v 0.10604864 0.04581713 -0.00145072
v 0.10913534 0.04635176 -0.00157096
v 0.11535779 -0.05068224 0.00233819
v 0.09777419 -0.1073199 -0.00096444
v 0.10461053 0.04679091 0.00384449
v 0.08828816 0.05273926 0.00408138
v 0.12412967 0.09986815 -0.00133464
v 0.09134533 0.09965215 0.00388377
v 0.08998206 0.09818716 0.00392229
v 0.08929828 0.0988789 0.00391052
v 0.08804488 0.09884679 0.00380003
v 0.09399614 0.04974907 0.00302429
v 0.00295225 0.10775276 0.00128923
v 0.00227793 0.14182879 -0.36176139
v -0.00041362 0.08742698 0.00016351
v 0.009063 0.13883951 -0.36191815
v 0.00747017 0.13916136 -0.35759947
v 0.00576704 0.13942969 -0.36037946
v 0.01118925 0.13771588 -0.35573778
v 0.01075204 0.13798602 -0.36159199
v 0.00977186 0.13829415 -0.36605105
v 0.00743782 0.1390906 -0.36646649
v 0.01173484 0.13788041 -0.37014028
v 0.00879815 0.13910808 -0.36912099
v 0.01226987 0.13621305 -0.36889207
v 0.0114507 0.13782512 -0.36505765
v 0.01298648 0.13548744 -0.38711786
v 0.01287294 0.13445055 -0.36016607
v 0.00399771 -0.04067894 0.00097581
v 0.00040264 -0.0341634 0.00003312
v 0.00115257 -0.17916575 -0.00068667
v 0.01625123 -0.1794413 -0.00013017
v 0.00140767 0.15203629 -0.35775626
v 0.00214991 0.14207827 -0.37045559
v 0.00152255 0.1535691 -0.37615687
v 0.00174993 0.14468652 -0.38031638
v 0.0075972 0.13892885 -0.36157817
v 0.00533442 0.13971978 -0.36094132
v 0.00640755 0.13911597 -0.36271811
v 0.00364086 0.14018919 -0.36684477
v 0.00807373 0.1388374 -0.3650299
v 0.00620275 0.13929309 -0.36936858
v 0.00519547 0.13981482 -0.37278274
v 0.00786728 0.13874307 -0.37038091
v 0.0120164 0.1373179 -0.37879431
v 0.01208013 0.13742906 -0.38423067
v 0.0127613 0.13591348 -0.37678468
v 0.01266975 0.13585682 -0.37392855
v 0.01176045 0.13561746 -0.37122008
v 0.00104447 0.1489148 -0.38680619
v 0.00185619 0.15352398 -0.38710395
v 0.0023194 0.14192303 -0.38484541
v 0.0035328 0.14094134 -0.38257474
v 0.0071904 0.13936476 -0.36274686
v 0.00344994 0.14033405 -0.37684423
v 0.00482981 0.13935241 -0.36035651
v 0.01184245 0.13731277 -0.36275232
v 0.01128299 0.1372188 -0.3648124
v 0.01127565 0.13726151 -0.36531156
v 0.00398235 0.13977653 -0.37928894
v 0.0072712 0.13872664 -0.35613215
v 0.02516329 0.15508451 -0.39741272
v 0.03320852 0.15473559 -0.39721924
v 0.02957124 0.15480393 -0.39717117
v -0.00046739 0.15860789 0.00036811
v -0.00043521 0.12545082 0.00045027
v 0.0046037 0.13096467 0.00130697
v 0.00113724 0.1788906 0.000264
v -0.00188452 0.11274952 -0.00086312
v 0.02001311 0.12052182 0.00103992
v 0.01981928 0.09904272 0.00116328
v 0.06156944 0.16440512 0.00019706
v 0.06872099 0.13207184 -0.00066334
v 0.00773013 0.05838114 0.00143966
v 0.03423199 0.06589077 0.00090819
v 0.02102012 0.07845444 0.00129299
v 0.00277722 0.02618007 0.00123593
v 0 0.00708709 0
v 0.01517151 0.03841816 0.00134275
v 0.02746477 0.02071549 0.00136333
v 0.07636674 0.08671881 -0.00131136
v 0.03621631 0.04414261 0.00080362
v 0.07472627 0.07849944 -0.00126018
v 0.05386227 0.07456285 -0.00018357
v 0.05526398 0.05665197 0.000094
v 0.07797059 0.06187158 -0.00089818
v 0.07779841 0.06267779 -0.00005317
v 0.07672706 0.0648285 -0.00053479
v 0.01845674 -0.00821097 0.00125829
v 0.03639869 -0.0011323 0.00109634
v 0.08227281 0.05766165 0.00201642
v 0.08095067 0.05889997 0.00041956
v 0.08210967 0.05739229 -0.0000572
v 0.08125592 0.05851118 -0.00039587
v 0.01881841 -0.03382822 0.00089581
v 0.04763095 0.02317272 0.00069299
v 0.06088877 0.00600886 0.00013826
v 0.01811593 -0.05731625 0.0006931
v 0.05640584 -0.01181706 0.00015369
v 0.05311463 -0.14125 -0.00032412
v 0.06140254 -0.1222116 -0.00084939
v 0.04756906 -0.11676779 -0.0002306
v 0.07415383 -0.05415088 -0.0006851
v 0.07996121 -0.06115946 -0.00084663
v 0.07427061 -0.07849296 -0.00114432
v 0.06987091 -0.07866294 -0.0010694
v 0.07506914 -0.08023698 -0.0016062
v 0.02829525 -0.13815668 0.00057378
v 0.0135828 -0.14058982 0.00078698
v 0.02272256 -0.16219307 0.00048698
v 0.0034784 -0.18220752 -0.00328145
v 0.08690052 -0.10195198 -0.00163014
v 0.08358305 -0.09961101 -0.00121957
v 0.06980041 -0.10255683 -0.00123338
v 0.06929854 -0.14009051 -0.00084836
v 0.03421832 -0.18206495 -0.00232408
v 0.0395683 -0.17443 0.00024061
v 0.0176714 -0.17637652 0.00053582
v 0.08853434 -0.10328996 -0.00180368
v 0.03962697 -0.14827351 0.00016736
v 0.0559573 -0.1588866 -0.00021098
v 0.08978182 -0.10341898 0.00408609
v 0.00340229 0.15969571 0.00114976
v 0.00564234 0.18230242 -0.00142679
v 0.01953907 0.18069695 0.00003345
v 0.07634472 -0.08856216 -0.00153733
v 0.0777502 -0.09171652 -0.00137512
v 0.05754426 0.14064158 -0.00009074
v 0.03403901 0.10409199 0.00064672
v 0.00159505 0.04512107 0.00103096
v 0.07472788 -0.07458732 -0.00110866
v 0.07503063 -0.07642308 -0.00078786
v 0.00466018 0.00842502 0.00138673
v 0.07667993 0.06817132 0.0040025
v 0.05729206 -0.06911349 -0.00031141
v 0.04326232 -0.05392719 0.00039465
v 0.02977554 -0.04592232 0.00065407
v 0.0473714 -0.03645848 0.00029341
v 0.02042775 -0.09086417 0.0011565
v 0.06717689 -0.03278566 -0.00040641
v 0.07719134 -0.06644262 -0.00094897
v 0.07765814 -0.06390645 -0.00106701
v 0.05053271 -0.09178439 -0.00027273
v 0.03482979 -0.09851078 0.00056479
v 0.02220318 -0.11181231 0.00099769
v 0.03552149 -0.12525342 0.00029787
v 0.0763984 -0.07186095 0.00312022
v 0.07627159 -0.0741841 0.00355887
v 0.0758674 -0.07938798 0.00439273
v 0.07499556 -0.08188217 -0.00091338
v 0.07608733 -0.0851346 -0.0012752
v 0.07642614 -0.08293083 0.00461072
v 0.07998886 -0.09434015 -0.00119862
v 0.08077016 -0.09619661 -0.00118122
v 0.08245553 -0.09810645 -0.00095982
v 0.075391 0.07795701 0.00342468
v 0.07696085 0.08145771 0.00344961
v 0.0472276 -0.17886861 -0.00062427
v 0.02687465 0.17623922 0.00072188
v 0.0241816 0.1453252 0.00100727
v 0.04562712 0.12188159 0.00000844
v 0.05324634 0.09999083 -0.00043206
v 0.07523668 0.06770237 -0.00106562
v 0.06225809 0.03178293 -0.00002047
v 0.03365651 -0.01840023 0.00106004
v 0.07734887 -0.06996163 0.00275684
v 0.0785505 -0.08939363 0.0046389
v 0.07942522 -0.0917489 0.0040733
v 0.07599433 -0.08284573 0.0037547
v 0.03307592 -0.07228783 0.00084144
v 0.07582408 0.08409116 -0.00120641
v 0.0768925 0.08576107 -0.00117644
v 0.07495151 0.08047956 -0.00139685
v 0.07601698 0.08242244 -0.00081846
v 0.01295565 0.17652512 0.00081552
v 0.04327291 0.14709879 0.00042857
v 0.07490776 0.07346725 -0.00052911
v 0.07522233 0.07667695 -0.00071664
v 0.07433493 0.07211513 -0.001096
v 0.07651299 -0.0683312 -0.00099074
v 0.07598253 -0.06976857 -0.00087549
v 0.07787631 -0.06851771 0.00396308
v 0.03753427 0.08520029 0.00062293
v 0.07557072 0.06948598 -0.00105464
v 0.0763811 0.07423214 0.00426951
v 0.08867552 -0.10250553 0.00400975
v 0.07799535 -0.09067377 -0.00030385
v 0.08102021 -0.06360716 0.00392208
v 0.07496471 -0.07280885 -0.00105889
v 0.07553534 -0.07129502 -0.0011235
v 0.07637119 -0.08300037 -0.00074768
v 0.08226036 -0.0958515 0.00446193
v 0.07780734 0.08879419 -0.00093994
v 0.0918351 -0.1045936 0.00370992
v 0.07985537 0.06031006 0.00018199
v -0.0033137 0.17802516 -0.00968488
v -0.00274039 0.1736263 -0.06148818
v -0.00020745 0.16387872 -0.2278416
v 0.01307303 0.13273926 -0.39388153
v 0.01144786 -0.13864905 -0.34354132
v 0.00884879 -0.14069805 -0.34355006
v 0.01061587 -0.13897718 -0.34398335
v 0.15256588 0.1514609 -0.39657566
v 0.01020967 -0.14042997 -0.35521883
v 0.02499081 -0.08465528 -0.3788
v 0.02539569 -0.08329707 -0.37300545
v 0.02598081 -0.08415762 -0.37739804
v 0.02466856 -0.09880947 -0.37730971
v 0.02455252 -0.0926681 -0.37548417
v 0.02468544 -0.09550419 -0.38264292
v 0.01335976 -0.11508814 -0.37230021
v 0.01093433 -0.13097577 -0.32682857
v 0.01027654 -0.11978821 -0.32306764
v 0.01070049 -0.12320492 -0.33093971
v 0.01198762 -0.12090726 -0.3920787
v 0.02284899 -0.11196291 -0.37540412
v 0.02290488 -0.11133436 -0.38263068
v 0.01101844 -0.13732299 -0.32396406
v 0.01069669 -0.13683327 -0.31434071
v 0.01226933 -0.13691399 -0.35264257
v 0.01144677 -0.12901221 -0.3444109
v 0.00201776 -0.1424866 -0.32617003
v 0.00543877 -0.14066234 -0.31893426
v 0.00571826 -0.14093226 -0.32437122
v 0.00101172 -0.14362377 -0.31598404
v 0.00086749 -0.14713208 -0.32431048
v 0.01216647 -0.13129267 -0.38250002
v -0.00163233 -0.16592374 -0.19657433
v -0.00181944 -0.16776326 -0.18141051
v 0.00629674 -0.14079432 -0.32901135
v 0.01035667 -0.13927849 -0.33243108
v 0.0075678 -0.14099535 -0.33685273
v -0.00073197 -0.16296974 -0.24131095
v -0.00027198 -0.16148847 -0.26618257
v 0.01109794 -0.13915333 -0.35753286
v 0.00011664 -0.14504445 -0.39244828
v 0.00017444 -0.14712952 -0.39086893
v 0.00138636 -0.1440105 -0.38760641
v -0.00174216 -0.17191648 -0.14510687
v -0.00206008 -0.16913263 -0.16624989
v 0.00043519 -0.14752869 -0.37845364
v 0.0002955 -0.149525 -0.38218293
v 0.00072669 -0.14856403 -0.37790281
v 0.01246145 -0.15684871 -0.38592026
v 0.01065433 -0.156368 -0.39422074
v 0.01335492 -0.15664396 -0.39478311
v 0.01832036 -0.15659343 -0.38956693
v 0.00722907 -0.14110744 -0.32537425
v 0.37275967 0.1512337 -0.0380863
v 0.00751248 -0.1405905 -0.31933936
v 0.47575524 0.13452652 -0.01342021
v 0.01216404 -0.13350499 -0.38566104
v 0.01152574 -0.13291626 -0.38639092
v 0.00535585 -0.14088708 -0.32893547
v 0.00546937 -0.14049883 -0.32827616
v 0.30986175 0.12868887 -0.39403582
v 0.01687312 -0.15683195 -0.39354604
v 0.01511474 -0.15663284 -0.3946774
v 0.00066973 -0.15273695 -0.38575304
v 0.00080391 -0.15279832 -0.38376975
v 0.00038003 -0.14803989 -0.39263231
v -0.0012292 -0.16523595 -0.21571235
v 0.01008435 -0.14017436 -0.35346869
v 0.01131226 -0.13896674 -0.34994376
v -0.00088529 0.18225704 -0.01445484
v 0.01244298 -0.1387718 -0.37068397
v 0.00140488 -0.14313869 -0.39175016
v 0.00177166 -0.14484337 -0.39406899
v 0.00168984 -0.14310421 -0.3738949
v 0.00052516 -0.1483379 -0.37734914
v -0.00097329 0.17778693 -0.07530183
v -0.00237808 0.17356281 -0.09117171
v -0.00258059 0.17548551 -0.07064945
v -0.00301227 0.17622298 -0.03694148
v -0.0028713 0.17602728 -0.04848025
v -0.00067294 0.16570345 -0.20735106
v 0.00144909 0.16768427 -0.22770879
v -0.00261446 -0.17119826 -0.12297299
v 0.00507237 -0.14047788 -0.3180151
v 0.01143287 -0.13242899 -0.33535904
v 0.01108555 -0.12098807 -0.3477543
v 0.01188899 -0.11817218 -0.38109738
v 0.01204756 -0.12000337 -0.37809446
v 0.01407446 -0.11484767 -0.37748456
v 0.0123519 -0.11912487 -0.37800258
v 0.0124867 -0.11711128 -0.37306133
v 0.01110654 -0.12610437 -0.33879879
v 0.01088713 -0.117654 -0.34076074
v 0.01499235 -0.11402074 -0.34400314
v 0.01466217 -0.11401558 -0.34268555
v 0.0162332 -0.11320554 -0.34118539
v 0.014556 -0.11294949 -0.33881298
v 0.02429074 -0.09870367 -0.36598441
v 0.01696574 -0.11203298 -0.33205974
v 0.01556425 -0.11314593 -0.33297455
v 0.01552956 -0.11297412 -0.32828164
v 0.01127394 -0.1154627 -0.33481067
v 0.01301986 -0.11318179 -0.32367375
v 0.02381453 -0.09437083 -0.35908088
v 0.0109407 -0.11512706 -0.32250071
v 0.0238946 -0.09919679 -0.35343951
v 0.02385557 -0.08525581 -0.35340339
v 0.02421527 -0.08465481 -0.36095124
v 0.02594865 -0.08316098 -0.38625079
v 0.02471464 -0.09238788 -0.38808382
v 0.02565661 -0.08516738 -0.3800852
v 0.02433408 -0.09183746 -0.36808807
v 0.02450191 -0.08400244 -0.3673268
v 0.02449513 -0.08448514 -0.36877891
v 0.02496404 -0.08460752 -0.36236233
v 0.02447774 -0.09604186 -0.39223829
v 0.02480363 -0.09652591 -0.39140549
v 0.02465637 -0.09576726 -0.39059737
v 0.02474087 -0.09971363 -0.38678545
v 0.02468672 -0.10532941 -0.37816858
v 0.02427776 -0.10879969 -0.3790738
v 0.02391635 -0.11002725 -0.37731925
v 0.02218364 -0.11117122 -0.3772743
v 0.00335032 -0.14226648 -0.37789711
v 0.003502 -0.14216842 -0.3805868
v 0.00270865 -0.14246245 -0.38361508
v 0.00135762 -0.1438445 -0.38481206
v 0.00252134 -0.14225264 -0.38474938
v 0.00162991 -0.14317688 -0.38879511
v 0.00239073 -0.14161822 -0.38627395
v 0.01089008 -0.13910438 -0.34329754
v 0.00112827 -0.14422718 -0.39040363
v 0.0013402 -0.15185761 -0.38756818
v 0.00384678 -0.15573446 -0.38624966
v 0.00350243 -0.15513097 -0.38957262
v 0.00390928 -0.15517588 -0.39144924
v 0.00684155 -0.1560301 -0.39205647
v -0.00297413 0.17804326 -0.0277078
v -0.00179141 0.17864399 -0.05028719
v 0.01250167 -0.13738641 -0.37355295
v 0.0128841 0.13297895 -0.39649996
v 0.0135376 -0.11611995 -0.3713766
v 0.38840303 0.14859529 -0.03737556
v 0.38182524 0.14988667 -0.0383181
v 0.02444197 -0.0913362 -0.3799035
v 0.02505672 -0.09339714 -0.3879866
v 0.01305906 -0.11458053 -0.34667513
v 0.01229493 -0.1222107 -0.39078814
v 0.00117479 -0.14257188 -0.39383769
v 0.008766 -0.14107893 -0.34671733
v 0.00063357 -0.15136933 -0.37438989
v 0.00056285 -0.15150173 -0.38873002
v 0.00082123 -0.15309022 -0.38043165
v 0.00651531 -0.15600877 -0.39552853
v 0.00682311 -0.15616517 -0.39389905
v 0.00543174 -0.15595891 -0.39395022
v 0.00105961 -0.14430809 -0.38547051
v 0.02455131 -0.09669048 -0.38643172
v 0.02479618 -0.09135321 -0.39122263
v 0.02483162 -0.09371123 -0.39152232
v 0.02482909 -0.09360801 -0.38972247
v 0.0260967 -0.08447909 -0.38826695
v 0.308319 0.12857103 -0.39515942
v 0.30736011 0.12937382 -0.39474356
v 0.14167501 0.15199062 -0.39670354
v 0.01327518 -0.11440928 -0.34299898
v 0.01284382 -0.11764295 -0.38997176
v 0.02540792 -0.08656383 -0.39044914
v 0.0248216 -0.0863354 -0.39348963
v 0.02463619 -0.08808807 -0.39356336
v 0.3840003 0.14886074 -0.03802561
v 0.14998773 0.15134184 -0.39704108
v 0.02643161 -0.08390755 -0.38030741
v 0.00642833 -0.14093344 -0.32431939
v 0.02405965 -0.09519472 -0.39212826
v 0.02474877 -0.09531993 -0.39112037
v 0.02491685 -0.09556579 -0.38981867
v 0.02469502 -0.09542884 -0.3906233
v 0.02474904 -0.09674263 -0.38895872
v 0.02454027 -0.09543853 -0.38363203
v 0.02435369 -0.08991747 -0.39360687
v 0.00333251 -0.14197984 -0.37654775
v 0.00036143 -0.14846389 -0.391776
v 0.00026762 -0.15073366 -0.39223149
v 0.01013786 -0.14086084 -0.37319633
v 0.00078976 -0.14895983 -0.37775221
v -0.00122682 -0.1825 -0.001227
v -0.00122682 -0.1825 0.001227
v -0.00122682 0.1825 0.001227
v -0.00122682 0.1825 -0.001227
v 0.00122682 0.1825 0.001227
v 0.00122682 0.1825 -0.001227
v 0.00122682 -0.1825 0.001227
v 0.00122682 -0.1825 -0.001227
v 0.07221074 0.18437709 -0.01308425
v 0.07443467 0.1839336 -0.00417973
v 0.09148 0.18398947 -0.00570442
v 0.11139739 0.18215649 -0.00177096
v 0.09723004 0.18431416 -0.01320094
v 0.12267565 0.1840525 -0.01198608
v 0.13723341 0.17996188 -0.00055407
v 0.14135727 0.18174897 -0.00188579
v 0.12541895 0.18332621 -0.00444202
v 0.08192734 -0.18270043 -0.00557851
v 0.05596641 -0.18102193 -0.00190378
v 0.04666186 -0.18375364 -0.01166521
v 0.11441451 -0.17897995 -0.00143182
v 0.08311716 -0.18099187 -0.00256719
v 0.11139757 -0.18221042 -0.00519359
v 0.00039103 0.18317614 -0.00458077
v 0.00564234 0.18230242 -0.00142679
v 0.01823753 0.18384187 -0.0037138
v 0.05403924 0.18391517 -0.0037326
v 0.07065392 -0.18365802 -0.01172988
v 0.04681933 0.18409835 -0.01216032
v 0.02039241 0.18383591 -0.01121768
v 0.05093873 0.18335807 -0.02238563
v 0.42990291 -0.10189299 -0.02251816
v 0.43398374 -0.09938896 -0.02482725
v 0.43306231 -0.10119664 -0.02420565
v 0.42870888 -0.10305641 -0.02330837
v 0.42342731 -0.10669062 -0.02431614
v 0.42504179 -0.10590941 -0.02379751
v 0.47363728 -0.12902467 -0.02696364
v 0.40759626 0.14223406 -0.15754725
v 0.42445952 0.13526802 -0.14254817
v 0.46272889 -0.13236052 -0.0477252
v 0.44253549 -0.12468032 -0.12333726
v 0.35474879 0.1038447 -0.38955215
v 0.35763726 0.10507901 -0.38009176
v 0.37272081 0.10902739 -0.33271992
v 0.36945429 0.10369959 -0.35400876
v 0.36108562 0.11410809 -0.3456499
v 0.42854032 0.14370775 -0.10692558
v 0.42220736 0.14345658 -0.12183859
v 0.35392031 0.11281957 -0.36639288
v 0.33783501 0.13156547 -0.33526745
v 0.34118474 0.12142716 -0.36633673
v 0.3441402 0.12179987 -0.35786593
v 0.35303399 0.11801977 -0.35153016
v 0.35186219 0.12487428 -0.33275878
v 0.35984042 0.1296566 -0.30322981
v 0.3626236 0.11930381 -0.32803217
v 0.36870658 0.12994857 -0.28434175
v 0.3720623 0.12210752 -0.3008253
v 0.38595679 0.14098015 -0.20748912
v 0.40164784 0.13791691 -0.18539338
v 0.44107634 0.15494028 -0.03309294
v 0.43840203 0.15808417 -0.02411235
v 0.37758437 0.12547284 -0.27872789
v 0.38387546 0.12899004 -0.25338155
v 0.39085087 0.11783451 -0.26924697
v 0.43544912 0.14785792 -0.07615329
v 0.43391684 0.15545255 -0.04898753
v 0.44435787 0.15099156 -0.04187886
v 0.43484074 0.15241493 -0.05964724
v 0.44460985 0.14774233 -0.05403937
v 0.36330852 0.10349784 -0.36980954
v 0.39760295 0.13159165 -0.21455976
v 0.40602443 0.13106743 -0.19705808
v 0.41075096 0.12174477 -0.21250229
v 0.34833047 0.11218341 -0.38192353
v 0.35081804 0.10739864 -0.3895455
v 0.46905157 0.13080373 -0.04434095
v 0.46083242 0.13348654 -0.05870944
v 0.45516607 0.14015608 -0.05336227
v 0.37693283 0.11373475 -0.31156132
v 0.38713405 0.10880263 -0.29941985
v 0.43330336 0.14539722 -0.0899362
v 0.44243583 0.14191678 -0.07998442
v 0.44029999 0.13684513 -0.10083738
v 0.38804379 0.1138794 -0.285366
v 0.45778269 0.14218244 -0.03957442
v 0.45411453 0.14950211 -0.02092646
v 0.46378446 0.14523892 -0.01065124
v 0.45227796 0.13404413 -0.07960507
v 0.44992244 0.13997626 -0.06763614
v 0.4527719 0.12891497 -0.09220073
v 0.41881028 0.12050615 -0.19649586
v 0.43826687 0.12187855 -0.14618988
v 0.43137217 0.13565759 -0.12531386
v 0.4435887 0.12920424 -0.1141123
v 0.40192971 0.12052992 -0.23619974
v 0.42760351 0.124735 -0.16494627
v 0.39786002 0.11627556 -0.25666574
v 0.4570674 0.14586507 -0.02772653
v 0.39134318 0.13000447 -0.23357125
v 0.37950617 0.13795793 -0.23191735
v 0.33688539 0.11931457 -0.38395783
v 0.32993248 0.12879689 -0.3591221
v 0.34685704 0.1093264 -0.39149901
v 0.31106588 0.1310426 -0.38549584
v 0.41684487 0.13158534 -0.17130643
v 0.37439221 0.13447605 -0.25609431
v 0.31682983 0.12595451 -0.39371389
v 0.32000425 0.12479069 -0.39342618
v 0.31311697 0.12743925 -0.39411029
v 0.35205173 0.10666096 -0.3897875
v 0.46893799 0.13673204 -0.02597933
v 0.32998365 0.1197803 -0.39381769
v 0.32929948 0.1201008 -0.39467117
v 0.3285805 0.12031715 -0.39326322
v 0.33425286 0.12319174 -0.37492874
v 0.3443909 0.11159174 -0.3911998
v 0.32209459 0.12878843 -0.37596476
v 0.32661644 0.12117143 -0.3938745
v 0.33165649 0.11872033 -0.39363298
v 0.34886238 0.10847382 -0.391341
v 0.3527014 0.10470978 -0.39021131
v 0.35044882 0.10723179 -0.39012381
v 0.31484243 0.12705708 -0.39477333
v -0.00262921 0.17958198 -0.00357589
v 0.46757716 -0.13845751 -0.01296977
v 0.00108859 0.16481006 -0.25134838
v 0.00045743 0.16077238 -0.26762956
v 0.00655506 0.16883938 -0.22863185
v 0.00167369 0.160743 -0.29216823
v 0.00501185 0.16599011 -0.256156
v 0.01687738 0.16760637 -0.24310601
v 0.00206644 0.15828146 -0.32148263
v 0.00712865 0.1615379 -0.30231452
v 0.03076787 0.16795747 -0.24457844
v 0.0188056 0.1648681 -0.27141854
v 0.00617551 0.15527007 -0.37857205
v 0.00952197 0.15650113 -0.36140433
v 0.01409049 0.15550791 -0.37811154
v 0.04761389 0.16861391 -0.24504267
v 0.00663742 0.15465648 -0.39304528
v 0.02086072 0.15504824 -0.39193654
v 0.02004271 0.15451461 -0.39668459
v 0.00743782 0.1390906 -0.36646649
v 0.02632012 0.15745263 -0.3566961
v 0.04134997 0.15746038 -0.36158544
v 0.01298648 0.13548744 -0.38711786
v 0.01320769 0.13486172 -0.38876346
v 0.16216928 0.18330207 -0.01329656
v 0.16714801 0.18215407 -0.00338577
v 0.17686132 0.18273109 -0.00875376
v 0.18492365 0.18265679 -0.0220825
v 0.19362052 0.18226773 -0.00767179
v 0.22648896 0.18177836 -0.02159994
v 0.20908777 0.18207394 -0.01342566
v 0.23163781 0.18168709 -0.01101132
v 0.39536995 -0.11901258 -0.02469355
v 0.38787997 -0.12052633 -0.02397706
v 0.25414371 0.17888089 -0.00067742
v 0.22275232 0.17966057 -0.0015089
v 0.25023046 0.18148594 -0.02532627
v 0.27081338 0.1807701 -0.00387173
v 0.27616355 0.17876239 -0.00092545
v 0.2910293 0.1807259 -0.02119278
v -0.00246193 -0.17451818 -0.0018483
v -0.00325786 -0.17724176 -0.00947998
v -0.0023331 -0.18050651 -0.0072588
v 0.00115257 -0.17916575 -0.00068667
v 0.0034784 -0.18220752 -0.00328145
v 0.0007276 -0.18293431 -0.01164518
v 0.26868677 -0.18016779 -0.02792058
v 0.02805244 -0.18320435 -0.00507344
v 0.35501209 0.17974588 -0.00961534
v 0.35266095 0.17886743 -0.02337125
v 0.34015945 0.18041475 -0.00759336
v 0.01625123 -0.1794413 -0.00013017
v 0.24385431 -0.18076053 -0.02903942
v 0.22584561 -0.18135318 -0.03807528
v 0.11230556 -0.18261351 -0.03475154
v 0.39593503 0.17501278 -0.01244606
v 0.37942091 0.17675604 -0.02110012
v 0.40418401 0.17223054 -0.00135993
v 0.37651503 0.17774431 -0.00323505
v 0.38923654 0.17166573 0.00061033
v 0.42155361 0.16752027 -0.00226336
v 0.09870712 -0.18320115 -0.01134684
v 0.13432048 -0.18201165 -0.00513311
v 0.16767009 -0.18247154 -0.0425474
v 0.18692526 -0.18230556 -0.0407705
v 0.12189046 -0.18302684 -0.01318648
v 0.14861211 -0.17779343 -0.00115891
v 0.15675245 -0.18128608 -0.00460075
v 0.14603485 -0.18280746 -0.01250194
v 0.4810923 0.13057159 -0.00294935
v 0.45763966 0.14616524 -0.00016515
v 0.451718 0.15287727 -0.01349982
v 0.46201679 0.14651552 -0.00313115
v 0.47202983 0.13916516 -0.00511664
v 0.1806004 -0.18121642 -0.0056962
v 0.16882761 -0.18247271 -0.01130227
v 0.44997177 0.15479602 -0.00607302
v 0.1870871 -0.18213804 -0.02348829
v 0.20492786 -0.18190427 -0.04252565
v 0.12852606 -0.18269987 -0.02328
v 0.19763581 -0.18069635 -0.00506675
v 0.21152489 -0.18085106 -0.00697957
v 0.23137423 -0.17996202 -0.00552211
v 0.22102015 -0.17713749 -0.00185768
v 0.43867764 0.16065425 -0.01007993
v 0.44086951 0.15891334 -0.00189193
v 0.23861593 -0.18080997 -0.01225372
v 0.42858166 0.16535951 -0.00709075
v 0.42561802 0.16446853 -0.02154416
v 0.26494038 -0.18025862 -0.00986333
v 0.26336652 -0.17913936 -0.00452246
v 0.25983426 -0.1773766 -0.00216863
v 0.29906088 -0.17987299 -0.00973196
v 0.29789829 -0.17836584 -0.00311914
v 0.39936599 0.17477858 -0.00647108
v 0.31592607 -0.17449671 -0.00033489
v 0.31655556 -0.17873541 -0.00413069
v 0.3425113 -0.17607461 -0.00125019
v 0.35717428 -0.17725323 -0.00419344
v 0.02240972 -0.1834152 -0.01255806
v 0.40417036 -0.17071231 -0.00457483
v 0.40892276 -0.16842449 -0.0017365
v 0.38605389 -0.17465404 -0.00627798
v 0.42311072 -0.16466711 -0.0064204
v 0.40930122 -0.16924767 -0.01099391
v 0.43273607 -0.15919477 -0.00131414
v 0.44478661 -0.15448353 -0.0055461
v 0.45066211 -0.15059471 -0.00258085
v 0.43747467 -0.15728246 -0.01445067
v 0.4662874 -0.13787435 -0.00069629
v 0.00137051 0.15373965 -0.34389663
v 0.00193454 0.15634932 -0.33963546
v 0.00255368 0.15539633 -0.35979727
v 0.00140767 0.15203629 -0.35775626
v 0.00152255 0.1535691 -0.37615687
v 0.04369626 0.16418821 -0.29259062
v 0.04445432 0.16642964 -0.26848695
v 0.01322074 0.15466547 -0.39688489
v 0.01036343 0.15465906 -0.39700425
v 0.00620275 0.13929309 -0.36936858
v 0.04203522 0.15957324 -0.34001112
v 0.02616826 0.15962029 -0.33191729
v 0.01266975 0.13585682 -0.37392855
v 0.30244648 0.1809921 -0.01244447
v 0.27285951 0.18130676 -0.00942294
v 0.30873635 0.18068448 -0.00427257
v 0.18334197 0.17873773 -0.00038882
v 0.19027017 0.18150236 -0.00323404
v 0.27170545 0.18105458 -0.02391778
v 0.10565346 -0.18278724 -0.02164748
v 0.24713479 0.18144806 -0.00658558
v 0.33378226 0.17978966 -0.02228109
v 0.32285997 0.18082915 -0.00712655
v 0.31719264 0.1802092 -0.02314925
v 0.36045006 0.17678721 -0.0003607
v 0.34600744 0.17924279 -0.00255984
v 0.32649916 0.17833911 -0.00066029
v 0.13075599 0.18393038 -0.03489573
v 0.37735057 0.17807749 -0.01022405
v 0.37659007 0.17514142 -0.00023848
v 0.01608548 0.15459104 -0.39758402
v 0.01673057 0.16081743 -0.31395712
v 0.00436474 0.15384243 -0.39726335
v 0.0012052 0.15126219 -0.39751187
v 0.00185619 0.15352398 -0.38710395
v 0.02608171 0.16288641 -0.29735056
v 0.00587499 0.16394213 -0.27605805
v 0.40775478 0.17098695 -0.02026934
v 0.41496786 0.17019501 -0.01074512
v 0.47355121 -0.13497515 -0.00493209
v 0.17876314 -0.17799488 -0.00161396
v 0.18445772 -0.18175595 -0.00881524
v 0.18452458 -0.18180828 -0.00932239
v 0.18565527 -0.18202345 -0.01116382
v 0.20631671 -0.18162549 -0.01221848
v 0.31985402 -0.17938474 -0.01268087
v 0.27957898 -0.18014584 -0.01326294
v 0.33653352 -0.17883652 -0.00804226
v 0.41497746 -0.16301015 0.00033615
v 0.21974251 -0.18129842 -0.02307259
v 0.15916976 -0.18248278 -0.02665582
v 0.4214122 -0.16333129 -0.02232077
v 0.46140707 -0.14413345 -0.00590372
v 0.00722185 0.15810701 -0.3399452
v 0.00815461 0.15500334 -0.3976523
v 0.00584304 0.13906127 -0.36837775
v 0.01290777 0.13688745 -0.37626019
v 0.21330464 0.18128939 -0.00411101
v 0.08302867 -0.18293437 -0.02079477
v 0.18453531 -0.18177874 -0.00907045
v 0.39411014 -0.12002146 -0.02446486
v 0.45311922 -0.14825493 -0.01505053
v 0.01203638 0.13558586 -0.3764486
v 0.14480658 0.18366706 -0.00976462
v 0.00490907 0.18312244 -0.01929175
v 0.0122185 0.13495068 -0.39406472
v 0.01323594 0.13453045 -0.3959634
v 0.37701133 0.15059973 -0.03832404
v 0.37380204 0.15123127 -0.03819815
v 0.23581564 -0.18110158 -0.05326798
v 0.18842584 -0.18204868 -0.05846517
v 0.21465468 -0.18161331 -0.05079024
v 0.44397053 -0.15075061 -0.02949619
v 0.42777309 -0.1595825 -0.02849106
v 0.43288141 -0.1535933 -0.0465615
v 0.45306489 -0.13273029 -0.07300492
v 0.43735486 -0.1472394 -0.06336863
v 0.41317636 -0.16210844 -0.05121067
v 0.40640885 -0.1581098 -0.0889215
v 0.42139095 -0.15819636 -0.05309628
v 0.4010269 -0.16644819 -0.05161339
v 0.38249579 -0.1709331 -0.05473856
v 0.38910139 -0.16779117 -0.06660546
v 0.34095454 -0.17700025 -0.04878187
v 0.35444248 -0.17680776 -0.02950335
v 0.32768852 -0.17848457 -0.03231661
v 0.31542554 -0.17686145 -0.08189729
v 0.28367648 -0.1796913 -0.03631261
v 0.25603947 -0.18052487 -0.04648201
v -0.00024029 -0.17579783 -0.11861695
v 0.11270701 -0.18192519 -0.05479579
v 0.12737675 -0.1825081 -0.0414223
v 0.05274916 -0.18098161 -0.06085887
v 0.07599322 -0.18103661 -0.06351973
v 0.07681999 -0.18020289 -0.08139478
v 0.14516631 -0.18161881 -0.07591619
v 0.1215978 -0.18144333 -0.07327785
v 0.13289642 -0.18068743 -0.09135701
v 0.20502169 -0.18163829 -0.06762045
v 0.18509707 -0.18159342 -0.07756005
v 0.16401294 -0.18208453 -0.06654184
v 0.09944366 -0.18074828 -0.0795513
v 0.1502374 -0.18221281 -0.05502737
v 0.14517942 -0.18264668 -0.03664719
v 0.22799565 -0.18115158 -0.06933324
v 0.2488239 -0.18058257 -0.06785932
v 0.09530503 -0.18160801 -0.05665962
v 0.27374321 -0.17980149 -0.05787846
v 0.05456717 -0.1792129 -0.09580156
v 0.3332051 -0.17619845 -0.07279221
v 0.34479213 -0.17523435 -0.07174647
v 0.4489598 -0.14246893 -0.0505412
v -0.00082735 -0.17625783 -0.10233704
v -0.00278156 -0.1723786 -0.09869665
v 0.13604003 -0.18206362 -0.05773843
v 0.04507813 -0.18006346 -0.07769659
v 0.45724505 -0.14160584 -0.03080863
v 0.31200406 -0.17816794 -0.06267753
v 0.30343735 -0.17905475 -0.0419398
v 0.37187716 -0.17414089 -0.04280722
v 0.36052731 -0.17302108 -0.07332448
v 0.3911584 -0.17180835 -0.03041391
v 0.40672624 -0.16777271 -0.02883617
v 0.24387918 0.14300169 -0.39517546
v 0.23883365 0.1439428 -0.39491645
v 0.24820854 0.14270647 -0.39512932
v 0.25942254 0.16922034 -0.19879638
v 0.23716304 0.17254822 -0.18506689
v 0.27802163 0.16989627 -0.18312632
v 0.27546358 0.17430264 -0.1504605
v 0.28143725 0.17175786 -0.16692963
v 0.29170853 0.1700253 -0.17372443
v 0.28153959 0.17181572 -0.16642922
v 0.22682172 0.17708014 -0.15070356
v 0.2419046 0.1742782 -0.16851117
v 0.25318119 0.17596379 -0.14848877
v 0.26098931 0.17241816 -0.17376931
v 0.40948227 0.14628781 -0.13954414
v 0.01602295 0.1805605 -0.05593785
v 0.0173024 0.17875691 -0.08541145
v 0.00434961 0.17845725 -0.08974262
v 0.00484509 0.17438589 -0.15012002
v 0.00048753 0.17136271 -0.1744138
v -0.00065756 0.17227018 -0.1519089
v 0.00555856 0.1727079 -0.17469864
v 0.02748354 0.17713334 -0.11803242
v 0.01704424 0.17544998 -0.13636389
v 0.00543499 0.17630246 -0.12269944
v 0.01615256 0.17379177 -0.16128822
v 0.0417477 0.18267278 -0.03380571
v 0.02866135 0.18253754 -0.02970057
v 0.00547879 0.17068914 -0.20317115
v 0.01838485 0.1700421 -0.21444131
v 0.43635941 -0.1425454 -0.08400094
v 0.44606167 -0.12952811 -0.10056944
v 0.42233542 -0.15116659 -0.08469222
v 0.42872521 -0.13398638 -0.13088155
v 0.03957007 0.17023994 -0.22219057
v 0.03376393 0.15675981 -0.37002632
v 0.03094523 0.15606841 -0.38166511
v 0.0210674 0.15488186 -0.3967534
v 0.02516329 0.15508451 -0.39741272
v 0.03708409 0.1550644 -0.39698747
v 0.08191776 0.18335713 -0.0410968
v 0.09008165 0.18382932 -0.02536106
v 0.10511743 0.18371472 -0.04641947
v 0.11328533 0.1839662 -0.02489277
v 0.04022947 0.15556651 -0.38841248
v 0.05886447 0.15682451 -0.37250358
v 0.41246909 -0.12079242 -0.20896305
v 0.08223658 0.17347842 -0.1929477
v 0.0695007 0.17386352 -0.18524282
v 0.07304585 0.17526281 -0.16792828
v 0.04577629 0.15468588 -0.39751437
v 0.04391748 0.1549056 -0.39687625
v 0.05311423 0.15465772 -0.39661863
v 0.41309261 -0.12654641 -0.19109362
v 0.39607486 -0.13245763 -0.21252926
v 0.09074437 0.17899334 -0.12201072
v 0.11378904 0.18153782 -0.0938364
v 0.11777026 0.18029206 -0.11429828
v 0.06354943 0.16029538 -0.33481961
v 0.0800896 0.16213241 -0.31274998
v 0.08229768 0.15991083 -0.33626822
v 0.08412686 0.16975428 -0.23459746
v 0.08474364 0.17151651 -0.21536817
v 0.09759737 0.17004947 -0.2321644
v 0.3846696 -0.16189517 -0.11201576
v 0.38090411 -0.16700499 -0.08830661
v 0.3709062 -0.16259488 -0.13150133
v 0.07291519 0.15851404 -0.35328326
v 0.14342776 0.18347585 -0.06477142
v 0.13884312 0.18238898 -0.08826395
v 0.12916811 0.18361588 -0.05891433
v 0.15108031 0.18378571 -0.04584201
v 0.13642734 0.18126401 -0.10600869
v 0.13614693 0.17991954 -0.12619168
v 0.18155836 -0.17726967 -0.14491406
v 0.19984454 -0.17594123 -0.15607192
v 0.21336296 -0.1774341 -0.13683315
v 0.13504875 0.17685921 -0.16493398
v 0.11797329 0.17513011 -0.18049648
v 0.11697526 0.17725055 -0.1561085
v 0.31480592 0.16114394 -0.21685702
v 0.29760149 0.1659046 -0.1988458
v 0.31824991 0.1636087 -0.19815764
v 0.09679268 0.15397613 -0.39696464
v 0.09241901 0.15370466 -0.39742774
v 0.08684208 0.15403681 -0.39715606
v 0.09788961 0.16427571 -0.28853109
v 0.11361375 0.16627517 -0.26712456
v 0.1339993 0.16382429 -0.28432003
v 0.32840839 0.17631671 -0.09391298
v 0.33721161 0.17519 -0.09620186
v 0.32188845 0.17576396 -0.10541011
v 0.12078823 0.16081163 -0.31636524
v 0.15707651 0.18047051 -0.12299865
v 0.15478162 0.17831384 -0.15078349
v 0.13207003 0.17870885 -0.14155623
v 0.16789132 0.18349126 -0.03833743
v 0.16028887 0.18356022 -0.06221517
v 0.32850072 0.17636383 -0.09341273
v 0.3301405 0.17805131 -0.07201318
v 0.11216359 -0.18035409 -0.091667
v 0.11199577 -0.17917299 -0.11149179
v 0.13825533 -0.17980418 -0.10756454
v 0.10680402 0.15763022 -0.36272809
v 0.11872968 0.15889046 -0.33965841
v 0.11328813 0.15712658 -0.35468686
v 0.14386943 0.16791384 -0.24913733
v 0.12772843 0.16934338 -0.23833202
v 0.1472569 0.17007683 -0.23005043
v 0.13355973 0.16091928 -0.31050891
v 0.18307753 0.18324581 -0.04027812
v 0.17809649 0.18267429 -0.08646016
v 0.16344163 0.18293031 -0.08010353
v 0.17816286 0.1833351 -0.06314952
v 0.11609068 0.15400429 -0.39396471
v 0.1169973 0.1531482 -0.39703703
v 0.11383358 0.1533864 -0.39694309
v 0.16844854 0.17418374 -0.19183607
v 0.1494287 0.17351666 -0.19904362
v 0.16864325 0.17698738 -0.16596924
v 0.13252069 0.1582858 -0.34031618
v 0.34836009 -0.17272499 -0.09300502
v 0.34032795 -0.17083032 -0.11786296
v 0.36758694 -0.16946724 -0.09260768
v 0.12119102 0.14599791 -0.35857573
v 0.12301268 0.14652374 -0.35692766
v 0.12509876 0.14854853 -0.35546497
v 0.36735588 -0.15746224 -0.16470908
v 0.35005501 -0.16218923 -0.16356459
v 0.34821615 -0.15804955 -0.1899676
v 0.14956999 0.15918307 -0.32087758
v 0.1466146 0.16202353 -0.29607067
v 0.16233572 0.15938829 -0.31284186
v 0.18268336 0.17693326 -0.16489053
v 0.18632098 0.17411982 -0.18984246
v 0.38188356 -0.11602359 -0.29453933
v 0.37072003 -0.11992552 -0.30823997
v 0.37646326 -0.11402793 -0.31178918
v 0.35754177 -0.14067301 -0.26156643
v 0.35807246 -0.13410628 -0.28670639
v 0.36897752 -0.13131209 -0.27555534
v 0.36397412 -0.12795624 -0.29723316
v 0.37436581 -0.12603623 -0.28185412
v 0.13384195 0.15271927 -0.39657193
v 0.13971105 0.15451764 -0.38379216
v 0.15439183 0.15360311 -0.38356504
v 0.1192754 -0.15587956 -0.37800387
v 0.11493433 -0.15684293 -0.37015143
v 0.10990908 -0.15621176 -0.37827393
v 0.19836019 0.17583872 -0.17190064
v 0.20170061 0.17762642 -0.15403181
v 0.33601308 -0.16317563 -0.17476368
v 0.2109367 0.18292718 -0.05827598
v 0.20400766 0.18294145 -0.04616407
v 0.22802326 0.18241611 -0.04180045
v 0.15569352 0.15114123 -0.3969079
v 0.15774219 0.15083715 -0.39674965
v 0.16284436 0.15698886 -0.33712623
v 0.18097036 0.15781927 -0.31761646
v 0.19924472 0.17968184 -0.13158157
v 0.22246535 0.17971219 -0.12437784
v 0.41912559 0.15008977 -0.10461158
v 0.37380356 -0.10908359 -0.33054695
v 0.11137703 -0.15553103 -0.38491094
v 0.12084118 -0.15521878 -0.38321966
v 0.16820265 0.15555705 -0.34986985
v 0.17673104 0.1537282 -0.36334333
v 0.16086593 0.15403742 -0.37463787
v 0.01030959 -0.14001945 -0.35896176
v 0.01079234 -0.1395231 -0.35756117
v 0.31253162 0.17405294 -0.12841208
v 0.33645368 0.17049269 -0.13439412
v 0.32067934 0.16987793 -0.15350689
v 0.34524274 -0.13700441 -0.29825425
v 0.35204425 -0.1302816 -0.31223091
v 0.33063605 -0.16015038 -0.1992991
v 0.17440665 0.14952418 -0.39650303
v 0.1730551 0.14958462 -0.39713398
v 0.16860752 0.15029688 -0.39637351
v 0.22781518 0.18179934 -0.08940881
v 0.22956812 0.18244727 -0.06808415
v 0.24631953 0.18144201 -0.08371236
v 0.36431235 -0.11670756 -0.331332
v 0.35363185 -0.11993625 -0.34451383
v 0.36375883 -0.11235972 -0.34544671
v 0.35833392 -0.12422591 -0.32068634
v 0.34329247 -0.12924813 -0.33234185
v 0.24423261 0.17865011 -0.12604022
v 0.2382388 0.18041402 -0.10634639
v 0.33947751 -0.16622251 -0.15164222
v 0.32218739 -0.17056371 -0.13773511
v 0.32190576 -0.16565092 -0.17309894
v 0.2470683 0.18203562 -0.05190358
v 0.26092285 0.18164176 -0.04593077
v 0.22071888 0.16401705 -0.25437313
v 0.2208302 0.16078846 -0.27668208
v 0.20128873 0.1616009 -0.27854916
v 0.20764628 0.16787338 -0.23245396
v 0.22481546 0.16716906 -0.23050383
v 0.19752969 0.15013805 -0.3827081
v 0.19218211 0.14822797 -0.396065
v 0.17789 0.1495581 -0.39649335
v 0.2616421 0.18122405 -0.07329165
v 0.00059824 -0.14882191 -0.36982363
v 0.00141686 -0.14467919 -0.36263835
v 0.00272838 -0.14234251 -0.37059999
v 0.33732864 -0.12898652 -0.34406382
v 0.34202832 -0.12211595 -0.36305764
v 0.34836197 -0.12182647 -0.34955859
v 0.33107376 -0.12913987 -0.3560971
v 0.24011971 0.16842373 -0.21454209
v 0.232851 0.169396 -0.21100789
v 0.24485643 0.17023738 -0.19900553
v 0.24000877 0.1683567 -0.21504274
v 0.24052362 0.16514181 -0.2377875
v 0.27324045 0.17779922 -0.11826275
v 0.26084325 0.17755468 -0.12868726
v 0.25823173 0.18001771 -0.09963794
v 0.21084425 0.14662795 -0.3957811
v 0.20399122 0.14711185 -0.39637303
v 0.33497012 -0.12470792 -0.36829761
v 0.3393833 -0.11977014 -0.37906983
v 0.32621571 -0.12832323 -0.37089336
v 0.3322911 -0.12299958 -0.38218424
v 0.32512888 -0.12469227 -0.38975018
v 0.3284651 -0.12266151 -0.39031303
v 0.26259822 0.16050133 -0.2585834
v 0.24075305 0.1605178 -0.26954046
v 0.29516467 -0.17521413 -0.11558379
v 0.31258222 -0.17434026 -0.11274455
v 0.12036205 -0.156461 -0.35987386
v 0.12052682 -0.15025951 -0.3592796
v 0.1164965 -0.15009822 -0.3580583
v 0.24977657 0.16620463 -0.22561277
v 0.26242566 0.16616873 -0.21939923
v 0.31512618 -0.16033316 -0.21450095
v 0.29275468 -0.16275111 -0.21718393
v 0.29572108 -0.15964471 -0.23552339
v 0.30641586 0.17963649 -0.06717704
v 0.2802954 0.18086094 -0.05979201
v 0.30248865 0.18046062 -0.0442181
v 0.28250852 0.16647385 -0.20523806
v 0.28595385 0.18089736 -0.03864378
v 0.29035914 -0.16555776 -0.19856405
v 0.30637106 -0.1656415 -0.18686885
v 0.28588158 -0.16912611 -0.17426918
v 0.27423951 -0.17736568 -0.10479735
v 0.28787628 0.17635436 -0.12361068
v 0.29786289 0.17292735 -0.14807278
v 0.3114813 -0.13191654 -0.38254514
v 0.30438051 -0.13365227 -0.38653028
v 0.3096095 -0.13117643 -0.38900957
v 0.31120637 -0.13520226 -0.36388204
v 0.29994366 -0.138523 -0.36375743
v 0.30174938 -0.13695511 -0.3713713
v 0.26641583 0.15452409 -0.2955642
v 0.25016597 0.15718713 -0.28735441
v 0.29580522 -0.14400864 -0.33476874
v 0.29067627 -0.14305291 -0.34777609
v 0.30520323 -0.14067023 -0.34110197
v 0.11151358 -0.16476098 -0.28195518
v 0.12361146 -0.16288179 -0.29545957
v 0.137757 -0.16348077 -0.28226623
v 0.29507089 -0.14599372 -0.32333013
v 0.28008461 -0.1475746 -0.32968733
v 0.28215405 -0.17075239 -0.16360466
v 0.28213504 -0.1708242 -0.16310681
v 0.2720857 -0.17090696 -0.16839592
v 0.2958923 -0.1375782 -0.3787109
v 0.29025748 -0.13946554 -0.37521082
v 0.28512651 -0.13941568 -0.3852618
v 0.32108167 0.17974927 -0.04640027
v 0.25306976 0.14205545 -0.39513311
v 0.25211054 0.14220488 -0.3956548
v 0.25057039 0.14231166 -0.39484972
v 0.29162905 -0.14857532 -0.3108322
v 0.2886008 -0.15085915 -0.29862189
v 0.27259886 -0.15154448 -0.30777356
v 0.26487109 0.15194897 -0.31395873
v 0.28282195 0.15235303 -0.29814437
v 0.27539074 -0.14517616 -0.35368991
v 0.28679711 -0.14257979 -0.35687715
v -0.00282227 -0.17474565 -0.0716842
v 0.2567054 0.14152277 -0.39482573
v 0.26411155 0.14228001 -0.3877331
v 0.28404057 -0.13993058 -0.3854059
v 0.27672896 -0.14195845 -0.37941384
v 0.28082198 -0.13983227 -0.38951796
v 0.28273916 -0.14081326 -0.37822104
v 0.27820462 -0.14039336 -0.38754758
v 0.27782303 -0.14057718 -0.38956383
v 0.28371075 0.14738324 -0.32829827
v 0.25951591 0.15014169 -0.33087865
v 0.26306176 0.14415537 -0.37795922
v 0.25646949 0.14625415 -0.36583367
v 0.27080521 0.14504001 -0.35899353
v 0.00041846 -0.15705919 -0.31539258
v 0.00120852 -0.14567867 -0.34778303
v 0.00109831 -0.14631072 -0.33943722
v 0.00214744 -0.14284053 -0.3420828
v 0.00536415 -0.1411723 -0.33393106
v 0.00553857 -0.14096324 -0.33477473
v 0.00709544 -0.14086661 -0.33935308
v 0.00526162 -0.14214556 -0.33769599
v 0.00471344 -0.14187962 -0.33890638
v 0.00667886 -0.14133833 -0.34010914
v 0.00747898 -0.14086851 -0.34195867
v 0.0040403 -0.14197259 -0.34303084
v 0.00506654 -0.14084721 -0.3441163
v 0.00333781 -0.14278606 -0.36758071
v 0.26834157 -0.14321736 -0.38162872
v 0.27134812 -0.14227837 -0.38622877
v 0.26908776 -0.14486921 -0.36562413
v 0.27881232 -0.14379124 -0.36024621
v 0.26630235 -0.14592558 -0.36007112
v 0.00071316 -0.15214974 -0.33103526
v 0.00065499 -0.15487488 -0.33693117
v 0.26251054 -0.14481176 -0.37705523
v 0.27402303 -0.14356257 -0.36919782
v 0.00077437 -0.16588636 -0.25367492
v 0.33515033 0.17333852 -0.11430883
v 0.00043365 -0.1725052 -0.1683232
v 0.2824285 0.1407582 -0.37877014
v 0.00063942 -0.17458697 -0.14055012
v 0.00133046 -0.16106059 -0.30775115
v 0.26166606 -0.14738011 -0.35282975
v 0.27674985 -0.14946799 -0.31938288
v 0.25739029 -0.15161593 -0.32009777
v 0.1234404 -0.16633698 -0.26166895
v 0.00130503 -0.1652644 -0.26217112
v 0.00105426 -0.16113999 -0.29832214
v -0.00001941 -0.16020516 -0.28180027
v 0.00154788 -0.16321458 -0.28606626
v 0.00113355 -0.16363364 -0.2761336
v 0.0058705 -0.1772802 -0.11431544
v 0.00423528 -0.17845231 -0.09345244
v 0.00125774 -0.15655789 -0.34768769
v 0.0007115 -0.15368877 -0.3577199
v 0.00204078 -0.15693788 -0.35562372
v 0.26244307 -0.14390528 -0.38622496
v 0.26422575 -0.14355198 -0.38717416
v 0.34127876 0.17883837 -0.04299292
v 0.34960458 0.17680641 -0.06374589
v 0.25993115 -0.15538944 -0.28751859
v 0.2612313 -0.15306313 -0.30510452
v 0.00149083 -0.1611568 -0.31508648
v 0.00218909 -0.16112186 -0.3153587
v 0.00283532 -0.16143188 -0.31282282
v 0.27751264 0.13823238 -0.39393789
v 0.27508843 0.13851677 -0.39428976
v 0.27327323 0.13907701 -0.39396468
v 0.00792305 -0.15978655 -0.3473205
v 0.00253312 -0.15772714 -0.3464466
v 0.00211135 -0.15763976 -0.34833968
v 0.00319068 -0.15673606 -0.36367381
v 0.00531658 -0.15785818 -0.36182028
v 0.26426205 -0.14993291 -0.32787535
v 0.25609812 -0.1490933 -0.34291926
v 0.26744741 -0.14829472 -0.3378787
v 0.00303665 -0.16880913 -0.23301814
v 0.00728615 -0.1682225 -0.25043738
v 0.00498253 -0.15676214 -0.38027725
v 0.01159885 -0.15746109 -0.3783564
v 0.00649736 -0.15687172 -0.37820989
v 0.33840919 0.16459702 -0.17129108
v 0.33543092 0.16113293 -0.19539165
v 0.31828773 0.16665249 -0.17781924
v 0.00687594 -0.15690774 -0.38191253
v 0.00539453 -0.15629938 -0.38507286
v 0.30941615 0.13846672 -0.34910151
v 0.28581843 0.14316137 -0.35403055
v 0.29682916 0.14358093 -0.33762658
v 0.24350235 -0.15131173 -0.33495295
v 0.2485989 -0.14942968 -0.34800473
v 0.00603159 -0.1660326 -0.27410945
v 0.02150583 -0.1669575 -0.26763058
v 0.02366949 -0.16887526 -0.24529462
v 0.00957338 -0.15856685 -0.35964936
v 0.0167232 -0.15907814 -0.3561767
v 0.02802817 -0.1735273 -0.1816235
v 0.02532417 -0.17497779 -0.15753722
v 0.0059377 -0.17272198 -0.18876
v 0.31794232 0.15132505 -0.27299157
v 0.31920251 0.15692948 -0.23840497
v 0.3308095 0.15228859 -0.25200087
v 0.01413316 -0.15836509 -0.36530989
v 0.01207 -0.15786017 -0.37088332
v 0.02110455 -0.1582922 -0.36809257
v 0.02202724 -0.15737014 -0.38255265
v 0.02180564 -0.17197977 -0.20106296
v 0.02106922 -0.15720034 -0.38370037
v 0.02155982 -0.16045868 -0.34314334
v 0.02177658 -0.15735361 -0.38359815
v 0.02988553 -0.15764262 -0.38147923
v 0.03051504 -0.15793389 -0.37716874
v 0.03985786 -0.16819844 -0.25826567
v 0.03648608 -0.16269009 -0.3226901
v 0.02338001 -0.16237549 -0.32186356
v 0.02014554 -0.16142642 -0.33167487
v 0.24201325 -0.15934007 -0.26697624
v 0.22852322 -0.16112202 -0.25987169
v 0.23339725 -0.15833719 -0.27924517
v 0.0349459 -0.18144709 -0.04948874
v 0.02416614 -0.18037489 -0.06330297
v 0.3604638 0.17088401 -0.10361824
v 0.35547078 0.1734526 -0.09038907
v 0.37687311 0.17098479 -0.08067448
v 0.37949547 0.17218323 -0.06759098
v 0.36472556 0.1752111 -0.06113239
v 0.38498065 0.17340952 -0.04763323
v 0.24017012 -0.16413499 -0.23361121
v 0.21840136 -0.16493326 -0.23616894
v 0.21268468 -0.16360991 -0.24780345
v 0.03995588 -0.15859765 -0.36983567
v 0.04316619 -0.15796545 -0.37882155
v 0.34342006 0.14606701 -0.26602381
v 0.33097604 0.14481197 -0.29066989
v 0.32428285 0.14801362 -0.28341395
v 0.34229451 0.15219282 -0.23652236
v 0.34343362 0.15696827 -0.20907292
v 0.35148668 0.152859 -0.21875493
v 0.04212713 -0.15721475 -0.38847473
v 0.0395283 -0.15709692 -0.38978034
v 0.04016241 -0.1572888 -0.38968787
v 0.0408724 -0.15690239 -0.39252147
v 0.03952007 -0.15682656 -0.39079368
v 0.03927979 -0.16134539 -0.3377707
v 0.050855 -0.16207811 -0.33151025
v 0.37969193 0.17556067 -0.034747
v 0.21601699 -0.17189935 -0.18652819
v 0.23403442 -0.17245111 -0.17510036
v 0.20723413 -0.17424707 -0.17025532
v 0.04721358 -0.15882051 -0.36787266
v 0.3275148 0.14034496 -0.31560066
v 0.33906886 0.13764985 -0.31000575
v 0.05792452 -0.16676819 -0.2751824
v 0.04383755 -0.16655947 -0.2784996
v 0.06480389 -0.16582388 -0.28512374
v 0.39225212 0.16736156 -0.07849103
v 0.0619004 -0.16934396 -0.24523991
v 0.06929647 -0.16770817 -0.26296616
v 0.3624742 0.15490597 -0.19100007
v 0.36572289 0.15008831 -0.20860234
v 0.04526123 -0.1641769 -0.30709419
v 0.05352864 -0.16348565 -0.31538674
v 0.06666402 -0.16383179 -0.30835345
v 0.2143725 -0.15580155 -0.31246451
v 0.21306898 -0.15479761 -0.32418266
v 0.22232059 -0.1548377 -0.31654739
v 0.07060738 -0.17508557 -0.17049092
v 0.05822529 -0.17649429 -0.14597103
v 0.05110787 -0.17399815 -0.18343993
v 0.21356955 -0.14929427 -0.38947085
v 0.21204677 -0.14925599 -0.38326067
v 0.21120906 -0.14885359 -0.38832676
v 0.05757802 -0.16099782 -0.34312713
v 0.0459228 -0.16072935 -0.34665757
v 0.05712259 -0.1599012 -0.35647702
v 0.22180471 -0.16661341 -0.22290894
v 0.20276512 -0.1664744 -0.2310715
v 0.21280883 -0.14946087 -0.3822951
v 0.21546294 -0.14989585 -0.3757931
v 0.20588605 -0.14984296 -0.38213596
v 0.21996954 -0.1565368 -0.30233803
v 0.22373661 -0.15740705 -0.29217634
v 0.20150223 -0.15806603 -0.29868814
v 0.20972645 -0.14960209 -0.38403732
v 0.20956023 -0.14935133 -0.38579962
v 0.20993106 -0.14980197 -0.38256758
v 0.0595976 -0.18186352 -0.04602904
v 0.21864164 -0.15166564 -0.35263982
v 0.207462 -0.15272477 -0.34999335
v 0.2099518 -0.1516536 -0.35929376
v 0.0628572 -0.16203521 -0.3304663
v 0.06763593 -0.16118081 -0.34001243
v 0.20708522 -0.15122648 -0.36498308
v 0.20984991 -0.15037617 -0.37318173
v 0.21420315 -0.15049881 -0.36871511
v 0.06202053 -0.15727575 -0.3872484
v 0.06183094 -0.15724184 -0.3881605
v 0.0663629 -0.15682799 -0.38822386
v 0.05641341 -0.17096792 -0.22511895
v 0.08367334 -0.1702117 -0.23130593
v 0.06585149 -0.15747158 -0.39339224
v 0.07035742 -0.15646461 -0.39304191
v 0.20205221 -0.14916845 -0.38897437
v 0.2031202 -0.14877898 -0.39149502
v 0.20461416 -0.14885029 -0.38983527
v 0.20397237 -0.14914115 -0.38759601
v 0.07497098 -0.17911185 -0.10180482
v 0.05617223 -0.1778089 -0.12174724
v 0.08603173 -0.17799412 -0.12499657
v 0.19832487 -0.15195487 -0.36424702
v 0.20355883 -0.15073159 -0.37391415
v 0.1979547 -0.1785879 -0.12737799
v 0.11905658 -0.17693183 -0.14780554
v 0.09712665 -0.17599168 -0.15912527
v 0.12832449 -0.17554525 -0.16626517
v 0.0781841 -0.1562261 -0.39429212
v 0.07448674 -0.15687801 -0.3867321
v 0.07300666 -0.15631995 -0.39418858
v 0.3670938 0.13691309 -0.26229361
v 0.35946089 0.13600896 -0.28125122
v 0.3611097 0.14208014 -0.25278884
v 0.20490339 -0.17042358 -0.20144764
v 0.18562101 -0.17148991 -0.19796628
v 0.19016904 -0.16926327 -0.2146306
v 0.07905091 -0.17646563 -0.15029606
v 0.1987761 -0.15003082 -0.3847366
v 0.19494572 -0.15010762 -0.38623759
v 0.19592239 -0.15026557 -0.3864091
v 0.08357015 -0.16305974 -0.31205642
v 0.09064782 -0.16392489 -0.29897147
v 0.07103871 -0.16486332 -0.29510003
v 0.07532843 -0.15986785 -0.35323375
v 0.07558991 -0.15864119 -0.36719915
v 0.088211 -0.15882353 -0.35973486
v 0.08026085 -0.15753907 -0.37800202
v 0.08760824 -0.15802136 -0.36934677
v 0.39655119 0.15767683 -0.11960749
v 0.40192816 0.16031808 -0.09724011
v 0.41203713 0.15619232 -0.09527839
v 0.086276 -0.16849607 -0.25136691
v 0.08670338 -0.16576721 -0.27955177
v 0.0879726 -0.15729561 -0.37668031
v 0.38484359 0.15257135 -0.16374069
v 0.39312705 0.15167563 -0.15186381
v 0.38907298 0.14645395 -0.18067449
v 0.42540771 0.16174519 -0.03914484
v 0.4091115 0.16693124 -0.04697843
v 0.41543764 0.16696936 -0.03227867
v 0.08662953 -0.15660661 -0.38455364
v 0.11156041 -0.1689344 -0.24123299
v 0.19720972 -0.15951645 -0.28779781
v 0.18196927 -0.16047554 -0.28727746
v 0.09476595 -0.15845013 -0.36122844
v 0.09423096 -0.15697169 -0.37733942
v 0.09906569 -0.15781 -0.36706218
v 0.1850134 -0.15550961 -0.33653378
v 0.17379822 -0.15550169 -0.34541291
v 0.18086775 -0.15428092 -0.35308668
v 0.18841927 -0.1656718 -0.2421198
v 0.18393858 -0.168146 -0.22491159
v 0.16953532 -0.16703388 -0.23830681
v 0.40996456 0.15260802 -0.11468986
v 0.42132491 0.15702003 -0.0719391
v 0.42604527 0.15080032 -0.08685212
v 0.17879382 -0.15051186 -0.39115459
v 0.17934379 -0.15110849 -0.38633552
v 0.17759608 -0.15083054 -0.39038894
v 0.11121057 -0.15480393 -0.39142177
v 0.1047973 -0.15574914 -0.38513833
v 0.10758926 -0.15487979 -0.39253238
v 0.11132695 -0.17332982 -0.19309978
v 0.10949916 -0.17771497 -0.13496804
v 0.1313677 -0.17810564 -0.13239554
v 0.11531839 -0.15460736 -0.39174747
v 0.11567692 -0.15468667 -0.3932001
v 0.11964516 -0.15421939 -0.39297238
v 0.17479517 -0.17834698 -0.13195264
v 0.15928608 -0.1776648 -0.14042227
v 0.11807907 -0.15945792 -0.33711219
v 0.11781035 -0.1591109 -0.34538141
v 0.12939955 -0.15845595 -0.34444615
v 0.11983571 -0.15883221 -0.34512895
v 0.12255237 -0.15889555 -0.3453944
v 0.12518686 -0.15667516 -0.35797614
v 0.12738615 -0.15467872 -0.35497338
v 0.12523261 -0.15284169 -0.35625294
v 0.12716568 -0.15828796 -0.3477627
v 0.12559144 -0.15865654 -0.34600571
v 0.16785999 -0.1578842 -0.32246754
v 0.16075012 -0.15704392 -0.33643135
v 0.1699418 -0.1569279 -0.33168069
v 0.16767411 -0.16413577 -0.26308799
v 0.15683313 -0.16349189 -0.2731626
v 0.17086715 -0.16141193 -0.28479931
v 0.13648358 -0.16992693 -0.22359018
v 0.14000599 -0.16797093 -0.24059013
v 0.12671743 -0.15481728 -0.38482511
v 0.13125896 -0.15423004 -0.38751581
v 0.13785216 -0.15397315 -0.38618222
v 0.14884236 -0.17661902 -0.1530537
v 0.16231664 -0.15605916 -0.3477965
v 0.15406664 -0.15582085 -0.35670716
v 0.17028669 -0.15480085 -0.3552393
v 0.13375618 -0.15360543 -0.39141443
v 0.13375595 -0.15389565 -0.38733527
v 0.13087527 -0.15397298 -0.39063779
v 0.13732503 -0.15325634 -0.39340925
v 0.14408666 -0.16475768 -0.26776993
v 0.15502591 -0.16748106 -0.23974104
v 0.13693795 -0.15886548 -0.3324143
v 0.14112912 -0.15782382 -0.34149757
v 0.15171328 -0.15717471 -0.34195295
v 0.15603966 -0.1526228 -0.3887504
v 0.15543664 -0.15227997 -0.38937214
v 0.15689504 -0.15222903 -0.38903135
v 0.14457174 -0.15331951 -0.38855428
v 0.14343783 -0.15407087 -0.38265792
v 0.15066561 -0.15404692 -0.37714928
v 0.14994535 -0.15342461 -0.38463587
v 0.15808082 -0.15340428 -0.37919214
v 0.14768118 -0.15251407 -0.39243799
v 0.15153685 -0.1548028 -0.36805108
v 0.14314899 -0.15615626 -0.36020637
v 0.16307458 -0.15439321 -0.36429024
v 0.14392497 -0.17274915 -0.19552198
v 0.16124235 -0.17000535 -0.21608429
v 0.16912681 -0.17164117 -0.20011479
v 0.16455339 -0.18130153 -0.08508164
v 0.16402023 -0.17947231 -0.11569624
v 0.17448734 -0.18066676 -0.09676716
v 0.15597901 -0.17533962 -0.16685194
v 0.15242358 -0.16190934 -0.28995925
v 0.16312791 -0.1514686 -0.39265627
v 0.16571908 -0.1520461 -0.38675553
v 0.15921646 -0.15192126 -0.39274326
v 0.13911185 -0.15309772 -0.39330602
v 0.14316005 -0.15295812 -0.39241371
v 0.16661182 -0.1602418 -0.298646
v 0.16863768 -0.15315382 -0.37525141
v 0.17416783 -0.1528956 -0.37232077
v 0.1645025 -0.15372194 -0.37079784
v 0.17591989 -0.15218912 -0.37916857
v 0.11710044 -0.16045398 -0.32640216
v 0.10525729 -0.16142339 -0.32156754
v 0.09986506 -0.16050367 -0.33549097
v 0.13168818 -0.15444948 -0.38805366
v 0.13061492 -0.15387908 -0.38846469
v 0.18509531 -0.15079254 -0.38800842
v 0.18644297 -0.15088654 -0.38676125
v 0.18586855 -0.14955613 -0.39007604
v 0.18234684 -0.1500771 -0.39106813
v 0.19045913 -0.15355098 -0.35342559
v 0.18027592 -0.15380111 -0.35872933
v 0.18983281 -0.1527438 -0.36228752
v 0.18231337 -0.1522985 -0.3730509
v 0.18794487 -0.15240057 -0.36780626
v 0.18065365 -0.15313116 -0.3645992
v 0.003608 -0.14219502 -0.34193182
v 0.00306462 -0.14207897 -0.33823034
v 0.00463811 -0.14114687 -0.33371502
v 0.12504959 -0.15426987 -0.39227441
v 0.12693378 -0.15378372 -0.39355448
v 0.19951589 -0.15712486 -0.30929029
v 0.17939323 -0.15890202 -0.30443314
v 0.18900123 -0.15702812 -0.31695384
v 0.18798801 -0.1498348 -0.39097762
v 0.18588671 -0.1507996 -0.38805217
v 0.00286298 -0.14275691 -0.33932814
v 0.20433389 -0.18094815 -0.08752383
v 0.00135244 -0.14388737 -0.33214021
v 0.00258425 -0.14230408 -0.33897337
v 0.19352324 -0.15036298 -0.38750386
v 0.19589683 -0.15007775 -0.38780078
v 0.1269165 -0.15601972 -0.37201118
v 0.13007855 -0.15671323 -0.36273354
v 0.17981541 -0.17536145 -0.16483738
v 0.19178374 -0.17336735 -0.1809649
v 0.11545417 -0.15723506 -0.35903043
v 0.20069689 -0.16280465 -0.25916952
v 0.19902772 -0.1501485 -0.38676766
v 0.19331415 -0.15166342 -0.37196097
v 0.19625345 -0.15106171 -0.37735614
v 0.2004918 -0.15057445 -0.38545769
v 0.20225377 -0.14986472 -0.384785
v 0.10694993 -0.17093755 -0.2208806
v 0.19101381 -0.18011762 -0.10584677
v 0.21537749 -0.17892733 -0.11766851
v 0.11943354 -0.14895476 -0.35898933
v 0.10199635 -0.15698124 -0.37446484
v 0.22611135 -0.18068387 -0.08283073
v 0.21683042 -0.1489668 -0.38940617
v 0.21697396 -0.14871903 -0.38753697
v 0.21491325 -0.14879332 -0.38816595
v 0.21481895 -0.14896268 -0.38950813
v 0.10823482 -0.15933987 -0.34503371
v 0.10234034 -0.15536168 -0.39237311
v 0.10456883 -0.15567195 -0.39343107
v 0.09024417 -0.17433469 -0.1813297
v 0.2148284 -0.16111082 -0.266123
v 0.21805519 -0.16846056 -0.21127655
v 0.23318991 -0.16833326 -0.20657042
v 0.22272927 -0.14915843 -0.37827748
v 0.22417933 -0.14838094 -0.38530916
v 0.23295479 -0.14874344 -0.37232772
v 0.2217602 -0.14966498 -0.37239093
v 0.221931 -0.1508643 -0.358345
v 0.23420541 -0.15042844 -0.35164946
v 0.09220898 -0.17943297 -0.10121667
v 0.23279098 -0.14729974 -0.38594764
v 0.23043492 -0.14751098 -0.38316673
v 0.22813345 -0.14770703 -0.38629618
v 0.23109563 -0.14777702 -0.38337299
v 0.10128878 -0.16716026 -0.26127124
v 0.24254695 -0.14917012 -0.35710382
v 0.23051928 -0.15007776 -0.35939744
v 0.2407532 -0.14844181 -0.36635694
v 0.24255769 -0.14686544 -0.38476747
v 0.24082713 -0.14696923 -0.38296127
v 0.2409194 -0.14662269 -0.38355201
v 0.24041033 -0.14643718 -0.3856917
v 0.24156156 -0.15587753 -0.29506829
v 0.25079307 -0.15771236 -0.27453071
v 0.24563479 -0.14638238 -0.38312346
v 0.23731577 -0.17979147 -0.09417759
v 0.08281476 -0.16076811 -0.33982944
v 0.09394468 -0.1599973 -0.34472799
v 0.0917842 -0.15932326 -0.35279202
v 0.24916092 -0.14561628 -0.38818532
v 0.2461773 -0.14551365 -0.38682774
v 0.24647067 -0.14646302 -0.38904327
v 0.24880001 -0.14637733 -0.38246098
v 0.24682286 -0.14610064 -0.38395199
v 0.24891628 -0.14595053 -0.38405398
v 0.25032228 -0.15373868 -0.30746531
v 0.23908244 -0.15298572 -0.32272857
v 0.25352681 -0.17089356 -0.17879936
v 0.23741218 -0.17047255 -0.18932968
v 0.24922858 -0.16847071 -0.19888753
v 0.2517519 -0.14623098 -0.38856244
v 0.25370765 -0.14472955 -0.38789618
v 0.09166037 -0.16155089 -0.32699066
v 0.07965739 -0.16201495 -0.3257333
v 0.08267999 -0.15648806 -0.38809696
v 0.07929599 -0.15616889 -0.39369929
v 0.08167166 -0.15612136 -0.39316386
v 0.25129822 -0.15071774 -0.33282232
v 0.10424525 -0.15867889 -0.35566801
v 0.27229577 -0.16870998 -0.1852269
v 0.36950281 0.14437525 -0.22686492
v 0.37525183 0.1468623 -0.20562328
v 0.06828108 -0.16269518 -0.32169786
v 0.2752544 -0.14595489 -0.34746972
v 0.08522432 -0.18220125 -0.04178319
v 0.37517461 0.15267269 -0.18026799
v 0.27964464 -0.15336904 -0.28860089
v 0.27080163 -0.14217998 -0.3868559
v 0.26749736 -0.14285639 -0.38656035
v 0.26837048 -0.14239927 -0.38945362
v 0.2731936 -0.14105535 -0.38945955
v 0.2715033 -0.14212035 -0.38734785
v 0.27114868 -0.14220378 -0.38855228
v 0.27037933 -0.14222904 -0.38992557
v 0.2736842 -0.14188017 -0.38480425
v 0.27472743 -0.14133136 -0.38778323
v 0.2761122 -0.14122814 -0.38678637
v 0.0686042 -0.15891865 -0.36439812
v 0.26426274 -0.17914744 -0.08600331
v 0.28118545 -0.17859532 -0.08059788
v 0.28467926 -0.13949069 -0.38585666
v 0.28242475 -0.13993615 -0.38938108
v 0.28792259 -0.15414195 -0.27731815
v 0.28494126 -0.15789437 -0.25460327
v 0.26665664 -0.15743044 -0.26804325
v 0.36771277 0.15921433 -0.16177015
v 0.39810553 0.17229874 -0.03192553
v 0.28162628 -0.14183375 -0.37187412
v 0.29045096 -0.14068107 -0.36553037
v 0.35839349 0.14752734 -0.23330225
v 0.27674782 -0.16165064 -0.23380513
v 0.06266195 -0.15713231 -0.39381424
v 0.31304193 -0.14125344 -0.32724026
v 0.14057899 -0.16011184 -0.31585288
v 0.12773316 -0.16060953 -0.3181521
v 0.30296686 -0.14964785 -0.29217708
v 0.30878568 -0.15195784 -0.27202651
v 0.31763372 -0.14629883 -0.29487824
v 0.30640551 -0.14479828 -0.31649467
v 0.32051265 -0.12810618 -0.38428962
v 0.31136188 -0.13051043 -0.38957638
v 0.31652811 -0.12838754 -0.38995719
v 0.08955823 -0.17270485 -0.20123598
v 0.0458024 -0.15970272 -0.35817412
v 0.30978343 -0.13708477 -0.35503837
v 0.31918007 -0.13379617 -0.35619825
v 0.05050479 -0.15811238 -0.37623683
v 0.05211987 -0.15747851 -0.38502491
v 0.31843632 -0.1553981 -0.24136111
v 0.32260045 -0.14998369 -0.26834002
v 0.04057121 -0.17021491 -0.23374282
v 0.33187398 -0.1208706 -0.3903009
v 0.33294082 -0.12075456 -0.38905534
v 0.33582056 -0.11897144 -0.3892211
v 0.04082665 -0.15736467 -0.38977262
v 0.04361125 -0.15672062 -0.3933337
v 0.33384663 -0.13669887 -0.31846976
v 0.33374766 -0.14045613 -0.30174142
v 0.31934756 -0.14274102 -0.3109512
v 0.32518724 -0.13357659 -0.34621051
v 0.04271583 -0.18258254 -0.03253312
v 0.35227636 0.16034789 -0.17843758
v 0.35186923 0.16596678 -0.14619106
v 0.30582821 0.12990534 -0.39470664
v 0.34956595 -0.11441132 -0.37442783
v 0.0382759 -0.15647851 -0.39388281
v 0.37911201 0.16813038 -0.09585422
v 0.36230266 0.16871281 -0.11594157
v 0.33679041 -0.14603116 -0.2698909
v 0.0318084 -0.17730749 -0.12051456
v 0.03107259 -0.15921612 -0.36043182
v 0.03781543 -0.16010088 -0.35141009
v 0.36496025 -0.10407612 -0.36602831
v 0.35555068 -0.10766739 -0.38074458
v 0.3300578 -0.1547574 -0.23191436
v 0.33709109 -0.14996363 -0.24936725
v 0.04273265 -0.17658743 -0.1395561
v 0.04395973 -0.17486537 -0.16832952
v 0.03011844 -0.15838192 -0.37108162
v 0.03267391 -0.16529225 -0.29084775
v 0.0266575 -0.16336761 -0.31214082
v 0.02746261 -0.15715922 -0.38763911
v 0.02936335 -0.15994224 -0.35110092
v 0.0253573 -0.15934289 -0.357079
v 0.02774479 -0.15682304 -0.39441836
v 0.02457158 -0.15693836 -0.39120224
v 0.29658258 0.13613205 -0.38451105
v 0.30040586 0.13841394 -0.36285883
v 0.3116762 0.13433754 -0.36709112
v 0.33195436 0.15760086 -0.22008836
v 0.35393953 -0.14699465 -0.23849854
v 0.34359598 -0.15344535 -0.22158702
v 0.29789022 0.13257122 -0.39523861
v 0.29456881 0.13354556 -0.39478645
v 0.32542276 -0.17503333 -0.09462307
v 0.36158052 0.17733966 -0.03893193
v 0.02381818 -0.1569061 -0.39211473
v 0.03286671 -0.16066468 -0.34373114
v 0.35450509 -0.16691557 -0.12873922
v 0.37558377 -0.13545036 -0.24660482
v 0.38425529 -0.12748995 -0.25528589
v 0.38689774 -0.11751818 -0.27906147
v 0.36580944 -0.14403997 -0.23094718
v 0.38239047 -0.13846546 -0.22088087
v 0.28676847 0.1605732 -0.24394134
v 0.29292309 0.16374098 -0.21760705
v 0.30467838 0.15997085 -0.23349234
v 0.01753257 -0.16409947 -0.30108553
v 0.00813811 -0.16256383 -0.31654966
v 0.28682393 0.13510017 -0.39577311
v 0.28493813 0.1366235 -0.39614865
v 0.28754574 0.1355509 -0.39493752
v 0.38194919 -0.14358333 -0.20196246
v 0.01675838 -0.17026402 -0.22551158
v 0.40184093 -0.11832153 -0.24134824
v 0.39371338 -0.11797266 -0.26183304
v 0.01535205 -0.16528362 -0.28621444
v 0.01972126 -0.17637034 -0.13111657
v 0.00634798 -0.17571616 -0.14163464
v 0.00707162 -0.17093135 -0.2154372
v 0.00695486 -0.15741761 -0.37533179
v 0.00471965 -0.157002 -0.3697868
v 0.37515867 -0.15198529 -0.17802519
v 0.38497144 -0.15559936 -0.14308475
v 0.39650416 -0.14509904 -0.16552491
v 0.39903119 -0.14007311 -0.17916834
v 0.00511117 -0.15763608 -0.36301866
v 0.39496148 -0.12750354 -0.23098336
v 0.39134136 -0.1497757 -0.15705408
v 0.38543794 -0.15174948 -0.15974353
v 0.38535666 -0.15166339 -0.16023643
v 0.33790061 0.16784558 -0.15092306
v 0.42494655 -0.1259166 -0.16411608
v 0.39602375 -0.15612181 -0.11977441
v 0.01840418 -0.17973655 -0.07267881
v 0.00239883 -0.17961982 -0.07156433
v 0.40977445 -0.15011582 -0.11715095
v 0.4164291 -0.13512361 -0.15676373
v 0.40750957 -0.14524153 -0.14140934
v 0.00244829 -0.17040572 -0.2094136
v 0.00554776 -0.17428017 -0.16473353
v 0.00705118 -0.18098482 -0.0519821
v -0.00016974 -0.16794758 -0.21763441
v 0.00038012 -0.1665715 -0.23850051
v 0.00119375 -0.14522161 -0.35640299
v 0.00063578 -0.15025304 -0.36375642
v 0.00063616 -0.15656045 -0.3260749
v -0.00126436 -0.17822401 -0.06764445
v -0.00119069 -0.17728719 -0.08305779
v 0.00317337 0.18020198 -0.0625763
v -0.00048908 0.18065611 -0.03772923
v 0.00479211 0.18173733 -0.03861998
v -0.00068032 0.17600627 -0.10283738
v -0.00009071 -0.17055568 -0.18944646
v 0.00856726 -0.14073542 -0.34208658
v 0.00846306 -0.14061129 -0.340276
v 0.0006597 0.17506516 -0.12500046
v 0.01800322 0.18242238 -0.02611148
v 0.26173049 0.14093855 -0.39482734
v 0.26485947 0.14050542 -0.39471003
v -0.00291289 -0.17613886 -0.04945846
v -0.00111279 -0.18023272 -0.04487196
v -0.00294621 -0.17742781 -0.02946519
v 0.27958801 0.15670736 -0.27373582
v 0.05375681 0.1813869 -0.06649
v 0.05450835 0.18006033 -0.0887184
v 0.039064 0.18008828 -0.08020417
v 0.04459231 0.1750253 -0.16150467
v 0.04837748 0.17270535 -0.19438687
v 0.02868881 0.17288665 -0.18111056
v 0.03446798 0.17140275 -0.20480609
v 0.05965812 0.17692205 -0.14008781
v 0.07341715 0.17690574 -0.14597599
v 0.06415108 0.16783077 -0.25558794
v 0.05578213 0.16210793 -0.31620657
v 0.03781927 0.16181201 -0.31515849
v 0.09181229 0.1772123 -0.14842783
v 0.06841528 0.17040591 -0.22573657
v 0.09434252 0.18102069 -0.09315295
v 0.09938411 0.18263504 -0.06964229
v 0.1069685 -0.16357999 -0.29636398
v 0.10340537 0.17928506 -0.12301782
v 0.10334939 0.17932722 -0.12251178
v 0.10647683 0.17858316 -0.13405141
v 0.10341367 0.17930657 -0.12276626
v 0.10445524 0.17438157 -0.18628606
v 0.0966256 0.17272407 -0.20340703
v 0.11365823 0.18298715 -0.06923325
v 0.05481102 0.15466055 -0.39705002
v 0.06498635 0.15490621 -0.39326894
v 0.05610982 0.15867274 -0.35210752
v 0.06854498 0.15605272 -0.38371351
v 0.07444879 0.154422 -0.39678743
v 0.08283012 0.15744554 -0.36554775
v 0.12712932 0.1721928 -0.21170162
v 0.11208075 0.17000325 -0.23279837
v 0.23483451 0.1520008 -0.33548036
v 0.24046025 0.15495814 -0.30863163
v 0.22572613 0.14511108 -0.39538702
v 0.2251247 0.14474277 -0.3962923
v 0.22397311 0.14539079 -0.39564779
v 0.12356677 0.15742637 -0.34771928
v 0.12268953 0.1573709 -0.34745148
v 0.12321474 0.15849531 -0.34624261
v 0.15017682 0.17623167 -0.17353795
v 0.1257484 0.15663396 -0.356444
v 0.12498547 0.15742216 -0.34847298
v 0.13183942 0.15754366 -0.35510328
v 0.12966447 0.15599893 -0.37423947
v 0.16148157 0.17190287 -0.21245065
v 0.19094418 0.18321601 -0.06239185
v 0.17633216 0.1792995 -0.1390152
v 0.18541488 0.17131537 -0.21289586
v 0.1746683 0.17100629 -0.21765468
v 0.14597066 0.1557916 -0.36453882
v 0.15604591 0.16690676 -0.25478917
v 0.16688645 0.16907664 -0.23503424
v 0.17132691 0.16564488 -0.26017293
v 0.31468531 0.17826451 -0.08314538
v 0.28590447 0.1796836 -0.08265824
v 0.20668228 0.18111436 -0.11020883
v 0.2071857 0.1823819 -0.02915568
v 0.17331566 0.15227705 -0.38271457
v 0.18426843 0.15558527 -0.33658636
v 0.20724589 0.17022307 -0.21575513
v 0.18387027 0.14885658 -0.39647043
v 0.21693403 0.172369 -0.19567946
v 0.07931179 -0.18263838 -0.03161193
v 0.21726625 0.14853123 -0.38169092
v 0.19584779 0.15179183 -0.36730438
v 0.2094923 0.14665999 -0.39633012
v 0.20665753 0.14727965 -0.39690852
v 0.08737473 -0.15601215 -0.39161918
v 0.09149001 -0.15579525 -0.39066717
v 0.0848919 -0.15590729 -0.39193556
v 0.22703458 0.15820806 -0.29228371
v 0.2083459 0.18248685 -0.08332603
v 0.21503507 0.17498612 -0.17425226
v 0.23917213 0.14638269 -0.38272035
v 0.2309652 0.14846863 -0.37039119
v 0.27619848 0.16397291 -0.2271364
v 0.1479485 0.15723792 -0.3445906
v 0.17138213 0.16164248 -0.28996986
v 0.1589427 0.16410813 -0.27538753
v 0.24284981 0.14350048 -0.39608371
v 0.24935661 0.14218138 -0.39592054
v 0.40143701 0.1541032 -0.12566635
v 0.14632739 0.16299972 -0.28817686
v 0.1462511 0.16306084 -0.28766879
v 0.12034334 0.15542269 -0.38398242
v 0.12262741 0.15305471 -0.39677739
v 0.11942507 0.15301856 -0.39711732
v 0.25997987 0.14104715 -0.39505255
v 0.00287318 -0.14206164 -0.3510806
v 0.00246783 -0.14272425 -0.34707141
v 0.00390626 -0.14239705 -0.34588709
v 0.00240871 -0.14287509 -0.35222
v 0.00147636 -0.14571318 -0.35409126
v 0.00262152 -0.14394835 -0.35357356
v 0.11683247 0.15661566 -0.36854205
v 0.11683983 0.15662378 -0.36829108
v 0.11689309 0.15662892 -0.36804235
v 0.11431482 0.15650931 -0.37536132
v 0.11695876 0.15667962 -0.35909286
v 0.00209996 -0.14359003 -0.36066774
v 0.0023787 -0.14361331 -0.35743064
v 0.00184213 -0.14395338 -0.36247888
v 0.00252444 -0.14318469 -0.36463401
v 0.00364029 -0.14193644 -0.36157331
v 0.26833645 0.13996294 -0.39456743
v 0.0007766 -0.15038861 -0.34691846
v 0.00830142 -0.14053707 -0.35310513
v 0.0092161 -0.14029606 -0.3510378
v 0.13610424 0.17444961 -0.18993396
v 0.00159539 -0.16095275 -0.30880672
v 0.00195306 -0.16127999 -0.30884996
v 0.00209332 -0.15938202 -0.33227283
v 0.00261157 -0.15944993 -0.33225563
v 0.0025039 -0.1591778 -0.3332831
v 0.00251777 -0.15930286 -0.33583465
v 0.29677877 0.15758283 -0.25587419
v 0.00279498 -0.15840913 -0.34329182
v 0.0031962 -0.15863092 -0.34583101
v 0.0021389 -0.15576459 -0.3676652
v 0.00259524 -0.15664862 -0.36903274
v 0.00924471 -0.16066667 -0.33799735
v 0.00294649 -0.1591664 -0.34000504
v 0.00324743 -0.15891749 -0.34207243
v 0.0059512 -0.16336574 -0.30352247
v 0.10406889 0.16101824 -0.31900847
v 0.07037424 0.15436599 -0.39665368
v 0.06771054 0.15427764 -0.39761147
v 0.09841789 0.17594726 -0.1668369
v 0.01804411 -0.18220876 -0.03055336
v 0.36821613 0.16424726 -0.13400362
v 0.08329261 -0.15621044 -0.38862398
v 0.30911225 0.14581379 -0.31237996
v 0.07723898 0.17196596 -0.20959149
v 0.07724704 0.17198323 -0.20934023
v 0.07731943 0.17200044 -0.20909156
v 0.06744545 0.17232652 -0.2038649
v 0.07296809 0.16407099 -0.29456252
v 0.05833932 0.16582322 -0.27755556
v 0.03320852 0.15473559 -0.39721924
v 0.02957124 0.15480393 -0.39717117
v 0.20878807 -0.14881487 -0.38917118
v 0.05000091 -0.15747982 -0.38781273
v 0.04969595 -0.15757641 -0.38780048
v 0.05566505 -0.15738413 -0.38573357
v 0.04943505 -0.1571365 -0.38821152
v 0.05451791 -0.15663587 -0.39462897
v 0.07164522 0.18362701 -0.02526618
v 0.38358635 0.15918891 -0.13574418
v 0.06424649 -0.15776978 -0.37999865
v 0.06004108 -0.15815073 -0.37659016
v 0.06164534 -0.15725808 -0.38732213
v 0.34790632 0.13183135 -0.31725422
v 0.39789647 0.16928449 -0.05575903
v 0.05551873 0.17433418 -0.17481562
v 0.06695123 -0.15832941 -0.37242612
v 0.06519774 -0.15783028 -0.38029146
v 0.07301643 -0.15789254 -0.37663123
v 0.06478836 -0.15801209 -0.3793357
v 0.06760968 -0.15830489 -0.37240312
v 0.06748422 -0.15799211 -0.37391654
v 0.05723185 0.18272083 -0.04212251
v 0.34936386 0.13672978 -0.29695004
v 0.03920887 0.17877291 -0.10136417
v 0.02681407 0.17491747 -0.1503817
v 0.08291498 -0.15649629 -0.39269933
v 0.02237487 0.17775032 -0.10432368
v 0.10236443 -0.16257358 -0.30948243
v 0.42428914 0.15886004 -0.05653826
v 0.10934166 -0.15796819 -0.36192834
v 0.11027681 -0.15538214 -0.39235914
v 0.12128385 -0.16146322 -0.31221968
v 0.12864001 -0.17140572 -0.21187684
v 0.43300435 -0.13827117 -0.10663516
v 0.13192636 -0.15776944 -0.35121447
v 0.12800366 -0.15731378 -0.35266343
v 0.12909114 -0.15421325 -0.39254552
v 0.14195988 -0.17879587 -0.12394185
v 0.13158445 -0.15506154 -0.37901369
v 0.41943824 -0.14229561 -0.12524429
v 0.16266164 -0.17361107 -0.18391925
v 0.40747738 -0.13380328 -0.18173912
v 0.15047526 -0.15241997 -0.39259979
v 0.15511419 -0.15249492 -0.38889048
v 0.15358935 -0.15233849 -0.39121071
v 0.39598545 -0.16296262 -0.08446214
v 0.1540488 -0.15654294 -0.34826988
v 0.15929051 -0.15385462 -0.37257588
v 0.1742381 -0.15170971 -0.38491654
v 0.16423357 -0.15306409 -0.37895069
v 0.17505915 -0.15077631 -0.39206985
v 0.1713258 -0.15114109 -0.39150223
v 0.17747468 -0.15606701 -0.33622578
v 0.18047495 -0.15700181 -0.32332546
v 0.1396572 -0.15501584 -0.37392861
v 0.16463992 -0.15895508 -0.31297299
v 0.20939803 -0.15384158 -0.33627337
v 0.20180896 -0.15345548 -0.34591803
v 0.18074302 -0.14979091 -0.39169279
v 0.18607135 -0.15118989 -0.38207892
v 0.19503295 -0.15081204 -0.37970704
v 0.19620825 -0.15473455 -0.3370856
v 0.1954743 -0.15565436 -0.32715702
v 0.20330332 -0.15572105 -0.32050055
v 0.21589324 -0.15900391 -0.28234914
v 0.20441082 -0.14965874 -0.38334101
v 0.35858274 -0.15267873 -0.20299131
v 0.20031092 -0.16063507 -0.27654535
v 0.20784567 -0.14844196 -0.38633111
v 0.1983338 -0.15265642 -0.35670376
v 0.21923529 -0.17985079 -0.10266983
v 0.21830705 -0.1536037 -0.33240688
v 0.21953274 -0.14867294 -0.38631257
v 0.23410548 -0.17756729 -0.127451
v 0.23896505 -0.17887905 -0.10790555
v 0.23197047 -0.14930402 -0.36656556
v 0.23397729 -0.14682069 -0.38719171
v 0.23619409 -0.14727439 -0.38541555
v 0.24027899 -0.14756142 -0.37786397
v 0.2342131 -0.15126191 -0.3433266
v 0.34677815 -0.140549 -0.28042796
v 0.35282609 -0.11504425 -0.36383298
v 0.2482121 -0.16558972 -0.21988849
v 0.26358694 -0.16162373 -0.24053578
v 0.25295746 -0.16120885 -0.24848624
v 0.26764089 -0.1671156 -0.19944711
v 0.25942004 -0.1467707 -0.3613438
v 0.26073024 -0.1456514 -0.37062347
v 0.25349432 -0.1769385 -0.12464705
v 0.27040738 -0.17621219 -0.12206298
v 0.25404498 -0.17327756 -0.15916121
v 0.31455097 -0.13764882 -0.34374753
v 0.32896692 -0.13444705 -0.33585986
v 0.31764534 -0.13090639 -0.37590683
v 0.31045517 -0.13380937 -0.37417686
v 0.26852474 -0.1643534 -0.21872346
v 0.28664178 -0.14474453 -0.34171435
v 0.29384947 -0.13607718 -0.38946825
v 0.29277679 -0.13725694 -0.38639447
v 0.29341856 -0.13704254 -0.39051804
v 0.29847285 -0.14026318 -0.35470632
v 0.1538685 -0.1579778 -0.3306711
v 0.30114889 -0.13534911 -0.38293877
v 0.30452538 -0.13291752 -0.38949299
v 0.30649969 -0.1323868 -0.39036489
v 0.30091584 -0.13377677 -0.3896265
v 0.31238991 -0.12959854 -0.39016047
v 0.3223694 -0.12560642 -0.39010561
v 0.28554842 -0.17224212 -0.1496447
v 0.34123868 -0.11534431 -0.39001867
v 0.33858293 -0.11714949 -0.39000905
v 0.34568536 -0.1138528 -0.38545337
v 0.34851557 -0.11047901 -0.38890907
v 0.36345521 -0.17707968 -0.01328125
v 0.07523566 -0.16082755 -0.34177363
v 0.2490924 -0.14623824 -0.38220969
v 0.25585002 -0.14543173 -0.37988892
v 0.2473806 -0.14703895 -0.37447742
v 0.25161093 -0.1468188 -0.37186676
v 0.36882514 -0.1486769 -0.20469065
v 0.1402445 -0.15706788 -0.35170868
v 0.22336639 -0.14819491 -0.38635653
v 0.00104492 0.16982675 -0.19791077
v 0.01838452 0.17165905 -0.19293755
v 0.04194432 0.1768136 -0.13342623
v 0.21461038 -0.15233596 -0.34797695
v 0.05700491 0.17875952 -0.11076741
v 0.20852999 -0.14969385 -0.38281274
v 0.06803125 -0.1565197 -0.39367089
v 0.06946758 -0.15718791 -0.39380938
v 0.20661563 -0.14930527 -0.38727406
v 0.02206021 0.15483433 -0.39726016
v 0.05552611 0.1713572 -0.21290772
v 0.075032 0.18258616 -0.05602933
v 0.19289055 -0.1540893 -0.34590414
v 0.40821856 0.16250327 -0.07410005
v 0.39924988 0.16380399 -0.08511624
v 0.19445843 -0.14969151 -0.38967311
v 0.19272761 -0.14969528 -0.38834694
v 0.19462545 -0.15096059 -0.37890437
v 0.1908554 -0.14979851 -0.39014429
v 0.19248435 -0.15006837 -0.38742489
v 0.07327028 0.15452635 -0.39752993
v 0.08072026 0.15589432 -0.38493037
v 0.11028897 0.17188913 -0.21386969
v 0.07954575 0.15422319 -0.39677101
v 0.10023371 0.15872547 -0.34709141
v 0.09904569 0.15626921 -0.38130495
v 0.09436084 0.15295932 -0.39784208
v 0.16563845 0.18180172 -0.10287125
v 0.09938733 0.15365754 -0.39706242
v 0.09920734 0.15378363 -0.39817241
v 0.11582903 0.15759261 -0.34812063
v 0.1022711 0.15392028 -0.39756048
v 0.1055603 0.15430573 -0.39728758
v 0.11778342 0.15821365 -0.34605691
v 0.1138226 0.15810822 -0.3499001
v 0.1134437 0.15676713 -0.35236144
v 0.1086465 0.15379119 -0.39641246
v 0.12396722 0.15746158 -0.34802893
v 0.30416209 0.17679924 -0.10797015
v 0.15704848 -0.15253767 -0.38785565
v 0.18250924 0.18102908 -0.11556038
v 0.19409126 0.18239088 -0.09029821
v 0.07018077 -0.1731979 -0.19607429
v 0.05274586 -0.17233643 -0.20703515
v 0.07275551 -0.17147607 -0.21674693
v 0.18603198 0.16835782 -0.23560673
v 0.19271365 0.16504507 -0.25768498
v 0.16278502 0.15013717 -0.39663941
v 0.16033354 0.15077987 -0.39774793
v 0.16552505 0.15017195 -0.39664483
v 0.15248545 -0.18064189 -0.09595563
v 0.12961107 -0.17396028 -0.18488885
v 0.14287035 -0.16111611 -0.30351037
v 0.22366898 0.15504856 -0.31751257
v 0.22367921 -0.17577499 -0.14998347
v 0.22234938 0.15058726 -0.35686401
v 0.2174105 0.14549717 -0.3959679
v 0.22036457 0.14578164 -0.3952775
v 0.21900135 0.14590855 -0.3959339
v 0.22283342 0.14521156 -0.39653385
v 0.11851577 -0.15504862 -0.3936474
v 0.23190296 0.14459173 -0.39549187
v 0.11438222 -0.15431318 -0.35675448
v 0.11405557 -0.15734637 -0.35484034
v 0.27917507 0.17879911 -0.10155435
v 0.23860331 0.14348845 -0.39565223
v 0.23565637 0.14431401 -0.39556792
v 0.29845303 0.170231 -0.16772452
v 0.30494294 0.16905461 -0.17167807
v 0.29855746 0.1702911 -0.16722406
v 0.0942338 -0.1562151 -0.38607165
v 0.10083561 -0.1552799 -0.39133635
v 0.24439268 0.14839192 -0.35830706
v 0.09874965 -0.15529194 -0.39219463
v 0.00892428 -0.14081004 -0.34590766
v 0.00869783 -0.14033313 -0.34780368
v 0.01057303 -0.13886797 -0.3502259
v 0.00085793 -0.15114555 -0.37336951
v 0.00118433 -0.15434277 -0.36917272
v 0.00111668 -0.15367357 -0.37354919
v 0.30702394 0.15463766 -0.2645683
v 0.29764155 0.15048805 -0.29741317
v 0.08374909 -0.15648815 -0.38788429
v 0.00073892 -0.15415944 -0.37550893
v 0.00459226 -0.1825074 -0.02754634
v 0.00214418 -0.15874141 -0.34063876
v 0.00301343 -0.15909165 -0.33630151
v 0.00290654 -0.15912504 -0.33878329
v 0.00140341 -0.15740903 -0.34510189
v 0.00234958 -0.15797265 -0.34633303
v 0.00209647 -0.15783697 -0.34774795
v 0.00200487 -0.16148837 -0.30765608
v 0.00234176 -0.16118196 -0.31281763
v 0.00307069 -0.15956995 -0.33587268
v 0.34905526 0.17559509 -0.07867
v 0.00724621 -0.16110545 -0.33072069
v 0.0287928 -0.17872618 -0.09509608
v 0.38363671 0.16415437 -0.11114916
v 0.3018468 0.13140991 -0.39456597
v 0.03013534 -0.1568395 -0.3945846
v 0.03394581 -0.17153108 -0.21349707
v 0.35160932 0.14636548 -0.25070471
v 0.31695303 0.14021558 -0.33015075
v 0.34775966 0.14171852 -0.2790572
v 0.05392667 -0.15917888 -0.36533719
v 0.05734115 -0.15669852 -0.39349744
v 0.05943132 -0.15672122 -0.39458632
v 0.32788727 0.1320291 -0.34919015
v 0.05386464 -0.18315031 -0.02100389
v 0.02478029 -0.1566468 -0.39195907
v 0.02557806 -0.15694928 -0.39336663
v 0.29173994 0.13394916 -0.39562401
v 0.02236204 -0.15681662 -0.39350513
v 0.15692748 -0.15228212 -0.39146367
v 0.09181465 -0.15555613 -0.39260077
v 0.41605189 0.16233848 -0.05787631
v 0.11277255 -0.15873417 -0.35017538
v 0.11387464 -0.15884548 -0.34849808
v 0.12181966 -0.15060706 -0.35832927
v 0.00209709 -0.16094422 -0.31596729
v 0.00272352 -0.16040188 -0.32381433
v 0.1240194 -0.15153812 -0.35721901
v 0.12378192 -0.15450428 -0.39260447
v 0.13621612 -0.15600863 -0.36668792
v 0.15295838 -0.16043636 -0.30482107
v 0.16543497 -0.15144277 -0.39237481
v 0.2539416 0.14209498 -0.39527446
v 0.16825037 -0.15134312 -0.39194378
v 0.2984553 0.17026578 -0.16747198
v 0.18307117 -0.1640505 -0.25700033
v 0.18498625 -0.1622735 -0.27051422
v 0.17156108 -0.15393066 -0.36376545
v 0.20096919 -0.14981812 -0.39134365
v 0.20685942 -0.14918618 -0.38730782
v 0.2199816 -0.15044785 -0.36507517
v 0.22996743 -0.15238418 -0.33524308
v 0.22786662 -0.15399802 -0.32121342
v 0.22975016 -0.14834769 -0.38032153
v 0.22384907 -0.15225855 -0.34170204
v 0.20501532 0.15386339 -0.33871451
v 0.24071278 -0.1616241 -0.25094473
v 0.25328529 -0.14737646 -0.36229545
v 0.24711087 -0.1479011 -0.36516127
v 0.18834987 0.14811659 -0.39677578
v 0.27381626 -0.1420846 -0.38559011
v 0.19132325 0.15329498 -0.3551442
v 0.28534812 -0.13897352 -0.38922402
v 0.28459799 -0.13977611 -0.38595837
v 0.28349721 -0.17442149 -0.13154325
v 0.26747331 -0.1731994 -0.1525383
v 0.28664565 -0.13844755 -0.38909718
v 0.28833795 -0.1373385 -0.38983941
v 0.29595181 -0.13607541 -0.38914713
v 0.20406923 0.16500966 -0.25381815
v 0.30902651 -0.13126422 -0.39046273
v 0.29965705 -0.15525502 -0.26042932
v 0.19835849 0.17233038 -0.20179522
v 0.30720335 -0.16920014 -0.15963402
v 0.30326337 -0.17257254 -0.13547702
v 0.34750861 -0.11110187 -0.38962075
v 0.34420568 -0.11322141 -0.38950017
v 0.35235882 -0.10753359 -0.38769969
v 0.12522522 0.15324374 -0.35499224
v 0.12488577 0.15360685 -0.35349408
v 0.12522079 0.15503855 -0.35229486
v 0.11931624 0.1453456 -0.35897368
v 0.12564388 0.15674281 -0.3503032
v 0.11535063 0.15092322 -0.35758865
v 0.0853584 0.166453 -0.26873168
v 0.10789124 0.16842377 -0.24842876
v 0.05717285 0.15498285 -0.39774579
v 0.0574621 0.15449551 -0.39674795
v 0.05401646 0.15408996 -0.39781693
v 0.03349462 0.1811294 -0.05901435
v 0.07879593 0.18186803 -0.07131646
v 0.03943889 0.1549321 -0.39658213
v 0.07918733 0.17926672 -0.11274292
v 0.04963709 0.15447341 -0.39715704
v 0.05203713 0.15396182 -0.39720842
v 0.08044478 0.16800705 -0.25334361
v 0.06453588 0.1546475 -0.39722538
v 0.0627539 0.15451887 -0.396763
v 0.13077357 0.16621394 -0.26521105
v 0.10670634 0.15393044 -0.39655212
v 0.11489536 0.15450658 -0.35666102
v 0.1379839 0.15244211 -0.39688554
v 0.18275593 0.16326126 -0.2738384
v 0.19004005 0.15953709 -0.29878691
v 0.20676926 0.15760562 -0.30605412
v 0.1993587 0.14737332 -0.3962602
v 0.19744934 0.14720865 -0.39685023
v 0.21379571 0.14592564 -0.39564285
v 0.22957896 0.14507686 -0.39634559
v -0.00051392 -0.18127321 -0.03273242
v 0.00190445 -0.15681627 -0.36478096
v 0.28127819 0.13723664 -0.39435858
v 0.00463662 -0.15669304 -0.3748472
v 0.25276172 -0.17552678 -0.13976438
v 0.09405791 -0.15532891 -0.39378351
v 0.23630491 -0.15451381 -0.31007162
v 0.11472478 -0.1589988 -0.34635884
v 0.24065985 -0.14664361 -0.38354203
v 0.11603086 -0.15883245 -0.34591553
v 0.22732408 -0.14851779 -0.389272
v 0.22614197 -0.14761986 -0.38696101
v 0.16635954 -0.15096425 -0.39329797
v 0.20629671 -0.15057163 -0.38307217
v 0.17619258 -0.15004833 -0.39196691
v 0.23606627 -0.17421924 -0.15929762
v 0.25995606 -0.14427964 -0.38615954
v 0.14168911 -0.15300186 -0.393857
v 0.29804721 -0.13520716 -0.38990685
v 0.34239474 -0.11436723 -0.39014181
v 0.35117874 -0.10894407 -0.38865378
v 0.39101639 -0.17358334 -0.01430123
v 0.02863369 0.1788877 -0.09086881
v 0.0285477 0.17884733 -0.09136905
v 0.07572718 0.18001682 -0.09990653
v 0.02839225 0.15473419 -0.3977555
v 0.03472946 -0.15725084 -0.39455253
v 0.29971239 0.13229972 -0.39499047
v 0.05893717 0.15443425 -0.39698708
v 0.06913444 0.15436983 -0.39756417
v 0.29016417 0.13470551 -0.39499462
v 0.10889058 0.15411524 -0.39731866
v 0.10957565 0.15356755 -0.39649281
v 0.14115652 0.16131243 -0.30410373
v 0.14125338 0.16136442 -0.30360338
v 0.00148827 -0.1610914 -0.30831382
v 0.00079639 -0.15140186 -0.37338883
v 0.27167195 0.13910599 -0.39468619
v 0.26946995 0.14009805 -0.39522773
v 0.01181616 -0.13951187 -0.37037563
v 0.01054279 -0.14054638 -0.37080404
v 0.19467376 0.14758821 -0.39660066
v 0.23399435 0.14467351 -0.396559
v 0.00797574 -0.14074297 -0.34416476
v 0.28925186 0.13458399 -0.39605156
v 0.19057399 0.1479494 -0.39675379
v 0.28275952 0.13701886 -0.3954806
v 0.04480478 -0.15688661 -0.39405704
v 0.18934895 -0.15022939 -0.39080828
v 0.09786317 -0.15536103 -0.39338362
v 0.13009897 0.15283771 -0.39687815
v 0.1251806 0.15261884 -0.39709279
v 0.11433565 -0.15770715 -0.35149789
v 0.11500581 -0.15691294 -0.35383663
v 0.12446047 -0.15445067 -0.39377689
v 0.00762271 -0.15706205 -0.37664539
v 0.13425408 -0.15397137 -0.3929587
v 0.25810552 -0.1438797 -0.38849157
v 0.25439492 -0.14526102 -0.38951001
v 0.29134625 -0.13715847 -0.38994288
v 0.32569325 -0.12413737 -0.39046398
v 0.34988341 -0.10946799 -0.38907951
v 0.02665662 0.15443896 -0.39782807
v 0.19854866 -0.14966077 -0.3879846
v 0.11750405 0.1576719 -0.34758776
v 0.12046742 0.15818274 -0.34635356
v 0.2354942 -0.14614469 -0.38819215
v 0.0751009 0.18074501 -0.00053504
v 0.03421832 -0.18206495 -0.00232408
v 0.03664712 0.18191868 -0.00075867
v 0.0472276 -0.17886861 -0.00062427
v 0.47952712 0.08368656 -0.03345241
v 0.47838694 0.08573797 -0.03236491
v 0.48023617 0.08226407 -0.03452381
v 0.09148 0.18398947 -0.00570442
v 0.11139739 0.18215649 -0.00177096
v 0.13723341 0.17996188 -0.00055407
v 0.14135727 0.18174897 -0.00188579
v 0.12541895 0.18332621 -0.00444202
v 0.13447058 0.17425653 0.00025239
v 0.14170037 0.15973519 -0.00037015
v 0.12740673 0.14161472 -0.00139821
v 0.11539412 0.12091383 -0.00209733
v 0.14182398 0.1268695 -0.00196524
v 0.11357573 0.10536025 0.00103542
v 0.11272606 0.10493819 -0.000683
v 0.1117024 0.10546733 0.00216629
v 0.11638328 0.10158098 0.00322536
v 0.10852175 0.1041402 0.00338903
v 0.11416094 0.10387874 0.00074075
v 0.11408881 0.10438411 -0.00070788
v 0.11919693 0.10099588 0.00307203
v 0.14132939 0.10336705 -0.00224173
v 0.12579934 0.09919982 -0.00217823
v 0.12680271 0.09790159 -0.00210845
v 0.13398035 0.08677653 -0.00219135
v 0.1425955 0.06949261 -0.00191209
v 0.13548605 0.04196646 -0.0014962
v 0.14161062 0.03246269 -0.0021156
v 0.13524409 -0.0176714 -0.00117384
v 0.11217307 0.00233374 -0.00189605
v 0.11033875 -0.02547003 -0.00153973
v 0.13670065 0.01598243 -0.00151808
v 0.12458991 -0.05975432 0.00346946
v 0.12743165 -0.05997143 0.00267451
v 0.10793422 -0.10743321 0.00349758
v 0.11379386 -0.10631031 0.00365413
v 0.1047916 -0.10770657 0.0040792
v 0.13451521 -0.07985572 0.00283455
v 0.13419664 -0.07454262 0.00230663
v 0.13359147 -0.07173254 0.00319453
v 0.13468757 -0.07714155 0.00192479
v 0.10965682 -0.10850258 -0.00076534
v 0.14785269 -0.08090323 -0.00195212
v 0.13532373 -0.07573209 -0.00152737
v 0.13521041 -0.07868493 -0.00185574
v 0.11838227 -0.10491104 0.00285011
v 0.13092591 -0.0940872 -0.00194959
v 0.13449384 -0.08201804 -0.00033797
v 0.11977556 -0.10586476 -0.0020615
v 0.11818957 -0.1051309 -0.00208316
v 0.11533744 -0.11744597 -0.00213743
v 0.12094088 -0.10478736 -0.00119384
v 0.12305612 -0.10325781 -0.00180769
v 0.14613008 -0.10935849 -0.00225471
v 0.13290752 -0.11020202 -0.00210209
v 0.12288611 -0.13483082 -0.00192122
v 0.13992086 -0.13484234 -0.00198155
v 0.11441451 -0.17897995 -0.00143182
v 0.1422538 -0.15504387 -0.00109631
v 0.11711455 -0.15830685 -0.00078791
v 0.13137844 -0.17221451 -0.0004186
v 0.11029982 -0.17480995 -0.00036764
v 0.12856995 -0.09842106 -0.00186131
v 0.12860878 -0.09702292 -0.00109574
v 0.13477483 -0.07907573 0.00180676
v 0.13566178 -0.04516498 -0.00125054
v 0.12607737 -0.05726484 -0.00113118
v 0.13195197 -0.06296426 -0.00158426
v 0.12468322 -0.05575752 -0.00105151
v 0.12368163 -0.05661124 0.00325137
v 0.1187035 -0.05102899 -0.00151437
v 0.10032978 0.14642495 -0.00079603
v 0.11613257 0.17763582 0.00019711
v 0.10675256 0.10679159 -0.00216032
v 0.11092991 0.10619719 -0.00216862
v 0.10754424 0.10494824 0.00256088
v 0.13331206 0.06998245 0.00306007
v 0.13351022 0.08188567 0.00284965
v 0.13537128 0.07519018 -0.00195934
v 0.13444431 0.07818164 -0.0017608
v 0.13453212 0.07603124 -0.00082654
v 0.12438151 0.05833976 0.00357445
v 0.13067098 0.06254707 0.003141
v 0.13120617 0.06025276 -0.00176526
v 0.12995788 0.05802157 -0.00180883
v 0.12767297 0.05548887 -0.0016758
v 0.1189541 0.04851281 -0.00167437
v 0.10270034 0.03753342 -0.00153527
v 0.10965111 0.02665657 -0.00151268
v 0.13250066 0.06392437 0.002574
v 0.13361925 0.08336408 0.00246471
v 0.13241133 0.08581248 0.00265601
v 0.12103887 0.10221106 -0.00221823
v 0.11756501 0.10452594 -0.00220219
v 0.11584718 0.10458087 -0.001386
v 0.11178526 0.10526875 -0.00137801
v 0.11528189 0.10308848 0.00261354
v 0.12225521 0.16207829 -0.00025914
v 0.13498189 -0.07093874 -0.00170633
v 0.13457251 -0.07912353 0.00121544
v 0.13587704 -0.0796566 0.00022772
v 0.11003038 -0.10753837 0.00195842
v 0.11022472 -0.10732032 0.00012603
v 0.11139598 -0.10740417 0.00061639
v 0.11754816 -0.10577919 -0.00096196
v 0.11171805 -0.10765571 -0.00194251
v 0.13093759 -0.09340399 -0.00042258
v 0.13081262 -0.09333834 0.0033153
v 0.13067085 -0.09392012 0.00010289
v 0.10541938 0.16063444 -0.00024347
v 0.10886964 0.10531757 0.00194974
v 0.13414922 0.08031937 0.00261145
v 0.13468531 0.08096947 -0.00177595
v 0.11314704 0.04689284 -0.00159035
v 0.11778493 0.04852774 -0.00075991
v 0.12253625 -0.05377045 -0.00150386
v 0.12587664 -0.05875421 0.0024328
v 0.13299732 -0.065859 -0.00174497
v 0.12803532 -0.09719652 0.00249961
v 0.1268623 -0.09990782 -0.00193954
v 0.13368613 -0.06823612 -0.00153514
v 0.12769447 0.05828344 0.00205123
v 0.13507542 0.07393108 0.00185139
v 0.13123861 0.09111041 -0.00134505
v 0.13204981 0.08985902 -0.00019691
v 0.13454902 0.07903358 0.00141621
v 0.12485959 0.05328316 -0.00165133
v 0.1335492 -0.08708306 0.00290237
v 0.11866645 -0.10507619 0.00037364
v 0.13436899 -0.08165649 0.0012691
v 0.13441958 0.08086632 -0.00084266
v 0.11560094 0.0479544 -0.00160826
v 0.12180869 0.05015708 -0.00153712
v 0.13442001 0.07859417 -0.00122143
v 0.13010322 0.09407153 -0.00215903
v 0.11771136 0.10187948 0.00252107
v 0.10874679 0.10619936 -0.00198524
v 0.12455539 0.05594873 0.00317095
v 0.12457301 0.05378444 0.00357419
v 0.47508237 -0.04807743 -0.00630823
v 0.23575909 0.13530411 -0.00091256
v 0.26695269 0.13456155 -0.00078561
v 0.31316748 0.13509713 -0.00042048
v 0.31660739 0.12934364 -0.00352814
v 0.34598702 0.13075902 -0.00097162
v 0.16846402 -0.10593013 -0.003718
v 0.17452951 -0.10843849 -0.00666373
v 0.16416618 -0.09757361 -0.00572487
v 0.43556207 0.10970557 0.00052827
v 0.41326097 0.11625415 -0.00219976
v 0.43152279 0.10714128 -0.00109183
v 0.41286206 0.1191767 -0.00019092
v 0.43390554 0.10265779 -0.00520313
v 0.44280264 0.09542937 -0.00623259
v 0.24963152 -0.12800124 -0.0066213
v 0.41139284 0.12373838 0.00060975
v 0.4732081 0.05545231 -0.00588078
v 0.26864198 -0.12786575 -0.00717005
v 0.44742388 0.09374779 -0.00154947
v 0.45930466 0.07974701 -0.00262756
v 0.49423918 -0.09568414 0.0006592
v 0.50553614 -0.09415443 0.00010497
v 0.51367724 -0.07514961 0.00072456
v 0.46665338 -0.10552351 0.00014834
v 0.4793753 -0.12158934 0.00061685
v 0.46233022 -0.12663132 0.00055876
v 0.43802765 -0.1282635 0.00000898
v 0.4410083 -0.14901656 0.00049548
v 0.40713507 -0.14400847 0.00000315
v 0.5302037 -0.03561636 -0.00097888
v 0.52580231 -0.02704397 0.00032544
v 0.52150959 -0.05494153 0.00048201
v 0.46561641 -0.07799674 -0.00077479
v 0.44629893 -0.09572768 -0.00111906
v 0.43735507 -0.1079324 -0.0005638
v 0.45878753 -0.07966607 -0.00228596
v 0.3943899 -0.12821124 -0.0006908
v 0.16390096 0.17072691 0.00011
v 0.53182739 0.01222632 -0.00015702
v 0.52662373 0.00929487 0.00071372
v 0.53128964 -0.0098415 0.00019846
v 0.50628722 -0.03024462 -0.00039224
v 0.48976377 -0.02344157 -0.00093312
v 0.48191467 -0.04842727 -0.001026
v 0.42328945 -0.11305781 -0.00115795
v 0.39265352 -0.12404538 -0.00158585
v 0.19999099 0.17581788 0.0002855
v 0.18037282 0.17457871 0.00030304
v 0.19031604 0.15586939 -0.00065313
v 0.52943915 0.03275479 -0.00017394
v 0.40960312 -0.11703417 -0.00257197
v 0.38309413 -0.12348714 -0.00395655
v 0.4816882 -0.03292662 -0.00285881
v 0.25414371 0.17888089 -0.00067742
v 0.22275232 0.17966057 -0.0015089
v 0.22452225 0.17679995 0.00001158
v 0.20182541 0.13108838 -0.00131495
v 0.17745951 0.120811 -0.00179569
v 0.36719325 -0.12791014 -0.00165133
v 0.36119181 -0.12591469 -0.003777
v 0.27616355 0.17876239 -0.00092545
v 0.24454945 0.15355588 -0.00019158
v 0.22465619 0.15028907 -0.00039786
v 0.14088036 -0.01808597 -0.00184824
v 0.14326604 -0.05271951 -0.00180326
v 0.14409527 -0.00125253 -0.00497759
v 0.14080326 0.00783988 -0.00224836
v 0.31718782 0.16163395 0.00058175
v 0.32787088 0.17389108 0.00058526
v 0.3040998 0.17620717 0.000338
v 0.30303788 0.13160065 -0.00172354
v 0.51050389 0.08632208 0.00003886
v 0.51423311 0.07037999 0.00066814
v 0.3120878 0.14701255 0.00003781
v 0.28823334 0.13665706 -0.0004954
v 0.32324967 -0.13532268 -0.00101297
v 0.28464517 -0.14847951 -0.00109533
v 0.32571226 -0.14889815 -0.00056579
v 0.14554513 -0.03365164 -0.00439774
v 0.34420779 0.15704566 0.00068302
v 0.33593997 0.13500431 -0.00015838
v 0.35750553 0.13362522 0.0000706
v 0.36734298 0.17169012 0.00081601
v 0.37681681 0.14670695 0.00067342
v 0.28676113 -0.13560151 -0.00147908
v 0.29646665 -0.13177307 -0.00211052
v 0.26760423 -0.1307435 -0.00294346
v 0.40418401 0.17223054 -0.00135993
v 0.37651503 0.17774431 -0.00323505
v 0.38923654 0.17166573 0.00061033
v 0.24504676 -0.13568535 -0.00174684
v 0.23241961 -0.15417774 -0.0011937
v 0.25996301 -0.1579219 -0.00089804
v 0.47965774 0.12752585 -0.00008746
v 0.4943597 0.10817251 0.00045994
v 0.42155361 0.16752027 -0.00226336
v 0.42068112 0.16369949 0.00049893
v 0.13432048 -0.18201165 -0.00513311
v 0.14861211 -0.17779343 -0.00115891
v 0.46611172 0.11461154 0.00081942
v 0.4515532 0.09570992 0.00040037
v 0.15675245 -0.18128608 -0.00460075
v 0.20443276 -0.12240094 -0.00737369
v 0.45763966 0.14616524 -0.00016515
v 0.21731409 -0.12551835 -0.00603035
v 0.20896554 -0.12625566 -0.00349668
v 0.46201679 0.14651552 -0.00313115
v 0.2003863 -0.12802508 -0.00211142
v 0.22338125 -0.13102145 -0.0022393
v 0.18860622 -0.11674347 -0.00770303
v 0.1806004 -0.18121642 -0.0056962
v 0.23006974 -0.12682481 -0.00642772
v 0.45381784 0.14418499 0.00062974
v 0.47911233 0.12312422 0.00059679
v 0.24873164 -0.13087186 -0.00288503
v 0.1854901 -0.11753585 -0.00398777
v 0.18157031 -0.12248372 -0.00223481
v 0.19763581 -0.18069635 -0.00506675
v 0.23137423 -0.17996202 -0.00552211
v 0.22102015 -0.17713749 -0.00185768
v 0.47122315 0.0908366 0.00052138
v 0.48657632 0.09787618 0.00080753
v 0.43105292 0.14125797 0.00093495
v 0.41157386 0.14703007 0.0009317
v 0.16095725 -0.12991208 -0.00232082
v 0.18089661 -0.13574408 -0.00230125
v 0.44086951 0.15891334 -0.00189193
v 0.28608036 -0.12832454 -0.00527141
v 0.43338081 0.15718648 0.00068622
v 0.50416905 0.09000999 0.00071115
v 0.26454169 -0.13580671 -0.00165982
v 0.16030011 -0.10514534 -0.00213818
v 0.26336652 -0.17913936 -0.00452246
v 0.47281289 0.05951092 -0.00227395
v 0.48158246 0.04913228 -0.00007519
v 0.46862817 0.07109156 -0.00060232
v 0.40371832 0.16805528 0.00064691
v 0.28218469 -0.17563003 -0.00098056
v 0.25983426 -0.1773766 -0.00216863
v 0.30044901 -0.16929689 -0.00000718
v 0.49514511 0.06058684 0.00033734
v 0.48846 0.03414856 -0.00004519
v 0.29789829 -0.17836584 -0.00311914
v 0.31592607 -0.17449671 -0.00033489
v 0.48078549 0.04021683 -0.00181766
v 0.48663813 0.00959618 -0.00174079
v 0.5087133 0.05004121 0.00044964
v 0.50457269 0.02281571 -0.00015926
v 0.31655556 -0.17873541 -0.00413069
v 0.3425113 -0.17607461 -0.00125019
v 0.52490318 0.05211653 -0.00012521
v 0.52312177 0.03649443 0.00070776
v 0.35717428 -0.17725323 -0.00419344
v 0.37843925 -0.14046657 -0.00039463
v 0.35709861 -0.13241668 -0.0007752
v 0.35567057 -0.15622795 0.00014301
v 0.48624265 -0.01790193 -0.00175213
v 0.47596732 -0.05028697 -0.00295239
v 0.38095927 -0.17426047 -0.00250852
v 0.46717918 -0.06687558 -0.00287399
v 0.51248145 -0.00899739 0.00014265
v 0.40417036 -0.17071231 -0.00457483
v 0.40892276 -0.16842449 -0.0017365
v 0.38605389 -0.17465404 -0.00627798
v 0.48040369 -0.08436532 -0.00013783
v 0.51370543 -0.05371085 0.0004385
v 0.49102569 -0.05621301 -0.00050134
v 0.42311072 -0.16466711 -0.0064204
v 0.43273607 -0.15919477 -0.00131414
v 0.45066211 -0.15059471 -0.00258085
v 0.4662874 -0.13787435 -0.00069629
v 0.49290466 -0.11321769 -0.00084238
v 0.29877111 0.15970069 0.00043796
v 0.28396747 0.17498693 0.00041571
v 0.1568547 0.17754591 0.00014919
v 0.27062267 0.14966913 -0.00018821
v 0.18334197 0.17873773 -0.00038882
v 0.17455806 0.15429813 -0.00073546
v 0.22465967 0.17244251 0.00025704
v 0.20476788 0.16360228 -0.00021048
v 0.15936023 0.10351396 -0.00222051
v 0.17958596 0.13511337 -0.00164087
v 0.20367981 0.14321157 -0.00099838
v 0.24590023 0.17299184 0.00030924
v 0.14741282 0.06012882 -0.0031408
v 0.27047604 0.16361225 0.00031886
v 0.13257217 0.06317879 -0.00178751
v 0.1343625 0.06865086 -0.00125816
v 0.13447106 0.06623776 -0.00184493
v 0.13474159 0.07177298 0.00117908
v 0.36045006 0.17678721 -0.0003607
v 0.32649916 0.17833911 -0.00066029
v 0.37982622 0.1603186 0.00088891
v 0.37659007 0.17514142 -0.00023848
v 0.15073971 -0.07397638 -0.00331712
v 0.15772425 -0.08927394 -0.00397689
v 0.39890578 0.15406178 0.00098457
v 0.39076695 0.13024738 0.00047167
v 0.17187016 -0.15631182 -0.00138168
v 0.40767884 -0.15810598 0.00061062
v 0.17876314 -0.17799488 -0.00161396
v 0.21401092 -0.146396 -0.00157623
v 0.38352826 0.12758216 -0.00040852
v 0.42911318 -0.10588532 -0.00273456
v 0.46951711 0.07497998 0.0002143
v 0.49271825 0.08109993 0.00064856
v 0.25453642 -0.17304048 -0.00052495
v 0.4854213 -0.00569029 -0.00294364
v 0.33583835 -0.13042016 -0.00161516
v 0.32617334 -0.12739566 -0.00470611
v 0.30801776 -0.12917985 -0.00337789
v 0.49190807 0.0024124 -0.0003922
v 0.51322597 0.00948939 0.00018472
v 0.35984454 -0.17082027 0.00050948
v 0.33312663 -0.16868575 0.00031702
v 0.38416645 -0.17150615 -0.00025425
v 0.38155267 -0.16572534 0.00072995
v 0.41497746 -0.16301015 0.00033615
v 0.23445933 -0.17210162 -0.00065467
v 0.2078186 -0.17354771 -0.00075309
v 0.19198671 -0.15089856 -0.00173654
v 0.44803604 0.1332543 0.00083203
v 0.43002596 0.12737812 0.00067598
v 0.16088952 0.13202828 -0.00182743
v 0.13451436 0.08368822 -0.00197509
v 0.14511029 0.03834434 -0.00399165
v 0.1462996 -0.05130216 -0.00336204
v 0.34372142 0.17421301 0.00062891
v 0.153183 -0.1723429 -0.00048476
v 0.19083679 -0.17149423 -0.00078701
v 0.2775481 -0.1696433 -0.00025571
v 0.13445015 0.07074384 -0.00101795
v 0.13360812 0.06636721 0.0007728
v 0.13497385 0.07356311 0.00027357
v 0.44552982 -0.09248104 -0.00317905
v 0.15717238 0.1567418 -0.00058162
v 0.13458128 0.07146454 -0.00135726
v 0.1351549 0.07208731 0.00010362
v 0.15136637 0.08005457 -0.00280414
v 0.36871174 -0.14767312 -0.04444168
v 0.36604434 -0.1478065 -0.04663528
v 0.3616114 -0.14780311 -0.05027698
v 0.36476102 -0.14775771 -0.04685725
v 0.3652181 -0.14788419 -0.04664163
v 0.34898597 -0.14991198 -0.04415126
v 0.34772342 -0.14900894 -0.052184
v 0.35903603 -0.14928637 -0.04344513
v 0.36147103 -0.14887956 -0.0438383
v 0.35834709 -0.14921004 -0.04465102
v 0.3623713 -0.14850143 -0.04476317
v 0.36529243 -0.14785187 -0.04637465
v 0.35851604 -0.14879468 -0.04581718
v 0.35694948 -0.1492358 -0.04498469
v 0.35628998 -0.14969158 -0.0439329
v 0.3555409 -0.14918618 -0.04540764
v 0.35163885 -0.14969207 -0.04449246
o bowl_inside_back
f 4214 4215 4216
f 4231 4228 4232
f 4233 4234 4231
f 4235 4230 4236
f 4229 4236 4230
f 4232 4237 4233
f 4240 4241 4242
f 4243 4241 4244
f 4243 4245 4241
f 4247 4248 4249
f 4250 4245 4251
f 4249 4252 4247
f 4252 4249 4250
f 4253 4254 4255
f 4257 4258 4259
f 4260 4259 4261
f 4263 4264 4265
f 4267 4260 4268
f 4269 4270 4271
f 4273 4274 4268
f 4277 4278 4267
f 4279 4280 4281
f 4282 4283 4284
f 4274 4273 4285
f 4286 4271 4287
f 4288 4289 4285
f 4291 4292 4293
f 4295 4290 4296
f 4297 4298 4299
f 4295 4289 4288
f 4300 4301 4289
f 4290 4287 4302
f 4303 4304 4305
f 4301 4274 4289
f 4289 4274 4285
f 4302 4306 4299
f 4287 4271 4279
f 4288 4285 4286
f 4282 4284 4307
f 4286 4308 4271
f 4309 4283 4282
f 4312 4259 4260
f 4314 4258 4315
f 4260 4316 4317
f 4256 4255 4254
f 4316 4318 4317
f 4255 4318 4253
f 4261 4319 4316
f 4324 4241 4325
f 4327 4238 4328
f 4241 4240 4325
f 4249 4245 4250
f 4252 4250 4319
f 4250 4329 4319
f 4248 4252 4261
f 4321 4330 4331
f 4316 4319 4318
f 4332 4321 4331
f 4255 4317 4318
f 4313 4262 4227
f 4333 4264 4262
f 4334 4315 4257
f 4335 4317 4269
f 4268 4335 4273
f 4281 4280 4272
f 4337 4283 4309
f 4285 4308 4286
f 4306 4310 4297
f 4284 4283 4305
f 4338 4339 4284
f 4340 4301 4300
f 4290 4295 4287
f 4342 4340 4300
f 4342 4291 4304
f 4299 4298 4290
f 4297 4341 4298
f 4290 4302 4299
f 4305 4304 4338
f 4314 4331 4330
f 4315 4334 4332
f 4258 4261 4259
f 4264 4334 4265
f 4295 4288 4287
f 4312 4257 4259
f 4343 4334 4344
f 4270 4266 4280
f 4345 4257 4312
f 4267 4278 4312
f 4272 4280 4266
f 4281 4272 4346
f 4303 4347 4304
f 4340 4304 4347
f 4306 4346 4310
f 4297 4310 4276
f 4305 4277 4347
f 4315 4332 4331
f 4302 4287 4279
f 4339 4307 4284
f 4306 4297 4299
f 4301 4340 4347
f 4284 4305 4338
f 4279 4281 4346
f 4301 4347 4277
f 4292 4342 4300
f 4291 4342 4292
f 4337 4345 4283
f 4268 4277 4267
f 4343 4263 4265
f 4312 4260 4267
f 4262 4264 4336
f 4319 4329 4318
f 4241 4324 4244
f 4326 4242 4323
f 4239 4328 4238
f 4330 4321 4248
f 4306 4302 4346
f 4348 4326 4328
f 4249 4241 4245
f 4249 4242 4241
f 4258 4314 4261
f 4263 4336 4264
f 4260 4335 4268
f 4308 4273 4269
f 4271 4308 4269
f 4280 4271 4270
f 4301 4277 4274
f 4308 4285 4273
f 4283 4278 4305
f 4342 4304 4340
f 4292 4300 4295
f 4329 4320 4318
f 4261 4252 4319
f 4277 4305 4278
f 4294 4293 4292
f 4287 4288 4286
f 4347 4303 4305
f 4302 4279 4346
f 4278 4283 4345
f 4279 4271 4280
f 4309 4275 4343
f 4273 4335 4269
f 4274 4277 4268
f 4270 4255 4246
f 4240 4326 4348
f 4349 4240 4348
f 4326 4240 4242
f 4257 4315 4258
f 4323 4242 4249
f 4334 4264 4332
f 4333 4262 4313
f 4248 4322 4249
f 4261 4316 4260
f 4314 4315 4331
f 4350 4311 4310
f 4261 4314 4248
f 4333 4321 4332
f 4333 4332 4264
f 4335 4260 4317
f 4248 4247 4252
f 4344 4334 4257
f 4317 4255 4270
f 4265 4334 4343
f 4344 4257 4345
f 4343 4344 4337
f 4343 4337 4309
f 4278 4345 4312
f 4272 4310 4346
f 4300 4289 4295
f 4296 4292 4295
f 4330 4248 4314
f 4345 4337 4344
f 4275 4263 4343
f 4270 4269 4317
f 4326 4327 4328
f 4270 4246 4266
f 4321 4351 4322
f 4322 4323 4249
f 4321 4333 4351
f 4248 4321 4322
o bowl_inside_front
f 4355 4352 4356
f 4364 4362 4363
f 4368 4352 4369
f 4370 4368 4369
f 4356 4371 4355
f 4362 4365 4363
f 4356 4368 4372
f 4359 4371 4372
f 4372 4368 4376
f 4369 4354 4370
f 4369 4353 4354
f 4372 4371 4356
f 4357 4371 4359
f 4359 4372 4373
f 4355 4371 4357
f 4356 4352 4368
f 4353 4369 4352
f 4378 4379 4380
f 4383 4384 4385
f 4383 4389 4384
f 4387 4381 4390
f 4389 4391 4392
f 4377 4388 4380
f 4381 4392 4390
f 4380 4379 4377
f 4392 4378 4380
f 4381 4389 4392
f 4386 4383 4385
f 4378 4392 4391
f 4391 4383 4367
f 4388 4390 4380
f 4387 4390 4388
f 4391 4389 4383
f 4382 4378 4391
f 4390 4392 4380
f 4399 4400 4398
f 4353 4403 4354
f 4394 4408 4401
f 4401 4395 4394
f 4379 4408 4394
f 4398 4408 4379
f 4382 4399 4398
f 4397 4401 4408
f 4400 4397 4408
f 4398 4400 4408
f 4396 4393 4402
f 4395 4402 4393
f 4367 4399 4382
f 4411 4412 4413
f 4352 4414 4353
f 4417 4414 4352
f 4412 4418 4419
f 4419 4418 4420
f 4421 4418 4422
f 4412 4411 4415
f 4423 4424 4425
f 4426 4427 4428
f 4411 4426 4423
f 4416 4414 4417
f 4429 4415 4416
f 4425 4430 4423
f 4431 4353 4414
f 4422 4418 4429
f 4418 4412 4429
f 4423 4430 4411
f 4424 4423 4428
f 4426 4428 4423
f 4413 4426 4411
f 4414 4411 4430
f 4411 4414 4415
f 4413 4412 4419
f 4431 4403 4353
f 4419 4432 4413
f 4429 4412 4415
f 4420 4418 4421
f 4429 4416 4422
f 4417 4352 4355
f 4434 4435 4436
f 4440 4441 4442
f 4445 4446 4377
f 4442 4447 4448
f 4447 4455 4456
f 4457 4458 4459
f 4452 4460 4461
f 4462 4463 4464
f 4465 4466 4467
f 4468 4467 4466
f 4469 4470 4471
f 4472 4473 4474
f 4470 4477 4478
f 4469 4477 4470
f 4473 4479 4480
f 4481 4482 4483
f 4415 4414 4416
f 4484 4485 4486
f 4476 4487 4488
f 4489 4490 4491
f 4492 4493 4468
f 4494 4495 4496
f 4483 4497 4498
f 4499 4500 4501
f 4357 4502 4355
f 4503 4504 4505
f 4506 4507 4508
f 4509 4510 4511
f 4512 4513 4514
f 4515 4506 4508
f 4516 4494 4505
f 4517 4518 4489
f 4519 4520 4521
f 4516 4522 4494
f 4524 4525 4526
f 4527 4358 4528
f 4522 4529 4510
f 4490 4518 4530
f 4520 4357 4359
f 4534 4535 4525
f 4537 4538 4539
f 4540 4541 4542
f 4362 4543 4544
f 4545 4546 4547
f 4393 4394 4395
f 4484 4539 4548
f 4541 4381 4542
f 4549 4396 4550
f 4393 4396 4551
f 4381 4552 4542
f 4554 4555 4556
f 4557 4398 4379
f 4378 4382 4557
f 4558 4484 4559
f 4560 4561 4549
f 4562 4383 4386
f 4563 4564 4565
f 4566 4559 4567
f 4568 4569 4387
f 4570 4561 4571
f 4572 4573 4574
f 4564 4575 4570
f 4575 4564 4576
f 4365 4362 4358
f 4566 4567 4578
f 4388 4446 4563
f 4580 4567 4581
f 4582 4366 4386
f 4583 4568 4565
f 4584 4580 4585
f 4585 4586 4584
f 4583 4587 4588
f 4589 4590 4579
f 4590 4589 4535
f 4445 4549 4575
f 4591 4558 4559
f 4530 4592 4593
f 4594 4529 4595
f 4445 4394 4551
f 4511 4594 4596
f 4597 4598 4599
f 4510 4529 4511
f 4540 4498 4596
f 4509 4511 4497
f 4512 4514 4600
f 4505 4504 4516
f 4601 4513 4602
f 4498 4598 4603
f 4494 4510 4495
f 4604 4605 4606
f 4493 4601 4607
f 4491 4608 4609
f 4505 4610 4611
f 4612 4608 4613
f 4496 4509 4482
f 4609 4614 4517
f 4611 4610 4477
f 4481 4483 4603
f 4615 4616 4617
f 4619 4481 4603
f 4620 4537 4621
f 4622 4623 4624
f 4480 4474 4473
f 4493 4625 4468
f 4473 4472 4626
f 4507 4627 4628
f 4467 4468 4629
f 4538 4630 4631
f 4455 4632 4633
f 4620 4499 4634
f 4629 4635 4467
f 4637 4633 4632
f 4448 4447 4638
f 4449 4639 4635
f 4640 4641 4419
f 4355 4416 4417
f 4487 4476 4642
f 4424 4644 4425
f 4621 4539 4558
f 4462 4645 4646
f 4404 4459 4405
f 4463 4646 4647
f 4453 4405 4459
f 4406 4453 4407
f 4644 4458 4457
f 4458 4644 4424
f 4643 4403 4457
f 4457 4403 4644
f 4649 4464 4413
f 4650 4641 4651
f 4652 4488 4500
f 4420 4640 4419
f 4652 4500 4499
f 4421 4422 4519
f 4653 4640 4420
f 4620 4654 4652
f 4501 4634 4499
f 4653 4630 4538
f 4621 4537 4539
f 4396 4410 4550
f 4545 4628 4556
f 4655 4555 4554
f 4446 4575 4576
f 4388 4377 4446
f 4656 4657 4578
f 4366 4374 4562
f 4658 4659 4573
f 4573 4659 4574
f 4659 4658 4586
f 4578 4580 4584
f 4587 4565 4564
f 4579 4574 4659
f 4588 4587 4660
f 4592 4661 4662
f 4589 4586 4663
f 4438 4664 4639
f 4595 4385 4594
f 4544 4358 4362
f 4435 4665 4639
f 4666 4667 4668
f 4596 4541 4540
f 4529 4594 4511
f 4528 4544 4504
f 4526 4668 4669
f 4670 4635 4665
f 4494 4522 4510
f 4513 4527 4602
f 4671 4447 4442
f 4503 4528 4504
f 4514 4613 4600
f 4434 4638 4670
f 4618 4603 4598
f 4673 4669 4674
f 4671 4455 4447
f 4674 4669 4676
f 4503 4505 4677
f 4492 4514 4601
f 4674 4676 4614
f 4465 4670 4638
f 4619 4603 4618
f 4637 4472 4633
f 4633 4472 4474
f 4452 4461 4678
f 4452 4678 4672
f 4679 4624 4680
f 4456 4455 4681
f 4625 4469 4682
f 4468 4625 4629
f 4460 4482 4461
f 4473 4626 4479
f 4638 4456 4681
f 4478 4683 4460
f 4616 4684 4617
f 4679 4684 4616
f 4671 4632 4455
f 4612 4615 4608
f 4478 4477 4683
f 4684 4680 4674
f 4671 4441 4632
f 4677 4493 4607
f 4524 4687 4479
f 4509 4497 4482
f 4496 4610 4494
f 4524 4688 4687
f 4689 4525 4524
f 4690 4613 4608
f 4531 4491 4490
f 4504 4544 4516
f 4661 4518 4667
f 4362 4364 4543
f 4667 4666 4691
f 4692 4582 4595
f 4628 4545 4508
f 4585 4581 4666
f 4666 4581 4691
f 4541 4384 4389
f 4691 4693 4662
f 4573 4656 4658
f 4576 4564 4563
f 4573 4572 4655
f 4567 4486 4694
f 4538 4631 4539
f 4463 4648 4427
f 4591 4559 4566
f 4424 4648 4454
f 4657 4554 4566
f 4695 4645 4462
f 4545 4636 4508
f 4649 4695 4462
f 4445 4377 4379
f 4696 4620 4621
f 4698 4642 4650
f 4500 4642 4698
f 4487 4642 4500
f 4543 4529 4516
f 4500 4698 4501
f 4519 4422 4502
f 4519 4502 4520
f 4507 4699 4654
f 4620 4634 4537
f 4653 4538 4537
f 4361 4520 4359
f 4696 4627 4620
f 4627 4654 4620
f 4628 4696 4556
f 4653 4634 4640
f 4631 4521 4606
f 4634 4501 4640
f 4393 4551 4394
f 4558 4539 4484
f 4484 4548 4485
f 4502 4422 4416
f 4553 4486 4605
f 4570 4571 4587
f 4446 4445 4575
f 4655 4554 4657
f 4486 4567 4559
f 4656 4573 4655
f 4641 4432 4419
f 4488 4487 4500
f 4563 4568 4388
f 4691 4577 4693
f 4658 4578 4584
f 4552 4387 4569
f 4569 4568 4583
f 4586 4658 4584
f 4381 4541 4389
f 4430 4431 4414
f 4695 4650 4642
f 4384 4541 4385
f 4476 4475 4642
f 4413 4432 4649
f 4702 4582 4692
f 4597 4588 4660
f 4661 4592 4530
f 4385 4541 4596
f 4703 4666 4704
f 4520 4536 4521
f 4516 4544 4543
f 4528 4358 4544
f 4590 4535 4534
f 4705 4668 4667
f 4526 4704 4668
f 4513 4523 4527
f 4498 4540 4598
f 4519 4521 4631
f 4607 4528 4503
f 4427 4648 4428
f 4690 4608 4491
f 4686 4689 4524
f 4483 4498 4603
f 4677 4607 4503
f 4453 4458 4454
f 4687 4688 4624
f 4610 4496 4477
f 4706 4677 4611
f 4406 4405 4453
f 4608 4615 4617
f 4524 4526 4688
f 4492 4468 4466
f 4681 4455 4616
f 4455 4707 4616
f 4469 4471 4450
f 4707 4633 4474
f 4670 4465 4467
f 4455 4633 4707
f 4628 4508 4507
f 4581 4700 4691
f 4490 4530 4593
f 4647 4648 4463
f 4424 4428 4648
f 4462 4646 4463
f 4404 4643 4459
f 4457 4459 4643
f 4462 4464 4649
f 4409 4403 4643
f 4635 4639 4665
f 4381 4387 4552
f 4637 4632 4441
f 4629 4709 4449
f 4476 4488 4699
f 4670 4467 4635
f 4501 4698 4651
f 4449 4709 4450
f 4699 4652 4654
f 4507 4506 4699
f 4630 4519 4631
f 4707 4679 4616
f 4622 4480 4623
f 4465 4612 4466
f 4622 4624 4679
f 4706 4611 4477
f 4402 4410 4396
f 4608 4617 4609
f 4479 4687 4480
f 4617 4614 4609
f 4696 4621 4558
f 4614 4676 4517
f 4677 4505 4611
f 4545 4556 4555
f 4548 4605 4485
f 4696 4591 4554
f 4551 4396 4549
f 4485 4605 4486
f 4445 4551 4549
f 4676 4705 4517
f 4378 4557 4379
f 4575 4549 4561
f 4676 4669 4705
f 4533 4532 4613
f 4367 4383 4374
f 4562 4374 4383
f 4525 4535 4663
f 4597 4599 4588
f 4587 4564 4570
f 4577 4691 4700
f 4543 4702 4529
f 4366 4582 4375
f 4582 4364 4375
f 4663 4535 4589
f 4663 4585 4703
f 4703 4585 4666
f 4543 4364 4702
f 4542 4552 4569
f 4702 4364 4582
f 4542 4569 4599
f 4661 4691 4662
f 4357 4520 4502
f 4596 4594 4385
f 4529 4692 4595
f 4668 4704 4666
f 4585 4580 4581
f 4526 4703 4704
f 4516 4529 4522
f 4527 4360 4358
f 4540 4599 4598
f 4660 4587 4571
f 4602 4527 4528
f 4533 4491 4531
f 4690 4491 4533
f 4688 4526 4669
f 4497 4596 4498
f 4689 4534 4525
f 4618 4598 4675
f 4495 4510 4496
f 4565 4568 4563
f 4609 4517 4489
f 4534 4689 4590
f 4658 4656 4578
f 4493 4492 4601
f 4686 4524 4626
f 4700 4567 4694
f 4684 4674 4614
f 4680 4624 4673
f 4683 4496 4482
f 4578 4657 4566
f 4493 4677 4706
f 4617 4684 4614
f 4563 4446 4576
f 4561 4560 4571
f 4474 4480 4622
f 4655 4657 4656
f 4481 4619 4710
f 4465 4681 4615
f 4697 4655 4572
f 4655 4697 4555
f 4445 4379 4394
f 4431 4430 4425
f 4670 4665 4434
f 4696 4558 4591
f 4630 4421 4519
f 4556 4696 4554
f 4659 4586 4589
f 4697 4546 4545
f 4436 4433 4434
f 4664 4436 4435
f 4548 4539 4606
f 4545 4547 4636
f 4628 4627 4696
f 4606 4521 4536
f 4539 4631 4606
f 4636 4515 4508
f 4634 4653 4537
f 4579 4659 4589
f 4653 4420 4630
f 4420 4421 4630
f 4416 4355 4502
f 4698 4650 4651
f 4458 4453 4459
f 4641 4650 4649
f 4695 4475 4645
f 4426 4413 4464
f 4695 4642 4475
f 4431 4425 4644
f 4641 4649 4432
f 4431 4644 4403
f 4649 4650 4695
f 4463 4427 4426
f 4699 4488 4652
f 4424 4454 4458
f 4652 4499 4620
f 4451 4407 4453
f 4627 4507 4654
f 4426 4464 4463
f 4361 4536 4520
f 4586 4585 4663
f 4604 4606 4536
f 4548 4606 4605
f 4697 4545 4555
f 4398 4557 4382
f 4559 4484 4486
f 4391 4367 4382
f 4554 4591 4566
f 4570 4575 4561
f 4387 4388 4568
f 4580 4578 4567
f 4567 4700 4581
f 4386 4366 4562
f 4587 4583 4565
f 4662 4693 4592
f 4592 4693 4701
f 4386 4385 4595
f 4595 4582 4386
f 4599 4569 4583
f 4583 4588 4599
f 4540 4542 4599
f 4702 4692 4529
f 4525 4663 4703
f 4518 4661 4530
f 4703 4526 4525
f 4531 4490 4593
f 4489 4518 4490
f 4705 4667 4518
f 4497 4511 4596
f 4598 4597 4675
f 4600 4613 4532
f 4668 4705 4669
f 4705 4518 4517
f 4607 4602 4528
f 4610 4505 4494
f 4489 4491 4609
f 4624 4688 4673
f 4613 4514 4492
f 4492 4612 4613
f 4482 4497 4483
f 4479 4626 4524
f 4480 4687 4624
f 4623 4480 4624
f 4679 4680 4684
f 4493 4706 4625
f 4625 4706 4469
f 4612 4465 4615
f 4461 4482 4481
f 4615 4681 4616
f 4679 4707 4622
f 4478 4471 4470
f 4709 4625 4682
f 4465 4638 4681
f 4651 4641 4501
f 4501 4641 4640
f 4434 4448 4638
f 4708 4639 4449
f 4639 4664 4435
f 4667 4691 4661
f 4448 4433 4440
f 4433 4448 4434
f 4438 4639 4439
f 4440 4442 4448
f 4665 4435 4434
f 4671 4442 4441
f 4635 4629 4449
f 4456 4638 4447
f 4450 4709 4682
f 4450 4682 4469
f 4629 4625 4709
f 4481 4678 4461
f 4710 4678 4481
f 4622 4707 4474
f 4471 4478 4460
f 4460 4683 4482
f 4706 4477 4469
f 4612 4492 4466
f 4674 4680 4673
f 4477 4496 4683
f 4602 4607 4601
f 4496 4510 4509
f 4688 4669 4673
f 4601 4514 4513
f 4613 4690 4533
f 4437 4438 4439
f 4437 4443 4444
f 4449 4450 4439
f 4444 4443 4452
f 4437 4439 4443
f 4471 4460 4452
f 4450 4471 4685
f 4685 4439 4450
f 4449 4439 4708
f 4452 4685 4471
f 4444 4452 4672
f 4639 4708 4439
f 4685 4452 4443
f 4443 4439 4685
f 4453 4454 4711
f 4648 4647 4711
f 4451 4453 4711
f 4711 4454 4648
f 4550 4560 4549
o bowl_inside_rim
f 4715 4716 4717
f 4721 4722 4723
f 4731 4732 4727
f 4733 4734 4735
f 4738 4740 4739
f 4745 4746 4747
f 4745 4747 4748
f 4757 4758 4759
f 4760 4761 4762
f 4763 4764 4765
f 4771 4772 4773
f 4774 4775 4776
f 4774 4776 4777
f 4779 4780 4781
f 4736 4786 4784
f 4715 4787 4716
f 4788 4715 4717
f 4784 4789 4790
f 4791 4792 4793
f 4796 4797 4791
f 4783 4795 4789
f 4736 4784 4798
f 4783 4789 4784
f 4741 4799 4800
f 4785 4803 4801
f 4809 4753 4810
f 4811 4812 4813
f 4770 4815 4768
f 4817 4726 4818
f 4815 4770 4740
f 4804 4820 4805
f 4804 4801 4803
f 4823 4763 4766
f 4724 4723 4725
f 4824 4825 4826
f 4790 4827 4733
f 4828 4807 4808
f 4776 4773 4772
f 4772 4777 4776
f 4799 4741 4744
f 4756 4830 4752
f 4831 4766 4755
f 4743 4812 4811
f 4745 4748 4750
f 4770 4769 4746
f 4804 4716 4787
f 4801 4804 4802
f 4802 4804 4787
f 4722 4720 4723
f 4835 4728 4730
f 4827 4790 4789
f 4814 4837 4836
f 4770 4746 4745
f 4764 4819 4767
f 4838 4819 4764
f 4839 4761 4760
f 4726 4833 4832
f 4753 4809 4754
f 4715 4834 4787
f 4782 4737 4783
f 4733 4827 4734
f 4749 4751 4750
f 4836 4742 4814
f 4833 4726 4817
f 4785 4713 4803
f 4792 4840 4793
f 4735 4720 4722
f 4843 4844 4845
f 4846 4847 4843
f 4741 4848 4744
f 4849 4848 4850
f 4853 4852 4854
f 4855 4856 4857
f 4853 4854 4855
f 4852 4853 4851
f 4859 4860 4848
f 4861 4862 4848
f 4844 4843 4847
f 4848 4862 4744
f 4861 4848 4860
f 4864 4853 4855
f 4853 4849 4851
f 4858 4853 4864
f 4842 4865 4863
f 4851 4849 4850
f 4858 4849 4853
f 4849 4859 4848
f 4848 4741 4850
f 4863 4865 4844
f 4843 4866 4846
f 4867 4871 4869
f 4891 4893 4894
f 4871 4872 4869
f 4896 4855 4857
f 4886 4864 4896
f 4890 4892 4893
f 4916 4898 4917
f 4871 4867 4875
f 4919 4895 4918
f 4896 4864 4855
f 4882 4921 4922
f 4908 4889 4888
f 4895 4891 4894
f 4898 4919 4918
f 4917 4898 4918
f 4869 4872 4870
f 4872 4910 4870
f 4915 4879 4903
f 4876 4911 4904
f 4921 4881 4922
f 4842 4863 4878
f 4895 4919 4891
f 4903 4879 4904
f 4874 4873 4868
f 4876 4875 4909
f 4868 4910 4874
f 4901 4916 4917
f 4925 4926 4927
f 4931 4924 4932
f 4937 4940 4941
f 4924 4943 4928
f 4930 4944 4934
f 4944 4930 4945
f 4924 4946 4932
f 4943 4924 4931
f 4773 4937 4941
f 4929 4927 4924
f 4927 4929 4925
f 4946 4924 4933
f 4933 4947 4948
f 4949 4933 4942
f 4950 4934 4951
f 4937 4773 4841
f 4933 4949 4947
f 4952 4953 4930
f 4954 4952 4955
f 4927 4955 4952
f 4927 4926 4955
f 4952 4954 4957
f 4957 4958 4952
f 4933 4948 4946
f 4930 4959 4945
f 4818 4936 4960
f 4960 4936 4939
f 4953 4952 4958
f 4930 4953 4961
f 4934 4950 4935
f 4773 4962 4771
f 4956 4962 4773
f 4940 4937 4963
f 4938 4963 4937
f 4818 4726 4936
f 4930 4961 4959
f 4934 4944 4951
f 4964 4965 4966
f 4967 4968 4964
f 4964 4969 4967
f 4964 4970 4969
f 4971 4972 4973
f 4977 4978 4979
f 4980 4981 4982
f 4982 4981 4983
f 4985 4986 4987
f 4990 4991 4992
f 4993 4994 4995
f 4996 4991 4997
f 4998 4996 4997
f 5000 5001 5002
f 5005 5004 5003
f 5006 5007 5008
f 5009 5006 5008
f 5000 5010 5011
f 5012 5010 5002
f 5013 5014 5015
f 5016 5017 5018
f 5019 5020 5021
f 5019 5021 5022
f 5024 5023 5026
f 5027 5017 5016
f 5028 5023 5025
f 5023 5028 5029
f 5031 5032 5033
f 5034 5035 5036
f 5037 5038 5010
f 5039 5040 5041
f 5042 5043 5044
f 5045 5046 5047
f 5036 4842 5048
f 5049 5050 5051
f 5053 4729 5054
f 5055 5056 5057
f 5058 5059 5037
f 5060 5061 4730
f 5058 5062 5063
f 5055 5064 5056
f 4733 4735 5065
f 5066 5067 5068
f 5068 5067 5069
f 5072 5067 5073
f 5072 5074 5075
f 5076 5077 5078
f 5079 5077 5080
f 5082 5083 5084
f 5086 5087 5088
f 5090 5091 5092
f 5090 5093 5094
f 4741 5097 5098
f 5099 4742 4743
f 5100 5101 5102
f 5103 5104 5105
f 4851 5108 4852
f 5109 5110 5111
f 5112 5108 5113
f 5112 4852 5108
f 5114 5115 5116
f 5118 5112 5119
f 5120 5121 5114
f 4751 5122 5123
f 5124 5125 5126
f 5128 5129 5130
f 5131 5132 5133
f 5133 5134 5131
f 5137 5138 5139
f 5140 5141 4752
f 4756 4752 5146
f 4758 5147 4759
f 5148 5149 5134
f 5153 5147 5151
f 5154 5155 5156
f 5157 5154 5156
f 5156 5158 5157
f 5147 4766 4767
f 5159 5145 5160
f 5146 5141 5085
f 5161 5120 5162
f 5114 5116 5164
f 5165 5166 5137
f 5167 5168 5090
f 4758 5170 5147
f 5092 5091 5171
f 4856 5172 5173
f 5175 5084 5176
f 5175 5177 5084
f 5178 5174 5179
f 5180 5181 5182
f 5128 5183 5184
f 5185 5126 5128
f 5186 5180 5058
f 5063 5187 5186
f 5071 5188 5189
f 5071 5189 5190
f 5191 5071 5190
f 5104 5196 5197
f 4997 5199 5200
f 5201 4998 4997
f 5202 5203 4994
f 5204 4985 4987
f 5205 4983 4981
f 5207 5097 5208
f 5208 5209 5207
f 5210 4977 5211
f 4977 5212 5213
f 4974 4977 5213
f 5214 5215 5216
f 5217 5218 4965
f 4964 5219 5217
f 4965 4964 5217
f 5219 5220 5217
f 4714 4781 5221
f 5222 5223 5224
f 5222 5225 5086
f 4782 4783 4784
f 5226 5227 5064
f 5228 5229 5230
f 5231 5232 5021
f 5021 5020 5233
f 5233 5020 5234
f 5234 5020 5235
f 5232 5236 5034
f 5237 5031 5033
f 4793 5238 4791
f 5239 5034 5036
f 5045 5047 5036
f 5045 5036 5048
f 5240 5241 5242
f 5243 5049 5057
f 5243 5242 5049
f 5144 5173 5165
f 5061 5060 5246
f 4729 5247 5240
f 5242 5250 5251
f 5049 5252 5050
f 4790 4733 5065
f 5253 5254 5249
f 5080 5077 5229
f 5255 5239 5047
f 5078 5256 5076
f 5031 5237 5257
f 5258 5259 5260
f 5261 5262 5263
f 5262 5261 5264
f 5022 5021 5028
f 5014 5265 5266
f 5267 5014 5268
f 5269 5267 5268
f 5268 5270 5269
f 5233 5231 5021
f 5231 5233 5271
f 5086 5272 5273
f 5222 5274 5225
f 5273 5275 5276
f 5088 5277 5086
f 5086 5278 5102
f 5279 5278 5089
f 4761 5147 4762
f 5098 5105 5108
f 5198 5101 5106
f 5100 5106 5101
f 5107 5106 5194
f 5194 5282 5283
f 5284 5118 5111
f 5221 4781 4803
f 4714 4779 4781
f 4714 4806 4779
f 5286 5172 5287
f 4857 4856 5173
f 5140 5288 5141
f 4756 5146 4807
f 5170 4808 5147
f 5147 4761 4759
f 5289 5214 5290
f 5206 4968 4973
f 5291 5292 5293
f 5147 5152 5151
f 4981 4980 4978
f 5147 5153 4766
f 5296 4987 4993
f 5011 5296 4993
f 5297 5099 4811
f 5011 5298 5296
f 5006 5299 5300
f 5006 5301 5299
f 5007 5005 5302
f 5003 5305 5008
f 4814 5123 5122
f 5305 5016 5306
f 5305 5306 5307
f 5117 5114 5310
f 5310 5164 5311
f 5312 5164 5313
f 5012 5052 5037
f 5314 4745 5315
f 5192 5191 5316
f 5058 5063 5186
f 5072 5073 5317
f 5317 5318 5074
f 5086 5225 5278
f 5084 5181 5319
f 5181 5180 5186
f 5186 5321 5181
f 5090 5168 5093
f 5010 5323 5011
f 5168 5167 5324
f 5325 5305 5326
f 5325 5008 5305
f 5096 5327 5090
f 5300 5328 5006
f 5329 5330 4993
f 5331 5330 5329
f 5199 5332 5200
f 4993 4995 5333
f 4990 5334 5335
f 5123 5315 4745
f 4981 5336 5205
f 4972 5338 5337
f 5339 5338 4972
f 4973 4972 5206
f 4975 5340 4976
f 5291 5293 5341
f 4968 5341 5293
f 5342 5215 5343
f 5120 5344 5345
f 5303 5123 5099
f 5346 5130 5347
f 4803 4713 5221
f 4753 5297 5348
f 5143 5349 5350
f 5135 4821 4822
f 4819 5147 4767
f 5351 5352 5353
f 5352 5354 5353
f 5015 5354 5265
f 5355 5236 5356
f 5357 5024 5026
f 5358 5024 5357
f 5359 5360 5361
f 5359 5361 5362
f 5357 5029 5259
f 5363 5260 4793
f 5255 5364 5239
f 4819 4762 5147
f 5036 5047 5239
f 5365 5253 5366
f 5036 5367 4842
f 4865 5367 5249
f 5157 5368 5154
f 5252 5369 5370
f 5370 5042 5252
f 5150 5134 5157
f 4732 4722 4727
f 5246 5060 5371
f 5227 5371 5056
f 5372 4826 5229
f 5373 5133 5132
f 5055 5374 5064
f 5374 5226 5064
f 5081 5080 5226
f 5079 5375 5078
f 5225 5274 5079
f 5145 5159 5376
f 5377 5378 5141
f 5141 5379 5136
f 5277 5380 5086
f 4829 5136 5379
f 5097 5381 5208
f 5173 5346 5165
f 4800 5097 4741
f 5346 5382 5383
f 5384 5103 5105
f 5108 5105 5113
f 5172 5286 5173
f 5197 5385 5109
f 5106 5195 5194
f 5287 5118 5387
f 5387 5118 5185
f 5185 5118 5126
f 5129 5128 5184
f 5127 5388 5194
f 5389 5390 5284
f 5111 5389 5284
f 5130 5286 5128
f 5119 5112 5113
f 5111 5110 5391
f 5347 5382 5346
f 5111 5119 5104
f 5383 5392 5346
f 5346 5392 5165
f 4829 4816 5136
f 4857 5173 5144
f 5141 5378 5379
f 5166 5138 5137
f 5141 5288 5377
f 5141 5136 5085
f 5098 5207 5105
f 5393 5163 5376
f 5097 5207 5098
f 5102 5278 5279
f 5087 5086 5102
f 5172 5285 4852
f 5368 5157 5395
f 5304 5297 5153
f 5099 4743 4811
f 5172 4852 5112
f 5077 5076 5397
f 5077 5397 5230
f 5065 4732 4794
f 4750 5123 4745
f 5227 5056 5064
f 5398 5167 5399
f 5167 5327 5399
f 5324 5167 5400
f 4854 4852 5285
f 5060 4730 5053
f 5314 5095 5084
f 5242 5241 5401
f 5181 5095 5182
f 5179 5174 5402
f 5174 5178 5403
f 5404 5319 5181
f 5253 5237 5366
f 5405 5033 5365
f 5033 5406 5365
f 5407 5238 5408
f 5355 5367 5035
f 5355 5237 5367
f 5355 5360 5237
f 5239 5232 5034
f 5073 5071 5409
f 5409 5071 5070
f 5070 5320 5409
f 5236 5355 5034
f 5260 5259 5029
f 5357 5023 5029
f 5354 5236 5232
f 5265 5013 5015
f 5269 5410 5015
f 5015 5014 5267
f 5071 5073 5067
f 5066 5188 5067
f 5058 5052 5062
f 5052 5058 5037
f 5027 5030 5039
f 5003 5027 5016
f 5411 5000 5330
f 5329 4993 5333
f 4990 5295 4991
f 5287 5112 5118
f 5337 4988 4972
f 4984 4988 5337
f 5293 4973 4968
f 4974 5414 5415
f 5415 5214 4974
f 5214 5415 5290
f 4975 5216 5416
f 4970 4964 4966
f 5417 5418 5220
f 5219 5417 5220
f 5418 5417 5419
f 5418 5420 5220
f 4820 4804 4803
f 5143 5142 5158
f 4806 4712 4780
f 4714 5221 4713
f 5028 5421 5422
f 5421 5028 5025
f 5422 5022 5028
f 5423 5231 5271
f 5269 5270 5261
f 5410 5261 5263
f 5015 5410 5424
f 5424 5236 5015
f 5236 5425 5426
f 5236 5426 5356
f 5239 5029 5028
f 5364 5029 5239
f 5238 5260 5255
f 5417 5340 5416
f 5366 5237 5033
f 5035 5367 5036
f 4975 5214 5216
f 5407 5427 4796
f 5255 5408 5238
f 5427 5407 5043
f 5044 5043 5407
f 5043 5042 5428
f 5408 5046 5051
f 5042 5044 5050
f 4865 4842 5367
f 5050 5252 5042
f 4978 4977 4974
f 5242 5252 5049
f 5429 5242 5251
f 5049 5051 5057
f 4981 5294 5336
f 4732 4735 4722
f 5056 5243 5057
f 5053 4730 4728
f 5060 5053 5054
f 5055 5245 5244
f 5413 5204 4987
f 5056 5060 5243
f 4987 5296 4989
f 4991 5430 5431
f 5431 5430 4992
f 4825 5432 5371
f 5055 5244 5248
f 4997 4991 5199
f 5434 5372 5229
f 5374 5055 5248
f 5230 5229 5077
f 5330 5000 4993
f 4798 5065 4794
f 5411 5001 5000
f 5006 5004 5005
f 5226 5080 5227
f 4798 4784 4790
f 4784 4786 4782
f 5010 5012 5037
f 5086 5276 5223
f 5102 5280 5087
f 5436 5207 5209
f 5111 5391 5437
f 5297 4753 4766
f 5098 4851 4741
f 4850 4741 4851
f 5111 5197 5109
f 5320 5403 5438
f 5403 5439 5438
f 5111 5437 5389
f 5111 5118 5119
f 5284 5390 5440
f 5440 5125 5441
f 5442 5178 5179
f 5442 5179 5443
f 5193 5127 5194
f 5441 5125 5124
f 5118 5124 5126
f 5319 5176 5084
f 5112 5287 5172
f 5444 5386 5445
f 5387 5128 5286
f 5387 5286 5287
f 5181 5084 5095
f 4822 5445 5386
f 4822 5386 5135
f 5083 4770 5084
f 4739 4770 5083
f 5346 5173 5286
f 5136 4816 5135
f 5145 5446 5160
f 5327 5096 5310
f 5399 5327 5447
f 5146 4752 5141
f 4807 5146 5152
f 5131 5134 5394
f 4808 5152 5147
f 5134 5373 5148
f 5150 5157 5158
f 5158 5156 5448
f 5449 5450 5448
f 5448 5450 5451
f 4763 4767 4766
f 5452 5453 5454
f 5158 5453 5452
f 5455 5158 5452
f 5143 5158 5455
f 4766 5153 5297
f 5455 5456 5143
f 5099 5457 5303
f 5457 5304 5303
f 5123 4814 5099
f 5344 5458 5459
f 5345 5460 5461
f 5461 5121 5345
f 5120 5345 5121
f 4751 5123 4750
f 5313 5462 5312
f 5312 5311 5164
f 5314 4770 4745
f 5084 4770 5314
f 4770 4739 4740
f 5134 5149 5157
f 5174 5092 5171
f 5463 5171 5464
f 5463 5174 5171
f 5402 5174 5463
f 5152 4808 4807
f 5067 5072 5075
f 5066 5068 5190
f 5190 5189 5066
f 5143 5350 5396
f 5008 5302 5003
f 5302 5005 5003
f 5466 5301 5009
f 5006 5009 5301
f 4993 5000 5011
f 5165 5392 5166
f 5199 5006 5328
f 5199 5004 5006
f 4996 5430 4991
f 5467 5392 5383
f 5202 4993 4987
f 4987 4989 5413
f 5417 5416 5468
f 5417 5468 5469
f 5470 5417 5469
f 5130 5346 5286
f 5285 5172 4856
f 5444 5127 5386
f 5128 5126 5183
f 5126 5125 5471
f 5386 5127 5193
f 5117 5120 5114
f 5195 5106 5100
f 5113 5104 5119
f 5104 5197 5111
f 4851 5098 5108
f 5104 5103 5472
f 5101 5198 5280
f 5279 5100 5102
f 5089 5281 5279
f 5101 5280 5102
f 5375 5079 5473
f 5353 5232 5231
f 5359 5474 5475
f 5355 5361 5360
f 5260 5029 5364
f 5032 5031 5476
f 5364 5255 5260
f 4793 5260 5238
f 5033 5032 5406
f 4791 5238 5407
f 5407 4796 4791
f 5237 5253 5249
f 5237 5249 5367
f 5046 5255 5047
f 5044 5407 5408
f 5477 5249 5254
f 5051 5050 5044
f 5054 5242 5243
f 5243 5060 5054
f 5478 5380 5479
f 5272 5086 5478
f 5480 5272 5478
f 5273 5276 5086
f 5229 5228 5434
f 4790 5065 4798
f 5081 5226 5374
f 5225 5079 5080
f 5086 5223 5222
f 5086 5380 5478
f 5076 5481 5397
f 5080 5229 5227
f 5384 5482 5103
f 5371 4826 4825
f 5105 5104 5113
f 5056 5371 5060
f 5107 5194 5283
f 4729 5240 5054
f 5054 5240 5242
f 5282 5194 5388
f 5440 5441 5284
f 5124 5118 5284
f 5250 5242 5401
f 5483 5429 5251
f 5429 5252 5242
f 5169 5135 5386
f 5408 5051 5044
f 5484 5043 5428
f 5046 5408 5255
f 5254 5253 5485
f 5129 5486 5130
f 5476 5487 5032
f 5487 5488 5032
f 5257 5237 5360
f 5360 5359 5257
f 5475 5489 5257
f 5361 5262 5490
f 5490 5264 5362
f 5028 5232 5239
f 5262 5361 5356
f 4821 5135 4816
f 5078 5077 5079
f 5354 5232 5353
f 5491 5492 5351
f 5493 5352 5492
f 5265 5354 5352
f 5352 5266 5265
f 5137 5446 5145
f 5145 5165 5137
f 5207 5384 5105
f 5436 5384 5207
f 5453 5158 5448
f 5453 5450 5454
f 5297 4811 5348
f 5297 5304 5457
f 5099 5297 5457
f 5099 4814 4742
f 5462 5494 5495
f 5311 5327 5310
f 5404 5465 5496
f 5319 5404 5496
f 5290 5497 5289
f 5321 5404 5181
f 4976 5340 5219
f 5214 4975 4974
f 5211 4977 4979
f 4979 5498 5211
f 4972 5499 5339
f 4971 5499 4972
f 5187 5322 5186
f 5413 4989 5412
f 4988 4984 4989
f 5335 5294 4990
f 5500 5202 4987
f 5202 4994 4993
f 5436 5209 5501
f 4999 5433 5295
f 5433 4999 5004
f 5004 5199 5433
f 5306 5308 5502
f 5309 5308 5306
f 5306 5018 5309
f 5305 5003 5016
f 5503 5307 5326
f 5326 5305 5503
f 4991 5433 5199
f 5000 5002 5010
f 5326 5307 5502
f 5335 5504 5294
f 5412 4989 4984
f 4976 5219 4964
f 4968 5206 4964
f 5416 5340 4975
f 5289 5505 5214
f 5343 5214 5505
f 5214 5343 5215
f 5416 5216 5506
f 5039 5192 5316
f 5191 5190 5435
f 4780 4779 4806
f 5071 5067 5188
f 4803 4781 4820
f 5322 5321 5186
f 5403 5320 5174
f 5084 5177 5082
f 5015 5236 5354
f 5356 5424 5263
f 5424 5356 5426
f 5362 5264 5261
f 5232 5028 5021
f 5094 5091 5090
f 5356 5361 5355
f 5359 5475 5257
f 5034 5355 5035
f 5051 5046 5057
f 5090 5327 5167
f 5053 4728 4729
f 5245 5055 5057
f 5371 5432 5246
f 4826 5371 5229
f 5065 4735 4732
f 5229 5371 5227
f 5114 5164 5310
f 5249 5507 4844
f 5508 4844 5507
f 4854 5285 4855
f 4844 5508 4845
f 4865 5249 4844
f 4855 5285 4856
f 5507 5249 5477
f 5510 5511 4964
f 5509 4975 4976
f 5512 5513 5509
f 5510 4867 5514
f 5513 5512 4868
f 4869 4870 5512
f 4988 4989 5515
f 5516 5515 4867
f 5513 4868 5517
f 5518 5519 4999
f 5519 5518 5520
f 5003 5004 4999
f 5030 5519 5521
f 5522 5048 4842
f 5523 5048 5522
f 5522 4878 5523
f 5059 5058 5524
f 5525 5526 5527
f 5070 5071 5525
f 5528 4880 4881
f 5081 5528 5529
f 5530 5085 5531
f 5089 5529 5532
f 5533 5095 5534
f 5535 5536 5537
f 5537 5096 5092
f 5090 5092 5096
f 5538 5539 5117
f 5117 5540 5541
f 5120 5541 5542
f 5543 5544 5545
f 5135 5546 5136
f 4884 5547 5545
f 5548 5142 5143
f 5144 5145 5549
f 4888 5550 5551
f 5552 5553 5554
f 5555 5556 5150
f 5552 4890 4891
f 5151 5152 5557
f 4888 4889 5550
f 4889 4887 5550
f 5553 5558 5559
f 5560 5561 4888
f 5561 5560 5540
f 5562 5563 5548
f 5540 5560 5548
f 5548 5563 5564
f 5564 5565 5566
f 4890 5547 4892
f 5567 5568 5569
f 5564 5567 5570
f 5542 5564 5570
f 5541 5564 5542
f 5571 5145 5163
f 4887 4886 5572
f 4886 4896 5572
f 5574 4898 5533
f 5575 5545 5530
f 5135 5169 5546
f 5545 4885 4884
f 5576 4899 5535
f 5577 5092 5174
f 5527 4900 5576
f 5544 4883 4902
f 5525 5192 5526
f 5524 4903 5038
f 5193 5194 5195
f 5192 5521 5526
f 5030 5027 5003
f 5513 5517 5518
f 5512 5514 4869
f 5511 5512 5509
f 5511 5509 4976
f 5136 5546 5085
f 4907 5581 5582
f 5582 5244 5245
f 5248 5581 4906
f 5245 5045 5582
f 5245 5046 5045
f 4905 5248 4906
f 4905 4880 5248
f 5583 5281 5089
f 5193 5100 5584
f 5584 5544 5543
f 5145 5144 5165
f 5556 5134 5150
f 5558 5552 4891
f 5514 4867 4869
f 4988 5515 5516
f 5518 5295 5585
f 4989 5296 5515
f 5561 4908 4888
f 5518 4999 5295
f 5515 4909 4867
f 5586 5564 5563
f 5542 5569 5587
f 5570 5569 5542
f 5303 5304 5574
f 5517 4877 5520
f 4876 4909 4911
f 4877 5521 5520
f 4911 5038 4903
f 5537 5588 5096
f 5533 5534 5573
f 4913 5588 5536
f 5535 5537 5092
f 5182 5095 5533
f 5524 5058 5180
f 5577 5174 5320
f 5576 5577 5070
f 5180 5182 4915
f 4915 5589 5590
f 5577 5576 5535
f 5191 5525 5071
f 5546 5169 5575
f 5314 5534 5095
f 5520 5521 5519
f 5536 4899 4913
f 5011 5323 5298
f 5298 4909 5515
f 4868 5512 4870
f 5512 5511 5514
f 5511 5510 5514
f 5538 5117 5310
f 5591 4919 5574
f 5592 5563 5562
f 5562 5593 5592
f 5591 4891 4919
f 5559 5558 5591
f 4885 5545 5544
f 5553 5151 5557
f 5142 5551 5150
f 5158 5142 5150
f 5552 5558 5553
f 4913 4897 5588
f 4907 5582 5048
f 4887 5572 5550
f 5594 5595 5596
f 5163 5145 5376
f 4890 5530 5545
f 5547 4884 4920
f 5531 5085 5546
f 5531 5575 5530
f 5575 5543 5545
f 5575 5169 5193
f 5100 5193 5195
f 5169 5386 5193
f 4885 5544 4902
f 5575 5193 5543
f 4883 5544 5583
f 4883 5583 4882
f 5583 4921 4882
f 5545 5547 4890
f 5597 5144 5556
f 5549 5394 5556
f 5530 4890 5552
f 5530 5552 5554
f 5146 5554 5152
f 5532 4881 4921
f 5551 5550 5572
f 5551 5555 5150
f 5528 4881 5532
f 5548 5551 5142
f 5560 5551 5548
f 5558 4891 5591
f 5396 5548 5143
f 5541 5548 5564
f 5566 5598 5568
f 5564 5566 5568
f 5568 5567 5564
f 5561 5539 4897
f 5304 5591 5574
f 5117 5541 5120
f 5528 5248 4880
f 4897 5539 5538
f 5244 5581 5248
f 4898 5589 5533
f 5244 5582 5581
f 4842 4878 5522
f 5151 5553 5559
f 5543 5193 5584
f 4879 5590 4901
f 5182 5589 4915
f 4915 5590 4879
f 5525 5191 5192
f 4911 4903 4904
f 5521 5192 5030
f 5030 5192 5039
f 5517 5520 5518
f 5515 5296 5298
f 5513 5518 5585
f 5245 5057 5046
f 5048 5523 4907
f 5516 5579 4988
f 5510 5516 4867
f 4906 5581 4907
f 4868 4873 5517
f 5559 5153 5151
f 4909 5323 4911
f 5521 4912 5526
f 5089 5532 5583
f 5525 5527 5070
f 5544 5584 5281
f 5537 5536 5588
f 5538 5310 5096
f 5571 5549 5145
f 5571 5393 5594
f 5085 5530 5554
f 5549 5571 5594
f 5556 5394 5134
f 4890 4893 4891
f 5551 5572 5555
f 5153 5559 5304
f 5584 5100 5279
f 5561 4897 4908
f 5548 5599 5562
f 5562 5599 5600
f 5591 5304 5559
f 5565 5564 5586
f 5560 4888 5551
f 5538 5588 4897
f 4899 5536 5535
f 5535 5092 5577
f 5553 5557 5554
f 5590 5589 4916
f 5527 4923 4900
f 5070 5527 5576
f 5320 5070 5577
f 5547 4920 4892
f 5597 5572 4896
f 5597 4857 5144
f 4896 4857 5597
f 4911 5323 5038
f 5003 5519 5030
f 5323 4909 5298
f 4909 4875 4867
f 4910 4868 4870
f 5279 5281 5584
f 5045 5048 5582
f 5528 5081 5374
f 5599 5548 5396
f 5544 5281 5583
f 5546 5575 5531
f 5583 5532 4921
f 5146 5085 5554
f 5549 5556 5144
f 5549 5594 5596
f 5549 5596 5394
f 5597 5556 5555
f 5555 5572 5597
f 5554 5557 5152
f 5117 5539 5540
f 5574 4919 4898
f 4916 5589 4898
f 5533 5589 5182
f 5576 4900 4899
f 5590 4916 4901
f 5526 4923 5527
f 5526 4912 4914
f 5524 4915 4903
f 5323 5010 5038
f 4999 5519 5003
f 5511 4976 4964
f 5037 5059 5038
f 5059 5524 5038
f 4914 4923 5526
f 5180 4915 5524
f 5540 5548 5541
f 5561 5540 5539
f 5096 5588 5538
f 4877 4912 5521
f 4873 4877 5517
f 4974 4975 5509
f 5533 5573 5574
f 5578 5509 5513
f 4972 5579 5206
f 5580 5529 5089
f 5080 5580 5225
f 5580 5080 5081
f 5513 5585 5578
f 5294 5585 4990
f 5534 5315 5573
f 5578 4974 5509
f 4964 5206 5579
f 5123 5303 5315
f 5528 5532 5529
f 5278 5580 5089
f 5225 5580 5278
f 5303 5573 5315
f 5303 5574 5573
f 4981 5585 5294
f 5510 4964 5579
f 5578 5585 4981
f 5433 4991 5295
f 5528 5374 5248
f 5580 5081 5529
f 5579 5516 5510
f 5578 4981 4978
f 5579 4972 4988
f 5585 5295 4990
f 5578 4978 4974
f 5534 5314 5315
f 4778 4782 4786
f 4778 5601 4782
o bowl_inside_ring
f 5613 5610 5614
f 5619 5622 5623
f 5626 5627 5628
f 5602 5630 5603
f 5631 5632 5633
f 5608 5652 5653
f 5654 5627 5637
f 5637 5619 5639
f 5620 5659 5621
f 5662 5611 5663
f 5656 5655 5664
f 5665 5666 5611
f 5627 5626 5629
f 5663 5611 5666
f 5611 5662 5609
f 5673 5674 5660
f 5675 5676 5677
f 5657 5606 5608
f 5611 5667 5665
f 5619 5679 5622
f 5622 5679 5680
f 5642 5678 5616
f 5619 5623 5639
f 5636 5682 5683
f 5636 5684 5620
f 5620 5684 5685
f 5659 5620 5685
f 5636 5683 5684
f 5636 5670 5682
f 5637 5638 5686
f 5608 5653 5657
f 5679 5619 5658
f 5628 5627 5654
f 5634 5670 5636
f 5620 5635 5661
f 5640 5660 5672
f 5672 5660 5674
f 5604 5677 5676
f 5616 5617 5618
f 5643 5644 5616
f 5644 5645 5646
f 5615 5616 5646
f 5612 5647 5648
f 5650 5651 5612
f 5616 5615 5642
f 5612 5648 5650
f 5642 5615 5641
f 5668 5612 5669
f 5644 5646 5616
f 5643 5616 5681
f 5681 5616 5618
f 5612 5687 5647
f 5612 5615 5687
f 5668 5611 5612
f 5612 5651 5669
f 5687 5615 5688
f 5688 5615 5646
f 5611 5691 5612
f 5615 5612 5691
f 5691 5690 5693
f 5689 5690 5691
f 5691 5641 5615
f 5611 5689 5691
f 5692 5691 5693
f 5695 5602 5603
f 5698 5699 5700
f 5701 5702 5697
f 5604 5702 5701
f 5703 5704 5705
f 5706 5704 5703
f 5707 5709 5708
f 5710 5704 5711
f 5712 5713 5710
f 5714 5712 5715
f 5719 5720 5721
f 5603 5726 5727
f 5728 5729 5730
f 5732 5733 5734
f 5732 5735 5736
f 5732 5736 5737
f 5737 5736 5738
f 5739 5740 5741
f 5742 5728 5743
f 5742 5741 5740
f 5745 5746 5747
f 5606 5607 5742
f 5748 5749 5750
f 5751 5752 5753
f 5754 5755 5748
f 5606 5758 5608
f 5761 5762 5763
f 5609 5764 5689
f 5765 5766 5767
f 5769 5690 5689
f 5610 5770 5771
f 5775 5776 5777
f 5778 5779 5780
f 5781 5782 5778
f 5778 5780 5781
f 5789 5790 5782
f 5692 5784 5791
f 5792 5793 5794
f 5619 5795 5796
f 5797 5793 5792
f 5800 5801 5802
f 5803 5804 5805
f 5801 5726 5804
f 5807 5627 5629
f 5808 5809 5810
f 5815 5632 5631
f 5812 5816 5817
f 5818 5603 5819
f 5816 5820 5817
f 5634 5821 5822
f 5634 5823 5824
f 5825 5634 5636
f 5624 5827 5799
f 5828 5829 5819
f 5603 5828 5819
f 5627 5807 5809
f 5774 5773 5830
f 5776 5831 5832
f 5788 5776 5787
f 5833 5834 5835
f 5836 5637 5627
f 5802 5837 5838
f 5840 5640 5841
f 5842 5843 5792
f 5844 5640 5752
f 5845 5844 5752
f 5767 5766 5760
f 5846 5792 5791
f 5789 5782 5781
f 5848 5849 5850
f 5780 5850 5849
f 5709 5704 5710
f 5709 5710 5708
f 5853 5854 5851
f 5649 5604 5704
f 5856 5700 5699
f 5699 5857 5856
f 5857 5699 5858
f 5858 5699 5702
f 5861 5862 5863
f 5864 5863 5763
f 5863 5610 5763
f 5761 5866 5867
f 5763 5866 5761
f 5763 5750 5868
f 5758 5869 5764
f 5606 5743 5758
f 5755 5870 5871
f 5872 5742 5607
f 5733 5732 5748
f 5779 5763 5610
f 5735 5732 5734
f 5873 5874 5875
f 5735 5734 5723
f 5803 5878 5804
f 5879 5732 5737
f 5743 5728 5877
f 5742 5743 5606
f 5881 5882 5652
f 5763 5762 5883
f 5860 5754 5779
f 5785 5780 5786
f 5790 5798 5782
f 5754 5763 5779
f 5849 5884 5885
f 5781 5780 5789
f 5796 5658 5619
f 5797 5792 5843
f 5878 5887 5804
f 5808 5627 5809
f 5727 5695 5603
f 5888 5809 5889
f 5811 5808 5816
f 5820 5634 5817
f 5890 5891 5632
f 5826 5830 5892
f 5697 5702 5696
f 5706 5649 5704
f 5852 5696 5699
f 5893 5894 5895
f 5896 5897 5710
f 5716 5714 5717
f 5901 5715 5605
f 5833 5902 5903
f 5906 5660 5640
f 5751 5908 5752
f 5708 5710 5897
f 5895 5910 5909
f 5604 5701 5704
f 5833 5913 5904
f 5632 5695 5814
f 5833 5914 5902
f 5776 5915 5898
f 5774 5830 5899
f 5661 5900 5916
f 5609 5689 5611
f 5799 5806 5830
f 5806 5919 5632
f 5632 5920 5633
f 5825 5817 5634
f 5892 5632 5814
f 5891 5921 5632
f 5719 5722 5922
f 5923 5634 5820
f 5925 5926 5695
f 5814 5695 5727
f 5877 5869 5743
f 5695 5927 5928
f 5764 5869 5769
f 5768 5744 5870
f 5769 5756 5757
f 5603 5630 5828
f 5865 5608 5609
f 5930 5603 5818
f 5763 5883 5864
f 5804 5603 5931
f 5862 5610 5863
f 5693 5690 5859
f 5837 5932 5933
f 5757 5690 5769
f 5837 5933 5792
f 5935 5933 5932
f 5804 5802 5801
f 5930 5931 5603
f 5809 5807 5936
f 5610 5937 5614
f 5938 5810 5809
f 5926 5939 5695
f 5940 5925 5695
f 5941 5942 5943
f 5610 5941 5943
f 5919 5920 5632
f 5634 5945 5670
f 5812 5817 5917
f 5764 5609 5608
f 5916 5636 5620
f 5833 5900 5661
f 5946 5661 5671
f 5743 5869 5758
f 5748 5947 5948
f 5780 5795 5619
f 5789 5780 5619
f 5949 5776 5788
f 5831 5776 5949
f 5791 5792 5794
f 5950 5776 5672
f 5844 5907 5640
f 5880 5719 5922
f 5952 5710 5713
f 5696 5702 5699
f 5702 5953 5954
f 5604 5953 5702
f 5955 5956 5953
f 5795 5934 5847
f 5849 5886 5934
f 5957 5875 5874
f 5874 5740 5957
f 5740 5958 5957
f 5740 5874 5742
f 5872 5741 5742
f 5959 5741 5872
f 5872 5960 5959
f 5748 5732 5745
f 5732 5879 5745
f 5702 5961 5858
f 5749 5748 5948
f 5962 5749 5948
f 5709 5705 5704
f 5748 5750 5763
f 5860 5755 5754
f 5710 5952 5896
f 5764 5769 5689
f 5610 5862 5941
f 5731 5718 5905
f 5613 5786 5610
f 5786 5613 5963
f 5731 5753 5752
f 5752 5772 5759
f 5796 5795 5964
f 5837 5792 5838
f 5637 5789 5619
f 5887 5932 5837
f 5637 5836 5789
f 5802 5804 5837
f 5776 5773 5772
f 5839 5904 5765
f 5804 5931 5805
f 5915 5776 5832
f 5810 5816 5808
f 5773 5776 5625
f 5632 5921 5695
f 5634 5944 5821
f 5822 5823 5634
f 5806 5966 5919
f 5806 5892 5830
f 5825 5636 5916
f 5918 5916 5900
f 5916 5620 5661
f 5806 5967 5966
f 5833 5946 5968
f 5892 5806 5632
f 5634 5824 5945
f 5775 5969 5776
f 5776 5640 5672
f 5965 5940 5695
f 5816 5810 5820
f 5752 5970 5971
f 5695 5928 5602
f 5773 5625 5830
f 5603 5804 5726
f 5968 5914 5833
f 5894 5911 5895
f 5895 5909 5851
f 5704 5701 5912
f 5954 5961 5702
f 5641 5691 5692
f 5661 5946 5833
f 5610 5771 5937
f 5719 5721 5722
f 5735 5723 5725
f 5924 5874 5873
f 5741 5959 5972
f 5973 5872 5607
f 5748 5747 5947
f 5733 5748 5755
f 5769 5869 5756
f 5608 5758 5764
f 5754 5748 5763
f 5750 5929 5974
f 5608 5865 5652
f 5866 5763 5868
f 5863 5864 5975
f 5870 5755 5860
f 5747 5748 5745
f 5733 5755 5871
f 5959 5976 5972
f 5693 5783 5692
f 5785 5850 5780
f 5850 5785 5977
f 5729 5721 5720
f 5725 5724 5951
f 5722 5951 5922
f 5780 5849 5795
f 5780 5610 5786
f 5842 5792 5933
f 5887 5837 5804
f 5825 5916 5918
f 5809 5936 5889
f 5927 5695 5939
f 5812 5811 5816
f 5632 5815 5890
f 5787 5776 5978
f 5979 5776 5969
f 5950 5777 5776
f 5752 5640 5772
f 5759 5731 5752
f 5780 5779 5610
f 5901 5717 5715
f 5715 5717 5714
f 5676 5955 5604
f 5604 5955 5953
f 5715 5712 5710
f 5851 5855 5980
f 5852 5851 5696
f 5854 5853 5981
f 5699 5698 5852
f 5830 5625 5799
f 5908 5970 5752
f 5772 5640 5776
f 5724 5922 5951
f 5729 5720 5730
f 5610 5943 5770
f 5730 5876 5728
f 5874 5729 5728
f 5979 5978 5776
f 5913 5833 5835
f 5870 5744 5871
f 5874 5728 5742
f 5833 5904 5839
f 5696 5983 5697
f 5988 5989 5990
f 5991 5992 5993
f 5994 5605 5715
f 5723 5724 5725
f 5995 5996 5731
f 5995 5997 5998
f 5756 6000 5757
f 5759 6001 5995
f 6002 6003 6004
f 6005 5768 6006
f 5772 5773 6001
f 5773 5774 6001
f 5783 6007 5784
f 6008 5798 5790
f 5727 6009 5814
f 6009 6010 5814
f 6011 5801 6013
f 6008 5789 5836
f 6017 5839 5765
f 6004 5767 6002
f 6020 5760 5605
f 5989 6020 5994
f 6021 5989 5988
f 6005 5778 5782
f 5693 5859 5783
f 5860 5778 6006
f 5991 5993 5871
f 5876 6025 5877
f 5993 5992 6026
f 5719 5880 6027
f 5870 5860 6006
f 5768 5870 6006
f 5757 5859 5690
f 5791 6028 5846
f 6031 5627 5808
f 6032 6008 5836
f 6034 6035 6036
f 6034 6037 6038
f 5899 6014 5774
f 5998 5987 5986
f 5839 5900 5833
f 5989 6021 6039
f 5994 6020 5605
f 6017 6004 6018
f 5995 5731 5759
f 6004 6019 6018
f 6017 6018 5839
f 6042 6037 6034
f 6043 6037 6042
f 5909 6034 6036
f 6023 5912 5697
f 6023 5697 5982
f 6041 6040 6014
f 6015 5900 5839
f 5917 5825 5918
f 5992 6024 6026
f 5719 6027 5720
f 5734 5993 5723
f 5877 6044 5756
f 5726 6011 5727
f 5859 6000 6007
f 6007 6045 5784
f 5692 5783 5784
f 5838 5846 5802
f 5802 5846 6030
f 5791 5784 6028
f 6028 6029 6030
f 6030 5846 6028
f 6030 5694 5800
f 5808 5811 6031
f 5813 6031 5811
f 5757 6000 5859
f 6040 5774 6014
f 5724 5993 6026
f 5995 6001 5997
f 5760 6003 6002
f 6039 6019 6003
f 5995 5998 5996
f 6034 5985 5984
f 6046 6047 6034
f 6035 6048 5986
f 6035 5983 5696
f 5851 6035 5696
f 5982 5697 6049
f 5730 6027 6050
f 5734 5733 5993
f 5711 5988 5990
f 6051 6034 6038
f 6046 6034 6051
f 5984 5731 5996
f 5860 5779 5778
f 5718 5731 5984
f 6005 6006 5778
f 5998 5997 5987
f 5997 6001 6040
f 6004 6017 5767
f 5789 6008 5790
f 5765 5767 6017
f 5813 6032 6031
f 5814 6010 6012
f 5917 5918 6016
f 6001 5759 5772
f 6009 5727 6011
f 6003 6020 6039
f 6020 5989 6039
f 5990 5989 5994
f 5990 5994 5715
f 6034 5998 6048
f 5986 6048 5998
f 6042 5909 6052
f 6033 6035 5986
f 6049 5983 6035
f 6031 6032 5836
f 5892 6012 5826
f 6050 6025 5730
f 5993 5733 5871
f 6025 6044 5877
f 5869 5877 5756
f 5756 6044 6000
f 5783 5859 6007
f 5728 5876 5877
f 5744 5991 5871
f 6028 5784 6045
f 6045 6029 6028
f 5730 6025 5876
f 5880 5724 6026
f 6024 6050 6027
f 5838 5792 5846
f 6008 6032 5798
f 5627 6031 5836
f 5726 5801 6011
f 5892 5814 6012
f 5830 5826 5899
f 5918 5900 6015
f 5767 5760 6002
f 6020 6003 5760
f 6047 5985 6034
f 5983 6049 5697
f 5701 5697 5912
f 6035 6033 6049
f 6035 6034 6048
f 5710 5711 5990
f 6042 6034 5909
f 5909 6036 6035
f 5851 5909 6035
f 6022 5711 5912
f 6022 5912 6023
f 5704 5912 5711
f 5710 5990 5715
f 5984 5996 6034
f 5998 6034 5996
f 6019 6004 6003
f 5880 6024 6027
f 6026 6024 5880
f 6040 6001 5774
f 5922 5724 5880
f 5993 5724 5723
f 6007 5999 6045
f 5720 6027 5730
o front
f 6057 6058 6059
f 6060 6061 6062
f 6063 6056 6064
f 6053 6054 6055
f 6056 6065 6064
f 6068 6069 6066
f 6073 6074 6075
f 6076 6077 6078
f 6080 6081 6082
f 6083 6080 6084
f 6085 6086 6087
f 6088 6089 6090
f 6088 6091 6092
f 6093 6094 6095
f 6096 6097 6098
f 6099 6100 6101
f 6102 6103 6104
f 6105 6106 6107
f 6107 6110 6111
f 6113 6114 6115
f 6111 6116 6117
f 6118 6119 6120
f 6121 6122 6123
f 6116 6124 6117
f 6125 6126 6127
f 6129 6130 6122
f 6122 6131 6129
f 6132 6133 6134
f 6135 6136 6137
f 6138 6139 6140
f 6141 6125 6142
f 6135 6143 6144
f 6145 6146 6147
f 6148 6147 6146
f 6149 6150 6151
f 6139 6147 6152
f 6146 6153 6154
f 6155 6156 6157
f 6158 6159 6160
f 6161 6162 6163
f 6164 6165 6155
f 6166 6167 6168
f 6169 6148 6154
f 6170 6161 6171
f 6172 6173 6174
f 6160 6175 6176
f 6177 6178 6179
f 6180 6167 6181
f 6182 6183 6184
f 6185 6179 6182
f 6186 6187 6188
f 6189 6180 6190
f 6191 6192 6193
f 6194 6195 6196
f 6197 6198 6199
f 6200 6201 6202
f 6203 6204 6205
f 6196 6195 6197
f 6195 6206 6207
f 6208 6209 6210
f 6211 6202 6212
f 6213 6214 6209
f 6212 6215 6216
f 6053 6217 6218
f 6219 6220 6221
f 6222 6223 6224
f 6220 6225 6221
f 6220 6227 6228
f 6225 6229 6230
f 6084 6231 6083
f 6235 6236 6237
f 6229 6225 6240
f 6241 6242 6243
f 6244 6226 6245
f 6246 6247 6248
f 6247 6249 6248
f 6249 6251 6252
f 6254 6232 6255
f 6236 6258 6254
f 6259 6240 6241
f 6260 6255 6261
f 6262 6245 6235
f 6256 6260 6261
f 6243 6244 6245
f 6259 6243 6245
f 6263 6252 6228
f 6257 6253 6264
f 6254 6265 6266
f 6267 6258 6236
f 6224 6260 6268
f 6269 6270 6271
f 6272 6273 6228
f 6273 6274 6228
f 6080 6271 6275
f 6276 6277 6227
f 6213 6279 6214
f 6204 6280 6281
f 6197 6195 6198
f 6282 6213 6209
f 6283 6284 6285
f 6286 6205 6287
f 6188 6288 6209
f 6187 6288 6188
f 6176 6289 6290
f 6194 6196 6181
f 6194 6291 6292
f 6293 6294 6295
f 6189 6296 6180
f 6200 6297 6177
f 6170 6297 6298
f 6299 6155 6186
f 6178 6177 6171
f 6168 6167 6180
f 6293 6149 6300
f 6149 6161 6300
f 6301 6233 6234
f 6302 6166 6168
f 6303 6154 6056
f 6304 6165 6164
f 6305 6306 6307
f 6152 6147 6308
f 6145 6147 6139
f 6162 6309 6163
f 6310 6309 6162
f 6311 6312 6150
f 6313 6314 6302
f 6231 6109 6315
f 6316 6138 6317
f 6159 6318 6319
f 6312 6320 6310
f 6321 6319 6318
f 6322 6323 6324
f 6327 6328 6329
f 6330 6331 6321
f 6332 6102 6333
f 6110 6334 6116
f 6335 6336 6113
f 6339 6340 6341
f 6100 6340 6103
f 6342 6340 6100
f 6334 6343 6344
f 6344 6345 6346
f 6343 6106 6347
f 6347 6344 6343
f 6091 6093 6099
f 6350 6351 6347
f 6352 6092 6091
f 6353 6095 6094
f 6088 6090 6091
f 6354 6355 6356
f 6359 6360 6361
f 6362 6363 6364
f 6365 6271 6249
f 6367 6362 6078
f 6359 6363 6074
f 6363 6361 6089
f 6371 6370 6349
f 6254 6258 6232
f 6267 6236 6235
f 6356 6355 6085
f 6240 6251 6315
f 6354 6347 6351
f 6085 6087 6372
f 6265 6254 6255
f 6262 6259 6245
f 6374 6253 6250
f 6356 6344 6347
f 6375 6256 6264
f 6256 6375 6268
f 6229 6259 6376
f 6372 6346 6345
f 6093 6342 6100
f 6264 6374 6375
f 6268 6375 6199
f 6060 6377 6061
f 6377 6378 6053
f 6372 6352 6379
f 6374 6380 6381
f 6382 6221 6230
f 6379 6101 6100
f 6222 6224 6198
f 6281 6382 6384
f 6382 6281 6280
f 6331 6350 6105
f 6386 6336 6379
f 6209 6214 6210
f 6104 6339 6387
f 6388 6389 6390
f 6205 6391 6287
f 6324 6392 6329
f 6126 6393 6104
f 6196 6394 6181
f 6332 6333 6320
f 6105 6314 6313
f 6319 6321 6395
f 6118 6316 6396
f 6397 6398 6185
f 6309 6393 6126
f 6311 6320 6312
f 6175 6399 6176
f 6296 6189 6175
f 6299 6186 6400
f 6132 6401 6402
f 6183 6403 6184
f 6404 6305 6187
f 6187 6305 6405
f 6294 6300 6170
f 6140 6152 6142
f 6406 6145 6407
f 6409 6183 6173
f 6179 6308 6169
f 6410 6142 6152
f 6173 6172 6408
f 6166 6411 6167
f 6160 6159 6319
f 6412 6308 6178
f 6165 6304 6124
f 6056 6153 6413
f 6313 6168 6414
f 6305 6157 6415
f 6154 6148 6146
f 6413 6416 6056
f 6149 6151 6161
f 6145 6153 6146
f 6296 6417 6414
f 6157 6156 6415
f 6152 6140 6139
f 6418 6419 6173
f 6134 6420 6135
f 6135 6420 6421
f 6173 6419 6174
f 6407 6422 6406
f 6160 6423 6158
f 6163 6309 6125
f 6424 6314 6117
f 6127 6317 6142
f 6178 6308 6179
f 6137 6422 6123
f 6119 6123 6422
f 6322 6317 6127
f 6179 6169 6183
f 6405 6307 6293
f 6404 6186 6155
f 6323 6322 6127
f 6160 6176 6423
f 6183 6425 6426
f 6324 6328 6322
f 6385 6321 6318
f 6396 6327 6326
f 6331 6105 6313
f 6102 6393 6333
f 6314 6105 6107
f 6320 6114 6336
f 6182 6184 6427
f 6405 6286 6187
f 6428 6330 6321
f 6392 6387 6339
f 6379 6336 6335
f 6429 6398 6397
f 6428 6348 6330
f 6348 6350 6330
f 6350 6331 6330
f 6341 6096 6430
f 6185 6398 6431
f 6286 6295 6205
f 6350 6347 6106
f 6345 6085 6372
f 6091 6099 6352
f 6091 6094 6093
f 6347 6354 6356
f 6062 6218 6399
f 6434 6435 6062
f 6210 6214 6436
f 6437 6438 6216
f 6224 6268 6198
f 6220 6219 6227
f 6384 6376 6279
f 6238 6060 6380
f 6377 6060 6238
f 6377 6238 6373
f 6228 6439 6263
f 6440 6055 6191
f 6381 6435 6434
f 6441 6442 6271
f 6108 6242 6241
f 6109 6108 6443
f 6081 6080 6444
f 6082 6084 6080
f 6083 6231 6315
f 6265 6255 6260
f 6236 6254 6266
f 6240 6259 6229
f 6252 6251 6446
f 6447 6439 6228
f 6239 6238 6380
f 6374 6264 6253
f 6229 6376 6382
f 6384 6382 6376
f 6062 6435 6060
f 6061 6053 6448
f 6216 6227 6212
f 6222 6210 6223
f 6053 6055 6440
f 6391 6281 6384
f 6211 6221 6280
f 6213 6391 6384
f 6053 6440 6217
f 6207 6210 6222
f 6191 6278 6192
f 6394 6388 6390
f 6440 6290 6289
f 6204 6449 6211
f 6206 6195 6292
f 6203 6298 6204
f 6394 6190 6181
f 6292 6400 6206
f 6399 6289 6176
f 6449 6298 6200
f 6286 6288 6187
f 6423 6176 6290
f 6193 6290 6191
f 6186 6188 6400
f 6182 6397 6185
f 6203 6295 6294
f 6200 6177 6201
f 6405 6295 6286
f 6201 6177 6179
f 6404 6187 6186
f 6182 6179 6183
f 6409 6425 6183
f 6161 6170 6300
f 6169 6173 6183
f 6160 6296 6175
f 6171 6141 6412
f 6303 6418 6173
f 6451 6418 6452
f 6452 6453 6451
f 6453 6063 6451
f 6452 6418 6303
f 6163 6141 6171
f 6308 6147 6148
f 6303 6056 6063
f 6154 6153 6056
f 6153 6144 6413
f 6150 6312 6151
f 6310 6151 6312
f 6395 6414 6417
f 6125 6141 6163
f 6395 6313 6414
f 6421 6420 6454
f 6139 6407 6145
f 6319 6395 6417
f 6130 6132 6134
f 6137 6136 6422
f 6156 6455 6456
f 6120 6407 6138
f 6309 6126 6125
f 6320 6333 6457
f 6457 6393 6309
f 6396 6326 6118
f 6118 6458 6459
f 6323 6127 6126
f 6113 6115 6456
f 6331 6313 6395
f 6325 6118 6326
f 6323 6126 6387
f 6104 6387 6126
f 6456 6460 6113
f 6337 6329 6392
f 6460 6456 6461
f 6338 6337 6392
f 6462 6460 6461
f 6110 6343 6334
f 6100 6103 6386
f 6097 6096 6341
f 6097 6341 6342
f 6095 6342 6093
f 6085 6345 6356
f 6087 6092 6352
f 6090 6094 6091
f 6361 6353 6090
f 6089 6361 6090
f 6355 6354 6369
f 6357 6359 6463
f 6086 6076 6078
f 6086 6362 6364
f 6071 6075 6074
f 6071 6366 6368
f 6067 6066 6070
f 6262 6235 6237
f 6073 6463 6074
f 6359 6074 6463
f 6357 6360 6359
f 6076 6086 6085
f 6358 6433 6360
f 6356 6345 6344
f 6372 6087 6352
f 6262 6376 6259
f 6097 6342 6095
f 6383 6338 6430
f 6346 6460 6462
f 6340 6104 6103
f 6265 6260 6224
f 6461 6334 6462
f 6220 6228 6252
f 6225 6220 6446
f 6106 6110 6107
f 6104 6393 6102
f 6327 6112 6326
f 6113 6336 6114
f 6325 6458 6118
f 6107 6111 6314
f 6459 6119 6118
f 6457 6333 6393
f 6116 6455 6124
f 6396 6316 6317
f 6316 6120 6138
f 6317 6138 6140
f 6317 6140 6142
f 6130 6134 6135
f 6137 6130 6135
f 6314 6424 6302
f 6136 6144 6153
f 6306 6150 6307
f 6165 6156 6155
f 6250 6380 6374
f 6414 6168 6180
f 6149 6293 6307
f 6297 6170 6171
f 6405 6293 6295
f 6397 6182 6464
f 6206 6188 6208
f 6190 6399 6189
f 6431 6285 6284
f 6431 6284 6185
f 6288 6287 6282
f 6188 6209 6208
f 6201 6465 6202
f 6399 6434 6062
f 6275 6444 6080
f 6289 6217 6440
f 6449 6202 6211
f 6218 6062 6448
f 6271 6080 6083
f 6226 6267 6235
f 6251 6249 6083
f 6465 6466 6467
f 6289 6218 6217
f 6245 6226 6235
f 6202 6215 6212
f 6247 6468 6249
f 6215 6469 6216
f 6263 6248 6249
f 6221 6211 6212
f 6268 6260 6256
f 6279 6237 6470
f 6229 6382 6230
f 6054 6053 6378
f 6436 6470 6266
f 6435 6381 6380
f 6276 6227 6216
f 6061 6377 6053
f 6212 6227 6219
f 6230 6221 6225
f 6388 6199 6389
f 6277 6471 6227
f 6376 6262 6279
f 6378 6377 6373
f 6266 6265 6223
f 6055 6278 6191
f 6448 6062 6061
f 6237 6236 6470
f 6469 6465 6467
f 6472 6467 6466
f 6228 6274 6447
f 6466 6465 6473
f 6282 6287 6213
f 6390 6381 6434
f 6284 6283 6474
f 6288 6282 6209
f 6446 6251 6225
f 6252 6263 6249
f 6295 6203 6205
f 6450 6431 6398
f 6200 6202 6449
f 6206 6400 6188
f 6189 6399 6175
f 6297 6200 6298
f 6182 6427 6464
f 6315 6443 6240
f 6294 6170 6298
f 6443 6241 6240
f 6291 6194 6411
f 6241 6243 6259
f 6411 6194 6167
f 6183 6426 6403
f 6291 6164 6400
f 6293 6300 6294
f 6443 6315 6109
f 6307 6405 6305
f 6169 6154 6173
f 6205 6281 6391
f 6151 6162 6161
f 6412 6152 6308
f 6160 6319 6417
f 6144 6136 6135
f 6150 6306 6311
f 6138 6407 6139
f 6415 6115 6306
f 6457 6309 6310
f 6415 6456 6115
f 6407 6120 6422
f 6129 6401 6130
f 6122 6128 6131
f 6119 6422 6120
f 6459 6123 6119
f 6322 6396 6317
f 6114 6320 6311
f 6328 6327 6396
f 6387 6324 6323
f 6328 6324 6329
f 6386 6320 6336
f 6386 6332 6320
f 6103 6102 6332
f 6341 6430 6339
f 6346 6462 6344
f 6346 6379 6460
f 6361 6433 6353
f 6088 6087 6086
f 6364 6088 6086
f 6363 6366 6074
f 6071 6074 6366
f 6471 6272 6227
f 6206 6208 6207
f 6284 6474 6473
f 6465 6284 6473
f 6390 6389 6381
f 6202 6465 6215
f 6208 6210 6207
f 6301 6445 6233
f 6436 6266 6223
f 6241 6443 6108
f 6279 6470 6436
f 6249 6271 6083
f 6083 6315 6251
f 6249 6468 6365
f 6256 6257 6264
f 6225 6251 6240
f 6374 6389 6375
f 6239 6380 6250
f 6373 6054 6378
f 6252 6446 6220
f 6470 6236 6266
f 6227 6272 6228
f 6223 6265 6224
f 6279 6262 6237
f 6198 6268 6199
f 6375 6389 6199
f 6435 6380 6060
f 6389 6374 6381
f 6221 6382 6280
f 6216 6438 6276
f 6221 6212 6219
f 6210 6436 6223
f 6218 6448 6053
f 6222 6198 6195
f 6465 6469 6215
f 6388 6197 6199
f 6207 6222 6195
f 6211 6280 6204
f 6287 6391 6213
f 6205 6204 6281
f 6197 6388 6196
f 6394 6196 6388
f 6465 6201 6284
f 6286 6287 6288
f 6190 6434 6399
f 6284 6201 6185
f 6194 6292 6195
f 6291 6400 6292
f 6072 6075 6071
f 6367 6366 6362
f 6412 6178 6171
f 6157 6305 6404
f 6073 6079 6463
f 6173 6154 6303
f 6163 6171 6161
f 6160 6417 6296
f 6304 6164 6411
f 6089 6088 6363
f 6150 6149 6307
f 6087 6088 6092
f 6424 6304 6166
f 6302 6168 6313
f 6353 6094 6090
f 6302 6424 6166
f 6141 6142 6410
f 6156 6165 6455
f 6145 6406 6153
f 6117 6304 6424
f 6156 6456 6415
f 6455 6165 6124
f 6306 6115 6311
f 6137 6123 6130
f 6371 6349 6348
f 6123 6122 6130
f 6310 6320 6457
f 6118 6120 6316
f 6314 6111 6117
f 6116 6461 6455
f 6396 6322 6328
f 6321 6331 6395
f 6111 6110 6116
f 6385 6428 6321
f 6387 6392 6324
f 6101 6379 6352
f 6342 6341 6340
f 6372 6379 6346
f 6113 6460 6335
f 6103 6332 6386
f 6340 6339 6104
f 6106 6343 6110
f 6339 6338 6392
f 6430 6338 6339
f 6350 6106 6105
f 6344 6462 6334
f 6386 6379 6100
f 6096 6383 6430
f 6432 6348 6428
f 6460 6379 6335
f 6352 6099 6101
f 6100 6099 6093
f 6098 6097 6095
f 6095 6353 6098
f 6433 6098 6353
f 6334 6461 6116
f 6433 6361 6360
f 6076 6085 6355
f 6369 6076 6355
f 6363 6088 6364
f 6359 6361 6363
f 6086 6078 6362
f 6362 6366 6363
f 6455 6461 6456
f 6114 6311 6115
f 6130 6401 6132
f 6125 6127 6142
f 6304 6117 6124
f 6136 6406 6422
f 6406 6136 6153
f 6151 6310 6162
f 6306 6305 6415
f 6410 6152 6412
f 6411 6166 6304
f 6410 6412 6141
f 6063 6453 6303
f 6169 6308 6148
f 6155 6299 6164
f 6157 6404 6155
f 6214 6279 6436
f 6411 6164 6291
f 6414 6180 6296
f 6191 6290 6440
f 6177 6297 6171
f 6164 6299 6400
f 6194 6181 6167
f 6185 6201 6179
f 6384 6279 6213
f 6180 6181 6190
f 6294 6298 6203
f 6190 6394 6390
f 6399 6218 6289
f 6204 6298 6449
f 6190 6390 6434
f 6066 6067 6068
f 6067 6070 6476
f 6477 6476 6070
f 6481 6482 6483
f 6484 6486 6487
f 6158 6488 6489
f 6490 6491 6492
f 6192 6493 6494
f 6495 6496 6493
f 6055 6495 6278
f 6192 6494 6490
f 6498 6489 6318
f 6499 6481 6500
f 6067 6503 6504
f 6505 6475 6068
f 6507 6508 6500
f 6507 6481 6483
f 6499 6500 6371
f 6385 6486 6510
f 6318 6489 6486
f 6492 6491 6497
f 6489 6498 6158
f 6486 6489 6497
f 6423 6290 6193
f 6510 6486 6511
f 6432 6511 6499
f 6371 6432 6499
f 6509 6370 6500
f 6512 6509 6508
f 6478 6513 6514
f 6503 6067 6476
f 6278 6493 6192
f 6490 6193 6192
f 6498 6159 6158
f 6514 6508 6507
f 6504 6501 6505
f 6068 6504 6505
f 6514 6479 6478
f 6508 6514 6513
f 6479 6514 6507
f 6432 6371 6348
f 6489 6492 6497
f 6488 6158 6423
f 6423 6193 6488
f 6495 6493 6278
f 6385 6318 6486
f 6510 6428 6385
f 6510 6432 6428
f 6485 6481 6511
f 6499 6511 6481
f 6500 6370 6371
f 6483 6479 6507
f 6508 6513 6477
f 6512 6477 6506
f 6503 6513 6478
f 6501 6502 6480
f 6501 6504 6502
f 6504 6068 6067
f 6495 6055 6054
f 6490 6492 6193
f 6513 6503 6476
f 6503 6478 6502
f 6492 6488 6193
f 6500 6508 6509
f 6318 6159 6498
f 6486 6497 6487
f 6510 6511 6432
f 6485 6511 6484
f 6486 6484 6511
f 6481 6507 6500
f 6512 6508 6477
f 6477 6513 6476
f 6515 6475 6505
f 6504 6503 6502
f 6488 6492 6489
f 6516 6517 6518
f 6069 6519 6066
f 6348 6349 6350
f 6069 6071 6519
f 6366 6367 6368
f 6506 6367 6078
f 6369 6077 6076
f 6509 6369 6370
f 6351 6370 6369
f 6349 6370 6351
f 6369 6354 6351
f 6506 6078 6077
f 6512 6369 6509
f 6350 6349 6351
f 6369 6512 6077
f 6070 6367 6477
f 6070 6066 6519
f 6368 6070 6519
f 6519 6071 6368
f 6477 6367 6506
f 6512 6506 6077
f 6368 6367 6070
f 6071 6069 6072
f 6069 6068 6475
f 6523 6524 6525
f 6524 6526 6525
f 6530 6531 6532
f 6530 6533 6112
f 6535 6536 6537
f 6121 6537 6122
f 6536 6535 6538
f 6539 6535 6540
f 6535 6541 6540
f 6542 6128 6543
f 6536 6538 6544
f 6057 6059 6546
f 6547 6548 6549
f 6112 6325 6326
f 6550 6531 6112
f 6337 6551 6329
f 6552 6550 6551
f 6553 6337 6338
f 6554 6555 6556
f 6557 6558 6526
f 6523 6559 6527
f 6357 6559 6358
f 6073 6521 6079
f 6073 6075 6520
f 6520 6075 6072
f 6520 6521 6073
f 6559 6357 6079
f 6526 6524 6557
f 6555 6553 6383
f 6555 6558 6556
f 6551 6327 6329
f 6547 6560 6561
f 6549 6562 6057
f 6548 6563 6564
f 6565 6548 6564
f 6549 6548 6562
f 6567 6547 6549
f 6567 6530 6560
f 6528 6552 6554
f 6553 6554 6337
f 6096 6098 6525
f 6358 6523 6433
f 6536 6128 6122
f 6539 6538 6535
f 6548 6566 6568
f 6565 6058 6562
f 6569 6057 6535
f 6057 6570 6535
f 6535 6570 6571
f 6535 6537 6569
f 6567 6569 6121
f 6567 6533 6530
f 6531 6530 6112
f 6327 6550 6112
f 6552 6532 6531
f 6551 6554 6552
f 6551 6337 6554
f 6525 6572 6096
f 6358 6360 6357
f 6559 6079 6522
f 6523 6525 6098
f 6555 6526 6558
f 6552 6531 6550
f 6530 6534 6560
f 6458 6567 6121
f 6533 6567 6458
f 6121 6123 6459
f 6564 6563 6573
f 6128 6536 6543
f 6548 6568 6563
f 6568 6575 6563
f 6565 6574 6576
f 6576 6058 6565
f 6057 6562 6058
f 6548 6565 6562
f 6567 6549 6569
f 6552 6529 6532
f 6528 6529 6552
f 6555 6554 6553
f 6526 6572 6525
f 6527 6524 6523
f 6536 6122 6537
f 6547 6545 6548
f 6121 6459 6458
f 6534 6561 6560
f 6533 6458 6325
f 6532 6534 6530
f 6551 6550 6327
f 6572 6555 6383
f 6556 6528 6554
f 6338 6383 6553
f 6526 6555 6572
f 6096 6572 6383
f 6523 6098 6433
f 6523 6358 6559
f 6357 6463 6079
f 6533 6325 6112
f 6560 6547 6567
f 6549 6057 6569
f 6121 6569 6537
f 6577 6535 6571
o hinge_area
f 6586 6579 6587
f 6588 6589 6590
f 6591 6585 6590
f 6581 6582 6580
f 6595 6594 6596
f 6594 6593 6592
f 6599 6601 6602
f 6603 6604 6598
f 6610 6611 6612
f 6611 6613 6612
f 6610 6621 6622
f 6634 6644 6648
f 6656 6657 6658
f 6657 6661 6662
f 6658 6657 6662
f 6667 6668 6669
f 6675 6676 6677
f 6662 6721 6658
f 6729 6730 6610
f 6736 6729 6732
f 6650 6648 6644
f 6581 6580 6666
f 6778 6777 6779
f 6622 6621 6742
f 6668 6721 6662
f 6736 6730 6729
f 6793 6699 6794
f 6702 6794 6699
f 6794 6702 6701
f 6704 6794 6701
f 6795 6600 6713
f 6723 6603 6601
f 6797 6798 6799
f 6800 6610 6612
f 6733 6732 6729
f 6743 6802 6747
f 6810 6654 6653
f 6654 6810 6811
f 6812 6654 6811
f 6793 6794 6816
f 6827 6826 6657
f 6828 6759 6830
f 6837 6838 6730
f 6839 6609 6840
f 6603 6602 6601
f 6598 6602 6603
f 6725 6839 6842
f 6735 6731 6733
f 6729 6610 6622
f 6656 6658 6846
f 6662 6847 6669
f 6848 6776 6777
f 6777 6778 6848
f 6668 6662 6669
f 6604 6603 6723
f 6608 6840 6609
f 6627 6622 6742
f 6668 6715 6709
f 6827 6657 6656
f 6661 6847 6662
f 6655 6825 6653
f 6827 6653 6825
f 6721 6668 6684
f 6643 6642 6864
f 6733 6623 6801
f 6788 6610 6800
f 6736 6843 6868
f 6730 6736 6837
f 6611 6610 6730
f 6600 6714 6713
f 6623 6620 6740
f 6741 6620 6618
f 6627 6782 6855
f 6595 6596 6597
f 6594 6592 6596
f 6878 6875 6879
f 6880 6881 6882
f 6881 6883 6882
f 6884 6578 6885
f 6888 6889 6634
f 6893 6894 6895
f 6898 6899 6900
f 6877 6897 6896
f 6901 6902 6903
f 6875 6878 6876
f 6885 6882 6884
f 6904 6905 6886
f 6906 6583 6907
f 6605 6720 6874
f 6644 6634 6889
f 6666 6890 6891
f 6906 6584 6583
f 6907 6578 6908
f 6909 6894 6910
f 6893 6892 6894
f 6720 6872 6874
f 6875 6896 6913
f 6895 6914 6893
f 6897 6873 6898
f 6915 6873 6897
f 6912 6914 6895
f 6899 6873 6893
f 6918 6917 6880
f 6578 6907 6583
f 6888 6626 6889
f 6911 6895 6909
f 6914 6912 6919
f 6878 6879 6887
f 6887 6879 6916
f 6887 6916 6885
f 6584 6904 6886
f 6885 6578 6887
f 6920 6876 6878
f 6899 6893 6901
f 6873 6892 6893
f 6909 6895 6894
f 6922 6923 6921
f 6924 6925 6926
f 6872 6926 6925
f 6929 6926 6930
f 6872 6928 6874
f 6599 6600 6931
f 6933 6934 6935
f 6938 6936 6939
f 6940 6608 6609
f 6938 6939 6941
f 6942 6943 6944
f 6945 6946 6947
f 6948 6949 6939
f 6950 6951 6952
f 6945 6952 6953
f 6948 6626 6888
f 6954 6948 6888
f 6955 6949 6956
f 6888 6634 6957
f 6958 6649 6956
f 6959 6960 6961
f 6962 6653 6654
f 6655 6962 6963
f 6964 6965 6966
f 6967 6968 6969
f 6971 6972 6973
f 6974 6679 6960
f 6891 6970 6975
f 6960 6959 6974
f 6976 6969 6977
f 6959 6979 6980
f 6924 6982 6927
f 6713 6983 6984
f 6969 6979 6967
f 6982 6924 6926
f 6928 6872 6925
f 6960 6973 6961
f 6715 6668 6667
f 6985 6965 6986
f 6931 6987 6719
f 6930 6988 6929
f 6990 6965 6991
f 6991 6965 6964
f 6934 6933 6941
f 6943 6934 6944
f 6626 6992 6937
f 6621 6993 6742
f 6945 6944 6743
f 6994 6962 6995
f 6954 6888 6996
f 6634 6648 6957
f 6760 6956 6649
f 6997 6996 6995
f 6648 6650 6998
f 6999 6997 6995
f 6763 6999 6654
f 6650 6580 6582
f 6965 6962 6994
f 6962 7000 7001
f 6961 7002 7003
f 7004 6967 7005
f 7006 7007 6669
f 6669 7007 7008
f 6973 7002 6961
f 6965 7002 6973
f 7009 6965 7010
f 6965 6985 7010
f 6669 7011 6667
f 6986 6973 7012
f 6977 6666 6891
f 6973 6972 7013
f 7014 7013 6972
f 7015 6788 7016
f 6978 6971 6973
f 6979 6969 6976
f 6974 6959 6980
f 6793 7017 6699
f 6872 6930 6926
f 6600 6795 6931
f 6795 7018 7019
f 7018 6795 6713
f 7018 6713 6984
f 7019 7018 6982
f 6929 6988 7020
f 6932 6987 7020
f 6988 7021 7020
f 6935 6720 6933
f 6989 6933 6720
f 6944 6934 6941
f 6936 6937 6992
f 7022 6944 6945
f 6944 7023 6802
f 6949 6948 7024
f 7024 6948 6954
f 6958 6956 6949
f 6802 7023 6760
f 6998 6650 7004
f 6582 7004 6650
f 6968 6582 6581
f 6655 6653 6962
f 7025 7006 6669
f 6968 6581 6666
f 6965 6973 6986
f 6666 6977 6969
f 6715 7026 7027
f 7013 7012 6973
f 7017 6891 6975
f 6977 6891 7017
f 6980 6976 6793
f 6793 6976 7017
f 6816 6980 6793
f 7028 7011 7008
f 6966 6965 7009
f 6669 7008 7011
f 7003 7005 6961
f 7002 7029 7003
f 7002 6994 7029
f 6995 6962 6999
f 6648 7029 6957
f 6649 6958 6999
f 6958 6997 6999
f 6949 7024 6958
f 6945 6743 6952
f 6742 6782 6627
f 7030 7031 6940
f 7030 7032 7033
f 6939 6936 6992
f 7021 7032 6609
f 6606 7020 7021
f 6606 6932 7020
f 6983 6927 6984
f 6984 6927 7034
f 6927 6982 7034
f 7034 6982 7018
f 7035 6987 6931
f 6602 6600 6599
f 7020 7035 7019
f 6931 6795 7035
f 7035 7020 6987
f 6606 7021 6609
f 6943 6942 7032
f 7016 6788 6800
f 6942 7036 7037
f 7036 6942 7038
f 6944 6941 7023
f 7022 6945 6947
f 6888 6957 6996
f 7029 6995 6957
f 6994 6995 7029
f 6962 6654 6999
f 6962 6965 7000
f 7004 6582 6968
f 7039 6965 7040
f 6669 7041 7025
f 6982 6926 7019
f 6602 6714 6600
f 6720 6930 6872
f 6599 6931 6719
f 7042 7021 6988
f 6816 6679 6974
f 7042 6934 6943
f 6938 6989 6936
f 7032 7030 6609
f 6940 6609 7030
f 6976 6977 7017
f 7038 6944 7022
f 7022 7043 7038
f 6788 7044 6610
f 6992 6626 6948
f 7023 6955 6956
f 6981 6709 7045
f 7024 6997 6958
f 6997 6954 6996
f 6979 6959 7005
f 6961 7005 6959
f 6715 6667 7026
f 6985 6986 7046
f 6998 7004 7003
f 6661 7047 6847
f 7048 6965 6990
f 7040 6965 7049
f 7049 6965 7048
f 7050 7009 7010
f 7000 6965 7039
f 6962 7001 6963
f 6666 6969 6968
f 6965 6994 7002
f 7005 6967 6979
f 6715 7051 6709
f 6968 6967 7004
f 7029 6998 7003
f 6980 6979 6976
f 6974 6980 6816
f 6996 6957 6995
f 7003 7004 7005
f 7023 6956 6760
f 6955 6939 6949
f 6743 6944 6802
f 6941 6939 6955
f 7038 6942 6944
f 6608 6940 7052
f 6943 7032 7042
f 6941 6933 6938
f 7018 6984 7034
f 7019 6926 6929
f 6795 7019 7035
f 7019 6929 7020
f 6930 6720 6935
f 6719 6987 6932
f 6930 7042 6988
f 7042 6930 6935
f 7042 6935 6934
f 6933 6989 6938
f 7021 7042 7032
f 6973 6960 6679
f 6939 6992 6948
f 7044 6621 6610
f 6955 7023 6941
f 6945 6953 7054
f 7024 6954 6997
f 7029 6648 6998
o sides
f 7059 7060 7061
f 7064 7065 7066
f 7067 7068 7069
f 7071 7072 7073
f 7077 7078 7071
f 7081 7082 7083
f 7095 7096 7097
f 7100 7101 7102
f 7104 7105 7106
f 7107 7077 7090
f 7077 7107 7109
f 7111 7086 7112
f 7113 7081 7114
f 7081 7083 7114
f 7116 7105 7117
f 7101 7118 7119
f 7120 7096 7095
f 7122 7123 7079
f 7095 7126 7127
f 7077 7109 7078
f 7057 7135 7136
f 7089 7114 7107
f 7081 7138 7082
f 7139 7071 7073
f 7144 7143 7141
f 7146 7073 7147
f 7148 7149 7150
f 7149 7151 7150
f 7153 7154 7155
f 7160 7161 7158
f 7163 7164 7165
f 7166 7167 7168
f 7166 7169 7167
f 7081 7084 7138
f 7152 7158 7166
f 7156 7151 7147
f 7170 7171 7172
f 7076 7175 7174
f 7075 7176 7177
f 7080 7139 7146
f 7059 7139 7080
f 7107 7090 7089
f 7178 7179 7100
f 7180 7181 7179
f 7180 7182 7181
f 7183 7181 7184
f 7059 7185 7090
f 7097 7186 7095
f 7095 7186 7126
f 7097 7183 7126
f 7187 7118 7101
f 7188 7189 7103
f 7189 7190 7191
f 7164 7199 7165
f 7200 7199 7164
f 7073 7072 7159
f 7080 7079 7059
f 7126 7203 7127
f 7185 7061 7060
f 7123 7204 7059
f 7206 7101 7096
f 7104 7106 7191
f 7208 7209 7210
f 7101 7181 7211
f 7101 7100 7181
f 7184 7181 7182
f 7183 7097 7181
f 7096 7211 7097
f 7181 7100 7179
f 7128 7100 7129
f 7081 7085 7084
f 7146 7139 7073
f 7212 7173 7069
f 7164 7213 7214
f 7214 7215 7164
f 7166 7168 7068
f 7164 7163 7216
f 7166 7162 7169
f 7154 7156 7157
f 7131 7132 7130
f 7217 7218 7115
f 7064 7165 7199
f 7149 7220 7151
f 7145 7196 7070
f 7074 7202 7221
f 7077 7071 7139
f 7091 7090 7185
f 7059 7079 7123
f 7207 7101 7119
f 7191 7103 7189
f 7209 7104 7191
f 7164 7216 7222
f 7222 7223 7224
f 7213 7164 7222
f 7065 7064 7068
f 7068 7168 7065
f 7225 7198 7197
f 7192 7055 7124
f 7056 7134 7193
f 7062 7226 7219
f 7163 7165 7227
f 7096 7101 7211
f 7059 7090 7139
f 7107 7114 7083
f 7083 7082 7228
f 7080 7147 7140
f 7156 7073 7159
f 7201 7147 7151
f 7214 7229 7230
f 7230 7215 7214
f 7231 7215 7232
f 7231 7233 7200
f 7200 7215 7231
f 7233 7212 7200
f 7234 7200 7212
f 7213 7222 7224
f 7213 7224 7235
f 7068 7064 7199
f 7166 7158 7162
f 7068 7199 7069
f 7199 7234 7069
f 7200 7234 7199
f 7172 7232 7230
f 7170 7172 7230
f 7156 7147 7073
f 7144 7141 7142
f 7080 7146 7147
f 7107 7082 7109
f 7107 7228 7082
f 7090 7077 7139
f 7100 7128 7236
f 7100 7236 7178
f 7237 7238 7206
f 7206 7096 7237
f 7194 7239 7125
f 7094 7063 7079
f 7102 7101 7240
f 7101 7205 7240
f 7249 7250 7251
f 7253 7251 7254
f 7255 7256 7252
f 7256 7257 7252
f 7261 7262 7258
f 7260 7268 7258
f 7262 7259 7258
f 7269 7267 7249
f 7263 7261 7258
f 7266 7269 7270
f 7253 7249 7251
f 7251 7250 7252
f 7266 7264 7265
f 7270 7264 7266
f 7271 7269 7249
f 7272 7273 7274
f 7276 7275 7277
f 7285 7286 7287
f 7290 7287 7286
f 7290 7292 7293
f 7290 7293 7294
f 7295 7296 7297
f 7298 7299 7296
f 7304 7305 7306
f 7308 7302 7309
f 7310 7308 7311
f 7311 7307 7310
f 7313 7314 7315
f 7316 7284 7317
f 7318 7319 7320
f 7323 7324 7325
f 7327 7320 7311
f 7330 7324 7331
f 7325 7330 7332
f 7334 7335 7336
f 7320 7327 7318
f 7331 7324 7311
f 7289 7288 7335
f 7340 7327 7309
f 7309 7302 7340
f 7315 7337 7313
f 7341 7313 7337
f 7341 7305 7342
f 7284 7290 7312
f 7298 7304 7299
f 7293 7292 7344
f 7314 7347 7333
f 7307 7311 7324
f 7305 7348 7342
f 7349 7346 7350
f 7349 7351 7346
f 7293 7344 7291
f 7294 7295 7297
f 7352 7317 7283
f 7326 7299 7304
f 7314 7313 7301
f 7335 7280 7289
f 7333 7347 7338
f 7353 7340 7110
f 7343 7354 7355
f 7355 7356 7343
f 7357 7344 7292
f 7311 7320 7331
f 7315 7314 7333
f 7325 7288 7323
f 7326 7322 7299
f 7331 7320 7319
f 7339 7306 7305
f 7290 7286 7312
f 7299 7321 7297
f 7305 7304 7348
f 7343 7357 7292
f 7343 7350 7357
f 7359 7344 7357
f 7331 7319 7330
f 7360 7350 7343
f 7343 7356 7360
f 7293 7295 7294
f 7316 7358 7343
f 7341 7342 7300
f 7317 7362 7345
f 7284 7316 7290
f 7300 7313 7341
f 7363 7352 7283
f 7337 7339 7305
f 7302 7303 7328
f 7288 7325 7335
f 7311 7309 7327
f 7327 7340 7353
f 7332 7336 7325
f 7353 7318 7327
f 7346 7351 7115
f 7295 7293 7291
f 7297 7321 7285
f 7314 7301 7347
f 7321 7299 7322
f 7326 7304 7306
f 7279 7280 7347
f 7311 7308 7309
f 7302 7328 7340
f 7347 7280 7338
f 7336 7335 7325
f 7340 7328 7329
f 7340 7329 7110
f 7334 7338 7280
f 7325 7324 7330
f 7280 7335 7334
f 7323 7307 7324
f 7284 7283 7317
f 7362 7317 7364
f 7300 7301 7313
f 7297 7287 7294
f 7348 7304 7298
f 7361 7354 7343
f 7350 7359 7357
f 7365 7351 7349
f 7350 7346 7359
f 7343 7292 7290
f 7290 7316 7343
f 7299 7297 7296
f 7287 7290 7294
f 7287 7297 7285
f 7305 7341 7337
f 7244 7243 7245
f 7244 7245 7246
f 7248 7247 7242
f 7248 7242 7241
f 7057 7368 7369
f 7372 7370 7373
f 7376 7377 7373
f 7378 7379 7380
f 7382 7380 7383
f 7058 7388 7389
f 7390 7391 7392
f 7393 7392 7394
f 7395 7396 7397
f 7403 7400 7404
f 7406 7408 7409
f 7409 7408 7410
f 7410 7408 7411
f 7413 7410 7411
f 7414 7415 7416
f 7258 7427 7263
f 7261 7263 7428
f 7263 7431 7428
f 7433 7432 7428
f 7433 7428 7434
f 7328 7437 7329
f 7438 7439 7329
f 7440 7433 7441
f 7110 7329 7439
f 7438 7435 7439
f 7438 7329 7442
f 7443 7430 7444
f 7446 7447 7448
f 7449 7446 7448
f 7442 7450 7451
f 7448 7447 7452
f 7451 7453 7426
f 7454 7453 7450
f 7455 7456 7452
f 7456 7455 7458
f 7462 7459 7458
f 7463 7462 7464
f 7469 7467 7466
f 7469 7466 7470
f 7471 7469 7472
f 7473 7471 7472
f 7476 7477 7478
f 7481 7377 7482
f 7382 7483 7484
f 7486 7387 7487
f 7489 7490 7491
f 7403 7404 7491
f 7492 7493 7391
f 7405 7490 7489
f 7494 7402 7490
f 7401 7400 7496
f 7498 7499 7489
f 7393 7394 7396
f 7493 7392 7391
f 7500 7501 7502
f 7417 7409 7410
f 7424 7414 7501
f 7460 7504 7424
f 7425 7424 7505
f 7483 7383 7506
f 7378 7380 7382
f 7508 7509 7382
f 7377 7511 7375
f 7258 7268 7427
f 7454 7513 7514
f 7450 7453 7451
f 7263 7427 7431
f 7428 7431 7434
f 7441 7433 7434
f 7435 7438 7436
f 7516 7433 7440
f 7446 7440 7517
f 7518 7517 7440
f 7519 7440 7441
f 7518 7440 7519
f 7519 7517 7518
f 7519 7446 7517
f 7441 7520 7519
f 7441 7443 7520
f 7520 7446 7519
f 7446 7520 7447
f 7456 7457 7448
f 7456 7448 7452
f 7521 7462 7458
f 7522 7458 7455
f 7462 7461 7459
f 7462 7521 7523
f 7523 7464 7462
f 7525 7419 7418
f 7441 7434 7526
f 7469 7527 7474
f 7528 7473 7472
f 7528 7515 7473
f 7475 7473 7515
f 7372 7136 7370
f 7529 7477 7374
f 7378 7510 7480
f 7480 7478 7378
f 7484 7530 7382
f 7531 7385 7485
f 7401 7533 7493
f 7445 7434 7431
f 7437 7303 7450
f 7502 7498 7491
f 7513 7421 7514
f 7413 7411 7465
f 7514 7460 7426
f 7422 7415 7504
f 7424 7500 7505
f 7460 7514 7421
f 7460 7424 7423
f 7427 7495 7431
f 7431 7420 7445
f 7518 7535 7517
f 7110 7439 7435
f 7491 7404 7502
f 7444 7525 7443
f 7452 7520 7525
f 7441 7526 7443
f 7455 7452 7418
f 7522 7455 7412
f 7459 7456 7458
f 7396 7394 7533
f 7472 7474 7537
f 7472 7537 7528
f 7366 7124 7055
f 7136 7372 7368
f 7377 7512 7373
f 7532 7538 7488
f 7512 7377 7375
f 7476 7478 7479
f 7379 7478 7529
f 7382 7509 7510
f 7507 7487 7529
f 7384 7506 7383
f 7386 7487 7387
f 7381 7482 7377
f 7382 7510 7378
f 7503 7254 7539
f 7256 7391 7257
f 7492 7391 7256
f 7533 7394 7493
f 7396 7533 7397
f 7402 7395 7496
f 7490 7496 7403
f 7494 7490 7405
f 7498 7502 7501
f 7416 7415 7497
f 7500 7424 7501
f 7414 7424 7504
f 7534 7495 7427
f 7420 7431 7495
f 7525 7418 7452
f 7443 7429 7430
f 7437 7450 7442
f 7536 7399 7398
f 7453 7454 7514
f 7524 7467 7471
f 7469 7470 7527
f 7474 7472 7469
f 7528 7537 7367
f 7540 7124 7264
f 7373 7512 7372
f 7529 7478 7477
f 7511 7377 7481
f 7487 7386 7529
f 7460 7421 7504
f 7539 7254 7257
f 7391 7539 7257
f 7393 7390 7392
f 7401 7493 7492
f 7496 7395 7397
f 7490 7402 7496
f 7403 7496 7400
f 7498 7501 7416
f 7405 7489 7499
f 7498 7489 7491
f 7490 7403 7491
f 7415 7414 7504
f 7416 7501 7414
f 7422 7504 7421
f 7496 7397 7533
f 7514 7426 7453
f 7392 7493 7394
f 7438 7442 7451
f 7437 7442 7329
f 7254 7251 7257
f 7520 7443 7525
f 7520 7452 7447
f 7383 7483 7382
f 7379 7529 7386
f 7382 7530 7508
f 7468 7470 7466
f 7270 7540 7264
f 7512 7371 7372
f 7381 7377 7376
f 7195 7541 7542
f 7390 7539 7391
f 7496 7533 7401
f 7544 7108 7543
f 7418 7419 7545
f 7545 7419 7547
f 7444 7546 7547
f 7419 7525 7444
f 7444 7547 7419
f 7430 7546 7444
f 7548 7549 7550
f 7556 7557 7558
f 7559 7560 7561
f 7563 7412 7564
f 7418 7545 7564
f 7569 7568 7570
f 7571 7572 7573
f 7574 7546 7575
f 7429 7546 7430
f 7546 7429 7576
f 7578 7571 7576
f 7579 7578 7429
f 7547 7580 7545
f 7566 7577 7572
f 7545 7581 7564
f 7548 7552 7587
f 7578 7590 7571
f 7568 7591 7584
f 7577 7566 7582
f 7281 7278 7592
f 7592 7548 7587
f 7590 7566 7572
f 7590 7572 7571
f 7583 7593 7594
f 7593 7562 7559
f 7595 7596 7557
f 7597 7556 7598
f 7546 7574 7547
f 7137 7588 7589
f 7570 7582 7569
f 7567 7590 7579
f 7579 7590 7578
f 7429 7578 7576
f 7575 7546 7576
f 7561 7593 7559
f 7585 7586 7559
f 7595 7560 7559
f 7527 7598 7553
f 7592 7587 7281
f 7549 7555 7550
f 7597 7557 7556
f 7588 7137 7565
f 7563 7583 7594
f 7584 7570 7568
f 7582 7570 7577
f 7547 7574 7580
f 7581 7583 7564
f 7564 7583 7563
f 7561 7594 7593
f 7553 7556 7554
f 7598 7556 7553
f 7552 7548 7550
f 7567 7566 7590
f 7549 7553 7555
f 7597 7595 7557
f 7559 7586 7595
f 7527 7553 7549
f 7281 7587 7551
f 7601 7599 7600
f 7606 7607 7604
f 7607 7606 7608
f 7603 7610 7612
f 7612 7605 7604
f 7606 7604 7608
f 7608 7604 7605
f 7602 7612 7604
f 7611 7610 7609
f 7605 7612 7611
f 7605 7607 7608
f 7612 7610 7611
f 7279 7613 7280
f 7614 7615 7616
f 7617 7618 7619
f 7617 7620 7618
f 7621 7622 7623
f 7624 7617 7622
f 7625 7626 7271
f 7627 7628 7370
f 7629 7630 7551
f 7629 7552 7631
f 7374 7371 7375
f 7630 7632 7282
f 7553 7554 7555
f 7381 7376 7633
f 7380 7634 7635
f 7384 7383 7636
f 7634 7386 7387
f 7637 7383 7638
f 7639 7640 7641
f 7640 7253 7642
f 7643 7635 7644
f 7646 7647 7648
f 7649 7650 7651
f 7652 7653 7645
f 7654 7655 7656
f 7657 7658 7659
f 7660 7661 7662
f 7663 7664 7665
f 7666 7657 7659
f 7667 7668 7669
f 7667 7669 7670
f 7671 7672 7656
f 7673 7674 7675
f 7676 7677 7678
f 7679 7680 7681
f 7682 7683 7684
f 7685 7686 7687
f 7688 7689 7690
f 7691 7685 7687
f 7692 7693 7694
f 7695 7696 7670
f 7688 7697 7689
f 7689 7697 7698
f 7699 7700 7701
f 7702 7703 7704
f 7705 7706 7707
f 7691 7687 7708
f 7393 7709 7695
f 7710 7711 7712
f 7713 7714 7715
f 7716 7717 7718
f 7719 7691 7708
f 7720 7721 7722
f 7723 7724 7725
f 7726 7727 7728
f 7729 7730 7731
f 7718 7732 7733
f 7734 7735 7736
f 7737 7738 7739
f 7738 7740 7741
f 7742 7743 7744
f 7745 7746 7747
f 7748 7732 7749
f 7062 7742 7744
f 7750 7728 7727
f 7751 7752 7753
f 7754 7062 7755
f 7756 7731 7757
f 7749 7758 7759
f 7760 7288 7289
f 7762 7763 7745
f 7764 7765 7766
f 7767 7063 7768
f 7769 7770 7771
f 7738 7772 7773
f 7750 7774 7728
f 7775 7776 7777
f 7778 7779 7780
f 7781 7782 7783
f 7784 7773 7785
f 7786 7759 7787
f 7788 7789 7790
f 7791 7402 7792
f 7793 7794 7795
f 7793 7796 7797
f 7798 7799 7800
f 7792 7801 7791
f 7802 7803 7804
f 7805 7806 7807
f 7808 7806 7805
f 7809 7810 7811
f 7811 7812 7809
f 7811 7813 7812
f 7812 7813 7810
f 7814 7815 7816
f 7798 7817 7818
f 7806 7819 7820
f 7602 7811 7603
f 7808 7821 7819
f 7822 7823 7824
f 7825 7826 7813
f 7562 7827 7828
f 7829 7830 7831
f 7825 7832 7833
f 7834 7835 7836
f 7837 7838 7839
f 7604 7840 7602
f 7405 7839 7841
f 7842 7843 7844
f 7562 7845 7827
f 7605 7846 7847
f 7848 7849 7850
f 7851 7852 7853
f 7825 7854 7855
f 7856 7857 7858
f 7859 7860 7861
f 7862 7863 7856
f 7864 7865 7866
f 7867 7868 7869
f 7698 7837 7870
f 7871 7872 7873
f 7874 7875 7876
f 7877 7854 7878
f 7857 7879 7880
f 7884 7885 7886
f 7884 7887 7885
f 7888 7889 7886
f 7877 7890 7891
f 7892 7893 7894
f 7084 7085 7895
f 7896 7897 7898
f 7089 7090 7899
f 7899 7090 7900
f 7091 7900 7090
f 7091 7901 7902
f 7903 7902 7904
f 7904 7905 7903
f 7906 7903 7905
f 7905 7907 7906
f 7804 7803 7908
f 7909 7910 7885
f 7911 7912 7913
f 7914 7897 7915
f 7911 7916 7917
f 7919 7690 7689
f 7098 7099 7920
f 7921 7892 7894
f 7920 7922 7098
f 7879 7924 7913
f 7925 7876 7926
f 7859 7861 7927
f 7093 7928 7918
f 7930 7931 7932
f 7933 7934 7565
f 7935 7936 7937
f 7909 7938 7939
f 7940 7941 7698
f 7942 7943 7876
f 7944 7945 7946
f 7947 7948 7949
f 7950 7951 7952
f 7953 7954 7937
f 7955 7956 7957
f 7958 7918 7959
f 7960 7961 7962
f 7963 7964 7965
f 7964 7681 7965
f 7966 7967 7103
f 7968 7969 7970
f 7956 7971 7972
f 7973 7974 7975
f 7950 7976 7977
f 7978 7979 7980
f 7981 7982 7983
f 7984 7985 7986
f 7985 7987 7986
f 7978 7980 7988
f 7103 7106 7989
f 7950 7977 7990
f 7991 7992 7993
f 7994 7975 7974
f 7995 7996 7997
f 7998 7999 8000
f 7420 7566 7567
f 7568 8001 8002
f 8003 8004 8005
f 8006 8007 8008
f 8009 8010 8011
f 8012 7993 8013
f 8014 8015 8016
f 8017 8018 8019
f 8020 8021 8022
f 8023 8022 8024
f 8014 7983 8017
f 7421 8027 7422
f 8028 8029 8030
f 8013 8031 8012
f 8032 8015 8033
f 8034 8035 8036
f 8037 8005 8006
f 8038 7994 8039
f 8019 8040 8041
f 8042 8043 8044
f 8045 8046 8047
f 8048 8049 8050
f 8051 8052 8053
f 8034 8039 8035
f 8054 8055 8056
f 8057 8058 8010
f 8059 8060 8061
f 8062 8063 8064
f 8032 8033 7291
f 8052 8065 8066
f 8067 8065 8052
f 8067 8059 8061
f 8068 7568 7569
f 8069 8070 8071
f 8072 8054 8073
f 8074 8075 8076
f 8010 8058 8011
f 8077 8078 8079
f 8080 8038 8081
f 8079 8082 8083
f 8084 8085 8086
f 8086 8087 8084
f 8088 8089 8090
f 8091 8092 8074
f 8093 7673 7675
f 8094 8095 8096
f 8097 8098 8099
f 8100 8101 8102
f 8103 8104 8105
f 8095 8106 8048
f 8107 8108 8109
f 8110 8111 8112
f 8113 8114 8115
f 8114 8116 8117
f 8118 8119 8120
f 8121 8039 8122
f 8123 8117 8116
f 8124 8125 8126
f 8127 8128 8129
f 8130 8123 8116
f 8081 8121 8131
f 8132 8133 8064
f 8115 8117 8134
f 8122 8111 7859
f 8135 8136 8117
f 7300 8126 7301
f 8137 8138 8139
f 8140 8141 8142
f 8143 8120 7760
f 8120 8144 8145
f 7302 8127 7303
f 8146 8147 8148
f 8149 8150 8151
f 7307 8145 8144
f 8096 8095 8152
f 8145 7288 7760
f 7700 8153 8154
f 8155 8156 8157
f 8158 8159 7673
f 7280 7613 7289
f 8160 8161 8162
f 8162 8163 8164
f 8165 8166 8167
f 7699 7572 7577
f 8168 8162 8169
f 8170 8171 8172
f 8173 8174 8175
f 8176 8131 8177
f 8178 8179 8180
f 8154 8094 8181
f 8182 8183 8184
f 8185 8186 8187
f 8180 8185 8188
f 7760 7289 8143
f 8177 8189 8190
f 8191 8192 8193
f 8194 8195 8196
f 8197 8198 8180
f 8199 8200 8201
f 8198 8200 8199
f 8202 8200 8197
f 8203 8183 8204
f 8205 8183 8203
f 8206 8207 8208
f 8209 8210 8211
f 8159 8181 8212
f 8174 8213 8175
f 8214 8215 8216
f 8212 7673 8159
f 8182 8172 8171
f 8138 8182 8184
f 8188 8217 8218
f 8175 8219 8133
f 8220 8221 8222
f 8221 8220 8223
f 8224 8225 8226
f 8227 8228 8187
f 8146 8229 8230
f 8231 8229 8232
f 8233 8234 8235
f 8236 8237 8238
f 7903 8239 8240
f 8239 7898 8240
f 7902 8240 7900
f 8240 8241 7900
f 8228 8242 8243
f 8178 8242 8228
f 8244 8245 8246
f 8247 8230 8248
f 7898 8249 8240
f 7575 8211 8250
f 8249 7898 7897
f 7897 8251 8249
f 8249 8251 8252
f 8224 8160 8191
f 8244 8064 8245
f 7445 7567 7579
f 7699 7701 7573
f 8108 8253 8254
f 8255 8256 7746
f 8257 8258 8030
f 8259 7746 8256
f 8140 8260 8011
f 8109 8254 8261
f 8262 8263 8092
f 8264 8265 8107
f 7574 7575 8250
f 8266 8131 8176
f 8267 8093 8268
f 7830 8269 7831
f 8075 8061 8060
f 7747 7746 8270
f 8150 7747 8270
f 8250 8271 7574
f 8272 8273 8274
f 8274 8275 8272
f 8160 8226 8276
f 8277 8278 8151
f 8095 8279 8152
f 7890 7894 7891
f 7999 8011 8280
f 8281 8282 8103
f 8283 8059 8284
f 8285 8286 8283
f 8069 8287 8288
f 8270 8135 8150
f 7699 8289 7700
f 8290 8291 8292
f 8290 8293 8291
f 8131 8121 8294
f 8295 8296 8297
f 8288 8296 8295
f 8298 8299 8300
f 8300 8301 8298
f 8000 8302 8303
f 8298 8304 8299
f 8271 8305 7581
f 8226 8306 8307
f 8306 8308 8307
f 8309 8310 8311
f 8312 8313 8314
f 8315 8316 7926
f 8317 8318 8319
f 8309 8320 8321
f 8115 8114 8117
f 8306 8322 8323
f 8324 8325 8326
f 7955 7926 8327
f 8276 8307 8328
f 8317 8319 8329
f 8095 8048 8279
f 8330 8331 7300
f 8110 8332 8323
f 7570 8088 8289
f 7957 7924 8333
f 8334 7569 7582
f 8335 8124 8126
f 8336 7942 7876
f 7916 7909 7885
f 7925 7955 7863
f 8337 8338 8339
f 8340 8341 8342
f 8340 8342 8339
f 8343 8340 8339
f 8344 8345 8346
f 8347 8113 8056
f 7583 8348 8349
f 8090 8049 8106
f 7884 7886 8350
f 7886 8351 8350
f 8352 8353 8354
f 8124 8335 8355
f 8128 8356 8129
f 8357 7868 8358
f 8041 8330 8359
f 7874 7925 7862
f 7863 7862 7925
f 8353 7836 8360
f 8361 8079 8078
f 7279 7301 8126
f 7856 8362 7862
f 8363 8364 8191
f 8365 8366 8352
f 7843 7842 7835
f 8367 7874 8368
f 8369 8370 8371
f 8266 8152 8372
f 8056 8055 8373
f 8374 7851 8375
f 7843 7835 7834
f 7994 8035 8039
f 8376 8013 8377
f 7821 8369 7822
f 7823 7822 8369
f 8378 8366 8379
f 8380 7994 8038
f 8379 8366 8367
f 8043 7995 8026
f 8381 8382 7822
f 7820 7822 8383
f 8384 8022 8385
f 8386 8387 8388
f 8389 7808 7805
f 8390 8001 8068
f 7790 7843 7834
f 8391 8392 8355
f 7346 7115 8393
f 8394 7806 7820
f 8395 8024 8021
f 8020 8013 8021
f 7993 8021 8013
f 8003 8396 8397
f 8379 8367 8398
f 8387 8398 8367
f 8399 8089 7584
f 8400 8012 8373
f 8401 8400 8373
f 8404 8378 8405
f 8406 7979 8407
f 8408 7993 8012
f 8386 7785 7773
f 8411 8021 7992
f 7772 8386 7773
f 8400 8412 8413
f 8414 8411 8415
f 8416 8417 8418
f 7982 8419 8017
f 8405 8420 8421
f 8422 8423 8416
f 7585 8424 7586
f 7788 7750 7727
f 7422 8027 8425
f 8017 7983 7982
f 8027 8007 8425
f 8391 7963 8392
f 7989 8426 8415
f 8412 8427 7990
f 7741 7739 7738
f 7987 7103 7989
f 7734 7741 7735
f 7788 7727 8428
f 8429 7739 8430
f 8428 7722 7721
f 7921 7969 8417
f 8432 8429 8433
f 8434 8435 8436
f 8437 8438 8410
f 8439 8440 8441
f 8433 8442 8432
f 8443 7959 7975
f 8446 7974 7973
f 7653 8433 8429
f 7979 8447 8448
f 7980 8449 7988
f 7966 7961 7960
f 8450 7985 8451
f 8452 8453 7726
f 8453 7665 7726
f 8454 8442 8455
f 8451 7976 8456
f 7653 8457 7645
f 8458 8453 8459
f 8459 8453 8460
f 8460 8453 8452
f 7771 8461 7963
f 8463 7554 7663
f 7934 8464 8465
f 8466 8463 8458
f 8467 8468 8455
f 8469 8449 7980
f 8470 7920 7980
f 8471 8465 8002
f 8472 8473 7958
f 7936 8474 8475
f 7552 7550 7631
f 7474 7549 7548
f 8473 7121 7092
f 8473 8472 7121
f 7085 7914 8476
f 8477 8478 8465
f 7921 7883 7892
f 8479 8480 8481
f 7804 7128 7802
f 7802 7128 7129
f 7802 8475 7803
f 8482 7130 7616
f 7099 7088 8483
f 8484 7904 8485
f 7905 7904 8484
f 7901 7091 8485
f 7614 8487 7626
f 8488 7883 8489
f 8478 8477 7881
f 8490 8491 8492
f 7588 8478 7589
f 8239 7903 7906
f 7899 7113 7089
f 8478 7881 7589
f 7899 8241 7113
f 7878 7854 8493
f 8494 8495 8496
f 8497 8498 8499
f 7633 8500 8498
f 7380 7379 7634
f 8501 7648 8497
f 8502 8501 7654
f 7482 7381 8503
f 8504 7486 8505
f 8502 8506 7648
f 8503 8507 7660
f 7655 8508 8509
f 7660 8507 7661
f 7840 7604 7680
f 7769 7847 7846
f 7859 8111 8510
f 8511 7654 8512
f 8513 7654 8511
f 8512 8514 8511
f 8512 7654 7656
f 7656 8511 8512
f 7656 8513 8511
f 8515 8516 7646
f 7655 8509 8517
f 8518 7651 8519
f 7666 7644 8520
f 7668 7655 8517
f 7677 8516 8515
f 8521 8522 8519
f 7655 7668 7671
f 8523 7666 7659
f 7672 7671 7692
f 8524 7706 8525
f 7891 8526 8527
f 8528 8529 8530
f 7712 7695 7709
f 8531 8532 8533
f 7717 8534 7718
f 8535 8536 8537
f 8537 8538 8535
f 7716 8539 7717
f 7712 7709 8540
f 8117 8123 8135
f 7732 8541 7749
f 7733 8542 8543
f 7744 7743 8544
f 7841 7494 7405
f 8545 8546 8547
f 7690 8548 7698
f 7816 7801 8549
f 7759 7758 8550
f 7753 8551 7395
f 7766 8552 7744
f 8186 8185 8180
f 7765 7764 8553
f 8554 7797 7796
f 7800 7799 8555
f 7603 7810 8556
f 8334 7495 8557
f 7810 7603 7811
f 7609 7610 7603
f 7815 7611 7786
f 8558 7798 8559
f 8559 7798 8552
f 7826 7794 7793
f 7817 8560 8561
f 8562 8563 8564
f 7813 7826 7793
f 8045 8062 8064
f 8527 8565 7855
f 8566 7779 7778
f 7841 7839 7838
f 7749 8567 7748
f 8568 8558 8569
f 8549 7838 7837
f 8570 7825 7833
f 7877 8527 7855
f 7877 7891 8527
f 8544 8571 7764
f 7416 7497 7498
f 8572 7731 8573
f 7599 8574 7600
f 7601 8568 7883
f 8566 8540 7751
f 8570 7840 8435
f 8551 7393 7396
f 8544 7743 8538
f 7873 8575 7601
f 8143 8576 8118
f 7730 7687 8577
f 8578 8577 7687
f 8540 7709 7752
f 8545 7705 7707
f 8579 7743 7713
f 8580 8581 7713
f 8582 7882 7883
f 8582 7883 8488
f 7870 7497 7940
f 8539 7707 7717
f 7877 7878 7890
f 8143 8118 8120
f 8252 8251 8240
f 8583 7896 8584
f 8585 7898 7906
f 8586 7896 8583
f 8587 8586 8588
f 8589 8590 8591
f 8591 8589 8592
f 8592 8593 8591
f 8535 8591 8593
f 7085 8251 7914
f 8594 8474 8595
f 7803 8596 8597
f 8597 7908 7803
f 8597 8596 8594
f 8597 8594 8598
f 7907 7905 7060
f 7883 8599 8489
f 7121 8472 7087
f 7702 7704 8593
f 7897 8600 7915
f 7122 8601 8602
f 8534 7717 8603
f 8478 7934 8465
f 7969 7921 7894
f 8604 7895 8605
f 8606 8607 8476
f 8608 8606 7915
f 8608 7915 8609
f 7937 7936 7953
f 7970 7969 7890
f 7959 7918 7928
f 8610 8436 7982
f 7947 7883 7921
f 8611 8612 7950
f 8456 7953 8613
f 8451 8456 8613
f 8613 8614 8451
f 8615 8616 8617
f 7967 7188 7103
f 8446 7973 8618
f 7659 7658 8619
f 7996 8410 8438
f 8417 7969 7968
f 8003 8397 7919
f 8620 8621 8519
f 8392 8461 7770
f 7677 8515 8622
f 8413 7984 7986
f 7503 7669 7641
f 7641 7669 8517
f 8623 7260 7465
f 8411 7989 8415
f 8427 7997 7990
f 8447 7979 8406
f 8624 8392 8397
f 8326 8625 8324
f 8130 8116 8324
f 8012 8400 8408
f 8015 8032 8626
f 7644 7634 7387
f 8627 8628 8629
f 8629 8627 8630
f 7646 8629 8630
f 8631 7481 8632
f 8392 8624 8355
f 7983 8014 8016
f 8022 8023 8385
f 8244 8046 8045
f 8053 8066 8635
f 8008 8027 8356
f 8054 8025 8055
f 8038 8080 8380
f 8502 7648 8501
f 8636 8377 8637
f 8638 8639 8640
f 8041 8359 8019
f 8125 8118 8576
f 7249 7640 8641
f 8642 8355 8624
f 7507 8505 7487
f 8638 8643 8644
f 8643 8638 8077
f 8638 8645 8077
f 8646 7291 8033
f 8647 8356 8128
f 8498 8497 8648
f 8500 8499 8498
f 8113 8073 8054
f 8347 8649 8114
f 8650 8651 8652
f 8651 8653 8654
f 8655 7271 8641
f 8651 8079 8098
f 8079 8083 8098
f 7628 8500 7633
f 7296 8646 8656
f 8330 7348 8102
f 8496 8495 8657
f 8289 8088 8090
f 7371 7512 7375
f 7624 8658 8497
f 8659 8625 8326
f 7269 7626 7270
f 8660 7623 7616
f 8134 8308 8115
f 8134 8117 8136
f 8661 8322 8225
f 7614 8479 8481
f 7193 7133 8480
f 8225 8322 8226
f 8661 8510 8111
f 8294 8122 7859
f 7310 8144 8662
f 8136 7746 8663
f 8224 8226 8160
f 8149 8151 8664
f 8661 8225 8665
f 8152 8266 8666
f 8259 7829 7831
f 8510 8661 7860
f 7747 7762 7745
f 7301 7279 7347
f 8667 7632 7630
f 8668 8168 8669
f 8165 8256 8668
f 8228 8179 8178
f 8228 8670 8187
f 7701 8154 8671
f 8672 8178 8180
f 8192 8162 8668
f 8673 8467 7632
f 8177 7927 8189
f 8212 8206 8674
f 8455 8675 8467
f 8200 8676 8677
f 8678 8677 8676
f 7664 7663 8679
f 8182 8680 8183
f 8205 8203 8681
f 8209 7575 7576
f 8682 8220 8683
f 8215 8682 8683
f 8610 8493 8434
f 8209 8211 7575
f 8684 8682 8685
f 7300 8331 8126
f 8208 8104 8674
f 8210 8267 8211
f 8139 8138 8184
f 8686 8687 8172
f 8199 8688 8198
f 8324 8116 8098
f 8245 8689 8246
f 8690 8691 8070
f 8257 8104 8258
f 8692 8232 8146
f 8236 8223 8693
f 8693 8223 8147
f 8238 8235 8234
f 7653 8429 8457
f 8133 8245 8064
f 7673 8093 8158
f 8694 8693 8230
f 8695 8696 8137
f 8141 8140 8058
f 8105 8141 8058
f 8697 8244 8246
f 7726 7665 7727
f 8258 8103 8028
f 8132 8064 8698
f 8699 8061 8092
f 8700 7726 7728
f 8701 8132 8698
f 8046 8697 8696
f 8074 8092 8075
f 8103 8105 8281
f 8700 8420 8432
f 8066 8702 8635
f 8071 8703 8091
f 8066 8053 8052
f 8704 8267 8268
f 8046 8690 8705
f 8274 8052 8051
f 8706 8059 8274
f 8273 8706 8274
f 8047 8062 8045
f 8698 7999 8280
f 7781 7736 7735
f 8707 8708 8268
f 8000 8698 8063
f 8704 8268 8708
f 8709 8286 8285
f 7720 7586 8424
f 7781 7735 7784
f 8290 8710 8711
f 8712 8711 8299
f 8712 8299 8304
f 7972 7971 8713
f 8714 8387 7772
f 8038 8039 8121
f 8268 8093 7675
f 7782 7807 8715
f 8319 8282 8716
f 8305 8708 8348
f 8716 8009 8717
f 8303 8354 8718
f 7956 7955 8327
f 7943 8315 7926
f 8716 8719 8319
f 8720 8721 7913
f 7845 8722 8723
f 8724 8317 7866
f 7913 8721 7911
f 7916 7911 8721
f 7885 7917 7916
f 7917 7912 7911
f 8717 8354 8353
f 7295 7291 8646
f 7917 8357 7912
f 7887 7884 7869
f 8362 8725 8726
f 8727 7851 8728
f 7842 8729 7835
f 7856 7863 8730
f 8731 8732 8733
f 7852 8734 8358
f 8735 8191 8193
f 8736 8732 7849
f 7851 8734 7852
f 7849 8737 8738
f 7867 8736 7848
f 7853 7867 7848
f 8362 8368 7862
f 8737 7849 8739
f 8371 8370 8740
f 8349 7593 7583
f 8366 8365 8367
f 8358 7868 7853
f 7821 8375 7851
f 7823 8369 8741
f 7458 7561 7521
f 7866 7844 7864
f 7865 7864 7844
f 8742 7865 7844
f 7866 7865 8742
f 7867 7869 8732
f 8388 8362 8386
f 8719 7842 8329
f 8743 7820 8744
f 8745 7820 8743
f 8394 8745 8746
f 8394 8746 8403
f 7887 8357 7885
f 8126 8331 8335
f 7885 8344 8346
f 8354 7942 8336
f 7464 7523 8747
f 7726 8700 8452
f 8323 8072 8748
f 8749 8750 8751
f 8752 8751 8750
f 8303 8302 7942
f 8753 8442 8452
f 7596 7722 7557
f 8327 8316 7971
f 7468 7464 8747
f 8458 8442 8454
f 8183 8680 8754
f 8468 8454 8455
f 7632 8467 8462
f 8302 8063 8062
f 8079 8651 8650
f 8706 8755 8284
f 8059 8706 8284
f 8480 7192 7124
f 7130 7193 8479
f 7617 7623 7622
f 7618 8756 7135
f 7627 7618 7620
f 8060 8059 8283
f 7626 7269 7271
f 8757 7624 8499
f 7373 7370 7628
f 8497 8658 8758
f 8069 8759 8070
f 8657 8760 7621
f 8061 8761 8067
f 8762 8763 8083
f 8641 7639 8655
f 8764 8087 8086
f 8244 8697 8046
f 7383 7380 7635
f 7636 7383 8765
f 8507 7381 8766
f 7641 8767 7639
f 8768 8233 8691
f 7486 8520 7387
f 8769 8770 8037
f 8771 8254 8772
f 8262 8773 8263
f 8506 7654 8513
f 8629 7646 7661
f 7661 8627 8629
f 8627 7661 8630
f 8110 8044 8332
f 8772 8247 8774
f 8775 8108 8230
f 8622 7648 8506
f 8246 8687 8696
f 8258 8104 8103
f 8262 8693 8773
f 7503 7642 7254
f 8522 8776 8519
f 8522 8521 8777
f 8778 8525 7662
f 8778 8516 7677
f 7658 7685 8619
f 8778 8524 8525
f 7659 8619 8780
f 7677 8603 8524
f 8236 8221 8223
f 8781 8523 8780
f 8782 7683 7682
f 7711 8783 7668
f 7692 7668 8783
f 8784 8785 7682
f 8172 8687 8170
f 7695 7390 7393
f 7704 7703 8786
f 8787 7682 8788
f 8786 7703 8789
f 8791 7704 8790
f 7676 7693 8534
f 8792 8579 7713
f 8541 7718 7693
f 8536 8793 8533
f 8208 8207 8105
f 7690 8794 8548
f 8222 8683 8220
f 7719 7708 7729
f 8578 7687 8573
f 8573 8577 8578
f 8573 7730 8577
f 8538 8537 8544
f 8543 8546 8539
f 8201 8795 8683
f 8550 8796 8797
f 8798 8799 8800
f 8547 8572 8573
f 8571 7729 7756
f 8801 8546 8543
f 8193 8680 8182
f 7756 7729 7731
f 7752 8551 7753
f 8547 8801 8802
f 8801 8542 8554
f 8653 8114 8649
f 8800 8080 8081
f 8190 8189 8173
f 7764 7756 8553
f 8803 8804 7755
f 8567 8556 7748
f 7777 8805 8803
f 7526 7579 7429
f 8806 7701 8210
f 8688 8199 8203
f 8192 8754 8193
f 8206 8212 8807
f 7801 7779 7791
f 8556 7810 8554
f 8754 8192 8668
f 7611 7609 7786
f 8806 7573 7701
f 7816 7815 7786
f 7838 7801 7792
f 8186 8227 8187
f 8180 8179 8186
f 8191 8162 8192
f 8808 8665 8363
f 7434 7445 7579
f 8364 8224 8191
f 8549 7801 7838
f 8527 8809 8565
f 8810 7674 8030
f 8558 8811 8569
f 8812 8813 8814
f 8162 8164 8169
f 7763 8155 8178
f 8089 8049 8090
f 8815 8813 8530
f 7701 7700 8154
f 8157 8156 8816
f 8530 8558 8568
f 7846 7605 7814
f 7825 7855 7826
f 8817 8568 7600
f 8259 7831 8818
f 8259 8818 8819
f 8819 8663 8259
f 8794 8820 8549
f 8795 8200 8677
f 7600 8821 8822
f 7870 7837 7839
f 7747 8150 7762
f 8131 8294 7927
f 8823 8824 7607
f 8823 8825 8824
f 8824 8825 7847
f 8151 8150 8277
f 8328 8134 8136
f 7499 7498 7497
f 7883 7871 7601
f 8095 8094 8153
f 7303 8127 7454
f 7308 8662 8127
f 8150 8826 8827
f 7891 7894 8828
f 7894 7893 8828
f 7279 8125 7613
f 8829 8827 8826
f 8129 7454 8127
f 8143 7613 8576
f 7847 7769 7771
f 8490 7881 8477
f 8090 8106 8095
f 7577 8289 7699
f 7878 8493 8610
f 8226 8322 8306
f 7571 8806 8209
f 7298 8100 7348
f 8474 8594 8475
f 7060 7204 8830
f 7204 7060 7059
f 8690 8070 8759
f 8602 8831 7123
f 8831 7204 7123
f 7122 8602 8832
f 8472 8483 7087
f 7802 7129 8833
f 8834 8475 7802
f 8833 8835 7802
f 8833 7129 7205
f 7565 7934 7588
f 8836 8837 8610
f 8838 8130 8324
f 8839 7101 7207
f 7883 7947 7949
f 7949 8599 7883
f 8840 7465 7411
f 7342 8330 7300
f 7565 7922 7933
f 8448 7933 7922
f 7928 7093 7932
f 8609 7915 8841
f 7922 8470 8448
f 7958 8473 7918
f 8841 8842 8609
f 8842 8841 8843
f 8611 8841 8844
f 8611 8844 8612
f 8612 8844 8845
f 7952 7951 8846
f 8847 8618 7929
f 8605 8618 8847
f 7946 8605 8848
f 8324 8097 8325
f 7958 8449 8469
f 8616 8849 8843
f 7959 8449 7958
f 7296 8656 8101
f 7415 8425 7940
f 7979 8448 8470
f 8004 7689 8850
f 7681 8419 7679
f 8851 8615 7997
f 7988 8449 8443
f 8852 7933 8447
f 7106 7105 7116
f 8113 8748 8073
f 8003 7919 8004
f 8118 8642 8853
f 8007 7941 8425
f 8002 8464 8852
f 8036 8039 8034
f 8079 8650 8077
f 8412 7977 8413
f 8199 8681 8203
f 8649 8643 8654
f 7991 7989 8411
f 8392 7963 8461
f 7986 8408 8400
f 8391 8018 7964
f 7346 8854 8416
f 8645 8638 8078
f 8638 8644 8377
f 8112 8042 8044
f 8557 8068 8334
f 7974 8409 8035
f 8411 8855 8021
f 7513 8356 7421
f 8393 8854 7346
f 8853 8396 8037
f 8068 8557 8390
f 8050 8856 8799
f 8359 8857 8017
f 8001 7568 8068
f 8396 8005 8037
f 8406 8407 8049
f 8355 8040 8391
f 7421 8356 8027
f 8042 8035 8409
f 8858 7291 7968
f 8040 8019 8018
f 8014 8017 8857
f 7359 8418 7344
f 8380 8080 8799
f 8025 8054 8026
f 8377 8020 8637
f 8020 8639 8637
f 8035 8042 8036
f 8859 8033 8015
f 8072 8043 8026
f 8373 8055 8401
f 8376 8644 8860
f 8033 8859 8656
f 8078 8861 8361
f 8862 8361 8861
f 7994 8380 7975
f 8334 8068 7569
f 8044 8043 8332
f 8406 8089 8399
f 7344 8863 7291
f 8050 7988 8856
f 8853 8770 8119
f 8656 8859 8101
f 8769 8037 8647
f 8557 7534 8864
f 8048 8798 8279
f 8099 8098 8083
f 8118 8125 8642
f 8399 8447 8406
f 8798 8372 8279
f 7974 8446 8409
f 8005 8004 8006
f 8129 7513 7454
f 8415 8865 8866
f 7260 8623 8864
f 8623 8390 8864
f 8416 8423 8867
f 7298 8101 8100
f 8306 8113 8308
f 7106 7116 8868
f 8196 8195 8869
f 8838 8625 8130
f 8563 8130 8625
f 8625 8564 8563
f 8576 7613 8125
f 7770 8397 8392
f 8563 8562 8870
f 8419 7681 7964
f 7279 8126 8125
f 7584 8089 8088
f 7982 7679 8419
f 8852 8447 8399
f 8871 8662 8144
f 8279 8372 8152
f 7981 8836 7982
f 8153 7700 8090
f 8307 8308 8328
f 8626 8837 7981
f 8150 8827 8277
f 8663 8328 8136
f 7103 7191 7106
f 7289 7613 8143
f 7302 7308 8127
f 8663 8872 8328
f 7927 8294 7859
f 8276 8872 8873
f 8872 8663 8819
f 8160 8276 8161
f 8665 8225 8224
f 8510 7860 7859
f 8874 7830 7829
f 7307 7323 8145
f 7445 7420 7567
f 8438 8875 8876
f 7945 8875 8438
f 7946 7945 8438
f 8154 8153 8094
f 8877 8874 8165
f 8464 8002 8465
f 7328 7303 7437
f 8850 7698 7941
f 7323 7288 8145
f 7929 8618 7931
f 8157 8878 8242
f 7745 7763 8672
f 8835 7205 8839
f 7893 7892 8568
f 7915 8844 8841
f 8606 8476 7915
f 8665 8364 8363
f 7205 7101 8839
f 7861 8189 7927
f 7093 7930 7932
f 8465 8471 8491
f 8879 8255 8688
f 8879 8204 8256
f 8096 8807 8212
f 8483 7088 7087
f 7434 7579 7526
f 8600 7897 7896
f 8465 8491 8477
f 7936 7896 8587
f 8600 7896 7936
f 7861 8808 8213
f 8154 8181 8159
f 8808 8363 8880
f 8879 8688 8203
f 7914 8251 7897
f 8824 7847 7771
f 7898 8585 8584
f 8219 8213 8880
f 8241 8251 7113
f 8880 8213 8808
f 8190 8207 8176
f 8735 8193 8171
f 7571 8209 7576
f 8175 8213 8219
f 8735 8171 8170
f 8190 8173 8142
f 8881 8215 8214
f 7883 8882 7871
f 7680 7607 8824
f 8212 8674 8257
f 8219 8689 8245
f 8215 8883 8685
f 8682 8215 8685
f 7870 7499 7497
f 8133 8219 8245
f 8220 8682 8223
f 8823 8884 8825
f 8825 8823 7607
f 7607 7847 8825
f 8885 8140 8142
f 8886 8175 8133
f 8887 8221 8238
f 8223 8682 8147
f 8772 8775 8247
f 8775 8230 8247
f 8880 8689 8219
f 7891 8828 8526
f 8570 7833 7840
f 8107 8109 8261
f 8694 8107 8263
f 8085 8084 8888
f 8696 8690 8046
f 8794 7846 8820
f 8071 8091 8074
f 8086 8635 8764
f 8702 8889 8635
f 8635 8889 8764
f 8281 8058 8057
f 8071 8074 8076
f 8071 8076 8890
f 8286 8076 8060
f 8569 8811 8828
f 8287 8071 8890
f 8530 8813 8558
f 8527 8526 8809
f 8296 8287 8890
f 8891 8892 8705
f 8017 8019 8359
f 8268 7675 8707
f 8000 7999 8698
f 8283 8284 8893
f 8890 8286 8709
f 8891 8894 8713
f 7675 8810 8707
f 8057 8716 8282
f 8285 8297 8709
f 8895 8526 8811
f 8712 8297 8285
f 7814 7816 8820
f 7612 7602 7603
f 8295 7972 8288
f 8009 8896 8718
f 8297 8751 8752
f 8029 8318 8317
f 8303 7998 8000
f 8304 8749 8712
f 8312 8749 8304
f 8312 8304 8313
f 8897 8295 8898
f 7926 8316 8327
f 8752 8897 8898
f 8303 8718 8896
f 7972 7924 7956
f 8752 7916 8721
f 7810 7813 7797
f 7816 7780 7801
f 7938 7916 8750
f 8717 8729 8716
f 8719 8329 8319
f 7909 7939 8338
f 8729 8717 8360
f 7799 8899 8555
f 7816 7787 7780
f 7885 7910 8344
f 8900 7910 8345
f 8345 8344 8900
f 8089 8406 8049
f 8895 8901 8553
f 7842 8719 8729
f 8350 8351 8732
f 8902 8732 8351
f 7845 8723 7827
f 8903 7869 7884
f 8742 8904 8905
f 7869 8350 8732
f 8906 8907 8732
f 8553 8901 7765
f 7791 7779 7753
f 7777 8552 7800
f 8904 7827 8723
f 8732 8731 8908
f 7867 8732 8736
f 8909 8801 7796
f 7874 8365 7875
f 7765 8552 7766
f 8802 8801 8909
f 8368 7874 7862
f 7850 8738 8910
f 7756 7757 8553
f 7796 8801 8554
f 8352 8366 8911
f 7751 7753 7779
f 8912 8554 8542
f 7845 7562 8349
f 7848 7850 8370
f 7062 7744 7755
f 8913 8914 8742
f 7848 8370 8369
f 8362 7858 8725
f 8863 7344 8418
f 7561 7458 7594
f 7764 7766 8544
f 8375 8389 8725
f 8725 8389 8726
f 7822 8382 8383
f 7808 7819 7806
f 8915 8745 8916
f 7774 7790 7834
f 7785 8386 8726
f 7733 8543 7716
f 8378 8379 8405
f 7807 7785 7805
f 7733 7716 7718
f 8551 7752 7709
f 7729 8571 7719
f 7789 8913 7790
f 7523 7521 7561
f 8683 8795 8215
f 8387 8386 7772
f 7784 7785 7782
f 8405 8421 8404
f 7788 7790 7750
f 8918 8919 8920
f 8533 8537 8536
f 8920 8922 8535
f 8714 7772 7738
f 7730 7708 7687
f 8581 7714 7713
f 8405 8398 8420
f 7774 8421 7728
f 7703 7691 7719
f 8538 8579 8592
f 7523 7561 8747
f 8747 7561 7560
f 7711 7696 7712
f 8006 8008 8647
f 8592 8781 7702
f 7691 7703 8619
f 7739 8429 7737
f 7684 8781 8792
f 8429 8432 7737
f 7693 7676 7694
f 8534 8603 7676
f 8753 8452 8700
f 7667 7670 7696
f 8442 8753 8432
f 7595 7586 7596
f 7665 7722 8428
f 8429 8430 8457
f 8458 8452 8442
f 8924 8925 7686
f 7686 7685 8924
f 8453 7663 7665
f 8925 7662 8525
f 7671 7656 7655
f 8675 8455 7653
f 8453 8463 7663
f 7557 7664 7558
f 8466 8458 8468
f 7662 7661 8516
f 8631 8924 7685
f 7666 8523 7644
f 7657 7666 8520
f 8468 8673 8466
f 8521 8519 7651
f 8926 8518 8927
f 7554 7631 7555
f 8928 7651 8518
f 7470 7598 7527
f 7629 7631 8673
f 7661 7646 8516
f 8418 7968 8863
f 8520 7644 7387
f 8632 8503 8924
f 7537 7592 7367
f 7650 7643 7651
f 7193 7134 7133
f 7661 8507 8630
f 7617 7619 8486
f 7615 8660 7616
f 7624 7620 7617
f 8502 7654 8506
f 7627 7136 8756
f 7627 7370 7136
f 8757 7628 7627
f 8509 8767 7641
f 7638 7635 7643
f 8494 8496 8929
f 8505 7481 8504
f 8658 7622 8758
f 7638 7383 7635
f 8494 8929 8655
f 8499 7624 8497
f 7271 8655 7625
f 7529 7374 7375
f 7482 8632 7481
f 8767 8494 8655
f 8498 7647 8630
f 7378 7478 7379
f 7381 7633 8766
f 8495 8494 8930
f 8418 7359 7346
f 8766 7633 8498
f 7640 7249 7253
f 8767 8655 7639
f 7271 7249 8641
f 7637 7638 8633
f 8497 8758 8501
f 7480 7479 7478
f 7635 7634 7644
f 8504 7657 7486
f 8931 7643 7650
f 7642 7253 7254
f 7376 7373 7633
f 7654 8932 8508
f 8520 7486 7657
f 8933 7651 8934
f 7503 7641 7642
f 8521 7651 7644
f 7268 7260 8864
f 8935 7660 7662
f 8205 8184 8183
f 8519 8936 8937
f 7615 8929 8496
f 7627 7620 8757
f 7678 8513 7694
f 8046 8705 8047
f 8777 8779 8522
f 8524 8778 7677
f 8781 8777 8523
f 7623 7617 8486
f 7684 8777 8781
f 8925 8525 7706
f 7623 8482 7616
f 8479 7616 7130
f 7711 7667 7696
f 7540 8481 8480
f 7692 7694 7672
f 7686 8938 7687
f 7390 7695 7670
f 8792 8939 7684
f 8939 7682 7684
f 7706 8524 7707
f 8939 8788 7682
f 8792 8781 8579
f 8579 8781 8592
f 8938 7706 7705
f 8018 8391 8040
f 7717 7707 8524
f 7537 7474 7548
f 7693 7692 8541
f 8923 8593 8940
f 8921 8593 8923
f 8535 8593 8921
f 8533 7703 7719
f 7692 8783 8796
f 7743 8579 8538
f 7709 7393 8551
f 8539 7716 8543
f 8571 8544 7719
f 8540 8566 7710
f 8545 8547 8573
f 7219 8941 7742
f 7749 8541 7758
f 7429 7443 7526
f 8667 8673 7632
f 7733 7732 7748
f 8801 8543 8542
f 8566 8550 8797
f 8942 8547 8802
f 7554 8463 8466
f 7778 7759 8550
f 8912 7748 8556
f 8462 8675 7652
f 8559 8552 7765
f 7558 7664 8679
f 8943 8944 7757
f 7786 7609 7759
f 7793 7795 8909
f 7780 7779 7801
f 7816 7786 7787
f 8565 8944 7794
f 8895 8944 8809
f 8945 8946 7799
f 8809 8526 8895
f 7817 8561 7818
f 7798 8558 7817
f 7560 7595 8747
f 8558 8813 7817
f 8813 8812 8947
f 7846 8794 7769
f 7814 7605 7815
f 8820 7846 7814
f 8828 8811 8526
f 8430 7741 8431
f 8948 8530 8817
f 7877 7855 7854
f 7586 7720 7596
f 7499 7839 7405
f 7591 8852 7584
f 7893 8568 8828
f 8493 7854 7825
f 7870 7839 7499
f 8172 8138 8686
f 7698 8548 7837
f 7789 7788 7721
f 7559 7562 7585
f 7408 7407 8492
f 8251 7081 7113
f 8949 7411 7408
f 7750 7790 7774
f 8424 7828 7721
f 8586 8587 7896
f 7919 7769 7690
f 7585 7562 8424
f 7690 7698 7697
f 7688 7690 7697
f 7185 8485 7091
f 8484 8485 7185
f 8484 7185 7060
f 8436 8435 7679
f 7940 7497 7415
f 8478 7588 7934
f 7063 7122 7079
f 7092 7918 8473
f 7922 7920 8470
f 8950 7936 8475
f 7774 7834 8404
f 8605 7895 8848
f 8876 8607 8851
f 8623 7465 8840
f 8951 7947 7921
f 8378 8404 7834
f 8451 8952 8450
f 7950 8615 8617
f 8394 7820 8745
f 7985 8450 7961
f 7961 7966 7103
f 7941 7940 8425
f 7975 7959 7973
f 8367 8388 8387
f 8007 8850 7941
f 8464 7934 8852
f 8470 7980 7979
f 7790 8913 7843
f 8425 7415 7422
f 8626 7981 8016
f 7106 8868 8426
f 7989 7106 8426
f 7975 8380 8443
f 8362 8388 8368
f 8006 8004 8007
f 8369 8371 8741
f 8415 8866 8414
f 7991 8411 7992
f 8417 7968 8418
f 7858 8374 8725
f 8401 8412 8400
f 7993 7992 8021
f 7827 8904 8914
f 7849 8738 7850
f 8395 8023 8024
f 8904 8742 8914
f 8373 8012 8031
f 7115 7218 8393
f 8799 8856 8380
f 8020 8384 8385
f 8624 8397 8853
f 8360 7836 7835
f 8365 8352 7875
f 8373 8031 8860
f 8031 8013 8376
f 7880 8358 8734
f 8015 8014 8859
f 8031 8376 8860
f 8358 7912 8357
f 7880 7912 8358
f 8644 8376 8377
f 8853 8642 8624
f 8905 7866 8742
f 8072 8026 8054
f 8640 8078 8638
f 8861 8078 8640
f 8647 8037 8006
f 8102 8859 8014
f 7584 8088 7570
f 8056 8860 8347
f 8102 8857 8359
f 8041 8040 8331
f 8723 8953 8904
f 8054 8056 8113
f 8652 8654 8643
f 8770 8853 8037
f 8333 8730 7957
f 7863 7957 8730
f 8656 8646 8033
f 8355 8642 8124
f 8330 8102 8359
f 8345 8341 8340
f 8859 8102 8101
f 7912 7879 7913
f 8337 8339 8341
f 8337 7910 8338
f 7866 8317 8329
f 7268 7534 7427
f 8081 8038 8121
f 8323 8748 8306
f 7570 8289 7577
f 8111 8122 8112
f 7924 8720 7913
f 8905 8953 8724
f 7412 7418 7564
f 8661 8111 8110
f 8897 8752 8721
f 8123 8130 8135
f 8563 8870 8954
f 7972 8897 7924
f 8029 8317 8724
f 8826 8135 8130
f 8826 8563 8829
f 8871 8127 8662
f 8308 8134 8328
f 8897 7972 8295
f 8751 8712 8749
f 7303 7454 7450
f 8898 8297 8752
f 8270 7746 8136
f 7760 8120 8145
f 8662 7308 7310
f 8315 8955 8316
f 8276 8328 8872
f 8149 7762 8150
f 8713 8288 7972
f 8139 8887 8234
f 8873 8956 8276
f 8318 8282 8319
f 8957 8711 8301
f 7307 8144 7310
f 8958 8161 8276
f 8000 8063 8302
f 7745 8255 7746
f 8167 8877 8165
f 8047 8892 8955
f 8666 8266 8176
f 8131 7927 8177
f 8255 7745 8672
f 8672 7763 8178
f 8228 8243 8670
f 8285 8283 8893
f 8255 8879 8256
f 8959 8292 8960
f 8284 8960 8292
f 8292 8893 8284
f 8162 8168 8668
f 8096 8181 8094
f 8754 8668 8204
f 8672 8180 8198
f 7571 7573 8806
f 8180 8188 8197
f 8894 8891 8705
f 8218 8197 8188
f 8363 8191 8735
f 8198 8197 8200
f 8202 8197 8218
f 8271 8250 8704
f 8690 8759 8894
f 8069 8071 8287
f 8810 7675 7674
f 8002 7591 7568
f 8795 8201 8200
f 8698 8064 8063
f 8681 8201 8683
f 8210 8671 8158
f 8671 8159 8158
f 7997 8427 7995
f 8881 8961 8883
f 8761 8061 8962
f 8142 8173 8885
f 8280 8701 8698
f 8205 8887 8184
f 8205 8222 8887
f 8258 8028 8030
f 8887 8222 8221
f 8184 8887 8139
f 8689 8170 8687
f 8687 8246 8689
f 8257 8674 8104
f 8148 8147 8963
f 8691 8703 8070
f 8690 8695 8691
f 8699 8263 8107
f 8230 8693 8146
f 8233 8139 8234
f 8703 8691 8233
f 7674 8257 8030
f 8248 8229 8247
f 8229 8231 8247
f 8234 8887 8238
f 8768 8695 8137
f 8254 8253 8772
f 7673 8257 7674
f 8233 8235 8703
f 8703 8235 8091
f 8262 8091 8235
f 8253 8108 8775
f 8852 7591 8002
f 8133 8132 8701
f 8133 8701 8886
f 8885 8886 8260
f 8011 8058 8140
f 8260 8140 8885
f 8236 8693 8262
f 8262 8237 8236
f 8027 8008 8007
f 8064 8244 8045
f 8070 8703 8071
f 8267 8210 8093
f 8260 8701 8280
f 8146 8232 8229
f 8061 8075 8092
f 8147 8146 8693
f 8058 8281 8105
f 8238 8221 8236
f 8885 8173 8886
f 8076 8075 8060
f 8138 8137 8686
f 8274 8059 8052
f 8684 8963 8147
f 8894 8759 8069
f 8105 8207 8141
f 8283 8286 8060
f 8175 8886 8173
f 8305 8271 8704
f 8147 8682 8684
f 8810 8030 8964
f 8062 8047 8955
f 8207 8190 8141
f 8057 8282 8281
f 8011 7999 8896
f 8205 8681 8222
f 8683 8222 8681
f 8299 8711 8957
f 8957 8301 8300
f 7545 7580 7581
f 8302 8955 8315
f 8216 8215 8196
f 8795 8196 8215
f 8170 8689 8735
f 8409 8437 8410
f 8171 8193 8182
f 8314 8313 8310
f 8174 8173 8189
f 7998 8303 8896
f 8681 8199 8201
f 8964 8029 8724
f 8309 8321 8314
f 8399 7584 8852
f 8195 8677 8678
f 8750 8749 8965
f 8206 8176 8207
f 8752 8750 7916
f 8718 8717 8009
f 7938 8750 8965
f 8897 8721 8720
f 8676 8200 8202
f 8174 7861 8213
f 8190 8176 8177
f 8953 8723 8722
f 8174 8189 7861
f 7701 8671 8210
f 8204 8183 8754
f 8333 7924 7879
f 7910 8341 8345
f 8218 8217 8966
f 8206 8666 8176
f 7885 8346 7886
f 7925 7874 7876
f 8333 7879 7857
f 7879 7912 7880
f 8353 8360 8717
f 7857 8730 8333
f 7861 7860 8808
f 7563 7458 7522
f 8732 8908 8967
f 7849 8732 8967
f 8329 7842 7844
f 8669 8165 8668
f 8362 7856 7858
f 7853 7848 8728
f 8736 7849 7848
f 8096 8152 8807
f 7829 8256 8165
f 8178 8155 8157
f 8666 8206 8152
f 8374 8375 8725
f 8256 7829 8259
f 8911 8378 7836
f 8665 8224 8364
f 7572 7699 7573
f 8378 7834 7836
f 7821 8727 8369
f 7789 8914 8913
f 8381 7822 7824
f 8259 8663 7746
f 8626 8016 8015
f 8155 7763 7762
f 7828 7827 8914
f 8276 8956 8958
f 8383 8744 7820
f 8391 7964 7963
f 8743 8968 8916
f 8746 8969 8917
f 8715 7807 7806
f 7562 7828 8424
f 8715 8394 8402
f 7782 7785 7807
f 7828 7789 7721
f 8404 8421 7774
f 8226 8307 8276
f 7582 7566 7420
f 8428 7721 7788
f 7735 7741 7740
f 8120 8769 8144
f 8871 8144 8769
f 8266 8372 8800
f 7734 8431 7741
f 8661 8110 8322
f 8800 8081 8266
f 7596 7720 7722
f 8322 8110 8323
f 7342 7348 8330
f 8113 8306 8748
f 7665 7664 7722
f 8646 7296 7295
f 7348 8100 8102
f 8651 8098 8116
f 7468 8747 8970
f 8459 8460 8458
f 8460 8452 8458
f 8098 8097 8324
f 7557 7722 7664
f 8128 8871 8647
f 8114 8651 8116
f 8044 8110 8112
f 8372 8798 8800
f 8114 8113 8347
f 8112 8122 8036
f 8463 8453 8458
f 7970 8626 8858
f 8118 8853 8119
f 8332 8072 8323
f 7556 8679 7554
f 8122 8039 8036
f 7554 8466 7631
f 7470 8970 7598
f 8083 8082 8762
f 8124 8642 8125
f 8654 8652 8651
f 7629 8673 8667
f 8860 8649 8347
f 8331 8040 8335
f 8082 8079 8361
f 8106 8049 8048
f 8643 8077 8650
f 8649 8644 8643
f 7193 8480 8479
f 8487 7540 7270
f 7540 8487 8481
f 8860 8644 8649
f 7626 8929 7614
f 8008 8356 8647
f 8496 8971 7615
f 8971 8660 7615
f 8971 8972 8660
f 8496 8660 8972
f 8757 7620 7624
f 8014 8857 8102
f 8657 8660 8496
f 8040 8355 8335
f 8390 8557 8864
f 8638 8377 8639
f 7373 7628 7633
f 8639 8385 8640
f 8500 7628 8757
f 8500 8757 8499
f 7291 8858 8032
f 8495 8760 8657
f 8767 8930 8494
f 8400 8413 7986
f 8760 8495 8973
f 8853 8397 8396
f 7639 8641 7640
f 8973 8932 8760
f 8501 8760 8932
f 8765 7383 7637
f 8050 8407 7978
f 8634 8974 7637
f 8427 8401 8055
f 8396 8003 8005
f 8395 8021 8855
f 8855 8975 8395
f 8017 8419 8018
f 8508 8932 8973
f 8507 8503 7381
f 8504 7481 8631
f 7994 7974 8035
f 8410 7996 7995
f 7651 8933 7649
f 8858 8626 8032
f 8050 7978 7988
f 8549 7837 8548
f 8854 8976 8422
f 7662 8516 8778
f 8936 8519 8621
f 8620 8978 8621
f 8925 8924 7662
f 8513 7656 7672
f 8777 8521 8523
f 7669 7503 7670
f 7672 7694 8513
f 7990 7977 8412
f 7694 7676 7678
f 8777 7684 8779
f 8867 8979 8416
f 7677 7676 8603
f 7711 7668 7667
f 8416 8979 8441
f 8619 7703 8780
f 8603 7717 8524
f 7961 7103 7987
f 7985 7961 7987
f 8783 7711 7710
f 8980 8939 8792
f 8789 7703 8533
f 7713 8981 8792
f 8615 7950 7990
f 7713 7715 8981
f 8535 8538 8592
f 7692 8796 8541
f 7984 7977 7976
f 7725 8535 8921
f 8545 7687 8938
f 8437 8446 8618
f 8417 8416 7921
f 7950 7954 7976
f 8539 8546 7707
f 8982 7708 8983
f 7729 7708 8982
f 8471 8002 8001
f 8544 8537 7719
f 8541 7732 7718
f 7758 8541 8796
f 7982 8436 7679
f 7758 8796 8550
f 8618 7946 8438
f 7766 7744 8544
f 8605 7946 8618
f 7756 7764 8571
f 8608 8609 8849
f 8607 8608 8851
f 7748 8912 7733
f 7932 7973 7928
f 8840 8471 8623
f 8552 7777 7744
f 8984 7895 8604
f 8984 7923 7895
f 7929 7923 8847
f 7757 8572 8943
f 7895 8476 8875
f 8985 7205 8835
f 8475 8834 8950
f 8483 8472 8469
f 7949 8986 8599
f 8986 8987 8599
f 7770 7769 7919
f 8985 8835 8833
f 8988 7125 8989
f 8844 7915 8600
f 8840 8491 8471
f 8943 8942 7795
f 7795 8802 8909
f 8158 8093 8210
f 8028 8103 8282
f 7765 8901 8559
f 8909 7796 7793
f 7757 8895 8553
f 7565 7098 7922
f 8475 8594 7803
f 8895 7757 8944
f 7603 8567 7609
f 8837 7890 7878
f 7825 7813 7832
f 7907 8585 7906
f 7679 8435 7680
f 7896 7898 8584
f 8944 7795 7794
f 8477 8491 8490
f 7965 7681 8824
f 7940 7698 7870
f 8240 8251 8241
f 7494 7792 7402
f 7799 8946 8990
f 7818 7799 7798
f 8850 8007 8004
f 8238 8237 8235
f 8565 8809 8944
f 7832 7813 7811
f 7690 7769 8794
f 7815 7605 7611
f 7602 7832 7811
f 7826 8565 7794
f 8549 8820 7816
f 8570 8435 8434
f 7602 7840 7833
f 7990 7997 8615
f 7892 7883 8568
f 8828 8568 8569
f 7601 7600 8568
f 7607 7680 7604
f 7847 7607 7605
f 7825 8570 8434
f 8548 8794 8549
f 8493 7825 8434
f 8822 8991 8817
f 8435 7840 7680
f 8824 7681 7680
f 8822 8817 7600
f 7408 8492 8949
f 8491 8949 8492
f 8251 7085 7081
f 7098 7565 7137
f 7060 8992 7907
f 7895 7085 8476
f 8587 8474 7936
f 8840 7411 8949
f 8483 7920 7099
f 8610 8434 8436
f 7935 8600 7936
f 7878 8610 8837
f 7935 8844 8600
f 8834 7802 8835
f 8469 8472 7958
f 8876 8875 8476
f 8607 8876 8476
f 8469 7980 8483
f 8844 7935 7951
f 8846 7951 7935
f 7952 7935 7937
f 8850 7689 7698
f 7931 7973 7932
f 7933 8448 8447
f 7973 7959 7928
f 7771 7770 8461
f 8851 8608 8849
f 8849 8842 8843
f 7963 7965 7771
f 7973 7931 8618
f 7982 8836 8610
f 7954 8456 7976
f 8837 8626 7890
f 8851 8849 8615
f 7841 7838 7792
f 8811 8558 8559
f 8449 7959 8443
f 8895 8811 8559
f 8851 7996 8438
f 8438 8437 8618
f 7841 7792 7494
f 8441 8440 8951
f 8416 8441 8951
f 7793 7797 7813
f 7997 7996 8851
f 7770 7919 8397
f 7988 8443 8856
f 8993 8441 8979
f 7977 7984 8413
f 8623 8001 8390
f 8018 8419 7964
f 8856 8443 8380
f 8437 8409 8446
f 8559 8901 8895
f 7986 7987 8408
f 7993 8408 7987
f 7993 7987 7991
f 7968 7970 8858
f 7799 8994 8899
f 8422 8416 8854
f 8407 7979 7978
f 8855 8411 8414
f 8440 8995 8951
f 7983 8016 7981
f 7346 8416 8418
f 8412 8401 8427
f 7603 8556 8567
f 7780 7787 7778
f 8944 8943 7795
f 8055 8025 8427
f 8687 8137 8696
f 8042 7995 8043
f 7291 8863 7968
f 8020 8377 8013
f 8020 8385 8639
f 8640 8385 8996
f 8049 8407 8050
f 8056 8373 8860
f 7749 7609 8567
f 8112 8036 8042
f 8798 8050 8799
f 7268 8864 7534
f 7795 8942 8802
f 7759 7609 7749
f 8048 8050 8798
f 8800 8799 8080
f 8623 8471 8001
f 8072 8332 8043
f 8356 7513 8129
f 8572 7757 7731
f 8072 8073 8748
f 8330 8041 8331
f 8233 8768 8139
f 8114 8653 8651
f 8942 8572 8547
f 8871 8769 8647
f 7396 7395 8551
f 7742 7062 7219
f 7495 7534 8557
f 8119 8770 8769
f 8625 8659 8564
f 7985 7984 7976
f 7985 7976 8451
f 8308 8113 8115
f 7298 7296 8101
f 8769 8120 8119
f 8871 8128 8127
f 8826 8130 8563
f 8121 8122 8294
f 7495 8334 7420
f 8095 8153 8090
f 8951 7921 8416
f 8774 8247 8997
f 8334 7582 7420
f 8797 8796 7710
f 8266 8081 8131
f 8289 8090 7700
f 8829 8563 8998
f 8998 8563 8954
f 8136 8135 8270
f 8135 8826 8150
f 7710 7712 8540
f 7729 8982 8983
f 7730 7729 8983
f 8983 7708 7730
f 7743 8999 7713
f 8796 8783 7710
f 9000 8580 7713
f 9000 7713 8999
f 8545 8573 7687
f 8545 8938 7705
f 7762 8149 8155
f 8694 8773 8693
f 9001 8872 8819
f 9001 8819 9002
f 7829 8165 8874
f 7860 8661 8665
f 8807 8152 8206
f 8178 8157 8242
f 8242 9003 8243
f 8191 8160 8162
f 7860 8665 8808
f 8255 8672 8688
f 7691 8619 7685
f 7961 9004 7962
f 8450 9004 7961
f 8204 8668 8256
f 9005 8188 8185
f 8181 8096 8212
f 8198 8688 8672
f 8204 8879 8203
f 8852 7934 7933
f 8754 8680 8193
f 8671 8154 8159
f 8523 7659 8780
f 7919 7689 8004
f 8880 8363 8689
f 8363 8735 8689
f 8262 8235 8237
f 8795 8677 8194
f 8869 8195 8678
f 8196 8869 8216
f 8674 8206 8208
f 8209 8806 8210
f 8924 8935 7662
f 8883 8215 8881
f 8142 8141 8190
f 8172 8182 8138
f 8519 8937 8977
f 7970 7890 8626
f 7673 8212 8257
f 8509 7641 8517
f 8208 8105 8104
f 8631 8632 8924
f 8687 8686 8137
f 7658 8504 8631
f 7646 7648 8622
f 8139 8768 8137
f 8876 8851 8438
f 8211 8267 8250
f 8694 8230 8108
f 8772 8774 8771
f 7647 7646 8630
f 8508 8930 8509
f 8296 8890 8709
f 8246 8696 8697
f 8837 8836 7981
f 8092 8091 8262
f 8632 7482 8503
f 8696 8695 8690
f 8092 8263 8699
f 8630 8507 8766
f 8930 8767 8509
f 8699 8107 8265
f 7487 8505 7486
f 7647 8648 7648
f 8501 8932 7654
f 8250 8267 8704
f 8260 8280 8011
f 8498 8648 7647
f 8648 8497 7648
f 8930 8973 8495
f 8694 8108 8107
f 8505 7511 7481
f 7580 7574 8271
f 8705 8690 8894
f 8892 8047 8705
f 8286 8890 8076
f 8505 7507 7511
f 8069 8713 8894
f 8009 8057 8010
f 8892 8891 8316
f 8893 8292 8291
f 8302 8062 8955
f 8305 8704 8708
f 8028 8282 8318
f 7529 7375 7507
f 8285 8893 8712
f 8293 8712 8893
f 8293 8290 8711
f 8009 8011 8896
f 8009 8716 8057
f 8712 8293 8711
f 7999 7998 8896
f 8722 8707 8953
f 8297 8712 8751
f 7581 7580 8271
f 8295 8297 8898
f 7622 7621 8758
f 8657 7621 8660
f 8309 8314 8310
f 8972 8971 8496
f 8658 7624 7622
f 8327 7971 7956
f 8756 7136 7135
f 9006 8965 8321
f 9007 9006 8321
f 7621 7623 8660
f 7942 8354 8303
f 7614 8929 7615
f 7924 7957 7956
f 7614 7616 8479
f 7943 7926 7876
f 8719 8716 8729
f 7583 7581 8348
f 7926 7955 7925
f 8905 8724 7866
f 7367 7592 7278
f 7885 8357 7917
f 7522 7412 7563
f 7537 7548 7592
f 7844 7866 8329
f 8352 8354 8336
f 7474 7527 7549
f 8732 8902 8906
f 8349 8348 7845
f 7887 7869 7868
f 8612 7951 7950
f 8732 8907 9008
f 8617 8611 7950
f 8849 8616 8615
f 7631 7550 7555
f 7458 7563 7594
f 7853 7868 7867
f 7858 7857 8734
f 7849 8967 8739
f 8913 8742 7844
f 7851 8374 8734
f 7851 7853 8728
f 8727 8728 7848
f 8349 7562 7593
f 8970 7597 7598
f 7556 7558 8679
f 8727 7848 8369
f 8673 8468 8467
f 8367 8368 8388
f 8727 7821 7851
f 7952 7937 7954
f 7954 7950 7952
f 7824 7823 9009
f 7822 7819 7821
f 7819 7822 7820
f 8675 7653 7652
f 8746 8745 8915
f 7785 8726 7805
f 8394 8715 7806
f 8455 8442 7653
f 8398 8387 8714
f 7782 8715 7783
f 7781 7784 7782
f 8069 8288 8713
f 7720 8424 7721
f 7740 7773 7784
f 8430 8444 8457
f 7735 7740 7784
f 8444 8430 8445
f 8700 8421 8420
f 8753 8700 8432
f 8430 8431 8445
f 7739 7741 8430
f 7727 7665 8428
f 8568 8817 8530
f 7737 8432 8420
f 8442 8433 7653
f 8444 7645 8457
f 8970 8747 7595
f 7597 8970 7595
f 8679 7663 7554
f 8458 8454 8468
f 8421 8700 7728
f 8462 8467 8675
f 7738 7737 8714
f 8970 7470 7468
f 7761 7736 7781
f 7631 8466 8673
f 7773 7740 7738
f 8420 8398 7737
f 7629 8667 7630
f 7552 7629 7587
f 7551 7587 7629
f 7783 7761 7781
f 7540 8480 7124
f 7132 7193 7130
f 8481 8487 7614
f 7623 8486 8482
f 7737 8398 8714
f 8487 7270 7626
f 7618 7627 8756
f 7368 7057 7136
f 8929 7626 7625
f 8655 8929 7625
f 8379 8398 8405
f 8758 7621 8760
f 7375 7511 7507
f 8746 9010 8969
f 8760 8501 8758
f 8745 8743 8916
f 7805 8726 8389
f 8914 7789 7828
f 8766 8498 8630
f 7379 7386 7634
f 8386 8362 8726
f 7821 7808 8375
f 7637 8974 9011
f 8508 8973 8930
f 8389 8375 7808
f 8848 7895 7944
f 8847 8984 8605
f 7641 7640 7642
f 7643 8931 7638
f 8366 8378 8911
f 8260 8886 8701
f 8695 8768 8691
f 8964 8030 8029
f 7651 7643 7644
f 8503 7660 8935
f 8924 8503 8935
f 8504 7658 7657
f 7654 8508 7655
f 7953 7936 8950
f 8622 8515 7646
f 8506 8513 7678
f 8622 8506 7678
f 8367 8365 7874
f 8977 8518 8519
f 8911 7836 8353
f 7980 7920 8483
f 7668 8517 7669
f 8521 7644 8523
f 7678 7677 8622
f 7844 7843 8913
f 8620 8519 8776
f 7685 7658 8631
f 7858 8734 8374
f 7503 7539 7670
f 7670 7539 7390
f 8950 8834 8613
f 7853 7852 8358
f 8925 7706 7686
f 8730 7857 7856
f 7671 7668 7692
f 8781 8780 7702
f 7706 8938 7686
f 7702 8780 7703
f 8352 8336 7875
f 7880 8734 7857
f 9008 8733 8732
f 8911 8353 8352
f 9012 8261 8254
f 8592 7702 8593
f 8789 9013 8786
f 8940 8593 7704
f 7695 7712 7696
f 8533 9014 8789
f 8589 8591 8535
f 8535 8592 8589
f 8534 7693 7718
f 7835 8729 8360
f 7868 8357 7887
f 8537 8533 7719
f 8336 7876 7875
f 8545 7707 8546
f 7742 8999 7743
f 8953 8905 8904
f 8797 7710 8566
f 7751 8540 7752
f 7731 7730 8573
f 8547 8546 8801
f 8566 7751 7779
f 7955 7957 7863
f 7910 7909 8338
f 7733 8912 8542
f 8550 8566 7778
f 8943 8572 8942
f 7755 7744 7777
f 8354 8717 8718
f 8722 7845 8708
f 7916 7938 7909
f 8348 8708 7845
f 7395 7402 7753
f 8556 8554 8912
f 8288 8287 8296
f 7759 7778 7787
f 7412 7455 7418
f 8476 7914 7915
f 7791 7753 7402
f 8552 7798 7800
f 7924 8897 8720
f 7942 8315 7943
f 8965 8314 8321
f 8314 8965 8749
f 7810 7797 8554
f 8315 7942 8302
f 8348 7581 8305
f 8708 8707 8722
f 8953 8964 8724
f 7809 7812 7810
f 7768 7063 7094
f 7205 7129 7240
f 8964 8953 8810
f 8953 8707 8810
f 8028 8318 8029
f 8713 7971 8891
f 8491 8840 8949
f 7894 7890 7969
f 7832 7602 7833
f 8297 8296 8709
f 9015 8711 8710
f 7855 8565 7826
f 7965 8824 7771
f 8316 8891 7971
f 8316 8955 8892
f 9017 7410 7413
f 7258 7259 7413
f 7260 7258 7413
f 9018 7266 7265
f 7266 9018 7267
f 7250 7267 9016
f 7413 7259 9017
f 9017 7259 9019
f 7267 7250 7249
f 7267 7269 7266
f 7413 7465 7260
o top
f 9020 9021 9022
f 9034 9038 9039
f 9071 9068 9070
f 9062 9066 9073
f 9073 9074 9076
f 9078 9079 9080
f 9077 9080 9081
f 9066 9074 9073
f 9092 9028 9025
f 9103 9046 9045
f 9029 9028 9117
f 9076 9075 9078
f 9035 9130 9095
f 9074 9075 9076
f 9029 9117 9030
f 9023 9024 9027
f 9092 9117 9028
f 9092 9025 9024
f 9114 9113 9094
f 9134 9151 9107
f 9047 9046 9051
f 9169 9170 9171
f 9164 9162 9163
f 9173 9178 9172
f 9175 9171 9168
f 9168 9171 9170
f 9180 9181 9182
f 9183 9184 9180
f 9185 9186 9187
f 9186 9188 9187
f 9192 9193 9194
f 9195 9193 9192
f 9194 9196 9186
f 9028 9029 9197
f 9198 9199 9200
f 9201 9202 9203
f 9196 9204 9205
f 9206 9207 9208
f 9044 9045 9041
f 9205 9210 9211
f 9213 9214 9215
f 9205 9218 9196
f 9045 9046 9047
f 9160 9221 9222
f 9211 9219 9218
f 9223 9048 9224
f 9226 9051 9223
f 9227 9228 9229
f 9233 9234 9162
f 9235 9236 9237
f 9239 9240 9241
f 9242 9239 9243
f 9244 9245 9246
f 9247 9248 9249
f 9250 9251 9252
f 9255 9247 9256
f 9080 9077 9258
f 9259 9168 9260
f 9264 9262 9265
f 9265 9267 9268
f 9262 9269 9265
f 9265 9271 9264
f 9272 9273 9253
f 9268 9250 9274
f 9268 9274 9174
f 9273 9254 9253
f 9275 9276 9267
f 9259 9280 9281
f 9282 9283 9175
f 9276 9284 9285
f 9287 9246 9245
f 9288 9255 9256
f 9231 9254 9289
f 9244 9290 9236
f 9284 9276 9291
f 9293 9294 9295
f 9296 9256 9247
f 9292 9297 9298
f 9237 9236 9299
f 9300 9294 9301
f 9297 9292 9302
f 9303 9297 9302
f 9304 9305 9301
f 9306 9301 9307
f 9309 9303 9308
f 9209 9310 9311
f 9218 9205 9211
f 9313 9314 9315
f 9241 9243 9239
f 9202 9212 9203
f 9317 9203 9212
f 9318 9309 9312
f 9319 9192 9203
f 9320 9201 9190
f 9200 9320 9190
f 9321 9322 9318
f 9318 9323 9321
f 9227 9233 9239
f 9324 9325 9326
f 9328 9322 9327
f 9187 9328 9330
f 9181 9184 9331
f 9048 9085 9224
f 9162 9234 9230
f 9227 9229 9332
f 9229 9333 9332
f 9334 9028 9197
f 9335 9221 9161
f 9207 9197 9337
f 9206 9214 9336
f 9338 9339 9222
f 9045 9340 9041
f 9341 9216 9342
f 9339 9342 9222
f 9338 9222 9221
f 9215 9338 9343
f 9333 9213 9345
f 9045 9347 9348
f 9047 9051 9226
f 9339 9206 9208
f 9238 9225 9223
f 9249 9242 9352
f 9354 9062 9355
f 9240 9164 9241
f 9062 9073 9291
f 9356 9352 9243
f 9356 9243 9357
f 9257 9258 9077
f 9285 9284 9358
f 9188 9359 9187
f 9360 9258 9261
f 9191 9190 9325
f 9285 9267 9276
f 9267 9285 9361
f 9267 9361 9268
f 9277 9360 9270
f 9277 9279 9360
f 9174 9274 9246
f 9204 9363 9210
f 9188 9196 9313
f 9246 9274 9290
f 9316 9212 9202
f 9280 9364 9365
f 9298 9366 9279
f 9365 9289 9281
f 9289 9365 9232
f 9235 9244 9236
f 9368 9369 9370
f 9310 9232 9311
f 9311 9232 9306
f 9314 9237 9315
f 9371 9372 9307
f 9300 9306 9232
f 9311 9307 9372
f 9235 9368 9245
f 9309 9373 9303
f 9303 9373 9374
f 9368 9370 9245
f 9231 9289 9232
f 9294 9293 9304
f 9375 9373 9309
f 9318 9375 9309
f 9318 9312 9323
f 9376 9375 9377
f 9318 9322 9375
f 9322 9377 9375
f 9324 9183 9180
f 9252 9251 9378
f 9273 9259 9281
f 9251 9379 9378
f 9274 9250 9290
f 9285 9380 9361
f 9168 9381 9382
f 9268 9361 9250
f 9197 9207 9334
f 9030 9032 9383
f 9272 9381 9259
f 9208 9337 9341
f 9241 9357 9243
f 9341 9383 9217
f 9208 9341 9342
f 9348 9346 9045
f 9213 9343 9345
f 9335 9345 9221
f 9269 9275 9265
f 9223 9225 9226
f 9175 9283 9357
f 9234 9233 9332
f 9357 9241 9362
f 9242 9249 9353
f 9256 9296 9283
f 9256 9283 9288
f 9165 9276 9275
f 9288 9283 9282
f 9296 9249 9356
f 9357 9171 9175
f 9350 9387 9242
f 9078 9080 9388
f 9267 9265 9275
f 9080 9258 9388
f 9272 9282 9381
f 9358 9388 9389
f 9388 9258 9360
f 9389 9388 9360
f 9168 9170 9260
f 9272 9253 9263
f 9259 9381 9168
f 9379 9389 9360
f 9260 9170 9178
f 9379 9360 9279
f 9161 9234 9335
f 9351 9220 9229
f 9279 9366 9378
f 9254 9281 9289
f 9298 9279 9278
f 9294 9300 9364
f 9385 9344 9047
f 9297 9366 9298
f 9390 9366 9297
f 9232 9365 9300
f 9299 9297 9303
f 9235 9314 9368
f 9237 9314 9235
f 9306 9307 9311
f 9367 9316 9371
f 9334 9207 9336
f 9202 9201 9320
f 9319 9203 9317
f 9320 9200 9199
f 9186 9196 9188
f 9192 9194 9183
f 9324 9182 9325
f 9191 9325 9182
f 9025 9028 9334
f 9334 9026 9025
f 9334 9336 9026
f 9180 9184 9181
f 9185 9187 9184
f 9380 9389 9361
f 9197 9395 9337
f 9180 9182 9324
f 9383 9340 9217
f 9185 9183 9194
f 9343 9213 9215
f 9183 9324 9192
f 9359 9376 9377
f 9271 9265 9268
f 9220 9213 9333
f 9193 9195 9394
f 9221 9160 9161
f 9225 9385 9047
f 9234 9345 9335
f 9223 9051 9048
f 9345 9234 9332
f 9351 9229 9228
f 9313 9315 9376
f 9371 9320 9372
f 9199 9311 9372
f 9387 9350 9351
f 9367 9371 9305
f 9353 9350 9242
f 9314 9218 9368
f 9300 9301 9306
f 9167 9355 9165
f 9296 9356 9283
f 9245 9244 9235
f 9166 9165 9275
f 9078 9284 9076
f 9364 9295 9294
f 9284 9078 9358
f 9282 9175 9382
f 9388 9358 9078
f 9281 9280 9365
f 9266 9286 9263
f 9290 9250 9252
f 9246 9290 9244
f 9378 9379 9279
f 9250 9361 9251
f 9251 9361 9379
f 9259 9260 9280
f 9178 9364 9260
f 9280 9260 9364
f 9273 9281 9254
f 9174 9271 9268
f 9177 9246 9287
f 9252 9378 9366
f 9287 9245 9370
f 9390 9252 9366
f 9299 9390 9297
f 9285 9358 9380
f 9282 9382 9381
f 9382 9175 9168
f 9272 9288 9282
f 9314 9196 9218
f 9209 9311 9199
f 9371 9316 9202
f 9357 9362 9171
f 9317 9212 9159
f 9376 9188 9313
f 9356 9357 9283
f 9193 9204 9194
f 9326 9192 9324
f 9325 9190 9201
f 9062 9291 9165
f 9296 9247 9249
f 9197 9029 9395
f 9337 9395 9383
f 9336 9207 9206
f 9387 9228 9239
f 9383 9041 9340
f 9206 9339 9338
f 9045 9132 9098
f 9216 9341 9217
f 9343 9338 9221
f 9228 9387 9351
f 9344 9045 9047
f 9345 9343 9221
f 9227 9332 9233
f 9333 9345 9332
f 9161 9230 9234
f 9226 9225 9047
f 9229 9220 9333
f 9240 9233 9162
f 9242 9387 9239
f 9162 9164 9240
f 9354 9386 9224
f 9224 9062 9354
f 9222 9216 9160
f 9243 9352 9242
f 9398 9340 9045
f 9249 9352 9356
f 9362 9241 9164
f 9379 9361 9389
f 9291 9073 9284
f 9032 9041 9383
f 9215 9214 9206
f 9162 9230 9163
f 9073 9076 9284
f 9337 9383 9341
f 9165 9291 9276
f 9288 9286 9255
f 9263 9286 9288
f 9272 9263 9288
f 9233 9240 9239
f 9358 9389 9380
f 9259 9273 9272
f 9364 9178 9295
f 9177 9174 9246
f 9252 9390 9236
f 9304 9293 9176
f 9236 9390 9299
f 9184 9187 9330
f 9330 9328 9329
f 9187 9377 9328
f 9304 9301 9294
f 9219 9369 9368
f 9187 9359 9377
f 9301 9305 9371
f 9368 9218 9219
f 9307 9301 9371
f 9315 9237 9374
f 9201 9326 9325
f 9192 9326 9203
f 9315 9374 9373
f 9326 9201 9203
f 9204 9193 9363
f 9195 9192 9319
f 9394 9363 9193
f 9320 9199 9372
f 9205 9204 9210
f 9315 9373 9376
f 9196 9194 9204
f 9375 9376 9373
f 9188 9376 9359
f 9190 9189 9200
f 9209 9199 9198
f 9194 9186 9185
f 9320 9371 9202
f 9185 9184 9183
f 9196 9314 9313
f 9237 9299 9374
f 9374 9299 9303
f 9295 9179 9293
f 9029 9030 9383
f 9395 9029 9383
f 9207 9337 9208
f 9227 9239 9228
f 9206 9338 9215
f 9339 9208 9342
f 9347 9045 9098
f 9386 9223 9224
f 9216 9222 9342
f 9045 9344 9398
f 9300 9365 9364
f 9252 9236 9290
f 9406 9407 9408
f 9401 9407 9409
f 9410 9409 9399
f 9410 9402 9409
f 9400 9410 9399
f 9401 9403 9400
f 9402 9401 9409
f 9408 9412 9413
f 9414 9412 9411
f 9404 9415 9414
f 9414 9411 9405
f 9411 9408 9407
f 9407 9401 9411
o seat_body_hinge_area
f 2 3 4
f 11 12 13
f 28 29 30
f 185 186 187
f 187 199 200
f 201 202 199
f 234 235 236
f 228 237 238
f 245 246 247
f 248 246 249
f 1689 1690 1691
f 2 1692 1693
f 1722 1723 1724
f 186 185 176
f 1950 202 201
f 235 1943 1958
f 234 1943 235
f 1973 1974 1975
f 2049 2050 2051
f 2049 2051 2052
f 246 2055 2056
f 2057 246 2056
f 1974 2049 1976
f 1958 176 252
f 2224 1724 29
f 1706 2256 1707
f 1690 1707 2256
f 13 2 4
f 4 1691 1690
f 2483 1690 1689
f 1723 12 11
f 186 199 187
f 200 199 202
f 200 202 217
f 2641 220 200
f 2641 200 217
f 218 2641 217
f 2650 218 2651
f 223 222 2653
f 249 246 245
f 2654 2655 2656
f 2659 2654 2055
f 254 235 252
f 1974 1973 2049
f 1973 1975 238
f 3002 3003 3004
f 3002 2650 3003
f 1958 186 176
f 185 177 176
f 1706 11 2256
f 2183 3036 3037
f 2225 30 3038
f 3037 2224 29
f 2507 2224 3037
f 2507 1724 2224
f 2225 3038 1706
f 1723 1722 12
f 1690 2256 4
f 1690 2483 1707
f 2266 2 13
f 187 181 185
f 220 187 200
f 178 252 176
f 3003 2650 2651
f 2659 2055 246
f 2049 2659 246
f 1691 3 2289
f 2 1693 3
f 29 1724 3038
f 2653 3308 223
f 218 2650 237
f 2655 2654 2659
f 1973 2050 2049
f 3004 2050 1973
f 248 2049 246
f 2049 2052 3368
f 2049 3368 2659
f 3369 2057 2056
f 3004 1973 3002
f 228 218 237
f 201 199 1942
f 1724 1723 3038
f 13 2256 11
f 1691 4 3
f 4 2256 13
f 1723 11 3038
f 11 1706 3038
f 29 3038 30
f 3040 3037 1767
f 3036 1767 3037
f 186 1942 199
f 1943 186 1958
f 217 202 1950
f 218 217 2651
f 235 1958 252
f 1973 238 237
f 3490 3500 3494
f 3491 3501 3493
f 3961 3939 3962
f 4131 1689 1688
f 4218 4219 4220
f 4216 4222 4214
f 4223 4213 4224
f 4221 4222 4217
f 4216 4226 4225
f 4720 4719 4724
f 4720 4724 4725
f 4723 4720 4725
f 4718 4720 4734
f 6615 6616 6617
f 6623 6624 6619
f 6625 6619 6624
f 6629 6625 6630
f 6632 6630 6633
f 6628 6635 6636
f 6636 6637 6638
f 6636 6639 6640
f 6641 6642 6643
f 6645 6646 6647
f 6663 6664 6665
f 6670 6671 6672
f 6670 6673 6674
f 6677 6678 6675
f 6680 6674 6681
f 6682 6677 6683
f 6681 6674 6684
f 6684 6686 6681
f 6693 6679 6694
f 6695 6686 6696
f 6705 6697 6706
f 6707 6681 6691
f 6710 6711 6675
f 6711 6712 6675
f 6664 6716 6717
f 6722 6719 6607
f 6616 6614 6607
f 6726 6727 6728
f 6734 6735 6733
f 6738 6739 6740
f 6740 6741 6738
f 6740 6739 6623
f 6630 6744 6745
f 6749 6750 6625
f 6751 6636 6752
f 6753 6754 6750
f 6755 6753 6756
f 6757 6758 6759
f 6753 6759 6764
f 6752 6636 6646
f 6646 6636 6765
f 6636 6766 6765
f 6767 6637 6636
f 6751 6767 6636
f 6636 6635 6639
f 6769 6770 6771
f 6769 6633 6750
f 6771 6773 6769
f 6761 6748 6747
f 6776 6774 6777
f 6664 6772 6665
f 6780 6629 6630
f 6729 6622 6638
f 6717 6718 6664
f 6783 6784 6785
f 6786 6787 6785
f 6789 6708 6790
f 6689 6686 6684
f 6791 6692 6698
f 6700 6694 6703
f 6723 6601 6796
f 6799 6801 6623
f 6638 6625 6624
f 6745 6780 6630
f 6628 6636 6622
f 6749 6625 6638
f 6749 6638 6637
f 6750 6768 6769
f 6803 6640 6639
f 6636 6640 6804
f 6805 6761 6806
f 6804 6803 6642
f 6749 6807 6756
f 6753 6750 6749
f 6808 6809 6761
f 6762 6649 6651
f 6785 6673 6786
f 6684 6668 6708
f 6813 6814 6815
f 6815 6707 6691
f 6688 6686 6689
f 6690 6681 6792
f 6686 6688 6696
f 6694 6679 6816
f 6792 6817 6697
f 6818 6686 6819
f 6686 6695 6819
f 6792 6686 6820
f 6703 6794 6704
f 6822 6707 6823
f 6824 6680 6822
f 6678 6677 6682
f 6649 6762 6760
f 6759 6828 6829
f 6755 6757 6759
f 6698 6694 6700
f 6753 6755 6759
f 6760 6761 6802
f 6754 6768 6750
f 6831 6761 6805
f 6639 6635 6832
f 6620 6623 6619
f 6801 6799 6734
f 6835 6836 6616
f 6609 6726 6616
f 6607 6606 6616
f 6711 6841 6712
f 6722 6599 6719
f 6599 6796 6601
f 6722 6796 6599
f 6722 6607 6614
f 6633 6625 6750
f 6761 6831 6845
f 6645 6752 6646
f 6716 6664 6849
f 6850 6777 6785
f 6785 6777 6673
f 6674 6721 6684
f 6707 6822 6681
f 6814 6813 6683
f 6821 6789 6851
f 6693 6852 6685
f 6687 6689 6853
f 6818 6820 6686
f 6792 6820 6817
f 6694 6816 6703
f 6816 6794 6703
f 6698 6693 6694
f 6854 6693 6692
f 6854 6852 6693
f 6615 6737 6616
f 6691 6681 6690
f 6729 6624 6733
f 6623 6733 6624
f 6707 6815 6814
f 6684 6708 6689
f 6821 6689 6708
f 6677 6814 6683
f 6686 6792 6681
f 6749 6637 6807
f 6751 6752 6856
f 6857 6761 6858
f 6761 6859 6860
f 6861 6761 6809
f 6761 6760 6762
f 6711 6787 6841
f 6783 6785 6787
f 6862 6785 6784
f 6652 6649 6664
f 6777 6774 6721
f 6664 6663 6849
f 6664 6654 6772
f 6652 6664 6718
f 6777 6721 6673
f 6786 6673 6672
f 6711 6783 6787
f 6674 6673 6721
f 6672 6673 6670
f 6670 6674 6680
f 6651 6649 6652
f 6822 6680 6681
f 6708 6789 6821
f 6854 6863 6852
f 6692 6693 6698
f 6766 6641 6643
f 6766 6636 6804
f 6769 6773 6633
f 6802 6761 6747
f 6630 6625 6633
f 6866 6631 6781
f 6619 6625 6629
f 6624 6729 6638
f 6616 6726 6835
f 6616 6737 6614
f 6616 6836 6617
f 6638 6622 6636
f 6635 6628 6871
f 6845 6748 6761
f 6766 6804 6641
f 6806 6761 6857
f 6753 6749 6756
f 6761 6860 6858
f 6861 6859 6761
f 6708 6709 6981
f 6685 6978 6693
f 6978 6679 6693
f 6708 6981 7053
f 9030 9031 9032
f 9036 9035 9037
f 9041 9042 9043
f 9049 9050 9048
f 9054 9055 9056
f 9057 9058 9059
f 9057 9060 9058
f 9062 9063 9064
f 9066 9064 9067
f 9068 9069 9070
f 9070 9072 9071
f 9074 9070 9075
f 9060 9057 9084
f 9085 9086 9087
f 9088 9086 9085
f 9050 9090 9085
f 9031 9093 9094
f 9046 9103 9104
f 9104 9105 9046
f 9106 9107 9046
f 9107 9108 9046
f 9046 9108 9051
f 9097 9110 9111
f 9048 9050 9085
f 9112 9042 9041
f 9032 9031 9041
f 9113 9112 9031
f 9114 9094 9115
f 9038 9035 9116
f 9057 9120 9119
f 9121 9055 9054
f 9124 9055 9125
f 9055 9124 9065
f 9126 9066 9067
f 9126 9127 9128
f 9091 9117 9129
f 9041 9031 9112
f 9131 9097 9096
f 9134 9107 9106
f 9051 9049 9048
f 9085 9135 9088
f 9089 9052 9136
f 9136 9052 9053
f 9085 9087 9137
f 9120 9057 9067
f 9138 9083 9066
f 9139 9072 9074
f 9072 9070 9074
f 9064 9066 9062
f 9125 9122 9061
f 9075 9079 9078
f 9085 9140 9118
f 9044 9143 9144
f 9117 9091 9030
f 9129 9117 9092
f 9145 9142 9100
f 9105 9146 9046
f 9125 9055 9123
f 9147 9127 9126
f 9147 9126 9067
f 9082 9139 9074
f 9066 9082 9074
f 9057 9127 9147
f 9081 9080 9079
f 9065 9124 9148
f 9121 9123 9055
f 9057 9147 9149
f 9149 9147 9067
f 9031 9030 9091
f 9033 9035 9038
f 9031 9094 9113
f 9099 9132 9150
f 9099 9098 9132
f 9142 9131 9096
f 9090 9135 9085
f 9152 9106 9046
f 9146 9152 9046
f 9108 9049 9051
f 9085 9137 9140
f 9069 9125 9070
f 9151 9133 9107
f 9145 9100 9153
f 9145 9131 9142
f 9041 9154 9044
f 9044 9154 9143
f 9155 9036 9040
f 9036 9116 9035
f 9156 9094 9093
f 9041 9043 9154
f 9101 9157 9141
f 9102 9101 9141
f 9141 9157 9158
f 9098 9099 9100
f 9045 9346 9103
f 9349 9096 9109
f 9085 9118 9062
f 9384 9132 9045
f 9224 9085 9062
f 9063 9062 9118
f 9098 9391 9347
f 9391 9349 9392
f 9392 9347 9391
f 9393 9100 9142
f 9044 9384 9045
f 9098 9393 9396
f 9349 9109 9392
f 9142 9096 9349
f 9391 9397 9349
o _unassigned
f 7 8 9
f 16 17 18
f 20 21 22
f 23 19 24
f 25 26 27
f 31 32 33
f 34 35 36
f 37 38 39
f 40 28 41
f 45 46 47
f 48 49 50
f 51 52 53
f 54 51 53
f 53 55 56
f 57 48 50
f 58 55 59
f 60 61 43
f 62 63 64
f 67 68 69
f 69 70 71
f 72 68 67
f 71 67 69
f 74 75 76
f 79 80 61
f 80 81 61
f 82 83 84
f 85 81 80
f 86 87 88
f 89 90 91
f 92 77 93
f 94 82 95
f 96 78 97
f 98 97 99
f 100 101 99
f 102 101 103
f 103 104 105
f 108 110 109
f 111 112 113
f 113 112 114
f 115 116 117
f 118 119 120
f 121 122 123
f 124 122 125
f 126 116 127
f 128 129 113
f 128 119 130
f 116 133 134
f 135 134 136
f 138 139 140
f 141 142 143
f 144 145 146
f 147 148 149
f 150 149 151
f 152 153 154
f 150 141 155
f 156 157 158
f 159 156 158
f 160 161 162
f 163 164 165
f 166 167 152
f 168 155 169
f 170 171 172
f 173 174 175
f 176 177 178
f 179 180 181
f 182 183 184
f 188 189 190
f 191 192 193
f 194 195 196
f 197 189 198
f 203 204 205
f 160 162 206
f 180 179 207
f 208 180 207
f 209 210 211
f 212 213 214
f 215 216 217
f 218 219 220
f 216 215 221
f 222 223 224
f 225 226 227
f 219 218 228
f 229 230 231
f 232 229 233
f 239 228 238
f 241 242 243
f 243 242 244
f 242 256 257
f 258 256 242
f 256 258 259
f 260 261 89
f 89 261 262
f 263 264 265
f 262 266 91
f 268 269 270
f 271 272 273
f 274 275 276
f 277 278 279
f 280 281 282
f 283 284 285
f 286 287 288
f 272 271 289
f 291 292 293
f 294 295 296
f 297 298 295
f 300 294 301
f 303 212 214
f 304 305 306
f 307 308 309
f 311 312 313
f 289 316 317
f 318 319 320
f 314 321 315
f 315 321 322
f 323 324 325
f 326 327 328
f 329 330 331
f 310 302 332
f 333 334 335
f 336 337 338
f 338 339 340
f 340 341 338
f 342 314 343
f 344 345 346
f 27 347 25
f 348 349 350
f 351 352 353
f 354 352 351
f 355 356 357
f 360 361 351
f 362 363 364
f 362 364 365
f 366 367 368
f 368 367 369
f 370 371 372
f 373 374 375
f 376 377 378
f 379 377 376
f 381 382 383
f 384 385 386
f 387 368 388
f 388 389 390
f 391 392 393
f 394 395 396
f 400 401 353
f 402 403 404
f 405 387 390
f 406 401 400
f 407 408 409
f 400 410 411
f 412 413 414
f 385 416 417
f 418 390 419
f 406 400 420
f 421 409 422
f 423 424 425
f 417 426 427
f 428 429 430
f 430 429 431
f 432 433 434
f 435 418 436
f 437 421 438
f 439 440 441
f 442 443 444
f 445 446 447
f 448 449 450
f 451 421 437
f 452 453 454
f 457 453 452
f 458 459 460
f 461 427 426
f 408 462 463
f 442 438 443
f 438 442 464
f 465 466 467
f 468 469 470
f 471 472 473
f 474 473 472
f 475 476 477
f 478 479 442
f 480 481 482
f 484 485 486
f 487 485 484
f 488 489 490
f 491 480 482
f 492 493 494
f 496 497 498
f 499 500 501
f 491 482 502
f 503 504 413
f 506 507 508
f 506 509 507
f 509 510 511
f 510 33 32
f 512 277 279
f 513 192 191
f 488 492 516
f 523 524 525
f 526 527 528
f 529 530 531
f 527 534 535
f 536 537 538
f 539 347 27
f 541 542 543
f 544 545 533
f 546 547 548
f 550 544 551
f 550 551 552
f 554 555 549
f 559 560 561
f 562 563 564
f 565 561 560
f 566 567 568
f 563 556 571
f 572 573 574
f 575 576 577
f 578 579 580
f 581 582 583
f 585 586 581
f 587 583 576
f 588 589 590
f 591 590 589
f 592 593 594
f 595 596 597
f 598 599 600
f 600 601 598
f 602 603 598
f 604 605 606
f 607 596 608
f 609 610 611
f 612 613 614
f 612 615 616
f 617 618 619
f 620 619 618
f 621 622 623
f 624 623 625
f 620 618 626
f 620 627 628
f 627 629 628
f 630 631 632
f 635 636 637
f 638 639 640
f 639 641 642
f 641 643 642
f 641 644 643
f 645 646 647
f 648 647 646
f 649 650 651
f 652 648 646
f 653 646 654
f 653 652 646
f 655 656 654
f 654 657 655
f 658 655 657
f 661 662 624
f 663 621 664
f 665 666 667
f 667 668 615
f 658 669 670
f 671 669 672
f 673 674 675
f 676 677 678
f 679 680 681
f 682 680 683
f 680 679 684
f 685 686 687
f 688 687 686
f 689 690 691
f 692 693 694
f 670 695 658
f 696 695 671
f 697 695 696
f 698 699 700
f 701 688 702
f 703 700 699
f 704 705 706
f 632 707 708
f 709 710 711
f 712 713 675
f 714 715 716
f 707 677 708
f 717 711 718
f 719 720 721
f 722 719 721
f 717 723 724
f 725 726 727
f 675 728 729
f 713 728 675
f 730 731 732
f 733 734 735
f 736 737 738
f 739 740 741
f 742 743 744
f 744 745 742
f 742 745 746
f 749 750 701
f 751 752 753
f 754 755 756
f 757 758 759
f 760 749 761
f 762 763 764
f 758 765 766
f 767 768 769
f 764 770 762
f 771 768 772
f 773 774 775
f 776 692 724
f 777 778 779
f 781 782 783
f 784 785 782
f 783 749 786
f 781 760 787
f 788 789 790
f 791 792 793
f 792 794 793
f 765 758 795
f 796 797 798
f 799 800 801
f 801 802 803
f 804 396 805
f 806 807 808
f 809 781 787
f 810 787 760
f 811 812 813
f 814 811 815
f 811 813 816
f 817 805 396
f 805 817 818
f 819 820 818
f 821 809 787
f 822 816 813
f 802 801 823
f 429 428 824
f 429 825 826
f 827 828 829
f 830 831 828
f 832 793 833
f 834 835 836
f 837 838 839
f 838 840 839
f 841 842 843
f 844 845 846
f 847 848 849
f 850 851 852
f 853 854 855
f 857 858 859
f 860 861 858
f 865 842 866
f 842 829 866
f 867 868 869
f 860 870 871
f 872 873 874
f 875 876 877
f 801 878 879
f 880 866 881
f 882 880 881
f 883 875 884
f 885 884 877
f 877 886 885
f 887 888 889
f 889 890 891
f 892 893 894
f 895 896 897
f 898 899 900
f 901 883 884
f 885 886 902
f 903 904 905
f 904 906 905
f 907 908 906
f 909 888 887
f 890 910 891
f 911 912 913
f 900 899 914
f 915 916 882
f 917 918 919
f 920 921 922
f 923 924 925
f 926 915 927
f 928 929 930
f 931 929 928
f 933 934 935
f 935 934 936
f 937 935 936
f 938 939 940
f 941 942 943
f 943 942 944
f 936 945 937
f 946 947 915
f 948 949 950
f 948 950 951
f 952 948 951
f 953 895 897
f 954 955 956
f 957 900 958
f 958 900 959
f 960 961 962
f 963 964 965
f 966 964 963
f 921 967 922
f 968 969 970
f 972 973 903
f 974 972 903
f 975 976 977
f 978 979 980
f 981 982 983
f 984 879 985
f 986 987 978
f 980 986 978
f 988 989 990
f 991 992 993
f 994 970 995
f 995 970 996
f 997 998 999
f 947 1000 1001
f 953 1002 895
f 1003 1004 1005
f 1006 347 1007
f 932 1008 1009
f 1011 1000 1012
f 1013 1012 1014
f 964 1015 965
f 1016 1017 1018
f 1018 1019 1016
f 1020 1021 1022
f 734 1023 1024
f 1025 1026 1027
f 1026 1025 1028
f 566 1006 567
f 1029 1030 1031
f 1032 162 1033
f 964 1034 1015
f 961 960 537
f 1035 1036 988
f 1037 1038 1039
f 1041 1042 1043
f 1044 1040 1045
f 1046 1047 1048
f 1033 162 161
f 1049 1050 1051
f 1052 1053 1031
f 1054 1043 1042
f 1055 1056 1015
f 1035 1057 1036
f 568 1036 1057
f 1040 131 1045
f 1058 1059 1060
f 1060 206 1058
f 1061 548 1021
f 1062 543 1063
f 1062 1063 37
f 38 37 1064
f 1065 132 1066
f 206 1060 1067
f 1068 1069 262
f 543 992 1060
f 543 1062 992
f 1070 1071 1072
f 1073 1074 1075
f 1076 1043 1077
f 1078 1079 1080
f 308 161 1081
f 779 1082 1083
f 1084 1085 1086
f 1080 1087 1088
f 1078 1080 1088
f 1089 1090 1091
f 86 88 1092
f 1093 1094 1095
f 1096 1092 1097
f 1098 1099 1100
f 1101 546 225
f 1067 1103 991
f 1104 779 778
f 39 38 1105
f 1101 225 1106
f 1107 1099 1108
f 1109 1110 1111
f 1112 1110 1109
f 1113 1114 1112
f 1115 1112 1114
f 1116 1117 1118
f 1119 1120 1084
f 1121 1122 1123
f 1122 1124 1123
f 214 1125 1126
f 1126 1125 1124
f 1127 1084 1128
f 1129 1130 1108
f 1131 1132 1133
f 1134 1135 1136
f 1136 1137 1138
f 1139 1140 1141
f 1142 1143 1144
f 1145 1146 1142
f 1147 1148 1149
f 1150 1151 1152
f 1153 1154 1155
f 1156 1157 1155
f 1158 1105 1159
f 1161 1162 1163
f 1162 1164 1163
f 1165 1166 1167
f 1168 1164 1162
f 1169 1170 1171
f 1172 1173 1174
f 1176 1177 1178
f 1179 1180 1181
f 1182 1183 1184
f 1185 1182 1184
f 1186 1187 1188
f 1189 1190 1191
f 1170 1166 1192
f 1193 1194 1195
f 1196 1197 1198
f 1199 1194 1200
f 1202 1189 1203
f 1204 1205 1206
f 1207 1208 1209
f 1143 1142 1210
f 1211 1212 1213
f 1214 1215 1216
f 1187 1217 1218
f 1219 1220 1221
f 1222 1223 1131
f 1224 1172 1174
f 1225 1226 1227
f 1228 1200 1193
f 1210 1229 1143
f 1219 1230 1220
f 1231 1232 1220
f 1228 1140 1200
f 1224 1234 1235
f 1236 1182 1237
f 1224 1238 1234
f 1185 1135 1182
f 1135 1237 1182
f 1218 1239 1117
f 1240 1077 1189
f 1242 1120 1243
f 1244 806 808
f 1160 1245 1246
f 1247 1116 1248
f 1249 1250 1213
f 1099 1107 1100
f 1139 1141 1173
f 1251 1252 1216
f 1039 1227 1253
f 1254 1255 1256
f 1257 1138 1258
f 1127 1259 1260
f 1127 1128 1259
f 1120 1128 1084
f 1261 1174 1173
f 1262 1263 1176
f 1130 1107 1108
f 1208 1264 1265
f 1266 1249 1261
f 1208 1265 1267
f 547 1251 1268
f 1269 1190 1270
f 1269 1270 1271
f 1272 1273 1274
f 1261 1173 1141
f 1075 1074 1266
f 1275 1276 1277
f 1278 1279 1150
f 1086 1052 1280
f 1281 1282 1283
f 1284 1285 1286
f 1287 1284 1288
f 1289 1288 1290
f 1291 1292 1293
f 1155 1295 1296
f 1297 1282 1298
f 1269 1299 1190
f 1300 1167 1301
f 1302 1234 1238
f 1079 1303 1080
f 1049 1051 1073
f 1051 1250 1073
f 1304 1250 1305
f 1305 1056 1304
f 547 1101 1251
f 1051 1305 1250
f 1306 1054 1042
f 1307 1308 1309
f 1310 1311 1098
f 1312 1313 1168
f 1305 1051 1314
f 1269 1315 1316
f 1316 1317 1269
f 1318 1319 1320
f 1053 1320 1319
f 1195 1324 1057
f 1325 1326 1327
f 1234 1302 26
f 1328 1169 1171
f 1329 1330 1111
f 1331 967 1332
f 993 992 1158
f 1333 1312 1106
f 1319 1334 1335
f 1001 1011 542
f 542 1011 1336
f 214 1337 1338
f 1338 1125 214
f 1341 1342 1343
f 1344 1342 1341
f 1345 1346 1344
f 1345 1347 1346
f 997 1347 1345
f 999 1347 997
f 774 1349 708
f 1292 1065 1293
f 1350 979 1351
f 987 1343 1352
f 1095 1353 1093
f 1354 983 1355
f 1356 1357 1358
f 1359 1356 1360
f 1361 1345 1362
f 1363 1364 1361
f 1122 1365 1366
f 777 1083 1367
f 1368 1369 1370
f 1369 1368 1371
f 1360 1372 1373
f 980 1374 1375
f 495 522 1376
f 1106 1377 1378
f 1373 1379 1380
f 1368 1379 1373
f 1373 1380 928
f 1381 1045 1292
f 1382 1374 1383
f 1340 1306 264
f 1384 1374 1385
f 1386 1382 1383
f 941 890 1387
f 1388 1389 888
f 1387 888 1389
f 910 1390 1391
f 27 1096 1097
f 1392 1393 1394
f 1392 1395 1393
f 1396 871 870
f 227 1397 1106
f 1398 1399 923
f 1366 1069 1400
f 89 91 1401
f 1402 1403 1404
f 1404 1405 1402
f 823 1406 395
f 1409 1410 1411
f 1412 1410 1413
f 713 1414 1415
f 1416 1328 1171
f 1417 1418 329
f 1418 1419 1420
f 548 1061 546
f 758 1421 1422
f 756 1423 1424
f 431 429 1425
f 799 801 1426
f 1426 801 803
f 1427 428 430
f 1428 428 1427
f 1429 428 1428
f 1430 1429 1428
f 1431 330 329
f 1432 1433 1431
f 1419 1068 536
f 1434 1435 1436
f 1057 1035 1437
f 1435 1434 1438
f 1438 394 1435
f 1035 1021 1437
f 1439 1440 1441
f 1439 1442 1440
f 1439 1443 1442
f 1444 1445 1446
f 1447 1448 737
f 755 752 751
f 1449 1450 1451
f 1381 1008 1045
f 739 741 1438
f 673 729 896
f 1455 754 1456
f 1457 755 754
f 206 541 1458
f 1459 730 690
f 690 730 732
f 732 1443 691
f 1454 1460 1461
f 1462 1463 1464
f 1465 1466 1463
f 1465 1463 1467
f 1468 1455 1469
f 1470 1471 1472
f 1472 1471 1473
f 675 729 673
f 1444 1474 1461
f 1109 1475 1113
f 1476 615 1461
f 615 1476 1474
f 1474 1444 615
f 641 1462 644
f 641 1468 1462
f 641 1477 1468
f 639 1468 1477
f 1478 501 1479
f 607 674 673
f 673 597 607
f 1483 1484 961
f 1485 1484 1486
f 1487 1488 1489
f 1489 1490 1491
f 1491 1013 1489
f 1492 1493 668
f 666 668 667
f 668 616 615
f 1494 676 678
f 1495 1496 1497
f 1495 1498 1496
f 1499 594 698
f 609 603 1500
f 620 1501 619
f 606 620 1502
f 1501 620 606
f 604 606 1502
f 643 1503 1504
f 1504 1505 643
f 1494 678 1506
f 1507 1508 1503
f 1509 1503 1508
f 1510 613 612
f 1511 1023 734
f 1507 1512 1508
f 601 1513 598
f 1514 631 569
f 1506 1515 1516
f 1517 1506 1516
f 1028 1518 1519
f 1516 1515 1520
f 1521 1522 1523
f 1524 995 1525
f 1526 1527 1528
f 1529 1530 1019
f 1531 1532 976
f 1533 881 1534
f 1534 881 1535
f 952 939 968
f 973 866 903
f 915 947 1536
f 913 912 1008
f 1537 990 1538
f 1036 567 989
f 1036 989 988
f 900 914 959
f 926 1539 1540
f 1541 1542 1543
f 954 771 911
f 1544 1545 1546
f 1547 1548 1549
f 1549 1550 1547
f 901 884 902
f 1552 1553 1554
f 1555 1552 1554
f 1556 1557 1558
f 1557 1559 1560
f 1557 1556 1559
f 873 872 1561
f 1562 1563 1564
f 1565 1566 843
f 833 1567 1568
f 1569 1570 833
f 839 809 1571
f 1572 1020 1573
f 1574 1575 1576
f 1577 830 828
f 1578 784 840
f 840 1579 1578
f 1580 1581 1578
f 1579 1580 1578
f 1582 1169 308
f 1328 308 1169
f 394 1438 1584
f 776 724 798
f 1585 692 1586
f 828 827 1587
f 828 1587 1588
f 827 1589 1590
f 1589 1591 1592
f 1593 1594 1595
f 1446 1445 265
f 761 1596 1597
f 1598 1596 1599
f 727 1600 792
f 772 1601 912
f 1601 1602 912
f 761 1603 1604
f 1605 1596 1606
f 711 1607 1608
f 701 1609 688
f 756 757 1456
f 1610 1607 662
f 757 759 1456
f 1611 1612 1613
f 1612 1614 1613
f 755 751 756
f 1615 1616 1617
f 753 752 1618
f 1619 1618 752
f 670 1620 695
f 1621 578 663
f 1621 579 578
f 579 1621 1623
f 1624 1625 1626
f 576 1627 587
f 1625 471 478
f 1628 1629 1630
f 1629 588 1631
f 1628 588 1629
f 1632 1633 1634
f 564 563 1635
f 560 1636 565
f 1632 1638 1639
f 1527 307 1640
f 550 552 1644
f 1024 913 1008
f 1645 1646 1647
f 1648 1649 1650
f 1653 137 1652
f 1655 1656 1657
f 1019 1018 1529
f 1018 1658 1529
f 730 1428 731
f 1659 1660 1661
f 494 1659 1661
f 523 528 527
f 523 527 1664
f 1665 1666 1531
f 1649 1666 1665
f 1532 1649 1648
f 1668 1014 973
f 1669 1670 1671
f 1669 1671 1672
f 1673 1479 1674
f 1675 1676 1677
f 1678 1679 1680
f 508 1684 1685
f 1686 494 1661
f 277 512 1687
f 1657 1656 1695
f 1696 520 519
f 7 1694 8
f 192 279 193
f 278 193 279
f 1700 1701 1702
f 1703 1704 1701
f 279 1704 1703
f 463 1681 1705
f 5 6 15
f 1626 1625 478
f 1708 1709 1710
f 1711 1712 1696
f 500 1713 1714
f 1716 1717 1718
f 463 462 514
f 1164 1719 1109
f 1720 21 1721
f 22 21 1725
f 1720 1726 1725
f 1729 1730 22
f 468 1731 1732
f 490 1733 493
f 1734 1735 432
f 1736 1737 1738
f 1739 1737 1736
f 1740 1710 1741
f 1710 1734 434
f 1742 1659 1743
f 1744 410 1745
f 410 1746 1745
f 1747 1748 1749
f 1726 1750 1751
f 1754 1755 1756
f 438 421 422
f 1757 1758 1737
f 1760 1761 424
f 1757 1760 424
f 408 407 462
f 1757 424 423
f 1763 1757 423
f 1712 1764 413
f 404 1765 1766
f 1767 65 1727
f 1771 1772 1773
f 1774 1771 1775
f 1775 1771 1773
f 1748 1746 386
f 1776 454 1777
f 442 377 1778
f 357 1764 1712
f 1781 86 1782
f 398 397 1783
f 392 408 1784
f 1785 1786 1787
f 1779 1788 1789
f 1779 1790 1780
f 1791 1792 1793
f 387 388 390
f 1796 1787 1797
f 455 1768 1798
f 1799 1787 1796
f 1791 1800 1801
f 400 384 410
f 384 386 410
f 454 1802 1777
f 59 1803 1804
f 1704 1702 1701
f 69 1805 1806
f 1807 1808 1809
f 1809 1810 1811
f 1812 383 1813
f 1814 55 1815
f 68 1792 69
f 1816 57 1817
f 1818 64 1819
f 1820 416 1821
f 1822 383 1823
f 1826 79 61
f 1827 66 65
f 995 1828 994
f 1829 1830 404
f 68 75 1831
f 1832 1309 1066
f 416 385 374
f 82 84 1833
f 1836 1835 1834
f 1837 108 68
f 1838 1837 68
f 1839 1840 1841
f 369 1839 1841
f 1837 1842 108
f 444 362 377
f 337 404 1843
f 1295 1844 1845
f 1846 1847 1848
f 1835 1849 1802
f 1850 108 1851
f 567 1543 989
f 106 66 1827
f 1852 1853 1854
f 362 1855 1856
f 1830 1829 1857
f 108 1859 1860
f 1861 1853 103
f 103 105 1862
f 362 1856 363
f 115 1863 1864
f 1864 1865 115
f 1872 1853 1873
f 1874 1875 1876
f 1877 1870 1878
f 1879 349 1880
f 1880 1881 1882
f 1881 349 348
f 1883 1884 351
f 1885 1886 1887
f 1888 367 1889
f 1890 1872 1891
f 1893 1894 1895
f 123 1897 1894
f 129 128 1898
f 125 141 124
f 145 1900 146
f 1901 1902 1903
f 1857 1904 1905
f 1906 1907 326
f 1907 327 326
f 1905 323 1857
f 323 325 1908
f 317 316 1909
f 166 152 1910
f 1911 1912 1913
f 163 1914 180
f 1911 157 1912
f 177 1915 178
f 170 172 1916
f 1917 1911 1918
f 1919 320 1920
f 181 1921 185
f 1922 1923 174
f 174 182 1922
f 1924 1922 182
f 1430 1428 1925
f 1926 1927 1928
f 1929 1930 1931
f 1932 1933 1917
f 1934 1530 958
f 195 1935 1936
f 1936 1937 195
f 195 1931 1938
f 1939 1940 311
f 1715 495 497
f 1932 164 1941
f 497 495 1376
f 497 1376 1624
f 198 189 188
f 1942 189 197
f 189 1942 1943
f 1944 210 194
f 1945 1946 1947
f 1948 1905 1949
f 1541 1543 1006
f 1951 1952 1710
f 1953 313 1954
f 1671 1955 191
f 224 1956 1957
f 1959 1960 223
f 1961 1962 1963
f 1964 1965 229
f 1966 313 1967
f 313 1968 1967
f 232 230 229
f 1969 290 289
f 1970 240 1971
f 1685 1972 508
f 1976 248 1977
f 292 316 271
f 1978 242 241
f 1979 1980 1981
f 973 1535 881
f 1006 1007 1541
f 1982 1983 309
f 300 295 294
f 1984 1985 1986
f 1987 1308 1988
f 1989 1990 1991
f 294 296 1990
f 1992 1993 1994
f 1995 1996 1997
f 257 1998 242
f 1999 2000 2001
f 474 1376 522
f 522 2002 474
f 759 758 2003
f 2004 288 287
f 288 2004 2001
f 1998 2005 269
f 2006 1123 1190
f 1438 2007 1584
f 2008 2009 2010
f 1191 1123 1149
f 900 957 2011
f 2007 738 737
f 288 284 2012
f 2011 2013 900
f 2014 2015 2016
f 2017 284 283
f 2018 2019 285
f 903 2020 977
f 269 2021 2022
f 990 1537 2023
f 2024 2025 1990
f 2026 1992 1994
f 295 2027 297
f 1986 234 299
f 297 2028 2029
f 2028 297 2027
f 300 2030 2027
f 939 938 969
f 2031 2029 2032
f 2033 305 2034
f 2035 1981 2036
f 2037 2038 2039
f 1731 468 470
f 469 2040 2041
f 2042 469 2041
f 2040 2043 2041
f 2043 2044 2041
f 2041 2044 2045
f 2046 2047 2048
f 334 2053 2054
f 1952 1734 1710
f 2058 326 328
f 2059 1903 1984
f 1536 1934 927
f 334 2060 2061
f 242 2062 244
f 955 954 911
f 2063 2064 2065
f 2066 2067 2064
f 2068 2006 1190
f 1190 1123 1191
f 1974 219 228
f 2069 2070 2071
f 1970 1943 234
f 2073 337 336
f 2074 355 2072
f 314 2075 2076
f 2077 773 2078
f 337 1887 402
f 2079 2080 2081
f 344 1883 351
f 1855 402 1856
f 252 178 250
f 2082 367 366
f 242 2083 1963
f 404 337 402
f 384 353 352
f 1971 189 1943
f 449 1836 1834
f 1823 383 2084
f 414 371 393
f 393 370 2085
f 2086 390 389
f 382 1778 377
f 1780 1790 2087
f 194 2088 2089
f 2090 1932 2091
f 2088 2092 2093
f 2094 401 406
f 1783 2095 398
f 441 440 2096
f 2097 2098 183
f 1934 1539 926
f 2099 1539 1934
f 914 2100 959
f 2101 1772 2102
f 2102 2103 2101
f 2104 493 2101
f 2104 2101 2103
f 2103 2105 2104
f 493 2104 2106
f 2107 493 2106
f 404 403 1765
f 2108 2083 167
f 2109 2110 2111
f 2112 2113 386
f 1748 386 2113
f 2108 167 2114
f 406 420 2043
f 2115 1771 2116
f 2114 167 2117
f 451 437 464
f 2118 449 2119
f 490 489 1733
f 2120 2121 476
f 1659 493 2110
f 475 2120 476
f 2123 2124 467
f 493 1659 494
f 1704 2125 417
f 918 2126 2127
f 1624 1376 1625
f 156 1912 157
f 2128 2125 848
f 1198 1197 2129
f 1914 163 165
f 483 1626 478
f 2130 491 510
f 2131 2130 2132
f 470 2133 2134
f 2130 510 2136
f 2136 2132 2130
f 147 149 159
f 1675 2137 2138
f 2132 2136 31
f 1955 513 191
f 2139 1955 1670
f 1982 1574 1983
f 2140 2141 2142
f 2144 526 2145
f 141 143 155
f 1679 1675 2146
f 1672 1671 191
f 2147 2148 2149
f 2144 2150 2151
f 525 528 523
f 2152 2153 2154
f 2153 2155 2156
f 2157 2158 2159
f 1181 1180 2159
f 915 926 916
f 2161 121 1893
f 2161 2162 121
f 121 2163 122
f 2164 2165 139
f 2166 533 532
f 2167 2168 111
f 1862 2169 117
f 2170 2169 1862
f 2169 2170 1863
f 550 2171 544
f 2172 1854 1853
f 2173 2166 2174
f 2175 100 2176
f 2177 565 2178
f 2179 2180 108
f 2181 2182 2183
f 2184 57 2185
f 2186 2187 2188
f 57 2189 2185
f 2190 2191 1819
f 2190 1819 64
f 2192 2193 2188
f 1803 63 2194
f 586 2195 582
f 2195 586 1634
f 586 582 581
f 576 582 2196
f 2197 63 1803
f 59 2197 1803
f 2178 565 1636
f 1627 575 2198
f 1797 1787 2199
f 2200 589 588
f 1623 694 579
f 2197 2201 1786
f 1787 1786 2201
f 2200 2202 589
f 2203 2204 625
f 2204 2205 625
f 1785 1800 1751
f 464 437 438
f 663 578 621
f 50 35 34
f 2206 2178 1636
f 2207 2208 35
f 2202 1601 768
f 2209 2210 2211
f 1791 2212 1800
f 2213 2180 1753
f 2214 650 1614
f 1636 2215 1575
f 693 1575 2215
f 2216 1614 647
f 2216 647 1611
f 1611 647 648
f 695 2217 655
f 655 658 695
f 1621 663 717
f 2218 1616 2219
f 727 2219 1616
f 2213 1729 1793
f 2206 747 748
f 2220 36 2208
f 790 1608 1610
f 1608 1607 1610
f 1610 2221 790
f 2221 726 725
f 2222 750 782
f 1608 2223 711
f 790 725 788
f 2212 1726 1751
f 2206 1575 1982
f 2226 767 769
f 769 768 771
f 760 761 2227
f 1004 747 2206
f 1567 794 1593
f 2228 1591 1589
f 1589 827 2228
f 912 659 780
f 791 793 832
f 1552 1585 798
f 2229 2230 2231
f 843 2232 841
f 841 2232 2233
f 841 2234 829
f 2235 2234 841
f 829 828 854
f 853 829 854
f 2236 771 2237
f 2236 2237 2238
f 842 841 829
f 2241 2242 1596
f 880 865 866
f 2243 1560 1559
f 2244 2245 2246
f 1562 1551 1563
f 1554 1553 898
f 1553 872 874
f 2247 1698 2248
f 940 902 2249
f 2250 2251 954
f 2241 1542 1541
f 1538 2252 2253
f 869 2254 990
f 829 903 866
f 905 906 2020
f 2255 2020 906
f 990 2252 1538
f 2254 2252 990
f 1549 940 2257
f 1698 10 14
f 1007 2258 2242
f 951 950 2259
f 903 2260 2020
f 977 2020 975
f 2261 9 2262
f 1519 917 2258
f 974 903 977
f 990 1022 988
f 1012 1535 973
f 947 1533 1000
f 2263 1530 1529
f 1521 947 2264
f 974 977 2265
f 2 2266 2267
f 1657 1695 2268
f 715 2269 716
f 2270 2271 2272
f 2272 2271 2273
f 1014 1012 973
f 974 2265 1648
f 1648 2265 1532
f 2274 2275 2276
f 2267 2277 2278
f 1525 995 996
f 1525 996 2275
f 1465 2279 2280
f 1465 2280 1466
f 1656 1019 2268
f 2281 2282 2283
f 2284 2285 2272
f 2285 2274 2272
f 2286 2275 2285
f 1525 2275 2286
f 2287 1649 1665
f 2288 2287 1665
f 539 1519 2258
f 1471 754 1455
f 539 2258 347
f 1001 2290 1011
f 1008 932 1044
f 542 2291 1001
f 542 2292 2293
f 542 541 2292
f 2294 307 1527
f 2295 2296 2297
f 88 1026 1028
f 2298 1026 88
f 566 25 347
f 1488 1487 261
f 261 1487 1486
f 1486 1483 261
f 2299 1445 1444
f 1550 2300 2301
f 2257 2249 2302
f 2300 2257 2302
f 260 2303 1488
f 537 536 1068
f 2127 1547 919
f 2304 2251 2250
f 1747 1749 481
f 1328 1416 309
f 1067 160 206
f 1103 1067 1060
f 1092 88 1097
f 2305 89 2306
f 1401 2306 89
f 1378 1377 45
f 26 2307 2308
f 992 39 1105
f 2309 2308 2307
f 1353 1095 2310
f 451 473 2002
f 2311 1067 2312
f 2311 2313 1081
f 547 546 1101
f 1291 2314 1381
f 2315 1065 1308
f 1123 2006 1365
f 1096 1302 1212
f 1251 1101 1106
f 1252 1312 1168
f 2310 1150 1152
f 2316 1168 1162
f 1238 1212 1302
f 2317 1096 1212
f 1276 1275 2318
f 1988 1308 2319
f 2320 1988 2321
f 2321 1988 2319
f 1199 1235 2308
f 2322 2323 2324
f 2313 2325 1210
f 2326 1169 1582
f 1217 1187 1160
f 2325 2327 1210
f 1223 1222 2328
f 1242 1216 1215
f 2329 1207 2330
f 1170 2326 2331
f 2334 1239 2335
f 1259 2336 2337
f 2338 1242 2336
f 1227 1239 2334
f 1134 2339 2340
f 1144 1145 1142
f 2341 2342 1079
f 1256 2341 1087
f 1256 1087 1254
f 1167 2331 2343
f 1261 1075 1266
f 1039 1253 1037
f 1239 1039 2344
f 1085 2346 2347
f 2347 1086 1085
f 1079 1248 1303
f 2348 1086 2347
f 1073 1250 1266
f 2349 2350 2245
f 1303 1248 2351
f 1248 1118 2351
f 2352 1282 1087
f 2353 2354 2355
f 2356 2353 2355
f 1080 2352 1087
f 836 1253 2357
f 1002 953 1272
f 1332 967 2358
f 985 1099 2359
f 2360 2344 1039
f 879 1076 985
f 2361 971 2357
f 2362 2363 1029
f 2364 2365 999
f 936 2366 945
f 1354 981 2367
f 1301 1415 2368
f 2374 2375 2376
f 965 942 1388
f 836 835 1037
f 2377 2378 2379
f 2379 966 2377
f 1388 2385 2386
f 888 909 1388
f 935 937 2387
f 923 935 2387
f 857 891 892
f 1402 1385 1403
f 858 857 860
f 2389 860 857
f 937 773 2387
f 897 896 729
f 823 984 1406
f 2095 2120 466
f 1384 1402 2390
f 795 2391 2392
f 795 2393 2391
f 2394 2395 2396
f 2396 2397 2394
f 2398 2399 2396
f 1404 2400 2401
f 429 824 2390
f 819 818 2402
f 823 2403 802
f 1446 264 800
f 395 394 1584
f 2404 2405 1459
f 757 756 2406
f 713 1415 728
f 1427 1425 731
f 800 799 2410
f 765 795 1449
f 2411 2412 2413
f 731 1428 1427
f 1584 1448 395
f 846 2415 2416
f 739 1438 2417
f 2417 1438 1434
f 737 2403 1447
f 2403 2418 1447
f 2419 799 1426
f 2420 2404 2421
f 2299 2422 1445
f 2405 1450 1925
f 1451 1450 2405
f 2420 1449 1451
f 799 2419 2423
f 2424 2425 736
f 708 834 632
f 2426 436 432
f 2427 704 2428
f 2007 2427 2428
f 738 2007 2428
f 2299 1444 1460
f 2429 1857 323
f 681 2430 2424
f 2424 2430 799
f 676 775 677
f 2431 1497 689
f 1444 665 615
f 1497 1496 2432
f 2433 2434 2435
f 1495 2436 2431
f 1495 1497 2436
f 2437 2438 1498
f 601 600 1495
f 2439 614 613
f 2440 640 2441
f 1505 2440 2441
f 1505 2442 2440
f 2440 2442 2443
f 2444 640 2440
f 2445 2443 1509
f 2446 2443 2445
f 2444 2440 2445
f 2447 712 596
f 605 1509 2448
f 611 1494 1506
f 2449 2439 2450
f 599 598 2451
f 1514 2452 2453
f 2454 2455 596
f 2455 2447 596
f 2452 1514 1520
f 573 1514 2456
f 573 1520 1514
f 1153 1155 2457
f 1252 1168 1214
f 2143 492 494
f 2143 494 1686
f 2458 1686 1661
f 2110 493 2107
f 2459 1544 2460
f 2461 2462 1146
f 2463 2464 2465
f 2466 2467 1732
f 469 1732 2467
f 2044 411 2468
f 2095 2469 1776
f 452 1776 2470
f 1761 1742 1743
f 2473 2471 2472
f 833 1568 1569
f 1734 432 434
f 2475 2476 2477
f 1597 1596 2242
f 2332 1192 1166
f 2478 2227 917
f 1552 1555 2479
f 531 512 279
f 1214 2316 2480
f 1520 573 572
f 2476 2481 2223
f 1517 1516 2482
f 2277 1 2278
f 2278 1692 2267
f 1692 2 2267
f 1512 599 2484
f 2447 1482 712
f 2485 2486 1510
f 613 1510 2486
f 2485 2448 2487
f 2445 1509 605
f 2488 6 1697
f 2489 2490 2450
f 600 1507 1495
f 606 605 1493
f 605 2491 1493
f 605 612 2491
f 607 2492 674
f 628 2444 620
f 2247 18 1699
f 606 1493 1492
f 1728 15 2488
f 1721 9 2261
f 617 2493 2494
f 2495 617 2494
f 707 2496 677
f 2497 627 2498
f 2497 2499 2500
f 2500 2499 2501
f 2497 2502 2503
f 636 1461 614
f 1444 2504 2435
f 18 2247 16
f 2505 1472 1473
f 2430 681 682
f 610 2078 676
f 2506 684 679
f 1724 2507 1722
f 2247 2248 2230
f 704 679 2424
f 703 597 700
f 2230 2248 2231
f 704 2508 2509
f 691 1443 2269
f 2510 2410 799
f 720 719 741
f 478 1778 381
f 1449 2420 2421
f 1459 2405 730
f 2405 1925 730
f 1725 1726 1729
f 2513 2514 2511
f 1434 2516 2417
f 743 2417 2517
f 2517 2417 2516
f 2516 2518 2517
f 2517 2518 746
f 2519 773 2077
f 1446 2520 2510
f 746 2518 2521
f 2521 764 746
f 1440 2522 2519
f 773 2519 2522
f 1446 800 2520
f 28 30 41
f 2524 2525 2526
f 1435 2526 2525
f 2525 1436 1435
f 2527 2525 2528
f 395 1447 2529
f 1442 1425 2530
f 1440 1442 2530
f 2522 1440 2531
f 1429 1430 795
f 1425 429 826
f 2532 817 396
f 2400 2533 2401
f 2531 2533 2534
f 2522 2531 2387
f 773 2522 2387
f 1767 2536 65
f 869 2537 2538
f 1349 937 2539
f 2540 896 895
f 396 2541 1411
f 428 1374 1384
f 2542 49 48
f 2543 797 2481
f 2543 2544 797
f 857 887 891
f 1787 2201 2199
f 894 2389 892
f 894 910 1396
f 870 894 1396
f 43 2545 2546
f 1809 1808 2201
f 2547 1386 2548
f 1386 1383 2548
f 2549 2378 2377
f 2550 920 922
f 2191 2190 2551
f 2552 1803 2194
f 2553 931 2554
f 1817 57 2184
f 2555 1175 2556
f 2557 963 2386
f 983 2534 1385
f 1354 924 2534
f 82 77 2558
f 924 2559 925
f 68 108 2180
f 2182 2181 2562
f 100 97 78
f 2564 82 1833
f 1223 2328 1159
f 1596 1598 2241
f 2565 82 2566
f 2566 82 2564
f 85 80 2567
f 2567 2568 85
f 1847 2562 2181
f 2569 2570 2565
f 2571 1369 2572
f 1369 2571 2375
f 835 1038 1037
f 1827 2573 106
f 106 2573 1892
f 108 2574 1859
f 921 1311 967
f 2575 1865 1864
f 103 1862 1861
f 1041 878 1042
f 2576 2577 115
f 2578 2163 121
f 2579 2580 2581
f 878 1041 1076
f 934 2351 936
f 1847 1846 2163
f 2582 1872 2583
f 978 2584 1080
f 978 1080 981
f 1743 1659 2585
f 2586 116 2577
f 2537 2587 2538
f 2588 1867 2589
f 2590 2591 1872
f 2592 2593 2594
f 2595 2596 2593
f 1894 1893 121
f 116 126 117
f 126 2597 117
f 981 1080 1303
f 125 122 2163
f 1892 2598 1896
f 2599 2588 2600
f 130 119 2601
f 2586 133 116
f 2602 2603 2604
f 2603 2605 2604
f 2077 715 714
f 128 130 2606
f 463 1784 408
f 152 140 2165
f 1053 2607 2608
f 142 141 125
f 2609 2610 2611
f 2609 2612 2610
f 2613 1297 2352
f 2614 2612 2609
f 123 2615 2611
f 2611 2615 2609
f 124 2149 2148
f 698 1452 636
f 1461 636 1452
f 2141 152 2142
f 153 152 2141
f 155 143 164
f 2617 1043 1054
f 168 150 155
f 2619 150 168
f 2357 2620 1294
f 1284 1287 1289
f 1289 2339 1284
f 1284 2339 2621
f 1284 2621 2622
f 2623 1138 1286
f 1228 1280 1052
f 1911 1916 157
f 2624 2625 170
f 2626 170 174
f 1282 1257 1087
f 1918 1911 169
f 1167 1300 1165
f 1304 1213 1250
f 1141 1140 1031
f 170 1916 1933
f 1917 155 164
f 1127 1260 2627
f 1133 2617 1131
f 2629 1938 1931
f 2629 1931 2630
f 788 2631 832
f 790 2632 2633
f 789 2632 790
f 1250 1249 1266
f 1228 1243 1280
f 1239 1118 1117
f 183 1932 2090
f 1128 2336 1259
f 1935 195 194
f 790 2633 2477
f 2088 2093 2089
f 194 2634 1944
f 1135 1134 1237
f 1135 1185 1137
f 197 204 2635
f 2636 2083 2637
f 2638 2639 1247
f 1185 1258 1137
f 208 2091 1941
f 2640 2090 1964
f 439 2120 440
f 215 217 1950
f 2109 1659 2110
f 2642 2643 1964
f 224 1957 2644
f 1256 2645 2646
f 2646 2647 1256
f 1139 1200 1140
f 2648 718 2223
f 224 223 1960
f 224 2644 2649
f 1130 1129 1189
f 2649 2652 224
f 1213 1212 1249
f 1228 1193 1243
f 788 791 2631
f 791 788 2657
f 1976 1977 2658
f 255 2660 254
f 2661 2662 2663
f 2664 2665 2666
f 1189 2667 1130
f 273 250 2668
f 1235 1199 1172
f 2669 2457 1296
f 2663 2328 1222
f 2333 1294 2620
f 2334 2335 1225
f 1998 257 2670
f 2671 1998 2670
f 1193 547 1268
f 1226 1225 1327
f 1998 2672 2673
f 2674 2316 1162
f 2675 1176 1178
f 1324 1194 1199
f 268 2021 269
f 2676 2677 2678
f 2679 269 2022
f 1308 2680 2319
f 2157 2319 2680
f 2680 1307 2157
f 1307 2158 2157
f 2681 2682 1264
f 1264 2683 1265
f 2324 2323 2684
f 1324 1195 1194
f 1155 1157 1295
f 283 285 2019
f 1153 1149 1148
f 2000 285 284
f 2008 2685 1994
f 1269 1317 1299
f 292 281 293
f 1152 2686 2310
f 1164 1330 2687
f 1979 2026 2688
f 2129 1781 1782
f 2689 2690 1154
f 432 419 433
f 432 2691 419
f 547 1195 2692
f 2314 1150 2693
f 1324 2309 1057
f 1095 1150 2310
f 1902 1985 1984
f 26 2308 1235
f 1095 2693 1150
f 1302 27 26
f 1293 1065 2315
f 319 2038 2037
f 2694 313 2695
f 1316 266 1317
f 313 2694 1954
f 1378 1313 1333
f 1475 1313 1115
f 1407 1327 1326
f 2307 568 2309
f 1057 2309 568
f 266 262 1317
f 2697 2698 319
f 547 2692 548
f 322 2699 315
f 1316 2306 266
f 2074 1969 289
f 1377 46 45
f 318 320 2700
f 2692 1437 548
f 1089 213 1090
f 2701 213 1418
f 212 2702 1419
f 1419 2702 1400
f 2060 334 2703
f 2060 2703 2704
f 2069 328 2070
f 2705 2706 2429
f 2707 1095 2708
f 1901 1903 2709
f 2085 1904 1857
f 335 351 333
f 402 1887 349
f 1064 37 2710
f 1063 2710 37
f 2711 2712 1835
f 2713 1883 344
f 1887 1886 2079
f 2081 1887 2079
f 1901 2709 380
f 372 355 2074
f 2714 2298 88
f 2715 1856 2716
f 344 351 361
f 1458 543 2717
f 2715 2718 1856
f 363 1856 2718
f 1489 1488 2303
f 371 356 372
f 404 1830 2719
f 404 2719 1843
f 444 1855 362
f 357 356 1764
f 1821 416 374
f 1821 374 373
f 1159 2720 1223
f 2295 1021 1020
f 2707 2708 734
f 689 2721 2431
f 414 1764 371
f 689 2722 2432
f 383 446 381
f 2723 1780 2087
f 2724 1820 2725
f 1444 1492 665
f 2086 419 390
f 419 2086 2726
f 391 2085 1766
f 1746 410 386
f 391 1766 392
f 1788 1770 1789
f 2727 699 594
f 682 683 2728
f 2729 2730 1762
f 456 1798 1825
f 2731 449 2732
f 2728 2733 2430
f 2292 1016 1656
f 1019 1656 1016
f 1829 404 1766
f 1733 2730 493
f 441 2096 2734
f 682 2728 2430
f 1523 2292 1656
f 412 414 1705
f 443 1855 444
f 2735 2736 1524
f 2735 1524 2286
f 1020 1022 2737
f 2112 385 417
f 1760 1757 1759
f 2738 2115 2739
f 452 454 1776
f 2740 1204 2741
f 1762 2730 1733
f 2742 2743 457
f 457 452 2744
f 1717 2119 2745
f 469 2467 2040
f 442 2746 464
f 1736 2747 1713
f 347 2258 1007
f 1739 1736 500
f 1736 1713 500
f 480 2748 1744
f 2468 1744 2748
f 2750 2751 2749
f 1625 474 472
f 1715 497 496
f 279 192 1704
f 496 2752 1715
f 2753 500 499
f 462 2754 514
f 2133 470 2041
f 2755 1219 1221
f 1709 1708 2756
f 1934 958 959
f 2013 957 2757
f 856 2752 496
f 856 496 483
f 2758 510 491
f 2132 2133 2131
f 2759 470 2134
f 1731 470 2759
f 1519 918 917
f 848 847 2760
f 1533 2761 881
f 1478 1661 2762
f 2763 512 530
f 2764 1677 1676
f 2764 2765 2152
f 2766 193 2767
f 2768 2769 508
f 2770 509 506
f 1596 761 1604
f 1227 2334 1225
f 1605 2771 1596
f 2155 2773 2156
f 2768 1972 2774
f 2769 2768 2774
f 2775 2769 2774
f 1549 2257 1550
f 524 2156 2773
f 2126 1549 1548
f 2776 2777 2778
f 2741 1204 2779
f 2780 2781 1540
f 926 2781 2780
f 2780 1540 2099
f 2100 2782 2099
f 2783 2094 406
f 2127 1548 1547
f 2120 1783 440
f 2787 2107 2106
f 2782 2780 2099
f 874 898 1553
f 898 874 899
f 904 907 906
f 1558 1557 2788
f 2789 2669 1296
f 2790 880 882
f 2349 2245 2791
f 2302 2792 2793
f 1004 1003 747
f 919 2301 2478
f 2302 821 2478
f 1568 2780 1569
f 821 2302 852
f 2302 850 852
f 2646 2794 2330
f 2794 2329 2330
f 2794 2795 2329
f 2796 854 2797
f 2537 869 1542
f 833 1570 832
f 2798 832 1570
f 2798 2791 2799
f 2800 2799 2791
f 830 2797 831
f 831 854 828
f 829 2234 827
f 1542 1598 2802
f 1542 2802 2537
f 1492 1444 606
f 2435 606 1444
f 2478 810 2227
f 2799 2477 2633
f 2223 2481 2648
f 797 2803 2481
f 1588 2804 1577
f 1581 1580 2805
f 1581 785 784
f 2806 1591 2232
f 1595 1591 2806
f 2803 796 723
f 2807 1594 1593
f 1593 794 2807
f 2808 812 2809
f 2809 2810 2808
f 2177 2811 565
f 1602 659 912
f 2166 2173 2186
f 2812 2813 814
f 814 2814 2812
f 725 790 2221
f 2813 2812 2815
f 2812 2814 696
f 1589 695 2816
f 1607 711 710
f 2817 2818 2819
f 768 1601 772
f 1612 2820 1614
f 1616 1614 1600
f 1600 727 1616
f 1612 1611 2821
f 2822 701 702
f 1617 2823 1615
f 1617 2824 2823
f 2188 2187 2192
f 2825 1615 2826
f 2214 2825 2827
f 2827 2828 2214
f 2826 2827 2825
f 2829 2830 2831
f 1628 2187 588
f 580 2203 578
f 583 586 585
f 1636 560 2215
f 589 2202 768
f 2832 2833 2834
f 578 622 621
f 584 2206 748
f 2210 589 2211
f 2835 589 2210
f 2836 587 2837
f 2838 2834 2827
f 2832 2838 2833
f 661 624 2827
f 622 2203 625
f 2215 694 693
f 660 1602 571
f 650 647 1614
f 2839 653 656
f 2839 648 653
f 655 2839 656
f 2840 2205 2841
f 2204 2841 2205
f 2203 2842 2204
f 586 2840 1634
f 2841 1634 2840
f 2843 2844 671
f 694 1646 579
f 2193 2198 2845
f 575 577 2845
f 1614 2216 1613
f 2821 1611 648
f 648 2839 1589
f 1589 2821 648
f 1632 1634 2841
f 2841 2842 1632
f 1602 660 659
f 2839 2217 695
f 695 1589 2839
f 2815 696 2844
f 696 2814 697
f 761 2846 1603
f 1628 2847 2187
f 2847 2192 2187
f 2198 2193 2848
f 1555 1576 693
f 701 2822 761
f 2849 1599 2850
f 761 749 701
f 2196 582 2186
f 749 782 750
f 2807 794 1600
f 2851 1594 1612
f 1632 2186 1633
f 2657 725 791
f 725 792 791
f 580 1644 552
f 1644 579 1645
f 1004 2206 1982
f 1581 2805 785
f 781 784 782
f 813 812 2852
f 2477 2223 790
f 2228 2233 1591
f 2228 2234 2233
f 843 1567 1593
f 843 1593 2232
f 2233 2232 1591
f 2853 809 821
f 2478 821 810
f 1552 2479 1585
f 2241 1598 1542
f 1553 798 1561
f 1639 2186 1632
f 1561 2544 2854
f 843 1566 1567
f 1567 1566 880
f 1647 550 1645
f 2227 1597 2242
f 911 772 912
f 911 771 772
f 2463 2465 2772
f 914 899 2244
f 2246 2245 2350
f 561 565 2811
f 2249 2257 940
f 1547 1550 2301
f 1528 1554 898
f 939 2855 901
f 940 939 901
f 1549 2126 2856
f 946 882 2761
f 2857 2858 2859
f 915 882 946
f 2860 940 1549
f 959 2099 1934
f 1536 947 1934
f 2013 898 900
f 881 866 973
f 2861 1022 2023
f 309 1983 1640
f 989 1543 990
f 2862 1528 898
f 2273 918 2863
f 2863 918 1519
f 2811 2864 561
f 1532 1531 1666
f 2171 545 544
f 2862 1526 1528
f 2862 2865 1529
f 1022 2861 2866
f 1658 1526 2862
f 1658 2862 1529
f 2867 2286 2285
f 1523 1522 2293
f 1023 2868 1024
f 1011 1012 1013
f 1013 1336 1011
f 2869 2870 1668
f 1668 2870 1014
f 988 1022 1035
f 676 1494 610
f 2871 1023 1511
f 1035 1022 1021
f 1063 542 1336
f 2294 1526 161
f 1526 1033 161
f 2297 1061 2872
f 2295 2872 1061
f 2710 1491 1064
f 2303 1490 1489
f 308 307 2294
f 2873 2714 88
f 2817 2434 2733
f 1097 539 27
f 261 537 262
f 1068 262 537
f 1419 536 1420
f 1420 1432 1418
f 1432 1431 1418
f 329 1418 1431
f 161 308 2294
f 25 566 2307
f 2305 38 2303
f 1397 2874 1377
f 546 1061 225
f 213 212 1418
f 213 2701 1090
f 1090 1070 1091
f 225 227 1106
f 2335 1239 1246
f 1256 2647 2875
f 132 1065 131
f 2693 1381 2314
f 523 1664 2876
f 1057 1437 2692
f 1781 2877 86
f 2462 308 1081
f 2151 530 2878
f 2878 2144 2151
f 1067 991 2879
f 1158 992 1105
f 2776 531 2777
f 778 777 2880
f 664 709 717
f 717 663 664
f 2129 2880 2881
f 1065 1066 1308
f 1164 1111 1330
f 1109 1111 1164
f 2155 2882 2773
f 2884 193 2766
f 1782 86 2317
f 1987 2315 1308
f 2689 1148 2885
f 1106 1312 1252
f 1149 1123 1125
f 1149 1338 1147
f 1125 1338 1149
f 2765 2764 2886
f 2887 1164 2687
f 2678 2677 2888
f 2889 2678 2888
f 2314 2684 1150
f 847 2890 2139
f 1159 1105 1315
f 2891 2892 2893
f 2892 1161 2687
f 1161 2887 2687
f 2645 1256 2894
f 2794 2645 2894
f 2894 2795 2794
f 1278 1150 2895
f 2894 1258 2795
f 1258 1185 2795
f 1151 1150 1279
f 2461 1582 2462
f 2136 510 32
f 1158 1159 2328
f 1146 2462 2313
f 1210 1146 2313
f 1661 2753 2762
f 2457 1155 1296
f 1168 2316 1214
f 1264 1208 2329
f 2896 1264 2329
f 2480 2316 2897
f 848 2125 849
f 849 2125 192
f 1160 1246 1217
f 2898 2676 1196
f 1146 2899 2461
f 1206 1205 1208
f 1208 1207 2329
f 2899 1273 2461
f 1107 1153 2457
f 1186 2639 2779
f 2900 2779 2639
f 1217 1246 1218
f 2901 1207 1209
f 2595 1221 2480
f 2664 1183 2665
f 2901 1209 2647
f 1207 2901 2902
f 1146 1210 1142
f 2755 1221 2595
f 1220 1215 2903
f 1215 1214 2903
f 2330 2901 2647
f 2666 2329 2795
f 1184 2666 2795
f 1183 2666 1184
f 2904 1702 427
f 485 487 481
f 1187 1218 1188
f 2779 1206 2905
f 2014 1710 2015
f 520 413 504
f 2330 2647 2646
f 2906 1187 1186
f 1146 2907 2899
f 1742 2753 1660
f 1186 2779 2906
f 1660 1659 1742
f 479 451 2746
f 1129 1240 1189
f 2908 1231 1230
f 1261 1249 1174
f 2457 1100 1107
f 480 1744 1745
f 480 1745 1747
f 1712 1866 357
f 1188 1117 1116
f 2720 1203 1077
f 2470 2469 2909
f 452 2470 2910
f 483 446 445
f 2911 1144 1229
f 2661 2912 2617
f 2617 2911 2661
f 466 2120 2122
f 451 464 2746
f 421 1682 2754
f 2913 2914 2341
f 2341 1256 2913
f 1255 1258 1256
f 1255 1257 1258
f 1140 1228 1031
f 1304 1055 2915
f 1280 1243 1120
f 2125 2916 2112
f 2119 453 2917
f 2917 2745 2119
f 2745 2917 2738
f 1055 1034 2918
f 438 422 443
f 1039 1239 1227
f 463 1705 1784
f 2341 1079 1078
f 1087 1257 1254
f 1087 2341 1088
f 2919 2920 2627
f 2919 1127 2920
f 2921 1138 2623
f 1289 2922 2339
f 443 422 403
f 1239 2344 1118
f 1274 2907 1323
f 2353 1052 1086
f 386 385 2112
f 1048 1241 1046
f 453 1834 454
f 446 383 447
f 1773 1772 2101
f 493 2730 2101
f 2366 2351 1118
f 1015 1056 1305
f 449 1834 453
f 409 408 392
f 2607 2355 2608
f 1050 1075 1030
f 1310 2358 967
f 1778 382 381
f 1314 1051 2923
f 2359 1099 1311
f 2365 2924 2925
f 2923 2363 1357
f 1332 964 1331
f 1812 2926 2927
f 2357 971 836
f 1319 2928 1334
f 2929 2359 1311
f 2364 2930 2931
f 617 619 2932
f 397 399 440
f 2932 2493 617
f 391 393 2085
f 982 981 1354
f 401 2933 360
f 1823 2084 2934
f 1350 980 2935
f 984 2359 2929
f 401 360 353
f 942 1359 944
f 1360 1356 1371
f 2084 382 2937
f 924 2367 2559
f 1354 2367 924
f 928 2938 1373
f 2939 2940 376
f 2941 1387 1389
f 1393 1395 2942
f 2942 1390 1393
f 1391 2942 910
f 1388 909 2385
f 1764 356 371
f 1402 1384 1385
f 1399 2387 924
f 2387 2943 924
f 1349 835 708
f 909 859 2944
f 2944 2945 909
f 800 2946 801
f 857 859 909
f 909 887 857
f 385 352 374
f 2947 2948 861
f 2948 2949 2950
f 861 2948 2950
f 2951 858 2950
f 861 2950 858
f 801 984 823
f 1798 2059 1825
f 2952 344 2953
f 2952 2954 344
f 2393 795 1422
f 1422 795 758
f 395 2529 823
f 2954 2958 344
f 2959 1856 349
f 2959 349 1879
f 2960 369 1888
f 367 1888 369
f 834 708 835
f 394 396 804
f 1223 2720 1133
f 2962 820 2963
f 2524 820 2962
f 805 818 820
f 344 346 2713
f 1619 2964 1618
f 2528 2525 2524
f 2965 317 1909
f 800 2410 2520
f 2073 2966 337
f 2073 336 2967
f 732 731 1443
f 2968 374 2061
f 673 2540 700
f 2279 2003 2280
f 1465 1455 759
f 1457 754 1470
f 1470 754 1471
f 2508 2969 2509
f 1414 1482 1481
f 2427 2508 704
f 1461 1460 1444
f 2504 1444 2510
f 2404 689 2432
f 2432 1496 2404
f 1496 2438 2404
f 2438 1464 2421
f 2437 1464 2438
f 691 2721 689
f 380 2970 1901
f 691 2971 2721
f 698 594 699
f 2817 2733 2818
f 2728 2818 2733
f 2733 2434 2972
f 632 834 630
f 2971 609 1500
f 2721 2971 1500
f 2973 643 644
f 640 639 642
f 2434 1501 606
f 2434 2932 1501
f 617 2974 626
f 2975 1502 620
f 1499 2449 594
f 2976 323 2977
f 2065 2064 2700
f 678 2496 2452
f 2731 2978 449
f 1508 2490 1509
f 1503 2442 1504
f 2442 1503 1509
f 613 2450 2439
f 599 1512 600
f 2484 2979 2451
f 2980 2448 1509
f 2485 605 2448
f 595 594 593
f 1482 2447 574
f 2981 323 1908
f 593 1517 2482
f 593 598 1517
f 1516 2454 2482
f 2454 595 2482
f 572 2447 2455
f 1516 1520 2455
f 328 1953 333
f 572 2455 1520
f 2697 319 318
f 318 2983 2697
f 320 319 1920
f 2340 1237 1134
f 1954 2984 1953
f 555 553 549
f 2029 2985 297
f 2986 2987 2988
f 1990 2987 1991
f 288 2001 284
f 2008 1993 2009
f 1993 2989 2009
f 2989 286 2009
f 284 2990 2012
f 1789 1812 1790
f 282 269 2679
f 269 282 292
f 292 271 269
f 601 2721 2991
f 2992 651 650
f 2992 2993 651
f 651 2993 2994
f 1784 414 392
f 269 2005 270
f 2995 234 1986
f 637 2449 1499
f 2439 2996 614
f 1133 1132 1223
f 2827 586 650
f 2827 624 2838
f 625 2838 624
f 2835 2210 2998
f 248 1976 2049
f 2057 2999 246
f 3000 1976 3001
f 3000 233 229
f 1976 3000 229
f 273 2668 242
f 2652 222 224
f 1943 1970 1971
f 250 178 2668
f 220 2641 218
f 1960 3005 3006
f 3007 1963 3008
f 210 209 194
f 1971 2628 189
f 2834 586 2827
f 2838 625 2205
f 187 220 181
f 3009 3010 3011
f 3012 190 1927
f 190 189 1927
f 1916 1911 1933
f 174 170 182
f 1914 181 180
f 2626 2624 170
f 1273 2899 2907
f 177 138 1915
f 620 2445 3013
f 165 3014 1914
f 3015 152 3016
f 138 177 3017
f 3013 2445 605
f 1867 2599 152
f 1890 3018 3019
f 3020 117 2597
f 3021 2598 3022
f 604 2975 3013
f 1872 1873 2590
f 3023 139 138
f 138 1846 3023
f 2589 1867 3024
f 117 1873 1861
f 3025 2598 2573
f 1892 2573 2598
f 3024 3026 3027
f 3024 1867 3026
f 604 3013 605
f 139 3023 2164
f 2573 2578 3025
f 2169 1863 115
f 1853 1872 1875
f 2170 1864 3028
f 3029 3030 591
f 591 589 3029
f 98 102 103
f 3031 2578 2573
f 1842 1851 108
f 2561 78 96
f 3031 2183 2182
f 1034 2789 2918
f 82 94 77
f 2445 620 2444
f 3032 62 64
f 61 60 1826
f 7 2483 1689
f 1795 43 61
f 83 1795 61
f 2190 64 48
f 63 48 64
f 1801 3033 3034
f 15 6 2488
f 3035 2197 52
f 2197 48 63
f 1792 2180 1793
f 2229 2231 3039
f 1728 3040 1727
f 1755 1750 2230
f 24 19 2511
f 3041 1755 2229
f 1791 1793 2212
f 3041 23 2220
f 2207 1756 2208
f 1800 2212 1751
f 1786 1785 1754
f 1751 1754 1785
f 2213 1753 1730
f 2208 3041 2220
f 1756 3041 2208
f 2560 1753 2180
f 2220 23 36
f 1729 2212 1793
f 2536 1767 3036
f 2514 24 2511
f 1729 2213 1730
f 2836 586 583
f 29 28 40
f 40 2181 29
f 2201 2197 3035
f 3033 1801 1800
f 3042 2201 3035
f 52 2197 53
f 68 2180 1792
f 2201 1808 3043
f 1730 1752 22
f 43 2546 60
f 2552 3044 1803
f 48 57 1816
f 2558 77 44
f 2536 1827 65
f 62 2552 2194
f 3031 1827 2536
f 73 2189 57
f 1752 20 22
f 2358 2789 1034
f 3045 68 1831
f 3046 79 3047
f 2181 40 1847
f 14 2231 1698
f 12 1722 3048
f 103 101 3049
f 104 103 3049
f 1721 7 9
f 2575 3050 3051
f 110 108 1860
f 1863 2170 3028
f 2163 2578 2562
f 1865 2576 115
f 1635 2202 2200
f 12 3048 2266
f 3052 3053 3054
f 2168 3052 3055
f 2168 3053 3052
f 1876 1875 1872
f 113 2167 111
f 1876 1872 2582
f 12 2266 13
f 115 117 2169
f 113 114 3056
f 1872 3019 2583
f 3057 3058 2598
f 3057 2598 3021
f 2599 1867 2588
f 2588 2589 3059
f 1896 2598 3060
f 124 123 122
f 3061 2598 3062
f 3017 1846 138
f 3061 3060 2598
f 1896 3060 3063
f 3064 1896 3063
f 3065 1896 3064
f 3064 3063 3066
f 3066 3065 3064
f 3067 3066 3063
f 146 1896 3066
f 3068 1897 2611
f 3016 152 3069
f 146 3066 3070
f 152 3015 3071
f 1056 1055 1304
f 151 2149 141
f 151 3072 2149
f 454 1834 1802
f 1138 1257 1282
f 2978 1836 449
f 2840 586 2833
f 3074 152 154
f 3074 3075 152
f 143 165 164
f 2619 159 150
f 2361 2357 1294
f 168 1912 2619
f 1911 168 169
f 1917 169 155
f 1930 3076 3077
f 1930 3077 1931
f 1933 182 170
f 2117 167 3078
f 2618 1927 2628
f 180 208 163
f 1942 197 201
f 2090 1947 183
f 2097 183 1947
f 178 1915 2083
f 2083 3079 3080
f 2206 584 2178
f 1963 2083 2636
f 2640 1964 3082
f 219 179 220
f 3083 3082 1964
f 3084 1963 3007
f 1965 1964 2091
f 1965 2091 208
f 2643 3083 1964
f 3085 2642 1964
f 208 207 1965
f 217 216 3086
f 217 3086 2651
f 3085 1964 229
f 231 3087 3085
f 3088 222 2652
f 3089 247 222
f 3089 222 3088
f 3089 3090 247
f 596 674 608
f 228 1975 1974
f 1978 258 242
f 1282 1286 1138
f 253 1970 2995
f 2617 1054 2911
f 3092 281 3093
f 281 3092 293
f 292 291 3094
f 300 2027 295
f 2696 1986 299
f 292 3095 305
f 3096 305 3095
f 2696 1984 1986
f 3097 1992 1981
f 2029 2028 2032
f 2031 2032 2037
f 2032 2028 3098
f 1949 305 304
f 2200 564 1635
f 1133 1077 1043
f 3099 1920 319
f 1052 1031 1228
f 305 1905 1909
f 334 1953 2053
f 316 305 1909
f 328 2069 2058
f 1899 2059 2696
f 2064 2067 2700
f 2067 3100 2700
f 2072 1969 2074
f 3101 2429 323
f 3101 323 2976
f 2429 2706 338
f 334 2061 374
f 335 334 374
f 1887 337 2966
f 1830 2429 337
f 349 1887 2081
f 3102 1835 1836
f 372 2074 317
f 1768 2059 1798
f 358 1870 1877
f 359 358 3103
f 2239 380 2709
f 370 2965 2085
f 383 382 2084
f 1813 383 1822
f 1812 1813 2926
f 2450 2487 3104
f 416 1820 2724
f 2724 3105 416
f 1771 1774 1769
f 2487 2450 613
f 1776 1777 2095
f 2980 1509 2490
f 418 419 436
f 2691 436 419
f 2980 2489 3104
f 2466 2783 406
f 2585 1659 2109
f 3107 2585 2109
f 2585 3107 3108
f 3108 425 2585
f 403 422 1765
f 2043 2467 406
f 1732 3109 2783
f 2754 407 421
f 3110 3111 3112
f 2739 3113 2738
f 2120 439 2121
f 411 1744 2468
f 450 2118 3114
f 442 1778 478
f 1736 3110 3112
f 1736 3112 2747
f 2470 2909 3115
f 2909 465 467
f 490 493 492
f 485 481 3116
f 1747 481 480
f 1705 1681 412
f 1708 1710 2014
f 2754 1682 515
f 491 2468 2748
f 1708 2014 3117
f 2130 2468 491
f 500 3118 501
f 3119 501 3118
f 579 1646 1645
f 3120 2756 1708
f 499 2762 2753
f 3121 1708 3117
f 3122 1836 2978
f 507 3123 3124
f 1480 501 3119
f 2890 849 1955
f 1673 3125 1478
f 508 2769 506
f 3125 3126 1478
f 3127 2777 279
f 3127 279 3128
f 2144 2145 2150
f 2154 1677 2152
f 3129 1669 3130
f 3131 2153 2156
f 545 561 2864
f 1118 2344 2366
f 985 1108 1099
f 1639 1638 2166
f 592 3132 593
f 551 2166 1638
f 557 3133 558
f 2195 1633 2186
f 2842 580 1638
f 1644 580 579
f 332 2970 380
f 583 587 2836
f 2833 586 2834
f 366 368 3134
f 622 578 2203
f 589 2835 3135
f 2992 586 2836
f 694 2215 560
f 2992 2837 2994
f 3136 3137 1283
f 563 571 1602
f 657 3138 658
f 658 672 669
f 2824 3139 661
f 2824 661 1615
f 1620 669 695
f 671 695 669
f 724 1623 1621
f 1636 1575 2206
f 3140 3141 3142
f 3143 1605 1606
f 1604 1606 1596
f 692 1555 693
f 718 723 717
f 2771 3144 1596
f 1596 3144 3145
f 1594 2807 3146
f 1612 1594 3146
f 2851 1612 1591
f 718 711 2223
f 724 723 796
f 2806 1593 1595
f 1586 776 1585
f 769 771 2236
f 760 2227 810
f 2227 761 1597
f 3147 2632 2799
f 2799 2632 788
f 2799 788 2798
f 832 2798 788
f 2477 2476 2223
f 2799 2800 2477
f 2476 3148 2481
f 852 851 809
f 821 852 2853
f 2538 867 869
f 2796 855 854
f 1553 1552 798
f 880 1568 1567
f 1565 842 865
f 2798 1569 2780
f 3149 2245 2244
f 2782 2791 2798
f 2780 2782 2798
f 2349 2791 2782
f 882 2780 3150
f 2790 882 3150
f 2453 631 1514
f 2792 2302 2249
f 2251 771 954
f 2250 954 3151
f 959 2100 2099
f 927 1934 926
f 2857 2859 2023
f 918 2856 2126
f 951 3152 952
f 952 2855 939
f 1041 1043 1076
f 912 1009 1008
f 1030 1141 1031
f 1533 1534 1000
f 2273 3153 918
f 911 913 1024
f 2263 1529 3154
f 1530 2263 958
f 1934 947 1521
f 3155 1290 1288
f 3155 3156 1290
f 1528 1527 1640
f 2271 3157 2273
f 2937 382 3158
f 2276 2275 2270
f 2272 2276 2270
f 3159 2868 1023
f 307 309 1640
f 2296 1020 1572
f 2870 3160 1485
f 162 1032 1017
f 389 1841 1840
f 1020 2296 2295
f 1005 1010 1003
f 3161 1027 3162
f 2710 1336 1491
f 1489 2870 1487
f 2870 1485 1487
f 1484 1485 961
f 1485 962 961
f 734 1024 2707
f 1028 539 88
f 1416 1010 1005
f 734 2708 735
f 3163 3164 1433
f 2873 88 3165
f 308 1328 309
f 1021 548 1437
f 212 1419 1418
f 2877 87 86
f 3166 90 262
f 1366 1400 303
f 303 1400 2702
f 1095 2707 2693
f 1316 38 2305
f 2306 1316 2305
f 39 992 1062
f 2311 160 1067
f 214 1122 1366
f 1291 1381 1292
f 992 991 1103
f 27 1302 1096
f 1126 1122 214
f 1105 1316 1315
f 1010 1171 1192
f 2462 1582 308
f 1313 1475 1719
f 1327 1407 2620
f 1092 1096 2317
f 1832 1066 3167
f 1308 1066 1309
f 2879 2663 2312
f 993 2663 2879
f 3168 2310 3169
f 2006 1299 1317
f 1291 2684 2314
f 1252 1251 1106
f 2311 2312 2325
f 2308 2309 1199
f 132 2883 2682
f 2682 2883 3170
f 2324 1291 3171
f 3172 3171 1291
f 2684 1291 2324
f 1199 2309 1324
f 1264 3170 2683
f 1264 3173 3170
f 2682 3173 1264
f 3167 2682 2681
f 3174 3175 1152
f 595 2454 596
f 593 2482 595
f 2677 2676 2898
f 1180 1179 1262
f 2450 3176 592
f 592 2451 3132
f 3177 1262 1176
f 2489 2450 3104
f 3178 2450 2490
f 2490 1508 3178
f 1196 2676 1197
f 1189 1270 1190
f 1216 1268 1251
f 607 597 596
f 1271 1270 1203
f 1193 1200 1194
f 1296 2677 2898
f 674 596 712
f 603 609 611
f 594 597 703
f 1505 2441 642
f 643 1505 642
f 1494 611 610
f 2444 629 2500
f 2444 2500 640
f 627 620 3179
f 627 2497 629
f 2500 629 2497
f 2491 616 1493
f 612 614 615
f 2620 1226 1327
f 674 712 675
f 1220 2903 1221
f 1238 1224 1249
f 1249 1212 1238
f 1206 1187 2906
f 2905 1206 2906
f 1166 1170 2331
f 2789 1296 2898
f 2431 2721 1495
f 1495 2721 601
f 678 677 2496
f 1130 2667 1107
f 3180 2593 3181
f 1203 1189 1077
f 2501 2499 2505
f 2501 2505 1473
f 2497 2503 1472
f 639 2501 1468
f 1473 1468 2501
f 594 703 2727
f 2779 1204 1206
f 1182 3182 1183
f 3182 3183 1183
f 615 614 1461
f 3184 3185 3186
f 1497 2431 3187
f 2741 2779 2900
f 2972 799 2430
f 2327 2661 2911
f 1304 2915 1211
f 799 2504 2510
f 1469 1467 1468
f 1462 1468 1467
f 1462 1467 1463
f 1226 2357 1253
f 1186 1188 1116
f 1116 1247 1186
f 2639 2638 2900
f 2900 3188 2342
f 377 3158 382
f 1166 2331 1167
f 691 2269 3189
f 1077 1240 3190
f 1213 1304 1211
f 2638 1079 3188
f 736 2428 2424
f 3158 377 3191
f 3191 377 379
f 2397 2396 2399
f 1100 2669 1098
f 1098 2669 2789
f 1098 2789 2358
f 700 597 673
f 773 676 2078
f 1077 1133 2720
f 1119 1280 1120
f 743 741 740
f 743 742 741
f 1443 1439 716
f 714 716 3192
f 716 3193 2519
f 3192 716 2519
f 1273 2907 1274
f 736 2403 737
f 744 743 2517
f 745 2517 746
f 774 708 677
f 1450 1449 1430
f 3194 3195 540
f 752 3196 1619
f 1075 1050 1073
f 1283 1282 1297
f 1283 3137 3197
f 1281 3197 3137
f 1286 1281 3137
f 3198 1284 1286
f 757 1421 758
f 1274 1002 1272
f 3137 3198 1286
f 3198 3199 1284
f 3199 3200 1284
f 823 2418 2403
f 985 1076 1108
f 1618 2964 3201
f 3201 751 1618
f 751 3201 1423
f 756 751 1423
f 2343 1272 953
f 1053 1052 3202
f 3203 2402 2396
f 2395 3203 2396
f 1310 1098 2358
f 2352 1080 2584
f 1311 1099 1098
f 965 1015 1305
f 1053 2608 1320
f 3205 2604 3206
f 3205 3207 2602
f 1423 3208 3209
f 3210 3211 3212
f 2406 3211 3213
f 1422 2406 3213
f 965 1305 942
f 1415 897 728
f 1398 2387 3214
f 879 878 1076
f 870 860 2389
f 2393 3215 2392
f 3215 2547 2392
f 2392 2547 2548
f 2392 2548 1374
f 3216 1357 2363
f 984 985 2359
f 1357 1359 2923
f 891 894 893
f 894 891 910
f 801 2946 878
f 835 1349 1038
f 922 1331 966
f 1350 1374 980
f 986 980 1375
f 3217 1394 1393
f 1385 3218 1351
f 1350 3218 1385
f 3219 1368 1370
f 1373 2938 1360
f 2386 963 1388
f 963 965 1388
f 1390 890 941
f 264 1306 2946
f 1388 942 941
f 2360 1038 1349
f 1374 1382 1375
f 966 2550 922
f 928 944 2938
f 1390 910 890
f 1373 1371 1368
f 937 945 2539
f 2539 2360 1349
f 895 2382 2540
f 1345 1343 1362
f 879 984 801
f 3221 2572 1369
f 1371 3221 1369
f 395 921 920
f 3222 3215 2393
f 2393 3223 3222
f 967 1331 922
f 1375 1382 3224
f 1403 2534 2400
f 1385 2534 1403
f 1343 987 1382
f 987 3224 1382
f 2541 3225 1409
f 384 352 385
f 920 2541 396
f 945 2360 2539
f 1402 1405 429
f 824 428 1384
f 986 3224 987
f 921 2929 1311
f 2401 1405 1404
f 429 1405 825
f 774 773 937
f 1446 265 264
f 2373 895 1002
f 819 3203 2963
f 3226 2401 2533
f 1440 3226 2531
f 2401 3226 2530
f 2530 3226 1440
f 826 2530 1425
f 3227 3228 3229
f 3229 3228 3230
f 2360 1039 1038
f 834 836 1201
f 2416 844 846
f 1334 2928 3231
f 1334 3231 3232
f 1427 431 1425
f 1449 795 1430
f 1447 395 1448
f 978 3233 2584
f 2516 3234 2518
f 1448 1584 2007
f 3235 2351 934
f 1030 1029 2363
f 775 774 677
f 766 1449 2280
f 2280 2003 766
f 1465 759 2279
f 799 2423 2425
f 773 775 676
f 3236 3237 720
f 3238 3236 720
f 742 3238 720
f 720 741 742
f 2425 2424 799
f 1414 713 1482
f 2512 1244 2982
f 2421 1463 2280
f 689 2404 690
f 1303 2351 3235
f 691 3189 2971
f 1474 3239 1476
f 1474 1476 1461
f 1462 1464 2437
f 2972 2504 799
f 2503 3240 3241
f 627 2503 2502
f 3240 2503 627
f 3242 715 2077
f 3242 609 715
f 3242 2078 610
f 2433 2504 2434
f 2504 2972 2434
f 2603 3199 2605
f 707 632 631
f 2366 2344 2360
f 2493 2434 2817
f 2494 2493 2817
f 2437 1498 1503
f 1503 2973 2437
f 2996 636 614
f 2996 2449 636
f 636 2449 637
f 3243 620 3013
f 3243 2975 620
f 3156 3155 2603
f 3199 2603 3155
f 3155 3200 3199
f 2453 707 631
f 2453 2496 707
f 1500 2991 2721
f 1301 1167 2343
f 1507 1498 1495
f 1507 1503 1498
f 603 611 598
f 611 1517 598
f 2450 592 2449
f 2449 592 594
f 1297 3136 1283
f 1512 2451 592
f 611 1506 1517
f 2452 1515 678
f 1030 1075 1141
f 1282 2352 1298
f 1516 2455 2454
f 1332 2358 1034
f 1075 1261 1141
f 1284 2622 1285
f 1286 1285 2623
f 774 937 1349
f 1086 1280 1084
f 1085 1127 2919
f 1144 2911 2345
f 1272 2326 1273
f 2343 2326 1272
f 2914 2342 2341
f 3188 1079 2342
f 1079 2638 1247
f 1131 2617 2912
f 1055 2918 2915
f 2907 1146 1145
f 1131 2912 1222
f 1229 2327 2911
f 1253 1227 1226
f 2875 2647 2913
f 3244 2741 2342
f 2741 3245 2342
f 3245 2900 2342
f 1231 2908 1232
f 1243 1268 1242
f 2620 2357 1226
f 1220 1232 1215
f 1174 1249 1224
f 3180 2755 2593
f 2327 2662 2661
f 1210 2327 1229
f 1159 1203 2720
f 2755 2595 2593
f 2915 1198 1211
f 1172 1199 1139
f 1200 1139 1199
f 2903 1214 2480
f 1639 2166 2186
f 1270 1189 1202
f 2667 1153 1107
f 2915 1196 1198
f 1159 1271 1203
f 2595 2480 2897
f 1245 2335 1246
f 2461 1273 1582
f 2663 1158 2328
f 2620 1408 2333
f 1211 1782 3246
f 1506 678 1515
f 2892 2891 3247
f 3174 1152 3248
f 1327 1225 1325
f 3246 2317 1212
f 1193 1195 547
f 2312 2663 2662
f 2662 2325 2312
f 378 3249 3250
f 1198 2129 1782
f 1163 1164 2887
f 2892 2687 2893
f 2129 1197 2889
f 1150 2684 2895
f 3246 1782 2317
f 2689 1154 1153
f 1148 2689 1153
f 3172 1291 3251
f 3252 3251 1291
f 1275 3252 1291
f 1275 1291 1293
f 2620 1407 1408
f 1295 1845 2677
f 1845 3253 2677
f 3254 1156 1155
f 3169 2310 2686
f 3253 3255 3256
f 2889 3257 2129
f 1057 2692 1195
f 2682 1066 132
f 2690 2885 3258
f 86 1092 2317
f 2313 2311 2325
f 2006 1366 1365
f 2006 1317 1366
f 1067 2879 2312
f 1313 1378 1115
f 1105 38 1316
f 1367 1781 777
f 2311 1081 160
f 91 3166 262
f 1292 131 1065
f 91 266 1401
f 160 1081 161
f 1106 1397 1377
f 3260 2708 1094
f 1416 1171 1010
f 2877 3261 87
f 131 1292 1045
f 566 568 2307
f 2303 260 89
f 543 1060 1059
f 2707 1008 1381
f 1021 2295 1061
f 1050 1030 2363
f 1026 2298 3162
f 1491 1336 1013
f 1416 1005 309
f 347 1006 566
f 3262 1001 2291
f 2291 1522 3262
f 2291 2293 1522
f 2293 2292 1523
f 1017 1032 1658
f 360 351 353
f 1001 1000 2290
f 3262 1521 2264
f 1001 3262 2264
f 1521 1523 1657
f 1000 1534 1012
f 309 1005 1982
f 337 1843 2719
f 337 2719 1830
f 957 3154 2865
f 2865 2862 2757
f 2757 957 2865
f 996 970 3263
f 2273 3157 3153
f 1024 2868 911
f 970 969 3263
f 955 911 2868
f 948 3264 949
f 1841 368 369
f 990 2023 1022
f 947 946 1533
f 2862 898 2013
f 1551 1996 1995
f 952 3152 2855
f 2258 917 2242
f 990 1543 869
f 355 357 1866
f 940 901 902
f 2447 572 574
f 918 2127 919
f 916 926 2780
f 1983 1555 1554
f 2242 917 2227
f 3265 2254 869
f 2796 904 903
f 855 2796 903
f 829 855 903
f 2302 2301 2300
f 869 1543 1542
f 193 278 2767
f 1560 2243 876
f 1574 1576 1983
f 1983 1576 1555
f 3266 2237 771
f 2476 2475 3149
f 1982 1575 1574
f 1009 912 780
f 797 2544 1561
f 798 797 1561
f 840 781 839
f 839 781 809
f 1555 3267 2479
f 2803 2648 2481
f 798 1585 776
f 2537 1598 3268
f 811 814 812
f 2804 1588 3269
f 1588 1587 3269
f 2537 3268 3270
f 786 760 781
f 1598 1599 3268
f 3268 1599 2849
f 1576 1575 693
f 2816 695 1587
f 1591 2821 1592
f 1591 1612 2821
f 378 377 3249
f 1697 2267 2488
f 727 726 2219
f 362 3249 377
f 2262 17 2261
f 2822 2846 761
f 702 688 686
f 724 692 1623
f 1721 20 7
f 1615 2825 1616
f 694 1623 692
f 1610 662 661
f 710 709 664
f 16 2261 17
f 2211 768 3140
f 2830 2829 2210
f 2210 2209 2830
f 3271 2830 2209
f 21 1720 1725
f 2828 2827 650
f 633 3272 634
f 19 2231 14
f 2231 19 3039
f 1725 1729 22
f 2211 589 768
f 1726 2230 1750
f 3040 1722 2507
f 2230 2229 1755
f 2229 3039 3041
f 36 2523 34
f 2542 1756 2207
f 2213 1793 2180
f 580 2842 2203
f 370 317 2965
f 370 372 317
f 2207 35 49
f 2197 1786 2542
f 1800 1785 1787
f 2197 2542 48
f 3033 1800 3273
f 3274 3273 1800
f 2536 3036 3031
f 2558 42 1794
f 1638 1632 2842
f 62 2194 63
f 54 56 1814
f 83 2558 1794
f 2173 2200 2187
f 3275 48 3276
f 3235 981 1303
f 2173 2187 2186
f 76 75 68
f 76 68 72
f 2363 2923 1050
f 1050 2923 1051
f 3047 79 1826
f 81 83 61
f 580 552 1638
f 84 83 3277
f 3277 83 81
f 1847 40 1848
f 3278 68 3045
f 1827 3031 2573
f 2176 100 77
f 2176 77 92
f 3279 94 3280
f 3280 94 3281
f 3279 2176 93
f 552 551 1638
f 1645 550 1644
f 1852 98 1853
f 103 1853 98
f 559 1647 1646
f 1300 1301 2368
f 1853 3282 2172
f 1873 1853 1861
f 2163 2562 1847
f 2576 3052 3054
f 111 3283 112
f 121 3025 2578
f 2360 945 2366
f 1873 3284 3285
f 361 3286 344
f 2598 3058 3062
f 129 2586 113
f 3287 152 2599
f 3287 2599 3288
f 142 125 3289
f 544 2166 551
f 2171 550 1647
f 2612 3068 2610
f 2615 123 2148
f 2148 123 124
f 2615 3290 3291
f 3014 3289 3017
f 3072 151 3292
f 151 141 150
f 140 152 167
f 3293 2618 3073
f 1910 152 3075
f 3293 3294 2618
f 170 3295 171
f 3295 3296 171
f 1927 2618 3297
f 3297 2618 3298
f 2618 3294 3298
f 3299 3300 1931
f 3300 3301 1931
f 1931 3077 3299
f 174 1931 3301
f 1928 1927 3297
f 182 1933 183
f 2630 1931 3302
f 3012 1927 1926
f 1936 1935 3303
f 194 3304 1935
f 198 3305 197
f 1622 2864 2811
f 205 3305 198
f 3306 197 3305
f 1947 2090 1945
f 186 1943 1942
f 2090 2091 1964
f 1945 2090 2640
f 2668 178 2083
f 207 179 219
f 2668 2083 242
f 219 1965 207
f 3309 2878 530
f 1520 1515 2452
f 2700 320 2065
f 402 1855 403
f 3309 530 529
f 1976 229 1974
f 1622 2135 533
f 1669 3129 1670
f 253 240 1970
f 1677 2764 2152
f 531 279 2777
f 279 3310 3128
f 1479 1673 1478
f 3126 1661 1478
f 1985 253 2995
f 2138 2886 1676
f 1985 3091 253
f 271 273 269
f 511 2758 491
f 511 491 502
f 2002 521 1682
f 281 292 282
f 3311 3091 1985
f 496 1626 483
f 2362 3216 2363
f 1359 942 2923
f 500 3312 3119
f 288 3313 286
f 942 1314 2923
f 2000 284 2001
f 498 1624 1626
f 2041 2045 2130
f 2045 2468 2130
f 471 479 478
f 3314 1993 1992
f 479 2746 442
f 316 289 271
f 503 413 412
f 3315 2916 2128
f 2118 2119 3316
f 1717 1716 2119
f 483 478 446
f 2035 3097 1981
f 1981 1968 313
f 2124 466 2122
f 451 2002 1682
f 473 474 2002
f 312 1981 313
f 2469 2095 466
f 2469 465 2909
f 2469 2470 1776
f 2036 1981 312
f 319 3317 2038
f 2743 3318 457
f 457 3318 2917
f 3113 2745 2738
f 381 446 478
f 451 1682 421
f 1949 1905 305
f 1710 3319 1741
f 1710 434 3319
f 3227 3231 3228
f 319 3320 3317
f 3099 319 3321
f 2112 417 2125
f 2917 453 457
f 319 2698 3320
f 1940 312 311
f 1940 3322 312
f 2959 2716 1856
f 1953 2984 2053
f 3323 2053 2984
f 1748 2113 1749
f 413 1696 1712
f 315 2699 3324
f 2699 3325 3324
f 978 981 1351
f 1351 979 978
f 2783 2466 1732
f 1342 3233 3326
f 3327 324 2047
f 2046 3327 2047
f 324 323 2047
f 311 1953 328
f 1902 1984 1903
f 3328 322 321
f 407 409 421
f 426 417 416
f 2119 449 453
f 2059 1984 2696
f 414 1784 1705
f 2095 1783 2120
f 1766 1765 409
f 1773 2730 1775
f 1775 2730 2729
f 1769 1774 2729
f 2729 3106 1769
f 314 3329 321
f 3101 2705 2429
f 440 399 2096
f 1770 3106 2729
f 314 342 3329
f 1883 346 2069
f 2066 2064 3330
f 341 336 338
f 351 3331 333
f 2070 3331 351
f 2071 2070 351
f 1883 2069 2071
f 444 377 442
f 413 1764 414
f 314 2076 343
f 374 2968 3332
f 1889 367 2064
f 1887 2966 3333
f 3333 3334 1887
f 1885 1887 3334
f 1790 1812 2927
f 1768 1903 2059
f 2081 350 349
f 344 3335 345
f 2958 3335 344
f 1868 398 2095
f 1880 349 1881
f 1856 402 349
f 3336 374 3332
f 3337 3336 3332
f 2965 1909 1904
f 3338 2934 3339
f 2934 3338 1823
f 1841 389 388
f 2709 1903 1768
f 2085 1857 1829
f 365 3249 362
f 2085 2965 1904
f 1843 3340 2719
f 2709 1768 2240
f 353 384 400
f 376 2940 379
f 3341 1836 3122
f 370 393 371
f 1836 3341 3102
f 1869 1871 3342
f 2240 2239 2709
f 374 3336 375
f 392 414 393
f 447 383 1812
f 1777 1868 2095
f 3343 363 2718
f 1829 1766 2085
f 363 3344 364
f 3344 363 3345
f 363 3343 3345
f 356 355 372
f 3105 426 416
f 409 392 1766
f 443 403 1855
f 1849 2712 3346
f 1849 1835 2712
f 1771 1769 2116
f 3347 390 418
f 3348 2711 3349
f 2711 1835 3349
f 3349 1835 3350
f 3102 3350 1835
f 2096 3351 2734
f 448 2732 449
f 1765 422 409
f 400 411 2044
f 420 400 2044
f 2426 435 436
f 439 2734 2121
f 1889 2064 2063
f 450 449 2118
f 460 3352 458
f 2743 3353 3318
f 1760 1742 1761
f 1737 1739 1742
f 335 374 352
f 2754 462 407
f 459 3112 460
f 544 533 2166
f 520 1696 413
f 451 479 473
f 2916 2125 2128
f 1742 1739 2753
f 3354 427 461
f 2015 1710 1740
f 1704 417 1702
f 417 427 1702
f 1376 474 1625
f 2125 1704 192
f 1301 953 897
f 471 473 479
f 1714 1713 3355
f 3312 500 1714
f 3123 502 484
f 502 487 484
f 1660 2753 1661
f 492 488 490
f 2070 328 333
f 849 192 513
f 2703 334 2054
f 2134 2133 2132
f 1684 508 3124
f 508 507 3124
f 509 502 507
f 511 502 509
f 1909 1905 1904
f 3310 279 1703
f 1708 3121 1678
f 1679 1678 3121
f 1679 3121 1675
f 1675 3121 2137
f 1675 2138 1676
f 533 2135 505
f 2074 289 317
f 3356 2458 1661
f 3356 1661 3126
f 1901 2970 1902
f 3125 3357 3126
f 2144 527 526
f 3358 531 2776
f 2047 1905 3359
f 534 527 2144
f 1415 1301 897
f 313 1966 2695
f 1345 1341 1343
f 1345 1361 997
f 1364 997 1361
f 1363 998 1364
f 2930 998 1363
f 1980 3360 1968
f 1981 1980 1968
f 1902 3311 1985
f 2026 1979 1981
f 1981 1992 2026
f 3094 3095 292
f 1989 294 1990
f 559 561 545
f 545 2171 559
f 3361 286 2989
f 354 335 352
f 1990 296 2024
f 1994 1993 2008
f 1990 2025 3362
f 285 2988 2018
f 2988 1990 2018
f 3363 559 2171
f 564 2173 2174
f 2173 564 2200
f 2995 1986 1985
f 2186 2188 2196
f 560 559 1646
f 2196 2188 2845
f 2186 582 2195
f 2187 2200 588
f 3364 2204 2842
f 560 1646 694
f 2673 2005 1998
f 2838 2205 2833
f 269 273 1998
f 1602 1635 563
f 3135 3029 589
f 2202 1635 1601
f 650 586 2992
f 1602 1601 1635
f 2830 3271 3365
f 3140 768 767
f 767 3141 3140
f 1606 3366 3143
f 1610 2824 2221
f 2824 1617 2221
f 2219 2221 1617
f 1621 717 724
f 3367 3141 767
f 3146 1614 2820
f 3146 1600 1614
f 1599 1596 3145
f 2804 3269 2814
f 2814 814 2804
f 1587 695 3269
f 812 814 2813
f 2809 812 2813
f 3370 2804 814
f 1587 1590 1589
f 783 782 749
f 1555 692 3267
f 1585 3267 692
f 2653 3371 3372
f 2648 2803 723
f 1567 793 794
f 247 2653 222
f 840 784 781
f 223 3308 3373
f 2475 2477 2791
f 867 3374 868
f 223 3375 1959
f 2643 2642 3376
f 3266 771 2251
f 2780 1568 3150
f 1568 880 2790
f 917 919 2478
f 224 1960 3006
f 3307 3377 3081
f 869 868 3265
f 2249 886 2792
f 1560 876 883
f 914 2244 2246
f 2100 2350 2349
f 1356 3221 1371
f 224 2088 1956
f 2071 351 1884
f 2761 882 881
f 1007 2241 1541
f 2242 2241 1007
f 211 3378 209
f 1956 2088 209
f 2260 905 2020
f 2253 2857 1537
f 1950 201 3379
f 3380 3379 201
f 201 3381 3380
f 1640 1983 1554
f 1528 1640 1554
f 2857 2023 1537
f 3153 2856 918
f 1004 1982 1005
f 970 952 968
f 969 938 3263
f 3382 3264 948
f 957 958 3154
f 3079 2083 2108
f 977 976 1532
f 2268 1530 1934
f 2268 1934 1657
f 1521 1657 1934
f 1006 1543 567
f 189 2628 1927
f 1519 1518 2863
f 1022 2866 2737
f 3383 184 183
f 1929 1931 1937
f 1526 1658 1032
f 1028 1519 539
f 1527 1526 2294
f 162 1017 1016
f 1931 174 173
f 1044 1045 1008
f 1008 2707 1024
f 2298 3161 3162
f 568 567 1036
f 1921 177 185
f 206 162 1016
f 206 1016 541
f 3384 2626 174
f 174 3301 3384
f 543 1458 541
f 1063 543 542
f 2714 3385 2298
f 3386 1061 2297
f 1914 1921 181
f 1433 3164 330
f 3387 227 3388
f 226 3388 227
f 88 539 1097
f 3386 226 225
f 225 1061 3386
f 1064 1490 38
f 1490 2303 38
f 1921 3014 177
f 3165 88 87
f 90 89 262
f 2701 329 1090
f 1090 1071 1070
f 2707 1381 2693
f 2708 1095 1094
f 149 150 159
f 25 2307 26
f 1781 1367 2877
f 1083 777 779
f 1366 1317 262
f 1366 303 214
f 1081 2313 2462
f 1106 1378 1333
f 177 3014 3017
f 933 2559 934
f 925 2559 933
f 1102 1010 1192
f 143 3289 165
f 1844 3389 1845
f 2881 1781 2129
f 2374 3390 3391
f 3391 1368 2374
f 1719 1475 1109
f 2687 1330 3392
f 2677 3253 3256
f 2888 2677 3256
f 993 1158 2663
f 1293 2315 2318
f 1275 1293 2318
f 1719 1168 1313
f 1192 1171 1170
f 1234 26 1235
f 152 3287 3069
f 2611 1897 123
f 3175 2686 1152
f 1153 2667 1149
f 140 139 2165
f 2678 2889 1197
f 1315 1269 1271
f 1176 3393 1177
f 1177 2681 1264
f 1263 1179 3394
f 1278 2895 3395
f 1296 1295 2677
f 3396 134 133
f 3397 134 3396
f 3398 3285 3399
f 2662 2327 2325
f 1206 1208 1267
f 1216 1252 1214
f 1178 1264 2896
f 2896 2675 1178
f 2675 3177 1176
f 135 116 134
f 127 116 135
f 1170 1169 2326
f 3285 3398 1873
f 2590 1873 3398
f 2326 1582 1273
f 3400 2896 3177
f 1211 1198 1782
f 2165 1867 152
f 2329 3177 2896
f 3401 3177 2329
f 2586 2577 113
f 3401 2666 3177
f 2665 3177 2666
f 1191 2667 1189
f 3402 2583 3403
f 3403 2583 3019
f 3019 1872 1890
f 1243 1193 1268
f 3404 1205 2740
f 2740 1208 3404
f 1209 1208 2740
f 2661 2663 1222
f 1235 1172 1224
f 2162 3025 121
f 116 115 2577
f 1211 3246 1212
f 113 2577 2167
f 2598 3025 3022
f 1268 1216 1242
f 1196 2915 2918
f 2898 1196 2918
f 2661 1222 3405
f 1100 2457 2669
f 114 112 3406
f 111 2168 3055
f 2337 2336 1215
f 1242 1215 2336
f 2577 2576 2167
f 3407 1230 1219
f 1172 1139 1173
f 2918 2789 2898
f 1218 1246 1239
f 1861 1862 117
f 2908 2337 1232
f 1259 2337 2908
f 2331 2326 2343
f 1242 2338 1120
f 1136 1138 2921
f 1134 1136 2921
f 2621 2339 1134
f 3190 1129 1108
f 1248 1079 1247
f 1076 3190 1108
f 1077 3190 1076
f 1848 3023 1846
f 2617 1133 1043
f 108 1850 2574
f 3408 2347 2346
f 1118 1248 1116
f 3023 1848 2164
f 1086 2348 2354
f 102 98 99
f 2578 3031 2182
f 3049 101 100
f 966 963 2377
f 1052 2353 3202
f 1830 1857 2429
f 1015 1034 1055
f 99 97 100
f 2607 2356 2355
f 2607 3202 2356
f 2570 82 2565
f 93 94 3279
f 3409 3410 3411
f 3412 3413 3409
f 2608 2355 3413
f 964 1332 1034
f 1301 2343 953
f 1029 1031 1053
f 68 3278 1838
f 936 2351 2366
f 942 1305 1314
f 1253 836 1037
f 2864 533 545
f 94 93 77
f 1053 1319 3414
f 3414 1029 1053
f 1318 2580 2928
f 1319 1318 2928
f 981 3235 2367
f 3220 3204 3415
f 1344 1346 1342
f 1347 999 2365
f 999 2930 2364
f 987 3326 978
f 1352 1342 3326
f 1352 1343 1342
f 934 2367 3235
f 3416 1358 3417
f 3417 1358 3216
f 72 67 3418
f 1359 1357 1356
f 3216 1358 1357
f 1306 1042 2946
f 878 2946 1042
f 966 1331 964
f 2368 1415 1414
f 1359 1360 944
f 48 1816 3419
f 3420 48 3275
f 983 1354 2534
f 1351 983 1385
f 1368 3219 2374
f 1369 2374 3219
f 944 930 3421
f 928 930 944
f 3421 943 944
f 1374 1350 1385
f 2190 48 3420
f 935 923 925
f 3422 3423 3424
f 3425 1390 941
f 3425 3421 930
f 1809 3042 1810
f 984 2929 1406
f 1387 2941 1388
f 1406 2929 921
f 2553 929 931
f 1393 929 2553
f 1393 1390 3428
f 3036 2183 3031
f 1805 69 1791
f 1791 69 1792
f 3425 930 1390
f 55 2197 59
f 55 53 2197
f 1392 1396 910
f 1799 3429 1787
f 3430 1787 3429
f 2531 2943 2387
f 2534 2943 2531
f 3431 3225 3432
f 3433 3432 3225
f 1413 1409 1412
f 1412 3225 3431
f 3225 1412 1409
f 1409 1411 2541
f 264 2946 800
f 941 1387 1388
f 35 50 49
f 2399 1411 1410
f 396 1411 2532
f 395 920 396
f 2406 1424 3212
f 2183 3037 2181
f 795 2392 428
f 2401 2530 825
f 729 728 897
f 2526 805 2524
f 820 2524 805
f 805 2526 394
f 2540 673 896
f 2423 803 802
f 2411 770 764
f 2412 2411 2521
f 2521 2411 764
f 3434 2412 2521
f 2419 803 2423
f 731 1442 1443
f 3193 1441 1440
f 3193 716 1441
f 2425 2403 736
f 2077 714 2519
f 759 1455 1456
f 2280 1449 2421
f 2969 2508 3435
f 2969 2427 741
f 2427 2007 741
f 1438 741 2007
f 3436 722 3437
f 721 3237 3437
f 1444 1446 2510
f 1471 1455 1468
f 3438 704 2424
f 2424 2428 3438
f 2269 715 3189
f 1201 570 834
f 2404 2438 2421
f 679 704 706
f 2424 679 681
f 3242 2077 2078
f 3439 3440 3184
f 3439 3184 684
f 3184 3186 684
f 683 680 684
f 698 635 1499
f 1786 1756 2542
f 2974 2495 3441
f 712 1482 713
f 2971 715 609
f 3179 620 626
f 2434 606 2435
f 2501 639 638
f 638 3442 2500
f 3443 2973 1503
f 3443 643 2973
f 1786 1754 1756
f 612 605 1510
f 603 602 2991
f 601 2991 602
f 595 597 594
f 2448 3104 2487
f 2453 2452 2496
f 3176 1508 1512
f 3176 1512 592
f 2450 3178 3176
f 3132 598 593
f 2451 598 3132
f 24 2514 36
f 1753 1752 1730
f 1754 1751 1750
f 24 36 23
f 1750 1755 1754
f 3039 23 3041
f 1726 2212 1729
f 23 3039 19
f 1728 1722 3040
f 1720 16 2230
f 1720 1721 16
f 2261 16 1721
f 3423 3422 2554
f 1380 3423 2554
f 3444 2554 931
f 3444 928 1380
f 3009 2474 267
f 2378 2541 2379
f 1689 1694 7
f 2267 2266 2488
f 2488 2266 3048
f 18 17 1699
f 2247 1699 1698
f 1728 2488 3048
f 21 20 1721
f 1722 1728 3048
f 2248 1698 2231
f 16 2247 2230
f 1720 2230 1726
f 2541 2378 3225
f 2379 2541 2550
f 3040 1767 1727
f 1756 1755 3041
f 2514 2523 36
f 2507 3037 3040
f 35 2208 36
f 49 2542 2207
f 2181 3037 29
f 3274 1800 3430
f 3430 1800 1787
f 1622 533 2864
f 1805 1791 1801
f 1809 2201 3042
f 83 1794 1795
f 1805 1801 3445
f 1804 1803 3044
f 48 3419 3276
f 2552 3446 3044
f 2558 83 82
f 78 77 100
f 95 82 2570
f 2565 2566 3447
f 3448 81 85
f 2562 2578 2182
f 920 2550 2541
f 104 3449 105
f 3450 3451 105
f 105 3451 2170
f 3452 2575 1864
f 1865 2575 3051
f 3051 3453 1865
f 1875 3282 1853
f 1862 105 2170
f 2167 2576 3054
f 3454 3026 107
f 337 2429 338
f 120 119 113
f 120 113 3056
f 3017 2163 1846
f 1873 117 3284
f 1891 1872 2591
f 1894 121 123
f 117 3020 3284
f 128 113 119
f 3289 125 2163
f 2163 3017 3289
f 142 3289 143
f 2149 124 141
f 165 3289 3014
f 2142 152 3071
f 3455 153 2141
f 148 3292 149
f 1914 3014 1921
f 138 140 1915
f 2619 156 159
f 2156 524 523
f 1406 921 395
f 167 166 3078
f 2083 1915 140
f 140 167 2083
f 163 1941 164
f 164 1932 1917
f 1937 1931 195
f 183 1933 1932
f 3383 183 2098
f 194 2089 3304
f 1941 163 208
f 2091 1932 1941
f 220 179 181
f 3305 205 204
f 197 3306 204
f 3456 2092 2088
f 2152 2155 2153
f 3381 197 2635
f 201 197 3381
f 2636 3008 1963
f 209 2088 194
f 224 3006 2088
f 1957 1956 3378
f 1963 3457 3458
f 1961 1963 3458
f 428 2392 1374
f 3373 3375 223
f 242 1963 1962
f 242 1962 3459
f 3085 229 231
f 1974 1965 219
f 3459 2062 242
f 2062 3459 3460
f 3461 2775 2774
f 2653 2999 3371
f 2999 2653 247
f 1974 229 1965
f 246 2999 247
f 1422 3223 2393
f 1422 3213 3223
f 3210 3223 3211
f 3001 1976 3462
f 3463 2767 2884
f 2995 1970 234
f 3464 1998 2671
f 1998 273 242
f 531 530 512
f 286 3466 287
f 3466 286 3361
f 2987 1990 2988
f 3467 1992 3097
f 1972 1685 2774
f 2034 305 3096
f 2037 2032 319
f 2970 3311 1902
f 306 305 2033
f 319 2032 3321
f 2533 2400 2534
f 1948 3359 1905
f 316 292 305
f 1953 311 313
f 323 1905 2047
f 333 1953 334
f 862 863 864
f 1321 1322 1323
f 1339 1306 1340
f 1348 1339 1340
f 1452 1453 1454
f 1641 1643 1642
f 1454 1453 1662
f 1662 1663 1454
f 1453 1667 1662
f 1145 1144 2345
f 2369 2370 1321
f 2371 2369 2372
f 1323 2370 2373
f 2371 2372 862
f 2372 1348 862
f 2380 2381 2382
f 2382 2383 2384
f 2381 2383 2382
f 264 2388 862
f 2388 264 263
f 2407 2408 2409
f 2409 1667 2414
f 700 2407 698
f 1452 2515 1453
f 2409 2515 1452
f 863 2535 864
f 2563 2371 862
f 1274 1323 1002
f 2784 2785 2786
f 1651 2801 1654
f 1054 1348 2345
f 2369 2371 2936
f 2563 2369 2936
f 2563 862 864
f 2955 2956 2408
f 2956 864 2408
f 2408 864 2957
f 2408 2957 1667
f 2957 864 2961
f 2407 700 2382
f 2414 1667 1453
f 2345 2911 1054
f 1461 1452 1454
f 1454 1663 2961
f 2961 864 2535
f 2408 2407 2955
f 2384 2407 2382
f 1339 1054 1306
f 2384 2563 864
f 1340 862 1348
f 2384 2373 2370
f 2388 863 862
f 2407 2384 2955
f 2540 2382 700
f 2961 1663 2957
f 1323 1322 2370
f 1452 2407 2409
f 1145 2345 1348
f 1145 1348 1323
f 1321 1348 2372
f 1145 1323 2907
f 895 2373 2382
f 1339 1348 1054
f 1002 1323 2373
f 1323 1348 1321
f 2370 2369 2384
f 2563 2384 2369
f 2382 2373 2380
f 2381 3426 2380
f 2383 3427 2381
f 2380 2373 2381
f 2373 2383 2381
f 2384 2383 2373
f 2515 2409 2414
f 1452 698 2407
f 1340 264 862
f 864 2955 2384
f 3468 3470 3471
f 3471 3472 3473
f 3474 66 3475
f 106 3475 66
f 3476 3475 3477
f 3476 3477 3478
f 3480 3481 3482
f 3487 3485 3486
f 3488 3487 3486
f 3488 3486 302
f 310 3487 3488
f 310 3488 302
f 3497 3474 3498
f 3474 3475 3498
f 3475 106 3477
f 3478 3479 3483
f 3502 3492 3503
f 3504 3505 3506
f 3481 3507 3482
f 3486 2970 302
f 3482 3507 3509
f 3484 3510 3508
f 131 3511 132
f 3511 3512 3513
f 3514 3513 3515
f 3518 3519 3520
f 3521 3518 3520
f 3522 3523 3524
f 3525 3526 3527
f 3530 3529 3531
f 3532 505 3533
f 3535 3536 3537
f 532 533 3532
f 3538 3539 3540
f 3541 3535 3542
f 3542 3543 3541
f 3544 3545 3546
f 556 3544 3547
f 659 660 3549
f 659 3549 780
f 780 3550 3551
f 932 780 3551
f 3554 3555 3552
f 3554 3553 3512
f 131 1040 3558
f 131 3558 3511
f 3512 3515 3513
f 3559 3511 3513
f 3559 132 3511
f 3560 3514 3561
f 1160 3562 3563
f 3564 3565 3566
f 3560 3561 3567
f 3559 3568 132
f 3559 3569 3565
f 3561 3514 1325
f 3514 3515 1325
f 1326 1325 3515
f 1407 3556 1408
f 3522 3570 3571
f 3554 3558 3555
f 3558 3572 3555
f 3555 3572 3573
f 3553 3554 3552
f 3575 3576 3548
f 3547 3546 3577
f 556 3539 3538
f 3522 3571 3581
f 3582 3583 3584
f 3521 3586 3587
f 3552 3555 3573
f 3527 3588 3589
f 3526 3588 3527
f 3583 3590 3591
f 3528 3584 3592
f 3528 3582 3584
f 3544 3593 3534
f 3543 3542 3594
f 563 562 556
f 3577 3597 3550
f 3573 3597 3595
f 3574 3573 3595
f 1040 3551 3550
f 1040 3597 3572
f 3554 3511 3558
f 3561 1325 3598
f 3567 3561 3599
f 3568 3559 3600
f 3564 3601 3559
f 3601 3600 3559
f 3563 3602 3603
f 1245 3603 3567
f 1265 3604 1267
f 3562 1187 3601
f 1187 1206 3601
f 1160 1187 3562
f 1225 3598 1325
f 2683 3604 1265
f 3562 3605 3563
f 3602 3566 3565
f 3559 3565 3564
f 3603 3513 3560
f 3603 3569 3513
f 3526 3587 3606
f 3521 3587 3526
f 3569 3559 3513
f 3513 3514 3560
f 3607 3515 3512
f 3512 3553 3607
f 3607 3553 3557
f 3523 3522 3581
f 3522 3524 3536
f 3533 3540 3532
f 3538 3540 3593
f 564 3539 562
f 3546 3547 3544
f 3597 3577 3575
f 556 3547 660
f 3596 3595 3597
f 3573 3574 3552
f 2174 3539 564
f 3607 3556 1407
f 3608 3568 3609
f 2883 3608 2683
f 2883 132 3608
f 3568 3604 3609
f 2683 3608 3604
f 3600 3601 1267
f 3604 3600 1267
f 3567 3599 1225
f 3610 3522 3529
f 3610 3529 3530
f 3549 3547 3577
f 3517 3518 3521
f 3591 3590 3611
f 3535 3522 3536
f 3537 3612 3535
f 3544 3538 3593
f 3539 556 562
f 3576 3578 3548
f 556 660 571
f 1044 3551 1040
f 3607 3557 3556
f 3515 3607 1326
f 1407 1326 3607
f 3599 3561 3598
f 3603 3560 3567
f 3563 3566 3602
f 2335 1245 3567
f 3567 1225 2335
f 1267 3601 1206
f 3598 1225 3599
f 3564 3566 3562
f 3562 3566 3605
f 3512 3511 3554
f 3558 1040 3572
f 932 3551 1044
f 932 1009 780
f 780 3549 3550
f 3549 3577 3550
f 3575 3596 3597
f 3546 3576 3577
f 3576 3546 3578
f 3578 3546 3545
f 532 3539 2174
f 3538 3544 556
f 3539 532 3540
f 3544 3534 3545
f 3612 3537 3613
f 3533 3593 3540
f 3585 3516 3614
f 3526 3606 3588
f 3615 3616 3580
f 3579 3617 3615
f 3522 3610 3570
f 3527 3618 3619
f 533 505 3532
f 3542 3535 3612
f 3617 3579 3620
f 3543 3620 3579
f 3579 3541 3543
f 2166 532 2174
f 660 3547 3549
f 3577 3576 3575
f 3572 3597 3573
f 1040 3550 3597
f 3603 3602 3569
f 3608 132 3568
f 3603 1245 3563
f 1160 3563 1245
f 3590 3527 3611
f 532 3532 3540
f 3612 3621 3542
f 3611 3527 3619
f 3590 3525 3527
f 3517 3622 3518
f 3521 3520 3586
f 3624 3626 3627
f 569 3628 3627
f 3629 3630 3631
f 747 3632 748
f 3633 1003 1010
f 1102 3633 1010
f 3634 1102 1165
f 3630 1481 1482
f 630 834 570
f 3637 3630 1482
f 630 569 631
f 3627 3625 3624
f 3639 3632 1003
f 1481 3636 3641
f 1102 2332 1165
f 3636 1481 3629
f 3637 574 3626
f 574 573 3626
f 3638 3630 3637
f 1482 574 3637
f 1165 2332 1166
f 3640 3639 3633
f 3633 3639 1003
f 3644 3643 1102
f 1165 1300 3642
f 3645 3642 1300
f 1300 2368 3645
f 3630 3629 1481
f 1165 3642 3634
f 3643 3623 1102
f 3645 2368 3641
f 2456 569 3627
f 3626 3624 3638
f 1003 3632 747
f 3628 569 630
f 1102 3623 3633
f 573 2456 3627
f 1102 1192 2332
f 3644 1102 3634
f 573 3627 3626
f 1514 569 2456
f 3626 3638 3637
f 3641 3636 3645
f 3636 3635 3645
f 3641 1414 1481
f 2368 1414 3641
f 3647 3648 3649
f 3651 3652 3653
f 3656 3657 3655
f 3661 3662 3658
f 3662 3663 3658
f 3668 3669 3670
f 3674 3675 3676
f 3677 3678 3679
f 846 845 3681
f 3681 3682 3683
f 3682 3684 3683
f 3687 3688 3689
f 3691 3692 3693
f 3669 3668 3672
f 3669 3698 3670
f 3699 3668 3700
f 3701 3680 3702
f 3663 3703 3667
f 3653 3707 3651
f 3708 3709 3710
f 3713 3714 3715
f 3659 3716 3660
f 1858 3713 3717
f 3705 3718 3719
f 3721 3722 846
f 3725 3671 3726
f 3725 3726 3727
f 3661 3658 3728
f 3729 3671 3730
f 3663 3667 3658
f 3731 3732 1583
f 3666 3733 3697
f 3672 3734 3669
f 3735 3723 2474
f 3690 3687 3689
f 846 3722 2415
f 3739 3665 3664
f 3713 415 3714
f 3740 3714 415
f 3705 3741 3680
f 3687 3690 3686
f 3738 3743 1233
f 415 2749 3740
f 3745 3672 3746
f 3747 1637 3704
f 3748 3711 3712
f 3749 3650 3652
f 2474 3723 267
f 3654 3750 3728
f 3666 3751 3733
f 3736 3727 3726
f 3752 3736 3696
f 3737 3753 3646
f 3693 3692 3681
f 3754 3744 3755
f 3672 3671 3746
f 3668 3757 3700
f 3673 3721 846
f 3659 3758 3716
f 3706 3759 3760
f 3685 3720 3742
f 3738 3690 3761
f 3694 3724 3695
f 3671 3729 3746
f 3668 3762 3763
f 3649 3764 3647
f 3765 3710 3709
f 3763 3757 3668
f 3751 3666 3756
f 3668 3670 3762
f 3730 3671 3725
f 3736 3752 3766
f 3770 3771 3772
f 3773 3770 3774
f 3768 3769 3775
f 3767 3777 3778
f 3779 3771 3780
f 3770 3773 3781
f 3771 3770 3780
f 3782 3776 3783
f 3771 3784 3772
f 3774 3770 3772
f 3785 3786 3787
f 3771 3788 3784
f 2997 3259 3789
f 3468 3469 3470
f 3471 3473 3468
f 3792 1 3793
f 5 3794 6
f 3797 3790 5
f 10 3796 14
f 3798 3795 3799
f 5 3800 3801
f 5 15 3800
f 19 3802 3796
f 3804 3801 3800
f 3805 3806 3807
f 3808 3809 3810
f 3811 3801 3804
f 3812 3813 3814
f 3815 3816 3817
f 3818 3817 3819
f 3820 3821 3822
f 3818 3815 3817
f 3818 3823 3824
f 3830 3831 3832
f 3833 3834 3835
f 44 3840 3841
f 65 66 3474
f 3842 3843 44
f 57 3844 73
f 3845 3846 3847
f 3846 3848 3849
f 77 78 44
f 3478 3477 3850
f 3479 3478 3850
f 3851 3479 3850
f 3853 3854 240
f 3855 3856 3857
f 3853 3485 3858
f 253 3853 240
f 3856 3859 3654
f 3485 3853 3486
f 3860 310 332
f 380 3861 3860
f 3489 310 3860
f 3860 3861 3862
f 3865 3866 3864
f 3495 1683 3792
f 3792 3791 3495
f 3794 3793 6
f 3793 1697 6
f 3797 5 3801
f 1727 3800 1728
f 3809 3867 3869
f 3807 3872 3873
f 3874 3875 3876
f 3872 3877 3878
f 3879 3819 3880
f 3881 3879 3880
f 3882 3883 3884
f 3827 3886 3885
f 65 3804 1727
f 3830 3890 3831
f 3891 3892 3893
f 3813 3834 3894
f 3895 3893 3892
f 3826 3828 3837
f 3835 3834 3875
f 3474 3804 65
f 3840 3832 3825
f 3811 3804 3474
f 1795 3897 3896
f 3849 3899 3833
f 3900 3844 3901
f 3902 3903 3904
f 3905 3902 3904
f 3850 3477 106
f 3850 106 1892
f 3850 1892 1896
f 3850 146 1900
f 3850 1900 3851
f 3858 3479 3851
f 3860 332 380
f 3860 3863 3489
f 3906 3846 3907
f 3908 3849 3848
f 3846 3845 3909
f 3849 3844 3899
f 3842 3910 3843
f 3843 3910 3911
f 34 3899 50
f 3892 3913 3825
f 3913 3892 3891
f 3876 3807 3880
f 3867 3809 3807
f 14 3802 19
f 3496 3495 3791
f 3793 1 2277
f 3798 3796 3795
f 3917 3867 3807
f 3800 1727 3804
f 3873 3918 3880
f 3919 3920 3921
f 2523 2513 3814
f 3872 3809 3877
f 3922 3812 3814
f 3885 3884 3810
f 3923 3919 3924
f 3925 3873 3926
f 3878 3831 3872
f 3808 3822 3927
f 3816 3928 3817
f 3929 3817 3928
f 3930 3831 3878
f 3827 3885 3887
f 34 3814 3894
f 3933 3889 3827
f 3826 3932 3886
f 3826 3820 3932
f 3843 3830 3840
f 3897 3934 3896
f 44 3841 42
f 3845 3904 3909
f 3904 3842 3935
f 2561 3936 3937
f 2616 1900 145
f 2618 3851 1900
f 3852 3483 3479
f 2618 2628 3851
f 3858 3852 3479
f 3851 2628 3854
f 3856 3940 3941
f 3942 3937 3936
f 3844 3849 3943
f 3901 3844 3943
f 2277 2267 3793
f 3793 2267 1697
f 3844 57 3899
f 3847 3910 3842
f 3944 3945 3946
f 1728 3800 15
f 3915 3916 3914
f 3831 3895 3832
f 3948 3915 3914
f 3806 3805 3949
f 3915 3948 3950
f 3951 3816 3952
f 3923 3871 3919
f 2514 2513 2523
f 2513 3949 3922
f 3813 3812 3949
f 3808 3810 3954
f 3951 3876 3816
f 3952 3875 3874
f 3875 3813 3805
f 3949 3805 3813
f 3808 3954 3822
f 3918 3873 3925
f 3951 3874 3876
f 3816 3880 3928
f 3928 3880 3819
f 3887 3870 3888
f 3888 3870 3955
f 3818 3819 3879
f 3956 3879 3881
f 3956 3881 3823
f 3890 3925 3926
f 3957 3925 3890
f 3877 3809 3808
f 3926 3873 3958
f 3814 34 2523
f 3933 3827 3931
f 3873 3872 3958
f 3816 3876 3880
f 3920 3919 3915
f 3959 3826 3960
f 3807 3876 3805
f 3899 3834 3833
f 3830 3843 3911
f 3910 3835 3815
f 3910 3815 3911
f 3810 3809 3869
f 3898 3947 3897
f 3838 43 1795
f 44 3843 3840
f 3833 3910 3847
f 42 2558 44
f 3917 3868 3867
f 3906 3848 3846
f 3943 3849 3908
f 3942 3935 3937
f 3850 1896 146
f 3073 1900 2616
f 3073 2618 1900
f 253 3486 3853
f 253 3091 3486
f 3861 380 2239
f 2513 2511 3806
f 2513 3806 3949
f 3872 3831 3958
f 3834 3813 3875
f 3875 3952 3835
f 3952 3816 3815
f 3815 3835 3952
f 3911 3815 3818
f 3818 3824 3911
f 3911 3824 3957
f 3890 3911 3957
f 3830 3911 3890
f 3899 3894 3834
f 3899 57 50
f 3847 3849 3833
f 3846 3849 3847
f 3937 3842 44
f 3847 3842 3845
f 3943 3908 3963
f 3935 3842 3937
f 3937 78 2561
f 3964 3965 3909
f 3966 3964 3904
f 3854 3858 3851
f 2970 3486 3091
f 332 302 2970
f 3854 1971 240
f 3904 3845 3842
f 3967 3846 3909
f 3846 3967 3968
f 3846 3968 3907
f 73 3844 3900
f 3840 3825 3841
f 3912 3836 3828
f 3830 3832 3840
f 3959 3960 3837
f 3825 3913 3969
f 3956 3823 3818
f 3884 3886 3932
f 3882 3820 3822
f 3814 2513 3922
f 3805 3876 3875
f 3807 3873 3880
f 14 3796 3802
f 3807 3809 3872
f 3920 3915 3970
f 3915 3950 3970
f 3970 3950 3971
f 3870 3953 3955
f 3895 3831 3930
f 3877 3893 3930
f 3877 3808 3891
f 3927 3969 3808
f 3808 3969 3891
f 3821 3927 3822
f 3894 3814 3813
f 3829 3827 3889
f 3820 3826 3959
f 3832 3892 3825
f 3899 34 3894
f 3839 3946 43
f 43 3946 3945
f 43 3945 3972
f 3910 3833 3835
f 78 3937 44
f 3909 3904 3964
f 3904 3935 3905
f 3854 2628 1971
f 3858 3485 3852
f 3853 3858 3854
f 3499 3961 3938
f 3311 2970 3091
f 3973 3974 3975
f 3979 3980 3981
f 3978 3982 3983
f 3989 517 518
f 3991 3992 3993
f 633 634 3995
f 3998 3999 4000
f 3982 3978 4002
f 4003 3982 4002
f 4004 3992 4005
f 20 1706 1707
f 3988 4007 4008
f 4010 4011 4012
f 4013 4014 4015
f 3983 4016 3984
f 4017 3985 3984
f 3985 4018 4001
f 4000 4020 4019
f 4021 3998 4000
f 4022 3978 3977
f 4010 4023 4011
f 3974 3973 4024
f 4025 7 20
f 2225 1706 20
f 4028 4027 4009
f 3990 2160 4029
f 4030 4031 4026
f 3986 4032 3987
f 4033 4034 3997
f 3984 4036 4017
f 4037 4038 4022
f 4039 4040 4041
f 3975 4039 3973
f 4039 3975 4042
f 1707 4025 20
f 1707 2483 4025
f 4044 4006 4043
f 4011 3977 3976
f 4004 4046 4007
f 4051 4052 4035
f 4002 3978 4054
f 3976 4055 4012
f 4056 3988 4008
f 4057 4004 4005
f 250 273 272
f 4058 4046 4004
f 251 250 272
f 633 3995 4047
f 4048 4049 4050
f 4059 4031 4030
f 41 30 2225
f 4022 4038 4060
f 4060 3978 4022
f 4061 4013 4062
f 4011 3976 4012
f 7 4025 2483
f 4045 4053 4063
f 4001 3998 4021
f 4064 3989 518
f 3994 4065 3996
f 4070 4071 4069
f 4074 3796 3798
f 455 456 4097
f 4098 4099 4100
f 4104 514 515
f 4083 516 492
f 521 522 4105
f 4103 4105 522
f 4083 492 4106
f 4107 4106 492
f 521 4105 4108
f 4113 4114 4112
f 4119 4118 4117
f 4124 4125 4115
f 4110 521 4108
f 4107 492 4129
f 521 4109 1682
f 4132 1694 4131
f 4132 4131 4133
f 1681 463 514
f 4072 1698 1699
f 1768 455 4135
f 4096 4068 4095
f 4144 4145 4146
f 1824 4066 456
f 522 521 2002
f 4147 4148 4134
f 4129 492 2143
f 4149 4150 4075
f 2239 2240 4136
f 9 4132 2262
f 4094 4153 4093
f 4073 4132 4133
f 3917 4154 3803
f 4074 4154 3806
f 4074 3806 2511
f 4155 4138 4156
f 4160 4079 4158
f 4084 4085 4087
f 4121 4120 4151
f 4143 4164 4067
f 4097 4135 455
f 4097 456 4066
f 515 514 2754
f 1712 1711 1866
f 1768 4135 2240
f 4102 4101 4123
f 4081 4168 4141
f 4081 4170 4080
f 4172 4170 4173
f 4154 4074 3798
f 3798 3803 4154
f 3868 3917 3803
f 19 3796 2511
f 2262 1699 17
f 2278 4130 1692
f 4176 4090 4162
f 4177 4139 4140
f 455 1798 456
f 3861 2239 4136
f 4099 4167 4100
f 412 1681 503
f 1711 1696 519
f 4078 4178 4077
f 4179 4180 4152
f 4166 4116 4181
f 4092 4182 4163
f 4128 4183 4127
f 4184 4186 4185
f 4113 4112 4126
f 4174 4137 4187
f 4159 4157 4076
f 4189 4190 4188
f 4085 4161 4082
f 4191 4193 2143
f 4193 4191 4192
f 4193 4129 2143
f 4110 4109 521
f 495 4103 522
f 4136 2240 4135
f 4109 515 1682
f 4165 4111 4103
f 4125 4112 4115
f 4168 4169 4141
f 4194 4092 4122
f 4141 4171 4142
f 3796 4074 2511
f 1699 2262 4072
f 8 4132 9
f 4073 4072 2262
f 8 1694 4132
f 1694 1689 4131
f 4073 2262 4132
f 3806 4154 3917
f 3917 3807 3806
f 3465 4192 1686
f 4091 4175 4086
f 4088 4195 4089
f 3790 3791 3792
f 3794 3792 3793
f 3790 3792 3794
f 5 3790 3794
f 4200 4201 4202
f 4205 4204 4206
f 4203 4207 4208
f 3475 3476 3498
f 4197 4196 4210
f 4209 4199 4211
f 4198 4197 4212
f 4734 4720 4735
f 6622 6627 6628
f 6659 6660 6654
f 6724 6609 6725
f 6731 6732 6733
f 6746 6747 6748
f 6660 6772 6654
f 6774 6775 6721
f 6628 6833 6834
f 6839 6725 6609
f 6727 6609 6724
f 6732 6843 6736
f 6844 6732 6731
f 6812 6659 6654
f 6658 6721 6775
f 6664 6649 6763
f 6763 6654 6664
f 6833 6628 6865
f 6628 6627 6865
f 6844 6867 6732
f 6843 6869 6868
f 6736 6869 6870
f 6609 6727 6726
f 6606 6609 6616
f 6709 6708 6668
f 6932 6606 6607
f 6719 6932 6607
f 6978 6973 6679
f 6649 6999 6763
