# Labeled region mesh exported by cleaning_path_viewer (Paint mode)
# Units: metres, component-local frame. One OBJ object per region group.
v 0.26197946 -0.15577361 0.00029778
v 0.26573059 -0.15526491 -0.00099427
v 0.26289117 -0.15674296 0.00199691
v 0.27013284 -0.15301712 -0.00199507
v 0.26549789 0.15581715 -0.00190307
v 0.26773885 0.15465307 -0.0039784
v 0.26930448 0.15492596 -0.00192341
v 0.25938466 -0.15412992 0.00067707
v 0.26734427 -0.15435383 -0.00255405
v 0.22216856 -0.17940664 -0.00030942
v 0.22793266 -0.18037969 0.00031768
v 0.22362824 -0.18032543 0.0003586
v 0.2292532 -0.17965963 -0.00017932
v 0.15789588 0.18051654 -0.00253715
v 0.20790726 -0.18032965 0.00008064
v 0.20920306 -0.17952245 -0.00059803
v 0.20285748 -0.18022442 -0.00013944
v 0.05099458 0.18102673 -0.00002585
v 0.04745984 0.18093961 -0.00099768
v 0.04468073 0.18102556 0.00022678
v 0.04386887 0.17977402 -0.00144501
v 0.1312381 0.18110758 -0.00250112
v 0.15342149 0.17961174 -0.00271436
v 0.15369979 0.18105529 -0.00178349
v 0.15193343 0.18063825 -0.00267666
v 0.2537733 0.17915623 0.00029407
v 0.14855587 0.18073696 -0.00277333
v 0.13687152 0.18105111 -0.00238361
v 0.14066835 0.18109766 -0.00218834
v 0.14055866 0.1801057 -0.00290814
v 0.14446416 0.18068954 -0.00260458
v 0.14577855 0.18104184 -0.00176203
v 0.04641305 0.18070102 -0.00113195
v 0.24777935 0.17991889 0.00011398
v 0.25180697 0.17873792 -0.00071587
v 0.24747604 0.17889041 -0.00086474
v 0.25608826 0.17788921 -0.00068396
v 0.13514203 0.1804103 -0.00293457
v 0.05131821 0.18054165 -0.00162274
v 0.05517224 0.18086675 -0.00159153
v 0.04659473 0.18055546 -0.00127958
v 0.04678888 0.18038523 -0.00141959
v 0.04272547 0.18074849 -0.00089357
v 0.03841893 0.1808555 -0.0001635
v 0.0327338 0.18048649 -0.00024359
v 0.03349109 0.18043217 -0.00034002
v 0.03422092 0.18037957 -0.00038947
v 0 0.13067067 -0.00822365
v -0.00193935 0.13066815 -0.00803266
v -0.00193935 -0.1304118 -0.01146522
v -0.00380417 0.13066071 -0.00746702
v -0.00380418 -0.13041924 -0.01089958
v -0.00552281 0.13064864 -0.00654847
v -0.00552281 -0.13043132 -0.00998103
v -0.0070292 0.13063239 -0.00531231
v -0.0070292 -0.13044757 -0.00874487
v -0.00826547 0.13061258 -0.00380605
v -0.00826547 -0.13046736 -0.00723861
v -0.00918409 0.13058999 -0.00208757
v -0.0091841 -0.13048996 -0.00552013
v -0.00974978 0.13056546 -0.00022291
v -0.00974979 -0.13051447 -0.00365546
v -0.0099408 0.13053997 0.00171628
v -0.00918408 0.13048996 0.00552013
v 0.00380418 0.13066071 -0.00746702
v 0.00193935 0.13066815 -0.00803266
v 0.00193935 -0.1304118 -0.01146522
v 0.00785972 0.0621922 0.00480817
v 0.00568462 0.02507478 0.00515629
v 0.00552796 0.02796055 0.0052114
v 0.00815413 0.04608641 0.00478504
v 0.00847522 0.04899289 0.00415612
v 0.00832787 0.04536298 0.00412888
v 0.0083954 0.03462876 0.00373118
v 0.00834615 0.03789657 0.00418653
v 0.00562069 0.03463087 0.00518801
v 0.00759552 0.03208954 0.00478839
v 0.00720032 0.04213855 0.00495357
v 0.00458839 0.13105282 0.0113556
v 0.00549639 0.04434381 0.00516634
v 0.00506421 0.04709696 0.00533015
v 0.00724974 0.09100293 0.0053302
v 0.00547399 0.08917563 0.00560166
v 0.00557322 0.01269685 0.00507037
v 0.00533012 0.01475843 0.00515334
v 0.00511379 0.05576098 0.0054054
v 0.00562067 0.11039172 0.00568994
v 0.00517791 0.1066867 0.00570247
v 0.00699897 0.10780498 0.00553751
v 0.00552687 0.006507 0.0050044
v 0.00694083 0.10116559 0.00541011
v 0.00527995 0.10132879 0.00567491
v 0.00502174 0.09916607 0.00579837
v 0.00532104 0.08687112 0.00568965
v 0.00718332 0.08701064 0.00530388
v 0.00709946 0.08511633 0.00535391
v 0.00867669 -0.02095338 0.00423298
v 0.00820353 -0.02651817 0.00429526
v 0.00559976 -0.02287866 0.00495544
v 0.00850788 -0.02688363 0.00340667
v 0.00803895 -0.03057579 0.00398797
v 0.00627176 -0.04324233 0.00472137
v 0.00598304 -0.03897975 0.00478149
v 0.00688454 -0.04229706 0.00452528
v 0.00722259 -0.04995654 0.0043939
v 0.00712688 -0.05271444 0.00435456
v 0.00530905 0.11271342 0.00484547
v 0.00800894 0.1129524 0.00373064
v 0.0047658 -0.05550422 0.00492565
v 0.0071904 -0.0574273 0.00455554
v 0.00503276 0.03957376 0.00520495
v 0.00811253 -0.07333591 0.00409609
v 0.00716754 -0.07543168 0.00426296
v 0.00810513 0.02296984 0.004339
v 0.00930101 0.02112698 0.00337053
v 0.00543765 0.0172893 0.00514428
v 0.00576391 0.02065074 0.00507959
v 0.0066884 -0.08945938 0.00466513
v 0.00500511 -0.09017009 0.00492981
v 0.00690127 0.01324309 0.00487025
v 0.00541076 -0.08926938 0.00480922
v 0.00568311 -0.08546723 0.00481843
v 0.00732215 -0.08363644 0.00436792
v 0.00644046 -0.08595269 0.0046402
v 0.01402331 -0.12523724 0.00347525
v 0.00745737 -0.01179874 0.00463555
v 0.00848685 -0.01433412 0.00348117
v 0.0008707 -0.07065478 0.01084656
v 0.00837739 -0.02440443 0.00372367
v 0.00764035 -0.03672793 0.00430956
v 0.00500242 -0.04618825 0.004635
v 0.00518625 -0.04251138 0.00482429
v 0.00531903 -0.0291163 0.00465075
v 0.00487722 -0.02586014 0.00473653
v 0.00587395 -0.05116775 0.00480798
v 0.00545635 -0.01874576 0.00496176
v 0.00750669 -0.00967301 0.00440732
v 0.00742916 -0.01151644 0.00448733
v 0.00814596 -0.05957175 0.00405168
v 0.00791763 -0.00666604 0.0046482
v 0.00404531 -0.00250738 0.00343627
v 0.00831277 0.00415572 0.00417975
v 0.00520162 -0.07265203 0.00470174
v 0.0047055 -0.03724169 0.00469766
v 0.00697046 0.01650661 0.00483804
v 0.00564671 0.03126241 0.0051764
v 0.00508458 0.02974419 0.00509821
v 0.00537744 0.05118927 0.00534913
v 0.005342 0.08304326 0.00548003
v 0.00541076 0.08543666 0.00563792
v 0.00603981 0.09529682 0.00559232
v 0.00527872 0.09504855 0.00565614
v 0.00704357 0.10404657 0.00542809
v 0.00770362 0.11118628 0.00491085
v 0.00916233 0.1135253 0.00208189
v 0.00928501 0.11195052 0.00371375
v 0.00524549 -0.03449031 0.00483756
v 0.00694059 0.01042734 0.00475994
v 0.00873637 0.01764493 0.00369002
v 0.00527527 0.12331157 0.00529037
v 0.00792763 0.05721008 0.00463989
v 0.00728271 -0.04591299 0.00439137
v 0.0043317 -0.0486173 0.00433474
v 0.00793105 -0.03465085 0.00393483
v 0.00441647 -0.03210559 0.00465453
v 0.00838487 0.02797496 0.00397682
v 0.00534141 0.02273819 0.00509591
v 0.00514907 -0.02045069 0.00492404
v 0.00734826 0.09845591 0.00534584
v 0.00871652 -0.00805216 0.0036435
v 0.00825441 -0.00609065 0.00365178
v 0.00532368 0.0043269 0.00497777
v 0.00868457 -0.01786923 0.00347076
v -0.00003055 -0.02658659 0.01093835
v 0.00476385 0.0377182 0.00481429
v 0.00772736 0.05339253 0.0046461
v 0.00695581 -0.0707929 0.0045035
v 0.00484816 -0.07902093 0.0048822
v 0.00638517 -0.08076507 0.0047173
v 0.00685747 -0.07847488 0.00455915
v 0.00077545 -0.07744615 0.01087619
v 0.00553685 -0.08397034 0.00463855
v 0.00855939 -0.00162682 0.00353431
v 0.0087589 -0.00452762 0.00375613
v 0.00389438 0.13922822 0.00597227
v 0.00881978 -0.02134117 0.00345891
v 0.00861479 0.00132655 0.00362337
v 0.00837355 0.00722504 0.00373346
v -0.00107297 0.01076941 0.01129286
v 0.00494007 0.00894105 0.00470778
v 0.00499061 0.01999018 0.00515063
v 0.00541069 0.10816668 0.00522368
v 0.00434514 0.09857489 0.00582454
v 0.00643062 0.04055415 0.00449801
v 0.00406887 -0.00180546 0.00555755
v 0.00496879 0.06743859 0.00547495
v 0.00434174 0.04214132 0.0055765
v 0.00423663 0.00690204 0.00548195
v 0.00277694 0.02320739 0.00693173
v 0.00286464 0.10289942 0.00710455
v 0.00317571 0.00238005 0.00607662
v 0.00190613 0.08453921 0.00784663
v 0 -0.1304093 -0.01165621
v 0.00380418 0.13041924 0.01089958
v 0.00380417 -0.13066071 0.00746702
v 0.00552281 -0.13064864 0.00654847
v 0.0091841 0.13048996 0.00552013
v 0.00918409 -0.13058999 0.00208757
v 0.00974979 0.13051447 0.00365546
v 0.00974978 -0.13056546 0.00022291
v 0.00994079 0.13053997 0.00171628
v 0.0099408 -0.13053997 -0.00171628
v 0.00974979 0.13056546 -0.00022291
v 0.00974978 -0.13051449 -0.00365546
v 0.0091841 0.13058999 -0.00208757
v 0.00918408 -0.13048996 -0.00552013
v 0.00826547 0.13061258 -0.00380605
v 0.00826546 -0.13046737 -0.00723861
v 0.0070292 0.13063237 -0.00531232
v 0.00702919 -0.13044757 -0.00874487
v 0.00552281 0.13064863 -0.00654847
v 0.0055228 -0.13043131 -0.00998103
v 0.00380417 -0.13041922 -0.01089958
v -0.00370388 0.1303661 0.01244581
v 0.00401913 0.13433066 0.00590655
v 0.00494632 0.13506483 0.00595958
v -0.0040172 0.12581202 0.01257994
v -0.00386879 0.11962543 0.0125118
v -0.00106706 -0.00339681 0.01131536
v -0.00104048 0.00448139 0.01123486
v 0.00530435 -0.05855882 0.00487628
v 0.01007967 -0.12529638 0.000445
v 0.00824416 -0.12590297 0.00394353
v 0.00418285 0.14305902 0.00609646
v 0.00403239 -0.12800053 0.00507899
v 0.00450496 -0.12702356 0.00476291
v 0.00473226 -0.09435971 0.00510889
v 0.00443326 -0.09252515 0.00504776
v 0.00229727 0.1698072 0.0025375
v 0.00147989 0.171803 0.00278108
v 0.00611198 -0.09424363 0.00485186
v -0.00047557 0.17445412 0.01220722
v 0.01168452 -0.12520394 0.00039539
v 0.00556664 -0.01230286 0.00499719
v 0.00498115 -0.01479374 0.00492356
v 0.0055056 -0.06670312 0.00488225
v 0.00616903 -0.06418154 0.00476017
v 0.00654403 -0.06794728 0.00458012
v 0.00059912 -0.06098048 0.01088821
v -0.00022724 -0.01832128 0.01102932
v 0.00565629 -0.06384736 0.00482897
v 0.00686774 -0.06243729 0.00445188
v 0.00452008 -0.06851954 0.00483968
v 0.00637912 -0.12588774 0.00301472
v -0.00344387 0.11310598 0.01228883
v -0.00501173 0.17197852 0.01221361
v -0.00492573 0.16928032 0.01296211
v -0.00286668 0.17531909 0.01159755
v -0.00081836 0.17464766 0.00303469
v -0.00056485 0.17692687 0.00326878
v 0.00113585 0.17798644 0.00315698
v 0.0043669 0.17836371 0.00260387
v 0.00273442 0.16673459 0.00225073
v 0.00343378 0.16336185 0.00367201
v 0.00473535 -0.07505897 0.00468666
v 0.00125707 -0.08124815 0.01083516
v 0.00480106 -0.00765036 0.00484872
v 0.00391905 -0.00437021 0.00377
v 0.00330645 0.15997095 0.00454284
v 0.00328829 0.14396091 0.0059312
v -0.00092543 -0.0085237 0.01120138
v 0.00045814 -0.06529471 0.01087529
v 0.00545977 -0.06200106 0.00481344
v -0.00238223 0.17520294 0.0052083
v 0.00179449 -0.09793934 0.0081001
v 0.00267611 -0.0777837 0.00621132
v 0.00098381 0.00073888 0.00953673
v 0.00256206 -0.10837647 0.00626267
v -0.00026424 -0.01200021 0.01071626
v 0.00082411 -0.01287838 0.00973913
v 0.00315777 -0.01853545 0.00590093
v -0.00066736 -0.00650969 0.01086896
v 0.00116185 -0.08604264 0.00982564
v 0.00234467 0.11908177 0.00692671
v 0.00160365 -0.1028917 0.00882265
v 0.00145658 0.12408945 0.00771057
v -0.00009421 0.16805708 0.00406602
v -0.00276623 0.17556089 0.00728433
v -0.00994079 -0.13053997 -0.00171628
v -0.00974979 -0.13056546 0.00022291
v -0.0091841 -0.13058999 0.00208757
v -0.00826546 0.13046737 0.00723861
v -0.00826547 -0.13061258 0.00380605
v -0.00702919 0.13044757 0.00874487
v -0.0070292 -0.13063237 0.00531232
v -0.0055228 0.13043131 0.00998103
v -0.00552281 -0.13064863 0.00654847
v -0.00380417 0.13041922 0.01089958
v -0.00193935 0.1304118 0.01146522
v -0.00193935 -0.13066815 0.00803266
v 0 0.1304093 0.01165621
v 0.00193935 -0.13066815 0.00803266
v 0.00505698 0.06735003 0.00541904
v 0.00485285 0.06933592 0.00547352
v 0.00761469 0.06498232 0.0049359
v -0.00243201 0.04607128 0.01171662
v -0.00334314 0.10712286 0.01221663
v 0.00526964 0.06134062 0.00549108
v -0.00224591 0.06231185 0.01172146
v 0.00568081 0.07609195 0.00546857
v 0.00715616 0.07867792 0.00519411
v -0.00139152 0.09466495 0.01043038
v -0.00259923 0.07280366 0.01190181
v 0.00509168 0.07462344 0.00549661
v 0.00476398 0.07257269 0.00536334
v 0.00782176 0.06818395 0.00482881
v 0.00490463 0.0647518 0.00524907
v 0.00734496 0.07347379 0.00510399
v 0.00514713 0.07855405 0.00549762
v 0.00833298 0.08211561 0.00452362
v 0.00822924 0.07067309 0.00445804
v 0.00845477 0.07584726 0.00442556
v -0.00233041 0.05918602 0.01176761
v -0.00222126 0.06695452 0.01156876
v -0.002643 0.07009508 0.01177226
v 0.0004271 0.03792939 0.00949743
v -0.00217923 0.05917315 0.01138107
v 0.00085754 0.02819699 0.00944395
v 0.00170413 0.0438584 0.00857566
v 0.00200435 0.05745857 0.00824864
v 0.0021803 0.07614018 0.00792369
v 0.0021723 0.07979859 0.00787455
v 0.00407796 0.07004167 0.00570232
v 0.00178535 0.06555425 0.0083144
v 0.00186151 0.06835617 0.00822781
v 0.00181074 0.06648822 0.00828554
v 0.00133225 0.04893477 0.00882992
v 0.33966985 -0.14144188 0.00259157
v 0.33491287 -0.145228 0.00200474
v 0.3376295 -0.14328417 0.0019789
v 0.32842466 -0.14953628 0.00327668
v 0.33241099 -0.14644709 0.00124204
v 0.30980018 -0.16103926 0.00212244
v 0.29785115 -0.16553926 0.00113034
v 0.40124342 -0.04374726 0.00921726
v 0.40324509 -0.03380376 0.009307
v 0.40106481 -0.03626449 0.01013556
v 0.40135524 0.04940026 0.00144508
v 0.39969462 0.05519681 0.00179472
v 0.39576298 0.06415932 0.00066346
v 0.39840773 0.05558808 0.00060646
v 0.39666617 0.06390715 0.00166378
v 0.38875556 0.0819623 0.00175692
v 0.33019838 0.14906816 0.00095952
v 0.33983016 -0.14065364 0.00133619
v 0.32972112 -0.14818852 0.00775766
v 0.33306009 -0.14625125 0.00346675
v 0.33563662 -0.14392361 0.00762253
v 0.33294633 -0.14488462 0.00936313
v 0.30990541 -0.1594726 0.00120018
v 0.30382615 -0.16371498 0.00205863
v 0.30750597 -0.16204882 0.00193718
v 0.30248058 -0.16378695 0.00112256
v 0.30480558 -0.16177616 0.00112041
v 0.38792452 0.08192566 0.00053946
v 0.39208472 0.07250097 0.0005408
v 0.40657404 -0.02391542 0.00144903
v 0.40725082 -0.01881561 0.00198882
v 0.40720934 -0.02109227 0.00259615
v 0.33228219 -0.14722583 0.00256554
v 0.33194339 -0.14752984 0.00234977
v 0.33154544 -0.14775378 0.00214248
v 0.33059102 -0.1483427 0.00218102
v 0.33002722 -0.14869776 0.00242792
v 0.40022165 0.05116929 0.00065219
v 0.39834172 0.05816664 0.00096716
v 0.3923701 0.0743071 0.00119703
v 0.30151021 -0.16490957 0.00188665
v 0.29799697 -0.16627419 0.0018735
v 0.35351503 0.12987219 0.0016307
v 0.34588909 0.13695407 0.00179392
v 0.33974588 0.14204301 0.00127122
v 0.33632916 0.14437407 0.00067717
v 0.35727596 0.12555735 0.00053058
v 0.36026818 0.12304913 0.00152896
v 0.36282507 0.11960081 0.00050198
v 0.36636323 0.11602788 0.00163004
v 0.37372696 0.10660601 0.00182347
v 0.37521565 0.10375615 0.00070742
v 0.38031501 0.0967987 0.00142378
v 0.39369458 0.07065068 0.001052
v 0.34807327 0.1341162 0.0002372
v 0.37095997 -0.0760694 0.00416266
v 0.37115389 -0.06861372 0.00500666
v 0.34750211 0.10290935 0.00441329
v 0.01568681 0.16851811 0.0014122
v 0.00987589 0.17141679 0.00165492
v 0.3543576 0.1034366 0.00303571
v 0.36530811 -0.07923546 0.00510443
v 0.35522231 0.09441699 0.00437953
v 0.02056741 0.17154799 0.0003991
v 0.02227952 -0.1760731 0.00019909
v 0.02531308 -0.17906252 0.00017489
v 0.0177973 -0.17922974 0.0009064
v 0.00922254 0.17938855 0.00203263
v 0.01462355 0.17945552 0.00125452
v 0.02085059 -0.17943488 0.00077517
v 0.06523148 0.06679913 0.00047119
v 0.0660374 0.05592183 0.00035364
v 0.05696768 0.06232145 0.00086452
v 0.0150692 0.02173511 0.00222579
v 0.01522742 0.03135683 0.00244844
v 0.01709068 0.0226238 0.00349334
v 0.07562344 0.11392961 0.00077344
v 0.06589942 0.12125412 0.00125252
v 0.07103574 0.1230776 0.00108698
v 0.32380542 0.09193458 0.00540012
v 0.32185036 0.0867579 0.00537977
v 0.31767392 0.09670276 0.00532997
v 0.28991428 -0.15987 0.00081302
v 0.12318271 0.1091213 0.00076981
v 0.11957398 0.09880548 0.00048799
v 0.11569352 0.11279257 0.00062803
v 0.08335948 0.12899604 0.0008786
v 0.08420097 0.12221663 0.00070634
v 0.07711902 0.12357044 0.00091632
v 0.27247721 -0.16554955 0.00053034
v 0.26605016 -0.16675547 0.00041655
v 0.29555446 -0.14936188 0.00331771
v 0.28842464 -0.1523761 0.00325708
v 0.099308 0.13678816 0.00090484
v 0.09752804 0.13060275 0.00079388
v 0.08953404 0.13096505 0.00082949
v 0.14883409 0.17300227 -0.00301403
v 0.14481595 0.16857703 -0.00245432
v 0.14278701 0.17199399 -0.00317943
v 0.33905321 -0.11834131 0.00424185
v 0.34241214 -0.11135395 0.00490468
v 0.32548344 -0.12686865 0.00481661
v 0.32373425 -0.12192182 0.00578928
v 0.33178151 -0.11873905 0.00532832
v 0.28964749 -0.14883918 0.00421421
v 0.28262466 -0.15163511 0.00407025
v 0.28592017 -0.15781483 0.00134037
v 0.27838266 -0.15589781 0.00311831
v 0.15143397 0.16924304 -0.00250209
v 0.25732061 -0.16814946 0.00030593
v 0.31938338 -0.12996772 0.00501142
v 0.31335026 -0.13375953 0.00504602
v 0.31690896 -0.12443848 0.00603182
v 0.35191292 -0.099709 0.00504253
v 0.36248434 -0.08587317 0.00486104
v 0.26625544 -0.15947498 0.0026973
v 0.26211506 -0.16415134 0.0011488
v 0.26321402 -0.15920824 0.00305561
v 0.01869052 0.07512315 0.00406036
v 0.01857026 0.06908995 0.00396283
v 0.01681009 0.07151821 0.0037459
v 0.27408063 -0.15165094 0.00329633
v 0.27600381 -0.15186587 0.00421496
v 0.27413481 -0.15482083 0.00362808
v 0.26669925 -0.15722229 0.00189319
v 0.26975057 -0.15751736 0.00258667
v 0.2691434 -0.15612993 0.0013212
v 0.20274505 0.1634912 0.00065133
v 0.19827825 0.16082521 0.00131153
v 0.19463766 0.16242266 0.00083605
v 0.19796696 0.16915937 -0.0015532
v 0.25338686 -0.17020899 0.00013851
v 0.25549477 -0.16567788 0.00090201
v 0.2481617 -0.1670464 0.00055978
v 0.24699998 -0.16999581 0.00000795
v 0.35250425 -0.09331305 0.0057394
v 0.34510648 -0.09732389 0.00615986
v 0.30941349 -0.12744787 0.00616619
v 0.31239277 -0.11917693 0.00658962
v 0.28544956 -0.14560455 0.0051207
v 0.27858487 -0.1467233 0.00522245
v 0.28363204 -0.14112839 0.00579812
v 0.32237443 -0.11309067 0.00658248
v 0.26197946 -0.15577361 0.00029778
v 0.26573059 -0.15526491 -0.00099427
v 0.26289117 -0.15674296 0.00199691
v 0.25732309 -0.15947512 0.00329336
v 0.01355313 0.03235108 0.00058879
v 0.01405495 0.02676238 0.0009626
v 0.34628516 -0.09024104 0.00646065
v 0.34968925 -0.0843693 0.00650849
v 0.17820251 0.15038775 0.00257396
v 0.17486654 0.14570355 0.00270931
v 0.17075643 0.15057808 0.00238144
v 0.06802675 0.10771554 0.00092668
v 0.06924996 0.1144872 0.00101402
v 0.07699723 0.10475281 0.00054686
v 0.25933579 -0.1575643 0.00351625
v 0.25468352 -0.15396456 0.00445705
v 0.15678638 0.17396507 -0.00283639
v 0.29308751 -0.13160864 0.00638221
v 0.2870594 -0.13552406 0.00622498
v 0.28151554 -0.12516361 0.00624706
v 0.25104713 -0.15835255 0.00366567
v 0.24588597 -0.16190696 0.0027112
v 0.24388006 -0.15505347 0.00429122
v 0.0879242 0.08267491 -0.000027
v 0.08261367 0.07486851 -0.00006284
v 0.07923612 0.08622298 0.00017318
v 0.23738924 -0.16358981 0.00213058
v 0.23173192 -0.16776511 0.00036236
v 0.22883794 -0.1635363 0.00204363
v 0.35962936 -0.07178484 0.00631503
v 0.35364014 -0.07840759 0.00646967
v 0.35639501 -0.07017583 0.00654363
v 0.37284791 -0.05865167 0.00543104
v 0.36691436 -0.06449588 0.00592438
v 0.12055314 0.11899845 0.00087299
v 0.1291305 0.11144201 0.0009646
v 0.01735596 0.03967604 0.00365044
v 0.01938346 0.0391635 0.00369249
v 0.01700875 0.03299784 0.00353282
v 0.04238036 0.09329203 0.00212466
v 0.04606354 0.08218475 0.00171278
v 0.03820188 0.08749951 0.00237577
v 0.25709221 -0.14741817 0.00038261
v 0.25675029 -0.14462876 0.00373693
v 0.25909579 -0.144246 -0.0002849
v 0.25527042 -0.1430321 0.00532876
v 0.25474679 -0.14884573 0.00493636
v 0.12731446 0.15078448 0.0013389
v 0.13083874 0.14739002 0.00163885
v 0.12364227 0.14343561 0.00142147
v 0.36644 -0.05645218 0.00633407
v 0.2718277 -0.13944149 0.00544681
v 0.26806843 -0.13801986 0.00513929
v 0.26579538 -0.1354959 0.00589253
v 0.08810247 0.11673738 0.00056176
v 0.0825754 0.11103183 0.00053141
v 0.10335784 0.12669578 0.00072532
v 0.09737449 0.12019617 0.00056852
v 0.26218155 -0.13838929 0.00474704
v 0.26068202 -0.14076775 0.00261163
v 0.25872916 -0.14169368 0.00393144
v 0.23516911 -0.155724 0.00406552
v 0.23874874 -0.16008019 0.00320235
v 0.22865535 -0.15970214 0.0031349
v 0.16456617 0.17001696 -0.00248317
v 0.01780669 0.06398392 0.00392387
v 0.01670352 0.05912305 0.00354723
v 0.01544328 0.06832591 0.00288254
v 0.25932267 -0.13768995 0.00563838
v 0.25725257 -0.13283725 0.00576487
v 0.18810131 0.16018245 0.00125849
v 0.18773133 0.16449714 -1.6e-7
v 0.11824404 0.1287711 0.00100382
v 0.10857026 0.13668346 0.00100044
v 0.11640298 0.13574722 0.00110664
v 0.12626456 0.13691306 0.00137648
v 0.11340058 0.14295363 0.00117683
v 0.04274933 -0.0249794 0.00142337
v 0.04216154 -0.01735889 0.00146921
v 0.05128465 -0.0248694 0.00086634
v 0.36704099 -0.04961035 0.00639496
v 0.37210464 -0.04788025 0.00598741
v 0.2125061 -0.17171192 -0.00075711
v 0.2025221 -0.17111287 -0.0009505
v 0.20374122 -0.16812305 -0.00030402
v 0.19572204 -0.17318054 -0.00109971
v 0.29185769 -0.1058009 0.00633353
v 0.2957496 -0.0958888 0.00633062
v 0.30029726 -0.10435294 0.00643931
v 0.27775705 -0.16352506 0.00063913
v 0.28316426 -0.16186126 0.00073342
v 0.06696762 0.09991109 0.00082997
v 0.0680545 0.09179838 0.0006574
v 0.05808355 0.1009419 0.00128653
v 0.17927617 0.16307338 0.0003152
v 0.09621662 0.0281803 -0.00048648
v 0.10778276 0.02356452 -0.00041946
v 0.10775691 0.01698534 -0.00041528
v 0.30867162 -0.08767675 0.0064711
v 0.31005609 -0.07624668 0.00643685
v 0.31519544 -0.08662654 0.00654426
v 0.31750506 -0.07276773 0.00648552
v 0.3199749 -0.08228759 0.00655991
v 0.03067342 0.04459454 0.00264948
v 0.01934218 0.04801153 0.0037516
v 0.20797035 -0.15342131 0.00380551
v 0.21358882 -0.15531978 0.00363687
v 0.20633635 -0.15975806 0.00257802
v 0.35168546 -0.04725431 0.00654279
v 0.35843292 -0.04643238 0.00649378
v 0.35814616 -0.05348361 0.00653068
v 0.20035009 -0.16226751 0.00182926
v 0.20878103 -0.1637423 0.00151844
v 0.32378709 -0.07368058 0.00655363
v 0.19411771 -0.16908552 -0.00083548
v 0.1841215 -0.17171833 -0.00138361
v 0.3022874 -0.082503 0.00635365
v 0.30206048 -0.09044518 0.00639088
v 0.10954455 0.1479822 0.00114782
v 0.10379351 0.14208966 0.00106215
v 0.17584264 -0.17156743 -0.00154246
v 0.22999123 -0.12992664 0.00502757
v 0.23821843 -0.14251745 0.00530017
v 0.23010454 -0.13902029 0.00507344
v 0.20815194 -0.146669 0.00446172
v 0.01345914 0.05738502 0.00073495
v 0.01542326 0.05414549 0.00273558
v 0.0138223 0.05048128 0.00091772
v 0.35461277 -0.03824314 0.00646923
v 0.05880941 0.09253751 0.00110573
v 0.06284223 0.08346209 0.00077251
v 0.05457064 0.08775008 0.0012575
v 0.05326605 0.07790022 0.00122616
v 0.04869308 0.07142632 0.00142908
v 0.15429625 0.16291124 -0.0001914
v 0.16376278 0.16287626 0.00003041
v 0.1609717 0.1593504 0.00084172
v 0.19262981 -0.16254094 0.00157809
v 0.18441531 -0.16339044 0.00105046
v 0.18285605 -0.15951492 0.00207985
v 0.12414063 0.127396 0.00113074
v 0.38199151 -0.01240586 0.00558041
v 0.38714182 -0.00911433 0.00468345
v 0.38863829 -0.01578431 0.00415955
v 0.14112571 0.14108473 0.00183217
v 0.13509074 0.13829336 0.00160371
v 0.13595274 0.14836523 0.00172982
v 0.1635679 -0.17087743 -0.00190867
v 0.16883956 -0.17143323 -0.00176964
v 0.34856242 -0.0349067 0.0064429
v 0.03660769 0.06813288 0.00228493
v 0.03508084 0.0779039 0.00249429
v 0.04484959 0.06260412 0.0016329
v 0.29462716 -0.08055268 0.00621679
v 0.29139751 -0.08742488 0.006189
v 0.28522891 -0.07826678 0.00599722
v 0.34534687 -0.04119515 0.00648247
v 0.34336263 -0.04970117 0.00652762
v 0.3391546 -0.03631771 0.00641172
v 0.34252781 -0.03106192 0.00637641
v 0.26572162 0.141908 -0.00367743
v 0.26882988 0.14286776 -0.00399426
v 0.268336 0.14203687 -0.00176347
v 0.26321328 0.14076667 -0.0010908
v 0.26416931 0.14169219 -0.0019972
v 0.26776925 0.14059553 -0.00096921
v 0.20667024 -0.13749218 0.00444318
v 0.20034686 -0.13582577 0.00424584
v 0.01705947 0.04734826 0.00360375
v 0.01807168 0.05376724 0.00388219
v 0.27091578 -0.09529012 0.00584004
v 0.26049101 -0.09760579 0.00562111
v 0.26425135 -0.09020212 0.0056443
v 0.19417539 -0.1401116 0.00410442
v 0.19897395 0.17186216 -0.00200378
v 0.19125009 0.17251256 -0.00215223
v 0.18642806 0.16895115 -0.00171654
v 0.18461299 0.17132246 -0.00225122
v 0.17551832 -0.16270724 0.00107775
v 0.1766534 -0.15359102 0.00297302
v 0.10676092 0.11931768 0.00060582
v 0.11080414 0.12916067 0.00085876
v 0.11620198 0.11850701 0.00074603
v 0.28712517 0.15765271 0.00021627
v 0.2877948 0.16106662 -0.00052797
v 0.29427782 0.15708674 -0.00036947
v 0.2586357 -0.08945601 0.00548563
v 0.25369069 -0.09301069 0.00538992
v 0.25540677 -0.10110325 0.00550413
v 0.25105014 -0.10161273 0.0053856
v 0.27643162 -0.07344477 0.0057645
v 0.2792086 -0.08080659 0.00589676
v 0.34027281 0.10888067 0.00454857
v 0.34787005 0.10917139 0.00340993
v 0.01528522 0.04148904 0.0025244
v 0.19233468 -0.14705393 0.00406361
v 0.18685594 -0.13586274 0.00384506
v 0.27122152 -0.0765871 0.0056669
v 0.18414536 -0.14502628 0.00383498
v 0.3882094 0.00266869 0.00444291
v 0.38653007 0.0110314 0.00471838
v 0.21348086 -0.1215235 0.00449962
v 0.21254516 -0.12965649 0.00453293
v 0.20213497 -0.11873449 0.00412707
v 0.20144954 -0.12551358 0.00417618
v 0.10823284 0.11183386 0.00046385
v 0.34523177 -0.01435894 0.00626335
v 0.34888732 -0.02492163 0.00637843
v 0.3406893 -0.01542325 0.00623771
v 0.38210908 0.0082622 0.00551467
v 0.37665075 -0.00027135 0.00612834
v 0.3765502 0.01015212 0.00607428
v 0.25297102 -0.08413679 0.00528542
v 0.2496407 -0.09098139 0.00528028
v 0.30360794 -0.04904085 0.00606775
v 0.30297175 -0.05903878 0.00615495
v 0.29699022 -0.05180975 0.00596416
v 0.29872072 -0.05916017 0.00610318
v 0.24187034 -0.10251664 0.00518055
v 0.23559302 -0.10276976 0.00499724
v 0.23738204 -0.09250061 0.0049099
v 0.27318302 -0.06799792 0.00563087
v 0.16505852 0.15542631 0.00163753
v 0.16257027 0.15006149 0.00222783
v 0.17588577 -0.14629671 0.00360403
v 0.16943997 -0.14998266 0.00317568
v 0.16563383 -0.14638095 0.00328905
v 0.28722066 -0.05412926 0.00579708
v 0.29329896 -0.05964757 0.00599773
v 0.2860772 -0.06359389 0.00586502
v 0.38621777 0.02107634 0.00450574
v 0.17046651 0.16339572 0.00002311
v 0.17507772 0.16534749 -0.0005503
v 0.29118714 -0.04673018 0.00577428
v 0.074714 0.09309385 0.00044636
v 0.08264312 0.09495846 0.00023708
v 0.13060729 -0.16852741 -0.00229269
v 0.13789625 -0.16285646 7.7e-7
v 0.14326623 -0.16808115 -0.00179401
v 0.1754102 -0.13234125 0.00345014
v 0.17742562 -0.12716183 0.00343239
v 0.31671479 -0.04068954 0.00619323
v 0.31191546 -0.03099392 0.00599619
v 0.32090178 -0.03256585 0.00615909
v 0.16292322 -0.15104188 0.00287713
v 0.15559223 -0.14662205 0.00298725
v 0.18556325 -0.1270946 0.00369777
v 0.15803212 -0.13839632 0.00298058
v 0.17088634 -0.13898149 0.0033813
v 0.25464797 -0.07636479 0.00528332
v 0.24857336 -0.07035112 0.00503263
v 0.29387987 -0.0344653 0.00564696
v 0.29847544 -0.04182144 0.00587056
v 0.30131489 -0.14548981 0.00375005
v 0.22493607 -0.10072353 0.00466331
v 0.21935213 -0.096735 0.00443515
v 0.22084936 -0.09057087 0.00438891
v 0.22845639 -0.09400116 0.00468582
v 0.38087019 0.01902728 0.0055149
v 0.37430605 0.01760128 0.00610821
v 0.37436479 0.02598433 0.00600795
v 0.0440396 0.05290134 0.00160068
v 0.03320792 0.06237458 0.00255604
v 0.13230343 -0.15514398 0.00145768
v 0.13342759 -0.15127029 0.00196883
v 0.14169788 -0.15536831 0.00168876
v 0.22581285 -0.08288665 0.00448146
v 0.32381314 -0.00926425 0.0059225
v 0.33327147 -0.0146243 0.00613046
v 0.32270712 -0.01580058 0.00597537
v 0.14743611 -0.14008938 0.00265847
v 0.11730422 -0.17101173 -0.00317376
v 0.10700139 -0.17162977 -0.00338057
v 0.10589233 -0.16863418 -0.00288848
v 0.04504523 0.17202291 -0.00184715
v 0.14236732 -0.14804476 0.0025449
v 0.17205952 0.15799871 0.00138685
v 0.17177756 -0.12205847 0.00317134
v 0.18570375 -0.11074001 0.00349364
v 0.18879505 -0.1063977 0.0035264
v 0.19394928 -0.11496696 0.0038165
v 0.13119838 -0.16022749 0.00047561
v 0.121728 -0.16001701 0.00026862
v 0.25378463 -0.06493309 0.00510308
v 0.24862812 -0.05939589 0.00489354
v 0.13431716 0.12973362 0.0014346
v 0.12870611 0.12866606 0.00127994
v 0.16315903 -0.13366503 0.0030661
v 0.15321743 -0.12563477 0.00257834
v 0.10664766 -0.16463354 -0.00140252
v 0.11917868 -0.16449201 -0.00107786
v 0.11959999 -0.16766158 -0.00229923
v 0.01314829 0.03771744 0.00060583
v 0.01159973 0.03257795 0.00102505
v 0.01178129 0.03997478 0.00095496
v 0.31514129 -0.00696853 0.0057166
v 0.31448215 -0.01466565 0.00581526
v 0.09597515 -0.17192329 -0.0034959
v 0.11099337 -0.160373 -0.0000832
v 0.02264536 0.15976585 0.0033201
v 0.02894068 0.15528379 0.00342412
v 0.0176819 0.15411994 0.00464207
v 0.21918613 -0.08002956 0.00422436
v 0.3822954 0.02994159 0.00496794
v 0.3758823 0.03179079 0.00577422
v 0.37754881 0.03983016 0.00529251
v 0.27528572 -0.04987811 0.00547335
v 0.26991552 -0.04369268 0.00520589
v 0.27575871 -0.03938721 0.00528136
v 0.0871976 -0.17286059 -0.00339296
v 0.08791916 0.10422112 0.00029018
v 0.16515712 -0.11668609 0.00284138
v 0.16772759 -0.10874022 0.00280986
v 0.17598881 -0.11386031 0.00318275
v 0.01394508 0.04241114 0.00096909
v 0.28978682 -0.02764489 0.00541505
v 0.29871002 -0.01800881 0.00547961
v 0.298338 -0.02716167 0.00562554
v 0.29215556 -0.01425892 0.0052826
v 0.30696929 -0.01157601 0.00559193
v 0.30217016 -0.00852765 0.0054203
v 0.37049228 0.04011364 0.00594634
v 0.19207498 0.00455351 0.00236917
v 0.19627193 -0.01230323 0.00264316
v 0.18854509 -0.00686666 0.00233215
v 0.3093586 -0.1388717 0.00447763
v 0.15635276 0.15488048 0.00153003
v 0.15102309 0.14875406 0.00207955
v 0.15101889 0.15772608 0.00093891
v 0.24271226 -0.05852412 0.00468556
v 0.23860115 -0.06563903 0.00465726
v 0.23453045 -0.05535359 0.00439976
v 0.09769916 -0.16237192 -0.00074537
v 0.09680559 -0.16850857 -0.00292381
v 0.09238575 -0.16444519 -0.00142733
v 0.22005802 -0.06398018 0.00402608
v 0.22711357 -0.05944111 0.00422183
v 0.22783381 -0.07023939 0.00438867
v 0.30710858 0.00028867 0.00544911
v 0.20216972 -0.07623221 0.00358706
v 0.20949507 -0.07971261 0.00390415
v 0.20825538 -0.08623276 0.0039519
v 0.20160958 -0.08475501 0.00368983
v 0.03095093 0.14808595 0.00385602
v 0.02584752 0.14805149 0.00430096
v 0.25716394 0.05452581 0.00403998
v 0.26211986 0.0509972 0.00416916
v 0.25366479 0.04497485 0.00395614
v 0.0545084 -0.10559443 0.00135175
v 0.05664219 -0.09635882 0.00109969
v 0.06167986 -0.10347882 0.00098013
v 0.15201348 0.14160086 0.00211082
v 0.1693792 0.14603557 0.00255618
v 0.3373841 0.11815961 0.00358229
v 0.08362377 -0.16396163 -0.00118421
v 0.05404293 0.05770787 0.00100519
v 0.06567899 0.13679931 0.00157916
v 0.06444055 0.1287345 0.00148344
v 0.05886907 0.12918699 0.00172923
v 0.34861678 -0.10494003 0.00488675
v 0.06672825 0.17835766 -0.00300001
v 0.06825253 0.17183173 -0.00323884
v 0.06888318 0.18029727 -0.00293156
v 0.16951805 0.16895308 -0.00202445
v 0.11139131 0.10315029 0.0003836
v 0.03100271 0.13926421 0.00377977
v 0.15714078 0.13055159 0.0020518
v 0.14926651 0.12939462 0.00184066
v 0.14935093 0.13640693 0.0019592
v 0.20620024 0.17247181 -0.00190023
v 0.21538723 -0.06968026 0.00396492
v 0.21010321 -0.06338412 0.00370085
v 0.14567527 -0.11235771 0.00205171
v 0.14437148 -0.12401731 0.00223224
v 0.13685854 -0.11730333 0.00183546
v 0.27174684 0.1449379 -0.00184015
v 0.27133742 0.14276953 -0.00078738
v 0.04444923 -0.1146667 0.00209551
v 0.04316149 -0.12258542 0.00233423
v 0.03602735 -0.119838 0.00277554
v 0.09533849 0.08111975 -0.00006268
v 0.09022258 0.09253975 0.00008655
v 0.14214775 0.13048515 0.00166425
v 0.14729746 0.12161157 0.00163566
v 0.09827858 0.11245674 0.00040739
v 0.26188129 0.14726147 -0.00503322
v 0.26748639 0.14670764 -0.00522378
v 0.2644316 0.14335467 -0.00455338
v 0.0641412 0.16476494 -0.00093372
v 0.06923231 0.16188449 -0.00027333
v 0.06257356 0.16018555 0.00035323
v 0.08600256 0.17208901 -0.00379082
v 0.07874759 0.17168617 -0.00359206
v 0.20816433 -0.0559947 0.00353051
v 0.21584125 -0.05405363 0.0037638
v 0.08181864 -0.15843952 0.00020636
v 0.07491674 -0.1632476 -0.00075193
v 0.07655106 -0.15724115 0.00049823
v 0.22896235 -0.04876305 0.00412932
v 0.22237363 -0.0459508 0.00387457
v 0.22184923 -0.05462526 0.00395719
v 0.36976272 0.05930942 0.00534147
v 0.37263888 0.04729296 0.00556063
v 0.36301458 0.05987793 0.00585197
v 0.08912028 -0.14907885 0.00131428
v 0.07799226 -0.1509392 0.0012697
v 0.02967599 0.13070664 0.00375457
v 0.02171503 0.12453164 0.00439305
v 0.32386649 0.02351317 0.00562849
v 0.31851396 0.01478685 0.00560067
v 0.3152042 0.02269603 0.00548845
v 0.02666933 0.07388575 0.00324308
v 0.24887496 -0.02532506 0.00434997
v 0.24830692 -0.03686237 0.00452371
v 0.24345827 -0.03086174 0.00429983
v 0.19198978 -0.07610763 0.00322738
v 0.18959039 -0.08133312 0.00319734
v 0.18594967 -0.06958288 0.00290302
v 0.05160478 -0.17129028 -0.00223602
v 0.27831912 -0.16016132 0.00139844
v 0.27118134 -0.15862408 0.00272724
v 0.13219537 0.1033163 0.00092094
v 0.12707986 0.09864638 0.00070446
v 0.1092101 -0.13252804 0.00124419
v 0.11406131 -0.12367626 0.0011464
v 0.11729757 -0.13224433 0.00147409
v 0.27785981 -0.01405081 0.004913
v 0.26951247 -0.00881337 0.00464595
v 0.27684307 -0.00587101 0.00476735
v 0.16907066 0.17210418 -0.002568
v 0.20982815 0.16132045 0.00144248
v 0.2011392 0.15701737 0.00215765
v 0.04963748 -0.00407662 0.00096517
v 0.05458569 -0.01515984 0.00065679
v 0.04819327 -0.01405145 0.00104741
v 0.17478275 -0.02120247 0.0019506
v 0.17654625 -0.01252919 0.00195428
v 0.18203717 -0.02427661 0.00223963
v 0.04290824 -0.17140959 -0.00169875
v 0.12968488 0.15748127 0.00047728
v 0.1377307 0.15265447 0.00136202
v 0.06860676 0.15224466 0.00132026
v 0.10190462 -0.13468391 0.0011685
v 0.09810391 -0.14138386 0.00129989
v 0.09380714 -0.13375227 0.00106717
v 0.01719417 0.11707895 0.00443449
v 0.01521347 0.11602807 0.00326838
v 0.15456063 0.11817273 0.00176892
v 0.14634869 0.11557601 0.00152063
v 0.26545978 -0.0172532 0.00463143
v 0.26359725 -0.00934689 0.00451303
v 0.10732539 0.09427588 0.00018091
v 0.11436713 0.092437 0.00029588
v 0.1161452 0.08328108 0.00020544
v 0.19426158 -0.06780495 0.00319481
v 0.21874793 0.16817142 -0.00082376
v 0.21925645 0.17173339 -0.00162315
v 0.22437477 0.16912822 -0.00104958
v 0.35914859 0.05353472 0.00591975
v 0.35894832 0.04679587 0.0059453
v 0.35131964 0.05078271 0.00588313
v 0.06108721 0.15417764 0.00137771
v 0.06368058 0.14864796 0.0017885
v 0.1384553 0.17007756 -0.0030061
v 0.13769808 0.16527615 -0.00137653
v 0.13411915 0.16877079 -0.00278828
v 0.1208537 0.16371812 -0.00117713
v 0.12967585 0.1636799 -0.00100097
v 0.23127665 0.17155156 -0.00137788
v 0.2300835 0.16829786 -0.00071051
v 0.2236183 0.02943942 0.00318832
v 0.22632056 0.02024002 0.00333323
v 0.21775153 0.01573458 0.00310222
v 0.04417287 0.11388686 0.0023392
v 0.03548206 0.1071734 0.00289849
v 0.03318006 0.12067758 0.00329237
v 0.09753843 -0.12672566 0.00090815
v 0.07179058 0.06059577 0.00017358
v 0.0727144 0.04979108 0.00006918
v 0.01568575 0.11059061 0.00372315
v 0.01813958 0.11064785 0.00455212
v 0.12367676 0.15566234 0.00062898
v 0.14676605 -0.03320404 0.00097756
v 0.15199468 -0.04213995 0.00127278
v 0.14189127 -0.03898042 0.00083346
v 0.2484695 -0.01419665 0.00421368
v 0.25647211 -0.01068068 0.00435224
v 0.25264648 -0.02033903 0.00438195
v 0.16884765 -0.07965349 0.002384
v 0.17081484 -0.06903493 0.00231977
v 0.17644419 -0.08091769 0.00269691
v 0.04863748 -0.16765276 -0.00126954
v 0.2282571 -0.03285101 0.00390169
v 0.2264985 -0.04124261 0.00396039
v 0.22182778 -0.034296 0.00371747
v 0.05442472 0.04941602 0.00090765
v 0.06160932 0.05058777 0.00053578
v 0.06032623 0.0395246 0.00052074
v 0.27185363 0.15298897 -0.00151032
v 0.2723895 0.15488078 0.00114055
v 0.27495438 0.15022448 0.00232097
v 0.1555586 0.17160195 -0.00284357
v 0.2731525 0.00760791 0.00457688
v 0.26755667 0.0023589 0.0044993
v 0.01308969 0.01177216 0.00045775
v 0.01398547 0.01374877 0.00079689
v 0.01414745 0.00624199 0.00089595
v 0.06616201 -0.14872326 0.00172349
v 0.06931446 -0.15416287 0.00114063
v 0.05968054 -0.1520417 0.00169869
v 0.03774549 0.12275253 0.00295431
v 0.10339263 0.06899483 -0.00018691
v 0.10311216 0.07706865 -0.00008498
v 0.06785999 0.04463966 0.00018941
v 0.09195349 0.12467133 0.00068009
v 0.29423127 -0.14397424 0.00488954
v 0.0152962 0.08089361 0.00291097
v 0.22164305 0.1629882 0.0012411
v 0.22370102 0.15703486 0.00261556
v 0.21627906 0.16187198 0.0014727
v 0.08894555 0.16103743 -0.00065443
v 0.08121689 0.15797997 0.00011113
v 0.07851714 0.16162759 -0.00057529
v 0.33399823 0.04787485 0.00569825
v 0.33495069 0.03633812 0.00576532
v 0.32724401 0.03882284 0.00562551
v 0.23572662 -0.02527115 0.00400688
v 0.23734173 -0.01510811 0.0039372
v 0.13628884 -0.10637229 0.00157289
v 0.12768471 -0.10717844 0.00126595
v 0.128038 -0.09929168 0.00112961
v 0.02416711 0.08147797 0.00357761
v 0.05532474 0.0255936 0.00072061
v 0.04772364 0.02520613 0.00119017
v 0.04829396 0.03897144 0.00123253
v 0.23631389 0.16300441 0.00144959
v 0.22831531 0.16263871 0.00147572
v 0.23851518 0.17125583 -0.0012351
v 0.23680007 0.16817458 -0.00054859
v 0.13532813 0.16009212 0.00007523
v 0.10349941 0.0596786 -0.00024481
v 0.09825003 0.0593807 -0.00028844
v 0.09419009 0.06964362 -0.00021034
v 0.08029311 0.03966878 -0.00025315
v 0.10854623 0.17217843 -0.00385972
v 0.10335097 0.16856208 -0.00321727
v 0.09756226 0.171942 -0.00391077
v 0.3455925 0.05559786 0.00580557
v 0.34444365 0.04730797 0.00581218
v 0.33633447 0.06104821 0.0056708
v 0.02752117 -0.17176458 -0.00046108
v 0.04347667 0.12863722 0.00262884
v 0.05335349 0.12667397 0.00198781
v 0.05384766 0.12087877 0.00185492
v 0.0696914 0.03248485 0.00006409
v 0.05937647 0.03385221 0.00053119
v 0.09764609 -0.11614051 0.00064955
v 0.10518332 -0.12047954 0.00085587
v 0.17802343 -0.062883 0.00251724
v 0.17784223 -0.07019898 0.00260504
v 0.30825996 0.03922283 0.00528539
v 0.31090018 0.03156354 0.0053659
v 0.30406117 0.02812901 0.00523804
v 0.11937574 0.17276484 -0.00370574
v 0.11473959 0.17204732 -0.00379014
v 0.1601416 0.1060309 0.00173669
v 0.15952072 0.09960994 0.00164056
v 0.1509964 0.10857203 0.00152677
v 0.02955488 0.11517044 0.00354787
v 0.20222466 0.14051621 0.00327204
v 0.20500715 0.14630407 0.00338743
v 0.21136895 0.13711669 0.00344021
v 0.21207626 0.14507981 0.00353448
v 0.02510314 0.1002803 0.00372651
v 0.01818787 0.09709575 0.00435742
v 0.07727519 -0.12369065 0.00092903
v 0.08520265 -0.12791845 0.00093646
v 0.08152749 -0.13764629 0.00125177
v 0.0327246 -0.1710629 -0.00087597
v 0.03169592 -0.16808611 -0.0002285
v 0.11424567 0.16158827 -0.00073332
v 0.16564983 -0.02808882 0.00166107
v 0.16676459 -0.03713846 0.0017991
v 0.15888235 -0.02857906 0.00139833
v 0.24006122 0.01789214 0.00372508
v 0.23293397 0.01420816 0.00354791
v 0.23119459 0.02726617 0.00341668
v 0.21230055 0.00339194 0.00304162
v 0.2063863 -0.00324298 0.00290314
v 0.20380414 0.0064463 0.00274446
v 0.09458518 0.14476937 0.0010741
v 0.10147015 0.14810599 0.00108422
v 0.04928308 0.11972246 0.00207479
v 0.03251145 0.09598243 0.00297703
v 0.04308083 0.10509635 0.0022744
v 0.12514368 0.16880339 -0.00297967
v 0.13498998 0.17324749 -0.00334649
v 0.17079134 0.11487721 0.00215086
v 0.17921759 0.11620793 0.00238678
v 0.17575327 0.10979088 0.00219229
v 0.17006263 0.10432234 0.00197797
v 0.16406824 0.11171175 0.0019393
v 0.0304011 -0.16321649 0.00154904
v 0.03792729 -0.16327807 0.00097293
v 0.25501761 0.00668196 0.00417463
v 0.26009381 -0.00091435 0.00431964
v 0.25036812 -0.00282239 0.00411101
v 0.21658832 0.14152062 0.00360328
v 0.08807081 0.15352935 0.00065362
v 0.09547202 0.15032256 0.00092713
v 0.08832055 0.14972137 0.00103556
v 0.27793562 0.14845374 0.00370396
v 0.27257913 0.1562649 0.00186502
v 0.0733607 0.14740971 0.00147272
v 0.07984045 0.1336616 0.00105524
v 0.07057782 0.14094032 0.0014813
v 0.03549721 0.00664661 0.00201915
v 0.04228035 0.01522087 0.00153165
v 0.04643872 0.00710502 0.0011988
v 0.16907929 0.09890922 0.00189386
v 0.26274964 0.01340274 0.00429774
v 0.22139603 0.14618599 0.00374328
v 0.22790468 0.1512334 0.0035002
v 0.23153794 0.14752945 0.00386589
v 0.23680983 0.15226571 0.00352526
v 0.32354432 0.04577739 0.00553175
v 0.32405475 0.05747005 0.00551372
v 0.32838321 0.05302659 0.00558715
v 0.14286782 0.0951655 0.00109177
v 0.15243223 0.09188947 0.00133091
v 0.14578533 0.08641524 0.00107785
v 0.24400514 0.16207598 0.00174297
v 0.24494955 0.15517773 0.00318388
v 0.2385923 0.1575848 0.00273297
v 0.02085773 -0.16389057 0.00218581
v 0.12461714 0.17259832 -0.00356896
v 0.13106778 0.17192596 -0.00341786
v 0.05565445 -0.13707872 0.00196888
v 0.07023484 -0.14485833 0.00159945
v 0.06057086 -0.14617477 0.00196972
v 0.06865866 -0.10591297 0.00076233
v 0.06536933 -0.0938998 0.00066748
v 0.07804149 -0.10069771 0.000421
v 0.28832805 0.07244756 0.00479328
v 0.29018599 0.08207642 0.00482429
v 0.29803482 0.075449 0.00499342
v 0.1624666 0.09236138 0.00161234
v 0.1519949 0.09849351 0.00139894
v 0.10101877 -0.1074127 0.0004891
v 0.10319384 -0.09764694 0.00031982
v 0.11056461 -0.1107126 0.00075621
v 0.0903664 0.13943426 0.00098505
v 0.08310369 0.1403832 0.00113839
v 0.08599489 0.14544299 0.00113457
v 0.1114407 -0.09723221 0.00049053
v 0.24492636 0.15041134 0.00382862
v 0.11643149 0.16925323 -0.00327426
v 0.10190566 0.1539091 0.00055772
v 0.11953278 -0.09409756 0.00070997
v 0.1269294 -0.08540593 0.00083586
v 0.13046345 -0.09487723 0.00114753
v 0.24079733 0.14766623 0.00403243
v 0.11488284 0.15758279 0.0001213
v 0.11010915 0.1539028 0.0006015
v 0.03009602 -0.12733072 0.00335943
v 0.03046153 -0.1368116 0.00350648
v 0.02301255 -0.13101803 0.00403512
v 0.07218789 0.1339331 0.00127731
v 0.1210793 0.06273452 0.00012855
v 0.12149325 0.05309396 0.00004846
v 0.11259166 0.05684607 -0.00014107
v 0.32804769 0.06730454 0.00552624
v 0.33347085 0.05640828 0.00564352
v 0.02980187 -0.15978238 0.00240403
v 0.01359356 0.09421948 0.00117951
v 0.01554965 0.09261891 0.00327329
v 0.01367323 0.08867662 0.00117205
v 0.06938235 0.01603433 0.0000053
v 0.06242932 0.01805621 0.0003085
v 0.06421734 0.02598344 0.00025481
v 0.29822713 0.04071178 0.00506682
v 0.29761106 0.03369921 0.00506058
v 0.2899957 0.03859985 0.0048721
v 0.01963717 -0.16108403 0.00304851
v 0.18815309 0.11889944 0.00264746
v 0.19459845 0.10912673 0.00269011
v 0.18698265 0.11286587 0.00253279
v 0.15592432 0.08413102 0.00135324
v 0.15156466 0.07410824 0.00113718
v 0.18977967 0.10341777 0.00249648
v 0.29034066 0.0310993 0.00487535
v 0.28234562 0.03665417 0.00467749
v 0.36109993 0.08893872 0.00406733
v 0.3613798 0.08093549 0.00486495
v 0.35511428 0.08583911 0.0051769
v 0.24498284 0.00550617 0.00394155
v 0.24061376 -0.0068133 0.00394214
v 0.23764798 0.00563043 0.00375019
v 0.25803035 0.16532417 -0.00006253
v 0.26921603 0.16518812 -0.00056199
v 0.26893678 0.16230841 0.00027876
v 0.26374051 0.16024528 0.0015996
v 0.2603792 0.15802306 0.00207002
v 0.25711545 0.16106629 0.00165708
v 0.18489711 0.09895629 0.00231978
v 0.18281385 0.10863478 0.00237009
v 0.21012591 0.12163137 0.00321654
v 0.21223943 0.12973349 0.00336138
v 0.22047031 0.12276161 0.00346607
v 0.32932764 0.07658157 0.00552489
v 0.21373856 -0.01557671 0.00325314
v 0.2184993 -0.00749559 0.00332619
v 0.22372583 -0.01130547 0.00352566
v 0.05993223 0.11898173 0.00150038
v 0.06002319 0.1078178 0.00129167
v 0.08539382 -0.09105438 0.00014531
v 0.07229403 -0.09308501 0.0004342
v 0.23422442 0.00213236 0.00368317
v 0.15843759 -0.0507826 0.00161201
v 0.16505367 -0.06027826 0.00198424
v 0.1573799 -0.05990823 0.00167218
v 0.26309681 0.15770996 0.00124645
v 0.09317398 0.16417387 -0.00153863
v 0.09970471 0.15963387 -0.00043525
v 0.34930372 0.09184472 0.00525189
v 0.35379595 0.07952555 0.0056601
v 0.05630098 0.0145502 0.00062062
v 0.06711309 0.01080694 0.0000681
v 0.06218522 0.00512259 0.00028235
v 0.16227353 -0.04766784 0.0017387
v 0.16897506 -0.05513222 0.00206649
v 0.11857019 0.14948222 0.00124032
v 0.07578889 0.01926393 -0.00021366
v 0.07614882 0.01017101 -0.00022929
v 0.14556307 -0.06256512 0.00124765
v 0.14581278 -0.07082438 0.00136457
v 0.13929419 -0.0657291 0.00101887
v 0.27551806 0.16583428 -0.00069829
v 0.21749453 0.11952928 0.0033566
v 0.21296546 0.11204834 0.0031648
v 0.0792578 -0.10792444 0.00054257
v 0.08307792 -0.11839981 0.00073629
v 0.07133324 -0.11513667 0.00087806
v 0.26751342 0.02032477 0.00436603
v 0.25749224 0.02374543 0.00412266
v 0.03351767 0.08382447 0.00269755
v 0.06229741 -0.12465438 0.00140303
v 0.06373177 -0.13222411 0.0015236
v 0.05657651 -0.12977175 0.00175621
v 0.30304605 -0.13311066 0.00595939
v 0.29459429 -0.13713399 0.00586184
v 0.02978037 -0.15153003 0.00345436
v 0.02966707 -0.15618525 0.00296158
v 0.02221587 -0.15605737 0.00361749
v 0.01380459 -0.02977382 0.0005749
v 0.01290245 -0.03454256 0.00039644
v 0.31939977 0.05993119 0.00540925
v 0.31213823 0.05730003 0.00530508
v 0.31484461 0.06708758 0.0053152
v 0.23576026 0.13745792 0.00398469
v 0.24411839 0.13553944 0.00413145
v 0.23823714 0.13170356 0.00398829
v 0.01341027 0.10922551 0.00126663
v 0.01341476 0.10313055 0.00119991
v 0.17691702 -0.04496744 0.00225656
v 0.1678097 -0.04527698 0.00191089
v 0.045317 -0.13556749 0.00247755
v 0.04386991 -0.14647213 0.00277878
v 0.03672343 -0.13796924 0.00310235
v 0.07272154 0.00168021 -0.00014641
v 0.05386207 0.13323091 0.00206572
v 0.04201813 0.13799176 0.00289422
v 0.13390309 0.04656261 0.00040481
v 0.12813117 0.04521554 0.00023312
v 0.12813511 0.05699332 0.00028473
v 0.34533831 0.08262531 0.00568436
v 0.34169072 0.07713382 0.0056882
v 0.33810163 0.08768691 0.00562355
v 0.13771839 0.05896166 0.00058394
v 0.14055711 0.05180475 0.00062759
v 0.33081484 0.08523022 0.00553083
v 0.33671072 0.07212237 0.00564084
v 0.01374725 -0.03912644 0.00059131
v 0.21982905 0.11218964 0.00333048
v 0.04116588 -0.00886206 0.00154933
v 0.11701666 0.049537 -0.00008158
v 0.12587819 0.04026937 0.00013305
v 0.01357056 0.06257884 0.00078963
v 0.01196183 0.06305502 0.00093495
v 0.01356523 0.06824312 0.00082996
v 0.21335003 -0.00792431 0.00316855
v 0.06589164 -0.00255207 0.00009741
v 0.09795371 0.01638944 -0.00050513
v 0.09053656 0.02334582 -0.00044511
v 0.16278459 0.07043886 0.00142599
v 0.15608673 0.06620203 0.00118323
v 0.2607109 0.14379618 -0.00209953
v 0.25975367 0.14290118 -0.00113875
v 0.25931945 0.14632125 -0.0022796
v 0.2574569 0.14632294 -0.00091121
v 0.10406582 0.16398071 -0.00150752
v 0.27774891 0.15539739 0.00228116
v 0.27653095 0.16134986 -0.00000313
v 0.03433915 -0.02819009 0.00210446
v 0.02479334 -0.02546768 0.00292635
v 0.02788063 -0.02125424 0.00264384
v 0.15839092 -0.03875544 0.00148004
v 0.10320732 0.03150525 -0.00044447
v 0.26337731 0.15027513 -0.00513887
v 0.2672106 0.15163916 -0.00505731
v 0.2603094 0.14449929 -0.00368926
v 0.25892034 0.14850049 -0.00395382
v 0.01692917 -0.0329501 0.00326468
v 0.01519253 -0.04175602 0.00214897
v 0.01513063 -0.0321857 0.00218698
v 0.17981899 0.08111493 0.0020014
v 0.17464532 0.07512959 0.00180051
v 0.17059784 0.0810291 0.00174306
v 0.04928497 0.14363796 0.00250674
v 0.05333292 0.14794759 0.00230569
v 0.19045544 -0.02687682 0.00257797
v 0.18560612 -0.02015495 0.0023399
v 0.12888649 -0.06657814 0.0006396
v 0.13103832 -0.05746029 0.00060997
v 0.27198932 0.14847729 -0.00405396
v 0.09470852 0.16893858 -0.00332544
v 0.24541689 0.0236376 0.00382506
v 0.24833287 0.01497303 0.00396253
v 0.26261839 0.14297062 -0.0038567
v 0.22417411 0.0105015 0.00333725
v 0.1450859 -0.04686745 0.00103005
v 0.15218 -0.05008651 0.00136358
v 0.14360222 -0.05389034 0.00106405
v 0.08740643 -0.10227089 0.00034289
v 0.11511917 0.02273617 -0.00026452
v 0.21914035 0.00169829 0.00326211
v 0.22518146 0.11457318 0.00347751
v 0.23004091 0.10869836 0.00354372
v 0.02388589 -0.03117249 0.00300218
v 0.02382531 -0.0416709 0.00302156
v 0.01854094 -0.03336371 0.00344106
v 0.27122915 0.14543125 -0.00399323
v 0.27328023 0.14934929 -0.00119703
v 0.27306986 0.14540157 -0.00087632
v 0.26471677 0.13972235 0.00131005
v 0.01342096 -0.04611402 0.00047964
v 0.14368275 0.14703059 0.00196146
v 0.14438018 0.1536769 0.00143137
v 0.26204383 0.13984784 0.00213563
v 0.26423869 0.13756301 0.00388194
v 0.22006191 0.1035955 0.00326186
v 0.22593784 0.10222507 0.00338608
v 0.17364438 -0.03244144 0.00201025
v 0.27399927 0.14608507 0.00125622
v 0.27187866 0.14246584 0.00122731
v 0.31622827 0.08304995 0.00531032
v 0.32289752 0.0766337 0.0054345
v 0.12471569 -0.06058032 0.00042161
v 0.05419445 0.15565506 0.00156061
v 0.2679345 0.13975748 0.00178588
v 0.01339095 -0.0517866 0.00042912
v 0.17083718 0.06534326 0.00164189
v 0.16530868 0.06157768 0.00144577
v 0.30100083 0.15525475 -0.00040735
v 0.13309117 -0.04949374 0.00060781
v 0.13812673 -0.05777955 0.00089668
v 0.33881232 0.10346346 0.00520827
v 0.33075345 0.10753825 0.00537463
v 0.33171213 0.11554262 0.00464523
v 0.27641708 0.14492588 0.00413156
v 0.27616975 0.14173259 0.00456908
v 0.273036 0.14141019 0.0035939
v 0.02394765 -0.05237367 0.0030543
v 0.01810979 -0.04434642 0.00344538
v 0.33773106 0.09795366 0.00552375
v 0.32838264 0.0949147 0.0054514
v 0.3308278 0.10032612 0.00547078
v 0.2706396 0.13851468 0.00417894
v 0.29304686 0.1510669 0.00196244
v 0.28460848 0.15405107 0.001995
v 0.09624204 -0.0747734 -0.00009471
v 0.09329702 -0.0859938 0.00003327
v 0.09092088 -0.07721258 -0.00007748
v 0.05026854 -0.11929882 0.00185198
v 0.05160502 -0.11239488 0.00163717
v 0.14415652 0.03978112 0.00070156
v 0.13734619 0.03793064 0.00047521
v 0.17944236 0.06995352 0.00191522
v 0.17047456 0.07225716 0.00166418
v 0.04711242 -0.03098366 0.00114652
v 0.04028986 -0.02982576 0.00160494
v 0.2303904 0.09759726 0.00345192
v 0.05998995 0.07399123 0.00079454
v 0.27368188 -0.14952001 0.00046904
v 0.272268 -0.1542792 0.00233901
v 0.2716848 -0.15357274 0.00049358
v 0.10995194 -0.07650462 0.00012221
v 0.10385272 -0.06951283 -0.00009342
v 0.10428787 -0.06316945 -0.0001661
v 0.02555804 0.11070015 0.00382235
v 0.27013284 -0.15301712 -0.00199507
v 0.23549153 0.11300787 0.00370721
v 0.23798133 0.09996244 0.0036572
v 0.03855884 -0.03712618 0.00178333
v 0.04443761 -0.04079167 0.00133899
v 0.06035998 -0.11680469 0.00129938
v 0.17354421 0.05682815 0.00168316
v 0.16750433 0.05302968 0.0014653
v 0.17731205 0.16828103 -0.00166118
v 0.17690751 0.17098126 -0.00233395
v 0.03757677 0.14947474 0.00328392
v 0.33601496 -0.10976531 0.00595564
v 0.3279613 -0.11505389 0.00614493
v 0.3315919 -0.10418141 0.00659093
v 0.28152174 0.15272808 0.00269119
v 0.28665444 0.14618509 0.00371735
v 0.31227627 0.09149104 0.00522556
v 0.06758127 -0.08365016 0.00044003
v 0.07902121 -0.00576352 -0.00034006
v 0.08557233 -0.01186162 -0.00046678
v 0.07892945 -0.01853615 -0.00034414
v 0.04808497 0.16345543 0.00033764
v 0.05618879 0.16361222 -0.00015428
v 0.05496183 0.15953603 0.00087794
v 0.01259396 0.04774165 0.00074741
v 0.21183971 0.02582718 0.00287226
v 0.21022977 0.01545235 0.00288334
v 0.18360874 0.00135078 0.00210531
v 0.18313313 -0.01019338 0.00216388
v 0.03517997 -0.10795905 0.00263576
v 0.03861593 -0.10527155 0.00232304
v 0.03496051 -0.11292604 0.002733
v 0.05992354 -0.03593233 0.00040298
v 0.05432002 -0.03441811 0.00071289
v 0.05589098 0.1683045 -0.00182607
v 0.12059997 -0.04398888 0.00007313
v 0.12596244 -0.0412571 0.00024741
v 0.12196161 -0.05141115 0.00019997
v 0.01318794 -0.06213869 0.00038915
v 0.01347419 -0.06576801 0.00051886
v 0.17726785 0.04975912 0.00176242
v 0.17987661 0.157884 0.0015526
v 0.26560545 0.05855041 0.0042452
v 0.22619364 0.03839371 0.00321086
v 0.26569968 0.12218896 0.00448713
v 0.26562834 0.11415143 0.00443189
v 0.25532728 0.11850525 0.00423073
v 0.18175173 0.05821919 0.00192425
v 0.18551557 0.06537219 0.00206403
v 0.19104424 0.05955378 0.00221294
v 0.26208061 0.1095109 0.00430792
v 0.2544224 0.10798521 0.00412124
v 0.23280421 0.04171457 0.00339429
v 0.06504212 0.18078059 -0.00229352
v 0.29142216 0.14294514 0.00396397
v 0.29694727 0.13909945 0.0042364
v 0.29172334 0.13680966 0.00465117
v 0.24876609 0.10338309 0.00394667
v 0.24721062 0.11178118 0.00398205
v 0.20560147 0.02441956 0.00269181
v 0.09397586 -0.0081004 -0.00055537
v 0.0904744 -0.01589844 -0.00051456
v 0.14993794 0.03701948 0.00088788
v 0.14816958 0.02452908 0.00077892
v 0.14264666 0.03030031 0.00062459
v 0.01942706 -0.06167487 0.00344632
v 0.02136401 -0.06594595 0.00330077
v 0.01684289 -0.06601056 0.00335515
v 0.11308094 0.00781503 -0.00035203
v 0.11750497 0.00027647 -0.00022782
v 0.109029 0.00387834 -0.00040644
v 0.15199673 -0.01860216 0.00105811
v 0.15241955 -0.02790561 0.00114832
v 0.1433125 -0.02033171 0.00074302
v 0.0527005 0.17167914 -0.0023846
v 0.15444225 0.04319048 0.0010292
v 0.16274801 0.0454267 0.00130305
v 0.15825468 0.0342266 0.00114508
v 0.16840576 0.03397979 0.00145529
v 0.04462115 0.16868874 -0.00124934
v 0.03643145 0.16363311 0.00114636
v 0.13768187 -0.02762766 0.00057282
v 0.13208449 -0.03811331 0.00046023
v 0.12612982 -0.0301406 0.00017734
v 0.03402796 -0.01775806 0.00212501
v 0.09759187 -0.01603746 -0.00053171
v 0.01675742 -0.0479509 0.00334064
v 0.01496414 -0.05539088 0.00194875
v 0.31003714 0.09842838 0.00521975
v 0.30246186 0.09122173 0.00507236
v 0.3000493 0.09980824 0.00504722
v 0.18127671 0.00965729 0.00196755
v 0.17763509 0.0003813 0.00189214
v 0.10335363 0.10188092 0.0002568
v 0.09777807 0.09804734 0.00016203
v 0.01385935 -0.07499204 0.0008693
v 0.01338663 -0.07123211 0.00053734
v 0.03216997 0.16842322 -0.00014868
v 0.12716673 0.00830572 0.00011069
v 0.12370549 0.00355506 -0.00001073
v 0.11825369 0.01107343 -0.00018151
v 0.18542707 0.05126183 0.00202913
v 0.03638894 -0.09527985 0.0023328
v 0.02960986 -0.09463945 0.00286601
v 0.08470321 -0.02272646 -0.00043634
v 0.08118638 -0.03069189 -0.00034613
v 0.29689372 0.13028692 0.00503055
v 0.29188007 0.1317206 0.00498207
v 0.30558255 0.10929677 0.00516318
v 0.31208223 0.10935239 0.00527027
v 0.01306688 0.02607847 0.00050231
v 0.16028771 0.02385022 0.00119129
v 0.15453494 0.02584704 0.00099932
v 0.24986863 0.0940209 0.00390683
v 0.24552724 0.10075714 0.00385278
v 0.04980373 -0.05545001 0.00104142
v 0.04583661 -0.05448838 0.00131951
v 0.05048959 -0.0474773 0.00098229
v 0.32517698 0.12689596 0.00370701
v 0.10037902 0.08559693 -0.00001598
v 0.35817078 -0.08189321 0.00589994
v 0.20135067 0.06660119 0.00251846
v 0.21096611 0.06303298 0.00276595
v 0.19924068 0.05757009 0.00242599
v 0.16826184 0.136691 0.00243306
v 0.25865796 0.09778683 0.00416022
v 0.20736742 0.16961813 -0.00157141
v 0.22238274 0.08085727 0.00309459
v 0.23688856 0.09265155 0.00354547
v 0.24165174 0.08617396 0.00361708
v 0.0182689 -0.10223161 0.0039314
v 0.02324997 -0.09992486 0.00353829
v 0.02625449 -0.1082427 0.0033656
v 0.1652647 0.02727459 0.00135622
v 0.11534346 -0.05172819 -0.00003582
v 0.2125674 0.17199342 -0.00175893
v 0.26189578 -0.15424749 -0.00066714
v 0.26583219 -0.15253538 -0.00356651
v 0.26839989 -0.14908844 -0.00380993
v 0.27167577 -0.15033875 -0.00261668
v 0.06064178 -0.06847331 0.00054626
v 0.06630804 -0.06631041 0.00028043
v 0.06583805 -0.07474715 0.0004008
v 0.25496244 0.08900428 0.0040006
v 0.03045008 0.16243455 0.00206583
v 0.02397186 0.16875947 0.0005327
v 0.28447336 0.11856516 0.00484221
v 0.27385318 0.10911465 0.00456582
v 0.27366495 0.11574477 0.00459232
v 0.13198794 0.12007738 0.00120684
v 0.13810505 0.11620373 0.00129528
v 0.2699686 0.10130037 0.00443351
v 0.26239604 0.10333364 0.00427019
v 0.07376935 -0.07661527 0.00015805
v 0.07180177 -0.05865988 0.00001423
v 0.14013965 0.12245417 0.00147552
v 0.18415302 0.14735472 0.00289696
v 0.20766947 0.03855817 0.0027001
v 0.21366769 0.04592677 0.00284235
v 0.21341741 0.03724792 0.00286856
v 0.13024247 -0.02283311 0.00027371
v 0.12506795 -0.01229784 0.00005787
v 0.13679731 -0.01240806 0.00045605
v 0.09583542 -0.04498471 -0.00039932
v 0.09198317 -0.04992099 -0.00038434
v 0.08918011 -0.03883025 -0.00045676
v 0.17899799 0.14300473 0.00276778
v 0.01467383 0.1624193 0.00349851
v 0.02396812 0.16366495 0.00226077
v 0.26157528 0.08915412 0.00417108
v 0.09814665 -0.03270327 -0.00046761
v 0.10623015 -0.04384574 -0.00032058
v 0.09846514 -0.03825203 -0.00046037
v 0.10421698 -0.02147588 -0.00045814
v 0.10314776 -0.01122945 -0.00050656
v 0.10994448 -0.01549531 -0.00039204
v 0.2248871 0.17318733 -0.00147233
v 0.18101579 0.03010602 0.00189326
v 0.17405394 0.03822325 0.00164732
v 0.18373914 0.03846729 0.00196005
v 0.0792127 0.06098117 -0.0000895
v 0.07469025 0.06958435 0.00013158
v 0.05033568 -0.06620467 0.00109898
v 0.05468934 -0.07658745 0.0009443
v 0.04568077 -0.07063848 0.00140434
v 0.22837658 0.05331089 0.0032322
v 0.21915503 0.05508365 0.00297865
v 0.22336599 0.0620767 0.003076
v 0.22267464 0.07046843 0.00307682
v 0.21815072 0.06531566 0.00294596
v 0.08424982 -0.04179052 -0.00036493
v 0.05568456 -0.12246001 0.00163058
v 0.27874604 0.10673656 0.00465423
v 0.27917954 0.10153873 0.00464187
v 0.24788538 0.07377847 0.00374942
v 0.24413219 0.06670313 0.0036393
v 0.24237642 0.07852845 0.00359972
v 0.08229953 0.06697839 -0.00010672
v 0.0445796 -0.07670575 0.00158144
v 0.04007381 -0.07226815 0.00183189
v 0.29269806 0.11153451 0.00495384
v 0.28488085 0.1110053 0.00480197
v 0.01741299 0.10494722 0.00437106
v 0.03227508 -0.08200218 0.00250039
v 0.0291248 -0.07445763 0.00270167
v 0.03593224 -0.07731286 0.00217186
v 0.16445033 0.12570062 0.0021534
v 0.16469236 0.11990581 0.00208229
v 0.15888667 0.12173531 0.00194658
v 0.1620324 0.01132455 0.00128597
v 0.15515582 0.0167128 0.00103204
v 0.28747556 0.10101325 0.00481096
v 0.10963382 0.16848722 -0.0031498
v 0.09925696 -0.02674966 -0.00049759
v 0.0941444 -0.02533027 -0.00054079
v 0.01733374 0.01255682 0.00353238
v 0.01866538 0.01665453 0.00366639
v 0.09277114 -0.03622026 -0.00045968
v 0.26688442 0.0947797 0.00433615
v 0.06954894 -0.05252979 0.00005498
v 0.06614137 -0.05846242 0.00023858
v 0.0619099 -0.05221057 0.0003756
v 0.02513828 0.02343174 0.00303994
v 0.01847344 0.02706177 0.00371925
v 0.02454651 -0.08850544 0.0032825
v 0.02105945 -0.08835618 0.00354816
v 0.02142305 -0.08206633 0.00338225
v 0.03016408 -0.08757251 0.00271147
v 0.02449114 -0.0795527 0.00316607
v 0.07999475 -0.04692858 -0.0002525
v 0.07120137 -0.04595294 -0.00003179
v 0.07288054 -0.0405101 -0.00010228
v 0.16495436 0.01652916 0.00136307
v 0.13418821 0.0941906 0.00084281
v 0.11169179 0.08236545 0.00008642
v 0.22968692 0.07318905 0.00322856
v 0.23098192 0.06682113 0.00327908
v 0.19870332 0.08681133 0.00257623
v 0.19480422 0.07983626 0.00241677
v 0.19210792 0.08895774 0.00240742
v 0.14882624 0.00801105 0.00082371
v 0.14060426 0.00759462 0.00052876
v 0.14205702 0.01512387 0.00059388
v 0.18613316 0.13288718 0.00280214
v 0.18075354 0.1287244 0.00258453
v 0.175097 0.13538016 0.00258624
v 0.19753061 0.14763816 0.00319756
v 0.19658193 0.13935359 0.00312587
v 0.18849318 0.14731547 0.00299485
v 0.01580445 -0.08172959 0.00288534
v 0.01690717 -0.08027039 0.00353177
v 0.01693442 -0.08550171 0.00366216
v 0.01351973 -0.08434445 0.00068926
v 0.34196404 -0.08802158 0.00664629
v 0.3402617 -0.09527092 0.00659444
v 0.06599806 -0.04890648 0.00021071
v 0.06347206 -0.04426984 0.00027455
v 0.19068386 0.13796999 0.00296867
v 0.18516552 0.13966903 0.00287018
v 0.23754752 0.07111132 0.0034462
v 0.14727582 0.01707761 0.00076422
v 0.04346334 -0.06283984 0.00151594
v 0.27473176 -0.14191473 0.00555817
v 0.2759724 -0.14024502 0.00603764
v 0.27435088 0.09545971 0.00449938
v 0.27453104 0.08518621 0.00447977
v 0.26847771 0.08535717 0.00432568
v 0.3038598 0.1259492 0.00512171
v 0.3017382 0.13612583 0.00438318
v 0.30898792 0.13104945 0.0045515
v 0.13170329 -0.00320008 0.00025573
v 0.03978984 0.02168425 0.00175326
v 0.03334003 0.0168013 0.00226345
v 0.03399165 0.02674752 0.00225343
v 0.04819418 -0.08006639 0.00135697
v 0.06631137 -0.03771748 0.00011168
v 0.10700843 -0.02944292 -0.00039603
v 0.10575671 -0.03703424 -0.00038841
v 0.24655485 0.17071453 -0.00112889
v 0.09242561 0.15646151 0.00018205
v 0.08023991 0.14938186 0.00118645
v 0.07915754 0.15367329 0.00080362
v 0.2168223 0.07537624 0.0029407
v 0.30053741 0.10832137 0.00508993
v 0.22724855 -0.17515039 -0.00032768
v 0.23596999 -0.17189267 -0.00024165
v 0.29114962 0.10459652 0.00487294
v 0.08738316 0.05583371 -0.00030242
v 0.25462151 0.06630211 0.0039337
v 0.19461855 0.13360797 0.00302093
v 0.30977458 0.14167695 0.00252653
v 0.30929503 0.13693562 0.00366961
v 0.30439335 0.1427763 0.00295952
v 0.19291654 0.05249837 0.0022437
v 0.11368371 0.07205208 0.00003264
v 0.10887977 0.06435233 -0.00015995
v 0.33025095 -0.09720679 0.00666193
v 0.32436067 -0.09810834 0.00664229
v 0.01688587 -0.07532572 0.00351451
v 0.01696017 -0.07106329 0.00350331
v 0.02286628 -0.07335221 0.00324109
v 0.21246786 0.14932379 0.0033704
v 0.21471816 0.15534061 0.00270297
v 0.22127277 0.15059535 0.00343132
v 0.23968145 -0.16810627 0.00027028
v 0.23019405 -0.17081015 -0.00026341
v 0.1462841 -0.00741475 0.00078788
v 0.11612771 -0.00656059 -0.00024592
v 0.13100722 0.01576788 0.00020582
v 0.13703083 0.02230451 0.00043102
v 0.01785968 -0.10734895 0.00403613
v 0.03380932 -0.06864458 0.00227666
v 0.02634243 -0.06170751 0.00287597
v 0.03211156 -0.05785639 0.00236235
v 0.2250796 0.09174497 0.00326446
v 0.03901377 -0.08773492 0.00204092
v 0.2715728 0.12481338 0.00462012
v 0.2361144 0.06024045 0.00342952
v 0.23650974 0.05326632 0.00346024
v 0.24881132 0.06222603 0.00379076
v 0.2436347 0.0575541 0.00365097
v 0.20278378 0.13418107 0.00321481
v 0.19774584 0.12744716 0.00299552
v 0.19010979 0.12712008 0.00278538
v 0.09432902 0.05095463 -0.00034976
v 0.09052449 0.06223692 -0.00024292
v 0.3235364 0.12191369 0.0045874
v 0.10160169 -0.07591556 -0.0000562
v 0.1109044 -0.08768739 0.00035195
v 0.10033081 -0.08751597 0.00011126
v 0.29841852 0.14488092 0.00311731
v 0.25438002 0.17030148 -0.00101792
v 0.282864 0.08720174 0.00466908
v 0.28134364 0.07910299 0.00463864
v 0.28155956 0.09282127 0.00465414
v 0.28764668 0.09205066 0.0047903
v 0.12432168 0.07414819 0.00030449
v 0.11844513 0.07152109 0.00013728
v 0.04120889 -0.09464759 0.00200157
v 0.09061477 -0.05811577 -0.00031006
v 0.08613712 -0.05307719 -0.00031389
v 0.08383202 -0.05984063 -0.00021544
v 0.07393577 -0.02837922 -0.00017219
v 0.07157986 -0.01849132 -0.00011913
v 0.01280735 -0.00086414 0.00042869
v 0.01415938 -0.0069049 0.00085538
v 0.01292189 -0.00904109 0.00038626
v 0.22423981 0.04556826 0.00313809
v 0.3258642 0.11127756 0.00534975
v 0.10110421 -0.05045594 -0.0003614
v 0.27728519 0.13472174 0.00479027
v 0.28274608 0.12765455 0.00485633
v 0.27752787 0.12361602 0.00472702
v 0.23937215 0.04760814 0.00355472
v 0.06624587 -0.02901509 0.0000994
v 0.21156973 0.07777204 0.00284589
v 0.20526922 0.0735075 0.00264369
v 0.20400871 0.08068161 0.00265826
v 0.25846124 -0.14772828 -0.00103143
v 0.26051015 -0.15216205 -0.00234692
v 0.25756115 -0.15038006 0.00017067
v 0.26147625 0.16925961 -0.00090091
v 0.06185107 -0.08125165 0.0006302
v 0.16650981 -0.01020618 0.00155247
v 0.15492034 -0.00899655 0.0011069
v 0.16274238 -0.0021699 0.00135482
v 0.21745411 0.02927531 0.00302451
v 0.19788837 0.1202203 0.00290384
v 0.01781829 -0.05684337 0.00351274
v 0.01670587 -0.06008714 0.0033105
v 0.01518147 -0.06414064 0.00221103
v 0.28400391 0.13887693 0.00470335
v 0.28609532 0.13232131 0.00490941
v 0.10077734 0.00030209 -0.00051716
v 0.10598096 0.01034617 -0.00046072
v 0.02897551 -0.10165274 0.00301712
v 0.06279486 -0.02177533 0.00023731
v 0.05854928 -0.02536829 0.00047086
v 0.13358317 0.07627015 0.00061178
v 0.13330264 0.06943381 0.0005279
v 0.31800872 0.10813574 0.00535318
v 0.32164076 0.10341083 0.00540447
v 0.07532211 0.0275134 -0.00015899
v 0.07771431 0.03438526 -0.00021062
v 0.24902639 0.16121128 0.00192954
v 0.25035468 0.16686988 -0.00035002
v 0.09364347 -0.00007102 -0.000547
v 0.08643409 -0.00189951 -0.00047669
v 0.0517818 0.01311831 0.00087119
v 0.26124886 0.06411438 0.00413723
v 0.20587009 0.08801752 0.00276556
v 0.26523834 -0.14562944 -0.00396535
v 0.26602635 -0.14179096 -0.00273138
v 0.26921248 -0.14295939 -0.00282506
v 0.01813697 -0.05347585 0.0034909
v 0.01655309 -0.0535139 0.00317971
v 0.24113825 0.04149668 0.00361774
v 0.01333177 -0.0581832 0.00043839
v 0.33425885 -0.08734748 0.0066456
v 0.17819954 0.1001136 0.00215488
v 0.20303449 0.01625673 0.0026546
v 0.29459554 0.0866473 0.00492013
v 0.3039183 0.08278193 0.00510421
v 0.33688903 -0.10001455 0.00660505
v 0.01724054 -0.01608982 0.00338555
v 0.01512069 -0.01878374 0.00213714
v 0.01500014 -0.01194549 0.00205648
v 0.04808916 -0.0964376 0.0015797
v 0.04829365 -0.10430001 0.00168672
v 0.23794821 0.12103547 0.00384835
v 0.24140537 0.10940671 0.00382307
v 0.06442901 -0.01269661 0.00015349
v 0.07089083 -0.00846748 -0.00010077
v 0.08001579 0.00225138 -0.00036135
v 0.0833191 -0.06690669 -0.00015336
v 0.08979925 -0.06673731 -0.00023015
v 0.0887968 0.04246414 -0.00037702
v 0.08846501 0.03099629 -0.00043005
v 0.19939692 0.09435875 0.00265166
v 0.29080287 0.14856441 0.00297392
v 0.18753894 0.08404642 0.00224828
v 0.19731654 0.01390342 0.00248818
v 0.25922984 0.12776062 0.00439769
v 0.25170243 0.12455763 0.0041938
v 0.25205812 0.13150969 0.00427037
v 0.27586129 0.14686394 0.00350653
v 0.2787644 -0.13600117 0.00616136
v 0.03092387 -0.03313564 0.00239106
v 0.24518348 0.12967366 0.00412408
v 0.25764701 0.15811123 0.00246806
v 0.25390714 0.15490885 0.00318648
v 0.160932 -0.01751757 0.00138031
v 0.12947974 0.0646063 0.00039776
v 0.3457669 -0.07873942 0.00661283
v 0.24513184 0.11884691 0.00400624
v 0.24347878 0.12415735 0.0040177
v 0.17331661 0.0926232 0.00192387
v 0.16589487 0.08596879 0.00165154
v 0.05317705 0.00339485 0.00076323
v 0.0425434 -0.00024458 0.00146373
v 0.22992904 0.11956333 0.00365642
v 0.11613896 0.04127428 -0.00014976
v 0.14029874 -0.04487489 0.00081977
v 0.19326021 0.09634691 0.00250653
v 0.01414267 -0.02333649 0.00088657
v 0.01516162 -0.02552495 0.00217147
v 0.2970686 -0.12039101 0.00647538
v 0.28996801 -0.1259295 0.00639628
v 0.28852826 -0.11840659 0.00633866
v 0.25903562 0.14244306 0.00108599
v 0.37475067 -0.06476793 0.0045519
v 0.37691543 -0.0567777 0.00480944
v 0.12484521 0.0334766 0.00004855
v 0.26296324 -0.14247949 -0.00288732
v 0.26294833 -0.14077535 0.00004434
v 0.26572895 -0.14108752 -0.00064337
v 0.26017103 -0.14494312 -0.00282859
v 0.07568593 -0.08690129 0.00023608
v 0.23033635 0.12922862 0.00377891
v 0.2279806 0.13482478 0.00379725
v 0.08455431 0.02483016 -0.0004004
v 0.09370551 0.01202866 -0.00050631
v 0.11050155 0.04263514 -0.00029637
v 0.11551306 0.03142816 -0.00020961
v 0.24387676 0.14337592 0.00421408
v 0.25167409 0.14610983 0.00425329
v 0.25163233 0.13914734 0.0043458
v 0.28103891 0.16332549 -0.00063118
v 0.22202261 0.12693331 0.00354996
v 0.19951448 0.10544372 0.00275532
v 0.17579678 0.08607798 0.00192561
v 0.01736446 -0.02433494 0.00347534
v 0.05793674 -0.00494666 0.00046994
v 0.26169437 0.15527368 -0.00171896
v 0.26549789 0.15581715 -0.00190307
v 0.26374435 0.15429409 -0.00419968
v 0.26773885 0.15465307 -0.0039784
v 0.26894647 0.15801585 0.00133912
v 0.25626862 0.15144154 0.00213857
v 0.25610957 0.14735655 0.00195394
v 0.2543557 0.14768144 0.0036325
v 0.26644391 0.15813062 0.00097365
v 0.1435657 0.06598631 0.00079919
v 0.19553791 -0.02234159 0.0027123
v 0.08584831 0.01616132 -0.00044247
v 0.08519337 0.00715471 -0.00044792
v 0.26930448 0.15492596 -0.00192341
v 0.10741343 0.03493977 -0.00034433
v 0.1010021 0.05094299 -0.00035757
v 0.30680388 0.06957635 0.00517727
v 0.30656081 0.06026545 0.00518822
v 0.30034161 0.06582329 0.00506038
v 0.31421936 0.07720937 0.00528795
v 0.30665684 0.07746124 0.00515399
v 0.22061653 0.1325445 0.00360075
v 0.18392479 0.09070328 0.00220736
v 0.27025384 -0.16337417 0.000965
v 0.01872327 -0.01400453 0.00350705
v 0.17893392 -0.02826127 0.0021586
v 0.25468773 0.03491933 0.00399233
v 0.24916649 0.02961974 0.00388289
v 0.25817937 0.14093903 0.00341473
v 0.2562325 0.13988487 0.00428399
v 0.25632548 0.14344379 0.00346734
v 0.27235976 0.15843183 0.00159944
v 0.27697754 0.04717896 0.00455604
v 0.27556765 0.03821275 0.00450016
v 0.26829863 0.04557843 0.0043325
v 0.02688566 -0.01258657 0.00274089
v 0.30624455 -0.11143046 0.00654926
v 0.30361372 -0.11642967 0.00653265
v 0.29839778 -0.11132016 0.00647099
v 0.29951736 -0.14022641 0.00514733
v 0.15876572 0.05657241 0.001222
v 0.15106948 0.05986112 0.00101656
v 0.34461999 0.09800387 0.00519825
v 0.23587543 0.143557 0.00405292
v 0.34485501 0.09027011 0.00558145
v 0.38297248 -0.04670571 0.00412878
v 0.27566093 -0.14688554 0.00478604
v 0.34180301 -0.10603323 0.00574029
v 0.09466725 -0.09757949 0.00024742
v 0.13025019 -0.07705749 0.00083409
v 0.1222329 -0.07833752 0.00055302
v 0.12129949 -0.06539454 0.00032231
v 0.25938466 -0.15412992 0.00067707
v 0.03461022 -0.00119818 0.00207807
v 0.02456938 -0.00348897 0.0030135
v 0.02616751 0.00320759 0.00287053
v 0.22200966 -0.17138173 -0.00054105
v 0.22268429 -0.16790557 0.00019818
v 0.08070327 0.04499622 -0.00023747
v 0.33586198 -0.07914424 0.00663883
v 0.34073997 -0.07814474 0.00664005
v 0.20511855 -0.01145821 0.00294264
v 0.14502968 0.05744265 0.00082194
v 0.15036508 0.04950729 0.00092787
v 0.09419879 0.04073644 -0.00041676
v 0.11895654 -0.0855644 0.00054159
v 0.11378738 -0.07473615 0.00019957
v 0.2994999 -0.12712005 0.00646146
v 0.01836167 -0.15254624 0.00435033
v 0.02057179 -0.1471101 0.00443707
v 0.20538709 0.09526435 0.00282293
v 0.25934696 -0.14946371 -0.00279177
v 0.17634705 0.12210852 0.00240179
v 0.2732392 -0.14304657 0.00387385
v 0.25662091 -0.15235525 0.00381936
v 0.21310502 0.08671437 0.00293915
v 0.01745158 -0.00676493 0.00350643
v 0.01508248 -0.00667809 0.00209477
v 0.01513546 -0.0002653 0.00222685
v 0.3253026 -0.10873596 0.00663123
v 0.31766528 -0.10780023 0.00664624
v 0.31909478 -0.09729622 0.00661344
v 0.24336092 0.16776377 -0.00050162
v 0.21360028 0.09394251 0.00301405
v 0.12269935 0.02222924 -0.00002969
v 0.2319093 0.15601534 0.00294445
v 0.26762134 -0.13942519 0.0030704
v 0.27132386 -0.14103875 0.00369335
v 0.26816428 0.03409426 0.00432058
v 0.27482533 0.02585248 0.00450526
v 0.02499191 0.01161643 0.00301103
v 0.34796095 -0.07473284 0.00660187
v 0.13919237 -0.07585146 0.00117512
v 0.13117394 0.08380991 0.00063341
v 0.26689142 -0.14012426 0.0004152
v 0.18570426 0.07681705 0.00215404
v 0.19000466 0.06956364 0.00222275
v 0.1209226 0.08870731 0.00038941
v 0.30541384 0.15296933 -0.00034089
v 0.26390165 -0.13938251 0.0031245
v 0.26066238 -0.14158711 0.00037732
v 0.01514956 0.00941065 0.00223849
v 0.01749068 0.00182669 0.00352906
v 0.26924324 -0.12680206 0.00600342
v 0.27499467 -0.1282962 0.00614469
v 0.27004772 -0.13261351 0.00596401
v 0.3037079 0.15021312 0.00041927
v 0.32062083 0.07062354 0.00540524
v 0.13778636 0.08824233 0.0008737
v 0.08804597 -0.11279629 0.00055146
v 0.10727806 -0.0913552 0.00029925
v 0.37789765 -0.04537712 0.00533878
v 0.12968048 0.02523595 0.00021301
v 0.13515665 0.03047532 0.00036146
v 0.03968052 0.03670148 0.00184333
v 0.01313563 0.00388024 0.00048069
v 0.01214598 0.01007625 0.00062945
v 0.32639796 -0.0901273 0.0066348
v 0.35153288 -0.06649412 0.00658504
v 0.346322 -0.06565236 0.006596
v 0.10606858 0.08523799 0.00004438
v 0.08029436 0.05230649 -0.00019207
v 0.15846398 -0.06596656 0.00180654
v 0.1500127 -0.05779888 0.00136865
v 0.30944735 -0.09588517 0.00652564
v 0.1285298 0.09057712 0.00063178
v 0.3837719 -0.03681716 0.00459339
v 0.27388456 -0.11554621 0.00606233
v 0.26951379 -0.11983799 0.00597492
v 0.21355721 -0.1685724 -0.00023561
v 0.20821342 -0.1743145 -0.00080486
v 0.10691699 0.15901364 -0.00023778
v 0.20484114 0.15282379 0.0028612
v 0.17097807 0.04500447 0.00157773
v 0.34982097 0.07561108 0.00575792
v 0.24978235 -0.13717481 0.00556615
v 0.24825671 -0.1300166 0.00552775
v 0.34401554 0.06953619 0.0057267
v 0.37620234 -0.03686105 0.00586917
v 0.33912632 -0.06850992 0.00660047
v 0.3309077 -0.06894702 0.00657646
v 0.01363205 0.02052548 0.00055599
v 0.01513668 -0.07110162 0.00216807
v 0.20135251 -0.03357524 0.00302335
v 0.19522756 -0.03489098 0.00281865
v 0.22946984 -0.00666013 0.00364023
v 0.27081466 0.13451287 0.00466144
v 0.25561807 0.01505976 0.00412135
v 0.28546557 0.02395501 0.00476386
v 0.35332745 -0.05736779 0.00656176
v 0.34650117 -0.05802727 0.00656706
v 0.33930117 -0.05674054 0.00653098
v 0.21156506 0.16892987 -0.00127034
v 0.36903405 -0.04029089 0.00639944
v 0.25989822 0.151811 -0.00404361
v 0.03056091 0.03509768 0.00259416
v 0.18958792 -0.04135918 0.00269913
v 0.18791837 -0.05028474 0.00272812
v 0.18034881 -0.03888732 0.00232595
v 0.05720063 -0.04505799 0.00060882
v 0.25861949 -0.1235659 0.00574934
v 0.25227714 -0.12289867 0.00558577
v 0.19256762 0.15497395 0.00231978
v 0.29225165 -0.11210278 0.00638297
v 0.09418647 -0.10796332 0.00044423
v 0.23202273 -0.1464386 0.00507744
v 0.22583365 -0.14584333 0.0049655
v 0.37132317 -0.03231703 0.00632753
v 0.03476769 0.05249091 0.00234237
v 0.0437219 0.04529541 0.00157692
v 0.26874173 -0.10314704 0.0058517
v 0.26792634 -0.11132048 0.00587247
v 0.05229915 -0.14754102 0.00230891
v 0.04665419 -0.1516014 0.00233526
v 0.06781389 0.07544063 0.00046228
v 0.19818045 -0.15560478 0.00320952
v 0.02898347 -0.04795319 0.00257316
v 0.09246509 0.10015111 0.00021871
v 0.10733761 -0.00296974 -0.00042622
v 0.11151268 -0.01046915 -0.00036845
v 0.27777708 -0.10309997 0.00606469
v 0.27815646 -0.09434962 0.00600281
v 0.28413281 -0.10536703 0.00619493
v 0.28077191 -0.1115199 0.0061658
v 0.01368444 -0.07842605 0.0006848
v 0.36595878 -0.03041519 0.00641675
v 0.12696745 0.11808241 0.00102295
v 0.22461256 -0.13372704 0.00492256
v 0.22001588 -0.13807818 0.00479224
v 0.26268035 -0.11361336 0.00578037
v 0.26248348 -0.1196436 0.0058146
v 0.2534261 -0.11318741 0.0055628
v 0.17488921 -0.0526266 0.00226702
v 0.28525358 -0.08896536 0.00608716
v 0.02612489 0.05639377 0.00314745
v 0.02884454 -0.0688936 0.00269267
v 0.29860187 0.12289167 0.00509801
v 0.09111698 -0.12312848 0.00079686
v 0.05561604 -0.05521703 0.00071151
v 0.08794375 -0.0288987 -0.00047406
v 0.35946372 -0.03159352 0.00643708
v 0.33395803 -0.04912764 0.00647305
v 0.33721143 -0.06135403 0.00654885
v 0.32942712 -0.05357516 0.00646578
v 0.33012 -0.06116831 0.00653289
v 0.10770446 -0.0552762 -0.00020138
v 0.02330087 -0.16823687 0.00042146
v 0.09267153 0.00551731 -0.00052217
v 0.11799261 -0.10504219 0.00086003
v 0.35908294 0.06899698 0.00578127
v 0.35229135 0.06467687 0.00580297
v 0.17489633 -0.16840808 -0.00111307
v 0.02385319 -0.14319934 0.00414925
v 0.03175981 -0.14681651 0.0035619
v 0.07406852 -0.13638996 0.00132949
v 0.07325938 0.08080088 0.00031376
v 0.12520605 -0.00573441 0.00005357
v 0.22113249 -0.12274227 0.00472562
v 0.03856217 -0.06360585 0.00188018
v 0.18604454 0.04516368 0.00203302
v 0.19203502 0.03388267 0.00224063
v 0.09563977 0.10807306 0.00032254
v 0.21393974 -0.02824456 0.00339028
v 0.21308374 -0.03848141 0.00349102
v 0.20785864 -0.03330163 0.00325492
v 0.13805228 -0.0987432 0.00150494
v 0.13547765 -0.0864541 0.00117756
v 0.14026371 -0.09197253 0.00145864
v 0.32101786 -0.05110407 0.00634379
v 0.2499495 0.0822422 0.00381714
v 0.0565248 -0.15718301 0.00116921
v 0.2231171 -0.02394871 0.00364271
v 0.22967547 -0.02016733 0.00376876
v 0.15636832 0.00725856 0.00108588
v 0.36545569 -0.02377693 0.00638351
v 0.15735914 -0.07829463 0.00191664
v 0.15267926 -0.08481562 0.00184464
v 0.14736998 -0.07727838 0.00152199
v 0.33021253 -0.07699552 0.00662144
v 0.32550669 -0.08118673 0.00660163
v 0.12105286 -0.01796491 -0.00006593
v 0.11209233 -0.02280381 -0.00031934
v 0.15071884 0.00069468 0.00090792
v 0.01636192 -0.08938558 0.00340812
v 0.01650327 -0.09473416 0.00348244
v 0.01479182 -0.09578027 0.00207056
v 0.29181933 0.02058687 0.00494432
v 0.28462869 0.01196592 0.00480253
v 0.1699115 -0.16315867 0.00076466
v 0.16191524 -0.16360328 0.00040064
v 0.30487791 0.1162722 0.00517237
v 0.29591483 0.11786366 0.00503188
v 0.3185952 0.1237562 0.00476666
v 0.31858417 0.13113293 0.00372901
v 0.20158094 -0.14785117 0.00422715
v 0.01907637 -0.09406266 0.00376104
v 0.04435742 -0.15664653 0.00190515
v 0.04828683 -0.16082081 0.00096118
v 0.01342177 -0.09243717 0.00076753
v 0.23007774 -0.12048103 0.00498671
v 0.25590521 0.07746781 0.00397648
v 0.04821509 0.0934238 0.0017292
v 0.05733925 -0.16287401 -0.00002445
v 0.0251037 0.06661261 0.00330741
v 0.35517186 -0.01967348 0.00634952
v 0.13944273 -0.00196572 0.0005171
v 0.14557803 0.15926135 0.0005225
v 0.16880506 -0.15631288 0.00229895
v 0.16016471 0.1682727 -0.00200183
v 0.07748986 -0.05645863 -0.00012549
v 0.03980399 -0.16802067 -0.00082484
v 0.1723749 0.02117693 0.00161312
v 0.17084223 0.00931872 0.0016006
v 0.14893639 0.1653889 -0.00113729
v 0.28315434 0.00293711 0.00482739
v 0.27624321 0.01416401 0.00459754
v 0.1632832 -0.07363199 0.00209614
v 0.36461937 0.07132937 0.00520154
v 0.3628003 -0.01503754 0.00634874
v 0.29426444 -0.06766121 0.00609559
v 0.28813729 -0.07166764 0.00601496
v 0.25233454 -0.14543483 0.00554403
v 0.24450424 -0.14661786 0.00531975
v 0.18564862 -0.15101357 0.0035366
v 0.29386413 0.09481992 0.00491543
v 0.3090522 0.01665194 0.00538183
v 0.2990399 0.02639967 0.00510262
v 0.04177421 -0.08268661 0.00179077
v 0.26230156 -0.08152512 0.00551995
v 0.26289755 -0.0768703 0.00548894
v 0.27106619 -0.08317822 0.00574615
v 0.12187439 -0.02380539 -0.00001618
v 0.35082763 -0.01176894 0.0062616
v 0.2004897 0.03400792 0.00250111
v 0.19572181 0.02434321 0.00238566
v 0.26091108 0.07252126 0.00410603
v 0.23839641 -0.03661775 0.00425039
v 0.30291796 0.00946057 0.00527924
v 0.29694784 0.0175541 0.0050765
v 0.01673274 0.08126067 0.00381427
v 0.01818779 0.08543994 0.00418943
v 0.01353636 0.08126204 0.00094227
v 0.01336585 0.07504576 0.00082238
v 0.05221415 0.11093189 0.0017735
v 0.22041534 0.03838085 0.00305699
v 0.370536 0.06894454 0.00455903
v 0.26004145 -0.0225544 0.0045795
v 0.0655641 -0.16035785 0.00023853
v 0.06793846 -0.16347443 -0.00064682
v 0.30534887 -0.10082628 0.00650793
v 0.29788756 0.00223526 0.00521141
v 0.05597454 -0.08491403 0.00096814
v 0.25732824 -0.0307176 0.00463544
v 0.17855212 -0.14057116 0.00364467
v 0.26094422 -0.07149336 0.00537092
v 0.21460369 -0.11118671 0.00444621
v 0.21063462 -0.11670843 0.00434882
v 0.20858654 -0.10749692 0.00421348
v 0.23199356 -0.0884543 0.00473068
v 0.04124582 -0.10129608 0.00207194
v 0.35153422 0.03574418 0.00596559
v 0.34494609 0.03632273 0.00588471
v 0.24465063 -0.0858411 0.0050913
v 0.24373108 -0.09549105 0.00514057
v 0.23811121 -0.08295153 0.0048674
v 0.13835397 -0.17129749 -0.00259125
v 0.12493098 -0.17051555 -0.00287739
v 0.14470942 -0.16249469 0.00032895
v 0.14912477 -0.15400794 0.0021487
v 0.15240142 -0.16228674 0.00056353
v 0.02315503 -0.11962147 0.00381733
v 0.02196522 -0.11213663 0.0038073
v 0.30673692 -0.040801 0.00600753
v 0.05125576 -0.08676734 0.00124932
v 0.09473123 -0.06200538 -0.00025254
v 0.13379075 -0.12938553 0.00195564
v 0.13023347 -0.11784634 0.00160175
v 0.24718636 -0.04529382 0.00464134
v 0.02840453 -0.11575878 0.00328507
v 0.31226906 0.00705415 0.00552375
v 0.27465788 0.0739489 0.00446395
v 0.27825969 0.06514478 0.00455165
v 0.26726285 0.06877606 0.00428384
v 0.01553062 0.10316359 0.00343738
v 0.27320343 -0.02042992 0.00489278
v 0.26888669 -0.02710058 0.00485158
v 0.10741785 -0.14549921 0.00150661
v 0.09741436 -0.14715269 0.0013695
v 0.35414922 -0.00669451 0.00625164
v 0.34463984 -0.00133924 0.00614567
v 0.06821214 -0.16865177 -0.0025018
v 0.24885245 0.05249662 0.00380579
v 0.27050221 0.05546022 0.00439327
v 0.16643469 -0.10046273 0.00261515
v 0.16791722 -0.08894265 0.00249736
v 0.17415456 -0.09182484 0.00276253
v 0.32523006 -0.02307247 0.00611943
v 0.33310765 -0.02263358 0.00620817
v 0.24519259 0.03812417 0.00375447
v 0.21787807 -0.16056731 0.00270807
v 0.21964285 -0.16381857 0.00176317
v 0.08112782 -0.08209676 0.00006817
v 0.31122658 -0.02147506 0.00583641
v 0.3193967 -0.02472124 0.00602634
v 0.01347593 0.11366235 0.00114897
v 0.0119011 0.11312911 0.00133519
v 0.2386255 0.0302643 0.00359449
v 0.06105798 -0.17178555 -0.00270254
v 0.25682232 -0.03871316 0.00477758
v 0.25410378 -0.04617068 0.00484275
v 0.32148278 0.00653267 0.00572019
v 0.32526109 0.01513651 0.00572771
v 0.2823123 -0.04856969 0.00560915
v 0.27843115 -0.05913614 0.00566255
v 0.17537692 -0.10317694 0.00298996
v 0.11305654 -0.06290132 0.00002738
v 0.30690354 -0.02404773 0.00577045
v 0.30387643 -0.03305933 0.00584434
v 0.18112521 -0.11742447 0.00341494
v 0.22256953 -0.07236169 0.00423575
v 0.38510519 0.03549233 0.00410482
v 0.2815218 -0.02260564 0.00515129
v 0.27739364 -0.03059101 0.00515522
v 0.3159762 -0.00038813 0.00567235
v 0.36111423 0.03567149 0.00602526
v 0.35920936 0.02472727 0.00609221
v 0.36572605 0.00879903 0.00620057
v 0.36181352 0.00592375 0.00621526
v 0.36459169 0.01822744 0.00616547
v 0.17973745 -0.09663596 0.00306234
v 0.26339996 -0.04364355 0.00504437
v 0.08271224 0.16896603 -0.00316982
v 0.0791027 0.16497403 -0.00155856
v 0.07202766 0.16887306 -0.0028148
v 0.11962005 -0.14922564 0.00175165
v 0.10963154 -0.150268 0.00138559
v 0.20273611 -0.104472 0.00397405
v 0.2025457 -0.11242466 0.00405599
v 0.19614467 -0.1033974 0.00373719
v 0.2948947 -0.00774199 0.00525592
v 0.32596403 -0.00014003 0.00585933
v 0.08476166 -0.1688358 -0.00295661
v 0.36244425 0.02879517 0.0060648
v 0.2334308 -0.06788421 0.00453104
v 0.25832528 -0.05134352 0.00504218
v 0.28430966 0.06884762 0.00470601
v 0.28740862 0.05628387 0.00479931
v 0.04663658 0.15598717 0.00197275
v 0.04990759 0.15109384 0.00233932
v 0.03926181 0.15585203 0.00252528
v 0.27766752 0.0590809 0.00456216
v 0.36860502 0.03002751 0.00606617
v 0.28481907 -0.04060981 0.00553055
v 0.35560077 0.02089866 0.00607012
v 0.29243273 0.06756247 0.00489463
v 0.2945579 0.05990498 0.004951
v 0.06794912 0.18116069 -0.00187077
v 0.38061538 0.04483384 0.00452296
v 0.16884476 -0.01985977 0.00171892
v 0.33854353 0.01298335 0.00594774
v 0.34752041 0.00754254 0.00610041
v 0.3312791 -0.00710079 0.00602262
v 0.25415266 -0.05703224 0.00500611
v 0.16485038 -0.12740596 0.00301921
v 0.01755991 -0.11403632 0.00403891
v 0.28046927 0.05338454 0.00462973
v 0.28547984 0.04615478 0.00476522
v 0.03629354 0.17132953 -0.00111318
v 0.261507 -0.06321459 0.00529686
v 0.35437 0.01200891 0.00612964
v 0.29365316 0.04851248 0.0049471
v 0.1292965 -0.16405074 -0.00064849
v 0.34636018 0.01710583 0.00602615
v 0.34884515 0.02605987 0.00597741
v 0.37129042 0.00989442 0.00617615
v 0.34001452 -0.00568779 0.00613895
v 0.15561789 -0.11808178 0.00251044
v 0.24531844 -0.05240127 0.00468982
v 0.14082949 -0.12808169 0.00217897
v 0.35270286 0.001298 0.00619023
v 0.04910029 -0.12859882 0.0021186
v 0.30106273 0.0543735 0.00508688
v 0.11902152 -0.07175323 0.00034131
v 0.36149263 -0.00406951 0.00627195
v 0.06786279 -0.12206994 0.00113489
v 0.15835817 -0.15363844 0.00243012
v 0.15005395 -0.14850962 0.0027346
v 0.11695317 -0.03261771 -0.00013801
v 0.19367769 -0.12883106 0.00397042
v 0.1872579 -0.1204391 0.00366269
v 0.2638202 -0.12842676 0.00585202
v 0.28619558 -0.01833598 0.00519519
v 0.03832385 -0.14795581 0.00310232
v 0.20973167 -0.07066444 0.00379991
v 0.1981339 0.07386509 0.00246498
v 0.37008262 0.00033955 0.00624463
v 0.3693881 -0.00806934 0.00629708
v 0.18857154 -0.03486462 0.00258584
v 0.15538172 -0.16931282 -0.00183832
v 0.14509639 -0.17079601 -0.00233597
v 0.22782066 0.00150073 0.00351808
v 0.3022179 0.04526386 0.00514571
v 0.38334966 -0.00249264 0.00539629
v 0.37710983 -0.00745702 0.00610093
v 0.36930263 -0.01533337 0.0063171
v 0.21898898 -0.12949535 0.00473075
v 0.15613423 -0.10337967 0.00227513
v 0.15489966 -0.11024292 0.00234119
v 0.25974181 0.15528867 0.00054717
v 0.15276483 -0.17193082 -0.00217018
v 0.32505444 -0.04410818 0.00634625
v 0.32675931 -0.03897101 0.00632084
v 0.33583421 -0.04339497 0.0064482
v 0.33096063 -0.03473236 0.0063314
v 0.05182024 -0.1415427 0.00226226
v 0.22120577 -0.15391934 0.00401931
v 0.16157614 -0.16773424 -0.00118251
v 0.19084935 -0.15641597 0.002871
v 0.30251032 -0.07493278 0.00630599
v 0.29612172 -0.07573191 0.00620817
v 0.25932071 -0.10811923 0.00564552
v 0.3414191 0.02701057 0.00590571
v 0.37261128 -0.02520277 0.00630087
v 0.27670044 -0.08636148 0.00589563
v 0.24783996 -0.10897211 0.00538876
v 0.23933274 -0.11156637 0.00517949
v 0.03705192 -0.15665838 0.0024069
v 0.3390505 0.02036294 0.00590051
v 0.33268684 0.02577677 0.0057756
v 0.29197282 0.00135346 0.00507438
v 0.37557754 0.05751088 0.00462029
v 0.2418845 -0.13037041 0.00536988
v 0.3175211 -0.06345813 0.00641128
v 0.32196334 -0.06139724 0.00644056
v 0.37781203 -0.02570717 0.00590126
v 0.20208117 -0.15306967 0.00367263
v 0.28384537 -0.09609272 0.00611265
v 0.23646452 -0.1318175 0.00521687
v 0.34273288 0.06275553 0.00575492
v 0.20580442 0.11747736 0.0030494
v 0.31993854 0.11464042 0.00534453
v 0.20418045 -0.02247003 0.00300553
v 0.30840555 0.04865647 0.00525246
v 0.23911506 -0.04649897 0.00442404
v 0.09755351 -0.15310968 0.00094171
v 0.0129529 -0.02444898 0.00038512
v 0.2436884 -0.13940538 0.00543407
v 0.27976 0.03109666 0.00460627
v 0.27999675 0.0198276 0.00463689
v 0.38255298 -0.0310351 0.00510799
v 0.22891992 -0.1518224 0.00447966
v 0.21724209 -0.14672503 0.00470716
v 0.2561686 0.15471035 0.00290771
v 0.25315434 0.15007493 0.00384299
v 0.19670781 -0.04855292 0.00304239
v 0.31449091 0.04973561 0.00535232
v 0.31735146 0.04435205 0.00542715
v 0.27460259 -0.14693451 0.00339486
v 0.30675587 -0.1222782 0.00658045
v 0.26387852 -0.1541785 -0.00274881
v 0.27068987 -0.14180495 0.00036901
v 0.27336562 -0.14534621 0.00060925
v 0.26175517 -0.14860538 -0.00378947
v 0.25037619 -0.15170296 0.00484722
v 0.3144882 0.03695573 0.00541199
v 0.36171085 -0.06277809 0.00644609
v 0.3130452 -0.10284601 0.00658431
v 0.3634524 -0.04485446 0.00646535
v 0.2376563 -0.14950477 0.00493551
v 0.33920303 0.03955919 0.00581237
v 0.28019041 -0.11859726 0.00618334
v 0.32027286 0.03658539 0.00551701
v 0.38655877 -0.02322096 0.00448454
v 0.38174993 -0.02064385 0.00550487
v 0.30319238 -0.0669745 0.00624312
v 0.04364908 -0.16235429 0.00084882
v 0.21852395 -0.14342886 0.00475586
v 0.21136707 -0.13768145 0.00455559
v 0.11706611 -0.11490709 0.00104801
v 0.08074042 -0.14797625 0.00141712
v 0.20822917 -0.04795725 0.00342283
v 0.21666506 -0.04573897 0.00368106
v 0.31914437 0.03001301 0.00553697
v 0.23494814 -0.11865456 0.00512932
v 0.23025438 -0.1081701 0.00487338
v 0.28127509 -0.06876329 0.00583204
v 0.14611882 -0.10259476 0.00190223
v 0.31237593 -0.04715841 0.00619428
v 0.31506902 -0.05460007 0.00630493
v 0.31204557 -0.11101618 0.00662764
v 0.2031135 -0.06086166 0.00340867
v 0.16050506 -0.15959175 0.00145852
v 0.33674115 -0.02721372 0.00630479
v 0.12426828 -0.11272339 0.00127335
v 0.12156379 -0.1220658 0.00135884
v 0.26419261 -0.0554227 0.00525474
v 0.27077413 -0.06117389 0.00550625
v 0.05867841 -0.16863579 -0.00211938
v 0.15065897 -0.13225852 0.00262274
v 0.20956324 -0.09396682 0.0040792
v 0.20899016 -0.10002688 0.00413901
v 0.20005374 -0.09194672 0.00372436
v 0.12494344 -0.14720263 0.00198184
v 0.13661471 -0.13899302 0.00227128
v 0.13489507 -0.14654408 0.00233856
v 0.1265198 -0.1322073 0.00178484
v 0.11835619 -0.15452333 0.00112759
v 0.2336459 -0.04262639 0.00419314
v 0.36464474 -0.07272609 0.00574452
v 0.33223832 0.0028812 0.00593558
v 0.18466203 -0.08941817 0.00313364
v 0.1884156 -0.09863147 0.00341011
v 0.01656862 0.0953395 0.0039662
v 0.25821 -0.15193121 0.00057188
v 0.12369013 -0.14002985 0.00185158
v 0.11383076 -0.14243565 0.00158931
v 0.20405643 -0.07099865 0.00357026
v 0.06983446 -0.17214072 -0.00303749
v 0.07956877 -0.1714114 -0.00331779
v 0.27003023 -0.1422331 -0.00040161
v 0.3568694 0.04146802 0.00596511
v 0.18274018 -0.07875036 0.00292905
v 0.28846383 -0.1003357 0.00623016
v 0.26742625 -0.03328092 0.00491503
v 0.27143586 -0.14724214 -0.00296265
v 0.27259833 -0.14641552 -0.00040248
v 0.26734427 -0.15435383 -0.00255405
v 0.19607589 -0.05824176 0.00313355
v 0.1922729 -0.09257872 0.00344963
v 0.21929774 0.09565497 0.00316048
v 0.30807287 -0.13461797 0.00538879
v 0.16284353 -0.08784389 0.00229212
v 0.33168882 0.01570351 0.0058306
v 0.14445093 -0.08428589 0.00149468
v 0.10640077 -0.15380268 0.00095095
v 0.10144026 -0.15802875 0.00021773
v 0.20333906 -0.04187877 0.00318101
v 0.2692486 -0.05217947 0.00532748
v 0.28732929 -0.03614394 0.00551409
v 0.33796504 0.00302777 0.00602669
v 0.16672729 0.13037923 0.00229395
v 0.2187209 -0.10344412 0.00447616
v 0.15323006 -0.06815862 0.00161297
v 0.0716933 -0.12973338 0.00121775
v 0.24300152 -0.07682718 0.00492519
v 0.22541788 -0.112223 0.0047907
v 0.36523044 0.08168532 0.0042112
v 0.29067165 0.0105357 0.00495833
v 0.03219669 -0.04135522 0.00229605
v 0.03630171 -0.05029038 0.00198307
v 0.31174484 -0.06498519 0.00637003
v 0.13935938 0.10553567 0.00112971
v 0.14435412 0.10817643 0.00133632
v 0.14189893 0.10004135 0.00115233
v 0.35366669 -0.03024451 0.00642551
v 0.301162 0.14739582 0.00200769
v 0.18505323 -0.16805296 -0.00073836
v 0.01915304 -0.13860549 0.00448801
v 0.18151957 -0.05614157 0.00257503
v 0.26092958 0.04285479 0.00414232
v 0.25668153 -0.14940326 0.0023228
v 0.25771683 -0.15248364 0.00232251
v 0.08536433 -0.07950844 -0.00001607
v 0.08092891 -0.07329384 -0.00003679
v 0.25996572 -0.15587567 0.00282835
v 0.17178613 -0.00353363 0.00170308
v 0.18770719 0.02224873 0.00213089
v 0.11151818 -0.03570697 -0.00027376
v 0.11487195 -0.04106291 -0.00012472
v 0.21005535 -0.01986616 0.00318171
v 0.043975 0.16133392 0.00119817
v 0.04237373 0.14742631 0.00298464
v 0.03479348 0.1333304 0.00338855
v 0.2052938 0.05212233 0.00259727
v 0.05997852 -0.05952705 0.00053207
v 0.02079153 0.11725963 0.00437332
v 0.21194303 0.05552834 0.00278911
v 0.07235587 0.15513682 0.00080165
v 0.07793777 -0.0375957 -0.00025464
v 0.05376218 -0.06240449 0.00090097
v 0.01192906 0.09310029 0.00123733
v 0.01347134 0.09822458 0.00117536
v 0.21117797 0.0694519 0.00278338
v 0.13356587 0.00592175 0.00030781
v 0.28976285 0.12272951 0.00495953
v 0.26195893 0.03199748 0.00417385
v 0.0244817 0.09108976 0.00367365
v 0.19598123 0.06716219 0.00237805
v 0.0507664 0.10222401 0.00171043
v 0.26561958 0.12987936 0.00456172
v 0.07633528 -0.01181102 -0.00025557
v 0.14310981 0.16275904 -0.00039207
v 0.04299819 -0.04715499 0.00146095
v 0.26007763 0.13634568 0.00442918
v 0.01679988 -0.04173308 0.00326171
v 0.18961295 0.01182736 0.002254
v 0.26021132 0.14474721 -0.00277314
v 0.25997919 0.14519395 -0.00271968
v 0.10691405 0.05089294 -0.00029169
v 0.01400786 0.11745507 0.00104896
v 0.18586886 0.15257181 0.00248274
v 0.14442149 0.07692664 0.00092885
v 0.13945621 0.0785129 0.00082154
v 0.26647535 0.07803598 0.00427
v 0.01415517 -0.01771393 0.00083332
v 0.16146505 0.13516808 0.00222666
v 0.01169576 0.1029257 0.00138625
v 0.15488049 0.11263254 0.00169568
v 0.2614443 0.08237955 0.00412947
v 0.01851408 0.00512949 0.00360559
v 0.01409514 0.00028162 0.00084334
v 0.31154877 0.12556157 0.00494257
v 0.19653729 0.04551976 0.00235499
v 0.20331165 0.04304849 0.00254564
v 0.25722468 0.16838953 -0.00083597
v 0.01164247 0.07241592 0.00107597
v 0.01275934 -0.01871449 0.00041086
v 0.01171853 -0.0148461 0.00079567
v 0.01406348 -0.01268901 0.0007249
v 0.26832706 0.16842805 -0.00076828
v 0.22242376 0.13907574 0.00371985
v 0.15747052 0.0770551 0.00130758
v 0.24779885 0.08905885 0.00381235
v 0.03031246 -0.00603557 0.00246379
v 0.25977093 0.14565165 -0.00260316
v 0.2715306 0.1514969 -0.00383827
v 0.20600043 0.1029824 0.0029105
v 0.26669469 0.13642672 0.00442163
v 0.05139477 -0.0401182 0.00089809
v 0.0131443 0.08522336 0.00097552
v 0.01400891 0.12012423 0.00091733
v 0.01194415 0.08555555 0.00122581
v 0.21211307 0.10242188 0.00305167
v 0.04090618 -0.05126369 0.00163863
v 0.19431914 0.14812106 0.00307456
v 0.17349894 0.12916921 0.00245263
v 0.08978391 -0.14057191 0.0012687
v 0.15870531 -0.09412435 0.00220636
v 0.20313276 0.111301 0.00291433
v 0.01187884 -0.0047957 0.00070269
v 0.22014359 -0.11231972 0.00461916
v 0.20418628 0.12776047 0.00315492
v 0.17989878 0.02000515 0.00188146
v 0.22854804 0.14133263 0.00386807
v 0.32973906 0.03065251 0.00570346
v 0.0363737 -0.12953669 0.00293738
v 0.2723279 -0.1506111 -0.00047635
v 0.27171081 -0.14540268 -0.00216019
v 0.0118123 0.00416618 0.00073042
v 0.37524122 -0.01655202 0.00619848
v 0.2141092 -0.086055 0.00413934
v 0.23704791 -0.07634889 0.00472779
v 0.24317575 -0.06811389 0.0048402
v 0.23112936 -0.07831601 0.00459696
v 0.37928391 0.05785646 0.00371023
v 0.01214312 0.01967199 0.00067801
v 0.37440181 0.07018185 0.00357577
v 0.1884917 -0.06002761 0.00287723
v 0.25832829 0.1495958 -0.00213856
v 0.01078763 0.05811598 0.00170901
v 0.01169299 0.05688649 0.00107545
v 0.27111667 -0.17299265 0.00064944
v 0.25098205 -0.17796382 0.00029446
v 0.25179586 -0.17896082 0.00089965
v 0.24343529 -0.17910323 0.00010486
v 0.2447055 -0.17486979 0.00003579
v 0.22216856 -0.17940664 -0.00030942
v 0.2292532 -0.17965963 -0.00017932
v 0.16418108 0.17762545 -0.00258708
v 0.15789588 0.18051654 -0.00253715
v 0.27762282 -0.17262366 0.00078382
v 0.16737904 0.18098672 -0.00197852
v 0.16956161 0.18000004 -0.00239278
v 0.20920306 -0.17952245 -0.00059803
v 0.20285748 -0.18022442 -0.00013944
v 0.19995652 -0.17938839 -0.00078206
v 0.17611907 0.18092914 -0.00200189
v 0.1972404 -0.18038797 -0.00035318
v 0.190024 -0.17974173 -0.00098268
v 0.18418549 -0.17992747 -0.00105804
v 0.18867436 -0.1803796 -0.00051792
v 0.2863594 -0.16983286 0.00089118
v 0.17304286 0.18048328 -0.00218818
v 0.17751233 0.17464609 -0.00238101
v 0.17003506 0.17581299 -0.00248206
v 0.18183897 0.18059024 -0.00190722
v 0.17940769 -0.17958654 -0.00123934
v 0.17551963 -0.17971712 -0.00131853
v 0.20686524 0.18063715 -0.00154303
v 0.20534447 0.18100724 -0.00025829
v 0.20908129 0.18051903 -0.00144515
v 0.18602395 0.18090636 -0.00130467
v 0.18485148 0.18010028 -0.00208717
v 0.18088721 0.17875981 -0.00214177
v 0.16581023 -0.17960267 -0.00155403
v 0.19315745 0.18011186 -0.00183856
v 0.01883461 0.17966467 0.00075391
v 0.13395199 -0.17989534 -0.00231908
v 0.14123036 -0.17965554 -0.00216429
v 0.02311244 0.17894864 0.00020394
v 0.12875906 -0.18013211 -0.00247083
v 0.12217502 -0.17981878 -0.00268936
v 0.12825142 -0.17525606 -0.00271549
v 0.03126089 0.17987385 -0.00044829
v 0.03085785 0.17559193 -0.0005844
v 0.11602183 -0.18011656 -0.00284718
v 0.11353284 -0.1806469 -0.00247573
v 0.25947273 -0.17741881 0.00036619
v 0.2632513 -0.17625093 0.00049062
v 0.10601614 -0.18002407 -0.00300048
v 0.04745984 0.18093961 -0.00099768
v 0.0489193 0.17894074 -0.00191091
v 0.04386887 0.17977402 -0.00144501
v 0.09980096 -0.18000419 -0.0030534
v 0.08062622 -0.17955306 -0.00293203
v 0.08647995 -0.17987102 -0.00297245
v 0.21277824 0.18103416 -0.00068705
v 0.18528073 0.17528696 -0.00221758
v 0.06127659 0.17834514 -0.00275781
v 0.07453796 0.18093407 -0.00278245
v 0.07649586 0.17873658 -0.00332585
v 0.21127799 0.17688897 -0.00162705
v 0.2220697 0.18016165 -0.00124017
v 0.08199236 0.18026698 -0.00333247
v 0.08701459 0.17928152 -0.00353703
v 0.05327261 -0.1798272 -0.00188697
v 0.04856631 -0.17968234 -0.00163713
v 0.04381311 -0.17966753 -0.00131625
v 0.12461799 0.18115136 -0.0027555
v 0.1312381 0.18110758 -0.00250112
v 0.22720094 0.18002298 -0.00120821
v 0.0987208 0.1804409 -0.00355844
v 0.10145669 0.179997 -0.00363203
v 0.09848727 0.175744 -0.00378103
v 0.10475478 0.17934136 -0.00365451
v 0.15342149 0.17961174 -0.00271436
v 0.11468741 0.17916954 -0.00357088
v 0.14855587 0.18073696 -0.00277333
v 0.2643033 0.17622322 -0.0005631
v 0.26989526 0.17504561 -0.00045259
v 0.14650108 0.17719148 -0.00288936
v 0.14055866 0.1801057 -0.00290814
v 0.14446416 0.18068954 -0.00260458
v 0.1261403 0.18023974 -0.0032383
v 0.2766709 0.17319386 -0.00038041
v 0.28103763 0.17198141 -0.00035271
v 0.28503644 0.17040688 -0.00029403
v 0.11717312 0.18122998 -0.00280633
v 0.12019271 0.18120867 -0.00285468
v 0.1207893 0.18042302 -0.00341233
v 0.28839552 0.17044979 0.00053201
v 0.29041857 0.16902 -0.00017144
v 0.11549935 0.18097992 -0.00317816
v 0.11212087 0.18125466 -0.00312141
v 0.10981993 0.17927244 -0.00365288
v 0.10501501 0.18120828 -0.00306157
v 0.10859403 0.18126212 -0.00309047
v 0.10268438 0.18127328 -0.0030927
v 0.09722087 0.18124643 -0.0025126
v 0.09261701 0.18128821 -0.00291361
v 0.29552221 0.16205579 -0.00036226
v 0.29972842 0.16506797 -0.00013352
v 0.09405491 0.18042946 -0.00354485
v 0.18967135 0.18096033 -0.00110935
v 0.19813536 0.1809568 -0.0010759
v 0.06030047 0.17165309 -0.0028571
v 0.06375478 0.1687524 -0.00242631
v 0.20354494 0.17661718 -0.00178182
v 0.19768628 0.18021402 -0.00177168
v 0.21433239 0.18042853 -0.00142459
v 0.23198783 0.18001573 -0.00113975
v 0.23845161 0.1797251 -0.00097764
v 0.23429853 0.17538628 -0.00120525
v 0.03012759 0.18061107 0.00008026
v 0.24305522 0.17935452 -0.00088701
v 0.25180697 0.17873792 -0.00071587
v 0.24747604 0.17889041 -0.00086474
v 0.25608826 0.17788921 -0.00068396
v 0.25999719 0.17738083 -0.00056456
v 0.29576039 0.16685219 -0.00017391
v 0.28736126 0.16560437 -0.00044262
v 0.28198916 -0.17168611 0.00086239
v 0.29404083 0.16842467 0.00076032
v 0.24917838 0.17510441 -0.00093629
v 0.30870187 0.16091141 -0.00005783
v 0.17128384 -0.17978372 -0.00139065
v 0.18844041 0.18028276 -0.0018906
v 0.16379143 0.18073244 -0.0023564
v 0.03097354 -0.17939103 -0.00029574
v 0.03440275 -0.17925406 -0.00064746
v 0.03774299 -0.17982095 -0.00076076
v 0.13831708 0.17643183 -0.00310982
v 0.13514203 0.1804103 -0.00293457
v 0.13205989 0.18017572 -0.00307455
v 0.12600888 -0.18059503 -0.00199915
v 0.11104068 -0.18067537 -0.00283907
v 0.05912381 -0.17959177 -0.00220789
v 0.0665065 -0.17966878 -0.00250526
v 0.09308702 -0.17975055 -0.00306099
v 0.05961342 0.18067785 -0.00214677
v 0.05131821 0.18054165 -0.00162274
v 0.05517224 0.18086675 -0.00159153
v 0.05698543 0.17982641 -0.00241544
v 0.0364062 0.17919827 -0.0009378
v 0.04678888 0.18038523 -0.00141959
v 0.03841893 0.1808555 -0.0001635
v 0.03604685 0.18086144 -0.0001117
v 0.0327338 0.18048649 -0.00024359
v 0.03349109 0.18043217 -0.00034002
v 0.07286735 -0.18004 -0.00269236
v 0.15214282 -0.17955075 -0.00187294
v 0.14737819 -0.17952505 -0.00199121
v 0.15743719 -0.17971283 -0.00172825
v 0.16573995 -0.18044297 -0.00087251
v 0.15961902 -0.18030767 -0.00118242
v 0.25480384 -0.17789483 0.00038795
v 0.23937894 -0.17960177 0.00009151
v 0.23401383 -0.17953256 -0.00010605
v 0.01896285 -0.1721601 0.00039342
v 0.21524808 -0.17937373 -0.00045338
v 0.03764734 -0.17359035 -0.00127599
v 0.1123606 -0.17557244 -0.00312113
v 0.25977966 -0.17219396 0.00039364
v 0.21862535 0.18003614 -0.00138679
v 0.03422092 0.18037957 -0.00038947
v 0.25713482 -0.17819858 0.00143091
v 0.20263083 0.18048729 -0.0015941
v 0.21795346 0.18099415 -0.00087754
v 0.30414796 0.16343771 -0.00003966
v 0.19282699 -0.18028615 -0.00023071
v 0.00380418 0.13066071 -0.00746702
v 0.00785972 0.0621922 0.00480817
v 0.00755629 0.02283033 0.00480988
v 0.00815413 0.04608641 0.00478504
v 0.00847522 0.04899289 0.00415612
v 0.00832787 0.04536298 0.00412888
v 0.00784309 0.03813485 0.00486118
v 0.0083954 0.03462876 0.00373118
v 0.00747956 0.03435572 0.00487324
v 0.00834615 0.03789657 0.00418653
v 0.00759552 0.03208954 0.00478839
v 0.01971599 0.14568341 0.00489153
v 0.01474134 0.14295229 0.00534304
v 0.00966366 0.14923154 0.00582053
v 0.00720032 0.04213855 0.00495357
v 0.0167024 -0.1314819 0.00459528
v 0.01315247 -0.13626203 0.00499247
v 0.00557256 0.13140771 0.00587892
v 0.01067679 0.13310759 0.00557989
v 0.00739884 0.05103802 0.00507831
v 0.01593914 0.12926589 0.0049572
v 0.0168881 0.12508674 0.00449433
v 0.01004625 0.12846331 0.0053564
v 0.02032277 0.13420822 0.00466747
v 0.01523906 0.12312599 0.00358267
v 0.00754459 0.05597936 0.00502918
v 0.00562067 0.11039172 0.00568994
v 0.00661827 0.11012213 0.00570529
v 0.00517791 0.1066867 0.00570247
v 0.00654591 0.10549432 0.00572523
v 0.00699897 0.10780498 0.00553751
v 0.00738271 0.00732775 0.00481377
v 0.00508469 0.00146821 0.00509639
v 0.00552687 0.006507 0.0050044
v 0.00598567 0.10068069 0.00577103
v 0.00694083 0.10116559 0.00541011
v 0.00867669 -0.02095338 0.00423298
v 0.00960839 -0.16173932 0.00372591
v 0.01179937 -0.15832216 0.00430815
v 0.01206766 -0.02879467 0.00059165
v 0.0123129 -0.04119333 0.00057071
v 0.0123182 -0.04811372 0.00056775
v 0.00530905 0.11271342 0.00484547
v 0.00800894 0.1129524 0.00373064
v 0.00774196 0.11272132 0.0052608
v 0.01004103 -0.15093353 0.00525693
v 0.01355549 0.1247716 0.00159182
v 0.0139368 0.12300581 0.00092133
v 0.01784793 -0.12597331 0.00431375
v 0.01214794 -0.06386274 0.00069347
v 0.01689152 -0.12355164 0.00407242
v 0.01670128 -0.11694387 0.00378111
v 0.0150379 -0.12317541 0.00272988
v 0.00833567 0.14232817 0.00588082
v 0.01197124 -0.07325374 0.00064611
v 0.01340306 -0.11417158 0.00020044
v 0.01517396 -0.1161616 0.00248573
v 0.01376173 -0.12104809 -0.00024978
v 0.01384518 -0.11802614 -0.00028877
v 0.00930101 0.02112698 0.00337053
v 0.00872756 0.15427253 0.0055238
v 0.00925 0.16637716 0.00258406
v 0.00921407 0.15942529 0.00470301
v 0.00403293 0.1661208 0.00288729
v 0.01167552 -0.08624901 0.00082324
v 0.01281834 -0.08844867 0.00057186
v 0.01374087 -0.12368531 0.00032294
v 0.01402331 -0.12523724 0.00347525
v 0.016504 -0.10223931 0.00358571
v 0.01355557 -0.10530376 0.00100486
v 0.01613703 -0.11019093 0.00350086
v 0.01360301 -0.11087098 0.00113388
v 0.01227919 -0.10779379 0.00087597
v 0.01281081 -0.11313626 0.00071747
v 0.00745737 -0.01179874 0.00463555
v 0.00801207 -0.01543882 0.00449225
v 0.00848685 -0.01433412 0.00348117
v 0.01220012 -0.05793717 0.00060652
v 0.01481292 -0.14854124 0.00494368
v 0.01574633 -0.15545937 0.00432411
v 0.00791763 -0.00666604 0.0046482
v 0.00495431 -0.00157961 0.00512027
v 0.00404531 -0.00250738 0.00343627
v 0.00748039 0.00135191 0.00463916
v 0.00831277 0.00415572 0.00417975
v 0.01316261 -0.09640554 0.00074597
v 0.01497559 -0.10248162 0.00232565
v 0.00704357 0.10404657 0.00542809
v 0.00770362 0.11118628 0.00491085
v 0.00916233 0.1135253 0.00208189
v 0.00928501 0.11195052 0.00371375
v 0.00811687 -0.14087349 0.00548164
v 0.0155244 -0.16843393 0.00106277
v 0.00694059 0.01042734 0.00475994
v 0.00869499 0.02002703 0.00390847
v 0.00873637 0.01764493 0.00369002
v 0.00527527 0.12331157 0.00529037
v 0.0121093 -0.09360424 0.0008055
v 0.00782729 0.06159813 0.00500509
v 0.00792763 0.05721008 0.00463989
v 0.01190078 0.12630853 0.00356834
v 0.00949987 0.12805018 0.00464442
v 0.01434711 0.12544468 0.00403838
v 0.00838487 0.02797496 0.00397682
v 0.00871652 -0.00805216 0.0036435
v 0.00825441 -0.00609065 0.00365178
v 0.00806062 -0.00319765 0.00456684
v 0.00532368 0.0043269 0.00497777
v 0.00868457 -0.01786923 0.00347076
v 0.00772736 0.05339253 0.0046461
v 0.01183648 -0.08096026 0.00070672
v 0.00855939 -0.00162682 0.00353431
v 0.0087589 -0.00452762 0.00375613
v 0.01284373 -0.1012148 0.00071009
v 0.00389438 0.13922822 0.00597227
v 0.00837355 0.00722504 0.00373346
v 0.01184578 -0.02082689 0.00070889
v 0.00948853 0.0110274 0.00250206
v 0.01034412 -0.00684585 0.00192643
v 0.01112326 -0.02599542 0.00137008
v 0.00541069 0.10816668 0.00522368
v 0.00941563 0.05637386 0.00254277
v 0.00463893 -0.11429028 0.00480677
v 0.00447776 -0.04243511 0.00525216
v 0.00406887 -0.00180546 0.00555755
v 0.00503708 -0.03427054 0.00496328
v 0.00850029 0.07867019 0.00313992
v 0.01152744 -0.03519531 0.00108929
v 0.00870203 -0.11980287 0.00274963
v 0.00277694 0.02320739 0.00693173
v 0.00286464 0.10289942 0.00710455
v 0.00317571 0.00238005 0.00607662
v 0.00740227 0.097994 0.00387487
v 0.00937901 -0.12210481 0.00149326
v 0.00380418 0.13041924 0.01089958
v 0.00552281 -0.13064864 0.00654847
v 0.0070292 0.13044757 0.00874487
v 0.0070292 -0.13063239 0.00531231
v 0.00826547 0.13046736 0.00723861
v 0.00826547 -0.13061258 0.00380605
v 0.0091841 0.13048996 0.00552013
v 0.00974979 0.13051447 0.00365546
v 0.00974978 -0.13056546 0.00022291
v 0.00994079 0.13053997 0.00171628
v 0.00974978 -0.13051449 -0.00365546
v 0.0091841 0.13058999 -0.00208757
v 0.00918408 -0.13048996 -0.00552013
v 0.00826547 0.13061258 -0.00380605
v 0.00826546 -0.13046737 -0.00723861
v 0.0070292 0.13063237 -0.00531232
v 0.0075168 -0.13452086 0.00543639
v 0.00401913 0.13433066 0.00590655
v 0.00494632 0.13506483 0.00595958
v 0.00290444 -0.13970456 0.005679
v 0.00263423 -0.13329412 0.00603572
v 0.00305057 -0.13595784 0.00547954
v 0.01859418 -0.18001422 0.00195567
v 0.01482515 -0.17917863 0.00119446
v 0.00798606 -0.17354704 0.00173332
v 0.00290804 -0.17178908 0.00230335
v 0.00775971 -0.17029975 0.00158374
v 0.00712408 -0.15841103 0.00463
v 0.00313075 -0.16124877 0.00389101
v 0.00329901 -0.15632579 0.00484839
v 0.00304522 -0.15937738 0.00422916
v 0.00393011 -0.1541909 0.00513049
v 0.00302414 -0.15382293 0.00437674
v 0.00381641 -0.1498833 0.00558523
v 0.00667308 -0.14644925 0.00559779
v 0.0028391 -0.15081686 0.00493784
v 0.01161233 -0.1266714 0.00462202
v 0.00779773 -0.125488 0.00104479
v 0.01007967 -0.12529638 0.000445
v 0.00824416 -0.12590297 0.00394353
v 0.00418285 0.14305902 0.00609646
v 0.00488747 -0.13112335 0.00550102
v 0.00803932 -0.15384606 0.00510878
v 0.00869257 -0.12734595 0.00509549
v 0.00366274 0.15569377 0.00558233
v 0.00432678 0.15933275 0.00494496
v 0.00229727 0.1698072 0.0025375
v 0.00147989 0.171803 0.00278108
v 0.01168452 -0.12520394 0.00039539
v 0.00333364 -0.13213423 0.00543446
v 0.00428931 -0.13389969 0.00558513
v 0.00523563 -0.00646313 0.00512893
v 0.00728069 -0.17905624 0.00216822
v 0.00940567 -0.17826736 0.00184321
v 0.00727113 -0.16638303 0.00220632
v 0.00261313 -0.16850062 0.00237648
v 0.00292487 -0.16654132 0.00249381
v 0.00390448 -0.14535929 0.00560492
v 0.01244015 -0.171041 0.0010075
v 0.0043669 0.17836371 0.00260387
v 0.01442637 -0.1730701 0.00096312
v 0.00299551 0.1515429 0.00596639
v 0.00278482 0.15501483 0.00534711
v 0.00273442 0.16673459 0.00225073
v 0.00270946 -0.14630713 0.00528333
v 0.00343378 0.16336185 0.00367201
v 0.00408598 -0.00364183 0.00476068
v 0.00391905 -0.00437021 0.00377
v 0.00293546 0.14875662 0.00618152
v 0.00321697 0.1466556 0.00602579
v 0.00330645 0.15997095 0.00454284
v 0.00328829 0.14396091 0.0059312
v 0.00272398 -0.17722751 0.00266905
v 0.00315066 -0.16438794 0.00277587
v 0.00082411 -0.01287838 0.00973913
v 0.00315777 -0.01853545 0.00590093
v 0.00148527 0.15901145 0.00496591
v -0.00009421 0.16805708 0.00406602
v 0.00251459 -0.1415177 0.00607723
v -0.00193935 -0.13066815 0.00803266
v 0.0068124 0.06428909 0.00537119
v 0.32072595 -0.14354411 0.00111784
v 0.33653164 -0.13106081 0.00118331
v 0.34195799 -0.12811385 0.00116064
v 0.29299909 -0.15522084 0.00139739
v 0.30259708 -0.15337494 0.00102792
v 0.29691863 -0.15665886 0.00093454
v 0.35359287 -0.11496986 0.00110031
v 0.34720644 -0.11918779 0.00150252
v 0.35348099 -0.11090942 0.00189174
v 0.35785979 -0.1062354 0.00172538
v 0.35342395 -0.10401809 0.00392376
v 0.3082189 -0.15097901 0.00101918
v 0.31261787 -0.1454065 0.00157602
v 0.31338698 -0.14822499 0.00106058
v 0.34514284 -0.11359305 0.00385286
v 0.33083192 -0.13277212 0.00177994
v 0.33855537 -0.12689956 0.00160706
v 0.36059451 -0.09539321 0.00366035
v 0.3029775 -0.15000317 0.00173637
v 0.37980217 -0.06118314 0.0034406
v 0.37785357 -0.0734247 0.00188876
v 0.32585052 -0.13677721 0.00164641
v 0.32713526 -0.12989983 0.00379892
v 0.31878579 -0.14123175 0.00176924
v 0.32042247 -0.13404648 0.00397839
v 0.38896686 -0.03541701 0.00274364
v 0.39486474 -0.02604105 0.00097393
v 0.39337087 -0.03415994 0.00100707
v 0.34302539 -0.12204398 0.00187148
v 0.33447507 -0.12310585 0.00400812
v 0.35794243 -0.11032957 0.00112561
v 0.36431319 -0.10125771 0.00113792
v 0.39125216 0.0086666 0.00329975
v 0.39490283 -0.00314875 0.00166378
v 0.39169049 -0.00535232 0.00323586
v 0.3998059 0.00255668 0.00054305
v 0.39704168 -0.00187939 0.00090466
v 0.39802456 0.01339668 0.0005938
v 0.38915384 0.02106917 0.00366655
v 0.37490416 -0.08890343 0.00092069
v 0.31437165 -0.13856512 0.00374622
v 0.35014302 -0.11989726 0.00109395
v 0.33450088 0.12422596 0.00274561
v 0.38436636 -0.06841531 0.00079526
v 0.38642746 -0.05894546 0.00103291
v 0.3227483 0.13903329 0.00053514
v 0.33165988 0.13261552 0.00059222
v 0.32273629 0.13384752 0.00247937
v 0.38218915 -0.06554317 0.00158054
v 0.32574967 0.14117846 -0.00020994
v 0.31929696 0.14363252 -0.00001892
v 0.31636953 0.14764649 -0.00025795
v 0.31415778 0.1439027 0.00071688
v 0.31592518 0.13761106 0.0027088
v 0.39174378 -0.04660611 0.00077726
v 0.38889098 -0.04617807 0.0015524
v 0.34570155 0.12474958 0.00000453
v 0.3505767 0.11605186 0.0005458
v 0.34424785 0.12108924 0.00089689
v 0.38497972 -0.05049042 0.00278496
v 0.34345794 0.1167402 0.00256003
v 0.35372514 0.1170208 0.00008301
v 0.36038643 0.10851043 0.00016722
v 0.35764885 0.10683145 0.00095372
v 0.32783914 -0.13942367 0.00111294
v 0.36162508 0.11388806 0.00020477
v 0.36987945 -0.09276192 0.00116651
v 0.36404961 -0.09817019 0.00166319
v 0.37390137 -0.0840501 0.00132976
v 0.3781597 -0.07831079 0.00104304
v 0.36581886 0.10165734 0.00015995
v 0.36678332 0.09427033 0.001122
v 0.35950166 0.09613033 0.00324324
v 0.37096387 0.09592336 0.00019886
v 0.36962143 0.09379663 0.00042602
v 0.39050758 -0.02117585 0.00320046
v 0.37454063 0.08926798 0.00024209
v 0.37415397 0.08480188 0.00065607
v 0.3777653 0.08312456 0.00024562
v 0.37919712 0.07481311 0.00082342
v 0.3808679 0.07747109 0.00028721
v 0.39550799 0.01066867 0.00124547
v 0.39449677 0.020449 0.00131185
v 0.38513708 0.06966583 0.00032184
v 0.39776787 0.02292642 0.00050336
v 0.39814645 -0.02770491 0.00058009
v 0.39741904 -0.01800466 0.00062423
v 0.30756652 -0.14248529 0.00372293
v 0.39557761 -0.03865178 0.00059403
v 0.39004356 0.02833064 0.00282492
v 0.38707858 0.03767681 0.00324737
v 0.39018771 0.04067041 0.00148242
v 0.38438943 0.04856896 0.00312398
v 0.3851577 0.05632664 0.00156186
v 0.33325779 -0.13449115 0.00116277
v 0.39402789 0.03037615 0.00092852
v 0.39447159 -0.01699397 0.00148636
v 0.36731416 -0.08585605 0.00351455
v 0.36875612 -0.09024696 0.00187724
v 0.32801285 0.1293124 0.0027228
v 0.31028575 0.14965215 -0.00021287
v 0.33620885 0.13297743 -0.00006969
v 0.33852869 0.12737121 0.0005524
v 0.38873178 -0.02961329 0.00341238
v 0.39460224 0.0401569 0.0004276
v 0.39217189 0.05014755 0.00038889
v 0.38688952 0.05963054 0.00058741
v 0.38243994 0.06669295 0.00100749
v 0.37986696 0.06284778 0.00277478
v 0.3714782 0.07818019 0.00313998
v 0.36703804 0.08609109 0.00305946
v 0.39048892 0.04734837 0.00074537
v 0.33966985 -0.14144188 0.00259157
v 0.33491287 -0.145228 0.00200474
v 0.3376295 -0.14328417 0.0019789
v 0.32983118 -0.14873865 0.0019048
v 0.32692862 -0.15079418 0.00193333
v 0.32339144 -0.15303357 0.00209687
v 0.3417781 -0.13975711 0.00198613
v 0.33241099 -0.14644709 0.00124204
v 0.32856765 -0.14852121 0.00128235
v 0.3274141 -0.143933 0.00120338
v 0.35556087 -0.12718618 0.00216256
v 0.35761645 -0.12530796 0.00191575
v 0.31215861 -0.15970016 0.00186654
v 0.31545454 -0.15764973 0.00229616
v 0.30980018 -0.16103926 0.00212244
v 0.36251175 -0.11982781 0.00233214
v 0.36038333 -0.12244231 0.00206961
v 0.36176759 -0.11937667 0.00128866
v 0.32499161 -0.15100852 0.00130093
v 0.29785115 -0.16553926 0.00113034
v 0.29332769 -0.16806619 0.00140535
v 0.29056317 -0.16846515 0.00105969
v 0.28944162 -0.16959298 0.0015751
v 0.37238303 -0.10768901 0.00176925
v 0.3428092 -0.13765767 0.00131483
v 0.36199409 -0.10832122 0.00099415
v 0.36665022 -0.1060831 0.00107419
v 0.3672477 -0.11261328 0.00124277
v 0.3744036 -0.10287285 0.0011868
v 0.36989862 -0.097684 0.00098241
v 0.40174046 -0.04603453 0.00709818
v 0.40080076 -0.05083396 0.00126983
v 0.40255165 -0.0441726 0.00370825
v 0.40240377 -0.0461441 0.00178088
v 0.3999728 -0.04779479 0.00080858
v 0.40184477 -0.0429239 0.00081183
v 0.40337038 -0.04316849 0.00185418
v 0.40327698 -0.03694007 0.00082797
v 0.40430358 -0.03243229 0.00079158
v 0.40482968 -0.03481749 0.00137159
v 0.39883822 -0.03669046 0.00066475
v 0.37668735 -0.1003484 0.00122972
v 0.40693372 0.01658307 0.00071138
v 0.40771866 0.0141677 0.00148944
v 0.40741545 0.0092933 0.00069168
v 0.40698713 0.02156085 0.00159544
v 0.40609083 0.02799723 0.00172771
v 0.38445148 -0.08658838 0.0010251
v 0.37825841 -0.09198637 0.00103741
v 0.38005906 -0.08375765 0.00089878
v 0.40501893 0.03092712 0.00828525
v 0.40510035 0.03154658 0.00797284
v 0.40512621 0.03231664 0.00769444
v 0.39576298 0.06415932 0.00066346
v 0.39840773 0.05558808 0.00060646
v 0.39059606 0.06230962 0.00043636
v 0.35897496 -0.11702335 0.0011415
v 0.35616559 -0.1250058 0.00127707
v 0.38933253 -0.06078027 0.00074405
v 0.32594788 0.15198633 0.00138562
v 0.33019838 0.14906816 0.00095952
v 0.32655454 0.15066203 0.00008381
v 0.39170101 -0.05423459 0.0006939
v 0.31238958 0.15991485 0.00064281
v 0.33565134 -0.14312382 0.00130091
v 0.3310793 -0.14788532 0.00194497
v 0.33983016 -0.14065364 0.00133619
v 0.32055485 -0.154799 0.00186365
v 0.30990541 -0.1594726 0.00120018
v 0.31346619 -0.15809759 0.00123787
v 0.3545458 -0.12839946 0.0018381
v 0.35141391 -0.12998414 0.00128506
v 0.34789479 -0.12588614 0.00117856
v 0.29501891 -0.16300918 0.00088887
v 0.30248058 -0.16378695 0.00112256
v 0.31606692 -0.15185112 0.00118455
v 0.30480558 -0.16177616 0.00112041
v 0.38817692 -0.07978614 0.00100926
v 0.38928282 -0.0803113 0.00170628
v 0.38802487 -0.08306728 0.00175066
v 0.3827931 -0.0748035 0.00078732
v 0.36796361 0.11235278 0.00033128
v 0.37460178 0.10318289 0.00038476
v 0.31612924 0.15680629 -0.00002386
v 0.39975178 -0.01256169 0.00059641
v 0.40632659 -0.01792395 0.00075238
v 0.40536225 -0.02460541 0.00075488
v 0.40710253 -0.01053715 0.00075363
v 0.40747911 -0.01500848 0.00159849
v 0.40792713 -0.01117498 0.00180182
v 0.40760136 -0.00400724 0.00076034
v 0.40805501 -0.00818554 0.00224156
v 0.38020819 0.09546945 0.00046838
v 0.38446343 0.08782792 0.00049716
v 0.40814328 0.00552262 0.00204889
v 0.40747893 0.00378868 0.00071049
v 0.38792452 0.08192566 0.00053946
v 0.39208472 0.07250097 0.0005408
v 0.40657404 -0.02391542 0.00144903
v 0.40725082 -0.01881561 0.00198882
v 0.39928943 -0.00450049 0.00056999
v 0.40808797 -0.0003895 0.00149256
v 0.33228219 -0.14722583 0.00256554
v 0.33194339 -0.14752984 0.00234977
v 0.33283162 -0.14685126 0.00232072
v 0.33154544 -0.14775378 0.00214248
v 0.33059102 -0.1483427 0.00218102
v 0.33002722 -0.14869776 0.00242792
v 0.34423739 -0.13786986 0.00208209
v 0.34760952 -0.13495912 0.00194384
v 0.34617057 -0.1349998 0.00123668
v 0.31824064 -0.15612531 0.00188084
v 0.36456525 -0.11754821 0.00227265
v 0.3661018 -0.11558373 0.00242439
v 0.37064785 -0.11044443 0.00214743
v 0.39100772 -0.07741985 0.00186611
v 0.39051694 -0.07543851 0.00102583
v 0.39291799 -0.07276146 0.00145339
v 0.39755765 -0.05715135 0.00083939
v 0.39858973 -0.05850501 0.00162126
v 0.39766124 -0.0614436 0.00166813
v 0.40028769 -0.05374566 0.0016711
v 0.40257588 0.01115194 0.00056232
v 0.40628263 0.02024202 0.00069892
v 0.40558162 0.02635299 0.00069207
v 0.40476036 0.03209828 0.00069717
v 0.39694843 0.0328918 0.0004698
v 0.40512782 0.03347333 0.00131754
v 0.40424383 0.03785869 0.0013405
v 0.40334323 0.03790578 0.00066963
v 0.40233612 0.04345728 0.00066092
v 0.40022165 0.05116929 0.00065219
v 0.36482841 -0.11612456 0.00133265
v 0.38612407 -0.08637747 0.00158916
v 0.3801654 -0.09419447 0.00098979
v 0.38344222 -0.0914728 0.00170867
v 0.3846159 -0.08920203 0.00169228
v 0.37975401 -0.09721269 0.00184633
v 0.37098771 -0.10778384 0.00117098
v 0.29799697 -0.16627419 0.0018735
v 0.35266736 -0.13010772 0.00202089
v 0.31751966 -0.15573284 0.00126664
v 0.34825867 -0.13247252 0.00125462
v 0.35062754 -0.13211942 0.00203865
v 0.3333602 -0.14644848 0.00207882
v 0.35351503 0.12987219 0.0016307
v 0.34588909 0.13695407 0.00179392
v 0.33974588 0.14204301 0.00127122
v 0.33632916 0.14437407 0.00067717
v 0.33147168 0.14741632 0.00013855
v 0.32174632 0.1490519 -0.00009848
v 0.32167572 0.15364927 0.00004291
v 0.31887367 0.15620714 0.00068847
v 0.33433518 0.1377528 -0.00006754
v 0.34289944 0.1329686 0.0000834
v 0.35294685 0.12960961 0.00028041
v 0.35727596 0.12555735 0.00053058
v 0.3583374 0.12350874 0.00029179
v 0.36026818 0.12304913 0.00152896
v 0.36282507 0.11960081 0.00050198
v 0.36825398 -0.11337779 0.00196193
v 0.37419674 -0.1052289 0.00190769
v 0.37583625 -0.10329941 0.00193997
v 0.37831563 -0.09955211 0.00215431
v 0.39326939 -0.06847776 0.00091689
v 0.39487728 -0.0682888 0.00223602
v 0.39437097 -0.06836435 0.00128313
v 0.3692922 0.11195359 0.00079325
v 0.39423472 -0.05000792 0.0007008
v 0.40453559 -0.03877999 0.00177909
v 0.40639859 -0.02729271 0.0015144
v 0.37372696 0.10660601 0.00182347
v 0.37521565 0.10375615 0.00070742
v 0.38031501 0.0967987 0.00142378
v 0.34807327 0.1341162 0.0002372
v 0.34313673 0.13838294 0.00020121
v 0.33671421 0.14326054 0.00014535
v 0.40447354 -0.03699128 0.00218356
v 0.38167703 -0.0941276 0.00167511
v 0.02368158 -0.17975247 0.00625661
v 0.01859418 -0.18001422 0.00195567
v 0.00922254 0.17938855 0.00203263
v 0.00572681 0.18004145 0.00340395
v 0.01068545 0.18030232 0.00284257
v 0.01208819 0.17999622 0.0083881
v 0.00658135 0.18003425 0.00658264
v 0.02510668 -0.18015823 0.00122489
v 0.01462355 0.17945552 0.00125452
v 0.01424375 0.1803074 0.00178879
v 0.02085059 -0.17943488 0.00077517
v 0.0043669 0.17836371 0.00260387
v 0.0168887 0.18033409 0.0018035
v 0.00380919 0.17977029 0.00535613
v 0.29056317 -0.16846515 0.00105969
v 0.28944162 -0.16959298 0.0015751
v 0.27517655 -0.17394692 0.00349869
v 0.27331764 -0.1747548 0.00129048
v 0.27613074 -0.17386213 0.00116081
v 0.26170725 -0.17680931 0.00668387
v 0.26761183 -0.17566562 0.0060853
v 0.263354 -0.1770328 0.00128234
v 0.26626909 -0.17624259 0.00134071
v 0.26199925 -0.17713629 0.00271644
v 0.27111667 -0.17299265 0.00064944
v 0.25098205 -0.17796382 0.00029446
v 0.25179586 -0.17896082 0.00089965
v 0.24807373 -0.17922762 0.00067352
v 0.24343529 -0.17910323 0.00010486
v 0.23995896 -0.1797234 0.00544363
v 0.24773067 -0.1788229 0.00674903
v 0.24511895 -0.17972443 0.00103154
v 0.22216856 -0.17940664 -0.00030942
v 0.22793266 -0.18037969 0.00031768
v 0.22362824 -0.18032543 0.0003586
v 0.2292532 -0.17965963 -0.00017932
v 0.15789588 0.18051654 -0.00253715
v 0.21825553 -0.18019617 0.00011012
v 0.22301525 -0.17999879 0.00600376
v 0.27762282 -0.17262366 0.00078382
v 0.27016839 -0.17492126 0.0007098
v 0.2696422 -0.17553693 0.00144877
v 0.16737904 0.18098672 -0.00197852
v 0.17189121 0.18102236 -0.00130764
v 0.16956161 0.18000004 -0.00239278
v 0.16830954 0.18035355 0.00512597
v 0.1761383 0.18062747 0.00449018
v 0.20790726 -0.18032965 0.00008064
v 0.20920306 -0.17952245 -0.00059803
v 0.21380866 -0.18029252 0.00009039
v 0.20026606 -0.17987287 0.00553117
v 0.2103969 -0.17995636 0.00566762
v 0.20285748 -0.18022442 -0.00013944
v 0.19995652 -0.17938839 -0.00078206
v 0.17611907 0.18092914 -0.00200189
v 0.1972404 -0.18038797 -0.00035318
v 0.190024 -0.17974173 -0.00098268
v 0.23804174 0.18074064 -0.00009467
v 0.23446414 0.1806688 0.00473915
v 0.24130242 0.18051876 -0.00012361
v 0.18418549 -0.17992747 -0.00105804
v 0.18867436 -0.1803796 -0.00051792
v 0.2863594 -0.16983286 0.00089118
v 0.24084164 0.18023127 0.00548657
v 0.17304286 0.18048328 -0.00218818
v 0.18069132 0.18097074 -0.00133868
v 0.18183897 0.18059024 -0.00190722
v 0.1846891 0.18071541 0.00390092
v 0.18058233 -0.17983788 0.00540183
v 0.17976683 -0.18033384 -0.00062242
v 0.1848838 -0.1803284 0.00015033
v 0.17940769 -0.17958654 -0.00123934
v 0.17551963 -0.17971712 -0.00131853
v 0.17177421 -0.180283 -0.00068017
v 0.20686524 0.18063715 -0.00154303
v 0.20534447 0.18100724 -0.00025829
v 0.20908129 0.18051903 -0.00144515
v 0.18602395 0.18090636 -0.00130467
v 0.18485148 0.18010028 -0.00208717
v 0.18088721 0.17875981 -0.00214177
v 0.16581023 -0.17960267 -0.00155403
v 0.14676303 -0.18037461 -0.00152615
v 0.15067209 -0.18031105 -0.00157295
v 0.14877589 -0.17998633 0.00372243
v 0.19315745 0.18011186 -0.00183856
v 0.01967286 0.1804281 0.00134953
v 0.02335844 0.18049586 0.00074997
v 0.01883461 0.17966467 0.00075391
v 0.13395199 -0.17989534 -0.00231908
v 0.14123036 -0.17965554 -0.00216429
v 0.13465519 -0.1804821 -0.00173017
v 0.02311244 0.17894864 0.00020394
v 0.12875906 -0.18013211 -0.00247083
v 0.12217502 -0.17981878 -0.00268936
v 0.11602183 -0.18011656 -0.00284718
v 0.11994922 -0.18067685 -0.00212425
v 0.11873876 -0.180218 0.00358195
v 0.11213161 -0.18030664 0.00318155
v 0.11353284 -0.1806469 -0.00247573
v 0.25947273 -0.17741881 0.00036619
v 0.2632513 -0.17625093 0.00049062
v 0.26048163 -0.17777848 0.00124661
v 0.25993699 -0.17780373 0.00106038
v 0.19778116 0.18072797 0.0039384
v 0.10601614 -0.18002407 -0.00300048
v 0.106789 -0.18073943 -0.00239513
v 0.10279609 -0.18060961 -0.00292915
v 0.05099458 0.18102673 -0.00002585
v 0.04468073 0.18102556 0.00022678
v 0.09816802 -0.18069518 -0.00272248
v 0.10016874 -0.18030381 0.00312841
v 0.09980096 -0.18000419 -0.0030534
v 0.21278331 0.18061534 0.00536613
v 0.08570323 -0.18011956 0.00350403
v 0.09310944 -0.18024036 0.00318625
v 0.08348168 -0.18062969 -0.00236722
v 0.08877856 -0.1807061 -0.00239596
v 0.08062622 -0.17955306 -0.00293203
v 0.08647995 -0.17987102 -0.00297245
v 0.07624571 -0.17999831 0.00375736
v 0.0757737 -0.18055454 -0.00035482
v 0.07819791 -0.18063191 -0.00234414
v 0.21277824 0.18103416 -0.00068705
v 0.06888318 0.18029727 -0.00293156
v 0.07453796 0.18093407 -0.00278245
v 0.07649586 0.17873658 -0.00332585
v 0.06555652 -0.18008474 0.00365357
v 0.22507633 0.18066388 0.00530953
v 0.21820801 0.18075283 0.00455792
v 0.2220697 0.18016165 -0.00124017
v 0.22153509 0.18096997 -0.00028133
v 0.22604406 0.18090022 -0.00051863
v 0.08199236 0.18026698 -0.00333247
v 0.08701459 0.17928152 -0.00353703
v 0.05327261 -0.1798272 -0.00188697
v 0.04856631 -0.17968234 -0.00163713
v 0.04381311 -0.17966753 -0.00131625
v 0.12461799 0.18115136 -0.0027555
v 0.13416237 0.18070737 0.00330083
v 0.1312381 0.18110758 -0.00250112
v 0.22720094 0.18002298 -0.00120821
v 0.03484728 -0.17978078 0.00571539
v 0.02956642 -0.18018848 0.00062326
v 0.15369979 0.18105529 -0.00178349
v 0.02531308 -0.17906252 0.00017489
v 0.25914234 0.17827378 0.00029825
v 0.2537733 0.17915623 0.00029407
v 0.25965589 0.17789915 0.00543307
v 0.14855587 0.18073696 -0.00277333
v 0.26869294 0.17632446 0.00034252
v 0.26450229 0.17722782 0.00022643
v 0.2643033 0.17622322 -0.0005631
v 0.26989526 0.17504561 -0.00045259
v 0.13687152 0.18105111 -0.00238361
v 0.14066835 0.18109766 -0.00218834
v 0.2798745 0.17264856 0.00700908
v 0.27147582 0.17540282 0.00520376
v 0.14446416 0.18068954 -0.00260458
v 0.14577855 0.18104184 -0.00176203
v 0.2766709 0.17319386 -0.00038041
v 0.28103763 0.17198141 -0.00035271
v 0.28415793 0.17199764 0.00046533
v 0.28503644 0.17040688 -0.00029403
v 0.11717312 0.18122998 -0.00280633
v 0.12233433 0.18079513 0.0029942
v 0.12019271 0.18120867 -0.00285468
v 0.15731232 0.18068804 0.00351853
v 0.16056338 0.18099701 -0.00189225
v 0.11284854 0.18077962 0.00319386
v 0.28839552 0.17044979 0.00053201
v 0.11212087 0.18125466 -0.00312141
v 0.29607871 0.16729973 0.00536594
v 0.28889996 0.16996457 0.00614076
v 0.10501501 0.18120828 -0.00306157
v 0.10859403 0.18126212 -0.00309047
v 0.1034137 0.18091109 0.00225607
v 0.10268438 0.18127328 -0.0030927
v 0.30370432 0.16388163 0.00599857
v 0.09722087 0.18124643 -0.0025126
v 0.09261701 0.18128821 -0.00291361
v 0.23506409 -0.17949083 0.00725506
v 0.23687327 -0.17994609 0.00391698
v 0.29972842 0.16506797 -0.00013352
v 0.09405491 0.18042946 -0.00354485
v 0.18967135 0.18096033 -0.00110935
v 0.19813536 0.1809568 -0.0010759
v 0.19476196 0.18079969 -0.0014625
v 0.08314143 0.18089825 0.0021908
v 0.08657119 0.18114066 -0.0030052
v 0.08145802 0.18110451 -0.00260013
v 0.07218371 0.18087389 0.00229307
v 0.07821834 0.18119438 -0.00268083
v 0.07157336 0.18104269 -0.00247067
v 0.06504212 0.18078059 -0.00229352
v 0.19768628 0.18021402 -0.00177168
v 0.21433239 0.18042853 -0.00142459
v 0.05282982 0.18044221 0.00473102
v 0.04455002 0.18034022 0.00535076
v 0.230538 0.18099612 -0.00047736
v 0.23198783 0.18001573 -0.00113975
v 0.23845161 0.1797251 -0.00097764
v 0.23399229 0.18093203 -0.00039514
v 0.03012759 0.18061107 0.00008026
v 0.02790694 0.18013357 0.00673413
v 0.02537087 0.18050778 0.00530762
v 0.02327192 0.18056349 0.00297567
v 0.02759637 0.1808207 0.00105581
v 0.24305522 0.17935452 -0.00088701
v 0.24777935 0.17991889 0.00011398
v 0.24842061 0.17951372 0.00541793
v 0.28649992 -0.17044881 0.00314276
v 0.29048705 -0.16870852 0.00713248
v 0.28333098 -0.17122361 0.00709826
v 0.24747604 0.17889041 -0.00086474
v 0.25608826 0.17788921 -0.00068396
v 0.25999719 0.17738083 -0.00056456
v 0.26493233 0.17666888 0.00641371
v 0.30797988 0.16219926 0.00099701
v 0.21687688 -0.17975605 0.00670019
v 0.29795659 0.16678953 0.00072632
v 0.29576039 0.16685219 -0.00017391
v 0.27989542 -0.1728394 0.00168067
v 0.28198916 -0.17168611 0.00086239
v 0.29404083 0.16842467 0.00076032
v 0.28031942 0.17322887 0.00039966
v 0.27571553 0.17456897 0.00033848
v 0.28086713 0.17280349 0.00494983
v 0.21009319 -0.17855003 0.00803783
v 0.24197298 -0.17982578 0.00097708
v 0.30184257 0.16510807 0.00078611
v 0.30870187 0.16091141 -0.00005783
v 0.17128384 -0.17978372 -0.00139065
v 0.15609832 -0.17976235 0.00524928
v 0.13653813 -0.18009433 0.00306135
v 0.14083979 -0.18040268 -0.00159368
v 0.14278191 -0.17960547 0.00543895
v 0.16379143 0.18073244 -0.0023564
v 0.03097354 -0.17939103 -0.00029574
v 0.03440275 -0.17925406 -0.00064746
v 0.03467734 -0.18024544 0.0004835
v 0.13179854 -0.17996462 0.00409526
v 0.14532094 0.18066308 0.00342279
v 0.03774299 -0.17982095 -0.00076076
v 0.0421405 -0.18032415 -0.00040803
v 0.12600888 -0.18059503 -0.00199915
v 0.04642395 -0.17997393 0.00437508
v 0.05423313 -0.18011771 0.00329625
v 0.05045229 -0.18040843 -0.00097139
v 0.11104068 -0.18067537 -0.00283907
v 0.05912381 -0.17959177 -0.00220789
v 0.0665065 -0.17966878 -0.00250526
v 0.05664669 -0.18047784 -0.00132928
v 0.06267454 -0.18045001 -0.00188735
v 0.0950186 0.18067937 0.00310341
v 0.06863946 -0.18057294 -0.00204177
v 0.08807626 0.18069458 0.00320536
v 0.09523448 -0.18074499 -0.00257788
v 0.09308702 -0.17975055 -0.00306099
v 0.09076326 -0.18058398 -0.00271704
v 0.06794912 0.18116069 -0.00187077
v 0.06123596 0.18073899 0.00315736
v 0.06178066 0.18108165 -0.0012175
v 0.05961342 0.18067785 -0.00214677
v 0.05517224 0.18086675 -0.00159153
v 0.03841893 0.1808555 -0.0001635
v 0.03461787 0.18030804 0.00611685
v 0.03604685 0.18086144 -0.0001117
v 0.07286735 -0.18004 -0.00269236
v 0.07128745 -0.18055432 -0.0021643
v 0.15214282 -0.17955075 -0.00187294
v 0.14737819 -0.17952505 -0.00199121
v 0.15743719 -0.17971283 -0.00172825
v 0.16573995 -0.18044297 -0.00087251
v 0.15961902 -0.18030767 -0.00118242
v 0.18737724 -0.17987746 0.00530452
v 0.27321365 -0.17407471 0.00742812
v 0.25480384 -0.17789483 0.00038795
v 0.23937894 -0.17960177 0.00009151
v 0.23401383 -0.17953256 -0.00010605
v 0.22806951 -0.17984214 0.00635404
v 0.17199644 -0.17982255 0.00527999
v 0.16816388 -0.18016946 0.00187713
v 0.21524808 -0.17937373 -0.00045338
v 0.23206235 -0.18035677 0.00038446
v 0.2378186 -0.18031262 0.00088905
v 0.25202078 -0.17840844 0.00614648
v 0.12409355 -0.18005016 0.00390381
v 0.01777489 0.18022838 0.00600137
v 0.01835133 0.17987379 0.0079904
v 0.21862535 0.18003614 -0.00138679
v 0.03186961 0.1807096 0.00303313
v 0.25713482 -0.17819858 0.00143091
v 0.25677681 -0.17794178 0.00232093
v 0.28507343 -0.17138728 0.00155797
v 0.08905323 0.18128183 -0.00315386
v 0.15413222 -0.18039723 -0.00120102
v 0.20263083 0.18048729 -0.0015941
v 0.21795346 0.18099415 -0.00087754
v 0.27213648 0.17511322 -0.00011677
v 0.30414796 0.16343771 -0.00003966
v 0.27646038 -0.17321458 0.00730243
v 0.16221802 -0.17987257 0.00491964
v 0.19282699 -0.18028615 -0.00023071
v 0.26097876 -0.17768888 0.00143966
v 0.01475309 -0.17968842 0.00714099
v 0.01235759 -0.17997469 0.00270442
v 0.01482515 -0.17917863 0.00119446
v 0.00147989 0.171803 0.00278108
v 0.00391673 0.17937575 0.00820579
v 0.00134207 0.17883706 0.0090817
v 0.00746273 -0.17955513 0.00808738
v 0.01144995 -0.17922446 0.00171233
v 0.00728069 -0.17905624 0.00216822
v 0.00940567 -0.17826736 0.00184321
v -0.00286668 0.17531909 0.01159755
v 0.00649056 -0.17978767 0.0041514
v 0.00404708 -0.17851256 0.00275438
v 0.00266515 -0.17889243 0.00458266
v -0.00081836 0.17464766 0.00303469
v -0.00056485 0.17692687 0.00326878
v 0.00113585 0.17798644 0.00315698
v 0.00072235 0.17839631 0.00999792
v 0.00272398 -0.17722751 0.00266905
v -0.00238223 0.17520294 0.0052083
v -0.00276623 0.17556089 0.00728433
v 0.29785115 -0.16553926 0.00113034
v 0.29332769 -0.16806619 0.00140535
v 0.30382615 -0.16371498 0.00205863
v 0.30178469 -0.16405594 0.00687625
v 0.30248058 -0.16378695 0.00112256
v 0.29602492 -0.16659023 0.00730585
v 0.30151021 -0.16490957 0.00188665
v 0.29799697 -0.16627419 0.0018735
v 0.29606941 -0.16688021 0.00350723
v 0.29544836 -0.1676003 0.00206421
v 0.01292189 -0.00904109 0.00038626
v 0.01171853 -0.0148461 0.00079567
v 0.01187884 -0.0047957 0.00070269
v -0.00380417 0.13066071 -0.00746702
v -0.00380418 -0.13041924 -0.01089958
v -0.00552281 0.13064864 -0.00654847
v -0.00552281 -0.13043132 -0.00998103
v -0.0070292 0.13063239 -0.00531231
v -0.0070292 -0.13044757 -0.00874487
v -0.00826547 0.13061258 -0.00380605
v -0.00826547 -0.13046736 -0.00723861
v -0.00918409 0.13058999 -0.00208757
v -0.0091841 -0.13048996 -0.00552013
v -0.00974978 0.13056546 -0.00022291
v -0.00974979 -0.13051447 -0.00365546
v -0.0099408 0.13053997 0.00171628
v -0.00918408 0.13048996 0.00552013
v 0.00785972 0.0621922 0.00480817
v 0.00568462 0.02507478 0.00515629
v 0.00552796 0.02796055 0.0052114
v 0.00755629 0.02283033 0.00480988
v 0.00815413 0.04608641 0.00478504
v 0.00784309 0.03813485 0.00486118
v 0.00747956 0.03435572 0.00487324
v 0.00562069 0.03463087 0.00518801
v 0.00561334 0.03794347 0.0052794
v 0.00759552 0.03208954 0.00478839
v 0.01159973 0.03257795 0.00102505
v 0.01178129 0.03997478 0.00095496
v 0.00966366 0.14923154 0.00582053
v 0.00720032 0.04213855 0.00495357
v -0.00201606 0.03306338 0.01154135
v 0.00557256 0.13140771 0.00587892
v 0.00549639 0.04434381 0.00516634
v 0.00506421 0.04709696 0.00533015
v 0.00739884 0.05103802 0.00507831
v 0.00724974 0.09100293 0.0053302
v 0.00585871 0.08891536 0.00565676
v 0.00538083 0.09293611 0.00571827
v 0.00547399 0.08917563 0.00560166
v 0.01004625 0.12846331 0.0053564
v 0.00557322 0.01269685 0.00507037
v 0.00533012 0.01475843 0.00515334
v 0.00666966 0.0122526 0.00497814
v 0.00754459 0.05597936 0.00502918
v 0.00511379 0.05576098 0.0054054
v 0.00562067 0.11039172 0.00568994
v 0.00517791 0.1066867 0.00570247
v 0.00654591 0.10549432 0.00572523
v 0.00738271 0.00732775 0.00481377
v 0.00508469 0.00146821 0.00509639
v 0.00552687 0.006507 0.0050044
v 0.00598567 0.10068069 0.00577103
v 0.00694083 0.10116559 0.00541011
v 0.00527995 0.10132879 0.00567491
v 0.00502174 0.09916607 0.00579837
v 0.00532104 0.08687112 0.00568965
v 0.00718332 0.08701064 0.00530388
v 0.00709946 0.08511633 0.00535391
v 0.00867669 -0.02095338 0.00423298
v 0.00820353 -0.02651817 0.00429526
v 0.00559976 -0.02287866 0.00495544
v 0.00803895 -0.03057579 0.00398797
v 0.00627176 -0.04324233 0.00472137
v 0.00598304 -0.03897975 0.00478149
v 0.00688454 -0.04229706 0.00452528
v 0.00722259 -0.04995654 0.0043939
v 0.00712688 -0.05271444 0.00435456
v 0.00610113 -0.0521509 0.00477798
v 0.00530905 0.11271342 0.00484547
v 0.00774196 0.11272132 0.0052608
v 0.0047658 -0.05550422 0.00492565
v 0.0071904 -0.0574273 0.00455554
v 0.00541512 0.04266235 0.00537143
v 0.00503276 0.03957376 0.00520495
v 0.00833567 0.14232817 0.00588082
v 0.00811253 -0.07333591 0.00409609
v 0.00716754 -0.07543168 0.00426296
v 0.00623228 -0.07362162 0.00481437
v 0.01197124 -0.07325374 0.00064611
v 0.01340306 -0.11417158 0.00020044
v 0.01376173 -0.12104809 -0.00024978
v 0.01384518 -0.11802614 -0.00028877
v 0.00810513 0.02296984 0.004339
v 0.00930101 0.02112698 0.00337053
v 0.00743334 0.01729447 0.00485141
v 0.00543765 0.0172893 0.00514428
v 0.00576391 0.02065074 0.00507959
v 0.0066884 -0.08945938 0.00466513
v 0.00500511 -0.09017009 0.00492981
v 0.00690127 0.01324309 0.00487025
v 0.0054362 0.01164513 0.00511267
v 0.01167552 -0.08624901 0.00082324
v 0.00112291 -0.08758621 0.0108586
v 0.00618448 -0.08903248 0.00483583
v 0.00541076 -0.08926938 0.00480922
v 0.00568311 -0.08546723 0.00481843
v 0.00584375 -0.08545725 0.00488994
v 0.00732215 -0.08363644 0.00436792
v 0.00644046 -0.08595269 0.0046402
v 0.01227919 -0.10779379 0.00087597
v 0.00745737 -0.01179874 0.00463555
v 0.00801207 -0.01543882 0.00449225
v 0.00225 -0.13852535 0.01123623
v -0.00009212 -0.04029099 0.01097043
v 0.00764035 -0.03672793 0.00430956
v 0.00532921 -0.03817471 0.0049636
v 0.00500242 -0.04618825 0.004635
v 0.00518625 -0.04251138 0.00482429
v 0.00533375 -0.04637054 0.00496873
v 0.00531903 -0.0291163 0.00465075
v 0.00487722 -0.02586014 0.00473653
v 0.00583255 -0.02777152 0.00493464
v 0.00587395 -0.05116775 0.00480798
v 0.00545635 -0.01874576 0.00496176
v 0.00750669 -0.00967301 0.00440732
v 0.00814596 -0.05957175 0.00405168
v 0.00791763 -0.00666604 0.0046482
v 0.00495431 -0.00157961 0.00512027
v 0.00404531 -0.00250738 0.00343627
v 0.00748039 0.00135191 0.00463916
v 0.00831277 0.00415572 0.00417975
v 0.00520162 -0.07265203 0.00470174
v 0.0047055 -0.03724169 0.00469766
v 0.00697046 0.01650661 0.00483804
v 0.00564671 0.03126241 0.0051764
v 0.00508458 0.02974419 0.00509821
v 0.00537744 0.05118927 0.00534913
v 0.005342 0.08304326 0.00548003
v 0.00541076 0.08543666 0.00563792
v 0.00603981 0.09529682 0.00559232
v 0.00552906 0.09673135 0.00575201
v 0.00527872 0.09504855 0.00565614
v 0.00524549 -0.03449031 0.00483756
v 0.00694059 0.01042734 0.00475994
v 0.00869499 0.02002703 0.00390847
v 0.00873637 0.01764493 0.00369002
v 0.00513298 -0.03178317 0.00503825
v 0.00527527 0.12331157 0.00529037
v 0.00782729 0.06159813 0.00500509
v 0.00792763 0.05721008 0.00463989
v 0.00728271 -0.04591299 0.00439137
v 0.0043317 -0.0486173 0.00433474
v 0.00949987 0.12805018 0.00464442
v 0.00793105 -0.03465085 0.00393483
v 0.00441647 -0.03210559 0.00465453
v 0.00838487 0.02797496 0.00397682
v 0.00534141 0.02273819 0.00509591
v 0.00514907 -0.02045069 0.00492404
v 0.00734826 0.09845591 0.00534584
v 0.00871652 -0.00805216 0.0036435
v 0.00806062 -0.00319765 0.00456684
v 0.00532368 0.0043269 0.00497777
v -0.00003055 -0.02658659 0.01093835
v 0.0062323 -0.07739034 0.00485404
v 0.00476385 0.0377182 0.00481429
v 0.00695581 -0.0707929 0.0045035
v 0.00484816 -0.07902093 0.0048822
v 0.00638517 -0.08076507 0.0047173
v 0.00685747 -0.07847488 0.00455915
v 0.00077545 -0.07744615 0.01087619
v 0.00553685 -0.08397034 0.00463855
v 0.01183648 -0.08096026 0.00070672
v 0.00855939 -0.00162682 0.00353431
v 0.00389438 0.13922822 0.00597227
v 0.00861479 0.00132655 0.00362337
v -0.00107297 0.01076941 0.01129286
v 0.00494007 0.00894105 0.00470778
v 0.01078763 0.05811598 0.00170901
v 0.00948853 0.0110274 0.00250206
v 0.00499061 0.01999018 0.00515063
v 0.01034412 -0.00684585 0.00192643
v 0.01112326 -0.02599542 0.00137008
v 0.00456877 -0.06282359 0.00509117
v 0.00541069 0.10816668 0.00522368
v 0.0054161 0.09205948 0.00526735
v 0.00434514 0.09857489 0.00582454
v 0.00643062 0.04055415 0.00449801
v 0.00941563 0.05637386 0.00254277
v 0.00463893 -0.11429028 0.00480677
v 0.00464734 -0.09138726 0.00487155
v 0.00447776 -0.04243511 0.00525216
v 0.00406887 -0.00180546 0.00555755
v 0.00420031 -0.02566583 0.00541231
v 0.00503708 -0.03427054 0.00496328
v 0.00496879 0.06743859 0.00547495
v 0.00850029 0.07867019 0.00313992
v 0.00434174 0.04214132 0.0055765
v 0.00423663 0.00690204 0.00548195
v 0.01152744 -0.03519531 0.00108929
v 0.00435951 -0.0133932 0.00537647
v 0.00870203 -0.11980287 0.00274963
v 0.00277694 0.02320739 0.00693173
v 0.00286464 0.10289942 0.00710455
v 0.00317571 0.00238005 0.00607662
v 0.00190613 0.08453921 0.00784663
v 0.00740227 0.097994 0.00387487
v 0.00937901 -0.12210481 0.00149326
v 0.00380418 0.13041924 0.01089958
v 0.00380417 -0.13066071 0.00746702
v 0.00552281 0.13043132 0.00998103
v 0.00552281 -0.13064864 0.00654847
v 0.0070292 0.13044757 0.00874487
v 0.0070292 -0.13063239 0.00531231
v 0.00826547 0.13046736 0.00723861
v 0.00826547 -0.13061258 0.00380605
v 0.0091841 0.13048996 0.00552013
v 0.00918409 -0.13058999 0.00208757
v 0.00974978 -0.13056546 0.00022291
v 0.00994079 0.13053997 0.00171628
v 0.0099408 -0.13053997 -0.00171628
v 0.00974979 0.13056546 -0.00022291
v 0.00974978 -0.13051449 -0.00365546
v 0.0091841 0.13058999 -0.00208757
v 0.00826546 -0.13046737 -0.00723861
v -0.00469614 0.16365096 0.01306105
v -0.00426463 0.15427539 0.01282845
v -0.00398573 0.15765074 0.0127975
v -0.00395604 0.15755604 0.01227061
v -0.00413865 0.13962838 0.01256867
v -0.00396742 0.14286369 0.01267632
v -0.00370388 0.1303661 0.01244581
v 0.00401913 0.13433066 0.00590655
v -0.0040172 0.12581202 0.01257994
v -0.00386879 0.11962543 0.0125118
v -0.00104048 0.00448139 0.01123486
v 0.00263423 -0.13329412 0.00603572
v 0.0032548 -0.17580931 0.01147472
v 0.00290804 -0.17178908 0.00230335
v 0.00295793 -0.16520557 0.01156947
v 0.00308003 -0.1696676 0.01165833
v 0.00313075 -0.16124877 0.00389101
v 0.00329901 -0.15632579 0.00484839
v 0.00304522 -0.15937738 0.00422916
v 0.00302414 -0.15382293 0.00437674
v 0.0028391 -0.15081686 0.00493784
v 0.00530435 -0.05855882 0.00487628
v 0.00779773 -0.125488 0.00104479
v 0.01007967 -0.12529638 0.000445
v 0.00824416 -0.12590297 0.00394353
v 0.00418285 0.14305902 0.00609646
v 0.00403239 -0.12800053 0.00507899
v 0.00450496 -0.12702356 0.00476291
v 0.00488747 -0.13112335 0.00550102
v 0.00869257 -0.12734595 0.00509549
v 0.00473226 -0.09435971 0.00510889
v 0.00443326 -0.09252515 0.00504776
v 0.00366274 0.15569377 0.00558233
v 0.00144042 -0.10451342 0.01096108
v 0.00160581 -0.1072886 0.01093961
v -0.00462577 0.16132829 0.01300899
v 0.00611198 -0.09424363 0.00485186
v 0.00160322 -0.09324114 0.01079689
v 0.00169823 -0.11780275 0.01110049
v 0.00314569 -0.15891963 0.00563766
v 0.00556664 -0.01230286 0.00499719
v 0.00498115 -0.01479374 0.00492356
v 0.0055056 -0.06670312 0.00488225
v 0.00616903 -0.06418154 0.00476017
v 0.00654403 -0.06794728 0.00458012
v 0.00333364 -0.13213423 0.00543446
v 0.00197389 -0.12676606 0.01116615
v 0.00059912 -0.06098048 0.01088821
v 0.00428931 -0.13389969 0.00558513
v 0.00068643 -0.05796362 0.01085729
v 0.00246527 -0.14678946 0.01135205
v 0.0002739 -0.05383927 0.01090499
v -0.00022724 -0.01832128 0.01102932
v 0.00565629 -0.06384736 0.00482897
v 0.00686774 -0.06243729 0.00445188
v 0.00523563 -0.00646313 0.00512893
v 0.00452008 -0.06851954 0.00483968
v 0.00637912 -0.12588774 0.00301472
v 0.0034189 -0.17861338 0.00892133
v 0.00746273 -0.17955513 0.00808738
v 0.00261313 -0.16850062 0.00237648
v 0.00292487 -0.16654132 0.00249381
v -0.0033461 0.1230889 0.01239745
v -0.00387612 0.13437729 0.01253223
v -0.00404309 0.13701166 0.01261923
v -0.00412468 0.14844893 0.01274845
v -0.00501173 0.17197852 0.01221361
v -0.00492573 0.16928032 0.01296211
v 0.00649056 -0.17978767 0.0041514
v 0.00266515 -0.17889243 0.00458266
v -0.00081836 0.17464766 0.00303469
v 0.00274873 -0.15834914 0.01153788
v 0.00299551 0.1515429 0.00596639
v 0.00278482 0.15501483 0.00534711
v -0.00334342 0.14580351 0.01260043
v -0.0049726 0.16682301 0.01304115
v 0.00270946 -0.14630713 0.00528333
v -0.00454381 0.15188858 0.01275612
v 0.00408598 -0.00364183 0.00476068
v 0.0011967 -0.09625499 0.01090103
v 0.00473535 -0.07505897 0.00468666
v 0.00125707 -0.08124815 0.01083516
v 0.00480106 -0.00765036 0.00484872
v 0.00391905 -0.00437021 0.00377
v 0.00293546 0.14875662 0.00618152
v 0.00321697 0.1466556 0.00602579
v 0.00064945 0.14641136 0.00816719
v 0.00330645 0.15997095 0.00454284
v 0.00328829 0.14396091 0.0059312
v -0.00092543 -0.0085237 0.01120138
v 0.00045814 -0.06529471 0.01087529
v 0.00272398 -0.17722751 0.00266905
v 0.00315066 -0.16438794 0.00277587
v 0.00545977 -0.06200106 0.00481344
v 0.00251218 -0.17462906 0.00313431
v -0.00238223 0.17520294 0.0052083
v 0.00618024 -0.12426613 0.00407073
v 0.00303451 -0.12377584 0.00551355
v 0.00179449 -0.09793934 0.0081001
v 0.00267611 -0.0777837 0.00621132
v 0.00098381 0.00073888 0.00953673
v 0.00256206 -0.10837647 0.00626267
v -0.00026424 -0.01200021 0.01071626
v 0.00082411 -0.01287838 0.00973913
v 0.0016974 -0.09547104 0.00794183
v 0.00076758 -0.06077466 0.00953108
v 0.00315777 -0.01853545 0.00590093
v -0.00066736 -0.00650969 0.01086896
v 0.00259805 -0.11760594 0.00692634
v 0.00116185 -0.08604264 0.00982564
v 0.00234467 0.11908177 0.00692671
v 0.00160365 -0.1028917 0.00882265
v 0.00145658 0.12408945 0.00771057
v 0.00057764 0.13739748 0.00838731
v -0.00256704 0.14645982 0.01112591
v 0.00167514 -0.11101687 0.00906679
v 0.00212048 -0.12208159 0.00755379
v -0.00006704 0.15617484 0.00868725
v 0.00148527 0.15901145 0.00496591
v -0.00009421 0.16805708 0.00406602
v 0.00182524 -0.11840606 0.01012769
v 0.00220936 -0.12604348 0.00846957
v 0.00219731 -0.13213567 0.00798811
v 0.00251459 -0.1415177 0.00607723
v -0.00994079 -0.13053997 -0.00171628
v -0.00974978 0.13051449 0.00365546
v -0.00974979 -0.13056546 0.00022291
v -0.0091841 -0.13058999 0.00208757
v -0.00826546 0.13046737 0.00723861
v -0.00826547 -0.13061258 0.00380605
v -0.00702919 0.13044757 0.00874487
v -0.0070292 -0.13063237 0.00531232
v -0.0055228 0.13043131 0.00998103
v -0.00552281 -0.13064863 0.00654847
v -0.00380417 0.13041922 0.01089958
v -0.00380418 -0.13066071 0.00746702
v -0.00193935 0.1304118 0.01146522
v -0.00193935 -0.13066815 0.00803266
v 0 0.1304093 0.01165621
v 0 -0.13067067 0.00822365
v 0.00193935 0.1304118 0.01146522
v 0.00193935 -0.13066815 0.00803266
v 0.00505698 0.06735003 0.00541904
v 0.00485285 0.06933592 0.00547352
v 0.00741277 0.06947936 0.00520317
v 0.00761469 0.06498232 0.0049359
v 0.0068124 0.06428909 0.00537119
v -0.00243201 0.04607128 0.01171662
v -0.00172045 0.02080441 0.01147713
v -0.00334314 0.10712286 0.01221663
v 0.00526964 0.06134062 0.00549108
v -0.00224591 0.06231185 0.01172146
v -0.00321392 0.08907843 0.01203983
v -0.00365335 0.10075703 0.01224868
v 0.0068827 0.0803393 0.00538827
v 0.00693478 0.07393788 0.00532728
v 0.00568081 0.07609195 0.00546857
v 0.00715616 0.07867792 0.00519411
v -0.00185645 0.07738292 0.01179058
v -0.00139152 0.09466495 0.01043038
v -0.00291695 0.08191742 0.01194809
v 0.00509168 0.07462344 0.00549661
v 0.00476398 0.07257269 0.00536334
v 0.00782176 0.06818395 0.00482881
v 0.00490463 0.0647518 0.00524907
v 0.00734496 0.07347379 0.00510399
v 0.00514713 0.07855405 0.00549762
v 0.00833298 0.08211561 0.00452362
v 0.00822924 0.07067309 0.00445804
v -0.00333733 0.10321248 0.01214835
v 0.00845477 0.07584726 0.00442556
v -0.00222126 0.06695452 0.01156876
v -0.00322645 0.08585459 0.01205877
v -0.002643 0.07009508 0.01177226
v 0.0004271 0.03792939 0.00949743
v -0.00217923 0.05917315 0.01138107
v 0.00085754 0.02819699 0.00944395
v 0.00200435 0.05745857 0.00824864
v 0.0021803 0.07614018 0.00792369
v 0.0021723 0.07979859 0.00787455
v 0.00056846 0.09292349 0.00869972
v 0.00407796 0.07004167 0.00570232
v 0.00178535 0.06555425 0.0083144
v 0.00188686 0.06929019 0.00819895
v 0.00133225 0.04893477 0.00882992
v 0.33966985 -0.14144188 0.00259157
v 0.33491287 -0.145228 0.00200474
v 0.32983118 -0.14873865 0.0019048
v 0.32842466 -0.14953628 0.00327668
v 0.32692862 -0.15079418 0.00193333
v 0.32339144 -0.15303357 0.00209687
v 0.34088126 -0.13983862 0.0078885
v 0.34614614 -0.13584508 0.00367937
v 0.34847775 -0.13345802 0.00720525
v 0.3417781 -0.13975711 0.00198613
v 0.3592262 -0.12321237 0.00386684
v 0.35556087 -0.12718618 0.00216256
v 0.35761645 -0.12530796 0.00191575
v 0.3098878 -0.16038013 0.00359419
v 0.31215861 -0.15970016 0.00186654
v 0.31545454 -0.15764973 0.00229616
v 0.30980018 -0.16103926 0.00212244
v 0.36062986 -0.12127516 0.00764087
v 0.36251175 -0.11982781 0.00233214
v 0.36038333 -0.12244231 0.00206961
v 0.36176759 -0.11937667 0.00128866
v 0.37238303 -0.10768901 0.00176925
v 0.36899558 -0.11152935 0.00689589
v 0.36936083 -0.11135754 0.00394915
v 0.37634683 -0.10152194 0.00698142
v 0.3893047 -0.07773001 0.00884857
v 0.38626301 -0.08500902 0.0072359
v 0.38985553 -0.07828633 0.0065188
v 0.39241487 -0.07244554 0.0071072
v 0.39082912 -0.07680404 0.00357626
v 0.39508301 -0.0656603 0.00766511
v 0.39678812 -0.06228995 0.00599074
v 0.39830223 -0.05744864 0.00713196
v 0.39773369 -0.06001028 0.0036785
v 0.39646623 -0.05568278 0.00998785
v 0.39775258 -0.0554336 0.00923658
v 0.40014595 -0.05042073 0.00816398
v 0.39969653 -0.05375448 0.00488745
v 0.40047634 -0.0519522 0.0047459
v 0.40174046 -0.04603453 0.00709818
v 0.39968121 -0.04848549 0.00938402
v 0.40080076 -0.05083396 0.00126983
v 0.40255165 -0.0441726 0.00370825
v 0.40240377 -0.0461441 0.00178088
v 0.40337038 -0.04316849 0.00185418
v 0.40124342 -0.04374726 0.00921726
v 0.40302384 -0.03885557 0.00839497
v 0.40324509 -0.03380376 0.009307
v 0.40437874 -0.03373261 0.0078288
v 0.40379146 -0.03988975 0.00564562
v 0.40482968 -0.03481749 0.00137159
v 0.40474308 -0.02721977 0.0091632
v 0.40777206 -0.00887755 0.0064128
v 0.40794307 -0.01167832 0.00647303
v 0.4076879 -0.01220764 0.00466787
v 0.40817136 -0.0029164 0.00724158
v 0.40844876 -0.00558265 0.0072401
v 0.40799779 -0.00448401 0.00502127
v 0.40693372 0.01658307 0.00071138
v 0.40771866 0.0141677 0.00148944
v 0.40741545 0.0092933 0.00069168
v 0.40744805 0.01144852 0.00777104
v 0.4070093 0.01864085 0.00766961
v 0.40680751 0.02106963 0.00693274
v 0.40698713 0.02156085 0.00159544
v 0.40629685 0.02387564 0.0079083
v 0.40609083 0.02799723 0.00172771
v 0.40558708 0.02912237 0.00789081
v 0.40501893 0.03092712 0.00828525
v 0.4051649 0.03199324 0.00683915
v 0.40416521 0.0333641 0.00869466
v 0.40510035 0.03154658 0.00797284
v 0.40512621 0.03231664 0.00769444
v 0.40483087 0.03331949 0.00794579
v 0.40467608 0.03381601 0.00806746
v 0.40385407 0.03728919 0.00818056
v 0.40451592 0.034309 0.00818614
v 0.40443003 0.03635478 0.00599346
v 0.40432677 0.03478234 0.00828857
v 0.40301234 0.04359347 0.00233068
v 0.4029884 0.04090318 0.00825693
v 0.40179747 0.04718758 0.00789582
v 0.40251786 0.04431401 0.00737139
v 0.40114608 0.04888986 0.00775408
v 0.40135524 0.04940026 0.00144508
v 0.39969462 0.05519681 0.00179472
v 0.39977583 0.05349082 0.00775359
v 0.3984513 0.05675903 0.00832255
v 0.39695653 0.06162977 0.00830003
v 0.39738145 0.06138708 0.00582642
v 0.39609861 0.063858 0.00778246
v 0.39576298 0.06415932 0.00066346
v 0.39445359 0.06898102 0.0059912
v 0.39666617 0.06390715 0.00166378
v 0.39383143 0.06870769 0.00858576
v 0.39145577 0.07590517 0.00570544
v 0.39160183 0.07431355 0.00842394
v 0.38954046 0.07901347 0.00820916
v 0.38875556 0.0819623 0.00175692
v 0.38844335 0.08206466 0.00581036
v 0.38372639 0.09086739 0.005522
v 0.38586399 0.08654529 0.00740934
v 0.3871012 0.08306767 0.00858581
v 0.38296309 0.09079371 0.0084855
v 0.38078654 0.0945154 0.00829684
v 0.37788486 0.09930111 0.00826081
v 0.37597814 0.1019899 0.00821487
v 0.37084055 0.10888535 0.00827635
v 0.30586144 0.16245709 0.0072027
v 0.30370432 0.16388163 0.00599857
v 0.36327535 0.11820129 0.0083734
v 0.35467002 0.12788931 0.0078283
v 0.35505855 0.12815619 0.00502725
v 0.34989244 0.13305816 0.00543872
v 0.34027231 0.1399152 0.00853696
v 0.34779802 0.13430205 0.00781373
v 0.34232959 0.13922082 0.00731135
v 0.33520973 0.14455724 0.00767671
v 0.34056643 0.14104328 0.00601543
v 0.33271113 0.1470205 0.00546639
v 0.32594788 0.15198633 0.00138562
v 0.32752723 0.14999636 0.00768578
v 0.32483137 0.1523196 0.006191
v 0.33019838 0.14906816 0.00095952
v 0.31893107 0.15480822 0.008292
v 0.31637084 0.15698971 0.0072126
v 0.31394789 0.15879606 0.005698
v 0.30797988 0.16219926 0.00099701
v 0.31238958 0.15991485 0.00064281
v 0.32972112 -0.14818852 0.00775766
v 0.33306009 -0.14625125 0.00346675
v 0.33563662 -0.14392361 0.00762253
v 0.35141391 -0.12998414 0.00128506
v 0.30382615 -0.16371498 0.00205863
v 0.30750597 -0.16204882 0.00193718
v 0.30703592 -0.16155779 0.00740794
v 0.30178469 -0.16405594 0.00687625
v 0.38928282 -0.0803113 0.00170628
v 0.38802487 -0.08306728 0.00175066
v 0.36796361 0.11235278 0.00033128
v 0.30870187 0.16091141 -0.00005783
v 0.40747911 -0.01500848 0.00159849
v 0.40748268 -0.01513076 0.00436865
v 0.40797985 -0.01349168 0.00658912
v 0.40790349 -0.01435262 0.00626586
v 0.40792713 -0.01117498 0.00180182
v 0.40760136 -0.00400724 0.00076034
v 0.40805501 -0.00818554 0.00224156
v 0.38020819 0.09546945 0.00046838
v 0.4078908 0.00305985 0.00727208
v 0.40803355 -0.00013423 0.00729043
v 0.40797234 0.00006005 0.00482131
v 0.40794754 0.00515291 0.00746643
v 0.38446343 0.08782792 0.00049716
v 0.40814328 0.00552262 0.00204889
v 0.38792452 0.08192566 0.00053946
v 0.40664262 -0.02240941 0.00431917
v 0.40657404 -0.02391542 0.00144903
v 0.40699854 -0.02258165 0.00311865
v 0.40725082 -0.01881561 0.00198882
v 0.40697306 -0.01935557 0.00394755
v 0.40720934 -0.02109227 0.00259615
v 0.40786383 0.00972676 0.00558767
v 0.40808797 -0.0003895 0.00149256
v 0.33228219 -0.14722583 0.00256554
v 0.33194339 -0.14752984 0.00234977
v 0.33283162 -0.14685126 0.00232072
v 0.33154544 -0.14775378 0.00214248
v 0.33059102 -0.1483427 0.00218102
v 0.33002722 -0.14869776 0.00242792
v 0.34423739 -0.13786986 0.00208209
v 0.34760952 -0.13495912 0.00194384
v 0.32479811 -0.15144119 0.00797205
v 0.31824064 -0.15612531 0.00188084
v 0.31701344 -0.15630232 0.00735832
v 0.35349959 -0.128729 0.00697955
v 0.36456525 -0.11754821 0.00227265
v 0.3661018 -0.11558373 0.00242439
v 0.4073095 -0.01584092 0.00693419
v 0.37064785 -0.11044443 0.00214743
v 0.40584242 -0.0194696 0.00904853
v 0.39100772 -0.07741985 0.00186611
v 0.39291799 -0.07276146 0.00145339
v 0.39421618 -0.06883821 0.00391677
v 0.39858973 -0.05850501 0.00162126
v 0.39766124 -0.0614436 0.00166813
v 0.40028769 -0.05374566 0.0016711
v 0.40710878 -0.02184857 0.00285495
v 0.40632364 -0.02421764 0.00773192
v 0.40791112 -0.01283723 0.00679356
v 0.40512782 0.03347333 0.00131754
v 0.40424383 0.03785869 0.0013405
v 0.40233612 0.04345728 0.00066092
v 0.40022165 0.05116929 0.00065219
v 0.3923701 0.0743071 0.00119703
v 0.38612407 -0.08637747 0.00158916
v 0.38344222 -0.0914728 0.00170867
v 0.3846159 -0.08920203 0.00169228
v 0.37975401 -0.09721269 0.00184633
v 0.29799697 -0.16627419 0.0018735
v 0.29606941 -0.16688021 0.00350723
v 0.34825867 -0.13247252 0.00125462
v 0.35062754 -0.13211942 0.00203865
v 0.3333602 -0.14644848 0.00207882
v 0.35351503 0.12987219 0.0016307
v 0.34588909 0.13695407 0.00179392
v 0.33974588 0.14204301 0.00127122
v 0.31887367 0.15620714 0.00068847
v 0.36026818 0.12304913 0.00152896
v 0.36282507 0.11960081 0.00050198
v 0.36636323 0.11602788 0.00163004
v 0.36617464 0.11592622 0.0056501
v 0.36825398 -0.11337779 0.00196193
v 0.37652677 -0.10166733 0.00364715
v 0.37419674 -0.1052289 0.00190769
v 0.37583625 -0.10329941 0.00193997
v 0.37831563 -0.09955211 0.00215431
v 0.38217241 -0.09227107 0.0071934
v 0.38235897 -0.09248872 0.00382291
v 0.39487728 -0.0682888 0.00223602
v 0.3692922 0.11195359 0.00079325
v 0.40453559 -0.03877999 0.00177909
v 0.40639859 -0.02729271 0.0015144
v 0.37372696 0.10660601 0.00182347
v 0.40725026 -0.01865302 0.00513212
v 0.3672182 0.11370613 0.00815991
v 0.37052774 0.11036082 0.00647263
v 0.37429678 0.10533602 0.00610319
v 0.37861639 0.0991485 0.00549585
v 0.38031501 0.0967987 0.00142378
v 0.3842532 0.09017115 0.00137148
v 0.36099562 0.12126963 0.00763285
v 0.35966325 0.12329665 0.00578552
v 0.39369458 0.07065068 0.001052
v 0.40447354 -0.03699128 0.00218356
v 0.38167703 -0.0941276 0.00167511
v 0.40613973 -0.0312757 0.00373639
v 0.32839921 -0.12990117 0.01061773
v 0.33721426 -0.12309542 0.01062063
v 0.32599643 -0.11325358 0.01065131
v 0.37699309 -0.07530323 0.0104488
v 0.00495362 0.10345066 0.01100329
v 0.00850163 0.09629768 0.01040555
v 0.00774502 0.08761756 0.0104514
v 0.01451069 0.09262244 0.00950277
v 0.01389498 0.09995341 0.00967436
v 0.01212279 0.10721267 0.00998916
v 0.38134652 -0.05125228 0.01036086
v 0.36386907 -0.0711472 0.01051871
v 0.3685149 -0.05317609 0.01047115
v 0.38069308 -0.06292191 0.01039178
v 0.37154239 -0.06368403 0.01045504
v 0.01368421 0.17671238 0.01063627
v 0.00507208 0.17607349 0.01179922
v 0.00734133 0.17921235 0.0101804
v 0.01208819 0.17999622 0.0083881
v 0.00658135 0.18003425 0.00658264
v 0.00391673 0.17937575 0.00820579
v 0.01312854 0.17906228 0.00979746
v 0.01804239 0.17822033 0.00978806
v 0.01835133 0.17987379 0.0079904
v 0.11773046 0.15837933 0.00549322
v 0.12107676 0.14887157 0.005402
v 0.12669878 0.15384793 0.00563028
v 0.29014403 0.07542097 0.00880733
v 0.28842533 0.06720546 0.00878437
v 0.30040959 0.07066996 0.00901908
v 0.28783423 -0.16526778 0.01039261
v 0.29029602 -0.15749803 0.01036412
v 0.1011916 -0.06865472 0.00377753
v 0.1106915 -0.06936444 0.00397597
v 0.10633707 -0.06138491 0.00375671
v 0.28994638 -0.14692953 0.01034772
v 0.26985946 -0.17059287 0.01010245
v 0.14965959 0.12002725 0.00559898
v 0.14545529 0.12918903 0.00562787
v 0.135639 0.12231176 0.00526038
v 0.27345413 -0.16346422 0.01010621
v 0.26642516 -0.16068874 0.00991782
v 0.24465895 -0.17491136 0.00951539
v 0.05896533 0.05052947 0.00485914
v 0.05171452 0.06482791 0.00546284
v 0.05009001 0.05458673 0.00552749
v 0.08044505 0.12280916 0.0046775
v 0.09342954 0.12187277 0.00446249
v 0.08691628 0.1292803 0.00469049
v 0.26933953 -0.14469308 0.00995694
v 0.26021796 -0.14797305 0.00980682
v 0.26487803 -0.15161195 0.00991881
v 0.29169181 -0.11785243 0.0103502
v 0.29932106 -0.12633723 0.01047047
v 0.29534027 -0.11438436 0.01038273
v 0.29184872 -0.13074964 0.01039233
v 0.0106225 0.0303096 0.00968264
v 0.09486635 0.08929143 0.00393389
v 0.10215269 0.09712425 0.00405045
v 0.09466369 0.09919491 0.00405839
v 0.30730814 -0.10842741 0.01051966
v 0.31736022 -0.09868042 0.01057109
v 0.31018841 -0.09719776 0.01051661
v 0.04668137 -0.03109096 0.00550232
v 0.04412992 -0.02068765 0.00572709
v 0.03070606 -0.0208598 0.00700829
v 0.39190701 -0.02556354 0.01027213
v 0.20809458 0.17352803 0.00778489
v 0.28790516 -0.09749269 0.01018377
v 0.29564142 -0.10282389 0.01034758
v 0.12252655 0.13965437 0.00524687
v 0.13186362 0.14036326 0.00551165
v 0.14759995 0.14294732 0.00594184
v 0.15136585 0.13408467 0.00586976
v 0.15959294 0.13488361 0.00608939
v 0.08818221 0.11382163 0.00436829
v 0.096591 0.11542203 0.00433746
v 0.25671697 -0.11582389 0.00964765
v 0.25634956 -0.12547204 0.00971078
v 0.26765928 -0.12702581 0.00996526
v 0.17893945 0.17567416 0.00721919
v 0.35478106 -0.0529988 0.01051777
v 0.35967112 -0.04546857 0.01048337
v 0.3532753 -0.04209857 0.01047963
v 0.27331486 -0.12162359 0.01005852
v 0.27737314 -0.11132206 0.0100706
v 0.26512909 -0.11272207 0.00983101
v 0.12729649 0.16183186 0.00577329
v 0.19236669 -0.17619383 0.00839127
v 0.24262987 -0.1352172 0.00938263
v 0.23589139 -0.13846323 0.00920571
v 0.24032134 -0.14306122 0.00934044
v 0.20116751 0.15331283 0.00733354
v 0.21170796 0.15096113 0.00752261
v 0.21230862 0.16014497 0.0076592
v 0.02347885 0.0557333 0.00812724
v 0.00929184 0.05677499 0.00998562
v 0.01259368 0.04915509 0.00948678
v 0.24440889 -0.12765108 0.00940243
v 0.25205916 -0.12950006 0.00959419
v 0.24649812 -0.11500193 0.00938873
v 0.19494118 -0.17019825 0.00835291
v 0.18027657 -0.16601215 0.00794188
v 0.37814218 -0.01554573 0.01032127
v 0.38262773 -0.02513358 0.01031126
v 0.11557277 0.10169245 0.00434091
v 0.11222725 0.11456439 0.00447336
v 0.10642449 0.11158139 0.00432439
v 0.25021639 -0.10873459 0.00946411
v 0.38958943 -0.0046542 0.01021894
v 0.09625484 0.02091239 0.00342035
v 0.11178479 0.01973479 0.0035753
v 0.09806583 0.02992628 0.00344528
v 0.30484492 -0.06335203 0.01025475
v 0.30692071 -0.08101887 0.01040943
v 0.31154972 -0.07266881 0.01041484
v 0.1671436 0.16684008 0.00678959
v 0.1666043 0.17572328 0.00698083
v 0.38363969 -0.00452271 0.01024662
v 0.32097852 -0.13063501 0.01058151
v 0.31398594 -0.13272151 0.01056891
v 0.19250304 -0.14945222 0.00813349
v 0.1967923 -0.15499213 0.00828912
v 0.19689594 -0.14355043 0.00820501
v 0.1008445 0.10776408 0.00420019
v 0.01228259 0.03664286 0.00947166
v 0.02059066 0.0386048 0.00842749
v 0.0191256 0.04671975 0.00862819
v 0.26572162 0.141908 -0.00367743
v 0.268336 0.14203687 -0.00176347
v 0.26416931 0.14169219 -0.0019972
v 0.16049376 0.14323424 0.0062282
v 0.05837233 0.08020093 0.00511306
v 0.07070155 0.08565141 0.00449756
v 0.05990915 0.09118216 0.00515956
v 0.22297591 -0.12796928 0.00881215
v 0.21181186 -0.11912645 0.00840784
v 0.22239381 -0.13649058 0.00885597
v 0.15261067 0.15043446 0.00618822
v 0.14088918 0.14920311 0.00588016
v 0.22279014 -0.10159428 0.00860474
v 0.2228483 -0.10848592 0.0086647
v 0.23649526 -0.12196413 0.00918837
v 0.00906575 0.04342363 0.00997352
v 0.3105489 -0.05298156 0.01026038
v 0.30192843 -0.0557218 0.01014412
v 0.10072459 0.12278003 0.00447358
v 0.19135906 0.17238531 0.00744982
v 0.22391599 0.10437851 0.00730645
v 0.21076505 0.10284466 0.00696502
v 0.22043414 0.09648103 0.00716226
v 0.01770206 0.17071554 0.01020336
v 0.38113809 0.00668314 0.01023608
v 0.16040169 -0.16864496 0.00745413
v 0.16074613 -0.15737663 0.0073168
v 0.15186954 -0.15178651 0.00695869
v 0.18354391 -0.13108642 0.00767654
v 0.18517788 -0.1403417 0.00782552
v 0.19463024 -0.1353126 0.0080566
v 0.17192914 -0.15173282 0.0075646
v 0.16104686 -0.14559893 0.00715672
v 0.28984201 -0.0654186 0.01000331
v 0.29600024 -0.06020258 0.01007241
v 0.29118901 -0.05214356 0.0099137
v 0.29661149 -0.04539726 0.00995725
v 0.30167443 -0.04185352 0.01001244
v 0.07704002 0.09160445 0.00430999
v 0.08760025 0.0890975 0.00398325
v 0.08325321 0.09853076 0.00421016
v 0.31358069 -0.04548399 0.01023491
v 0.3019692 -0.0328792 0.00994281
v 0.30862761 -0.03087091 0.01001981
v 0.30089253 0.07968942 0.00901661
v 0.25455996 0.03859998 0.0080829
v 0.24822307 0.0499486 0.007851
v 0.24523595 0.04035804 0.0078087
v 0.05577787 0.06901731 0.00519167
v 0.04617912 0.07240021 0.00593667
v 0.33603573 0.11025621 0.00952188
v 0.32800871 0.1006431 0.00946237
v 0.33650082 0.098097 0.00956288
v 0.01595789 0.16499327 0.01026832
v 0.02048413 0.15778056 0.00963152
v 0.13933602 -0.14859186 0.00653677
v 0.14013086 -0.14272033 0.00642124
v 0.02509639 0.1699183 0.00937547
v 0.02868983 0.16283183 0.00883036
v 0.03438196 0.16759518 0.008421
v 0.14658356 -0.13991858 0.0065916
v 0.1541162 -0.1360634 0.00676738
v 0.17134146 -0.13535939 0.00732716
v 0.15545426 -0.12962687 0.00671101
v 0.16160017 -0.1356288 0.00703661
v 0.32170096 -0.0159537 0.01006061
v 0.33020127 -0.01618382 0.01015975
v 0.32447913 -0.0001936 0.00992478
v 0.12070718 0.12446093 0.00488801
v 0.12433628 0.12928516 0.00507896
v 0.31025168 -0.0142072 0.0098576
v 0.30253208 -0.01563196 0.00974168
v 0.18883285 -0.10599475 0.00752259
v 0.18562341 -0.11494628 0.00752914
v 0.19819909 -0.11485735 0.00794806
v 0.12171723 -0.16777563 0.00637629
v 0.12506123 -0.1605489 0.0063115
v 0.11339837 -0.16079067 0.00601017
v 0.03141629 0.15662882 0.00841989
v 0.03630486 0.16055253 0.00806797
v 0.19382823 -0.09637731 0.00758686
v 0.20933306 -0.09948213 0.00814854
v 0.1994179 -0.09178828 0.00771026
v 0.10666417 -0.16857122 0.00601236
v 0.09460245 -0.16646852 0.005849
v 0.10357218 -0.17520387 0.00616855
v 0.13425013 0.13141659 0.00538654
v 0.36263818 0.01068366 0.01018457
v 0.3701897 0.01012783 0.01021079
v 0.35654378 0.02889368 0.01002991
v 0.35583305 0.01974049 0.01009159
v 0.32040131 -0.00932148 0.00996796
v 0.0891026 -0.17563488 0.00615489
v 0.12271558 0.10821277 0.00464084
v 0.11754015 0.12031947 0.00472092
v 0.25508901 -0.05022814 0.00901829
v 0.25177404 -0.06080566 0.00904113
v 0.25825733 -0.06305127 0.00923975
v 0.21043733 -0.08863486 0.00807025
v 0.04751679 0.16783819 0.00740947
v 0.1248708 -0.15071388 0.00611592
v 0.13445285 -0.15128204 0.00641071
v 0.12816226 -0.14390278 0.0060467
v 0.28513569 -0.0409352 0.00967089
v 0.28693011 -0.03240338 0.00961236
v 0.27530184 -0.030986 0.00932061
v 0.17790467 -0.10143006 0.00706848
v 0.08337037 0.08085213 0.0039818
v 0.12890598 -0.13552974 0.00589646
v 0.26749924 -0.03053453 0.00912061
v 0.27284229 -0.04349564 0.00939602
v 0.25836125 -0.03894423 0.00896913
v 0.25957254 -0.0268122 0.00885448
v 0.11912571 0.17525604 0.00595245
v 0.12797955 0.17512338 0.00614979
v 0.3236407 0.01370862 0.00978066
v 0.31097117 0.00845073 0.00963411
v 0.31531921 0.00062314 0.00977467
v 0.12790366 0.11467211 0.00490368
v 0.11555826 -0.14314336 0.00563065
v 0.10548525 -0.14073983 0.00525613
v 0.11449154 -0.15065464 0.00575138
v 0.11997511 -0.12897262 0.00543072
v 0.10968699 -0.13338399 0.00518067
v 0.02339137 0.13080572 0.00886147
v 0.17257708 -0.10620671 0.00694288
v 0.16738166 -0.09137212 0.00650159
v 0.14483422 -0.1314749 0.0063745
v 0.14603966 -0.12111144 0.00621314
v 0.13659069 -0.12546277 0.00595997
v 0.13670006 -0.04978466 0.00471026
v 0.13260105 -0.03959136 0.00445677
v 0.12445658 -0.03947121 0.00413968
v 0.05278324 0.15289536 0.00662688
v 0.05061447 0.16122302 0.00697415
v 0.04132912 0.15591276 0.00752861
v 0.03504351 0.14960378 0.00798591
v 0.03903206 0.14535686 0.00755021
v 0.15988359 -0.0948537 0.00627203
v 0.11080324 0.13385662 0.00484542
v 0.00667673 0.11644409 0.0108758
v 0.08753553 0.10463783 0.00420543
v 0.08050611 0.10927832 0.00446124
v 0.0143412 0.02342424 0.00913534
v 0.01988715 0.03127268 0.00848076
v 0.10282402 -0.15134108 0.00553195
v 0.09177153 -0.13821694 0.00507509
v 0.37421468 0.05656113 0.00996738
v 0.36481661 0.06056648 0.00993346
v 0.36586532 0.051009 0.00996781
v 0.31976965 -0.11780686 0.01061711
v 0.12920016 -0.11882547 0.00554975
v 0.12858163 -0.12651888 0.00568061
v 0.03814622 0.04291532 0.00648805
v 0.02801381 0.04413041 0.00756171
v 0.03261928 0.03785313 0.00702716
v 0.09434921 0.07807566 0.00379722
v 0.08821887 0.0746126 0.00380723
v 0.00530382 0.00330834 0.01035706
v 0.07922555 -0.14901732 0.00551278
v 0.07997936 -0.15866119 0.00575549
v 0.08965273 -0.15842578 0.00560261
v 0.31101602 0.02152219 0.00951697
v 0.31746522 0.01402117 0.00969012
v 0.08876308 -0.15026696 0.00540526
v 0.11502861 -0.11862789 0.00499778
v 0.10135195 -0.07832091 0.00390247
v 0.10925406 -0.0772436 0.00407523
v 0.10217609 0.13448755 0.00473374
v 0.10981251 0.1236144 0.00460943
v 0.16751066 0.1262944 0.00613219
v 0.17519152 0.13677332 0.00649524
v 0.15659238 0.1731725 0.00672281
v 0.15539619 0.16453551 0.00647531
v 0.37087977 -0.0815296 0.01047927
v 0.10495185 0.08846843 0.00396532
v 0.11917505 0.08813706 0.00425319
v 0.10924486 0.09809344 0.00415984
v 0.03747301 -0.01490426 0.0063309
v 0.01221421 0.01387177 0.00937019
v 0.01814887 0.01509013 0.00860774
v 0.31628418 0.02898052 0.00953542
v 0.26466924 -0.1675473 0.00996944
v 0.03416355 0.08563311 0.00715958
v 0.03843231 0.07942127 0.00668467
v 0.04268661 0.08640841 0.00638539
v 0.35541135 0.05097568 0.00990456
v 0.0649538 0.10105844 0.00498063
v 0.0564993 0.09847434 0.00548526
v 0.09853511 -0.13210079 0.00494536
v 0.04270146 0.03624421 0.00604614
v 0.05666078 0.03630986 0.00495614
v 0.04725418 0.0441259 0.00569454
v 0.04674827 -0.17529672 0.00769917
v 0.15770942 -0.08436668 0.00602457
v 0.1586694 -0.07684381 0.00594819
v 0.25946903 -0.17306699 0.00990341
v 0.25373122 -0.16620111 0.00965268
v 0.2484639 -0.17538959 0.00960371
v 0.07816438 0.15049148 0.00537026
v 0.08182933 0.15737745 0.00540936
v 0.07081167 0.15599719 0.00573166
v 0.07648342 0.16349714 0.00572187
v 0.08572657 0.16549939 0.00555697
v 0.15590975 0.1777025 0.00661538
v 0.33235651 -0.10103971 0.01064994
v 0.34371236 -0.11676535 0.01061176
v 0.34844553 -0.1006548 0.01061883
v 0.06612246 -0.09187289 0.00468421
v 0.07813685 -0.09053542 0.00425681
v 0.07222128 -0.08138607 0.00433432
v 0.24597219 -0.02627684 0.00845514
v 0.23605987 -0.01846905 0.00807364
v 0.24366844 -0.03427868 0.00848544
v 0.37635249 0.06912923 0.00996017
v 0.02552771 0.01001633 0.00770942
v 0.02313268 0.01844756 0.00801419
v 0.20955634 -0.06107725 0.00769725
v 0.20118308 -0.04348861 0.00718104
v 0.19820058 -0.05262785 0.00719225
v 0.06915598 -0.14928783 0.00579668
v 0.07073107 -0.14269638 0.00558374
v 0.16342336 0.17973165 0.00581728
v 0.22653238 0.16353644 0.00797942
v 0.22225872 0.15179154 0.00777395
v 0.34683061 0.06349736 0.00978701
v 0.34717005 0.05356666 0.00982998
v 0.01831121 0.00544928 0.00854946
v 0.35567209 0.06422576 0.00984263
v 0.36207142 0.07188026 0.00985778
v 0.1448715 0.17701948 0.00650149
v 0.1466407 0.16799448 0.00634847
v 0.23266524 -0.03582257 0.00817651
v 0.22091286 -0.02576465 0.00766245
v 0.2255501 -0.03740339 0.00796071
v 0.10771649 0.1689153 0.0055663
v 0.11315928 0.17212513 0.00576646
v 0.05877369 0.10840174 0.00543774
v 0.00691133 -0.01017548 0.01001836
v 0.22940387 -0.02161639 0.00789441
v 0.14435463 -0.08945017 0.00556463
v 0.13821483 -0.08690684 0.00528667
v 0.14253299 -0.10051196 0.00567692
v 0.14651792 0.10815338 0.0053089
v 0.14029455 0.10598232 0.00509543
v 0.14798945 0.09270391 0.00515287
v 0.17140239 -0.03405046 0.00595409
v 0.16524741 -0.01565818 0.00552566
v 0.16027716 -0.02171519 0.00538197
v 0.1795333 -0.02800941 0.00622373
v 0.16471142 -0.06538644 0.00602771
v 0.17858848 -0.0737696 0.00670248
v 0.16762808 -0.06002803 0.00608476
v 0.04791727 0.10733468 0.00621711
v 0.13214178 0.07364749 0.00446508
v 0.13318244 0.08389048 0.00460152
v 0.15630949 0.1047947 0.00553346
v 0.16992104 0.11038212 0.00596973
v 0.16050634 0.11596123 0.00580292
v 0.17663567 0.11899737 0.0062627
v 0.18745326 0.11977707 0.00654069
v 0.18070318 0.12907219 0.0065036
v 0.03394483 0.01940112 0.00682104
v 0.04139533 0.01157821 0.00606168
v 0.04320351 0.0194738 0.0059348
v 0.33773798 0.0576783 0.00969095
v 0.11341575 -0.09884477 0.00454002
v 0.12096941 -0.11209095 0.00508954
v 0.12675707 -0.10829649 0.00523129
v 0.26202172 0.04645848 0.00822728
v 0.25442603 0.05669317 0.00798771
v 0.12205943 0.06934723 0.00412673
v 0.11351664 0.08253937 0.00403389
v 0.11717338 0.06444992 0.00395448
v 0.20687884 0.13931181 0.00728016
v 0.22035831 0.13948679 0.00757503
v 0.09288812 0.13496779 0.0047474
v 0.08435567 0.13969673 0.00496701
v 0.01866401 -0.01027702 0.00843738
v 0.01355164 -0.00298507 0.00911799
v 0.2958574 0.02481209 0.0091872
v 0.3075245 0.03119963 0.00936939
v 0.29565006 0.03279505 0.00910965
v 0.09047551 0.14452045 0.00497419
v 0.12561136 0.16919942 0.00591058
v 0.13604853 0.16919628 0.00615877
v 0.08713196 -0.09385884 0.00413213
v 0.09410887 -0.08979152 0.00402125
v 0.0819608 -0.08100935 0.0040167
v 0.29801849 0.04056899 0.00911533
v 0.31192696 0.03964654 0.0093874
v 0.19821994 0.13436964 0.0069971
v 0.21003614 0.12507582 0.00715568
v 0.21808247 -0.03338148 0.0076652
v 0.21067277 -0.02890939 0.00737227
v 0.07963464 -0.12906913 0.00499075
v 0.08817574 -0.12756181 0.00481314
v 0.07868253 -0.122558 0.00484899
v 0.02816045 0.09559725 0.00788947
v 0.0395569 0.09768263 0.00678233
v 0.0293913 0.10396878 0.00785766
v 0.08793208 0.04954755 0.00361497
v 0.09759627 0.04437564 0.00349757
v 0.10335743 0.05072872 0.00357107
v 0.24909668 -0.16830057 0.00962595
v 0.21477729 0.12971818 0.00733093
v 0.01433735 0.08055975 0.00943332
v 0.02022117 0.08807087 0.00873719
v 0.14389668 0.07181152 0.00479496
v 0.14713556 0.07744437 0.00495055
v 0.36466503 0.08667569 0.00981838
v 0.24681254 -0.00014143 0.00819402
v 0.23957413 0.00237975 0.00796713
v 0.24880177 -0.01342972 0.0083959
v 0.27131638 0.16989477 0.00892465
v 0.10480948 0.15970008 0.00530608
v 0.34907651 0.07070988 0.00978544
v 0.34432703 0.07696962 0.00969903
v 0.10215843 0.14454143 0.00496741
v 0.10297175 0.15347371 0.00516545
v 0.08820842 0.15233311 0.00518062
v 0.01982791 0.105027 0.00895598
v 0.13118854 -0.08251953 0.00491703
v 0.13522148 -0.07230948 0.00493008
v 0.06630585 0.1159602 0.00512954
v 0.06581181 0.12207389 0.00525699
v 0.05511517 0.12274539 0.00590798
v 0.23843831 -0.01063402 0.00806214
v 0.23240733 -0.00149653 0.00777294
v 0.02291051 -0.1700173 0.00951445
v 0.02511332 -0.16411242 0.00906753
v 0.0414458 0.11510925 0.00684972
v 0.05070802 0.1144862 0.006103
v 0.04546539 0.1220445 0.00661171
v 0.29914916 0.06039481 0.00903072
v 0.07122936 -0.124715 0.00512624
v 0.06014664 -0.12797573 0.00565411
v 0.06440564 -0.13592443 0.00565391
v 0.03199006 0.11527363 0.00772042
v 0.03271918 0.10782144 0.00756508
v 0.17822798 0.09256878 0.00600355
v 0.16593094 0.09865582 0.00571992
v 0.16931108 0.08842874 0.00572001
v 0.27079877 0.15372357 0.00867814
v 0.26320696 0.15807429 0.00859822
v 0.26680604 0.02062752 0.00853646
v 0.25661367 0.0170797 0.00830215
v 0.2659812 0.00802917 0.00864809
v 0.16567117 -0.04821982 0.00586164
v 0.17927229 -0.04944333 0.0064241
v 0.16851756 -0.04303516 0.00592789
v 0.17633697 -0.05647304 0.00639819
v 0.08832617 0.04099243 0.00358991
v 0.10194983 0.03729215 0.0034541
v 0.0618518 0.12934895 0.005598
v 0.05049664 0.13524894 0.0064316
v 0.00816426 0.07250904 0.01026437
v 0.09468792 0.16098414 0.00532773
v 0.09909334 0.16644913 0.00544576
v 0.19968447 0.10285217 0.00666954
v 0.20666024 0.11002517 0.0069187
v 0.20254505 0.11689321 0.0068872
v 0.06692207 0.13937777 0.00555389
v 0.05829087 0.13748154 0.00593703
v 0.29614741 0.15826404 0.00922632
v 0.03968833 0.09229279 0.00673354
v 0.32837623 0.11364448 0.00944001
v 0.15662524 0.07198453 0.00518673
v 0.16028014 0.08341759 0.00539489
v 0.14778878 0.08369917 0.00502949
v 0.27565351 0.02482416 0.00871875
v 0.28366214 0.03069694 0.00886282
v 0.27293026 0.03456593 0.00858776
v 0.03555386 -0.15808067 0.00793622
v 0.02479752 -0.15209201 0.00877749
v 0.14167809 0.16109812 0.00609849
v 0.25248337 0.00814168 0.00827925
v 0.15296741 -0.05797884 0.0054643
v 0.15531924 -0.04698212 0.0054284
v 0.04983735 0.08781211 0.0058006
v 0.05108072 0.09456722 0.00581088
v 0.08134954 -0.10736965 0.00445364
v 0.09610929 -0.10925104 0.00437112
v 0.09023635 -0.10339548 0.0042569
v 0.10685766 0.02978908 0.00350134
v 0.11236501 0.03214207 0.00362014
v 0.17603293 0.08125839 0.00583517
v 0.02093367 -0.02189155 0.00811142
v 0.02293969 -0.02903205 0.00786854
v 0.03236133 -0.02940172 0.0068101
v 0.09499277 -0.09658507 0.0041233
v 0.10321045 -0.09926474 0.00425436
v 0.31917867 0.06757685 0.00936745
v 0.3286112 0.06585599 0.00953643
v 0.3244001 0.07749157 0.00943629
v 0.11887994 -0.08359034 0.00446295
v 0.10537056 -0.09286147 0.00421333
v 0.33598053 0.07772716 0.0095962
v 0.34658363 0.0855768 0.00969725
v 0.33427158 0.08588265 0.00956062
v 0.19010511 -0.03447095 0.00668583
v 0.18305486 -0.02197678 0.00630279
v 0.2607109 0.14379618 -0.00209953
v 0.25931945 0.14632125 -0.0022796
v 0.35469949 0.09178325 0.00971774
v 0.34463668 0.10051719 0.00963142
v 0.2022443 -0.00563695 0.00682407
v 0.2074534 -0.01886317 0.00714553
v 0.21773955 -0.01178126 0.00742833
v 0.04879413 -0.01186027 0.00535521
v 0.2603094 0.14449929 -0.00368926
v 0.05010319 0.14328626 0.00663804
v 0.05907752 0.14505102 0.00606424
v 0.2615726 -0.15703072 0.00985591
v 0.12116633 -0.07657184 0.00444206
v 0.14571911 -0.03496424 0.0049196
v 0.15624358 -0.03727714 0.00537372
v 0.32431799 0.08649619 0.00941633
v 0.26261839 0.14297062 -0.0038567
v 0.25974527 0.13151903 0.00838159
v 0.26025161 0.14762034 0.0084517
v 0.25240663 0.14171772 0.00830725
v 0.14059064 0.14094985 0.00574006
v 0.26266524 0.03478181 0.00831257
v 0.12939173 -0.07194987 0.00469806
v 0.12573972 -0.05936922 0.00439825
v 0.06801452 0.09096212 0.00470856
v 0.07124569 -0.10360527 0.00467123
v 0.0776791 -0.09830195 0.00436624
v 0.04718672 0.14951345 0.00696565
v 0.26924816 0.13961944 0.00857778
v 0.04898245 0.07856262 0.00577845
v 0.15844867 -0.02884654 0.00536713
v 0.28560343 0.04970413 0.0087875
v 0.27449256 0.0564964 0.00849636
v 0.27698356 0.04175396 0.00862807
v 0.0117519 -0.04614671 0.00922878
v 0.0228543 -0.04924303 0.00786482
v 0.01717355 -0.0386373 0.00850225
v 0.14958547 0.15850779 0.00624266
v 0.16512798 0.15334138 0.00651862
v 0.31260169 0.07713619 0.00924592
v 0.31369674 0.08690629 0.0092379
v 0.35205203 0.10778128 0.0097035
v 0.32439062 0.09556084 0.00941778
v 0.33675206 0.09215953 0.00957917
v 0.06415157 -0.10073005 0.00491408
v 0.06235015 -0.10985977 0.00516764
v 0.22269976 0.00346194 0.0074437
v 0.21426687 0.01468867 0.00706519
v 0.21514913 0.00413861 0.00717972
v 0.15204313 0.040182 0.0048911
v 0.15807529 0.04883379 0.00511329
v 0.14652108 0.05568113 0.00477671
v 0.30073866 0.15226769 0.00920971
v 0.05042643 -0.10232559 0.00573047
v 0.05096053 -0.11214726 0.00586163
v 0.25432947 0.02870204 0.00815007
v 0.16268893 0.06590213 0.0053471
v 0.16205975 0.05724207 0.00526897
v 0.17344937 0.05655133 0.00563948
v 0.34451383 0.11475813 0.00961975
v 0.31605929 0.09635004 0.00928296
v 0.06711066 0.16138111 0.00601924
v 0.14386258 0.03587515 0.00462148
v 0.14018928 0.04869305 0.00452907
v 0.35596868 -0.10102491 0.01056334
v 0.35653239 -0.08498546 0.01056817
v 0.03299114 0.13742337 0.0079571
v 0.02549884 0.1464428 0.00885498
v 0.26970631 0.1258405 0.00851552
v 0.27989107 0.13162363 0.00875165
v 0.05431196 -0.09519422 0.00536095
v 0.11653465 -0.06018156 0.00404868
v 0.11164509 -0.05163963 0.00380914
v 0.17173888 0.15888134 0.00676644
v 0.18694213 0.16432028 0.00718201
v 0.11652505 -0.06649863 0.00413648
v 0.06351382 0.0734117 0.00473634
v 0.23097146 0.10563013 0.00749705
v 0.24511027 0.10143384 0.00781359
v 0.23703298 0.11456969 0.00770219
v 0.04246191 -0.04897493 0.00589975
v 0.04939198 -0.0415049 0.00531723
v 0.03446671 -0.04326249 0.00661499
v 0.13748923 0.02434241 0.00438575
v 0.12832053 0.02830218 0.0040939
v 0.12089087 0.02094236 0.00383236
v 0.11725105 -0.04329996 0.00391145
v 0.1254741 -0.05029622 0.00428637
v 0.32169375 0.10985122 0.00937389
v 0.23924409 0.09128003 0.00762191
v 0.09306021 -0.06304736 0.00367095
v 0.09560452 -0.05800208 0.00363451
v 0.16397285 0.03389781 0.00529358
v 0.126546 0.00972617 0.00401245
v 0.13327177 0.01204872 0.0042332
v 0.29637069 0.14408343 0.00907113
v 0.28841129 0.1439998 0.00893266
v 0.29115924 0.13275301 0.00894515
v 0.01570071 -0.11685789 0.00922647
v 0.02254491 -0.12369603 0.00853859
v 0.02724434 -0.11716479 0.00792602
v 0.08775954 -0.07230201 0.00383616
v 0.07299462 -0.06999833 0.00412292
v 0.03493426 -0.09976184 0.00693418
v 0.03313828 -0.11062668 0.00728073
v 0.04366283 -0.10529739 0.00628273
v 0.02353538 0.15417048 0.0091933
v 0.03469828 0.05560188 0.00688231
v 0.04273026 0.04895236 0.00610913
v 0.04429952 0.06131618 0.00602023
v 0.23525363 0.05378894 0.00747048
v 0.23516361 0.03824086 0.00754507
v 0.0327974 -0.05070258 0.00678272
v 0.04494889 -0.06047846 0.00572896
v 0.18779378 0.0668337 0.00611397
v 0.19278049 0.05003308 0.00622135
v 0.1955505 0.0656027 0.00632766
v 0.09664264 -0.05027925 0.00355413
v 0.04307523 -0.09554096 0.00619817
v 0.20906553 0.06220575 0.00672011
v 0.2019619 0.07230604 0.00653731
v 0.03645474 -0.06074896 0.00647209
v 0.25169253 0.06682809 0.00789203
v 0.26240218 0.06129752 0.00818025
v 0.30838978 0.09805019 0.00915372
v 0.30755591 0.10692963 0.00915195
v 0.14716457 -0.01553508 0.00481446
v 0.13979343 -0.01634242 0.00453986
v 0.14221077 -0.02537262 0.0047014
v 0.20519374 0.02505773 0.00670475
v 0.21685448 0.02474248 0.00706792
v 0.21033487 0.03500097 0.00680779
v 0.12953441 -0.02392481 0.00421764
v 0.12043898 -0.02938386 0.00392833
v 0.13499726 -0.03220563 0.00447182
v 0.03291594 0.05008557 0.00705477
v 0.02457889 -0.07246847 0.00775323
v 0.01969621 -0.06676225 0.00826773
v 0.01604341 -0.07585716 0.00877294
v 0.075371 0.07504632 0.00418796
v 0.06947476 0.06694367 0.00435259
v 0.28837916 0.12283958 0.00886174
v 0.29662049 0.12263972 0.00900493
v 0.08781911 -0.05219746 0.00362747
v 0.08622123 -0.06283148 0.00372469
v 0.24685907 -0.16233917 0.00951465
v 0.30140412 -0.14088434 0.01046959
v 0.30789736 -0.13277793 0.01053326
v 0.04294412 -0.08064743 0.00604529
v 0.05201705 -0.08620577 0.00542027
v 0.18422478 -0.00344077 0.00616335
v 0.19043657 0.00293262 0.0063334
v 0.17842114 0.00576999 0.00588428
v 0.20402463 0.0534237 0.00655661
v 0.0267303 0.03224521 0.00767174
v 0.19505921 0.03160877 0.00633321
v 0.19237617 0.02233113 0.0062795
v 0.20071487 0.01676757 0.00659789
v 0.14808643 0.02561102 0.00473422
v 0.15694109 0.01979304 0.00505455
v 0.15547112 0.02990543 0.00500374
v 0.05775521 -0.08204775 0.00500528
v 0.06283233 -0.08078234 0.00471602
v 0.05165301 -0.07018858 0.00528614
v 0.06049614 -0.04872458 0.00458494
v 0.06782115 -0.04857392 0.00420843
v 0.05762703 -0.03623307 0.00472842
v 0.18098626 0.01314443 0.00593182
v 0.17031373 0.01248142 0.00554998
v 0.09831057 -0.01073941 0.00338929
v 0.11180647 -0.01695371 0.00359205
v 0.10721411 -0.00591231 0.00346751
v 0.29847893 0.10019063 0.00897815
v 0.29557845 0.113212 0.00894928
v 0.14130276 -0.00350352 0.00455079
v 0.15787472 -0.00589734 0.00517316
v 0.14341316 0.00271358 0.00460038
v 0.2227065 0.06003854 0.00710259
v 0.2214791 0.0698201 0.00708256
v 0.21202722 0.0750147 0.00681872
v 0.2127202 0.08889475 0.00691379
v 0.06030536 0.06146493 0.00482535
v 0.07006814 0.05602935 0.00423977
v 0.12154572 -0.01891876 0.00391056
v 0.13065244 -0.01399598 0.00419993
v 0.02697006 0.02502148 0.00760212
v 0.18811667 0.03656054 0.00609802
v 0.18179612 0.03096702 0.00589945
v 0.16466582 0.01999025 0.00533266
v 0.17241077 0.02458149 0.00558534
v 0.13185558 -0.00615381 0.00421087
v 0.26908559 0.09209915 0.0083455
v 0.27293745 0.10739908 0.00847329
v 0.2653394 0.10595365 0.0083085
v 0.06400602 -0.12003788 0.00530777
v 0.24226126 0.06061751 0.00764302
v 0.24481493 0.07238116 0.00771486
v 0.23344676 0.06692889 0.00739788
v 0.11165294 -0.02303197 0.00361808
v 0.10277132 -0.02689468 0.0034528
v 0.11377248 -0.03143057 0.00372901
v 0.08085608 -0.03137225 0.00366669
v 0.09257027 -0.0378441 0.00348003
v 0.08576493 -0.02582068 0.00354653
v 0.22061355 0.11403542 0.00730766
v 0.14890647 0.01138017 0.00478413
v 0.16051164 0.00397786 0.00522048
v 0.27887261 0.11596718 0.00864664
v 0.27919468 0.10104384 0.00858196
v 0.28848246 0.10747809 0.00880079
v 0.10283397 -0.05023443 0.00359231
v 0.07596037 -0.05340684 0.00392427
v 0.08020779 -0.0451659 0.00372757
v 0.30249053 0.12133135 0.00910045
v 0.17140242 0.03709106 0.00553817
v 0.22256672 0.05065557 0.00710282
v 0.11653544 -0.00856395 0.00371126
v 0.25936115 0.08799528 0.00810082
v 0.03685089 -0.06788881 0.00650367
v 0.06270379 -0.0561569 0.00450852
v 0.23482682 0.16842313 0.00822312
v 0.03649079 0.02871744 0.00661033
v 0.19169757 0.14712465 0.00703443
v 0.18398108 0.1431464 0.00680933
v 0.26445648 0.07912002 0.00822176
v 0.3344523 -0.11213291 0.01065378
v 0.01155352 -0.08610502 0.00939491
v 0.20543233 0.08921047 0.00672086
v 0.0574185 -0.06146697 0.00486403
v 0.23834589 -0.17269376 0.00939814
v 0.23598967 -0.16505304 0.00926882
v 0.02237029 -0.08214772 0.00806169
v 0.09698405 -0.03212283 0.00345578
v 0.10282966 -0.04119686 0.00353812
v 0.06765067 -0.04231895 0.00418289
v 0.06589526 -0.03203561 0.00423335
v 0.02333678 -0.14421739 0.00878064
v 0.01036828 -0.07645324 0.00949104
v 0.23822634 0.15866543 0.0081615
v 0.08772229 -0.04381881 0.00356443
v 0.03318417 0.00967438 0.00684808
v 0.11764286 0.00877399 0.00372146
v 0.11339647 0.00233741 0.00358284
v 0.12718765 0.00137822 0.00403719
v 0.09849405 -0.00375864 0.00340781
v 0.0759445 -0.0159362 0.00380268
v 0.27432725 0.07497679 0.00844474
v 0.27769953 0.08322581 0.00851059
v 0.18542339 0.04693336 0.00599411
v 0.18142432 0.05713388 0.00587725
v 0.32219148 0.12101782 0.0093722
v 0.31290457 0.11845665 0.00922181
v 0.279367 0.12474602 0.00870469
v 0.19407617 0.12762971 0.00681138
v 0.05236471 -0.0500119 0.00512316
v 0.15443265 -0.01403051 0.00508274
v 0.24560007 -0.15525441 0.00949678
v 0.14514135 0.01908791 0.00464172
v 0.25473484 -0.15724541 0.00970727
v 0.24895638 -0.14968587 0.0095573
v 0.28846899 0.0835595 0.00876346
v 0.27995965 0.09170566 0.00858588
v 0.17151287 -0.00957694 0.00573455
v 0.15961185 0.09432502 0.00549081
v 0.30785641 0.13993591 0.00921113
v 0.30299193 0.08858776 0.00905773
v 0.02302498 -0.10947 0.00827479
v 0.02235277 -0.10177436 0.00827887
v 0.32416123 -0.10140818 0.01061638
v 0.2638624 0.11825132 0.00835928
v 0.13532257 0.0350811 0.00433703
v 0.25344777 0.12001074 0.00813928
v 0.05449826 -0.02301151 0.00491262
v 0.05749398 -0.01262059 0.00473279
v 0.31488514 0.10851408 0.00925101
v 0.10768905 0.01238704 0.00346717
v 0.01206539 -0.06279192 0.00919017
v 0.29267105 0.09384969 0.00884334
v 0.19625232 0.08256228 0.00642728
v 0.19420412 0.09301251 0.00644212
v 0.02028004 -0.13361198 0.00889789
v 0.03867763 -0.00662971 0.00624165
v 0.0396152 0.00200236 0.00619355
v 0.02817891 0.00027188 0.00735707
v 0.01900622 -0.05520624 0.00831743
v 0.14925599 0.06128477 0.00489089
v 0.28760839 0.15523553 0.00900983
v 0.11272005 -0.04698155 0.00378369
v 0.13406938 0.04420028 0.00433392
v 0.04185687 -0.03612299 0.00589933
v 0.27012986 0.04833218 0.00842634
v 0.23162928 -0.16993558 0.00921199
v 0.22475204 -0.16837654 0.00900508
v 0.10114551 0.00865444 0.00340513
v 0.20217878 0.00450002 0.00674374
v 0.06453312 -0.01815292 0.00432224
v 0.06651267 -0.00616911 0.00421446
v 0.17584549 0.06514393 0.00574333
v 0.16805847 0.07490408 0.0055521
v 0.18678753 0.09083864 0.00622233
v 0.18758444 0.07885984 0.00615711
v 0.24358973 0.11930887 0.00791629
v 0.24957922 0.12767044 0.00811948
v 0.23276436 0.13021833 0.00776723
v 0.03067086 -0.00782271 0.00706598
v 0.02574852 -0.01019009 0.00759472
v 0.18100324 -0.01087756 0.00611427
v 0.17014889 0.00065517 0.00560155
v 0.24325497 0.13642557 0.00805309
v 0.24499708 0.14988095 0.00822302
v 0.25337386 0.159289 0.00844379
v 0.18707818 0.10749914 0.00638731
v 0.19347318 0.11372175 0.00661822
v 0.13424551 0.06450445 0.00445697
v 0.12629698 0.05817641 0.00417357
v 0.13732895 0.05773307 0.00449208
v 0.22500925 0.12246882 0.00749085
v 0.27953771 0.15402412 0.00885202
v 0.27552068 0.16395544 0.00894994
v 0.29965398 -0.14953735 0.01042155
v 0.0763153 0.02542314 0.00384064
v 0.08800605 0.01286089 0.00350375
v 0.0851762 0.02247848 0.00357297
v 0.0801074 0.01132986 0.00369905
v 0.01186431 -0.0263186 0.0092426
v 0.19630057 -0.02088207 0.00676575
v 0.12325166 0.05165812 0.00402793
v 0.11615458 0.03650948 0.00373735
v 0.285743 -0.15495516 0.01023243
v 0.28202525 -0.15881968 0.01021166
v 0.11460306 0.04801226 0.00375333
v 0.12615652 0.03871514 0.00404671
v 0.13535284 -0.06000518 0.00477371
v 0.14106733 -0.05993237 0.00500818
v 0.05082819 0.00598879 0.00524187
v 0.05873577 -0.00166772 0.00467982
v 0.05873018 0.00816554 0.00469304
v 0.28698888 0.16504171 0.00913159
v 0.31119055 0.06333213 0.00925838
v 0.30522501 0.0558616 0.00917644
v 0.3117817 -0.1444968 0.01053334
v 0.07027969 0.01077445 0.00407124
v 0.07512674 -0.00023089 0.00385287
v 0.29105154 -0.13717666 0.01037605
v 0.02876761 -0.03908174 0.00718518
v 0.2579771 -0.16325101 0.00977466
v 0.23247766 0.14926368 0.00795686
v 0.28241804 -0.14104615 0.01023958
v 0.27781266 -0.14659193 0.01016874
v 0.34614283 -0.08808917 0.01063228
v 0.06179605 0.01498182 0.00453973
v 0.0516657 0.01870271 0.00522012
v 0.01251149 -0.01739446 0.00917826
v 0.24717692 0.02221645 0.00801189
v 0.31144136 -0.11931311 0.01057659
v 0.24917392 0.16622406 0.00846682
v 0.28379351 -0.12760642 0.01027285
v 0.28440553 -0.11543877 0.01023592
v 0.27797729 0.14165999 0.00875795
v 0.05936317 0.02367666 0.00470158
v 0.33855516 -0.09371528 0.01064901
v 0.18034507 0.07379204 0.0059212
v 0.11138441 0.05778416 0.00375056
v 0.10169408 0.06292547 0.00363521
v 0.08266714 0.03377207 0.00367206
v 0.07270017 0.03732222 0.00404062
v 0.07899452 0.04598422 0.0038265
v 0.25498307 -0.14736691 0.00967522
v 0.08691056 0.00004675 0.00349635
v 0.09036006 0.00648537 0.0034628
v 0.1370002 0.09401931 0.004841
v 0.22511271 -0.00634623 0.00759401
v 0.06597798 0.03067698 0.00433212
v 0.06335922 0.04292728 0.00455675
v 0.28566179 0.03884412 0.00884342
v 0.04045818 -0.14535946 0.00729064
v 0.04559873 -0.13939816 0.00679445
v 0.03378627 -0.13862412 0.00769202
v 0.09993293 0.07197043 0.00372854
v 0.0934961 0.05839793 0.00360151
v 0.08314423 0.06234669 0.00379339
v 0.10254069 0.07930119 0.00383013
v 0.25769633 -0.13622044 0.00977034
v 0.31995329 0.05399658 0.00943989
v 0.25068024 -0.13964525 0.00960528
v 0.07776645 0.05778374 0.00392906
v 0.07035305 0.04573694 0.00418728
v 0.22897345 -0.16079037 0.00910004
v 0.2356945 -0.15794349 0.00924463
v 0.22718187 -0.14990503 0.00903328
v 0.32373258 -0.0880569 0.01059297
v 0.12535092 0.09629899 0.0045373
v 0.08760118 0.06855887 0.00377998
v 0.28012362 -0.12829366 0.01019961
v 0.07160473 -0.0259544 0.00397696
v 0.24423724 -0.14626527 0.00946344
v 0.22135898 -0.15124881 0.00886674
v 0.05522233 -0.1361918 0.00610789
v 0.33494765 0.06844743 0.00961221
v 0.21994564 0.08476205 0.00708992
v 0.33815777 -0.07238784 0.01059582
v 0.33429348 -0.08232042 0.01061959
v 0.28355461 -0.10118442 0.01014188
v 0.31576431 -0.08035379 0.01049438
v 0.19803655 -0.0309149 0.00693323
v 0.3000848 0.13361768 0.00907705
v 0.23510718 -0.14971665 0.00920854
v 0.24258992 -0.16363263 0.00936228
v 0.35336936 -0.0672773 0.0105633
v 0.34950766 -0.05675112 0.0105393
v 0.34378958 -0.06455921 0.01056524
v 0.1305477 -0.09164916 0.00505505
v 0.15792237 0.12576056 0.00589002
v 0.14381158 0.11558245 0.00536839
v 0.18843144 -0.04310884 0.00671438
v 0.18860584 -0.05724669 0.00688443
v 0.2215984 -0.15801261 0.00889974
v 0.19893159 0.16490754 0.00745134
v 0.23126389 0.08632563 0.00738286
v 0.22789167 0.07453585 0.00726416
v 0.31666803 0.13661796 0.00932375
v 0.02586286 -0.17573658 0.00933882
v 0.1867222 -0.16395083 0.00809498
v 0.27637193 0.01396776 0.00884384
v 0.28621262 0.01789632 0.00903342
v 0.34601283 -0.04273225 0.01047863
v 0.03479423 -0.16554718 0.00826521
v 0.21791059 -0.13989986 0.00871842
v 0.08208294 -0.06602944 0.00385186
v 0.17202137 0.14686345 0.00657963
v 0.12238598 -0.00569572 0.00388897
v 0.17468046 -0.17596911 0.00796872
v 0.36299026 -0.03161344 0.01043959
v 0.37038732 -0.04175226 0.01042621
v 0.37137634 -0.03093219 0.01039581
v 0.32419544 -0.07442202 0.01054097
v 0.31452519 -0.06331642 0.01038405
v 0.1232489 -0.0960723 0.00485233
v 0.16822207 -0.07716878 0.00633639
v 0.15862723 -0.06715013 0.00581945
v 0.20566073 -0.14488077 0.00845048
v 0.20901205 -0.15357754 0.00858006
v 0.21489483 -0.14824322 0.00872628
v 0.20938496 -0.13871311 0.00850534
v 0.31165662 0.12828955 0.00923205
v 0.05911225 -0.14318171 0.00606964
v 0.04881645 -0.14953971 0.0068105
v 0.05854485 -0.15095393 0.00630216
v 0.3361811 -0.06039502 0.01054129
v 0.34230444 -0.05098145 0.01051008
v 0.33613455 -0.04199663 0.01043847
v 0.13257053 -0.10276154 0.00535537
v 0.32972103 -0.04355323 0.0104018
v 0.32965779 -0.05388887 0.01046305
v 0.02320088 0.06076252 0.00817191
v 0.03385721 0.06326878 0.00699577
v 0.3213335 -0.05208614 0.01038672
v 0.32378137 -0.06100474 0.01047033
v 0.18725559 -0.07071988 0.00700958
v 0.25213313 0.07982489 0.00791131
v 0.237966 0.07968663 0.00754676
v 0.15359791 -0.17604305 0.00744717
v 0.32982481 0.0462576 0.00964801
v 0.33998358 0.04791166 0.00977402
v 0.29729354 0.01176296 0.00934588
v 0.09492344 -0.1252127 0.00474481
v 0.03179007 -0.09027588 0.00712446
v 0.03421044 -0.08051626 0.0068052
v 0.01534113 0.06442147 0.00919011
v 0.24091141 -0.09873141 0.00911484
v 0.1766504 -0.06433076 0.00651036
v 0.3226561 -0.03868091 0.01029902
v 0.06228716 -0.07277776 0.00466171
v 0.14373791 -0.17595381 0.00716786
v 0.18216911 0.02188743 0.00593677
v 0.19404228 -0.07003439 0.00724816
v 0.10975752 0.14559048 0.00507308
v 0.11679667 0.13972881 0.00509842
v 0.11379217 0.14951786 0.00523219
v 0.14841725 -0.08425626 0.00564318
v 0.04648403 -0.07501988 0.0057326
v 0.0572235 0.11560133 0.00565854
v 0.08095652 -0.13767694 0.00517929
v 0.08981881 -0.14396326 0.00524725
v 0.32608151 0.12941206 0.00943586
v 0.3322514 0.12232136 0.00948047
v 0.32871532 0.0377337 0.00968634
v 0.33897096 0.03751682 0.00981262
v 0.17910856 -0.08214162 0.00684994
v 0.32431346 -0.02735251 0.01021591
v 0.33334172 -0.03050606 0.01032919
v 0.39084893 0.02068931 0.01014997
v 0.06986238 -0.15718494 0.00599125
v 0.06106575 -0.15982056 0.00641424
v 0.07074627 -0.16662121 0.00625059
v 0.37956446 -0.03688817 0.0103541
v 0.20695077 0.04411984 0.00666852
v 0.21987596 0.04017455 0.0070689
v 0.11566705 0.16509323 0.00558643
v 0.30350876 -0.09946433 0.01043241
v 0.20275012 -0.12433541 0.0081948
v 0.19248933 -0.12753251 0.00789293
v 0.37063175 0.0691352 0.00990085
v 0.0395664 0.10437036 0.00688011
v 0.0664802 -0.17432758 0.00668731
v 0.15312928 -0.09774558 0.00603155
v 0.15196055 -0.10665389 0.00616048
v 0.13472733 -0.17065649 0.00679155
v 0.2439862 -0.04103188 0.00858153
v 0.23850168 -0.04577163 0.00846656
v 0.07084784 0.13085055 0.00518616
v 0.20143746 -0.10873701 0.00799553
v 0.05459307 -0.17421976 0.00721647
v 0.05647297 -0.16827306 0.0069283
v 0.21883741 -0.04794819 0.00786413
v 0.21293783 -0.05483735 0.00773128
v 0.22345319 -0.06264567 0.00819636
v 0.02162581 0.11274576 0.00883525
v 0.28191799 -0.05795124 0.00977065
v 0.27349085 -0.05574828 0.00956181
v 0.27926341 -0.06837732 0.00979606
v 0.22791973 -0.04812017 0.00816411
v 0.23663107 -0.05387355 0.00851657
v 0.07422584 -0.11404864 0.0047676
v 0.27156228 0.06691863 0.00839029
v 0.07370871 0.14411482 0.00538642
v 0.06751829 0.14985177 0.00575195
v 0.11548601 -0.16741131 0.00615356
v 0.12228332 -0.17535754 0.00658245
v 0.1347385 -0.16345201 0.00668043
v 0.34233212 -0.00727703 0.01019061
v 0.34989876 -0.00568971 0.01023244
v 0.34689781 0.0025357 0.01015629
v 0.01348779 0.11335897 0.00988425
v 0.23344304 -0.06099065 0.00850051
v 0.34436536 0.01866254 0.01000895
v 0.34613678 0.03657888 0.00990355
v 0.03333758 0.1223627 0.00768866
v 0.01989179 0.11930391 0.00911629
v 0.03331056 0.12775426 0.00776251
v 0.04637848 0.12866327 0.00664041
v 0.04042986 0.13678721 0.00728895
v 0.32974303 -0.06872517 0.0105478
v 0.20172927 -0.08207077 0.00768286
v 0.20562279 -0.07066944 0.00768658
v 0.09098548 -0.08169787 0.00392518
v 0.34925795 0.02281481 0.01001886
v 0.3833642 0.04650956 0.01004681
v 0.29533815 -0.08991855 0.01027043
v 0.05980023 0.15471914 0.00624933
v 0.33631009 0.00113054 0.01006899
v 0.04314635 0.14291072 0.00715748
v 0.23935774 0.01473372 0.00785812
v 0.03596969 -0.12042326 0.00716886
v 0.04299729 -0.11761244 0.00655412
v 0.28381228 0.06095938 0.00869846
v 0.36446416 0.02874438 0.01008612
v 0.35788679 0.0367173 0.01000664
v 0.29961067 -0.02249402 0.00976885
v 0.22595473 0.01695765 0.00743466
v 0.37202123 0.03154235 0.01008868
v 0.38149667 0.02054942 0.01015728
v 0.38068378 0.03177769 0.01010545
v 0.37395397 0.01913305 0.01016389
v 0.16155307 -0.12354615 0.00681737
v 0.19061229 -0.08679624 0.00733821
v 0.3395105 0.01214571 0.00999952
v 0.29173064 -0.02697015 0.00966533
v 0.35720304 0.00924337 0.01016959
v 0.05617278 0.1636409 0.00666894
v 0.35417205 0.0773002 0.00977713
v 0.35160235 0.00856531 0.01014359
v 0.37987459 0.03979543 0.0100597
v 0.38998085 0.03279589 0.01012187
v 0.17265423 -0.12477392 0.007233
v 0.17838761 -0.11922048 0.00733531
v 0.16561404 -0.11352819 0.0067889
v 0.04158334 0.16580355 0.00778037
v 0.22774586 -0.07801993 0.00853058
v 0.23947489 -0.07662556 0.00885196
v 0.23230782 -0.06922562 0.0085606
v 0.04739517 -0.1277017 0.0064046
v 0.05401322 -0.12286472 0.00589601
v 0.26489645 -0.06400841 0.00942869
v 0.26633227 -0.04978921 0.00930258
v 0.16086641 -0.11595458 0.00665503
v 0.28259668 -0.04819861 0.00968047
v 0.33047286 0.00734943 0.0099405
v 0.35606796 0.00003491 0.01022569
v 0.10281346 -0.16069633 0.00576718
v 0.23154356 -0.10072099 0.00888025
v 0.22327961 -0.08906608 0.00849446
v 0.36586601 0.0008665 0.01025797
v 0.33412579 0.01880461 0.00989216
v 0.24747917 -0.07967111 0.00912116
v 0.24153388 -0.0873498 0.00903198
v 0.15454911 -0.1169637 0.00642568
v 0.29562327 0.05295324 0.00899359
v 0.31799385 -0.04109465 0.010268
v 0.31764394 -0.02795674 0.01013578
v 0.20213854 -0.13309804 0.00824998
v 0.24418429 -0.05681529 0.0087661
v 0.36142427 -0.00845905 0.01030204
v 0.14350043 -0.16733164 0.00697748
v 0.15222807 -0.1680437 0.00720766
v 0.14693166 -0.15912758 0.00695684
v 0.17913558 -0.14706665 0.00775911
v 0.37013483 -0.00795148 0.01032369
v 0.30223984 -0.0004762 0.0095537
v 0.29358286 0.00045109 0.00937788
v 0.23864257 -0.11500148 0.00917609
v 0.1155602 -0.09157895 0.00447806
v 0.29900554 -0.07416235 0.0102347
v 0.25735268 -0.08417685 0.00941152
v 0.27101177 -0.09967075 0.00987633
v 0.26253551 -0.08220363 0.00953881
v 0.38887599 0.01091468 0.01017686
v 0.17924173 -0.0359867 0.00629526
v 0.14960814 -0.07144561 0.0055
v 0.31322527 0.0503009 0.00935901
v 0.34865737 -0.01839544 0.01032806
v 0.35103652 -0.0319608 0.01043539
v 0.35926175 -0.02473493 0.01039164
v 0.17577992 -0.15744495 0.00774338
v 0.16939759 -0.16441968 0.00765186
v 0.36446375 0.04168695 0.01001529
v 0.37282485 0.03949368 0.01005294
v 0.21798919 -0.07115902 0.00812186
v 0.0222745 -0.09354836 0.00816767
v 0.27735642 -0.09842777 0.00998585
v 0.26979786 -0.08371355 0.00971553
v 0.26164919 -0.09786877 0.00965223
v 0.3250531 0.02803957 0.00968533
v 0.07257134 -0.13333522 0.0052827
v 0.20852688 -0.17577055 0.00874951
v 0.26129186 -0.13279891 0.00983118
v 0.26995313 -0.15563008 0.01000522
v 0.33453488 0.02828732 0.00982845
v 0.35151219 -0.07750385 0.01059651
v 0.20801215 -0.04069049 0.00740105
v 0.03079647 -0.17314132 0.00890257
v 0.03818612 -0.17199489 0.00824559
v 0.14387938 -0.07357095 0.0052934
v 0.21713667 -0.16375004 0.00885543
v 0.38880658 -0.03199619 0.01027482
v 0.36515188 -0.06025806 0.01049455
v 0.20999208 -0.1613616 0.00868079
v 0.21561897 -0.16910145 0.00881507
v 0.30267096 -0.08917066 0.01038199
v 0.19838375 -0.0632826 0.00732467
v 0.20394728 -0.16300271 0.00852086
v 0.36416984 0.07804168 0.00983279
v 0.28783375 -0.08541166 0.0101026
v 0.046324 -0.16564299 0.00741784
v 0.22877486 -0.1216064 0.00894481
v 0.13784622 -0.11339401 0.00575053
v 0.19635181 -0.15944113 0.00833913
v 0.28987545 -0.0759626 0.01008227
v 0.11102693 -0.12356411 0.00498083
v 0.10039115 -0.11665932 0.00455949
v 0.27762675 -0.08464336 0.00989984
v 0.21233398 -0.13015489 0.00851692
v 0.37564802 -0.00135776 0.01027817
v 0.33933717 -0.02903461 0.01035517
v 0.05093269 -0.15798509 0.00687412
v 0.26370656 -0.00267184 0.00869743
v 0.27170101 -0.01217802 0.00902484
v 0.27481681 -0.00409022 0.00898974
v 0.33407846 -0.00671481 0.0101056
v 0.33979279 -0.01677322 0.01025997
v 0.10453147 -0.12300397 0.00479046
v 0.21571001 -0.07880541 0.00813054
v 0.30999142 -0.00194204 0.00971587
v 0.16614214 -0.10553762 0.00668089
v 0.08006838 -0.17606196 0.0062802
v 0.08111286 -0.16742361 0.00601303
v 0.29246914 -0.01460481 0.00952886
v 0.28051484 -0.01731965 0.00930288
v 0.27484095 -0.02218091 0.0092145
v 0.13740371 -0.13346496 0.0061506
v 0.26483789 -0.0157976 0.00887645
v 0.17792809 -0.09063114 0.00690342
v 0.1414554 -0.10818122 0.00579206
v 0.09901509 -0.15335794 0.00550412
v 0.35090455 0.03922155 0.00993406
v 0.27591255 -0.15678883 0.01010782
v 0.25310597 -0.0330409 0.00875096
v 0.28145212 0.00361241 0.00908164
v 0.25817573 -0.0153567 0.00868163
v 0.3051855 0.01850824 0.00941693
v 0.28023103 -0.16610926 0.0103048
v 0.32800889 0.05608258 0.00957013
v 0.28528246 -0.00693092 0.00928067
v 0.09037857 -0.11532902 0.0045179
v 0.04900314 -0.00379673 0.00536257
v 0.1116906 -0.10304028 0.00456582
v 0.23056284 -0.13725577 0.00906401
v 0.1689799 -0.14106819 0.00735126
v 0.32130414 0.04196107 0.00952875
v 0.03574977 -0.15089437 0.0077889
v 0.27165765 -0.07039608 0.00964285
v 0.24838328 -0.10049155 0.0093355
v 0.25705528 -0.10302209 0.0095743
v 0.22801614 0.00904545 0.00755106
v 0.03084843 -0.13001101 0.00779051
v 0.10973617 -0.10885107 0.00459105
v 0.09527052 0.17138673 0.00562349
v 0.25358465 -0.00169274 0.00839589
v 0.14350626 -0.04073846 0.00488504
v 0.14767666 -0.04906914 0.00514041
v 0.1923178 -0.01039526 0.00653668
v 0.30050707 -0.11647172 0.01047424
v 0.26958212 -0.13639933 0.01000953
v 0.18313874 0.153981 0.00694569
v 0.2079874 0.01169956 0.00687321
v 0.08332893 -0.11704197 0.00463225
v 0.02218185 0.16525069 0.00956579
v 0.22729005 0.02936995 0.00737442
v 0.20104563 0.03698926 0.00649229
v 0.10775869 -0.03469258 0.00357004
v 0.07355653 -0.06247817 0.00406676
v 0.30243295 0.04723761 0.00915474
v 0.10261101 -0.01955056 0.00343253
v 0.36883181 -0.01642312 0.01035078
v 0.36220604 -0.01701194 0.01036329
v 0.09192829 -0.02020247 0.00344367
v 0.1762902 0.04415182 0.00569479
v 0.07842276 0.13559344 0.00503727
v 0.10162058 -0.08446041 0.0040525
v 0.02824536 -0.06250563 0.00730684
v 0.23785225 0.02533839 0.00772313
v 0.07302172 0.11310199 0.00475957
v 0.07252464 0.12308939 0.00495929
v 0.24932238 0.10891384 0.00795448
v 0.25843465 0.10938232 0.00817857
v 0.02615435 0.0739236 0.00792507
v 0.02519576 0.08166476 0.00810481
v 0.15674832 0.18011965 0.00515473
v 0.0124859 -0.09614633 0.0093372
v 0.02804099 0.06814073 0.00767092
v 0.01865034 0.06954077 0.00881629
v 0.07165184 0.10399041 0.00469797
v 0.03823078 0.07009402 0.00661862
v 0.26021132 0.14474721 -0.00277314
v 0.25997919 0.14519395 -0.00271968
v 0.19129391 0.15673205 0.00716924
v 0.17877212 0.10300475 0.0061097
v 0.21710698 0.16686429 0.00784746
v 0.25868854 0.17220762 0.00872889
v 0.01960554 -0.0015864 0.00836804
v 0.35256773 -0.01384477 0.01031556
v 0.13313793 0.16119543 0.00590707
v 0.13315721 0.10512063 0.00489274
v 0.15401095 0.17923555 0.00596307
v 0.25109708 0.09064379 0.0079157
v 0.23334055 0.1385842 0.00786668
v 0.07016559 0.0177144 0.00407609
v 0.25977093 0.14565165 -0.00260316
v 0.08158578 -0.01184133 0.003624
v 0.16636391 0.04846454 0.00537657
v 0.08596855 -0.00760491 0.00352677
v 0.07614342 -0.036404 0.00383185
v 0.25237513 -0.09045688 0.0093551
v 0.04877875 0.02856932 0.00551314
v 0.15188937 0.00370249 0.00490485
v 0.21182486 -0.10860958 0.00833249
v 0.17943433 -0.12672472 0.00746645
v 0.24595347 -0.06832533 0.0089656
v 0.23523402 -0.08975083 0.00886251
v 0.27954379 -0.17015946 0.00986978
v 0.28989613 -0.16669498 0.0099718
v 0.2759673 -0.17243592 0.0089424
v 0.27323908 -0.17159875 0.00988879
v 0.26170725 -0.17680931 0.00668387
v 0.26761183 -0.17566562 0.0060853
v 0.26837495 -0.17489213 0.00802149
v 0.26402342 -0.17310001 0.00992271
v 0.26809597 -0.17298383 0.00975629
v 0.23995896 -0.1797234 0.00544363
v 0.24773067 -0.1788229 0.00674903
v 0.24259427 -0.17919457 0.00687556
v 0.23728232 -0.17586543 0.00939365
v 0.24116114 -0.17752548 0.00903733
v 0.22301525 -0.17999879 0.00600376
v 0.22581139 -0.17572731 0.00911409
v 0.21807803 -0.17623036 0.00896429
v 0.22219005 -0.17771883 0.00873923
v 0.16830954 0.18035355 0.00512597
v 0.1761383 0.18062747 0.00449018
v 0.20026606 -0.17987287 0.00553117
v 0.2103969 -0.17995636 0.00566762
v 0.20646748 -0.1794053 0.00710815
v 0.20031422 0.17522478 0.0076556
v 0.20631044 0.17831799 0.00752498
v 0.19896972 -0.17798842 0.00809525
v 0.19248635 -0.17909254 0.00719666
v 0.1997264 -0.17934211 0.00689342
v 0.23446414 0.1806688 0.00473915
v 0.24084164 0.18023127 0.00548657
v 0.1846891 0.18071541 0.00390092
v 0.18058233 -0.17983788 0.00540183
v 0.18435907 0.18004076 0.0058915
v 0.18162413 0.17795298 0.00706197
v 0.17016974 0.17828375 0.00676624
v 0.18091756 -0.17621773 0.00810936
v 0.18457933 -0.17737889 0.00801037
v 0.20088381 0.1795456 0.00675433
v 0.21366447 0.17955537 0.00699339
v 0.19532633 0.1776391 0.00741877
v 0.14877589 -0.17998633 0.00372243
v 0.14799207 -0.17943461 0.00560044
v 0.15413439 -0.17896575 0.00632291
v 0.14797828 -0.17817938 0.00678861
v 0.02289542 0.17461115 0.00972537
v 0.13251343 -0.17888583 0.00598348
v 0.1374653 -0.17940338 0.00555228
v 0.13786486 -0.17752492 0.00678793
v 0.02879641 0.17894796 0.0082649
v 0.02329931 0.17964059 0.00824039
v 0.02476023 0.1776865 0.00919503
v 0.12954296 -0.17664386 0.00679209
v 0.12683572 -0.17916711 0.00561299
v 0.11873876 -0.180218 0.00358195
v 0.11213161 -0.18030664 0.00318155
v 0.19467494 0.18026304 0.00574404
v 0.20588987 0.18039803 0.00562881
v 0.19778116 0.18072797 0.0039384
v 0.10016874 -0.18030381 0.00312841
v 0.12243091 0.18024129 0.00443602
v 0.12665269 0.17852816 0.00579941
v 0.13458088 0.18024594 0.00460355
v 0.05815937 0.17920688 0.00610058
v 0.04810317 0.17895947 0.0068606
v 0.04952835 0.17623577 0.00740762
v 0.05715016 0.17743912 0.00675963
v 0.09440986 -0.17905106 0.00511585
v 0.09960108 -0.176945 0.00606371
v 0.08991192 -0.17760696 0.00584482
v 0.21278331 0.18061534 0.00536613
v 0.08570323 -0.18011956 0.00350403
v 0.09310944 -0.18024036 0.00318625
v 0.08788854 -0.17921455 0.00501625
v 0.05323413 0.17435589 0.00724184
v 0.04561454 0.17283288 0.00771776
v 0.2578907 -0.17689915 0.00799044
v 0.26464379 -0.17514926 0.00886323
v 0.25408679 -0.17606109 0.00931253
v 0.0608383 0.17652479 0.00672463
v 0.06562264 0.17872016 0.00599026
v 0.07624571 -0.17999831 0.00375736
v 0.05908112 0.16738984 0.00666011
v 0.07026304 0.17749967 0.00615663
v 0.0726664 0.18008482 0.00462814
v 0.1917164 0.1791572 0.00679706
v 0.06137646 -0.1790458 0.00575434
v 0.06555652 -0.18008474 0.00365357
v 0.06821029 -0.17899114 0.005615
v 0.06765821 -0.17753866 0.00639064
v 0.21366879 0.17724451 0.00781397
v 0.22586183 0.17829219 0.00782623
v 0.22272691 0.18005681 0.00674675
v 0.22507633 0.18066388 0.00530953
v 0.21820801 0.18075283 0.00455792
v 0.23368363 0.17971638 0.00708665
v 0.23626857 0.17825097 0.00796077
v 0.13416237 0.18070737 0.00330083
v 0.04261741 -0.17778434 0.00754765
v 0.03663559 -0.1760104 0.00835502
v 0.25307465 -0.17488208 0.00966569
v 0.23337831 0.17565586 0.00827152
v 0.24610583 0.17683075 0.00829309
v 0.25045678 -0.17772172 0.00824976
v 0.25053543 -0.17545189 0.00960838
v 0.28887683 -0.16826235 0.009148
v 0.24483447 0.17404996 0.00849569
v 0.02368158 -0.17975247 0.00625661
v 0.03484728 -0.17978078 0.00571539
v 0.02927352 -0.17929006 0.00732582
v 0.10567462 0.17649227 0.00564701
v 0.25965589 0.17789915 0.00543307
v 0.13495287 0.17645545 0.00629367
v 0.26502851 0.17547444 0.00796665
v 0.26480201 0.17390081 0.0086168
v 0.27084687 0.17470719 0.0075717
v 0.13565871 0.17913315 0.00568083
v 0.27553242 0.17204957 0.00857514
v 0.2798745 0.17264856 0.00700908
v 0.27147582 0.17540282 0.00520376
v 0.24485369 -0.17762363 0.0088739
v 0.30475208 0.15838203 0.0092971
v 0.29425061 0.16482614 0.00898748
v 0.30051762 0.1630169 0.00889695
v 0.11670367 0.17774181 0.00573754
v 0.11713949 0.17959867 0.00496226
v 0.12233433 0.18079513 0.0029942
v 0.15731232 0.18068804 0.00351853
v 0.11284854 0.18077962 0.00319386
v 0.29247889 0.16797091 0.00769029
v 0.29607871 0.16729973 0.00536594
v 0.28889996 0.16996457 0.00614076
v 0.1034137 0.18091109 0.00225607
v 0.09940939 0.17963472 0.00463269
v 0.09206489 0.17957935 0.00486923
v 0.10282022 0.17824477 0.00534122
v 0.29910731 0.16543286 0.00749561
v 0.30586144 0.16245709 0.0072027
v 0.30370432 0.16388163 0.00599857
v 0.23506409 -0.17949083 0.00725506
v 0.23597667 -0.17843078 0.00843954
v 0.06912256 0.16818914 0.00617089
v 0.07435245 0.17234492 0.00611026
v 0.08314143 0.18089825 0.0021908
v 0.08064353 0.17770873 0.00575152
v 0.07218371 0.18087389 0.00229307
v 0.05282982 0.18044221 0.00473102
v 0.04455002 0.18034022 0.00535076
v 0.04641305 0.18070102 -0.00113195
v 0.04402999 0.17835519 0.00739512
v 0.22350608 0.17681754 0.00804814
v 0.24077719 0.17921504 0.00741628
v 0.02790694 0.18013357 0.00673413
v 0.02537087 0.18050778 0.00530762
v 0.24842061 0.17951372 0.00541793
v 0.29048705 -0.16870852 0.00713248
v 0.28333098 -0.17122361 0.00709826
v 0.25658667 0.17770785 0.00728142
v 0.24766141 0.17881209 0.00730655
v 0.25521827 0.17647788 0.00823933
v 0.30980846 0.15823162 0.00901158
v 0.30698165 0.16110879 0.00829624
v 0.26493233 0.17666888 0.00641371
v 0.23237157 -0.17683008 0.0092209
v 0.21687688 -0.17975605 0.00670019
v 0.2829679 0.16890389 0.00888354
v 0.21009319 -0.17855003 0.00803783
v 0.21462047 -0.17834781 0.00831209
v 0.21155041 -0.17697152 0.00876701
v 0.22229876 -0.17889833 0.00807135
v 0.20585582 -0.17789292 0.00833623
v 0.16889895 -0.17860872 0.00717416
v 0.17392474 -0.17856456 0.00716112
v 0.02230817 -0.17786637 0.00911511
v 0.16447803 -0.17613436 0.00771487
v 0.16333282 -0.1791229 0.00638569
v 0.16220778 -0.17782296 0.00726281
v 0.15609832 -0.17976235 0.00524928
v 0.13653813 -0.18009433 0.00306135
v 0.14278191 -0.17960547 0.00543895
v 0.13179854 -0.17996462 0.00409526
v 0.14532094 0.18066308 0.00342279
v 0.05094787 -0.17897467 0.00639877
v 0.04614304 -0.17892855 0.00666783
v 0.11815596 -0.17737634 0.00626579
v 0.11996383 -0.17932864 0.00525973
v 0.04642395 -0.17997393 0.00437508
v 0.05423313 -0.18011771 0.00329625
v 0.05522487 -0.17949066 0.00551328
v 0.11196186 -0.17879458 0.00552762
v 0.11426909 -0.17989767 0.00442865
v 0.1052203 0.17996258 0.00440977
v 0.0747668 -0.17725286 0.00625956
v 0.0950186 0.18067937 0.00310341
v 0.08807626 0.18069458 0.00320536
v 0.08582025 0.17954731 0.00478334
v 0.08146648 0.1735135 0.00590744
v 0.0749094 0.17896488 0.00550164
v 0.08093973 0.18018055 0.00439896
v 0.08092192 -0.17950258 0.0047248
v 0.0753381 -0.1790652 0.00533599
v 0.06870553 0.18043652 0.00413225
v 0.06123596 0.18073899 0.00315736
v 0.05225 0.17940955 0.00623658
v 0.04659473 0.18055546 -0.00127958
v 0.04678888 0.18038523 -0.00141959
v 0.0384962 0.17813879 0.00788854
v 0.03919631 0.17984602 0.00663061
v 0.10752964 -0.17800678 0.00581918
v 0.03461787 0.18030804 0.00611685
v 0.03952701 0.17569721 0.00820398
v 0.17755435 -0.17851484 0.00748052
v 0.18737724 -0.17987746 0.00530452
v 0.18339324 -0.17897342 0.00719162
v 0.18756753 -0.17876437 0.00740217
v 0.27321365 -0.17407471 0.00742812
v 0.27649575 -0.16921678 0.01021872
v 0.20489739 -0.17596269 0.00871597
v 0.22806951 -0.17984214 0.00635404
v 0.22919783 -0.17923827 0.00769767
v 0.22940594 -0.17795759 0.00869427
v 0.20046593 -0.17650273 0.00859327
v 0.17199644 -0.17982255 0.00527999
v 0.03089022 -0.17832099 0.00822994
v 0.10723907 -0.18001631 0.00407915
v 0.10146289 -0.17933993 0.00494247
v 0.05582373 -0.17730477 0.00695416
v 0.25202078 -0.17840844 0.00614648
v 0.0235155 -0.17924811 0.00770211
v 0.12409355 -0.18005016 0.00390381
v 0.06489965 0.17342265 0.00653838
v 0.08646466 0.17683446 0.00573415
v 0.09370635 0.17608392 0.00568324
v 0.03136192 0.17419845 0.00888784
v 0.2869834 0.1694098 0.00819934
v 0.14599912 0.17983569 0.00542742
v 0.177182 0.17961422 0.00617821
v 0.0615236 0.18015158 0.00496969
v 0.04103074 -0.17919715 0.00661043
v 0.27646038 -0.17321458 0.00730243
v 0.16221802 -0.17987257 0.00491964
v 0.03582248 -0.17887226 0.00735578
v 0.00235294 0.02585524 0.01088131
v 0.00546696 0.0220621 0.0103994
v 0.00950023 0.17338039 0.01128769
v 0.00318085 0.16733897 0.0119734
v 0.00453955 0.03701847 0.01061456
v 0.01276769 0.16122779 0.01057118
v 0.0127262 0.13761517 0.01027167
v 0.00458839 0.13105282 0.0113556
v -0.00201606 0.03306338 0.01154135
v 0.01979298 0.13955811 0.00940685
v 0.00197005 0.05113967 0.01105948
v 0.00981459 0.13013944 0.01058101
v 0.0166353 0.12570238 0.00962253
v 0.00535928 0.06585293 0.01064598
v 0.00063575 0.09883075 0.01160814
v 0.00227185 0.09278701 0.01130246
v 0.00576079 0.07792583 0.01068921
v 0.01529296 -0.16610943 0.01008228
v 0.01781826 -0.1618067 0.00968754
v 0.00891264 0.12363027 0.01062814
v 0.0149612 0.15063091 0.01011469
v 0.01174817 0.1574178 0.01063552
v 0.00586372 0.01313631 0.01030078
v 0.00947236 -0.11184459 0.00992912
v 0.00668897 -0.09722826 0.0101517
v 0.00112291 -0.08758621 0.0108586
v 0.01289942 -0.14343604 0.00989798
v 0.00806584 -0.12398471 0.01026468
v 0.00225 -0.13852535 0.01123623
v 0.00680507 -0.13559715 0.01055624
v 0.0008707 -0.07065478 0.01084656
v 0.01501153 -0.12809689 0.00942696
v 0.00745538 -0.05057699 0.00986607
v -0.00009212 -0.04029099 0.01097043
v 0.00734216 -0.03364728 0.00986621
v 0.01512104 -0.15433174 0.00985047
v 0.00509162 -0.01887524 0.01024475
v 0.0054647 -0.16075009 0.0111889
v 0.0137984 -0.17550822 0.01050232
v 0.02730377 0.13944907 0.00856657
v 0.01303718 -0.10452159 0.00934257
v 0.00588078 0.16250153 0.01150017
v 0.00433885 0.15793936 0.01169178
v -0.00003055 -0.02658659 0.01093835
v 0.00077545 -0.07744615 0.01087619
v 0.01375771 0.1445075 0.01021641
v -0.00107297 0.01076941 0.01129286
v 0.00447776 -0.04243511 0.00525216
v 0.00406887 -0.00180546 0.00555755
v 0.00420031 -0.02566583 0.00541231
v 0.00286464 0.10289942 0.00710455
v 0.00380418 0.13041924 0.01089958
v 0.00552281 0.13043132 0.00998103
v 0.0070292 0.13044757 0.00874487
v 0.00826547 0.13046736 0.00723861
v 0.0091841 0.13048996 0.00552013
v -0.00066917 0.1598841 0.01239701
v -0.00469614 0.16365096 0.01306105
v -0.00426463 0.15427539 0.01282845
v -0.00398573 0.15765074 0.0127975
v -0.00413865 0.13962838 0.01256867
v 0.00073823 0.13659742 0.01195393
v -0.00396742 0.14286369 0.01267632
v 0.00403365 0.14423172 0.0115854
v -0.00370388 0.1303661 0.01244581
v -0.0040172 0.12581202 0.01257994
v 0.00141611 0.12355214 0.01174673
v -0.00386879 0.11962543 0.0125118
v -0.00106706 -0.00339681 0.01131536
v -0.00104048 0.00448139 0.01123486
v 0.01475309 -0.17968842 0.00714099
v 0.0032548 -0.17580931 0.01147472
v 0.00593547 -0.17866741 0.00986105
v 0.00821949 -0.17774385 0.01058882
v 0.00848591 -0.17156062 0.0110849
v 0.00295793 -0.16520557 0.01156947
v 0.00308003 -0.1696676 0.01165833
v 0.00144042 -0.10451342 0.01096108
v 0.00160581 -0.1072886 0.01093961
v -0.00462577 0.16132829 0.01300899
v 0.00160322 -0.09324114 0.01079689
v -0.00047557 0.17445412 0.01220722
v 0.0015083 0.17649288 0.01160461
v 0.00134207 0.17883706 0.0090817
v 0.00402878 0.17893094 0.009821
v 0.00169823 -0.11780275 0.01110049
v 0.00197389 -0.12676606 0.01116615
v 0.00059912 -0.06098048 0.01088821
v 0.00068643 -0.05796362 0.01085729
v 0.00845815 -0.15525371 0.01073208
v 0.00246527 -0.14678946 0.01135205
v 0.00573558 -0.15703018 0.01111443
v 0.0002739 -0.05383927 0.01090499
v -0.00022724 -0.01832128 0.01102932
v 0.0034189 -0.17861338 0.00892133
v 0.00746273 -0.17955513 0.00808738
v 0.01528665 -0.17904815 0.0087846
v 0.00815947 -0.17594707 0.0110737
v -0.00344387 0.11310598 0.01228883
v -0.0033461 0.1230889 0.01239745
v -0.00387612 0.13437729 0.01253223
v -0.00404309 0.13701166 0.01261923
v 0.00138279 0.15009391 0.01202791
v 0.00132692 0.1551404 0.01211379
v -0.00412468 0.14844893 0.01274845
v -0.00501173 0.17197852 0.01221361
v -0.00492573 0.16928032 0.01296211
v -0.00286668 0.17531909 0.01159755
v 0.00274873 -0.15834914 0.01153788
v -0.00334342 0.14580351 0.01260043
v -0.00061148 0.17701806 0.01036603
v 0.00072235 0.17839631 0.00999792
v -0.0049726 0.16682301 0.01304115
v 0.0011967 -0.09625499 0.01090103
v 0.00125707 -0.08124815 0.01083516
v 0.00138918 -0.10049767 0.0109295
v -0.00092543 -0.0085237 0.01120138
v 0.00160365 -0.1028917 0.00882265
v 0 0.1304093 0.01165621
v 0.00193935 0.1304118 0.01146522
v -0.00243201 0.04607128 0.01171662
v -0.00172045 0.02080441 0.01147713
v -0.00334314 0.10712286 0.01221663
v -0.00326956 0.11055905 0.01228287
v -0.00224591 0.06231185 0.01172146
v -0.00321392 0.08907843 0.01203983
v -0.00365335 0.10075703 0.01224868
v -0.00185645 0.07738292 0.01179058
v -0.00139152 0.09466495 0.01043038
v -0.00259923 0.07280366 0.01190181
v -0.00291695 0.08191742 0.01194809
v -0.00333733 0.10321248 0.01214835
v -0.00233041 0.05918602 0.01176761
v -0.00222126 0.06695452 0.01156876
v -0.00322645 0.08585459 0.01205877
v -0.002643 0.07009508 0.01177226
v 0.00085754 0.02819699 0.00944395
v 0.0021723 0.07979859 0.00787455
v 0.00178535 0.06555425 0.0083144
v 0.00186151 0.06835617 0.00822781
v 0.00188686 0.06929019 0.00819895
v 0.00181074 0.06648822 0.00828554
v 0.00133225 0.04893477 0.00882992
v 0.30415976 -0.15806276 0.01059959
v 0.29827985 -0.15844744 0.01051529
v 0.36989543 -0.10616869 0.01031599
v 0.37474179 -0.09646091 0.01056421
v 0.37034428 -0.10150884 0.01060762
v 0.33709085 -0.13683303 0.0107303
v 0.38724419 -0.0722449 0.0104682
v 0.39257637 -0.06062469 0.01040269
v 0.39811265 -0.04633057 0.01028116
v 0.3994827 -0.02796286 0.01031494
v 0.39484179 -0.01696908 0.01026805
v 0.32071465 -0.14062777 0.01060357
v 0.39579228 -0.00365277 0.01025834
v 0.4001767 0.00391088 0.01027268
v 0.39557993 0.00961843 0.01020069
v 0.40236947 0.01532458 0.01024622
v 0.39943421 0.02844773 0.0102185
v 0.39225334 0.05115688 0.01015968
v 0.38459685 0.07209325 0.01009684
v 0.38001165 -0.08737789 0.01051369
v 0.37312245 0.08052225 0.00991004
v 0.37206754 0.08823114 0.00991801
v 0.36406279 0.09465924 0.00984201
v 0.35859221 0.11460442 0.00983386
v 0.35653231 0.10185415 0.00974248
v 0.35412174 0.12084308 0.00979243
v 0.36353114 -0.09445241 0.01052685
v 0.31039423 0.15307768 0.00938912
v 0.34350774 0.12776712 0.00970355
v 0.33190569 0.13226077 0.00952144
v 0.33797935 0.1370258 0.00959487
v 0.34951162 -0.12786953 0.01070456
v 0.35585302 -0.11847305 0.01070888
v 0.32792741 0.14189965 0.00956764
v 0.31680566 0.14876707 0.00944111
v 0.3444021 -0.13166124 0.01071715
v 0.3064636 -0.14827704 0.01051661
v 0.32946792 -0.14381528 0.01072155
v 0.36372697 -0.11179949 0.0106377
v 0.35071057 -0.11083452 0.01060647
v 0.36817175 -0.08939046 0.01051832
v 0.40268356 -0.01044044 0.01025951
v 0.3959114 0.01619424 0.01021325
v 0.38295242 0.05457458 0.01004013
v 0.31277794 -0.15419587 0.01062058
v 0.31812373 -0.1506345 0.01068615
v 0.39043123 -0.04213114 0.01032321
v 0.39373824 0.03835447 0.01017625
v 0.38628107 0.06389716 0.01009547
v 0.32339144 -0.15303357 0.00209687
v 0.34088126 -0.13983862 0.0078885
v 0.34847775 -0.13345802 0.00720525
v 0.35556087 -0.12718618 0.00216256
v 0.36062986 -0.12127516 0.00764087
v 0.36251175 -0.11982781 0.00233214
v 0.36526543 -0.11530411 0.00868954
v 0.36047482 -0.11997737 0.00947831
v 0.36899558 -0.11152935 0.00689589
v 0.37151125 -0.10742882 0.00851563
v 0.37634683 -0.10152194 0.00698142
v 0.30533552 -0.15975678 0.01032271
v 0.37766176 -0.09836304 0.00880818
v 0.37096989 -0.10698164 0.00951242
v 0.37580699 -0.09885788 0.00998395
v 0.29562074 -0.163205 0.01041407
v 0.3893047 -0.07773001 0.00884857
v 0.38626301 -0.08500902 0.0072359
v 0.38985553 -0.07828633 0.0065188
v 0.39241487 -0.07244554 0.0071072
v 0.38616842 -0.07800207 0.01039704
v 0.39196143 -0.07085611 0.00935714
v 0.39508301 -0.0656603 0.00766511
v 0.39355481 -0.06532577 0.00978815
v 0.39678812 -0.06228995 0.00599074
v 0.39687485 -0.06010614 0.00842856
v 0.39830223 -0.05744864 0.00713196
v 0.39646623 -0.05568278 0.00998785
v 0.39775258 -0.0554336 0.00923658
v 0.40014595 -0.05042073 0.00816398
v 0.40174046 -0.04603453 0.00709818
v 0.39968121 -0.04848549 0.00938402
v 0.40124342 -0.04374726 0.00921726
v 0.40302384 -0.03885557 0.00839497
v 0.40324509 -0.03380376 0.009307
v 0.40106481 -0.03626449 0.01013556
v 0.40474308 -0.02721977 0.0091632
v 0.40234876 -0.02621649 0.01021143
v 0.40507251 -0.014924 0.00984277
v 0.40777206 -0.00887755 0.0064128
v 0.40703821 -0.00899796 0.00863248
v 0.40794307 -0.01167832 0.00647303
v 0.40817136 -0.0029164 0.00724158
v 0.40844876 -0.00558265 0.0072401
v 0.40675098 -0.00446877 0.00907539
v 0.40513074 0.01512739 0.00979615
v 0.40744805 0.01144852 0.00777104
v 0.4070093 0.01864085 0.00766961
v 0.40680751 0.02106963 0.00693274
v 0.40527779 0.02043284 0.00937408
v 0.40302792 0.02521256 0.01001602
v 0.40629685 0.02387564 0.0079083
v 0.40378088 0.02819006 0.00962863
v 0.40558708 0.02912237 0.00789081
v 0.40501893 0.03092712 0.00828525
v 0.4051649 0.03199324 0.00683915
v 0.40416521 0.0333641 0.00869466
v 0.40510035 0.03154658 0.00797284
v 0.40512621 0.03231664 0.00769444
v 0.40483087 0.03331949 0.00794579
v 0.40067905 0.03556138 0.01013503
v 0.40467608 0.03381601 0.00806746
v 0.40385407 0.03728919 0.00818056
v 0.40451592 0.034309 0.00818614
v 0.40432677 0.03478234 0.00828857
v 0.40115753 0.03911844 0.00985507
v 0.4029884 0.04090318 0.00825693
v 0.40083489 0.04338865 0.00947691
v 0.40179747 0.04718758 0.00789582
v 0.39762697 0.04898673 0.01004369
v 0.39948201 0.04951988 0.00935092
v 0.40114608 0.04888986 0.00775408
v 0.39977583 0.05349082 0.00775359
v 0.3984513 0.05675903 0.00832255
v 0.3954806 0.05936189 0.00971194
v 0.39202172 0.06270368 0.01006457
v 0.39695653 0.06162977 0.00830003
v 0.39609861 0.063858 0.00778246
v 0.39515784 0.06369884 0.0090038
v 0.39073515 0.07003641 0.00983518
v 0.39383143 0.06870769 0.00858576
v 0.29731539 -0.16458338 0.00964747
v 0.39160183 0.07431355 0.00842394
v 0.38979009 0.07586589 0.00914111
v 0.38954046 0.07901347 0.00820916
v 0.38647014 0.07917428 0.00980681
v 0.38296071 0.07994403 0.01003617
v 0.3871012 0.08306767 0.00858581
v 0.38406312 0.0867428 0.00926382
v 0.38014367 0.08985511 0.00990417
v 0.38296309 0.09079371 0.0084855
v 0.38078654 0.0945154 0.00829684
v 0.37965363 0.09367564 0.00939192
v 0.37606442 0.09698971 0.00978513
v 0.37788486 0.09930111 0.00826081
v 0.37443817 0.10250354 0.0090487
v 0.37597814 0.1019899 0.00821487
v 0.37039205 0.09871504 0.00992087
v 0.37108719 0.10409709 0.00974503
v 0.37084055 0.10888535 0.00827635
v 0.36776888 0.11104805 0.00920106
v 0.36515865 0.10854427 0.00988029
v 0.3627404 0.11515009 0.00962188
v 0.36327535 0.11820129 0.0083734
v 0.35990104 0.12083098 0.00897808
v 0.35218051 0.12605728 0.00961119
v 0.35429713 0.12695636 0.00884495
v 0.35039708 0.12999195 0.00908895
v 0.35467002 0.12788931 0.0078283
v 0.34588248 0.1330047 0.00938295
v 0.35725781 -0.12111694 0.01044071
v 0.34027231 0.1399152 0.00853696
v 0.34779802 0.13430205 0.00781373
v 0.34232959 0.13922082 0.00731135
v 0.3328588 0.14374018 0.00923061
v 0.33102727 0.14651024 0.0086303
v 0.33520973 0.14455724 0.00767671
v 0.31823742 0.15243366 0.00929877
v 0.32438359 0.15003273 0.00902016
v 0.32752723 0.14999636 0.00768578
v 0.31893107 0.15480822 0.008292
v 0.31637084 0.15698971 0.0072126
v 0.32972112 -0.14818852 0.00775766
v 0.33563662 -0.14392361 0.00762253
v 0.32055485 -0.154799 0.00186365
v 0.33294633 -0.14488462 0.00936313
v 0.34164184 -0.13724954 0.01005779
v 0.33795258 -0.13939869 0.01035117
v 0.32611957 -0.14855814 0.01013369
v 0.3545458 -0.12839946 0.0018381
v 0.30382615 -0.16371498 0.00205863
v 0.30703592 -0.16155779 0.00740794
v 0.30178469 -0.16405594 0.00687625
v 0.29602492 -0.16659023 0.00730585
v 0.40797985 -0.01349168 0.00658912
v 0.40790349 -0.01435262 0.00626586
v 0.40673631 -0.01175848 0.00865991
v 0.4078908 0.00305985 0.00727208
v 0.40803355 -0.00013423 0.00729043
v 0.40675139 0.00237931 0.0090076
v 0.40794754 0.00515291 0.00746643
v 0.40462831 0.00449961 0.01008601
v 0.40543973 -0.00512686 0.00990462
v 0.32479811 -0.15144119 0.00797205
v 0.34819001 -0.13264284 0.0092688
v 0.31824064 -0.15612531 0.00188084
v 0.31701344 -0.15630232 0.00735832
v 0.35349959 -0.128729 0.00697955
v 0.36456525 -0.11754821 0.00227265
v 0.31544995 -0.1548678 0.010192
v 0.3661018 -0.11558373 0.00242439
v 0.4073095 -0.01584092 0.00693419
v 0.36601111 -0.11266837 0.00989312
v 0.40584242 -0.0194696 0.00904853
v 0.3848961 -0.08469923 0.00961605
v 0.40791112 -0.01283723 0.00679356
v 0.38061398 -0.09082142 0.01011117
v 0.30400249 -0.16219881 0.00905418
v 0.31015843 -0.15922344 0.00900658
v 0.30151021 -0.16490957 0.00188665
v 0.29799697 -0.16627419 0.0018735
v 0.354404 -0.12678346 0.00920766
v 0.35266736 -0.13010772 0.00202089
v 0.35062754 -0.13211942 0.00203865
v 0.31866735 -0.15461382 0.00895022
v 0.38217241 -0.09227107 0.0071934
v 0.38301545 -0.08977924 0.00869387
v 0.3672182 0.11370613 0.00815991
v 0.40640354 0.00765389 0.00933941
v 0.36099562 0.12126963 0.00763285
o bottomlid
f 398 400 395
f 397 401 396
f 394 393 399
f 404 402 403
f 406 397 405
f 403 407 404
f 406 401 397
f 408 409 410
f 411 412 413
f 414 415 416
f 417 418 419
f 421 422 423
f 424 425 426
f 431 432 433
f 439 440 441
f 442 430 443
f 443 444 445
f 434 446 435
f 448 449 450
f 440 439 450
f 453 454 455
f 456 457 458
f 459 460 461
f 462 463 453
f 462 464 463
f 465 466 467
f 468 465 467
f 447 469 470
f 471 470 469
f 472 471 469
f 473 451 474
f 450 475 476
f 477 478 479
f 480 450 476
f 462 481 482
f 481 462 483
f 455 470 484
f 485 412 486
f 487 488 473
f 489 490 491
f 492 493 494
f 495 484 496
f 498 499 500
f 501 502 503
f 504 505 506
f 507 508 509
f 510 511 512
f 513 394 514
f 515 516 421
f 517 518 519
f 520 521 522
f 523 524 525
f 526 524 527
f 528 529 530
f 513 514 531
f 532 533 534
f 535 536 425
f 537 538 432
f 539 540 541
f 542 543 544
f 546 547 548
f 549 550 534
f 467 551 552
f 553 554 555
f 530 556 557
f 558 559 560
f 561 562 531
f 563 564 565
f 556 555 557
f 567 568 569
f 572 573 574
f 575 552 551
f 576 577 578
f 579 580 581
f 582 583 581
f 584 518 585
f 586 587 588
f 589 590 591
f 592 588 593
f 582 594 583
f 595 566 596
f 597 579 598
f 599 557 600
f 602 603 604
f 587 586 605
f 606 607 608
f 590 589 609
f 610 611 612
f 613 614 521
f 615 616 617
f 618 619 620
f 556 621 555
f 622 623 624
f 625 626 627
f 609 589 630
f 631 632 633
f 634 635 636
f 637 638 639
f 630 637 640
f 641 642 643
f 644 645 646
f 647 605 648
f 517 649 518
f 650 649 607
f 651 652 653
f 605 654 648
f 656 657 658
f 640 637 639
f 620 659 660
f 661 662 663
f 645 643 646
f 664 665 666
f 653 652 667
f 668 669 670
f 671 636 672
f 673 674 395
f 607 675 608
f 654 676 677
f 672 678 671
f 677 676 679
f 682 683 684
f 685 684 683
f 686 661 423
f 687 688 689
f 690 691 692
f 693 668 694
f 695 696 697
f 697 696 698
f 699 700 701
f 702 671 678
f 703 704 617
f 705 706 707
f 708 709 710
f 575 712 713
f 714 697 708
f 715 716 506
f 717 718 719
f 677 720 721
f 722 723 724
f 707 725 726
f 721 727 677
f 707 728 729
f 730 693 731
f 732 733 714
f 735 736 737
f 738 735 737
f 739 740 741
f 631 742 743
f 744 745 746
f 737 747 738
f 748 749 750
f 726 751 728
f 752 753 754
f 745 756 746
f 757 491 703
f 721 720 758
f 712 757 616
f 616 703 617
f 759 760 761
f 762 763 744
f 764 731 765
f 766 767 556
f 768 728 769
f 770 771 772
f 770 772 754
f 773 774 775
f 776 750 777
f 771 770 779
f 780 781 782
f 783 747 737
f 784 785 786
f 787 788 789
f 791 716 494
f 792 793 794
f 795 675 485
f 796 797 798
f 796 799 797
f 800 797 801
f 785 802 786
f 803 804 805
f 807 808 809
f 810 811 812
f 813 814 815
f 816 817 818
f 776 800 819
f 820 821 822
f 822 823 820
f 781 824 825
f 767 621 556
f 826 827 828
f 829 830 831
f 832 704 833
f 834 674 673
f 835 813 815
f 836 614 410
f 837 838 839
f 545 844 712
f 423 422 845
f 492 715 572
f 847 848 849
f 429 430 442
f 661 538 537
f 492 494 715
f 572 715 573
f 816 851 852
f 853 854 855
f 643 856 857
f 858 859 860
f 443 430 444
f 861 504 862
f 863 848 864
f 535 538 865
f 866 867 868
f 869 870 871
f 874 875 816
f 876 877 878
f 879 817 880
f 817 881 880
f 882 883 884
f 885 876 886
f 889 890 891
f 632 631 892
f 893 894 895
f 896 897 898
f 445 900 901
f 902 903 421
f 904 905 906
f 907 908 909
f 911 912 465
f 913 914 915
f 916 917 918
f 920 921 627
f 871 870 922
f 923 924 925
f 864 928 929
f 930 931 908
f 932 933 934
f 935 896 898
f 936 937 938
f 939 940 941
f 942 922 943
f 944 945 946
f 947 948 920
f 949 950 938
f 951 952 953
f 954 955 956
f 923 925 957
f 409 958 959
f 960 926 961
f 920 528 962
f 963 964 965
f 966 967 968
f 969 970 971
f 899 919 972
f 973 974 975
f 976 977 978
f 979 980 981
f 983 909 984
f 985 986 987
f 988 989 990
f 991 956 887
f 992 861 993
f 409 959 994
f 995 425 433
f 600 557 554
f 477 996 442
f 997 458 548
f 998 999 1000
f 1001 1002 1003
f 1004 1005 1006
f 895 1007 1008
f 1009 1010 1011
f 1012 892 456
f 600 554 431
f 1013 1014 1015
f 1016 1017 950
f 1018 1019 949
f 948 1020 920
f 1021 1022 1023
f 1024 994 959
f 1025 1026 1027
f 1028 1029 1030
f 1004 1030 1029
f 1032 1033 1034
f 994 1035 978
f 1035 1036 978
f 957 1037 1038
f 1039 1040 970
f 1041 1042 1043
f 1046 1047 1048
f 956 955 1049
f 1050 1051 1052
f 1053 1052 1051
f 961 1054 1055
f 1056 1057 1058
f 1059 1031 1060
f 1061 947 962
f 1062 1063 1064
f 1065 1066 1067
f 1068 1069 1070
f 600 1071 1072
f 1073 954 991
f 1074 955 520
f 1075 520 955
f 1076 946 948
f 946 1077 944
f 1078 1079 1080
f 1078 1081 1082
f 1083 1084 1060
f 1085 1086 1087
f 1053 1088 1052
f 1089 1090 1091
f 1092 981 1093
f 1094 1095 1096
f 1097 1098 1099
f 1100 1047 1046
f 983 984 1101
f 1102 1103 1104
f 1105 1104 1103
f 1106 1107 1108
f 1109 1110 1111
f 1112 1113 1114
f 1083 1060 1115
f 1116 1117 1076
f 1118 1119 1120
f 1121 1122 1123
f 1124 1125 1126
f 426 416 838
f 1127 1110 1128
f 1129 1130 1131
f 1132 1133 1134
f 1135 1131 1130
f 1105 1113 1136
f 1137 1076 947
f 1138 1072 1090
f 1139 1140 1141
f 1105 1136 1142
f 1143 1144 1061
f 1145 1146 1147
f 1096 1095 1148
f 1149 1150 1151
f 1152 1030 1153
f 1083 1115 1154
f 1155 1156 997
f 1155 997 1157
f 1158 1159 1160
f 1161 1162 1163
f 1095 426 1148
f 1154 1115 1164
f 1165 1166 1167
f 1111 1168 1169
f 1045 1044 1137
f 1166 1170 1167
f 1163 1171 1172
f 1173 1174 1175
f 1176 1177 1178
f 1179 1180 1181
f 1182 1183 1184
f 1170 1185 1186
f 1187 1188 1189
f 1152 1190 1030
f 1191 1192 1193
f 1034 1194 1195
f 431 1132 1071
f 1196 1123 1197
f 1177 1198 1178
f 1199 1200 1201
f 1182 1202 1183
f 1203 1204 1001
f 946 945 948
f 1205 1175 1206
f 1034 1073 1032
f 1207 1208 1209
f 1210 1211 1200
f 962 1212 1143
f 1158 1213 1214
f 1215 1216 1217
f 1219 1220 1187
f 1221 1222 1223
f 1224 1101 1225
f 522 1226 1074
f 1210 1200 1199
f 1227 1228 1229
f 1230 1231 498
f 1232 1233 1234
f 1237 1238 1239
f 1240 1241 1242
f 1243 960 1244
f 1063 1245 1246
f 557 599 1212
f 1247 1248 1249
f 1250 1209 1208
f 1251 1033 1252
f 1253 1254 1255
f 1256 1257 1258
f 1259 1260 1255
f 1190 1261 1262
f 1219 1264 1220
f 1020 921 920
f 913 915 1265
f 1266 1150 1267
f 1033 1032 1252
f 1268 1269 1270
f 1271 1191 1069
f 1260 1253 1255
f 1209 1250 1272
f 1273 1274 576
f 1275 1276 1169
f 1277 1278 1279
f 1279 1278 1280
f 1203 1281 1204
f 664 1282 1283
f 1284 1285 1286
f 528 920 627
f 1246 1210 1287
f 1288 577 576
f 1289 1290 867
f 866 1291 1292
f 1293 1294 1295
f 1296 1297 1298
f 1299 1300 837
f 1301 918 1302
f 1303 1304 1217
f 477 443 478
f 1290 1305 867
f 1027 1306 872
f 1307 1308 1065
f 1199 1287 1210
f 1277 645 1278
f 553 662 554
f 1310 1066 1198
f 1311 1312 1313
f 1314 1221 1123
f 1315 577 1288
f 1068 1316 1192
f 1317 1318 1264
f 915 560 559
f 1319 1320 1321
f 1314 1123 1196
f 1322 1305 856
f 1323 1324 856
f 644 646 1325
f 1327 627 921
f 1328 1327 921
f 1329 1325 1330
f 1331 1264 1332
f 1318 1332 1264
f 869 1003 870
f 643 642 856
f 1322 856 642
f 1062 1333 1063
f 856 1324 857
f 1324 1334 1335
f 1336 418 1337
f 1304 1303 1338
f 942 943 1339
f 1339 943 1300
f 857 1335 646
f 1340 646 1335
f 1342 1343 1275
f 621 553 555
f 953 1316 1068
f 1345 1313 1346
f 1347 1348 1349
f 1350 1351 1352
f 1320 1353 1354
f 1355 1356 1357
f 1358 1352 1351
f 664 1359 1360
f 1361 1362 1363
f 1364 858 1365
f 1366 1367 1253
f 1368 1342 1369
f 558 1370 1371
f 1033 839 1194
f 1318 1372 1332
f 1074 1054 955
f 611 1373 612
f 1374 1375 1376
f 1377 1378 1379
f 955 1054 1380
f 1381 1376 464
f 1382 1383 1318
f 1384 1371 1385
f 1370 1385 1371
f 831 1121 1386
f 1387 1388 1343
f 657 1389 1390
f 824 1391 846
f 1392 1393 1394
f 1395 1396 1092
f 1360 1396 1395
f 1348 1347 1355
f 418 1397 419
f 626 625 863
f 1197 1122 1398
f 1399 1400 1401
f 1402 1403 1404
f 1405 773 775
f 1406 953 1407
f 1408 805 1409
f 1410 1411 1412
f 1413 1414 560
f 1416 1417 1418
f 657 552 1389
f 1387 1421 1388
f 575 1422 757
f 1423 827 826
f 951 1424 1067
f 1425 1426 1427
f 1428 1429 1430
f 1427 1431 1432
f 1424 1433 1067
f 843 841 1434
f 506 716 504
f 1435 1436 1437
f 1438 1439 1432
f 1406 1407 1440
f 1441 1442 1400
f 1443 1444 1445
f 1446 1447 1448
f 1449 1450 1451
f 1452 1453 1454
f 1456 1457 1458
f 1459 1458 1457
f 1460 1402 1461
f 1462 1463 1464
f 1465 1284 1286
f 1466 1442 1441
f 1467 1468 1294
f 1469 1470 1471
f 1472 1408 1473
f 1474 932 1475
f 1478 1460 1461
f 1479 1480 1481
f 1428 1430 1482
f 1483 1411 1484
f 1484 1411 1410
f 1401 1485 1486
f 1481 1480 1450
f 1437 1487 1488
f 1436 1487 1437
f 491 490 833
f 1469 1489 1490
f 485 1491 774
f 1492 1493 1458
f 1438 1494 1495
f 1496 1497 1498
f 862 1475 1500
f 452 473 1501
f 1502 1503 1504
f 833 1505 832
f 1506 1438 1432
f 655 1507 468
f 1508 1509 1510
f 1511 1512 1513
f 1458 1514 1492
f 1418 1515 1416
f 1517 482 481
f 1518 1519 1520
f 1521 1522 1523
f 1438 1524 1494
f 1525 1526 1478
f 1527 1528 1529
f 1506 1524 1438
f 516 1530 1531
f 1532 1533 1426
f 1534 1522 1535
f 864 929 1536
f 1537 490 489
f 1538 1539 1540
f 1541 1542 1543
f 1544 1545 1546
f 977 410 409
f 1547 490 1537
f 1548 396 1549
f 1506 1550 1524
f 1551 1552 1553
f 1554 1555 1556
f 1558 1559 1560
f 1561 958 1562
f 1563 1564 1565
f 1566 1567 1568
f 1569 1568 1570
f 1546 1545 1571
f 1386 1572 1365
f 1573 1574 1528
f 1575 1576 1577
f 1562 1578 1561
f 1565 1579 1580
f 1581 1582 1527
f 1055 1583 961
f 1584 1585 1586
f 1587 1588 1589
f 1590 1591 1492
f 1592 1574 1573
f 1593 1061 1281
f 947 1061 1593
f 1594 1551 1595
f 1596 413 1597
f 1553 1598 1551
f 1599 1550 1506
f 1600 1601 1602
f 1603 1597 1604
f 1605 1606 1607
f 1608 1607 1609
f 1584 1608 1609
f 1582 1592 1573
f 1610 1611 1612
f 1613 1590 1492
f 1614 903 902
f 1615 932 934
f 1569 1616 1617
f 1618 1619 1620
f 1621 1622 1623
f 1624 1625 1626
f 1627 1628 1629
f 1630 1631 1632
f 1634 474 1635
f 1636 1602 1637
f 1638 1624 1639
f 1577 1640 1616
f 1623 1641 1621
f 1563 1642 1496
f 1643 1644 478
f 1645 1646 1647
f 1648 1649 1650
f 1480 1479 1651
f 1652 1653 1654
f 1554 1466 1555
f 1579 1565 1655
f 1636 1637 1656
f 1657 1658 1551
f 1431 1426 1533
f 1001 1660 1089
f 1091 1661 1662
f 1508 1569 1663
f 1664 1471 1581
f 1533 1506 1432
f 1581 1471 1667
f 1578 1668 1561
f 1669 1576 1575
f 1628 1670 1638
f 1671 1672 1673
f 1504 1674 1430
f 992 1675 1676
f 1677 1394 1678
f 1679 1680 1681
f 1682 1683 1684
f 1685 1666 1686
f 1687 1454 1543
f 1450 1688 1451
f 1689 1690 1622
f 488 511 1501
f 1673 1672 1649
f 1692 1693 1694
f 1509 1508 1695
f 1696 1483 1608
f 1697 1529 1425
f 1698 1699 1566
f 1700 1701 1576
f 1670 1628 1702
f 1670 1703 1704
f 1705 1668 1706
f 1707 1499 1349
f 1708 1709 1710
f 1673 1649 1711
f 992 1676 1021
f 1670 1702 1703
f 1713 1714 1646
f 1715 1716 1713
f 934 1717 1718
f 1719 1483 1696
f 1545 1720 1721
f 1687 1452 1454
f 1721 1720 1722
f 1401 1723 1724
f 1725 1726 1727
f 1728 1566 1433
f 1729 1707 1349
f 1544 1730 1545
f 1731 1732 1733
f 1701 1734 1699
f 1735 1724 1723
f 1736 1737 1738
f 1739 1740 1741
f 1523 1398 1743
f 1744 1745 1746
f 1747 1406 1540
f 1748 1165 1704
f 1703 1748 1704
f 1749 1446 1750
f 1419 1751 1420
f 1752 1753 1731
f 508 507 1685
f 1472 803 1408
f 1754 1755 1451
f 1410 1513 1756
f 1757 1735 1758
f 1759 1760 1717
f 1761 1729 1762
f 1763 1035 1764
f 1179 1765 1766
f 1767 1441 1768
f 1098 1769 1099
f 1047 1127 1128
f 1428 1387 1342
f 1273 1755 1754
f 1729 1349 1348
f 1669 1770 826
f 1771 1738 1618
f 1772 1773 1774
f 1775 1749 1776
f 1777 1433 1734
f 861 1023 504
f 1634 1635 1779
f 1080 1780 1081
f 1440 1407 1781
f 1782 1470 1783
f 1784 1779 1635
f 1100 1127 1047
f 1785 1786 1787
f 1349 834 673
f 1788 829 1789
f 1125 1782 1783
f 1467 1776 1468
f 1382 1790 1791
f 1783 1126 1125
f 1792 1793 1724
f 1399 1794 1768
f 1795 1796 1363
f 1797 1798 1024
f 1748 1166 1165
f 1799 1771 1618
f 1360 1359 1800
f 1396 1360 1800
f 1801 1620 1619
f 1781 1070 1802
f 1757 1758 914
f 914 1758 560
f 1803 1804 1805
f 1798 1764 1024
f 1407 1070 1781
f 1352 1806 1350
f 1807 500 499
f 1808 1284 1384
f 1242 1241 1809
f 1184 1810 1811
f 1062 1064 1812
f 1813 1255 1149
f 488 1634 1814
f 1815 1790 1816
f 1368 1369 1297
f 911 1000 1683
f 1806 1092 1350
f 1805 1804 1809
f 1817 1818 1127
f 1769 1819 1099
f 1820 1099 913
f 1821 1790 1382
f 1184 1183 1810
f 1822 1266 1267
f 1823 1345 1463
f 1620 1824 1618
f 1343 1276 1275
f 1825 1786 1826
f 1827 1828 1829
f 1830 1278 644
f 645 644 1278
f 1214 1794 1250
f 1831 513 1832
f 1833 1822 1267
f 1834 1835 1836
f 1837 1835 1834
f 1835 1837 525
f 1453 1287 963
f 1291 1309 1277
f 1347 673 395
f 1093 981 980
f 1284 1808 1285
f 1196 1197 1838
f 1240 1839 1840
f 1830 1280 1278
f 1841 1274 1842
f 1242 1790 1839
f 1843 1822 1844
f 1845 1846 1847
f 1849 1839 1821
f 1292 1291 1279
f 1166 1850 1170
f 1298 1851 1296
f 1285 1319 1852
f 1819 1209 1853
f 1854 1855 1856
f 952 1067 1066
f 1855 1857 1856
f 571 444 420
f 1853 913 1819
f 1858 1093 980
f 1799 1170 1850
f 1859 1860 1861
f 1862 1855 1202
f 1202 1855 1854
f 1863 1259 1760
f 804 1864 1409
f 1213 1865 1866
f 1181 1858 1182
f 1867 980 979
f 1311 964 1312
f 1868 1869 1843
f 1870 1871 1872
f 1873 1239 1874
f 1817 1851 1818
f 1365 1572 1364
f 1840 1839 1875
f 915 559 1265
f 1254 1267 1150
f 1876 1296 1851
f 1853 914 913
f 1207 1209 1819
f 1816 1790 1242
f 900 427 1877
f 1127 1818 1168
f 1852 1785 1878
f 437 441 1392
f 1879 1333 916
f 1287 1199 964
f 1113 1811 1136
f 454 453 1877
f 1842 1865 1841
f 1880 1225 1881
f 1882 1883 1884
f 1885 1282 1092
f 1886 1887 1888
f 1889 1286 1878
f 1182 1179 1181
f 1890 1891 1892
f 1231 1230 1893
f 1288 1868 1844
f 1844 1315 1288
f 460 478 443
f 1284 1465 1371
f 1465 558 1371
f 1894 1895 1276
f 1896 395 1205
f 1104 1142 1897
f 1168 1110 1127
f 452 451 473
f 1864 1301 1302
f 455 454 470
f 1205 1898 1896
f 459 1900 460
f 1329 644 1325
f 1784 1392 1394
f 1635 474 1784
f 474 1901 1784
f 1902 1314 1196
f 1296 1368 1297
f 471 502 470
f 1013 1159 1207
f 1114 1113 1105
f 1903 1904 1905
f 1179 1184 1765
f 1215 1217 1346
f 1907 1908 1909
f 1686 1910 1911
f 1024 1912 1797
f 1804 1816 1809
f 1913 1914 1634
f 1634 1779 1913
f 1069 1191 1915
f 1916 1895 1917
f 1705 1918 1668
f 1904 1919 1920
f 1167 1186 1079
f 1828 1827 1921
f 1922 1923 1232
f 1799 1924 1771
f 1769 1098 1014
f 507 502 471
f 471 1685 507
f 1925 1740 1739
f 1165 1167 1926
f 1926 1167 1079
f 1643 1927 532
f 496 1928 495
f 1665 1686 1666
f 1513 1410 1412
f 1891 1890 476
f 1924 1929 1771
f 1930 1931 1932
f 1933 1934 1935
f 1766 1936 1659
f 1081 1046 1082
f 1924 1937 1929
f 498 500 1828
f 1315 1844 1938
f 1016 1114 1939
f 1940 532 1941
f 1942 1887 1943
f 1078 1926 1079
f 1909 1944 1097
f 502 543 503
f 511 488 1945
f 1217 1946 1303
f 1894 1343 1388
f 1759 1717 1947
f 1836 1835 1948
f 1949 1950 1368
f 1092 1752 1351
f 1211 1210 1246
f 533 539 534
f 1814 1634 1914
f 1947 1717 1951
f 934 1951 1717
f 512 511 1945
f 999 1684 1683
f 1835 540 1953
f 540 1835 1954
f 1955 1956 1932
f 1957 1958 1959
f 1638 1670 1624
f 1344 1960 666
f 1152 1237 1961
f 1109 1962 1614
f 1963 1222 1221
f 1964 1135 1130
f 1832 1965 1899
f 1690 1966 1967
f 1428 1368 1429
f 1013 1015 1036
f 934 1718 1615
f 950 1019 1016
f 1140 1919 1904
f 1832 513 562
f 1014 1652 1968
f 1965 1832 562
f 987 1969 1970
f 581 1971 1935
f 1972 1945 1973
f 1419 1468 1751
f 1468 1750 1751
f 567 569 1892
f 1675 993 1974
f 1654 1968 1652
f 1192 1271 1068
f 1975 959 958
f 1201 1976 1977
f 1400 1768 1441
f 1935 1978 579
f 1979 1951 422
f 1593 1137 947
f 1980 1899 1965
f 1981 1958 1982
f 560 1758 1413
f 1983 563 565
f 563 1984 564
f 1985 1138 1204
f 911 1683 1986
f 1935 579 581
f 1388 1987 1457
f 1256 1988 1257
f 1206 1988 1256
f 1986 1627 912
f 411 1955 986
f 1557 938 937
f 550 1989 1990
f 1257 1991 1262
f 562 1992 1965
f 1993 1913 1994
f 1596 411 413
f 1950 1430 1429
f 413 1604 1597
f 1995 411 986
f 1420 1996 1477
f 1864 1997 1998
f 1198 1008 1999
f 1351 2000 1358
f 1101 1085 2001
f 1171 2002 1172
f 2003 1973 2004
f 2004 1973 2005
f 1547 1626 490
f 2006 911 465
f 1992 562 2007
f 1289 866 2008
f 1654 1603 2009
f 1169 1895 1863
f 847 1589 848
f 2010 2011 2012
f 1477 1996 1476
f 1413 2013 1414
f 505 1578 1562
f 2014 550 2015
f 1516 2006 1507
f 466 2016 467
f 1444 1641 1690
f 2009 1603 518
f 1206 1175 1174
f 1829 2017 1827
f 1129 1037 2018
f 1559 1459 1987
f 2019 2020 604
f 486 412 411
f 1992 2007 2021
f 1604 518 1603
f 1604 413 519
f 1421 1559 1987
f 1056 1222 1057
f 2022 742 2023
f 595 618 592
f 486 1491 485
f 1238 1871 1870
f 1536 863 864
f 2024 1981 2025
f 2026 2027 1248
f 1562 408 2028
f 1529 1733 1527
f 588 592 2029
f 2030 1353 1320
f 2022 1968 584
f 1475 862 2031
f 584 2009 518
f 2032 2033 1555
f 1458 1459 1514
f 2034 2035 2036
f 2024 2034 2037
f 1476 1630 2038
f 2021 2007 2039
f 2040 516 515
f 2041 604 2042
f 773 485 774
f 2043 2044 2045
f 1211 2046 1039
f 568 2047 635
f 863 1536 766
f 1433 1424 1728
f 1200 1211 970
f 589 638 637
f 2048 2022 584
f 1681 2049 1585
f 1648 2050 1487
f 2051 1963 1037
f 1602 2052 2013
f 2052 1496 1498
f 2053 1485 1595
f 766 1530 767
f 1044 1076 1137
f 1116 1076 1044
f 2054 2039 2007
f 2055 2056 2057
f 2057 2056 2058
f 1615 1974 932
f 1692 1585 2049
f 2059 1552 1515
f 1060 1031 2060
f 2061 1767 1866
f 849 625 1327
f 1011 2062 1139
f 2063 2064 1988
f 619 2065 659
f 1493 1492 1591
f 1041 1043 1162
f 1923 2066 2067
f 2068 1056 1058
f 2069 611 573
f 1688 2070 1542
f 2041 2071 602
f 1580 2072 1565
f 626 863 766
f 2073 2074 1560
f 2031 2075 1475
f 2076 2077 2078
f 2079 1141 2080
f 2081 2079 2080
f 649 675 607
f 1158 1214 1208
f 704 808 807
f 649 650 585
f 531 562 513
f 608 675 795
f 795 1405 608
f 2057 2058 2082
f 2083 1577 1510
f 619 659 620
f 2084 2027 990
f 2085 2086 973
f 1641 2087 1621
f 1567 1503 1570
f 2054 2088 2039
f 2089 2090 2091
f 1913 1779 2092
f 1779 1971 2093
f 2094 2095 1556
f 661 865 538
f 663 662 553
f 1312 1199 1201
f 1622 1621 2096
f 925 1057 2051
f 1577 2083 1575
f 1608 1605 1607
f 2097 2098 2099
f 1106 1108 1006
f 2100 2101 2002
f 2102 2065 2103
f 2104 2105 2050
f 2050 1648 2104
f 791 535 2075
f 1390 844 910
f 2106 1650 2107
f 626 556 529
f 654 2108 676
f 2097 2109 2098
f 2110 2084 2111
f 636 2047 672
f 2113 602 2071
f 2083 1524 2114
f 612 613 2115
f 966 893 1008
f 457 2048 546
f 1884 1846 1861
f 2114 1575 2083
f 957 925 2051
f 2116 2111 2084
f 1600 1535 1601
f 2117 2048 457
f 908 931 1086
f 2088 2054 2118
f 2119 1543 1651
f 2120 615 809
f 2102 2121 659
f 2122 615 446
f 1600 1611 2123
f 1084 972 2124
f 2125 2126 1613
f 1645 1574 1715
f 1696 1584 1586
f 2120 2127 615
f 1610 1571 1721
f 581 583 1971
f 2101 2128 2129
f 982 2122 446
f 446 615 2127
f 1270 607 1268
f 1522 1521 1601
f 970 969 2130
f 1539 1567 1728
f 2131 884 2063
f 1972 2003 512
f 1605 1608 1484
f 1571 1545 1721
f 2088 2118 2132
f 2133 2134 710
f 1989 2135 2136
f 2111 2116 972
f 668 670 694
f 2137 660 705
f 2124 972 919
f 1667 2138 1592
f 1043 2139 2140
f 962 528 1212
f 2141 1579 1655
f 1696 1608 1584
f 500 1958 1981
f 2142 2143 2144
f 2096 2087 1746
f 2094 1541 2145
f 2146 2132 2118
f 414 493 415
f 2147 2148 2074
f 1746 1745 2096
f 2131 882 884
f 2114 2149 1669
f 1007 895 2150
f 2145 1464 2095
f 2139 2151 2152
f 2153 2154 456
f 2155 997 2156
f 1195 574 2157
f 1728 2158 1539
f 882 2131 2159
f 930 2160 967
f 1143 1061 962
f 426 1095 424
f 1034 1195 2157
f 1862 1858 1867
f 1728 1424 2158
f 2161 2162 2116
f 568 2163 569
f 2141 1788 1719
f 2151 2164 2152
f 1743 2165 1564
f 838 837 426
f 837 1148 426
f 968 2160 2166
f 720 677 2167
f 654 677 727
f 709 708 697
f 678 2143 2168
f 2169 2170 2171
f 1133 1095 1094
f 701 700 2172
f 1204 1138 1660
f 1483 2173 1411
f 1029 2174 2175
f 2176 2177 2178
f 2179 2180 717
f 1293 1852 1321
f 1433 1699 1734
f 853 855 1009
f 1281 1985 1204
f 1045 1137 1593
f 837 1096 1148
f 2181 2182 2183
f 985 987 1970
f 2165 1743 1398
f 1661 1133 1094
f 1762 419 1469
f 1513 2184 2185
f 733 2186 695
f 1204 1660 1001
f 986 1955 987
f 2165 830 2187
f 1730 1379 2188
f 1744 1812 1745
f 855 2189 2190
f 894 2191 2150
f 802 939 884
f 883 802 884
f 2192 2184 1513
f 1283 1885 1181
f 890 2193 2139
f 1885 1093 1858
f 1440 1781 2148
f 2194 2195 2196
f 960 2197 1244
f 2198 2199 930
f 924 2200 2201
f 2202 2146 2203
f 2162 877 2204
f 826 828 2205
f 1423 2196 2206
f 2207 2208 2209
f 2210 750 2211
f 1299 839 1251
f 2212 1777 2205
f 1615 1675 1974
f 593 2213 2214
f 2215 1838 1534
f 2216 2217 723
f 927 960 2218
f 1913 2092 1994
f 2219 2218 1243
f 2212 2220 1777
f 894 2222 2223
f 926 960 927
f 2224 2193 890
f 2224 890 2225
f 2226 2227 787
f 2207 2209 2228
f 2059 1515 2229
f 2230 723 2231
f 2141 2187 1788
f 727 721 2232
f 816 2233 851
f 2234 711 784
f 1398 1838 1197
f 858 1412 1411
f 2235 2236 2198
f 2193 2237 819
f 2238 2239 2174
f 2240 2241 2242
f 2243 2228 2209
f 2244 2222 2166
f 2245 2246 2247
f 2248 2249 2200
f 2193 2224 2237
f 2250 2251 2252
f 2253 797 799
f 2224 2225 2254
f 1973 1993 2056
f 1351 1731 2000
f 815 2255 835
f 2256 2239 2238
f 816 818 2233
f 817 2257 818
f 1218 1283 1180
f 2258 2223 2222
f 1121 831 1122
f 565 593 1983
f 2259 2260 2195
f 2228 794 793
f 1418 1338 1905
f 2261 2262 2263
f 2195 2260 2264
f 1730 2188 1545
f 2265 2256 2238
f 1874 1870 1126
f 576 1274 1798
f 760 759 2243
f 2266 2226 789
f 2242 2267 2239
f 1302 918 917
f 2259 2268 2269
f 1646 1714 2194
f 2270 843 1434
f 744 763 2248
f 786 2271 2234
f 2259 2269 2260
f 916 1333 2272
f 2273 2274 2203
f 759 2232 794
f 2254 2275 748
f 417 1261 418
f 2265 2242 2256
f 754 753 814
f 2276 764 765
f 796 798 732
f 1858 1181 1885
f 2277 768 769
f 1525 781 780
f 1311 1313 1823
f 748 750 776
f 780 1549 1525
f 1190 1337 418
f 2279 2260 2280
f 1211 1246 2046
f 764 2276 2282
f 758 794 2232
f 2242 2241 2267
f 1526 1525 1549
f 2241 2283 2267
f 594 2092 2093
f 396 1526 1549
f 2269 2284 2260
f 2158 1747 1540
f 2285 763 762
f 1336 1961 1873
f 1337 1961 1336
f 1710 1902 1362
f 2286 2287 2283
f 2258 2276 2223
f 740 2288 2242
f 730 731 764
f 2168 730 764
f 689 2275 2289
f 1545 2188 1720
f 1237 1152 1107
f 792 2277 2290
f 1178 1198 1066
f 2291 2276 765
f 2189 2292 751
f 1881 1225 1308
f 2293 2283 2241
f 2294 1247 859
f 724 723 2217
f 2295 2284 2269
f 2296 1905 1904
f 2293 2241 2297
f 1980 1965 1992
f 2226 714 708
f 1710 1130 1902
f 1879 2012 1333
f 1316 1193 1192
f 1897 1241 1240
f 1223 2298 1386
f 802 2265 2238
f 2294 1572 1229
f 2299 2300 726
f 1333 1245 1063
f 1261 1258 1257
f 2301 1464 1417
f 2182 2300 2299
f 2299 726 725
f 2302 727 2303
f 1308 1176 1065
f 2044 2304 2014
f 796 2305 799
f 2018 1902 1129
f 1534 1523 1522
f 2172 700 738
f 1308 1225 2001
f 2233 783 851
f 2306 1232 2067
f 2307 851 783
f 812 811 817
f 719 2179 717
f 1312 1201 1977
f 1619 2308 1950
f 2309 2310 2297
f 1205 1206 1898
f 1092 1396 1752
f 725 2121 2299
f 1982 2025 1981
f 1239 1961 1237
f 1998 2311 1301
f 2310 2132 2297
f 2312 2313 719
f 2142 653 667
f 801 819 800
f 2138 1782 1716
f 2228 793 2207
f 682 2169 2071
f 1198 1999 2314
f 679 2137 705
f 2284 2315 1161
f 2316 2317 691
f 698 2133 709
f 2318 2132 2310
f 1314 2018 1963
f 1271 1192 1191
f 1943 1224 1942
f 2071 2319 682
f 2142 2144 653
f 793 792 2320
f 2321 2320 792
f 1202 1854 2322
f 2055 2324 2325
f 639 2326 2327
f 1247 2328 1248
f 2326 2055 2325
f 2324 2057 2082
f 1255 1813 1259
f 680 623 2316
f 587 2329 2213
f 2065 628 2330
f 620 2137 2331
f 2332 2333 2133
f 669 2334 670
f 2287 2335 2175
f 854 2292 855
f 2137 676 2331
f 2318 2336 2088
f 2047 2035 2337
f 2338 2045 2339
f 1232 2306 2340
f 1262 1030 1190
f 2006 936 1000
f 2041 2042 2319
f 2335 2341 2342
f 2331 618 620
f 2164 2253 2343
f 879 812 817
f 2055 638 2005
f 2043 2045 2334
f 2344 883 882
f 2045 2015 2345
f 2024 2025 2334
f 594 2346 2347
f 2348 2021 2336
f 1543 1454 1462
f 2349 588 2029
f 2043 2334 2025
f 2035 2350 2036
f 1853 1272 1792
f 580 579 2332
f 1946 2080 1903
f 2351 603 602
f 1191 1193 2085
f 1262 2352 1030
f 638 2004 2005
f 2353 1187 1220
f 881 816 875
f 2354 1761 1490
f 2076 2078 2355
f 580 582 581
f 2315 2356 1041
f 589 591 2003
f 2342 1005 2335
f 2357 2150 2191
f 2004 638 2003
f 876 835 877
f 592 593 565
f 2141 1719 1696
f 2358 813 876
f 1825 1826 1235
f 2359 1825 1235
f 1647 1646 2194
f 1406 2147 1538
f 1989 2360 2345
f 2361 2362 1943
f 1980 1992 2363
f 2364 2329 2365
f 579 1978 598
f 2005 1973 2056
f 598 2163 568
f 1655 2165 2187
f 1564 1521 1523
f 2366 1861 2367
f 1859 1861 2366
f 2010 1998 2368
f 2089 2091 1216
f 571 570 900
f 1893 734 996
f 1392 438 437
f 840 438 1901
f 445 461 460
f 461 445 901
f 2369 2370 1041
f 480 1393 440
f 482 1381 464
f 462 482 464
f 483 453 455
f 1900 478 460
f 1900 459 2371
f 2371 459 1374
f 1231 499 498
f 1921 2372 1230
f 2015 550 1990
f 1740 2373 1517
f 487 474 1634
f 2374 1941 1927
f 1927 2375 2374
f 1772 1518 2376
f 2376 1740 1925
f 1891 476 2372
f 1678 1933 1935
f 1644 1643 532
f 501 2377 496
f 1911 508 1686
f 500 1807 1958
f 1807 1959 1958
f 1644 532 534
f 533 1953 539
f 2352 1028 1030
f 2370 2378 1041
f 539 1953 540
f 1129 1038 1037
f 2377 503 2136
f 531 514 2379
f 1914 1945 1814
f 1959 534 2304
f 578 1449 1755
f 550 549 1989
f 1978 2380 2163
f 2352 1991 2064
f 1957 1982 1958
f 2092 1779 2093
f 1973 1945 1993
f 1989 2136 2360
f 593 2214 1983
f 1978 2163 598
f 567 2017 2036
f 2017 2037 2036
f 1119 988 1120
f 2044 1982 1957
f 1086 967 1087
f 2378 1042 1041
f 561 591 590
f 2381 561 590
f 2382 2364 2019
f 2175 2335 2383
f 2335 1005 2383
f 2384 500 1981
f 2382 542 2364
f 1060 2124 1059
f 590 609 2381
f 2345 2015 1990
f 597 598 634
f 2005 2056 2055
f 2378 2370 2385
f 622 2386 2387
f 931 967 1086
f 2055 2326 638
f 580 2332 2388
f 629 2065 601
f 2389 972 1084
f 2058 2347 2082
f 884 2064 2063
f 2042 2390 683
f 2391 683 2390
f 2326 639 638
f 2392 905 1131
f 1457 1917 1894
f 2086 1007 973
f 2068 2393 1119
f 1058 2393 2068
f 2339 699 2338
f 698 2388 2133
f 2394 2077 2395
f 2121 660 659
f 2378 2396 1042
f 2397 2398 2339
f 1011 1141 1009
f 2079 1009 1141
f 2399 2134 636
f 685 683 647
f 2378 2385 2396
f 668 667 652
f 539 541 526
f 2081 2400 2079
f 1892 1827 2017
f 2394 874 2368
f 695 2401 2402
f 680 2316 690
f 1910 563 1983
f 2403 1890 569
f 671 702 2399
f 677 679 2167
f 710 2399 2227
f 2404 852 2307
f 692 691 2288
f 2182 2405 2183
f 2406 749 689
f 681 690 739
f 2181 719 718
f 2362 2361 2002
f 2392 2407 2408
f 874 2404 2368
f 718 717 2285
f 2171 2251 2250
f 728 707 726
f 692 2288 740
f 1954 1835 525
f 739 784 711
f 708 2227 2226
f 2288 2240 2242
f 2282 2168 764
f 503 2377 501
f 2409 2410 2282
f 2231 733 732
f 726 2300 751
f 972 2116 2411
f 2172 738 747
f 1945 488 1814
f 760 2252 761
f 1834 1836 1773
f 779 763 771
f 2276 2258 2282
f 728 751 2412
f 2234 784 786
f 2413 2414 2415
f 2415 2414 2250
f 2416 745 2248
f 745 744 2248
f 2415 823 2413
f 776 2237 748
f 2254 748 2237
f 2377 527 496
f 785 2265 802
f 823 822 2413
f 2417 2418 2419
f 502 507 543
f 2228 759 794
f 511 510 1501
f 2248 2420 2249
f 1837 2376 1925
f 2150 2357 2421
f 889 891 2396
f 815 814 2255
f 2422 1501 510
f 2208 969 2209
f 2307 783 821
f 2411 2116 2204
f 2239 2267 2174
f 2290 2321 792
f 2423 2254 2225
f 394 2422 514
f 1713 1646 1715
f 2243 2424 2425
f 2393 885 886
f 2204 2221 2411
f 1262 1991 2352
f 2253 2164 801
f 1055 2154 2426
f 2427 1741 1740
f 906 2428 2429
f 394 399 2422
f 2404 2307 2430
f 2431 2204 2432
f 906 2419 2428
f 877 835 2255
f 1519 1518 1772
f 1517 1906 1740
f 2433 2374 2375
f 940 2238 2434
f 1934 1933 480
f 2424 971 2435
f 924 923 2200
f 896 820 823
f 1921 498 1828
f 1900 2371 1927
f 1643 1900 1927
f 897 2424 2435
f 820 896 935
f 472 1685 471
f 567 2436 568
f 2342 2225 889
f 2199 2437 2160
f 1811 2366 2367
f 1501 399 452
f 2438 1520 1519
f 2439 2375 1374
f 1518 2440 2373
f 935 2430 820
f 909 2253 2305
f 2200 904 2429
f 473 474 487
f 904 2200 923
f 2340 2027 2110
f 2222 894 2166
f 908 907 2198
f 1351 1752 1731
f 2441 2404 2430
f 996 477 479
f 1101 984 1085
f 812 2421 2357
f 802 940 939
f 474 840 1901
f 1393 1392 441
f 1010 855 2190
f 1392 1901 438
f 2204 2255 2432
f 2442 2424 897
f 2150 2421 973
f 1332 1695 2443
f 449 806 2444
f 2437 2244 2166
f 444 900 445
f 877 2162 2161
f 2150 973 1007
f 1029 2383 1004
f 2208 2445 2089
f 2446 2423 2225
f 2428 2416 2429
f 939 941 2064
f 968 893 966
f 2354 1490 1648
f 2104 1490 1489
f 884 939 2064
f 886 989 1119
f 2091 2447 1946
f 974 880 975
f 891 1043 1042
f 898 1040 1039
f 790 2432 2255
f 2062 2407 2392
f 2446 2273 2423
f 2370 1107 1106
f 2249 779 2448
f 2064 941 2352
f 765 810 2291
f 2191 2276 2291
f 779 770 813
f 2449 779 813
f 1131 905 1038
f 783 2233 747
f 2277 769 2290
f 2062 2392 1131
f 2450 2077 2394
f 2420 763 779
f 769 728 2412
f 758 2277 792
f 2086 2085 1193
f 1010 2190 2407
f 2451 2409 2244
f 1153 1004 1108
f 1038 1129 1131
f 2140 2100 1171
f 2080 2447 2081
f 732 2452 796
f 787 789 2226
f 1131 1135 2062
f 1976 1200 2130
f 2414 2171 2250
f 2423 2289 2275
f 2453 2289 2423
f 2454 1587 847
f 2203 2289 2453
f 1990 1989 2345
f 2451 2410 2409
f 2345 603 2351
f 1206 2063 1988
f 2140 1171 1162
f 2450 2368 1998
f 736 2455 2413
f 2060 1115 1060
f 1976 2130 2456
f 2303 759 761
f 756 2182 746
f 1224 2129 983
f 1257 2064 1991
f 1096 837 943
f 2037 1981 2024
f 1153 1108 1107
f 689 2289 687
f 1141 1011 1139
f 2457 2068 1228
f 746 718 744
f 2203 687 2289
f 2079 853 1009
f 2085 2076 1191
f 2181 718 746
f 1228 1119 1118
f 687 2203 2146
f 2168 2282 702
f 2410 702 2282
f 733 697 714
f 1152 1153 1107
f 875 874 2394
f 2051 1222 1963
f 957 904 923
f 2408 905 2392
f 2383 1005 1004
f 2012 2011 1245
f 693 2176 2458
f 2178 2177 701
f 2365 2329 605
f 424 1095 433
f 587 605 2329
f 695 697 733
f 711 681 739
f 692 739 690
f 2455 735 2459
f 1174 1173 2460
f 2210 2327 724
f 706 725 707
f 2461 2128 2101
f 2457 2298 1056
f 2179 719 2313
f 969 2208 2089
f 2328 2026 1248
f 698 709 697
f 724 2324 722
f 880 2077 975
f 568 2436 2047
f 2399 710 2134
f 2462 2463 2030
f 654 2302 648
f 1308 1085 1176
f 1946 1217 1216
f 1106 1006 2385
f 695 2464 696
f 1977 2456 1215
f 670 2338 2177
f 2294 1118 1247
f 698 696 2388
f 688 630 640
f 1902 2018 1314
f 1386 2298 1227
f 2465 2466 2467
f 2323 2312 628
f 1000 999 1683
f 2085 975 2076
f 2312 2330 628
f 2133 2388 2332
f 1152 1961 1337
f 1999 1316 2314
f 1245 1333 2012
f 2137 620 660
f 1903 1303 1946
f 696 2464 2388
f 969 2089 2130
f 2468 609 630
f 1457 1456 1917
f 1710 1709 1964
f 1359 2469 1800
f 659 2065 2102
f 651 2337 2035
f 1065 1176 1178
f 1977 1215 1313
f 597 634 2333
f 2365 605 2391
f 1881 1308 1307
f 1063 1246 1287
f 2464 2346 582
f 2397 2045 2345
f 2076 975 2077
f 2333 2332 597
f 604 2041 602
f 1572 2294 1364
f 1310 2314 1316
f 2347 2058 1994
f 1377 1709 1708
f 1121 1123 1221
f 618 2470 619
f 2390 2042 2020
f 2394 2368 2450
f 594 582 2346
f 1905 1338 1303
f 922 1094 943
f 2078 2077 2450
f 2014 2015 2045
f 604 2020 2042
f 1106 2385 2370
f 2460 2131 1174
f 2093 583 594
f 2019 604 603
f 1316 953 1310
f 831 1386 829
f 2345 2360 603
f 2019 2364 2020
f 2002 2101 2362
f 1347 1896 1355
f 603 2382 2019
f 1070 1069 804
f 2085 973 975
f 1329 1330 1882
f 1197 1123 1122
f 2364 544 2329
f 1783 1873 1874
f 963 1287 964
f 2345 2351 2397
f 2017 1829 2037
f 1065 1067 2220
f 417 1356 1261
f 1039 970 1211
f 2046 2472 1039
f 1120 990 2026
f 2136 503 2382
f 1823 965 1311
f 2246 1001 1003
f 2021 2039 2088
f 541 524 526
f 828 827 2473
f 2135 526 527
f 1418 1345 1304
f 829 1365 1789
f 965 1823 1463
f 860 1145 2192
f 2059 2229 1379
f 1836 2433 1773
f 1836 2374 2433
f 1948 2374 1836
f 1741 2474 523
f 2336 2021 2088
f 2403 476 1890
f 1741 2427 2474
f 2427 2475 2474
f 2188 1378 1708
f 2188 1708 1361
f 1349 673 1347
f 1452 1812 1064
f 1685 1686 508
f 1451 1755 1449
f 1921 1827 1891
f 1795 1363 2476
f 2002 1171 2100
f 1397 1783 1470
f 984 1086 1085
f 1795 2476 2477
f 963 965 1462
f 651 2035 2034
f 478 1900 1643
f 472 1666 1685
f 1433 1777 2220
f 953 1406 1747
f 1154 2340 1084
f 1083 1154 1084
f 480 476 2403
f 1517 2373 482
f 455 495 2478
f 917 1744 2479
f 2479 1473 917
f 1230 498 1921
f 1174 2131 1206
f 2074 2148 2480
f 475 1230 2372
f 1348 1762 1729
f 480 1933 1393
f 479 499 996
f 2215 1534 2477
f 1789 2173 1788
f 454 447 470
f 463 461 901
f 1893 996 1231
f 2301 2481 1657
f 1526 401 1478
f 901 900 1877
f 1424 951 2158
f 806 1893 1230
f 1120 2026 2328
f 1423 1770 2196
f 1714 1125 1124
f 1745 1812 1452
f 1523 1534 1398
f 2034 2024 651
f 2390 2365 2391
f 2158 951 1747
f 2301 1416 2482
f 1118 1120 2328
f 1714 1713 1125
f 1720 1796 1722
f 2205 1701 1700
f 1687 1745 1452
f 1489 1469 1471
f 1540 1406 1538
f 1795 2477 2123
f 2480 2148 1802
f 2281 755 1460
f 1513 1512 1756
f 1564 1523 1743
f 1729 2354 2106
f 2123 2477 1534
f 2091 1946 1216
f 2356 1238 2369
f 1460 1415 1402
f 1238 1237 2369
f 1191 2076 2483
f 1721 1722 2123
f 2061 1842 1754
f 2158 1540 1539
f 1457 1894 1388
f 1552 1730 1553
f 1904 1903 1140
f 2261 2484 1404
f 1173 1175 400
f 1669 1700 1576
f 1658 1552 1551
f 1687 1543 2119
f 1590 1746 2087
f 2298 2457 1227
f 2356 1871 1238
f 1391 2263 2485
f 1308 2001 1085
f 2261 1339 2262
f 1299 2485 2262
f 1871 2356 2295
f 2486 887 846
f 1521 1564 1563
f 998 1017 999
f 1252 2486 846
f 1404 871 942
f 2301 1657 2095
f 1577 1576 1640
f 2111 2389 2110
f 1193 1316 1999
f 2487 1539 1538
f 1887 1172 2361
f 2488 1601 1521
f 1581 1667 1582
f 2487 2490 1539
f 918 2311 2012
f 1314 1963 1221
f 1002 1662 870
f 1503 1567 2490
f 2029 2331 676
f 837 839 1299
f 2491 1094 922
f 2483 2355 1915
f 918 2012 1879
f 1610 1612 2492
f 1087 967 966
f 1514 1459 2125
f 2094 1556 2033
f 1633 2097 2112
f 2107 1650 1672
f 1591 2087 1641
f 1887 1886 1172
f 2280 1172 1886
f 1281 1306 1026
f 1346 1217 1304
f 2493 1563 1496
f 1032 1073 991
f 1089 1091 1662
f 1872 1871 2295
f 1915 2355 804
f 1380 1054 961
f 1585 1609 1681
f 1493 1591 1444
f 2426 1583 1055
f 1630 1633 2038
f 2494 2495 1155
f 1508 1616 1569
f 1616 1510 1577
f 1313 1215 1346
f 1649 1648 1487
f 2269 1872 2295
f 1612 1611 1656
f 1133 1661 1134
f 1442 1595 1485
f 1607 1679 1681
f 1663 1570 2496
f 1559 1421 1560
f 2033 1556 1555
f 2492 1612 1723
f 954 1075 955
f 2032 1688 2033
f 1689 2497 1479
f 1753 2498 1732
f 1071 1132 1134
f 1723 1612 1735
f 1656 1735 1612
f 1996 1680 1679
f 2496 1502 1737
f 1156 2426 2153
f 1942 2499 2473
f 2473 1888 1942
f 2153 2426 2154
f 1481 1450 1449
f 1072 1071 1090
f 1457 1987 1459
f 2500 1054 1074
f 1356 1355 1258
f 918 1879 916
f 2471 1147 1146
f 1138 599 1072
f 1345 1823 1313
f 2402 2082 2347
f 1929 1663 1736
f 1144 1143 1212
f 2463 1694 2030
f 395 1896 1347
f 1072 599 600
f 2308 1502 2501
f 1445 1690 1967
f 1338 1418 1304
f 1811 1810 2366
f 2502 2115 1075
f 2212 1880 1881
f 1738 1737 2308
f 1697 1425 2503
f 917 1409 1302
f 2476 1196 2215
f 2500 632 1012
f 1226 632 2500
f 1401 1724 2504
f 1767 2061 1754
f 945 2505 1020
f 1385 2506 1384
f 1453 1064 1287
f 2144 2337 651
f 1778 1468 1419
f 1711 1435 1800
f 1966 1689 1938
f 425 536 426
f 1418 1905 1515
f 1396 1435 1752
f 574 1195 572
f 554 662 431
f 2503 1425 1803
f 1598 1553 1544
f 858 860 1412
f 2115 2502 612
f 610 612 2502
f 1428 1342 1368
f 1738 2308 1619
f 662 537 431
f 529 528 627
f 2127 2120 2505
f 1456 1443 1917
f 606 1269 1268
f 2192 1145 2184
f 1124 1126 2268
f 1793 1399 2504
f 1208 1159 1158
f 831 830 1122
f 1785 1852 1786
f 1815 1791 1790
f 664 666 1359
f 573 610 574
f 1273 578 1755
f 560 1370 558
f 1356 1762 1357
f 2107 1499 1707
f 809 1328 2120
f 2075 535 865
f 1327 625 627
f 1335 1352 1340
f 1340 1358 1330
f 791 494 536
f 1805 2507 1803
f 2263 1391 781
f 1334 1806 1352
f 1335 1334 1352
f 1792 1272 1793
f 914 560 915
f 2134 2333 634
f 2212 2205 828
f 1853 1757 914
f 2507 1805 1847
f 1260 1366 1253
f 1319 1808 2462
f 1408 1409 1473
f 988 990 1120
f 1323 856 1305
f 2259 1714 1124
f 2508 1321 1354
f 2484 1402 1404
f 661 686 865
f 658 657 1390
f 2509 1802 803
f 616 757 703
f 517 675 649
f 2506 2462 1384
f 2263 2262 2485
f 1241 1847 1805
f 2031 862 791
f 552 575 1389
f 2194 1714 2259
f 686 1474 2075
f 2040 515 621
f 2075 1474 1475
f 1403 871 1404
f 1895 1169 1276
f 1849 1821 1189
f 1289 1856 1290
f 2008 866 1292
f 2048 584 585
f 2008 1856 1289
f 862 504 716
f 773 795 485
f 2262 1300 1299
f 1464 1463 1417
f 2040 767 1530
f 1170 1824 1185
f 1862 1867 1855
f 830 1788 2187
f 515 421 663
f 1854 1856 2008
f 873 2245 2247
f 575 551 1422
f 2173 1483 1719
f 1876 1780 1185
f 1780 1876 1817
f 1730 1552 2059
f 1875 1839 1849
f 1756 1484 1410
f 845 1474 686
f 766 1531 1530
f 1536 1531 766
f 506 505 2069
f 2482 1552 2481
f 1266 1843 2512
f 2354 1729 1761
f 1207 1819 1769
f 2513 927 2218
f 669 668 652
f 1566 1617 1698
f 489 2514 1537
f 2245 1203 2246
f 1306 1203 2245
f 2515 1863 2516
f 1562 2069 505
f 2106 2107 1707
f 2443 1508 1929
f 1647 2194 2517
f 1897 1142 1845
f 2518 1786 1825
f 2481 2301 2482
f 1780 1186 1185
f 1213 1158 1160
f 1974 1500 1475
f 932 1974 1475
f 1167 1170 1186
f 1820 1907 1097
f 1440 2148 2147
f 836 410 977
f 1049 1380 2489
f 2519 1505 2454
f 1701 1699 1698
f 1471 2138 1667
f 1186 1780 1080
f 1760 1813 1717
f 421 903 422
f 943 1094 1096
f 1817 1127 1100
f 1543 1462 1541
f 2145 1541 1464
f 1484 1756 1512
f 1021 1151 2512
f 1785 1930 1878
f 505 504 1023
f 1730 1544 1553
f 1626 2454 1505
f 2333 2134 2133
f 1484 1608 1483
f 1089 1662 1002
f 2516 1759 1947
f 2520 1244 2495
f 1583 2426 2197
f 1114 1105 1939
f 928 2521 929
f 1939 1105 1103
f 1244 2197 2495
f 1080 1081 1078
f 2354 1648 2106
f 1000 936 998
f 1045 1593 1025
f 1592 1716 1715
f 2460 2159 2131
f 1383 1509 1372
f 1653 1098 1097
f 1593 1281 1026
f 2522 1647 2517
f 1103 1102 1684
f 1590 1613 2126
f 2113 2071 2459
f 2523 1930 1956
f 1956 1930 1932
f 2313 2312 2323
f 722 2324 2082
f 1592 1715 1574
f 1561 1975 958
f 2177 2338 699
f 994 978 977
f 1668 1797 1975
f 2524 1726 1725
f 2500 1055 1054
f 2106 1648 2525
f 928 1589 1082
f 1660 1138 1090
f 1912 1024 959
f 1596 1956 1955
f 2522 1550 1647
f 2524 1725 1969
f 2147 2526 2527
f 2123 1535 1600
f 1078 1082 1588
f 987 1955 1932
f 1073 2157 954
f 1979 1614 1962
f 1091 1090 1071
f 2398 700 2339
f 1979 1947 1951
f 1524 2522 2114
f 1194 839 415
f 1664 1581 2105
f 2527 2487 1538
f 1048 1047 1128
f 1017 1939 999
f 1016 1939 1017
f 2070 1651 1542
f 950 949 1019
f 1652 1014 1098
f 999 1939 1103
f 1704 1165 1625
f 1076 948 947
f 1077 946 1117
f 1524 1550 2522
f 1684 1102 1053
f 1035 994 1764
f 1543 1542 1651
f 2500 1012 2154
f 1712 1766 1659
f 2325 2327 2326
f 2401 722 2082
f 1930 2523 1908
f 2523 1909 1908
f 1532 1574 1645
f 1563 1565 1642
f 1013 1207 1014
f 1074 1226 2500
f 1639 1624 1626
f 2521 1048 929
f 600 431 1071
f 1602 1636 1600
f 1639 1626 1547
f 1144 1212 599
f 1595 1551 1598
f 2053 1595 1598
f 1968 1654 2009
f 847 1587 1589
f 1611 1600 1636
f 1968 2023 1015
f 422 1951 933
f 2528 1179 1766
f 2006 1000 911
f 1712 1742 2528
f 2100 2461 2101
f 1088 1875 1052
f 864 848 928
f 2529 2156 1270
f 997 2153 458
f 424 433 425
f 1492 1514 1613
f 2072 1642 1565
f 1727 2530 2531
f 2532 2530 1727
f 1111 1110 1168
f 465 912 466
f 912 2016 466
f 1559 1558 1459
f 1507 2006 465
f 2156 548 1270
f 486 1995 1491
f 833 1626 1505
f 516 902 421
f 1875 1188 1052
f 933 932 845
f 584 1968 2009
f 1622 2119 2497
f 1969 987 2524
f 987 1932 2524
f 1582 1573 1527
f 892 1012 632
f 2493 1521 1563
f 1010 2407 2062
f 836 976 742
f 2069 1562 2028
f 1195 492 572
f 1798 1841 1764
f 832 1505 2519
f 1875 1849 1188
f 2490 2487 1503
f 548 458 546
f 530 557 1212
f 2095 2094 2145
f 1863 1759 2516
f 1875 2534 1840
f 1849 1189 1188
f 1168 2535 1169
f 657 468 467
f 657 467 552
f 1487 2050 1488
f 2117 457 456
f 2505 2120 1328
f 1820 1265 1907
f 1422 489 757
f 1846 1845 1136
f 1811 2367 1136
f 1509 2536 1510
f 2537 1465 1889
f 1689 1622 2497
f 704 832 808
f 982 545 2122
f 1631 1630 1679
f 1189 1219 1187
f 685 647 648
f 1694 2072 1692
f 2312 2183 2330
f 1645 1647 1599
f 2498 1527 1732
f 1169 1863 2515
f 614 613 1373
f 892 743 2117
f 2069 2028 611
f 1852 1293 1826
f 585 518 649
f 1753 1488 2498
f 2032 1451 1688
f 1293 1295 1826
f 1817 1876 1851
f 791 536 535
f 529 556 530
f 2536 1383 1495
f 573 715 506
f 2536 1509 1383
f 1502 1504 2501
f 617 807 615
f 1857 1290 1856
f 980 1867 1858
f 2535 1818 1369
f 1369 1275 2535
f 1860 1884 1861
f 1884 1883 1846
f 1259 1863 1916
f 1241 1845 1847
f 1214 1250 1208
f 1272 1853 1209
f 1389 575 713
f 663 423 661
f 1295 1263 1235
f 1493 1444 1443
f 1808 1319 1285
f 1843 1844 1868
f 553 515 663
f 1279 2538 2511
f 1857 2539 1290
f 1830 1882 1884
f 626 766 556
f 1842 1274 1273
f 2540 1799 1850
f 1924 1799 2540
f 2032 1555 1754
f 1441 1754 1555
f 613 612 1373
f 1259 1916 1260
f 868 1309 866
f 866 1309 1291
f 1693 1447 1446
f 1290 2539 1305
f 1323 2539 979
f 2501 1430 1950
f 545 712 616
f 1711 2469 1673
f 1242 1809 1816
f 608 1405 606
f 1689 1966 1690
f 981 1323 979
f 862 716 791
f 617 704 807
f 547 546 650
f 578 1273 576
f 644 1329 1830
f 1323 1305 2539
f 1387 1428 1421
f 2048 650 546
f 631 743 892
f 1799 1618 1824
f 2048 743 2022
f 545 616 2122
f 1801 1949 1296
f 642 641 868
f 2048 585 650
f 2122 616 615
f 671 2399 636
f 1731 1733 1697
f 1916 1917 1260
f 414 536 494
f 832 849 1327
f 1821 1318 1317
f 1775 1446 1749
f 1330 1325 1340
f 632 522 521
f 1226 522 632
f 1724 1735 1757
f 643 857 646
f 995 538 535
f 1324 1335 857
f 1020 2505 1328
f 1938 1844 1833
f 2117 456 892
f 1752 1435 1437
f 1330 1358 2541
f 557 555 554
f 1697 2000 1731
f 414 494 493
f 767 2040 621
f 703 491 704
f 1332 1372 1695
f 2469 1711 1800
f 1803 1425 1427
f 1647 1550 1599
f 1212 528 530
f 1467 1354 1353
f 614 1373 410
f 1367 1967 1267
f 1775 1776 1467
f 1353 1775 1467
f 1804 1427 1815
f 2542 1370 1414
f 656 468 657
f 656 655 468
f 1367 1366 1445
f 1343 1342 1387
f 1370 560 1414
f 1960 2469 1359
f 945 944 435
f 1372 1318 1383
f 1724 1757 1792
f 578 1315 1481
f 675 519 412
f 948 945 1020
f 1967 1966 1833
f 833 704 491
f 485 675 412
f 920 962 947
f 1791 1383 1382
f 493 492 1194
f 1427 1439 1815
f 2502 2157 574
f 1399 1768 1400
f 2028 408 1373
f 1697 2503 2000
f 1432 1439 1427
f 836 742 633
f 1422 2514 489
f 1967 1833 1267
f 1952 1960 1344
f 1157 997 2155
f 1157 2155 2543
f 655 850 1507
f 2541 2000 2503
f 1917 1443 1366
f 1500 861 862
f 1775 1353 1693
f 577 1315 578
f 1034 2157 1073
f 1332 2443 1331
f 1144 1138 1985
f 2544 927 2513
f 1488 1753 1752
f 1437 1488 1752
f 1061 1144 1985
f 1508 2443 1695
f 2461 2100 2152
f 1530 516 2040
f 467 2016 551
f 1438 1495 1791
f 1448 1751 1750
f 1446 1448 1750
f 1194 1034 1033
f 1252 1032 2486
f 2545 1157 2543
f 1895 1894 1917
f 1985 1281 1061
f 408 1562 958
f 1427 1426 1431
f 1421 1987 1388
f 1693 1353 1694
f 1737 1502 2308
f 1367 1267 1254
f 1689 1479 1938
f 422 933 845
f 1371 1384 1284
f 1090 1089 1660
f 1436 1711 1649
f 958 409 408
f 1156 1155 2495
f 956 991 954
f 1253 1367 1254
f 1629 1537 2514
f 1331 2443 2546
f 976 1015 2023
f 929 1531 1536
f 1516 937 2006
f 1757 1853 1792
f 2049 1447 1693
f 1026 1025 1593
f 981 1806 1334
f 2506 1497 2547
f 2514 2548 1629
f 2016 2548 2514
f 1531 929 2466
f 2013 1498 2542
f 1442 1485 1400
f 1649 1487 1436
f 861 1500 993
f 1306 1281 1203
f 1002 1001 1089
f 1531 2466 2465
f 1622 1690 1623
f 2515 1111 1169
f 1272 1250 1793
f 1220 1264 1331
f 1331 2546 1220
f 1092 1282 1395
f 1380 961 2489
f 1672 1650 1649
f 989 2161 990
f 1662 1661 2491
f 960 1583 2197
f 1214 1866 1794
f 1596 1955 411
f 1569 1570 1663
f 1514 2125 1613
f 2053 1486 1485
f 1833 1844 1822
f 870 1662 2491
f 1510 1616 1508
f 1251 1252 1299
f 1674 2526 1482
f 2486 991 887
f 1882 1830 1329
f 997 1156 2153
f 2466 929 1048
f 1659 1936 1018
f 664 1360 1282
f 1360 1395 1282
f 1637 1602 2013
f 1951 934 933
f 938 998 936
f 1607 1631 1679
f 1609 1607 1681
f 1801 1296 1876
f 1620 1801 1876
f 2496 1570 1503
f 1299 1252 2485
f 1298 1297 1369
f 872 2245 873
f 1321 2508 1293
f 1294 1293 2508
f 1548 1549 780
f 1220 2546 2540
f 1289 867 866
f 1627 1986 1051
f 1651 2070 1480
f 2492 1486 1571
f 1486 2053 1546
f 2498 2105 1581
f 2549 1926 2454
f 924 2550 925
f 1213 1866 1214
f 1883 1847 1846
f 1944 2523 1596
f 1597 1944 1596
f 1252 846 1391
f 1986 1683 1682
f 842 873 2247
f 1050 1628 1627
f 1617 1568 1569
f 2090 2445 2551
f 2540 2552 1220
f 2526 2074 2073
f 2488 1602 1601
f 2109 2097 1606
f 2097 1632 1606
f 2552 2353 1220
f 1975 1912 959
f 2121 2405 2299
f 1018 1936 1019
f 1594 1554 1657
f 2123 1611 1610
f 1850 2552 2540
f 913 1265 1820
f 2484 2261 2263
f 1657 1551 1594
f 2526 2147 2074
f 2074 1558 1560
f 1460 1455 1415
f 1653 1097 1944
f 1255 1254 1150
f 2109 1606 1605
f 1461 1402 2484
f 2484 2263 1461
f 1798 1274 1841
f 1546 1598 1544
f 1818 2535 1168
f 1841 1865 1213
f 2141 1696 1586
f 1286 1285 1878
f 685 648 2302
f 1862 1182 1858
f 2109 1511 2098
f 1698 1640 1576
f 1657 2481 1658
f 994 1024 1764
f 2553 1725 1727
f 2524 1932 1726
f 1763 1841 1213
f 1869 1868 1288
f 1013 1036 1160
f 1646 1645 1715
f 1701 1698 1576
f 2169 2554 2071
f 1826 1786 1852
f 1016 1112 1114
f 1675 1151 1676
f 1703 1702 2555
f 1218 1180 2533
f 1712 2528 1766
f 1766 1765 1112
f 1869 2512 1843
f 1535 2123 1534
f 2556 2480 2509
f 1266 2512 1151
f 1558 2556 2125
f 1186 1080 1079
f 1726 1931 1787
f 1930 1787 1931
f 1240 1840 2557
f 2509 1472 2556
f 1081 1100 1046
f 2557 2534 1102
f 1104 2557 1102
f 1255 1150 1149
f 2515 2516 1111
f 1802 2509 2480
f 2149 1770 1669
f 1513 1691 1511
f 2534 2557 1840
f 1908 1878 1930
f 2532 1726 1787
f 1473 2126 1472
f 2555 1748 1703
f 2149 2196 1770
f 1713 1716 1782
f 1782 1125 1713
f 2406 2327 2210
f 1184 1811 1765
f 1765 1811 1113
f 2533 1180 1742
f 2555 2353 1748
f 2205 1734 1701
f 1099 1820 1097
f 2532 1787 2518
f 1761 1469 1490
f 1787 1786 2518
f 2518 2530 2532
f 1462 1464 1541
f 1717 1149 1718
f 2537 1889 1908
f 1889 1878 1908
f 1142 1104 1105
f 1187 2353 2555
f 1417 1416 2301
f 2205 1700 826
f 1700 1669 826
f 684 2170 682
f 706 2121 725
f 2087 1591 1590
f 1791 1495 1383
f 1035 1213 1160
f 1624 1704 1625
f 1035 1763 1213
f 2160 968 967
f 1470 1782 2138
f 1788 2173 1719
f 2095 1657 1554
f 1770 1423 826
f 1763 1764 1841
f 1897 1240 2557
f 1869 1021 2512
f 1151 1150 1266
f 1797 1918 1798
f 1470 1469 1397
f 1207 1159 1208
f 1102 2534 1088
f 2165 1122 830
f 1265 2537 1907
f 1207 1769 1014
f 2542 1498 1385
f 1918 576 1798
f 1111 2516 1962
f 1433 2220 1067
f 1819 913 1099
f 2196 2195 2206
f 1534 1838 1398
f 2552 1166 1748
f 2353 2552 1748
f 951 953 1747
f 1265 1465 2537
f 1744 2272 1812
f 2195 2264 2206
f 1789 858 1411
f 885 2393 1058
f 2550 885 1058
f 2400 853 2079
f 1962 2516 1947
f 1744 917 2272
f 1285 1852 1878
f 1783 1397 1336
f 1813 1760 1259
f 1064 1453 1452
f 2297 2132 2202
f 1235 1826 1295
f 828 1880 2212
f 827 1423 1888
f 2206 1888 1423
f 1052 1702 1050
f 1180 1283 1181
f 1684 999 1103
f 1265 559 1465
f 1845 1241 1897
f 1166 2552 1850
f 1288 576 1918
f 1846 2367 1861
f 1872 2268 1126
f 2212 1881 2220
f 1888 2473 827
f 1944 1909 2523
f 1852 1319 1321
f 1050 1702 1628
f 1188 1187 2555
f 1897 2557 1104
f 1920 1377 1379
f 964 1311 965
f 2167 705 729
f 1365 829 1386
f 1799 1824 1170
f 1905 2296 2229
f 1062 2272 1333
f 1872 2269 2268
f 2264 2260 2279
f 2281 1460 1478
f 1860 1830 1884
f 1005 2558 1006
f 1872 1126 1870
f 1888 2206 1886
f 867 1322 642
f 1708 1710 1361
f 2521 1046 1048
f 1046 2521 928
f 1010 1009 855
f 1710 1362 1361
f 2421 974 973
f 1546 1571 1486
f 859 2559 860
f 1298 1369 1818
f 1280 1830 1860
f 1282 1885 1283
f 1092 1093 1885
f 1848 664 1283
f 1848 665 664
f 1863 1895 1916
f 900 570 427
f 1048 1128 2466
f 2466 1128 2467
f 439 448 450
f 1975 1561 1668
f 442 443 477
f 2444 475 449
f 443 445 460
f 1465 559 558
f 450 449 475
f 1805 1809 1241
f 1376 1375 464
f 1374 459 1375
f 1376 2560 1374
f 1376 1381 2560
f 2559 1249 1145
f 1249 1146 1145
f 861 992 1023
f 1520 1381 2440
f 2375 2371 1374
f 2439 1374 2560
f 2439 2560 1520
f 484 495 455
f 502 484 470
f 1596 2523 1956
f 484 502 501
f 483 2478 1906
f 1906 1517 481
f 1807 499 479
f 1934 480 2403
f 1927 2371 2375
f 2229 2296 1920
f 2561 2438 1774
f 2376 1518 2373
f 2433 2561 1774
f 1774 2438 1772
f 2438 1519 1772
f 1588 1082 1589
f 532 1927 1941
f 496 527 1928
f 1092 1806 981
f 488 487 1634
f 1320 1354 1321
f 1773 1772 1834
f 1934 2403 2380
f 2540 2546 1924
f 1765 1113 1112
f 1827 1892 1891
f 1051 1050 1627
f 1865 2061 1866
f 2061 1865 1842
f 510 2379 2422
f 2135 2377 2136
f 509 508 1911
f 2384 1829 1828
f 2163 2403 569
f 1892 569 1890
f 2462 1320 1319
f 1794 1399 1250
f 1969 2562 1970
f 2135 549 526
f 2304 534 550
f 646 1340 1325
f 1959 2304 1957
f 544 509 2213
f 2214 2213 509
f 2037 1829 2384
f 1343 1894 1276
f 1971 583 2093
f 2329 544 2213
f 1069 1915 804
f 591 531 2379
f 2503 1803 2507
f 1924 2546 1937
f 1913 1993 1914
f 2360 2136 603
f 2279 2280 1886
f 1981 2037 2384
f 922 942 871
f 2213 588 587
f 588 2213 593
f 1399 1793 1250
f 2304 550 2014
f 1866 1768 1794
f 566 595 564
f 902 2467 1109
f 1109 1614 902
f 1982 2044 2043
f 2365 2020 2364
f 2025 1982 2043
f 1340 1352 1358
f 1092 1351 1350
f 565 595 592
f 1949 1801 1619
f 2546 2443 1937
f 2363 2387 2386
f 638 589 2003
f 2044 2014 2045
f 2047 2436 2350
f 2347 1994 594
f 2331 592 618
f 1619 1950 1949
f 1358 2000 2541
f 582 580 2464
f 619 2470 2065
f 1808 1384 2462
f 2387 2348 2563
f 2030 1320 2462
f 2047 2350 2035
f 1439 1791 1815
f 652 2024 2334
f 669 652 2334
f 635 2047 636
f 622 2387 2563
f 2349 676 2108
f 2339 2045 2397
f 2071 2041 2319
f 693 694 2176
f 1833 1966 1938
f 2563 2317 622
f 694 2177 2176
f 2144 651 653
f 666 1960 1359
f 2296 1904 1920
f 2317 2563 2310
f 1273 1754 1842
f 2316 622 2317
f 964 1199 1312
f 2405 2121 2102
f 2082 2402 2401
f 676 2137 679
f 660 2121 706
f 2317 2310 2309
f 2308 2501 1950
f 2504 1724 1793
f 1065 1178 1066
f 688 640 2406
f 680 690 681
f 710 709 2133
f 1800 1435 1396
f 670 2177 694
f 1399 1401 2504
f 689 688 2406
f 2459 735 2398
f 2542 1385 1370
f 1449 578 1481
f 2288 691 2309
f 2459 2554 2455
f 2399 702 2227
f 2211 749 2406
f 395 400 1205
f 707 729 705
f 1905 1303 1903
f 2169 2455 2554
f 1458 1443 1456
f 1731 1753 1732
f 2303 761 2302
f 993 1500 1974
f 2180 772 717
f 2171 2414 2169
f 2172 2178 701
f 1711 1436 1435
f 2231 2186 733
f 2549 1626 1625
f 2413 2455 2414
f 2277 729 768
f 2232 2303 727
f 2285 717 771
f 771 717 772
f 749 2275 689
f 714 2226 2266
f 2284 2280 2260
f 2547 2463 2506
f 1656 1413 1758
f 1735 1656 1758
f 732 714 2452
f 714 2266 2452
f 787 2227 2451
f 1754 1441 1767
f 721 758 2232
f 1627 1629 2548
f 1629 1638 1537
f 1639 1537 1638
f 758 720 2277
f 1445 1366 1443
f 1481 1938 1479
f 2564 737 736
f 1448 1447 1680
f 751 756 2417
f 740 2242 2265
f 2257 811 2458
f 2458 2565 2257
f 2299 2405 2182
f 2454 1626 2549
f 2566 765 731
f 1509 1695 1372
f 1448 1680 1996
f 2567 747 2233
f 2233 818 2567
f 2252 2442 2250
f 753 778 814
f 1458 1493 1443
f 2564 822 821
f 2265 785 741
f 770 754 813
f 813 754 814
f 938 1557 949
f 1401 1486 1723
f 2418 2416 2428
f 796 2452 2236
f 2425 760 2243
f 2453 2423 2273
f 1671 1673 2469
f 2223 2276 2191
f 2420 779 2249
f 769 2412 854
f 1256 1258 1898
f 2257 817 811
f 2416 2248 2429
f 2235 796 2236
f 1650 2525 1648
f 1430 1674 1482
f 810 2357 2291
f 1558 2125 1459
f 2189 2417 2419
f 2437 2199 2236
f 1907 2537 1908
f 1486 2492 1723
f 2429 2248 2200
f 1476 1996 1630
f 1637 2013 1413
f 2344 2271 883
f 912 911 1986
f 2449 813 2358
f 2497 2119 1651
f 2223 2191 894
f 1996 1679 1630
f 1337 1190 1152
f 2170 684 2251
f 2253 799 2305
f 912 2548 2016
f 1627 2548 912
f 817 816 881
f 1488 2050 2498
f 2174 2287 2175
f 1503 2487 1504
f 906 2429 904
f 2246 1003 869
f 1995 985 2569
f 986 985 1995
f 1480 2070 1450
f 819 2151 2193
f 909 2305 907
f 2067 1232 1923
f 2201 2358 885
f 889 2225 890
f 1611 1636 1656
f 2190 2189 2408
f 2189 2419 2408
f 1101 2001 1225
f 971 2424 2209
f 2465 902 516
f 908 2198 930
f 2199 2160 930
f 1229 1118 2294
f 1936 1016 1019
f 1751 1996 1420
f 1547 1537 1639
f 2408 2419 906
f 1589 928 848
f 878 877 2161
f 1172 2280 1163
f 1448 1996 1751
f 1554 1595 1466
f 1446 1775 1693
f 1527 2498 1581
f 1248 2306 1249
f 1692 2072 1580
f 940 2434 941
f 2395 881 875
f 1633 1630 2097
f 1630 1632 2097
f 1631 1606 1632
f 1556 2095 1554
f 2201 885 2550
f 1585 1584 1609
f 2166 893 968
f 971 2209 969
f 2162 2204 2116
f 2083 1510 2536
f 1692 1586 1585
f 1056 2298 1223
f 1580 1586 1692
f 2441 2430 935
f 1161 1163 2284
f 2454 847 2519
f 2094 2033 1688
f 1688 1542 2094
f 2383 1029 2175
f 2407 2190 2408
f 2492 1571 1610
f 2053 1598 1546
f 2159 2344 882
f 1524 2083 2536
f 2159 2570 2344
f 1245 2046 1246
f 2488 2493 2052
f 2526 2487 2527
f 2128 909 983
f 891 890 2139
f 2340 1233 1232
f 2500 2154 1055
f 2097 2099 2112
f 1570 1568 1567
f 935 898 2571
f 867 642 868
f 891 2139 1043
f 1029 1028 941
f 2447 2090 2551
f 1135 1709 1139
f 468 1507 465
f 2441 2368 2404
f 957 1038 904
f 2551 2445 2207
f 1042 2396 891
f 2077 880 2395
f 970 1040 971
f 990 2161 2084
f 2240 2288 2309
f 893 895 1008
f 1650 2106 2525
f 2488 1521 2493
f 2441 935 2571
f 2393 886 1119
f 1193 1999 2086
f 2104 1664 2105
f 1058 1057 2550
f 1531 2465 516
f 925 2550 1057
f 2487 2526 1504
f 1215 2456 1216
f 2293 2297 2202
f 2128 2343 2253
f 1516 1507 850
f 1687 2119 1622
f 2096 1687 1622
f 984 908 1086
f 1176 1087 1177
f 2128 983 2129
f 1568 1617 1566
f 1005 2342 2558
f 1580 1579 2141
f 2027 2340 2306
f 1968 2022 2023
f 2074 2480 1558
f 1484 2109 1605
f 1489 1664 2104
f 518 1604 519
f 845 932 1474
f 2125 1472 2126
f 2130 1200 970
f 2171 2170 2251
f 2051 1037 957
f 2010 2368 2011
f 1535 1522 1601
f 1107 2370 2369
f 1257 1988 2064
f 746 2182 2181
f 1162 1043 2140
f 2389 2340 2110
f 2389 1084 2340
f 1008 1007 2086
f 2522 2149 2114
f 1087 966 1177
f 2340 1154 1233
f 2080 1946 2447
f 2421 879 974
f 2068 2457 1056
f 1041 1162 1161
f 2481 1552 1658
f 2149 2522 2517
f 2080 1141 1140
f 2051 1057 1222
f 1101 1224 983
f 2138 1716 1592
f 1997 2450 1998
f 1139 2062 1135
f 2078 2450 1997
f 2068 1119 1228
f 423 845 686
f 1041 1161 2315
f 2011 2472 1245
f 2447 2091 2090
f 517 519 675
f 2129 1943 2362
f 2130 2089 2456
f 2196 2149 2517
f 1162 1171 1163
f 1188 2555 1702
f 1008 2086 1999
f 1011 1010 2062
f 2110 2027 2084
f 1140 1139 1919
f 2311 1998 2010
f 834 1349 1499
f 1224 1943 2129
f 849 848 863
f 1513 2185 1691
f 2138 1471 1470
f 2196 2517 2194
f 1172 2002 2361
f 742 2022 743
f 2101 2129 2362
f 2140 2152 2100
f 2355 1997 1864
f 2368 2441 2011
f 1229 1228 1118
f 1153 1030 1004
f 1781 1802 2148
f 2551 2207 2320
f 893 2166 894
f 2311 2010 2012
f 1154 1234 1233
f 1154 1164 1234
f 1709 1919 1139
f 2457 1228 1227
f 1697 1733 1529
f 1795 1722 1796
f 1130 1129 1902
f 1056 1223 1222
f 1718 1149 1675
f 2570 2159 2460
f 2456 1977 1976
f 1118 2328 1247
f 1675 1149 1151
f 898 1039 2472
f 2571 898 2472
f 1554 1594 1595
f 506 2069 573
f 611 2028 1373
f 686 2075 865
f 2361 1943 1887
f 1232 1234 1922
f 1227 1229 1572
f 2280 2284 1163
f 1257 1262 1261
f 2479 1744 1746
f 2509 803 1472
f 2089 2445 2090
f 1454 963 1462
f 1462 965 1463
f 988 1119 989
f 1028 2352 941
f 2321 853 2400
f 1052 1188 1702
f 2447 2400 2081
f 2259 2195 2194
f 1494 1524 2536
f 2139 2152 2140
f 1227 1572 1386
f 1310 1198 2314
f 723 2186 2231
f 984 909 908
f 1312 1977 1313
f 803 805 1408
f 1762 1348 1357
f 1361 1363 1796
f 2188 1361 1796
f 1880 2499 1225
f 1463 1345 1417
f 1425 1529 1426
f 761 2251 684
f 1898 1258 1355
f 1067 952 951
f 904 1038 905
f 832 1327 808
f 1942 1888 1887
f 1355 1896 1898
f 1348 1355 1357
f 752 772 2180
f 1461 2263 1525
f 2128 2461 2343
f 713 712 844
f 1147 2184 1145
f 2075 2031 791
f 1040 2435 971
f 1239 1870 1874
f 898 2435 1040
f 1625 1165 1926
f 1310 952 1066
f 1307 1065 2220
f 1304 1345 1346
f 2164 2343 2461
f 418 1336 1397
f 878 2161 989
f 886 878 989
f 859 858 1364
f 1417 1345 1418
f 1874 1126 1783
f 1196 2476 1362
f 808 1327 1328
f 1377 1708 1378
f 2215 1196 1838
f 880 974 879
f 808 1328 809
f 828 2473 1880
f 607 547 650
f 1124 2268 2259
f 2201 2550 924
f 2279 1886 2264
f 2206 2264 1886
f 1310 953 952
f 2193 2151 2139
f 906 905 2408
f 1881 1307 2220
f 720 729 2277
f 1145 860 2559
f 1336 1873 1783
f 1070 804 803
f 2434 2174 941
f 1068 1407 953
f 886 876 878
f 1363 1362 2476
f 2253 909 2128
f 2543 2155 2545
f 1379 2229 1920
f 2272 1062 1812
f 1789 1365 858
f 819 2164 2151
f 1068 1070 1407
f 2229 1515 1905
f 2526 2073 1482
f 1063 1287 1064
f 1356 417 1762
f 2272 917 916
f 521 2115 613
f 1421 1428 1482
f 1762 417 419
f 1409 805 804
f 1258 1261 1356
f 2499 1880 2473
f 816 852 874
f 917 1473 1409
f 1412 860 2192
f 1268 607 606
f 2476 2215 2477
f 1789 1411 2173
f 1070 803 1802
f 1302 1409 1864
f 1068 1271 1069
f 1379 1378 2188
f 830 829 1788
f 418 1261 1190
f 1454 1453 963
f 419 1397 1469
f 1146 2066 2471
f 1777 1734 2205
f 1398 1122 2165
f 2200 2249 2201
f 2482 1515 1552
f 1364 2294 859
f 1416 1515 2482
f 1412 2192 1513
f 1730 2059 1379
f 1362 1902 1196
f 2320 2207 793
f 2559 859 1247
f 2278 2185 2184
f 1386 1121 1223
f 2115 521 520
f 1873 1961 1239
f 2358 2249 2448
f 2188 1796 1720
f 1761 1762 1469
f 2357 2191 2291
f 2448 2449 2358
f 2355 1864 804
f 1221 1223 1121
f 2067 2066 1146
f 2430 2307 821
f 1247 1249 2559
f 1239 1238 1870
f 2442 897 2415
f 1249 2067 1146
f 2126 1473 2479
f 2467 1110 1109
f 1699 1433 1566
f 2147 1406 1440
f 786 802 883
f 1191 2483 1915
f 1920 1919 1377
f 574 610 2502
f 1224 1225 2499
f 1729 2106 1707
f 416 415 838
f 1655 2187 2141
f 995 535 425
f 2479 1746 2126
f 536 414 426
f 2123 1722 1795
f 1564 2165 1655
f 1919 1709 1377
f 1489 1471 1664
f 1590 2126 1746
f 1464 2301 2095
f 2244 2258 2222
f 2236 789 2437
f 435 2127 2505
f 1130 1710 1964
f 1864 1998 1301
f 1745 1687 2096
f 918 1301 2311
f 1942 1224 2499
f 2123 1610 1721
f 2295 2315 2284
f 435 446 2127
f 1249 2306 2067
f 1484 1512 2109
f 2412 2292 854
f 431 537 432
f 1575 2114 1669
f 400 1175 1205
f 1728 1567 1566
f 2147 2527 1538
f 2125 2556 1472
f 879 2421 812
f 751 2417 2189
f 1512 1511 2109
f 1206 1256 1898
f 2104 1648 1490
f 1542 1541 2094
f 1655 1565 1564
f 2480 2556 1558
f 2292 2412 751
f 1567 1539 2490
f 1709 1135 1964
f 1640 1698 1617
f 2442 2252 2425
f 2442 2415 2250
f 1667 1592 1582
f 2418 745 2416
f 1621 2087 2096
f 414 416 426
f 2356 2315 2295
f 800 777 2216
f 1580 2141 1586
f 1479 2497 1651
f 1444 1591 1641
f 1532 1645 1599
f 2425 2252 760
f 1640 1617 1616
f 2409 2282 2258
f 2153 456 458
f 2156 997 548
f 2052 1602 2488
f 741 740 2265
f 2231 798 2230
f 754 772 752
f 759 2303 2232
f 1533 1599 1506
f 1248 2027 2306
f 756 745 2418
f 2565 2178 2567
f 1532 1528 1574
f 785 784 739
f 2275 749 748
f 1631 1607 1606
f 2076 2355 2483
f 1903 2080 1140
f 2565 2458 2178
f 2355 2078 1997
f 2052 2493 1496
f 1177 1008 1198
f 2105 2498 2050
f 1532 1599 1533
f 2018 1037 1963
f 2070 1688 1450
f 1528 1527 1573
f 2300 2182 756
f 1200 1976 1201
f 2456 2089 1216
f 1237 1107 2369
f 1085 1087 1176
f 1426 1528 1532
f 2255 2204 877
f 1674 1504 2526
f 749 2211 750
f 744 718 762
f 2046 1245 2472
f 1132 431 433
f 520 522 1074
f 728 768 729
f 1194 492 1195
f 1529 1528 1426
f 2414 2455 2169
f 708 710 2227
f 1041 2356 2369
f 1623 1690 1641
f 2049 1681 1447
f 761 685 2302
f 1482 2073 1421
f 1497 1642 2547
f 1642 2463 2547
f 2410 2227 702
f 2463 2072 1694
f 1466 1441 1555
f 1498 1497 2506
f 702 678 2168
f 2241 2240 2309
f 2210 724 2217
f 433 1095 1133
f 1194 415 493
f 2290 853 2321
f 1432 1431 1533
f 1960 1671 2469
f 1498 2506 1385
f 1736 2496 1737
f 2143 2142 730
f 1445 1444 1690
f 1414 2013 2542
f 738 700 735
f 1076 1117 946
f 1508 1663 1929
f 2157 2502 954
f 2241 2309 2297
f 1400 1485 1401
f 2401 695 2186
f 1075 954 2502
f 2401 2186 722
f 1451 2032 1754
f 2358 2201 2249
f 2030 1694 1353
f 2027 2026 990
f 1008 1177 966
f 1938 1481 1315
f 1060 1084 2124
f 2472 2011 2571
f 1206 2131 2063
f 2177 699 701
f 2506 2463 2462
f 1918 1797 1668
f 693 2142 667
f 706 705 660
f 1439 1438 1791
f 1738 1771 1736
f 1929 1736 1771
f 1967 1367 1445
f 2309 691 2317
f 2443 1929 1937
f 640 639 2406
f 2459 2398 2397
f 1749 1750 1776
f 1776 1750 1468
f 1368 1950 1429
f 2406 639 2327
f 2174 2434 2238
f 1804 1803 1427
f 2397 2113 2459
f 2011 2441 2571
f 1108 1004 1006
f 1866 1767 1768
f 2144 678 2337
f 2310 2563 2318
f 1619 1618 1738
f 688 2468 630
f 919 1059 2124
f 636 2134 634
f 1366 1260 1917
f 1816 1804 1815
f 1294 1468 1326
f 838 415 839
f 2231 732 798
f 2389 2111 972
f 2541 2503 2507
f 907 2305 2235
f 2065 2330 2103
f 1368 1296 1949
f 2508 1354 1467
f 2541 2507 1330
f 2324 2055 2057
f 2508 1467 1294
f 2318 2088 2132
f 651 2024 652
f 628 2065 629
f 1382 1318 1821
f 2318 2563 2336
f 981 1334 1324
f 981 1324 1323
f 2391 605 647
f 1415 1403 1402
f 1330 2507 1882
f 2388 2464 580
f 2563 2348 2336
f 2161 2116 2084
f 641 645 1309
f 868 641 1309
f 1305 1322 867
f 1642 1497 1496
f 637 630 589
f 1882 2507 1883
f 1275 1369 1342
f 1847 1883 2507
f 1006 2396 2385
f 2394 2395 875
f 586 2349 2108
f 2400 2447 2551
f 1263 1295 1294
f 601 2065 596
f 2470 596 2065
f 2029 592 2331
f 931 930 967
f 1821 1317 1189
f 1790 1821 1839
f 2551 2320 2400
f 1189 1317 1264
f 1824 1620 1876
f 1867 979 1857
f 979 2539 1857
f 2332 579 597
f 2572 1279 1280
f 2396 1006 2558
f 1992 2021 2348
f 1219 1189 1264
f 1275 1169 2535
f 2152 2164 2461
f 598 568 635
f 972 2411 899
f 2495 2426 1156
f 2495 2197 2426
f 2348 2387 2363
f 595 2470 618
f 2217 750 2210
f 1824 1876 1185
f 2348 2363 1992
f 2198 2236 2199
f 898 897 2435
f 2558 889 2396
f 1465 1286 1889
f 777 2217 2216
f 899 2411 2221
f 1218 1848 1283
f 2386 1980 2363
f 1851 1298 1818
f 852 2404 874
f 2036 2037 2034
f 1240 1242 1839
f 880 881 2395
f 941 2174 1029
f 1843 1266 1822
f 1022 1869 1705
f 591 2379 2003
f 1862 1202 1182
f 1869 1022 1021
f 1973 2003 1972
f 2044 1957 2304
f 895 894 2150
f 889 2558 2342
f 883 2271 786
f 591 561 531
f 1136 2367 1846
f 1760 1759 1863
f 2366 1810 1183
f 769 854 853
f 1136 1845 1142
f 1817 1100 1780
f 2320 2321 2400
f 1914 1993 1945
f 2136 2382 603
f 2358 876 885
f 2003 2379 512
f 2214 1911 1983
f 2518 1825 2530
f 2530 1825 2359
f 2445 2208 2207
f 2437 2166 2160
f 1182 1184 1179
f 2221 2204 2431
f 539 526 549
f 1288 1918 1705
f 1705 1869 1288
f 1911 1910 1983
f 1742 1180 1179
f 2528 1742 1179
f 512 1945 1972
f 509 1911 2214
f 503 542 2382
f 1100 1081 1780
f 1717 1813 1149
f 1971 1678 1935
f 2225 2342 2446
f 510 512 2379
f 507 509 544
f 544 543 507
f 2198 907 2235
f 1644 534 1959
f 1094 2491 1661
f 527 2377 2135
f 1677 1678 1971
f 2424 2243 2209
f 2534 1875 1088
f 2474 524 523
f 1948 1835 1953
f 1953 1940 1948
f 1953 533 1940
f 2292 2189 855
f 524 2474 527
f 1160 1159 1013
f 851 2307 852
f 2341 2446 2342
f 1739 525 1837
f 525 1739 523
f 2379 514 2422
f 819 801 2164
f 1151 1021 1676
f 813 835 876
f 1930 1785 1787
f 533 532 1940
f 1644 1959 1807
f 823 897 896
f 1766 1112 1936
f 1935 1934 2380
f 513 1831 394
f 1726 2532 1727
f 1686 1665 1910
f 2474 2475 527
f 527 2475 1928
f 2344 2568 2271
f 2433 1774 1773
f 1036 1035 1160
f 961 1583 960
f 1498 2013 2052
f 2446 2341 2273
f 484 501 496
f 823 2415 897
f 2422 399 1501
f 2430 821 820
f 2475 2478 1928
f 495 1928 2478
f 2246 1203 1001
f 853 2290 769
f 812 2357 810
f 2424 2442 2425
f 2372 1921 1891
f 2439 2561 2433
f 2375 2439 2433
f 1394 1933 1678
f 1726 1932 1931
f 1102 1088 1053
f 1109 1111 1962
f 1797 1912 1975
f 1022 1705 1706
f 2438 2439 1520
f 479 478 1644
f 476 475 2372
f 801 797 2253
f 1518 1520 2440
f 2440 482 2373
f 483 455 2478
f 2218 960 1243
f 1394 1393 1933
f 2235 2305 796
f 1520 2560 1381
f 1098 1653 1652
f 462 453 483
f 480 440 450
f 956 1049 888
f 1670 1704 1624
f 1053 1682 1684
f 2467 1128 1110
f 2341 2286 2273
f 2449 2448 779
f 821 783 2564
f 992 1021 1023
f 499 1231 996
f 464 461 463
f 464 1375 461
f 1375 459 461
f 1023 1022 1706
f 2566 811 810
f 2267 2283 2287
f 463 901 453
f 2236 2452 2266
f 447 454 428
f 1718 1675 1615
f 992 993 1675
f 765 2566 810
f 1682 1053 1051
f 1082 1046 928
f 901 1877 453
f 1653 1944 1603
f 1504 1430 2501
f 2258 2244 2409
f 1986 1682 1051
f 1926 1078 1588
f 978 1036 1015
f 788 2451 2244
f 797 2230 798
f 2444 806 1230
f 2203 2453 2273
f 2248 763 2420
f 2549 1625 1926
f 2565 2567 2257
f 2489 888 1049
f 1926 1588 2454
f 2413 822 2564
f 938 950 1017
f 2417 756 2418
f 1979 903 1614
f 1638 1629 1628
f 1706 1668 1578
f 938 1017 998
f 1015 1014 1968
f 811 2566 2458
f 2341 2335 2286
f 2454 1588 1587
f 903 1979 422
f 976 978 1015
f 1023 1706 505
f 2465 2467 902
f 1654 1653 1603
f 872 1306 2245
f 2564 736 2413
f 785 739 741
f 1597 1603 1944
f 751 2300 756
f 409 994 977
f 761 2252 2251
f 2293 2203 2274
f 505 1706 1578
f 2178 2172 2567
f 771 763 2285
f 2216 723 2230
f 2451 2227 2410
f 802 2238 940
f 693 2458 731
f 977 976 836
f 937 936 2006
f 2285 762 718
f 2237 776 819
f 2203 2293 2202
f 411 1995 486
f 2458 2176 2178
f 833 490 1626
f 739 692 740
f 742 976 2023
f 684 685 761
f 1097 1907 1909
f 735 2455 736
f 2167 729 720
f 2143 730 2168
f 723 722 2186
f 1692 2049 1693
f 519 413 412
f 750 2217 777
f 551 2016 1422
f 1422 2016 2514
f 2274 2283 2293
f 731 2458 2566
f 2287 2174 2267
f 727 2302 654
f 693 730 2142
f 2567 2172 747
f 2287 2286 2335
f 832 2519 847
f 849 832 847
f 2398 735 700
f 757 489 491
f 2169 682 2170
f 408 410 1373
f 2210 2211 2406
f 421 423 663
f 724 2327 2325
f 2144 2143 678
f 2073 1560 1421
f 2132 2146 2202
f 788 787 2451
f 2118 687 2146
f 2246 869 2247
f 679 705 2167
f 667 668 693
f 2325 2324 724
f 2103 2183 2405
f 687 2118 688
f 2485 1252 1391
f 2312 719 2183
f 2183 719 2181
f 633 614 836
f 690 2316 691
f 1403 869 871
f 2103 2330 2183
f 1404 1339 2261
f 2071 2554 2459
f 699 2339 700
f 849 863 625
f 2319 683 682
f 633 742 631
f 2102 2103 2405
f 1642 2072 2463
f 672 2337 678
f 2402 2464 695
f 683 2391 647
f 2118 2468 688
f 575 757 712
f 755 1455 1460
f 2263 781 1525
f 795 773 1405
f 2346 2464 2402
f 2118 2054 2468
f 622 2316 623
f 1527 1733 1732
f 553 621 515
f 2423 2275 2254
f 2319 2042 683
f 2047 2337 672
f 2347 2346 2402
f 2108 654 605
f 2564 783 737
f 2334 2045 670
f 2338 670 2045
f 1478 1461 1525
f 2054 609 2468
f 713 844 1389
f 2349 2029 676
f 1447 1681 1680
f 2113 2351 602
f 2397 2351 2113
f 716 715 494
f 1656 1637 1413
f 2230 800 2216
f 1390 1389 844
f 614 633 632
f 624 2386 622
f 743 2048 2117
f 610 573 611
f 605 586 2108
f 2274 2286 2283
f 1979 1962 1947
f 521 614 632
f 627 626 529
f 2054 2381 609
f 634 598 635
f 1936 1112 1016
f 2242 2239 2256
f 809 615 807
f 545 910 844
f 2054 2007 2381
f 396 401 1526
f 662 661 537
f 595 596 2470
f 2020 2365 2390
f 586 588 2349
f 788 2244 2437
f 2350 2436 2036
f 1993 2058 2056
f 2281 1478 401
f 594 1994 2092
f 548 547 607
f 2436 567 2036
f 792 794 758
f 2058 1993 1994
f 2007 561 2381
f 595 565 564
f 545 982 497
f 1270 548 607
f 561 2007 562
f 432 538 995
f 1328 921 1020
f 2274 2273 2286
f 2266 789 2236
f 457 546 458
f 1502 2496 1503
f 542 544 2364
f 1892 2017 567
f 2257 2567 818
f 2243 759 2228
f 781 1391 824
f 549 2135 1989
f 435 2505 945
f 776 777 800
f 1935 2380 1978
f 534 539 549
f 2163 2380 2403
f 432 995 433
f 2384 1828 500
f 503 543 542
f 541 1954 525
f 524 541 525
f 540 1954 541
f 2230 797 800
f 435 944 436
f 1012 456 2154
f 1784 1677 1971
f 1779 1784 1971
f 1739 1837 1925
f 523 1739 1741
f 1834 2376 1837
f 1772 2376 1834
f 1940 2374 1948
f 1940 1941 2374
f 2115 520 1075
f 1404 942 1339
f 1339 1300 2262
f 887 956 888
f 1740 1906 2427
f 1138 1144 599
f 1132 433 1133
f 870 2491 922
f 1807 479 1644
f 2376 2373 1740
f 1906 2478 2475
f 1784 1394 1677
f 1663 2496 1736
f 1495 1494 2536
f 1003 1002 870
f 2561 2439 2438
f 926 2489 961
f 488 1501 473
f 837 1300 943
f 991 2486 1032
f 1392 1784 1901
f 2255 814 778
f 451 840 474
f 475 2444 1230
f 2254 2237 2224
f 1026 1306 1027
f 1466 1595 1442
f 2419 2418 2428
f 1091 1071 1134
f 454 1877 428
f 440 1393 441
f 996 429 442
f 428 1877 427
f 444 571 900
f 789 788 2437
f 1049 955 1380
f 1033 1251 839
f 1091 1134 1661
f 2510 1279 2511
f 1280 1860 1859
f 2322 1859 2366
f 2322 2008 1859
f 2572 1859 2008
f 1854 2008 2322
f 2572 2008 1292
f 2322 2366 1183
f 1183 1202 2322
f 1280 1859 2572
f 2475 2427 1906
f 1279 2572 1292
f 2573 1405 775
f 774 1491 2569
f 1491 1995 2569
f 2574 1269 606
f 2553 2562 1969
f 1969 1725 2553
f 2494 1155 1157
f 2155 2156 2545
f 1243 1244 2520
f 1405 2574 606
f 2573 2574 1405
f 2156 2529 2545
f 2573 2529 2574
f 2574 2529 1269
f 2545 2529 2494
f 2494 1157 2545
f 1970 2569 985
f 1269 2529 1270
f 2218 2219 2513
f 2562 2569 1970
f 1243 2520 2219
f 2495 2494 2520
f 427 2575 428
f 434 435 436
f 447 428 2575
f 2578 2579 2576
f 2582 497 2583
f 2587 2588 2589
f 2582 545 497
f 2589 2592 566
f 2593 2592 2594
f 570 571 2595
f 2596 2597 2598
f 601 2600 2601
f 628 629 2608
f 2609 655 656
f 2614 2615 2616
f 2617 2618 2613
f 2625 755 2626
f 2623 2627 778
f 2628 790 2629
f 2631 2597 2607
f 841 842 2632
f 843 2633 2634
f 850 2604 2635
f 872 873 2634
f 872 2637 2638
f 899 2639 2640
f 910 545 2582
f 2598 910 2582
f 2640 2641 919
f 2645 2646 2647
f 2648 2647 2646
f 982 446 434
f 402 1031 403
f 2650 1044 1045
f 2654 2655 2656
f 2651 2654 2656
f 2642 2643 2657
f 2658 2659 1218
f 2661 2662 2663
f 2660 2664 2665
f 2666 2650 2667
f 2668 2667 2650
f 2669 2670 2648
f 2674 2675 1344
f 2679 2632 842
f 1415 2679 2680
f 2681 655 2682
f 2625 2679 1455
f 2681 2602 850
f 2604 850 2602
f 1516 2635 2683
f 2644 1557 2636
f 2685 2686 2684
f 1659 1018 2688
f 1665 1666 2581
f 2691 1712 2689
f 1742 2692 2652
f 1742 1712 2691
f 2693 2694 2665
f 2660 2694 1848
f 420 2595 571
f 2584 427 2695
f 2694 665 1848
f 2664 2696 2665
f 665 2694 2674
f 665 2674 666
f 2697 2689 1712
f 1952 1344 2698
f 566 564 1984
f 2601 2699 629
f 658 1390 2597
f 2677 2700 2605
f 2700 2606 2605
f 2587 2589 566
f 434 497 982
f 436 2654 434
f 2655 2705 2706
f 2705 1077 2707
f 2663 1044 2650
f 2709 2619 2620
f 1027 2648 1025
f 2667 2661 2666
f 2710 2221 2711
f 2669 2648 2646
f 2638 2676 1027
f 2672 2671 2645
f 2714 2715 2716
f 2712 2629 790
f 2281 2717 755
f 2626 755 2717
f 2717 2719 2626
f 2720 2721 2687
f 2721 2722 2617
f 406 2610 2613
f 2179 2616 2180
f 2614 2708 2615
f 2323 2724 2725
f 628 2726 2323
f 2608 2727 2728
f 2593 596 2592
f 596 566 2592
f 2576 2729 2577
f 2579 472 2576
f 2730 2579 2578
f 1666 2730 2731
f 566 1984 2587
f 1031 402 2732
f 2313 2725 2179
f 2587 1984 2733
f 563 2733 1984
f 2703 2734 2704
f 2180 2616 752
f 2735 2619 2709
f 899 2221 2710
f 2580 1910 1665
f 2729 469 2621
f 2641 2704 2734
f 919 2641 2734
f 2622 2621 2736
f 2695 427 570
f 427 2584 2575
f 570 2595 2695
f 2732 2060 1031
f 2623 753 2735
f 753 752 2735
f 2593 2600 596
f 2179 2611 2616
f 2179 2612 2611
f 2703 2702 1031
f 403 1031 2702
f 2647 2648 1027
f 2703 1031 1059
f 1516 2737 937
f 401 406 2613
f 2722 2720 2738
f 2717 2618 2617
f 2625 2716 2679
f 2632 2679 2716
f 2679 1415 1455
f 873 842 2634
f 2661 2650 2666
f 2642 2663 2662
f 2642 2657 2663
f 2657 1116 2663
f 2707 2657 2643
f 2707 2643 2706
f 2707 1117 2657
f 2705 2707 2706
f 2649 497 434
f 2718 2625 2626
f 2624 2625 2718
f 2607 2597 2590
f 2599 2605 2606
f 2631 2607 2606
f 2597 2631 658
f 2700 2631 2606
f 2680 869 1415
f 2678 2603 2740
f 2634 2637 872
f 2682 655 2609
f 2604 2603 2630
f 2647 2676 2645
f 2635 1516 850
f 2654 436 2655
f 2705 2655 436
f 1077 2705 944
f 2668 1025 2648
f 949 1557 2644
f 1045 1025 2668
f 2692 1742 2691
f 2657 1117 1116
f 2697 1659 2688
f 2688 2690 2697
f 2688 1018 2686
f 2688 2686 2685
f 2645 2671 2646
f 1557 937 2737
f 1742 2652 2533
f 2612 2179 2725
f 1516 2683 2737
f 2683 2630 2741
f 655 2681 850
f 2598 1390 910
f 1218 2659 1848
f 2660 1848 2659
f 2700 2677 2609
f 2609 656 2700
f 2693 2674 2694
f 2674 1344 666
f 2649 434 2651
f 2636 1557 2737
f 2684 949 2644
f 2667 2668 2670
f 2676 2647 1027
f 2669 2646 2671
f 2665 2696 2693
f 2634 842 841
f 841 843 2634
f 2713 2716 2715
f 1455 755 2625
f 2533 2653 1218
f 2613 2618 2281
f 2687 2721 2617
f 2617 2613 2687
f 2652 2653 2533
f 2665 2694 2660
f 2689 2697 2690
f 2736 2575 2622
f 1666 2579 2730
f 2581 1666 2731
f 596 2600 601
f 1344 2742 2698
f 2726 628 2608
f 752 2616 2615
f 752 2615 2619
f 752 2619 2735
f 790 778 2712
f 949 2684 2686
f 2676 2673 2672
f 919 2734 1059
f 2734 2703 1059
f 2716 2713 2632
f 2740 2681 2682
f 656 658 2631
f 2735 2709 2623
f 2597 1390 2598
f 2596 2590 2597
f 2596 2598 2586
f 2586 2598 2582
f 2221 2431 2711
f 2711 2431 2723
f 2628 2723 2431
f 790 2255 778
f 778 753 2623
f 944 2705 436
f 1344 2675 2742
f 2674 2693 2675
f 2699 2608 629
f 919 899 2640
f 1044 2663 1116
f 2710 2639 899
f 2589 2591 2592
f 2591 2743 2592
f 2653 2658 1218
f 1910 2580 563
f 2581 2580 1665
f 2648 2670 2668
f 2628 2432 790
f 2576 469 2729
f 2621 469 2736
f 1018 949 2686
f 2729 2739 2577
f 2432 2628 2431
f 872 2638 1027
f 2676 2672 2645
f 2683 2635 2604
f 1712 1659 2697
f 2630 2683 2604
f 2611 2614 2616
f 2323 2725 2313
f 842 2680 2679
f 2602 2681 2740
f 2740 2682 2678
f 2323 2726 2724
f 2714 2716 2625
f 2631 2700 656
f 2627 2712 778
f 2717 2281 2618
f 601 2601 629
f 2281 401 2613
f 2738 2717 2617
f 2738 2720 2717
f 2719 2717 2720
f 842 2247 2680
f 2586 2582 2585
f 2701 2585 2582
f 2713 1434 2632
f 841 2632 1434
f 2583 2701 2582
f 2583 497 2649
f 1415 869 1403
f 2580 2733 563
f 2680 2247 869
f 2654 2651 434
f 472 2579 1666
f 469 2576 472
f 447 2736 469
f 1117 2707 1077
f 447 2575 2736
f 2661 2663 2650
f 2650 1045 2668
f 2738 2617 2722
f 2721 2720 2722
f 2624 2714 2625
f 2750 2751 2752
f 2751 2750 2753
f 2751 2754 2752
f 2755 2756 2757
f 2747 2749 2758
f 825 846 2755
f 2763 2748 2747
f 2764 2765 2766
f 887 888 2767
f 926 927 2768
f 2770 2771 2772
f 2773 2771 2774
f 2778 2772 2779
f 1164 2781 2782
f 2786 2787 2788
f 2790 2768 2791
f 1419 1420 2793
f 2792 2794 2795
f 2794 2796 2795
f 1476 2798 1477
f 2799 2800 2801
f 2808 1633 2809
f 1511 1691 2812
f 2813 2814 2815
f 2816 2815 2817
f 2798 1420 1477
f 2820 2819 2818
f 2796 2794 2811
f 2822 2823 2789
f 1922 2823 2822
f 1923 1922 2822
f 2112 2099 2829
f 2813 2830 2814
f 2773 2831 2779
f 2811 2794 2792
f 2771 2832 2774
f 2833 2834 2788
f 2788 2787 2833
f 2771 2770 2788
f 2764 2762 2767
f 2764 2766 2762
f 2756 2762 2797
f 2278 2795 2814
f 2806 2805 1548
f 397 396 2805
f 2807 397 2805
f 1234 1164 2823
f 1691 2278 2814
f 2813 2815 2816
f 2060 2732 2836
f 1234 2823 1922
f 2835 2760 2471
f 2184 2792 2278
f 2804 782 2757
f 1115 2060 2836
f 926 2765 2489
f 2809 2112 2841
f 780 782 1548
f 2792 2184 1147
f 2755 2767 2756
f 2756 2767 2762
f 2801 2796 2810
f 2766 2844 2845
f 2278 2792 2795
f 2767 846 887
f 2790 2846 2768
f 2768 2846 2765
f 2771 2773 2772
f 2824 2849 2848
f 2099 2098 2812
f 2777 2776 2851
f 2819 2852 2780
f 1476 2038 2798
f 396 1548 2805
f 2769 2843 2853
f 2038 1633 2854
f 2788 2832 2771
f 2788 2834 2832
f 2806 1548 782
f 2791 2768 2544
f 2846 2790 2844
f 2841 2112 2829
f 2827 2855 2850
f 2825 2850 2824
f 2850 2855 2856
f 2812 2830 2099
f 2756 2797 2757
f 2812 2098 1511
f 2768 2765 926
f 782 2804 2806
f 2817 2815 2799
f 2815 2800 2799
f 2814 2800 2815
f 1147 2471 2759
f 1923 2822 2471
f 2775 2859 2828
f 2823 1164 2782
f 2544 2768 927
f 2781 1115 2836
f 2824 2850 2856
f 1633 2112 2809
f 2829 2099 2830
f 2847 2746 2754
f 1691 2814 2812
f 2781 1164 1115
f 2800 2796 2801
f 2800 2795 2796
f 1147 2759 2792
f 2066 1923 2471
f 2759 2471 2760
f 2471 2822 2835
f 2769 2842 2843
f 2800 2814 2795
f 2764 2767 888
f 888 2765 2764
f 1691 2185 2278
f 2812 2814 2830
f 2860 2530 2359
f 2852 2819 2820
f 2775 2837 2859
f 2765 2846 2766
f 846 2767 2755
f 2766 2761 2762
f 2853 2763 2769
f 2755 2757 782
f 825 2755 782
f 781 825 782
f 2765 888 2489
f 846 825 824
f 2773 2774 2831
f 2798 2038 2854
f 2808 2854 1633
f 2790 2791 2844
f 2844 2766 2846
f 2862 2531 2863
f 2861 774 2569
f 2793 2798 2821
f 2863 2531 2860
f 2862 2562 2553
f 2531 2862 2553
f 2869 2863 2871
f 2562 2862 2861
f 2562 2861 2569
f 2857 2816 2866
f 2816 2817 2872
f 2494 2876 2520
f 2520 2876 2219
f 2219 2876 2840
f 2876 2494 2529
f 775 2870 2573
f 2799 2802 2817
f 2877 2802 2801
f 2872 2817 2877
f 2802 2877 2817
f 2840 2845 2513
f 2844 2513 2845
f 2513 2219 2840
f 2791 2513 2844
f 2513 2791 2544
f 2531 2530 2860
f 2793 1420 2798
f 2808 2809 2841
f 775 2865 2870
f 2870 2864 2858
f 2803 2839 2838
f 2750 2758 2753
f 2748 2763 2853
f 2881 2880 2882
f 2883 2882 2884
f 2887 2885 2884
f 2889 2884 2878
f 2759 2760 2894
f 2895 2896 2761
f 2762 2761 2896
f 2897 2898 2899
f 404 2900 2901
f 2902 2903 2904
f 2899 2894 2897
f 2792 2759 2914
f 2797 2762 2918
f 2919 2921 2894
f 2922 2923 2804
f 2805 2806 2923
f 2923 2807 2805
f 397 2924 2925
f 2917 2914 2921
f 2928 2919 2894
f 2822 2789 2912
f 2823 2782 2789
f 2824 2929 2825
f 2932 2933 2934
f 2894 2835 2897
f 2935 2897 2835
f 397 2807 2924
f 2904 2933 2932
f 2904 2932 2936
f 2932 2836 2936
f 397 2925 2937
f 407 2900 404
f 2901 2732 404
f 2938 2901 2936
f 2901 2931 2936
f 2936 2931 2902
f 2928 2894 2899
f 2922 2939 2940
f 2936 2902 2904
f 405 397 2937
f 2941 2924 2807
f 2806 2804 2923
f 2811 2914 2917
f 2807 2923 2943
f 2762 2896 2858
f 2918 2762 2858
f 2804 2757 2922
f 2923 2922 2948
f 2918 2949 2947
f 2946 2797 2947
f 2811 2792 2914
f 2927 2928 2899
f 2904 2903 2933
f 2932 2781 2836
f 2902 2950 2903
f 2902 2930 2950
f 2931 2930 2902
f 2836 2938 2936
f 2914 2759 2921
f 2912 2835 2822
f 2835 2912 2935
f 2942 2897 2935
f 2894 2760 2835
f 2921 2759 2894
f 2811 2810 2796
f 2782 2781 2905
f 2732 2938 2836
f 2732 2901 2938
f 402 404 2732
f 2826 2944 2945
f 2896 2840 2858
f 2946 2757 2797
f 2939 2757 2946
f 2941 2807 2943
f 2943 2923 2948
f 2953 2952 2875
f 2898 2927 2899
f 2922 2940 2954
f 2956 2898 2897
f 2942 2956 2897
f 2954 2955 2948
f 2948 2925 2943
f 2879 2881 2883
f 2879 2883 2886
f 2957 2879 2886
f 2745 2842 2958
f 2529 2573 2876
f 2893 2891 2889
f 2744 2893 2889
f 2962 2963 2964
f 2965 2966 2967
f 2968 2967 2969
f 429 2962 430
f 2970 2971 2972
f 437 438 2973
f 2974 2975 2960
f 2976 451 452
f 2977 2971 2970
f 2978 2979 393
f 2974 2980 2981
f 2980 2982 2983
f 2984 2985 2986
f 2966 2987 2973
f 2973 2967 2966
f 437 2975 2988
f 2981 2988 2975
f 2991 2992 2993
f 2994 2995 2996
f 2991 680 681
f 2997 681 711
f 429 734 2977
f 2999 806 449
f 2969 2973 840
f 840 2973 438
f 834 1499 3001
f 3004 3005 3006
f 3003 3002 3007
f 3008 3004 3009
f 3010 3008 3009
f 3011 3004 3012
f 3011 3009 3004
f 3014 3013 3003
f 3015 3016 3017
f 3003 3018 3014
f 3017 3016 3019
f 3016 674 3019
f 3020 3021 3016
f 3016 3022 674
f 3016 3021 3022
f 3022 398 674
f 2959 2972 2971
f 2980 2959 2982
f 2981 2980 2983
f 2988 2981 439
f 3025 2990 3026
f 2962 444 430
f 3029 3021 3024
f 2978 1899 3018
f 3021 3029 3022
f 3003 3007 3018
f 3018 3007 2978
f 3022 3030 3031
f 1831 1832 2978
f 3029 3030 3022
f 2978 1832 1899
f 3032 3033 3029
f 3033 3030 3029
f 2985 2984 3034
f 3032 3035 3033
f 3035 3030 3033
f 3035 3036 3030
f 3011 3012 1671
f 3037 3036 3035
f 2993 623 680
f 3037 3038 3036
f 3037 3039 3038
f 2996 3040 3041
f 2991 681 2997
f 2997 3041 2991
f 3044 2986 2985
f 2985 3045 3044
f 2996 2995 3040
f 2993 624 623
f 2966 2961 2975
f 3026 2990 2968
f 449 2983 2999
f 441 2988 439
f 806 3046 734
f 1893 806 734
f 3007 3002 2979
f 1831 393 394
f 2993 3034 624
f 3048 2997 2234
f 3049 3050 3048
f 3050 3049 3051
f 3051 3052 3050
f 1831 2978 393
f 3042 3038 3039
f 840 451 2969
f 2968 2976 3026
f 2969 2967 2973
f 3046 2971 2977
f 2962 420 444
f 437 2987 2975
f 2960 3053 2974
f 2980 3023 2959
f 2961 2960 2975
f 3041 2997 3048
f 3043 3041 3054
f 3045 3055 2995
f 3055 3034 2993
f 2992 3055 2993
f 393 3056 399
f 3057 3026 3056
f 3056 3026 2976
f 3027 3025 3057
f 3019 834 3001
f 2998 3025 3027
f 448 2983 449
f 3025 3026 3057
f 429 2977 2962
f 3046 2977 734
f 2990 2989 2968
f 2981 2975 2974
f 2967 2968 2989
f 2964 420 2962
f 2989 2965 2967
f 2965 3000 2966
f 3001 1499 3058
f 3058 3005 3001
f 3006 2107 3012
f 1672 3012 2107
f 2974 3023 2980
f 2991 2993 680
f 3040 2992 2991
f 2107 3006 1499
f 3006 3012 3004
f 1952 3059 1960
f 3004 3008 3060
f 3058 1499 3006
f 3060 3005 3004
f 3060 3061 3005
f 3001 3005 3061
f 3015 3061 3060
f 3001 3061 3017
f 3017 3019 3001
f 3015 3017 3061
f 3040 2991 3041
f 3020 3016 3015
f 2982 2959 2971
f 2963 2977 2970
f 2962 2977 2963
f 806 2999 2971
f 806 2971 3046
f 441 437 2988
f 2968 2969 2976
f 734 429 996
f 452 3056 2976
f 393 3027 3056
f 2986 3013 3014
f 3047 3013 2986
f 3034 3062 2386
f 3055 3045 2985
f 3055 2992 2995
f 2271 3051 2234
f 2271 2568 3051
f 3065 3052 3066
f 3066 3042 3065
f 3066 3038 3042
f 3066 3067 3038
f 3038 3067 2570
f 3038 2570 3068
f 3005 3058 3006
f 3036 3038 3068
f 3036 3068 3069
f 3069 3068 2460
f 3030 3036 3069
f 3069 2460 1173
f 3069 1173 3031
f 3068 2570 2460
f 3030 3069 3031
f 1173 400 3031
f 2997 711 2234
f 400 398 3031
f 3022 3031 398
f 395 674 398
f 2570 2568 2344
f 3067 2568 2570
f 3052 3067 3066
f 3019 674 834
f 2568 3067 3052
f 3070 3052 3065
f 3064 3070 3065
f 3070 3050 3052
f 3063 3070 3064
f 3012 1672 1671
f 3011 1671 1960
f 3059 3011 1960
f 3040 2995 2992
f 3034 2386 624
f 3062 1980 2386
f 1980 3062 2984
f 1980 2984 1899
f 2984 3014 1899
f 2986 3014 2984
f 1899 3014 3018
f 3052 3051 2568
f 2978 3007 2979
f 393 2979 3027
f 3002 3028 2979
f 452 399 3056
f 3056 3027 3057
f 451 2976 2969
f 3070 3054 3050
f 2981 2983 448
f 439 2981 448
f 3049 3048 2234
f 2973 2987 437
f 3050 3054 3048
f 2987 2966 2975
f 3053 3023 2974
f 3054 3041 3048
f 3010 3009 3059
f 3009 3011 3059
f 3063 3054 3070
f 3034 3055 2985
f 3034 2984 3062
f 3049 2234 3051
f 2979 3028 3027
f 2983 2982 2999
f 2971 2999 2982
f 3078 3079 3080
f 3088 3086 3087
f 3080 3089 2959
f 3090 3091 3092
f 3091 3093 3092
f 2960 2961 3095
f 3096 3097 3098
f 420 3090 3092
f 3099 3097 3100
f 3104 3102 3105
f 3106 3104 3105
f 3108 3109 3110
f 3109 3108 3111
f 3112 3099 3100
f 3096 2989 2990
f 3118 3119 3120
f 3120 3119 2998
f 3124 3125 3126
f 3127 3128 3000
f 3129 3002 3003
f 3130 3131 3132
f 3003 3133 3129
f 3003 3013 3133
f 3072 3078 3135
f 3074 3078 3136
f 3135 3137 3073
f 3089 3076 3138
f 3139 3140 3083
f 3139 3083 3085
f 3141 3142 3128
f 3128 3142 3143
f 3089 3080 3079
f 3144 3145 3090
f 3023 3080 2959
f 2972 2959 3146
f 2970 3139 3147
f 3000 2965 3127
f 3021 3020 3024
f 3147 3145 2964
f 3145 3144 2964
f 3096 3127 2989
f 3100 3097 2990
f 3097 3096 2990
f 3119 3112 3100
f 3100 2998 3119
f 3148 3149 3150
f 3120 2998 3027
f 3151 3120 3028
f 3152 3029 3024
f 3153 3029 3152
f 3107 3104 3106
f 3029 3153 3032
f 3134 3154 2698
f 3155 3156 3157
f 3158 3159 3156
f 3158 3160 3159
f 3161 3162 3158
f 3128 3127 3088
f 3163 3035 3032
f 3163 3037 3035
f 3164 3037 3163
f 3165 3166 3115
f 3167 3037 3164
f 3037 3167 3039
f 3167 3168 3039
f 3168 3042 3039
f 3043 2996 3041
f 3170 3169 3156
f 3168 3126 3042
f 3124 3126 3168
f 3114 3165 3115
f 2994 3171 2995
f 3155 3158 3156
f 3078 3174 3176
f 3136 3078 3176
f 3179 3095 3180
f 3181 3180 3095
f 3157 3044 3045
f 3148 3186 3149
f 3186 3148 3187
f 3189 3190 3191
f 3192 3190 3189
f 3106 3105 3047
f 3157 3156 3169
f 3171 3158 3155
f 3155 3045 2995
f 3171 3155 2995
f 3109 3111 3044
f 3115 3166 3193
f 3116 3113 3194
f 3116 3194 3195
f 3043 3195 3194
f 3117 3116 3195
f 3195 3196 3117
f 3195 3043 3197
f 3198 3117 3196
f 3200 3199 3198
f 3098 3203 3096
f 3096 3203 3127
f 3148 3118 3120
f 3148 3150 3118
f 3118 3150 3204
f 3118 3205 3119
f 3118 3206 3205
f 3118 3207 3206
f 3205 3112 3119
f 3205 3208 3112
f 3099 3209 3097
f 3209 3098 3097
f 2970 2972 3146
f 3139 2970 3140
f 3203 3088 3127
f 3142 3141 3211
f 3128 3081 3141
f 3140 3212 3084
f 3140 3084 3083
f 3212 3089 3138
f 3078 3072 3215
f 3175 3078 3215
f 3193 2996 3043
f 3162 3160 3158
f 3106 3047 3111
f 3092 2595 420
f 3090 420 3144
f 2961 3143 3213
f 3143 3000 3128
f 3023 3078 3080
f 3181 3095 2961
f 3213 3181 2961
f 3095 3137 3053
f 3166 3165 3172
f 3095 3077 3137
f 3095 3179 3077
f 3079 3078 3074
f 3131 3219 3220
f 3166 2994 3193
f 3220 3221 3132
f 3132 3222 3130
f 3221 3222 3132
f 3130 3222 3223
f 3221 3154 3222
f 3154 3223 3222
f 2698 3010 3059
f 3010 2698 3154
f 3223 3154 3134
f 3221 3010 3154
f 3224 3060 3008
f 3225 3060 3224
f 3225 3015 3060
f 3226 3227 3228
f 3226 3020 3015
f 3226 3228 3020
f 3229 3230 3227
f 3024 3020 3228
f 3228 3227 3230
f 3024 3228 3230
f 3230 3152 3024
f 3089 3212 2959
f 3128 3087 3082
f 2959 3212 3146
f 3184 3183 3203
f 3203 3183 3088
f 3146 3140 2970
f 3023 3053 3078
f 3185 3231 3209
f 3231 3098 3209
f 3094 3185 3209
f 3209 3233 3232
f 3000 3143 2966
f 2961 2966 3143
f 3188 3186 3187
f 3187 3235 3188
f 3237 3236 3188
f 3237 3188 3235
f 3192 3189 3102
f 3105 3102 3189
f 3105 3189 3239
f 3133 3239 3189
f 3239 3013 3105
f 3240 3107 3108
f 3013 3047 3105
f 3157 3169 3241
f 3159 3170 3156
f 3161 3158 3171
f 2994 3166 3161
f 3195 3197 3196
f 3196 3197 3200
f 3198 3196 3200
f 3199 3200 3201
f 2698 3059 1952
f 3201 3200 3063
f 3063 3200 3197
f 3238 3153 3152
f 3201 3063 3064
f 3125 3202 3201
f 3125 3201 3064
f 3242 3243 3238
f 3153 3238 3243
f 3163 3153 3243
f 3244 3163 3243
f 3032 3153 3163
f 3197 3043 3054
f 3128 3082 3081
f 3142 3213 3143
f 3216 3227 3226
f 3126 3065 3042
f 3226 3015 3245
f 3245 3015 3225
f 3216 3226 3245
f 3126 3064 3065
f 3217 3245 3246
f 3126 3125 3064
f 3246 3245 3225
f 3246 3218 3217
f 3247 3246 3225
f 3224 3247 3225
f 3218 3246 3247
f 3218 3247 3219
f 3247 3224 3220
f 3220 3224 3008
f 3247 3220 3219
f 3221 3220 3008
f 3132 3131 3220
f 3221 3008 3010
f 3135 3073 3072
f 3113 3193 3043
f 3043 3194 3113
f 3116 3114 3113
f 2994 3161 3171
f 3172 3161 3166
f 3111 3047 3044
f 2986 3044 3047
f 3157 3109 3044
f 3108 3248 3240
f 3248 3108 3110
f 3108 3106 3111
f 3239 3133 3013
f 3133 3189 3129
f 3189 3235 3129
f 3189 3191 3235
f 3002 3151 3028
f 3002 3129 3235
f 3002 3235 3187
f 3187 3151 3002
f 3089 3079 3075
f 3207 3118 3204
f 3206 3249 3205
f 3197 3054 3063
f 3249 3208 3205
f 2964 3144 420
f 3234 3112 3208
f 3099 3112 3234
f 3099 3233 3209
f 3234 3233 3099
f 2970 3147 2963
f 3094 3209 3232
f 3231 3203 3098
f 3184 3203 3231
f 3091 3090 3210
f 3140 3146 3212
f 3088 3087 3128
f 3137 3135 3053
f 3213 3180 3181
f 3142 3211 3214
f 3077 3071 3137
f 3193 3113 3115
f 3193 2994 2996
f 3155 3157 3045
f 3157 3241 3109
f 3027 3028 3120
f 3148 3120 3151
f 3151 3187 3148
f 2998 3100 3025
f 3075 3076 3089
f 3079 3074 3075
f 3025 3100 2990
f 3212 3138 3182
f 3182 3084 3212
f 3135 3078 3053
f 3127 2965 2989
f 3095 3053 2960
f 2963 3147 2964
f 3173 3215 3175
f 3173 3078 3175
f 3177 3136 3176
f 3177 3178 3136
f 3177 3074 3136
f 3237 3235 3191
f 3191 3236 3237
f 3106 3108 3107
f 3107 3101 3103
f 3110 3109 3241
f 3121 3123 3122
o lidsides
f 3252 3253 3254
f 3254 3253 3256
f 3252 3254 3259
f 3260 3257 3251
f 3251 3257 3250
f 3252 3261 3253
f 3263 3256 3253
f 3255 3262 3254
f 3254 3256 3255
f 3252 3259 3258
f 3254 3262 3259
f 3266 3267 3268
f 3271 3272 3273
f 3275 3276 3277
f 3281 3280 3279
f 3287 3284 3288
f 3289 3267 3274
f 3290 3267 3291
f 3292 3293 3294
f 3293 3295 3296
f 3297 3298 3299
f 3304 3293 3296
f 3303 3302 3305
f 3307 3308 3309
f 3309 3308 3313
f 3315 3316 3304
f 3296 3317 3315
f 3318 3319 3320
f 3319 3321 3310
f 3322 3321 3319
f 3323 3322 3319
f 3324 3325 3326
f 3315 3327 3316
f 3328 3329 3316
f 3331 3332 3333
f 3335 3336 3337
f 3338 3339 3340
f 3337 3336 3341
f 3344 3343 3345
f 3345 3346 3347
f 3348 3345 3347
f 3349 3350 3271
f 3349 3351 3352
f 3354 3355 3356
f 3359 3356 3360
f 3325 3353 3362
f 3363 3365 3366
f 3369 3370 3363
f 3371 3365 3370
f 3325 3362 3372
f 3379 3380 3381
f 3387 3388 3389
f 3379 3381 3390
f 3250 3392 3391
f 3395 3396 3397
f 3399 3400 3397
f 3401 3400 3402
f 3400 3399 3402
f 3403 3388 3404
f 3408 3393 3398
f 3410 3411 3412
f 3413 3414 3415
f 3416 3417 3393
f 3423 3425 3424
f 3425 3423 3426
f 3428 3429 3425
f 3430 3431 3279
f 3433 3383 3429
f 3434 3435 3436
f 3437 3438 3439
f 3382 3439 3438
f 3374 3440 3441
f 3374 3442 3440
f 3377 3381 3380
f 3448 3377 3308
f 3448 3449 3390
f 3307 3450 3451
f 3452 3341 3336
f 3455 3454 3456
f 3309 3450 3307
f 3309 3457 3450
f 3309 3458 3457
f 3313 3459 3458
f 3460 3461 3462
f 3395 3465 3464
f 3399 3397 3466
f 3468 3301 3299
f 3469 3432 3470
f 3289 3471 3268
f 3268 3267 3289
f 3291 3267 3266
f 3272 3291 3270
f 3269 3272 3270
f 3474 3475 3476
f 3406 3405 3476
f 3476 3475 3406
f 3478 3279 3431
f 3479 3427 3467
f 3301 3297 3299
f 3313 3458 3309
f 3297 3301 3300
f 3451 3308 3307
f 3451 3449 3448
f 3394 3392 3257
f 3483 3484 3485
f 3417 3486 3286
f 3487 3488 3489
f 3408 3491 3393
f 3492 3493 3489
f 3377 3448 3381
f 3404 3491 3408
f 3407 3404 3408
f 3346 3345 3494
f 3384 3497 3385
f 3422 3419 3411
f 3425 3420 3424
f 3496 3501 3376
f 3499 3500 3502
f 3501 3502 3376
f 3429 3503 3425
f 3504 3370 3376
f 3506 3361 3359
f 3382 3438 3383
f 3439 3441 3437
f 3507 3506 3508
f 3511 3443 3512
f 3368 3508 3366
f 3361 3354 3356
f 3359 3361 3356
f 3356 3355 3360
f 3367 3371 3517
f 3518 3517 3370
f 3517 3371 3370
f 3370 3504 3518
f 3504 3517 3518
f 3320 3524 3318
f 3472 3471 3289
f 3266 3525 3270
f 3291 3266 3270
f 3274 3290 3350
f 3281 3277 3280
f 3478 3281 3279
f 3284 3283 3529
f 3282 3284 3287
f 3320 3310 3311
f 3531 3522 3323
f 3481 3323 3330
f 3323 3522 3330
f 3332 3331 3520
f 3477 3301 3468
f 3361 3506 3507
f 3368 3507 3508
f 3368 3366 3365
f 3493 3385 3497
f 3495 3493 3497
f 3431 3533 3534
f 3528 3527 3534
f 3534 3527 3478
f 3534 3478 3431
f 3278 3478 3527
f 3495 3391 3489
f 3493 3495 3489
f 3277 3276 3535
f 3517 3504 3500
f 3488 3492 3489
f 3274 3267 3290
f 3312 3264 3265
f 3363 3366 3364
f 3508 3506 3364
f 3530 3319 3318
f 3323 3319 3530
f 3346 3494 3536
f 3420 3425 3418
f 3530 3531 3323
f 3262 3537 3335
f 3255 3538 3537
f 3259 3337 3258
f 3259 3262 3337
f 3455 3336 3335
f 3455 3538 3454
f 3455 3456 3336
f 3532 3299 3298
f 3287 3468 3299
f 3284 3529 3288
f 3516 3540 3514
f 3515 3514 3540
f 3283 3533 3431
f 3431 3529 3283
f 3278 3277 3281
f 3541 3273 3542
f 3269 3542 3273
f 3269 3273 3272
f 3350 3291 3272
f 3350 3290 3291
f 3330 3523 3521
f 3312 3265 3543
f 3265 3460 3543
f 3509 3442 3373
f 3441 3440 3437
f 3429 3383 3544
f 3519 3521 3545
f 3333 3545 3482
f 3389 3388 3403
f 3333 3332 3545
f 3336 3456 3452
f 3486 3417 3292
f 3417 3416 3292
f 3295 3293 3416
f 3304 3316 3329
f 3434 3436 3334
f 3473 3421 3469
f 3473 3469 3470
f 3473 3422 3421
f 3438 3505 3544
f 3437 3505 3438
f 3325 3324 3546
f 3503 3429 3544
f 3428 3425 3426
f 3547 3539 3445
f 3372 3378 3547
f 3380 3378 3377
f 3409 3474 3410
f 3484 3333 3485
f 3399 3548 3402
f 3415 3388 3387
f 3395 3464 3396
f 3457 3458 3463
f 3399 3466 3406
f 3475 3409 3548
f 3372 3362 3378
f 3411 3476 3422
f 3315 3317 3327
f 3444 3334 3436
f 3434 3317 3353
f 3402 3548 3409
f 3435 3353 3325
f 3479 3421 3427
f 3314 3293 3304
f 3514 3515 3358
f 3539 3547 3379
f 3547 3380 3379
f 3467 3549 3479
f 3432 3479 3549
f 3469 3479 3432
f 3449 3451 3450
f 3458 3459 3396
f 3439 3382 3441
f 3441 3382 3375
f 3396 3459 3397
f 3411 3419 3412
f 3475 3474 3409
f 3452 3540 3516
f 3453 3515 3540
f 3452 3456 3540
f 3538 3335 3537
f 3536 3494 3490
f 3474 3411 3410
f 3395 3400 3465
f 3399 3406 3475
f 3399 3475 3548
f 3460 3265 3461
f 3472 3312 3543
f 3471 3460 3462
f 3471 3543 3460
f 3472 3543 3471
f 3550 3266 3462
f 3271 3350 3272
f 3528 3534 3533
f 3528 3533 3285
f 3533 3283 3285
f 3532 3287 3299
f 3469 3421 3479
f 3302 3300 3305
f 3523 3522 3551
f 3519 3545 3332
f 3484 3331 3333
f 3340 3339 3484
f 3340 3484 3483
f 3494 3342 3340
f 3338 3340 3342
f 3364 3359 3360
f 3376 3502 3504
f 3500 3504 3502
f 3499 3502 3501
f 3495 3497 3496
f 3308 3451 3448
f 3492 3386 3493
f 3391 3392 3489
f 3260 3394 3257
f 3547 3378 3380
f 3354 3498 3355
f 3436 3435 3444
f 3434 3353 3435
f 3544 3505 3503
f 3493 3386 3385
f 3384 3501 3497
f 3497 3501 3496
f 3304 3296 3315
f 3294 3293 3314
f 3376 3370 3369
f 3292 3416 3293
f 3384 3499 3501
f 3367 3368 3365
f 3508 3364 3366
f 3364 3506 3359
f 3355 3498 3347
f 3498 3348 3347
f 3344 3345 3348
f 3343 3494 3345
f 3494 3340 3490
f 3388 3491 3404
f 3549 3467 3480
f 3520 3331 3339
f 3331 3484 3339
f 3487 3392 3394
f 3257 3392 3250
f 3392 3487 3489
f 3442 3509 3440
f 3419 3422 3473
f 3322 3323 3481
f 3414 3388 3415
f 3310 3320 3319
f 3405 3422 3476
f 3474 3476 3411
f 3311 3552 3320
f 3320 3552 3524
f 3552 3300 3524
f 3413 3418 3414
f 3468 3287 3288
f 3370 3365 3363
f 3280 3277 3535
f 3276 3542 3535
f 3542 3276 3541
f 3349 3541 3526
f 3374 3373 3442
f 3525 3266 3550
f 3355 3347 3360
f 3397 3400 3395
f 3465 3400 3401
f 3490 3340 3483
f 3544 3383 3438
f 3509 3510 3440
f 3519 3332 3520
f 3513 3511 3512
f 3357 3510 3511
f 3513 3357 3511
f 3446 3510 3357
f 3545 3551 3482
f 3545 3521 3523
f 3545 3523 3551
f 3447 3446 3357
f 3255 3537 3262
f 3358 3447 3357
f 3381 3448 3390
f 3551 3522 3531
f 3538 3455 3335
f 3551 3531 3530
f 3327 3317 3434
f 3454 3453 3540
f 3456 3454 3540
f 3358 3515 3447
f 3311 3306 3552
f 3510 3509 3511
f 3511 3509 3443
f 3552 3305 3300
f 3302 3297 3300
f 3441 3375 3374
f 3286 3393 3417
f 3532 3282 3287
f 3491 3416 3393
f 3367 3365 3371
f 3529 3431 3430
f 3420 3418 3413
f 3478 3278 3281
f 3278 3275 3277
f 3535 3542 3269
f 3266 3268 3471
f 3471 3462 3266
f 3273 3553 3271
f 3553 3351 3271
f 3553 3352 3351
f 3351 3349 3271
f 3553 3273 3351
f 3351 3541 3352
f 3351 3273 3541
f 3541 3349 3352
f 3335 3337 3262
f 3251 3250 3554
f 3555 3251 3554
f 3561 3562 3563
f 3556 3561 3563
f 3555 3556 3251
f 3562 3565 3566
f 3557 3568 3569
f 3570 3557 3569
f 3263 3558 3256
f 3555 3554 3560
f 3566 3572 3562
f 3565 3555 3560
f 3565 3562 3555
f 3566 3565 3567
f 3566 3567 3572
f 3561 3555 3562
f 3561 3556 3555
f 3261 3570 3253
f 3574 3569 3573
f 3569 3574 3570
f 3571 3559 3570
f 3571 3570 3564
f 3564 3570 3574
f 3559 3263 3570
f 3253 3570 3263
f 3263 3559 3558
f 3581 3575 3579
f 3576 3584 3583
f 3579 3577 3581
f 3583 3580 3461
f 3583 3461 3265
f 3576 3583 3265
f 3582 3584 3576
f 3582 3583 3584
f 3583 3578 3580
o lidsides_back
f 3587 3585 3586
f 3603 3604 3605
f 3609 3610 3608
f 3610 3607 3608
f 3606 3618 3619
f 3620 3606 3619
f 3621 3622 3623
f 3622 3624 3623
f 3626 3627 3628
f 3634 3635 3636
f 3632 3633 3638
f 3639 3637 3640
f 3622 3641 3624
f 3642 3641 3622
f 3642 3643 3641
f 3644 3645 3646
f 3648 3649 3650
f 3651 3652 3653
f 3654 3655 3631
f 3652 3657 3653
f 3606 3658 3618
f 3659 3658 3607
f 3661 3662 3663
f 3665 3666 3667
f 3605 3668 3669
f 3670 3671 3672
f 3675 3628 3627
f 3676 3626 3628
f 3676 3634 3636
f 3674 3679 3673
f 3679 3674 3680
f 3681 3682 3680
f 3683 3684 3682
f 3690 3649 3691
f 3692 3693 3694
f 3635 3634 3705
f 3634 3706 3705
f 3693 3708 3648
f 3708 3691 3648
f 3670 3709 3627
f 3649 3648 3691
f 3710 3604 3711
f 3712 3629 3620
f 3622 3621 3642
f 3623 3715 3621
f 3715 3623 3716
f 3716 3623 3717
f 3632 3637 3639
f 3708 3718 3691
f 3675 3719 3628
f 3670 3627 3671
f 3720 3721 3670
f 3695 3697 3722
f 3602 3725 3724
f 3726 3698 3694
f 3727 3694 3698
f 3607 3610 3659
f 3648 3694 3693
f 3729 3690 3722
f 3722 3647 3729
f 3722 3718 3730
f 3645 3647 3722
f 3605 3731 3668
f 3603 3672 3732
f 3669 3720 3605
f 3644 3646 3699
f 3640 3637 3734
f 3637 3638 3734
f 3640 3716 3717
f 3734 3716 3640
f 3700 3702 3735
f 3635 3736 3703
f 3705 3736 3635
f 3697 3646 3645
f 3719 3634 3676
f 3604 3611 3605
f 3645 3722 3697
f 3718 3722 3690
f 3690 3691 3718
f 3662 3739 3663
f 3694 3648 3726
f 3658 3615 3607
f 3610 3740 3659
f 3610 3609 3740
f 3710 3609 3608
f 3672 3603 3605
f 3663 3741 3661
f 3743 3739 3744
f 3682 3681 3746
f 3680 3682 3679
f 3682 3673 3679
f 3698 3726 3653
f 3750 3748 3705
f 3705 3706 3750
f 3651 3653 3726
f 3709 3675 3627
f 3670 3721 3709
f 3743 3682 3742
f 3743 3683 3682
f 3742 3682 3746
f 3739 3743 3742
f 3692 3694 3727
f 3730 3695 3722
f 3699 3687 3644
f 3676 3636 3752
f 3628 3719 3676
f 3720 3670 3672
f 3672 3605 3720
f 3625 3728 3617
f 3710 3608 3604
f 3608 3611 3604
f 3658 3606 3615
f 3620 3619 3712
f 3716 3734 3715
f 3612 3754 3755
f 3664 3747 3758
f 3759 3760 3761
f 3762 3763 3613
f 3677 3764 3765
f 3758 3747 3677
f 3765 3758 3677
f 3664 3758 3766
f 3754 3756 3767
f 3766 3768 3769
f 3763 3762 3770
f 3754 3767 3773
f 3612 3755 3762
f 3769 3774 3766
f 3775 3757 3768
f 3754 3773 3755
f 3768 3757 3769
f 3775 3756 3757
f 3762 3613 3612
f 3777 3767 3779
f 3728 3723 3617
f 3723 3781 3771
f 3771 3760 3759
f 3771 3749 3723
f 3767 3772 3762
f 3767 3766 3758
f 3662 3744 3739
f 3673 3682 3684
f 3717 3623 3624
f 3635 3704 3737
f 3626 3676 3752
f 3658 3659 3618
f 3650 3692 3648
f 3784 3785 3786
f 3786 3787 3788
f 3788 3789 3790
f 3790 3791 3792
f 3798 3796 3794
f 3798 3794 3791
f 3801 3802 3803
f 3653 3821 3656
f 3826 3827 3828
f 3673 3830 3674
f 3674 3830 3831
f 3821 3653 3657
f 3836 3830 3673
f 3839 3817 3818
f 3840 3686 3687
f 3841 3840 3687
f 3842 3843 3844
f 3826 3828 3845
f 3695 3696 3697
f 3653 3656 3698
f 3699 3841 3687
f 3853 3701 3854
f 3853 3842 3856
f 3635 3703 3704
f 3856 3663 3707
f 3869 3868 3859
f 3829 3828 3827
f 3824 3829 3827
f 3617 3723 3807
f 3877 3865 3801
f 3701 3853 3657
f 3828 3848 3845
f 3699 3646 3733
f 3704 3703 3878
f 3844 3663 3842
f 3842 3663 3856
f 3880 3707 3663
f 3880 3739 3742
f 3855 3882 3883
f 3855 3702 3700
f 3855 3840 3882
f 3700 3686 3855
f 3884 3885 3886
f 3832 3614 3872
f 3646 3697 3696
f 3660 3825 3885
f 3840 3855 3686
f 3854 3842 3853
f 3663 3739 3880
f 3869 3859 3858
f 3741 3663 3844
f 3821 3853 3893
f 3657 3853 3821
f 3878 3703 3855
f 3883 3878 3855
f 3812 3869 3858
f 3813 3891 3894
f 3895 3875 3866
f 3826 3764 3896
f 3756 3775 3767
f 3897 3826 3845
f 3776 3896 3764
f 3764 3685 3776
f 3905 3847 3849
f 3767 3899 3906
f 3767 3906 3779
f 3689 3899 3905
f 3738 3906 3899
f 3905 3849 3851
f 3847 3905 3890
f 3886 3885 3913
f 3912 3862 3913
f 3913 3885 3888
f 3877 3801 3803
f 3872 3884 3917
f 3835 3800 3875
f 3873 3872 3918
f 3875 3895 3919
f 3919 3918 3917
f 3870 3919 3895
f 3887 3832 3918
f 3811 3922 3921
f 3838 3921 3846
f 3921 3922 3846
f 3876 3922 3923
f 3876 3688 3922
f 3876 3850 3688
f 3820 3850 3876
f 3820 3819 3817
f 3850 3820 3871
f 3839 3871 3817
f 3818 3814 3839
f 3816 3814 3818
f 3816 3861 3815
f 3816 3815 3814
f 3861 3860 3815
f 3894 3860 3813
f 3891 3869 3894
f 3869 3815 3894
f 3894 3815 3860
f 3812 3815 3869
f 3824 3827 3857
f 3845 3811 3916
f 3875 3867 3866
f 3857 3826 3896
f 3896 3776 3782
f 3897 3764 3826
f 3767 3775 3768
f 3767 3758 3765
f 3765 3764 3767
f 3767 3764 3897
f 3767 3897 3899
f 3904 3898 3905
f 3904 3905 3899
f 3898 3890 3905
f 3745 3890 3898
f 3912 3888 3910
f 3888 3912 3913
f 3833 3879 3911
f 3922 3811 3923
f 3688 3846 3922
f 3814 3871 3839
f 3593 3594 3595
f 3595 3596 3597
f 3597 3598 3599
f 3939 3940 3941
f 3941 3783 3784
f 3937 3939 3941
f 3790 3792 3793
f 3793 3795 3797
f 3942 3943 3944
f 3945 3602 3946
f 3629 3630 3950
f 3954 3955 3956
f 3954 3957 3955
f 3961 3943 3962
f 3946 3944 3963
f 3964 3942 3946
f 3961 3955 3965
f 3713 3954 3966
f 3714 3954 3713
f 3714 3641 3643
f 3954 3967 3957
f 3968 3963 3944
f 3942 3944 3946
f 3629 3950 3724
f 3643 3954 3714
f 3955 3961 3956
f 3955 3970 3965
f 3629 3712 3630
f 3950 3946 3724
f 3944 3943 3961
f 3965 3944 3961
f 3964 3946 3950
f 3966 3954 3956
f 3643 3967 3954
f 3946 3963 3945
f 3944 3965 3968
f 3955 3957 3970
f 3770 3760 3771
f 3771 3763 3770
f 3781 3753 3771
f 3910 3780 3980
f 3981 3760 3770
f 3760 3981 3761
f 3767 3749 3759
f 3780 3888 3749
o lidsides_front
f 3987 3988 3989
f 3988 3990 3989
f 3991 3992 3993
f 3991 3994 3992
f 3995 3996 3997
f 3998 3999 4000
f 3999 3998 4001
f 4002 3995 4003
f 4004 4003 3995
f 4006 4007 4008
f 4006 4009 4007
f 4013 4012 4014
f 4010 4012 4013
f 4018 4017 4016
f 4021 4020 4017
f 4021 4022 4023
f 4024 4021 4023
f 4025 4020 4021
f 4019 4020 4025
f 4026 4027 4024
f 4027 4028 4029
f 4030 4031 4032
f 4033 4031 4034
f 4032 4031 4033
f 4036 4032 4033
f 4037 4038 4039
f 4040 4041 4042
f 4043 4044 4045
f 4048 4047 4044
f 4049 4048 4044
f 4050 4048 4049
f 4051 4052 4050
f 4056 4053 4054
f 4054 4055 4057
f 4059 4054 4060
f 4054 4062 4060
f 4064 4060 4062
f 4067 4066 4065
f 4068 4069 4070
f 4073 4072 4074
f 4073 4074 4075
f 4077 4075 4074
f 4078 4077 4074
f 4077 4079 4075
f 4080 4081 4077
f 4081 4080 4082
f 4082 4080 4083
f 4084 4085 4086
f 4088 4086 4085
f 4088 4085 4089
f 4096 4097 4098
f 4102 4103 4104
f 4105 4106 4104
f 4105 4107 4106
f 4106 4107 4109
f 4109 4107 4110
f 4110 4107 4111
f 4111 4093 4110
f 4112 4111 4113
f 4114 4115 4116
f 4118 4119 4120
f 4120 4119 3998
f 4120 4121 4118
f 4094 4093 4111
f 4094 4111 4112
f 4127 4128 4129
f 4127 4038 4128
f 4134 4135 4136
f 4141 4142 4143
f 4144 4145 4146
f 4147 4137 4139
f 4134 4136 4139
f 4139 4136 4148
f 4136 4135 4040
f 4148 4042 4131
f 4042 4037 4132
f 4041 4037 4042
f 4132 4039 4130
f 4132 4037 4039
f 4151 4115 4149
f 3987 4154 3988
f 3992 4155 4156
f 3990 3988 4157
f 4158 4159 4000
f 4160 3996 3995
f 4002 4160 3995
f 4161 4003 4005
f 4008 4007 4162
f 4162 4007 4002
f 4002 4003 4162
f 4163 4127 4129
f 4164 4006 4008
f 4012 4122 4014
f 4166 4014 4122
f 4167 4013 4166
f 4166 4013 4014
f 4039 4127 4126
f 4167 4168 4013
f 4013 4168 4015
f 4018 4170 4169
f 4018 4022 4017
f 4169 4022 4018
f 4022 4169 4171
f 4022 4171 4023
f 4021 4017 4022
f 4026 4023 4171
f 4026 4024 4023
f 4026 4028 4027
f 4030 4021 4024
f 4172 4143 4142
f 4165 4036 4173
f 4127 4144 4126
f 4038 4127 4039
f 4148 4136 4042
f 4051 4050 4049
f 4051 4054 4052
f 4175 4054 4051
f 4175 4062 4054
f 4176 4062 4175
f 4064 4062 4176
f 4064 4176 4177
f 4064 4065 4060
f 4067 4065 4064
f 4069 4064 4177
f 4066 4067 4064
f 4066 4064 4068
f 4178 4069 4177
f 4068 4064 4069
f 4070 4071 4068
f 4071 4070 4074
f 4072 4071 4074
f 4078 4074 4070
f 4081 4079 4077
f 4179 4080 4077
f 4082 4083 4084
f 4087 4082 4084
f 4085 4084 4083
f 4086 4087 4084
f 4086 4088 4087
f 4184 4118 4185
f 4185 4118 4121
f 3990 4157 4158
f 4159 4158 4157
f 4186 4187 4156
f 3991 4116 3985
f 4115 4151 3986
f 4097 4189 4098
f 4098 4100 4096
f 4000 4159 3998
f 4190 4101 4100
f 4101 4103 4099
f 4103 4102 4099
f 4104 4103 4191
f 4104 4191 4108
f 4102 4104 4106
f 4105 4104 4108
f 4111 4107 4105
f 4111 4105 4192
f 4111 4192 4113
f 4112 4113 4125
f 4044 4147 4139
f 4047 4046 4147
f 4147 4044 4047
f 4196 4195 4193
f 3991 3985 3994
f 4155 3992 3994
f 4187 3993 3992
f 4187 3992 4156
f 3995 3997 4004
f 4197 4164 4008
f 4198 4009 4199
f 4199 4200 4198
f 4201 4198 4200
f 4201 4183 4198
f 4009 4183 4202
f 4202 4183 4203
f 4182 4202 4203
f 4011 4202 4182
f 4204 4168 4167
f 4205 4124 4194
f 4195 4205 4194
f 4016 4015 4170
f 4196 4208 4195
f 4127 4209 4144
f 4208 4205 4195
f 4210 4211 4196
f 4040 4042 4136
f 4211 4208 4196
f 4092 4212 4211
f 4212 4208 4211
f 4091 4212 4092
f 4208 4212 4213
f 4091 4213 4212
f 4090 4213 4091
f 4213 4214 4208
f 4089 4213 4090
f 4213 4085 4214
f 4213 4089 4085
f 4138 4133 4215
f 4133 4214 4215
f 4214 4085 4215
f 4001 3998 4119
f 4138 4215 4140
f 4083 4140 4215
f 4115 4114 3988
f 4085 4083 4215
f 4092 4211 4210
f 4196 4095 4210
f 4080 4179 4083
f 4095 4196 4216
f 4216 4196 4217
f 4196 4193 4217
f 4217 4096 4216
f 4179 4077 4078
f 4217 4193 4097
f 4096 4217 4097
f 4097 4193 4189
f 4078 4076 4218
f 4098 4189 4190
f 4100 4098 4190
f 4101 4190 4103
f 4191 4103 4190
f 4147 4046 4137
f 4130 4039 4126
f 4012 4011 4122
f 4011 4123 4122
f 4011 4180 4123
f 4011 4182 4180
f 4182 4203 4181
f 4220 4181 4203
f 4220 4203 4183
f 4009 4198 4183
f 4006 4199 4009
f 4197 4008 4162
f 3998 4159 4120
f 4187 4160 3993
f 4160 4187 3996
f 4187 4186 4117
f 3985 4115 3986
f 3985 4116 4115
f 4134 4139 4137
f 4132 4131 4042
f 4144 4209 4145
f 3988 4114 4157
f 4188 3986 4151
f 4150 4153 4152
f 4150 3988 4153
f 4154 3987 4153
f 4015 4168 4204
f 4204 4170 4015
f 4016 4170 4018
f 4029 4034 4024
f 4031 4024 4034
f 4221 4207 4142
f 4221 4033 4219
f 4173 4142 4141
f 4029 4206 4034
f 4033 4034 4219
f 4035 4221 4219
f 4206 4219 4034
f 4221 4142 4173
f 4221 4173 4033
f 4127 4163 4209
f 4173 4141 4209
f 4209 4141 4145
f 4165 4173 4163
f 4163 4173 4209
f 4036 4033 4173
f 4035 4207 4221
f 4172 4146 4143
f 4172 4142 4146
f 4146 4145 4172
f 4172 4145 4143
f 4145 4141 4143
f 4128 4038 4174
f 4056 4054 4057
f 4058 4063 4059
f 4063 4061 4059
f 4058 4054 4059
o toplid
f 4226 4230 4231
f 4234 4235 4232
f 4233 4225 4236
f 4228 4229 4227
f 4223 4224 4222
f 4239 4240 4241
f 4238 4237 4243
f 4237 4244 4243
f 4240 4239 4243
f 4239 4241 4242
f 4240 4243 4245
f 4246 4247 4248
f 4249 4250 4251
f 4254 4255 4256
f 4259 4260 4261
f 4262 4263 4258
f 4265 4266 4267
f 4268 4269 4270
f 4271 4272 4273
f 4274 4275 4276
f 4274 4277 4275
f 4279 4280 4281
f 4282 4283 4284
f 4285 4286 4287
f 4290 4276 4291
f 4292 4293 4247
f 4294 4295 4296
f 4297 4298 4269
f 4299 4300 4301
f 4303 4304 4305
f 4306 4307 4308
f 4309 4246 4248
f 4311 4312 4313
f 4314 4315 4316
f 4317 4318 4319
f 4320 4321 4322
f 4310 4323 4324
f 4325 4326 4288
f 4327 4328 4329
f 4299 4308 4330
f 4332 4333 4334
f 4335 4336 4337
f 4343 4344 4345
f 4297 4346 4298
f 4347 4348 4349
f 4294 4296 4353
f 4354 4355 4356
f 4357 4358 4359
f 4360 4361 4294
f 4362 4363 4364
f 4349 4365 4347
f 4366 4367 4335
f 4329 4328 4368
f 4370 4371 4372
f 4281 4280 4346
f 4331 4374 4340
f 4375 4376 4377
f 4378 4379 4380
f 4376 4381 4382
f 4383 4384 4385
f 4386 4366 4387
f 4388 4389 4390
f 4387 4391 4392
f 4392 4391 4393
f 4249 4251 4394
f 4395 4396 4397
f 4266 4398 4399
f 4400 4401 4402
f 4405 4377 4406
f 4407 4408 4409
f 4410 4382 4411
f 4412 4413 4414
f 4415 4416 4417
f 4418 4261 4419
f 4393 4420 4421
f 4422 4423 4424
f 4425 4426 4427
f 4389 4279 4390
f 4428 4429 4408
f 4430 4431 4432
f 4433 4434 4435
f 4436 4419 4261
f 4437 4438 4439
f 4440 4437 4439
f 4441 4420 4415
f 4328 4443 4444
f 4445 4446 4447
f 4432 4431 4448
f 4450 4451 4452
f 4453 4454 4455
f 4456 4423 4422
f 4388 4457 4389
f 4355 4457 4388
f 4458 4452 4406
f 4455 4459 4460
f 4459 4461 4460
f 4461 4459 4462
f 4465 4466 4417
f 4467 4417 4466
f 4444 4443 4468
f 4469 4470 4471
f 4452 4472 4473
f 4473 4469 4452
f 4475 4456 4476
f 4477 4478 4479
f 4480 4481 4482
f 4483 4484 4485
f 4485 4486 4487
f 4476 4488 4475
f 4418 4489 4444
f 4390 4491 4492
f 4493 4494 4278
f 4495 4470 4496
f 4497 4498 4499
f 4500 4222 4224
f 4501 4502 4479
f 4503 4504 4505
f 4506 4457 4507
f 4509 4510 4511
f 4512 4466 4513
f 4509 4511 4514
f 4515 4472 4502
f 4254 4516 4517
f 4518 4519 4489
f 4296 4520 4521
f 4338 4522 4523
f 4525 4526 4527
f 4528 4287 4286
f 4529 4530 4493
f 4513 4531 4512
f 4532 4258 4263
f 4533 4534 4535
f 4536 4499 4498
f 4356 4537 4538
f 4496 4470 4539
f 4540 4541 4542
f 4544 4476 4545
f 4549 4550 4551
f 4552 4550 4553
f 4555 4556 4557
f 4558 4559 4560
f 4561 4562 4563
f 4565 4566 4530
f 4567 4568 4569
f 4570 4509 4571
f 4573 4316 4574
f 4575 4576 4536
f 4577 4530 4529
f 4578 4498 4579
f 4522 4580 4581
f 4582 4583 4584
f 4587 4538 4537
f 4563 4562 4589
f 4590 4591 4592
f 4593 4594 4595
f 4596 4597 4598
f 4597 4596 4599
f 4600 4601 4602
f 4603 4538 4587
f 4526 4604 4605
f 4606 4607 4608
f 4609 4610 4611
f 4612 4613 4614
f 4575 4615 4576
f 4616 4617 4618
f 4396 4619 4620
f 4621 4622 4623
f 4624 4625 4315
f 4270 4626 4627
f 4588 4628 4629
f 4630 4631 4632
f 4633 4549 4627
f 4634 4309 4635
f 4636 4637 4638
f 4639 4631 4640
f 4639 4632 4631
f 4246 4309 4634
f 4641 4642 4624
f 4643 4583 4644
f 4645 4646 4647
f 4648 4649 4650
f 4651 4652 4653
f 4655 4624 4642
f 4656 4657 4228
f 4604 4658 4605
f 4658 4659 4605
f 4661 4662 4663
f 4665 4246 4585
f 4575 4666 4667
f 4668 4669 4670
f 4229 4648 4671
f 4672 4591 4673
f 4674 4675 4676
f 4677 4662 4678
f 4681 4682 4683
f 4251 4250 4684
f 4685 4686 4687
f 4688 4689 4681
f 4690 4691 4692
f 4671 4648 4650
f 4693 4664 4694
f 4695 4696 4697
f 4698 4699 4700
f 4602 4701 4698
f 4652 4702 4703
f 4704 4705 4676
f 4707 4665 4708
f 4709 4710 4711
f 4712 4713 4704
f 4715 4648 4533
f 4401 4400 4716
f 4717 4718 4719
f 4720 4721 4722
f 4680 4723 4724
f 4635 4725 4581
f 4661 4726 4662
f 4727 4602 4728
f 4550 4707 4553
f 4729 4730 4649
f 4731 4732 4733
f 4334 4734 4703
f 4735 4703 4734
f 4690 4692 4736
f 4287 4737 4738
f 4738 4739 4287
f 4740 4741 4637
f 4742 4743 4744
f 4745 4517 4746
f 4747 4748 4749
f 4599 4750 4751
f 4754 4755 4748
f 4756 4757 4758
f 4759 4528 4286
f 4761 4713 4762
f 4710 4709 4371
f 4741 4746 4637
f 4293 4361 4248
f 4263 4763 4532
f 4745 4764 4517
f 4765 4728 4766
f 4749 4767 4744
f 4730 4356 4538
f 4728 4698 4766
f 4752 4768 4352
f 4769 4770 4771
f 4293 4772 4361
f 4773 4722 4619
f 4774 4673 4775
f 4537 4356 4776
f 4777 4731 4778
f 4762 4779 4761
f 4351 4352 4350
f 4769 4780 4770
f 4534 4399 4781
f 4766 4700 4782
f 4783 4784 4785
f 4786 4787 4788
f 4523 4789 4790
f 4791 4744 4792
f 4537 4776 4388
f 4792 4744 4767
f 4794 4749 4795
f 4338 4523 4790
f 4777 4796 4797
f 4798 4799 4800
f 4801 4802 4803
f 4805 4806 4797
f 4397 4807 4395
f 4598 4782 4596
f 4808 4809 4810
f 4812 4792 4767
f 4814 4801 4815
f 4818 4487 4819
f 4820 4821 4780
f 4822 4805 4796
f 4823 4775 4824
f 4825 4826 4338
f 4827 4775 4823
f 4355 4354 4828
f 4829 4830 4831
f 4832 4833 4834
f 4835 4836 4837
f 4260 4295 4772
f 4482 4838 4839
f 4716 4840 4401
f 4830 4829 4841
f 4842 4254 4843
f 4844 4802 4801
f 4395 4807 4773
f 4845 4846 4837
f 4847 4848 4849
f 4850 4851 4852
f 4853 4854 4638
f 4855 4856 4857
f 4858 4486 4428
f 4859 4860 4861
f 4397 4862 4863
f 4832 4864 4865
f 4266 4861 4267
f 4866 4867 4868
f 4843 4256 4869
f 4805 4822 4870
f 4868 4871 4872
f 4862 4397 4396
f 4873 4865 4864
f 4874 4620 4875
f 4876 4812 4877
f 4878 4879 4880
f 4881 4882 4883
f 4884 4885 4886
f 4503 4860 4887
f 4888 4889 4890
f 4891 4828 4892
f 4893 4894 4849
f 4895 4896 4842
f 4547 4897 4654
f 4275 4898 4899
f 4900 4822 4901
f 4902 4903 4904
f 4871 4868 4905
f 4494 4906 4348
f 4907 4908 4909
f 4910 4911 4912
f 4913 4914 4915
f 4916 4917 4918
f 4904 4919 4920
f 4921 4922 4923
f 4924 4877 4925
f 4926 4927 4928
f 4929 4930 4931
f 4932 4372 4371
f 4267 4860 4542
f 4327 4527 4526
f 4933 4265 4934
f 4935 4884 4936
f 4566 4937 4493
f 4908 4938 4939
f 4940 4941 4844
f 4936 4879 4942
f 4943 4944 4945
f 4797 4806 4946
f 4947 4948 4949
f 4920 4941 4940
f 4950 4951 4952
f 4953 4954 4955
f 4371 4956 4710
f 4957 4958 4911
f 4959 4960 4961
f 4256 4823 4962
f 4917 4963 4964
f 4925 4965 4894
f 4941 4939 4966
f 4967 4929 4871
f 4935 4968 4922
f 4945 4969 4943
f 4865 4970 4915
f 4971 4917 4916
f 4937 4612 4973
f 4974 4975 4641
f 4976 4943 4969
f 4555 4224 4977
f 4371 4979 4932
f 4980 4854 4971
f 4508 4577 4529
f 4890 4983 4888
f 4612 4614 4973
f 4965 4925 4877
f 4925 4894 4893
f 4984 4954 4985
f 4986 4964 4987
f 4978 4983 4989
f 4970 4865 4873
f 4990 4972 4573
f 4964 4895 4991
f 4992 4566 4565
f 4277 4898 4275
f 4896 4895 4963
f 4993 4994 4995
f 4996 4921 4923
f 4997 4953 4955
f 4943 4998 4999
f 5000 4867 5001
f 4840 5002 5003
f 4959 5004 4820
f 4610 5005 4611
f 4832 5006 4833
f 4926 4878 5007
f 5008 4897 4547
f 5009 4910 4835
f 4547 5010 5011
f 4999 5012 5013
f 4958 4927 5014
f 4606 4595 5015
f 4835 4837 4846
f 4804 4847 5016
f 5017 4792 4876
f 4872 4931 4979
f 5018 4856 5019
f 4820 5004 4821
f 4283 4224 5020
f 4396 4620 4947
f 5012 4999 4249
f 5021 4820 4769
f 4836 4835 5022
f 4769 5023 5021
f 5024 4987 5025
f 4812 4794 5026
f 5027 4993 4333
f 4560 4638 4854
f 4394 5017 5029
f 5030 4979 5031
f 4782 4598 4878
f 5033 5034 5035
f 4595 4719 4718
f 5012 4249 4394
f 4809 5037 4802
f 4804 4714 5038
f 5039 4824 4775
f 5022 4815 5040
f 4285 4739 5041
f 4619 5042 4875
f 5045 5027 4332
f 4756 5046 4903
f 5047 4997 5048
f 4250 4249 4999
f 4250 4999 4998
f 4827 4823 4256
f 4808 5049 5050
f 5030 5051 5052
f 4737 4287 4628
f 5053 5054 5055
f 4831 5053 5055
f 5054 4769 4771
f 5056 4528 5033
f 5057 4528 5056
f 5014 5058 5059
f 5055 5054 5060
f 4771 4770 5061
f 4694 5062 4770
f 5063 4709 5064
f 5065 5066 5067
f 5068 4831 5055
f 4693 5069 5070
f 5072 5073 5074
f 5075 5073 5072
f 4751 5077 5058
f 5065 5067 5037
f 5078 4815 5066
f 4788 4738 5076
f 4658 4717 4659
f 4709 5063 5031
f 4837 5079 4735
f 5080 5081 4252
f 5082 5083 5078
f 5084 5085 4480
f 5086 5087 5088
f 4722 5042 4619
f 4822 4558 4901
f 4744 4791 4742
f 5037 4658 4604
f 5090 4251 5091
f 5092 4899 4898
f 5093 5088 5094
f 5048 5094 5088
f 4224 4223 4977
f 5073 4332 5074
f 4257 5071 5095
f 5015 4692 4691
f 4788 5096 4738
f 4758 4800 5046
f 4546 4532 5097
f 4778 4733 4636
f 4990 5098 5061
f 5080 4257 5099
f 4770 4780 4693
f 5080 5099 5100
f 4740 4637 4636
f 4816 4817 5101
f 5102 5103 5088
f 5105 4696 4807
f 5106 4341 4500
f 5062 4694 5107
f 5086 4613 5034
f 4881 4799 4882
f 5031 4979 4709
f 5108 4277 5109
f 4780 5110 4693
f 5091 4251 4684
f 5103 5102 5111
f 4555 4557 5112
f 5050 5113 4736
f 5114 5115 4653
f 5072 5116 5117
f 4802 5037 4803
f 5116 5118 5117
f 5119 5097 4763
f 4224 4555 5020
f 5025 5047 5048
f 5120 5121 5075
f 4285 5024 4286
f 4332 5027 4333
f 4500 4224 4283
f 5022 4814 4815
f 4815 4801 4803
f 4605 4719 5122
f 4667 4748 4747
f 4702 4651 5118
f 5123 4678 4798
f 5124 5117 5125
f 4721 5126 4785
f 5121 5045 5073
f 5052 5113 4866
f 5127 5128 5129
f 4622 5130 5114
f 4604 4526 4622
f 4721 4785 4722
f 5131 5132 4651
f 5096 4834 5041
f 5130 4622 5133
f 5119 4272 5134
f 4686 4685 4946
f 4742 5090 5135
f 5119 5136 5011
f 4934 5118 5137
f 4934 5138 5118
f 5139 5140 5141
f 4283 5020 5142
f 4526 4605 5143
f 5144 5115 5130
f 5108 4307 5145
f 4987 5146 5047
f 4758 4757 4583
f 5011 5136 5147
f 4541 5125 4265
f 4230 4671 4231
f 4987 5024 4918
f 4506 5130 5133
f 5141 5148 5139
f 4687 4686 5149
f 4600 4602 4727
f 5150 4575 4747
f 4747 4575 4667
f 5151 4932 4931
f 5152 5153 5101
f 5109 4274 5154
f 4503 4540 4542
f 4912 4801 4814
f 4311 4313 5147
f 4283 5142 5155
f 4750 4568 5156
f 4835 4910 4814
f 4849 5157 4847
f 5158 5140 5159
f 4912 4814 4910
f 5160 5161 5162
f 4934 5137 4892
f 4745 5163 4672
f 4821 4893 4849
f 4259 5164 4260
f 4699 4698 4701
f 4320 5136 4321
f 4594 5165 4261
f 5166 4699 5167
f 4494 4493 4937
f 4457 4506 4389
f 5139 5168 5043
f 5170 5151 5171
f 4347 4494 4348
f 5174 4324 4323
f 5175 5176 4720
f 5161 4303 5177
f 4860 4267 4861
f 4680 5178 4723
f 5179 5141 4359
f 4854 4853 5180
f 4261 4260 4436
f 4825 4790 5181
f 5182 4995 4994
f 5184 5185 5186
f 4337 5187 5188
f 5123 4800 4758
f 4618 5189 4616
f 4279 4281 4390
f 5190 4600 5191
f 5192 5193 5194
f 5179 5195 5194
f 4869 4256 4962
f 5016 5157 5196
f 4504 4887 4317
f 5197 5198 5199
f 4677 4663 4662
f 5200 5201 5202
f 4701 5167 4699
f 4954 4984 4955
f 5163 5189 5203
f 5200 5202 5204
f 4365 4349 4319
f 4390 4281 4491
f 5200 5204 5205
f 4892 5132 4891
f 5206 4859 5207
f 4917 4964 4986
f 5208 5209 5205
f 4859 5206 4317
f 4701 5210 5167
f 5209 5208 5188
f 4772 4294 4361
f 5211 5212 4948
f 4319 4349 4317
f 4646 4645 4496
f 4615 5214 5215
f 5216 4630 5176
f 4646 4539 5217
f 4354 4356 4781
f 5218 5219 4983
f 5206 5220 4317
f 5189 4618 5203
f 5221 4322 4330
f 4318 4317 5220
f 4602 4601 5222
f 4338 4339 4522
f 4335 5188 4366
f 5208 5204 5223
f 4496 4539 4646
f 4560 4854 5224
f 5003 5002 5196
f 4247 4293 4248
f 5215 4576 4615
f 5224 4914 4560
f 4874 5211 4948
f 4725 4789 4581
f 5226 4908 4939
f 5210 5227 5167
f 4522 4581 4523
f 5228 5229 5230
f 4715 4533 4535
f 4544 5231 4488
f 5029 4924 4961
f 4900 4913 5232
f 4587 4674 5233
f 4496 5234 5235
f 5238 5239 5214
f 5230 4247 4246
f 4601 5190 5240
f 5236 5002 4716
f 4874 4875 5211
f 4875 4976 5211
f 4366 4391 4387
f 4648 4715 4649
f 5241 5204 5242
f 5244 5245 5246
f 4633 4518 4668
f 4626 4518 4633
f 5247 5185 4232
f 5248 4883 5249
f 4634 5250 4246
f 4947 4620 4874
f 4291 4282 5251
f 4424 5252 4358
f 5253 4378 4380
f 4498 4497 5254
f 4650 5255 4689
f 5245 5256 5246
f 5257 4592 5258
f 4884 4886 4880
f 4481 4885 4482
f 4676 4683 5233
f 5233 4683 4682
f 5249 4863 4967
f 5007 4597 4927
f 4716 4400 5237
f 5260 4582 5261
f 4704 5262 4712
f 4424 4358 5263
f 5266 5267 5268
f 5253 5252 4423
f 5180 4853 4896
f 4650 4689 4688
f 4688 5269 4650
f 4618 4501 4479
f 5270 5271 5272
f 5261 5273 5274
f 4685 5275 4946
f 4598 4597 5007
f 4875 4784 5276
f 4713 4712 4762
f 4712 5277 5278
f 5279 5280 4425
f 4914 4913 4558
f 4321 5136 5134
f 4426 5259 5281
f 5282 5283 5284
f 4231 4671 5285
f 5278 4549 4551
f 4254 4256 4843
f 5286 5274 5273
f 5287 5288 5239
f 4688 5289 5290
f 5291 5292 5293
f 4551 4550 4552
f 5187 5153 5294
f 5227 5295 5296
f 4638 5297 4853
f 5288 5287 5298
f 5260 4445 4563
f 5251 5300 4291
f 4762 5278 5301
f 5284 5302 5282
f 4705 4761 5303
f 4445 4461 4563
f 4812 4767 4794
f 4559 4638 4560
f 5304 4662 4726
f 4856 5305 5306
f 5306 4806 4857
f 5298 4439 5288
f 5276 4784 5307
f 5226 5046 4908
f 4487 5293 5303
f 4751 5014 4597
f 4439 5308 5309
f 4439 5298 4440
f 5154 4276 4290
f 4255 4827 4256
f 4804 4848 4847
f 4421 5310 4393
f 4799 5311 4882
f 4692 4718 5050
f 5312 5313 5314
f 5312 5315 5313
f 4413 4412 5316
f 4805 4797 4796
f 4430 4432 5317
f 4303 5161 5160
f 4486 4858 4819
f 4783 5307 4784
f 5284 5318 5302
f 5319 4454 4387
f 5287 5320 5298
f 4438 5315 4439
f 4775 5084 4839
f 4748 5322 4754
f 5320 5287 5323
f 5320 4440 5298
f 5326 5327 5328
f 4429 5329 4409
f 4422 5263 4430
f 5330 5331 5332
f 5333 5334 5306
f 4404 4428 4408
f 5335 5336 4445
f 5319 4387 4392
f 4424 5263 4422
f 5337 5326 5328
f 5338 4385 4453
f 5339 5302 5318
f 5323 5340 5320
f 4434 4433 5341
f 5327 5253 4423
f 4744 4747 4749
f 5336 4460 4461
f 5241 4416 4415
f 4426 4425 5259
f 4362 5342 5343
f 5340 5344 5320
f 5339 5318 5345
f 5346 5331 5347
f 4478 5316 5348
f 4751 4750 5156
f 4376 4382 4377
f 5241 5242 4416
f 4696 4695 4807
f 4783 4639 5349
f 5350 5223 5351
f 5252 5253 5352
f 5268 5330 5332
f 5286 5353 5274
f 5354 5344 5340
f 5355 5356 5357
f 4384 4367 4385
f 5241 5223 5204
f 4412 5358 4379
f 5333 5149 4686
f 5354 5359 5344
f 4311 5136 4320
f 5342 4322 5221
f 5360 5361 4421
f 5342 4362 5362
f 4379 4345 4380
f 4685 4647 5275
f 4745 5363 5189
f 4379 4343 4345
f 5364 4335 4384
f 5127 5198 5128
f 5261 5274 5353
f 5365 5366 5367
f 4746 4741 4616
f 4672 4673 4774
f 4699 5166 5369
f 5208 5205 5204
f 4727 5370 5191
f 5135 5090 5371
f 5372 5373 5374
f 5375 5376 4324
f 5377 5378 4499
f 5296 5379 4567
f 5174 4343 5358
f 5019 4855 5380
f 5348 5337 5258
f 5366 5381 5382
f 5376 4375 5183
f 4764 4745 4672
f 4567 5379 5268
f 4345 5193 5192
f 4364 4320 5362
f 5088 5093 5102
f 5191 4600 4727
f 5366 5383 4308
f 5184 5373 4304
f 5188 5187 5209
f 5184 4304 5185
f 4320 4364 4311
f 5201 5200 5162
f 5126 4721 4630
f 5126 4630 4632
f 5149 5128 5197
f 4745 5189 5163
f 4463 5250 4634
f 4465 5345 5384
f 4685 4687 5385
f 5268 5286 5273
f 5060 4771 5061
f 5134 4300 4321
f 5153 5152 5294
f 4300 5134 5387
f 4615 4575 5150
f 4273 4263 5388
f 5108 4257 5095
f 4982 4264 5159
f 5095 4277 5108
f 5345 5389 5384
f 4817 4233 5390
f 5020 4555 5142
f 5156 4568 5391
f 5142 5112 5153
f 4301 5145 4306
f 5178 5392 5393
f 5231 4544 5394
f 4644 4583 4757
f 4615 5150 4743
f 5141 5140 5158
f 5395 5044 5168
f 4274 4276 5154
f 5173 5392 4679
f 4304 5397 4234
f 5398 5399 5395
f 4304 4303 5397
f 5387 4301 4300
f 4336 4283 5155
f 4284 4336 5400
f 5227 5296 5401
f 5201 5162 5161
f 5247 5396 4326
f 5193 5402 5398
f 4579 5254 5403
f 4290 5300 5404
f 5155 5187 4337
f 4234 4232 5185
f 5178 5393 5405
f 4322 5362 4320
f 5161 5177 5201
f 5381 5366 4307
f 5406 4311 4364
f 4618 4479 5407
f 5174 5408 4344
f 4299 4330 4322
f 4325 4288 4340
f 5158 5008 4313
f 5177 4305 5373
f 4284 5251 4282
f 5409 5404 5300
f 5177 5202 5201
f 5410 4515 5411
f 5268 5273 5266
f 5409 5272 5404
f 5412 5404 5272
f 5413 5352 5195
f 4325 4340 5414
f 4335 4367 4384
f 5242 5202 5415
f 5359 4325 5414
f 5213 5356 5355
f 5414 4340 4374
f 5357 5356 4375
f 5265 5245 5416
f 4236 4235 4234
f 4631 4512 4531
f 4601 5210 5222
f 5134 4272 4271
f 5367 5346 5365
f 5351 5241 4415
f 5357 4377 4405
f 4663 4561 4462
f 5417 5418 5419
f 5420 4416 5421
f 5410 5422 4473
f 4406 4377 4410
f 5347 5331 5330
f 5281 4451 4450
f 4441 4415 4417
f 4500 4283 4282
f 5361 5360 5216
f 4411 4414 4413
f 4453 4460 5338
f 5308 5315 5312
f 5423 5343 5330
f 4441 5424 4420
f 5145 4301 5099
f 4582 4584 5273
f 5378 5377 5312
f 4427 4495 5341
f 5328 5327 5425
f 4448 5423 5295
f 4471 4450 4469
f 5319 5428 5429
f 4495 4496 5235
f 5341 4511 4434
f 4458 4472 4452
f 4445 5353 4446
f 5210 4601 5317
f 5430 4454 5429
f 5332 5286 5268
f 5011 5008 4547
f 4466 4465 4513
f 4531 4465 5384
f 4465 4531 4513
f 5360 4466 5216
f 4458 5431 4502
f 4479 4478 5407
f 5430 5432 4459
f 4510 4434 4511
f 4654 4897 5159
f 4466 5424 4467
f 5429 5418 5430
f 4229 4228 4657
f 4462 4459 5432
f 5154 4307 5109
f 5240 5433 5317
f 4557 4816 5101
f 5434 5407 4478
f 5235 5435 4495
f 5434 5348 5258
f 5436 5309 4536
f 4271 5388 5437
f 4726 5417 4696
f 4697 4696 5417
f 4473 4472 5410
f 5185 5247 5186
f 5418 5429 5419
f 4547 4546 5097
f 4645 4685 5234
f 5385 5234 4685
f 4561 5438 4462
f 4476 4544 4488
f 5245 5265 5256
f 4510 4509 4570
f 4536 4576 5436
f 5428 4421 5361
f 5434 5258 4592
f 5436 4576 5288
f 5156 5391 4644
f 4913 4900 4901
f 5435 5341 4495
f 5439 5361 5176
f 4543 5264 5405
f 4498 5254 4579
f 4456 4422 5433
f 4454 5430 4455
f 5425 5327 4475
f 4452 4469 4450
f 5440 5432 5417
f 4411 4413 4478
f 4600 5190 4601
f 4962 4985 4954
f 4631 5441 4512
f 5379 5423 5330
f 5442 4252 5081
f 5339 4417 5302
f 5203 4592 5163
f 4943 4976 4998
f 4967 4862 4929
f 5332 5331 5286
f 4448 5343 5423
f 4514 5235 4509
f 5370 4544 4545
f 4471 4427 4426
f 4439 5315 5308
f 5443 5214 4615
f 4571 5234 5385
f 4477 4410 4411
f 5175 4697 5439
f 4643 4644 5391
f 5322 4578 4579
f 5279 4425 4427
f 5419 5444 5439
f 5215 5239 5288
f 5273 4584 5266
f 4578 5322 4666
f 5217 5411 5445
f 5034 5446 5086
f 4617 4616 5447
f 4435 5279 4433
f 5302 5420 5282
f 5030 5052 4872
f 4304 4234 5185
f 4323 5402 5408
f 4673 5231 5394
f 4412 4378 5326
f 4462 5440 4663
f 5189 5363 4616
f 5355 5357 4451
f 4568 4750 5166
f 5407 5434 5203
f 5141 5448 4359
f 5128 5198 5197
f 5259 5355 5281
f 5231 5257 4488
f 4545 5191 5370
f 4667 5322 4748
f 5123 4677 4678
f 4562 4677 5123
f 5367 5382 4447
f 4412 5449 5358
f 4391 5350 4393
f 5393 4543 5405
f 5234 4509 5235
f 5259 5225 5355
f 4709 4711 5064
f 5371 5450 5135
f 4375 4377 5357
f 5384 5238 5450
f 4723 5451 4724
f 5421 5415 5373
f 4568 5267 5391
f 4531 5384 5450
f 5452 5412 5272
f 5372 5421 5373
f 4391 5208 5350
f 4383 5364 4384
f 5350 5208 5223
f 5257 5231 4590
f 4375 5376 4376
f 4700 4699 4596
f 5192 5195 5352
f 5150 4747 4744
f 5120 4996 5121
f 4531 5450 4640
f 5126 4639 4783
f 4746 5363 4745
f 5177 5373 5415
f 5453 4330 5454
f 5065 5037 4604
f 5135 5214 5443
f 4798 4678 5455
f 5412 4290 5404
f 4798 4800 5123
f 4344 5408 5402
f 4305 4304 5373
f 5456 5128 5333
f 5411 4515 5457
f 4322 4300 4299
f 5090 4742 4791
f 5183 4324 5376
f 4312 5406 5448
f 4311 5406 4312
f 4785 5042 4722
f 4755 4754 4793
f 4599 4596 5369
f 5084 4775 4673
f 5294 5200 5209
f 5458 4707 4708
f 5334 4946 4806
f 4255 4517 4764
f 5419 5439 4697
f 4568 5166 4569
f 5200 5294 5152
f 5141 5158 5448
f 5032 5129 5456
f 5142 5187 5155
f 5158 4313 4312
f 5457 4732 5411
f 4661 4663 5459
f 5152 5162 5200
f 5405 5416 4723
f 5142 5153 5187
f 5460 4480 5461
f 4307 5108 5109
f 4307 4306 5145
f 4480 4839 5084
f 4233 5397 4303
f 4640 5450 5371
f 4628 4287 5057
f 5147 4313 5008
f 5101 5390 5152
f 5134 4271 5387
f 5058 5462 4902
f 5448 5406 4357
f 4723 5416 5451
f 5463 5106 4282
f 4233 4236 5397
f 4839 5039 4775
f 4811 4400 4755
f 5197 4571 4687
f 5198 5451 5416
f 4839 4480 4482
f 4624 4315 4314
f 5101 4817 5390
f 5464 5100 5099
f 5460 4765 4886
f 4481 5460 4886
f 4327 4526 5143
f 4960 5029 4961
f 5163 4591 4672
f 4782 4878 4880
f 5465 4975 4974
f 4881 5466 4799
f 5081 5080 5100
f 5060 5061 5098
f 4647 4646 5467
f 5468 4408 4407
f 4404 5468 4403
f 4903 4919 4904
f 5012 4394 5029
f 4882 5469 4883
f 5080 4252 4253
f 4359 5448 4357
f 5046 4909 4908
f 4902 4904 5059
f 4732 5457 4741
f 4408 4429 4409
f 4716 5002 4840
f 4685 4645 4647
f 4863 4862 4967
f 4927 4926 5007
f 4589 4562 4758
f 4952 4885 4950
f 4881 4883 5470
f 5219 4870 4900
f 5471 4838 4952
f 5184 5186 5374
f 5026 4840 5003
f 4344 5193 4345
f 4869 4962 4954
f 4895 4869 4991
f 4949 4862 4947
f 5123 4758 4562
f 4819 4487 4486
f 5363 4746 4616
f 5292 4683 4676
f 4854 5472 4971
f 5445 4732 4731
f 4483 5301 5321
f 5349 4639 5473
f 4740 4733 4741
f 4991 4869 4954
f 4961 4924 4925
f 4596 4699 5369
f 4920 4919 4941
f 5371 5090 5091
f 4929 4862 4949
f 5085 5370 4727
f 4764 4672 4774
f 5369 5166 4599
f 4551 4552 4813
f 5293 4705 5303
f 4951 4950 5474
f 4953 4991 4954
f 5473 5091 4684
f 5455 4678 4662
f 5156 5077 4751
f 5349 5473 4684
f 5278 4762 4712
f 5475 5476 5186
f 5191 4545 5190
f 5188 4335 4337
f 4926 4928 4846
f 4951 5477 4984
f 5461 4480 4727
f 4727 4480 5085
f 5334 4686 4946
f 4676 4705 5292
f 5030 4872 4979
f 4585 4708 4665
f 4571 5197 4570
f 5000 5478 4938
f 4549 4633 4670
f 5135 5450 5214
f 5262 5479 4712
f 5476 5374 5186
f 4645 5234 4496
f 5480 4637 4746
f 4777 4797 5275
f 5349 4684 5307
f 5373 5184 5374
f 4787 5036 5481
f 4657 4648 4229
f 4795 4755 4402
f 4682 4587 5233
f 5307 4684 4250
f 5334 4806 5306
f 5311 5455 5304
f 4634 4635 4464
f 4944 4820 5021
f 4807 5482 5105
f 5157 5016 4847
f 5045 4923 4994
f 4674 5483 5484
f 4538 4603 4730
f 5023 5485 5486
f 4993 4845 4837
f 5484 5483 4268
f 4756 4902 5462
f 4931 4932 4979
f 5487 5488 4656
f 4638 4559 4636
f 4394 4791 4792
f 5466 5046 4800
f 4863 5482 4397
f 5228 4668 4489
f 5491 5487 5492
f 4269 4368 4626
f 5229 4292 4247
f 4324 5174 5375
f 4614 5103 4973
f 4902 4756 4903
f 5146 4997 5047
f 5053 5485 5023
f 5053 4831 5485
f 5493 4492 5483
f 5032 5456 4851
f 4789 4523 4581
f 4853 4516 4254
f 5206 5492 5220
f 4781 4535 4534
f 5469 5482 4863
f 4298 4368 4269
f 5307 4250 4998
f 5039 4839 4838
f 5493 4390 4492
f 5487 5491 5494
f 5054 5053 5023
f 4537 4388 5493
f 4419 4292 5229
f 5206 5207 5491
f 4852 5305 4856
f 4292 4436 4293
f 4837 4735 4734
f 4956 4370 4829
f 4984 4985 5471
f 4998 5276 5307
f 4956 4831 5068
f 4286 5024 4759
f 5052 4736 5113
f 4266 4399 4861
f 4519 4328 4444
f 5249 5469 4863
f 4779 4483 4485
f 4561 4677 4562
f 5040 4815 5078
f 4398 4828 4354
f 4760 5495 5496
f 4765 4880 4886
f 4881 4909 5466
f 5048 5088 5087
f 5050 4736 4692
f 5067 4803 5037
f 4528 4759 5033
f 4703 4735 5079
f 4993 4837 4333
f 5375 5358 4381
f 4919 4903 5226
f 4829 4370 4841
f 4962 4824 4985
f 5017 4924 5029
f 4353 5181 4790
f 4855 5019 4856
f 4952 4838 4482
f 5211 4976 4969
f 4278 4494 4347
f 4854 5180 5472
f 5276 4998 4976
f 5471 4985 5039
f 4653 5079 5082
f 5181 4975 5465
f 5055 4625 5068
f 5214 5450 5238
f 5104 4737 4628
f 4688 5290 5269
f 4260 5164 4295
f 5497 4314 5169
f 4542 4860 4503
f 4690 5498 4691
f 4259 4261 5165
f 4705 4713 4761
f 4296 4295 5164
f 4694 4664 5500
f 4885 4952 4482
f 5269 5290 5285
f 4379 5358 4343
f 4314 4316 5169
f 5289 4683 5292
f 5277 4549 5278
f 4604 4621 5065
f 4973 4540 4505
f 4891 5144 4507
f 5234 4571 4509
f 5498 4607 4691
f 5289 4681 4683
f 5497 5465 4974
f 5061 5062 5107
f 5107 4990 5061
f 5035 5501 5057
f 5218 5380 4855
f 5501 4628 5057
f 4609 4607 5498
f 4952 4951 5471
f 5224 4854 4980
f 4979 4371 4709
f 4653 5115 5131
f 4941 4919 5226
f 4358 4357 5406
f 4316 4573 5499
f 4520 4611 4521
f 4712 5479 5277
f 5029 4960 5013
f 5479 4627 4549
f 4521 5005 4975
f 4520 4609 4611
f 4689 5255 4681
f 5250 4585 4246
f 5132 5137 4651
f 4577 4565 4530
f 4605 5122 5143
f 4520 4608 4607
f 4606 4593 4595
f 4315 4574 4316
f 5125 4541 5124
f 4967 4905 5249
f 4949 4948 5212
f 4607 4609 4520
f 4594 5122 4595
f 5210 4701 5222
f 4867 5470 5248
f 4911 4920 4940
f 4921 4996 5120
f 5502 5374 5476
f 4309 5503 4635
f 5380 5218 4983
f 4718 4692 5015
f 4682 4603 4587
f 4657 4533 4648
f 4935 4936 4968
f 4574 4315 4625
f 5255 4649 4603
f 5484 4268 5262
f 5479 5262 4268
f 5171 4930 4949
f 4929 4949 4930
f 5122 4594 5504
f 5488 4533 4657
f 4617 5457 4515
f 4525 5133 4622
f 4674 5484 4675
f 4865 4915 4980
f 4633 4668 4670
f 5049 5001 4866
f 4580 4522 4554
f 4702 5118 5116
f 5063 4610 4609
f 4593 5165 4594
f 4605 4659 4719
f 4542 4265 4267
f 5506 4841 5211
f 4316 5499 4289
f 4505 4540 4503
f 4506 5133 4389
f 4934 4892 4933
f 5133 4279 4389
f 5219 4970 4888
f 4922 4950 4935
f 4518 4489 4668
f 4535 4729 4715
f 4625 5507 5098
f 4963 4895 4964
f 4457 4891 4507
f 5102 5508 5111
f 5497 5169 4826
f 4525 4280 4279
f 4492 4297 4268
f 4844 4912 4940
f 4504 4348 4906
f 4297 4269 4268
f 5361 5216 5176
f 4921 5474 4922
f 4373 5468 4407
f 4652 4703 4653
f 5061 4770 5062
f 4711 4642 5005
f 4968 5182 4994
f 4957 4846 4928
f 4865 5006 4832
f 4534 5487 5494
f 4444 4468 4418
f 4826 4825 5465
f 5170 5212 4841
f 4353 4790 4360
f 5033 4759 5034
f 5446 5034 4759
f 5508 5075 5072
f 4642 4711 4710
f 4710 4956 4642
f 4958 4920 4911
f 4944 4959 4820
f 5446 5087 5086
f 4772 4295 4294
f 5132 5144 4891
f 5229 4489 4418
f 4399 4534 5494
f 5498 5051 5031
f 4846 5009 4835
f 5006 4916 4833
f 5494 4861 4399
f 4717 4658 4808
f 5037 4808 4658
f 5050 4717 4808
f 5446 5025 5087
f 4945 5021 5486
f 4419 4436 4292
f 5375 4381 5376
f 4376 5376 4381
f 4373 4403 5468
f 5025 5048 5087
f 4356 4355 4776
f 4912 4844 4801
f 4368 4298 4329
f 4390 5493 4388
f 4388 4776 4355
f 4371 4370 4956
f 5146 4953 4997
f 4789 4725 4360
f 4281 4346 4491
f 4734 4334 4333
f 4399 4398 4781
f 5075 5121 5073
f 4826 4369 4302
f 4729 4356 4730
f 4859 4861 5207
f 4317 4887 4859
f 5038 4714 5089
f 4592 5203 5434
f 4372 5170 4370
f 4821 4849 5110
f 5048 5510 5094
f 4780 4769 4820
f 4834 4833 5041
f 5199 5245 5244
f 4772 4436 4260
f 4518 4626 4368
f 5483 4492 4268
f 5493 5483 4674
f 5041 4833 4285
f 5226 4939 4941
f 4247 5230 5229
f 4572 5505 4554
f 4309 4248 5503
f 4372 4932 5151
f 5492 5487 4656
f 5047 5025 4987
f 5110 4780 4821
f 5049 4810 5001
f 4826 5169 4369
f 4951 4984 5471
f 4841 4370 5170
f 4285 4918 5024
f 4802 5511 4809
f 4866 4868 5052
f 5181 5465 4825
f 4603 4649 4730
f 4656 5488 4657
f 5465 5497 4826
f 5230 4669 5228
f 4627 5479 4270
f 5230 4246 4665
f 5181 4353 4521
f 4832 4834 4864
f 4810 5049 4808
f 4810 4809 5511
f 4675 5484 4704
f 4892 4828 4933
f 5023 5486 5021
f 5230 4665 4669
f 4848 4804 5038
f 4835 4814 5022
f 5510 5512 5094
f 4993 5027 4994
f 5510 5477 5512
f 4769 5054 5023
f 4889 5481 5036
f 5510 4997 4955
f 4671 4230 4229
f 5250 4586 4585
f 5504 4594 4468
f 4836 5083 5079
f 4229 4230 4227
f 4933 4266 4265
f 5277 5479 4549
f 4670 4707 4550
f 4705 4704 4713
f 4916 4918 4833
f 5506 5211 4969
f 4987 5513 5146
f 4739 4285 4287
f 4937 4973 4906
f 5481 4970 4873
f 5093 5094 5120
f 4894 5157 4849
f 4938 4907 5470
f 4889 4888 5481
f 5513 4953 5146
f 5289 5292 5291
f 5164 4259 4608
f 5037 4809 4808
f 4931 4871 4929
f 5144 5130 4507
f 5485 4830 5506
f 4541 4265 4542
f 5292 4705 5293
f 4961 4893 5004
f 5485 5506 4945
f 4593 4259 5165
f 5383 5365 5514
f 5006 4865 4980
f 4984 5477 4955
f 4592 5257 4590
f 4915 4970 5232
f 4987 4964 5513
f 5382 5412 5452
f 4736 5052 4690
f 5278 4551 4813
f 5301 4483 4762
f 5504 5143 5122
f 4606 4608 4259
f 4973 5515 4540
f 4945 5506 4969
f 4894 4965 5157
f 4760 4752 5495
f 5515 4541 4540
f 5005 4641 4975
f 4968 4923 4922
f 5513 4991 4953
f 4770 4693 4694
f 4623 5066 4621
f 4973 5103 5515
f 4971 4963 4917
f 4900 5232 4970
f 4815 5067 5066
f 4484 5321 4449
f 4943 4999 4960
f 5490 5019 5380
f 4992 4613 4612
f 5516 4958 4957
f 5115 5114 5130
f 4485 5329 4429
f 4999 5013 4960
f 4990 4573 5098
f 5470 4883 5248
f 4358 5252 5413
f 4574 5098 4573
f 4691 4607 4606
f 5190 4545 4476
f 4915 5232 4913
f 4915 4914 5224
f 4963 5472 4896
f 5003 4877 5026
f 5516 4927 4958
f 4884 4880 4936
f 5098 5507 5060
f 5012 5029 5013
f 4862 4396 4947
f 5116 5072 5074
f 4909 4881 4907
f 4904 4920 5059
f 5005 4610 5064
f 4842 4843 4895
f 5014 5059 4958
f 4880 4879 4936
f 5116 4334 4702
f 4651 4702 4652
f 4924 4876 4877
f 5005 5064 4711
f 5055 5507 4625
f 5114 4653 5082
f 5039 4838 5471
f 4812 5026 4877
f 5453 5514 5347
f 4481 4886 4885
f 5014 4927 4597
f 5033 5035 5056
f 4870 4855 4857
f 5072 5124 5508
f 4623 5114 5078
f 5005 4642 4641
f 4633 4627 4626
f 5035 5057 5056
f 4876 4792 4812
f 5103 4614 5088
f 5072 5117 5124
f 5076 4737 5104
f 4254 4842 4896
f 4659 4717 4719
f 5034 4565 5035
f 4702 4334 4703
f 4693 5070 4664
f 4703 5079 4653
f 4880 4765 4766
f 4565 5034 4992
f 5469 4882 5311
f 4875 5042 4784
f 4779 4762 4483
f 4558 4822 4796
f 5116 5074 4332
f 5456 5305 4852
f 4622 4621 4604
f 4800 4799 5466
f 5182 4936 4942
f 4717 5050 4718
f 5511 5478 4810
f 5476 5354 5283
f 5283 5502 5476
f 5118 4651 5137
f 5014 4751 5058
f 5304 5469 5311
f 4943 4960 4944
f 5384 5389 5238
f 4791 4251 5090
f 4617 4501 4618
f 4516 5297 5480
f 5038 5089 5069
f 4262 5437 5388
f 5388 4263 4262
f 5079 5083 5082
f 5078 5083 5040
f 5095 4898 4277
f 4342 4341 5106
f 5437 5100 4271
f 4547 5097 5010
f 5101 5112 4557
f 4817 4524 4233
f 5052 5051 4690
f 5096 4739 4738
f 4257 5145 5099
f 5463 4276 4275
f 5097 5119 5010
f 4827 4774 4775
f 4981 4982 5043
f 4257 5108 5145
f 5160 5390 4233
f 4314 4641 4624
f 4982 5159 5140
f 5011 5010 5119
f 4555 5112 5142
f 5043 4982 5139
f 5008 5011 5147
f 4234 5397 4236
f 4271 5464 5387
f 5040 5083 5022
f 5044 5395 5399
f 5305 5456 5333
f 5160 4233 4303
f 4693 5110 5069
f 5134 5136 5119
f 5168 5139 5148
f 5386 5399 5402
f 5049 5113 5050
f 4848 5038 5069
f 4284 4283 4336
f 5395 5168 5193
f 5398 5395 5193
f 4787 5096 4788
f 5194 5168 5148
f 5194 5193 5168
f 4299 4301 4308
f 5285 5290 4490
f 4787 4786 5036
f 4321 4300 4322
f 5187 5294 5209
f 5096 5041 4739
f 5110 4848 5069
f 4303 4305 5177
f 5247 4326 5475
f 4326 4325 5475
f 5381 5154 5412
f 5192 5194 5195
f 5383 5454 4308
f 5364 4336 4335
f 4516 5480 4746
f 5413 5179 4359
f 4746 4517 4516
f 4641 4314 4974
f 5413 4359 4358
f 5367 5366 5382
f 4380 5192 5352
f 4837 4836 5079
f 5475 4325 5359
f 5383 5366 5365
f 4391 4366 5208
f 5342 5362 4322
f 5049 4866 5113
f 5352 5413 5252
f 4363 5517 5406
f 5414 5344 5359
f 4367 4366 4386
f 4374 4438 5414
f 5344 5414 4438
f 4755 4795 4748
f 4566 4992 4612
f 4374 5368 5313
f 5512 4921 5120
f 4416 5415 5421
f 4764 4774 4827
f 4383 4385 5338
f 4889 5036 5028
f 4374 5315 4438
f 5347 5514 5346
f 4358 5517 5263
f 4785 5126 4783
f 5518 4378 5327
f 4777 5275 4731
f 4438 4437 5344
f 4698 4700 4766
f 4382 4414 4411
f 5336 5452 5271
f 5271 5270 5338
f 4447 5519 5346
f 4833 4918 4285
f 5432 5440 4462
f 4431 4430 5517
f 5326 5518 5327
f 4387 4454 4386
f 4372 5151 5170
f 4934 4265 5138
f 4844 4966 4802
f 5001 4867 4866
f 5336 5271 4460
f 5326 5316 4412
f 5331 5519 5286
f 5327 4423 4475
f 5337 5316 5326
f 5341 5279 4427
f 5431 4406 4410
f 5431 4410 4477
f 4608 4520 5164
f 4441 4417 4467
f 4434 4442 4435
f 5319 5310 5428
f 4945 4944 5021
f 5424 4441 4467
f 4421 5428 5310
f 4477 4479 5431
f 5308 5377 5309
f 4417 5339 4465
f 4442 4434 5427
f 4733 4740 4636
f 5342 5221 5520
f 5288 4439 5436
f 4622 4526 4525
f 4986 4918 4917
f 5130 4506 4507
f 4478 5348 5434
f 4974 4314 5497
f 4495 4471 4470
f 4382 5358 5449
f 5084 4673 5394
f 4511 5435 4514
f 4695 4722 4773
f 5171 5212 5170
f 5424 4466 5360
f 4890 4989 4983
f 5246 5427 5244
f 4695 4720 4722
f 4279 5133 4525
f 5467 4731 5275
f 5504 4443 5143
f 5309 5377 4536
f 4726 4696 5105
f 4530 4566 4493
f 4858 4428 4404
f 5166 4750 4599
f 4912 4911 4940
f 5477 4951 5474
f 5196 5172 5016
f 4698 4728 4602
f 5419 5429 5444
f 5190 5433 5240
f 4867 5248 4905
f 5137 5132 4892
f 4980 4971 5006
f 5313 5368 5243
f 5009 4957 4911
f 5000 4938 4867
f 4961 4925 4893
f 4497 4564 5254
f 5441 4466 4512
f 4983 5219 4888
f 5240 5317 4601
f 4742 5443 4743
f 4968 4936 5182
f 4470 4473 4539
f 5490 5380 4978
f 5212 5211 4841
f 5164 4520 4296
f 5169 4316 4289
f 4978 5380 4983
f 5190 4476 5433
f 4995 4942 4926
f 4937 4906 4494
f 4905 4967 4871
f 4867 4938 5470
f 5219 4900 4970
f 4567 5267 4568
f 5215 5214 5239
f 5283 5354 5340
f 4539 4473 5217
f 5217 4473 5422
f 5296 4567 5401
f 5241 5351 5223
f 5504 4468 4443
f 5239 5238 5389
f 4643 5391 5266
f 5447 4616 4741
f 5216 5441 4630
f 5199 5244 4570
f 5172 5196 5002
f 5002 5236 5172
f 5261 4582 5273
f 4677 4561 4663
f 5405 5265 5416
f 4296 4521 4353
f 5245 5199 5416
f 5441 4631 4630
f 4906 4505 4504
f 4667 4666 5322
f 5508 5124 5111
f 4569 5167 5401
f 4885 4935 4950
f 4908 4907 4938
f 4570 5197 5199
f 5478 5001 4810
f 4732 5445 5411
f 4679 5392 4680
f 4879 4926 4942
f 4947 4874 4948
f 4933 4828 4398
f 4504 4503 4887
f 5175 4695 4697
f 4884 4935 4885
f 5222 4701 4602
f 4571 5385 4687
f 4583 4589 4758
f 4926 4879 4878
f 5176 4630 4721
f 4881 5470 4907
f 4743 5443 4615
f 4927 5516 4928
f 5231 4591 4590
f 5457 5447 4741
f 4504 4349 4348
f 5394 4544 5370
f 4754 4579 5403
f 5421 5372 5282
f 5218 4870 5219
f 5477 4921 5512
f 4457 4355 4891
f 4995 4926 4846
f 4346 4280 4527
f 5459 5417 4726
f 4660 4754 5403
f 5178 4680 5392
f 4721 4720 5176
f 4591 5231 4673
f 4346 4527 4329
f 4609 5498 5063
f 4870 5218 4855
f 4869 4895 4843
f 4695 5175 4720
f 4976 4875 5276
f 4723 5178 5405
f 5416 5199 5198
f 5417 5419 4697
f 5281 5355 4451
f 5217 5422 5411
f 5135 5443 4742
f 5077 4644 4757
f 5156 4644 5077
f 4647 5467 5275
f 5422 5410 5411
f 4639 5126 4632
f 4732 4741 4733
f 5017 4876 4924
f 5394 5370 5085
f 4589 4583 4582
f 4913 4901 4558
f 4643 4584 4583
f 4938 5478 4939
f 4856 5018 4852
f 4592 4591 5163
f 4724 5451 4988
f 5461 4727 4728
f 4743 5150 4744
f 4840 5026 4794
f 5334 5333 4686
f 5439 5176 5175
f 4268 4270 5479
f 4504 4317 4349
f 5129 4988 5451
f 4825 4338 4790
f 5266 5391 5267
f 4807 4695 4773
f 4575 4536 4578
f 4761 4779 5303
f 5326 4378 5518
f 5114 4623 4622
f 4412 4414 5449
f 4398 4354 4781
f 4778 4731 4733
f 4914 4558 4560
f 4826 4302 4338
f 4795 4749 4748
f 5410 4472 4515
f 5129 5128 5456
f 4966 5478 5511
f 5304 5455 4662
f 4857 4856 5306
f 5167 5227 5401
f 5282 5420 5421
f 5129 5032 4988
f 4880 4766 4782
f 4756 4758 5046
f 4617 4515 4501
f 4637 5480 5297
f 5304 5105 5482
f 4501 4515 4502
f 4792 5017 4394
f 4798 5455 4799
f 4619 4396 4395
f 5265 5405 5264
f 4851 5456 4852
f 5444 5361 5439
f 5042 4785 4784
f 4767 4749 4794
f 5244 4510 4570
f 5461 4728 5460
f 5207 5494 5491
f 4517 4255 4254
f 4402 4755 4400
f 4794 4795 4401
f 5441 5216 4466
f 4637 5297 4638
f 4777 4558 4796
f 5482 5469 5304
f 5460 4728 4765
f 4807 4397 5482
f 4418 4419 5229
f 4559 4558 4778
f 4778 4558 4777
f 5377 4499 4536
f 4519 4368 4328
f 4795 4402 4401
f 5460 4481 4480
f 5297 4516 4853
f 4599 4751 4597
f 4395 4773 4619
f 4491 4297 4492
f 4251 4791 4394
f 4361 4360 4725
f 4781 4356 4729
f 5077 5462 5058
f 4799 5455 5311
f 5283 5340 5284
f 5515 5111 4541
f 5046 5466 4909
f 4563 5438 4561
f 4470 4469 4473
f 5335 5452 5336
f 4806 4805 4857
f 5305 5333 5306
f 4510 5244 5427
f 4853 4254 4896
f 4827 4255 4764
f 4636 4559 4778
f 5258 5328 5257
f 4619 4875 4620
f 4794 4401 4840
f 4824 4962 4823
f 4872 4871 4931
f 5059 5058 4902
f 4700 4596 4782
f 5268 5267 4567
f 4783 5349 5307
f 5328 5425 5257
f 4857 4805 4870
f 5299 4497 4499
f 5462 4757 4756
f 5018 4850 4852
f 5226 4903 5046
f 4878 4598 5007
f 4459 4455 5430
f 5428 5361 5444
f 5429 5428 5444
f 5353 5260 5261
f 4883 5469 5249
f 5296 5295 5423
f 4824 5039 4985
f 5077 4757 5462
f 4946 5275 4797
f 4870 4822 4900
f 5105 5304 4726
f 5424 5360 4420
f 5237 5236 4716
f 5451 5127 5129
f 4471 4495 4427
f 4406 5431 4458
f 5472 5180 4896
f 5487 4534 4533
f 4958 5059 4920
f 5394 5085 5084
f 4432 4448 5295
f 4410 4377 4382
f 4626 4270 4269
f 4965 4877 5003
f 4413 5316 4478
f 5389 5287 5239
f 5128 5149 5333
f 4475 4423 4456
f 5284 5340 5323
f 5248 5249 4905
f 5378 5314 5324
f 5420 5302 4417
f 4453 4455 4460
f 5224 4980 4915
f 4963 4971 5472
f 4706 5220 5492
f 4454 4453 4386
f 5378 5312 5314
f 5310 5319 4392
f 5467 5445 4731
f 4533 5488 5487
f 5003 5196 4965
f 4433 5279 5341
f 4446 5353 5519
f 5513 4964 4991
f 4426 5281 4450
f 5335 4445 4447
f 5420 4417 4416
f 5320 4437 4440
f 5473 5371 5091
f 4957 4928 5516
f 5196 5157 4965
f 5212 5171 4949
f 4922 5474 4950
f 5343 4448 4362
f 4428 4485 4429
f 4661 5459 4726
f 4941 4966 4844
f 5182 4942 4995
f 4405 4451 5357
f 4959 4944 4960
f 4966 4939 5478
f 4995 4846 4845
f 5263 5517 4430
f 5343 5520 5330
f 4640 5371 5473
f 4472 4458 4502
f 4888 4970 5481
f 5127 5451 5198
f 4910 5009 4911
f 5322 4579 4754
f 4423 5252 4424
f 4993 4995 4845
f 4668 5228 4669
f 4431 4363 4362
f 5197 4687 5149
f 4921 5477 5474
f 5344 4437 5320
f 4846 4957 5009
f 5452 5272 5271
f 5001 5478 5000
f 4930 5171 4931
f 4385 4386 4453
f 5467 4646 5217
f 5467 5217 5445
f 4893 4821 5004
f 5338 5270 4383
f 5486 5485 4945
f 5151 4931 5171
f 4640 5473 4639
f 5510 4955 5477
f 4488 5425 4475
f 5415 4416 5242
f 5295 5227 5210
f 4890 4889 5028
f 4379 4378 4412
f 5481 4873 4864
f 4447 5382 5335
f 5452 5335 5382
f 5511 4802 4966
f 4381 5358 4382
f 4864 4787 5481
f 5221 5453 5347
f 5167 4569 5166
f 4575 4578 4666
f 4848 5110 4849
f 4380 5352 5253
f 5517 4358 5406
f 5457 4617 5447
f 5045 4996 4923
f 5438 4563 4461
f 5354 5476 5475
f 5045 4994 5027
f 4383 5270 5409
f 4831 4830 5485
f 5475 5359 5354
f 5052 4868 4872
f 5242 5204 5202
f 4681 5255 4603
f 4996 5045 5121
f 4663 5440 5459
f 4971 4916 5006
f 5362 4362 4364
f 4345 5192 4380
f 5440 5417 5459
f 4864 4834 5096
f 4787 4864 5096
f 4439 5309 5436
f 5453 5454 5514
f 5406 4364 4363
f 5213 4375 5356
f 4415 4420 5351
f 4836 5022 5083
f 5120 5094 5512
f 5415 5202 5177
f 4640 4631 4531
f 5427 5246 5426
f 4997 5510 5048
f 5266 4584 4643
f 4734 4333 4837
f 5413 5195 5179
f 5520 5347 5330
f 5131 4651 4653
f 5358 5375 5174
f 4676 4675 4704
f 4829 4831 4956
f 4383 5409 5364
f 4432 5295 5317
f 5025 4759 5024
f 5073 5045 4332
f 4589 4582 4563
f 5051 5030 5031
f 5345 5287 5389
f 4815 4803 5067
f 5215 5288 4576
f 4330 4308 5454
f 4771 5060 5054
f 5432 5418 5417
f 4567 4569 5401
f 4536 4498 4578
f 5186 5247 5475
f 4323 5408 5174
f 4707 4670 4669
f 4759 5025 5446
f 5093 5075 5508
f 5203 4618 5407
f 4753 4760 5509
f 5069 5089 5070
f 5141 5179 5148
f 5194 5148 5179
f 4336 5155 4337
f 4582 5260 4563
f 4307 5154 5381
f 5068 4642 4956
f 5400 5300 5251
f 5402 4323 5386
f 5076 4738 4737
f 5498 5031 5063
f 5498 4690 5051
f 5430 5418 5432
f 5060 5507 5055
f 5399 5398 5402
f 5116 4332 4334
f 4287 4528 5057
f 4301 4306 4308
f 4311 5147 5136
f 4655 4642 5068
f 4655 5068 4625
f 4621 5066 5065
f 5082 5078 5114
f 5438 4461 4462
f 5102 5093 5508
f 4488 5257 5425
f 4959 4961 5004
f 4291 5463 4282
f 4514 5435 5235
f 5078 5066 4623
f 5139 4982 5140
f 5378 5324 4499
f 4610 5063 5064
f 5044 5043 5168
f 5433 4476 4456
f 4655 4625 4624
f 4614 4613 5086
f 4614 5086 5088
f 5210 5317 5295
f 4510 5427 4434
f 4274 5109 4277
f 4718 5015 4595
f 5341 5435 4511
f 4992 5034 4613
f 5015 4691 4606
f 5431 4479 4502
f 5258 5337 5328
f 5324 5299 4499
f 5317 5433 4430
f 5423 5379 5296
f 4671 5269 5285
f 5339 5345 4465
f 4625 5098 4574
f 5353 4445 5260
f 4271 4273 5388
f 4628 5501 4629
f 4763 4273 4272
f 5111 5124 4541
f 5433 4422 4430
f 4275 4899 5463
f 5501 5035 4577
f 5268 5379 5330
f 5360 4421 4420
f 4994 4923 4968
f 5348 5316 5337
f 4445 5336 4461
f 4477 4411 4478
f 4553 4707 5458
f 4454 5319 5429
f 5117 5138 5125
f 4629 5501 4577
f 5437 5081 5100
f 4577 4508 4629
f 5353 5286 5519
f 5293 4818 5291
f 4471 4426 4450
f 5005 4521 4611
f 5144 5131 5115
f 5310 4392 4393
f 5138 4265 5125
f 4262 5442 5437
f 5442 5081 5437
f 4566 4612 4937
f 4593 4606 4259
f 5131 5144 5132
f 4342 4899 5092
f 5519 5331 5346
f 5271 5338 4460
f 4393 5351 4420
f 5318 5287 5345
f 5519 4447 4446
f 4867 4905 4868
f 5181 4521 4975
f 5243 5314 5313
f 4414 4382 5449
f 4447 5346 5367
f 5342 5520 5343
f 4374 5313 5315
f 5517 4363 4431
f 4393 5350 5351
f 4525 4527 4280
f 4378 5253 5327
f 4327 5143 4443
f 5221 5347 5520
f 5282 5372 5283
f 4594 4261 4468
f 5372 5502 5283
f 4431 4362 4448
f 4918 4986 4987
f 4367 4386 4385
f 5514 5365 5346
f 4327 4443 4328
f 4398 4266 4933
f 4527 4327 4329
f 4887 4860 4859
f 5272 5409 5270
f 5372 5374 5502
f 4818 5293 4487
f 5103 5111 5515
f 4374 4331 5368
f 4468 4261 4418
f 4487 4779 4485
f 4483 5321 4484
f 5233 4674 4676
f 4486 4485 4428
f 4485 4484 5329
f 5221 4330 5453
f 5383 5514 5454
f 4828 4891 4355
f 4779 4487 5303
f 5138 5117 5118
f 4294 4353 4360
f 4505 4906 4973
f 4595 5122 4719
f 5207 4861 5494
f 4366 5188 5208
f 4436 4772 4293
f 5412 5382 5381
f 4452 4451 4405
f 5174 4344 4343
f 5154 4290 5412
f 4346 4329 4298
f 5314 5325 5324
f 5468 4404 4408
f 5035 4565 4577
f 4790 4789 4360
f 4491 4346 4297
f 5200 5205 5209
f 5364 5400 4336
f 5300 5400 5409
f 5409 5400 5364
f 5193 4344 5402
f 4519 4444 4489
f 4308 4307 5366
f 4535 4781 4729
f 5206 5491 5492
f 4290 4291 5300
f 5323 5287 5284
f 5287 5318 5284
f 4368 4519 4518
f 4312 5448 5158
f 5503 4361 4725
f 5503 4248 4361
f 4284 5400 5251
f 5162 5152 5390
f 5228 4489 5229
f 5390 5160 5162
f 4537 5493 4587
f 4301 5387 5464
f 4449 5329 4484
f 4276 5463 4291
f 4587 5493 4674
f 4715 4729 4649
f 5158 5159 5008
f 5505 4572 5489
f 4405 4406 4452
f 4897 5008 5159
f 5308 5312 5377
f 5153 5112 5101
f 4635 5503 4725
f 4635 4581 4580
f 5464 5099 4301
f 5301 4813 5321
f 5278 4813 5301
f 5100 5464 4271
f 4272 5119 4763
f 5291 4474 5289
f 4282 5106 4500
f 5255 4650 4649
f 4490 4231 5285
f 4841 5506 4830
f 5463 4899 4342
f 5106 5463 4342
f 5120 5075 5093
f 4654 5159 4548
f 4763 4263 4273
f 4763 5097 4532
f 4704 5484 5262
f 4555 4977 4556
f 4682 4681 4603
f 5071 4898 5095
f 4549 4670 4550
f 5080 4253 4257
f 4500 4341 4222
f 4671 4650 5269
f 4688 4681 5289
f 4669 4665 4707
f 5495 5509 5496
f 5509 4760 5496
f 5495 4752 4753
f 5521 5522 4252
f 5523 5521 5524
f 5525 5526 5527
f 4258 5528 5529
f 5530 5531 5532
f 4264 5533 5534
f 5536 5537 5538
f 5541 5542 5543
f 5544 4289 5545
f 5546 5547 5548
f 5553 5551 5540
f 4302 5554 5555
f 5556 5557 4310
f 5556 4310 4324
f 5558 5545 5559
f 5560 5544 5545
f 4338 4302 4339
f 5562 5563 5564
f 4369 5554 4302
f 4373 5565 4237
f 5566 5567 5568
f 5569 5570 5571
f 5572 5566 5568
f 5573 5566 5572
f 5544 5560 4369
f 5576 5577 5578
f 5580 5581 5582
f 5583 5584 5585
f 5583 5585 5586
f 5587 5588 5589
f 5591 5592 5593
f 4435 4442 5588
f 5589 5588 4442
f 4449 5594 5595
f 5596 5597 5598
f 5594 5599 5586
f 5586 5600 5583
f 5586 5599 5600
f 5602 5599 5594
f 5600 5603 5604
f 5581 4463 4464
f 5554 5605 5553
f 5606 5607 5608
f 5609 5606 5608
f 5559 5610 5611
f 5611 5612 5559
f 5612 5613 5614
f 5615 5549 5613
f 5611 5616 5615
f 5549 5615 5550
f 5618 4543 5619
f 5620 4546 4547
f 5621 5622 5616
f 5623 5624 4548
f 5622 5621 5626
f 4572 4554 5555
f 5627 5628 5629
f 4585 4586 5630
f 4464 5632 5581
f 4464 4635 5632
f 5624 5620 4654
f 5633 5634 5635
f 5636 5632 4580
f 4664 5637 5634
f 5635 5638 5639
f 5640 4548 4264
f 5640 5534 5532
f 4714 5641 5642
f 5643 5642 5641
f 5644 5581 5645
f 5580 5646 5648
f 4572 5555 5539
f 5649 5650 5651
f 5653 5654 5655
f 5656 5657 5658
f 5659 5530 5660
f 4804 5641 4714
f 5576 5578 5551
f 5661 4552 5662
f 5602 4813 5661
f 5603 5662 5664
f 5577 5590 5578
f 5584 5666 5667
f 5669 5584 5667
f 5670 4573 5621
f 5670 5621 5611
f 5671 5616 5622
f 5621 5616 5611
f 5570 5672 5673
f 4981 4264 4982
f 5677 5674 5678
f 5622 5679 5678
f 5677 5678 5679
f 5633 5679 5634
f 5043 5044 5683
f 5536 5683 5044
f 5657 5656 5681
f 5643 5681 5656
f 5649 5642 5643
f 5685 4664 5089
f 5620 5624 5598
f 5624 5623 5598
f 5686 5687 5688
f 5660 5533 5683
f 5633 5635 5682
f 5537 5689 5538
f 5686 5543 5542
f 5686 5690 5543
f 5678 5674 5550
f 5691 5692 5183
f 5183 5694 5691
f 5695 5691 5696
f 5605 5558 5576
f 5694 5183 4375
f 5695 5696 5563
f 5563 5697 5695
f 5576 5553 5605
f 5564 5696 5213
f 5568 5564 5225
f 4580 5632 4635
f 5573 5700 5566
f 5702 5618 5703
f 5704 5573 5572
f 5705 5573 5704
f 4425 5572 5259
f 5582 5581 5636
f 5264 5256 5265
f 5706 5707 5708
f 5709 5705 5704
f 5710 5705 5709
f 5630 5644 5655
f 5648 5711 5645
f 5606 5708 5607
f 5655 5711 5653
f 5609 5712 5256
f 5713 5654 5653
f 4552 4553 5662
f 5654 5714 5715
f 5716 5664 5662
f 5717 5664 5718
f 4310 5547 5546
f 5601 5719 5720
f 5604 5665 5721
f 5601 5591 5719
f 4449 5321 5594
f 5721 5665 5722
f 5589 5593 5587
f 5329 4449 5595
f 5666 5584 5723
f 5726 5669 5727
f 5588 5728 4435
f 5569 5727 5729
f 5571 5730 5569
f 5704 5280 4435
f 5728 5709 5704
f 5561 5562 5699
f 5562 5564 5699
f 5561 5697 5562
f 5563 5562 5697
f 5183 5692 5731
f 5733 5552 5732
f 5557 5733 5734
f 5597 5596 5525
f 4258 5736 4262
f 5734 5732 5547
f 4323 5737 5386
f 5533 4981 5043
f 5739 5689 5738
f 5689 5535 5738
f 5739 5740 5689
f 5687 5689 5537
f 5684 5689 5687
f 5686 5688 5386
f 5690 5686 5386
f 5737 5690 5386
f 5546 5543 5690
f 5541 5548 5547
f 5546 5741 4310
f 4323 4310 5741
f 5741 5690 5737
f 5742 5552 5731
f 5629 5743 5693
f 5537 5386 5688
f 5700 5698 5567
f 5684 5687 5686
f 5688 5687 5537
f 5579 5744 5745
f 5399 5537 5536
f 5579 5587 5592
f 5719 5591 5593
f 4543 5746 5264
f 5426 4442 5427
f 5426 5256 5712
f 5246 5256 5426
f 5606 5609 5746
f 5746 5708 5606
f 5746 5609 5256
f 5533 4264 4981
f 5660 5534 5533
f 5618 5702 5746
f 5618 5746 4543
f 5747 5623 5531
f 5528 5598 5597
f 5528 4258 4532
f 5608 5720 5609
f 5743 5618 5619
f 5524 5736 4258
f 4258 5529 5524
f 5524 5521 5736
f 5748 5629 5693
f 5523 5625 5521
f 5625 5522 5521
f 5728 5704 4435
f 4435 5280 5279
f 5655 5645 5711
f 5710 5574 5705
f 5567 5698 5699
f 5567 5699 5568
f 5568 5699 5564
f 5392 5619 5393
f 5629 5748 5627
f 5173 5619 5392
f 5696 5694 5213
f 5691 5695 5742
f 5556 5183 5731
f 5183 5556 4324
f 5548 5541 5543
f 5672 5570 5569
f 4245 4243 4244
f 4373 4407 5565
f 5565 5730 5571
f 5739 5660 5740
f 5740 5660 5683
f 5660 5739 5659
f 5637 4664 5685
f 5530 5532 5660
f 5531 5640 5532
f 5531 5623 5640
f 5623 5596 5598
f 5736 5442 4262
f 5527 5597 5525
f 5524 5529 5523
f 5736 5521 5442
f 5442 5521 4252
f 5329 5595 5730
f 5602 5661 5750
f 5751 5654 5664
f 5751 5716 5752
f 5675 5625 5676
f 5458 5630 5752
f 5458 4585 5630
f 4244 5570 4245
f 5645 5655 5644
f 5570 4244 5571
f 5753 5565 4407
f 5539 5489 4572
f 5753 4407 4409
f 5730 5585 5669
f 5584 5669 5585
f 5641 5680 5643
f 5595 5594 5585
f 5594 5586 5585
f 5599 5603 5600
f 5603 5717 5604
f 5656 5658 5650
f 5754 5642 5649
f 4972 5626 5621
f 5715 5718 5664
f 5650 5649 5656
f 5752 5630 5655
f 5089 5642 5685
f 5716 5751 5664
f 5754 5685 5642
f 5754 5651 5638
f 4553 5752 5716
f 5652 5713 5711
f 5713 5653 5711
f 5590 5559 5612
f 5638 5637 5754
f 5499 5610 4289
f 4553 5458 5752
f 5225 5564 5213
f 5670 5610 5499
f 5550 5615 5671
f 5679 5633 5677
f 5682 5677 5633
f 5626 5107 5500
f 5636 5755 5582
f 5755 5701 5617
f 5617 5582 5755
f 5679 5622 5500
f 5505 4580 4554
f 5634 5500 4664
f 5489 5539 5647
f 4554 4339 5555
f 5635 5637 5638
f 5539 5555 5756
f 5540 5539 5756
f 4664 5070 5089
f 5560 5558 5605
f 5576 5551 5553
f 5605 5554 5560
f 4369 5560 5554
f 5642 5089 4714
f 5727 5667 5729
f 5581 5632 5636
f 5611 5610 5670
f 5250 4463 4586
f 5582 5617 5646
f 4586 5644 5630
f 5671 5622 5678
f 5664 5654 5715
f 5594 5321 5602
f 5666 5583 5757
f 5722 5666 5757
f 5679 5500 5634
f 5730 5595 5585
f 5727 5569 5726
f 5730 5726 5569
f 5672 5569 5729
f 5669 5726 5730
f 5573 5749 5700
f 5626 5500 5622
f 5677 5631 5674
f 5628 5706 5758
f 5703 5618 5758
f 5523 5676 5625
f 5523 5759 5676
f 4546 5598 5528
f 4532 4546 5528
f 5683 5533 5043
f 5536 5538 5689
f 5399 5536 5044
f 5399 5386 5537
f 5547 4310 5734
f 5732 5734 5733
f 5734 4310 5557
f 5731 5733 5556
f 5731 5692 5742
f 5692 5691 5742
f 5697 5760 5695
f 5749 5573 5705
f 5574 5749 5705
f 5710 5575 5574
f 5728 5745 5744
f 5615 5616 5671
f 5609 5720 5712
f 5706 5703 5758
f 5706 5702 5703
f 5612 5611 5615
f 5761 5628 5758
f 5761 5758 5618
f 5704 5572 5280
f 5619 4543 5393
f 5629 5628 5743
f 5743 5619 5173
f 5612 5614 5590
f 5545 5610 5559
f 5706 5708 5702
f 5173 5693 5743
f 5744 5579 5575
f 5743 5761 5618
f 5628 5761 5743
f 5746 5702 5708
f 5654 5713 5714
f 5744 5709 5728
f 5756 5554 5553
f 5756 5553 5540
f 4339 4302 5555
f 5264 5746 5256
f 5707 5607 5708
f 5608 5607 5601
f 5601 5720 5608
f 5587 5593 5592
f 5755 4580 5505
f 5505 5489 5755
f 5701 5755 5489
f 5489 5647 5701
f 5572 4425 5280
f 5636 4580 5755
f 5643 5680 5681
f 4463 4634 4464
f 5694 5696 5691
f 5649 5643 5656
f 5649 5651 5754
f 5731 5552 5733
f 5644 4586 4463
f 5637 5685 5754
f 5732 5541 5547
f 5750 5603 5599
f 5546 5690 5741
f 5580 5648 5645
f 5634 5637 5635
f 5639 5682 5635
f 5689 5740 5536
f 5677 5682 5631
f 5712 5719 5593
f 5712 5593 5426
f 5534 5640 4264
f 5532 5534 5660
f 5426 5593 5589
f 5426 5589 4442
f 5640 5623 4548
f 5623 5747 5596
f 5587 5745 5588
f 5671 5678 5550
f 5528 5597 5529
f 5745 5587 5579
f 5597 5527 5529
f 5759 5523 5735
f 5575 5710 5744
f 5744 5710 5709
f 5612 5615 5613
f 5745 5728 5588
f 4289 5610 5545
f 5718 5663 5665
f 4813 4552 5661
f 5572 5568 5225
f 5572 5225 5259
f 5225 5213 5355
f 5577 5559 5590
f 5566 5700 5567
f 5661 5662 5750
f 5577 5558 5559
f 5560 5545 5558
f 5603 5664 5717
f 5604 5718 5665
f 5721 5600 5604
f 5721 5757 5600
f 5576 5558 5577
f 5722 5757 5721
f 5696 5564 5563
f 5213 5694 4375
f 5603 5750 5662
f 5760 5742 5695
f 5727 5669 5667
f 4237 5565 5571
f 5565 5753 5730
f 5555 5554 5756
f 4237 5571 4244
f 5570 5673 4245
f 5733 5557 5556
f 5663 5718 5715
f 5730 5753 4409
f 5730 4409 5329
f 5666 5723 5583
f 5723 5584 5583
f 4323 5741 5737
f 5583 5600 5757
f 5720 5719 5712
f 5602 5750 5599
f 5546 5548 5543
f 5604 5717 5718
f 5663 5715 5714
f 5321 4813 5602
f 5716 5662 4553
f 5684 5535 5689
f 5752 5654 5751
f 5654 5752 5655
f 5536 5740 5683
f 5739 5738 5659
f 5159 4264 4548
f 5711 5648 5652
f 5624 4654 4548
f 5620 4547 4654
f 4708 4585 5458
f 5620 5598 4546
f 5525 5596 5747
f 5529 5527 5523
f 5580 5645 5581
f 5526 5735 5527
f 5735 5523 5527
f 5644 4463 5581
f 5646 5580 5582
f 5668 5725 5724
f 4278 5762 5763
f 5766 4347 4365
f 4403 5767 4404
f 4278 4347 5766
f 4474 5771 5768
f 4365 4319 4318
f 5772 4365 4318
f 5773 5774 4474
f 5779 4679 4680
f 5779 4680 5780
f 5766 4365 5772
f 5773 4474 5768
f 5782 4404 5783
f 5784 4529 5763
f 4978 5787 5786
f 4724 4988 5788
f 5793 5032 4851
f 4786 5794 5036
f 5032 5791 5788
f 5794 4786 5795
f 5796 4788 5076
f 5795 4786 5796
f 5076 5104 5798
f 5797 4680 4724
f 5799 5779 5797
f 4230 4226 4227
f 5779 5780 5797
f 5793 4851 4850
f 4490 5290 5781
f 5771 5801 4819
f 4680 5797 5780
f 5788 4988 5032
f 4724 5788 5797
f 5790 5788 5791
f 4403 4373 5764
f 4404 5767 5783
f 5785 5018 5802
f 5768 5769 5773
f 5018 5019 5802
f 5801 4818 4819
f 4474 4818 5801
f 5490 5802 5019
f 5804 5782 5783
f 4786 4788 5796
f 5781 5290 5774
f 4474 5774 5290
f 5764 5765 5767
f 4529 4493 5763
f 5767 4403 5764
f 5796 5076 5805
f 5220 5775 4318
f 5490 5786 5802
f 4890 5028 5792
f 5806 4978 4989
f 4231 4490 4226
f 5290 5289 4474
f 4508 4529 5784
f 5782 4858 4404
f 5793 4850 5789
f 4588 4629 4508
f 4628 4588 5104
f 5786 5490 4978
f 5800 4679 5779
f 5763 4493 4278
f 5018 5785 4850
f 5791 5032 5793
f 4989 4890 5792
f 5028 5036 5794
f 4227 5777 4228
f 4508 5784 5808
f 4474 5291 4818
f 5807 4819 5782
f 5783 5767 5803
f 5804 5807 5782
f 5782 4819 4858
f 5807 5768 5771
f 5771 4819 5807
f 4474 5801 5771
f 5773 5781 5774
f 5778 4656 4228
f 5817 5816 5815
f 4237 4238 5764
f 5818 5765 5819
f 5822 5823 5824
f 5768 5825 5823
f 5830 4588 4508
f 5833 5834 5835
f 5836 5837 5838
f 5839 5840 5785
f 5818 5819 5841
f 5842 5786 5787
f 5843 4238 5844
f 4242 5845 5846
f 4850 5847 5789
f 5790 5791 5848
f 5792 5028 5849
f 5028 5850 5849
f 5850 5028 5794
f 5851 5797 5852
f 5799 5851 5853
f 5850 5794 5854
f 5837 5836 5799
f 5836 5838 5833
f 5856 5857 5834
f 5800 5173 4679
f 5835 5834 5858
f 5859 5835 5800
f 5800 5835 5693
f 5693 5173 5800
f 5836 5779 5799
f 5852 5788 5790
f 5864 5865 5866
f 5821 5865 5818
f 5820 5865 5821
f 4238 5765 5764
f 5867 5843 5869
f 5836 5833 5859
f 5857 5858 5834
f 5857 5832 5858
f 5859 5800 5836
f 5859 5833 5835
f 5799 5853 5870
f 5832 5627 5858
f 5824 5864 5871
f 5768 5823 5769
f 5839 5785 5786
f 5837 5799 5870
f 5843 5872 5869
f 5872 5844 5873
f 5873 5844 5845
f 5843 5844 5872
f 5845 5844 5846
f 5765 5874 5819
f 5803 5818 5804
f 5865 5820 5866
f 5791 5793 5789
f 5854 5794 5795
f 5803 5767 5765
f 5875 5786 5842
f 5787 4978 5876
f 5839 5786 5877
f 5825 5768 5807
f 5804 5818 5865
f 5795 5796 5805
f 5818 5841 5821
f 5805 5076 5855
f 5765 4238 5868
f 5874 5765 5868
f 5076 5798 5855
f 5844 4238 5846
f 4242 5846 4239
f 5877 5786 5875
f 5853 5851 5852
f 5806 4989 5792
f 5802 5786 5785
f 5836 5800 5779
f 5847 4850 5785
f 5856 5834 5833
f 5627 5748 5858
f 5693 5858 5748
f 5791 5789 5848
f 5851 5799 5797
f 5852 5797 5788
f 4978 5806 5876
f 5858 5693 5835
f 5798 5104 4588
f 4238 4243 4239
f 5764 4373 4237
f 5818 5803 5765
f 5804 5783 5803
f 5865 5864 5807
f 5807 5804 5865
f 5871 5864 5866
f 5825 5807 5864
f 5823 5825 5824
f 5824 5825 5864
f 4238 5843 5868
f 4238 4239 5846
f 5852 5870 5853
f 5873 5869 5872
f 5847 5848 5789
f 5879 5842 5787
f 5839 5877 5875
f 5815 5814 5813
f 5813 5881 5880
f 5817 5815 5813
f 5886 4318 5775
f 5891 5775 4706
f 5828 4490 5781
f 4706 4656 5778
f 5828 5773 5769
f 4706 5775 5220
f 5894 5882 5772
f 5883 5784 5763
f 4318 5886 5772
f 5828 5781 5773
f 5778 5889 4706
f 5908 5909 5907
f 4222 5910 4223
f 5906 4257 4253
f 5913 5914 4288
f 4288 5914 5915
f 4288 5915 4331
f 4288 4331 4340
f 5916 4341 4342
f 5917 5918 5919
f 4225 4524 5924
f 4564 5923 5925
f 4660 5926 5927
f 5929 5928 4793
f 4755 4793 4811
f 4816 5931 4817
f 5934 5933 5935
f 5016 5932 4804
f 5936 5937 4556
f 5905 5941 5071
f 5916 5942 4341
f 5943 5944 5937
f 4977 4223 4556
f 5924 4524 5908
f 4524 5945 5908
f 5932 5016 5172
f 5172 5939 5932
f 5915 5946 5917
f 4331 5915 5917
f 5918 5920 5947
f 5236 5237 5934
f 5947 5243 5919
f 4497 5299 5948
f 5299 5324 5325
f 5917 5919 5368
f 5940 5936 4556
f 4816 5943 5931
f 4257 5906 5071
f 5909 5908 5945
f 5944 4557 4556
f 4817 5945 4524
f 5951 5913 4288
f 5396 5951 4288
f 5396 4288 4326
f 5243 5921 5325
f 5325 5921 5952
f 5299 5325 5952
f 4236 4225 4235
f 5931 5945 4817
f 4223 5940 4556
f 4222 4341 5942
f 5925 5254 4564
f 5254 5925 5403
f 5950 5916 5092
f 5925 4660 5403
f 4660 5925 5926
f 4754 4660 5927
f 5929 4754 5927
f 5929 4793 4754
f 4811 4793 5930
f 4524 4225 4233
f 4811 5930 5933
f 4400 4811 5933
f 5092 5916 4342
f 5942 5910 4222
f 5910 5940 4223
f 5933 5237 4400
f 5237 5933 5934
f 5236 5934 5938
f 5172 5938 5939
f 4331 5917 5368
f 4816 4557 5944
f 5945 5931 5909
f 4232 5912 5951
f 4232 5951 5247
f 5396 5247 5951
f 5918 5917 5946
f 5922 5299 5952
f 5299 5922 5948
f 5948 5922 5953
f 5948 5953 4564
f 5948 4564 4497
f 4564 5953 5923
f 5243 5325 5314
f 5920 5921 5947
f 5947 5919 5918
f 4232 4235 5912
f 5911 5912 4235
f 4235 4225 5911
f 5941 5092 4898
f 5092 5941 5949
f 5921 5243 5947
f 5368 5919 5243
f 4898 5071 5941
f 5944 5943 4816
f 4556 5937 5944
f 5960 5961 5958
f 5963 5960 5962
f 5962 5964 5963
f 5905 5906 5965
f 5966 5963 5964
f 5963 5966 5967
f 5907 5967 5968
f 5967 5966 5968
f 5908 5907 5968
f 4253 4252 5969
f 5970 5971 5972
f 5974 5970 5975
f 5975 5970 5973
f 5976 5975 5973
f 5911 5975 5977
f 5974 5975 5911
f 5976 5978 5979
f 5977 5976 5979
f 5979 5978 5980
f 5977 5979 5981
f 5981 5912 5977
f 5982 5981 5979
f 5982 5979 5980
f 5985 5913 5981
f 5913 5985 5986
f 5984 5987 5986
f 5989 5914 5913
f 5991 5989 5988
f 5989 5991 5914
f 5991 5988 5990
f 5992 5991 5990
f 5914 5991 5915
f 5993 5994 5995
f 5996 5998 5997
f 5999 6000 6001
f 6003 5999 6001
f 5920 5999 6004
f 6003 6001 6002
f 5999 6003 6004
f 6003 6002 6005
f 6004 6003 6006
f 6003 6005 6006
f 5920 6004 5921
f 6006 6005 6007
f 6008 6007 6009
f 6006 6008 6010
f 6007 6008 6006
f 6013 6010 6009
f 5921 6004 6014
f 6015 6010 6013
f 6004 6006 6014
f 6010 6015 6017
f 6010 6017 6018
f 6016 6010 6018
f 6010 6016 6019
f 6019 6020 6021
f 6021 6020 6022
f 6014 6019 6023
f 6024 6022 6025
f 6024 6023 6021
f 6023 5922 6014
f 6024 6025 6026
f 6026 6027 6024
f 6023 6024 6028
f 6024 6027 6028
f 6023 6028 6029
f 5922 6023 6029
f 6030 6028 6027
f 6032 6028 6030
f 6032 6030 6031
f 6028 6032 6033
f 6033 6029 6028
f 6034 6032 6031
f 6033 6032 6034
f 6035 5965 5969
f 6029 6033 5923
f 6033 6036 6037
f 6034 6036 6033
f 6037 6036 6038
f 6037 6039 6033
f 5923 6033 6039
f 5923 6039 6040
f 5625 6035 5522
f 5923 6040 5925
f 6039 6041 6042
f 6043 6039 6042
f 6044 6043 6042
f 6044 6045 6046
f 6043 6044 6046
f 6043 6046 6047
f 6047 6046 6045
f 6043 6047 5926
f 6047 6045 6048
f 6048 6049 6047
f 6049 6048 6050
f 6051 6047 6052
f 6052 6047 6049
f 6049 6050 6053
f 6054 6055 6052
f 6056 5928 6055
f 5929 6055 5928
f 6057 6058 6056
f 5928 5930 4793
f 5928 6056 5930
f 5641 4804 5932
f 6056 6058 6059
f 6059 6058 6060
f 5933 5930 6059
f 6061 6059 6060
f 6059 6061 6063
f 5936 6064 5937
f 6065 6066 6067
f 6063 6068 5935
f 6068 6063 6065
f 5938 5934 5935
f 6068 6065 6069
f 6069 6065 6070
f 5938 5935 6068
f 5938 6068 6071
f 6068 6069 6072
f 6068 6072 6071
f 6072 6073 6074
f 6071 6072 6074
f 5939 6071 5932
f 5680 6071 6074
f 6075 5681 6074
f 5932 6071 5680
f 5681 6075 5657
f 6077 5955 6079
f 6079 6080 6081
f 6079 6081 6082
f 6081 6080 5940
f 5910 6081 5940
f 5969 5965 5906
f 5969 5522 6035
f 5906 5905 5071
f 5625 5675 6087
f 5946 5915 5991
f 5992 6090 5994
f 6093 6091 6094
f 6095 5999 5920
f 5920 5918 6095
f 6092 6093 5996
f 6093 5998 5996
f 5992 6096 5946
f 6090 5995 5994
f 6098 5955 5956
f 6080 6079 5955
f 5949 6103 5950
f 6103 6082 5950
f 5962 5960 5958
f 5905 5965 5949
f 5967 6106 5960
f 5960 5963 5967
f 5907 6106 5967
f 5907 5943 6106
f 6107 6105 6090
f 5969 4252 5522
f 5943 5907 5909
f 4253 5969 5906
f 5943 5909 5931
f 6108 5970 5974
f 5976 5977 5975
f 5911 4225 5974
f 5911 5977 5912
f 5991 5992 5946
f 5912 5981 5913
f 5986 5985 5983
f 5989 5913 5986
f 6107 5992 5990
f 5995 6105 6109
f 6014 6006 6010
f 6014 6010 6019
f 6014 5952 5921
f 6019 6016 6020
f 6022 6024 6021
f 6021 6023 6019
f 5922 6029 5953
f 5923 5953 6029
f 4225 5924 5974
f 6037 6038 6039
f 6039 6038 6041
f 6110 6108 5974
f 5908 6110 5924
f 6043 6040 6039
f 6042 6041 6044
f 5950 5092 5949
f 6064 5943 5937
f 6035 5625 6087
f 5926 5925 6040
f 6043 5926 6040
f 5965 6035 6111
f 6111 6112 5965
f 6111 6086 6085
f 6112 6103 5965
f 6113 6084 6114
f 5936 6098 6115
f 6098 5956 6115
f 6115 5956 6101
f 5949 5965 6103
f 5926 6047 6051
f 5927 5926 6051
f 6052 6049 6054
f 6049 6053 6054
f 6051 6052 6055
f 5927 6051 6055
f 6095 6096 6093
f 6054 6056 6055
f 5927 6055 5929
f 6057 6056 6054
f 5930 6056 6059
f 6062 6061 6060
f 6061 6062 6066
f 5933 6059 5935
f 5935 6059 6063
f 6118 6103 6112
f 6082 6103 6118
f 6100 6112 6085
f 6100 6118 6112
f 6082 6097 6076
f 6082 6076 6079
f 6061 6066 6063
f 6065 6063 6066
f 6069 6070 6073
f 6082 5942 5950
f 6072 6069 6073
f 5939 5938 6071
f 5680 6074 5681
f 5936 6115 6064
f 5940 6080 5936
f 6080 6098 5936
f 5950 5942 5916
f 5680 5641 5932
f 6115 6101 5958
f 6104 5959 6102
f 5941 5905 5949
f 5966 5964 6119
f 6119 6120 5966
f 6110 5966 6120
f 6119 5971 6120
f 6110 6120 6108
f 6120 5971 6108
f 5912 5913 5951
f 6095 5946 6096
f 5999 6122 6000
f 5952 6014 5922
f 6118 6097 6082
f 6121 6054 6053
f 6057 6054 6121
f 6057 6123 6058
f 6058 6123 6062
f 6060 6058 6062
f 5999 6095 6122
f 6094 6000 6122
f 6095 6093 6122
f 6096 5998 6093
f 6096 5994 5998
f 5992 5994 6096
f 6090 6105 5995
f 5974 5924 6110
f 6108 5971 5970
f 6078 5954 6099
f 6110 5908 5968
f 5968 5966 6110
f 5943 6064 6106
f 6106 6064 5961
f 5961 5960 6106
f 5961 6064 6115
f 5961 6115 5958
f 5942 6081 5910
f 6111 6085 6112
f 6082 6081 5942
f 5955 6098 6080
f 6116 5957 6117
f 6083 5957 6116
f 5946 6095 5918
f 6122 6093 6094
f 6091 6093 6092
f 5994 5993 5997
f 6109 6105 6088
f 5992 6107 6090
f 6100 6097 6118
f 6111 6087 6086
f 6087 6111 6035
f 6088 6109 6089
f 6088 6105 6089
f 5994 5997 5998
f 6008 6011 6010
f 6012 6010 6011
f 6015 6016 6018
f 5236 5938 5172
f 4554 4522 4339
f 4573 4972 5621
f 5169 4289 5544
f 5169 5544 4369
f 5107 4694 5500
f 5499 4573 5670
f 4990 5107 4972
f 4706 5492 4656
f 5107 5626 4972
o lid_seat_hinge_area
f 51 49 48
f 48 66 65
f 51 48 65
f 71 72 73
f 100 101 98
f 100 98 129
f 97 129 98
f 173 186 97
f 97 186 129
f 202 185 200
f 100 129 134
f 100 133 101
f 101 133 164
f 165 164 133
f 144 130 164
f 132 104 144
f 110 106 109
f 143 112 177
f 133 100 134
f 157 164 165
f 144 164 157
f 130 144 103
f 104 103 144
f 163 162 131
f 102 131 162
f 163 105 162
f 163 135 105
f 105 135 106
f 135 109 106
f 139 110 109
f 113 112 143
f 180 113 178
f 182 122 124
f 124 123 182
f 121 118 122
f 118 124 122
f 178 182 180
f 180 182 179
f 182 123 179
f 104 132 131
f 208 207 209
f 210 211 212
f 212 213 214
f 214 215 216
f 216 217 218
f 218 219 220
f 220 221 222
f 222 65 223
f 51 215 204
f 223 66 67
f 67 48 203
f 262 240 261
f 128 249 272
f 234 185 270
f 246 252 247
f 276 275 278
f 272 181 128
f 274 260 259
f 240 287 259
f 287 240 269
f 181 283 266
f 266 283 285
f 240 239 263
f 252 231 273
f 251 247 273
f 139 109 231
f 231 252 139
f 252 273 247
f 251 248 247
f 253 248 251
f 177 253 143
f 177 248 253
f 113 143 265
f 265 178 113
f 119 238 121
f 118 238 241
f 118 121 238
f 241 238 237
f 52 53 54
f 54 55 56
f 204 301 298
f 302 205 206
f 300 302 206
f 328 199 277
f 328 329 199
f 312 286 284
f 284 270 202
f 203 49 50
f 50 51 52
f 65 221 219
f 51 65 215
o seat_body_hinge_area
f 63 61 59
f 55 53 51
f 50 52 54
f 54 56 58
f 58 60 62
f 54 58 62
f 67 54 62
f 208 209 210
f 214 213 215
f 216 215 217
f 218 217 219
f 220 219 221
f 67 203 50
f 218 220 222
f 222 223 67
f 67 50 54
f 218 222 67
f 263 264 240
f 298 296 294
f 294 292 64
f 298 294 64
f 64 63 59
f 62 289 290
f 290 291 293
f 293 295 297
f 62 290 293
f 293 297 300
f 62 293 300
f 210 218 67
f 67 62 300
f 300 210 67
f 325 313 312
f 327 323 309
f 202 327 324
f 312 307 286
f 327 306 323
f 203 48 49
f 50 49 51
f 222 221 65
f 223 65 66
f 67 66 48
f 1235 1263 1236
f 1468 1778 1341
f 1263 1294 1326
f 1326 1468 1341
f 1235 1236 2783
f 2784 1236 1263
f 2784 1326 2785
f 1326 1341 2785
f 1341 1778 2821
f 1778 1419 2821
f 2359 1235 2783
f 1263 1326 2784
f 1419 2793 2821
f 2359 2783 2860
f 2785 2821 2784
f 2867 2784 2821
f 2867 2821 2798
f 2871 2784 2867
f 2784 2783 1236
f 2871 2863 2860
f 2860 2783 2871
f 2784 2871 2783
f 1341 2821 2785
f 3804 3863 3864
f 3886 3913 3804
f 3805 3886 3804
f 3886 3805 3914
f 3877 3884 3914
f 3914 3865 3877
f 3802 3835 3803
f 3803 3917 3877
f 3917 3884 3877
f 3875 3803 3835
f 3803 3875 3917
f 3872 3917 3918
f 3917 3875 3919
f 3911 3678 3881
f 3914 3805 3874
f 3811 3921 3916
f 3865 3914 3874
f 3914 3884 3886
f 3593 3592 3594
f 3595 3594 3596
f 3597 3596 3598
f 3599 3598 3600
f 3924 3600 3925
f 3926 3925 3601
f 3927 3601 3928
f 3929 3928 3930
f 3931 3930 3932
f 3933 3932 3934
f 3601 3925 3600
f 3933 3935 3937
f 3958 3960 3959
f 3959 3960 3972
f 3975 3780 3974
f 3780 3971 3973
f 3780 3973 3980
f 3974 3947 3975
f 3980 3973 3959
f 3972 3952 3959
f 3959 3952 3953
f 3949 3959 3969
f 3959 3953 3969
f 3951 3971 3975
f 3982 3983 3976
f 3589 3588 3590
f 3591 3590 3592
f 3935 3934 3936
f 3937 3936 3938
f 5889 5890 5891
o _unassigned
f 3 8 1
f 5 7 6
f 9 4 2
f 10 11 12
f 13 11 10
f 18 19 20
f 14 23 24
f 25 24 23
f 25 23 27
f 24 25 27
f 20 19 33
f 20 33 21
f 34 35 36
f 26 37 35
f 19 41 33
f 41 42 21
f 20 43 44
f 43 21 44
f 30 38 28
f 29 30 28
f 31 30 29
f 22 28 38
f 16 15 17
f 34 26 35
f 32 27 31
f 19 18 39
f 43 20 21
f 39 18 40
f 45 47 46
f 21 33 41
f 41 19 42
f 59 57 55
f 59 55 51
f 64 59 51
f 126 138 127
f 184 171 140
f 195 196 197
f 195 194 191
f 195 191 198
f 116 84 120
f 145 116 120
f 69 167 114
f 166 70 69
f 146 77 76
f 76 77 74
f 78 80 111
f 176 148 72
f 161 86 176
f 95 149 96
f 150 95 83
f 151 83 82
f 88 153 89
f 88 89 87
f 89 154 87
f 183 141 171
f 183 171 184
f 187 141 183
f 172 141 187
f 171 137 170
f 187 142 172
f 90 172 142
f 90 142 188
f 190 90 188
f 127 136 173
f 190 158 84
f 186 136 168
f 186 173 136
f 186 168 99
f 186 99 129
f 84 158 120
f 134 129 99
f 116 85 84
f 116 145 117
f 117 145 159
f 115 117 159
f 117 115 114
f 117 114 167
f 166 69 114
f 77 147 166
f 166 147 70
f 147 77 146
f 75 76 74
f 111 175 75
f 76 75 175
f 78 111 75
f 78 73 80
f 72 80 73
f 80 72 81
f 148 81 72
f 176 86 148
f 83 95 82
f 152 83 151
f 151 169 91
f 92 93 91
f 91 153 92
f 92 153 88
f 107 87 154
f 107 154 108
f 156 155 108
f 188 158 190
f 151 91 93
f 93 152 151
f 156 108 154
f 210 209 211
f 212 211 213
f 227 79 224
f 233 232 243
f 137 138 126
f 242 256 257
f 243 125 233
f 160 226 225
f 277 201 280
f 281 174 280
f 282 279 250
f 254 236 235
f 230 282 229
f 228 286 255
f 274 256 288
f 288 256 258
f 229 282 271
f 279 174 250
f 267 171 268
f 138 244 127
f 127 244 245
f 268 171 141
f 171 267 137
f 137 267 244
f 244 138 137
f 127 245 136
f 301 299 298
f 204 298 64
f 204 64 51
f 199 330 331
f 330 199 329
f 199 331 200
f 201 277 199
f 286 307 255
f 200 185 195
f 195 192 193
f 193 333 195
f 336 332 335
f 328 330 329
f 337 336 334
f 337 332 336
f 282 189 326
f 316 317 305
f 316 303 317
f 319 310 311
f 311 149 319
f 308 86 161
f 308 161 68
f 317 308 68
f 305 317 68
f 316 321 303
f 315 304 321
f 303 321 304
f 318 315 321
f 315 310 314
f 315 318 310
f 318 322 310
f 311 310 322
f 311 320 149
f 96 149 320
f 149 95 150
f 83 94 150
f 338 339 340
f 370 357 341
f 341 371 370
f 373 341 374
f 347 345 346
f 368 369 367
f 349 348 375
f 349 375 351
f 351 376 349
f 352 349 376
f 350 376 351
f 352 376 350
f 378 379 344
f 354 382 383
f 364 361 363
f 385 387 386
f 388 390 389
f 360 343 362
f 377 366 365
f 353 377 365
f 366 377 391
f 352 391 377
f 385 384 380
f 366 391 350
f 392 381 380
f 338 340 355
f 358 359 356
f 360 362 364
f 364 362 361
f 370 371 342
f 370 372 371
f 2829 2857 2841
f 2829 2830 2857
f 2830 2813 2857
f 2866 2808 2841
f 2841 2857 2866
f 2813 2816 2857
f 2905 2781 2906
f 2906 2907 2905
f 2908 2907 2906
f 2909 2907 2910
f 2911 2912 2789
f 2913 2911 2909
f 2909 2911 2920
f 2789 2920 2911
f 2810 2811 2926
f 2905 2907 2909
f 2909 2920 2905
f 2935 2912 2911
f 2942 2911 2913
f 2935 2911 2942
f 2782 2905 2920
f 2789 2782 2920
f 2913 2909 2910
f 2781 2951 2906
f 2951 2932 2934
f 2781 2932 2951
f 2926 2801 2810
f 2801 2915 2877
f 2915 2801 2916
f 2926 2916 2801
f 2888 2890 2892
f 2874 2868 2873
f 3786 3785 3787
f 3822 3823 3824
f 3857 3822 3824
f 3892 3861 3816
f 3822 3857 3896
f 3898 3899 3897
f 3902 3903 3738
f 3899 3901 3904
f 3905 3851 3689
f 3689 3738 3899
f 3900 3903 3902
f 3822 3896 3782
f 3908 3898 3845
f 3898 3908 3909
f 3745 3898 3909
f 3908 3911 3909
f 3912 3809 3862
f 3862 3808 3913
f 3806 3913 3808
f 3806 3863 3913
f 3913 3863 3804
f 3833 3911 3915
f 3915 3911 3916
f 3915 3838 3834
f 3920 3916 3921
f 3838 3915 3920
f 3838 3920 3921
f 3871 3820 3817
f 3901 3898 3904
f 3908 3845 3911
f 3911 3879 3837
f 3898 3897 3845
f 3907 3810 3751
f 3907 3852 3889
f 3845 3916 3911
f 3915 3916 3920
f 3833 3915 3834
f 3599 3600 3924
f 3924 3925 3926
f 3926 3601 3927
f 3927 3928 3929
f 3929 3930 3931
f 3931 3932 3933
f 3933 3934 3935
f 3935 3936 3937
f 3937 3938 3939
f 3793 3797 3799
f 3751 3948 3974
f 3770 3762 3772
f 3976 3900 3902
f 3778 3978 3979
f 3977 3976 3979
f 3902 3907 3780
f 3974 3780 3907
f 3948 3616 3974
f 3910 3980 3959
f 3616 3947 3974
f 3767 3981 3770
f 3976 3983 3979
f 3977 3979 3978
f 3778 3976 3902
f 3984 3982 3976
f 3780 3778 3902
f 3939 3938 3940
f 3941 3940 3783
f 3784 3783 3785
f 5762 4278 5770
f 5777 4227 5776
f 4226 5776 4227
f 5770 4278 5766
f 5826 5769 5823
f 5830 4508 5831
f 5847 5785 5840
f 5798 4588 5855
f 5827 5861 5828
f 5862 5823 5863
f 5822 5863 5823
f 5828 5769 5827
f 5878 5855 4588
f 5878 4588 5830
f 5826 5823 5862
f 5829 5828 5861
f 5810 5811 5809
f 5770 5766 5882
f 5883 5763 5762
f 5828 5829 4490
f 5884 4226 5885
f 5887 5776 5888
f 5778 5892 5889
f 5882 5766 5772
f 5885 4226 4490
f 5860 5885 4490
f 5860 4490 5829
f 5888 5776 5893
f 5886 5775 5895
f 4226 5884 5776
f 5893 5776 5884
f 5896 4228 5777
f 5808 5784 5883
f 5892 5778 5896
f 5831 4508 5808
f 5772 5886 5894
f 5891 5897 5775
f 5895 5775 5897
f 5891 4706 5889
f 5887 5777 5776
f 5778 4228 5896
f 5762 5770 5883
f 5896 5777 5887
f 5885 5860 5884
f 5900 5901 5902
f 5903 5901 5900
f 5899 5902 5901
f 5899 5904 5812
f 5904 5898 5812
