# Labeled region mesh exported by cleaning_path_viewer (Paint mode)
# Units: metres, component-local frame. One OBJ object per region group.
v 0.00440144 -0.12601767 0.0065316
v 0.00252749 -0.1376507 0.00696239
v 0.0044485 -0.12835824 0.00719719
v -0.0009426 -0.12790835 0.00841903
v 0.0114491 -0.02994086 0.00124837
v 0.00932429 -0.03238538 0.00440701
v -0.0023279 0.07619658 0.00831841
v 0.010891 -0.13511989 0.00322025
v -0.00339579 0.0480347 0.00812257
v 0.00103153 0.06501705 0.00864851
v 0.00967986 -0.12630486 0.00374447
v 0.00073618 0.15230772 0.0042625
v 0.01114785 -0.11095332 0.002087
v 0.01141348 0.11366489 0.0014328
v 0.00599642 0.05449996 0.0070214
v 0.00095657 0.05221072 0.00856999
v 0.00709082 0.12352923 0.00698463
v -0.00018508 0.1255345 0.00798492
v -0.00072427 0.12240537 0.00914116
v -0.00083552 0.11334759 0.00866811
v 0.00527548 0.11364529 0.00656791
v 0.00565608 0.11517085 0.00771874
v -0.00117947 0.11615082 0.00909089
v 0.0055089 -0.1114918 0.00741773
v 0.00937925 0.04327619 0.00428085
v 0.00020462 -0.11095705 0.00893122
v 0.00992168 -0.0562724 0.00366763
v 0.0024467 -0.09604598 0.00849651
v -0.00097747 -0.09861755 0.00883442
v 0.00319605 -0.07890709 0.00825746
v 0.00921061 0.00001888 0.00438487
v 0.00819022 -0.09635767 0.00552816
v 0.00777935 -0.07645946 0.00595815
v 0.006002 -0.0913223 0.00705768
v -0.00449763 0.01521238 0.00786624
v -0.00213914 -0.04224415 0.00871746
v -0.0036192 -0.02918239 0.0082816
v -0.00645758 -0.03834703 0.00714778
v 0.00941628 -0.0129561 0.00427596
v 0.0085504 0.11171758 0.00546855
v -0.00571075 -0.01565763 0.00736999
v -0.00516991 -0.00757156 0.00779774
v -0.00451257 0.01092344 0.00494105
v 0.00546157 -0.00362933 0.00739154
v 0.00039306 -0.02700132 0.00883056
v 0.00687008 -0.03018027 0.00655724
v 0.00512025 -0.016631 0.00752571
v 0.00883778 0.11528941 0.00533739
v 0.00048738 -0.00666832 0.00866086
v 0.0117652 -0.01901474 0.00051324
v 0.00325843 -0.040121 0.0081731
v 0.00671832 -0.0608272 0.00660484
v 0.00720801 -0.04404308 0.00633122
v 0.00042411 0.01144669 0.00861268
v -0.00336844 0.00271327 0.00822995
v 0.0095278 0.05686568 0.00417476
v 0.01192 -0.04504849 -0.00006953
v 0.01237003 -0.11424252 -0.00240054
v 0.01790505 -0.11787756 0.0027585
v 0.01151143 0.06102823 0.00111261
v 0.0161507 -0.12735263 0.00281765
v 0.01248377 -0.11813331 -0.00251527
v 0.01236139 -0.12397114 -0.00200182
v 0.01132389 -0.07631131 0.00149623
v 0.00005313 0.02534116 0.00873741
v -0.00379143 0.03478817 0.00804494
v 0.01124594 0.02290014 0.0016052
v 0.01092762 0.01541128 0.0023973
v 0.00815711 0.0268076 0.00554919
v 0.00538996 0.01089515 0.00730817
v 0.0048154 0.02357589 0.00760666
v 0.01251126 -0.01949278 -0.00293646
v 0.01563955 -0.1252352 0.00181821
v 0.01424353 -0.08230788 -0.00019422
v 0.01555662 -0.03623219 -0.00011969
v 0.33898902 -0.07501143 -0.01206456
v 0.34526387 -0.06426942 -0.01224843
v 0.34742355 -0.07029324 -0.01078615
v 0.3360644 -0.06952992 -0.01598141
v 0.01285671 0.06314524 -0.00262389
v 0.01641632 -0.15702356 0.00118719
v 0.00939302 -0.14399591 0.00298428
v 0.01799378 -0.14283419 0.00183694
v 0.00289116 -0.15512455 0.00374398
v 0.01266286 -0.10823821 -0.0030913
v 0.01272741 0.11204922 -0.00176676
v 0.01337398 0.11591235 -0.0017808
v 0.33292943 -0.08311422 -0.01219706
v 0.32589564 -0.08218427 -0.01624827
v 0.01727175 0.09793416 0.00193457
v 0.012443 -0.00917849 -0.00321711
v 0.01233829 0.01355331 -0.00318332
v 0.01261269 -0.10029025 -0.00347909
v 0.01754162 -0.09617788 0.00243881
v 0.01135331 0.00177398 0.00070989
v 0.01122842 -0.0963605 0.0017863
v 0.01272134 0.02521468 -0.00283987
v 0.01281188 0.04438756 -0.00262145
v 0.01748157 -0.08044177 0.00209073
v 0.01743168 0.10956348 0.00217194
v 0.01258315 -0.0507139 -0.00296088
v 0.0166277 -0.01951409 -0.00964882
v 0.01687943 -0.01988006 0.00029218
v 0.01742673 -0.00640866 0.00042694
v 0.01657274 -0.01352758 -0.00970988
v 0.01762899 -0.10823132 0.00272603
v 0.01274417 0.05169469 -0.00256504
v 0.34232932 -0.0858918 -0.01006308
v 0.01257769 -0.08544808 -0.00301725
v 0.01737593 0.12438463 0.00253062
v 0.01642802 0.00761804 0.00005375
v 0.01256403 -0.07045967 -0.00313128
v 0.01255771 -0.06043925 -0.00402354
v 0.01255883 -0.07729175 -0.00271349
v 0.01665271 -0.03042338 -0.00929416
v 0.01431983 0.08067559 -0.00147141
v 0.01523318 0.02994797 -0.0008456
v -0.00462814 -0.07670388 0.0081026
v -0.00807504 -0.08998004 0.00610769
v -0.00558797 -0.09572478 0.0077661
v 0.00470892 -0.12365074 0.00807513
v -0.00190953 -0.12567149 0.00738798
v 0.27780485 0.17321762 -0.01290411
v 0.00224014 0.15755208 -0.01193708
v 0.0982466 0.17867659 -0.01581322
v 0.0997465 0.1803152 -0.01477478
v 0.09083863 0.17907125 -0.01594744
v 0.12411015 0.1706665 -0.01624222
v 0.13393879 0.16926143 -0.01633111
v 0.01146334 0.07405794 0.00131744
v 0.01278744 0.06996569 -0.00229754
v 0.0656331 0.17846832 -0.01603521
v 0.07864317 0.17825139 -0.01597526
v 0.02315374 0.1784285 -0.0147727
v 0.03012165 0.17941099 -0.01464468
v -0.00577117 -0.17074928 0.00206367
v 0.00205311 -0.17644563 0.0008629
v -0.0047023 -0.16290636 0.00346474
v 0.1290547 0.16919944 -0.01932465
v 0.00920774 -0.17808205 -0.00023319
v 0.01200834 0.1796255 -0.01274154
v 0.02055981 0.18008953 -0.01325773
v 0.01704674 -0.16656256 0.00022508
v 0.00008 0.06895416 -0.01738423
v 0.02468162 0.17568871 -0.00137999
v -0.00965454 -0.14970241 0.00436294
v -0.00437458 -0.14930537 0.00550902
v -0.00917861 -0.14496405 0.00485742
v -0.00764229 -0.15158124 -0.01207571
v -0.00755731 -0.16362265 -0.0117162
v 0.00182935 0.08862111 0.0085883
v -0.00151022 0.10023534 0.00853997
v 0.0085246 0.17783853 -0.00050562
v 0.00166297 0.17190053 0.00152863
v 0.00292524 0.17161158 -0.01265724
v 0.001321 0.16542554 0.00223068
v 0.01276368 0.16316044 0.00107184
v -0.00689723 -0.14430551 -0.0130783
v 0.01345565 0.14968948 0.00200326
v -0.00276463 0.06436534 0.00820809
v -0.00491063 -0.13486935 0.00732213
v -0.00771879 -0.12617396 0.00617254
v -0.00860352 -0.12850814 0.00523933
v -0.00972326 -0.15690725 0.00376052
v 0.0061269 0.07400864 0.0069213
v 0.00628427 0.09445731 0.00691369
v 0.00204802 0.14291677 -0.01413454
v 0.00195775 0.13377921 -0.01675218
v -0.00509107 -0.09536292 -0.0162641
v -0.0047313 -0.08333981 -0.01662685
v -0.00516221 -0.11296055 0.00794357
v 0.00327383 -0.1155476 0.00843433
v 0.00322764 -0.11394203 0.00714873
v 0.00776134 -0.11582922 0.00628153
v 0.00195106 0.12783165 -0.01726251
v 0.00165266 0.12516946 -0.01584908
v 0.00876766 -0.11386278 0.00335397
v 0.2837792 0.17157342 -0.01225647
v 0.00394369 0.1286331 0.00767997
v 0.00503409 0.15112939 0.00355603
v 0.00145921 0.1128805 -0.01635877
v 0.01097892 -0.11313584 0.0002983
v 0.01067074 -0.11334065 0.00073678
v 0.37712052 -0.10497364 -0.0099172
v 0.01131292 0.09722302 0.00173463
v 0.0128502 0.10262249 -0.00181488
v 0.32852417 -0.14082974 -0.01045285
v 0.01116704 0.12329607 0.00269383
v 0.36968189 -0.11445388 -0.01077339
v 0.00070588 0.08957935 -0.01724861
v 0.00575615 0.04250872 0.00714911
v 0.01716146 0.07968888 0.00145062
v -0.00870288 -0.16455129 0.00318094
v 0.00136732 0.10265188 -0.01726401
v -0.00528784 -0.11581609 -0.01706239
v 0.01291575 0.08601682 -0.00242974
v 0.00974516 0.08676115 0.00409009
v -0.00741386 -0.06936301 0.0066566
v -0.00773808 -0.08127236 0.006349
v 0.01269363 0.07939581 -0.00193841
v 0.00421301 -0.16579477 0.0019879
v 0.34709179 -0.1376874 -0.01107682
v 0.00219656 0.07652617 0.00849261
v 0.00942283 0.07025722 0.00429883
v 0.01147041 0.04021116 0.00116623
v -0.00903987 -0.12375907 0.00980892
v -0.0085363 -0.11548531 0.00994703
v 0.33034867 -0.15036836 -0.01198149
v 0.33971027 -0.14366598 -0.01134712
v -0.00610655 -0.13461377 -0.01540837
v -0.00599067 -0.12772587 -0.01601547
v -0.00043323 -0.06928688 0.0088373
v -0.00045165 -0.05243932 0.00882987
v -0.00433456 -0.05843666 0.00809678
v -0.0086257 -0.10646706 0.0058912
v 0.01168702 -0.06013817 0.00072229
v 0.00074364 0.03718539 0.0086568
v 0.31898773 -0.15757516 -0.01137102
v -0.00139174 0.02352976 -0.01729284
v -0.00542782 -0.1109383 -0.01633031
v -0.00087065 -0.08585123 0.00884392
v 0.0121813 0.00759976 -0.00381641
v 0.0127963 0.03668861 -0.002728
v -0.00222724 -0.00560065 -0.01713089
v -0.00279707 -0.01927642 -0.01699094
v -0.00324957 -0.03247282 -0.0169057
v -0.00382365 -0.05371042 -0.01676006
v 0.24425313 -0.18029761 -0.01384687
v 0.01259798 -0.03160609 -0.00311847
v 0.01286954 -0.01828783 -0.00611389
v 0.00362751 -0.06165789 0.00807628
v 0.23620012 -0.18014921 -0.01389028
v -0.00049752 0.13151528 0.00789818
v 0.15786202 -0.1804155 -0.00615289
v 0.15225834 -0.18029264 -0.00575864
v 0.15368165 -0.18047158 -0.00609348
v 0.1532999 -0.1805602 -0.006208
v 0.01275309 0.01034806 -0.00617277
v 0.32265395 -0.15453377 -0.0120793
v 0.31433421 -0.15954801 -0.01229084
v -0.00845218 -0.09849983 0.00593819
v 0.01033793 -0.11357725 0.0011016
v 0.01021797 -0.11326984 0.00148344
v 0.01014773 -0.11297058 0.00189839
v 0.01242287 0.12444023 -0.00053489
v 0.00850857 0.12594329 0.00436337
v -0.00094998 0.03928835 -0.01725115
v 0.33940178 -0.14200038 -0.01143354
v 0.35142753 -0.12670393 -0.01038113
v 0.00969469 0.10003962 0.00427117
v 0.00553134 0.10652048 0.00755886
v 0.00196593 0.10065638 0.0086341
v -0.00112911 -0.17480619 0.00101238
v 0.00978368 0.13647184 0.00358894
v 0.0159919 0.12725796 0.00271427
v -0.00395344 -0.07400983 -0.01674474
v 0.00193258 0.15465963 -0.01192296
v 0.29244974 0.16842845 -0.01254818
v 0.02238685 0.17882138 -0.00259197
v -0.00694899 -0.05451641 0.00682219
v 0.01127969 -0.00263178 -0.00482579
v 0.37656569 -0.10400774 -0.01058978
v 0.01271881 -0.00493502 -0.0057738
v 0.01283583 0.09439853 -0.00203185
v 0.07761154 0.18028705 -0.01513515
v -0.00039511 0.05607468 -0.01733936
v 0.05262925 0.17937165 -0.01589801
v 0.2320877 -0.18102507 -0.01382246
v 0.00424689 0.17790353 -0.01192525
v 0.00276152 0.17528974 -0.01299156
v 0.00193293 0.17503552 0.00063531
v 0.00113817 0.15705805 0.0035464
v 0.01221422 -0.00477025 -0.00361596
v -0.00847054 -0.13445021 0.00521796
v 0.15449728 -0.18018785 -0.00593563
v -0.00756783 -0.1124818 0.00676665
v 0.0647619 0.18041103 -0.01493771
v 0.08112666 0.18032978 -0.01387795
v 0.0872521 0.18036108 -0.01517192
v 0.15373421 -0.18042514 -0.00610921
v -0.0046347 -0.07367563 -0.01474276
v -0.00122539 0.08204865 -0.00278944
v -0.00290758 0.04489322 0.00066134
v 0.00017248 0.13820596 0.00462981
v 0.00677038 0.17830728 -0.00505852
v -0.00627254 -0.16964263 -0.00405538
v 0.01505237 0.07437122 -0.00084809
v -0.00860352 -0.12850814 0.00523933
v -0.0086257 -0.10646706 0.0058912
v -0.00845218 -0.09849983 0.00593819
v 0.0919251 0.07745861 -0.01637469
v 0.08057971 0.05771367 -0.02053752
v 0.08650225 0.0669139 -0.02076385
v 0.21177849 -0.114944 -0.01751289
v 0.20436195 -0.11670491 -0.0149811
v 0.20025592 -0.11492934 -0.01860156
v 0.19422752 -0.11493865 -0.01810618
v 0.17640658 -0.11482109 -0.01859993
v 0.18590645 -0.11489774 -0.01801056
v 0.1888957 -0.11816972 -0.01350568
v 0.34722739 -0.05807121 -0.0065973
v 0.3363933 -0.0663188 -0.00904402
v 0.33129716 -0.07727516 -0.00780582
v 0.37106413 -0.08932388 -0.00147168
v 0.38049203 -0.079636 -0.00105363
v 0.37022963 -0.07390428 -0.00218247
v 0.34526998 -0.05197814 -0.0082888
v 0.06367049 0.01528007 -0.01703637
v 0.06547476 0.01401588 -0.02090874
v 0.06767078 0.02665223 -0.02067352
v 0.38559526 -0.06142255 -0.00108348
v 0.33855748 0.13837981 -0.00135607
v 0.32900107 0.14379486 -0.00155015
v 0.05213232 0.11018795 -0.002404
v 0.06505413 0.09784287 -0.00545285
v 0.06257001 0.12034155 -0.00340095
v 0.28709966 0.15562049 -0.00290252
v 0.34159863 0.11502217 -0.00237221
v 0.0784158 0.11155513 -0.00619198
v 0.34904337 0.05666181 -0.006006
v 0.36073095 0.06849763 -0.0033035
v 0.35406291 0.07885392 -0.0034883
v 0.34824169 -0.0696691 -0.00536679
v 0.36637121 -0.05983187 -0.00325122
v 0.36323011 -0.04715605 -0.00438626
v 0.232481 0.13770016 -0.00663581
v 0.25265712 0.12159951 -0.00919728
v 0.24844408 0.1349809 -0.0067454
v 0.25729957 0.16451128 -0.00320511
v 0.2717157 0.16045478 -0.00310563
v 0.34931397 0.09950715 -0.00266504
v 0.36672497 0.109594 -0.00068903
v 0.32241768 0.07972829 -0.01105973
v 0.33376381 0.07346907 -0.00752959
v 0.32165843 0.08875995 -0.0074739
v 0.33187953 0.06449022 -0.01615767
v 0.32129419 0.07761106 -0.01651014
v 0.2968275 0.13946801 -0.00373216
v 0.30987146 0.12844568 -0.0038496
v 0.31609526 0.14760529 -0.00205734
v 0.05158848 -0.06393224 -0.00602708
v 0.03812091 -0.0533148 -0.00344485
v 0.03705017 -0.06569605 -0.00239723
v 0.16303951 0.17430168 -0.00354144
v 0.12968783 0.16251256 -0.00454491
v 0.2904855 -0.11704387 -0.00723106
v 0.30124304 -0.12559842 -0.00514014
v 0.29898077 -0.10815488 -0.00775433
v 0.10286671 0.08486032 -0.02074144
v 0.31447867 0.11994947 -0.00433266
v 0.32329044 0.11139165 -0.00439024
v 0.33286473 0.12451562 -0.00245099
v 0.36685997 0.08982734 -0.00151898
v 0.25502065 0.1524689 -0.00427856
v 0.24344452 0.15229921 -0.00452413
v 0.0618883 -0.13365671 -0.00297575
v 0.06066927 -0.12124752 -0.00321974
v 0.04774828 -0.14155221 -0.0014079
v 0.04103186 -0.13140716 -0.00040004
v 0.07559102 0.12264711 -0.00484739
v 0.06987503 0.13467999 -0.00363646
v 0.34041873 -0.04883584 -0.01586224
v 0.29957375 0.11651577 -0.00623795
v 0.35523468 -0.03082845 -0.00702822
v 0.35155848 -0.02604418 -0.00997627
v 0.3466897 -0.0417748 -0.01043332
v 0.38669848 -0.0415391 -0.00144562
v 0.37748849 -0.055323 -0.0020659
v 0.11685295 0.09575944 -0.02062435
v 0.36061189 -0.02242372 -0.00590582
v 0.36764073 -0.03104082 -0.00428569
v 0.34828413 0.0412016 -0.00881924
v 0.35175878 0.04415196 -0.00650872
v 0.0537814 0.13494705 -0.00204433
v 0.06726724 0.15034972 -0.00329215
v 0.29789671 0.107105 -0.0080111
v 0.28761342 0.12534711 -0.00599343
v 0.31117308 0.10024887 -0.00726326
v 0.21560359 0.11361723 -0.01849231
v 0.22796443 0.1145306 -0.01868942
v 0.21958134 0.11377542 -0.01734399
v 0.33006319 0.09872352 -0.00493686
v 0.37504616 0.06873861 -0.00157224
v 0.1249994 0.10042722 -0.02022014
v 0.11505425 0.09692115 -0.01613798
v 0.18470684 0.16687486 -0.00384245
v 0.1986765 0.15967368 -0.00428507
v 0.18389191 0.12989439 -0.00862963
v 0.19497232 0.14059059 -0.00674277
v 0.18010759 0.14932522 -0.0056183
v 0.22891501 0.15922314 -0.00399296
v 0.22005552 0.16363832 -0.00367068
v 0.21133292 0.14962322 -0.00529345
v 0.30280375 0.09737742 -0.01094864
v 0.2850793 0.10875528 -0.01044527
v 0.20913026 0.11437736 -0.01893172
v 0.29497942 0.0998036 -0.01323446
v 0.08723819 0.15275118 -0.00425805
v 0.02950229 -0.16406168 -0.00081397
v 0.03459758 -0.14537503 -0.00013554
v 0.02637487 -0.14923598 0.00061749
v 0.09156343 0.13042556 -0.00547077
v 0.10459057 0.11909217 -0.00774411
v 0.11102197 0.14240943 -0.00549154
v 0.20607728 0.1138115 -0.0175744
v 0.21073417 0.1139266 -0.01734971
v 0.1952627 0.11660092 -0.01404252
v 0.20698354 0.11380402 -0.01831378
v 0.20774612 0.11388499 -0.01853025
v 0.20124234 0.11374842 -0.01808016
v 0.3580088 -0.00654374 -0.00722249
v 0.37462723 0.04258601 -0.00265776
v 0.38513392 0.05304562 -0.00110336
v 0.17317989 0.12347838 -0.01004767
v 0.19929747 0.12359714 -0.00962211
v 0.19435784 0.11365904 -0.01817492
v 0.36326224 0.05308559 -0.00387244
v 0.04970165 0.17645325 -0.00331048
v 0.24290928 0.11379357 -0.0176917
v 0.18380216 0.1137216 -0.01819644
v 0.24472013 0.11336857 -0.01705711
v 0.24213272 0.11373767 -0.01744801
v 0.30708164 -0.1015375 -0.00792131
v 0.29457688 -0.10602523 -0.00953108
v 0.22220385 0.11823601 -0.01200487
v 0.24740949 0.1173476 -0.01218515
v 0.23299652 0.1208339 -0.0103338
v 0.05644539 0.16543832 -0.00299809
v 0.2379166 0.11362435 -0.01722816
v 0.2303576 0.11360627 -0.01751395
v 0.15004204 0.11014705 -0.01938394
v 0.1203088 0.12950478 -0.00730408
v 0.13055041 0.1430214 -0.00600951
v 0.35189784 -0.00388263 -0.01555231
v 0.35131145 0.00452797 -0.01551618
v 0.35114208 0.01087248 -0.01305601
v 0.35474372 -0.01021236 -0.00923273
v 0.36344016 0.00578712 -0.00558451
v 0.35693875 0.01814811 -0.00724947
v 0.37558794 0.01088938 -0.00332049
v 0.3765884 0.02619976 -0.00284021
v 0.37277701 -0.0067872 -0.00386493
v 0.38503015 0.00432864 -0.00200091
v 0.10853535 0.16351691 -0.00456353
v 0.08577845 0.16744177 -0.00424957
v 0.36771747 0.02880548 -0.00423616
v 0.39260998 -0.01593715 -0.00115363
v 0.3959915 0.00393203 -0.00078438
v 0.26760086 -0.11292182 -0.01353613
v 0.28051609 -0.10594869 -0.01728833
v 0.27225024 -0.10922571 -0.01748645
v 0.35071823 0.01095649 -0.01556638
v 0.04094082 0.06049375 -0.00367516
v 0.03154831 0.04556968 -0.00220491
v 0.0415891 0.04371019 -0.00500382
v 0.1573634 0.11227936 -0.01972355
v 0.16662297 0.11384893 -0.01963997
v 0.16102444 0.11262053 -0.01800997
v 0.34962076 0.02754874 -0.01132031
v 0.17392625 0.11377515 -0.01810034
v 0.33110172 -0.1224377 -0.00300592
v 0.33846372 -0.12869672 -0.00214367
v 0.33988935 -0.11175153 -0.00302559
v 0.18240353 0.11864778 -0.01244969
v 0.3535842 0.01778967 -0.00938365
v 0.3500841 0.01920689 -0.013036
v 0.19153187 0.11391764 -0.01781912
v 0.14723718 0.15567879 -0.00497107
v 0.1641131 0.14003071 -0.00695761
v 0.20627549 0.11382756 -0.01815378
v 0.34913808 0.02463987 -0.01563376
v 0.31428939 -0.09233978 -0.00917985
v 0.30512461 -0.09542914 -0.01199152
v 0.37887472 -0.03134681 -0.00259763
v 0.37836611 -0.01712299 -0.00285527
v 0.14577039 0.11223479 -0.01447374
v 0.13721329 0.1062179 -0.01897917
v 0.35030079 -0.01241494 -0.01554769
v 0.34190041 0.05615221 -0.00866003
v 0.33985266 0.05224504 -0.01225744
v 0.34443396 0.04158839 -0.01204702
v 0.16401675 0.11733901 -0.01301144
v 0.14342126 0.11670334 -0.01110426
v 0.39233094 0.02874199 -0.00092167
v 0.3421396 0.04297483 -0.01580849
v 0.33337384 0.06419873 -0.01193568
v 0.01704674 -0.16656256 0.00022508
v 0.01641632 -0.15702356 0.00118719
v 0.33953565 0.07005881 -0.00659567
v 0.02468162 0.17568871 -0.00137999
v 0.02874955 0.15703672 -0.0002326
v 0.0938578 0.14355662 -0.00479126
v 0.13078371 0.106107 -0.01535153
v 0.31581283 0.08300044 -0.01663563
v 0.05164869 0.01877976 -0.00972425
v 0.05879676 0.02681477 -0.01174688
v 0.05179139 0.04249219 -0.0080746
v 0.05089717 0.15041167 -0.00206197
v 0.27486992 0.11750666 -0.00850365
v 0.26255333 0.1395779 -0.00548244
v 0.34787491 -0.02795725 -0.01566745
v 0.29918423 0.09604283 -0.0170634
v 0.28885338 0.10222618 -0.01737651
v 0.30672735 0.09090223 -0.01690972
v 0.3983914 0.05097269 0.00003381
v 0.39137274 0.06923989 -0.00015311
v 0.34674555 -0.03134173 -0.01493444
v 0.34959355 -0.01950854 -0.0137765
v 0.34407949 -0.03972722 -0.01450707
v 0.26350802 0.12799917 -0.01482397
v 0.01345565 0.14968948 0.00200326
v 0.20987447 0.16637616 -0.00359283
v 0.09395067 0.09540783 -0.01049924
v 0.1134358 0.10403182 -0.01135059
v 0.37967718 0.09133109 -0.00037795
v 0.10739081 0.09332488 -0.01475055
v 0.1099914 0.09095317 -0.01975969
v 0.05055626 -0.16697167 -0.00268459
v 0.05472792 -0.15235277 -0.00236924
v 0.04040822 -0.15919404 -0.0014922
v 0.09609279 0.08788428 -0.01275193
v 0.0407317 0.11539851 -0.000508
v 0.03657732 0.13133515 0.0000432
v 0.22499767 0.17558928 -0.00285237
v 0.27840766 0.14607838 -0.00407591
v 0.3371079 -0.06005792 -0.01141301
v 0.31287259 -0.11374085 -0.00550333
v 0.32268071 -0.09102111 -0.00715485
v 0.1445014 -0.1680233 -0.00471543
v 0.09713198 0.07940706 -0.02064084
v 0.33162901 -0.06380909 -0.01542261
v 0.33463115 -0.05958799 -0.01597641
v 0.3280116 -0.06924277 -0.01625855
v 0.01799378 -0.14283419 0.00183694
v 0.34655237 -0.08459735 -0.00438915
v 0.35829103 -0.07220349 -0.00369371
v 0.35367006 -0.11322352 -0.00185131
v 0.34888357 -0.10035926 -0.00293925
v 0.08053493 0.06512543 -0.01481537
v 0.08248097 -0.15829124 -0.00421562
v 0.02268758 0.10438977 0.00202644
v 0.03499893 0.09115667 -0.00051321
v 0.09514759 -0.16610152 -0.00466128
v 0.32625869 -0.07480285 -0.01211919
v 0.35971689 -0.08784274 -0.00259514
v 0.06269906 0.03997011 -0.01180214
v 0.06573423 0.05679779 -0.01056228
v 0.05579206 0.06120483 -0.00731802
v 0.0712645 0.08081604 -0.0086059
v 0.05975525 0.07261357 -0.00704236
v 0.05213966 0.08315425 -0.00432999
v 0.07753128 0.06900156 -0.01190066
v 0.07081721 0.05517693 -0.01258407
v 0.12004514 -0.15804766 -0.00520309
v 0.12842131 -0.16691905 -0.00481412
v 0.13734768 -0.15390277 -0.00561962
v 0.01716146 0.07968888 0.00145062
v 0.01939861 0.08779085 0.0019617
v 0.01727175 0.09793416 0.00193457
v 0.32018685 -0.07864927 -0.01630111
v 0.31626791 -0.08470608 -0.01300393
v 0.28946632 -0.10540383 -0.01192102
v 0.04474721 -0.14909045 -0.01074436
v 0.05189664 -0.15345165 -0.01110618
v 0.31422085 -0.08468044 -0.01638454
v 0.09573074 -0.15103428 -0.00486968
v 0.08145575 -0.14405324 -0.00427238
v 0.07175371 0.04095021 -0.02198942
v 0.04291247 -0.11971394 -0.00065069
v 0.05016921 -0.10768606 -0.0022324
v 0.03634095 -0.10529936 -0.0000355
v 0.0260458 0.06927304 0.00015154
v 0.32556567 -0.14050539 -0.00233014
v 0.3218556 -0.11479273 -0.00446975
v 0.33370697 -0.09915177 -0.0047375
v 0.30390698 -0.09292629 -0.01658864
v 0.29061177 -0.10132579 -0.01624581
v 0.32167229 -0.12940575 -0.00320379
v 0.0173365 0.06476958 0.00136819
v 0.06016316 0.02144997 -0.01302936
v 0.06904306 0.0447084 -0.01449729
v 0.06605631 0.02831672 -0.0168802
v 0.02458149 -0.10877755 0.00191204
v 0.01790505 -0.11787756 0.0027585
v 0.02742973 -0.12055288 0.00159343
v 0.03608397 0.07471514 -0.00169871
v 0.02540373 0.05535176 -0.00025961
v 0.04214858 0.02963109 -0.00599508
v 0.0716785 0.03991576 -0.01980035
v 0.07641692 0.05018859 -0.02108329
v 0.07457156 0.05057223 -0.01732212
v 0.03981896 0.01574633 -0.00580886
v 0.03229033 0.02204482 -0.00331798
v 0.27618119 -0.11225685 -0.01130077
v 0.28039289 -0.11444914 -0.00905915
v 0.02574873 0.03636358 -0.00101526
v 0.26204807 -0.11211939 -0.01696665
v 0.16755524 -0.16667622 -0.00469109
v 0.15518853 -0.15589064 -0.00555477
v 0.01851517 0.0361902 0.00072441
v 0.06471518 0.00151112 -0.02128177
v 0.01783763 0.05413776 0.00125399
v 0.02818227 -0.13018806 0.00131094
v 0.26023293 -0.11643875 -0.01172428
v 0.25153884 -0.11427595 -0.01662191
v 0.25380343 -0.11456756 -0.01805525
v 0.0161507 -0.12735263 0.00281765
v 0.0623899 -0.00115928 -0.0165487
v 0.12599131 -0.14569513 -0.00611574
v 0.10956377 -0.14993535 -0.00540661
v 0.27180269 -0.11982785 -0.00845075
v 0.28339911 -0.12733862 -0.00629453
v 0.06877041 -0.15328832 -0.00336649
v 0.0469788 -0.00040459 -0.00845489
v 0.05683693 -0.00238555 -0.01217944
v 0.03441272 0.00458304 -0.00426621
v 0.25657541 -0.12291104 -0.00877203
v 0.06507195 -0.01118216 -0.02025079
v 0.06572798 -0.0200408 -0.02222413
v 0.28684735 -0.14039202 -0.00452928
v 0.29849339 -0.14533079 -0.00343399
v 0.26732028 0.12943684 -0.01710691
v 0.27182087 0.13135874 -0.01812453
v 0.02275916 0.0203033 -0.00060463
v 0.01688777 0.02575609 0.00035254
v 0.27012748 -0.12939794 -0.01445935
v 0.26237723 -0.13032237 -0.01508453
v 0.25649118 -0.13167387 -0.01287735
v 0.27109569 -0.13235751 -0.00637429
v 0.01699476 0.00087207 -0.00990107
v 0.24547289 -0.11884129 -0.01174229
v 0.22904681 -0.12084492 -0.0109066
v 0.2428354 -0.12371718 -0.00925156
v 0.22596656 -0.11746502 -0.01370446
v 0.22461069 -0.11506657 -0.01715972
v 0.02506876 0.00917347 -0.0014318
v 0.11580989 -0.12229659 -0.00855102
v 0.10458991 -0.1125693 -0.0091547
v 0.0983944 -0.12540194 -0.00676018
v 0.30751109 -0.13668816 -0.00359532
v 0.17351651 -0.15410414 -0.00570478
v 0.17073193 -0.14079414 -0.00733939
v 0.259119 -0.1508338 -0.00468106
v 0.2718845 -0.15007366 -0.00431674
v 0.06637637 -0.03317724 -0.01569504
v 0.06257404 -0.01861447 -0.01525757
v 0.06047781 -0.02912955 -0.01230836
v 0.0279576 -0.0959757 0.00095319
v 0.01754162 -0.09617788 0.00243881
v 0.04864153 -0.01429858 -0.00880743
v 0.05933518 -0.01772406 -0.01277152
v 0.15446423 -0.14357932 -0.00686456
v 0.02384347 -0.08488384 0.00131774
v 0.23814183 -0.11512998 -0.01698934
v 0.036304 -0.0064898 -0.0048212
v 0.03776487 -0.02045827 -0.00500042
v 0.02660187 -0.01529289 -0.00168367
v 0.11424628 -0.1335388 -0.0068943
v 0.09144656 -0.13255888 -0.00556872
v 0.06902295 -0.03219211 -0.02069127
v 0.06640012 -0.02240727 -0.01977878
v 0.02386188 -0.00448325 -0.00107137
v 0.0184124 -0.01741869 0.00049661
v 0.03676812 -0.08646468 -0.00106741
v 0.01748157 -0.08044177 0.00209073
v 0.05201713 -0.022959 -0.00955745
v 0.01665252 -0.00744749 -0.00986999
v 0.03130322 -0.02912205 -0.00273474
v 0.15054144 -0.12997453 -0.0089094
v 0.14746286 -0.11978596 -0.01081163
v 0.13035718 -0.13290851 -0.00772091
v 0.24595448 -0.15522549 -0.00460929
v 0.25720194 -0.13952459 -0.00605703
v 0.24152404 -0.13968118 -0.00647261
v 0.22778943 -0.12456804 -0.00923242
v 0.16777465 -0.13001435 -0.0091081
v 0.28830555 -0.15583998 -0.00323938
v 0.19413534 -0.141137 -0.00710098
v 0.19462706 -0.15464088 -0.00543416
v 0.16702431 -0.11827267 -0.01321923
v 0.18053716 -0.16696182 -0.00456136
v 0.21186323 -0.12036954 -0.01145741
v 0.08399442 -0.06992884 -0.0154305
v 0.08532472 -0.06591487 -0.02124749
v 0.07553846 -0.0553539 -0.01605549
v 0.14027588 -0.14148214 -0.00690319
v 0.0373676 -0.07563876 -0.00185623
v 0.0252826 -0.06861401 0.00043925
v 0.07101411 -0.03924036 -0.02202786
v 0.07283382 -0.04317014 -0.02049104
v 0.07587516 -0.05093592 -0.02181923
v 0.06380828 -0.05093263 -0.01086173
v 0.06224658 -0.03931043 -0.01172619
v 0.05278863 -0.05204335 -0.00751668
v 0.06789003 -0.08329196 -0.0077163
v 0.07091181 -0.07343082 -0.00972137
v 0.05769661 -0.07793427 -0.00608523
v 0.07844878 -0.05595051 -0.01983764
v 0.09855464 -0.08258925 -0.01900287
v 0.09363742 -0.08272354 -0.01467068
v 0.19402035 -0.12377598 -0.0100354
v 0.18235175 -0.12618703 -0.00969107
v 0.18483713 -0.13658021 -0.00789444
v 0.24237205 -0.16720866 -0.00378159
v 0.22944744 -0.15969676 -0.00449315
v 0.03180562 -0.0423843 -0.00238432
v 0.0397201 -0.03232926 -0.00507713
v 0.10807712 -0.09674301 -0.01356418
v 0.11576983 -0.0961298 -0.01947593
v 0.10477411 -0.09042963 -0.01662328
v 0.09976487 -0.0932791 -0.01232471
v 0.01743168 0.10956348 0.00217194
v 0.05198951 -0.0926107 -0.00351987
v 0.1364546 -0.1098816 -0.01511017
v 0.12608951 -0.10865179 -0.01281382
v 0.10280166 -0.1006152 -0.01102796
v 0.09031149 -0.09150883 -0.01083531
v 0.08541555 -0.11406536 -0.00692538
v 0.25907293 -0.16610897 -0.00353076
v 0.08061095 -0.05981207 -0.02163839
v 0.11854397 -0.10972244 -0.01102734
v 0.21576691 -0.13539958 -0.0075702
v 0.08705392 -0.08228784 -0.01192475
v 0.21242361 -0.1511437 -0.00555215
v 0.14096263 -0.10859143 -0.0190619
v 0.12991871 -0.10394354 -0.01950824
v 0.164837 -0.11413544 -0.01841383
v 0.21029383 -0.16702905 -0.00419909
v 0.01909089 -0.05778309 0.00145281
v 0.02434563 -0.03973082 -0.00043014
v 0.04550756 -0.03697325 -0.00657006
v 0.12053569 -0.09982587 -0.02062504
v 0.05473981 -0.03594706 -0.00960622
v 0.06137207 -0.0637725 -0.00856367
v 0.20618883 -0.12501498 -0.00951061
v 0.08228213 -0.07526251 -0.01218933
v 0.07939442 -0.08616774 -0.00966741
v 0.09699421 -0.08086483 -0.02115319
v 0.09243348 -0.07538755 -0.02023855
v 0.1345558 -0.11704022 -0.01075272
v 0.07565895 -0.10149799 -0.00704318
v 0.06327093 -0.09874618 -0.00511783
v 0.10822444 -0.09057209 -0.01999216
v 0.04771907 -0.083272 -0.00342197
v 0.1229665 -0.10063735 -0.01872548
v 0.23185074 -0.13568133 -0.00723339
v 0.22799018 -0.14775966 -0.00568753
v 0.15242973 -0.11541247 -0.01403841
v 0.15331954 -0.11217403 -0.01850533
v 0.16442254 -0.12301512 -0.01062515
v 0.07105371 -0.05585346 -0.01256566
v 0.06797649 -0.04381836 -0.01387501
v 0.17928034 -0.12123529 -0.01144028
v 0.07485936 -0.06466741 -0.01208308
v 0.01661518 -0.07294989 0.00133101
v 0.10478368 -0.08827387 -0.02098276
v 0.09449662 -0.09145845 -0.01888003
v 0.09393897 -0.0913891 -0.01850389
v 0.01687943 -0.01988006 0.00029218
v 0.01742673 -0.00640866 0.00042694
v 0.01657274 -0.01352758 -0.00970988
v 0.32398424 -0.07396977 -0.01601326
v 0.36440575 -0.1016992 -0.00152755
v 0.2758978 -0.15900868 -0.0034819
v 0.25178522 -0.12955602 -0.00775094
v 0.06809787 -0.0302429 -0.02218888
v 0.01762899 -0.10823132 0.00272603
v 0.01759338 0.01581403 0.00049867
v 0.04790542 -0.14969443 -0.01046532
v 0.02640372 0.11692574 0.00164078
v 0.06041639 0.00645625 -0.01429746
v 0.07605998 -0.13189818 -0.00439306
v 0.07094333 -0.11187738 -0.00524522
v 0.33011264 -0.09126273 -0.00603756
v 0.08571534 0.08173978 -0.0114545
v 0.08065757 0.09501349 -0.00848308
v 0.0159919 0.12725796 0.00271427
v 0.08841349 0.11042008 -0.00748491
v 0.12710342 0.10890508 -0.01216294
v 0.12651202 0.11461659 -0.01025303
v 0.13814601 0.13202815 -0.00769995
v 0.15350789 0.12148014 -0.01014297
v 0.35205221 -0.00313146 -0.01281354
v 0.19069424 0.11398976 -0.01836434
v 0.19110572 0.11392464 -0.01808789
v 0.2096239 0.11384718 -0.01790476
v 0.33812061 -0.05326499 -0.01491357
v 0.35979444 0.03241115 -0.00551243
v 0.16202545 0.15433182 -0.00513199
v 0.33909282 0.05185678 -0.01591751
v 0.26387706 0.11065491 -0.01614467
v 0.26610023 0.11400335 -0.01187614
v 0.28343856 0.10483886 -0.01463065
v 0.27503633 0.10824094 -0.01485227
v 0.21546949 0.13667308 -0.00704071
v 0.25962582 0.11185895 -0.01814058
v 0.34092045 0.0908135 -0.00432175
v 0.01737593 0.12438463 0.00253062
v 0.27592692 0.13487352 -0.00553521
v 0.34070241 -0.04733864 -0.01509964
v 0.34089333 -0.04673542 -0.01500776
v 0.01642802 0.00761804 0.00005375
v 0.27113581 0.10949846 -0.01787309
v 0.3134065 0.09107643 -0.00961
v 0.31642801 0.08328598 -0.0129507
v 0.2262094 0.12435692 -0.00911714
v 0.32721931 0.07170329 -0.01267132
v 0.2112769 0.1139171 -0.0183668
v 0.35037786 0.01636226 -0.01554298
v 0.01256403 -0.07045967 -0.00313128
v 0.35004374 -0.01916646 -0.01559934
v 0.01255771 -0.06043925 -0.00402354
v 0.03574374 0.1495505 -0.00051886
v 0.24371412 0.11379892 -0.01799034
v 0.28241903 0.10461842 -0.01762467
v 0.34744745 0.03358067 -0.01189889
v 0.30889079 -0.08898252 -0.01630999
v 0.01773865 -0.04867335 0.00119516
v 0.34049249 -0.04800911 -0.01531693
v 0.01801067 -0.03600423 0.00089214
v 0.30643511 0.09158443 -0.01357345
v 0.01687955 0.04074908 0.00055041
v 0.01563955 -0.1252352 0.00181821
v 0.25373757 0.11226319 -0.01699525
v 0.09531666 -0.09140521 -0.01935871
v 0.21054095 0.11387084 -0.01818191
v 0.20634699 0.11383037 -0.01817209
v 0.01523318 0.02994797 -0.0008456
v 0.01505237 0.07437122 -0.00084809
v 0.01491338 -0.05626177 -0.00008772
v 0.01424353 -0.08230788 -0.00019422
v 0.01555662 -0.03623219 -0.00011969
v 0.34532508 0.03306525 -0.01375853
v 0.18182887 0.1793777 -0.00531771
v 0.167924 0.1797667 -0.00885569
v 0.32264706 0.1537793 -0.00423416
v 0.30888504 0.1612789 -0.0050413
v 0.29240376 0.16827655 -0.00482266
v 0.16212319 0.17992267 -0.00687722
v 0.33195141 0.14618325 -0.00237896
v 0.3618387 0.12180464 -0.00337537
v 0.26730901 0.17546667 -0.00488448
v 0.30347753 0.1576848 -0.00210169
v 0.29042864 0.16459258 -0.00233138
v 0.34682882 0.13300906 -0.00128077
v 0.35888177 0.12111863 -0.00092068
v 0.35124743 0.13233893 -0.00362594
v 0.26500273 0.1722928 -0.00262915
v 0.38529396 0.09019415 -0.00311421
v 0.37860599 0.10070657 -0.00284071
v 0.23088561 0.17951119 -0.00570806
v 0.24212536 0.1790648 -0.00533918
v 0.23825671 0.17785543 -0.00356593
v 0.16659482 0.17807747 -0.00412446
v 0.14788745 0.17678504 -0.00373485
v 0.1341688 0.17681615 -0.00402873
v 0.22243619 0.1782276 -0.00378858
v 0.39377439 0.0739556 -0.00284967
v 0.25421494 0.17781766 -0.0053682
v 0.19707453 0.17957129 -0.00594677
v 0.00224014 0.15755208 -0.01193708
v 0.00186087 0.16383353 -0.01207973
v 0.19009735 0.1794752 -0.00555382
v 0.40042716 0.05660811 -0.00232004
v 0.12418312 0.17706147 -0.00418546
v 0.13540444 0.1797981 -0.00677615
v 0.40284181 0.04922724 -0.0031254
v 0.20704713 0.17610243 -0.00306313
v 0.18059635 0.1763332 -0.00334252
v 0.40611258 0.03601415 -0.00314082
v 0.40344274 0.04373042 -0.00102237
v 0.15252019 0.17994195 -0.00641271
v 0.40886211 0.01890186 -0.00281386
v 0.14433563 0.17980956 -0.00707736
v 0.03350013 0.17726678 -0.00247461
v 0.04870509 0.1790223 -0.00446995
v 0.40712893 0.02531799 -0.00102143
v 0.13950206 0.18019021 -0.00649948
v 0.06846706 0.17665467 -0.00411627
v 0.30184633 0.16277929 -0.00275604
v 0.27689624 0.1713596 -0.00300774
v 0.40313464 0.03439585 0.00017181
v 0.40520886 0.01812221 0.00007027
v 0.12518306 0.17997707 -0.00702498
v 0.40971303 0.0088484 -0.00339584
v 0.0880115 0.17686641 -0.00460247
v 0.0805147 0.17913528 -0.00603975
v 0.40576762 -0.00061101 0.00006717
v 0.41005519 -0.0015105 -0.00345698
v 0.40873933 0.00596967 -0.00079565
v 0.10736597 0.17679286 -0.0045371
v 0.09369709 0.17929336 -0.00636541
v 0.40972495 -0.01203531 -0.00368665
v 0.40808123 -0.01322733 -0.00060731
v 0.01471123 -0.17986459 -0.00367236
v 0.00920774 -0.17808205 -0.00023319
v 0.33743817 0.1438372 -0.00449398
v 0.40914464 -0.02186268 -0.0035319
v 0.40721801 -0.03218631 -0.00297593
v 0.4051556 -0.03351201 -0.00064571
v 0.40564537 -0.04061489 -0.00319454
v 0.04221168 -0.18009645 -0.00515251
v 0.02966349 -0.17996031 -0.00433422
v 0.03040667 -0.17894095 -0.00277517
v 0.14861549 0.18013947 -0.00693073
v 0.04010419 -0.17720856 -0.0026549
v 0.40212178 -0.04684996 -0.00073104
v 0.40371734 -0.04747143 -0.00292692
v 0.40147769 -0.05557828 -0.00336604
v 0.00292524 0.17161158 -0.01265724
v 0.39903009 -0.05695027 -0.0008713
v 0.01276368 0.16316044 0.00107184
v 0.05290944 -0.17643629 -0.00341537
v 0.05845741 -0.18005104 -0.00565985
v 0.06759097 -0.17609963 -0.00401795
v 0.19642425 0.1774544 -0.00338361
v 0.39748988 -0.06652503 -0.0031354
v 0.06758402 -0.17988929 -0.00572336
v 0.39391956 -0.06799483 -0.00049491
v 0.39358923 -0.07556552 -0.00289769
v 0.08390462 -0.18025218 -0.00648286
v 0.24196202 0.17478704 -0.00269725
v 0.05235339 -0.17997053 -0.00511153
v 0.13488801 -0.17698187 -0.00453994
v 0.15953633 -0.17701373 -0.00422151
v 0.37407571 0.10486148 -0.00119628
v 0.3837634 -0.08911089 -0.00076585
v 0.37062687 0.11162551 -0.00319089
v 0.31536821 0.15474118 -0.00202161
v 0.27753928 0.1730527 -0.00535835
v 0.08626792 -0.17648025 -0.00463427
v 0.37449473 -0.10770956 -0.00291452
v 0.01282417 -0.11522385 -0.0060518
v 0.00849353 -0.11384176 -0.01254076
v 0.01117487 -0.11558381 -0.01033178
v 0.36874807 -0.1151875 -0.0031314
v 0.36195946 -0.1222415 -0.00257181
v 0.07542568 -0.18007092 -0.00596773
v 0.36535698 -0.11447845 -0.00121635
v 0.35534212 -0.12484943 -0.00137505
v 0.35275766 -0.13195108 -0.00326622
v 0.34525156 -0.13434358 -0.00159791
v 0.02119682 -0.17970401 -0.00282215
v 0.02414861 -0.17621827 -0.00130193
v 0.33275005 -0.14427367 -0.00190021
v 0.10345306 -0.18029131 -0.00678268
v 0.11034615 -0.17645875 -0.00475543
v 0.11658445 -0.18028477 -0.00669551
v 0.12137032 -0.17981897 -0.00591804
v 0.30544475 -0.16427827 -0.00622611
v 0.31426576 -0.15847492 -0.00293182
v 0.31785959 -0.15347791 -0.00219218
v 0.30403095 -0.16074039 -0.00245506
v 0.30153006 -0.16516824 -0.00385277
v 0.31100762 -0.14818138 -0.00268078
v 0.1504242 -0.18068585 -0.00920349
v 0.01250453 0.01715763 -0.00659901
v 0.29405868 -0.16857472 -0.00423525
v 0.28121328 -0.17334099 -0.00617296
v 0.29080316 -0.16605712 -0.00268473
v 0.27164707 -0.171563 -0.00299532
v 0.17915685 -0.17709891 -0.00408266
v 0.19651224 -0.17656332 -0.00377283
v 0.27580944 -0.17389454 -0.00393963
v 0.28348845 -0.17150049 -0.00376742
v 0.27165359 -0.17586863 -0.00628171
v 0.20510127 -0.17978756 -0.00498843
v 0.21551141 -0.17976077 -0.00468914
v 0.21325797 -0.17714617 -0.00359614
v 0.23044623 -0.17690691 -0.00339203
v 0.26351073 -0.17623475 -0.00384883
v 0.2602005 -0.17820591 -0.00626094
v 0.21064624 -0.18072157 -0.00682891
v 0.22757009 -0.18075091 -0.00673071
v 0.25091583 -0.17594536 -0.003277
v 0.25169536 -0.17923528 -0.00511127
v 0.23920546 -0.17962798 -0.00449578
v 0.2376076 -0.18059833 -0.0067289
v 0.01258315 -0.0507139 -0.00296088
v 0.22537708 -0.17955539 -0.00434937
v 0.01286954 -0.01828783 -0.00611389
v 0.19653976 -0.18032449 -0.00565489
v 0.18749079 -0.18050373 -0.00582349
v 0.17821519 -0.18045881 -0.00586042
v 0.16931692 -0.18048321 -0.00593222
v 0.15786202 -0.1804155 -0.00615289
v 0.16461433 -0.18033987 -0.00575699
v 0.15225834 -0.18029264 -0.00575864
v 0.15368165 -0.18047158 -0.00609348
v 0.1532999 -0.1805602 -0.006208
v 0.14520195 -0.18008728 -0.00586238
v 0.01275309 0.01034806 -0.00617277
v 0.13977034 -0.18055874 -0.00823411
v 0.1432593 -0.18029186 -0.0065273
v 0.14304572 -0.18003888 -0.00614343
v 0.14286824 -0.17972335 -0.00579849
v 0.1361111 -0.18034235 -0.00619815
v 0.12689307 -0.18016638 -0.00627765
v 0.10991976 -0.18027744 -0.00650017
v 0.09884055 -0.18025008 -0.00647466
v 0.09243539 -0.18015234 -0.00632701
v 0.38942313 -0.07483737 -0.00052662
v 0.40181983 -0.03811 -0.00014092
v 0.40330884 -0.0224787 -0.0001017
v 0.0369976 0.17920209 -0.00405148
v 0.25211552 0.17562628 -0.00280385
v 0.06557526 0.1793471 -0.00560872
v 0.10350096 0.17950296 -0.00659103
v 0.39587587 0.06557609 -0.00071728
v 0.20847949 0.1793976 -0.00513964
v 0.38585019 0.08624776 -0.00089461
v 0.02238685 0.17882138 -0.00259197
v 0.09644952 0.18003866 -0.01115864
v 0.1728977 0.17972535 -0.00634921
v 0.37275696 -0.10490117 -0.00096779
v 0.11360669 0.17985351 -0.00663473
v 0.01251126 -0.01949278 -0.00293646
v 0.15449728 -0.18018785 -0.00593563
v 0.0872521 0.18036108 -0.01517192
v 0.15373421 -0.18042514 -0.00610921
v 0.09415333 0.17978063 -0.0124709
v 0.00481957 -0.13238917 -0.01575969
v 0.00150188 -0.09119578 -0.01714118
v 0.00231193 -0.10349927 -0.01695103
v 0.00497144 -0.11202697 -0.01625639
v 0.0059068 -0.09629881 -0.015701
v 0.00725732 -0.12544803 -0.01406173
v 0.01110442 -0.12558144 -0.00978258
v -0.00145318 -0.13249809 -0.01678547
v 0.00121632 -0.12717463 -0.01720494
v 0.00767581 -0.12815073 -0.01447474
v 0.01147519 -0.12840472 -0.01067294
v 0.01438391 -0.12716873 -0.00934787
v -0.00201648 -0.10115497 -0.01715438
v 0.00505367 -0.04837129 -0.016148
v 0.00889592 -0.03429853 -0.01343104
v 0.01039716 -0.05202617 -0.01172069
v 0.09075056 0.07330076 -0.02143139
v 0.10872033 0.09083997 -0.02095542
v 0.11685295 0.09575944 -0.02062435
v 0.01192 -0.04504849 -0.00006953
v 0.0114491 -0.02994086 0.00124837
v 0.1099914 0.09095317 -0.01975969
v 0.08003175 0.05858643 -0.02179465
v 0.08650225 0.0669139 -0.02076385
v 0.01151143 0.06102823 0.00111261
v 0.01147041 0.04021116 0.00116623
v 0.00254077 0.02797945 -0.01708301
v 0.00143595 0.01873652 -0.01721784
v 0.01263605 -0.12404446 -0.00643425
v 0.21177849 -0.114944 -0.01751289
v 0.20025592 -0.11492934 -0.01860156
v 0.20916821 -0.11563931 -0.0187691
v 0.19422752 -0.11493865 -0.01810618
v 0.18662542 -0.11575214 -0.01928554
v 0.17640658 -0.11482109 -0.01859993
v 0.18590645 -0.11489774 -0.01801056
v 0.17123559 -0.11531333 -0.01962665
v 0.01095474 -0.03665312 -0.01079645
v 0.01260008 -0.04569371 -0.00638267
v 0.14096263 -0.10859143 -0.0190619
v 0.01258315 -0.0507139 -0.00296088
v 0.01259798 -0.03160609 -0.00311847
v 0.149143 -0.11168483 -0.02008324
v 0.15331954 -0.11217403 -0.01850533
v 0.00746052 0.01763242 -0.01495128
v 0.01274417 0.05169469 -0.00256504
v 0.03344245 0.10430936 -0.00931294
v 0.04329869 0.10535411 -0.0096806
v 0.0406075 0.09512383 -0.00981843
v 0.18159463 0.16715214 -0.01212807
v 0.07672293 0.06282391 -0.02178591
v 0.08183472 0.0708784 -0.0216067
v 0.3031584 0.10015312 -0.01694129
v 0.28909618 0.11363477 -0.01378711
v 0.29775196 0.11063334 -0.01299058
v 0.25169331 0.14284819 -0.01119307
v 0.25194579 0.13486382 -0.01207501
v 0.23062992 0.13312069 -0.01275643
v 0.05672527 0.10141696 -0.01088234
v 0.33898902 -0.07501143 -0.01206456
v 0.34526387 -0.06426942 -0.01224843
v 0.34742355 -0.07029324 -0.01078615
v 0.35424128 0.06267923 -0.0099054
v 0.34898964 0.07825914 -0.00951442
v 0.36544195 0.06700471 -0.00836901
v 0.3360644 -0.06952992 -0.01598141
v 0.2533403 0.12480771 -0.01419012
v 0.25806823 0.12993419 -0.01315384
v 0.38271391 0.04374811 -0.00778785
v 0.37670711 0.06299298 -0.00795616
v 0.12915647 -0.17563836 -0.01457908
v 0.0915283 0.08263319 -0.02138459
v 0.06547476 0.01401588 -0.02090874
v 0.06767078 0.02665223 -0.02067352
v 0.06452282 0.00952954 -0.02226874
v 0.06683871 0.02613033 -0.02224208
v 0.02973501 0.11420774 -0.00914493
v 0.03248378 0.12417008 -0.00921464
v 0.04236864 0.12384499 -0.00943729
v 0.32796156 -0.12391232 -0.00938682
v 0.33651248 -0.12670135 -0.00945312
v 0.32694662 -0.13080272 -0.00958657
v 0.22483894 0.14411359 -0.0113281
v 0.23472086 0.14292784 -0.01136267
v 0.08418559 0.0835322 -0.01684025
v 0.0682682 0.08351251 -0.01369077
v 0.08637491 0.0956587 -0.01504464
v 0.27969739 0.15953609 -0.01801216
v 0.20361593 0.15947917 -0.01142652
v 0.21263665 0.15064749 -0.01112354
v 0.19328141 0.14886713 -0.01132811
v 0.28484017 0.15853028 -0.01157327
v 0.01273505 0.13693973 -0.0099374
v 0.26582149 0.16072233 -0.01816058
v 0.16907182 0.16131862 -0.01165596
v 0.09701134 0.0950492 -0.01719049
v 0.33187953 0.06449022 -0.01615767
v 0.32129419 0.07761106 -0.01651014
v 0.32932258 0.07679997 -0.0162224
v 0.06841417 0.11017819 -0.01146937
v 0.07909296 0.11946455 -0.01184462
v 0.08356288 0.10930332 -0.01296781
v 0.3721236 -0.07242844 -0.0082754
v 0.38278198 -0.05778068 -0.00809072
v 0.03561167 0.13374482 -0.00946878
v 0.048021 0.13851526 -0.00996554
v 0.10286671 0.08486032 -0.02074144
v 0.27582365 0.1353336 -0.01754736
v 0.28073654 0.15281542 -0.01732255
v 0.28193048 0.1505248 -0.01416671
v 0.28113747 0.14189492 -0.01123243
v 0.2772209 0.13370667 -0.01446919
v 0.27660453 0.14793342 -0.01815458
v 0.25393316 0.15330678 -0.01078042
v 0.23867872 0.15570605 -0.01093281
v 0.24865843 0.16851747 -0.01185531
v 0.2956928 0.12429381 -0.0109002
v 0.29770336 0.1347298 -0.01002182
v 0.31369746 0.13227113 -0.00955713
v 0.09584927 0.10594651 -0.01470397
v 0.07784665 0.10099178 -0.01317043
v 0.34041873 -0.04883584 -0.01586224
v 0.35197565 -0.03697218 -0.01554903
v 0.34576094 -0.05274338 -0.01572153
v 0.18237963 0.14622991 -0.01152124
v 0.17076784 0.15142657 -0.01133152
v 0.18446508 0.15627953 -0.01135034
v 0.39198035 0.02468267 -0.0077554
v 0.28085282 0.13174833 -0.01104949
v 0.1057838 0.09560436 -0.02093562
v 0.25376254 0.14671072 -0.01110218
v 0.25332874 0.14348862 -0.0124846
v 0.30528516 0.11095275 -0.01176733
v 0.38480175 0.02061451 -0.00774767
v 0.3672069 -0.04641441 -0.00903721
v 0.35706243 -0.04176538 -0.01131959
v 0.36177832 -0.03092217 -0.01075938
v 0.2735613 0.12026209 -0.01382815
v 0.35959965 -0.0252917 -0.01215611
v 0.21560359 0.11361723 -0.01849231
v 0.22796443 0.1145306 -0.01868942
v 0.21958134 0.11377542 -0.01734399
v 0.05554608 0.13164461 -0.01010654
v 0.05790704 0.14643538 -0.0107788
v 0.06746066 0.13164081 -0.01071047
v 0.3570801 0.0362455 -0.01171753
v 0.3631902 0.04669172 -0.0094471
v 0.36707592 0.02596457 -0.009688
v 0.1249994 0.10042722 -0.02022014
v 0.39113429 -0.03748803 -0.00792596
v 0.14023587 0.16598654 -0.01243488
v 0.1394269 0.15164115 -0.0154469
v 0.13734865 0.16308402 -0.01696929
v 0.34819287 0.04537473 -0.01565529
v 0.35419923 0.02778688 -0.01541537
v 0.01275275 0.06150664 -0.00712974
v 0.01129631 0.04776243 -0.0104411
v 0.06139459 0.02439184 -0.02227138
v 0.05996988 0.01788011 -0.02222241
v 0.19691205 0.11449555 -0.01911562
v 0.19928454 0.12014353 -0.01895622
v 0.20913026 0.11437736 -0.01893172
v 0.33586723 0.07612716 -0.01265612
v 0.32757518 0.08697347 -0.01246853
v 0.3361719 0.08344349 -0.0110683
v 0.05399737 0.01936975 -0.01722363
v 0.04595579 0.01777144 -0.01409541
v 0.05404476 0.02526576 -0.01635426
v 0.03216726 0.15908359 -0.01135048
v 0.045845 0.16477682 -0.01263813
v 0.04230988 0.15723504 -0.01133823
v 0.38441074 0.00821638 -0.00782475
v 0.20607728 0.1138115 -0.0175744
v 0.21073417 0.1139266 -0.01734971
v 0.20698354 0.11380402 -0.01831378
v 0.20774612 0.11388499 -0.01853025
v 0.20124234 0.11374842 -0.01808016
v 0.20947498 0.13546251 -0.01242499
v 0.37405726 0.04095171 -0.00826326
v 0.19435784 0.11365904 -0.01817492
v 0.03986257 -0.12658256 -0.00940097
v 0.03504503 -0.11873447 -0.00921976
v 0.04608365 -0.11846604 -0.00980006
v 0.08950094 0.1396488 -0.0115165
v 0.11015464 0.15096906 -0.01157697
v 0.09080117 0.13262039 -0.01178724
v 0.10477394 0.1377562 -0.01195892
v 0.24290928 0.11379357 -0.0176917
v 0.23876697 0.11418959 -0.01850536
v 0.24375466 0.11437441 -0.01842102
v 0.11214244 0.16004997 -0.01208653
v 0.10021813 0.16526367 -0.01291653
v 0.18380216 0.1137216 -0.01819644
v 0.18530361 0.11432399 -0.01931691
v 0.24472013 0.11336857 -0.01705711
v 0.24213272 0.11373767 -0.01744801
v 0.22427323 0.12679996 -0.01427323
v 0.2379166 0.11362435 -0.01722816
v 0.2303576 0.11360627 -0.01751395
v 0.12066194 0.14334136 -0.01959895
v 0.13539138 0.15298779 -0.01934639
v 0.13721713 0.14007324 -0.01927496
v 0.1213699 0.1522024 -0.01963252
v 0.15594515 0.11798073 -0.01981778
v 0.15004204 0.11014705 -0.01938394
v 0.14348231 0.1090998 -0.0200545
v 0.04096686 -0.17014773 -0.01319786
v 0.01139732 -0.15543042 -0.01097297
v 0.02084676 -0.15334888 -0.01044341
v 0.01951611 -0.16281071 -0.01150929
v 0.35189784 -0.00388263 -0.01555231
v 0.35131145 0.00452797 -0.01551618
v 0.35693097 -0.01248999 -0.01540242
v 0.01708621 -0.11007179 -0.00901645
v 0.0290728 -0.10588182 -0.00903442
v 0.0243926 -0.11504769 -0.00896112
v 0.18113971 0.1353998 -0.01273493
v 0.1945118 0.14025913 -0.01195477
v 0.13393879 0.16926143 -0.01633111
v 0.13521533 0.16262771 -0.01927181
v 0.11568485 0.14650729 -0.01198669
v 0.11604346 0.1356281 -0.0123403
v 0.01642118 0.04126452 -0.00946886
v 0.02411674 0.04412408 -0.01017028
v 0.01837213 0.03486767 -0.00993006
v 0.05746264 0.02628251 -0.01899181
v 0.06067511 0.03526694 -0.01913671
v 0.06045385 0.02892804 -0.02079528
v 0.17098117 0.14126348 -0.01195524
v 0.13485889 -0.17317072 -0.01414214
v 0.12930249 0.13312176 -0.01714908
v 0.13580708 0.13056046 -0.01341862
v 0.12867546 0.12948331 -0.01346178
v 0.22576404 0.12008581 -0.01859899
v 0.15040803 0.15338269 -0.0113483
v 0.14248817 0.15907416 -0.01155435
v 0.15626073 0.1593495 -0.01154266
v 0.13603196 0.13494493 -0.01620221
v 0.14210175 0.13801356 -0.01244303
v 0.14417633 0.12262969 -0.01539291
v 0.16691539 0.12378864 -0.01634076
v 0.13870575 0.11835854 -0.01668886
v 0.14082247 0.15215838 -0.01255695
v 0.07623748 0.17034388 -0.01406867
v 0.15996403 0.14351495 -0.01179115
v 0.05197039 -0.12764411 -0.00994948
v 0.06804457 -0.12444485 -0.01095048
v 0.05721867 -0.13616075 -0.01027578
v 0.28051609 -0.10594869 -0.01728833
v 0.27225024 -0.10922571 -0.01748645
v 0.35071823 0.01095649 -0.01556638
v 0.35707316 0.01020164 -0.01536602
v 0.1889933 0.12582885 -0.01488695
v 0.20302433 0.1239695 -0.01596672
v 0.14317532 0.14683616 -0.01160835
v 0.1573634 0.11227936 -0.01972355
v 0.16662297 0.11384893 -0.01963997
v 0.16102444 0.11262053 -0.01800997
v 0.16044997 0.13375612 -0.01311501
v 0.17355356 0.12024707 -0.01935112
v 0.17392625 0.11377515 -0.01810034
v 0.37324107 0.0145005 -0.00889508
v 0.3500841 0.01920689 -0.013036
v 0.13982671 0.14136162 -0.01581302
v 0.13798559 0.14769438 -0.01849676
v 0.36153549 -0.00228914 -0.01236317
v 0.09034106 0.16903359 -0.0137124
v 0.18780012 0.11922576 -0.01930149
v 0.36124244 0.02031342 -0.01146892
v 0.01276577 -0.10394513 -0.00612506
v 0.01363267 -0.09825484 -0.0058581
v 0.01580697 -0.10302498 -0.00819031
v 0.07100086 0.15923758 -0.01228114
v 0.05775742 0.16186132 -0.01240682
v 0.03382585 0.05236636 -0.01069937
v 0.03007376 0.05814261 -0.01019268
v 0.16946921 0.12740827 -0.01464193
v 0.12419032 0.11729311 -0.01534545
v 0.10824478 0.12881278 -0.01273873
v 0.12278268 0.13061118 -0.01310441
v 0.34913808 0.02463987 -0.01563376
v 0.13146584 0.13505392 -0.01944566
v 0.33600858 -0.11521966 -0.00912686
v 0.35075212 -0.11467572 -0.00918411
v 0.13721329 0.1062179 -0.01897917
v 0.20082177 0.12901734 -0.01378036
v 0.35030079 -0.01241494 -0.01554769
v 0.08484886 0.15301239 -0.01173823
v 0.07759843 0.15443699 -0.01177792
v 0.1290547 0.16919944 -0.01932465
v 0.01097482 -0.13901272 -0.0099466
v 0.01684347 0.06692158 -0.00937091
v 0.0259823 0.0654322 -0.00981699
v 0.01817103 0.05954971 -0.00961361
v 0.09454544 0.15338752 -0.01183137
v 0.3421396 0.04297483 -0.01580849
v 0.34322643 0.05587438 -0.01576999
v 0.10422705 0.12022014 -0.01349479
v 0.22666433 0.12454882 -0.01526079
v 0.36514786 -0.00483026 -0.01078434
v 0.37482697 -0.01466095 -0.00876208
v 0.36814222 -0.02609304 -0.00955573
v 0.10331316 -0.16332281 -0.0127042
v 0.11309803 -0.14890975 -0.01185179
v 0.11368904 -0.16697833 -0.01331588
v 0.01826734 -0.02769362 -0.00998046
v 0.0263674 -0.03596269 -0.0103693
v 0.01711484 -0.04160462 -0.00963161
v 0.07600981 0.07394315 -0.01665131
v 0.07285662 0.06475003 -0.01836409
v 0.30665505 -0.10588157 -0.01308112
v 0.29953238 -0.10385372 -0.01695389
v 0.30942765 -0.09687535 -0.01675816
v 0.12297417 0.1064648 -0.0205021
v 0.34339577 0.06671154 -0.01203355
v 0.33901954 0.06311659 -0.01585816
v 0.03602003 0.14642826 -0.01008653
v 0.05203485 0.15261662 -0.01104578
v 0.07597493 0.14064161 -0.01114046
v 0.31581283 0.08300044 -0.01663563
v 0.31539136 0.09088654 -0.01657589
v 0.37623528 -0.0523033 -0.0081384
v 0.37674206 -0.03702283 -0.00821626
v 0.07077409 0.1207168 -0.01115847
v 0.34787491 -0.02795725 -0.01566745
v 0.08985782 0.12164396 -0.01241253
v 0.29918423 0.09604283 -0.0170634
v 0.28885338 0.10222618 -0.01737651
v 0.28966242 0.10786435 -0.01731572
v 0.30672735 0.09090223 -0.01690972
v 0.34509936 -0.03823065 -0.01578994
v 0.34674555 -0.03134173 -0.01493444
v 0.34959355 -0.01950854 -0.0137765
v 0.02210329 0.16047093 -0.01143434
v 0.34407949 -0.03972722 -0.01450707
v 0.11037143 0.11059075 -0.01548239
v 0.26350802 0.12799917 -0.01482397
v 0.26925966 0.12468729 -0.01295958
v 0.2621837 0.1254071 -0.01349887
v 0.01791623 0.1481979 -0.01019964
v 0.0261148 0.14799365 -0.01011406
v 0.19131543 0.1634967 -0.01177877
v 0.22046462 0.16112028 -0.01138622
v 0.22890994 0.15852425 -0.01114211
v 0.35919029 0.08504696 -0.00839019
v 0.1155006 0.10796239 -0.01709142
v 0.05765186 0.03676507 -0.01663503
v 0.04676436 0.02922505 -0.01384358
v 0.05131337 0.03864476 -0.01440212
v 0.02746217 -0.12759429 -0.009021
v 0.05462063 0.12216714 -0.01007609
v 0.06031947 -0.11463929 -0.01071995
v 0.29840815 -0.09683996 -0.01685941
v 0.36751217 -0.06392045 -0.00850002
v 0.35525477 -0.0598086 -0.01014104
v 0.36143619 -0.055747 -0.00941326
v 0.37004048 0.08171721 -0.00819889
v 0.3819555 0.07740179 -0.00854596
v 0.35015723 -0.10227869 -0.0088315
v 0.35064012 -0.0530225 -0.01240796
v 0.02623063 0.13656399 -0.00941921
v 0.01601699 0.13194014 -0.0094463
v 0.04304583 0.11525179 -0.00951245
v 0.01848349 0.07502191 -0.00951784
v 0.03212217 0.07300585 -0.00993489
v 0.23155132 0.17247772 -0.01239353
v 0.01621092 0.12627268 -0.00923744
v 0.02345697 0.12807462 -0.00932514
v 0.35571516 -0.07573853 -0.00914577
v 0.26358014 0.14935014 -0.01835404
v 0.26363534 0.15596235 -0.01791395
v 0.28566417 0.15041831 -0.01033349
v 0.09713198 0.07940706 -0.02064084
v 0.32970074 0.11814916 -0.00913915
v 0.33635917 0.1277737 -0.00948261
v 0.06317591 0.0964565 -0.01180837
v 0.33463115 -0.05958799 -0.01597641
v 0.3280116 -0.06924277 -0.01625855
v 0.01370238 0.11771523 -0.00680362
v 0.01237003 -0.11424252 -0.00240054
v 0.02486242 0.10410751 -0.00924076
v 0.01703744 0.10970829 -0.00915905
v 0.01744638 0.11704104 -0.00918666
v 0.05763955 0.08055001 -0.01224001
v 0.07100902 0.09188494 -0.01322471
v 0.01263155 0.11317613 -0.00756793
v 0.09267108 -0.16029723 -0.01248837
v 0.08057971 0.05771367 -0.02053752
v 0.01114785 -0.11095332 0.002087
v 0.27754036 0.1293077 -0.01170369
v 0.05254619 0.091774 -0.01094449
v 0.04808329 0.07559539 -0.01124475
v 0.02777303 0.09586782 -0.00934317
v 0.0122612 -0.1129836 -0.00654082
v 0.01282417 -0.11522385 -0.0060518
v 0.07064031 0.05173051 -0.0220541
v 0.01266286 -0.10823821 -0.0030913
v 0.05673048 -0.14577827 -0.01059647
v 0.06801913 -0.1348678 -0.01074398
v 0.06806192 -0.15397558 -0.01164103
v 0.06434134 -0.00961615 -0.02237125
v 0.05888177 -0.006392 -0.02233646
v 0.32852417 -0.14082974 -0.01045285
v 0.33292943 -0.08311422 -0.01219706
v 0.32589564 -0.08218427 -0.01624827
v 0.31273353 -0.14033239 -0.0099161
v 0.05347413 -0.1627429 -0.01233189
v 0.01805975 0.08588618 -0.00940704
v 0.03081385 0.0832215 -0.00965471
v 0.06878535 0.05858512 -0.01807873
v 0.06967878 0.0561731 -0.01939376
v 0.32018685 -0.07864927 -0.01630111
v 0.31762648 -0.09033003 -0.01646434
v 0.01355739 0.08502533 -0.00619856
v 0.04474721 -0.14909045 -0.01074436
v 0.05113528 -0.14289622 -0.01025141
v 0.05189664 -0.15345165 -0.01110618
v 0.31422085 -0.08468044 -0.01638454
v 0.05881156 0.00785094 -0.02222864
v 0.06544499 0.03968597 -0.02209895
v 0.07175371 0.04095021 -0.02198942
v 0.06422296 0.05306285 -0.01697014
v 0.31409913 -0.10951832 -0.01110701
v 0.3227416 -0.09362011 -0.01252583
v 0.32851845 -0.10093722 -0.01043935
v 0.06370008 0.04325999 -0.01950194
v 0.0629293 0.04712956 -0.01751479
v 0.03811281 0.065788 -0.01060754
v 0.04332837 0.05970765 -0.01154304
v 0.05013369 0.06443901 -0.01221116
v 0.05381146 0.05077479 -0.01394281
v 0.05794561 0.04256289 -0.01586222
v 0.01293471 -0.09397017 -0.00622234
v 0.01071613 -0.09305976 -0.01105644
v 0.01261191 -0.08387696 -0.00661475
v 0.03690933 0.04738201 -0.01119386
v 0.30390698 -0.09292629 -0.01658864
v 0.29061177 -0.10132579 -0.01624581
v 0.13142806 -0.16871107 -0.01962232
v 0.13138083 -0.17104855 -0.01681257
v 0.12503605 -0.16968675 -0.0197542
v 0.01611273 -0.14677013 -0.00993484
v 0.01055018 -0.14620493 -0.01023266
v 0.08201674 -0.15784934 -0.01221887
v 0.07394174 -0.16599168 -0.01317148
v 0.13576329 -0.1654212 -0.01872989
v 0.28987026 -0.10233915 -0.01723424
v 0.29071623 -0.10851195 -0.01720189
v 0.30178151 -0.11926039 -0.01117387
v 0.13710091 -0.16697009 -0.0155703
v 0.0747222 -0.14863001 -0.01143425
v 0.29503977 -0.11196381 -0.01373529
v 0.14345676 -0.15967238 -0.01198543
v 0.32348654 -0.11400647 -0.00985789
v 0.31105185 -0.12345045 -0.0100943
v 0.08259766 -0.11949167 -0.01213116
v 0.07641692 0.05018859 -0.02108329
v 0.27904761 -0.11379915 -0.01749048
v 0.28844637 -0.11659213 -0.01320772
v 0.01660779 0.05004477 -0.00944895
v 0.03240091 0.02921663 -0.01107446
v 0.03129917 -0.16455835 -0.01191452
v 0.03267698 0.03818673 -0.01092631
v 0.04441011 0.04040781 -0.01278712
v 0.11936881 -0.16231394 -0.01994996
v 0.1193381 -0.15600125 -0.01961932
v 0.12443084 -0.15241952 -0.02001491
v 0.13418677 -0.15751651 -0.01980803
v 0.01319301 0.04165613 -0.0063991
v 0.01276706 0.053436 -0.00668294
v 0.0370303 0.01804366 -0.01214218
v 0.03431892 -0.15178865 -0.01036192
v 0.28139991 -0.13004252 -0.01141899
v 0.27992058 -0.12085371 -0.01315124
v 0.26783773 -0.11748074 -0.01766764
v 0.26204807 -0.11211939 -0.01696665
v 0.33138594 0.10105827 -0.00982749
v 0.34089801 0.09275642 -0.00950672
v 0.06471518 0.00151112 -0.02128177
v 0.25153884 -0.11427595 -0.01662191
v 0.25380343 -0.11456756 -0.01805525
v 0.26136386 0.1638663 -0.011417
v 0.25674015 -0.11974323 -0.01790802
v 0.04821923 0.00472851 -0.01507646
v 0.03742462 0.00506439 -0.01238619
v 0.00924146 0.02975154 -0.01339524
v 0.29531896 -0.13916369 -0.01018858
v 0.29556912 -0.13001782 -0.01062068
v 0.30893761 -0.13225205 -0.00987443
v 0.01675244 0.02903077 -0.00962088
v 0.01724919 0.01965 -0.00987613
v 0.01132389 -0.07631131 0.00149623
v 0.01168702 -0.06013817 0.00072229
v 0.02646009 0.01365546 -0.01073074
v 0.03092072 0.01953759 -0.01113429
v 0.24277905 -0.12133273 -0.01810305
v 0.06507195 -0.01118216 -0.02025079
v 0.06572798 -0.0200408 -0.02222413
v 0.05382891 0.00319216 -0.01775343
v 0.0528485 -0.00577751 -0.01766719
v 0.05016401 -0.00516949 -0.01577315
v 0.26732028 0.12943684 -0.01710691
v 0.27182087 0.13135874 -0.01812453
v 0.27743629 -0.13447839 -0.01279526
v 0.27012748 -0.12939794 -0.01445935
v 0.27392918 -0.12886693 -0.01258128
v 0.02924599 -0.08788314 -0.00932907
v 0.04289778 -0.08504259 -0.01026458
v 0.04024355 -0.09081706 -0.00982458
v 0.0060486 -0.07721989 -0.01559563
v 0.03786225 -0.13431314 -0.00937256
v 0.0442953 -0.1423775 -0.00996492
v 0.26237723 -0.13032237 -0.01508453
v 0.25649118 -0.13167387 -0.01287735
v 0.13718912 -0.15603837 -0.01790862
v 0.13836411 -0.14127499 -0.01761671
v 0.1396974 -0.14339067 -0.01532445
v 0.1705185 -0.17088738 -0.01311906
v 0.17808437 -0.16335872 -0.01221314
v 0.29907483 -0.14634231 -0.01025918
v 0.09368809 -0.11099742 -0.01401381
v 0.10105045 -0.11876234 -0.01377309
v 0.09030646 -0.12773183 -0.01221928
v 0.36012775 -0.10310969 -0.0088795
v 0.01699476 0.00087207 -0.00990107
v 0.0259655 0.00255024 -0.0107134
v 0.00942959 -0.11191747 -0.01277935
v 0.0116207 -0.10573731 -0.00928083
v 0.01124594 0.02290014 0.0016052
v 0.27034619 -0.13129365 -0.01755192
v 0.27534574 -0.13468334 -0.01666385
v 0.279396 -0.15633237 -0.01835816
v 0.27684477 -0.14420125 -0.01805662
v 0.27971917 -0.14563195 -0.01423142
v 0.22461069 -0.11506657 -0.01715972
v 0.012443 -0.00917849 -0.00321711
v 0.01233829 0.01355331 -0.00318332
v 0.01261269 -0.10029025 -0.00347909
v 0.20122612 -0.16585983 -0.01228805
v 0.33597517 -0.09509994 -0.01000135
v 0.26294047 -0.12581415 -0.01355103
v 0.24623001 -0.12590176 -0.01472887
v 0.259188 -0.12374573 -0.01495514
v 0.08407969 -0.10468233 -0.01380323
v 0.07858755 -0.11000473 -0.01259402
v 0.26840234 -0.16263124 -0.01851019
v 0.27084646 -0.15182053 -0.01841727
v 0.26334456 -0.15507987 -0.01851663
v 0.26049086 -0.1453312 -0.01846489
v 0.01135331 0.00177398 0.00070989
v 0.01092762 0.01541128 0.0023973
v 0.01720421 -0.09621801 -0.00910106
v 0.01122842 -0.0963605 0.0017863
v 0.03165052 -0.10068406 -0.0091499
v 0.23814183 -0.11512998 -0.01698934
v 0.09069945 -0.14547193 -0.01163359
v 0.10404962 -0.14634557 -0.01200266
v 0.09880662 -0.15183339 -0.01195157
v 0.26405054 -0.15974395 -0.01847456
v 0.01003898 0.00573319 -0.01165847
v 0.01086769 0.01721719 -0.01093715
v 0.01250453 0.01715763 -0.00659901
v 0.13656896 -0.13226344 -0.01367593
v 0.13407096 -0.13493195 -0.01656574
v 0.2589314 -0.14855902 -0.01560292
v 0.26107326 -0.15724513 -0.01604625
v 0.01272134 0.02521468 -0.00283987
v 0.07317677 -0.09871829 -0.01286188
v 0.22917446 -0.13840649 -0.01217119
v 0.24954951 -0.13229606 -0.01274171
v 0.23216291 -0.1452356 -0.01148369
v 0.21256983 -0.16763358 -0.01235684
v 0.06902295 -0.03219211 -0.02069127
v 0.06640012 -0.02240727 -0.01977878
v 0.25581369 -0.15197589 -0.01110512
v 0.24732026 -0.14431795 -0.01137081
v 0.25586993 -0.14794824 -0.01153134
v 0.1612877 -0.17143708 -0.01330385
v 0.01250703 -0.01034227 -0.00636277
v 0.01032796 -0.01625514 -0.01163908
v 0.05111942 -0.04686949 -0.01369097
v 0.05171201 -0.03650003 -0.01457425
v 0.06014112 -0.04612783 -0.01646036
v 0.01665252 -0.00744749 -0.00986999
v 0.02871288 -0.0103095 -0.01096885
v 0.25750911 -0.13545555 -0.01509194
v 0.25370374 -0.1399042 -0.01168291
v 0.25848526 -0.13962761 -0.01790991
v 0.05584902 -0.04738755 -0.01486029
v 0.05596286 -0.10695437 -0.01065491
v 0.01121269 -0.07293668 -0.01029662
v 0.01265083 -0.07525779 -0.00635255
v 0.1934242 -0.12095575 -0.01909111
v 0.18071814 -0.12117875 -0.01927143
v 0.03070402 -0.02103268 -0.01101595
v 0.03414663 -0.0345392 -0.01124575
v 0.23647794 -0.15344343 -0.01123071
v 0.00941628 -0.0129561 0.00427596
v 0.13593532 -0.14368418 -0.01983444
v 0.08532472 -0.06591487 -0.02124749
v 0.06518786 -0.09319218 -0.01236439
v 0.0619447 -0.0787655 -0.01308121
v 0.072477 -0.08839796 -0.01391669
v 0.07101411 -0.03924036 -0.02202786
v 0.07283382 -0.04317014 -0.02049104
v 0.07587516 -0.05093592 -0.02181923
v 0.20417227 -0.14299934 -0.01191349
v 0.2169553 -0.13375357 -0.01302548
v 0.25324777 -0.1437162 -0.01176015
v 0.25525755 -0.14404923 -0.01236591
v 0.25290498 -0.14347425 -0.01168948
v 0.24325314 -0.16336061 -0.01167595
v 0.24266395 -0.15472645 -0.01114468
v 0.25116384 -0.15691723 -0.01108496
v 0.25348192 -0.14385632 -0.01176805
v 0.00923389 -0.06382356 -0.01316461
v 0.01725227 -0.06859317 -0.00934756
v 0.02602776 -0.07796778 -0.00945177
v 0.0161009 -0.07935888 -0.00899138
v 0.07027424 -0.06448925 -0.01714498
v 0.06174199 -0.05737218 -0.01518503
v 0.06650195 -0.05740681 -0.01746869
v 0.11675849 -0.13649333 -0.01273487
v 0.12453727 -0.13111182 -0.0137564
v 0.11670675 -0.13979556 -0.01354198
v 0.12108362 -0.13646635 -0.01662417
v 0.17671745 -0.15444262 -0.01170028
v 0.183889 -0.14353293 -0.01208743
v 0.19384213 -0.15578119 -0.01166537
v 0.07844878 -0.05595051 -0.01983764
v 0.07308586 -0.05627267 -0.02188634
v 0.06884801 -0.04941836 -0.02185605
v 0.19408101 -0.12685764 -0.01501121
v 0.22473051 -0.12551124 -0.01544165
v 0.21398716 -0.12827471 -0.01430196
v 0.03740196 -0.070521 -0.01031611
v 0.09855464 -0.08258925 -0.01900287
v 0.22927573 -0.16496448 -0.0119232
v 0.03952571 -0.05015773 -0.01135163
v 0.02955308 -0.04869188 -0.01032001
v 0.06216084 0.07212178 -0.01367564
v 0.06549437 0.06250707 -0.01549907
v 0.11576983 -0.0961298 -0.01947593
v 0.11412338 -0.10241317 -0.02065425
v 0.11193397 -0.10645752 -0.01750599
v 0.10870717 -0.09912433 -0.02052224
v 0.12556665 -0.12847155 -0.01379196
v 0.126165 -0.13518444 -0.01896762
v 0.04933656 -0.07676934 -0.01136034
v 0.08061095 -0.05981207 -0.02163839
v 0.10219996 -0.12551685 -0.01303828
v 0.10901436 -0.11113272 -0.01564901
v 0.1183021 -0.12087285 -0.0147318
v 0.12938753 -0.12167006 -0.01526039
v 0.01710715 -0.04864716 -0.00955017
v 0.12198254 -0.10685789 -0.02056889
v 0.13271232 -0.11234508 -0.02031558
v 0.12748554 -0.1154373 -0.01689926
v 0.07850792 -0.06609792 -0.02167269
v 0.05895416 -0.01167662 -0.02212643
v 0.16261527 -0.14657737 -0.01195008
v 0.25937134 -0.16028087 -0.01224279
v 0.17167236 -0.12674344 -0.01541369
v 0.12991871 -0.10394354 -0.01950824
v 0.15859443 -0.11370447 -0.01982567
v 0.164837 -0.11413544 -0.01841383
v 0.05974412 -0.07078905 -0.01340366
v 0.08662909 -0.0889321 -0.01655503
v 0.08901949 -0.09905948 -0.01523054
v 0.0643772 -0.05119833 -0.01770774
v 0.14019398 -0.13256724 -0.01351925
v 0.15366653 -0.12401719 -0.01609411
v 0.12053569 -0.09982587 -0.02062504
v 0.13412248 -0.10676319 -0.02043292
v 0.02914841 -0.0630644 -0.00987532
v 0.16655058 -0.12067373 -0.01962497
v 0.09123684 -0.09124418 -0.01730052
v 0.01721432 -0.05703185 -0.00950539
v 0.18666163 -0.13382152 -0.01335702
v 0.2011828 -0.13336703 -0.01327851
v 0.0549704 -0.08776626 -0.01139052
v 0.21941516 -0.15659896 -0.0114217
v 0.20865171 -0.15157364 -0.01149259
v 0.02863766 -0.06949877 -0.00971461
v 0.14764236 -0.13917787 -0.01262937
v 0.16388278 -0.13569601 -0.01330184
v 0.04833858 -0.05952527 -0.01226138
v 0.09699421 -0.08086483 -0.02115319
v 0.09243348 -0.07538755 -0.02023855
v 0.07889406 -0.07232351 -0.01953361
v 0.07544482 -0.06943165 -0.01843399
v 0.01286954 -0.01828783 -0.00611389
v 0.10822444 -0.09057209 -0.01999216
v 0.11283621 -0.09462408 -0.02081349
v 0.35979891 -0.08942866 -0.00852151
v 0.0993759 -0.09894414 -0.01694016
v 0.10266936 -0.09345977 -0.02105238
v 0.1536718 -0.14953879 -0.0118712
v 0.04451732 -0.10038795 -0.00984895
v 0.05755455 -0.10096551 -0.01100059
v 0.04615464 -0.11295349 -0.00981253
v 0.04083352 0.0881381 -0.01006961
v 0.06997019 -0.05561847 -0.02061745
v 0.06687075 -0.05605331 -0.01833082
v 0.06713349 -0.05678859 -0.01834633
v 0.07505731 -0.07607379 -0.0161388
v 0.08083504 -0.08052861 -0.01697931
v 0.13269331 -0.1361268 -0.01984699
v 0.0117652 -0.01901474 0.00051324
v 0.1229665 -0.10063735 -0.01872548
v 0.11135507 -0.1318481 -0.01289684
v 0.0166277 -0.01951409 -0.00964882
v 0.12131982 -0.14317942 -0.0199501
v 0.1512343 -0.11818483 -0.01997066
v 0.1400961 -0.12001175 -0.01669917
v 0.10478368 -0.08827387 -0.02098276
v 0.25859553 -0.15285854 -0.01365159
v 0.16539288 -0.16115108 -0.01202124
v 0.09622695 -0.0930735 -0.01860633
v 0.09449662 -0.09145845 -0.01888003
v 0.09702916 -0.08877318 -0.02110314
v 0.09393897 -0.0913891 -0.01850389
v 0.04264772 -0.02294339 -0.01313375
v 0.0182151 -0.0869331 -0.00921564
v 0.01616828 -0.08562287 -0.0087137
v 0.37317771 -0.09844498 -0.00945479
v 0.23461115 -0.12928434 -0.01374738
v 0.01657274 -0.01352758 -0.00970988
v 0.32398424 -0.07396977 -0.01601326
v 0.04158612 -0.03359174 -0.01249954
v 0.20426892 -0.12119906 -0.01882297
v 0.04050877 -0.06044104 -0.01107092
v 0.05705097 -0.03255526 -0.01712429
v 0.04923673 -0.02248257 -0.01491173
v 0.08388875 -0.13655317 -0.01155558
v 0.04231584 -0.00695677 -0.01345477
v 0.05395023 -0.02106786 -0.01678291
v 0.28222272 -0.15754397 -0.01524684
v 0.28050405 -0.1421642 -0.01088477
v 0.25956529 -0.13419186 -0.01754369
v 0.28476757 -0.15306884 -0.01069206
v 0.28502819 -0.14141814 -0.01040572
v 0.01273717 -0.06062236 -0.00642434
v 0.06809787 -0.0302429 -0.02218888
v 0.06249952 -0.03070137 -0.02223872
v 0.26469517 -0.13163602 -0.01842154
v 0.06038871 -0.02072529 -0.02221536
v 0.0161019 -0.12475061 -0.00890646
v 0.0181572 -0.11688544 -0.00894176
v 0.03090067 -0.13935959 -0.00942236
v 0.14242174 -0.15089852 -0.01193097
v 0.14001176 -0.15406582 -0.01307216
v 0.1563544 -0.15791209 -0.01189269
v 0.05278162 0.01379132 -0.01686409
v 0.05126039 0.00716374 -0.01626437
v 0.04790542 -0.14969443 -0.01046532
v 0.0741865 -0.11634057 -0.01175725
v 0.03884196 -0.09554423 -0.00963763
v 0.02188156 -0.13818376 -0.00934733
v 0.02355568 -0.14444782 -0.0097089
v 0.27362388 -0.13572171 -0.01821007
v 0.08000103 -0.14245449 -0.01139437
v 0.03970635 -0.15683074 -0.01110351
v 0.01762311 0.09987886 -0.00925466
v 0.22294486 -0.12131871 -0.0184301
v 0.24160461 -0.1157739 -0.01819056
v 0.01302365 -0.06972048 -0.00613612
v 0.11463873 -0.15819502 -0.01294177
v 0.04041432 0.08159659 -0.01021662
v 0.34232932 -0.0858918 -0.01006308
v 0.01257769 -0.08544808 -0.00301725
v 0.22370787 -0.11598197 -0.01851571
v 0.04360584 0.14332379 -0.010113
v 0.2846213 -0.15881899 -0.01118924
v 0.05277716 -0.01075596 -0.01683567
v 0.13463381 0.10608445 -0.02033116
v 0.13875026 0.11346713 -0.02006671
v 0.38810101 -0.028093 -0.00779296
v 0.40111005 -0.01423601 -0.00827634
v 0.34930569 -0.09470064 -0.00892405
v 0.05910707 0.11111418 -0.01063117
v 0.37331098 0.00015852 -0.00898743
v 0.39690885 0.00933756 -0.00785631
v 0.38340688 -0.01474893 -0.0079502
v 0.39294198 -0.012655 -0.00779165
v 0.176213 0.11431941 -0.01946892
v 0.19069424 0.11398976 -0.01836434
v 0.19110572 0.11392464 -0.01808789
v 0.12021845 0.15994897 -0.01956906
v 0.2096239 0.11384718 -0.01790476
v 0.3157905 0.11902549 -0.00983012
v 0.320503 0.10347787 -0.01086485
v 0.33812061 -0.05326499 -0.01491357
v 0.06494924 -0.03990752 -0.02199067
v 0.33909282 0.05185678 -0.01591751
v 0.26387706 0.11065491 -0.01614467
v 0.24408349 0.12517549 -0.01454327
v 0.25653571 0.11851209 -0.01810956
v 0.24282937 0.12000524 -0.01832323
v 0.27477297 0.11394767 -0.01771362
v 0.25962582 0.11185895 -0.01814058
v 0.27266267 0.1293838 -0.01491115
v 0.31288674 0.09993339 -0.01287505
v 0.34248897 0.10542086 -0.00884664
v 0.29878396 0.1465456 -0.01010583
v 0.31291983 0.14193104 -0.00994955
v 0.28207698 0.15961403 -0.01474032
v 0.3433924 0.11587711 -0.00895771
v 0.26058719 0.14031093 -0.01832039
v 0.34070241 -0.04733864 -0.01509964
v 0.34089333 -0.04673542 -0.01500776
v 0.10813137 -0.13906883 -0.0123136
v 0.27113581 0.10949846 -0.01787309
v 0.35009742 0.05472126 -0.01188475
v 0.2112769 0.1139171 -0.0183668
v 0.11796181 0.13667536 -0.01317551
v 0.35037786 0.01636226 -0.01554298
v 0.14916706 0.13066733 -0.01369387
v 0.01256403 -0.07045967 -0.00313128
v 0.35004374 -0.01916646 -0.01559934
v 0.35802189 0.09916461 -0.00851889
v 0.25246084 0.113117 -0.01824283
v 0.24371412 0.11379892 -0.01799034
v 0.28241903 0.10461842 -0.01762467
v 0.26251668 0.13254777 -0.01833389
v 0.30889079 -0.08898252 -0.01630999
v 0.01255883 -0.07729175 -0.00271349
v 0.12057032 -0.13985068 -0.01900744
v 0.05705955 0.02239831 -0.01851252
v 0.01588016 0.05789404 -0.00861489
v 0.0130038 0.02658607 -0.00626142
v 0.06742115 -0.06726399 -0.01550892
v 0.01251126 -0.01949278 -0.00293646
v 0.09232289 -0.08409023 -0.02126643
v 0.08623455 -0.07689101 -0.0214386
v 0.01702586 0.01225165 -0.00984875
v 0.07414813 -0.06422187 -0.01994016
v 0.08970938 -0.0729001 -0.02141089
v 0.34049249 -0.04800911 -0.01531693
v 0.01665271 -0.03042338 -0.00929416
v 0.08732039 -0.08308328 -0.01913057
v 0.16007729 -0.13061827 -0.01426983
v 0.01591145 0.07748728 -0.00855023
v 0.01308735 0.10900729 -0.00628697
v 0.2583836 0.15822522 -0.01130326
v 0.04784081 -0.15028046 -0.0105122
v 0.04779693 -0.15105014 -0.01063531
v 0.04436909 -0.15380611 -0.01102975
v 0.11539569 0.16370556 -0.0130312
v 0.06633414 -0.05496081 -0.01825956
v 0.25373757 0.11226319 -0.01699525
v 0.09531666 -0.09140521 -0.01935871
v 0.25382572 0.13629092 -0.0131221
v 0.12349039 0.13711423 -0.01910383
v 0.21054095 0.11387084 -0.01818191
v 0.01406704 0.01214371 -0.00661282
v 0.01491338 -0.05626177 -0.00008772
v 0.01424353 -0.08230788 -0.00019422
v 0.01555662 -0.03623219 -0.00011969
v 0.34532508 0.03306525 -0.01375853
v 0.17926638 0.17891428 -0.01403912
v 0.18956245 0.17357229 -0.01298679
v 0.17106758 0.17959754 -0.01413
v 0.0063849 0.12340104 -0.01563462
v 0.01055132 0.12332503 -0.01241953
v 0.00759198 0.11262396 -0.01489034
v 0.38874286 0.06389594 -0.00843093
v 0.12128277 -0.17492455 -0.01459197
v 0.12422884 -0.18059748 -0.01562022
v 0.32044652 0.15534988 -0.01197612
v 0.31373683 0.15835512 -0.01206265
v 0.30742288 0.16219068 -0.012337
v 0.32909262 0.14987585 -0.0117472
v 0.29902685 0.16595143 -0.01244248
v 0.29601365 0.15946673 -0.01133161
v 0.1648306 0.17983492 -0.01409277
v 0.39130133 0.04464103 -0.00795233
v 0.34707895 0.13541725 -0.01112819
v 0.35012424 0.13383995 -0.01035106
v 0.35675275 0.12750311 -0.01085545
v 0.3652226 0.11864476 -0.01002571
v 0.36129844 0.12156598 -0.01061821
v 0.28006557 0.16696362 -0.01200384
v 0.26873079 0.16847867 -0.01207621
v 0.27780485 0.17321762 -0.01290411
v 0.26835328 0.17547937 -0.01296619
v 0.36825973 0.11379408 -0.01055594
v 0.27637979 0.16564381 -0.01458404
v 0.27524805 0.16410837 -0.01778847
v 0.37339813 0.10854135 -0.01044473
v 0.25818604 0.17740698 -0.01316554
v 0.28685987 0.162829 -0.01143218
v 0.0073885 0.13314216 -0.01493423
v 0.00712554 0.1439022 -0.01231105
v 0.26482099 0.16436064 -0.01417213
v 0.26885119 0.16497529 -0.01617215
v 0.17639296 0.17237934 -0.01285721
v 0.38525838 0.0887991 -0.00996599
v 0.37850165 0.1012984 -0.01015872
v 0.38501334 0.09139178 -0.00944705
v 0.22319296 0.1795958 -0.01355788
v 0.23000607 0.17959969 -0.01346404
v 0.02266254 -0.18026748 -0.01492637
v 0.01781719 -0.17966643 -0.01458275
v 0.02635537 -0.17241687 -0.01330295
v 0.39056671 0.0810516 -0.00990839
v 0.38179147 -0.07268808 -0.00851087
v 0.13087915 0.17913482 -0.01489611
v 0.14517438 0.17920665 -0.01453919
v 0.39442801 0.07293455 -0.00959879
v 0.24452323 0.1790368 -0.01327706
v 0.19577262 0.17980538 -0.01376463
v 0.39908892 0.06138548 -0.00960371
v 0.05828286 -0.18050784 -0.01626056
v 0.05018695 -0.18046752 -0.01611959
v 0.05218959 -0.17445371 -0.01462056
v 0.00224014 0.15755208 -0.01193708
v 0.00186087 0.16383353 -0.01207973
v 0.01089965 0.16302498 -0.01197106
v 0.19127363 0.17951587 -0.01397516
v 0.39248139 -0.05134014 -0.00846665
v 0.39262056 -0.06002431 -0.0088419
v 0.20096707 0.17457472 -0.01302855
v 0.11839826 0.17029525 -0.01369027
v 0.11361954 0.17026742 -0.01340756
v 0.12376441 0.17420742 -0.01427899
v 0.40243742 0.051089 -0.00952187
v 0.11189326 0.17945585 -0.0153402
v 0.12139466 0.17958875 -0.01509833
v 0.01027541 0.07009499 -0.01210448
v 0.16361162 0.17677017 -0.01385132
v 0.0982466 0.17867659 -0.01581322
v 0.40534613 0.04012796 -0.00944482
v 0.09083863 0.17907125 -0.01594744
v 0.40726537 0.03126796 -0.0093881
v 0.4006255 0.03072192 -0.00847781
v 0.40851775 0.02307199 -0.00939758
v 0.13202941 0.17429832 -0.01395604
v 0.13802353 0.17063494 -0.01296701
v 0.40922716 0.0146678 -0.00944379
v 0.04400792 -0.18049167 -0.01583895
v 0.12411015 0.1706665 -0.01624222
v 0.01146334 0.07405794 0.00131744
v 0.01285671 0.06314524 -0.00262389
v 0.01278744 0.06996569 -0.00229754
v 0.00308088 -0.16413842 -0.01186823
v 0.01162848 -0.16842707 -0.01220409
v 0.00216292 -0.17520507 -0.01287401
v 0.13622761 -0.18063305 -0.01530597
v 0.40995693 0.00086561 -0.00954284
v 0.40988269 0.00759182 -0.00902411
v 0.40539122 0.0053944 -0.0087845
v 0.06450859 0.17322102 -0.01472149
v 0.0656331 0.17846832 -0.01603521
v 0.00731167 0.06312251 -0.0149722
v 0.40961054 -0.01096487 -0.0095101
v 0.14176446 -0.18065026 -0.01534557
v 0.03966086 0.17183815 -0.01382735
v 0.03562211 0.17916052 -0.01548078
v 0.0451657 0.17888787 -0.01575746
v 0.07864317 0.17825139 -0.01597526
v 0.4084844 -0.02028829 -0.00954762
v 0.10190243 0.17354946 -0.01438961
v 0.02315374 0.1784285 -0.0147727
v 0.03012165 0.17941099 -0.01464468
v 0.03043432 0.16771761 -0.01273257
v 0.02396658 0.1746465 -0.01401037
v 0.05460267 0.17066121 -0.01396802
v 0.12095536 0.16729146 -0.0185126
v 0.00544961 -0.14816739 -0.01170502
v 0.40745348 -0.03196868 -0.00877842
v 0.01200834 0.1796255 -0.01274154
v 0.02055981 0.18008953 -0.01325773
v 0.14850874 0.17095101 -0.01289622
v 0.1576696 0.16932523 -0.01263731
v 0.40574786 -0.0362569 -0.00957517
v 0.00008 0.06895416 -0.01738423
v 0.00598316 0.07540138 -0.01581785
v 0.00450459 0.06350316 -0.01651344
v 0.01285407 0.06912879 -0.00679885
v 0.01327841 0.07482641 -0.0064421
v 0.40261427 -0.05176031 -0.0098242
v -0.00764229 -0.15158124 -0.01207571
v -0.00195764 -0.15825829 -0.011704
v -0.00755731 -0.16362265 -0.0117162
v 0.01532335 0.16913661 -0.01271366
v 0.01094182 0.17775461 -0.01392475
v 0.00443821 0.08821978 -0.0165291
v 0.00292524 0.17161158 -0.01265724
v 0.16975597 0.17091066 -0.01276901
v 0.01395098 0.15435697 -0.01089731
v -0.00689723 -0.14430551 -0.0130783
v -0.00293246 -0.14151087 -0.0146311
v 0.1978637 0.16789095 -0.01219446
v 0.20670183 0.1716758 -0.01252302
v 0.21495858 0.17154528 -0.01243673
v 0.06817722 -0.18068175 -0.01636617
v 0.00906034 0.14883192 -0.0108943
v 0.39710695 -0.06562455 -0.00999573
v 0.3904433 -0.08265074 -0.01023154
v 0.21174408 0.17929706 -0.01377824
v 0.3868596 -0.08928201 -0.01025604
v 0.07885389 -0.18056916 -0.01641383
v 0.08679523 -0.18063277 -0.01632733
v 0.37313002 0.09654567 -0.00911169
v 0.00204802 0.14291677 -0.01413454
v 0.00195775 0.13377921 -0.01675218
v -0.00509107 -0.09536292 -0.0162641
v -0.0047313 -0.08333981 -0.01662685
v 0.22239411 0.17287411 -0.01255441
v 0.00743692 0.12647788 -0.01544262
v 0.00195106 0.12783165 -0.01726251
v 0.23819485 0.17952645 -0.01343223
v 0.11166459 -0.17287123 -0.01418005
v 0.00165266 0.12516946 -0.01584908
v 0.00788432 0.12516937 -0.01382361
v 0.38304824 -0.09585288 -0.01039505
v 0.01122034 0.11427937 -0.01179607
v 0.01229294 0.12735857 -0.01063279
v 0.35011902 0.12151469 -0.00954489
v 0.08135567 -0.17184722 -0.0143677
v 0.0906079 -0.16983947 -0.01388871
v -0.00059519 -0.15158595 -0.01237633
v 0.00214202 0.11170354 -0.01714356
v 0.00145921 0.1128805 -0.01635877
v 0.01097892 -0.11313584 0.0002983
v 0.01067074 -0.11334065 0.00073678
v 0.30743486 0.15519223 -0.01118793
v 0.06048397 -0.17153952 -0.01411525
v 0.01331233 0.12374822 -0.00733749
v 0.10173342 -0.18062671 -0.01607554
v 0.00849353 -0.11384176 -0.01254076
v 0.01117487 -0.11558381 -0.01033178
v 0.01272741 0.11204922 -0.00176676
v 0.01141348 0.11366489 0.0014328
v 0.01131292 0.09722302 0.00173463
v 0.0128502 0.10262249 -0.00181488
v 0.00974692 0.09705912 -0.01301751
v 0.01293477 0.10160664 -0.00641923
v 0.0129163 0.09432028 -0.0067065
v 0.01018763 0.11291409 -0.01229188
v 0.01337398 0.11591235 -0.0017808
v 0.36968189 -0.11445388 -0.01077339
v 0.02769904 -0.18039584 -0.01506945
v 0.00070588 0.08957935 -0.01724861
v 0.00350972 0.04825345 -0.01677401
v 0.0088812 0.04392309 -0.01368466
v -0.0014989 -0.1117539 -0.01728304
v 0.31353503 -0.15152736 -0.01097967
v 0.09524317 -0.18071041 -0.01621986
v 0.00973579 0.08631575 -0.01303386
v 0.36407721 -0.12076062 -0.01089545
v 0.3618865 -0.1140637 -0.00985278
v 0.00136732 0.10265188 -0.01726401
v 0.00598761 0.10309722 -0.01590314
v -0.00521897 -0.12373756 -0.01696441
v -0.00528784 -0.11581609 -0.01706239
v 0.00011748 -0.12534311 -0.01634294
v 0.1476479 -0.18047516 -0.015241
v 0.14909039 -0.1697188 -0.01307394
v 0.15525091 -0.18069454 -0.01516501
v 0.35938916 -0.12591913 -0.01104264
v 0.07238351 -0.18057688 -0.01637764
v 0.01291575 0.08601682 -0.00242974
v 0.01269363 0.07939581 -0.00193841
v 0.35283637 -0.13223805 -0.01124977
v 0.00104302 0.06318524 -0.01678736
v 0.01443979 -0.1801738 -0.01424331
v 0.13926457 -0.16968548 -0.01336643
v 0.34709179 -0.1376874 -0.01107682
v 0.00118212 -0.11346489 -0.01624679
v 0.00778266 -0.11560328 -0.01432673
v 0.007792 -0.09010222 -0.01444523
v 0.00982002 -0.08154471 -0.01236247
v 0.03376283 -0.18036273 -0.01541774
v 0.00542878 0.03535714 -0.01601382
v 0.00030866 -0.13778198 -0.01551773
v 0.33034867 -0.15036836 -0.01198149
v 0.33971027 -0.14366598 -0.01134712
v -0.00610655 -0.13461377 -0.01540837
v -0.00599067 -0.12772587 -0.01601547
v 0.01291082 0.03579525 -0.00691684
v 0.10673203 -0.1805107 -0.01601947
v -0.00139174 0.02352976 -0.01729284
v 0.00040246 -0.07260545 -0.01726107
v 0.00423891 -0.06219086 -0.01644164
v 0.18706992 -0.17435281 -0.01360019
v 0.30507201 -0.15036438 -0.0106101
v 0.11614827 -0.18068165 -0.01561705
v -0.00542782 -0.1109383 -0.01633031
v 0.30616754 -0.16405198 -0.01239133
v 0.13139996 -0.18084329 -0.01513488
v 0.0121813 0.00759976 -0.00381641
v 0.20514095 -0.18084981 -0.01445547
v 0.0052291 0.00603457 -0.01610432
v 0.00123978 0.00629096 -0.01723871
v 0.16214077 -0.18082185 -0.01492424
v 0.17040211 -0.18079203 -0.01494336
v 0.00991205 -0.00364559 -0.01192813
v 0.0127963 0.03668861 -0.002728
v 0.01281188 0.04438756 -0.00262145
v 0.29109466 -0.17033315 -0.01217316
v 0.28207856 -0.17322032 -0.01279707
v 0.00706742 -0.02445147 -0.01497889
v 0.00333217 -0.01707825 -0.01676076
v 0.0051885 -0.00786856 -0.01612584
v 0.2753523 -0.17508161 -0.01302988
v 0.00829429 0.00174486 -0.01368059
v 0.01278943 -0.02609692 -0.00652441
v 0.01088044 -0.02578046 -0.01085417
v 0.00321685 -0.03288261 -0.01688618
v 0.2266243 -0.17316201 -0.01294716
v 0.19786496 -0.18093653 -0.01450811
v 0.26678458 -0.17719242 -0.0133725
v 0.21088758 -0.18023966 -0.01438008
v 0.21629918 -0.18095155 -0.01429483
v 0.22406135 -0.18094108 -0.01417548
v 0.01273768 -0.03479303 -0.00639989
v -0.00076508 -0.05464279 -0.01727242
v -0.00222724 -0.00560065 -0.01713089
v -0.00037694 -0.02218241 -0.01727824
v -0.00279707 -0.01927642 -0.01699094
v -0.00324957 -0.03247282 -0.0169057
v -0.00043417 -0.04194513 -0.01723106
v -0.00382365 -0.05371042 -0.01676006
v 0.25414741 -0.17939417 -0.01320309
v 0.24425313 -0.18029761 -0.01384687
v 0.264144 -0.1682326 -0.01252851
v 0.25868756 -0.16409537 -0.01175135
v 0.24532782 -0.1694328 -0.01226953
v 0.25677317 -0.17229176 -0.01259328
v 0.258836 -0.17776118 -0.013587
v 0.00097141 -0.00571268 -0.0172188
v -0.00330009 -0.06714933 -0.01677272
v 0.12474428 -0.17188507 -0.01690073
v 0.27148625 -0.17065914 -0.01284221
v 0.2803987 -0.16726924 -0.01247905
v 0.23620012 -0.18014921 -0.01389028
v 0.27068293 -0.16526641 -0.01849467
v 0.27767548 -0.16396385 -0.01719015
v 0.29221377 -0.16443941 -0.01204847
v 0.28810644 -0.17017522 -0.01295011
v 0.01116166 0.00344201 -0.00498756
v 0.14520195 -0.18008728 -0.00586238
v 0.01275309 0.01034806 -0.00617277
v -0.00172658 0.00732776 -0.01716516
v 0.14286824 -0.17972335 -0.00579849
v 0.1361111 -0.18034235 -0.00619815
v 0.30209482 -0.15824677 -0.01159289
v 0.32265395 -0.15453377 -0.0120793
v 0.31433421 -0.15954801 -0.01229084
v 0.01033793 -0.11357725 0.0011016
v 0.01021797 -0.11326984 0.00148344
v 0.01014773 -0.11297058 0.00189839
v -0.00094998 0.03928835 -0.01725115
v 0.33940178 -0.14200038 -0.01143354
v 0.35142753 -0.12670393 -0.01038113
v 0.17950802 -0.18070635 -0.01490843
v 0.18629284 -0.18080927 -0.01460477
v 0.37306225 -0.08688526 -0.00869139
v 0.01633892 0.09316764 -0.00879774
v -0.00395344 -0.07400983 -0.01674474
v 0.01292499 0.08021533 -0.00658629
v 0.02191204 0.17021506 -0.01314663
v 0.15890583 0.17991856 -0.01340714
v 0.00193258 0.15465963 -0.01192296
v 0.33494979 0.14590961 -0.01159514
v 0.34237123 0.14037001 -0.01061237
v 0.33897305 0.14146918 -0.01123898
v 0.29244974 0.16842845 -0.01254818
v 0.36248881 0.1082624 -0.00919271
v 0.32084444 0.1453474 -0.01049097
v 0.33260554 0.13922988 -0.01041003
v 0.25084621 0.17773145 -0.01325887
v 0.15486373 0.17890817 -0.01439388
v 0.00556579 -0.17778197 -0.01333951
v -0.00166426 -0.17349333 -0.01238182
v -0.00660181 -0.16881405 -0.0117814
v 0.01127969 -0.00263178 -0.00482579
v 0.01255771 -0.06043925 -0.00402354
v 0.27142569 -0.16706266 -0.01583745
v 0.0020353 0.1201689 -0.01687566
v 0.37656569 -0.10400774 -0.01058978
v 0.01271881 -0.00493502 -0.0057738
v 0.01283583 0.09439853 -0.00203185
v -0.00039511 0.05607468 -0.01733936
v 0.05262925 0.17937165 -0.01589801
v 0.2320877 -0.18102507 -0.01382246
v 0.00424689 0.17790353 -0.01192525
v 0.00276152 0.17528974 -0.01299156
v 0.29948261 -0.16617492 -0.01277167
v 0.01221422 -0.00477025 -0.00361596
v 0.01369908 0.09917076 -0.00669957
v 0.04160357 0.18030363 -0.01406858
v 0.0647619 0.18041103 -0.01493771
v 0.01431983 0.08067559 -0.00147141
v 0.01523318 0.02994797 -0.0008456
v 0.18182887 0.1793777 -0.00531771
v 0.18336248 0.17986599 -0.01332168
v 0.17786616 0.18000998 -0.01243149
v 0.17926638 0.17891428 -0.01403912
v 0.167924 0.1797667 -0.00885569
v 0.17106758 0.17959754 -0.01413
v 0.12422884 -0.18059748 -0.01562022
v 0.32044652 0.15534988 -0.01197612
v 0.30742288 0.16219068 -0.012337
v 0.32264706 0.1537793 -0.00423416
v 0.32909262 0.14987585 -0.0117472
v 0.30888504 0.1612789 -0.0050413
v 0.29902685 0.16595143 -0.01244248
v 0.29240376 0.16827655 -0.00482266
v 0.1648306 0.17983492 -0.01409277
v 0.16212319 0.17992267 -0.00687722
v 0.27780485 0.17321762 -0.01290411
v 0.26835328 0.17547937 -0.01296619
v 0.25818604 0.17740698 -0.01316554
v 0.26730901 0.17546667 -0.00488448
v 0.22319296 0.1795958 -0.01355788
v 0.23088561 0.17951119 -0.00570806
v 0.23000607 0.17959969 -0.01346404
v 0.24212536 0.1790648 -0.00533918
v 0.02266254 -0.18026748 -0.01492637
v 0.22243619 0.1782276 -0.00378858
v 0.13087915 0.17913482 -0.01489611
v 0.13854878 0.18021642 -0.01365122
v 0.14517438 0.17920665 -0.01453919
v 0.25421494 0.17781766 -0.0053682
v 0.24452323 0.1790368 -0.01327706
v 0.19577262 0.17980538 -0.01376463
v 0.19707453 0.17957129 -0.00594677
v 0.2036908 0.17978089 -0.01331303
v 0.05828286 -0.18050784 -0.01626056
v 0.05018695 -0.18046752 -0.01611959
v 0.19009735 0.1794752 -0.00555382
v 0.19127363 0.17951587 -0.01397516
v 0.18777591 0.17976755 -0.00861807
v 0.13540444 0.1797981 -0.00677615
v 0.11189326 0.17945585 -0.0153402
v 0.12139466 0.17958875 -0.01509833
v 0.16361162 0.17677017 -0.01385132
v 0.0982466 0.17867659 -0.01581322
v 0.0997465 0.1803152 -0.01477478
v 0.1096765 0.18051168 -0.01448245
v 0.10472579 0.17987818 -0.01143228
v 0.09083863 0.17907125 -0.01594744
v 0.15252019 0.17994195 -0.00641271
v 0.14433563 0.17980956 -0.00707736
v 0.04870509 0.1790223 -0.00446995
v 0.13950206 0.18019021 -0.00649948
v 0.30184633 0.16277929 -0.00275604
v 0.12072001 0.18017407 -0.01217381
v 0.12518306 0.17997707 -0.00702498
v 0.12652832 0.18017928 -0.01414877
v 0.04400792 -0.18049167 -0.01583895
v 0.00216292 -0.17520507 -0.01287401
v 0.13622761 -0.18063305 -0.01530597
v 0.0805147 0.17913528 -0.00603975
v 0.11251985 0.17980678 -0.01153154
v 0.09369709 0.17929336 -0.00636541
v 0.14176446 -0.18065026 -0.01534557
v 0.03562211 0.17916052 -0.01548078
v 0.00205311 -0.17644563 0.0008629
v 0.00659357 -0.17962672 -0.00339899
v 0.01471123 -0.17986459 -0.00367236
v 0.00920774 -0.17808205 -0.00023319
v 0.11537611 0.18061741 -0.01409927
v 0.33743817 0.1438372 -0.00449398
v 0.02055981 0.18008953 -0.01325773
v 0.00596245 -0.17979699 -0.01152012
v 0.00707618 -0.17972142 -0.00825365
v 0.1310108 0.17986663 -0.01162926
v 0.03591055 -0.18032046 -0.00973809
v 0.04221168 -0.18009645 -0.00515251
v 0.02966349 -0.17996031 -0.00433422
v 0.14861549 0.18013947 -0.00693073
v 0.15370817 0.18005431 -0.01053942
v 0.14886601 0.18025599 -0.01317522
v -0.00755731 -0.16362265 -0.0117162
v 0.0085246 0.17783853 -0.00050562
v 0.05845741 -0.18005104 -0.00565985
v 0.06283452 -0.18058825 -0.01536836
v 0.06817722 -0.18068175 -0.01636617
v 0.06758402 -0.17988929 -0.00572336
v 0.21174408 0.17929706 -0.01377824
v 0.07885389 -0.18056916 -0.01641383
v 0.08679523 -0.18063277 -0.01632733
v 0.08390462 -0.18025218 -0.00648286
v 0.05235339 -0.17997053 -0.00511153
v 0.23819485 0.17952645 -0.01343223
v 0.27753928 0.1730527 -0.00535835
v 0.2837792 0.17157342 -0.01225647
v 0.10173342 -0.18062671 -0.01607554
v 0.02769904 -0.18039584 -0.01506945
v 0.09524317 -0.18071041 -0.01621986
v 0.07542568 -0.18007092 -0.00596773
v 0.1476479 -0.18047516 -0.015241
v 0.15525091 -0.18069454 -0.01516501
v 0.07238351 -0.18057688 -0.01637764
v 0.02119682 -0.17970401 -0.00282215
v 0.01443979 -0.1801738 -0.01424331
v 0.04164748 -0.18053259 -0.01495662
v 0.03376283 -0.18036273 -0.01541774
v 0.10345306 -0.18029131 -0.00678268
v 0.31898773 -0.15757516 -0.01137102
v 0.32034025 -0.15619126 -0.00408421
v 0.11658445 -0.18028477 -0.00669551
v 0.12137032 -0.17981897 -0.00591804
v 0.10673203 -0.1805107 -0.01601947
v 0.11614827 -0.18068165 -0.01561705
v 0.30544475 -0.16427827 -0.00622611
v 0.30616754 -0.16405198 -0.01239133
v 0.13139996 -0.18084329 -0.01513488
v 0.31426576 -0.15847492 -0.00293182
v 0.31785959 -0.15347791 -0.00219218
v 0.1504242 -0.18068585 -0.00920349
v 0.29405868 -0.16857472 -0.00423525
v 0.20514095 -0.18084981 -0.01445547
v 0.16214077 -0.18082185 -0.01492424
v 0.17040211 -0.18079203 -0.01494336
v 0.29109466 -0.17033315 -0.01217316
v 0.28121328 -0.17334099 -0.00617296
v 0.28207856 -0.17322032 -0.01279707
v 0.2753523 -0.17508161 -0.01302988
v 0.27580944 -0.17389454 -0.00393963
v 0.27165359 -0.17586863 -0.00628171
v 0.19786496 -0.18093653 -0.01450811
v 0.2602005 -0.17820591 -0.00626094
v 0.26678458 -0.17719242 -0.0133725
v 0.21629918 -0.18095155 -0.01429483
v 0.21064624 -0.18072157 -0.00682891
v 0.22757009 -0.18075091 -0.00673071
v 0.22406135 -0.18094108 -0.01417548
v 0.25169536 -0.17923528 -0.00511127
v 0.25414741 -0.17939417 -0.01320309
v 0.24425313 -0.18029761 -0.01384687
v 0.00488411 -0.17914593 -0.00570098
v 0.2376076 -0.18059833 -0.0067289
v 0.258836 -0.17776118 -0.013587
v 0.19653976 -0.18032449 -0.00565489
v 0.18749079 -0.18050373 -0.00582349
v 0.17821519 -0.18045881 -0.00586042
v 0.16931692 -0.18048321 -0.00593222
v 0.28810644 -0.17017522 -0.01295011
v 0.15786202 -0.1804155 -0.00615289
v 0.16461433 -0.18033987 -0.00575699
v 0.14520195 -0.18008728 -0.00586238
v 0.13977034 -0.18055874 -0.00823411
v 0.1361111 -0.18034235 -0.00619815
v 0.31433421 -0.15954801 -0.01229084
v 0.12148257 -0.18076453 -0.01039267
v 0.12689307 -0.18016638 -0.00627765
v 0.10991976 -0.18027744 -0.00650017
v 0.09884055 -0.18025008 -0.00647466
v 0.09243539 -0.18015234 -0.00632701
v 0.17950802 -0.18070635 -0.01490843
v 0.18629284 -0.18080927 -0.01460477
v -0.00112911 -0.17480619 0.00101238
v 0.0369976 0.17920209 -0.00405148
v 0.06557526 0.1793471 -0.00560872
v 0.10350096 0.17950296 -0.00659103
v 0.15890583 0.17991856 -0.01340714
v 0.20847949 0.1793976 -0.00513964
v 0.29244974 0.16842845 -0.01254818
v 0.21851009 0.17957978 -0.00607957
v 0.2107347 0.17979154 -0.01233047
v 0.15486373 0.17890817 -0.01439388
v 0.02238685 0.17882138 -0.00259197
v 0.00556579 -0.17778197 -0.01333951
v -0.00166426 -0.17349333 -0.01238182
v -0.00660181 -0.16881405 -0.0117814
v 0.09644952 0.18003866 -0.01115864
v 0.22264594 0.17954704 -0.00580829
v 0.1728977 0.17972535 -0.00634921
v 0.11360669 0.17985351 -0.00663473
v 0.2320877 -0.18102507 -0.01382246
v 0.04160357 0.18030363 -0.01406858
v 0.0647619 0.18041103 -0.01493771
v 0.08112666 0.18032978 -0.01387795
v 0.0872521 0.18036108 -0.01517192
v 0.08702381 0.1800897 -0.01258584
v -0.00627254 -0.16964263 -0.00405538
v 0.09415333 0.17978063 -0.0124709
v 0.32909262 0.14987585 -0.0117472
v 0.34707895 0.13541725 -0.01112819
v 0.35012424 0.13383995 -0.01035106
v 0.35675275 0.12750311 -0.01085545
v 0.3652226 0.11864476 -0.01002571
v 0.3618387 0.12180464 -0.00337537
v 0.37339813 0.10854135 -0.01044473
v 0.35124743 0.13233893 -0.00362594
v 0.37850165 0.1012984 -0.01015872
v 0.38501334 0.09139178 -0.00944705
v 0.38529396 0.09019415 -0.00311421
v 0.37860599 0.10070657 -0.00284071
v 0.39056671 0.0810516 -0.00990839
v 0.39377439 0.0739556 -0.00284967
v 0.39442801 0.07293455 -0.00959879
v 0.39908892 0.06138548 -0.00960371
v 0.40042716 0.05660811 -0.00232004
v 0.40284181 0.04922724 -0.0031254
v 0.40243742 0.051089 -0.00952187
v 0.40534613 0.04012796 -0.00944482
v 0.40611258 0.03601415 -0.00314082
v 0.40726537 0.03126796 -0.0093881
v 0.40886211 0.01890186 -0.00281386
v 0.40851775 0.02307199 -0.00939758
v 0.40922716 0.0146678 -0.00944379
v 0.40971303 0.0088484 -0.00339584
v 0.40995693 0.00086561 -0.00954284
v 0.40988269 0.00759182 -0.00902411
v 0.41005519 -0.0015105 -0.00345698
v 0.41011149 -0.00551625 -0.00870919
v 0.40961054 -0.01096487 -0.0095101
v 0.40972495 -0.01203531 -0.00368665
v 0.40888268 -0.02277402 -0.00804541
v 0.4084844 -0.02028829 -0.00954762
v 0.33743817 0.1438372 -0.00449398
v 0.40745348 -0.03196868 -0.00877842
v 0.40914464 -0.02186268 -0.0035319
v 0.40574786 -0.0362569 -0.00957517
v 0.40721801 -0.03218631 -0.00297593
v 0.40554005 -0.0416279 -0.00879331
v 0.40564537 -0.04061489 -0.00319454
v 0.40261427 -0.05176031 -0.0098242
v 0.40371734 -0.04747143 -0.00292692
v 0.40147769 -0.05557828 -0.00336604
v 0.39932969 -0.06246847 -0.00926557
v 0.39748988 -0.06652503 -0.0031354
v 0.39358923 -0.07556552 -0.00289769
v 0.39710695 -0.06562455 -0.00999573
v 0.3904433 -0.08265074 -0.01023154
v 0.39496976 -0.07341927 -0.00956368
v 0.3868596 -0.08928201 -0.01025604
v 0.38945538 -0.08407503 -0.00333075
v 0.3837634 -0.08911089 -0.00076585
v 0.38528022 -0.09140775 -0.003004
v 0.38304824 -0.09585288 -0.01039505
v 0.37062687 0.11162551 -0.00319089
v 0.38066819 -0.09893231 -0.00323677
v 0.37449473 -0.10770956 -0.00291452
v 0.37712052 -0.10497364 -0.0099172
v 0.36968189 -0.11445388 -0.01077339
v 0.36407721 -0.12076062 -0.01089545
v 0.36874807 -0.1151875 -0.0031314
v 0.36066529 -0.12476536 -0.00589968
v 0.36195946 -0.1222415 -0.00257181
v 0.35938916 -0.12591913 -0.01104264
v 0.36535698 -0.11447845 -0.00121635
v 0.35534212 -0.12484943 -0.00137505
v 0.35275766 -0.13195108 -0.00326622
v 0.35283637 -0.13223805 -0.01124977
v 0.34525156 -0.13434358 -0.00159791
v 0.34709179 -0.1376874 -0.01107682
v 0.34270692 -0.14115407 -0.00536032
v 0.3444078 -0.13887951 -0.00300802
v 0.33564818 -0.14564779 -0.00304168
v 0.33034867 -0.15036836 -0.01198149
v 0.33971027 -0.14366598 -0.01134712
v 0.33010069 -0.1501067 -0.00398174
v 0.33275005 -0.14427367 -0.00190021
v 0.31898773 -0.15757516 -0.01137102
v 0.32034025 -0.15619126 -0.00408421
v 0.30616754 -0.16405198 -0.01239133
v 0.31785959 -0.15347791 -0.00219218
v 0.29109466 -0.17033315 -0.01217316
v 0.33494979 0.14590961 -0.01159514
v 0.34237123 0.14037001 -0.01061237
v 0.33897305 0.14146918 -0.01123898
v 0.37656569 -0.10400774 -0.01058978
v 0.37275696 -0.10490117 -0.00096779
v 0.29948261 -0.16617492 -0.01277167
o seat_ring
f 295 294 296
f 299 298 300
f 291 292 293
f 300 297 299
f 301 302 303
f 302 301 307
f 308 309 310
f 305 311 306
f 314 315 316
f 315 319 316
f 320 321 322
f 323 324 325
f 326 327 328
f 333 334 335
f 338 339 340
f 341 342 343
f 346 347 348
f 350 351 352
f 331 353 332
f 354 329 355
f 356 357 358
f 358 357 359
f 360 361 316
f 331 322 353
f 363 339 338
f 364 365 366
f 370 325 371
f 372 373 320
f 374 361 375
f 376 363 377
f 378 351 350
f 379 380 381
f 335 382 351
f 321 383 353
f 384 385 369
f 388 389 390
f 391 392 393
f 394 376 395
f 397 394 395
f 361 398 375
f 399 400 401
f 335 334 382
f 402 403 404
f 405 406 407
f 364 370 411
f 412 413 383
f 405 407 410
f 414 415 388
f 410 407 416
f 417 412 383
f 348 423 424
f 425 426 427
f 429 426 425
f 335 351 378
f 432 433 404
f 411 436 437
f 411 438 439
f 438 440 441
f 442 443 440
f 398 444 445
f 388 415 389
f 446 441 412
f 404 345 444
f 449 450 451
f 453 454 455
f 456 457 458
f 373 459 439
f 460 420 407
f 461 462 463
f 407 464 460
f 465 459 466
f 416 407 467
f 433 468 345
f 414 388 469
f 470 405 410
f 472 473 423
f 474 447 475
f 476 477 431
f 479 480 481
f 404 444 398
f 476 482 483
f 476 431 458
f 458 482 476
f 480 479 486
f 487 401 488
f 370 475 442
f 489 334 479
f 411 437 364
f 402 492 360
f 493 384 477
f 495 496 497
f 428 498 375
f 327 499 500
f 507 365 508
f 368 367 474
f 499 376 377
f 509 366 507
f 321 353 322
f 491 490 511
f 513 514 403
f 355 328 354
f 506 515 383
f 516 517 385
f 518 519 520
f 513 521 514
f 522 374 523
f 500 330 354
f 525 338 317
f 526 307 366
f 306 311 368
f 306 368 324
f 527 528 423
f 291 530 349
f 531 532 533
f 535 536 323
f 306 324 536
f 463 537 538
f 307 526 302
f 539 292 291
f 522 541 542
f 526 531 544
f 306 545 304
f 546 547 548
f 547 549 550
f 551 314 542
f 347 527 348
f 539 552 553
f 554 555 556
f 557 558 559
f 544 560 561
f 424 473 562
f 548 551 453
f 560 565 561
f 540 566 567
f 541 558 542
f 500 354 328
f 569 570 571
f 473 472 561
f 546 548 497
f 572 542 558
f 546 553 547
f 574 463 575
f 473 576 577
f 455 548 453
f 573 461 578
f 572 558 579
f 557 579 558
f 496 580 546
f 580 581 546
f 582 308 310
f 583 584 585
f 453 586 587
f 588 497 455
f 589 590 591
f 520 358 400
f 399 401 487
f 592 588 593
f 594 562 449
f 568 590 589
f 595 424 562
f 454 587 596
f 597 449 451
f 596 587 600
f 601 309 308
f 600 587 602
f 534 401 603
f 604 597 605
f 601 308 608
f 554 609 610
f 611 346 595
f 347 346 612
f 614 615 495
f 449 597 604
f 519 356 358
f 495 592 616
f 611 604 617
f 620 621 347
f 510 622 623
f 624 600 625
f 626 627 628
f 624 596 600
f 629 612 611
f 631 632 633
f 634 635 294
f 636 616 593
f 637 638 639
f 641 642 599
f 643 644 629
f 617 631 633
f 645 646 647
f 583 648 649
f 650 615 614
f 651 615 650
f 599 642 652
f 649 648 653
f 634 654 635
f 650 655 656
f 632 631 634
f 620 629 644
f 656 655 657
f 610 658 659
f 660 661 645
f 657 662 663
f 611 594 604
f 608 618 601
f 664 653 648
f 649 653 665
f 647 651 666
f 656 657 668
f 669 670 671
f 672 673 674
f 633 632 675
f 676 669 652
f 678 641 679
f 300 298 680
f 295 682 634
f 683 684 685
f 609 556 686
f 556 652 686
f 653 687 688
f 689 690 691
f 692 693 694
f 695 696 697
f 685 698 690
f 699 683 700
f 701 702 703
f 706 342 707
f 708 709 710
f 686 669 671
f 711 708 710
f 710 700 711
f 640 573 578
f 559 541 712
f 713 695 697
f 670 714 715
f 716 717 718
f 719 644 643
f 642 703 702
f 638 637 721
f 679 722 678
f 717 711 723
f 679 724 722
f 684 698 685
f 705 704 672
f 714 725 726
f 679 728 724
f 729 706 730
f 342 694 731
f 716 711 717
f 462 537 463
f 586 551 542
f 694 733 731
f 697 696 734
f 730 668 657
f 735 701 678
f 715 716 721
f 529 599 556
f 604 605 654
f 736 696 737
f 738 739 699
f 740 637 671
f 342 731 707
f 704 643 672
f 723 736 737
f 741 695 742
f 604 654 631
f 686 652 669
f 713 697 744
f 708 745 709
f 746 747 674
f 748 749 714
f 750 676 702
f 706 668 730
f 665 688 729
f 745 726 732
f 730 657 663
f 692 751 752
f 750 753 680
f 754 751 734
f 755 665 729
f 699 756 738
f 722 746 675
f 574 528 527
f 734 751 692
f 720 691 698
f 722 735 678
f 753 300 680
f 599 652 556
f 707 731 666
f 713 744 664
f 759 663 760
f 752 645 693
f 604 631 617
f 673 672 643
f 545 763 304
f 698 691 690
f 764 677 620
f 764 620 644
f 666 651 650
f 550 315 551
f 662 655 616
f 634 294 295
f 765 629 611
f 673 629 765
f 645 661 646
f 765 617 633
f 629 620 612
f 617 765 611
f 554 610 566
f 614 616 655
f 569 571 585
f 583 649 767
f 624 625 768
f 616 614 495
f 718 717 741
f 583 767 584
f 619 618 661
f 615 646 608
f 603 569 585
f 624 593 596
f 616 592 593
f 621 640 347
f 744 687 664
f 606 597 451
f 400 359 603
f 769 563 564
f 541 522 770
f 636 593 624
f 401 400 603
f 534 603 607
f 595 594 611
f 518 613 519
f 615 608 771
f 495 497 588
f 658 637 639
f 496 546 497
f 567 566 659
f 348 527 423
f 347 640 574
f 308 771 608
f 539 291 552
f 640 578 574
f 772 659 718
f 718 773 772
f 653 688 665
f 574 774 528
f 671 658 609
f 357 773 742
f 580 496 495
f 572 586 542
f 580 308 582
f 539 553 581
f 591 539 581
f 590 292 591
f 472 544 561
f 303 544 472
f 528 774 303
f 545 535 538
f 775 552 521
f 453 587 454
f 585 571 583
f 552 775 776
f 602 572 579
f 291 521 552
f 551 315 314
f 315 549 319
f 461 463 574
f 775 513 776
f 603 359 569
f 291 517 516
f 291 349 517
f 316 374 314
f 639 638 718
f 607 585 584
f 497 548 455
f 634 631 654
f 403 778 513
f 319 402 360
f 463 538 575
f 514 385 779
f 661 766 619
f 364 437 365
f 779 780 514
f 661 618 646
f 371 475 370
f 403 432 404
f 780 779 483
f 432 780 781
f 370 442 438
f 551 586 453
f 780 483 782
f 404 398 492
f 437 436 783
f 575 538 535
f 475 447 448
f 458 460 482
f 785 467 407
f 420 785 407
f 464 415 414
f 407 425 415
f 396 786 406
f 379 381 406
f 526 366 787
f 788 446 412
f 789 390 386
f 479 320 489
f 426 791 792
f 793 792 794
f 795 326 391
f 489 322 797
f 675 632 682
f 393 392 512
f 326 355 391
f 499 395 376
f 425 381 430
f 674 765 746
f 363 378 350
f 301 364 307
f 571 570 713
f 364 366 307
f 770 777 798
f 500 799 525
f 770 523 777
f 291 293 530
f 354 330 329
f 616 636 662
f 352 318 312
f 522 314 374
f 500 525 330
f 521 291 516
f 776 513 778
f 391 524 392
f 382 318 351
f 800 509 801
f 787 366 509
f 797 331 382
f 636 768 760
f 802 760 768
f 325 324 474
f 662 636 760
f 797 322 331
f 517 369 385
f 673 765 674
f 752 690 660
f 333 804 805
f 297 295 296
f 364 301 370
f 390 387 386
f 295 297 300
f 806 326 795
f 807 486 333
f 389 393 387
f 733 693 647
f 371 474 475
f 735 675 682
f 429 421 426
f 389 387 390
f 476 779 493
f 779 476 483
f 773 741 742
f 406 381 407
f 519 613 356
f 330 525 317
f 388 390 469
f 459 373 372
f 475 443 442
f 469 789 468
f 538 763 545
f 318 352 351
f 782 469 781
f 404 433 345
f 363 338 377
f 782 483 482
f 400 399 520
f 488 401 534
f 402 404 492
f 685 690 752
f 520 519 358
f 439 788 373
f 378 376 804
f 440 484 441
f 804 335 378
f 328 327 500
f 371 325 474
f 789 344 468
f 374 375 498
f 387 393 512
f 372 320 479
f 441 413 412
f 792 395 499
f 795 391 393
f 319 778 402
f 543 566 540
f 301 325 370
f 426 327 427
f 777 813 511
f 486 334 333
f 319 360 316
f 687 343 688
f 327 326 806
f 427 327 806
f 543 554 566
f 682 300 701
f 301 323 325
f 567 772 356
f 549 776 319
f 526 787 532
f 366 365 507
f 484 413 441
f 425 430 429
f 376 378 363
f 357 570 569
f 571 648 583
f 795 415 806
f 541 770 798
f 363 350 339
f 472 528 303
f 425 427 806
f 659 772 567
f 788 417 373
f 550 549 315
f 544 303 302
f 772 773 356
f 799 377 525
f 469 390 789
f 292 539 591
f 554 556 609
f 559 558 541
f 718 638 716
f 575 535 774
f 816 372 481
f 548 550 551
f 609 658 610
f 350 313 339
f 350 352 313
f 664 687 653
f 701 735 682
f 817 576 473
f 440 443 484
f 438 441 446
f 582 589 581
f 433 781 468
f 424 423 473
f 436 465 466
f 414 782 482
f 602 587 572
f 681 679 641
f 751 685 752
f 439 465 411
f 781 780 782
f 697 341 744
f 432 781 433
f 346 424 595
f 438 442 440
f 642 641 703
f 588 455 593
f 729 730 818
f 671 670 740
f 375 445 428
f 737 696 695
f 612 346 611
f 495 588 592
f 572 587 586
f 740 715 721
f 493 477 476
f 367 447 474
f 708 711 716
f 715 708 716
f 750 670 669
f 728 705 724
f 687 744 341
f 498 428 813
f 696 736 754
f 745 714 726
f 710 709 743
f 710 743 699
f 403 514 780
f 749 725 714
f 360 492 361
f 702 753 750
f 683 699 739
f 683 739 684
f 707 656 668
f 368 474 324
f 747 705 674
f 692 752 693
f 647 666 733
f 722 675 735
f 733 666 731
f 813 491 511
f 655 662 657
f 645 647 693
f 295 300 682
f 633 675 746
f 634 682 632
f 673 643 629
f 650 614 655
f 361 492 398
f 775 521 513
f 787 362 532
f 705 672 674
f 701 300 753
f 646 615 651
f 668 706 707
f 526 532 531
f 618 608 646
f 522 523 770
f 620 347 612
f 508 365 437
f 724 747 722
f 692 694 734
f 544 531 533
f 700 710 699
f 545 306 536
f 594 449 604
f 580 495 615
f 745 708 715
f 535 545 536
f 762 544 533
f 347 574 527
f 450 449 562
f 437 783 508
f 560 544 762
f 727 680 298
f 733 694 693
f 717 723 737
f 818 730 820
f 697 734 341
f 683 685 754
f 685 751 754
f 638 721 716
f 678 703 641
f 547 553 552
f 342 729 688
f 741 737 695
f 688 343 342
f 748 727 749
f 310 589 582
f 589 310 568
f 575 774 574
f 561 565 473
f 546 581 553
f 565 817 473
f 334 797 382
f 591 581 589
f 376 394 804
f 702 701 753
f 528 472 423
f 547 550 548
f 658 671 637
f 547 552 549
f 681 641 598
f 821 804 394
f 609 686 671
f 774 323 303
f 535 323 774
f 562 473 577
f 712 541 798
f 580 582 581
f 314 522 542
f 303 323 301
f 544 302 526
f 549 552 776
f 450 562 577
f 659 658 639
f 642 676 652
f 417 383 321
f 578 461 574
f 648 571 664
f 348 424 346
f 555 529 556
f 536 324 323
f 610 659 566
f 523 813 777
f 455 454 596
f 562 594 595
f 822 600 602
f 319 776 778
f 580 771 308
f 736 683 754
f 475 448 443
f 593 455 596
f 509 800 787
f 771 580 615
f 516 514 521
f 374 498 523
f 316 361 374
f 703 678 701
f 613 567 356
f 484 505 413
f 498 813 523
f 516 385 514
f 342 706 729
f 384 493 385
f 813 418 491
f 403 402 778
f 493 779 385
f 607 603 585
f 465 436 411
f 792 327 426
f 780 432 403
f 400 358 359
f 768 636 624
f 677 621 620
f 411 370 438
f 646 651 647
f 375 398 445
f 740 721 637
f 660 689 766
f 540 567 613
f 633 746 765
f 730 663 820
f 439 438 788
f 489 320 322
f 752 660 645
f 460 464 482
f 666 650 656
f 482 464 414
f 781 469 468
f 666 656 707
f 359 357 569
f 465 439 459
f 663 662 760
f 464 407 415
f 816 459 372
f 782 414 469
f 788 438 446
f 479 481 372
f 412 417 788
f 740 670 715
f 642 702 676
f 680 727 748
f 479 334 486
f 722 747 746
f 824 426 421
f 791 426 824
f 356 773 357
f 417 321 320
f 791 794 792
f 683 736 700
f 333 335 804
f 792 499 327
f 793 395 792
f 489 797 334
f 821 394 397
f 793 397 395
f 357 742 570
f 700 736 723
f 754 734 696
f 328 355 326
f 670 748 714
f 750 669 676
f 342 341 694
f 499 377 799
f 499 799 500
f 443 448 484
f 470 410 408
f 715 714 745
f 713 664 571
f 377 338 525
f 750 680 748
f 382 331 318
f 711 700 723
f 415 795 393
f 415 393 389
f 670 750 748
f 659 639 718
f 379 406 808
f 742 713 570
f 641 599 598
f 724 705 747
f 407 381 425
f 341 343 687
f 373 417 320
f 425 806 415
f 717 737 741
f 341 734 694
f 741 773 718
f 820 663 759
f 695 713 742
f 757 825 758
f 419 422 814
f 406 826 808
f 826 406 786
f 405 409 396
f 405 408 409
f 827 408 405
f 408 409 827
f 827 405 470
f 408 827 470
f 785 467 784
f 785 416 467
f 800 801 819
f 818 755 729
f 755 830 831
f 828 802 768
f 812 810 831
f 831 767 649
f 755 831 665
f 579 829 602
f 761 630 667
f 828 768 625
f 823 584 767
f 759 818 820
f 818 759 832
f 818 832 830
f 818 830 755
f 625 822 828
f 828 822 829
f 829 822 602
f 822 625 600
f 481 480 485
f 833 459 816
f 811 501 508
f 783 478 508
f 783 434 478
f 478 811 508
f 436 466 809
f 436 809 452
f 435 436 452
f 434 783 435
f 816 481 833
f 485 480 790
f 480 486 790
f 486 336 790
f 333 805 807
f 486 807 336
f 336 807 337
f 337 807 805
f 805 821 494
f 494 337 805
f 502 504 821
f 502 821 397
f 397 503 502
f 397 793 503
f 793 815 503
f 794 815 793
f 815 794 803
f 435 783 436
f 809 466 471
f 805 804 821
f 803 794 791
f 791 796 803
f 481 485 833
f 459 833 466
f 821 504 494
f 304 305 306
f 312 840 313
f 843 844 317
f 312 318 845
f 318 846 845
f 845 846 847
f 329 330 848
f 331 332 846
f 852 851 853
f 344 854 855
f 855 856 345
f 853 851 857
f 311 367 368
f 865 856 866
f 386 387 868
f 869 834 854
f 871 870 867
f 344 869 854
f 854 872 855
f 386 869 344
f 875 418 876
f 873 870 877
f 428 879 418
f 880 838 881
f 877 882 883
f 879 886 887
f 447 888 448
f 889 885 890
f 444 865 891
f 444 891 445
f 886 891 892
f 893 889 894
f 845 897 840
f 484 883 882
f 878 866 856
f 855 878 856
f 900 901 899
f 902 904 903
f 418 875 490
f 491 418 490
f 904 902 906
f 901 900 907
f 909 908 911
f 413 505 506
f 913 914 915
f 916 386 868
f 512 868 387
f 909 911 917
f 917 911 919
f 840 897 836
f 391 922 524
f 923 913 906
f 924 925 529
f 515 926 332
f 853 859 852
f 352 312 313
f 926 928 846
f 928 841 846
f 340 313 929
f 915 931 540
f 540 931 543
f 937 939 940
f 573 462 461
f 941 940 942
f 943 904 944
f 914 918 915
f 529 598 599
f 915 540 613
f 931 947 543
f 947 948 949
f 947 924 555
f 951 952 953
f 554 543 947
f 954 950 951
f 955 640 621
f 953 954 951
f 958 954 953
f 960 677 961
f 962 963 681
f 962 598 925
f 964 965 961
f 967 968 969
f 970 704 705
f 966 971 972
f 975 976 971
f 977 978 976
f 970 975 704
f 978 977 974
f 980 974 977
f 967 973 968
f 982 967 963
f 983 982 962
f 913 915 518
f 984 962 985
f 949 924 947
f 986 925 988
f 960 621 677
f 956 989 990
f 956 990 988
f 991 988 924
f 969 970 705
f 991 956 988
f 994 993 991
f 995 994 991
f 995 996 993
f 997 993 996
f 963 679 681
f 573 640 955
f 952 945 573
f 946 947 1000
f 931 921 1001
f 938 921 931
f 940 462 942
f 462 940 537
f 944 904 906
f 924 529 555
f 947 555 554
f 304 927 305
f 927 1002 305
f 311 1003 367
f 913 518 906
f 1003 1004 367
f 876 1005 875
f 953 955 621
f 1006 329 848
f 906 902 923
f 879 445 886
f 879 887 1007
f 943 903 904
f 448 888 883
f 891 1008 892
f 896 944 487
f 448 883 484
f 789 386 344
f 872 905 855
f 484 882 505
f 963 969 728
f 871 1009 505
f 916 834 869
f 916 863 834
f 860 916 1010
f 916 868 1010
f 515 506 1011
f 1009 1011 506
f 1011 926 515
f 843 338 340
f 1011 850 926
f 1011 849 850
f 318 331 846
f 329 1006 922
f 850 928 926
f 355 329 922
f 880 881 844
f 864 858 1009
f 598 962 681
f 386 916 869
f 871 867 864
f 847 897 845
f 841 847 846
f 871 505 882
f 870 871 877
f 877 871 882
f 838 880 837
f 845 840 312
f 929 880 843
f 926 846 332
f 490 875 1012
f 881 842 848
f 848 842 859
f 1006 848 859
f 344 855 468
f 317 844 330
f 890 877 883
f 1006 859 853
f 873 877 890
f 339 313 340
f 338 843 317
f 890 885 873
f 345 856 865
f 353 515 332
f 487 944 399
f 906 399 944
f 889 890 894
f 890 888 894
f 524 857 868
f 868 857 1010
f 399 906 520
f 894 898 893
f 913 923 914
f 383 515 353
f 906 518 520
f 392 524 512
f 894 899 898
f 428 445 879
f 899 894 900
f 938 915 918
f 900 1004 1003
f 908 901 907
f 1003 907 900
f 834 1014 854
f 946 999 947
f 999 948 947
f 919 920 917
f 991 924 997
f 866 884 865
f 987 985 925
f 391 355 922
f 925 985 962
f 932 927 1015
f 865 1016 891
f 853 857 524
f 939 1015 763
f 936 1015 939
f 939 763 537
f 330 844 848
f 940 939 537
f 881 930 842
f 967 969 963
f 868 512 524
f 980 969 968
f 980 970 969
f 418 879 1007
f 383 413 506
f 679 963 728
f 977 975 970
f 977 976 975
f 428 418 813
f 971 961 975
f 975 961 719
f 953 952 955
f 764 961 677
f 345 468 855
f 958 950 954
f 719 764 644
f 958 953 960
f 960 953 621
f 965 958 960
f 958 965 959
f 965 960 961
f 959 965 964
f 952 573 955
f 964 961 971
f 764 719 961
f 966 964 971
f 945 462 573
f 972 971 976
f 945 942 462
f 980 977 970
f 367 1004 447
f 968 974 980
f 973 974 968
f 943 896 895
f 1015 304 763
f 973 967 982
f 982 963 962
f 1015 927 304
f 983 962 984
f 927 919 1002
f 927 920 919
f 305 1002 311
f 986 987 925
f 643 704 719
f 1018 988 989
f 956 986 989
f 988 925 924
f 1002 919 311
f 876 418 1007
f 511 490 912
f 998 997 924
f 998 924 949
f 911 907 919
f 311 919 1003
f 907 1003 919
f 908 907 911
f 947 1001 1000
f 1001 947 931
f 518 915 613
f 938 931 915
f 900 894 1004
f 1004 888 447
f 1004 894 888
f 445 891 886
f 444 345 865
f 943 944 896
f 890 883 888
f 886 892 887
f 874 855 905
f 537 763 538
f 975 719 704
f 871 864 1009
f 505 1009 506
f 598 529 925
f 1016 1008 891
f 863 916 860
f 878 855 874
f 858 1011 1009
f 858 849 1011
f 524 922 853
f 1006 853 922
f 969 705 728
f 848 844 881
f 843 340 929
f 843 880 844
f 838 930 881
f 840 929 313
f 840 836 929
f 880 929 836
f 1018 989 986
f 989 1018 1020
f 989 988 990
f 994 995 993
f 994 996 995
f 995 991 996
f 854 835 839
f 1014 835 854
f 872 854 839
f 1012 875 1005
f 865 884 1016
f 861 910 862
f 1021 1013 1019
f 829 579 557
f 1017 979 831
f 981 992 957
o seat_ring_bottom
f 115 105 102
f 1052 1051 1053
f 1054 1052 1055
f 1055 1056 1057
f 1058 1056 1055
f 1062 1063 1041
f 1046 1047 1067
f 1045 1044 1038
f 1039 1040 1043
f 1057 1054 1055
f 1061 1065 1064
f 1041 1063 1042
f 1068 1069 1070
f 1072 1073 1038
f 1074 1075 1076
f 1077 1078 1079
f 1080 1070 1069
f 1084 1085 1086
f 1088 1078 1089
f 1038 1073 1093
f 1094 1096 1097
f 1098 1099 1100
f 1104 1105 1079
f 1106 1107 1108
f 1110 1111 1112
f 1093 1106 1117
f 1097 1095 1094
f 1118 1119 1120
f 1121 1122 1123
f 1126 1127 1099
f 1099 1127 1100
f 1128 1093 1039
f 1129 1130 1131
f 1132 1133 1131
f 1129 1134 1130
f 1135 1136 1137
f 1138 1139 1140
f 1141 1142 1123
f 1143 1144 1145
f 1146 1147 1148
f 1150 1139 1138
f 1039 1151 1040
f 1152 1153 1077
f 1076 1138 1154
f 1155 1090 1149
f 1156 1157 1158
f 1076 1159 1138
f 1144 1160 1157
f 1164 1165 1166
f 1167 1168 1169
f 1172 1173 1174
f 1175 1167 1176
f 1179 1097 1180
f 1181 1182 1183
f 1184 1185 1186
f 1187 1188 1189
f 1190 1191 1192
f 1193 1155 1149
f 1196 1183 1197
f 1198 1183 1196
f 1199 1104 1079
f 1168 1086 1200
f 1202 1203 1204
f 1205 1206 1207
f 1207 1206 1208
f 1209 1210 1211
f 1214 1215 1181
f 1216 1217 1209
f 1199 1079 1218
f 1219 1220 1210
f 1221 1222 1223
f 1224 1222 1221
f 1225 1226 1227
f 1229 1230 1231
f 1232 1233 1234
f 1235 1236 1237
f 1238 1146 1239
f 1169 1168 1200
f 1174 1241 1240
f 1208 1242 1243
f 1244 1245 1246
f 1247 1248 1249
f 1146 1250 1147
f 1252 1253 1254
f 1182 1255 1183
f 1256 1257 1258
f 1183 1255 1161
f 1253 1259 1260
f 1261 1262 1263
f 1172 1257 1264
f 1173 1172 1264
f 1266 1147 1250
f 1267 1268 1269
f 1272 1273 1233
f 1198 1181 1183
f 1274 1275 1182
f 1256 1266 1276
f 1242 1206 1212
f 1266 1250 1280
f 1262 1274 1281
f 1283 1155 1193
f 1260 1266 1280
f 1264 1285 1173
f 1223 1286 1285
f 1285 1264 1260
f 1273 1287 1234
f 1276 1266 1260
f 1215 1289 1181
f 1289 1281 1182
f 1169 1283 1290
f 1291 1292 1293
f 1294 1295 1265
f 1296 1245 1297
f 1262 1261 1298
f 1299 1261 1263
f 1300 1243 1301
f 1176 1302 1175
f 1221 1223 1303
f 1241 1174 1222
f 1304 1305 1102
f 1256 1147 1266
f 1306 1227 1226
f 1275 1274 1307
f 1308 1232 1234
f 1309 1310 1288
f 1301 1252 1254
f 1313 1314 1315
f 1205 1316 1206
f 1226 1277 1279
f 1317 1318 1175
f 1319 1300 1301
f 1320 1255 1275
f 1239 1199 1307
f 1160 1287 1321
f 1321 1322 1323
f 1324 1325 1326
f 1327 1328 1329
f 1319 1301 1299
f 1330 1073 1331
f 1323 1160 1321
f 1332 1333 1334
f 1170 1040 1335
f 1158 1160 1323
f 1336 1337 1184
f 1338 1192 1339
f 1310 1340 1166
f 1165 1310 1166
f 1341 1342 1119
f 1119 1342 1120
f 1343 1344 1171
f 1185 1184 1120
f 1166 1207 1345
f 1144 1346 1234
f 1207 1347 1122
f 1348 1349 1350
f 1351 1074 1342
f 1346 1144 1352
f 1117 1141 1357
f 1127 1165 1164
f 1358 1359 1360
f 1361 1355 1362
f 1111 1364 1365
f 1085 1366 1086
f 1105 1136 1077
f 1151 1117 1367
f 1368 1369 1370
f 1371 1203 1202
f 1352 1144 1143
f 1372 1166 1345
f 1077 1135 1152
f 1204 1373 1267
f 1334 1333 1374
f 1375 1376 1377
f 1304 1380 1305
f 1082 1145 1381
f 1098 1100 1384
f 1385 1386 1314
f 1106 1108 1117
f 1083 1376 1390
f 1391 1392 1115
f 1382 1126 1389
f 1393 1132 1113
f 1395 1140 1396
f 1105 1365 1136
f 1397 1121 1142
f 1143 1145 1087
f 1087 1398 1143
f 1087 1145 1082
f 1402 1403 1098
f 1403 1404 1098
f 1405 1406 1107
f 1359 1411 1159
f 1412 1405 1413
f 1402 1068 1414
f 1388 1099 1404
f 1098 1384 1068
f 1072 1044 1417
f 1401 1418 1410
f 1371 1237 1203
f 1412 1397 1406
f 1419 1420 1421
f 1096 1422 1423
f 1070 1414 1068
f 1044 1045 1409
f 1429 1414 1430
f 1431 1072 1432
f 1434 1433 1426
f 1436 1437 1438
f 1385 1430 1386
f 1440 1180 1096
f 1441 1417 1442
f 1334 1439 1434
f 1432 1417 1443
f 1444 1445 1446
f 1417 1447 1448
f 1386 1413 1449
f 1332 1445 1444
f 1450 1451 1452
f 1453 1452 1448
f 1454 1455 1456
f 1457 1296 1450
f 1460 1461 1462
f 1312 1463 1464
f 1370 1453 1368
f 1421 1465 1466
f 1248 1368 1447
f 1179 1248 1441
f 1460 1467 1461
f 1468 1374 1333
f 1469 1468 1333
f 1102 1101 1304
f 1470 1332 1444
f 1247 1189 1248
f 1420 1472 1421
f 1470 1473 1332
f 1475 1476 1444
f 1469 1333 1473
f 1268 1477 1420
f 1189 1369 1368
f 1479 1468 1469
f 1480 1473 1470
f 1297 1245 1481
f 1270 1468 1479
f 1369 1482 1370
f 1484 1485 1482
f 1486 1487 1488
f 1486 1488 1489
f 1427 1103 1424
f 1492 1482 1369
f 1464 1463 1229
f 1231 1230 1493
f 1246 1484 1482
f 1494 1495 1480
f 1479 1473 1480
f 1496 1271 1479
f 1186 1498 1499
f 1470 1494 1480
f 1496 1502 1271
f 1428 1228 1438
f 1502 1496 1504
f 1505 1506 1188
f 1508 1509 1510
f 1511 1482 1512
f 1246 1482 1511
f 1515 1516 1492
f 1517 1502 1504
f 1518 1519 1422
f 1520 1521 1522
f 1525 1526 1527
f 1528 1529 1530
f 1268 1267 1373
f 1532 1267 1533
f 1536 1537 1538
f 1542 1543 1544
f 1533 1267 1269
f 1546 1515 1547
f 1551 1526 1552
f 1527 1494 1525
f 1553 1554 1555
f 1418 1559 1410
f 1445 1425 1561
f 1562 1563 1564
f 1291 1549 1454
f 1565 1542 1566
f 1567 1568 1553
f 1454 1292 1291
f 1569 1570 1568
f 1292 1573 1293
f 1236 1575 1203
f 1577 1578 1579
f 1569 1568 1580
f 1584 1537 1585
f 1462 1486 1489
f 1586 1570 1587
f 1558 1588 1572
f 1573 1575 1235
f 1565 1566 1589
f 1590 1591 1592
f 1580 1587 1569
f 1596 1597 1598
f 1489 1467 1460
f 1602 1603 1604
f 1605 1547 1606
f 1535 1607 1608
f 1608 1607 1609
f 1602 1604 1610
f 1373 1611 1566
f 1614 1615 1055
f 1616 1617 1328
f 1592 1597 1618
f 1536 1489 1620
f 1622 1623 1624
f 1138 1159 1150
f 1628 1629 1590
f 1501 1497 1502
f 1630 1608 1631
f 1632 1608 1630
f 1632 1597 1608
f 1633 1634 1635
f 1434 1439 1433
f 1636 1631 1597
f 1630 1636 1597
f 1638 1639 1640
f 1641 1642 1643
f 1477 1542 1544
f 1644 1645 1646
f 1645 1647 1646
f 1648 1649 1650
f 1652 1653 1627
f 1654 1655 1656
f 1639 1657 1528
f 1529 1528 1657
f 1634 1633 1659
f 1617 1660 1661
f 1451 1662 1663
f 1663 1662 1330
f 1562 1564 1495
f 1665 1666 1667
f 1431 1663 1331
f 1512 1482 1516
f 1668 1584 1645
f 1584 1585 1669
f 1657 1670 1529
f 1621 1671 1651
f 1672 1673 1674
f 1668 1674 1675
f 1540 1650 1560
f 1676 1328 1661
f 1650 1649 1628
f 1677 1678 1679
f 1621 1680 1671
f 1681 1423 1422
f 1682 1649 1648
f 1684 1615 1654
f 1686 1687 1058
f 1670 1688 1623
f 1589 1689 1690
f 1691 1643 1642
f 1692 1675 1693
f 1673 1679 1674
f 1694 1685 1695
f 1696 1661 1660
f 1697 1686 1058
f 1690 1689 1698
f 1696 1699 1661
f 1700 1654 1701
f 1702 1623 1622
f 1703 1659 1593
f 1703 1704 1592
f 1696 1657 1705
f 1706 1707 1682
f 1688 1708 1642
f 1061 1064 1695
f 1711 1712 1680
f 1699 1696 1638
f 1714 1664 1715
f 1545 1380 1716
f 1717 1718 1667
f 1562 1494 1527
f 1526 1562 1527
f 1706 1682 1719
f 1720 1721 1722
f 1430 1070 1723
f 1649 1701 1628
f 1724 1725 1653
f 1726 1725 1724
f 1727 1711 1728
f 1729 1537 1620
f 1649 1700 1701
f 1641 1712 1727
f 1672 1674 1732
f 1477 1566 1542
f 1733 1616 1327
f 1734 1669 1729
f 1635 1596 1683
f 1677 1695 1678
f 1715 1664 1694
f 1708 1610 1642
f 1638 1705 1639
f 1678 1735 1736
f 1703 1592 1618
f 1596 1738 1683
f 1738 1587 1683
f 1740 1698 1741
f 1698 1742 1743
f 1687 1686 1065
f 1616 1744 1617
f 1489 1488 1620
f 1745 1640 1639
f 1746 1640 1745
f 1545 1716 1747
f 1489 1536 1467
f 1717 1667 1666
f 1618 1597 1634
f 1629 1748 1590
f 1740 1717 1698
f 1608 1597 1591
f 1471 1467 1536
f 1606 1749 1605
f 1433 1750 1399
f 1617 1744 1751
f 1053 1752 1614
f 1634 1597 1596
f 1753 1708 1670
f 1603 1754 1604
f 1676 1661 1699
f 1751 1755 1603
f 1756 1477 1544
f 1690 1698 1717
f 1587 1738 1586
f 1598 1586 1738
f 1517 1504 1564
f 1460 1462 1489
f 1569 1587 1570
f 1580 1568 1567
f 1506 1505 1757
f 1755 1758 1754
f 1631 1570 1586
f 1203 1575 1722
f 1655 1563 1748
f 1668 1675 1584
f 1759 1555 1760
f 1591 1535 1608
f 1607 1761 1609
f 1762 1760 1763
f 1760 1494 1763
f 1748 1563 1591
f 1568 1570 1554
f 1236 1203 1237
f 1487 1734 1488
f 1553 1555 1759
f 1519 1765 1766
f 1761 1607 1534
f 1588 1550 1572
f 1762 1763 1508
f 1410 1559 1574
f 1723 1070 1412
f 1669 1585 1729
f 1202 1267 1532
f 1534 1767 1761
f 1547 1515 1506
f 1537 1584 1538
f 1681 1422 1768
f 1508 1763 1509
f 1757 1505 1522
f 1769 1770 1237
f 1645 1669 1647
f 1763 1494 1509
f 1504 1496 1564
f 1534 1526 1767
f 1551 1767 1526
f 1644 1732 1645
f 1371 1532 1771
f 1538 1772 1773
f 1662 1107 1330
f 1419 1421 1438
f 1426 1399 1087
f 1529 1702 1530
f 1096 1500 1422
f 1494 1470 1509
f 1719 1682 1774
f 1526 1525 1552
f 1505 1520 1522
f 1188 1775 1776
f 1778 1566 1477
f 1562 1495 1494
f 1492 1369 1188
f 1779 1530 1720
f 1500 1096 1094
f 1780 1771 1781
f 1506 1492 1188
f 1552 1782 1551
f 1203 1722 1204
f 1420 1756 1783
f 1544 1543 1672
f 1496 1495 1564
f 1508 1510 1541
f 1773 1536 1538
f 1544 1672 1732
f 1228 1784 1438
f 1096 1180 1097
f 1476 1470 1444
f 1373 1566 1778
f 1188 1776 1505
f 1245 1296 1457
f 1767 1551 1782
f 1457 1485 1484
f 1496 1480 1495
f 1275 1307 1218
f 1721 1611 1722
f 1450 1296 1297
f 1097 1442 1095
f 1314 1449 1297
f 1297 1449 1450
f 1245 1484 1246
f 1575 1779 1720
f 1766 1768 1519
f 1445 1334 1434
f 1447 1417 1441
f 1785 1402 1414
f 1235 1575 1236
f 1510 1101 1103
f 1786 1787 1517
f 1271 1270 1479
f 1476 1101 1510
f 1478 1442 1044
f 1722 1575 1720
f 1566 1611 1589
f 1484 1245 1457
f 1330 1093 1073
f 1101 1476 1475
f 1326 1325 1789
f 1432 1072 1417
f 1478 1044 1409
f 1072 1431 1331
f 1461 1251 1092
f 1790 1412 1413
f 1468 1270 1459
f 1202 1204 1267
f 1577 1579 1408
f 1472 1783 1577
f 1072 1038 1044
f 1081 1083 1791
f 1517 1563 1655
f 1247 1249 1179
f 1765 1595 1594
f 1402 1098 1068
f 1269 1420 1419
f 1101 1475 1304
f 1761 1767 1609
f 1517 1564 1563
f 1038 1394 1045
f 1325 1579 1578
f 1459 1374 1468
f 1083 1082 1376
f 1574 1559 1792
f 1570 1609 1767
f 1554 1782 1552
f 1394 1038 1093
f 1142 1108 1406
f 1371 1202 1532
f 1093 1128 1394
f 1304 1561 1380
f 1142 1121 1123
f 1117 1151 1093
f 1142 1141 1108
f 1381 1157 1376
f 1376 1157 1377
f 1576 1787 1793
f 1793 1556 1576
f 1771 1533 1493
f 1126 1794 1127
f 1774 1474 1719
f 1357 1367 1117
f 1190 1338 1362
f 1554 1552 1555
f 1353 1346 1352
f 1160 1158 1157
f 1463 1312 1780
f 1158 1323 1156
f 1475 1446 1561
f 1040 1151 1335
f 1755 1757 1796
f 1234 1160 1144
f 1449 1451 1450
f 1295 1339 1192
f 1797 1306 1170
f 1797 1170 1335
f 1231 1493 1483
f 1720 1702 1721
f 1340 1316 1205
f 1798 1367 1263
f 1442 1417 1044
f 1380 1561 1801
f 1330 1331 1663
f 1080 1802 1121
f 1420 1477 1756
f 1253 1252 1259
f 1535 1591 1562
f 1288 1213 1309
f 1303 1259 1252
f 1321 1283 1803
f 1193 1804 1805
f 1287 1273 1290
f 1278 1225 1281
f 1801 1561 1791
f 1276 1260 1264
f 1281 1289 1807
f 1181 1808 1214
f 1809 1214 1808
f 1222 1286 1223
f 1167 1290 1176
f 1810 1241 1224
f 1194 1183 1195
f 1810 1311 1241
f 1154 1812 1813
f 1801 1791 1390
f 1522 1796 1757
f 1256 1258 1147
f 1723 1412 1790
f 1311 1240 1241
f 1530 1702 1720
f 1766 1765 1815
f 1816 1337 1318
f 1331 1073 1072
f 1517 1655 1786
f 1147 1071 1148
f 1755 1796 1758
f 1112 1111 1239
f 1337 1120 1184
f 1573 1746 1745
f 1818 1819 1820
f 1373 1778 1268
f 1200 1086 1091
f 1088 1819 1818
f 1819 1821 1822
f 1336 1085 1084
f 1620 1734 1729
f 1159 1821 1819
f 1445 1426 1425
f 1375 1125 1124
f 1348 1350 1074
f 1075 1350 1821
f 1821 1159 1075
f 1114 1361 1362
f 1114 1362 1382
f 1125 1375 1343
f 1411 1359 1823
f 1540 1739 1648
f 1824 1154 1813
f 1411 1823 1133
f 1524 1133 1823
f 1138 1812 1154
f 1499 1498 1825
f 1812 1395 1813
f 1412 1080 1397
f 1404 1099 1098
f 1139 1393 1826
f 1139 1826 1827
f 1376 1375 1390
f 1384 1802 1069
f 1137 1503 1135
f 1080 1121 1397
f 1656 1655 1748
f 1389 1126 1099
f 1131 1113 1132
f 1145 1144 1381
f 1524 1830 1134
f 1372 1802 1384
f 1132 1150 1411
f 1802 1345 1121
f 1077 1136 1135
f 1151 1039 1093
f 1752 1053 1793
f 1043 1128 1039
f 1343 1377 1156
f 1544 1732 1577
f 1577 1732 1833
f 1546 1547 1605
f 1772 1474 1773
f 1833 1644 1325
f 1159 1076 1075
f 1358 1823 1359
f 1126 1338 1794
f 1606 1757 1616
f 1091 1086 1378
f 1075 1074 1350
f 1105 1077 1079
f 1342 1074 1824
f 1120 1342 1185
f 1156 1344 1343
f 1229 1463 1230
f 1148 1363 1110
f 1822 1821 1834
f 1200 1091 1090
f 1627 1653 1625
f 1156 1323 1344
f 1086 1168 1084
f 1336 1084 1835
f 1752 1786 1654
f 1835 1318 1336
f 1210 1255 1820
f 1134 1109 1130
f 1319 1299 1357
f 1347 1207 1300
f 1723 1790 1430
f 1589 1611 1721
f 1275 1255 1182
f 1208 1300 1207
f 1147 1258 1116
f 1391 1109 1134
f 1115 1109 1391
f 1829 1395 1396
f 1283 1169 1200
f 1208 1243 1300
f 1836 1183 1161
f 1825 1395 1829
f 1140 1139 1827
f 1276 1257 1256
f 1280 1250 1238
f 1264 1257 1276
f 1298 1280 1238
f 1705 1657 1639
f 1222 1224 1241
f 1243 1242 1837
f 1225 1277 1226
f 1645 1732 1668
f 1772 1692 1706
f 1838 1273 1272
f 1839 1253 1260
f 1613 1612 1788
f 1513 1840 1514
f 1279 1278 1282
f 1277 1225 1278
f 1259 1285 1260
f 1830 1391 1134
f 1299 1253 1261
f 1159 1411 1150
f 1091 1378 1379
f 1186 1185 1498
f 1273 1176 1290
f 1339 1295 1294
f 1104 1365 1105
f 1281 1274 1182
f 1165 1294 1310
f 1841 1308 1234
f 1164 1166 1372
f 1076 1824 1074
f 1463 1780 1781
f 1165 1339 1294
f 1238 1274 1298
f 1842 1366 1825
f 1347 1300 1319
f 1357 1141 1319
f 1780 1033 1371
f 1155 1200 1090
f 1175 1835 1167
f 1428 1421 1466
f 1769 1033 1050
f 1307 1199 1218
f 1123 1347 1141
f 1498 1395 1825
f 1127 1164 1100
f 1769 1237 1371
f 1218 1079 1818
f 1126 1382 1338
f 1108 1141 1117
f 1131 1133 1129
f 1820 1211 1210
f 1320 1818 1255
f 1818 1820 1255
f 1320 1218 1818
f 1437 1269 1419
f 1211 1819 1843
f 1820 1819 1211
f 1372 1100 1164
f 1721 1622 1589
f 1161 1255 1162
f 1355 1190 1362
f 1112 1148 1110
f 1235 1237 1770
f 1389 1383 1382
f 1844 1211 1216
f 1107 1406 1108
f 1348 1074 1351
f 1420 1783 1472
f 1071 1147 1116
f 1099 1388 1389
f 1088 1360 1159
f 1845 1821 1350
f 1360 1088 1089
f 1408 1579 1324
f 1269 1268 1420
f 1110 1364 1111
f 1106 1093 1330
f 1835 1168 1167
f 1835 1084 1168
f 1275 1218 1320
f 1185 1824 1813
f 1324 1579 1325
f 1111 1365 1104
f 1293 1573 1235
f 1317 1816 1318
f 1412 1406 1405
f 1783 1756 1577
f 1483 1493 1784
f 1846 1524 1523
f 1524 1846 1830
f 1426 1433 1399
f 1238 1250 1146
f 1662 1413 1405
f 1578 1577 1833
f 1451 1413 1662
f 1561 1425 1791
f 1438 1421 1428
f 1524 1129 1133
f 1645 1584 1669
f 1222 1174 1286
f 1471 1536 1773
f 1773 1474 1471
f 1615 1058 1055
f 1445 1434 1426
f 1573 1745 1528
f 1446 1445 1561
f 1812 1140 1395
f 1575 1530 1779
f 1334 1847 1439
f 1452 1663 1443
f 1458 1847 1334
f 1739 1474 1774
f 1848 1840 1513
f 1451 1663 1452
f 1125 1343 1171
f 1131 1130 1828
f 1097 1441 1442
f 1809 1181 1201
f 1561 1304 1475
f 1176 1838 1302
f 1374 1458 1334
f 1745 1639 1528
f 1313 1385 1314
f 1444 1446 1475
f 1447 1441 1248
f 1441 1097 1179
f 1260 1280 1839
f 1474 1772 1719
f 1671 1652 1627
f 1333 1332 1473
f 1701 1656 1629
f 1774 1682 1739
f 1647 1669 1849
f 1772 1706 1719
f 1282 1278 1807
f 1803 1193 1805
f 1734 1849 1669
f 1839 1280 1261
f 1538 1692 1772
f 1850 1247 1179
f 1851 1315 1481
f 1542 1673 1543
f 1702 1529 1670
f 1624 1589 1622
f 1322 1803 1805
f 1589 1690 1565
f 1443 1663 1431
f 1207 1166 1205
f 1775 1188 1187
f 1542 1690 1717
f 1358 1524 1823
f 1299 1254 1253
f 1499 1366 1085
f 1509 1470 1510
f 1516 1482 1492
f 1675 1679 1736
f 1344 1322 1805
f 1344 1805 1799
f 1299 1263 1367
f 1813 1498 1185
f 1367 1798 1335
f 1344 1323 1322
f 1652 1671 1680
f 1665 1677 1666
f 1501 1787 1576
f 1841 1234 1346
f 1740 1742 1718
f 1492 1506 1515
f 1753 1602 1708
f 1328 1617 1661
f 1667 1718 1715
f 1667 1715 1665
f 1665 1715 1694
f 1525 1494 1760
f 1853 1641 1727
f 1677 1694 1695
f 1697 1684 1693
f 1618 1634 1659
f 1555 1525 1760
f 1525 1555 1552
f 1678 1695 1064
f 1742 1709 1737
f 1151 1367 1335
f 1563 1562 1591
f 1855 1856 1709
f 1857 1515 1546
f 1684 1654 1700
f 1712 1641 1858
f 1327 1616 1328
f 1697 1735 1686
f 1141 1347 1319
f 1757 1606 1506
f 1767 1782 1570
f 1207 1122 1345
f 1729 1585 1537
f 1617 1751 1660
f 1858 1680 1712
f 1793 1051 1556
f 1705 1638 1696
f 1506 1606 1547
f 1570 1782 1554
f 1628 1701 1629
f 1755 1744 1757
f 1854 1557 1619
f 1634 1596 1635
f 1749 1616 1733
f 1598 1631 1586
f 1590 1748 1591
f 1653 1815 1625
f 1614 1052 1053
f 1616 1757 1744
f 1744 1755 1751
f 1055 1052 1614
f 1786 1655 1654
f 1597 1631 1598
f 1656 1748 1629
f 1755 1754 1603
f 1377 1343 1375
f 1596 1598 1738
f 1621 1859 1680
f 1860 1143 1814
f 1815 1765 1625
f 1625 1594 1626
f 1752 1793 1786
f 1654 1614 1752
f 1653 1652 1724
f 1652 1680 1858
f 1654 1615 1614
f 1051 1793 1053
f 1558 1572 1571
f 1553 1568 1554
f 1642 1604 1691
f 1159 1360 1359
f 1375 1124 1390
f 1796 1522 1521
f 1709 1859 1710
f 1526 1535 1562
f 1697 1615 1684
f 1065 1686 1064
f 1856 1859 1709
f 1540 1648 1650
f 1565 1690 1542
f 1737 1658 1714
f 1327 1861 1733
f 1739 1682 1648
f 1517 1787 1502
f 1501 1502 1787
f 1344 1799 1171
f 1855 1709 1742
f 1716 1390 1124
f 1714 1715 1737
f 1697 1058 1615
f 1399 1398 1087
f 1856 1855 1862
f 1670 1623 1702
f 1665 1694 1677
f 1660 1602 1753
f 1855 1742 1698
f 1684 1863 1693
f 1510 1470 1476
f 1707 1700 1649
f 1680 1859 1856
f 1863 1684 1707
f 1688 1853 1623
f 1751 1603 1602
f 1662 1405 1107
f 1708 1688 1670
f 1801 1390 1716
f 1189 1247 1187
f 1247 1850 1187
f 1704 1703 1593
f 1660 1753 1696
f 1650 1704 1560
f 1380 1801 1716
f 1414 1070 1430
f 1692 1863 1706
f 1724 1643 1726
f 1297 1481 1315
f 1845 1350 1349
f 1368 1248 1189
f 1706 1863 1707
f 1696 1753 1657
f 1854 1619 1730
f 1370 1485 1452
f 1314 1297 1315
f 1452 1453 1370
f 1340 1310 1309
f 1542 1717 1673
f 1672 1543 1673
f 1448 1452 1443
f 1819 1088 1159
f 1340 1309 1316
f 1435 1429 1864
f 1429 1385 1864
f 1314 1386 1449
f 1732 1674 1668
f 1448 1443 1417
f 1590 1592 1704
f 1413 1451 1449
f 1385 1429 1430
f 1450 1452 1457
f 1186 1336 1184
f 1448 1447 1453
f 1334 1445 1332
f 1702 1622 1721
f 1785 1414 1429
f 1536 1620 1537
f 1374 1459 1458
f 1453 1447 1368
f 1485 1457 1452
f 1239 1146 1112
f 1248 1179 1249
f 1488 1734 1620
f 1739 1539 1599
f 1785 1403 1402
f 1833 1732 1644
f 1751 1602 1660
f 1791 1083 1390
f 1778 1477 1268
f 1325 1644 1646
f 1412 1070 1080
f 1799 1805 1806
f 1642 1641 1853
f 1107 1106 1330
f 1485 1370 1482
f 1069 1068 1384
f 1722 1611 1373
f 1756 1544 1577
f 1069 1802 1080
f 1111 1104 1199
f 1406 1397 1142
f 1177 1491 1178
f 1473 1479 1469
f 1722 1373 1204
f 1735 1064 1686
f 1467 1471 1461
f 1481 1245 1244
f 1188 1369 1189
f 1384 1100 1372
f 1806 1800 1799
f 1082 1381 1376
f 1510 1103 1427
f 1345 1802 1372
f 1423 1440 1096
f 1479 1480 1496
f 1345 1122 1121
f 1122 1347 1123
f 1382 1362 1338
f 1727 1624 1623
f 1465 1577 1408
f 1144 1157 1381
f 1518 1422 1500
f 1377 1157 1156
f 1541 1510 1427
f 1780 1371 1771
f 1505 1776 1520
f 1421 1577 1465
f 1421 1472 1577
f 1533 1269 1437
f 1233 1273 1234
f 1515 1512 1516
f 1127 1794 1339
f 1339 1165 1127
f 1338 1339 1794
f 1338 1190 1192
f 1465 1408 1466
f 1438 1437 1419
f 1340 1205 1166
f 1316 1212 1206
f 1261 1253 1839
f 1866 1135 1503
f 1768 1422 1519
f 1312 1033 1780
f 1664 1731 1694
f 1367 1357 1299
f 1777 1438 1867
f 1868 1867 1438
f 1869 1868 1438
f 1857 1512 1515
f 1508 1541 1762
f 1584 1675 1692
f 1819 1822 1843
f 1335 1798 1797
f 1033 1769 1371
f 1781 1771 1493
f 1786 1793 1787
f 1309 1213 1316
f 1306 1797 1227
f 1535 1534 1607
f 1160 1234 1287
f 1797 1798 1225
f 1797 1225 1227
f 1299 1301 1254
f 1230 1781 1493
f 1230 1463 1781
f 1225 1263 1262
f 1736 1693 1675
f 1771 1532 1533
f 1795 1760 1762
f 1803 1322 1321
f 1208 1206 1242
f 1263 1225 1798
f 1759 1760 1795
f 1863 1692 1693
f 1570 1631 1609
f 1742 1737 1718
f 1280 1298 1261
f 1303 1223 1259
f 1287 1290 1321
f 1283 1321 1290
f 1285 1259 1223
f 1291 1415 1549
f 1316 1213 1212
f 1803 1283 1193
f 1838 1176 1273
f 1592 1591 1597
f 1285 1286 1173
f 1289 1215 1807
f 1181 1289 1182
f 1749 1606 1616
f 1262 1281 1225
f 1262 1298 1274
f 1675 1674 1679
f 1302 1317 1175
f 1807 1215 1214
f 1155 1283 1200
f 1173 1286 1174
f 1278 1281 1807
f 1274 1238 1239
f 1239 1307 1274
f 1701 1654 1656
f 1687 1056 1058
f 1643 1691 1871
f 1710 1859 1621
f 1604 1642 1610
f 1061 1695 1685
f 1461 1471 1251
f 1454 1573 1292
f 1628 1590 1704
f 1835 1175 1318
f 1680 1856 1711
f 1217 1219 1210
f 1217 1216 1219
f 1727 1728 1624
f 1337 1118 1120
f 1336 1318 1337
f 1150 1132 1393
f 1199 1239 1111
f 1602 1610 1708
f 1735 1693 1736
f 1853 1727 1623
f 1735 1678 1064
f 1727 1712 1711
f 1735 1697 1693
f 1341 1351 1342
f 1642 1853 1688
f 1079 1078 1818
f 1718 1737 1715
f 1834 1821 1845
f 1336 1186 1085
f 1742 1873 1741
f 1740 1873 1742
f 1078 1088 1818
f 1707 1684 1700
f 1342 1824 1185
f 1728 1862 1689
f 1855 1698 1689
f 1862 1855 1689
f 1740 1718 1717
f 1676 1329 1328
f 1573 1528 1575
f 1578 1833 1325
f 1499 1085 1186
f 1736 1679 1678
f 1193 1149 1804
f 1076 1154 1824
f 1650 1628 1704
f 1677 1679 1666
f 1086 1366 1378
f 1146 1148 1112
f 1624 1689 1589
f 1366 1499 1825
f 1666 1679 1673
f 1162 1255 1210
f 1813 1395 1498
f 1387 1365 1364
f 1167 1169 1290
f 1673 1717 1666
f 1366 1842 1378
f 1411 1133 1132
f 1528 1530 1575
f 1753 1670 1657
f 1150 1393 1139
f 1138 1140 1812
f 1129 1524 1134
f 1131 1828 1113
f 1659 1703 1618
f 1431 1432 1443
f 1430 1790 1386
f 1682 1707 1649
f 1162 1210 1220
f 1624 1728 1689
f 1790 1413 1386
f 1538 1584 1692
f 1711 1856 1862
f 1711 1862 1728
f 1487 1486 1789
f 1487 1789 1646
f 1646 1789 1325
f 1487 1646 1849
f 1487 1849 1734
f 1646 1647 1849
f 1597 1632 1630
f 1632 1636 1630
f 1630 1631 1636
f 1631 1608 1609
f 1741 1743 1742
f 1873 1740 1741
f 1741 1698 1743
f 1683 1587 1580
f 1358 1360 1089
f 1078 1077 1874
f 1392 1391 1830
f 1152 1135 1392
f 1152 1392 1830
f 1866 1392 1135
f 1866 1503 1392
f 1152 1830 1874
f 1846 1874 1830
f 1874 1846 1089
f 1358 1089 1846
f 1153 1874 1077
f 1523 1358 1846
f 1078 1874 1089
f 1874 1153 1152
f 1724 1652 1858
f 1641 1724 1858
f 1643 1724 1641
f 1533 1437 1436
f 1436 1869 1493
f 1869 1784 1493
f 1784 1869 1438
f 1436 1493 1533
f 1653 1725 1871
f 1871 1691 1653
f 1725 1726 1871
f 1726 1643 1725
f 1725 1643 1871
f 1436 1777 1869
f 1777 1867 1869
f 1777 1868 1867
f 1868 1869 1867
f 1216 1209 1844
f 1217 1210 1209
f 1209 1211 1844
f 1865 1400 1403
f 1404 1403 1400
f 1400 1865 1407
f 1220 1163 1162
f 1242 1870 1810
f 1810 1224 1221
f 1221 1242 1810
f 1221 1837 1242
f 1212 1870 1242
f 1837 1221 1875
f 1303 1875 1221
f 1243 1837 1301
f 1301 1837 1875
f 1252 1875 1303
f 1252 1301 1875
f 1876 1811 1836
f 1811 1183 1876
f 1876 1183 1836
f 1181 1198 1201
f 1809 1808 1181
f 1807 1214 1282
f 1831 1860 1814
f 1832 1143 1831
f 1831 1143 1860
f 1832 1356 1143
f 1356 1352 1143
f 1352 1356 1353
f 1857 1877 1512
f 1877 1749 1861
f 1788 1640 1613
f 1852 1511 1877
f 1788 1764 1638
f 1877 1861 1713
f 1481 1490 1851
f 1769 1050 1235
f 1235 1050 1416
f 1416 1415 1235
f 1415 1291 1235
f 1764 1676 1699
f 1235 1770 1769
f 1511 1244 1246
f 1327 1329 1861
f 1788 1638 1640
f 1613 1640 1454
f 1713 1329 1676
f 1713 1676 1060
f 1851 1490 1177
f 1177 1490 1491
f 1573 1454 1746
f 1676 1764 1060
f 1291 1293 1235
f 1638 1764 1699
f 1640 1746 1454
f 1877 1511 1512
f 1857 1546 1877
f 1815 1691 1604
f 1815 1653 1691
f 1754 1815 1604
f 1766 1815 1754
f 1754 1758 1766
f 1796 1681 1758
f 1768 1766 1758
f 1681 1768 1758
f 1423 1681 1796
f 1521 1423 1796
f 1423 1521 1440
f 1521 1520 1440
f 1776 1440 1520
f 1776 1775 1440
f 1180 1440 1775
f 1187 1180 1775
f 1187 1179 1180
f 1179 1187 1850
f 1872 1843 1822
f 1843 1216 1211
f 1353 1354 1346
f 1872 1216 1843
f 1284 1881 1302
f 1816 1118 1337
f 1317 1302 1881
f 1817 1872 1822
f 1882 1883 1071
f 1090 1091 1888
f 1889 1092 1890
f 1891 1892 1893
f 1896 1895 1893
f 1090 1888 1898
f 1899 1900 1901
f 1101 1102 1103
f 1901 1902 1903
f 1904 1905 1906
f 1907 1906 1905
f 1903 1902 1908
f 1909 1109 1910
f 1902 1911 1908
f 1904 1913 1113
f 1916 1917 1115
f 1116 1918 1071
f 1919 1920 1921
f 1924 1925 1926
f 1921 1927 1919
f 1124 1125 1928
f 1935 1936 1937
f 1090 1898 1149
f 1888 1931 1934
f 1938 1939 1940
f 1125 1942 1943
f 1883 1941 1944
f 1945 1946 1947
f 1171 1942 1125
f 1071 1918 1882
f 1949 1950 1946
f 1177 1178 1951
f 1897 1884 1952
f 1948 1954 1898
f 1957 1956 1958
f 1212 1213 1946
f 1959 1929 1960
f 1913 1895 1896
f 1957 1958 1961
f 1962 1228 1936
f 1963 1959 1240
f 1963 1947 1959
f 1964 1965 1966
f 1172 1174 1240
f 1970 1092 1251
f 1971 1961 1972
f 1971 1973 1961
f 1265 1974 1975
f 1970 1251 1978
f 1955 1288 1265
f 1979 1980 1981
f 1982 1265 1975
f 1984 1953 1949
f 1980 1985 1986
f 1265 1288 1294
f 1980 1979 1987
f 1985 1980 1988
f 1191 1989 1295
f 1311 1990 1963
f 1991 1022 1312
f 1974 1265 1295
f 1950 1947 1946
f 1993 1994 1985
f 1172 1995 1996
f 1997 1983 1992
f 1947 1929 1959
f 2001 1951 2002
f 1190 1987 1191
f 1925 1968 1926
f 2007 2008 1988
f 2010 2007 1939
f 2011 1884 1882
f 1940 1355 2012
f 1361 2012 1355
f 1363 1883 2015
f 1110 2016 2017
f 1110 2017 1364
f 1361 2019 2012
f 2020 2021 1943
f 2022 2016 1944
f 2023 1943 2021
f 2019 1114 1915
f 2017 2016 2022
f 1378 2026 1379
f 1114 1382 1383
f 2031 1923 1387
f 1388 1383 1389
f 1387 1923 2034
f 2035 1889 1890
f 1393 1113 1913
f 1905 1909 1917
f 1917 1909 1910
f 1383 2040 1114
f 1903 2041 1901
f 1899 1901 2041
f 2042 1408 2043
f 2049 1893 1892
f 1935 2050 2018
f 2040 1388 2051
f 2052 1324 2035
f 2055 2056 2057
f 2059 2060 2061
f 1103 1102 1424
f 2042 2043 2025
f 1427 1424 2070
f 2043 2071 2025
f 1428 2050 1937
f 2072 2061 1435
f 2073 2074 2064
f 2080 2081 2082
f 1396 1899 2041
f 1964 2085 2057
f 1964 1966 2086
f 1471 2090 1251
f 2090 1474 2081
f 2096 1926 1228
f 1231 1483 1926
f 1490 1178 1491
f 1912 1905 1503
f 1968 1231 1926
f 2052 2035 2104
f 1539 1540 2108
f 2109 1541 1427
f 2110 2035 1890
f 1380 1545 1305
f 1092 2113 1890
f 2113 1092 1970
f 1540 1560 2108
f 1560 1593 2115
f 2118 1599 2119
f 2121 2122 1047
f 1326 1889 2035
f 1047 1588 2121
f 1612 1613 1456
f 1137 1912 1503
f 2133 1593 1659
f 2134 2108 2115
f 2136 2137 2115
f 2149 2150 1683
f 2151 2150 2152
f 2109 1427 2070
f 2151 1633 2150
f 2130 1601 1713
f 2148 2152 2147
f 2150 1633 1635
f 2147 2152 2153
f 1059 2131 2130
f 1042 1063 1730
f 1635 1683 2150
f 1739 1540 1539
f 1092 1889 2156
f 2152 2149 2157
f 2157 2128 2135
f 2157 2158 2128
f 2133 2151 2159
f 2081 1739 1599
f 1567 1553 2160
f 1471 1474 2090
f 2161 2160 1553
f 2158 2162 2163
f 2169 2168 2165
f 1541 2109 2170
f 2170 2109 2070
f 1514 1062 1041
f 2070 2171 2172
f 1550 1588 1047
f 1424 1102 2177
f 2082 2081 1599
f 1305 2074 2178
f 1305 1545 2074
f 2179 2108 2180
f 1978 2081 2080
f 1716 1124 2181
f 2182 1785 1429
f 1404 2051 1388
f 1251 2090 1978
f 1545 1747 2074
f 1092 2156 1461
f 1716 2181 1747
f 1965 1964 1046
f 1400 2051 1404
f 1400 1886 2051
f 1387 2034 1932
f 2170 1762 1541
f 2071 2043 2052
f 2019 1361 1114
f 1928 1943 2023
f 1928 1125 1943
f 2086 2085 1964
f 1466 2042 2018
f 1231 1968 1229
f 2162 1762 2170
f 1795 1762 2162
f 2181 1124 1928
f 2180 2108 2134
f 2185 1988 1987
f 1997 1942 1171
f 1799 1800 1171
f 1979 1981 1989
f 2096 1228 1962
f 1310 1294 1288
f 1926 2065 1924
f 1800 1806 1804
f 1924 2089 1925
f 1240 1960 1172
f 1804 1149 1957
f 2084 2042 2024
f 1995 1960 1930
f 1071 1363 1148
f 2082 1599 2118
f 1888 1948 1898
f 2019 1915 2187
f 1944 1933 2022
f 2188 2189 2190
f 2189 1900 1899
f 1913 2191 1895
f 1826 1892 1827
f 2049 1892 1826
f 1912 1907 1905
f 1109 1909 1828
f 1911 2192 1908
f 2026 1919 1379
f 1387 1932 1365
f 2193 2194 1140
f 1396 2041 1829
f 1920 1919 2026
f 2041 1825 1829
f 1911 1920 2026
f 1932 1137 1365
f 1140 1827 2193
f 2192 1911 2026
f 2017 2022 1922
f 1115 1910 1109
f 1826 1393 1896
f 1927 1931 1888
f 1379 1927 1888
f 1904 1906 1913
f 1932 1912 2195
f 1364 2017 2031
f 1599 1539 2119
f 1110 2015 2016
f 2193 1891 1894
f 2119 1539 2179
f 1363 2015 1110
f 1071 1883 1363
f 1892 2193 1827
f 2179 1539 2108
f 1904 1113 1828
f 1909 1904 1828
f 1956 1957 1954
f 1116 2011 1918
f 1795 2162 2158
f 2158 1759 1795
f 1905 1917 1916
f 1995 2196 1996
f 1894 2188 2193
f 1892 1891 2193
f 1893 2049 1896
f 2161 1759 2158
f 2193 2188 2194
f 1996 1116 1258
f 1396 2190 1899
f 2194 2190 1396
f 1909 1905 1904
f 2195 1912 1137
f 1172 1960 1995
f 1987 1979 1191
f 2041 1903 2192
f 1988 1980 1987
f 1257 1996 1258
f 1990 1311 1810
f 1989 1974 1295
f 1973 1971 1800
f 1800 1971 1977
f 1974 1989 1975
f 1922 1923 2031
f 2015 1944 2016
f 1955 1953 1288
f 1288 1953 1984
f 2003 1942 1997
f 1952 1884 2011
f 1946 1984 1949
f 1942 2003 1943
f 2003 2020 1943
f 1947 1950 1929
f 1959 1960 1240
f 1062 1514 2201
f 2196 1952 1996
f 2158 2202 2161
f 2110 2104 2035
f 1408 1324 2043
f 2202 2158 2157
f 2035 1324 1326
f 1960 1929 1930
f 2011 1882 1918
f 2181 2023 2038
f 2181 2038 1747
f 2204 1747 2038
f 1944 1941 1933
f 2064 1747 2204
f 1137 1136 1365
f 2160 2161 2202
f 2192 2026 1842
f 1474 1739 2081
f 2085 2206 2057
f 2041 2192 1842
f 1115 1917 1910
f 1826 1896 2049
f 2087 2178 2083
f 1840 2201 1514
f 2178 2087 2091
f 1989 1981 2208
f 1191 1979 1989
f 2058 2057 2206
f 1379 1888 1091
f 2157 2149 2202
f 2008 2210 1993
f 2010 2008 2007
f 2211 2210 2008
f 2211 2008 2010
f 2152 2135 2153
f 1730 1063 1854
f 1940 1939 2007
f 2152 2157 2135
f 2112 2170 2172
f 1571 2114 1558
f 2187 1938 1940
f 2128 2158 2124
f 2158 2163 2124
f 1355 2185 1987
f 2123 2163 2212
f 2163 2162 2212
f 2187 1915 2027
f 2213 2205 2200
f 2212 2162 2170
f 2170 2112 2212
f 2170 2070 2172
f 1388 2040 1383
f 2171 2070 2099
f 2070 1424 2099
f 1178 1490 2103
f 2115 1593 2136
f 1424 2100 2099
f 2008 1985 1988
f 2122 1067 1047
f 2137 2133 2138
f 1067 1965 1046
f 2177 1102 2178
f 1560 1704 1593
f 1102 1305 2178
f 2061 2060 2214
f 1313 1315 1851
f 1951 2001 1177
f 2061 2072 2059
f 2083 2178 2074
f 2152 2150 2149
f 2074 2073 2083
f 1435 2184 2072
f 2108 1560 2115
f 2064 2074 1747
f 1865 2060 1407
f 2024 2042 2025
f 2209 2138 2133
f 2209 2133 2159
f 1513 1792 1848
f 1928 2023 2181
f 1936 1228 1937
f 2136 2133 2137
f 2187 2012 2019
f 2012 2187 1940
f 2136 1593 2133
f 1940 2007 1355
f 1355 2007 2185
f 1190 1355 1987
f 1988 2185 2007
f 1995 1930 2196
f 1428 1466 2050
f 2208 1975 1989
f 1192 1191 1295
f 2008 1993 1985
f 2018 2042 2084
f 2018 2050 1466
f 2042 1466 1408
f 1483 1784 1228
f 1937 2050 1935
f 1800 1997 1171
f 2052 2043 1324
f 1800 1983 1997
f 1980 2215 1981
f 1805 1804 1806
f 1483 1228 1926
f 1996 2011 1116
f 1553 1759 2161
f 2065 1926 2096
f 1228 1428 1937
f 1800 1977 1983
f 2148 2151 2152
f 1288 1984 1213
f 1982 1955 1265
f 1804 1973 1800
f 1946 1870 1212
f 1969 1968 2197
f 2197 1925 2089
f 1968 1925 2197
f 1213 1984 1946
f 1946 1945 1870
f 1804 1961 1973
f 1945 1947 1963
f 2151 2148 2159
f 1172 1996 1257
f 1462 1461 2156
f 1804 1957 1961
f 1991 1312 1464
f 1842 2026 1378
f 1792 1513 1574
f 2081 1978 2090
f 1898 1957 1149
f 1996 1952 2011
f 1898 1954 1957
f 2186 1897 1952
f 2151 1659 1633
f 2133 1659 2151
f 1882 1941 1883
f 2015 1883 1944
f 1888 1934 1948
f 1456 2095 1612
f 2031 1387 1364
f 1379 1919 1927
f 1922 2031 2017
f 1464 1229 1991
f 2041 1842 1825
f 1137 1932 2195
f 1916 1503 1905
f 1130 1109 1828
f 1396 1140 2194
f 1903 1908 2192
f 1913 1896 1393
f 1906 2191 1913
f 2194 2188 2190
f 1462 2156 1326
f 1326 1486 1462
f 1326 1789 1486
f 2156 1889 1326
f 1580 1567 2160
f 2160 2202 2149
f 1580 2160 2149
f 1683 1580 2149
f 1503 1115 1392
f 1115 1503 1916
f 2047 2173 2048
f 2174 2175 2173
f 2060 1785 2214
f 1429 1435 2214
f 2182 1429 2214
f 1435 2061 2214
f 1865 1403 2060
f 2060 1403 1785
f 1785 2182 2214
f 1990 1945 1963
f 1870 1945 1990
f 1990 1810 1870
f 1994 1980 1986
f 2215 2216 2208
f 2215 2208 1981
f 2218 2063 2217
f 1490 1244 1511
f 1490 1511 1852
f 1456 1613 1454
f 1490 1481 1244
f 1851 2002 1864
f 1385 1313 1864
f 1851 2001 2002
f 2001 1851 1177
f 1435 1864 2184
f 2184 1864 2002
f 1313 1851 1864
f 1490 1852 2103
f 1877 1546 1749
f 1329 1713 1861
f 2139 1713 1060
f 1713 2139 2130
o seat_ring_sides
f 2219 2220 2221
f 2223 2221 2224
f 2228 2229 2226
f 2230 2227 2231
f 2232 2230 2231
f 2223 2233 2234
f 2237 2238 2236
f 2239 2240 2241
f 2245 2246 2247
f 2248 2237 2249
f 2250 2251 2252
f 2255 2256 2257
f 2262 2263 2264
f 2265 2264 2263
f 2246 2258 2268
f 2258 2270 2268
f 2272 2273 2274
f 2279 2264 2265
f 2284 2285 2286
f 2279 2287 2259
f 2279 2272 2287
f 2272 2260 2287
f 2290 2285 2291
f 2272 2274 2260
f 2274 2273 2292
f 2245 2292 2246
f 2293 2294 2295
f 2296 2297 2298
f 2267 2297 2296
f 2302 2303 2304
f 2256 2222 2220
f 2256 2255 2250
f 2253 2303 2302
f 2306 2307 2308
f 2240 2242 2310
f 2311 2232 2312
f 2271 2228 2230
f 2228 2226 2227
f 2295 2314 2293
f 2316 2304 2303
f 2316 2319 2306
f 2306 2308 2316
f 2321 2320 2285
f 2293 2322 2294
f 2323 2275 2322
f 2290 2321 2285
f 2324 2315 2313
f 2331 2332 2326
f 2281 2317 2336
f 2341 2342 2343
f 2342 2344 2343
f 2346 2342 2345
f 2349 2346 2348
f 2351 2338 2350
f 2351 2350 2352
f 2350 2353 2352
f 2355 2354 2356
f 2291 2284 2357
f 2338 2351 2347
f 2318 2339 2365
f 2365 2339 2366
f 2368 2277 2281
f 2371 2372 2328
f 2330 2327 2373
f 2315 2374 2375
f 2375 2307 2315
f 2323 2322 2293
f 2321 2243 2320
f 2301 2302 2304
f 2275 2254 2322
f 2320 2314 2295
f 2314 2320 2243
f 2279 2259 2264
f 2245 2274 2292
f 2233 2382 2234
f 2224 2233 2223
f 2219 2257 2220
f 2221 2220 2222
f 2251 2383 2252
f 2232 2231 2384
f 2384 2312 2232
f 2383 2385 2386
f 2311 2236 2238
f 2228 2288 2229
f 2382 2298 2297
f 2382 2387 2298
f 2298 2387 2247
f 2238 2237 2248
f 2228 2227 2230
f 2235 2311 2312
f 2285 2284 2291
f 2262 2264 2259
f 2389 2321 2290
f 2392 2265 2263
f 2386 2385 2239
f 2239 2305 2386
f 2239 2393 2240
f 2250 2252 2305
f 2385 2393 2239
f 2324 2313 2373
f 2261 2387 2382
f 2245 2260 2274
f 2246 2298 2247
f 2246 2268 2298
f 2330 2225 2371
f 2225 2372 2371
f 2372 2225 2369
f 2296 2298 2268
f 2383 2386 2252
f 2277 2368 2333
f 2281 2336 2368
f 2317 2318 2336
f 2257 2256 2220
f 2251 2250 2255
f 2340 2363 2339
f 2385 2383 2244
f 2363 2340 2362
f 2361 2362 2376
f 2310 2241 2240
f 2361 2376 2377
f 2310 2242 2249
f 2242 2248 2249
f 2347 2361 2377
f 2347 2360 2361
f 2353 2396 2352
f 2356 2354 2358
f 2355 2348 2354
f 2334 2326 2335
f 2326 2370 2325
f 2326 2332 2370
f 2344 2342 2346
f 2334 2331 2326
f 2343 2364 2341
f 2331 2341 2332
f 2337 2341 2331
f 2337 2342 2341
f 2346 2349 2344
f 2359 2349 2355
f 2349 2348 2355
f 2396 2356 2358
f 2352 2396 2358
f 2351 2360 2347
f 2314 2323 2293
f 2340 2376 2362
f 2322 2254 2294
f 2339 2363 2366
f 2309 2254 2301
f 2365 2336 2318
f 2302 2301 2253
f 2336 2367 2368
f 2333 2368 2369
f 2303 2319 2316
f 2369 2225 2333
f 2330 2371 2327
f 2327 2371 2328
f 2373 2329 2330
f 2329 2373 2313
f 2393 2244 2240
f 2315 2324 2374
f 2308 2307 2375
f 2294 2254 2309
f 2254 2253 2301
f 2259 2287 2260
f 2394 2219 2221
f 2221 2223 2394
f 2224 2221 2222
f 2255 2257 2219
f 2292 2258 2246
f 2305 2252 2386
f 2385 2244 2393
f 2311 2235 2236
f 2267 2382 2297
f 2267 2234 2382
f 2273 2258 2292
f 2390 2291 2391
f 2280 2381 2392
f 2399 2401 2400
f 2289 2300 2388
f 2397 2289 2388
f 2282 2289 2397
f 2379 2397 2388
f 2357 2284 2378
f 2357 2378 2391
f 2392 2398 2280
f 2380 2278 2398
f 2401 2398 2392
f 2397 2269 2398
f 2269 2380 2398
f 2269 2397 2379
f 2391 2291 2357
f 2395 2392 2381
f 2401 2399 2398
f 2291 2276 2389
f 2395 2272 2279
f 2265 2392 2395
f 2272 2395 2273
f 2290 2291 2389
f 2279 2265 2395
f 2284 2286 2283
f 2284 2283 2378
f 2398 2278 2280
f 2402 2299 2391
f 2276 2291 2390
f 2401 2392 2403
f 2400 2392 2266
f 2392 2263 2266
f 2400 2401 2403
o seat_ring_sides_front
f 2407 2409 2408
f 2414 2413 2415
f 2414 2416 2413
f 2417 2416 2414
f 2416 2417 2418
f 2419 2418 2417
f 2419 2417 2420
f 2421 2422 2419
f 2423 2422 2421
f 2424 2423 2421
f 2424 2425 2423
f 2425 2424 2426
f 2426 2427 2425
f 2428 2427 2429
f 2429 2431 2428
f 2432 2431 2429
f 2430 2431 2432
f 2432 2433 2430
f 2430 2433 2434
f 2434 2433 2435
f 2432 2435 2433
f 2436 2434 2435
f 2437 2434 2436
f 2439 2436 2440
f 2439 2440 2442
f 2439 2443 2441
f 2443 2439 2442
f 2441 2443 2445
f 2446 2445 2443
f 2446 2447 2445
f 2445 2447 2448
f 2448 2447 2449
f 2448 2449 2450
f 2451 2453 2452
f 2452 2453 2450
f 2452 2450 2455
f 2454 2452 2455
f 2455 2456 2457
f 2454 2455 2457
f 2457 2458 2454
f 2460 2458 2457
f 2456 2460 2457
f 2460 2461 2462
f 2463 2462 2461
f 2464 2463 2465
f 2466 2465 2467
f 2464 2465 2466
f 2464 2466 2468
f 2467 2465 2469
f 2471 2466 2467
f 2471 2467 2470
f 2472 2466 2471
f 2474 2471 2475
f 2475 2471 2476
f 2476 2471 2473
f 2477 2475 2476
f 2478 2479 2475
f 2480 2475 2477
f 2477 2481 2480
f 2482 2480 2483
f 2459 2408 2409
f 2415 2412 2410
f 2413 2412 2415
f 2411 2409 2407
f 2438 2487 2404
f 2421 2419 2420
f 2426 2429 2427
f 2436 2435 2440
f 2437 2436 2439
f 2443 2442 2444
f 2443 2444 2446
f 2448 2451 2445
f 2453 2451 2448
f 2450 2453 2448
f 2455 2450 2456
f 2490 2458 2462
f 2462 2458 2460
f 2456 2461 2460
f 2463 2461 2465
f 2491 2465 2461
f 2472 2468 2466
f 2472 2471 2474
f 2479 2474 2475
f 2476 2473 2481
f 2481 2477 2476
f 2478 2475 2480
f 2478 2480 2482
f 2480 2481 2485
f 2483 2480 2485
f 2492 2484 2486
f 2459 2415 2410
f 2459 2410 2408
f 2407 2406 2411
f 2411 2406 2488
f 2488 2438 2411
f 2487 2438 2488
f 2405 2489 2488
o lid_seat_hinge_area
f 2 3 4
f 20 21 22
f 22 23 20
f 16 10 9
f 26 28 29
f 36 37 38
f 40 21 20
f 45 46 47
f 22 19 23
f 14 48 21
f 21 40 14
f 37 45 42
f 42 45 49
f 5 39 6
f 6 39 47
f 47 49 45
f 49 54 55
f 44 54 49
f 34 28 24
f 1 3 11
f 33 52 30
f 8 11 3
f 48 17 22
f 13 32 24
f 38 37 41
f 3 2 8
f 36 51 45
f 51 46 45
f 41 37 42
f 5 50 39
f 39 44 47
f 31 44 39
f 53 27 6
f 47 44 49
f 25 56 15
f 46 6 47
f 16 15 10
f 22 21 48
f 6 46 53
f 51 53 46
f 37 36 45
f 32 34 24
f 42 55 35
f 42 49 55
f 57 5 6
f 11 8 61
f 11 63 58
f 68 69 70
f 31 70 44
f 54 71 65
f 69 71 70
f 31 68 70
f 44 70 54
f 57 6 27
f 67 69 68
f 55 54 35
f 54 65 35
f 70 71 54
f 56 25 60
f 33 64 27
f 74 75 72
f 82 8 2
f 81 83 84
f 87 14 86
f 62 58 63
f 95 68 31
f 82 83 8
f 83 61 8
f 13 96 32
f 83 82 84
f 91 104 111
f 92 111 97
f 91 72 103
f 107 98 80
f 103 104 91
f 100 87 90
f 100 110 87
f 103 72 75
f 74 73 106
f 116 98 117
f 117 97 111
f 94 99 74
f 118 119 120
f 1 121 122
f 136 137 138
f 146 147 148
f 151 152 7
f 145 153 154
f 156 157 145
f 9 10 160
f 161 162 163
f 161 4 162
f 162 4 122
f 164 147 146
f 165 166 151
f 1 11 121
f 171 172 173
f 11 174 121
f 174 58 177
f 12 179 180
f 182 13 183
f 185 186 86
f 87 188 14
f 191 15 16
f 17 18 19
f 164 193 147
f 177 24 173
f 165 197 166
f 118 198 199
f 201 84 138
f 138 84 147
f 10 203 7
f 10 165 203
f 147 2 161
f 60 130 204
f 160 10 7
f 25 205 60
f 206 121 207
f 140 143 201
f 121 172 207
f 121 174 172
f 212 213 214
f 26 173 24
f 172 174 173
f 171 120 215
f 64 216 27
f 58 174 11
f 191 16 217
f 177 13 24
f 120 171 29
f 29 221 120
f 65 217 66
f 205 25 67
f 217 9 66
f 118 120 221
f 28 30 221
f 32 33 34
f 33 32 64
f 96 64 32
f 118 212 214
f 35 65 66
f 91 95 31
f 31 39 91
f 119 118 199
f 25 191 69
f 213 51 36
f 52 53 51
f 213 231 51
f 14 188 48
f 18 179 233
f 30 212 221
f 34 33 30
f 71 217 65
f 57 27 216
f 241 120 119
f 27 53 52
f 58 242 177
f 177 242 243
f 13 177 244
f 188 245 246
f 231 52 51
f 231 213 212
f 203 151 7
f 206 162 122
f 165 204 197
f 2 4 161
f 197 250 166
f 147 161 148
f 15 56 204
f 166 251 252
f 166 250 251
f 251 20 252
f 250 40 251
f 1 122 4
f 137 136 253
f 3 1 4
f 254 246 255
f 180 179 254
f 206 122 121
f 159 180 254
f 143 81 201
f 84 201 81
f 193 138 147
f 137 140 201
f 22 17 19
f 193 136 138
f 18 17 246
f 48 188 17
f 24 28 26
f 172 171 207
f 260 214 36
f 171 173 26
f 145 154 156
f 174 177 173
f 58 13 182
f 180 157 12
f 28 221 29
f 255 159 254
f 255 246 245
f 188 246 17
f 198 118 214
f 185 40 250
f 212 30 231
f 30 52 231
f 27 52 33
f 166 252 151
f 204 165 15
f 153 145 259
f 153 271 154
f 157 156 272
f 159 157 180
f 161 163 274
f 67 25 69
f 217 16 9
f 87 245 188
f 179 18 246
f 15 165 10
f 56 60 204
f 203 165 151
f 130 197 204
f 185 197 130
f 152 151 252
f 185 250 197
f 38 260 36
f 251 40 20
f 214 213 36
f 185 14 40
f 198 214 260
f 254 179 246
f 147 84 2
f 84 82 2
f 241 215 120
f 12 157 272
f 25 15 191
f 69 191 71
f 276 171 215
f 217 71 191
f 244 243 13
f 58 183 242
f 243 183 13
f 252 20 152
f 171 26 29
f 137 201 138
f 28 34 30
f 221 212 118
f 182 183 58
f 183 243 242
f 244 177 243
f 148 161 274
f 233 179 12
f 274 163 148
f 215 163 276
f 124 257 167
f 276 163 162
f 116 87 86
f 117 223 97
f 85 58 62
f 117 287 87
f 186 264 116
f 245 87 110
f 245 110 255
f 131 80 116
f 117 98 223
f 116 196 200
f 116 80 98
f 116 86 186
f 131 116 200
f 90 87 192
f 192 87 287
f 92 91 111
f 116 264 196
o seat_body_hinge_area
f 281 256 170
f 198 281 199
f 281 198 227
f 241 119 281
f 220 211 241
f 220 241 169
f 281 169 241
f 281 119 199
f 266 247 282
f 219 283 247
f 167 190 282
f 181 190 167
f 176 167 168
f 190 144 282
f 226 38 225
f 43 219 224
f 225 38 41
f 247 283 282
f 224 225 43
f 266 282 144
f 41 43 225
f 219 43 283
f 156 271 272
f 124 272 271
f 124 12 272
f 12 167 284
f 167 12 124
f 154 271 156
f 176 168 175
f 163 241 211
f 194 190 181
f 163 211 148
f 18 7 20
f 146 148 158
f 158 148 211
f 158 211 210
f 158 149 146
f 206 207 162
f 162 207 276
f 286 193 150
f 253 136 286
f 227 256 281
f 7 152 20
f 211 220 195
f 273 222 238
f 72 229 101
f 273 238 263
f 230 263 238
f 290 288 289
f 935 934 933
f 1024 1026 1025
f 1028 1033 1032
f 1027 1031 1030
f 1024 1023 1026
f 1024 1034 1023
f 1030 1022 1029
f 1027 1032 1031
f 1027 1028 1032
f 1031 1022 1030
f 1035 1036 1037
f 1033 1028 1050
f 1037 1059 1060
f 1049 1048 1066
f 1312 1031 1032
f 1050 1028 1416
f 1581 1582 1583
f 1612 1531 1637
f 1312 1022 1031
f 1788 1612 1764
f 1549 1455 1454
f 1549 1548 1455
f 1033 1312 1032
f 1548 1026 1455
f 1582 1066 1507
f 1582 1852 1583
f 1713 1601 1600
f 1878 1880 1879
f 1885 1886 1887
f 1914 1915 1114
f 1967 1968 1969
f 1976 1951 1178
f 1998 1999 2000
f 2004 2005 2006
f 1998 2009 1999
f 2004 2013 2014
f 2027 1915 2028
f 2029 2030 1023
f 1914 2032 2028
f 2033 2028 2032
f 2036 2032 2037
f 2033 2032 2036
f 1886 2039 1887
f 2039 1886 1400
f 1407 2039 1400
f 2004 2044 2005
f 2045 2046 1887
f 2037 2040 2051
f 1415 1416 2053
f 2062 2039 1407
f 2066 2009 1998
f 2067 1976 2068
f 2069 1024 1025
f 2009 2075 2076
f 2009 2059 2072
f 2077 2078 2079
f 1998 2000 2088
f 2067 2000 1976
f 2092 2093 2079
f 2079 2093 1027
f 1028 2054 1416
f 2094 2095 1455
f 2097 2067 2068
f 2044 2098 1991
f 2101 2102 1029
f 2103 1507 2068
f 2102 1030 1029
f 1048 1049 2105
f 1531 2106 2107
f 2069 2111 1034
f 2069 1034 1024
f 1548 1549 1415
f 1049 2116 2117
f 1600 1601 2120
f 2125 2126 2127
f 2129 2127 2116
f 2130 2131 1601
f 2126 2125 2132
f 1059 2139 1060
f 2062 2059 1887
f 2125 2127 1601
f 2107 2140 1035
f 1023 2030 2106
f 2141 2142 2143
f 2132 2144 2142
f 2144 2145 2146
f 1036 2132 2125
f 1059 1037 1036
f 2131 1036 2125
f 1035 1637 2107
f 1059 2130 2139
f 1601 2131 2125
f 2144 2143 2142
f 2142 2154 2126
f 2106 2155 2107
f 2142 2126 2132
f 1601 2127 2120
f 2106 1531 1023
f 2094 1531 2095
f 2114 2164 1581
f 1026 2094 1455
f 1764 1037 1060
f 1582 1581 2129
f 1582 2129 2116
f 2166 1581 1583
f 2167 1049 2117
f 1049 1066 2116
f 1637 1037 1764
f 2067 1048 2176
f 2102 2077 2079
f 1023 2094 1026
f 2004 2014 2044
f 1951 2072 2002
f 2044 1991 2005
f 2029 1023 1034
f 1178 2068 1976
f 2045 1887 2076
f 1026 1548 1025
f 2167 2105 1049
f 2040 2037 2032
f 2053 1548 1415
f 1025 1548 2053
f 1999 1976 2000
f 2106 2183 2155
f 2072 2184 2002
f 2098 1029 1022
f 2114 1581 2166
f 1022 1991 2098
f 2028 1915 1914
f 1991 1967 2005
f 2076 2075 2045
f 2059 2062 1407
f 2039 2062 1887
f 1612 1637 1764
f 2040 1914 1114
f 1581 2120 2129
f 2154 2117 2116
f 2141 2117 2154
f 2167 2117 2141
f 2154 2116 2127
f 2198 2199 2006
f 2006 1967 2198
f 2095 1531 1612
f 1991 1229 1967
f 2014 2098 2044
f 2076 2059 2009
f 1030 2079 1027
f 1600 2120 2200
f 2111 2092 2078
f 2092 2111 2069
f 2036 1885 2203
f 1885 1887 2203
f 2060 2059 1407
f 2205 1600 2200
f 2095 1456 1455
f 2066 2075 2009
f 2094 1023 1531
f 1999 1951 1976
f 2207 2000 2067
f 2146 2145 2140
f 2176 2207 2067
f 2105 2176 1048
f 1507 2103 1852
f 1048 2097 1507
f 1066 1048 1507
f 1852 1582 1507
f 2154 2127 2126
f 2120 1581 2200
f 1035 1037 1637
f 2164 2114 1571
f 1557 2200 1571
f 2142 2141 2154
f 1582 2116 1066
f 1886 2037 2051
f 2131 1059 1036
f 2103 2068 1178
f 2203 1887 2046
f 1048 2067 2097
f 2144 2132 2145
f 2132 1036 1035
f 2140 2145 1035
f 1951 1999 2072
f 1999 2009 2072
f 2107 1637 1531
f 1887 2059 2076
f 2006 2005 1967
f 2106 2030 2183
f 2037 1885 2036
f 1885 2037 1886
f 2040 2032 1914
f 2068 1507 2097
f 2111 2029 1034
f 2014 2101 2098
f 1029 2098 2101
f 2093 2053 2054
f 2093 1028 1027
f 2102 2079 1030
f 2092 2079 2078
f 1028 2093 2054
f 2093 2092 2053
f 2092 2069 1025
f 2092 1025 2053
f 1967 1229 1968
f 2200 1581 2164
f 2164 1571 2200
f 2127 2129 2120
f 2198 1967 1969
f 2145 2132 1035
f 2146 2140 2107
f 2207 2088 2000
f 2107 2155 2146
f 2167 2141 2105
f 2207 1998 2088
f 2078 2077 2102
f 2036 2203 2046
f 2014 2013 2101
f 2146 2155 2183
f 2075 2046 2045
f 1713 1600 2205
f 1583 1852 1713
f 1713 1852 1877
f 2391 2378 2402
o _unassigned
f 19 18 23
f 18 20 23
f 42 35 43
f 18 12 7
f 61 63 11
f 73 61 59
f 43 35 66
f 63 73 62
f 61 73 63
f 76 77 78
f 79 77 76
f 79 88 89
f 88 79 76
f 88 76 108
f 74 101 113
f 74 85 73
f 74 93 85
f 73 85 62
f 74 109 93
f 74 112 114
f 127 126 125
f 222 91 92
f 41 42 43
f 123 178 258
f 128 129 139
f 184 189 262
f 132 265 133
f 248 249 202
f 248 202 209
f 142 135 134
f 218 239 208
f 240 239 218
f 209 187 248
f 268 232 228
f 267 277 132
f 278 279 265
f 133 265 279
f 279 127 133
f 91 273 261
f 235 275 234
f 236 237 280
f 276 207 171
f 181 167 176
f 227 198 260
f 38 226 227
f 227 260 38
f 271 270 155
f 124 271 155
f 284 43 9
f 284 282 43
f 282 284 167
f 269 270 271
f 160 12 9
f 12 284 9
f 7 12 160
f 153 285 271
f 164 146 149
f 150 164 149
f 269 285 141
f 141 153 142
f 153 141 285
f 150 193 164
f 193 286 136
f 265 277 278
f 43 66 9
f 132 277 265
f 169 281 170
f 283 43 282
f 285 269 271
f 233 12 18
f 74 114 109
f 222 273 91
