t_mono,position1,position2,position3,position4,position5,position6,position7,speed1,speed2,speed3,speed4,speed5,speed6,speed7,current1,current2,current3,current4,current5,current6,current7,voltage1,voltage2,voltage3,voltage4,voltage5,voltage6,voltage7,temperature1,temperature2,temperature3,temperature4,temperature5,temperature6,temperature7,en1,en2,en3,en4,en5,en6,en7,err1,err2,err3,err4,err5,err6,err7,lift_height,lift_pos,lift_current,lift_err,lift_en,tcp_x,tcp_y,tcp_z,tcp_rx,tcp_ry,tcp_rz,arm_status
0.334903,-3.415000,-69.689003,7.334000,134.516006,32.130001,2.296000,150.490997,0.000000,0.000000,0.000000,-0.120000,0.000000,0.000000,0.000000,-169.000000,-1423.000000,-264.000000,-2111.000000,281.000000,-60.000000,-114.000000,22.000000,22.000000,22.000000,22.000000,22.000000,22.000000,22.000000,31.000000,31.000000,32.000000,32.000000,32.000000,32.000000,33.000000,1,1,1,1,1,1,1,0,0,0,0,0,0,0,74,5376.193848,717,0,1,0.515069,0.031935,-0.323612,-3.117000,-0.400000,0.077000,0
0.345569,-3.415000,-69.689003,7.333000,134.516998,32.130001,2.294000,150.492996,0.000000,0.000000,0.000000,0.000000,0.000000,0.000000,0.000000,-172.000000,-1410.000000,-268.000000,-2072.000000,267.000000,-50.000000,-107.000000,22.000000,22.000000,22.000000,22.000000,22.000000,22.000000,22.000000,31.000000,31.000000,32.000000,32.000000,32.000000,32.000000,33.000000,1,1,1,1,1,1,1,0,0,0,0,0,0,0,74,5376.194824,718,0,1,0.515066,0.031922,-0.323614,-3.117000,-0.400000,0.076000,0
0.356535,-3.416000,-69.686996,7.333000,134.514999,32.132000,2.298000,150.492996,0.000000,0.000000,0.000000,0.000000,0.000000,0.000000,0.000000,-169.000000,-1408.000000,-293.000000,-2093.000000,268.000000,-53.000000,-100.000000,22.000000,22.000000,22.000000,22.000000,22.000000,22.000000,22.000000,31.000000,31.000000,32.000000,32.000000,32.000000,32.000000,33.000000,1,1,1,1,1,1,1,0,0,0,0,0,0,0,74,5376.193848,717,0,1,0.515060,0.031930,-0.323619,-3.117000,-0.400000,0.076000,0
0.366449,-3.416000,-69.690002,7.333000,134.514999,32.132000,2.301000,150.490997,0.000000,0.000000,0.000000,0.000000,0.000000,0.000000,-0.120000,-166.000000,-1407.000000,-286.000000,-2089.000000,270.000000,-60.000000,-109.000000,22.000000,22.000000,22.000000,22.000000,22.000000,22.000000,22.000000,31.000000,31.000000,32.000000,32.000000,32.000000,32.000000,33.000000,1,1,1,1,1,1,1,0,0,0,0,0,0,0,74,5376.193848,718,0,1,0.515059,0.031938,-0.323610,-3.117000,-0.400000,0.076000,0
0.376466,-3.414000,-69.689003,7.332000,134.513000,32.130001,2.303000,150.492996,0.000000,0.000000,0.000000,0.000000,0.000000,0.000000,0.000000,-168.000000,-1410.000000,-297.000000,-2078.000000,279.000000,-64.000000,-122.000000,22.000000,22.000000,22.000000,22.000000,22.000000,22.000000,22.000000,31.000000,31.000000,32.000000,32.000000,32.000000,32.000000,33.000000,1,1,1,1,1,1,1,0,0,0,0,0,0,0,74,5376.193848,717,0,1,0.515058,0.031949,-0.323612,-3.117000,-0.400000,0.076000,0
0.386667,-3.414000,-69.690002,7.334000,134.514999,32.132000,2.303000,150.492996,0.000000,0.000000,0.000000,0.000000,0.000000,0.000000,-0.120000,-186.000000,-1414.000000,-292.000000,-2092.000000,278.000000,-76.000000,-145.000000,22.000000,22.000000,22.000000,22.000000,22.000000,22.000000,22.000000,31.000000,31.000000,32.000000,32.000000,32.000000,32.000000,33.000000,1,1,1,1,1,1,1,0,0,0,0,0,0,0,74,5376.193848,719,0,1,0.515050,0.031968,-0.323610,-3.117000,-0.400000,0.076000,0
0.397495,-3.416000,-69.690002,7.333000,134.514999,32.132000,2.304000,150.490997,0.000000,0.000000,0.000000,0.000000,0.000000,0.000000,0.000000,-168.000000,-1416.000000,-282.000000,-2092.000000,279.000000,-75.000000,-126.000000,22.000000,22.000000,22.000000,22.000000,22.000000,22.000000,22.000000,31.000000,31.000000,32.000000,32.000000,32.000000,32.000000,33.000000,1,1,1,1,1,1,1,0,0,0,0,0,0,0,74,5376.193848,718,0,1,0.515043,0.031945,-0.323614,-3.117000,-0.400000,0.076000,0
0.407455,-3.415000,-69.689003,7.332000,134.511993,32.132000,2.304000,150.494003,0.000000,0.000000,0.000000,0.000000,0.000000,0.000000,0.120000,-272.000000,-1410.000000,-159.000000,-2110.000000,277.000000,-80.000000,-170.000000,22.000000,22.000000,22.000000,22.000000,22.000000,22.000000,22.000000,31.000000,31.000000,32.000000,32.000000,32.000000,32.000000,33.000000,1,1,1,1,1,1,1,0,0,0,0,0,0,0,74,5376.193848,716,0,1,0.515063,0.031950,-0.323611,-3.117000,-0.400000,0.076000,1
0.417452,-3.414000,-69.690002,7.333000,134.511993,32.129002,2.304000,150.490005,-0.120000,0.000000,0.000000,-0.240000,0.000000,0.960000,0.000000,-246.000000,-1411.000000,-213.000000,-2102.000000,395.000000,-29.000000,-220.000000,22.000000,22.000000,22.000000,22.000000,22.000000,22.000000,22.000000,31.000000,31.000000,32.000000,32.000000,32.000000,32.000000,33.000000,1,1,1,1,1,1,1,0,0,0,0,0,0,0,74,5376.193848,718,0,1,0.515071,0.031960,-0.323603,-3.117000,-0.400000,0.077000,1
0.427490,-3.416000,-69.691002,7.327000,134.511002,32.132000,2.305000,150.494003,0.720000,0.000000,-1.440000,0.000000,-0.120000,0.000000,-0.360000,270.000000,-1385.000000,-702.000000,-1943.000000,258.000000,-160.000000,-391.000000,22.000000,22.000000,22.000000,22.000000,22.000000,22.000000,22.000000,31.000000,31.000000,32.000000,32.000000,32.000000,32.000000,33.000000,1,1,1,1,1,1,1,0,0,0,0,0,0,0,74,5376.193848,718,0,1,0.515087,0.031922,-0.323595,-3.117000,-0.400000,0.076000,1
0.437425,-3.397000,-69.690002,7.292000,134.514999,32.132000,2.308000,150.485001,3.240000,0.000000,-5.280000,0.000000,-1.080000,0.000000,-2.160000,845.000000,-1219.000000,-1199.000000,-1670.000000,41.000000,-206.000000,-555.000000,22.000000,22.000000,22.000000,22.000000,22.000000,22.000000,22.000000,31.000000,31.000000,32.000000,32.000000,32.000000,32.000000,33.000000,1,1,1,1,1,1,1,0,0,0,0,0,0,0,74,5376.193848,718,0,1,0.515055,0.031793,-0.323606,-3.117000,-0.400000,0.076000,1
0.447501,-3.350000,-69.691002,7.223000,134.511993,32.125000,2.311000,150.438995,6.000000,0.000000,-9.120000,0.000000,-3.120000,0.000000,-5.160000,1158.000000,-1045.000000,-1891.000000,-1383.000000,-179.000000,-290.000000,-664.000000,22.000000,22.000000,22.000000,22.000000,22.000000,22.000000,22.000000,31.000000,31.000000,32.000000,32.000000,32.000000,32.000000,33.000000,1,1,1,1,1,1,1,0,0,0,0,0,0,0,74,5376.192871,718,0,1,0.515140,0.031575,-0.323562,-3.117000,-0.400000,0.076000,1
0.457404,-3.295000,-69.693001,7.134000,134.511993,32.120998,2.309000,150.404007,8.640000,0.000000,-13.080000,0.240000,-4.440000,0.000000,-6.720000,1660.000000,-906.000000,-1951.000000,-1101.000000,-213.000000,-346.000000,-644.000000,22.000000,22.000000,22.000000,22.000000,22.000000,22.000000,22.000000,31.000000,31.000000,32.000000,32.000000,32.000000,32.000000,33.000000,1,1,1,1,1,1,1,0,0,0,0,0,0,0,74,5376.192871,717,0,1,0.515236,0.031268,-0.323516,-3.116000,-0.400000,0.075000,1
0.467443,-3.164000,-69.686996,6.976000,134.514999,32.111000,2.312000,150.320999,13.560000,0.240000,-18.600000,0.720000,-6.840000,-0.120000,-8.640000,1520.000000,-745.000000,-1825.000000,-661.000000,-416.000000,-440.000000,-670.000000,22.000000,22.000000,22.000000,22.000000,22.000000,22.000000,22.000000,31.000000,31.000000,32.000000,32.000000,32.000000,32.000000,33.000000,1,1,1,1,1,1,1,0,0,0,0,0,0,0,74,5376.192871,717,0,1,0.515306,0.030906,-0.323472,-3.116000,-0.400000,0.073000,1
0.477401,-2.959000,-69.685997,6.736000,134.518997,32.029999,2.309000,150.184998,19.080000,0.480000,-22.920000,1.440000,-9.350000,-0.240000,-12.600000,1735.000000,-586.000000,-1901.000000,-493.000000,-631.000000,-531.000000,-814.000000,22.000000,22.000000,22.000000,22.000000,22.000000,22.000000,22.000000,31.000000,31.000000,32.000000,32.000000,32.000000,32.000000,33.000000,1,1,1,1,1,1,1,0,0,0,0,0,0,0,74,5376.190918,716,0,1,0.515495,0.030272,-0.323363,-3.115000,-0.400000,0.073000,1
0.487463,-2.717000,-69.682999,6.483000,134.533005,31.912001,2.303000,150.022003,21.240000,0.600000,-27.000000,1.800000,-12.000000,-0.480000,-14.280000,1624.000000,-547.000000,-1150.000000,-409.000000,-778.000000,-553.000000,-811.000000,22.000000,22.000000,22.000000,22.000000,22.000000,22.000000,22.000000,31.000000,31.000000,32.000000,32.000000,32.000000,32.000000,33.000000,1,1,1,1,1,1,1,0,0,0,0,0,0,0,74,5376.193848,717,0,1,0.515617,0.029674,-0.323271,-3.114000,-0.401000,0.073000,1
0.497386,-2.487000,-69.675003,6.137000,134.557007,31.767000,2.297000,149.832001,22.680000,0.600000,-29.879999,2.160000,-14.400000,-0.720000,-17.040001,1669.000000,-495.000000,-1178.000000,-334.000000,-518.000000,-608.000000,-775.000000,22.000000,22.000000,22.000000,22.000000,21.000000,22.000000,22.000000,31.000000,31.000000,32.000000,32.000000,32.000000,32.000000,33.000000,1,1,1,1,1,1,1,0,0,0,0,0,0,0,74,5376.194824,717,0,1,0.515655,0.028346,-0.323254,-3.115000,-0.401000,0.073000,1
0.507372,-2.337000,-69.667999,5.968000,134.567993,31.684000,2.294000,149.731995,24.959999,0.840000,-30.959999,2.160000,-13.680000,-0.720000,-16.559999,1391.000000,-470.000000,-1203.000000,-289.000000,-642.000000,-630.000000,-813.000000,22.000000,22.000000,22.000000,22.000000,21.000000,22.000000,22.000000,31.000000,31.000000,32.000000,32.000000,32.000000,32.000000,33.000000,1,1,1,1,1,1,1,0,0,0,0,0,0,0,74,5376.194824,720,0,1,0.515668,0.027885,-0.323241,-3.115000,-0.401000,0.073000,1
0.517348,-2.053000,-69.664001,5.586000,134.593994,31.547001,2.292000,149.572998,25.309999,0.720000,-29.520000,2.160000,-13.800000,-0.360000,-15.120000,1021.000000,-442.000000,-892.000000,-227.000000,-813.000000,-683.000000,-786.000000,22.000000,22.000000,22.000000,22.000000,21.000000,22.000000,22.000000,31.000000,31.000000,32.000000,32.000000,32.000000,32.000000,33.000000,1,1,1,1,1,1,1,0,0,0,0,0,0,0,74,5376.194824,717,0,1,0.515694,0.026676,-0.323202,-3.114000,-0.401000,0.071000,1
0.527398,-1.815000,-69.653000,5.265000,134.615005,31.385000,2.285000,149.408005,23.879999,0.600000,-30.600000,2.160000,-14.760000,-0.480000,-17.879999,796.000000,-445.000000,-706.000000,-171.000000,-639.000000,-686.000000,-756.000000,22.000000,22.000000,22.000000,22.000000,21.000000,22.000000,22.000000,31.000000,31.000000,32.000000,32.000000,32.000000,32.000000,33.000000,1,1,1,1,1,1,1,0,0,0,0,0,0,0,74,5376.194824,717,0,1,0.515709,0.025551,-0.323204,-3.114000,-0.401000,0.071000,1
0.537396,-1.473000,-69.644997,4.895000,134.641998,31.201000,2.277000,149.175995,24.000000,0.480000,-30.959999,2.160000,-14.520000,-0.480000,-17.040001,953.000000,-406.000000,-824.000000,-280.000000,-744.000000,-653.000000,-636.000000,22.000000,22.000000,22.000000,22.000000,21.000000,22.000000,22.000000,31.000000,31.000000,32.000000,32.000000,32.000000,32.000000,33.000000,1,1,1,1,1,1,1,0,0,0,0,0,0,0,74,5376.193848,716,0,1,0.515707,0.024606,-0.323177,-3.113000,-0.401000,0.071000,1
0.547338,-1.389000,-69.644997,4.703000,134.654999,31.117001,2.272000,149.087997,24.120001,0.480000,-31.309999,1.920000,-14.040000,-0.480000,-16.559999,850.000000,-380.000000,-777.000000,-218.000000,-860.000000,-635.000000,-719.000000,22.000000,22.000000,22.000000,22.000000,21.000000,22.000000,22.000000,31.000000,31.000000,32.000000,32.000000,32.000000,32.000000,33.000000,1,1,1,1,1,1,1,0,0,0,0,0,0,0,74,5376.192871,718,0,1,0.515735,0.023631,-0.323181,-3.115000,-0.401000,0.071000,1
0.557391,-1.098000,-69.639000,4.328000,134.677994,30.944000,2.268000,148.884995,22.680000,0.240000,-30.360001,1.800000,-14.400000,-0.120000,-16.920000,678.000000,-378.000000,-844.000000,-185.000000,-782.000000,-664.000000,-774.000000,22.000000,22.000000,22.000000,22.000000,21.000000,22.000000,22.000000,31.000000,31.000000,32.000000,32.000000,32.000000,32.000000,33.000000,1,1,1,1,1,1,1,0,0,0,0,0,0,0,74,5376.194824,717,0,1,0.515735,0.022423,-0.323174,-3.114000,-0.401000,0.071000,1
0.567347,-0.810000,-69.632004,3.990000,134.699005,30.794001,2.261000,148.716995,23.400000,0.240000,-30.840000,1.680000,-13.560000,-0.360000,-18.000000,1121.000000,-345.000000,-559.000000,-211.000000,-705.000000,-618.000000,-707.000000,22.000000,22.000000,22.000000,22.000000,21.000000,22.000000,22.000000,31.000000,31.000000,32.000000,32.000000,32.000000,32.000000,33.000000,1,1,1,1,1,1,1,0,0,0,0,0,0,0,74,5376.196777,718,0,1,0.515728,0.021495,-0.323171,-3.114000,-0.401000,0.070000,1
0.577259,-0.539000,-69.632004,3.622000,134.714996,30.620001,2.256000,148.514008,23.040001,0.000000,-30.600000,1.440000,-13.680000,0.000000,-17.280001,1078.000000,-310.000000,-709.000000,-209.000000,-860.000000,-588.000000,-624.000000,22.000000,22.000000,22.000000,22.000000,21.000000,22.000000,22.000000,31.000000,31.000000,32.000000,32.000000,32.000000,32.000000,33.000000,1,1,1,1,1,1,1,0,0,0,0,0,0,0,74,5376.194824,716,0,1,0.515798,0.020217,-0.323144,-3.114000,-0.401000,0.070000,1
0.587452,-0.401000,-69.630997,3.434000,134.723007,30.528999,2.255000,148.408005,23.160000,0.120000,-30.120001,1.440000,-14.760000,0.000000,-16.200001,753.000000,-333.000000,-579.000000,-164.000000,-948.000000,-597.000000,-562.000000,22.000000,22.000000,22.000000,22.000000,21.000000,22.000000,22.000000,31.000000,31.000000,32.000000,32.000000,32.000000,32.000000,33.000000,1,1,1,1,1,1,1,0,0,0,0,0,0,0,74,5376.194824,717,0,1,0.515814,0.019566,-0.323141,-3.114000,-0.401000,0.070000,1
0.597327,-0.120000,-69.629997,3.120000,134.742996,30.351000,2.253000,148.197006,23.760000,0.000000,-29.520000,1.320000,-14.640000,0.000000,-15.840000,909.000000,-339.000000,-614.000000,-198.000000,-719.000000,-598.000000,-505.000000,22.000000,22.000000,22.000000,22.000000,21.000000,22.000000,22.000000,31.000000,31.000000,32.000000,32.000000,32.000000,32.000000,33.000000,1,1,1,1,1,1,1,0,0,0,0,0,0,0,74,5376.194824,716,0,1,0.515784,0.018687,-0.323143,-3.114000,-0.401000,0.071000,1
0.607303,0.094000,-69.625000,2.741000,134.759003,30.212999,2.253000,148.024002,22.799999,0.000000,-30.600000,1.200000,-14.760000,0.000000,-15.840000,930.000000,-327.000000,-766.000000,-218.000000,-746.000000,-541.000000,-595.000000,22.000000,22.000000,22.000000,22.000000,21.000000,22.000000,22.000000,31.000000,31.000000,32.000000,32.000000,32.000000,32.000000,33.000000,1,1,1,1,1,1,1,0,0,0,0,0,0,0,74,5376.194824,718,0,1,0.515755,0.017119,-0.323187,-3.115000,-0.401000,0.070000,1
0.617284,0.368000,-69.625000,2.338000,134.774002,30.020000,2.252000,147.813995,21.959999,0.000000,-30.719999,1.080000,-15.120000,0.000000,-16.559999,1134.000000,-413.000000,-531.000000,-193.000000,-732.000000,-420.000000,-579.000000,22.000000,22.000000,22.000000,22.000000,21.000000,22.000000,22.000000,31.000000,31.000000,32.000000,32.000000,32.000000,32.000000,33.000000,1,1,1,1,1,1,1,0,0,0,0,0,0,0,74,5376.193848,717,0,1,0.515767,0.015621,-0.323201,-3.115000,-0.401000,0.070000,1
0.627365,0.600000,-69.626999,2.022000,134.785004,29.868999,2.250000,147.595001,22.680000,0.000000,-30.719999,0.720000,-14.880000,0.120000,-16.559999,1025.000000,-544.000000,-990.000000,-199.000000,-580.000000,-300.000000,-550.000000,22.000000,22.000000,22.000000,22.000000,21.000000,22.000000,22.000000,31.000000,31.000000,32.000000,32.000000,32.000000,32.000000,33.000000,1,1,1,1,1,1,1,0,0,0,0,0,0,0,74,5376.194824,718,0,1,0.515789,0.014495,-0.323205,-3.116000,-0.401000,0.071000,1
0.637296,0.730000,-69.625000,1.837000,134.789001,29.777000,2.250000,147.490997,22.080000,0.000000,-30.840000,0.600000,-15.120000,0.120000,-18.709999,931.000000,-631.000000,-224.000000,-181.000000,-712.000000,-236.000000,-635.000000,22.000000,22.000000,22.000000,22.000000,21.000000,22.000000,22.000000,31.000000,31.000000,32.000000,32.000000,32.000000,32.000000,33.000000,1,1,1,1,1,1,1,0,0,0,0,0,0,0,74,5376.196777,718,0,1,0.515800,0.013824,-0.323216,-3.116000,-0.401000,0.072000,1
0.647354,1.054000,-69.626999,1.417000,134.796005,29.612000,2.253000,147.296005,22.680000,-0.120000,-30.600000,0.360000,-15.240000,0.360000,-18.000000,1206.000000,-873.000000,-661.000000,-119.000000,-651.000000,-162.000000,-637.000000,22.000000,22.000000,22.000000,22.000000,21.000000,22.000000,22.000000,31.000000,31.000000,32.000000,32.000000,32.000000,32.000000,33.000000,1,1,1,1,1,1,1,0,0,0,0,0,0,0,74,5376.194824,716,0,1,0.515828,0.012562,-0.323222,-3.115000,-0.401000,0.070000,1
0.657332,1.281000,-69.626999,1.142000,134.800003,29.443001,2.260000,147.080002,23.520000,-0.240000,-30.240000,0.360000,-14.760000,0.720000,-17.639999,958.000000,-1019.000000,-608.000000,-78.000000,-573.000000,-121.000000,-603.000000,22.000000,22.000000,22.000000,22.000000,21.000000,22.000000,22.000000,31.000000,31.000000,32.000000,32.000000,32.000000,32.000000,33.000000,1,1,1,1,1,1,1,0,0,0,0,0,0,0,74,5376.194824,717,0,1,0.515826,0.011682,-0.323240,-3.116000,-0.401000,0.072000,1
0.667302,1.414000,-69.627998,0.990000,134.802994,29.354000,2.260000,146.981003,22.320000,-0.480000,-29.520000,0.360000,-13.440000,0.840000,-15.710000,1086.000000,-1110.000000,-696.000000,-126.000000,-532.000000,-62.000000,-550.000000,22.000000,22.000000,22.000000,22.000000,21.000000,22.000000,22.000000,31.000000,31.000000,32.000000,32.000000,32.000000,32.000000,33.000000,1,1,1,1,1,1,1,0,0,0,0,0,0,0,74,5376.193848,717,0,1,0.515841,0.011249,-0.323241,-3.116000,-0.401000,0.073000,1
0.677298,1.728000,-69.636002,0.605000,134.807007,29.191999,2.278000,146.779007,23.040001,-0.720000,-29.879999,0.000000,-15.120000,1.080000,-17.760000,758.000000,-1213.000000,-815.000000,-128.000000,-591.000000,-71.000000,-504.000000,22.000000,22.000000,22.000000,22.000000,21.000000,22.000000,22.000000,31.000000,31.000000,32.000000,32.000000,32.000000,32.000000,33.000000,1,1,1,1,1,1,1,0,0,0,0,0,0,0,74,5376.193848,718,0,1,0.515807,0.010209,-0.323250,-3.115000,-0.401000,0.072000,1
0.687414,1.959000,-69.640999,0.309000,134.809006,29.010000,2.298000,146.578995,23.160000,-0.840000,-30.000000,0.000000,-14.040000,1.560000,-18.709999,509.000000,-1266.000000,-1203.000000,-132.000000,-519.000000,-68.000000,-677.000000,22.000000,22.000000,22.000000,22.000000,21.000000,22.000000,22.000000,31.000000,31.000000,32.000000,32.000000,32.000000,32.000000,33.000000,1,1,1,1,1,1,1,0,0,0,0,0,0,0,74,5376.194824,718,0,1,0.515747,0.009255,-0.323283,-3.115000,-0.401000,0.073000,1
0.697273,2.208000,-69.653000,-0.059000,134.809998,28.837000,2.312000,146.380005,22.680000,-0.840000,-30.360001,0.000000,-14.520000,1.440000,-18.000000,564.000000,-1404.000000,-1143.000000,-288.000000,-694.000000,-9.000000,-534.000000,22.000000,22.000000,22.000000,22.000000,21.000000,22.000000,22.000000,31.000000,31.000000,32.000000,32.000000,32.000000,32.000000,33.000000,1,1,1,1,1,1,1,0,0,0,0,0,0,0,74,5376.194824,717,0,1,0.515755,0.007929,-0.323287,-3.116000,-0.401000,0.073000,1
0.707230,2.342000,-69.656998,-0.252000,134.813995,28.752001,2.319000,146.283997,21.360001,-0.840000,-31.430000,0.000000,-15.480000,1.560000,-17.040001,819.000000,-1453.000000,-818.000000,-363.000000,-588.000000,24.000000,-549.000000,22.000000,22.000000,22.000000,22.000000,21.000000,22.000000,22.000000,31.000000,31.000000,32.000000,32.000000,32.000000,32.000000,33.000000,1,1,1,1,1,1,1,0,0,0,0,0,0,0,74,5376.194824,719,0,1,0.515706,0.007267,-0.323315,-3.116000,-0.401000,0.073000,1
0.717261,2.620000,-69.670998,-0.646000,134.811005,28.598000,2.340000,146.110992,22.559999,-1.200000,-31.309999,0.000000,-14.520000,1.800000,-18.360001,1063.000000,-1504.000000,-658.000000,-622.000000,-527.000000,54.000000,-579.000000,22.000000,22.000000,22.000000,22.000000,21.000000,22.000000,22.000000,31.000000,31.000000,32.000000,32.000000,32.000000,32.000000,33.000000,1,1,1,1,1,1,1,0,0,0,0,0,0,0,74,5376.193848,718,0,1,0.515690,0.006004,-0.323328,-3.115000,-0.401000,0.072000,1
0.727320,2.883000,-69.686996,-1.027000,134.813004,28.423000,2.363000,145.901001,22.080000,-1.200000,-31.309999,0.000000,-13.920000,2.160000,-17.280001,923.000000,-1496.000000,-610.000000,-923.000000,-613.000000,93.000000,-669.000000,22.000000,22.000000,22.000000,22.000000,21.000000,22.000000,22.000000,31.000000,31.000000,32.000000,32.000000,32.000000,32.000000,33.000000,1,1,1,1,1,1,1,0,0,0,0,0,0,0,74,5376.194824,718,0,1,0.515624,0.004702,-0.323353,-3.116000,-0.401000,0.072000,1
0.737208,3.148000,-69.704002,-1.418000,134.813004,28.243999,2.388000,145.695999,22.559999,-1.200000,-29.760000,0.000000,-15.480000,2.160000,-16.559999,623.000000,-1606.000000,-698.000000,-1083.000000,-543.000000,121.000000,-685.000000,22.000000,22.000000,22.000000,22.000000,21.000000,22.000000,22.000000,31.000000,31.000000,32.000000,32.000000,32.000000,32.000000,33.000000,1,1,1,1,1,1,1,0,0,0,0,0,0,0,74,5376.196777,718,0,1,0.515543,0.003343,-0.323391,-3.116000,-0.401000,0.072000,1
0.747304,3.239000,-69.710999,-1.546000,134.811005,28.156000,2.404000,145.591995,21.000000,-1.320000,-31.559999,-0.360000,-14.760000,2.160000,-17.040001,789.000000,-1640.000000,-862.000000,-1269.000000,-431.000000,122.000000,-514.000000,22.000000,22.000000,22.000000,22.000000,21.000000,22.000000,22.000000,31.000000,31.000000,32.000000,32.000000,32.000000,32.000000,33.000000,1,1,1,1,1,1,1,0,0,0,0,0,0,0,74,5376.196777,716,0,1,0.515496,0.002880,-0.323404,-3.116000,-0.401000,0.073000,1
0.757332,3.507000,-69.730003,-1.911000,134.807007,27.983999,2.432000,145.382996,22.440001,-1.800000,-31.309999,-0.720000,-14.040000,2.280000,-17.150000,795.000000,-1640.000000,-836.000000,-1329.000000,-590.000000,196.000000,-496.000000,22.000000,22.000000,22.000000,22.000000,21.000000,22.000000,22.000000,31.000000,31.000000,32.000000,32.000000,32.000000,32.000000,33.000000,1,1,1,1,1,1,1,0,0,0,0,0,0,0,74,5376.194824,717,0,1,0.515440,0.001718,-0.323426,-3.116000,-0.400000,0.073000,1
0.767234,3.765000,-69.751999,-2.297000,134.802002,27.811001,2.456000,145.225006,21.719999,-1.920000,-29.879999,-0.840000,-14.880000,2.400000,-16.200001,688.000000,-1526.000000,-471.000000,-1598.000000,-545.000000,221.000000,-693.000000,22.000000,22.000000,22.000000,22.000000,21.000000,22.000000,22.000000,31.000000,31.000000,32.000000,32.000000,32.000000,32.000000,33.000000,1,1,1,1,1,1,1,0,0,0,0,0,0,0,74,5376.194824,718,0,1,0.515395,0.000405,-0.323444,-3.116000,-0.400000,0.072000,1
0.777242,3.990000,-69.772003,-2.621000,134.794006,27.667000,2.482000,145.018997,21.000000,-2.040000,-30.959999,-1.080000,-14.520000,2.280000,-16.559999,942.000000,-1506.000000,-431.000000,-1750.000000,-473.000000,315.000000,-708.000000,22.000000,22.000000,22.000000,22.000000,21.000000,22.000000,22.000000,31.000000,31.000000,32.000000,32.000000,32.000000,32.000000,33.000000,1,1,1,1,1,1,1,0,0,0,0,0,0,0,74,5376.194824,717,0,1,0.515375,-0.000701,-0.323451,-3.117000,-0.400000,0.073000,1
0.787364,4.128000,-69.785004,-2.802000,134.785004,27.582001,2.496000,144.912003,21.719999,-1.920000,-31.309999,-1.200000,-13.320000,2.510000,-18.360001,605.000000,-1451.000000,-664.000000,-1833.000000,-514.000000,327.000000,-687.000000,22.000000,22.000000,22.000000,22.000000,21.000000,22.000000,22.000000,31.000000,31.000000,32.000000,32.000000,32.000000,32.000000,33.000000,1,1,1,1,1,1,1,0,0,0,0,0,0,0,74,5376.193848,717,0,1,0.515403,-0.001260,-0.323442,-3.116000,-0.401000,0.073000,1
0.797243,4.387000,-69.810997,-3.173000,134.768997,27.438999,2.521000,144.757996,20.879999,-1.920000,-30.600000,-1.440000,-13.560000,2.880000,-18.840000,914.000000,-1490.000000,-481.000000,-1957.000000,-654.000000,352.000000,-679.000000,22.000000,22.000000,22.000000,22.000000,21.000000,22.000000,22.000000,31.000000,31.000000,32.000000,32.000000,32.000000,32.000000,33.000000,1,1,1,1,1,1,1,0,0,0,0,0,0,0,74,5376.194824,717,0,1,0.515452,-0.002436,-0.323424,-3.116000,-0.401000,0.071000,1
0.807236,4.656000,-69.835999,-3.541000,134.746994,27.290001,2.564000,144.552002,21.600000,-2.160000,-28.799999,-1.920000,-14.520000,3.840000,-18.000000,1036.000000,-1601.000000,-372.000000,-1850.000000,-458.000000,287.000000,-647.000000,22.000000,22.000000,22.000000,22.000000,21.000000,22.000000,22.000000,31.000000,31.000000,32.000000,32.000000,32.000000,32.000000,33.000000,1,1,1,1,1,1,1,0,0,0,0,0,0,0,74,5376.196777,717,0,1,0.515442,-0.003539,-0.323430,-3.116000,-0.401000,0.071000,1
0.817255,4.898000,-69.860001,-3.885000,134.727997,27.122999,2.612000,144.354004,22.320000,-2.160000,-31.799999,-1.800000,-14.040000,3.960000,-18.240000,752.000000,-1680.000000,-682.000000,-1920.000000,-581.000000,165.000000,-689.000000,22.000000,22.000000,22.000000,22.000000,21.000000,22.000000,22.000000,31.000000,31.000000,32.000000,32.000000,32.000000,32.000000,33.000000,1,1,1,1,1,1,1,0,0,0,0,0,0,0,74,5376.196777,717,0,1,0.515373,-0.004630,-0.323452,-3.116000,-0.401000,0.071000,1
0.827259,5.112000,-69.882004,-4.198000,134.703995,26.993000,2.651000,144.181000,23.040001,-2.160000,-30.840000,-2.160000,-13.080000,4.320000,-17.150000,916.000000,-1778.000000,-502.000000,-2035.000000,-747.000000,149.000000,-602.000000,22.000000,22.000000,22.000000,22.000000,21.000000,22.000000,22.000000,31.000000,31.000000,32.000000,32.000000,32.000000,32.000000,33.000000,1,1,1,1,1,1,1,0,0,0,0,0,0,0,74,5376.194824,716,0,1,0.515370,-0.005646,-0.323457,-3.116000,-0.401000,0.071000,1
0.837228,5.240000,-69.892998,-4.379000,134.692001,26.919001,2.678000,144.074997,20.520000,-2.280000,-32.040001,-2.160000,-14.520000,3.960000,-18.709999,578.000000,-1751.000000,-695.000000,-1994.000000,-606.000000,171.000000,-582.000000,22.000000,22.000000,22.000000,22.000000,21.000000,22.000000,22.000000,31.000000,31.000000,32.000000,32.000000,32.000000,32.000000,33.000000,1,1,1,1,1,1,1,0,0,0,0,0,0,0,74,5376.193848,717,0,1,0.515326,-0.006205,-0.323479,-3.116000,-0.400000,0.071000,1
0.847231,5.497000,-69.917999,-4.662000,134.669006,26.740000,2.730000,143.858994,22.320000,-2.510000,-30.600000,-2.160000,-12.960000,4.320000,-18.120001,565.000000,-1792.000000,-851.000000,-2022.000000,-621.000000,159.000000,-491.000000,22.000000,22.000000,22.000000,22.000000,21.000000,22.000000,22.000000,31.000000,31.000000,32.000000,32.000000,32.000000,32.000000,33.000000,1,1,1,1,1,1,1,0,0,0,0,0,0,0,74,5376.194824,718,0,1,0.515281,-0.006845,-0.323494,-3.115000,-0.400000,0.073000,1
0.857295,5.700000,-69.955002,-5.037000,134.647003,26.582001,2.787000,143.647003,21.719999,-2.640000,-31.430000,-2.400000,-12.360000,4.560000,-19.440001,600.000000,-1583.000000,-516.000000,-2235.000000,-834.000000,114.000000,-612.000000,22.000000,22.000000,22.000000,22.000000,21.000000,22.000000,22.000000,31.000000,31.000000,32.000000,32.000000,32.000000,32.000000,33.000000,1,1,1,1,1,1,1,0,0,0,0,0,0,0,74,5376.194824,718,0,1,0.515190,-0.008334,-0.323497,-3.116000,-0.400000,0.073000,1
0.867301,5.953000,-69.988998,-5.430000,134.615997,26.413000,2.837000,143.466003,20.040001,-2.640000,-30.600000,-2.640000,-13.920000,4.440000,-17.760000,619.000000,-1689.000000,-613.000000,-2175.000000,-651.000000,258.000000,-557.000000,22.000000,22.000000,22.000000,22.000000,21.000000,22.000000,22.000000,31.000000,31.000000,32.000000,32.000000,32.000000,32.000000,33.000000,1,1,1,1,1,1,1,0,0,0,0,0,0,0,74,5376.194824,718,0,1,0.515173,-0.009679,-0.323501,-3.116000,-0.400000,0.073000,1
0.877267,6.199000,-70.024002,-5.804000,134.578995,26.268000,2.877000,143.251999,21.000000,-2.510000,-30.719999,-2.760000,-13.440000,3.720000,-16.440001,1059.000000,-1765.000000,-648.000000,-2145.000000,-769.000000,347.000000,-496.000000,22.000000,22.000000,22.000000,22.000000,21.000000,22.000000,22.000000,31.000000,31.000000,32.000000,32.000000,32.000000,32.000000,33.000000,1,1,1,1,1,1,1,0,0,0,0,0,0,0,74,5376.194824,718,0,1,0.515279,-0.010994,-0.323471,-3.116000,-0.400000,0.072000,1
0.887246,6.326000,-70.039001,-5.984000,134.567993,26.191000,2.901000,143.143997,19.799999,-2.510000,-30.360001,-2.510000,-12.480000,4.080000,-17.639999,730.000000,-1869.000000,-697.000000,-2260.000000,-842.000000,441.000000,-441.000000,22.000000,22.000000,22.000000,22.000000,21.000000,22.000000,22.000000,31.000000,31.000000,32.000000,32.000000,32.000000,32.000000,33.000000,1,1,1,1,1,1,1,0,0,0,0,0,0,0,74,5376.196777,717,0,1,0.515219,-0.011555,-0.323497,-3.116000,-0.400000,0.072000,1
0.897225,6.534000,-70.069000,-6.289000,134.529999,26.037001,2.952000,142.936005,21.000000,-2.760000,-29.639999,-2.760000,-12.960000,4.080000,-18.480000,861.000000,-1870.000000,-566.000000,-2380.000000,-895.000000,470.000000,-545.000000,22.000000,22.000000,22.000000,22.000000,21.000000,22.000000,22.000000,31.000000,31.000000,32.000000,32.000000,32.000000,32.000000,33.000000,1,1,1,1,1,1,1,0,0,0,0,0,0,0,74,5376.194824,717,0,1,0.515285,-0.012605,-0.323473,-3.117000,-0.400000,0.073000,1
0.907253,6.786000,-70.105003,-6.664000,134.490997,25.860001,3.014000,142.757004,20.280001,-3.120000,-30.600000,-3.120000,-12.960000,4.670000,-16.320000,465.000000,-1881.000000,-611.000000,-2458.000000,-578.000000,343.000000,-572.000000,22.000000,22.000000,22.000000,22.000000,21.000000,22.000000,22.000000,31.000000,31.000000,32.000000,32.000000,32.000000,32.000000,33.000000,1,1,1,1,1,1,1,0,0,0,0,0,0,0,74,5376.194824,718,0,1,0.515246,-0.013814,-0.323487,-3.117000,-0.400000,0.073000,1
0.917195,6.987000,-70.139999,-6.972000,134.460007,25.723000,3.069000,142.591995,20.879999,-3.000000,-30.120001,-3.240000,-12.710000,5.760000,-17.639999,542.000000,-1692.000000,-967.000000,-2585.000000,-773.000000,263.000000,-564.000000,22.000000,22.000000,22.000000,22.000000,21.000000,22.000000,22.000000,31.000000,31.000000,32.000000,32.000000,32.000000,32.000000,33.000000,1,1,1,1,1,1,1,0,0,0,0,0,0,0,74,5376.192871,717,0,1,0.515217,-0.014840,-0.323480,-3.117000,-0.400000,0.073000,1
0.927218,7.190000,-70.175003,-7.278000,134.423004,25.594000,3.128000,142.389008,20.639999,-3.360000,-30.600000,-3.840000,-13.320000,6.480000,-18.360001,729.000000,-1756.000000,-756.000000,-2308.000000,-895.000000,229.000000,-493.000000,22.000000,22.000000,22.000000,22.000000,21.000000,22.000000,22.000000,31.000000,31.000000,32.000000,32.000000,32.000000,32.000000,33.000000,1,1,1,1,1,1,1,0,0,0,0,0,0,0,74,5376.193848,717,0,1,0.515209,-0.015862,-0.323472,-3.117000,-0.400000,0.074000,1
0.937184,7.314000,-70.194000,-7.463000,134.401001,25.517000,3.164000,142.285004,21.360001,-3.000000,-30.600000,-3.720000,-14.040000,5.760000,-16.559999,656.000000,-1775.000000,-486.000000,-2333.000000,-773.000000,224.000000,-525.000000,22.000000,22.000000,22.000000,22.000000,21.000000,22.000000,22.000000,31.000000,31.000000,32.000000,32.000000,32.000000,32.000000,33.000000,1,1,1,1,1,1,1,0,0,0,0,0,0,0,74,5376.193848,717,0,1,0.515182,-0.016456,-0.323480,-3.117000,-0.400000,0.074000,1
0.947155,7.517000,-70.227997,-7.765000,134.358002,25.370001,3.223000,142.108002,19.200001,-3.240000,-30.240000,-4.080000,-12.840000,5.760000,-18.240000,735.000000,-1889.000000,-476.000000,-2416.000000,-517.000000,249.000000,-591.000000,22.000000,22.000000,22.000000,22.000000,21.000000,22.000000,22.000000,31.000000,31.000000,32.000000,32.000000,32.000000,32.000000,33.000000,1,1,1,1,1,1,1,0,0,0,0,0,0,0,74,5376.194824,718,0,1,0.515208,-0.017458,-0.323465,-3.117000,-0.400000,0.074000,1
0.957241,7.774000,-70.267998,-8.134000,134.302994,25.233999,3.280000,141.940002,20.520000,-3.240000,-30.600000,-3.960000,-12.240000,5.400000,-18.120001,776.000000,-2005.000000,-653.000000,-2395.000000,-667.000000,289.000000,-546.000000,22.000000,22.000000,22.000000,22.000000,21.000000,22.000000,22.000000,31.000000,31.000000,32.000000,32.000000,32.000000,32.000000,33.000000,1,1,1,1,1,1,1,0,0,0,0,0,0,0,74,5376.194824,718,0,1,0.515313,-0.018586,-0.323438,-3.116000,-0.401000,0.073000,1
0.967194,8.025000,-70.310997,-8.471000,134.248001,25.094999,3.349000,141.731003,20.520000,-3.360000,-29.639999,-4.320000,-14.040000,5.760000,-18.240000,861.000000,-1771.000000,-569.000000,-2274.000000,-576.000000,340.000000,-628.000000,22.000000,22.000000,22.000000,22.000000,21.000000,22.000000,22.000000,31.000000,31.000000,32.000000,32.000000,32.000000,32.000000,33.000000,1,1,1,1,1,1,1,0,0,0,0,0,0,0,74,5376.194824,717,0,1,0.515396,-0.019557,-0.323406,-3.116000,-0.401000,0.073000,1
0.977227,8.227000,-70.352997,-8.776000,134.199005,24.931999,3.426000,141.520996,19.559999,-3.720000,-31.200001,-4.800000,-13.320000,6.120000,-18.840000,888.000000,-1635.000000,-846.000000,-2239.000000,-556.000000,335.000000,-586.000000,22.000000,22.000000,22.000000,22.000000,21.000000,22.000000,22.000000,31.000000,31.000000,32.000000,32.000000,32.000000,32.000000,33.000000,1,1,1,1,1,1,1,0,0,0,0,0,0,0,74,5376.194824,717,0,1,0.515404,-0.020593,-0.323377,-3.116000,-0.401000,0.074000,1
0.987334,8.345000,-70.375000,-8.945000,134.167007,24.851999,3.467000,141.449997,20.150000,-3.000000,-29.400000,-4.440000,-12.600000,6.600000,-16.920000,857.000000,-1739.000000,-537.000000,-2257.000000,-519.000000,345.000000,-646.000000,22.000000,22.000000,22.000000,22.000000,21.000000,22.000000,22.000000,31.000000,31.000000,32.000000,32.000000,32.000000,32.000000,33.000000,1,1,1,1,1,1,1,0,0,0,0,0,0,0,74,5376.194824,719,0,1,0.515435,-0.021087,-0.323359,-3.116000,-0.401000,0.074000,1
0.997213,8.547000,-70.411003,-9.262000,134.115997,24.733000,3.534000,141.233994,19.440001,-3.600000,-29.520000,-4.920000,-13.320000,6.720000,-17.040001,593.000000,-1891.000000,-699.000000,-2147.000000,-686.000000,238.000000,-663.000000,22.000000,22.000000,22.000000,22.000000,21.000000,22.000000,22.000000,31.000000,31.000000,32.000000,32.000000,32.000000,32.000000,33.000000,1,1,1,1,1,1,1,0,0,0,0,0,0,0,74,5376.194824,717,0,1,0.515440,-0.022188,-0.323361,-3.116000,-0.401000,0.074000,1
1.007221,8.790000,-70.456001,-9.662000,134.052002,24.591999,3.604000,141.056000,19.559999,-3.840000,-29.520000,-5.030000,-13.800000,6.600000,-18.120001,286.000000,-2036.000000,-639.000000,-2293.000000,-411.000000,276.000000,-548.000000,22.000000,22.000000,22.000000,22.000000,21.000000,22.000000,22.000000,31.000000,31.000000,32.000000,32.000000,32.000000,32.000000,33.000000,1,1,1,1,1,1,1,0,0,0,0,0,0,0,74,5376.194824,717,0,1,0.515498,-0.023594,-0.323349,-3.116000,-0.401000,0.073000,1
1.017181,9.026000,-70.501999,-10.037000,133.996002,24.445999,3.684000,140.839996,20.280001,-3.960000,-30.240000,-5.030000,-12.840000,7.320000,-18.000000,569.000000,-1906.000000,-633.000000,-2431.000000,-526.000000,270.000000,-616.000000,22.000000,22.000000,22.000000,22.000000,21.000000,22.000000,22.000000,31.000000,31.000000,32.000000,32.000000,32.000000,32.000000,33.000000,1,1,1,1,1,1,1,0,0,0,0,0,0,0,74,5376.194824,717,0,1,0.515442,-0.024876,-0.323368,-3.116000,-0.401000,0.072000,1
1.027311,9.242000,-70.545998,-10.365000,133.945999,24.292000,3.767000,140.660995,19.559999,-3.720000,-30.120001,-4.670000,-12.240000,6.600000,-16.559999,391.000000,-1724.000000,-441.000000,-2464.000000,-659.000000,252.000000,-619.000000,22.000000,22.000000,22.000000,22.000000,21.000000,22.000000,22.000000,31.000000,31.000000,32.000000,32.000000,32.000000,32.000000,33.000000,1,1,1,1,1,1,1,0,0,0,0,0,0,0,74,5376.196777,717,0,1,0.515335,-0.025928,-0.323393,-3.116000,-0.401000,0.073000,1
1.037171,9.363000,-70.571999,-10.530000,133.916000,24.212999,3.805000,140.557007,19.799999,-3.720000,-29.879999,-5.760000,-12.600000,5.760000,-18.360001,502.000000,-1848.000000,-652.000000,-2448.000000,-461.000000,399.000000,-690.000000,22.000000,22.000000,22.000000,22.000000,21.000000,22.000000,22.000000,31.000000,31.000000,32.000000,32.000000,32.000000,32.000000,33.000000,1,1,1,1,1,1,1,0,0,0,0,0,0,0,74,5376.196777,716,0,1,0.515369,-0.026426,-0.323375,-3.116000,-0.401000,0.073000,1
1.047133,9.599000,-70.615997,-10.884000,133.850998,24.076000,3.874000,140.360992,19.200001,-3.720000,-29.040001,-5.400000,-12.600000,6.120000,-18.360001,527.000000,-2022.000000,-708.000000,-2554.000000,-464.000000,397.000000,-688.000000,22.000000,22.000000,22.000000,22.000000,21.000000,22.000000,22.000000,31.000000,31.000000,32.000000,32.000000,32.000000,32.000000,33.000000,1,1,1,1,1,1,1,0,0,0,0,0,0,0,74,5376.194824,719,0,1,0.515428,-0.027608,-0.323371,-3.116000,-0.401000,0.072000,1
1.057198,9.794000,-70.653999,-11.170000,133.783997,23.948000,3.948000,140.199005,18.709999,-3.600000,-29.160000,-5.400000,-12.120000,7.070000,-17.150000,794.000000,-1997.000000,-466.000000,-2266.000000,-564.000000,257.000000,-587.000000,22.000000,22.000000,22.000000,22.000000,21.000000,22.000000,22.000000,31.000000,31.000000,32.000000,32.000000,32.000000,32.000000,33.000000,1,1,1,1,1,1,1,0,0,0,0,0,0,0,74,5376.193848,716,0,1,0.515528,-0.028525,-0.323339,-3.116000,-0.401000,0.072000,1
1.067134,10.022000,-70.703003,-11.510000,133.714005,23.808001,4.036000,140.000000,18.360001,-3.960000,-28.559999,-5.400000,-11.520000,7.440000,-16.680000,646.000000,-1705.000000,-507.000000,-2155.000000,-597.000000,234.000000,-628.000000,22.000000,22.000000,22.000000,22.000000,21.000000,22.000000,22.000000,31.000000,31.000000,32.000000,32.000000,32.000000,32.000000,33.000000,1,1,1,1,1,1,1,0,0,0,0,0,0,0,74,5376.193848,719,0,1,0.515560,-0.029621,-0.323321,-3.116000,-0.401000,0.072000,1
1.077253,10.126000,-70.730003,-11.679000,133.688004,23.707001,4.095000,139.912994,17.280001,-3.600000,-25.559999,-5.280000,-10.800000,6.720000,-14.400000,398.000000,-1767.000000,-60.000000,-1929.000000,-279.000000,198.000000,-686.000000,22.000000,22.000000,22.000000,22.000000,21.000000,22.000000,22.000000,31.000000,31.000000,32.000000,32.000000,32.000000,32.000000,33.000000,1,1,1,1,1,1,1,0,0,0,0,0,0,0,74,5376.194824,718,0,1,0.515410,-0.030166,-0.323353,-3.116000,-0.401000,0.073000,1
1.087277,10.283000,-70.766998,-11.933000,133.643997,23.600000,4.147000,139.731995,15.360000,-2.880000,-23.639999,-4.200000,-9.600000,5.400000,-16.200001,207.000000,-1752.000000,85.000000,-2223.000000,-427.000000,184.000000,-495.000000,22.000000,22.000000,22.000000,22.000000,21.000000,22.000000,22.000000,31.000000,31.000000,32.000000,32.000000,32.000000,32.000000,33.000000,1,1,1,1,1,1,1,0,0,0,0,0,0,0,74,5376.198242,716,0,1,0.515418,-0.031130,-0.323348,-3.116000,-0.401000,0.073000,1
1.097209,10.438000,-70.800003,-12.189000,133.589005,23.521000,4.185000,139.593002,11.280000,-2.280000,-17.520000,-3.360000,-6.240000,3.840000,-13.200000,108.000000,-1770.000000,840.000000,-2098.000000,-300.000000,195.000000,-388.000000,22.000000,22.000000,22.000000,22.000000,21.000000,22.000000,22.000000,31.000000,31.000000,32.000000,32.000000,32.000000,32.000000,33.000000,1,1,1,1,1,1,1,0,0,0,0,0,0,0,74,5376.196777,717,0,1,0.515564,-0.032107,-0.323314,-3.116000,-0.401000,0.073000,1
1.107247,10.560000,-70.815002,-12.339000,133.556000,23.462000,4.228000,139.468002,7.680000,-1.440000,-12.120000,-2.640000,-3.240000,2.400000,-9.350000,-203.000000,-1809.000000,608.000000,-2079.000000,-334.000000,329.000000,-455.000000,22.000000,22.000000,22.000000,22.000000,22.000000,22.000000,22.000000,31.000000,31.000000,32.000000,32.000000,32.000000,32.000000,33.000000,1,1,1,1,1,1,1,0,0,0,0,0,0,0,74,5376.196777,716,0,1,0.515533,-0.032483,-0.323357,-3.116000,-0.401000,0.073000,1
1.117269,10.622000,-70.836998,-12.437000,133.533005,23.441999,4.251000,139.389999,4.800000,-0.960000,-6.960000,-1.560000,-1.320000,1.320000,-6.480000,-246.000000,-1729.000000,531.000000,-1877.000000,-415.000000,323.000000,-303.000000,22.000000,22.000000,22.000000,22.000000,22.000000,22.000000,22.000000,31.000000,31.000000,32.000000,32.000000,32.000000,32.000000,33.000000,1,1,1,1,1,1,1,0,0,0,0,0,0,0,74,5376.196777,717,0,1,0.515616,-0.032843,-0.323307,-3.116000,-0.401000,0.073000,1
1.127160,10.638000,-70.841003,-12.461000,133.526993,23.438000,4.260000,139.350998,3.480000,-0.720000,-4.440000,-0.960000,-0.360000,0.960000,-5.280000,-307.000000,-1668.000000,434.000000,-1948.000000,-411.000000,331.000000,-384.000000,22.000000,22.000000,22.000000,22.000000,22.000000,22.000000,22.000000,31.000000,31.000000,32.000000,32.000000,32.000000,32.000000,33.000000,1,1,1,1,1,1,1,0,0,0,0,0,0,0,74,5376.194824,716,0,1,0.515619,-0.032922,-0.323304,-3.116000,-0.401000,0.074000,1
1.137169,10.662000,-70.846001,-12.494000,133.518005,23.434999,4.276000,139.302002,1.080000,-0.120000,-1.200000,-0.120000,0.720000,0.480000,-3.600000,-326.000000,-1581.000000,348.000000,-1988.000000,-171.000000,273.000000,-322.000000,22.000000,22.000000,22.000000,22.000000,22.000000,22.000000,22.000000,31.000000,31.000000,32.000000,32.000000,32.000000,32.000000,33.000000,1,1,1,1,1,1,1,0,0,0,0,0,0,0,74,5376.193848,717,0,1,0.515613,-0.033012,-0.323302,-3.116000,-0.401000,0.074000,1
1.147224,10.671000,-70.848999,-12.494000,133.514008,23.436001,4.282000,139.263000,0.000000,0.000000,0.000000,0.000000,1.320000,0.120000,-2.400000,-143.000000,-1504.000000,76.000000,-1891.000000,-47.000000,276.000000,-351.000000,22.000000,22.000000,22.000000,22.000000,22.000000,22.000000,22.000000,31.000000,31.000000,32.000000,32.000000,32.000000,32.000000,33.000000,1,1,1,1,1,1,1,0,0,0,0,0,0,0,74,5376.194824,716,0,1,0.515646,-0.032983,-0.323288,-3.116000,-0.401000,0.075000,1
1.157330,10.670000,-70.848999,-12.495000,133.514008,23.444000,4.287000,139.233002,0.000000,0.000000,0.000000,-0.240000,1.680000,0.000000,-2.160000,-230.000000,-1388.000000,140.000000,-2081.000000,-13.000000,306.000000,-371.000000,22.000000,22.000000,22.000000,22.000000,22.000000,22.000000,22.000000,31.000000,31.000000,32.000000,32.000000,32.000000,32.000000,33.000000,1,1,1,1,1,1,1,0,0,0,0,0,0,0,74,5376.196777,718,0,1,0.515622,-0.032996,-0.323293,-3.116000,-0.401000,0.075000,1
1.167184,10.671000,-70.848000,-12.496000,133.514008,23.443001,4.292000,139.220993,0.000000,0.000000,0.000000,-0.840000,1.800000,0.600000,-2.280000,-352.000000,-1190.000000,143.000000,-2334.000000,39.000000,318.000000,-362.000000,22.000000,22.000000,22.000000,22.000000,22.000000,22.000000,22.000000,31.000000,31.000000,32.000000,32.000000,32.000000,32.000000,33.000000,1,1,1,1,1,1,1,0,0,0,0,0,0,0,74,5376.194824,720,0,1,0.515586,-0.032987,-0.323308,-3.116000,-0.401000,0.075000,1
1.177183,10.669000,-70.846001,-12.496000,133.496994,23.444000,4.312000,139.199005,-0.840000,0.480000,0.000000,-2.760000,1.800000,2.040000,-1.920000,-558.000000,-520.000000,349.000000,-2829.000000,98.000000,371.000000,-314.000000,22.000000,22.000000,22.000000,22.000000,22.000000,22.000000,22.000000,31.000000,31.000000,32.000000,32.000000,32.000000,32.000000,33.000000,1,1,1,1,1,1,1,0,0,0,0,0,0,0,74,5376.193848,718,0,1,0.515639,-0.032983,-0.323285,-3.117000,-0.401000,0.076000,1
1.187434,10.662000,-70.833000,-12.494000,133.445999,23.447001,4.363000,139.177994,-1.200000,2.640000,0.480000,-6.120000,2.400000,4.440000,-0.960000,-714.000000,16.000000,529.000000,-3233.000000,151.000000,268.000000,-316.000000,22.000000,22.000000,22.000000,22.000000,22.000000,22.000000,22.000000,31.000000,31.000000,32.000000,32.000000,32.000000,32.000000,33.000000,1,1,1,1,1,1,1,0,0,0,0,0,0,0,74,5376.193848,718,0,1,0.515791,-0.032929,-0.323245,-3.116000,-0.401000,0.076000,1
1.197270,10.643000,-70.789001,-12.481000,133.348999,23.464001,4.424000,139.169998,-2.280000,5.400000,1.080000,-10.070000,2.510000,6.840000,-0.360000,-843.000000,42.000000,647.000000,-3824.000000,207.000000,66.000000,-298.000000,22.000000,22.000000,22.000000,22.000000,22.000000,22.000000,22.000000,31.000000,31.000000,32.000000,32.000000,32.000000,32.000000,33.000000,1,1,1,1,1,1,1,0,0,0,0,0,0,0,74,5376.194824,717,0,1,0.516180,-0.032892,-0.323199,-3.116000,-0.401000,0.077000,1
1.207247,10.605000,-70.697998,-12.465000,133.177002,23.493999,4.525000,139.167007,-3.480000,9.000000,1.800000,-16.920000,3.360000,8.040000,0.000000,-831.000000,311.000000,633.000000,-3550.000000,311.000000,114.000000,-262.000000,22.000000,22.000000,22.000000,22.000000,22.000000,22.000000,22.000000,31.000000,31.000000,32.000000,32.000000,32.000000,32.000000,33.000000,1,1,1,1,1,1,1,0,0,0,0,0,0,0,74,5376.194824,718,0,1,0.516828,-0.032889,-0.323170,-3.116000,-0.401000,0.077000,1
1.217152,10.582000,-70.643997,-12.451000,133.072998,23.507999,4.564000,139.166000,-4.800000,10.920000,2.280000,-18.360001,3.480000,10.800000,0.000000,-711.000000,511.000000,556.000000,-3736.000000,333.000000,217.000000,-203.000000,22.000000,22.000000,22.000000,22.000000,22.000000,22.000000,22.000000,31.000000,31.000000,32.000000,32.000000,32.000000,32.000000,33.000000,1,1,1,1,1,1,1,0,0,0,0,0,0,0,74,5376.194824,716,0,1,0.517347,-0.032958,-0.323116,-3.117000,-0.402000,0.077000,1
1.227194,10.522000,-70.502998,-12.417000,132.830002,23.541000,4.698000,139.166000,-5.280000,12.480000,2.640000,-23.639999,3.720000,12.000000,0.360000,-731.000000,421.000000,511.000000,-3438.000000,463.000000,272.000000,-34.000000,22.000000,22.000000,22.000000,22.000000,22.000000,22.000000,22.000000,31.000000,31.000000,32.000000,32.000000,32.000000,32.000000,33.000000,1,1,1,1,1,1,1,0,0,0,0,0,0,0,74,5376.194824,716,0,1,0.518251,-0.032955,-0.323117,-3.117000,-0.401000,0.078000,1
1.237175,10.463000,-70.355003,-12.384000,132.567001,23.590000,4.835000,139.166000,-5.520000,15.120000,3.000000,-26.280001,3.840000,13.200000,1.440000,-1029.000000,257.000000,499.000000,-3037.000000,533.000000,444.000000,100.000000,22.000000,22.000000,22.000000,22.000000,22.000000,22.000000,22.000000,31.000000,31.000000,32.000000,32.000000,32.000000,32.000000,33.000000,1,1,1,1,1,1,1,0,0,0,0,0,0,0,74,5376.192871,718,0,1,0.519280,-0.032950,-0.323095,-3.117000,-0.402000,0.078000,1
1.247184,10.432000,-70.268997,-12.363000,132.408005,23.612000,4.912000,139.167007,-5.520000,14.880000,3.120000,-27.240000,4.440000,13.920000,1.560000,-895.000000,214.000000,438.000000,-2924.000000,568.000000,283.000000,130.000000,22.000000,22.000000,22.000000,22.000000,22.000000,22.000000,22.000000,31.000000,31.000000,32.000000,32.000000,32.000000,32.000000,33.000000,1,1,1,1,1,1,1,0,0,0,0,0,0,0,74,5376.192871,718,0,1,0.519965,-0.032950,-0.323053,-3.117000,-0.402000,0.079000,1
1.257230,10.365000,-70.102997,-12.334000,132.128998,23.656000,5.041000,139.173004,-6.240000,15.120000,2.640000,-27.480000,4.560000,13.440000,1.080000,-729.000000,139.000000,487.000000,-2536.000000,549.000000,320.000000,155.000000,22.000000,22.000000,22.000000,22.000000,22.000000,22.000000,22.000000,31.000000,31.000000,32.000000,32.000000,32.000000,32.000000,33.000000,1,1,1,1,1,1,1,0,0,0,0,0,0,0,74,5376.193848,717,0,1,0.521089,-0.033070,-0.323052,-3.118000,-0.402000,0.079000,1
1.267100,10.291000,-69.911003,-12.306000,131.798004,23.716000,5.159000,139.175995,-6.000000,15.710000,2.760000,-24.480000,5.280000,11.760000,1.080000,-994.000000,45.000000,532.000000,-1845.000000,440.000000,511.000000,180.000000,22.000000,22.000000,22.000000,22.000000,22.000000,22.000000,22.000000,31.000000,31.000000,32.000000,32.000000,32.000000,32.000000,33.000000,1,1,1,1,1,1,1,0,0,0,0,0,0,0,74,5376.193848,716,0,1,0.522629,-0.033343,-0.322988,-3.118000,-0.403000,0.080000,1
1.277198,10.222000,-69.733002,-12.277000,131.473999,23.767000,5.317000,139.182007,-6.350000,14.400000,2.400000,-25.559999,5.880000,14.150000,1.080000,-888.000000,41.000000,548.000000,-2260.000000,295.000000,560.000000,204.000000,22.000000,22.000000,22.000000,22.000000,22.000000,22.000000,22.000000,31.000000,31.000000,32.000000,32.000000,32.000000,32.000000,33.000000,1,1,1,1,1,1,1,0,0,0,0,0,0,0,74,5376.193848,719,0,1,0.523965,-0.033431,-0.322935,-3.119000,-0.403000,0.080000,1
1.287159,10.150000,-69.554001,-12.247000,131.229996,23.834000,5.494000,139.197998,-5.400000,15.000000,2.640000,-25.920000,5.400000,13.680000,1.440000,-1024.000000,152.000000,560.000000,-2272.000000,328.000000,347.000000,236.000000,22.000000,22.000000,22.000000,22.000000,22.000000,22.000000,22.000000,31.000000,31.000000,32.000000,32.000000,32.000000,32.000000,33.000000,1,1,1,1,1,1,1,0,0,0,0,0,0,0,74,5376.194824,718,0,1,0.524443,-0.033238,-0.323166,-3.118000,-0.402000,0.080000,1
1.297191,10.123000,-69.485001,-12.236000,131.054993,23.858999,5.555000,139.199997,-6.120000,15.840000,2.640000,-24.719999,4.670000,13.680000,1.440000,-1162.000000,67.000000,587.000000,-2552.000000,383.000000,313.000000,248.000000,22.000000,22.000000,22.000000,22.000000,22.000000,22.000000,22.000000,31.000000,31.000000,32.000000,32.000000,32.000000,32.000000,33.000000,1,1,1,1,1,1,1,0,0,0,0,0,0,0,74,5376.194824,717,0,1,0.525433,-0.033374,-0.322983,-3.119000,-0.403000,0.080000,1
1.307111,10.047000,-69.304001,-12.201000,130.735001,23.917999,5.715000,139.212997,-5.880000,15.240000,2.510000,-25.799999,4.560000,13.320000,1.680000,-948.000000,-49.000000,673.000000,-2333.000000,510.000000,408.000000,266.000000,22.000000,22.000000,22.000000,22.000000,21.000000,22.000000,22.000000,31.000000,31.000000,32.000000,32.000000,32.000000,32.000000,33.000000,1,1,1,1,1,1,1,0,0,0,0,0,0,0,74,5376.194824,720,0,1,0.526707,-0.033420,-0.322955,-3.119000,-0.403000,0.080000,1
1.317116,9.989000,-69.158997,-12.174000,130.472000,23.976000,5.879000,139.225006,-5.520000,15.240000,2.510000,-25.309999,4.670000,14.040000,1.440000,-869.000000,45.000000,601.000000,-2014.000000,489.000000,308.000000,288.000000,22.000000,22.000000,22.000000,22.000000,21.000000,22.000000,22.000000,31.000000,31.000000,32.000000,32.000000,32.000000,32.000000,33.000000,1,1,1,1,1,1,1,0,0,0,0,0,0,0,74,5376.194824,715,0,1,0.527614,-0.033293,-0.322956,-3.118000,-0.402000,0.080000,1
1.327239,9.911000,-68.949997,-12.139000,130.145996,24.027000,6.021000,139.231995,-6.350000,15.710000,2.280000,-27.840000,5.030000,14.040000,1.200000,-1128.000000,-264.000000,616.000000,-2184.000000,550.000000,467.000000,292.000000,22.000000,22.000000,22.000000,22.000000,21.000000,22.000000,22.000000,31.000000,31.000000,32.000000,32.000000,32.000000,32.000000,33.000000,1,1,1,1,1,1,1,0,0,0,0,0,0,0,74,5376.196777,717,0,1,0.528883,-0.033413,-0.323023,-3.119000,-0.403000,0.081000,1
1.337114,9.835000,-68.786003,-12.113000,129.873993,24.075001,6.166000,139.250000,-6.480000,15.240000,2.280000,-27.000000,4.320000,13.800000,1.680000,-862.000000,198.000000,744.000000,-1784.000000,620.000000,434.000000,317.000000,22.000000,22.000000,22.000000,22.000000,21.000000,22.000000,22.000000,31.000000,31.000000,32.000000,32.000000,32.000000,32.000000,33.000000,1,1,1,1,1,1,1,0,0,0,0,0,0,0,74,5376.198242,722,0,1,0.529865,-0.033475,-0.323054,-3.119000,-0.402000,0.081000,1
1.347077,9.813000,-68.719002,-12.104000,129.768997,24.110001,6.260000,139.259003,-5.760000,15.840000,2.280000,-24.120001,5.030000,14.520000,1.800000,-938.000000,-167.000000,792.000000,-2095.000000,551.000000,318.000000,342.000000,22.000000,22.000000,22.000000,22.000000,21.000000,22.000000,22.000000,31.000000,31.000000,32.000000,32.000000,32.000000,32.000000,33.000000,1,1,1,1,1,1,1,0,0,0,0,0,0,0,74,5376.193848,718,0,1,0.530025,-0.033277,-0.323138,-3.118000,-0.402000,0.081000,1
1.357164,9.733000,-68.528000,-12.079000,129.447006,24.174999,6.438000,139.272995,-6.000000,14.640000,2.400000,-25.920000,5.760000,13.560000,1.800000,-1152.000000,-102.000000,698.000000,-2324.000000,474.000000,261.000000,340.000000,22.000000,22.000000,22.000000,22.000000,21.000000,22.000000,22.000000,31.000000,31.000000,32.000000,32.000000,32.000000,32.000000,33.000000,1,1,1,1,1,1,1,0,0,0,0,0,0,0,74,5376.192871,716,0,1,0.531157,-0.033301,-0.323182,-3.119000,-0.402000,0.081000,1
1.367132,9.667000,-68.373001,-12.052000,129.205002,24.230000,6.583000,139.294998,-6.480000,15.240000,2.510000,-25.200001,5.280000,13.200000,1.560000,-615.000000,-158.000000,729.000000,-2406.000000,414.000000,477.000000,340.000000,22.000000,22.000000,22.000000,22.000000,21.000000,22.000000,22.000000,31.000000,31.000000,32.000000,32.000000,32.000000,32.000000,33.000000,1,1,1,1,1,1,1,0,0,0,0,0,0,0,74,5376.192871,717,0,1,0.531891,-0.033212,-0.323281,-3.118000,-0.401000,0.081000,1
1.377109,9.580000,-68.160004,-12.012000,128.843994,24.290001,6.749000,139.317993,-5.640000,15.000000,2.510000,-24.480000,4.920000,14.040000,2.040000,-986.000000,-74.000000,550.000000,-2527.000000,395.000000,143.000000,394.000000,22.000000,22.000000,22.000000,22.000000,21.000000,22.000000,22.000000,31.000000,31.000000,32.000000,32.000000,32.000000,32.000000,33.000000,1,1,1,1,1,1,1,0,0,0,0,0,0,0,74,5376.192871,717,0,1,0.533356,-0.033281,-0.323278,-3.119000,-0.401000,0.081000,1
1.387058,9.555000,-68.098000,-12.001000,128.723999,24.313999,6.818000,139.326996,-6.240000,15.240000,2.510000,-25.920000,5.400000,15.000000,1.920000,-1010.000000,-9.000000,544.000000,-2672.000000,371.000000,309.000000,403.000000,22.000000,22.000000,22.000000,22.000000,21.000000,22.000000,22.000000,31.000000,31.000000,32.000000,32.000000,32.000000,32.000000,33.000000,1,1,1,1,1,1,1,0,0,0,0,0,0,0,74,5376.188965,718,0,1,0.533827,-0.033243,-0.323250,-3.119000,-0.401000,0.081000,1
1.397072,9.482000,-67.922997,-11.961000,128.429993,24.382000,7.021000,139.352997,-5.880000,15.480000,2.510000,-26.040001,4.670000,13.320000,2.160000,-787.000000,84.000000,408.000000,-2534.000000,511.000000,388.000000,410.000000,22.000000,22.000000,22.000000,22.000000,21.000000,22.000000,22.000000,31.000000,31.000000,32.000000,32.000000,32.000000,32.000000,33.000000,1,1,1,1,1,1,1,0,0,0,0,0,0,0,74,5376.188965,719,0,1,0.534659,-0.032943,-0.323342,-3.118000,-0.401000,0.081000,1
1.407107,9.401000,-67.753998,-11.927000,128.117996,24.426001,7.161000,139.376007,-6.240000,14.640000,2.040000,-27.000000,4.080000,13.680000,2.040000,-1005.000000,238.000000,221.000000,-2697.000000,578.000000,221.000000,376.000000,22.000000,22.000000,22.000000,22.000000,21.000000,22.000000,22.000000,31.000000,31.000000,32.000000,32.000000,32.000000,32.000000,33.000000,1,1,1,1,1,1,1,0,0,0,0,0,0,0,74,5376.188965,717,0,1,0.536017,-0.033055,-0.323260,-3.118000,-0.401000,0.081000,1
1.417116,9.331000,-67.605003,-11.903000,127.841003,24.469000,7.305000,139.397995,-6.840000,15.000000,1.800000,-26.280001,4.320000,15.120000,1.560000,-956.000000,-38.000000,417.000000,-2329.000000,550.000000,333.000000,411.000000,22.000000,22.000000,22.000000,22.000000,21.000000,22.000000,22.000000,31.000000,31.000000,32.000000,32.000000,32.000000,32.000000,33.000000,1,1,1,1,1,1,1,0,0,0,0,0,0,0,74,5376.190918,718,0,1,0.537123,-0.033107,-0.323208,-3.119000,-0.401000,0.082000,1
1.427103,9.254000,-67.445999,-11.883000,127.549004,24.525000,7.450000,139.423996,-6.480000,15.240000,1.800000,-26.639999,4.200000,13.560000,2.510000,-668.000000,24.000000,490.000000,-2339.000000,585.000000,441.000000,420.000000,22.000000,22.000000,22.000000,22.000000,21.000000,22.000000,22.000000,31.000000,31.000000,32.000000,32.000000,32.000000,32.000000,33.000000,1,1,1,1,1,1,1,0,0,0,0,0,0,0,74,5376.188965,717,0,1,0.538298,-0.033207,-0.323161,-3.119000,-0.402000,0.081000,1
1.437093,9.210000,-67.387001,-11.878000,127.436996,24.542999,7.529000,139.438995,-6.120000,14.760000,1.800000,-26.280001,4.320000,14.520000,2.280000,-808.000000,145.000000,502.000000,-2445.000000,631.000000,563.000000,403.000000,22.000000,22.000000,22.000000,22.000000,21.000000,22.000000,22.000000,31.000000,31.000000,32.000000,32.000000,32.000000,32.000000,33.000000,1,1,1,1,1,1,1,0,0,0,0,0,0,0,74,5376.192871,717,0,1,0.538633,-0.033262,-0.323156,-3.119000,-0.401000,0.081000,1
1.447100,9.155000,-67.214996,-11.863000,127.158997,24.594999,7.683000,139.466995,-6.480000,15.000000,1.680000,-28.080000,5.160000,13.560000,2.400000,-948.000000,127.000000,642.000000,-2571.000000,533.000000,360.000000,402.000000,22.000000,22.000000,22.000000,22.000000,21.000000,22.000000,22.000000,31.000000,31.000000,32.000000,32.000000,32.000000,32.000000,33.000000,1,1,1,1,1,1,1,0,0,0,0,0,0,0,74,5376.196777,717,0,1,0.539549,-0.033199,-0.323249,-3.119000,-0.401000,0.081000,1
1.457123,9.082000,-67.051003,-11.843000,126.875999,24.646000,7.829000,139.494003,-6.480000,15.600000,2.040000,-25.200001,5.400000,13.200000,2.280000,-613.000000,103.000000,609.000000,-2321.000000,476.000000,413.000000,446.000000,22.000000,22.000000,22.000000,22.000000,21.000000,22.000000,22.000000,31.000000,31.000000,32.000000,32.000000,32.000000,32.000000,33.000000,1,1,1,1,1,1,1,0,0,0,0,0,0,0,74,5376.194824,718,0,1,0.540605,-0.033248,-0.323265,-3.119000,-0.401000,0.081000,1
1.467090,9.007000,-66.864998,-11.819000,126.555000,24.700001,7.967000,139.516006,-5.520000,15.240000,1.920000,-25.200001,4.670000,13.680000,1.800000,-892.000000,62.000000,605.000000,-2639.000000,455.000000,499.000000,424.000000,22.000000,22.000000,22.000000,22.000000,21.000000,22.000000,22.000000,31.000000,31.000000,32.000000,32.000000,32.000000,32.000000,33.000000,1,1,1,1,1,1,1,0,0,0,0,0,0,0,74,5376.196777,717,0,1,0.541954,-0.033380,-0.323245,-3.119000,-0.401000,0.081000,1
1.477111,8.967000,-66.769997,-11.810000,126.411003,24.739000,8.084000,139.537003,-6.350000,15.480000,1.800000,-24.840000,4.670000,14.760000,2.280000,-869.000000,-7.000000,578.000000,-2447.000000,418.000000,353.000000,466.000000,22.000000,22.000000,22.000000,22.000000,21.000000,22.000000,22.000000,31.000000,31.000000,32.000000,32.000000,32.000000,32.000000,33.000000,1,1,1,1,1,1,1,0,0,0,0,0,0,0,74,5376.193848,717,0,1,0.542210,-0.033219,-0.323363,-3.118000,-0.401000,0.081000,1
1.487149,8.893000,-66.587997,-11.784000,126.094002,24.790001,8.245000,139.561005,-6.120000,14.760000,1.800000,-26.040001,4.080000,13.320000,2.640000,-737.000000,-100.000000,418.000000,-3158.000000,554.000000,224.000000,488.000000,22.000000,22.000000,22.000000,22.000000,21.000000,22.000000,22.000000,31.000000,31.000000,32.000000,32.000000,32.000000,32.000000,33.000000,1,1,1,1,1,1,1,0,0,0,0,0,0,0,74,5376.192871,717,0,1,0.543420,-0.033228,-0.323373,-3.119000,-0.401000,0.081000,1
1.497137,8.827000,-66.430000,-11.767000,125.807999,24.823000,8.371000,139.589005,-6.240000,14.880000,1.800000,-25.559999,3.720000,13.080000,2.160000,-1138.000000,-180.000000,511.000000,-2636.000000,601.000000,421.000000,456.000000,22.000000,22.000000,22.000000,22.000000,21.000000,22.000000,22.000000,31.000000,31.000000,32.000000,32.000000,32.000000,32.000000,33.000000,1,1,1,1,1,1,1,0,0,0,0,0,0,0,74,5376.193848,717,0,1,0.544627,-0.033370,-0.323331,-3.119000,-0.401000,0.081000,1
1.507053,8.760000,-66.278999,-11.747000,125.524002,24.868000,8.522000,139.615005,-6.720000,14.640000,1.560000,-25.799999,3.840000,13.920000,2.160000,-814.000000,-102.000000,562.000000,-2490.000000,645.000000,271.000000,475.000000,22.000000,22.000000,22.000000,22.000000,21.000000,22.000000,22.000000,31.000000,31.000000,32.000000,32.000000,32.000000,32.000000,33.000000,1,1,1,1,1,1,1,0,0,0,0,0,0,0,74,5376.193848,717,0,1,0.545736,-0.033375,-0.323285,-3.119000,-0.401000,0.081000,1
1.517057,8.687000,-66.125000,-11.732000,125.228996,24.924999,8.698000,139.643997,-5.760000,14.040000,1.680000,-26.160000,3.600000,14.880000,2.510000,-615.000000,26.000000,645.000000,-2832.000000,754.000000,270.000000,500.000000,22.000000,22.000000,22.000000,22.000000,21.000000,22.000000,22.000000,31.000000,31.000000,32.000000,32.000000,32.000000,32.000000,33.000000,1,1,1,1,1,1,1,0,0,0,0,0,0,0,74,5376.194824,717,0,1,0.546799,-0.033348,-0.323246,-3.119000,-0.401000,0.081000,1
1.527114,8.618000,-65.982002,-11.711000,124.947998,24.961000,8.830000,139.673004,-5.760000,14.400000,1.560000,-26.760000,3.840000,14.040000,2.510000,-880.000000,-142.000000,700.000000,-2331.000000,683.000000,417.000000,475.000000,22.000000,22.000000,22.000000,22.000000,21.000000,22.000000,22.000000,31.000000,31.000000,32.000000,32.000000,32.000000,32.000000,33.000000,1,1,1,1,1,1,1,0,0,0,0,0,0,0,74,5376.194824,718,0,1,0.548011,-0.033441,-0.323147,-3.119000,-0.402000,0.081000,1
1.537074,8.547000,-65.837997,-11.690000,124.665001,25.018000,9.021000,139.701996,-6.350000,14.760000,1.440000,-27.360001,4.320000,13.440000,2.510000,-844.000000,-154.000000,622.000000,-2198.000000,690.000000,261.000000,496.000000,22.000000,22.000000,22.000000,22.000000,21.000000,22.000000,22.000000,31.000000,31.000000,32.000000,32.000000,32.000000,32.000000,33.000000,1,1,1,1,1,1,1,0,0,0,0,0,0,0,74,5376.196777,717,0,1,0.548935,-0.033283,-0.323118,-3.119000,-0.401000,0.081000,1
1.547062,8.506000,-65.752998,-11.679000,124.513000,25.040001,9.106000,139.716995,-6.120000,14.880000,1.680000,-26.520000,3.960000,14.640000,2.640000,-864.000000,134.000000,661.000000,-2786.000000,611.000000,272.000000,472.000000,22.000000,22.000000,22.000000,22.000000,21.000000,22.000000,22.000000,31.000000,31.000000,32.000000,32.000000,32.000000,32.000000,33.000000,1,1,1,1,1,1,1,0,0,0,0,0,0,0,74,5376.194824,717,0,1,0.549483,-0.033291,-0.323119,-3.119000,-0.401000,0.081000,1
1.557110,8.444000,-65.601997,-11.663000,124.268997,25.090000,9.261000,139.744995,-5.640000,14.280000,1.560000,-27.959999,4.670000,13.800000,2.640000,-1099.000000,54.000000,674.000000,-2793.000000,575.000000,473.000000,538.000000,22.000000,22.000000,22.000000,22.000000,21.000000,22.000000,22.000000,31.000000,31.000000,32.000000,32.000000,32.000000,32.000000,33.000000,1,1,1,1,1,1,1,0,0,0,0,0,0,0,74,5376.194824,718,0,1,0.550183,-0.033174,-0.323224,-3.118000,-0.401000,0.080000,1
1.567019,8.367000,-65.417999,-11.638000,123.956001,25.150999,9.437000,139.779999,-6.600000,15.120000,1.440000,-26.639999,4.920000,15.000000,2.880000,-1168.000000,-134.000000,605.000000,-2549.000000,481.000000,283.000000,545.000000,22.000000,22.000000,22.000000,22.000000,21.000000,22.000000,22.000000,31.000000,31.000000,32.000000,32.000000,32.000000,32.000000,33.000000,1,1,1,1,1,1,1,0,0,0,0,0,0,0,74,5376.193848,717,0,1,0.551259,-0.033082,-0.323279,-3.118000,-0.401000,0.080000,1
1.576958,8.289000,-65.221001,-11.615000,123.640999,25.201000,9.584000,139.806000,-6.480000,14.760000,1.560000,-27.360001,3.960000,14.280000,3.120000,-1168.000000,168.000000,363.000000,-2694.000000,521.000000,273.000000,488.000000,22.000000,22.000000,22.000000,22.000000,21.000000,22.000000,22.000000,31.000000,31.000000,32.000000,32.000000,32.000000,32.000000,33.000000,1,1,1,1,1,1,1,0,0,0,0,0,0,0,74,5376.196777,718,0,1,0.552427,-0.033139,-0.323360,-3.118000,-0.401000,0.080000,1
1.587049,8.252000,-65.121002,-11.608000,123.515999,25.231001,9.680000,139.828003,-6.600000,15.240000,1.680000,-25.559999,3.960000,14.040000,3.240000,-1230.000000,-371.000000,403.000000,-2540.000000,593.000000,401.000000,489.000000,22.000000,22.000000,22.000000,22.000000,21.000000,22.000000,22.000000,31.000000,31.000000,32.000000,32.000000,32.000000,32.000000,33.000000,1,1,1,1,1,1,1,0,0,0,0,0,0,0,74,5376.188965,716,0,1,0.552567,-0.033018,-0.323558,-3.118000,-0.400000,0.080000,1
1.597024,8.186000,-64.963997,-11.585000,123.206001,25.280001,9.853000,139.865005,-6.960000,15.240000,1.440000,-27.000000,3.480000,15.120000,3.000000,-1081.000000,-51.000000,304.000000,-2633.000000,606.000000,382.000000,469.000000,22.000000,22.000000,22.000000,22.000000,21.000000,22.000000,22.000000,31.000000,31.000000,32.000000,32.000000,32.000000,32.000000,33.000000,1,1,1,1,1,1,1,0,0,0,0,0,0,0,74,5376.187988,720,0,1,0.553772,-0.032911,-0.323482,-3.118000,-0.400000,0.080000,1
1.607053,8.105000,-64.776001,-11.568000,122.876999,25.322001,10.023000,139.901993,-6.000000,15.120000,1.560000,-27.840000,3.360000,14.280000,2.760000,-967.000000,-120.000000,344.000000,-2831.000000,672.000000,238.000000,478.000000,22.000000,22.000000,22.000000,22.000000,21.000000,22.000000,22.000000,31.000000,31.000000,32.000000,32.000000,32.000000,32.000000,33.000000,1,1,1,1,1,1,1,0,0,0,0,0,0,0,74,5376.188965,717,0,1,0.554973,-0.032973,-0.323508,-3.118000,-0.400000,0.080000,1
1.617200,8.015000,-64.573997,-11.550000,122.551003,25.362000,10.195000,139.938995,-6.960000,14.280000,1.200000,-26.879999,3.240000,15.000000,3.000000,-946.000000,-82.000000,346.000000,-2300.000000,754.000000,564.000000,447.000000,22.000000,22.000000,22.000000,22.000000,21.000000,22.000000,22.000000,31.000000,31.000000,32.000000,32.000000,32.000000,32.000000,33.000000,1,1,1,1,1,1,1,0,0,0,0,0,0,0,74,5376.190918,718,0,1,0.556078,-0.033050,-0.323612,-3.118000,-0.400000,0.080000,1
1.627092,7.955000,-64.448997,-11.538000,122.267998,25.399000,10.350000,139.973007,-6.960000,14.760000,1.080000,-27.000000,3.000000,15.480000,2.880000,-987.000000,-196.000000,429.000000,-2557.000000,785.000000,339.000000,467.000000,22.000000,22.000000,22.000000,22.000000,21.000000,22.000000,22.000000,31.000000,31.000000,32.000000,32.000000,32.000000,32.000000,33.000000,1,1,1,1,1,1,1,0,0,0,0,0,0,0,74,5376.193848,717,0,1,0.557269,-0.033049,-0.323449,-3.118000,-0.400000,0.080000,1
1.637062,7.915000,-64.357002,-11.531000,122.092003,25.422001,10.446000,139.985992,-6.480000,14.040000,1.320000,-26.520000,3.240000,14.760000,3.240000,-1137.000000,33.000000,465.000000,-2283.000000,819.000000,353.000000,490.000000,22.000000,22.000000,22.000000,22.000000,21.000000,22.000000,22.000000,31.000000,31.000000,32.000000,32.000000,32.000000,32.000000,33.000000,1,1,1,1,1,1,1,0,0,0,0,0,0,0,74,5376.193848,717,0,1,0.557931,-0.033062,-0.323425,-3.118000,-0.400000,0.080000,1
1.646996,7.844000,-64.198997,-11.519000,121.808998,25.454000,10.573000,140.018997,-6.960000,14.040000,1.080000,-27.360001,3.720000,13.200000,2.880000,-830.000000,-93.000000,486.000000,-2761.000000,796.000000,360.000000,492.000000,22.000000,22.000000,22.000000,22.000000,21.000000,22.000000,22.000000,31.000000,31.000000,32.000000,32.000000,32.000000,32.000000,33.000000,1,1,1,1,1,1,1,0,0,0,0,0,0,0,74,5376.192871,718,0,1,0.559090,-0.033216,-0.323401,-3.118000,-0.401000,0.080000,1
1.657134,7.771000,-64.083000,-11.509000,121.572998,25.495001,10.732000,140.048004,-6.120000,15.000000,1.200000,-26.400000,3.600000,15.120000,2.510000,-693.000000,-4.000000,546.000000,-3017.000000,712.000000,436.000000,535.000000,22.000000,22.000000,22.000000,22.000000,21.000000,22.000000,22.000000,31.000000,31.000000,32.000000,32.000000,32.000000,32.000000,33.000000,1,1,1,1,1,1,1,0,0,0,0,0,0,0,74,5376.192871,717,0,1,0.559860,-0.033196,-0.323357,-3.118000,-0.400000,0.080000,1
1.666992,7.695000,-63.888000,-11.495000,121.190002,25.546000,10.912000,140.082993,-6.600000,14.400000,1.080000,-26.639999,4.320000,14.520000,2.880000,-998.000000,-60.000000,660.000000,-2882.000000,581.000000,203.000000,532.000000,22.000000,22.000000,22.000000,22.000000,21.000000,22.000000,22.000000,31.000000,31.000000,32.000000,32.000000,32.000000,32.000000,33.000000,1,1,1,1,1,1,1,0,0,0,0,0,0,0,74,5376.192871,716,0,1,0.561485,-0.033272,-0.323243,-3.118000,-0.401000,0.080000,1
1.677001,7.658000,-63.799999,-11.486000,121.024002,25.573000,11.001000,140.102997,-6.350000,14.760000,0.960000,-26.040001,4.080000,13.440000,3.000000,-828.000000,88.000000,576.000000,-2472.000000,582.000000,284.000000,544.000000,22.000000,22.000000,22.000000,22.000000,21.000000,22.000000,22.000000,31.000000,31.000000,32.000000,32.000000,32.000000,32.000000,33.000000,1,1,1,1,1,1,1,0,0,0,0,0,0,0,74,5376.192871,722,0,1,0.562117,-0.033241,-0.323223,-3.118000,-0.401000,0.080000,1
1.687017,7.590000,-63.652000,-11.475000,120.747002,25.618000,11.142000,140.136002,-5.520000,14.280000,1.080000,-25.559999,4.200000,13.800000,3.360000,-1040.000000,13.000000,654.000000,-2485.000000,440.000000,364.000000,515.000000,22.000000,22.000000,22.000000,22.000000,21.000000,22.000000,22.000000,31.000000,31.000000,32.000000,32.000000,32.000000,32.000000,33.000000,1,1,1,1,1,1,1,0,0,0,0,0,0,0,74,5376.193848,718,0,1,0.563185,-0.033289,-0.323190,-3.118000,-0.401000,0.080000,1
1.697024,7.520000,-63.480999,-11.461000,120.452003,25.673000,11.337000,140.167999,-6.600000,14.400000,1.320000,-27.240000,3.720000,14.040000,3.480000,-1152.000000,62.000000,646.000000,-2349.000000,514.000000,229.000000,512.000000,22.000000,22.000000,22.000000,22.000000,21.000000,22.000000,22.000000,31.000000,31.000000,32.000000,32.000000,32.000000,32.000000,33.000000,1,1,1,1,1,1,1,0,0,0,0,0,0,0,74,5376.193848,718,0,1,0.564034,-0.033115,-0.323278,-3.118000,-0.401000,0.079000,1
1.706985,7.444000,-63.317001,-11.443000,120.155998,25.702999,11.467000,140.207993,-6.600000,14.150000,1.080000,-27.719999,3.480000,14.760000,3.600000,-748.000000,-10.000000,617.000000,-2265.000000,580.000000,373.000000,431.000000,22.000000,22.000000,22.000000,22.000000,21.000000,22.000000,22.000000,31.000000,31.000000,32.000000,32.000000,32.000000,32.000000,33.000000,1,1,1,1,1,1,1,0,0,0,0,0,0,0,74,5376.193848,717,0,1,0.565267,-0.033240,-0.323245,-3.118000,-0.401000,0.079000,1
1.717008,7.371000,-63.141998,-11.434000,119.833000,25.749001,11.670000,140.248993,-5.760000,14.640000,1.080000,-25.559999,3.120000,15.000000,3.360000,-1196.000000,-175.000000,639.000000,-2441.000000,636.000000,355.000000,473.000000,22.000000,22.000000,22.000000,22.000000,21.000000,22.000000,22.000000,31.000000,31.000000,32.000000,32.000000,32.000000,32.000000,33.000000,1,1,1,1,1,1,1,0,0,0,0,0,0,0,74,5376.193848,719,0,1,0.566295,-0.033134,-0.323271,-3.118000,-0.401000,0.079000,1
1.726948,7.332000,-63.047001,-11.425000,119.689003,25.768000,11.766000,140.274002,-6.480000,15.120000,1.080000,-26.879999,2.880000,14.280000,3.720000,-831.000000,-219.000000,571.000000,-2772.000000,691.000000,339.000000,453.000000,22.000000,22.000000,22.000000,22.000000,21.000000,22.000000,22.000000,31.000000,31.000000,32.000000,32.000000,32.000000,32.000000,33.000000,1,1,1,1,1,1,1,0,0,0,0,0,0,0,74,5376.193848,718,0,1,0.566635,-0.033061,-0.323380,-3.118000,-0.401000,0.079000,1
1.736861,7.259000,-62.884998,-11.409000,119.411003,25.802000,11.925000,140.313004,-5.880000,15.600000,1.200000,-27.000000,3.120000,14.400000,3.600000,-700.000000,-114.000000,398.000000,-2637.000000,671.000000,482.000000,435.000000,22.000000,22.000000,22.000000,22.000000,21.000000,22.000000,22.000000,31.000000,31.000000,32.000000,32.000000,32.000000,32.000000,33.000000,1,1,1,1,1,1,1,0,0,0,0,0,0,0,74,5376.193848,718,0,1,0.567538,-0.033018,-0.323444,-3.118000,-0.400000,0.079000,1
1.746940,7.180000,-62.701000,-11.394000,119.071999,25.834999,12.107000,140.356995,-6.480000,14.760000,1.080000,-27.000000,2.640000,14.400000,3.960000,-1081.000000,-276.000000,464.000000,-2745.000000,748.000000,293.000000,383.000000,22.000000,22.000000,22.000000,22.000000,21.000000,22.000000,22.000000,31.000000,31.000000,32.000000,32.000000,32.000000,32.000000,33.000000,1,1,1,1,1,1,1,0,0,0,0,0,0,0,74,5376.190918,717,0,1,0.568779,-0.033024,-0.323437,-3.118000,-0.400000,0.079000,1
1.757035,7.097000,-62.556000,-11.381000,118.815002,25.865999,12.256000,140.401993,-6.600000,14.520000,1.080000,-27.120001,2.880000,15.240000,3.240000,-691.000000,-186.000000,483.000000,-2700.000000,740.000000,323.000000,455.000000,22.000000,22.000000,22.000000,22.000000,21.000000,22.000000,22.000000,31.000000,31.000000,32.000000,32.000000,32.000000,32.000000,33.000000,1,1,1,1,1,1,1,0,0,0,0,0,0,0,74,5376.188965,718,0,1,0.569618,-0.033083,-0.323467,-3.118000,-0.400000,0.079000,1
1.766927,7.028000,-62.382999,-11.366000,118.486000,25.898001,12.426000,140.444000,-5.760000,14.520000,0.840000,-25.920000,2.880000,14.880000,3.480000,-921.000000,-277.000000,443.000000,-2634.000000,768.000000,529.000000,486.000000,22.000000,22.000000,22.000000,22.000000,21.000000,22.000000,22.000000,31.000000,31.000000,32.000000,32.000000,32.000000,32.000000,33.000000,1,1,1,1,1,1,1,0,0,0,0,0,0,0,74,5376.188965,717,0,1,0.570886,-0.033063,-0.323425,-3.118000,-0.400000,0.079000,1
1.776995,6.994000,-62.299000,-11.359000,118.318001,25.919001,12.516000,140.453995,-6.600000,14.400000,1.080000,-28.559999,3.120000,15.710000,3.240000,-818.000000,-88.000000,325.000000,-2351.000000,763.000000,361.000000,489.000000,22.000000,22.000000,22.000000,22.000000,21.000000,22.000000,22.000000,31.000000,31.000000,32.000000,32.000000,32.000000,32.000000,33.000000,1,1,1,1,1,1,1,0,0,0,0,0,0,0,74,5376.193848,719,0,1,0.571541,-0.033050,-0.323382,-3.118000,-0.401000,0.080000,1
1.786926,6.910000,-62.148998,-11.347000,118.024002,25.952000,12.676000,140.498993,-6.480000,14.280000,1.080000,-27.360001,3.600000,15.240000,3.360000,-763.000000,28.000000,274.000000,-2091.000000,666.000000,332.000000,501.000000,22.000000,22.000000,22.000000,22.000000,21.000000,22.000000,22.000000,31.000000,31.000000,32.000000,32.000000,32.000000,32.000000,33.000000,1,1,1,1,1,1,1,0,0,0,0,0,0,0,74,5376.196777,717,0,1,0.572646,-0.033118,-0.323316,-3.118000,-0.401000,0.079000,1
1.796955,6.851000,-61.983002,-11.337000,117.736000,25.992001,12.838000,140.539001,-6.120000,14.280000,0.840000,-27.959999,3.960000,14.520000,3.480000,-1032.000000,-28.000000,309.000000,-2619.000000,538.000000,554.000000,528.000000,22.000000,22.000000,22.000000,22.000000,21.000000,22.000000,22.000000,31.000000,31.000000,32.000000,32.000000,32.000000,32.000000,33.000000,1,1,1,1,1,1,1,0,0,0,0,0,0,0,74,5376.198242,718,0,1,0.573602,-0.033030,-0.323381,-3.118000,-0.401000,0.079000,1
1.806927,6.779000,-61.813999,-11.329000,117.428001,26.034000,12.999000,140.567993,-6.960000,15.480000,0.600000,-27.719999,3.600000,15.710000,3.600000,-866.000000,-52.000000,323.000000,-2618.000000,492.000000,330.000000,426.000000,22.000000,22.000000,22.000000,22.000000,21.000000,22.000000,22.000000,31.000000,31.000000,32.000000,32.000000,32.000000,32.000000,33.000000,1,1,1,1,1,1,1,0,0,0,0,0,0,0,74,5376.196777,717,0,1,0.574731,-0.033061,-0.323383,-3.118000,-0.401000,0.079000,1
1.817008,6.709000,-61.644001,-11.320000,117.144997,26.070999,13.175000,140.621994,-5.760000,14.520000,0.720000,-25.559999,3.480000,15.840000,3.600000,-805.000000,-47.000000,359.000000,-2221.000000,441.000000,385.000000,452.000000,22.000000,22.000000,22.000000,22.000000,21.000000,22.000000,22.000000,31.000000,31.000000,32.000000,32.000000,32.000000,32.000000,33.000000,1,1,1,1,1,1,1,0,0,0,0,0,0,0,74,5376.196777,718,0,1,0.575531,-0.032958,-0.323507,-3.118000,-0.400000,0.079000,1
1.827016,6.670000,-61.546001,-11.318000,116.985001,26.091999,13.263000,140.641006,-6.840000,14.760000,0.720000,-28.430000,3.120000,15.840000,3.840000,-1005.000000,-41.000000,409.000000,-2849.000000,509.000000,346.000000,450.000000,22.000000,22.000000,22.000000,22.000000,21.000000,22.000000,22.000000,31.000000,31.000000,32.000000,32.000000,32.000000,32.000000,33.000000,1,1,1,1,1,1,1,0,0,0,0,0,0,0,74,5376.188965,714,0,1,0.576042,-0.032987,-0.323568,-3.118000,-0.400000,0.079000,1
1.836902,6.582000,-61.335999,-11.307000,116.607002,26.132999,13.459000,140.690002,-6.480000,14.880000,0.720000,-25.799999,3.000000,15.240000,3.960000,-706.000000,-305.000000,386.000000,-2604.000000,537.000000,217.000000,428.000000,22.000000,22.000000,22.000000,22.000000,21.000000,22.000000,22.000000,31.000000,31.000000,32.000000,32.000000,32.000000,32.000000,33.000000,1,1,1,1,1,1,1,0,0,0,0,0,0,0,74,5376.188965,716,0,1,0.577403,-0.033023,-0.323590,-3.118000,-0.400000,0.079000,1
1.847038,6.520000,-61.185001,-11.302000,116.356003,26.166000,13.635000,140.731995,-5.640000,13.440000,0.480000,-25.200001,2.510000,13.440000,3.240000,-1046.000000,-656.000000,416.000000,-1718.000000,593.000000,124.000000,403.000000,22.000000,22.000000,22.000000,22.000000,21.000000,22.000000,22.000000,31.000000,31.000000,32.000000,32.000000,32.000000,32.000000,33.000000,1,1,1,1,1,1,1,0,0,0,0,0,0,0,74,5376.188965,718,0,1,0.578004,-0.032880,-0.323728,-3.117000,-0.399000,0.079000,1
1.857023,6.459000,-61.056000,-11.293000,116.114998,26.194000,13.752000,140.768997,-5.400000,11.280000,0.360000,-21.240000,2.510000,11.400000,3.000000,-997.000000,-604.000000,390.000000,-1881.000000,596.000000,438.000000,362.000000,22.000000,22.000000,22.000000,22.000000,21.000000,22.000000,22.000000,31.000000,31.000000,32.000000,32.000000,32.000000,32.000000,33.000000,1,1,1,1,1,1,1,0,0,0,0,0,0,0,74,5376.188965,716,0,1,0.578939,-0.032941,-0.323703,-3.117000,-0.400000,0.079000,1
1.866902,6.409000,-60.949001,-11.285000,115.903000,26.221001,13.856000,140.794998,-4.440000,9.000000,0.360000,-16.200001,2.160000,8.640000,2.160000,-727.000000,-623.000000,334.000000,-1400.000000,541.000000,296.000000,346.000000,22.000000,22.000000,22.000000,22.000000,21.000000,22.000000,22.000000,31.000000,31.000000,32.000000,32.000000,32.000000,32.000000,33.000000,1,1,1,1,1,1,1,0,0,0,0,0,0,0,74,5376.188965,718,0,1,0.579805,-0.032972,-0.323640,-3.117000,-0.400000,0.079000,1
1.876897,6.362000,-60.856998,-11.276000,115.721001,26.243000,13.937000,140.809998,-2.640000,5.880000,0.360000,-11.880000,1.800000,7.200000,0.960000,-736.000000,-932.000000,268.000000,-1407.000000,570.000000,400.000000,332.000000,22.000000,22.000000,22.000000,22.000000,21.000000,22.000000,22.000000,31.000000,31.000000,32.000000,32.000000,32.000000,32.000000,33.000000,1,1,1,1,1,1,1,0,0,0,0,0,0,0,74,5376.190918,718,0,1,0.580583,-0.033035,-0.323578,-3.118000,-0.400000,0.079000,1
1.886885,6.351000,-60.838001,-11.276000,115.676003,26.250999,13.965000,140.817993,-2.510000,5.030000,0.000000,-10.440000,1.920000,5.030000,1.080000,-738.000000,-715.000000,238.000000,-1526.000000,618.000000,197.000000,317.000000,22.000000,22.000000,22.000000,22.000000,21.000000,22.000000,22.000000,31.000000,31.000000,32.000000,32.000000,32.000000,32.000000,33.000000,1,1,1,1,1,1,1,0,0,0,0,0,0,0,74,5376.193848,717,0,1,0.580759,-0.033030,-0.323550,-3.118000,-0.400000,0.079000,1
1.896874,6.325000,-60.793999,-11.272000,115.596001,26.271000,14.018000,140.822006,-1.320000,3.000000,0.000000,-5.400000,1.440000,3.600000,0.000000,-700.000000,-510.000000,217.000000,-1470.000000,642.000000,187.000000,305.000000,22.000000,22.000000,22.000000,22.000000,21.000000,22.000000,22.000000,31.000000,31.000000,32.000000,32.000000,32.000000,32.000000,33.000000,1,1,1,1,1,1,1,0,0,0,0,0,0,0,74,5376.193848,718,0,1,0.580992,-0.033000,-0.323562,-3.118000,-0.400000,0.079000,1
1.906858,6.317000,-60.765999,-11.272000,115.566002,26.283001,14.054000,140.826004,-0.840000,1.320000,0.000000,-1.800000,1.080000,1.920000,-0.240000,-774.000000,-593.000000,169.000000,-1870.000000,689.000000,197.000000,167.000000,22.000000,22.000000,22.000000,22.000000,21.000000,22.000000,22.000000,31.000000,31.000000,32.000000,32.000000,32.000000,32.000000,33.000000,1,1,1,1,1,1,1,0,0,0,0,0,0,0,74,5376.192871,718,0,1,0.580939,-0.032913,-0.323650,-3.117000,-0.400000,0.079000,1
1.916837,6.310000,-60.757999,-11.272000,115.560997,26.297001,14.076000,140.824997,-0.360000,0.360000,0.000000,0.000000,1.200000,0.720000,-0.120000,-784.000000,-623.000000,139.000000,-2134.000000,705.000000,141.000000,73.000000,22.000000,22.000000,22.000000,22.000000,22.000000,22.000000,22.000000,31.000000,31.000000,32.000000,32.000000,32.000000,32.000000,33.000000,1,1,1,1,1,1,1,0,0,0,0,0,0,0,74,5376.188965,717,0,1,0.580837,-0.032843,-0.323700,-3.117000,-0.399000,0.078000,1
1.926867,6.306000,-60.754002,-11.276000,115.560997,26.308001,14.087000,140.824005,-0.120000,0.000000,-0.120000,0.000000,1.080000,0.600000,0.000000,-730.000000,-592.000000,-15.000000,-2133.000000,715.000000,100.000000,-18.000000,22.000000,22.000000,22.000000,22.000000,22.000000,22.000000,22.000000,31.000000,31.000000,32.000000,32.000000,32.000000,32.000000,33.000000,1,1,1,1,1,1,1,0,0,0,0,0,0,0,74,5376.188965,717,0,1,0.580759,-0.032831,-0.323735,-3.117000,-0.399000,0.078000,1
1.936831,6.306000,-60.752998,-11.278000,115.560997,26.320000,14.092000,140.824005,0.000000,0.360000,-0.360000,-0.600000,0.840000,0.720000,-0.360000,-677.000000,-455.000000,-146.000000,-2633.000000,726.000000,184.000000,-99.000000,22.000000,22.000000,22.000000,22.000000,22.000000,22.000000,22.000000,31.000000,31.000000,32.000000,32.000000,32.000000,32.000000,33.000000,1,1,1,1,1,1,1,0,0,0,0,0,0,0,74,5376.187988,718,0,1,0.580728,-0.032803,-0.323748,-3.117000,-0.399000,0.078000,1
1.946817,6.306000,-60.742001,-11.282000,115.544998,26.327999,14.110000,140.824997,0.000000,1.440000,-1.080000,-2.880000,0.960000,1.560000,-0.480000,-483.000000,-246.000000,-374.000000,-3043.000000,692.000000,250.000000,-161.000000,22.000000,22.000000,22.000000,22.000000,22.000000,22.000000,22.000000,31.000000,31.000000,32.000000,32.000000,32.000000,32.000000,33.000000,1,1,1,1,1,1,1,0,0,0,0,0,0,0,74,5376.187988,720,0,1,0.580714,-0.032766,-0.323779,-3.117000,-0.399000,0.078000,1
1.956891,6.306000,-60.729000,-11.284000,115.522003,26.332001,14.125000,140.822006,0.000000,2.280000,-2.040000,-5.160000,0.600000,2.760000,-0.720000,-324.000000,-195.000000,-452.000000,-3493.000000,659.000000,327.000000,-190.000000,22.000000,22.000000,22.000000,22.000000,22.000000,22.000000,22.000000,31.000000,31.000000,32.000000,32.000000,32.000000,32.000000,33.000000,1,1,1,1,1,1,1,0,0,0,0,0,0,0,74,5376.192871,719,0,1,0.580785,-0.032744,-0.323784,-3.117000,-0.399000,0.078000,1
1.966831,6.307000,-60.688999,-11.298000,115.450996,26.339001,14.180000,140.817993,0.360000,4.320000,-3.480000,-9.000000,0.000000,5.880000,-0.720000,113.000000,-92.000000,-518.000000,-3681.000000,654.000000,412.000000,-235.000000,22.000000,22.000000,22.000000,22.000000,22.000000,22.000000,22.000000,31.000000,31.000000,32.000000,32.000000,32.000000,32.000000,33.000000,1,1,1,1,1,1,1,0,0,0,0,0,0,0,74,5376.194824,717,0,1,0.580930,-0.032719,-0.323827,-3.116000,-0.399000,0.078000,1
1.976781,6.315000,-60.633999,-11.325000,115.296997,26.341000,14.250000,140.807007,1.560000,6.000000,-6.840000,-15.120000,0.000000,8.760000,-1.560000,251.000000,-84.000000,-804.000000,-4299.000000,590.000000,465.000000,-283.000000,22.000000,22.000000,22.000000,22.000000,22.000000,22.000000,22.000000,31.000000,31.000000,32.000000,32.000000,32.000000,32.000000,33.000000,1,1,1,1,1,1,1,0,0,0,0,0,0,0,74,5376.193848,717,0,1,0.581667,-0.032855,-0.323682,-3.116000,-0.399000,0.078000,1
1.986901,6.340000,-60.550999,-11.369000,115.109001,26.339001,14.364000,140.792007,2.280000,8.880000,-8.640000,-18.480000,0.000000,10.200000,-2.040000,279.000000,234.000000,-819.000000,-3850.000000,377.000000,191.000000,-323.000000,22.000000,22.000000,22.000000,22.000000,22.000000,22.000000,22.000000,31.000000,31.000000,32.000000,32.000000,32.000000,32.000000,33.000000,1,1,1,1,1,1,1,0,0,0,0,0,0,0,74,5376.192871,719,0,1,0.582310,-0.032911,-0.323650,-3.116000,-0.400000,0.078000,1
1.996833,6.373000,-60.457001,-11.440000,114.862999,26.343000,14.503000,140.781006,3.240000,11.160000,-8.760000,-22.799999,0.000000,13.440000,-2.040000,416.000000,-21.000000,-962.000000,-3355.000000,264.000000,218.000000,-345.000000,22.000000,22.000000,22.000000,22.000000,22.000000,22.000000,22.000000,31.000000,31.000000,32.000000,32.000000,32.000000,32.000000,33.000000,1,1,1,1,1,1,1,0,0,0,0,0,0,0,74,5376.192871,720,0,1,0.583281,-0.033120,-0.323503,-3.116000,-0.400000,0.078000,1
2.006875,6.389000,-60.411999,-11.479000,114.759003,26.344999,14.592000,140.772995,3.720000,10.200000,-9.720000,-23.639999,-0.120000,13.680000,-2.160000,309.000000,-50.000000,-1142.000000,-3649.000000,174.000000,367.000000,-359.000000,22.000000,22.000000,22.000000,22.000000,22.000000,22.000000,22.000000,31.000000,31.000000,32.000000,32.000000,32.000000,32.000000,33.000000,1,1,1,1,1,1,1,0,0,0,0,0,0,0,74,5376.192871,718,0,1,0.583491,-0.033146,-0.323517,-3.115000,-0.400000,0.078000,1
2.016889,6.433000,-60.271000,-11.615000,114.429001,26.344999,14.753000,140.755005,3.720000,11.760000,-11.760000,-26.520000,-0.360000,15.960000,-2.510000,594.000000,-125.000000,-1017.000000,-3686.000000,70.000000,337.000000,-351.000000,22.000000,22.000000,22.000000,22.000000,21.000000,22.000000,22.000000,31.000000,31.000000,32.000000,32.000000,32.000000,32.000000,33.000000,1,1,1,1,1,1,1,0,0,0,0,0,0,0,74,5376.190918,716,0,1,0.584789,-0.033854,-0.323396,-3.115000,-0.400000,0.077000,1
2.026826,6.483000,-60.120998,-11.763000,114.105003,26.344999,14.931000,140.733002,4.440000,13.080000,-12.600000,-27.719999,-0.600000,15.360000,-2.510000,541.000000,-175.000000,-826.000000,-2743.000000,-13.000000,304.000000,-375.000000,22.000000,22.000000,22.000000,22.000000,21.000000,22.000000,22.000000,31.000000,31.000000,32.000000,32.000000,32.000000,32.000000,33.000000,1,1,1,1,1,1,1,0,0,0,0,0,0,0,74,5376.192871,717,0,1,0.585879,-0.034556,-0.323375,-3.115000,-0.401000,0.076000,1
2.036826,6.528000,-59.995998,-11.896000,113.829002,26.341000,15.110000,140.701004,4.440000,12.360000,-11.040000,-29.760000,-0.840000,15.120000,-2.760000,348.000000,97.000000,-365.000000,-2608.000000,-7.000000,536.000000,-363.000000,22.000000,22.000000,22.000000,22.000000,21.000000,22.000000,22.000000,31.000000,31.000000,32.000000,32.000000,32.000000,32.000000,33.000000,1,1,1,1,1,1,1,0,0,0,0,0,0,0,74,5376.194824,717,0,1,0.586668,-0.035118,-0.323380,-3.115000,-0.401000,0.075000,1
2.046821,6.572000,-59.863998,-12.036000,113.542999,26.330999,15.284000,140.677994,4.080000,11.760000,-11.640000,-27.719999,-0.960000,15.710000,-3.000000,367.000000,3.000000,-395.000000,-2190.000000,-76.000000,275.000000,-373.000000,22.000000,22.000000,22.000000,22.000000,21.000000,22.000000,22.000000,31.000000,31.000000,32.000000,32.000000,32.000000,32.000000,33.000000,1,1,1,1,1,1,1,0,0,0,0,0,0,0,74,5376.196777,718,0,1,0.587514,-0.035780,-0.323389,-3.115000,-0.400000,0.075000,1
2.056899,6.601000,-59.782001,-12.124000,113.376999,26.330000,15.352000,140.667007,4.320000,12.960000,-11.160000,-26.639999,-1.080000,15.840000,-2.280000,444.000000,-210.000000,-385.000000,-2836.000000,-77.000000,327.000000,-389.000000,22.000000,22.000000,22.000000,22.000000,21.000000,22.000000,22.000000,31.000000,31.000000,32.000000,32.000000,32.000000,32.000000,33.000000,1,1,1,1,1,1,1,0,0,0,0,0,0,0,74,5376.196777,717,0,1,0.588152,-0.036314,-0.323387,-3.115000,-0.401000,0.074000,1
2.066766,6.645000,-59.639000,-12.267000,113.089996,26.313000,15.532000,140.641998,4.670000,12.240000,-11.400000,-26.879999,-1.200000,15.000000,-2.510000,501.000000,-25.000000,-511.000000,-2459.000000,-76.000000,353.000000,-419.000000,22.000000,22.000000,22.000000,22.000000,21.000000,22.000000,22.000000,31.000000,31.000000,32.000000,32.000000,32.000000,32.000000,33.000000,1,1,1,1,1,1,1,0,0,0,0,0,0,0,74,5376.194824,717,0,1,0.588908,-0.036997,-0.323466,-3.115000,-0.400000,0.074000,1
2.076741,6.697000,-59.495998,-12.403000,112.828003,26.302000,15.739000,140.612000,4.440000,12.840000,-11.880000,-27.120001,-1.440000,16.200001,-2.510000,340.000000,-293.000000,-455.000000,-3310.000000,-122.000000,227.000000,-436.000000,22.000000,22.000000,22.000000,22.000000,21.000000,22.000000,22.000000,31.000000,31.000000,32.000000,32.000000,32.000000,32.000000,33.000000,1,1,1,1,1,1,1,0,0,0,0,0,0,0,74,5376.192871,717,0,1,0.589297,-0.037424,-0.323677,-3.115000,-0.399000,0.074000,1
2.086748,6.763000,-59.326000,-12.556000,112.449997,26.294001,15.927000,140.578995,4.320000,12.480000,-11.880000,-26.879999,-1.320000,15.600000,-2.510000,421.000000,-267.000000,-693.000000,-2825.000000,-164.000000,244.000000,-445.000000,22.000000,22.000000,22.000000,22.000000,21.000000,22.000000,22.000000,31.000000,31.000000,32.000000,32.000000,32.000000,32.000000,33.000000,1,1,1,1,1,1,1,0,0,0,0,0,0,0,74,5376.193848,719,0,1,0.590690,-0.038168,-0.323604,-3.115000,-0.400000,0.073000,1
2.096790,6.785000,-59.278000,-12.599000,112.343002,26.284000,16.023001,140.563004,4.440000,12.360000,-11.520000,-26.400000,-1.320000,15.360000,-2.280000,381.000000,-176.000000,-267.000000,-3026.000000,-190.000000,419.000000,-452.000000,22.000000,22.000000,22.000000,22.000000,21.000000,22.000000,22.000000,31.000000,31.000000,32.000000,32.000000,32.000000,32.000000,33.000000,1,1,1,1,1,1,1,0,0,0,0,0,0,0,74,5376.192871,718,0,1,0.590852,-0.038228,-0.323642,-3.115000,-0.399000,0.073000,1
2.106836,6.834000,-59.125000,-12.738000,112.022003,26.268000,16.207001,140.531998,4.800000,12.000000,-11.160000,-26.639999,-1.080000,15.840000,-2.280000,195.000000,-283.000000,-668.000000,-2831.000000,-239.000000,319.000000,-442.000000,22.000000,22.000000,22.000000,22.000000,21.000000,22.000000,22.000000,31.000000,31.000000,32.000000,32.000000,32.000000,32.000000,33.000000,1,1,1,1,1,1,1,0,0,0,0,0,0,0,74,5376.193848,716,0,1,0.591846,-0.038906,-0.323658,-3.115000,-0.399000,0.073000,1
2.116977,6.891000,-58.978001,-12.877000,111.684998,26.250999,16.368000,140.503998,4.800000,12.480000,-11.280000,-27.719999,-1.080000,14.880000,-2.280000,57.000000,-326.000000,-301.000000,-3223.000000,-268.000000,307.000000,-406.000000,22.000000,22.000000,22.000000,22.000000,21.000000,22.000000,22.000000,31.000000,31.000000,32.000000,32.000000,32.000000,32.000000,33.000000,1,1,1,1,1,1,1,0,0,0,0,0,0,0,74,5376.193848,716,0,1,0.593129,-0.039668,-0.323558,-3.115000,-0.400000,0.073000,1
2.126846,6.935000,-58.856998,-12.985000,111.404999,26.250999,16.521999,140.475006,4.670000,12.480000,-11.400000,-27.000000,-1.440000,17.040001,-1.920000,301.000000,-286.000000,-528.000000,-2755.000000,-294.000000,646.000000,-407.000000,22.000000,22.000000,22.000000,22.000000,21.000000,22.000000,22.000000,31.000000,31.000000,32.000000,32.000000,32.000000,32.000000,33.000000,1,1,1,1,1,1,1,0,0,0,0,0,0,0,74,5376.193848,719,0,1,0.594118,-0.040162,-0.323483,-3.115000,-0.400000,0.073000,1
2.136793,6.963000,-58.776001,-13.057000,111.209999,26.249001,16.655001,140.460007,3.960000,12.360000,-10.920000,-28.080000,-1.440000,17.400000,-2.400000,334.000000,-355.000000,-338.000000,-2699.000000,-314.000000,396.000000,-441.000000,22.000000,22.000000,22.000000,22.000000,21.000000,22.000000,22.000000,31.000000,31.000000,32.000000,32.000000,32.000000,32.000000,33.000000,1,1,1,1,1,1,1,0,0,0,0,0,0,0,74,5376.194824,719,0,1,0.594684,-0.040388,-0.323443,-3.115000,-0.400000,0.073000,1
2.146696,7.017000,-58.639000,-13.189000,110.889000,26.249001,16.841999,140.431000,4.440000,12.360000,-10.800000,-27.840000,-1.440000,15.840000,-2.280000,266.000000,-356.000000,-479.000000,-2774.000000,-332.000000,437.000000,-434.000000,22.000000,22.000000,22.000000,22.000000,21.000000,22.000000,22.000000,31.000000,31.000000,32.000000,32.000000,32.000000,32.000000,33.000000,1,1,1,1,1,1,1,0,0,0,0,0,0,0,74,5376.193848,718,0,1,0.595754,-0.040961,-0.323368,-3.115000,-0.401000,0.072000,1
2.156816,7.072000,-58.494999,-13.314000,110.556000,26.246000,16.995001,140.401001,4.320000,12.960000,-11.520000,-26.879999,-1.560000,17.400000,-2.160000,219.000000,-398.000000,-163.000000,-3105.000000,-350.000000,531.000000,-468.000000,22.000000,22.000000,22.000000,22.000000,21.000000,22.000000,22.000000,31.000000,31.000000,32.000000,32.000000,32.000000,32.000000,33.000000,1,1,1,1,1,1,1,0,0,0,0,0,0,0,74,5376.192871,717,0,1,0.597067,-0.041623,-0.323248,-3.115000,-0.401000,0.072000,1
2.166804,7.121000,-58.337002,-13.426000,110.239998,26.236000,17.190001,140.380997,4.080000,13.080000,-11.640000,-27.240000,-1.440000,17.150000,-2.280000,436.000000,-275.000000,-584.000000,-2894.000000,-376.000000,350.000000,-465.000000,22.000000,22.000000,22.000000,22.000000,21.000000,22.000000,22.000000,31.000000,31.000000,32.000000,32.000000,32.000000,32.000000,33.000000,1,1,1,1,1,1,1,0,0,0,0,0,0,0,74,5376.192871,717,0,1,0.597935,-0.042026,-0.323325,-3.115000,-0.401000,0.072000,1
2.176730,7.149000,-58.257000,-13.466000,110.130997,26.232000,17.291000,140.365997,4.670000,12.240000,-10.200000,-28.080000,-1.320000,15.840000,-1.800000,336.000000,-269.000000,-237.000000,-3147.000000,-402.000000,344.000000,-466.000000,22.000000,22.000000,22.000000,22.000000,21.000000,22.000000,22.000000,31.000000,31.000000,32.000000,32.000000,32.000000,32.000000,33.000000,1,1,1,1,1,1,1,0,0,0,0,0,0,0,74,5376.192871,718,0,1,0.597929,-0.041981,-0.323554,-3.114000,-0.400000,0.072000,1
2.186719,7.198000,-58.120998,-13.573000,109.797997,26.212999,17.487000,140.343002,5.400000,12.600000,-10.680000,-27.480000,-1.440000,17.520000,-1.920000,274.000000,-532.000000,-477.000000,-2687.000000,-440.000000,357.000000,-496.000000,22.000000,22.000000,22.000000,22.000000,21.000000,22.000000,22.000000,31.000000,31.000000,32.000000,32.000000,32.000000,32.000000,33.000000,1,1,1,1,1,1,1,0,0,0,0,0,0,0,74,5376.193848,718,0,1,0.599057,-0.042413,-0.323436,-3.114000,-0.401000,0.072000,1
2.196712,7.246000,-57.983002,-13.667000,109.510002,26.201000,17.667000,140.328995,4.670000,13.080000,-11.640000,-27.000000,-1.320000,16.920000,-2.280000,306.000000,-225.000000,-376.000000,-2893.000000,-484.000000,385.000000,-522.000000,22.000000,22.000000,22.000000,22.000000,21.000000,22.000000,22.000000,31.000000,31.000000,32.000000,32.000000,32.000000,32.000000,33.000000,1,1,1,1,1,1,1,0,0,0,0,0,0,0,74,5376.188965,720,0,1,0.599871,-0.042696,-0.323477,-3.113000,-0.400000,0.072000,1
2.206698,7.308000,-57.816002,-13.779000,109.217003,26.187000,17.848000,140.306000,4.440000,12.480000,-10.680000,-26.639999,-1.080000,16.559999,-2.280000,536.000000,-158.000000,-554.000000,-2853.000000,-508.000000,497.000000,-494.000000,22.000000,22.000000,22.000000,22.000000,21.000000,22.000000,22.000000,31.000000,31.000000,32.000000,32.000000,32.000000,32.000000,33.000000,1,1,1,1,1,1,1,0,0,0,0,0,0,0,74,5376.190918,717,0,1,0.600538,-0.043056,-0.323691,-3.113000,-0.400000,0.072000,1
2.216751,7.358000,-57.679001,-13.884000,108.879997,26.176001,18.049000,140.281006,4.320000,12.710000,-10.070000,-27.719999,-1.080000,16.799999,-2.160000,315.000000,-327.000000,-729.000000,-3233.000000,-597.000000,189.000000,-477.000000,22.000000,22.000000,22.000000,22.000000,21.000000,22.000000,22.000000,31.000000,31.000000,32.000000,32.000000,32.000000,32.000000,33.000000,1,1,1,1,1,1,1,0,0,0,0,0,0,0,74,5376.190918,719,0,1,0.601689,-0.043449,-0.323562,-3.113000,-0.400000,0.073000,1
2.226866,7.385000,-57.610001,-13.947000,108.708000,26.165001,18.153999,140.270996,5.280000,13.200000,-9.840000,-28.430000,-1.320000,16.200001,-2.040000,222.000000,-415.000000,-844.000000,-2956.000000,-642.000000,244.000000,-473.000000,22.000000,22.000000,22.000000,22.000000,21.000000,22.000000,22.000000,31.000000,31.000000,32.000000,32.000000,32.000000,32.000000,33.000000,1,1,1,1,1,1,1,0,0,0,0,0,0,0,74,5376.190918,718,0,1,0.602240,-0.043718,-0.323500,-3.113000,-0.400000,0.073000,1
2.236751,7.430000,-57.467999,-14.074000,108.410004,26.146999,18.326000,140.251007,4.440000,12.960000,-11.760000,-27.959999,-1.440000,15.840000,-1.800000,339.000000,-234.000000,-776.000000,-3050.000000,-621.000000,519.000000,-452.000000,22.000000,22.000000,22.000000,22.000000,21.000000,22.000000,22.000000,31.000000,31.000000,32.000000,32.000000,32.000000,32.000000,33.000000,1,1,1,1,1,1,1,0,0,0,0,0,0,0,74,5376.192871,718,0,1,0.603106,-0.044378,-0.323529,-3.113000,-0.400000,0.072000,1
2.246735,7.485000,-57.310001,-14.230000,108.071999,26.125999,18.497999,140.225998,4.440000,14.040000,-11.520000,-28.080000,-1.440000,16.440001,-1.800000,383.000000,-261.000000,-621.000000,-3476.000000,-607.000000,223.000000,-411.000000,22.000000,22.000000,22.000000,22.000000,21.000000,22.000000,22.000000,31.000000,31.000000,32.000000,32.000000,32.000000,32.000000,33.000000,1,1,1,1,1,1,1,0,0,0,0,0,0,0,74,5376.192871,718,0,1,0.604213,-0.045292,-0.323513,-3.113000,-0.400000,0.072000,1
2.256867,7.542000,-57.152000,-14.385000,107.737999,26.098000,18.715000,140.203003,5.280000,12.600000,-11.040000,-28.080000,-1.800000,15.600000,-1.800000,265.000000,-149.000000,-372.000000,-2965.000000,-625.000000,535.000000,-444.000000,22.000000,22.000000,22.000000,22.000000,21.000000,22.000000,22.000000,31.000000,31.000000,32.000000,32.000000,32.000000,32.000000,33.000000,1,1,1,1,1,1,1,0,0,0,0,0,0,0,74,5376.192871,718,0,1,0.605029,-0.046041,-0.323575,-3.114000,-0.400000,0.072000,1
2.266737,7.590000,-57.030998,-14.523000,107.450996,26.080000,18.881001,140.177994,5.160000,12.600000,-10.680000,-29.280001,-1.800000,16.200001,-1.800000,321.000000,-370.000000,-438.000000,-3287.000000,-581.000000,388.000000,-414.000000,22.000000,22.000000,22.000000,22.000000,21.000000,22.000000,22.000000,31.000000,31.000000,32.000000,32.000000,32.000000,32.000000,33.000000,1,1,1,1,1,1,1,0,0,0,0,0,0,0,74,5376.192871,717,0,1,0.605919,-0.046813,-0.323507,-3.114000,-0.400000,0.072000,1
2.276761,7.641000,-56.898998,-14.658000,107.166000,26.055000,19.051001,140.160004,4.200000,12.840000,-11.280000,-29.160000,-2.160000,15.960000,-1.440000,390.000000,-281.000000,-434.000000,-3204.000000,-502.000000,324.000000,-434.000000,22.000000,22.000000,22.000000,22.000000,21.000000,22.000000,22.000000,31.000000,31.000000,32.000000,32.000000,32.000000,32.000000,33.000000,1,1,1,1,1,1,1,0,0,0,0,0,0,0,74,5376.190918,717,0,1,0.606707,-0.047521,-0.323522,-3.114000,-0.400000,0.072000,1
2.286812,7.672000,-56.813000,-14.731000,106.975998,26.035999,19.115999,140.151993,4.440000,13.080000,-11.280000,-27.959999,-2.510000,16.200001,-1.440000,376.000000,-300.000000,-564.000000,-2883.000000,-476.000000,500.000000,-434.000000,22.000000,22.000000,22.000000,22.000000,21.000000,22.000000,22.000000,31.000000,31.000000,32.000000,32.000000,32.000000,32.000000,33.000000,1,1,1,1,1,1,1,0,0,0,0,0,0,0,74,5376.194824,717,0,1,0.607508,-0.048061,-0.323459,-3.115000,-0.401000,0.072000,1
2.296842,7.727000,-56.664001,-14.861000,106.640999,26.014000,19.302999,140.136002,4.800000,12.960000,-11.160000,-28.080000,-2.400000,16.559999,-1.560000,200.000000,-220.000000,-419.000000,-2623.000000,-381.000000,354.000000,-420.000000,22.000000,22.000000,22.000000,22.000000,21.000000,22.000000,22.000000,31.000000,31.000000,32.000000,32.000000,32.000000,32.000000,33.000000,1,1,1,1,1,1,1,0,0,0,0,0,0,0,74,5376.193848,716,0,1,0.608572,-0.048727,-0.323407,-3.115000,-0.401000,0.072000,1
2.306828,7.781000,-56.529999,-14.967000,106.347000,25.978001,19.504000,140.113998,4.920000,13.800000,-10.800000,-27.360001,-2.510000,16.680000,-1.680000,141.000000,-144.000000,-392.000000,-2629.000000,-298.000000,523.000000,-416.000000,22.000000,22.000000,22.000000,22.000000,21.000000,22.000000,22.000000,31.000000,31.000000,32.000000,32.000000,32.000000,32.000000,33.000000,1,1,1,1,1,1,1,0,0,0,0,0,0,0,74,5376.196777,718,0,1,0.609271,-0.049113,-0.323448,-3.115000,-0.400000,0.073000,1
2.316802,7.809000,-56.436001,-15.033000,106.147003,25.966999,19.580000,140.108994,4.320000,12.360000,-10.800000,-27.480000,-2.510000,15.360000,-1.440000,426.000000,-138.000000,-322.000000,-2403.000000,-277.000000,515.000000,-409.000000,22.000000,22.000000,22.000000,22.000000,21.000000,22.000000,22.000000,31.000000,31.000000,32.000000,32.000000,32.000000,32.000000,33.000000,1,1,1,1,1,1,1,0,0,0,0,0,0,0,74,5376.196777,716,0,1,0.610087,-0.049561,-0.323393,-3.115000,-0.401000,0.073000,1
2.326820,7.886000,-56.222000,-15.198000,105.688004,25.923000,19.851999,140.082001,4.800000,12.960000,-11.400000,-27.360001,-1.920000,16.440001,-1.680000,382.000000,-292.000000,-564.000000,-2967.000000,-288.000000,288.000000,-397.000000,22.000000,22.000000,22.000000,22.000000,21.000000,22.000000,22.000000,31.000000,31.000000,32.000000,32.000000,32.000000,32.000000,33.000000,1,1,1,1,1,1,1,0,0,0,0,0,0,0,74,5376.193848,716,0,1,0.611385,-0.050332,-0.323418,-3.116000,-0.401000,0.073000,1
2.336721,7.914000,-56.153000,-15.249000,105.547997,25.900999,19.990999,140.070999,4.670000,12.840000,-10.800000,-27.600000,-2.160000,15.600000,-1.440000,309.000000,-285.000000,-628.000000,-2817.000000,-240.000000,264.000000,-383.000000,22.000000,22.000000,22.000000,22.000000,21.000000,22.000000,22.000000,31.000000,31.000000,32.000000,32.000000,32.000000,32.000000,33.000000,1,1,1,1,1,1,1,0,0,0,0,0,0,0,74,5376.193848,717,0,1,0.611457,-0.050357,-0.323525,-3.115000,-0.400000,0.074000,1
2.346706,7.966000,-56.000999,-15.365000,105.246002,25.882999,20.128000,140.056000,4.320000,12.960000,-9.720000,-28.309999,-1.800000,15.600000,-1.200000,303.000000,-247.000000,-404.000000,-3107.000000,-292.000000,309.000000,-397.000000,22.000000,22.000000,22.000000,22.000000,21.000000,22.000000,22.000000,31.000000,31.000000,32.000000,32.000000,32.000000,32.000000,33.000000,1,1,1,1,1,1,1,0,0,0,0,0,0,0,74,5376.194824,718,0,1,0.612466,-0.051049,-0.323560,-3.116000,-0.400000,0.074000,1
2.356746,8.017000,-55.865002,-15.470000,104.956001,25.867001,20.312000,140.042007,4.440000,12.600000,-10.800000,-28.309999,-1.320000,17.400000,-1.080000,325.000000,-323.000000,-510.000000,-3113.000000,-305.000000,318.000000,-413.000000,22.000000,22.000000,22.000000,22.000000,21.000000,22.000000,22.000000,31.000000,31.000000,32.000000,32.000000,32.000000,32.000000,33.000000,1,1,1,1,1,1,1,0,0,0,0,0,0,0,74,5376.194824,717,0,1,0.613219,-0.051450,-0.323596,-3.115000,-0.400000,0.074000,1
2.366659,8.068000,-55.728001,-15.582000,104.661003,25.848000,20.521999,140.033997,4.800000,12.840000,-10.920000,-29.160000,-1.320000,15.840000,-0.960000,479.000000,-298.000000,-454.000000,-3600.000000,-358.000000,460.000000,-414.000000,22.000000,22.000000,22.000000,22.000000,21.000000,22.000000,22.000000,31.000000,31.000000,32.000000,32.000000,32.000000,32.000000,33.000000,1,1,1,1,1,1,1,0,0,0,0,0,0,0,74,5376.192871,718,0,1,0.613859,-0.051834,-0.323654,-3.115000,-0.399000,0.074000,1
2.376686,8.120000,-55.591999,-15.689000,104.380997,25.830999,20.676001,140.022003,5.030000,12.360000,-9.720000,-27.719999,-1.200000,16.080000,-0.960000,369.000000,-386.000000,-92.000000,-3295.000000,-303.000000,336.000000,-448.000000,22.000000,22.000000,22.000000,22.000000,21.000000,22.000000,22.000000,31.000000,31.000000,32.000000,32.000000,32.000000,32.000000,33.000000,1,1,1,1,1,1,1,0,0,0,0,0,0,0,74,5376.192871,718,0,1,0.614675,-0.052352,-0.323691,-3.115000,-0.399000,0.074000,1
2.386652,8.182000,-55.421001,-15.821000,104.014000,25.816000,20.853001,140.014999,4.800000,12.710000,-11.400000,-29.520000,-1.320000,15.120000,-0.720000,424.000000,-390.000000,-1043.000000,-3279.000000,-322.000000,261.000000,-467.000000,22.000000,22.000000,22.000000,22.000000,21.000000,22.000000,22.000000,31.000000,31.000000,32.000000,32.000000,32.000000,32.000000,33.000000,1,1,1,1,1,1,1,0,0,0,0,0,0,0,74,5376.192871,717,0,1,0.615927,-0.053073,-0.323649,-3.115000,-0.400000,0.074000,1
2.396625,8.209000,-55.349998,-15.851000,103.900002,25.808001,20.948999,140.009003,4.200000,12.710000,-9.600000,-27.360001,-1.320000,16.559999,-0.720000,633.000000,-320.000000,-357.000000,-2866.000000,-346.000000,531.000000,-480.000000,22.000000,22.000000,22.000000,22.000000,21.000000,22.000000,22.000000,31.000000,31.000000,32.000000,32.000000,32.000000,32.000000,33.000000,1,1,1,1,1,1,1,0,0,0,0,0,0,0,74,5376.193848,719,0,1,0.616009,-0.052995,-0.323815,-3.115000,-0.399000,0.074000,1
2.406628,8.260000,-55.220001,-15.960000,103.555000,25.792999,21.143999,140.001007,5.030000,13.560000,-10.070000,-28.430000,-1.200000,16.920000,-1.080000,394.000000,-513.000000,-361.000000,-3427.000000,-336.000000,448.000000,-486.000000,22.000000,22.000000,22.000000,22.000000,21.000000,22.000000,22.000000,31.000000,31.000000,32.000000,32.000000,32.000000,32.000000,33.000000,1,1,1,1,1,1,1,0,0,0,0,0,0,0,74,5376.193848,716,0,1,0.617212,-0.053507,-0.323610,-3.115000,-0.400000,0.074000,1
2.416621,8.322000,-55.069000,-16.070000,103.216003,25.775000,21.344999,139.990005,4.800000,14.040000,-10.440000,-27.959999,-1.320000,16.080000,-0.720000,332.000000,-425.000000,-353.000000,-3046.000000,-366.000000,439.000000,-500.000000,22.000000,22.000000,22.000000,22.000000,21.000000,22.000000,22.000000,31.000000,31.000000,32.000000,32.000000,32.000000,32.000000,33.000000,1,1,1,1,1,1,1,0,0,0,0,0,0,0,74,5376.192871,717,0,1,0.618216,-0.053929,-0.323579,-3.115000,-0.400000,0.075000,1
2.426670,8.377000,-54.932999,-16.169001,102.907997,25.764999,21.511999,139.981995,4.440000,12.960000,-10.800000,-28.920000,-0.840000,17.520000,-0.840000,404.000000,-193.000000,-903.000000,-3110.000000,-401.000000,360.000000,-488.000000,22.000000,22.000000,22.000000,22.000000,21.000000,22.000000,22.000000,31.000000,31.000000,32.000000,32.000000,32.000000,32.000000,33.000000,1,1,1,1,1,1,1,0,0,0,0,0,0,0,74,5376.192871,718,0,1,0.619213,-0.054350,-0.323523,-3.114000,-0.400000,0.075000,1
2.436610,8.429000,-54.784000,-16.284000,102.584000,25.754000,21.698999,139.975006,4.800000,12.960000,-9.960000,-29.520000,-1.080000,17.760000,-0.720000,231.000000,-377.000000,-719.000000,-2877.000000,-425.000000,313.000000,-489.000000,22.000000,22.000000,22.000000,22.000000,21.000000,22.000000,22.000000,31.000000,31.000000,32.000000,32.000000,32.000000,32.000000,33.000000,1,1,1,1,1,1,1,0,0,0,0,0,0,0,74,5376.192871,717,0,1,0.620160,-0.054880,-0.323507,-3.114000,-0.400000,0.075000,1
2.446632,8.463000,-54.695999,-16.361000,102.392998,25.752001,21.766001,139.968994,5.520000,12.960000,-9.720000,-28.080000,-1.080000,16.440001,-0.600000,295.000000,-367.000000,-540.000000,-2816.000000,-422.000000,252.000000,-467.000000,22.000000,22.000000,22.000000,22.000000,21.000000,22.000000,22.000000,31.000000,31.000000,32.000000,32.000000,32.000000,32.000000,33.000000,1,1,1,1,1,1,1,0,0,0,0,0,0,0,74,5376.192871,717,0,1,0.620932,-0.055405,-0.323451,-3.115000,-0.401000,0.074000,1
2.456678,8.525000,-54.555000,-16.480000,102.099998,25.735001,21.959999,139.957993,4.920000,14.150000,-11.040000,-27.719999,-0.960000,16.920000,-0.960000,307.000000,-421.000000,-694.000000,-2639.000000,-419.000000,490.000000,-453.000000,22.000000,22.000000,22.000000,22.000000,21.000000,22.000000,22.000000,31.000000,31.000000,32.000000,32.000000,32.000000,32.000000,33.000000,1,1,1,1,1,1,1,0,0,0,0,0,0,0,74,5376.192871,718,0,1,0.621591,-0.055857,-0.323534,-3.115000,-0.400000,0.074000,1
2.466701,8.577000,-54.393002,-16.629000,101.777000,25.712000,22.162001,139.953003,5.030000,14.150000,-11.280000,-28.680000,-1.200000,16.920000,-0.600000,378.000000,-93.000000,-768.000000,-3332.000000,-439.000000,405.000000,-462.000000,22.000000,22.000000,22.000000,22.000000,21.000000,22.000000,22.000000,31.000000,31.000000,32.000000,32.000000,32.000000,32.000000,33.000000,1,1,1,1,1,1,1,0,0,0,0,0,0,0,74,5376.193848,718,0,1,0.622297,-0.056639,-0.323647,-3.115000,-0.400000,0.074000,1
2.476642,8.649000,-54.223999,-16.775999,101.435997,25.695000,22.329000,139.947006,5.760000,13.200000,-11.400000,-29.400000,-1.080000,16.559999,-0.720000,45.000000,-232.000000,-570.000000,-3074.000000,-481.000000,487.000000,-482.000000,22.000000,22.000000,22.000000,22.000000,21.000000,22.000000,22.000000,31.000000,31.000000,32.000000,32.000000,32.000000,32.000000,33.000000,1,1,1,1,1,1,1,0,0,0,0,0,0,0,74,5376.192871,718,0,1,0.623316,-0.057444,-0.323705,-3.115000,-0.400000,0.074000,1
2.486611,8.703000,-54.077000,-16.898001,101.138000,25.680000,22.513000,139.942993,5.400000,13.200000,-9.720000,-30.240000,-0.840000,16.559999,-0.600000,-75.000000,-438.000000,-181.000000,-3217.000000,-480.000000,184.000000,-465.000000,22.000000,22.000000,22.000000,22.000000,21.000000,22.000000,22.000000,31.000000,31.000000,32.000000,32.000000,32.000000,32.000000,33.000000,1,1,1,1,1,1,1,0,0,0,0,0,0,0,74,5376.190918,717,0,1,0.624017,-0.057996,-0.323790,-3.115000,-0.400000,0.074000,1
2.496623,8.734000,-53.997002,-16.964001,100.967003,25.667999,22.608999,139.940994,4.320000,13.680000,-10.070000,-29.040001,-1.080000,17.400000,-0.600000,286.000000,-391.000000,-198.000000,-3487.000000,-463.000000,290.000000,-450.000000,22.000000,22.000000,22.000000,22.000000,21.000000,22.000000,22.000000,31.000000,31.000000,32.000000,32.000000,32.000000,32.000000,33.000000,1,1,1,1,1,1,1,0,0,0,0,0,0,0,74,5376.192871,719,0,1,0.624501,-0.058338,-0.323793,-3.116000,-0.400000,0.074000,1
2.506634,8.789000,-53.838001,-17.061001,100.675003,25.655001,22.802000,139.938995,5.160000,13.080000,-10.440000,-29.160000,-1.080000,16.799999,-0.360000,312.000000,-276.000000,-218.000000,-3297.000000,-500.000000,558.000000,-464.000000,22.000000,22.000000,22.000000,22.000000,21.000000,22.000000,22.000000,31.000000,31.000000,32.000000,32.000000,32.000000,32.000000,33.000000,1,1,1,1,1,1,1,0,0,0,0,0,0,0,74,5376.192871,718,0,1,0.625066,-0.058609,-0.323993,-3.115000,-0.399000,0.074000,1
2.516612,8.844000,-53.709000,-17.195000,100.320999,25.639999,23.014999,139.934006,5.520000,13.800000,-10.680000,-29.280001,-1.080000,17.280001,-0.240000,168.000000,-172.000000,-781.000000,-2819.000000,-522.000000,348.000000,-467.000000,22.000000,22.000000,22.000000,22.000000,21.000000,22.000000,22.000000,31.000000,31.000000,32.000000,32.000000,32.000000,32.000000,33.000000,1,1,1,1,1,1,1,0,0,0,0,0,0,0,74,5376.190918,717,0,1,0.626191,-0.059288,-0.323770,-3.115000,-0.399000,0.074000,1
2.526707,8.901000,-53.564999,-17.296000,99.991997,25.636000,23.181999,139.931000,4.670000,12.710000,-10.200000,-29.520000,-0.720000,16.080000,-0.360000,233.000000,-172.000000,-262.000000,-2891.000000,-526.000000,519.000000,-455.000000,22.000000,22.000000,22.000000,22.000000,21.000000,22.000000,22.000000,31.000000,31.000000,32.000000,32.000000,32.000000,32.000000,33.000000,1,1,1,1,1,1,1,0,0,0,0,0,0,0,74,5376.193848,717,0,1,0.627311,-0.059750,-0.323681,-3.115000,-0.400000,0.074000,1
2.536683,8.936000,-53.480000,-17.354000,99.807999,25.629000,23.254000,139.929993,5.030000,13.800000,-10.070000,-29.520000,-0.960000,16.680000,-0.240000,261.000000,-338.000000,-226.000000,-3326.000000,-569.000000,566.000000,-474.000000,22.000000,22.000000,22.000000,22.000000,21.000000,22.000000,22.000000,31.000000,31.000000,32.000000,32.000000,32.000000,32.000000,33.000000,1,1,1,1,1,1,1,0,0,0,0,0,0,0,74,5376.194824,717,0,1,0.628020,-0.060100,-0.323639,-3.115000,-0.400000,0.074000,1
2.546584,9.001000,-53.323002,-17.473000,99.445000,25.622000,23.493999,139.925003,5.400000,14.040000,-11.280000,-29.760000,-0.720000,16.680000,-0.360000,160.000000,-137.000000,-624.000000,-3253.000000,-557.000000,253.000000,-450.000000,22.000000,22.000000,22.000000,22.000000,21.000000,22.000000,22.000000,31.000000,31.000000,32.000000,32.000000,32.000000,32.000000,33.000000,1,1,1,1,1,1,1,0,0,0,0,0,0,0,74,5376.194824,719,0,1,0.628946,-0.060457,-0.323604,-3.115000,-0.400000,0.074000,1
2.556620,9.055000,-53.187000,-17.577999,99.153999,25.611000,23.657000,139.923996,5.160000,13.560000,-9.720000,-28.920000,-1.200000,16.920000,0.000000,-80.000000,-339.000000,-829.000000,-2783.000000,-554.000000,528.000000,-454.000000,22.000000,22.000000,22.000000,22.000000,21.000000,22.000000,22.000000,31.000000,31.000000,32.000000,32.000000,32.000000,32.000000,33.000000,1,1,1,1,1,1,1,0,0,0,0,0,0,0,74,5376.194824,717,0,1,0.629766,-0.060935,-0.323612,-3.115000,-0.400000,0.074000,1
2.566615,9.117000,-53.021999,-17.709000,98.808998,25.599001,23.840000,139.923996,4.800000,13.920000,-11.160000,-30.600000,-1.080000,17.150000,0.000000,231.000000,-390.000000,-456.000000,-3008.000000,-541.000000,186.000000,-461.000000,22.000000,22.000000,22.000000,22.000000,21.000000,22.000000,22.000000,31.000000,31.000000,32.000000,32.000000,32.000000,32.000000,33.000000,1,1,1,1,1,1,1,0,0,0,0,0,0,0,74,5376.193848,717,0,1,0.630758,-0.061617,-0.323634,-3.115000,-0.400000,0.074000,1
2.576649,9.172000,-52.881001,-17.823000,98.490997,25.583000,24.051001,139.923996,5.400000,13.680000,-11.760000,-30.240000,-1.320000,16.080000,-0.240000,101.000000,-308.000000,-754.000000,-3426.000000,-521.000000,385.000000,-450.000000,22.000000,22.000000,22.000000,22.000000,21.000000,22.000000,22.000000,31.000000,31.000000,32.000000,32.000000,32.000000,32.000000,33.000000,1,1,1,1,1,1,1,0,0,0,0,0,0,0,74,5376.193848,717,0,1,0.631509,-0.062054,-0.323634,-3.115000,-0.400000,0.074000,1
2.586729,9.232000,-52.734001,-17.938999,98.188004,25.562000,24.226999,139.921005,5.280000,13.560000,-10.200000,-30.240000,-1.680000,18.240000,0.000000,57.000000,-246.000000,-265.000000,-3599.000000,-440.000000,377.000000,-431.000000,22.000000,22.000000,22.000000,22.000000,21.000000,22.000000,22.000000,31.000000,31.000000,32.000000,32.000000,32.000000,32.000000,33.000000,1,1,1,1,1,1,1,0,0,0,0,0,0,0,74,5376.194824,719,0,1,0.632263,-0.062589,-0.323701,-3.115000,-0.400000,0.074000,1
2.596634,9.272000,-52.639000,-18.011999,97.985001,25.555000,24.305000,139.921005,5.280000,14.880000,-9.720000,-30.600000,-1.680000,17.879999,0.000000,153.000000,-257.000000,-461.000000,-3091.000000,-404.000000,254.000000,-431.000000,22.000000,22.000000,22.000000,22.000000,21.000000,22.000000,22.000000,31.000000,31.000000,32.000000,32.000000,32.000000,32.000000,33.000000,1,1,1,1,1,1,1,0,0,0,0,0,0,0,74,5376.192871,719,0,1,0.633019,-0.063048,-0.323663,-3.115000,-0.400000,0.074000,1
2.606599,9.330000,-52.492001,-18.121000,97.650002,25.532000,24.492001,139.919998,5.520000,12.960000,-11.520000,-28.920000,-1.800000,15.480000,-0.120000,145.000000,-377.000000,-561.000000,-2717.000000,-324.000000,335.000000,-414.000000,22.000000,22.000000,22.000000,22.000000,21.000000,22.000000,22.000000,31.000000,31.000000,32.000000,32.000000,32.000000,32.000000,33.000000,1,1,1,1,1,1,1,0,0,0,0,0,0,0,74,5376.194824,718,0,1,0.634005,-0.063584,-0.323605,-3.116000,-0.400000,0.075000,1
2.616545,9.391000,-52.342999,-18.226999,97.339996,25.507999,24.702000,139.921005,5.400000,13.560000,-9.840000,-26.879999,-1.800000,15.960000,-0.120000,-58.000000,-535.000000,-554.000000,-2762.000000,-289.000000,248.000000,-391.000000,22.000000,22.000000,22.000000,22.000000,21.000000,22.000000,22.000000,31.000000,31.000000,32.000000,32.000000,32.000000,32.000000,33.000000,1,1,1,1,1,1,1,0,0,0,0,0,0,0,74,5376.192871,718,0,1,0.634636,-0.063916,-0.323703,-3.115000,-0.400000,0.075000,1
2.626653,9.452000,-52.207001,-18.323000,97.042999,25.495001,24.837999,139.919006,4.080000,11.520000,-9.000000,-25.200001,-1.440000,14.400000,0.120000,-54.000000,-715.000000,-297.000000,-2639.000000,-255.000000,184.000000,-409.000000,22.000000,22.000000,22.000000,22.000000,21.000000,22.000000,22.000000,31.000000,31.000000,32.000000,32.000000,32.000000,32.000000,33.000000,1,1,1,1,1,1,1,0,0,0,0,0,0,0,74,5376.190918,718,0,1,0.635638,-0.064418,-0.323662,-3.116000,-0.400000,0.075000,1
2.636548,9.501000,-52.088001,-18.398001,96.809998,25.481001,24.985001,139.921005,3.600000,9.600000,-7.070000,-21.240000,-0.720000,11.520000,0.000000,-20.000000,-788.000000,-494.000000,-2050.000000,-175.000000,413.000000,-422.000000,22.000000,22.000000,22.000000,22.000000,21.000000,22.000000,22.000000,31.000000,31.000000,32.000000,32.000000,32.000000,32.000000,33.000000,1,1,1,1,1,1,1,0,0,0,0,0,0,0,74,5376.190918,716,0,1,0.636152,-0.064628,-0.323760,-3.115000,-0.400000,0.075000,1
2.646508,9.533000,-52.009998,-18.476999,96.598000,25.471001,25.101000,139.919006,2.880000,6.600000,-5.520000,-14.880000,-0.360000,7.920000,0.000000,8.000000,-950.000000,-592.000000,-1656.000000,-229.000000,120.000000,-452.000000,22.000000,22.000000,22.000000,22.000000,21.000000,22.000000,22.000000,31.000000,31.000000,32.000000,32.000000,32.000000,32.000000,33.000000,1,1,1,1,1,1,1,0,0,0,0,0,0,0,74,5376.190918,717,0,1,0.636849,-0.065101,-0.323616,-3.116000,-0.400000,0.076000,1
2.656503,9.551000,-51.974998,-18.514000,96.518997,25.469999,25.139000,139.917007,2.160000,5.520000,-4.440000,-11.160000,-0.120000,6.840000,-0.600000,-185.000000,-868.000000,14.000000,-1683.000000,-175.000000,180.000000,-460.000000,22.000000,22.000000,22.000000,22.000000,21.000000,22.000000,22.000000,31.000000,31.000000,32.000000,32.000000,32.000000,32.000000,33.000000,1,1,1,1,1,1,1,0,0,0,0,0,0,0,74,5376.190918,717,0,1,0.637095,-0.065314,-0.323605,-3.116000,-0.400000,0.076000,1
2.666538,9.571000,-51.925999,-18.579000,96.410004,25.466999,25.204000,139.912994,0.720000,3.120000,-2.510000,-5.880000,0.000000,3.720000,-0.840000,-158.000000,-941.000000,75.000000,-1838.000000,-99.000000,217.000000,-465.000000,22.000000,22.000000,22.000000,22.000000,21.000000,22.000000,22.000000,31.000000,31.000000,32.000000,32.000000,32.000000,32.000000,33.000000,1,1,1,1,1,1,1,0,0,0,0,0,0,0,74,5376.192871,717,0,1,0.637346,-0.065708,-0.323601,-3.116000,-0.400000,0.075000,1
2.676548,9.573000,-51.909000,-18.612000,96.379997,25.466999,25.238001,139.908997,0.000000,1.320000,-0.960000,-2.640000,0.000000,1.680000,-0.360000,-162.000000,-939.000000,-34.000000,-2109.000000,36.000000,179.000000,-484.000000,22.000000,22.000000,22.000000,22.000000,21.000000,22.000000,22.000000,31.000000,31.000000,32.000000,32.000000,32.000000,32.000000,33.000000,1,1,1,1,1,1,1,0,0,0,0,0,0,0,74,5376.192871,717,0,1,0.637282,-0.065907,-0.323650,-3.116000,-0.400000,0.075000,1
2.686786,9.577000,-51.902000,-18.643000,96.373001,25.466999,25.254000,139.903000,0.000000,0.120000,0.000000,0.000000,0.000000,0.360000,-0.840000,-218.000000,-978.000000,-80.000000,-2280.000000,176.000000,105.000000,-474.000000,22.000000,22.000000,22.000000,22.000000,21.000000,22.000000,22.000000,31.000000,31.000000,32.000000,32.000000,32.000000,32.000000,33.000000,1,1,1,1,1,1,1,0,0,0,0,0,0,0,74,5376.192871,717,0,1,0.637168,-0.066111,-0.323699,-3.116000,-0.400000,0.075000,1
2.696626,9.577000,-51.898998,-18.667999,96.374001,25.466999,25.263000,139.891998,-0.120000,0.000000,0.240000,0.000000,0.000000,0.000000,-1.080000,-396.000000,-1121.000000,34.000000,-1765.000000,190.000000,24.000000,-428.000000,22.000000,22.000000,22.000000,22.000000,21.000000,22.000000,22.000000,31.000000,31.000000,32.000000,32.000000,32.000000,32.000000,33.000000,1,1,1,1,1,1,1,0,0,0,0,0,0,0,74,5376.192871,717,0,1,0.637059,-0.066303,-0.323739,-3.117000,-0.399000,0.075000,1
2.706556,9.575000,-51.897999,-18.679001,96.375999,25.469000,25.261000,139.884003,-0.120000,0.000000,0.000000,0.000000,0.000000,0.000000,-1.200000,-451.000000,-1176.000000,90.000000,-1621.000000,223.000000,34.000000,-414.000000,22.000000,22.000000,22.000000,22.000000,21.000000,22.000000,22.000000,31.000000,31.000000,32.000000,32.000000,32.000000,32.000000,33.000000,1,1,1,1,1,1,1,0,0,0,0,0,0,0,74,5376.190918,717,0,1,0.637033,-0.066412,-0.323751,-3.117000,-0.399000,0.075000,1
2.716503,9.574000,-51.897999,-18.687000,96.375999,25.466999,25.264999,139.876999,-0.600000,0.000000,0.480000,-0.120000,0.120000,0.360000,-0.360000,-682.000000,-942.000000,263.000000,-1999.000000,303.000000,152.000000,-365.000000,22.000000,22.000000,22.000000,22.000000,21.000000,22.000000,22.000000,31.000000,31.000000,32.000000,32.000000,32.000000,32.000000,33.000000,1,1,1,1,1,1,1,0,0,0,0,0,0,0,74,5376.190918,717,0,1,0.636998,-0.066487,-0.323757,-3.117000,-0.399000,0.075000,1
2.726571,9.556000,-51.883999,-18.684999,96.372002,25.469000,25.274000,139.875000,-2.040000,2.160000,1.560000,-1.800000,0.480000,1.320000,0.360000,-953.000000,-441.000000,487.000000,-3134.000000,381.000000,210.000000,-127.000000,22.000000,22.000000,22.000000,22.000000,22.000000,22.000000,22.000000,31.000000,31.000000,32.000000,32.000000,32.000000,32.000000,33.000000,1,1,1,1,1,1,1,0,0,0,0,0,0,0,74,5376.190918,717,0,1,0.636923,-0.066524,-0.323823,-3.117000,-0.399000,0.075000,1
2.736590,9.521000,-51.854000,-18.663000,96.333000,25.466999,25.312000,139.876007,-4.670000,4.200000,2.760000,-5.400000,0.960000,3.600000,1.440000,-1154.000000,-263.000000,862.000000,-3920.000000,470.000000,234.000000,218.000000,22.000000,22.000000,22.000000,22.000000,22.000000,22.000000,22.000000,31.000000,31.000000,32.000000,32.000000,32.000000,32.000000,33.000000,1,1,1,1,1,1,1,0,0,0,0,0,0,0,74,5376.193848,716,0,1,0.636930,-0.066432,-0.323873,-3.117000,-0.398000,0.076000,1
2.746486,9.492000,-51.825001,-18.646000,96.291000,25.466999,25.341999,139.880997,-5.880000,6.120000,3.960000,-8.160000,1.440000,4.670000,2.280000,-1041.000000,-39.000000,924.000000,-4230.000000,508.000000,150.000000,315.000000,22.000000,22.000000,22.000000,22.000000,22.000000,22.000000,22.000000,31.000000,31.000000,32.000000,32.000000,32.000000,32.000000,33.000000,1,1,1,1,1,1,1,0,0,0,0,0,0,0,74,5376.194824,717,0,1,0.637017,-0.066384,-0.323895,-3.118000,-0.398000,0.077000,1
2.756459,9.402000,-51.742001,-18.583000,96.155998,25.475000,25.396000,139.893997,-8.400000,8.640000,6.840000,-14.040000,2.160000,6.350000,5.640000,-1277.000000,227.000000,1032.000000,-4478.000000,540.000000,413.000000,422.000000,22.000000,22.000000,22.000000,22.000000,22.000000,22.000000,22.000000,31.000000,31.000000,32.000000,32.000000,32.000000,32.000000,33.000000,1,1,1,1,1,1,1,0,0,0,0,0,0,0,74,5376.194824,717,0,1,0.637591,-0.066276,-0.323847,-3.118000,-0.398000,0.078000,1
2.766598,9.272000,-51.611000,-18.504999,95.986000,25.488001,25.478001,139.945999,-11.760000,11.640000,8.640000,-17.760000,2.880000,9.000000,8.400000,-1421.000000,-115.000000,866.000000,-4278.000000,567.000000,485.000000,535.000000,22.000000,22.000000,22.000000,22.000000,22.000000,22.000000,22.000000,31.000000,31.000000,32.000000,32.000000,32.000000,32.000000,33.000000,1,1,1,1,1,1,1,0,0,0,0,0,0,0,74,5376.196777,716,0,1,0.638082,-0.066122,-0.323976,-3.119000,-0.398000,0.079000,1
2.776501,9.148000,-51.492001,-18.391001,95.740997,25.525999,25.596001,140.037003,-13.200000,14.280000,9.600000,-20.760000,3.960000,9.720000,9.350000,-1383.000000,-244.000000,1028.000000,-4304.000000,527.000000,211.000000,585.000000,22.000000,22.000000,22.000000,22.000000,22.000000,22.000000,22.000000,31.000000,31.000000,32.000000,32.000000,32.000000,32.000000,33.000000,1,1,1,1,1,1,1,0,0,0,0,0,0,0,74,5376.193848,716,0,1,0.639197,-0.065521,-0.323742,-3.119000,-0.399000,0.080000,1
2.786518,9.059000,-51.403000,-18.325001,95.600998,25.547001,25.671000,140.080994,-14.040000,13.680000,10.070000,-22.680000,3.720000,9.840000,11.160000,-1370.000000,-119.000000,891.000000,-3236.000000,475.000000,59.000000,733.000000,22.000000,22.000000,22.000000,22.000000,22.000000,22.000000,22.000000,31.000000,31.000000,32.000000,32.000000,32.000000,32.000000,33.000000,1,1,1,1,1,1,1,0,0,0,0,0,0,0,74,5376.193848,718,0,1,0.639683,-0.065236,-0.323744,-3.120000,-0.399000,0.081000,1
2.796578,8.907000,-51.244999,-18.197001,95.358002,25.583000,25.756001,140.195007,-14.760000,14.760000,11.640000,-24.120001,4.320000,10.920000,12.240000,-1195.000000,-370.000000,719.000000,-3535.000000,504.000000,243.000000,707.000000,22.000000,22.000000,22.000000,22.000000,22.000000,22.000000,22.000000,31.000000,31.000000,32.000000,32.000000,32.000000,32.000000,33.000000,1,1,1,1,1,1,1,0,0,0,0,0,0,0,74,5376.193848,719,0,1,0.640753,-0.064734,-0.323719,-3.120000,-0.399000,0.081000,1
2.806555,8.747000,-51.075001,-18.068001,95.089996,25.629000,25.882000,140.335007,-14.880000,14.880000,11.520000,-23.400000,3.600000,10.070000,11.040000,-1147.000000,-503.000000,335.000000,-3166.000000,521.000000,442.000000,515.000000,22.000000,22.000000,22.000000,22.000000,22.000000,22.000000,22.000000,31.000000,31.000000,32.000000,32.000000,32.000000,32.000000,33.000000,1,1,1,1,1,1,1,0,0,0,0,0,0,0,74,5376.194824,718,0,1,0.641761,-0.064070,-0.323720,-3.120000,-0.399000,0.081000,1
2.816520,8.587000,-50.911999,-17.934999,94.832001,25.665001,25.997000,140.464005,-14.520000,14.400000,9.960000,-24.120001,3.480000,11.400000,10.800000,-1323.000000,-541.000000,327.000000,-3121.000000,584.000000,287.000000,608.000000,22.000000,22.000000,22.000000,22.000000,22.000000,22.000000,22.000000,31.000000,31.000000,32.000000,32.000000,32.000000,32.000000,33.000000,1,1,1,1,1,1,1,0,0,0,0,0,0,0,74,5376.198242,716,0,1,0.642767,-0.063447,-0.323709,-3.120000,-0.399000,0.082000,1
2.826560,8.394000,-50.712002,-17.774000,94.543999,25.705999,26.146000,140.613007,-14.040000,15.480000,10.800000,-24.719999,3.000000,10.680000,11.760000,-1245.000000,-499.000000,431.000000,-3034.000000,679.000000,276.000000,559.000000,22.000000,22.000000,22.000000,22.000000,21.000000,22.000000,22.000000,31.000000,31.000000,32.000000,32.000000,32.000000,32.000000,33.000000,1,1,1,1,1,1,1,0,0,0,0,0,0,0,74,5376.198242,717,0,1,0.643708,-0.062610,-0.323827,-3.120000,-0.399000,0.083000,1
2.836550,8.309000,-50.623001,-17.707001,94.447998,25.724001,26.216999,140.692993,-14.040000,14.520000,10.440000,-23.400000,3.360000,10.680000,12.960000,-1401.000000,-243.000000,604.000000,-2515.000000,663.000000,148.000000,574.000000,22.000000,22.000000,22.000000,22.000000,21.000000,22.000000,22.000000,31.000000,31.000000,32.000000,32.000000,32.000000,32.000000,33.000000,1,1,1,1,1,1,1,0,0,0,0,0,0,0,74,5376.196777,719,0,1,0.643798,-0.062177,-0.324030,-3.119000,-0.398000,0.083000,1
2.846493,8.136000,-50.476002,-17.586000,94.177002,25.761000,26.361000,140.852005,-14.040000,14.400000,10.560000,-25.430000,2.760000,10.920000,15.120000,-1397.000000,-460.000000,248.000000,-3182.000000,728.000000,493.000000,594.000000,22.000000,22.000000,22.000000,22.000000,21.000000,22.000000,22.000000,31.000000,31.000000,32.000000,32.000000,32.000000,32.000000,33.000000,1,1,1,1,1,1,1,0,0,0,0,0,0,0,74,5376.193848,716,0,1,0.644810,-0.061620,-0.323891,-3.119000,-0.399000,0.082000,1
2.856484,7.992000,-50.283001,-17.441999,93.900002,25.798000,26.510000,140.987000,-14.040000,14.150000,9.720000,-24.959999,3.000000,11.400000,14.040000,-1314.000000,-404.000000,483.000000,-3078.000000,697.000000,18.000000,614.000000,22.000000,22.000000,22.000000,22.000000,21.000000,22.000000,22.000000,31.000000,31.000000,32.000000,32.000000,32.000000,32.000000,33.000000,1,1,1,1,1,1,1,0,0,0,0,0,0,0,74,5376.192871,719,0,1,0.645639,-0.060659,-0.324086,-3.119000,-0.398000,0.083000,1
2.866508,7.855000,-50.144001,-17.339001,93.669998,25.827999,26.632999,141.153000,-15.240000,14.880000,11.280000,-23.400000,3.000000,12.240000,13.800000,-1368.000000,-410.000000,528.000000,-3606.000000,749.000000,184.000000,588.000000,22.000000,22.000000,22.000000,22.000000,21.000000,22.000000,22.000000,31.000000,31.000000,32.000000,32.000000,32.000000,32.000000,33.000000,1,1,1,1,1,1,1,0,0,0,0,0,0,0,74,5376.190918,716,0,1,0.646395,-0.060075,-0.324088,-3.118000,-0.398000,0.082000,1
2.876487,7.693000,-49.983002,-17.215000,93.412003,25.870001,26.764999,141.268005,-14.760000,14.400000,9.960000,-24.480000,3.360000,12.360000,15.360000,-1259.000000,-406.000000,428.000000,-3577.000000,710.000000,386.000000,557.000000,22.000000,22.000000,22.000000,22.000000,21.000000,22.000000,22.000000,31.000000,31.000000,32.000000,32.000000,32.000000,32.000000,33.000000,1,1,1,1,1,1,1,0,0,0,0,0,0,0,74,5376.190918,718,0,1,0.647291,-0.059453,-0.324102,-3.118000,-0.398000,0.083000,1
2.886496,7.597000,-49.890999,-17.143999,93.250000,25.885000,26.813999,141.360001,-13.680000,14.400000,10.070000,-24.480000,3.360000,11.160000,14.280000,-1093.000000,-358.000000,212.000000,-3127.000000,682.000000,395.000000,585.000000,22.000000,22.000000,22.000000,22.000000,21.000000,22.000000,22.000000,31.000000,31.000000,32.000000,32.000000,32.000000,32.000000,33.000000,1,1,1,1,1,1,1,0,0,0,0,0,0,0,74,5376.190918,719,0,1,0.648052,-0.059232,-0.324019,-3.119000,-0.398000,0.083000,1
2.896503,7.419000,-49.736000,-17.021000,92.953003,25.940001,26.982000,141.554001,-15.240000,14.760000,10.070000,-24.120001,3.840000,12.600000,14.400000,-1013.000000,-175.000000,261.000000,-3095.000000,573.000000,184.000000,520.000000,22.000000,22.000000,22.000000,22.000000,21.000000,22.000000,22.000000,31.000000,31.000000,32.000000,32.000000,32.000000,32.000000,33.000000,1,1,1,1,1,1,1,0,0,0,0,0,0,0,74,5376.192871,717,0,1,0.649117,-0.058520,-0.323866,-3.118000,-0.399000,0.082000,1
2.906490,7.278000,-49.592999,-16.917999,92.712997,25.969999,27.096001,141.688995,-15.240000,14.400000,11.760000,-24.840000,3.360000,12.120000,14.760000,-1289.000000,-437.000000,546.000000,-2935.000000,536.000000,292.000000,520.000000,22.000000,22.000000,22.000000,22.000000,21.000000,22.000000,22.000000,31.000000,31.000000,32.000000,32.000000,32.000000,32.000000,33.000000,1,1,1,1,1,1,1,0,0,0,0,0,0,0,74,5376.192871,718,0,1,0.649990,-0.058024,-0.323845,-3.118000,-0.399000,0.082000,1
2.916472,7.090000,-49.415001,-16.799000,92.396004,26.006001,27.214001,141.835999,-15.120000,14.280000,9.720000,-24.480000,3.600000,11.040000,14.760000,-1019.000000,-444.000000,373.000000,-2994.000000,476.000000,460.000000,516.000000,22.000000,22.000000,22.000000,22.000000,21.000000,22.000000,22.000000,31.000000,31.000000,32.000000,32.000000,32.000000,32.000000,33.000000,1,1,1,1,1,1,1,0,0,0,0,0,0,0,74,5376.193848,718,0,1,0.651345,-0.057691,-0.323709,-3.119000,-0.399000,0.082000,1
2.926605,6.933000,-49.252998,-16.691000,92.116997,26.044001,27.337999,141.983994,-14.760000,14.400000,10.440000,-25.680000,3.240000,11.400000,14.640000,-980.000000,-422.000000,423.000000,-3067.000000,514.000000,416.000000,521.000000,22.000000,22.000000,22.000000,22.000000,21.000000,22.000000,22.000000,31.000000,31.000000,32.000000,32.000000,32.000000,32.000000,33.000000,1,1,1,1,1,1,1,0,0,0,0,0,0,0,74,5376.193848,717,0,1,0.652404,-0.057192,-0.323662,-3.119000,-0.400000,0.082000,1
2.936506,6.866000,-49.187000,-16.642000,92.005997,26.063000,27.419001,142.084000,-13.800000,14.520000,10.680000,-24.000000,3.120000,11.640000,12.840000,-1005.000000,-274.000000,313.000000,-2885.000000,495.000000,251.000000,493.000000,22.000000,22.000000,22.000000,22.000000,21.000000,22.000000,22.000000,31.000000,31.000000,32.000000,32.000000,32.000000,32.000000,33.000000,1,1,1,1,1,1,1,0,0,0,0,0,0,0,74,5376.188965,717,0,1,0.652650,-0.056806,-0.323690,-3.118000,-0.399000,0.081000,1
2.946453,6.659000,-48.973999,-16.490999,91.719002,26.096001,27.568001,142.248001,-14.040000,14.880000,9.720000,-24.360001,2.510000,11.520000,13.320000,-1105.000000,-660.000000,528.000000,-3008.000000,582.000000,333.000000,521.000000,22.000000,22.000000,22.000000,22.000000,21.000000,22.000000,22.000000,31.000000,31.000000,32.000000,32.000000,32.000000,32.000000,33.000000,1,1,1,1,1,1,1,0,0,0,0,0,0,0,74,5376.190918,716,0,1,0.653394,-0.056078,-0.323966,-3.118000,-0.399000,0.082000,1
2.956485,6.513000,-48.827000,-16.391001,91.430000,26.125999,27.709999,142.419006,-14.400000,14.520000,9.720000,-24.840000,2.160000,11.640000,15.000000,-1082.000000,-287.000000,434.000000,-3541.000000,648.000000,431.000000,523.000000,22.000000,22.000000,22.000000,22.000000,21.000000,22.000000,22.000000,31.000000,31.000000,32.000000,32.000000,32.000000,32.000000,33.000000,1,1,1,1,1,1,1,0,0,0,0,0,0,0,74,5376.190918,718,0,1,0.654484,-0.055549,-0.323820,-3.118000,-0.399000,0.081000,1
2.966464,6.348000,-48.654999,-16.259001,91.134003,26.153000,27.862000,142.572998,-13.800000,14.640000,10.440000,-26.280001,2.510000,13.200000,13.200000,-1221.000000,-632.000000,631.000000,-3394.000000,689.000000,226.000000,573.000000,22.000000,22.000000,22.000000,22.000000,21.000000,22.000000,22.000000,31.000000,31.000000,32.000000,32.000000,32.000000,32.000000,33.000000,1,1,1,1,1,1,1,0,0,0,0,0,0,0,74,5376.188965,718,0,1,0.655480,-0.054819,-0.323819,-3.118000,-0.399000,0.081000,1
2.976422,6.253000,-48.555000,-16.187000,90.986000,26.164000,27.914000,142.634995,-14.400000,14.150000,10.800000,-25.080000,2.160000,12.120000,13.200000,-1086.000000,-616.000000,394.000000,-3441.000000,628.000000,199.000000,530.000000,22.000000,22.000000,22.000000,22.000000,21.000000,22.000000,22.000000,31.000000,31.000000,32.000000,32.000000,32.000000,32.000000,33.000000,1,1,1,1,1,1,1,0,0,0,0,0,0,0,74,5376.188965,718,0,1,0.656035,-0.054556,-0.323880,-3.118000,-0.399000,0.082000,1
2.986429,6.105000,-48.407001,-16.080999,90.728996,26.191000,28.070999,142.800003,-14.520000,14.520000,9.600000,-25.430000,2.160000,12.360000,15.000000,-1257.000000,-564.000000,175.000000,-3238.000000,670.000000,361.000000,562.000000,22.000000,22.000000,22.000000,22.000000,21.000000,22.000000,22.000000,31.000000,31.000000,32.000000,32.000000,32.000000,32.000000,33.000000,1,1,1,1,1,1,1,0,0,0,0,0,0,0,74,5376.192871,718,0,1,0.656746,-0.053890,-0.323909,-3.118000,-0.399000,0.081000,1
2.996408,5.936000,-48.228001,-15.964000,90.432999,26.212000,28.216999,142.966995,-14.640000,14.400000,10.680000,-25.920000,2.160000,13.080000,13.560000,-1084.000000,-671.000000,441.000000,-3405.000000,659.000000,400.000000,518.000000,22.000000,22.000000,22.000000,22.000000,21.000000,22.000000,22.000000,31.000000,31.000000,32.000000,32.000000,32.000000,32.000000,33.000000,1,1,1,1,1,1,1,0,0,0,0,0,0,0,74,5376.192871,717,0,1,0.657685,-0.053333,-0.323964,-3.118000,-0.399000,0.081000,1
3.006433,5.762000,-48.061001,-15.843000,90.122002,26.233999,28.341999,143.108994,-14.150000,14.640000,9.720000,-25.080000,2.160000,12.120000,14.150000,-965.000000,-311.000000,476.000000,-3277.000000,642.000000,200.000000,560.000000,22.000000,22.000000,22.000000,22.000000,21.000000,22.000000,22.000000,31.000000,31.000000,32.000000,32.000000,32.000000,32.000000,33.000000,1,1,1,1,1,1,1,0,0,0,0,0,0,0,74,5376.190918,717,0,1,0.658949,-0.052889,-0.323839,-3.118000,-0.399000,0.082000,1
3.016423,5.598000,-47.903999,-15.736000,89.844002,26.256001,28.483000,143.259995,-14.280000,14.520000,9.120000,-24.600000,1.920000,12.240000,13.320000,-895.000000,-442.000000,121.000000,-3048.000000,677.000000,336.000000,567.000000,22.000000,22.000000,22.000000,22.000000,21.000000,22.000000,22.000000,31.000000,31.000000,32.000000,32.000000,32.000000,32.000000,33.000000,1,1,1,1,1,1,1,0,0,0,0,0,0,0,74,5376.190918,718,0,1,0.659857,-0.052394,-0.323819,-3.119000,-0.399000,0.082000,1
3.026505,5.534000,-47.841999,-15.692000,89.730003,26.267000,28.570999,143.363007,-13.800000,14.040000,10.320000,-25.559999,1.680000,11.400000,15.840000,-983.000000,-554.000000,-34.000000,-3464.000000,709.000000,437.000000,558.000000,22.000000,22.000000,22.000000,22.000000,21.000000,22.000000,22.000000,31.000000,31.000000,32.000000,32.000000,32.000000,32.000000,33.000000,1,1,1,1,1,1,1,0,0,0,0,0,0,0,74,5376.193848,718,0,1,0.660073,-0.052028,-0.323836,-3.118000,-0.399000,0.081000,1
3.036474,5.351000,-47.665001,-15.584000,89.462997,26.283001,28.709999,143.518005,-14.880000,14.520000,9.350000,-26.280001,1.680000,13.080000,14.400000,-1090.000000,-398.000000,653.000000,-3352.000000,707.000000,326.000000,540.000000,22.000000,22.000000,22.000000,22.000000,21.000000,22.000000,22.000000,31.000000,31.000000,32.000000,32.000000,32.000000,32.000000,33.000000,1,1,1,1,1,1,1,0,0,0,0,0,0,0,74,5376.194824,717,0,1,0.660784,-0.051622,-0.323995,-3.118000,-0.398000,0.081000,1
3.046424,5.217000,-47.526001,-15.500000,89.165001,26.299000,28.844000,143.679993,-14.520000,14.880000,10.070000,-26.280001,1.680000,12.710000,13.200000,-934.000000,-456.000000,422.000000,-3102.000000,723.000000,194.000000,610.000000,22.000000,22.000000,22.000000,22.000000,21.000000,22.000000,22.000000,31.000000,31.000000,32.000000,32.000000,32.000000,32.000000,33.000000,1,1,1,1,1,1,1,0,0,0,0,0,0,0,74,5376.194824,718,0,1,0.661963,-0.051244,-0.323782,-3.118000,-0.399000,0.081000,1
3.056437,5.064000,-47.363998,-15.406000,88.884003,26.315001,28.987000,143.809006,-13.800000,15.240000,10.070000,-26.040001,1.560000,11.040000,14.760000,-865.000000,-462.000000,480.000000,-3047.000000,734.000000,348.000000,530.000000,22.000000,22.000000,22.000000,22.000000,21.000000,22.000000,22.000000,31.000000,31.000000,32.000000,32.000000,32.000000,32.000000,33.000000,1,1,1,1,1,1,1,0,0,0,0,0,0,0,74,5376.194824,717,0,1,0.662820,-0.050841,-0.323816,-3.119000,-0.399000,0.081000,1
3.066429,4.883000,-47.171001,-15.284000,88.563004,26.332001,29.122000,143.992004,-14.280000,15.360000,9.480000,-24.959999,1.560000,12.240000,14.760000,-937.000000,-373.000000,268.000000,-3276.000000,709.000000,323.000000,659.000000,22.000000,22.000000,22.000000,22.000000,21.000000,22.000000,22.000000,31.000000,31.000000,32.000000,32.000000,32.000000,32.000000,33.000000,1,1,1,1,1,1,1,0,0,0,0,0,0,0,74,5376.194824,718,0,1,0.663926,-0.050334,-0.323874,-3.119000,-0.399000,0.081000,1
3.076391,4.809000,-47.087002,-15.224000,88.405998,26.339001,29.233999,144.110001,-13.440000,14.150000,8.640000,-26.280001,1.440000,13.440000,12.600000,-1183.000000,-676.000000,62.000000,-3425.000000,722.000000,144.000000,627.000000,22.000000,22.000000,22.000000,22.000000,21.000000,22.000000,22.000000,31.000000,31.000000,32.000000,32.000000,32.000000,32.000000,33.000000,1,1,1,1,1,1,1,0,0,0,0,0,0,0,74,5376.194824,716,0,1,0.664250,-0.049821,-0.323905,-3.118000,-0.399000,0.081000,1
3.086316,4.641000,-46.910999,-15.092000,88.110001,26.363001,29.372999,144.246002,-13.800000,14.760000,10.440000,-25.680000,1.440000,14.520000,12.240000,-1156.000000,-456.000000,431.000000,-3740.000000,654.000000,196.000000,623.000000,22.000000,22.000000,22.000000,22.000000,21.000000,22.000000,22.000000,31.000000,31.000000,32.000000,32.000000,32.000000,32.000000,33.000000,1,1,1,1,1,1,1,0,0,0,0,0,0,0,74,5376.192871,718,0,1,0.665232,-0.049129,-0.323962,-3.118000,-0.399000,0.081000,1
3.096418,4.485000,-46.751999,-14.978000,87.828003,26.382000,29.510000,144.408997,-14.280000,14.520000,10.070000,-25.799999,1.800000,12.240000,13.680000,-1173.000000,-707.000000,297.000000,-3490.000000,622.000000,352.000000,718.000000,22.000000,22.000000,22.000000,22.000000,21.000000,22.000000,22.000000,31.000000,31.000000,32.000000,32.000000,32.000000,32.000000,33.000000,1,1,1,1,1,1,1,0,0,0,0,0,0,0,74,5376.192871,718,0,1,0.666145,-0.048522,-0.323976,-3.118000,-0.399000,0.081000,1
3.106357,4.323000,-46.601002,-14.872000,87.554001,26.407000,29.674999,144.595993,-14.640000,14.640000,9.720000,-26.879999,1.680000,13.440000,14.760000,-1219.000000,-389.000000,174.000000,-3490.000000,539.000000,214.000000,722.000000,22.000000,22.000000,22.000000,22.000000,21.000000,22.000000,22.000000,31.000000,31.000000,32.000000,32.000000,32.000000,32.000000,33.000000,1,1,1,1,1,1,1,0,0,0,0,0,0,0,74,5376.190918,717,0,1,0.666882,-0.047878,-0.323992,-3.118000,-0.398000,0.080000,1
3.116395,4.240000,-46.516998,-14.812000,87.396004,26.412001,29.753000,144.649994,-14.150000,14.400000,10.200000,-26.520000,1.560000,12.120000,15.480000,-950.000000,-384.000000,-47.000000,-3405.000000,511.000000,198.000000,654.000000,22.000000,22.000000,22.000000,22.000000,21.000000,22.000000,22.000000,31.000000,31.000000,32.000000,32.000000,32.000000,32.000000,33.000000,1,1,1,1,1,1,1,0,0,0,0,0,0,0,74,5376.188965,717,0,1,0.667409,-0.047590,-0.323969,-3.118000,-0.398000,0.081000,1
3.126477,4.071000,-46.351002,-14.695000,87.084999,26.433001,29.878000,144.824005,-14.150000,14.150000,9.480000,-27.360001,1.560000,12.960000,14.040000,-993.000000,-230.000000,459.000000,-3293.000000,478.000000,490.000000,609.000000,22.000000,22.000000,22.000000,22.000000,21.000000,22.000000,22.000000,31.000000,31.000000,32.000000,32.000000,32.000000,32.000000,33.000000,1,1,1,1,1,1,1,0,0,0,0,0,0,0,74,5376.193848,718,0,1,0.668594,-0.047074,-0.323891,-3.118000,-0.399000,0.081000,1
3.136365,3.931000,-46.220001,-14.599000,86.808998,26.451000,30.028000,145.000000,-14.280000,14.150000,10.680000,-24.840000,1.320000,13.320000,15.120000,-1328.000000,-326.000000,346.000000,-3026.000000,435.000000,419.000000,653.000000,22.000000,22.000000,22.000000,22.000000,21.000000,22.000000,22.000000,31.000000,31.000000,32.000000,32.000000,32.000000,32.000000,33.000000,1,1,1,1,1,1,1,0,0,0,0,0,0,0,74,5376.193848,720,0,1,0.669511,-0.046485,-0.323755,-3.117000,-0.399000,0.080000,1
3.146365,3.772000,-46.070999,-14.495000,86.521004,26.462999,30.163000,145.121002,-13.800000,15.600000,8.880000,-25.680000,0.960000,13.200000,15.710000,-988.000000,-423.000000,266.000000,-2654.000000,432.000000,268.000000,612.000000,22.000000,22.000000,22.000000,22.000000,21.000000,22.000000,22.000000,31.000000,31.000000,32.000000,32.000000,32.000000,32.000000,33.000000,1,1,1,1,1,1,1,0,0,0,0,0,0,0,74,5376.196777,716,0,1,0.670518,-0.046053,-0.323679,-3.118000,-0.399000,0.081000,1
3.156441,3.604000,-45.909000,-14.385000,86.223000,26.476999,30.306999,145.317001,-14.040000,15.120000,9.600000,-27.600000,0.600000,12.840000,15.360000,-955.000000,-62.000000,153.000000,-3152.000000,462.000000,405.000000,587.000000,22.000000,22.000000,22.000000,22.000000,21.000000,22.000000,22.000000,31.000000,31.000000,32.000000,32.000000,32.000000,32.000000,33.000000,1,1,1,1,1,1,1,0,0,0,0,0,0,0,74,5376.194824,717,0,1,0.671471,-0.045506,-0.323666,-3.118000,-0.399000,0.080000,1
3.166431,3.481000,-45.794998,-14.298000,86.010002,26.478001,30.385000,145.406006,-14.150000,14.520000,9.000000,-27.600000,0.480000,12.120000,15.960000,-807.000000,-382.000000,229.000000,-3348.000000,495.000000,422.000000,596.000000,22.000000,22.000000,22.000000,22.000000,21.000000,22.000000,22.000000,31.000000,31.000000,32.000000,32.000000,32.000000,32.000000,33.000000,1,1,1,1,1,1,1,0,0,0,0,0,0,0,74,5376.196777,714,0,1,0.672304,-0.045225,-0.323611,-3.118000,-0.400000,0.081000,1
3.176327,3.315000,-45.612999,-14.183000,85.735001,26.486000,30.542000,145.574005,-13.800000,14.640000,9.350000,-27.959999,0.360000,13.680000,14.280000,-844.000000,-361.000000,398.000000,-2975.000000,487.000000,230.000000,589.000000,22.000000,22.000000,22.000000,22.000000,21.000000,22.000000,22.000000,31.000000,31.000000,32.000000,32.000000,32.000000,32.000000,33.000000,1,1,1,1,1,1,1,0,0,0,0,0,0,0,74,5376.193848,717,0,1,0.672868,-0.044587,-0.323875,-3.118000,-0.399000,0.081000,1
3.186365,3.170000,-45.457001,-14.048000,85.424004,26.497000,30.704000,145.761993,-14.150000,14.760000,8.880000,-27.000000,0.480000,15.000000,15.120000,-1210.000000,-479.000000,-52.000000,-2844.000000,428.000000,292.000000,552.000000,22.000000,22.000000,22.000000,22.000000,21.000000,22.000000,22.000000,31.000000,31.000000,32.000000,32.000000,32.000000,32.000000,33.000000,1,1,1,1,1,1,1,0,0,0,0,0,0,0,74,5376.192871,718,0,1,0.673872,-0.043645,-0.323821,-3.117000,-0.399000,0.080000,1
3.196376,2.970000,-45.257999,-13.911000,85.111000,26.500999,30.860001,145.949005,-14.400000,14.640000,10.200000,-26.639999,0.120000,12.600000,14.760000,-1232.000000,-389.000000,217.000000,-3270.000000,452.000000,514.000000,568.000000,22.000000,22.000000,22.000000,22.000000,21.000000,22.000000,22.000000,31.000000,31.000000,32.000000,32.000000,32.000000,32.000000,33.000000,1,1,1,1,1,1,1,0,0,0,0,0,0,0,74,5376.192871,718,0,1,0.674665,-0.043022,-0.324040,-3.118000,-0.399000,0.081000,1
3.206368,2.914000,-45.188000,-13.864000,84.929001,26.503000,30.924999,146.013000,-13.440000,14.150000,9.720000,-27.600000,0.000000,13.200000,16.080000,-870.000000,-449.000000,180.000000,-3480.000000,482.000000,271.000000,557.000000,22.000000,22.000000,22.000000,22.000000,21.000000,22.000000,22.000000,31.000000,31.000000,32.000000,32.000000,32.000000,32.000000,33.000000,1,1,1,1,1,1,1,0,0,0,0,0,0,0,74,5376.188965,718,0,1,0.675505,-0.042776,-0.323826,-3.118000,-0.399000,0.081000,1
3.216334,2.760000,-45.033001,-13.756000,84.612000,26.504000,31.077000,146.188995,-13.920000,14.760000,9.000000,-27.600000,0.000000,13.320000,15.710000,-970.000000,-777.000000,335.000000,-3559.000000,486.000000,173.000000,510.000000,22.000000,22.000000,22.000000,22.000000,21.000000,22.000000,22.000000,31.000000,31.000000,32.000000,32.000000,32.000000,32.000000,33.000000,1,1,1,1,1,1,1,0,0,0,0,0,0,0,74,5376.190918,717,0,1,0.676570,-0.042208,-0.323724,-3.118000,-0.400000,0.081000,1
3.226432,2.609000,-44.875999,-13.653000,84.324997,26.507999,31.252001,146.380997,-14.400000,14.760000,9.840000,-27.360001,0.000000,14.280000,16.920000,-881.000000,-500.000000,343.000000,-3267.000000,471.000000,438.000000,559.000000,22.000000,22.000000,22.000000,22.000000,21.000000,22.000000,22.000000,31.000000,31.000000,32.000000,32.000000,32.000000,32.000000,33.000000,1,1,1,1,1,1,1,0,0,0,0,0,0,0,74,5376.188965,718,0,1,0.677230,-0.041546,-0.323801,-3.117000,-0.399000,0.080000,1
3.236387,2.430000,-44.706001,-13.546000,83.984001,26.507999,31.412001,146.578003,-15.240000,15.240000,8.880000,-27.959999,0.000000,13.680000,17.280001,-885.000000,-570.000000,99.000000,-3642.000000,467.000000,235.000000,592.000000,22.000000,22.000000,22.000000,22.000000,21.000000,22.000000,22.000000,31.000000,31.000000,32.000000,32.000000,32.000000,32.000000,33.000000,1,1,1,1,1,1,1,0,0,0,0,0,0,0,74,5376.192871,718,0,1,0.678346,-0.041099,-0.323712,-3.117000,-0.399000,0.080000,1
3.246305,2.327000,-44.590000,-13.476000,83.753998,26.507000,31.506001,146.667999,-13.800000,14.400000,8.400000,-28.799999,0.000000,12.960000,16.920000,-911.000000,-532.000000,-29.000000,-3556.000000,414.000000,176.000000,545.000000,22.000000,22.000000,22.000000,22.000000,21.000000,22.000000,22.000000,31.000000,31.000000,32.000000,32.000000,32.000000,32.000000,33.000000,1,1,1,1,1,1,1,0,0,0,0,0,0,0,74,5376.193848,717,0,1,0.679192,-0.040811,-0.323643,-3.118000,-0.400000,0.080000,1
3.256316,2.186000,-44.443001,-13.374000,83.472000,26.511000,31.683001,146.832993,-14.040000,15.240000,9.720000,-28.430000,0.000000,13.680000,14.760000,-816.000000,-432.000000,404.000000,-3607.000000,348.000000,319.000000,570.000000,22.000000,22.000000,22.000000,22.000000,21.000000,22.000000,22.000000,31.000000,31.000000,32.000000,32.000000,32.000000,32.000000,33.000000,1,1,1,1,1,1,1,0,0,0,0,0,0,0,74,5376.190918,718,0,1,0.679831,-0.040119,-0.323691,-3.117000,-0.399000,0.080000,1
3.266370,2.043000,-44.287998,-13.266000,83.166000,26.511000,31.804001,147.001007,-14.040000,15.120000,9.720000,-28.080000,0.000000,13.080000,15.840000,-1009.000000,-475.000000,-54.000000,-3601.000000,300.000000,464.000000,523.000000,22.000000,22.000000,22.000000,22.000000,21.000000,22.000000,22.000000,31.000000,31.000000,32.000000,32.000000,32.000000,32.000000,33.000000,1,1,1,1,1,1,1,0,0,0,0,0,0,0,74,5376.190918,718,0,1,0.680952,-0.039576,-0.323618,-3.117000,-0.400000,0.080000,1
3.276408,1.875000,-44.111000,-13.163000,82.827003,26.511999,31.971001,147.190994,-13.680000,15.360000,9.000000,-28.080000,0.000000,14.400000,15.120000,-842.000000,-353.000000,360.000000,-3191.000000,209.000000,235.000000,606.000000,22.000000,22.000000,22.000000,22.000000,21.000000,22.000000,22.000000,31.000000,31.000000,32.000000,32.000000,32.000000,32.000000,33.000000,1,1,1,1,1,1,1,0,0,0,0,0,0,0,74,5376.190918,718,0,1,0.681956,-0.039068,-0.323617,-3.117000,-0.400000,0.080000,1
3.286412,1.796000,-44.028999,-13.108000,82.658997,26.511000,32.060001,147.285995,-13.320000,14.640000,9.350000,-27.719999,0.000000,13.680000,17.150000,-856.000000,-569.000000,395.000000,-3197.000000,156.000000,296.000000,575.000000,22.000000,22.000000,22.000000,22.000000,21.000000,22.000000,22.000000,31.000000,31.000000,32.000000,32.000000,32.000000,32.000000,33.000000,1,1,1,1,1,1,1,0,0,0,0,0,0,0,74,5376.190918,718,0,1,0.682439,-0.038748,-0.323592,-3.117000,-0.400000,0.080000,1
3.296369,1.641000,-43.860001,-13.010000,82.377998,26.511999,32.198002,147.442993,-13.080000,14.760000,10.320000,-29.040001,0.000000,13.680000,15.000000,-569.000000,-604.000000,414.000000,-3544.000000,73.000000,533.000000,534.000000,22.000000,22.000000,22.000000,22.000000,21.000000,22.000000,22.000000,31.000000,31.000000,32.000000,32.000000,32.000000,32.000000,33.000000,1,1,1,1,1,1,1,0,0,0,0,0,0,0,74,5376.193848,716,0,1,0.683159,-0.038302,-0.323755,-3.117000,-0.400000,0.080000,1
3.306305,1.495000,-43.691002,-12.913000,82.066002,26.511999,32.356998,147.619995,-14.520000,14.520000,8.640000,-29.400000,0.000000,13.560000,14.880000,-669.000000,-730.000000,311.000000,-2856.000000,-23.000000,370.000000,611.000000,22.000000,22.000000,22.000000,22.000000,21.000000,22.000000,22.000000,31.000000,31.000000,32.000000,32.000000,32.000000,32.000000,33.000000,1,1,1,1,1,1,1,0,0,0,0,0,0,0,74,5376.194824,718,0,1,0.684000,-0.037740,-0.323825,-3.117000,-0.399000,0.079000,1
3.316302,1.347000,-43.519001,-12.811000,81.767998,26.510000,32.518002,147.792999,-13.680000,15.600000,10.440000,-29.040001,0.000000,13.680000,16.200001,-1166.000000,-605.000000,396.000000,-3504.000000,-40.000000,251.000000,601.000000,22.000000,22.000000,22.000000,22.000000,21.000000,22.000000,22.000000,31.000000,31.000000,32.000000,32.000000,32.000000,32.000000,33.000000,1,1,1,1,1,1,1,0,0,0,0,0,0,0,74,5376.193848,716,0,1,0.684693,-0.037153,-0.323985,-3.117000,-0.399000,0.079000,1
3.326459,1.205000,-43.361000,-12.723000,81.469002,26.511999,32.659000,147.966995,-13.440000,14.400000,9.350000,-28.080000,0.000000,13.680000,15.480000,-1066.000000,-323.000000,165.000000,-3704.000000,-89.000000,456.000000,682.000000,22.000000,22.000000,22.000000,22.000000,21.000000,22.000000,22.000000,31.000000,31.000000,32.000000,32.000000,32.000000,32.000000,33.000000,1,1,1,1,1,1,1,0,0,0,0,0,0,0,74,5376.192871,719,0,1,0.685581,-0.036695,-0.324005,-3.117000,-0.399000,0.079000,1
3.336488,1.053000,-43.182999,-12.616000,81.115997,26.511000,32.834999,148.160995,-14.040000,14.760000,10.200000,-28.430000,0.000000,15.480000,15.600000,-1166.000000,-670.000000,430.000000,-3559.000000,-151.000000,165.000000,616.000000,22.000000,22.000000,22.000000,22.000000,21.000000,22.000000,22.000000,31.000000,31.000000,32.000000,32.000000,32.000000,32.000000,33.000000,1,1,1,1,1,1,1,0,0,0,0,0,0,0,74,5376.190918,718,0,1,0.686611,-0.036041,-0.323997,-3.116000,-0.399000,0.078000,1
3.346432,0.916000,-43.036999,-12.523000,80.833000,26.511000,32.974998,148.322998,-13.800000,14.150000,9.350000,-28.680000,-0.240000,15.120000,13.440000,-1055.000000,-472.000000,304.000000,-3526.000000,-208.000000,211.000000,577.000000,22.000000,22.000000,22.000000,22.000000,21.000000,22.000000,22.000000,31.000000,31.000000,32.000000,32.000000,32.000000,32.000000,33.000000,1,1,1,1,1,1,1,0,0,0,0,0,0,0,74,5376.190918,718,0,1,0.687424,-0.035520,-0.324006,-3.116000,-0.399000,0.078000,1
3.356404,0.840000,-42.964001,-12.477000,80.668999,26.510000,33.085999,148.403000,-13.560000,14.400000,9.350000,-30.600000,-0.360000,12.710000,14.760000,-954.000000,-437.000000,251.000000,-3726.000000,-243.000000,337.000000,679.000000,22.000000,22.000000,22.000000,22.000000,21.000000,22.000000,22.000000,31.000000,31.000000,32.000000,32.000000,32.000000,32.000000,33.000000,1,1,1,1,1,1,1,0,0,0,0,0,0,0,74,5376.190918,717,0,1,0.687777,-0.035208,-0.323967,-3.116000,-0.399000,0.078000,1
3.366338,0.670000,-42.786999,-12.372000,80.305000,26.504000,33.251999,148.636002,-13.320000,14.150000,7.920000,-28.200001,-0.480000,15.710000,18.120001,-1013.000000,-572.000000,231.000000,-3224.000000,-296.000000,183.000000,684.000000,22.000000,22.000000,22.000000,22.000000,21.000000,22.000000,22.000000,31.000000,31.000000,32.000000,32.000000,32.000000,32.000000,33.000000,1,1,1,1,1,1,1,0,0,0,0,0,0,0,74,5376.193848,716,0,1,0.688932,-0.034677,-0.323886,-3.116000,-0.399000,0.077000,1
3.376283,0.484000,-42.605000,-12.251000,79.903000,26.500000,33.405998,148.811005,-13.440000,14.040000,8.640000,-27.840000,-0.600000,13.680000,14.280000,-893.000000,-430.000000,129.000000,-3299.000000,-345.000000,178.000000,764.000000,22.000000,22.000000,22.000000,22.000000,21.000000,22.000000,22.000000,31.000000,31.000000,32.000000,32.000000,32.000000,32.000000,33.000000,1,1,1,1,1,1,1,0,0,0,0,0,0,0,74,5376.193848,719,0,1,0.690471,-0.034193,-0.323654,-3.116000,-0.400000,0.078000,1
3.386343,0.391000,-42.492001,-12.171000,79.684998,26.499001,33.537998,148.981003,-12.000000,14.640000,8.640000,-28.430000,-0.600000,13.320000,17.520000,-747.000000,-559.000000,30.000000,-3003.000000,-378.000000,562.000000,691.000000,22.000000,22.000000,22.000000,22.000000,21.000000,22.000000,22.000000,31.000000,31.000000,32.000000,32.000000,32.000000,32.000000,33.000000,1,1,1,1,1,1,1,0,0,0,0,0,0,0,74,5376.193848,717,0,1,0.690937,-0.033534,-0.323718,-3.115000,-0.400000,0.077000,1
3.396407,0.300000,-42.393002,-12.098000,79.478996,26.497000,33.599998,149.054001,-13.080000,13.320000,8.640000,-27.360001,-0.720000,13.320000,16.559999,-881.000000,-601.000000,-89.000000,-3155.000000,-402.000000,355.000000,673.000000,22.000000,22.000000,22.000000,22.000000,21.000000,22.000000,22.000000,31.000000,31.000000,32.000000,32.000000,32.000000,32.000000,33.000000,1,1,1,1,1,1,1,0,0,0,0,0,0,0,74,5376.193848,716,0,1,0.691796,-0.033218,-0.323626,-3.116000,-0.401000,0.078000,1
3.406290,0.175000,-42.235001,-11.991000,79.189003,26.493999,33.776001,149.220001,-10.320000,11.400000,6.840000,-23.760000,-1.080000,11.760000,11.880000,-730.000000,-827.000000,199.000000,-2359.000000,-415.000000,199.000000,528.000000,22.000000,22.000000,22.000000,22.000000,21.000000,22.000000,22.000000,31.000000,31.000000,32.000000,32.000000,32.000000,32.000000,33.000000,1,1,1,1,1,1,1,0,0,0,0,0,0,0,74,5376.194824,719,0,1,0.692363,-0.032392,-0.323780,-3.115000,-0.400000,0.077000,1
3.416304,0.076000,-42.124001,-11.920000,78.975998,26.492001,33.872002,149.365005,-8.040000,9.720000,6.000000,-20.150000,-1.080000,8.760000,9.350000,-270.000000,-928.000000,41.000000,-2314.000000,-455.000000,97.000000,435.000000,22.000000,22.000000,22.000000,22.000000,21.000000,22.000000,22.000000,31.000000,31.000000,32.000000,32.000000,32.000000,32.000000,33.000000,1,1,1,1,1,1,1,0,0,0,0,0,0,0,74,5376.192871,716,0,1,0.692987,-0.031969,-0.323805,-3.115000,-0.400000,0.077000,1
3.426395,-0.011000,-42.025002,-11.852000,78.783997,26.492001,33.945999,149.468002,-5.760000,6.480000,4.320000,-12.600000,-1.440000,5.400000,7.200000,-489.000000,-956.000000,-49.000000,-2309.000000,-492.000000,269.000000,431.000000,22.000000,22.000000,22.000000,22.000000,21.000000,22.000000,22.000000,31.000000,31.000000,32.000000,32.000000,32.000000,32.000000,33.000000,1,1,1,1,1,1,1,0,0,0,0,0,0,0,74,5376.188965,718,0,1,0.693643,-0.031609,-0.323797,-3.114000,-0.400000,0.076000,1
3.436271,-0.044000,-41.991001,-11.825000,78.724998,26.490000,33.986000,149.514999,-4.080000,5.640000,3.480000,-9.600000,-1.800000,5.280000,7.560000,-241.000000,-982.000000,-391.000000,-2203.000000,-461.000000,361.000000,521.000000,22.000000,22.000000,22.000000,22.000000,21.000000,22.000000,22.000000,31.000000,31.000000,32.000000,32.000000,32.000000,32.000000,33.000000,1,1,1,1,1,1,1,0,0,0,0,0,0,0,74,5376.187012,718,0,1,0.693719,-0.031408,-0.323852,-3.114000,-0.400000,0.076000,1
3.446254,-0.075000,-41.937000,-11.795000,78.639999,26.488001,34.035000,149.584000,-1.560000,2.640000,1.440000,-5.400000,-2.040000,2.400000,5.030000,-144.000000,-1273.000000,-154.000000,-2532.000000,-421.000000,222.000000,455.000000,22.000000,22.000000,22.000000,22.000000,21.000000,22.000000,22.000000,31.000000,31.000000,32.000000,32.000000,32.000000,32.000000,33.000000,1,1,1,1,1,1,1,0,0,0,0,0,0,0,74,5376.188965,718,0,1,0.693847,-0.031143,-0.323957,-3.114000,-0.400000,0.076000,1
3.456237,-0.085000,-41.918999,-11.786000,78.612000,26.468000,34.053001,149.630005,-0.120000,0.720000,0.600000,-1.920000,-2.510000,0.840000,2.760000,-302.000000,-1205.000000,-84.000000,-2797.000000,-381.000000,153.000000,430.000000,22.000000,22.000000,22.000000,22.000000,21.000000,22.000000,22.000000,31.000000,31.000000,32.000000,32.000000,32.000000,32.000000,33.000000,1,1,1,1,1,1,1,0,0,0,0,0,0,0,74,5376.188965,719,0,1,0.693842,-0.031116,-0.324007,-3.114000,-0.399000,0.075000,1
3.466258,-0.087000,-41.915001,-11.782000,78.607002,26.438000,34.064999,149.649994,0.120000,0.000000,0.240000,-0.120000,-2.880000,0.360000,2.160000,-151.000000,-1053.000000,45.000000,-3035.000000,-263.000000,100.000000,421.000000,22.000000,22.000000,22.000000,22.000000,21.000000,22.000000,22.000000,31.000000,31.000000,32.000000,32.000000,32.000000,32.000000,33.000000,1,1,1,1,1,1,1,0,0,0,0,0,0,0,74,5376.190918,717,0,1,0.693748,-0.031166,-0.324048,-3.114000,-0.399000,0.076000,1
3.476299,-0.085000,-41.915001,-11.782000,78.603996,26.413000,34.070000,149.671997,0.240000,0.240000,0.000000,-0.480000,-3.000000,0.600000,1.920000,54.000000,-930.000000,-46.000000,-3426.000000,-207.000000,119.000000,445.000000,22.000000,22.000000,22.000000,22.000000,21.000000,22.000000,22.000000,31.000000,31.000000,32.000000,32.000000,32.000000,32.000000,33.000000,1,1,1,1,1,1,1,0,0,0,0,0,0,0,74,5376.190918,717,0,1,0.693708,-0.031221,-0.324056,-3.114000,-0.399000,0.076000,1
3.486291,-0.083000,-41.910999,-11.782000,78.584999,26.385000,34.083000,149.697998,0.000000,0.840000,0.000000,-2.760000,-2.640000,1.800000,2.510000,17.000000,-699.000000,110.000000,-3771.000000,-135.000000,121.000000,493.000000,22.000000,22.000000,22.000000,22.000000,21.000000,22.000000,22.000000,31.000000,31.000000,32.000000,32.000000,32.000000,32.000000,33.000000,1,1,1,1,1,1,1,0,0,0,0,0,0,0,74,5376.192871,719,0,1,0.693723,-0.031277,-0.324036,-3.114000,-0.399000,0.076000,1
3.496303,-0.082000,-41.889999,-11.778000,78.535004,26.358999,34.106998,149.729004,-0.120000,2.760000,0.360000,-5.880000,-2.280000,3.240000,3.960000,-170.000000,-456.000000,233.000000,-4262.000000,-216.000000,172.000000,547.000000,22.000000,22.000000,22.000000,22.000000,21.000000,22.000000,22.000000,31.000000,31.000000,32.000000,32.000000,32.000000,32.000000,33.000000,1,1,1,1,1,1,1,0,0,0,0,0,0,0,74,5376.192871,717,0,1,0.693850,-0.031265,-0.324023,-3.114000,-0.399000,0.076000,1
3.506270,-0.083000,-41.863998,-11.777000,78.480003,26.343000,34.129002,149.744003,-0.720000,4.320000,0.720000,-9.000000,-2.160000,4.320000,4.670000,-486.000000,-422.000000,270.000000,-4249.000000,-249.000000,168.000000,569.000000,22.000000,22.000000,22.000000,22.000000,21.000000,22.000000,22.000000,31.000000,31.000000,32.000000,32.000000,32.000000,32.000000,33.000000,1,1,1,1,1,1,1,0,0,0,0,0,0,0,74,5376.193848,717,0,1,0.694018,-0.031270,-0.324018,-3.114000,-0.399000,0.076000,1
3.516273,-0.100000,-41.798000,-11.766000,78.344002,26.309999,34.195000,149.807999,-2.510000,7.320000,1.320000,-15.120000,-1.920000,7.200000,6.600000,-845.000000,-535.000000,338.000000,-4867.000000,-314.000000,234.000000,551.000000,22.000000,22.000000,22.000000,22.000000,21.000000,22.000000,22.000000,31.000000,31.000000,32.000000,32.000000,32.000000,32.000000,33.000000,1,1,1,1,1,1,1,0,0,0,0,0,0,0,74,5376.194824,716,0,1,0.694364,-0.031211,-0.324027,-3.114000,-0.399000,0.076000,1
3.526319,-0.141000,-41.700001,-11.751000,78.142998,26.284000,34.292000,149.882996,-3.720000,9.840000,1.800000,-21.240000,-1.800000,10.920000,8.280000,-911.000000,-304.000000,312.000000,-5013.000000,-349.000000,155.000000,621.000000,22.000000,22.000000,22.000000,22.000000,21.000000,22.000000,22.000000,31.000000,31.000000,32.000000,32.000000,32.000000,32.000000,33.000000,1,1,1,1,1,1,1,0,0,0,0,0,0,0,74,5376.196777,717,0,1,0.694907,-0.031151,-0.324029,-3.115000,-0.399000,0.076000,1
3.536227,-0.200000,-41.573002,-11.733000,77.883003,26.233999,34.442001,149.990005,-5.760000,12.960000,2.510000,-28.799999,-1.920000,13.320000,10.070000,-837.000000,-70.000000,242.000000,-4843.000000,-383.000000,476.000000,761.000000,22.000000,22.000000,22.000000,22.000000,21.000000,22.000000,22.000000,31.000000,31.000000,32.000000,32.000000,32.000000,32.000000,33.000000,1,1,1,1,1,1,1,0,0,0,0,0,0,0,74,5376.196777,717,0,1,0.695439,-0.031118,-0.324064,-3.115000,-0.399000,0.077000,1
3.546198,-0.273000,-41.424000,-11.707000,77.563004,26.191999,34.547001,150.110992,-6.600000,15.240000,3.000000,-32.639999,-2.160000,15.240000,11.280000,-798.000000,-322.000000,133.000000,-4146.000000,-381.000000,368.000000,592.000000,22.000000,22.000000,22.000000,22.000000,21.000000,22.000000,22.000000,31.000000,31.000000,32.000000,32.000000,32.000000,32.000000,33.000000,1,1,1,1,1,1,1,0,0,0,0,0,0,0,74,5376.194824,717,0,1,0.696623,-0.031183,-0.323937,-3.116000,-0.399000,0.077000,1
3.556236,-0.347000,-41.265999,-11.689000,77.223999,26.159000,34.742001,150.261993,-7.320000,16.559999,3.240000,-35.279999,-2.040000,16.920000,11.160000,-1123.000000,-182.000000,161.000000,-4208.000000,-404.000000,438.000000,586.000000,22.000000,22.000000,22.000000,22.000000,21.000000,22.000000,22.000000,31.000000,31.000000,32.000000,32.000000,32.000000,32.000000,33.000000,1,1,1,1,1,1,1,0,0,0,0,0,0,0,74,5376.196777,717,0,1,0.697396,-0.031025,-0.323911,-3.116000,-0.399000,0.077000,1
3.566261,-0.453000,-41.054001,-11.644000,76.793999,26.136999,34.917999,150.412994,-8.400000,17.520000,3.240000,-37.430000,-2.160000,17.639999,10.200000,-657.000000,-611.000000,147.000000,-3768.000000,-430.000000,477.000000,500.000000,22.000000,22.000000,22.000000,22.000000,21.000000,22.000000,22.000000,31.000000,31.000000,32.000000,32.000000,32.000000,32.000000,33.000000,1,1,1,1,1,1,1,0,0,0,0,0,0,0,74,5376.196777,718,0,1,0.698769,-0.030831,-0.323859,-3.116000,-0.400000,0.077000,1
3.576298,-0.490000,-40.977001,-11.631000,76.632004,26.132000,35.028000,150.501999,-7.320000,17.280001,2.880000,-35.160000,-2.400000,17.280001,14.400000,-530.000000,-524.000000,286.000000,-3234.000000,-417.000000,302.000000,557.000000,22.000000,22.000000,22.000000,22.000000,21.000000,22.000000,22.000000,31.000000,31.000000,32.000000,32.000000,32.000000,32.000000,33.000000,1,1,1,1,1,1,1,0,0,0,0,0,0,0,74,5376.196777,717,0,1,0.699039,-0.030622,-0.323881,-3.116000,-0.399000,0.076000,1
3.586365,-0.569000,-40.810001,-11.600000,76.250999,26.128000,35.217999,150.654007,-7.560000,17.760000,3.120000,-34.430000,-2.510000,17.520000,15.120000,-1037.000000,-457.000000,280.000000,-3212.000000,-456.000000,315.000000,581.000000,22.000000,22.000000,22.000000,22.000000,21.000000,22.000000,22.000000,31.000000,31.000000,32.000000,32.000000,32.000000,32.000000,33.000000,1,1,1,1,1,1,1,0,0,0,0,0,0,0,74,5376.193848,718,0,1,0.700172,-0.030272,-0.323726,-3.115000,-0.400000,0.076000,1
3.596424,-0.667000,-40.608002,-11.552000,75.867996,26.121000,35.407001,150.804993,-7.070000,17.040001,2.880000,-35.639999,-2.510000,18.000000,16.559999,-773.000000,-542.000000,439.000000,-3191.000000,-469.000000,478.000000,553.000000,22.000000,22.000000,22.000000,22.000000,21.000000,22.000000,22.000000,31.000000,31.000000,32.000000,32.000000,32.000000,32.000000,33.000000,1,1,1,1,1,1,1,0,0,0,0,0,0,0,74,5376.194824,718,0,1,0.701128,-0.029880,-0.323836,-3.115000,-0.400000,0.076000,1
3.606498,-0.734000,-40.451000,-11.510000,75.461998,26.099001,35.608002,150.960999,-7.560000,17.639999,3.240000,-36.240002,-2.640000,18.000000,13.920000,-1047.000000,-431.000000,276.000000,-3207.000000,-506.000000,349.000000,644.000000,22.000000,22.000000,22.000000,22.000000,21.000000,22.000000,22.000000,31.000000,31.000000,32.000000,32.000000,32.000000,32.000000,33.000000,1,1,1,1,1,1,1,0,0,0,0,0,0,0,74,5376.198242,716,0,1,0.702443,-0.029414,-0.323510,-3.115000,-0.401000,0.076000,1
3.616399,-0.797000,-40.306000,-11.472000,75.165001,26.091000,35.713001,151.044998,-8.400000,16.920000,3.360000,-37.310001,-2.510000,17.280001,13.200000,-781.000000,-505.000000,178.000000,-3101.000000,-545.000000,351.000000,646.000000,22.000000,22.000000,22.000000,22.000000,21.000000,22.000000,22.000000,31.000000,31.000000,32.000000,32.000000,32.000000,32.000000,33.000000,1,1,1,1,1,1,1,0,0,0,0,0,0,0,74,5376.199219,718,0,1,0.703480,-0.029183,-0.323458,-3.115000,-0.401000,0.076000,1
3.626234,-0.888000,-40.126999,-11.436000,74.804001,26.066999,35.928001,151.214996,-7.560000,18.120001,3.480000,-35.279999,-2.640000,17.639999,17.400000,-808.000000,-640.000000,141.000000,-3285.000000,-623.000000,368.000000,575.000000,22.000000,22.000000,22.000000,22.000000,21.000000,22.000000,22.000000,31.000000,31.000000,32.000000,32.000000,32.000000,32.000000,33.000000,1,1,1,1,1,1,1,0,0,0,0,0,0,0,74,5376.198242,718,0,1,0.704189,-0.028841,-0.323529,-3.115000,-0.401000,0.076000,1
3.636390,-0.962000,-39.902000,-11.394000,74.373001,26.025999,36.160000,151.386002,-8.280000,18.840000,3.240000,-36.000000,-3.600000,17.879999,12.240000,-828.000000,-464.000000,-1.000000,-3317.000000,-452.000000,357.000000,623.000000,22.000000,22.000000,22.000000,22.000000,21.000000,22.000000,22.000000,31.000000,31.000000,32.000000,32.000000,32.000000,32.000000,33.000000,1,1,1,1,1,1,1,0,0,0,0,0,0,0,74,5376.193848,716,0,1,0.705088,-0.028397,-0.323701,-3.114000,-0.400000,0.076000,1
3.646360,-1.064000,-39.674000,-11.354000,73.934998,25.979000,36.355000,151.531998,-6.960000,18.480000,3.000000,-36.240002,-3.960000,18.240000,13.320000,-705.000000,-529.000000,-3.000000,-3832.000000,-369.000000,347.000000,586.000000,22.000000,22.000000,22.000000,22.000000,21.000000,22.000000,22.000000,31.000000,31.000000,32.000000,32.000000,32.000000,32.000000,33.000000,1,1,1,1,1,1,1,0,0,0,0,0,0,0,74,5376.192871,719,0,1,0.706238,-0.028284,-0.323799,-3.115000,-0.400000,0.076000,1
3.656562,-1.130000,-39.507999,-11.326000,73.630997,25.924999,36.563000,151.681000,-8.400000,17.639999,2.880000,-36.119999,-3.840000,17.879999,15.840000,-528.000000,-680.000000,46.000000,-3853.000000,-320.000000,216.000000,549.000000,22.000000,22.000000,22.000000,22.000000,21.000000,22.000000,22.000000,31.000000,31.000000,32.000000,32.000000,32.000000,32.000000,33.000000,1,1,1,1,1,1,1,0,0,0,0,0,0,0,74,5376.188965,716,0,1,0.706504,-0.028039,-0.324059,-3.115000,-0.399000,0.076000,1
3.666365,-1.208000,-39.320999,-11.299000,73.228996,25.871000,36.756001,151.832993,-6.960000,18.120001,3.120000,-35.400002,-3.480000,18.959999,15.840000,-533.000000,-481.000000,-39.000000,-3999.000000,-282.000000,395.000000,619.000000,22.000000,22.000000,22.000000,22.000000,21.000000,22.000000,22.000000,31.000000,31.000000,32.000000,32.000000,32.000000,32.000000,33.000000,1,1,1,1,1,1,1,0,0,0,0,0,0,0,74,5376.187012,718,0,1,0.707578,-0.027928,-0.323996,-3.115000,-0.399000,0.077000,1
3.676375,-1.251000,-39.207001,-11.280000,73.001999,25.851999,36.839001,151.903000,-7.440000,17.280001,2.880000,-36.720001,-3.480000,18.959999,15.000000,-878.000000,-832.000000,-60.000000,-3563.000000,-341.000000,290.000000,504.000000,22.000000,22.000000,22.000000,22.000000,21.000000,22.000000,22.000000,31.000000,31.000000,32.000000,32.000000,32.000000,32.000000,33.000000,1,1,1,1,1,1,1,0,0,0,0,0,0,0,74,5376.187012,717,0,1,0.708296,-0.027856,-0.323994,-3.115000,-0.399000,0.077000,1
3.686371,-1.334000,-39.023998,-11.247000,72.592003,25.816999,37.050999,152.063995,-6.960000,17.400000,2.880000,-36.240002,-3.360000,18.240000,11.280000,-466.000000,-687.000000,-10.000000,-3583.000000,-390.000000,272.000000,566.000000,22.000000,22.000000,22.000000,22.000000,21.000000,22.000000,22.000000,31.000000,31.000000,32.000000,32.000000,32.000000,32.000000,33.000000,1,1,1,1,1,1,1,0,0,0,0,0,0,0,74,5376.188965,718,0,1,0.709364,-0.027580,-0.323882,-3.115000,-0.400000,0.077000,1
3.696313,-1.409000,-38.840000,-11.215000,72.192001,25.785999,37.275002,152.222000,-7.200000,18.480000,2.880000,-37.680000,-2.880000,18.360001,13.560000,-715.000000,-465.000000,-240.000000,-3551.000000,-445.000000,306.000000,721.000000,22.000000,22.000000,22.000000,22.000000,21.000000,22.000000,22.000000,31.000000,31.000000,32.000000,32.000000,32.000000,32.000000,33.000000,1,1,1,1,1,1,1,0,0,0,0,0,0,0,74,5376.192871,717,0,1,0.710255,-0.027219,-0.323854,-3.115000,-0.399000,0.077000,1
3.706279,-1.492000,-38.632999,-11.179000,71.722000,25.763000,37.451000,152.410995,-6.720000,18.000000,2.880000,-37.080002,-3.000000,18.709999,15.710000,-482.000000,-275.000000,2.000000,-3153.000000,-548.000000,410.000000,627.000000,22.000000,22.000000,22.000000,22.000000,21.000000,22.000000,22.000000,31.000000,31.000000,32.000000,32.000000,32.000000,32.000000,33.000000,1,1,1,1,1,1,1,0,0,0,0,0,0,0,74,5376.193848,718,0,1,0.711885,-0.026950,-0.323614,-3.115000,-0.401000,0.077000,1
3.716373,-1.564000,-38.460999,-11.155000,71.335999,25.728001,37.673000,152.589005,-6.960000,18.240000,2.640000,-38.639999,-2.880000,18.959999,14.150000,-452.000000,-399.000000,-56.000000,-3061.000000,-603.000000,503.000000,671.000000,22.000000,22.000000,22.000000,22.000000,21.000000,22.000000,22.000000,31.000000,31.000000,32.000000,32.000000,32.000000,32.000000,33.000000,1,1,1,1,1,1,1,0,0,0,0,0,0,0,74,5376.194824,717,0,1,0.712718,-0.026631,-0.323548,-3.115000,-0.400000,0.076000,1
3.726287,-1.654000,-38.222000,-11.130000,70.942001,25.687000,37.870998,152.751999,-6.840000,18.709999,2.400000,-38.160000,-3.240000,19.200001,16.320000,-576.000000,-444.000000,171.000000,-2826.000000,-606.000000,491.000000,690.000000,22.000000,22.000000,22.000000,22.000000,21.000000,22.000000,22.000000,31.000000,31.000000,32.000000,32.000000,32.000000,32.000000,33.000000,1,1,1,1,1,1,1,0,0,0,0,0,0,0,74,5376.198242,716,0,1,0.713372,-0.026546,-0.323959,-3.115000,-0.399000,0.076000,1
3.736211,-1.720000,-38.056000,-11.111000,70.552002,25.643000,38.089001,152.923996,-6.480000,17.879999,2.510000,-36.599998,-3.480000,19.320000,16.200001,-386.000000,-484.000000,321.000000,-3067.000000,-571.000000,730.000000,646.000000,22.000000,22.000000,22.000000,22.000000,21.000000,22.000000,22.000000,31.000000,31.000000,32.000000,32.000000,32.000000,32.000000,33.000000,1,1,1,1,1,1,1,0,0,0,0,0,0,0,74,5376.194824,716,0,1,0.714270,-0.026309,-0.323830,-3.115000,-0.399000,0.076000,1
3.746188,-1.767000,-37.935001,-11.096000,70.308998,25.620001,38.173000,152.985001,-6.480000,18.480000,2.640000,-37.200001,-3.960000,19.559999,16.080000,-567.000000,-472.000000,373.000000,-3785.000000,-531.000000,370.000000,628.000000,22.000000,22.000000,22.000000,22.000000,21.000000,22.000000,22.000000,31.000000,31.000000,32.000000,32.000000,32.000000,32.000000,33.000000,1,1,1,1,1,1,1,0,0,0,0,0,0,0,74,5376.188965,717,0,1,0.715057,-0.026325,-0.323811,-3.116000,-0.400000,0.076000,1
3.756190,-1.840000,-37.743000,-11.071000,69.911003,25.573999,38.389000,153.149994,-6.960000,17.639999,2.640000,-38.520000,-4.200000,19.799999,12.480000,-623.000000,-812.000000,412.000000,-4099.000000,-436.000000,240.000000,723.000000,22.000000,22.000000,22.000000,22.000000,21.000000,22.000000,22.000000,31.000000,31.000000,32.000000,32.000000,32.000000,32.000000,33.000000,1,1,1,1,1,1,1,0,0,0,0,0,0,0,74,5376.187012,717,0,1,0.715881,-0.026101,-0.323858,-3.116000,-0.400000,0.076000,1
3.766234,-1.918000,-37.550999,-11.038000,69.491997,25.507999,38.629002,153.315994,-6.960000,18.709999,2.760000,-37.430000,-5.030000,19.440001,13.680000,-549.000000,-645.000000,358.000000,-4058.000000,-237.000000,327.000000,733.000000,22.000000,22.000000,22.000000,22.000000,21.000000,22.000000,22.000000,31.000000,31.000000,32.000000,32.000000,32.000000,32.000000,33.000000,1,1,1,1,1,1,1,0,0,0,0,0,0,0,74,5376.185059,716,0,1,0.716693,-0.025863,-0.323858,-3.116000,-0.399000,0.077000,1
3.776193,-1.988000,-37.352001,-11.006000,69.060997,25.462000,38.805000,153.490997,-6.840000,18.120001,2.510000,-38.880001,-5.160000,20.879999,17.400000,-855.000000,-672.000000,241.000000,-4043.000000,-219.000000,253.000000,728.000000,22.000000,22.000000,22.000000,22.000000,21.000000,22.000000,22.000000,31.000000,31.000000,32.000000,32.000000,32.000000,32.000000,33.000000,1,1,1,1,1,1,1,0,0,0,0,0,0,0,74,5376.187012,719,0,1,0.717975,-0.025662,-0.323755,-3.116000,-0.400000,0.077000,1
3.786145,-2.065000,-37.161999,-10.973000,68.650002,25.408001,39.040001,153.645996,-6.240000,18.360001,2.640000,-40.799999,-4.080000,19.080000,13.560000,-501.000000,-674.000000,209.000000,-4359.000000,-295.000000,394.000000,699.000000,22.000000,22.000000,22.000000,22.000000,21.000000,22.000000,22.000000,31.000000,31.000000,32.000000,32.000000,32.000000,32.000000,33.000000,1,1,1,1,1,1,1,0,0,0,0,0,0,0,74,5376.187012,718,0,1,0.718771,-0.025384,-0.323761,-3.116000,-0.399000,0.077000,1
3.796267,-2.135000,-36.963001,-10.941000,68.222000,25.377001,39.195000,153.807999,-5.520000,17.760000,2.510000,-40.680000,-3.720000,18.959999,15.360000,-983.000000,-619.000000,202.000000,-3661.000000,-386.000000,289.000000,688.000000,22.000000,22.000000,22.000000,22.000000,21.000000,22.000000,22.000000,31.000000,31.000000,32.000000,32.000000,32.000000,32.000000,33.000000,1,1,1,1,1,1,1,0,0,0,0,0,0,0,74,5376.188965,717,0,1,0.720166,-0.025161,-0.323635,-3.116000,-0.400000,0.077000,1
3.806132,-2.165000,-36.889999,-10.927000,68.038002,25.355000,39.316002,153.906998,-6.600000,18.840000,2.510000,-39.000000,-3.720000,19.680000,16.920000,-940.000000,-308.000000,128.000000,-3170.000000,-427.000000,421.000000,618.000000,22.000000,22.000000,22.000000,22.000000,21.000000,22.000000,22.000000,31.000000,31.000000,32.000000,32.000000,32.000000,32.000000,33.000000,1,1,1,1,1,1,1,0,0,0,0,0,0,0,74,5376.194824,719,0,1,0.720488,-0.024944,-0.323562,-3.116000,-0.400000,0.076000,1
3.816105,-2.237000,-36.671001,-10.895000,67.598000,25.322001,39.513000,154.057007,-6.600000,19.080000,2.510000,-38.639999,-3.360000,18.840000,12.960000,-708.000000,-376.000000,21.000000,-2829.000000,-495.000000,417.000000,618.000000,22.000000,22.000000,22.000000,22.000000,21.000000,22.000000,22.000000,31.000000,31.000000,32.000000,32.000000,32.000000,32.000000,33.000000,1,1,1,1,1,1,1,0,0,0,0,0,0,0,74,5376.199219,718,0,1,0.721589,-0.024661,-0.323622,-3.116000,-0.400000,0.077000,1
3.826167,-2.311000,-36.449001,-10.868000,67.174004,25.271000,39.724998,154.223007,-6.120000,18.120001,2.510000,-41.880001,-4.200000,19.080000,16.559999,-700.000000,-633.000000,15.000000,-2985.000000,-504.000000,471.000000,642.000000,22.000000,22.000000,22.000000,22.000000,21.000000,22.000000,22.000000,31.000000,31.000000,32.000000,32.000000,32.000000,32.000000,33.000000,1,1,1,1,1,1,1,0,0,0,0,0,0,0,74,5376.200195,719,0,1,0.722437,-0.024467,-0.323794,-3.116000,-0.400000,0.077000,1
3.836127,-2.388000,-36.187000,-10.840000,66.738998,25.224001,39.946999,154.391998,-6.240000,18.360001,2.640000,-38.279999,-3.600000,20.639999,15.480000,-951.000000,-648.000000,-29.000000,-3138.000000,-475.000000,462.000000,716.000000,22.000000,22.000000,22.000000,22.000000,21.000000,22.000000,22.000000,31.000000,31.000000,32.000000,32.000000,32.000000,32.000000,33.000000,1,1,1,1,1,1,1,0,0,0,0,0,0,0,74,5376.199219,717,0,1,0.723074,-0.024255,-0.324277,-3.116000,-0.399000,0.077000,1
3.846079,-2.447000,-35.987999,-10.805000,66.244003,25.179001,40.221001,154.582993,-6.480000,19.200001,2.640000,-40.430000,-4.080000,19.799999,17.879999,-787.000000,-710.000000,-251.000000,-3942.000000,-450.000000,252.000000,619.000000,22.000000,22.000000,22.000000,22.000000,21.000000,22.000000,22.000000,31.000000,31.000000,32.000000,32.000000,32.000000,32.000000,33.000000,1,1,1,1,1,1,1,0,0,0,0,0,0,0,74,5376.193848,718,0,1,0.724233,-0.023694,-0.324038,-3.115000,-0.399000,0.076000,1
3.856090,-2.480000,-35.869999,-10.785000,66.027000,25.153999,40.351002,154.643997,-5.640000,19.080000,2.400000,-38.880001,-4.320000,20.150000,16.920000,-947.000000,-700.000000,-225.000000,-4088.000000,-464.000000,394.000000,624.000000,22.000000,22.000000,22.000000,22.000000,21.000000,22.000000,22.000000,31.000000,31.000000,32.000000,32.000000,32.000000,32.000000,33.000000,1,1,1,1,1,1,1,0,0,0,0,0,0,0,74,5376.187988,718,0,1,0.724499,-0.023484,-0.324209,-3.115000,-0.398000,0.077000,1
3.866203,-2.553000,-35.632000,-10.758000,65.612999,25.108999,40.573002,154.841995,-6.240000,19.799999,2.510000,-39.240002,-4.920000,20.639999,14.280000,-974.000000,-810.000000,-382.000000,-4271.000000,-240.000000,71.000000,771.000000,22.000000,22.000000,22.000000,22.000000,21.000000,22.000000,22.000000,31.000000,31.000000,32.000000,32.000000,32.000000,32.000000,33.000000,1,1,1,1,1,1,1,0,0,0,0,0,0,0,74,5376.184082,718,0,1,0.725083,-0.023212,-0.324590,-3.115000,-0.397000,0.076000,1
3.876143,-2.617000,-35.460999,-10.732000,65.136002,25.065001,40.770000,155.003006,-6.350000,18.959999,2.160000,-41.279999,-5.280000,20.040001,14.400000,-610.000000,-641.000000,-153.000000,-4596.000000,-105.000000,385.000000,594.000000,22.000000,22.000000,22.000000,22.000000,21.000000,22.000000,22.000000,31.000000,31.000000,32.000000,32.000000,32.000000,32.000000,33.000000,1,1,1,1,1,1,1,0,0,0,0,0,0,0,74,5376.187012,729,0,1,0.726707,-0.022969,-0.324082,-3.115000,-0.399000,0.077000,1
3.886193,-2.690000,-35.242001,-10.706000,64.657997,24.990999,41.050999,155.216003,-5.280000,19.920000,1.680000,-41.759998,-4.560000,20.639999,17.150000,-722.000000,-573.000000,25.000000,-4274.000000,-189.000000,217.000000,604.000000,22.000000,22.000000,22.000000,22.000000,21.000000,22.000000,22.000000,31.000000,31.000000,32.000000,32.000000,32.000000,32.000000,33.000000,1,1,1,1,1,1,1,0,0,0,0,0,0,0,74,5376.185059,747,0,1,0.727497,-0.022687,-0.324104,-3.115000,-0.398000,0.076000,1
3.896334,-2.726000,-35.131001,-10.693000,64.377998,24.966999,41.165001,155.279007,-5.880000,18.480000,1.800000,-42.959999,-4.320000,19.559999,16.200001,-877.000000,-596.000000,114.000000,-3998.000000,-325.000000,500.000000,641.000000,22.000000,22.000000,22.000000,22.000000,21.000000,22.000000,22.000000,31.000000,31.000000,32.000000,32.000000,32.000000,32.000000,33.000000,1,1,1,1,1,1,1,0,0,0,0,0,0,0,74,5376.196777,735,0,1,0.728401,-0.022583,-0.323889,-3.116000,-0.399000,0.077000,1
3.906243,-2.800000,-34.903000,-10.673000,63.946999,24.923000,41.368999,155.485001,-5.280000,19.920000,1.920000,-41.160000,-4.200000,20.040001,15.120000,-588.000000,-263.000000,215.000000,-2761.000000,-357.000000,479.000000,681.000000,22.000000,22.000000,22.000000,22.000000,21.000000,22.000000,22.000000,31.000000,31.000000,32.000000,32.000000,32.000000,32.000000,33.000000,1,1,1,1,1,1,1,0,0,0,0,0,0,0,74,5376.200195,734,0,1,0.729265,-0.022412,-0.324082,-3.116000,-0.399000,0.076000,1
3.916154,-2.864000,-34.703999,-10.655000,63.418999,24.881001,41.553001,155.639008,-5.160000,19.080000,1.800000,-43.080002,-4.800000,19.440001,17.040001,-645.000000,-165.000000,390.000000,-2900.000000,-429.000000,440.000000,647.000000,22.000000,22.000000,22.000000,22.000000,21.000000,22.000000,22.000000,31.000000,31.000000,32.000000,32.000000,32.000000,32.000000,33.000000,1,1,1,1,1,1,1,0,0,0,0,0,0,0,74,5376.206055,733,0,1,0.731192,-0.022275,-0.323539,-3.116000,-0.401000,0.077000,1
3.926222,-2.932000,-34.465000,-10.633000,62.994999,24.827000,41.792000,155.820999,-5.520000,19.680000,2.040000,-44.520000,-4.080000,21.480000,15.240000,-621.000000,-324.000000,405.000000,-3224.000000,-445.000000,544.000000,730.000000,22.000000,22.000000,22.000000,22.000000,21.000000,22.000000,21.000000,31.000000,31.000000,32.000000,32.000000,32.000000,32.000000,33.000000,1,1,1,1,1,1,1,0,0,0,0,0,0,0,74,5376.207031,734,0,1,0.731695,-0.022047,-0.323926,-3.116000,-0.400000,0.076000,1
3.936198,-2.982000,-34.280998,-10.612000,62.564999,24.774000,42.030998,155.990005,-5.030000,21.240000,2.160000,-41.279999,-4.670000,21.000000,17.280001,-452.000000,-490.000000,308.000000,-3328.000000,-411.000000,409.000000,554.000000,22.000000,22.000000,22.000000,22.000000,21.000000,22.000000,21.000000,31.000000,31.000000,32.000000,32.000000,32.000000,32.000000,33.000000,1,1,1,1,1,1,1,0,0,0,0,0,0,0,74,5376.204102,734,0,1,0.732550,-0.021728,-0.323823,-3.116000,-0.399000,0.076000,1
3.946201,-3.024000,-34.108002,-10.596000,62.227001,24.746000,42.160999,156.085999,-4.800000,20.150000,2.040000,-41.040001,-5.030000,21.959999,15.240000,-455.000000,-638.000000,349.000000,-3523.000000,-408.000000,564.000000,631.000000,22.000000,22.000000,22.000000,22.000000,21.000000,22.000000,21.000000,31.000000,31.000000,32.000000,32.000000,32.000000,32.000000,33.000000,1,1,1,1,1,1,1,0,0,0,0,0,0,0,74,5376.196777,733,0,1,0.733434,-0.021586,-0.323890,-3.116000,-0.400000,0.077000,1
3.956147,-3.080000,-33.866001,-10.578000,61.794998,24.693001,42.424999,156.274002,-4.800000,21.240000,1.920000,-42.959999,-5.400000,21.840000,15.120000,-760.000000,-663.000000,312.000000,-4273.000000,-290.000000,269.000000,564.000000,22.000000,22.000000,22.000000,22.000000,21.000000,22.000000,21.000000,31.000000,31.000000,32.000000,32.000000,32.000000,32.000000,33.000000,1,1,1,1,1,1,1,0,0,0,0,0,0,0,74,5376.187012,733,0,1,0.733815,-0.021279,-0.324307,-3.116000,-0.398000,0.076000,1
3.966191,-3.131000,-33.671001,-10.552000,61.278000,24.618999,42.701000,156.460007,-5.160000,19.799999,1.920000,-41.880001,-5.520000,22.200001,18.600000,-664.000000,-579.000000,216.000000,-4503.000000,-164.000000,144.000000,676.000000,22.000000,22.000000,22.000000,22.000000,21.000000,22.000000,21.000000,31.000000,31.000000,32.000000,32.000000,32.000000,32.000000,33.000000,1,1,1,1,1,1,1,0,0,0,0,0,0,0,74,5376.187012,734,0,1,0.735023,-0.020907,-0.323954,-3.116000,-0.399000,0.077000,1
3.976169,-3.202000,-33.430000,-10.530000,60.758999,24.554001,42.938000,156.626007,-4.320000,20.520000,1.920000,-43.080002,-5.400000,20.760000,16.080000,-742.000000,-829.000000,249.000000,-4338.000000,-178.000000,26.000000,799.000000,22.000000,22.000000,22.000000,22.000000,21.000000,22.000000,21.000000,31.000000,31.000000,32.000000,32.000000,32.000000,32.000000,33.000000,1,1,1,1,1,1,1,0,0,0,0,0,0,0,74,5376.185059,734,0,1,0.736230,-0.020768,-0.323917,-3.116000,-0.399000,0.077000,1
3.986188,-3.234000,-33.306999,-10.519000,60.492001,24.518000,43.060001,156.729004,-5.400000,20.040001,1.800000,-43.919998,-5.400000,21.600000,18.120001,-815.000000,-635.000000,245.000000,-4375.000000,-176.000000,414.000000,737.000000,22.000000,22.000000,22.000000,22.000000,21.000000,22.000000,21.000000,31.000000,31.000000,32.000000,32.000000,32.000000,32.000000,33.000000,1,1,1,1,1,1,1,0,0,0,0,0,0,0,74,5376.187988,735,0,1,0.736858,-0.020666,-0.323880,-3.116000,-0.399000,0.077000,1
3.996261,-3.298000,-33.073002,-10.500000,59.939999,24.450001,43.346001,156.923004,-5.520000,20.639999,1.800000,-45.360001,-5.160000,20.879999,17.280001,-671.000000,-562.000000,261.000000,-3895.000000,-211.000000,249.000000,804.000000,22.000000,22.000000,22.000000,22.000000,21.000000,22.000000,21.000000,31.000000,31.000000,32.000000,32.000000,32.000000,32.000000,33.000000,1,1,1,1,1,1,1,0,0,0,0,0,0,0,74,5376.193848,734,0,1,0.738045,-0.020397,-0.323704,-3.117000,-0.399000,0.078000,1
4.006209,-3.359000,-32.813999,-10.476000,59.387001,24.414000,43.551998,157.115997,-4.800000,19.680000,1.560000,-45.720001,-4.560000,20.879999,16.680000,-406.000000,-523.000000,244.000000,-2729.000000,-417.000000,614.000000,665.000000,22.000000,22.000000,22.000000,22.000000,21.000000,22.000000,21.000000,31.000000,31.000000,32.000000,32.000000,32.000000,32.000000,33.000000,1,1,1,1,1,1,1,0,0,0,0,0,0,0,74,5376.198242,735,0,1,0.739622,-0.020079,-0.323597,-3.117000,-0.400000,0.077000,1
4.016176,-3.407000,-32.591000,-10.457000,58.903999,24.370001,43.784000,157.304001,-4.320000,19.920000,1.680000,-45.360001,-4.320000,22.200001,17.639999,-548.000000,-483.000000,129.000000,-2891.000000,-503.000000,546.000000,720.000000,22.000000,22.000000,22.000000,22.000000,21.000000,22.000000,21.000000,31.000000,31.000000,32.000000,32.000000,32.000000,32.000000,33.000000,1,1,1,1,1,1,1,0,0,0,0,0,0,0,74,5376.204102,734,0,1,0.740667,-0.019722,-0.323573,-3.116000,-0.401000,0.077000,1
4.026149,-3.423000,-32.487000,-10.449000,58.701000,24.343000,43.924000,157.416000,-3.960000,21.480000,1.680000,-44.880001,-5.030000,21.600000,16.200001,-850.000000,-271.000000,66.000000,-2785.000000,-511.000000,636.000000,802.000000,22.000000,22.000000,22.000000,22.000000,21.000000,22.000000,22.000000,31.000000,31.000000,32.000000,32.000000,32.000000,32.000000,33.000000,1,1,1,1,1,1,1,0,0,0,0,0,0,0,74,5376.200195,735,0,1,0.740773,-0.019480,-0.323714,-3.116000,-0.400000,0.076000,1
4.036129,-3.473000,-32.252998,-10.424000,58.216999,24.292000,44.169998,157.589996,-4.440000,21.240000,1.800000,-44.520000,-5.030000,22.920000,18.360001,-436.000000,-566.000000,-215.000000,-3412.000000,-472.000000,447.000000,804.000000,22.000000,22.000000,22.000000,22.000000,21.000000,22.000000,22.000000,31.000000,31.000000,32.000000,32.000000,32.000000,32.000000,33.000000,1,1,1,1,1,1,1,0,0,0,0,0,0,0,74,5376.194824,734,0,1,0.741651,-0.019105,-0.323816,-3.115000,-0.399000,0.076000,1
4.046090,-3.533000,-31.976999,-10.398000,57.641998,24.230000,44.415001,157.772995,-3.840000,21.000000,1.560000,-45.240002,-5.640000,23.520000,15.840000,-411.000000,-834.000000,-350.000000,-4139.000000,-280.000000,593.000000,781.000000,22.000000,22.000000,22.000000,22.000000,21.000000,22.000000,22.000000,31.000000,31.000000,32.000000,32.000000,32.000000,32.000000,33.000000,1,1,1,1,1,1,1,0,0,0,0,0,0,0,74,5376.192871,734,0,1,0.743007,-0.018827,-0.323830,-3.116000,-0.400000,0.077000,1
4.056181,-3.591000,-31.771999,-10.382000,57.182999,24.146000,44.702000,157.966003,-4.080000,21.120001,1.680000,-47.759998,-5.400000,24.240000,18.120001,-586.000000,-761.000000,-481.000000,-4471.000000,-300.000000,331.000000,770.000000,22.000000,22.000000,22.000000,22.000000,21.000000,22.000000,22.000000,31.000000,31.000000,32.000000,32.000000,32.000000,32.000000,33.000000,1,1,1,1,1,1,1,0,0,0,0,0,0,0,74,5376.187988,734,0,1,0.743543,-0.018640,-0.323864,-3.116000,-0.399000,0.077000,1
4.066124,-3.626000,-31.539000,-10.367000,56.714001,24.075001,44.949001,158.153000,-4.440000,21.240000,1.320000,-47.639999,-5.400000,23.520000,17.760000,-757.000000,-928.000000,-523.000000,-4390.000000,-221.000000,312.000000,806.000000,22.000000,22.000000,22.000000,22.000000,21.000000,22.000000,22.000000,31.000000,31.000000,32.000000,32.000000,32.000000,32.000000,33.000000,1,1,1,1,1,1,1,0,0,0,0,0,0,0,74,5376.185059,754,0,1,0.744258,-0.018379,-0.324037,-3.116000,-0.398000,0.077000,1
4.076135,-3.657000,-31.403000,-10.358000,56.438000,24.051001,45.049999,158.218994,-4.200000,22.559999,1.080000,-47.880001,-5.520000,23.520000,17.280001,-459.000000,-539.000000,-487.000000,-4749.000000,-322.000000,134.000000,809.000000,22.000000,22.000000,22.000000,22.000000,21.000000,22.000000,22.000000,31.000000,31.000000,32.000000,32.000000,32.000000,32.000000,33.000000,1,1,1,1,1,1,1,0,0,0,0,0,0,0,74,5376.187988,745,0,1,0.744984,-0.018315,-0.324046,-3.116000,-0.399000,0.077000,1
4.086113,-3.706000,-31.165001,-10.340000,55.903000,23.976000,45.351002,158.404007,-3.960000,21.600000,0.840000,-48.599998,-5.400000,23.520000,15.480000,-293.000000,-591.000000,-398.000000,-4043.000000,-384.000000,465.000000,691.000000,22.000000,22.000000,22.000000,22.000000,21.000000,22.000000,22.000000,31.000000,31.000000,32.000000,32.000000,32.000000,32.000000,33.000000,1,1,1,1,1,1,1,0,0,0,0,0,0,0,74,5376.194824,747,0,1,0.745830,-0.018007,-0.324025,-3.116000,-0.398000,0.077000,1
4.096224,-3.754000,-30.900000,-10.328000,55.299000,23.914000,45.604000,158.608994,-3.600000,21.959999,0.720000,-49.080002,-5.030000,23.040001,18.000000,-480.000000,-672.000000,-237.000000,-3360.000000,-452.000000,537.000000,716.000000,22.000000,22.000000,22.000000,22.000000,21.000000,22.000000,22.000000,31.000000,31.000000,32.000000,32.000000,32.000000,32.000000,33.000000,1,1,1,1,1,1,1,0,0,0,0,0,0,0,74,5376.200195,745,0,1,0.747370,-0.017740,-0.323820,-3.116000,-0.399000,0.077000,1
4.106110,-3.797000,-30.646999,-10.317000,54.706001,23.870001,45.835999,158.804993,-4.080000,22.799999,0.720000,-50.279999,-4.800000,23.040001,17.280001,-593.000000,-576.000000,-197.000000,-3767.000000,-495.000000,523.000000,588.000000,22.000000,22.000000,22.000000,22.000000,21.000000,22.000000,22.000000,31.000000,31.000000,32.000000,32.000000,32.000000,32.000000,33.000000,1,1,1,1,1,1,1,0,0,0,0,0,0,0,74,5376.202148,745,0,1,0.749032,-0.017404,-0.323519,-3.116000,-0.401000,0.077000,1
4.116089,-3.820000,-30.511000,-10.310000,54.435001,23.839001,45.986000,158.912994,-3.480000,22.320000,0.720000,-49.320000,-5.640000,24.480000,17.280001,-552.000000,-420.000000,-195.000000,-3081.000000,-502.000000,383.000000,801.000000,22.000000,22.000000,22.000000,22.000000,21.000000,22.000000,22.000000,31.000000,31.000000,32.000000,32.000000,32.000000,32.000000,33.000000,1,1,1,1,1,1,1,0,0,0,0,0,0,0,74,5376.204102,746,0,1,0.749378,-0.017228,-0.323641,-3.116000,-0.400000,0.077000,1
4.126111,-3.867000,-30.228001,-10.299000,53.945999,23.773001,46.265999,159.128006,-3.480000,23.400000,0.720000,-50.040001,-6.480000,24.840000,17.400000,-394.000000,-484.000000,-197.000000,-3937.000000,-369.000000,555.000000,756.000000,22.000000,22.000000,22.000000,22.000000,21.000000,22.000000,21.000000,31.000000,31.000000,32.000000,32.000000,32.000000,32.000000,33.000000,1,1,1,1,1,1,1,0,0,0,0,0,0,0,74,5376.202148,747,0,1,0.749710,-0.016981,-0.324211,-3.116000,-0.399000,0.076000,1
4.136097,-3.897000,-30.035000,-10.294000,53.426998,23.690001,46.549999,159.307007,-3.600000,23.160000,0.720000,-49.680000,-6.840000,25.200001,17.040001,-562.000000,-408.000000,-158.000000,-3799.000000,-254.000000,391.000000,620.000000,22.000000,22.000000,22.000000,22.000000,21.000000,22.000000,21.000000,31.000000,31.000000,32.000000,32.000000,32.000000,32.000000,33.000000,1,1,1,1,1,1,1,0,0,0,0,0,0,0,74,5376.193848,746,0,1,0.750735,-0.016744,-0.323856,-3.116000,-0.399000,0.077000,1
4.146042,-3.941000,-29.753000,-10.290000,52.823002,23.617001,46.792000,159.483994,-2.880000,22.920000,0.360000,-48.959999,-5.880000,25.430000,15.600000,-780.000000,-735.000000,-149.000000,-3841.000000,-349.000000,173.000000,734.000000,21.000000,22.000000,22.000000,22.000000,21.000000,22.000000,21.000000,31.000000,31.000000,32.000000,32.000000,32.000000,32.000000,33.000000,1,1,1,1,1,1,1,0,0,0,0,0,0,0,74,5376.192871,741,0,1,0.752188,-0.016646,-0.323788,-3.117000,-0.400000,0.077000,1
4.156047,-3.975000,-29.528999,-10.283000,52.333000,23.552000,47.095001,159.677002,-2.880000,22.320000,0.360000,-46.680000,-6.000000,23.520000,14.760000,-478.000000,-1001.000000,-63.000000,-3723.000000,-393.000000,451.000000,591.000000,21.000000,22.000000,22.000000,22.000000,21.000000,22.000000,21.000000,31.000000,31.000000,32.000000,32.000000,32.000000,32.000000,33.000000,1,1,1,1,1,1,1,0,0,0,0,0,0,0,74,5376.192871,744,0,1,0.752694,-0.016317,-0.323869,-3.116000,-0.399000,0.077000,1
4.166142,-4.000000,-29.299000,-10.277000,51.852001,23.497999,47.314999,159.854996,-2.160000,20.280001,0.120000,-43.799999,-5.160000,22.200001,15.960000,-533.000000,-1344.000000,-47.000000,-3017.000000,-458.000000,339.000000,535.000000,21.000000,22.000000,22.000000,22.000000,21.000000,22.000000,21.000000,31.000000,31.000000,32.000000,32.000000,32.000000,32.000000,33.000000,1,1,1,1,1,1,1,0,0,0,0,0,0,0,74,5376.192871,746,0,1,0.753620,-0.016060,-0.323924,-3.116000,-0.399000,0.077000,1
4.176110,-4.018000,-29.093000,-10.273000,51.435001,23.440001,47.514999,159.973999,-1.200000,17.280001,0.120000,-36.119999,-4.800000,16.920000,14.150000,-268.000000,-1158.000000,-8.000000,-2397.000000,-468.000000,397.000000,496.000000,21.000000,22.000000,22.000000,22.000000,21.000000,22.000000,21.000000,31.000000,31.000000,32.000000,32.000000,32.000000,32.000000,33.000000,1,1,1,1,1,1,1,0,0,0,0,0,0,0,74,5376.194824,745,0,1,0.754319,-0.015901,-0.324043,-3.116000,-0.399000,0.077000,1
4.186064,-4.027000,-28.995001,-10.269000,51.221001,23.421000,47.583000,160.059006,-0.600000,13.920000,0.240000,-31.080000,-4.670000,15.600000,11.640000,-223.000000,-1305.000000,31.000000,-2348.000000,-519.000000,378.000000,321.000000,21.000000,22.000000,22.000000,22.000000,21.000000,22.000000,21.000000,31.000000,31.000000,32.000000,32.000000,32.000000,32.000000,33.000000,1,1,1,1,1,1,1,0,0,0,0,0,0,0,74,5376.190918,747,0,1,0.754953,-0.015783,-0.323971,-3.116000,-0.399000,0.077000,1
4.196136,-4.027000,-28.865000,-10.261000,50.924999,23.372999,47.719002,160.164993,0.120000,10.440000,0.360000,-22.680000,-4.560000,11.760000,11.160000,-141.000000,-1470.000000,-30.000000,-2400.000000,-516.000000,132.000000,567.000000,21.000000,22.000000,22.000000,22.000000,21.000000,22.000000,21.000000,31.000000,31.000000,32.000000,32.000000,32.000000,32.000000,33.000000,1,1,1,1,1,1,1,0,0,0,0,0,0,0,74,5376.187988,744,0,1,0.755551,-0.015569,-0.323921,-3.116000,-0.400000,0.077000,1
4.206078,-4.026000,-28.771000,-10.251000,50.737999,23.326000,47.821999,160.255997,0.240000,6.120000,0.480000,-14.400000,-4.670000,6.720000,6.480000,244.000000,-1554.000000,-87.000000,-2548.000000,-457.000000,145.000000,380.000000,21.000000,22.000000,22.000000,22.000000,21.000000,22.000000,21.000000,31.000000,31.000000,32.000000,32.000000,32.000000,32.000000,33.000000,1,1,1,1,1,1,1,0,0,0,0,0,0,0,74,5376.192871,744,0,1,0.755738,-0.015429,-0.324024,-3.116000,-0.399000,0.076000,1
4.216050,-4.018000,-28.726000,-10.248000,50.629002,23.254999,47.877998,160.315002,1.200000,2.640000,0.360000,-6.720000,-4.920000,3.600000,4.200000,442.000000,-1185.000000,-36.000000,-2294.000000,-277.000000,223.000000,329.000000,21.000000,22.000000,22.000000,22.000000,21.000000,22.000000,21.000000,31.000000,31.000000,32.000000,32.000000,32.000000,32.000000,33.000000,1,1,1,1,1,1,1,0,0,0,0,0,0,0,74,5376.190918,746,0,1,0.755877,-0.015566,-0.324012,-3.116000,-0.399000,0.077000,1
4.226106,-4.001000,-28.704000,-10.246000,50.587002,23.201000,47.898998,160.352005,1.920000,0.840000,0.360000,-1.680000,-5.030000,0.720000,2.880000,471.000000,-1344.000000,74.000000,-2648.000000,-306.000000,222.000000,416.000000,21.000000,22.000000,22.000000,22.000000,21.000000,22.000000,22.000000,31.000000,31.000000,32.000000,32.000000,32.000000,32.000000,33.000000,1,1,1,1,1,1,1,0,0,0,0,0,0,0,74,5376.190918,744,0,1,0.755872,-0.015659,-0.324068,-3.117000,-0.399000,0.077000,1
4.236090,-3.988000,-28.698999,-10.242000,50.585999,23.156000,47.904999,160.371002,2.510000,0.000000,0.480000,0.000000,-4.670000,0.000000,2.400000,435.000000,-1358.000000,104.000000,-2920.000000,-294.000000,159.000000,416.000000,21.000000,22.000000,22.000000,22.000000,22.000000,22.000000,22.000000,31.000000,31.000000,32.000000,32.000000,32.000000,32.000000,33.000000,1,1,1,1,1,1,1,0,0,0,0,0,0,0,74,5376.192871,744,0,1,0.755754,-0.015761,-0.324146,-3.117000,-0.398000,0.077000,1
4.246050,-3.953000,-28.698999,-10.239000,50.584999,23.097000,47.908001,160.391998,2.640000,0.000000,0.840000,0.120000,-4.320000,0.000000,2.040000,179.000000,-1603.000000,356.000000,-2506.000000,-291.000000,-5.000000,468.000000,22.000000,22.000000,22.000000,22.000000,22.000000,22.000000,22.000000,31.000000,31.000000,32.000000,32.000000,32.000000,32.000000,33.000000,1,1,1,1,1,1,1,0,0,0,0,0,0,0,74,5376.192871,746,0,1,0.755677,-0.015835,-0.324181,-3.117000,-0.398000,0.077000,1
4.255935,-3.923000,-28.698999,-10.224000,50.585999,23.048000,47.907001,160.416000,1.680000,0.000000,1.800000,-0.240000,-4.560000,0.000000,2.640000,-141.000000,-1514.000000,535.000000,-2944.000000,-398.000000,5.000000,542.000000,22.000000,22.000000,22.000000,22.000000,22.000000,22.000000,22.000000,31.000000,31.000000,32.000000,32.000000,32.000000,32.000000,33.000000,1,1,1,1,1,1,1,0,0,0,0,0,0,0,74,5376.194824,745,0,1,0.755615,-0.015771,-0.324224,-3.117000,-0.398000,0.077000,1
4.266137,-3.919000,-28.697001,-10.191000,50.581001,22.993000,47.910000,160.462006,0.000000,0.240000,3.960000,-1.800000,-4.320000,0.360000,5.280000,-208.000000,-1067.000000,629.000000,-4047.000000,-442.000000,201.000000,621.000000,22.000000,22.000000,22.000000,22.000000,22.000000,22.000000,22.000000,31.000000,31.000000,32.000000,32.000000,32.000000,32.000000,33.000000,1,1,1,1,1,1,1,0,0,0,0,0,0,0,74,5376.194824,745,0,1,0.755560,-0.015691,-0.324257,-3.117000,-0.398000,0.077000,1
4.276106,-3.929000,-28.681000,-10.133000,50.542999,22.927000,47.930000,160.522995,-2.760000,2.280000,6.120000,-5.760000,-5.030000,2.280000,7.070000,-987.000000,-687.000000,965.000000,-4742.000000,-393.000000,263.000000,609.000000,22.000000,22.000000,22.000000,22.000000,22.000000,22.000000,22.000000,31.000000,31.000000,32.000000,32.000000,32.000000,32.000000,33.000000,1,1,1,1,1,1,1,0,0,0,0,0,0,0,74,5376.193848,745,0,1,0.755534,-0.015465,-0.324311,-3.117000,-0.398000,0.077000,1
4.286078,-3.956000,-28.664000,-10.081000,50.498001,22.900999,47.943001,160.556000,-5.160000,3.240000,7.800000,-7.680000,-5.400000,2.640000,9.000000,-1252.000000,-707.000000,623.000000,-4915.000000,-388.000000,206.000000,729.000000,22.000000,22.000000,22.000000,22.000000,22.000000,22.000000,22.000000,31.000000,31.000000,32.000000,32.000000,32.000000,32.000000,33.000000,1,1,1,1,1,1,1,0,0,0,0,0,0,0,74,5376.192871,745,0,1,0.755671,-0.015215,-0.324287,-3.117000,-0.398000,0.077000,1
4.296159,-4.023000,-28.618999,-9.981000,50.380001,22.829000,47.987999,160.682999,-9.120000,5.400000,11.040000,-14.040000,-6.600000,5.400000,11.400000,-1341.000000,-859.000000,627.000000,-4787.000000,-321.000000,292.000000,700.000000,22.000000,22.000000,22.000000,22.000000,22.000000,22.000000,22.000000,31.000000,31.000000,32.000000,32.000000,32.000000,32.000000,33.000000,1,1,1,1,1,1,1,0,0,0,0,0,0,0,74,5376.194824,747,0,1,0.755925,-0.014830,-0.324248,-3.117000,-0.398000,0.077000,1
4.306045,-4.158000,-28.537001,-9.819000,50.185001,22.760000,48.050999,160.815002,-11.640000,6.960000,14.640000,-18.000000,-7.200000,7.440000,13.200000,-1420.000000,-498.000000,504.000000,-4179.000000,-265.000000,320.000000,731.000000,22.000000,22.000000,22.000000,22.000000,22.000000,22.000000,22.000000,31.000000,31.000000,32.000000,32.000000,32.000000,32.000000,33.000000,1,1,1,1,1,1,1,0,0,0,0,0,0,0,74,5376.198242,744,0,1,0.756443,-0.014190,-0.324205,-3.117000,-0.398000,0.077000,1
4.316054,-4.158000,-28.537001,-9.819000,50.185001,22.760000,48.050999,160.815002,-11.640000,6.960000,14.640000,-18.000000,-7.200000,7.440000,13.200000,-1420.000000,-498.000000,504.000000,-4179.000000,-265.000000,320.000000,731.000000,22.000000,22.000000,22.000000,22.000000,22.000000,22.000000,22.000000,31.000000,31.000000,32.000000,32.000000,32.000000,32.000000,33.000000,1,1,1,1,1,1,1,0,0,0,0,0,0,0,74,5376.198242,744,0,1,0.756443,-0.014190,-0.324205,-3.117000,-0.398000,0.077000,1
4.325993,-4.475000,-28.375999,-9.496000,49.765999,22.586000,48.216999,161.158005,-14.150000,7.680000,17.520000,-18.709999,-6.720000,7.440000,16.320000,-792.000000,-646.000000,324.000000,-3558.000000,-297.000000,102.000000,594.000000,22.000000,22.000000,22.000000,22.000000,22.000000,22.000000,22.000000,31.000000,31.000000,32.000000,32.000000,32.000000,32.000000,33.000000,1,1,1,1,1,1,1,0,0,0,0,0,0,0,74,5376.196777,745,0,1,0.757407,-0.013242,-0.324009,-3.118000,-0.399000,0.078000,1
4.336025,-4.615000,-28.296000,-9.321000,49.577999,22.525999,48.321999,161.375000,-16.080000,9.960000,17.400000,-21.840000,-7.440000,9.480000,17.879999,-1227.000000,-339.000000,798.000000,-4496.000000,-490.000000,369.000000,738.000000,22.000000,22.000000,22.000000,22.000000,21.000000,22.000000,22.000000,31.000000,31.000000,32.000000,32.000000,32.000000,32.000000,33.000000,1,1,1,1,1,1,1,0,0,0,0,0,0,0,74,5376.194824,745,0,1,0.757611,-0.012333,-0.324049,-3.117000,-0.398000,0.077000,1
4.346082,-4.803000,-28.193001,-9.103000,49.335999,22.465000,48.432999,161.582001,-18.709999,9.600000,19.440001,-23.400000,-7.680000,10.070000,18.120001,-636.000000,-722.000000,510.000000,-4111.000000,-554.000000,379.000000,786.000000,22.000000,22.000000,22.000000,22.000000,21.000000,22.000000,22.000000,31.000000,31.000000,32.000000,32.000000,32.000000,32.000000,33.000000,1,1,1,1,1,1,1,0,0,0,0,0,0,0,74,5376.200195,747,0,1,0.758040,-0.011278,-0.324058,-3.116000,-0.398000,0.076000,1
4.356043,-4.803000,-28.193001,-9.103000,49.335999,22.465000,48.432999,161.582001,-18.709999,9.600000,19.440001,-23.400000,-7.680000,10.070000,18.120001,-636.000000,-722.000000,510.000000,-4111.000000,-554.000000,379.000000,786.000000,22.000000,22.000000,22.000000,22.000000,21.000000,22.000000,22.000000,31.000000,31.000000,32.000000,32.000000,32.000000,32.000000,33.000000,1,1,1,1,1,1,1,0,0,0,0,0,0,0,74,5376.200195,745,0,1,0.758040,-0.011278,-0.324058,-3.116000,-0.398000,0.076000,1
4.366071,-5.195000,-27.980000,-8.665000,48.805000,22.327999,48.612999,161.942993,-18.600000,9.120000,19.080000,-23.760000,-8.160000,10.560000,20.520000,-792.000000,-795.000000,739.000000,-3243.000000,-297.000000,275.000000,825.000000,22.000000,22.000000,22.000000,22.000000,21.000000,22.000000,22.000000,31.000000,31.000000,32.000000,32.000000,32.000000,32.000000,33.000000,1,1,1,1,1,1,1,0,0,0,0,0,0,0,74,5376.200195,746,0,1,0.759473,-0.009439,-0.323841,-3.116000,-0.400000,0.077000,1
4.376066,-5.397000,-27.875000,-8.436000,48.555000,22.236000,48.754002,162.203003,-17.879999,10.200000,19.080000,-24.120001,-6.960000,10.560000,18.000000,-675.000000,-558.000000,218.000000,-3338.000000,-321.000000,309.000000,643.000000,22.000000,22.000000,22.000000,22.000000,21.000000,22.000000,22.000000,31.000000,31.000000,32.000000,32.000000,32.000000,32.000000,33.000000,1,1,1,1,1,1,1,0,0,0,0,0,0,0,74,5376.198242,744,0,1,0.759699,-0.008447,-0.323908,-3.116000,-0.399000,0.076000,1
4.386056,-5.471000,-27.839001,-8.351000,48.462002,22.215000,48.805000,162.287994,-18.360001,9.720000,19.440001,-25.200001,-7.560000,9.480000,19.080000,-767.000000,-776.000000,660.000000,-3575.000000,-564.000000,163.000000,885.000000,22.000000,22.000000,22.000000,22.000000,21.000000,22.000000,22.000000,31.000000,31.000000,32.000000,32.000000,32.000000,32.000000,33.000000,1,1,1,1,1,1,1,0,0,0,0,0,0,0,74,5376.200195,746,0,1,0.759833,-0.008011,-0.323890,-3.115000,-0.399000,0.076000,1
4.396057,-5.471000,-27.839001,-8.351000,48.462002,22.215000,48.805000,162.287994,-18.360001,9.720000,19.440001,-25.200001,-7.560000,9.480000,19.080000,-767.000000,-776.000000,660.000000,-3575.000000,-564.000000,163.000000,885.000000,22.000000,22.000000,22.000000,22.000000,21.000000,22.000000,22.000000,31.000000,31.000000,32.000000,32.000000,32.000000,32.000000,33.000000,1,1,1,1,1,1,1,0,0,0,0,0,0,0,74,5376.200195,746,0,1,0.759833,-0.008011,-0.323890,-3.115000,-0.399000,0.076000,1
4.405986,-5.896000,-27.594000,-7.884000,47.903999,22.068001,49.054001,162.714005,-18.120001,9.480000,21.240000,-24.719999,-7.200000,11.280000,20.150000,-1010.000000,-726.000000,444.000000,-3325.000000,-750.000000,310.000000,774.000000,22.000000,22.000000,22.000000,22.000000,21.000000,22.000000,22.000000,31.000000,31.000000,32.000000,32.000000,32.000000,32.000000,33.000000,1,1,1,1,1,1,1,0,0,0,0,0,0,0,74,5376.192871,746,0,1,0.760785,-0.006021,-0.323975,-3.115000,-0.399000,0.076000,1
4.415981,-6.100000,-27.468000,-7.642000,47.620998,21.990000,49.157001,162.901001,-18.000000,10.320000,19.680000,-24.120001,-8.280000,9.960000,18.709999,-1320.000000,-667.000000,77.000000,-3735.000000,-612.000000,126.000000,791.000000,22.000000,22.000000,22.000000,22.000000,21.000000,22.000000,22.000000,31.000000,31.000000,32.000000,32.000000,32.000000,32.000000,33.000000,1,1,1,1,1,1,1,0,0,0,0,0,0,0,74,5376.193848,744,0,1,0.761395,-0.004988,-0.324010,-3.115000,-0.399000,0.076000,1
4.425972,-6.199000,-27.413000,-7.533000,47.488998,21.948999,49.224998,162.994003,-18.240000,10.800000,19.799999,-24.240000,-7.680000,10.070000,21.000000,-978.000000,-703.000000,1.000000,-3624.000000,-621.000000,89.000000,803.000000,22.000000,22.000000,22.000000,22.000000,21.000000,22.000000,22.000000,31.000000,31.000000,32.000000,32.000000,32.000000,32.000000,33.000000,1,1,1,1,1,1,1,0,0,0,0,0,0,0,74,5376.194824,746,0,1,0.761564,-0.004557,-0.324024,-3.115000,-0.399000,0.077000,1
4.435982,-6.297000,-27.356001,-7.428000,47.353001,21.900999,49.286999,163.098007,-18.120001,10.070000,18.709999,-24.120001,-7.200000,11.160000,19.320000,-857.000000,-1003.000000,230.000000,-3799.000000,-414.000000,285.000000,724.000000,22.000000,22.000000,22.000000,22.000000,21.000000,22.000000,22.000000,31.000000,31.000000,32.000000,32.000000,32.000000,32.000000,33.000000,1,1,1,1,1,1,1,0,0,0,0,0,0,0,74,5376.198242,746,0,1,0.761783,-0.004188,-0.324034,-3.115000,-0.399000,0.077000,1
4.446029,-6.659000,-27.155001,-7.061000,46.869999,21.743000,49.498001,163.488007,-17.400000,9.720000,18.600000,-22.920000,-6.840000,10.800000,20.520000,-850.000000,-874.000000,210.000000,-3520.000000,-636.000000,138.000000,736.000000,22.000000,22.000000,22.000000,22.000000,21.000000,22.000000,22.000000,31.000000,31.000000,32.000000,32.000000,32.000000,32.000000,33.000000,1,1,1,1,1,1,1,0,0,0,0,0,0,0,74,5376.194824,746,0,1,0.762641,-0.002946,-0.324009,-3.115000,-0.399000,0.076000,1
4.455946,-6.840000,-27.052000,-6.871000,46.613998,21.667000,49.601002,163.677994,-17.639999,9.720000,18.600000,-23.760000,-6.720000,9.350000,18.000000,-839.000000,-891.000000,555.000000,-3706.000000,-850.000000,160.000000,688.000000,22.000000,22.000000,22.000000,22.000000,21.000000,22.000000,22.000000,31.000000,31.000000,32.000000,32.000000,32.000000,32.000000,33.000000,1,1,1,1,1,1,1,0,0,0,0,0,0,0,74,5376.187988,745,0,1,0.763174,-0.002260,-0.323952,-3.115000,-0.399000,0.076000,1
4.465964,-6.888000,-27.028999,-6.825000,46.540001,21.632000,49.662998,163.792007,-17.639999,9.840000,18.360001,-23.400000,-6.840000,9.350000,18.360001,-1194.000000,-957.000000,479.000000,-3565.000000,-776.000000,147.000000,647.000000,22.000000,22.000000,22.000000,22.000000,21.000000,22.000000,22.000000,31.000000,31.000000,32.000000,32.000000,32.000000,32.000000,33.000000,1,1,1,1,1,1,1,0,0,0,0,0,0,0,74,5376.192871,746,0,1,0.763139,-0.002082,-0.323932,-3.115000,-0.399000,0.075000,1
4.475958,-7.135000,-26.886000,-6.560000,46.205002,21.528999,49.799000,164.046997,-16.680000,9.240000,18.360001,-23.760000,-7.200000,9.000000,20.040001,-863.000000,-787.000000,343.000000,-4326.000000,-794.000000,342.000000,701.000000,22.000000,22.000000,22.000000,22.000000,21.000000,22.000000,22.000000,31.000000,31.000000,32.000000,32.000000,32.000000,32.000000,33.000000,1,1,1,1,1,1,1,0,0,0,0,0,0,0,74,5376.194824,746,0,1,0.763772,-0.001115,-0.323943,-3.115000,-0.399000,0.075000,1
4.485946,-7.354000,-26.764999,-6.337000,45.919998,21.437000,49.895000,164.235001,-17.639999,9.600000,18.360001,-24.600000,-7.920000,11.760000,18.360001,-586.000000,-816.000000,320.000000,-3717.000000,-617.000000,326.000000,679.000000,22.000000,22.000000,22.000000,22.000000,21.000000,22.000000,22.000000,31.000000,31.000000,32.000000,32.000000,32.000000,32.000000,33.000000,1,1,1,1,1,1,1,0,0,0,0,0,0,0,74,5376.194824,745,0,1,0.764441,-0.000446,-0.323914,-3.116000,-0.399000,0.076000,1
4.496021,-7.547000,-26.659000,-6.145000,45.730999,21.330999,50.007999,164.427994,-16.320000,10.070000,17.879999,-24.480000,-9.240000,9.960000,18.709999,-650.000000,-890.000000,314.000000,-3507.000000,-582.000000,124.000000,612.000000,22.000000,22.000000,22.000000,22.000000,21.000000,22.000000,22.000000,31.000000,31.000000,32.000000,32.000000,32.000000,32.000000,33.000000,1,1,1,1,1,1,1,0,0,0,0,0,0,0,74,5376.194824,747,0,1,0.764352,-0.000030,-0.324257,-3.117000,-0.398000,0.076000,1
4.505953,-7.547000,-26.659000,-6.145000,45.730999,21.330999,50.007999,164.427994,-16.320000,10.070000,17.879999,-24.480000,-9.240000,9.960000,18.709999,-650.000000,-890.000000,314.000000,-3507.000000,-582.000000,124.000000,612.000000,22.000000,22.000000,22.000000,22.000000,21.000000,22.000000,22.000000,31.000000,31.000000,32.000000,32.000000,32.000000,32.000000,33.000000,1,1,1,1,1,1,1,0,0,0,0,0,0,0,74,5376.194824,747,0,1,0.764352,-0.000030,-0.324257,-3.117000,-0.398000,0.076000,1
4.515957,-7.871000,-26.489000,-5.831000,45.277000,21.169001,50.208000,164.761002,-17.400000,10.440000,19.799999,-22.920000,-7.560000,8.880000,17.760000,-912.000000,-674.000000,343.000000,-3609.000000,-469.000000,297.000000,643.000000,22.000000,22.000000,22.000000,22.000000,21.000000,22.000000,22.000000,31.000000,31.000000,32.000000,32.000000,32.000000,32.000000,33.000000,1,1,1,1,1,1,1,0,0,0,0,0,0,0,74,5376.196777,746,0,1,0.765216,0.000819,-0.324082,-3.118000,-0.399000,0.076000,1
4.525963,-8.054000,-26.379999,-5.583000,44.974998,21.096001,50.317001,164.953995,-16.440001,9.720000,17.879999,-23.760000,-6.720000,12.000000,17.760000,-734.000000,-839.000000,587.000000,-3568.000000,-422.000000,400.000000,646.000000,22.000000,22.000000,22.000000,22.000000,21.000000,22.000000,22.000000,31.000000,31.000000,32.000000,32.000000,32.000000,32.000000,33.000000,1,1,1,1,1,1,1,0,0,0,0,0,0,0,74,5376.196777,747,0,1,0.765990,0.002055,-0.323892,-3.117000,-0.399000,0.076000,1
4.535965,-8.223000,-26.282000,-5.370000,44.721001,21.014000,50.430000,165.123993,-16.440001,9.840000,19.080000,-24.240000,-7.440000,10.070000,16.920000,-619.000000,-1012.000000,483.000000,-4067.000000,-228.000000,114.000000,660.000000,22.000000,22.000000,22.000000,22.000000,21.000000,22.000000,22.000000,31.000000,31.000000,32.000000,32.000000,32.000000,32.000000,33.000000,1,1,1,1,1,1,1,0,0,0,0,0,0,0,74,5376.193848,746,0,1,0.766436,0.002955,-0.323848,-3.117000,-0.400000,0.076000,1
4.545924,-8.223000,-26.282000,-5.370000,44.721001,21.014000,50.430000,165.123993,-16.440001,9.840000,19.080000,-24.240000,-7.440000,10.070000,16.920000,-619.000000,-1012.000000,483.000000,-4067.000000,-228.000000,114.000000,660.000000,22.000000,22.000000,22.000000,22.000000,21.000000,22.000000,22.000000,31.000000,31.000000,32.000000,32.000000,32.000000,32.000000,33.000000,1,1,1,1,1,1,1,0,0,0,0,0,0,0,74,5376.193848,746,0,1,0.766436,0.002955,-0.323848,-3.117000,-0.400000,0.076000,1
4.555925,-8.559000,-26.080000,-5.000000,44.290001,20.865000,50.648998,165.477005,-16.920000,10.070000,18.959999,-23.040001,-6.840000,9.840000,15.120000,-635.000000,-946.000000,274.000000,-3664.000000,-514.000000,371.000000,583.000000,22.000000,22.000000,22.000000,22.000000,21.000000,22.000000,22.000000,31.000000,31.000000,32.000000,32.000000,32.000000,32.000000,33.000000,1,1,1,1,1,1,1,0,0,0,0,0,0,0,74,5376.196777,747,0,1,0.766788,0.004276,-0.324148,-3.116000,-0.399000,0.076000,1
4.565992,-8.746000,-25.982000,-4.783000,43.985001,20.783001,50.771999,165.688004,-17.280001,10.070000,18.480000,-24.719999,-7.680000,10.070000,16.920000,-724.000000,-777.000000,263.000000,-3650.000000,-646.000000,108.000000,725.000000,22.000000,22.000000,22.000000,22.000000,21.000000,22.000000,22.000000,31.000000,31.000000,32.000000,32.000000,32.000000,32.000000,33.000000,1,1,1,1,1,1,1,0,0,0,0,0,0,0,74,5376.196777,746,0,1,0.767539,0.005196,-0.323860,-3.116000,-0.399000,0.075000,1
4.575931,-8.824000,-25.916000,-4.663000,43.838001,20.742001,50.820000,165.761993,-17.280001,10.320000,19.080000,-24.600000,-6.480000,12.960000,16.440001,-589.000000,-898.000000,588.000000,-3760.000000,-553.000000,310.000000,632.000000,22.000000,22.000000,22.000000,22.000000,21.000000,22.000000,22.000000,31.000000,31.000000,32.000000,32.000000,32.000000,32.000000,33.000000,1,1,1,1,1,1,1,0,0,0,0,0,0,0,74,5376.194824,746,0,1,0.767861,0.005765,-0.323883,-3.116000,-0.400000,0.076000,1
4.585967,-8.824000,-25.916000,-4.663000,43.838001,20.742001,50.820000,165.761993,-17.280001,10.320000,19.080000,-24.600000,-6.480000,12.960000,16.440001,-589.000000,-898.000000,588.000000,-3760.000000,-553.000000,310.000000,632.000000,22.000000,22.000000,22.000000,22.000000,21.000000,22.000000,22.000000,31.000000,31.000000,32.000000,32.000000,32.000000,32.000000,33.000000,1,1,1,1,1,1,1,0,0,0,0,0,0,0,74,5376.194824,746,0,1,0.767861,0.005765,-0.323883,-3.116000,-0.400000,0.076000,1
4.595977,-9.228000,-25.666000,-4.261000,43.257999,20.580999,51.083000,166.179001,-16.559999,9.350000,17.879999,-25.080000,-8.160000,11.400000,16.200001,-800.000000,-784.000000,396.000000,-3771.000000,-536.000000,546.000000,696.000000,22.000000,22.000000,22.000000,22.000000,21.000000,22.000000,22.000000,31.000000,31.000000,32.000000,32.000000,32.000000,32.000000,33.000000,1,1,1,1,1,1,1,0,0,0,0,0,0,0,74,5376.198242,747,0,1,0.768707,0.007064,-0.323982,-3.116000,-0.400000,0.075000,1
4.605930,-9.412000,-25.551001,-4.063000,42.997002,20.499001,51.209999,166.371002,-16.200001,10.200000,18.120001,-24.840000,-8.760000,10.800000,17.639999,-1214.000000,-906.000000,330.000000,-3909.000000,-455.000000,207.000000,638.000000,22.000000,22.000000,22.000000,22.000000,21.000000,22.000000,22.000000,31.000000,31.000000,32.000000,32.000000,32.000000,32.000000,33.000000,1,1,1,1,1,1,1,0,0,0,0,0,0,0,74,5376.196777,746,0,1,0.769003,0.007729,-0.324080,-3.116000,-0.399000,0.075000,1
4.615949,-9.571000,-25.451000,-3.887000,42.766998,20.407000,51.354000,166.572998,-16.920000,9.720000,19.080000,-24.480000,-7.200000,11.040000,17.639999,-769.000000,-846.000000,596.000000,-3879.000000,-289.000000,63.000000,897.000000,22.000000,22.000000,22.000000,22.000000,21.000000,22.000000,22.000000,31.000000,31.000000,32.000000,32.000000,32.000000,32.000000,33.000000,1,1,1,1,1,1,1,0,0,0,0,0,0,0,74,5376.194824,746,0,1,0.769043,0.008297,-0.324213,-3.116000,-0.398000,0.074000,1
4.625924,-9.665000,-25.393999,-3.777000,42.643002,20.374001,51.429001,166.677994,-16.559999,10.320000,18.709999,-25.200001,-7.920000,10.920000,17.280001,-1071.000000,-704.000000,62.000000,-4079.000000,-473.000000,39.000000,594.000000,22.000000,22.000000,22.000000,22.000000,21.000000,22.000000,22.000000,31.000000,31.000000,32.000000,32.000000,32.000000,32.000000,33.000000,1,1,1,1,1,1,1,0,0,0,0,0,0,0,74,5376.193848,746,0,1,0.769064,0.008781,-0.324309,-3.115000,-0.398000,0.074000,1
4.635883,-9.665000,-25.393999,-3.777000,42.643002,20.374001,51.429001,166.677994,-16.559999,10.320000,18.709999,-25.200001,-7.920000,10.920000,17.280001,-1071.000000,-704.000000,62.000000,-4079.000000,-473.000000,39.000000,594.000000,22.000000,22.000000,22.000000,22.000000,21.000000,22.000000,22.000000,31.000000,31.000000,32.000000,32.000000,32.000000,32.000000,33.000000,1,1,1,1,1,1,1,0,0,0,0,0,0,0,74,5376.193848,746,0,1,0.769064,0.008781,-0.324309,-3.115000,-0.398000,0.074000,1
4.645944,-10.102000,-25.135000,-3.294000,42.049999,20.231001,51.681000,167.059006,-16.200001,9.000000,17.280001,-24.840000,-6.960000,12.360000,17.639999,-854.000000,-903.000000,-208.000000,-3690.000000,-592.000000,284.000000,859.000000,22.000000,22.000000,22.000000,22.000000,21.000000,22.000000,22.000000,31.000000,31.000000,32.000000,32.000000,32.000000,32.000000,33.000000,1,1,1,1,1,1,1,0,0,0,0,0,0,0,74,5376.190918,747,0,1,0.769984,0.010623,-0.324463,-3.115000,-0.398000,0.074000,1
4.655917,-10.302000,-25.017000,-3.100000,41.758999,20.138000,51.821999,167.257996,-16.559999,9.840000,18.959999,-24.480000,-7.320000,12.000000,16.080000,-835.000000,-753.000000,368.000000,-3729.000000,-487.000000,165.000000,797.000000,22.000000,22.000000,22.000000,22.000000,21.000000,22.000000,22.000000,31.000000,31.000000,32.000000,32.000000,32.000000,32.000000,33.000000,1,1,1,1,1,1,1,0,0,0,0,0,0,0,74,5376.190918,746,0,1,0.770368,0.011115,-0.324470,-3.115000,-0.398000,0.074000,1
4.665949,-10.368000,-24.971001,-2.981000,41.605000,20.110001,51.869999,167.324005,-17.400000,9.840000,19.080000,-25.559999,-8.160000,10.920000,16.559999,-743.000000,-773.000000,2.000000,-3281.000000,-494.000000,157.000000,868.000000,22.000000,22.000000,22.000000,22.000000,21.000000,22.000000,22.000000,31.000000,31.000000,32.000000,32.000000,32.000000,32.000000,33.000000,1,1,1,1,1,1,1,0,0,0,0,0,0,0,74,5376.196777,747,0,1,0.770847,0.011844,-0.324268,-3.115000,-0.399000,0.074000,1
4.675859,-10.368000,-24.971001,-2.981000,41.605000,20.110001,51.869999,167.324005,-17.400000,9.840000,19.080000,-25.559999,-8.160000,10.920000,16.559999,-743.000000,-773.000000,2.000000,-3281.000000,-494.000000,157.000000,868.000000,22.000000,22.000000,22.000000,22.000000,21.000000,22.000000,22.000000,31.000000,31.000000,32.000000,32.000000,32.000000,32.000000,33.000000,1,1,1,1,1,1,1,0,0,0,0,0,0,0,74,5376.196777,747,0,1,0.770847,0.011844,-0.324268,-3.115000,-0.399000,0.074000,1
4.685859,-10.762000,-24.746000,-2.565000,41.011002,19.927000,52.120998,167.710007,-15.600000,9.350000,17.639999,-25.920000,-7.200000,11.040000,15.840000,-753.000000,-590.000000,277.000000,-3805.000000,-554.000000,291.000000,580.000000,22.000000,22.000000,22.000000,22.000000,21.000000,22.000000,22.000000,31.000000,31.000000,32.000000,32.000000,32.000000,32.000000,33.000000,1,1,1,1,1,1,1,0,0,0,0,0,0,0,74,5376.199219,746,0,1,0.771935,0.013117,-0.324090,-3.115000,-0.399000,0.074000,1
4.695931,-10.957000,-24.629999,-2.375000,40.737000,19.839001,52.250999,167.889999,-16.799999,10.200000,17.879999,-25.559999,-7.920000,11.400000,16.200001,-496.000000,-886.000000,355.000000,-3459.000000,-764.000000,209.000000,762.000000,22.000000,22.000000,22.000000,22.000000,21.000000,22.000000,22.000000,31.000000,31.000000,32.000000,32.000000,32.000000,32.000000,33.000000,1,1,1,1,1,1,1,0,0,0,0,0,0,0,74,5376.196777,746,0,1,0.772282,0.013571,-0.324147,-3.116000,-0.399000,0.074000,1
4.705799,-11.041000,-24.579000,-2.282000,40.616001,19.798000,52.313999,167.975006,-16.320000,9.840000,18.480000,-24.719999,-6.960000,12.960000,18.360001,-779.000000,-622.000000,850.000000,-3874.000000,-364.000000,138.000000,694.000000,22.000000,22.000000,22.000000,22.000000,21.000000,22.000000,22.000000,31.000000,31.000000,32.000000,32.000000,32.000000,32.000000,33.000000,1,1,1,1,1,1,1,0,0,0,0,0,0,0,74,5376.198242,747,0,1,0.772389,0.013868,-0.324183,-3.116000,-0.399000,0.074000,1
4.715775,-11.041000,-24.579000,-2.282000,40.616001,19.798000,52.313999,167.975006,-16.320000,9.840000,18.480000,-24.719999,-6.960000,12.960000,18.360001,-779.000000,-622.000000,850.000000,-3874.000000,-364.000000,138.000000,694.000000,22.000000,22.000000,22.000000,22.000000,21.000000,22.000000,22.000000,31.000000,31.000000,32.000000,32.000000,32.000000,32.000000,33.000000,1,1,1,1,1,1,1,0,0,0,0,0,0,0,74,5376.198242,747,0,1,0.772389,0.013868,-0.324183,-3.116000,-0.399000,0.074000,1
4.725741,-11.432000,-24.336000,-1.866000,40.028000,19.594999,52.605999,168.401001,-16.320000,9.480000,18.120001,-24.719999,-7.200000,11.520000,17.639999,-950.000000,-787.000000,602.000000,-3990.000000,-105.000000,292.000000,645.000000,22.000000,22.000000,22.000000,22.000000,21.000000,22.000000,22.000000,31.000000,31.000000,32.000000,32.000000,32.000000,32.000000,33.000000,1,1,1,1,1,1,1,0,0,0,0,0,0,0,74,5376.193848,744,0,1,0.773031,0.015032,-0.324279,-3.116000,-0.399000,0.073000,1
4.735798,-11.629000,-24.233999,-1.694000,39.772999,19.524000,52.719002,168.565002,-17.400000,9.960000,17.639999,-25.200001,-6.960000,12.120000,15.840000,-892.000000,-897.000000,364.000000,-4022.000000,-309.000000,200.000000,641.000000,22.000000,22.000000,22.000000,22.000000,21.000000,22.000000,22.000000,31.000000,31.000000,32.000000,32.000000,32.000000,32.000000,33.000000,1,1,1,1,1,1,1,0,0,0,0,0,0,0,74,5376.194824,745,0,1,0.773439,0.015374,-0.324258,-3.117000,-0.399000,0.073000,1
4.745798,-11.776000,-24.124001,-1.479000,39.472000,19.440001,52.844002,168.714996,-17.150000,10.440000,18.360001,-26.639999,-6.840000,11.880000,15.600000,-526.000000,-812.000000,402.000000,-3908.000000,-530.000000,239.000000,742.000000,22.000000,22.000000,22.000000,22.000000,21.000000,22.000000,22.000000,31.000000,31.000000,32.000000,32.000000,32.000000,32.000000,33.000000,1,1,1,1,1,1,1,0,0,0,0,0,0,0,74,5376.198242,744,0,1,0.774021,0.016341,-0.324117,-3.116000,-0.399000,0.073000,1
4.755779,-11.976000,-24.002001,-1.263000,39.162998,19.348000,52.963001,168.906006,-16.559999,9.840000,18.360001,-27.240000,-8.280000,11.400000,16.200001,-389.000000,-748.000000,310.000000,-3596.000000,-632.000000,352.000000,595.000000,22.000000,22.000000,22.000000,22.000000,21.000000,22.000000,22.000000,31.000000,31.000000,32.000000,32.000000,32.000000,32.000000,33.000000,1,1,1,1,1,1,1,0,0,0,0,0,0,0,74,5376.196777,745,0,1,0.774614,0.016971,-0.324054,-3.116000,-0.400000,0.073000,1
4.765862,-11.976000,-24.002001,-1.263000,39.162998,19.348000,52.963001,168.906006,-16.559999,9.840000,18.360001,-27.240000,-8.280000,11.400000,16.200001,-389.000000,-748.000000,310.000000,-3596.000000,-632.000000,352.000000,595.000000,22.000000,22.000000,22.000000,22.000000,21.000000,22.000000,22.000000,31.000000,31.000000,32.000000,32.000000,32.000000,32.000000,33.000000,1,1,1,1,1,1,1,0,0,0,0,0,0,0,74,5376.200195,747,0,1,0.774614,0.016971,-0.324054,-3.116000,-0.400000,0.073000,1
4.775802,-12.286000,-23.799999,-0.883000,38.667000,19.208000,53.183998,169.214996,-16.920000,11.040000,18.240000,-26.280001,-7.680000,13.200000,15.480000,-513.000000,-880.000000,754.000000,-3225.000000,-370.000000,337.000000,706.000000,22.000000,22.000000,22.000000,22.000000,21.000000,22.000000,22.000000,31.000000,31.000000,32.000000,32.000000,32.000000,32.000000,33.000000,1,1,1,1,1,1,1,0,0,0,0,0,0,0,74,5376.194824,747,0,1,0.775320,0.018396,-0.324070,-3.116000,-0.400000,0.073000,1
4.785845,-12.433000,-23.716000,-0.712000,38.438999,19.127001,53.330002,169.391006,-16.559999,10.200000,19.440001,-26.040001,-8.520000,12.000000,14.520000,-474.000000,-832.000000,280.000000,-3927.000000,-533.000000,335.000000,499.000000,22.000000,22.000000,22.000000,22.000000,21.000000,22.000000,22.000000,31.000000,31.000000,32.000000,32.000000,32.000000,32.000000,33.000000,1,1,1,1,1,1,1,0,0,0,0,0,0,0,74,5376.198242,745,0,1,0.775397,0.018966,-0.324073,-3.115000,-0.399000,0.072000,1
4.795884,-12.641000,-23.586000,-0.460000,38.122002,19.048000,53.456001,169.552994,-16.680000,11.160000,18.360001,-27.480000,-7.200000,12.480000,16.799999,-717.000000,-855.000000,217.000000,-4112.000000,-387.000000,234.000000,718.000000,22.000000,22.000000,22.000000,22.000000,21.000000,22.000000,22.000000,31.000000,31.000000,32.000000,32.000000,32.000000,32.000000,33.000000,1,1,1,1,1,1,1,0,0,0,0,0,0,0,74,5376.194824,745,0,1,0.775936,0.019913,-0.324075,-3.115000,-0.400000,0.072000,1
4.805777,-12.726000,-23.531000,-0.366000,37.971001,19.020000,53.528000,169.634995,-17.760000,11.160000,18.709999,-27.000000,-7.200000,12.360000,17.520000,-626.000000,-965.000000,536.000000,-4202.000000,-592.000000,33.000000,699.000000,22.000000,22.000000,22.000000,22.000000,21.000000,22.000000,22.000000,31.000000,31.000000,32.000000,32.000000,32.000000,32.000000,33.000000,1,1,1,1,1,1,1,0,0,0,0,0,0,0,74,5376.193848,746,0,1,0.776178,0.020279,-0.324009,-3.115000,-0.400000,0.072000,1
4.815737,-12.944000,-23.398001,-0.129000,37.646000,18.931999,53.694000,169.837997,-15.960000,10.920000,19.440001,-27.240000,-7.800000,13.680000,16.920000,-578.000000,-990.000000,46.000000,-3942.000000,-788.000000,268.000000,599.000000,22.000000,22.000000,22.000000,22.000000,21.000000,22.000000,22.000000,31.000000,31.000000,32.000000,32.000000,32.000000,32.000000,33.000000,1,1,1,1,1,1,1,0,0,0,0,0,0,0,74,5376.190918,745,0,1,0.776497,0.021034,-0.324061,-3.115000,-0.400000,0.072000,1
4.825751,-13.116000,-23.282000,0.055000,37.377998,18.832001,53.863998,170.007004,-18.000000,10.920000,20.879999,-29.160000,-7.800000,13.680000,16.559999,-865.000000,-772.000000,607.000000,-4044.000000,-440.000000,449.000000,612.000000,22.000000,22.000000,22.000000,22.000000,21.000000,22.000000,22.000000,31.000000,31.000000,32.000000,32.000000,32.000000,32.000000,33.000000,1,1,1,1,1,1,1,0,0,0,0,0,0,0,74,5376.193848,745,0,1,0.776503,0.021441,-0.324213,-3.115000,-0.399000,0.072000,1
4.835791,-13.288000,-23.167999,0.250000,37.102001,18.743999,53.993000,170.223007,-17.150000,11.160000,19.799999,-29.280001,-7.560000,14.520000,17.400000,-1051.000000,-798.000000,88.000000,-3781.000000,-308.000000,125.000000,651.000000,22.000000,22.000000,22.000000,22.000000,21.000000,22.000000,21.000000,31.000000,31.000000,32.000000,32.000000,32.000000,32.000000,33.000000,1,1,1,1,1,1,1,0,0,0,0,0,0,0,74,5376.193848,744,0,1,0.776829,0.022039,-0.324245,-3.115000,-0.399000,0.071000,1
4.845719,-13.421000,-23.083000,0.390000,36.884998,18.683001,54.096001,170.337997,-18.000000,11.640000,19.799999,-27.719999,-7.440000,12.600000,15.240000,-709.000000,-787.000000,887.000000,-3977.000000,-358.000000,235.000000,654.000000,21.000000,22.000000,22.000000,22.000000,21.000000,22.000000,21.000000,31.000000,31.000000,32.000000,32.000000,32.000000,32.000000,33.000000,1,1,1,1,1,1,1,0,0,0,0,0,0,0,74,5376.193848,745,0,1,0.777121,0.022409,-0.324221,-3.115000,-0.399000,0.071000,1
4.855709,-13.517000,-23.032000,0.479000,36.741001,18.643000,54.165001,170.427994,-18.000000,11.280000,20.150000,-29.160000,-8.760000,12.600000,16.680000,-704.000000,-869.000000,315.000000,-3915.000000,-583.000000,297.000000,599.000000,21.000000,22.000000,22.000000,22.000000,21.000000,22.000000,21.000000,31.000000,31.000000,32.000000,32.000000,32.000000,32.000000,33.000000,1,1,1,1,1,1,1,0,0,0,0,0,0,0,74,5376.194824,744,0,1,0.777344,0.022604,-0.324154,-3.115000,-0.399000,0.071000,1
4.865805,-13.856000,-22.818001,0.844000,36.199001,18.502001,54.389000,170.712997,-16.920000,11.520000,18.709999,-27.360001,-8.280000,12.960000,18.360001,-531.000000,-971.000000,571.000000,-3554.000000,-665.000000,197.000000,659.000000,21.000000,22.000000,22.000000,22.000000,21.000000,22.000000,21.000000,31.000000,31.000000,32.000000,32.000000,32.000000,32.000000,33.000000,1,1,1,1,1,1,1,0,0,0,0,0,0,0,74,5376.194824,746,0,1,0.778259,0.023639,-0.324067,-3.116000,-0.400000,0.071000,1
4.875706,-14.035000,-22.695999,1.052000,35.903999,18.427999,54.527000,170.875000,-18.000000,11.880000,19.559999,-28.430000,-8.880000,13.320000,15.840000,-705.000000,-694.000000,632.000000,-3621.000000,-567.000000,231.000000,679.000000,21.000000,22.000000,22.000000,22.000000,21.000000,22.000000,21.000000,31.000000,31.000000,32.000000,32.000000,32.000000,32.000000,33.000000,1,1,1,1,1,1,1,0,0,0,0,0,0,0,74,5376.194824,745,0,1,0.778613,0.024324,-0.324097,-3.115000,-0.400000,0.071000,1
4.885948,-14.135000,-22.629999,1.187000,35.723999,18.360001,54.646000,171.003006,-18.709999,11.520000,20.400000,-28.799999,-9.350000,13.920000,16.320000,-846.000000,-841.000000,-243.000000,-3937.000000,-546.000000,372.000000,731.000000,21.000000,22.000000,22.000000,22.000000,21.000000,22.000000,21.000000,31.000000,31.000000,32.000000,32.000000,32.000000,32.000000,33.000000,1,1,1,1,1,1,1,0,0,0,0,0,0,0,74,5376.196777,745,0,1,0.778636,0.024803,-0.324100,-3.115000,-0.399000,0.070000,1
4.895886,-14.135000,-22.629999,1.187000,35.723999,18.360001,54.646000,171.003006,-18.709999,11.520000,20.400000,-28.799999,-9.350000,13.920000,16.320000,-846.000000,-841.000000,-243.000000,-3937.000000,-546.000000,372.000000,731.000000,21.000000,22.000000,22.000000,22.000000,21.000000,22.000000,21.000000,31.000000,31.000000,32.000000,32.000000,32.000000,32.000000,33.000000,1,1,1,1,1,1,1,0,0,0,0,0,0,0,74,5376.196777,745,0,1,0.778636,0.024803,-0.324100,-3.115000,-0.399000,0.070000,1
4.905745,-14.572000,-22.357000,1.668000,35.034000,18.190001,54.930000,171.345993,-17.879999,11.160000,20.520000,-28.680000,-7.200000,13.440000,16.559999,-397.000000,-811.000000,171.000000,-3449.000000,-377.000000,258.000000,694.000000,21.000000,22.000000,22.000000,22.000000,21.000000,22.000000,21.000000,31.000000,31.000000,32.000000,32.000000,32.000000,32.000000,33.000000,1,1,1,1,1,1,1,0,0,0,0,0,0,0,74,5376.196777,746,0,1,0.779786,0.026215,-0.323993,-3.115000,-0.400000,0.071000,1
4.915714,-14.783000,-22.198999,1.922000,34.742001,18.100000,55.108002,171.535995,-18.000000,11.280000,20.400000,-29.879999,-8.040000,13.680000,16.559999,-840.000000,-671.000000,666.000000,-3782.000000,-776.000000,419.000000,894.000000,21.000000,22.000000,22.000000,22.000000,21.000000,22.000000,21.000000,31.000000,31.000000,32.000000,32.000000,32.000000,32.000000,33.000000,1,1,1,1,1,1,1,0,0,0,0,0,0,0,74,5376.194824,745,0,1,0.779607,0.026948,-0.324479,-3.115000,-0.399000,0.070000,1
4.925710,-14.857000,-22.148001,2.005000,34.567001,18.056000,55.187000,171.636002,-19.200001,11.640000,20.400000,-28.799999,-6.960000,14.400000,17.639999,-739.000000,-754.000000,385.000000,-3694.000000,-581.000000,471.000000,644.000000,21.000000,22.000000,22.000000,22.000000,21.000000,22.000000,21.000000,31.000000,31.000000,32.000000,32.000000,32.000000,32.000000,33.000000,1,1,1,1,1,1,1,0,0,0,0,0,0,0,74,5376.196777,744,0,1,0.779983,0.027216,-0.324256,-3.114000,-0.399000,0.070000,1
4.935728,-14.857000,-22.148001,2.005000,34.567001,18.056000,55.187000,171.636002,-19.200001,11.640000,20.400000,-28.799999,-6.960000,14.400000,17.639999,-739.000000,-754.000000,385.000000,-3694.000000,-581.000000,471.000000,644.000000,21.000000,22.000000,22.000000,22.000000,21.000000,22.000000,21.000000,31.000000,31.000000,32.000000,32.000000,32.000000,32.000000,33.000000,1,1,1,1,1,1,1,0,0,0,0,0,0,0,74,5376.196777,744,0,1,0.779983,0.027216,-0.324256,-3.114000,-0.399000,0.070000,1
4.945710,-15.280000,-21.860001,2.441000,33.896000,17.847000,55.519001,172.003006,-18.360001,11.280000,19.920000,-29.520000,-8.640000,13.680000,13.800000,-599.000000,-1022.000000,417.000000,-3584.000000,-431.000000,218.000000,672.000000,22.000000,22.000000,22.000000,22.000000,21.000000,22.000000,21.000000,31.000000,31.000000,32.000000,32.000000,32.000000,32.000000,33.000000,1,1,1,1,1,1,1,0,0,0,0,0,0,0,74,5376.196777,746,0,1,0.780590,0.028014,-0.324456,-3.115000,-0.399000,0.069000,1
4.955730,-15.468000,-21.735001,2.653000,33.575001,17.740000,55.681999,172.184006,-17.879999,12.240000,19.440001,-29.520000,-7.560000,14.880000,17.400000,-630.000000,-667.000000,749.000000,-4230.000000,-302.000000,274.000000,674.000000,22.000000,22.000000,22.000000,22.000000,21.000000,22.000000,21.000000,31.000000,31.000000,32.000000,32.000000,32.000000,32.000000,33.000000,1,1,1,1,1,1,1,0,0,0,0,0,0,0,74,5376.194824,745,0,1,0.780917,0.028482,-0.324434,-3.116000,-0.399000,0.069000,1
4.965792,-15.714000,-21.577999,2.855000,33.265999,17.653000,55.844002,172.348999,-19.320000,12.120000,21.240000,-31.080000,-8.280000,15.600000,16.320000,-724.000000,-908.000000,370.000000,-3880.000000,-680.000000,129.000000,738.000000,22.000000,22.000000,22.000000,22.000000,21.000000,22.000000,21.000000,31.000000,31.000000,32.000000,32.000000,32.000000,32.000000,33.000000,1,1,1,1,1,1,1,0,0,0,0,0,0,0,74,5376.196777,745,0,1,0.781010,0.028543,-0.324779,-3.117000,-0.398000,0.069000,1
4.975695,-15.714000,-21.577999,2.855000,33.265999,17.653000,55.844002,172.348999,-19.320000,12.120000,21.240000,-31.080000,-8.280000,15.600000,16.320000,-724.000000,-908.000000,370.000000,-3880.000000,-680.000000,129.000000,738.000000,22.000000,22.000000,22.000000,22.000000,21.000000,22.000000,21.000000,31.000000,31.000000,32.000000,32.000000,32.000000,32.000000,33.000000,1,1,1,1,1,1,1,0,0,0,0,0,0,0,74,5376.194824,745,0,1,0.781010,0.028543,-0.324779,-3.117000,-0.398000,0.069000,1
4.985691,-16.063000,-21.372999,3.298000,32.636002,17.524000,56.098999,172.636993,-19.080000,12.120000,20.760000,-32.400002,-7.560000,14.880000,14.640000,-391.000000,-913.000000,94.000000,-4289.000000,-868.000000,475.000000,643.000000,22.000000,22.000000,22.000000,22.000000,21.000000,22.000000,21.000000,31.000000,31.000000,32.000000,32.000000,32.000000,32.000000,33.000000,1,1,1,1,1,1,1,0,0,0,0,0,0,0,74,5376.196777,747,0,1,0.782296,0.030287,-0.324239,-3.116000,-0.400000,0.069000,1
4.995831,-16.261999,-21.242001,3.550000,32.306000,17.406000,56.286999,172.817993,-18.709999,12.120000,20.639999,-31.559999,-8.640000,15.360000,18.959999,-782.000000,-803.000000,388.000000,-4007.000000,-444.000000,406.000000,641.000000,22.000000,22.000000,22.000000,22.000000,21.000000,22.000000,21.000000,31.000000,31.000000,32.000000,32.000000,32.000000,32.000000,33.000000,1,1,1,1,1,1,1,0,0,0,0,0,0,0,74,5376.198242,745,0,1,0.782442,0.030937,-0.324303,-3.116000,-0.399000,0.069000,1
5.005743,-16.509001,-21.084000,3.841000,31.907000,17.323999,56.442001,173.016006,-20.520000,13.080000,22.440001,-31.430000,-7.440000,14.640000,15.240000,-684.000000,-622.000000,112.000000,-3491.000000,-642.000000,305.000000,733.000000,22.000000,22.000000,22.000000,22.000000,21.000000,22.000000,21.000000,31.000000,31.000000,32.000000,32.000000,32.000000,32.000000,33.000000,1,1,1,1,1,1,1,0,0,0,0,0,0,0,74,5376.198242,746,0,1,0.783125,0.031890,-0.324224,-3.115000,-0.400000,0.069000,1
5.015703,-16.509001,-21.084000,3.841000,31.907000,17.323999,56.442001,173.016006,-20.520000,13.080000,22.440001,-31.430000,-7.440000,14.640000,15.240000,-684.000000,-622.000000,112.000000,-3491.000000,-642.000000,305.000000,733.000000,22.000000,22.000000,22.000000,22.000000,21.000000,22.000000,21.000000,31.000000,31.000000,32.000000,32.000000,32.000000,32.000000,33.000000,1,1,1,1,1,1,1,0,0,0,0,0,0,0,74,5376.194824,744,0,1,0.783125,0.031890,-0.324224,-3.115000,-0.400000,0.069000,1
5.025696,-16.806000,-20.886999,4.191000,31.389000,17.179001,56.722000,173.298004,-19.200001,13.320000,21.719999,-32.040001,-6.720000,16.200001,16.440001,-580.000000,-813.000000,371.000000,-3434.000000,-762.000000,260.000000,653.000000,22.000000,22.000000,22.000000,22.000000,21.000000,22.000000,21.000000,31.000000,31.000000,32.000000,32.000000,32.000000,32.000000,33.000000,1,1,1,1,1,1,1,0,0,0,0,0,0,0,74,5376.196777,746,0,1,0.783541,0.032854,-0.324163,-3.115000,-0.400000,0.068000,1
5.035718,-17.059000,-20.728001,4.446000,30.999001,17.093000,56.884998,173.462997,-19.799999,12.360000,20.760000,-32.160000,-6.840000,16.080000,15.360000,-762.000000,-540.000000,78.000000,-3797.000000,-998.000000,312.000000,543.000000,22.000000,22.000000,22.000000,22.000000,21.000000,22.000000,21.000000,31.000000,31.000000,32.000000,32.000000,32.000000,32.000000,33.000000,1,1,1,1,1,1,1,0,0,0,0,0,0,0,74,5376.196777,746,0,1,0.784119,0.033374,-0.324146,-3.115000,-0.400000,0.068000,1
5.045619,-17.181000,-20.646999,4.577000,30.798000,17.042999,56.986000,173.563004,-21.240000,14.400000,23.040001,-32.639999,-8.520000,14.760000,12.840000,-690.000000,-616.000000,675.000000,-3652.000000,-913.000000,408.000000,586.000000,22.000000,22.000000,22.000000,22.000000,21.000000,22.000000,21.000000,31.000000,31.000000,32.000000,32.000000,32.000000,32.000000,33.000000,1,1,1,1,1,1,1,0,0,0,0,0,0,0,74,5376.196777,744,0,1,0.784310,0.033664,-0.324155,-3.115000,-0.400000,0.068000,1
5.055648,-17.181000,-20.646999,4.577000,30.798000,17.042999,56.986000,173.563004,-21.240000,14.400000,23.040001,-32.639999,-8.520000,14.760000,12.840000,-690.000000,-616.000000,675.000000,-3652.000000,-913.000000,408.000000,586.000000,22.000000,22.000000,22.000000,22.000000,21.000000,22.000000,21.000000,31.000000,31.000000,32.000000,32.000000,32.000000,32.000000,33.000000,1,1,1,1,1,1,1,0,0,0,0,0,0,0,74,5376.196777,744,0,1,0.784310,0.033664,-0.324155,-3.115000,-0.400000,0.068000,1
5.065772,-17.650000,-20.339001,5.060000,30.032000,16.818001,57.348000,173.906006,-19.440001,12.600000,21.360001,-32.040001,-8.640000,15.840000,16.200001,-560.000000,-731.000000,727.000000,-3772.000000,-572.000000,331.000000,620.000000,22.000000,22.000000,22.000000,22.000000,21.000000,22.000000,21.000000,31.000000,31.000000,32.000000,32.000000,32.000000,32.000000,33.000000,1,1,1,1,1,1,1,0,0,0,0,0,0,0,74,5376.192871,745,0,1,0.785195,0.034342,-0.324128,-3.116000,-0.400000,0.068000,1
5.075655,-17.855000,-20.202999,5.296000,29.711000,16.718000,57.542000,174.097000,-20.040001,13.440000,21.959999,-33.959999,-7.680000,15.840000,16.559999,-460.000000,-751.000000,351.000000,-4027.000000,-798.000000,214.000000,695.000000,22.000000,22.000000,22.000000,22.000000,21.000000,22.000000,21.000000,31.000000,31.000000,32.000000,32.000000,32.000000,32.000000,33.000000,1,1,1,1,1,1,1,0,0,0,0,0,0,0,74,5376.194824,746,0,1,0.785221,0.034850,-0.324270,-3.116000,-0.399000,0.068000,1
5.085693,-18.011999,-20.138000,5.401000,29.544001,16.674999,57.638000,174.179001,-20.760000,13.680000,22.799999,-33.119999,-7.200000,17.879999,17.760000,-972.000000,-940.000000,721.000000,-4254.000000,-686.000000,373.000000,642.000000,22.000000,22.000000,22.000000,22.000000,21.000000,22.000000,21.000000,31.000000,31.000000,32.000000,32.000000,32.000000,32.000000,33.000000,1,1,1,1,1,1,1,0,0,0,0,0,0,0,74,5376.193848,745,0,1,0.785301,0.034724,-0.324318,-3.117000,-0.399000,0.068000,1
5.095695,-18.240000,-19.966999,5.708000,29.101999,16.582001,57.812000,174.343002,-21.000000,13.680000,23.160000,-34.430000,-7.200000,16.200001,15.600000,-589.000000,-749.000000,-75.000000,-4171.000000,-671.000000,299.000000,549.000000,22.000000,22.000000,22.000000,22.000000,21.000000,22.000000,21.000000,31.000000,31.000000,32.000000,32.000000,32.000000,32.000000,33.000000,1,1,1,1,1,1,1,0,0,0,0,0,0,0,74,5376.194824,745,0,1,0.786052,0.035765,-0.324155,-3.117000,-0.400000,0.068000,1
5.105683,-18.502001,-19.799999,6.020000,28.679001,16.445000,58.063999,174.542999,-22.080000,14.150000,24.120001,-34.799999,-9.000000,17.760000,16.320000,-652.000000,-899.000000,561.000000,-3874.000000,-366.000000,205.000000,664.000000,22.000000,22.000000,22.000000,22.000000,21.000000,22.000000,21.000000,31.000000,31.000000,32.000000,32.000000,32.000000,32.000000,33.000000,1,1,1,1,1,1,1,0,0,0,0,0,0,0,74,5376.194824,745,0,1,0.786167,0.036391,-0.324228,-3.117000,-0.399000,0.068000,1
5.115719,-18.775000,-19.624001,6.341000,28.222000,16.364000,58.248001,174.753006,-22.440001,14.400000,23.760000,-35.400002,-8.280000,16.920000,18.709999,-722.000000,-772.000000,909.000000,-3407.000000,-530.000000,305.000000,681.000000,22.000000,22.000000,22.000000,22.000000,21.000000,22.000000,21.000000,31.000000,31.000000,32.000000,32.000000,32.000000,32.000000,33.000000,1,1,1,1,1,1,1,0,0,0,0,0,0,0,74,5376.193848,745,0,1,0.786902,0.037386,-0.324083,-3.116000,-0.400000,0.067000,1
5.125717,-18.990999,-19.492001,6.579000,27.854000,16.292000,58.429001,174.917007,-23.520000,14.640000,25.799999,-36.720001,-8.880000,18.709999,16.680000,-589.000000,-643.000000,125.000000,-4354.000000,-750.000000,387.000000,599.000000,22.000000,22.000000,22.000000,22.000000,21.000000,22.000000,21.000000,31.000000,31.000000,32.000000,32.000000,32.000000,32.000000,33.000000,1,1,1,1,1,1,1,0,0,0,0,0,0,0,74,5376.196777,748,0,1,0.787342,0.038016,-0.323922,-3.116000,-0.401000,0.067000,1
5.135695,-19.118999,-19.410000,6.709000,27.664000,16.261999,58.520000,175.011993,-22.440001,14.150000,25.200001,-38.520000,-7.200000,17.760000,13.200000,-758.000000,-759.000000,673.000000,-3716.000000,-656.000000,232.000000,600.000000,22.000000,22.000000,22.000000,22.000000,21.000000,22.000000,21.000000,31.000000,31.000000,32.000000,32.000000,32.000000,32.000000,33.000000,1,1,1,1,1,1,1,0,0,0,0,0,0,0,74,5376.194824,746,0,1,0.787501,0.038314,-0.323980,-3.115000,-0.401000,0.066000,1
5.145691,-19.353001,-19.271999,6.950000,27.280001,16.153000,58.757000,175.212997,-23.639999,15.840000,25.920000,-37.919998,-9.480000,18.840000,16.680000,-818.000000,-446.000000,618.000000,-3887.000000,-811.000000,502.000000,539.000000,22.000000,21.000000,21.000000,22.000000,21.000000,22.000000,21.000000,31.000000,31.000000,32.000000,32.000000,32.000000,32.000000,33.000000,1,1,1,1,1,1,1,0,0,0,0,0,0,0,74,5376.194824,746,0,1,0.787645,0.038662,-0.323899,-3.116000,-0.400000,0.066000,1
5.155656,-19.635000,-19.080999,7.256000,26.783001,16.044001,58.993000,175.386993,-24.840000,15.000000,27.000000,-39.000000,-8.280000,19.440001,16.200001,-700.000000,-686.000000,1143.000000,-3874.000000,-359.000000,284.000000,857.000000,21.000000,21.000000,21.000000,22.000000,21.000000,22.000000,21.000000,31.000000,31.000000,32.000000,32.000000,32.000000,32.000000,33.000000,1,1,1,1,1,1,1,0,0,0,0,0,0,0,74,5376.193848,746,0,1,0.788239,0.039238,-0.323769,-3.116000,-0.401000,0.066000,1
5.165758,-19.930000,-18.896999,7.583000,26.302000,15.959000,59.183998,175.591003,-25.309999,15.960000,26.639999,-40.310001,-8.880000,19.799999,14.640000,-821.000000,-532.000000,715.000000,-3697.000000,-551.000000,499.000000,793.000000,21.000000,21.000000,21.000000,22.000000,21.000000,22.000000,21.000000,31.000000,31.000000,32.000000,32.000000,32.000000,32.000000,33.000000,1,1,1,1,1,1,1,0,0,0,0,0,0,0,74,5376.196777,746,0,1,0.789022,0.040065,-0.323598,-3.116000,-0.402000,0.065000,1
5.175656,-20.059000,-18.819000,7.726000,26.108999,15.894000,59.330002,175.669006,-24.959999,15.960000,27.480000,-40.680000,-9.600000,20.639999,13.680000,-883.000000,-785.000000,1078.000000,-4289.000000,-557.000000,425.000000,753.000000,21.000000,21.000000,21.000000,22.000000,21.000000,22.000000,21.000000,31.000000,31.000000,32.000000,32.000000,32.000000,32.000000,33.000000,1,1,1,1,1,1,1,0,0,0,0,0,0,0,74,5376.199219,746,0,1,0.788861,0.040227,-0.323699,-3.116000,-0.401000,0.066000,1
5.185605,-20.361000,-18.612000,8.068000,25.614000,15.809000,59.540001,175.871002,-26.280001,16.200001,27.240000,-41.279999,-9.480000,19.799999,15.240000,-962.000000,-672.000000,543.000000,-3397.000000,-614.000000,351.000000,693.000000,21.000000,21.000000,21.000000,22.000000,21.000000,22.000000,21.000000,31.000000,31.000000,32.000000,32.000000,32.000000,32.000000,33.000000,1,1,1,1,1,1,1,0,0,0,0,0,0,0,74,5376.199219,746,0,1,0.789474,0.041054,-0.323707,-3.115000,-0.401000,0.065000,1
5.195668,-20.691999,-18.396000,8.460000,25.096001,15.700000,59.792999,176.072998,-27.000000,15.840000,28.799999,-41.040001,-8.640000,21.600000,15.710000,-822.000000,-491.000000,307.000000,-3813.000000,-423.000000,359.000000,729.000000,21.000000,21.000000,21.000000,22.000000,21.000000,22.000000,21.000000,31.000000,31.000000,32.000000,32.000000,32.000000,32.000000,33.000000,1,1,1,1,1,1,1,0,0,0,0,0,0,0,74,5376.200195,746,0,1,0.789882,0.041976,-0.323780,-3.115000,-0.401000,0.065000,1
5.205663,-21.025000,-18.184999,8.754000,24.688999,15.610000,60.066002,176.268005,-27.120001,16.559999,29.520000,-41.759998,-8.640000,20.879999,17.150000,-755.000000,-788.000000,757.000000,-3813.000000,-431.000000,216.000000,634.000000,21.000000,21.000000,21.000000,22.000000,21.000000,22.000000,21.000000,31.000000,31.000000,32.000000,32.000000,32.000000,32.000000,33.000000,1,1,1,1,1,1,1,0,0,0,0,0,0,0,74,5376.194824,746,0,1,0.789514,0.042009,-0.324383,-3.115000,-0.399000,0.064000,1
5.215628,-21.148001,-18.108000,8.953000,24.384001,15.560000,60.216999,176.341003,-27.000000,16.799999,28.080000,-42.480000,-8.880000,20.879999,16.920000,-652.000000,-763.000000,-139.000000,-3870.000000,-675.000000,299.000000,610.000000,21.000000,21.000000,21.000000,22.000000,21.000000,22.000000,21.000000,31.000000,31.000000,32.000000,32.000000,32.000000,32.000000,33.000000,1,1,1,1,1,1,1,0,0,0,0,0,0,0,74,5376.194824,745,0,1,0.790019,0.042886,-0.323911,-3.114000,-0.400000,0.064000,1
5.225688,-21.445000,-17.924000,9.261000,23.921000,15.492000,60.416000,176.507996,-23.400000,14.640000,27.120001,-38.160000,-8.160000,20.520000,15.000000,103.000000,-1069.000000,-290.000000,-3502.000000,-604.000000,254.000000,625.000000,21.000000,21.000000,21.000000,22.000000,21.000000,22.000000,21.000000,31.000000,31.000000,32.000000,32.000000,32.000000,32.000000,33.000000,1,1,1,1,1,1,1,0,0,0,0,0,0,0,74,5376.187988,745,0,1,0.790626,0.043493,-0.323826,-3.114000,-0.401000,0.064000,1
5.235685,-21.695999,-17.775000,9.508000,23.540001,15.409000,60.611000,176.656998,-20.639999,13.080000,22.559999,-31.559999,-6.720000,17.639999,13.440000,-117.000000,-1196.000000,-223.000000,-2668.000000,-544.000000,487.000000,592.000000,21.000000,21.000000,21.000000,22.000000,21.000000,22.000000,21.000000,31.000000,31.000000,32.000000,32.000000,32.000000,32.000000,33.000000,1,1,1,1,1,1,1,0,0,0,0,0,0,0,74,5376.192871,746,0,1,0.790940,0.043747,-0.323789,-3.115000,-0.401000,0.064000,1
5.245666,-21.893000,-17.649000,9.739000,23.233999,15.321000,60.776001,176.778000,-15.710000,10.560000,18.240000,-26.760000,-6.240000,13.320000,10.200000,49.000000,-1285.000000,-702.000000,-2960.000000,-793.000000,142.000000,562.000000,22.000000,22.000000,22.000000,22.000000,21.000000,22.000000,21.000000,31.000000,31.000000,32.000000,32.000000,32.000000,32.000000,33.000000,1,1,1,1,1,1,1,0,0,0,0,0,0,0,74,5376.188965,746,0,1,0.791081,0.044074,-0.323843,-3.115000,-0.401000,0.064000,1
5.255615,-21.979000,-17.594000,9.835000,23.101000,15.280000,60.875999,176.835007,-12.960000,8.160000,16.559999,-21.600000,-6.120000,11.280000,8.280000,143.000000,-1325.000000,-191.000000,-2434.000000,-446.000000,23.000000,469.000000,22.000000,22.000000,22.000000,22.000000,21.000000,22.000000,21.000000,31.000000,31.000000,32.000000,32.000000,32.000000,32.000000,33.000000,1,1,1,1,1,1,1,0,0,0,0,0,0,0,74,5376.193848,745,0,1,0.790959,0.044156,-0.323915,-3.115000,-0.400000,0.064000,1
5.265693,-22.093000,-17.518999,9.972000,22.906000,15.220000,60.953999,176.914993,-5.520000,5.160000,8.760000,-11.400000,-6.480000,6.120000,4.670000,640.000000,-1416.000000,-175.000000,-2361.000000,-390.000000,92.000000,430.000000,22.000000,22.000000,22.000000,22.000000,21.000000,22.000000,21.000000,31.000000,31.000000,32.000000,32.000000,32.000000,32.000000,33.000000,1,1,1,1,1,1,1,0,0,0,0,0,0,0,74,5376.193848,745,0,1,0.791256,0.044336,-0.323846,-3.115000,-0.401000,0.064000,1
5.275610,-22.114000,-17.490000,10.029000,22.837000,15.162000,60.985001,176.944000,0.120000,1.080000,3.240000,-2.880000,-4.560000,1.560000,1.440000,321.000000,-1591.000000,-316.000000,-2330.000000,-424.000000,204.000000,375.000000,22.000000,22.000000,22.000000,22.000000,21.000000,22.000000,21.000000,31.000000,31.000000,32.000000,32.000000,32.000000,32.000000,33.000000,1,1,1,1,1,1,1,0,0,0,0,0,0,0,74,5376.193848,745,0,1,0.791331,0.044337,-0.323838,-3.115000,-0.401000,0.064000,1
5.285567,-22.089001,-17.487000,10.053000,22.832001,15.122000,60.988998,176.951996,4.320000,-0.480000,-0.360000,1.200000,-3.120000,-0.600000,-0.360000,1099.000000,-1844.000000,-636.000000,-1453.000000,-549.000000,35.000000,256.000000,22.000000,22.000000,22.000000,22.000000,21.000000,22.000000,21.000000,31.000000,31.000000,32.000000,32.000000,32.000000,32.000000,33.000000,1,1,1,1,1,1,1,0,0,0,0,0,0,0,74,5376.192871,745,0,1,0.791311,0.044431,-0.323835,-3.115000,-0.401000,0.064000,1
5.295615,-22.030001,-17.490000,10.036000,22.858999,15.091000,60.981998,176.949005,7.200000,-1.080000,-2.880000,5.520000,-2.640000,-2.160000,-1.440000,1185.000000,-2662.000000,-1094.000000,-352.000000,-617.000000,-386.000000,-44.000000,22.000000,22.000000,22.000000,22.000000,21.000000,22.000000,21.000000,31.000000,31.000000,32.000000,32.000000,32.000000,32.000000,33.000000,1,1,1,1,1,1,1,0,0,0,0,0,0,0,74,5376.192871,745,0,1,0.791207,0.044388,-0.323894,-3.115000,-0.400000,0.063000,1
5.305609,-21.980000,-17.497000,10.015000,22.896000,15.073000,60.966999,176.949005,9.000000,-1.800000,-3.960000,7.070000,-2.510000,-2.760000,-1.560000,1082.000000,-2794.000000,-989.000000,-464.000000,-672.000000,-367.000000,-114.000000,22.000000,22.000000,22.000000,22.000000,21.000000,22.000000,21.000000,31.000000,31.000000,32.000000,32.000000,32.000000,32.000000,33.000000,1,1,1,1,1,1,1,0,0,0,0,0,0,0,74,5376.192871,746,0,1,0.791113,0.044360,-0.323957,-3.115000,-0.400000,0.063000,0
5.315609,-21.893999,-17.516001,9.956000,22.988001,15.063000,60.948002,176.940002,5.280000,-2.400000,-6.480000,7.800000,1.440000,-2.510000,-3.240000,174.000000,-2973.000000,-815.000000,-788.000000,-73.000000,-392.000000,-247.000000,22.000000,22.000000,22.000000,22.000000,21.000000,22.000000,21.000000,31.000000,31.000000,32.000000,32.000000,32.000000,32.000000,33.000000,1,1,1,1,1,1,1,0,0,0,0,0,0,0,74,5376.192871,745,0,1,0.790773,0.044234,-0.324148,-3.114000,-0.399000,0.063000,0
5.325647,-21.844999,-17.538000,9.891000,23.068001,15.063000,60.933998,176.921997,4.800000,-2.760000,-6.350000,8.520000,0.360000,-1.680000,-3.360000,694.000000,-3003.000000,-711.000000,-656.000000,-30.000000,-701.000000,-278.000000,22.000000,22.000000,22.000000,22.000000,21.000000,22.000000,21.000000,31.000000,31.000000,32.000000,32.000000,32.000000,32.000000,33.000000,1,1,1,1,1,1,1,0,0,0,0,0,0,0,74,5376.194824,746,0,1,0.790498,0.043935,-0.324284,-3.115000,-0.399000,0.063000,0
5.335588,-21.798000,-17.563999,9.830000,23.152000,15.060000,60.918999,176.904999,4.920000,-2.760000,-7.070000,9.480000,0.480000,-1.920000,-3.240000,742.000000,-3082.000000,-591.000000,-919.000000,56.000000,-821.000000,-343.000000,22.000000,22.000000,22.000000,22.000000,21.000000,22.000000,22.000000,31.000000,31.000000,32.000000,32.000000,32.000000,32.000000,33.000000,1,1,1,1,1,1,1,0,0,0,0,0,0,0,74,5376.193848,745,0,1,0.790222,0.043636,-0.324406,-3.115000,-0.398000,0.063000,0
5.345681,-21.735001,-17.598000,9.753000,23.231001,15.060000,60.897999,176.884995,4.800000,-2.880000,-6.480000,8.280000,0.720000,-2.160000,-3.720000,669.000000,-3144.000000,-368.000000,-925.000000,130.000000,-848.000000,-371.000000,22.000000,22.000000,22.000000,22.000000,21.000000,22.000000,22.000000,31.000000,31.000000,32.000000,32.000000,32.000000,32.000000,33.000000,1,1,1,1,1,1,1,0,0,0,0,0,0,0,74,5376.193848,745,0,1,0.790063,0.043356,-0.324406,-3.116000,-0.398000,0.063000,0
5.355583,-21.684999,-17.624001,9.695000,23.329000,15.062000,60.882999,176.854996,4.560000,-2.510000,-5.640000,7.920000,0.960000,-2.160000,-3.720000,899.000000,-3334.000000,-719.000000,-888.000000,193.000000,-985.000000,-414.000000,22.000000,22.000000,22.000000,22.000000,21.000000,22.000000,22.000000,31.000000,31.000000,32.000000,32.000000,32.000000,32.000000,33.000000,1,1,1,1,1,1,1,0,0,0,0,0,0,0,74,5376.193848,746,0,1,0.789693,0.043097,-0.324597,-3.116000,-0.397000,0.063000,0
5.365674,-21.636999,-17.656000,9.647000,23.409000,15.060000,60.854000,176.820007,4.670000,-2.880000,-4.560000,8.280000,1.080000,-2.760000,-3.600000,815.000000,-3379.000000,-1021.000000,-810.000000,226.000000,-969.000000,-448.000000,22.000000,22.000000,22.000000,22.000000,21.000000,22.000000,22.000000,31.000000,31.000000,32.000000,32.000000,32.000000,32.000000,33.000000,1,1,1,1,1,1,1,0,0,0,0,0,0,0,74,5376.193848,746,0,1,0.789551,0.042933,-0.324628,-3.116000,-0.397000,0.063000,0
5.375573,-21.586000,-17.681000,9.599000,23.472000,15.067000,60.820999,176.772003,5.160000,-2.510000,-5.280000,7.680000,1.320000,-2.880000,-3.840000,637.000000,-3524.000000,-662.000000,-476.000000,223.000000,-1001.000000,-489.000000,22.000000,22.000000,22.000000,22.000000,21.000000,22.000000,22.000000,31.000000,31.000000,32.000000,32.000000,32.000000,32.000000,33.000000,1,1,1,1,1,1,1,0,0,0,0,0,0,0,74,5376.194824,745,0,1,0.789515,0.042824,-0.324624,-3.116000,-0.397000,0.064000,0
5.385608,-21.530001,-17.711000,9.540000,23.549000,15.071000,60.783001,176.729996,4.800000,-3.360000,-6.000000,8.040000,1.560000,-3.360000,-3.600000,632.000000,-3442.000000,-632.000000,-661.000000,244.000000,-933.000000,-548.000000,22.000000,22.000000,22.000000,22.000000,21.000000,22.000000,22.000000,31.000000,31.000000,32.000000,32.000000,32.000000,32.000000,33.000000,1,1,1,1,1,1,1,0,0,0,0,0,0,0,74,5376.196777,744,0,1,0.789457,0.042644,-0.324625,-3.117000,-0.397000,0.064000,0
5.395586,-21.485001,-17.743999,9.489000,23.615999,15.076000,60.752998,176.692993,4.670000,-3.120000,-5.400000,7.560000,1.560000,-3.240000,-3.720000,981.000000,-3263.000000,-627.000000,-663.000000,259.000000,-934.000000,-525.000000,22.000000,22.000000,22.000000,22.000000,21.000000,22.000000,22.000000,31.000000,31.000000,32.000000,32.000000,32.000000,32.000000,33.000000,1,1,1,1,1,1,1,0,0,0,0,0,0,0,74,5376.196777,745,0,1,0.789416,0.042496,-0.324577,-3.117000,-0.397000,0.064000,0
5.405689,-21.434000,-17.784000,9.422000,23.695999,15.074000,60.713001,176.654007,4.440000,-3.120000,-5.400000,6.840000,1.440000,-3.240000,-3.600000,936.000000,-3157.000000,-607.000000,-578.000000,293.000000,-970.000000,-581.000000,22.000000,22.000000,22.000000,22.000000,21.000000,22.000000,22.000000,31.000000,31.000000,32.000000,32.000000,32.000000,32.000000,33.000000,1,1,1,1,1,1,1,0,0,0,0,0,0,0,74,5376.194824,746,0,1,0.789404,0.042215,-0.324507,-3.118000,-0.397000,0.065000,0
5.415643,-21.379999,-17.819000,9.360000,23.775000,15.076000,60.682999,176.613998,4.320000,-2.640000,-4.670000,6.720000,1.680000,-3.240000,-3.720000,761.000000,-3422.000000,-454.000000,-756.000000,282.000000,-985.000000,-550.000000,22.000000,22.000000,22.000000,22.000000,21.000000,22.000000,22.000000,31.000000,31.000000,32.000000,32.000000,32.000000,32.000000,33.000000,1,1,1,1,1,1,1,0,0,0,0,0,0,0,74,5376.198242,747,0,1,0.789304,0.041996,-0.324488,-3.118000,-0.397000,0.065000,0
5.425678,-21.334999,-17.847000,9.310000,23.847000,15.077000,60.639999,176.576004,3.960000,-2.400000,-4.670000,6.840000,1.800000,-3.960000,-3.960000,825.000000,-3511.000000,-278.000000,-954.000000,323.000000,-857.000000,-541.000000,22.000000,22.000000,22.000000,22.000000,21.000000,22.000000,22.000000,31.000000,31.000000,32.000000,32.000000,32.000000,32.000000,33.000000,1,1,1,1,1,1,1,0,0,0,0,0,0,0,74,5376.199219,745,0,1,0.789288,0.041814,-0.324491,-3.118000,-0.397000,0.066000,0
5.435692,-21.284000,-17.868999,9.271000,23.898001,15.076000,60.599998,176.535995,3.960000,-2.400000,-4.320000,6.350000,1.440000,-3.960000,-3.960000,911.000000,-3631.000000,-517.000000,-382.000000,370.000000,-811.000000,-573.000000,22.000000,22.000000,22.000000,22.000000,21.000000,22.000000,22.000000,31.000000,31.000000,32.000000,32.000000,32.000000,32.000000,33.000000,1,1,1,1,1,1,1,0,0,0,0,0,0,0,74,5376.199219,747,0,1,0.789357,0.041734,-0.324439,-3.118000,-0.397000,0.066000,0
5.445649,-21.240000,-17.907000,9.220000,23.988001,15.089000,60.551998,176.492996,4.320000,-2.880000,-3.840000,6.480000,1.200000,-3.960000,-3.720000,602.000000,-3466.000000,-778.000000,-518.000000,480.000000,-710.000000,-518.000000,22.000000,22.000000,22.000000,22.000000,21.000000,22.000000,22.000000,31.000000,31.000000,32.000000,32.000000,32.000000,32.000000,33.000000,1,1,1,1,1,1,1,0,0,0,0,0,0,0,74,5376.198242,744,0,1,0.789301,0.041617,-0.324433,-3.119000,-0.397000,0.066000,0
5.455684,-21.194000,-17.937000,9.188000,24.054001,15.113000,60.507999,176.455994,4.670000,-3.240000,-3.600000,6.600000,2.040000,-3.960000,-3.720000,674.000000,-3300.000000,-816.000000,-862.000000,427.000000,-708.000000,-523.000000,22.000000,22.000000,22.000000,22.000000,21.000000,22.000000,22.000000,31.000000,31.000000,32.000000,32.000000,32.000000,32.000000,33.000000,1,1,1,1,1,1,1,0,0,0,0,0,0,0,74,5376.196777,746,0,1,0.789326,0.041744,-0.324383,-3.118000,-0.397000,0.066000,0
5.465651,-21.152000,-17.972000,9.151000,24.120001,15.141000,60.477001,176.408005,3.480000,-2.760000,-4.200000,6.120000,2.510000,-2.760000,-3.720000,822.000000,-3211.000000,-973.000000,-661.000000,324.000000,-859.000000,-511.000000,22.000000,22.000000,22.000000,22.000000,21.000000,22.000000,22.000000,31.000000,31.000000,32.000000,32.000000,32.000000,32.000000,33.000000,1,1,1,1,1,1,1,0,0,0,0,0,0,0,74,5376.196777,746,0,1,0.789297,0.041833,-0.324318,-3.118000,-0.397000,0.067000,0
5.475640,-21.135000,-17.983999,9.144000,24.129999,15.152000,60.466999,176.393005,3.600000,-2.640000,-4.320000,5.880000,2.400000,-2.400000,-3.480000,774.000000,-3290.000000,-872.000000,-621.000000,268.000000,-919.000000,-512.000000,22.000000,22.000000,22.000000,22.000000,21.000000,22.000000,22.000000,31.000000,31.000000,32.000000,32.000000,32.000000,32.000000,33.000000,1,1,1,1,1,1,1,0,0,0,0,0,0,0,74,5376.194824,745,0,1,0.789363,0.041961,-0.324225,-3.118000,-0.398000,0.067000,0
5.485639,-21.101999,-18.009001,9.089000,24.207001,15.177000,60.435001,176.345993,3.720000,-2.510000,-4.080000,5.760000,2.400000,-2.400000,-3.600000,840.000000,-3272.000000,-787.000000,-685.000000,267.000000,-989.000000,-512.000000,22.000000,22.000000,22.000000,22.000000,21.000000,22.000000,22.000000,31.000000,31.000000,32.000000,32.000000,32.000000,32.000000,33.000000,1,1,1,1,1,1,1,0,0,0,0,0,0,0,74,5376.194824,745,0,1,0.789228,0.041783,-0.324302,-3.118000,-0.397000,0.067000,0
5.495692,-21.054001,-18.042000,9.039000,24.270000,15.196000,60.411999,176.311005,3.720000,-2.160000,-3.840000,6.000000,2.280000,-2.760000,-3.000000,719.000000,-3432.000000,-660.000000,-740.000000,257.000000,-1027.000000,-593.000000,22.000000,22.000000,22.000000,22.000000,21.000000,22.000000,22.000000,31.000000,31.000000,32.000000,32.000000,32.000000,32.000000,33.000000,1,1,1,1,1,1,1,0,0,0,0,0,0,0,74,5376.196777,744,0,1,0.789167,0.041748,-0.324240,-3.118000,-0.397000,0.068000,0
5.505737,-21.011999,-18.066999,8.995000,24.341000,15.224000,60.380001,176.272003,3.600000,-2.640000,-4.080000,5.280000,2.400000,-2.510000,-3.240000,537.000000,-3266.000000,-563.000000,-604.000000,229.000000,-998.000000,-567.000000,22.000000,22.000000,22.000000,22.000000,21.000000,22.000000,22.000000,31.000000,31.000000,32.000000,32.000000,32.000000,32.000000,33.000000,1,1,1,1,1,1,1,0,0,0,0,0,0,0,74,5376.196777,745,0,1,0.789057,0.041738,-0.324288,-3.118000,-0.397000,0.068000,0
5.515611,-20.979000,-18.091000,8.959000,24.395000,15.250000,60.348999,176.240997,3.360000,-2.510000,-3.720000,5.520000,2.040000,-2.760000,-3.240000,802.000000,-3262.000000,-759.000000,-637.000000,197.000000,-968.000000,-608.000000,22.000000,22.000000,22.000000,22.000000,21.000000,22.000000,22.000000,31.000000,31.000000,32.000000,32.000000,32.000000,32.000000,33.000000,1,1,1,1,1,1,1,0,0,0,0,0,0,0,74,5376.198242,745,0,1,0.789058,0.041774,-0.324250,-3.118000,-0.397000,0.068000,0
5.525659,-20.945999,-18.113001,8.918000,24.450001,15.265000,60.320999,176.207993,3.000000,-2.760000,-3.840000,5.640000,1.680000,-2.760000,-3.240000,823.000000,-3085.000000,-523.000000,-544.000000,228.000000,-964.000000,-542.000000,22.000000,22.000000,22.000000,22.000000,21.000000,22.000000,22.000000,31.000000,31.000000,32.000000,32.000000,32.000000,32.000000,33.000000,1,1,1,1,1,1,1,0,0,0,0,0,0,0,74,5376.196777,746,0,1,0.789017,0.041682,-0.324252,-3.118000,-0.397000,0.068000,0
5.535649,-20.907000,-18.146000,8.871000,24.525000,15.280000,60.287998,176.175003,3.360000,-2.040000,-3.840000,5.760000,1.440000,-2.760000,-3.240000,752.000000,-3180.000000,-643.000000,-738.000000,312.000000,-911.000000,-553.000000,22.000000,22.000000,22.000000,22.000000,21.000000,22.000000,22.000000,31.000000,31.000000,32.000000,32.000000,32.000000,32.000000,33.000000,1,1,1,1,1,1,1,0,0,0,0,0,0,0,74,5376.194824,746,0,1,0.788931,0.041591,-0.324246,-3.118000,-0.397000,0.068000,0
5.545663,-20.871000,-18.164000,8.838000,24.576000,15.301000,60.262001,176.141998,3.240000,-1.920000,-3.240000,4.670000,1.320000,-2.160000,-3.360000,691.000000,-3274.000000,-728.000000,-578.000000,359.000000,-1026.000000,-500.000000,22.000000,22.000000,22.000000,22.000000,21.000000,22.000000,22.000000,31.000000,31.000000,32.000000,32.000000,32.000000,32.000000,33.000000,1,1,1,1,1,1,1,0,0,0,0,0,0,0,74,5376.193848,746,0,1,0.788879,0.041607,-0.324266,-3.118000,-0.397000,0.068000,0
5.555640,-20.830000,-18.186001,8.809000,24.627001,15.320000,60.236000,176.106003,3.240000,-1.800000,-3.240000,5.160000,1.560000,-2.400000,-3.240000,516.000000,-3301.000000,-867.000000,-797.000000,328.000000,-1048.000000,-532.000000,22.000000,22.000000,22.000000,22.000000,21.000000,22.000000,22.000000,31.000000,31.000000,32.000000,32.000000,32.000000,32.000000,33.000000,1,1,1,1,1,1,1,0,0,0,0,0,0,0,74,5376.194824,745,0,1,0.788846,0.041691,-0.324246,-3.117000,-0.397000,0.069000,0
5.565658,-20.790001,-18.208000,8.774000,24.683001,15.335000,60.212002,176.074997,3.120000,-1.560000,-3.240000,5.030000,1.560000,-2.510000,-2.880000,641.000000,-3465.000000,-916.000000,-744.000000,324.000000,-1028.000000,-538.000000,22.000000,22.000000,22.000000,22.000000,21.000000,22.000000,22.000000,31.000000,31.000000,32.000000,32.000000,32.000000,32.000000,33.000000,1,1,1,1,1,1,1,0,0,0,0,0,0,0,74,5376.194824,746,0,1,0.788772,0.041682,-0.324255,-3.117000,-0.397000,0.069000,0
