t_mono,position1,position2,position3,position4,position5,position6,position7,speed1,speed2,speed3,speed4,speed5,speed6,speed7,current1,current2,current3,current4,current5,current6,current7,voltage1,voltage2,voltage3,voltage4,voltage5,voltage6,voltage7,temperature1,temperature2,temperature3,temperature4,temperature5,temperature6,temperature7,en1,en2,en3,en4,en5,en6,en7,err1,err2,err3,err4,err5,err6,err7,lift_height,lift_pos,lift_current,lift_err,lift_en,tcp_x,tcp_y,tcp_z,tcp_rx,tcp_ry,tcp_rz,arm_status
0.145517,-3.418000,-69.683998,7.340000,134.529999,32.265999,2.245000,150.397995,0.000000,0.000000,0.000000,-0.120000,0.000000,0.000000,0.000000,-134.000000,-1368.000000,-240.000000,-1934.000000,-129.000000,-81.000000,-50.000000,22.000000,22.000000,22.000000,22.000000,22.000000,22.000000,22.000000,31.000000,31.000000,32.000000,32.000000,33.000000,33.000000,34.000000,1,1,1,1,1,1,1,0,0,0,0,0,0,0,74,5376.207031,758,0,1,0.515214,0.031867,-0.323600,-3.117000,-0.400000,0.076000,0
0.155472,-3.416000,-69.685997,7.337000,134.528000,32.264000,2.246000,150.397995,0.000000,0.000000,0.000000,0.000000,0.000000,0.000000,0.000000,-125.000000,-1359.000000,-221.000000,-1904.000000,-118.000000,-78.000000,-37.000000,22.000000,22.000000,22.000000,22.000000,22.000000,22.000000,22.000000,31.000000,31.000000,32.000000,32.000000,33.000000,33.000000,34.000000,1,1,1,1,1,1,1,0,0,0,0,0,0,0,74,5376.204102,756,0,1,0.515231,0.031859,-0.323590,-3.117000,-0.400000,0.076000,0
0.165456,-3.419000,-69.685997,7.336000,134.526001,32.264999,2.249000,150.399002,0.000000,0.000000,0.000000,0.000000,0.000000,0.000000,0.000000,-125.000000,-1360.000000,-172.000000,-1871.000000,-121.000000,-76.000000,-40.000000,22.000000,22.000000,22.000000,22.000000,22.000000,22.000000,22.000000,31.000000,31.000000,32.000000,32.000000,33.000000,33.000000,34.000000,1,1,1,1,1,1,1,0,0,0,0,0,0,0,74,5376.206055,758,0,1,0.515241,0.031849,-0.323587,-3.117000,-0.400000,0.076000,0
0.175431,-3.418000,-69.686996,7.333000,134.522003,32.261002,2.249000,150.397003,0.000000,0.000000,0.000000,-0.120000,0.000000,0.000000,0.000000,-132.000000,-1354.000000,-141.000000,-1842.000000,-123.000000,-62.000000,-33.000000,22.000000,22.000000,22.000000,22.000000,22.000000,22.000000,22.000000,31.000000,31.000000,32.000000,32.000000,33.000000,33.000000,34.000000,1,1,1,1,1,1,1,0,0,0,0,0,0,0,74,5376.206055,756,0,1,0.515292,0.031837,-0.323566,-3.117000,-0.400000,0.076000,0
0.185532,-3.419000,-69.689003,7.332000,134.520004,32.262001,2.249000,150.397995,0.000000,0.000000,0.000000,0.000000,0.000000,0.000000,0.000000,-123.000000,-1349.000000,-156.000000,-1838.000000,-114.000000,-60.000000,-21.000000,22.000000,22.000000,22.000000,22.000000,22.000000,22.000000,22.000000,31.000000,31.000000,32.000000,32.000000,33.000000,33.000000,34.000000,1,1,1,1,1,1,1,0,0,0,0,0,0,0,74,5376.206055,755,0,1,0.515314,0.031825,-0.323555,-3.117000,-0.400000,0.076000,0
0.195593,-3.416000,-69.686996,7.332000,134.520004,32.262001,2.252000,150.397003,0.000000,0.000000,0.000000,0.000000,-0.240000,0.000000,0.000000,-125.000000,-1349.000000,-150.000000,-1860.000000,-123.000000,-63.000000,-16.000000,22.000000,22.000000,22.000000,22.000000,22.000000,22.000000,22.000000,31.000000,31.000000,32.000000,32.000000,33.000000,33.000000,34.000000,1,1,1,1,1,1,1,0,0,0,0,0,0,0,74,5376.206055,757,0,1,0.515291,0.031847,-0.323564,-3.117000,-0.400000,0.076000,0
0.205463,-3.419000,-69.686996,7.330000,134.520004,32.264000,2.252000,150.397003,0.000000,0.000000,0.000000,0.000000,0.000000,0.120000,0.000000,-130.000000,-1349.000000,-147.000000,-1902.000000,-111.000000,-68.000000,-11.000000,22.000000,22.000000,22.000000,22.000000,22.000000,22.000000,22.000000,31.000000,31.000000,32.000000,32.000000,33.000000,33.000000,34.000000,1,1,1,1,1,1,1,0,0,0,0,0,0,0,74,5376.204102,761,0,1,0.515292,0.031824,-0.323565,-3.117000,-0.400000,0.076000,0
0.215454,-3.418000,-69.690002,7.329000,134.520004,32.262001,2.256000,150.397995,0.000000,0.000000,0.000000,0.000000,0.000000,0.120000,0.000000,-128.000000,-1344.000000,-131.000000,-1868.000000,-99.000000,-63.000000,0.000000,22.000000,22.000000,22.000000,22.000000,22.000000,22.000000,22.000000,31.000000,31.000000,32.000000,32.000000,33.000000,33.000000,34.000000,1,1,1,1,1,1,1,0,0,0,0,0,0,0,74,5376.206055,756,0,1,0.515283,0.031835,-0.323558,-3.117000,-0.400000,0.076000,0
0.225510,-3.416000,-69.686996,7.330000,134.516006,32.261002,2.259000,150.397003,0.000000,0.000000,0.000000,0.000000,0.000000,0.000000,0.000000,-134.000000,-1346.000000,-102.000000,-1910.000000,-89.000000,-70.000000,6.000000,22.000000,22.000000,22.000000,22.000000,22.000000,22.000000,22.000000,31.000000,31.000000,32.000000,32.000000,33.000000,33.000000,34.000000,1,1,1,1,1,1,1,0,0,0,0,0,0,0,74,5376.204102,757,0,1,0.515291,0.031861,-0.323561,-3.117000,-0.400000,0.076000,0
0.235440,-3.416000,-69.689003,7.330000,134.514999,32.262001,2.260000,150.397995,0.000000,0.000000,0.000000,0.000000,0.000000,0.000000,0.000000,-124.000000,-1354.000000,-115.000000,-1851.000000,-94.000000,-70.000000,1.000000,22.000000,22.000000,22.000000,22.000000,22.000000,22.000000,22.000000,31.000000,31.000000,32.000000,32.000000,33.000000,33.000000,34.000000,1,1,1,1,1,1,1,0,0,0,0,0,0,0,74,5376.204102,756,0,1,0.515304,0.031869,-0.323552,-3.117000,-0.400000,0.076000,0
0.245487,-3.419000,-69.689003,7.330000,134.513000,32.262001,2.260000,150.397003,0.000000,0.000000,0.000000,0.000000,0.000000,0.000000,0.000000,-129.000000,-1352.000000,-120.000000,-1846.000000,-95.000000,-57.000000,6.000000,22.000000,22.000000,22.000000,22.000000,22.000000,22.000000,22.000000,31.000000,31.000000,32.000000,32.000000,33.000000,33.000000,34.000000,1,1,1,1,1,1,1,0,0,0,0,0,0,0,74,5376.206055,757,0,1,0.515318,0.031855,-0.323549,-3.117000,-0.400000,0.076000,0
0.255468,-3.419000,-69.689003,7.330000,134.511993,32.258999,2.261000,150.397995,0.000000,0.000000,0.000000,0.000000,-0.240000,0.000000,0.000000,-115.000000,-1348.000000,-98.000000,-1858.000000,-93.000000,-58.000000,21.000000,22.000000,22.000000,22.000000,22.000000,22.000000,22.000000,22.000000,31.000000,31.000000,32.000000,32.000000,33.000000,33.000000,34.000000,1,1,1,1,1,1,1,0,0,0,0,0,0,0,74,5376.203125,755,0,1,0.515323,0.031858,-0.323546,-3.117000,-0.400000,0.076000,0
0.265425,-3.419000,-69.686996,7.332000,134.511993,32.258999,2.264000,150.397003,0.000000,0.000000,0.000000,0.000000,0.000000,0.000000,-0.120000,-122.000000,-1344.000000,-90.000000,-1836.000000,-85.000000,-59.000000,15.000000,22.000000,22.000000,22.000000,22.000000,22.000000,22.000000,22.000000,31.000000,31.000000,32.000000,32.000000,33.000000,33.000000,34.000000,1,1,1,1,1,1,1,0,0,0,0,0,0,0,74,5376.204102,755,0,1,0.515299,0.031873,-0.323557,-3.117000,-0.400000,0.076000,0
0.275602,-3.420000,-69.686996,7.330000,134.511993,32.261002,2.268000,150.397003,0.000000,0.000000,0.000000,-0.120000,-0.120000,0.000000,0.120000,-109.000000,-1347.000000,-71.000000,-1856.000000,-81.000000,-55.000000,24.000000,22.000000,22.000000,22.000000,22.000000,22.000000,22.000000,22.000000,31.000000,31.000000,32.000000,32.000000,33.000000,33.000000,34.000000,1,1,1,1,1,1,1,0,0,0,0,0,0,0,74,5376.206055,755,0,1,0.515276,0.031870,-0.323564,-3.117000,-0.400000,0.076000,0
0.285492,-3.418000,-69.685997,7.330000,134.511993,32.261002,2.270000,150.401001,0.000000,0.000000,0.000000,0.000000,0.000000,0.000000,0.000000,-126.000000,-1346.000000,-85.000000,-1861.000000,-61.000000,-66.000000,12.000000,22.000000,22.000000,22.000000,22.000000,22.000000,22.000000,22.000000,31.000000,31.000000,32.000000,32.000000,33.000000,33.000000,34.000000,1,1,1,1,1,1,1,0,0,0,0,0,0,0,74,5376.204102,757,0,1,0.515259,0.031892,-0.323571,-3.117000,-0.400000,0.076000,0
0.295486,-3.418000,-69.689003,7.330000,134.513000,32.261002,2.271000,150.399002,0.000000,0.000000,0.000000,0.000000,0.000000,0.000000,0.000000,-122.000000,-1344.000000,-80.000000,-1852.000000,-77.000000,-63.000000,37.000000,22.000000,22.000000,22.000000,22.000000,22.000000,22.000000,22.000000,31.000000,31.000000,32.000000,32.000000,33.000000,33.000000,34.000000,1,1,1,1,1,1,1,0,0,0,0,0,0,0,74,5376.206055,756,0,1,0.515252,0.031894,-0.323565,-3.117000,-0.400000,0.076000,0
0.305515,-3.419000,-69.690002,7.330000,134.511993,32.258999,2.272000,150.399002,0.000000,0.000000,0.000000,0.000000,0.000000,0.000000,0.000000,-124.000000,-1337.000000,-90.000000,-1831.000000,-64.000000,-46.000000,36.000000,22.000000,22.000000,22.000000,22.000000,22.000000,22.000000,22.000000,31.000000,31.000000,32.000000,32.000000,33.000000,33.000000,34.000000,1,1,1,1,1,1,1,0,0,0,0,0,0,0,74,5376.204102,756,0,1,0.515266,0.031891,-0.323556,-3.117000,-0.400000,0.076000,0
0.315439,-3.420000,-69.690002,7.332000,134.511002,32.257999,2.277000,150.397995,0.000000,0.000000,0.000000,0.000000,0.000000,0.000000,0.240000,-122.000000,-1342.000000,-73.000000,-1851.000000,-56.000000,-59.000000,48.000000,22.000000,22.000000,22.000000,22.000000,22.000000,22.000000,22.000000,31.000000,31.000000,32.000000,32.000000,33.000000,33.000000,34.000000,1,1,1,1,1,1,1,0,0,0,0,0,0,0,74,5376.206055,757,0,1,0.515253,0.031903,-0.323559,-3.117000,-0.400000,0.076000,0
0.325486,-3.419000,-69.689003,7.330000,134.511002,32.258999,2.278000,150.397003,0.000000,0.000000,0.000000,0.000000,0.000000,0.000000,0.000000,-119.000000,-1337.000000,-44.000000,-1841.000000,-58.000000,-60.000000,54.000000,22.000000,22.000000,22.000000,22.000000,22.000000,22.000000,22.000000,31.000000,31.000000,32.000000,32.000000,33.000000,33.000000,34.000000,1,1,1,1,1,1,1,0,0,0,0,0,0,0,74,5376.204102,757,0,1,0.515239,0.031905,-0.323566,-3.117000,-0.400000,0.076000,0
0.335402,-3.418000,-69.689003,7.330000,134.511002,32.258999,2.279000,150.397995,0.000000,0.000000,0.000000,0.000000,0.000000,0.000000,-0.240000,-127.000000,-1332.000000,-35.000000,-1842.000000,-48.000000,-71.000000,42.000000,22.000000,22.000000,22.000000,22.000000,22.000000,22.000000,22.000000,31.000000,31.000000,32.000000,32.000000,33.000000,33.000000,34.000000,1,1,1,1,1,1,1,0,0,0,0,0,0,0,74,5376.207031,757,0,1,0.515231,0.031918,-0.323568,-3.117000,-0.400000,0.076000,0
0.345431,-3.418000,-69.689003,7.330000,134.509003,32.257999,2.279000,150.399002,0.000000,0.000000,0.000000,0.000000,0.000000,0.000000,0.000000,-114.000000,-1337.000000,-81.000000,-1839.000000,-46.000000,-101.000000,23.000000,22.000000,22.000000,22.000000,22.000000,22.000000,22.000000,22.000000,31.000000,31.000000,32.000000,32.000000,33.000000,33.000000,34.000000,1,1,1,1,1,1,1,0,0,0,0,0,0,0,74,5376.204102,756,0,1,0.515244,0.031919,-0.323563,-3.117000,-0.400000,0.076000,0
0.355524,-3.419000,-69.689003,7.327000,134.511002,32.257999,2.279000,150.399002,0.000000,0.000000,0.000000,0.000000,0.000000,0.000000,0.000000,-109.000000,-1334.000000,-62.000000,-1836.000000,-40.000000,-84.000000,43.000000,22.000000,22.000000,22.000000,22.000000,22.000000,22.000000,22.000000,31.000000,31.000000,32.000000,32.000000,33.000000,33.000000,34.000000,1,1,1,1,1,1,1,0,0,0,0,0,0,0,74,5376.206055,758,0,1,0.515233,0.031892,-0.323568,-3.117000,-0.400000,0.076000,0
0.365489,-3.419000,-69.685997,7.330000,134.511993,32.258999,2.281000,150.397995,0.000000,0.000000,0.000000,0.000000,-0.120000,0.000000,0.000000,-128.000000,-1333.000000,-58.000000,-1848.000000,-45.000000,-77.000000,33.000000,22.000000,22.000000,22.000000,22.000000,22.000000,22.000000,22.000000,31.000000,31.000000,32.000000,32.000000,33.000000,33.000000,34.000000,1,1,1,1,1,1,1,0,0,0,0,0,0,0,74,5376.207031,756,0,1,0.515195,0.031912,-0.323588,-3.117000,-0.400000,0.076000,0
0.375498,-3.419000,-69.690002,7.332000,134.511993,32.257999,2.279000,150.397003,0.000000,0.000000,0.000000,0.000000,0.000000,0.000000,0.000000,-114.000000,-1334.000000,-52.000000,-1846.000000,-39.000000,-82.000000,31.000000,22.000000,22.000000,22.000000,22.000000,22.000000,22.000000,22.000000,31.000000,31.000000,32.000000,32.000000,33.000000,33.000000,34.000000,1,1,1,1,1,1,1,0,0,0,0,0,0,0,74,5376.206055,757,0,1,0.515225,0.031915,-0.323566,-3.117000,-0.400000,0.076000,0
0.385424,-3.419000,-69.690002,7.330000,134.511993,32.257999,2.281000,150.397003,0.000000,0.000000,0.000000,0.000000,0.000000,0.000000,0.000000,-111.000000,-1315.000000,-64.000000,-1854.000000,-31.000000,-79.000000,31.000000,22.000000,22.000000,22.000000,22.000000,22.000000,22.000000,22.000000,31.000000,31.000000,32.000000,32.000000,33.000000,33.000000,34.000000,1,1,1,1,1,1,1,0,0,0,0,0,0,0,74,5376.206055,755,0,1,0.515218,0.031910,-0.323568,-3.117000,-0.400000,0.076000,0
0.395486,-3.419000,-69.690002,7.332000,134.511002,32.258999,2.282000,150.399002,0.000000,0.000000,0.000000,0.000000,0.000000,0.000000,-0.120000,-116.000000,-1309.000000,-61.000000,-1808.000000,-33.000000,-76.000000,26.000000,22.000000,22.000000,22.000000,22.000000,22.000000,22.000000,22.000000,31.000000,31.000000,32.000000,32.000000,33.000000,33.000000,34.000000,1,1,1,1,1,1,1,0,0,0,0,0,0,0,74,5376.206055,755,0,1,0.515221,0.031929,-0.323566,-3.117000,-0.400000,0.076000,0
0.405480,-3.418000,-69.689003,7.329000,134.511002,32.257999,2.282000,150.399002,0.000000,0.000000,0.000000,0.000000,0.000000,0.000000,0.000000,-114.000000,-1308.000000,-70.000000,-1838.000000,-26.000000,-92.000000,26.000000,22.000000,22.000000,22.000000,22.000000,22.000000,22.000000,22.000000,31.000000,31.000000,32.000000,32.000000,33.000000,33.000000,34.000000,1,1,1,1,1,1,1,0,0,0,0,0,0,0,74,5376.206055,757,0,1,0.515216,0.031916,-0.323572,-3.117000,-0.400000,0.076000,0
0.415553,-3.418000,-69.689003,7.330000,134.511002,32.258999,2.282000,150.397995,0.000000,0.000000,0.000000,0.000000,0.000000,0.000000,0.000000,-115.000000,-1315.000000,-58.000000,-1815.000000,-21.000000,-88.000000,12.000000,22.000000,22.000000,22.000000,22.000000,22.000000,22.000000,22.000000,31.000000,31.000000,32.000000,32.000000,33.000000,33.000000,34.000000,1,1,1,1,1,1,1,0,0,0,0,0,0,0,74,5376.204102,757,0,1,0.515215,0.031925,-0.323572,-3.117000,-0.400000,0.076000,0
0.425498,-3.419000,-69.689003,7.332000,134.509003,32.257999,2.285000,150.397003,0.000000,0.000000,0.000000,0.000000,0.000000,0.000000,0.240000,-117.000000,-1303.000000,-73.000000,-1828.000000,-19.000000,-93.000000,14.000000,22.000000,22.000000,22.000000,22.000000,22.000000,22.000000,22.000000,31.000000,31.000000,32.000000,32.000000,33.000000,33.000000,34.000000,1,1,1,1,1,1,1,0,0,0,0,0,0,0,74,5376.206055,755,0,1,0.515211,0.031934,-0.323572,-3.117000,-0.400000,0.076000,0
0.435442,-3.419000,-69.689003,7.330000,134.509003,32.257999,2.285000,150.397003,0.000000,0.000000,0.000000,0.000000,0.000000,0.000000,0.000000,-111.000000,-1283.000000,-66.000000,-1837.000000,-25.000000,-88.000000,21.000000,22.000000,22.000000,22.000000,22.000000,22.000000,22.000000,22.000000,31.000000,31.000000,32.000000,32.000000,33.000000,33.000000,34.000000,1,1,1,1,1,1,1,0,0,0,0,0,0,0,74,5376.206055,756,0,1,0.515212,0.031925,-0.323572,-3.117000,-0.400000,0.076000,0
0.445416,-3.419000,-69.689003,7.333000,134.509003,32.257000,2.283000,150.397995,0.000000,0.000000,0.000000,0.000000,0.000000,0.000000,0.000000,-124.000000,-1298.000000,-79.000000,-1839.000000,-21.000000,-82.000000,17.000000,22.000000,22.000000,22.000000,22.000000,22.000000,22.000000,22.000000,31.000000,31.000000,32.000000,32.000000,33.000000,33.000000,34.000000,1,1,1,1,1,1,1,0,0,0,0,0,0,0,74,5376.204102,756,0,1,0.515218,0.031938,-0.323570,-3.117000,-0.400000,0.076000,0
0.455419,-3.422000,-69.686996,7.330000,134.511993,32.257999,2.286000,150.397995,0.000000,0.000000,0.000000,0.000000,0.000000,0.000000,0.000000,-120.000000,-1283.000000,-76.000000,-1831.000000,-13.000000,-88.000000,18.000000,22.000000,22.000000,22.000000,22.000000,22.000000,22.000000,22.000000,31.000000,31.000000,32.000000,32.000000,33.000000,33.000000,34.000000,1,1,1,1,1,1,1,0,0,0,0,0,0,0,74,5376.206055,757,0,1,0.515170,0.031910,-0.323591,-3.117000,-0.400000,0.076000,0
0.465536,-3.419000,-69.689003,7.330000,134.509003,32.257000,2.283000,150.397995,0.000000,0.000000,0.000000,0.000000,0.000000,0.000000,-0.120000,-103.000000,-1292.000000,-87.000000,-1834.000000,-22.000000,-87.000000,14.000000,22.000000,22.000000,22.000000,22.000000,22.000000,22.000000,22.000000,31.000000,31.000000,32.000000,32.000000,33.000000,33.000000,34.000000,1,1,1,1,1,1,1,0,0,0,0,0,0,0,74,5376.204102,758,0,1,0.515220,0.031920,-0.323570,-3.117000,-0.400000,0.076000,0
0.475466,-3.418000,-69.689003,7.332000,134.511002,32.257000,2.287000,150.397995,0.000000,0.000000,0.000000,0.000000,0.000000,0.000000,0.000000,-102.000000,-1290.000000,-67.000000,-1831.000000,-13.000000,-89.000000,26.000000,22.000000,22.000000,22.000000,22.000000,22.000000,22.000000,22.000000,31.000000,31.000000,32.000000,32.000000,33.000000,33.000000,34.000000,1,1,1,1,1,1,1,0,0,0,0,0,0,0,74,5376.204102,755,0,1,0.515181,0.031947,-0.323580,-3.116000,-0.400000,0.076000,0
0.485459,-3.420000,-69.689003,7.332000,134.509003,32.257000,2.287000,150.397003,0.000000,0.000000,0.000000,0.000000,0.000000,0.000000,0.000000,-101.000000,-1288.000000,-66.000000,-1859.000000,-10.000000,-86.000000,25.000000,22.000000,22.000000,22.000000,22.000000,22.000000,22.000000,22.000000,31.000000,31.000000,32.000000,32.000000,33.000000,33.000000,34.000000,1,1,1,1,1,1,1,0,0,0,0,0,0,0,74,5376.204102,755,0,1,0.515195,0.031932,-0.323577,-3.117000,-0.400000,0.076000,0
0.495582,-3.419000,-69.690002,7.329000,134.511002,32.257000,2.283000,150.399002,0.000000,0.000000,0.000000,0.000000,0.000000,0.000000,-0.120000,-98.000000,-1293.000000,-77.000000,-1842.000000,-13.000000,-90.000000,20.000000,22.000000,22.000000,22.000000,22.000000,22.000000,22.000000,22.000000,31.000000,31.000000,32.000000,32.000000,33.000000,33.000000,34.000000,1,1,1,1,1,1,1,0,0,0,0,0,0,0,74,5376.204102,758,0,1,0.515216,0.031912,-0.323568,-3.117000,-0.400000,0.076000,0
0.505498,-3.419000,-69.689003,7.330000,134.511002,32.257999,2.285000,150.397003,0.000000,0.000000,0.000000,0.000000,0.000000,0.000000,-0.120000,-102.000000,-1289.000000,-67.000000,-1834.000000,-10.000000,-87.000000,25.000000,22.000000,22.000000,22.000000,22.000000,22.000000,22.000000,22.000000,31.000000,31.000000,32.000000,32.000000,33.000000,33.000000,34.000000,1,1,1,1,1,1,1,0,0,0,0,0,0,0,74,5376.206055,757,0,1,0.515199,0.031923,-0.323577,-3.117000,-0.400000,0.076000,0
0.515441,-3.419000,-69.689003,7.330000,134.505997,32.258999,2.285000,150.397995,0.000000,0.000000,0.000000,0.000000,0.000000,0.000000,0.000000,-103.000000,-1292.000000,-82.000000,-1846.000000,-14.000000,-89.000000,17.000000,22.000000,22.000000,22.000000,22.000000,22.000000,22.000000,22.000000,31.000000,31.000000,32.000000,32.000000,33.000000,33.000000,34.000000,1,1,1,1,1,1,1,0,0,0,0,0,0,0,74,5376.206055,757,0,1,0.515239,0.031931,-0.323563,-3.117000,-0.400000,0.076000,0
0.525461,-3.419000,-69.690002,7.329000,134.511002,32.257999,2.286000,150.397003,0.000000,0.000000,0.000000,0.000000,0.000000,0.000000,0.000000,-105.000000,-1304.000000,-88.000000,-1826.000000,-10.000000,-90.000000,23.000000,22.000000,22.000000,22.000000,22.000000,22.000000,22.000000,22.000000,31.000000,31.000000,32.000000,32.000000,33.000000,33.000000,34.000000,1,1,1,1,1,1,1,0,0,0,0,0,0,0,74,5376.204102,757,0,1,0.515199,0.031919,-0.323572,-3.117000,-0.400000,0.076000,0
0.535442,-3.419000,-69.690002,7.330000,134.509003,32.255001,2.286000,150.397003,0.000000,0.000000,0.000000,0.000000,0.000000,0.000000,0.000000,-112.000000,-1292.000000,-68.000000,-1842.000000,-15.000000,-86.000000,28.000000,22.000000,22.000000,22.000000,22.000000,22.000000,22.000000,22.000000,31.000000,31.000000,32.000000,32.000000,33.000000,33.000000,34.000000,1,1,1,1,1,1,1,0,0,0,0,0,0,0,74,5376.206055,756,0,1,0.515212,0.031926,-0.323567,-3.117000,-0.400000,0.076000,0
0.545495,-3.419000,-69.690002,7.332000,134.509003,32.257999,2.286000,150.397003,0.000000,-0.120000,0.000000,0.000000,0.000000,1.440000,0.000000,-92.000000,-1374.000000,-78.000000,-1817.000000,-7.000000,133.000000,-61.000000,22.000000,22.000000,22.000000,22.000000,22.000000,22.000000,22.000000,31.000000,31.000000,32.000000,32.000000,33.000000,33.000000,34.000000,1,1,1,1,1,1,1,0,0,0,0,0,0,0,74,5376.206055,758,0,1,0.515211,0.031938,-0.323567,-3.117000,-0.400000,0.076000,1
0.555456,-3.418000,-69.686996,7.330000,134.509003,32.257999,2.285000,150.399002,0.240000,0.000000,-0.480000,0.000000,0.000000,0.000000,-0.360000,189.000000,-1241.000000,-350.000000,-1771.000000,89.000000,-179.000000,-161.000000,22.000000,22.000000,22.000000,22.000000,22.000000,22.000000,22.000000,31.000000,31.000000,32.000000,32.000000,33.000000,33.000000,34.000000,1,1,1,1,1,1,1,0,0,0,0,0,0,0,74,5376.206055,756,0,1,0.515205,0.031934,-0.323578,-3.117000,-0.400000,0.076000,1
0.565470,-3.416000,-69.689003,7.322000,134.507996,32.257000,2.286000,150.399002,1.200000,0.000000,-2.040000,0.000000,-0.360000,0.000000,-0.840000,482.000000,-1192.000000,-607.000000,-1621.000000,-23.000000,-170.000000,-250.000000,22.000000,22.000000,22.000000,22.000000,22.000000,22.000000,22.000000,31.000000,31.000000,32.000000,32.000000,33.000000,33.000000,34.000000,1,1,1,1,1,1,1,0,0,0,0,0,0,0,74,5376.204102,757,0,1,0.515224,0.031894,-0.323567,-3.117000,-0.400000,0.076000,1
0.575441,-3.407000,-69.690002,7.310000,134.507996,32.257000,2.287000,150.395004,1.800000,0.000000,-3.000000,0.000000,-0.720000,0.000000,-1.440000,628.000000,-1134.000000,-770.000000,-1493.000000,-88.000000,-191.000000,-336.000000,22.000000,22.000000,22.000000,22.000000,22.000000,22.000000,22.000000,31.000000,31.000000,32.000000,32.000000,33.000000,33.000000,34.000000,1,1,1,1,1,1,1,0,0,0,0,0,0,0,74,5376.204102,757,0,1,0.515236,0.031868,-0.323556,-3.116000,-0.400000,0.076000,1
0.585442,-3.367000,-69.691002,7.268000,134.507996,32.255001,2.287000,150.378006,4.320000,0.000000,-5.160000,0.000000,-2.040000,0.000000,-2.760000,882.000000,-1004.000000,-876.000000,-1323.000000,-111.000000,-279.000000,-459.000000,22.000000,22.000000,22.000000,22.000000,22.000000,22.000000,22.000000,31.000000,31.000000,32.000000,32.000000,33.000000,33.000000,34.000000,1,1,1,1,1,1,1,0,0,0,0,0,0,0,74,5376.203125,757,0,1,0.515281,0.031810,-0.323524,-3.116000,-0.400000,0.075000,1
0.595516,-3.308000,-69.690002,7.186000,134.507996,32.243000,2.289000,150.343002,6.240000,0.240000,-8.280000,0.120000,-3.000000,0.000000,-4.440000,1139.000000,-805.000000,-1276.000000,-1031.000000,-215.000000,-326.000000,-481.000000,22.000000,22.000000,22.000000,22.000000,22.000000,22.000000,22.000000,31.000000,31.000000,32.000000,32.000000,33.000000,33.000000,34.000000,1,1,1,1,1,1,1,0,0,0,0,0,0,0,74,5376.202148,758,0,1,0.515341,0.031568,-0.323494,-3.116000,-0.400000,0.074000,1
0.605479,-3.195000,-69.689003,7.076000,134.511993,32.195000,2.287000,150.272995,11.400000,0.120000,-12.360000,0.360000,-5.280000,0.000000,-6.840000,1268.000000,-657.000000,-1460.000000,-727.000000,-368.000000,-398.000000,-589.000000,22.000000,22.000000,22.000000,22.000000,22.000000,22.000000,22.000000,31.000000,31.000000,32.000000,32.000000,33.000000,33.000000,34.000000,1,1,1,1,1,1,1,0,0,0,0,0,0,0,74,5376.202148,757,0,1,0.515408,0.031362,-0.323441,-3.115000,-0.400000,0.074000,1
0.615358,-3.121000,-69.686996,6.999000,134.511002,32.161999,2.287000,150.227997,12.000000,0.120000,-14.760000,0.600000,-5.520000,0.000000,-7.560000,1155.000000,-658.000000,-1323.000000,-636.000000,-439.000000,-457.000000,-704.000000,22.000000,22.000000,22.000000,22.000000,22.000000,22.000000,22.000000,31.000000,31.000000,32.000000,32.000000,33.000000,33.000000,34.000000,1,1,1,1,1,1,1,0,0,0,0,0,0,0,74,5376.202148,757,0,1,0.515487,0.031204,-0.323398,-3.115000,-0.401000,0.074000,1
0.625449,-2.974000,-69.683998,6.797000,134.518997,32.082001,2.287000,150.106003,15.710000,0.480000,-20.280001,1.080000,-7.560000,-0.360000,-11.520000,1311.000000,-551.000000,-1511.000000,-433.000000,-644.000000,-542.000000,-615.000000,22.000000,22.000000,22.000000,22.000000,22.000000,22.000000,22.000000,31.000000,31.000000,32.000000,32.000000,33.000000,33.000000,34.000000,1,1,1,1,1,1,1,0,0,0,0,0,0,0,74,5376.202148,757,0,1,0.515580,0.030509,-0.323346,-3.115000,-0.401000,0.074000,1
0.635371,-2.771000,-69.679001,6.539000,134.529999,31.986000,2.283000,149.979004,19.799999,0.720000,-26.639999,1.680000,-9.350000,-0.480000,-12.710000,1552.000000,-486.000000,-1578.000000,-268.000000,-756.000000,-586.000000,-668.000000,22.000000,22.000000,22.000000,22.000000,22.000000,22.000000,22.000000,31.000000,31.000000,32.000000,32.000000,33.000000,33.000000,34.000000,1,1,1,1,1,1,1,0,0,0,0,0,0,0,74,5376.203125,757,0,1,0.515694,0.029730,-0.323282,-3.115000,-0.401000,0.073000,1
0.645396,-2.504000,-69.667999,6.218000,134.552994,31.834999,2.281000,149.798004,23.879999,0.960000,-30.840000,2.400000,-14.150000,-0.480000,-16.920000,1762.000000,-437.000000,-1965.000000,-157.000000,-672.000000,-683.000000,-730.000000,22.000000,22.000000,22.000000,22.000000,22.000000,22.000000,22.000000,31.000000,31.000000,32.000000,32.000000,33.000000,33.000000,34.000000,1,1,1,1,1,1,1,0,0,0,0,0,0,0,74,5376.202148,756,0,1,0.515699,0.028772,-0.323259,-3.114000,-0.401000,0.073000,1
0.655439,-2.352000,-69.664001,6.017000,134.565994,31.746000,2.278000,149.694000,26.760000,0.840000,-33.599998,2.280000,-16.559999,-0.600000,-17.150000,1782.000000,-401.000000,-2056.000000,-82.000000,-491.000000,-696.000000,-827.000000,22.000000,22.000000,22.000000,22.000000,22.000000,22.000000,22.000000,31.000000,31.000000,32.000000,32.000000,33.000000,33.000000,34.000000,1,1,1,1,1,1,1,0,0,0,0,0,0,0,74,5376.202148,758,0,1,0.515737,0.028111,-0.323234,-3.114000,-0.401000,0.073000,1
0.665521,-2.057000,-69.652000,5.644000,134.591995,31.549999,2.272000,149.470993,31.309999,0.840000,-39.599998,2.640000,-17.639999,-0.600000,-21.600000,1587.000000,-390.000000,-2102.000000,70.000000,-829.000000,-750.000000,-881.000000,22.000000,22.000000,22.000000,22.000000,22.000000,22.000000,22.000000,31.000000,31.000000,32.000000,32.000000,33.000000,33.000000,34.000000,1,1,1,1,1,1,1,0,0,0,0,0,0,0,74,5376.202148,757,0,1,0.515747,0.026876,-0.323223,-3.115000,-0.401000,0.074000,1
0.675387,-1.676000,-69.639000,5.154000,134.626007,31.309000,2.261000,149.212997,36.000000,0.840000,-44.759998,3.240000,-21.600000,-0.720000,-24.120001,1408.000000,-334.000000,-1672.000000,78.000000,-607.000000,-754.000000,-905.000000,22.000000,22.000000,22.000000,22.000000,22.000000,22.000000,22.000000,31.000000,31.000000,32.000000,32.000000,33.000000,33.000000,34.000000,1,1,1,1,1,1,1,0,0,0,0,0,0,0,74,5376.203125,757,0,1,0.515768,0.025260,-0.323208,-3.115000,-0.401000,0.073000,1
0.685439,-1.219000,-69.629997,4.569000,134.669006,31.028000,2.250000,148.962997,39.240002,0.720000,-50.759998,3.240000,-23.879999,-0.720000,-26.639999,1532.000000,-302.000000,-1744.000000,10.000000,-1004.000000,-710.000000,-863.000000,22.000000,22.000000,22.000000,22.000000,22.000000,22.000000,22.000000,31.000000,31.000000,32.000000,32.000000,33.000000,33.000000,34.000000,1,1,1,1,1,1,1,0,0,0,0,0,0,0,74,5376.202148,757,0,1,0.515741,0.023421,-0.323201,-3.114000,-0.401000,0.072000,1
0.695701,-0.828000,-69.624001,4.047000,134.703995,30.778999,2.246000,148.639999,40.560001,0.480000,-56.520000,3.720000,-25.920000,-0.360000,-31.309999,1674.000000,-326.000000,-1745.000000,-199.000000,-789.000000,-719.000000,-842.000000,22.000000,22.000000,22.000000,22.000000,22.000000,22.000000,22.000000,31.000000,31.000000,32.000000,32.000000,33.000000,33.000000,34.000000,1,1,1,1,1,1,1,0,0,0,0,0,0,0,74,5376.203125,755,0,1,0.515708,0.021618,-0.323208,-3.114000,-0.401000,0.073000,1
0.705493,-0.564000,-69.623001,3.725000,134.722000,30.622999,2.249000,148.457993,43.799999,0.360000,-57.599998,3.240000,-27.360001,0.000000,-31.920000,1817.000000,-341.000000,-2207.000000,-169.000000,-1136.000000,-751.000000,-755.000000,22.000000,22.000000,22.000000,22.000000,22.000000,22.000000,21.000000,31.000000,31.000000,32.000000,32.000000,33.000000,33.000000,34.000000,1,1,1,1,1,1,1,0,0,0,0,0,0,0,74,5376.203125,756,0,1,0.515687,0.020667,-0.323202,-3.114000,-0.401000,0.073000,1
0.715494,-0.009000,-69.619003,2.977000,134.761002,30.322001,2.249000,148.119995,48.119999,0.000000,-64.559998,2.760000,-30.719999,0.000000,-33.119999,1352.000000,-360.000000,-2431.000000,-163.000000,-888.000000,-643.000000,-719.000000,22.000000,21.000000,22.000000,21.000000,22.000000,22.000000,21.000000,31.000000,31.000000,32.000000,32.000000,33.000000,33.000000,34.000000,1,1,1,1,1,1,1,0,0,0,0,0,0,0,74,5376.202148,757,0,1,0.515632,0.018264,-0.323226,-3.113000,-0.401000,0.070000,1
0.725411,0.580000,-69.621002,2.171000,134.792007,29.945999,2.244000,147.692993,50.400002,-0.240000,-67.320000,2.040000,-33.599998,0.360000,-36.000000,1639.000000,-684.000000,-1519.000000,-102.000000,-1038.000000,-389.000000,-765.000000,21.000000,21.000000,21.000000,21.000000,21.000000,21.000000,21.000000,31.000000,31.000000,32.000000,32.000000,33.000000,33.000000,34.000000,1,1,1,1,1,1,1,0,0,0,0,0,0,0,74,5376.203125,756,0,1,0.515678,0.015506,-0.323229,-3.114000,-0.401000,0.070000,1
0.735431,1.196000,-69.621002,1.354000,134.809006,29.575001,2.250000,147.237000,53.040001,-0.840000,-72.000000,1.080000,-36.360001,1.440000,-38.160000,1720.000000,-1170.000000,-1455.000000,-116.000000,-1038.000000,-100.000000,-712.000000,21.000000,21.000000,21.000000,21.000000,21.000000,21.000000,21.000000,31.000000,31.000000,32.000000,32.000000,33.000000,33.000000,34.000000,1,1,1,1,1,1,1,0,0,0,0,0,0,0,74,5376.203125,758,0,1,0.515712,0.012842,-0.323263,-3.114000,-0.401000,0.070000,1
0.745414,1.521000,-69.629997,0.906000,134.813004,29.299999,2.261000,147.005997,56.040001,-1.560000,-73.559998,0.360000,-34.560001,2.280000,-40.310001,1229.000000,-1278.000000,-1731.000000,-103.000000,-857.000000,-80.000000,-664.000000,21.000000,21.000000,21.000000,21.000000,21.000000,21.000000,21.000000,31.000000,31.000000,32.000000,32.000000,33.000000,33.000000,34.000000,1,1,1,1,1,1,1,0,0,0,0,0,0,0,74,5376.206055,757,0,1,0.515750,0.011275,-0.323263,-3.114000,-0.401000,0.071000,1
0.755406,2.172000,-69.649002,-0.002000,134.813995,28.924999,2.282000,146.552994,56.400002,-2.280000,-77.160004,0.000000,-37.430000,3.360000,-38.279999,910.000000,-1467.000000,-1415.000000,-202.000000,-591.000000,97.000000,-750.000000,21.000000,21.000000,21.000000,21.000000,21.000000,21.000000,21.000000,31.000000,31.000000,32.000000,32.000000,33.000000,33.000000,34.000000,1,1,1,1,1,1,1,0,0,0,0,0,0,0,74,5376.204102,756,0,1,0.515828,0.008261,-0.323274,-3.114000,-0.401000,0.069000,1
0.765523,2.826000,-69.681999,-0.907000,134.815002,28.487000,2.323000,146.067001,55.799999,-3.360000,-78.720001,-0.480000,-38.040001,4.670000,-39.959999,1388.000000,-1610.000000,-1415.000000,-911.000000,-624.000000,225.000000,-693.000000,21.000000,21.000000,21.000000,21.000000,21.000000,21.000000,21.000000,31.000000,31.000000,32.000000,32.000000,33.000000,33.000000,34.000000,1,1,1,1,1,1,1,0,0,0,0,0,0,0,74,5376.203125,758,0,1,0.515778,0.005252,-0.323310,-3.114000,-0.401000,0.070000,1
0.775466,3.404000,-69.723000,-1.700000,134.807007,28.018999,2.401000,145.576004,57.360001,-4.320000,-79.440002,-1.680000,-38.520000,6.120000,-41.639999,922.000000,-1850.000000,-1487.000000,-1350.000000,-655.000000,93.000000,-744.000000,21.000000,21.000000,21.000000,21.000000,21.000000,21.000000,21.000000,31.000000,31.000000,32.000000,32.000000,33.000000,33.000000,34.000000,1,1,1,1,1,1,1,0,0,0,0,0,0,0,74,5376.202148,756,0,1,0.515593,0.002626,-0.323364,-3.115000,-0.401000,0.073000,1
0.785437,3.750000,-69.749001,-2.176000,134.802994,27.780001,2.441000,145.309006,57.000000,-5.160000,-81.599998,-2.160000,-38.520000,7.320000,-41.639999,859.000000,-1619.000000,-1365.000000,-1464.000000,-853.000000,345.000000,-695.000000,21.000000,21.000000,21.000000,21.000000,21.000000,21.000000,21.000000,31.000000,31.000000,32.000000,32.000000,33.000000,33.000000,34.000000,1,1,1,1,1,1,1,0,0,0,0,0,0,0,74,5376.206055,758,0,1,0.515477,0.001091,-0.323407,-3.115000,-0.401000,0.073000,1
0.795487,4.427000,-69.816002,-3.169000,134.778000,27.344999,2.518000,144.897003,56.520000,-5.280000,-80.279999,-3.120000,-38.279999,7.920000,-42.959999,603.000000,-1442.000000,-709.000000,-2188.000000,-790.000000,428.000000,-844.000000,21.000000,21.000000,21.000000,21.000000,21.000000,21.000000,21.000000,31.000000,31.000000,32.000000,32.000000,33.000000,33.000000,34.000000,1,1,1,1,1,1,1,0,0,0,0,0,0,0,74,5376.204102,757,0,1,0.515383,-0.002170,-0.323431,-3.115000,-0.401000,0.070000,1
0.805386,5.195000,-69.894997,-4.141000,134.731995,26.893000,2.612000,144.337997,54.480000,-5.880000,-78.239998,-4.560000,-37.799999,9.120000,-41.520000,559.000000,-1820.000000,-508.000000,-2353.000000,-937.000000,265.000000,-855.000000,21.000000,21.000000,21.000000,21.000000,21.000000,21.000000,21.000000,31.000000,31.000000,32.000000,32.000000,33.000000,33.000000,34.000000,1,1,1,1,1,1,1,0,0,0,0,0,0,0,74,5376.207031,756,0,1,0.515396,-0.004911,-0.323425,-3.114000,-0.401000,0.070000,1
0.815516,5.695000,-69.958000,-5.092000,134.664001,26.518000,2.699000,143.944000,52.320000,-7.070000,-77.760002,-6.000000,-35.400002,10.070000,-41.759998,333.000000,-1937.000000,-740.000000,-2258.000000,-839.000000,349.000000,-637.000000,21.000000,21.000000,21.000000,22.000000,21.000000,21.000000,21.000000,31.000000,31.000000,32.000000,32.000000,33.000000,33.000000,34.000000,1,1,1,1,1,1,1,0,0,0,0,0,0,0,74,5376.207031,756,0,1,0.515424,-0.008807,-0.323453,-3.116000,-0.401000,0.068000,1
0.825651,6.005000,-70.000000,-5.524000,134.630997,26.315001,2.763000,143.690994,51.119999,-6.480000,-74.870003,-6.120000,-36.480000,11.160000,-41.279999,460.000000,-1682.000000,-697.000000,-2622.000000,-832.000000,443.000000,-622.000000,21.000000,21.000000,21.000000,22.000000,21.000000,21.000000,21.000000,31.000000,31.000000,32.000000,32.000000,33.000000,33.000000,34.000000,1,1,1,1,1,1,1,0,0,0,0,0,0,0,74,5376.203125,755,0,1,0.515388,-0.010151,-0.323453,-3.116000,-0.401000,0.068000,1
0.835655,6.605000,-70.070000,-6.247000,134.563995,25.893000,2.893000,143.201004,48.360001,-6.960000,-72.720001,-6.960000,-34.560001,9.720000,-39.599998,806.000000,-1737.000000,-223.000000,-2426.000000,-840.000000,437.000000,-592.000000,21.000000,21.000000,21.000000,22.000000,21.000000,21.000000,21.000000,31.000000,31.000000,32.000000,32.000000,33.000000,33.000000,34.000000,1,1,1,1,1,1,1,0,0,0,0,0,0,0,74,5376.204102,759,0,1,0.515267,-0.012026,-0.323505,-3.115000,-0.401000,0.071000,1
0.845418,7.075000,-70.156998,-7.087000,134.468002,25.506001,3.029000,142.843994,47.279999,-7.070000,-68.160004,-7.920000,-31.309999,11.280000,-36.000000,239.000000,-1658.000000,-300.000000,-2372.000000,-892.000000,381.000000,-538.000000,21.000000,21.000000,21.000000,22.000000,21.000000,21.000000,21.000000,31.000000,31.000000,32.000000,32.000000,33.000000,33.000000,34.000000,1,1,1,1,1,1,1,0,0,0,0,0,0,0,74,5376.204102,759,0,1,0.515295,-0.015256,-0.323464,-3.116000,-0.401000,0.070000,1
0.855891,7.583000,-70.251999,-7.840000,134.363998,25.215000,3.140000,142.417007,42.240002,-7.070000,-63.720001,-7.800000,-27.840000,12.360000,-36.000000,-53.000000,-1684.000000,-289.000000,-2052.000000,-668.000000,295.000000,-524.000000,21.000000,21.000000,21.000000,22.000000,21.000000,21.000000,21.000000,31.000000,31.000000,32.000000,32.000000,33.000000,33.000000,34.000000,1,1,1,1,1,1,1,0,0,0,0,0,0,0,74,5376.203125,755,0,1,0.515599,-0.017771,-0.323331,-3.116000,-0.401000,0.069000,1
0.865699,8.000000,-70.320000,-8.438000,134.274002,24.879000,3.265000,142.016998,39.959999,-6.840000,-60.480000,-7.800000,-28.920000,11.040000,-33.360001,184.000000,-1618.000000,296.000000,-2282.000000,-514.000000,525.000000,-538.000000,21.000000,21.000000,21.000000,22.000000,21.000000,21.000000,21.000000,31.000000,31.000000,32.000000,32.000000,33.000000,33.000000,34.000000,1,1,1,1,1,1,1,0,0,0,0,0,0,0,74,5376.204102,757,0,1,0.515626,-0.019763,-0.323323,-3.117000,-0.401000,0.072000,1
0.875377,8.239000,-70.366997,-8.791000,134.218994,24.733000,3.337000,141.845001,37.799999,-7.560000,-56.160000,-8.160000,-25.920000,11.160000,-31.430000,368.000000,-1727.000000,60.000000,-2189.000000,-667.000000,547.000000,-443.000000,21.000000,21.000000,21.000000,22.000000,21.000000,21.000000,21.000000,31.000000,31.000000,32.000000,32.000000,33.000000,33.000000,34.000000,1,1,1,1,1,1,1,0,0,0,0,0,0,0,74,5376.208984,757,0,1,0.515679,-0.020873,-0.323288,-3.116000,-0.402000,0.071000,1
0.885740,8.665000,-70.447998,-9.427000,134.125000,24.441000,3.451000,141.539001,34.430000,-6.120000,-51.480000,-8.280000,-24.000000,10.440000,-29.160000,-150.000000,-1560.000000,-350.000000,-2286.000000,-388.000000,391.000000,-481.000000,21.000000,21.000000,21.000000,22.000000,21.000000,21.000000,21.000000,31.000000,31.000000,32.000000,32.000000,33.000000,33.000000,34.000000,1,1,1,1,1,1,1,0,0,0,0,0,0,0,74,5376.206055,757,0,1,0.515756,-0.022980,-0.323257,-3.116000,-0.402000,0.070000,1
0.895481,8.979000,-70.500000,-9.934000,134.041000,24.226000,3.580000,141.201004,30.840000,-5.640000,-46.439999,-8.400000,-21.719999,10.070000,-26.280001,-100.000000,-1629.000000,-28.000000,-2180.000000,-626.000000,310.000000,-500.000000,21.000000,21.000000,21.000000,22.000000,21.000000,21.000000,21.000000,31.000000,31.000000,32.000000,32.000000,33.000000,33.000000,34.000000,1,1,1,1,1,1,1,0,0,0,0,0,0,0,74,5376.203125,755,0,1,0.515606,-0.024735,-0.323323,-3.117000,-0.401000,0.072000,1
0.905655,9.330000,-70.570000,-10.464000,133.951996,23.980000,3.680000,140.953995,27.120001,-5.280000,-39.119999,-7.200000,-18.240000,10.070000,-23.280001,1.000000,-1587.000000,421.000000,-1850.000000,-313.000000,302.000000,-466.000000,21.000000,21.000000,21.000000,22.000000,21.000000,21.000000,22.000000,31.000000,31.000000,32.000000,32.000000,33.000000,33.000000,34.000000,1,1,1,1,1,1,1,0,0,0,0,0,0,0,74,5376.202148,756,0,1,0.515681,-0.026526,-0.323301,-3.117000,-0.402000,0.071000,1
0.915374,9.580000,-70.622002,-10.820000,133.886002,23.826000,3.791000,140.682999,22.680000,-4.440000,-34.919998,-6.600000,-15.360000,7.560000,-20.760000,-82.000000,-1747.000000,573.000000,-1912.000000,-507.000000,251.000000,-466.000000,21.000000,22.000000,21.000000,22.000000,21.000000,22.000000,22.000000,31.000000,31.000000,32.000000,32.000000,33.000000,33.000000,34.000000,1,1,1,1,1,1,1,0,0,0,0,0,0,0,74,5376.206055,757,0,1,0.515584,-0.027579,-0.323314,-3.116000,-0.401000,0.072000,1
0.925324,9.720000,-70.650002,-11.024000,133.845001,23.733999,3.834000,140.570999,21.000000,-4.440000,-32.759998,-5.880000,-15.120000,7.560000,-18.360001,-380.000000,-1522.000000,198.000000,-2214.000000,-286.000000,412.000000,-551.000000,22.000000,22.000000,22.000000,22.000000,21.000000,22.000000,22.000000,31.000000,31.000000,32.000000,32.000000,33.000000,33.000000,34.000000,1,1,1,1,1,1,1,0,0,0,0,0,0,0,74,5376.207031,756,0,1,0.515644,-0.028258,-0.323300,-3.116000,-0.402000,0.072000,1
0.935802,9.949000,-70.696999,-11.396000,133.776993,23.569000,3.902000,140.399002,16.799999,-4.320000,-25.920000,-5.030000,-11.040000,6.840000,-17.760000,-83.000000,-1530.000000,593.000000,-2108.000000,-262.000000,262.000000,-440.000000,22.000000,22.000000,22.000000,22.000000,21.000000,22.000000,22.000000,31.000000,31.000000,32.000000,32.000000,33.000000,33.000000,34.000000,1,1,1,1,1,1,1,0,0,0,0,0,0,0,74,5376.206055,757,0,1,0.515690,-0.029618,-0.323298,-3.117000,-0.402000,0.071000,1
0.945390,10.095000,-70.730003,-11.644000,133.731995,23.468000,3.977000,140.229996,13.920000,-2.880000,-23.040001,-4.320000,-9.600000,6.000000,-13.680000,166.000000,-1545.000000,882.000000,-2098.000000,-380.000000,172.000000,-449.000000,22.000000,22.000000,22.000000,22.000000,21.000000,22.000000,22.000000,31.000000,31.000000,32.000000,32.000000,33.000000,33.000000,34.000000,1,1,1,1,1,1,1,0,0,0,0,0,0,0,74,5376.204102,755,0,1,0.515587,-0.030496,-0.323323,-3.117000,-0.401000,0.072000,1
0.955706,10.279000,-70.771004,-11.896000,133.684998,23.382999,4.055000,140.080994,11.280000,-2.160000,-16.799999,-3.480000,-6.480000,4.800000,-12.000000,109.000000,-1654.000000,426.000000,-1930.000000,-376.000000,131.000000,-464.000000,22.000000,22.000000,22.000000,22.000000,21.000000,22.000000,22.000000,31.000000,31.000000,32.000000,32.000000,33.000000,33.000000,34.000000,1,1,1,1,1,1,1,0,0,0,0,0,0,0,74,5376.204102,756,0,1,0.515502,-0.031146,-0.323337,-3.116000,-0.401000,0.071000,1
0.965328,10.379000,-70.792999,-12.045000,133.649994,23.323999,4.100000,139.988998,8.640000,-1.560000,-12.710000,-2.510000,-5.400000,4.320000,-7.920000,-365.000000,-1638.000000,244.000000,-2106.000000,-258.000000,25.000000,-405.000000,22.000000,22.000000,22.000000,22.000000,21.000000,22.000000,22.000000,31.000000,31.000000,32.000000,32.000000,33.000000,33.000000,34.000000,1,1,1,1,1,1,1,0,0,0,0,0,0,0,74,5376.207031,757,0,1,0.515520,-0.031607,-0.323327,-3.116000,-0.401000,0.072000,1
0.975290,10.420000,-70.802002,-12.112000,133.632996,23.297001,4.119000,139.936005,6.840000,-1.440000,-11.160000,-2.160000,-4.200000,3.480000,-8.280000,-46.000000,-1640.000000,379.000000,-2072.000000,-241.000000,84.000000,-392.000000,22.000000,22.000000,22.000000,22.000000,21.000000,22.000000,22.000000,31.000000,31.000000,32.000000,32.000000,33.000000,33.000000,34.000000,1,1,1,1,1,1,1,0,0,0,0,0,0,0,74,5376.206055,757,0,1,0.515537,-0.031855,-0.323319,-3.116000,-0.401000,0.072000,1
0.985433,10.498000,-70.813004,-12.218000,133.610001,23.247999,4.161000,139.843994,5.280000,-0.840000,-7.320000,-1.440000,-1.800000,1.920000,-6.720000,-187.000000,-1707.000000,97.000000,-2014.000000,-137.000000,87.000000,-384.000000,22.000000,22.000000,22.000000,22.000000,21.000000,22.000000,22.000000,31.000000,31.000000,32.000000,32.000000,33.000000,33.000000,34.000000,1,1,1,1,1,1,1,0,0,0,0,0,0,0,74,5376.203125,757,0,1,0.515458,-0.032137,-0.323358,-3.116000,-0.401000,0.072000,1
0.995418,10.542000,-70.822998,-12.271000,133.598999,23.237000,4.185000,139.776001,2.880000,-0.600000,-4.320000,-0.720000,-0.360000,1.440000,-5.030000,-101.000000,-1711.000000,-28.000000,-2065.000000,-119.000000,108.000000,-420.000000,22.000000,22.000000,22.000000,22.000000,21.000000,22.000000,22.000000,31.000000,31.000000,32.000000,32.000000,33.000000,33.000000,34.000000,1,1,1,1,1,1,1,0,0,0,0,0,0,0,74,5376.204102,756,0,1,0.515417,-0.032244,-0.323367,-3.116000,-0.401000,0.073000,1
1.005291,10.571000,-70.828003,-12.311000,133.591995,23.233000,4.210000,139.727997,1.440000,-0.360000,-2.160000,-0.240000,0.120000,0.720000,-4.080000,-109.000000,-1614.000000,40.000000,-2106.000000,-19.000000,109.000000,-367.000000,22.000000,22.000000,22.000000,22.000000,21.000000,22.000000,22.000000,31.000000,31.000000,32.000000,32.000000,33.000000,33.000000,34.000000,1,1,1,1,1,1,1,0,0,0,0,0,0,0,74,5376.206055,756,0,1,0.515332,-0.032308,-0.323392,-3.116000,-0.401000,0.073000,1
1.015400,10.577000,-70.830002,-12.319000,133.591995,23.233999,4.214000,139.699997,0.480000,-0.120000,-1.800000,-0.120000,0.600000,0.480000,-3.720000,-4.000000,-1545.000000,42.000000,-2153.000000,85.000000,131.000000,-389.000000,22.000000,22.000000,22.000000,22.000000,21.000000,22.000000,22.000000,31.000000,31.000000,32.000000,32.000000,33.000000,33.000000,34.000000,1,1,1,1,1,1,1,0,0,0,0,0,0,0,74,5376.204102,756,0,1,0.515310,-0.032338,-0.323399,-3.116000,-0.401000,0.073000,1
1.025295,10.581000,-70.833000,-12.334000,133.591003,23.233999,4.220000,139.660004,0.000000,0.000000,-0.720000,0.000000,1.080000,0.000000,-3.120000,60.000000,-1526.000000,98.000000,-2125.000000,194.000000,145.000000,-366.000000,22.000000,22.000000,22.000000,22.000000,22.000000,22.000000,22.000000,31.000000,31.000000,32.000000,32.000000,33.000000,33.000000,34.000000,1,1,1,1,1,1,1,0,0,0,0,0,0,0,74,5376.204102,756,0,1,0.515293,-0.032432,-0.323400,-3.116000,-0.401000,0.074000,1
1.035406,10.579000,-70.830002,-12.340000,133.587997,23.236000,4.224000,139.632996,0.000000,0.000000,-0.240000,0.000000,1.440000,0.000000,-2.640000,151.000000,-1504.000000,31.000000,-2133.000000,250.000000,147.000000,-338.000000,22.000000,22.000000,22.000000,22.000000,22.000000,22.000000,22.000000,31.000000,31.000000,32.000000,32.000000,33.000000,33.000000,34.000000,1,1,1,1,1,1,1,0,0,0,0,0,0,0,74,5376.204102,757,0,1,0.515280,-0.032487,-0.323411,-3.116000,-0.401000,0.074000,1
1.045353,10.586000,-70.833000,-12.340000,133.585999,23.240000,4.228000,139.593994,0.120000,0.000000,-0.240000,-0.240000,1.800000,0.000000,-2.880000,152.000000,-1447.000000,-71.000000,-2167.000000,289.000000,150.000000,-306.000000,22.000000,22.000000,22.000000,22.000000,22.000000,22.000000,22.000000,31.000000,31.000000,32.000000,32.000000,33.000000,33.000000,34.000000,1,1,1,1,1,1,1,0,0,0,0,0,0,0,74,5376.204102,758,0,1,0.515295,-0.032468,-0.323401,-3.116000,-0.401000,0.075000,1
1.055323,10.586000,-70.834999,-12.343000,133.582001,23.243000,4.235000,139.565994,0.000000,0.000000,-0.240000,-0.600000,2.040000,0.480000,-1.920000,48.000000,-1194.000000,-61.000000,-2334.000000,256.000000,179.000000,-369.000000,22.000000,22.000000,22.000000,22.000000,22.000000,22.000000,22.000000,31.000000,31.000000,32.000000,32.000000,33.000000,33.000000,34.000000,1,1,1,1,1,1,1,0,0,0,0,0,0,0,74,5376.203125,757,0,1,0.515314,-0.032494,-0.323385,-3.117000,-0.401000,0.075000,1
1.065335,10.586000,-70.833000,-12.350000,133.570007,23.252001,4.246000,139.535004,-0.120000,0.120000,-0.240000,-1.680000,2.400000,1.080000,-2.160000,-153.000000,-825.000000,-9.000000,-2661.000000,284.000000,218.000000,-357.000000,22.000000,22.000000,22.000000,22.000000,22.000000,22.000000,22.000000,31.000000,31.000000,32.000000,32.000000,33.000000,33.000000,34.000000,1,1,1,1,1,1,1,0,0,0,0,0,0,0,74,5376.203125,754,0,1,0.515356,-0.032537,-0.323376,-3.117000,-0.401000,0.076000,1
1.075356,10.585000,-70.833000,-12.352000,133.557999,23.260000,4.254000,139.529999,-0.360000,0.360000,0.000000,-2.640000,2.280000,1.440000,-1.920000,-271.000000,-561.000000,28.000000,-2848.000000,295.000000,244.000000,-357.000000,22.000000,22.000000,22.000000,22.000000,22.000000,22.000000,22.000000,31.000000,31.000000,32.000000,32.000000,33.000000,33.000000,34.000000,1,1,1,1,1,1,1,0,0,0,0,0,0,0,74,5376.200195,758,0,1,0.515429,-0.032553,-0.323347,-3.117000,-0.401000,0.076000,1
1.085301,10.578000,-70.813004,-12.352000,133.514008,23.282000,4.282000,139.507004,-0.960000,2.280000,0.000000,-4.920000,2.880000,2.640000,-1.560000,-415.000000,-215.000000,210.000000,-3205.000000,293.000000,285.000000,-347.000000,22.000000,22.000000,22.000000,22.000000,22.000000,22.000000,22.000000,31.000000,31.000000,32.000000,32.000000,33.000000,33.000000,34.000000,1,1,1,1,1,1,1,0,0,0,0,0,0,0,74,5376.203125,757,0,1,0.515605,-0.032562,-0.323326,-3.117000,-0.401000,0.076000,1
1.095500,10.567000,-70.787003,-12.350000,133.445007,23.315001,4.327000,139.490005,-1.560000,3.960000,0.360000,-7.560000,3.120000,4.320000,-0.960000,-563.000000,-63.000000,369.000000,-3241.000000,268.000000,332.000000,-348.000000,22.000000,22.000000,22.000000,22.000000,22.000000,22.000000,22.000000,31.000000,31.000000,32.000000,32.000000,33.000000,33.000000,34.000000,1,1,1,1,1,1,1,0,0,0,0,0,0,0,74,5376.202148,757,0,1,0.515891,-0.032539,-0.323277,-3.117000,-0.401000,0.076000,1
1.105396,10.541000,-70.721001,-12.343000,133.307999,23.351999,4.379000,139.473999,-2.400000,6.120000,0.720000,-11.880000,3.960000,5.880000,-0.480000,-646.000000,186.000000,574.000000,-3564.000000,241.000000,280.000000,-308.000000,22.000000,22.000000,22.000000,22.000000,22.000000,22.000000,22.000000,31.000000,31.000000,32.000000,32.000000,33.000000,33.000000,34.000000,1,1,1,1,1,1,1,0,0,0,0,0,0,0,74,5376.203125,756,0,1,0.516585,-0.032667,-0.323193,-3.117000,-0.401000,0.076000,1
1.115273,10.509000,-70.642998,-12.336000,133.160995,23.385000,4.455000,139.470993,-3.120000,9.240000,1.200000,-15.480000,3.720000,7.680000,-0.240000,-769.000000,289.000000,698.000000,-3126.000000,263.000000,200.000000,-308.000000,22.000000,22.000000,22.000000,22.000000,22.000000,22.000000,22.000000,31.000000,31.000000,32.000000,32.000000,33.000000,33.000000,34.000000,1,1,1,1,1,1,1,0,0,0,0,0,0,0,74,5376.202148,756,0,1,0.517179,-0.032738,-0.323165,-3.117000,-0.402000,0.076000,1
1.125311,10.485000,-70.588997,-12.326000,133.059006,23.407000,4.508000,139.468002,-3.840000,10.200000,1.440000,-17.879999,3.840000,8.640000,0.000000,-985.000000,236.000000,669.000000,-3334.000000,342.000000,66.000000,-285.000000,22.000000,22.000000,22.000000,22.000000,22.000000,22.000000,22.000000,31.000000,31.000000,32.000000,32.000000,33.000000,33.000000,34.000000,1,1,1,1,1,1,1,0,0,0,0,0,0,0,74,5376.204102,756,0,1,0.517592,-0.032769,-0.323139,-3.117000,-0.402000,0.076000,1
1.135298,10.431000,-70.484001,-12.301000,132.867996,23.458000,4.634000,139.466995,-4.670000,12.240000,2.400000,-20.879999,3.960000,11.760000,0.360000,-902.000000,427.000000,544.000000,-3282.000000,373.000000,244.000000,-111.000000,22.000000,22.000000,22.000000,22.000000,22.000000,22.000000,22.000000,31.000000,31.000000,32.000000,32.000000,33.000000,33.000000,34.000000,1,1,1,1,1,1,1,0,0,0,0,0,0,0,74,5376.206055,757,0,1,0.518217,-0.032701,-0.323139,-3.117000,-0.401000,0.076000,1
1.145269,10.369000,-70.313004,-12.277000,132.580994,23.500999,4.755000,139.468994,-5.880000,15.600000,2.880000,-25.559999,4.670000,12.600000,0.480000,-747.000000,337.000000,706.000000,-3367.000000,393.000000,480.000000,48.000000,22.000000,22.000000,22.000000,22.000000,22.000000,22.000000,22.000000,31.000000,31.000000,32.000000,32.000000,33.000000,33.000000,34.000000,1,1,1,1,1,1,1,0,0,0,0,0,0,0,74,5376.207031,756,0,1,0.519434,-0.032873,-0.323127,-3.117000,-0.402000,0.076000,1
1.155318,10.295000,-70.135002,-12.245000,132.279007,23.559999,4.923000,139.470993,-6.840000,17.639999,3.120000,-31.200001,5.280000,16.200001,1.920000,-1139.000000,359.000000,635.000000,-3525.000000,504.000000,351.000000,175.000000,22.000000,22.000000,22.000000,22.000000,22.000000,22.000000,22.000000,31.000000,31.000000,32.000000,32.000000,33.000000,33.000000,34.000000,1,1,1,1,1,1,1,0,0,0,0,0,0,0,74,5376.206055,756,0,1,0.520516,-0.032889,-0.323153,-3.118000,-0.402000,0.077000,1
1.165409,10.207000,-69.896004,-12.201000,131.889999,23.613001,5.088000,139.477997,-8.400000,20.760000,3.480000,-37.080002,5.400000,16.920000,2.510000,-901.000000,333.000000,778.000000,-3589.000000,624.000000,432.000000,230.000000,22.000000,22.000000,22.000000,22.000000,22.000000,22.000000,22.000000,31.000000,31.000000,32.000000,32.000000,33.000000,33.000000,34.000000,1,1,1,1,1,1,1,0,0,0,0,0,0,0,74,5376.206055,758,0,1,0.522125,-0.033056,-0.323171,-3.118000,-0.402000,0.078000,1
1.175277,10.173000,-69.810997,-12.183000,131.742004,23.646000,5.203000,139.488998,-8.640000,21.840000,3.960000,-36.119999,5.760000,18.709999,2.760000,-818.000000,305.000000,703.000000,-3476.000000,533.000000,590.000000,269.000000,22.000000,22.000000,22.000000,22.000000,22.000000,22.000000,22.000000,31.000000,31.000000,32.000000,32.000000,33.000000,33.000000,34.000000,1,1,1,1,1,1,1,0,0,0,0,0,0,0,74,5376.203125,756,0,1,0.522497,-0.032889,-0.323216,-3.118000,-0.401000,0.078000,1
1.185334,10.068000,-69.556999,-12.137000,131.255997,23.723000,5.450000,139.505005,-9.840000,23.879999,3.600000,-43.080002,7.070000,22.200001,3.600000,-1300.000000,315.000000,825.000000,-3969.000000,448.000000,392.000000,374.000000,22.000000,22.000000,22.000000,22.000000,22.000000,22.000000,22.000000,31.000000,31.000000,32.000000,32.000000,33.000000,33.000000,34.000000,1,1,1,1,1,1,1,0,0,0,0,0,0,0,74,5376.204102,757,0,1,0.524522,-0.032963,-0.323085,-3.118000,-0.402000,0.078000,1
1.195226,9.957000,-69.282997,-12.090000,130.783997,23.804001,5.699000,139.546005,-10.200000,26.639999,4.670000,-47.160000,7.680000,23.760000,4.320000,-1049.000000,456.000000,751.000000,-3737.000000,229.000000,546.000000,477.000000,22.000000,22.000000,22.000000,22.000000,22.000000,22.000000,22.000000,31.000000,31.000000,32.000000,32.000000,33.000000,33.000000,34.000000,1,1,1,1,1,1,1,0,0,0,0,0,0,0,74,5376.204102,758,0,1,0.526298,-0.032981,-0.323093,-3.118000,-0.402000,0.078000,1
1.205258,9.831000,-68.966003,-12.032000,130.240997,23.886999,5.982000,139.585007,-12.000000,30.240000,5.030000,-49.919998,7.070000,25.680000,5.280000,-1097.000000,402.000000,638.000000,-3183.000000,367.000000,415.000000,504.000000,22.000000,22.000000,22.000000,22.000000,22.000000,22.000000,22.000000,31.000000,31.000000,32.000000,32.000000,33.000000,33.000000,34.000000,1,1,1,1,1,1,1,0,0,0,0,0,0,0,74,5376.206055,757,0,1,0.528335,-0.032985,-0.323117,-3.118000,-0.402000,0.079000,1
1.215383,9.670000,-68.582001,-11.965000,129.675003,23.962999,6.270000,139.647995,-13.800000,29.760000,5.280000,-53.160000,7.440000,29.400000,5.760000,-938.000000,251.000000,650.000000,-2824.000000,542.000000,643.000000,540.000000,22.000000,21.000000,22.000000,22.000000,22.000000,22.000000,21.000000,31.000000,31.000000,32.000000,32.000000,33.000000,33.000000,34.000000,1,1,1,1,1,1,1,0,0,0,0,0,0,0,74,5376.215820,757,0,1,0.530202,-0.033062,-0.323385,-3.119000,-0.401000,0.079000,1
1.225362,9.562000,-68.275002,-11.924000,129.072006,24.035999,6.600000,139.718994,-12.600000,32.759998,4.320000,-57.360001,7.920000,29.639999,7.070000,-904.000000,341.000000,807.000000,-2932.000000,632.000000,531.000000,479.000000,21.000000,21.000000,21.000000,22.000000,21.000000,22.000000,21.000000,31.000000,31.000000,32.000000,32.000000,33.000000,33.000000,34.000000,1,1,1,1,1,1,1,0,0,0,0,0,0,0,74,5376.207031,754,0,1,0.532589,-0.032990,-0.323244,-3.118000,-0.401000,0.079000,1
1.235256,9.418000,-67.917999,-11.862000,128.429993,24.117001,6.948000,139.789001,-13.680000,34.919998,5.030000,-60.480000,8.280000,32.759998,7.560000,-792.000000,328.000000,563.000000,-3519.000000,648.000000,412.000000,498.000000,21.000000,21.000000,21.000000,22.000000,21.000000,22.000000,21.000000,31.000000,31.000000,32.000000,32.000000,33.000000,33.000000,34.000000,1,1,1,1,1,1,1,0,0,0,0,0,0,0,74,5376.203125,756,0,1,0.535002,-0.032922,-0.323217,-3.118000,-0.401000,0.079000,1
1.245261,9.261000,-67.564003,-11.804000,127.796997,24.212000,7.295000,139.852997,-14.040000,35.639999,5.400000,-62.759998,8.880000,33.119999,7.440000,-1037.000000,218.000000,388.000000,-3684.000000,420.000000,341.000000,519.000000,21.000000,21.000000,21.000000,22.000000,21.000000,22.000000,21.000000,31.000000,31.000000,32.000000,32.000000,33.000000,33.000000,34.000000,1,1,1,1,1,1,1,0,0,0,0,0,0,0,74,5376.203125,758,0,1,0.537346,-0.032911,-0.323203,-3.118000,-0.401000,0.080000,1
1.255290,9.168000,-67.335999,-11.773000,127.424004,24.247999,7.447000,139.904999,-14.640000,36.360001,4.920000,-64.440002,9.000000,33.000000,7.320000,-900.000000,398.000000,487.000000,-4172.000000,447.000000,239.000000,593.000000,21.000000,21.000000,21.000000,22.000000,21.000000,22.000000,21.000000,31.000000,31.000000,32.000000,32.000000,33.000000,33.000000,34.000000,1,1,1,1,1,1,1,0,0,0,0,0,0,0,74,5376.196777,756,0,1,0.538873,-0.033119,-0.323234,-3.119000,-0.402000,0.080000,1
1.265372,9.007000,-66.939003,-11.721000,126.716003,24.332001,7.794000,139.987000,-14.760000,37.430000,4.670000,-66.599998,8.520000,34.560001,7.920000,-806.000000,332.000000,547.000000,-3360.000000,453.000000,447.000000,588.000000,21.000000,21.000000,21.000000,22.000000,21.000000,22.000000,21.000000,31.000000,31.000000,32.000000,32.000000,33.000000,33.000000,34.000000,1,1,1,1,1,1,1,0,0,0,0,0,0,0,74,5376.204102,757,0,1,0.541672,-0.033258,-0.323193,-3.119000,-0.402000,0.080000,1
1.275189,8.841000,-66.551003,-11.663000,125.956001,24.430000,8.213000,140.080994,-14.520000,37.200001,4.800000,-68.279999,6.840000,36.840000,9.600000,-559.000000,145.000000,640.000000,-2959.000000,496.000000,690.000000,563.000000,21.000000,21.000000,21.000000,22.000000,21.000000,22.000000,21.000000,31.000000,31.000000,32.000000,32.000000,33.000000,33.000000,34.000000,1,1,1,1,1,1,1,0,0,0,0,0,0,0,74,5376.203125,754,0,1,0.544623,-0.033170,-0.323023,-3.119000,-0.402000,0.080000,1
1.285193,8.675000,-66.132004,-11.612000,125.214996,24.490999,8.533000,140.184006,-14.400000,37.310001,4.800000,-68.279999,6.840000,38.520000,8.640000,-565.000000,172.000000,687.000000,-2209.000000,576.000000,840.000000,422.000000,21.000000,21.000000,21.000000,22.000000,21.000000,22.000000,21.000000,31.000000,31.000000,32.000000,32.000000,33.000000,33.000000,34.000000,1,1,1,1,1,1,1,0,0,0,0,0,0,0,74,5376.208984,758,0,1,0.547732,-0.033484,-0.322956,-3.120000,-0.403000,0.080000,1
1.295327,8.471000,-65.713997,-11.554000,124.399002,24.587999,8.989000,140.291000,-16.080000,38.639999,4.320000,-68.400002,7.800000,37.799999,10.920000,-822.000000,203.000000,648.000000,-2366.000000,644.000000,715.000000,572.000000,21.000000,21.000000,21.000000,22.000000,21.000000,22.000000,21.000000,31.000000,31.000000,32.000000,32.000000,33.000000,33.000000,34.000000,1,1,1,1,1,1,1,0,0,0,0,0,0,0,74,5376.207031,754,0,1,0.550842,-0.033498,-0.322776,-3.120000,-0.404000,0.080000,1
1.305293,8.385000,-65.485001,-11.531000,124.026001,24.634001,9.289000,140.343994,-15.120000,38.279999,4.320000,-68.040001,7.440000,36.240002,9.840000,-876.000000,266.000000,419.000000,-2567.000000,448.000000,769.000000,542.000000,21.000000,21.000000,21.000000,22.000000,21.000000,22.000000,21.000000,31.000000,31.000000,32.000000,32.000000,33.000000,33.000000,34.000000,1,1,1,1,1,1,1,0,0,0,0,0,0,0,74,5376.202148,755,0,1,0.551564,-0.033099,-0.323024,-3.119000,-0.402000,0.080000,1
1.315319,8.198000,-64.991997,-11.480000,123.202003,24.728001,9.666000,140.460007,-15.240000,36.720001,3.960000,-68.519997,7.920000,36.360001,9.000000,-983.000000,0.000000,559.000000,-2388.000000,470.000000,583.000000,432.000000,21.000000,21.000000,21.000000,22.000000,21.000000,22.000000,21.000000,31.000000,31.000000,32.000000,32.000000,33.000000,33.000000,34.000000,1,1,1,1,1,1,1,0,0,0,0,0,0,0,74,5376.209961,757,0,1,0.554728,-0.033287,-0.323140,-3.120000,-0.402000,0.080000,1
1.325343,8.033000,-64.583000,-11.439000,122.483002,24.790001,10.055000,140.563995,-15.600000,36.360001,3.480000,-67.199997,6.600000,37.430000,10.440000,-1001.000000,-225.000000,569.000000,-2413.000000,552.000000,428.000000,522.000000,21.000000,21.000000,22.000000,22.000000,21.000000,21.000000,21.000000,31.000000,31.000000,32.000000,32.000000,33.000000,33.000000,34.000000,1,1,1,1,1,1,1,0,0,0,0,0,0,0,74,5376.200195,756,0,1,0.557257,-0.033291,-0.323220,-3.120000,-0.402000,0.080000,1
1.335286,7.851000,-64.151001,-11.399000,121.695999,24.882000,10.560000,140.677002,-15.710000,35.160000,3.480000,-64.800003,6.000000,36.599998,9.000000,-993.000000,-467.000000,365.000000,-2596.000000,646.000000,542.000000,396.000000,21.000000,21.000000,22.000000,22.000000,21.000000,21.000000,21.000000,31.000000,31.000000,32.000000,32.000000,33.000000,33.000000,34.000000,1,1,1,1,1,1,1,0,0,0,0,0,0,0,74,5376.199219,755,0,1,0.559692,-0.032995,-0.323320,-3.119000,-0.401000,0.080000,1
1.345241,7.705000,-63.837002,-11.365000,121.054001,24.947001,10.913000,140.785995,-14.150000,34.919998,2.880000,-61.560001,5.880000,34.680000,9.350000,-800.000000,-353.000000,432.000000,-2431.000000,722.000000,220.000000,415.000000,21.000000,21.000000,22.000000,22.000000,21.000000,21.000000,21.000000,31.000000,31.000000,32.000000,32.000000,33.000000,33.000000,34.000000,1,1,1,1,1,1,1,0,0,0,0,0,0,0,74,5376.193848,757,0,1,0.562195,-0.032964,-0.323121,-3.118000,-0.402000,0.080000,1
1.355335,7.623000,-63.639000,-11.342000,120.666000,24.982000,11.100000,140.839005,-14.880000,33.000000,3.240000,-60.480000,5.760000,33.480000,9.840000,-718.000000,-188.000000,364.000000,-2248.000000,591.000000,432.000000,481.000000,21.000000,21.000000,22.000000,22.000000,21.000000,21.000000,21.000000,31.000000,31.000000,32.000000,32.000000,33.000000,33.000000,34.000000,1,1,1,1,1,1,1,0,0,0,0,0,0,0,74,5376.196777,757,0,1,0.563797,-0.033001,-0.323015,-3.119000,-0.402000,0.080000,1
1.365390,7.478000,-63.299000,-11.313000,120.050003,25.042999,11.440000,140.910995,-13.800000,31.430000,2.400000,-57.840000,5.640000,31.309999,8.640000,-793.000000,-298.000000,112.000000,-1860.000000,544.000000,394.000000,470.000000,21.000000,21.000000,22.000000,22.000000,21.000000,21.000000,21.000000,31.000000,31.000000,32.000000,32.000000,33.000000,33.000000,34.000000,1,1,1,1,1,1,1,0,0,0,0,0,0,0,74,5376.207031,757,0,1,0.565962,-0.033005,-0.323045,-3.119000,-0.402000,0.080000,1
1.375254,7.308000,-62.898998,-11.282000,119.419998,25.106001,11.752000,141.016998,-11.520000,29.879999,1.920000,-55.200001,5.760000,28.430000,7.560000,-865.000000,-171.000000,283.000000,-1622.000000,438.000000,517.000000,400.000000,21.000000,21.000000,22.000000,22.000000,21.000000,21.000000,21.000000,31.000000,31.000000,32.000000,32.000000,33.000000,33.000000,34.000000,1,1,1,1,1,1,1,0,0,0,0,0,0,0,74,5376.209961,759,0,1,0.568076,-0.033188,-0.323309,-3.119000,-0.402000,0.080000,1
1.385277,7.187000,-62.605000,-11.262000,118.792999,25.186001,12.111000,141.123001,-11.160000,27.719999,1.920000,-50.759998,5.160000,27.840000,8.040000,-550.000000,-312.000000,367.000000,-1654.000000,365.000000,673.000000,383.000000,21.000000,21.000000,22.000000,22.000000,21.000000,21.000000,21.000000,31.000000,31.000000,32.000000,32.000000,33.000000,33.000000,34.000000,1,1,1,1,1,1,1,0,0,0,0,0,0,0,74,5376.208984,757,0,1,0.570475,-0.033014,-0.323082,-3.119000,-0.402000,0.079000,1
1.395233,7.106000,-62.401001,-11.245000,118.429001,25.224001,12.247000,141.162994,-11.520000,26.879999,1.680000,-47.040001,4.440000,26.639999,6.840000,-469.000000,-398.000000,327.000000,-1807.000000,546.000000,426.000000,374.000000,21.000000,21.000000,22.000000,22.000000,21.000000,21.000000,21.000000,31.000000,31.000000,32.000000,32.000000,33.000000,33.000000,34.000000,1,1,1,1,1,1,1,0,0,0,0,0,0,0,74,5376.204102,757,0,1,0.572074,-0.033218,-0.323041,-3.119000,-0.403000,0.079000,1
1.405221,6.988000,-62.123001,-11.219000,117.925003,25.278000,12.590000,141.253006,-10.320000,23.400000,1.440000,-43.080002,4.200000,23.879999,6.840000,-726.000000,-489.000000,386.000000,-1523.000000,624.000000,343.000000,363.000000,21.000000,21.000000,22.000000,22.000000,21.000000,21.000000,21.000000,31.000000,31.000000,32.000000,32.000000,33.000000,33.000000,34.000000,1,1,1,1,1,1,1,0,0,0,0,0,0,0,74,5376.202148,757,0,1,0.573479,-0.032890,-0.323155,-3.118000,-0.402000,0.079000,1
1.415266,6.889000,-61.872002,-11.210000,117.482002,25.320000,12.841000,141.319000,-9.480000,22.799999,1.080000,-41.400002,3.960000,21.840000,6.480000,-488.000000,-352.000000,419.000000,-2019.000000,606.000000,310.000000,402.000000,21.000000,21.000000,22.000000,22.000000,21.000000,21.000000,22.000000,31.000000,31.000000,32.000000,32.000000,33.000000,33.000000,34.000000,1,1,1,1,1,1,1,0,0,0,0,0,0,0,74,5376.198242,756,0,1,0.574930,-0.032879,-0.323239,-3.118000,-0.402000,0.079000,1
1.425215,6.818000,-61.688000,-11.204000,117.263000,25.341000,12.947000,141.348999,-8.640000,21.240000,1.080000,-40.430000,3.600000,22.080000,5.880000,-693.000000,-923.000000,428.000000,-2018.000000,660.000000,402.000000,351.000000,21.000000,22.000000,22.000000,22.000000,21.000000,21.000000,22.000000,31.000000,31.000000,32.000000,32.000000,33.000000,33.000000,34.000000,1,1,1,1,1,1,1,0,0,0,0,0,0,0,74,5376.198242,755,0,1,0.575408,-0.033022,-0.323594,-3.119000,-0.401000,0.079000,1
1.435259,6.737000,-61.514999,-11.197000,116.845001,25.382000,13.200000,141.414993,-8.520000,19.920000,0.720000,-34.799999,3.240000,20.400000,4.920000,-428.000000,-397.000000,389.000000,-1684.000000,683.000000,280.000000,290.000000,22.000000,22.000000,22.000000,22.000000,21.000000,22.000000,22.000000,31.000000,31.000000,32.000000,32.000000,33.000000,33.000000,34.000000,1,1,1,1,1,1,1,0,0,0,0,0,0,0,74,5376.199219,758,0,1,0.577043,-0.032935,-0.323331,-3.118000,-0.401000,0.079000,1
1.445349,6.667000,-61.324001,-11.188000,116.517998,25.414000,13.373000,141.451996,-7.070000,16.559999,0.720000,-29.160000,2.880000,16.559999,4.320000,-705.000000,-487.000000,490.000000,-1442.000000,752.000000,401.000000,357.000000,22.000000,22.000000,22.000000,22.000000,21.000000,22.000000,22.000000,31.000000,31.000000,32.000000,32.000000,33.000000,33.000000,34.000000,1,1,1,1,1,1,1,0,0,0,0,0,0,0,74,5376.204102,757,0,1,0.578145,-0.032935,-0.323414,-3.118000,-0.401000,0.079000,1
1.455252,6.594000,-61.154999,-11.174000,116.198997,25.455999,13.547000,141.505997,-6.120000,13.800000,0.720000,-26.400000,2.880000,15.120000,3.000000,-462.000000,-686.000000,307.000000,-1961.000000,698.000000,139.000000,271.000000,22.000000,22.000000,22.000000,22.000000,21.000000,22.000000,22.000000,31.000000,31.000000,32.000000,32.000000,33.000000,33.000000,34.000000,1,1,1,1,1,1,1,0,0,0,0,0,0,0,74,5376.204102,757,0,1,0.579290,-0.032871,-0.323397,-3.118000,-0.401000,0.078000,1
1.465282,6.527000,-60.988998,-11.167000,115.891998,25.489000,13.694000,141.542999,-4.320000,11.880000,0.480000,-19.920000,2.880000,11.760000,2.880000,-780.000000,-572.000000,329.000000,-1065.000000,638.000000,361.000000,290.000000,22.000000,22.000000,22.000000,22.000000,21.000000,22.000000,22.000000,31.000000,31.000000,32.000000,32.000000,33.000000,33.000000,34.000000,1,1,1,1,1,1,1,0,0,0,0,0,0,0,74,5376.203125,758,0,1,0.580484,-0.032949,-0.323376,-3.118000,-0.401000,0.078000,1
1.475258,6.487000,-60.890999,-11.163000,115.713997,25.521999,13.815000,141.565994,-3.720000,9.840000,0.240000,-17.150000,2.640000,10.320000,1.800000,-709.000000,-589.000000,287.000000,-1479.000000,523.000000,498.000000,264.000000,22.000000,22.000000,22.000000,22.000000,21.000000,22.000000,22.000000,31.000000,31.000000,32.000000,32.000000,33.000000,33.000000,34.000000,1,1,1,1,1,1,1,0,0,0,0,0,0,0,74,5376.200195,756,0,1,0.580975,-0.032830,-0.323419,-3.118000,-0.401000,0.078000,1
1.485262,6.462000,-60.840000,-11.164000,115.630997,25.544001,13.873000,141.576004,-3.720000,8.040000,0.000000,-13.800000,2.880000,9.000000,1.320000,-845.000000,-921.000000,363.000000,-1606.000000,499.000000,308.000000,219.000000,22.000000,22.000000,22.000000,22.000000,21.000000,22.000000,22.000000,31.000000,31.000000,32.000000,32.000000,33.000000,33.000000,34.000000,1,1,1,1,1,1,1,0,0,0,0,0,0,0,74,5376.202148,755,0,1,0.581177,-0.032813,-0.323464,-3.118000,-0.401000,0.078000,1
1.495179,6.422000,-60.762001,-11.159000,115.491997,25.572001,13.970000,141.587997,-2.510000,5.520000,0.000000,-10.070000,2.510000,6.480000,0.480000,-602.000000,-670.000000,298.000000,-1912.000000,488.000000,-2.000000,232.000000,22.000000,22.000000,22.000000,22.000000,21.000000,22.000000,22.000000,31.000000,31.000000,32.000000,32.000000,33.000000,33.000000,34.000000,1,1,1,1,1,1,1,0,0,0,0,0,0,0,74,5376.200195,756,0,1,0.581539,-0.032739,-0.323506,-3.117000,-0.401000,0.078000,1
1.505171,6.391000,-60.705002,-11.158000,115.397003,25.601999,14.026000,141.593994,-1.680000,3.600000,0.120000,-7.680000,2.510000,4.670000,0.240000,-485.000000,-889.000000,287.000000,-2177.000000,399.000000,78.000000,208.000000,22.000000,22.000000,22.000000,22.000000,21.000000,22.000000,22.000000,31.000000,31.000000,32.000000,32.000000,33.000000,33.000000,34.000000,1,1,1,1,1,1,1,0,0,0,0,0,0,0,74,5376.203125,755,0,1,0.581825,-0.032744,-0.323542,-3.117000,-0.400000,0.078000,1
1.515217,6.378000,-60.673000,-11.160000,115.331001,25.621000,14.061000,141.597000,-1.200000,2.760000,0.000000,-4.670000,1.920000,2.640000,-0.240000,-580.000000,-805.000000,236.000000,-2204.000000,409.000000,217.000000,141.000000,22.000000,22.000000,22.000000,22.000000,21.000000,22.000000,22.000000,31.000000,31.000000,32.000000,32.000000,33.000000,33.000000,34.000000,1,1,1,1,1,1,1,0,0,0,0,0,0,0,74,5376.203125,757,0,1,0.582091,-0.032751,-0.323518,-3.117000,-0.401000,0.078000,1
1.525269,6.372000,-60.658001,-11.160000,115.304001,25.635000,14.076000,141.595001,-0.840000,1.920000,0.000000,-3.720000,1.920000,2.160000,0.000000,-563.000000,-816.000000,136.000000,-2020.000000,449.000000,219.000000,98.000000,22.000000,22.000000,22.000000,22.000000,22.000000,22.000000,22.000000,31.000000,31.000000,32.000000,32.000000,33.000000,33.000000,34.000000,1,1,1,1,1,1,1,0,0,0,0,0,0,0,74,5376.202148,755,0,1,0.582193,-0.032740,-0.323517,-3.117000,-0.401000,0.077000,1
1.535285,6.363000,-60.643002,-11.160000,115.272003,25.657000,14.096000,141.597000,-0.360000,0.480000,0.000000,-1.080000,1.680000,0.840000,-0.360000,-657.000000,-631.000000,88.000000,-2134.000000,472.000000,207.000000,3.000000,22.000000,22.000000,22.000000,22.000000,22.000000,22.000000,22.000000,31.000000,31.000000,32.000000,32.000000,33.000000,33.000000,34.000000,1,1,1,1,1,1,1,0,0,0,0,0,0,0,74,5376.202148,758,0,1,0.582309,-0.032701,-0.323505,-3.117000,-0.401000,0.077000,1
1.545256,6.358000,-60.639000,-11.160000,115.268997,25.674999,14.106000,141.595001,-0.240000,0.000000,0.000000,0.000000,1.560000,0.240000,-0.480000,-656.000000,-582.000000,44.000000,-2151.000000,500.000000,216.000000,-90.000000,22.000000,22.000000,22.000000,22.000000,22.000000,22.000000,22.000000,31.000000,31.000000,32.000000,32.000000,33.000000,33.000000,34.000000,1,1,1,1,1,1,1,0,0,0,0,0,0,0,74,5376.204102,756,0,1,0.582272,-0.032659,-0.323525,-3.117000,-0.400000,0.077000,1
1.555224,6.356000,-60.639999,-11.162000,115.271004,25.684000,14.110000,141.597000,-0.120000,0.000000,0.000000,0.000000,1.560000,0.000000,-0.480000,-646.000000,-623.000000,-2.000000,-2011.000000,541.000000,202.000000,-106.000000,22.000000,22.000000,22.000000,22.000000,22.000000,22.000000,22.000000,31.000000,31.000000,32.000000,32.000000,33.000000,33.000000,34.000000,1,1,1,1,1,1,1,0,0,0,0,0,0,0,74,5376.204102,757,0,1,0.582249,-0.032638,-0.323525,-3.117000,-0.400000,0.077000,1
1.566289,6.356000,-60.636002,-11.163000,115.271004,25.709000,14.113000,141.595001,0.120000,0.000000,-0.360000,0.000000,1.200000,0.000000,-0.840000,-478.000000,-871.000000,-124.000000,-1587.000000,538.000000,173.000000,-150.000000,22.000000,22.000000,22.000000,22.000000,22.000000,22.000000,22.000000,31.000000,31.000000,32.000000,32.000000,33.000000,33.000000,34.000000,1,1,1,1,1,1,1,0,0,0,0,0,0,0,74,5376.204102,758,0,1,0.582228,-0.032582,-0.323548,-3.117000,-0.400000,0.076000,1
1.576243,6.354000,-60.632999,-11.163000,115.268997,25.716999,14.112000,141.593994,0.000000,0.000000,-0.480000,0.000000,1.200000,0.000000,-1.200000,-384.000000,-895.000000,-194.000000,-1639.000000,561.000000,194.000000,-157.000000,22.000000,22.000000,22.000000,22.000000,22.000000,22.000000,22.000000,31.000000,31.000000,32.000000,32.000000,33.000000,33.000000,34.000000,1,1,1,1,1,1,1,0,0,0,0,0,0,0,74,5376.203125,756,0,1,0.582239,-0.032585,-0.323553,-3.117000,-0.400000,0.076000,1
1.586200,6.355000,-60.633999,-11.166000,115.268997,25.730000,14.116000,141.593002,0.000000,0.000000,-0.840000,-0.120000,1.080000,0.360000,-1.440000,-212.000000,-767.000000,-233.000000,-2110.000000,565.000000,259.000000,-156.000000,22.000000,22.000000,22.000000,22.000000,22.000000,22.000000,22.000000,31.000000,31.000000,32.000000,32.000000,33.000000,33.000000,34.000000,1,1,1,1,1,1,1,0,0,0,0,0,0,0,74,5376.202148,759,0,1,0.582230,-0.032557,-0.323549,-3.116000,-0.400000,0.076000,1
1.596287,6.355000,-60.633999,-11.174000,115.263000,25.738001,14.127000,141.591003,0.000000,0.480000,-1.680000,-1.440000,0.840000,1.200000,-1.680000,-60.000000,-383.000000,-267.000000,-2673.000000,561.000000,315.000000,-178.000000,22.000000,22.000000,22.000000,22.000000,22.000000,22.000000,22.000000,31.000000,31.000000,32.000000,32.000000,33.000000,33.000000,34.000000,1,1,1,1,1,1,1,0,0,0,0,0,0,0,74,5376.202148,756,0,1,0.582233,-0.032577,-0.323538,-3.116000,-0.400000,0.076000,1
1.606244,6.358000,-60.618999,-11.189000,115.236000,25.749001,14.151000,141.580002,0.240000,1.680000,-2.510000,-3.960000,0.720000,2.400000,-1.800000,141.000000,-225.000000,-312.000000,-3089.000000,604.000000,361.000000,-219.000000,22.000000,22.000000,22.000000,22.000000,22.000000,22.000000,22.000000,31.000000,31.000000,32.000000,32.000000,33.000000,33.000000,34.000000,1,1,1,1,1,1,1,0,0,0,0,0,0,0,74,5376.203125,757,0,1,0.582254,-0.032608,-0.323566,-3.116000,-0.400000,0.076000,1
1.616298,6.363000,-60.595001,-11.207000,115.194000,25.752001,14.191000,141.567993,0.720000,2.880000,-3.240000,-6.120000,0.360000,3.960000,-1.800000,225.000000,-164.000000,-304.000000,-3039.000000,599.000000,342.000000,-246.000000,22.000000,22.000000,22.000000,22.000000,22.000000,22.000000,22.000000,31.000000,31.000000,32.000000,32.000000,33.000000,33.000000,34.000000,1,1,1,1,1,1,1,0,0,0,0,0,0,0,74,5376.203125,756,0,1,0.582286,-0.032630,-0.323613,-3.116000,-0.400000,0.076000,1
1.626272,6.378000,-60.547001,-11.247000,115.068001,25.753000,14.256000,141.550003,1.440000,4.800000,-5.030000,-9.600000,0.240000,6.480000,-2.040000,323.000000,-196.000000,-571.000000,-3201.000000,596.000000,383.000000,-311.000000,22.000000,22.000000,22.000000,22.000000,22.000000,22.000000,22.000000,31.000000,31.000000,32.000000,32.000000,33.000000,33.000000,34.000000,1,1,1,1,1,1,1,0,0,0,0,0,0,0,74,5376.204102,757,0,1,0.582818,-0.032813,-0.323530,-3.116000,-0.400000,0.076000,1
1.636232,6.391000,-60.519001,-11.270000,115.021004,25.754000,14.294000,141.535995,1.800000,5.760000,-5.280000,-12.000000,0.000000,6.720000,-1.920000,375.000000,-115.000000,-553.000000,-3491.000000,533.000000,333.000000,-337.000000,22.000000,22.000000,22.000000,22.000000,22.000000,22.000000,22.000000,31.000000,31.000000,32.000000,32.000000,33.000000,33.000000,34.000000,1,1,1,1,1,1,1,0,0,0,0,0,0,0,74,5376.203125,756,0,1,0.582875,-0.032856,-0.323582,-3.116000,-0.400000,0.076000,1
1.646195,6.414000,-60.456001,-11.314000,114.855003,25.756001,14.400000,141.511993,2.280000,7.440000,-7.440000,-15.480000,0.000000,10.920000,-2.760000,534.000000,-49.000000,-575.000000,-3520.000000,410.000000,346.000000,-332.000000,22.000000,22.000000,22.000000,22.000000,22.000000,22.000000,22.000000,31.000000,31.000000,32.000000,32.000000,33.000000,33.000000,34.000000,1,1,1,1,1,1,1,0,0,0,0,0,0,0,74,5376.203125,757,0,1,0.583470,-0.032935,-0.323499,-3.116000,-0.400000,0.076000,1
1.656284,6.446000,-60.367001,-11.395000,114.635002,25.757000,14.540000,141.481003,3.480000,8.760000,-9.000000,-20.280001,0.000000,12.600000,-2.880000,501.000000,81.000000,-575.000000,-3625.000000,270.000000,232.000000,-379.000000,22.000000,22.000000,22.000000,22.000000,22.000000,22.000000,22.000000,31.000000,31.000000,32.000000,32.000000,33.000000,33.000000,34.000000,1,1,1,1,1,1,1,0,0,0,0,0,0,0,74,5376.203125,757,0,1,0.584198,-0.033214,-0.323431,-3.115000,-0.400000,0.076000,1
1.666296,6.501000,-60.233002,-11.505000,114.333000,25.757000,14.690000,141.445999,5.030000,11.880000,-10.070000,-25.559999,-0.240000,15.000000,-3.120000,352.000000,-24.000000,-970.000000,-3743.000000,95.000000,500.000000,-323.000000,22.000000,22.000000,22.000000,22.000000,22.000000,22.000000,22.000000,31.000000,31.000000,32.000000,32.000000,33.000000,33.000000,34.000000,1,1,1,1,1,1,1,0,0,0,0,0,0,0,74,5376.202148,758,0,1,0.585368,-0.033677,-0.323350,-3.115000,-0.401000,0.075000,1
1.676303,6.528000,-60.158001,-11.575000,114.164001,25.757000,14.784000,141.425003,5.030000,13.080000,-12.000000,-29.160000,-0.360000,17.280001,-3.600000,380.000000,123.000000,-1001.000000,-3655.000000,-2.000000,323.000000,-315.000000,22.000000,22.000000,22.000000,22.000000,22.000000,22.000000,22.000000,31.000000,31.000000,32.000000,32.000000,33.000000,33.000000,34.000000,1,1,1,1,1,1,1,0,0,0,0,0,0,0,74,5376.203125,757,0,1,0.585947,-0.033982,-0.323327,-3.115000,-0.401000,0.075000,1
1.686204,6.580000,-60.028999,-11.690000,113.888000,25.757000,14.978000,141.380997,5.520000,13.800000,-13.800000,-32.759998,-0.720000,19.440001,-3.840000,352.000000,200.000000,-953.000000,-3784.000000,-110.000000,329.000000,-303.000000,22.000000,22.000000,22.000000,22.000000,22.000000,22.000000,22.000000,31.000000,31.000000,32.000000,32.000000,33.000000,33.000000,34.000000,1,1,1,1,1,1,1,0,0,0,0,0,0,0,74,5376.204102,755,0,1,0.586651,-0.034311,-0.323377,-3.115000,-0.401000,0.075000,1
1.696216,6.670000,-59.804001,-11.906000,113.470001,25.757000,15.228000,141.337006,7.440000,17.760000,-16.200001,-37.080002,-1.560000,21.840000,-3.600000,453.000000,109.000000,-940.000000,-3188.000000,-235.000000,424.000000,-337.000000,22.000000,22.000000,22.000000,22.000000,22.000000,22.000000,22.000000,31.000000,31.000000,32.000000,32.000000,33.000000,33.000000,34.000000,1,1,1,1,1,1,1,0,0,0,0,0,0,0,74,5376.204102,756,0,1,0.587728,-0.035206,-0.323598,-3.114000,-0.400000,0.074000,1
1.706219,6.741000,-59.611000,-12.082000,113.023003,25.743000,15.516000,141.283997,8.040000,19.200001,-17.280001,-41.520000,-2.510000,25.200001,-3.720000,302.000000,312.000000,-847.000000,-3466.000000,-314.000000,259.000000,-321.000000,22.000000,22.000000,22.000000,22.000000,22.000000,22.000000,22.000000,31.000000,31.000000,32.000000,32.000000,33.000000,33.000000,34.000000,1,1,1,1,1,1,1,0,0,0,0,0,0,0,74,5376.204102,756,0,1,0.589090,-0.035862,-0.323537,-3.114000,-0.400000,0.074000,1
1.716180,6.786000,-59.480999,-12.197000,112.763000,25.739000,15.677000,141.259003,7.680000,21.719999,-19.200001,-45.959999,-2.760000,27.959999,-3.240000,468.000000,222.000000,-918.000000,-3770.000000,-293.000000,518.000000,-373.000000,22.000000,22.000000,22.000000,22.000000,22.000000,22.000000,21.000000,31.000000,31.000000,32.000000,32.000000,33.000000,33.000000,34.000000,1,1,1,1,1,1,1,0,0,0,0,0,0,0,74,5376.203125,756,0,1,0.589795,-0.036329,-0.323614,-3.114000,-0.400000,0.073000,1
1.726204,6.900000,-59.194000,-12.462000,112.133003,25.702999,16.070000,141.212006,9.840000,23.160000,-19.080000,-51.480000,-3.240000,29.040001,-3.960000,293.000000,70.000000,-969.000000,-3903.000000,-413.000000,306.000000,-377.000000,22.000000,22.000000,22.000000,22.000000,21.000000,22.000000,21.000000,31.000000,31.000000,32.000000,32.000000,33.000000,33.000000,34.000000,1,1,1,1,1,1,1,0,0,0,0,0,0,0,74,5376.203125,757,0,1,0.591637,-0.037391,-0.323630,-3.113000,-0.400000,0.073000,1
1.736220,6.992000,-58.958000,-12.686000,111.570999,25.680000,16.368999,141.158997,9.480000,24.480000,-21.959999,-54.360001,-3.480000,31.799999,-4.200000,360.000000,-129.000000,-863.000000,-4306.000000,-494.000000,380.000000,-412.000000,21.000000,22.000000,22.000000,22.000000,21.000000,22.000000,21.000000,31.000000,31.000000,32.000000,32.000000,33.000000,33.000000,34.000000,1,1,1,1,1,1,1,0,0,0,0,0,0,0,74,5376.202148,756,0,1,0.593671,-0.038502,-0.323448,-3.113000,-0.400000,0.073000,1
1.746134,7.062000,-58.778000,-12.834000,111.176003,25.662001,16.518999,141.134995,10.440000,25.920000,-23.760000,-57.480000,-3.720000,31.430000,-3.840000,261.000000,-99.000000,-862.000000,-3630.000000,-575.000000,609.000000,-380.000000,21.000000,22.000000,22.000000,22.000000,21.000000,22.000000,21.000000,31.000000,31.000000,32.000000,32.000000,33.000000,33.000000,34.000000,1,1,1,1,1,1,1,0,0,0,0,0,0,0,74,5376.200195,757,0,1,0.595355,-0.039399,-0.323324,-3.114000,-0.402000,0.072000,1
1.756211,7.189000,-58.480000,-13.124000,110.447998,25.603001,16.990000,141.089005,10.070000,27.480000,-23.280001,-59.400002,-4.440000,35.279999,-3.840000,431.000000,169.000000,-565.000000,-3515.000000,-546.000000,636.000000,-432.000000,21.000000,22.000000,22.000000,22.000000,21.000000,22.000000,21.000000,31.000000,31.000000,32.000000,32.000000,33.000000,33.000000,34.000000,1,1,1,1,1,1,1,0,0,0,0,0,0,0,74,5376.200195,758,0,1,0.597531,-0.040573,-0.323159,-3.113000,-0.402000,0.072000,1
1.766161,7.292000,-58.195999,-13.363000,109.834000,25.552000,17.341999,141.035995,10.560000,28.799999,-23.520000,-62.520000,-5.880000,34.560001,-3.600000,249.000000,156.000000,-531.000000,-3670.000000,-499.000000,492.000000,-392.000000,21.000000,22.000000,22.000000,22.000000,21.000000,22.000000,21.000000,31.000000,31.000000,32.000000,32.000000,33.000000,33.000000,34.000000,1,1,1,1,1,1,1,0,0,0,0,0,0,0,74,5376.204102,755,0,1,0.599423,-0.041719,-0.323159,-3.114000,-0.402000,0.073000,1
1.776166,7.371000,-57.972000,-13.531000,109.393997,25.518000,17.518999,141.016998,10.920000,28.080000,-25.080000,-63.360001,-5.760000,37.799999,-3.720000,320.000000,153.000000,-816.000000,-3271.000000,-340.000000,746.000000,-435.000000,21.000000,22.000000,22.000000,22.000000,21.000000,22.000000,21.000000,31.000000,31.000000,32.000000,32.000000,33.000000,33.000000,34.000000,1,1,1,1,1,1,1,0,0,0,0,0,0,0,74,5376.209961,758,0,1,0.601059,-0.042729,-0.323194,-3.114000,-0.402000,0.072000,1
1.786147,7.505000,-57.604000,-13.838000,108.598000,25.437000,17.968000,140.970001,10.800000,30.360001,-26.400000,-67.800003,-6.350000,38.520000,-3.480000,519.000000,26.000000,-675.000000,-3459.000000,-217.000000,689.000000,-356.000000,21.000000,22.000000,22.000000,22.000000,21.000000,22.000000,21.000000,31.000000,31.000000,32.000000,32.000000,33.000000,33.000000,34.000000,1,1,1,1,1,1,1,0,0,0,0,0,0,0,74,5376.208984,758,0,1,0.603505,-0.044281,-0.323189,-3.115000,-0.402000,0.073000,1
1.796105,7.658000,-57.230000,-14.157000,107.801003,25.353001,18.538000,140.921997,12.120000,30.959999,-26.639999,-68.519997,-5.760000,39.959999,-3.480000,165.000000,-24.000000,-889.000000,-3346.000000,-349.000000,408.000000,-301.000000,21.000000,22.000000,22.000000,22.000000,21.000000,22.000000,21.000000,31.000000,31.000000,32.000000,32.000000,33.000000,33.000000,34.000000,1,1,1,1,1,1,1,0,0,0,0,0,0,0,74,5376.204102,757,0,1,0.605231,-0.045380,-0.323400,-3.114000,-0.401000,0.073000,1
1.806173,7.746000,-57.090000,-14.297000,107.469002,25.326000,18.742001,140.899994,12.000000,32.639999,-26.040001,-67.680000,-5.760000,39.599998,-3.360000,384.000000,7.000000,-754.000000,-3569.000000,-388.000000,598.000000,-348.000000,21.000000,22.000000,22.000000,22.000000,21.000000,22.000000,21.000000,31.000000,31.000000,32.000000,32.000000,33.000000,33.000000,34.000000,1,1,1,1,1,1,1,0,0,0,0,0,0,0,74,5376.199219,757,0,1,0.606207,-0.045894,-0.323364,-3.114000,-0.401000,0.073000,1
1.816141,7.904000,-56.712002,-14.648000,106.630997,25.256001,19.222000,140.865005,12.360000,32.040001,-26.040001,-71.040001,-5.520000,39.959999,-2.510000,339.000000,-256.000000,-874.000000,-3786.000000,-400.000000,532.000000,-325.000000,21.000000,22.000000,22.000000,22.000000,21.000000,22.000000,21.000000,31.000000,31.000000,32.000000,32.000000,33.000000,33.000000,34.000000,1,1,1,1,1,1,1,0,0,0,0,0,0,0,74,5376.194824,756,0,1,0.608703,-0.047655,-0.323334,-3.114000,-0.401000,0.073000,1
1.826207,8.028000,-56.313999,-14.996000,105.769997,25.186001,19.701000,140.824997,13.080000,32.279999,-27.480000,-72.120003,-5.760000,40.799999,-2.760000,357.000000,-78.000000,-1045.000000,-3503.000000,-489.000000,625.000000,-344.000000,21.000000,21.000000,22.000000,22.000000,21.000000,21.000000,21.000000,31.000000,31.000000,32.000000,32.000000,33.000000,33.000000,34.000000,1,1,1,1,1,1,1,0,0,0,0,0,0,0,74,5376.196777,756,0,1,0.611277,-0.049634,-0.323313,-3.115000,-0.401000,0.073000,1
1.836172,8.124000,-56.067001,-15.200000,105.271004,25.165001,19.910000,140.809998,12.840000,32.279999,-26.639999,-72.000000,-5.160000,40.799999,-2.280000,505.000000,-296.000000,-453.000000,-3310.000000,-425.000000,352.000000,-371.000000,21.000000,21.000000,21.000000,22.000000,21.000000,21.000000,21.000000,31.000000,31.000000,32.000000,32.000000,33.000000,33.000000,34.000000,1,1,1,1,1,1,1,0,0,0,0,0,0,0,74,5376.200195,758,0,1,0.613057,-0.050869,-0.323329,-3.116000,-0.402000,0.073000,1
1.846137,8.291000,-55.722000,-15.494000,104.522003,25.094000,20.451000,140.779999,13.080000,32.040001,-26.400000,-72.720001,-5.760000,41.040001,-2.160000,478.000000,-197.000000,-497.000000,-2596.000000,-227.000000,499.000000,-362.000000,21.000000,21.000000,21.000000,22.000000,21.000000,21.000000,21.000000,31.000000,31.000000,32.000000,32.000000,33.000000,33.000000,34.000000,1,1,1,1,1,1,1,0,0,0,0,0,0,0,74,5376.202148,756,0,1,0.614597,-0.051768,-0.323522,-3.115000,-0.400000,0.073000,1
1.856178,8.418000,-55.331001,-15.821000,103.655998,25.021999,20.938000,140.753006,13.440000,31.080000,-25.559999,-69.599998,-5.760000,39.240002,-1.680000,243.000000,-171.000000,-229.000000,-2483.000000,-229.000000,559.000000,-352.000000,21.000000,21.000000,21.000000,22.000000,21.000000,21.000000,21.000000,31.000000,31.000000,32.000000,32.000000,33.000000,33.000000,34.000000,1,1,1,1,1,1,1,0,0,0,0,0,0,0,74,5376.207031,758,0,1,0.617166,-0.053595,-0.323449,-3.116000,-0.400000,0.074000,1
1.866269,8.456000,-55.235001,-15.898000,103.440002,25.021999,20.938000,140.753006,12.840000,33.119999,-25.309999,-70.800003,-5.760000,39.240002,-1.680000,240.000000,-17.000000,-861.000000,-2711.000000,-229.000000,559.000000,-352.000000,21.000000,21.000000,21.000000,22.000000,21.000000,21.000000,21.000000,31.000000,31.000000,32.000000,32.000000,33.000000,33.000000,34.000000,1,1,1,1,1,1,1,0,0,0,0,0,0,0,74,5376.204102,757,0,1,0.618482,-0.054381,-0.323263,-3.117000,-0.402000,0.073000,1
1.876209,8.673000,-54.755001,-16.306999,102.324997,24.930000,21.575001,140.729004,12.960000,30.959999,-25.080000,-68.160004,-5.280000,39.599998,-1.440000,312.000000,-246.000000,-472.000000,-2908.000000,-272.000000,628.000000,-365.000000,21.000000,21.000000,21.000000,22.000000,21.000000,21.000000,21.000000,31.000000,31.000000,32.000000,32.000000,33.000000,33.000000,34.000000,1,1,1,1,1,1,1,0,0,0,0,0,0,0,74,5376.202148,756,0,1,0.621832,-0.056343,-0.323070,-3.117000,-0.403000,0.074000,1
1.886130,8.838000,-54.320999,-16.634001,101.439003,24.871000,22.070999,140.710999,11.640000,31.430000,-24.719999,-66.239998,-4.670000,39.599998,-1.080000,338.000000,-66.000000,-377.000000,-2628.000000,-303.000000,690.000000,-364.000000,21.000000,21.000000,21.000000,22.000000,21.000000,21.000000,21.000000,31.000000,31.000000,32.000000,32.000000,33.000000,33.000000,34.000000,1,1,1,1,1,1,1,0,0,0,0,0,0,0,74,5376.203125,756,0,1,0.624239,-0.057927,-0.323245,-3.117000,-0.402000,0.074000,1
1.896153,8.914000,-54.113998,-16.778000,101.209999,24.837999,22.320999,140.701004,12.000000,29.879999,-23.879999,-64.919998,-4.440000,38.520000,-1.080000,-29.000000,-258.000000,-736.000000,-2803.000000,-326.000000,642.000000,-372.000000,21.000000,21.000000,21.000000,22.000000,21.000000,21.000000,21.000000,31.000000,31.000000,32.000000,32.000000,33.000000,33.000000,34.000000,1,1,1,1,1,1,1,0,0,0,0,0,0,0,74,5376.206055,757,0,1,0.623582,-0.058166,-0.324132,-3.116000,-0.399000,0.074000,1
1.906200,9.060000,-53.768002,-17.059000,100.277000,24.789000,22.756001,140.692993,12.120000,28.920000,-22.680000,-63.360001,-4.080000,36.240002,-0.600000,96.000000,-391.000000,-674.000000,-2836.000000,-357.000000,462.000000,-359.000000,21.000000,21.000000,21.000000,22.000000,21.000000,21.000000,21.000000,31.000000,31.000000,32.000000,32.000000,33.000000,33.000000,34.000000,1,1,1,1,1,1,1,0,0,0,0,0,0,0,74,5376.200195,756,0,1,0.627251,-0.059848,-0.323429,-3.117000,-0.401000,0.074000,1
1.916140,9.161000,-53.525002,-17.247000,99.747002,24.733000,23.156000,140.682999,11.640000,28.430000,-21.959999,-61.560001,-3.960000,35.279999,-0.600000,172.000000,-445.000000,-305.000000,-3301.000000,-318.000000,453.000000,-350.000000,21.000000,21.000000,21.000000,22.000000,21.000000,21.000000,21.000000,31.000000,31.000000,32.000000,32.000000,33.000000,33.000000,34.000000,1,1,1,1,1,1,1,0,0,0,0,0,0,0,74,5376.198242,755,0,1,0.628180,-0.060429,-0.323570,-3.117000,-0.400000,0.075000,1
1.926347,9.301000,-53.206001,-17.483000,99.058998,24.686001,23.495001,140.677994,10.440000,27.600000,-20.520000,-58.439999,-3.960000,35.639999,-0.360000,129.000000,-545.000000,-485.000000,-3263.000000,-246.000000,295.000000,-369.000000,21.000000,22.000000,21.000000,22.000000,21.000000,21.000000,21.000000,31.000000,31.000000,32.000000,32.000000,33.000000,33.000000,34.000000,1,1,1,1,1,1,1,0,0,0,0,0,0,0,74,5376.198242,756,0,1,0.630357,-0.061661,-0.323540,-3.117000,-0.401000,0.075000,1
1.936199,9.402000,-52.966000,-17.660000,98.528000,24.653999,23.870001,140.669998,11.160000,26.040001,-20.879999,-56.520000,-3.960000,33.000000,-0.360000,151.000000,-394.000000,-363.000000,-2921.000000,-102.000000,199.000000,-363.000000,21.000000,22.000000,22.000000,22.000000,21.000000,22.000000,21.000000,31.000000,31.000000,32.000000,32.000000,33.000000,33.000000,34.000000,1,1,1,1,1,1,1,0,0,0,0,0,0,0,74,5376.200195,757,0,1,0.631471,-0.062177,-0.323615,-3.117000,-0.400000,0.076000,1
1.946160,9.547000,-52.688999,-17.881001,97.889000,24.621000,24.205000,140.667007,10.200000,25.080000,-18.840000,-54.720001,-3.480000,31.200001,-0.120000,183.000000,-216.000000,-71.000000,-2323.000000,-117.000000,683.000000,-364.000000,21.000000,22.000000,22.000000,22.000000,21.000000,22.000000,21.000000,31.000000,31.000000,32.000000,32.000000,33.000000,33.000000,34.000000,1,1,1,1,1,1,1,0,0,0,0,0,0,0,74,5376.204102,757,0,1,0.633466,-0.063178,-0.323503,-3.117000,-0.400000,0.076000,1
1.956074,9.597000,-52.488998,-18.038000,97.452003,24.605000,24.354000,140.667999,10.200000,23.040001,-17.280001,-52.320000,-3.240000,29.879999,-0.360000,245.000000,-465.000000,-186.000000,-1962.000000,-151.000000,321.000000,-361.000000,21.000000,22.000000,22.000000,22.000000,21.000000,22.000000,21.000000,31.000000,31.000000,32.000000,32.000000,33.000000,33.000000,34.000000,1,1,1,1,1,1,1,0,0,0,0,0,0,0,74,5376.208984,756,0,1,0.635202,-0.064459,-0.323331,-3.118000,-0.402000,0.076000,1
1.966097,9.703000,-52.248001,-18.233000,96.892998,24.563999,24.746000,140.664001,8.640000,22.680000,-17.639999,-49.200001,-2.510000,26.639999,0.000000,161.000000,-647.000000,-91.000000,-2174.000000,-84.000000,323.000000,-343.000000,21.000000,22.000000,22.000000,22.000000,21.000000,22.000000,21.000000,31.000000,31.000000,32.000000,32.000000,33.000000,33.000000,34.000000,1,1,1,1,1,1,1,0,0,0,0,0,0,0,74,5376.209961,756,0,1,0.636383,-0.065137,-0.323340,-3.118000,-0.401000,0.077000,1
1.976144,9.809000,-51.995998,-18.413000,96.373001,24.531000,24.997999,140.660995,8.160000,19.440001,-15.840000,-43.680000,-2.400000,24.840000,0.000000,49.000000,-705.000000,-53.000000,-2032.000000,-81.000000,520.000000,-353.000000,21.000000,22.000000,22.000000,22.000000,21.000000,22.000000,21.000000,31.000000,31.000000,32.000000,32.000000,33.000000,33.000000,34.000000,1,1,1,1,1,1,1,0,0,0,0,0,0,0,74,5376.209961,757,0,1,0.637953,-0.066102,-0.323383,-3.118000,-0.401000,0.077000,1
1.986086,9.860000,-51.888000,-18.500999,96.125999,24.524000,25.146999,140.660004,7.320000,19.080000,-14.760000,-41.040001,-1.800000,23.760000,0.000000,35.000000,-715.000000,-287.000000,-2204.000000,-81.000000,324.000000,-342.000000,21.000000,22.000000,22.000000,22.000000,21.000000,22.000000,21.000000,31.000000,31.000000,32.000000,32.000000,33.000000,33.000000,34.000000,1,1,1,1,1,1,1,0,0,0,0,0,0,0,74,5376.207031,755,0,1,0.638600,-0.066451,-0.323366,-3.118000,-0.401000,0.077000,1
1.996120,9.955000,-51.681999,-18.667999,95.677002,24.495001,25.458000,140.660004,7.070000,17.280001,-12.000000,-36.000000,-1.440000,19.440001,0.000000,153.000000,-599.000000,-39.000000,-2496.000000,-96.000000,490.000000,-351.000000,21.000000,22.000000,22.000000,22.000000,21.000000,22.000000,21.000000,31.000000,31.000000,32.000000,32.000000,33.000000,33.000000,34.000000,1,1,1,1,1,1,1,0,0,0,0,0,0,0,74,5376.196777,757,0,1,0.639480,-0.067033,-0.323459,-3.118000,-0.400000,0.077000,1
2.006112,10.027000,-51.521000,-18.808001,95.329002,24.472000,25.636000,140.656998,5.640000,13.680000,-10.440000,-30.480000,-1.080000,19.680000,0.000000,-59.000000,-825.000000,8.000000,-2925.000000,-102.000000,322.000000,-373.000000,21.000000,22.000000,22.000000,22.000000,21.000000,22.000000,21.000000,31.000000,31.000000,32.000000,32.000000,33.000000,33.000000,34.000000,1,1,1,1,1,1,1,0,0,0,0,0,0,0,74,5376.198242,757,0,1,0.640459,-0.067821,-0.323462,-3.118000,-0.400000,0.077000,1
2.016149,10.089000,-51.387001,-18.922001,95.017998,24.447001,25.858999,140.658997,5.030000,12.240000,-9.480000,-26.520000,-0.720000,14.640000,-0.120000,139.000000,-734.000000,-422.000000,-2766.000000,-89.000000,164.000000,-366.000000,21.000000,22.000000,22.000000,22.000000,21.000000,22.000000,22.000000,31.000000,31.000000,32.000000,32.000000,33.000000,33.000000,34.000000,1,1,1,1,1,1,1,0,0,0,0,0,0,0,74,5376.196777,758,0,1,0.641065,-0.068228,-0.323476,-3.118000,-0.400000,0.078000,1
2.026143,10.140000,-51.265999,-19.011000,94.758003,24.445999,25.969000,140.656998,4.320000,9.840000,-7.440000,-21.600000,-0.360000,13.560000,-0.360000,-139.000000,-913.000000,-136.000000,-2023.000000,-95.000000,264.000000,-383.000000,21.000000,22.000000,22.000000,22.000000,22.000000,22.000000,22.000000,31.000000,31.000000,32.000000,32.000000,33.000000,33.000000,34.000000,1,1,1,1,1,1,1,0,0,0,0,0,0,0,74,5376.199219,757,0,1,0.641961,-0.068737,-0.323439,-3.118000,-0.400000,0.078000,1
2.036123,10.177000,-51.173000,-19.080999,94.541000,24.445999,26.108999,140.653000,3.120000,8.400000,-5.760000,-18.709999,0.000000,10.440000,-0.480000,-83.000000,-780.000000,-184.000000,-1698.000000,-105.000000,311.000000,-391.000000,22.000000,22.000000,22.000000,22.000000,22.000000,22.000000,22.000000,31.000000,31.000000,32.000000,32.000000,33.000000,33.000000,34.000000,1,1,1,1,1,1,1,0,0,0,0,0,0,0,74,5376.204102,756,0,1,0.642503,-0.068978,-0.323409,-3.118000,-0.400000,0.078000,1
2.046061,10.198000,-51.119999,-19.122999,94.421997,24.445999,26.148001,140.653000,2.510000,6.120000,-5.400000,-15.120000,0.000000,8.280000,-0.360000,134.000000,-830.000000,90.000000,-1726.000000,-85.000000,238.000000,-384.000000,22.000000,22.000000,22.000000,22.000000,22.000000,22.000000,22.000000,31.000000,31.000000,32.000000,32.000000,33.000000,33.000000,34.000000,1,1,1,1,1,1,1,0,0,0,0,0,0,0,74,5376.207031,756,0,1,0.642989,-0.069272,-0.323351,-3.119000,-0.401000,0.078000,1
2.056137,10.224000,-51.046001,-19.173000,94.305000,24.444000,26.232000,140.649002,1.800000,4.800000,-4.320000,-11.520000,0.000000,6.480000,-0.240000,89.000000,-676.000000,-227.000000,-1695.000000,-32.000000,239.000000,-382.000000,22.000000,22.000000,22.000000,22.000000,22.000000,22.000000,22.000000,31.000000,31.000000,32.000000,32.000000,33.000000,33.000000,34.000000,1,1,1,1,1,1,1,0,0,0,0,0,0,0,74,5376.206055,757,0,1,0.643082,-0.069429,-0.323523,-3.118000,-0.400000,0.078000,1
2.066357,10.237000,-51.000999,-19.221001,94.217003,24.443001,26.288000,140.641998,1.080000,2.880000,-2.280000,-5.400000,0.000000,3.120000,-0.480000,133.000000,-1071.000000,-139.000000,-1672.000000,46.000000,346.000000,-395.000000,22.000000,22.000000,22.000000,22.000000,22.000000,22.000000,22.000000,31.000000,31.000000,32.000000,32.000000,33.000000,33.000000,34.000000,1,1,1,1,1,1,1,0,0,0,0,0,0,0,74,5376.206055,756,0,1,0.643228,-0.069710,-0.323565,-3.119000,-0.400000,0.078000,1
2.076096,10.247000,-50.983002,-19.238001,94.197998,24.444000,26.306000,140.641998,0.840000,2.160000,-1.800000,-3.600000,0.000000,1.800000,-0.360000,47.000000,-1128.000000,-8.000000,-2188.000000,87.000000,295.000000,-389.000000,22.000000,22.000000,22.000000,22.000000,22.000000,22.000000,22.000000,31.000000,31.000000,32.000000,32.000000,33.000000,33.000000,34.000000,1,1,1,1,1,1,1,0,0,0,0,0,0,0,74,5376.204102,758,0,1,0.643179,-0.069750,-0.323646,-3.118000,-0.400000,0.078000,1
2.086061,10.253000,-50.967999,-19.259001,94.184998,24.441000,26.330999,140.634995,0.120000,0.360000,-0.360000,0.000000,0.480000,0.480000,-0.600000,-56.000000,-1129.000000,60.000000,-2363.000000,137.000000,244.000000,-412.000000,22.000000,22.000000,22.000000,22.000000,22.000000,22.000000,22.000000,31.000000,31.000000,32.000000,32.000000,33.000000,33.000000,34.000000,1,1,1,1,1,1,1,0,0,0,0,0,0,0,74,5376.199219,757,0,1,0.643037,-0.069833,-0.323742,-3.119000,-0.399000,0.078000,1
2.096040,10.254000,-50.967999,-19.268000,94.186996,24.436001,26.343000,140.626007,0.000000,-0.120000,0.240000,0.480000,0.600000,0.000000,-0.480000,-262.000000,-1370.000000,141.000000,-1577.000000,168.000000,98.000000,-407.000000,22.000000,22.000000,22.000000,22.000000,22.000000,22.000000,22.000000,31.000000,31.000000,32.000000,32.000000,33.000000,33.000000,34.000000,1,1,1,1,1,1,1,0,0,0,0,0,0,0,74,5376.198242,756,0,1,0.642936,-0.069888,-0.323770,-3.119000,-0.399000,0.078000,1
2.106083,10.251000,-50.967999,-19.268000,94.195000,24.431999,26.341999,140.615005,-0.120000,-0.360000,0.720000,1.920000,0.720000,-0.240000,-0.960000,-532.000000,-1895.000000,338.000000,-776.000000,219.000000,-130.000000,-400.000000,22.000000,22.000000,22.000000,22.000000,22.000000,22.000000,22.000000,31.000000,31.000000,32.000000,32.000000,33.000000,33.000000,34.000000,1,1,1,1,1,1,1,0,0,0,0,0,0,0,74,5376.199219,756,0,1,0.642867,-0.069915,-0.323801,-3.119000,-0.399000,0.078000,1
2.116078,10.247000,-50.974998,-19.264000,94.210999,24.430000,26.326000,140.600006,-0.720000,-1.200000,1.320000,3.600000,0.960000,-1.680000,-1.080000,-662.000000,-2213.000000,413.000000,-446.000000,265.000000,-189.000000,-389.000000,22.000000,22.000000,22.000000,22.000000,22.000000,22.000000,22.000000,31.000000,31.000000,32.000000,32.000000,33.000000,33.000000,34.000000,1,1,1,1,1,1,1,0,0,0,0,0,0,0,74,5376.199219,756,0,1,0.642856,-0.069956,-0.323796,-3.119000,-0.399000,0.079000,1
2.126064,10.246000,-50.979000,-19.254000,94.235001,24.433001,26.316000,140.593002,-0.720000,-1.320000,1.440000,4.560000,1.080000,-1.920000,-1.080000,-647.000000,-2262.000000,376.000000,-426.000000,260.000000,-169.000000,-389.000000,22.000000,22.000000,22.000000,22.000000,22.000000,22.000000,22.000000,31.000000,31.000000,32.000000,32.000000,33.000000,33.000000,34.000000,1,1,1,1,1,1,1,0,0,0,0,0,0,0,74,5376.203125,757,0,1,0.642746,-0.069866,-0.323849,-3.119000,-0.399000,0.079000,1
2.136093,10.235000,-51.000999,-19.231001,94.297997,24.433001,26.292999,140.578995,-1.080000,-1.920000,1.800000,5.520000,1.080000,-1.920000,-0.840000,-616.000000,-2278.000000,270.000000,-630.000000,297.000000,-267.000000,-381.000000,22.000000,22.000000,22.000000,22.000000,22.000000,22.000000,22.000000,31.000000,31.000000,32.000000,32.000000,33.000000,33.000000,34.000000,1,1,1,1,1,1,1,0,0,0,0,0,0,0,74,5376.207031,756,0,1,0.642476,-0.069711,-0.323914,-3.119000,-0.398000,0.079000,1
2.146193,10.218000,-51.023998,-19.205999,94.367996,24.436001,26.283001,140.567001,-1.440000,-1.680000,1.800000,5.640000,1.080000,-1.080000,-0.720000,-687.000000,-2343.000000,258.000000,-603.000000,308.000000,-434.000000,-376.000000,22.000000,22.000000,22.000000,22.000000,22.000000,22.000000,22.000000,31.000000,31.000000,32.000000,32.000000,33.000000,33.000000,34.000000,1,1,1,1,1,1,1,0,0,0,0,0,0,0,74,5376.207031,758,0,1,0.642085,-0.069501,-0.324009,-3.119000,-0.398000,0.079000,1
2.156104,10.202000,-51.037998,-19.179001,94.419998,24.438999,26.275000,140.563004,-1.800000,-1.320000,2.510000,4.440000,1.080000,-0.720000,-0.360000,-725.000000,-2366.000000,280.000000,-574.000000,374.000000,-495.000000,-356.000000,22.000000,22.000000,22.000000,22.000000,22.000000,22.000000,22.000000,31.000000,31.000000,32.000000,32.000000,33.000000,33.000000,34.000000,1,1,1,1,1,1,1,0,0,0,0,0,0,0,74,5376.206055,756,0,1,0.641796,-0.069280,-0.324096,-3.118000,-0.397000,0.079000,1
2.166152,10.195000,-51.042999,-19.167999,94.441002,24.441000,26.271000,140.556000,-2.040000,-1.080000,2.510000,4.320000,1.080000,-0.480000,-0.360000,-776.000000,-2361.000000,199.000000,-819.000000,415.000000,-576.000000,-339.000000,22.000000,22.000000,22.000000,22.000000,22.000000,22.000000,22.000000,31.000000,31.000000,32.000000,32.000000,33.000000,33.000000,34.000000,1,1,1,1,1,1,1,0,0,0,0,0,0,0,74,5376.202148,757,0,1,0.641691,-0.069196,-0.324127,-3.118000,-0.397000,0.079000,1
2.176066,10.169000,-51.053001,-19.134001,94.487000,24.451000,26.267000,140.556000,-2.640000,-0.120000,2.760000,2.280000,1.320000,0.000000,0.000000,-1032.000000,-2286.000000,379.000000,-1052.000000,461.000000,-621.000000,-184.000000,22.000000,22.000000,22.000000,22.000000,22.000000,22.000000,22.000000,31.000000,31.000000,32.000000,32.000000,33.000000,33.000000,34.000000,1,1,1,1,1,1,1,0,0,0,0,0,0,0,74,5376.198242,759,0,1,0.641426,-0.068932,-0.324209,-3.118000,-0.397000,0.080000,1
2.186132,10.130000,-51.051998,-19.106001,94.508003,24.465000,26.268999,140.557007,-3.960000,0.120000,3.720000,0.600000,1.800000,0.000000,0.600000,-1186.000000,-1972.000000,398.000000,-1303.000000,536.000000,-560.000000,48.000000,22.000000,22.000000,22.000000,22.000000,22.000000,22.000000,22.000000,31.000000,31.000000,32.000000,32.000000,33.000000,33.000000,34.000000,1,1,1,1,1,1,1,0,0,0,0,0,0,0,74,5376.199219,757,0,1,0.641289,-0.068803,-0.324251,-3.118000,-0.397000,0.080000,1
2.196046,10.086000,-51.051998,-19.059000,94.504997,24.487000,26.268000,140.554001,-5.400000,1.200000,4.560000,-1.080000,2.160000,0.360000,1.440000,-1425.000000,-964.000000,666.000000,-2207.000000,583.000000,-271.000000,212.000000,22.000000,22.000000,22.000000,22.000000,22.000000,22.000000,22.000000,31.000000,31.000000,32.000000,32.000000,33.000000,33.000000,34.000000,1,1,1,1,1,1,1,0,0,0,0,0,0,0,74,5376.200195,757,0,1,0.641433,-0.068577,-0.324165,-3.118000,-0.397000,0.080000,1
2.206101,10.047000,-51.042999,-19.035000,94.492996,24.503000,26.271000,140.556000,-6.120000,2.510000,5.760000,-3.000000,2.640000,0.720000,2.510000,-1225.000000,-510.000000,508.000000,-2808.000000,565.000000,-87.000000,305.000000,22.000000,22.000000,22.000000,22.000000,22.000000,22.000000,22.000000,31.000000,31.000000,32.000000,32.000000,33.000000,33.000000,34.000000,1,1,1,1,1,1,1,0,0,0,0,0,0,0,74,5376.202148,756,0,1,0.641548,-0.068532,-0.324113,-3.118000,-0.397000,0.081000,1
2.216092,9.949000,-50.991001,-18.972000,94.431999,24.535000,26.285999,140.576004,-8.880000,5.160000,7.200000,-7.070000,3.240000,2.400000,5.030000,-1428.000000,-387.000000,421.000000,-3292.000000,607.000000,146.000000,346.000000,22.000000,22.000000,22.000000,22.000000,22.000000,22.000000,22.000000,31.000000,31.000000,32.000000,32.000000,33.000000,33.000000,34.000000,1,1,1,1,1,1,1,0,0,0,0,0,0,0,74,5376.209961,756,0,1,0.641867,-0.068406,-0.324096,-3.119000,-0.397000,0.081000,1
2.226058,9.835000,-50.924999,-18.896999,94.334999,24.562000,26.316999,140.632996,-11.280000,7.200000,7.680000,-12.000000,3.360000,3.960000,7.070000,-1348.000000,-117.000000,764.000000,-3800.000000,651.000000,359.000000,468.000000,22.000000,22.000000,22.000000,22.000000,22.000000,22.000000,22.000000,31.000000,31.000000,32.000000,32.000000,33.000000,33.000000,34.000000,1,1,1,1,1,1,1,0,0,0,0,0,0,0,74,5376.211914,758,0,1,0.642354,-0.068253,-0.324021,-3.120000,-0.397000,0.082000,1
2.236053,9.705000,-50.818001,-18.801001,94.195999,24.601000,26.370001,140.712006,-12.960000,10.440000,9.350000,-15.840000,4.200000,6.120000,9.120000,-1292.000000,131.000000,1223.000000,-3514.000000,601.000000,459.000000,498.000000,22.000000,22.000000,22.000000,22.000000,21.000000,22.000000,22.000000,31.000000,31.000000,32.000000,32.000000,33.000000,33.000000,34.000000,1,1,1,1,1,1,1,0,0,0,0,0,0,0,74,5376.211914,755,0,1,0.642918,-0.067899,-0.324058,-3.120000,-0.397000,0.082000,1
2.246095,9.547000,-50.674999,-18.686001,94.002998,24.653000,26.448000,140.826004,-15.120000,12.360000,11.040000,-19.080000,4.920000,9.720000,11.160000,-1261.000000,-217.000000,1008.000000,-3805.000000,485.000000,452.000000,604.000000,22.000000,22.000000,22.000000,22.000000,21.000000,22.000000,22.000000,31.000000,31.000000,32.000000,32.000000,33.000000,33.000000,34.000000,1,1,1,1,1,1,1,0,0,0,0,0,0,0,74,5376.209961,757,0,1,0.643674,-0.067421,-0.324109,-3.120000,-0.397000,0.082000,1
2.256034,9.346000,-50.500999,-18.524000,93.750000,24.722000,26.584000,140.968002,-17.040001,15.960000,13.680000,-23.760000,5.520000,10.800000,14.880000,-1213.000000,-1.000000,1059.000000,-4317.000000,523.000000,142.000000,613.000000,22.000000,22.000000,22.000000,22.000000,21.000000,22.000000,22.000000,31.000000,31.000000,32.000000,32.000000,33.000000,33.000000,34.000000,1,1,1,1,1,1,1,0,0,0,0,0,0,0,74,5376.206055,755,0,1,0.644558,-0.066547,-0.324145,-3.120000,-0.397000,0.082000,1
2.266116,9.243000,-50.395000,-18.434999,93.606003,24.747999,26.653999,141.059998,-18.840000,17.400000,14.520000,-26.280001,4.670000,12.360000,17.760000,-1415.000000,-36.000000,1034.000000,-4095.000000,618.000000,197.000000,566.000000,22.000000,22.000000,22.000000,22.000000,21.000000,22.000000,22.000000,31.000000,31.000000,32.000000,32.000000,33.000000,33.000000,34.000000,1,1,1,1,1,1,1,0,0,0,0,0,0,0,74,5376.206055,756,0,1,0.645041,-0.066064,-0.324222,-3.120000,-0.397000,0.082000,1
2.276037,8.949000,-50.123001,-18.215000,93.209999,24.813999,26.825001,141.276993,-22.200001,20.150000,17.150000,-32.639999,5.030000,14.040000,19.799999,-1441.000000,83.000000,986.000000,-4033.000000,723.000000,366.000000,642.000000,22.000000,22.000000,22.000000,22.000000,21.000000,22.000000,22.000000,31.000000,31.000000,32.000000,32.000000,33.000000,33.000000,34.000000,1,1,1,1,1,1,1,0,0,0,0,0,0,0,74,5376.204102,757,0,1,0.646518,-0.065169,-0.324284,-3.121000,-0.397000,0.083000,1
2.286070,8.739000,-49.943001,-18.052999,92.891998,24.878000,27.000000,141.490997,-24.480000,21.840000,19.920000,-35.160000,5.520000,17.280001,19.680000,-1413.000000,22.000000,952.000000,-4161.000000,745.000000,224.000000,581.000000,22.000000,22.000000,22.000000,22.000000,21.000000,22.000000,22.000000,31.000000,31.000000,32.000000,32.000000,33.000000,33.000000,34.000000,1,1,1,1,1,1,1,0,0,0,0,0,0,0,74,5376.204102,757,0,1,0.647700,-0.064255,-0.324144,-3.120000,-0.397000,0.082000,1
2.296115,8.399000,-49.646999,-17.847000,92.480003,24.947001,27.204000,141.746002,-26.879999,26.400000,20.150000,-40.200001,6.120000,18.240000,23.040001,-1396.000000,96.000000,1042.000000,-4489.000000,852.000000,381.000000,636.000000,22.000000,22.000000,22.000000,22.000000,21.000000,22.000000,22.000000,31.000000,31.000000,32.000000,32.000000,33.000000,33.000000,34.000000,1,1,1,1,1,1,1,0,0,0,0,0,0,0,74,5376.206055,756,0,1,0.648959,-0.063562,-0.324328,-3.121000,-0.396000,0.083000,1
2.306110,8.121000,-49.444000,-17.634001,92.054001,25.010000,27.393000,142.003006,-27.840000,26.760000,21.600000,-43.799999,6.840000,21.240000,25.080000,-1468.000000,135.000000,899.000000,-3844.000000,848.000000,511.000000,625.000000,22.000000,22.000000,22.000000,22.000000,21.000000,22.000000,22.000000,31.000000,31.000000,32.000000,32.000000,33.000000,33.000000,34.000000,1,1,1,1,1,1,1,0,0,0,0,0,0,0,74,5376.206055,756,0,1,0.650922,-0.062633,-0.323858,-3.121000,-0.398000,0.082000,1
2.316079,7.981000,-49.237999,-17.465000,91.704002,25.048000,27.497999,142.115997,-28.309999,27.360001,21.959999,-45.720001,6.350000,20.879999,25.200001,-1387.000000,-3.000000,1143.000000,-3439.000000,706.000000,418.000000,660.000000,22.000000,22.000000,22.000000,22.000000,21.000000,22.000000,22.000000,31.000000,31.000000,32.000000,32.000000,33.000000,33.000000,34.000000,1,1,1,1,1,1,1,0,0,0,0,0,0,0,74,5376.211914,756,0,1,0.652574,-0.061694,-0.323787,-3.121000,-0.399000,0.084000,1
2.326084,7.605000,-48.875999,-17.188999,91.235001,25.143000,27.761000,142.460007,-31.799999,28.920000,23.400000,-45.959999,6.840000,22.680000,27.719999,-1411.000000,-84.000000,1016.000000,-3191.000000,565.000000,742.000000,664.000000,22.000000,21.000000,22.000000,22.000000,21.000000,22.000000,21.000000,31.000000,31.000000,32.000000,32.000000,33.000000,33.000000,34.000000,1,1,1,1,1,1,1,0,0,0,0,0,0,0,74,5376.209961,758,0,1,0.653731,-0.060179,-0.324260,-3.121000,-0.397000,0.083000,1
2.336114,7.293000,-48.564999,-16.952999,90.633003,25.238001,28.056000,142.781998,-31.080000,30.360001,23.760000,-52.200001,6.840000,24.480000,29.160000,-1024.000000,-195.000000,646.000000,-3904.000000,672.000000,431.000000,714.000000,21.000000,21.000000,21.000000,21.000000,21.000000,21.000000,21.000000,31.000000,31.000000,32.000000,32.000000,33.000000,33.000000,34.000000,1,1,1,1,1,1,1,0,0,0,0,0,0,0,74,5376.208984,756,0,1,0.656086,-0.058824,-0.323935,-3.120000,-0.398000,0.082000,1
2.346046,7.065000,-48.341000,-16.770000,90.247002,25.274000,28.188999,142.923004,-33.480000,31.680000,24.240000,-52.919998,6.240000,25.559999,29.280001,-1338.000000,-18.000000,756.000000,-3681.000000,591.000000,594.000000,659.000000,21.000000,21.000000,21.000000,21.000000,21.000000,21.000000,21.000000,31.000000,31.000000,32.000000,32.000000,33.000000,33.000000,34.000000,1,1,1,1,1,1,1,0,0,0,0,0,0,0,74,5376.206055,756,0,1,0.657771,-0.058139,-0.323815,-3.121000,-0.399000,0.084000,1
2.355980,6.645000,-47.941002,-16.518999,89.739998,25.344999,28.534000,143.311996,-32.520000,33.119999,24.120001,-53.630001,5.030000,28.080000,30.959999,-1016.000000,-238.000000,524.000000,-3346.000000,758.000000,394.000000,649.000000,21.000000,21.000000,21.000000,21.000000,21.000000,21.000000,21.000000,31.000000,31.000000,32.000000,32.000000,33.000000,33.000000,34.000000,1,1,1,1,1,1,1,0,0,0,0,0,0,0,74,5376.202148,756,0,1,0.658456,-0.056834,-0.324543,-3.120000,-0.396000,0.083000,1
2.366055,6.303000,-47.612999,-16.200001,89.028999,25.400999,28.820999,143.651001,-35.160000,33.959999,24.840000,-57.720001,4.920000,28.799999,33.119999,-1398.000000,-152.000000,694.000000,-4279.000000,906.000000,253.000000,661.000000,21.000000,21.000000,21.000000,21.000000,21.000000,21.000000,21.000000,31.000000,31.000000,32.000000,32.000000,33.000000,33.000000,34.000000,1,1,1,1,1,1,1,0,0,0,0,0,0,0,74,5376.198242,756,0,1,0.661686,-0.055127,-0.323899,-3.120000,-0.399000,0.083000,1
2.375967,5.949000,-47.251999,-15.916000,88.426003,25.459000,29.100000,143.990005,-35.160000,34.200001,24.840000,-59.400002,5.520000,28.559999,34.919998,-1135.000000,-590.000000,623.000000,-3546.000000,804.000000,532.000000,778.000000,21.000000,21.000000,21.000000,21.000000,21.000000,21.000000,21.000000,31.000000,31.000000,32.000000,32.000000,33.000000,33.000000,34.000000,1,1,1,1,1,1,1,0,0,0,0,0,0,0,74,5376.199219,755,0,1,0.663759,-0.053609,-0.323961,-3.120000,-0.399000,0.083000,1
2.385943,5.575000,-46.882000,-15.659000,87.801003,25.521999,29.424999,144.328003,-36.000000,35.400002,26.400000,-61.200001,6.240000,30.240000,32.400002,-1034.000000,-171.000000,345.000000,-3722.000000,780.000000,400.000000,732.000000,21.000000,21.000000,21.000000,21.000000,21.000000,21.000000,21.000000,31.000000,31.000000,32.000000,32.000000,33.000000,33.000000,34.000000,1,1,1,1,1,1,1,0,0,0,0,0,0,0,74,5376.206055,756,0,1,0.665667,-0.052280,-0.324051,-3.120000,-0.399000,0.084000,1
2.395973,5.204000,-46.525002,-15.380000,87.160004,25.580999,29.719000,144.681000,-35.400002,35.160000,26.040001,-61.560001,6.120000,29.879999,34.310001,-1001.000000,-171.000000,728.000000,-3447.000000,639.000000,429.000000,827.000000,21.000000,21.000000,21.000000,21.000000,21.000000,21.000000,21.000000,31.000000,31.000000,32.000000,32.000000,33.000000,33.000000,34.000000,1,1,1,1,1,1,1,0,0,0,0,0,0,0,74,5376.203125,757,0,1,0.667948,-0.050849,-0.323965,-3.119000,-0.399000,0.083000,1
2.405993,4.828000,-46.178001,-15.096000,86.507004,25.664000,30.129999,145.037003,-36.720001,34.919998,26.040001,-63.119999,5.640000,30.719999,36.360001,-1288.000000,-439.000000,374.000000,-3322.000000,555.000000,528.000000,801.000000,21.000000,21.000000,21.000000,21.000000,21.000000,21.000000,21.000000,31.000000,31.000000,32.000000,32.000000,33.000000,33.000000,34.000000,1,1,1,1,1,1,1,0,0,0,0,0,0,0,74,5376.198242,757,0,1,0.669728,-0.048914,-0.323926,-3.118000,-0.399000,0.083000,1
2.415964,4.655000,-45.986000,-14.959000,86.161003,25.698000,30.285999,145.309998,-36.240002,36.000000,25.200001,-62.630001,4.800000,30.600000,35.520000,-1401.000000,-293.000000,390.000000,-3970.000000,521.000000,441.000000,814.000000,21.000000,21.000000,21.000000,21.000000,21.000000,21.000000,21.000000,31.000000,31.000000,32.000000,32.000000,33.000000,33.000000,34.000000,1,1,1,1,1,1,1,0,0,0,0,0,0,0,74,5376.196777,755,0,1,0.670916,-0.048009,-0.323917,-3.117000,-0.399000,0.081000,1
2.425947,4.172000,-45.539001,-14.624000,85.369003,25.746000,30.584000,145.651993,-35.880001,34.080002,24.000000,-64.440002,4.440000,30.240000,35.520000,-1299.000000,-323.000000,45.000000,-3444.000000,453.000000,346.000000,644.000000,21.000000,21.000000,21.000000,21.000000,21.000000,21.000000,21.000000,31.000000,31.000000,32.000000,32.000000,33.000000,33.000000,34.000000,1,1,1,1,1,1,1,0,0,0,0,0,0,0,74,5376.200195,757,0,1,0.673946,-0.046791,-0.323816,-3.119000,-0.400000,0.083000,1
2.436046,3.777000,-45.153000,-14.338000,84.666000,25.780001,31.003000,146.134995,-36.119999,34.560001,24.240000,-61.439999,3.240000,31.920000,35.639999,-890.000000,-73.000000,407.000000,-2854.000000,753.000000,643.000000,712.000000,21.000000,21.000000,21.000000,21.000000,21.000000,21.000000,21.000000,31.000000,31.000000,32.000000,32.000000,33.000000,33.000000,34.000000,1,1,1,1,1,1,1,0,0,0,0,0,0,0,74,5376.202148,757,0,1,0.675717,-0.044959,-0.323930,-3.117000,-0.399000,0.082000,1
2.446044,3.459000,-44.842999,-14.127000,84.123001,25.798000,31.177000,146.350006,-36.119999,34.310001,23.160000,-62.630001,2.880000,31.309999,35.279999,-842.000000,-310.000000,361.000000,-2902.000000,855.000000,593.000000,701.000000,21.000000,21.000000,21.000000,21.000000,21.000000,21.000000,21.000000,31.000000,31.000000,32.000000,32.000000,33.000000,33.000000,34.000000,1,1,1,1,1,1,1,0,0,0,0,0,0,0,74,5376.203125,757,0,1,0.677849,-0.044355,-0.323907,-3.119000,-0.400000,0.083000,1
2.455955,3.227000,-44.620998,-13.958000,83.713997,25.823000,31.462999,146.667999,-33.720001,33.240002,22.920000,-62.279999,2.760000,31.559999,34.430000,-650.000000,-419.000000,202.000000,-3520.000000,805.000000,698.000000,472.000000,21.000000,21.000000,21.000000,21.000000,21.000000,21.000000,21.000000,31.000000,31.000000,32.000000,32.000000,33.000000,33.000000,34.000000,1,1,1,1,1,1,1,0,0,0,0,0,0,0,74,5376.204102,757,0,1,0.678620,-0.043078,-0.324037,-3.117000,-0.399000,0.082000,1
2.466037,2.992000,-44.395000,-13.789000,83.292000,25.849001,31.691999,146.903000,-32.520000,33.840000,22.920000,-61.560001,2.880000,29.879999,33.119999,-800.000000,-342.000000,174.000000,-3286.000000,855.000000,440.000000,570.000000,21.000000,21.000000,21.000000,21.000000,21.000000,21.000000,21.000000,31.000000,31.000000,32.000000,32.000000,33.000000,33.000000,34.000000,1,1,1,1,1,1,1,0,0,0,0,0,0,0,74,5376.206055,757,0,1,0.679810,-0.042076,-0.324055,-3.117000,-0.399000,0.082000,1
2.475916,2.386000,-43.794998,-13.388000,82.234001,25.900000,32.160999,147.406998,-32.880001,32.759998,21.600000,-57.599998,2.880000,28.200001,32.160000,-882.000000,-388.000000,-190.000000,-3153.000000,795.000000,450.000000,660.000000,21.000000,21.000000,21.000000,21.000000,21.000000,21.000000,21.000000,31.000000,31.000000,32.000000,32.000000,33.000000,33.000000,34.000000,1,1,1,1,1,1,1,0,0,0,0,0,0,0,74,5376.203125,757,0,1,0.683148,-0.040304,-0.324242,-3.118000,-0.399000,0.083000,1
2.485967,2.103000,-43.493999,-13.202000,81.708000,25.923000,32.502998,147.669006,-31.920000,32.160000,21.240000,-58.560001,2.280000,28.559999,31.920000,-632.000000,-322.000000,63.000000,-3114.000000,661.000000,576.000000,684.000000,21.000000,21.000000,21.000000,21.000000,21.000000,21.000000,21.000000,31.000000,31.000000,32.000000,32.000000,33.000000,33.000000,34.000000,1,1,1,1,1,1,1,0,0,0,0,0,0,0,74,5376.204102,756,0,1,0.684118,-0.039097,-0.324540,-3.117000,-0.398000,0.083000,1
2.495923,2.014000,-43.397999,-13.145000,81.535004,25.930000,32.622002,147.936005,-31.080000,30.600000,20.150000,-56.869999,1.920000,27.959999,29.280001,-669.000000,-705.000000,374.000000,-2738.000000,682.000000,513.000000,579.000000,21.000000,21.000000,21.000000,21.000000,21.000000,21.000000,21.000000,31.000000,31.000000,32.000000,32.000000,33.000000,33.000000,34.000000,1,1,1,1,1,1,1,0,0,0,0,0,0,0,74,5376.193848,755,0,1,0.684369,-0.038521,-0.324635,-3.116000,-0.397000,0.080000,1
2.505991,1.564000,-42.938000,-12.827000,80.664001,25.955999,32.950001,148.309006,-29.280001,29.280001,19.799999,-53.630001,2.040000,27.719999,32.279999,-690.000000,-579.000000,365.000000,-3145.000000,602.000000,320.000000,708.000000,21.000000,21.000000,21.000000,21.000000,21.000000,21.000000,21.000000,31.000000,31.000000,32.000000,32.000000,33.000000,33.000000,34.000000,1,1,1,1,1,1,1,0,0,0,0,0,0,0,74,5376.207031,756,0,1,0.687513,-0.037152,-0.324551,-3.117000,-0.398000,0.081000,1
2.515917,1.251000,-42.631001,-12.637000,80.094002,25.985001,33.313999,148.621994,-28.559999,28.309999,18.709999,-52.200001,1.680000,27.240000,29.520000,-1065.000000,-705.000000,171.000000,-3391.000000,466.000000,127.000000,657.000000,21.000000,21.000000,21.000000,21.000000,21.000000,21.000000,21.000000,31.000000,31.000000,32.000000,32.000000,33.000000,33.000000,34.000000,1,1,1,1,1,1,1,0,0,0,0,0,0,0,74,5376.202148,757,0,1,0.688636,-0.035943,-0.324754,-3.116000,-0.397000,0.081000,1
2.525953,0.939000,-42.319000,-12.428000,79.497002,26.000999,33.584999,149.020996,-26.760000,25.430000,17.639999,-49.680000,1.320000,24.360001,27.480000,-845.000000,-799.000000,573.000000,-3189.000000,497.000000,420.000000,652.000000,21.000000,21.000000,21.000000,21.000000,21.000000,21.000000,21.000000,31.000000,31.000000,32.000000,32.000000,33.000000,33.000000,34.000000,1,1,1,1,1,1,1,0,0,0,0,0,0,0,74,5376.188965,756,0,1,0.690468,-0.034816,-0.324761,-3.116000,-0.397000,0.079000,1
2.535965,0.641000,-42.046001,-12.218000,78.960999,26.014000,33.792000,149.242996,-25.309999,25.200001,16.559999,-48.599998,1.080000,24.719999,26.160000,-780.000000,-705.000000,101.000000,-3149.000000,427.000000,424.000000,623.000000,21.000000,21.000000,22.000000,22.000000,21.000000,22.000000,21.000000,31.000000,31.000000,32.000000,32.000000,33.000000,33.000000,34.000000,1,1,1,1,1,1,1,0,0,0,0,0,0,0,74,5376.202148,756,0,1,0.692365,-0.033925,-0.324675,-3.117000,-0.398000,0.080000,1
2.545941,0.505000,-41.898998,-12.117000,78.703003,26.021999,33.921001,149.386993,-24.480000,23.160000,16.920000,-45.720001,0.960000,22.320000,26.760000,-670.000000,-674.000000,204.000000,-2534.000000,333.000000,93.000000,597.000000,21.000000,21.000000,22.000000,22.000000,21.000000,22.000000,21.000000,31.000000,31.000000,32.000000,32.000000,33.000000,33.000000,34.000000,1,1,1,1,1,1,1,0,0,0,0,0,0,0,74,5376.193848,755,0,1,0.693011,-0.033327,-0.324804,-3.116000,-0.398000,0.080000,1
2.555925,0.248000,-41.638000,-11.920000,78.178001,26.034000,34.176998,149.673004,-24.120001,22.920000,15.600000,-45.240002,0.840000,21.959999,25.799999,-935.000000,-467.000000,157.000000,-2713.000000,341.000000,348.000000,564.000000,21.000000,21.000000,22.000000,22.000000,21.000000,22.000000,21.000000,31.000000,31.000000,32.000000,32.000000,33.000000,33.000000,34.000000,1,1,1,1,1,1,1,0,0,0,0,0,0,0,74,5376.204102,756,0,1,0.694557,-0.032101,-0.324777,-3.116000,-0.398000,0.080000,1
2.566140,-0.002000,-41.380001,-11.752000,77.697998,26.042999,34.414001,149.931000,-21.000000,21.000000,13.320000,-40.080002,0.000000,20.150000,23.280001,-576.000000,-995.000000,-169.000000,-2446.000000,275.000000,494.000000,557.000000,21.000000,21.000000,22.000000,22.000000,21.000000,22.000000,21.000000,31.000000,31.000000,32.000000,32.000000,33.000000,33.000000,34.000000,1,1,1,1,1,1,1,0,0,0,0,0,0,0,74,5376.200195,757,0,1,0.695820,-0.031200,-0.324905,-3.115000,-0.398000,0.080000,1
2.575975,-0.214000,-41.167000,-11.612000,77.290001,26.047001,34.612999,150.184998,-18.959999,18.480000,13.320000,-37.430000,0.000000,19.200001,23.160000,-340.000000,-867.000000,-218.000000,-2778.000000,257.000000,430.000000,614.000000,21.000000,21.000000,22.000000,22.000000,21.000000,22.000000,21.000000,31.000000,31.000000,32.000000,32.000000,33.000000,33.000000,34.000000,1,1,1,1,1,1,1,0,0,0,0,0,0,0,74,5376.203125,755,0,1,0.696919,-0.030427,-0.324970,-3.115000,-0.398000,0.079000,1
2.585981,-0.262000,-41.118999,-11.579000,77.195999,26.048000,34.727001,150.313004,-18.480000,18.360001,12.600000,-37.560001,0.000000,17.879999,19.799999,-489.000000,-805.000000,-183.000000,-2592.000000,239.000000,283.000000,544.000000,21.000000,21.000000,22.000000,22.000000,21.000000,22.000000,21.000000,31.000000,31.000000,32.000000,32.000000,33.000000,33.000000,34.000000,1,1,1,1,1,1,1,0,0,0,0,0,0,0,74,5376.202148,756,0,1,0.696756,-0.029979,-0.325082,-3.114000,-0.397000,0.077000,1
2.595951,-0.613000,-40.784000,-11.358000,76.528999,26.048000,35.012001,150.632996,-16.920000,17.040001,11.040000,-33.480000,0.000000,16.680000,18.000000,-838.000000,-1019.000000,63.000000,-3452.000000,141.000000,66.000000,399.000000,21.000000,21.000000,22.000000,22.000000,21.000000,22.000000,21.000000,31.000000,31.000000,32.000000,32.000000,33.000000,33.000000,34.000000,1,1,1,1,1,1,1,0,0,0,0,0,0,0,74,5376.198242,757,0,1,0.698854,-0.029053,-0.325033,-3.115000,-0.398000,0.078000,1
2.605977,-0.769000,-40.627998,-11.255000,76.219002,26.047001,35.207001,150.852997,-14.520000,14.150000,9.720000,-28.920000,0.000000,15.360000,15.480000,-546.000000,-1147.000000,-212.000000,-3474.000000,57.000000,102.000000,446.000000,21.000000,21.000000,22.000000,22.000000,21.000000,22.000000,21.000000,31.000000,31.000000,32.000000,32.000000,33.000000,33.000000,34.000000,1,1,1,1,1,1,1,0,0,0,0,0,0,0,74,5376.198242,756,0,1,0.699436,-0.028334,-0.325109,-3.114000,-0.397000,0.077000,1
2.615895,-0.872000,-40.562000,-11.208000,76.072998,26.045000,35.272999,150.932007,-13.440000,13.680000,11.040000,-26.280001,0.000000,13.440000,14.760000,-415.000000,-851.000000,137.000000,-2634.000000,18.000000,173.000000,411.000000,21.000000,21.000000,22.000000,22.000000,21.000000,22.000000,21.000000,31.000000,31.000000,32.000000,32.000000,33.000000,33.000000,34.000000,1,1,1,1,1,1,1,0,0,0,0,0,0,0,74,5376.196777,757,0,1,0.699901,-0.028279,-0.325037,-3.115000,-0.397000,0.077000,1
2.625896,-0.999000,-40.407001,-11.103000,75.730003,26.048000,35.400002,151.085007,-10.920000,11.160000,7.440000,-22.799999,0.000000,11.880000,16.200001,-382.000000,-951.000000,-90.000000,-2862.000000,-111.000000,225.000000,385.000000,21.000000,21.000000,22.000000,22.000000,21.000000,22.000000,22.000000,31.000000,31.000000,32.000000,32.000000,33.000000,33.000000,34.000000,1,1,1,1,1,1,1,0,0,0,0,0,0,0,74,5376.199219,758,0,1,0.701172,-0.027618,-0.324879,-3.114000,-0.398000,0.077000,1
2.635924,-1.113000,-40.294998,-11.027000,75.503998,26.048000,35.521000,151.207993,-9.960000,8.760000,6.720000,-19.920000,0.000000,10.200000,15.000000,-474.000000,-1102.000000,-283.000000,-2211.000000,-207.000000,273.000000,460.000000,21.000000,22.000000,22.000000,22.000000,21.000000,22.000000,22.000000,31.000000,31.000000,32.000000,32.000000,33.000000,33.000000,34.000000,1,1,1,1,1,1,1,0,0,0,0,0,0,0,74,5376.199219,756,0,1,0.701715,-0.027182,-0.324907,-3.114000,-0.398000,0.077000,1
2.645949,-1.201000,-40.205002,-10.965000,75.318001,26.047001,35.612000,151.350006,-8.040000,8.640000,5.400000,-15.840000,-0.240000,6.960000,10.560000,-291.000000,-874.000000,-65.000000,-2518.000000,-275.000000,113.000000,416.000000,22.000000,22.000000,22.000000,22.000000,21.000000,22.000000,22.000000,31.000000,31.000000,32.000000,32.000000,33.000000,33.000000,34.000000,1,1,1,1,1,1,1,0,0,0,0,0,0,0,74,5376.199219,756,0,1,0.702235,-0.026784,-0.324888,-3.114000,-0.398000,0.076000,1
2.655951,-1.271000,-40.125999,-10.916000,75.179001,26.048000,35.674000,151.417007,-6.240000,5.880000,4.320000,-13.200000,-0.240000,5.760000,7.920000,-346.000000,-1344.000000,-30.000000,-2426.000000,-337.000000,-33.000000,209.000000,22.000000,22.000000,22.000000,22.000000,21.000000,22.000000,22.000000,31.000000,31.000000,32.000000,32.000000,33.000000,33.000000,34.000000,1,1,1,1,1,1,1,0,0,0,0,0,0,0,74,5376.200195,757,0,1,0.702587,-0.026524,-0.324973,-3.114000,-0.398000,0.076000,1
2.666089,-1.325000,-40.070999,-10.873000,75.070000,26.045000,35.749001,151.509003,-4.200000,4.080000,3.600000,-8.400000,-0.720000,3.720000,6.000000,-149.000000,-991.000000,-5.000000,-2466.000000,-418.000000,176.000000,384.000000,22.000000,22.000000,22.000000,22.000000,21.000000,22.000000,22.000000,31.000000,31.000000,32.000000,32.000000,33.000000,33.000000,34.000000,1,1,1,1,1,1,1,0,0,0,0,0,0,0,74,5376.202148,757,0,1,0.702730,-0.026181,-0.325025,-3.113000,-0.398000,0.076000,1
2.675995,-1.348000,-40.046001,-10.855000,75.028000,26.039000,35.770000,151.541000,-3.720000,3.720000,3.000000,-7.440000,-0.720000,3.000000,5.280000,-300.000000,-1012.000000,-81.000000,-2853.000000,-410.000000,231.000000,278.000000,22.000000,22.000000,22.000000,22.000000,21.000000,22.000000,22.000000,31.000000,31.000000,32.000000,32.000000,33.000000,33.000000,34.000000,1,1,1,1,1,1,1,0,0,0,0,0,0,0,74,5376.199219,756,0,1,0.702815,-0.026102,-0.325059,-3.113000,-0.397000,0.075000,1
2.685936,-1.380000,-40.007999,-10.824000,74.962997,26.032000,35.797001,151.582993,-1.920000,2.400000,2.160000,-4.670000,-1.080000,2.160000,5.280000,-351.000000,-1277.000000,-180.000000,-2776.000000,-437.000000,222.000000,389.000000,22.000000,22.000000,22.000000,22.000000,21.000000,22.000000,22.000000,31.000000,31.000000,32.000000,32.000000,33.000000,33.000000,34.000000,1,1,1,1,1,1,1,0,0,0,0,0,0,0,74,5376.198242,757,0,1,0.702966,-0.025920,-0.325118,-3.113000,-0.397000,0.075000,1
2.695968,-1.398000,-39.987000,-10.803000,74.930000,26.023001,35.818001,151.634003,-0.840000,0.720000,1.440000,-1.800000,-1.080000,0.840000,2.640000,-310.000000,-1419.000000,-159.000000,-2883.000000,-462.000000,142.000000,331.000000,22.000000,22.000000,22.000000,22.000000,21.000000,22.000000,22.000000,31.000000,31.000000,32.000000,32.000000,33.000000,33.000000,34.000000,1,1,1,1,1,1,1,0,0,0,0,0,0,0,74,5376.198242,757,0,1,0.702988,-0.025769,-0.325169,-3.113000,-0.397000,0.075000,1
2.705998,-1.398000,-39.984001,-10.785000,74.918999,26.023001,35.826000,151.656006,0.000000,0.000000,0.720000,0.000000,-1.440000,0.000000,1.800000,-312.000000,-1478.000000,-221.000000,-2867.000000,-479.000000,37.000000,299.000000,22.000000,22.000000,22.000000,22.000000,21.000000,22.000000,22.000000,31.000000,31.000000,32.000000,32.000000,33.000000,33.000000,34.000000,1,1,1,1,1,1,1,0,0,0,0,0,0,0,74,5376.194824,757,0,1,0.703015,-0.025558,-0.325161,-3.112000,-0.397000,0.075000,1
2.715897,-1.398000,-39.984001,-10.781000,74.918999,26.017000,35.828999,151.673996,0.600000,-0.120000,0.000000,0.480000,-1.560000,-0.360000,0.840000,33.000000,-1963.000000,-323.000000,-1974.000000,-455.000000,-142.000000,287.000000,22.000000,22.000000,22.000000,22.000000,21.000000,22.000000,22.000000,31.000000,31.000000,32.000000,32.000000,33.000000,33.000000,34.000000,1,1,1,1,1,1,1,0,0,0,0,0,0,0,74,5376.198242,756,0,1,0.702987,-0.025525,-0.325170,-3.112000,-0.397000,0.075000,1
2.726006,-1.393000,-39.984001,-10.780000,74.917999,26.007999,35.826000,151.675003,0.960000,-0.360000,0.000000,0.720000,-1.920000,-0.360000,0.120000,81.000000,-2285.000000,-374.000000,-1522.000000,-439.000000,-187.000000,275.000000,22.000000,22.000000,22.000000,22.000000,21.000000,22.000000,22.000000,31.000000,31.000000,32.000000,32.000000,33.000000,33.000000,34.000000,1,1,1,1,1,1,1,0,0,0,0,0,0,0,74,5376.203125,758,0,1,0.703003,-0.025530,-0.325167,-3.112000,-0.397000,0.075000,1
2.736018,-1.380000,-39.994999,-10.785000,74.926003,25.981001,35.814999,151.675003,1.800000,-1.080000,-0.240000,2.160000,-2.040000,-1.440000,-0.240000,157.000000,-2617.000000,-568.000000,-784.000000,-360.000000,-271.000000,209.000000,22.000000,22.000000,22.000000,22.000000,22.000000,22.000000,22.000000,31.000000,31.000000,32.000000,32.000000,33.000000,33.000000,34.000000,1,1,1,1,1,1,1,0,0,0,0,0,0,0,74,5376.206055,757,0,1,0.703022,-0.025650,-0.325118,-3.113000,-0.397000,0.075000,1
2.745943,-1.352000,-40.014999,-10.794000,74.958000,25.966000,35.792999,151.681000,2.280000,-1.920000,-0.720000,3.960000,-2.640000,-2.160000,-0.360000,260.000000,-2841.000000,-641.000000,-350.000000,-330.000000,-347.000000,84.000000,22.000000,22.000000,22.000000,22.000000,22.000000,22.000000,22.000000,31.000000,31.000000,32.000000,32.000000,33.000000,33.000000,34.000000,1,1,1,1,1,1,1,0,0,0,0,0,0,0,74,5376.204102,757,0,1,0.702973,-0.025679,-0.325091,-3.113000,-0.397000,0.075000,1
2.755889,-1.334000,-40.030998,-10.800000,74.995003,25.964001,35.785999,151.677002,2.880000,-2.640000,-1.080000,5.160000,-2.760000,-2.510000,-0.120000,359.000000,-2900.000000,-713.000000,-259.000000,-269.000000,-372.000000,49.000000,22.000000,22.000000,22.000000,22.000000,22.000000,22.000000,22.000000,31.000000,31.000000,32.000000,32.000000,33.000000,33.000000,34.000000,1,1,1,1,1,1,1,0,0,0,0,0,0,0,74,5376.204102,757,0,1,0.702792,-0.025660,-0.325125,-3.112000,-0.397000,0.074000,1
2.765968,-1.289000,-40.071999,-10.811000,75.077003,25.941000,35.759998,151.675003,3.000000,-3.360000,-1.080000,6.350000,-2.510000,-2.400000,-0.240000,287.000000,-2894.000000,-839.000000,-406.000000,-244.000000,-449.000000,-25.000000,22.000000,22.000000,22.000000,22.000000,22.000000,22.000000,22.000000,31.000000,31.000000,32.000000,32.000000,33.000000,33.000000,34.000000,1,1,1,1,1,1,1,0,0,0,0,0,0,0,74,5376.202148,757,0,1,0.702450,-0.025651,-0.325161,-3.112000,-0.397000,0.074000,1
2.775945,-1.245000,-40.116001,-10.825000,75.161003,25.905001,35.735001,151.673996,3.600000,-3.600000,-1.080000,7.200000,-2.510000,-2.160000,-0.840000,138.000000,-2889.000000,-929.000000,-610.000000,-209.000000,-684.000000,-80.000000,22.000000,22.000000,22.000000,22.000000,22.000000,22.000000,22.000000,31.000000,31.000000,32.000000,32.000000,33.000000,33.000000,34.000000,1,1,1,1,1,1,1,0,0,0,0,0,0,0,74,5376.202148,756,0,1,0.702089,-0.025724,-0.325187,-3.112000,-0.396000,0.074000,1
2.785935,-1.225000,-40.138000,-10.833000,75.200996,25.889999,35.723000,151.671005,3.600000,-3.120000,-1.200000,6.120000,-2.160000,-2.160000,-0.720000,183.000000,-3073.000000,-919.000000,-533.000000,-203.000000,-749.000000,-105.000000,22.000000,22.000000,22.000000,22.000000,22.000000,22.000000,22.000000,31.000000,31.000000,32.000000,32.000000,33.000000,33.000000,34.000000,1,1,1,1,1,1,1,0,0,0,0,0,0,0,74,5376.199219,757,0,1,0.701928,-0.025773,-0.325188,-3.112000,-0.396000,0.074000,1
2.795931,-1.181000,-40.179001,-10.851000,75.275002,25.865999,35.700001,151.667999,3.360000,-3.600000,-1.440000,6.840000,-1.920000,-2.400000,-1.440000,151.000000,-3144.000000,-878.000000,-543.000000,-205.000000,-865.000000,-129.000000,22.000000,22.000000,22.000000,22.000000,22.000000,22.000000,22.000000,31.000000,31.000000,32.000000,32.000000,33.000000,33.000000,34.000000,1,1,1,1,1,1,1,0,0,0,0,0,0,0,74,5376.202148,756,0,1,0.701637,-0.025839,-0.325187,-3.112000,-0.396000,0.074000,1
2.805945,-1.148000,-40.217999,-10.868000,75.342003,25.837999,35.658001,151.662994,3.600000,-3.600000,-1.680000,6.840000,-1.680000,-2.880000,-1.440000,267.000000,-3238.000000,-820.000000,-437.000000,-268.000000,-927.000000,-161.000000,22.000000,22.000000,22.000000,22.000000,22.000000,22.000000,22.000000,31.000000,31.000000,32.000000,32.000000,33.000000,33.000000,34.000000,1,1,1,1,1,1,1,0,0,0,0,0,0,0,74,5376.203125,757,0,1,0.701491,-0.026019,-0.325149,-3.112000,-0.396000,0.073000,1
2.815903,-1.101000,-40.279999,-10.897000,75.438004,25.812000,35.620998,151.656998,3.600000,-4.080000,-2.280000,7.070000,-1.560000,-3.000000,-1.800000,346.000000,-2832.000000,-776.000000,-507.000000,-304.000000,-858.000000,-170.000000,22.000000,22.000000,22.000000,22.000000,22.000000,22.000000,22.000000,31.000000,31.000000,32.000000,32.000000,33.000000,33.000000,34.000000,1,1,1,1,1,1,1,0,0,0,0,0,0,0,74,5376.204102,757,0,1,0.701209,-0.026209,-0.325061,-3.112000,-0.396000,0.073000,1
2.825926,-1.056000,-40.318001,-10.917000,75.495003,25.784000,35.588001,151.647995,3.840000,-3.720000,-2.160000,6.000000,-1.560000,-3.000000,-1.200000,185.000000,-2662.000000,-596.000000,-370.000000,-289.000000,-867.000000,-191.000000,22.000000,22.000000,22.000000,22.000000,22.000000,22.000000,22.000000,31.000000,31.000000,32.000000,32.000000,33.000000,33.000000,34.000000,1,1,1,1,1,1,1,0,0,0,0,0,0,0,74,5376.203125,758,0,1,0.701106,-0.026342,-0.324987,-3.112000,-0.396000,0.073000,1
2.835923,-1.034000,-40.341000,-10.935000,75.540001,25.771999,35.570999,151.639999,3.720000,-3.240000,-1.920000,5.160000,-1.560000,-2.880000,-1.320000,45.000000,-2848.000000,-596.000000,-716.000000,-308.000000,-835.000000,-192.000000,22.000000,22.000000,22.000000,22.000000,22.000000,22.000000,22.000000,31.000000,31.000000,32.000000,32.000000,33.000000,33.000000,34.000000,1,1,1,1,1,1,1,0,0,0,0,0,0,0,74,5376.204102,758,0,1,0.700942,-0.026481,-0.324990,-3.112000,-0.396000,0.073000,1
2.845908,-1.001000,-40.369999,-10.950000,75.583000,25.757000,35.537998,151.628998,3.000000,-2.640000,-1.680000,4.440000,-1.680000,-2.400000,-0.840000,223.000000,-2797.000000,-622.000000,-845.000000,-304.000000,-786.000000,-227.000000,22.000000,22.000000,22.000000,22.000000,22.000000,22.000000,22.000000,31.000000,31.000000,32.000000,32.000000,33.000000,33.000000,34.000000,1,1,1,1,1,1,1,0,0,0,0,0,0,0,74,5376.203125,755,0,1,0.700920,-0.026585,-0.324921,-3.112000,-0.396000,0.073000,1
2.855904,-0.965000,-40.398998,-10.969000,75.624001,25.740999,35.515999,151.619995,2.400000,-1.800000,-1.320000,2.510000,-1.440000,-1.440000,-0.240000,229.000000,-2734.000000,-597.000000,-659.000000,-318.000000,-834.000000,-240.000000,22.000000,22.000000,22.000000,22.000000,22.000000,22.000000,22.000000,31.000000,31.000000,32.000000,32.000000,33.000000,33.000000,34.000000,1,1,1,1,1,1,1,0,0,0,0,0,0,0,74,5376.204102,757,0,1,0.700840,-0.026688,-0.324863,-3.112000,-0.397000,0.073000,1
2.865957,-0.939000,-40.419998,-10.984000,75.641998,25.716999,35.502998,151.619003,1.560000,-0.720000,-1.320000,0.360000,-1.440000,-0.360000,0.000000,356.000000,-2489.000000,-623.000000,-844.000000,-350.000000,-803.000000,-190.000000,22.000000,22.000000,22.000000,22.000000,22.000000,22.000000,22.000000,31.000000,31.000000,32.000000,32.000000,33.000000,33.000000,34.000000,1,1,1,1,1,1,1,0,0,0,0,0,0,0,74,5376.204102,757,0,1,0.700844,-0.026811,-0.324779,-3.112000,-0.397000,0.073000,1
2.876132,-0.924000,-40.417999,-11.001000,75.639000,25.698999,35.500999,151.619003,1.080000,0.000000,-0.720000,-1.440000,-1.440000,0.000000,0.360000,263.000000,-2125.000000,-567.000000,-2218.000000,-375.000000,-619.000000,-22.000000,22.000000,22.000000,22.000000,22.000000,22.000000,22.000000,22.000000,31.000000,31.000000,32.000000,32.000000,33.000000,33.000000,34.000000,1,1,1,1,1,1,1,0,0,0,0,0,0,0,74,5376.202148,756,0,1,0.700846,-0.026967,-0.324782,-3.112000,-0.397000,0.073000,1
2.885912,-0.918000,-40.421001,-11.001000,75.636002,25.691999,35.500999,151.619003,0.840000,0.240000,-0.600000,-2.280000,-1.320000,0.480000,0.840000,249.000000,-1951.000000,-589.000000,-2485.000000,-444.000000,-395.000000,81.000000,22.000000,22.000000,22.000000,22.000000,22.000000,22.000000,22.000000,31.000000,31.000000,32.000000,32.000000,33.000000,33.000000,34.000000,1,1,1,1,1,1,1,0,0,0,0,0,0,0,74,5376.204102,757,0,1,0.700876,-0.026966,-0.324752,-3.112000,-0.397000,0.073000,1
2.895873,-0.910000,-40.414001,-11.008000,75.606003,25.674999,35.515999,151.617996,0.000000,1.800000,-0.120000,-5.400000,-1.440000,1.920000,2.160000,111.000000,-881.000000,-667.000000,-3119.000000,-487.000000,-162.000000,194.000000,22.000000,22.000000,22.000000,22.000000,22.000000,22.000000,22.000000,31.000000,31.000000,32.000000,32.000000,33.000000,33.000000,34.000000,1,1,1,1,1,1,1,0,0,0,0,0,0,0,74,5376.203125,757,0,1,0.700977,-0.027032,-0.324700,-3.113000,-0.397000,0.073000,1
2.905963,-0.911000,-40.366001,-11.011000,75.492996,25.657000,35.546001,151.623001,-0.360000,4.800000,0.000000,-9.960000,-1.560000,3.960000,3.480000,-320.000000,-863.000000,-613.000000,-4036.000000,-496.000000,-53.000000,234.000000,22.000000,22.000000,22.000000,22.000000,22.000000,22.000000,22.000000,31.000000,31.000000,32.000000,32.000000,33.000000,33.000000,34.000000,1,1,1,1,1,1,1,0,0,0,0,0,0,0,74,5376.204102,757,0,1,0.701451,-0.027098,-0.324619,-3.113000,-0.397000,0.074000,1
2.915912,-0.918000,-40.319000,-11.013000,75.386002,25.638000,35.595001,151.653000,-1.440000,6.600000,0.000000,-14.640000,-1.560000,6.120000,4.670000,-645.000000,-840.000000,-398.000000,-4132.000000,-491.000000,111.000000,413.000000,22.000000,22.000000,22.000000,22.000000,22.000000,22.000000,22.000000,31.000000,31.000000,32.000000,32.000000,33.000000,33.000000,34.000000,1,1,1,1,1,1,1,0,0,0,0,0,0,0,74,5376.204102,758,0,1,0.701766,-0.027123,-0.324579,-3.113000,-0.397000,0.074000,1
2.925943,-0.950000,-40.209999,-11.008000,75.155998,25.624001,35.678001,151.707993,-3.480000,9.600000,0.480000,-18.709999,-1.680000,9.350000,6.350000,-602.000000,-291.000000,-17.000000,-3868.000000,-511.000000,193.000000,509.000000,22.000000,22.000000,22.000000,22.000000,22.000000,22.000000,22.000000,31.000000,31.000000,32.000000,32.000000,33.000000,33.000000,34.000000,1,1,1,1,1,1,1,0,0,0,0,0,0,0,74,5376.206055,756,0,1,0.702575,-0.027119,-0.324515,-3.113000,-0.398000,0.075000,1
2.936033,-0.969000,-40.147999,-11.008000,75.089996,25.618000,35.723000,151.748001,-3.720000,10.200000,0.600000,-20.400000,-1.800000,8.400000,7.680000,-475.000000,-612.000000,20.000000,-3826.000000,-485.000000,148.000000,434.000000,22.000000,22.000000,22.000000,22.000000,22.000000,22.000000,22.000000,31.000000,31.000000,32.000000,32.000000,33.000000,33.000000,34.000000,1,1,1,1,1,1,1,0,0,0,0,0,0,0,74,5376.206055,757,0,1,0.702496,-0.027120,-0.324770,-3.113000,-0.397000,0.074000,1
2.945879,-1.019000,-40.021000,-10.994000,74.841003,25.591000,35.847000,151.837006,-4.920000,11.880000,1.320000,-22.799999,-2.160000,12.600000,8.640000,-754.000000,-347.000000,152.000000,-4095.000000,-457.000000,592.000000,515.000000,22.000000,22.000000,22.000000,22.000000,21.000000,22.000000,22.000000,31.000000,31.000000,32.000000,32.000000,33.000000,33.000000,34.000000,1,1,1,1,1,1,1,0,0,0,0,0,0,0,74,5376.206055,756,0,1,0.703090,-0.027061,-0.324822,-3.114000,-0.397000,0.074000,1
2.955850,-1.082000,-39.873001,-10.976000,74.455002,25.563000,35.991001,151.947006,-5.760000,13.800000,1.800000,-30.959999,-2.400000,15.120000,12.600000,-948.000000,-365.000000,192.000000,-4330.000000,-392.000000,231.000000,706.000000,22.000000,22.000000,22.000000,22.000000,21.000000,22.000000,22.000000,31.000000,31.000000,32.000000,32.000000,33.000000,33.000000,34.000000,1,1,1,1,1,1,1,0,0,0,0,0,0,0,74,5376.206055,755,0,1,0.704590,-0.027009,-0.324442,-3.114000,-0.399000,0.075000,1
2.965952,-1.153000,-39.743999,-10.961000,74.200996,25.532000,36.167000,152.072006,-6.960000,17.040001,1.920000,-33.599998,-3.120000,16.200001,12.120000,-444.000000,66.000000,214.000000,-4698.000000,-257.000000,376.000000,557.000000,22.000000,22.000000,22.000000,22.000000,21.000000,22.000000,22.000000,31.000000,31.000000,32.000000,32.000000,33.000000,33.000000,34.000000,1,1,1,1,1,1,1,0,0,0,0,0,0,0,74,5376.203125,756,0,1,0.704885,-0.026909,-0.324561,-3.114000,-0.398000,0.075000,1
2.975890,-1.238000,-39.490002,-10.930000,73.689003,25.490999,36.362999,152.225006,-7.680000,19.080000,2.640000,-39.840000,-3.240000,19.559999,14.760000,-831.000000,-266.000000,353.000000,-4214.000000,-145.000000,520.000000,600.000000,22.000000,22.000000,22.000000,22.000000,21.000000,22.000000,22.000000,31.000000,31.000000,32.000000,32.000000,33.000000,33.000000,34.000000,1,1,1,1,1,1,1,0,0,0,0,0,0,0,74,5376.202148,756,0,1,0.706503,-0.026778,-0.324535,-3.115000,-0.399000,0.075000,1
2.985847,-1.337000,-39.264999,-10.901000,73.348000,25.454000,36.587002,152.401993,-9.000000,22.440001,3.120000,-44.880001,-2.880000,21.600000,17.639999,-650.000000,-111.000000,352.000000,-4427.000000,-93.000000,333.000000,667.000000,22.000000,22.000000,22.000000,22.000000,21.000000,22.000000,22.000000,31.000000,31.000000,32.000000,32.000000,33.000000,33.000000,34.000000,1,1,1,1,1,1,1,0,0,0,0,0,0,0,74,5376.203125,757,0,1,0.706668,-0.026591,-0.325105,-3.115000,-0.397000,0.075000,1
2.995820,-1.395000,-39.145000,-10.883000,72.983002,25.434000,36.708000,152.496994,-9.480000,21.959999,3.360000,-45.840000,-2.880000,22.080000,17.040001,-605.000000,-144.000000,303.000000,-3799.000000,-109.000000,543.000000,555.000000,22.000000,22.000000,22.000000,22.000000,21.000000,22.000000,22.000000,31.000000,31.000000,32.000000,32.000000,33.000000,33.000000,34.000000,1,1,1,1,1,1,1,0,0,0,0,0,0,0,74,5376.204102,756,0,1,0.708292,-0.026530,-0.324553,-3.115000,-0.399000,0.075000,1
3.005842,-1.483000,-38.950001,-10.853000,72.560997,25.396999,37.002998,152.695999,-11.160000,23.879999,3.840000,-50.160000,-2.880000,26.760000,17.879999,-829.000000,-179.000000,197.000000,-4283.000000,-111.000000,458.000000,679.000000,22.000000,22.000000,22.000000,22.000000,21.000000,22.000000,22.000000,31.000000,31.000000,32.000000,32.000000,33.000000,33.000000,34.000000,1,1,1,1,1,1,1,0,0,0,0,0,0,0,74,5376.204102,757,0,1,0.708865,-0.026074,-0.324617,-3.115000,-0.397000,0.075000,1
3.015884,-1.643000,-38.610001,-10.789000,71.820000,25.371000,37.279999,152.917999,-11.880000,27.719999,3.960000,-57.480000,-2.760000,28.080000,19.799999,-708.000000,-41.000000,68.000000,-4217.000000,-210.000000,533.000000,903.000000,22.000000,22.000000,22.000000,22.000000,21.000000,22.000000,22.000000,31.000000,31.000000,32.000000,32.000000,33.000000,33.000000,34.000000,1,1,1,1,1,1,1,0,0,0,0,0,0,0,74,5376.207031,758,0,1,0.711402,-0.025781,-0.324333,-3.115000,-0.399000,0.075000,1
3.025918,-1.746000,-38.375000,-10.750000,71.342003,25.346001,37.613998,153.149002,-12.600000,28.680000,4.670000,-60.840000,-2.880000,29.520000,21.959999,-700.000000,-123.000000,-50.000000,-3739.000000,-288.000000,520.000000,769.000000,22.000000,22.000000,22.000000,22.000000,21.000000,22.000000,21.000000,31.000000,31.000000,32.000000,32.000000,33.000000,33.000000,34.000000,1,1,1,1,1,1,1,0,0,0,0,0,0,0,74,5376.207031,757,0,1,0.711979,-0.025157,-0.324516,-3.114000,-0.398000,0.074000,1
3.035904,-1.925000,-37.964001,-10.689000,70.459999,25.318001,37.972000,153.399994,-14.280000,30.600000,4.670000,-64.800003,-2.880000,33.840000,22.680000,-705.000000,161.000000,364.000000,-3920.000000,-350.000000,594.000000,885.000000,22.000000,21.000000,22.000000,21.000000,21.000000,22.000000,21.000000,31.000000,31.000000,32.000000,32.000000,33.000000,33.000000,34.000000,1,1,1,1,1,1,1,0,0,0,0,0,0,0,74,5376.208984,757,0,1,0.714748,-0.024798,-0.324277,-3.115000,-0.399000,0.075000,1
3.045877,-2.047000,-37.695000,-10.649000,69.916000,25.280001,38.354000,153.660995,-14.760000,33.000000,4.200000,-69.120003,-3.240000,35.279999,23.760000,-890.000000,-69.000000,443.000000,-4230.000000,-405.000000,358.000000,798.000000,21.000000,21.000000,21.000000,21.000000,21.000000,21.000000,21.000000,31.000000,31.000000,32.000000,32.000000,33.000000,33.000000,34.000000,1,1,1,1,1,1,1,0,0,0,0,0,0,0,74,5376.203125,755,0,1,0.715335,-0.024208,-0.324512,-3.114000,-0.398000,0.074000,1
3.055829,-2.134000,-37.506001,-10.626000,69.498001,25.261000,38.548000,153.798004,-13.680000,34.200001,5.030000,-69.480003,-3.120000,35.040001,24.840000,-640.000000,-141.000000,575.000000,-4501.000000,-388.000000,443.000000,731.000000,21.000000,21.000000,21.000000,21.000000,21.000000,21.000000,21.000000,31.000000,31.000000,32.000000,32.000000,33.000000,33.000000,34.000000,1,1,1,1,1,1,1,0,0,0,0,0,0,0,74,5376.204102,759,0,1,0.716510,-0.024043,-0.324390,-3.115000,-0.398000,0.075000,1
3.065843,-2.296000,-37.122002,-10.579000,68.733002,25.212999,38.946999,154.076004,-15.600000,36.000000,4.560000,-74.160004,-3.600000,37.310001,27.719999,-983.000000,-182.000000,503.000000,-4676.000000,-477.000000,372.000000,777.000000,21.000000,21.000000,21.000000,21.000000,21.000000,21.000000,21.000000,31.000000,31.000000,32.000000,32.000000,33.000000,33.000000,34.000000,1,1,1,1,1,1,1,0,0,0,0,0,0,0,74,5376.193848,756,0,1,0.718127,-0.023659,-0.324558,-3.115000,-0.397000,0.075000,1
3.075842,-2.500000,-36.595001,-10.515000,67.688004,25.162001,39.355000,154.360992,-16.200001,39.000000,5.030000,-79.559998,-4.200000,39.599998,28.799999,-1126.000000,-149.000000,455.000000,-3842.000000,-467.000000,547.000000,674.000000,21.000000,21.000000,21.000000,21.000000,21.000000,21.000000,21.000000,31.000000,31.000000,32.000000,32.000000,33.000000,33.000000,34.000000,1,1,1,1,1,1,1,0,0,0,0,0,0,0,74,5376.207031,757,0,1,0.721154,-0.023384,-0.324618,-3.116000,-0.399000,0.076000,1
3.085871,-2.639000,-36.244999,-10.474000,66.988998,25.127001,39.773998,154.686996,-15.840000,39.840000,5.160000,-81.720001,-4.670000,41.400002,30.240000,-825.000000,-106.000000,321.000000,-3838.000000,-461.000000,629.000000,804.000000,21.000000,21.000000,21.000000,21.000000,21.000000,21.000000,21.000000,31.000000,31.000000,32.000000,32.000000,33.000000,33.000000,34.000000,1,1,1,1,1,1,1,0,0,0,0,0,0,0,74,5376.202148,755,0,1,0.722252,-0.022757,-0.324868,-3.115000,-0.398000,0.075000,1
3.096092,-2.868000,-35.696999,-10.395000,65.824997,25.077000,40.275002,155.003998,-15.960000,40.919998,5.400000,-84.959999,-4.800000,43.560001,30.480000,-743.000000,-215.000000,-97.000000,-4034.000000,-278.000000,609.000000,677.000000,21.000000,21.000000,21.000000,21.000000,21.000000,21.000000,21.000000,31.000000,31.000000,32.000000,32.000000,33.000000,33.000000,34.000000,1,1,1,1,1,1,1,0,0,0,0,0,0,0,74,5376.200195,756,0,1,0.725484,-0.022227,-0.324701,-3.116000,-0.399000,0.076000,1
3.105861,-3.048000,-35.266998,-10.328000,65.142998,25.021000,40.751999,155.352005,-16.080000,42.119999,5.030000,-87.480003,-5.030000,43.799999,31.559999,-634.000000,-365.000000,-483.000000,-4374.000000,-150.000000,466.000000,634.000000,21.000000,21.000000,21.000000,21.000000,21.000000,21.000000,21.000000,31.000000,31.000000,32.000000,32.000000,33.000000,33.000000,34.000000,1,1,1,1,1,1,1,0,0,0,0,0,0,0,74,5376.199219,756,0,1,0.725559,-0.021571,-0.325814,-3.115000,-0.395000,0.075000,1
3.115871,-3.144000,-35.035000,-10.298000,64.425003,24.993000,41.028000,155.529999,-16.799999,42.720001,4.560000,-89.879997,-5.760000,46.560001,32.040001,-676.000000,-384.000000,-144.000000,-4483.000000,-172.000000,513.000000,747.000000,21.000000,21.000000,21.000000,21.000000,21.000000,21.000000,21.000000,31.000000,31.000000,32.000000,32.000000,33.000000,33.000000,34.000000,1,1,1,1,1,1,1,0,0,0,0,0,0,0,74,5376.204102,757,0,1,0.728323,-0.021186,-0.324776,-3.116000,-0.398000,0.076000,1
3.125839,-3.284000,-34.692001,-10.253000,63.687000,24.961000,41.495998,155.878006,-15.710000,43.320000,4.670000,-92.639999,-5.030000,47.160000,32.279999,-923.000000,-187.000000,-62.000000,-4127.000000,-350.000000,585.000000,614.000000,21.000000,21.000000,21.000000,21.000000,21.000000,21.000000,21.000000,31.000000,31.000000,32.000000,32.000000,33.000000,33.000000,34.000000,1,1,1,1,1,1,1,0,0,0,0,0,0,0,74,5376.202148,757,0,1,0.729374,-0.020381,-0.324884,-3.114000,-0.397000,0.074000,1
3.135975,-3.469000,-34.206001,-10.198000,62.662998,24.908001,41.970001,156.201996,-16.559999,45.000000,4.320000,-94.919998,-5.030000,45.720001,31.920000,-566.000000,-162.000000,276.000000,-4017.000000,-383.000000,533.000000,650.000000,21.000000,21.000000,21.000000,21.000000,21.000000,21.000000,21.000000,31.000000,31.000000,32.000000,32.000000,33.000000,33.000000,34.000000,1,1,1,1,1,1,1,0,0,0,0,0,0,0,74,5376.194824,757,0,1,0.731850,-0.019865,-0.324848,-3.115000,-0.397000,0.075000,1
3.145911,-3.677000,-33.648998,-10.143000,61.453999,24.851000,42.481998,156.526001,-16.200001,44.759998,3.960000,-94.320000,-5.280000,48.720001,32.520000,-591.000000,-182.000000,413.000000,-3625.000000,-370.000000,543.000000,599.000000,21.000000,21.000000,21.000000,21.000000,21.000000,21.000000,21.000000,31.000000,31.000000,32.000000,32.000000,33.000000,33.000000,34.000000,1,1,1,1,1,1,1,0,0,0,0,0,0,0,74,5376.200195,757,0,1,0.735121,-0.019426,-0.324591,-3.116000,-0.399000,0.077000,1
3.155863,-3.878000,-33.085999,-10.097000,60.504002,24.771999,43.087002,156.953003,-15.480000,44.880001,3.960000,-95.760002,-5.640000,48.119999,33.480000,-526.000000,-263.000000,69.000000,-4087.000000,-361.000000,334.000000,834.000000,21.000000,21.000000,21.000000,21.000000,21.000000,21.000000,21.000000,31.000000,31.000000,32.000000,32.000000,33.000000,33.000000,34.000000,1,1,1,1,1,1,1,0,0,0,0,0,0,0,74,5376.198242,756,0,1,0.735620,-0.018907,-0.325801,-3.116000,-0.395000,0.075000,1
3.165816,-3.966000,-32.820999,-10.066000,59.736000,24.733999,43.370998,157.156998,-14.760000,45.959999,3.600000,-95.879997,-5.880000,49.680000,33.360001,-656.000000,-604.000000,360.000000,-3877.000000,-419.000000,494.000000,589.000000,21.000000,21.000000,21.000000,21.000000,21.000000,21.000000,21.000000,31.000000,31.000000,32.000000,32.000000,33.000000,33.000000,34.000000,1,1,1,1,1,1,1,0,0,0,0,0,0,0,74,5376.211914,757,0,1,0.738395,-0.018448,-0.324837,-3.116000,-0.398000,0.076000,1
3.175784,-4.103000,-32.409000,-10.026000,58.808998,24.656000,43.911999,157.531998,-14.150000,45.720001,3.480000,-97.559998,-6.840000,46.919998,33.360001,-378.000000,-434.000000,132.000000,-3483.000000,-283.000000,555.000000,846.000000,21.000000,21.000000,21.000000,21.000000,21.000000,21.000000,21.000000,31.000000,31.000000,32.000000,32.000000,33.000000,33.000000,34.000000,1,1,1,1,1,1,1,0,0,0,0,0,0,0,74,5376.203125,756,0,1,0.739902,-0.017735,-0.324787,-3.115000,-0.397000,0.075000,1
3.185817,-4.273000,-31.850000,-9.978000,57.638000,24.599001,44.375999,157.882996,-13.560000,46.320000,3.240000,-95.040001,-6.600000,46.200001,33.840000,-479.000000,-476.000000,170.000000,-3475.000000,-176.000000,675.000000,963.000000,21.000000,21.000000,21.000000,21.000000,21.000000,21.000000,21.000000,31.000000,31.000000,32.000000,32.000000,33.000000,33.000000,34.000000,1,1,1,1,1,1,1,0,0,0,0,0,0,0,74,5376.203125,756,0,1,0.742979,-0.017212,-0.324700,-3.116000,-0.399000,0.076000,1
3.195797,-4.433000,-31.334999,-9.930000,56.701000,24.528999,44.973000,158.255997,-12.240000,44.040001,2.760000,-95.279999,-6.840000,47.160000,33.000000,-432.000000,-757.000000,-246.000000,-3753.000000,-223.000000,626.000000,762.000000,21.000000,21.000000,21.000000,21.000000,21.000000,21.000000,21.000000,31.000000,31.000000,32.000000,32.000000,33.000000,33.000000,34.000000,1,1,1,1,1,1,1,0,0,0,0,0,0,0,74,5376.187988,755,0,1,0.743560,-0.016467,-0.325600,-3.115000,-0.396000,0.075000,1
3.205844,-4.558000,-30.889000,-9.895000,55.639999,24.457001,45.522999,158.641998,-12.000000,43.080002,2.640000,-92.760002,-7.070000,48.240002,30.840000,-378.000000,-740.000000,-475.000000,-3851.000000,-356.000000,333.000000,672.000000,21.000000,21.000000,21.000000,21.000000,21.000000,21.000000,21.000000,31.000000,31.000000,32.000000,32.000000,33.000000,33.000000,34.000000,1,1,1,1,1,1,1,0,0,0,0,0,0,0,74,5376.200195,757,0,1,0.745767,-0.015668,-0.325226,-3.115000,-0.396000,0.075000,1
3.215809,-4.634000,-30.615999,-9.883000,55.037998,24.426001,45.722000,158.779007,-11.640000,43.080002,1.800000,-91.800003,-5.880000,44.639999,30.959999,-467.000000,-490.000000,-534.000000,-3761.000000,-339.000000,243.000000,715.000000,21.000000,21.000000,21.000000,21.000000,21.000000,21.000000,21.000000,31.000000,31.000000,32.000000,32.000000,33.000000,33.000000,34.000000,1,1,1,1,1,1,1,0,0,0,0,0,0,0,74,5376.200195,757,0,1,0.747611,-0.015568,-0.325009,-3.115000,-0.398000,0.076000,1
3.225789,-4.757000,-30.177999,-9.864000,54.049000,24.363001,46.202999,159.102997,-10.920000,40.430000,1.320000,-87.839996,-5.880000,41.759998,28.799999,-135.000000,-793.000000,-337.000000,-3086.000000,-511.000000,455.000000,584.000000,21.000000,21.000000,21.000000,21.000000,21.000000,21.000000,21.000000,31.000000,31.000000,32.000000,32.000000,33.000000,33.000000,34.000000,1,1,1,1,1,1,1,0,0,0,0,0,0,0,74,5376.196777,756,0,1,0.749685,-0.015058,-0.324804,-3.116000,-0.399000,0.076000,1
3.235849,-4.865000,-29.718000,-9.853000,53.223000,24.290001,46.700001,159.459000,-8.760000,37.919998,0.840000,-83.279999,-6.120000,40.680000,26.040001,-572.000000,-916.000000,-267.000000,-2883.000000,-499.000000,514.000000,501.000000,21.000000,21.000000,21.000000,21.000000,21.000000,21.000000,21.000000,31.000000,31.000000,32.000000,32.000000,33.000000,33.000000,34.000000,1,1,1,1,1,1,1,0,0,0,0,0,0,0,74,5376.193848,755,0,1,0.750221,-0.014636,-0.325626,-3.115000,-0.396000,0.075000,1
3.245792,-4.949000,-29.332001,-9.841000,52.205002,24.226999,47.103001,159.731995,-7.200000,36.599998,0.360000,-78.239998,-6.350000,37.799999,26.280001,-165.000000,-839.000000,-318.000000,-2802.000000,-299.000000,506.000000,582.000000,21.000000,21.000000,21.000000,22.000000,21.000000,21.000000,21.000000,31.000000,31.000000,32.000000,32.000000,33.000000,33.000000,34.000000,1,1,1,1,1,1,1,0,0,0,0,0,0,0,74,5376.206055,757,0,1,0.753237,-0.014114,-0.324711,-3.115000,-0.399000,0.076000,1
3.255851,-5.027000,-28.945999,-9.838000,51.424000,24.128000,47.575001,159.998993,-5.880000,31.309999,0.000000,-71.629997,-7.200000,34.799999,23.760000,-375.000000,-856.000000,-276.000000,-2313.000000,-439.000000,623.000000,552.000000,21.000000,21.000000,21.000000,22.000000,21.000000,21.000000,21.000000,31.000000,31.000000,32.000000,32.000000,33.000000,33.000000,34.000000,1,1,1,1,1,1,1,0,0,0,0,0,0,0,74,5376.211914,758,0,1,0.753939,-0.013847,-0.325079,-3.116000,-0.397000,0.076000,1
3.265902,-5.082000,-28.608000,-9.839000,50.719002,24.062000,47.855000,160.248993,-5.400000,29.520000,0.000000,-63.720001,-6.480000,32.880001,21.600000,-266.000000,-1051.000000,-316.000000,-2750.000000,-327.000000,342.000000,463.000000,21.000000,21.000000,21.000000,22.000000,21.000000,21.000000,21.000000,31.000000,31.000000,32.000000,32.000000,33.000000,33.000000,34.000000,1,1,1,1,1,1,1,0,0,0,0,0,0,0,74,5376.207031,758,0,1,0.755544,-0.013673,-0.325087,-3.116000,-0.398000,0.075000,1
3.275810,-5.115000,-28.431000,-9.839000,50.436001,24.024000,48.063000,160.375000,-3.720000,28.430000,0.000000,-61.799999,-6.240000,30.719999,20.150000,-171.000000,-1147.000000,-467.000000,-2300.000000,-160.000000,688.000000,438.000000,21.000000,21.000000,21.000000,22.000000,21.000000,21.000000,21.000000,31.000000,31.000000,32.000000,32.000000,33.000000,33.000000,34.000000,1,1,1,1,1,1,1,0,0,0,0,0,0,0,74,5376.198242,757,0,1,0.755324,-0.013565,-0.325619,-3.116000,-0.396000,0.075000,1
3.285806,-5.145000,-28.198999,-9.838000,49.833000,23.962999,48.379002,160.587997,-3.000000,25.200001,0.000000,-55.200001,-5.520000,27.600000,19.440001,-38.000000,-1409.000000,-629.000000,-3140.000000,-355.000000,251.000000,471.000000,21.000000,21.000000,21.000000,22.000000,21.000000,21.000000,21.000000,31.000000,31.000000,32.000000,32.000000,33.000000,33.000000,34.000000,1,1,1,1,1,1,1,0,0,0,0,0,0,0,74,5376.192871,757,0,1,0.756516,-0.013144,-0.325246,-3.115000,-0.396000,0.075000,1
3.295796,-5.177000,-27.909000,-9.838000,49.172001,23.896000,48.661999,160.772003,-1.560000,20.879999,0.000000,-46.080002,-5.760000,23.520000,15.600000,-289.000000,-1522.000000,-796.000000,-2913.000000,-491.000000,61.000000,314.000000,21.000000,21.000000,21.000000,22.000000,21.000000,21.000000,21.000000,31.000000,31.000000,32.000000,32.000000,33.000000,33.000000,34.000000,1,1,1,1,1,1,1,0,0,0,0,0,0,0,74,5376.192871,755,0,1,0.758021,-0.012877,-0.325050,-3.116000,-0.397000,0.075000,1
3.305864,-5.191000,-27.735001,-9.841000,48.775002,23.834000,48.882999,160.936996,-0.840000,18.360001,-0.360000,-41.040001,-6.000000,19.080000,15.960000,-234.000000,-1351.000000,-834.000000,-2357.000000,-453.000000,495.000000,556.000000,21.000000,21.000000,21.000000,22.000000,21.000000,21.000000,21.000000,31.000000,31.000000,32.000000,32.000000,33.000000,33.000000,34.000000,1,1,1,1,1,1,1,0,0,0,0,0,0,0,74,5376.190918,757,0,1,0.758555,-0.012694,-0.325031,-3.116000,-0.397000,0.075000,1
3.315770,-5.191000,-27.556999,-9.843000,48.396000,23.775000,49.074001,161.074005,0.000000,15.480000,-0.360000,-33.480000,-6.120000,16.440001,14.520000,-269.000000,-1435.000000,-894.000000,-2391.000000,-330.000000,112.000000,513.000000,21.000000,21.000000,21.000000,22.000000,21.000000,21.000000,21.000000,31.000000,31.000000,32.000000,32.000000,33.000000,33.000000,34.000000,1,1,1,1,1,1,1,0,0,0,0,0,0,0,74,5376.199219,756,0,1,0.759130,-0.012508,-0.325079,-3.115000,-0.397000,0.075000,1
3.325940,-5.192000,-27.391001,-9.847000,48.088001,23.711000,49.247002,161.195007,0.600000,11.280000,-0.600000,-25.200001,-6.000000,11.160000,10.440000,60.000000,-1367.000000,-996.000000,-2240.000000,-282.000000,-22.000000,475.000000,21.000000,21.000000,21.000000,22.000000,21.000000,21.000000,21.000000,31.000000,31.000000,32.000000,32.000000,33.000000,33.000000,34.000000,1,1,1,1,1,1,1,0,0,0,0,0,0,0,74,5376.199219,756,0,1,0.759333,-0.012455,-0.325354,-3.115000,-0.396000,0.075000,1
3.335758,-5.184000,-27.302000,-9.854000,47.844002,23.643999,49.360001,161.289993,1.320000,8.160000,-0.480000,-18.600000,-5.030000,9.350000,7.320000,200.000000,-1252.000000,-981.000000,-2656.000000,-318.000000,251.000000,435.000000,21.000000,22.000000,21.000000,22.000000,21.000000,21.000000,22.000000,31.000000,31.000000,32.000000,32.000000,33.000000,33.000000,34.000000,1,1,1,1,1,1,1,0,0,0,0,0,0,0,74,5376.207031,754,0,1,0.759875,-0.012489,-0.325155,-3.116000,-0.396000,0.075000,1
3.346013,-5.173000,-27.261000,-9.861000,47.723999,23.615000,49.393002,161.320007,1.920000,6.480000,-0.600000,-15.120000,-5.280000,7.680000,5.760000,255.000000,-1080.000000,-954.000000,-2111.000000,-261.000000,193.000000,398.000000,21.000000,22.000000,22.000000,22.000000,22.000000,22.000000,22.000000,31.000000,31.000000,32.000000,32.000000,33.000000,33.000000,34.000000,1,1,1,1,1,1,1,0,0,0,0,0,0,0,74,5376.206055,755,0,1,0.760299,-0.012526,-0.324999,-3.116000,-0.397000,0.075000,1
3.355824,-5.151000,-27.198000,-9.872000,47.594002,23.561001,49.442001,161.378998,2.280000,4.670000,-0.720000,-9.350000,-4.920000,4.920000,4.560000,336.000000,-1365.000000,-805.000000,-2081.000000,-333.000000,196.000000,408.000000,22.000000,22.000000,22.000000,22.000000,22.000000,22.000000,22.000000,31.000000,31.000000,32.000000,32.000000,33.000000,33.000000,34.000000,1,1,1,1,1,1,1,0,0,0,0,0,0,0,74,5376.200195,754,0,1,0.760547,-0.012631,-0.325023,-3.116000,-0.397000,0.075000,1
3.365830,-5.121000,-27.162001,-9.880000,47.536999,23.506001,49.486000,161.423996,2.880000,1.800000,-0.360000,-5.280000,-4.560000,2.160000,2.880000,459.000000,-1505.000000,-839.000000,-2250.000000,-400.000000,99.000000,328.000000,22.000000,22.000000,22.000000,22.000000,22.000000,22.000000,22.000000,31.000000,31.000000,32.000000,32.000000,33.000000,33.000000,34.000000,1,1,1,1,1,1,1,0,0,0,0,0,0,0,74,5376.198242,757,0,1,0.760426,-0.012718,-0.325162,-3.117000,-0.396000,0.075000,1
3.375811,-5.079000,-27.150000,-9.887000,47.514999,23.451000,49.518002,161.453003,3.840000,0.000000,-0.360000,0.000000,-3.960000,0.600000,1.440000,314.000000,-1613.000000,-855.000000,-3069.000000,-362.000000,-73.000000,362.000000,22.000000,22.000000,22.000000,22.000000,22.000000,22.000000,22.000000,31.000000,31.000000,32.000000,32.000000,33.000000,33.000000,34.000000,1,1,1,1,1,1,1,0,0,0,0,0,0,0,74,5376.198242,756,0,1,0.760259,-0.012768,-0.325244,-3.116000,-0.396000,0.075000,1
3.385795,-5.035000,-27.150999,-9.891000,47.514000,23.398001,49.527000,161.466995,4.800000,-0.360000,-0.240000,0.600000,-4.320000,0.000000,0.240000,168.000000,-2105.000000,-926.000000,-1999.000000,-446.000000,-292.000000,356.000000,22.000000,22.000000,22.000000,22.000000,22.000000,22.000000,22.000000,31.000000,31.000000,32.000000,32.000000,33.000000,33.000000,34.000000,1,1,1,1,1,1,1,0,0,0,0,0,0,0,74,5376.199219,757,0,1,0.760156,-0.012823,-0.325270,-3.116000,-0.396000,0.075000,1
3.395794,-4.978000,-27.153999,-9.897000,47.521999,23.343000,49.518002,161.473999,4.800000,-1.080000,-0.720000,2.510000,-4.320000,-1.320000,-0.120000,156.000000,-2766.000000,-831.000000,-875.000000,-340.000000,-577.000000,348.000000,22.000000,22.000000,22.000000,22.000000,22.000000,22.000000,22.000000,31.000000,31.000000,32.000000,32.000000,33.000000,33.000000,34.000000,1,1,1,1,1,1,1,0,0,0,0,0,0,0,74,5376.200195,757,0,1,0.760111,-0.012861,-0.325304,-3.116000,-0.396000,0.075000,1
3.405848,-4.926000,-27.170000,-9.901000,47.555000,23.306999,49.500000,161.470993,4.800000,-2.280000,-0.240000,4.920000,-4.320000,-2.280000,0.000000,349.000000,-2935.000000,-881.000000,-560.000000,-274.000000,-594.000000,247.000000,22.000000,22.000000,22.000000,22.000000,22.000000,22.000000,22.000000,31.000000,31.000000,32.000000,32.000000,33.000000,33.000000,34.000000,1,1,1,1,1,1,1,0,0,0,0,0,0,0,74,5376.200195,755,0,1,0.760032,-0.012838,-0.325314,-3.116000,-0.396000,0.075000,1
3.415840,-4.875000,-27.198999,-9.904000,47.616001,23.252001,49.474998,161.473999,4.800000,-2.640000,-0.120000,6.600000,-4.320000,-2.510000,0.000000,335.000000,-3121.000000,-923.000000,-687.000000,-144.000000,-710.000000,167.000000,22.000000,22.000000,22.000000,22.000000,22.000000,22.000000,22.000000,31.000000,31.000000,32.000000,32.000000,33.000000,33.000000,34.000000,1,1,1,1,1,1,1,0,0,0,0,0,0,0,74,5376.203125,756,0,1,0.759835,-0.012930,-0.325348,-3.116000,-0.395000,0.075000,1
3.425738,-4.843000,-27.218000,-9.905000,47.660999,23.230000,49.459999,161.470993,4.200000,-3.480000,0.000000,6.720000,-4.320000,-3.000000,0.000000,71.000000,-3112.000000,-695.000000,-462.000000,-260.000000,-780.000000,156.000000,22.000000,22.000000,22.000000,22.000000,22.000000,22.000000,22.000000,31.000000,31.000000,32.000000,32.000000,33.000000,33.000000,34.000000,1,1,1,1,1,1,1,0,0,0,0,0,0,0,74,5376.203125,757,0,1,0.759674,-0.012923,-0.325391,-3.116000,-0.395000,0.075000,1
3.435864,-4.787000,-27.261999,-9.905000,47.731998,23.170000,49.430000,161.472000,3.360000,-3.720000,0.240000,6.120000,-4.320000,-2.880000,0.120000,28.000000,-2980.000000,-323.000000,-764.000000,-125.000000,-746.000000,165.000000,22.000000,22.000000,22.000000,22.000000,22.000000,22.000000,22.000000,31.000000,31.000000,32.000000,32.000000,33.000000,33.000000,34.000000,1,1,1,1,1,1,1,0,0,0,0,0,0,0,74,5376.203125,756,0,1,0.759510,-0.012993,-0.325338,-3.116000,-0.395000,0.075000,1
3.445791,-4.759000,-27.294001,-9.900000,47.814999,23.125999,49.408001,161.470993,2.640000,-3.000000,1.320000,5.400000,-4.320000,-2.510000,0.120000,126.000000,-2868.000000,2.000000,-925.000000,-315.000000,-851.000000,312.000000,22.000000,22.000000,22.000000,22.000000,22.000000,22.000000,22.000000,31.000000,31.000000,32.000000,32.000000,33.000000,33.000000,34.000000,1,1,1,1,1,1,1,0,0,0,0,0,0,0,74,5376.203125,755,0,1,0.759157,-0.013091,-0.325455,-3.116000,-0.394000,0.075000,1
3.455796,-4.737000,-27.320000,-9.882000,47.863998,23.061001,49.375999,161.481995,1.080000,-1.800000,2.510000,3.960000,-4.440000,-2.400000,1.560000,126.000000,-2968.000000,108.000000,-1187.000000,-358.000000,-795.000000,504.000000,22.000000,22.000000,22.000000,22.000000,22.000000,22.000000,22.000000,31.000000,31.000000,32.000000,32.000000,33.000000,33.000000,34.000000,1,1,1,1,1,1,1,0,0,0,0,0,0,0,74,5376.202148,757,0,1,0.759057,-0.013209,-0.325456,-3.116000,-0.394000,0.075000,1
3.465743,-4.733000,-27.334000,-9.847000,47.896999,22.993999,49.358002,161.503006,-0.240000,-1.080000,4.320000,1.560000,-4.320000,-1.800000,3.480000,-54.000000,-3007.000000,431.000000,-1374.000000,-316.000000,-654.000000,534.000000,22.000000,22.000000,22.000000,22.000000,22.000000,22.000000,22.000000,31.000000,31.000000,32.000000,32.000000,33.000000,33.000000,34.000000,1,1,1,1,1,1,1,0,0,0,0,0,0,0,74,5376.203125,757,0,1,0.758918,-0.013260,-0.325516,-3.117000,-0.394000,0.075000,1
3.475803,-4.739000,-27.340000,-9.814000,47.903999,22.950001,49.347000,161.526993,-1.440000,-0.600000,5.640000,0.240000,-4.320000,-1.080000,4.670000,-362.000000,-2997.000000,355.000000,-1465.000000,-389.000000,-663.000000,580.000000,22.000000,22.000000,22.000000,22.000000,22.000000,22.000000,22.000000,31.000000,31.000000,32.000000,32.000000,33.000000,33.000000,34.000000,1,1,1,1,1,1,1,0,0,0,0,0,0,0,74,5376.203125,756,0,1,0.758920,-0.013223,-0.325506,-3.117000,-0.394000,0.076000,1
3.485773,-4.780000,-27.344999,-9.717000,47.898998,22.879000,49.334999,161.600006,-5.400000,0.120000,8.640000,-1.920000,-5.400000,0.000000,6.960000,-742.000000,-2499.000000,607.000000,-2684.000000,-437.000000,-495.000000,651.000000,22.000000,22.000000,22.000000,22.000000,22.000000,22.000000,22.000000,31.000000,31.000000,32.000000,32.000000,33.000000,33.000000,34.000000,1,1,1,1,1,1,1,0,0,0,0,0,0,0,74,5376.204102,755,0,1,0.758963,-0.012901,-0.325498,-3.117000,-0.394000,0.076000,1
3.495799,-4.847000,-27.343000,-9.604000,47.859001,22.832001,49.335999,161.681000,-7.560000,0.960000,11.880000,-5.880000,-6.000000,0.360000,8.520000,-1073.000000,-1546.000000,864.000000,-3880.000000,-267.000000,-181.000000,685.000000,22.000000,22.000000,22.000000,22.000000,22.000000,22.000000,22.000000,31.000000,31.000000,32.000000,32.000000,33.000000,33.000000,34.000000,1,1,1,1,1,1,1,0,0,0,0,0,0,0,74,5376.204102,757,0,1,0.759170,-0.012405,-0.325382,-3.117000,-0.394000,0.076000,1
3.505821,-4.942000,-27.327000,-9.468000,47.785999,22.754999,49.349998,161.798004,-9.840000,2.880000,12.960000,-9.350000,-6.350000,2.280000,12.710000,-764.000000,-1038.000000,598.000000,-4102.000000,-70.000000,88.000000,845.000000,22.000000,22.000000,22.000000,22.000000,22.000000,22.000000,22.000000,31.000000,31.000000,32.000000,32.000000,33.000000,33.000000,34.000000,1,1,1,1,1,1,1,0,0,0,0,0,0,0,74,5376.204102,756,0,1,0.759421,-0.011956,-0.325280,-3.117000,-0.395000,0.076000,1
3.515772,-5.075000,-27.288000,-9.305000,47.665001,22.681000,49.377998,161.977997,-13.320000,4.800000,15.480000,-13.320000,-6.720000,4.320000,13.440000,-991.000000,-791.000000,731.000000,-4055.000000,-202.000000,143.000000,723.000000,22.000000,22.000000,22.000000,22.000000,22.000000,22.000000,22.000000,31.000000,31.000000,32.000000,32.000000,33.000000,33.000000,34.000000,1,1,1,1,1,1,1,0,0,0,0,0,0,0,74,5376.206055,757,0,1,0.759812,-0.011366,-0.325166,-3.117000,-0.395000,0.075000,1
3.525821,-5.246000,-27.226000,-9.118000,47.492001,22.622000,49.417000,162.104004,-15.480000,6.840000,18.360001,-16.559999,-6.840000,5.880000,18.240000,-835.000000,-707.000000,767.000000,-3765.000000,-371.000000,144.000000,832.000000,22.000000,22.000000,22.000000,22.000000,22.000000,22.000000,22.000000,31.000000,31.000000,32.000000,32.000000,33.000000,33.000000,34.000000,1,1,1,1,1,1,1,0,0,0,0,0,0,0,74,5376.204102,756,0,1,0.760407,-0.010707,-0.325024,-3.117000,-0.396000,0.075000,1
3.535851,-5.360000,-27.195999,-9.021000,47.405998,22.597000,49.457001,162.220993,-17.040001,7.560000,18.600000,-17.280001,-6.960000,6.720000,15.840000,-1022.000000,-784.000000,877.000000,-4212.000000,-270.000000,259.000000,940.000000,22.000000,22.000000,22.000000,22.000000,22.000000,22.000000,22.000000,31.000000,31.000000,32.000000,32.000000,33.000000,33.000000,34.000000,1,1,1,1,1,1,1,0,0,0,0,0,0,0,74,5376.206055,757,0,1,0.760575,-0.010396,-0.324975,-3.117000,-0.396000,0.075000,1
3.545738,-5.508000,-27.118000,-8.820000,47.201000,22.533001,49.541000,162.414001,-19.559999,8.640000,20.400000,-22.080000,-7.200000,9.240000,19.200001,-1226.000000,-755.000000,505.000000,-4157.000000,-461.000000,322.000000,802.000000,22.000000,22.000000,22.000000,22.000000,21.000000,22.000000,22.000000,31.000000,31.000000,32.000000,32.000000,33.000000,33.000000,34.000000,1,1,1,1,1,1,1,0,0,0,0,0,0,0,74,5376.206055,758,0,1,0.761012,-0.009381,-0.324912,-3.116000,-0.396000,0.074000,1
3.555758,-5.765000,-27.004000,-8.536000,46.883999,22.431999,49.660999,162.653000,-22.080000,10.800000,25.080000,-25.200001,-7.920000,9.720000,23.760000,-1119.000000,-546.000000,913.000000,-4266.000000,-432.000000,125.000000,909.000000,22.000000,22.000000,22.000000,22.000000,21.000000,22.000000,22.000000,31.000000,31.000000,32.000000,32.000000,33.000000,33.000000,34.000000,1,1,1,1,1,1,1,0,0,0,0,0,0,0,74,5376.206055,757,0,1,0.761806,-0.008278,-0.324713,-3.116000,-0.397000,0.075000,1
3.565735,-6.059000,-26.865000,-8.241000,46.539001,22.327999,49.764000,162.893997,-25.920000,12.710000,27.360001,-30.719999,-10.070000,12.600000,25.309999,-1669.000000,-352.000000,996.000000,-4395.000000,-341.000000,663.000000,873.000000,22.000000,22.000000,22.000000,22.000000,21.000000,22.000000,22.000000,31.000000,31.000000,32.000000,32.000000,33.000000,33.000000,34.000000,1,1,1,1,1,1,1,0,0,0,0,0,0,0,74,5376.207031,756,0,1,0.762758,-0.007337,-0.324582,-3.117000,-0.398000,0.075000,1
3.575794,-6.223000,-26.785999,-8.077000,46.342999,22.264999,49.846001,163.050003,-29.639999,13.680000,30.840000,-36.000000,-9.000000,14.760000,27.120001,-1865.000000,-630.000000,930.000000,-4794.000000,-310.000000,573.000000,801.000000,22.000000,22.000000,22.000000,22.000000,21.000000,22.000000,22.000000,31.000000,31.000000,32.000000,32.000000,33.000000,33.000000,34.000000,1,1,1,1,1,1,1,0,0,0,0,0,0,0,74,5376.206055,756,0,1,0.763136,-0.006801,-0.324552,-3.117000,-0.398000,0.075000,1
3.585754,-6.576000,-26.628000,-7.739000,45.931999,22.132000,50.042000,163.358994,-33.480000,15.960000,34.310001,-38.400002,-8.760000,17.879999,30.000000,-1534.000000,-451.000000,1262.000000,-4062.000000,-395.000000,307.000000,829.000000,22.000000,22.000000,22.000000,22.000000,21.000000,22.000000,22.000000,31.000000,31.000000,32.000000,32.000000,33.000000,33.000000,34.000000,1,1,1,1,1,1,1,0,0,0,0,0,0,0,74,5376.206055,756,0,1,0.763817,-0.005750,-0.324456,-3.118000,-0.398000,0.076000,1
3.595751,-6.953000,-26.448999,-7.381000,45.505001,22.013000,50.206001,163.725006,-37.799999,18.480000,38.040001,-43.439999,-10.800000,18.840000,35.160000,-1491.000000,-286.000000,1351.000000,-4545.000000,-734.000000,487.000000,925.000000,22.000000,22.000000,22.000000,22.000000,21.000000,22.000000,22.000000,31.000000,31.000000,32.000000,32.000000,33.000000,33.000000,34.000000,1,1,1,1,1,1,1,0,0,0,0,0,0,0,74,5376.204102,756,0,1,0.764701,-0.004572,-0.324422,-3.119000,-0.398000,0.075000,1
3.605801,-7.407000,-26.229000,-6.932000,44.959999,21.841999,50.442001,164.147995,-41.160000,20.639999,40.310001,-51.000000,-11.880000,23.040001,36.840000,-1427.000000,-361.000000,1347.000000,-5123.000000,-291.000000,469.000000,938.000000,22.000000,22.000000,22.000000,22.000000,21.000000,22.000000,22.000000,31.000000,31.000000,32.000000,32.000000,33.000000,33.000000,34.000000,1,1,1,1,1,1,1,0,0,0,0,0,0,0,74,5376.204102,757,0,1,0.765676,-0.003128,-0.324365,-3.120000,-0.398000,0.076000,1
3.615781,-7.841000,-26.003000,-6.525000,44.416000,21.677999,50.722000,164.623001,-43.680000,22.559999,43.320000,-56.520000,-14.040000,25.200001,41.520000,-1428.000000,-506.000000,1423.000000,-4813.000000,-554.000000,593.000000,801.000000,22.000000,22.000000,22.000000,22.000000,21.000000,22.000000,22.000000,31.000000,31.000000,32.000000,32.000000,33.000000,33.000000,34.000000,1,1,1,1,1,1,1,0,0,0,0,0,0,0,74,5376.204102,757,0,1,0.766312,-0.001828,-0.324436,-3.120000,-0.398000,0.074000,1
3.625801,-8.110000,-25.853001,-6.241000,44.063999,21.604000,50.873001,164.869995,-46.799999,24.240000,47.400002,-58.560001,-14.040000,26.879999,39.720001,-1496.000000,-193.000000,1528.000000,-4721.000000,-711.000000,394.000000,890.000000,22.000000,22.000000,22.000000,22.000000,21.000000,22.000000,22.000000,31.000000,31.000000,32.000000,32.000000,33.000000,33.000000,34.000000,1,1,1,1,1,1,1,0,0,0,0,0,0,0,74,5376.207031,756,0,1,0.766919,-0.000661,-0.324467,-3.120000,-0.398000,0.074000,1
3.635846,-8.693000,-25.528000,-5.631000,43.308998,21.468000,51.152000,165.285995,-50.869999,25.200001,50.040001,-63.000000,-15.000000,28.309999,45.240002,-1291.000000,-194.000000,934.000000,-4223.000000,-648.000000,690.000000,888.000000,22.000000,22.000000,22.000000,22.000000,21.000000,22.000000,21.000000,31.000000,31.000000,32.000000,32.000000,33.000000,33.000000,34.000000,1,1,1,1,1,1,1,0,0,0,0,0,0,0,74,5376.209961,758,0,1,0.768506,0.001754,-0.324499,-3.120000,-0.399000,0.076000,1
3.645777,-9.320000,-25.191000,-4.968000,42.507999,21.334000,51.554001,165.830002,-54.119999,28.200001,54.000000,-69.360001,-14.760000,30.959999,45.959999,-1486.000000,-285.000000,907.000000,-4542.000000,-548.000000,463.000000,912.000000,21.000000,21.000000,21.000000,21.000000,21.000000,21.000000,21.000000,31.000000,31.000000,32.000000,32.000000,33.000000,33.000000,34.000000,1,1,1,1,1,1,1,0,0,0,0,0,0,0,74,5376.206055,760,0,1,0.769489,0.004659,-0.324659,-3.118000,-0.398000,0.075000,1
3.655922,-9.856000,-24.896000,-4.389000,41.791000,21.150000,51.896000,166.350006,-55.200001,29.639999,56.400002,-72.839996,-16.559999,35.639999,49.560001,-1756.000000,-318.000000,803.000000,-4900.000000,-529.000000,371.000000,941.000000,21.000000,21.000000,21.000000,21.000000,21.000000,21.000000,21.000000,31.000000,31.000000,32.000000,32.000000,33.000000,33.000000,34.000000,1,1,1,1,1,1,1,0,0,0,0,0,0,0,74,5376.202148,756,0,1,0.770437,0.006895,-0.324746,-3.117000,-0.398000,0.074000,1
3.665826,-10.214000,-24.722000,-4.027000,41.344002,21.073000,52.099998,166.654007,-57.240002,30.000000,57.959999,-74.160004,-16.320000,35.160000,49.080002,-1335.000000,-411.000000,1153.000000,-4699.000000,-722.000000,570.000000,1151.000000,21.000000,21.000000,21.000000,21.000000,21.000000,21.000000,21.000000,31.000000,31.000000,32.000000,32.000000,33.000000,33.000000,34.000000,1,1,1,1,1,1,1,0,0,0,0,0,0,0,74,5376.200195,756,0,1,0.771165,0.008334,-0.324690,-3.117000,-0.398000,0.074000,1
3.675781,-10.915000,-24.355000,-3.304000,40.387001,20.860001,52.612999,167.225006,-58.919998,32.880001,60.720001,-82.199997,-15.710000,38.520000,52.680000,-1251.000000,-487.000000,941.000000,-4782.000000,-916.000000,700.000000,1054.000000,21.000000,21.000000,21.000000,21.000000,21.000000,21.000000,21.000000,31.000000,31.000000,32.000000,32.000000,33.000000,33.000000,34.000000,1,1,1,1,1,1,1,0,0,0,0,0,0,0,74,5376.196777,757,0,1,0.772214,0.011042,-0.324638,-3.116000,-0.398000,0.075000,1
3.685782,-11.640000,-23.944000,-2.572000,39.369999,20.650000,52.985001,167.854996,-61.320000,33.480000,60.360001,-84.959999,-18.709999,39.599998,52.919998,-1263.000000,-427.000000,859.000000,-4463.000000,-831.000000,773.000000,943.000000,21.000000,21.000000,21.000000,21.000000,21.000000,21.000000,21.000000,31.000000,31.000000,32.000000,32.000000,33.000000,33.000000,34.000000,1,1,1,1,1,1,1,0,0,0,0,0,0,0,74,5376.194824,757,0,1,0.774298,0.013544,-0.324483,-3.117000,-0.399000,0.074000,1
3.695775,-12.259000,-23.608000,-1.970000,38.493000,20.495001,53.369999,168.371994,-62.160000,33.959999,61.439999,-87.239998,-18.709999,39.360001,54.000000,-801.000000,-434.000000,542.000000,-4134.000000,-595.000000,574.000000,908.000000,21.000000,21.000000,21.000000,21.000000,21.000000,21.000000,21.000000,31.000000,31.000000,32.000000,32.000000,33.000000,33.000000,34.000000,1,1,1,1,1,1,1,0,0,0,0,0,0,0,74,5376.207031,756,0,1,0.775786,0.015643,-0.324277,-3.116000,-0.400000,0.074000,1
3.705758,-12.881000,-23.270000,-1.362000,37.596001,20.275000,53.910999,168.901993,-62.279999,34.919998,61.080002,-90.000000,-18.840000,41.880001,52.919998,-1057.000000,-319.000000,592.000000,-3780.000000,-838.000000,589.000000,817.000000,21.000000,21.000000,21.000000,21.000000,21.000000,21.000000,21.000000,31.000000,31.000000,32.000000,32.000000,33.000000,33.000000,34.000000,1,1,1,1,1,1,1,0,0,0,0,0,0,0,74,5376.207031,757,0,1,0.776316,0.017520,-0.324285,-3.117000,-0.399000,0.074000,1
3.715764,-13.250000,-23.054001,-0.979000,37.070000,20.187000,54.080002,169.207001,-61.919998,35.639999,63.480000,-92.160004,-19.680000,43.680000,50.400002,-1181.000000,-332.000000,777.000000,-4333.000000,-697.000000,645.000000,703.000000,21.000000,21.000000,21.000000,21.000000,21.000000,21.000000,21.000000,31.000000,31.000000,32.000000,32.000000,33.000000,33.000000,34.000000,1,1,1,1,1,1,1,0,0,0,0,0,0,0,74,5376.212891,756,0,1,0.777480,0.018884,-0.324210,-3.116000,-0.400000,0.074000,1
3.725815,-13.750000,-22.789000,-0.444000,36.341999,20.013000,54.425999,169.587006,-63.000000,36.599998,64.440002,-90.480003,-19.799999,43.919998,51.360001,-1143.000000,-311.000000,765.000000,-4077.000000,-190.000000,980.000000,893.000000,21.000000,21.000000,21.000000,21.000000,21.000000,21.000000,21.000000,31.000000,31.000000,32.000000,32.000000,33.000000,33.000000,34.000000,1,1,1,1,1,1,1,0,0,0,0,0,0,0,74,5376.208984,757,0,1,0.778506,0.020646,-0.324007,-3.117000,-0.400000,0.074000,1
3.735881,-14.753000,-22.177000,0.576000,34.851002,19.750000,55.125000,170.434006,-61.439999,36.360001,61.799999,-90.720001,-19.799999,42.119999,47.880001,-703.000000,-466.000000,569.000000,-3340.000000,-834.000000,495.000000,721.000000,21.000000,21.000000,21.000000,21.000000,21.000000,21.000000,21.000000,31.000000,31.000000,32.000000,32.000000,33.000000,33.000000,34.000000,1,1,1,1,1,1,1,0,0,0,0,0,0,0,74,5376.203125,757,0,1,0.780306,0.024090,-0.324154,-3.115000,-0.401000,0.073000,1
3.745831,-14.962000,-22.041000,0.825000,34.490002,19.642000,55.379002,170.738998,-60.240002,35.520000,63.360001,-90.480003,-17.760000,45.000000,48.840000,-589.000000,-917.000000,507.000000,-3199.000000,-484.000000,613.000000,732.000000,21.000000,21.000000,21.000000,21.000000,21.000000,21.000000,21.000000,31.000000,31.000000,32.000000,32.000000,33.000000,33.000000,34.000000,1,1,1,1,1,1,1,0,0,0,0,0,0,0,74,5376.206055,757,0,1,0.780208,0.025007,-0.324223,-3.114000,-0.399000,0.071000,1
3.755762,-15.681000,-21.604000,1.545000,33.481998,19.447001,55.875999,171.281998,-59.869999,35.040001,61.439999,-87.480003,-18.000000,43.560001,45.000000,-450.000000,-588.000000,108.000000,-3423.000000,-902.000000,613.000000,812.000000,21.000000,21.000000,21.000000,21.000000,21.000000,21.000000,21.000000,31.000000,31.000000,32.000000,32.000000,33.000000,33.000000,34.000000,1,1,1,1,1,1,1,0,0,0,0,0,0,0,74,5376.199219,757,0,1,0.781061,0.027042,-0.324619,-3.114000,-0.398000,0.070000,1
3.765815,-16.496000,-21.146999,2.353000,32.312000,19.264000,56.381001,171.778000,-57.720001,33.480000,60.240002,-83.639999,-17.280001,42.720001,42.360001,-798.000000,-702.000000,289.000000,-3827.000000,-723.000000,344.000000,731.000000,21.000000,21.000000,21.000000,21.000000,21.000000,21.000000,21.000000,31.000000,31.000000,32.000000,32.000000,33.000000,33.000000,34.000000,1,1,1,1,1,1,1,0,0,0,0,0,0,0,74,5376.193848,757,0,1,0.782791,0.029420,-0.324480,-3.114000,-0.400000,0.071000,1
3.775791,-17.145000,-20.771000,3.006000,31.346001,19.035999,56.856998,172.279999,-56.630001,33.840000,58.320000,-84.360001,-17.040001,42.840000,44.279999,-1098.000000,-837.000000,128.000000,-4503.000000,-704.000000,97.000000,827.000000,21.000000,21.000000,21.000000,21.000000,21.000000,21.000000,21.000000,31.000000,31.000000,32.000000,32.000000,33.000000,33.000000,34.000000,1,1,1,1,1,1,1,0,0,0,0,0,0,0,74,5376.192871,756,0,1,0.783786,0.030957,-0.324459,-3.115000,-0.400000,0.071000,1
3.785694,-17.509001,-20.577000,3.368000,30.792999,18.910000,57.106998,172.559006,-54.840000,32.040001,56.160000,-83.519997,-17.400000,40.310001,39.599998,-553.000000,-856.000000,692.000000,-3942.000000,-839.000000,618.000000,734.000000,21.000000,21.000000,21.000000,21.000000,21.000000,21.000000,21.000000,31.000000,31.000000,32.000000,32.000000,33.000000,33.000000,34.000000,1,1,1,1,1,1,1,0,0,0,0,0,0,0,74,5376.192871,756,0,1,0.784617,0.031827,-0.324199,-3.115000,-0.401000,0.071000,1
3.795676,-18.112000,-20.205999,3.990000,29.888000,18.669001,57.542000,173.007996,-52.560001,30.600000,54.480000,-79.919998,-18.000000,39.240002,39.480000,-319.000000,-786.000000,481.000000,-3294.000000,-318.000000,558.000000,700.000000,21.000000,21.000000,21.000000,21.000000,21.000000,21.000000,21.000000,31.000000,31.000000,32.000000,32.000000,33.000000,33.000000,34.000000,1,1,1,1,1,1,1,0,0,0,0,0,0,0,74,5376.196777,757,0,1,0.785476,0.033046,-0.324332,-3.116000,-0.400000,0.071000,1
3.805896,-18.672001,-19.874001,4.566000,29.039000,18.481001,58.037998,173.427002,-49.320000,29.400000,52.200001,-75.959999,-15.360000,39.000000,37.080002,-349.000000,-730.000000,238.000000,-3109.000000,-534.000000,677.000000,611.000000,21.000000,21.000000,21.000000,21.000000,21.000000,21.000000,21.000000,31.000000,31.000000,32.000000,32.000000,33.000000,33.000000,34.000000,1,1,1,1,1,1,1,0,0,0,0,0,0,0,74,5376.206055,755,0,1,0.785788,0.034383,-0.324450,-3.116000,-0.399000,0.070000,1
3.815728,-19.219999,-19.568001,5.145000,28.197001,18.358000,58.395000,173.832993,-46.200001,26.760000,47.520000,-70.199997,-15.710000,33.840000,33.599998,46.000000,-835.000000,378.000000,-3159.000000,-604.000000,349.000000,488.000000,21.000000,21.000000,21.000000,21.000000,21.000000,21.000000,21.000000,31.000000,31.000000,32.000000,32.000000,33.000000,33.000000,34.000000,1,1,1,1,1,1,1,0,0,0,0,0,0,0,74,5376.206055,756,0,1,0.787075,0.036183,-0.324114,-3.115000,-0.401000,0.069000,1
3.825724,-19.728001,-19.271000,5.612000,27.513000,18.184999,58.782001,174.190002,-41.040001,24.959999,44.759998,-65.870003,-12.960000,30.600000,30.480000,12.000000,-669.000000,388.000000,-2784.000000,-670.000000,570.000000,560.000000,21.000000,21.000000,21.000000,21.000000,21.000000,21.000000,21.000000,31.000000,31.000000,32.000000,32.000000,33.000000,33.000000,34.000000,1,1,1,1,1,1,1,0,0,0,0,0,0,0,74,5376.207031,758,0,1,0.787222,0.036664,-0.324485,-3.116000,-0.399000,0.069000,1
3.835822,-19.908001,-19.167000,5.901000,27.099001,18.124001,58.918999,174.317001,-39.240002,24.120001,41.759998,-60.119999,-12.240000,30.600000,28.080000,-91.000000,-1003.000000,-90.000000,-2486.000000,-704.000000,402.000000,587.000000,21.000000,21.000000,21.000000,21.000000,21.000000,21.000000,21.000000,31.000000,31.000000,32.000000,32.000000,33.000000,33.000000,34.000000,1,1,1,1,1,1,1,0,0,0,0,0,0,0,74,5376.200195,757,0,1,0.788341,0.038120,-0.323775,-3.115000,-0.401000,0.069000,1
3.845750,-20.275000,-18.941000,6.310000,26.518999,17.973000,59.259998,174.632996,-34.799999,21.480000,37.919998,-53.279999,-12.120000,26.160000,24.600000,-247.000000,-1125.000000,-225.000000,-2453.000000,-776.000000,556.000000,525.000000,21.000000,22.000000,21.000000,22.000000,21.000000,21.000000,21.000000,31.000000,31.000000,32.000000,32.000000,33.000000,33.000000,34.000000,1,1,1,1,1,1,1,0,0,0,0,0,0,0,74,5376.199219,757,0,1,0.788491,0.039019,-0.323837,-3.114000,-0.401000,0.068000,1
3.855705,-20.642000,-18.705000,6.703000,25.959000,17.840000,59.555000,174.910995,-29.879999,18.000000,31.680000,-46.919998,-10.070000,22.320000,21.240000,20.000000,-1229.000000,-304.000000,-2730.000000,-697.000000,108.000000,565.000000,22.000000,22.000000,22.000000,22.000000,21.000000,22.000000,21.000000,31.000000,31.000000,32.000000,32.000000,33.000000,33.000000,34.000000,1,1,1,1,1,1,1,0,0,0,0,0,0,0,74,5376.200195,757,0,1,0.788766,0.039753,-0.324006,-3.114000,-0.400000,0.067000,1
3.865716,-21.007000,-18.476999,7.068000,25.507000,17.701000,59.789001,175.110001,-24.240000,14.280000,27.240000,-37.799999,-10.200000,19.559999,16.200001,144.000000,-1655.000000,142.000000,-2881.000000,-671.000000,56.000000,508.000000,22.000000,22.000000,22.000000,22.000000,21.000000,22.000000,21.000000,31.000000,31.000000,32.000000,32.000000,33.000000,33.000000,34.000000,1,1,1,1,1,1,1,0,0,0,0,0,0,0,74,5376.202148,756,0,1,0.788789,0.039978,-0.324541,-3.115000,-0.399000,0.067000,1
3.875725,-21.224001,-18.334000,7.312000,25.101999,17.546000,60.000000,175.302994,-18.360001,11.520000,22.680000,-29.520000,-10.070000,14.640000,9.840000,550.000000,-1387.000000,-301.000000,-2928.000000,-697.000000,31.000000,492.000000,22.000000,22.000000,22.000000,22.000000,21.000000,22.000000,21.000000,31.000000,31.000000,32.000000,32.000000,33.000000,33.000000,34.000000,1,1,1,1,1,1,1,0,0,0,0,0,0,0,74,5376.198242,755,0,1,0.789174,0.040139,-0.324363,-3.116000,-0.399000,0.067000,1
3.885665,-21.330000,-18.267000,7.429000,24.936001,17.483999,60.087002,175.358002,-16.680000,9.600000,19.799999,-26.160000,-9.720000,12.240000,11.160000,310.000000,-1600.000000,-165.000000,-2768.000000,-620.000000,175.000000,544.000000,22.000000,22.000000,22.000000,22.000000,21.000000,22.000000,21.000000,31.000000,31.000000,32.000000,32.000000,33.000000,33.000000,34.000000,1,1,1,1,1,1,1,0,0,0,0,0,0,0,74,5376.196777,755,0,1,0.789279,0.040198,-0.324385,-3.117000,-0.399000,0.068000,1
3.895722,-21.487000,-18.165001,7.664000,24.671000,17.400999,60.202000,175.481003,-9.720000,6.960000,15.360000,-18.000000,-9.350000,9.480000,9.720000,125.000000,-1476.000000,-236.000000,-2895.000000,-367.000000,-3.000000,600.000000,22.000000,22.000000,22.000000,22.000000,21.000000,22.000000,21.000000,31.000000,31.000000,32.000000,32.000000,33.000000,33.000000,34.000000,1,1,1,1,1,1,1,0,0,0,0,0,0,0,74,5376.199219,758,0,1,0.789575,0.040892,-0.324341,-3.116000,-0.399000,0.068000,1
3.905752,-21.580999,-18.105000,7.805000,24.518000,17.334999,60.301998,175.565002,-5.520000,3.360000,10.680000,-11.160000,-6.000000,6.600000,4.670000,147.000000,-1209.000000,-199.000000,-2953.000000,-618.000000,135.000000,495.000000,22.000000,22.000000,22.000000,22.000000,21.000000,22.000000,21.000000,31.000000,31.000000,32.000000,32.000000,33.000000,33.000000,34.000000,1,1,1,1,1,1,1,0,0,0,0,0,0,0,74,5376.199219,757,0,1,0.789507,0.041220,-0.324397,-3.116000,-0.399000,0.067000,1
3.915696,-21.612000,-18.079000,7.921000,24.412001,17.261999,60.356998,175.617004,-1.560000,2.160000,7.560000,-5.030000,-5.160000,2.880000,3.240000,76.000000,-1321.000000,-262.000000,-2870.000000,-819.000000,-172.000000,453.000000,22.000000,22.000000,22.000000,22.000000,21.000000,22.000000,21.000000,31.000000,31.000000,32.000000,32.000000,33.000000,33.000000,34.000000,1,1,1,1,1,1,1,0,0,0,0,0,0,0,74,5376.198242,757,0,1,0.789623,0.041655,-0.324256,-3.115000,-0.399000,0.067000,1
3.925704,-21.618000,-18.072001,7.958000,24.389000,17.226999,60.367001,175.625000,0.000000,0.720000,4.920000,-2.880000,-5.640000,1.200000,2.160000,195.000000,-1223.000000,38.000000,-3103.000000,-801.000000,-104.000000,484.000000,22.000000,22.000000,22.000000,22.000000,21.000000,22.000000,21.000000,31.000000,31.000000,32.000000,32.000000,33.000000,33.000000,34.000000,1,1,1,1,1,1,1,0,0,0,0,0,0,0,74,5376.198242,757,0,1,0.789650,0.041731,-0.324237,-3.115000,-0.399000,0.067000,1
3.935867,-21.606001,-18.070999,8.004000,24.374001,17.173000,60.372002,175.643005,2.160000,-0.120000,2.040000,0.240000,-4.800000,-0.240000,0.240000,654.000000,-1400.000000,-163.000000,-2609.000000,-1011.000000,-155.000000,474.000000,22.000000,22.000000,22.000000,22.000000,21.000000,22.000000,22.000000,31.000000,31.000000,32.000000,32.000000,33.000000,33.000000,34.000000,1,1,1,1,1,1,1,0,0,0,0,0,0,0,74,5376.199219,756,0,1,0.789669,0.041875,-0.324198,-3.115000,-0.399000,0.068000,1
3.945698,-21.566000,-18.068001,8.017000,24.372999,17.103001,60.374001,175.645004,4.440000,-0.240000,0.360000,0.840000,-4.670000,-0.600000,0.000000,649.000000,-1940.000000,-139.000000,-1334.000000,-952.000000,-441.000000,363.000000,22.000000,22.000000,22.000000,22.000000,22.000000,22.000000,22.000000,31.000000,31.000000,32.000000,32.000000,33.000000,33.000000,34.000000,1,1,1,1,1,1,1,0,0,0,0,0,0,0,74,5376.202148,757,0,1,0.789650,0.041756,-0.324203,-3.115000,-0.399000,0.068000,1
3.955814,-21.520000,-18.069000,8.013000,24.393000,17.024000,60.363998,175.645996,5.520000,-0.480000,-0.240000,3.120000,-5.760000,-1.320000,0.000000,582.000000,-2362.000000,-276.000000,-767.000000,-618.000000,-567.000000,231.000000,22.000000,22.000000,22.000000,22.000000,22.000000,22.000000,22.000000,31.000000,31.000000,32.000000,32.000000,33.000000,33.000000,34.000000,1,1,1,1,1,1,1,0,0,0,0,0,0,0,74,5376.204102,757,0,1,0.789591,0.041463,-0.324258,-3.116000,-0.399000,0.068000,1
3.966873,-21.459000,-18.073000,8.002000,24.436001,16.943001,60.349998,175.645996,5.640000,-0.840000,-1.440000,4.320000,-3.240000,-1.560000,-0.360000,294.000000,-2678.000000,-707.000000,-709.000000,207.000000,-593.000000,87.000000,22.000000,22.000000,22.000000,22.000000,22.000000,22.000000,22.000000,31.000000,31.000000,32.000000,32.000000,33.000000,33.000000,34.000000,1,1,1,1,1,1,1,0,0,0,0,0,0,0,74,5376.204102,756,0,1,0.789431,0.041163,-0.324381,-3.117000,-0.398000,0.068000,0
3.976773,-21.426001,-18.083000,7.973000,24.489000,16.938000,60.345001,175.647003,2.760000,-1.200000,-2.400000,4.800000,-0.960000,-1.320000,-0.600000,490.000000,-2842.000000,-268.000000,-888.000000,-246.000000,-688.000000,-95.000000,22.000000,22.000000,22.000000,22.000000,22.000000,22.000000,22.000000,31.000000,31.000000,32.000000,32.000000,33.000000,33.000000,34.000000,1,1,1,1,1,1,1,0,0,0,0,0,0,0,74,5376.204102,756,0,1,0.789181,0.041030,-0.324529,-3.117000,-0.398000,0.068000,0
3.986730,-21.408001,-18.093000,7.958000,24.528999,16.936001,60.331001,175.649002,2.640000,-1.440000,-2.160000,5.520000,-0.240000,-1.440000,-1.080000,427.000000,-2937.000000,-409.000000,-935.000000,-217.000000,-771.000000,-162.000000,22.000000,22.000000,22.000000,22.000000,22.000000,22.000000,22.000000,31.000000,31.000000,32.000000,32.000000,33.000000,33.000000,34.000000,1,1,1,1,1,1,1,0,0,0,0,0,0,0,74,5376.204102,756,0,1,0.789065,0.040971,-0.324607,-3.116000,-0.398000,0.068000,0
3.996747,-21.378000,-18.105000,7.934000,24.584000,16.936001,60.320000,175.645996,2.510000,-1.920000,-2.160000,4.800000,0.000000,-1.440000,-1.320000,553.000000,-2904.000000,-482.000000,-682.000000,-211.000000,-831.000000,-201.000000,22.000000,22.000000,22.000000,22.000000,22.000000,22.000000,22.000000,31.000000,31.000000,32.000000,32.000000,33.000000,33.000000,34.000000,1,1,1,1,1,1,1,0,0,0,0,0,0,0,74,5376.203125,756,0,1,0.788851,0.040906,-0.324731,-3.116000,-0.397000,0.067000,0
4.006778,-21.347000,-18.128000,7.910000,24.649000,16.938999,60.300999,175.645004,2.160000,-1.800000,-1.800000,5.030000,0.000000,-1.800000,-1.440000,642.000000,-2974.000000,-671.000000,-876.000000,-151.000000,-845.000000,-267.000000,22.000000,22.000000,22.000000,22.000000,22.000000,22.000000,22.000000,31.000000,31.000000,32.000000,32.000000,33.000000,33.000000,34.000000,1,1,1,1,1,1,1,0,0,0,0,0,0,0,74,5376.200195,756,0,1,0.788681,0.040871,-0.324793,-3.116000,-0.397000,0.067000,0
4.016704,-21.320999,-18.150000,7.889000,24.702000,16.938000,60.279999,175.643005,2.160000,-1.800000,-1.800000,5.030000,0.000000,-1.800000,-1.800000,693.000000,-3130.000000,-824.000000,-935.000000,-105.000000,-871.000000,-240.000000,22.000000,22.000000,22.000000,22.000000,22.000000,22.000000,22.000000,31.000000,31.000000,32.000000,32.000000,33.000000,33.000000,34.000000,1,1,1,1,1,1,1,0,0,0,0,0,0,0,74,5376.200195,756,0,1,0.788585,0.040833,-0.324812,-3.116000,-0.397000,0.067000,0
4.026724,-21.297001,-18.174000,7.863000,24.760000,16.938000,60.262001,175.634995,2.280000,-1.920000,-2.400000,4.800000,0.000000,-1.800000,-2.040000,684.000000,-3129.000000,-684.000000,-967.000000,-50.000000,-910.000000,-308.000000,22.000000,22.000000,22.000000,22.000000,22.000000,22.000000,22.000000,31.000000,31.000000,32.000000,32.000000,33.000000,33.000000,34.000000,1,1,1,1,1,1,1,0,0,0,0,0,0,0,74,5376.200195,756,0,1,0.788455,0.040742,-0.324844,-3.116000,-0.396000,0.067000,0
4.036843,-21.281000,-18.186001,7.842000,24.778000,16.934999,60.250999,175.626999,2.400000,-1.920000,-2.280000,4.320000,0.000000,-1.800000,-1.920000,667.000000,-3168.000000,-559.000000,-786.000000,-20.000000,-940.000000,-283.000000,22.000000,22.000000,22.000000,22.000000,22.000000,22.000000,22.000000,31.000000,31.000000,32.000000,32.000000,33.000000,33.000000,34.000000,1,1,1,1,1,1,1,0,0,0,0,0,0,0,74,5376.203125,755,0,1,0.788488,0.040649,-0.324789,-3.116000,-0.396000,0.067000,0
4.046788,-21.254000,-18.202999,7.814000,24.834000,16.931000,60.227001,175.608994,2.760000,-1.680000,-2.400000,4.560000,0.000000,-2.280000,-1.920000,514.000000,-3314.000000,-500.000000,-801.000000,46.000000,-928.000000,-335.000000,22.000000,22.000000,22.000000,22.000000,22.000000,22.000000,22.000000,31.000000,31.000000,32.000000,32.000000,33.000000,33.000000,34.000000,1,1,1,1,1,1,1,0,0,0,0,0,0,0,74,5376.204102,755,0,1,0.788382,0.040493,-0.324860,-3.117000,-0.396000,0.067000,0
4.056719,-21.228001,-18.223000,7.783000,24.881001,16.929001,60.207001,175.593002,2.280000,-1.800000,-2.400000,4.560000,0.000000,-2.400000,-1.920000,511.000000,-3325.000000,-410.000000,-636.000000,87.000000,-892.000000,-332.000000,22.000000,22.000000,22.000000,22.000000,22.000000,22.000000,22.000000,31.000000,31.000000,32.000000,32.000000,33.000000,33.000000,34.000000,1,1,1,1,1,1,1,0,0,0,0,0,0,0,74,5376.204102,757,0,1,0.788326,0.040367,-0.324854,-3.117000,-0.396000,0.067000,0
4.066758,-21.198999,-18.250999,7.763000,24.929001,16.929001,60.174000,175.572006,2.280000,-2.160000,-2.160000,4.670000,0.000000,-2.640000,-2.160000,496.000000,-3210.000000,-459.000000,-790.000000,145.000000,-832.000000,-346.000000,22.000000,22.000000,22.000000,22.000000,22.000000,22.000000,22.000000,31.000000,31.000000,32.000000,32.000000,33.000000,33.000000,34.000000,1,1,1,1,1,1,1,0,0,0,0,0,0,0,74,5376.203125,756,0,1,0.788377,0.040362,-0.324773,-3.117000,-0.396000,0.067000,0
4.076746,-21.177000,-18.274000,7.746000,24.981001,16.931000,60.144001,175.548996,1.920000,-2.280000,-1.680000,4.670000,0.000000,-2.880000,-1.920000,557.000000,-3127.000000,-640.000000,-828.000000,200.000000,-743.000000,-346.000000,22.000000,22.000000,22.000000,22.000000,22.000000,22.000000,22.000000,31.000000,31.000000,32.000000,32.000000,33.000000,33.000000,34.000000,1,1,1,1,1,1,1,0,0,0,0,0,0,0,74,5376.204102,757,0,1,0.788358,0.040335,-0.324761,-3.117000,-0.397000,0.068000,0
4.086729,-21.157000,-18.295000,7.726000,25.028000,16.931999,60.118000,175.526993,1.800000,-2.160000,-1.560000,4.320000,0.000000,-2.760000,-2.160000,688.000000,-3126.000000,-723.000000,-735.000000,252.000000,-746.000000,-361.000000,22.000000,22.000000,22.000000,22.000000,22.000000,22.000000,22.000000,31.000000,31.000000,32.000000,32.000000,33.000000,33.000000,34.000000,1,1,1,1,1,1,1,0,0,0,0,0,0,0,74,5376.203125,756,0,1,0.788340,0.040268,-0.324751,-3.117000,-0.397000,0.068000,0
4.096779,-21.139999,-18.315001,7.709000,25.070000,16.931999,60.080002,175.498001,1.680000,-1.920000,-1.680000,4.080000,0.000000,-2.760000,-2.280000,694.000000,-3159.000000,-710.000000,-702.000000,310.000000,-694.000000,-366.000000,22.000000,22.000000,22.000000,22.000000,22.000000,22.000000,22.000000,31.000000,31.000000,32.000000,32.000000,33.000000,33.000000,34.000000,1,1,1,1,1,1,1,0,0,0,0,0,0,0,74,5376.202148,758,0,1,0.788427,0.040202,-0.324704,-3.117000,-0.397000,0.068000,0
4.106773,-21.124001,-18.336000,7.694000,25.113001,16.931000,60.055000,175.481003,1.920000,-1.800000,-1.680000,4.320000,0.120000,-2.400000,-1.920000,721.000000,-3226.000000,-785.000000,-878.000000,347.000000,-741.000000,-392.000000,22.000000,22.000000,22.000000,22.000000,22.000000,22.000000,22.000000,31.000000,31.000000,32.000000,32.000000,33.000000,33.000000,34.000000,1,1,1,1,1,1,1,0,0,0,0,0,0,0,74,5376.202148,756,0,1,0.788422,0.040151,-0.324680,-3.118000,-0.397000,0.068000,0
4.116679,-21.094999,-18.360001,7.671000,25.153999,16.931999,60.032001,175.457993,2.280000,-1.680000,-1.560000,4.320000,0.120000,-2.160000,-2.160000,642.000000,-3257.000000,-808.000000,-741.000000,379.000000,-796.000000,-407.000000,22.000000,22.000000,22.000000,22.000000,22.000000,22.000000,22.000000,31.000000,31.000000,32.000000,32.000000,33.000000,33.000000,34.000000,1,1,1,1,1,1,1,0,0,0,0,0,0,0,74,5376.202148,756,0,1,0.788445,0.040128,-0.324603,-3.118000,-0.397000,0.069000,0
4.126707,-21.070999,-18.384001,7.649000,25.209999,16.934000,60.007999,175.440994,2.160000,-1.560000,-1.560000,3.600000,0.240000,-1.800000,-1.800000,539.000000,-3270.000000,-806.000000,-762.000000,390.000000,-831.000000,-433.000000,22.000000,22.000000,22.000000,22.000000,22.000000,22.000000,22.000000,31.000000,31.000000,32.000000,32.000000,33.000000,33.000000,34.000000,1,1,1,1,1,1,1,0,0,0,0,0,0,0,74,5376.202148,756,0,1,0.788358,0.040065,-0.324619,-3.118000,-0.397000,0.069000,0
4.136808,-21.048000,-18.399000,7.632000,25.240999,16.938000,59.987999,175.417007,1.920000,-1.680000,-1.680000,3.720000,0.360000,-1.680000,-2.040000,531.000000,-3295.000000,-750.000000,-722.000000,416.000000,-883.000000,-430.000000,22.000000,22.000000,22.000000,22.000000,22.000000,22.000000,22.000000,31.000000,31.000000,32.000000,32.000000,33.000000,33.000000,34.000000,1,1,1,1,1,1,1,0,0,0,0,0,0,0,74,5376.202148,756,0,1,0.788383,0.040068,-0.324582,-3.118000,-0.397000,0.069000,0
4.146697,-21.027000,-18.422001,7.614000,25.278000,16.938000,59.970001,175.399002,1.920000,-1.680000,-1.800000,3.360000,0.360000,-1.440000,-1.800000,462.000000,-3255.000000,-795.000000,-623.000000,430.000000,-941.000000,-452.000000,22.000000,22.000000,22.000000,22.000000,22.000000,22.000000,22.000000,31.000000,31.000000,32.000000,32.000000,33.000000,33.000000,34.000000,1,1,1,1,1,1,1,0,0,0,0,0,0,0,74,5376.202148,757,0,1,0.788386,0.040043,-0.324513,-3.118000,-0.397000,0.069000,0
4.156748,-21.007999,-18.441000,7.598000,25.316000,16.945999,59.955002,175.380005,1.680000,-1.680000,-1.440000,3.480000,0.480000,-1.440000,-2.040000,574.000000,-3233.000000,-785.000000,-618.000000,433.000000,-967.000000,-439.000000,22.000000,22.000000,22.000000,22.000000,22.000000,22.000000,22.000000,31.000000,31.000000,32.000000,32.000000,33.000000,33.000000,34.000000,1,1,1,1,1,1,1,0,0,0,0,0,0,0,74,5376.202148,756,0,1,0.788339,0.040054,-0.324494,-3.118000,-0.397000,0.069000,0
4.166761,-20.992001,-18.461000,7.582000,25.358999,16.952999,59.939999,175.354996,1.560000,-1.800000,-1.440000,3.600000,0.360000,-1.440000,-1.560000,628.000000,-3218.000000,-826.000000,-724.000000,471.000000,-975.000000,-423.000000,22.000000,22.000000,22.000000,22.000000,22.000000,22.000000,22.000000,31.000000,31.000000,32.000000,32.000000,33.000000,33.000000,34.000000,1,1,1,1,1,1,1,0,0,0,0,0,0,0,74,5376.202148,756,0,1,0.788266,0.040031,-0.324496,-3.118000,-0.397000,0.070000,0
4.176721,-20.969999,-18.483999,7.558000,25.410999,16.957001,59.926998,175.335999,1.440000,-1.800000,-1.800000,3.600000,0.600000,-1.440000,-1.800000,620.000000,-3126.000000,-690.000000,-823.000000,458.000000,-976.000000,-433.000000,22.000000,22.000000,22.000000,22.000000,22.000000,22.000000,22.000000,31.000000,31.000000,32.000000,32.000000,33.000000,33.000000,34.000000,1,1,1,1,1,1,1,0,0,0,0,0,0,0,74,5376.202148,756,0,1,0.788136,0.039969,-0.324510,-3.118000,-0.397000,0.070000,0
4.186734,-20.957001,-18.500999,7.542000,25.441999,16.954000,59.909000,175.313995,1.440000,-1.440000,-1.800000,3.600000,0.600000,-1.560000,-2.040000,700.000000,-3190.000000,-647.000000,-834.000000,466.000000,-1041.000000,-443.000000,22.000000,22.000000,22.000000,22.000000,22.000000,22.000000,22.000000,31.000000,31.000000,32.000000,32.000000,33.000000,33.000000,34.000000,1,1,1,1,1,1,1,0,0,0,0,0,0,0,74,5376.200195,757,0,1,0.788141,0.039872,-0.324481,-3.118000,-0.397000,0.070000,0
4.196741,-20.941999,-18.518000,7.522000,25.476999,16.955999,59.893002,175.292007,1.440000,-1.200000,-1.560000,2.880000,0.600000,-1.680000,-1.800000,660.000000,-3306.000000,-586.000000,-738.000000,481.000000,-1016.000000,-410.000000,22.000000,22.000000,22.000000,22.000000,22.000000,22.000000,22.000000,31.000000,31.000000,32.000000,32.000000,33.000000,33.000000,34.000000,1,1,1,1,1,1,1,0,0,0,0,0,0,0,74,5376.202148,757,0,1,0.788127,0.039794,-0.324452,-3.118000,-0.397000,0.070000,0
4.206684,-20.923000,-18.528999,7.503000,25.507000,16.954000,59.867001,175.270004,1.800000,-1.080000,-1.440000,3.000000,0.600000,-1.800000,-1.800000,639.000000,-3337.000000,-584.000000,-720.000000,446.000000,-962.000000,-421.000000,22.000000,22.000000,22.000000,22.000000,22.000000,22.000000,22.000000,31.000000,31.000000,32.000000,32.000000,33.000000,33.000000,34.000000,1,1,1,1,1,1,1,0,0,0,0,0,0,0,74,5376.202148,755,0,1,0.788169,0.039705,-0.324444,-3.119000,-0.397000,0.071000,0
4.216659,-20.905001,-18.544001,7.485000,25.537001,16.954000,59.846001,175.251007,1.560000,-1.200000,-1.320000,3.120000,0.720000,-1.920000,-1.560000,518.000000,-3400.000000,-599.000000,-741.000000,475.000000,-874.000000,-405.000000,22.000000,22.000000,22.000000,22.000000,22.000000,22.000000,22.000000,31.000000,31.000000,32.000000,32.000000,33.000000,33.000000,34.000000,1,1,1,1,1,1,1,0,0,0,0,0,0,0,74,5376.203125,756,0,1,0.788195,0.039644,-0.324410,-3.119000,-0.397000,0.071000,0
4.226665,-20.891001,-18.556999,7.474000,25.559000,16.954000,59.834999,175.240997,1.800000,-1.080000,-1.320000,3.000000,0.600000,-1.920000,-1.680000,516.000000,-3373.000000,-636.000000,-745.000000,473.000000,-873.000000,-396.000000,22.000000,22.000000,22.000000,22.000000,22.000000,22.000000,22.000000,31.000000,31.000000,32.000000,32.000000,33.000000,33.000000,34.000000,1,1,1,1,1,1,1,0,0,0,0,0,0,0,74,5376.203125,757,0,1,0.788192,0.039629,-0.324380,-3.119000,-0.397000,0.071000,0
4.236799,-20.874001,-18.568001,7.461000,25.594000,16.957001,59.813000,175.220001,1.680000,-1.080000,-1.320000,3.240000,0.600000,-1.800000,-1.680000,446.000000,-3428.000000,-631.000000,-886.000000,504.000000,-903.000000,-412.000000,22.000000,22.000000,22.000000,22.000000,22.000000,22.000000,22.000000,31.000000,31.000000,32.000000,32.000000,33.000000,33.000000,34.000000,1,1,1,1,1,1,1,0,0,0,0,0,0,0,74,5376.203125,757,0,1,0.788175,0.039597,-0.324404,-3.119000,-0.397000,0.071000,0
4.246705,-20.853001,-18.583000,7.448000,25.625000,16.959999,59.798000,175.207001,1.440000,-1.080000,-0.840000,2.760000,0.720000,-1.560000,-1.680000,386.000000,-3482.000000,-660.000000,-789.000000,496.000000,-945.000000,-399.000000,22.000000,22.000000,22.000000,22.000000,22.000000,22.000000,22.000000,31.000000,31.000000,32.000000,32.000000,33.000000,33.000000,34.000000,1,1,1,1,1,1,1,0,0,0,0,0,0,0,74,5376.203125,755,0,1,0.788149,0.039618,-0.324386,-3.119000,-0.398000,0.071000,0
4.256726,-20.837999,-18.594000,7.436000,25.653999,16.972000,59.775002,175.181000,1.200000,-1.200000,-0.960000,2.760000,0.840000,-1.560000,-1.680000,500.000000,-3474.000000,-748.000000,-756.000000,467.000000,-930.000000,-416.000000,22.000000,22.000000,22.000000,22.000000,22.000000,22.000000,22.000000,31.000000,31.000000,32.000000,32.000000,33.000000,33.000000,34.000000,1,1,1,1,1,1,1,0,0,0,0,0,0,0,74,5376.203125,757,0,1,0.788177,0.039645,-0.324380,-3.119000,-0.398000,0.071000,0
