t_mono,position1,position2,position3,position4,position5,position6,position7,speed1,speed2,speed3,speed4,speed5,speed6,speed7,current1,current2,current3,current4,current5,current6,current7,voltage1,voltage2,voltage3,voltage4,voltage5,voltage6,voltage7,temperature1,temperature2,temperature3,temperature4,temperature5,temperature6,temperature7,en1,en2,en3,en4,en5,en6,en7,err1,err2,err3,err4,err5,err6,err7,lift_height,lift_pos,lift_current,lift_err,lift_en,tcp_x,tcp_y,tcp_z,tcp_rx,tcp_ry,tcp_rz,arm_status
0.292970,14.114000,-67.230003,-18.594999,123.571999,20.132999,10.488000,137.753998,0.000000,0.000000,0.000000,0.000000,0.000000,0.000000,0.120000,206.000000,-668.000000,331.000000,-2007.000000,-5.000000,-162.000000,-97.000000,22.000000,22.000000,22.000000,22.000000,22.000000,22.000000,22.000000,32.000000,33.000000,34.000000,34.000000,34.000000,35.000000,36.000000,1,1,1,1,1,1,1,0,0,0,0,0,0,0,74,5376.108887,491,0,1,0.545000,-0.060000,-0.323627,-3.117000,-0.399000,0.076000,0
0.302958,14.114000,-67.230003,-18.594999,123.571999,20.132999,10.488000,137.753998,0.000000,0.000000,0.000000,0.000000,0.000000,0.000000,0.000000,207.000000,-671.000000,347.000000,-2011.000000,-1.000000,-163.000000,-104.000000,22.000000,22.000000,22.000000,22.000000,22.000000,22.000000,22.000000,32.000000,33.000000,34.000000,34.000000,34.000000,35.000000,36.000000,1,1,1,1,1,1,1,0,0,0,0,0,0,0,74,5376.108887,492,0,1,0.545000,-0.060000,-0.323627,-3.117000,-0.399000,0.076000,0
0.312988,14.114000,-67.230003,-18.594999,123.571999,20.132999,10.488000,137.753998,0.000000,0.000000,0.000000,0.000000,0.000000,0.000000,0.000000,212.000000,-664.000000,344.000000,-2015.000000,-2.000000,-159.000000,-108.000000,22.000000,22.000000,22.000000,22.000000,22.000000,22.000000,22.000000,32.000000,33.000000,34.000000,34.000000,34.000000,35.000000,36.000000,1,1,1,1,1,1,1,0,0,0,0,0,0,0,74,5376.108887,491,0,1,0.545000,-0.060000,-0.323627,-3.117000,-0.399000,0.076000,0
0.323019,14.114000,-67.230003,-18.594999,123.571999,20.132999,10.488000,137.753998,0.000000,0.000000,0.000000,0.000000,0.000000,0.000000,0.000000,218.000000,-668.000000,355.000000,-2017.000000,-8.000000,-160.000000,-96.000000,22.000000,22.000000,22.000000,22.000000,22.000000,22.000000,22.000000,32.000000,33.000000,34.000000,34.000000,34.000000,35.000000,36.000000,1,1,1,1,1,1,1,0,0,0,0,0,0,0,74,5376.108887,491,0,1,0.545000,-0.060000,-0.323627,-3.117000,-0.399000,0.076000,0
0.333031,14.114000,-67.230003,-18.594999,123.571999,20.132999,10.488000,137.753998,0.000000,0.000000,0.000000,0.000000,0.000000,0.000000,0.000000,211.000000,-667.000000,345.000000,-2029.000000,-6.000000,-164.000000,-100.000000,22.000000,22.000000,22.000000,22.000000,22.000000,22.000000,22.000000,32.000000,33.000000,34.000000,34.000000,34.000000,35.000000,36.000000,1,1,1,1,1,1,1,0,0,0,0,0,0,0,74,5376.108887,490,0,1,0.545000,-0.060000,-0.323627,-3.117000,-0.399000,0.076000,0
0.343044,14.114000,-67.230003,-18.594999,123.571999,20.132999,10.488000,137.753998,0.000000,0.000000,0.000000,0.000000,0.000000,0.000000,-0.120000,200.000000,-666.000000,343.000000,-2028.000000,-5.000000,-159.000000,-95.000000,22.000000,22.000000,22.000000,22.000000,22.000000,22.000000,22.000000,32.000000,33.000000,34.000000,34.000000,34.000000,35.000000,36.000000,1,1,1,1,1,1,1,0,0,0,0,0,0,0,74,5376.109863,491,0,1,0.545000,-0.060000,-0.323627,-3.117000,-0.399000,0.076000,0
0.353083,14.114000,-67.230003,-18.594999,123.571999,20.132999,10.488000,137.753998,0.000000,0.000000,0.000000,0.000000,0.000000,0.000000,0.000000,206.000000,-679.000000,345.000000,-2023.000000,-4.000000,-163.000000,-100.000000,22.000000,22.000000,22.000000,22.000000,22.000000,22.000000,22.000000,32.000000,33.000000,34.000000,34.000000,34.000000,35.000000,36.000000,1,1,1,1,1,1,1,0,0,0,0,0,0,0,74,5376.108887,489,0,1,0.545000,-0.060000,-0.323627,-3.117000,-0.399000,0.076000,0
0.363042,14.096000,-67.197998,-18.591000,123.525002,20.200001,10.515000,137.705994,0.000000,0.000000,0.000000,0.000000,0.000000,0.000000,0.000000,203.000000,-663.000000,331.000000,-2008.000000,-4.000000,-157.000000,-101.000000,22.000000,22.000000,22.000000,22.000000,22.000000,22.000000,22.000000,32.000000,33.000000,34.000000,34.000000,34.000000,35.000000,36.000000,1,1,1,1,1,1,1,0,0,0,0,0,0,0,74,5376.108887,491,0,1,0.545177,-0.060000,-0.323627,-3.117000,-0.399000,0.076000,1
0.373030,14.092000,-67.188004,-18.589001,123.509003,20.209000,10.523000,137.703003,0.000000,0.000000,0.000000,0.000000,0.000000,0.000000,0.000000,203.000000,-663.000000,331.000000,-2008.000000,-4.000000,-157.000000,-101.000000,22.000000,22.000000,22.000000,22.000000,22.000000,22.000000,22.000000,32.000000,33.000000,34.000000,34.000000,34.000000,35.000000,36.000000,1,1,1,1,1,1,1,0,0,0,0,0,0,0,74,5376.106934,491,0,1,0.545238,-0.060000,-0.323627,-3.117000,-0.399000,0.076000,1
0.382978,14.075000,-67.144997,-18.580000,123.439003,20.238001,10.559000,137.699005,0.000000,0.000000,0.000000,0.000000,0.000000,0.000000,0.000000,203.000000,-663.000000,331.000000,-2008.000000,-4.000000,-157.000000,-101.000000,22.000000,22.000000,22.000000,22.000000,22.000000,22.000000,22.000000,32.000000,33.000000,34.000000,34.000000,34.000000,35.000000,36.000000,1,1,1,1,1,1,1,0,0,0,0,0,0,0,74,5376.108887,490,0,1,0.545499,-0.060000,-0.323627,-3.117000,-0.400000,0.077000,1
0.392951,14.056000,-67.092003,-18.568001,123.352997,20.266001,10.603000,137.701004,0.000000,0.000000,0.000000,0.000000,0.000000,0.000000,0.000000,203.000000,-663.000000,331.000000,-2008.000000,-4.000000,-157.000000,-101.000000,22.000000,22.000000,22.000000,22.000000,22.000000,22.000000,22.000000,32.000000,33.000000,34.000000,34.000000,34.000000,35.000000,36.000000,1,1,1,1,1,1,1,0,0,0,0,0,0,0,74,5376.106934,491,0,1,0.545825,-0.060000,-0.323627,-3.116000,-0.399000,0.076000,1
0.402915,14.026000,-67.002998,-18.548000,123.209000,20.304001,10.676000,137.712997,0.000000,0.000000,0.000000,0.000000,0.000000,0.000000,0.000000,203.000000,-663.000000,331.000000,-2008.000000,-4.000000,-157.000000,-101.000000,22.000000,22.000000,22.000000,22.000000,22.000000,22.000000,22.000000,32.000000,33.000000,34.000000,34.000000,34.000000,35.000000,36.000000,1,1,1,1,1,1,1,0,0,0,0,0,0,0,74,5376.105957,492,0,1,0.546368,-0.060000,-0.323627,-3.117000,-0.399000,0.076000,1
0.412921,13.994000,-66.906998,-18.525999,123.051003,20.341000,10.755000,137.731995,0.000000,0.000000,0.000000,0.000000,0.000000,0.000000,0.000000,203.000000,-663.000000,331.000000,-2008.000000,-4.000000,-157.000000,-101.000000,22.000000,22.000000,22.000000,22.000000,22.000000,22.000000,22.000000,32.000000,33.000000,34.000000,34.000000,34.000000,35.000000,36.000000,1,1,1,1,1,1,1,0,0,0,0,0,0,0,74,5376.108887,490,0,1,0.546963,-0.060000,-0.323627,-3.116000,-0.399000,0.076000,1
0.422971,13.945000,-66.760002,-18.493000,122.810997,20.389999,10.876000,137.764999,0.000000,0.000000,0.000000,0.000000,0.000000,0.000000,0.000000,203.000000,-663.000000,331.000000,-2008.000000,-4.000000,-157.000000,-101.000000,22.000000,22.000000,22.000000,22.000000,22.000000,22.000000,22.000000,32.000000,33.000000,34.000000,34.000000,34.000000,35.000000,36.000000,1,1,1,1,1,1,1,0,0,0,0,0,0,0,74,5376.106934,492,0,1,0.547864,-0.060000,-0.323627,-3.117000,-0.400000,0.076000,1
0.432999,13.945000,-66.760002,-18.493000,122.810997,20.389999,10.876000,137.764999,0.000000,0.000000,0.000000,0.000000,0.000000,0.000000,0.000000,203.000000,-663.000000,331.000000,-2008.000000,-4.000000,-157.000000,-101.000000,22.000000,22.000000,22.000000,22.000000,22.000000,22.000000,22.000000,32.000000,33.000000,34.000000,34.000000,34.000000,35.000000,36.000000,1,1,1,1,1,1,1,0,0,0,0,0,0,0,74,5376.106934,490,0,1,0.547864,-0.060000,-0.323627,-3.117000,-0.400000,0.076000,1
0.442995,13.886000,-66.579002,-18.452000,122.513000,20.447001,11.026000,137.811005,0.000000,0.000000,0.000000,0.000000,0.000000,0.000000,0.000000,203.000000,-663.000000,331.000000,-2008.000000,-4.000000,-157.000000,-101.000000,22.000000,22.000000,22.000000,22.000000,22.000000,22.000000,22.000000,32.000000,33.000000,34.000000,34.000000,34.000000,35.000000,36.000000,1,1,1,1,1,1,1,0,0,0,0,0,0,0,74,5376.108887,490,0,1,0.548982,-0.060000,-0.323627,-3.116000,-0.399000,0.076000,1
0.452940,13.828000,-66.401001,-18.412001,122.218002,20.499001,11.174000,137.858994,0.000000,0.000000,0.000000,0.000000,0.000000,0.000000,0.000000,203.000000,-663.000000,331.000000,-2008.000000,-4.000000,-157.000000,-101.000000,22.000000,22.000000,22.000000,22.000000,22.000000,22.000000,22.000000,32.000000,33.000000,34.000000,34.000000,34.000000,35.000000,36.000000,1,1,1,1,1,1,1,0,0,0,0,0,0,0,74,5376.108887,492,0,1,0.550087,-0.060000,-0.323627,-3.117000,-0.399000,0.076000,1
0.462935,13.747000,-66.153000,-18.358000,121.806999,20.566999,11.381000,137.929001,0.000000,0.000000,0.000000,0.000000,0.000000,0.000000,0.000000,203.000000,-663.000000,331.000000,-2008.000000,-4.000000,-157.000000,-101.000000,22.000000,22.000000,22.000000,22.000000,22.000000,22.000000,22.000000,32.000000,33.000000,34.000000,34.000000,34.000000,35.000000,36.000000,1,1,1,1,1,1,1,0,0,0,0,0,0,0,74,5376.109863,492,0,1,0.551623,-0.060000,-0.323627,-3.117000,-0.400000,0.076000,1
0.472955,13.671000,-65.917999,-18.306999,121.417000,20.629000,11.579000,137.998993,0.000000,0.000000,0.000000,0.000000,0.000000,0.000000,0.000000,203.000000,-663.000000,331.000000,-2008.000000,-4.000000,-157.000000,-101.000000,22.000000,22.000000,22.000000,22.000000,22.000000,22.000000,22.000000,32.000000,33.000000,34.000000,34.000000,34.000000,35.000000,36.000000,1,1,1,1,1,1,1,0,0,0,0,0,0,0,74,5376.108887,491,0,1,0.553078,-0.060000,-0.323627,-3.117000,-0.400000,0.076000,1
0.482914,13.587000,-65.657997,-18.252001,120.984001,20.694000,11.798000,138.076996,0.000000,0.000000,0.000000,0.000000,0.000000,0.000000,0.000000,203.000000,-663.000000,331.000000,-2008.000000,-4.000000,-157.000000,-101.000000,22.000000,22.000000,22.000000,22.000000,22.000000,22.000000,22.000000,32.000000,33.000000,34.000000,34.000000,34.000000,35.000000,36.000000,1,1,1,1,1,1,1,0,0,0,0,0,0,0,74,5376.108887,490,0,1,0.554688,-0.060000,-0.323627,-3.117000,-0.400000,0.077000,1
0.492935,13.495000,-65.374001,-18.193001,120.509003,20.763000,12.038000,138.164993,0.000000,0.000000,0.000000,0.000000,0.000000,0.000000,0.000000,203.000000,-663.000000,331.000000,-2008.000000,-4.000000,-157.000000,-101.000000,22.000000,22.000000,22.000000,22.000000,22.000000,22.000000,22.000000,32.000000,33.000000,34.000000,34.000000,34.000000,35.000000,36.000000,1,1,1,1,1,1,1,0,0,0,0,0,0,0,74,5376.106934,492,0,1,0.556448,-0.060000,-0.323627,-3.117000,-0.399000,0.076000,1
0.502949,13.375000,-65.003998,-18.118999,119.887001,20.850000,12.355000,138.281998,0.000000,0.000000,0.000000,0.000000,0.000000,0.000000,0.000000,203.000000,-663.000000,331.000000,-2008.000000,-4.000000,-157.000000,-101.000000,22.000000,22.000000,22.000000,22.000000,22.000000,22.000000,22.000000,32.000000,33.000000,34.000000,34.000000,34.000000,35.000000,36.000000,1,1,1,1,1,1,1,0,0,0,0,0,0,0,74,5376.108887,489,0,1,0.558745,-0.060000,-0.323627,-3.117000,-0.399000,0.076000,1
0.512933,13.333000,-64.874001,-18.094000,119.667000,20.879999,12.466000,138.322998,0.000000,0.000000,0.000000,0.000000,0.000000,0.000000,0.000000,203.000000,-663.000000,331.000000,-2008.000000,-4.000000,-157.000000,-101.000000,22.000000,22.000000,22.000000,22.000000,22.000000,22.000000,22.000000,32.000000,33.000000,34.000000,34.000000,34.000000,35.000000,36.000000,1,1,1,1,1,1,1,0,0,0,0,0,0,0,74,5376.108887,492,0,1,0.559552,-0.060000,-0.323627,-3.116000,-0.399000,0.076000,1
0.522911,13.224000,-64.535004,-18.028999,119.094002,20.955999,12.758000,138.432999,0.000000,0.000000,0.000000,0.000000,0.000000,0.000000,0.000000,203.000000,-663.000000,331.000000,-2008.000000,-4.000000,-157.000000,-101.000000,22.000000,22.000000,22.000000,22.000000,22.000000,22.000000,22.000000,32.000000,33.000000,34.000000,34.000000,34.000000,35.000000,36.000000,1,1,1,1,1,1,1,0,0,0,0,0,0,0,74,5376.109863,489,0,1,0.561656,-0.060000,-0.323627,-3.117000,-0.400000,0.076000,1
0.532931,13.085000,-64.106003,-17.950001,118.364998,21.049000,13.131000,138.572998,0.000000,0.000000,0.000000,0.000000,0.000000,0.000000,0.000000,203.000000,-663.000000,331.000000,-2008.000000,-4.000000,-157.000000,-101.000000,22.000000,22.000000,22.000000,22.000000,22.000000,22.000000,22.000000,32.000000,33.000000,34.000000,34.000000,34.000000,35.000000,36.000000,1,1,1,1,1,1,1,0,0,0,0,0,0,0,74,5376.108887,491,0,1,0.564321,-0.060000,-0.323627,-3.117000,-0.399000,0.076000,1
0.542922,12.964000,-63.731998,-17.882999,117.727997,21.127001,13.458000,138.697006,0.000000,0.000000,0.000000,0.000000,0.000000,0.000000,0.000000,203.000000,-663.000000,331.000000,-2008.000000,-4.000000,-157.000000,-101.000000,22.000000,22.000000,22.000000,22.000000,22.000000,22.000000,22.000000,32.000000,33.000000,34.000000,34.000000,34.000000,35.000000,36.000000,1,1,1,1,1,1,1,0,0,0,0,0,0,0,74,5376.106934,490,0,1,0.566642,-0.060000,-0.323627,-3.117000,-0.399000,0.077000,1
0.552898,12.840000,-63.347000,-17.818001,117.068001,21.205000,13.798000,138.826004,0.000000,0.000000,0.000000,0.000000,0.000000,0.000000,0.000000,203.000000,-663.000000,331.000000,-2008.000000,-4.000000,-157.000000,-101.000000,22.000000,22.000000,22.000000,22.000000,22.000000,22.000000,22.000000,32.000000,33.000000,34.000000,34.000000,34.000000,35.000000,36.000000,1,1,1,1,1,1,1,0,0,0,0,0,0,0,74,5376.108887,489,0,1,0.569034,-0.060000,-0.323627,-3.116000,-0.399000,0.076000,1
0.562927,12.712000,-62.952999,-17.754000,116.389999,21.283001,14.147000,138.959000,0.000000,0.000000,0.000000,0.000000,0.000000,0.000000,0.000000,203.000000,-663.000000,331.000000,-2008.000000,-4.000000,-157.000000,-101.000000,22.000000,22.000000,22.000000,22.000000,22.000000,22.000000,22.000000,32.000000,33.000000,34.000000,34.000000,34.000000,35.000000,36.000000,1,1,1,1,1,1,1,0,0,0,0,0,0,0,74,5376.108887,492,0,1,0.571479,-0.060000,-0.323627,-3.117000,-0.399000,0.076000,1
0.572944,12.584000,-62.554001,-17.691000,115.699997,21.360001,14.504000,139.095001,0.000000,0.000000,0.000000,0.000000,0.000000,0.000000,0.000000,203.000000,-663.000000,331.000000,-2008.000000,-4.000000,-157.000000,-101.000000,22.000000,22.000000,22.000000,22.000000,22.000000,22.000000,22.000000,32.000000,33.000000,34.000000,34.000000,34.000000,35.000000,36.000000,1,1,1,1,1,1,1,0,0,0,0,0,0,0,74,5376.106934,492,0,1,0.573956,-0.060000,-0.323627,-3.117000,-0.400000,0.076000,1
0.582965,12.506000,-62.313000,-17.655001,115.281998,21.405001,14.720000,139.177994,0.000000,0.000000,0.000000,0.000000,0.000000,0.000000,0.000000,203.000000,-663.000000,331.000000,-2008.000000,-4.000000,-157.000000,-101.000000,22.000000,22.000000,22.000000,22.000000,22.000000,22.000000,22.000000,32.000000,33.000000,34.000000,34.000000,34.000000,35.000000,36.000000,1,1,1,1,1,1,1,0,0,0,0,0,0,0,74,5376.108887,490,0,1,0.575450,-0.060000,-0.323627,-3.117000,-0.400000,0.077000,1
0.592937,12.377000,-61.910999,-17.597000,114.584000,21.479000,15.082000,139.317001,0.000000,0.000000,0.000000,0.000000,0.000000,0.000000,0.000000,203.000000,-663.000000,331.000000,-2008.000000,-4.000000,-157.000000,-101.000000,22.000000,22.000000,22.000000,22.000000,22.000000,22.000000,22.000000,32.000000,33.000000,34.000000,34.000000,34.000000,35.000000,36.000000,1,1,1,1,1,1,1,0,0,0,0,0,0,0,74,5376.106934,489,0,1,0.577940,-0.060000,-0.323627,-3.116000,-0.399000,0.076000,1
0.603102,12.222000,-61.429001,-17.530001,113.740997,21.565001,15.521000,139.485992,0.000000,0.000000,0.000000,0.000000,0.000000,0.000000,0.000000,203.000000,-663.000000,331.000000,-2008.000000,-4.000000,-157.000000,-101.000000,22.000000,22.000000,22.000000,22.000000,22.000000,22.000000,22.000000,32.000000,33.000000,34.000000,34.000000,34.000000,35.000000,36.000000,1,1,1,1,1,1,1,0,0,0,0,0,0,0,74,5376.108887,491,0,1,0.580929,-0.060000,-0.323627,-3.116000,-0.399000,0.076000,1
0.612962,12.093000,-61.026001,-17.478001,113.033997,21.634001,15.889000,139.628006,0.000000,0.000000,0.000000,0.000000,0.000000,0.000000,0.000000,203.000000,-663.000000,331.000000,-2008.000000,-4.000000,-157.000000,-101.000000,22.000000,22.000000,22.000000,22.000000,22.000000,22.000000,22.000000,32.000000,33.000000,34.000000,34.000000,34.000000,35.000000,36.000000,1,1,1,1,1,1,1,0,0,0,0,0,0,0,74,5376.109863,490,0,1,0.583420,-0.060000,-0.323627,-3.117000,-0.399000,0.076000,1
0.622948,11.964000,-60.623001,-17.427999,112.323997,21.702000,16.259001,139.770996,0.000000,0.000000,0.000000,0.000000,0.000000,0.000000,0.000000,203.000000,-663.000000,331.000000,-2008.000000,-4.000000,-157.000000,-101.000000,22.000000,22.000000,22.000000,22.000000,22.000000,22.000000,22.000000,32.000000,33.000000,34.000000,34.000000,34.000000,35.000000,36.000000,1,1,1,1,1,1,1,0,0,0,0,0,0,0,74,5376.108887,492,0,1,0.585910,-0.060000,-0.323627,-3.117000,-0.400000,0.076000,1
0.632933,11.836000,-60.220001,-17.381001,111.611000,21.768000,16.632000,139.916000,0.000000,0.000000,0.000000,0.000000,0.000000,0.000000,0.000000,203.000000,-663.000000,331.000000,-2008.000000,-4.000000,-157.000000,-101.000000,22.000000,22.000000,22.000000,22.000000,22.000000,22.000000,22.000000,32.000000,33.000000,34.000000,34.000000,34.000000,35.000000,36.000000,1,1,1,1,1,1,1,0,0,0,0,0,0,0,74,5376.108887,490,0,1,0.588401,-0.060000,-0.323627,-3.117000,-0.399000,0.076000,1
0.642909,11.683000,-59.735001,-17.327999,110.750999,21.844000,17.083000,140.091995,0.000000,0.000000,0.000000,0.000000,0.000000,0.000000,0.000000,203.000000,-663.000000,331.000000,-2008.000000,-4.000000,-157.000000,-101.000000,22.000000,22.000000,22.000000,22.000000,22.000000,22.000000,22.000000,32.000000,33.000000,34.000000,34.000000,34.000000,35.000000,36.000000,1,1,1,1,1,1,1,0,0,0,0,0,0,0,74,5376.108887,490,0,1,0.591390,-0.060000,-0.323627,-3.116000,-0.399000,0.076000,1
0.652964,11.683000,-59.735001,-17.327999,110.750999,21.844000,17.083000,140.091995,0.000000,0.000000,0.000000,0.000000,0.000000,0.000000,0.000000,203.000000,-663.000000,331.000000,-2008.000000,-4.000000,-157.000000,-101.000000,22.000000,22.000000,22.000000,22.000000,22.000000,22.000000,22.000000,32.000000,33.000000,34.000000,34.000000,34.000000,35.000000,36.000000,1,1,1,1,1,1,1,0,0,0,0,0,0,0,74,5376.106934,491,0,1,0.591390,-0.060000,-0.323627,-3.116000,-0.399000,0.076000,1
0.662965,11.555000,-59.330002,-17.287001,110.028999,21.905001,17.462000,140.240005,0.000000,0.000000,0.000000,0.000000,0.000000,0.000000,0.000000,203.000000,-663.000000,331.000000,-2008.000000,-4.000000,-157.000000,-101.000000,22.000000,22.000000,22.000000,22.000000,22.000000,22.000000,22.000000,32.000000,33.000000,34.000000,34.000000,34.000000,35.000000,36.000000,1,1,1,1,1,1,1,0,0,0,0,0,0,0,74,5376.108887,491,0,1,0.593880,-0.060000,-0.323627,-3.117000,-0.399000,0.076000,1
0.673072,11.429000,-58.924999,-17.247999,109.304001,21.965000,17.843000,140.389008,0.000000,0.000000,0.000000,0.000000,0.000000,0.000000,0.000000,203.000000,-663.000000,331.000000,-2008.000000,-4.000000,-157.000000,-101.000000,22.000000,22.000000,22.000000,22.000000,22.000000,22.000000,22.000000,32.000000,33.000000,34.000000,34.000000,34.000000,35.000000,36.000000,1,1,1,1,1,1,1,0,0,0,0,0,0,0,74,5376.106934,490,0,1,0.596371,-0.059999,-0.323627,-3.116000,-0.399000,0.076000,1
0.683082,11.277000,-58.438000,-17.205000,108.429001,22.034000,18.302999,140.570999,0.000000,0.000000,0.000000,0.000000,0.000000,0.000000,0.000000,203.000000,-663.000000,331.000000,-2008.000000,-4.000000,-157.000000,-101.000000,22.000000,22.000000,22.000000,22.000000,22.000000,22.000000,22.000000,32.000000,33.000000,34.000000,34.000000,34.000000,35.000000,36.000000,1,1,1,1,1,1,1,0,0,0,0,0,0,0,74,5376.108887,491,0,1,0.599360,-0.060000,-0.323627,-3.117000,-0.399000,0.076000,1
0.693037,11.152000,-58.030998,-17.172001,107.695999,22.089001,18.688999,140.725006,0.000000,0.000000,0.000000,0.000000,0.000000,0.000000,0.000000,203.000000,-663.000000,331.000000,-2008.000000,-4.000000,-157.000000,-101.000000,22.000000,22.000000,22.000000,22.000000,22.000000,22.000000,22.000000,32.000000,33.000000,34.000000,34.000000,34.000000,35.000000,36.000000,1,1,1,1,1,1,1,0,0,0,0,0,0,0,74,5376.108887,492,0,1,0.601850,-0.060000,-0.323627,-3.117000,-0.400000,0.076000,1
0.703007,11.152000,-58.030998,-17.172001,107.695999,22.089001,18.688999,140.725006,0.000000,0.000000,0.000000,0.000000,0.000000,0.000000,0.000000,203.000000,-663.000000,331.000000,-2008.000000,-4.000000,-157.000000,-101.000000,22.000000,22.000000,22.000000,22.000000,22.000000,22.000000,22.000000,32.000000,33.000000,34.000000,34.000000,34.000000,35.000000,36.000000,1,1,1,1,1,1,1,0,0,0,0,0,0,0,74,5376.108887,492,0,1,0.601850,-0.060000,-0.323627,-3.117000,-0.400000,0.076000,1
0.713030,11.002000,-57.542000,-17.135000,106.810997,22.153999,19.156000,140.910995,0.000000,0.000000,0.000000,0.000000,0.000000,0.000000,0.000000,203.000000,-663.000000,331.000000,-2008.000000,-4.000000,-157.000000,-101.000000,22.000000,22.000000,22.000000,22.000000,22.000000,22.000000,22.000000,32.000000,33.000000,34.000000,34.000000,34.000000,35.000000,36.000000,1,1,1,1,1,1,1,0,0,0,0,0,0,0,74,5376.108887,490,0,1,0.604839,-0.060000,-0.323627,-3.117000,-0.399000,0.077000,1
0.723092,10.854000,-57.051998,-17.101999,105.919998,22.215000,19.625999,141.100006,0.000000,0.000000,0.000000,0.000000,0.000000,0.000000,0.000000,203.000000,-663.000000,331.000000,-2008.000000,-4.000000,-157.000000,-101.000000,22.000000,22.000000,22.000000,22.000000,22.000000,22.000000,22.000000,32.000000,33.000000,34.000000,34.000000,34.000000,35.000000,36.000000,1,1,1,1,1,1,1,0,0,0,0,0,0,0,74,5376.106934,491,0,1,0.607828,-0.060000,-0.323627,-3.116000,-0.399000,0.076000,1
0.733060,10.731000,-56.641998,-17.077000,105.172997,22.264999,20.021000,141.259003,0.000000,0.000000,0.000000,0.000000,0.000000,0.000000,0.000000,203.000000,-663.000000,331.000000,-2008.000000,-4.000000,-157.000000,-101.000000,22.000000,22.000000,22.000000,22.000000,22.000000,22.000000,22.000000,32.000000,33.000000,34.000000,34.000000,34.000000,35.000000,36.000000,1,1,1,1,1,1,1,0,0,0,0,0,0,0,74,5376.108887,492,0,1,0.610318,-0.060000,-0.323627,-3.116000,-0.399000,0.076000,1
0.743025,10.609000,-56.230999,-17.055000,104.421997,22.312000,20.417999,141.419998,0.000000,0.000000,0.000000,0.000000,0.000000,0.000000,0.000000,203.000000,-663.000000,331.000000,-2008.000000,-4.000000,-157.000000,-101.000000,22.000000,22.000000,22.000000,22.000000,22.000000,22.000000,22.000000,32.000000,33.000000,34.000000,34.000000,34.000000,35.000000,36.000000,1,1,1,1,1,1,1,0,0,0,0,0,0,0,74,5376.108887,491,0,1,0.612809,-0.060000,-0.323627,-3.117000,-0.399000,0.076000,1
0.753018,10.464000,-55.737999,-17.031000,103.514999,22.367001,20.898001,141.615997,0.000000,0.000000,0.000000,0.000000,0.000000,0.000000,0.000000,203.000000,-663.000000,331.000000,-2008.000000,-4.000000,-157.000000,-101.000000,22.000000,22.000000,22.000000,22.000000,22.000000,22.000000,22.000000,32.000000,33.000000,34.000000,34.000000,34.000000,35.000000,36.000000,1,1,1,1,1,1,1,0,0,0,0,0,0,0,74,5376.108887,491,0,1,0.615798,-0.060000,-0.323627,-3.116000,-0.399000,0.076000,1
0.763005,10.344000,-55.325001,-17.014000,102.753998,22.410999,21.299999,141.781998,0.000000,0.000000,0.000000,0.000000,0.000000,0.000000,0.000000,203.000000,-663.000000,331.000000,-2008.000000,-4.000000,-157.000000,-101.000000,22.000000,22.000000,22.000000,22.000000,22.000000,22.000000,22.000000,32.000000,33.000000,34.000000,34.000000,34.000000,35.000000,36.000000,1,1,1,1,1,1,1,0,0,0,0,0,0,0,74,5376.109863,490,0,1,0.618288,-0.060000,-0.323627,-3.117000,-0.399000,0.077000,1
0.773004,10.344000,-55.325001,-17.014000,102.753998,22.410999,21.299999,141.781998,0.000000,0.000000,0.000000,0.000000,0.000000,0.000000,0.000000,203.000000,-663.000000,331.000000,-2008.000000,-4.000000,-157.000000,-101.000000,22.000000,22.000000,22.000000,22.000000,22.000000,22.000000,22.000000,32.000000,33.000000,34.000000,34.000000,34.000000,35.000000,36.000000,1,1,1,1,1,1,1,0,0,0,0,0,0,0,74,5376.108887,491,0,1,0.618288,-0.060000,-0.323627,-3.117000,-0.399000,0.077000,1
0.783003,10.202000,-54.827999,-16.997000,101.834999,22.461000,21.787001,141.983002,0.000000,0.000000,0.000000,0.000000,0.000000,0.000000,0.000000,203.000000,-663.000000,331.000000,-2008.000000,-4.000000,-157.000000,-101.000000,22.000000,22.000000,22.000000,22.000000,22.000000,22.000000,22.000000,32.000000,33.000000,34.000000,34.000000,34.000000,35.000000,36.000000,1,1,1,1,1,1,1,0,0,0,0,0,0,0,74,5376.108887,489,0,1,0.621277,-0.060000,-0.323627,-3.116000,-0.399000,0.076000,1
0.793061,10.085000,-54.412998,-16.985001,101.064003,22.500999,22.195000,142.153000,0.000000,0.000000,0.000000,0.000000,0.000000,0.000000,0.000000,203.000000,-663.000000,331.000000,-2008.000000,-4.000000,-157.000000,-101.000000,22.000000,22.000000,22.000000,22.000000,22.000000,22.000000,22.000000,32.000000,33.000000,34.000000,34.000000,34.000000,35.000000,36.000000,1,1,1,1,1,1,1,0,0,0,0,0,0,0,74,5376.106934,491,0,1,0.623768,-0.060000,-0.323627,-3.116000,-0.399000,0.076000,1
0.802921,9.946000,-53.912998,-16.975000,100.133003,22.546000,22.688000,142.358994,0.000000,0.000000,0.000000,0.000000,0.000000,0.000000,0.000000,203.000000,-663.000000,331.000000,-2008.000000,-4.000000,-157.000000,-101.000000,22.000000,22.000000,22.000000,22.000000,22.000000,22.000000,22.000000,32.000000,33.000000,34.000000,34.000000,34.000000,35.000000,36.000000,1,1,1,1,1,1,1,0,0,0,0,0,0,0,74,5376.108887,491,0,1,0.626756,-0.060000,-0.323628,-3.116000,-0.399000,0.076000,1
0.812920,9.832000,-53.494999,-16.969000,99.351997,22.582001,23.101999,142.533005,0.000000,0.000000,0.000000,0.000000,0.000000,0.000000,0.000000,203.000000,-663.000000,331.000000,-2008.000000,-4.000000,-157.000000,-101.000000,22.000000,22.000000,22.000000,22.000000,22.000000,22.000000,22.000000,32.000000,33.000000,34.000000,34.000000,34.000000,35.000000,36.000000,1,1,1,1,1,1,1,0,0,0,0,0,0,0,74,5376.108887,492,0,1,0.629247,-0.060000,-0.323627,-3.117000,-0.399000,0.076000,1
0.822990,9.720000,-53.075001,-16.965000,98.566002,22.615999,23.518000,142.710007,0.000000,0.000000,0.000000,0.000000,0.000000,0.000000,0.000000,203.000000,-663.000000,331.000000,-2008.000000,-4.000000,-157.000000,-101.000000,22.000000,22.000000,22.000000,22.000000,22.000000,22.000000,22.000000,32.000000,33.000000,34.000000,34.000000,34.000000,35.000000,36.000000,1,1,1,1,1,1,1,0,0,0,0,0,0,0,74,5376.108887,489,0,1,0.631738,-0.060000,-0.323627,-3.116000,-0.399000,0.076000,1
0.832944,9.653000,-52.823002,-16.964001,98.092003,22.636000,23.768999,142.817001,0.000000,0.000000,0.000000,0.000000,0.000000,0.000000,0.000000,203.000000,-663.000000,331.000000,-2008.000000,-4.000000,-157.000000,-101.000000,22.000000,22.000000,22.000000,22.000000,22.000000,22.000000,22.000000,32.000000,33.000000,34.000000,34.000000,34.000000,35.000000,36.000000,1,1,1,1,1,1,1,0,0,0,0,0,0,0,74,5376.108887,490,0,1,0.633232,-0.060000,-0.323627,-3.116000,-0.399000,0.076000,1
0.842999,9.653000,-52.823002,-16.964001,98.092003,22.636000,23.768999,142.817001,0.000000,0.000000,0.000000,0.000000,0.000000,0.000000,0.000000,203.000000,-663.000000,331.000000,-2008.000000,-4.000000,-157.000000,-101.000000,22.000000,22.000000,22.000000,22.000000,22.000000,22.000000,22.000000,32.000000,33.000000,34.000000,34.000000,34.000000,35.000000,36.000000,1,1,1,1,1,1,1,0,0,0,0,0,0,0,74,5376.108887,490,0,1,0.633232,-0.060000,-0.323627,-3.116000,-0.399000,0.076000,1
0.852969,9.521000,-52.316002,-16.965000,97.138000,22.674000,24.275000,143.033005,0.000000,0.000000,0.000000,0.000000,0.000000,0.000000,0.000000,203.000000,-663.000000,331.000000,-2008.000000,-4.000000,-157.000000,-101.000000,22.000000,22.000000,22.000000,22.000000,22.000000,22.000000,22.000000,32.000000,33.000000,34.000000,34.000000,34.000000,35.000000,36.000000,1,1,1,1,1,1,1,0,0,0,0,0,0,0,74,5376.106934,489,0,1,0.636221,-0.060000,-0.323627,-3.117000,-0.400000,0.076000,1
0.862974,9.413000,-51.893002,-16.969000,96.337997,22.702999,24.698999,143.214996,0.000000,0.000000,0.000000,0.000000,0.000000,0.000000,0.000000,203.000000,-663.000000,331.000000,-2008.000000,-4.000000,-157.000000,-101.000000,22.000000,22.000000,22.000000,22.000000,22.000000,22.000000,22.000000,32.000000,33.000000,34.000000,34.000000,34.000000,35.000000,36.000000,1,1,1,1,1,1,1,0,0,0,0,0,0,0,74,5376.108887,491,0,1,0.638711,-0.060000,-0.323627,-3.117000,-0.399000,0.076000,1
0.872962,9.285000,-51.382000,-16.976999,95.370003,22.737000,25.211000,143.436996,0.000000,0.000000,0.000000,0.000000,0.000000,0.000000,0.000000,203.000000,-663.000000,331.000000,-2008.000000,-4.000000,-157.000000,-101.000000,22.000000,22.000000,22.000000,22.000000,22.000000,22.000000,22.000000,32.000000,33.000000,34.000000,34.000000,34.000000,35.000000,36.000000,1,1,1,1,1,1,1,0,0,0,0,0,0,0,74,5376.106934,491,0,1,0.641700,-0.060000,-0.323627,-3.116000,-0.399000,0.076000,1
0.882944,9.181000,-50.955002,-16.987000,94.556999,22.763000,25.641001,143.625000,0.000000,0.000000,0.000000,0.000000,0.000000,0.000000,0.000000,203.000000,-663.000000,331.000000,-2008.000000,-4.000000,-157.000000,-101.000000,22.000000,22.000000,22.000000,22.000000,22.000000,22.000000,22.000000,32.000000,33.000000,34.000000,34.000000,34.000000,35.000000,36.000000,1,1,1,1,1,1,1,0,0,0,0,0,0,0,74,5376.109863,491,0,1,0.644191,-0.060000,-0.323627,-3.116000,-0.399000,0.076000,1
0.893027,9.079000,-50.526001,-16.999001,93.738998,22.787001,26.073999,143.813995,0.000000,0.000000,0.000000,0.000000,0.000000,0.000000,0.000000,203.000000,-663.000000,331.000000,-2008.000000,-4.000000,-157.000000,-101.000000,22.000000,22.000000,22.000000,22.000000,22.000000,22.000000,22.000000,32.000000,33.000000,34.000000,34.000000,34.000000,35.000000,36.000000,1,1,1,1,1,1,1,0,0,0,0,0,0,0,74,5376.108887,491,0,1,0.646681,-0.060000,-0.323627,-3.117000,-0.399000,0.076000,1
0.902979,8.979000,-50.095001,-17.014000,92.915001,22.809999,26.510000,144.005997,0.000000,0.000000,0.000000,0.000000,0.000000,0.000000,0.000000,203.000000,-663.000000,331.000000,-2008.000000,-4.000000,-157.000000,-101.000000,22.000000,22.000000,22.000000,22.000000,22.000000,22.000000,22.000000,32.000000,33.000000,34.000000,34.000000,34.000000,35.000000,36.000000,1,1,1,1,1,1,1,0,0,0,0,0,0,0,74,5376.106934,491,0,1,0.649172,-0.060000,-0.323627,-3.117000,-0.400000,0.077000,1
0.913058,8.862000,-49.575001,-17.035999,91.917999,22.834999,27.035999,144.240005,0.000000,0.000000,0.000000,0.000000,0.000000,0.000000,0.000000,203.000000,-663.000000,331.000000,-2008.000000,-4.000000,-157.000000,-101.000000,22.000000,22.000000,22.000000,22.000000,22.000000,22.000000,22.000000,32.000000,33.000000,34.000000,34.000000,34.000000,35.000000,36.000000,1,1,1,1,1,1,1,0,0,0,0,0,0,0,74,5376.108887,490,0,1,0.652161,-0.059999,-0.323627,-3.116000,-0.399000,0.076000,1
0.923041,8.823000,-49.402000,-17.044001,91.583000,22.841999,27.212999,144.317993,0.000000,0.000000,0.000000,0.000000,0.000000,0.000000,0.000000,203.000000,-663.000000,331.000000,-2008.000000,-4.000000,-157.000000,-101.000000,22.000000,22.000000,22.000000,22.000000,22.000000,22.000000,22.000000,32.000000,33.000000,34.000000,34.000000,34.000000,35.000000,36.000000,1,1,1,1,1,1,1,0,0,0,0,0,0,0,74,5376.106934,490,0,1,0.653157,-0.060000,-0.323627,-3.116000,-0.399000,0.076000,1
0.932969,8.710000,-48.877998,-17.072001,90.573997,22.865000,27.746000,144.556000,0.000000,0.000000,0.000000,0.000000,0.000000,0.000000,0.000000,203.000000,-663.000000,331.000000,-2008.000000,-4.000000,-157.000000,-101.000000,22.000000,22.000000,22.000000,22.000000,22.000000,22.000000,22.000000,32.000000,33.000000,34.000000,34.000000,34.000000,35.000000,36.000000,1,1,1,1,1,1,1,0,0,0,0,0,0,0,74,5376.108887,491,0,1,0.656146,-0.060000,-0.323627,-3.117000,-0.400000,0.076000,1
0.943052,8.619000,-48.439999,-17.098000,89.725998,22.881001,28.193001,144.757004,0.000000,0.000000,0.000000,0.000000,0.000000,0.000000,0.000000,203.000000,-663.000000,331.000000,-2008.000000,-4.000000,-157.000000,-101.000000,22.000000,22.000000,22.000000,22.000000,22.000000,22.000000,22.000000,32.000000,33.000000,34.000000,34.000000,34.000000,35.000000,36.000000,1,1,1,1,1,1,1,0,0,0,0,0,0,0,74,5376.109863,490,0,1,0.658636,-0.060000,-0.323628,-3.117000,-0.400000,0.076000,1
0.952959,8.530000,-47.999001,-17.127001,88.872002,22.896000,28.643999,144.960007,0.000000,0.000000,0.000000,0.000000,0.000000,0.000000,0.000000,203.000000,-663.000000,331.000000,-2008.000000,-4.000000,-157.000000,-101.000000,22.000000,22.000000,22.000000,22.000000,22.000000,22.000000,22.000000,32.000000,33.000000,34.000000,34.000000,34.000000,35.000000,36.000000,1,1,1,1,1,1,1,0,0,0,0,0,0,0,74,5376.106934,489,0,1,0.661127,-0.060000,-0.323628,-3.117000,-0.399000,0.077000,1
0.962982,8.427000,-47.466999,-17.167000,87.836998,22.913000,29.188999,145.207993,0.000000,0.000000,0.000000,0.000000,0.000000,0.000000,0.000000,203.000000,-663.000000,331.000000,-2008.000000,-4.000000,-157.000000,-101.000000,22.000000,22.000000,22.000000,22.000000,22.000000,22.000000,22.000000,32.000000,33.000000,34.000000,34.000000,34.000000,35.000000,36.000000,1,1,1,1,1,1,1,0,0,0,0,0,0,0,74,5376.109863,491,0,1,0.664116,-0.060000,-0.323628,-3.117000,-0.399000,0.076000,1
0.973001,8.345000,-47.021000,-17.202999,86.967003,22.924000,29.646999,145.417007,0.000000,0.000000,0.000000,0.000000,0.000000,0.000000,0.000000,203.000000,-663.000000,331.000000,-2008.000000,-4.000000,-157.000000,-101.000000,22.000000,22.000000,22.000000,22.000000,22.000000,22.000000,22.000000,32.000000,33.000000,34.000000,34.000000,34.000000,35.000000,36.000000,1,1,1,1,1,1,1,0,0,0,0,0,0,0,74,5376.106934,489,0,1,0.666606,-0.060000,-0.323627,-3.117000,-0.399000,0.076000,1
0.983043,8.265000,-46.571999,-17.243000,86.089996,22.934999,30.108000,145.628006,0.000000,0.000000,0.000000,0.000000,0.000000,0.000000,0.000000,203.000000,-663.000000,331.000000,-2008.000000,-4.000000,-157.000000,-101.000000,22.000000,22.000000,22.000000,22.000000,22.000000,22.000000,22.000000,32.000000,33.000000,34.000000,34.000000,34.000000,35.000000,36.000000,1,1,1,1,1,1,1,0,0,0,0,0,0,0,74,5376.108887,491,0,1,0.669097,-0.060000,-0.323628,-3.116000,-0.399000,0.076000,1
0.992971,8.174000,-46.029999,-17.295000,85.027000,22.945000,30.667000,145.884995,0.000000,0.000000,0.000000,0.000000,0.000000,0.000000,0.000000,203.000000,-663.000000,331.000000,-2008.000000,-4.000000,-157.000000,-101.000000,22.000000,22.000000,22.000000,22.000000,22.000000,22.000000,22.000000,32.000000,33.000000,34.000000,34.000000,34.000000,35.000000,36.000000,1,1,1,1,1,1,1,0,0,0,0,0,0,0,74,5376.108887,491,0,1,0.672086,-0.060000,-0.323628,-3.117000,-0.399000,0.076000,1
1.003035,8.101000,-45.576000,-17.343000,84.133003,22.952999,31.136999,146.102005,0.000000,0.000000,0.000000,0.000000,0.000000,0.000000,0.000000,203.000000,-663.000000,331.000000,-2008.000000,-4.000000,-157.000000,-101.000000,22.000000,22.000000,22.000000,22.000000,22.000000,22.000000,22.000000,32.000000,33.000000,34.000000,34.000000,34.000000,35.000000,36.000000,1,1,1,1,1,1,1,0,0,0,0,0,0,0,74,5376.108887,490,0,1,0.674576,-0.060000,-0.323627,-3.116000,-0.399000,0.076000,1
1.013008,8.059000,-45.301998,-17.374001,83.592003,22.957001,31.420000,146.233002,0.000000,0.000000,0.000000,0.000000,0.000000,0.000000,0.000000,203.000000,-663.000000,331.000000,-2008.000000,-4.000000,-157.000000,-101.000000,22.000000,22.000000,22.000000,22.000000,22.000000,22.000000,22.000000,32.000000,33.000000,34.000000,34.000000,34.000000,35.000000,36.000000,1,1,1,1,1,1,1,0,0,0,0,0,0,0,74,5376.108887,490,0,1,0.676071,-0.059999,-0.323627,-3.116000,-0.399000,0.076000,1
1.023042,7.992000,-44.842999,-17.427999,82.684998,22.962000,31.896000,146.453995,0.000000,0.000000,0.000000,0.000000,0.000000,0.000000,0.000000,203.000000,-663.000000,331.000000,-2008.000000,-4.000000,-157.000000,-101.000000,22.000000,22.000000,22.000000,22.000000,22.000000,22.000000,22.000000,32.000000,33.000000,34.000000,34.000000,34.000000,35.000000,36.000000,1,1,1,1,1,1,1,0,0,0,0,0,0,0,74,5376.108887,490,0,1,0.678561,-0.059999,-0.323628,-3.116000,-0.399000,0.076000,1
1.032960,7.929000,-44.380001,-17.486000,81.768997,22.966000,32.375999,146.677994,0.000000,0.000000,0.000000,0.000000,0.000000,0.000000,0.000000,203.000000,-663.000000,331.000000,-2008.000000,-4.000000,-157.000000,-101.000000,22.000000,22.000000,22.000000,22.000000,22.000000,22.000000,22.000000,32.000000,33.000000,34.000000,34.000000,34.000000,35.000000,36.000000,1,1,1,1,1,1,1,0,0,0,0,0,0,0,74,5376.108887,490,0,1,0.681052,-0.059999,-0.323627,-3.116000,-0.399000,0.076000,1
1.042972,7.869000,-43.915001,-17.548000,80.845001,22.968000,32.860001,146.904999,0.000000,0.000000,0.000000,0.000000,0.000000,0.000000,0.000000,203.000000,-663.000000,331.000000,-2008.000000,-4.000000,-157.000000,-101.000000,22.000000,22.000000,22.000000,22.000000,22.000000,22.000000,22.000000,32.000000,33.000000,34.000000,34.000000,34.000000,35.000000,36.000000,1,1,1,1,1,1,1,0,0,0,0,0,0,0,74,5376.106934,491,0,1,0.683543,-0.060000,-0.323627,-3.116000,-0.399000,0.076000,1
1.052924,7.803000,-43.352001,-17.628000,79.723000,22.969999,33.445999,147.179993,0.000000,0.000000,0.000000,0.000000,0.000000,0.000000,0.000000,203.000000,-663.000000,331.000000,-2008.000000,-4.000000,-157.000000,-101.000000,22.000000,22.000000,22.000000,22.000000,22.000000,22.000000,22.000000,32.000000,33.000000,34.000000,34.000000,34.000000,35.000000,36.000000,1,1,1,1,1,1,1,0,0,0,0,0,0,0,74,5376.106934,490,0,1,0.686531,-0.059999,-0.323627,-3.116000,-0.399000,0.076000,1
1.063001,7.753000,-42.879002,-17.700001,78.778000,22.969999,33.939999,147.412003,0.000000,0.000000,0.000000,0.000000,0.000000,0.000000,0.000000,203.000000,-663.000000,331.000000,-2008.000000,-4.000000,-157.000000,-101.000000,22.000000,22.000000,22.000000,22.000000,22.000000,22.000000,22.000000,32.000000,33.000000,34.000000,34.000000,34.000000,35.000000,36.000000,1,1,1,1,1,1,1,0,0,0,0,0,0,0,74,5376.106934,491,0,1,0.689022,-0.060000,-0.323627,-3.117000,-0.399000,0.076000,1
1.073014,7.707000,-42.402000,-17.777000,77.822998,22.968000,34.438000,147.647995,0.000000,0.000000,0.000000,0.000000,0.000000,0.000000,0.000000,203.000000,-663.000000,331.000000,-2008.000000,-4.000000,-157.000000,-101.000000,22.000000,22.000000,22.000000,22.000000,22.000000,22.000000,22.000000,32.000000,33.000000,34.000000,34.000000,34.000000,35.000000,36.000000,1,1,1,1,1,1,1,0,0,0,0,0,0,0,74,5376.108887,491,0,1,0.691513,-0.059999,-0.323628,-3.116000,-0.399000,0.076000,1
1.082988,7.667000,-41.922001,-17.858999,76.857002,22.966000,34.942001,147.886002,0.000000,0.000000,0.000000,0.000000,0.000000,0.000000,0.000000,203.000000,-663.000000,331.000000,-2008.000000,-4.000000,-157.000000,-101.000000,22.000000,22.000000,22.000000,22.000000,22.000000,22.000000,22.000000,32.000000,33.000000,34.000000,34.000000,34.000000,35.000000,36.000000,1,1,1,1,1,1,1,0,0,0,0,0,0,0,74,5376.108887,491,0,1,0.694003,-0.060000,-0.323627,-3.117000,-0.400000,0.076000,1
1.093006,7.604000,-41.340000,-17.944000,75.691002,22.962999,35.547001,148.186996,0.000000,0.000000,0.000000,0.000000,0.000000,0.000000,0.000000,203.000000,-663.000000,331.000000,-2008.000000,-4.000000,-157.000000,-101.000000,22.000000,22.000000,22.000000,22.000000,22.000000,22.000000,22.000000,32.000000,33.000000,34.000000,34.000000,34.000000,35.000000,36.000000,1,1,1,1,1,1,1,0,0,0,0,0,0,0,74,5376.106934,491,0,1,0.696994,-0.059911,-0.323627,-3.116000,-0.399000,0.076000,3
1.102955,7.492000,-40.856998,-17.952999,74.737999,22.964001,36.035999,148.477005,0.000000,0.000000,0.000000,0.000000,0.000000,0.000000,0.000000,203.000000,-663.000000,331.000000,-2008.000000,-4.000000,-157.000000,-101.000000,22.000000,22.000000,22.000000,22.000000,22.000000,22.000000,22.000000,32.000000,33.000000,34.000000,34.000000,34.000000,35.000000,36.000000,1,1,1,1,1,1,1,0,0,0,0,0,0,0,74,5376.108887,490,0,1,0.699462,-0.059553,-0.323627,-3.117000,-0.399000,0.076000,3
1.112933,7.431000,-40.666000,-17.940001,74.364998,22.966000,36.226002,148.602005,0.000000,0.000000,0.000000,0.000000,0.000000,0.000000,0.000000,203.000000,-663.000000,331.000000,-2008.000000,-4.000000,-157.000000,-101.000000,22.000000,22.000000,22.000000,22.000000,22.000000,22.000000,22.000000,32.000000,33.000000,34.000000,34.000000,34.000000,35.000000,36.000000,1,1,1,1,1,1,1,0,0,0,0,0,0,0,74,5376.108887,492,0,1,0.700436,-0.059333,-0.323628,-3.117000,-0.399000,0.076000,3
1.122952,7.193000,-40.105999,-17.841999,73.285004,22.969999,36.771000,149.005997,0.000000,0.000000,0.000000,0.000000,0.000000,0.000000,0.000000,203.000000,-663.000000,331.000000,-2008.000000,-4.000000,-157.000000,-101.000000,22.000000,22.000000,22.000000,22.000000,22.000000,22.000000,22.000000,32.000000,33.000000,34.000000,34.000000,34.000000,35.000000,36.000000,1,1,1,1,1,1,1,0,0,0,0,0,0,0,74,5376.108887,490,0,1,0.703286,-0.058418,-0.323627,-3.117000,-0.399000,0.076000,3
1.132947,6.932000,-39.660000,-17.693001,72.438004,22.975000,37.191002,149.371994,0.000000,0.000000,0.000000,0.000000,0.000000,0.000000,0.000000,203.000000,-663.000000,331.000000,-2008.000000,-4.000000,-157.000000,-101.000000,22.000000,22.000000,22.000000,22.000000,22.000000,22.000000,22.000000,32.000000,33.000000,34.000000,34.000000,34.000000,35.000000,36.000000,1,1,1,1,1,1,1,0,0,0,0,0,0,0,74,5376.108887,490,0,1,0.705550,-0.057372,-0.323627,-3.116000,-0.400000,0.076000,3
1.142983,6.617000,-39.238998,-17.482000,71.652000,22.979000,37.574001,149.759995,0.000000,0.000000,0.000000,0.000000,0.000000,0.000000,0.000000,203.000000,-663.000000,331.000000,-2008.000000,-4.000000,-157.000000,-101.000000,22.000000,22.000000,22.000000,22.000000,22.000000,22.000000,22.000000,32.000000,33.000000,34.000000,34.000000,34.000000,35.000000,36.000000,1,1,1,1,1,1,1,0,0,0,0,0,0,0,74,5376.108887,492,0,1,0.707685,-0.056082,-0.323628,-3.117000,-0.399000,0.076000,3
1.152979,6.250000,-38.851002,-17.211000,70.938004,22.982000,37.916000,150.164993,0.000000,0.000000,0.000000,0.000000,0.000000,0.000000,0.000000,203.000000,-663.000000,331.000000,-2008.000000,-4.000000,-157.000000,-101.000000,22.000000,22.000000,22.000000,22.000000,22.000000,22.000000,22.000000,32.000000,33.000000,34.000000,34.000000,34.000000,35.000000,36.000000,1,1,1,1,1,1,1,0,0,0,0,0,0,0,74,5376.109863,491,0,1,0.709664,-0.054564,-0.323628,-3.116000,-0.399000,0.076000,3
1.162954,5.746000,-38.433998,-16.808001,70.189003,22.983000,38.265999,150.667007,0.000000,0.000000,0.000000,0.000000,0.000000,0.000000,0.000000,203.000000,-663.000000,331.000000,-2008.000000,-4.000000,-157.000000,-101.000000,22.000000,22.000000,22.000000,22.000000,22.000000,22.000000,22.000000,32.000000,33.000000,34.000000,34.000000,34.000000,35.000000,36.000000,1,1,1,1,1,1,1,0,0,0,0,0,0,0,74,5376.108887,491,0,1,0.711799,-0.052467,-0.323627,-3.117000,-0.399000,0.076000,3
1.173025,5.277000,-38.133999,-16.413000,69.665001,22.982000,38.501999,151.091995,0.000000,0.000000,0.000000,0.000000,0.000000,0.000000,0.000000,203.000000,-663.000000,331.000000,-2008.000000,-4.000000,-157.000000,-101.000000,22.000000,22.000000,22.000000,22.000000,22.000000,22.000000,22.000000,32.000000,33.000000,34.000000,34.000000,34.000000,35.000000,36.000000,1,1,1,1,1,1,1,0,0,0,0,0,0,0,74,5376.108887,490,0,1,0.713353,-0.050515,-0.323628,-3.117000,-0.399000,0.076000,3
1.182987,4.770000,-37.882999,-15.967000,69.238998,22.978001,38.683998,151.518997,0.000000,0.000000,0.000000,0.000000,0.000000,0.000000,0.000000,203.000000,-663.000000,331.000000,-2008.000000,-4.000000,-157.000000,-101.000000,22.000000,22.000000,22.000000,22.000000,22.000000,22.000000,22.000000,32.000000,33.000000,34.000000,34.000000,34.000000,35.000000,36.000000,1,1,1,1,1,1,1,0,0,0,0,0,0,0,74,5376.108887,491,0,1,0.714681,-0.048404,-0.323627,-3.117000,-0.399000,0.076000,3
1.192971,4.231000,-37.685001,-15.475000,68.917999,22.972000,38.810001,151.940994,0.000000,0.000000,0.000000,0.000000,0.000000,0.000000,0.000000,203.000000,-663.000000,331.000000,-2008.000000,-4.000000,-157.000000,-101.000000,22.000000,22.000000,22.000000,22.000000,22.000000,22.000000,22.000000,32.000000,33.000000,34.000000,34.000000,34.000000,35.000000,36.000000,1,1,1,1,1,1,1,0,0,0,0,0,0,0,74,5376.108887,491,0,1,0.715767,-0.046158,-0.323628,-3.117000,-0.399000,0.076000,3
1.203019,3.667000,-37.541000,-14.943000,68.706001,22.964001,38.877998,152.354996,0.000000,0.000000,0.000000,0.000000,0.000000,0.000000,0.000000,203.000000,-663.000000,331.000000,-2008.000000,-4.000000,-157.000000,-101.000000,22.000000,22.000000,22.000000,22.000000,22.000000,22.000000,22.000000,32.000000,33.000000,34.000000,34.000000,34.000000,35.000000,36.000000,1,1,1,1,1,1,1,0,0,0,0,0,0,0,74,5376.109863,491,0,1,0.716598,-0.043806,-0.323628,-3.117000,-0.399000,0.076000,3
1.212975,2.967000,-37.445999,-14.264000,68.600998,22.954000,38.881001,152.832993,0.000000,0.000000,0.000000,0.000000,0.000000,0.000000,0.000000,203.000000,-663.000000,331.000000,-2008.000000,-4.000000,-157.000000,-101.000000,22.000000,22.000000,22.000000,22.000000,22.000000,22.000000,22.000000,32.000000,33.000000,34.000000,34.000000,34.000000,35.000000,36.000000,1,1,1,1,1,1,1,0,0,0,0,0,0,0,74,5376.106934,490,0,1,0.717244,-0.040884,-0.323627,-3.117000,-0.399000,0.076000,3
1.222910,2.731000,-37.431999,-14.029000,68.601997,22.950001,38.863998,152.985992,0.000000,0.000000,0.000000,0.000000,0.000000,0.000000,0.000000,203.000000,-663.000000,331.000000,-2008.000000,-4.000000,-157.000000,-101.000000,22.000000,22.000000,22.000000,22.000000,22.000000,22.000000,22.000000,32.000000,33.000000,34.000000,34.000000,34.000000,35.000000,36.000000,1,1,1,1,1,1,1,0,0,0,0,0,0,0,74,5376.108887,490,0,1,0.717372,-0.039894,-0.323628,-3.116000,-0.399000,0.076000,3
1.233056,2.020000,-37.450001,-13.309000,68.716003,22.938999,38.752998,153.423996,0.000000,0.000000,0.000000,0.000000,0.000000,0.000000,0.000000,203.000000,-663.000000,331.000000,-2008.000000,-4.000000,-157.000000,-101.000000,22.000000,22.000000,22.000000,22.000000,22.000000,22.000000,22.000000,32.000000,33.000000,34.000000,34.000000,34.000000,35.000000,36.000000,1,1,1,1,1,1,1,0,0,0,0,0,0,0,74,5376.106934,490,0,1,0.717492,-0.036903,-0.323628,-3.117000,-0.399000,0.076000,3
1.242990,1.434000,-37.528999,-12.699000,68.933998,22.931000,38.598000,153.761993,0.000000,0.000000,0.000000,0.000000,0.000000,0.000000,0.000000,203.000000,-663.000000,331.000000,-2008.000000,-4.000000,-157.000000,-101.000000,22.000000,22.000000,22.000000,22.000000,22.000000,22.000000,22.000000,32.000000,33.000000,34.000000,34.000000,34.000000,35.000000,36.000000,1,1,1,1,1,1,1,0,0,0,0,0,0,0,74,5376.106934,490,0,1,0.717287,-0.034418,-0.323628,-3.117000,-0.399000,0.076000,3
1.253005,0.866000,-37.664001,-12.093000,69.258003,22.924999,38.389999,154.067001,0.000000,0.000000,0.000000,0.000000,0.000000,0.000000,0.000000,203.000000,-663.000000,331.000000,-2008.000000,-4.000000,-157.000000,-101.000000,22.000000,22.000000,22.000000,22.000000,22.000000,22.000000,22.000000,32.000000,33.000000,34.000000,34.000000,34.000000,35.000000,36.000000,1,1,1,1,1,1,1,0,0,0,0,0,0,0,74,5376.108887,492,0,1,0.716814,-0.031986,-0.323627,-3.116000,-0.399000,0.076000,3
1.262996,0.334000,-37.848000,-11.509000,69.675003,22.922001,38.134998,154.334000,0.000000,0.000000,0.000000,0.000000,0.000000,0.000000,0.000000,203.000000,-663.000000,331.000000,-2008.000000,-4.000000,-157.000000,-101.000000,22.000000,22.000000,22.000000,22.000000,22.000000,22.000000,22.000000,32.000000,33.000000,34.000000,34.000000,34.000000,35.000000,36.000000,1,1,1,1,1,1,1,0,0,0,0,0,0,0,74,5376.108887,489,0,1,0.716094,-0.029673,-0.323628,-3.117000,-0.399000,0.076000,3
1.272991,-0.149000,-38.071999,-10.963000,70.165001,22.922001,37.846001,154.559006,0.000000,0.000000,0.000000,0.000000,0.000000,0.000000,0.000000,203.000000,-663.000000,331.000000,-2008.000000,-4.000000,-157.000000,-101.000000,22.000000,22.000000,22.000000,22.000000,22.000000,22.000000,22.000000,32.000000,33.000000,34.000000,34.000000,34.000000,35.000000,36.000000,1,1,1,1,1,1,1,0,0,0,0,0,0,0,74,5376.108887,491,0,1,0.715170,-0.027529,-0.323627,-3.117000,-0.399000,0.076000,3
1.282989,-0.656000,-38.375999,-10.371000,70.816002,22.924999,37.471001,154.772995,0.000000,0.000000,0.000000,0.000000,0.000000,0.000000,0.000000,203.000000,-663.000000,331.000000,-2008.000000,-4.000000,-157.000000,-101.000000,22.000000,22.000000,22.000000,22.000000,22.000000,22.000000,22.000000,32.000000,33.000000,34.000000,34.000000,34.000000,35.000000,36.000000,1,1,1,1,1,1,1,0,0,0,0,0,0,0,74,5376.108887,490,0,1,0.713862,-0.025234,-0.323627,-3.116000,-0.399000,0.076000,3
1.293027,-1.013000,-38.644001,-9.938000,71.384003,22.930000,37.148998,154.908005,0.000000,0.000000,0.000000,0.000000,0.000000,0.000000,0.000000,203.000000,-663.000000,331.000000,-2008.000000,-4.000000,-157.000000,-101.000000,22.000000,22.000000,22.000000,22.000000,22.000000,22.000000,22.000000,32.000000,33.000000,34.000000,34.000000,34.000000,35.000000,36.000000,1,1,1,1,1,1,1,0,0,0,0,0,0,0,74,5376.109863,489,0,1,0.712670,-0.023571,-0.323627,-3.117000,-0.399000,0.076000,3
1.303050,-1.312000,-38.916000,-9.561000,71.954002,22.936001,36.828999,155.009003,0.000000,0.000000,0.000000,0.000000,0.000000,0.000000,0.000000,203.000000,-663.000000,331.000000,-2008.000000,-4.000000,-157.000000,-101.000000,22.000000,22.000000,22.000000,22.000000,22.000000,22.000000,22.000000,32.000000,33.000000,34.000000,34.000000,34.000000,35.000000,36.000000,1,1,1,1,1,1,1,0,0,0,0,0,0,0,74,5376.108887,489,0,1,0.711439,-0.022137,-0.323627,-3.116000,-0.400000,0.076000,3
1.312981,-1.558000,-39.181999,-9.238000,72.511002,22.943001,36.520000,155.078995,0.000000,0.000000,0.000000,0.000000,0.000000,0.000000,0.000000,203.000000,-663.000000,331.000000,-2008.000000,-4.000000,-157.000000,-101.000000,22.000000,22.000000,22.000000,22.000000,22.000000,22.000000,22.000000,32.000000,33.000000,34.000000,34.000000,34.000000,35.000000,36.000000,1,1,1,1,1,1,1,0,0,0,0,0,0,0,74,5376.108887,492,0,1,0.710208,-0.020918,-0.323627,-3.117000,-0.399000,0.076000,3
1.323070,-1.683000,-39.337002,-9.067000,72.834000,22.947001,36.341999,155.110001,0.000000,0.000000,0.000000,0.000000,0.000000,0.000000,0.000000,203.000000,-663.000000,331.000000,-2008.000000,-4.000000,-157.000000,-101.000000,22.000000,22.000000,22.000000,22.000000,22.000000,22.000000,22.000000,32.000000,33.000000,34.000000,34.000000,34.000000,35.000000,36.000000,1,1,1,1,1,1,1,0,0,0,0,0,0,0,74,5376.111816,491,0,1,0.709482,-0.020280,-0.323628,-3.116000,-0.399000,0.076000,3
1.332989,-1.946000,-39.730999,-8.686000,73.651001,22.958000,35.893002,155.156998,0.000000,0.000000,0.000000,0.000000,0.000000,0.000000,0.000000,203.000000,-663.000000,331.000000,-2008.000000,-4.000000,-157.000000,-101.000000,22.000000,22.000000,22.000000,22.000000,22.000000,22.000000,22.000000,32.000000,33.000000,34.000000,34.000000,34.000000,35.000000,36.000000,1,1,1,1,1,1,1,0,0,0,0,0,0,0,74,5376.106934,490,0,1,0.707613,-0.018868,-0.323627,-3.117000,-0.399000,0.076000,3
1.343103,-1.999000,-39.825001,-8.604000,73.846001,22.959999,35.785999,155.162994,0.000000,0.000000,0.000000,0.000000,0.000000,0.000000,0.000000,203.000000,-663.000000,331.000000,-2008.000000,-4.000000,-157.000000,-101.000000,22.000000,22.000000,22.000000,22.000000,22.000000,22.000000,22.000000,32.000000,33.000000,34.000000,34.000000,34.000000,35.000000,36.000000,1,1,1,1,1,1,1,0,0,0,0,0,0,0,74,5376.109863,492,0,1,0.707162,-0.018570,-0.323627,-3.117000,-0.399000,0.076000,3
1.353042,-2.133000,-40.098000,-8.386000,74.412003,22.966999,35.477001,155.167999,0.000000,0.000000,0.000000,0.000000,0.000000,0.000000,0.000000,203.000000,-663.000000,331.000000,-2008.000000,-4.000000,-157.000000,-101.000000,22.000000,22.000000,22.000000,22.000000,22.000000,22.000000,22.000000,32.000000,33.000000,34.000000,34.000000,34.000000,35.000000,36.000000,1,1,1,1,1,1,1,0,0,0,0,0,0,0,74,5376.108887,490,0,1,0.705835,-0.017781,-0.323627,-3.117000,-0.399000,0.076000,3
1.362993,-2.222000,-40.320999,-8.228000,74.874001,22.974001,35.226002,155.160004,0.000000,0.000000,0.000000,0.000000,0.000000,0.000000,0.000000,203.000000,-663.000000,331.000000,-2008.000000,-4.000000,-157.000000,-101.000000,22.000000,22.000000,22.000000,22.000000,22.000000,22.000000,22.000000,32.000000,33.000000,34.000000,34.000000,34.000000,35.000000,36.000000,1,1,1,1,1,1,1,0,0,0,0,0,0,0,74,5376.108887,489,0,1,0.704739,-0.017217,-0.323627,-3.116000,-0.400000,0.076000,3
1.373018,-2.290000,-40.547001,-8.088000,75.341003,22.980000,34.973000,155.139008,0.000000,0.000000,0.000000,0.000000,0.000000,0.000000,0.000000,203.000000,-663.000000,331.000000,-2008.000000,-4.000000,-157.000000,-101.000000,22.000000,22.000000,22.000000,22.000000,22.000000,22.000000,22.000000,32.000000,33.000000,34.000000,34.000000,34.000000,35.000000,36.000000,1,1,1,1,1,1,1,0,0,0,0,0,0,0,74,5376.108887,489,0,1,0.703618,-0.016730,-0.323628,-3.117000,-0.399000,0.076000,0
1.383121,-2.340000,-40.776001,-7.966000,75.815002,22.986000,34.717999,155.106003,0.000000,0.000000,0.000000,0.000000,0.000000,0.000000,0.000000,203.000000,-663.000000,331.000000,-2008.000000,-4.000000,-157.000000,-101.000000,22.000000,22.000000,22.000000,22.000000,22.000000,22.000000,22.000000,32.000000,33.000000,34.000000,34.000000,34.000000,35.000000,36.000000,1,1,1,1,1,1,1,0,0,0,0,0,0,0,74,5376.108887,490,0,1,0.702468,-0.016318,-0.323628,-3.117000,-0.399000,0.077000,0
1.393061,-2.376000,-41.053001,-7.840000,76.389999,22.993000,34.409000,155.050995,0.000000,0.000000,0.000000,0.000000,0.000000,0.000000,0.000000,203.000000,-663.000000,331.000000,-2008.000000,-4.000000,-157.000000,-101.000000,22.000000,22.000000,22.000000,22.000000,22.000000,22.000000,22.000000,32.000000,33.000000,34.000000,34.000000,34.000000,35.000000,36.000000,1,1,1,1,1,1,1,0,0,0,0,0,0,0,74,5376.106934,490,0,1,0.701060,-0.015914,-0.323628,-3.117000,-0.399000,0.076000,0
1.402965,-2.389000,-41.285999,-7.751000,76.870003,22.999001,34.152000,154.994995,0.000000,0.000000,0.000000,0.000000,0.000000,0.000000,0.000000,203.000000,-663.000000,331.000000,-2008.000000,-4.000000,-157.000000,-101.000000,22.000000,22.000000,22.000000,22.000000,22.000000,22.000000,22.000000,32.000000,33.000000,34.000000,34.000000,34.000000,35.000000,36.000000,1,1,1,1,1,1,1,0,0,0,0,0,0,0,74,5376.106934,489,0,1,0.699868,-0.015645,-0.323627,-3.117000,-0.399000,0.077000,0
1.413055,-2.388000,-41.518002,-7.676000,77.350998,23.004000,33.895000,154.931000,0.000000,0.000000,0.000000,0.000000,0.000000,0.000000,0.000000,203.000000,-663.000000,331.000000,-2008.000000,-4.000000,-157.000000,-101.000000,22.000000,22.000000,22.000000,22.000000,22.000000,22.000000,22.000000,32.000000,33.000000,34.000000,34.000000,34.000000,35.000000,36.000000,1,1,1,1,1,1,1,0,0,0,0,0,0,0,74,5376.108887,491,0,1,0.698665,-0.015431,-0.323627,-3.117000,-0.399000,0.077000,0
1.423204,-2.375000,-41.750000,-7.612000,77.832001,23.010000,33.638000,154.858994,0.000000,0.000000,0.000000,0.000000,0.000000,0.000000,0.000000,203.000000,-663.000000,331.000000,-2008.000000,-4.000000,-157.000000,-101.000000,22.000000,22.000000,22.000000,22.000000,22.000000,22.000000,22.000000,32.000000,33.000000,34.000000,34.000000,34.000000,35.000000,36.000000,1,1,1,1,1,1,1,0,0,0,0,0,0,0,74,5376.108887,489,0,1,0.697455,-0.015265,-0.323628,-3.117000,-0.399000,0.077000,0
1.433065,-2.346000,-42.027000,-7.549000,78.405998,23.014999,33.333000,154.764999,0.000000,0.000000,0.000000,0.000000,0.000000,0.000000,0.000000,203.000000,-663.000000,331.000000,-2008.000000,-4.000000,-157.000000,-101.000000,22.000000,22.000000,22.000000,22.000000,22.000000,22.000000,22.000000,32.000000,33.000000,34.000000,34.000000,34.000000,35.000000,36.000000,1,1,1,1,1,1,1,0,0,0,0,0,0,0,74,5376.106934,491,0,1,0.695996,-0.015122,-0.323628,-3.117000,-0.399000,0.077000,0
1.443092,-2.311000,-42.257000,-7.505000,78.880997,23.020000,33.078999,154.682007,0.000000,0.000000,0.000000,0.000000,0.000000,0.000000,0.000000,203.000000,-663.000000,331.000000,-2008.000000,-4.000000,-157.000000,-101.000000,22.000000,22.000000,22.000000,22.000000,22.000000,22.000000,22.000000,32.000000,33.000000,34.000000,34.000000,34.000000,35.000000,36.000000,1,1,1,1,1,1,1,0,0,0,0,0,0,0,74,5376.108887,491,0,1,0.694777,-0.015042,-0.323628,-3.117000,-0.399000,0.077000,0
1.453009,-2.295000,-42.348999,-7.490000,79.070999,23.021999,32.978001,154.647003,0.000000,0.000000,0.000000,0.000000,0.000000,0.000000,0.000000,203.000000,-663.000000,331.000000,-2008.000000,-4.000000,-157.000000,-101.000000,22.000000,22.000000,22.000000,22.000000,22.000000,22.000000,22.000000,32.000000,33.000000,34.000000,34.000000,34.000000,35.000000,36.000000,1,1,1,1,1,1,1,0,0,0,0,0,0,0,74,5376.109863,489,0,1,0.694289,-0.015018,-0.323628,-3.117000,-0.399000,0.077000,0
1.463022,-2.242000,-42.623001,-7.450000,79.637001,23.025999,32.676998,154.539993,0.000000,0.000000,0.000000,0.000000,0.000000,0.000000,0.000000,203.000000,-663.000000,331.000000,-2008.000000,-4.000000,-157.000000,-101.000000,22.000000,22.000000,22.000000,22.000000,22.000000,22.000000,22.000000,32.000000,33.000000,34.000000,34.000000,34.000000,35.000000,36.000000,1,1,1,1,1,1,1,0,0,0,0,0,0,0,74,5376.108887,491,0,1,0.692824,-0.014972,-0.323628,-3.117000,-0.399000,0.077000,0
1.473079,-2.192000,-42.848999,-7.423000,80.106003,23.030001,32.428001,154.449005,0.000000,0.000000,0.000000,0.000000,0.000000,0.000000,0.000000,203.000000,-663.000000,331.000000,-2008.000000,-4.000000,-157.000000,-101.000000,22.000000,22.000000,22.000000,22.000000,22.000000,22.000000,22.000000,32.000000,33.000000,34.000000,34.000000,34.000000,35.000000,36.000000,1,1,1,1,1,1,1,0,0,0,0,0,0,0,74,5376.108887,491,0,1,0.691602,-0.014956,-0.323628,-3.117000,-0.399000,0.077000,0
1.482978,-2.137000,-43.075001,-7.400000,80.572998,23.034000,32.181000,154.354996,0.000000,0.000000,0.000000,0.000000,0.000000,0.000000,0.000000,203.000000,-663.000000,331.000000,-2008.000000,-4.000000,-157.000000,-101.000000,22.000000,22.000000,22.000000,22.000000,22.000000,22.000000,22.000000,32.000000,33.000000,34.000000,34.000000,34.000000,35.000000,36.000000,1,1,1,1,1,1,1,0,0,0,0,0,0,0,74,5376.108887,491,0,1,0.690380,-0.014955,-0.323628,-3.117000,-0.399000,0.076000,0
1.492960,-2.081000,-43.299000,-7.379000,81.036003,23.037001,31.934000,154.261002,0.000000,0.000000,0.000000,0.000000,0.000000,0.000000,0.000000,203.000000,-663.000000,331.000000,-2008.000000,-4.000000,-157.000000,-101.000000,22.000000,22.000000,22.000000,22.000000,22.000000,22.000000,22.000000,32.000000,33.000000,34.000000,34.000000,34.000000,35.000000,36.000000,1,1,1,1,1,1,1,0,0,0,0,0,0,0,74,5376.108887,490,0,1,0.689159,-0.014964,-0.323627,-3.117000,-0.399000,0.076000,0
1.502974,-2.022000,-43.522999,-7.361000,81.498001,23.040001,31.688999,154.167007,0.000000,0.000000,0.000000,0.000000,0.000000,0.000000,0.000000,203.000000,-663.000000,331.000000,-2008.000000,-4.000000,-157.000000,-101.000000,22.000000,22.000000,22.000000,22.000000,22.000000,22.000000,22.000000,32.000000,33.000000,34.000000,34.000000,34.000000,35.000000,36.000000,1,1,1,1,1,1,1,0,0,0,0,0,0,0,74,5376.106934,490,0,1,0.687937,-0.014978,-0.323628,-3.117000,-0.399000,0.076000,0
1.512956,-1.952000,-43.789001,-7.338000,82.049004,23.045000,31.396000,154.054001,0.000000,0.000000,0.000000,0.000000,0.000000,0.000000,0.000000,203.000000,-663.000000,331.000000,-2008.000000,-4.000000,-157.000000,-101.000000,22.000000,22.000000,22.000000,22.000000,22.000000,22.000000,22.000000,32.000000,33.000000,34.000000,34.000000,34.000000,35.000000,36.000000,1,1,1,1,1,1,1,0,0,0,0,0,0,0,74,5376.108887,490,0,1,0.686471,-0.014994,-0.323628,-3.117000,-0.399000,0.076000,0
1.523029,-1.895000,-44.011002,-7.318000,82.505997,23.048000,31.153000,153.962006,0.000000,0.000000,0.000000,0.000000,0.000000,0.000000,0.000000,203.000000,-663.000000,331.000000,-2008.000000,-4.000000,-157.000000,-101.000000,22.000000,22.000000,22.000000,22.000000,22.000000,22.000000,22.000000,32.000000,33.000000,34.000000,34.000000,34.000000,35.000000,36.000000,1,1,1,1,1,1,1,0,0,0,0,0,0,0,74,5376.106934,491,0,1,0.685249,-0.015000,-0.323628,-3.117000,-0.399000,0.077000,0
1.532986,-1.873000,-44.098999,-7.310000,82.686996,23.049999,31.056999,153.925995,0.000000,0.000000,0.000000,0.000000,0.000000,0.000000,0.000000,203.000000,-663.000000,331.000000,-2008.000000,-4.000000,-157.000000,-101.000000,22.000000,22.000000,22.000000,22.000000,22.000000,22.000000,22.000000,32.000000,33.000000,34.000000,34.000000,34.000000,35.000000,36.000000,1,1,1,1,1,1,1,0,0,0,0,0,0,0,74,5376.109863,492,0,1,0.684764,-0.014999,-0.323628,-3.117000,-0.399000,0.076000,1
1.543268,-1.782000,-44.458000,-7.277000,83.427002,23.056999,30.663000,153.778000,0.000000,0.000000,0.000000,0.000000,0.000000,0.000000,0.000000,203.000000,-663.000000,331.000000,-2008.000000,-4.000000,-157.000000,-101.000000,22.000000,22.000000,22.000000,22.000000,22.000000,22.000000,22.000000,32.000000,33.000000,34.000000,34.000000,34.000000,35.000000,36.000000,1,1,1,1,1,1,1,0,0,0,0,0,0,0,74,5376.108887,490,0,1,0.682771,-0.014999,-0.323627,-3.117000,-0.399000,0.077000,1
1.553036,-1.720000,-44.696999,-7.256000,83.919998,23.062000,30.400000,153.679993,0.000000,0.000000,0.000000,0.000000,0.000000,0.000000,0.000000,203.000000,-663.000000,331.000000,-2008.000000,-4.000000,-157.000000,-101.000000,22.000000,22.000000,22.000000,22.000000,22.000000,22.000000,22.000000,32.000000,33.000000,34.000000,34.000000,34.000000,35.000000,36.000000,1,1,1,1,1,1,1,0,0,0,0,0,0,0,74,5376.108887,492,0,1,0.681435,-0.014999,-0.323628,-3.117000,-0.399000,0.076000,1
1.563037,-1.639000,-45.007999,-7.229000,84.560997,23.068001,30.059000,153.552002,0.000000,0.000000,0.000000,0.000000,0.000000,0.000000,0.000000,203.000000,-663.000000,331.000000,-2008.000000,-4.000000,-157.000000,-101.000000,22.000000,22.000000,22.000000,22.000000,22.000000,22.000000,22.000000,32.000000,33.000000,34.000000,34.000000,34.000000,35.000000,36.000000,1,1,1,1,1,1,1,0,0,0,0,0,0,0,74,5376.106934,492,0,1,0.679688,-0.014999,-0.323628,-3.117000,-0.399000,0.076000,1
1.572987,-1.610000,-45.118999,-7.219000,84.789001,23.070999,29.937000,153.505997,0.000000,0.000000,0.000000,0.000000,0.000000,0.000000,0.000000,203.000000,-663.000000,331.000000,-2008.000000,-4.000000,-157.000000,-101.000000,22.000000,22.000000,22.000000,22.000000,22.000000,22.000000,22.000000,32.000000,33.000000,34.000000,34.000000,34.000000,35.000000,36.000000,1,1,1,1,1,1,1,0,0,0,0,0,0,0,74,5376.108887,491,0,1,0.679063,-0.014999,-0.323628,-3.117000,-0.399000,0.077000,1
1.583101,-1.516000,-45.474998,-7.189000,85.523003,23.079000,29.545000,153.360001,0.000000,0.000000,0.000000,0.000000,0.000000,0.000000,0.000000,203.000000,-663.000000,331.000000,-2008.000000,-4.000000,-157.000000,-101.000000,22.000000,22.000000,22.000000,22.000000,22.000000,22.000000,22.000000,32.000000,33.000000,34.000000,34.000000,34.000000,35.000000,36.000000,1,1,1,1,1,1,1,0,0,0,0,0,0,0,74,5376.106934,490,0,1,0.677045,-0.014999,-0.323627,-3.117000,-0.399000,0.077000,1
1.593027,-1.428000,-45.800999,-7.163000,86.194000,23.087000,29.188000,153.225998,0.000000,0.000000,0.000000,0.000000,0.000000,0.000000,0.000000,203.000000,-663.000000,331.000000,-2008.000000,-4.000000,-157.000000,-101.000000,22.000000,22.000000,22.000000,22.000000,22.000000,22.000000,22.000000,32.000000,33.000000,34.000000,34.000000,34.000000,35.000000,36.000000,1,1,1,1,1,1,1,0,0,0,0,0,0,0,74,5376.108887,490,0,1,0.675190,-0.014999,-0.323628,-3.117000,-0.399000,0.077000,1
1.602957,-1.333000,-46.153000,-7.135000,86.916000,23.096001,28.802000,153.082001,0.000000,0.000000,0.000000,0.000000,0.000000,0.000000,0.000000,203.000000,-663.000000,331.000000,-2008.000000,-4.000000,-157.000000,-101.000000,22.000000,22.000000,22.000000,22.000000,22.000000,22.000000,22.000000,32.000000,33.000000,34.000000,34.000000,34.000000,35.000000,36.000000,1,1,1,1,1,1,1,0,0,0,0,0,0,0,74,5376.108887,490,0,1,0.673177,-0.014999,-0.323628,-3.117000,-0.399000,0.077000,1
1.612920,-1.230000,-46.528000,-7.106000,87.686996,23.105000,28.389999,152.929001,0.000000,0.000000,0.000000,0.000000,0.000000,0.000000,0.000000,203.000000,-663.000000,331.000000,-2008.000000,-4.000000,-157.000000,-101.000000,22.000000,22.000000,22.000000,22.000000,22.000000,22.000000,22.000000,32.000000,33.000000,34.000000,34.000000,34.000000,35.000000,36.000000,1,1,1,1,1,1,1,0,0,0,0,0,0,0,74,5376.108887,488,0,1,0.671016,-0.014999,-0.323628,-3.117000,-0.399000,0.077000,1
1.622917,-1.096000,-47.004002,-7.071000,88.663002,23.115999,27.868000,152.735992,0.000000,0.000000,0.000000,0.000000,0.000000,0.000000,0.000000,203.000000,-663.000000,331.000000,-2008.000000,-4.000000,-157.000000,-101.000000,22.000000,22.000000,22.000000,22.000000,22.000000,22.000000,22.000000,32.000000,33.000000,34.000000,34.000000,34.000000,35.000000,36.000000,1,1,1,1,1,1,1,0,0,0,0,0,0,0,74,5376.108887,491,0,1,0.668254,-0.015000,-0.323628,-3.117000,-0.399000,0.077000,1
1.632923,-1.050000,-47.167000,-7.060000,88.999001,23.120001,27.688000,152.669006,0.000000,0.000000,0.000000,0.000000,0.000000,0.000000,0.000000,203.000000,-663.000000,331.000000,-2008.000000,-4.000000,-157.000000,-101.000000,22.000000,22.000000,22.000000,22.000000,22.000000,22.000000,22.000000,32.000000,33.000000,34.000000,34.000000,34.000000,35.000000,36.000000,1,1,1,1,1,1,1,0,0,0,0,0,0,0,74,5376.108887,491,0,1,0.667300,-0.014999,-0.323628,-3.117000,-0.399000,0.077000,1
1.643018,-0.907000,-47.667999,-7.025000,90.024002,23.132000,27.139000,152.468002,0.000000,0.000000,0.000000,0.000000,0.000000,0.000000,0.000000,203.000000,-663.000000,331.000000,-2008.000000,-4.000000,-157.000000,-101.000000,22.000000,22.000000,22.000000,22.000000,22.000000,22.000000,22.000000,32.000000,33.000000,34.000000,34.000000,34.000000,35.000000,36.000000,1,1,1,1,1,1,1,0,0,0,0,0,0,0,74,5376.111816,490,0,1,0.664368,-0.014999,-0.323628,-3.117000,-0.399000,0.077000,1
1.652927,-0.734000,-48.257999,-6.986000,91.231003,23.145000,26.490999,152.231995,0.000000,0.000000,0.000000,0.000000,0.000000,0.000000,0.000000,203.000000,-663.000000,331.000000,-2008.000000,-4.000000,-157.000000,-101.000000,22.000000,22.000000,22.000000,22.000000,22.000000,22.000000,22.000000,32.000000,33.000000,34.000000,34.000000,34.000000,35.000000,36.000000,1,1,1,1,1,1,1,0,0,0,0,0,0,0,74,5376.106934,491,0,1,0.660879,-0.014999,-0.323628,-3.117000,-0.399000,0.077000,1
1.662901,-0.584000,-48.759998,-6.955000,92.258003,23.156000,25.940001,152.031998,0.000000,0.000000,0.000000,0.000000,0.000000,0.000000,0.000000,203.000000,-663.000000,331.000000,-2008.000000,-4.000000,-157.000000,-101.000000,22.000000,22.000000,22.000000,22.000000,22.000000,22.000000,22.000000,32.000000,33.000000,34.000000,34.000000,34.000000,35.000000,36.000000,1,1,1,1,1,1,1,0,0,0,0,0,0,0,74,5376.108887,490,0,1,0.657883,-0.014999,-0.323628,-3.117000,-0.399000,0.077000,1
1.672925,-0.534000,-48.925999,-6.945000,92.598000,23.159000,25.757000,151.966003,0.000000,0.000000,0.000000,0.000000,0.000000,0.000000,0.000000,203.000000,-663.000000,331.000000,-2008.000000,-4.000000,-157.000000,-101.000000,22.000000,22.000000,22.000000,22.000000,22.000000,22.000000,22.000000,32.000000,33.000000,34.000000,34.000000,34.000000,35.000000,36.000000,1,1,1,1,1,1,1,0,0,0,0,0,0,0,74,5376.108887,492,0,1,0.656885,-0.014999,-0.323628,-3.117000,-0.399000,0.077000,1
1.682913,-0.408000,-49.341000,-6.920000,93.445000,23.167999,25.301001,151.802994,0.000000,0.000000,0.000000,0.000000,0.000000,0.000000,0.000000,203.000000,-663.000000,331.000000,-2008.000000,-4.000000,-157.000000,-101.000000,22.000000,22.000000,22.000000,22.000000,22.000000,22.000000,22.000000,32.000000,33.000000,34.000000,34.000000,34.000000,35.000000,36.000000,1,1,1,1,1,1,1,0,0,0,0,0,0,0,74,5376.106934,490,0,1,0.654388,-0.014999,-0.323628,-3.117000,-0.399000,0.077000,1
1.692989,-0.255000,-49.835999,-6.893000,94.453003,23.177000,24.759001,151.610001,0.000000,0.000000,0.000000,0.000000,0.000000,0.000000,0.000000,203.000000,-663.000000,331.000000,-2008.000000,-4.000000,-157.000000,-101.000000,22.000000,22.000000,22.000000,22.000000,22.000000,22.000000,22.000000,32.000000,33.000000,34.000000,34.000000,34.000000,35.000000,36.000000,1,1,1,1,1,1,1,0,0,0,0,0,0,0,74,5376.108887,489,0,1,0.651392,-0.014999,-0.323628,-3.117000,-0.399000,0.077000,1
1.703005,-0.127000,-50.244999,-6.871000,95.286003,23.184000,24.309000,151.451004,0.000000,0.000000,0.000000,0.000000,0.000000,0.000000,0.000000,203.000000,-663.000000,331.000000,-2008.000000,-4.000000,-157.000000,-101.000000,22.000000,22.000000,22.000000,22.000000,22.000000,22.000000,22.000000,32.000000,33.000000,34.000000,34.000000,34.000000,35.000000,36.000000,1,1,1,1,1,1,1,0,0,0,0,0,0,0,74,5376.108887,490,0,1,0.648895,-0.014999,-0.323628,-3.117000,-0.399000,0.077000,1
1.712957,0.001000,-50.652000,-6.850000,96.113998,23.191000,23.863001,151.294006,0.000000,0.000000,0.000000,0.000000,0.000000,0.000000,0.000000,203.000000,-663.000000,331.000000,-2008.000000,-4.000000,-157.000000,-101.000000,22.000000,22.000000,22.000000,22.000000,22.000000,22.000000,22.000000,32.000000,33.000000,34.000000,34.000000,34.000000,35.000000,36.000000,1,1,1,1,1,1,1,0,0,0,0,0,0,0,74,5376.106934,490,0,1,0.646399,-0.014999,-0.323628,-3.117000,-0.399000,0.077000,1
1.722926,0.131000,-51.056999,-6.831000,96.936996,23.197001,23.417999,151.139008,0.000000,0.000000,0.000000,0.000000,0.000000,0.000000,0.000000,203.000000,-663.000000,331.000000,-2008.000000,-4.000000,-157.000000,-101.000000,22.000000,22.000000,22.000000,22.000000,22.000000,22.000000,22.000000,32.000000,33.000000,34.000000,34.000000,34.000000,35.000000,36.000000,1,1,1,1,1,1,1,0,0,0,0,0,0,0,74,5376.106934,490,0,1,0.643902,-0.014999,-0.323628,-3.117000,-0.399000,0.077000,1
1.732897,0.288000,-51.540001,-6.809000,97.917000,23.204000,22.889000,150.955002,0.000000,0.000000,0.000000,0.000000,0.000000,0.000000,0.000000,203.000000,-663.000000,331.000000,-2008.000000,-4.000000,-157.000000,-101.000000,22.000000,22.000000,22.000000,22.000000,22.000000,22.000000,22.000000,32.000000,33.000000,34.000000,34.000000,34.000000,35.000000,36.000000,1,1,1,1,1,1,1,0,0,0,0,0,0,0,74,5376.108887,490,0,1,0.640906,-0.014999,-0.323628,-3.117000,-0.399000,0.077000,1
1.743002,0.341000,-51.700001,-6.802000,98.242996,23.205999,22.712999,150.893997,0.000000,0.000000,0.000000,0.000000,0.000000,0.000000,0.000000,203.000000,-663.000000,331.000000,-2008.000000,-4.000000,-157.000000,-101.000000,22.000000,22.000000,22.000000,22.000000,22.000000,22.000000,22.000000,32.000000,33.000000,34.000000,34.000000,34.000000,35.000000,36.000000,1,1,1,1,1,1,1,0,0,0,0,0,0,0,74,5376.106934,492,0,1,0.639908,-0.014999,-0.323628,-3.117000,-0.399000,0.077000,1
1.752966,0.552000,-52.338001,-6.775000,99.535004,23.214001,22.013000,150.654999,0.000000,0.000000,0.000000,0.000000,0.000000,0.000000,0.000000,203.000000,-663.000000,331.000000,-2008.000000,-4.000000,-157.000000,-101.000000,22.000000,22.000000,22.000000,22.000000,22.000000,22.000000,22.000000,32.000000,33.000000,34.000000,34.000000,34.000000,35.000000,36.000000,1,1,1,1,1,1,1,0,0,0,0,0,0,0,74,5376.106934,492,0,1,0.635913,-0.014999,-0.323628,-3.117000,-0.399000,0.077000,1
1.762940,0.712000,-52.813000,-6.757000,100.496002,23.219000,21.492001,150.479004,0.000000,0.000000,0.000000,0.000000,0.000000,0.000000,0.000000,203.000000,-663.000000,331.000000,-2008.000000,-4.000000,-157.000000,-101.000000,22.000000,22.000000,22.000000,22.000000,22.000000,22.000000,22.000000,32.000000,33.000000,34.000000,34.000000,34.000000,35.000000,36.000000,1,1,1,1,1,1,1,0,0,0,0,0,0,0,74,5376.108887,490,0,1,0.632917,-0.014999,-0.323628,-3.117000,-0.399000,0.077000,1
1.772924,0.765000,-52.971001,-6.751000,100.815002,23.221001,21.319000,150.419998,0.000000,0.000000,0.000000,0.000000,0.000000,0.000000,0.000000,203.000000,-663.000000,331.000000,-2008.000000,-4.000000,-157.000000,-101.000000,22.000000,22.000000,22.000000,22.000000,22.000000,22.000000,22.000000,32.000000,33.000000,34.000000,34.000000,34.000000,35.000000,36.000000,1,1,1,1,1,1,1,0,0,0,0,0,0,0,74,5376.108887,489,0,1,0.631919,-0.014999,-0.323628,-3.117000,-0.399000,0.077000,1
1.782929,0.899000,-53.363998,-6.737000,101.609001,23.224001,20.889000,150.276001,0.000000,0.000000,0.000000,0.000000,0.000000,0.000000,0.000000,203.000000,-663.000000,331.000000,-2008.000000,-4.000000,-157.000000,-101.000000,22.000000,22.000000,22.000000,22.000000,22.000000,22.000000,22.000000,32.000000,33.000000,34.000000,34.000000,34.000000,35.000000,36.000000,1,1,1,1,1,1,1,0,0,0,0,0,0,0,74,5376.108887,490,0,1,0.629422,-0.014999,-0.323628,-3.117000,-0.399000,0.077000,1
1.792891,1.060000,-53.833000,-6.722000,102.556000,23.226999,20.375000,150.104996,0.000000,0.000000,0.000000,0.000000,0.000000,0.000000,0.000000,203.000000,-663.000000,331.000000,-2008.000000,-4.000000,-157.000000,-101.000000,22.000000,22.000000,22.000000,22.000000,22.000000,22.000000,22.000000,32.000000,33.000000,34.000000,34.000000,34.000000,35.000000,36.000000,1,1,1,1,1,1,1,0,0,0,0,0,0,0,74,5376.108887,490,0,1,0.626426,-0.014999,-0.323628,-3.117000,-0.399000,0.077000,1
1.802962,1.196000,-54.222000,-6.710000,103.339996,23.229000,19.948999,149.964996,0.000000,0.000000,0.000000,0.000000,0.000000,0.000000,0.000000,203.000000,-663.000000,331.000000,-2008.000000,-4.000000,-157.000000,-101.000000,22.000000,22.000000,22.000000,22.000000,22.000000,22.000000,22.000000,32.000000,33.000000,34.000000,34.000000,34.000000,35.000000,36.000000,1,1,1,1,1,1,1,0,0,0,0,0,0,0,74,5376.108887,491,0,1,0.623930,-0.014999,-0.323628,-3.117000,-0.399000,0.077000,1
1.813018,1.332000,-54.609001,-6.699000,104.120003,23.231001,19.525000,149.826004,0.000000,0.000000,0.000000,0.000000,0.000000,0.000000,0.000000,203.000000,-663.000000,331.000000,-2008.000000,-4.000000,-157.000000,-101.000000,22.000000,22.000000,22.000000,22.000000,22.000000,22.000000,22.000000,32.000000,33.000000,34.000000,34.000000,34.000000,35.000000,36.000000,1,1,1,1,1,1,1,0,0,0,0,0,0,0,74,5376.108887,489,0,1,0.621433,-0.014999,-0.323627,-3.117000,-0.399000,0.077000,1
1.822978,1.495000,-55.071999,-6.687000,105.051003,23.231001,19.018999,149.662003,0.000000,0.000000,0.000000,0.000000,0.000000,0.000000,0.000000,203.000000,-663.000000,331.000000,-2008.000000,-4.000000,-157.000000,-101.000000,22.000000,22.000000,22.000000,22.000000,22.000000,22.000000,22.000000,32.000000,33.000000,34.000000,34.000000,34.000000,35.000000,36.000000,1,1,1,1,1,1,1,0,0,0,0,0,0,0,74,5376.108887,490,0,1,0.618437,-0.014999,-0.323628,-3.117000,-0.399000,0.077000,1
1.832964,1.550000,-55.226002,-6.683000,105.359001,23.231001,18.851000,149.608002,0.000000,0.000000,0.000000,0.000000,0.000000,0.000000,0.000000,203.000000,-663.000000,331.000000,-2008.000000,-4.000000,-157.000000,-101.000000,22.000000,22.000000,22.000000,22.000000,22.000000,22.000000,22.000000,32.000000,33.000000,34.000000,34.000000,34.000000,35.000000,36.000000,1,1,1,1,1,1,1,0,0,0,0,0,0,0,74,5376.109863,491,0,1,0.617439,-0.014999,-0.323628,-3.117000,-0.399000,0.077000,1
1.843041,1.714000,-55.686001,-6.673000,106.281998,23.231001,18.349001,149.447006,0.000000,0.000000,0.000000,0.000000,0.000000,0.000000,0.000000,203.000000,-663.000000,331.000000,-2008.000000,-4.000000,-157.000000,-101.000000,22.000000,22.000000,22.000000,22.000000,22.000000,22.000000,22.000000,32.000000,33.000000,34.000000,34.000000,34.000000,35.000000,36.000000,1,1,1,1,1,1,1,0,0,0,0,0,0,0,74,5376.108887,490,0,1,0.614443,-0.014999,-0.323628,-3.117000,-0.399000,0.077000,1
1.852955,1.852000,-56.067001,-6.665000,107.045998,23.230000,17.931999,149.315002,0.000000,0.000000,0.000000,0.000000,0.000000,0.000000,0.000000,203.000000,-663.000000,331.000000,-2008.000000,-4.000000,-157.000000,-101.000000,22.000000,22.000000,22.000000,22.000000,22.000000,22.000000,22.000000,32.000000,33.000000,34.000000,34.000000,34.000000,35.000000,36.000000,1,1,1,1,1,1,1,0,0,0,0,0,0,0,74,5376.106934,490,0,1,0.611946,-0.014999,-0.323628,-3.117000,-0.399000,0.077000,1
1.862942,1.990000,-56.446999,-6.658000,107.806999,23.229000,17.518000,149.184006,0.000000,0.000000,0.000000,0.000000,0.000000,0.000000,0.000000,203.000000,-663.000000,331.000000,-2008.000000,-4.000000,-157.000000,-101.000000,22.000000,22.000000,22.000000,22.000000,22.000000,22.000000,22.000000,32.000000,33.000000,34.000000,34.000000,34.000000,35.000000,36.000000,1,1,1,1,1,1,1,0,0,0,0,0,0,0,74,5376.108887,490,0,1,0.609449,-0.014999,-0.323628,-3.117000,-0.399000,0.077000,1
1.873001,2.129000,-56.825001,-6.652000,108.564003,23.226000,17.105000,149.056000,0.000000,0.000000,0.000000,0.000000,0.000000,0.000000,0.000000,203.000000,-663.000000,331.000000,-2008.000000,-4.000000,-157.000000,-101.000000,22.000000,22.000000,22.000000,22.000000,22.000000,22.000000,22.000000,32.000000,33.000000,34.000000,34.000000,34.000000,35.000000,36.000000,1,1,1,1,1,1,1,0,0,0,0,0,0,0,74,5376.109863,490,0,1,0.606953,-0.014999,-0.323628,-3.117000,-0.399000,0.077000,1
1.882939,2.295000,-57.278000,-6.646000,109.467003,23.223000,16.612000,148.903000,0.000000,0.000000,0.000000,0.000000,0.000000,0.000000,0.000000,203.000000,-663.000000,331.000000,-2008.000000,-4.000000,-157.000000,-101.000000,22.000000,22.000000,22.000000,22.000000,22.000000,22.000000,22.000000,32.000000,33.000000,34.000000,34.000000,34.000000,35.000000,36.000000,1,1,1,1,1,1,1,0,0,0,0,0,0,0,74,5376.109863,490,0,1,0.603957,-0.014999,-0.323628,-3.117000,-0.399000,0.077000,1
1.892954,2.434000,-57.653999,-6.642000,110.216003,23.219000,16.204000,148.778000,0.000000,0.000000,0.000000,0.000000,0.000000,0.000000,0.000000,203.000000,-663.000000,331.000000,-2008.000000,-4.000000,-157.000000,-101.000000,22.000000,22.000000,22.000000,22.000000,22.000000,22.000000,22.000000,32.000000,33.000000,34.000000,34.000000,34.000000,35.000000,36.000000,1,1,1,1,1,1,1,0,0,0,0,0,0,0,74,5376.108887,492,0,1,0.601460,-0.014999,-0.323628,-3.117000,-0.399000,0.077000,1
1.902939,2.574000,-58.028000,-6.639000,110.961998,23.214001,15.797000,148.654999,0.000000,0.000000,0.000000,0.000000,0.000000,0.000000,0.000000,203.000000,-663.000000,331.000000,-2008.000000,-4.000000,-157.000000,-101.000000,22.000000,22.000000,22.000000,22.000000,22.000000,22.000000,22.000000,32.000000,33.000000,34.000000,34.000000,34.000000,35.000000,36.000000,1,1,1,1,1,1,1,0,0,0,0,0,0,0,74,5376.108887,490,0,1,0.598964,-0.014999,-0.323628,-3.117000,-0.399000,0.077000,1
1.912958,2.714000,-58.401001,-6.636000,111.704002,23.209000,15.392000,148.533005,0.000000,0.000000,0.000000,0.000000,0.000000,0.000000,0.000000,203.000000,-663.000000,331.000000,-2008.000000,-4.000000,-157.000000,-101.000000,22.000000,22.000000,22.000000,22.000000,22.000000,22.000000,22.000000,32.000000,33.000000,34.000000,34.000000,34.000000,35.000000,36.000000,1,1,1,1,1,1,1,0,0,0,0,0,0,0,74,5376.109863,490,0,1,0.596467,-0.014999,-0.323628,-3.117000,-0.399000,0.077000,1
1.922975,2.882000,-58.847000,-6.634000,112.589996,23.202000,14.908000,148.389008,0.000000,0.000000,0.000000,0.000000,0.000000,0.000000,0.000000,203.000000,-663.000000,331.000000,-2008.000000,-4.000000,-157.000000,-101.000000,22.000000,22.000000,22.000000,22.000000,22.000000,22.000000,22.000000,32.000000,33.000000,34.000000,34.000000,34.000000,35.000000,36.000000,1,1,1,1,1,1,1,0,0,0,0,0,0,0,74,5376.106934,490,0,1,0.593471,-0.014999,-0.323628,-3.117000,-0.399000,0.077000,1
1.932976,2.938000,-58.994999,-6.634000,112.884003,23.198999,14.747000,148.341995,0.000000,0.000000,0.000000,0.000000,0.000000,0.000000,0.000000,203.000000,-663.000000,331.000000,-2008.000000,-4.000000,-157.000000,-101.000000,22.000000,22.000000,22.000000,22.000000,22.000000,22.000000,22.000000,32.000000,33.000000,34.000000,34.000000,34.000000,35.000000,36.000000,1,1,1,1,1,1,1,0,0,0,0,0,0,0,74,5376.108887,491,0,1,0.592473,-0.014999,-0.323628,-3.117000,-0.399000,0.077000,1
1.943043,3.163000,-59.587002,-6.634000,114.056000,23.188000,14.107000,148.154999,0.000000,0.000000,0.000000,0.000000,0.000000,0.000000,0.000000,203.000000,-663.000000,331.000000,-2008.000000,-4.000000,-157.000000,-101.000000,22.000000,22.000000,22.000000,22.000000,22.000000,22.000000,22.000000,32.000000,33.000000,34.000000,34.000000,34.000000,35.000000,36.000000,1,1,1,1,1,1,1,0,0,0,0,0,0,0,74,5376.108887,489,0,1,0.588478,-0.014999,-0.323628,-3.117000,-0.399000,0.077000,1
1.953003,3.304000,-59.955002,-6.635000,114.785004,23.179001,13.709000,148.039993,0.000000,0.000000,0.000000,0.000000,0.000000,0.000000,0.000000,203.000000,-663.000000,331.000000,-2008.000000,-4.000000,-157.000000,-101.000000,22.000000,22.000000,22.000000,22.000000,22.000000,22.000000,22.000000,32.000000,33.000000,34.000000,34.000000,34.000000,35.000000,36.000000,1,1,1,1,1,1,1,0,0,0,0,0,0,0,74,5376.106934,489,0,1,0.585982,-0.014999,-0.323628,-3.117000,-0.399000,0.077000,1
1.962932,3.473000,-60.396000,-6.637000,115.654999,23.167999,13.234000,147.904007,0.000000,0.000000,0.000000,0.000000,0.000000,0.000000,0.000000,203.000000,-663.000000,331.000000,-2008.000000,-4.000000,-157.000000,-101.000000,22.000000,22.000000,22.000000,22.000000,22.000000,22.000000,22.000000,32.000000,33.000000,34.000000,34.000000,34.000000,35.000000,36.000000,1,1,1,1,1,1,1,0,0,0,0,0,0,0,74,5376.108887,490,0,1,0.582986,-0.014999,-0.323628,-3.117000,-0.399000,0.076000,1
1.972929,3.529000,-60.542999,-6.638000,115.944000,23.165001,13.076000,147.858994,0.000000,0.000000,0.000000,0.000000,0.000000,0.000000,0.000000,203.000000,-663.000000,331.000000,-2008.000000,-4.000000,-157.000000,-101.000000,22.000000,22.000000,22.000000,22.000000,22.000000,22.000000,22.000000,32.000000,33.000000,34.000000,34.000000,34.000000,35.000000,36.000000,1,1,1,1,1,1,1,0,0,0,0,0,0,0,74,5376.108887,490,0,1,0.581987,-0.014999,-0.323628,-3.117000,-0.399000,0.077000,1
1.982950,3.671000,-60.908001,-6.641000,116.664001,23.153999,12.683000,147.748001,0.000000,0.000000,0.000000,0.000000,0.000000,0.000000,0.000000,203.000000,-663.000000,331.000000,-2008.000000,-4.000000,-157.000000,-101.000000,22.000000,22.000000,22.000000,22.000000,22.000000,22.000000,22.000000,32.000000,33.000000,34.000000,34.000000,34.000000,35.000000,36.000000,1,1,1,1,1,1,1,0,0,0,0,0,0,0,74,5376.108887,489,0,1,0.579490,-0.014999,-0.323628,-3.117000,-0.399000,0.077000,1
1.992936,3.812000,-61.272999,-6.645000,117.382004,23.143000,12.291000,147.639008,0.000000,0.000000,0.000000,0.000000,0.000000,0.000000,0.000000,203.000000,-663.000000,331.000000,-2008.000000,-4.000000,-157.000000,-101.000000,22.000000,22.000000,22.000000,22.000000,22.000000,22.000000,22.000000,32.000000,33.000000,34.000000,34.000000,34.000000,35.000000,36.000000,1,1,1,1,1,1,1,0,0,0,0,0,0,0,74,5376.108887,491,0,1,0.576995,-0.014999,-0.323628,-3.117000,-0.399000,0.077000,1
2.002957,3.980000,-61.703999,-6.651000,118.228996,23.129000,11.828000,147.511002,0.000000,0.000000,0.000000,0.000000,0.000000,0.000000,0.000000,203.000000,-663.000000,331.000000,-2008.000000,-4.000000,-157.000000,-101.000000,22.000000,22.000000,22.000000,22.000000,22.000000,22.000000,22.000000,32.000000,33.000000,34.000000,34.000000,34.000000,35.000000,36.000000,1,1,1,1,1,1,1,0,0,0,0,0,0,0,74,5376.108887,492,0,1,0.574035,-0.014999,-0.323628,-3.117000,-0.399000,0.077000,1
2.012970,4.115000,-62.053001,-6.657000,118.912003,23.117001,11.456000,147.408005,0.000000,0.000000,0.000000,0.000000,0.000000,0.000000,0.000000,203.000000,-663.000000,331.000000,-2008.000000,-4.000000,-157.000000,-101.000000,22.000000,22.000000,22.000000,22.000000,22.000000,22.000000,22.000000,32.000000,33.000000,34.000000,34.000000,34.000000,35.000000,36.000000,1,1,1,1,1,1,1,0,0,0,0,0,0,0,74,5376.105957,491,0,1,0.571639,-0.014999,-0.323628,-3.117000,-0.399000,0.077000,1
2.022914,4.246000,-62.386002,-6.663000,119.564003,23.106001,11.100000,147.311005,0.000000,0.000000,0.000000,0.000000,0.000000,0.000000,0.000000,203.000000,-663.000000,331.000000,-2008.000000,-4.000000,-157.000000,-101.000000,22.000000,22.000000,22.000000,22.000000,22.000000,22.000000,22.000000,32.000000,33.000000,34.000000,34.000000,34.000000,35.000000,36.000000,1,1,1,1,1,1,1,0,0,0,0,0,0,0,74,5376.106934,492,0,1,0.569343,-0.014999,-0.323628,-3.116000,-0.399000,0.076000,1
2.033044,4.368000,-62.700001,-6.670000,120.178001,23.094999,10.765000,147.220001,0.000000,0.000000,0.000000,0.000000,0.000000,0.000000,0.000000,203.000000,-663.000000,331.000000,-2008.000000,-4.000000,-157.000000,-101.000000,22.000000,22.000000,22.000000,22.000000,22.000000,22.000000,22.000000,32.000000,33.000000,34.000000,34.000000,34.000000,35.000000,36.000000,1,1,1,1,1,1,1,0,0,0,0,0,0,0,74,5376.106934,491,0,1,0.567173,-0.014999,-0.323628,-3.117000,-0.399000,0.076000,1
2.043112,4.483000,-62.993000,-6.677000,120.750000,23.084999,10.454000,147.134995,0.000000,0.000000,0.000000,0.000000,0.000000,0.000000,0.000000,203.000000,-663.000000,331.000000,-2008.000000,-4.000000,-157.000000,-101.000000,22.000000,22.000000,22.000000,22.000000,22.000000,22.000000,22.000000,32.000000,33.000000,34.000000,34.000000,34.000000,35.000000,36.000000,1,1,1,1,1,1,1,0,0,0,0,0,0,0,74,5376.106934,492,0,1,0.565147,-0.014999,-0.323628,-3.117000,-0.399000,0.077000,1
2.053054,4.609000,-63.313999,-6.685000,121.375999,23.073999,10.113000,147.042007,0.000000,0.000000,0.000000,0.000000,0.000000,0.000000,0.000000,203.000000,-663.000000,331.000000,-2008.000000,-4.000000,-157.000000,-101.000000,22.000000,22.000000,22.000000,22.000000,22.000000,22.000000,22.000000,32.000000,33.000000,34.000000,34.000000,34.000000,35.000000,36.000000,1,1,1,1,1,1,1,0,0,0,0,0,0,0,74,5376.108887,490,0,1,0.562921,-0.014999,-0.323628,-3.117000,-0.399000,0.076000,1
2.063044,4.704000,-63.556999,-6.692000,121.848000,23.066999,9.856000,146.970993,0.000000,0.000000,0.000000,0.000000,0.000000,0.000000,0.000000,203.000000,-663.000000,331.000000,-2008.000000,-4.000000,-157.000000,-101.000000,22.000000,22.000000,22.000000,22.000000,22.000000,22.000000,22.000000,32.000000,33.000000,34.000000,34.000000,34.000000,35.000000,36.000000,1,1,1,1,1,1,1,0,0,0,0,0,0,0,74,5376.108887,491,0,1,0.561237,-0.014999,-0.323628,-3.117000,-0.399000,0.077000,1
2.073063,4.790000,-63.778000,-6.698000,122.278999,23.061001,9.621000,146.904999,0.000000,0.000000,0.000000,0.000000,0.000000,0.000000,0.000000,203.000000,-663.000000,331.000000,-2008.000000,-4.000000,-157.000000,-101.000000,22.000000,22.000000,22.000000,22.000000,22.000000,22.000000,22.000000,32.000000,33.000000,34.000000,34.000000,34.000000,35.000000,36.000000,1,1,1,1,1,1,1,0,0,0,0,0,0,0,74,5376.108887,490,0,1,0.559698,-0.014999,-0.323628,-3.117000,-0.399000,0.077000,1
2.083141,4.870000,-63.980999,-6.705000,122.674004,23.056000,9.407000,146.845001,0.000000,0.000000,0.000000,0.000000,0.000000,0.000000,0.000000,203.000000,-663.000000,331.000000,-2008.000000,-4.000000,-157.000000,-101.000000,22.000000,22.000000,22.000000,22.000000,22.000000,22.000000,22.000000,32.000000,33.000000,34.000000,34.000000,34.000000,35.000000,36.000000,1,1,1,1,1,1,1,0,0,0,0,0,0,0,74,5376.108887,490,0,1,0.558284,-0.014999,-0.323628,-3.117000,-0.399000,0.076000,1
2.093044,4.958000,-64.206001,-6.712000,123.111000,23.051001,9.170000,146.776993,0.000000,0.000000,0.000000,0.000000,0.000000,0.000000,0.000000,203.000000,-663.000000,331.000000,-2008.000000,-4.000000,-157.000000,-101.000000,22.000000,22.000000,22.000000,22.000000,22.000000,22.000000,22.000000,32.000000,33.000000,34.000000,34.000000,34.000000,35.000000,36.000000,1,1,1,1,1,1,1,0,0,0,0,0,0,0,74,5376.108887,491,0,1,0.556717,-0.014999,-0.323628,-3.116000,-0.399000,0.076000,1
2.103013,4.986000,-64.278000,-6.715000,123.250000,23.049999,9.094000,146.755997,0.000000,0.000000,0.000000,0.000000,0.000000,0.000000,0.000000,203.000000,-663.000000,331.000000,-2008.000000,-4.000000,-157.000000,-101.000000,22.000000,22.000000,22.000000,22.000000,22.000000,22.000000,22.000000,32.000000,33.000000,34.000000,34.000000,34.000000,35.000000,36.000000,1,1,1,1,1,1,1,0,0,0,0,0,0,0,74,5376.108887,489,0,1,0.556216,-0.014999,-0.323628,-3.116000,-0.399000,0.076000,1
2.113006,5.054000,-64.454002,-6.721000,123.589996,23.047001,8.910000,146.703003,0.000000,0.000000,0.000000,0.000000,0.000000,0.000000,0.000000,203.000000,-663.000000,331.000000,-2008.000000,-4.000000,-157.000000,-101.000000,22.000000,22.000000,22.000000,22.000000,22.000000,22.000000,22.000000,32.000000,33.000000,34.000000,34.000000,34.000000,35.000000,36.000000,1,1,1,1,1,1,1,0,0,0,0,0,0,0,74,5376.108887,491,0,1,0.554992,-0.014999,-0.323628,-3.116000,-0.399000,0.076000,1
2.123064,5.124000,-64.628998,-6.729000,123.929001,23.042999,8.726000,146.649994,0.000000,0.000000,0.000000,0.000000,0.000000,0.000000,0.000000,203.000000,-663.000000,331.000000,-2008.000000,-4.000000,-157.000000,-101.000000,22.000000,22.000000,22.000000,22.000000,22.000000,22.000000,22.000000,32.000000,33.000000,34.000000,34.000000,34.000000,35.000000,36.000000,1,1,1,1,1,1,1,0,0,0,0,0,0,0,74,5376.108887,490,0,1,0.553771,-0.015004,-0.323628,-3.117000,-0.399000,0.076000,0
2.133048,5.210000,-64.838997,-6.742000,124.334000,23.037001,8.506000,146.584000,0.000000,0.000000,0.000000,0.000000,0.000000,0.000000,0.000000,203.000000,-663.000000,331.000000,-2008.000000,-4.000000,-157.000000,-101.000000,22.000000,22.000000,22.000000,22.000000,22.000000,22.000000,22.000000,32.000000,33.000000,34.000000,34.000000,34.000000,35.000000,36.000000,1,1,1,1,1,1,1,0,0,0,0,0,0,0,74,5376.106934,491,0,1,0.552305,-0.015022,-0.323627,-3.117000,-0.399000,0.076000,0
2.143127,5.282000,-65.014000,-6.754000,124.671997,23.031000,8.324000,146.529999,0.000000,0.000000,0.000000,0.000000,0.000000,0.000000,0.000000,203.000000,-663.000000,331.000000,-2008.000000,-4.000000,-157.000000,-101.000000,22.000000,22.000000,22.000000,22.000000,22.000000,22.000000,22.000000,32.000000,33.000000,34.000000,34.000000,34.000000,35.000000,36.000000,1,1,1,1,1,1,1,0,0,0,0,0,0,0,74,5376.106934,490,0,1,0.551082,-0.015041,-0.323627,-3.117000,-0.399000,0.076000,0
2.153019,5.354000,-65.190002,-6.765000,125.009003,23.025000,8.142000,146.475006,0.000000,0.000000,0.000000,0.000000,0.000000,0.000000,0.000000,203.000000,-663.000000,331.000000,-2008.000000,-4.000000,-157.000000,-101.000000,22.000000,22.000000,22.000000,22.000000,22.000000,22.000000,22.000000,32.000000,33.000000,34.000000,34.000000,34.000000,35.000000,36.000000,1,1,1,1,1,1,1,0,0,0,0,0,0,0,74,5376.108887,490,0,1,0.549859,-0.015057,-0.323628,-3.117000,-0.399000,0.076000,0
2.163006,5.424000,-65.363998,-6.775000,125.345001,23.020000,7.960000,146.423004,0.000000,0.000000,0.000000,0.000000,0.000000,0.000000,0.000000,203.000000,-663.000000,331.000000,-2008.000000,-4.000000,-157.000000,-101.000000,22.000000,22.000000,22.000000,22.000000,22.000000,22.000000,22.000000,32.000000,33.000000,34.000000,34.000000,34.000000,35.000000,36.000000,1,1,1,1,1,1,1,0,0,0,0,0,0,0,74,5376.108887,491,0,1,0.548637,-0.015065,-0.323627,-3.117000,-0.399000,0.076000,0
2.173077,5.504000,-65.573997,-6.782000,125.749001,23.014999,7.741000,146.363007,0.000000,0.000000,0.000000,0.000000,0.000000,0.000000,0.000000,203.000000,-663.000000,331.000000,-2008.000000,-4.000000,-157.000000,-101.000000,22.000000,22.000000,22.000000,22.000000,22.000000,22.000000,22.000000,32.000000,33.000000,34.000000,34.000000,34.000000,35.000000,36.000000,1,1,1,1,1,1,1,0,0,0,0,0,0,0,74,5376.108887,490,0,1,0.547170,-0.015055,-0.323628,-3.117000,-0.399000,0.076000,0
2.183043,5.566000,-65.748001,-6.782000,126.085999,23.014000,7.558000,146.315994,0.000000,0.000000,0.000000,0.000000,0.000000,0.000000,0.000000,203.000000,-663.000000,331.000000,-2008.000000,-4.000000,-157.000000,-101.000000,22.000000,22.000000,22.000000,22.000000,22.000000,22.000000,22.000000,32.000000,33.000000,34.000000,34.000000,34.000000,35.000000,36.000000,1,1,1,1,1,1,1,0,0,0,0,0,0,0,74,5376.109863,490,0,1,0.545948,-0.015025,-0.323628,-3.117000,-0.399000,0.076000,0
2.193024,5.601000,-65.850998,-6.778000,126.287003,23.014999,7.448000,146.289993,0.000000,0.000000,0.000000,0.000000,0.000000,0.000000,0.000000,203.000000,-663.000000,331.000000,-2008.000000,-4.000000,-157.000000,-101.000000,22.000000,22.000000,22.000000,22.000000,22.000000,22.000000,22.000000,32.000000,33.000000,34.000000,34.000000,34.000000,35.000000,36.000000,1,1,1,1,1,1,1,0,0,0,0,0,0,0,74,5376.109863,490,0,1,0.545215,-0.014994,-0.323628,-3.117000,-0.399000,0.076000,0
2.202963,5.672000,-66.092003,-6.759000,126.759003,23.023001,7.191000,146.237000,0.000000,0.000000,0.000000,0.000000,0.000000,0.000000,0.000000,203.000000,-663.000000,331.000000,-2008.000000,-4.000000,-157.000000,-101.000000,22.000000,22.000000,22.000000,22.000000,22.000000,22.000000,22.000000,32.000000,33.000000,34.000000,34.000000,34.000000,35.000000,36.000000,1,1,1,1,1,1,1,0,0,0,0,0,0,0,74,5376.108887,491,0,1,0.543507,-0.014879,-0.323628,-3.117000,-0.399000,0.076000,0
2.212977,5.698000,-66.195000,-6.744000,126.960999,23.028999,7.080000,146.216995,0.000000,0.000000,0.000000,0.000000,0.000000,0.000000,0.000000,203.000000,-663.000000,331.000000,-2008.000000,-4.000000,-157.000000,-101.000000,22.000000,22.000000,22.000000,22.000000,22.000000,22.000000,22.000000,32.000000,33.000000,34.000000,34.000000,34.000000,35.000000,36.000000,1,1,1,1,1,1,1,0,0,0,0,0,0,0,74,5376.106934,490,0,1,0.542777,-0.014807,-0.323628,-3.117000,-0.399000,0.076000,0
2.223033,5.733000,-66.363998,-6.710000,127.296997,23.042999,6.895000,146.190002,0.000000,0.000000,0.000000,0.000000,0.000000,0.000000,0.000000,203.000000,-663.000000,331.000000,-2008.000000,-4.000000,-157.000000,-101.000000,22.000000,22.000000,22.000000,22.000000,22.000000,22.000000,22.000000,32.000000,33.000000,34.000000,34.000000,34.000000,35.000000,36.000000,1,1,1,1,1,1,1,0,0,0,0,0,0,0,74,5376.108887,493,0,1,0.541564,-0.014652,-0.323627,-3.117000,-0.399000,0.076000,0
2.233049,5.765000,-66.629997,-6.626000,127.832001,23.080999,6.597000,146.164001,0.000000,0.000000,0.000000,0.000000,0.000000,0.000000,0.000000,203.000000,-663.000000,331.000000,-2008.000000,-4.000000,-157.000000,-101.000000,22.000000,22.000000,22.000000,22.000000,22.000000,22.000000,22.000000,32.000000,33.000000,34.000000,34.000000,34.000000,35.000000,36.000000,1,1,1,1,1,1,1,0,0,0,0,0,0,0,74,5376.109863,489,0,1,0.539641,-0.014297,-0.323628,-3.117000,-0.399000,0.076000,0
2.243114,5.768000,-66.726997,-6.583000,128.031998,23.100000,6.485000,146.160995,0.000000,0.000000,0.000000,0.000000,0.000000,0.000000,0.000000,203.000000,-663.000000,331.000000,-2008.000000,-4.000000,-157.000000,-101.000000,22.000000,22.000000,22.000000,22.000000,22.000000,22.000000,22.000000,32.000000,33.000000,34.000000,34.000000,34.000000,35.000000,36.000000,1,1,1,1,1,1,1,0,0,0,0,0,0,0,74,5376.106934,489,0,1,0.538928,-0.014125,-0.323628,-3.117000,-0.399000,0.076000,0
2.253013,5.762000,-66.887001,-6.497000,128.362000,23.139000,6.299000,146.164001,0.000000,0.000000,0.000000,0.000000,0.000000,0.000000,0.000000,203.000000,-663.000000,331.000000,-2008.000000,-4.000000,-157.000000,-101.000000,22.000000,22.000000,22.000000,22.000000,22.000000,22.000000,22.000000,32.000000,33.000000,34.000000,34.000000,34.000000,35.000000,36.000000,1,1,1,1,1,1,1,0,0,0,0,0,0,0,74,5376.109863,490,0,1,0.537753,-0.013786,-0.323627,-3.117000,-0.399000,0.077000,0
2.263001,5.739000,-67.040001,-6.390000,128.688004,23.188999,6.113000,146.177994,0.000000,0.000000,0.000000,0.000000,0.000000,0.000000,0.000000,203.000000,-663.000000,331.000000,-2008.000000,-4.000000,-157.000000,-101.000000,22.000000,22.000000,22.000000,22.000000,22.000000,22.000000,22.000000,32.000000,33.000000,34.000000,34.000000,34.000000,35.000000,36.000000,1,1,1,1,1,1,1,0,0,0,0,0,0,0,74,5376.109863,489,0,1,0.536602,-0.013375,-0.323628,-3.117000,-0.399000,0.076000,0
2.273103,5.689000,-67.217003,-6.232000,129.070007,23.261999,5.892000,146.212006,0.000000,0.000000,0.000000,0.000000,0.000000,0.000000,0.000000,203.000000,-663.000000,331.000000,-2008.000000,-4.000000,-157.000000,-101.000000,22.000000,22.000000,22.000000,22.000000,22.000000,22.000000,22.000000,32.000000,33.000000,34.000000,34.000000,34.000000,35.000000,36.000000,1,1,1,1,1,1,1,0,0,0,0,0,0,0,74,5376.106934,491,0,1,0.535261,-0.012784,-0.323627,-3.117000,-0.399000,0.076000,3
2.283033,5.631000,-67.358002,-6.081000,129.382004,23.333000,5.709000,146.253006,0.000000,0.000000,0.000000,0.000000,0.000000,0.000000,0.000000,203.000000,-663.000000,331.000000,-2008.000000,-4.000000,-157.000000,-101.000000,22.000000,22.000000,22.000000,22.000000,22.000000,22.000000,22.000000,32.000000,33.000000,34.000000,34.000000,34.000000,35.000000,36.000000,1,1,1,1,1,1,1,0,0,0,0,0,0,0,74,5376.108887,491,0,1,0.534171,-0.012223,-0.323628,-3.117000,-0.399000,0.077000,3
2.292971,5.555000,-67.498001,-5.904000,129.699005,23.416000,5.522000,146.306000,0.000000,0.000000,0.000000,0.000000,0.000000,0.000000,0.000000,203.000000,-663.000000,331.000000,-2008.000000,-4.000000,-157.000000,-101.000000,22.000000,22.000000,22.000000,22.000000,22.000000,22.000000,22.000000,32.000000,33.000000,34.000000,34.000000,34.000000,35.000000,36.000000,1,1,1,1,1,1,1,0,0,0,0,0,0,0,74,5376.108887,489,0,1,0.533073,-0.011580,-0.323628,-3.117000,-0.399000,0.076000,3
2.303004,5.458000,-67.639999,-5.695000,130.024994,23.514000,5.327000,146.376007,0.000000,0.000000,0.000000,0.000000,0.000000,0.000000,0.000000,203.000000,-663.000000,331.000000,-2008.000000,-4.000000,-157.000000,-101.000000,22.000000,22.000000,22.000000,22.000000,22.000000,22.000000,22.000000,32.000000,33.000000,34.000000,34.000000,34.000000,35.000000,36.000000,1,1,1,1,1,1,1,0,0,0,0,0,0,0,74,5376.108887,490,0,1,0.531946,-0.010827,-0.323628,-3.117000,-0.399000,0.077000,3
2.313015,5.305000,-67.813004,-5.389000,130.436005,23.658001,5.077000,146.488007,0.000000,0.000000,0.000000,0.000000,0.000000,0.000000,0.000000,203.000000,-663.000000,331.000000,-2008.000000,-4.000000,-157.000000,-101.000000,22.000000,22.000000,22.000000,22.000000,22.000000,22.000000,22.000000,32.000000,33.000000,34.000000,34.000000,34.000000,35.000000,36.000000,1,1,1,1,1,1,1,0,0,0,0,0,0,0,74,5376.109863,492,0,1,0.530538,-0.009738,-0.323628,-3.117000,-0.399000,0.077000,3
2.322951,5.243000,-67.871002,-5.270000,130.576996,23.714001,4.990000,146.533997,0.000000,0.000000,0.000000,0.000000,0.000000,0.000000,0.000000,203.000000,-663.000000,331.000000,-2008.000000,-4.000000,-157.000000,-101.000000,22.000000,22.000000,22.000000,22.000000,22.000000,22.000000,22.000000,32.000000,33.000000,34.000000,34.000000,34.000000,35.000000,36.000000,1,1,1,1,1,1,1,0,0,0,0,0,0,0,74,5376.108887,491,0,1,0.530056,-0.009322,-0.323628,-3.117000,-0.399000,0.077000,3
2.333005,5.018000,-68.045998,-4.859000,131.011002,23.908001,4.720000,146.699997,0.000000,0.000000,0.000000,0.000000,0.000000,0.000000,0.000000,203.000000,-663.000000,331.000000,-2008.000000,-4.000000,-157.000000,-101.000000,22.000000,22.000000,22.000000,22.000000,22.000000,22.000000,22.000000,32.000000,33.000000,34.000000,34.000000,34.000000,35.000000,36.000000,1,1,1,1,1,1,1,0,0,0,0,0,0,0,74,5376.106934,491,0,1,0.528583,-0.007888,-0.323628,-3.117000,-0.399000,0.077000,3
2.343051,4.779000,-68.186996,-4.443000,131.376999,24.105000,4.486000,146.876007,0.000000,0.000000,0.000000,0.000000,0.000000,0.000000,0.000000,203.000000,-663.000000,331.000000,-2008.000000,-4.000000,-157.000000,-101.000000,22.000000,22.000000,22.000000,22.000000,22.000000,22.000000,22.000000,32.000000,33.000000,34.000000,34.000000,34.000000,35.000000,36.000000,1,1,1,1,1,1,1,0,0,0,0,0,0,0,74,5376.108887,491,0,1,0.527350,-0.006458,-0.323628,-3.117000,-0.399000,0.077000,3
2.353032,4.487000,-68.318001,-3.955000,131.735001,24.337000,4.252000,147.091003,0.000000,0.000000,0.000000,0.000000,0.000000,0.000000,0.000000,203.000000,-663.000000,331.000000,-2008.000000,-4.000000,-157.000000,-101.000000,22.000000,22.000000,22.000000,22.000000,22.000000,22.000000,22.000000,32.000000,33.000000,34.000000,34.000000,34.000000,35.000000,36.000000,1,1,1,1,1,1,1,0,0,0,0,0,0,0,74,5376.108887,492,0,1,0.526156,-0.004799,-0.323628,-3.117000,-0.399000,0.077000,3
2.363040,4.138000,-68.433998,-3.395000,132.070007,24.607000,4.026000,147.345993,0.000000,0.000000,0.000000,0.000000,0.000000,0.000000,0.000000,203.000000,-663.000000,331.000000,-2008.000000,-4.000000,-157.000000,-101.000000,22.000000,22.000000,22.000000,22.000000,22.000000,22.000000,22.000000,32.000000,33.000000,34.000000,34.000000,34.000000,35.000000,36.000000,1,1,1,1,1,1,1,0,0,0,0,0,0,0,74,5376.108887,491,0,1,0.525050,-0.002909,-0.323628,-3.117000,-0.399000,0.077000,3
2.373026,3.732000,-68.528999,-2.766000,132.363998,24.912001,3.819000,147.641006,0.000000,0.000000,0.000000,0.000000,0.000000,0.000000,0.000000,203.000000,-663.000000,331.000000,-2008.000000,-4.000000,-157.000000,-101.000000,22.000000,22.000000,22.000000,22.000000,22.000000,22.000000,22.000000,32.000000,33.000000,34.000000,34.000000,34.000000,35.000000,36.000000,1,1,1,1,1,1,1,0,0,0,0,0,0,0,74,5376.108887,491,0,1,0.524087,-0.000806,-0.323628,-3.117000,-0.399000,0.077000,3
2.383007,3.173000,-68.607002,-1.936000,132.641006,25.318001,3.610000,148.039001,0.000000,0.000000,0.000000,0.000000,0.000000,0.000000,0.000000,203.000000,-663.000000,331.000000,-2008.000000,-4.000000,-157.000000,-101.000000,22.000000,22.000000,22.000000,22.000000,22.000000,22.000000,22.000000,32.000000,33.000000,34.000000,34.000000,34.000000,35.000000,36.000000,1,1,1,1,1,1,1,0,0,0,0,0,0,0,74,5376.108887,490,0,1,0.523192,0.001951,-0.323628,-3.117000,-0.399000,0.077000,3
2.393099,2.657000,-68.638000,-1.203000,132.794006,25.680000,3.480000,148.399002,0.000000,0.000000,0.000000,0.000000,0.000000,0.000000,0.000000,203.000000,-663.000000,331.000000,-2008.000000,-4.000000,-157.000000,-101.000000,22.000000,22.000000,22.000000,22.000000,22.000000,22.000000,22.000000,32.000000,33.000000,34.000000,34.000000,34.000000,35.000000,36.000000,1,1,1,1,1,1,1,0,0,0,0,0,0,0,74,5376.106934,491,0,1,0.522714,0.004384,-0.323628,-3.117000,-0.399000,0.076000,3
2.403015,2.110000,-68.638000,-0.454000,132.865005,26.054001,3.398000,148.772995,0.000000,0.000000,0.000000,0.000000,0.000000,0.000000,0.000000,203.000000,-663.000000,331.000000,-2008.000000,-4.000000,-157.000000,-101.000000,22.000000,22.000000,22.000000,22.000000,22.000000,22.000000,22.000000,32.000000,33.000000,34.000000,34.000000,34.000000,35.000000,36.000000,1,1,1,1,1,1,1,0,0,0,0,0,0,0,74,5376.108887,489,0,1,0.522506,0.006872,-0.323628,-3.116000,-0.399000,0.076000,3
2.413056,1.540000,-68.607002,0.291000,132.852997,26.429001,3.367000,149.153000,0.000000,0.000000,0.000000,0.000000,0.000000,0.000000,0.000000,203.000000,-663.000000,331.000000,-2008.000000,-4.000000,-157.000000,-101.000000,22.000000,22.000000,22.000000,22.000000,22.000000,22.000000,22.000000,32.000000,33.000000,34.000000,34.000000,34.000000,35.000000,36.000000,1,1,1,1,1,1,1,0,0,0,0,0,0,0,74,5376.109863,491,0,1,0.522575,0.009368,-0.323628,-3.116000,-0.399000,0.076000,3
2.423060,0.957000,-68.545998,1.021000,132.757996,26.801001,3.387000,149.531998,0.000000,0.000000,0.000000,0.000000,0.000000,0.000000,0.000000,203.000000,-663.000000,331.000000,-2008.000000,-4.000000,-157.000000,-101.000000,22.000000,22.000000,22.000000,22.000000,22.000000,22.000000,22.000000,32.000000,33.000000,34.000000,34.000000,34.000000,35.000000,36.000000,1,1,1,1,1,1,1,0,0,0,0,0,0,0,74,5376.108887,490,0,1,0.522919,0.011835,-0.323628,-3.116000,-0.399000,0.076000,3
2.433042,0.261000,-68.439003,1.847000,132.542007,27.225000,3.477000,149.968994,0.000000,0.000000,0.000000,0.000000,0.000000,0.000000,0.000000,203.000000,-663.000000,331.000000,-2008.000000,-4.000000,-157.000000,-101.000000,22.000000,22.000000,22.000000,22.000000,22.000000,22.000000,22.000000,32.000000,33.000000,34.000000,34.000000,34.000000,35.000000,36.000000,1,1,1,1,1,1,1,0,0,0,0,0,0,0,74,5376.108887,490,0,1,0.523671,0.014672,-0.323628,-3.116000,-0.399000,0.076000,3
2.443124,0.034000,-68.396004,2.105000,132.447998,27.358999,3.521000,150.108002,0.000000,0.000000,0.000000,0.000000,0.000000,0.000000,0.000000,203.000000,-663.000000,331.000000,-2008.000000,-4.000000,-157.000000,-101.000000,22.000000,22.000000,22.000000,22.000000,22.000000,22.000000,22.000000,32.000000,33.000000,34.000000,34.000000,34.000000,35.000000,36.000000,1,1,1,1,1,1,1,0,0,0,0,0,0,0,74,5376.108887,490,0,1,0.523995,0.015571,-0.323628,-3.116000,-0.399000,0.076000,3
2.453044,-0.617000,-68.248001,2.814000,132.113998,27.730000,3.690000,150.496002,0.000000,0.000000,0.000000,0.000000,0.000000,0.000000,0.000000,203.000000,-663.000000,331.000000,-2008.000000,-4.000000,-157.000000,-101.000000,22.000000,22.000000,22.000000,22.000000,22.000000,22.000000,22.000000,32.000000,33.000000,34.000000,34.000000,34.000000,35.000000,36.000000,1,1,1,1,1,1,1,0,0,0,0,0,0,0,74,5376.108887,491,0,1,0.525146,0.018090,-0.323628,-3.116000,-0.399000,0.076000,3
2.463044,-1.118000,-68.110001,3.325000,131.789993,28.000000,3.863000,150.783005,0.000000,0.000000,0.000000,0.000000,0.000000,0.000000,0.000000,203.000000,-663.000000,331.000000,-2008.000000,-4.000000,-157.000000,-101.000000,22.000000,22.000000,22.000000,22.000000,22.000000,22.000000,22.000000,32.000000,33.000000,34.000000,34.000000,34.000000,35.000000,36.000000,1,1,1,1,1,1,1,0,0,0,0,0,0,0,74,5376.108887,491,0,1,0.526259,0.019955,-0.323628,-3.116000,-0.399000,0.076000,3
2.473003,-1.572000,-67.964996,3.761000,131.442001,28.233999,4.054000,151.033997,0.000000,0.000000,0.000000,0.000000,0.000000,0.000000,0.000000,203.000000,-663.000000,331.000000,-2008.000000,-4.000000,-157.000000,-101.000000,22.000000,22.000000,22.000000,22.000000,22.000000,22.000000,22.000000,32.000000,33.000000,34.000000,34.000000,34.000000,35.000000,36.000000,1,1,1,1,1,1,1,0,0,0,0,0,0,0,74,5376.106934,491,0,1,0.527456,0.021591,-0.323628,-3.116000,-0.399000,0.076000,3
2.482950,-1.977000,-67.816002,4.124000,131.085999,28.431999,4.253000,151.248993,0.000000,0.000000,0.000000,0.000000,0.000000,0.000000,0.000000,203.000000,-663.000000,331.000000,-2008.000000,-4.000000,-157.000000,-101.000000,22.000000,22.000000,22.000000,22.000000,22.000000,22.000000,22.000000,32.000000,33.000000,34.000000,34.000000,34.000000,35.000000,36.000000,1,1,1,1,1,1,1,0,0,0,0,0,0,0,74,5376.108887,491,0,1,0.528688,0.022999,-0.323628,-3.116000,-0.399000,0.076000,3
2.493015,-2.397000,-67.639999,4.475000,130.662003,28.625999,4.493000,151.464005,0.000000,0.000000,0.000000,0.000000,0.000000,0.000000,0.000000,203.000000,-663.000000,331.000000,-2008.000000,-4.000000,-157.000000,-101.000000,22.000000,22.000000,22.000000,22.000000,22.000000,22.000000,22.000000,32.000000,33.000000,34.000000,34.000000,34.000000,35.000000,36.000000,1,1,1,1,1,1,1,0,0,0,0,0,0,0,74,5376.106934,492,0,1,0.530157,0.024411,-0.323628,-3.116000,-0.399000,0.076000,3
2.503053,-2.698000,-67.498001,4.707000,130.320999,28.757000,4.689000,151.612000,0.000000,0.000000,0.000000,0.000000,0.000000,0.000000,0.000000,203.000000,-663.000000,331.000000,-2008.000000,-4.000000,-157.000000,-101.000000,22.000000,22.000000,22.000000,22.000000,22.000000,22.000000,22.000000,32.000000,33.000000,34.000000,34.000000,34.000000,35.000000,36.000000,1,1,1,1,1,1,1,0,0,0,0,0,0,0,74,5376.108887,489,0,1,0.531344,0.025383,-0.323628,-3.116000,-0.399000,0.076000,3
2.513015,-2.960000,-67.360001,4.894000,129.992996,28.865999,4.877000,151.735001,0.000000,0.000000,0.000000,0.000000,0.000000,0.000000,0.000000,203.000000,-663.000000,331.000000,-2008.000000,-4.000000,-157.000000,-101.000000,22.000000,22.000000,22.000000,22.000000,22.000000,22.000000,22.000000,32.000000,33.000000,34.000000,34.000000,34.000000,35.000000,36.000000,1,1,1,1,1,1,1,0,0,0,0,0,0,0,74,5376.108887,490,0,1,0.532487,0.026200,-0.323628,-3.116000,-0.399000,0.076000,3
2.523001,-3.190000,-67.226997,5.046000,129.679993,28.955999,5.058000,151.839005,0.000000,0.000000,0.000000,0.000000,0.000000,0.000000,0.000000,203.000000,-663.000000,331.000000,-2008.000000,-4.000000,-157.000000,-101.000000,22.000000,22.000000,22.000000,22.000000,22.000000,22.000000,22.000000,32.000000,33.000000,34.000000,34.000000,34.000000,35.000000,36.000000,1,1,1,1,1,1,1,0,0,0,0,0,0,0,74,5376.108887,491,0,1,0.533587,0.026891,-0.323628,-3.116000,-0.399000,0.076000,3
2.533055,-3.316000,-67.149002,5.123000,129.496002,29.003000,5.164000,151.893997,0.000000,0.000000,0.000000,0.000000,0.000000,0.000000,0.000000,203.000000,-663.000000,331.000000,-2008.000000,-4.000000,-157.000000,-101.000000,22.000000,22.000000,22.000000,22.000000,22.000000,22.000000,22.000000,32.000000,33.000000,34.000000,34.000000,34.000000,35.000000,36.000000,1,1,1,1,1,1,1,0,0,0,0,0,0,0,74,5376.108887,491,0,1,0.534233,0.027257,-0.323628,-3.116000,-0.399000,0.076000,3
2.543021,-3.510000,-67.018997,5.233000,129.192993,29.072001,5.340000,151.975998,0.000000,0.000000,0.000000,0.000000,0.000000,0.000000,0.000000,203.000000,-663.000000,331.000000,-2008.000000,-4.000000,-157.000000,-101.000000,22.000000,22.000000,22.000000,22.000000,22.000000,22.000000,22.000000,32.000000,33.000000,34.000000,34.000000,34.000000,35.000000,36.000000,1,1,1,1,1,1,1,0,0,0,0,0,0,0,74,5376.108887,491,0,1,0.535300,0.027802,-0.323628,-3.116000,-0.399000,0.076000,3
2.554296,-3.722000,-66.858002,5.337000,128.824005,29.139999,5.555000,152.061005,0.000000,0.000000,0.000000,0.000000,0.000000,0.000000,0.000000,203.000000,-663.000000,331.000000,-2008.000000,-4.000000,-157.000000,-101.000000,22.000000,22.000000,22.000000,22.000000,22.000000,22.000000,22.000000,32.000000,33.000000,34.000000,34.000000,34.000000,35.000000,36.000000,1,1,1,1,1,1,1,0,0,0,0,0,0,0,74,5376.109863,491,0,1,0.536609,0.028363,-0.323628,-3.116000,-0.399000,0.076000,0
2.564232,-3.883000,-66.719002,5.400000,128.509003,29.186001,5.738000,152.119995,0.000000,0.000000,0.000000,0.000000,0.000000,0.000000,0.000000,203.000000,-663.000000,331.000000,-2008.000000,-4.000000,-157.000000,-101.000000,22.000000,22.000000,22.000000,22.000000,22.000000,22.000000,22.000000,32.000000,33.000000,34.000000,34.000000,34.000000,35.000000,36.000000,1,1,1,1,1,1,1,0,0,0,0,0,0,0,74,5376.108887,491,0,1,0.537731,0.028753,-0.323628,-3.116000,-0.399000,0.076000,0
2.574241,-4.030000,-66.577003,5.444000,128.188995,29.222000,5.924000,152.171005,0.000000,0.000000,0.000000,0.000000,0.000000,0.000000,0.000000,203.000000,-663.000000,331.000000,-2008.000000,-4.000000,-157.000000,-101.000000,22.000000,22.000000,22.000000,22.000000,22.000000,22.000000,22.000000,32.000000,33.000000,34.000000,34.000000,34.000000,35.000000,36.000000,1,1,1,1,1,1,1,0,0,0,0,0,0,0,74,5376.108887,491,0,1,0.538873,0.029078,-0.323627,-3.116000,-0.399000,0.076000,0
2.584255,-4.165000,-66.431000,5.471000,127.866997,29.249001,6.111000,152.212006,0.000000,0.000000,0.000000,0.000000,0.000000,0.000000,0.000000,203.000000,-663.000000,331.000000,-2008.000000,-4.000000,-157.000000,-101.000000,22.000000,22.000000,22.000000,22.000000,22.000000,22.000000,22.000000,32.000000,33.000000,34.000000,34.000000,34.000000,35.000000,36.000000,1,1,1,1,1,1,1,0,0,0,0,0,0,0,74,5376.106934,490,0,1,0.540031,0.029343,-0.323628,-3.116000,-0.399000,0.076000,0
2.594197,-4.287000,-66.282997,5.483000,127.542000,29.270000,6.300000,152.246994,0.000000,0.000000,0.000000,0.000000,0.000000,0.000000,0.000000,203.000000,-663.000000,331.000000,-2008.000000,-4.000000,-157.000000,-101.000000,22.000000,22.000000,22.000000,22.000000,22.000000,22.000000,22.000000,32.000000,33.000000,34.000000,34.000000,34.000000,35.000000,36.000000,1,1,1,1,1,1,1,0,0,0,0,0,0,0,74,5376.108887,490,0,1,0.541200,0.029556,-0.323627,-3.116000,-0.399000,0.076000,0
2.604210,-4.399000,-66.133003,5.482000,127.216003,29.283001,6.490000,152.274994,0.000000,0.000000,0.000000,0.000000,0.000000,0.000000,0.000000,203.000000,-663.000000,331.000000,-2008.000000,-4.000000,-157.000000,-101.000000,22.000000,22.000000,22.000000,22.000000,22.000000,22.000000,22.000000,32.000000,33.000000,34.000000,34.000000,34.000000,35.000000,36.000000,1,1,1,1,1,1,1,0,0,0,0,0,0,0,74,5376.108887,491,0,1,0.542376,0.029721,-0.323628,-3.117000,-0.399000,0.076000,0
2.614215,-4.502000,-65.981003,5.470000,126.889000,29.291000,6.680000,152.298004,0.000000,0.000000,0.000000,0.000000,0.000000,0.000000,0.000000,203.000000,-663.000000,331.000000,-2008.000000,-4.000000,-157.000000,-101.000000,22.000000,22.000000,22.000000,22.000000,22.000000,22.000000,22.000000,32.000000,33.000000,34.000000,34.000000,34.000000,35.000000,36.000000,1,1,1,1,1,1,1,0,0,0,0,0,0,0,74,5376.106934,490,0,1,0.543558,0.029845,-0.323627,-3.117000,-0.399000,0.076000,0
2.624283,-4.614000,-65.797997,5.443000,126.497002,29.294001,6.908000,152.319000,0.000000,0.000000,0.000000,0.000000,0.000000,0.000000,0.000000,203.000000,-663.000000,331.000000,-2008.000000,-4.000000,-157.000000,-101.000000,22.000000,22.000000,22.000000,22.000000,22.000000,22.000000,22.000000,32.000000,33.000000,34.000000,34.000000,34.000000,35.000000,36.000000,1,1,1,1,1,1,1,0,0,0,0,0,0,0,74,5376.109863,489,0,1,0.544980,0.029948,-0.323628,-3.117000,-0.399000,0.076000,0
2.634235,-4.701000,-65.643997,5.412000,126.168999,29.292999,7.098000,152.332993,0.000000,0.000000,0.000000,0.000000,0.000000,0.000000,0.000000,203.000000,-663.000000,331.000000,-2008.000000,-4.000000,-157.000000,-101.000000,22.000000,22.000000,22.000000,22.000000,22.000000,22.000000,22.000000,32.000000,33.000000,34.000000,34.000000,34.000000,35.000000,36.000000,1,1,1,1,1,1,1,0,0,0,0,0,0,0,74,5376.108887,489,0,1,0.546167,0.030001,-0.323627,-3.117000,-0.399000,0.076000,0
2.644252,-4.782000,-65.488998,5.375000,125.842003,29.289000,7.288000,152.343994,0.000000,0.000000,0.000000,0.000000,0.000000,0.000000,0.000000,203.000000,-663.000000,331.000000,-2008.000000,-4.000000,-157.000000,-101.000000,22.000000,22.000000,22.000000,22.000000,22.000000,22.000000,22.000000,32.000000,33.000000,34.000000,34.000000,34.000000,35.000000,36.000000,1,1,1,1,1,1,1,0,0,0,0,0,0,0,74,5376.109863,490,0,1,0.547354,0.030031,-0.323628,-3.117000,-0.399000,0.076000,0
2.654200,-4.875000,-65.303001,5.325000,125.448997,29.280001,7.516000,152.354004,0.000000,0.000000,0.000000,0.000000,0.000000,0.000000,0.000000,203.000000,-663.000000,331.000000,-2008.000000,-4.000000,-157.000000,-101.000000,22.000000,22.000000,22.000000,22.000000,22.000000,22.000000,22.000000,32.000000,33.000000,34.000000,34.000000,34.000000,35.000000,36.000000,1,1,1,1,1,1,1,0,0,0,0,0,0,0,74,5376.106934,490,0,1,0.548780,0.030043,-0.323627,-3.117000,-0.399000,0.077000,0
2.664215,-4.905000,-65.239998,5.307000,125.317001,29.277000,7.592000,152.358002,0.000000,0.000000,0.000000,0.000000,0.000000,0.000000,0.000000,203.000000,-663.000000,331.000000,-2008.000000,-4.000000,-157.000000,-101.000000,22.000000,22.000000,22.000000,22.000000,22.000000,22.000000,22.000000,32.000000,33.000000,34.000000,34.000000,34.000000,35.000000,36.000000,1,1,1,1,1,1,1,0,0,0,0,0,0,0,74,5376.108887,490,0,1,0.549255,0.030043,-0.323628,-3.117000,-0.399000,0.076000,0
2.674181,-4.992000,-65.053001,5.253000,124.924004,29.266001,7.820000,152.367004,0.000000,0.000000,0.000000,0.000000,0.000000,0.000000,0.000000,203.000000,-663.000000,331.000000,-2008.000000,-4.000000,-157.000000,-101.000000,22.000000,22.000000,22.000000,22.000000,22.000000,22.000000,22.000000,32.000000,33.000000,34.000000,34.000000,34.000000,35.000000,36.000000,1,1,1,1,1,1,1,0,0,0,0,0,0,0,74,5376.109863,490,0,1,0.550681,0.030033,-0.323628,-3.117000,-0.399000,0.076000,0
2.684217,-5.064000,-64.896004,5.206000,124.595001,29.256001,8.010000,152.373993,0.000000,0.000000,0.000000,0.000000,0.000000,0.000000,0.000000,203.000000,-663.000000,331.000000,-2008.000000,-4.000000,-157.000000,-101.000000,22.000000,22.000000,22.000000,22.000000,22.000000,22.000000,22.000000,32.000000,33.000000,34.000000,34.000000,34.000000,35.000000,36.000000,1,1,1,1,1,1,1,0,0,0,0,0,0,0,74,5376.108887,490,0,1,0.551869,0.030020,-0.323628,-3.117000,-0.399000,0.077000,0
2.694253,-5.136000,-64.738998,5.160000,124.265999,29.246000,8.201000,152.382996,0.000000,0.000000,0.000000,0.000000,0.000000,0.000000,0.000000,203.000000,-663.000000,331.000000,-2008.000000,-4.000000,-157.000000,-101.000000,22.000000,22.000000,22.000000,22.000000,22.000000,22.000000,22.000000,32.000000,33.000000,34.000000,34.000000,34.000000,35.000000,36.000000,1,1,1,1,1,1,1,0,0,0,0,0,0,0,74,5376.108887,490,0,1,0.553057,0.030007,-0.323628,-3.117000,-0.399000,0.076000,0
2.704242,-5.210000,-64.582001,5.116000,123.936996,29.237000,8.392000,152.393005,0.000000,0.000000,0.000000,0.000000,0.000000,0.000000,0.000000,203.000000,-663.000000,331.000000,-2008.000000,-4.000000,-157.000000,-101.000000,22.000000,22.000000,22.000000,22.000000,22.000000,22.000000,22.000000,32.000000,33.000000,34.000000,34.000000,34.000000,35.000000,36.000000,1,1,1,1,1,1,1,0,0,0,0,0,0,0,74,5376.108887,491,0,1,0.554245,0.030000,-0.323627,-3.117000,-0.399000,0.077000,0
2.714316,-5.285000,-64.426003,5.074000,123.607002,29.228001,8.583000,152.404999,0.000000,0.000000,0.000000,0.000000,0.000000,0.000000,0.000000,203.000000,-663.000000,331.000000,-2008.000000,-4.000000,-157.000000,-101.000000,22.000000,22.000000,22.000000,22.000000,22.000000,22.000000,22.000000,32.000000,33.000000,34.000000,34.000000,34.000000,35.000000,36.000000,1,1,1,1,1,1,1,0,0,0,0,0,0,0,74,5376.108887,492,0,1,0.555431,0.029999,-0.323628,-3.117000,-0.399000,0.076000,1
2.724252,-5.363000,-64.264999,5.032000,123.268997,29.219000,8.779000,152.419006,0.000000,0.000000,0.000000,0.000000,0.000000,0.000000,0.000000,203.000000,-663.000000,331.000000,-2008.000000,-4.000000,-157.000000,-101.000000,22.000000,22.000000,22.000000,22.000000,22.000000,22.000000,22.000000,32.000000,33.000000,34.000000,34.000000,34.000000,35.000000,36.000000,1,1,1,1,1,1,1,0,0,0,0,0,0,0,74,5376.108887,491,0,1,0.556646,0.029999,-0.323627,-3.117000,-0.399000,0.076000,1
2.734303,-5.462000,-64.058998,4.978000,122.835999,29.208000,9.030000,152.436996,0.000000,0.000000,0.000000,0.000000,0.000000,0.000000,0.000000,203.000000,-663.000000,331.000000,-2008.000000,-4.000000,-157.000000,-101.000000,22.000000,22.000000,22.000000,22.000000,22.000000,22.000000,22.000000,32.000000,33.000000,34.000000,34.000000,34.000000,35.000000,36.000000,1,1,1,1,1,1,1,0,0,0,0,0,0,0,74,5376.109863,491,0,1,0.558197,0.029999,-0.323627,-3.117000,-0.399000,0.076000,1
2.744281,-5.552000,-63.872002,4.930000,122.442001,29.197001,9.257000,152.455994,0.000000,0.000000,0.000000,0.000000,0.000000,0.000000,0.000000,203.000000,-663.000000,331.000000,-2008.000000,-4.000000,-157.000000,-101.000000,22.000000,22.000000,22.000000,22.000000,22.000000,22.000000,22.000000,32.000000,33.000000,34.000000,34.000000,34.000000,35.000000,36.000000,1,1,1,1,1,1,1,0,0,0,0,0,0,0,74,5376.108887,490,0,1,0.559605,0.029999,-0.323627,-3.117000,-0.399000,0.077000,1
2.755259,-5.672000,-63.623001,4.868000,121.918999,29.181999,9.560000,152.481995,0.000000,0.000000,0.000000,0.000000,0.000000,0.000000,0.000000,203.000000,-663.000000,331.000000,-2008.000000,-4.000000,-157.000000,-101.000000,22.000000,22.000000,22.000000,22.000000,22.000000,22.000000,22.000000,32.000000,33.000000,34.000000,34.000000,34.000000,35.000000,36.000000,1,1,1,1,1,1,1,0,0,0,0,0,0,0,74,5376.108887,490,0,1,0.561471,0.029999,-0.323628,-3.117000,-0.399000,0.077000,1
2.765237,-5.783000,-63.393002,4.811000,121.434998,29.167999,9.839000,152.507996,0.000000,0.000000,0.000000,0.000000,0.000000,0.000000,0.000000,203.000000,-663.000000,331.000000,-2008.000000,-4.000000,-157.000000,-101.000000,22.000000,22.000000,22.000000,22.000000,22.000000,22.000000,22.000000,32.000000,33.000000,34.000000,34.000000,34.000000,35.000000,36.000000,1,1,1,1,1,1,1,0,0,0,0,0,0,0,74,5376.106934,491,0,1,0.563193,0.029999,-0.323627,-3.117000,-0.399000,0.077000,1
2.775076,-5.855000,-63.243999,4.774000,121.123001,29.159000,10.020000,152.526001,0.000000,0.000000,0.000000,0.000000,0.000000,0.000000,0.000000,203.000000,-663.000000,331.000000,-2008.000000,-4.000000,-157.000000,-101.000000,22.000000,22.000000,22.000000,22.000000,22.000000,22.000000,22.000000,32.000000,33.000000,34.000000,34.000000,34.000000,35.000000,36.000000,1,1,1,1,1,1,1,0,0,0,0,0,0,0,74,5376.109863,491,0,1,0.564302,0.029999,-0.323627,-3.117000,-0.399000,0.077000,1
2.785101,-6.037000,-62.867001,4.684000,120.330002,29.135000,10.477000,152.574005,0.000000,0.000000,0.000000,0.000000,0.000000,0.000000,0.000000,203.000000,-663.000000,331.000000,-2008.000000,-4.000000,-157.000000,-101.000000,22.000000,22.000000,22.000000,22.000000,22.000000,22.000000,22.000000,32.000000,33.000000,34.000000,34.000000,34.000000,35.000000,36.000000,1,1,1,1,1,1,1,0,0,0,0,0,0,0,74,5376.108887,489,0,1,0.567110,0.029999,-0.323628,-3.117000,-0.399000,0.077000,1
2.795366,-6.121000,-62.693001,4.643000,119.963997,29.124001,10.688000,152.598007,0.000000,0.000000,0.000000,0.000000,0.000000,0.000000,0.000000,203.000000,-663.000000,331.000000,-2008.000000,-4.000000,-157.000000,-101.000000,22.000000,22.000000,22.000000,22.000000,22.000000,22.000000,22.000000,32.000000,33.000000,34.000000,34.000000,34.000000,35.000000,36.000000,1,1,1,1,1,1,1,0,0,0,0,0,0,0,74,5376.108887,490,0,1,0.568403,0.029999,-0.323628,-3.117000,-0.399000,0.077000,1
2.805982,-6.360000,-62.198002,4.528000,118.921997,29.091999,11.289000,152.669998,0.000000,0.000000,0.000000,0.000000,0.000000,0.000000,0.000000,203.000000,-663.000000,331.000000,-2008.000000,-4.000000,-157.000000,-101.000000,22.000000,22.000000,22.000000,22.000000,22.000000,22.000000,22.000000,32.000000,33.000000,34.000000,34.000000,34.000000,35.000000,36.000000,1,1,1,1,1,1,1,0,0,0,0,0,0,0,74,5376.108887,491,0,1,0.572068,0.029999,-0.323628,-3.117000,-0.399000,0.077000,1
2.815989,-6.422000,-62.068001,4.499000,118.649002,29.083000,11.446000,152.690002,0.000000,0.000000,0.000000,0.000000,0.000000,0.000000,0.000000,203.000000,-663.000000,331.000000,-2008.000000,-4.000000,-157.000000,-101.000000,22.000000,22.000000,22.000000,22.000000,22.000000,22.000000,22.000000,32.000000,33.000000,34.000000,34.000000,34.000000,35.000000,36.000000,1,1,1,1,1,1,1,0,0,0,0,0,0,0,74,5376.108887,490,0,1,0.573024,0.029999,-0.323628,-3.117000,-0.399000,0.077000,1
2.825996,-6.679000,-61.534000,4.381000,117.525002,29.048000,12.092000,152.778000,0.000000,0.000000,0.000000,0.000000,0.000000,0.000000,0.000000,203.000000,-663.000000,331.000000,-2008.000000,-4.000000,-157.000000,-101.000000,22.000000,22.000000,22.000000,22.000000,22.000000,22.000000,22.000000,32.000000,33.000000,34.000000,34.000000,34.000000,35.000000,36.000000,1,1,1,1,1,1,1,0,0,0,0,0,0,0,74,5376.108887,489,0,1,0.576949,0.029999,-0.323627,-3.117000,-0.399000,0.077000,1
2.835981,-6.778000,-61.330002,4.337000,117.097000,29.034000,12.338000,152.813004,0.000000,0.000000,0.000000,0.000000,0.000000,0.000000,0.000000,203.000000,-663.000000,331.000000,-2008.000000,-4.000000,-157.000000,-101.000000,22.000000,22.000000,22.000000,22.000000,22.000000,22.000000,22.000000,32.000000,33.000000,34.000000,34.000000,34.000000,35.000000,36.000000,1,1,1,1,1,1,1,0,0,0,0,0,0,0,74,5376.108887,490,0,1,0.578439,0.029999,-0.323628,-3.117000,-0.399000,0.077000,1
2.845982,-6.941000,-60.988998,4.265000,116.379997,29.011000,12.749000,152.875000,0.000000,0.000000,0.000000,0.000000,0.000000,0.000000,0.000000,203.000000,-663.000000,331.000000,-2008.000000,-4.000000,-157.000000,-101.000000,22.000000,22.000000,22.000000,22.000000,22.000000,22.000000,22.000000,32.000000,33.000000,34.000000,34.000000,34.000000,35.000000,36.000000,1,1,1,1,1,1,1,0,0,0,0,0,0,0,74,5376.108887,491,0,1,0.580924,0.029999,-0.323627,-3.117000,-0.399000,0.077000,1
2.855976,-7.106000,-60.646999,4.194000,115.660004,28.988001,13.162000,152.938995,0.000000,0.000000,0.000000,0.000000,0.000000,0.000000,0.000000,203.000000,-663.000000,331.000000,-2008.000000,-4.000000,-157.000000,-101.000000,22.000000,22.000000,22.000000,22.000000,22.000000,22.000000,22.000000,32.000000,33.000000,34.000000,34.000000,34.000000,35.000000,36.000000,1,1,1,1,1,1,1,0,0,0,0,0,0,0,74,5376.108887,492,0,1,0.583408,0.029999,-0.323628,-3.117000,-0.399000,0.077000,1
2.865935,-7.303000,-60.235001,4.111000,114.792999,28.959000,13.658000,153.022003,0.000000,0.000000,0.000000,0.000000,0.000000,0.000000,0.000000,203.000000,-663.000000,331.000000,-2008.000000,-4.000000,-157.000000,-101.000000,22.000000,22.000000,22.000000,22.000000,22.000000,22.000000,22.000000,32.000000,33.000000,34.000000,34.000000,34.000000,35.000000,36.000000,1,1,1,1,1,1,1,0,0,0,0,0,0,0,74,5376.108887,489,0,1,0.586390,0.029999,-0.323627,-3.117000,-0.399000,0.077000,1
2.875961,-7.468000,-59.889000,4.043000,114.067001,28.934000,14.073000,153.093994,0.000000,0.000000,0.000000,0.000000,0.000000,0.000000,0.000000,203.000000,-663.000000,331.000000,-2008.000000,-4.000000,-157.000000,-101.000000,22.000000,22.000000,22.000000,22.000000,22.000000,22.000000,22.000000,32.000000,33.000000,34.000000,34.000000,34.000000,35.000000,36.000000,1,1,1,1,1,1,1,0,0,0,0,0,0,0,74,5376.108887,492,0,1,0.588875,0.029999,-0.323628,-3.117000,-0.399000,0.077000,1
2.886045,-7.634000,-59.542999,3.976000,113.336998,28.909000,14.490000,153.169006,0.000000,0.000000,0.000000,0.000000,0.000000,0.000000,0.000000,203.000000,-663.000000,331.000000,-2008.000000,-4.000000,-157.000000,-101.000000,22.000000,22.000000,22.000000,22.000000,22.000000,22.000000,22.000000,32.000000,33.000000,34.000000,34.000000,34.000000,35.000000,36.000000,1,1,1,1,1,1,1,0,0,0,0,0,0,0,74,5376.108887,490,0,1,0.591360,0.029999,-0.323628,-3.117000,-0.399000,0.077000,1
2.895959,-7.833000,-59.124001,3.898000,112.458000,28.879000,14.991000,153.263000,0.000000,0.000000,0.000000,0.000000,0.000000,0.000000,0.000000,203.000000,-663.000000,331.000000,-2008.000000,-4.000000,-157.000000,-101.000000,22.000000,22.000000,22.000000,22.000000,22.000000,22.000000,22.000000,32.000000,33.000000,34.000000,34.000000,34.000000,35.000000,36.000000,1,1,1,1,1,1,1,0,0,0,0,0,0,0,74,5376.108887,492,0,1,0.594341,0.029999,-0.323627,-3.117000,-0.399000,0.077000,1
2.906005,-7.999000,-58.773998,3.834000,111.722000,28.851999,15.410000,153.345993,0.000000,0.000000,0.000000,0.000000,0.000000,0.000000,0.000000,203.000000,-663.000000,331.000000,-2008.000000,-4.000000,-157.000000,-101.000000,22.000000,22.000000,22.000000,22.000000,22.000000,22.000000,22.000000,32.000000,33.000000,34.000000,34.000000,34.000000,35.000000,36.000000,1,1,1,1,1,1,1,0,0,0,0,0,0,0,74,5376.108887,490,0,1,0.596826,0.029999,-0.323628,-3.117000,-0.399000,0.077000,1
2.915944,-8.065000,-58.633999,3.808000,111.426003,28.841999,15.578000,153.380005,0.000000,0.000000,0.000000,0.000000,0.000000,0.000000,0.000000,203.000000,-663.000000,331.000000,-2008.000000,-4.000000,-157.000000,-101.000000,22.000000,22.000000,22.000000,22.000000,22.000000,22.000000,22.000000,32.000000,33.000000,34.000000,34.000000,34.000000,35.000000,36.000000,1,1,1,1,1,1,1,0,0,0,0,0,0,0,74,5376.109863,490,0,1,0.597820,0.029999,-0.323628,-3.117000,-0.399000,0.077000,1
2.926180,-8.265000,-58.210999,3.733000,110.537003,28.809000,16.083000,153.483994,0.000000,0.000000,0.000000,0.000000,0.000000,0.000000,0.000000,203.000000,-663.000000,331.000000,-2008.000000,-4.000000,-157.000000,-101.000000,22.000000,22.000000,22.000000,22.000000,22.000000,22.000000,22.000000,32.000000,33.000000,34.000000,34.000000,34.000000,35.000000,36.000000,1,1,1,1,1,1,1,0,0,0,0,0,0,0,74,5376.106934,490,0,1,0.600801,0.029999,-0.323627,-3.117000,-0.399000,0.077000,1
2.935980,-8.431000,-57.855999,3.672000,109.792000,28.781000,16.504999,153.574997,0.000000,0.000000,0.000000,0.000000,0.000000,0.000000,0.000000,203.000000,-663.000000,331.000000,-2008.000000,-4.000000,-157.000000,-101.000000,22.000000,22.000000,22.000000,22.000000,22.000000,22.000000,22.000000,32.000000,33.000000,34.000000,34.000000,34.000000,35.000000,36.000000,1,1,1,1,1,1,1,0,0,0,0,0,0,0,74,5376.108887,490,0,1,0.603286,0.029999,-0.323628,-3.117000,-0.399000,0.077000,1
2.945985,-8.598000,-57.500999,3.611000,109.042999,28.753000,16.929001,153.669006,0.000000,0.000000,0.000000,0.000000,0.000000,0.000000,0.000000,203.000000,-663.000000,331.000000,-2008.000000,-4.000000,-157.000000,-101.000000,22.000000,22.000000,22.000000,22.000000,22.000000,22.000000,22.000000,32.000000,33.000000,34.000000,34.000000,34.000000,35.000000,36.000000,1,1,1,1,1,1,1,0,0,0,0,0,0,0,74,5376.108887,490,0,1,0.605771,0.029999,-0.323627,-3.117000,-0.399000,0.077000,1
2.955973,-8.798000,-57.070999,3.540000,108.139999,28.716999,17.438999,153.785995,0.000000,0.000000,0.000000,0.000000,0.000000,0.000000,0.000000,203.000000,-663.000000,331.000000,-2008.000000,-4.000000,-157.000000,-101.000000,22.000000,22.000000,22.000000,22.000000,22.000000,22.000000,22.000000,32.000000,33.000000,34.000000,34.000000,34.000000,35.000000,36.000000,1,1,1,1,1,1,1,0,0,0,0,0,0,0,74,5376.108887,490,0,1,0.608753,0.029999,-0.323628,-3.117000,-0.399000,0.077000,1
2.965947,-8.965000,-56.710999,3.482000,107.384003,28.687000,17.865000,153.886993,0.000000,0.000000,0.000000,0.000000,0.000000,0.000000,0.000000,203.000000,-663.000000,331.000000,-2008.000000,-4.000000,-157.000000,-101.000000,22.000000,22.000000,22.000000,22.000000,22.000000,22.000000,22.000000,32.000000,33.000000,34.000000,34.000000,34.000000,35.000000,36.000000,1,1,1,1,1,1,1,0,0,0,0,0,0,0,74,5376.108887,490,0,1,0.611237,0.029999,-0.323627,-3.117000,-0.399000,0.077000,1
2.975948,-9.132000,-56.349998,3.425000,106.624001,28.657000,18.292999,153.992004,0.000000,0.000000,0.000000,0.000000,0.000000,0.000000,0.000000,203.000000,-663.000000,331.000000,-2008.000000,-4.000000,-157.000000,-101.000000,22.000000,22.000000,22.000000,22.000000,22.000000,22.000000,22.000000,32.000000,33.000000,34.000000,34.000000,34.000000,35.000000,36.000000,1,1,1,1,1,1,1,0,0,0,0,0,0,0,74,5376.109863,489,0,1,0.613722,0.029999,-0.323628,-3.117000,-0.399000,0.077000,1
2.985933,-9.298000,-55.986000,3.369000,105.859001,28.625000,18.722000,154.098999,0.000000,0.000000,0.000000,0.000000,0.000000,0.000000,0.000000,203.000000,-663.000000,331.000000,-2008.000000,-4.000000,-157.000000,-101.000000,22.000000,22.000000,22.000000,22.000000,22.000000,22.000000,22.000000,32.000000,33.000000,34.000000,34.000000,34.000000,35.000000,36.000000,1,1,1,1,1,1,1,0,0,0,0,0,0,0,74,5376.108887,491,0,1,0.616207,0.029999,-0.323628,-3.117000,-0.399000,0.077000,1
2.996026,-9.465000,-55.620998,3.314000,105.092003,28.593000,19.153000,154.210007,0.000000,0.000000,0.000000,0.000000,0.000000,0.000000,0.000000,203.000000,-663.000000,331.000000,-2008.000000,-4.000000,-157.000000,-101.000000,22.000000,22.000000,22.000000,22.000000,22.000000,22.000000,22.000000,32.000000,33.000000,34.000000,34.000000,34.000000,35.000000,36.000000,1,1,1,1,1,1,1,0,0,0,0,0,0,0,74,5376.108887,491,0,1,0.618691,0.029999,-0.323628,-3.117000,-0.399000,0.077000,1
3.005962,-9.632000,-55.254002,3.259000,104.319000,28.559000,19.584999,154.324005,0.000000,0.000000,0.000000,0.000000,0.000000,0.000000,0.000000,203.000000,-663.000000,331.000000,-2008.000000,-4.000000,-157.000000,-101.000000,22.000000,22.000000,22.000000,22.000000,22.000000,22.000000,22.000000,32.000000,33.000000,34.000000,34.000000,34.000000,35.000000,36.000000,1,1,1,1,1,1,1,0,0,0,0,0,0,0,74,5376.108887,489,0,1,0.621176,0.029999,-0.323628,-3.117000,-0.399000,0.077000,1
3.015937,-9.832000,-54.811001,3.195000,103.388000,28.518000,20.106001,154.466003,0.000000,0.000000,0.000000,0.000000,0.000000,0.000000,0.000000,203.000000,-663.000000,331.000000,-2008.000000,-4.000000,-157.000000,-101.000000,22.000000,22.000000,22.000000,22.000000,22.000000,22.000000,22.000000,32.000000,33.000000,34.000000,34.000000,34.000000,35.000000,36.000000,1,1,1,1,1,1,1,0,0,0,0,0,0,0,74,5376.106934,492,0,1,0.624158,0.029999,-0.323628,-3.117000,-0.399000,0.077000,1
3.025953,-9.899000,-54.662998,3.174000,103.075996,28.504000,20.280001,154.514008,0.000000,0.000000,0.000000,0.000000,0.000000,0.000000,0.000000,203.000000,-663.000000,331.000000,-2008.000000,-4.000000,-157.000000,-101.000000,22.000000,22.000000,22.000000,22.000000,22.000000,22.000000,22.000000,32.000000,33.000000,34.000000,34.000000,34.000000,35.000000,36.000000,1,1,1,1,1,1,1,0,0,0,0,0,0,0,74,5376.106934,491,0,1,0.625151,0.029999,-0.323628,-3.117000,-0.399000,0.077000,1
3.035958,-10.165000,-54.066002,3.092000,101.820999,28.447001,20.978001,154.710999,0.000000,0.000000,0.000000,0.000000,0.000000,0.000000,0.000000,203.000000,-663.000000,331.000000,-2008.000000,-4.000000,-157.000000,-101.000000,22.000000,22.000000,22.000000,22.000000,22.000000,22.000000,22.000000,32.000000,33.000000,34.000000,34.000000,34.000000,35.000000,36.000000,1,1,1,1,1,1,1,0,0,0,0,0,0,0,74,5376.108887,491,0,1,0.629127,0.029999,-0.323628,-3.117000,-0.399000,0.077000,1
3.045979,-10.265000,-53.841000,3.061000,101.347000,28.424999,21.240999,154.787994,0.000000,0.000000,0.000000,0.000000,0.000000,0.000000,0.000000,203.000000,-663.000000,331.000000,-2008.000000,-4.000000,-157.000000,-101.000000,22.000000,22.000000,22.000000,22.000000,22.000000,22.000000,22.000000,32.000000,33.000000,34.000000,34.000000,34.000000,35.000000,36.000000,1,1,1,1,1,1,1,0,0,0,0,0,0,0,74,5376.108887,492,0,1,0.630618,0.029999,-0.323628,-3.117000,-0.399000,0.077000,1
3.055965,-10.431000,-53.464001,3.011000,100.555000,28.388000,21.681000,154.917007,0.000000,0.000000,0.000000,0.000000,0.000000,0.000000,0.000000,203.000000,-663.000000,331.000000,-2008.000000,-4.000000,-157.000000,-101.000000,22.000000,22.000000,22.000000,22.000000,22.000000,22.000000,22.000000,32.000000,33.000000,34.000000,34.000000,34.000000,35.000000,36.000000,1,1,1,1,1,1,1,0,0,0,0,0,0,0,74,5376.106934,490,0,1,0.633103,0.029999,-0.323628,-3.117000,-0.399000,0.077000,1
3.065924,-10.597000,-53.084999,2.962000,99.757004,28.350000,22.122000,155.050003,0.000000,0.000000,0.000000,0.000000,0.000000,0.000000,0.000000,203.000000,-663.000000,331.000000,-2008.000000,-4.000000,-157.000000,-101.000000,22.000000,22.000000,22.000000,22.000000,22.000000,22.000000,22.000000,32.000000,33.000000,34.000000,34.000000,34.000000,35.000000,36.000000,1,1,1,1,1,1,1,0,0,0,0,0,0,0,74,5376.106934,492,0,1,0.635587,0.029999,-0.323628,-3.117000,-0.399000,0.077000,1
3.075971,-10.762000,-52.702999,2.913000,98.955002,28.311001,22.565001,155.186005,0.000000,0.000000,0.000000,0.000000,0.000000,0.000000,0.000000,203.000000,-663.000000,331.000000,-2008.000000,-4.000000,-157.000000,-101.000000,22.000000,22.000000,22.000000,22.000000,22.000000,22.000000,22.000000,32.000000,33.000000,34.000000,34.000000,34.000000,35.000000,36.000000,1,1,1,1,1,1,1,0,0,0,0,0,0,0,74,5376.108887,490,0,1,0.638072,0.029999,-0.323628,-3.117000,-0.399000,0.077000,1
3.085960,-10.961000,-52.243000,2.856000,97.986000,28.263000,23.099001,155.354004,0.000000,0.000000,0.000000,0.000000,0.000000,0.000000,0.000000,203.000000,-663.000000,331.000000,-2008.000000,-4.000000,-157.000000,-101.000000,22.000000,22.000000,22.000000,22.000000,22.000000,22.000000,22.000000,32.000000,33.000000,34.000000,34.000000,34.000000,35.000000,36.000000,1,1,1,1,1,1,1,0,0,0,0,0,0,0,74,5376.108887,490,0,1,0.641054,0.029999,-0.323628,-3.117000,-0.399000,0.077000,1
3.095961,-11.126000,-51.855999,2.809000,97.172997,28.221001,23.546000,155.496994,0.000000,0.000000,0.000000,0.000000,0.000000,0.000000,0.000000,203.000000,-663.000000,331.000000,-2008.000000,-4.000000,-157.000000,-101.000000,22.000000,22.000000,22.000000,22.000000,22.000000,22.000000,22.000000,32.000000,33.000000,34.000000,34.000000,34.000000,35.000000,36.000000,1,1,1,1,1,1,1,0,0,0,0,0,0,0,74,5376.108887,491,0,1,0.643538,0.029999,-0.323628,-3.117000,-0.399000,0.077000,1
3.105982,-11.290000,-51.466999,2.763000,96.355003,28.179001,23.995001,155.643997,0.000000,0.000000,0.000000,0.000000,0.000000,0.000000,0.000000,203.000000,-663.000000,331.000000,-2008.000000,-4.000000,-157.000000,-101.000000,22.000000,22.000000,22.000000,22.000000,22.000000,22.000000,22.000000,32.000000,33.000000,34.000000,34.000000,34.000000,35.000000,36.000000,1,1,1,1,1,1,1,0,0,0,0,0,0,0,74,5376.108887,490,0,1,0.646023,0.029999,-0.323628,-3.117000,-0.399000,0.077000,1
3.116140,-11.454000,-51.076000,2.718000,95.530998,28.136000,24.445999,155.792999,0.000000,0.000000,0.000000,0.000000,0.000000,0.000000,0.000000,203.000000,-663.000000,331.000000,-2008.000000,-4.000000,-157.000000,-101.000000,22.000000,22.000000,22.000000,22.000000,22.000000,22.000000,22.000000,32.000000,33.000000,34.000000,34.000000,34.000000,35.000000,36.000000,1,1,1,1,1,1,1,0,0,0,0,0,0,0,74,5376.108887,491,0,1,0.648508,0.029999,-0.323628,-3.117000,-0.399000,0.077000,1
3.126012,-11.651000,-50.603001,2.665000,94.536003,28.083000,24.989000,155.977005,0.000000,0.000000,0.000000,0.000000,0.000000,0.000000,0.000000,203.000000,-663.000000,331.000000,-2008.000000,-4.000000,-157.000000,-101.000000,22.000000,22.000000,22.000000,22.000000,22.000000,22.000000,22.000000,32.000000,33.000000,34.000000,34.000000,34.000000,35.000000,36.000000,1,1,1,1,1,1,1,0,0,0,0,0,0,0,74,5376.106934,490,0,1,0.651489,0.029999,-0.323628,-3.117000,-0.399000,0.077000,1
3.135956,-11.815000,-50.205002,2.621000,93.699997,28.037001,25.444000,156.134003,0.000000,0.000000,0.000000,0.000000,0.000000,0.000000,0.000000,203.000000,-663.000000,331.000000,-2008.000000,-4.000000,-157.000000,-101.000000,22.000000,22.000000,22.000000,22.000000,22.000000,22.000000,22.000000,32.000000,33.000000,34.000000,34.000000,34.000000,35.000000,36.000000,1,1,1,1,1,1,1,0,0,0,0,0,0,0,74,5376.106934,490,0,1,0.653974,0.029999,-0.323628,-3.117000,-0.399000,0.077000,1
3.145977,-11.978000,-49.806000,2.578000,92.859001,27.990999,25.902000,156.294998,0.000000,0.000000,0.000000,0.000000,0.000000,0.000000,0.000000,203.000000,-663.000000,331.000000,-2008.000000,-4.000000,-157.000000,-101.000000,22.000000,22.000000,22.000000,22.000000,22.000000,22.000000,22.000000,32.000000,33.000000,34.000000,34.000000,34.000000,35.000000,36.000000,1,1,1,1,1,1,1,0,0,0,0,0,0,0,74,5376.106934,490,0,1,0.656459,0.029999,-0.323628,-3.117000,-0.399000,0.077000,1
3.156167,-12.075000,-49.563999,2.553000,92.350998,27.962000,26.177000,156.393005,0.000000,0.000000,0.000000,0.000000,0.000000,0.000000,0.000000,203.000000,-663.000000,331.000000,-2008.000000,-4.000000,-157.000000,-101.000000,22.000000,22.000000,22.000000,22.000000,22.000000,22.000000,22.000000,32.000000,33.000000,34.000000,34.000000,34.000000,35.000000,36.000000,1,1,1,1,1,1,1,0,0,0,0,0,0,0,74,5376.108887,491,0,1,0.657950,0.029999,-0.323628,-3.117000,-0.399000,0.077000,1
3.165910,-12.237000,-49.160000,2.511000,91.500000,27.914000,26.638000,156.557999,0.000000,0.000000,0.000000,0.000000,0.000000,0.000000,0.000000,203.000000,-663.000000,331.000000,-2008.000000,-4.000000,-157.000000,-101.000000,22.000000,22.000000,22.000000,22.000000,22.000000,22.000000,22.000000,32.000000,33.000000,34.000000,34.000000,34.000000,35.000000,36.000000,1,1,1,1,1,1,1,0,0,0,0,0,0,0,74,5376.108887,490,0,1,0.660434,0.029999,-0.323628,-3.117000,-0.399000,0.077000,1
3.176033,-12.399000,-48.752998,2.470000,90.641998,27.865000,27.101999,156.727005,0.000000,0.000000,0.000000,0.000000,0.000000,0.000000,0.000000,203.000000,-663.000000,331.000000,-2008.000000,-4.000000,-157.000000,-101.000000,22.000000,22.000000,22.000000,22.000000,22.000000,22.000000,22.000000,32.000000,33.000000,34.000000,34.000000,34.000000,35.000000,36.000000,1,1,1,1,1,1,1,0,0,0,0,0,0,0,74,5376.108887,489,0,1,0.662919,0.029999,-0.323628,-3.117000,-0.399000,0.077000,1
3.185958,-12.561000,-48.341999,2.430000,89.778000,27.815001,27.566999,156.899002,0.000000,0.000000,0.000000,0.000000,0.000000,0.000000,0.000000,203.000000,-663.000000,331.000000,-2008.000000,-4.000000,-157.000000,-101.000000,22.000000,22.000000,22.000000,22.000000,22.000000,22.000000,22.000000,32.000000,33.000000,34.000000,34.000000,34.000000,35.000000,36.000000,1,1,1,1,1,1,1,0,0,0,0,0,0,0,74,5376.108887,490,0,1,0.665404,0.029999,-0.323628,-3.117000,-0.399000,0.077000,1
3.195919,-12.752000,-47.848000,2.382000,88.737999,27.753000,28.127001,157.108994,0.000000,0.000000,0.000000,0.000000,0.000000,0.000000,0.000000,203.000000,-663.000000,331.000000,-2008.000000,-4.000000,-157.000000,-101.000000,22.000000,22.000000,22.000000,22.000000,22.000000,22.000000,22.000000,32.000000,33.000000,34.000000,34.000000,34.000000,35.000000,36.000000,1,1,1,1,1,1,1,0,0,0,0,0,0,0,74,5376.106934,491,0,1,0.668372,0.029999,-0.323627,-3.117000,-0.399000,0.077000,1
3.205959,-12.910000,-47.438999,2.344000,87.875000,27.701000,28.590000,157.285995,0.000000,0.000000,0.000000,0.000000,0.000000,0.000000,0.000000,203.000000,-663.000000,331.000000,-2008.000000,-4.000000,-157.000000,-101.000000,22.000000,22.000000,22.000000,22.000000,22.000000,22.000000,22.000000,32.000000,33.000000,34.000000,34.000000,34.000000,35.000000,36.000000,1,1,1,1,1,1,1,0,0,0,0,0,0,0,74,5376.109863,490,0,1,0.670811,0.029999,-0.323628,-3.117000,-0.399000,0.077000,1
3.215966,-13.063000,-47.035000,2.307000,87.024002,27.649000,29.045000,157.462006,0.000000,0.000000,0.000000,0.000000,0.000000,0.000000,0.000000,203.000000,-663.000000,331.000000,-2008.000000,-4.000000,-157.000000,-101.000000,22.000000,22.000000,22.000000,22.000000,22.000000,22.000000,22.000000,32.000000,33.000000,34.000000,34.000000,34.000000,35.000000,36.000000,1,1,1,1,1,1,1,0,0,0,0,0,0,0,74,5376.106934,491,0,1,0.673199,0.029999,-0.323628,-3.117000,-0.399000,0.077000,1
3.226064,-13.210000,-46.639999,2.272000,86.192001,27.596001,29.490000,157.636993,0.000000,0.000000,0.000000,0.000000,0.000000,0.000000,0.000000,203.000000,-663.000000,331.000000,-2008.000000,-4.000000,-157.000000,-101.000000,22.000000,22.000000,22.000000,22.000000,22.000000,22.000000,22.000000,32.000000,33.000000,34.000000,34.000000,34.000000,35.000000,36.000000,1,1,1,1,1,1,1,0,0,0,0,0,0,0,74,5376.108887,491,0,1,0.675517,0.029999,-0.323628,-3.117000,-0.399000,0.077000,1
3.236018,-13.352000,-46.257000,2.239000,85.385002,27.544001,29.920000,157.807999,0.000000,0.000000,0.000000,0.000000,0.000000,0.000000,0.000000,203.000000,-663.000000,331.000000,-2008.000000,-4.000000,-157.000000,-101.000000,22.000000,22.000000,22.000000,22.000000,22.000000,22.000000,22.000000,32.000000,33.000000,34.000000,34.000000,34.000000,35.000000,36.000000,1,1,1,1,1,1,1,0,0,0,0,0,0,0,74,5376.108887,490,0,1,0.677747,0.029999,-0.323628,-3.117000,-0.399000,0.077000,1
3.246053,-13.486000,-45.889000,2.208000,84.609001,27.493000,30.332001,157.973999,0.000000,0.000000,0.000000,0.000000,0.000000,0.000000,0.000000,203.000000,-663.000000,331.000000,-2008.000000,-4.000000,-157.000000,-101.000000,22.000000,22.000000,22.000000,22.000000,22.000000,22.000000,22.000000,32.000000,33.000000,34.000000,34.000000,34.000000,35.000000,36.000000,1,1,1,1,1,1,1,0,0,0,0,0,0,0,74,5376.108887,492,0,1,0.679873,0.029999,-0.323628,-3.117000,-0.399000,0.077000,1
3.255997,-13.635000,-45.471001,2.174000,83.728996,27.433001,30.798000,158.166000,0.000000,0.000000,0.000000,0.000000,0.000000,0.000000,0.000000,203.000000,-663.000000,331.000000,-2008.000000,-4.000000,-157.000000,-101.000000,22.000000,22.000000,22.000000,22.000000,22.000000,22.000000,22.000000,32.000000,33.000000,34.000000,34.000000,34.000000,35.000000,36.000000,1,1,1,1,1,1,1,0,0,0,0,0,0,0,74,5376.106934,489,0,1,0.682267,0.029999,-0.323628,-3.117000,-0.399000,0.077000,1
3.265957,-13.750000,-45.146000,2.148000,83.043999,27.384001,31.160000,158.317001,0.000000,0.000000,0.000000,0.000000,0.000000,0.000000,0.000000,203.000000,-663.000000,331.000000,-2008.000000,-4.000000,-157.000000,-101.000000,22.000000,22.000000,22.000000,22.000000,22.000000,22.000000,22.000000,32.000000,33.000000,34.000000,34.000000,34.000000,35.000000,36.000000,1,1,1,1,1,1,1,0,0,0,0,0,0,0,74,5376.108887,490,0,1,0.684117,0.029999,-0.323627,-3.117000,-0.399000,0.076000,1
3.275954,-13.793000,-45.021999,2.138000,82.782997,27.365000,31.298000,158.375000,0.000000,0.000000,0.000000,0.000000,0.000000,0.000000,0.000000,203.000000,-663.000000,331.000000,-2008.000000,-4.000000,-157.000000,-101.000000,22.000000,22.000000,22.000000,22.000000,22.000000,22.000000,22.000000,32.000000,33.000000,34.000000,34.000000,34.000000,35.000000,36.000000,1,1,1,1,1,1,1,0,0,0,0,0,0,0,74,5376.106934,490,0,1,0.684818,0.029999,-0.323627,-3.117000,-0.399000,0.077000,1
3.285976,-13.912000,-44.674999,2.112000,82.050003,27.309000,31.684000,158.539993,0.000000,0.000000,0.000000,0.000000,0.000000,0.000000,0.000000,203.000000,-663.000000,331.000000,-2008.000000,-4.000000,-157.000000,-101.000000,22.000000,22.000000,22.000000,22.000000,22.000000,22.000000,22.000000,32.000000,33.000000,34.000000,34.000000,34.000000,35.000000,36.000000,1,1,1,1,1,1,1,0,0,0,0,0,0,0,74,5376.106934,492,0,1,0.686777,0.029999,-0.323628,-3.117000,-0.399000,0.077000,1
3.295957,-13.999000,-44.414001,2.092000,81.499001,27.264999,31.973000,158.666000,0.000000,0.000000,0.000000,0.000000,0.000000,0.000000,0.000000,203.000000,-663.000000,331.000000,-2008.000000,-4.000000,-157.000000,-101.000000,22.000000,22.000000,22.000000,22.000000,22.000000,22.000000,22.000000,32.000000,33.000000,34.000000,34.000000,34.000000,35.000000,36.000000,1,1,1,1,1,1,1,0,0,0,0,0,0,0,74,5376.109863,490,0,1,0.688241,0.029999,-0.323628,-3.117000,-0.399000,0.076000,1
3.305983,-14.076000,-44.179001,2.076000,81.004997,27.223000,32.231998,158.781006,0.000000,0.000000,0.000000,0.000000,0.000000,0.000000,0.000000,203.000000,-663.000000,331.000000,-2008.000000,-4.000000,-157.000000,-101.000000,22.000000,22.000000,22.000000,22.000000,22.000000,22.000000,22.000000,32.000000,33.000000,34.000000,34.000000,34.000000,35.000000,36.000000,1,1,1,1,1,1,1,0,0,0,0,0,0,0,74,5376.108887,492,0,1,0.689548,0.029999,-0.323628,-3.117000,-0.399000,0.076000,1
3.315914,-14.142000,-43.972000,2.061000,80.568001,27.183001,32.459999,158.884995,0.000000,0.000000,0.000000,0.000000,0.000000,0.000000,0.000000,203.000000,-663.000000,331.000000,-2008.000000,-4.000000,-157.000000,-101.000000,22.000000,22.000000,22.000000,22.000000,22.000000,22.000000,22.000000,32.000000,33.000000,34.000000,34.000000,34.000000,35.000000,36.000000,1,1,1,1,1,1,1,0,0,0,0,0,0,0,74,5376.108887,491,0,1,0.690697,0.029999,-0.323627,-3.117000,-0.399000,0.076000,1
3.325944,-14.208000,-43.759998,2.048000,80.120003,27.138000,32.692001,158.994995,0.000000,0.000000,0.000000,0.000000,0.000000,0.000000,0.000000,203.000000,-663.000000,331.000000,-2008.000000,-4.000000,-157.000000,-101.000000,22.000000,22.000000,22.000000,22.000000,22.000000,22.000000,22.000000,32.000000,33.000000,34.000000,34.000000,34.000000,35.000000,36.000000,1,1,1,1,1,1,1,0,0,0,0,0,0,0,74,5376.108887,491,0,1,0.691868,0.029999,-0.323628,-3.117000,-0.399000,0.076000,1
3.335976,-14.251000,-43.612000,2.039000,79.809998,27.103001,32.853001,159.072998,0.000000,0.000000,0.000000,0.000000,0.000000,0.000000,0.000000,203.000000,-663.000000,331.000000,-2008.000000,-4.000000,-157.000000,-101.000000,22.000000,22.000000,22.000000,22.000000,22.000000,22.000000,22.000000,32.000000,33.000000,34.000000,34.000000,34.000000,35.000000,36.000000,1,1,1,1,1,1,1,0,0,0,0,0,0,0,74,5376.106934,491,0,1,0.692678,0.029999,-0.323627,-3.117000,-0.399000,0.076000,1
3.345982,-14.284000,-43.491001,2.032000,79.554001,27.070999,32.984001,159.139999,0.000000,0.000000,0.000000,0.000000,0.000000,0.000000,0.000000,203.000000,-663.000000,331.000000,-2008.000000,-4.000000,-157.000000,-101.000000,22.000000,22.000000,22.000000,22.000000,22.000000,22.000000,22.000000,32.000000,33.000000,34.000000,34.000000,34.000000,35.000000,36.000000,1,1,1,1,1,1,1,0,0,0,0,0,0,0,74,5376.108887,490,0,1,0.693342,0.029999,-0.323628,-3.117000,-0.399000,0.076000,1
3.356087,-14.309000,-43.394001,2.027000,79.349998,27.040001,33.088001,159.197006,0.000000,0.000000,0.000000,0.000000,0.000000,0.000000,0.000000,203.000000,-663.000000,331.000000,-2008.000000,-4.000000,-157.000000,-101.000000,22.000000,22.000000,22.000000,22.000000,22.000000,22.000000,22.000000,32.000000,33.000000,34.000000,34.000000,34.000000,35.000000,36.000000,1,1,1,1,1,1,1,0,0,0,0,0,0,0,74,5376.106934,491,0,1,0.693872,0.029999,-0.323628,-3.117000,-0.399000,0.076000,1
3.366004,-14.325000,-43.319000,2.024000,79.193001,27.011999,33.167000,159.244003,0.000000,0.000000,0.000000,0.000000,0.000000,0.000000,0.000000,203.000000,-663.000000,331.000000,-2008.000000,-4.000000,-157.000000,-101.000000,22.000000,22.000000,22.000000,22.000000,22.000000,22.000000,22.000000,32.000000,33.000000,34.000000,34.000000,34.000000,35.000000,36.000000,1,1,1,1,1,1,1,0,0,0,0,0,0,0,74,5376.106934,490,0,1,0.694279,0.029999,-0.323627,-3.117000,-0.399000,0.076000,1
3.375944,-14.333000,-43.264999,2.022000,79.078003,26.985001,33.223999,159.283005,0.000000,0.000000,0.000000,0.000000,0.000000,0.000000,0.000000,203.000000,-663.000000,331.000000,-2008.000000,-4.000000,-157.000000,-101.000000,22.000000,22.000000,22.000000,22.000000,22.000000,22.000000,22.000000,32.000000,33.000000,34.000000,34.000000,34.000000,35.000000,36.000000,1,1,1,1,1,1,1,0,0,0,0,0,0,0,74,5376.108887,490,0,1,0.694576,0.029999,-0.323628,-3.117000,-0.399000,0.076000,1
3.385993,-14.336000,-43.222000,2.022000,78.987999,26.955000,33.266998,159.319000,0.000000,0.000000,0.000000,0.000000,0.000000,0.000000,0.000000,203.000000,-663.000000,331.000000,-2008.000000,-4.000000,-157.000000,-101.000000,22.000000,22.000000,22.000000,22.000000,22.000000,22.000000,22.000000,32.000000,33.000000,34.000000,34.000000,34.000000,35.000000,36.000000,1,1,1,1,1,1,1,0,0,0,0,0,0,0,74,5376.109863,490,0,1,0.694808,0.029999,-0.323628,-3.117000,-0.399000,0.076000,1
3.395927,-14.335000,-43.212002,2.023000,78.968002,26.945999,33.276001,159.328995,0.000000,0.000000,0.000000,0.000000,0.000000,0.000000,0.000000,203.000000,-663.000000,331.000000,-2008.000000,-4.000000,-157.000000,-101.000000,22.000000,22.000000,22.000000,22.000000,22.000000,22.000000,22.000000,32.000000,33.000000,34.000000,34.000000,34.000000,35.000000,36.000000,1,1,1,1,1,1,1,0,0,0,0,0,0,0,74,5376.106934,491,0,1,0.694861,0.030000,-0.323627,-3.116000,-0.399000,0.076000,1
3.405947,-14.330000,-43.195999,2.024000,78.933998,26.923000,33.289001,159.350998,0.000000,0.000000,0.000000,0.000000,0.000000,0.000000,0.000000,203.000000,-663.000000,331.000000,-2008.000000,-4.000000,-157.000000,-101.000000,22.000000,22.000000,22.000000,22.000000,22.000000,22.000000,22.000000,32.000000,33.000000,34.000000,34.000000,34.000000,35.000000,36.000000,1,1,1,1,1,1,1,0,0,0,0,0,0,0,74,5376.108887,490,0,1,0.694948,0.030000,-0.323627,-3.117000,-0.399000,0.076000,1
3.415925,-14.320000,-43.187000,2.027000,78.917000,26.896000,33.292999,159.371994,0.000000,0.000000,0.000000,0.000000,0.000000,0.000000,0.000000,203.000000,-663.000000,331.000000,-2008.000000,-4.000000,-157.000000,-101.000000,22.000000,22.000000,22.000000,22.000000,22.000000,22.000000,22.000000,32.000000,33.000000,34.000000,34.000000,34.000000,35.000000,36.000000,1,1,1,1,1,1,1,0,0,0,0,0,0,0,74,5376.108887,491,0,1,0.694991,0.030000,-0.323628,-3.116000,-0.399000,0.076000,1
3.425927,-14.310000,-43.186001,2.030000,78.914001,26.875000,33.291000,159.386993,0.000000,0.000000,0.000000,0.000000,0.000000,0.000000,0.000000,203.000000,-663.000000,331.000000,-2008.000000,-4.000000,-157.000000,-101.000000,22.000000,22.000000,22.000000,22.000000,22.000000,22.000000,22.000000,32.000000,33.000000,34.000000,34.000000,34.000000,35.000000,36.000000,1,1,1,1,1,1,1,0,0,0,0,0,0,0,74,5376.109863,492,0,1,0.694999,0.030000,-0.323627,-3.117000,-0.399000,0.076000,1
3.436156,-14.308000,-43.186001,2.030000,78.914001,26.870001,33.290001,159.389999,0.000000,0.000000,0.000000,0.000000,0.000000,0.000000,0.000000,268.000000,-612.000000,196.000000,-2088.000000,-8.000000,-158.000000,-84.000000,22.000000,22.000000,22.000000,22.000000,22.000000,22.000000,22.000000,33.000000,33.000000,34.000000,34.000000,34.000000,35.000000,36.000000,1,1,1,1,1,1,1,0,0,0,0,0,0,0,74,5376.108887,491,0,1,0.695000,0.029999,-0.323628,-3.116000,-0.399000,0.076000,0
3.446020,-14.308000,-43.186001,2.030000,78.914001,26.870001,33.290001,159.389999,0.000000,0.000000,0.000000,0.000000,0.000000,0.000000,0.000000,267.000000,-619.000000,162.000000,-2076.000000,-11.000000,-157.000000,-92.000000,22.000000,22.000000,22.000000,22.000000,22.000000,22.000000,22.000000,33.000000,33.000000,34.000000,34.000000,34.000000,35.000000,36.000000,1,1,1,1,1,1,1,0,0,0,0,0,0,0,74,5376.108887,492,0,1,0.695000,0.029999,-0.323628,-3.116000,-0.399000,0.076000,0
3.456010,-14.308000,-43.186001,2.030000,78.914001,26.870001,33.290001,159.389999,0.000000,0.000000,0.000000,0.000000,0.000000,0.000000,0.000000,263.000000,-611.000000,169.000000,-2094.000000,-13.000000,-159.000000,-77.000000,22.000000,22.000000,22.000000,22.000000,22.000000,22.000000,22.000000,33.000000,33.000000,34.000000,34.000000,34.000000,35.000000,36.000000,1,1,1,1,1,1,1,0,0,0,0,0,0,0,74,5376.108887,492,0,1,0.695000,0.029999,-0.323628,-3.116000,-0.399000,0.076000,0
3.466031,-14.308000,-43.186001,2.030000,78.914001,26.870001,33.290001,159.389999,0.000000,0.000000,0.000000,0.000000,0.000000,0.000000,0.000000,267.000000,-609.000000,148.000000,-2091.000000,-13.000000,-159.000000,-89.000000,22.000000,22.000000,22.000000,22.000000,22.000000,22.000000,22.000000,33.000000,33.000000,34.000000,34.000000,34.000000,35.000000,36.000000,1,1,1,1,1,1,1,0,0,0,0,0,0,0,74,5376.108887,491,0,1,0.695000,0.029999,-0.323628,-3.116000,-0.399000,0.076000,0
3.476072,-14.308000,-43.186001,2.030000,78.914001,26.870001,33.290001,159.389999,0.000000,0.000000,0.000000,0.000000,0.000000,0.000000,0.000000,255.000000,-601.000000,172.000000,-2080.000000,-9.000000,-157.000000,-77.000000,22.000000,22.000000,22.000000,22.000000,22.000000,22.000000,22.000000,33.000000,33.000000,34.000000,34.000000,34.000000,35.000000,36.000000,1,1,1,1,1,1,1,0,0,0,0,0,0,0,74,5376.108887,491,0,1,0.695000,0.029999,-0.323628,-3.116000,-0.399000,0.076000,0
3.486065,-14.308000,-43.186001,2.030000,78.914001,26.870001,33.290001,159.389999,0.000000,0.000000,0.000000,0.000000,0.000000,0.000000,0.000000,260.000000,-608.000000,183.000000,-2098.000000,-7.000000,-157.000000,-79.000000,22.000000,22.000000,22.000000,22.000000,22.000000,22.000000,22.000000,33.000000,33.000000,34.000000,34.000000,34.000000,35.000000,36.000000,1,1,1,1,1,1,1,0,0,0,0,0,0,0,74,5376.108887,490,0,1,0.695000,0.029999,-0.323628,-3.116000,-0.399000,0.076000,0
3.496049,-14.308000,-43.186001,2.030000,78.914001,26.870001,33.290001,159.389999,0.000000,0.000000,0.000000,0.000000,0.000000,0.000000,0.360000,254.000000,-593.000000,170.000000,-2072.000000,-5.000000,-156.000000,-89.000000,22.000000,22.000000,22.000000,22.000000,22.000000,22.000000,22.000000,33.000000,33.000000,34.000000,34.000000,34.000000,35.000000,36.000000,1,1,1,1,1,1,1,0,0,0,0,0,0,0,74,5376.108887,491,0,1,0.695000,0.029999,-0.323628,-3.116000,-0.399000,0.076000,0
3.506087,-14.308000,-43.186001,2.030000,78.914001,26.870001,33.290001,159.389999,0.000000,0.000000,0.000000,0.000000,0.000000,0.000000,0.000000,248.000000,-603.000000,180.000000,-2089.000000,-5.000000,-159.000000,-95.000000,22.000000,22.000000,22.000000,22.000000,22.000000,22.000000,22.000000,33.000000,33.000000,34.000000,34.000000,34.000000,35.000000,36.000000,1,1,1,1,1,1,1,0,0,0,0,0,0,0,74,5376.106934,490,0,1,0.695000,0.029999,-0.323628,-3.116000,-0.399000,0.076000,0
3.516034,-14.308000,-43.186001,2.030000,78.914001,26.870001,33.290001,159.389999,0.000000,0.000000,0.000000,0.000000,0.000000,0.000000,-0.120000,260.000000,-606.000000,201.000000,-2077.000000,-6.000000,-159.000000,-77.000000,22.000000,22.000000,22.000000,22.000000,22.000000,22.000000,22.000000,33.000000,33.000000,34.000000,34.000000,34.000000,35.000000,36.000000,1,1,1,1,1,1,1,0,0,0,0,0,0,0,74,5376.108887,490,0,1,0.695000,0.029999,-0.323628,-3.116000,-0.399000,0.076000,0
3.526067,-14.308000,-43.186001,2.030000,78.914001,26.870001,33.290001,159.389999,0.000000,0.000000,0.000000,0.000000,0.000000,0.000000,0.240000,259.000000,-605.000000,186.000000,-2091.000000,-15.000000,-162.000000,-78.000000,22.000000,22.000000,22.000000,22.000000,22.000000,22.000000,22.000000,33.000000,33.000000,34.000000,34.000000,34.000000,35.000000,36.000000,1,1,1,1,1,1,1,0,0,0,0,0,0,0,74,5376.106934,491,0,1,0.695000,0.029999,-0.323628,-3.116000,-0.399000,0.076000,0
3.536124,-14.308000,-43.186001,2.030000,78.914001,26.870001,33.290001,159.389999,0.000000,0.000000,0.000000,0.000000,0.000000,0.000000,0.120000,255.000000,-597.000000,172.000000,-2094.000000,-7.000000,-152.000000,-73.000000,22.000000,22.000000,22.000000,22.000000,22.000000,22.000000,22.000000,33.000000,33.000000,34.000000,34.000000,34.000000,35.000000,36.000000,1,1,1,1,1,1,1,0,0,0,0,0,0,0,74,5376.106934,491,0,1,0.695000,0.029999,-0.323628,-3.116000,-0.399000,0.076000,0
3.546133,-14.308000,-43.186001,2.030000,78.914001,26.870001,33.290001,159.389999,0.000000,0.000000,0.000000,0.000000,0.000000,0.000000,0.000000,244.000000,-593.000000,167.000000,-2099.000000,-10.000000,-157.000000,-83.000000,22.000000,22.000000,22.000000,22.000000,22.000000,22.000000,22.000000,33.000000,33.000000,34.000000,34.000000,34.000000,35.000000,36.000000,1,1,1,1,1,1,1,0,0,0,0,0,0,0,74,5376.106934,490,0,1,0.695000,0.029999,-0.323628,-3.116000,-0.399000,0.076000,0
3.556035,-14.308000,-43.186001,2.030000,78.914001,26.870001,33.290001,159.389999,0.000000,0.000000,0.000000,0.000000,0.000000,0.000000,0.000000,261.000000,-598.000000,158.000000,-2108.000000,-16.000000,-161.000000,-82.000000,22.000000,22.000000,22.000000,22.000000,22.000000,22.000000,22.000000,33.000000,33.000000,34.000000,34.000000,34.000000,35.000000,36.000000,1,1,1,1,1,1,1,0,0,0,0,0,0,0,74,5376.109863,491,0,1,0.695000,0.029999,-0.323628,-3.116000,-0.399000,0.076000,0
3.566071,-14.308000,-43.186001,2.030000,78.914001,26.870001,33.290001,159.389999,0.000000,0.000000,0.000000,0.000000,0.000000,0.000000,0.000000,256.000000,-599.000000,197.000000,-2096.000000,-7.000000,-152.000000,-75.000000,22.000000,22.000000,22.000000,22.000000,22.000000,22.000000,22.000000,33.000000,33.000000,34.000000,34.000000,34.000000,35.000000,36.000000,1,1,1,1,1,1,1,0,0,0,0,0,0,0,74,5376.108887,490,0,1,0.695000,0.029999,-0.323628,-3.116000,-0.399000,0.076000,0
3.576058,-14.308000,-43.186001,2.030000,78.914001,26.870001,33.290001,159.389999,0.000000,0.000000,0.000000,0.000000,0.000000,0.000000,0.000000,256.000000,-594.000000,175.000000,-2087.000000,-11.000000,-153.000000,-86.000000,22.000000,22.000000,22.000000,22.000000,22.000000,22.000000,22.000000,33.000000,33.000000,34.000000,34.000000,34.000000,35.000000,36.000000,1,1,1,1,1,1,1,0,0,0,0,0,0,0,74,5376.108887,491,0,1,0.695000,0.029999,-0.323628,-3.116000,-0.399000,0.076000,0
3.586086,-14.308000,-43.186001,2.030000,78.914001,26.870001,33.290001,159.389999,0.000000,0.000000,0.000000,0.000000,0.000000,0.000000,0.120000,262.000000,-595.000000,181.000000,-2077.000000,-10.000000,-155.000000,-86.000000,22.000000,22.000000,22.000000,22.000000,22.000000,22.000000,22.000000,33.000000,33.000000,34.000000,34.000000,34.000000,35.000000,36.000000,1,1,1,1,1,1,1,0,0,0,0,0,0,0,74,5376.108887,489,0,1,0.695000,0.029999,-0.323628,-3.116000,-0.399000,0.076000,0
3.596143,-14.308000,-43.186001,2.030000,78.914001,26.870001,33.290001,159.389999,0.000000,0.000000,0.000000,0.000000,0.000000,0.000000,0.000000,261.000000,-593.000000,184.000000,-2093.000000,3.000000,-160.000000,-89.000000,22.000000,22.000000,22.000000,22.000000,22.000000,22.000000,22.000000,33.000000,33.000000,34.000000,34.000000,34.000000,35.000000,36.000000,1,1,1,1,1,1,1,0,0,0,0,0,0,0,74,5376.108887,491,0,1,0.695000,0.029999,-0.323628,-3.116000,-0.399000,0.076000,0
3.606110,-14.308000,-43.186001,2.030000,78.914001,26.870001,33.290001,159.389999,0.000000,0.000000,0.000000,0.000000,0.000000,0.000000,0.000000,260.000000,-599.000000,161.000000,-2087.000000,-7.000000,-156.000000,-83.000000,22.000000,22.000000,22.000000,22.000000,22.000000,22.000000,22.000000,33.000000,33.000000,34.000000,34.000000,34.000000,35.000000,36.000000,1,1,1,1,1,1,1,0,0,0,0,0,0,0,74,5376.108887,489,0,1,0.695000,0.029999,-0.323628,-3.116000,-0.399000,0.076000,0
3.616049,-14.308000,-43.186001,2.030000,78.914001,26.870001,33.290001,159.389999,0.000000,0.000000,0.000000,0.000000,0.000000,0.000000,0.000000,264.000000,-596.000000,179.000000,-2094.000000,-3.000000,-152.000000,-83.000000,22.000000,22.000000,22.000000,22.000000,22.000000,22.000000,22.000000,33.000000,33.000000,34.000000,34.000000,34.000000,35.000000,36.000000,1,1,1,1,1,1,1,0,0,0,0,0,0,0,74,5376.108887,490,0,1,0.695000,0.029999,-0.323628,-3.116000,-0.399000,0.076000,0
3.626085,-14.308000,-43.186001,2.030000,78.914001,26.870001,33.290001,159.389999,0.000000,0.000000,0.000000,0.000000,0.000000,0.000000,0.000000,263.000000,-604.000000,170.000000,-2075.000000,-4.000000,-152.000000,-85.000000,22.000000,22.000000,22.000000,22.000000,22.000000,22.000000,22.000000,33.000000,33.000000,34.000000,34.000000,34.000000,35.000000,36.000000,1,1,1,1,1,1,1,0,0,0,0,0,0,0,74,5376.106934,491,0,1,0.695000,0.029999,-0.323628,-3.116000,-0.399000,0.076000,0
3.636014,-14.308000,-43.186001,2.030000,78.914001,26.870001,33.290001,159.389999,0.000000,0.000000,0.000000,0.000000,0.000000,0.000000,0.000000,261.000000,-600.000000,189.000000,-2081.000000,2.000000,-154.000000,-84.000000,22.000000,22.000000,22.000000,22.000000,22.000000,22.000000,22.000000,33.000000,33.000000,34.000000,34.000000,34.000000,35.000000,36.000000,1,1,1,1,1,1,1,0,0,0,0,0,0,0,74,5376.109863,489,0,1,0.695000,0.029999,-0.323628,-3.116000,-0.399000,0.076000,0
3.646009,-14.308000,-43.186001,2.030000,78.914001,26.870001,33.290001,159.389999,0.000000,0.000000,0.000000,0.000000,0.000000,0.000000,0.000000,261.000000,-591.000000,172.000000,-2080.000000,-6.000000,-158.000000,-84.000000,22.000000,22.000000,22.000000,22.000000,22.000000,22.000000,22.000000,33.000000,33.000000,34.000000,34.000000,34.000000,35.000000,36.000000,1,1,1,1,1,1,1,0,0,0,0,0,0,0,74,5376.108887,490,0,1,0.695000,0.029999,-0.323628,-3.116000,-0.399000,0.076000,0
3.656032,-14.308000,-43.186001,2.030000,78.914001,26.870001,33.290001,159.389999,0.000000,0.000000,0.000000,0.000000,0.000000,0.000000,0.000000,262.000000,-609.000000,206.000000,-2089.000000,-6.000000,-153.000000,-90.000000,22.000000,22.000000,22.000000,22.000000,22.000000,22.000000,22.000000,33.000000,33.000000,34.000000,34.000000,34.000000,35.000000,36.000000,1,1,1,1,1,1,1,0,0,0,0,0,0,0,74,5376.108887,489,0,1,0.695000,0.029999,-0.323628,-3.116000,-0.399000,0.076000,0
