t_mono,position1,position2,position3,position4,position5,position6,position7,speed1,speed2,speed3,speed4,speed5,speed6,speed7,current1,current2,current3,current4,current5,current6,current7,voltage1,voltage2,voltage3,voltage4,voltage5,voltage6,voltage7,temperature1,temperature2,temperature3,temperature4,temperature5,temperature6,temperature7,en1,en2,en3,en4,en5,en6,en7,err1,err2,err3,err4,err5,err6,err7,lift_height,lift_pos,lift_current,lift_err,lift_en,tcp_x,tcp_y,tcp_z,tcp_rx,tcp_ry,tcp_rz,arm_status
0.143198,-20.788000,-18.950001,6.613000,26.339001,18.083000,59.507000,174.345993,0.000000,-0.240000,0.000000,0.480000,0.000000,0.000000,0.000000,512.000000,-2962.000000,62.000000,-1023.000000,-235.000000,-552.000000,185.000000,22.000000,22.000000,22.000000,22.000000,22.000000,22.000000,22.000000,37.000000,37.000000,37.000000,39.000000,39.000000,40.000000,43.000000,1,1,1,1,1,1,1,0,0,0,0,0,0,0,74,5376.549805,836,0,1,0.787934,0.039379,-0.323713,-3.118000,-0.399000,0.077000,0
0.153203,-20.787001,-18.952000,6.616000,26.344999,18.082001,59.507000,174.343994,0.120000,-0.120000,0.000000,0.480000,0.000000,-0.120000,0.000000,516.000000,-2964.000000,50.000000,-962.000000,-225.000000,-597.000000,181.000000,22.000000,22.000000,22.000000,22.000000,22.000000,22.000000,22.000000,37.000000,37.000000,37.000000,39.000000,39.000000,40.000000,43.000000,1,1,1,1,1,1,1,0,0,0,0,0,0,0,74,5376.549805,836,0,1,0.787909,0.039400,-0.323718,-3.118000,-0.399000,0.077000,0
0.163275,-20.787001,-18.955000,6.612000,26.350000,18.082001,59.502998,174.343994,0.000000,-0.240000,0.000000,0.480000,0.000000,0.000000,0.120000,512.000000,-2940.000000,44.000000,-927.000000,-216.000000,-588.000000,172.000000,22.000000,22.000000,22.000000,22.000000,22.000000,22.000000,22.000000,37.000000,37.000000,37.000000,39.000000,39.000000,40.000000,43.000000,1,1,1,1,1,1,1,0,0,0,0,0,0,0,74,5376.549805,837,0,1,0.787916,0.039366,-0.323713,-3.118000,-0.399000,0.077000,0
0.173165,-20.788000,-18.959000,6.613000,26.354000,18.083000,59.501999,174.343002,0.000000,0.000000,0.000000,0.360000,0.000000,-0.240000,0.000000,517.000000,-2981.000000,71.000000,-952.000000,-204.000000,-609.000000,161.000000,22.000000,22.000000,22.000000,22.000000,22.000000,22.000000,22.000000,37.000000,37.000000,37.000000,39.000000,39.000000,40.000000,43.000000,1,1,1,1,1,1,1,0,0,0,0,0,0,0,74,5376.550781,837,0,1,0.787917,0.039384,-0.323696,-3.118000,-0.399000,0.077000,0
0.183167,-20.787001,-18.962999,6.612000,26.365000,18.083000,59.500000,174.343002,0.000000,-0.120000,0.000000,0.480000,0.000000,0.000000,0.000000,526.000000,-3005.000000,61.000000,-956.000000,-206.000000,-665.000000,153.000000,22.000000,22.000000,22.000000,22.000000,22.000000,22.000000,22.000000,37.000000,37.000000,37.000000,39.000000,39.000000,40.000000,43.000000,1,1,1,1,1,1,1,0,0,0,0,0,0,0,74,5376.549805,836,0,1,0.787874,0.039377,-0.323712,-3.118000,-0.399000,0.077000,0
0.193154,-20.784000,-18.962000,6.613000,26.368999,18.083000,59.500000,174.343994,0.000000,-0.120000,0.000000,0.360000,0.000000,0.000000,0.000000,525.000000,-3075.000000,57.000000,-945.000000,-194.000000,-692.000000,142.000000,22.000000,22.000000,22.000000,22.000000,22.000000,22.000000,22.000000,37.000000,37.000000,37.000000,39.000000,39.000000,40.000000,43.000000,1,1,1,1,1,1,1,0,0,0,0,0,0,0,74,5376.550781,835,0,1,0.787838,0.039394,-0.323745,-3.118000,-0.399000,0.077000,0
0.203175,-20.783001,-18.965000,6.615000,26.374001,18.083000,59.499001,174.345993,0.000000,-0.240000,0.000000,0.360000,0.000000,-0.240000,0.000000,522.000000,-3051.000000,47.000000,-912.000000,-185.000000,-711.000000,128.000000,22.000000,22.000000,22.000000,22.000000,22.000000,22.000000,22.000000,37.000000,37.000000,37.000000,39.000000,39.000000,40.000000,43.000000,1,1,1,1,1,1,1,0,0,0,0,0,0,0,74,5376.547852,837,0,1,0.787832,0.039417,-0.323738,-3.118000,-0.399000,0.077000,0
0.213104,-20.783001,-18.969000,6.613000,26.378000,18.083000,59.494999,174.343994,0.000000,-0.120000,0.000000,0.480000,0.120000,-0.120000,0.000000,520.000000,-3003.000000,42.000000,-880.000000,-163.000000,-703.000000,120.000000,22.000000,22.000000,22.000000,22.000000,22.000000,22.000000,22.000000,37.000000,37.000000,37.000000,39.000000,39.000000,40.000000,43.000000,1,1,1,1,1,1,1,0,0,0,0,0,0,0,74,5376.549805,836,0,1,0.787853,0.039411,-0.323715,-3.118000,-0.399000,0.077000,0
0.223177,-20.780001,-18.969000,6.613000,26.379000,18.080000,59.495998,174.343994,0.120000,-0.120000,0.000000,0.360000,0.000000,-0.120000,-0.120000,527.000000,-3001.000000,51.000000,-893.000000,-172.000000,-693.000000,116.000000,22.000000,22.000000,22.000000,22.000000,22.000000,22.000000,22.000000,37.000000,37.000000,37.000000,39.000000,39.000000,40.000000,43.000000,1,1,1,1,1,1,1,0,0,0,0,0,0,0,74,5376.549805,838,0,1,0.787835,0.039408,-0.323723,-3.118000,-0.399000,0.077000,0
0.233160,-20.780001,-18.972000,6.615000,26.386000,18.082001,59.492001,174.343994,0.120000,-0.360000,0.000000,0.360000,0.000000,0.000000,0.000000,544.000000,-3013.000000,35.000000,-945.000000,-153.000000,-706.000000,106.000000,22.000000,22.000000,22.000000,22.000000,22.000000,22.000000,22.000000,37.000000,37.000000,37.000000,39.000000,39.000000,40.000000,43.000000,1,1,1,1,1,1,1,0,0,0,0,0,0,0,74,5376.549805,836,0,1,0.787828,0.039425,-0.323728,-3.118000,-0.399000,0.077000,0
0.243142,-20.780001,-18.973000,6.613000,26.391001,18.084000,59.491001,174.343994,0.000000,-0.120000,0.000000,0.480000,0.000000,0.000000,0.000000,537.000000,-3018.000000,35.000000,-912.000000,-153.000000,-733.000000,112.000000,22.000000,22.000000,22.000000,22.000000,22.000000,22.000000,22.000000,37.000000,37.000000,37.000000,39.000000,39.000000,40.000000,43.000000,1,1,1,1,1,1,1,0,0,0,0,0,0,0,74,5376.547852,836,0,1,0.787808,0.039426,-0.323741,-3.118000,-0.399000,0.077000,0
0.253112,-20.777000,-18.974001,6.613000,26.393999,18.083000,59.486000,174.343002,0.000000,-0.120000,0.000000,0.360000,0.000000,-0.120000,-0.240000,535.000000,-3043.000000,39.000000,-879.000000,-143.000000,-761.000000,95.000000,22.000000,22.000000,22.000000,22.000000,22.000000,22.000000,22.000000,37.000000,37.000000,37.000000,39.000000,39.000000,40.000000,43.000000,1,1,1,1,1,1,1,0,0,0,0,0,0,0,74,5376.547852,837,0,1,0.787824,0.039432,-0.323734,-3.118000,-0.399000,0.077000,0
0.263203,-20.777000,-18.978001,6.615000,26.402000,18.082001,59.486000,174.345993,0.000000,-0.120000,0.000000,0.480000,0.000000,-0.120000,0.000000,533.000000,-3047.000000,32.000000,-853.000000,-130.000000,-767.000000,102.000000,22.000000,22.000000,22.000000,22.000000,22.000000,22.000000,22.000000,37.000000,37.000000,37.000000,39.000000,39.000000,40.000000,43.000000,1,1,1,1,1,1,1,0,0,0,0,0,0,0,74,5376.547852,836,0,1,0.787787,0.039438,-0.323740,-3.118000,-0.399000,0.077000,0
0.273327,-20.775999,-18.981001,6.615000,26.407000,18.084000,59.484001,174.345993,0.000000,0.000000,0.000000,0.360000,0.000000,-0.120000,0.000000,524.000000,-3051.000000,9.000000,-854.000000,-126.000000,-791.000000,81.000000,22.000000,22.000000,22.000000,22.000000,22.000000,22.000000,22.000000,37.000000,37.000000,37.000000,39.000000,39.000000,40.000000,43.000000,1,1,1,1,1,1,1,0,0,0,0,0,0,0,74,5376.546875,836,0,1,0.787791,0.039465,-0.323732,-3.118000,-0.399000,0.077000,0
0.283092,-20.771999,-18.981001,6.615000,26.412001,18.084000,59.480999,174.343994,0.120000,0.000000,0.000000,0.480000,0.000000,-0.120000,0.000000,534.000000,-3086.000000,26.000000,-841.000000,-118.000000,-777.000000,68.000000,22.000000,22.000000,22.000000,22.000000,22.000000,22.000000,22.000000,37.000000,37.000000,37.000000,39.000000,39.000000,40.000000,43.000000,1,1,1,1,1,1,1,0,0,0,0,0,0,0,74,5376.544922,836,0,1,0.787772,0.039478,-0.323753,-3.118000,-0.399000,0.076000,0
0.293105,-20.768999,-18.983999,6.613000,26.417999,18.084000,59.480000,174.345993,0.000000,0.000000,0.000000,0.120000,0.000000,0.000000,0.000000,522.000000,-3030.000000,13.000000,-1011.000000,-134.000000,-748.000000,64.000000,22.000000,22.000000,22.000000,22.000000,22.000000,22.000000,22.000000,37.000000,37.000000,37.000000,39.000000,39.000000,40.000000,43.000000,1,1,1,1,1,1,1,0,0,0,0,0,0,0,74,5376.546875,837,0,1,0.787759,0.039484,-0.323751,-3.118000,-0.399000,0.076000,0
0.303170,-20.771000,-18.985001,6.613000,26.419001,18.084000,59.478001,174.345993,0.000000,0.000000,0.000000,0.000000,0.000000,0.000000,0.000000,499.000000,-3019.000000,27.000000,-973.000000,-132.000000,-758.000000,89.000000,22.000000,22.000000,22.000000,22.000000,22.000000,22.000000,22.000000,37.000000,37.000000,37.000000,39.000000,39.000000,40.000000,43.000000,1,1,1,1,1,1,1,0,0,0,0,0,0,0,74,5376.544922,836,0,1,0.787766,0.039479,-0.323744,-3.118000,-0.399000,0.076000,0
0.314185,-20.768999,-18.988001,6.616000,26.420000,18.083000,59.478001,174.348007,0.000000,0.000000,0.000000,0.000000,0.000000,0.000000,0.120000,472.000000,-3006.000000,22.000000,-962.000000,-137.000000,-765.000000,91.000000,22.000000,22.000000,22.000000,22.000000,22.000000,22.000000,22.000000,37.000000,37.000000,37.000000,39.000000,39.000000,40.000000,43.000000,1,1,1,1,1,1,1,0,0,0,0,0,0,0,74,5376.546875,837,0,1,0.787767,0.039510,-0.323728,-3.118000,-0.399000,0.076000,0
0.324077,-20.771000,-18.988001,6.615000,26.419001,18.084000,59.477001,174.345993,0.000000,0.000000,0.000000,0.000000,0.000000,0.000000,-0.120000,480.000000,-3000.000000,21.000000,-984.000000,-127.000000,-762.000000,74.000000,22.000000,22.000000,22.000000,22.000000,22.000000,22.000000,22.000000,37.000000,37.000000,37.000000,39.000000,39.000000,40.000000,43.000000,1,1,1,1,1,1,1,0,0,0,0,0,0,0,74,5376.546875,836,0,1,0.787787,0.039499,-0.323718,-3.118000,-0.399000,0.076000,0
0.334144,-20.768999,-18.987000,6.617000,26.419001,18.083000,59.474998,174.343994,0.000000,0.000000,0.000000,0.000000,0.000000,0.000000,0.000000,473.000000,-2982.000000,21.000000,-972.000000,-129.000000,-760.000000,88.000000,22.000000,22.000000,22.000000,22.000000,22.000000,22.000000,22.000000,37.000000,37.000000,37.000000,39.000000,39.000000,40.000000,43.000000,1,1,1,1,1,1,1,0,0,0,0,0,0,0,74,5376.547852,837,0,1,0.787787,0.039514,-0.323729,-3.118000,-0.399000,0.076000,0
0.344073,-20.760000,-18.990999,6.617000,26.420000,18.070999,59.474998,174.343994,2.880000,-0.120000,1.920000,0.600000,-4.920000,-0.720000,0.360000,1478.000000,-2963.000000,489.000000,-819.000000,-628.000000,-844.000000,282.000000,22.000000,22.000000,22.000000,22.000000,22.000000,22.000000,22.000000,37.000000,37.000000,37.000000,39.000000,39.000000,40.000000,43.000000,1,1,1,1,1,1,1,0,0,0,0,0,0,0,74,5376.546875,838,0,1,0.787799,0.039504,-0.323694,-3.118000,-0.399000,0.077000,1
0.354064,-20.705000,-18.989000,6.634000,26.427999,18.028000,59.466999,174.345993,4.670000,-0.360000,0.840000,1.320000,-4.800000,-0.720000,0.120000,759.000000,-3148.000000,100.000000,-579.000000,-618.000000,-873.000000,294.000000,22.000000,22.000000,22.000000,22.000000,22.000000,22.000000,22.000000,37.000000,37.000000,37.000000,39.000000,39.000000,40.000000,43.000000,1,1,1,1,1,1,1,0,0,0,0,0,0,0,74,5376.546875,838,0,1,0.787775,0.039669,-0.323711,-3.117000,-0.399000,0.076000,1
0.364102,-20.672001,-18.992001,6.641000,26.438000,18.003000,59.459999,174.347000,6.000000,-0.840000,0.240000,2.880000,-4.920000,-1.440000,0.000000,813.000000,-3327.000000,16.000000,-306.000000,-545.000000,-903.000000,289.000000,22.000000,22.000000,22.000000,22.000000,22.000000,22.000000,22.000000,37.000000,37.000000,37.000000,39.000000,39.000000,40.000000,43.000000,1,1,1,1,1,1,1,0,0,0,0,0,0,0,74,5376.547852,837,0,1,0.787762,0.039752,-0.323709,-3.117000,-0.399000,0.076000,1
0.374045,-20.580999,-19.011000,6.638000,26.486000,17.943001,59.431999,174.347000,7.560000,-2.640000,-1.440000,6.120000,-5.400000,-3.360000,-0.600000,976.000000,-3395.000000,-610.000000,-117.000000,-493.000000,-988.000000,24.000000,22.000000,22.000000,22.000000,22.000000,22.000000,22.000000,22.000000,37.000000,37.000000,37.000000,39.000000,39.000000,40.000000,43.000000,1,1,1,1,1,1,1,0,0,0,0,0,0,0,74,5376.547852,835,0,1,0.787726,0.039850,-0.323682,-3.117000,-0.399000,0.076000,1
0.384134,-20.483999,-19.052999,6.611000,26.596001,17.877001,59.368000,174.343002,11.160000,-3.720000,-4.670000,11.880000,-4.560000,-6.600000,-2.160000,1336.000000,-3483.000000,-1027.000000,-131.000000,-429.000000,-1081.000000,-193.000000,22.000000,22.000000,22.000000,22.000000,22.000000,22.000000,22.000000,37.000000,37.000000,37.000000,39.000000,39.000000,40.000000,43.000000,1,1,1,1,1,1,1,0,0,0,0,0,0,0,74,5376.546875,837,0,1,0.787628,0.039717,-0.323705,-3.117000,-0.399000,0.076000,1
0.394179,-20.316000,-19.105000,6.550000,26.746000,17.834000,59.293999,174.339996,16.080000,-6.000000,-8.520000,16.680000,-3.840000,-9.350000,-3.720000,1607.000000,-3620.000000,-1339.000000,299.000000,-504.000000,-1150.000000,-320.000000,22.000000,22.000000,22.000000,22.000000,21.000000,22.000000,22.000000,37.000000,37.000000,37.000000,39.000000,39.000000,40.000000,43.000000,1,1,1,1,1,1,1,0,0,0,0,0,0,0,74,5376.544922,836,0,1,0.787415,0.039826,-0.323751,-3.115000,-0.399000,0.075000,1
0.404124,-20.089001,-19.200001,6.422000,27.007000,17.808001,59.141998,174.326004,23.160000,-10.200000,-13.680000,26.400000,-2.160000,-13.920000,-7.320000,1830.000000,-3872.000000,-1544.000000,508.000000,-615.000000,-850.000000,-376.000000,22.000000,22.000000,22.000000,22.000000,21.000000,22.000000,22.000000,37.000000,37.000000,37.000000,39.000000,39.000000,40.000000,43.000000,1,1,1,1,1,1,1,0,0,0,0,0,0,0,74,5376.544922,836,0,1,0.787233,0.039759,-0.323785,-3.114000,-0.399000,0.073000,1
0.414115,-19.999001,-19.259001,6.340000,27.177000,17.796000,59.050999,174.291000,23.520000,-11.880000,-17.040001,29.040001,-1.560000,-15.480000,-9.000000,1462.000000,-3808.000000,-1590.000000,618.000000,-713.000000,-1087.000000,-492.000000,22.000000,22.000000,22.000000,22.000000,21.000000,22.000000,22.000000,37.000000,37.000000,37.000000,39.000000,39.000000,40.000000,43.000000,1,1,1,1,1,1,1,0,0,0,0,0,0,0,74,5376.543945,837,0,1,0.787045,0.039394,-0.323886,-3.115000,-0.399000,0.073000,1
0.424081,-19.680000,-19.419001,6.102000,27.597000,17.778000,58.841999,174.171005,30.480000,-15.360000,-21.600000,38.160000,-0.960000,-20.400000,-12.710000,1597.000000,-3920.000000,-1763.000000,578.000000,-703.000000,-1285.000000,-628.000000,22.000000,21.000000,22.000000,22.000000,21.000000,22.000000,22.000000,37.000000,37.000000,37.000000,39.000000,39.000000,40.000000,43.000000,1,1,1,1,1,1,1,0,0,0,0,0,0,0,74,5376.541016,835,0,1,0.786592,0.038837,-0.323944,-3.114000,-0.398000,0.073000,1
0.434161,-19.363001,-19.570000,5.836000,28.041000,17.773001,58.618999,174.035004,35.279999,-17.400000,-28.080000,47.040001,-0.240000,-23.520000,-15.840000,1588.000000,-4179.000000,-2010.000000,948.000000,-699.000000,-1040.000000,-768.000000,22.000000,21.000000,22.000000,22.000000,21.000000,21.000000,22.000000,37.000000,37.000000,37.000000,39.000000,39.000000,40.000000,43.000000,1,1,1,1,1,1,1,0,0,0,0,0,0,0,74,5376.543945,835,0,1,0.786050,0.038016,-0.324171,-3.115000,-0.398000,0.072000,1
0.444130,-18.895000,-19.804001,5.464000,28.642000,17.773001,58.303001,173.869995,42.240002,-21.840000,-33.119999,55.799999,0.000000,-30.480000,-20.879999,1632.000000,-4318.000000,-2489.000000,637.000000,-572.000000,-1281.000000,-731.000000,22.000000,21.000000,22.000000,21.000000,21.000000,21.000000,22.000000,37.000000,37.000000,37.000000,39.000000,39.000000,40.000000,43.000000,1,1,1,1,1,1,1,0,0,0,0,0,0,0,74,5376.541016,837,0,1,0.785535,0.037158,-0.324172,-3.114000,-0.398000,0.071000,1
0.454105,-18.344999,-20.100000,4.994000,29.392000,17.774000,57.990002,173.613998,46.799999,-25.309999,-40.560001,65.870003,0.360000,-32.279999,-25.200001,1717.000000,-4094.000000,-2280.000000,691.000000,-253.000000,-1356.000000,-794.000000,22.000000,21.000000,22.000000,21.000000,21.000000,21.000000,22.000000,37.000000,37.000000,37.000000,39.000000,39.000000,40.000000,43.000000,1,1,1,1,1,1,1,0,0,0,0,0,0,0,74,5376.543945,837,0,1,0.784393,0.035810,-0.324277,-3.114000,-0.397000,0.071000,1
0.464166,-18.049999,-20.260000,4.829000,29.657000,17.773001,57.787998,173.473999,50.400002,-26.760000,-40.560001,68.160004,0.840000,-36.720001,-26.520000,1718.000000,-4047.000000,-1887.000000,534.000000,-95.000000,-1261.000000,-874.000000,22.000000,21.000000,22.000000,21.000000,21.000000,21.000000,22.000000,37.000000,37.000000,37.000000,39.000000,39.000000,40.000000,43.000000,1,1,1,1,1,1,1,0,0,0,0,0,0,0,74,5376.543945,837,0,1,0.784868,0.035985,-0.323608,-3.113000,-0.399000,0.071000,1
0.474126,-17.523001,-20.540001,4.338000,30.482000,17.774000,57.349998,173.143997,55.080002,-28.920000,-47.160000,75.480003,2.160000,-39.360001,-30.240000,1658.000000,-4304.000000,-2079.000000,472.000000,142.000000,-1057.000000,-783.000000,21.000000,21.000000,22.000000,21.000000,21.000000,21.000000,21.000000,37.000000,37.000000,37.000000,39.000000,39.000000,40.000000,43.000000,1,1,1,1,1,1,1,0,0,0,0,0,0,0,74,5376.542969,836,0,1,0.783933,0.034011,-0.324052,-3.115000,-0.398000,0.072000,1
0.484140,-16.719000,-20.985001,3.651000,31.624001,17.808001,56.897999,172.779999,60.840000,-32.639999,-51.119999,82.440002,3.600000,-42.480000,-35.279999,1741.000000,-3889.000000,-2115.000000,419.000000,289.000000,-1389.000000,-942.000000,21.000000,21.000000,22.000000,21.000000,21.000000,21.000000,21.000000,37.000000,37.000000,37.000000,39.000000,39.000000,40.000000,43.000000,1,1,1,1,1,1,1,0,0,0,0,0,0,0,74,5376.542969,835,0,1,0.781885,0.032081,-0.324356,-3.114000,-0.396000,0.071000,1
0.494155,-16.093000,-21.325001,3.098000,32.474998,17.865000,56.449001,172.410995,63.599998,-35.520000,-53.630001,88.199997,5.400000,-45.000000,-36.240002,1430.000000,-3791.000000,-2508.000000,351.000000,188.000000,-1246.000000,-868.000000,21.000000,21.000000,22.000000,21.000000,21.000000,21.000000,21.000000,37.000000,37.000000,37.000000,39.000000,39.000000,40.000000,43.000000,1,1,1,1,1,1,1,0,0,0,0,0,0,0,74,5376.541016,837,0,1,0.781154,0.030469,-0.324282,-3.115000,-0.396000,0.071000,1
0.504164,-15.692000,-21.537001,2.753000,33.018002,17.881001,56.174000,172.195999,65.160004,-36.000000,-56.160000,89.279999,5.400000,-44.639999,-38.040001,1228.000000,-3802.000000,-2112.000000,163.000000,359.000000,-1304.000000,-892.000000,21.000000,21.000000,22.000000,21.000000,21.000000,21.000000,21.000000,37.000000,37.000000,37.000000,39.000000,39.000000,40.000000,43.000000,1,1,1,1,1,1,1,0,0,0,0,0,0,0,74,5376.541016,838,0,1,0.780554,0.029387,-0.324317,-3.115000,-0.396000,0.071000,1
0.514146,-15.030000,-21.902000,2.178000,33.938999,17.879999,55.623001,171.690994,66.720001,-38.160000,-57.959999,93.839996,6.120000,-47.160000,-40.200001,1418.000000,-3911.000000,-1507.000000,331.000000,438.000000,-1385.000000,-853.000000,21.000000,21.000000,21.000000,21.000000,21.000000,21.000000,21.000000,37.000000,37.000000,37.000000,39.000000,39.000000,40.000000,43.000000,1,1,1,1,1,1,1,0,0,0,0,0,0,0,74,5376.542969,836,0,1,0.780096,0.027151,-0.324204,-3.117000,-0.397000,0.073000,1
0.524122,-14.176000,-22.375999,1.453000,35.080002,17.910000,55.154999,171.270996,69.839996,-37.560001,-61.680000,96.839996,6.960000,-48.480000,-43.200001,1518.000000,-4288.000000,-1617.000000,-368.000000,404.000000,-1364.000000,-950.000000,21.000000,21.000000,21.000000,21.000000,21.000000,21.000000,21.000000,37.000000,37.000000,37.000000,39.000000,39.000000,40.000000,43.000000,1,1,1,1,1,1,1,0,0,0,0,0,0,0,74,5376.546875,836,0,1,0.778178,0.024933,-0.324219,-3.116000,-0.396000,0.072000,1
0.534212,-13.318000,-22.865000,0.773000,36.120998,17.986000,54.577999,170.729996,71.279999,-38.880001,-63.599998,96.480003,8.160000,-49.320000,-45.959999,909.000000,-3931.000000,-1546.000000,-238.000000,393.000000,-1327.000000,-762.000000,21.000000,21.000000,21.000000,21.000000,21.000000,21.000000,21.000000,37.000000,37.000000,37.000000,39.000000,39.000000,40.000000,43.000000,1,1,1,1,1,1,1,0,0,0,0,0,0,0,74,5376.543945,837,0,1,0.777712,0.023307,-0.323429,-3.116000,-0.398000,0.073000,1
0.544107,-13.032000,-23.021000,0.392000,36.705002,18.031000,54.278999,170.444000,71.160004,-39.240002,-63.959999,97.559998,7.200000,-48.959999,-48.240002,1065.000000,-3951.000000,-1414.000000,-517.000000,431.000000,-1497.000000,-791.000000,21.000000,21.000000,21.000000,21.000000,21.000000,21.000000,21.000000,37.000000,37.000000,37.000000,39.000000,39.000000,40.000000,43.000000,1,1,1,1,1,1,1,0,0,0,0,0,0,0,74,5376.547852,836,0,1,0.776633,0.021058,-0.324184,-3.118000,-0.397000,0.074000,1
0.554120,-12.174000,-23.503000,-0.355000,37.868999,18.127001,53.661999,169.951996,72.360001,-40.310001,-64.919998,98.160004,7.920000,-49.439999,-48.000000,863.000000,-3900.000000,-1481.000000,-357.000000,668.000000,-1048.000000,-652.000000,21.000000,21.000000,21.000000,21.000000,21.000000,21.000000,21.000000,37.000000,37.000000,37.000000,39.000000,39.000000,40.000000,43.000000,1,1,1,1,1,1,1,0,0,0,0,0,0,0,74,5376.551758,836,0,1,0.775454,0.018690,-0.324021,-3.118000,-0.397000,0.073000,1
0.564084,-11.306000,-23.950001,-1.113000,38.993999,18.230000,53.168999,169.356003,71.040001,-38.400002,-63.720001,97.199997,9.000000,-48.480000,-48.480000,986.000000,-3761.000000,-1227.000000,-478.000000,675.000000,-1083.000000,-646.000000,21.000000,21.000000,21.000000,21.000000,21.000000,21.000000,21.000000,37.000000,37.000000,37.000000,39.000000,39.000000,40.000000,43.000000,1,1,1,1,1,1,1,0,0,0,0,0,0,0,74,5376.556152,837,0,1,0.773529,0.016212,-0.324202,-3.118000,-0.396000,0.073000,1
0.574134,-10.592000,-24.343000,-1.748000,39.969002,18.351000,52.610001,168.858994,73.559998,-38.880001,-62.630001,96.360001,8.640000,-46.439999,-51.959999,1015.000000,-3886.000000,-1268.000000,-592.000000,428.000000,-949.000000,-732.000000,21.000000,21.000000,21.000000,21.000000,21.000000,21.000000,21.000000,37.000000,37.000000,37.000000,39.000000,39.000000,40.000000,43.000000,1,1,1,1,1,1,1,0,0,0,0,0,0,0,74,5376.551758,835,0,1,0.772689,0.014104,-0.324126,-3.117000,-0.397000,0.073000,1
0.584144,-9.724000,-24.801001,-2.522000,41.126999,18.431000,52.145000,168.270004,69.839996,-37.799999,-62.759998,92.040001,9.350000,-44.880001,-50.400002,534.000000,-3374.000000,-1045.000000,-822.000000,491.000000,-1079.000000,-736.000000,21.000000,21.000000,21.000000,21.000000,21.000000,21.000000,21.000000,37.000000,37.000000,37.000000,39.000000,39.000000,40.000000,43.000000,1,1,1,1,1,1,1,0,0,0,0,0,0,0,74,5376.551758,838,0,1,0.770278,0.011233,-0.324467,-3.118000,-0.395000,0.073000,1
0.594118,-8.985000,-25.198999,-3.132000,42.036999,18.544001,51.672001,167.751007,68.519997,-37.080002,-60.119999,88.080002,9.350000,-44.520000,-48.480000,664.000000,-3385.000000,-899.000000,-932.000000,474.000000,-1200.000000,-700.000000,21.000000,21.000000,21.000000,21.000000,21.000000,21.000000,21.000000,37.000000,37.000000,37.000000,39.000000,39.000000,40.000000,43.000000,1,1,1,1,1,1,1,0,0,0,0,0,0,0,74,5376.550781,837,0,1,0.769262,0.009449,-0.324220,-3.116000,-0.396000,0.073000,1
0.604188,-8.719000,-25.367001,-3.409000,42.429001,18.615999,51.397999,167.438004,67.919998,-35.040001,-60.840000,88.080002,9.240000,-42.959999,-48.959999,432.000000,-3502.000000,-1129.000000,-905.000000,499.000000,-935.000000,-807.000000,21.000000,21.000000,21.000000,21.000000,21.000000,21.000000,21.000000,37.000000,37.000000,37.000000,39.000000,39.000000,40.000000,43.000000,1,1,1,1,1,1,1,0,0,0,0,0,0,0,74,5376.553223,836,0,1,0.769288,0.008208,-0.324029,-3.118000,-0.398000,0.074000,1
0.614114,-8.024000,-25.756001,-4.044000,43.331001,18.674000,50.949001,166.942001,65.160004,-34.560001,-58.439999,83.400002,6.480000,-41.040001,-48.360001,388.000000,-3484.000000,-1048.000000,-1219.000000,578.000000,-1088.000000,-776.000000,21.000000,21.000000,21.000000,21.000000,21.000000,21.000000,21.000000,37.000000,37.000000,37.000000,39.000000,39.000000,40.000000,43.000000,1,1,1,1,1,1,1,0,0,0,0,0,0,0,74,5376.553223,837,0,1,0.768031,0.005590,-0.323916,-3.118000,-0.398000,0.075000,1
0.624125,-7.318000,-26.125000,-4.652000,44.198002,18.738001,50.533001,166.535995,63.000000,-33.119999,-54.840000,79.080002,6.350000,-39.840000,-47.639999,585.000000,-3808.000000,-524.000000,-1261.000000,838.000000,-1051.000000,-778.000000,21.000000,21.000000,21.000000,21.000000,21.000000,21.000000,21.000000,37.000000,37.000000,37.000000,39.000000,39.000000,40.000000,43.000000,1,1,1,1,1,1,1,0,0,0,0,0,0,0,74,5376.551758,837,0,1,0.766643,0.003387,-0.323893,-3.118000,-0.398000,0.073000,1
0.634311,-6.701000,-26.472000,-5.221000,45.007999,18.801001,50.169998,165.966995,60.480000,-32.160000,-52.560001,75.239998,6.840000,-37.080002,-45.000000,184.000000,-3553.000000,-556.000000,-1127.000000,780.000000,-1092.000000,-570.000000,21.000000,21.000000,21.000000,21.000000,21.000000,21.000000,21.000000,37.000000,37.000000,37.000000,39.000000,39.000000,40.000000,43.000000,1,1,1,1,1,1,1,0,0,0,0,0,0,0,74,5376.551758,838,0,1,0.765178,0.000919,-0.323920,-3.119000,-0.397000,0.075000,1
0.644235,-5.965000,-26.830000,-5.863000,45.751999,18.906000,49.796001,165.501999,56.630001,-30.480000,-48.959999,70.080002,8.280000,-34.080002,-41.759998,429.000000,-3069.000000,-752.000000,-1040.000000,327.000000,-1184.000000,-438.000000,21.000000,21.000000,21.000000,21.000000,21.000000,21.000000,21.000000,37.000000,37.000000,37.000000,39.000000,39.000000,40.000000,43.000000,1,1,1,1,1,1,1,0,0,0,0,0,0,0,74,5376.561035,835,0,1,0.764319,-0.001212,-0.323490,-3.118000,-0.398000,0.074000,1
0.654237,-5.442000,-27.118999,-6.321000,46.509998,18.993999,49.400002,165.009995,53.759998,-28.080000,-45.360001,63.720001,6.120000,-31.559999,-38.880001,-31.000000,-3021.000000,-566.000000,-558.000000,183.000000,-1184.000000,-478.000000,21.000000,21.000000,21.000000,21.000000,21.000000,21.000000,21.000000,37.000000,37.000000,37.000000,39.000000,39.000000,40.000000,43.000000,1,1,1,1,1,1,1,0,0,0,0,0,0,0,74,5376.561035,837,0,1,0.763030,-0.003101,-0.323815,-3.118000,-0.398000,0.075000,1
0.664293,-5.130000,-27.283001,-6.605000,46.898998,19.017000,49.222000,164.789993,50.520000,-27.120001,-45.480000,61.080002,5.760000,-30.959999,-39.720001,-14.000000,-3256.000000,-645.000000,-1318.000000,325.000000,-732.000000,-477.000000,21.000000,21.000000,21.000000,21.000000,21.000000,21.000000,21.000000,37.000000,37.000000,37.000000,39.000000,39.000000,40.000000,43.000000,1,1,1,1,1,1,1,0,0,0,0,0,0,0,74,5376.556152,835,0,1,0.762258,-0.004336,-0.323887,-3.118000,-0.398000,0.075000,1
0.674157,-4.439000,-27.629999,-7.224000,47.696999,19.047001,48.882999,164.350998,45.599998,-24.480000,-40.310001,54.000000,3.600000,-27.360001,-35.040001,252.000000,-3378.000000,500.000000,-1314.000000,670.000000,-1032.000000,-362.000000,21.000000,21.000000,21.000000,21.000000,21.000000,21.000000,21.000000,37.000000,37.000000,37.000000,39.000000,39.000000,40.000000,43.000000,1,1,1,1,1,1,1,0,0,0,0,0,0,0,74,5376.556152,836,0,1,0.760533,-0.006975,-0.323985,-3.119000,-0.397000,0.074000,1
0.684204,-4.005000,-27.875999,-7.606000,48.238998,19.080000,48.617001,164.014008,43.320000,-22.920000,-37.310001,51.000000,2.760000,-23.639999,-33.480000,212.000000,-3225.000000,-74.000000,-1377.000000,783.000000,-1171.000000,-517.000000,21.000000,21.000000,21.000000,21.000000,21.000000,21.000000,21.000000,37.000000,37.000000,37.000000,39.000000,39.000000,40.000000,43.000000,1,1,1,1,1,1,1,0,0,0,0,0,0,0,74,5376.558105,837,0,1,0.759625,-0.008630,-0.323932,-3.119000,-0.397000,0.074000,1
0.694198,-3.580000,-28.091999,-7.967000,48.722000,19.114000,48.324001,163.615997,39.000000,-19.799999,-35.279999,43.919998,2.640000,-21.600000,-28.680000,18.000000,-3113.000000,-94.000000,-1409.000000,759.000000,-694.000000,-514.000000,21.000000,21.000000,21.000000,21.000000,21.000000,21.000000,21.000000,37.000000,37.000000,37.000000,39.000000,39.000000,40.000000,43.000000,1,1,1,1,1,1,1,0,0,0,0,0,0,0,74,5376.551758,837,0,1,0.759151,-0.010233,-0.323834,-3.120000,-0.398000,0.076000,1
0.704182,-3.355000,-28.204000,-8.162000,48.977001,19.125000,48.199001,163.505997,38.279999,-18.709999,-32.400002,41.279999,2.040000,-19.559999,-27.480000,-111.000000,-3220.000000,-307.000000,-1775.000000,784.000000,-1042.000000,-442.000000,21.000000,21.000000,21.000000,21.000000,21.000000,21.000000,21.000000,37.000000,37.000000,37.000000,39.000000,39.000000,40.000000,43.000000,1,1,1,1,1,1,1,0,0,0,0,0,0,0,74,5376.556152,838,0,1,0.758682,-0.011027,-0.323845,-3.119000,-0.398000,0.075000,1
0.714192,-3.000000,-28.361000,-8.456000,49.348999,19.143000,48.014999,163.184998,33.119999,-16.680000,-27.719999,36.360001,1.680000,-18.709999,-24.120001,-159.000000,-2934.000000,146.000000,-1737.000000,755.000000,-978.000000,-577.000000,21.000000,21.000000,22.000000,21.000000,21.000000,21.000000,21.000000,37.000000,37.000000,37.000000,39.000000,39.000000,40.000000,43.000000,1,1,1,1,1,1,1,0,0,0,0,0,0,0,74,5376.555176,837,0,1,0.757974,-0.012278,-0.323940,-3.120000,-0.398000,0.076000,1
0.724195,-2.645000,-28.546000,-8.771000,49.757000,19.153000,47.824001,162.919998,26.520000,-13.320000,-23.280001,32.040001,0.840000,-15.480000,-21.240000,-170.000000,-3027.000000,-620.000000,-1551.000000,823.000000,-969.000000,-492.000000,21.000000,22.000000,22.000000,21.000000,21.000000,21.000000,21.000000,37.000000,37.000000,37.000000,39.000000,39.000000,40.000000,43.000000,1,1,1,1,1,1,1,0,0,0,0,0,0,0,74,5376.556152,836,0,1,0.757167,-0.013720,-0.323948,-3.120000,-0.398000,0.076000,1
0.734306,-2.316000,-28.683001,-8.995000,50.049999,19.169001,47.673000,162.729996,24.480000,-12.120000,-19.680000,26.400000,1.080000,-12.600000,-18.000000,45.000000,-2931.000000,144.000000,-1294.000000,720.000000,-913.000000,-589.000000,21.000000,22.000000,22.000000,21.000000,21.000000,22.000000,21.000000,37.000000,37.000000,37.000000,39.000000,39.000000,40.000000,43.000000,1,1,1,1,1,1,1,0,0,0,0,0,0,0,74,5376.555176,838,0,1,0.756692,-0.014296,-0.323922,-3.119000,-0.398000,0.076000,1
0.744223,-2.121000,-28.804001,-9.188000,50.308998,19.180000,47.547001,162.559998,20.280001,-10.440000,-17.150000,21.360001,0.600000,-11.880000,-15.000000,114.000000,-2937.000000,-353.000000,-937.000000,636.000000,-806.000000,-402.000000,21.000000,22.000000,22.000000,22.000000,21.000000,22.000000,21.000000,37.000000,37.000000,37.000000,39.000000,39.000000,40.000000,43.000000,1,1,1,1,1,1,1,0,0,0,0,0,0,0,74,5376.559082,836,0,1,0.756225,-0.015318,-0.323891,-3.120000,-0.398000,0.076000,1
0.754373,-1.925000,-28.902000,-9.346000,50.520000,19.188999,47.445000,162.432007,18.120001,-8.760000,-14.040000,18.000000,0.360000,-7.920000,-10.560000,64.000000,-3093.000000,44.000000,-1557.000000,586.000000,-548.000000,-431.000000,21.000000,22.000000,22.000000,22.000000,21.000000,22.000000,21.000000,37.000000,37.000000,37.000000,39.000000,39.000000,40.000000,43.000000,1,1,1,1,1,1,1,0,0,0,0,0,0,0,74,5376.556152,837,0,1,0.755815,-0.015933,-0.323897,-3.119000,-0.398000,0.076000,1
0.764268,-1.819000,-28.957001,-9.429000,50.631001,19.188999,47.408001,162.386993,15.120000,-6.960000,-11.880000,15.000000,0.000000,-9.000000,-11.160000,-105.000000,-2867.000000,263.000000,-1358.000000,566.000000,-905.000000,-556.000000,21.000000,22.000000,22.000000,22.000000,21.000000,22.000000,21.000000,37.000000,37.000000,37.000000,39.000000,39.000000,40.000000,43.000000,1,1,1,1,1,1,1,0,0,0,0,0,0,0,74,5376.553223,838,0,1,0.755506,-0.016214,-0.323897,-3.119000,-0.398000,0.075000,1
0.774210,-1.674000,-29.020000,-9.545000,50.765999,19.190001,47.331001,162.274002,11.880000,-5.520000,-9.120000,12.600000,0.000000,-5.400000,-8.640000,-161.000000,-3061.000000,-315.000000,-689.000000,422.000000,-916.000000,-478.000000,21.000000,22.000000,22.000000,22.000000,21.000000,22.000000,22.000000,37.000000,37.000000,37.000000,39.000000,39.000000,40.000000,43.000000,1,1,1,1,1,1,1,0,0,0,0,0,0,0,74,5376.551758,837,0,1,0.755327,-0.016711,-0.323874,-3.119000,-0.398000,0.076000,1
0.784193,-1.542000,-29.082001,-9.640000,50.881001,19.188999,47.270000,162.195007,9.240000,-4.440000,-6.120000,8.280000,-0.240000,-5.030000,-6.600000,-22.000000,-2902.000000,-194.000000,-1559.000000,268.000000,-813.000000,-386.000000,22.000000,22.000000,22.000000,22.000000,21.000000,22.000000,22.000000,37.000000,37.000000,37.000000,39.000000,39.000000,40.000000,43.000000,1,1,1,1,1,1,1,0,0,0,0,0,0,0,74,5376.553223,837,0,1,0.755183,-0.017038,-0.323799,-3.119000,-0.398000,0.076000,1
0.794331,-1.459000,-29.122999,-9.670000,50.969002,19.188999,47.223999,162.134003,6.480000,-3.000000,-4.200000,6.120000,-0.960000,-3.240000,-4.440000,-41.000000,-3030.000000,-110.000000,-1062.000000,118.000000,-867.000000,-296.000000,22.000000,22.000000,22.000000,22.000000,21.000000,22.000000,22.000000,37.000000,37.000000,37.000000,39.000000,39.000000,40.000000,43.000000,1,1,1,1,1,1,1,0,0,0,0,0,0,0,74,5376.551758,836,0,1,0.755032,-0.016992,-0.323808,-3.118000,-0.398000,0.076000,1
0.804286,-1.387000,-29.152000,-9.680000,51.026001,19.186001,47.194000,162.100998,5.030000,-1.680000,-2.400000,3.840000,-0.960000,-2.280000,-2.280000,1.000000,-3125.000000,97.000000,-1002.000000,93.000000,-821.000000,-238.000000,22.000000,22.000000,22.000000,22.000000,22.000000,22.000000,22.000000,37.000000,37.000000,37.000000,39.000000,39.000000,40.000000,43.000000,1,1,1,1,1,1,1,0,0,0,0,0,0,0,74,5376.551758,837,0,1,0.754953,-0.016769,-0.323801,-3.117000,-0.399000,0.076000,1
0.814151,-1.361000,-29.163000,-9.678000,51.042999,19.181999,47.181999,162.091995,3.600000,-1.200000,-1.560000,2.510000,-1.200000,-2.040000,-1.080000,-101.000000,-3105.000000,-1.000000,-1104.000000,48.000000,-775.000000,-257.000000,22.000000,22.000000,22.000000,22.000000,22.000000,22.000000,22.000000,37.000000,37.000000,37.000000,39.000000,39.000000,40.000000,43.000000,1,1,1,1,1,1,1,0,0,0,0,0,0,0,74,5376.550781,837,0,1,0.754954,-0.016661,-0.323781,-3.117000,-0.399000,0.076000,1
0.824175,-1.323000,-29.174999,-9.674000,51.064999,19.174999,47.167999,162.082001,2.640000,-0.600000,-0.360000,1.080000,-1.560000,-1.080000,0.000000,99.000000,-3222.000000,-266.000000,-985.000000,47.000000,-787.000000,-267.000000,22.000000,22.000000,22.000000,22.000000,22.000000,22.000000,22.000000,37.000000,37.000000,37.000000,39.000000,39.000000,40.000000,43.000000,1,1,1,1,1,1,1,0,0,0,0,0,0,0,74,5376.551758,836,0,1,0.754936,-0.016483,-0.323773,-3.116000,-0.399000,0.076000,1
0.834358,-1.303000,-29.179001,-9.674000,51.074001,19.164000,47.153999,162.078995,1.920000,-0.120000,0.000000,0.240000,-1.920000,-0.600000,0.000000,269.000000,-3279.000000,-249.000000,-910.000000,11.000000,-750.000000,-136.000000,22.000000,22.000000,22.000000,22.000000,22.000000,22.000000,22.000000,37.000000,37.000000,37.000000,39.000000,39.000000,40.000000,43.000000,1,1,1,1,1,1,1,0,0,0,0,0,0,0,74,5376.550781,836,0,1,0.754973,-0.016450,-0.323765,-3.116000,-0.399000,0.076000,1
0.844145,-1.279000,-29.181000,-9.672000,51.076000,19.156000,47.148998,162.082993,1.800000,-0.240000,0.000000,0.120000,-2.160000,-0.720000,0.360000,148.000000,-3409.000000,-107.000000,-634.000000,-12.000000,-754.000000,-28.000000,22.000000,22.000000,22.000000,22.000000,22.000000,22.000000,22.000000,37.000000,37.000000,37.000000,39.000000,39.000000,40.000000,43.000000,1,1,1,1,1,1,1,0,0,0,0,0,0,0,74,5376.547852,837,0,1,0.754986,-0.016342,-0.323769,-3.116000,-0.399000,0.075000,1
0.854136,-1.262000,-29.186001,-9.663000,51.087002,19.157000,47.132000,162.078995,1.320000,-0.720000,0.360000,1.200000,-2.160000,-1.320000,0.000000,135.000000,-3485.000000,-107.000000,-550.000000,6.000000,-736.000000,27.000000,22.000000,22.000000,22.000000,22.000000,22.000000,22.000000,22.000000,37.000000,37.000000,37.000000,39.000000,39.000000,40.000000,43.000000,1,1,1,1,1,1,1,0,0,0,0,0,0,0,74,5376.549805,837,0,1,0.755038,-0.016188,-0.323755,-3.115000,-0.399000,0.075000,1
0.864107,-1.252000,-29.193001,-9.662000,51.099998,19.153999,47.124001,162.082993,1.440000,-1.080000,0.360000,2.280000,-1.800000,-1.680000,0.000000,129.000000,-3572.000000,-8.000000,-405.000000,-35.000000,-783.000000,15.000000,22.000000,22.000000,22.000000,22.000000,22.000000,22.000000,22.000000,37.000000,37.000000,37.000000,39.000000,39.000000,40.000000,43.000000,1,1,1,1,1,1,1,0,0,0,0,0,0,0,74,5376.550781,837,0,1,0.755031,-0.016146,-0.323747,-3.115000,-0.399000,0.075000,1
0.874141,-1.230000,-29.215000,-9.661000,51.146000,19.135000,47.091999,162.078995,1.800000,-2.510000,0.000000,5.160000,-1.680000,-3.720000,0.000000,164.000000,-3769.000000,38.000000,-105.000000,-94.000000,-755.000000,-69.000000,22.000000,22.000000,22.000000,22.000000,22.000000,22.000000,22.000000,37.000000,37.000000,37.000000,39.000000,39.000000,40.000000,43.000000,1,1,1,1,1,1,1,0,0,0,0,0,0,0,74,5376.547852,837,0,1,0.754976,-0.016171,-0.323747,-3.115000,-0.399000,0.075000,1
0.884196,-1.205000,-29.268999,-9.657000,51.236000,19.114000,47.042999,162.080994,2.160000,-4.800000,0.240000,9.480000,-1.440000,-5.400000,-0.600000,200.000000,-3816.000000,176.000000,140.000000,-113.000000,-723.000000,-259.000000,22.000000,22.000000,22.000000,22.000000,22.000000,22.000000,22.000000,37.000000,37.000000,37.000000,39.000000,39.000000,40.000000,43.000000,1,1,1,1,1,1,1,0,0,0,0,0,0,0,74,5376.547852,836,0,1,0.754880,-0.016188,-0.323651,-3.115000,-0.400000,0.075000,1
0.894215,-1.179000,-29.332001,-9.651000,51.365002,19.110001,46.952000,162.074005,2.400000,-6.350000,0.360000,14.150000,-1.560000,-7.070000,-1.560000,426.000000,-3635.000000,196.000000,177.000000,-164.000000,-988.000000,-392.000000,22.000000,22.000000,22.000000,22.000000,22.000000,22.000000,22.000000,37.000000,37.000000,37.000000,39.000000,39.000000,40.000000,43.000000,1,1,1,1,1,1,1,0,0,0,0,0,0,0,74,5376.546875,836,0,1,0.754807,-0.016174,-0.323597,-3.115000,-0.400000,0.074000,1
0.904151,-1.159000,-29.379999,-9.644000,51.459000,19.110001,46.917000,162.063004,3.240000,-8.280000,0.360000,17.400000,-1.320000,-8.880000,-2.160000,431.000000,-4067.000000,186.000000,282.000000,-163.000000,-1065.000000,-420.000000,22.000000,22.000000,22.000000,22.000000,21.000000,22.000000,22.000000,37.000000,37.000000,37.000000,39.000000,39.000000,40.000000,43.000000,1,1,1,1,1,1,1,0,0,0,0,0,0,0,74,5376.546875,836,0,1,0.754573,-0.016069,-0.323591,-3.114000,-0.400000,0.074000,1
0.914070,-1.117000,-29.503000,-9.635000,51.708000,19.112000,46.785999,162.026001,3.720000,-12.600000,0.240000,24.480000,-0.960000,-11.160000,-4.080000,485.000000,-4142.000000,120.000000,656.000000,-270.000000,-905.000000,-464.000000,22.000000,22.000000,22.000000,22.000000,21.000000,22.000000,22.000000,37.000000,37.000000,37.000000,39.000000,39.000000,40.000000,43.000000,1,1,1,1,1,1,1,0,0,0,0,0,0,0,74,5376.546875,837,0,1,0.754177,-0.016005,-0.323533,-3.114000,-0.400000,0.073000,1
0.924218,-1.064000,-29.681000,-9.635000,52.069000,19.098000,46.609001,161.960007,4.800000,-15.710000,0.000000,32.520000,-0.960000,-17.760000,-6.350000,422.000000,-3981.000000,256.000000,649.000000,-343.000000,-1007.000000,-548.000000,22.000000,22.000000,22.000000,22.000000,21.000000,22.000000,22.000000,37.000000,37.000000,37.000000,39.000000,39.000000,40.000000,43.000000,1,1,1,1,1,1,1,0,0,0,0,0,0,0,74,5376.544922,837,0,1,0.753492,-0.016153,-0.323490,-3.114000,-0.400000,0.073000,1
0.934231,-1.002000,-29.872999,-9.632000,52.466000,19.080999,46.349998,161.878998,5.030000,-18.480000,0.000000,41.040001,-1.080000,-21.120001,-8.640000,504.000000,-4054.000000,328.000000,591.000000,-285.000000,-1070.000000,-519.000000,22.000000,22.000000,22.000000,22.000000,21.000000,22.000000,22.000000,37.000000,37.000000,37.000000,39.000000,39.000000,40.000000,43.000000,1,1,1,1,1,1,1,0,0,0,0,0,0,0,74,5376.546875,836,0,1,0.753130,-0.016391,-0.323365,-3.114000,-0.401000,0.073000,1
0.944186,-0.976000,-29.961000,-9.633000,52.655998,19.079000,46.247002,161.817001,6.000000,-20.639999,0.000000,44.639999,-0.840000,-22.680000,-9.600000,499.000000,-4285.000000,289.000000,728.000000,-314.000000,-1014.000000,-455.000000,22.000000,22.000000,22.000000,22.000000,21.000000,22.000000,22.000000,37.000000,37.000000,37.000000,39.000000,39.000000,40.000000,43.000000,1,1,1,1,1,1,1,0,0,0,0,0,0,0,74,5376.546875,836,0,1,0.752809,-0.016512,-0.323369,-3.114000,-0.401000,0.073000,1
0.954194,-0.889000,-30.240999,-9.635000,53.167999,19.063999,45.980999,161.695999,6.840000,-25.200001,0.000000,50.630001,-0.720000,-26.160000,-13.440000,523.000000,-3945.000000,287.000000,641.000000,-312.000000,-921.000000,-592.000000,22.000000,22.000000,22.000000,22.000000,21.000000,22.000000,22.000000,37.000000,37.000000,37.000000,39.000000,39.000000,40.000000,43.000000,1,1,1,1,1,1,1,0,0,0,0,0,0,0,74,5376.551758,837,0,1,0.752078,-0.016694,-0.323033,-3.114000,-0.402000,0.073000,1
0.964224,-0.825000,-30.473000,-9.639000,53.785999,19.049999,45.681000,161.552994,7.440000,-27.120001,0.000000,57.959999,-0.600000,-30.240000,-13.800000,587.000000,-4156.000000,139.000000,872.000000,-279.000000,-1030.000000,-537.000000,22.000000,22.000000,22.000000,22.000000,21.000000,22.000000,22.000000,37.000000,37.000000,37.000000,39.000000,39.000000,40.000000,43.000000,1,1,1,1,1,1,1,0,0,0,0,0,0,0,74,5376.551758,837,0,1,0.750465,-0.017115,-0.323592,-3.114000,-0.400000,0.073000,1
0.974355,-0.736000,-30.778000,-9.643000,54.442001,19.040001,45.326000,161.423996,8.400000,-30.719999,-0.360000,65.629997,-0.600000,-33.959999,-15.480000,809.000000,-4395.000000,-11.000000,576.000000,-247.000000,-1335.000000,-598.000000,22.000000,22.000000,22.000000,22.000000,21.000000,22.000000,22.000000,37.000000,37.000000,37.000000,39.000000,39.000000,40.000000,43.000000,1,1,1,1,1,1,1,0,0,0,0,0,0,0,74,5376.551758,838,0,1,0.749289,-0.017442,-0.323615,-3.114000,-0.400000,0.073000,1
0.984180,-0.620000,-31.198999,-9.650000,55.335999,19.035000,44.972000,161.210999,10.200000,-34.310001,-0.960000,72.000000,-0.360000,-37.310001,-17.400000,582.000000,-4707.000000,-201.000000,301.000000,-234.000000,-1209.000000,-592.000000,21.000000,22.000000,22.000000,22.000000,21.000000,22.000000,21.000000,37.000000,37.000000,37.000000,39.000000,39.000000,40.000000,43.000000,1,1,1,1,1,1,1,0,0,0,0,0,0,0,74,5376.549805,833,0,1,0.746901,-0.017712,-0.323794,-3.113000,-0.399000,0.072000,1
0.994235,-0.488000,-31.643000,-9.652000,56.089001,19.033001,44.505001,160.975006,11.520000,-39.959999,-1.080000,80.760002,0.000000,-42.119999,-21.240000,564.000000,-4565.000000,-295.000000,434.000000,-247.000000,-1540.000000,-706.000000,21.000000,22.000000,22.000000,22.000000,21.000000,22.000000,21.000000,37.000000,37.000000,37.000000,39.000000,39.000000,40.000000,43.000000,1,1,1,1,1,1,1,0,0,0,0,0,0,0,74,5376.542969,835,0,1,0.746447,-0.018021,-0.322905,-3.113000,-0.401000,0.073000,1
1.004226,-0.442000,-31.823000,-9.657000,56.623001,19.033001,44.243999,160.886993,12.120000,-39.840000,-1.440000,84.599998,0.000000,-44.759998,-22.080000,326.000000,-4409.000000,-464.000000,236.000000,-265.000000,-1339.000000,-669.000000,21.000000,22.000000,22.000000,22.000000,21.000000,22.000000,21.000000,37.000000,37.000000,37.000000,39.000000,39.000000,40.000000,43.000000,1,1,1,1,1,1,1,0,0,0,0,0,0,0,74,5376.542969,836,0,1,0.744891,-0.018337,-0.323567,-3.113000,-0.400000,0.072000,1
1.014159,-0.292000,-32.292999,-9.680000,57.637001,19.032000,43.675999,160.613007,14.150000,-44.040001,-2.160000,91.680000,0.000000,-47.759998,-23.639999,625.000000,-4093.000000,-598.000000,434.000000,-236.000000,-1019.000000,-552.000000,21.000000,22.000000,21.000000,22.000000,21.000000,22.000000,21.000000,37.000000,37.000000,37.000000,39.000000,39.000000,40.000000,43.000000,1,1,1,1,1,1,1,0,0,0,0,0,0,0,74,5376.544922,835,0,1,0.743114,-0.018957,-0.323588,-3.114000,-0.400000,0.073000,1
1.024227,-0.125000,-32.839001,-9.718000,58.804001,19.032000,43.189999,160.322006,15.120000,-46.560001,-2.760000,99.720001,0.000000,-48.000000,-25.559999,604.000000,-4127.000000,-362.000000,568.000000,-170.000000,-1080.000000,-652.000000,21.000000,21.000000,21.000000,22.000000,21.000000,22.000000,21.000000,37.000000,37.000000,37.000000,39.000000,39.000000,40.000000,43.000000,1,1,1,1,1,1,1,0,0,0,0,0,0,0,74,5376.544922,836,0,1,0.739986,-0.019477,-0.323836,-3.113000,-0.398000,0.073000,1
1.035685,0.030000,-33.356998,-9.755000,59.855999,19.031000,42.661999,160.052002,15.600000,-48.240002,-3.240000,101.160004,0.000000,-53.160000,-27.240000,617.000000,-4679.000000,-505.000000,109.000000,-83.000000,-1494.000000,-686.000000,21.000000,21.000000,21.000000,22.000000,21.000000,21.000000,21.000000,37.000000,37.000000,37.000000,39.000000,39.000000,40.000000,43.000000,1,1,1,1,1,1,1,0,0,0,0,0,0,0,74,5376.544922,835,0,1,0.737826,-0.020104,-0.323706,-3.113000,-0.398000,0.073000,1
1.044185,0.196000,-33.887001,-9.798000,60.976002,19.033001,41.987000,159.779999,17.040001,-51.480000,-3.360000,105.480003,0.240000,-54.480000,-27.600000,583.000000,-3962.000000,-734.000000,260.000000,-26.000000,-1374.000000,-625.000000,21.000000,21.000000,21.000000,21.000000,21.000000,21.000000,21.000000,37.000000,37.000000,37.000000,39.000000,39.000000,40.000000,43.000000,1,1,1,1,1,1,1,0,0,0,0,0,0,0,74,5376.542969,837,0,1,0.736074,-0.020964,-0.323582,-3.114000,-0.400000,0.072000,1
1.054192,0.362000,-34.424999,-9.842000,62.112000,19.028999,41.509998,159.488007,17.150000,-50.279999,-3.960000,107.400002,0.240000,-56.869999,-29.160000,898.000000,-3799.000000,-1249.000000,259.000000,-10.000000,-1235.000000,-588.000000,21.000000,21.000000,21.000000,21.000000,21.000000,21.000000,21.000000,37.000000,37.000000,37.000000,39.000000,39.000000,40.000000,43.000000,1,1,1,1,1,1,1,0,0,0,0,0,0,0,74,5376.556152,836,0,1,0.732948,-0.021518,-0.323785,-3.114000,-0.398000,0.072000,1
1.064231,0.439000,-34.633999,-9.868000,62.599998,19.028999,41.160000,159.296997,18.240000,-52.080002,-4.320000,106.919998,0.360000,-55.680000,-30.480000,467.000000,-3713.000000,-1112.000000,-51.000000,11.000000,-1287.000000,-674.000000,21.000000,21.000000,21.000000,21.000000,21.000000,21.000000,21.000000,37.000000,37.000000,37.000000,39.000000,39.000000,40.000000,43.000000,1,1,1,1,1,1,1,0,0,0,0,0,0,0,74,5376.551758,837,0,1,0.732387,-0.022113,-0.323836,-3.115000,-0.399000,0.073000,1
1.074249,0.661000,-35.287998,-9.922000,63.901001,19.028999,40.497002,158.940002,18.360001,-51.720001,-4.800000,107.639999,0.600000,-56.160000,-29.879999,433.000000,-3741.000000,-1500.000000,-315.000000,46.000000,-1145.000000,-697.000000,21.000000,21.000000,21.000000,21.000000,21.000000,21.000000,21.000000,37.000000,37.000000,37.000000,39.000000,39.000000,40.000000,43.000000,1,1,1,1,1,1,1,0,0,0,0,0,0,0,74,5376.551758,836,0,1,0.729669,-0.022800,-0.323595,-3.115000,-0.400000,0.074000,1
1.084197,0.896000,-35.870998,-9.989000,65.209000,19.035999,39.923000,158.639008,18.600000,-52.919998,-5.880000,108.360001,0.720000,-54.720001,-29.160000,512.000000,-3484.000000,-1468.000000,-298.000000,64.000000,-1249.000000,-670.000000,21.000000,21.000000,21.000000,21.000000,21.000000,21.000000,21.000000,37.000000,37.000000,37.000000,39.000000,39.000000,40.000000,43.000000,1,1,1,1,1,1,1,0,0,0,0,0,0,0,74,5376.543945,836,0,1,0.725883,-0.023268,-0.324130,-3.114000,-0.397000,0.072000,1
1.094244,1.113000,-36.507000,-10.070000,66.472000,19.046000,39.247002,158.276993,18.480000,-53.279999,-7.200000,108.239998,0.720000,-55.799999,-28.680000,598.000000,-3577.000000,-1071.000000,-542.000000,75.000000,-1429.000000,-626.000000,21.000000,21.000000,21.000000,21.000000,21.000000,21.000000,21.000000,37.000000,37.000000,37.000000,39.000000,39.000000,40.000000,43.000000,1,1,1,1,1,1,1,0,0,0,0,0,0,0,74,5376.547852,836,0,1,0.723336,-0.024216,-0.323851,-3.114000,-0.398000,0.073000,1
1.104169,1.229000,-36.831001,-10.123000,67.130997,19.042000,38.931999,158.091003,19.920000,-51.119999,-6.600000,107.269997,0.600000,-55.080002,-29.639999,606.000000,-3962.000000,-488.000000,-621.000000,68.000000,-1229.000000,-701.000000,21.000000,21.000000,21.000000,21.000000,21.000000,21.000000,21.000000,37.000000,37.000000,37.000000,39.000000,39.000000,40.000000,43.000000,1,1,1,1,1,1,1,0,0,0,0,0,0,0,74,5376.546875,837,0,1,0.721690,-0.024765,-0.323836,-3.114000,-0.398000,0.073000,1
1.114193,1.425000,-37.346001,-10.210000,68.179001,19.027000,38.301998,157.742004,19.080000,-50.520000,-6.840000,104.879997,0.600000,-51.840000,-30.360001,710.000000,-3781.000000,-151.000000,-789.000000,94.000000,-1108.000000,-648.000000,21.000000,21.000000,21.000000,21.000000,21.000000,21.000000,21.000000,37.000000,37.000000,37.000000,39.000000,39.000000,40.000000,43.000000,1,1,1,1,1,1,1,0,0,0,0,0,0,0,74,5376.542969,837,0,1,0.719847,-0.025928,-0.323628,-3.116000,-0.399000,0.074000,1
1.124178,1.701000,-37.935001,-10.302000,69.400002,19.025000,37.662998,157.386993,19.200001,-48.720001,-6.840000,101.879997,0.360000,-51.119999,-30.000000,450.000000,-3451.000000,-752.000000,-927.000000,109.000000,-1392.000000,-526.000000,21.000000,21.000000,21.000000,21.000000,21.000000,21.000000,21.000000,37.000000,37.000000,37.000000,39.000000,39.000000,40.000000,43.000000,1,1,1,1,1,1,1,0,0,0,0,0,0,0,74,5376.551758,838,0,1,0.717001,-0.026600,-0.323658,-3.116000,-0.399000,0.074000,1
1.134262,1.775000,-38.257000,-10.353000,70.056999,19.021000,37.430000,157.255005,18.959999,-49.080002,-6.240000,98.750000,0.480000,-50.759998,-28.799999,237.000000,-3291.000000,-727.000000,-601.000000,102.000000,-1171.000000,-595.000000,21.000000,21.000000,21.000000,21.000000,21.000000,21.000000,21.000000,37.000000,37.000000,37.000000,39.000000,39.000000,40.000000,43.000000,1,1,1,1,1,1,1,0,0,0,0,0,0,0,74,5376.556152,834,0,1,0.714778,-0.027119,-0.323779,-3.116000,-0.398000,0.074000,1
1.144147,1.999000,-38.855000,-10.457000,71.254997,19.011000,36.819000,156.908997,18.360001,-46.560001,-6.600000,93.000000,0.240000,-47.279999,-28.680000,339.000000,-3121.000000,-760.000000,-866.000000,158.000000,-1106.000000,-478.000000,21.000000,21.000000,21.000000,21.000000,21.000000,21.000000,21.000000,37.000000,37.000000,37.000000,39.000000,39.000000,40.000000,43.000000,1,1,1,1,1,1,1,0,0,0,0,0,0,0,74,5376.556152,837,0,1,0.711901,-0.028163,-0.323665,-3.116000,-0.398000,0.074000,1
1.154259,2.209000,-39.270000,-10.527000,72.113998,19.013000,36.241001,156.589005,18.120001,-44.279999,-7.560000,88.440002,0.000000,-46.439999,-25.200001,203.000000,-2571.000000,-322.000000,-835.000000,195.000000,-1214.000000,-404.000000,21.000000,21.000000,21.000000,21.000000,21.000000,21.000000,21.000000,37.000000,37.000000,37.000000,39.000000,39.000000,40.000000,43.000000,1,1,1,1,1,1,1,0,0,0,0,0,0,0,74,5376.569824,837,0,1,0.710620,-0.028908,-0.323508,-3.117000,-0.400000,0.075000,1
1.164144,2.374000,-39.786999,-10.603000,73.149002,19.013000,35.737999,156.304993,17.400000,-39.599998,-7.560000,84.720001,0.000000,-43.200001,-22.799999,455.000000,-2721.000000,-2.000000,-877.000000,216.000000,-898.000000,-426.000000,21.000000,21.000000,21.000000,21.000000,21.000000,21.000000,21.000000,37.000000,37.000000,37.000000,39.000000,39.000000,40.000000,43.000000,1,1,1,1,1,1,1,0,0,0,0,0,0,0,74,5376.556152,837,0,1,0.707909,-0.029709,-0.323460,-3.118000,-0.399000,0.075000,1
1.174198,2.484000,-40.019001,-10.637000,73.635002,19.013000,35.491001,156.160004,15.960000,-37.799999,-6.120000,80.279999,0.000000,-41.400002,-23.040001,-17.000000,-2579.000000,31.000000,-552.000000,207.000000,-1328.000000,-440.000000,21.000000,21.000000,21.000000,21.000000,21.000000,21.000000,21.000000,37.000000,37.000000,37.000000,39.000000,39.000000,40.000000,43.000000,1,1,1,1,1,1,1,0,0,0,0,0,0,0,74,5376.558105,836,0,1,0.706637,-0.029918,-0.323524,-3.117000,-0.399000,0.075000,1
1.184174,2.662000,-40.398998,-10.703000,74.394997,19.014000,35.083000,155.923004,15.240000,-35.759998,-5.520000,75.000000,0.120000,-36.840000,-22.799999,115.000000,-3204.000000,-34.000000,-948.000000,216.000000,-1227.000000,-493.000000,21.000000,21.000000,21.000000,21.000000,21.000000,21.000000,21.000000,37.000000,37.000000,37.000000,39.000000,39.000000,40.000000,43.000000,1,1,1,1,1,1,1,0,0,0,0,0,0,0,74,5376.559082,838,0,1,0.704864,-0.030377,-0.323452,-3.117000,-0.400000,0.075000,1
1.194141,2.818000,-40.771000,-10.768000,75.176003,19.017000,34.685001,155.695007,14.040000,-33.240002,-4.670000,68.400002,0.240000,-33.840000,-19.559999,374.000000,-2941.000000,-420.000000,-1452.000000,268.000000,-940.000000,-399.000000,21.000000,21.000000,21.000000,21.000000,21.000000,21.000000,21.000000,37.000000,37.000000,37.000000,39.000000,39.000000,40.000000,43.000000,1,1,1,1,1,1,1,0,0,0,0,0,0,0,74,5376.551758,836,0,1,0.702777,-0.030898,-0.323557,-3.117000,-0.399000,0.075000,1
1.204209,2.967000,-41.091000,-10.832000,75.893997,19.016001,34.340000,155.498993,13.440000,-30.240000,-5.160000,62.520000,0.000000,-31.080000,-18.360001,155.000000,-2633.000000,-577.000000,-1349.000000,303.000000,-949.000000,-377.000000,21.000000,21.000000,21.000000,21.000000,21.000000,21.000000,21.000000,37.000000,37.000000,37.000000,39.000000,39.000000,40.000000,43.000000,1,1,1,1,1,1,1,0,0,0,0,0,0,0,74,5376.561035,837,0,1,0.700574,-0.031325,-0.323874,-3.117000,-0.398000,0.075000,1
1.214141,3.131000,-41.491001,-10.899000,76.557999,19.018000,33.994999,155.294006,11.760000,-25.920000,-5.400000,53.630001,0.120000,-27.600000,-16.559999,-8.000000,-2535.000000,-507.000000,-1434.000000,312.000000,-943.000000,-388.000000,21.000000,21.000000,22.000000,21.000000,21.000000,21.000000,21.000000,37.000000,37.000000,37.000000,39.000000,39.000000,40.000000,43.000000,1,1,1,1,1,1,1,0,0,0,0,0,0,0,74,5376.556152,837,0,1,0.699274,-0.031754,-0.323307,-3.117000,-0.400000,0.075000,1
1.224063,3.195000,-41.639999,-10.931000,76.862999,19.020000,33.856998,155.210999,9.840000,-24.719999,-5.030000,49.680000,0.240000,-23.760000,-14.880000,241.000000,-2686.000000,-494.000000,-1727.000000,334.000000,-844.000000,-469.000000,21.000000,21.000000,22.000000,21.000000,21.000000,21.000000,21.000000,37.000000,37.000000,37.000000,39.000000,39.000000,40.000000,43.000000,1,1,1,1,1,1,1,0,0,0,0,0,0,0,74,5376.559082,837,0,1,0.698356,-0.031944,-0.323346,-3.117000,-0.399000,0.075000,1
1.234262,3.298000,-41.866001,-10.993000,77.415001,19.021000,33.574001,155.033997,9.600000,-21.240000,-4.560000,42.000000,0.360000,-23.040001,-13.920000,-97.000000,-2354.000000,-172.000000,-1350.000000,331.000000,-966.000000,-384.000000,21.000000,22.000000,22.000000,21.000000,21.000000,21.000000,21.000000,37.000000,37.000000,37.000000,39.000000,39.000000,40.000000,43.000000,1,1,1,1,1,1,1,0,0,0,0,0,0,0,74,5376.558105,837,0,1,0.696626,-0.032490,-0.323724,-3.117000,-0.399000,0.075000,1
1.244182,3.401000,-42.112999,-11.038000,77.873001,19.025000,33.376999,154.912003,7.920000,-17.400000,-3.480000,37.310001,0.360000,-18.480000,-13.920000,200.000000,-2480.000000,-108.000000,-957.000000,321.000000,-1190.000000,-598.000000,21.000000,22.000000,22.000000,22.000000,21.000000,22.000000,21.000000,37.000000,37.000000,37.000000,39.000000,39.000000,40.000000,43.000000,1,1,1,1,1,1,1,0,0,0,0,0,0,0,74,5376.561035,836,0,1,0.695281,-0.032685,-0.323632,-3.117000,-0.398000,0.075000,1
1.254226,3.479000,-42.285999,-11.076000,78.221001,19.028999,33.180000,154.789993,5.880000,-15.710000,-2.880000,30.120001,0.480000,-16.320000,-9.960000,-161.000000,-2389.000000,-77.000000,-1591.000000,362.000000,-967.000000,-477.000000,21.000000,22.000000,22.000000,22.000000,21.000000,22.000000,21.000000,37.000000,37.000000,37.000000,39.000000,39.000000,40.000000,43.000000,1,1,1,1,1,1,1,0,0,0,0,0,0,0,74,5376.559082,836,0,1,0.694482,-0.033000,-0.323600,-3.117000,-0.399000,0.075000,1
1.264151,3.538000,-42.437000,-11.101000,78.522003,19.032000,33.022999,154.692001,5.160000,-13.080000,-2.160000,24.120001,0.360000,-12.480000,-8.400000,271.000000,-2494.000000,-246.000000,-1270.000000,369.000000,-670.000000,-457.000000,21.000000,22.000000,22.000000,22.000000,21.000000,22.000000,21.000000,37.000000,37.000000,37.000000,39.000000,39.000000,40.000000,43.000000,1,1,1,1,1,1,1,0,0,0,0,0,0,0,74,5376.555176,837,0,1,0.693706,-0.033203,-0.323583,-3.117000,-0.399000,0.075000,1
1.274190,3.570000,-42.514999,-11.115000,78.625999,19.035999,32.945000,154.641998,4.440000,-10.680000,-2.040000,22.920000,0.720000,-11.160000,-7.920000,24.000000,-2502.000000,-249.000000,-1367.000000,387.000000,-988.000000,-525.000000,21.000000,22.000000,22.000000,22.000000,21.000000,22.000000,21.000000,37.000000,37.000000,37.000000,39.000000,39.000000,40.000000,43.000000,1,1,1,1,1,1,1,0,0,0,0,0,0,0,74,5376.553223,835,0,1,0.693730,-0.033331,-0.323341,-3.117000,-0.400000,0.076000,1
1.284150,3.618000,-42.605000,-11.137000,78.872002,19.040001,32.827000,154.550995,3.720000,-8.760000,-1.680000,16.920000,0.480000,-7.680000,-6.000000,-228.000000,-2456.000000,-262.000000,-1482.000000,398.000000,-903.000000,-385.000000,22.000000,22.000000,22.000000,22.000000,21.000000,22.000000,22.000000,37.000000,37.000000,37.000000,39.000000,39.000000,40.000000,43.000000,1,1,1,1,1,1,1,0,0,0,0,0,0,0,74,5376.553223,836,0,1,0.692845,-0.033476,-0.323611,-3.117000,-0.399000,0.076000,1
1.294172,3.655000,-42.687000,-11.147000,79.033997,19.047001,32.755001,154.498993,2.400000,-5.880000,-1.080000,12.240000,0.600000,-6.240000,-5.030000,26.000000,-2446.000000,-298.000000,-1184.000000,437.000000,-1178.000000,-467.000000,22.000000,22.000000,22.000000,22.000000,21.000000,22.000000,22.000000,37.000000,37.000000,37.000000,39.000000,39.000000,40.000000,43.000000,1,1,1,1,1,1,1,0,0,0,0,0,0,0,74,5376.555176,837,0,1,0.692359,-0.033465,-0.323616,-3.117000,-0.399000,0.076000,1
1.304228,3.679000,-42.742001,-11.155000,79.153000,19.052999,32.678001,154.444000,1.080000,-4.080000,-0.720000,8.760000,0.720000,-5.030000,-3.000000,83.000000,-2615.000000,-385.000000,-817.000000,440.000000,-742.000000,-432.000000,22.000000,22.000000,22.000000,22.000000,22.000000,22.000000,22.000000,37.000000,37.000000,37.000000,39.000000,39.000000,40.000000,43.000000,1,1,1,1,1,1,1,0,0,0,0,0,0,0,74,5376.555176,836,0,1,0.692118,-0.033559,-0.323626,-3.117000,-0.399000,0.076000,1
1.314142,3.685000,-42.766998,-11.159000,79.198997,19.058001,32.632999,154.425003,0.840000,-3.240000,-0.600000,5.520000,0.720000,-4.320000,-3.240000,131.000000,-2366.000000,-406.000000,-1108.000000,464.000000,-528.000000,-398.000000,22.000000,22.000000,22.000000,22.000000,22.000000,22.000000,22.000000,37.000000,37.000000,37.000000,39.000000,39.000000,40.000000,43.000000,1,1,1,1,1,1,1,0,0,0,0,0,0,0,74,5376.550781,837,0,1,0.692148,-0.033641,-0.323572,-3.117000,-0.399000,0.076000,1
1.324270,3.692000,-42.792999,-11.166000,79.248001,19.062000,32.605999,154.399002,0.480000,-2.160000,-0.360000,4.200000,0.720000,-2.760000,-2.280000,184.000000,-2457.000000,-377.000000,-1022.000000,474.000000,-684.000000,-401.000000,22.000000,22.000000,22.000000,22.000000,22.000000,22.000000,22.000000,37.000000,37.000000,37.000000,39.000000,39.000000,40.000000,43.000000,1,1,1,1,1,1,1,0,0,0,0,0,0,0,74,5376.550781,836,0,1,0.692041,-0.033716,-0.323553,-3.118000,-0.399000,0.077000,1
1.334290,3.694000,-42.812000,-11.169000,79.286003,19.069000,32.584999,154.376999,0.120000,-1.200000,-0.240000,2.510000,0.600000,-1.440000,-1.440000,172.000000,-2425.000000,-361.000000,-821.000000,488.000000,-748.000000,-428.000000,22.000000,22.000000,22.000000,22.000000,22.000000,22.000000,22.000000,37.000000,37.000000,37.000000,39.000000,39.000000,40.000000,43.000000,1,1,1,1,1,1,1,0,0,0,0,0,0,0,74,5376.549805,837,0,1,0.691954,-0.033756,-0.323544,-3.118000,-0.399000,0.077000,1
1.344230,3.701000,-42.819000,-11.169000,79.306000,19.080000,32.570000,154.360992,0.000000,-0.600000,0.000000,1.800000,0.840000,-0.720000,-1.440000,153.000000,-2546.000000,-431.000000,-696.000000,509.000000,-758.000000,-462.000000,22.000000,22.000000,22.000000,22.000000,22.000000,22.000000,22.000000,37.000000,37.000000,37.000000,39.000000,39.000000,40.000000,43.000000,1,1,1,1,1,1,1,0,0,0,0,0,0,0,74,5376.549805,837,0,1,0.691933,-0.033711,-0.323555,-3.118000,-0.399000,0.077000,1
1.354461,3.698000,-42.827000,-11.170000,79.321999,19.087999,32.563000,154.350006,0.000000,-0.600000,0.000000,1.320000,0.600000,-0.720000,-1.440000,139.000000,-2544.000000,-496.000000,-756.000000,525.000000,-784.000000,-480.000000,22.000000,22.000000,22.000000,22.000000,22.000000,22.000000,22.000000,37.000000,37.000000,37.000000,39.000000,39.000000,40.000000,43.000000,1,1,1,1,1,1,1,0,0,0,0,0,0,0,74,5376.551758,837,0,1,0.691890,-0.033723,-0.323550,-3.118000,-0.399000,0.077000,1
1.364259,3.698000,-42.833000,-11.173000,79.330002,19.090000,32.558998,154.341995,0.000000,-0.480000,-0.480000,1.080000,0.600000,-0.600000,-1.320000,249.000000,-2539.000000,-607.000000,-716.000000,524.000000,-760.000000,-491.000000,22.000000,22.000000,22.000000,22.000000,22.000000,22.000000,22.000000,37.000000,37.000000,37.000000,39.000000,39.000000,40.000000,43.000000,1,1,1,1,1,1,1,0,0,0,0,0,0,0,74,5376.551758,835,0,1,0.691875,-0.033758,-0.323537,-3.118000,-0.400000,0.077000,1
1.374245,3.702000,-42.841000,-11.178000,79.351997,19.098000,32.548000,154.326996,0.480000,-0.840000,-0.600000,2.040000,0.600000,-0.720000,-1.440000,319.000000,-2730.000000,-643.000000,-584.000000,560.000000,-787.000000,-516.000000,22.000000,22.000000,22.000000,22.000000,22.000000,22.000000,22.000000,37.000000,37.000000,37.000000,39.000000,39.000000,40.000000,43.000000,1,1,1,1,1,1,1,0,0,0,0,0,0,0,74,5376.550781,837,0,1,0.691808,-0.033780,-0.323555,-3.118000,-0.399000,0.077000,1
1.384198,3.717000,-42.855999,-11.186000,79.389000,19.108999,32.535999,154.304993,1.440000,-1.680000,-1.200000,3.600000,0.600000,-1.440000,-2.040000,389.000000,-2802.000000,-745.000000,-319.000000,571.000000,-896.000000,-565.000000,22.000000,22.000000,22.000000,22.000000,22.000000,22.000000,22.000000,37.000000,37.000000,37.000000,39.000000,39.000000,40.000000,43.000000,1,1,1,1,1,1,1,0,0,0,0,0,0,0,74,5376.550781,836,0,1,0.691659,-0.033756,-0.323591,-3.117000,-0.399000,0.077000,1
1.394185,3.740000,-42.882000,-11.201000,79.446999,19.118999,32.507000,154.272003,2.510000,-2.760000,-1.800000,6.350000,0.720000,-2.880000,-3.480000,335.000000,-3160.000000,-856.000000,-130.000000,516.000000,-981.000000,-606.000000,22.000000,22.000000,22.000000,22.000000,22.000000,22.000000,22.000000,37.000000,37.000000,37.000000,39.000000,39.000000,40.000000,43.000000,1,1,1,1,1,1,1,0,0,0,0,0,0,0,74,5376.550781,837,0,1,0.691491,-0.033796,-0.323615,-3.117000,-0.399000,0.077000,1
1.404236,3.760000,-42.893002,-11.211000,79.472000,19.125000,32.488998,154.246994,3.120000,-3.360000,-2.160000,6.600000,0.840000,-3.360000,-3.720000,467.000000,-3321.000000,-972.000000,76.000000,518.000000,-981.000000,-628.000000,22.000000,22.000000,22.000000,22.000000,22.000000,22.000000,22.000000,37.000000,37.000000,37.000000,39.000000,39.000000,40.000000,43.000000,1,1,1,1,1,1,1,0,0,0,0,0,0,0,74,5376.549805,837,0,1,0.691454,-0.033803,-0.323623,-3.117000,-0.399000,0.077000,1
1.414267,3.802000,-42.955002,-11.236000,79.575996,19.134001,32.449001,154.205002,4.800000,-5.160000,-3.000000,11.280000,0.600000,-4.670000,-5.400000,89.000000,-3129.000000,-1167.000000,219.000000,557.000000,-1057.000000,-633.000000,22.000000,22.000000,22.000000,22.000000,22.000000,22.000000,22.000000,37.000000,37.000000,37.000000,39.000000,39.000000,40.000000,43.000000,1,1,1,1,1,1,1,0,0,0,0,0,0,0,74,5376.546875,837,0,1,0.691144,-0.033848,-0.323575,-3.117000,-0.399000,0.077000,1
1.424348,3.861000,-43.033001,-11.280000,79.730003,19.146000,32.377998,154.128006,5.520000,-6.960000,-4.320000,13.920000,0.720000,-6.480000,-6.240000,472.000000,-3235.000000,-1129.000000,-50.000000,477.000000,-1076.000000,-586.000000,22.000000,22.000000,22.000000,22.000000,22.000000,22.000000,22.000000,37.000000,37.000000,37.000000,39.000000,39.000000,40.000000,43.000000,1,1,1,1,1,1,1,0,0,0,0,0,0,0,74,5376.546875,837,0,1,0.690690,-0.034044,-0.323583,-3.117000,-0.399000,0.077000,1
1.434168,3.922000,-43.110001,-11.328000,79.877998,19.153999,32.284000,154.042999,6.480000,-8.640000,-5.760000,16.920000,0.600000,-9.000000,-8.280000,620.000000,-3371.000000,-1134.000000,-125.000000,456.000000,-1095.000000,-633.000000,22.000000,22.000000,22.000000,22.000000,22.000000,22.000000,22.000000,37.000000,37.000000,37.000000,39.000000,39.000000,40.000000,43.000000,1,1,1,1,1,1,1,0,0,0,0,0,0,0,74,5376.547852,836,0,1,0.690402,-0.034353,-0.323546,-3.117000,-0.400000,0.077000,1
1.444215,4.014000,-43.221001,-11.395000,80.079002,19.160000,32.172001,153.953995,8.880000,-10.560000,-6.840000,20.520000,0.360000,-9.120000,-9.120000,450.000000,-3085.000000,-940.000000,475.000000,488.000000,-674.000000,-575.000000,22.000000,22.000000,22.000000,22.000000,22.000000,22.000000,22.000000,37.000000,37.000000,37.000000,39.000000,39.000000,40.000000,43.000000,1,1,1,1,1,1,1,0,0,0,0,0,0,0,74,5376.549805,835,0,1,0.689956,-0.034701,-0.323470,-3.117000,-0.400000,0.077000,1
1.454195,4.137000,-43.375999,-11.491000,80.377998,19.167999,32.042999,153.843994,10.200000,-12.000000,-7.320000,24.360001,0.480000,-12.240000,-10.920000,755.000000,-3206.000000,-870.000000,-125.000000,450.000000,-1073.000000,-708.000000,22.000000,22.000000,22.000000,22.000000,22.000000,22.000000,22.000000,37.000000,37.000000,37.000000,39.000000,39.000000,40.000000,43.000000,1,1,1,1,1,1,1,0,0,0,0,0,0,0,74,5376.549805,838,0,1,0.688986,-0.035135,-0.323495,-3.117000,-0.400000,0.076000,1
1.464144,4.264000,-43.527000,-11.580000,80.661003,19.169001,31.910999,153.723007,12.360000,-14.520000,-8.640000,30.719999,0.000000,-14.040000,-13.200000,513.000000,-3200.000000,-760.000000,211.000000,442.000000,-1069.000000,-762.000000,22.000000,22.000000,22.000000,22.000000,22.000000,22.000000,22.000000,37.000000,37.000000,37.000000,39.000000,39.000000,40.000000,43.000000,1,1,1,1,1,1,1,0,0,0,0,0,0,0,74,5376.549805,836,0,1,0.688147,-0.035542,-0.323480,-3.117000,-0.400000,0.076000,1
1.474146,4.324000,-43.595001,-11.627000,80.805000,19.172001,31.799999,153.632004,12.840000,-15.120000,-9.480000,30.959999,0.240000,-15.710000,-16.559999,757.000000,-3447.000000,-1013.000000,40.000000,428.000000,-1074.000000,-853.000000,22.000000,22.000000,22.000000,22.000000,22.000000,22.000000,22.000000,37.000000,37.000000,37.000000,39.000000,39.000000,40.000000,43.000000,1,1,1,1,1,1,1,0,0,0,0,0,0,0,74,5376.550781,838,0,1,0.687936,-0.035905,-0.323480,-3.117000,-0.400000,0.076000,1
1.484088,4.483000,-43.785999,-11.733000,81.161003,19.173000,31.632999,153.481003,14.760000,-17.400000,-10.440000,34.919998,0.000000,-16.920000,-19.200001,763.000000,-3313.000000,-1222.000000,564.000000,412.000000,-895.000000,-736.000000,21.000000,22.000000,22.000000,22.000000,22.000000,22.000000,22.000000,37.000000,37.000000,37.000000,39.000000,39.000000,40.000000,43.000000,1,1,1,1,1,1,1,0,0,0,0,0,0,0,74,5376.547852,837,0,1,0.686884,-0.036353,-0.323459,-3.117000,-0.400000,0.076000,1
1.494253,4.660000,-43.986000,-11.855000,81.539001,19.177999,31.437000,153.302994,17.760000,-20.520000,-12.120000,39.959999,0.000000,-18.709999,-19.080000,960.000000,-3773.000000,-918.000000,997.000000,337.000000,-1029.000000,-860.000000,21.000000,22.000000,22.000000,22.000000,22.000000,22.000000,22.000000,37.000000,37.000000,37.000000,39.000000,39.000000,40.000000,43.000000,1,1,1,1,1,1,1,0,0,0,0,0,0,0,74,5376.547852,836,0,1,0.685868,-0.036928,-0.323431,-3.116000,-0.400000,0.076000,1
1.504168,4.855000,-44.238998,-11.997000,82.008003,19.179001,31.198999,153.082001,19.920000,-23.160000,-13.560000,45.240002,0.000000,-21.719999,-21.360001,716.000000,-3626.000000,-1229.000000,816.000000,247.000000,-931.000000,-700.000000,21.000000,22.000000,22.000000,22.000000,22.000000,22.000000,22.000000,37.000000,37.000000,37.000000,39.000000,39.000000,40.000000,43.000000,1,1,1,1,1,1,1,0,0,0,0,0,0,0,74,5376.546875,834,0,1,0.684574,-0.037682,-0.323374,-3.116000,-0.401000,0.076000,1
1.514168,5.115000,-44.522999,-12.197000,82.570999,19.181999,30.916000,152.860001,23.639999,-24.959999,-16.200001,49.080002,-0.120000,-24.360001,-24.120001,897.000000,-3445.000000,-1442.000000,406.000000,104.000000,-1264.000000,-732.000000,21.000000,22.000000,21.000000,22.000000,21.000000,22.000000,22.000000,37.000000,37.000000,37.000000,39.000000,39.000000,40.000000,43.000000,1,1,1,1,1,1,1,0,0,0,0,0,0,0,74,5376.547852,837,0,1,0.682860,-0.038661,-0.323477,-3.116000,-0.400000,0.075000,1
1.524231,5.252000,-44.681000,-12.295000,82.847000,19.181999,30.805000,152.712997,22.320000,-27.480000,-16.559999,50.869999,-0.240000,-26.760000,-24.600000,676.000000,-3430.000000,-1089.000000,394.000000,46.000000,-1025.000000,-705.000000,21.000000,22.000000,21.000000,22.000000,21.000000,22.000000,22.000000,37.000000,37.000000,37.000000,39.000000,39.000000,40.000000,43.000000,1,1,1,1,1,1,1,0,0,0,0,0,0,0,74,5376.551758,835,0,1,0.681957,-0.039057,-0.323438,-3.116000,-0.400000,0.075000,1
1.534242,5.541000,-45.048000,-12.490000,83.403999,19.176001,30.493999,152.401993,26.040001,-30.120001,-19.080000,56.040001,-0.960000,-28.200001,-24.719999,648.000000,-3799.000000,-1142.000000,636.000000,-25.000000,-882.000000,-571.000000,21.000000,21.000000,21.000000,22.000000,21.000000,22.000000,22.000000,37.000000,37.000000,37.000000,39.000000,39.000000,40.000000,43.000000,1,1,1,1,1,1,1,0,0,0,0,0,0,0,74,5376.549805,836,0,1,0.680918,-0.040068,-0.322875,-3.116000,-0.402000,0.076000,1
1.544141,5.821000,-45.359001,-12.720000,84.114998,19.160000,30.136000,152.119995,27.120001,-32.279999,-19.920000,58.919998,-1.200000,-29.760000,-28.309999,654.000000,-3699.000000,-1211.000000,564.000000,-4.000000,-1077.000000,-586.000000,21.000000,21.000000,21.000000,22.000000,21.000000,21.000000,22.000000,37.000000,37.000000,37.000000,39.000000,39.000000,40.000000,43.000000,1,1,1,1,1,1,1,0,0,0,0,0,0,0,74,5376.549805,836,0,1,0.678423,-0.041373,-0.323380,-3.116000,-0.401000,0.075000,1
1.554128,6.138000,-45.764000,-12.969000,84.879997,19.149000,29.865000,151.787003,28.430000,-33.599998,-22.080000,65.400002,-1.800000,-30.480000,-28.430000,524.000000,-3646.000000,-942.000000,148.000000,1.000000,-1059.000000,-692.000000,21.000000,21.000000,21.000000,21.000000,21.000000,21.000000,22.000000,37.000000,37.000000,37.000000,39.000000,39.000000,40.000000,43.000000,1,1,1,1,1,1,1,0,0,0,0,0,0,0,74,5376.551758,836,0,1,0.675442,-0.042426,-0.323581,-3.116000,-0.399000,0.075000,1
1.564142,6.318000,-45.976002,-13.098000,85.262001,19.138000,29.677999,151.604004,29.639999,-34.680000,-22.320000,64.080002,-1.800000,-31.309999,-29.160000,654.000000,-3646.000000,-1022.000000,34.000000,-8.000000,-1421.000000,-607.000000,21.000000,21.000000,21.000000,21.000000,21.000000,21.000000,22.000000,37.000000,37.000000,37.000000,39.000000,39.000000,40.000000,43.000000,1,1,1,1,1,1,1,0,0,0,0,0,0,0,74,5376.550781,836,0,1,0.674290,-0.043049,-0.323560,-3.115000,-0.399000,0.075000,1
1.574246,6.690000,-46.370998,-13.349000,85.869003,19.128000,29.292000,151.244003,31.559999,-36.480000,-22.320000,66.839996,-2.400000,-30.840000,-32.040001,748.000000,-2972.000000,-679.000000,55.000000,-44.000000,-949.000000,-647.000000,21.000000,21.000000,21.000000,21.000000,21.000000,21.000000,22.000000,37.000000,37.000000,37.000000,39.000000,39.000000,40.000000,43.000000,1,1,1,1,1,1,1,0,0,0,0,0,0,0,74,5376.550781,837,0,1,0.673272,-0.044303,-0.323029,-3.115000,-0.402000,0.075000,1
1.584100,7.005000,-46.762001,-13.590000,86.714996,19.131001,28.863001,150.940994,32.040001,-37.560001,-24.240000,66.599998,-2.640000,-32.520000,-30.240000,566.000000,-3245.000000,-1337.000000,-254.000000,-91.000000,-703.000000,-479.000000,21.000000,21.000000,21.000000,21.000000,21.000000,21.000000,21.000000,37.000000,37.000000,37.000000,39.000000,39.000000,40.000000,43.000000,1,1,1,1,1,1,1,0,0,0,0,0,0,0,74,5376.551758,837,0,1,0.670371,-0.045472,-0.323512,-3.115000,-0.400000,0.073000,1
1.594114,7.364000,-47.178001,-13.868000,87.473999,19.129999,28.593000,150.593994,33.119999,-37.680000,-24.480000,68.760002,-2.880000,-33.240002,-33.599998,545.000000,-3354.000000,-722.000000,-450.000000,-151.000000,-1237.000000,-757.000000,21.000000,21.000000,21.000000,21.000000,21.000000,21.000000,21.000000,37.000000,37.000000,37.000000,39.000000,39.000000,40.000000,43.000000,1,1,1,1,1,1,1,0,0,0,0,0,0,0,74,5376.549805,837,0,1,0.667364,-0.046466,-0.323708,-3.114000,-0.399000,0.072000,1
1.604116,7.715000,-47.590000,-14.144000,88.186996,19.108999,28.158001,150.158997,33.119999,-37.919998,-25.200001,68.040001,-3.000000,-32.639999,-34.200001,538.000000,-3616.000000,-1004.000000,-573.000000,-159.000000,-1399.000000,-732.000000,21.000000,21.000000,21.000000,21.000000,21.000000,21.000000,21.000000,37.000000,37.000000,37.000000,39.000000,39.000000,40.000000,43.000000,1,1,1,1,1,1,1,0,0,0,0,0,0,0,74,5376.549805,835,0,1,0.665681,-0.048150,-0.323508,-3.115000,-0.400000,0.074000,1
1.614108,7.918000,-47.831001,-14.309000,88.610001,19.090000,27.968000,150.037003,33.240002,-39.000000,-25.080000,67.680000,-2.880000,-33.360001,-32.040001,431.000000,-3364.000000,-732.000000,-537.000000,-263.000000,-870.000000,-683.000000,21.000000,21.000000,21.000000,21.000000,21.000000,21.000000,21.000000,37.000000,37.000000,37.000000,39.000000,39.000000,40.000000,43.000000,1,1,1,1,1,1,1,0,0,0,0,0,0,0,74,5376.546875,837,0,1,0.664210,-0.048871,-0.323524,-3.114000,-0.400000,0.072000,1
1.624125,8.319000,-48.263000,-14.642000,89.398003,19.065001,27.641001,149.632996,32.520000,-39.360001,-25.559999,69.480003,-3.240000,-32.040001,-33.119999,617.000000,-3005.000000,-738.000000,-246.000000,-291.000000,-1069.000000,-720.000000,21.000000,21.000000,21.000000,21.000000,21.000000,21.000000,21.000000,37.000000,37.000000,37.000000,39.000000,39.000000,40.000000,43.000000,1,1,1,1,1,1,1,0,0,0,0,0,0,0,74,5376.556152,837,0,1,0.661197,-0.050325,-0.323766,-3.114000,-0.399000,0.072000,1
1.634299,8.709000,-48.736000,-14.971000,90.189003,19.018000,27.254999,149.238998,33.840000,-38.040001,-25.920000,64.800003,-3.480000,-32.759998,-31.559999,423.000000,-2942.000000,-978.000000,-223.000000,-364.000000,-1205.000000,-784.000000,21.000000,21.000000,21.000000,21.000000,21.000000,21.000000,21.000000,37.000000,37.000000,37.000000,39.000000,39.000000,40.000000,43.000000,1,1,1,1,1,1,1,0,0,0,0,0,0,0,74,5376.559082,837,0,1,0.658671,-0.052064,-0.323655,-3.114000,-0.399000,0.071000,1
1.644170,9.111000,-49.214001,-15.321000,90.991997,18.973000,26.879999,148.854996,32.279999,-36.840000,-25.559999,63.240002,-3.240000,-30.600000,-32.880001,270.000000,-2976.000000,-550.000000,-380.000000,-382.000000,-1138.000000,-795.000000,21.000000,21.000000,21.000000,21.000000,21.000000,21.000000,21.000000,37.000000,37.000000,37.000000,39.000000,39.000000,40.000000,43.000000,1,1,1,1,1,1,1,0,0,0,0,0,0,0,74,5376.556152,836,0,1,0.655924,-0.053823,-0.323631,-3.114000,-0.399000,0.070000,1
1.654152,9.243000,-49.365002,-15.428000,91.245003,18.948000,26.694000,148.731003,31.309999,-36.360001,-24.120001,60.959999,-3.600000,-30.600000,-31.680000,103.000000,-3004.000000,-473.000000,-992.000000,-451.000000,-857.000000,-757.000000,21.000000,21.000000,21.000000,21.000000,21.000000,21.000000,21.000000,37.000000,37.000000,37.000000,39.000000,39.000000,40.000000,43.000000,1,1,1,1,1,1,1,0,0,0,0,0,0,0,74,5376.556152,836,0,1,0.655447,-0.054559,-0.323534,-3.115000,-0.400000,0.070000,1
1.664176,9.582000,-49.745998,-15.698000,91.886002,18.903999,26.368000,148.315002,29.160000,-35.400002,-24.000000,59.869999,-3.600000,-28.799999,-29.879999,203.000000,-2726.000000,-98.000000,-962.000000,-415.000000,-1214.000000,-586.000000,21.000000,21.000000,21.000000,21.000000,21.000000,21.000000,21.000000,37.000000,37.000000,37.000000,39.000000,39.000000,40.000000,43.000000,1,1,1,1,1,1,1,0,0,0,0,0,0,0,74,5376.556152,835,0,1,0.653380,-0.055941,-0.323533,-3.115000,-0.400000,0.072000,1
1.674192,9.894000,-50.094002,-15.967000,92.500000,18.841000,26.062000,147.988007,29.280001,-35.400002,-22.680000,57.480000,-4.560000,-28.680000,-28.680000,465.000000,-2340.000000,-672.000000,-659.000000,-346.000000,-1272.000000,-577.000000,21.000000,21.000000,21.000000,21.000000,21.000000,21.000000,21.000000,37.000000,37.000000,37.000000,39.000000,39.000000,40.000000,43.000000,1,1,1,1,1,1,1,0,0,0,0,0,0,0,74,5376.561035,836,0,1,0.651209,-0.057386,-0.323668,-3.116000,-0.400000,0.072000,1
1.684394,10.242000,-50.528000,-16.254999,93.132004,18.782000,25.761000,147.667007,27.360001,-31.309999,-21.959999,53.040001,-4.670000,-24.360001,-29.160000,254.000000,-2545.000000,-246.000000,-608.000000,-173.000000,-571.000000,-438.000000,21.000000,21.000000,21.000000,21.000000,21.000000,21.000000,21.000000,37.000000,37.000000,37.000000,39.000000,39.000000,40.000000,43.000000,1,1,1,1,1,1,1,0,0,0,0,0,0,0,74,5376.555176,837,0,1,0.649253,-0.058813,-0.323349,-3.116000,-0.401000,0.071000,1
1.694128,10.515000,-50.853001,-16.466999,93.750999,18.712000,25.528999,147.389008,24.840000,-29.040001,-21.480000,49.080002,-4.440000,-23.280001,-27.360001,-80.000000,-2503.000000,60.000000,-1109.000000,-20.000000,-1205.000000,-471.000000,21.000000,21.000000,21.000000,21.000000,21.000000,21.000000,21.000000,37.000000,37.000000,37.000000,39.000000,39.000000,40.000000,43.000000,1,1,1,1,1,1,1,0,0,0,0,0,0,0,74,5376.559082,837,0,1,0.646495,-0.059603,-0.323769,-3.115000,-0.399000,0.072000,1
1.704184,10.664000,-51.037998,-16.583000,94.042000,18.669001,25.358999,147.235001,23.520000,-28.680000,-20.520000,46.080002,-4.320000,-22.680000,-27.360001,-191.000000,-2475.000000,-323.000000,-1822.000000,-113.000000,-947.000000,-577.000000,21.000000,21.000000,21.000000,21.000000,21.000000,21.000000,21.000000,37.000000,37.000000,37.000000,39.000000,39.000000,40.000000,43.000000,1,1,1,1,1,1,1,0,0,0,0,0,0,0,74,5376.555176,836,0,1,0.645686,-0.060292,-0.323686,-3.116000,-0.399000,0.072000,1
1.714111,10.931000,-51.382999,-16.809999,94.570999,18.643000,25.153000,146.940002,21.719999,-26.400000,-18.360001,42.599998,-3.480000,-20.639999,-25.080000,71.000000,-2496.000000,-164.000000,-967.000000,-76.000000,-1369.000000,-618.000000,21.000000,21.000000,21.000000,21.000000,21.000000,21.000000,21.000000,37.000000,37.000000,37.000000,39.000000,39.000000,40.000000,43.000000,1,1,1,1,1,1,1,0,0,0,0,0,0,0,74,5376.550781,835,0,1,0.643691,-0.061213,-0.323617,-3.115000,-0.399000,0.072000,1
1.724047,11.145000,-51.640999,-16.986000,94.980003,18.618999,24.951000,146.692993,18.120001,-24.840000,-18.000000,37.560001,-2.760000,-19.680000,-23.400000,-115.000000,-2235.000000,-82.000000,-553.000000,-117.000000,-888.000000,-497.000000,21.000000,21.000000,22.000000,21.000000,21.000000,21.000000,21.000000,37.000000,37.000000,37.000000,39.000000,39.000000,40.000000,43.000000,1,1,1,1,1,1,1,0,0,0,0,0,0,0,74,5376.553223,836,0,1,0.642327,-0.062028,-0.323584,-3.115000,-0.399000,0.072000,1
1.734186,11.340000,-51.872002,-17.150999,95.283997,18.597000,24.754999,146.472000,17.400000,-21.959999,-15.120000,34.200001,-1.800000,-16.440001,-21.480000,-382.000000,-2063.000000,250.000000,-821.000000,-195.000000,-934.000000,-544.000000,21.000000,22.000000,22.000000,21.000000,21.000000,21.000000,21.000000,37.000000,37.000000,37.000000,39.000000,39.000000,40.000000,43.000000,1,1,1,1,1,1,1,0,0,0,0,0,0,0,74,5376.559082,836,0,1,0.641727,-0.062980,-0.323285,-3.116000,-0.401000,0.073000,1
1.744093,11.546000,-52.112000,-17.327999,95.749001,18.575001,24.575001,146.248993,14.040000,-18.120001,-13.320000,28.080000,-1.440000,-14.040000,-16.200001,-54.000000,-1872.000000,206.000000,-449.000000,-217.000000,-824.000000,-356.000000,21.000000,22.000000,22.000000,22.000000,21.000000,22.000000,21.000000,37.000000,37.000000,37.000000,39.000000,39.000000,40.000000,43.000000,1,1,1,1,1,1,1,0,0,0,0,0,0,0,74,5376.562988,837,0,1,0.639621,-0.063582,-0.323651,-3.115000,-0.399000,0.072000,1
1.754114,11.633000,-52.207001,-17.407000,95.862999,18.568001,24.497999,146.149002,14.150000,-17.280001,-12.600000,29.879999,-1.080000,-12.600000,-16.200001,-32.000000,-2196.000000,166.000000,-59.000000,-218.000000,-701.000000,-652.000000,21.000000,22.000000,22.000000,22.000000,21.000000,22.000000,21.000000,37.000000,37.000000,37.000000,39.000000,39.000000,40.000000,43.000000,1,1,1,1,1,1,1,0,0,0,0,0,0,0,74,5376.562988,838,0,1,0.639423,-0.064050,-0.323506,-3.116000,-0.400000,0.073000,1
1.764080,11.759000,-52.359001,-17.521000,96.160004,18.555000,24.358999,145.960007,12.000000,-15.000000,-10.800000,23.160000,-0.360000,-9.240000,-10.920000,41.000000,-2077.000000,57.000000,-1362.000000,-205.000000,-879.000000,-405.000000,21.000000,22.000000,22.000000,22.000000,21.000000,22.000000,21.000000,37.000000,37.000000,37.000000,39.000000,39.000000,40.000000,43.000000,1,1,1,1,1,1,1,0,0,0,0,0,0,0,74,5376.558105,837,0,1,0.638215,-0.064577,-0.323709,-3.116000,-0.400000,0.073000,1
1.774176,11.881000,-52.516998,-17.645000,96.417000,18.549000,24.256001,145.804001,9.600000,-12.240000,-9.000000,19.680000,0.000000,-8.880000,-9.480000,24.000000,-2332.000000,73.000000,-907.000000,-197.000000,-1033.000000,-436.000000,21.000000,22.000000,22.000000,22.000000,21.000000,22.000000,21.000000,37.000000,37.000000,37.000000,39.000000,39.000000,40.000000,43.000000,1,1,1,1,1,1,1,0,0,0,0,0,0,0,74,5376.551758,836,0,1,0.637163,-0.065134,-0.323760,-3.116000,-0.399000,0.073000,1
1.784152,11.972000,-52.626999,-17.731001,96.591003,18.535000,24.195999,145.703003,7.920000,-10.070000,-6.600000,14.760000,0.360000,-7.200000,-11.160000,-139.000000,-2465.000000,364.000000,-1214.000000,-65.000000,-961.000000,-619.000000,22.000000,22.000000,22.000000,22.000000,21.000000,22.000000,22.000000,37.000000,37.000000,37.000000,39.000000,39.000000,40.000000,43.000000,1,1,1,1,1,1,1,0,0,0,0,0,0,0,74,5376.550781,837,0,1,0.636389,-0.065487,-0.323805,-3.116000,-0.399000,0.073000,1
1.794244,12.045000,-52.722000,-17.808001,96.744003,18.532000,24.117001,145.574005,5.760000,-7.560000,-5.400000,12.710000,0.600000,-5.400000,-9.120000,-169.000000,-2467.000000,337.000000,-817.000000,29.000000,-850.000000,-561.000000,22.000000,22.000000,22.000000,22.000000,21.000000,22.000000,22.000000,37.000000,37.000000,37.000000,39.000000,39.000000,40.000000,43.000000,1,1,1,1,1,1,1,0,0,0,0,0,0,0,74,5376.553223,837,0,1,0.635865,-0.065931,-0.323808,-3.116000,-0.399000,0.074000,1
1.804155,12.078000,-52.771999,-17.843000,96.807999,18.532000,24.079000,145.539001,4.800000,-6.480000,-5.030000,10.680000,1.080000,-5.160000,-8.280000,-131.000000,-2394.000000,63.000000,-1032.000000,83.000000,-859.000000,-449.000000,22.000000,22.000000,22.000000,22.000000,21.000000,22.000000,22.000000,37.000000,37.000000,37.000000,39.000000,39.000000,40.000000,43.000000,1,1,1,1,1,1,1,0,0,0,0,0,0,0,74,5376.550781,838,0,1,0.635723,-0.066133,-0.323734,-3.116000,-0.399000,0.074000,1
1.814076,12.124000,-52.831001,-17.879999,96.892998,18.532000,24.028999,145.449005,2.640000,-4.440000,-3.600000,7.680000,1.080000,-3.600000,-7.200000,-241.000000,-2520.000000,-79.000000,-893.000000,83.000000,-721.000000,-475.000000,22.000000,22.000000,22.000000,22.000000,22.000000,22.000000,22.000000,37.000000,37.000000,37.000000,39.000000,39.000000,40.000000,43.000000,1,1,1,1,1,1,1,0,0,0,0,0,0,0,74,5376.550781,836,0,1,0.635510,-0.066334,-0.323690,-3.116000,-0.399000,0.074000,1
1.824207,12.141000,-52.874001,-17.906000,96.950996,18.535000,23.993999,145.386002,1.800000,-3.480000,-2.640000,5.400000,1.320000,-2.160000,-5.640000,-118.000000,-2232.000000,-36.000000,-655.000000,155.000000,-729.000000,-529.000000,22.000000,22.000000,22.000000,22.000000,22.000000,22.000000,22.000000,37.000000,37.000000,37.000000,39.000000,39.000000,40.000000,43.000000,1,1,1,1,1,1,1,0,0,0,0,0,0,0,74,5376.555176,836,0,1,0.635392,-0.066570,-0.323622,-3.117000,-0.400000,0.075000,1
1.834411,12.159000,-52.908001,-17.931999,97.002998,18.549000,23.973000,145.332993,0.720000,-2.040000,-1.800000,3.240000,1.440000,-1.200000,-4.200000,-52.000000,-1951.000000,-111.000000,-425.000000,237.000000,-803.000000,-541.000000,22.000000,22.000000,22.000000,22.000000,22.000000,22.000000,22.000000,37.000000,37.000000,37.000000,39.000000,39.000000,40.000000,43.000000,1,1,1,1,1,1,1,0,0,0,0,0,0,0,74,5376.555176,836,0,1,0.635206,-0.066701,-0.323606,-3.117000,-0.400000,0.075000,1
1.844301,12.163000,-52.924999,-17.948000,97.028000,18.558001,23.965000,145.294998,0.000000,-0.840000,-1.080000,1.800000,1.440000,-0.480000,-3.600000,-1.000000,-2166.000000,-126.000000,-394.000000,318.000000,-826.000000,-572.000000,22.000000,22.000000,22.000000,22.000000,22.000000,22.000000,22.000000,37.000000,37.000000,37.000000,39.000000,39.000000,40.000000,43.000000,1,1,1,1,1,1,1,0,0,0,0,0,0,0,74,5376.555176,836,0,1,0.635109,-0.066823,-0.323594,-3.117000,-0.400000,0.075000,1
1.854193,12.163000,-52.928001,-17.965000,97.043999,18.577000,23.964001,145.251007,-0.120000,-0.120000,-0.480000,0.720000,1.560000,0.000000,-2.760000,-262.000000,-2297.000000,-15.000000,-457.000000,421.000000,-829.000000,-580.000000,22.000000,22.000000,22.000000,22.000000,22.000000,22.000000,22.000000,37.000000,37.000000,37.000000,39.000000,39.000000,40.000000,43.000000,1,1,1,1,1,1,1,0,0,0,0,0,0,0,74,5376.555176,836,0,1,0.634985,-0.066918,-0.323641,-3.117000,-0.400000,0.076000,1
1.864381,12.161000,-52.928001,-17.968000,97.055000,18.593000,23.964001,145.222000,-0.360000,0.000000,0.000000,0.000000,1.800000,0.000000,-2.640000,-499.000000,-2142.000000,-9.000000,-579.000000,500.000000,-701.000000,-541.000000,22.000000,22.000000,22.000000,22.000000,22.000000,22.000000,22.000000,37.000000,37.000000,37.000000,39.000000,39.000000,40.000000,43.000000,1,1,1,1,1,1,1,0,0,0,0,0,0,0,74,5376.551758,837,0,1,0.634906,-0.066903,-0.323680,-3.117000,-0.399000,0.076000,1
1.874220,12.161000,-52.925999,-17.968000,97.056999,18.608000,23.961000,145.199997,-0.480000,0.000000,0.000000,0.000000,2.160000,0.000000,-2.640000,-563.000000,-2024.000000,-24.000000,-670.000000,499.000000,-645.000000,-526.000000,22.000000,22.000000,22.000000,22.000000,22.000000,22.000000,22.000000,37.000000,37.000000,37.000000,39.000000,39.000000,40.000000,43.000000,1,1,1,1,1,1,1,0,0,0,0,0,0,0,74,5376.547852,838,0,1,0.634924,-0.066880,-0.323684,-3.117000,-0.399000,0.076000,1
1.884318,12.157000,-52.930000,-17.968000,97.055000,18.625999,23.961000,145.184006,-0.720000,0.000000,0.000000,0.000000,2.280000,0.000000,-2.160000,-664.000000,-1859.000000,-15.000000,-951.000000,537.000000,-618.000000,-537.000000,22.000000,22.000000,22.000000,22.000000,22.000000,22.000000,22.000000,37.000000,37.000000,37.000000,39.000000,39.000000,40.000000,43.000000,1,1,1,1,1,1,1,0,0,0,0,0,0,0,74,5376.546875,836,0,1,0.634982,-0.066870,-0.323639,-3.117000,-0.400000,0.076000,1
1.895279,12.141000,-52.931999,-17.966000,97.055000,18.663000,23.964001,145.151001,-1.080000,0.000000,0.120000,0.000000,2.400000,0.000000,-2.160000,-734.000000,-1646.000000,101.000000,-1232.000000,604.000000,-552.000000,-560.000000,22.000000,22.000000,22.000000,22.000000,22.000000,22.000000,22.000000,37.000000,37.000000,37.000000,39.000000,39.000000,40.000000,43.000000,1,1,1,1,1,1,1,0,0,0,0,0,0,0,74,5376.547852,836,0,1,0.635024,-0.066856,-0.323599,-3.117000,-0.400000,0.076000,1
1.905285,12.128000,-52.931999,-17.966000,97.056999,18.686001,23.961000,145.128998,-1.080000,0.000000,0.000000,0.000000,2.280000,0.000000,-2.160000,-787.000000,-1594.000000,221.000000,-1269.000000,643.000000,-536.000000,-557.000000,22.000000,22.000000,22.000000,22.000000,22.000000,22.000000,22.000000,37.000000,37.000000,37.000000,39.000000,39.000000,40.000000,43.000000,1,1,1,1,1,1,1,0,0,0,0,0,0,0,74,5376.551758,835,0,1,0.635059,-0.066878,-0.323577,-3.118000,-0.400000,0.076000,1
1.915379,12.115000,-52.931999,-17.962000,97.054001,18.718000,23.962000,145.104004,-1.440000,0.000000,0.240000,0.000000,2.760000,0.000000,-2.160000,-847.000000,-1575.000000,251.000000,-865.000000,652.000000,-544.000000,-505.000000,22.000000,22.000000,22.000000,22.000000,22.000000,22.000000,22.000000,37.000000,37.000000,37.000000,39.000000,39.000000,40.000000,43.000000,1,1,1,1,1,1,1,0,0,0,0,0,0,0,74,5376.553223,837,0,1,0.635124,-0.066844,-0.323537,-3.118000,-0.400000,0.076000,1
1.925407,12.106000,-52.928001,-17.961000,97.056999,18.733000,23.962000,145.093002,-1.560000,0.000000,0.360000,0.360000,3.120000,0.000000,-2.400000,-896.000000,-1626.000000,336.000000,-488.000000,594.000000,-609.000000,-523.000000,22.000000,22.000000,22.000000,22.000000,22.000000,22.000000,22.000000,37.000000,37.000000,37.000000,39.000000,39.000000,40.000000,43.000000,1,1,1,1,1,1,1,0,0,0,0,0,0,0,74,5376.556152,837,0,1,0.635101,-0.066829,-0.323560,-3.118000,-0.400000,0.076000,1
1.935441,12.090000,-52.928001,-17.954000,97.064003,18.767000,23.961000,145.067993,-1.800000,-0.120000,0.720000,1.560000,3.240000,-0.240000,-2.280000,-1023.000000,-1960.000000,428.000000,102.000000,555.000000,-783.000000,-487.000000,22.000000,22.000000,22.000000,22.000000,22.000000,22.000000,22.000000,37.000000,37.000000,37.000000,39.000000,39.000000,40.000000,43.000000,1,1,1,1,1,1,1,0,0,0,0,0,0,0,74,5376.555176,837,0,1,0.635105,-0.066764,-0.323550,-3.118000,-0.400000,0.076000,1
1.945389,12.068000,-52.931999,-17.940001,97.087997,18.808001,23.945999,145.046005,-2.400000,-0.600000,1.440000,3.960000,3.960000,-1.440000,-1.800000,-1082.000000,-2519.000000,464.000000,211.000000,421.000000,-829.000000,-492.000000,22.000000,22.000000,22.000000,22.000000,22.000000,22.000000,22.000000,37.000000,37.000000,37.000000,39.000000,39.000000,40.000000,43.000000,1,1,1,1,1,1,1,0,0,0,0,0,0,0,74,5376.553223,836,0,1,0.635070,-0.066657,-0.323557,-3.117000,-0.400000,0.076000,1
1.955394,12.035000,-52.945000,-17.920000,97.146004,18.865999,23.924999,145.016006,-3.240000,-1.920000,2.160000,6.720000,4.560000,-2.880000,-2.280000,-913.000000,-2773.000000,526.000000,339.000000,294.000000,-887.000000,-471.000000,22.000000,22.000000,22.000000,22.000000,22.000000,22.000000,22.000000,37.000000,37.000000,37.000000,39.000000,39.000000,40.000000,43.000000,1,1,1,1,1,1,1,0,0,0,0,0,0,0,74,5376.551758,836,0,1,0.634859,-0.066462,-0.323605,-3.117000,-0.400000,0.076000,1
1.965277,11.991000,-52.984001,-17.884001,97.257004,18.906000,23.885000,144.992996,-4.080000,-3.480000,3.240000,9.720000,3.720000,-3.960000,-2.160000,-861.000000,-3026.000000,662.000000,32.000000,410.000000,-1046.000000,-531.000000,22.000000,22.000000,22.000000,22.000000,22.000000,22.000000,22.000000,37.000000,37.000000,37.000000,39.000000,39.000000,40.000000,43.000000,1,1,1,1,1,1,1,0,0,0,0,0,0,0,74,5376.547852,836,0,1,0.634417,-0.066224,-0.323672,-3.117000,-0.399000,0.076000,1
1.975405,11.949000,-53.032001,-17.844000,97.380997,18.941000,23.829000,144.968002,-4.080000,-5.160000,4.320000,13.800000,3.600000,-5.760000,-1.440000,-1089.000000,-2843.000000,492.000000,192.000000,413.000000,-991.000000,-514.000000,22.000000,22.000000,22.000000,22.000000,22.000000,22.000000,22.000000,37.000000,37.000000,37.000000,39.000000,39.000000,40.000000,43.000000,1,1,1,1,1,1,1,0,0,0,0,0,0,0,74,5376.550781,836,0,1,0.634012,-0.065998,-0.323703,-3.117000,-0.399000,0.076000,1
1.985407,11.900000,-53.101002,-17.785999,97.531998,18.980000,23.749001,144.949005,-4.560000,-6.240000,5.400000,15.360000,3.840000,-7.920000,-2.040000,-1152.000000,-2560.000000,719.000000,406.000000,501.000000,-896.000000,-529.000000,22.000000,22.000000,22.000000,22.000000,22.000000,22.000000,22.000000,37.000000,37.000000,37.000000,39.000000,39.000000,40.000000,43.000000,1,1,1,1,1,1,1,0,0,0,0,0,0,0,74,5376.549805,835,0,1,0.633638,-0.065678,-0.323664,-3.117000,-0.399000,0.076000,1
1.995548,11.848000,-53.180000,-17.725000,97.702003,19.016001,23.639000,144.929993,-5.520000,-7.920000,6.480000,18.240000,3.960000,-9.960000,-1.680000,-1156.000000,-2785.000000,846.000000,60.000000,561.000000,-695.000000,-553.000000,22.000000,22.000000,22.000000,22.000000,22.000000,22.000000,22.000000,37.000000,37.000000,37.000000,39.000000,39.000000,40.000000,43.000000,1,1,1,1,1,1,1,0,0,0,0,0,0,0,74,5376.550781,837,0,1,0.633325,-0.065429,-0.323583,-3.117000,-0.400000,0.076000,1
2.006409,11.762000,-53.292999,-17.627001,97.911003,19.063999,23.490000,144.906006,-6.960000,-9.120000,8.640000,21.959999,4.320000,-11.880000,-1.560000,-1178.000000,-2560.000000,772.000000,393.000000,552.000000,-874.000000,-605.000000,22.000000,22.000000,22.000000,22.000000,22.000000,22.000000,22.000000,37.000000,37.000000,37.000000,39.000000,39.000000,40.000000,43.000000,1,1,1,1,1,1,1,0,0,0,0,0,0,0,74,5376.551758,837,0,1,0.633146,-0.065120,-0.323327,-3.118000,-0.401000,0.077000,1
2.016246,11.743000,-53.318001,-17.608000,98.028000,19.084000,23.424999,144.897995,-6.840000,-10.680000,8.160000,23.639999,3.960000,-12.240000,-1.920000,-1053.000000,-2748.000000,455.000000,596.000000,646.000000,-899.000000,-623.000000,22.000000,22.000000,22.000000,22.000000,21.000000,22.000000,22.000000,37.000000,37.000000,37.000000,39.000000,39.000000,40.000000,43.000000,1,1,1,1,1,1,1,0,0,0,0,0,0,0,74,5376.555176,837,0,1,0.632663,-0.064989,-0.323518,-3.118000,-0.400000,0.076000,1
2.026379,11.608000,-53.504002,-17.454000,98.481003,19.150000,23.209999,144.871994,-7.800000,-11.520000,8.640000,26.879999,4.670000,-14.520000,-1.800000,-851.000000,-2012.000000,708.000000,-195.000000,692.000000,-637.000000,-600.000000,22.000000,22.000000,22.000000,22.000000,21.000000,22.000000,22.000000,37.000000,37.000000,37.000000,39.000000,39.000000,40.000000,43.000000,1,1,1,1,1,1,1,0,0,0,0,0,0,0,74,5376.553223,835,0,1,0.631195,-0.064176,-0.323602,-3.118000,-0.400000,0.077000,1
2.036406,11.526000,-53.626999,-17.346001,98.794998,19.201000,23.059999,144.856003,-9.120000,-13.560000,10.440000,31.799999,5.400000,-15.960000,-1.440000,-1229.000000,-2781.000000,873.000000,184.000000,586.000000,-875.000000,-639.000000,22.000000,22.000000,22.000000,22.000000,21.000000,22.000000,22.000000,37.000000,37.000000,37.000000,39.000000,39.000000,40.000000,43.000000,1,1,1,1,1,1,1,0,0,0,0,0,0,0,74,5376.556152,837,0,1,0.630141,-0.063510,-0.323721,-3.117000,-0.399000,0.077000,1
2.046380,11.477000,-53.699001,-17.289000,98.959999,19.243000,22.927999,144.845001,-9.720000,-15.120000,10.920000,33.599998,5.640000,-17.520000,-1.440000,-1067.000000,-2502.000000,837.000000,222.000000,525.000000,-1143.000000,-620.000000,22.000000,22.000000,22.000000,22.000000,21.000000,22.000000,22.000000,37.000000,37.000000,37.000000,39.000000,39.000000,40.000000,43.000000,1,1,1,1,1,1,1,0,0,0,0,0,0,0,74,5376.555176,837,0,1,0.629949,-0.063341,-0.323640,-3.117000,-0.400000,0.076000,1
2.056276,11.418000,-53.789001,-17.216000,99.172997,19.278999,22.815001,144.835999,-10.200000,-15.000000,11.520000,35.520000,5.880000,-20.280001,-1.800000,-981.000000,-2805.000000,785.000000,636.000000,319.000000,-1187.000000,-636.000000,22.000000,22.000000,22.000000,22.000000,21.000000,22.000000,22.000000,37.000000,37.000000,37.000000,39.000000,39.000000,40.000000,43.000000,1,1,1,1,1,1,1,0,0,0,0,0,0,0,74,5376.555176,837,0,1,0.629331,-0.062957,-0.323656,-3.117000,-0.400000,0.076000,1
2.066259,11.228000,-54.096001,-16.962000,99.908997,19.386000,22.483999,144.806000,-9.240000,-16.559999,13.440000,40.310001,5.760000,-21.480000,-1.680000,-942.000000,-3107.000000,496.000000,1048.000000,569.000000,-1373.000000,-571.000000,22.000000,22.000000,22.000000,22.000000,21.000000,22.000000,22.000000,37.000000,37.000000,37.000000,39.000000,39.000000,40.000000,43.000000,1,1,1,1,1,1,1,0,0,0,0,0,0,0,74,5376.547852,837,0,1,0.626827,-0.061398,-0.323825,-3.116000,-0.399000,0.076000,1
2.076292,11.163000,-54.201000,-16.882999,100.163002,19.410000,22.353001,144.798996,-10.320000,-17.400000,14.040000,43.439999,5.520000,-24.000000,-1.920000,-1298.000000,-3319.000000,1078.000000,-169.000000,521.000000,-1328.000000,-562.000000,22.000000,22.000000,22.000000,22.000000,21.000000,22.000000,22.000000,37.000000,37.000000,37.000000,39.000000,39.000000,40.000000,43.000000,1,1,1,1,1,1,1,0,0,0,0,0,0,0,74,5376.550781,837,0,1,0.626018,-0.061021,-0.323881,-3.117000,-0.398000,0.076000,1
2.086208,11.042000,-54.404999,-16.726000,100.613998,19.483999,22.046000,144.776001,-12.960000,-20.150000,16.200001,47.880001,5.880000,-26.280001,-1.440000,-843.000000,-3055.000000,800.000000,-20.000000,642.000000,-1198.000000,-568.000000,22.000000,22.000000,22.000000,22.000000,21.000000,22.000000,21.000000,37.000000,37.000000,37.000000,39.000000,39.000000,40.000000,43.000000,1,1,1,1,1,1,1,0,0,0,0,0,0,0,74,5376.546875,836,0,1,0.625152,-0.060443,-0.323728,-3.117000,-0.399000,0.076000,1
2.096415,10.972000,-54.522999,-16.634001,100.875000,19.511000,21.884001,144.766006,-12.600000,-21.360001,16.559999,47.400002,5.520000,-27.360001,-1.440000,-1266.000000,-3080.000000,553.000000,264.000000,738.000000,-1075.000000,-538.000000,21.000000,22.000000,22.000000,22.000000,21.000000,22.000000,21.000000,37.000000,37.000000,37.000000,39.000000,39.000000,40.000000,43.000000,1,1,1,1,1,1,1,0,0,0,0,0,0,0,74,5376.547852,837,0,1,0.624543,-0.060090,-0.323668,-3.117000,-0.400000,0.077000,1
2.106320,10.865000,-54.700001,-16.497999,101.268997,19.548000,21.731001,144.761002,-13.320000,-21.120001,16.920000,49.680000,6.600000,-27.360001,-1.440000,-998.000000,-3088.000000,1062.000000,568.000000,691.000000,-577.000000,-535.000000,21.000000,22.000000,22.000000,22.000000,21.000000,22.000000,21.000000,37.000000,37.000000,37.000000,39.000000,39.000000,40.000000,43.000000,1,1,1,1,1,1,1,0,0,0,0,0,0,0,74,5376.547852,837,0,1,0.623091,-0.059286,-0.323715,-3.117000,-0.399000,0.077000,1
2.116257,10.671000,-55.050999,-16.250000,102.025002,19.655001,21.264999,144.737000,-12.360000,-22.200001,16.920000,50.759998,6.600000,-26.639999,-1.320000,-562.000000,-2377.000000,578.000000,-154.000000,663.000000,-957.000000,-481.000000,21.000000,22.000000,22.000000,22.000000,21.000000,22.000000,21.000000,37.000000,37.000000,37.000000,39.000000,39.000000,40.000000,43.000000,1,1,1,1,1,1,1,0,0,0,0,0,0,0,74,5376.551758,836,0,1,0.621314,-0.058291,-0.323512,-3.118000,-0.400000,0.077000,1
2.126210,10.519000,-55.303001,-16.044001,102.612999,19.716999,20.996000,144.725998,-14.400000,-22.799999,18.240000,54.840000,6.840000,-30.600000,-1.320000,-786.000000,-2652.000000,836.000000,533.000000,494.000000,-1255.000000,-497.000000,21.000000,22.000000,22.000000,22.000000,21.000000,22.000000,21.000000,37.000000,37.000000,37.000000,39.000000,39.000000,40.000000,43.000000,1,1,1,1,1,1,1,0,0,0,0,0,0,0,74,5376.561035,837,0,1,0.619295,-0.057146,-0.323610,-3.117000,-0.399000,0.077000,1
2.136234,10.449000,-55.419998,-15.948000,102.889000,19.757000,20.849001,144.720993,-14.040000,-24.480000,19.080000,57.599998,8.280000,-31.680000,-0.960000,-919.000000,-2880.000000,944.000000,309.000000,382.000000,-873.000000,-501.000000,21.000000,22.000000,22.000000,22.000000,21.000000,22.000000,21.000000,37.000000,37.000000,37.000000,39.000000,39.000000,40.000000,43.000000,1,1,1,1,1,1,1,0,0,0,0,0,0,0,74,5376.558105,836,0,1,0.618457,-0.056646,-0.323638,-3.117000,-0.399000,0.077000,1
2.146391,10.366000,-55.555000,-15.838000,103.204002,19.794001,20.672001,144.712997,-14.760000,-25.309999,19.559999,57.720001,7.560000,-32.400002,-1.080000,-826.000000,-2593.000000,718.000000,760.000000,566.000000,-1126.000000,-453.000000,21.000000,21.000000,22.000000,22.000000,21.000000,22.000000,21.000000,37.000000,37.000000,37.000000,39.000000,39.000000,40.000000,43.000000,1,1,1,1,1,1,1,0,0,0,0,0,0,0,74,5376.558105,836,0,1,0.617555,-0.056151,-0.323649,-3.118000,-0.399000,0.077000,1
2.156590,10.052000,-56.111000,-15.416000,104.518997,19.955000,19.900000,144.688995,-14.150000,-24.360001,19.440001,59.630001,6.350000,-29.760000,-0.720000,-1098.000000,-3154.000000,1017.000000,576.000000,763.000000,-1086.000000,-460.000000,21.000000,21.000000,22.000000,22.000000,21.000000,22.000000,21.000000,37.000000,37.000000,37.000000,39.000000,39.000000,40.000000,43.000000,1,1,1,1,1,1,1,0,0,0,0,0,0,0,74,5376.551758,836,0,1,0.613814,-0.054335,-0.323741,-3.118000,-0.399000,0.078000,1
2.166255,9.952000,-56.294998,-15.272000,104.933998,19.988001,19.757000,144.684998,-13.920000,-25.920000,20.040001,61.080002,6.480000,-32.880001,-0.720000,-1081.000000,-3113.000000,756.000000,131.000000,852.000000,-1658.000000,-475.000000,21.000000,21.000000,22.000000,22.000000,21.000000,22.000000,21.000000,37.000000,37.000000,37.000000,39.000000,39.000000,40.000000,43.000000,1,1,1,1,1,1,1,0,0,0,0,0,0,0,74,5376.551758,836,0,1,0.612107,-0.053400,-0.323853,-3.118000,-0.398000,0.078000,1
2.176339,9.761000,-56.641998,-15.040000,105.567001,20.083000,19.299999,144.677994,-15.000000,-28.080000,21.240000,62.279999,7.920000,-34.430000,-0.720000,-1034.000000,-3097.000000,995.000000,141.000000,716.000000,-1360.000000,-480.000000,21.000000,21.000000,22.000000,22.000000,21.000000,22.000000,21.000000,37.000000,37.000000,37.000000,39.000000,39.000000,40.000000,43.000000,1,1,1,1,1,1,1,0,0,0,0,0,0,0,74,5376.544922,836,0,1,0.611248,-0.052858,-0.323221,-3.120000,-0.400000,0.078000,1
2.186290,9.606000,-56.950001,-14.758000,106.353996,20.166000,18.936001,144.675995,-15.710000,-28.430000,22.200001,63.360001,9.000000,-34.680000,-0.240000,-638.000000,-2732.000000,574.000000,403.000000,537.000000,-817.000000,-491.000000,21.000000,21.000000,22.000000,22.000000,21.000000,22.000000,21.000000,37.000000,37.000000,37.000000,39.000000,39.000000,40.000000,43.000000,1,1,1,1,1,1,1,0,0,0,0,0,0,0,74,5376.546875,837,0,1,0.608299,-0.051055,-0.323601,-3.118000,-0.398000,0.079000,1
2.196262,9.440000,-57.230999,-14.530000,107.014999,20.256001,18.565001,144.673004,-15.960000,-28.430000,22.920000,66.120003,8.280000,-36.240002,-0.480000,-805.000000,-2231.000000,675.000000,234.000000,364.000000,-962.000000,-434.000000,21.000000,21.000000,22.000000,22.000000,21.000000,22.000000,21.000000,37.000000,37.000000,37.000000,39.000000,39.000000,40.000000,43.000000,1,1,1,1,1,1,1,0,0,0,0,0,0,0,74,5376.547852,837,0,1,0.606300,-0.050028,-0.323649,-3.119000,-0.398000,0.079000,1
2.206288,9.316000,-57.462002,-14.338000,107.544998,20.337999,18.201000,144.671005,-16.200001,-29.040001,23.280001,64.800003,7.320000,-38.040001,0.000000,-730.000000,-2203.000000,636.000000,-237.000000,666.000000,-1098.000000,-419.000000,21.000000,21.000000,22.000000,22.000000,21.000000,22.000000,21.000000,37.000000,37.000000,37.000000,39.000000,39.000000,40.000000,43.000000,1,1,1,1,1,1,1,0,0,0,0,0,0,0,74,5376.562988,837,0,1,0.605104,-0.049284,-0.323570,-3.119000,-0.399000,0.079000,1
2.216221,9.144000,-57.749001,-14.102000,108.202003,20.420000,17.818001,144.669998,-15.480000,-29.040001,24.120001,66.480003,8.040000,-38.639999,0.000000,-635.000000,-2418.000000,766.000000,295.000000,966.000000,-1071.000000,-342.000000,21.000000,21.000000,22.000000,22.000000,21.000000,22.000000,21.000000,37.000000,37.000000,37.000000,39.000000,39.000000,40.000000,43.000000,1,1,1,1,1,1,1,0,0,0,0,0,0,0,74,5376.559082,836,0,1,0.603204,-0.048320,-0.323553,-3.120000,-0.399000,0.079000,1
2.226244,9.114000,-57.825001,-14.044000,108.369003,20.445000,17.723000,144.673996,-15.480000,-28.920000,24.360001,66.599998,9.000000,-37.680000,0.240000,-750.000000,-2670.000000,820.000000,250.000000,910.000000,-802.000000,-323.000000,21.000000,21.000000,22.000000,22.000000,21.000000,22.000000,21.000000,37.000000,37.000000,37.000000,39.000000,39.000000,40.000000,43.000000,1,1,1,1,1,1,1,0,0,0,0,0,0,0,74,5376.559082,837,0,1,0.602726,-0.048003,-0.323545,-3.120000,-0.399000,0.079000,1
2.236290,8.805000,-58.410999,-13.566000,109.720001,20.603001,17.073999,144.673004,-14.880000,-28.920000,23.400000,66.839996,9.000000,-36.360001,0.000000,-893.000000,-3039.000000,714.000000,-451.000000,671.000000,-1506.000000,-240.000000,21.000000,21.000000,21.000000,22.000000,21.000000,22.000000,21.000000,37.000000,37.000000,37.000000,39.000000,39.000000,40.000000,43.000000,1,1,1,1,1,1,1,0,0,0,0,0,0,0,74,5376.550781,837,0,1,0.597953,-0.045459,-0.323774,-3.119000,-0.398000,0.080000,1
2.246281,8.654000,-58.691002,-13.342000,110.342003,20.723000,16.614000,144.671005,-14.880000,-29.639999,23.040001,66.599998,8.280000,-34.799999,0.000000,-691.000000,-2647.000000,669.000000,-92.000000,674.000000,-1156.000000,-165.000000,21.000000,21.000000,21.000000,22.000000,21.000000,21.000000,21.000000,37.000000,37.000000,37.000000,39.000000,39.000000,40.000000,43.000000,1,1,1,1,1,1,1,0,0,0,0,0,0,0,74,5376.549805,836,0,1,0.596731,-0.044769,-0.323577,-3.120000,-0.399000,0.080000,1
2.256237,8.574000,-58.844002,-13.209000,110.694000,20.768000,16.434999,144.669006,-15.120000,-29.040001,22.920000,65.629997,8.280000,-37.799999,0.000000,-905.000000,-2402.000000,929.000000,-135.000000,568.000000,-1303.000000,-124.000000,21.000000,21.000000,21.000000,22.000000,21.000000,21.000000,21.000000,37.000000,37.000000,37.000000,39.000000,39.000000,40.000000,43.000000,1,1,1,1,1,1,1,0,0,0,0,0,0,0,74,5376.549805,836,0,1,0.595537,-0.044076,-0.323623,-3.120000,-0.399000,0.080000,1
2.266214,8.407000,-59.148998,-12.941000,111.413002,20.868999,16.035000,144.671005,-14.400000,-28.920000,23.040001,64.440002,7.680000,-37.080002,0.000000,-770.000000,-2302.000000,869.000000,-229.000000,778.000000,-987.000000,-51.000000,21.000000,21.000000,21.000000,22.000000,21.000000,21.000000,21.000000,37.000000,37.000000,37.000000,39.000000,39.000000,40.000000,43.000000,1,1,1,1,1,1,1,0,0,0,0,0,0,0,74,5376.551758,837,0,1,0.593228,-0.042821,-0.323713,-3.121000,-0.399000,0.081000,1
2.276331,8.367000,-59.215000,-12.881000,111.577003,20.889000,15.948000,144.673004,-14.150000,-28.200001,24.719999,64.080002,7.920000,-36.360001,0.240000,-1023.000000,-2273.000000,772.000000,-140.000000,953.000000,-829.000000,-22.000000,21.000000,21.000000,21.000000,22.000000,21.000000,21.000000,21.000000,37.000000,37.000000,37.000000,39.000000,39.000000,40.000000,43.000000,1,1,1,1,1,1,1,0,0,0,0,0,0,0,74,5376.551758,837,0,1,0.592664,-0.042550,-0.323757,-3.121000,-0.398000,0.081000,1
2.286314,8.107000,-59.664001,-12.516000,112.594002,21.038000,15.391000,144.669006,-13.680000,-27.600000,21.959999,60.840000,9.480000,-32.520000,0.000000,-927.000000,-2651.000000,698.000000,-358.000000,943.000000,-1066.000000,95.000000,21.000000,21.000000,21.000000,22.000000,21.000000,21.000000,21.000000,37.000000,37.000000,37.000000,39.000000,39.000000,40.000000,43.000000,1,1,1,1,1,1,1,0,0,0,0,0,0,0,74,5376.556152,834,0,1,0.589393,-0.041040,-0.323781,-3.122000,-0.398000,0.082000,1
2.296357,7.977000,-59.981998,-12.247000,113.289001,21.143999,14.985000,144.669998,-13.320000,-26.760000,22.440001,59.400002,8.760000,-34.200001,0.120000,-792.000000,-2605.000000,624.000000,-216.000000,438.000000,-963.000000,176.000000,21.000000,21.000000,21.000000,22.000000,21.000000,21.000000,21.000000,37.000000,37.000000,37.000000,39.000000,39.000000,40.000000,43.000000,1,1,1,1,1,1,1,0,0,0,0,0,0,0,74,5376.558105,835,0,1,0.587378,-0.039704,-0.323717,-3.121000,-0.398000,0.082000,1
2.306305,7.836000,-60.265999,-12.016000,113.898003,21.233000,14.635000,144.673004,-13.800000,-25.559999,21.480000,59.400002,7.920000,-33.720001,0.360000,-756.000000,-2340.000000,330.000000,-201.000000,718.000000,-1173.000000,216.000000,21.000000,21.000000,21.000000,22.000000,21.000000,21.000000,21.000000,37.000000,37.000000,37.000000,39.000000,39.000000,40.000000,43.000000,1,1,1,1,1,1,1,0,0,0,0,0,0,0,74,5376.550781,836,0,1,0.585586,-0.038741,-0.323624,-3.122000,-0.399000,0.082000,1
2.316229,7.737000,-60.455002,-11.848000,114.331001,21.278999,14.462000,144.673004,-12.360000,-25.680000,20.639999,56.520000,7.680000,-30.240000,0.720000,-690.000000,-2267.000000,175.000000,-700.000000,518.000000,-969.000000,248.000000,21.000000,21.000000,21.000000,22.000000,21.000000,21.000000,21.000000,37.000000,37.000000,37.000000,39.000000,39.000000,40.000000,43.000000,1,1,1,1,1,1,1,0,0,0,0,0,0,0,74,5376.547852,837,0,1,0.583780,-0.037803,-0.323757,-3.122000,-0.397000,0.083000,1
2.326246,7.737000,-60.455002,-11.848000,114.331001,21.297001,14.364000,144.673004,-12.360000,-25.680000,20.639999,56.520000,7.200000,-32.160000,0.600000,-690.000000,-2267.000000,175.000000,-700.000000,803.000000,-1374.000000,255.000000,21.000000,21.000000,21.000000,22.000000,21.000000,21.000000,21.000000,37.000000,37.000000,37.000000,39.000000,39.000000,40.000000,43.000000,1,1,1,1,1,1,1,0,0,0,0,0,0,0,74,5376.547852,837,0,1,0.584338,-0.038091,-0.323618,-3.122000,-0.399000,0.083000,1
2.336371,7.447000,-61.004002,-11.395000,115.630997,21.455999,13.739000,144.681000,-12.600000,-23.760000,18.959999,53.279999,8.400000,-30.240000,0.720000,-600.000000,-2057.000000,568.000000,-374.000000,983.000000,-1136.000000,341.000000,21.000000,21.000000,22.000000,22.000000,21.000000,21.000000,21.000000,37.000000,37.000000,37.000000,39.000000,39.000000,40.000000,43.000000,1,1,1,1,1,1,1,0,0,0,0,0,0,0,74,5376.558105,837,0,1,0.579364,-0.035980,-0.323974,-3.123000,-0.397000,0.084000,1
2.346264,7.352000,-61.207001,-11.243000,116.107002,21.544001,13.419000,144.682007,-11.160000,-22.440001,19.320000,50.759998,8.640000,-28.430000,1.080000,-783.000000,-2029.000000,144.000000,-734.000000,607.000000,-1307.000000,350.000000,21.000000,21.000000,22.000000,22.000000,21.000000,22.000000,21.000000,37.000000,37.000000,37.000000,39.000000,39.000000,40.000000,43.000000,1,1,1,1,1,1,1,0,0,0,0,0,0,0,74,5376.553223,839,0,1,0.578044,-0.035513,-0.323977,-3.124000,-0.397000,0.084000,1
2.356245,7.231000,-61.441002,-11.059000,116.621002,21.628000,13.135000,144.686996,-10.920000,-21.600000,18.600000,47.160000,7.200000,-26.639999,1.680000,-509.000000,-2349.000000,525.000000,-697.000000,522.000000,-1195.000000,325.000000,21.000000,21.000000,22.000000,22.000000,21.000000,22.000000,21.000000,37.000000,37.000000,37.000000,39.000000,39.000000,40.000000,43.000000,1,1,1,1,1,1,1,0,0,0,0,0,0,0,74,5376.549805,837,0,1,0.576366,-0.034803,-0.323964,-3.124000,-0.397000,0.084000,1
2.366226,7.117000,-61.662998,-10.876000,117.107002,21.707001,12.840000,144.686996,-10.560000,-20.280001,16.559999,44.639999,6.720000,-27.120001,1.080000,-454.000000,-2574.000000,425.000000,-550.000000,787.000000,-1144.000000,343.000000,21.000000,21.000000,22.000000,22.000000,21.000000,22.000000,21.000000,37.000000,37.000000,37.000000,39.000000,39.000000,40.000000,43.000000,1,1,1,1,1,1,1,0,0,0,0,0,0,0,74,5376.549805,835,0,1,0.574936,-0.034169,-0.323907,-3.125000,-0.397000,0.085000,1
2.376318,7.021000,-61.863998,-10.699000,117.542000,21.773001,12.586000,144.688995,-8.640000,-18.709999,16.559999,42.480000,6.600000,-24.840000,1.800000,-589.000000,-2425.000000,494.000000,-295.000000,900.000000,-1191.000000,301.000000,21.000000,21.000000,22.000000,22.000000,21.000000,22.000000,21.000000,37.000000,37.000000,37.000000,39.000000,39.000000,40.000000,43.000000,1,1,1,1,1,1,1,0,0,0,0,0,0,0,74,5376.551758,837,0,1,0.573606,-0.033450,-0.323864,-3.125000,-0.397000,0.086000,1
2.386294,6.928000,-62.064999,-10.524000,117.969002,21.839001,12.339000,144.697998,-8.760000,-17.639999,15.000000,39.959999,6.720000,-21.959999,1.680000,-401.000000,-1971.000000,569.000000,-266.000000,961.000000,-663.000000,306.000000,21.000000,21.000000,22.000000,22.000000,21.000000,22.000000,21.000000,37.000000,37.000000,37.000000,39.000000,39.000000,40.000000,43.000000,1,1,1,1,1,1,1,0,0,0,0,0,0,0,74,5376.551758,837,0,1,0.572312,-0.032734,-0.323797,-3.125000,-0.398000,0.086000,1
2.396242,6.837000,-62.243000,-10.360000,118.357002,21.912001,12.120000,144.709000,-8.160000,-15.960000,13.680000,37.560001,6.840000,-18.600000,1.320000,-822.000000,-1858.000000,-17.000000,-277.000000,839.000000,-1055.000000,298.000000,22.000000,21.000000,22.000000,22.000000,21.000000,22.000000,22.000000,37.000000,37.000000,37.000000,39.000000,39.000000,40.000000,43.000000,1,1,1,1,1,1,1,0,0,0,0,0,0,0,74,5376.556152,837,0,1,0.571081,-0.032023,-0.323771,-3.126000,-0.398000,0.086000,1
2.406370,6.756000,-62.402000,-10.198000,118.710999,21.985001,11.907000,144.720001,-7.560000,-14.400000,12.360000,31.559999,7.320000,-19.080000,1.080000,-427.000000,-1823.000000,421.000000,-1062.000000,632.000000,-806.000000,318.000000,22.000000,21.000000,22.000000,22.000000,21.000000,22.000000,22.000000,37.000000,37.000000,37.000000,39.000000,39.000000,40.000000,43.000000,1,1,1,1,1,1,1,0,0,0,0,0,0,0,74,5376.558105,836,0,1,0.570021,-0.031312,-0.323743,-3.126000,-0.398000,0.087000,1
2.416331,6.685000,-62.539001,-10.053000,119.008003,22.045000,11.744000,144.733002,-6.240000,-12.000000,11.880000,28.799999,6.480000,-16.920000,0.960000,-730.000000,-1838.000000,266.000000,-523.000000,639.000000,-1195.000000,304.000000,22.000000,21.000000,22.000000,22.000000,21.000000,22.000000,22.000000,37.000000,37.000000,37.000000,39.000000,39.000000,40.000000,43.000000,1,1,1,1,1,1,1,0,0,0,0,0,0,0,74,5376.556152,837,0,1,0.569074,-0.030630,-0.323715,-3.126000,-0.398000,0.087000,1
2.426452,6.611000,-62.694000,-9.937000,119.292999,22.107000,11.593000,144.742996,-6.120000,-10.560000,10.680000,26.280001,5.400000,-14.040000,0.960000,-712.000000,-1731.000000,26.000000,-323.000000,688.000000,-913.000000,297.000000,22.000000,21.000000,22.000000,22.000000,21.000000,22.000000,22.000000,37.000000,37.000000,37.000000,39.000000,39.000000,40.000000,43.000000,1,1,1,1,1,1,1,0,0,0,0,0,0,0,74,5376.556152,835,0,1,0.568230,-0.030168,-0.323570,-3.126000,-0.398000,0.087000,1
2.436333,6.556000,-62.785999,-9.819000,119.591003,22.160000,11.464000,144.753998,-4.670000,-9.120000,8.880000,21.719999,5.030000,-11.880000,0.480000,-444.000000,-1861.000000,418.000000,-637.000000,738.000000,-800.000000,292.000000,22.000000,22.000000,22.000000,22.000000,21.000000,22.000000,22.000000,37.000000,37.000000,37.000000,39.000000,39.000000,40.000000,43.000000,1,1,1,1,1,1,1,0,0,0,0,0,0,0,74,5376.556152,837,0,1,0.566788,-0.029475,-0.323872,-3.125000,-0.397000,0.087000,1
2.446255,6.535000,-62.827999,-9.779000,119.694000,22.197001,11.410000,144.757004,-3.720000,-8.640000,7.680000,19.920000,5.030000,-11.160000,0.960000,-610.000000,-1924.000000,38.000000,-979.000000,760.000000,-1120.000000,296.000000,22.000000,22.000000,22.000000,22.000000,21.000000,22.000000,22.000000,37.000000,37.000000,37.000000,39.000000,39.000000,40.000000,43.000000,1,1,1,1,1,1,1,0,0,0,0,0,0,0,74,5376.553223,836,0,1,0.566399,-0.029252,-0.323907,-3.125000,-0.397000,0.087000,1
2.456260,6.484000,-62.922001,-9.710000,119.874001,22.240000,11.285000,144.764999,-3.360000,-7.070000,6.720000,18.600000,4.080000,-10.320000,0.720000,-712.000000,-2298.000000,255.000000,-453.000000,783.000000,-1368.000000,271.000000,22.000000,22.000000,22.000000,22.000000,21.000000,22.000000,22.000000,37.000000,37.000000,37.000000,39.000000,39.000000,40.000000,43.000000,1,1,1,1,1,1,1,0,0,0,0,0,0,0,74,5376.551758,837,0,1,0.566010,-0.029119,-0.323792,-3.126000,-0.397000,0.087000,1
2.466255,6.476000,-62.938999,-9.669000,119.958000,22.267000,11.230000,144.768997,-3.360000,-6.960000,6.960000,15.120000,4.320000,-8.280000,0.000000,-818.000000,-2177.000000,116.000000,-1147.000000,758.000000,-981.000000,258.000000,22.000000,22.000000,22.000000,22.000000,21.000000,22.000000,22.000000,37.000000,37.000000,37.000000,39.000000,39.000000,40.000000,43.000000,1,1,1,1,1,1,1,0,0,0,0,0,0,0,74,5376.551758,836,0,1,0.565668,-0.028856,-0.323903,-3.125000,-0.397000,0.087000,1
2.476293,6.422000,-63.032001,-9.586000,120.156998,22.330999,11.116000,144.774002,-2.880000,-5.520000,5.400000,13.680000,4.560000,-7.440000,0.000000,-623.000000,-2154.000000,27.000000,-708.000000,683.000000,-722.000000,234.000000,22.000000,22.000000,22.000000,22.000000,21.000000,22.000000,22.000000,37.000000,37.000000,37.000000,39.000000,39.000000,40.000000,43.000000,1,1,1,1,1,1,1,0,0,0,0,0,0,0,74,5376.553223,836,0,1,0.565049,-0.028530,-0.323871,-3.125000,-0.397000,0.086000,1
2.486379,6.387000,-63.092999,-9.532000,120.278999,22.375000,11.050000,144.776993,-2.280000,-4.670000,4.320000,9.350000,4.320000,-6.000000,0.000000,-447.000000,-1950.000000,-106.000000,-666.000000,547.000000,-691.000000,252.000000,22.000000,22.000000,22.000000,22.000000,21.000000,22.000000,22.000000,37.000000,37.000000,37.000000,39.000000,39.000000,40.000000,43.000000,1,1,1,1,1,1,1,0,0,0,0,0,0,0,74,5376.558105,838,0,1,0.564668,-0.028294,-0.323837,-3.125000,-0.397000,0.086000,1
2.496272,6.363000,-63.133999,-9.497000,120.362999,22.427000,10.985000,144.774002,-1.680000,-2.880000,3.240000,6.480000,3.600000,-3.360000,-0.120000,-600.000000,-1784.000000,145.000000,-997.000000,325.000000,-754.000000,148.000000,22.000000,22.000000,22.000000,22.000000,21.000000,22.000000,22.000000,37.000000,37.000000,37.000000,39.000000,39.000000,40.000000,43.000000,1,1,1,1,1,1,1,0,0,0,0,0,0,0,74,5376.555176,836,0,1,0.564529,-0.028180,-0.323785,-3.125000,-0.397000,0.086000,1
2.506323,6.351000,-63.157001,-9.475000,120.403000,22.445000,10.972000,144.776001,-1.200000,-2.040000,2.040000,4.560000,3.240000,-2.510000,0.000000,-538.000000,-1483.000000,95.000000,-423.000000,386.000000,-879.000000,109.000000,22.000000,22.000000,22.000000,22.000000,21.000000,22.000000,22.000000,37.000000,37.000000,37.000000,39.000000,39.000000,40.000000,43.000000,1,1,1,1,1,1,1,0,0,0,0,0,0,0,74,5376.556152,837,0,1,0.564380,-0.028041,-0.323763,-3.125000,-0.397000,0.086000,1
2.516269,6.340000,-63.167000,-9.453000,120.432999,22.479000,10.956000,144.776993,-0.720000,-0.360000,1.080000,1.440000,2.880000,-1.080000,-0.120000,-581.000000,-1589.000000,76.000000,-649.000000,331.000000,-896.000000,-5.000000,22.000000,22.000000,22.000000,22.000000,21.000000,22.000000,22.000000,37.000000,37.000000,37.000000,39.000000,39.000000,40.000000,43.000000,1,1,1,1,1,1,1,0,0,0,0,0,0,0,74,5376.555176,837,0,1,0.564274,-0.027880,-0.323777,-3.125000,-0.397000,0.085000,1
2.526239,6.337000,-63.165001,-9.446000,120.440002,22.509001,10.954000,144.774002,-0.120000,0.000000,0.360000,-0.240000,2.160000,0.000000,-0.240000,-639.000000,-1570.000000,96.000000,-792.000000,437.000000,-829.000000,-151.000000,22.000000,22.000000,22.000000,22.000000,22.000000,22.000000,22.000000,37.000000,37.000000,37.000000,39.000000,39.000000,40.000000,43.000000,1,1,1,1,1,1,1,0,0,0,0,0,0,0,74,5376.551758,837,0,1,0.564230,-0.027779,-0.323799,-3.125000,-0.397000,0.085000,1
2.536364,6.336000,-63.167999,-9.444000,120.439003,22.516001,10.953000,144.779007,0.000000,0.000000,0.000000,-0.600000,2.160000,0.000000,0.000000,-611.000000,-1356.000000,47.000000,-1049.000000,446.000000,-774.000000,-166.000000,22.000000,22.000000,22.000000,22.000000,22.000000,22.000000,22.000000,37.000000,37.000000,37.000000,39.000000,39.000000,40.000000,43.000000,1,1,1,1,1,1,1,0,0,0,0,0,0,0,74,5376.551758,837,0,1,0.564271,-0.027757,-0.323775,-3.124000,-0.397000,0.085000,1
2.546207,6.335000,-63.164001,-9.455000,120.435997,22.545000,10.953000,144.779999,0.000000,0.360000,-0.360000,-1.320000,1.920000,0.000000,-0.720000,-454.000000,-861.000000,-97.000000,-1842.000000,518.000000,-503.000000,-263.000000,22.000000,22.000000,22.000000,22.000000,22.000000,22.000000,22.000000,37.000000,37.000000,37.000000,39.000000,39.000000,40.000000,43.000000,1,1,1,1,1,1,1,0,0,0,0,0,0,0,74,5376.550781,837,0,1,0.564275,-0.027790,-0.323787,-3.124000,-0.397000,0.084000,1
2.556242,6.336000,-63.159000,-9.462000,120.420998,22.565001,10.956000,144.776993,0.000000,0.840000,-1.080000,-3.000000,1.560000,0.720000,-0.720000,-255.000000,-535.000000,-255.000000,-2493.000000,576.000000,-262.000000,-315.000000,22.000000,22.000000,22.000000,22.000000,22.000000,22.000000,22.000000,37.000000,37.000000,37.000000,39.000000,39.000000,40.000000,43.000000,1,1,1,1,1,1,1,0,0,0,0,0,0,0,74,5376.551758,837,0,1,0.564375,-0.027806,-0.323767,-3.124000,-0.398000,0.084000,1
2.566235,6.337000,-63.147999,-9.479000,120.378998,22.579000,10.967000,144.776993,0.120000,1.800000,-1.800000,-5.030000,1.200000,1.800000,-1.320000,9.000000,-372.000000,-347.000000,-2551.000000,557.000000,-133.000000,-332.000000,22.000000,22.000000,22.000000,22.000000,22.000000,22.000000,22.000000,37.000000,37.000000,37.000000,39.000000,39.000000,40.000000,43.000000,1,1,1,1,1,1,1,0,0,0,0,0,0,0,74,5376.555176,838,0,1,0.564633,-0.027924,-0.323700,-3.124000,-0.398000,0.083000,1
2.576346,6.343000,-63.115002,-9.512000,120.292999,22.593000,10.983000,144.774002,0.480000,3.000000,-2.510000,-7.440000,0.840000,2.400000,-1.560000,132.000000,-299.000000,-367.000000,-2672.000000,611.000000,-12.000000,-350.000000,22.000000,22.000000,22.000000,22.000000,22.000000,22.000000,22.000000,37.000000,37.000000,37.000000,39.000000,39.000000,40.000000,43.000000,1,1,1,1,1,1,1,0,0,0,0,0,0,0,74,5376.555176,836,0,1,0.565152,-0.028175,-0.323608,-3.124000,-0.399000,0.083000,1
2.586237,6.352000,-63.078999,-9.540000,120.208000,22.605000,11.011000,144.768005,0.960000,3.600000,-2.880000,-8.160000,1.080000,2.640000,-1.800000,203.000000,-333.000000,-354.000000,-2612.000000,654.000000,198.000000,-380.000000,22.000000,22.000000,22.000000,22.000000,22.000000,22.000000,22.000000,37.000000,37.000000,37.000000,39.000000,39.000000,40.000000,43.000000,1,1,1,1,1,1,1,0,0,0,0,0,0,0,74,5376.555176,836,0,1,0.565588,-0.028326,-0.323551,-3.124000,-0.399000,0.082000,1
2.596253,6.369000,-63.021000,-9.574000,120.110001,22.618999,11.044000,144.761993,1.200000,4.200000,-3.000000,-9.350000,0.840000,3.360000,-1.920000,250.000000,-610.000000,-383.000000,-2550.000000,610.000000,261.000000,-421.000000,22.000000,22.000000,22.000000,22.000000,22.000000,22.000000,22.000000,37.000000,37.000000,37.000000,39.000000,39.000000,40.000000,43.000000,1,1,1,1,1,1,1,0,0,0,0,0,0,0,74,5376.553223,837,0,1,0.565980,-0.028475,-0.323588,-3.124000,-0.399000,0.082000,1
2.606355,6.374000,-62.999001,-9.589000,120.040001,22.622999,11.061000,144.757004,1.200000,4.440000,-3.600000,-8.640000,0.960000,3.720000,-1.560000,239.000000,-553.000000,-355.000000,-2543.000000,645.000000,281.000000,-422.000000,22.000000,22.000000,22.000000,22.000000,22.000000,22.000000,22.000000,37.000000,37.000000,37.000000,39.000000,39.000000,40.000000,43.000000,1,1,1,1,1,1,1,0,0,0,0,0,0,0,74,5376.555176,832,0,1,0.566410,-0.028590,-0.323490,-3.124000,-0.400000,0.082000,1
2.616321,6.394000,-62.944000,-9.618000,119.947998,22.636000,11.112000,144.737000,1.560000,4.080000,-3.600000,-9.350000,0.480000,5.030000,-2.160000,420.000000,-479.000000,-338.000000,-2434.000000,638.000000,197.000000,-421.000000,22.000000,22.000000,22.000000,22.000000,22.000000,22.000000,22.000000,37.000000,37.000000,37.000000,39.000000,39.000000,40.000000,43.000000,1,1,1,1,1,1,1,0,0,0,0,0,0,0,74,5376.551758,838,0,1,0.566673,-0.028630,-0.323555,-3.124000,-0.400000,0.081000,1
2.626434,6.405000,-62.914001,-9.654000,119.856003,22.643999,11.159000,144.716995,1.440000,3.600000,-3.960000,-8.280000,0.720000,5.400000,-1.800000,365.000000,-479.000000,-49.000000,-2395.000000,686.000000,146.000000,-441.000000,22.000000,22.000000,22.000000,22.000000,22.000000,22.000000,22.000000,37.000000,37.000000,37.000000,39.000000,39.000000,40.000000,43.000000,1,1,1,1,1,1,1,0,0,0,0,0,0,0,74,5376.551758,838,0,1,0.567088,-0.028808,-0.323473,-3.124000,-0.400000,0.081000,1
2.636628,6.421000,-62.868999,-9.688000,119.767998,22.656000,11.213000,144.695007,1.560000,3.960000,-3.240000,-8.400000,0.720000,4.800000,-2.400000,464.000000,-735.000000,-263.000000,-2345.000000,668.000000,93.000000,-449.000000,22.000000,22.000000,22.000000,22.000000,22.000000,22.000000,22.000000,37.000000,37.000000,37.000000,39.000000,39.000000,40.000000,43.000000,1,1,1,1,1,1,1,0,0,0,0,0,0,0,74,5376.551758,836,0,1,0.567345,-0.028898,-0.323503,-3.124000,-0.400000,0.081000,1
2.646400,6.433000,-62.849998,-9.705000,119.722000,22.660000,11.240000,144.681000,1.800000,3.600000,-3.480000,-7.440000,0.720000,4.440000,-2.280000,406.000000,-723.000000,-306.000000,-2137.000000,698.000000,24.000000,-481.000000,22.000000,22.000000,22.000000,22.000000,22.000000,22.000000,22.000000,37.000000,37.000000,37.000000,39.000000,39.000000,40.000000,43.000000,1,1,1,1,1,1,1,0,0,0,0,0,0,0,74,5376.553223,836,0,1,0.567516,-0.028927,-0.323491,-3.124000,-0.400000,0.081000,1
2.656438,6.458000,-62.810001,-9.742000,119.636002,22.671000,11.288000,144.654999,2.040000,2.640000,-3.240000,-6.120000,0.720000,4.320000,-2.510000,354.000000,-598.000000,-315.000000,-2284.000000,716.000000,94.000000,-529.000000,22.000000,22.000000,22.000000,22.000000,22.000000,22.000000,22.000000,37.000000,37.000000,37.000000,39.000000,39.000000,40.000000,43.000000,1,1,1,1,1,1,1,0,0,0,0,0,0,0,74,5376.555176,837,0,1,0.567805,-0.029017,-0.323498,-3.124000,-0.400000,0.081000,1
2.666406,6.486000,-62.784000,-9.784000,119.570999,22.681999,11.331000,144.625000,2.510000,1.800000,-3.600000,-4.670000,0.720000,2.880000,-3.240000,304.000000,-628.000000,-273.000000,-2054.000000,683.000000,-2.000000,-491.000000,22.000000,22.000000,22.000000,22.000000,22.000000,22.000000,22.000000,37.000000,37.000000,37.000000,39.000000,39.000000,40.000000,43.000000,1,1,1,1,1,1,1,0,0,0,0,0,0,0,74,5376.553223,837,0,1,0.568014,-0.029135,-0.323492,-3.123000,-0.400000,0.081000,1
2.676395,6.520000,-62.766998,-9.823000,119.527000,22.691999,11.359000,144.591995,2.760000,0.840000,-3.240000,-3.120000,0.720000,2.160000,-3.120000,208.000000,-608.000000,-256.000000,-1804.000000,711.000000,-10.000000,-464.000000,22.000000,22.000000,22.000000,22.000000,22.000000,22.000000,22.000000,37.000000,37.000000,37.000000,39.000000,39.000000,40.000000,43.000000,1,1,1,1,1,1,1,0,0,0,0,0,0,0,74,5376.551758,836,0,1,0.568149,-0.029207,-0.323493,-3.123000,-0.400000,0.081000,1
2.686405,6.530000,-62.763000,-9.842000,119.512001,22.697001,11.372000,144.572998,2.760000,0.480000,-3.240000,-2.040000,0.600000,1.440000,-3.120000,196.000000,-662.000000,-217.000000,-1811.000000,670.000000,-23.000000,-496.000000,22.000000,22.000000,22.000000,22.000000,22.000000,22.000000,22.000000,37.000000,37.000000,37.000000,39.000000,39.000000,40.000000,43.000000,1,1,1,1,1,1,1,0,0,0,0,0,0,0,74,5376.553223,838,0,1,0.568186,-0.029286,-0.323490,-3.123000,-0.400000,0.081000,1
2.696343,6.546000,-62.763000,-9.858000,119.501999,22.697001,11.375000,144.567001,3.000000,0.000000,-3.360000,-0.960000,0.720000,1.080000,-3.480000,214.000000,-692.000000,-163.000000,-1855.000000,692.000000,-3.000000,-514.000000,22.000000,22.000000,22.000000,22.000000,22.000000,22.000000,22.000000,37.000000,37.000000,37.000000,39.000000,39.000000,40.000000,43.000000,1,1,1,1,1,1,1,0,0,0,0,0,0,0,74,5376.553223,838,0,1,0.568247,-0.029329,-0.323472,-3.123000,-0.400000,0.080000,1
2.706393,6.602000,-62.758999,-9.933000,119.501999,22.715000,11.398000,144.503006,2.880000,-0.120000,-2.880000,0.000000,0.720000,0.480000,-2.880000,270.000000,-1110.000000,-310.000000,-1961.000000,694.000000,-58.000000,-607.000000,22.000000,22.000000,22.000000,22.000000,22.000000,22.000000,22.000000,37.000000,37.000000,37.000000,39.000000,39.000000,40.000000,43.000000,1,1,1,1,1,1,1,0,0,0,0,0,0,0,74,5376.555176,837,0,1,0.568038,-0.029520,-0.323578,-3.123000,-0.400000,0.080000,1
2.716311,6.638000,-62.766998,-9.983000,119.507004,22.723000,11.403000,144.464996,3.240000,-1.920000,-3.000000,2.400000,0.360000,-0.360000,-3.600000,404.000000,-1861.000000,-374.000000,-259.000000,625.000000,-228.000000,-679.000000,22.000000,22.000000,22.000000,22.000000,22.000000,22.000000,22.000000,37.000000,37.000000,37.000000,39.000000,39.000000,40.000000,43.000000,1,1,1,1,1,1,1,0,0,0,0,0,0,0,74,5376.555176,838,0,1,0.567960,-0.029702,-0.323592,-3.122000,-0.399000,0.080000,1
2.726293,6.681000,-62.796001,-10.031000,119.536003,22.728001,11.387000,144.423996,4.080000,-3.600000,-3.240000,5.030000,0.360000,-1.680000,-4.560000,180.000000,-2112.000000,-437.000000,319.000000,637.000000,-404.000000,-754.000000,22.000000,22.000000,22.000000,22.000000,22.000000,22.000000,22.000000,37.000000,37.000000,37.000000,39.000000,39.000000,40.000000,43.000000,1,1,1,1,1,1,1,0,0,0,0,0,0,0,74,5376.551758,839,0,1,0.567898,-0.029888,-0.323548,-3.122000,-0.400000,0.079000,1
2.736394,6.700000,-62.818001,-10.052000,119.568001,22.729000,11.375000,144.404999,4.320000,-4.560000,-3.240000,8.040000,0.240000,-2.640000,-5.030000,297.000000,-2189.000000,-260.000000,546.000000,625.000000,-467.000000,-734.000000,22.000000,22.000000,22.000000,22.000000,22.000000,22.000000,22.000000,37.000000,37.000000,37.000000,39.000000,39.000000,40.000000,43.000000,1,1,1,1,1,1,1,0,0,0,0,0,0,0,74,5376.551758,839,0,1,0.567773,-0.029958,-0.323537,-3.122000,-0.400000,0.079000,1
2.746390,6.757000,-62.887001,-10.089000,119.679001,22.739000,11.332000,144.343002,3.960000,-5.030000,-3.600000,8.280000,0.480000,-3.480000,-5.400000,249.000000,-2032.000000,-219.000000,-202.000000,612.000000,-595.000000,-612.000000,22.000000,22.000000,22.000000,22.000000,22.000000,22.000000,22.000000,37.000000,37.000000,37.000000,39.000000,39.000000,40.000000,43.000000,1,1,1,1,1,1,1,0,0,0,0,0,0,0,74,5376.550781,837,0,1,0.567316,-0.029965,-0.323532,-3.122000,-0.400000,0.079000,1
2.757370,6.807000,-62.965000,-10.128000,119.814003,22.740999,11.299000,144.279007,4.800000,-7.680000,-3.480000,13.440000,0.000000,-5.520000,-5.640000,415.000000,-2484.000000,-177.000000,839.000000,609.000000,-914.000000,-626.000000,22.000000,22.000000,22.000000,22.000000,22.000000,22.000000,22.000000,37.000000,37.000000,37.000000,39.000000,39.000000,40.000000,43.000000,1,1,1,1,1,1,1,0,0,0,0,0,0,0,74,5376.555176,836,0,1,0.566632,-0.029979,-0.323569,-3.122000,-0.399000,0.079000,1
2.766431,6.863000,-63.054001,-10.163000,119.970001,22.743000,11.222000,144.214005,5.760000,-9.350000,-3.600000,16.559999,0.000000,-8.040000,-5.640000,302.000000,-2427.000000,-198.000000,648.000000,580.000000,-871.000000,-531.000000,22.000000,22.000000,22.000000,22.000000,22.000000,22.000000,22.000000,37.000000,37.000000,37.000000,39.000000,39.000000,40.000000,43.000000,1,1,1,1,1,1,1,0,0,0,0,0,0,0,74,5376.550781,835,0,1,0.566048,-0.030058,-0.323566,-3.122000,-0.399000,0.079000,1
2.776865,6.918000,-63.150002,-10.191000,120.139000,22.743000,11.111000,144.136002,5.880000,-11.640000,-3.120000,21.600000,0.000000,-11.280000,-6.000000,171.000000,-2618.000000,-234.000000,420.000000,507.000000,-792.000000,-491.000000,22.000000,22.000000,22.000000,22.000000,22.000000,22.000000,22.000000,37.000000,37.000000,37.000000,39.000000,39.000000,40.000000,43.000000,1,1,1,1,1,1,1,0,0,0,0,0,0,0,74,5376.549805,836,0,1,0.565586,-0.030201,-0.323518,-3.122000,-0.400000,0.080000,1
2.786414,6.995000,-63.306000,-10.206000,120.426003,22.743999,11.009000,144.069000,7.200000,-12.480000,-3.720000,25.309999,0.000000,-11.280000,-6.480000,441.000000,-2745.000000,-235.000000,433.000000,439.000000,-523.000000,-557.000000,22.000000,22.000000,22.000000,22.000000,22.000000,22.000000,22.000000,37.000000,37.000000,37.000000,39.000000,39.000000,40.000000,43.000000,1,1,1,1,1,1,1,0,0,0,0,0,0,0,74,5376.553223,837,0,1,0.564290,-0.029921,-0.323585,-3.121000,-0.399000,0.079000,1
2.796359,7.032000,-63.375999,-10.218000,120.552002,22.745001,10.924000,144.016006,7.070000,-14.760000,-3.600000,26.040001,0.000000,-13.200000,-7.200000,330.000000,-2862.000000,-195.000000,690.000000,409.000000,-977.000000,-623.000000,22.000000,22.000000,22.000000,22.000000,22.000000,22.000000,22.000000,37.000000,37.000000,37.000000,39.000000,39.000000,40.000000,43.000000,1,1,1,1,1,1,1,0,0,0,0,0,0,0,74,5376.553223,836,0,1,0.563952,-0.029983,-0.323552,-3.121000,-0.399000,0.080000,1
2.806356,7.143000,-63.598999,-10.264000,120.955002,22.745001,10.739000,143.923996,8.280000,-18.360001,-4.080000,30.480000,0.000000,-15.710000,-8.160000,447.000000,-3065.000000,-220.000000,767.000000,298.000000,-910.000000,-699.000000,22.000000,22.000000,22.000000,22.000000,22.000000,22.000000,22.000000,37.000000,37.000000,37.000000,39.000000,39.000000,40.000000,43.000000,1,1,1,1,1,1,1,0,0,0,0,0,0,0,74,5376.551758,836,0,1,0.562376,-0.029904,-0.323565,-3.121000,-0.399000,0.079000,1
2.816474,7.209000,-63.756001,-10.296000,121.231003,22.743999,10.556000,143.832001,9.720000,-19.559999,-3.840000,34.919998,0.000000,-19.799999,-10.070000,370.000000,-2870.000000,-361.000000,545.000000,205.000000,-921.000000,-686.000000,22.000000,22.000000,22.000000,22.000000,22.000000,22.000000,22.000000,37.000000,37.000000,37.000000,39.000000,39.000000,40.000000,43.000000,1,1,1,1,1,1,1,0,0,0,0,0,0,0,74,5376.549805,836,0,1,0.561621,-0.030144,-0.323477,-3.121000,-0.400000,0.080000,1
2.827176,7.347000,-64.061996,-10.350000,121.782997,22.745001,10.320000,143.716003,9.720000,-24.240000,-4.080000,42.840000,-0.240000,-21.000000,-9.350000,432.000000,-2569.000000,-469.000000,662.000000,87.000000,-932.000000,-488.000000,22.000000,22.000000,22.000000,22.000000,21.000000,22.000000,22.000000,37.000000,37.000000,37.000000,39.000000,39.000000,40.000000,43.000000,1,1,1,1,1,1,1,0,0,0,0,0,0,0,74,5376.551758,837,0,1,0.559351,-0.029969,-0.323518,-3.120000,-0.399000,0.079000,1
2.837199,7.455000,-64.308998,-10.391000,122.236000,22.745001,10.078000,143.613007,10.920000,-26.040001,-4.320000,46.200001,-0.720000,-24.480000,-11.880000,326.000000,-2262.000000,-594.000000,837.000000,21.000000,-724.000000,-608.000000,22.000000,22.000000,22.000000,22.000000,21.000000,22.000000,22.000000,37.000000,37.000000,37.000000,39.000000,39.000000,40.000000,43.000000,1,1,1,1,1,1,1,0,0,0,0,0,0,0,74,5376.558105,836,0,1,0.557728,-0.029994,-0.323509,-3.120000,-0.399000,0.079000,1
2.847195,7.602000,-64.605003,-10.448000,122.704002,22.743000,9.773000,143.481003,12.960000,-27.480000,-4.800000,48.119999,-1.080000,-26.639999,-12.710000,365.000000,-2185.000000,-461.000000,221.000000,-32.000000,-1005.000000,-732.000000,22.000000,21.000000,22.000000,22.000000,21.000000,22.000000,22.000000,37.000000,37.000000,37.000000,39.000000,39.000000,40.000000,43.000000,1,1,1,1,1,1,1,0,0,0,0,0,0,0,74,5376.559082,836,0,1,0.556559,-0.030172,-0.323234,-3.120000,-0.401000,0.079000,1
2.857156,7.708000,-64.864998,-10.531000,123.302002,22.736000,9.485000,143.356995,12.240000,-28.559999,-5.640000,53.400002,-1.560000,-27.719999,-9.840000,465.000000,-2517.000000,-204.000000,552.000000,-47.000000,-1070.000000,-419.000000,22.000000,21.000000,22.000000,22.000000,21.000000,22.000000,22.000000,37.000000,37.000000,37.000000,39.000000,39.000000,40.000000,43.000000,1,1,1,1,1,1,1,0,0,0,0,0,0,0,74,5376.558105,837,0,1,0.553840,-0.030463,-0.323619,-3.120000,-0.399000,0.078000,1
2.867163,7.860000,-65.234001,-10.622000,123.984001,22.726000,9.195000,143.229996,12.710000,-29.520000,-5.400000,57.959999,-1.920000,-30.719999,-12.600000,354.000000,-2621.000000,-244.000000,943.000000,-92.000000,-1047.000000,-522.000000,22.000000,21.000000,22.000000,22.000000,21.000000,22.000000,22.000000,37.000000,37.000000,37.000000,39.000000,39.000000,40.000000,43.000000,1,1,1,1,1,1,1,0,0,0,0,0,0,0,74,5376.547852,835,0,1,0.550894,-0.030464,-0.323749,-3.120000,-0.398000,0.077000,1
2.877212,7.943000,-65.433998,-10.665000,124.341003,22.725000,9.029000,143.158005,13.680000,-32.040001,-5.760000,58.799999,-2.160000,-29.280001,-10.320000,575.000000,-2653.000000,-249.000000,564.000000,-121.000000,-1144.000000,-482.000000,22.000000,21.000000,22.000000,22.000000,21.000000,22.000000,22.000000,37.000000,37.000000,37.000000,39.000000,39.000000,40.000000,43.000000,1,1,1,1,1,1,1,0,0,0,0,0,0,0,74,5376.546875,837,0,1,0.549482,-0.030462,-0.323755,-3.119000,-0.398000,0.077000,1
2.887178,8.118000,-65.843002,-10.751000,124.939003,22.714001,8.660000,143.011002,13.920000,-34.200001,-6.840000,60.599998,-2.510000,-29.760000,-10.320000,599.000000,-2611.000000,-335.000000,159.000000,-167.000000,-1237.000000,-547.000000,22.000000,21.000000,22.000000,22.000000,21.000000,22.000000,22.000000,37.000000,37.000000,37.000000,39.000000,39.000000,40.000000,43.000000,1,1,1,1,1,1,1,0,0,0,0,0,0,0,74,5376.550781,837,0,1,0.548004,-0.030769,-0.323283,-3.119000,-0.400000,0.076000,1
2.897176,8.264000,-66.171997,-10.818000,125.676003,22.712000,8.315000,142.880997,14.400000,-34.310001,-6.720000,63.000000,-2.640000,-33.119999,-12.710000,350.000000,-2476.000000,-405.000000,275.000000,-251.000000,-1433.000000,-481.000000,21.000000,21.000000,22.000000,22.000000,21.000000,22.000000,21.000000,37.000000,37.000000,37.000000,39.000000,39.000000,40.000000,43.000000,1,1,1,1,1,1,1,0,0,0,0,0,0,0,74,5376.549805,836,0,1,0.544621,-0.030650,-0.323739,-3.119000,-0.398000,0.075000,1
2.907186,8.410000,-66.511002,-10.891000,126.302002,22.688999,7.902000,142.718994,15.360000,-35.279999,-6.350000,65.040001,-3.000000,-32.880001,-11.760000,401.000000,-2282.000000,-614.000000,768.000000,-314.000000,-756.000000,-489.000000,21.000000,21.000000,22.000000,22.000000,21.000000,22.000000,21.000000,37.000000,37.000000,37.000000,39.000000,39.000000,40.000000,43.000000,1,1,1,1,1,1,1,0,0,0,0,0,0,0,74,5376.553223,835,0,1,0.542719,-0.031090,-0.323667,-3.120000,-0.399000,0.076000,1
2.917271,8.577000,-66.889999,-10.965000,126.978996,22.663000,7.549000,142.613007,14.520000,-35.400002,-6.840000,64.440002,-2.880000,-33.240002,-13.320000,455.000000,-2471.000000,-476.000000,588.000000,-418.000000,-950.000000,-664.000000,21.000000,21.000000,22.000000,22.000000,21.000000,22.000000,21.000000,37.000000,37.000000,37.000000,39.000000,39.000000,40.000000,43.000000,1,1,1,1,1,1,1,0,0,0,0,0,0,0,74,5376.555176,836,0,1,0.540198,-0.031067,-0.323661,-3.119000,-0.399000,0.075000,1
2.927221,8.741000,-67.288002,-11.037000,127.680000,22.634001,7.189000,142.453995,15.120000,-35.520000,-7.070000,64.199997,-3.120000,-32.759998,-11.280000,158.000000,-2350.000000,-234.000000,-197.000000,-497.000000,-1128.000000,-451.000000,21.000000,21.000000,21.000000,22.000000,21.000000,22.000000,21.000000,37.000000,37.000000,37.000000,39.000000,39.000000,40.000000,43.000000,1,1,1,1,1,1,1,0,0,0,0,0,0,0,74,5376.559082,836,0,1,0.537601,-0.031081,-0.323627,-3.119000,-0.399000,0.075000,1
2.937333,8.837000,-67.524002,-11.078000,127.962997,22.629000,7.064000,142.397003,14.150000,-35.279999,-6.840000,63.000000,-3.000000,-33.000000,-10.680000,356.000000,-2163.000000,-207.000000,7.000000,-536.000000,-835.000000,-477.000000,21.000000,21.000000,21.000000,22.000000,21.000000,22.000000,21.000000,37.000000,37.000000,37.000000,39.000000,39.000000,40.000000,43.000000,1,1,1,1,1,1,1,0,0,0,0,0,0,0,74,5376.559082,837,0,1,0.536836,-0.030965,-0.323280,-3.118000,-0.400000,0.074000,1
2.947179,8.992000,-67.873001,-11.149000,128.723999,22.590000,6.681000,142.244995,14.760000,-35.639999,-6.960000,62.630001,-3.360000,-32.759998,-11.520000,174.000000,-2111.000000,-425.000000,265.000000,-638.000000,-1108.000000,-485.000000,21.000000,21.000000,21.000000,22.000000,21.000000,22.000000,21.000000,37.000000,37.000000,37.000000,39.000000,39.000000,40.000000,43.000000,1,1,1,1,1,1,1,0,0,0,0,0,0,0,74,5376.558105,836,0,1,0.533500,-0.030934,-0.323676,-3.118000,-0.398000,0.074000,1
2.957333,9.198000,-68.328003,-11.263000,129.572006,22.544001,6.300000,142.098007,13.920000,-33.599998,-7.680000,60.720001,-3.720000,-30.959999,-14.040000,162.000000,-2056.000000,-111.000000,-390.000000,-650.000000,-1328.000000,-579.000000,21.000000,21.000000,21.000000,22.000000,21.000000,22.000000,21.000000,37.000000,37.000000,37.000000,39.000000,39.000000,40.000000,43.000000,1,1,1,1,1,1,1,0,0,0,0,0,0,0,74,5376.558105,837,0,1,0.529819,-0.030783,-0.323889,-3.117000,-0.397000,0.073000,1
2.967161,9.354000,-68.667000,-11.336000,130.175003,22.495001,5.936000,141.955002,13.080000,-33.119999,-7.800000,59.160000,-4.440000,-28.430000,-14.880000,237.000000,-2369.000000,-186.000000,-598.000000,-539.000000,-1159.000000,-542.000000,21.000000,21.000000,21.000000,22.000000,21.000000,22.000000,21.000000,37.000000,37.000000,37.000000,39.000000,39.000000,40.000000,43.000000,1,1,1,1,1,1,1,0,0,0,0,0,0,0,74,5376.549805,837,0,1,0.527811,-0.030961,-0.323840,-3.118000,-0.398000,0.074000,1
2.977267,9.419000,-68.865997,-11.379000,130.511002,22.479000,5.833000,141.914001,13.080000,-31.920000,-6.120000,56.160000,-4.670000,-28.309999,-11.640000,200.000000,-2166.000000,-381.000000,-770.000000,-466.000000,-1378.000000,-436.000000,21.000000,21.000000,21.000000,22.000000,21.000000,22.000000,21.000000,37.000000,37.000000,37.000000,39.000000,39.000000,40.000000,43.000000,1,1,1,1,1,1,1,0,0,0,0,0,0,0,74,5376.549805,836,0,1,0.526190,-0.030782,-0.323886,-3.117000,-0.397000,0.073000,1
2.987248,9.573000,-69.263000,-11.451000,131.162994,22.406000,5.412000,141.766006,12.000000,-31.309999,-7.070000,53.630001,-4.670000,-26.040001,-12.600000,188.000000,-2172.000000,-384.000000,-152.000000,-303.000000,-1193.000000,-693.000000,21.000000,21.000000,21.000000,22.000000,21.000000,22.000000,21.000000,37.000000,37.000000,37.000000,39.000000,39.000000,40.000000,43.000000,1,1,1,1,1,1,1,0,0,0,0,0,0,0,74,5376.551758,837,0,1,0.524337,-0.031152,-0.323644,-3.118000,-0.399000,0.074000,1
2.997208,9.700000,-69.565002,-11.516000,131.671005,22.355000,5.147000,141.638000,11.640000,-28.559999,-7.200000,49.560001,-4.200000,-26.160000,-10.200000,31.000000,-1430.000000,-210.000000,-1028.000000,-333.000000,-1049.000000,-566.000000,22.000000,21.000000,21.000000,22.000000,21.000000,22.000000,22.000000,37.000000,37.000000,37.000000,39.000000,39.000000,40.000000,43.000000,1,1,1,1,1,1,1,0,0,0,0,0,0,0,74,5376.561035,837,0,1,0.522491,-0.031195,-0.323588,-3.118000,-0.399000,0.075000,1
3.007225,9.839000,-69.903000,-11.607000,132.259995,22.313999,4.902000,141.526993,11.160000,-26.760000,-6.840000,45.000000,-3.120000,-24.480000,-10.320000,181.000000,-1427.000000,-134.000000,-518.000000,-429.000000,-1104.000000,-443.000000,22.000000,21.000000,21.000000,22.000000,21.000000,22.000000,22.000000,37.000000,37.000000,37.000000,39.000000,39.000000,40.000000,43.000000,1,1,1,1,1,1,1,0,0,0,0,0,0,0,74,5376.562012,837,0,1,0.519910,-0.031079,-0.323675,-3.118000,-0.398000,0.074000,1
3.017227,9.906000,-70.060997,-11.645000,132.434006,22.294001,4.761000,141.462997,10.200000,-25.080000,-6.120000,44.040001,-3.480000,-24.120001,-11.520000,363.000000,-1257.000000,-228.000000,-233.000000,-492.000000,-902.000000,-639.000000,22.000000,21.000000,21.000000,22.000000,21.000000,22.000000,22.000000,37.000000,37.000000,37.000000,39.000000,39.000000,40.000000,43.000000,1,1,1,1,1,1,1,0,0,0,0,0,0,0,74,5376.562988,836,0,1,0.519822,-0.031315,-0.323354,-3.118000,-0.400000,0.074000,1
3.027368,10.030000,-70.287003,-11.701000,132.912003,22.254999,4.515000,141.347000,9.720000,-22.680000,-5.520000,39.840000,-2.760000,-19.799999,-8.400000,249.000000,-1485.000000,-104.000000,-349.000000,-533.000000,-957.000000,-609.000000,22.000000,21.000000,21.000000,22.000000,21.000000,22.000000,22.000000,37.000000,37.000000,37.000000,39.000000,39.000000,40.000000,43.000000,1,1,1,1,1,1,1,0,0,0,0,0,0,0,74,5376.562012,838,0,1,0.517748,-0.031200,-0.323590,-3.118000,-0.399000,0.075000,1
3.037247,10.101000,-70.508003,-11.762000,133.304993,22.229000,4.332000,141.259003,8.400000,-20.150000,-5.400000,35.880001,-2.510000,-17.639999,-8.640000,214.000000,-1765.000000,-208.000000,-836.000000,-571.000000,-975.000000,-758.000000,22.000000,21.000000,22.000000,22.000000,21.000000,22.000000,22.000000,37.000000,37.000000,37.000000,39.000000,39.000000,40.000000,43.000000,1,1,1,1,1,1,1,0,0,0,0,0,0,0,74,5376.555176,837,0,1,0.516107,-0.031300,-0.323635,-3.118000,-0.399000,0.075000,1
3.047190,10.203000,-70.736000,-11.832000,133.720001,22.207001,4.146000,141.158997,7.560000,-17.040001,-5.030000,31.799999,-1.800000,-15.120000,-7.200000,-66.000000,-1701.000000,-205.000000,-934.000000,-592.000000,-1231.000000,-481.000000,22.000000,22.000000,22.000000,22.000000,21.000000,22.000000,22.000000,37.000000,37.000000,37.000000,39.000000,39.000000,40.000000,43.000000,1,1,1,1,1,1,1,0,0,0,0,0,0,0,74,5376.547852,837,0,1,0.514301,-0.031260,-0.323736,-3.118000,-0.398000,0.075000,1
3.057742,10.290000,-70.933998,-11.891000,134.048004,22.188000,3.985000,141.082993,7.320000,-15.600000,-4.920000,25.430000,-1.320000,-11.040000,-6.840000,168.000000,-1796.000000,28.000000,-1319.000000,-624.000000,-1189.000000,-446.000000,22.000000,22.000000,22.000000,22.000000,21.000000,22.000000,22.000000,37.000000,37.000000,37.000000,39.000000,39.000000,40.000000,43.000000,1,1,1,1,1,1,1,0,0,0,0,0,0,0,74,5376.549805,837,0,1,0.513027,-0.031271,-0.323725,-3.118000,-0.398000,0.075000,1
3.067211,10.324000,-71.018997,-11.917000,134.192993,22.184000,3.935000,141.039001,6.480000,-13.800000,-4.670000,23.400000,-1.200000,-12.600000,-6.960000,14.000000,-1671.000000,-77.000000,-950.000000,-635.000000,-1269.000000,-514.000000,22.000000,22.000000,22.000000,22.000000,21.000000,22.000000,22.000000,37.000000,37.000000,37.000000,39.000000,39.000000,40.000000,43.000000,1,1,1,1,1,1,1,0,0,0,0,0,0,0,74,5376.550781,837,0,1,0.512334,-0.031216,-0.323758,-3.117000,-0.398000,0.075000,1
3.077215,10.401000,-71.179001,-11.962000,134.401993,22.169001,3.791000,140.957001,5.030000,-11.280000,-3.480000,19.799999,-0.720000,-10.070000,-6.480000,83.000000,-1355.000000,-152.000000,-1306.000000,-609.000000,-871.000000,-471.000000,22.000000,22.000000,22.000000,22.000000,21.000000,22.000000,22.000000,37.000000,37.000000,37.000000,39.000000,39.000000,40.000000,43.000000,1,1,1,1,1,1,1,0,0,0,0,0,0,0,74,5376.556152,837,0,1,0.511925,-0.031366,-0.323558,-3.118000,-0.399000,0.075000,1
3.087209,10.448000,-71.277000,-11.998000,134.582001,22.163000,3.696000,140.899994,4.560000,-9.480000,-3.480000,15.000000,-0.360000,-6.720000,-5.400000,43.000000,-1069.000000,-104.000000,-478.000000,-629.000000,-942.000000,-605.000000,22.000000,22.000000,22.000000,22.000000,21.000000,22.000000,22.000000,37.000000,37.000000,37.000000,39.000000,39.000000,40.000000,43.000000,1,1,1,1,1,1,1,0,0,0,0,0,0,0,74,5376.561035,836,0,1,0.511207,-0.031416,-0.323591,-3.118000,-0.399000,0.075000,1
3.097201,10.489000,-71.360001,-12.032000,134.710007,22.153000,3.607000,140.839005,3.480000,-6.480000,-2.640000,10.320000,-0.240000,-6.480000,-4.080000,23.000000,-1134.000000,-205.000000,-515.000000,-594.000000,-856.000000,-679.000000,22.000000,22.000000,22.000000,22.000000,21.000000,22.000000,22.000000,37.000000,37.000000,37.000000,39.000000,39.000000,40.000000,43.000000,1,1,1,1,1,1,1,0,0,0,0,0,0,0,74,5376.561035,837,0,1,0.510872,-0.031583,-0.323539,-3.118000,-0.399000,0.075000,1
3.107212,10.529000,-71.421997,-12.068000,134.820999,22.153000,3.548000,140.792999,2.510000,-4.800000,-2.510000,6.240000,0.000000,-3.360000,-3.720000,-68.000000,-1123.000000,-19.000000,-610.000000,-541.000000,-670.000000,-653.000000,22.000000,22.000000,22.000000,22.000000,21.000000,22.000000,22.000000,37.000000,37.000000,37.000000,39.000000,39.000000,40.000000,43.000000,1,1,1,1,1,1,1,0,0,0,0,0,0,0,74,5376.561035,837,0,1,0.510416,-0.031643,-0.323570,-3.118000,-0.399000,0.075000,1
3.117333,10.556000,-71.456001,-12.089000,134.886993,22.155001,3.528000,140.748001,1.920000,-3.000000,-1.800000,4.200000,0.000000,-2.040000,-3.600000,27.000000,-1122.000000,-61.000000,-618.000000,-392.000000,-891.000000,-613.000000,22.000000,22.000000,22.000000,22.000000,21.000000,22.000000,22.000000,37.000000,37.000000,37.000000,39.000000,39.000000,40.000000,43.000000,1,1,1,1,1,1,1,0,0,0,0,0,0,0,74,5376.555176,836,0,1,0.510060,-0.031611,-0.323619,-3.118000,-0.399000,0.075000,1
3.127616,10.567000,-71.470001,-12.104000,134.912994,22.155001,3.523000,140.733994,1.440000,-1.800000,-1.800000,3.240000,0.000000,-0.960000,-3.720000,-13.000000,-1215.000000,-3.000000,-493.000000,-312.000000,-901.000000,-584.000000,22.000000,22.000000,22.000000,22.000000,22.000000,22.000000,22.000000,37.000000,37.000000,37.000000,39.000000,39.000000,40.000000,43.000000,1,1,1,1,1,1,1,0,0,0,0,0,0,0,74,5376.553223,837,0,1,0.509887,-0.031623,-0.323648,-3.118000,-0.399000,0.075000,1
3.137220,10.579000,-71.481003,-12.124000,134.934006,22.153000,3.512000,140.699005,0.840000,-0.600000,-1.200000,0.360000,0.120000,-0.360000,-3.000000,109.000000,-1462.000000,17.000000,-614.000000,-152.000000,-867.000000,-547.000000,22.000000,22.000000,22.000000,22.000000,22.000000,22.000000,22.000000,37.000000,37.000000,37.000000,39.000000,39.000000,40.000000,43.000000,1,1,1,1,1,1,1,0,0,0,0,0,0,0,74,5376.553223,836,0,1,0.509784,-0.031719,-0.323667,-3.118000,-0.399000,0.076000,1
3.147161,10.586000,-71.483002,-12.134000,134.934006,22.155001,3.507000,140.660995,0.480000,0.000000,-0.960000,-0.120000,0.360000,0.000000,-2.510000,131.000000,-1338.000000,-40.000000,-822.000000,-32.000000,-709.000000,-549.000000,22.000000,22.000000,22.000000,22.000000,22.000000,22.000000,22.000000,37.000000,37.000000,37.000000,39.000000,39.000000,40.000000,43.000000,1,1,1,1,1,1,1,0,0,0,0,0,0,0,74,5376.551758,837,0,1,0.509821,-0.031796,-0.323656,-3.118000,-0.399000,0.076000,1
3.157190,10.590000,-71.483002,-12.138000,134.929001,22.153000,3.504000,140.645996,0.360000,0.120000,-0.840000,-0.600000,0.480000,0.000000,-2.400000,135.000000,-1126.000000,-49.000000,-1262.000000,42.000000,-590.000000,-532.000000,22.000000,22.000000,22.000000,22.000000,22.000000,22.000000,22.000000,37.000000,37.000000,37.000000,39.000000,39.000000,40.000000,43.000000,1,1,1,1,1,1,1,0,0,0,0,0,0,0,74,5376.551758,835,0,1,0.509872,-0.031834,-0.323644,-3.118000,-0.399000,0.076000,1
3.167201,10.597000,-71.482002,-12.149000,134.919998,22.159000,3.501000,140.619003,0.360000,0.120000,-0.720000,-1.680000,1.080000,0.000000,-2.510000,108.000000,-743.000000,-180.000000,-1599.000000,149.000000,-403.000000,-529.000000,22.000000,22.000000,22.000000,22.000000,22.000000,22.000000,22.000000,37.000000,37.000000,37.000000,39.000000,39.000000,40.000000,43.000000,1,1,1,1,1,1,1,0,0,0,0,0,0,0,74,5376.556152,836,0,1,0.509960,-0.031914,-0.323626,-3.118000,-0.399000,0.076000,1
3.178271,10.601000,-71.476997,-12.159000,134.906998,22.163000,3.504000,140.587006,0.120000,0.480000,-0.480000,-2.400000,1.080000,0.000000,-2.280000,66.000000,-585.000000,-113.000000,-1837.000000,181.000000,-262.000000,-532.000000,22.000000,22.000000,22.000000,22.000000,22.000000,22.000000,22.000000,37.000000,37.000000,37.000000,39.000000,39.000000,40.000000,43.000000,1,1,1,1,1,1,1,0,0,0,0,0,0,0,74,5376.555176,838,0,1,0.510026,-0.031988,-0.323624,-3.119000,-0.399000,0.077000,1
3.188144,10.604000,-71.473999,-12.171000,134.882996,22.167000,3.504000,140.563004,0.240000,0.720000,-0.720000,-2.280000,1.440000,0.000000,-2.160000,41.000000,-501.000000,-153.000000,-1876.000000,206.000000,-169.000000,-521.000000,22.000000,22.000000,22.000000,22.000000,22.000000,22.000000,22.000000,37.000000,37.000000,37.000000,39.000000,39.000000,40.000000,43.000000,1,1,1,1,1,1,1,0,0,0,0,0,0,0,74,5376.555176,835,0,1,0.510234,-0.032123,-0.323567,-3.119000,-0.400000,0.077000,1
3.198146,10.605000,-71.462997,-12.174000,134.852997,22.169001,3.503000,140.541000,-0.120000,0.840000,0.120000,-2.400000,2.040000,0.240000,-1.680000,-146.000000,-379.000000,14.000000,-1958.000000,228.000000,-102.000000,-472.000000,22.000000,22.000000,22.000000,22.000000,22.000000,22.000000,22.000000,37.000000,37.000000,37.000000,39.000000,39.000000,40.000000,43.000000,1,1,1,1,1,1,1,0,0,0,0,0,0,0,74,5376.551758,837,0,1,0.510470,-0.032217,-0.323523,-3.119000,-0.400000,0.077000,1
3.208249,10.604000,-71.452003,-12.170000,134.828003,22.169001,3.507000,140.520004,-0.840000,1.200000,1.080000,-2.280000,2.880000,0.360000,-0.720000,-481.000000,-265.000000,480.000000,-1970.000000,303.000000,-95.000000,-470.000000,22.000000,22.000000,22.000000,22.000000,22.000000,22.000000,22.000000,37.000000,37.000000,37.000000,39.000000,39.000000,40.000000,43.000000,1,1,1,1,1,1,1,0,0,0,0,0,0,0,74,5376.551758,837,0,1,0.510636,-0.032252,-0.323497,-3.120000,-0.400000,0.078000,1
3.218182,10.585000,-71.436996,-12.148000,134.807007,22.184000,3.507000,140.509995,-2.880000,1.560000,3.240000,-1.800000,3.960000,0.000000,-0.360000,-711.000000,-207.000000,808.000000,-2009.000000,444.000000,-125.000000,-393.000000,22.000000,22.000000,22.000000,22.000000,22.000000,22.000000,22.000000,37.000000,37.000000,37.000000,39.000000,39.000000,40.000000,43.000000,1,1,1,1,1,1,1,0,0,0,0,0,0,0,74,5376.553223,837,0,1,0.510786,-0.032249,-0.323476,-3.120000,-0.400000,0.078000,1
3.228154,10.566000,-71.424004,-12.124000,134.794006,22.202999,3.507000,140.505997,-3.600000,1.800000,4.670000,-1.440000,4.670000,0.000000,0.000000,-738.000000,-150.000000,1264.000000,-1965.000000,518.000000,-142.000000,-362.000000,22.000000,22.000000,22.000000,22.000000,22.000000,22.000000,22.000000,37.000000,37.000000,37.000000,39.000000,39.000000,40.000000,43.000000,1,1,1,1,1,1,1,0,0,0,0,0,0,0,74,5376.555176,836,0,1,0.510886,-0.032213,-0.323463,-3.120000,-0.400000,0.078000,1
3.238246,10.516000,-71.404999,-12.060000,134.781006,22.243999,3.510000,140.507996,-5.640000,2.280000,7.560000,-0.840000,5.880000,0.000000,0.360000,-819.000000,-75.000000,1313.000000,-1949.000000,687.000000,-320.000000,-46.000000,22.000000,22.000000,22.000000,22.000000,22.000000,22.000000,22.000000,37.000000,37.000000,37.000000,39.000000,39.000000,40.000000,43.000000,1,1,1,1,1,1,1,0,0,0,0,0,0,0,74,5376.558105,835,0,1,0.510984,-0.032040,-0.323446,-3.120000,-0.400000,0.079000,1
3.248186,10.423000,-71.366997,-11.929000,134.772995,22.316000,3.503000,140.509003,-8.280000,3.360000,11.640000,-0.360000,7.560000,-0.600000,2.160000,-1108.000000,-163.000000,1204.000000,-1826.000000,693.000000,-533.000000,180.000000,22.000000,22.000000,22.000000,22.000000,22.000000,22.000000,22.000000,37.000000,37.000000,37.000000,39.000000,39.000000,40.000000,43.000000,1,1,1,1,1,1,1,0,0,0,0,0,0,0,74,5376.556152,837,0,1,0.511086,-0.031678,-0.323452,-3.121000,-0.400000,0.080000,1
3.258571,10.325000,-71.334000,-11.792000,134.770004,22.431999,3.492000,140.514999,-10.070000,4.080000,16.200001,0.000000,11.760000,-1.800000,4.560000,-954.000000,-243.000000,1430.000000,-1525.000000,553.000000,-672.000000,416.000000,22.000000,22.000000,22.000000,22.000000,22.000000,22.000000,22.000000,37.000000,37.000000,37.000000,39.000000,39.000000,40.000000,43.000000,1,1,1,1,1,1,1,0,0,0,0,0,0,0,74,5376.558105,836,0,1,0.511196,-0.031241,-0.323438,-3.121000,-0.400000,0.081000,1
3.268203,10.173000,-71.279999,-11.568000,134.774002,22.544001,3.471000,140.537003,-14.880000,4.670000,20.760000,0.720000,11.520000,-2.760000,5.880000,-1213.000000,-135.000000,1713.000000,-779.000000,431.000000,-820.000000,580.000000,22.000000,22.000000,22.000000,22.000000,22.000000,22.000000,22.000000,37.000000,37.000000,37.000000,39.000000,39.000000,40.000000,43.000000,1,1,1,1,1,1,1,0,0,0,0,0,0,0,74,5376.556152,837,0,1,0.511299,-0.030571,-0.323447,-3.121000,-0.400000,0.083000,1
3.278267,10.019000,-71.239998,-11.336000,134.783997,22.722000,3.419000,140.617996,-17.639999,4.440000,27.600000,2.160000,14.760000,-4.560000,10.070000,-1594.000000,103.000000,1857.000000,-520.000000,913.000000,-739.000000,720.000000,22.000000,22.000000,22.000000,22.000000,22.000000,22.000000,22.000000,37.000000,37.000000,37.000000,39.000000,39.000000,40.000000,43.000000,1,1,1,1,1,1,1,0,0,0,0,0,0,0,74,5376.553223,837,0,1,0.511588,-0.029834,-0.323367,-3.121000,-0.401000,0.082000,1
3.288673,9.906000,-71.209999,-11.174000,134.794998,22.823999,3.385000,140.656998,-19.559999,5.400000,27.719999,2.280000,16.559999,-5.760000,10.680000,-1555.000000,-120.000000,1738.000000,-458.000000,794.000000,-731.000000,603.000000,22.000000,22.000000,22.000000,22.000000,22.000000,22.000000,22.000000,37.000000,37.000000,37.000000,39.000000,39.000000,40.000000,43.000000,1,1,1,1,1,1,1,0,0,0,0,0,0,0,74,5376.551758,836,0,1,0.511724,-0.029375,-0.323338,-3.122000,-0.401000,0.083000,1
3.298132,9.646000,-71.143997,-10.787000,134.817993,23.006001,3.316000,140.800003,-23.040001,5.880000,35.279999,3.120000,18.959999,-6.350000,13.200000,-1399.000000,-208.000000,2236.000000,90.000000,594.000000,-709.000000,628.000000,22.000000,22.000000,22.000000,22.000000,22.000000,22.000000,22.000000,37.000000,37.000000,37.000000,39.000000,39.000000,40.000000,43.000000,1,1,1,1,1,1,1,0,0,0,0,0,0,0,74,5376.555176,835,0,1,0.512013,-0.028221,-0.323264,-3.122000,-0.401000,0.084000,1
3.308230,9.338000,-71.075996,-10.417000,134.850998,23.252001,3.225000,140.979004,-27.240000,5.640000,39.959999,4.080000,21.240000,-7.560000,17.639999,-1203.000000,131.000000,2710.000000,302.000000,917.000000,-813.000000,837.000000,22.000000,22.000000,22.000000,22.000000,22.000000,22.000000,22.000000,37.000000,37.000000,37.000000,39.000000,39.000000,40.000000,43.000000,1,1,1,1,1,1,1,0,0,0,0,0,0,0,74,5376.558105,837,0,1,0.512267,-0.027388,-0.323203,-3.123000,-0.401000,0.083000,1
3.318206,9.048000,-71.012001,-9.889000,134.904999,23.476999,3.149000,141.177994,-30.000000,6.960000,45.000000,5.520000,23.040001,-8.640000,20.639999,-1283.000000,218.000000,1858.000000,634.000000,455.000000,-849.000000,828.000000,22.000000,22.000000,22.000000,22.000000,22.000000,22.000000,22.000000,37.000000,37.000000,37.000000,39.000000,39.000000,40.000000,43.000000,1,1,1,1,1,1,1,0,0,0,0,0,0,0,74,5376.559082,835,0,1,0.512456,-0.025373,-0.323133,-3.123000,-0.402000,0.085000,1
3.328188,8.719000,-70.930000,-9.364000,134.966995,23.795000,3.055000,141.412994,-33.240002,7.560000,49.320000,6.120000,27.600000,-9.000000,24.719999,-1389.000000,-94.000000,1496.000000,416.000000,910.000000,-746.000000,872.000000,22.000000,22.000000,22.000000,22.000000,21.000000,22.000000,22.000000,37.000000,37.000000,37.000000,39.000000,39.000000,40.000000,43.000000,1,1,1,1,1,1,1,0,0,0,0,0,0,0,74,5376.559082,837,0,1,0.512503,-0.023495,-0.323160,-3.122000,-0.401000,0.084000,1
3.338250,8.341000,-70.848999,-8.822000,135.033997,24.065001,2.932000,141.679993,-35.400002,7.320000,54.840000,6.120000,28.799999,-11.760000,25.920000,-1534.000000,-11.000000,1245.000000,222.000000,942.000000,-859.000000,629.000000,22.000000,22.000000,22.000000,22.000000,21.000000,22.000000,22.000000,37.000000,37.000000,37.000000,39.000000,39.000000,40.000000,43.000000,1,1,1,1,1,1,1,0,0,0,0,0,0,0,74,5376.559082,837,0,1,0.512647,-0.021907,-0.323150,-3.123000,-0.402000,0.085000,1
3.348239,8.191000,-70.815002,-8.596000,135.063995,24.180000,2.892000,141.841003,-37.200001,8.400000,56.400002,6.480000,29.760000,-8.760000,28.080000,-1754.000000,22.000000,1887.000000,340.000000,998.000000,-549.000000,726.000000,22.000000,21.000000,22.000000,22.000000,21.000000,22.000000,22.000000,37.000000,37.000000,37.000000,39.000000,39.000000,40.000000,43.000000,1,1,1,1,1,1,1,0,0,0,0,0,0,0,74,5376.556152,837,0,1,0.512598,-0.021112,-0.323184,-3.122000,-0.401000,0.084000,1
3.358131,7.715000,-70.703003,-7.863000,135.151001,24.504999,2.791000,142.145004,-41.040001,8.280000,62.869999,6.480000,30.600000,-11.160000,32.400002,-1765.000000,-104.000000,1945.000000,-32.000000,858.000000,-989.000000,745.000000,22.000000,21.000000,22.000000,22.000000,21.000000,21.000000,22.000000,37.000000,37.000000,37.000000,39.000000,39.000000,40.000000,43.000000,1,1,1,1,1,1,1,0,0,0,0,0,0,0,74,5376.556152,838,0,1,0.512398,-0.018649,-0.323314,-3.123000,-0.401000,0.086000,1
3.368151,7.264000,-70.620003,-7.215000,135.225998,24.836000,2.694000,142.444000,-43.560001,7.680000,64.800003,6.840000,33.240002,-9.000000,30.959999,-1346.000000,-178.000000,1702.000000,-315.000000,688.000000,-763.000000,733.000000,22.000000,21.000000,22.000000,22.000000,21.000000,21.000000,22.000000,37.000000,37.000000,37.000000,39.000000,39.000000,40.000000,43.000000,1,1,1,1,1,1,1,0,0,0,0,0,0,0,74,5376.549805,838,0,1,0.512296,-0.016604,-0.323370,-3.123000,-0.400000,0.086000,1
3.378231,6.784000,-70.535004,-6.564000,135.292007,25.296000,2.573000,142.839996,-46.439999,8.280000,67.440002,6.480000,36.000000,-9.600000,34.560001,-1078.000000,-141.000000,1480.000000,3.000000,919.000000,-934.000000,727.000000,22.000000,21.000000,22.000000,22.000000,21.000000,21.000000,22.000000,37.000000,37.000000,37.000000,39.000000,39.000000,40.000000,43.000000,1,1,1,1,1,1,1,0,0,0,0,0,0,0,74,5376.550781,836,0,1,0.512335,-0.014568,-0.323393,-3.122000,-0.400000,0.083000,1
3.388158,6.218000,-70.433998,-5.700000,135.363007,25.714001,2.452000,143.231995,-50.400002,8.640000,72.360001,5.760000,36.720001,-11.400000,36.240002,-1303.000000,-211.000000,2067.000000,-84.000000,846.000000,-765.000000,832.000000,22.000000,21.000000,22.000000,22.000000,21.000000,21.000000,22.000000,37.000000,37.000000,37.000000,39.000000,39.000000,40.000000,43.000000,1,1,1,1,1,1,1,0,0,0,0,0,0,0,74,5376.551758,836,0,1,0.512352,-0.011709,-0.323435,-3.122000,-0.400000,0.084000,1
3.398142,5.923000,-70.386002,-5.243000,135.389999,25.923000,2.389000,143.384995,-50.279999,8.280000,74.160004,5.280000,36.599998,-11.040000,36.720001,-1233.000000,-304.000000,1853.000000,-27.000000,1090.000000,-922.000000,777.000000,22.000000,21.000000,22.000000,22.000000,21.000000,21.000000,22.000000,37.000000,37.000000,37.000000,39.000000,39.000000,40.000000,43.000000,1,1,1,1,1,1,1,0,0,0,0,0,0,0,74,5376.556152,835,0,1,0.512474,-0.010253,-0.323417,-3.123000,-0.400000,0.086000,1
3.408230,5.410000,-70.308998,-4.472000,135.432007,26.305000,2.287000,143.848007,-52.680000,7.440000,77.760002,4.320000,38.400002,-8.640000,38.160000,-993.000000,-102.000000,1703.000000,52.000000,798.000000,-566.000000,851.000000,21.000000,21.000000,22.000000,22.000000,21.000000,21.000000,21.000000,37.000000,37.000000,37.000000,39.000000,39.000000,40.000000,43.000000,1,1,1,1,1,1,1,0,0,0,0,0,0,0,74,5376.553223,837,0,1,0.512592,-0.007641,-0.323407,-3.122000,-0.400000,0.084000,1
3.418262,4.772000,-70.219002,-3.525000,135.479996,26.698000,2.198000,144.231995,-53.520000,6.960000,75.599998,3.480000,39.360001,-8.640000,39.480000,-1180.000000,-328.000000,814.000000,127.000000,802.000000,-741.000000,869.000000,21.000000,21.000000,22.000000,22.000000,21.000000,21.000000,21.000000,37.000000,37.000000,37.000000,39.000000,39.000000,40.000000,43.000000,1,1,1,1,1,1,1,0,0,0,0,0,0,0,74,5376.553223,837,0,1,0.512546,-0.004624,-0.323465,-3.123000,-0.400000,0.087000,1
3.428181,4.074000,-70.149002,-2.724000,135.513000,27.235001,2.113000,144.718002,-55.439999,6.350000,78.839996,2.640000,39.480000,-6.480000,39.599998,-1498.000000,-271.000000,979.000000,247.000000,648.000000,-704.000000,865.000000,21.000000,21.000000,22.000000,22.000000,21.000000,21.000000,21.000000,37.000000,37.000000,37.000000,39.000000,39.000000,40.000000,43.000000,1,1,1,1,1,1,1,0,0,0,0,0,0,0,74,5376.553223,838,0,1,0.512542,-0.002622,-0.323494,-3.124000,-0.400000,0.084000,1
3.438280,3.537000,-70.072998,-1.786000,135.548996,27.733000,2.031000,145.181000,-56.279999,6.120000,77.400002,1.800000,39.720001,-6.000000,39.119999,-835.000000,-534.000000,822.000000,-105.000000,663.000000,-714.000000,746.000000,21.000000,21.000000,21.000000,22.000000,21.000000,21.000000,21.000000,37.000000,37.000000,37.000000,39.000000,39.000000,40.000000,43.000000,1,1,1,1,1,1,1,0,0,0,0,0,0,0,74,5376.551758,837,0,1,0.512438,0.001105,-0.323582,-3.121000,-0.400000,0.083000,1
3.448232,3.194000,-70.036003,-1.321000,135.557007,27.961000,1.992000,145.408997,-56.040001,5.400000,77.629997,1.080000,42.240002,-5.520000,39.959999,-695.000000,-532.000000,905.000000,-137.000000,779.000000,-726.000000,602.000000,21.000000,21.000000,21.000000,22.000000,21.000000,21.000000,21.000000,37.000000,37.000000,37.000000,39.000000,39.000000,40.000000,43.000000,1,1,1,1,1,1,1,0,0,0,0,0,0,0,74,5376.550781,837,0,1,0.512431,0.002500,-0.323620,-3.122000,-0.400000,0.083000,1
3.458330,2.511000,-69.981003,-0.401000,135.563004,28.353001,1.941000,145.800003,-54.840000,4.200000,77.400002,0.000000,40.200001,-4.560000,39.599998,-628.000000,-415.000000,452.000000,-147.000000,770.000000,-932.000000,601.000000,21.000000,21.000000,21.000000,22.000000,21.000000,22.000000,21.000000,37.000000,37.000000,37.000000,39.000000,39.000000,40.000000,43.000000,1,1,1,1,1,1,1,0,0,0,0,0,0,0,74,5376.547852,836,0,1,0.512426,0.005187,-0.323658,-3.123000,-0.399000,0.086000,1
3.468203,1.858000,-69.940002,0.369000,135.561005,28.818001,1.885000,146.266006,-55.080002,3.000000,74.160004,-0.240000,39.119999,-3.840000,36.840000,-318.000000,-315.000000,85.000000,-517.000000,897.000000,-882.000000,511.000000,21.000000,21.000000,21.000000,22.000000,21.000000,22.000000,21.000000,37.000000,37.000000,37.000000,39.000000,39.000000,40.000000,43.000000,1,1,1,1,1,1,1,0,0,0,0,0,0,0,74,5376.551758,837,0,1,0.512467,0.007215,-0.323696,-3.124000,-0.399000,0.084000,1
3.478273,1.322000,-69.906998,1.274000,135.557999,29.274000,1.855000,146.729004,-52.200001,2.640000,72.480003,-0.600000,38.759998,-2.160000,36.599998,-461.000000,-486.000000,711.000000,-1029.000000,828.000000,-728.000000,451.000000,21.000000,21.000000,21.000000,22.000000,21.000000,22.000000,21.000000,37.000000,37.000000,37.000000,39.000000,39.000000,40.000000,43.000000,1,1,1,1,1,1,1,0,0,0,0,0,0,0,74,5376.547852,835,0,1,0.512342,0.010840,-0.323738,-3.121000,-0.399000,0.083000,1
3.488228,1.013000,-69.892998,1.711000,135.556000,29.506001,1.843000,146.858002,-51.480000,2.160000,70.559998,-1.200000,35.759998,-1.560000,36.119999,-737.000000,-493.000000,426.000000,-1216.000000,1032.000000,-724.000000,590.000000,21.000000,21.000000,21.000000,22.000000,21.000000,22.000000,21.000000,37.000000,37.000000,37.000000,39.000000,39.000000,40.000000,43.000000,1,1,1,1,1,1,1,0,0,0,0,0,0,0,74,5376.553223,838,0,1,0.512279,0.012236,-0.323773,-3.122000,-0.399000,0.085000,1
3.498156,0.365000,-69.867996,2.576000,135.542999,29.875999,1.833000,147.296997,-51.000000,1.440000,65.279999,-1.920000,33.840000,-0.720000,34.799999,-721.000000,-624.000000,33.000000,-1475.000000,585.000000,-833.000000,540.000000,21.000000,21.000000,21.000000,22.000000,21.000000,22.000000,21.000000,37.000000,37.000000,37.000000,39.000000,39.000000,40.000000,43.000000,1,1,1,1,1,1,1,0,0,0,0,0,0,0,74,5376.555176,836,0,1,0.512050,0.014916,-0.323888,-3.122000,-0.398000,0.086000,1
3.508267,-0.179000,-69.855003,3.219000,135.524994,30.249001,1.836000,147.697006,-47.400002,0.840000,61.080002,-2.280000,30.600000,0.000000,30.240000,-428.000000,-620.000000,-96.000000,-1820.000000,514.000000,-811.000000,470.000000,22.000000,21.000000,21.000000,22.000000,21.000000,22.000000,22.000000,37.000000,37.000000,37.000000,39.000000,39.000000,40.000000,43.000000,1,1,1,1,1,1,1,0,0,0,0,0,0,0,74,5376.550781,838,0,1,0.511852,0.016761,-0.323997,-3.123000,-0.398000,0.085000,1
3.518263,-0.653000,-69.845001,3.983000,135.490005,30.610001,1.833000,148.029007,-43.200001,0.240000,57.240002,-3.240000,30.000000,0.000000,29.520000,-115.000000,-618.000000,143.000000,-2075.000000,746.000000,-610.000000,511.000000,22.000000,21.000000,21.000000,22.000000,21.000000,22.000000,22.000000,37.000000,37.000000,37.000000,39.000000,39.000000,40.000000,43.000000,1,1,1,1,1,1,1,0,0,0,0,0,0,0,74,5376.550781,836,0,1,0.511801,0.019707,-0.324026,-3.121000,-0.398000,0.085000,1
3.528189,-0.968000,-69.841003,4.254000,135.477005,30.756001,1.834000,148.251999,-42.360001,0.000000,54.840000,-3.240000,28.200001,0.000000,26.760000,-199.000000,-659.000000,-370.000000,-2120.000000,644.000000,-554.000000,534.000000,22.000000,21.000000,21.000000,22.000000,21.000000,22.000000,22.000000,37.000000,37.000000,37.000000,39.000000,39.000000,40.000000,43.000000,1,1,1,1,1,1,1,0,0,0,0,0,0,0,74,5376.547852,837,0,1,0.511722,0.020045,-0.324109,-3.123000,-0.397000,0.085000,1
3.538228,-1.351000,-69.841003,4.872000,135.438004,31.072001,1.837000,148.584000,-38.639999,0.000000,48.119999,-3.720000,26.879999,0.240000,26.280001,-59.000000,-734.000000,-380.000000,-2507.000000,511.000000,-416.000000,532.000000,22.000000,21.000000,22.000000,22.000000,21.000000,22.000000,22.000000,37.000000,37.000000,37.000000,39.000000,39.000000,40.000000,43.000000,1,1,1,1,1,1,1,0,0,0,0,0,0,0,74,5376.547852,838,0,1,0.511716,0.022538,-0.324115,-3.121000,-0.397000,0.084000,1
3.548302,-1.807000,-69.841003,5.435000,135.388000,31.308001,1.836000,148.815002,-34.560001,0.000000,45.240002,-4.320000,23.400000,0.360000,23.400000,164.000000,-953.000000,-365.000000,-2467.000000,776.000000,-299.000000,473.000000,22.000000,22.000000,22.000000,22.000000,21.000000,22.000000,22.000000,37.000000,37.000000,37.000000,39.000000,39.000000,40.000000,43.000000,1,1,1,1,1,1,1,0,0,0,0,0,0,0,74,5376.549805,839,0,1,0.511840,0.024081,-0.324137,-3.122000,-0.398000,0.086000,1
3.558282,-2.209000,-69.844002,5.939000,135.332993,31.601999,1.836000,149.089005,-30.360001,-0.360000,39.360001,-4.670000,21.000000,0.720000,20.040001,210.000000,-1208.000000,165.000000,-2346.000000,409.000000,-188.000000,543.000000,22.000000,22.000000,22.000000,22.000000,21.000000,22.000000,22.000000,37.000000,37.000000,37.000000,39.000000,39.000000,40.000000,43.000000,1,1,1,1,1,1,1,0,0,0,0,0,0,0,74,5376.551758,835,0,1,0.512006,0.025672,-0.324135,-3.122000,-0.398000,0.085000,1
3.568404,-2.351000,-69.845001,6.120000,135.313004,31.739000,1.841000,149.218002,-30.840000,-0.360000,37.799999,-4.440000,20.040001,0.720000,20.879999,-167.000000,-1297.000000,-34.000000,-2115.000000,675.000000,-180.000000,503.000000,22.000000,22.000000,22.000000,22.000000,21.000000,22.000000,22.000000,37.000000,37.000000,37.000000,39.000000,39.000000,40.000000,43.000000,1,1,1,1,1,1,1,0,0,0,0,0,0,0,74,5376.553223,837,0,1,0.512027,0.026346,-0.324142,-3.122000,-0.398000,0.084000,1
3.578218,-2.669000,-69.850998,6.547000,135.255005,31.952000,1.855000,149.412003,-25.559999,-0.600000,33.119999,-5.030000,19.080000,1.200000,18.360001,12.000000,-1297.000000,12.000000,-2066.000000,449.000000,-145.000000,459.000000,22.000000,22.000000,22.000000,22.000000,21.000000,22.000000,22.000000,37.000000,37.000000,37.000000,39.000000,39.000000,40.000000,43.000000,1,1,1,1,1,1,1,0,0,0,0,0,0,0,74,5376.551758,835,0,1,0.512192,0.027802,-0.324121,-3.122000,-0.398000,0.084000,1
3.588337,-2.960000,-69.855003,6.892000,135.199997,32.147999,1.874000,149.595993,-21.719999,-0.600000,27.600000,-3.840000,14.040000,1.680000,13.680000,-194.000000,-1416.000000,-903.000000,-2120.000000,562.000000,-224.000000,417.000000,22.000000,22.000000,22.000000,22.000000,21.000000,22.000000,22.000000,37.000000,37.000000,37.000000,39.000000,39.000000,40.000000,43.000000,1,1,1,1,1,1,1,0,0,0,0,0,0,0,74,5376.553223,837,0,1,0.512331,0.028875,-0.324120,-3.122000,-0.398000,0.084000,1
3.598175,-3.168000,-69.856003,7.099000,135.166000,32.300999,1.895000,149.761002,-18.480000,-0.360000,21.600000,-3.480000,12.240000,1.560000,13.320000,77.000000,-1461.000000,-355.000000,-2032.000000,449.000000,-185.000000,325.000000,22.000000,22.000000,22.000000,22.000000,21.000000,22.000000,22.000000,37.000000,37.000000,37.000000,39.000000,39.000000,40.000000,43.000000,1,1,1,1,1,1,1,0,0,0,0,0,0,0,74,5376.547852,837,0,1,0.512347,0.029458,-0.324157,-3.122000,-0.398000,0.082000,1
3.608172,-3.361000,-69.862000,7.284000,135.134995,32.404999,1.906000,149.865005,-14.400000,-0.480000,17.400000,-2.880000,8.760000,1.440000,8.880000,251.000000,-1482.000000,-431.000000,-2283.000000,150.000000,-130.000000,383.000000,22.000000,22.000000,22.000000,22.000000,21.000000,22.000000,22.000000,37.000000,37.000000,37.000000,39.000000,39.000000,40.000000,43.000000,1,1,1,1,1,1,1,0,0,0,0,0,0,0,74,5376.547852,837,0,1,0.512432,0.029827,-0.324167,-3.123000,-0.398000,0.082000,1
3.618215,-3.414000,-69.866997,7.380000,135.117996,32.460999,1.913000,149.919006,-13.320000,-0.360000,14.880000,-2.760000,7.920000,1.560000,6.960000,522.000000,-1455.000000,-60.000000,-2191.000000,237.000000,-123.000000,403.000000,22.000000,22.000000,22.000000,22.000000,21.000000,22.000000,22.000000,37.000000,37.000000,37.000000,39.000000,39.000000,40.000000,43.000000,1,1,1,1,1,1,1,0,0,0,0,0,0,0,74,5376.551758,837,0,1,0.512503,0.030305,-0.324131,-3.122000,-0.398000,0.082000,1
3.628379,-3.511000,-69.871002,7.522000,135.089005,32.533001,1.928000,149.992004,-9.120000,-0.240000,11.400000,-2.160000,6.000000,1.080000,6.240000,46.000000,-1430.000000,-56.000000,-2215.000000,590.000000,-95.000000,468.000000,22.000000,22.000000,22.000000,22.000000,22.000000,22.000000,22.000000,37.000000,37.000000,37.000000,39.000000,39.000000,40.000000,43.000000,1,1,1,1,1,1,1,0,0,0,0,0,0,0,74,5376.555176,836,0,1,0.512580,0.030898,-0.324107,-3.122000,-0.398000,0.082000,1
3.638184,-3.624000,-69.874001,7.658000,135.052002,32.592999,1.937000,150.056000,-5.520000,0.000000,7.320000,-2.400000,4.080000,0.840000,4.080000,158.000000,-1397.000000,-162.000000,-1992.000000,624.000000,-37.000000,336.000000,22.000000,22.000000,22.000000,22.000000,22.000000,22.000000,22.000000,37.000000,37.000000,37.000000,39.000000,39.000000,40.000000,43.000000,1,1,1,1,1,1,1,0,0,0,0,0,0,0,74,5376.555176,837,0,1,0.512767,0.031337,-0.324065,-3.122000,-0.399000,0.082000,1
3.648186,-3.676000,-69.875000,7.726000,135.031006,32.633999,1.946000,150.104004,-3.960000,0.000000,4.080000,-1.680000,2.640000,0.600000,2.640000,288.000000,-1338.000000,-93.000000,-2058.000000,585.000000,-22.000000,284.000000,22.000000,22.000000,22.000000,22.000000,22.000000,22.000000,22.000000,37.000000,37.000000,37.000000,39.000000,39.000000,40.000000,43.000000,1,1,1,1,1,1,1,0,0,0,0,0,0,0,74,5376.553223,836,0,1,0.512856,0.031615,-0.324040,-3.122000,-0.399000,0.082000,1
3.658199,-3.707000,-69.873001,7.770000,135.013000,32.655998,1.959000,150.128006,-1.800000,0.000000,2.160000,-1.440000,1.800000,0.720000,1.320000,313.000000,-1180.000000,-181.000000,-2166.000000,548.000000,-45.000000,242.000000,22.000000,22.000000,22.000000,22.000000,22.000000,22.000000,22.000000,37.000000,37.000000,37.000000,39.000000,39.000000,40.000000,43.000000,1,1,1,1,1,1,1,0,0,0,0,0,0,0,74,5376.550781,837,0,1,0.512889,0.031826,-0.324038,-3.121000,-0.399000,0.082000,1
3.668329,-3.716000,-69.871002,7.785000,135.000000,32.672001,1.968000,150.139008,-0.360000,0.000000,0.480000,-1.080000,1.080000,0.600000,0.720000,40.000000,-1011.000000,-155.000000,-2151.000000,514.000000,-52.000000,187.000000,22.000000,22.000000,22.000000,22.000000,22.000000,22.000000,22.000000,37.000000,37.000000,37.000000,39.000000,39.000000,40.000000,43.000000,1,1,1,1,1,1,1,0,0,0,0,0,0,0,74,5376.550781,836,0,1,0.512949,0.031945,-0.324020,-3.121000,-0.399000,0.082000,1
3.678266,-3.717000,-69.873001,7.785000,134.992996,32.674000,1.970000,150.143997,0.000000,0.000000,-0.120000,-1.080000,0.600000,0.480000,0.120000,-14.000000,-933.000000,-103.000000,-2172.000000,466.000000,-32.000000,227.000000,22.000000,22.000000,22.000000,22.000000,22.000000,22.000000,22.000000,37.000000,37.000000,37.000000,39.000000,39.000000,40.000000,43.000000,1,1,1,1,1,1,1,0,0,0,0,0,0,0,74,5376.553223,833,0,1,0.513007,0.031963,-0.323996,-3.121000,-0.399000,0.081000,1
3.688544,-3.717000,-69.871002,7.761000,134.983002,32.678001,1.972000,150.145004,0.240000,0.000000,-1.080000,-0.720000,0.360000,0.240000,0.000000,175.000000,-841.000000,-183.000000,-2293.000000,474.000000,17.000000,170.000000,22.000000,22.000000,22.000000,22.000000,22.000000,22.000000,22.000000,37.000000,37.000000,37.000000,39.000000,39.000000,40.000000,43.000000,1,1,1,1,1,1,1,0,0,0,0,0,0,0,74,5376.553223,838,0,1,0.513104,0.031836,-0.323971,-3.121000,-0.399000,0.081000,1
3.698141,-3.717000,-69.873001,7.731000,134.975998,32.680000,1.976000,150.145004,0.240000,0.000000,-0.840000,-0.840000,0.000000,0.360000,0.240000,299.000000,-768.000000,-132.000000,-2335.000000,404.000000,63.000000,155.000000,22.000000,22.000000,22.000000,22.000000,22.000000,22.000000,22.000000,37.000000,37.000000,37.000000,39.000000,39.000000,40.000000,43.000000,1,1,1,1,1,1,1,0,0,0,0,0,0,0,74,5376.555176,837,0,1,0.513181,0.031664,-0.323945,-3.121000,-0.399000,0.081000,0
3.708416,-3.718000,-69.873001,7.715000,134.964996,32.681000,1.977000,150.145004,0.240000,0.000000,-0.720000,-1.080000,0.000000,0.240000,0.000000,357.000000,-717.000000,-212.000000,-2314.000000,309.000000,98.000000,182.000000,22.000000,22.000000,22.000000,22.000000,22.000000,22.000000,22.000000,37.000000,37.000000,37.000000,39.000000,39.000000,40.000000,43.000000,1,1,1,1,1,1,1,0,0,0,0,0,0,0,74,5376.555176,836,0,1,0.513294,0.031571,-0.323911,-3.121000,-0.399000,0.080000,0
3.718129,-3.713000,-69.870003,7.708000,134.953003,32.681000,1.977000,150.147003,0.240000,0.000000,-0.840000,-0.960000,0.000000,0.240000,0.120000,403.000000,-680.000000,-226.000000,-2238.000000,270.000000,122.000000,167.000000,22.000000,22.000000,22.000000,22.000000,22.000000,22.000000,22.000000,37.000000,37.000000,37.000000,39.000000,39.000000,40.000000,43.000000,1,1,1,1,1,1,1,0,0,0,0,0,0,0,74,5376.555176,838,0,1,0.513404,0.031574,-0.323881,-3.121000,-0.400000,0.080000,0
3.728157,-3.706000,-69.871002,7.704000,134.938995,32.681000,1.983000,150.145004,0.480000,0.120000,-0.600000,-0.960000,0.000000,0.360000,0.240000,382.000000,-630.000000,-282.000000,-2230.000000,230.000000,150.000000,168.000000,22.000000,22.000000,22.000000,22.000000,22.000000,22.000000,22.000000,37.000000,37.000000,37.000000,39.000000,39.000000,40.000000,43.000000,1,1,1,1,1,1,1,0,0,0,0,0,0,0,74,5376.553223,835,0,1,0.513518,0.031620,-0.323833,-3.121000,-0.400000,0.080000,0
3.738247,-3.703000,-69.866997,7.706000,134.929001,32.681999,1.989000,150.147003,0.480000,0.120000,-0.600000,-0.840000,0.000000,0.360000,0.000000,428.000000,-624.000000,-316.000000,-2207.000000,181.000000,147.000000,146.000000,22.000000,22.000000,22.000000,22.000000,22.000000,22.000000,22.000000,37.000000,37.000000,37.000000,39.000000,39.000000,40.000000,43.000000,1,1,1,1,1,1,1,0,0,0,0,0,0,0,74,5376.553223,837,0,1,0.513546,0.031686,-0.323831,-3.121000,-0.400000,0.080000,0
3.748284,-3.698000,-69.863998,7.706000,134.919998,32.680000,1.996000,150.147003,0.480000,0.360000,-0.720000,-0.840000,0.000000,0.480000,0.000000,422.000000,-598.000000,-323.000000,-2245.000000,150.000000,154.000000,155.000000,22.000000,22.000000,22.000000,22.000000,22.000000,22.000000,22.000000,37.000000,37.000000,37.000000,39.000000,39.000000,40.000000,43.000000,1,1,1,1,1,1,1,0,0,0,0,0,0,0,74,5376.555176,836,0,1,0.513583,0.031745,-0.323820,-3.121000,-0.400000,0.080000,0
3.758333,-3.692000,-69.862000,7.704000,134.912003,32.680000,2.002000,150.145004,0.360000,0.360000,-0.600000,-1.080000,0.000000,0.360000,0.000000,448.000000,-606.000000,-372.000000,-2215.000000,113.000000,148.000000,130.000000,22.000000,22.000000,22.000000,22.000000,22.000000,22.000000,22.000000,37.000000,37.000000,37.000000,39.000000,39.000000,40.000000,43.000000,1,1,1,1,1,1,1,0,0,0,0,0,0,0,74,5376.555176,836,0,1,0.513618,0.031783,-0.323811,-3.121000,-0.400000,0.080000,0
3.768170,-3.687000,-69.858002,7.695000,134.897995,32.681000,2.007000,150.145004,0.480000,0.360000,-0.720000,-0.720000,0.000000,0.360000,-0.240000,440.000000,-575.000000,-422.000000,-2220.000000,66.000000,187.000000,131.000000,22.000000,22.000000,22.000000,22.000000,22.000000,22.000000,22.000000,37.000000,37.000000,37.000000,39.000000,39.000000,40.000000,43.000000,1,1,1,1,1,1,1,0,0,0,0,0,0,0,74,5376.555176,837,0,1,0.513704,0.031794,-0.323790,-3.121000,-0.400000,0.080000,0
3.778746,-3.679000,-69.855003,7.687000,134.891006,32.681000,2.011000,150.147995,0.480000,0.360000,-0.600000,-0.840000,-0.120000,0.360000,0.000000,457.000000,-575.000000,-409.000000,-2320.000000,43.000000,205.000000,121.000000,22.000000,22.000000,22.000000,22.000000,22.000000,22.000000,22.000000,37.000000,37.000000,37.000000,39.000000,39.000000,40.000000,43.000000,1,1,1,1,1,1,1,0,0,0,0,0,0,0,74,5376.551758,836,0,1,0.513737,0.031810,-0.323782,-3.120000,-0.400000,0.080000,0
3.788203,-3.673000,-69.850998,7.675000,134.882996,32.681000,2.020000,150.147003,0.480000,0.240000,-0.600000,-0.720000,-0.360000,0.360000,0.000000,438.000000,-540.000000,-444.000000,-2250.000000,24.000000,220.000000,118.000000,22.000000,22.000000,22.000000,22.000000,22.000000,22.000000,22.000000,37.000000,37.000000,37.000000,39.000000,39.000000,40.000000,43.000000,1,1,1,1,1,1,1,0,0,0,0,0,0,0,74,5376.555176,837,0,1,0.513758,0.031793,-0.323783,-3.120000,-0.400000,0.079000,0
3.798178,-3.670000,-69.848000,7.663000,134.873001,32.678001,2.022000,150.147003,0.480000,0.240000,-0.480000,-0.720000,-0.240000,0.360000,0.000000,457.000000,-511.000000,-438.000000,-2285.000000,23.000000,238.000000,94.000000,22.000000,22.000000,22.000000,22.000000,22.000000,22.000000,22.000000,37.000000,37.000000,37.000000,39.000000,39.000000,40.000000,43.000000,1,1,1,1,1,1,1,0,0,0,0,0,0,0,74,5376.555176,836,0,1,0.513830,0.031746,-0.323766,-3.120000,-0.400000,0.079000,0
3.808151,-3.661000,-69.844002,7.657000,134.860992,32.676998,2.028000,150.147995,0.480000,0.360000,-0.720000,-0.720000,-0.360000,0.360000,0.000000,451.000000,-500.000000,-500.000000,-2259.000000,30.000000,251.000000,89.000000,22.000000,22.000000,22.000000,22.000000,22.000000,22.000000,22.000000,37.000000,37.000000,37.000000,39.000000,39.000000,40.000000,43.000000,1,1,1,1,1,1,1,0,0,0,0,0,0,0,74,5376.555176,835,0,1,0.513899,0.031795,-0.323748,-3.120000,-0.400000,0.079000,0
3.818133,-3.659000,-69.841003,7.658000,134.856995,32.678001,2.031000,150.147003,0.480000,0.240000,-0.600000,-0.720000,-0.360000,0.360000,0.000000,411.000000,-488.000000,-507.000000,-2269.000000,21.000000,254.000000,92.000000,22.000000,22.000000,22.000000,22.000000,22.000000,22.000000,22.000000,37.000000,37.000000,37.000000,39.000000,39.000000,40.000000,43.000000,1,1,1,1,1,1,1,0,0,0,0,0,0,0,74,5376.553223,837,0,1,0.513908,0.031824,-0.323751,-3.120000,-0.400000,0.079000,0
3.828227,-3.655000,-69.835999,7.654000,134.850006,32.675999,2.038000,150.145004,0.480000,0.120000,-0.480000,-0.600000,-0.360000,0.480000,0.000000,413.000000,-501.000000,-544.000000,-2256.000000,24.000000,245.000000,81.000000,22.000000,22.000000,22.000000,22.000000,22.000000,22.000000,22.000000,37.000000,37.000000,37.000000,39.000000,39.000000,40.000000,43.000000,1,1,1,1,1,1,1,0,0,0,0,0,0,0,74,5376.553223,836,0,1,0.513907,0.031843,-0.323762,-3.120000,-0.400000,0.079000,0
3.838205,-3.648000,-69.834000,7.649000,134.839996,32.674000,2.043000,150.147003,0.600000,0.120000,-0.480000,-0.720000,-0.360000,0.480000,0.000000,399.000000,-439.000000,-610.000000,-2231.000000,13.000000,246.000000,75.000000,22.000000,22.000000,22.000000,22.000000,22.000000,22.000000,22.000000,37.000000,37.000000,37.000000,39.000000,39.000000,40.000000,43.000000,1,1,1,1,1,1,1,0,0,0,0,0,0,0,74,5376.551758,837,0,1,0.513965,0.031873,-0.323742,-3.120000,-0.400000,0.079000,0
3.848225,-3.642000,-69.830002,7.642000,134.830994,32.672001,2.051000,150.147995,0.600000,0.120000,-0.600000,-0.720000,-0.360000,0.360000,0.000000,362.000000,-411.000000,-607.000000,-2173.000000,17.000000,247.000000,63.000000,22.000000,22.000000,22.000000,22.000000,22.000000,22.000000,22.000000,37.000000,37.000000,37.000000,39.000000,39.000000,40.000000,43.000000,1,1,1,1,1,1,1,0,0,0,0,0,0,0,74,5376.553223,837,0,1,0.513994,0.031901,-0.323738,-3.120000,-0.400000,0.079000,0
3.858174,-3.635000,-69.825996,7.635000,134.820999,32.669998,2.055000,150.149994,0.480000,0.120000,-0.600000,-0.600000,-0.240000,0.480000,0.000000,312.000000,-385.000000,-609.000000,-2212.000000,28.000000,247.000000,55.000000,22.000000,22.000000,22.000000,22.000000,22.000000,22.000000,22.000000,37.000000,37.000000,37.000000,39.000000,39.000000,40.000000,43.000000,1,1,1,1,1,1,1,0,0,0,0,0,0,0,74,5376.555176,838,0,1,0.514046,0.031919,-0.323728,-3.120000,-0.400000,0.079000,0
3.868211,-3.625000,-69.824997,7.625000,134.811005,32.667000,2.061000,150.149994,0.600000,0.240000,-0.480000,-0.720000,-0.360000,0.360000,-0.240000,306.000000,-354.000000,-531.000000,-2200.000000,34.000000,247.000000,42.000000,22.000000,22.000000,22.000000,22.000000,22.000000,22.000000,22.000000,37.000000,37.000000,37.000000,39.000000,39.000000,40.000000,43.000000,1,1,1,1,1,1,1,0,0,0,0,0,0,0,74,5376.553223,836,0,1,0.514108,0.031935,-0.323705,-3.119000,-0.400000,0.079000,0
3.878272,-3.620000,-69.820000,7.616000,134.802994,32.669998,2.068000,150.145004,0.480000,0.120000,-0.720000,-0.480000,-0.240000,0.360000,0.000000,255.000000,-344.000000,-467.000000,-2266.000000,35.000000,248.000000,44.000000,22.000000,22.000000,22.000000,22.000000,22.000000,22.000000,22.000000,37.000000,37.000000,37.000000,39.000000,39.000000,40.000000,43.000000,1,1,1,1,1,1,1,0,0,0,0,0,0,0,74,5376.555176,837,0,1,0.514134,0.031933,-0.323704,-3.119000,-0.400000,0.078000,0
3.888716,-3.614000,-69.818001,7.608000,134.798996,32.667000,2.073000,150.149994,0.360000,0.120000,-0.720000,-0.480000,-0.360000,0.600000,0.000000,269.000000,-340.000000,-482.000000,-2275.000000,35.000000,257.000000,35.000000,22.000000,22.000000,22.000000,22.000000,22.000000,22.000000,22.000000,37.000000,37.000000,37.000000,39.000000,39.000000,40.000000,43.000000,1,1,1,1,1,1,1,0,0,0,0,0,0,0,74,5376.555176,836,0,1,0.514132,0.031932,-0.323708,-3.119000,-0.400000,0.078000,0
3.898237,-3.609000,-69.815002,7.598000,134.792007,32.666000,2.079000,150.147003,0.360000,0.360000,-0.600000,-0.480000,-0.360000,0.480000,-0.120000,284.000000,-344.000000,-483.000000,-2326.000000,29.000000,251.000000,18.000000,22.000000,22.000000,22.000000,22.000000,22.000000,22.000000,22.000000,37.000000,37.000000,37.000000,39.000000,39.000000,40.000000,43.000000,1,1,1,1,1,1,1,0,0,0,0,0,0,0,74,5376.555176,836,0,1,0.514161,0.031920,-0.323703,-3.119000,-0.400000,0.078000,0
3.908288,-3.606000,-69.808998,7.592000,134.785004,32.667000,2.090000,150.147995,0.240000,0.240000,-0.720000,-0.480000,-0.360000,0.600000,0.000000,283.000000,-349.000000,-386.000000,-2326.000000,24.000000,225.000000,5.000000,22.000000,22.000000,22.000000,22.000000,22.000000,22.000000,22.000000,37.000000,37.000000,37.000000,39.000000,39.000000,40.000000,43.000000,1,1,1,1,1,1,1,0,0,0,0,0,0,0,74,5376.553223,836,0,1,0.514137,0.031941,-0.323721,-3.119000,-0.400000,0.078000,0
3.918198,-3.600000,-69.807999,7.583000,134.778000,32.666000,2.094000,150.147003,0.360000,0.240000,-0.720000,-0.480000,-0.360000,0.720000,0.000000,261.000000,-356.000000,-404.000000,-2307.000000,36.000000,213.000000,-2.000000,22.000000,22.000000,22.000000,22.000000,22.000000,22.000000,22.000000,37.000000,37.000000,37.000000,39.000000,39.000000,40.000000,43.000000,1,1,1,1,1,1,1,0,0,0,0,0,0,0,74,5376.551758,837,0,1,0.514180,0.031928,-0.323708,-3.119000,-0.400000,0.078000,0
3.928194,-3.596000,-69.806999,7.572000,134.772003,32.666000,2.103000,150.149994,0.360000,0.120000,-0.720000,-0.600000,-0.360000,0.360000,-0.240000,258.000000,-312.000000,-336.000000,-2291.000000,29.000000,162.000000,-4.000000,22.000000,22.000000,22.000000,22.000000,22.000000,22.000000,22.000000,37.000000,37.000000,37.000000,39.000000,39.000000,40.000000,43.000000,1,1,1,1,1,1,1,0,0,0,0,0,0,0,74,5376.555176,836,0,1,0.514191,0.031919,-0.323703,-3.119000,-0.400000,0.078000,0
3.938186,-3.589000,-69.801003,7.564000,134.764999,32.666000,2.109000,150.147995,0.240000,0.120000,-0.720000,-0.600000,-0.360000,0.360000,0.000000,232.000000,-313.000000,-266.000000,-2221.000000,25.000000,180.000000,-23.000000,22.000000,22.000000,22.000000,22.000000,22.000000,22.000000,22.000000,37.000000,37.000000,37.000000,39.000000,39.000000,40.000000,43.000000,1,1,1,1,1,1,1,0,0,0,0,0,0,0,74,5376.555176,838,0,1,0.514203,0.031926,-0.323710,-3.119000,-0.400000,0.077000,0
3.948238,-3.589000,-69.797997,7.555000,134.755005,32.665001,2.116000,150.147995,0.360000,0.120000,-0.720000,-0.600000,-0.360000,0.480000,-0.120000,215.000000,-313.000000,-252.000000,-2198.000000,11.000000,162.000000,-18.000000,22.000000,22.000000,22.000000,22.000000,22.000000,22.000000,22.000000,37.000000,37.000000,37.000000,39.000000,39.000000,40.000000,43.000000,1,1,1,1,1,1,1,0,0,0,0,0,0,0,74,5376.553223,836,0,1,0.514248,0.031903,-0.323701,-3.119000,-0.400000,0.077000,0
3.958213,-3.581000,-69.795998,7.547000,134.746994,32.662998,2.121000,150.149994,0.240000,0.120000,-0.600000,-0.480000,-0.360000,0.600000,0.000000,246.000000,-296.000000,-237.000000,-2221.000000,11.000000,164.000000,-34.000000,22.000000,22.000000,22.000000,22.000000,22.000000,22.000000,22.000000,37.000000,37.000000,37.000000,39.000000,39.000000,40.000000,43.000000,1,1,1,1,1,1,1,0,0,0,0,0,0,0,74,5376.553223,836,0,1,0.514287,0.031921,-0.323691,-3.119000,-0.400000,0.077000,0
3.968248,-3.576000,-69.795998,7.540000,134.740997,32.665001,2.127000,150.147995,0.240000,0.120000,-0.360000,-0.480000,-0.240000,0.480000,0.120000,235.000000,-298.000000,-207.000000,-2241.000000,22.000000,166.000000,-43.000000,22.000000,22.000000,22.000000,22.000000,22.000000,22.000000,22.000000,37.000000,37.000000,37.000000,39.000000,39.000000,40.000000,43.000000,1,1,1,1,1,1,1,0,0,0,0,0,0,0,74,5376.553223,837,0,1,0.514314,0.031931,-0.323677,-3.118000,-0.400000,0.077000,0
3.978248,-3.574000,-69.792000,7.536000,134.735992,32.665001,2.131000,150.147003,0.120000,0.120000,-0.360000,-0.360000,-0.360000,0.600000,0.000000,270.000000,-322.000000,-183.000000,-2235.000000,8.000000,127.000000,-41.000000,22.000000,22.000000,22.000000,22.000000,22.000000,22.000000,22.000000,37.000000,37.000000,37.000000,39.000000,39.000000,40.000000,43.000000,1,1,1,1,1,1,1,0,0,0,0,0,0,0,74,5376.553223,834,0,1,0.514324,0.031928,-0.323684,-3.118000,-0.400000,0.077000,0
