t_mono,position1,position2,position3,position4,position5,position6,position7,speed1,speed2,speed3,speed4,speed5,speed6,speed7,current1,current2,current3,current4,current5,current6,current7,voltage1,voltage2,voltage3,voltage4,voltage5,voltage6,voltage7,temperature1,temperature2,temperature3,temperature4,temperature5,temperature6,temperature7,en1,en2,en3,en4,en5,en6,en7,err1,err2,err3,err4,err5,err6,err7,lift_height,lift_pos,lift_current,lift_err,lift_en,tcp_x,tcp_y,tcp_z,tcp_rx,tcp_ry,tcp_rz,arm_status
0.150061,-2.982000,-69.833000,7.529000,134.835007,22.914000,1.933000,159.725998,0.000000,0.240000,0.000000,-0.480000,0.000000,0.120000,-0.120000,1.000000,-509.000000,-194.000000,-1920.000000,-210.000000,-231.000000,-239.000000,22.000000,22.000000,22.000000,22.000000,22.000000,22.000000,22.000000,37.000000,37.000000,37.000000,38.000000,39.000000,40.000000,43.000000,1,1,1,1,1,1,1,0,0,0,0,0,0,0,74,5376.540039,836,0,1,0.514046,0.032344,-0.323431,-3.116000,-0.400000,0.076000,0
0.160144,-2.985000,-69.827003,7.528000,134.830994,22.913000,1.936000,159.725998,0.000000,0.120000,0.000000,-0.720000,0.000000,0.120000,0.000000,10.000000,-487.000000,-195.000000,-1957.000000,-237.000000,-188.000000,-222.000000,22.000000,22.000000,22.000000,22.000000,22.000000,22.000000,22.000000,37.000000,37.000000,37.000000,38.000000,39.000000,40.000000,43.000000,1,1,1,1,1,1,1,0,0,0,0,0,0,0,74,5376.541016,836,0,1,0.514040,0.032326,-0.323450,-3.116000,-0.400000,0.076000,0
0.169976,-2.985000,-69.822998,7.528000,134.822006,22.913000,1.936000,159.723999,0.000000,0.240000,0.000000,-0.720000,0.000000,0.120000,0.000000,0.000000,-445.000000,-195.000000,-1889.000000,-273.000000,-178.000000,-222.000000,22.000000,22.000000,22.000000,22.000000,22.000000,22.000000,22.000000,37.000000,37.000000,37.000000,38.000000,39.000000,40.000000,43.000000,1,1,1,1,1,1,1,0,0,0,0,0,0,0,74,5376.541016,836,0,1,0.514097,0.032334,-0.323443,-3.116000,-0.400000,0.076000,0
0.180046,-2.986000,-69.821999,7.531000,134.813004,22.912001,1.940000,159.727005,0.000000,0.360000,0.000000,-0.720000,-0.120000,0.120000,0.000000,0.000000,-432.000000,-207.000000,-1914.000000,-280.000000,-160.000000,-203.000000,22.000000,22.000000,22.000000,22.000000,22.000000,22.000000,22.000000,37.000000,37.000000,37.000000,38.000000,39.000000,40.000000,43.000000,1,1,1,1,1,1,1,0,0,0,0,0,0,0,74,5376.540039,836,0,1,0.514155,0.032364,-0.323425,-3.116000,-0.400000,0.076000,0
0.190090,-2.989000,-69.815002,7.529000,134.804993,22.910000,1.944000,159.725998,-0.120000,0.240000,0.000000,-0.600000,0.000000,0.240000,0.000000,-27.000000,-411.000000,-210.000000,-1981.000000,-291.000000,-141.000000,-203.000000,22.000000,22.000000,22.000000,22.000000,22.000000,22.000000,22.000000,37.000000,37.000000,37.000000,38.000000,39.000000,40.000000,43.000000,1,1,1,1,1,1,1,0,0,0,0,0,0,0,74,5376.542969,835,0,1,0.514172,0.032353,-0.323439,-3.116000,-0.400000,0.076000,0
0.200087,-2.988000,-69.814003,7.529000,134.798996,22.910000,1.950000,159.723999,0.000000,0.240000,0.000000,-0.480000,-0.120000,0.360000,0.240000,-16.000000,-397.000000,-251.000000,-1988.000000,-306.000000,-120.000000,-186.000000,22.000000,22.000000,22.000000,22.000000,22.000000,22.000000,22.000000,37.000000,37.000000,37.000000,38.000000,39.000000,40.000000,43.000000,1,1,1,1,1,1,1,0,0,0,0,0,0,0,74,5376.541016,836,0,1,0.514184,0.032376,-0.323436,-3.116000,-0.400000,0.076000,0
0.210215,-2.991000,-69.807999,7.528000,134.796005,22.907000,1.951000,159.723999,0.000000,0.120000,0.000000,-0.360000,0.000000,0.240000,0.000000,-26.000000,-406.000000,-246.000000,-2036.000000,-301.000000,-104.000000,-193.000000,22.000000,22.000000,22.000000,22.000000,22.000000,22.000000,22.000000,37.000000,37.000000,37.000000,38.000000,39.000000,40.000000,43.000000,1,1,1,1,1,1,1,0,0,0,0,0,0,0,74,5376.541016,837,0,1,0.514173,0.032352,-0.323457,-3.116000,-0.400000,0.076000,0
0.220100,-2.992000,-69.804001,7.529000,134.789001,22.909000,1.954000,159.723999,0.000000,0.360000,0.000000,-0.360000,-0.240000,0.360000,0.000000,-22.000000,-396.000000,-220.000000,-2083.000000,-298.000000,-87.000000,-183.000000,22.000000,22.000000,22.000000,22.000000,22.000000,22.000000,22.000000,37.000000,37.000000,37.000000,38.000000,39.000000,40.000000,43.000000,1,1,1,1,1,1,1,0,0,0,0,0,0,0,74,5376.541016,838,0,1,0.514199,0.032368,-0.323459,-3.116000,-0.400000,0.076000,0
0.230210,-2.993000,-69.803001,7.531000,134.787003,22.909000,1.959000,159.727005,0.000000,0.120000,0.000000,-0.360000,0.000000,0.240000,0.120000,-23.000000,-389.000000,-221.000000,-2115.000000,-318.000000,-113.000000,-155.000000,22.000000,22.000000,22.000000,22.000000,22.000000,22.000000,22.000000,37.000000,37.000000,37.000000,38.000000,39.000000,40.000000,43.000000,1,1,1,1,1,1,1,0,0,0,0,0,0,0,74,5376.541016,837,0,1,0.514182,0.032384,-0.323467,-3.116000,-0.400000,0.076000,0
0.240184,-2.995000,-69.793999,7.531000,134.778000,22.909000,1.962000,159.723999,0.000000,0.240000,0.000000,-0.360000,-0.240000,0.360000,0.000000,-37.000000,-393.000000,-192.000000,-2144.000000,-350.000000,-100.000000,-147.000000,22.000000,22.000000,22.000000,22.000000,22.000000,22.000000,22.000000,37.000000,37.000000,37.000000,38.000000,39.000000,40.000000,43.000000,1,1,1,1,1,1,1,0,0,0,0,0,0,0,74,5376.542969,836,0,1,0.514199,0.032386,-0.323484,-3.116000,-0.400000,0.076000,0
0.250078,-2.997000,-69.792999,7.529000,134.768997,22.905001,1.963000,159.723999,0.000000,0.240000,0.000000,-0.720000,0.000000,0.240000,0.000000,-50.000000,-347.000000,-180.000000,-2127.000000,-344.000000,-83.000000,-139.000000,22.000000,22.000000,22.000000,22.000000,22.000000,22.000000,22.000000,37.000000,37.000000,37.000000,38.000000,39.000000,40.000000,43.000000,1,1,1,1,1,1,1,0,0,0,0,0,0,0,74,5376.542969,837,0,1,0.514279,0.032372,-0.323463,-3.116000,-0.400000,0.076000,0
0.260069,-2.997000,-69.790001,7.527000,134.763000,22.907000,1.968000,159.725998,0.000000,0.240000,0.000000,-0.600000,-0.120000,0.000000,0.360000,-60.000000,-355.000000,-181.000000,-2095.000000,-333.000000,-65.000000,-143.000000,22.000000,22.000000,22.000000,22.000000,22.000000,22.000000,22.000000,37.000000,37.000000,37.000000,38.000000,39.000000,40.000000,43.000000,1,1,1,1,1,1,1,0,0,0,0,0,0,0,74,5376.542969,836,0,1,0.514292,0.032372,-0.323465,-3.116000,-0.400000,0.076000,0
0.270083,-2.999000,-69.787003,7.527000,134.755005,22.906000,1.968000,159.723999,0.000000,0.120000,0.000000,-0.600000,-0.240000,0.240000,0.000000,-55.000000,-352.000000,-179.000000,-2041.000000,-352.000000,-53.000000,-146.000000,22.000000,22.000000,22.000000,22.000000,22.000000,22.000000,22.000000,37.000000,37.000000,37.000000,38.000000,39.000000,40.000000,43.000000,1,1,1,1,1,1,1,0,0,0,0,0,0,0,74,5376.542969,836,0,1,0.514358,0.032371,-0.323452,-3.116000,-0.400000,0.076000,0
0.280054,-3.000000,-69.786003,7.524000,134.751007,22.906000,1.970000,159.727005,0.000000,0.240000,-0.120000,-0.360000,-0.240000,0.240000,0.000000,-70.000000,-335.000000,-204.000000,-2068.000000,-349.000000,-23.000000,-128.000000,22.000000,22.000000,22.000000,22.000000,22.000000,22.000000,22.000000,37.000000,37.000000,37.000000,38.000000,39.000000,40.000000,43.000000,1,1,1,1,1,1,1,0,0,0,0,0,0,0,74,5376.542969,837,0,1,0.514374,0.032358,-0.323450,-3.116000,-0.400000,0.076000,0
0.290051,-3.002000,-69.781998,7.524000,134.744995,22.906000,1.974000,159.725998,0.000000,0.240000,-0.120000,-0.360000,0.000000,0.000000,0.000000,-59.000000,-335.000000,-169.000000,-2117.000000,-341.000000,-32.000000,-130.000000,22.000000,22.000000,22.000000,22.000000,22.000000,22.000000,22.000000,37.000000,37.000000,37.000000,38.000000,39.000000,40.000000,43.000000,1,1,1,1,1,1,1,0,0,0,0,0,0,0,74,5376.542969,836,0,1,0.514380,0.032362,-0.323459,-3.116000,-0.400000,0.076000,0
0.300013,-3.004000,-69.778000,7.525000,134.740005,22.906000,1.976000,159.723007,0.000000,0.000000,0.000000,0.000000,0.000000,0.000000,0.000000,-42.000000,-468.000000,-109.000000,-1876.000000,-319.000000,-66.000000,-140.000000,22.000000,22.000000,22.000000,22.000000,22.000000,22.000000,22.000000,37.000000,37.000000,37.000000,38.000000,39.000000,40.000000,43.000000,1,1,1,1,1,1,1,0,0,0,0,0,0,0,74,5376.542969,836,0,1,0.514401,0.032361,-0.323465,-3.116000,-0.400000,0.076000,0
0.310211,-3.003000,-69.775002,7.522000,134.738998,22.906000,1.974000,159.725998,0.000000,0.000000,0.000000,0.000000,0.000000,0.000000,0.000000,-51.000000,-407.000000,-147.000000,-1964.000000,-321.000000,-63.000000,-139.000000,22.000000,22.000000,22.000000,22.000000,22.000000,22.000000,22.000000,37.000000,37.000000,37.000000,38.000000,39.000000,40.000000,43.000000,1,1,1,1,1,1,1,0,0,0,0,0,0,0,74,5376.542969,835,0,1,0.514410,0.032352,-0.323470,-3.116000,-0.400000,0.076000,0
0.321079,-3.003000,-69.775002,7.524000,134.738998,22.903000,1.978000,159.723007,0.000000,0.000000,0.000000,0.000000,0.000000,0.000000,0.000000,-47.000000,-420.000000,-130.000000,-1993.000000,-326.000000,-55.000000,-149.000000,22.000000,22.000000,22.000000,22.000000,22.000000,22.000000,22.000000,37.000000,37.000000,37.000000,38.000000,39.000000,40.000000,43.000000,1,1,1,1,1,1,1,0,0,0,0,0,0,0,74,5376.542969,836,0,1,0.514384,0.032363,-0.323477,-3.116000,-0.400000,0.076000,0
0.330990,-3.004000,-69.775002,7.524000,134.740005,22.903000,1.978000,159.725998,0.000000,0.000000,0.000000,0.000000,0.000000,0.000000,0.000000,-36.000000,-419.000000,-117.000000,-2012.000000,-333.000000,-59.000000,-144.000000,22.000000,22.000000,22.000000,22.000000,22.000000,22.000000,22.000000,37.000000,37.000000,37.000000,38.000000,39.000000,40.000000,43.000000,1,1,1,1,1,1,1,0,0,0,0,0,0,0,74,5376.542969,837,0,1,0.514370,0.032356,-0.323482,-3.116000,-0.400000,0.076000,0
0.341007,-3.002000,-69.778000,7.524000,134.740005,22.903000,1.976000,159.727005,0.000000,0.000000,0.000000,-0.840000,1.440000,0.600000,-1.560000,-29.000000,-435.000000,-211.000000,-2221.000000,-79.000000,-116.000000,-459.000000,22.000000,22.000000,22.000000,22.000000,22.000000,22.000000,22.000000,37.000000,37.000000,37.000000,38.000000,39.000000,40.000000,43.000000,1,1,1,1,1,1,1,0,0,0,0,0,0,0,74,5376.541016,838,0,1,0.514402,0.032369,-0.323463,-3.116000,-0.400000,0.076000,1
0.351047,-3.003000,-69.776001,7.522000,134.737000,22.905001,1.976000,159.712997,0.120000,0.000000,-0.960000,0.000000,1.080000,0.000000,-2.040000,236.000000,-536.000000,-369.000000,-1786.000000,42.000000,-96.000000,-566.000000,22.000000,22.000000,22.000000,22.000000,22.000000,22.000000,22.000000,37.000000,37.000000,37.000000,38.000000,39.000000,40.000000,43.000000,1,1,1,1,1,1,1,0,0,0,0,0,0,0,74,5376.541016,836,0,1,0.514424,0.032343,-0.323462,-3.116000,-0.400000,0.076000,1
0.361037,-2.999000,-69.778000,7.514000,134.738998,22.906000,1.976000,159.684006,1.440000,0.000000,-2.640000,0.000000,0.120000,0.000000,-3.240000,693.000000,-480.000000,-496.000000,-1667.000000,68.000000,-111.000000,-571.000000,22.000000,22.000000,22.000000,22.000000,22.000000,22.000000,22.000000,37.000000,37.000000,37.000000,38.000000,39.000000,40.000000,43.000000,1,1,1,1,1,1,1,0,0,0,0,0,0,0,74,5376.542969,836,0,1,0.514431,0.032287,-0.323456,-3.116000,-0.400000,0.076000,1
0.371040,-2.977000,-69.775002,7.481000,134.738998,22.905001,1.978000,159.645996,3.360000,0.120000,-5.280000,0.000000,0.000000,0.000000,-5.030000,995.000000,-342.000000,-771.000000,-1389.000000,-20.000000,-148.000000,-634.000000,22.000000,22.000000,22.000000,22.000000,22.000000,22.000000,22.000000,37.000000,37.000000,37.000000,38.000000,39.000000,40.000000,43.000000,1,1,1,1,1,1,1,0,0,0,0,0,0,0,74,5376.541016,836,0,1,0.514433,0.032165,-0.323458,-3.116000,-0.400000,0.077000,1
0.381006,-2.952000,-69.775002,7.444000,134.737000,22.907000,1.977000,159.615997,4.670000,0.120000,-6.840000,0.000000,-0.360000,0.000000,-6.120000,1166.000000,-298.000000,-1072.000000,-1320.000000,-206.000000,-182.000000,-597.000000,22.000000,22.000000,22.000000,22.000000,22.000000,22.000000,22.000000,37.000000,37.000000,37.000000,38.000000,39.000000,40.000000,43.000000,1,1,1,1,1,1,1,0,0,0,0,0,0,0,74,5376.540039,837,0,1,0.514489,0.032039,-0.323436,-3.116000,-0.400000,0.076000,1
0.391084,-2.883000,-69.771004,7.367000,134.735992,22.905001,1.980000,159.524994,7.800000,0.480000,-10.070000,0.240000,-2.040000,0.000000,-7.800000,1250.000000,-293.000000,-1560.000000,-1076.000000,-420.000000,-268.000000,-581.000000,22.000000,22.000000,22.000000,22.000000,22.000000,22.000000,22.000000,37.000000,37.000000,37.000000,38.000000,39.000000,40.000000,43.000000,1,1,1,1,1,1,1,0,0,0,0,0,0,0,74,5376.537109,837,0,1,0.514541,0.031849,-0.323412,-3.116000,-0.401000,0.077000,1
0.401100,-2.759000,-69.763000,7.208000,134.740005,22.905001,1.981000,159.432007,10.920000,0.600000,-15.600000,0.600000,-4.320000,0.000000,-9.600000,1393.000000,-309.000000,-1567.000000,-727.000000,-513.000000,-305.000000,-679.000000,22.000000,22.000000,22.000000,22.000000,22.000000,22.000000,22.000000,37.000000,37.000000,37.000000,38.000000,39.000000,40.000000,43.000000,1,1,1,1,1,1,1,0,0,0,0,0,0,0,74,5376.538086,837,0,1,0.514589,0.031436,-0.323391,-3.115000,-0.401000,0.075000,1
0.411046,-2.579000,-69.752998,7.032000,134.744003,22.879999,1.981000,159.283005,15.600000,0.840000,-20.760000,0.840000,-7.200000,0.000000,-12.480000,1590.000000,-292.000000,-1741.000000,-576.000000,-407.000000,-387.000000,-681.000000,22.000000,22.000000,22.000000,22.000000,22.000000,22.000000,22.000000,37.000000,37.000000,37.000000,38.000000,39.000000,40.000000,43.000000,1,1,1,1,1,1,1,0,0,0,0,0,0,0,74,5376.540039,837,0,1,0.514660,0.031144,-0.323345,-3.114000,-0.401000,0.075000,1
0.421081,-2.477000,-69.745003,6.903000,134.748001,22.836000,1.980000,159.201004,17.639999,0.840000,-23.280001,1.080000,-9.720000,0.000000,-14.760000,1679.000000,-309.000000,-1598.000000,-460.000000,-479.000000,-427.000000,-857.000000,22.000000,22.000000,22.000000,22.000000,22.000000,22.000000,22.000000,37.000000,37.000000,37.000000,38.000000,39.000000,40.000000,43.000000,1,1,1,1,1,1,1,0,0,0,0,0,0,0,74,5376.538086,837,0,1,0.514700,0.030748,-0.323337,-3.114000,-0.401000,0.075000,1
0.431014,-2.285000,-69.734001,6.609000,134.761002,22.721001,1.977000,159.009003,22.200001,1.200000,-30.360001,1.800000,-11.400000,0.000000,-18.000000,1527.000000,-346.000000,-1880.000000,-350.000000,-542.000000,-501.000000,-759.000000,22.000000,22.000000,22.000000,22.000000,22.000000,22.000000,22.000000,37.000000,37.000000,37.000000,38.000000,39.000000,40.000000,43.000000,1,1,1,1,1,1,1,0,0,0,0,0,0,0,74,5376.538086,834,0,1,0.514796,0.029603,-0.323318,-3.115000,-0.401000,0.075000,1
0.441005,-1.981000,-69.712997,6.227000,134.783997,22.584999,1.977000,158.807999,26.400000,1.560000,-35.400002,2.160000,-12.960000,0.000000,-20.520000,1300.000000,-421.000000,-1876.000000,-298.000000,-912.000000,-516.000000,-826.000000,22.000000,22.000000,22.000000,22.000000,22.000000,22.000000,22.000000,37.000000,37.000000,37.000000,38.000000,39.000000,40.000000,43.000000,1,1,1,1,1,1,1,0,0,0,0,0,0,0,74,5376.537109,837,0,1,0.514765,0.028479,-0.323337,-3.114000,-0.401000,0.074000,1
0.451021,-1.623000,-69.696999,5.781000,134.813995,22.448999,1.978000,158.539001,32.040001,1.200000,-40.080002,2.400000,-16.440001,0.000000,-22.440001,1267.000000,-503.000000,-2003.000000,-157.000000,-979.000000,-577.000000,-890.000000,22.000000,22.000000,22.000000,22.000000,22.000000,22.000000,22.000000,37.000000,37.000000,37.000000,38.000000,39.000000,40.000000,43.000000,1,1,1,1,1,1,1,0,0,0,0,0,0,0,74,5376.538086,837,0,1,0.514715,0.027183,-0.323348,-3.113000,-0.400000,0.073000,1
0.460987,-1.442000,-69.690002,5.520000,134.826004,22.332001,1.978000,158.403000,33.720001,1.200000,-42.119999,2.280000,-18.709999,0.000000,-25.200001,1382.000000,-491.000000,-2049.000000,-138.000000,-711.000000,-596.000000,-802.000000,22.000000,22.000000,22.000000,22.000000,22.000000,22.000000,22.000000,37.000000,37.000000,37.000000,38.000000,39.000000,40.000000,43.000000,1,1,1,1,1,1,1,0,0,0,0,0,0,0,74,5376.537109,836,0,1,0.514748,0.026247,-0.323345,-3.114000,-0.400000,0.073000,1
0.470958,-1.014000,-69.676003,4.942000,134.856995,22.056999,1.977000,158.039001,36.119999,1.080000,-50.040001,2.160000,-20.760000,0.000000,-29.280001,1321.000000,-505.000000,-2100.000000,-99.000000,-1105.000000,-604.000000,-837.000000,21.000000,22.000000,22.000000,22.000000,22.000000,22.000000,21.000000,37.000000,37.000000,37.000000,38.000000,39.000000,40.000000,43.000000,1,1,1,1,1,1,1,0,0,0,0,0,0,0,74,5376.537109,837,0,1,0.514792,0.024236,-0.323343,-3.114000,-0.400000,0.074000,1
0.480948,-0.936000,-69.675003,4.840000,134.856995,22.056999,1.977000,158.039001,37.919998,0.840000,-49.680000,2.160000,-20.760000,0.000000,-29.280001,1383.000000,-526.000000,-1863.000000,-99.000000,-1105.000000,-604.000000,-837.000000,21.000000,22.000000,22.000000,22.000000,22.000000,22.000000,21.000000,37.000000,37.000000,37.000000,38.000000,39.000000,40.000000,43.000000,1,1,1,1,1,1,1,0,0,0,0,0,0,0,74,5376.537109,835,0,1,0.514834,0.024023,-0.323323,-3.113000,-0.400000,0.072000,1
0.491112,-0.225000,-69.657997,3.922000,134.903000,21.639999,1.976000,157.507996,42.480000,0.480000,-55.680000,2.160000,-23.879999,0.000000,-31.680000,1283.000000,-499.000000,-1301.000000,-55.000000,-1159.000000,-450.000000,-739.000000,21.000000,22.000000,22.000000,22.000000,22.000000,22.000000,21.000000,37.000000,37.000000,37.000000,38.000000,39.000000,40.000000,43.000000,1,1,1,1,1,1,1,0,0,0,0,0,0,0,74,5376.541016,836,0,1,0.514833,0.021085,-0.323344,-3.113000,-0.400000,0.072000,1
0.501034,0.182000,-69.657997,3.356000,134.917999,21.302000,1.977000,157.082001,44.160000,0.000000,-57.959999,1.800000,-24.719999,0.000000,-32.759998,1193.000000,-489.000000,-1430.000000,-66.000000,-660.000000,-225.000000,-676.000000,21.000000,22.000000,22.000000,22.000000,21.000000,22.000000,21.000000,37.000000,37.000000,37.000000,38.000000,39.000000,40.000000,43.000000,1,1,1,1,1,1,1,0,0,0,0,0,0,0,74,5376.541016,837,0,1,0.514986,0.018934,-0.323311,-3.115000,-0.401000,0.075000,1
0.511038,0.823000,-69.653999,2.470000,134.938004,21.030001,1.976000,156.744995,44.759998,0.000000,-60.840000,1.080000,-26.760000,0.480000,-33.480000,915.000000,-598.000000,-1309.000000,-86.000000,-1041.000000,-22.000000,-725.000000,21.000000,22.000000,22.000000,22.000000,21.000000,22.000000,21.000000,37.000000,37.000000,37.000000,38.000000,39.000000,40.000000,43.000000,1,1,1,1,1,1,1,0,0,0,0,0,0,0,74,5376.536133,837,0,1,0.515093,0.016190,-0.323316,-3.113000,-0.401000,0.070000,1
0.521073,0.961000,-69.655998,2.282000,134.945999,20.841000,1.977000,156.522995,43.439999,0.000000,-60.959999,1.320000,-26.639999,0.600000,-31.559999,949.000000,-670.000000,-401.000000,-42.000000,-390.000000,26.000000,-536.000000,21.000000,21.000000,22.000000,22.000000,21.000000,22.000000,21.000000,37.000000,37.000000,37.000000,38.000000,39.000000,40.000000,43.000000,1,1,1,1,1,1,1,0,0,0,0,0,0,0,74,5376.541016,837,0,1,0.515110,0.015320,-0.323326,-3.115000,-0.401000,0.074000,1
0.531145,1.407000,-69.656998,1.656000,134.955994,20.577999,1.985000,156.169006,44.160000,0.000000,-60.480000,0.720000,-28.430000,1.320000,-34.680000,887.000000,-840.000000,-508.000000,-110.000000,-777.000000,121.000000,-695.000000,21.000000,21.000000,22.000000,22.000000,21.000000,22.000000,21.000000,37.000000,37.000000,37.000000,38.000000,39.000000,40.000000,43.000000,1,1,1,1,1,1,1,0,0,0,0,0,0,0,74,5376.544922,836,0,1,0.515150,0.013171,-0.323356,-3.115000,-0.401000,0.074000,1
0.541002,1.899000,-69.661003,0.949000,134.962006,20.295000,2.005000,155.798996,44.639999,-0.120000,-58.680000,0.360000,-26.040001,1.920000,-34.430000,505.000000,-1063.000000,-557.000000,-158.000000,-660.000000,217.000000,-671.000000,21.000000,21.000000,22.000000,22.000000,21.000000,22.000000,21.000000,37.000000,37.000000,37.000000,38.000000,39.000000,40.000000,43.000000,1,1,1,1,1,1,1,0,0,0,0,0,0,0,74,5376.543945,837,0,1,0.515122,0.010743,-0.323420,-3.116000,-0.401000,0.073000,1
0.550992,2.495000,-69.663002,0.100000,134.966995,19.926001,2.029000,155.427002,42.240002,-0.600000,-60.119999,0.000000,-26.760000,2.510000,-32.759998,717.000000,-1307.000000,-800.000000,-294.000000,-481.000000,362.000000,-497.000000,21.000000,21.000000,22.000000,22.000000,21.000000,22.000000,21.000000,37.000000,37.000000,37.000000,38.000000,39.000000,40.000000,43.000000,1,1,1,1,1,1,1,0,0,0,0,0,0,0,74,5376.543945,836,0,1,0.515008,0.007904,-0.323553,-3.115000,-0.400000,0.071000,1
0.561076,2.960000,-69.670998,-0.498000,134.964996,19.716999,2.054000,155.065002,43.080002,-0.960000,-60.360001,0.000000,-27.480000,3.240000,-33.720001,1314.000000,-1484.000000,-734.000000,-727.000000,-705.000000,404.000000,-817.000000,21.000000,21.000000,22.000000,22.000000,21.000000,22.000000,21.000000,37.000000,37.000000,37.000000,38.000000,39.000000,40.000000,43.000000,1,1,1,1,1,1,1,0,0,0,0,0,0,0,74,5376.538086,837,0,1,0.514927,0.006139,-0.323635,-3.115000,-0.400000,0.070000,1
0.571051,3.205000,-69.676003,-0.845000,134.964996,19.561001,2.083000,154.875000,44.040001,-1.440000,-58.680000,-0.360000,-27.240000,3.960000,-33.240002,840.000000,-1537.000000,-973.000000,-1097.000000,-493.000000,400.000000,-772.000000,22.000000,21.000000,22.000000,22.000000,21.000000,22.000000,21.000000,37.000000,37.000000,37.000000,38.000000,39.000000,40.000000,43.000000,1,1,1,1,1,1,1,0,0,0,0,0,0,0,74,5376.538086,836,0,1,0.514768,0.004984,-0.323721,-3.115000,-0.400000,0.070000,1
0.581081,3.772000,-69.696999,-1.432000,134.960999,19.222000,2.138000,154.436996,43.919998,-1.920000,-58.200001,-1.080000,-27.120001,4.920000,-35.160000,738.000000,-1544.000000,-667.000000,-1381.000000,-671.000000,283.000000,-792.000000,22.000000,21.000000,22.000000,22.000000,21.000000,22.000000,22.000000,37.000000,37.000000,37.000000,38.000000,39.000000,40.000000,43.000000,1,1,1,1,1,1,1,0,0,0,0,0,0,0,74,5376.542969,836,0,1,0.514562,0.003722,-0.323817,-3.113000,-0.400000,0.072000,1
0.591095,4.214000,-69.723000,-2.149000,134.949005,18.892000,2.209000,154.018005,42.000000,-2.510000,-59.759998,-2.040000,-25.559999,5.760000,-33.360001,713.000000,-1675.000000,-922.000000,-1646.000000,-938.000000,112.000000,-880.000000,22.000000,21.000000,22.000000,22.000000,21.000000,22.000000,22.000000,37.000000,37.000000,37.000000,38.000000,39.000000,40.000000,43.000000,1,1,1,1,1,1,1,0,0,0,0,0,0,0,74,5376.542969,838,0,1,0.514275,0.000982,-0.323969,-3.115000,-0.399000,0.073000,1
0.601063,4.711000,-69.761002,-2.893000,134.923996,18.573000,2.279000,153.625000,41.520000,-3.120000,-58.560001,-2.760000,-25.559999,6.240000,-34.310001,877.000000,-1578.000000,-355.000000,-1953.000000,-576.000000,127.000000,-822.000000,22.000000,21.000000,22.000000,22.000000,21.000000,22.000000,22.000000,37.000000,37.000000,37.000000,38.000000,39.000000,40.000000,43.000000,1,1,1,1,1,1,1,0,0,0,0,0,0,0,74,5376.541016,836,0,1,0.514107,-0.001596,-0.324065,-3.115000,-0.398000,0.073000,1
0.611093,5.019000,-69.782997,-3.301000,134.904999,18.399000,2.325000,153.483994,41.160000,-3.600000,-58.200001,-3.120000,-25.920000,5.880000,-32.639999,661.000000,-1612.000000,-819.000000,-1950.000000,-752.000000,14.000000,-844.000000,22.000000,21.000000,22.000000,22.000000,21.000000,22.000000,22.000000,37.000000,37.000000,37.000000,38.000000,39.000000,40.000000,43.000000,1,1,1,1,1,1,1,0,0,0,0,0,0,0,74,5376.541016,837,0,1,0.513992,-0.002726,-0.324127,-3.114000,-0.398000,0.071000,1
0.621021,5.524000,-69.830002,-4.027000,134.865997,18.138000,2.388000,153.054001,41.520000,-3.720000,-56.160000,-3.480000,-25.309999,6.240000,-33.840000,539.000000,-1678.000000,-287.000000,-2275.000000,-557.000000,120.000000,-666.000000,22.000000,22.000000,22.000000,22.000000,21.000000,22.000000,22.000000,37.000000,37.000000,37.000000,38.000000,39.000000,40.000000,43.000000,1,1,1,1,1,1,1,0,0,0,0,0,0,0,74,5376.541016,837,0,1,0.513956,-0.005137,-0.324185,-3.114000,-0.398000,0.070000,1
0.631097,5.738000,-69.851997,-4.319000,134.847000,17.943001,2.441000,152.798996,41.400002,-3.720000,-58.439999,-3.960000,-25.920000,6.840000,-34.200001,550.000000,-1673.000000,-843.000000,-2302.000000,-831.000000,245.000000,-790.000000,22.000000,22.000000,22.000000,22.000000,21.000000,22.000000,22.000000,37.000000,37.000000,37.000000,38.000000,39.000000,40.000000,43.000000,1,1,1,1,1,1,1,0,0,0,0,0,0,0,74,5376.541016,836,0,1,0.513833,-0.006158,-0.324234,-3.115000,-0.398000,0.073000,1
0.641157,6.229000,-69.899002,-5.038000,134.791000,17.634001,2.525000,152.373993,40.799999,-4.080000,-58.799999,-4.320000,-24.719999,7.320000,-33.119999,562.000000,-1820.000000,-611.000000,-2367.000000,-805.000000,320.000000,-581.000000,22.000000,22.000000,22.000000,22.000000,21.000000,22.000000,22.000000,37.000000,37.000000,37.000000,38.000000,39.000000,40.000000,43.000000,1,1,1,1,1,1,1,0,0,0,0,0,0,0,74,5376.541016,837,0,1,0.513767,-0.008627,-0.324317,-3.116000,-0.398000,0.073000,1
0.651136,6.709000,-69.952003,-5.704000,134.725006,17.368000,2.603000,152.035995,40.430000,-4.920000,-56.759998,-5.030000,-26.040001,8.160000,-30.240000,950.000000,-1855.000000,-459.000000,-2336.000000,-660.000000,107.000000,-590.000000,22.000000,22.000000,22.000000,22.000000,21.000000,22.000000,22.000000,37.000000,37.000000,37.000000,38.000000,39.000000,40.000000,43.000000,1,1,1,1,1,1,1,0,0,0,0,0,0,0,74,5376.538086,838,0,1,0.513825,-0.010705,-0.324343,-3.115000,-0.398000,0.072000,1
0.661046,7.205000,-70.021004,-6.277000,134.669998,17.039000,2.710000,151.619003,39.840000,-5.280000,-56.520000,-5.640000,-24.120001,9.350000,-31.309999,576.000000,-1782.000000,-334.000000,-2220.000000,-882.000000,185.000000,-586.000000,22.000000,22.000000,22.000000,22.000000,21.000000,22.000000,22.000000,37.000000,37.000000,37.000000,38.000000,39.000000,40.000000,43.000000,1,1,1,1,1,1,1,0,0,0,0,0,0,0,74,5376.538086,837,0,1,0.513735,-0.012176,-0.324367,-3.114000,-0.398000,0.075000,1
0.671032,7.407000,-70.043999,-6.690000,134.626999,16.900999,2.757000,151.453995,41.400002,-5.030000,-57.599998,-6.480000,-26.040001,8.160000,-30.840000,600.000000,-1824.000000,-611.000000,-2384.000000,-639.000000,99.000000,-675.000000,21.000000,22.000000,22.000000,22.000000,21.000000,22.000000,22.000000,37.000000,37.000000,37.000000,38.000000,39.000000,40.000000,43.000000,1,1,1,1,1,1,1,0,0,0,0,0,0,0,74,5376.538086,837,0,1,0.513677,-0.013941,-0.324437,-3.115000,-0.397000,0.073000,1
0.680992,7.807000,-70.098000,-7.253000,134.557007,16.652000,2.845000,151.141998,39.360001,-5.160000,-56.520000,-6.480000,-23.400000,9.960000,-32.040001,515.000000,-1907.000000,-396.000000,-2393.000000,-775.000000,461.000000,-602.000000,21.000000,22.000000,22.000000,22.000000,21.000000,22.000000,21.000000,37.000000,37.000000,37.000000,38.000000,39.000000,40.000000,43.000000,1,1,1,1,1,1,1,0,0,0,0,0,0,0,74,5376.541016,837,0,1,0.513679,-0.015762,-0.324475,-3.115000,-0.397000,0.073000,1
0.691056,8.308000,-70.175003,-7.988000,134.466995,16.344000,2.956000,150.757004,38.639999,-5.880000,-57.240002,-7.070000,-24.120001,7.680000,-31.309999,949.000000,-1902.000000,-638.000000,-2376.000000,-432.000000,344.000000,-562.000000,21.000000,22.000000,22.000000,22.000000,21.000000,22.000000,21.000000,37.000000,37.000000,37.000000,38.000000,39.000000,40.000000,43.000000,1,1,1,1,1,1,1,0,0,0,0,0,0,0,74,5376.538086,836,0,1,0.513670,-0.018231,-0.324519,-3.115000,-0.397000,0.072000,1
0.701034,8.699000,-70.237000,-8.550000,134.393005,16.114000,3.055000,150.434998,39.360001,-6.240000,-54.360001,-7.560000,-25.200001,11.160000,-31.200001,556.000000,-1941.000000,-588.000000,-2063.000000,-877.000000,538.000000,-643.000000,21.000000,22.000000,22.000000,22.000000,21.000000,22.000000,21.000000,37.000000,37.000000,37.000000,38.000000,39.000000,40.000000,43.000000,1,1,1,1,1,1,1,0,0,0,0,0,0,0,74,5376.538086,836,0,1,0.513604,-0.020065,-0.324574,-3.115000,-0.397000,0.072000,1
0.711040,9.078000,-70.297997,-9.124000,134.313995,15.845000,3.184000,150.039993,38.279999,-6.960000,-54.119999,-7.800000,-22.559999,9.720000,-31.200001,335.000000,-2020.000000,-152.000000,-2035.000000,-518.000000,112.000000,-693.000000,21.000000,22.000000,22.000000,22.000000,21.000000,22.000000,21.000000,37.000000,37.000000,37.000000,38.000000,39.000000,40.000000,43.000000,1,1,1,1,1,1,1,0,0,0,0,0,0,0,74,5376.537109,836,0,1,0.513363,-0.022090,-0.324684,-3.116000,-0.396000,0.074000,1
0.720975,9.376000,-70.352997,-9.551000,134.251007,15.720000,3.241000,149.865005,37.680000,-7.200000,-54.720001,-8.400000,-24.240000,10.070000,-30.240000,390.000000,-1952.000000,-159.000000,-2475.000000,-923.000000,114.000000,-534.000000,21.000000,22.000000,22.000000,22.000000,21.000000,22.000000,21.000000,37.000000,37.000000,37.000000,38.000000,39.000000,40.000000,43.000000,1,1,1,1,1,1,1,0,0,0,0,0,0,0,74,5376.541016,834,0,1,0.513463,-0.023428,-0.324675,-3.115000,-0.397000,0.071000,1
0.731037,9.830000,-70.438004,-10.206000,134.169006,15.446000,3.367000,149.483994,35.639999,-6.120000,-51.959999,-8.520000,-21.600000,9.720000,-32.279999,394.000000,-1780.000000,-157.000000,-2225.000000,-552.000000,404.000000,-807.000000,21.000000,22.000000,22.000000,22.000000,21.000000,22.000000,21.000000,37.000000,37.000000,37.000000,38.000000,39.000000,40.000000,43.000000,1,1,1,1,1,1,1,0,0,0,0,0,0,0,74,5376.542969,837,0,1,0.513225,-0.025575,-0.324784,-3.115000,-0.396000,0.071000,1
0.741048,10.176000,-70.497002,-10.706000,134.052994,15.229000,3.471000,149.190994,34.560001,-6.000000,-49.919998,-8.640000,-21.959999,11.400000,-30.600000,545.000000,-1834.000000,-204.000000,-2451.000000,-502.000000,500.000000,-773.000000,21.000000,22.000000,22.000000,22.000000,21.000000,22.000000,21.000000,37.000000,37.000000,37.000000,38.000000,39.000000,40.000000,43.000000,1,1,1,1,1,1,1,0,0,0,0,0,0,0,74,5376.541016,837,0,1,0.513434,-0.027304,-0.324765,-3.115000,-0.397000,0.071000,1
0.751074,10.533000,-70.569000,-11.201000,133.964005,15.012000,3.584000,148.904007,32.520000,-6.350000,-47.520000,-9.240000,-19.680000,10.320000,-28.559999,13.000000,-1724.000000,-10.000000,-2090.000000,-480.000000,173.000000,-782.000000,21.000000,22.000000,22.000000,22.000000,21.000000,22.000000,21.000000,37.000000,37.000000,37.000000,38.000000,39.000000,40.000000,43.000000,1,1,1,1,1,1,1,0,0,0,0,0,0,0,74,5376.541016,837,0,1,0.513384,-0.028878,-0.324804,-3.115000,-0.397000,0.071000,1
0.761102,10.836000,-70.635002,-11.674000,133.878998,14.751000,3.728000,148.544006,30.120001,-6.480000,-44.880001,-8.280000,-19.559999,10.320000,-26.160000,79.000000,-1899.000000,-24.000000,-1809.000000,-622.000000,93.000000,-502.000000,21.000000,22.000000,22.000000,22.000000,21.000000,22.000000,21.000000,37.000000,37.000000,37.000000,38.000000,39.000000,40.000000,43.000000,1,1,1,1,1,1,1,0,0,0,0,0,0,0,74,5376.540039,836,0,1,0.513098,-0.030629,-0.324902,-3.116000,-0.396000,0.074000,1
0.771073,11.059000,-70.676003,-12.003000,133.820007,14.659000,3.775000,148.416000,29.160000,-5.760000,-41.400002,-8.280000,-16.799999,10.070000,-25.080000,-83.000000,-1873.000000,319.000000,-2299.000000,-283.000000,340.000000,-577.000000,21.000000,22.000000,22.000000,22.000000,21.000000,22.000000,21.000000,37.000000,37.000000,37.000000,38.000000,39.000000,40.000000,43.000000,1,1,1,1,1,1,1,0,0,0,0,0,0,0,74,5376.543945,837,0,1,0.513142,-0.031714,-0.324933,-3.115000,-0.396000,0.072000,1
0.780979,11.396000,-70.751999,-12.404000,133.744003,14.456000,3.885000,148.113998,25.080000,-5.760000,-39.240002,-7.440000,-15.000000,9.350000,-23.520000,-26.000000,-1763.000000,226.000000,-2223.000000,-533.000000,472.000000,-493.000000,22.000000,22.000000,22.000000,22.000000,21.000000,22.000000,22.000000,37.000000,37.000000,37.000000,38.000000,39.000000,40.000000,43.000000,1,1,1,1,1,1,1,0,0,0,0,0,0,0,74,5376.542969,837,0,1,0.513070,-0.032785,-0.324964,-3.115000,-0.396000,0.073000,1
0.791102,11.633000,-70.805000,-12.810000,133.649994,14.313000,3.966000,147.876999,23.520000,-4.920000,-34.560001,-6.600000,-14.280000,10.440000,-22.680000,110.000000,-1870.000000,575.000000,-2121.000000,-277.000000,293.000000,-564.000000,22.000000,22.000000,22.000000,22.000000,21.000000,22.000000,22.000000,37.000000,37.000000,37.000000,38.000000,39.000000,40.000000,43.000000,1,1,1,1,1,1,1,0,0,0,0,0,0,0,74,5376.540039,836,0,1,0.513189,-0.034434,-0.324955,-3.115000,-0.396000,0.073000,1
0.801068,11.903000,-70.856003,-13.123000,133.574005,14.160000,4.087000,147.608994,19.799999,-5.030000,-31.080000,-6.120000,-10.560000,7.680000,-18.000000,21.000000,-1896.000000,42.000000,-2123.000000,-312.000000,122.000000,-390.000000,22.000000,22.000000,22.000000,22.000000,22.000000,22.000000,22.000000,37.000000,37.000000,37.000000,38.000000,39.000000,40.000000,43.000000,1,1,1,1,1,1,1,0,0,0,0,0,0,0,74,5376.538086,837,0,1,0.513018,-0.035184,-0.325040,-3.115000,-0.396000,0.074000,1
0.810986,11.999000,-70.891998,-13.325000,133.529007,14.110000,4.132000,147.524994,18.840000,-4.440000,-28.680000,-6.120000,-9.840000,7.560000,-18.480000,28.000000,-1575.000000,-30.000000,-2053.000000,-448.000000,-18.000000,-642.000000,22.000000,22.000000,22.000000,22.000000,22.000000,22.000000,22.000000,37.000000,37.000000,37.000000,38.000000,39.000000,40.000000,43.000000,1,1,1,1,1,1,1,0,0,0,0,0,0,0,74,5376.540039,837,0,1,0.513057,-0.036057,-0.325002,-3.115000,-0.396000,0.073000,1
0.821077,12.190000,-70.948997,-13.646000,133.459000,14.009000,4.227000,147.302994,15.000000,-3.240000,-23.400000,-5.030000,-7.680000,5.640000,-17.639999,-61.000000,-1489.000000,119.000000,-1997.000000,-642.000000,95.000000,-591.000000,22.000000,22.000000,22.000000,22.000000,22.000000,22.000000,22.000000,37.000000,37.000000,37.000000,38.000000,39.000000,40.000000,43.000000,1,1,1,1,1,1,1,0,0,0,0,0,0,0,74,5376.540039,836,0,1,0.512980,-0.037273,-0.325003,-3.115000,-0.396000,0.073000,1
0.831056,12.301000,-70.973000,-13.809000,133.417007,13.934000,4.286000,147.147995,14.150000,-3.360000,-18.959999,-5.030000,-6.480000,4.440000,-14.040000,-90.000000,-1698.000000,604.000000,-2153.000000,-573.000000,218.000000,-452.000000,22.000000,22.000000,22.000000,22.000000,22.000000,22.000000,22.000000,37.000000,37.000000,37.000000,38.000000,39.000000,40.000000,43.000000,1,1,1,1,1,1,1,0,0,0,0,0,0,0,74,5376.542969,837,0,1,0.512902,-0.037857,-0.325041,-3.116000,-0.396000,0.074000,1
0.841000,12.454000,-71.014999,-14.035000,133.363007,13.882000,4.328000,147.016006,10.070000,-2.640000,-14.880000,-3.600000,-4.670000,4.670000,-10.560000,-155.000000,-1623.000000,466.000000,-2187.000000,-393.000000,342.000000,-390.000000,22.000000,22.000000,22.000000,22.000000,22.000000,22.000000,22.000000,37.000000,37.000000,37.000000,38.000000,39.000000,40.000000,43.000000,1,1,1,1,1,1,1,0,0,0,0,0,0,0,74,5376.541016,835,0,1,0.513033,-0.038649,-0.325000,-3.115000,-0.396000,0.074000,1
0.851026,12.547000,-71.039001,-14.179000,133.320999,13.833000,4.372000,146.897995,7.440000,-2.280000,-11.520000,-3.240000,-2.400000,3.600000,-13.440000,-203.000000,-1406.000000,507.000000,-2033.000000,-131.000000,223.000000,-577.000000,22.000000,22.000000,22.000000,22.000000,22.000000,22.000000,22.000000,37.000000,37.000000,37.000000,38.000000,39.000000,40.000000,43.000000,1,1,1,1,1,1,1,0,0,0,0,0,0,0,74,5376.540039,836,0,1,0.513061,-0.039193,-0.324994,-3.116000,-0.396000,0.074000,1
0.861022,12.608000,-71.058998,-14.279000,133.291000,13.815000,4.405000,146.779007,5.400000,-1.680000,-9.350000,-2.640000,-0.720000,3.000000,-8.640000,-299.000000,-1379.000000,133.000000,-1860.000000,-148.000000,101.000000,-495.000000,22.000000,22.000000,22.000000,22.000000,22.000000,22.000000,22.000000,37.000000,37.000000,37.000000,38.000000,39.000000,40.000000,43.000000,1,1,1,1,1,1,1,0,0,0,0,0,0,0,74,5376.538086,836,0,1,0.513111,-0.039610,-0.324965,-3.116000,-0.396000,0.075000,1
0.871064,12.646000,-71.069000,-14.334000,133.270996,13.811000,4.427000,146.740997,4.320000,-1.320000,-6.480000,-2.040000,0.000000,2.510000,-6.840000,-376.000000,-1415.000000,303.000000,-1945.000000,-104.000000,87.000000,-398.000000,22.000000,22.000000,22.000000,22.000000,22.000000,22.000000,22.000000,37.000000,37.000000,37.000000,38.000000,39.000000,40.000000,43.000000,1,1,1,1,1,1,1,0,0,0,0,0,0,0,74,5376.538086,838,0,1,0.513140,-0.039773,-0.324954,-3.116000,-0.396000,0.074000,1
0.881188,12.676000,-71.081001,-14.381000,133.255005,13.811000,4.456000,146.660004,1.920000,-0.840000,-3.240000,-1.080000,0.600000,1.920000,-4.560000,-171.000000,-1304.000000,276.000000,-1957.000000,102.000000,-3.000000,-559.000000,22.000000,22.000000,22.000000,22.000000,22.000000,22.000000,22.000000,37.000000,37.000000,37.000000,38.000000,39.000000,40.000000,43.000000,1,1,1,1,1,1,1,0,0,0,0,0,0,0,74,5376.538086,838,0,1,0.513115,-0.039930,-0.324944,-3.116000,-0.396000,0.075000,1
0.891095,12.693000,-71.088997,-14.408000,133.242996,13.815000,4.478000,146.604996,-0.240000,-0.360000,-0.600000,-0.480000,1.560000,1.080000,-4.200000,-258.000000,-1287.000000,254.000000,-1944.000000,281.000000,-38.000000,-465.000000,22.000000,22.000000,22.000000,22.000000,22.000000,22.000000,22.000000,37.000000,37.000000,37.000000,38.000000,39.000000,40.000000,43.000000,1,1,1,1,1,1,1,0,0,0,0,0,0,0,74,5376.540039,838,0,1,0.513113,-0.040027,-0.324928,-3.116000,-0.396000,0.075000,1
0.901067,12.690000,-71.093002,-14.411000,133.242004,13.818000,4.485000,146.563995,-0.840000,0.000000,0.720000,0.000000,2.880000,0.120000,-3.360000,-519.000000,-1270.000000,642.000000,-1943.000000,354.000000,-45.000000,-396.000000,22.000000,22.000000,22.000000,22.000000,22.000000,22.000000,22.000000,37.000000,37.000000,37.000000,38.000000,39.000000,40.000000,43.000000,1,1,1,1,1,1,1,0,0,0,0,0,0,0,74,5376.541016,836,0,1,0.513112,-0.040080,-0.324913,-3.116000,-0.396000,0.076000,1
0.911120,12.678000,-71.092003,-14.401000,133.238998,13.822000,4.489000,146.535004,-1.680000,0.000000,1.800000,0.000000,4.560000,0.000000,-2.400000,-647.000000,-1249.000000,983.000000,-1885.000000,329.000000,-36.000000,-371.000000,22.000000,22.000000,22.000000,22.000000,22.000000,22.000000,22.000000,37.000000,37.000000,37.000000,38.000000,39.000000,40.000000,43.000000,1,1,1,1,1,1,1,0,0,0,0,0,0,0,74,5376.537109,834,0,1,0.513130,-0.040105,-0.324900,-3.117000,-0.396000,0.077000,1
0.921049,12.652000,-71.093002,-14.359000,133.238998,13.837000,4.492000,146.514008,-2.400000,0.000000,3.840000,0.000000,5.280000,0.000000,-1.800000,-722.000000,-1040.000000,924.000000,-1531.000000,279.000000,-135.000000,-430.000000,22.000000,22.000000,22.000000,22.000000,22.000000,22.000000,22.000000,37.000000,37.000000,37.000000,38.000000,39.000000,40.000000,43.000000,1,1,1,1,1,1,1,0,0,0,0,0,0,0,74,5376.538086,837,0,1,0.513204,-0.039978,-0.324846,-3.117000,-0.396000,0.078000,1
0.931141,12.642000,-71.092003,-14.337000,133.238998,13.867000,4.490000,146.505997,-2.760000,0.000000,4.200000,0.000000,6.120000,0.000000,-1.800000,-809.000000,-943.000000,841.000000,-1474.000000,242.000000,-146.000000,-399.000000,22.000000,22.000000,22.000000,22.000000,22.000000,22.000000,22.000000,37.000000,37.000000,37.000000,38.000000,39.000000,40.000000,43.000000,1,1,1,1,1,1,1,0,0,0,0,0,0,0,74,5376.536133,835,0,1,0.513247,-0.039864,-0.324825,-3.117000,-0.396000,0.078000,1
0.941262,12.597000,-71.095001,-14.257000,133.238007,13.954000,4.492000,146.485992,-3.360000,0.120000,4.800000,0.000000,5.760000,0.000000,-1.080000,-764.000000,-709.000000,565.000000,-1275.000000,184.000000,-235.000000,-410.000000,22.000000,22.000000,22.000000,22.000000,22.000000,22.000000,22.000000,37.000000,37.000000,37.000000,38.000000,39.000000,40.000000,43.000000,1,1,1,1,1,1,1,0,0,0,0,0,0,0,74,5376.534180,835,0,1,0.513420,-0.039525,-0.324713,-3.117000,-0.396000,0.078000,1
0.951131,12.571000,-71.093002,-14.217000,133.238998,13.995000,4.490000,146.475006,-3.360000,0.000000,4.920000,0.000000,5.760000,0.000000,-1.440000,-677.000000,-615.000000,680.000000,-1214.000000,335.000000,-255.000000,-428.000000,22.000000,22.000000,22.000000,22.000000,22.000000,22.000000,22.000000,37.000000,37.000000,37.000000,38.000000,39.000000,40.000000,43.000000,1,1,1,1,1,1,1,0,0,0,0,0,0,0,74,5376.537109,837,0,1,0.513483,-0.039377,-0.324671,-3.117000,-0.397000,0.078000,1
0.961188,12.540000,-71.092003,-14.173000,133.238998,14.048000,4.492000,146.462006,-3.720000,0.240000,4.440000,0.000000,4.920000,0.000000,-1.560000,-505.000000,-475.000000,472.000000,-1215.000000,461.000000,-271.000000,-432.000000,22.000000,22.000000,22.000000,22.000000,22.000000,22.000000,22.000000,37.000000,37.000000,37.000000,38.000000,39.000000,40.000000,43.000000,1,1,1,1,1,1,1,0,0,0,0,0,0,0,74,5376.540039,836,0,1,0.513552,-0.039204,-0.324623,-3.117000,-0.397000,0.078000,1
0.971162,12.498000,-71.086998,-14.109000,133.238007,14.103000,4.492000,146.442993,-3.360000,0.720000,4.670000,-0.240000,4.670000,0.120000,-1.440000,-619.000000,-268.000000,450.000000,-1865.000000,569.000000,-219.000000,-415.000000,22.000000,22.000000,22.000000,22.000000,22.000000,22.000000,22.000000,37.000000,37.000000,37.000000,38.000000,39.000000,40.000000,43.000000,1,1,1,1,1,1,1,0,0,0,0,0,0,0,74,5376.540039,836,0,1,0.513658,-0.038983,-0.324562,-3.117000,-0.397000,0.079000,1
0.981135,12.462000,-71.075996,-14.063000,133.231995,14.175000,4.497000,146.431000,-3.000000,1.320000,4.670000,-1.320000,4.920000,0.360000,-0.840000,-858.000000,-169.000000,552.000000,-2310.000000,556.000000,-55.000000,-407.000000,22.000000,22.000000,22.000000,22.000000,22.000000,22.000000,22.000000,37.000000,37.000000,37.000000,38.000000,39.000000,40.000000,43.000000,1,1,1,1,1,1,1,0,0,0,0,0,0,0,74,5376.540039,837,0,1,0.513706,-0.038800,-0.324542,-3.117000,-0.397000,0.078000,1
0.991180,12.424000,-71.058998,-14.022000,133.210007,14.235000,4.508000,146.419998,-3.480000,2.280000,4.080000,-3.120000,6.120000,1.320000,-0.720000,-821.000000,-65.000000,593.000000,-2740.000000,560.000000,-28.000000,-401.000000,22.000000,22.000000,22.000000,22.000000,22.000000,22.000000,22.000000,37.000000,37.000000,37.000000,38.000000,39.000000,40.000000,43.000000,1,1,1,1,1,1,1,0,0,0,0,0,0,0,74,5376.538086,836,0,1,0.513841,-0.038693,-0.324504,-3.117000,-0.397000,0.078000,1
1.001065,12.424000,-71.058998,-14.022000,133.210007,14.235000,4.508000,146.419998,-3.480000,2.280000,4.080000,-3.120000,6.120000,1.320000,-0.720000,-821.000000,-65.000000,593.000000,-2740.000000,560.000000,-28.000000,-401.000000,22.000000,22.000000,22.000000,22.000000,22.000000,22.000000,22.000000,37.000000,37.000000,37.000000,38.000000,39.000000,40.000000,43.000000,1,1,1,1,1,1,1,0,0,0,0,0,0,0,74,5376.538086,837,0,1,0.513841,-0.038693,-0.324504,-3.117000,-0.397000,0.078000,1
1.011017,12.336000,-70.987999,-13.932000,133.110992,14.353000,4.545000,146.404999,-4.200000,4.440000,4.320000,-5.880000,8.040000,2.160000,-1.080000,-681.000000,-323.000000,719.000000,-2535.000000,400.000000,-63.000000,-375.000000,22.000000,22.000000,22.000000,22.000000,22.000000,22.000000,22.000000,37.000000,37.000000,37.000000,38.000000,39.000000,40.000000,43.000000,1,1,1,1,1,1,1,0,0,0,0,0,0,0,74,5376.540039,838,0,1,0.514352,-0.038544,-0.324444,-3.117000,-0.397000,0.079000,1
1.020986,12.293000,-70.936996,-13.878000,133.029007,14.448000,4.580000,146.395996,-3.600000,5.880000,4.920000,-9.000000,7.560000,3.960000,0.000000,-819.000000,-51.000000,730.000000,-2844.000000,382.000000,140.000000,-306.000000,22.000000,22.000000,22.000000,22.000000,22.000000,22.000000,22.000000,37.000000,37.000000,37.000000,38.000000,39.000000,40.000000,43.000000,1,1,1,1,1,1,1,0,0,0,0,0,0,0,74,5376.540039,838,0,1,0.514764,-0.038380,-0.324395,-3.117000,-0.397000,0.078000,1
1.031139,12.256000,-70.883003,-13.830000,132.945007,14.488000,4.612000,146.391998,-4.800000,7.320000,5.400000,-11.520000,6.960000,5.280000,0.000000,-841.000000,321.000000,516.000000,-2974.000000,429.000000,135.000000,-292.000000,22.000000,22.000000,22.000000,22.000000,22.000000,22.000000,22.000000,37.000000,37.000000,37.000000,38.000000,39.000000,40.000000,43.000000,1,1,1,1,1,1,1,0,0,0,0,0,0,0,74,5376.541016,835,0,1,0.515169,-0.038297,-0.324364,-3.117000,-0.397000,0.079000,1
1.041055,12.218000,-70.813004,-13.775000,132.832001,14.563000,4.681000,146.393997,-4.800000,9.120000,6.120000,-14.400000,7.560000,6.480000,0.000000,-1044.000000,267.000000,531.000000,-3014.000000,549.000000,215.000000,-232.000000,22.000000,22.000000,22.000000,22.000000,22.000000,22.000000,22.000000,37.000000,37.000000,37.000000,38.000000,39.000000,40.000000,43.000000,1,1,1,1,1,1,1,0,0,0,0,0,0,0,74,5376.542969,836,0,1,0.515567,-0.038066,-0.324361,-3.117000,-0.397000,0.079000,1
1.051099,12.137000,-70.666000,-13.694000,132.598007,14.639000,4.759000,146.393997,-5.640000,10.070000,6.000000,-17.280001,7.320000,7.920000,0.000000,-821.000000,165.000000,699.000000,-2894.000000,675.000000,436.000000,-147.000000,22.000000,22.000000,22.000000,22.000000,22.000000,22.000000,22.000000,37.000000,37.000000,37.000000,38.000000,39.000000,40.000000,43.000000,1,1,1,1,1,1,1,0,0,0,0,0,0,0,74,5376.542969,837,0,1,0.516700,-0.038119,-0.324298,-3.117000,-0.398000,0.079000,1
1.061052,12.137000,-70.666000,-13.694000,132.598007,14.639000,4.759000,146.393997,-5.640000,10.070000,6.000000,-17.280001,7.320000,7.920000,0.000000,-821.000000,165.000000,699.000000,-2894.000000,675.000000,436.000000,-147.000000,22.000000,22.000000,22.000000,22.000000,22.000000,22.000000,22.000000,37.000000,37.000000,37.000000,38.000000,39.000000,40.000000,43.000000,1,1,1,1,1,1,1,0,0,0,0,0,0,0,74,5376.543945,837,0,1,0.516700,-0.038119,-0.324298,-3.117000,-0.398000,0.079000,1
1.070996,12.116000,-70.628998,-13.672000,132.528000,14.677000,4.805000,146.393997,-5.520000,11.040000,5.400000,-18.709999,6.960000,8.280000,0.720000,-902.000000,204.000000,705.000000,-3035.000000,655.000000,482.000000,-82.000000,22.000000,22.000000,22.000000,22.000000,22.000000,22.000000,22.000000,37.000000,37.000000,37.000000,38.000000,39.000000,40.000000,43.000000,1,1,1,1,1,1,1,0,0,0,0,0,0,0,74,5376.542969,835,0,1,0.516946,-0.038041,-0.324282,-3.117000,-0.398000,0.079000,1
1.081023,11.966000,-70.305000,-13.521000,131.975998,14.894000,5.015000,146.391006,-6.120000,13.320000,5.760000,-22.559999,7.920000,10.070000,0.360000,-880.000000,249.000000,822.000000,-2819.000000,375.000000,495.000000,66.000000,22.000000,22.000000,22.000000,22.000000,22.000000,22.000000,22.000000,37.000000,37.000000,37.000000,38.000000,39.000000,40.000000,43.000000,1,1,1,1,1,1,1,0,0,0,0,0,0,0,74,5376.540039,837,0,1,0.519510,-0.038041,-0.324126,-3.118000,-0.399000,0.079000,1
1.091093,11.939000,-70.248001,-13.492000,131.875000,14.931000,5.094000,146.393997,-5.760000,13.920000,6.960000,-24.240000,8.280000,11.520000,0.600000,-1091.000000,349.000000,913.000000,-2684.000000,393.000000,478.000000,97.000000,22.000000,22.000000,22.000000,22.000000,22.000000,22.000000,22.000000,37.000000,37.000000,37.000000,38.000000,39.000000,40.000000,43.000000,1,1,1,1,1,1,1,0,0,0,0,0,0,0,74,5376.542969,836,0,1,0.519747,-0.037898,-0.324149,-3.118000,-0.398000,0.079000,1
1.101047,11.894000,-70.130997,-13.441000,131.695007,14.967000,5.159000,146.391006,-6.000000,15.710000,6.720000,-27.000000,7.920000,11.160000,1.320000,-1160.000000,382.000000,818.000000,-3703.000000,525.000000,367.000000,141.000000,22.000000,22.000000,22.000000,22.000000,22.000000,22.000000,22.000000,37.000000,37.000000,37.000000,38.000000,39.000000,40.000000,43.000000,1,1,1,1,1,1,1,0,0,0,0,0,0,0,74,5376.544922,836,0,1,0.520544,-0.037914,-0.324150,-3.118000,-0.398000,0.080000,1
1.111068,11.854000,-70.026001,-13.400000,131.535004,15.008000,5.230000,146.395996,-6.840000,17.280001,7.200000,-27.360001,7.200000,12.120000,1.440000,-1207.000000,176.000000,428.000000,-3027.000000,515.000000,476.000000,155.000000,22.000000,22.000000,22.000000,22.000000,22.000000,22.000000,22.000000,37.000000,37.000000,37.000000,38.000000,39.000000,40.000000,43.000000,1,1,1,1,1,1,1,0,0,0,0,0,0,0,74,5376.546875,835,0,1,0.521170,-0.037883,-0.324174,-3.118000,-0.398000,0.080000,1
1.121071,11.700000,-69.665001,-13.237000,130.897003,15.188000,5.530000,146.406998,-7.200000,18.480000,6.600000,-30.240000,9.000000,14.150000,2.040000,-1211.000000,332.000000,823.000000,-2962.000000,659.000000,337.000000,263.000000,22.000000,22.000000,22.000000,22.000000,21.000000,22.000000,22.000000,37.000000,37.000000,37.000000,38.000000,39.000000,40.000000,43.000000,1,1,1,1,1,1,1,0,0,0,0,0,0,0,74,5376.533203,837,0,1,0.523843,-0.037697,-0.324045,-3.119000,-0.399000,0.081000,1
1.130992,11.620000,-69.472000,-13.154000,130.556000,15.313000,5.751000,146.408997,-7.560000,21.360001,6.600000,-34.680000,8.520000,18.360001,2.760000,-1067.000000,482.000000,649.000000,-3625.000000,265.000000,462.000000,243.000000,22.000000,22.000000,22.000000,22.000000,21.000000,22.000000,22.000000,37.000000,37.000000,37.000000,38.000000,39.000000,40.000000,43.000000,1,1,1,1,1,1,1,0,0,0,0,0,0,0,74,5376.533203,837,0,1,0.524927,-0.037367,-0.324064,-3.118000,-0.398000,0.081000,1
1.140995,11.620000,-69.472000,-13.154000,130.556000,15.313000,5.751000,146.408997,-7.560000,21.360001,6.600000,-34.680000,8.520000,18.360001,2.760000,-1067.000000,482.000000,649.000000,-3625.000000,265.000000,462.000000,243.000000,22.000000,22.000000,22.000000,22.000000,21.000000,22.000000,22.000000,37.000000,37.000000,37.000000,38.000000,39.000000,40.000000,43.000000,1,1,1,1,1,1,1,0,0,0,0,0,0,0,74,5376.536133,837,0,1,0.524927,-0.037367,-0.324064,-3.118000,-0.398000,0.081000,1
1.151034,11.569000,-69.348999,-13.109000,130.343994,15.368000,5.872000,146.416000,-8.400000,21.240000,8.160000,-35.880001,8.520000,18.709999,3.120000,-1079.000000,111.000000,776.000000,-3017.000000,341.000000,19.000000,234.000000,22.000000,22.000000,22.000000,22.000000,21.000000,22.000000,22.000000,37.000000,37.000000,37.000000,38.000000,39.000000,40.000000,43.000000,1,1,1,1,1,1,1,0,0,0,0,0,0,0,74,5376.540039,836,0,1,0.525662,-0.037281,-0.324071,-3.118000,-0.398000,0.082000,1
1.161031,11.363000,-68.814003,-12.941000,129.438995,15.530000,6.221000,146.464996,-8.400000,20.280001,7.200000,-39.840000,8.280000,18.959999,3.120000,-873.000000,229.000000,679.000000,-2446.000000,783.000000,568.000000,297.000000,22.000000,22.000000,22.000000,22.000000,21.000000,22.000000,22.000000,37.000000,37.000000,37.000000,38.000000,39.000000,40.000000,43.000000,1,1,1,1,1,1,1,0,0,0,0,0,0,0,74,5376.541016,837,0,1,0.529639,-0.037602,-0.323962,-3.120000,-0.399000,0.083000,1
1.171040,11.282000,-68.574997,-12.858000,129.028000,15.639000,6.427000,146.501007,-8.880000,23.040001,7.200000,-40.560001,8.760000,19.799999,3.960000,-886.000000,85.000000,576.000000,-2551.000000,524.000000,390.000000,362.000000,22.000000,22.000000,22.000000,22.000000,21.000000,22.000000,22.000000,37.000000,37.000000,37.000000,38.000000,39.000000,40.000000,43.000000,1,1,1,1,1,1,1,0,0,0,0,0,0,0,74,5376.538086,838,0,1,0.531204,-0.037389,-0.323964,-3.120000,-0.399000,0.083000,1
1.181093,11.195000,-68.307999,-12.771000,128.593002,15.746000,6.726000,146.546005,-9.350000,25.309999,7.320000,-42.360001,10.440000,21.840000,3.960000,-1212.000000,33.000000,705.000000,-2750.000000,452.000000,198.000000,360.000000,22.000000,22.000000,22.000000,22.000000,21.000000,22.000000,22.000000,37.000000,37.000000,37.000000,38.000000,39.000000,40.000000,43.000000,1,1,1,1,1,1,1,0,0,0,0,0,0,0,74,5376.543945,837,0,1,0.532321,-0.036910,-0.324148,-3.118000,-0.398000,0.083000,1
1.191092,11.195000,-68.307999,-12.771000,128.593002,15.746000,6.726000,146.546005,-9.350000,25.309999,7.320000,-42.360001,10.440000,21.840000,3.960000,-1212.000000,33.000000,705.000000,-2750.000000,452.000000,198.000000,360.000000,22.000000,22.000000,22.000000,22.000000,21.000000,22.000000,22.000000,37.000000,37.000000,37.000000,38.000000,39.000000,40.000000,43.000000,1,1,1,1,1,1,1,0,0,0,0,0,0,0,74,5376.541016,837,0,1,0.532321,-0.036910,-0.324148,-3.118000,-0.398000,0.083000,1
1.201065,11.140000,-68.164001,-12.726000,128.330994,15.776000,6.797000,146.572006,-9.350000,24.840000,6.840000,-45.119999,9.000000,21.840000,4.670000,-1181.000000,38.000000,593.000000,-3293.000000,341.000000,222.000000,322.000000,22.000000,22.000000,22.000000,22.000000,21.000000,22.000000,22.000000,37.000000,37.000000,37.000000,38.000000,39.000000,40.000000,43.000000,1,1,1,1,1,1,1,0,0,0,0,0,0,0,74,5376.540039,837,0,1,0.533689,-0.037092,-0.324031,-3.119000,-0.399000,0.083000,1
1.211051,10.923000,-67.596001,-12.571000,127.348999,15.993000,7.352000,146.679001,-9.600000,25.559999,7.920000,-45.240002,7.560000,22.680000,3.960000,-982.000000,-4.000000,623.000000,-2874.000000,662.000000,294.000000,453.000000,22.000000,22.000000,22.000000,22.000000,21.000000,22.000000,22.000000,37.000000,37.000000,37.000000,38.000000,39.000000,40.000000,43.000000,1,1,1,1,1,1,1,0,0,0,0,0,0,0,74,5376.528809,837,0,1,0.536996,-0.036773,-0.324143,-3.119000,-0.398000,0.083000,1
1.220988,10.798000,-67.317001,-12.485000,126.848000,16.108000,7.595000,146.729004,-9.840000,26.040001,8.280000,-44.639999,9.960000,22.680000,3.960000,-990.000000,85.000000,51.000000,-3012.000000,716.000000,477.000000,480.000000,22.000000,22.000000,22.000000,22.000000,21.000000,22.000000,22.000000,37.000000,37.000000,37.000000,38.000000,39.000000,40.000000,43.000000,1,1,1,1,1,1,1,0,0,0,0,0,0,0,74,5376.533203,836,0,1,0.538985,-0.036761,-0.324074,-3.119000,-0.398000,0.083000,1
1.231073,10.798000,-67.317001,-12.485000,126.848000,16.108000,7.595000,146.729004,-9.840000,26.040001,8.280000,-44.639999,9.960000,22.680000,3.960000,-990.000000,85.000000,51.000000,-3012.000000,716.000000,477.000000,480.000000,22.000000,22.000000,22.000000,22.000000,21.000000,22.000000,22.000000,37.000000,37.000000,37.000000,38.000000,39.000000,40.000000,43.000000,1,1,1,1,1,1,1,0,0,0,0,0,0,0,74,5376.540039,836,0,1,0.538985,-0.036761,-0.324074,-3.119000,-0.398000,0.083000,1
1.241015,10.773000,-67.188004,-12.457000,126.609001,16.152000,7.709000,146.751007,-9.480000,26.400000,7.560000,-46.439999,9.000000,23.879999,4.080000,-920.000000,98.000000,468.000000,-2693.000000,542.000000,306.000000,532.000000,22.000000,22.000000,22.000000,22.000000,21.000000,22.000000,22.000000,37.000000,37.000000,37.000000,38.000000,39.000000,40.000000,43.000000,1,1,1,1,1,1,1,0,0,0,0,0,0,0,74,5376.543945,836,0,1,0.539943,-0.036664,-0.324051,-3.119000,-0.398000,0.083000,1
1.251015,10.516000,-66.519997,-12.290000,125.403999,16.360001,8.190000,146.852005,-9.960000,25.559999,6.960000,-46.680000,7.440000,23.760000,4.670000,-648.000000,55.000000,859.000000,-1914.000000,727.000000,611.000000,447.000000,22.000000,22.000000,22.000000,22.000000,21.000000,22.000000,22.000000,37.000000,37.000000,37.000000,38.000000,39.000000,40.000000,43.000000,1,1,1,1,1,1,1,0,0,0,0,0,0,0,74,5376.542969,837,0,1,0.545242,-0.037039,-0.323797,-3.120000,-0.400000,0.083000,1
1.261041,10.401000,-66.216003,-12.198000,124.841003,16.464001,8.470000,146.914993,-9.350000,24.959999,6.720000,-44.880001,8.760000,23.400000,4.920000,-825.000000,-215.000000,535.000000,-1927.000000,813.000000,664.000000,429.000000,22.000000,22.000000,22.000000,22.000000,21.000000,22.000000,22.000000,37.000000,37.000000,37.000000,38.000000,39.000000,40.000000,43.000000,1,1,1,1,1,1,1,0,0,0,0,0,0,0,74,5376.536133,837,0,1,0.547455,-0.036861,-0.323716,-3.120000,-0.401000,0.083000,1
1.271034,10.371000,-66.143997,-12.185000,124.733002,16.509001,8.598000,146.938995,-9.240000,25.680000,6.720000,-46.080002,7.560000,23.520000,4.670000,-804.000000,-80.000000,597.000000,-2375.000000,810.000000,241.000000,433.000000,22.000000,22.000000,22.000000,22.000000,21.000000,22.000000,22.000000,37.000000,37.000000,37.000000,38.000000,39.000000,40.000000,43.000000,1,1,1,1,1,1,1,0,0,0,0,0,0,0,74,5376.537109,838,0,1,0.547387,-0.036597,-0.323868,-3.119000,-0.399000,0.082000,1
1.280974,10.328000,-66.027000,-12.149000,124.519997,16.534000,8.665000,146.947998,-8.640000,26.639999,7.070000,-44.040001,9.960000,22.680000,4.800000,-676.000000,-48.000000,485.000000,-2430.000000,826.000000,293.000000,460.000000,22.000000,22.000000,22.000000,22.000000,21.000000,22.000000,22.000000,37.000000,37.000000,37.000000,38.000000,39.000000,40.000000,43.000000,1,1,1,1,1,1,1,0,0,0,0,0,0,0,74,5376.538086,835,0,1,0.548435,-0.036671,-0.323793,-3.120000,-0.400000,0.083000,1
1.291071,10.158000,-65.549004,-12.028000,123.675003,16.718000,9.183000,147.061996,-8.760000,24.840000,6.600000,-44.400002,7.070000,22.440001,4.670000,-832.000000,-170.000000,579.000000,-2994.000000,519.000000,228.000000,399.000000,22.000000,22.000000,22.000000,22.000000,21.000000,22.000000,22.000000,37.000000,37.000000,37.000000,38.000000,39.000000,40.000000,43.000000,1,1,1,1,1,1,1,0,0,0,0,0,0,0,74,5376.537109,837,0,1,0.551050,-0.036062,-0.323937,-3.118000,-0.399000,0.082000,1
1.301076,10.055000,-65.213997,-11.951000,123.102997,16.788000,9.392000,147.108002,-9.120000,23.760000,6.350000,-44.880001,7.440000,23.040001,4.670000,-1107.000000,-534.000000,528.000000,-2610.000000,896.000000,450.000000,473.000000,22.000000,22.000000,22.000000,22.000000,21.000000,22.000000,22.000000,37.000000,37.000000,37.000000,38.000000,39.000000,40.000000,43.000000,1,1,1,1,1,1,1,0,0,0,0,0,0,0,74,5376.536133,837,0,1,0.553558,-0.036160,-0.323912,-3.119000,-0.400000,0.083000,1
1.311024,10.004000,-65.086998,-11.916000,122.873001,16.848000,9.577000,147.136993,-9.350000,25.799999,5.280000,-45.480000,7.070000,22.680000,4.320000,-940.000000,-196.000000,656.000000,-2697.000000,875.000000,330.000000,445.000000,22.000000,22.000000,22.000000,22.000000,21.000000,22.000000,22.000000,37.000000,37.000000,37.000000,38.000000,39.000000,40.000000,43.000000,1,1,1,1,1,1,1,0,0,0,0,0,0,0,74,5376.536133,837,0,1,0.554025,-0.035829,-0.324001,-3.118000,-0.399000,0.082000,1
1.321024,9.953000,-64.945000,-11.881000,122.611000,16.875000,9.647000,147.156998,-9.120000,24.959999,5.760000,-46.439999,8.280000,21.959999,4.200000,-1078.000000,-123.000000,770.000000,-2539.000000,894.000000,400.000000,486.000000,22.000000,22.000000,22.000000,22.000000,21.000000,22.000000,22.000000,37.000000,37.000000,37.000000,38.000000,39.000000,40.000000,43.000000,1,1,1,1,1,1,1,0,0,0,0,0,0,0,74,5376.543945,837,0,1,0.555382,-0.035995,-0.323889,-3.119000,-0.400000,0.083000,1
1.331126,9.928000,-64.882004,-11.863000,122.474998,16.909000,9.758000,147.188995,-9.120000,24.959999,5.880000,-45.360001,7.200000,22.320000,4.560000,-986.000000,-49.000000,576.000000,-2156.000000,770.000000,628.000000,501.000000,22.000000,22.000000,22.000000,22.000000,21.000000,22.000000,22.000000,37.000000,37.000000,37.000000,38.000000,39.000000,40.000000,43.000000,1,1,1,1,1,1,1,0,0,0,0,0,0,0,74,5376.541016,836,0,1,0.555712,-0.035785,-0.323882,-3.118000,-0.399000,0.082000,1
1.341063,9.689000,-64.259003,-11.726000,121.375999,17.097000,10.268000,147.285995,-9.600000,24.840000,5.400000,-44.040001,7.680000,23.400000,4.320000,-929.000000,-183.000000,559.000000,-2501.000000,403.000000,637.000000,440.000000,22.000000,22.000000,22.000000,22.000000,21.000000,22.000000,22.000000,37.000000,37.000000,37.000000,38.000000,39.000000,40.000000,43.000000,1,1,1,1,1,1,1,0,0,0,0,0,0,0,74,5376.536133,837,0,1,0.559979,-0.035760,-0.323875,-3.119000,-0.400000,0.082000,1
1.351074,9.582000,-64.042000,-11.678000,120.941002,17.184999,10.560000,147.348007,-8.040000,24.480000,5.280000,-43.560001,6.600000,23.400000,4.560000,-612.000000,-85.000000,578.000000,-2716.000000,588.000000,297.000000,412.000000,22.000000,22.000000,22.000000,22.000000,21.000000,22.000000,22.000000,37.000000,37.000000,37.000000,38.000000,39.000000,40.000000,43.000000,1,1,1,1,1,1,1,0,0,0,0,0,0,0,74,5376.536133,837,0,1,0.561299,-0.035547,-0.323833,-3.118000,-0.399000,0.082000,1
1.361303,9.505000,-63.787998,-11.619000,120.471001,17.266001,10.805000,147.401993,-9.350000,23.760000,5.280000,-44.040001,6.840000,22.920000,4.920000,-767.000000,-200.000000,740.000000,-2930.000000,700.000000,113.000000,400.000000,22.000000,22.000000,22.000000,22.000000,21.000000,22.000000,22.000000,37.000000,37.000000,37.000000,38.000000,39.000000,40.000000,43.000000,1,1,1,1,1,1,1,0,0,0,0,0,0,0,74,5376.538086,837,0,1,0.563028,-0.035277,-0.323820,-3.118000,-0.399000,0.082000,1
1.371061,9.429000,-63.650002,-11.590000,120.199997,17.304001,10.928000,147.429993,-9.120000,24.000000,5.520000,-44.639999,6.600000,23.400000,4.670000,-644.000000,-20.000000,307.000000,-2990.000000,700.000000,281.000000,392.000000,22.000000,22.000000,22.000000,22.000000,21.000000,22.000000,22.000000,37.000000,37.000000,37.000000,38.000000,39.000000,40.000000,43.000000,1,1,1,1,1,1,1,0,0,0,0,0,0,0,74,5376.544922,835,0,1,0.564175,-0.035423,-0.323717,-3.118000,-0.400000,0.082000,1
1.381003,9.429000,-63.650002,-11.590000,120.199997,17.304001,10.928000,147.429993,-9.120000,24.000000,5.520000,-44.639999,6.600000,23.400000,4.670000,-644.000000,-20.000000,307.000000,-2990.000000,700.000000,281.000000,392.000000,22.000000,22.000000,22.000000,22.000000,21.000000,22.000000,22.000000,37.000000,37.000000,37.000000,38.000000,39.000000,40.000000,43.000000,1,1,1,1,1,1,1,0,0,0,0,0,0,0,74,5376.544922,835,0,1,0.564175,-0.035423,-0.323717,-3.118000,-0.400000,0.082000,1
1.391077,9.371000,-63.424999,-11.542000,119.815002,17.351000,11.067000,147.457993,-8.640000,25.080000,5.400000,-43.080002,6.960000,20.760000,4.800000,-709.000000,-72.000000,454.000000,-2629.000000,810.000000,447.000000,427.000000,22.000000,22.000000,22.000000,22.000000,21.000000,22.000000,22.000000,37.000000,37.000000,37.000000,38.000000,39.000000,40.000000,43.000000,1,1,1,1,1,1,1,0,0,0,0,0,0,0,74,5376.544922,835,0,1,0.565842,-0.035391,-0.323722,-3.119000,-0.401000,0.082000,1
1.401064,9.148000,-62.811001,-11.420000,118.806999,17.530001,11.633000,147.578995,-8.400000,22.799999,4.320000,-42.599998,6.350000,22.320000,3.960000,-842.000000,-305.000000,536.000000,-2540.000000,343.000000,525.000000,435.000000,22.000000,22.000000,22.000000,22.000000,21.000000,22.000000,22.000000,37.000000,37.000000,37.000000,38.000000,39.000000,40.000000,43.000000,1,1,1,1,1,1,1,0,0,0,0,0,0,0,74,5376.537109,838,0,1,0.568913,-0.034894,-0.324118,-3.118000,-0.399000,0.082000,1
1.411007,9.066000,-62.585999,-11.373000,118.323997,17.593000,11.839000,147.617004,-8.040000,23.400000,4.080000,-44.160000,6.240000,22.559999,4.080000,-552.000000,-223.000000,468.000000,-2774.000000,442.000000,178.000000,483.000000,22.000000,22.000000,22.000000,22.000000,21.000000,22.000000,22.000000,37.000000,37.000000,37.000000,38.000000,39.000000,40.000000,43.000000,1,1,1,1,1,1,1,0,0,0,0,0,0,0,74,5376.540039,838,0,1,0.571116,-0.034922,-0.323851,-3.118000,-0.400000,0.082000,1
1.421142,9.018000,-62.460999,-11.355000,118.094002,17.632999,11.957000,147.638000,-7.680000,23.520000,3.720000,-43.919998,7.200000,22.320000,4.320000,-655.000000,-158.000000,643.000000,-3013.000000,590.000000,500.000000,487.000000,22.000000,22.000000,22.000000,22.000000,21.000000,22.000000,22.000000,37.000000,37.000000,37.000000,38.000000,39.000000,40.000000,43.000000,1,1,1,1,1,1,1,0,0,0,0,0,0,0,74,5376.537109,837,0,1,0.571941,-0.034913,-0.323852,-3.118000,-0.400000,0.082000,1
1.431016,8.996000,-62.402000,-11.344000,117.967003,17.666000,12.079000,147.664001,-7.920000,23.760000,4.200000,-42.480000,6.000000,21.719999,3.960000,-792.000000,-266.000000,683.000000,-2743.000000,576.000000,355.000000,491.000000,22.000000,22.000000,22.000000,22.000000,21.000000,22.000000,22.000000,37.000000,37.000000,37.000000,38.000000,39.000000,40.000000,43.000000,1,1,1,1,1,1,1,0,0,0,0,0,0,0,74,5376.536133,836,0,1,0.572135,-0.034670,-0.323874,-3.118000,-0.400000,0.082000,1
1.441035,8.809000,-61.890999,-11.273000,117.051003,17.785000,12.481000,147.751999,-8.040000,21.959999,3.960000,-41.639999,6.120000,22.680000,5.030000,-1041.000000,-158.000000,654.000000,-2990.000000,614.000000,662.000000,479.000000,22.000000,22.000000,22.000000,22.000000,21.000000,22.000000,22.000000,37.000000,37.000000,37.000000,38.000000,39.000000,40.000000,43.000000,1,1,1,1,1,1,1,0,0,0,0,0,0,0,74,5376.536133,836,0,1,0.575737,-0.034860,-0.323860,-3.118000,-0.401000,0.082000,1
1.451197,8.728000,-61.659000,-11.230000,116.634003,17.865999,12.745000,147.809006,-8.160000,22.440001,3.720000,-44.040001,6.350000,21.600000,4.200000,-564.000000,-500.000000,731.000000,-2720.000000,459.000000,152.000000,453.000000,22.000000,22.000000,22.000000,22.000000,21.000000,22.000000,22.000000,37.000000,37.000000,37.000000,38.000000,39.000000,40.000000,43.000000,1,1,1,1,1,1,1,0,0,0,0,0,0,0,74,5376.542969,837,0,1,0.576922,-0.034511,-0.323965,-3.118000,-0.400000,0.081000,1
1.461185,8.661000,-61.472000,-11.204000,116.403999,17.902000,12.860000,147.830994,-7.560000,23.400000,3.600000,-43.439999,6.840000,20.879999,4.440000,-800.000000,-267.000000,643.000000,-2354.000000,551.000000,629.000000,400.000000,22.000000,22.000000,22.000000,22.000000,21.000000,22.000000,22.000000,37.000000,37.000000,37.000000,38.000000,39.000000,40.000000,43.000000,1,1,1,1,1,1,1,0,0,0,0,0,0,0,74,5376.542969,836,0,1,0.577438,-0.034494,-0.324304,-3.118000,-0.399000,0.082000,1
1.471080,8.639000,-61.411999,-11.193000,116.191002,17.921000,12.915000,147.845001,-8.400000,22.680000,3.600000,-41.759998,7.560000,22.200001,4.440000,-1015.000000,-387.000000,649.000000,-2470.000000,391.000000,651.000000,386.000000,22.000000,22.000000,22.000000,22.000000,21.000000,22.000000,22.000000,37.000000,37.000000,37.000000,38.000000,39.000000,40.000000,43.000000,1,1,1,1,1,1,1,0,0,0,0,0,0,0,74,5376.541016,836,0,1,0.578805,-0.034646,-0.323926,-3.118000,-0.401000,0.082000,1
1.481538,8.533000,-61.118999,-11.142000,115.661003,18.006001,13.193000,147.904007,-8.040000,22.440001,3.600000,-43.080002,6.240000,22.559999,4.200000,-637.000000,-457.000000,523.000000,-2469.000000,267.000000,496.000000,390.000000,22.000000,22.000000,22.000000,22.000000,21.000000,22.000000,22.000000,37.000000,37.000000,37.000000,38.000000,39.000000,40.000000,43.000000,1,1,1,1,1,1,1,0,0,0,0,0,0,0,74,5376.542969,836,0,1,0.580653,-0.034456,-0.323965,-3.118000,-0.400000,0.082000,1
1.491086,8.412000,-60.785999,-11.082000,115.165001,18.091000,13.529000,147.977005,-8.160000,21.959999,3.240000,-42.119999,5.400000,22.320000,4.440000,-1139.000000,-413.000000,487.000000,-2573.000000,558.000000,186.000000,397.000000,22.000000,22.000000,22.000000,22.000000,21.000000,22.000000,22.000000,37.000000,37.000000,37.000000,38.000000,39.000000,40.000000,43.000000,1,1,1,1,1,1,1,0,0,0,0,0,0,0,74,5376.532227,834,0,1,0.581615,-0.033973,-0.324449,-3.117000,-0.398000,0.081000,1
1.501123,8.363000,-60.643002,-11.057000,114.775002,18.149000,13.750000,148.020004,-8.280000,22.920000,3.240000,-39.240002,5.160000,20.639999,3.960000,-1056.000000,-422.000000,534.000000,-2567.000000,562.000000,157.000000,470.000000,22.000000,22.000000,22.000000,22.000000,21.000000,22.000000,22.000000,37.000000,37.000000,37.000000,38.000000,39.000000,40.000000,43.000000,1,1,1,1,1,1,1,0,0,0,0,0,0,0,74,5376.537109,838,0,1,0.583251,-0.033781,-0.324103,-3.116000,-0.399000,0.081000,1
1.511245,8.237000,-60.319000,-11.000000,114.227997,18.230000,14.035000,148.076996,-7.800000,20.040001,2.880000,-40.310001,5.030000,21.240000,3.840000,-1071.000000,-378.000000,598.000000,-3109.000000,604.000000,93.000000,480.000000,22.000000,22.000000,22.000000,22.000000,21.000000,22.000000,22.000000,37.000000,37.000000,37.000000,38.000000,39.000000,40.000000,43.000000,1,1,1,1,1,1,1,0,0,0,0,0,0,0,74,5376.534180,835,0,1,0.585032,-0.033612,-0.324270,-3.116000,-0.399000,0.081000,1
1.521207,8.208000,-60.235001,-10.987000,113.968002,18.263000,14.164000,148.100998,-7.560000,21.000000,2.760000,-38.160000,5.400000,18.840000,3.600000,-1012.000000,-216.000000,603.000000,-2866.000000,665.000000,271.000000,516.000000,22.000000,22.000000,22.000000,22.000000,21.000000,22.000000,22.000000,37.000000,37.000000,37.000000,38.000000,39.000000,40.000000,43.000000,1,1,1,1,1,1,1,0,0,0,0,0,0,0,74,5376.529785,837,0,1,0.586289,-0.033570,-0.323945,-3.116000,-0.400000,0.081000,1
1.531134,8.109000,-59.985001,-10.950000,113.476997,18.358000,14.440000,148.139999,-7.320000,20.150000,2.880000,-37.430000,6.120000,19.440001,3.600000,-887.000000,-282.000000,545.000000,-1879.000000,394.000000,431.000000,487.000000,22.000000,22.000000,22.000000,22.000000,21.000000,22.000000,22.000000,37.000000,37.000000,37.000000,38.000000,39.000000,40.000000,43.000000,1,1,1,1,1,1,1,0,0,0,0,0,0,0,74,5376.536133,837,0,1,0.587981,-0.033368,-0.323894,-3.116000,-0.400000,0.081000,1
1.541189,8.007000,-59.716000,-10.909000,113.008003,18.409000,14.600000,148.190002,-7.560000,18.840000,2.640000,-35.279999,5.400000,18.360001,3.840000,-722.000000,-292.000000,456.000000,-1912.000000,352.000000,601.000000,470.000000,22.000000,22.000000,22.000000,22.000000,21.000000,22.000000,22.000000,37.000000,37.000000,37.000000,38.000000,39.000000,40.000000,43.000000,1,1,1,1,1,1,1,0,0,0,0,0,0,0,74,5376.546875,836,0,1,0.590016,-0.033534,-0.323879,-3.117000,-0.401000,0.081000,1
1.551232,7.926000,-59.492001,-10.876000,112.596001,18.488001,14.859000,148.244995,-6.120000,18.000000,2.400000,-32.759998,4.670000,17.639999,3.360000,-619.000000,-403.000000,434.000000,-1954.000000,433.000000,228.000000,442.000000,22.000000,22.000000,22.000000,22.000000,21.000000,22.000000,22.000000,37.000000,37.000000,37.000000,38.000000,39.000000,40.000000,43.000000,1,1,1,1,1,1,1,0,0,0,0,0,0,0,74,5376.547852,836,0,1,0.591201,-0.033212,-0.323961,-3.116000,-0.400000,0.081000,1
1.561158,7.884000,-59.367001,-10.860000,112.384003,18.510000,14.929000,148.261002,-6.480000,17.150000,2.400000,-31.920000,4.560000,17.150000,3.240000,-777.000000,-568.000000,406.000000,-1508.000000,400.000000,325.000000,393.000000,22.000000,22.000000,22.000000,22.000000,21.000000,22.000000,22.000000,37.000000,37.000000,37.000000,38.000000,39.000000,40.000000,43.000000,1,1,1,1,1,1,1,0,0,0,0,0,0,0,74,5376.541016,836,0,1,0.592105,-0.033291,-0.323979,-3.116000,-0.401000,0.081000,1
1.571125,7.820000,-59.191002,-10.831000,112.070999,18.559999,15.110000,148.296005,-5.760000,15.840000,1.920000,-28.559999,3.960000,15.480000,2.510000,-442.000000,-821.000000,367.000000,-1764.000000,495.000000,488.000000,400.000000,22.000000,22.000000,22.000000,22.000000,21.000000,22.000000,22.000000,37.000000,37.000000,37.000000,38.000000,39.000000,40.000000,43.000000,1,1,1,1,1,1,1,0,0,0,0,0,0,0,74,5376.536133,835,0,1,0.593056,-0.033090,-0.324055,-3.116000,-0.400000,0.081000,1
1.581117,7.760000,-59.032001,-10.802000,111.769997,18.608000,15.299000,148.330002,-4.440000,13.320000,1.560000,-23.040001,3.720000,13.200000,2.400000,-673.000000,-952.000000,382.000000,-2012.000000,611.000000,1.000000,334.000000,22.000000,22.000000,22.000000,22.000000,21.000000,22.000000,22.000000,37.000000,37.000000,37.000000,38.000000,39.000000,40.000000,43.000000,1,1,1,1,1,1,1,0,0,0,0,0,0,0,74,5376.532227,837,0,1,0.593933,-0.032844,-0.324093,-3.116000,-0.400000,0.081000,1
1.591218,7.715000,-58.918999,-10.778000,111.545998,18.646999,15.433000,148.350998,-4.320000,10.680000,1.440000,-19.799999,3.600000,11.160000,1.440000,-638.000000,-851.000000,357.000000,-2037.000000,593.000000,-63.000000,340.000000,22.000000,22.000000,22.000000,22.000000,21.000000,22.000000,22.000000,37.000000,37.000000,37.000000,38.000000,39.000000,40.000000,43.000000,1,1,1,1,1,1,1,0,0,0,0,0,0,0,74,5376.528809,837,0,1,0.594668,-0.032667,-0.324072,-3.115000,-0.400000,0.081000,1
1.601130,7.672000,-58.821999,-10.762000,111.342003,18.687000,15.555000,148.367996,-3.720000,8.760000,1.080000,-16.920000,3.240000,8.160000,1.080000,-480.000000,-991.000000,334.000000,-2013.000000,621.000000,224.000000,333.000000,22.000000,22.000000,22.000000,22.000000,21.000000,22.000000,22.000000,37.000000,37.000000,37.000000,38.000000,39.000000,40.000000,43.000000,1,1,1,1,1,1,1,0,0,0,0,0,0,0,74,5376.533203,836,0,1,0.595363,-0.032546,-0.324021,-3.115000,-0.400000,0.081000,1
1.611135,7.643000,-58.770000,-10.754000,111.227997,18.711000,15.600000,148.373993,-3.600000,6.720000,0.720000,-14.150000,3.240000,7.920000,0.720000,-527.000000,-696.000000,310.000000,-1827.000000,620.000000,452.000000,337.000000,22.000000,22.000000,22.000000,22.000000,22.000000,22.000000,22.000000,37.000000,37.000000,37.000000,38.000000,39.000000,40.000000,43.000000,1,1,1,1,1,1,1,0,0,0,0,0,0,0,74,5376.537109,836,0,1,0.595895,-0.032585,-0.323944,-3.115000,-0.400000,0.081000,1
1.621123,7.613000,-58.716000,-10.746000,111.108002,18.745001,15.650000,148.378006,-2.280000,4.670000,0.720000,-8.640000,3.120000,6.000000,0.000000,-611.000000,-972.000000,329.000000,-1474.000000,481.000000,302.000000,286.000000,22.000000,22.000000,22.000000,22.000000,22.000000,22.000000,22.000000,37.000000,37.000000,37.000000,38.000000,39.000000,40.000000,43.000000,1,1,1,1,1,1,1,0,0,0,0,0,0,0,74,5376.537109,836,0,1,0.596453,-0.032602,-0.323857,-3.115000,-0.401000,0.080000,1
1.631191,7.583000,-58.679001,-10.739000,111.025002,18.789000,15.684000,148.378006,-1.920000,1.920000,0.360000,-4.800000,3.360000,2.510000,0.000000,-616.000000,-901.000000,349.000000,-1544.000000,405.000000,170.000000,184.000000,22.000000,22.000000,22.000000,22.000000,22.000000,22.000000,22.000000,37.000000,37.000000,37.000000,38.000000,39.000000,40.000000,43.000000,1,1,1,1,1,1,1,0,0,0,0,0,0,0,74,5376.541016,836,0,1,0.596863,-0.032608,-0.323781,-3.115000,-0.401000,0.080000,1
1.641117,7.572000,-58.667000,-10.737000,111.003998,18.825001,15.713000,148.378998,-1.200000,0.480000,0.360000,-1.080000,3.000000,1.320000,-0.120000,-624.000000,-718.000000,360.000000,-1387.000000,331.000000,102.000000,55.000000,22.000000,22.000000,22.000000,22.000000,22.000000,22.000000,22.000000,37.000000,37.000000,37.000000,38.000000,39.000000,40.000000,43.000000,1,1,1,1,1,1,1,0,0,0,0,0,0,0,74,5376.541016,837,0,1,0.596842,-0.032504,-0.323804,-3.115000,-0.401000,0.080000,1
1.651141,7.555000,-58.665001,-10.743000,111.007004,18.855000,15.739000,148.378006,-0.720000,-0.360000,0.000000,0.720000,2.760000,0.120000,-0.720000,-651.000000,-1019.000000,335.000000,-863.000000,264.000000,-15.000000,-56.000000,22.000000,22.000000,22.000000,22.000000,22.000000,22.000000,22.000000,37.000000,37.000000,37.000000,38.000000,39.000000,40.000000,43.000000,1,1,1,1,1,1,1,0,0,0,0,0,0,0,74,5376.540039,836,0,1,0.596669,-0.032484,-0.323847,-3.115000,-0.400000,0.079000,1
1.661173,7.554000,-58.665001,-10.747000,111.017998,18.870001,15.746000,148.376999,-0.480000,-0.600000,0.000000,2.280000,2.510000,0.000000,-1.200000,-638.000000,-1380.000000,275.000000,-307.000000,320.000000,-178.000000,-111.000000,22.000000,22.000000,22.000000,22.000000,22.000000,22.000000,22.000000,37.000000,37.000000,37.000000,38.000000,39.000000,40.000000,43.000000,1,1,1,1,1,1,1,0,0,0,0,0,0,0,74,5376.536133,837,0,1,0.596531,-0.032450,-0.323897,-3.115000,-0.400000,0.079000,1
1.671005,7.551000,-58.672001,-10.750000,111.064003,18.902000,15.739000,148.378006,-0.120000,-1.920000,0.000000,5.760000,2.160000,-1.080000,-1.440000,-611.000000,-1944.000000,233.000000,-65.000000,340.000000,-472.000000,-148.000000,22.000000,22.000000,22.000000,22.000000,22.000000,22.000000,22.000000,37.000000,37.000000,37.000000,38.000000,39.000000,40.000000,43.000000,1,1,1,1,1,1,1,0,0,0,0,0,0,0,74,5376.536133,835,0,1,0.596190,-0.032357,-0.324016,-3.114000,-0.400000,0.078000,1
1.681094,7.548000,-58.691002,-10.750000,111.134003,18.929001,15.718000,148.373001,0.000000,-3.000000,0.000000,8.040000,2.160000,-2.400000,-2.160000,-481.000000,-2171.000000,197.000000,109.000000,341.000000,-526.000000,-183.000000,22.000000,22.000000,22.000000,22.000000,22.000000,22.000000,22.000000,37.000000,37.000000,37.000000,38.000000,39.000000,40.000000,43.000000,1,1,1,1,1,1,1,0,0,0,0,0,0,0,74,5376.537109,836,0,1,0.595782,-0.032272,-0.324129,-3.114000,-0.399000,0.078000,1
1.691203,7.550000,-58.730999,-10.747000,111.227997,18.944000,15.698000,148.363007,0.000000,-3.960000,-0.240000,9.480000,2.160000,-2.760000,-2.400000,-306.000000,-2197.000000,130.000000,127.000000,384.000000,-589.000000,-232.000000,22.000000,22.000000,22.000000,22.000000,22.000000,22.000000,22.000000,37.000000,37.000000,37.000000,38.000000,39.000000,40.000000,43.000000,1,1,1,1,1,1,1,0,0,0,0,0,0,0,74,5376.538086,837,0,1,0.595266,-0.032156,-0.324209,-3.113000,-0.398000,0.077000,1
1.701105,7.547000,-58.776001,-10.750000,111.338997,18.966000,15.669000,148.354996,0.000000,-4.920000,-0.120000,10.070000,1.680000,-3.480000,-3.000000,-200.000000,-2098.000000,55.000000,-325.000000,399.000000,-709.000000,-234.000000,22.000000,22.000000,22.000000,22.000000,22.000000,22.000000,22.000000,37.000000,37.000000,37.000000,38.000000,39.000000,40.000000,43.000000,1,1,1,1,1,1,1,0,0,0,0,0,0,0,74,5376.540039,836,0,1,0.594660,-0.032088,-0.324310,-3.113000,-0.398000,0.077000,1
1.711102,7.551000,-58.826000,-10.754000,111.449997,18.988001,15.621000,148.330994,0.360000,-5.030000,-0.480000,10.440000,1.800000,-3.720000,-3.240000,-39.000000,-1901.000000,-22.000000,-341.000000,460.000000,-660.000000,-296.000000,22.000000,22.000000,22.000000,22.000000,22.000000,22.000000,22.000000,37.000000,37.000000,37.000000,38.000000,39.000000,40.000000,43.000000,1,1,1,1,1,1,1,0,0,0,0,0,0,0,74,5376.540039,836,0,1,0.594189,-0.032069,-0.324363,-3.113000,-0.398000,0.077000,1
1.721291,7.553000,-58.845001,-10.757000,111.494003,18.990999,15.608000,148.311996,0.360000,-4.560000,-0.600000,9.000000,1.440000,-3.600000,-2.880000,3.000000,-2018.000000,-71.000000,-480.000000,454.000000,-642.000000,-304.000000,22.000000,22.000000,22.000000,22.000000,22.000000,22.000000,22.000000,37.000000,37.000000,37.000000,38.000000,39.000000,40.000000,43.000000,1,1,1,1,1,1,1,0,0,0,0,0,0,0,74,5376.538086,836,0,1,0.593960,-0.032076,-0.324397,-3.113000,-0.397000,0.077000,1
1.731112,7.561000,-58.901001,-10.772000,111.599998,19.010000,15.564000,148.274002,1.080000,-3.600000,-1.080000,8.160000,1.560000,-3.480000,-3.240000,38.000000,-2169.000000,-253.000000,-878.000000,460.000000,-537.000000,-318.000000,22.000000,22.000000,22.000000,22.000000,22.000000,22.000000,22.000000,37.000000,37.000000,37.000000,38.000000,39.000000,40.000000,43.000000,1,1,1,1,1,1,1,0,0,0,0,0,0,0,74,5376.540039,836,0,1,0.593544,-0.032147,-0.324399,-3.113000,-0.397000,0.077000,1
1.741105,7.570000,-58.933998,-10.791000,111.676003,19.028000,15.534000,148.231995,1.320000,-3.000000,-2.160000,4.800000,1.440000,-1.440000,-3.840000,89.000000,-1928.000000,-332.000000,-875.000000,482.000000,-563.000000,-362.000000,22.000000,22.000000,22.000000,22.000000,22.000000,22.000000,22.000000,37.000000,37.000000,37.000000,38.000000,39.000000,40.000000,43.000000,1,1,1,1,1,1,1,0,0,0,0,0,0,0,74,5376.537109,836,0,1,0.593194,-0.032238,-0.324451,-3.113000,-0.397000,0.077000,1
1.751138,7.587000,-58.959000,-10.816000,111.710999,19.039000,15.530000,148.190002,1.920000,-1.800000,-3.120000,1.800000,1.080000,0.000000,-4.320000,155.000000,-1819.000000,-357.000000,-1090.000000,514.000000,-621.000000,-394.000000,22.000000,22.000000,22.000000,22.000000,22.000000,22.000000,22.000000,37.000000,37.000000,37.000000,38.000000,39.000000,40.000000,43.000000,1,1,1,1,1,1,1,0,0,0,0,0,0,0,74,5376.538086,838,0,1,0.593009,-0.032333,-0.324447,-3.113000,-0.397000,0.077000,1
1.761177,7.608000,-58.970001,-10.839000,111.718002,19.046000,15.529000,148.167007,2.760000,-0.840000,-3.600000,-0.360000,0.720000,0.240000,-4.440000,177.000000,-1684.000000,-630.000000,-1342.000000,499.000000,-435.000000,-329.000000,22.000000,22.000000,22.000000,22.000000,22.000000,22.000000,22.000000,37.000000,37.000000,37.000000,38.000000,39.000000,40.000000,43.000000,1,1,1,1,1,1,1,0,0,0,0,0,0,0,74,5376.538086,836,0,1,0.592996,-0.032413,-0.324423,-3.113000,-0.397000,0.077000,1
1.771109,7.634000,-58.973000,-10.872000,111.704002,19.052999,15.533000,148.125000,3.000000,0.360000,-5.400000,-3.840000,0.240000,1.800000,-4.920000,326.000000,-1297.000000,-541.000000,-2778.000000,491.000000,84.000000,-417.000000,22.000000,22.000000,22.000000,22.000000,22.000000,22.000000,22.000000,37.000000,37.000000,37.000000,38.000000,39.000000,40.000000,43.000000,1,1,1,1,1,1,1,0,0,0,0,0,0,0,74,5376.541016,836,0,1,0.593092,-0.032568,-0.324384,-3.113000,-0.397000,0.077000,1
1.781087,7.679000,-58.965000,-10.925000,111.638000,19.056999,15.580000,148.065002,4.080000,2.280000,-7.560000,-8.760000,0.000000,5.030000,-4.320000,388.000000,-201.000000,-681.000000,-3487.000000,451.000000,264.000000,-465.000000,22.000000,22.000000,22.000000,22.000000,22.000000,22.000000,22.000000,37.000000,37.000000,37.000000,38.000000,39.000000,40.000000,43.000000,1,1,1,1,1,1,1,0,0,0,0,0,0,0,74,5376.541016,836,0,1,0.593344,-0.032755,-0.324295,-3.113000,-0.397000,0.077000,1
1.791080,7.738000,-58.915001,-11.012000,111.489998,19.058001,15.645000,148.003006,5.640000,5.760000,-9.600000,-15.120000,0.000000,8.280000,-5.030000,325.000000,-199.000000,-686.000000,-3990.000000,332.000000,98.000000,-528.000000,22.000000,22.000000,22.000000,22.000000,22.000000,22.000000,22.000000,37.000000,37.000000,37.000000,38.000000,39.000000,40.000000,43.000000,1,1,1,1,1,1,1,0,0,0,0,0,0,0,74,5376.540039,836,0,1,0.593985,-0.033187,-0.324192,-3.113000,-0.398000,0.077000,1
1.801104,7.776000,-58.882000,-11.071000,111.383003,19.058001,15.700000,147.970001,6.960000,8.280000,-10.920000,-18.959999,0.000000,11.640000,-5.760000,357.000000,-225.000000,-815.000000,-3907.000000,270.000000,251.000000,-586.000000,22.000000,22.000000,22.000000,22.000000,22.000000,22.000000,22.000000,37.000000,37.000000,37.000000,38.000000,39.000000,40.000000,43.000000,1,1,1,1,1,1,1,0,0,0,0,0,0,0,74,5376.541016,836,0,1,0.594420,-0.033467,-0.324108,-3.113000,-0.398000,0.077000,1
1.811285,7.860000,-58.785000,-11.206000,111.113998,19.058001,15.873000,147.899002,6.960000,9.350000,-12.960000,-22.680000,-0.360000,13.200000,-6.960000,457.000000,-176.000000,-948.000000,-3563.000000,125.000000,98.000000,-534.000000,22.000000,22.000000,22.000000,22.000000,22.000000,22.000000,22.000000,37.000000,37.000000,37.000000,38.000000,39.000000,40.000000,43.000000,1,1,1,1,1,1,1,0,0,0,0,0,0,0,74,5376.540039,836,0,1,0.595245,-0.034002,-0.324023,-3.113000,-0.398000,0.077000,1
1.821114,7.969000,-58.655998,-11.365000,110.787003,19.056999,16.021999,147.815994,8.880000,12.960000,-15.480000,-29.160000,-0.600000,15.710000,-6.840000,439.000000,-109.000000,-1061.000000,-4272.000000,37.000000,454.000000,-528.000000,22.000000,22.000000,22.000000,22.000000,22.000000,22.000000,22.000000,37.000000,37.000000,37.000000,38.000000,39.000000,40.000000,43.000000,1,1,1,1,1,1,1,0,0,0,0,0,0,0,74,5376.536133,836,0,1,0.596542,-0.034765,-0.323901,-3.113000,-0.399000,0.077000,1
1.831153,8.020000,-58.585999,-11.454000,110.658997,19.054001,16.122000,147.776001,9.480000,12.710000,-15.840000,-31.309999,-1.080000,18.600000,-6.480000,568.000000,14.000000,-604.000000,-3989.000000,-13.000000,476.000000,-518.000000,22.000000,22.000000,22.000000,22.000000,22.000000,22.000000,22.000000,37.000000,37.000000,37.000000,38.000000,39.000000,40.000000,43.000000,1,1,1,1,1,1,1,0,0,0,0,0,0,0,74,5376.540039,836,0,1,0.596663,-0.035105,-0.324051,-3.113000,-0.399000,0.076000,1
1.841136,8.125000,-58.445000,-11.627000,110.234001,19.044001,16.368000,147.695007,10.320000,15.120000,-17.639999,-36.360001,-1.440000,20.879999,-8.160000,612.000000,-149.000000,-734.000000,-3974.000000,-74.000000,76.000000,-478.000000,22.000000,22.000000,22.000000,22.000000,22.000000,22.000000,22.000000,37.000000,37.000000,37.000000,38.000000,39.000000,40.000000,43.000000,1,1,1,1,1,1,1,0,0,0,0,0,0,0,74,5376.538086,837,0,1,0.598225,-0.035887,-0.323761,-3.113000,-0.399000,0.076000,1
1.851095,8.231000,-58.275002,-11.803000,109.865997,19.033001,16.568001,147.604996,10.440000,17.520000,-18.120001,-40.680000,-2.160000,22.200001,-7.920000,643.000000,0.000000,-1058.000000,-3727.000000,-97.000000,459.000000,-467.000000,22.000000,22.000000,22.000000,22.000000,22.000000,22.000000,22.000000,37.000000,37.000000,37.000000,38.000000,39.000000,40.000000,43.000000,1,1,1,1,1,1,1,0,0,0,0,0,0,0,74,5376.541016,836,0,1,0.599338,-0.036724,-0.323819,-3.113000,-0.399000,0.076000,1
1.861208,8.385000,-58.014000,-12.074000,109.264999,19.028000,16.834999,147.511002,11.520000,17.760000,-19.200001,-43.919998,-2.400000,25.200001,-7.560000,585.000000,125.000000,-507.000000,-3018.000000,-150.000000,460.000000,-504.000000,22.000000,22.000000,22.000000,22.000000,22.000000,22.000000,22.000000,37.000000,37.000000,37.000000,38.000000,39.000000,40.000000,43.000000,1,1,1,1,1,1,1,0,0,0,0,0,0,0,74,5376.542969,837,0,1,0.601599,-0.038196,-0.323704,-3.114000,-0.401000,0.076000,1
1.871126,8.515000,-57.804001,-12.297000,108.795998,19.021999,17.111000,147.432007,12.480000,19.440001,-20.879999,-46.680000,-2.640000,26.160000,-7.560000,421.000000,-332.000000,-829.000000,-3691.000000,-148.000000,281.000000,-463.000000,22.000000,22.000000,22.000000,22.000000,22.000000,22.000000,22.000000,37.000000,37.000000,37.000000,38.000000,39.000000,40.000000,43.000000,1,1,1,1,1,1,1,0,0,0,0,0,0,0,74,5376.541016,836,0,1,0.602923,-0.039195,-0.323760,-3.113000,-0.400000,0.075000,1
1.881090,8.577000,-57.709000,-12.388000,108.577003,19.014000,17.289000,147.380997,12.960000,20.879999,-20.400000,-47.279999,-2.510000,26.639999,-7.560000,566.000000,-106.000000,-597.000000,-2974.000000,-218.000000,258.000000,-448.000000,22.000000,22.000000,22.000000,22.000000,22.000000,22.000000,22.000000,37.000000,37.000000,37.000000,38.000000,39.000000,40.000000,43.000000,1,1,1,1,1,1,1,0,0,0,0,0,0,0,74,5376.538086,836,0,1,0.603279,-0.039417,-0.323836,-3.113000,-0.400000,0.075000,1
1.891305,8.741000,-57.452999,-12.654000,107.991997,18.990999,17.573999,147.300003,13.080000,20.879999,-21.360001,-50.400002,-2.880000,28.799999,-7.800000,126.000000,-273.000000,-397.000000,-3531.000000,-266.000000,233.000000,-460.000000,22.000000,22.000000,22.000000,22.000000,22.000000,22.000000,21.000000,37.000000,37.000000,37.000000,38.000000,39.000000,40.000000,43.000000,1,1,1,1,1,1,1,0,0,0,0,0,0,0,74,5376.538086,835,0,1,0.605280,-0.040790,-0.323796,-3.113000,-0.400000,0.075000,1
1.901123,8.893000,-57.195999,-12.918000,107.400002,18.976999,17.920000,147.210999,13.320000,21.000000,-20.760000,-51.480000,-2.280000,28.309999,-7.200000,206.000000,-365.000000,-312.000000,-2909.000000,-345.000000,452.000000,-456.000000,22.000000,22.000000,22.000000,22.000000,22.000000,22.000000,21.000000,37.000000,37.000000,37.000000,38.000000,39.000000,40.000000,43.000000,1,1,1,1,1,1,1,0,0,0,0,0,0,0,74,5376.536133,836,0,1,0.606988,-0.042016,-0.323806,-3.113000,-0.400000,0.074000,1
1.911144,9.030000,-56.984001,-13.163000,106.891998,18.951000,18.274000,147.134003,13.440000,21.000000,-20.760000,-50.279999,-2.160000,28.680000,-6.720000,249.000000,-549.000000,-408.000000,-2869.000000,-418.000000,431.000000,-522.000000,22.000000,22.000000,22.000000,22.000000,21.000000,22.000000,21.000000,37.000000,37.000000,37.000000,38.000000,39.000000,40.000000,43.000000,1,1,1,1,1,1,1,0,0,0,0,0,0,0,74,5376.534180,837,0,1,0.608127,-0.043062,-0.323857,-3.113000,-0.399000,0.074000,1
1.921149,9.199000,-56.734001,-13.440000,106.276001,18.921000,18.558001,147.042007,12.600000,20.639999,-20.520000,-50.279999,-2.640000,29.160000,-7.680000,213.000000,-301.000000,11.000000,-3822.000000,-395.000000,256.000000,-497.000000,22.000000,22.000000,22.000000,22.000000,21.000000,22.000000,21.000000,37.000000,37.000000,37.000000,38.000000,39.000000,40.000000,43.000000,1,1,1,1,1,1,1,0,0,0,0,0,0,0,74,5376.536133,837,0,1,0.610394,-0.044636,-0.323665,-3.114000,-0.401000,0.073000,1
1.931224,9.275000,-56.606998,-13.569000,105.971001,18.892000,18.782000,146.992004,13.080000,21.959999,-21.600000,-51.119999,-2.760000,29.040001,-7.070000,221.000000,-125.000000,-253.000000,-3256.000000,-388.000000,542.000000,-528.000000,22.000000,22.000000,22.000000,22.000000,21.000000,22.000000,21.000000,37.000000,37.000000,37.000000,38.000000,39.000000,40.000000,43.000000,1,1,1,1,1,1,1,0,0,0,0,0,0,0,74,5376.540039,836,0,1,0.611011,-0.045169,-0.323709,-3.113000,-0.400000,0.074000,1
1.941121,9.437000,-56.349998,-13.820000,105.338997,18.858000,19.063999,146.919998,13.320000,22.080000,-20.280001,-52.680000,-3.000000,28.680000,-6.600000,184.000000,-167.000000,-248.000000,-2749.000000,-342.000000,274.000000,-540.000000,22.000000,22.000000,22.000000,22.000000,21.000000,22.000000,21.000000,37.000000,37.000000,37.000000,38.000000,39.000000,40.000000,43.000000,1,1,1,1,1,1,1,0,0,0,0,0,0,0,74,5376.543945,836,0,1,0.613399,-0.046610,-0.323485,-3.114000,-0.401000,0.074000,1
1.951239,9.578000,-56.109001,-14.046000,104.792999,18.833000,19.356001,146.852005,12.240000,21.719999,-20.760000,-54.720001,-2.880000,29.520000,-6.480000,253.000000,-168.000000,-250.000000,-2841.000000,-257.000000,381.000000,-522.000000,22.000000,22.000000,22.000000,22.000000,21.000000,22.000000,21.000000,37.000000,37.000000,37.000000,38.000000,39.000000,40.000000,43.000000,1,1,1,1,1,1,1,0,0,0,0,0,0,0,74,5376.543945,838,0,1,0.615067,-0.047741,-0.323481,-3.114000,-0.402000,0.074000,1
1.961243,9.656000,-55.971001,-14.171000,104.502998,18.808001,19.533001,146.807999,12.960000,23.160000,-19.440001,-53.279999,-3.240000,29.280001,-6.480000,152.000000,-64.000000,-509.000000,-2407.000000,-263.000000,576.000000,-397.000000,22.000000,22.000000,22.000000,22.000000,21.000000,22.000000,21.000000,37.000000,37.000000,37.000000,38.000000,39.000000,40.000000,43.000000,1,1,1,1,1,1,1,0,0,0,0,0,0,0,74,5376.543945,837,0,1,0.615743,-0.048332,-0.323592,-3.114000,-0.401000,0.074000,1
1.971140,9.810000,-55.685001,-14.420000,103.866997,18.764000,19.954000,146.731003,12.710000,23.160000,-20.400000,-51.599998,-3.120000,31.080000,-6.120000,456.000000,-144.000000,-232.000000,-2717.000000,-137.000000,480.000000,-445.000000,22.000000,22.000000,22.000000,22.000000,21.000000,22.000000,21.000000,37.000000,37.000000,37.000000,38.000000,39.000000,40.000000,43.000000,1,1,1,1,1,1,1,0,0,0,0,0,0,0,74,5376.540039,836,0,1,0.617179,-0.049402,-0.323732,-3.114000,-0.400000,0.074000,1
1.981050,9.971000,-55.403999,-14.664000,103.230003,18.735001,20.278999,146.660995,12.360000,22.799999,-19.440001,-51.240002,-2.760000,30.120001,-5.520000,427.000000,-362.000000,-439.000000,-2720.000000,-184.000000,305.000000,-529.000000,22.000000,22.000000,22.000000,22.000000,21.000000,22.000000,21.000000,37.000000,37.000000,37.000000,38.000000,39.000000,40.000000,43.000000,1,1,1,1,1,1,1,0,0,0,0,0,0,0,74,5376.540039,838,0,1,0.619197,-0.050650,-0.323707,-3.114000,-0.401000,0.074000,1
1.991094,10.100000,-55.175999,-14.865000,102.676003,18.702000,20.608999,146.600998,12.710000,23.400000,-20.150000,-51.599998,-2.510000,31.080000,-5.760000,472.000000,-564.000000,-200.000000,-3160.000000,-175.000000,584.000000,-445.000000,22.000000,22.000000,22.000000,22.000000,21.000000,22.000000,22.000000,37.000000,37.000000,37.000000,38.000000,39.000000,40.000000,43.000000,1,1,1,1,1,1,1,0,0,0,0,0,0,0,74,5376.537109,836,0,1,0.620766,-0.051612,-0.323635,-3.115000,-0.401000,0.075000,1
2.001204,10.178000,-55.036999,-14.982000,102.376999,18.684999,20.791000,146.563995,13.920000,23.400000,-20.040001,-52.799999,-2.160000,31.309999,-6.120000,262.000000,-380.000000,-802.000000,-3509.000000,-202.000000,328.000000,-494.000000,22.000000,22.000000,22.000000,22.000000,21.000000,22.000000,22.000000,37.000000,37.000000,37.000000,38.000000,39.000000,40.000000,43.000000,1,1,1,1,1,1,1,0,0,0,0,0,0,0,74,5376.533203,835,0,1,0.621492,-0.052125,-0.323714,-3.114000,-0.400000,0.075000,1
2.011120,10.336000,-54.765999,-15.217000,101.742996,18.656000,21.200001,146.501007,13.680000,22.680000,-20.400000,-55.439999,-2.160000,31.430000,-5.880000,322.000000,-399.000000,-263.000000,-3879.000000,-258.000000,386.000000,-507.000000,22.000000,22.000000,22.000000,22.000000,21.000000,22.000000,22.000000,37.000000,37.000000,37.000000,38.000000,39.000000,40.000000,43.000000,1,1,1,1,1,1,1,0,0,0,0,0,0,0,74,5376.532227,838,0,1,0.623044,-0.053072,-0.323744,-3.114000,-0.400000,0.075000,1
2.021087,10.493000,-54.471001,-15.448000,101.086998,18.634001,21.497999,146.434998,12.960000,23.760000,-20.400000,-55.799999,-1.920000,30.959999,-5.520000,412.000000,-688.000000,-714.000000,-3250.000000,-267.000000,579.000000,-520.000000,22.000000,22.000000,22.000000,22.000000,21.000000,22.000000,22.000000,37.000000,37.000000,37.000000,38.000000,39.000000,40.000000,43.000000,1,1,1,1,1,1,1,0,0,0,0,0,0,0,74,5376.536133,838,0,1,0.625282,-0.054356,-0.323694,-3.115000,-0.401000,0.075000,1
2.031144,10.632000,-54.227001,-15.647000,100.497002,18.621000,21.827000,146.382996,13.080000,23.520000,-21.240000,-54.840000,-1.560000,30.120001,-5.030000,284.000000,-454.000000,-355.000000,-2879.000000,-311.000000,328.000000,-499.000000,22.000000,22.000000,22.000000,22.000000,21.000000,22.000000,22.000000,37.000000,37.000000,37.000000,38.000000,39.000000,40.000000,43.000000,1,1,1,1,1,1,1,0,0,0,0,0,0,0,74,5376.542969,836,0,1,0.627085,-0.055263,-0.323581,-3.114000,-0.401000,0.075000,1
2.041094,10.796000,-53.932999,-15.836000,99.956001,18.598000,22.177999,146.319000,13.080000,23.760000,-19.559999,-54.840000,-1.440000,31.430000,-5.030000,294.000000,-397.000000,-743.000000,-2500.000000,-323.000000,582.000000,-433.000000,22.000000,22.000000,22.000000,22.000000,21.000000,22.000000,22.000000,37.000000,37.000000,37.000000,38.000000,39.000000,40.000000,43.000000,1,1,1,1,1,1,1,0,0,0,0,0,0,0,74,5376.546875,836,0,1,0.628042,-0.055744,-0.324057,-3.113000,-0.399000,0.076000,1
2.051143,10.849000,-53.838001,-15.942000,99.628998,18.591000,22.361000,146.289001,13.440000,23.040001,-21.000000,-56.279999,-1.200000,28.799999,-4.920000,262.000000,-377.000000,-685.000000,-2835.000000,-359.000000,444.000000,-459.000000,22.000000,22.000000,22.000000,22.000000,21.000000,22.000000,22.000000,37.000000,37.000000,37.000000,38.000000,39.000000,40.000000,43.000000,1,1,1,1,1,1,1,0,0,0,0,0,0,0,74,5376.543945,838,0,1,0.629248,-0.056401,-0.323702,-3.114000,-0.400000,0.076000,1
2.061214,10.986000,-53.591000,-16.156000,99.047997,18.570999,22.701000,146.240997,12.240000,22.440001,-20.040001,-52.560001,-1.080000,29.400000,-4.200000,236.000000,-488.000000,-305.000000,-2616.000000,-309.000000,342.000000,-558.000000,22.000000,22.000000,22.000000,22.000000,21.000000,22.000000,22.000000,37.000000,37.000000,37.000000,38.000000,39.000000,40.000000,43.000000,1,1,1,1,1,1,1,0,0,0,0,0,0,0,74,5376.538086,837,0,1,0.630818,-0.057419,-0.323674,-3.114000,-0.400000,0.076000,1
2.071133,11.140000,-53.327000,-16.382000,98.463997,18.555000,22.997000,146.195999,11.520000,21.360001,-18.480000,-49.439999,-0.960000,28.920000,-4.320000,286.000000,-472.000000,-342.000000,-2759.000000,-332.000000,170.000000,-554.000000,22.000000,22.000000,22.000000,22.000000,21.000000,22.000000,22.000000,37.000000,37.000000,37.000000,38.000000,39.000000,40.000000,43.000000,1,1,1,1,1,1,1,0,0,0,0,0,0,0,74,5376.537109,836,0,1,0.632558,-0.058559,-0.323702,-3.114000,-0.401000,0.076000,1
2.081121,11.265000,-53.123001,-16.559999,97.970001,18.542000,23.313999,146.147995,12.240000,19.799999,-18.600000,-47.639999,-0.840000,27.360001,-4.080000,36.000000,-769.000000,46.000000,-2833.000000,-338.000000,474.000000,-479.000000,22.000000,22.000000,22.000000,22.000000,21.000000,22.000000,22.000000,37.000000,37.000000,37.000000,38.000000,39.000000,40.000000,43.000000,1,1,1,1,1,1,1,0,0,0,0,0,0,0,74,5376.534180,837,0,1,0.633761,-0.059269,-0.323684,-3.114000,-0.400000,0.076000,1
2.091062,11.396000,-52.889999,-16.771999,97.428001,18.538000,23.566999,146.104996,10.560000,18.360001,-16.799999,-43.320000,-0.600000,23.639999,-3.960000,135.000000,-621.000000,-637.000000,-2719.000000,-354.000000,222.000000,-490.000000,22.000000,22.000000,22.000000,22.000000,21.000000,22.000000,22.000000,37.000000,37.000000,37.000000,38.000000,39.000000,40.000000,43.000000,1,1,1,1,1,1,1,0,0,0,0,0,0,0,74,5376.533203,838,0,1,0.635557,-0.060477,-0.323581,-3.114000,-0.401000,0.076000,1
2.101155,11.516000,-52.705002,-16.947001,96.987999,18.533001,23.847000,146.052994,9.120000,16.200001,-16.440001,-38.880001,-0.120000,21.959999,-3.720000,99.000000,-628.000000,64.000000,-2301.000000,-355.000000,101.000000,-488.000000,22.000000,22.000000,22.000000,22.000000,21.000000,22.000000,22.000000,37.000000,37.000000,37.000000,38.000000,39.000000,40.000000,43.000000,1,1,1,1,1,1,1,0,0,0,0,0,0,0,74,5376.540039,837,0,1,0.636586,-0.061204,-0.323600,-3.114000,-0.401000,0.076000,1
2.111091,11.550000,-52.616001,-17.045000,96.760002,18.532000,23.929001,146.037003,8.280000,16.440001,-14.400000,-35.759998,0.000000,21.000000,-3.840000,151.000000,-721.000000,-318.000000,-1653.000000,-369.000000,268.000000,-489.000000,22.000000,22.000000,22.000000,22.000000,21.000000,22.000000,22.000000,37.000000,37.000000,37.000000,38.000000,39.000000,40.000000,43.000000,1,1,1,1,1,1,1,0,0,0,0,0,0,0,74,5376.543945,837,0,1,0.637498,-0.061996,-0.323449,-3.115000,-0.401000,0.076000,1
2.121115,11.635000,-52.458000,-17.216000,96.405998,18.528999,24.124001,145.994995,7.680000,13.800000,-10.680000,-32.400002,0.000000,17.760000,-3.240000,254.000000,-605.000000,-272.000000,-1901.000000,-279.000000,620.000000,-455.000000,22.000000,22.000000,22.000000,22.000000,21.000000,22.000000,22.000000,37.000000,37.000000,37.000000,38.000000,39.000000,40.000000,43.000000,1,1,1,1,1,1,1,0,0,0,0,0,0,0,74,5376.543945,837,0,1,0.638397,-0.062999,-0.323480,-3.116000,-0.401000,0.076000,1
2.131138,11.721000,-52.306999,-17.368000,96.049004,18.513000,24.318001,145.947006,6.000000,11.640000,-10.440000,-27.120001,0.000000,15.840000,-3.720000,271.000000,-783.000000,182.000000,-1598.000000,-138.000000,393.000000,-468.000000,22.000000,22.000000,22.000000,22.000000,21.000000,22.000000,22.000000,37.000000,37.000000,37.000000,38.000000,39.000000,40.000000,43.000000,1,1,1,1,1,1,1,0,0,0,0,0,0,0,74,5376.543945,837,0,1,0.639382,-0.063894,-0.323447,-3.116000,-0.401000,0.076000,1
2.141095,11.784000,-52.201000,-17.473000,95.820000,18.506001,24.499001,145.901001,5.160000,9.720000,-8.880000,-20.879999,0.360000,12.840000,-3.240000,166.000000,-861.000000,43.000000,-1369.000000,-55.000000,537.000000,-432.000000,22.000000,22.000000,22.000000,22.000000,21.000000,22.000000,22.000000,37.000000,37.000000,37.000000,38.000000,39.000000,40.000000,43.000000,1,1,1,1,1,1,1,0,0,0,0,0,0,0,74,5376.541016,836,0,1,0.639636,-0.064302,-0.323576,-3.116000,-0.401000,0.077000,1
2.151137,11.844000,-52.085999,-17.582001,95.586998,18.503000,24.641001,145.865997,3.960000,7.680000,-7.200000,-17.400000,0.720000,12.120000,-3.360000,339.000000,-848.000000,244.000000,-2160.000000,-12.000000,318.000000,-425.000000,22.000000,22.000000,22.000000,22.000000,21.000000,22.000000,22.000000,37.000000,37.000000,37.000000,38.000000,39.000000,40.000000,43.000000,1,1,1,1,1,1,1,0,0,0,0,0,0,0,74,5376.541016,837,0,1,0.640083,-0.064850,-0.323701,-3.117000,-0.400000,0.077000,1
2.161266,11.859000,-52.056000,-17.601999,95.550003,18.503000,24.690001,145.850998,3.960000,6.840000,-6.350000,-15.360000,1.080000,9.240000,-2.760000,170.000000,-1178.000000,237.000000,-2263.000000,21.000000,-29.000000,-460.000000,22.000000,22.000000,22.000000,22.000000,21.000000,22.000000,22.000000,37.000000,37.000000,37.000000,38.000000,39.000000,40.000000,43.000000,1,1,1,1,1,1,1,0,0,0,0,0,0,0,74,5376.537109,836,0,1,0.639937,-0.064838,-0.323846,-3.116000,-0.399000,0.077000,1
2.171123,11.895000,-51.987999,-17.677000,95.379997,18.496000,24.792000,145.817993,3.000000,4.440000,-4.670000,-11.400000,1.320000,8.400000,-2.640000,141.000000,-1101.000000,-401.000000,-2345.000000,56.000000,17.000000,-532.000000,22.000000,22.000000,22.000000,22.000000,21.000000,22.000000,22.000000,37.000000,37.000000,37.000000,38.000000,39.000000,40.000000,43.000000,1,1,1,1,1,1,1,0,0,0,0,0,0,0,74,5376.536133,835,0,1,0.640373,-0.065296,-0.323806,-3.117000,-0.399000,0.077000,1
2.181069,11.929000,-51.953999,-17.711000,95.288002,18.497999,24.864000,145.789001,2.160000,2.760000,-3.240000,-7.200000,1.800000,4.560000,-2.400000,-42.000000,-941.000000,-238.000000,-2341.000000,131.000000,-139.000000,-571.000000,22.000000,22.000000,22.000000,22.000000,21.000000,22.000000,22.000000,37.000000,37.000000,37.000000,38.000000,39.000000,40.000000,43.000000,1,1,1,1,1,1,1,0,0,0,0,0,0,0,74,5376.533203,839,0,1,0.640537,-0.065346,-0.323807,-3.116000,-0.399000,0.078000,1
2.191084,11.947000,-51.931999,-17.737000,95.230003,18.516001,24.903000,145.759003,1.200000,1.680000,-2.880000,-3.600000,1.800000,2.640000,-2.510000,-58.000000,-924.000000,-154.000000,-2268.000000,183.000000,119.000000,-613.000000,22.000000,22.000000,22.000000,22.000000,21.000000,22.000000,22.000000,37.000000,37.000000,37.000000,38.000000,39.000000,40.000000,43.000000,1,1,1,1,1,1,1,0,0,0,0,0,0,0,74,5376.537109,836,0,1,0.640691,-0.065416,-0.323792,-3.116000,-0.399000,0.078000,1
2.201106,11.954000,-51.922001,-17.766001,95.202003,18.535000,24.917999,145.727997,0.000000,0.000000,-1.560000,-0.720000,1.800000,0.480000,-3.120000,-6.000000,-952.000000,-54.000000,-2194.000000,268.000000,242.000000,-606.000000,22.000000,22.000000,22.000000,22.000000,21.000000,22.000000,22.000000,37.000000,37.000000,37.000000,38.000000,39.000000,40.000000,43.000000,1,1,1,1,1,1,1,0,0,0,0,0,0,0,74,5376.538086,837,0,1,0.640786,-0.065600,-0.323770,-3.117000,-0.399000,0.078000,1
2.211140,11.955000,-51.924000,-17.781000,95.198997,18.547001,24.917000,145.710007,0.000000,0.000000,-0.960000,0.000000,2.160000,0.000000,-2.760000,-61.000000,-1040.000000,-11.000000,-2060.000000,328.000000,235.000000,-551.000000,22.000000,22.000000,22.000000,22.000000,21.000000,22.000000,22.000000,37.000000,37.000000,37.000000,38.000000,39.000000,40.000000,43.000000,1,1,1,1,1,1,1,0,0,0,0,0,0,0,74,5376.540039,837,0,1,0.640816,-0.065717,-0.323749,-3.117000,-0.399000,0.078000,1
2.221143,11.953000,-51.921001,-17.802000,95.199997,18.562000,24.917999,145.682007,0.000000,-0.120000,-0.600000,0.480000,1.800000,0.000000,-2.880000,-358.000000,-1383.000000,35.000000,-1212.000000,439.000000,50.000000,-540.000000,22.000000,22.000000,22.000000,22.000000,22.000000,22.000000,22.000000,37.000000,37.000000,37.000000,38.000000,39.000000,40.000000,43.000000,1,1,1,1,1,1,1,0,0,0,0,0,0,0,74,5376.538086,836,0,1,0.640767,-0.065879,-0.323775,-3.117000,-0.399000,0.078000,1
2.231166,11.953000,-51.922001,-17.808001,95.210999,18.587999,24.921000,145.651001,-0.360000,-0.360000,-0.240000,1.680000,2.160000,-0.240000,-2.880000,-649.000000,-1706.000000,26.000000,-736.000000,520.000000,-131.000000,-502.000000,22.000000,22.000000,22.000000,22.000000,22.000000,22.000000,22.000000,37.000000,37.000000,37.000000,38.000000,39.000000,40.000000,43.000000,1,1,1,1,1,1,1,0,0,0,0,0,0,0,74,5376.540039,837,0,1,0.640687,-0.065851,-0.323807,-3.117000,-0.399000,0.078000,1
2.241080,11.946000,-51.921001,-17.806000,95.230003,18.615000,24.921000,145.617996,-0.480000,-0.360000,0.000000,2.160000,2.400000,-0.240000,-2.880000,-858.000000,-1960.000000,-28.000000,-560.000000,516.000000,-196.000000,-515.000000,22.000000,22.000000,22.000000,22.000000,22.000000,22.000000,22.000000,37.000000,37.000000,37.000000,38.000000,39.000000,40.000000,43.000000,1,1,1,1,1,1,1,0,0,0,0,0,0,0,74,5376.538086,840,0,1,0.640552,-0.065767,-0.323877,-3.117000,-0.399000,0.078000,1
2.251120,11.939000,-51.925999,-17.804001,95.254997,18.642000,24.919001,145.589005,-1.080000,-0.480000,0.000000,2.160000,2.400000,0.000000,-2.640000,-929.000000,-2024.000000,-2.000000,-542.000000,538.000000,-262.000000,-492.000000,22.000000,22.000000,22.000000,22.000000,22.000000,22.000000,22.000000,37.000000,37.000000,37.000000,38.000000,39.000000,40.000000,43.000000,1,1,1,1,1,1,1,0,0,0,0,0,0,0,74,5376.537109,837,0,1,0.640411,-0.065687,-0.323922,-3.117000,-0.399000,0.078000,1
2.261224,11.921000,-51.925999,-17.797001,95.279999,18.667999,24.921000,145.559006,-1.560000,0.000000,0.120000,1.680000,2.510000,0.000000,-2.160000,-1037.000000,-1963.000000,127.000000,-739.000000,602.000000,-257.000000,-458.000000,22.000000,22.000000,22.000000,22.000000,22.000000,22.000000,22.000000,37.000000,37.000000,37.000000,38.000000,39.000000,40.000000,43.000000,1,1,1,1,1,1,1,0,0,0,0,0,0,0,74,5376.534180,836,0,1,0.640234,-0.065609,-0.323993,-3.117000,-0.398000,0.079000,1
2.271227,11.900000,-51.928001,-17.785000,95.294998,18.701000,24.923000,145.541000,-2.400000,0.000000,0.600000,0.360000,3.120000,0.000000,-1.200000,-1198.000000,-1748.000000,250.000000,-1051.000000,678.000000,-198.000000,-423.000000,22.000000,22.000000,22.000000,22.000000,22.000000,22.000000,22.000000,37.000000,37.000000,37.000000,38.000000,39.000000,40.000000,43.000000,1,1,1,1,1,1,1,0,0,0,0,0,0,0,74,5376.534180,837,0,1,0.640157,-0.065484,-0.324009,-3.116000,-0.398000,0.079000,1
2.281266,11.867000,-51.928001,-17.763000,95.293999,18.749001,24.926001,145.529999,-4.080000,0.840000,1.800000,-0.720000,3.960000,0.360000,-0.600000,-1250.000000,-909.000000,404.000000,-2007.000000,585.000000,66.000000,-377.000000,22.000000,22.000000,22.000000,22.000000,22.000000,22.000000,22.000000,37.000000,37.000000,37.000000,38.000000,39.000000,40.000000,43.000000,1,1,1,1,1,1,1,0,0,0,0,0,0,0,74,5376.536133,836,0,1,0.640253,-0.065322,-0.323940,-3.116000,-0.399000,0.078000,1
2.291211,11.841000,-51.922001,-17.750999,95.289001,18.767000,24.929001,145.524002,-4.670000,1.800000,2.400000,-2.160000,4.080000,0.840000,0.000000,-1297.000000,-444.000000,415.000000,-2803.000000,550.000000,167.000000,-323.000000,22.000000,22.000000,22.000000,22.000000,22.000000,22.000000,22.000000,37.000000,37.000000,37.000000,38.000000,39.000000,40.000000,43.000000,1,1,1,1,1,1,1,0,0,0,0,0,0,0,74,5376.536133,836,0,1,0.640288,-0.065298,-0.323922,-3.116000,-0.399000,0.078000,1
2.301067,11.773000,-51.896000,-17.736000,95.253998,18.822001,24.950001,145.524002,-6.480000,4.440000,3.600000,-5.760000,4.670000,2.400000,1.200000,-1395.000000,-229.000000,634.000000,-3224.000000,419.000000,301.000000,39.000000,22.000000,22.000000,22.000000,22.000000,22.000000,22.000000,22.000000,37.000000,37.000000,37.000000,38.000000,39.000000,40.000000,43.000000,1,1,1,1,1,1,1,0,0,0,0,0,0,0,74,5376.541016,836,0,1,0.640441,-0.065345,-0.323873,-3.117000,-0.399000,0.078000,1
2.311086,11.690000,-51.825001,-17.695999,95.160004,18.868999,24.987000,145.526001,-8.640000,7.320000,4.920000,-9.720000,4.670000,4.800000,2.640000,-1426.000000,-113.000000,729.000000,-3737.000000,438.000000,402.000000,198.000000,22.000000,22.000000,22.000000,22.000000,22.000000,22.000000,22.000000,37.000000,37.000000,37.000000,38.000000,39.000000,40.000000,43.000000,1,1,1,1,1,1,1,0,0,0,0,0,0,0,74,5376.543945,837,0,1,0.640802,-0.065286,-0.323891,-3.117000,-0.399000,0.079000,1
2.321062,11.565000,-51.719002,-17.622000,95.004997,18.931999,25.062000,145.529999,-11.040000,10.560000,6.840000,-14.520000,5.280000,8.040000,4.320000,-1343.000000,207.000000,838.000000,-4074.000000,518.000000,397.000000,272.000000,22.000000,22.000000,22.000000,22.000000,22.000000,22.000000,22.000000,37.000000,37.000000,37.000000,38.000000,39.000000,40.000000,43.000000,1,1,1,1,1,1,1,0,0,0,0,0,0,0,74,5376.544922,835,0,1,0.641389,-0.065064,-0.323870,-3.118000,-0.399000,0.080000,1
2.331120,11.499000,-51.652000,-17.568001,94.893997,18.955000,25.098000,145.539001,-11.640000,12.360000,8.160000,-17.280001,5.400000,7.800000,6.120000,-1489.000000,-276.000000,1113.000000,-3992.000000,674.000000,183.000000,342.000000,22.000000,22.000000,22.000000,22.000000,22.000000,22.000000,22.000000,37.000000,37.000000,37.000000,38.000000,39.000000,40.000000,43.000000,1,1,1,1,1,1,1,0,0,0,0,0,0,0,74,5376.546875,836,0,1,0.641930,-0.064905,-0.323808,-3.119000,-0.399000,0.081000,1
2.341025,11.370000,-51.519001,-17.468000,94.692001,19.007000,25.194000,145.589996,-13.800000,14.040000,9.000000,-20.400000,6.000000,10.440000,8.760000,-1382.000000,11.000000,1313.000000,-4031.000000,691.000000,281.000000,539.000000,22.000000,22.000000,22.000000,22.000000,22.000000,22.000000,22.000000,37.000000,37.000000,37.000000,38.000000,39.000000,40.000000,43.000000,1,1,1,1,1,1,1,0,0,0,0,0,0,0,74,5376.541016,837,0,1,0.642687,-0.064456,-0.323802,-3.119000,-0.399000,0.082000,1
2.351063,11.186000,-51.332001,-17.323999,94.397003,19.094999,25.360001,145.710007,-16.680000,17.400000,12.710000,-27.120001,6.350000,13.680000,11.160000,-1483.000000,71.000000,1412.000000,-4047.000000,911.000000,401.000000,611.000000,22.000000,22.000000,22.000000,22.000000,22.000000,22.000000,22.000000,37.000000,37.000000,37.000000,38.000000,39.000000,40.000000,43.000000,1,1,1,1,1,1,1,0,0,0,0,0,0,0,74,5376.542969,837,0,1,0.643685,-0.063634,-0.323781,-3.119000,-0.399000,0.082000,1
2.361129,10.995000,-51.139999,-17.186001,94.125000,19.165001,25.493000,145.828003,-18.000000,19.799999,15.480000,-30.120001,7.070000,15.710000,11.520000,-1075.000000,107.000000,781.000000,-3867.000000,839.000000,600.000000,633.000000,22.000000,22.000000,22.000000,22.000000,22.000000,22.000000,22.000000,37.000000,37.000000,37.000000,38.000000,39.000000,40.000000,43.000000,1,1,1,1,1,1,1,0,0,0,0,0,0,0,74,5376.542969,837,0,1,0.644595,-0.063016,-0.323859,-3.119000,-0.399000,0.082000,1
2.371027,10.836000,-51.005001,-17.086000,93.911003,19.212999,25.587000,145.908997,-20.879999,21.600000,15.000000,-35.040001,7.920000,16.200001,11.640000,-1627.000000,-39.000000,865.000000,-4160.000000,656.000000,383.000000,573.000000,22.000000,22.000000,22.000000,22.000000,22.000000,22.000000,22.000000,37.000000,37.000000,37.000000,38.000000,39.000000,40.000000,43.000000,1,1,1,1,1,1,1,0,0,0,0,0,0,0,74,5376.547852,836,0,1,0.645443,-0.062743,-0.323788,-3.120000,-0.399000,0.083000,1
2.381037,10.614000,-50.722000,-16.896999,93.508003,19.319000,25.794001,146.093994,-22.320000,24.719999,16.200001,-37.799999,8.400000,17.760000,18.240000,-1193.000000,309.000000,1191.000000,-3589.000000,538.000000,309.000000,648.000000,22.000000,22.000000,22.000000,22.000000,22.000000,22.000000,22.000000,37.000000,37.000000,37.000000,38.000000,39.000000,40.000000,43.000000,1,1,1,1,1,1,1,0,0,0,0,0,0,0,74,5376.543945,837,0,1,0.646700,-0.061544,-0.323995,-3.119000,-0.398000,0.082000,1
2.391064,10.362000,-50.435001,-16.718000,93.072998,19.399000,25.981001,146.281006,-24.840000,25.559999,19.080000,-39.959999,8.640000,20.520000,18.000000,-1354.000000,-76.000000,808.000000,-3443.000000,654.000000,605.000000,734.000000,21.000000,22.000000,22.000000,22.000000,22.000000,22.000000,21.000000,37.000000,37.000000,37.000000,38.000000,39.000000,40.000000,43.000000,1,1,1,1,1,1,1,0,0,0,0,0,0,0,74,5376.543945,837,0,1,0.648281,-0.060808,-0.324056,-3.119000,-0.398000,0.083000,1
2.401062,10.058000,-50.104000,-16.483000,92.528999,19.476000,26.207001,146.494003,-25.430000,26.280001,18.000000,-43.200001,7.800000,22.320000,20.400000,-1167.000000,-62.000000,1431.000000,-3571.000000,781.000000,250.000000,718.000000,21.000000,22.000000,22.000000,22.000000,22.000000,22.000000,21.000000,37.000000,37.000000,37.000000,38.000000,39.000000,40.000000,43.000000,1,1,1,1,1,1,1,0,0,0,0,0,0,0,74,5376.544922,837,0,1,0.650419,-0.059863,-0.323961,-3.120000,-0.399000,0.084000,1
2.411045,9.739000,-49.784000,-16.277000,92.102997,19.573999,26.473000,146.753006,-25.430000,27.719999,21.360001,-45.720001,7.200000,23.040001,21.240000,-1238.000000,-407.000000,1011.000000,-3945.000000,842.000000,516.000000,645.000000,21.000000,22.000000,22.000000,22.000000,21.000000,22.000000,21.000000,37.000000,37.000000,37.000000,38.000000,39.000000,40.000000,43.000000,1,1,1,1,1,1,1,0,0,0,0,0,0,0,74,5376.540039,836,0,1,0.651311,-0.058786,-0.324350,-3.120000,-0.397000,0.083000,1
2.421034,9.633000,-49.673000,-16.163000,91.822998,19.621000,26.606001,146.884003,-26.879999,28.309999,20.520000,-46.439999,7.800000,23.400000,23.400000,-1225.000000,-55.000000,550.000000,-3741.000000,554.000000,160.000000,732.000000,21.000000,22.000000,22.000000,22.000000,21.000000,22.000000,21.000000,37.000000,37.000000,37.000000,38.000000,39.000000,40.000000,43.000000,1,1,1,1,1,1,1,0,0,0,0,0,0,0,74,5376.534180,837,0,1,0.652614,-0.058029,-0.323971,-3.119000,-0.398000,0.083000,1
2.431078,9.301000,-49.323002,-15.920000,91.248001,19.728001,26.895000,147.160004,-27.000000,28.920000,19.559999,-46.560001,9.600000,24.120001,23.400000,-983.000000,-312.000000,1101.000000,-3628.000000,716.000000,566.000000,656.000000,21.000000,22.000000,21.000000,22.000000,21.000000,22.000000,21.000000,37.000000,37.000000,37.000000,38.000000,39.000000,40.000000,43.000000,1,1,1,1,1,1,1,0,0,0,0,0,0,0,74,5376.536133,836,0,1,0.654552,-0.056783,-0.323966,-3.119000,-0.398000,0.082000,1
2.441089,8.992000,-49.019001,-15.680000,90.740997,19.805000,27.106001,147.348007,-27.360001,29.879999,20.280001,-49.680000,9.350000,23.400000,22.559999,-996.000000,-241.000000,99.000000,-3776.000000,714.000000,141.000000,569.000000,21.000000,21.000000,21.000000,22.000000,21.000000,22.000000,21.000000,37.000000,37.000000,37.000000,38.000000,39.000000,40.000000,43.000000,1,1,1,1,1,1,1,0,0,0,0,0,0,0,74,5376.538086,837,0,1,0.656552,-0.055777,-0.323861,-3.120000,-0.399000,0.084000,1
2.451040,8.699000,-48.707001,-15.448000,90.218002,19.900000,27.389999,147.636002,-28.799999,29.760000,19.920000,-49.320000,6.840000,24.600000,22.320000,-988.000000,-202.000000,778.000000,-2992.000000,524.000000,587.000000,651.000000,21.000000,21.000000,21.000000,22.000000,21.000000,22.000000,21.000000,37.000000,37.000000,37.000000,38.000000,39.000000,40.000000,43.000000,1,1,1,1,1,1,1,0,0,0,0,0,0,0,74,5376.542969,836,0,1,0.658195,-0.054365,-0.323879,-3.119000,-0.399000,0.083000,1
2.461331,8.363000,-48.341999,-15.179000,89.613998,19.986000,27.673000,147.888000,-26.400000,29.400000,20.760000,-50.400002,6.840000,23.400000,23.040001,-968.000000,-340.000000,196.000000,-2688.000000,781.000000,675.000000,571.000000,21.000000,21.000000,21.000000,22.000000,21.000000,22.000000,21.000000,37.000000,37.000000,37.000000,38.000000,39.000000,40.000000,43.000000,1,1,1,1,1,1,1,0,0,0,0,0,0,0,74,5376.541016,837,0,1,0.660290,-0.052987,-0.323901,-3.119000,-0.399000,0.084000,1
2.471081,8.248000,-48.206001,-15.091000,89.387001,20.014999,27.768999,148.042999,-27.840000,29.400000,19.799999,-52.200001,7.200000,23.879999,23.160000,-1426.000000,-421.000000,480.000000,-2948.000000,721.000000,809.000000,656.000000,21.000000,21.000000,21.000000,22.000000,21.000000,22.000000,21.000000,37.000000,37.000000,37.000000,38.000000,39.000000,40.000000,43.000000,1,1,1,1,1,1,1,0,0,0,0,0,0,0,74,5376.538086,837,0,1,0.661099,-0.052509,-0.323908,-3.118000,-0.399000,0.083000,1
2.481059,7.900000,-47.851002,-14.848000,88.856003,20.098000,28.056999,148.302002,-27.120001,29.879999,19.799999,-48.599998,7.070000,24.480000,24.360001,-1166.000000,-466.000000,279.000000,-2944.000000,541.000000,274.000000,693.000000,21.000000,21.000000,21.000000,22.000000,21.000000,22.000000,21.000000,37.000000,37.000000,37.000000,38.000000,39.000000,40.000000,43.000000,1,1,1,1,1,1,1,0,0,0,0,0,0,0,74,5376.534180,840,0,1,0.662501,-0.051288,-0.324210,-3.118000,-0.398000,0.083000,1
2.491050,7.672000,-47.584000,-14.635000,88.302002,20.174999,28.320000,148.554001,-28.080000,29.520000,18.000000,-49.799999,6.840000,26.400000,23.879999,-1185.000000,-474.000000,619.000000,-4062.000000,360.000000,260.000000,701.000000,21.000000,21.000000,21.000000,22.000000,21.000000,22.000000,21.000000,37.000000,37.000000,37.000000,38.000000,39.000000,40.000000,43.000000,1,1,1,1,1,1,1,0,0,0,0,0,0,0,74,5376.534180,837,0,1,0.664673,-0.049882,-0.323855,-3.117000,-0.399000,0.082000,1
2.501060,7.305000,-47.198002,-14.360000,87.773003,20.242001,28.584999,148.815002,-26.760000,27.959999,20.040001,-50.630001,5.880000,24.480000,23.400000,-711.000000,-736.000000,-2.000000,-3258.000000,399.000000,394.000000,695.000000,21.000000,21.000000,21.000000,22.000000,21.000000,22.000000,21.000000,37.000000,37.000000,37.000000,38.000000,39.000000,40.000000,43.000000,1,1,1,1,1,1,1,0,0,0,0,0,0,0,74,5376.534180,836,0,1,0.665994,-0.048537,-0.324381,-3.117000,-0.398000,0.083000,1
2.511077,7.023000,-46.903000,-14.154000,87.157997,20.315001,28.921000,149.102005,-27.240000,29.639999,18.360001,-51.360001,5.760000,25.920000,23.040001,-758.000000,-437.000000,519.000000,-3204.000000,673.000000,273.000000,805.000000,21.000000,21.000000,21.000000,22.000000,21.000000,22.000000,21.000000,37.000000,37.000000,37.000000,38.000000,39.000000,40.000000,43.000000,1,1,1,1,1,1,1,0,0,0,0,0,0,0,74,5376.536133,836,0,1,0.668054,-0.047291,-0.324057,-3.117000,-0.399000,0.083000,1
2.521012,6.859000,-46.722000,-14.044000,86.846001,20.346001,29.068001,149.248993,-26.760000,29.520000,19.680000,-53.869999,5.400000,23.639999,24.120001,-813.000000,-601.000000,600.000000,-3638.000000,721.000000,426.000000,698.000000,21.000000,21.000000,21.000000,22.000000,21.000000,22.000000,21.000000,37.000000,37.000000,37.000000,38.000000,39.000000,40.000000,43.000000,1,1,1,1,1,1,1,0,0,0,0,0,0,0,74,5376.533203,837,0,1,0.669052,-0.046772,-0.324084,-3.117000,-0.399000,0.083000,1
2.531021,6.494000,-46.330002,-13.776000,86.223000,20.408001,29.393999,149.518997,-27.719999,29.040001,18.360001,-52.919998,4.670000,27.719999,25.200001,-1258.000000,-545.000000,219.000000,-4056.000000,814.000000,324.000000,760.000000,21.000000,21.000000,22.000000,22.000000,21.000000,22.000000,21.000000,37.000000,37.000000,37.000000,38.000000,39.000000,40.000000,43.000000,1,1,1,1,1,1,1,0,0,0,0,0,0,0,74,5376.537109,837,0,1,0.670738,-0.045404,-0.324378,-3.117000,-0.398000,0.084000,1
2.541080,6.207000,-46.056000,-13.583000,85.620003,20.478001,29.708000,149.819000,-28.309999,30.600000,18.959999,-51.119999,4.670000,26.160000,25.920000,-1009.000000,-252.000000,465.000000,-3782.000000,875.000000,281.000000,629.000000,21.000000,21.000000,22.000000,22.000000,21.000000,22.000000,21.000000,37.000000,37.000000,37.000000,38.000000,39.000000,40.000000,43.000000,1,1,1,1,1,1,1,0,0,0,0,0,0,0,74,5376.533203,836,0,1,0.672857,-0.044312,-0.323956,-3.116000,-0.399000,0.082000,1
2.551116,5.891000,-45.696999,-13.403000,85.078003,20.532000,29.965000,150.070007,-28.200001,29.280001,19.200001,-53.400002,4.800000,25.200001,25.430000,-1016.000000,-365.000000,-229.000000,-3464.000000,719.000000,571.000000,648.000000,21.000000,21.000000,22.000000,22.000000,21.000000,21.000000,21.000000,37.000000,37.000000,37.000000,38.000000,39.000000,40.000000,43.000000,1,1,1,1,1,1,1,0,0,0,0,0,0,0,74,5376.537109,838,0,1,0.674280,-0.043624,-0.324345,-3.117000,-0.398000,0.083000,1
2.561187,5.707000,-45.501999,-13.260000,84.599998,20.563000,30.118999,150.225998,-28.430000,30.000000,18.120001,-54.360001,4.800000,26.520000,25.559999,-844.000000,-275.000000,638.000000,-3297.000000,730.000000,482.000000,647.000000,21.000000,21.000000,22.000000,22.000000,21.000000,21.000000,21.000000,37.000000,37.000000,37.000000,38.000000,39.000000,40.000000,43.000000,1,1,1,1,1,1,1,0,0,0,0,0,0,0,74,5376.540039,838,0,1,0.676598,-0.043040,-0.323758,-3.118000,-0.400000,0.083000,1
2.571037,5.423000,-45.200001,-13.064000,84.012001,20.618000,30.395000,150.490997,-27.000000,28.920000,18.840000,-53.759998,4.670000,26.400000,24.840000,-769.000000,-215.000000,180.000000,-2900.000000,619.000000,674.000000,621.000000,21.000000,21.000000,22.000000,22.000000,21.000000,21.000000,21.000000,37.000000,37.000000,37.000000,38.000000,39.000000,40.000000,43.000000,1,1,1,1,1,1,1,0,0,0,0,0,0,0,74,5376.543945,837,0,1,0.678599,-0.042017,-0.323592,-3.118000,-0.401000,0.083000,1
2.580994,5.122000,-44.872002,-12.869000,83.433998,20.679001,30.683001,150.761002,-28.920000,30.240000,18.360001,-54.720001,4.080000,28.080000,24.959999,-933.000000,-328.000000,543.000000,-3266.000000,613.000000,432.000000,630.000000,21.000000,21.000000,22.000000,22.000000,21.000000,21.000000,21.000000,37.000000,37.000000,37.000000,38.000000,39.000000,40.000000,43.000000,1,1,1,1,1,1,1,0,0,0,0,0,0,0,74,5376.544922,837,0,1,0.680281,-0.040996,-0.323685,-3.118000,-0.401000,0.083000,1
2.591051,4.836000,-44.563000,-12.674000,82.842003,20.714001,30.969999,151.044006,-27.000000,29.160000,19.080000,-54.240002,3.840000,28.799999,24.600000,-879.000000,-590.000000,529.000000,-3258.000000,642.000000,601.000000,630.000000,21.000000,21.000000,22.000000,22.000000,21.000000,21.000000,21.000000,37.000000,37.000000,37.000000,38.000000,39.000000,40.000000,43.000000,1,1,1,1,1,1,1,0,0,0,0,0,0,0,74,5376.542969,836,0,1,0.682146,-0.039992,-0.323603,-3.118000,-0.401000,0.082000,1
2.601086,4.555000,-44.251999,-12.495000,82.403999,20.754999,31.256001,151.296005,-25.680000,28.559999,17.879999,-53.759998,2.880000,25.680000,24.840000,-880.000000,-683.000000,421.000000,-3262.000000,686.000000,419.000000,569.000000,21.000000,21.000000,22.000000,22.000000,21.000000,21.000000,21.000000,37.000000,37.000000,37.000000,38.000000,39.000000,40.000000,43.000000,1,1,1,1,1,1,1,0,0,0,0,0,0,0,74,5376.537109,837,0,1,0.682657,-0.038967,-0.324236,-3.117000,-0.399000,0.082000,1
2.611054,4.294000,-43.974998,-12.299000,81.766998,20.798000,31.594999,151.593994,-24.480000,26.400000,15.600000,-50.040001,2.760000,25.200001,23.520000,-809.000000,-805.000000,531.000000,-3280.000000,749.000000,232.000000,547.000000,21.000000,21.000000,22.000000,22.000000,21.000000,21.000000,21.000000,37.000000,37.000000,37.000000,38.000000,39.000000,40.000000,43.000000,1,1,1,1,1,1,1,0,0,0,0,0,0,0,74,5376.533203,836,0,1,0.684748,-0.037672,-0.323822,-3.116000,-0.399000,0.081000,1
2.621073,4.097000,-43.745998,-12.160000,81.386002,20.815001,31.757000,151.733994,-23.760000,26.280001,16.200001,-47.400002,2.280000,24.000000,22.799999,-751.000000,-898.000000,102.000000,-2802.000000,720.000000,472.000000,544.000000,21.000000,21.000000,22.000000,22.000000,21.000000,21.000000,21.000000,37.000000,37.000000,37.000000,38.000000,39.000000,40.000000,43.000000,1,1,1,1,1,1,1,0,0,0,0,0,0,0,74,5376.538086,836,0,1,0.685883,-0.037060,-0.323990,-3.117000,-0.399000,0.082000,1
2.631003,3.868000,-43.492001,-11.998000,80.914001,20.837999,31.985001,151.949997,-22.799999,24.959999,13.920000,-45.720001,2.040000,22.680000,20.040001,-756.000000,-545.000000,-7.000000,-2681.000000,764.000000,242.000000,494.000000,21.000000,21.000000,22.000000,22.000000,21.000000,21.000000,21.000000,37.000000,37.000000,37.000000,38.000000,39.000000,40.000000,43.000000,1,1,1,1,1,1,1,0,0,0,0,0,0,0,74,5376.540039,837,0,1,0.687280,-0.036205,-0.324018,-3.117000,-0.399000,0.082000,1
2.641013,3.651000,-43.259998,-11.847000,80.446999,20.872000,32.254002,152.194000,-19.200001,21.719999,12.710000,-41.400002,1.920000,20.400000,18.120001,-671.000000,-816.000000,134.000000,-2474.000000,712.000000,655.000000,478.000000,21.000000,22.000000,22.000000,22.000000,21.000000,21.000000,21.000000,37.000000,37.000000,37.000000,38.000000,39.000000,40.000000,43.000000,1,1,1,1,1,1,1,0,0,0,0,0,0,0,74,5376.536133,837,0,1,0.688494,-0.035204,-0.323971,-3.116000,-0.399000,0.081000,1
2.650995,3.398000,-42.990002,-11.682000,79.932999,20.893000,32.477001,152.408997,-17.400000,19.080000,12.120000,-36.840000,1.320000,19.799999,17.040001,-324.000000,-961.000000,-196.000000,-2298.000000,729.000000,299.000000,466.000000,21.000000,22.000000,22.000000,22.000000,21.000000,22.000000,21.000000,37.000000,37.000000,37.000000,38.000000,39.000000,40.000000,43.000000,1,1,1,1,1,1,1,0,0,0,0,0,0,0,74,5376.534180,838,0,1,0.690166,-0.034494,-0.323924,-3.117000,-0.400000,0.081000,1
2.661080,3.245000,-42.833000,-11.589000,79.652000,20.912001,32.665001,152.595001,-14.520000,16.920000,10.070000,-32.400002,1.320000,15.480000,15.000000,-317.000000,-1027.000000,-264.000000,-2203.000000,777.000000,453.000000,431.000000,21.000000,22.000000,22.000000,22.000000,21.000000,22.000000,21.000000,37.000000,37.000000,37.000000,38.000000,39.000000,40.000000,43.000000,1,1,1,1,1,1,1,0,0,0,0,0,0,0,74,5376.533203,836,0,1,0.690618,-0.033886,-0.324072,-3.116000,-0.399000,0.080000,1
2.671073,3.154000,-42.738998,-11.527000,79.458000,20.922001,32.729000,152.658997,-14.520000,14.880000,9.240000,-30.240000,1.080000,15.120000,13.200000,-498.000000,-919.000000,-44.000000,-3079.000000,809.000000,380.000000,498.000000,21.000000,22.000000,22.000000,22.000000,21.000000,22.000000,21.000000,37.000000,37.000000,37.000000,38.000000,39.000000,40.000000,43.000000,1,1,1,1,1,1,1,0,0,0,0,0,0,0,74,5376.536133,837,0,1,0.691408,-0.033654,-0.323968,-3.116000,-0.399000,0.081000,1
2.681071,2.996000,-42.570000,-11.435000,79.140999,20.930000,32.903999,152.832001,-12.000000,11.760000,7.440000,-23.160000,0.720000,13.440000,13.680000,-741.000000,-860.000000,121.000000,-2006.000000,790.000000,38.000000,493.000000,21.000000,22.000000,22.000000,22.000000,21.000000,22.000000,21.000000,37.000000,37.000000,37.000000,38.000000,39.000000,40.000000,43.000000,1,1,1,1,1,1,1,0,0,0,0,0,0,0,74,5376.534180,837,0,1,0.692169,-0.033195,-0.324025,-3.116000,-0.399000,0.080000,1
2.691056,2.879000,-42.443001,-11.370000,78.929001,20.941000,33.028999,152.957993,-9.120000,9.960000,6.120000,-19.440001,0.480000,10.200000,10.440000,-508.000000,-1134.000000,159.000000,-2212.000000,791.000000,271.000000,538.000000,22.000000,22.000000,22.000000,22.000000,21.000000,22.000000,22.000000,37.000000,37.000000,37.000000,38.000000,39.000000,40.000000,43.000000,1,1,1,1,1,1,1,0,0,0,0,0,0,0,74,5376.533203,837,0,1,0.692541,-0.032860,-0.324190,-3.116000,-0.398000,0.080000,1
2.701049,2.801000,-42.362999,-11.302000,78.733002,20.955999,33.123001,153.054001,-7.200000,7.320000,4.800000,-14.400000,0.720000,6.240000,5.640000,-410.000000,-1002.000000,120.000000,-2499.000000,760.000000,242.000000,416.000000,22.000000,22.000000,22.000000,22.000000,21.000000,22.000000,22.000000,37.000000,37.000000,37.000000,38.000000,39.000000,40.000000,43.000000,1,1,1,1,1,1,1,0,0,0,0,0,0,0,74,5376.533203,835,0,1,0.693247,-0.032366,-0.324021,-3.116000,-0.399000,0.079000,1
2.711027,2.760000,-42.321999,-11.274000,78.663002,20.959000,33.162998,153.091003,-5.640000,6.350000,4.080000,-12.000000,0.600000,6.350000,5.400000,-189.000000,-1031.000000,-309.000000,-2487.000000,701.000000,120.000000,505.000000,22.000000,22.000000,22.000000,22.000000,21.000000,22.000000,22.000000,37.000000,37.000000,37.000000,38.000000,39.000000,40.000000,43.000000,1,1,1,1,1,1,1,0,0,0,0,0,0,0,74,5376.534180,837,0,1,0.693389,-0.032224,-0.324065,-3.116000,-0.399000,0.079000,1
2.721020,2.701000,-42.259998,-11.237000,78.543999,20.969999,33.213001,153.145004,-3.600000,3.360000,2.880000,-7.920000,0.720000,4.670000,3.600000,-436.000000,-1112.000000,-169.000000,-2235.000000,662.000000,87.000000,492.000000,22.000000,22.000000,22.000000,22.000000,22.000000,22.000000,22.000000,37.000000,37.000000,37.000000,38.000000,39.000000,40.000000,43.000000,1,1,1,1,1,1,1,0,0,0,0,0,0,0,74,5376.534180,836,0,1,0.693790,-0.032044,-0.324048,-3.116000,-0.399000,0.079000,1
2.731081,2.666000,-42.230999,-11.217000,78.478996,20.974001,33.263000,153.190002,-2.510000,2.280000,1.560000,-4.670000,0.240000,2.640000,2.160000,-407.000000,-814.000000,-219.000000,-2492.000000,672.000000,45.000000,438.000000,22.000000,22.000000,22.000000,22.000000,22.000000,22.000000,22.000000,37.000000,37.000000,37.000000,38.000000,39.000000,40.000000,43.000000,1,1,1,1,1,1,1,0,0,0,0,0,0,0,74,5376.533203,836,0,1,0.693884,-0.031887,-0.324039,-3.116000,-0.399000,0.079000,1
2.741224,2.653000,-42.213001,-11.210000,78.467003,20.976999,33.278999,153.203995,-1.920000,1.680000,1.080000,-3.120000,0.360000,1.920000,2.160000,-441.000000,-999.000000,-138.000000,-2777.000000,663.000000,-37.000000,438.000000,22.000000,22.000000,22.000000,22.000000,22.000000,22.000000,22.000000,37.000000,37.000000,37.000000,38.000000,39.000000,40.000000,43.000000,1,1,1,1,1,1,1,0,0,0,0,0,0,0,74,5376.536133,837,0,1,0.693801,-0.031840,-0.324139,-3.116000,-0.398000,0.079000,1
2.751045,2.631000,-42.201000,-11.204000,78.448997,20.979000,33.301998,153.225998,-0.840000,0.480000,0.360000,-0.960000,0.000000,0.840000,1.080000,-351.000000,-982.000000,-75.000000,-3121.000000,672.000000,-81.000000,409.000000,22.000000,22.000000,22.000000,22.000000,22.000000,22.000000,22.000000,37.000000,37.000000,37.000000,38.000000,39.000000,40.000000,43.000000,1,1,1,1,1,1,1,0,0,0,0,0,0,0,74,5376.536133,837,0,1,0.693747,-0.031829,-0.324177,-3.116000,-0.398000,0.079000,1
2.761055,2.625000,-42.196999,-11.206000,78.445000,20.976999,33.308998,153.235001,-0.600000,0.120000,0.120000,-0.120000,0.000000,0.360000,0.720000,-362.000000,-983.000000,10.000000,-3239.000000,680.000000,-67.000000,441.000000,22.000000,22.000000,22.000000,22.000000,22.000000,22.000000,22.000000,37.000000,37.000000,37.000000,38.000000,39.000000,40.000000,43.000000,1,1,1,1,1,1,1,0,0,0,0,0,0,0,74,5376.536133,836,0,1,0.693711,-0.031859,-0.324200,-3.116000,-0.398000,0.079000,1
2.770946,2.618000,-42.193001,-11.207000,78.441002,20.975000,33.316002,153.244003,-0.120000,0.360000,0.000000,-0.600000,0.000000,0.600000,0.480000,-377.000000,-938.000000,-45.000000,-3352.000000,681.000000,-22.000000,430.000000,22.000000,22.000000,22.000000,22.000000,22.000000,22.000000,22.000000,37.000000,37.000000,37.000000,38.000000,39.000000,40.000000,43.000000,1,1,1,1,1,1,1,0,0,0,0,0,0,0,74,5376.536133,838,0,1,0.693678,-0.031893,-0.324220,-3.116000,-0.398000,0.078000,1
2.781074,2.617000,-42.191002,-11.206000,78.439003,20.975000,33.318001,153.246002,-0.240000,0.360000,0.000000,-0.840000,0.000000,0.720000,0.720000,-496.000000,-905.000000,-10.000000,-3457.000000,684.000000,-6.000000,449.000000,22.000000,22.000000,22.000000,22.000000,22.000000,22.000000,22.000000,37.000000,37.000000,37.000000,38.000000,39.000000,40.000000,43.000000,1,1,1,1,1,1,1,0,0,0,0,0,0,0,74,5376.536133,838,0,1,0.693666,-0.031878,-0.324228,-3.116000,-0.398000,0.078000,1
2.791057,2.612000,-42.179001,-11.206000,78.416000,20.976999,33.338001,153.257004,-0.720000,1.200000,0.120000,-2.640000,0.000000,1.800000,1.440000,-544.000000,-709.000000,75.000000,-3811.000000,681.000000,-9.000000,472.000000,22.000000,22.000000,22.000000,22.000000,22.000000,22.000000,22.000000,37.000000,37.000000,37.000000,38.000000,39.000000,40.000000,43.000000,1,1,1,1,1,1,1,0,0,0,0,0,0,0,74,5376.536133,836,0,1,0.693681,-0.031856,-0.324244,-3.116000,-0.398000,0.078000,1
2.801061,2.596000,-42.153000,-11.206000,78.355003,20.976999,33.366001,153.274994,-1.440000,3.120000,0.360000,-6.600000,0.000000,3.120000,1.680000,-641.000000,-665.000000,127.000000,-3963.000000,680.000000,-5.000000,468.000000,22.000000,22.000000,22.000000,22.000000,22.000000,22.000000,22.000000,37.000000,37.000000,37.000000,38.000000,39.000000,40.000000,43.000000,1,1,1,1,1,1,1,0,0,0,0,0,0,0,74,5376.541016,837,0,1,0.693874,-0.031884,-0.324208,-3.116000,-0.398000,0.078000,1
2.811038,2.569000,-42.106998,-11.207000,78.272003,20.976999,33.416000,153.307007,-2.510000,5.160000,0.720000,-9.350000,0.000000,4.560000,3.240000,-752.000000,-398.000000,239.000000,-4073.000000,682.000000,75.000000,526.000000,22.000000,22.000000,22.000000,22.000000,22.000000,22.000000,22.000000,37.000000,37.000000,37.000000,38.000000,39.000000,40.000000,43.000000,1,1,1,1,1,1,1,0,0,0,0,0,0,0,74,5376.541016,837,0,1,0.694033,-0.031939,-0.324240,-3.116000,-0.398000,0.078000,1
2.821024,2.557000,-42.087002,-11.206000,78.202003,20.981001,33.446999,153.328995,-3.000000,5.520000,0.840000,-12.120000,0.000000,6.350000,3.840000,-745.000000,-468.000000,252.000000,-4409.000000,689.000000,191.000000,508.000000,22.000000,22.000000,22.000000,22.000000,22.000000,22.000000,22.000000,37.000000,37.000000,37.000000,38.000000,39.000000,40.000000,43.000000,1,1,1,1,1,1,1,0,0,0,0,0,0,0,74,5376.542969,835,0,1,0.694327,-0.031918,-0.324121,-3.116000,-0.398000,0.078000,1
2.831341,2.514000,-42.006001,-11.208000,78.035004,20.976999,33.523998,153.382004,-3.960000,8.040000,1.560000,-16.320000,0.000000,8.640000,5.640000,-975.000000,-234.000000,247.000000,-4322.000000,696.000000,411.000000,630.000000,22.000000,22.000000,22.000000,22.000000,22.000000,22.000000,22.000000,37.000000,37.000000,37.000000,38.000000,39.000000,40.000000,43.000000,1,1,1,1,1,1,1,0,0,0,0,0,0,0,74,5376.541016,836,0,1,0.694814,-0.032041,-0.324093,-3.116000,-0.398000,0.078000,1
2.841009,2.441000,-41.855999,-11.208000,77.793999,20.979000,33.648998,153.460999,-6.120000,12.000000,2.160000,-22.200001,0.000000,11.520000,8.160000,-589.000000,-262.000000,362.000000,-4448.000000,689.000000,287.000000,679.000000,22.000000,22.000000,22.000000,22.000000,22.000000,22.000000,22.000000,37.000000,37.000000,37.000000,38.000000,39.000000,40.000000,43.000000,1,1,1,1,1,1,1,0,0,0,0,0,0,0,74,5376.542969,837,0,1,0.695275,-0.032162,-0.324314,-3.117000,-0.397000,0.078000,1
2.850984,2.371000,-41.716999,-11.206000,77.463997,20.976999,33.813000,153.561005,-7.070000,14.760000,2.640000,-29.040001,0.000000,17.040001,9.350000,-706.000000,-150.000000,536.000000,-4497.000000,700.000000,246.000000,647.000000,22.000000,22.000000,22.000000,22.000000,22.000000,22.000000,22.000000,37.000000,37.000000,37.000000,38.000000,39.000000,40.000000,43.000000,1,1,1,1,1,1,1,0,0,0,0,0,0,0,74,5376.542969,837,0,1,0.696305,-0.032207,-0.324108,-3.117000,-0.398000,0.078000,1
2.861064,2.326000,-41.620998,-11.199000,77.268997,20.976999,33.926998,153.628006,-8.280000,16.320000,2.880000,-34.430000,0.000000,16.799999,11.160000,-1125.000000,12.000000,585.000000,-4803.000000,698.000000,383.000000,671.000000,22.000000,22.000000,22.000000,22.000000,22.000000,22.000000,22.000000,37.000000,37.000000,37.000000,38.000000,39.000000,40.000000,43.000000,1,1,1,1,1,1,1,0,0,0,0,0,0,0,74,5376.543945,837,0,1,0.696733,-0.032144,-0.324122,-3.117000,-0.398000,0.078000,1
2.871025,2.216000,-41.395000,-11.162000,76.813004,20.976999,34.103001,153.744995,-10.070000,20.280001,3.600000,-41.639999,0.000000,21.000000,13.680000,-810.000000,-280.000000,639.000000,-5011.000000,683.000000,532.000000,763.000000,22.000000,22.000000,22.000000,22.000000,22.000000,22.000000,22.000000,37.000000,37.000000,37.000000,38.000000,39.000000,40.000000,43.000000,1,1,1,1,1,1,1,0,0,0,0,0,0,0,74,5376.546875,836,0,1,0.698284,-0.032077,-0.324035,-3.118000,-0.399000,0.078000,1
2.880994,2.117000,-41.160999,-11.114000,76.337997,20.979000,34.397999,153.912003,-11.280000,22.440001,4.560000,-48.119999,0.000000,22.680000,15.480000,-939.000000,-141.000000,743.000000,-4118.000000,655.000000,270.000000,665.000000,22.000000,22.000000,22.000000,22.000000,22.000000,22.000000,22.000000,37.000000,37.000000,37.000000,38.000000,39.000000,40.000000,43.000000,1,1,1,1,1,1,1,0,0,0,0,0,0,0,74,5376.546875,836,0,1,0.699228,-0.031496,-0.324106,-3.117000,-0.398000,0.078000,1
2.891075,1.974000,-40.852001,-11.049000,75.677002,20.976999,34.650002,154.065994,-11.880000,26.639999,4.800000,-53.400002,0.000000,28.430000,15.240000,-668.000000,99.000000,727.000000,-4600.000000,637.000000,501.000000,701.000000,21.000000,22.000000,22.000000,22.000000,22.000000,22.000000,21.000000,37.000000,37.000000,37.000000,38.000000,39.000000,40.000000,43.000000,1,1,1,1,1,1,1,0,0,0,0,0,0,0,74,5376.543945,836,0,1,0.701577,-0.031229,-0.323841,-3.118000,-0.400000,0.078000,1
2.901062,1.833000,-40.577999,-10.976000,75.068001,20.975000,34.945999,154.242996,-13.680000,28.920000,5.760000,-58.799999,0.000000,29.520000,20.150000,-727.000000,-127.000000,607.000000,-4531.000000,562.000000,632.000000,762.000000,21.000000,22.000000,22.000000,22.000000,22.000000,22.000000,21.000000,37.000000,37.000000,37.000000,38.000000,39.000000,40.000000,43.000000,1,1,1,1,1,1,1,0,0,0,0,0,0,0,74,5376.541016,837,0,1,0.703414,-0.030718,-0.323607,-3.118000,-0.400000,0.079000,1
2.911072,1.772000,-40.438999,-10.945000,74.786003,20.976999,35.147999,154.363007,-13.440000,30.600000,5.880000,-60.840000,0.000000,31.080000,19.080000,-786.000000,-35.000000,427.000000,-4794.000000,518.000000,410.000000,653.000000,21.000000,22.000000,22.000000,22.000000,22.000000,22.000000,21.000000,37.000000,37.000000,37.000000,38.000000,39.000000,40.000000,43.000000,1,1,1,1,1,1,1,0,0,0,0,0,0,0,74,5376.544922,836,0,1,0.703787,-0.030267,-0.323699,-3.117000,-0.399000,0.078000,1
2.921056,1.620000,-40.097000,-10.850000,74.108002,20.976999,35.501999,154.589005,-13.560000,33.000000,6.350000,-66.599998,0.000000,34.919998,21.600000,-724.000000,-277.000000,56.000000,-3931.000000,463.000000,790.000000,675.000000,21.000000,22.000000,22.000000,22.000000,21.000000,22.000000,21.000000,37.000000,37.000000,37.000000,38.000000,39.000000,40.000000,43.000000,1,1,1,1,1,1,1,0,0,0,0,0,0,0,74,5376.546875,837,0,1,0.705446,-0.029427,-0.323784,-3.117000,-0.399000,0.078000,1
2.931187,1.437000,-39.679001,-10.757000,73.250999,20.979000,35.862000,154.807999,-14.520000,35.040001,5.520000,-70.680000,0.000000,34.430000,21.959999,-833.000000,-19.000000,-137.000000,-4036.000000,384.000000,608.000000,672.000000,21.000000,22.000000,21.000000,22.000000,21.000000,22.000000,21.000000,37.000000,37.000000,37.000000,38.000000,39.000000,40.000000,43.000000,1,1,1,1,1,1,1,0,0,0,0,0,0,0,74,5376.544922,837,0,1,0.708137,-0.028813,-0.323644,-3.117000,-0.401000,0.079000,1
2.941075,1.256000,-39.241001,-10.678000,72.559998,20.979000,36.313999,155.085007,-15.710000,36.959999,5.760000,-74.160004,0.000000,37.430000,24.959999,-742.000000,-93.000000,-81.000000,-4278.000000,281.000000,771.000000,623.000000,21.000000,21.000000,21.000000,22.000000,21.000000,22.000000,21.000000,37.000000,37.000000,37.000000,38.000000,39.000000,40.000000,43.000000,1,1,1,1,1,1,1,0,0,0,0,0,0,0,74,5376.540039,837,0,1,0.708704,-0.027995,-0.324603,-3.116000,-0.397000,0.078000,1
2.951059,1.097000,-38.858002,-10.603000,71.625999,20.981001,36.807999,155.320999,-15.480000,36.840000,6.000000,-76.559998,-0.120000,39.959999,23.040001,-1168.000000,-489.000000,79.000000,-4038.000000,159.000000,640.000000,553.000000,21.000000,21.000000,21.000000,22.000000,21.000000,21.000000,21.000000,37.000000,37.000000,37.000000,38.000000,39.000000,40.000000,43.000000,1,1,1,1,1,1,1,0,0,0,0,0,0,0,74,5376.536133,837,0,1,0.711347,-0.027122,-0.324050,-3.115000,-0.399000,0.078000,1
2.961101,0.932000,-38.465000,-10.537000,70.820000,20.982000,37.143002,155.591995,-15.840000,37.430000,5.760000,-76.800003,-0.360000,37.919998,25.559999,-896.000000,-498.000000,128.000000,-4178.000000,84.000000,322.000000,513.000000,21.000000,21.000000,21.000000,21.000000,21.000000,21.000000,21.000000,37.000000,37.000000,37.000000,38.000000,39.000000,40.000000,43.000000,1,1,1,1,1,1,1,0,0,0,0,0,0,0,74,5376.529785,835,0,1,0.713801,-0.026642,-0.323934,-3.116000,-0.400000,0.078000,1
2.971057,0.826000,-38.297001,-10.513000,70.467003,20.981001,37.403000,155.746994,-16.080000,36.480000,5.520000,-76.680000,-0.480000,39.599998,23.760000,-697.000000,-606.000000,183.000000,-3972.000000,48.000000,334.000000,584.000000,21.000000,21.000000,21.000000,21.000000,21.000000,21.000000,21.000000,37.000000,37.000000,37.000000,38.000000,39.000000,40.000000,43.000000,1,1,1,1,1,1,1,0,0,0,0,0,0,0,74,5376.534180,836,0,1,0.714182,-0.026392,-0.324018,-3.115000,-0.399000,0.077000,1
2.980960,0.652000,-37.813000,-10.445000,69.440002,20.976999,37.820999,156.011002,-15.840000,38.279999,5.520000,-77.400002,-0.720000,41.279999,24.360001,-762.000000,-507.000000,164.000000,-3815.000000,7.000000,539.000000,612.000000,21.000000,21.000000,21.000000,21.000000,21.000000,21.000000,21.000000,37.000000,37.000000,37.000000,38.000000,39.000000,40.000000,43.000000,1,1,1,1,1,1,1,0,0,0,0,0,0,0,74,5376.536133,837,0,1,0.717410,-0.025833,-0.323740,-3.116000,-0.401000,0.078000,1
2.990991,0.491000,-37.422001,-10.384000,68.612999,20.975000,38.257000,156.248001,-14.880000,37.799999,5.520000,-80.629997,-1.440000,40.080002,24.480000,-726.000000,-451.000000,140.000000,-4136.000000,-13.000000,515.000000,620.000000,21.000000,21.000000,21.000000,21.000000,21.000000,21.000000,21.000000,37.000000,37.000000,37.000000,38.000000,39.000000,40.000000,43.000000,1,1,1,1,1,1,1,0,0,0,0,0,0,0,74,5376.540039,837,0,1,0.719362,-0.025189,-0.323686,-3.115000,-0.401000,0.078000,1
3.001075,0.336000,-37.028000,-10.317000,67.791000,20.971001,38.699001,156.516998,-13.800000,38.520000,5.030000,-80.279999,-1.680000,40.799999,24.360001,-832.000000,-609.000000,4.000000,-3815.000000,-43.000000,713.000000,436.000000,21.000000,21.000000,21.000000,21.000000,21.000000,21.000000,21.000000,37.000000,37.000000,37.000000,38.000000,39.000000,40.000000,43.000000,1,1,1,1,1,1,1,0,0,0,0,0,0,0,74,5376.544922,837,0,1,0.721188,-0.024411,-0.323697,-3.115000,-0.400000,0.077000,1
3.011110,0.166000,-36.521000,-10.254000,66.933998,20.966000,39.162998,156.817001,-13.920000,40.080002,5.030000,-82.199997,-1.800000,41.520000,26.160000,-584.000000,-299.000000,-35.000000,-3478.000000,-107.000000,631.000000,608.000000,21.000000,21.000000,21.000000,21.000000,21.000000,21.000000,21.000000,37.000000,37.000000,37.000000,38.000000,39.000000,40.000000,43.000000,1,1,1,1,1,1,1,0,0,0,0,0,0,0,74,5376.541016,838,0,1,0.722489,-0.023689,-0.324525,-3.114000,-0.398000,0.076000,1
3.021055,0.079000,-36.292999,-10.222000,66.428001,20.957001,39.395000,156.968002,-14.520000,39.599998,4.670000,-82.440002,-2.040000,40.560001,26.879999,-664.000000,-353.000000,302.000000,-3345.000000,-152.000000,806.000000,721.000000,21.000000,21.000000,21.000000,21.000000,21.000000,21.000000,21.000000,37.000000,37.000000,37.000000,38.000000,39.000000,40.000000,43.000000,1,1,1,1,1,1,1,0,0,0,0,0,0,0,74,5376.542969,837,0,1,0.723900,-0.023376,-0.324362,-3.114000,-0.399000,0.076000,1
3.031154,-0.070000,-35.886002,-10.156000,65.477997,20.934999,39.901001,157.281998,-14.280000,40.080002,4.670000,-81.720001,-2.160000,40.680000,25.920000,-591.000000,-489.000000,138.000000,-3444.000000,-241.000000,666.000000,633.000000,21.000000,21.000000,21.000000,21.000000,21.000000,21.000000,21.000000,37.000000,37.000000,37.000000,38.000000,39.000000,40.000000,43.000000,1,1,1,1,1,1,1,0,0,0,0,0,0,0,74,5376.536133,837,0,1,0.726212,-0.022502,-0.323990,-3.113000,-0.400000,0.076000,1
3.041091,-0.239000,-35.417999,-10.096000,64.461998,20.908001,40.362000,157.541000,-14.280000,40.680000,4.440000,-82.199997,-2.510000,43.320000,25.920000,-721.000000,-553.000000,-26.000000,-3988.000000,-238.000000,610.000000,760.000000,21.000000,21.000000,21.000000,21.000000,21.000000,21.000000,21.000000,37.000000,37.000000,37.000000,38.000000,39.000000,40.000000,43.000000,1,1,1,1,1,1,1,0,0,0,0,0,0,0,74,5376.533203,836,0,1,0.728955,-0.021964,-0.323752,-3.114000,-0.401000,0.077000,1
3.051079,-0.385000,-34.980000,-10.044000,63.584000,20.882000,40.834000,157.817993,-13.320000,40.430000,4.560000,-84.360001,-2.880000,42.360001,25.559999,-852.000000,-694.000000,113.000000,-4775.000000,-279.000000,424.000000,714.000000,21.000000,21.000000,21.000000,21.000000,21.000000,21.000000,21.000000,37.000000,37.000000,37.000000,38.000000,39.000000,40.000000,43.000000,1,1,1,1,1,1,1,0,0,0,0,0,0,0,74,5376.520996,836,0,1,0.730628,-0.021312,-0.323958,-3.113000,-0.400000,0.076000,1
3.061516,-0.535000,-34.556000,-9.997000,62.696999,20.834999,41.390999,158.102005,-13.440000,41.160000,3.840000,-86.639999,-3.240000,44.279999,27.000000,-775.000000,-597.000000,204.000000,-4573.000000,-343.000000,536.000000,803.000000,21.000000,21.000000,21.000000,21.000000,21.000000,21.000000,21.000000,37.000000,37.000000,37.000000,38.000000,39.000000,40.000000,43.000000,1,1,1,1,1,1,1,0,0,0,0,0,0,0,74,5376.528809,837,0,1,0.731881,-0.020655,-0.324145,-3.113000,-0.399000,0.076000,1
3.071074,-0.586000,-34.372002,-9.979000,62.299000,20.815001,41.578999,158.209000,-13.080000,40.310001,4.080000,-87.239998,-3.240000,43.919998,26.280001,-1034.000000,-707.000000,229.000000,-4134.000000,-332.000000,362.000000,661.000000,21.000000,21.000000,21.000000,21.000000,21.000000,21.000000,21.000000,37.000000,37.000000,37.000000,38.000000,39.000000,40.000000,43.000000,1,1,1,1,1,1,1,0,0,0,0,0,0,0,74,5376.534180,836,0,1,0.732857,-0.020438,-0.324082,-3.113000,-0.399000,0.077000,1
3.080997,-0.751000,-33.875999,-9.933000,61.226002,20.778999,42.008999,158.535004,-13.320000,42.119999,3.600000,-87.839996,-3.720000,43.919998,28.080000,-810.000000,-428.000000,156.000000,-4121.000000,-365.000000,461.000000,775.000000,21.000000,21.000000,21.000000,21.000000,21.000000,21.000000,21.000000,37.000000,37.000000,37.000000,38.000000,39.000000,40.000000,43.000000,1,1,1,1,1,1,1,0,0,0,0,0,0,0,74,5376.538086,837,0,1,0.735949,-0.020035,-0.323782,-3.114000,-0.401000,0.076000,1
3.091153,-0.909000,-33.394001,-9.889000,60.345001,20.743999,42.547001,158.858002,-13.080000,42.360001,3.480000,-89.279999,-3.480000,44.520000,26.280001,-662.000000,-596.000000,-119.000000,-4140.000000,-448.000000,408.000000,584.000000,21.000000,21.000000,21.000000,21.000000,21.000000,21.000000,21.000000,37.000000,37.000000,37.000000,38.000000,39.000000,40.000000,43.000000,1,1,1,1,1,1,1,0,0,0,0,0,0,0,74,5376.537109,836,0,1,0.736868,-0.019400,-0.324475,-3.113000,-0.398000,0.076000,1
3.101205,-1.034000,-32.957001,-9.841000,59.269001,20.714001,43.014000,159.134003,-12.710000,43.200001,3.240000,-88.919998,-3.720000,45.480000,26.639999,-659.000000,-254.000000,32.000000,-3828.000000,-505.000000,416.000000,664.000000,21.000000,21.000000,21.000000,21.000000,21.000000,21.000000,21.000000,37.000000,37.000000,37.000000,38.000000,39.000000,40.000000,43.000000,1,1,1,1,1,1,1,0,0,0,0,0,0,0,74,5376.549805,836,0,1,0.740022,-0.018687,-0.323731,-3.113000,-0.401000,0.076000,1
3.111165,-1.163000,-32.483002,-9.801000,58.259998,20.679001,43.502998,159.421997,-11.640000,42.119999,2.640000,-91.080002,-3.960000,44.040001,25.200001,-116.000000,-404.000000,135.000000,-3037.000000,-552.000000,589.000000,513.000000,21.000000,21.000000,21.000000,21.000000,21.000000,21.000000,21.000000,37.000000,37.000000,37.000000,38.000000,39.000000,40.000000,43.000000,1,1,1,1,1,1,1,0,0,0,0,0,0,0,74,5376.564941,836,0,1,0.742252,-0.018053,-0.323671,-3.113000,-0.402000,0.076000,1
3.121169,-1.215000,-32.310001,-9.786000,57.881001,20.648001,43.798000,159.550003,-10.920000,42.720001,2.510000,-91.080002,-5.030000,44.400002,27.120001,-472.000000,-613.000000,229.000000,-2955.000000,-484.000000,546.000000,724.000000,21.000000,21.000000,21.000000,21.000000,21.000000,21.000000,21.000000,37.000000,37.000000,37.000000,38.000000,39.000000,40.000000,43.000000,1,1,1,1,1,1,1,0,0,0,0,0,0,0,74,5376.551758,836,0,1,0.742387,-0.017695,-0.323791,-3.112000,-0.400000,0.076000,1
3.131226,-1.354000,-31.794001,-9.749000,56.791000,20.589001,44.348999,159.921005,-10.800000,41.520000,2.400000,-86.400002,-5.760000,43.799999,25.920000,-356.000000,-766.000000,222.000000,-3328.000000,-348.000000,590.000000,627.000000,21.000000,21.000000,21.000000,21.000000,21.000000,21.000000,21.000000,37.000000,37.000000,37.000000,38.000000,39.000000,40.000000,43.000000,1,1,1,1,1,1,1,0,0,0,0,0,0,0,74,5376.543945,838,0,1,0.744536,-0.017071,-0.323819,-3.112000,-0.400000,0.075000,1
3.141142,-1.448000,-31.385000,-9.721000,55.956001,20.545000,44.776001,160.164001,-9.000000,39.959999,2.160000,-83.760002,-4.670000,42.840000,24.360001,-524.000000,-1012.000000,-16.000000,-3511.000000,-404.000000,323.000000,523.000000,21.000000,21.000000,21.000000,21.000000,21.000000,21.000000,21.000000,37.000000,37.000000,37.000000,38.000000,39.000000,40.000000,43.000000,1,1,1,1,1,1,1,0,0,0,0,0,0,0,74,5376.541016,837,0,1,0.746048,-0.016563,-0.323980,-3.112000,-0.399000,0.075000,1
3.151300,-1.575000,-30.943001,-9.699000,54.981998,20.481001,45.276001,160.451004,-8.520000,35.400002,1.560000,-80.279999,-4.670000,38.639999,23.160000,-244.000000,-1087.000000,8.000000,-3305.000000,-357.000000,289.000000,419.000000,21.000000,21.000000,21.000000,21.000000,21.000000,21.000000,21.000000,37.000000,37.000000,37.000000,38.000000,39.000000,40.000000,43.000000,1,1,1,1,1,1,1,0,0,0,0,0,0,0,74,5376.533203,833,0,1,0.747950,-0.016210,-0.323863,-3.112000,-0.400000,0.076000,1
3.161252,-1.590000,-30.797001,-9.691000,54.713001,20.466999,45.353001,160.496994,-8.040000,35.400002,1.440000,-76.320000,-4.800000,39.000000,22.200001,-263.000000,-1112.000000,16.000000,-3138.000000,-384.000000,493.000000,547.000000,21.000000,21.000000,21.000000,21.000000,21.000000,21.000000,21.000000,37.000000,37.000000,37.000000,38.000000,39.000000,40.000000,43.000000,1,1,1,1,1,1,1,0,0,0,0,0,0,0,74,5376.542969,837,0,1,0.748734,-0.016102,-0.323945,-3.112000,-0.400000,0.076000,1
3.171145,-1.696000,-30.341000,-9.669000,53.730000,20.405001,45.821999,160.776993,-7.320000,31.920000,1.080000,-68.760002,-4.440000,34.919998,20.150000,-376.000000,-1182.000000,54.000000,-2758.000000,-401.000000,448.000000,419.000000,21.000000,21.000000,21.000000,22.000000,21.000000,21.000000,21.000000,37.000000,37.000000,37.000000,38.000000,39.000000,40.000000,43.000000,1,1,1,1,1,1,1,0,0,0,0,0,0,0,74,5376.540039,836,0,1,0.750784,-0.015677,-0.323865,-3.113000,-0.401000,0.076000,1
3.181083,-1.768000,-29.989000,-9.654000,52.903999,20.353001,46.237000,161.024994,-5.280000,29.400000,1.080000,-61.560001,-3.960000,32.400002,19.440001,-297.000000,-1049.000000,-122.000000,-2823.000000,-475.000000,641.000000,415.000000,21.000000,21.000000,21.000000,22.000000,21.000000,21.000000,21.000000,37.000000,37.000000,37.000000,38.000000,39.000000,40.000000,43.000000,1,1,1,1,1,1,1,0,0,0,0,0,0,0,74,5376.541016,835,0,1,0.752521,-0.015208,-0.323561,-3.113000,-0.401000,0.076000,1
3.191168,-1.829000,-29.653000,-9.637000,52.201000,20.319000,46.588001,161.233002,-4.670000,25.559999,0.840000,-55.200001,-3.840000,27.480000,17.760000,-322.000000,-1118.000000,-139.000000,-2400.000000,-520.000000,241.000000,560.000000,21.000000,21.000000,21.000000,22.000000,21.000000,21.000000,21.000000,37.000000,37.000000,37.000000,38.000000,39.000000,40.000000,43.000000,1,1,1,1,1,1,1,0,0,0,0,0,0,0,74,5376.541016,837,0,1,0.753795,-0.014728,-0.323628,-3.112000,-0.401000,0.076000,1
3.201304,-1.874000,-29.420000,-9.628000,51.708000,20.275999,46.844002,161.393005,-3.720000,22.320000,0.360000,-47.040001,-3.600000,24.000000,15.120000,-119.000000,-1020.000000,-205.000000,-1884.000000,-617.000000,104.000000,418.000000,22.000000,21.000000,21.000000,22.000000,21.000000,21.000000,22.000000,37.000000,37.000000,37.000000,38.000000,39.000000,40.000000,43.000000,1,1,1,1,1,1,1,0,0,0,0,0,0,0,74,5376.550781,837,0,1,0.754612,-0.014497,-0.323677,-3.112000,-0.401000,0.076000,1
3.211137,-1.893000,-29.277000,-9.621000,51.417000,20.260000,46.991001,161.500000,-3.000000,19.920000,0.120000,-43.919998,-4.320000,20.760000,13.320000,-200.000000,-1506.000000,-194.000000,-1610.000000,-557.000000,129.000000,496.000000,22.000000,21.000000,21.000000,22.000000,21.000000,21.000000,22.000000,37.000000,37.000000,37.000000,38.000000,39.000000,40.000000,43.000000,1,1,1,1,1,1,1,0,0,0,0,0,0,0,74,5376.547852,836,0,1,0.755094,-0.014257,-0.323743,-3.112000,-0.401000,0.075000,1
3.221169,-1.915000,-29.105000,-9.617000,51.069000,20.209999,47.213001,161.632996,-2.160000,16.680000,0.240000,-36.959999,-4.320000,17.879999,10.070000,-229.000000,-1090.000000,-134.000000,-2025.000000,-441.000000,338.000000,406.000000,22.000000,21.000000,21.000000,22.000000,21.000000,21.000000,22.000000,37.000000,37.000000,37.000000,38.000000,39.000000,40.000000,43.000000,1,1,1,1,1,1,1,0,0,0,0,0,0,0,74,5376.542969,836,0,1,0.755329,-0.014083,-0.323922,-3.112000,-0.400000,0.075000,1
3.231244,-1.930000,-28.940001,-9.613000,50.743000,20.157000,47.400002,161.746994,-1.080000,12.840000,0.240000,-27.000000,-4.800000,13.920000,7.560000,-438.000000,-1249.000000,-179.000000,-2308.000000,-314.000000,143.000000,303.000000,22.000000,21.000000,21.000000,22.000000,22.000000,21.000000,22.000000,37.000000,37.000000,37.000000,38.000000,39.000000,40.000000,43.000000,1,1,1,1,1,1,1,0,0,0,0,0,0,0,74,5376.538086,837,0,1,0.755665,-0.013973,-0.324087,-3.112000,-0.399000,0.075000,1
3.241144,-1.941000,-28.815001,-9.611000,50.500000,20.101999,47.547001,161.837997,-0.240000,10.070000,0.240000,-20.879999,-4.320000,11.400000,6.720000,-411.000000,-1422.000000,-141.000000,-2928.000000,-238.000000,121.000000,383.000000,22.000000,21.000000,22.000000,22.000000,22.000000,21.000000,22.000000,37.000000,37.000000,37.000000,38.000000,39.000000,40.000000,43.000000,1,1,1,1,1,1,1,0,0,0,0,0,0,0,74,5376.534180,836,0,1,0.755831,-0.013970,-0.324251,-3.112000,-0.399000,0.075000,1
3.251195,-1.941000,-28.704000,-9.610000,50.280998,20.048000,47.639000,161.910004,0.120000,5.760000,0.000000,-13.680000,-4.320000,7.800000,5.280000,-273.000000,-1447.000000,-86.000000,-3053.000000,-263.000000,-34.000000,452.000000,22.000000,22.000000,22.000000,22.000000,22.000000,22.000000,22.000000,37.000000,37.000000,37.000000,38.000000,39.000000,40.000000,43.000000,1,1,1,1,1,1,1,0,0,0,0,0,0,0,74,5376.533203,836,0,1,0.756236,-0.014006,-0.324331,-3.112000,-0.399000,0.075000,1
3.261638,-1.943000,-28.655001,-9.608000,50.174000,20.007999,47.694000,161.953995,0.120000,3.480000,0.000000,-9.240000,-3.600000,5.160000,3.600000,-34.000000,-1540.000000,-45.000000,-2924.000000,-271.000000,18.000000,444.000000,22.000000,22.000000,22.000000,22.000000,22.000000,22.000000,22.000000,37.000000,37.000000,37.000000,38.000000,39.000000,40.000000,43.000000,1,1,1,1,1,1,1,0,0,0,0,0,0,0,74,5376.529785,836,0,1,0.756386,-0.014073,-0.324344,-3.113000,-0.398000,0.075000,1
3.271166,-1.933000,-28.624001,-9.607000,50.108002,19.969999,47.738998,161.994003,0.840000,1.320000,0.000000,-3.360000,-3.000000,1.920000,2.040000,72.000000,-1669.000000,52.000000,-3129.000000,-303.000000,-53.000000,542.000000,22.000000,22.000000,22.000000,22.000000,22.000000,22.000000,22.000000,37.000000,37.000000,37.000000,38.000000,39.000000,40.000000,43.000000,1,1,1,1,1,1,1,0,0,0,0,0,0,0,74,5376.532227,836,0,1,0.756390,-0.014096,-0.324378,-3.113000,-0.398000,0.075000,1
3.281208,-1.932000,-28.622000,-9.607000,50.096001,19.951000,47.749001,162.003998,1.080000,0.600000,0.000000,-2.160000,-3.120000,1.080000,1.800000,71.000000,-1528.000000,76.000000,-3203.000000,-339.000000,-127.000000,504.000000,22.000000,22.000000,22.000000,22.000000,22.000000,22.000000,22.000000,37.000000,37.000000,37.000000,38.000000,39.000000,40.000000,43.000000,1,1,1,1,1,1,1,0,0,0,0,0,0,0,74,5376.540039,836,0,1,0.756388,-0.014166,-0.324365,-3.113000,-0.398000,0.075000,1
3.291110,-1.919000,-28.622000,-9.606000,50.083000,19.919001,47.752998,162.020004,1.320000,0.000000,0.000000,-0.240000,-2.880000,0.000000,1.080000,130.000000,-1472.000000,98.000000,-2964.000000,-372.000000,-128.000000,546.000000,22.000000,22.000000,22.000000,22.000000,22.000000,22.000000,22.000000,37.000000,37.000000,37.000000,38.000000,39.000000,40.000000,43.000000,1,1,1,1,1,1,1,0,0,0,0,0,0,0,74,5376.544922,837,0,1,0.756423,-0.014230,-0.324327,-3.113000,-0.398000,0.075000,1
3.302122,-1.903000,-28.622999,-9.603000,50.077000,19.892000,47.750000,162.029007,1.440000,0.000000,0.000000,0.000000,-2.400000,0.000000,0.720000,220.000000,-1810.000000,121.000000,-2568.000000,-480.000000,-224.000000,541.000000,22.000000,22.000000,22.000000,22.000000,22.000000,22.000000,22.000000,37.000000,37.000000,37.000000,38.000000,39.000000,40.000000,43.000000,1,1,1,1,1,1,1,0,0,0,0,0,0,0,74,5376.547852,837,0,1,0.756473,-0.014254,-0.324292,-3.113000,-0.398000,0.076000,1
3.312263,-1.889000,-28.624001,-9.600000,50.077000,19.863001,47.752998,162.041000,1.080000,0.000000,0.600000,0.000000,-2.760000,0.000000,1.080000,164.000000,-2035.000000,263.000000,-2134.000000,-531.000000,-344.000000,587.000000,22.000000,22.000000,22.000000,22.000000,22.000000,22.000000,22.000000,37.000000,37.000000,37.000000,38.000000,39.000000,40.000000,43.000000,1,1,1,1,1,1,1,0,0,0,0,0,0,0,74,5376.547852,837,0,1,0.756433,-0.014291,-0.324301,-3.113000,-0.398000,0.076000,1
3.322113,-1.878000,-28.624001,-9.588000,50.077999,19.826000,47.751999,162.059006,0.480000,0.000000,1.560000,0.000000,-3.240000,0.000000,2.040000,143.000000,-2128.000000,348.000000,-2123.000000,-398.000000,-351.000000,610.000000,22.000000,22.000000,22.000000,22.000000,22.000000,22.000000,22.000000,37.000000,37.000000,37.000000,38.000000,39.000000,40.000000,43.000000,1,1,1,1,1,1,1,0,0,0,0,0,0,0,74,5376.543945,837,0,1,0.756392,-0.014301,-0.324328,-3.113000,-0.398000,0.076000,1
3.332205,-1.875000,-28.622999,-9.574000,50.077000,19.780001,47.752998,162.082993,-0.120000,0.000000,2.510000,-0.480000,-3.720000,0.000000,3.120000,11.000000,-2038.000000,513.000000,-2675.000000,-331.000000,-301.000000,620.000000,22.000000,22.000000,22.000000,22.000000,22.000000,22.000000,22.000000,37.000000,37.000000,37.000000,38.000000,39.000000,40.000000,43.000000,1,1,1,1,1,1,1,0,0,0,0,0,0,0,74,5376.538086,837,0,1,0.756337,-0.014379,-0.324361,-3.114000,-0.398000,0.076000,1
3.342254,-1.881000,-28.620001,-9.536000,50.077000,19.721001,47.758999,162.115005,-1.800000,0.120000,4.080000,-1.440000,-4.560000,0.360000,4.200000,-479.000000,-1488.000000,692.000000,-3744.000000,-161.000000,-48.000000,666.000000,22.000000,22.000000,22.000000,22.000000,22.000000,22.000000,22.000000,37.000000,37.000000,37.000000,38.000000,39.000000,40.000000,43.000000,1,1,1,1,1,1,1,0,0,0,0,0,0,0,74,5376.540039,838,0,1,0.756225,-0.014336,-0.324432,-3.114000,-0.397000,0.076000,1
3.352168,-1.913000,-28.611000,-9.470000,50.051998,19.667999,47.775002,162.182007,-4.440000,1.440000,5.760000,-4.320000,-5.400000,1.800000,6.120000,-734.000000,-962.000000,593.000000,-4648.000000,-30.000000,-36.000000,674.000000,22.000000,22.000000,22.000000,22.000000,22.000000,22.000000,22.000000,37.000000,37.000000,37.000000,38.000000,39.000000,40.000000,43.000000,1,1,1,1,1,1,1,0,0,0,0,0,0,0,74,5376.540039,836,0,1,0.756193,-0.014101,-0.324460,-3.114000,-0.397000,0.076000,1
3.362163,-1.976000,-28.583000,-9.390000,49.978001,19.594999,47.807999,162.266006,-6.840000,3.360000,8.760000,-9.120000,-4.920000,3.600000,8.280000,-1293.000000,-772.000000,721.000000,-4635.000000,-158.000000,-39.000000,719.000000,22.000000,22.000000,22.000000,22.000000,22.000000,22.000000,22.000000,37.000000,37.000000,37.000000,38.000000,39.000000,40.000000,43.000000,1,1,1,1,1,1,1,0,0,0,0,0,0,0,74,5376.542969,835,0,1,0.756316,-0.013972,-0.324433,-3.114000,-0.397000,0.076000,1
3.372149,-2.032000,-28.561001,-9.323000,49.909000,19.572001,47.819000,162.302002,-9.120000,4.200000,10.070000,-10.800000,-4.920000,3.840000,9.240000,-1069.000000,-684.000000,559.000000,-4740.000000,-103.000000,29.000000,680.000000,22.000000,22.000000,22.000000,22.000000,22.000000,22.000000,22.000000,37.000000,37.000000,37.000000,38.000000,39.000000,40.000000,43.000000,1,1,1,1,1,1,1,0,0,0,0,0,0,0,74,5376.546875,835,0,1,0.756623,-0.013731,-0.324326,-3.115000,-0.398000,0.077000,1
3.382177,-2.146000,-28.506001,-9.217000,49.763000,19.528999,47.869999,162.412003,-11.280000,6.240000,12.960000,-16.080000,-5.030000,5.160000,12.960000,-1145.000000,-484.000000,786.000000,-4208.000000,-264.000000,111.000000,822.000000,22.000000,22.000000,22.000000,22.000000,22.000000,22.000000,22.000000,37.000000,37.000000,37.000000,38.000000,39.000000,40.000000,43.000000,1,1,1,1,1,1,1,0,0,0,0,0,0,0,74,5376.547852,837,0,1,0.757050,-0.013420,-0.324203,-3.115000,-0.398000,0.077000,1
3.392010,-2.303000,-28.431999,-9.089000,49.563000,19.488001,47.945000,162.550003,-16.080000,8.040000,16.559999,-19.799999,-5.030000,7.200000,13.200000,-1230.000000,-702.000000,1172.000000,-4298.000000,-388.000000,381.000000,855.000000,22.000000,22.000000,22.000000,22.000000,22.000000,22.000000,22.000000,37.000000,37.000000,37.000000,38.000000,39.000000,40.000000,43.000000,1,1,1,1,1,1,1,0,0,0,0,0,0,0,74,5376.551758,836,0,1,0.757628,-0.013064,-0.324018,-3.116000,-0.399000,0.077000,1
3.402178,-2.473000,-28.348000,-8.930000,49.356998,19.430000,48.035999,162.744995,-18.480000,9.840000,19.680000,-22.680000,-5.400000,9.120000,18.959999,-1669.000000,-245.000000,743.000000,-4071.000000,-407.000000,349.000000,748.000000,22.000000,22.000000,22.000000,22.000000,22.000000,22.000000,22.000000,37.000000,37.000000,37.000000,38.000000,39.000000,40.000000,43.000000,1,1,1,1,1,1,1,0,0,0,0,0,0,0,74,5376.550781,836,0,1,0.758069,-0.012510,-0.323933,-3.116000,-0.399000,0.076000,1
3.412226,-2.734000,-28.214001,-8.672000,49.035999,19.298000,48.179001,162.970993,-23.879999,12.240000,24.360001,-27.360001,-6.240000,12.710000,21.959999,-1482.000000,-480.000000,1539.000000,-4281.000000,-402.000000,243.000000,957.000000,22.000000,22.000000,22.000000,22.000000,22.000000,22.000000,22.000000,37.000000,37.000000,37.000000,38.000000,39.000000,40.000000,43.000000,1,1,1,1,1,1,1,0,0,0,0,0,0,0,74,5376.551758,838,0,1,0.758697,-0.011837,-0.323863,-3.117000,-0.399000,0.077000,1
3.422118,-3.076000,-28.034000,-8.338000,48.713001,19.198000,48.327000,163.214005,-27.719999,15.600000,28.080000,-33.119999,-7.920000,15.120000,26.520000,-1308.000000,-560.000000,722.000000,-4995.000000,-194.000000,289.000000,876.000000,22.000000,22.000000,22.000000,22.000000,21.000000,22.000000,22.000000,37.000000,37.000000,37.000000,38.000000,39.000000,40.000000,43.000000,1,1,1,1,1,1,1,0,0,0,0,0,0,0,74,5376.553223,836,0,1,0.759059,-0.010754,-0.324211,-3.118000,-0.398000,0.078000,1
3.432122,-3.191000,-27.969000,-8.209000,48.509998,19.146999,48.400002,163.332993,-30.719999,15.710000,29.040001,-35.639999,-8.880000,14.760000,25.920000,-1364.000000,-606.000000,1246.000000,-4325.000000,-39.000000,391.000000,692.000000,22.000000,22.000000,22.000000,22.000000,21.000000,22.000000,22.000000,37.000000,37.000000,37.000000,38.000000,39.000000,40.000000,43.000000,1,1,1,1,1,1,1,0,0,0,0,0,0,0,74,5376.553223,835,0,1,0.759710,-0.010228,-0.323942,-3.118000,-0.399000,0.078000,1
3.442108,-3.529000,-27.795000,-7.896000,48.094002,19.075001,48.587002,163.628006,-32.520000,18.240000,32.880001,-39.240002,-7.440000,17.879999,29.520000,-985.000000,-477.000000,754.000000,-4296.000000,-13.000000,199.000000,882.000000,22.000000,22.000000,22.000000,22.000000,21.000000,22.000000,22.000000,37.000000,37.000000,37.000000,38.000000,39.000000,40.000000,43.000000,1,1,1,1,1,1,1,0,0,0,0,0,0,0,74,5376.547852,837,0,1,0.760571,-0.009029,-0.323828,-3.118000,-0.399000,0.078000,1
3.452089,-3.967000,-27.549000,-7.470000,47.578999,18.990999,48.830002,164.014008,-35.400002,19.799999,36.000000,-44.880001,-9.600000,19.799999,33.240002,-1034.000000,-565.000000,1024.000000,-4239.000000,-392.000000,391.000000,873.000000,22.000000,21.000000,22.000000,22.000000,21.000000,22.000000,22.000000,37.000000,37.000000,37.000000,38.000000,39.000000,40.000000,43.000000,1,1,1,1,1,1,1,0,0,0,0,0,0,0,74,5376.544922,837,0,1,0.761370,-0.007264,-0.324002,-3.118000,-0.399000,0.078000,1
3.462130,-4.406000,-27.336000,-7.109000,47.094002,18.892000,49.089001,164.399994,-39.720001,21.959999,39.240002,-49.680000,-7.920000,22.680000,34.560001,-1474.000000,-775.000000,1193.000000,-4516.000000,-372.000000,217.000000,802.000000,22.000000,21.000000,22.000000,22.000000,21.000000,21.000000,22.000000,37.000000,37.000000,37.000000,38.000000,39.000000,40.000000,43.000000,1,1,1,1,1,1,1,0,0,0,0,0,0,0,74,5376.546875,837,0,1,0.761994,-0.006172,-0.324051,-3.119000,-0.398000,0.077000,1
3.472117,-4.559000,-27.209999,-6.871000,46.778999,18.844000,49.243000,164.615997,-41.520000,21.719999,40.310001,-51.119999,-10.440000,23.760000,36.119999,-1311.000000,-476.000000,1152.000000,-4419.000000,-431.000000,328.000000,667.000000,22.000000,21.000000,22.000000,21.000000,21.000000,21.000000,22.000000,37.000000,37.000000,37.000000,38.000000,39.000000,40.000000,43.000000,1,1,1,1,1,1,1,0,0,0,0,0,0,0,74,5376.546875,836,0,1,0.762569,-0.004646,-0.323965,-3.117000,-0.398000,0.076000,1
3.482129,-5.002000,-26.971001,-6.421000,46.215000,18.740999,49.502998,164.988998,-42.720001,23.639999,42.599998,-52.320000,-12.240000,26.639999,35.639999,-945.000000,-825.000000,1439.000000,-4383.000000,-247.000000,399.000000,743.000000,22.000000,21.000000,22.000000,21.000000,21.000000,21.000000,22.000000,37.000000,37.000000,37.000000,38.000000,39.000000,40.000000,43.000000,1,1,1,1,1,1,1,0,0,0,0,0,0,0,74,5376.546875,837,0,1,0.763603,-0.002794,-0.323904,-3.116000,-0.399000,0.076000,1
3.492052,-5.534000,-26.683001,-5.873000,45.542000,18.608999,49.758999,165.356003,-44.279999,25.200001,42.720001,-57.599998,-10.560000,25.799999,38.040001,-981.000000,-570.000000,1073.000000,-4156.000000,-217.000000,541.000000,873.000000,22.000000,21.000000,22.000000,21.000000,21.000000,21.000000,22.000000,37.000000,37.000000,37.000000,38.000000,39.000000,40.000000,43.000000,1,1,1,1,1,1,1,0,0,0,0,0,0,0,74,5376.546875,838,0,1,0.765128,-0.000713,-0.323800,-3.117000,-0.400000,0.078000,1
3.502061,-6.068000,-26.410999,-5.325000,44.835999,18.483000,50.089001,165.822006,-44.759998,26.280001,44.639999,-60.119999,-10.800000,27.719999,38.400002,-1182.000000,-435.000000,841.000000,-4275.000000,-394.000000,297.000000,714.000000,21.000000,21.000000,22.000000,21.000000,21.000000,21.000000,21.000000,37.000000,37.000000,37.000000,38.000000,39.000000,40.000000,43.000000,1,1,1,1,1,1,1,0,0,0,0,0,0,0,74,5376.544922,836,0,1,0.766478,0.001572,-0.323518,-3.116000,-0.400000,0.078000,1
3.512093,-6.524000,-26.143999,-4.816000,44.221001,18.360001,50.363998,166.220993,-45.599998,25.559999,45.360001,-60.000000,-12.840000,28.430000,40.560001,-1057.000000,-813.000000,459.000000,-3946.000000,-387.000000,400.000000,881.000000,21.000000,21.000000,22.000000,21.000000,21.000000,21.000000,21.000000,37.000000,37.000000,37.000000,38.000000,39.000000,40.000000,43.000000,1,1,1,1,1,1,1,0,0,0,0,0,0,0,74,5376.542969,836,0,1,0.767525,0.003771,-0.323551,-3.115000,-0.401000,0.077000,1
3.522110,-7.002000,-25.874001,-4.308000,43.591000,18.261999,50.724998,166.720993,-47.639999,26.400000,46.200001,-62.759998,-12.000000,29.040001,41.160000,-937.000000,-633.000000,335.000000,-3630.000000,-229.000000,731.000000,882.000000,21.000000,21.000000,22.000000,21.000000,21.000000,21.000000,21.000000,37.000000,37.000000,37.000000,38.000000,39.000000,40.000000,43.000000,1,1,1,1,1,1,1,0,0,0,0,0,0,0,74,5376.543945,837,0,1,0.768075,0.006131,-0.323696,-3.113000,-0.400000,0.075000,1
3.532182,-7.275000,-25.702000,-4.053000,43.210999,18.223000,50.889999,166.934998,-46.200001,26.639999,46.560001,-63.959999,-10.680000,29.879999,41.040001,-963.000000,-893.000000,616.000000,-4103.000000,-685.000000,175.000000,944.000000,21.000000,21.000000,22.000000,21.000000,21.000000,21.000000,21.000000,37.000000,37.000000,37.000000,38.000000,39.000000,40.000000,43.000000,1,1,1,1,1,1,1,0,0,0,0,0,0,0,74,5376.547852,837,0,1,0.768727,0.007125,-0.323754,-3.113000,-0.400000,0.075000,1
3.542065,-7.830000,-25.381001,-3.501000,42.445000,18.080000,51.199001,167.317993,-46.439999,26.520000,45.720001,-64.080002,-12.120000,30.240000,39.240002,-1049.000000,-766.000000,217.000000,-4012.000000,-1009.000000,534.000000,727.000000,21.000000,21.000000,21.000000,21.000000,21.000000,21.000000,21.000000,37.000000,37.000000,37.000000,38.000000,39.000000,40.000000,43.000000,1,1,1,1,1,1,1,0,0,0,0,0,0,0,74,5376.542969,836,0,1,0.770274,0.009032,-0.323646,-3.114000,-0.401000,0.076000,1
3.552077,-8.307000,-25.084999,-3.021000,41.792999,17.917000,51.584999,167.699997,-46.919998,28.080000,48.000000,-66.120003,-14.760000,29.879999,39.240002,-763.000000,-724.000000,804.000000,-4019.000000,-552.000000,492.000000,885.000000,21.000000,21.000000,21.000000,21.000000,21.000000,21.000000,21.000000,37.000000,37.000000,37.000000,38.000000,39.000000,40.000000,43.000000,1,1,1,1,1,1,1,0,0,0,0,0,0,0,74,5376.536133,836,0,1,0.770613,0.010597,-0.323989,-3.114000,-0.399000,0.077000,1
3.562194,-8.877000,-24.753000,-2.425000,41.000000,17.784000,51.924999,168.166000,-48.840000,28.080000,49.560001,-68.160004,-14.040000,33.480000,42.119999,-677.000000,-768.000000,872.000000,-4614.000000,-499.000000,402.000000,807.000000,21.000000,21.000000,21.000000,21.000000,21.000000,21.000000,21.000000,37.000000,37.000000,37.000000,38.000000,39.000000,40.000000,43.000000,1,1,1,1,1,1,1,0,0,0,0,0,0,0,74,5376.538086,837,0,1,0.771998,0.012913,-0.323950,-3.113000,-0.400000,0.077000,1
3.572123,-9.398000,-24.474001,-1.945000,40.320999,17.667999,52.270000,168.563995,-48.840000,28.799999,48.840000,-69.599998,-12.600000,33.959999,41.279999,-910.000000,-634.000000,241.000000,-4891.000000,-875.000000,237.000000,801.000000,21.000000,21.000000,21.000000,21.000000,21.000000,21.000000,21.000000,37.000000,37.000000,37.000000,38.000000,39.000000,40.000000,43.000000,1,1,1,1,1,1,1,0,0,0,0,0,0,0,74,5376.537109,837,0,1,0.772867,0.014441,-0.323955,-3.114000,-0.400000,0.076000,1
3.582121,-9.997000,-24.129999,-1.440000,39.606998,17.459999,52.681999,169.059998,-50.869999,28.920000,50.400002,-70.919998,-15.600000,35.400002,41.040001,-1186.000000,-728.000000,381.000000,-4416.000000,-713.000000,525.000000,731.000000,21.000000,21.000000,21.000000,21.000000,21.000000,21.000000,21.000000,37.000000,37.000000,37.000000,38.000000,39.000000,40.000000,43.000000,1,1,1,1,1,1,1,0,0,0,0,0,0,0,74,5376.538086,838,0,1,0.773089,0.015259,-0.324572,-3.116000,-0.397000,0.076000,1
3.592084,-10.209000,-24.009001,-1.165000,39.159000,17.368000,52.868999,169.281006,-50.869999,29.639999,52.200001,-74.400002,-15.000000,34.799999,40.799999,-969.000000,-766.000000,1058.000000,-4354.000000,-507.000000,468.000000,789.000000,21.000000,21.000000,21.000000,21.000000,21.000000,21.000000,21.000000,37.000000,37.000000,37.000000,38.000000,39.000000,40.000000,43.000000,1,1,1,1,1,1,1,0,0,0,0,0,0,0,74,5376.536133,837,0,1,0.774264,0.016547,-0.323897,-3.115000,-0.399000,0.076000,1
3.602077,-10.809000,-23.656000,-0.508000,38.255001,17.167999,53.283001,169.759995,-50.520000,30.240000,53.279999,-75.599998,-15.480000,37.200001,40.200001,-675.000000,-740.000000,714.000000,-4000.000000,-726.000000,546.000000,664.000000,21.000000,21.000000,21.000000,21.000000,21.000000,21.000000,21.000000,37.000000,37.000000,37.000000,38.000000,39.000000,40.000000,43.000000,1,1,1,1,1,1,1,0,0,0,0,0,0,0,74,5376.546875,838,0,1,0.775692,0.018854,-0.323700,-3.114000,-0.400000,0.076000,1
3.612038,-11.434000,-23.289000,0.149000,37.341000,17.038000,53.666000,170.173996,-51.840000,30.719999,55.080002,-78.839996,-14.640000,36.000000,42.480000,-912.000000,-553.000000,290.000000,-4131.000000,-860.000000,148.000000,912.000000,21.000000,21.000000,21.000000,21.000000,21.000000,21.000000,21.000000,37.000000,37.000000,37.000000,38.000000,39.000000,40.000000,43.000000,1,1,1,1,1,1,1,0,0,0,0,0,0,0,74,5376.550781,837,0,1,0.777329,0.021277,-0.323520,-3.114000,-0.401000,0.077000,1
3.622079,-11.988000,-22.972000,0.716000,36.556999,16.888000,54.077000,170.613998,-55.080002,32.040001,56.160000,-79.559998,-13.680000,39.240002,39.240002,-872.000000,-472.000000,608.000000,-4008.000000,-842.000000,568.000000,641.000000,21.000000,21.000000,21.000000,21.000000,21.000000,21.000000,21.000000,37.000000,37.000000,37.000000,38.000000,39.000000,40.000000,43.000000,1,1,1,1,1,1,1,0,0,0,0,0,0,0,74,5376.547852,836,0,1,0.778121,0.023132,-0.323561,-3.113000,-0.401000,0.076000,1
3.632199,-12.650000,-22.582001,1.345000,35.569000,16.688000,54.551998,171.080002,-55.080002,33.119999,56.160000,-82.320000,-16.559999,40.680000,37.080002,-875.000000,-538.000000,729.000000,-3930.000000,-830.000000,460.000000,871.000000,21.000000,21.000000,21.000000,21.000000,21.000000,21.000000,21.000000,37.000000,37.000000,37.000000,38.000000,39.000000,40.000000,43.000000,1,1,1,1,1,1,1,0,0,0,0,0,0,0,74,5376.544922,837,0,1,0.779472,0.024703,-0.323419,-3.115000,-0.401000,0.077000,1
3.642209,-12.880000,-22.443001,1.594000,35.233002,16.566999,54.816002,171.335007,-57.240002,33.599998,56.759998,-82.800003,-15.840000,40.799999,40.310001,-1051.000000,-536.000000,1005.000000,-3834.000000,-818.000000,618.000000,880.000000,21.000000,21.000000,21.000000,21.000000,21.000000,21.000000,21.000000,37.000000,37.000000,37.000000,38.000000,39.000000,40.000000,43.000000,1,1,1,1,1,1,1,0,0,0,0,0,0,0,74,5376.546875,837,0,1,0.779178,0.025318,-0.323628,-3.114000,-0.399000,0.076000,1
3.652084,-13.463000,-22.059000,2.204000,34.355999,16.386000,55.245998,171.753998,-56.160000,34.680000,56.630001,-83.160004,-17.520000,40.799999,40.310001,-1226.000000,-864.000000,823.000000,-3761.000000,-352.000000,667.000000,797.000000,21.000000,21.000000,21.000000,21.000000,21.000000,21.000000,21.000000,37.000000,37.000000,37.000000,38.000000,39.000000,40.000000,43.000000,1,1,1,1,1,1,1,0,0,0,0,0,0,0,74,5376.549805,836,0,1,0.780040,0.027004,-0.323899,-3.114000,-0.399000,0.076000,1
3.662070,-14.235000,-21.570999,2.982000,33.356998,16.214001,55.736000,172.214005,-57.720001,34.080002,58.680000,-84.720001,-15.840000,42.720001,39.599998,-696.000000,-655.000000,479.000000,-4238.000000,-691.000000,567.000000,888.000000,21.000000,21.000000,21.000000,21.000000,21.000000,21.000000,21.000000,37.000000,37.000000,37.000000,38.000000,39.000000,40.000000,43.000000,1,1,1,1,1,1,1,0,0,0,0,0,0,0,74,5376.547852,837,0,1,0.780685,0.029047,-0.324737,-3.114000,-0.397000,0.076000,1
3.672107,-14.812000,-21.236000,3.551000,32.353001,16.056999,56.158001,172.600006,-55.560001,34.200001,56.869999,-81.239998,-17.150000,41.400002,37.799999,-524.000000,-686.000000,359.000000,-3704.000000,-389.000000,511.000000,676.000000,21.000000,21.000000,21.000000,21.000000,21.000000,21.000000,21.000000,37.000000,37.000000,37.000000,38.000000,39.000000,40.000000,43.000000,1,1,1,1,1,1,1,0,0,0,0,0,0,0,74,5376.543945,835,0,1,0.782749,0.030660,-0.323868,-3.115000,-0.400000,0.076000,1
3.682061,-15.374000,-20.915001,4.118000,31.547001,15.850000,56.674999,173.063995,-55.200001,32.040001,55.560001,-80.279999,-15.840000,41.040001,37.310001,-447.000000,-1091.000000,99.000000,-4247.000000,-344.000000,480.000000,715.000000,21.000000,21.000000,21.000000,21.000000,21.000000,21.000000,21.000000,37.000000,37.000000,37.000000,38.000000,39.000000,40.000000,43.000000,1,1,1,1,1,1,1,0,0,0,0,0,0,0,74,5376.538086,832,0,1,0.782818,0.031883,-0.324068,-3.115000,-0.398000,0.075000,1
3.692068,-15.904000,-20.606001,4.713000,30.742001,15.714000,57.057999,173.403000,-51.959999,30.480000,53.869999,-76.320000,-15.480000,37.430000,33.240002,-116.000000,-1046.000000,66.000000,-3475.000000,-457.000000,409.000000,633.000000,21.000000,21.000000,21.000000,21.000000,21.000000,21.000000,21.000000,37.000000,37.000000,37.000000,38.000000,39.000000,40.000000,43.000000,1,1,1,1,1,1,1,0,0,0,0,0,0,0,74,5376.536133,838,0,1,0.783811,0.033768,-0.323913,-3.114000,-0.399000,0.075000,1
3.702123,-16.214001,-20.422001,5.009000,30.274000,15.659000,57.262001,173.580994,-48.720001,30.120001,51.840000,-74.629997,-13.920000,36.599998,31.799999,-41.000000,-1140.000000,257.000000,-3612.000000,-397.000000,134.000000,393.000000,21.000000,21.000000,21.000000,21.000000,21.000000,21.000000,21.000000,37.000000,37.000000,37.000000,38.000000,39.000000,40.000000,43.000000,1,1,1,1,1,1,1,0,0,0,0,0,0,0,74,5376.542969,836,0,1,0.784526,0.034524,-0.323806,-3.114000,-0.399000,0.075000,1
3.712192,-16.773001,-20.077999,5.619000,29.431000,15.530000,57.681000,173.876999,-44.759998,26.639999,48.840000,-67.919998,-10.560000,33.480000,29.400000,-488.000000,-1219.000000,390.000000,-2626.000000,-954.000000,381.000000,571.000000,21.000000,21.000000,21.000000,21.000000,21.000000,21.000000,21.000000,37.000000,37.000000,37.000000,38.000000,39.000000,40.000000,43.000000,1,1,1,1,1,1,1,0,0,0,0,0,0,0,74,5376.546875,837,0,1,0.785336,0.036258,-0.323845,-3.114000,-0.399000,0.076000,1
3.722104,-17.282000,-19.780001,6.182000,28.760000,15.407000,58.009998,174.190002,-39.480000,23.760000,42.240002,-62.040001,-10.920000,32.160000,25.309999,40.000000,-1292.000000,-131.000000,-2519.000000,-862.000000,481.000000,551.000000,21.000000,21.000000,21.000000,21.000000,21.000000,21.000000,21.000000,37.000000,37.000000,37.000000,38.000000,39.000000,40.000000,43.000000,1,1,1,1,1,1,1,0,0,0,0,0,0,0,74,5376.543945,836,0,1,0.785778,0.037756,-0.324174,-3.113000,-0.399000,0.075000,1
3.732292,-17.670000,-19.555000,6.564000,28.084999,15.295000,58.293999,174.429001,-34.560001,20.280001,37.430000,-53.630001,-11.760000,26.160000,21.360001,176.000000,-1259.000000,-95.000000,-2095.000000,-789.000000,260.000000,293.000000,21.000000,21.000000,22.000000,21.000000,21.000000,21.000000,21.000000,37.000000,37.000000,37.000000,38.000000,39.000000,40.000000,43.000000,1,1,1,1,1,1,1,0,0,0,0,0,0,0,74,5376.544922,837,0,1,0.787074,0.038597,-0.323589,-3.113000,-0.401000,0.076000,1
3.742116,-17.851000,-19.445000,6.769000,27.788000,15.212000,58.498001,174.556000,-31.309999,19.080000,33.720001,-46.200001,-10.800000,24.480000,18.840000,411.000000,-1186.000000,-136.000000,-2271.000000,-596.000000,210.000000,541.000000,21.000000,21.000000,22.000000,21.000000,21.000000,21.000000,21.000000,37.000000,37.000000,37.000000,38.000000,39.000000,40.000000,43.000000,1,1,1,1,1,1,1,0,0,0,0,0,0,0,74,5376.543945,837,0,1,0.787039,0.038987,-0.323592,-3.113000,-0.400000,0.076000,1
3.752074,-18.139000,-19.285999,7.064000,27.379000,15.107000,58.716999,174.770996,-26.280001,15.240000,28.430000,-37.919998,-8.640000,18.840000,16.200001,282.000000,-1174.000000,-102.000000,-2209.000000,-618.000000,192.000000,376.000000,21.000000,22.000000,22.000000,21.000000,21.000000,21.000000,21.000000,37.000000,37.000000,37.000000,38.000000,39.000000,40.000000,43.000000,1,1,1,1,1,1,1,0,0,0,0,0,0,0,74,5376.538086,837,0,1,0.787324,0.039479,-0.323591,-3.114000,-0.400000,0.075000,1
3.762366,-18.410000,-19.124001,7.358000,26.975000,14.979000,58.893002,174.923996,-18.840000,11.640000,22.440001,-28.799999,-8.640000,16.440001,10.680000,199.000000,-1368.000000,-435.000000,-2490.000000,-614.000000,109.000000,349.000000,21.000000,22.000000,22.000000,21.000000,21.000000,22.000000,21.000000,37.000000,37.000000,37.000000,38.000000,39.000000,40.000000,43.000000,1,1,1,1,1,1,1,0,0,0,0,0,0,0,74,5376.536133,837,0,1,0.787855,0.039824,-0.323557,-3.115000,-0.400000,0.075000,1
3.772123,-18.593000,-18.999001,7.587000,26.716000,14.905000,59.068001,175.057007,-11.640000,8.280000,15.840000,-21.719999,-6.480000,11.160000,6.840000,19.000000,-1518.000000,-308.000000,-3217.000000,-657.000000,-80.000000,365.000000,21.000000,22.000000,22.000000,22.000000,21.000000,22.000000,21.000000,37.000000,37.000000,37.000000,38.000000,39.000000,40.000000,43.000000,1,1,1,1,1,1,1,0,0,0,0,0,0,0,74,5376.534180,837,0,1,0.787648,0.040346,-0.323848,-3.114000,-0.399000,0.075000,1
3.782146,-18.694000,-18.929001,7.738000,26.507999,14.854000,59.164001,175.136993,-7.200000,5.520000,11.280000,-14.040000,-6.120000,7.560000,6.120000,452.000000,-1626.000000,-895.000000,-3222.000000,-739.000000,135.000000,513.000000,21.000000,22.000000,22.000000,22.000000,21.000000,22.000000,21.000000,37.000000,37.000000,37.000000,38.000000,39.000000,40.000000,43.000000,1,1,1,1,1,1,1,0,0,0,0,0,0,0,74,5376.534180,835,0,1,0.787947,0.040856,-0.323691,-3.113000,-0.400000,0.075000,1
3.792097,-18.750000,-18.878000,7.841000,26.398001,14.789000,59.220001,175.205002,-3.000000,2.880000,8.160000,-9.120000,-5.760000,3.720000,3.720000,-33.000000,-1599.000000,-400.000000,-2953.000000,-620.000000,194.000000,443.000000,21.000000,22.000000,22.000000,22.000000,21.000000,22.000000,21.000000,37.000000,37.000000,37.000000,38.000000,39.000000,40.000000,43.000000,1,1,1,1,1,1,1,0,0,0,0,0,0,0,74,5376.534180,838,0,1,0.787979,0.041042,-0.323757,-3.113000,-0.399000,0.074000,1
3.802173,-18.761000,-18.871000,7.881000,26.363001,14.747000,59.235001,175.229996,-2.160000,1.920000,5.280000,-5.400000,-5.880000,2.510000,2.760000,67.000000,-1425.000000,-521.000000,-2938.000000,-696.000000,168.000000,447.000000,22.000000,22.000000,22.000000,22.000000,21.000000,22.000000,22.000000,37.000000,37.000000,37.000000,38.000000,39.000000,40.000000,43.000000,1,1,1,1,1,1,1,0,0,0,0,0,0,0,74,5376.534180,837,0,1,0.788056,0.041105,-0.323685,-3.113000,-0.400000,0.075000,1
3.812088,-18.768000,-18.858000,7.923000,26.327000,14.677000,59.257000,175.257004,0.120000,0.720000,2.760000,-1.800000,-4.800000,0.960000,1.800000,126.000000,-1185.000000,-401.000000,-2948.000000,-614.000000,105.000000,409.000000,22.000000,22.000000,22.000000,22.000000,21.000000,22.000000,22.000000,37.000000,37.000000,37.000000,38.000000,39.000000,40.000000,43.000000,1,1,1,1,1,1,1,0,0,0,0,0,0,0,74,5376.536133,835,0,1,0.788054,0.041016,-0.323690,-3.114000,-0.399000,0.075000,1
3.822121,-18.761000,-18.853001,7.947000,26.320000,14.614000,59.259998,175.274994,1.440000,0.000000,1.080000,0.120000,-4.800000,0.000000,1.080000,672.000000,-1214.000000,-31.000000,-3160.000000,-567.000000,48.000000,459.000000,22.000000,22.000000,22.000000,22.000000,21.000000,22.000000,22.000000,37.000000,37.000000,37.000000,38.000000,39.000000,40.000000,43.000000,1,1,1,1,1,1,1,0,0,0,0,0,0,0,74,5376.541016,836,0,1,0.788044,0.040870,-0.323710,-3.114000,-0.399000,0.075000,1
3.832222,-18.740000,-18.851999,7.950000,26.323999,14.545000,59.259998,175.283997,1.560000,0.000000,0.480000,0.000000,-4.080000,0.000000,0.360000,57.000000,-1350.000000,-151.000000,-2760.000000,-110.000000,-38.000000,393.000000,22.000000,22.000000,22.000000,22.000000,22.000000,22.000000,22.000000,37.000000,37.000000,37.000000,38.000000,39.000000,40.000000,43.000000,1,1,1,1,1,1,1,0,0,0,0,0,0,0,74,5376.544922,837,0,1,0.788011,0.040588,-0.323739,-3.115000,-0.399000,0.075000,0
3.842076,-18.738001,-18.853001,7.940000,26.323000,14.529000,59.263000,175.289001,-0.120000,0.000000,-0.240000,0.000000,-0.240000,0.000000,0.240000,183.000000,-1489.000000,92.000000,-2601.000000,-225.000000,-65.000000,401.000000,22.000000,22.000000,22.000000,22.000000,22.000000,22.000000,22.000000,37.000000,37.000000,37.000000,38.000000,39.000000,40.000000,43.000000,1,1,1,1,1,1,1,0,0,0,0,0,0,0,74,5376.543945,837,0,1,0.788018,0.040426,-0.323723,-3.115000,-0.399000,0.075000,0
3.852268,-18.738001,-18.853001,7.923000,26.323000,14.517000,59.263000,175.289993,0.000000,0.000000,0.000000,0.000000,-0.360000,0.000000,0.000000,165.000000,-1639.000000,-40.000000,-2455.000000,-314.000000,-104.000000,378.000000,22.000000,22.000000,22.000000,22.000000,22.000000,22.000000,22.000000,37.000000,37.000000,37.000000,38.000000,39.000000,40.000000,43.000000,1,1,1,1,1,1,1,0,0,0,0,0,0,0,74,5376.543945,835,0,1,0.788032,0.040214,-0.323719,-3.116000,-0.399000,0.075000,0
3.863047,-18.738001,-18.851000,7.917000,26.323000,14.511000,59.259998,175.289001,0.000000,0.000000,0.000000,0.000000,-0.360000,0.000000,-0.120000,249.000000,-1797.000000,-46.000000,-2309.000000,-290.000000,-149.000000,359.000000,22.000000,22.000000,22.000000,22.000000,22.000000,22.000000,22.000000,37.000000,37.000000,37.000000,38.000000,39.000000,40.000000,43.000000,1,1,1,1,1,1,1,0,0,0,0,0,0,0,74,5376.542969,837,0,1,0.788042,0.040113,-0.323738,-3.116000,-0.399000,0.075000,0
3.873042,-18.740000,-18.851000,7.919000,26.323999,14.508000,59.261002,175.287994,0.000000,0.000000,0.000000,0.000000,0.000000,0.000000,0.120000,288.000000,-1908.000000,-32.000000,-2212.000000,-299.000000,-173.000000,361.000000,22.000000,22.000000,22.000000,22.000000,22.000000,22.000000,22.000000,37.000000,37.000000,37.000000,38.000000,39.000000,40.000000,43.000000,1,1,1,1,1,1,1,0,0,0,0,0,0,0,74,5376.542969,836,0,1,0.788022,0.040108,-0.323750,-3.116000,-0.399000,0.076000,0
3.883086,-18.740000,-18.851999,7.933000,26.323000,14.508000,59.261002,175.289001,0.000000,-0.120000,0.000000,0.000000,0.000000,0.000000,0.000000,354.000000,-2071.000000,-78.000000,-2109.000000,-333.000000,-219.000000,347.000000,22.000000,22.000000,22.000000,22.000000,22.000000,22.000000,22.000000,37.000000,37.000000,37.000000,38.000000,39.000000,40.000000,43.000000,1,1,1,1,1,1,1,0,0,0,0,0,0,0,74,5376.541016,836,0,1,0.788027,0.040229,-0.323734,-3.116000,-0.399000,0.076000,0
3.893073,-18.738001,-18.851999,7.937000,26.323000,14.508000,59.263000,175.292007,0.120000,0.000000,0.000000,0.000000,-0.120000,0.000000,-0.120000,344.000000,-2177.000000,-136.000000,-1987.000000,-353.000000,-254.000000,341.000000,22.000000,22.000000,22.000000,22.000000,22.000000,22.000000,22.000000,37.000000,37.000000,37.000000,38.000000,39.000000,40.000000,43.000000,1,1,1,1,1,1,1,0,0,0,0,0,0,0,74,5376.542969,835,0,1,0.788015,0.040273,-0.323737,-3.116000,-0.399000,0.075000,0
3.903023,-18.735001,-18.853001,7.933000,26.320999,14.507000,59.264999,175.289993,0.000000,0.000000,0.000000,0.000000,0.000000,0.000000,0.000000,366.000000,-2300.000000,-169.000000,-1841.000000,-365.000000,-293.000000,335.000000,22.000000,22.000000,22.000000,22.000000,22.000000,22.000000,22.000000,37.000000,37.000000,37.000000,38.000000,39.000000,40.000000,43.000000,1,1,1,1,1,1,1,0,0,0,0,0,0,0,74,5376.543945,836,0,1,0.788017,0.040252,-0.323719,-3.116000,-0.399000,0.075000,0
3.913056,-18.737000,-18.853001,7.932000,26.323000,14.506000,59.261002,175.292999,0.000000,-0.120000,0.000000,0.000000,0.000000,0.000000,-0.120000,382.000000,-2406.000000,-129.000000,-1735.000000,-353.000000,-320.000000,321.000000,22.000000,22.000000,22.000000,22.000000,22.000000,22.000000,22.000000,37.000000,37.000000,37.000000,38.000000,39.000000,40.000000,43.000000,1,1,1,1,1,1,1,0,0,0,0,0,0,0,74,5376.544922,837,0,1,0.788035,0.040224,-0.323720,-3.116000,-0.399000,0.075000,0
3.923109,-18.737000,-18.855000,7.933000,26.323999,14.504000,59.263000,175.289993,0.000000,-0.120000,0.000000,0.000000,0.000000,0.000000,-0.240000,379.000000,-2498.000000,-143.000000,-1652.000000,-357.000000,-350.000000,315.000000,22.000000,22.000000,22.000000,22.000000,22.000000,22.000000,22.000000,37.000000,37.000000,37.000000,38.000000,39.000000,40.000000,43.000000,1,1,1,1,1,1,1,0,0,0,0,0,0,0,74,5376.546875,835,0,1,0.788023,0.040227,-0.323718,-3.116000,-0.399000,0.076000,0
3.933143,-18.733999,-18.856001,7.930000,26.320999,14.506000,59.263000,175.292007,0.000000,-0.120000,0.000000,0.000000,0.000000,-0.240000,0.360000,373.000000,-2499.000000,-174.000000,-1533.000000,-375.000000,-351.000000,309.000000,22.000000,22.000000,22.000000,22.000000,22.000000,22.000000,22.000000,37.000000,37.000000,37.000000,38.000000,39.000000,40.000000,43.000000,1,1,1,1,1,1,1,0,0,0,0,0,0,0,74,5376.546875,837,0,1,0.788051,0.040238,-0.323688,-3.116000,-0.399000,0.075000,0
3.943179,-18.731001,-18.858999,7.933000,26.325001,14.503000,59.259998,175.292007,0.000000,-0.120000,0.000000,0.120000,0.000000,0.000000,0.000000,380.000000,-2573.000000,-206.000000,-1450.000000,-373.000000,-372.000000,293.000000,22.000000,22.000000,22.000000,22.000000,22.000000,22.000000,22.000000,37.000000,37.000000,37.000000,38.000000,39.000000,40.000000,43.000000,1,1,1,1,1,1,1,0,0,0,0,0,0,0,74,5376.546875,836,0,1,0.788053,0.040261,-0.323679,-3.116000,-0.399000,0.075000,0
3.953119,-18.729000,-18.860001,7.934000,26.327999,14.506000,59.259998,175.292007,0.000000,-0.240000,0.000000,0.240000,0.000000,0.000000,0.000000,372.000000,-2584.000000,-263.000000,-1415.000000,-388.000000,-420.000000,306.000000,22.000000,22.000000,22.000000,22.000000,22.000000,22.000000,22.000000,37.000000,37.000000,37.000000,38.000000,39.000000,40.000000,43.000000,1,1,1,1,1,1,1,0,0,0,0,0,0,0,74,5376.546875,835,0,1,0.788040,0.040306,-0.323680,-3.116000,-0.399000,0.075000,0
3.963073,-18.726999,-18.862000,7.936000,26.330999,14.506000,59.259998,175.289993,0.000000,-0.120000,0.000000,0.120000,0.000000,0.000000,0.000000,358.000000,-2602.000000,-302.000000,-1341.000000,-399.000000,-439.000000,274.000000,22.000000,22.000000,22.000000,22.000000,22.000000,22.000000,22.000000,37.000000,37.000000,37.000000,38.000000,39.000000,40.000000,43.000000,1,1,1,1,1,1,1,0,0,0,0,0,0,0,74,5376.543945,837,0,1,0.788027,0.040325,-0.323680,-3.116000,-0.399000,0.075000,0
3.973125,-18.726000,-18.864000,7.939000,26.334000,14.506000,59.256001,175.294998,0.120000,-0.240000,0.000000,0.240000,0.000000,0.000000,0.120000,374.000000,-2667.000000,-323.000000,-1275.000000,-402.000000,-439.000000,277.000000,22.000000,22.000000,22.000000,22.000000,22.000000,22.000000,22.000000,37.000000,37.000000,37.000000,38.000000,39.000000,40.000000,43.000000,1,1,1,1,1,1,1,0,0,0,0,0,0,0,74,5376.542969,835,0,1,0.788046,0.040363,-0.323664,-3.116000,-0.399000,0.075000,0
3.983074,-18.724001,-18.868999,7.937000,26.336000,14.506000,59.254002,175.289001,0.000000,-0.240000,0.000000,0.360000,0.000000,0.000000,0.000000,363.000000,-2687.000000,-356.000000,-1211.000000,-413.000000,-461.000000,261.000000,22.000000,22.000000,22.000000,22.000000,22.000000,22.000000,22.000000,37.000000,37.000000,37.000000,38.000000,39.000000,40.000000,43.000000,1,1,1,1,1,1,1,0,0,0,0,0,0,0,74,5376.543945,835,0,1,0.788060,0.040363,-0.323637,-3.116000,-0.399000,0.075000,0
3.993056,-18.726999,-18.870001,7.940000,26.337999,14.507000,59.256001,175.289001,0.000000,-0.120000,0.000000,0.360000,0.000000,-0.120000,-0.120000,377.000000,-2711.000000,-371.000000,-1169.000000,-418.000000,-466.000000,262.000000,22.000000,22.000000,22.000000,22.000000,22.000000,22.000000,22.000000,37.000000,37.000000,37.000000,38.000000,39.000000,40.000000,43.000000,1,1,1,1,1,1,1,0,0,0,0,0,0,0,74,5376.543945,837,0,1,0.788046,0.040382,-0.323636,-3.116000,-0.399000,0.075000,0
4.003191,-18.724001,-18.872999,7.937000,26.343000,14.507000,59.249001,175.287994,0.000000,-0.120000,0.000000,0.360000,0.000000,-0.240000,0.000000,364.000000,-2710.000000,-403.000000,-1154.000000,-431.000000,-451.000000,244.000000,22.000000,22.000000,22.000000,22.000000,22.000000,22.000000,22.000000,37.000000,37.000000,37.000000,38.000000,39.000000,40.000000,43.000000,1,1,1,1,1,1,1,0,0,0,0,0,0,0,74,5376.543945,836,0,1,0.788070,0.040374,-0.323625,-3.116000,-0.399000,0.075000,0
4.013121,-18.719999,-18.875000,7.934000,26.349001,14.504000,59.245998,175.289001,0.000000,-0.120000,0.000000,0.360000,0.000000,-0.240000,0.120000,355.000000,-2751.000000,-417.000000,-1060.000000,-438.000000,-450.000000,233.000000,22.000000,22.000000,22.000000,22.000000,22.000000,22.000000,22.000000,37.000000,37.000000,37.000000,38.000000,39.000000,40.000000,43.000000,1,1,1,1,1,1,1,0,0,0,0,0,0,0,74,5376.543945,837,0,1,0.788066,0.040360,-0.323622,-3.116000,-0.399000,0.075000,0
4.023036,-18.722000,-18.875000,7.936000,26.349001,14.504000,59.245998,175.292007,0.000000,-0.120000,0.000000,0.360000,0.000000,-0.240000,0.000000,352.000000,-2806.000000,-413.000000,-1017.000000,-448.000000,-452.000000,225.000000,22.000000,22.000000,22.000000,22.000000,22.000000,22.000000,22.000000,37.000000,37.000000,37.000000,38.000000,39.000000,40.000000,43.000000,1,1,1,1,1,1,1,0,0,0,0,0,0,0,74,5376.544922,838,0,1,0.788064,0.040366,-0.323623,-3.116000,-0.399000,0.075000,0
4.033096,-18.719999,-18.878000,7.933000,26.351999,14.504000,59.244999,175.292007,0.000000,-0.120000,0.000000,0.360000,0.000000,-0.120000,-0.120000,384.000000,-2838.000000,-433.000000,-958.000000,-460.000000,-455.000000,211.000000,22.000000,22.000000,22.000000,22.000000,22.000000,22.000000,22.000000,37.000000,37.000000,37.000000,38.000000,39.000000,40.000000,43.000000,1,1,1,1,1,1,1,0,0,0,0,0,0,0,74,5376.543945,837,0,1,0.788071,0.040355,-0.323609,-3.116000,-0.399000,0.075000,0
4.043208,-18.719000,-18.879999,7.930000,26.357000,14.503000,59.238998,175.289993,0.000000,0.000000,0.000000,0.480000,0.000000,-0.240000,-0.120000,369.000000,-2893.000000,-436.000000,-955.000000,-460.000000,-453.000000,205.000000,22.000000,22.000000,22.000000,22.000000,22.000000,22.000000,22.000000,37.000000,37.000000,37.000000,38.000000,39.000000,40.000000,43.000000,1,1,1,1,1,1,1,0,0,0,0,0,0,0,74,5376.542969,835,0,1,0.788079,0.040327,-0.323614,-3.116000,-0.399000,0.075000,0
4.053114,-18.716000,-18.879999,7.932000,26.365000,14.504000,59.237999,175.289993,0.120000,-0.120000,0.000000,0.480000,0.000000,-0.120000,0.000000,352.000000,-2915.000000,-448.000000,-951.000000,-466.000000,-479.000000,195.000000,22.000000,22.000000,22.000000,22.000000,22.000000,22.000000,22.000000,37.000000,37.000000,37.000000,38.000000,39.000000,40.000000,43.000000,1,1,1,1,1,1,1,0,0,0,0,0,0,0,74,5376.542969,836,0,1,0.788030,0.040351,-0.323653,-3.116000,-0.399000,0.075000,0
4.063079,-18.718000,-18.881001,7.926000,26.371000,14.503000,59.235001,175.289993,0.000000,0.000000,0.000000,0.360000,0.000000,-0.240000,0.120000,364.000000,-3006.000000,-393.000000,-979.000000,-479.000000,-482.000000,187.000000,22.000000,22.000000,22.000000,22.000000,22.000000,22.000000,22.000000,37.000000,37.000000,37.000000,38.000000,39.000000,40.000000,43.000000,1,1,1,1,1,1,1,0,0,0,0,0,0,0,74,5376.541016,838,0,1,0.788022,0.040286,-0.323664,-3.116000,-0.399000,0.075000,0
